18:40:43.992 ESP-ROM:esp32s3-20210327
18:40:43.993 Build:Mar 27 2021
18:40:43.993 rst:0x1 (POWERON),boot:0x8 (SPI_FAST_FLASH_BOOT)
18:40:43.994 SPIWP:0xee
18:40:43.994 mode:DIO, clock div:1
18:40:43.994 load:0x3fce2820,len:0x1668
18:40:43.994 load:0x403c8700,len:0xec0
18:40:43.994 load:0x403cb700,len:0x3178
18:40:43.994 entry 0x403c894c
18:40:43.995 I (24) boot: ESP-IDF v5.5.5 2nd stage bootloader
18:40:43.995 I (25) boot: compile time Sep 27 2026 18:23:27
18:40:43.995 I (25) boot: Multicore bootloader
18:40:43.995 I (25) boot: chip revision: v0.2
18:40:43.995 I (28) boot: efuse block revision: v1.4
18:40:43.995 I (31) qio_mode: Enabling default flash chip QIO
18:40:43.996 I (36) boot.esp32s3: Boot SPI Speed : 80MHz
18:40:43.999 I (40) boot.esp32s3: SPI Mode       : QIO
18:40:44.000 I (43) boot.esp32s3: SPI Flash Size : 4MB
18:40:44.000 I (47) boot: Enabling RNG early entropy source...
18:40:44.000 I (52) boot: Partition Table:
18:40:44.000 I (54) boot: ## Label            Usage          Type ST Offset   Length
18:40:44.000 I (60) boot:  0 nvs              WiFi data        01 02 00009000 00006000
18:40:44.000 I (67) boot:  1 phy_init         RF data          01 01 0000f000 00001000
18:40:44.000 I (73) boot:  2 factory          factory app      00 00 00010000 00177000
18:40:44.000 I (80) boot: End of partition table
18:40:44.000 I (83) esp_image: segment 0: paddr=00010020 vaddr=3c0e0020 size=36f20h (225056) map
18:40:44.001 I (126) esp_image: segment 1: paddr=00046f48 vaddr=3fc9ff00 size=050cch ( 20684) load
18:40:44.001 I (130) esp_image: segment 2: paddr=0004c01c vaddr=40378000 size=03ffch ( 16380) load
18:40:44.001 I (133) esp_image: segment 3: paddr=00050020 vaddr=42000020 size=dc154h (901460) map
18:40:44.001 I (276) esp_image: segment 4: paddr=0012c17c vaddr=4037bffc size=13e00h ( 81408) load
18:40:44.002 I (293) esp_image: segment 5: paddr=0013ff84 vaddr=50000000 size=00020h (    32) load
18:40:44.002 I (302) boot: Loaded app from partition at offset 0x10000
18:40:44.002 I (303) boot: Disabling RNG early entropy source...
18:40:44.002 I (313) cpu_start: Multicore app
18:40:44.002 I (321) cpu_start: GPIO 44 and 43 are used as console UART I/O pins
18:40:44.002 I (321) cpu_start: Pro cpu start user code
18:40:44.002 I (322) cpu_start: cpu freq: 240000000 Hz
18:40:44.002 I (323) app_init: Application information:
18:40:44.003 I (327) app_init: Project name:     kws_s3
18:40:44.003 I (331) app_init: App version:      89b0143-dirty
18:40:44.003 I (335) app_init: Compile time:     Sep 28 2026 18:32:34
18:40:44.003 I (340) app_init: ELF file SHA256:  b7bc9bc11...
18:40:44.003 I (345) app_init: ESP-IDF:          v5.5.5
18:40:44.003 I (349) efuse_init: Min chip rev:     v0.0
18:40:44.003 I (352) efuse_init: Max chip rev:     v0.99
18:40:44.003 I (356) efuse_init: Chip rev:         v0.2
18:40:44.003 I (360) heap_init: Initializing. RAM available for dynamic allocation:
18:40:44.003 I (367) heap_init: At 3FCABC08 len 0003DB08 (246 KiB): RAM
18:40:44.004 I (372) heap_init: At 3FCE9710 len 00005724 (21 KiB): RAM
18:40:44.004 I (377) heap_init: At 600FE000 len 00001FE8 (7 KiB): RTCRAM
18:40:44.004 I (383) spi_flash: detected chip: boya
18:40:44.004 I (386) spi_flash: flash io: qio
18:40:44.004 W (389) spi_flash: Detected size(16384k) larger than the size in the binary image header(4096k). Using the size in the binary image header.
18:40:44.004 I (401) sleep_gpio: Configure to isolate all GPIO pins in sleep state
18:40:44.004 I (407) sleep_gpio: Enable automatic switching of GPIO sleep configuration
18:40:44.004 I (414) main_task: Started on CPU0
18:40:44.004 I (432) main_task: Calling app_main()
18:40:44.004 
18:40:44.004 ==================== SIH KWS firmware ====================
18:40:44.004  chip      : esp32s3 rev v0.2, 2 cores, flash 4 MB
18:40:44.004  ESP-IDF   : v5.5.5
18:40:44.006  RAM       : 47 KB static data, 247 KB heap free (code in IRAM: 95 KB, not counted)
18:40:44.006  model     : marvin.tflite (60896 bytes, stored in flash)
18:40:44.006 ===========================================================
18:40:44.006 
18:40:44.006 [heap] start of app_main            253816 B free (of 283156 B)
18:40:44.006 [heap] NVS                          took   3072 B, 250744 B free
18:40:44.007 I (497) kws: model ready: wake word "marvin", threshold 0.50 (json), window 5, input 3x40 int8
18:40:44.007 I (499) kws: model RAM: tensor arena 25580 of 30000 bytes used; engine total 41 KB of heap
18:40:44.239 
18:40:44.239 ------------------------ SELF-TEST ------------------------
18:40:44.239  noise only (3 s)   : PASS - stayed quiet  (highest score 0.01, threshold 0.50)
18:40:44.239  wake word recording: skipped - no WAV file in the model folder (optional)
18:40:44.239 -----------------------------------------------------------
18:40:44.239 
18:40:44.239 [heap] model + features + self-test took  42836 B, 207908 B free
18:40:44.239 I (742) audio: I2S running: 16 kHz, 32-bit slots, both channels, SCK=16 WS=15 SD=17, gain x1
18:40:46.049 I (1244) kws: microphones: left (L/R to GND) -24.8 dBFS, right (L/R to 3V3) -20.3 dBFS, similarity 0.47 -> using both (average)
18:40:46.049 [heap] I2S + ring + audio task      took  53620 B, 154288 B free
18:40:46.049 I (1256) kws: listening for "marvin" ...
18:40:46.049 I (1257) pp: pp rom version: e7ae62f
18:40:46.049 I (1262) net80211: net80211 rom version: e7ae62f
18:40:46.049 I (1268) wifi:wifi driver task: 3fcca7ac, prio:23, stack:6656, core=0
18:40:46.050 I (1279) wifi:wifi firmware version: b9f67df
18:40:46.050 I (1280) wifi:wifi certification version: v7.0
18:40:46.050 I (1281) wifi:config NVS flash: enabled
18:40:46.050 I (1284) wifi:config nano formatting: disabled
18:40:46.050 I (1289) wifi:Init data frame dynamic rx buffer num: 16
18:40:46.050 I (1295) wifi:Init static rx mgmt buffer num: 5
18:40:46.050 I (1296) wifi:Init management short buffer num: 32
18:40:46.050 I (1301) wifi:Init dynamic tx buffer num: 16
18:40:46.050 I (1306) wifi:Init static tx FG buffer num: 2
18:40:46.050 I (1312) wifi:Init static rx buffer size: 1600
18:40:46.050 I (1312) wifi:Init static rx buffer num: 6
18:40:46.050 I (1317) wifi:Init dynamic rx buffer num: 16
18:40:46.050 I (1323) wifi_init: accept mbox: 6
18:40:46.050 I (1324) wifi_init: tcpip mbox: 32
18:40:46.050 I (1328) wifi_init: udp mbox: 6
18:40:46.051 I (1329) wifi_init: tcp mbox: 6
18:40:46.051 I (1334) wifi_init: tcp tx win: 5760
18:40:46.051 I (1334) wifi_init: tcp rx win: 5760
18:40:46.051 I (1340) wifi_init: tcp mss: 1440
18:40:46.051 I (1345) wifi_init: WiFi IRAM OP enabled
18:40:46.051 I (1345) wifi_init: WiFi RX IRAM OP enabled
18:40:46.051 I (1351) phy_init: phy_version 712,87e8c20e,Apr 13 2026,18:51:10
18:40:46.051 I (1391) wifi:mode : sta (e0:72:a1:d5:32:74)
18:40:46.051 I (1392) wifi:enable tsf
18:40:46.051 I (1394) wifi:Set ps type: 0, coexist: 0
18:40:46.051 
18:40:46.051 I (1397) wifi: connecting to "ARYA 9252" ...
18:40:46.052 [heap] Wi-Fi driver + netif         took  42680 B, 111608 B free
18:40:46.052 W (1404) stream: cannot reach the server ws://192.168.137.1:3000/ws (is it running? same network?) - retrying every second
18:40:46.052 [heap] WebSocket client + streamer  took  13740 B,  97868 B free
18:40:46.052 I (1459) wifi:state: init -> auth (0xb0)
18:40:46.052 @T t=1200 s=0.012 lv=-39.4 pk=-36.6 c0=-1.0 c1=-1.0 kw=26.75 inf=2.96 iv=1.38 n=10 d=0 sk=0 hf=97960 hm=97316 ht=283156 pf=0 pm=0 pt=0 ru=233588 rp=234232
18:40:46.052 @I ww=marvin cut=0.50 win=5 cool=1000 tick=100 wifi=0 srv=0 li=0 ln=0
18:40:46.052 @T t=1295 s=0.004 lv=-40.1 pk=-38.8 c0=4.8 c1=10.2 kw=10.01 inf=2.92 iv=1.23 n=3 d=0 sk=0 hf=97960 hm=97316 ht=283156 pf=0 pm=0 pt=0 ru=233588 rp=234232
18:40:46.052 @T t=1381 s=0.002 lv=-40.0 pk=-38.2 c0=8.4 c1=9.7 kw=9.71 inf=2.55 iv=1.22 n=3 d=0 sk=0 hf=97960 hm=97316 ht=283156 pf=0 pm=0 pt=0 ru=233588 rp=234232
18:40:46.052 @T t=1487 s=0.002 lv=-39.3 pk=-37.9 c0=6.8 c1=11.3 kw=10.90 inf=2.71 iv=1.17 n=4 d=0 sk=0 hf=97960 hm=97316 ht=283156 pf=0 pm=0 pt=0 ru=233588 rp=234232
18:40:46.052 @T t=1593 s=0.000 lv=-39.1 pk=-36.1 c0=3.5 c1=8.9 kw=8.75 inf=2.86 iv=1.23 n=3 d=0 sk=0 hf=97960 hm=97316 ht=283156 pf=0 pm=0 pt=0 ru=233588 rp=234232
18:40:46.053 @T t=1699 s=0.000 lv=-38.8 pk=-37.2 c0=3.5 c1=8.9 kw=8.74 inf=2.85 iv=1.23 n=3 d=0 sk=0 hf=97960 hm=97316 ht=283156 pf=0 pm=0 pt=0 ru=233588 rp=234232
18:40:46.053 @T t=1785 s=0.000 lv=-38.7 pk=-36.2 c0=4.5 c1=12.4 kw=12.13 inf=2.43 iv=1.20 n=4 d=0 sk=0 hf=97960 hm=97316 ht=283156 pf=0 pm=0 pt=0 ru=233588 rp=234232
18:40:46.053 @T t=1891 s=0.000 lv=-37.6 pk=-36.0 c0=7.1 c1=9.2 kw=8.95 inf=2.92 iv=1.28 n=3 d=0 sk=0 hf=97960 hm=97316 ht=283156 pf=0 pm=0 pt=0 ru=233588 rp=234232
18:40:46.053 @T t=1997 s=0.000 lv=-38.2 pk=-38.0 c0=3.6 c1=8.7 kw=8.58 inf=2.80 iv=1.19 n=3 d=0 sk=0 hf=97960 hm=97316 ht=283156 pf=0 pm=0 pt=0 ru=233588 rp=234232
18:40:46.053 I (2462) wifi:state: auth -> init (0x200)
18:40:46.053 W (2463) wifi: cannot connect (reason 2). Check the name/password in menuconfig; the ESP32 needs a 2.4 GHz network (201 = network not found, 15/204 = wrong password)
18:40:46.054 @T t=2085 s=0.000 lv=-37.9 pk=-35.0 c0=9.0 c1=14.7 kw=13.29 inf=2.74 iv=1.41 n=4 d=0 sk=0 hf=97936 hm=97220 ht=283156 pf=0 pm=0 pt=0 ru=233612 rp=234328
18:40:46.054 @T t=2186 s=0.001 lv=-39.5 pk=-38.1 c0=6.5 c1=9.9 kw=9.87 inf=3.07 iv=1.39 n=3 d=0 sk=0 hf=97948 hm=97220 ht=283156 pf=0 pm=0 pt=0 ru=233600 rp=234328
18:40:46.054 @I ww=marvin cut=0.50 win=5 cool=1000 tick=100 wifi=0 srv=0 li=0 ln=0
18:40:46.054 @T t=2298 s=0.001 lv=-39.2 pk=-37.8 c0=4.7 c1=8.4 kw=8.18 inf=2.81 iv=1.18 n=3 d=0 sk=0 hf=97948 hm=97220 ht=283156 pf=0 pm=0 pt=0 ru=233600 rp=234328
18:40:48.651 @T t=2384 s=0.001 lv=-40.3 pk=-39.8 c0=4.1 c1=12.1 kw=11.89 inf=2.38 iv=1.18 n=4 d=0 sk=0 hf=97948 hm=97220 ht=283156 pf=0 pm=0 pt=0 ru=233600 rp=234328
18:40:48.651 @T t=2490 s=0.000 lv=-40.8 pk=-39.7 c0=4.1 c1=8.7 kw=8.55 inf=2.79 iv=1.19 n=3 d=0 sk=0 hf=97948 hm=97220 ht=283156 pf=0 pm=0 pt=0 ru=233600 rp=234328
18:40:48.651 @T t=2596 s=0.000 lv=-40.1 pk=-38.5 c0=4.2 c1=5.2 kw=5.06 inf=1.56 iv=0.00 n=0 d=0 sk=3 hf=97948 hm=97220 ht=283156 pf=0 pm=0 pt=0 ru=233600 rp=234328
18:40:48.651 @T t=2682 s=0.000 lv=-39.3 pk=-38.0 c0=4.9 c1=6.3 kw=6.21 inf=1.55 iv=0.00 n=0 d=0 sk=3 hf=97948 hm=97220 ht=283156 pf=0 pm=0 pt=0 ru=233600 rp=234328
18:40:48.651 @T t=2788 s=0.000 lv=-39.4 pk=-38.1 c0=4.0 c1=5.3 kw=5.05 inf=1.55 iv=0.00 n=0 d=0 sk=3 hf=97948 hm=97220 ht=283156 pf=0 pm=0 pt=0 ru=233600 rp=234328
18:40:48.651 @T t=2894 s=0.000 lv=-39.7 pk=-38.5 c0=4.0 c1=5.2 kw=5.06 inf=1.56 iv=0.00 n=0 d=0 sk=3 hf=97948 hm=97220 ht=283156 pf=0 pm=0 pt=0 ru=233600 rp=234328
18:40:48.651 @T t=3000 s=0.000 lv=-40.5 pk=-39.1 c0=3.2 c1=5.1 kw=4.95 inf=1.52 iv=0.00 n=0 d=0 sk=3 hf=97948 hm=97220 ht=283156 pf=0 pm=0 pt=0 ru=233600 rp=234328
18:40:48.651 @T t=3086 s=0.000 lv=-39.2 pk=-38.0 c0=8.4 c1=7.5 kw=6.34 inf=1.59 iv=0.00 n=0 d=0 sk=3 hf=97948 hm=97212 ht=283156 pf=0 pm=0 pt=0 ru=233600 rp=234336
18:40:48.651 @T t=3192 s=0.000 lv=-39.7 pk=-38.0 c0=4.2 c1=5.2 kw=5.07 inf=1.56 iv=0.00 n=0 d=0 sk=3 hf=97948 hm=97212 ht=283156 pf=0 pm=0 pt=0 ru=233600 rp=234336
18:40:48.651 @I ww=marvin cut=0.50 win=5 cool=1000 tick=100 wifi=0 srv=0 li=0 ln=0
18:40:48.651 @T t=3284 s=0.000 lv=-39.8 pk=-39.0 c0=5.4 c1=6.0 kw=5.79 inf=1.54 iv=0.00 n=0 d=0 sk=3 hf=97948 hm=97212 ht=283156 pf=0 pm=0 pt=0 ru=233600 rp=234336
18:40:48.651 @T t=3390 s=0.000 lv=-39.2 pk=-38.6 c0=4.3 c1=5.2 kw=5.01 inf=1.54 iv=0.00 n=0 d=0 sk=3 hf=97948 hm=97212 ht=283156 pf=0 pm=0 pt=0 ru=233600 rp=234336
18:40:48.651 @T t=3496 s=0.000 lv=-39.7 pk=-38.9 c0=3.1 c1=5.0 kw=4.94 inf=1.52 iv=0.00 n=0 d=0 sk=3 hf=97948 hm=97212 ht=283156 pf=0 pm=0 pt=0 ru=233600 rp=234336
18:40:48.651 @T t=3582 s=0.000 lv=-41.1 pk=-40.7 c0=3.6 c1=6.1 kw=6.07 inf=1.52 iv=0.00 n=0 d=0 sk=3 hf=97948 hm=97212 ht=283156 pf=0 pm=0 pt=0 ru=233600 rp=234336
18:40:48.651 @T t=3688 s=0.000 lv=-38.7 pk=-36.8 c0=2.9 c1=5.2 kw=4.89 inf=1.50 iv=0.00 n=0 d=0 sk=3 hf=97948 hm=97212 ht=283156 pf=0 pm=0 pt=0 ru=233600 rp=234336
18:40:48.651 @T t=3794 s=0.000 lv=-39.7 pk=-38.1 c0=3.3 c1=5.1 kw=4.95 inf=1.52 iv=0.00 n=0 d=0 sk=3 hf=97948 hm=97212 ht=283156 pf=0 pm=0 pt=0 ru=233600 rp=234336
18:40:48.651 @T t=3900 s=0.000 lv=-41.0 pk=-40.2 c0=3.2 c1=5.1 kw=4.94 inf=1.52 iv=0.00 n=0 d=0 sk=3 hf=97948 hm=97212 ht=283156 pf=0 pm=0 pt=0 ru=233600 rp=234336
18:40:48.651 @T t=3986 s=0.000 lv=-40.1 pk=-39.3 c0=7.6 c1=6.2 kw=6.08 inf=1.52 iv=0.00 n=0 d=0 sk=3 hf=97948 hm=97212 ht=283156 pf=0 pm=0 pt=0 ru=233600 rp=234336
18:40:48.651 @T t=4092 s=0.000 lv=-38.8 pk=-36.9 c0=4.0 c1=5.9 kw=4.98 inf=1.53 iv=0.00 n=0 d=0 sk=3 hf=97948 hm=97212 ht=283156 pf=0 pm=0 pt=0 ru=233600 rp=234336
18:40:48.651 @T t=4198 s=0.000 lv=-40.2 pk=-38.9 c0=3.3 c1=5.1 kw=4.97 inf=1.53 iv=0.00 n=0 d=0 sk=3 hf=97948 hm=97212 ht=283156 pf=0 pm=0 pt=0 ru=233600 rp=234336
18:40:48.651 @I ww=marvin cut=0.50 win=5 cool=1000 tick=100 wifi=0 srv=0 li=0 ln=0
18:40:48.651 @T t=4290 s=0.000 lv=-40.3 pk=-38.7 c0=4.3 c1=5.8 kw=5.66 inf=1.51 iv=0.00 n=0 d=0 sk=3 hf=97948 hm=97212 ht=283156 pf=0 pm=0 pt=0 ru=233600 rp=234336
18:40:48.651 @T t=4396 s=0.000 lv=-40.4 pk=-38.8 c0=6.2 c1=5.1 kw=4.91 inf=1.51 iv=0.00 n=0 d=0 sk=3 hf=97948 hm=97212 ht=283156 pf=0 pm=0 pt=0 ru=233600 rp=234336
18:40:48.651 I (4826) wifi:state: init -> auth (0xb0)
18:40:48.651 @T t=4482 s=0.000 lv=-38.4 pk=-36.6 c0=7.2 c1=6.3 kw=6.24 inf=1.56 iv=0.00 n=0 d=0 sk=3 hf=97936 hm=97212 ht=283156 pf=0 pm=0 pt=0 ru=233612 rp=234336
18:40:48.651 @T t=4588 s=0.000 lv=-40.3 pk=-39.7 c0=3.4 c1=5.2 kw=4.97 inf=1.53 iv=0.00 n=0 d=0 sk=3 hf=97936 hm=97212 ht=283156 pf=0 pm=0 pt=0 ru=233612 rp=234336
18:40:48.651 @T t=4694 s=0.000 lv=-40.1 pk=-38.9 c0=3.1 c1=5.1 kw=4.93 inf=1.52 iv=0.00 n=0 d=0 sk=3 hf=97936 hm=97212 ht=283156 pf=0 pm=0 pt=0 ru=233612 rp=234336
18:40:48.651 @T t=4800 s=0.000 lv=-40.3 pk=-38.8 c0=6.4 c1=5.1 kw=4.92 inf=1.51 iv=0.00 n=0 d=0 sk=3 hf=97936 hm=97212 ht=283156 pf=0 pm=0 pt=0 ru=233612 rp=234336
18:40:48.651 @T t=4886 s=0.000 lv=-40.3 pk=-39.1 c0=4.0 c1=6.3 kw=6.14 inf=1.53 iv=0.00 n=0 d=0 sk=3 hf=97936 hm=97212 ht=283156 pf=0 pm=0 pt=0 ru=233612 rp=234336
18:40:51.146 @T t=4992 s=0.000 lv=-41.0 pk=-39.2 c0=3.1 c1=5.1 kw=4.95 inf=1.52 iv=0.00 n=0 d=0 sk=3 hf=97936 hm=97212 ht=283156 pf=0 pm=0 pt=0 ru=233612 rp=234336
18:40:51.146 @T t=5098 s=0.000 lv=-40.3 pk=-39.0 c0=7.0 c1=5.9 kw=5.02 inf=1.55 iv=0.00 n=0 d=0 sk=3 hf=97936 hm=97208 ht=283156 pf=0 pm=0 pt=0 ru=233612 rp=234340
18:40:51.146 @T t=5184 s=0.000 lv=-39.9 pk=-38.8 c0=4.3 c1=6.3 kw=6.15 inf=1.54 iv=0.00 n=0 d=0 sk=3 hf=97936 hm=97208 ht=283156 pf=0 pm=0 pt=0 ru=233612 rp=234340
18:40:51.146 @I ww=marvin cut=0.50 win=5 cool=1000 tick=100 wifi=0 srv=0 li=0 ln=0
18:40:51.147 @T t=5296 s=0.000 lv=-40.0 pk=-38.0 c0=3.7 c1=4.8 kw=4.68 inf=1.52 iv=0.00 n=0 d=0 sk=3 hf=97936 hm=97208 ht=283156 pf=0 pm=0 pt=0 ru=233612 rp=234340
18:40:51.147 @T t=5382 s=0.000 lv=-40.8 pk=-38.9 c0=3.8 c1=6.1 kw=6.09 inf=1.52 iv=0.00 n=0 d=0 sk=3 hf=97936 hm=97208 ht=283156 pf=0 pm=0 pt=0 ru=233612 rp=234340
18:40:51.147 I (5827) wifi:state: auth -> init (0x200)
18:40:51.147 @T t=5488 s=0.000 lv=-39.5 pk=-37.7 c0=9.9 c1=5.6 kw=5.13 inf=1.58 iv=0.00 n=0 d=0 sk=3 hf=97944 hm=97208 ht=283156 pf=0 pm=0 pt=0 ru=233604 rp=234340
18:40:51.147 @T t=5594 s=0.000 lv=-41.3 pk=-40.3 c0=4.2 c1=5.1 kw=5.01 inf=1.54 iv=0.00 n=0 d=0 sk=3 hf=97944 hm=97208 ht=283156 pf=0 pm=0 pt=0 ru=233604 rp=234340
18:40:51.147 @T t=5700 s=0.000 lv=-39.1 pk=-37.2 c0=3.8 c1=5.1 kw=4.94 inf=1.52 iv=0.00 n=0 d=0 sk=3 hf=97944 hm=97208 ht=283156 pf=0 pm=0 pt=0 ru=233604 rp=234340
18:40:51.147 @T t=5786 s=0.000 lv=-40.8 pk=-39.9 c0=3.9 c1=6.4 kw=6.28 inf=1.56 iv=0.00 n=0 d=0 sk=3 hf=97944 hm=97208 ht=283156 pf=0 pm=0 pt=0 ru=233604 rp=234340
18:40:51.148 @T t=5893 s=0.000 lv=-39.9 pk=-39.2 c0=4.0 c1=5.2 kw=4.97 inf=1.54 iv=0.00 n=0 d=0 sk=3 hf=97936 hm=97208 ht=283156 pf=0 pm=0 pt=0 ru=233612 rp=234340
18:40:51.148 @T t=5999 s=0.000 lv=-40.7 pk=-38.9 c0=4.0 c1=5.2 kw=5.03 inf=1.55 iv=0.00 n=0 d=0 sk=3 hf=97936 hm=97208 ht=283156 pf=0 pm=0 pt=0 ru=233612 rp=234340
18:40:51.148 @T t=6085 s=0.000 lv=-41.2 pk=-40.3 c0=5.8 c1=7.5 kw=6.33 inf=1.58 iv=0.00 n=0 d=0 sk=3 hf=97936 hm=97208 ht=283156 pf=0 pm=0 pt=0 ru=233612 rp=234340
18:40:51.148 @T t=6191 s=0.000 lv=-41.1 pk=-40.1 c0=4.0 c1=5.2 kw=5.02 inf=1.54 iv=0.00 n=0 d=0 sk=3 hf=97936 hm=97208 ht=283156 pf=0 pm=0 pt=0 ru=233612 rp=234340
18:40:51.148 @I ww=marvin cut=0.50 win=5 cool=1000 tick=100 wifi=0 srv=0 li=0 ln=0
18:40:51.148 @T t=6283 s=0.000 lv=-39.5 pk=-38.3 c0=4.5 c1=5.9 kw=5.73 inf=1.53 iv=0.00 n=0 d=0 sk=3 hf=97936 hm=97208 ht=283156 pf=0 pm=0 pt=0 ru=233612 rp=234340
18:40:51.148 @T t=6389 s=0.000 lv=-40.6 pk=-39.6 c0=3.7 c1=5.2 kw=4.97 inf=1.53 iv=0.00 n=0 d=0 sk=3 hf=97936 hm=97208 ht=283156 pf=0 pm=0 pt=0 ru=233612 rp=234340
18:40:51.148 @T t=6495 s=0.000 lv=-39.7 pk=-38.9 c0=3.9 c1=5.2 kw=5.06 inf=1.56 iv=0.00 n=0 d=0 sk=3 hf=97936 hm=97208 ht=283156 pf=0 pm=0 pt=0 ru=233612 rp=234340
18:40:51.148 @T t=6581 s=0.000 lv=-40.2 pk=-39.0 c0=5.0 c1=5.1 kw=5.18 inf=1.88 iv=0.00 n=0 d=0 sk=2 hf=97936 hm=97208 ht=283156 pf=0 pm=0 pt=0 ru=233612 rp=234340
18:40:51.148 @T t=6687 s=0.000 lv=-39.2 pk=-37.8 c0=3.6 c1=6.5 kw=6.10 inf=1.45 iv=0.00 n=0 d=0 sk=4 hf=97936 hm=97208 ht=283156 pf=0 pm=0 pt=0 ru=233612 rp=234340
18:40:51.148 @T t=6793 s=0.000 lv=-39.8 pk=-38.9 c0=3.0 c1=5.1 kw=4.93 inf=1.52 iv=0.00 n=0 d=0 sk=3 hf=97936 hm=97208 ht=283156 pf=0 pm=0 pt=0 ru=233612 rp=234340
18:40:51.149 @T t=6899 s=0.000 lv=-39.3 pk=-38.2 c0=3.1 c1=5.1 kw=4.91 inf=1.51 iv=0.00 n=0 d=0 sk=3 hf=97944 hm=97208 ht=283156 pf=0 pm=0 pt=0 ru=233604 rp=234340
18:40:51.149 @T t=6985 s=0.000 lv=-40.3 pk=-38.7 c0=7.6 c1=6.3 kw=6.09 inf=1.52 iv=0.00 n=0 d=0 sk=3 hf=97944 hm=97208 ht=283156 pf=0 pm=0 pt=0 ru=233604 rp=234340
18:40:51.149 @T t=7091 s=0.000 lv=-40.2 pk=-38.2 c0=3.8 c1=6.0 kw=5.03 inf=1.54 iv=0.00 n=0 d=0 sk=3 hf=97944 hm=97208 ht=283156 pf=0 pm=0 pt=0 ru=233604 rp=234340
18:40:51.149 @T t=7197 s=0.000 lv=-40.1 pk=-39.3 c0=3.2 c1=5.1 kw=4.97 inf=1.53 iv=0.00 n=0 d=0 sk=3 hf=97944 hm=97208 ht=283156 pf=0 pm=0 pt=0 ru=233604 rp=234340
18:40:51.149 @I ww=marvin cut=0.50 win=5 cool=1000 tick=100 wifi=0 srv=0 li=0 ln=0
18:40:51.149 @T t=7289 s=0.000 lv=-40.9 pk=-38.4 c0=4.3 c1=5.8 kw=5.64 inf=1.50 iv=0.00 n=0 d=0 sk=3 hf=97944 hm=97208 ht=283156 pf=0 pm=0 pt=0 ru=233604 rp=234340
18:40:51.149 @T t=7395 s=0.000 lv=-40.4 pk=-39.3 c0=3.4 c1=5.1 kw=4.94 inf=1.52 iv=0.00 n=0 d=0 sk=3 hf=97944 hm=97208 ht=283156 pf=0 pm=0 pt=0 ru=233604 rp=234340
18:40:53.650 @T t=7481 s=0.000 lv=-39.8 pk=-38.6 c0=3.9 c1=5.0 kw=5.08 inf=1.85 iv=0.00 n=0 d=0 sk=2 hf=97944 hm=97208 ht=283156 pf=0 pm=0 pt=0 ru=233604 rp=234340
18:40:53.650 @T t=7587 s=0.000 lv=-39.4 pk=-38.7 c0=3.0 c1=6.3 kw=5.97 inf=1.42 iv=0.00 n=0 d=0 sk=4 hf=97944 hm=97208 ht=283156 pf=0 pm=0 pt=0 ru=233604 rp=234340
18:40:53.650 @T t=7693 s=0.000 lv=-38.7 pk=-38.1 c0=2.9 c1=5.1 kw=4.92 inf=1.51 iv=0.00 n=0 d=0 sk=3 hf=97944 hm=97208 ht=283156 pf=0 pm=0 pt=0 ru=233604 rp=234340
18:40:53.650 I (8122) wifi:state: init -> auth (0xb0)
18:40:53.650 @T t=7799 s=0.000 lv=-40.2 pk=-39.2 c0=6.1 c1=5.3 kw=5.11 inf=1.57 iv=0.00 n=0 d=0 sk=3 hf=97936 hm=97208 ht=283156 pf=0 pm=0 pt=0 ru=233612 rp=234340
18:40:53.650 @T t=7885 s=0.000 lv=-39.3 pk=-36.6 c0=8.0 c1=6.3 kw=6.22 inf=1.56 iv=0.00 n=0 d=0 sk=3 hf=97936 hm=97208 ht=283156 pf=0 pm=0 pt=0 ru=233612 rp=234340
18:40:53.650 @T t=7991 s=0.000 lv=-40.0 pk=-38.9 c0=6.4 c1=5.1 kw=4.92 inf=1.51 iv=0.00 n=0 d=0 sk=3 hf=97936 hm=97208 ht=283156 pf=0 pm=0 pt=0 ru=233612 rp=234340
18:40:53.650 @T t=8097 s=0.000 lv=-40.6 pk=-39.4 c0=3.8 c1=5.9 kw=5.02 inf=1.55 iv=0.00 n=0 d=0 sk=3 hf=97936 hm=97208 ht=283156 pf=0 pm=0 pt=0 ru=233612 rp=234340
18:40:53.650 @T t=8183 s=0.000 lv=-40.3 pk=-39.0 c0=7.9 c1=6.3 kw=6.15 inf=1.54 iv=0.00 n=0 d=0 sk=3 hf=97936 hm=97208 ht=283156 pf=0 pm=0 pt=0 ru=233612 rp=234340
18:40:53.650 @I ww=marvin cut=0.50 win=5 cool=1000 tick=100 wifi=0 srv=0 li=0 ln=0
18:40:53.650 @T t=8295 s=0.000 lv=-39.8 pk=-38.4 c0=3.6 c1=4.8 kw=4.65 inf=1.51 iv=0.00 n=0 d=0 sk=3 hf=97936 hm=97208 ht=283156 pf=0 pm=0 pt=0 ru=233612 rp=234340
18:40:53.650 @T t=8381 s=0.000 lv=-39.9 pk=-37.7 c0=7.9 c1=4.9 kw=5.05 inf=1.84 iv=0.00 n=0 d=0 sk=2 hf=97936 hm=97208 ht=283156 pf=0 pm=0 pt=0 ru=233612 rp=234340
18:40:53.650 @T t=8487 s=0.000 lv=-40.0 pk=-39.0 c0=6.5 c1=6.3 kw=5.97 inf=1.41 iv=0.00 n=0 d=0 sk=4 hf=97936 hm=97208 ht=283156 pf=0 pm=0 pt=0 ru=233612 rp=234340
18:40:53.650 @T t=8593 s=0.000 lv=-40.9 pk=-38.6 c0=6.4 c1=5.1 kw=4.93 inf=1.52 iv=0.00 n=0 d=0 sk=3 hf=97936 hm=97208 ht=283156 pf=0 pm=0 pt=0 ru=233612 rp=234340
18:40:53.650 @T t=8699 s=0.000 lv=-39.0 pk=-38.1 c0=6.4 c1=5.1 kw=4.96 inf=1.53 iv=0.00 n=0 d=0 sk=3 hf=97936 hm=97208 ht=283156 pf=0 pm=0 pt=0 ru=233612 rp=234340
18:40:53.650 I (9123) wifi:state: auth -> init (0x200)
18:40:53.650 @T t=8785 s=0.000 lv=-39.8 pk=-39.3 c0=7.5 c1=6.7 kw=6.30 inf=1.57 iv=0.00 n=0 d=0 sk=3 hf=97952 hm=97208 ht=283156 pf=0 pm=0 pt=0 ru=233596 rp=234340
18:40:53.650 @T t=8891 s=0.000 lv=-39.7 pk=-38.5 c0=4.7 c1=5.3 kw=5.09 inf=1.56 iv=0.00 n=0 d=0 sk=3 hf=97952 hm=97208 ht=283156 pf=0 pm=0 pt=0 ru=233596 rp=234340
18:40:53.650 @T t=8997 s=0.000 lv=-39.6 pk=-38.5 c0=7.2 c1=5.2 kw=5.03 inf=1.55 iv=0.00 n=0 d=0 sk=3 hf=97952 hm=97208 ht=283156 pf=0 pm=0 pt=0 ru=233596 rp=234340
18:40:53.650 @T t=9083 s=0.000 lv=-39.2 pk=-38.3 c0=5.6 c1=7.5 kw=6.32 inf=1.58 iv=0.00 n=0 d=0 sk=3 hf=97952 hm=97208 ht=283156 pf=0 pm=0 pt=0 ru=233596 rp=234340
18:40:53.650 @T t=9189 s=0.000 lv=-39.6 pk=-38.0 c0=7.2 c1=5.2 kw=5.02 inf=1.54 iv=0.00 n=0 d=0 sk=3 hf=97952 hm=97208 ht=283156 pf=0 pm=0 pt=0 ru=233596 rp=234340
18:40:53.650 @I ww=marvin cut=0.50 win=5 cool=1000 tick=100 wifi=0 srv=0 li=0 ln=0
18:40:53.650 @T t=9281 s=0.000 lv=-39.1 pk=-37.9 c0=4.5 c1=4.6 kw=4.75 inf=1.85 iv=0.00 n=0 d=0 sk=2 hf=97952 hm=97208 ht=283156 pf=0 pm=0 pt=0 ru=233596 rp=234340
18:40:53.651 @T t=9387 s=0.000 lv=-39.2 pk=-37.4 c0=7.1 c1=6.4 kw=6.02 inf=1.43 iv=0.00 n=0 d=0 sk=4 hf=97952 hm=97208 ht=283156 pf=0 pm=0 pt=0 ru=233596 rp=234340
18:40:53.651 @T t=9493 s=0.000 lv=-40.1 pk=-39.1 c0=3.9 c1=5.2 kw=5.03 inf=1.55 iv=0.00 n=0 d=0 sk=3 hf=97952 hm=97208 ht=283156 pf=0 pm=0 pt=0 ru=233596 rp=234340
18:40:53.651 @T t=9599 s=0.000 lv=-40.4 pk=-39.6 c0=3.9 c1=5.2 kw=5.02 inf=1.54 iv=0.00 n=0 d=0 sk=3 hf=97952 hm=97208 ht=283156 pf=0 pm=0 pt=0 ru=233596 rp=234340
18:40:53.651 @T t=9685 s=0.000 lv=-39.2 pk=-37.8 c0=8.6 c1=6.4 kw=6.19 inf=1.54 iv=0.00 n=0 d=0 sk=3 hf=97952 hm=97208 ht=283156 pf=0 pm=0 pt=0 ru=233596 rp=234340
18:40:53.651 @T t=9791 s=0.000 lv=-40.1 pk=-38.6 c0=4.0 c1=5.2 kw=5.02 inf=1.54 iv=0.00 n=0 d=0 sk=3 hf=97952 hm=97208 ht=283156 pf=0 pm=0 pt=0 ru=233596 rp=234340
18:40:53.651 @T t=9897 s=0.000 lv=-40.4 pk=-39.5 c0=3.5 c1=5.1 kw=5.00 inf=1.54 iv=0.00 n=0 d=0 sk=3 hf=97952 hm=97208 ht=283156 pf=0 pm=0 pt=0 ru=233596 rp=234340
18:40:55.764 @T t=9983 s=0.000 lv=-39.8 pk=-38.7 c0=5.5 c1=6.4 kw=6.17 inf=1.54 iv=0.00 n=0 d=0 sk=3 hf=97952 hm=97208 ht=283156 pf=0 pm=0 pt=0 ru=233596 rp=234340
18:40:55.764 @T t=10089 s=0.000 lv=-40.5 pk=-39.8 c0=7.4 c1=6.0 kw=5.10 inf=1.57 iv=0.00 n=0 d=0 sk=3 hf=97952 hm=97208 ht=283156 pf=0 pm=0 pt=0 ru=233596 rp=234340
18:40:55.765 @T t=10195 s=0.000 lv=-40.4 pk=-39.2 c0=3.2 c1=5.1 kw=4.96 inf=1.53 iv=0.00 n=0 d=0 sk=3 hf=97952 hm=97208 ht=283156 pf=0 pm=0 pt=0 ru=233596 rp=234340
18:40:55.765 @I ww=marvin cut=0.50 win=5 cool=1000 tick=100 wifi=0 srv=0 li=0 ln=0
18:40:55.765 @T t=10287 s=0.000 lv=-40.2 pk=-39.2 c0=4.3 c1=5.8 kw=5.68 inf=1.52 iv=0.00 n=0 d=0 sk=3 hf=97952 hm=97208 ht=283156 pf=0 pm=0 pt=0 ru=233596 rp=234340
18:40:55.765 @T t=10393 s=0.000 lv=-39.9 pk=-38.4 c0=6.7 c1=5.1 kw=4.94 inf=1.52 iv=0.00 n=0 d=0 sk=3 hf=97952 hm=97208 ht=283156 pf=0 pm=0 pt=0 ru=233596 rp=234340
18:40:55.766 @T t=10499 s=0.000 lv=-41.2 pk=-39.7 c0=3.1 c1=5.1 kw=4.95 inf=1.52 iv=0.00 n=0 d=0 sk=3 hf=97952 hm=97208 ht=283156 pf=0 pm=0 pt=0 ru=233596 rp=234340
18:40:55.766 @T t=10585 s=0.000 lv=-40.4 pk=-39.8 c0=3.6 c1=6.2 kw=6.07 inf=1.52 iv=0.00 n=0 d=0 sk=3 hf=97952 hm=97208 ht=283156 pf=0 pm=0 pt=0 ru=233596 rp=234340
18:40:55.766 @T t=10691 s=0.000 lv=-40.3 pk=-39.1 c0=2.9 c1=5.0 kw=4.89 inf=1.51 iv=0.00 n=0 d=0 sk=3 hf=97952 hm=97208 ht=283156 pf=0 pm=0 pt=0 ru=233596 rp=234340
18:40:55.767 @T t=10797 s=0.000 lv=-39.2 pk=-37.9 c0=3.3 c1=5.1 kw=4.94 inf=1.52 iv=0.00 n=0 d=0 sk=3 hf=97952 hm=97208 ht=283156 pf=0 pm=0 pt=0 ru=233596 rp=234340
18:40:55.767 @T t=10883 s=0.000 lv=-39.6 pk=-39.1 c0=3.9 c1=6.3 kw=6.13 inf=1.53 iv=0.00 n=0 d=0 sk=3 hf=97952 hm=97208 ht=283156 pf=0 pm=0 pt=0 ru=233596 rp=234340
18:40:55.767 @T t=10989 s=0.000 lv=-41.0 pk=-40.4 c0=6.3 c1=5.0 kw=4.91 inf=1.51 iv=0.00 n=0 d=0 sk=3 hf=97952 hm=97208 ht=283156 pf=0 pm=0 pt=0 ru=233596 rp=234340
18:40:55.767 @T t=11095 s=0.000 lv=-41.0 pk=-39.5 c0=3.5 c1=5.9 kw=4.95 inf=1.52 iv=0.00 n=0 d=0 sk=3 hf=97952 hm=97208 ht=283156 pf=0 pm=0 pt=0 ru=233596 rp=234340
18:40:55.767 I (11482) wifi:state: init -> auth (0xb0)
18:40:55.767 [status] up 11s | mic -39.8 dBFS (peak -35.0) | score max 0.01 | detections 0 | inferences 53 (5.3/s; model 1.27 ms each, paused in quiet 83%; features 1.53 ms per 30 ms) | CPU core0  4.9% core1  6.2% (wake word pipeline 6.14% of one core) | RAM used 228 KB (peak 228 KB, 95 KB free) | wifi --, server -- | audio lost since boot: i2s 0 net 0
18:40:55.767 [tasks] % of one core (free stack): main@0=-1.00(1936) IDLE1@1=-1.00(720) IDLE0@0=-1.00(728) audio_kws@1=-1.00(1344) tiT@*=-1.00(2452) websocket_task@*=-1.00(1464) ipc0@0=-1.00(528) Tmr Svc@*=-1.00(1368) ipc1@1=-1.00(536) wifi@0=-1.00(3144) esp_timer@0=-1.00(3136) sys_evt@0=-1.00(428) streamer@0=-1.00(2956)
18:40:55.767 @T t=11182 s=0.000 lv=-40.3 pk=-39.4 c0=17.6 c1=6.5 kw=6.42 inf=1.61 iv=0.00 n=0 d=0 sk=3 hf=97936 hm=97208 ht=283156 pf=0 pm=0 pt=0 ru=233612 rp=234340
18:40:55.767 @I ww=marvin cut=0.50 win=5 cool=1000 tick=100 wifi=0 srv=0 li=0 ln=0
18:40:55.767 @T t=11294 s=0.000 lv=-40.4 pk=-38.1 c0=11.2 c1=5.0 kw=4.70 inf=1.53 iv=0.00 n=0 d=0 sk=3 hf=97936 hm=97208 ht=283156 pf=0 pm=0 pt=0 ru=233612 rp=234340
18:40:55.768 @T t=11400 s=0.000 lv=-39.8 pk=-39.0 c0=6.4 c1=5.1 kw=4.92 inf=1.52 iv=0.00 n=0 d=0 sk=3 hf=97936 hm=97208 ht=283156 pf=0 pm=0 pt=0 ru=233612 rp=234340
18:40:55.768 @T t=11486 s=0.000 lv=-40.6 pk=-39.6 c0=3.8 c1=6.3 kw=6.10 inf=1.52 iv=0.00 n=0 d=0 sk=3 hf=97936 hm=97208 ht=283156 pf=0 pm=0 pt=0 ru=233612 rp=234340
18:40:55.768 @T t=11592 s=0.000 lv=-41.3 pk=-40.8 c0=6.3 c1=5.1 kw=4.95 inf=1.53 iv=0.00 n=0 d=0 sk=3 hf=97936 hm=97208 ht=283156 pf=0 pm=0 pt=0 ru=233612 rp=234340
18:40:55.768 @T t=11698 s=0.000 lv=-39.3 pk=-38.2 c0=3.1 c1=5.1 kw=4.93 inf=1.52 iv=0.00 n=0 d=0 sk=3 hf=97936 hm=97208 ht=283156 pf=0 pm=0 pt=0 ru=233612 rp=234340
18:40:55.768 @T t=11784 s=0.000 lv=-39.6 pk=-38.3 c0=7.9 c1=6.3 kw=6.09 inf=1.52 iv=0.00 n=0 d=0 sk=3 hf=97936 hm=97208 ht=283156 pf=0 pm=0 pt=0 ru=233612 rp=234340
18:40:55.768 @T t=11890 s=0.000 lv=-41.3 pk=-40.6 c0=6.5 c1=5.1 kw=4.92 inf=1.51 iv=0.00 n=0 d=0 sk=3 hf=97936 hm=97208 ht=283156 pf=0 pm=0 pt=0 ru=233612 rp=234340
18:40:55.768 @T t=11996 s=0.000 lv=-39.4 pk=-38.4 c0=3.1 c1=5.1 kw=4.96 inf=1.53 iv=0.00 n=0 d=0 sk=3 hf=97936 hm=97208 ht=283156 pf=0 pm=0 pt=0 ru=233612 rp=234340
18:40:55.768 @T t=12082 s=0.000 lv=-38.2 pk=-37.5 c0=8.4 c1=7.1 kw=6.19 inf=1.55 iv=0.00 n=0 d=0 sk=3 hf=97936 hm=97208 ht=283156 pf=0 pm=0 pt=0 ru=233612 rp=234340
18:40:58.357 I (12489) wifi:state: auth -> init (0x200)
18:40:58.357 @T t=12189 s=0.000 lv=-39.1 pk=-37.2 c0=10.2 c1=5.6 kw=5.12 inf=1.59 iv=0.00 n=0 d=0 sk=3 hf=97944 hm=97208 ht=283156 pf=0 pm=0 pt=0 ru=233604 rp=234340
18:40:58.357 @I ww=marvin cut=0.50 win=5 cool=1000 tick=100 wifi=0 srv=0 li=0 ln=0
18:40:58.357 @T t=12300 s=0.000 lv=-40.0 pk=-38.6 c0=4.7 c1=4.9 kw=4.80 inf=1.55 iv=0.00 n=0 d=0 sk=3 hf=97944 hm=97208 ht=283156 pf=0 pm=0 pt=0 ru=233604 rp=234340
18:40:58.357 @T t=12389 s=0.000 lv=-39.0 pk=-36.4 c0=4.4 c1=6.3 kw=6.09 inf=1.57 iv=0.00 n=0 d=0 sk=3 hf=97944 hm=97208 ht=283156 pf=0 pm=0 pt=0 ru=233604 rp=234340
18:40:58.357 @T t=12495 s=0.000 lv=-39.2 pk=-37.9 c0=3.9 c1=5.2 kw=5.03 inf=1.55 iv=0.00 n=0 d=0 sk=3 hf=97944 hm=97208 ht=283156 pf=0 pm=0 pt=0 ru=233604 rp=234340
18:40:58.357 @T t=12581 s=0.000 lv=-40.0 pk=-38.0 c0=3.9 c1=4.9 kw=5.06 inf=1.84 iv=0.00 n=0 d=0 sk=2 hf=97944 hm=97208 ht=283156 pf=0 pm=0 pt=0 ru=233604 rp=234340
18:40:58.357 @T t=12687 s=0.000 lv=-40.9 pk=-39.8 c0=6.9 c1=6.4 kw=6.01 inf=1.42 iv=0.00 n=0 d=0 sk=4 hf=97944 hm=97208 ht=283156 pf=0 pm=0 pt=0 ru=233604 rp=234340
18:40:58.357 @T t=12793 s=0.000 lv=-39.1 pk=-38.0 c0=3.8 c1=5.2 kw=5.02 inf=1.54 iv=0.00 n=0 d=0 sk=3 hf=97944 hm=97208 ht=283156 pf=0 pm=0 pt=0 ru=233604 rp=234340
18:40:58.357 @T t=12899 s=0.000 lv=-40.5 pk=-39.6 c0=4.0 c1=5.2 kw=5.04 inf=1.55 iv=0.00 n=0 d=0 sk=3 hf=97944 hm=97208 ht=283156 pf=0 pm=0 pt=0 ru=233604 rp=234340
18:40:58.357 @T t=12985 s=0.000 lv=-38.7 pk=-36.5 c0=4.8 c1=6.4 kw=6.20 inf=1.55 iv=0.00 n=0 d=0 sk=3 hf=97944 hm=97208 ht=283156 pf=0 pm=0 pt=0 ru=233604 rp=234340
18:40:58.357 @T t=13091 s=0.000 lv=-39.8 pk=-38.9 c0=4.6 c1=6.1 kw=5.16 inf=1.58 iv=0.00 n=0 d=0 sk=3 hf=97944 hm=97208 ht=283156 pf=0 pm=0 pt=0 ru=233604 rp=234340
18:40:58.357 @T t=13197 s=0.000 lv=-37.0 pk=-35.7 c0=3.4 c1=5.1 kw=4.99 inf=1.54 iv=0.00 n=0 d=0 sk=3 hf=97944 hm=97208 ht=283156 pf=0 pm=0 pt=0 ru=233604 rp=234340
18:40:58.358 @I ww=marvin cut=0.50 win=5 cool=1000 tick=100 wifi=0 srv=0 li=0 ln=0
18:40:58.358 @T t=13289 s=0.000 lv=-39.5 pk=-38.1 c0=13.9 c1=6.1 kw=5.88 inf=1.57 iv=0.00 n=0 d=0 sk=3 hf=97944 hm=97208 ht=283156 pf=0 pm=0 pt=0 ru=233604 rp=234340
18:40:58.358 @T t=13395 s=0.000 lv=-39.9 pk=-37.5 c0=3.5 c1=5.1 kw=4.98 inf=1.54 iv=0.00 n=0 d=0 sk=3 hf=97944 hm=97208 ht=283156 pf=0 pm=0 pt=0 ru=233604 rp=234340
18:40:58.358 @T t=13481 s=0.000 lv=-39.6 pk=-38.4 c0=3.8 c1=5.0 kw=5.07 inf=1.84 iv=0.00 n=0 d=0 sk=2 hf=97944 hm=97208 ht=283156 pf=0 pm=0 pt=0 ru=233604 rp=234340
18:40:58.358 @T t=13587 s=0.000 lv=-39.1 pk=-37.7 c0=6.2 c1=6.3 kw=5.96 inf=1.41 iv=0.00 n=0 d=0 sk=4 hf=97944 hm=97208 ht=283156 pf=0 pm=0 pt=0 ru=233604 rp=234340
18:40:58.358 @T t=13693 s=0.000 lv=-38.1 pk=-36.2 c0=3.2 c1=5.1 kw=4.91 inf=1.51 iv=0.00 n=0 d=0 sk=3 hf=97944 hm=97208 ht=283156 pf=0 pm=0 pt=0 ru=233604 rp=234340
18:40:58.358 @T t=13799 s=0.000 lv=-38.5 pk=-37.3 c0=3.0 c1=5.1 kw=4.97 inf=1.53 iv=0.00 n=0 d=0 sk=3 hf=97944 hm=97208 ht=283156 pf=0 pm=0 pt=0 ru=233604 rp=234340
18:40:58.358 @T t=13885 s=0.000 lv=-39.9 pk=-38.3 c0=3.8 c1=6.2 kw=6.07 inf=1.52 iv=0.00 n=0 d=0 sk=3 hf=97944 hm=97208 ht=283156 pf=0 pm=0 pt=0 ru=233604 rp=234340
18:40:58.358 @T t=13991 s=0.000 lv=-38.7 pk=-35.8 c0=3.0 c1=5.1 kw=4.93 inf=1.52 iv=0.00 n=0 d=0 sk=3 hf=97944 hm=97208 ht=283156 pf=0 pm=0 pt=0 ru=233604 rp=234340
18:40:58.358 @T t=14097 s=0.000 lv=-37.6 pk=-36.1 c0=3.9 c1=6.0 kw=5.05 inf=1.55 iv=0.00 n=0 d=0 sk=3 hf=97944 hm=97208 ht=283156 pf=0 pm=0 pt=0 ru=233604 rp=234340
18:40:58.358 @T t=14183 s=0.000 lv=-39.5 pk=-38.4 c0=4.1 c1=6.3 kw=6.13 inf=1.53 iv=0.00 n=0 d=0 sk=3 hf=97944 hm=97208 ht=283156 pf=0 pm=0 pt=0 ru=233604 rp=234340
18:40:58.358 @I ww=marvin cut=0.50 win=5 cool=1000 tick=100 wifi=0 srv=0 li=0 ln=0
18:40:58.358 @T t=14295 s=0.000 lv=-39.4 pk=-37.8 c0=3.5 c1=4.8 kw=4.63 inf=1.50 iv=0.00 n=0 d=0 sk=3 hf=97944 hm=97208 ht=283156 pf=0 pm=0 pt=0 ru=233604 rp=234340
18:40:58.358 @T t=14381 s=0.000 lv=-39.7 pk=-38.0 c0=3.6 c1=4.9 kw=5.01 inf=1.82 iv=0.00 n=0 d=0 sk=2 hf=97944 hm=97208 ht=283156 pf=0 pm=0 pt=0 ru=233604 rp=234340
18:40:58.358 I (14785) wifi:state: init -> auth (0xb0)
18:40:58.358 @T t=14487 s=0.000 lv=-39.9 pk=-38.4 c0=6.1 c1=6.5 kw=6.09 inf=1.44 iv=0.00 n=0 d=0 sk=4 hf=97940 hm=97208 ht=283156 pf=0 pm=0 pt=0 ru=233608 rp=234340
18:40:58.358 @T t=14593 s=0.000 lv=-39.5 pk=-38.3 c0=3.4 c1=5.1 kw=4.98 inf=1.53 iv=0.00 n=0 d=0 sk=3 hf=97940 hm=97208 ht=283156 pf=0 pm=0 pt=0 ru=233608 rp=234340
18:41:00.845 @T t=14699 s=0.000 lv=-38.2 pk=-36.5 c0=6.4 c1=5.1 kw=4.93 inf=1.52 iv=0.00 n=0 d=0 sk=3 hf=97940 hm=97208 ht=283156 pf=0 pm=0 pt=0 ru=233608 rp=234340
18:41:00.846 @T t=14785 s=0.000 lv=-40.2 pk=-38.7 c0=7.8 c1=6.3 kw=6.10 inf=1.52 iv=0.00 n=0 d=0 sk=3 hf=97940 hm=97208 ht=283156 pf=0 pm=0 pt=0 ru=233608 rp=234340
18:41:00.846 @T t=14891 s=0.000 lv=-39.3 pk=-38.0 c0=6.5 c1=5.1 kw=4.95 inf=1.52 iv=0.00 n=0 d=0 sk=3 hf=97940 hm=97208 ht=283156 pf=0 pm=0 pt=0 ru=233608 rp=234340
18:41:00.846 @T t=14997 s=0.000 lv=-40.1 pk=-38.4 c0=3.2 c1=5.1 kw=4.95 inf=1.52 iv=0.00 n=0 d=0 sk=3 hf=97940 hm=97208 ht=283156 pf=0 pm=0 pt=0 ru=233608 rp=234340
18:41:00.847 @T t=15083 s=0.000 lv=-39.2 pk=-37.7 c0=5.4 c1=6.6 kw=6.30 inf=1.58 iv=0.00 n=0 d=0 sk=3 hf=97940 hm=97200 ht=283156 pf=0 pm=0 pt=0 ru=233608 rp=234348
18:41:00.847 @T t=15189 s=0.000 lv=-39.4 pk=-38.1 c0=6.7 c1=5.1 kw=4.98 inf=1.53 iv=0.00 n=0 d=0 sk=3 hf=97940 hm=97200 ht=283156 pf=0 pm=0 pt=0 ru=233608 rp=234348
18:41:00.847 @I ww=marvin cut=0.50 win=5 cool=1000 tick=100 wifi=0 srv=0 li=0 ln=0
18:41:00.847 @T t=15281 s=0.000 lv=-41.3 pk=-39.9 c0=13.5 c1=4.6 kw=4.71 inf=1.83 iv=0.00 n=0 d=0 sk=2 hf=97940 hm=97200 ht=283156 pf=0 pm=0 pt=0 ru=233608 rp=234348
18:41:00.847 @T t=15387 s=0.000 lv=-40.9 pk=-39.6 c0=6.4 c1=6.3 kw=5.97 inf=1.41 iv=0.00 n=0 d=0 sk=4 hf=97940 hm=97200 ht=283156 pf=0 pm=0 pt=0 ru=233608 rp=234348
18:41:00.847 I (15786) wifi:state: auth -> init (0x200)
18:41:00.848 @T t=15493 s=0.000 lv=-39.7 pk=-37.6 c0=10.4 c1=5.5 kw=5.20 inf=1.60 iv=0.00 n=0 d=0 sk=3 hf=97948 hm=97200 ht=283156 pf=0 pm=0 pt=0 ru=233600 rp=234348
18:41:00.848 @T t=15599 s=0.000 lv=-40.7 pk=-39.6 c0=7.3 c1=5.0 kw=4.92 inf=1.52 iv=0.00 n=0 d=0 sk=3 hf=97948 hm=97200 ht=283156 pf=0 pm=0 pt=0 ru=233600 rp=234348
18:41:00.848 @T t=15685 s=0.000 lv=-38.7 pk=-38.0 c0=3.8 c1=6.4 kw=6.21 inf=1.55 iv=0.00 n=0 d=0 sk=3 hf=97948 hm=97200 ht=283156 pf=0 pm=0 pt=0 ru=233600 rp=234348
18:41:00.848 @T t=15791 s=0.000 lv=-40.7 pk=-40.0 c0=6.9 c1=5.1 kw=4.97 inf=1.53 iv=0.00 n=0 d=0 sk=3 hf=97948 hm=97200 ht=283156 pf=0 pm=0 pt=0 ru=233600 rp=234348
18:41:00.848 @T t=15897 s=0.000 lv=-41.1 pk=-40.2 c0=4.0 c1=5.2 kw=5.04 inf=1.55 iv=0.00 n=0 d=0 sk=3 hf=97948 hm=97200 ht=283156 pf=0 pm=0 pt=0 ru=233600 rp=234348
18:41:00.848 @T t=15983 s=0.000 lv=-40.2 pk=-38.2 c0=4.9 c1=6.4 kw=6.21 inf=1.55 iv=0.00 n=0 d=0 sk=3 hf=97948 hm=97200 ht=283156 pf=0 pm=0 pt=0 ru=233600 rp=234348
18:41:00.848 @T t=16089 s=0.000 lv=-39.1 pk=-38.0 c0=4.8 c1=5.9 kw=5.20 inf=1.60 iv=0.00 n=0 d=0 sk=3 hf=97948 hm=97200 ht=283156 pf=0 pm=0 pt=0 ru=233600 rp=234348
18:41:00.848 @T t=16195 s=0.000 lv=-39.7 pk=-38.8 c0=4.0 c1=5.1 kw=4.95 inf=1.53 iv=0.00 n=0 d=0 sk=3 hf=97948 hm=97200 ht=283156 pf=0 pm=0 pt=0 ru=233600 rp=234348
18:41:00.849 @I ww=marvin cut=0.50 win=5 cool=1000 tick=100 wifi=0 srv=0 li=0 ln=0
18:41:00.849 @T t=16287 s=0.000 lv=-39.6 pk=-38.2 c0=4.6 c1=5.9 kw=5.81 inf=1.55 iv=0.00 n=0 d=0 sk=3 hf=97948 hm=97200 ht=283156 pf=0 pm=0 pt=0 ru=233600 rp=234348
18:41:00.849 @T t=16393 s=0.000 lv=-39.8 pk=-37.9 c0=7.0 c1=5.2 kw=4.97 inf=1.53 iv=0.00 n=0 d=0 sk=3 hf=97948 hm=97200 ht=283156 pf=0 pm=0 pt=0 ru=233600 rp=234348
18:41:00.849 @T t=16499 s=0.000 lv=-39.0 pk=-37.3 c0=4.0 c1=5.2 kw=5.04 inf=1.55 iv=0.00 n=0 d=0 sk=3 hf=97948 hm=97200 ht=283156 pf=0 pm=0 pt=0 ru=233600 rp=234348
18:41:00.849 @T t=16585 s=0.000 lv=-40.0 pk=-38.0 c0=4.8 c1=6.4 kw=6.22 inf=1.55 iv=0.00 n=0 d=0 sk=3 hf=97948 hm=97200 ht=283156 pf=0 pm=0 pt=0 ru=233600 rp=234348
18:41:00.849 @T t=16691 s=0.000 lv=-40.6 pk=-39.7 c0=4.1 c1=5.2 kw=5.03 inf=1.55 iv=0.00 n=0 d=0 sk=3 hf=97948 hm=97200 ht=283156 pf=0 pm=0 pt=0 ru=233600 rp=234348
18:41:00.849 @T t=16797 s=0.000 lv=-40.8 pk=-39.8 c0=3.1 c1=5.1 kw=4.98 inf=1.54 iv=0.00 n=0 d=0 sk=3 hf=97948 hm=97200 ht=283156 pf=0 pm=0 pt=0 ru=233600 rp=234348
18:41:00.849 @T t=16883 s=0.000 lv=-39.6 pk=-38.7 c0=3.8 c1=6.2 kw=6.07 inf=1.51 iv=0.00 n=0 d=0 sk=3 hf=97948 hm=97200 ht=283156 pf=0 pm=0 pt=0 ru=233600 rp=234348
18:41:00.850 @T t=16989 s=0.000 lv=-40.9 pk=-40.3 c0=3.0 c1=5.0 kw=4.92 inf=1.51 iv=0.00 n=0 d=0 sk=3 hf=97948 hm=97200 ht=283156 pf=0 pm=0 pt=0 ru=233600 rp=234348
18:41:00.850 @T t=17095 s=0.000 lv=-39.8 pk=-38.1 c0=3.8 c1=6.0 kw=5.02 inf=1.54 iv=0.00 n=0 d=0 sk=3 hf=97948 hm=97200 ht=283156 pf=0 pm=0 pt=0 ru=233600 rp=234348
18:41:03.348 @T t=17181 s=0.000 lv=-39.4 pk=-38.2 c0=4.0 c1=5.0 kw=5.11 inf=1.86 iv=0.00 n=0 d=0 sk=2 hf=97948 hm=97200 ht=283156 pf=0 pm=0 pt=0 ru=233600 rp=234348
18:41:03.348 @I ww=marvin cut=0.50 win=5 cool=1000 tick=100 wifi=0 srv=0 li=0 ln=0
18:41:03.349 @T t=17293 s=0.000 lv=-40.7 pk=-39.5 c0=3.5 c1=6.0 kw=5.62 inf=1.40 iv=0.00 n=0 d=0 sk=4 hf=97948 hm=97200 ht=283156 pf=0 pm=0 pt=0 ru=233600 rp=234348
18:41:03.349 @T t=17399 s=0.000 lv=-40.0 pk=-39.3 c0=6.7 c1=5.1 kw=4.90 inf=1.51 iv=0.00 n=0 d=0 sk=3 hf=97948 hm=97200 ht=283156 pf=0 pm=0 pt=0 ru=233600 rp=234348
18:41:03.349 @T t=17485 s=0.000 lv=-41.0 pk=-40.3 c0=3.9 c1=6.4 kw=6.18 inf=1.55 iv=0.00 n=0 d=0 sk=3 hf=97948 hm=97200 ht=283156 pf=0 pm=0 pt=0 ru=233600 rp=234348
18:41:03.349 @T t=17591 s=0.000 lv=-39.2 pk=-37.5 c0=6.2 c1=5.1 kw=4.92 inf=1.52 iv=0.00 n=0 d=0 sk=3 hf=97948 hm=97200 ht=283156 pf=0 pm=0 pt=0 ru=233600 rp=234348
18:41:03.349 @T t=17697 s=0.000 lv=-39.1 pk=-37.4 c0=2.9 c1=5.0 kw=4.90 inf=1.51 iv=0.00 n=0 d=0 sk=3 hf=97948 hm=97200 ht=283156 pf=0 pm=0 pt=0 ru=233600 rp=234348
18:41:03.349 I (18139) wifi:state: init -> auth (0xb0)
18:41:03.349 @T t=17783 s=0.000 lv=-39.8 pk=-38.2 c0=7.2 c1=6.5 kw=6.22 inf=1.55 iv=0.00 n=0 d=0 sk=3 hf=97940 hm=97200 ht=283156 pf=0 pm=0 pt=0 ru=233608 rp=234348
18:41:03.349 @T t=17889 s=0.000 lv=-40.0 pk=-38.0 c0=3.6 c1=5.1 kw=4.99 inf=1.54 iv=0.00 n=0 d=0 sk=3 hf=97940 hm=97200 ht=283156 pf=0 pm=0 pt=0 ru=233608 rp=234348
18:41:03.349 @T t=17995 s=0.000 lv=-40.1 pk=-39.5 c0=3.2 c1=5.1 kw=4.97 inf=1.53 iv=0.00 n=0 d=0 sk=3 hf=97940 hm=97200 ht=283156 pf=0 pm=0 pt=0 ru=233608 rp=234348
18:41:03.349 @T t=18081 s=0.000 lv=-40.2 pk=-39.0 c0=8.5 c1=6.0 kw=5.15 inf=1.87 iv=0.00 n=0 d=0 sk=2 hf=97940 hm=97200 ht=283156 pf=0 pm=0 pt=0 ru=233608 rp=234348
18:41:03.349 @T t=18187 s=0.000 lv=-39.1 pk=-37.7 c0=3.5 c1=6.4 kw=6.08 inf=1.44 iv=0.00 n=0 d=0 sk=4 hf=97940 hm=97200 ht=283156 pf=0 pm=0 pt=0 ru=233608 rp=234348
18:41:03.349 @I ww=marvin cut=0.50 win=5 cool=1000 tick=100 wifi=0 srv=0 li=0 ln=0
18:41:03.349 @T t=18299 s=0.000 lv=-39.6 pk=-37.8 c0=11.0 c1=4.8 kw=4.65 inf=1.51 iv=0.00 n=0 d=0 sk=3 hf=97940 hm=97200 ht=283156 pf=0 pm=0 pt=0 ru=233608 rp=234348
18:41:03.349 @T t=18385 s=0.000 lv=-39.7 pk=-38.9 c0=3.9 c1=6.3 kw=6.11 inf=1.53 iv=0.00 n=0 d=0 sk=3 hf=97940 hm=97200 ht=283156 pf=0 pm=0 pt=0 ru=233608 rp=234348
18:41:03.350 @T t=18491 s=0.000 lv=-39.2 pk=-37.8 c0=6.5 c1=5.1 kw=4.94 inf=1.52 iv=0.00 n=0 d=0 sk=3 hf=97940 hm=97200 ht=283156 pf=0 pm=0 pt=0 ru=233608 rp=234348
18:41:03.350 @T t=18597 s=0.000 lv=-39.8 pk=-39.2 c0=6.4 c1=5.1 kw=4.97 inf=1.53 iv=0.00 n=0 d=0 sk=3 hf=97940 hm=97200 ht=283156 pf=0 pm=0 pt=0 ru=233608 rp=234348
18:41:03.350 @T t=18683 s=0.000 lv=-39.4 pk=-37.9 c0=7.9 c1=6.3 kw=6.11 inf=1.53 iv=0.00 n=0 d=0 sk=3 hf=97940 hm=97200 ht=283156 pf=0 pm=0 pt=0 ru=233608 rp=234348
18:41:03.350 I (19140) wifi:state: auth -> init (0x200)
18:41:03.350 @T t=18789 s=0.000 lv=-39.9 pk=-38.3 c0=10.1 c1=5.6 kw=5.23 inf=1.60 iv=0.00 n=0 d=0 sk=3 hf=97948 hm=97200 ht=283156 pf=0 pm=0 pt=0 ru=233600 rp=234348
18:41:03.350 @T t=18895 s=0.000 lv=-39.5 pk=-37.3 c0=4.3 c1=5.1 kw=4.99 inf=1.54 iv=0.00 n=0 d=0 sk=3 hf=97948 hm=97200 ht=283156 pf=0 pm=0 pt=0 ru=233600 rp=234348
18:41:03.350 @T t=18981 s=0.000 lv=-39.3 pk=-38.6 c0=3.9 c1=5.0 kw=5.16 inf=1.88 iv=0.00 n=0 d=0 sk=2 hf=97948 hm=97200 ht=283156 pf=0 pm=0 pt=0 ru=233600 rp=234348
18:41:03.350 @T t=19087 s=0.000 lv=-39.7 pk=-38.8 c0=7.5 c1=7.3 kw=6.10 inf=1.44 iv=0.00 n=0 d=0 sk=4 hf=97948 hm=97200 ht=283156 pf=0 pm=0 pt=0 ru=233600 rp=234348
18:41:03.350 @T t=19193 s=0.000 lv=-39.2 pk=-36.5 c0=4.1 c1=5.2 kw=5.09 inf=1.57 iv=0.00 n=0 d=0 sk=3 hf=97948 hm=97200 ht=283156 pf=0 pm=0 pt=0 ru=233600 rp=234348
18:41:03.350 @I ww=marvin cut=0.50 win=5 cool=1000 tick=100 wifi=0 srv=0 li=0 ln=0
18:41:03.350 @T t=19285 s=0.000 lv=-39.1 pk=-37.4 c0=5.4 c1=6.0 kw=5.81 inf=1.55 iv=0.00 n=0 d=0 sk=3 hf=97948 hm=97200 ht=283156 pf=0 pm=0 pt=0 ru=233600 rp=234348
18:41:03.350 @T t=19391 s=0.000 lv=-40.4 pk=-38.5 c0=3.9 c1=5.2 kw=5.00 inf=1.54 iv=0.00 n=0 d=0 sk=3 hf=97948 hm=97200 ht=283156 pf=0 pm=0 pt=0 ru=233600 rp=234348
18:41:03.350 @T t=19497 s=0.000 lv=-40.6 pk=-39.3 c0=3.9 c1=5.1 kw=4.93 inf=1.52 iv=0.00 n=0 d=0 sk=3 hf=97948 hm=97200 ht=283156 pf=0 pm=0 pt=0 ru=233600 rp=234348
18:41:03.350 @T t=19583 s=0.000 lv=-39.6 pk=-38.6 c0=3.8 c1=6.3 kw=6.16 inf=1.54 iv=0.00 n=0 d=0 sk=3 hf=97948 hm=97200 ht=283156 pf=0 pm=0 pt=0 ru=233600 rp=234348
18:41:05.651 @T t=19689 s=0.000 lv=-40.5 pk=-39.1 c0=7.0 c1=5.2 kw=4.98 inf=1.53 iv=0.00 n=0 d=0 sk=3 hf=97948 hm=97200 ht=283156 pf=0 pm=0 pt=0 ru=233600 rp=234348
18:41:05.651 @T t=19795 s=0.000 lv=-40.4 pk=-39.9 c0=3.9 c1=5.2 kw=5.03 inf=1.54 iv=0.00 n=0 d=0 sk=3 hf=97948 hm=97200 ht=283156 pf=0 pm=0 pt=0 ru=233600 rp=234348
18:41:05.651 @T t=19881 s=0.000 lv=-40.1 pk=-38.7 c0=5.0 c1=5.1 kw=5.15 inf=1.87 iv=0.00 n=0 d=0 sk=2 hf=97948 hm=97200 ht=283156 pf=0 pm=0 pt=0 ru=233600 rp=234348
18:41:05.651 @T t=19987 s=0.000 lv=-40.4 pk=-39.2 c0=4.6 c1=6.5 kw=6.09 inf=1.44 iv=0.00 n=0 d=0 sk=4 hf=97948 hm=97200 ht=283156 pf=0 pm=0 pt=0 ru=233600 rp=234348
18:41:05.651 @T t=20093 s=0.000 lv=-39.6 pk=-38.4 c0=3.7 c1=5.9 kw=5.01 inf=1.54 iv=0.00 n=0 d=0 sk=3 hf=97948 hm=97200 ht=283156 pf=0 pm=0 pt=0 ru=233600 rp=234348
18:41:05.651 @T t=20199 s=0.000 lv=-40.8 pk=-40.0 c0=3.2 c1=5.1 kw=4.96 inf=1.53 iv=0.00 n=0 d=0 sk=3 hf=97948 hm=97200 ht=283156 pf=0 pm=0 pt=0 ru=233600 rp=234348
18:41:05.651 @I ww=marvin cut=0.50 win=5 cool=1000 tick=100 wifi=0 srv=0 li=0 ln=0
18:41:05.651 @T t=20291 s=0.000 lv=-40.4 pk=-39.5 c0=4.3 c1=5.9 kw=5.69 inf=1.52 iv=0.00 n=0 d=0 sk=3 hf=97948 hm=97200 ht=283156 pf=0 pm=0 pt=0 ru=233600 rp=234348
18:41:05.651 @T t=20397 s=0.000 lv=-40.6 pk=-39.8 c0=6.7 c1=5.1 kw=4.94 inf=1.52 iv=0.00 n=0 d=0 sk=3 hf=97948 hm=97200 ht=283156 pf=0 pm=0 pt=0 ru=233600 rp=234348
18:41:05.651 @T t=20483 s=0.000 lv=-39.9 pk=-38.5 c0=3.8 c1=6.3 kw=6.13 inf=1.53 iv=0.00 n=0 d=0 sk=3 hf=97948 hm=97200 ht=283156 pf=0 pm=0 pt=0 ru=233600 rp=234348
18:41:05.651 @T t=20589 s=0.000 lv=-39.9 pk=-38.6 c0=2.9 c1=5.0 kw=4.89 inf=1.51 iv=0.00 n=0 d=0 sk=3 hf=97948 hm=97200 ht=283156 pf=0 pm=0 pt=0 ru=233600 rp=234348
18:41:05.651 @T t=20695 s=0.000 lv=-41.3 pk=-39.1 c0=3.3 c1=5.0 kw=4.89 inf=1.50 iv=0.00 n=0 d=0 sk=3 hf=97948 hm=97200 ht=283156 pf=0 pm=0 pt=0 ru=233600 rp=234348
18:41:05.651 @T t=20781 s=0.000 lv=-40.7 pk=-39.7 c0=3.8 c1=5.0 kw=5.07 inf=1.84 iv=0.00 n=0 d=0 sk=2 hf=97948 hm=97200 ht=283156 pf=0 pm=0 pt=0 ru=233600 rp=234348
18:41:05.651 @T t=20887 s=0.000 lv=-40.0 pk=-39.2 c0=6.4 c1=6.3 kw=5.95 inf=1.41 iv=0.00 n=0 d=0 sk=4 hf=97948 hm=97200 ht=283156 pf=0 pm=0 pt=0 ru=233600 rp=234348
18:41:05.651 @T t=20993 s=0.000 lv=-41.4 pk=-41.0 c0=3.0 c1=5.1 kw=4.95 inf=1.52 iv=0.00 n=0 d=0 sk=3 hf=97948 hm=97200 ht=283156 pf=0 pm=0 pt=0 ru=233600 rp=234348
18:41:05.651 I (21435) wifi:state: init -> auth (0xb0)
18:41:05.651 @T t=21099 s=0.000 lv=-41.1 pk=-39.7 c0=6.5 c1=6.0 kw=5.08 inf=1.56 iv=0.00 n=0 d=0 sk=3 hf=97940 hm=97200 ht=283156 pf=0 pm=0 pt=0 ru=233608 rp=234348
18:41:05.651 [status] up 21s | mic -39.7 dBFS (peak -35.7) | score max 0.00 | detections 0 | inferences 0 (0.0/s; model 0.00 ms each, paused in quiet 100%; features 1.54 ms per 30 ms) | CPU core0  5.4% core1  5.6% (wake word pipeline 5.31% of one core) | RAM used 228 KB (peak 228 KB, 95 KB free) | wifi --, server -- | audio lost since boot: i2s 0 net 0
18:41:05.651 @T t=21193 s=0.000 lv=-40.2 pk=-39.5 c0=8.2 c1=5.8 kw=5.70 inf=1.55 iv=0.00 n=0 d=0 sk=3 hf=97940 hm=97200 ht=283156 pf=0 pm=0 pt=0 ru=233608 rp=234348
18:41:05.651 @I ww=marvin cut=0.50 win=5 cool=1000 tick=100 wifi=0 srv=0 li=0 ln=0
18:41:05.651 @T t=21285 s=0.000 lv=-39.3 pk=-37.8 c0=13.3 c1=5.9 kw=5.72 inf=1.53 iv=0.00 n=0 d=0 sk=3 hf=97940 hm=97200 ht=283156 pf=0 pm=0 pt=0 ru=233608 rp=234348
18:41:05.651 @T t=21391 s=0.000 lv=-39.8 pk=-38.7 c0=6.4 c1=5.1 kw=4.94 inf=1.52 iv=0.00 n=0 d=0 sk=3 hf=97940 hm=97200 ht=283156 pf=0 pm=0 pt=0 ru=233608 rp=234348
18:41:05.651 @T t=21497 s=0.000 lv=-39.4 pk=-38.7 c0=6.4 c1=5.1 kw=4.94 inf=1.52 iv=0.00 n=0 d=0 sk=3 hf=97940 hm=97200 ht=283156 pf=0 pm=0 pt=0 ru=233608 rp=234348
18:41:05.651 @T t=21583 s=0.000 lv=-38.3 pk=-35.1 c0=7.8 c1=6.3 kw=6.12 inf=1.53 iv=0.00 n=0 d=0 sk=3 hf=97940 hm=97200 ht=283156 pf=0 pm=0 pt=0 ru=233608 rp=234348
18:41:05.651 @T t=21689 s=0.000 lv=-39.7 pk=-39.2 c0=6.4 c1=5.1 kw=4.95 inf=1.52 iv=0.00 n=0 d=0 sk=3 hf=97940 hm=97200 ht=283156 pf=0 pm=0 pt=0 ru=233608 rp=234348
18:41:05.651 @T t=21795 s=0.000 lv=-39.5 pk=-38.0 c0=6.5 c1=5.1 kw=4.94 inf=1.52 iv=0.00 n=0 d=0 sk=3 hf=97940 hm=97200 ht=283156 pf=0 pm=0 pt=0 ru=233608 rp=234348
18:41:05.651 @T t=21881 s=0.000 lv=-39.7 pk=-38.7 c0=4.1 c1=5.0 kw=5.08 inf=1.85 iv=0.00 n=0 d=0 sk=2 hf=97940 hm=97200 ht=283156 pf=0 pm=0 pt=0 ru=233608 rp=234348
18:41:08.163 @T t=21987 s=0.000 lv=-40.0 pk=-38.3 c0=3.2 c1=6.4 kw=6.02 inf=1.43 iv=0.00 n=0 d=0 sk=4 hf=97940 hm=97200 ht=283156 pf=0 pm=0 pt=0 ru=233608 rp=234348
18:41:08.163 I (22437) wifi:state: auth -> init (0x200)
18:41:08.163 @T t=22093 s=0.000 lv=-39.4 pk=-37.4 c0=6.5 c1=6.2 kw=5.11 inf=1.57 iv=0.00 n=0 d=0 sk=3 hf=97760 hm=97116 ht=283156 pf=0 pm=0 pt=0 ru=233788 rp=234432
18:41:08.163 @T t=22200 s=0.000 lv=-39.8 pk=-38.2 c0=8.0 c1=5.2 kw=5.09 inf=1.58 iv=0.00 n=0 d=0 sk=3 hf=97948 hm=97116 ht=283156 pf=0 pm=0 pt=0 ru=233600 rp=234432
18:41:08.163 @I ww=marvin cut=0.50 win=5 cool=1000 tick=100 wifi=0 srv=0 li=0 ln=0
18:41:08.163 @T t=22292 s=0.000 lv=-38.6 pk=-37.3 c0=5.5 c1=6.0 kw=5.86 inf=1.56 iv=0.00 n=0 d=0 sk=3 hf=97948 hm=97116 ht=283156 pf=0 pm=0 pt=0 ru=233600 rp=234432
18:41:08.163 @T t=22398 s=0.000 lv=-40.3 pk=-39.2 c0=3.8 c1=5.2 kw=5.03 inf=1.55 iv=0.00 n=0 d=0 sk=3 hf=97948 hm=97116 ht=283156 pf=0 pm=0 pt=0 ru=233600 rp=234432
18:41:08.163 @T t=22484 s=0.000 lv=-39.9 pk=-39.0 c0=3.9 c1=6.2 kw=6.06 inf=1.51 iv=0.00 n=0 d=0 sk=3 hf=97948 hm=97116 ht=283156 pf=0 pm=0 pt=0 ru=233600 rp=234432
18:41:08.163 @T t=22590 s=0.000 lv=-40.3 pk=-39.6 c0=3.6 c1=5.2 kw=5.02 inf=1.55 iv=0.00 n=0 d=0 sk=3 hf=97948 hm=97116 ht=283156 pf=0 pm=0 pt=0 ru=233600 rp=234432
18:41:08.163 @T t=22696 s=0.000 lv=-39.4 pk=-39.0 c0=3.9 c1=5.2 kw=5.04 inf=1.55 iv=0.00 n=0 d=0 sk=3 hf=97948 hm=97116 ht=283156 pf=0 pm=0 pt=0 ru=233600 rp=234432
18:41:08.163 @T t=22782 s=0.000 lv=-37.8 pk=-35.9 c0=4.9 c1=6.2 kw=6.23 inf=1.55 iv=0.00 n=0 d=0 sk=3 hf=97948 hm=97116 ht=283156 pf=0 pm=0 pt=0 ru=233600 rp=234432
18:41:08.163 @T t=22888 s=0.000 lv=-38.6 pk=-38.3 c0=4.0 c1=5.3 kw=5.03 inf=1.54 iv=0.00 n=0 d=0 sk=3 hf=97948 hm=97116 ht=283156 pf=0 pm=0 pt=0 ru=233600 rp=234432
18:41:08.163 @T t=22994 s=0.000 lv=-38.9 pk=-37.9 c0=3.9 c1=5.2 kw=5.05 inf=1.55 iv=0.00 n=0 d=0 sk=3 hf=97948 hm=97116 ht=283156 pf=0 pm=0 pt=0 ru=233600 rp=234432
18:41:08.163 @T t=23100 s=0.000 lv=-39.3 pk=-38.5 c0=4.7 c1=6.0 kw=5.04 inf=1.55 iv=0.00 n=0 d=0 sk=3 hf=97948 hm=97116 ht=283156 pf=0 pm=0 pt=0 ru=233600 rp=234432
18:41:08.163 @T t=23189 s=0.000 lv=-40.0 pk=-39.2 c0=10.6 c1=6.2 kw=6.11 inf=1.58 iv=0.00 n=0 d=0 sk=3 hf=97948 hm=97116 ht=283156 pf=0 pm=0 pt=0 ru=233600 rp=234432
18:41:08.163 @I ww=marvin cut=0.50 win=5 cool=1000 tick=100 wifi=0 srv=0 li=0 ln=0
18:41:08.163 @T t=23281 s=0.000 lv=-39.2 pk=-37.9 c0=5.3 c1=4.7 kw=4.74 inf=1.84 iv=0.00 n=0 d=0 sk=2 hf=97948 hm=97116 ht=283156 pf=0 pm=0 pt=0 ru=233600 rp=234432
18:41:08.163 @T t=23387 s=0.000 lv=-40.1 pk=-38.8 c0=4.0 c1=6.5 kw=6.09 inf=1.44 iv=0.00 n=0 d=0 sk=4 hf=97948 hm=97116 ht=283156 pf=0 pm=0 pt=0 ru=233600 rp=234432
18:41:08.163 @T t=23493 s=0.000 lv=-40.1 pk=-38.2 c0=3.0 c1=5.1 kw=4.93 inf=1.52 iv=0.00 n=0 d=0 sk=3 hf=97948 hm=97116 ht=283156 pf=0 pm=0 pt=0 ru=233600 rp=234432
18:41:08.163 @T t=23599 s=0.000 lv=-40.9 pk=-40.3 c0=2.9 c1=5.0 kw=4.89 inf=1.51 iv=0.00 n=0 d=0 sk=3 hf=97948 hm=97116 ht=283156 pf=0 pm=0 pt=0 ru=233600 rp=234432
18:41:08.163 @T t=23685 s=0.000 lv=-40.4 pk=-39.8 c0=3.6 c1=6.2 kw=6.07 inf=1.52 iv=0.00 n=0 d=0 sk=3 hf=97948 hm=97116 ht=283156 pf=0 pm=0 pt=0 ru=233600 rp=234432
18:41:08.163 @T t=23791 s=0.000 lv=-39.3 pk=-36.3 c0=3.3 c1=5.1 kw=4.94 inf=1.52 iv=0.00 n=0 d=0 sk=3 hf=97948 hm=97116 ht=283156 pf=0 pm=0 pt=0 ru=233600 rp=234432
18:41:08.163 @T t=23897 s=0.000 lv=-40.4 pk=-39.4 c0=3.2 c1=5.1 kw=4.95 inf=1.52 iv=0.00 n=0 d=0 sk=3 hf=97948 hm=97116 ht=283156 pf=0 pm=0 pt=0 ru=233600 rp=234432
18:41:08.163 @T t=23983 s=0.000 lv=-40.3 pk=-38.8 c0=7.7 c1=6.2 kw=6.05 inf=1.51 iv=0.00 n=0 d=0 sk=3 hf=97948 hm=97116 ht=283156 pf=0 pm=0 pt=0 ru=233600 rp=234432
18:41:08.163 @T t=24089 s=0.000 lv=-39.5 pk=-38.2 c0=4.0 c1=6.0 kw=5.05 inf=1.55 iv=0.00 n=0 d=0 sk=3 hf=97948 hm=97116 ht=283156 pf=0 pm=0 pt=0 ru=233600 rp=234432
18:41:08.163 @T t=24195 s=0.000 lv=-40.0 pk=-37.9 c0=6.5 c1=5.0 kw=4.93 inf=1.52 iv=0.00 n=0 d=0 sk=3 hf=97948 hm=97116 ht=283156 pf=0 pm=0 pt=0 ru=233600 rp=234432
18:41:08.163 @I ww=marvin cut=0.50 win=5 cool=1000 tick=100 wifi=0 srv=0 li=0 ln=0
18:41:08.163 @T t=24287 s=0.000 lv=-39.8 pk=-38.2 c0=4.3 c1=5.8 kw=5.69 inf=1.52 iv=0.00 n=0 d=0 sk=3 hf=97948 hm=97116 ht=283156 pf=0 pm=0 pt=0 ru=233600 rp=234432
18:41:08.163 @T t=24393 s=0.000 lv=-39.5 pk=-38.5 c0=2.9 c1=5.1 kw=4.93 inf=1.52 iv=0.00 n=0 d=0 sk=3 hf=97948 hm=97116 ht=283156 pf=0 pm=0 pt=0 ru=233600 rp=234432
18:41:08.163 I (24794) wifi:state: init -> auth (0xb0)
18:41:10.748 @T t=24499 s=0.000 lv=-40.1 pk=-39.1 c0=6.1 c1=5.3 kw=5.08 inf=1.56 iv=0.00 n=0 d=0 sk=3 hf=97940 hm=97116 ht=283156 pf=0 pm=0 pt=0 ru=233608 rp=234432
18:41:10.748 @T t=24585 s=0.000 lv=-40.1 pk=-38.1 c0=4.1 c1=6.2 kw=6.11 inf=1.53 iv=0.00 n=0 d=0 sk=3 hf=97940 hm=97116 ht=283156 pf=0 pm=0 pt=0 ru=233608 rp=234432
18:41:10.749 @T t=24691 s=0.000 lv=-39.3 pk=-38.2 c0=3.1 c1=5.1 kw=4.93 inf=1.52 iv=0.00 n=0 d=0 sk=3 hf=97940 hm=97116 ht=283156 pf=0 pm=0 pt=0 ru=233608 rp=234432
18:41:10.749 @T t=24797 s=0.000 lv=-39.8 pk=-38.3 c0=3.1 c1=5.1 kw=4.93 inf=1.52 iv=0.00 n=0 d=0 sk=3 hf=97940 hm=97116 ht=283156 pf=0 pm=0 pt=0 ru=233608 rp=234432
18:41:10.749 @T t=24883 s=0.000 lv=-39.1 pk=-37.7 c0=7.9 c1=6.3 kw=6.11 inf=1.53 iv=0.00 n=0 d=0 sk=3 hf=97940 hm=97116 ht=283156 pf=0 pm=0 pt=0 ru=233608 rp=234432
18:41:10.749 @T t=24989 s=0.000 lv=-37.9 pk=-35.4 c0=6.4 c1=5.1 kw=4.93 inf=1.52 iv=0.00 n=0 d=0 sk=3 hf=97940 hm=97116 ht=283156 pf=0 pm=0 pt=0 ru=233608 rp=234432
18:41:10.749 @T t=25095 s=0.000 lv=-37.4 pk=-35.1 c0=3.9 c1=6.1 kw=5.01 inf=1.55 iv=0.00 n=0 d=0 sk=3 hf=97940 hm=97116 ht=283156 pf=0 pm=0 pt=0 ru=233608 rp=234432
18:41:10.749 @T t=25182 s=0.000 lv=-39.5 pk=-38.1 c0=4.0 c1=5.8 kw=6.07 inf=1.53 iv=0.00 n=0 d=0 sk=3 hf=97940 hm=97116 ht=283156 pf=0 pm=0 pt=0 ru=233608 rp=234432
18:41:10.749 @I ww=marvin cut=0.50 win=5 cool=1000 tick=100 wifi=0 srv=0 li=0 ln=0
18:41:10.749 @T t=25294 s=0.000 lv=-40.1 pk=-38.4 c0=3.6 c1=4.9 kw=4.65 inf=1.51 iv=0.00 n=0 d=0 sk=3 hf=97940 hm=97116 ht=283156 pf=0 pm=0 pt=0 ru=233608 rp=234432
18:41:10.749 @T t=25400 s=0.000 lv=-39.9 pk=-38.5 c0=6.4 c1=5.0 kw=4.91 inf=1.51 iv=0.00 n=0 d=0 sk=3 hf=97940 hm=97116 ht=283156 pf=0 pm=0 pt=0 ru=233608 rp=234432
18:41:10.749 I (25796) wifi:state: auth -> init (0x200)
18:41:10.749 @T t=25486 s=0.000 lv=-39.6 pk=-38.0 c0=12.1 c1=7.0 kw=6.59 inf=1.65 iv=0.00 n=0 d=0 sk=3 hf=97948 hm=97116 ht=283156 pf=0 pm=0 pt=0 ru=233600 rp=234432
18:41:10.749 @T t=25592 s=0.000 lv=-41.4 pk=-40.4 c0=4.1 c1=5.1 kw=5.02 inf=1.54 iv=0.00 n=0 d=0 sk=3 hf=97948 hm=97116 ht=283156 pf=0 pm=0 pt=0 ru=233600 rp=234432
18:41:10.749 @T t=25698 s=0.000 lv=-40.6 pk=-39.4 c0=3.8 c1=5.2 kw=5.02 inf=1.55 iv=0.00 n=0 d=0 sk=3 hf=97948 hm=97116 ht=283156 pf=0 pm=0 pt=0 ru=233600 rp=234432
18:41:10.750 @T t=25784 s=0.000 lv=-40.6 pk=-39.0 c0=4.6 c1=6.3 kw=6.13 inf=1.53 iv=0.00 n=0 d=0 sk=3 hf=97948 hm=97116 ht=283156 pf=0 pm=0 pt=0 ru=233600 rp=234432
18:41:10.750 @T t=25890 s=0.000 lv=-40.3 pk=-39.3 c0=3.3 c1=5.1 kw=4.98 inf=1.53 iv=0.00 n=0 d=0 sk=3 hf=97948 hm=97116 ht=283156 pf=0 pm=0 pt=0 ru=233600 rp=234432
18:41:10.750 @T t=25996 s=0.000 lv=-40.4 pk=-39.2 c0=3.7 c1=5.2 kw=5.01 inf=1.54 iv=0.00 n=0 d=0 sk=3 hf=97948 hm=97116 ht=283156 pf=0 pm=0 pt=0 ru=233600 rp=234432
18:41:10.750 @T t=26082 s=0.000 lv=-40.8 pk=-40.0 c0=5.4 c1=7.3 kw=6.28 inf=1.57 iv=0.00 n=0 d=0 sk=3 hf=97948 hm=97116 ht=283156 pf=0 pm=0 pt=0 ru=233600 rp=234432
18:41:10.750 @T t=26188 s=0.000 lv=-39.5 pk=-37.6 c0=4.1 c1=5.3 kw=5.04 inf=1.55 iv=0.00 n=0 d=0 sk=3 hf=97948 hm=97116 ht=283156 pf=0 pm=0 pt=0 ru=233600 rp=234432
18:41:10.750 @I ww=marvin cut=0.50 win=5 cool=1000 tick=100 wifi=0 srv=0 li=0 ln=0
18:41:10.750 @T t=26300 s=0.000 lv=-39.5 pk=-38.7 c0=4.4 c1=4.9 kw=4.77 inf=1.55 iv=0.00 n=0 d=0 sk=3 hf=97948 hm=97116 ht=283156 pf=0 pm=0 pt=0 ru=233600 rp=234432
18:41:10.750 @T t=26386 s=0.000 lv=-39.4 pk=-37.1 c0=8.6 c1=6.6 kw=6.12 inf=1.53 iv=0.00 n=0 d=0 sk=3 hf=97948 hm=97116 ht=283156 pf=0 pm=0 pt=0 ru=233600 rp=234432
18:41:10.750 @T t=26492 s=0.000 lv=-39.2 pk=-37.1 c0=3.3 c1=4.9 kw=5.00 inf=1.54 iv=0.00 n=0 d=0 sk=3 hf=97948 hm=97116 ht=283156 pf=0 pm=0 pt=0 ru=233600 rp=234432
18:41:10.750 @T t=26598 s=0.000 lv=-39.0 pk=-37.5 c0=4.7 c1=5.2 kw=5.02 inf=1.54 iv=0.00 n=0 d=0 sk=3 hf=97948 hm=97116 ht=283156 pf=0 pm=0 pt=0 ru=233600 rp=234432
18:41:10.750 @T t=26684 s=0.000 lv=-35.9 pk=-33.2 c0=4.7 c1=22.5 kw=22.29 inf=1.42 iv=1.04 n=13 d=0 sk=0 hf=97948 hm=97116 ht=283156 pf=0 pm=0 pt=0 ru=233600 rp=234432
18:41:10.750 @T t=26790 s=0.000 lv=-37.8 pk=-36.2 c0=3.4 c1=8.6 kw=8.47 inf=2.76 iv=1.18 n=3 d=0 sk=0 hf=97948 hm=97116 ht=283156 pf=0 pm=0 pt=0 ru=233600 rp=234432
18:41:10.750 @T t=26896 s=0.000 lv=-39.4 pk=-38.5 c0=3.4 c1=8.7 kw=8.48 inf=2.76 iv=1.16 n=3 d=0 sk=0 hf=97948 hm=97116 ht=283156 pf=0 pm=0 pt=0 ru=233600 rp=234432
18:41:10.751 @T t=26983 s=0.000 lv=-38.5 pk=-37.6 c0=4.1 c1=11.7 kw=11.76 inf=2.38 iv=1.17 n=4 d=0 sk=0 hf=97948 hm=97116 ht=283156 pf=0 pm=0 pt=0 ru=233600 rp=234432
18:41:13.157 @T t=27089 s=0.000 lv=-39.1 pk=-38.2 c0=4.3 c1=10.2 kw=9.06 inf=2.96 iv=1.33 n=3 d=0 sk=0 hf=97948 hm=97116 ht=283156 pf=0 pm=0 pt=0 ru=233600 rp=234432
18:41:13.157 @T t=27195 s=0.000 lv=-37.6 pk=-35.6 c0=3.4 c1=8.7 kw=8.50 inf=2.77 iv=1.17 n=3 d=0 sk=0 hf=97948 hm=97116 ht=283156 pf=0 pm=0 pt=0 ru=233600 rp=234432
18:41:13.157 @I ww=marvin cut=0.50 win=5 cool=1000 tick=100 wifi=0 srv=0 li=0 ln=0
18:41:13.158 @T t=27287 s=0.000 lv=-37.9 pk=-36.5 c0=4.9 c1=11.4 kw=11.17 inf=2.39 iv=1.18 n=4 d=0 sk=0 hf=97948 hm=97116 ht=283156 pf=0 pm=0 pt=0 ru=233600 rp=234432
18:41:13.158 @T t=27393 s=0.000 lv=-38.0 pk=-36.6 c0=3.8 c1=9.0 kw=8.77 inf=2.86 iv=1.24 n=3 d=0 sk=0 hf=97948 hm=97116 ht=283156 pf=0 pm=0 pt=0 ru=233600 rp=234432
18:41:13.158 @T t=27499 s=0.000 lv=-39.3 pk=-37.7 c0=3.4 c1=8.7 kw=8.57 inf=2.79 iv=1.19 n=3 d=0 sk=0 hf=97948 hm=97116 ht=283156 pf=0 pm=0 pt=0 ru=233600 rp=234432
18:41:13.158 @T t=27585 s=0.000 lv=-39.0 pk=-38.4 c0=4.1 c1=11.7 kw=11.52 inf=2.30 iv=1.10 n=4 d=0 sk=0 hf=97948 hm=97116 ht=283156 pf=0 pm=0 pt=0 ru=233600 rp=234432
18:41:13.158 @T t=27691 s=0.000 lv=-40.4 pk=-39.3 c0=3.2 c1=8.5 kw=8.31 inf=2.71 iv=1.12 n=3 d=0 sk=0 hf=97948 hm=97116 ht=283156 pf=0 pm=0 pt=0 ru=233600 rp=234432
18:41:13.158 I (28090) wifi:state: init -> auth (0xb0)
18:41:13.158 @T t=27797 s=0.000 lv=-39.6 pk=-38.0 c0=9.8 c1=9.3 kw=9.05 inf=2.95 iv=1.31 n=3 d=0 sk=0 hf=97872 hm=97116 ht=283156 pf=0 pm=0 pt=0 ru=233676 rp=234432
18:41:13.158 @T t=27884 s=0.000 lv=-38.4 pk=-36.7 c0=4.6 c1=12.0 kw=11.79 inf=2.38 iv=1.16 n=4 d=0 sk=0 hf=97872 hm=97116 ht=283156 pf=0 pm=0 pt=0 ru=233676 rp=234432
18:41:13.158 @T t=27990 s=0.000 lv=-39.0 pk=-37.8 c0=6.7 c1=8.6 kw=8.44 inf=2.75 iv=1.15 n=3 d=0 sk=0 hf=97872 hm=97116 ht=283156 pf=0 pm=0 pt=0 ru=233676 rp=234432
18:41:13.158 @T t=28096 s=0.000 lv=-39.4 pk=-38.3 c0=4.0 c1=10.0 kw=9.09 inf=2.97 iv=1.32 n=3 d=0 sk=0 hf=97872 hm=97116 ht=283156 pf=0 pm=0 pt=0 ru=233676 rp=234432
18:41:13.158 @T t=28183 s=0.000 lv=-38.9 pk=-38.2 c0=4.5 c1=11.8 kw=11.92 inf=2.41 iv=1.20 n=4 d=0 sk=0 hf=97872 hm=97116 ht=283156 pf=0 pm=0 pt=0 ru=233676 rp=234432
18:41:13.158 @I ww=marvin cut=0.50 win=5 cool=1000 tick=100 wifi=0 srv=0 li=0 ln=0
18:41:13.158 @T t=28295 s=0.000 lv=-38.2 pk=-36.3 c0=4.0 c1=5.2 kw=4.78 inf=1.56 iv=0.00 n=0 d=0 sk=3 hf=97872 hm=97116 ht=283156 pf=0 pm=0 pt=0 ru=233676 rp=234432
18:41:13.158 @T t=28381 s=0.000 lv=-40.5 pk=-39.4 c0=7.9 c1=4.9 kw=5.04 inf=1.83 iv=0.00 n=0 d=0 sk=2 hf=97872 hm=97116 ht=283156 pf=0 pm=0 pt=0 ru=233676 rp=234432
18:41:13.158 @T t=28487 s=0.000 lv=-37.3 pk=-35.2 c0=6.5 c1=6.3 kw=5.96 inf=1.41 iv=0.00 n=0 d=0 sk=4 hf=97872 hm=97116 ht=283156 pf=0 pm=0 pt=0 ru=233676 rp=234432
18:41:13.159 @T t=28593 s=0.000 lv=-37.5 pk=-34.8 c0=6.4 c1=5.1 kw=4.92 inf=1.51 iv=0.00 n=0 d=0 sk=3 hf=97872 hm=97116 ht=283156 pf=0 pm=0 pt=0 ru=233676 rp=234432
18:41:13.159 @T t=28699 s=0.000 lv=-39.9 pk=-38.2 c0=6.4 c1=5.1 kw=4.92 inf=1.52 iv=0.00 n=0 d=0 sk=3 hf=97872 hm=97116 ht=283156 pf=0 pm=0 pt=0 ru=233676 rp=234432
18:41:13.159 I (29092) wifi:state: auth -> init (0x200)
18:41:13.159 @T t=28785 s=0.000 lv=-40.0 pk=-38.3 c0=12.7 c1=6.7 kw=6.27 inf=1.57 iv=0.00 n=0 d=0 sk=3 hf=97892 hm=97116 ht=283156 pf=0 pm=0 pt=0 ru=233656 rp=234432
18:41:13.159 @T t=28891 s=0.000 lv=-38.7 pk=-38.3 c0=6.6 c1=5.1 kw=5.03 inf=1.55 iv=0.00 n=0 d=0 sk=3 hf=97892 hm=97116 ht=283156 pf=0 pm=0 pt=0 ru=233656 rp=234432
18:41:13.159 @T t=28997 s=0.000 lv=-38.0 pk=-35.2 c0=7.0 c1=5.2 kw=4.98 inf=1.53 iv=0.00 n=0 d=0 sk=3 hf=97892 hm=97116 ht=283156 pf=0 pm=0 pt=0 ru=233656 rp=234432
18:41:13.159 @T t=29083 s=0.000 lv=-38.3 pk=-36.9 c0=5.4 c1=7.5 kw=6.31 inf=1.57 iv=0.00 n=0 d=0 sk=3 hf=97892 hm=97116 ht=283156 pf=0 pm=0 pt=0 ru=233656 rp=234432
18:41:13.159 @T t=29189 s=0.000 lv=-39.3 pk=-37.2 c0=7.3 c1=5.2 kw=5.06 inf=1.56 iv=0.00 n=0 d=0 sk=3 hf=97892 hm=97116 ht=283156 pf=0 pm=0 pt=0 ru=233656 rp=234432
18:41:13.159 @I ww=marvin cut=0.50 win=5 cool=1000 tick=100 wifi=0 srv=0 li=0 ln=0
18:41:13.159 @T t=29281 s=0.000 lv=-39.1 pk=-38.0 c0=5.5 c1=4.6 kw=4.72 inf=1.83 iv=0.00 n=0 d=0 sk=2 hf=97892 hm=97116 ht=283156 pf=0 pm=0 pt=0 ru=233656 rp=234432
18:41:13.159 @T t=29387 s=0.000 lv=-39.7 pk=-38.5 c0=4.1 c1=6.6 kw=6.09 inf=1.45 iv=0.00 n=0 d=0 sk=4 hf=97892 hm=97116 ht=283156 pf=0 pm=0 pt=0 ru=233656 rp=234432
18:41:15.549 @T t=29493 s=0.000 lv=-38.7 pk=-37.5 c0=3.1 c1=5.1 kw=5.01 inf=1.54 iv=0.00 n=0 d=0 sk=3 hf=97892 hm=97116 ht=283156 pf=0 pm=0 pt=0 ru=233656 rp=234432
18:41:15.549 @T t=29599 s=0.000 lv=-39.2 pk=-37.0 c0=3.7 c1=5.2 kw=4.98 inf=1.53 iv=0.00 n=0 d=0 sk=3 hf=97892 hm=97116 ht=283156 pf=0 pm=0 pt=0 ru=233656 rp=234432
18:41:15.549 @T t=29685 s=0.000 lv=-39.0 pk=-37.5 c0=4.7 c1=6.4 kw=6.22 inf=1.55 iv=0.00 n=0 d=0 sk=3 hf=97892 hm=97116 ht=283156 pf=0 pm=0 pt=0 ru=233656 rp=234432
18:41:15.550 @T t=29791 s=0.000 lv=-41.3 pk=-39.7 c0=4.0 c1=5.2 kw=5.00 inf=1.54 iv=0.00 n=0 d=0 sk=3 hf=97892 hm=97116 ht=283156 pf=0 pm=0 pt=0 ru=233656 rp=234432
18:41:15.550 @T t=29897 s=0.000 lv=-39.9 pk=-38.4 c0=4.0 c1=5.2 kw=5.03 inf=1.55 iv=0.00 n=0 d=0 sk=3 hf=97892 hm=97116 ht=283156 pf=0 pm=0 pt=0 ru=233656 rp=234432
18:41:15.550 @T t=29983 s=0.000 lv=-40.4 pk=-38.5 c0=4.7 c1=6.2 kw=6.09 inf=1.52 iv=0.00 n=0 d=0 sk=3 hf=97892 hm=97116 ht=283156 pf=0 pm=0 pt=0 ru=233656 rp=234432
18:41:15.550 @T t=30089 s=0.000 lv=-40.8 pk=-39.2 c0=6.9 c1=6.0 kw=5.03 inf=1.55 iv=0.00 n=0 d=0 sk=3 hf=97892 hm=97116 ht=283156 pf=0 pm=0 pt=0 ru=233656 rp=234432
18:41:15.550 @T t=30195 s=0.000 lv=-40.6 pk=-39.9 c0=6.5 c1=5.1 kw=5.00 inf=1.54 iv=0.00 n=0 d=0 sk=3 hf=97892 hm=97116 ht=283156 pf=0 pm=0 pt=0 ru=233656 rp=234432
18:41:15.550 @I ww=marvin cut=0.50 win=5 cool=1000 tick=100 wifi=0 srv=0 li=0 ln=0
18:41:15.550 @T t=30287 s=0.000 lv=-39.5 pk=-37.9 c0=13.5 c1=5.8 kw=5.68 inf=1.52 iv=0.00 n=0 d=0 sk=3 hf=97892 hm=97116 ht=283156 pf=0 pm=0 pt=0 ru=233656 rp=234432
18:41:15.550 @T t=30393 s=0.000 lv=-39.8 pk=-38.1 c0=6.9 c1=5.1 kw=4.92 inf=1.51 iv=0.00 n=0 d=0 sk=3 hf=97892 hm=97116 ht=283156 pf=0 pm=0 pt=0 ru=233656 rp=234432
18:41:15.550 @T t=30499 s=0.000 lv=-40.9 pk=-39.7 c0=3.2 c1=5.1 kw=4.94 inf=1.52 iv=0.00 n=0 d=0 sk=3 hf=97892 hm=97116 ht=283156 pf=0 pm=0 pt=0 ru=233656 rp=234432
18:41:15.550 @T t=30585 s=0.000 lv=-40.0 pk=-38.2 c0=3.6 c1=6.2 kw=6.07 inf=1.51 iv=0.00 n=0 d=0 sk=3 hf=97892 hm=97116 ht=283156 pf=0 pm=0 pt=0 ru=233656 rp=234432
18:41:15.550 @T t=30691 s=0.000 lv=-40.0 pk=-38.6 c0=2.9 c1=5.0 kw=4.91 inf=1.51 iv=0.00 n=0 d=0 sk=3 hf=97892 hm=97116 ht=283156 pf=0 pm=0 pt=0 ru=233656 rp=234432
18:41:15.550 @T t=30797 s=0.000 lv=-39.8 pk=-38.5 c0=3.3 c1=5.1 kw=4.92 inf=1.51 iv=0.00 n=0 d=0 sk=3 hf=97892 hm=97116 ht=283156 pf=0 pm=0 pt=0 ru=233656 rp=234432
18:41:15.550 @T t=30883 s=0.000 lv=-40.7 pk=-39.2 c0=3.9 c1=6.3 kw=6.14 inf=1.54 iv=0.00 n=0 d=0 sk=3 hf=97892 hm=97116 ht=283156 pf=0 pm=0 pt=0 ru=233656 rp=234432
18:41:15.550 @T t=30989 s=0.000 lv=-41.4 pk=-40.9 c0=3.0 c1=5.0 kw=4.92 inf=1.51 iv=0.00 n=0 d=0 sk=3 hf=97892 hm=97116 ht=283156 pf=0 pm=0 pt=0 ru=233656 rp=234432
18:41:15.550 I (31451) wifi:state: init -> auth (0xb0)
18:41:15.550 @T t=31095 s=0.000 lv=-40.1 pk=-37.4 c0=6.5 c1=6.1 kw=5.13 inf=1.57 iv=0.00 n=0 d=0 sk=3 hf=97872 hm=97116 ht=283156 pf=0 pm=0 pt=0 ru=233676 rp=234432
18:41:15.550 [status] up 31s | mic -39.4 dBFS (peak -33.2) | score max 0.00 | detections 0 | inferences 63 (6.3/s; model 1.16 ms each, paused in quiet 80%; features 1.48 ms per 30 ms) | CPU core0  5.2% core1  6.4% (wake word pipeline 6.08% of one core) | RAM used 228 KB (peak 228 KB, 95 KB free) | wifi --, server -- | audio lost since boot: i2s 0 net 0
18:41:15.550 @T t=31183 s=0.000 lv=-39.5 pk=-38.2 c0=13.7 c1=6.2 kw=6.11 inf=1.56 iv=0.00 n=0 d=0 sk=3 hf=97872 hm=97116 ht=283156 pf=0 pm=0 pt=0 ru=233676 rp=234432
18:41:15.550 @I ww=marvin cut=0.50 win=5 cool=1000 tick=100 wifi=0 srv=0 li=0 ln=0
18:41:15.550 @T t=31295 s=0.000 lv=-39.2 pk=-38.3 c0=11.1 c1=4.8 kw=4.68 inf=1.52 iv=0.00 n=0 d=0 sk=3 hf=97872 hm=97116 ht=283156 pf=0 pm=0 pt=0 ru=233676 rp=234432
18:41:15.550 @T t=31381 s=0.000 lv=-40.0 pk=-39.4 c0=7.9 c1=4.9 kw=5.05 inf=1.84 iv=0.00 n=0 d=0 sk=2 hf=97872 hm=97116 ht=283156 pf=0 pm=0 pt=0 ru=233676 rp=234432
18:41:15.550 @T t=31487 s=0.000 lv=-37.6 pk=-35.7 c0=3.1 c1=6.3 kw=5.97 inf=1.41 iv=0.00 n=0 d=0 sk=4 hf=97872 hm=97116 ht=283156 pf=0 pm=0 pt=0 ru=233676 rp=234432
18:41:15.550 @T t=31593 s=0.000 lv=-38.4 pk=-35.6 c0=3.1 c1=5.1 kw=4.93 inf=1.52 iv=0.00 n=0 d=0 sk=3 hf=97872 hm=97116 ht=283156 pf=0 pm=0 pt=0 ru=233676 rp=234432
18:41:15.550 @T t=31699 s=0.000 lv=-39.2 pk=-38.6 c0=6.4 c1=5.1 kw=4.92 inf=1.52 iv=0.00 n=0 d=0 sk=3 hf=97872 hm=97116 ht=283156 pf=0 pm=0 pt=0 ru=233676 rp=234432
18:41:15.550 @T t=31785 s=0.000 lv=-39.0 pk=-38.4 c0=3.9 c1=6.3 kw=6.14 inf=1.54 iv=0.00 n=0 d=0 sk=3 hf=97872 hm=97116 ht=283156 pf=0 pm=0 pt=0 ru=233676 rp=234432
18:41:18.022 @T t=31891 s=0.000 lv=-38.6 pk=-37.9 c0=6.6 c1=5.1 kw=4.96 inf=1.53 iv=0.00 n=0 d=0 sk=3 hf=97872 hm=97116 ht=283156 pf=0 pm=0 pt=0 ru=233676 rp=234432
18:41:18.022 @T t=31997 s=0.000 lv=-40.0 pk=-39.4 c0=3.2 c1=5.1 kw=4.96 inf=1.52 iv=0.00 n=0 d=0 sk=3 hf=97872 hm=97116 ht=283156 pf=0 pm=0 pt=0 ru=233676 rp=234432
18:41:18.022 I (32452) wifi:state: auth -> init (0x200)
18:41:18.022 @T t=32083 s=0.000 lv=-40.0 pk=-38.2 c0=13.1 c1=7.8 kw=6.44 inf=1.61 iv=0.00 n=0 d=0 sk=3 hf=97892 hm=97116 ht=283156 pf=0 pm=0 pt=0 ru=233656 rp=234432
18:41:18.022 @T t=32189 s=0.000 lv=-39.3 pk=-38.1 c0=6.5 c1=5.0 kw=4.91 inf=1.51 iv=0.00 n=0 d=0 sk=3 hf=97892 hm=97116 ht=283156 pf=0 pm=0 pt=0 ru=233656 rp=234432
18:41:18.022 @I ww=marvin cut=0.50 win=5 cool=1000 tick=100 wifi=0 srv=0 li=0 ln=0
18:41:18.022 @T t=32281 s=0.000 lv=-39.4 pk=-38.5 c0=5.2 c1=4.7 kw=4.80 inf=1.87 iv=0.00 n=0 d=0 sk=2 hf=97892 hm=97116 ht=283156 pf=0 pm=0 pt=0 ru=233656 rp=234432
18:41:18.022 @T t=32387 s=0.000 lv=-38.8 pk=-37.5 c0=7.1 c1=6.5 kw=6.08 inf=1.44 iv=0.00 n=0 d=0 sk=4 hf=97892 hm=97116 ht=283156 pf=0 pm=0 pt=0 ru=233656 rp=234432
18:41:18.022 @T t=32493 s=0.000 lv=-39.1 pk=-37.8 c0=3.8 c1=5.2 kw=5.02 inf=1.54 iv=0.00 n=0 d=0 sk=3 hf=97892 hm=97116 ht=283156 pf=0 pm=0 pt=0 ru=233656 rp=234432
18:41:18.022 @T t=32599 s=0.000 lv=-38.7 pk=-37.1 c0=3.8 c1=5.2 kw=5.05 inf=1.55 iv=0.00 n=0 d=0 sk=3 hf=97892 hm=97116 ht=283156 pf=0 pm=0 pt=0 ru=233656 rp=234432
18:41:18.022 @T t=32685 s=0.000 lv=-39.2 pk=-38.1 c0=5.0 c1=6.5 kw=6.25 inf=1.57 iv=0.00 n=0 d=0 sk=3 hf=97892 hm=97116 ht=283156 pf=0 pm=0 pt=0 ru=233656 rp=234432
18:41:18.022 @T t=32791 s=0.000 lv=-37.9 pk=-35.9 c0=3.1 c1=5.1 kw=4.98 inf=1.54 iv=0.00 n=0 d=0 sk=3 hf=97892 hm=97116 ht=283156 pf=0 pm=0 pt=0 ru=233656 rp=234432
18:41:18.022 @T t=32897 s=0.000 lv=-38.7 pk=-38.0 c0=3.8 c1=5.3 kw=5.08 inf=1.56 iv=0.00 n=0 d=0 sk=3 hf=97892 hm=97116 ht=283156 pf=0 pm=0 pt=0 ru=233656 rp=234432
18:41:18.022 @T t=32983 s=0.000 lv=-37.7 pk=-36.2 c0=4.8 c1=6.4 kw=6.18 inf=1.54 iv=0.00 n=0 d=0 sk=3 hf=97892 hm=97116 ht=283156 pf=0 pm=0 pt=0 ru=233656 rp=234432
18:41:18.023 @T t=33089 s=0.000 lv=-35.6 pk=-32.1 c0=5.5 c1=17.0 kw=16.69 inf=1.42 iv=1.09 n=11 d=0 sk=1 hf=97892 hm=97116 ht=283156 pf=0 pm=0 pt=0 ru=233656 rp=234432
18:41:18.023 @T t=33195 s=0.000 lv=-38.9 pk=-37.5 c0=4.2 c1=10.2 kw=9.94 inf=2.45 iv=1.24 n=4 d=0 sk=0 hf=97892 hm=97116 ht=283156 pf=0 pm=0 pt=0 ru=233656 rp=234432
18:41:18.023 @I ww=marvin cut=0.50 win=5 cool=1000 tick=100 wifi=0 srv=0 li=0 ln=0
18:41:18.023 @T t=33286 s=0.000 lv=-38.8 pk=-36.5 c0=6.3 c1=10.3 kw=10.07 inf=2.82 iv=1.21 n=3 d=0 sk=0 hf=97892 hm=97116 ht=283156 pf=0 pm=0 pt=0 ru=233656 rp=234432
18:41:18.023 @T t=33392 s=0.000 lv=-39.9 pk=-38.7 c0=3.3 c1=8.7 kw=8.58 inf=2.80 iv=1.19 n=3 d=0 sk=0 hf=97892 hm=97116 ht=283156 pf=0 pm=0 pt=0 ru=233656 rp=234432
18:41:18.023 @T t=33498 s=0.000 lv=-38.3 pk=-35.8 c0=3.3 c1=9.6 kw=9.47 inf=2.33 iv=1.13 n=4 d=0 sk=0 hf=97892 hm=97116 ht=283156 pf=0 pm=0 pt=0 ru=233656 rp=234432
18:41:18.023 @T t=33584 s=0.000 lv=-39.2 pk=-37.3 c0=4.0 c1=10.6 kw=10.39 inf=2.75 iv=1.15 n=3 d=0 sk=0 hf=97892 hm=97116 ht=283156 pf=0 pm=0 pt=0 ru=233656 rp=234432
18:41:18.023 @T t=33690 s=0.000 lv=-38.9 pk=-37.3 c0=3.7 c1=8.7 kw=8.54 inf=2.78 iv=1.18 n=3 d=0 sk=0 hf=97892 hm=97116 ht=283156 pf=0 pm=0 pt=0 ru=233656 rp=234432
18:41:18.023 @T t=33796 s=0.000 lv=-37.2 pk=-35.1 c0=5.9 c1=9.4 kw=9.21 inf=2.27 iv=1.08 n=4 d=0 sk=0 hf=97892 hm=97116 ht=283156 pf=0 pm=0 pt=0 ru=233656 rp=234432
18:41:18.023 @T t=33882 s=0.000 lv=-39.1 pk=-37.4 c0=4.1 c1=9.0 kw=7.92 inf=3.06 iv=1.15 n=2 d=0 sk=0 hf=97892 hm=97116 ht=283156 pf=0 pm=0 pt=0 ru=233656 rp=234432
18:41:18.023 @T t=33988 s=0.000 lv=-39.0 pk=-37.8 c0=3.3 c1=10.0 kw=10.52 inf=2.61 iv=1.11 n=4 d=0 sk=0 hf=97892 hm=97116 ht=283156 pf=0 pm=0 pt=0 ru=233656 rp=234432
18:41:18.023 @T t=34094 s=0.000 lv=-39.7 pk=-37.7 c0=4.4 c1=11.4 kw=10.38 inf=2.56 iv=1.32 n=4 d=0 sk=0 hf=97892 hm=97116 ht=283156 pf=0 pm=0 pt=0 ru=233656 rp=234432
18:41:18.023 @T t=34200 s=0.000 lv=-40.0 pk=-38.8 c0=3.4 c1=8.4 kw=8.27 inf=2.69 iv=1.11 n=3 d=0 sk=0 hf=97892 hm=97116 ht=283156 pf=0 pm=0 pt=0 ru=233656 rp=234432
18:41:18.023 @I ww=marvin cut=0.50 win=5 cool=1000 tick=100 wifi=0 srv=0 li=0 ln=0
18:41:18.023 @T t=34294 s=0.000 lv=-39.8 pk=-38.8 c0=16.0 c1=10.0 kw=9.74 inf=2.81 iv=1.17 n=3 d=0 sk=0 hf=97892 hm=97116 ht=283156 pf=0 pm=0 pt=0 ru=233656 rp=234432
18:41:20.440 I (34747) wifi:state: init -> auth (0xb0)
18:41:20.441 @T t=34400 s=0.000 lv=-41.2 pk=-40.1 c0=6.4 c1=10.1 kw=9.87 inf=2.43 iv=1.20 n=4 d=0 sk=0 hf=97872 hm=97116 ht=283156 pf=0 pm=0 pt=0 ru=233676 rp=234432
18:41:20.441 @T t=34489 s=0.000 lv=-40.2 pk=-38.6 c0=11.0 c1=10.6 kw=10.40 inf=2.84 iv=1.18 n=3 d=0 sk=0 hf=97872 hm=97116 ht=283156 pf=0 pm=0 pt=0 ru=233676 rp=234432
18:41:20.441 @T t=34595 s=0.000 lv=-39.2 pk=-37.7 c0=3.5 c1=8.9 kw=8.70 inf=2.84 iv=1.22 n=3 d=0 sk=0 hf=97872 hm=97116 ht=283156 pf=0 pm=0 pt=0 ru=233676 rp=234432
18:41:20.441 @T t=34681 s=0.000 lv=-38.6 pk=-37.7 c0=4.3 c1=8.2 kw=8.22 inf=2.12 iv=1.25 n=2 d=0 sk=1 hf=97872 hm=97116 ht=283156 pf=0 pm=0 pt=0 ru=233676 rp=234432
18:41:20.441 @T t=34787 s=0.000 lv=-40.4 pk=-38.0 c0=6.6 c1=6.4 kw=6.08 inf=1.44 iv=0.00 n=0 d=0 sk=4 hf=97872 hm=97116 ht=283156 pf=0 pm=0 pt=0 ru=233676 rp=234432
18:41:20.441 @T t=34893 s=0.000 lv=-40.2 pk=-38.8 c0=3.2 c1=5.1 kw=4.94 inf=1.52 iv=0.00 n=0 d=0 sk=3 hf=97872 hm=97116 ht=283156 pf=0 pm=0 pt=0 ru=233676 rp=234432
18:41:20.441 @T t=34999 s=0.000 lv=-39.4 pk=-37.9 c0=3.1 c1=5.1 kw=4.93 inf=1.52 iv=0.00 n=0 d=0 sk=3 hf=97872 hm=97116 ht=283156 pf=0 pm=0 pt=0 ru=233676 rp=234432
18:41:20.441 @T t=35085 s=0.000 lv=-40.2 pk=-39.8 c0=9.4 c1=6.6 kw=6.30 inf=1.57 iv=0.00 n=0 d=0 sk=3 hf=97872 hm=97116 ht=283156 pf=0 pm=0 pt=0 ru=233676 rp=234432
18:41:20.441 @T t=35191 s=0.000 lv=-39.2 pk=-37.9 c0=6.7 c1=5.1 kw=4.97 inf=1.53 iv=0.00 n=0 d=0 sk=3 hf=97872 hm=97116 ht=283156 pf=0 pm=0 pt=0 ru=233676 rp=234432
18:41:20.441 @I ww=marvin cut=0.50 win=5 cool=1000 tick=100 wifi=0 srv=0 li=0 ln=0
18:41:20.441 @T t=35283 s=0.000 lv=-39.7 pk=-39.2 c0=4.5 c1=5.9 kw=5.69 inf=1.52 iv=0.00 n=0 d=0 sk=3 hf=97872 hm=97116 ht=283156 pf=0 pm=0 pt=0 ru=233676 rp=234432
18:41:20.441 I (35749) wifi:state: auth -> init (0x200)
18:41:20.441 W (35750) wifi: cannot connect (reason 2). Check the name/password in menuconfig; the ESP32 needs a 2.4 GHz network (201 = network not found, 15/204 = wrong password)
18:41:20.441 @T t=35389 s=0.000 lv=-38.6 pk=-37.8 c0=7.4 c1=5.4 kw=5.10 inf=1.57 iv=0.00 n=0 d=0 sk=3 hf=97892 hm=97116 ht=283156 pf=0 pm=0 pt=0 ru=233656 rp=234432
18:41:20.442 @T t=35496 s=0.000 lv=-40.1 pk=-38.9 c0=8.9 c1=5.2 kw=5.07 inf=1.57 iv=0.00 n=0 d=0 sk=3 hf=97892 hm=97116 ht=283156 pf=0 pm=0 pt=0 ru=233656 rp=234432
18:41:20.442 @T t=35582 s=0.000 lv=-40.5 pk=-39.3 c0=4.8 c1=6.2 kw=6.20 inf=1.55 iv=0.00 n=0 d=0 sk=3 hf=97892 hm=97116 ht=283156 pf=0 pm=0 pt=0 ru=233656 rp=234432
18:41:20.442 @T t=35688 s=0.000 lv=-39.7 pk=-38.8 c0=3.9 c1=5.3 kw=5.03 inf=1.55 iv=0.00 n=0 d=0 sk=3 hf=97892 hm=97116 ht=283156 pf=0 pm=0 pt=0 ru=233656 rp=234432
18:41:20.442 @T t=35794 s=0.000 lv=-40.1 pk=-39.1 c0=3.1 c1=5.0 kw=4.91 inf=1.51 iv=0.00 n=0 d=0 sk=3 hf=97892 hm=97116 ht=283156 pf=0 pm=0 pt=0 ru=233656 rp=234432
18:41:20.442 @T t=35881 s=0.000 lv=-37.3 pk=-35.5 c0=4.7 c1=5.0 kw=5.09 inf=1.86 iv=0.00 n=0 d=0 sk=2 hf=97892 hm=97116 ht=283156 pf=0 pm=0 pt=0 ru=233656 rp=234432
18:41:20.442 @T t=35987 s=0.000 lv=-37.8 pk=-36.3 c0=7.3 c1=6.6 kw=6.18 inf=1.46 iv=0.00 n=0 d=0 sk=4 hf=97892 hm=97116 ht=283156 pf=0 pm=0 pt=0 ru=233656 rp=234432
18:41:20.442 @T t=36093 s=0.000 lv=-39.9 pk=-38.2 c0=5.3 c1=5.4 kw=5.23 inf=1.61 iv=0.00 n=0 d=0 sk=3 hf=97892 hm=97116 ht=283156 pf=0 pm=0 pt=0 ru=233656 rp=234432
18:41:20.442 @T t=36199 s=0.000 lv=-40.0 pk=-38.8 c0=6.8 c1=5.2 kw=5.05 inf=1.55 iv=0.00 n=0 d=0 sk=3 hf=97892 hm=97116 ht=283156 pf=0 pm=0 pt=0 ru=233656 rp=234432
18:41:20.442 @I ww=marvin cut=0.50 win=5 cool=1000 tick=100 wifi=0 srv=0 li=0 ln=0
18:41:20.442 @T t=36291 s=0.000 lv=-37.7 pk=-36.9 c0=5.4 c1=5.9 kw=5.73 inf=1.53 iv=0.00 n=0 d=0 sk=3 hf=97892 hm=97116 ht=283156 pf=0 pm=0 pt=0 ru=233656 rp=234432
18:41:20.442 @T t=36397 s=0.000 lv=-38.9 pk=-37.9 c0=3.2 c1=5.1 kw=5.01 inf=1.54 iv=0.00 n=0 d=0 sk=3 hf=97892 hm=97116 ht=283156 pf=0 pm=0 pt=0 ru=233656 rp=234432
18:41:20.442 @T t=36484 s=0.000 lv=-39.4 pk=-37.9 c0=8.6 c1=6.4 kw=6.14 inf=1.55 iv=0.00 n=0 d=0 sk=3 hf=97892 hm=97116 ht=283156 pf=0 pm=0 pt=0 ru=233656 rp=234432
18:41:20.442 @T t=36590 s=0.000 lv=-40.1 pk=-38.7 c0=7.3 c1=5.2 kw=5.02 inf=1.54 iv=0.00 n=0 d=0 sk=3 hf=97892 hm=97116 ht=283156 pf=0 pm=0 pt=0 ru=233656 rp=234432
18:41:20.442 @T t=36696 s=0.000 lv=-37.0 pk=-35.1 c0=4.1 c1=5.1 kw=5.00 inf=1.54 iv=0.00 n=0 d=0 sk=3 hf=97892 hm=97116 ht=283156 pf=0 pm=0 pt=0 ru=233656 rp=234432
18:41:22.854 @T t=36782 s=0.000 lv=-40.0 pk=-38.2 c0=3.8 c1=6.1 kw=6.09 inf=1.52 iv=0.00 n=0 d=0 sk=3 hf=97892 hm=97116 ht=283156 pf=0 pm=0 pt=0 ru=233656 rp=234432
18:41:22.854 @T t=36888 s=0.000 lv=-39.3 pk=-38.6 c0=3.1 c1=5.2 kw=4.93 inf=1.52 iv=0.00 n=0 d=0 sk=3 hf=97892 hm=97116 ht=283156 pf=0 pm=0 pt=0 ru=233656 rp=234432
18:41:22.854 @T t=36994 s=0.000 lv=-38.3 pk=-36.8 c0=6.3 c1=5.0 kw=4.92 inf=1.51 iv=0.00 n=0 d=0 sk=3 hf=97892 hm=97116 ht=283156 pf=0 pm=0 pt=0 ru=233656 rp=234432
18:41:22.854 @T t=37100 s=0.000 lv=-38.9 pk=-37.5 c0=3.8 c1=6.0 kw=5.04 inf=1.55 iv=0.00 n=0 d=0 sk=3 hf=97892 hm=97116 ht=283156 pf=0 pm=0 pt=0 ru=233656 rp=234432
18:41:22.854 @T t=37189 s=0.000 lv=-39.3 pk=-38.3 c0=3.7 c1=6.2 kw=6.04 inf=1.56 iv=0.00 n=0 d=0 sk=3 hf=97892 hm=97116 ht=283156 pf=0 pm=0 pt=0 ru=233656 rp=234432
18:41:22.855 @I ww=marvin cut=0.50 win=5 cool=1000 tick=100 wifi=0 srv=0 li=0 ln=0
18:41:22.855 @T t=37281 s=0.000 lv=-39.5 pk=-38.0 c0=4.3 c1=4.6 kw=4.69 inf=1.82 iv=0.00 n=0 d=0 sk=2 hf=97892 hm=97116 ht=283156 pf=0 pm=0 pt=0 ru=233656 rp=234432
18:41:22.855 @T t=37387 s=0.000 lv=-39.4 pk=-38.6 c0=6.8 c1=6.4 kw=5.98 inf=1.42 iv=0.00 n=0 d=0 sk=4 hf=97892 hm=97116 ht=283156 pf=0 pm=0 pt=0 ru=233656 rp=234432
18:41:22.855 @T t=37493 s=0.000 lv=-39.3 pk=-38.6 c0=3.0 c1=5.1 kw=4.93 inf=1.52 iv=0.00 n=0 d=0 sk=3 hf=97892 hm=97116 ht=283156 pf=0 pm=0 pt=0 ru=233656 rp=234432
18:41:22.855 @T t=37599 s=0.000 lv=-39.6 pk=-38.3 c0=2.9 c1=5.0 kw=4.90 inf=1.51 iv=0.00 n=0 d=0 sk=3 hf=97892 hm=97116 ht=283156 pf=0 pm=0 pt=0 ru=233656 rp=234432
18:41:22.855 @T t=37685 s=0.000 lv=-39.7 pk=-39.0 c0=3.6 c1=6.2 kw=6.05 inf=1.51 iv=0.00 n=0 d=0 sk=3 hf=97892 hm=97116 ht=283156 pf=0 pm=0 pt=0 ru=233656 rp=234432
18:41:22.855 I (38108) wifi:state: init -> auth (0xb0)
18:41:22.855 @T t=37791 s=0.000 lv=-38.8 pk=-37.4 c0=5.8 c1=5.3 kw=5.08 inf=1.56 iv=0.00 n=0 d=0 sk=3 hf=97872 hm=97116 ht=283156 pf=0 pm=0 pt=0 ru=233676 rp=234432
18:41:22.855 @T t=37897 s=0.000 lv=-39.6 pk=-37.1 c0=3.7 c1=5.1 kw=4.98 inf=1.53 iv=0.00 n=0 d=0 sk=3 hf=97872 hm=97116 ht=283156 pf=0 pm=0 pt=0 ru=233676 rp=234432
18:41:22.855 @T t=37983 s=0.000 lv=-40.5 pk=-38.8 c0=3.7 c1=6.2 kw=6.06 inf=1.51 iv=0.00 n=0 d=0 sk=3 hf=97872 hm=97116 ht=283156 pf=0 pm=0 pt=0 ru=233676 rp=234432
18:41:22.855 @T t=38089 s=0.000 lv=-38.8 pk=-37.7 c0=3.6 c1=5.9 kw=5.01 inf=1.54 iv=0.00 n=0 d=0 sk=3 hf=97872 hm=97116 ht=283156 pf=0 pm=0 pt=0 ru=233676 rp=234432
18:41:22.855 @T t=38195 s=0.000 lv=-39.5 pk=-37.5 c0=3.4 c1=5.1 kw=4.95 inf=1.52 iv=0.00 n=0 d=0 sk=3 hf=97872 hm=97116 ht=283156 pf=0 pm=0 pt=0 ru=233676 rp=234432
18:41:22.855 @I ww=marvin cut=0.50 win=5 cool=1000 tick=100 wifi=0 srv=0 li=0 ln=0
18:41:22.855 @T t=38287 s=0.000 lv=-37.0 pk=-35.5 c0=4.5 c1=5.9 kw=5.73 inf=1.53 iv=0.00 n=0 d=0 sk=3 hf=97872 hm=97116 ht=283156 pf=0 pm=0 pt=0 ru=233676 rp=234432
18:41:22.855 @T t=38393 s=0.000 lv=-38.9 pk=-37.2 c0=6.5 c1=5.1 kw=4.94 inf=1.52 iv=0.00 n=0 d=0 sk=3 hf=97872 hm=97116 ht=283156 pf=0 pm=0 pt=0 ru=233676 rp=234432
18:41:22.855 @T t=38499 s=0.000 lv=-39.2 pk=-38.1 c0=3.2 c1=5.1 kw=4.95 inf=1.52 iv=0.00 n=0 d=0 sk=3 hf=97872 hm=97116 ht=283156 pf=0 pm=0 pt=0 ru=233676 rp=234432
18:41:22.855 @T t=38585 s=0.000 lv=-39.2 pk=-37.4 c0=3.9 c1=6.3 kw=6.09 inf=1.52 iv=0.00 n=0 d=0 sk=3 hf=97872 hm=97116 ht=283156 pf=0 pm=0 pt=0 ru=233676 rp=234432
18:41:22.855 @T t=38691 s=0.000 lv=-38.9 pk=-37.7 c0=6.4 c1=5.1 kw=4.95 inf=1.52 iv=0.00 n=0 d=0 sk=3 hf=97872 hm=97116 ht=283156 pf=0 pm=0 pt=0 ru=233676 rp=234432
18:41:22.855 I (39109) wifi:state: auth -> init (0x200)
18:41:22.855 @T t=38797 s=0.000 lv=-39.2 pk=-37.4 c0=6.6 c1=5.4 kw=5.10 inf=1.57 iv=0.00 n=0 d=0 sk=3 hf=97892 hm=97116 ht=283156 pf=0 pm=0 pt=0 ru=233656 rp=234432
18:41:22.855 @T t=38883 s=0.000 lv=-37.7 pk=-35.6 c0=8.5 c1=6.4 kw=6.21 inf=1.55 iv=0.00 n=0 d=0 sk=3 hf=97892 hm=97116 ht=283156 pf=0 pm=0 pt=0 ru=233656 rp=234432
18:41:22.855 @T t=38989 s=0.000 lv=-39.3 pk=-38.2 c0=3.9 c1=5.2 kw=5.03 inf=1.55 iv=0.00 n=0 d=0 sk=3 hf=97892 hm=97116 ht=283156 pf=0 pm=0 pt=0 ru=233656 rp=234432
18:41:22.855 @T t=39095 s=0.000 lv=-39.1 pk=-38.4 c0=3.7 c1=5.9 kw=5.04 inf=1.55 iv=0.00 n=0 d=0 sk=3 hf=97892 hm=97116 ht=283156 pf=0 pm=0 pt=0 ru=233656 rp=234432
18:41:22.855 @T t=39182 s=0.000 lv=-39.0 pk=-36.9 c0=5.1 c1=6.1 kw=6.10 inf=1.54 iv=0.00 n=0 d=0 sk=3 hf=97892 hm=97116 ht=283156 pf=0 pm=0 pt=0 ru=233656 rp=234432
18:41:22.856 @I ww=marvin cut=0.50 win=5 cool=1000 tick=100 wifi=0 srv=0 li=0 ln=0
18:41:25.245 @T t=39295 s=0.000 lv=-38.9 pk=-38.1 c0=4.4 c1=5.0 kw=4.72 inf=1.55 iv=0.00 n=0 d=0 sk=3 hf=97892 hm=97116 ht=283156 pf=0 pm=0 pt=0 ru=233656 rp=234432
18:41:25.246 @T t=39381 s=0.000 lv=-40.3 pk=-39.2 c0=4.7 c1=5.1 kw=5.18 inf=1.88 iv=0.00 n=0 d=0 sk=2 hf=97892 hm=97116 ht=283156 pf=0 pm=0 pt=0 ru=233656 rp=234432
18:41:25.246 @T t=39487 s=0.000 lv=-40.5 pk=-38.3 c0=3.9 c1=6.5 kw=6.07 inf=1.44 iv=0.00 n=0 d=0 sk=4 hf=97892 hm=97116 ht=283156 pf=0 pm=0 pt=0 ru=233656 rp=234432
18:41:25.246 @T t=39593 s=0.000 lv=-39.6 pk=-39.0 c0=3.8 c1=5.2 kw=5.02 inf=1.55 iv=0.00 n=0 d=0 sk=3 hf=97892 hm=97116 ht=283156 pf=0 pm=0 pt=0 ru=233656 rp=234432
18:41:25.246 @T t=39699 s=0.000 lv=-40.2 pk=-39.0 c0=3.7 c1=4.6 kw=4.89 inf=1.50 iv=0.00 n=0 d=0 sk=3 hf=97704 hm=97060 ht=283156 pf=0 pm=0 pt=0 ru=233844 rp=234488
18:41:25.246 @T t=39786 s=0.000 lv=-39.7 pk=-37.0 c0=4.2 c1=6.9 kw=6.16 inf=1.55 iv=0.00 n=0 d=0 sk=3 hf=97892 hm=97060 ht=283156 pf=0 pm=0 pt=0 ru=233656 rp=234488
18:41:25.246 @T t=39892 s=0.000 lv=-38.2 pk=-36.5 c0=7.7 c1=5.3 kw=5.09 inf=1.57 iv=0.00 n=0 d=0 sk=3 hf=97892 hm=97060 ht=283156 pf=0 pm=0 pt=0 ru=233656 rp=234488
18:41:25.246 @T t=39998 s=0.000 lv=-39.9 pk=-38.7 c0=3.6 c1=5.1 kw=4.99 inf=1.54 iv=0.00 n=0 d=0 sk=3 hf=97892 hm=97060 ht=283156 pf=0 pm=0 pt=0 ru=233656 rp=234488
18:41:25.246 @T t=40084 s=0.000 lv=-40.0 pk=-38.7 c0=4.4 c1=7.3 kw=6.18 inf=1.54 iv=0.00 n=0 d=0 sk=3 hf=97892 hm=97060 ht=283156 pf=0 pm=0 pt=0 ru=233656 rp=234488
18:41:25.246 @T t=40190 s=0.000 lv=-40.2 pk=-38.8 c0=3.2 c1=5.1 kw=4.97 inf=1.53 iv=0.00 n=0 d=0 sk=3 hf=97892 hm=97060 ht=283156 pf=0 pm=0 pt=0 ru=233656 rp=234488
18:41:25.246 @I ww=marvin cut=0.50 win=5 cool=1000 tick=100 wifi=0 srv=0 li=0 ln=0
18:41:25.246 @T t=40282 s=0.000 lv=-39.0 pk=-37.3 c0=4.3 c1=5.7 kw=5.68 inf=1.52 iv=0.00 n=0 d=0 sk=3 hf=97892 hm=97060 ht=283156 pf=0 pm=0 pt=0 ru=233656 rp=234488
18:41:25.246 @T t=40388 s=0.000 lv=-39.5 pk=-38.5 c0=6.8 c1=5.3 kw=5.00 inf=1.53 iv=0.00 n=0 d=0 sk=3 hf=97892 hm=97060 ht=283156 pf=0 pm=0 pt=0 ru=233656 rp=234488
18:41:25.246 @T t=40494 s=0.000 lv=-39.7 pk=-38.9 c0=3.0 c1=5.1 kw=4.95 inf=1.53 iv=0.00 n=0 d=0 sk=3 hf=97892 hm=97060 ht=283156 pf=0 pm=0 pt=0 ru=233656 rp=234488
18:41:25.246 @T t=40600 s=0.000 lv=-40.5 pk=-39.3 c0=2.9 c1=5.0 kw=4.91 inf=1.51 iv=0.00 n=0 d=0 sk=3 hf=97892 hm=97060 ht=283156 pf=0 pm=0 pt=0 ru=233656 rp=234488
18:41:25.246 @T t=40686 s=0.000 lv=-39.8 pk=-38.6 c0=8.0 c1=6.3 kw=6.15 inf=1.53 iv=0.00 n=0 d=0 sk=3 hf=97892 hm=97060 ht=283156 pf=0 pm=0 pt=0 ru=233656 rp=234488
18:41:25.246 @T t=40792 s=0.000 lv=-39.0 pk=-38.1 c0=3.1 c1=5.1 kw=4.95 inf=1.53 iv=0.00 n=0 d=0 sk=3 hf=97892 hm=97060 ht=283156 pf=0 pm=0 pt=0 ru=233656 rp=234488
18:41:25.246 @T t=40898 s=0.000 lv=-39.1 pk=-36.6 c0=6.4 c1=5.1 kw=4.93 inf=1.52 iv=0.00 n=0 d=0 sk=3 hf=97892 hm=97060 ht=283156 pf=0 pm=0 pt=0 ru=233656 rp=234488
18:41:25.246 @T t=40984 s=0.000 lv=-38.2 pk=-37.4 c0=3.7 c1=6.3 kw=6.10 inf=1.52 iv=0.00 n=0 d=0 sk=3 hf=97892 hm=97060 ht=283156 pf=0 pm=0 pt=0 ru=233656 rp=234488
18:41:25.246 I (41404) wifi:state: init -> auth (0xb0)
18:41:25.246 @T t=41090 s=0.000 lv=-38.8 pk=-38.1 c0=6.6 c1=6.2 kw=5.23 inf=1.61 iv=0.00 n=0 d=0 sk=3 hf=97872 hm=97060 ht=283156 pf=0 pm=0 pt=0 ru=233676 rp=234488
18:41:25.246 [status] up 41s | mic -39.1 dBFS (peak -32.1) | score max 0.00 | detections 0 | inferences 63 (6.3/s; model 1.17 ms each, paused in quiet 80%; features 1.48 ms per 30 ms) | CPU core0  5.2% core1  6.3% (wake word pipeline 6.10% of one core) | RAM used 228 KB (peak 228 KB, 95 KB free) | wifi --, server -- | audio lost since boot: i2s 0 net 0
18:41:25.246 @T t=41198 s=0.000 lv=-39.1 pk=-37.4 c0=24.1 c1=5.1 kw=4.94 inf=1.55 iv=0.00 n=0 d=0 sk=3 hf=97872 hm=97060 ht=283156 pf=0 pm=0 pt=0 ru=233676 rp=234488
18:41:25.246 @I ww=marvin cut=0.50 win=5 cool=1000 tick=100 wifi=0 srv=0 li=0 ln=0
18:41:25.246 @T t=41290 s=0.000 lv=-38.7 pk=-37.6 c0=4.6 c1=5.9 kw=5.72 inf=1.53 iv=0.00 n=0 d=0 sk=3 hf=97872 hm=97060 ht=283156 pf=0 pm=0 pt=0 ru=233676 rp=234488
18:41:25.246 @T t=41396 s=0.000 lv=-39.9 pk=-38.8 c0=6.4 c1=5.1 kw=4.93 inf=1.52 iv=0.00 n=0 d=0 sk=3 hf=97872 hm=97060 ht=283156 pf=0 pm=0 pt=0 ru=233676 rp=234488
18:41:25.246 @T t=41482 s=0.000 lv=-39.0 pk=-37.9 c0=7.9 c1=6.1 kw=6.11 inf=1.53 iv=0.00 n=0 d=0 sk=3 hf=97872 hm=97060 ht=283156 pf=0 pm=0 pt=0 ru=233676 rp=234488
18:41:27.757 @T t=41588 s=0.000 lv=-40.6 pk=-39.5 c0=6.4 c1=5.2 kw=4.92 inf=1.52 iv=0.00 n=0 d=0 sk=3 hf=97872 hm=97060 ht=283156 pf=0 pm=0 pt=0 ru=233676 rp=234488
18:41:27.757 @T t=41694 s=0.000 lv=-40.4 pk=-40.0 c0=6.3 c1=5.1 kw=4.92 inf=1.52 iv=0.00 n=0 d=0 sk=3 hf=97872 hm=97060 ht=283156 pf=0 pm=0 pt=0 ru=233676 rp=234488
18:41:27.757 @T t=41800 s=0.000 lv=-39.1 pk=-38.0 c0=6.5 c1=5.1 kw=4.95 inf=1.53 iv=0.00 n=0 d=0 sk=3 hf=97872 hm=97060 ht=283156 pf=0 pm=0 pt=0 ru=233676 rp=234488
18:41:27.757 @T t=41886 s=0.000 lv=-39.5 pk=-38.9 c0=7.8 c1=6.3 kw=6.17 inf=1.54 iv=0.00 n=0 d=0 sk=3 hf=97872 hm=97060 ht=283156 pf=0 pm=0 pt=0 ru=233676 rp=234488
18:41:27.757 @T t=41992 s=0.000 lv=-40.6 pk=-39.3 c0=6.3 c1=5.1 kw=4.93 inf=1.51 iv=0.00 n=0 d=0 sk=3 hf=97872 hm=97060 ht=283156 pf=0 pm=0 pt=0 ru=233676 rp=234488
18:41:27.757 I (42405) wifi:state: auth -> init (0x200)
18:41:27.757 @T t=42099 s=0.000 lv=-40.0 pk=-39.3 c0=8.3 c1=5.2 kw=5.12 inf=1.59 iv=0.00 n=0 d=0 sk=3 hf=97892 hm=97060 ht=283156 pf=0 pm=0 pt=0 ru=233656 rp=234488
18:41:27.757 @T t=42185 s=0.000 lv=-39.5 pk=-37.7 c0=7.2 c1=6.6 kw=6.21 inf=1.56 iv=0.00 n=0 d=0 sk=3 hf=97892 hm=97060 ht=283156 pf=0 pm=0 pt=0 ru=233656 rp=234488
18:41:27.758 @I ww=marvin cut=0.50 win=5 cool=1000 tick=100 wifi=0 srv=0 li=0 ln=0
18:41:27.758 @T t=42297 s=0.000 lv=-39.9 pk=-39.2 c0=4.4 c1=4.9 kw=4.71 inf=1.53 iv=0.00 n=0 d=0 sk=3 hf=97892 hm=97060 ht=283156 pf=0 pm=0 pt=0 ru=233656 rp=234488
18:41:27.758 @T t=42383 s=0.000 lv=-40.1 pk=-38.2 c0=4.8 c1=6.4 kw=6.20 inf=1.55 iv=0.00 n=0 d=0 sk=3 hf=97892 hm=97060 ht=283156 pf=0 pm=0 pt=0 ru=233656 rp=234488
18:41:27.758 @T t=42489 s=0.000 lv=-39.7 pk=-39.4 c0=3.9 c1=5.2 kw=5.04 inf=1.55 iv=0.00 n=0 d=0 sk=3 hf=97892 hm=97060 ht=283156 pf=0 pm=0 pt=0 ru=233656 rp=234488
18:41:27.758 @T t=42595 s=0.000 lv=-39.6 pk=-38.9 c0=3.9 c1=5.2 kw=5.04 inf=1.55 iv=0.00 n=0 d=0 sk=3 hf=97892 hm=97060 ht=283156 pf=0 pm=0 pt=0 ru=233656 rp=234488
18:41:27.758 @T t=42681 s=0.000 lv=-39.8 pk=-38.2 c0=3.9 c1=5.0 kw=5.10 inf=1.86 iv=0.00 n=0 d=0 sk=2 hf=97892 hm=97060 ht=283156 pf=0 pm=0 pt=0 ru=233656 rp=234488
18:41:27.758 @T t=42787 s=0.000 lv=-39.8 pk=-38.3 c0=7.0 c1=6.5 kw=6.05 inf=1.43 iv=0.00 n=0 d=0 sk=4 hf=97892 hm=97060 ht=283156 pf=0 pm=0 pt=0 ru=233656 rp=234488
18:41:27.758 @T t=42893 s=0.000 lv=-40.0 pk=-39.0 c0=4.0 c1=5.2 kw=5.08 inf=1.56 iv=0.00 n=0 d=0 sk=3 hf=97892 hm=97060 ht=283156 pf=0 pm=0 pt=0 ru=233656 rp=234488
18:41:27.758 @T t=42999 s=0.000 lv=-37.2 pk=-36.1 c0=3.9 c1=5.2 kw=5.05 inf=1.55 iv=0.00 n=0 d=0 sk=3 hf=97892 hm=97060 ht=283156 pf=0 pm=0 pt=0 ru=233656 rp=234488
18:41:27.758 @T t=43085 s=0.000 lv=-39.1 pk=-37.8 c0=5.6 c1=7.5 kw=6.35 inf=1.58 iv=0.00 n=0 d=0 sk=3 hf=97892 hm=97060 ht=283156 pf=0 pm=0 pt=0 ru=233656 rp=234488
18:41:27.758 @T t=43191 s=0.000 lv=-39.5 pk=-38.3 c0=4.1 c1=5.0 kw=4.93 inf=1.52 iv=0.00 n=0 d=0 sk=3 hf=97892 hm=97060 ht=283156 pf=0 pm=0 pt=0 ru=233656 rp=234488
18:41:27.758 @I ww=marvin cut=0.50 win=5 cool=1000 tick=100 wifi=0 srv=0 li=0 ln=0
18:41:27.758 @T t=43283 s=0.000 lv=-39.6 pk=-38.7 c0=5.3 c1=5.9 kw=5.78 inf=1.55 iv=0.00 n=0 d=0 sk=3 hf=97892 hm=97060 ht=283156 pf=0 pm=0 pt=0 ru=233656 rp=234488
18:41:27.758 @T t=43389 s=0.000 lv=-39.7 pk=-39.0 c0=6.8 c1=5.1 kw=4.99 inf=1.54 iv=0.00 n=0 d=0 sk=3 hf=97892 hm=97060 ht=283156 pf=0 pm=0 pt=0 ru=233656 rp=234488
18:41:27.758 @T t=43495 s=0.000 lv=-38.7 pk=-37.1 c0=3.0 c1=5.1 kw=4.95 inf=1.52 iv=0.00 n=0 d=0 sk=3 hf=97892 hm=97060 ht=283156 pf=0 pm=0 pt=0 ru=233656 rp=234488
18:41:27.758 @T t=43581 s=0.000 lv=-39.1 pk=-37.4 c0=3.6 c1=4.9 kw=5.02 inf=1.83 iv=0.00 n=0 d=0 sk=2 hf=97892 hm=97060 ht=283156 pf=0 pm=0 pt=0 ru=233656 rp=234488
18:41:27.759 @T t=43687 s=0.000 lv=-40.0 pk=-38.5 c0=3.3 c1=6.3 kw=5.95 inf=1.41 iv=0.00 n=0 d=0 sk=4 hf=97892 hm=97060 ht=283156 pf=0 pm=0 pt=0 ru=233656 rp=234488
18:41:27.759 @T t=43793 s=0.000 lv=-40.3 pk=-39.2 c0=3.0 c1=5.1 kw=4.95 inf=1.52 iv=0.00 n=0 d=0 sk=3 hf=97892 hm=97060 ht=283156 pf=0 pm=0 pt=0 ru=233656 rp=234488
18:41:27.759 @T t=43899 s=0.000 lv=-39.7 pk=-38.6 c0=3.1 c1=5.1 kw=4.92 inf=1.52 iv=0.00 n=0 d=0 sk=3 hf=97892 hm=97060 ht=283156 pf=0 pm=0 pt=0 ru=233656 rp=234488
18:41:27.759 @T t=43985 s=0.000 lv=-40.3 pk=-39.4 c0=3.7 c1=6.2 kw=6.09 inf=1.52 iv=0.00 n=0 d=0 sk=3 hf=97892 hm=97060 ht=283156 pf=0 pm=0 pt=0 ru=233656 rp=234488
18:41:30.249 @T t=44091 s=0.000 lv=-38.0 pk=-36.5 c0=3.9 c1=6.0 kw=5.05 inf=1.55 iv=0.00 n=0 d=0 sk=3 hf=97892 hm=97060 ht=283156 pf=0 pm=0 pt=0 ru=233656 rp=234488
18:41:30.249 @T t=44197 s=0.000 lv=-38.9 pk=-37.5 c0=3.3 c1=5.1 kw=4.96 inf=1.53 iv=0.00 n=0 d=0 sk=3 hf=97892 hm=97060 ht=283156 pf=0 pm=0 pt=0 ru=233656 rp=234488
18:41:30.249 @I ww=marvin cut=0.50 win=5 cool=1000 tick=100 wifi=0 srv=0 li=0 ln=0
18:41:30.249 @T t=44289 s=0.000 lv=-39.2 pk=-38.2 c0=4.3 c1=5.8 kw=5.68 inf=1.52 iv=0.00 n=0 d=0 sk=3 hf=97892 hm=97060 ht=283156 pf=0 pm=0 pt=0 ru=233656 rp=234488
18:41:30.250 I (44767) wifi:state: init -> auth (0xb0)
18:41:30.250 @T t=44395 s=0.000 lv=-39.9 pk=-38.5 c0=5.5 c1=5.1 kw=4.90 inf=1.51 iv=0.00 n=0 d=0 sk=3 hf=97732 hm=97060 ht=283156 pf=0 pm=0 pt=0 ru=233816 rp=234488
18:41:30.250 @T t=44481 s=0.000 lv=-38.0 pk=-37.1 c0=5.0 c1=5.1 kw=5.21 inf=1.90 iv=0.00 n=0 d=0 sk=2 hf=97872 hm=97060 ht=283156 pf=0 pm=0 pt=0 ru=233676 rp=234488
18:41:30.250 @T t=44587 s=0.000 lv=-39.0 pk=-37.6 c0=3.2 c1=6.4 kw=6.04 inf=1.43 iv=0.00 n=0 d=0 sk=4 hf=97872 hm=97060 ht=283156 pf=0 pm=0 pt=0 ru=233676 rp=234488
18:41:30.250 @T t=44693 s=0.000 lv=-40.2 pk=-38.9 c0=6.4 c1=5.1 kw=4.92 inf=1.52 iv=0.00 n=0 d=0 sk=3 hf=97872 hm=97060 ht=283156 pf=0 pm=0 pt=0 ru=233676 rp=234488
18:41:30.250 @T t=44799 s=0.000 lv=-40.0 pk=-37.3 c0=6.4 c1=5.1 kw=4.94 inf=1.52 iv=0.00 n=0 d=0 sk=3 hf=97872 hm=97060 ht=283156 pf=0 pm=0 pt=0 ru=233676 rp=234488
18:41:30.250 @T t=44885 s=0.000 lv=-38.8 pk=-37.3 c0=7.9 c1=6.3 kw=6.10 inf=1.52 iv=0.00 n=0 d=0 sk=3 hf=97872 hm=97060 ht=283156 pf=0 pm=0 pt=0 ru=233676 rp=234488
18:41:30.250 @T t=44991 s=0.000 lv=-39.6 pk=-38.5 c0=6.4 c1=5.1 kw=4.96 inf=1.53 iv=0.00 n=0 d=0 sk=3 hf=97872 hm=97060 ht=283156 pf=0 pm=0 pt=0 ru=233676 rp=234488
18:41:30.250 @T t=45097 s=0.000 lv=-39.0 pk=-38.0 c0=7.0 c1=6.0 kw=5.04 inf=1.55 iv=0.00 n=0 d=0 sk=3 hf=97872 hm=97060 ht=283156 pf=0 pm=0 pt=0 ru=233676 rp=234488
18:41:30.250 @T t=45183 s=0.000 lv=-39.0 pk=-38.1 c0=4.3 c1=6.3 kw=6.12 inf=1.53 iv=0.00 n=0 d=0 sk=3 hf=97872 hm=97060 ht=283156 pf=0 pm=0 pt=0 ru=233676 rp=234488
18:41:30.250 @I ww=marvin cut=0.50 win=5 cool=1000 tick=100 wifi=0 srv=0 li=0 ln=0
18:41:30.250 @T t=45295 s=0.000 lv=-37.9 pk=-36.0 c0=3.7 c1=4.8 kw=4.68 inf=1.52 iv=0.00 n=0 d=0 sk=3 hf=97872 hm=97060 ht=283156 pf=0 pm=0 pt=0 ru=233676 rp=234488
18:41:30.250 @T t=45381 s=0.000 lv=-38.7 pk=-37.8 c0=7.9 c1=4.9 kw=5.05 inf=1.83 iv=0.00 n=0 d=0 sk=2 hf=97872 hm=97060 ht=283156 pf=0 pm=0 pt=0 ru=233676 rp=234488
18:41:30.250 I (45768) wifi:state: auth -> init (0x200)
18:41:30.251 @T t=45493 s=0.000 lv=-38.0 pk=-36.5 c0=13.2 c1=6.3 kw=5.79 inf=1.44 iv=0.00 n=0 d=0 sk=4 hf=97892 hm=97060 ht=283156 pf=0 pm=0 pt=0 ru=233656 rp=234488
18:41:30.251 @T t=45599 s=0.000 lv=-38.9 pk=-36.8 c0=4.1 c1=5.2 kw=5.08 inf=1.56 iv=0.00 n=0 d=0 sk=3 hf=97892 hm=97060 ht=283156 pf=0 pm=0 pt=0 ru=233656 rp=234488
18:41:30.251 @T t=45685 s=0.000 lv=-39.3 pk=-36.9 c0=4.7 c1=6.5 kw=6.25 inf=1.56 iv=0.00 n=0 d=0 sk=3 hf=97892 hm=97060 ht=283156 pf=0 pm=0 pt=0 ru=233656 rp=234488
18:41:30.251 @T t=45791 s=0.000 lv=-38.3 pk=-36.1 c0=3.8 c1=5.2 kw=5.01 inf=1.54 iv=0.00 n=0 d=0 sk=3 hf=97892 hm=97060 ht=283156 pf=0 pm=0 pt=0 ru=233656 rp=234488
18:41:30.251 @T t=45897 s=0.000 lv=-38.2 pk=-36.5 c0=3.9 c1=5.1 kw=4.95 inf=1.52 iv=0.00 n=0 d=0 sk=3 hf=97892 hm=97060 ht=283156 pf=0 pm=0 pt=0 ru=233656 rp=234488
18:41:30.251 @T t=45983 s=0.000 lv=-38.9 pk=-36.9 c0=4.1 c1=6.3 kw=6.16 inf=1.54 iv=0.00 n=0 d=0 sk=3 hf=97892 hm=97060 ht=283156 pf=0 pm=0 pt=0 ru=233656 rp=234488
18:41:30.251 @T t=46089 s=0.000 lv=-38.4 pk=-36.6 c0=4.3 c1=6.1 kw=5.12 inf=1.57 iv=0.00 n=0 d=0 sk=3 hf=97892 hm=97060 ht=283156 pf=0 pm=0 pt=0 ru=233656 rp=234488
18:41:30.251 @T t=46195 s=0.000 lv=-38.7 pk=-38.1 c0=7.3 c1=5.2 kw=5.05 inf=1.55 iv=0.00 n=0 d=0 sk=3 hf=97892 hm=97060 ht=283156 pf=0 pm=0 pt=0 ru=233656 rp=234488
18:41:30.251 @I ww=marvin cut=0.50 win=5 cool=1000 tick=100 wifi=0 srv=0 li=0 ln=0
18:41:30.251 @T t=46287 s=0.000 lv=-38.9 pk=-37.2 c0=5.4 c1=6.0 kw=5.83 inf=1.56 iv=0.00 n=0 d=0 sk=3 hf=97892 hm=97060 ht=283156 pf=0 pm=0 pt=0 ru=233656 rp=234488
18:41:30.251 @T t=46393 s=0.000 lv=-39.0 pk=-37.3 c0=3.9 c1=5.2 kw=5.01 inf=1.54 iv=0.00 n=0 d=0 sk=3 hf=97892 hm=97060 ht=283156 pf=0 pm=0 pt=0 ru=233656 rp=234488
18:41:30.251 @T t=46499 s=0.000 lv=-39.7 pk=-38.6 c0=7.2 c1=5.1 kw=4.97 inf=1.53 iv=0.00 n=0 d=0 sk=3 hf=97892 hm=97060 ht=283156 pf=0 pm=0 pt=0 ru=233656 rp=234488
18:41:32.453 @T t=46585 s=0.000 lv=-37.1 pk=-35.4 c0=5.0 c1=6.4 kw=6.22 inf=1.55 iv=0.00 n=0 d=0 sk=3 hf=97892 hm=97060 ht=283156 pf=0 pm=0 pt=0 ru=233656 rp=234488
18:41:32.454 @T t=46691 s=0.000 lv=-38.4 pk=-36.9 c0=6.7 c1=5.1 kw=4.97 inf=1.53 iv=0.00 n=0 d=0 sk=3 hf=97892 hm=97060 ht=283156 pf=0 pm=0 pt=0 ru=233656 rp=234488
18:41:32.454 @T t=46797 s=0.000 lv=-38.8 pk=-37.2 c0=3.1 c1=5.1 kw=4.96 inf=1.53 iv=0.00 n=0 d=0 sk=3 hf=97892 hm=97060 ht=283156 pf=0 pm=0 pt=0 ru=233656 rp=234488
18:41:32.454 @T t=46883 s=0.000 lv=-39.6 pk=-37.5 c0=3.8 c1=6.2 kw=6.06 inf=1.51 iv=0.00 n=0 d=0 sk=3 hf=97892 hm=97060 ht=283156 pf=0 pm=0 pt=0 ru=233656 rp=234488
18:41:32.454 @T t=46989 s=0.000 lv=-38.6 pk=-36.8 c0=6.6 c1=5.1 kw=4.95 inf=1.52 iv=0.00 n=0 d=0 sk=3 hf=97892 hm=97060 ht=283156 pf=0 pm=0 pt=0 ru=233656 rp=234488
18:41:32.454 @T t=47095 s=0.000 lv=-38.8 pk=-37.2 c0=3.6 c1=5.9 kw=4.99 inf=1.53 iv=0.00 n=0 d=0 sk=3 hf=97892 hm=97060 ht=283156 pf=0 pm=0 pt=0 ru=233656 rp=234488
18:41:32.454 @T t=47181 s=0.000 lv=-37.6 pk=-35.8 c0=8.0 c1=4.9 kw=5.10 inf=1.86 iv=0.00 n=0 d=0 sk=2 hf=97892 hm=97060 ht=283156 pf=0 pm=0 pt=0 ru=233656 rp=234488
18:41:32.454 @I ww=marvin cut=0.50 win=5 cool=1000 tick=100 wifi=0 srv=0 li=0 ln=0
18:41:32.454 @T t=47293 s=0.000 lv=-38.7 pk=-38.2 c0=3.5 c1=6.0 kw=5.63 inf=1.41 iv=0.00 n=0 d=0 sk=4 hf=97892 hm=97060 ht=283156 pf=0 pm=0 pt=0 ru=233656 rp=234488
18:41:32.454 @T t=47399 s=0.000 lv=-38.7 pk=-37.3 c0=6.8 c1=5.1 kw=4.94 inf=1.52 iv=0.00 n=0 d=0 sk=3 hf=97892 hm=97060 ht=283156 pf=0 pm=0 pt=0 ru=233656 rp=234488
18:41:32.454 @T t=47485 s=0.000 lv=-38.6 pk=-37.1 c0=3.8 c1=6.3 kw=6.14 inf=1.53 iv=0.00 n=0 d=0 sk=3 hf=97892 hm=97060 ht=283156 pf=0 pm=0 pt=0 ru=233656 rp=234488
18:41:32.454 @T t=47591 s=0.000 lv=-38.7 pk=-37.6 c0=2.9 c1=5.0 kw=4.90 inf=1.51 iv=0.00 n=0 d=0 sk=3 hf=97892 hm=97060 ht=283156 pf=0 pm=0 pt=0 ru=233656 rp=234488
18:41:32.454 I (48069) wifi:state: init -> auth (0xb0)
18:41:32.454 @T t=47697 s=0.000 lv=-40.3 pk=-39.0 c0=5.2 c1=5.1 kw=4.90 inf=1.51 iv=0.00 n=0 d=0 sk=3 hf=97732 hm=97060 ht=283156 pf=0 pm=0 pt=0 ru=233816 rp=234488
18:41:32.454 I (48109) wifi:state: auth -> assoc (0x0)
18:41:32.454 I (48115) wifi:state: assoc -> run (0x10)
18:41:32.454 @T t=47783 s=0.000 lv=-38.0 pk=-37.1 c0=8.2 c1=6.6 kw=6.39 inf=1.60 iv=0.00 n=0 d=0 sk=3 hf=97660 hm=97016 ht=283156 pf=0 pm=0 pt=0 ru=233888 rp=234532
18:41:32.454 I (48188) wifi:connected with ARYA 9252, aid = 3, channel 1, BW20, bssid = 9a:5f:41:45:73:c9
18:41:32.454 I (48191) wifi:security: WPA2-PSK, phy: bgn, rssi: -15, cipher(pairwise:0x3, group:0x3), pmf:0
18:41:32.454 I (48197) wifi:pm start, type: 0
18:41:32.454 
18:41:32.454 I (48202) wifi:dp: 1, bi: 102400, li: 3, scale listen interval from 307200 us to 307200 us
18:41:32.454 I (48208) wifi:set rx beacon pti, rx_bcn_pti: 0, bcn_timeout: 25000, mt_pti: 0, mt_time: 10000
18:41:32.454 I (48219) wifi:AP's beacon interval = 102400 us, DTIM period = 3
18:41:32.454 @T t=47890 s=0.000 lv=-38.9 pk=-37.7 c0=16.6 c1=6.0 kw=5.29 inf=1.64 iv=0.00 n=0 d=0 sk=3 hf=96952 hm=95400 ht=283156 pf=0 pm=0 pt=0 ru=234596 rp=236148
18:41:32.454 @T t=47996 s=0.000 lv=-39.8 pk=-38.0 c0=7.3 c1=5.9 kw=5.07 inf=1.56 iv=0.00 n=0 d=0 sk=3 hf=96932 hm=94248 ht=283156 pf=0 pm=0 pt=0 ru=234616 rp=237300
18:41:32.454 @T t=48082 s=0.000 lv=-39.8 pk=-38.6 c0=4.7 c1=7.0 kw=6.22 inf=1.55 iv=0.00 n=0 d=0 sk=3 hf=96932 hm=94248 ht=283156 pf=0 pm=0 pt=0 ru=234616 rp=237300
18:41:32.454 @T t=48188 s=0.000 lv=-39.8 pk=-38.6 c0=3.4 c1=5.3 kw=4.94 inf=1.52 iv=0.00 n=0 d=0 sk=3 hf=96932 hm=94248 ht=283156 pf=0 pm=0 pt=0 ru=234616 rp=237300
18:41:32.454 @I ww=marvin cut=0.50 win=5 cool=1000 tick=100 wifi=0 srv=0 li=0 ln=0
18:41:32.454 @T t=48300 s=0.000 lv=-40.1 pk=-38.1 c0=4.0 c1=4.9 kw=4.71 inf=1.53 iv=0.00 n=0 d=0 sk=3 hf=96932 hm=94248 ht=283156 pf=0 pm=0 pt=0 ru=234616 rp=237300
18:41:32.454 @T t=48386 s=0.000 lv=-40.5 pk=-39.7 c0=4.1 c1=6.3 kw=6.18 inf=1.54 iv=0.00 n=0 d=0 sk=3 hf=96952 hm=94248 ht=283156 pf=0 pm=0 pt=0 ru=234596 rp=237300
18:41:32.454 @T t=48492 s=0.000 lv=-39.8 pk=-38.2 c0=6.9 c1=5.2 kw=5.00 inf=1.54 iv=0.00 n=0 d=0 sk=3 hf=96952 hm=94248 ht=283156 pf=0 pm=0 pt=0 ru=234596 rp=237300
18:41:32.454 @T t=48598 s=0.000 lv=-39.2 pk=-38.2 c0=3.3 c1=5.1 kw=4.95 inf=1.52 iv=0.00 n=0 d=0 sk=3 hf=96952 hm=94248 ht=283156 pf=0 pm=0 pt=0 ru=234596 rp=237300
18:41:32.454 @T t=48684 s=0.000 lv=-39.4 pk=-37.8 c0=3.7 c1=6.2 kw=6.07 inf=1.52 iv=0.00 n=0 d=0 sk=3 hf=96952 hm=94248 ht=283156 pf=0 pm=0 pt=0 ru=234596 rp=237300
18:41:34.821 @T t=48790 s=0.000 lv=-40.2 pk=-38.9 c0=3.0 c1=5.0 kw=4.90 inf=1.51 iv=0.00 n=0 d=0 sk=3 hf=96952 hm=94248 ht=283156 pf=0 pm=0 pt=0 ru=234596 rp=237300
18:41:34.821 @T t=48896 s=0.000 lv=-39.9 pk=-38.8 c0=3.4 c1=5.1 kw=4.98 inf=1.53 iv=0.00 n=0 d=0 sk=3 hf=96952 hm=94248 ht=283156 pf=0 pm=0 pt=0 ru=234596 rp=237300
18:41:34.821 I (49335) esp_netif_handlers: sta ip: 192.168.137.145, mask: 255.255.255.0, gw: 192.168.137.1
18:41:34.821 I (49336) wifi: connected, IP address 192.168.137.145
18:41:34.821 @T t=48982 s=0.000 lv=-39.1 pk=-37.4 c0=11.5 c1=6.3 kw=6.22 inf=1.56 iv=0.00 n=0 d=0 sk=3 hf=96972 hm=94248 ht=283156 pf=0 pm=0 pt=0 ru=234576 rp=237300
18:41:34.821 @T t=49088 s=0.000 lv=-39.0 pk=-38.0 c0=5.7 c1=8.4 kw=6.89 inf=2.20 iv=0.00 n=0 d=0 sk=3 hf=94468 hm=92264 ht=283156 pf=0 pm=0 pt=0 ru=237080 rp=239284
18:41:34.821 I (49471) stream: connected to the server ws://192.168.137.1:3000/ws
18:41:34.821 @T t=49181 s=0.000 lv=-38.7 pk=-36.8 c0=14.8 c1=5.3 kw=4.81 inf=1.89 iv=0.00 n=0 d=0 sk=2 hf=96240 hm=92264 ht=283156 pf=0 pm=0 pt=0 ru=235308 rp=239284
18:41:34.822 @I ww=marvin cut=0.50 win=5 cool=1000 tick=100 wifi=1 srv=1 li=0 ln=0
18:41:34.822 @T t=49293 s=0.000 lv=-39.9 pk=-39.3 c0=11.1 c1=6.0 kw=5.69 inf=1.42 iv=0.00 n=0 d=0 sk=4 hf=96240 hm=92264 ht=283156 pf=0 pm=0 pt=0 ru=235308 rp=239284
18:41:34.822 @T t=49399 s=0.000 lv=-38.6 pk=-36.8 c0=4.8 c1=5.5 kw=5.07 inf=1.56 iv=0.00 n=0 d=0 sk=3 hf=96240 hm=92264 ht=283156 pf=0 pm=0 pt=0 ru=235308 rp=239284
18:41:34.822 @T t=49485 s=0.000 lv=-39.8 pk=-38.9 c0=4.2 c1=6.3 kw=6.16 inf=1.54 iv=0.00 n=0 d=0 sk=3 hf=96240 hm=92264 ht=283156 pf=0 pm=0 pt=0 ru=235308 rp=239284
18:41:34.822 @T t=49591 s=0.000 lv=-39.4 pk=-37.9 c0=6.3 c1=5.1 kw=4.92 inf=1.51 iv=0.00 n=0 d=0 sk=3 hf=96240 hm=92264 ht=283156 pf=0 pm=0 pt=0 ru=235308 rp=239284
18:41:34.822 @T t=49697 s=0.000 lv=-39.4 pk=-38.2 c0=3.0 c1=5.1 kw=4.95 inf=1.53 iv=0.00 n=0 d=0 sk=3 hf=96240 hm=92264 ht=283156 pf=0 pm=0 pt=0 ru=235308 rp=239284
18:41:34.822 @T t=49783 s=0.000 lv=-39.6 pk=-38.4 c0=3.7 c1=6.2 kw=6.07 inf=1.52 iv=0.00 n=0 d=0 sk=3 hf=96240 hm=92264 ht=283156 pf=0 pm=0 pt=0 ru=235308 rp=239284
18:41:34.822 @T t=49889 s=0.000 lv=-39.5 pk=-38.7 c0=3.6 c1=5.1 kw=4.96 inf=1.53 iv=0.00 n=0 d=0 sk=3 hf=96240 hm=92264 ht=283156 pf=0 pm=0 pt=0 ru=235308 rp=239284
18:41:34.822 @T t=49995 s=0.000 lv=-39.4 pk=-37.6 c0=3.3 c1=5.1 kw=4.96 inf=1.53 iv=0.00 n=0 d=0 sk=3 hf=96240 hm=92264 ht=283156 pf=0 pm=0 pt=0 ru=235308 rp=239284
18:41:34.822 @T t=50081 s=0.000 lv=-38.6 pk=-36.4 c0=7.8 c1=4.9 kw=5.05 inf=1.84 iv=0.00 n=0 d=0 sk=2 hf=96240 hm=92264 ht=283156 pf=0 pm=0 pt=0 ru=235308 rp=239284
18:41:34.822 @T t=50187 s=0.000 lv=-39.0 pk=-37.9 c0=9.6 c1=6.9 kw=6.13 inf=1.45 iv=0.00 n=0 d=0 sk=4 hf=96240 hm=92264 ht=283156 pf=0 pm=0 pt=0 ru=235308 rp=239284
18:41:34.822 @I ww=marvin cut=0.50 win=5 cool=1000 tick=100 wifi=1 srv=1 li=0 ln=0
18:41:34.822 @T t=50298 s=0.000 lv=-39.6 pk=-37.7 c0=10.7 c1=4.8 kw=4.71 inf=1.52 iv=0.00 n=0 d=0 sk=3 hf=96240 hm=92264 ht=283156 pf=0 pm=0 pt=0 ru=235308 rp=239284
18:41:34.823 @T t=50384 s=0.000 lv=-39.2 pk=-38.7 c0=5.6 c1=6.7 kw=6.19 inf=1.55 iv=0.00 n=0 d=0 sk=3 hf=96240 hm=92264 ht=283156 pf=0 pm=0 pt=0 ru=235308 rp=239284
18:41:34.823 @T t=50490 s=0.000 lv=-38.6 pk=-37.1 c0=3.4 c1=5.1 kw=5.02 inf=1.55 iv=0.00 n=0 d=0 sk=3 hf=96240 hm=92264 ht=283156 pf=0 pm=0 pt=0 ru=235308 rp=239284
18:41:34.823 @T t=50597 s=0.000 lv=-37.5 pk=-35.0 c0=3.6 c1=5.1 kw=4.94 inf=1.53 iv=0.00 n=0 d=0 sk=3 hf=96240 hm=92264 ht=283156 pf=0 pm=0 pt=0 ru=235308 rp=239284
18:41:34.823 @T t=50683 s=0.000 lv=-39.0 pk=-36.4 c0=3.9 c1=6.3 kw=6.10 inf=1.53 iv=0.00 n=0 d=0 sk=3 hf=96240 hm=92264 ht=283156 pf=0 pm=0 pt=0 ru=235308 rp=239284
18:41:34.823 @T t=50789 s=0.000 lv=-38.9 pk=-38.3 c0=3.0 c1=5.0 kw=4.91 inf=1.51 iv=0.00 n=0 d=0 sk=3 hf=96240 hm=92264 ht=283156 pf=0 pm=0 pt=0 ru=235308 rp=239284
18:41:34.823 @T t=50895 s=0.000 lv=-38.4 pk=-37.0 c0=4.2 c1=5.2 kw=4.99 inf=1.54 iv=0.00 n=0 d=0 sk=3 hf=96240 hm=92264 ht=283156 pf=0 pm=0 pt=0 ru=235308 rp=239284
18:41:34.823 @T t=50981 s=0.000 lv=-40.0 pk=-38.7 c0=3.9 c1=5.0 kw=5.11 inf=1.86 iv=0.00 n=0 d=0 sk=2 hf=96240 hm=92264 ht=283156 pf=0 pm=0 pt=0 ru=235308 rp=239284
18:41:34.823 @T t=51087 s=0.000 lv=-38.8 pk=-37.1 c0=6.3 c1=6.3 kw=5.94 inf=1.41 iv=0.00 n=0 d=0 sk=4 hf=96240 hm=92264 ht=283156 pf=0 pm=0 pt=0 ru=235308 rp=239284
18:41:37.151 [status] up 51s | mic -39.1 dBFS (peak -35.0) | score max 0.00 | detections 0 | inferences 0 (0.0/s; model 0.00 ms each, paused in quiet 100%; features 1.55 ms per 30 ms) | CPU core0  5.7% core1  5.6% (wake word pipeline 5.33% of one core) | RAM used 229 KB (peak 233 KB, 93 KB free) | wifi OK, server OK | audio lost since boot: i2s 0 net 0
18:41:37.151 @T t=51195 s=0.000 lv=-39.7 pk=-38.4 c0=24.2 c1=5.1 kw=4.94 inf=1.55 iv=0.00 n=0 d=0 sk=3 hf=96240 hm=92264 ht=283156 pf=0 pm=0 pt=0 ru=235308 rp=239284
18:41:37.151 @I ww=marvin cut=0.50 win=5 cool=1000 tick=100 wifi=1 srv=1 li=0 ln=0
18:41:37.151 @T t=51287 s=0.000 lv=-40.7 pk=-39.2 c0=4.5 c1=5.9 kw=5.74 inf=1.54 iv=0.00 n=0 d=0 sk=3 hf=96240 hm=92264 ht=283156 pf=0 pm=0 pt=0 ru=235308 rp=239284
18:41:37.151 I (51677) wifi:[ADDBA]RX DELBA, reason:37, delete tid:0, initiator:1(originator)
18:41:37.151 @T t=51393 s=0.000 lv=-39.2 pk=-37.0 c0=4.5 c1=5.2 kw=4.99 inf=1.53 iv=0.00 n=0 d=0 sk=3 hf=96240 hm=92264 ht=283156 pf=0 pm=0 pt=0 ru=235308 rp=239284
18:41:37.151 @T t=51499 s=0.000 lv=-39.7 pk=-37.9 c0=3.4 c1=5.1 kw=4.96 inf=1.53 iv=0.00 n=0 d=0 sk=3 hf=96240 hm=92264 ht=283156 pf=0 pm=0 pt=0 ru=235308 rp=239284
18:41:37.151 @T t=51585 s=0.000 lv=-38.3 pk=-37.2 c0=3.8 c1=6.3 kw=6.12 inf=1.53 iv=0.00 n=0 d=0 sk=3 hf=96240 hm=92264 ht=283156 pf=0 pm=0 pt=0 ru=235308 rp=239284
18:41:37.151 @T t=51691 s=0.000 lv=-36.6 pk=-33.3 c0=6.7 c1=16.7 kw=16.47 inf=1.40 iv=0.99 n=12 d=0 sk=0 hf=96240 hm=92264 ht=283156 pf=0 pm=0 pt=0 ru=235308 rp=239284
18:41:37.152 @T t=51797 s=0.000 lv=-40.4 pk=-38.7 c0=3.4 c1=8.7 kw=8.58 inf=2.80 iv=1.20 n=3 d=0 sk=0 hf=96240 hm=92264 ht=283156 pf=0 pm=0 pt=0 ru=235308 rp=239284
18:41:37.152 @T t=51883 s=0.000 lv=-37.6 pk=-36.1 c0=5.6 c1=12.1 kw=12.50 inf=2.51 iv=1.28 n=4 d=0 sk=0 hf=96052 hm=92264 ht=283156 pf=0 pm=0 pt=0 ru=235496 rp=239284
18:41:37.152 @T t=51989 s=0.000 lv=-39.3 pk=-37.3 c0=6.6 c1=9.3 kw=8.56 inf=2.79 iv=1.19 n=3 d=0 sk=0 hf=96240 hm=92264 ht=283156 pf=0 pm=0 pt=0 ru=235308 rp=239284
18:41:37.152 @T t=52095 s=0.000 lv=-40.2 pk=-38.1 c0=6.1 c1=8.5 kw=8.34 inf=2.72 iv=1.13 n=3 d=0 sk=0 hf=96240 hm=92264 ht=283156 pf=0 pm=0 pt=0 ru=235308 rp=239284
18:41:37.152 @T t=52181 s=0.000 lv=-40.5 pk=-39.6 c0=8.5 c1=10.7 kw=10.33 inf=2.72 iv=1.37 n=3 d=0 sk=0 hf=96240 hm=92264 ht=283156 pf=0 pm=0 pt=0 ru=235308 rp=239284
18:41:37.152 @I ww=marvin cut=0.50 win=5 cool=1000 tick=100 wifi=1 srv=1 li=0 ln=0
18:41:37.152 @T t=52295 s=0.000 lv=-39.6 pk=-37.8 c0=4.0 c1=10.6 kw=10.23 inf=2.74 iv=1.24 n=4 d=0 sk=0 hf=96240 hm=92264 ht=283156 pf=0 pm=0 pt=0 ru=235308 rp=239284
18:41:37.152 @T t=52381 s=0.000 lv=-39.9 pk=-38.0 c0=5.3 c1=10.3 kw=10.07 inf=2.65 iv=1.32 n=3 d=0 sk=0 hf=96240 hm=92264 ht=283156 pf=0 pm=0 pt=0 ru=235308 rp=239284
18:41:37.152 @T t=52487 s=0.000 lv=-40.2 pk=-39.2 c0=3.6 c1=11.0 kw=10.63 inf=2.64 iv=1.14 n=4 d=0 sk=0 hf=96240 hm=92264 ht=283156 pf=0 pm=0 pt=0 ru=235308 rp=239284
18:41:37.152 @T t=52593 s=0.000 lv=-38.4 pk=-35.8 c0=3.5 c1=8.6 kw=8.41 inf=2.74 iv=1.14 n=3 d=0 sk=0 hf=96240 hm=92264 ht=283156 pf=0 pm=0 pt=0 ru=235308 rp=239284
18:41:37.152 @T t=52699 s=0.000 lv=-38.0 pk=-37.3 c0=3.4 c1=8.6 kw=8.40 inf=2.74 iv=1.14 n=3 d=0 sk=0 hf=96240 hm=92264 ht=283156 pf=0 pm=0 pt=0 ru=235308 rp=239284
18:41:37.152 @T t=52785 s=0.000 lv=-39.7 pk=-38.8 c0=4.7 c1=12.4 kw=12.08 inf=2.42 iv=1.19 n=4 d=0 sk=0 hf=96240 hm=92264 ht=283156 pf=0 pm=0 pt=0 ru=235308 rp=239284
18:41:37.152 @T t=52891 s=0.000 lv=-39.5 pk=-38.2 c0=3.7 c1=8.7 kw=8.57 inf=2.80 iv=1.19 n=3 d=0 sk=0 hf=96240 hm=92264 ht=283156 pf=0 pm=0 pt=0 ru=235308 rp=239284
18:41:37.152 @T t=52997 s=0.000 lv=-37.7 pk=-35.8 c0=3.4 c1=8.8 kw=8.64 inf=2.82 iv=1.21 n=3 d=0 sk=0 hf=96240 hm=92264 ht=283156 pf=0 pm=0 pt=0 ru=235308 rp=239284
18:41:37.152 @T t=53083 s=0.000 lv=-39.3 pk=-38.9 c0=4.4 c1=12.0 kw=12.06 inf=2.41 iv=1.20 n=4 d=0 sk=0 hf=96240 hm=92264 ht=283156 pf=0 pm=0 pt=0 ru=235308 rp=239284
18:41:37.152 @T t=53189 s=0.000 lv=-39.8 pk=-39.0 c0=3.9 c1=9.1 kw=8.66 inf=2.82 iv=1.21 n=3 d=0 sk=0 hf=96240 hm=92264 ht=283156 pf=0 pm=0 pt=0 ru=235308 rp=239284
18:41:37.152 @I ww=marvin cut=0.50 win=5 cool=1000 tick=100 wifi=1 srv=1 li=0 ln=0
18:41:37.153 @T t=53281 s=0.000 lv=-38.9 pk=-36.7 c0=4.8 c1=6.4 kw=6.47 inf=1.75 iv=1.46 n=1 d=0 sk=2 hf=96240 hm=92264 ht=283156 pf=0 pm=0 pt=0 ru=235308 rp=239284
18:41:37.153 @T t=53387 s=0.000 lv=-38.5 pk=-36.1 c0=3.4 c1=6.4 kw=6.03 inf=1.43 iv=0.00 n=0 d=0 sk=4 hf=96240 hm=92264 ht=283156 pf=0 pm=0 pt=0 ru=235308 rp=239284
18:41:39.658 @T t=53493 s=0.000 lv=-38.7 pk=-37.0 c0=6.4 c1=5.1 kw=4.95 inf=1.53 iv=0.00 n=0 d=0 sk=3 hf=96240 hm=92264 ht=283156 pf=0 pm=0 pt=0 ru=235308 rp=239284
18:41:39.658 @T t=53599 s=0.000 lv=-40.2 pk=-39.0 c0=3.3 c1=5.1 kw=4.92 inf=1.52 iv=0.00 n=0 d=0 sk=3 hf=96240 hm=92264 ht=283156 pf=0 pm=0 pt=0 ru=235308 rp=239284
18:41:39.658 @T t=53685 s=0.000 lv=-40.3 pk=-39.1 c0=3.7 c1=6.3 kw=6.08 inf=1.52 iv=0.00 n=0 d=0 sk=3 hf=96240 hm=92264 ht=283156 pf=0 pm=0 pt=0 ru=235308 rp=239284
18:41:39.658 @T t=53791 s=0.000 lv=-40.0 pk=-38.4 c0=6.3 c1=5.1 kw=4.92 inf=1.52 iv=0.00 n=0 d=0 sk=3 hf=96240 hm=92264 ht=283156 pf=0 pm=0 pt=0 ru=235308 rp=239284
18:41:39.658 @T t=53897 s=0.000 lv=-40.3 pk=-39.6 c0=3.5 c1=5.2 kw=4.98 inf=1.53 iv=0.00 n=0 d=0 sk=3 hf=96240 hm=92264 ht=283156 pf=0 pm=0 pt=0 ru=235308 rp=239284
18:41:39.658 @T t=53983 s=0.000 lv=-39.9 pk=-38.9 c0=4.3 c1=6.3 kw=6.16 inf=1.54 iv=0.00 n=0 d=0 sk=3 hf=96240 hm=92264 ht=283156 pf=0 pm=0 pt=0 ru=235308 rp=239284
18:41:39.658 @T t=54089 s=0.000 lv=-40.4 pk=-39.4 c0=3.3 c1=5.1 kw=4.95 inf=1.52 iv=0.00 n=0 d=0 sk=3 hf=96240 hm=92264 ht=283156 pf=0 pm=0 pt=0 ru=235308 rp=239284
18:41:39.658 @T t=54195 s=0.000 lv=-40.1 pk=-38.7 c0=10.2 c1=5.7 kw=5.16 inf=1.59 iv=0.00 n=0 d=0 sk=3 hf=96240 hm=92264 ht=283156 pf=0 pm=0 pt=0 ru=235308 rp=239284
18:41:39.658 @I ww=marvin cut=0.50 win=5 cool=1000 tick=100 wifi=1 srv=1 li=0 ln=0
18:41:39.658 @T t=54287 s=0.000 lv=-40.6 pk=-38.4 c0=4.8 c1=5.9 kw=5.76 inf=1.54 iv=0.00 n=0 d=0 sk=3 hf=96240 hm=92264 ht=283156 pf=0 pm=0 pt=0 ru=235308 rp=239284
18:41:39.658 @T t=54393 s=0.000 lv=-41.6 pk=-39.9 c0=7.5 c1=5.2 kw=5.00 inf=1.54 iv=0.00 n=0 d=0 sk=3 hf=96240 hm=92264 ht=283156 pf=0 pm=0 pt=0 ru=235308 rp=239284
18:41:39.658 @T t=54499 s=0.000 lv=-41.3 pk=-40.5 c0=6.6 c1=5.1 kw=4.97 inf=1.53 iv=0.00 n=0 d=0 sk=3 hf=96240 hm=92264 ht=283156 pf=0 pm=0 pt=0 ru=235308 rp=239284
18:41:39.658 @T t=54585 s=0.000 lv=-39.2 pk=-37.8 c0=7.7 c1=6.3 kw=6.13 inf=1.53 iv=0.00 n=0 d=0 sk=3 hf=96240 hm=92264 ht=283156 pf=0 pm=0 pt=0 ru=235308 rp=239284
18:41:39.658 @T t=54691 s=0.000 lv=-40.5 pk=-39.2 c0=6.3 c1=5.1 kw=4.92 inf=1.52 iv=0.00 n=0 d=0 sk=3 hf=96240 hm=92264 ht=283156 pf=0 pm=0 pt=0 ru=235308 rp=239284
18:41:39.658 @T t=54797 s=0.000 lv=-40.0 pk=-38.9 c0=6.3 c1=5.1 kw=4.92 inf=1.52 iv=0.00 n=0 d=0 sk=3 hf=96240 hm=92264 ht=283156 pf=0 pm=0 pt=0 ru=235308 rp=239284
18:41:39.658 @T t=54883 s=0.000 lv=-40.5 pk=-39.2 c0=3.8 c1=6.3 kw=6.09 inf=1.52 iv=0.00 n=0 d=0 sk=3 hf=96240 hm=92264 ht=283156 pf=0 pm=0 pt=0 ru=235308 rp=239284
18:41:39.658 @T t=54989 s=0.000 lv=-40.5 pk=-38.8 c0=3.0 c1=5.1 kw=4.92 inf=1.51 iv=0.00 n=0 d=0 sk=3 hf=96240 hm=92264 ht=283156 pf=0 pm=0 pt=0 ru=235308 rp=239284
18:41:39.658 I (55459) wifi:[ADDBA]RX DELBA, reason:37, delete tid:0, initiator:1(originator)
18:41:39.658 @T t=55095 s=0.000 lv=-39.0 pk=-38.1 c0=8.3 c1=5.2 kw=5.02 inf=1.55 iv=0.00 n=0 d=0 sk=3 hf=96240 hm=92264 ht=283156 pf=0 pm=0 pt=0 ru=235308 rp=239284
18:41:39.658 @T t=55181 s=0.000 lv=-40.3 pk=-38.9 c0=5.0 c1=5.1 kw=5.18 inf=1.88 iv=0.00 n=0 d=0 sk=2 hf=96240 hm=92264 ht=283156 pf=0 pm=0 pt=0 ru=235308 rp=239284
18:41:39.658 @I ww=marvin cut=0.50 win=5 cool=1000 tick=100 wifi=1 srv=1 li=0 ln=0
18:41:39.658 @T t=55293 s=0.000 lv=-40.0 pk=-38.5 c0=3.8 c1=6.0 kw=5.71 inf=1.43 iv=0.00 n=0 d=0 sk=4 hf=96240 hm=92264 ht=283156 pf=0 pm=0 pt=0 ru=235308 rp=239284
18:41:39.658 @T t=55399 s=0.000 lv=-40.8 pk=-39.7 c0=6.5 c1=5.1 kw=4.93 inf=1.52 iv=0.00 n=0 d=0 sk=3 hf=96240 hm=92264 ht=283156 pf=0 pm=0 pt=0 ru=235308 rp=239284
18:41:39.658 @T t=55485 s=0.000 lv=-39.7 pk=-39.3 c0=3.8 c1=6.3 kw=6.11 inf=1.53 iv=0.00 n=0 d=0 sk=3 hf=96240 hm=92264 ht=283156 pf=0 pm=0 pt=0 ru=235308 rp=239284
18:41:39.658 @T t=55591 s=0.000 lv=-40.7 pk=-40.1 c0=6.3 c1=5.1 kw=4.91 inf=1.51 iv=0.00 n=0 d=0 sk=3 hf=96240 hm=92264 ht=283156 pf=0 pm=0 pt=0 ru=235308 rp=239284
18:41:39.658 @T t=55697 s=0.000 lv=-39.8 pk=-38.4 c0=3.0 c1=5.0 kw=4.91 inf=1.51 iv=0.00 n=0 d=0 sk=3 hf=96240 hm=92264 ht=283156 pf=0 pm=0 pt=0 ru=235308 rp=239284
18:41:39.658 @T t=55783 s=0.000 lv=-40.5 pk=-39.2 c0=3.7 c1=6.2 kw=6.06 inf=1.51 iv=0.00 n=0 d=0 sk=3 hf=96240 hm=92264 ht=283156 pf=0 pm=0 pt=0 ru=235308 rp=239284
18:41:39.658 @T t=55889 s=0.000 lv=-41.0 pk=-40.1 c0=3.2 c1=5.1 kw=4.93 inf=1.52 iv=0.00 n=0 d=0 sk=3 hf=96240 hm=92264 ht=283156 pf=0 pm=0 pt=0 ru=235308 rp=239284
18:41:42.148 @T t=55995 s=0.000 lv=-40.5 pk=-39.2 c0=3.1 c1=5.1 kw=4.92 inf=1.52 iv=0.00 n=0 d=0 sk=3 hf=96240 hm=92264 ht=283156 pf=0 pm=0 pt=0 ru=235308 rp=239284
18:41:42.148 @T t=56081 s=0.000 lv=-41.7 pk=-40.6 c0=4.3 c1=5.1 kw=5.17 inf=1.88 iv=0.00 n=0 d=0 sk=2 hf=96240 hm=92264 ht=283156 pf=0 pm=0 pt=0 ru=235308 rp=239284
18:41:42.148 @T t=56187 s=0.000 lv=-39.9 pk=-39.0 c0=5.4 c1=6.6 kw=6.17 inf=1.46 iv=0.00 n=0 d=0 sk=4 hf=94488 hm=92264 ht=283156 pf=0 pm=0 pt=0 ru=237060 rp=239284
18:41:42.148 @I ww=marvin cut=0.50 win=5 cool=1000 tick=100 wifi=1 srv=1 li=0 ln=0
18:41:42.148 @T t=56299 s=0.000 lv=-40.4 pk=-38.6 c0=5.9 c1=5.3 kw=4.83 inf=1.57 iv=0.00 n=0 d=0 sk=3 hf=96240 hm=92264 ht=283156 pf=0 pm=0 pt=0 ru=235308 rp=239284
18:41:42.148 @T t=56385 s=0.000 lv=-39.1 pk=-38.2 c0=8.0 c1=6.3 kw=6.18 inf=1.55 iv=0.00 n=0 d=0 sk=3 hf=96240 hm=92264 ht=283156 pf=0 pm=0 pt=0 ru=235308 rp=239284
18:41:42.148 @T t=56491 s=0.000 lv=-39.7 pk=-38.6 c0=3.3 c1=5.1 kw=4.96 inf=1.53 iv=0.00 n=0 d=0 sk=3 hf=96240 hm=92264 ht=283156 pf=0 pm=0 pt=0 ru=235308 rp=239284
18:41:42.148 @T t=56597 s=0.000 lv=-36.7 pk=-34.7 c0=6.8 c1=14.5 kw=14.30 inf=1.21 iv=0.97 n=10 d=0 sk=2 hf=96240 hm=92264 ht=283156 pf=0 pm=0 pt=0 ru=235308 rp=239284
18:41:42.148 @T t=56683 s=0.000 lv=-36.0 pk=-33.0 c0=4.4 c1=10.8 kw=10.62 inf=2.81 iv=1.20 n=3 d=0 sk=0 hf=96240 hm=92264 ht=283156 pf=0 pm=0 pt=0 ru=235308 rp=239284
18:41:42.148 @T t=56789 s=0.001 lv=-31.8 pk=-29.9 c0=3.4 c1=9.8 kw=9.60 inf=2.37 iv=1.16 n=4 d=0 sk=0 hf=96240 hm=92264 ht=283156 pf=0 pm=0 pt=0 ru=235308 rp=239284
18:41:42.148 @T t=56895 s=0.003 lv=-36.4 pk=-35.1 c0=3.6 c1=8.9 kw=8.72 inf=2.85 iv=1.23 n=3 d=0 sk=0 hf=96240 hm=92264 ht=283156 pf=0 pm=0 pt=0 ru=235308 rp=239284
18:41:42.148 @T t=56981 s=0.003 lv=-38.1 pk=-35.6 c0=4.2 c1=9.5 kw=9.58 inf=2.51 iv=1.21 n=3 d=0 sk=0 hf=96240 hm=92264 ht=283156 pf=0 pm=0 pt=0 ru=235308 rp=239284
18:41:42.148 @T t=57087 s=0.020 lv=-34.6 pk=-32.3 c0=3.5 c1=11.2 kw=10.76 inf=2.68 iv=1.17 n=4 d=0 sk=0 hf=96240 hm=92264 ht=283156 pf=0 pm=0 pt=0 ru=235308 rp=239284
18:41:42.148 @T t=57193 s=0.033 lv=-38.7 pk=-37.4 c0=3.4 c1=8.8 kw=8.59 inf=2.80 iv=1.20 n=3 d=0 sk=0 hf=96240 hm=92264 ht=283156 pf=0 pm=0 pt=0 ru=235308 rp=239284
18:41:42.148 @I ww=marvin cut=0.50 win=5 cool=1000 tick=100 wifi=1 srv=1 li=0 ln=0
18:41:42.149 @T t=57285 s=0.034 lv=-37.6 pk=-35.0 c0=5.5 c1=10.4 kw=10.14 inf=2.87 iv=1.26 n=3 d=0 sk=0 hf=96240 hm=92264 ht=283156 pf=0 pm=0 pt=0 ru=235308 rp=239284
18:41:42.149 @T t=57391 s=0.009 lv=-39.2 pk=-38.3 c0=6.8 c1=9.8 kw=9.65 inf=2.38 iv=1.18 n=4 d=0 sk=0 hf=96240 hm=92264 ht=283156 pf=0 pm=0 pt=0 ru=235308 rp=239284
18:41:42.149 @T t=57497 s=0.000 lv=-30.3 pk=-28.3 c0=3.5 c1=8.7 kw=8.53 inf=2.78 iv=1.19 n=3 d=0 sk=0 hf=96240 hm=92264 ht=283156 pf=0 pm=0 pt=0 ru=235308 rp=239284
18:41:42.149 @T t=57583 s=0.000 lv=-34.2 pk=-31.5 c0=4.4 c1=11.0 kw=10.82 inf=2.86 iv=1.24 n=3 d=0 sk=0 hf=96240 hm=92264 ht=283156 pf=0 pm=0 pt=0 ru=235308 rp=239284
18:41:42.149 @T t=57689 s=0.000 lv=-38.9 pk=-35.8 c0=3.8 c1=10.1 kw=9.93 inf=2.45 iv=1.23 n=4 d=0 sk=0 hf=96240 hm=92264 ht=283156 pf=0 pm=0 pt=0 ru=235308 rp=239284
18:41:42.149 @T t=57795 s=0.000 lv=-33.0 pk=-30.6 c0=3.5 c1=8.6 kw=8.47 inf=2.76 iv=1.17 n=3 d=0 sk=0 hf=96240 hm=92264 ht=283156 pf=0 pm=0 pt=0 ru=235308 rp=239284
18:41:42.149 @T t=57881 s=0.000 lv=-37.1 pk=-35.7 c0=8.4 c1=9.3 kw=9.40 inf=2.46 iv=1.16 n=3 d=0 sk=0 hf=96240 hm=92264 ht=283156 pf=0 pm=0 pt=0 ru=235308 rp=239284
18:41:42.149 @T t=57987 s=0.000 lv=-29.8 pk=-25.8 c0=3.4 c1=10.9 kw=10.45 inf=2.60 iv=1.09 n=4 d=0 sk=0 hf=96240 hm=92264 ht=283156 pf=0 pm=0 pt=0 ru=235308 rp=239284
18:41:42.149 @T t=58093 s=0.000 lv=-28.4 pk=-25.7 c0=3.5 c1=8.6 kw=8.38 inf=2.73 iv=1.14 n=3 d=0 sk=0 hf=96240 hm=92264 ht=283156 pf=0 pm=0 pt=0 ru=235308 rp=239284
18:41:42.149 @T t=58199 s=0.000 lv=-38.8 pk=-37.8 c0=3.4 c1=8.6 kw=8.40 inf=2.73 iv=1.14 n=3 d=0 sk=0 hf=96240 hm=92264 ht=283156 pf=0 pm=0 pt=0 ru=235308 rp=239284
18:41:42.149 @I ww=marvin cut=0.50 win=5 cool=1000 tick=100 wifi=1 srv=1 li=0 ln=0
18:41:42.149 @T t=58291 s=0.000 lv=-35.4 pk=-32.6 c0=18.9 c1=13.5 kw=13.24 inf=2.86 iv=1.61 n=4 d=0 sk=0 hf=96240 hm=92264 ht=283156 pf=0 pm=0 pt=0 ru=235308 rp=239284
18:41:42.149 @T t=58397 s=0.000 lv=-38.4 pk=-36.3 c0=4.6 c1=9.4 kw=9.17 inf=3.00 iv=1.36 n=3 d=0 sk=0 hf=96240 hm=92264 ht=283156 pf=0 pm=0 pt=0 ru=235308 rp=239284
18:41:44.754 @T t=58483 s=0.000 lv=-26.4 pk=-24.1 c0=4.3 c1=10.9 kw=10.72 inf=2.84 iv=1.22 n=3 d=0 sk=0 hf=96240 hm=92264 ht=283156 pf=0 pm=0 pt=0 ru=235308 rp=239284
18:41:44.754 @T t=58589 s=0.000 lv=-24.2 pk=-21.6 c0=3.5 c1=9.7 kw=9.52 inf=2.35 iv=1.15 n=4 d=0 sk=0 hf=96240 hm=92264 ht=283156 pf=0 pm=0 pt=0 ru=235308 rp=239284
18:41:44.754 @T t=58695 s=0.000 lv=-36.7 pk=-35.0 c0=3.4 c1=8.5 kw=8.28 inf=2.70 iv=1.13 n=3 d=0 sk=0 hf=96240 hm=92264 ht=283156 pf=0 pm=0 pt=0 ru=235308 rp=239284
18:41:44.754 @T t=58781 s=0.000 lv=-39.9 pk=-39.0 c0=4.1 c1=9.1 kw=9.18 inf=2.40 iv=1.12 n=3 d=0 sk=0 hf=96240 hm=92264 ht=283156 pf=0 pm=0 pt=0 ru=235308 rp=239284
18:41:44.754 @T t=58887 s=0.000 lv=-40.1 pk=-38.6 c0=4.0 c1=11.0 kw=10.52 inf=2.61 iv=1.12 n=4 d=0 sk=0 hf=96240 hm=92264 ht=283156 pf=0 pm=0 pt=0 ru=235308 rp=239284
18:41:44.754 @T t=58993 s=0.000 lv=-40.1 pk=-38.4 c0=3.4 c1=8.4 kw=8.29 inf=2.70 iv=1.12 n=3 d=0 sk=0 hf=96240 hm=92264 ht=283156 pf=0 pm=0 pt=0 ru=235308 rp=239284
18:41:44.754 @T t=59099 s=0.000 lv=-38.4 pk=-37.2 c0=3.4 c1=8.5 kw=8.31 inf=2.70 iv=1.12 n=3 d=0 sk=0 hf=96240 hm=92264 ht=283156 pf=0 pm=0 pt=0 ru=235308 rp=239284
18:41:44.754 @T t=59185 s=0.000 lv=-36.1 pk=-34.6 c0=4.1 c1=11.8 kw=11.57 inf=2.31 iv=1.11 n=4 d=0 sk=0 hf=96240 hm=92264 ht=283156 pf=0 pm=0 pt=0 ru=235308 rp=239284
18:41:44.754 @I ww=marvin cut=0.50 win=5 cool=1000 tick=100 wifi=1 srv=1 li=0 ln=0
18:41:44.754 @T t=59297 s=0.000 lv=-40.9 pk=-40.2 c0=4.5 c1=7.9 kw=7.75 inf=2.67 iv=1.10 n=3 d=0 sk=0 hf=96240 hm=92264 ht=283156 pf=0 pm=0 pt=0 ru=235308 rp=239284
18:41:44.755 @T t=59383 s=0.000 lv=-26.1 pk=-22.5 c0=4.2 c1=10.7 kw=10.51 inf=2.78 iv=1.18 n=3 d=0 sk=0 hf=96240 hm=92264 ht=283156 pf=0 pm=0 pt=0 ru=235308 rp=239284
18:41:44.755 @T t=59489 s=0.000 lv=-30.4 pk=-25.2 c0=3.5 c1=9.3 kw=9.17 inf=2.26 iv=1.07 n=4 d=0 sk=0 hf=96240 hm=92264 ht=283156 pf=0 pm=0 pt=0 ru=235308 rp=239284
18:41:44.755 @T t=59595 s=0.000 lv=-36.2 pk=-31.7 c0=6.7 c1=8.5 kw=8.30 inf=2.70 iv=1.13 n=3 d=0 sk=0 hf=96240 hm=92264 ht=283156 pf=0 pm=0 pt=0 ru=235308 rp=239284
18:41:44.755 @T t=59681 s=0.000 lv=-35.2 pk=-34.3 c0=4.2 c1=9.1 kw=9.16 inf=2.39 iv=1.11 n=3 d=0 sk=0 hf=96240 hm=92264 ht=283156 pf=0 pm=0 pt=0 ru=235308 rp=239284
18:41:44.755 @T t=59787 s=0.000 lv=-37.1 pk=-34.4 c0=3.4 c1=10.7 kw=10.28 inf=2.55 iv=1.08 n=4 d=0 sk=0 hf=96240 hm=92264 ht=283156 pf=0 pm=0 pt=0 ru=235308 rp=239284
18:41:44.755 @T t=59893 s=0.000 lv=-37.6 pk=-33.5 c0=3.6 c1=8.6 kw=8.38 inf=2.73 iv=1.14 n=3 d=0 sk=0 hf=96240 hm=92264 ht=283156 pf=0 pm=0 pt=0 ru=235308 rp=239284
18:41:44.755 @T t=59999 s=0.000 lv=-31.4 pk=-28.0 c0=3.8 c1=8.8 kw=8.63 inf=2.81 iv=1.21 n=3 d=0 sk=0 hf=96240 hm=92264 ht=283156 pf=0 pm=0 pt=0 ru=235308 rp=239284
18:41:44.755 @T t=60085 s=0.000 lv=-35.2 pk=-32.3 c0=4.4 c1=12.0 kw=11.74 inf=2.35 iv=1.14 n=4 d=0 sk=0 hf=96240 hm=92264 ht=283156 pf=0 pm=0 pt=0 ru=235308 rp=239284
18:41:44.755 @T t=60191 s=0.000 lv=-34.7 pk=-31.0 c0=6.6 c1=8.4 kw=8.28 inf=2.69 iv=1.11 n=3 d=0 sk=0 hf=96240 hm=92264 ht=283156 pf=0 pm=0 pt=0 ru=235308 rp=239284
18:41:44.755 @I ww=marvin cut=0.50 win=5 cool=1000 tick=100 wifi=1 srv=1 li=0 ln=0
18:41:44.755 @T t=60283 s=0.000 lv=-31.3 pk=-28.6 c0=4.8 c1=9.9 kw=9.68 inf=2.73 iv=1.14 n=3 d=0 sk=0 hf=96240 hm=92264 ht=283156 pf=0 pm=0 pt=0 ru=235308 rp=239284
18:41:44.755 @T t=60389 s=0.000 lv=-38.8 pk=-36.6 c0=7.9 c1=11.5 kw=10.86 inf=2.70 iv=1.45 n=4 d=0 sk=0 hf=96252 hm=92264 ht=283156 pf=0 pm=0 pt=0 ru=235296 rp=239284
18:41:44.755 @T t=60495 s=0.000 lv=-36.2 pk=-32.8 c0=3.6 c1=8.5 kw=8.32 inf=2.71 iv=1.12 n=3 d=0 sk=0 hf=96252 hm=92264 ht=283156 pf=0 pm=0 pt=0 ru=235296 rp=239284
18:41:44.755 @T t=60581 s=0.000 lv=-37.2 pk=-35.3 c0=4.3 c1=9.1 kw=9.23 inf=2.41 iv=1.14 n=3 d=0 sk=0 hf=96252 hm=92264 ht=283156 pf=0 pm=0 pt=0 ru=235296 rp=239284
18:41:44.755 @T t=60687 s=0.000 lv=-38.8 pk=-36.3 c0=3.4 c1=10.8 kw=10.38 inf=2.58 iv=1.09 n=4 d=0 sk=0 hf=96252 hm=92264 ht=283156 pf=0 pm=0 pt=0 ru=235296 rp=239284
18:41:44.756 @T t=60793 s=0.000 lv=-34.4 pk=-32.3 c0=3.4 c1=8.5 kw=8.30 inf=2.70 iv=1.13 n=3 d=0 sk=0 hf=96252 hm=92264 ht=283156 pf=0 pm=0 pt=0 ru=235296 rp=239284
18:41:44.756 @T t=60899 s=0.000 lv=-35.0 pk=-33.3 c0=3.6 c1=8.6 kw=8.41 inf=2.74 iv=1.15 n=3 d=0 sk=0 hf=96252 hm=92264 ht=283156 pf=0 pm=0 pt=0 ru=235296 rp=239284
18:41:44.756 @T t=60985 s=0.000 lv=-34.4 pk=-32.9 c0=4.3 c1=11.9 kw=11.64 inf=2.33 iv=1.12 n=4 d=0 sk=0 hf=96252 hm=92264 ht=283156 pf=0 pm=0 pt=0 ru=235296 rp=239284
18:41:47.055 @T t=61091 s=0.000 lv=-32.7 pk=-27.4 c0=4.7 c1=9.1 kw=8.86 inf=2.89 iv=1.26 n=3 d=0 sk=0 hf=96252 hm=92264 ht=283156 pf=0 pm=0 pt=0 ru=235296 rp=239284
18:41:47.056 [status] up 61s | mic -35.4 dBFS (peak -21.6) | score max 0.03 | detections 0 | inferences 223 (22.3/s; model 1.17 ms each, paused in quiet 34%; features 1.40 ms per 30 ms) | CPU core0  5.0% core1  8.3% (wake word pipeline 8.05% of one core) | RAM used 229 KB (peak 233 KB, 93 KB free) | wifi OK, server OK | audio lost since boot: i2s 0 net 0
18:41:47.056 @T t=61202 s=0.000 lv=-24.0 pk=-21.5 c0=7.4 c1=9.5 kw=8.61 inf=2.90 iv=1.25 n=3 d=0 sk=0 hf=96252 hm=92264 ht=283156 pf=0 pm=0 pt=0 ru=235296 rp=239284
18:41:47.056 @I ww=marvin cut=0.50 win=5 cool=1000 tick=100 wifi=1 srv=1 li=0 ln=0
18:41:47.056 @T t=61293 s=0.000 lv=-37.1 pk=-35.0 c0=4.8 c1=10.5 kw=11.13 inf=2.39 iv=1.13 n=4 d=0 sk=0 hf=96252 hm=92264 ht=283156 pf=0 pm=0 pt=0 ru=235296 rp=239284
18:41:47.057 @T t=61399 s=0.000 lv=-38.4 pk=-36.6 c0=4.1 c1=8.8 kw=8.56 inf=2.79 iv=1.19 n=3 d=0 sk=0 hf=96252 hm=92264 ht=283156 pf=0 pm=0 pt=0 ru=235296 rp=239284
18:41:47.057 @T t=61485 s=0.000 lv=-38.0 pk=-36.6 c0=7.4 c1=10.7 kw=10.51 inf=2.78 iv=1.18 n=3 d=0 sk=0 hf=96252 hm=92264 ht=283156 pf=0 pm=0 pt=0 ru=235296 rp=239284
18:41:47.057 @T t=61591 s=0.000 lv=-38.0 pk=-36.3 c0=3.5 c1=9.4 kw=9.27 inf=2.28 iv=1.10 n=4 d=0 sk=0 hf=96252 hm=92264 ht=283156 pf=0 pm=0 pt=0 ru=235296 rp=239284
18:41:47.057 @T t=61697 s=0.000 lv=-37.3 pk=-36.0 c0=3.4 c1=8.5 kw=8.30 inf=2.70 iv=1.13 n=3 d=0 sk=0 hf=96252 hm=92264 ht=283156 pf=0 pm=0 pt=0 ru=235296 rp=239284
18:41:47.057 @T t=61783 s=0.000 lv=-39.0 pk=-36.8 c0=4.2 c1=10.7 kw=10.47 inf=2.77 iv=1.17 n=3 d=0 sk=0 hf=96252 hm=92264 ht=283156 pf=0 pm=0 pt=0 ru=235296 rp=239284
18:41:47.057 @T t=61889 s=0.000 lv=-36.1 pk=-34.6 c0=3.6 c1=9.6 kw=9.39 inf=2.31 iv=1.12 n=4 d=0 sk=0 hf=96252 hm=92264 ht=283156 pf=0 pm=0 pt=0 ru=235296 rp=239284
18:41:47.057 @T t=61995 s=0.000 lv=-41.0 pk=-39.9 c0=3.4 c1=8.5 kw=8.35 inf=2.72 iv=1.13 n=3 d=0 sk=0 hf=96252 hm=92264 ht=283156 pf=0 pm=0 pt=0 ru=235296 rp=239284
18:41:47.057 @T t=62081 s=0.000 lv=-40.1 pk=-38.9 c0=4.3 c1=9.2 kw=9.26 inf=2.42 iv=1.14 n=3 d=0 sk=0 hf=96252 hm=92264 ht=283156 pf=0 pm=0 pt=0 ru=235296 rp=239284
18:41:47.057 @T t=62187 s=0.000 lv=-39.8 pk=-38.3 c0=3.8 c1=11.2 kw=10.71 inf=2.66 iv=1.16 n=4 d=0 sk=0 hf=96252 hm=92264 ht=283156 pf=0 pm=0 pt=0 ru=235296 rp=239284
18:41:47.057 @I ww=marvin cut=0.50 win=5 cool=1000 tick=100 wifi=1 srv=1 li=0 ln=0
18:41:47.057 @T t=62299 s=0.000 lv=-40.2 pk=-39.5 c0=4.0 c1=8.1 kw=7.94 inf=2.73 iv=1.14 n=3 d=0 sk=0 hf=96252 hm=92264 ht=283156 pf=0 pm=0 pt=0 ru=235296 rp=239284
18:41:47.057 @T t=62385 s=0.000 lv=-40.8 pk=-39.1 c0=9.4 c1=12.0 kw=11.22 inf=2.96 iv=1.29 n=3 d=0 sk=0 hf=96252 hm=92264 ht=283156 pf=0 pm=0 pt=0 ru=235296 rp=239284
18:41:47.057 @T t=62491 s=0.000 lv=-40.5 pk=-39.6 c0=3.6 c1=9.5 kw=9.31 inf=2.29 iv=1.11 n=4 d=0 sk=0 hf=96252 hm=92264 ht=283156 pf=0 pm=0 pt=0 ru=235296 rp=239284
18:41:47.057 @T t=62597 s=0.000 lv=-40.2 pk=-39.8 c0=4.0 c1=8.9 kw=8.69 inf=2.84 iv=1.23 n=3 d=0 sk=0 hf=96252 hm=92264 ht=283156 pf=0 pm=0 pt=0 ru=235296 rp=239284
18:41:47.057 @T t=62683 s=0.000 lv=-40.3 pk=-39.4 c0=4.3 c1=10.6 kw=10.37 inf=2.74 iv=1.15 n=3 d=0 sk=0 hf=96252 hm=92264 ht=283156 pf=0 pm=0 pt=0 ru=235296 rp=239284
18:41:47.058 @T t=62789 s=0.000 lv=-39.9 pk=-38.7 c0=3.3 c1=9.4 kw=9.21 inf=2.27 iv=1.09 n=4 d=0 sk=0 hf=96252 hm=92264 ht=283156 pf=0 pm=0 pt=0 ru=235296 rp=239284
18:41:47.058 @T t=62895 s=0.000 lv=-40.3 pk=-38.0 c0=3.5 c1=5.1 kw=4.95 inf=1.52 iv=0.00 n=0 d=0 sk=3 hf=96252 hm=92264 ht=283156 pf=0 pm=0 pt=0 ru=235296 rp=239284
18:41:47.058 @T t=62981 s=0.000 lv=-40.0 pk=-38.9 c0=3.7 c1=4.9 kw=5.05 inf=1.84 iv=0.00 n=0 d=0 sk=2 hf=96252 hm=92264 ht=283156 pf=0 pm=0 pt=0 ru=235296 rp=239284
18:41:47.058 @T t=63087 s=0.000 lv=-24.5 pk=-20.8 c0=6.4 c1=15.8 kw=15.34 inf=1.30 iv=0.98 n=10 d=0 sk=2 hf=96252 hm=92264 ht=283156 pf=0 pm=0 pt=0 ru=235296 rp=239284
18:41:47.058 @T t=63193 s=0.000 lv=-25.1 pk=-22.3 c0=3.4 c1=8.4 kw=8.25 inf=2.69 iv=1.10 n=3 d=0 sk=0 hf=96252 hm=92264 ht=283156 pf=0 pm=0 pt=0 ru=235296 rp=239284
18:41:47.058 @I ww=marvin cut=0.50 win=5 cool=1000 tick=100 wifi=1 srv=1 li=0 ln=0
18:41:47.059 @T t=63285 s=0.000 lv=-31.4 pk=-29.2 c0=4.7 c1=9.8 kw=9.60 inf=2.71 iv=1.13 n=3 d=0 sk=0 hf=96252 hm=92264 ht=283156 pf=0 pm=0 pt=0 ru=235296 rp=239284
18:41:49.644 @T t=63392 s=0.000 lv=-36.7 pk=-33.8 c0=4.3 c1=9.6 kw=9.41 inf=2.34 iv=1.14 n=4 d=0 sk=0 hf=96252 hm=92264 ht=283156 pf=0 pm=0 pt=0 ru=235296 rp=239284
18:41:49.644 @T t=63497 s=0.000 lv=-38.4 pk=-36.1 c0=5.3 c1=8.6 kw=8.42 inf=2.72 iv=1.13 n=3 d=0 sk=0 hf=96252 hm=92264 ht=283156 pf=0 pm=0 pt=0 ru=235296 rp=239284
18:41:49.644 @T t=63583 s=0.000 lv=-36.9 pk=-36.1 c0=4.2 c1=10.6 kw=10.38 inf=2.74 iv=1.15 n=3 d=0 sk=0 hf=96252 hm=92264 ht=283156 pf=0 pm=0 pt=0 ru=235296 rp=239284
18:41:49.644 @T t=63689 s=0.000 lv=-35.4 pk=-34.1 c0=3.3 c1=9.3 kw=9.13 inf=2.25 iv=1.07 n=4 d=0 sk=0 hf=96252 hm=92264 ht=283156 pf=0 pm=0 pt=0 ru=235296 rp=239284
18:41:49.644 @T t=63795 s=0.000 lv=-34.8 pk=-33.3 c0=3.4 c1=8.4 kw=8.26 inf=2.69 iv=1.11 n=3 d=0 sk=0 hf=96252 hm=92264 ht=283156 pf=0 pm=0 pt=0 ru=235296 rp=239284
18:41:49.645 @T t=63900 s=0.000 lv=-37.5 pk=-34.7 c0=6.0 c1=8.6 kw=8.43 inf=2.71 iv=1.12 n=3 d=0 sk=0 hf=96252 hm=92264 ht=283156 pf=0 pm=0 pt=0 ru=235296 rp=239284
18:41:49.645 @T t=63989 s=0.000 lv=-36.3 pk=-34.8 c0=3.8 c1=11.4 kw=11.17 inf=2.31 iv=1.10 n=4 d=0 sk=0 hf=96252 hm=92264 ht=283156 pf=0 pm=0 pt=0 ru=235296 rp=239284
18:41:49.645 @T t=64095 s=0.000 lv=-37.1 pk=-33.9 c0=3.4 c1=8.4 kw=8.25 inf=2.68 iv=1.11 n=3 d=0 sk=0 hf=96252 hm=92264 ht=283156 pf=0 pm=0 pt=0 ru=235296 rp=239284
18:41:49.645 @T t=64181 s=0.000 lv=-35.6 pk=-33.0 c0=4.2 c1=9.2 kw=9.27 inf=2.42 iv=1.14 n=3 d=0 sk=0 hf=96252 hm=92264 ht=283156 pf=0 pm=0 pt=0 ru=235296 rp=239284
18:41:49.645 @I ww=marvin cut=0.50 win=5 cool=1000 tick=100 wifi=1 srv=1 li=0 ln=0
18:41:49.645 @T t=64293 s=0.000 lv=-35.9 pk=-30.4 c0=3.9 c1=10.2 kw=9.77 inf=2.56 iv=1.09 n=4 d=0 sk=0 hf=96252 hm=92264 ht=283156 pf=0 pm=0 pt=0 ru=235296 rp=239284
18:41:49.645 @T t=64399 s=0.000 lv=-33.2 pk=-29.5 c0=5.5 c1=9.1 kw=8.93 inf=2.92 iv=1.28 n=3 d=0 sk=0 hf=94488 hm=92264 ht=283156 pf=0 pm=0 pt=0 ru=237060 rp=239284
18:41:49.646 @T t=64485 s=0.000 lv=-39.6 pk=-37.3 c0=7.1 c1=11.8 kw=11.53 inf=2.93 iv=1.28 n=3 d=0 sk=0 hf=96252 hm=92264 ht=283156 pf=0 pm=0 pt=0 ru=235296 rp=239284
18:41:49.646 @T t=64591 s=0.000 lv=-39.8 pk=-38.1 c0=7.0 c1=9.8 kw=9.62 inf=2.37 iv=1.18 n=4 d=0 sk=0 hf=96056 hm=92264 ht=283156 pf=0 pm=0 pt=0 ru=235492 rp=239284
18:41:49.646 @T t=64697 s=0.000 lv=-37.5 pk=-35.5 c0=4.0 c1=8.5 kw=8.37 inf=2.72 iv=1.13 n=3 d=0 sk=0 hf=96252 hm=92264 ht=283156 pf=0 pm=0 pt=0 ru=235296 rp=239284
18:41:49.646 @T t=64783 s=0.000 lv=-39.5 pk=-38.2 c0=8.2 c1=10.6 kw=10.43 inf=2.76 iv=1.16 n=3 d=0 sk=0 hf=96252 hm=92264 ht=283156 pf=0 pm=0 pt=0 ru=235296 rp=239284
18:41:49.646 @T t=64889 s=0.000 lv=-25.5 pk=-22.6 c0=3.6 c1=9.6 kw=9.42 inf=2.32 iv=1.12 n=4 d=0 sk=0 hf=96252 hm=92264 ht=283156 pf=0 pm=0 pt=0 ru=235296 rp=239284
18:41:49.647 @T t=64995 s=0.000 lv=-29.5 pk=-24.8 c0=3.4 c1=8.5 kw=8.32 inf=2.71 iv=1.13 n=3 d=0 sk=0 hf=96252 hm=92264 ht=283156 pf=0 pm=0 pt=0 ru=235296 rp=239284
18:41:49.647 @T t=65081 s=0.000 lv=-39.2 pk=-37.4 c0=4.3 c1=9.4 kw=9.46 inf=2.48 iv=1.19 n=3 d=0 sk=0 hf=96252 hm=92264 ht=283156 pf=0 pm=0 pt=0 ru=235296 rp=239284
18:41:49.647 @T t=65187 s=0.000 lv=-36.3 pk=-34.1 c0=6.6 c1=10.8 kw=10.41 inf=2.59 iv=1.09 n=4 d=0 sk=0 hf=96252 hm=92264 ht=283156 pf=0 pm=0 pt=0 ru=235296 rp=239284
18:41:49.647 @I ww=marvin cut=0.50 win=5 cool=1000 tick=100 wifi=1 srv=1 li=0 ln=0
18:41:49.647 @T t=65299 s=0.000 lv=-35.4 pk=-32.4 c0=4.0 c1=8.3 kw=8.12 inf=2.80 iv=1.20 n=3 d=0 sk=0 hf=96252 hm=92264 ht=283156 pf=0 pm=0 pt=0 ru=235296 rp=239284
18:41:49.647 @T t=65385 s=0.000 lv=-39.2 pk=-37.2 c0=8.3 c1=11.0 kw=10.80 inf=2.86 iv=1.25 n=3 d=0 sk=0 hf=96252 hm=92264 ht=283156 pf=0 pm=0 pt=0 ru=235296 rp=239284
18:41:49.647 @T t=65491 s=0.000 lv=-26.4 pk=-23.8 c0=7.2 c1=9.9 kw=9.73 inf=2.40 iv=1.19 n=4 d=0 sk=0 hf=96252 hm=92264 ht=283156 pf=0 pm=0 pt=0 ru=235296 rp=239284
18:41:49.647 @T t=65597 s=0.000 lv=-26.6 pk=-21.8 c0=3.8 c1=9.0 kw=8.79 inf=2.87 iv=1.25 n=3 d=0 sk=0 hf=96252 hm=92264 ht=283156 pf=0 pm=0 pt=0 ru=235296 rp=239284
18:41:49.647 @T t=65683 s=0.000 lv=-36.1 pk=-33.4 c0=4.3 c1=10.7 kw=10.54 inf=2.79 iv=1.18 n=3 d=0 sk=0 hf=96252 hm=92264 ht=283156 pf=0 pm=0 pt=0 ru=235296 rp=239284
18:41:49.647 @T t=65789 s=0.000 lv=-35.5 pk=-32.8 c0=3.4 c1=9.4 kw=9.21 inf=2.27 iv=1.09 n=4 d=0 sk=0 hf=96252 hm=92264 ht=283156 pf=0 pm=0 pt=0 ru=235296 rp=239284
18:41:49.647 @T t=65895 s=0.000 lv=-37.0 pk=-35.6 c0=3.6 c1=8.6 kw=8.45 inf=2.76 iv=1.16 n=3 d=0 sk=0 hf=96252 hm=92264 ht=283156 pf=0 pm=0 pt=0 ru=235296 rp=239284
18:41:52.155 @T t=65981 s=0.000 lv=-37.7 pk=-36.5 c0=4.2 c1=9.2 kw=9.28 inf=2.43 iv=1.14 n=3 d=0 sk=0 hf=96252 hm=92264 ht=283156 pf=0 pm=0 pt=0 ru=235296 rp=239284
18:41:52.156 @T t=66087 s=0.000 lv=-37.0 pk=-33.3 c0=3.5 c1=10.8 kw=10.40 inf=2.58 iv=1.10 n=4 d=0 sk=0 hf=96252 hm=92264 ht=283156 pf=0 pm=0 pt=0 ru=235296 rp=239284
18:41:52.156 @T t=66193 s=0.000 lv=-39.2 pk=-35.6 c0=3.4 c1=8.5 kw=8.30 inf=2.70 iv=1.13 n=3 d=0 sk=0 hf=96252 hm=92264 ht=283156 pf=0 pm=0 pt=0 ru=235296 rp=239284
18:41:52.156 @I ww=marvin cut=0.50 win=5 cool=1000 tick=100 wifi=1 srv=1 li=0 ln=0
18:41:52.157 @T t=66285 s=0.000 lv=-36.5 pk=-33.9 c0=4.8 c1=9.9 kw=9.74 inf=2.75 iv=1.15 n=3 d=0 sk=0 hf=96252 hm=92264 ht=283156 pf=0 pm=0 pt=0 ru=235296 rp=239284
18:41:52.157 @T t=66391 s=0.000 lv=-35.0 pk=-31.4 c0=3.5 c1=9.5 kw=9.33 inf=2.30 iv=1.11 n=4 d=0 sk=0 hf=96252 hm=92264 ht=283156 pf=0 pm=0 pt=0 ru=235296 rp=239284
18:41:52.157 @T t=66497 s=0.000 lv=-32.6 pk=-31.5 c0=7.5 c1=10.0 kw=9.44 inf=3.09 iv=1.42 n=3 d=0 sk=0 hf=96252 hm=92264 ht=283156 pf=0 pm=0 pt=0 ru=235296 rp=239284
18:41:52.157 @T t=66583 s=0.000 lv=-36.5 pk=-35.1 c0=5.1 c1=10.8 kw=10.58 inf=2.79 iv=1.17 n=3 d=0 sk=0 hf=96252 hm=92264 ht=283156 pf=0 pm=0 pt=0 ru=235296 rp=239284
18:41:52.157 @T t=66689 s=0.000 lv=-35.1 pk=-31.3 c0=3.8 c1=9.8 kw=9.59 inf=2.36 iv=1.17 n=4 d=0 sk=0 hf=96252 hm=92264 ht=283156 pf=0 pm=0 pt=0 ru=235296 rp=239284
18:41:52.157 @T t=66795 s=0.000 lv=-28.2 pk=-24.3 c0=3.4 c1=8.5 kw=8.34 inf=2.72 iv=1.14 n=3 d=0 sk=0 hf=96252 hm=92264 ht=283156 pf=0 pm=0 pt=0 ru=235296 rp=239284
18:41:52.158 @T t=66881 s=0.000 lv=-20.5 pk=-17.6 c0=4.4 c1=9.2 kw=9.27 inf=2.42 iv=1.13 n=3 d=0 sk=0 hf=96252 hm=92264 ht=283156 pf=0 pm=0 pt=0 ru=235296 rp=239284
18:41:52.158 @T t=66987 s=0.000 lv=-31.7 pk=-26.5 c0=3.4 c1=10.8 kw=10.41 inf=2.58 iv=1.09 n=4 d=0 sk=0 hf=96252 hm=92264 ht=283156 pf=0 pm=0 pt=0 ru=235296 rp=239284
18:41:52.158 @T t=67093 s=0.000 lv=-23.5 pk=-20.1 c0=3.5 c1=8.5 kw=8.34 inf=2.72 iv=1.14 n=3 d=0 sk=0 hf=96252 hm=92264 ht=283156 pf=0 pm=0 pt=0 ru=235296 rp=239284
18:41:52.158 @T t=67199 s=0.000 lv=-35.3 pk=-32.2 c0=3.4 c1=8.5 kw=8.29 inf=2.70 iv=1.12 n=3 d=0 sk=0 hf=96252 hm=92264 ht=283156 pf=0 pm=0 pt=0 ru=235296 rp=239284
18:41:52.158 @I ww=marvin cut=0.50 win=5 cool=1000 tick=100 wifi=1 srv=1 li=0 ln=0
18:41:52.158 @T t=67291 s=0.000 lv=-34.3 pk=-29.3 c0=13.6 c1=11.5 kw=11.28 inf=2.42 iv=1.20 n=4 d=0 sk=0 hf=96252 hm=92264 ht=283156 pf=0 pm=0 pt=0 ru=235296 rp=239284
18:41:52.158 @T t=67397 s=0.000 lv=-22.1 pk=-20.5 c0=3.7 c1=8.8 kw=8.64 inf=2.82 iv=1.21 n=3 d=0 sk=0 hf=96252 hm=92264 ht=283156 pf=0 pm=0 pt=0 ru=235296 rp=239284
18:41:52.158 @T t=67483 s=0.000 lv=-31.5 pk=-26.4 c0=4.8 c1=10.9 kw=10.70 inf=2.83 iv=1.22 n=3 d=0 sk=0 hf=96252 hm=92264 ht=283156 pf=0 pm=0 pt=0 ru=235296 rp=239284
18:41:52.158 @T t=67592 s=0.000 lv=-31.9 pk=-27.4 c0=3.3 c1=9.4 kw=9.22 inf=2.34 iv=1.15 n=4 d=0 sk=0 hf=96252 hm=92264 ht=283156 pf=0 pm=0 pt=0 ru=235296 rp=239284
18:41:52.158 @T t=67698 s=0.000 lv=-33.8 pk=-28.3 c0=6.6 c1=8.4 kw=8.24 inf=2.68 iv=1.11 n=3 d=0 sk=0 hf=96252 hm=92264 ht=283156 pf=0 pm=0 pt=0 ru=235296 rp=239284
18:41:52.158 @T t=67784 s=0.000 lv=-38.8 pk=-36.5 c0=4.1 c1=10.6 kw=10.38 inf=2.74 iv=1.15 n=3 d=0 sk=0 hf=96252 hm=92264 ht=283156 pf=0 pm=0 pt=0 ru=235296 rp=239284
18:41:52.158 @T t=67890 s=0.000 lv=-28.4 pk=-22.8 c0=3.9 c1=9.5 kw=9.32 inf=2.29 iv=1.10 n=4 d=0 sk=0 hf=96252 hm=92264 ht=283156 pf=0 pm=0 pt=0 ru=235296 rp=239284
18:41:52.158 @T t=67996 s=0.000 lv=-22.9 pk=-21.7 c0=3.4 c1=8.5 kw=8.33 inf=2.71 iv=1.12 n=3 d=0 sk=0 hf=96252 hm=92264 ht=283156 pf=0 pm=0 pt=0 ru=235296 rp=239284
18:41:52.158 @T t=68082 s=0.000 lv=-35.1 pk=-30.1 c0=4.2 c1=10.3 kw=10.29 inf=2.71 iv=1.13 n=3 d=0 sk=0 hf=96252 hm=92264 ht=283156 pf=0 pm=0 pt=0 ru=235296 rp=239284
18:41:52.158 @T t=68188 s=0.000 lv=-40.9 pk=-39.2 c0=3.4 c1=9.5 kw=9.13 inf=2.25 iv=1.07 n=4 d=0 sk=0 hf=96252 hm=92264 ht=283156 pf=0 pm=0 pt=0 ru=235296 rp=239284
18:41:52.158 @I ww=marvin cut=0.50 win=5 cool=1000 tick=100 wifi=1 srv=1 li=0 ln=0
18:41:52.158 @T t=68300 s=0.000 lv=-41.7 pk=-40.9 c0=3.9 c1=8.0 kw=7.80 inf=2.68 iv=1.11 n=3 d=0 sk=0 hf=96252 hm=92264 ht=283156 pf=0 pm=0 pt=0 ru=235296 rp=239284
18:41:52.158 @T t=68386 s=0.000 lv=-41.4 pk=-39.3 c0=4.5 c1=10.8 kw=10.62 inf=2.80 iv=1.19 n=3 d=0 sk=0 hf=96252 hm=92264 ht=283156 pf=0 pm=0 pt=0 ru=235296 rp=239284
18:41:54.754 @T t=68492 s=0.000 lv=-41.5 pk=-40.7 c0=5.5 c1=10.0 kw=9.79 inf=2.41 iv=1.20 n=4 d=0 sk=0 hf=94488 hm=92264 ht=283156 pf=0 pm=0 pt=0 ru=237060 rp=239284
18:41:54.754 @T t=68599 s=0.000 lv=-41.5 pk=-39.7 c0=9.4 c1=9.3 kw=8.76 inf=2.88 iv=1.23 n=3 d=0 sk=0 hf=96056 hm=92264 ht=283156 pf=0 pm=0 pt=0 ru=235492 rp=239284
18:41:54.754 @T t=68688 s=0.000 lv=-41.1 pk=-40.4 c0=4.6 c1=10.6 kw=10.39 inf=2.85 iv=1.24 n=3 d=0 sk=0 hf=96252 hm=92264 ht=283156 pf=0 pm=0 pt=0 ru=235296 rp=239284
18:41:54.754 @T t=68794 s=0.000 lv=-41.6 pk=-40.7 c0=6.6 c1=9.4 kw=9.26 inf=2.28 iv=1.10 n=4 d=0 sk=0 hf=96252 hm=92264 ht=283156 pf=0 pm=0 pt=0 ru=235296 rp=239284
18:41:54.755 @T t=68900 s=0.000 lv=-41.3 pk=-39.8 c0=3.6 c1=8.6 kw=8.42 inf=2.74 iv=1.15 n=3 d=0 sk=0 hf=96252 hm=92264 ht=283156 pf=0 pm=0 pt=0 ru=235296 rp=239284
18:41:54.755 @T t=68986 s=0.000 lv=-41.8 pk=-40.6 c0=4.7 c1=11.1 kw=10.85 inf=2.86 iv=1.22 n=3 d=0 sk=0 hf=96252 hm=92264 ht=283156 pf=0 pm=0 pt=0 ru=235296 rp=239284
18:41:54.756 @T t=69092 s=0.000 lv=-38.0 pk=-36.3 c0=3.5 c1=9.5 kw=9.31 inf=2.29 iv=1.11 n=4 d=0 sk=0 hf=96252 hm=92264 ht=283156 pf=0 pm=0 pt=0 ru=235296 rp=239284
18:41:54.756 @T t=69198 s=0.000 lv=-39.7 pk=-38.6 c0=3.4 c1=8.5 kw=8.36 inf=2.72 iv=1.13 n=3 d=0 sk=0 hf=96252 hm=92264 ht=283156 pf=0 pm=0 pt=0 ru=235296 rp=239284
18:41:54.756 @I ww=marvin cut=0.50 win=5 cool=1000 tick=100 wifi=1 srv=1 li=0 ln=0
18:41:54.756 @T t=69290 s=0.000 lv=-36.5 pk=-33.9 c0=4.9 c1=10.1 kw=9.85 inf=2.79 iv=1.18 n=3 d=0 sk=0 hf=96252 hm=92264 ht=283156 pf=0 pm=0 pt=0 ru=235296 rp=239284
18:41:54.756 @T t=69396 s=0.000 lv=-32.2 pk=-29.2 c0=3.6 c1=9.5 kw=9.37 inf=2.31 iv=1.11 n=4 d=0 sk=0 hf=96252 hm=92264 ht=283156 pf=0 pm=0 pt=0 ru=235296 rp=239284
18:41:54.756 @T t=69482 s=0.000 lv=-39.1 pk=-37.2 c0=8.1 c1=9.1 kw=8.05 inf=3.12 iv=1.21 n=2 d=0 sk=0 hf=96252 hm=92264 ht=283156 pf=0 pm=0 pt=0 ru=235296 rp=239284
18:41:54.756 @T t=69588 s=0.000 lv=-35.1 pk=-33.2 c0=4.0 c1=10.1 kw=10.59 inf=2.63 iv=1.13 n=4 d=0 sk=0 hf=96252 hm=92264 ht=283156 pf=0 pm=0 pt=0 ru=235296 rp=239284
18:41:54.756 @T t=69694 s=0.000 lv=-32.8 pk=-30.3 c0=3.4 c1=9.5 kw=9.31 inf=2.29 iv=1.10 n=4 d=0 sk=0 hf=96252 hm=92264 ht=283156 pf=0 pm=0 pt=0 ru=235296 rp=239284
18:41:54.757 @T t=69800 s=0.000 lv=-37.8 pk=-33.6 c0=3.4 c1=8.5 kw=8.32 inf=2.71 iv=1.13 n=3 d=0 sk=0 hf=96252 hm=92264 ht=283156 pf=0 pm=0 pt=0 ru=235296 rp=239284
18:41:54.757 @T t=69889 s=0.000 lv=-26.3 pk=-23.8 c0=4.2 c1=10.5 kw=10.29 inf=2.81 iv=1.18 n=3 d=0 sk=0 hf=96252 hm=92264 ht=283156 pf=0 pm=0 pt=0 ru=235296 rp=239284
18:41:54.757 @T t=69995 s=0.000 lv=-38.7 pk=-34.4 c0=3.4 c1=9.4 kw=9.25 inf=2.28 iv=1.09 n=4 d=0 sk=0 hf=96252 hm=92264 ht=283156 pf=0 pm=0 pt=0 ru=235296 rp=239284
18:41:54.757 @T t=70081 s=0.000 lv=-35.9 pk=-32.7 c0=4.7 c1=8.0 kw=8.05 inf=3.11 iv=1.17 n=2 d=0 sk=0 hf=96252 hm=92264 ht=283156 pf=0 pm=0 pt=0 ru=235296 rp=239284
18:41:54.757 @T t=70190 s=0.000 lv=-39.0 pk=-36.8 c0=3.4 c1=11.0 kw=10.58 inf=2.71 iv=1.27 n=4 d=0 sk=0 hf=96252 hm=92264 ht=283156 pf=0 pm=0 pt=0 ru=235296 rp=239284
18:41:54.757 @I ww=marvin cut=0.50 win=5 cool=1000 tick=100 wifi=1 srv=1 li=0 ln=0
18:41:54.758 @T t=70282 s=0.000 lv=-38.3 pk=-35.2 c0=4.8 c1=9.7 kw=8.70 inf=2.44 iv=1.14 n=3 d=0 sk=0 hf=96252 hm=92264 ht=283156 pf=0 pm=0 pt=0 ru=235296 rp=239284
18:41:54.758 @T t=70388 s=0.000 lv=-26.9 pk=-24.3 c0=6.7 c1=9.9 kw=10.42 inf=2.59 iv=1.17 n=4 d=0 sk=0 hf=96252 hm=92264 ht=283156 pf=0 pm=0 pt=0 ru=235296 rp=239284
18:41:54.758 @T t=70494 s=0.000 lv=-36.9 pk=-35.8 c0=3.5 c1=8.5 kw=8.33 inf=2.71 iv=1.13 n=3 d=0 sk=0 hf=96252 hm=92264 ht=283156 pf=0 pm=0 pt=0 ru=235296 rp=239284
18:41:54.758 @T t=70581 s=0.000 lv=-36.0 pk=-34.6 c0=9.7 c1=10.7 kw=10.72 inf=2.85 iv=1.33 n=3 d=0 sk=0 hf=96252 hm=92264 ht=283156 pf=0 pm=0 pt=0 ru=235296 rp=239284
18:41:54.758 @T t=70687 s=0.000 lv=-36.6 pk=-35.7 c0=6.2 c1=11.2 kw=10.77 inf=2.68 iv=1.18 n=4 d=0 sk=0 hf=96252 hm=92264 ht=283156 pf=0 pm=0 pt=0 ru=235296 rp=239284
18:41:54.758 @T t=70793 s=0.000 lv=-40.2 pk=-38.9 c0=3.4 c1=8.5 kw=8.30 inf=2.70 iv=1.12 n=3 d=0 sk=0 hf=96252 hm=92264 ht=283156 pf=0 pm=0 pt=0 ru=235296 rp=239284
18:41:54.758 @T t=70899 s=0.000 lv=-39.2 pk=-37.6 c0=3.6 c1=9.6 kw=9.42 inf=2.32 iv=1.12 n=4 d=0 sk=0 hf=96252 hm=92264 ht=283156 pf=0 pm=0 pt=0 ru=235296 rp=239284
18:41:54.758 @T t=70985 s=0.000 lv=-41.3 pk=-40.4 c0=4.2 c1=10.5 kw=10.26 inf=2.71 iv=1.13 n=3 d=0 sk=0 hf=96252 hm=92264 ht=283156 pf=0 pm=0 pt=0 ru=235296 rp=239284
18:41:56.868 @T t=71091 s=0.000 lv=-41.2 pk=-40.0 c0=3.5 c1=8.4 kw=8.23 inf=2.68 iv=1.11 n=3 d=0 sk=0 hf=96252 hm=92264 ht=283156 pf=0 pm=0 pt=0 ru=235296 rp=239284
18:41:56.869 [status] up 71s | mic -31.6 dBFS (peak -17.6) | score max 0.00 | detections 0 | inferences 333 (33.3/s; model 1.15 ms each, paused in quiet 2%; features 1.42 ms per 30 ms) | CPU core0  4.7% core1  9.6% (wake word pipeline 9.34% of one core) | RAM used 229 KB (peak 233 KB, 93 KB free) | wifi OK, server OK | audio lost since boot: i2s 0 net 0
18:41:56.869 [tasks] % of one core (free stack): main@0=4.56(1936) IDLE1@1=93.07(720) IDLE0@0=94.80(728) tiT@*=0.08(1956) websocket_task@*=0.13(1464) audio_kws@1=6.87(1344) sys_evt@0=0.02(428) Tmr Svc@*=0.00(1368) ipc1@1=0.00(536) esp_timer@0=0.04(3136) wifi@0=0.43(3144) streamer@0=0.00(2956) ipc0@0=0.00(528)
18:41:56.869 @T t=71227 s=0.000 lv=-41.0 pk=-38.9 c0=39.4 c1=10.7 kw=10.47 inf=2.64 iv=1.24 n=5 d=0 sk=0 hf=96252 hm=92264 ht=283156 pf=0 pm=0 pt=0 ru=235296 rp=239284
18:41:56.869 @I ww=marvin cut=0.50 win=5 cool=1000 tick=100 wifi=1 srv=1 li=0 ln=0
18:41:56.869 @T t=71299 s=0.000 lv=-36.2 pk=-32.9 c0=6.2 c1=8.2 kw=8.08 inf=2.69 iv=1.22 n=2 d=0 sk=0 hf=96252 hm=92264 ht=283156 pf=0 pm=0 pt=0 ru=235296 rp=239284
18:41:56.869 @T t=71385 s=0.000 lv=-30.9 pk=-26.4 c0=4.4 c1=10.7 kw=10.49 inf=2.77 iv=1.16 n=3 d=0 sk=0 hf=96252 hm=92264 ht=283156 pf=0 pm=0 pt=0 ru=235296 rp=239284
18:41:56.869 @T t=71491 s=0.000 lv=-22.8 pk=-21.7 c0=3.5 c1=9.4 kw=9.24 inf=2.28 iv=1.10 n=4 d=0 sk=0 hf=96252 hm=92264 ht=283156 pf=0 pm=0 pt=0 ru=235296 rp=239284
18:41:56.869 @T t=71597 s=0.000 lv=-40.5 pk=-39.4 c0=4.0 c1=8.8 kw=8.56 inf=2.79 iv=1.19 n=3 d=0 sk=0 hf=96252 hm=92264 ht=283156 pf=0 pm=0 pt=0 ru=235296 rp=239284
18:41:56.869 @T t=71683 s=0.000 lv=-38.3 pk=-37.6 c0=4.2 c1=10.6 kw=10.44 inf=2.76 iv=1.15 n=3 d=0 sk=0 hf=96252 hm=92264 ht=283156 pf=0 pm=0 pt=0 ru=235296 rp=239284
18:41:56.869 @T t=71789 s=0.000 lv=-34.1 pk=-31.3 c0=3.4 c1=9.3 kw=9.16 inf=2.25 iv=1.08 n=4 d=0 sk=0 hf=96252 hm=92264 ht=283156 pf=0 pm=0 pt=0 ru=235296 rp=239284
18:41:56.869 @T t=71895 s=0.000 lv=-27.3 pk=-24.4 c0=3.6 c1=8.5 kw=8.33 inf=2.71 iv=1.13 n=3 d=0 sk=0 hf=96252 hm=92264 ht=283156 pf=0 pm=0 pt=0 ru=235296 rp=239284
18:41:56.869 @T t=71981 s=0.000 lv=-36.7 pk=-35.5 c0=4.0 c1=9.1 kw=9.21 inf=2.41 iv=1.13 n=3 d=0 sk=0 hf=96252 hm=92264 ht=283156 pf=0 pm=0 pt=0 ru=235296 rp=239284
18:41:56.869 @T t=72087 s=0.000 lv=-34.7 pk=-33.1 c0=3.4 c1=10.6 kw=10.21 inf=2.53 iv=1.07 n=4 d=0 sk=0 hf=96252 hm=92264 ht=283156 pf=0 pm=0 pt=0 ru=235296 rp=239284
18:41:56.869 @T t=72193 s=0.000 lv=-36.5 pk=-34.4 c0=3.4 c1=8.4 kw=8.27 inf=2.69 iv=1.11 n=3 d=0 sk=0 hf=96252 hm=92264 ht=283156 pf=0 pm=0 pt=0 ru=235296 rp=239284
18:41:56.869 @I ww=marvin cut=0.50 win=5 cool=1000 tick=100 wifi=1 srv=1 li=0 ln=0
18:41:56.869 @T t=72284 s=0.000 lv=-39.6 pk=-37.2 c0=4.8 c1=9.9 kw=9.70 inf=2.71 iv=1.13 n=3 d=0 sk=0 hf=96252 hm=92264 ht=283156 pf=0 pm=0 pt=0 ru=235296 rp=239284
18:41:56.869 @T t=72390 s=0.000 lv=-41.1 pk=-40.3 c0=3.8 c1=9.8 kw=9.61 inf=2.37 iv=1.16 n=4 d=0 sk=0 hf=96252 hm=92264 ht=283156 pf=0 pm=0 pt=0 ru=235296 rp=239284
18:41:56.869 @T t=72496 s=0.000 lv=-41.1 pk=-40.1 c0=3.5 c1=8.5 kw=8.28 inf=2.70 iv=1.13 n=3 d=0 sk=0 hf=96252 hm=92264 ht=283156 pf=0 pm=0 pt=0 ru=235296 rp=239284
18:41:56.870 @T t=72582 s=0.000 lv=-31.4 pk=-29.5 c0=6.8 c1=10.4 kw=10.54 inf=2.78 iv=1.15 n=3 d=0 sk=0 hf=94488 hm=92264 ht=283156 pf=0 pm=0 pt=0 ru=237060 rp=239284
18:41:56.870 @T t=72688 s=0.000 lv=-39.7 pk=-36.7 c0=5.6 c1=10.7 kw=9.86 inf=2.43 iv=1.21 n=4 d=0 sk=0 hf=96240 hm=92264 ht=283156 pf=0 pm=0 pt=0 ru=235308 rp=239284
18:41:56.870 @T t=72794 s=0.000 lv=-33.4 pk=-28.7 c0=3.5 c1=8.4 kw=8.27 inf=2.69 iv=1.11 n=3 d=0 sk=0 hf=96240 hm=92264 ht=283156 pf=0 pm=0 pt=0 ru=235308 rp=239284
18:41:56.870 @T t=72900 s=0.000 lv=-26.3 pk=-25.2 c0=4.1 c1=8.9 kw=8.71 inf=2.84 iv=1.23 n=3 d=0 sk=0 hf=96240 hm=92264 ht=283156 pf=0 pm=0 pt=0 ru=235308 rp=239284
18:41:56.870 @T t=72988 s=0.000 lv=-34.7 pk=-30.7 c0=4.0 c1=11.5 kw=11.35 inf=2.32 iv=1.12 n=4 d=0 sk=0 hf=96240 hm=92264 ht=283156 pf=0 pm=0 pt=0 ru=235308 rp=239284
18:41:56.870 @T t=73094 s=0.000 lv=-38.4 pk=-35.3 c0=3.4 c1=8.5 kw=8.30 inf=2.70 iv=1.12 n=3 d=0 sk=0 hf=96240 hm=92264 ht=283156 pf=0 pm=0 pt=0 ru=235308 rp=239284
18:41:59.438 @T t=73200 s=0.000 lv=-35.8 pk=-33.2 c0=3.4 c1=8.5 kw=8.35 inf=2.72 iv=1.13 n=3 d=0 sk=0 hf=96240 hm=92264 ht=283156 pf=0 pm=0 pt=0 ru=235308 rp=239284
18:41:59.438 @I ww=marvin cut=0.50 win=5 cool=1000 tick=100 wifi=1 srv=1 li=0 ln=0
18:41:59.438 @T t=73294 s=0.000 lv=-41.2 pk=-39.9 c0=4.7 c1=11.0 kw=10.74 inf=2.34 iv=1.13 n=4 d=0 sk=0 hf=96240 hm=92264 ht=283156 pf=0 pm=0 pt=0 ru=235308 rp=239284
18:41:59.438 @T t=73400 s=0.000 lv=-31.3 pk=-28.2 c0=3.6 c1=8.5 kw=8.38 inf=2.73 iv=1.13 n=3 d=0 sk=0 hf=96240 hm=92264 ht=283156 pf=0 pm=0 pt=0 ru=235308 rp=239284
18:41:59.438 @T t=73489 s=0.000 lv=-33.4 pk=-28.5 c0=4.4 c1=10.8 kw=10.53 inf=2.87 iv=1.24 n=3 d=0 sk=0 hf=96240 hm=92264 ht=283156 pf=0 pm=0 pt=0 ru=235308 rp=239284
18:41:59.438 @T t=73595 s=0.000 lv=-34.9 pk=-32.3 c0=3.5 c1=9.5 kw=9.31 inf=2.29 iv=1.11 n=4 d=0 sk=0 hf=96240 hm=92264 ht=283156 pf=0 pm=0 pt=0 ru=235308 rp=239284
18:41:59.438 @T t=73681 s=0.000 lv=-28.8 pk=-26.6 c0=4.8 c1=8.1 kw=8.15 inf=3.15 iv=1.22 n=2 d=0 sk=0 hf=96240 hm=92264 ht=283156 pf=0 pm=0 pt=0 ru=235308 rp=239284
18:41:59.438 @T t=73790 s=0.000 lv=-33.5 pk=-29.2 c0=8.9 c1=10.7 kw=10.32 inf=2.64 iv=1.22 n=4 d=0 sk=0 hf=96240 hm=92264 ht=283156 pf=0 pm=0 pt=0 ru=235308 rp=239284
18:41:59.438 @T t=73896 s=0.000 lv=-38.5 pk=-34.9 c0=3.6 c1=9.6 kw=9.41 inf=2.32 iv=1.12 n=4 d=0 sk=0 hf=96240 hm=92264 ht=283156 pf=0 pm=0 pt=0 ru=235308 rp=239284
18:41:59.438 @T t=73982 s=0.000 lv=-25.8 pk=-24.1 c0=4.2 c1=9.2 kw=8.07 inf=3.12 iv=1.20 n=2 d=0 sk=0 hf=96240 hm=92264 ht=283156 pf=0 pm=0 pt=0 ru=235308 rp=239284
18:41:59.438 @T t=74088 s=0.000 lv=-30.5 pk=-28.5 c0=6.7 c1=9.8 kw=10.37 inf=2.57 iv=1.09 n=4 d=0 sk=0 hf=96240 hm=92264 ht=283156 pf=0 pm=0 pt=0 ru=235308 rp=239284
18:41:59.438 @T t=74194 s=0.000 lv=-39.4 pk=-37.2 c0=3.4 c1=9.4 kw=9.23 inf=2.27 iv=1.10 n=4 d=0 sk=0 hf=96240 hm=92264 ht=283156 pf=0 pm=0 pt=0 ru=235308 rp=239284
18:41:59.438 @I ww=marvin cut=0.50 win=5 cool=1000 tick=100 wifi=1 srv=1 li=0 ln=0
18:41:59.438 @T t=74286 s=0.000 lv=-36.6 pk=-35.4 c0=4.8 c1=9.8 kw=9.59 inf=2.71 iv=1.13 n=3 d=0 sk=0 hf=96240 hm=92264 ht=283156 pf=0 pm=0 pt=0 ru=235308 rp=239284
18:41:59.438 @T t=74392 s=0.000 lv=-35.8 pk=-34.5 c0=3.5 c1=8.6 kw=8.38 inf=2.73 iv=1.15 n=3 d=0 sk=0 hf=96240 hm=92264 ht=283156 pf=0 pm=0 pt=0 ru=235308 rp=239284
18:41:59.438 @T t=74498 s=0.000 lv=-38.0 pk=-36.9 c0=6.4 c1=10.3 kw=9.74 inf=2.40 iv=1.20 n=4 d=0 sk=0 hf=96240 hm=92264 ht=283156 pf=0 pm=0 pt=0 ru=235308 rp=239284
18:41:59.438 @T t=74584 s=0.000 lv=-38.5 pk=-36.7 c0=4.8 c1=11.0 kw=10.72 inf=2.84 iv=1.23 n=3 d=0 sk=0 hf=96240 hm=92264 ht=283156 pf=0 pm=0 pt=0 ru=235308 rp=239284
18:41:59.438 @T t=74690 s=0.000 lv=-39.4 pk=-38.2 c0=7.4 c1=9.9 kw=9.33 inf=3.05 iv=1.40 n=3 d=0 sk=0 hf=96240 hm=92264 ht=283156 pf=0 pm=0 pt=0 ru=235308 rp=239284
18:41:59.438 @T t=74796 s=0.000 lv=-39.6 pk=-38.9 c0=3.4 c1=9.4 kw=9.25 inf=2.28 iv=1.10 n=4 d=0 sk=0 hf=96240 hm=92264 ht=283156 pf=0 pm=0 pt=0 ru=235308 rp=239284
18:41:59.438 @T t=74882 s=0.000 lv=-39.2 pk=-38.3 c0=5.6 c1=9.6 kw=8.49 inf=3.29 iv=1.32 n=2 d=0 sk=0 hf=96240 hm=92264 ht=283156 pf=0 pm=0 pt=0 ru=235308 rp=239284
18:41:59.439 @T t=74988 s=0.000 lv=-39.9 pk=-36.9 c0=6.7 c1=10.2 kw=10.75 inf=2.68 iv=1.16 n=4 d=0 sk=0 hf=96240 hm=92264 ht=283156 pf=0 pm=0 pt=0 ru=235308 rp=239284
18:41:59.439 @T t=75094 s=0.000 lv=-33.0 pk=-30.1 c0=3.5 c1=9.5 kw=9.35 inf=2.30 iv=1.10 n=4 d=0 sk=0 hf=96240 hm=92264 ht=283156 pf=0 pm=0 pt=0 ru=235308 rp=239284
18:41:59.439 @T t=75200 s=0.000 lv=-35.2 pk=-31.4 c0=3.4 c1=8.5 kw=8.32 inf=2.71 iv=1.13 n=3 d=0 sk=0 hf=96240 hm=92264 ht=283156 pf=0 pm=0 pt=0 ru=235308 rp=239284
18:41:59.439 @I ww=marvin cut=0.50 win=5 cool=1000 tick=100 wifi=1 srv=1 li=0 ln=0
18:41:59.439 @T t=75291 s=0.000 lv=-32.3 pk=-27.9 c0=5.0 c1=10.2 kw=9.96 inf=2.78 iv=1.16 n=3 d=0 sk=0 hf=96240 hm=92264 ht=283156 pf=0 pm=0 pt=0 ru=235308 rp=239284
18:41:59.439 @T t=75397 s=0.000 lv=-28.2 pk=-26.5 c0=3.5 c1=9.5 kw=9.34 inf=2.30 iv=1.11 n=4 d=0 sk=0 hf=96240 hm=92264 ht=283156 pf=0 pm=0 pt=0 ru=235308 rp=239284
18:41:59.439 @T t=75483 s=0.000 lv=-29.5 pk=-25.5 c0=4.2 c1=10.2 kw=10.29 inf=2.72 iv=1.14 n=3 d=0 sk=0 hf=96240 hm=92264 ht=283156 pf=0 pm=0 pt=0 ru=235308 rp=239284
18:41:59.439 @T t=75589 s=0.000 lv=-33.4 pk=-31.2 c0=3.5 c1=8.6 kw=8.25 inf=2.68 iv=1.11 n=3 d=0 sk=0 hf=96240 hm=92264 ht=283156 pf=0 pm=0 pt=0 ru=235308 rp=239284
18:41:59.439 @T t=75695 s=0.000 lv=-32.9 pk=-31.9 c0=4.3 c1=9.9 kw=9.63 inf=2.38 iv=1.18 n=4 d=0 sk=0 hf=96240 hm=92264 ht=283156 pf=0 pm=0 pt=0 ru=235308 rp=239284
18:42:01.954 @T t=75781 s=0.000 lv=-37.8 pk=-35.0 c0=4.2 c1=7.9 kw=8.06 inf=3.12 iv=1.20 n=2 d=0 sk=0 hf=96240 hm=92264 ht=283156 pf=0 pm=0 pt=0 ru=235308 rp=239284
18:42:01.955 @T t=75890 s=0.000 lv=-36.7 pk=-34.8 c0=9.0 c1=10.8 kw=10.37 inf=2.65 iv=1.21 n=4 d=0 sk=0 hf=96240 hm=92264 ht=283156 pf=0 pm=0 pt=0 ru=235308 rp=239284
18:42:01.955 @T t=75996 s=0.000 lv=-23.3 pk=-18.9 c0=3.4 c1=9.4 kw=9.21 inf=2.27 iv=1.08 n=4 d=0 sk=0 hf=96240 hm=92264 ht=283156 pf=0 pm=0 pt=0 ru=235308 rp=239284
18:42:01.955 @T t=76082 s=0.000 lv=-19.4 pk=-16.9 c0=4.1 c1=9.0 kw=7.97 inf=3.08 iv=1.18 n=2 d=0 sk=0 hf=96240 hm=92264 ht=283156 pf=0 pm=0 pt=0 ru=235308 rp=239284
18:42:01.955 @T t=76188 s=0.000 lv=-38.2 pk=-35.0 c0=3.4 c1=9.8 kw=10.28 inf=2.55 iv=1.08 n=4 d=0 sk=0 hf=96240 hm=92264 ht=283156 pf=0 pm=0 pt=0 ru=235308 rp=239284
18:42:01.955 @I ww=marvin cut=0.50 win=5 cool=1000 tick=100 wifi=1 srv=1 li=0 ln=0
18:42:01.955 @T t=76300 s=0.000 lv=-33.7 pk=-31.2 c0=4.0 c1=8.9 kw=8.72 inf=2.27 iv=1.08 n=4 d=0 sk=0 hf=96240 hm=92264 ht=283156 pf=0 pm=0 pt=0 ru=235308 rp=239284
18:42:01.955 @T t=76386 s=0.000 lv=-37.5 pk=-33.6 c0=4.2 c1=10.6 kw=10.39 inf=2.73 iv=1.13 n=3 d=0 sk=0 hf=96240 hm=92264 ht=283156 pf=0 pm=0 pt=0 ru=235308 rp=239284
18:42:01.955 @T t=76492 s=0.000 lv=-32.2 pk=-28.8 c0=3.5 c1=8.4 kw=8.27 inf=2.69 iv=1.11 n=3 d=0 sk=0 hf=96240 hm=92264 ht=283156 pf=0 pm=0 pt=0 ru=235308 rp=239284
18:42:01.955 @T t=76598 s=0.000 lv=-39.2 pk=-37.2 c0=3.5 c1=9.4 kw=9.23 inf=2.27 iv=1.09 n=4 d=0 sk=0 hf=96240 hm=92264 ht=283156 pf=0 pm=0 pt=0 ru=235308 rp=239284
18:42:01.955 @T t=76684 s=0.000 lv=-35.0 pk=-32.8 c0=6.7 c1=11.0 kw=10.78 inf=2.85 iv=1.25 n=3 d=0 sk=0 hf=94488 hm=92264 ht=283156 pf=0 pm=0 pt=0 ru=237060 rp=239284
18:42:01.955 @T t=76790 s=0.000 lv=-40.7 pk=-38.0 c0=5.6 c1=9.5 kw=8.89 inf=2.90 iv=1.28 n=3 d=0 sk=0 hf=96240 hm=92264 ht=283156 pf=0 pm=0 pt=0 ru=235308 rp=239284
18:42:01.955 @T t=76896 s=0.000 lv=-41.2 pk=-40.6 c0=4.6 c1=10.4 kw=10.15 inf=2.50 iv=1.27 n=4 d=0 sk=0 hf=96240 hm=92264 ht=283156 pf=0 pm=0 pt=0 ru=235308 rp=239284
18:42:01.955 @T t=76982 s=0.000 lv=-40.6 pk=-39.2 c0=4.2 c1=9.1 kw=8.04 inf=3.11 iv=1.20 n=2 d=0 sk=0 hf=96240 hm=92264 ht=283156 pf=0 pm=0 pt=0 ru=235308 rp=239284
18:42:01.955 @T t=77088 s=0.000 lv=-41.0 pk=-40.2 c0=3.5 c1=9.8 kw=10.35 inf=2.57 iv=1.09 n=4 d=0 sk=0 hf=96240 hm=92264 ht=283156 pf=0 pm=0 pt=0 ru=235308 rp=239284
18:42:01.955 @T t=77194 s=0.000 lv=-40.6 pk=-39.7 c0=3.4 c1=9.4 kw=9.26 inf=2.28 iv=1.09 n=4 d=0 sk=0 hf=96240 hm=92264 ht=283156 pf=0 pm=0 pt=0 ru=235308 rp=239284
18:42:01.955 @I ww=marvin cut=0.50 win=5 cool=1000 tick=100 wifi=1 srv=1 li=0 ln=0
18:42:01.955 @T t=77286 s=0.000 lv=-40.5 pk=-39.3 c0=4.8 c1=9.8 kw=9.56 inf=2.70 iv=1.11 n=3 d=0 sk=0 hf=96240 hm=92264 ht=283156 pf=0 pm=0 pt=0 ru=235308 rp=239284
18:42:01.955 @T t=77392 s=0.000 lv=-41.8 pk=-41.3 c0=3.5 c1=8.5 kw=8.39 inf=2.73 iv=1.15 n=3 d=0 sk=0 hf=96240 hm=92264 ht=283156 pf=0 pm=0 pt=0 ru=235308 rp=239284
18:42:01.955 @T t=77498 s=0.000 lv=-41.8 pk=-40.9 c0=3.4 c1=9.5 kw=9.30 inf=2.29 iv=1.10 n=4 d=0 sk=0 hf=96240 hm=92264 ht=283156 pf=0 pm=0 pt=0 ru=235308 rp=239284
18:42:01.955 @T t=77584 s=0.000 lv=-40.4 pk=-38.5 c0=4.2 c1=10.5 kw=10.26 inf=2.71 iv=1.12 n=3 d=0 sk=0 hf=96240 hm=92264 ht=283156 pf=0 pm=0 pt=0 ru=235308 rp=239284
18:42:01.955 @T t=77690 s=0.000 lv=-35.7 pk=-30.4 c0=3.4 c1=8.5 kw=8.33 inf=2.71 iv=1.12 n=3 d=0 sk=0 hf=96240 hm=92264 ht=283156 pf=0 pm=0 pt=0 ru=235308 rp=239284
18:42:01.955 @T t=77796 s=0.000 lv=-30.4 pk=-28.3 c0=3.9 c1=9.7 kw=9.51 inf=2.34 iv=1.14 n=4 d=0 sk=0 hf=96240 hm=92264 ht=283156 pf=0 pm=0 pt=0 ru=235308 rp=239284
18:42:01.955 @T t=77882 s=0.000 lv=-21.2 pk=-20.1 c0=4.5 c1=9.3 kw=8.21 inf=3.18 iv=1.24 n=2 d=0 sk=0 hf=96240 hm=92264 ht=283156 pf=0 pm=0 pt=0 ru=235308 rp=239284
18:42:01.955 @T t=77988 s=0.000 lv=-34.1 pk=-29.4 c0=3.8 c1=10.4 kw=10.84 inf=2.70 iv=1.17 n=4 d=0 sk=0 hf=96240 hm=92264 ht=283156 pf=0 pm=0 pt=0 ru=235308 rp=239284
18:42:01.955 @T t=78094 s=0.000 lv=-30.8 pk=-29.0 c0=6.8 c1=9.5 kw=9.32 inf=2.30 iv=1.11 n=4 d=0 sk=0 hf=96240 hm=92264 ht=283156 pf=0 pm=0 pt=0 ru=235308 rp=239284
18:42:01.955 @T t=78200 s=0.000 lv=-28.5 pk=-28.3 c0=3.4 c1=8.5 kw=8.28 inf=2.70 iv=1.13 n=3 d=0 sk=0 hf=96240 hm=92264 ht=283156 pf=0 pm=0 pt=0 ru=235308 rp=239284
18:42:01.955 @I ww=marvin cut=0.50 win=5 cool=1000 tick=100 wifi=1 srv=1 li=0 ln=0
18:42:04.550 @T t=78291 s=0.000 lv=-35.0 pk=-31.2 c0=5.0 c1=10.3 kw=10.03 inf=2.80 iv=1.18 n=3 d=0 sk=0 hf=96240 hm=92264 ht=283156 pf=0 pm=0 pt=0 ru=235308 rp=239284
18:42:04.550 @T t=78397 s=0.000 lv=-29.8 pk=-27.0 c0=3.6 c1=9.5 kw=9.34 inf=2.30 iv=1.11 n=4 d=0 sk=0 hf=96240 hm=92264 ht=283156 pf=0 pm=0 pt=0 ru=235308 rp=239284
18:42:04.550 @T t=78483 s=0.000 lv=-35.4 pk=-29.5 c0=4.2 c1=10.3 kw=10.28 inf=2.72 iv=1.14 n=3 d=0 sk=0 hf=96240 hm=92264 ht=283156 pf=0 pm=0 pt=0 ru=235308 rp=239284
18:42:04.550 @T t=78589 s=0.000 lv=-35.1 pk=-34.2 c0=3.5 c1=8.6 kw=8.32 inf=2.71 iv=1.13 n=3 d=0 sk=0 hf=96240 hm=92264 ht=283156 pf=0 pm=0 pt=0 ru=235308 rp=239284
18:42:04.550 @T t=78695 s=0.000 lv=-38.2 pk=-35.9 c0=3.4 c1=9.4 kw=9.24 inf=2.27 iv=1.09 n=4 d=0 sk=0 hf=96240 hm=92264 ht=283156 pf=0 pm=0 pt=0 ru=235308 rp=239284
18:42:04.550 @T t=78781 s=0.000 lv=-37.0 pk=-34.1 c0=9.1 c1=8.9 kw=8.41 inf=3.25 iv=1.24 n=2 d=0 sk=0 hf=96240 hm=92264 ht=283156 pf=0 pm=0 pt=0 ru=235308 rp=239284
18:42:04.550 @T t=78890 s=0.000 lv=-30.6 pk=-25.4 c0=10.3 c1=11.6 kw=11.17 inf=2.86 iv=1.40 n=4 d=0 sk=0 hf=96240 hm=92264 ht=283156 pf=0 pm=0 pt=0 ru=235308 rp=239284
18:42:04.550 @T t=78996 s=0.000 lv=-24.2 pk=-22.6 c0=6.7 c1=9.5 kw=9.32 inf=2.30 iv=1.10 n=4 d=0 sk=0 hf=96240 hm=92264 ht=283156 pf=0 pm=0 pt=0 ru=235308 rp=239284
18:42:04.550 @T t=79082 s=0.000 lv=-34.5 pk=-31.2 c0=4.7 c1=9.1 kw=7.97 inf=3.07 iv=1.18 n=2 d=0 sk=0 hf=96240 hm=92264 ht=283156 pf=0 pm=0 pt=0 ru=235308 rp=239284
18:42:04.550 @T t=79190 s=0.000 lv=-36.6 pk=-34.8 c0=3.2 c1=10.2 kw=10.73 inf=2.72 iv=1.25 n=4 d=0 sk=0 hf=96240 hm=92264 ht=283156 pf=0 pm=0 pt=0 ru=235308 rp=239284
18:42:04.550 @I ww=marvin cut=0.50 win=5 cool=1000 tick=100 wifi=1 srv=1 li=0 ln=0
18:42:04.550 @T t=79282 s=0.000 lv=-32.9 pk=-31.1 c0=4.8 c1=9.7 kw=8.64 inf=2.42 iv=1.15 n=3 d=0 sk=0 hf=96240 hm=92264 ht=283156 pf=0 pm=0 pt=0 ru=235308 rp=239284
18:42:04.550 @T t=79388 s=0.000 lv=-26.8 pk=-23.8 c0=3.5 c1=9.9 kw=10.41 inf=2.59 iv=1.17 n=4 d=0 sk=0 hf=96240 hm=92264 ht=283156 pf=0 pm=0 pt=0 ru=235308 rp=239284
18:42:04.550 @T t=79494 s=0.000 lv=-25.9 pk=-21.2 c0=3.5 c1=8.5 kw=8.28 inf=2.69 iv=1.12 n=3 d=0 sk=0 hf=96240 hm=92264 ht=283156 pf=0 pm=0 pt=0 ru=235308 rp=239284
18:42:04.550 @T t=79600 s=0.000 lv=-33.2 pk=-32.2 c0=3.5 c1=9.5 kw=9.30 inf=2.29 iv=1.11 n=4 d=0 sk=0 hf=96240 hm=92264 ht=283156 pf=0 pm=0 pt=0 ru=235308 rp=239284
18:42:04.550 @T t=79689 s=0.000 lv=-36.8 pk=-33.7 c0=3.9 c1=10.2 kw=10.02 inf=2.73 iv=1.12 n=3 d=0 sk=0 hf=96240 hm=92264 ht=283156 pf=0 pm=0 pt=0 ru=235308 rp=239284
18:42:04.550 @T t=79795 s=0.000 lv=-33.2 pk=-31.1 c0=3.9 c1=8.6 kw=8.45 inf=2.75 iv=1.16 n=3 d=0 sk=0 hf=96240 hm=92264 ht=283156 pf=0 pm=0 pt=0 ru=235308 rp=239284
18:42:04.550 @T t=79881 s=0.000 lv=-38.0 pk=-35.3 c0=8.4 c1=9.2 kw=9.33 inf=2.44 iv=1.15 n=3 d=0 sk=0 hf=96240 hm=92264 ht=283156 pf=0 pm=0 pt=0 ru=235308 rp=239284
18:42:04.550 @T t=79990 s=0.000 lv=-29.7 pk=-26.2 c0=8.8 c1=10.7 kw=10.32 inf=2.64 iv=1.15 n=4 d=0 sk=0 hf=96240 hm=92264 ht=283156 pf=0 pm=0 pt=0 ru=235308 rp=239284
18:42:04.550 @T t=80096 s=0.000 lv=-32.8 pk=-28.7 c0=3.5 c1=8.4 kw=8.27 inf=2.69 iv=1.11 n=3 d=0 sk=0 hf=96240 hm=92264 ht=283156 pf=0 pm=0 pt=0 ru=235308 rp=239284
18:42:04.550 @T t=80182 s=0.000 lv=-38.3 pk=-36.6 c0=4.2 c1=10.4 kw=9.32 inf=2.44 iv=1.15 n=3 d=0 sk=0 hf=96240 hm=92264 ht=283156 pf=0 pm=0 pt=0 ru=235308 rp=239284
18:42:04.550 @I ww=marvin cut=0.50 win=5 cool=1000 tick=100 wifi=1 srv=1 li=0 ln=0
18:42:04.550 @T t=80294 s=0.000 lv=-37.5 pk=-34.9 c0=4.4 c1=9.5 kw=9.96 inf=2.62 iv=1.20 n=4 d=0 sk=0 hf=96240 hm=92264 ht=283156 pf=0 pm=0 pt=0 ru=235308 rp=239284
18:42:04.550 @T t=80400 s=0.000 lv=-36.4 pk=-34.3 c0=6.3 c1=8.5 kw=8.35 inf=2.72 iv=1.14 n=3 d=0 sk=0 hf=96240 hm=92264 ht=283156 pf=0 pm=0 pt=0 ru=235308 rp=239284
18:42:04.550 @T t=80489 s=0.000 lv=-39.7 pk=-36.5 c0=4.0 c1=11.5 kw=11.29 inf=2.33 iv=1.11 n=4 d=0 sk=0 hf=96240 hm=92264 ht=283156 pf=0 pm=0 pt=0 ru=235308 rp=239284
18:42:04.550 @T t=80595 s=0.000 lv=-36.5 pk=-35.0 c0=3.5 c1=8.5 kw=8.31 inf=2.70 iv=1.12 n=3 d=0 sk=0 hf=96240 hm=92264 ht=283156 pf=0 pm=0 pt=0 ru=235308 rp=239284
18:42:04.550 @T t=80681 s=0.000 lv=-34.6 pk=-32.5 c0=4.1 c1=9.1 kw=9.19 inf=2.40 iv=1.12 n=3 d=0 sk=0 hf=96240 hm=92264 ht=283156 pf=0 pm=0 pt=0 ru=235308 rp=239284
18:42:04.550 @T t=80787 s=0.000 lv=-38.3 pk=-35.1 c0=5.5 c1=11.3 kw=10.87 inf=2.70 iv=1.20 n=4 d=0 sk=0 hf=94488 hm=92264 ht=283156 pf=0 pm=0 pt=0 ru=237060 rp=239284
18:42:06.849 @T t=80893 s=0.000 lv=-35.3 pk=-32.8 c0=6.1 c1=9.5 kw=8.94 inf=2.92 iv=1.26 n=3 d=0 sk=0 hf=96240 hm=92264 ht=283156 pf=0 pm=0 pt=0 ru=235308 rp=239284
18:42:06.849 @T t=80999 s=0.000 lv=-41.2 pk=-40.1 c0=3.5 c1=8.5 kw=8.31 inf=2.70 iv=1.13 n=3 d=0 sk=0 hf=96240 hm=92264 ht=283156 pf=0 pm=0 pt=0 ru=235308 rp=239284
18:42:06.849 @T t=81084 s=0.000 lv=-40.4 pk=-39.2 c0=4.3 c1=12.0 kw=11.75 inf=2.32 iv=1.12 n=4 d=0 sk=0 hf=96240 hm=92264 ht=283156 pf=0 pm=0 pt=0 ru=235308 rp=239284
18:42:06.850 [status] up 81s | mic -31.2 dBFS (peak -16.9) | score max 0.00 | detections 0 | inferences 334 (33.4/s; model 1.15 ms each, paused in quiet 0%; features 1.44 ms per 30 ms) | CPU core0  4.9% core1  9.6% (wake word pipeline 9.37% of one core) | RAM used 229 KB (peak 233 KB, 93 KB free) | wifi OK, server OK | audio lost since boot: i2s 0 net 0
18:42:06.850 @T t=81212 s=0.000 lv=-40.7 pk=-39.6 c0=20.8 c1=9.2 kw=8.96 inf=2.65 iv=1.19 n=4 d=0 sk=0 hf=96240 hm=92264 ht=283156 pf=0 pm=0 pt=0 ru=235308 rp=239284
18:42:06.850 @I ww=marvin cut=0.50 win=5 cool=1000 tick=100 wifi=1 srv=1 li=0 ln=0
18:42:06.850 @T t=81284 s=0.000 lv=-41.3 pk=-40.6 c0=6.0 c1=9.6 kw=9.36 inf=3.09 iv=1.19 n=2 d=0 sk=0 hf=96240 hm=92264 ht=283156 pf=0 pm=0 pt=0 ru=235308 rp=239284
18:42:06.850 @T t=81390 s=0.000 lv=-37.5 pk=-34.9 c0=3.5 c1=9.5 kw=9.28 inf=2.28 iv=1.10 n=4 d=0 sk=0 hf=96240 hm=92264 ht=283156 pf=0 pm=0 pt=0 ru=235308 rp=239284
18:42:06.850 @T t=81496 s=0.000 lv=-37.7 pk=-35.7 c0=3.5 c1=8.5 kw=8.30 inf=2.70 iv=1.12 n=3 d=0 sk=0 hf=96240 hm=92264 ht=283156 pf=0 pm=0 pt=0 ru=235308 rp=239284
18:42:06.850 @T t=81582 s=0.000 lv=-33.4 pk=-29.8 c0=4.3 c1=10.4 kw=10.41 inf=2.75 iv=1.15 n=3 d=0 sk=0 hf=96240 hm=92264 ht=283156 pf=0 pm=0 pt=0 ru=235308 rp=239284
18:42:06.850 @T t=81688 s=0.000 lv=-33.1 pk=-28.5 c0=3.4 c1=9.6 kw=9.26 inf=2.28 iv=1.09 n=4 d=0 sk=0 hf=96240 hm=92264 ht=283156 pf=0 pm=0 pt=0 ru=235308 rp=239284
18:42:06.850 @T t=81794 s=0.000 lv=-33.9 pk=-27.5 c0=3.3 c1=8.4 kw=8.23 inf=2.68 iv=1.11 n=3 d=0 sk=0 hf=96240 hm=92264 ht=283156 pf=0 pm=0 pt=0 ru=235308 rp=239284
18:42:06.850 @T t=81900 s=0.000 lv=-26.6 pk=-23.3 c0=4.1 c1=8.8 kw=8.57 inf=2.79 iv=1.19 n=3 d=0 sk=0 hf=96240 hm=92264 ht=283156 pf=0 pm=0 pt=0 ru=235308 rp=239284
18:42:06.850 @T t=81989 s=0.000 lv=-39.8 pk=-38.7 c0=4.0 c1=11.5 kw=11.31 inf=2.34 iv=1.13 n=4 d=0 sk=0 hf=96240 hm=92264 ht=283156 pf=0 pm=0 pt=0 ru=235308 rp=239284
18:42:06.850 @T t=82095 s=0.000 lv=-24.9 pk=-21.5 c0=3.5 c1=8.6 kw=8.39 inf=2.74 iv=1.14 n=3 d=0 sk=0 hf=96240 hm=92264 ht=283156 pf=0 pm=0 pt=0 ru=235308 rp=239284
18:42:06.850 @T t=82181 s=0.000 lv=-33.7 pk=-29.0 c0=4.3 c1=9.2 kw=9.24 inf=2.42 iv=1.13 n=3 d=0 sk=0 hf=96240 hm=92264 ht=283156 pf=0 pm=0 pt=0 ru=235308 rp=239284
18:42:06.850 @I ww=marvin cut=0.50 win=5 cool=1000 tick=100 wifi=1 srv=1 li=0 ln=0
18:42:06.850 @T t=82293 s=0.000 lv=-34.4 pk=-30.7 c0=4.3 c1=10.5 kw=10.08 inf=2.64 iv=1.15 n=4 d=0 sk=0 hf=96240 hm=92264 ht=283156 pf=0 pm=0 pt=0 ru=235308 rp=239284
18:42:06.850 @T t=82399 s=0.000 lv=-37.8 pk=-35.9 c0=3.7 c1=8.6 kw=8.41 inf=2.74 iv=1.16 n=3 d=0 sk=0 hf=96240 hm=92264 ht=283156 pf=0 pm=0 pt=0 ru=235308 rp=239284
18:42:06.850 @T t=82485 s=0.000 lv=-20.7 pk=-18.3 c0=4.3 c1=10.7 kw=10.53 inf=2.78 iv=1.17 n=3 d=0 sk=0 hf=96240 hm=92264 ht=283156 pf=0 pm=0 pt=0 ru=235308 rp=239284
18:42:06.850 @T t=82591 s=0.000 lv=-29.1 pk=-25.8 c0=3.5 c1=9.4 kw=9.27 inf=2.28 iv=1.10 n=4 d=0 sk=0 hf=96240 hm=92264 ht=283156 pf=0 pm=0 pt=0 ru=235308 rp=239284
18:42:06.850 @T t=82697 s=0.000 lv=-36.2 pk=-32.2 c0=3.4 c1=8.5 kw=8.30 inf=2.70 iv=1.13 n=3 d=0 sk=0 hf=96240 hm=92264 ht=283156 pf=0 pm=0 pt=0 ru=235308 rp=239284
18:42:06.850 @T t=82783 s=0.000 lv=-34.4 pk=-32.6 c0=4.2 c1=10.6 kw=10.41 inf=2.75 iv=1.16 n=3 d=0 sk=0 hf=96240 hm=92264 ht=283156 pf=0 pm=0 pt=0 ru=235308 rp=239284
18:42:06.850 @T t=82889 s=0.000 lv=-38.4 pk=-37.1 c0=7.6 c1=11.0 kw=10.43 inf=2.58 iv=1.32 n=4 d=0 sk=0 hf=96240 hm=92264 ht=283156 pf=0 pm=0 pt=0 ru=235308 rp=239284
18:42:06.850 @T t=82995 s=0.000 lv=-32.5 pk=-26.8 c0=6.7 c1=8.5 kw=8.33 inf=2.71 iv=1.13 n=3 d=0 sk=0 hf=96240 hm=92264 ht=283156 pf=0 pm=0 pt=0 ru=235308 rp=239284
18:42:06.850 @T t=83081 s=0.000 lv=-31.8 pk=-28.0 c0=4.9 c1=9.2 kw=9.27 inf=2.42 iv=1.14 n=3 d=0 sk=0 hf=96240 hm=92264 ht=283156 pf=0 pm=0 pt=0 ru=235308 rp=239284
18:42:09.444 @T t=83187 s=0.000 lv=-36.9 pk=-33.6 c0=3.5 c1=10.9 kw=10.47 inf=2.60 iv=1.11 n=4 d=0 sk=0 hf=96240 hm=92264 ht=283156 pf=0 pm=0 pt=0 ru=235308 rp=239284
18:42:09.444 @I ww=marvin cut=0.50 win=5 cool=1000 tick=100 wifi=1 srv=1 li=0 ln=0
18:42:09.444 @T t=83299 s=0.000 lv=-37.5 pk=-34.9 c0=11.3 c1=8.0 kw=7.89 inf=2.72 iv=1.13 n=3 d=0 sk=0 hf=96240 hm=92264 ht=283156 pf=0 pm=0 pt=0 ru=235308 rp=239284
18:42:09.444 @T t=83385 s=0.000 lv=-36.2 pk=-33.3 c0=4.8 c1=10.8 kw=10.58 inf=2.80 iv=1.17 n=3 d=0 sk=0 hf=96240 hm=92264 ht=283156 pf=0 pm=0 pt=0 ru=235308 rp=239284
18:42:09.444 @T t=83491 s=0.000 lv=-33.6 pk=-31.7 c0=3.5 c1=9.5 kw=9.28 inf=2.29 iv=1.11 n=4 d=0 sk=0 hf=96240 hm=92264 ht=283156 pf=0 pm=0 pt=0 ru=235308 rp=239284
18:42:09.444 @T t=83597 s=0.000 lv=-37.9 pk=-35.7 c0=6.7 c1=8.6 kw=8.38 inf=2.73 iv=1.14 n=3 d=0 sk=0 hf=96240 hm=92264 ht=283156 pf=0 pm=0 pt=0 ru=235308 rp=239284
18:42:09.444 @T t=83683 s=0.000 lv=-38.2 pk=-34.6 c0=4.2 c1=10.6 kw=10.36 inf=2.74 iv=1.15 n=3 d=0 sk=0 hf=96240 hm=92264 ht=283156 pf=0 pm=0 pt=0 ru=235308 rp=239284
18:42:09.444 @T t=83789 s=0.000 lv=-27.7 pk=-24.7 c0=3.4 c1=9.4 kw=9.24 inf=2.27 iv=1.09 n=4 d=0 sk=0 hf=96240 hm=92264 ht=283156 pf=0 pm=0 pt=0 ru=235308 rp=239284
18:42:09.444 @T t=83895 s=0.000 lv=-33.8 pk=-30.9 c0=4.1 c1=8.9 kw=8.68 inf=2.83 iv=1.23 n=3 d=0 sk=0 hf=96240 hm=92264 ht=283156 pf=0 pm=0 pt=0 ru=235308 rp=239284
18:42:09.444 @T t=83981 s=0.000 lv=-39.9 pk=-38.1 c0=4.1 c1=9.0 kw=9.13 inf=2.39 iv=1.11 n=3 d=0 sk=0 hf=96240 hm=92264 ht=283156 pf=0 pm=0 pt=0 ru=235308 rp=239284
18:42:09.444 @T t=84087 s=0.000 lv=-25.8 pk=-19.7 c0=3.4 c1=10.8 kw=10.37 inf=2.57 iv=1.10 n=4 d=0 sk=0 hf=96240 hm=92264 ht=283156 pf=0 pm=0 pt=0 ru=235308 rp=239284
18:42:09.444 @T t=84193 s=0.000 lv=-17.5 pk=-16.5 c0=3.4 c1=8.5 kw=8.32 inf=2.71 iv=1.13 n=3 d=0 sk=0 hf=96240 hm=92264 ht=283156 pf=0 pm=0 pt=0 ru=235308 rp=239284
18:42:09.444 @I ww=marvin cut=0.50 win=5 cool=1000 tick=100 wifi=1 srv=1 li=0 ln=0
18:42:09.444 @T t=84285 s=0.000 lv=-24.6 pk=-20.3 c0=4.8 c1=9.8 kw=9.62 inf=2.72 iv=1.13 n=3 d=0 sk=0 hf=96240 hm=92264 ht=283156 pf=0 pm=0 pt=0 ru=235308 rp=239284
18:42:09.444 @T t=84391 s=0.000 lv=-35.7 pk=-33.1 c0=3.5 c1=9.5 kw=9.32 inf=2.30 iv=1.11 n=4 d=0 sk=0 hf=96240 hm=92264 ht=283156 pf=0 pm=0 pt=0 ru=235308 rp=239284
18:42:09.444 @T t=84497 s=0.000 lv=-36.3 pk=-33.3 c0=7.0 c1=8.5 kw=8.28 inf=2.70 iv=1.12 n=3 d=0 sk=0 hf=96240 hm=92264 ht=283156 pf=0 pm=0 pt=0 ru=235308 rp=239284
18:42:09.444 @T t=84583 s=0.000 lv=-40.8 pk=-40.0 c0=7.5 c1=10.7 kw=10.43 inf=2.75 iv=1.16 n=3 d=0 sk=0 hf=96240 hm=92264 ht=283156 pf=0 pm=0 pt=0 ru=235308 rp=239284
18:42:09.444 @T t=84688 s=0.000 lv=-41.7 pk=-41.3 c0=5.8 c1=9.4 kw=9.23 inf=2.25 iv=1.08 n=4 d=0 sk=0 hf=96240 hm=92264 ht=283156 pf=0 pm=0 pt=0 ru=235308 rp=239284
18:42:09.444 @T t=84794 s=0.000 lv=-41.2 pk=-40.3 c0=3.8 c1=8.4 kw=8.21 inf=2.67 iv=1.10 n=3 d=0 sk=0 hf=96240 hm=92264 ht=283156 pf=0 pm=0 pt=0 ru=235308 rp=239284
18:42:09.444 @T t=84900 s=0.000 lv=-41.8 pk=-40.5 c0=7.2 c1=9.1 kw=8.90 inf=2.92 iv=1.28 n=3 d=0 sk=0 hf=96424 hm=92264 ht=283156 pf=0 pm=0 pt=0 ru=235124 rp=239284
18:42:09.444 @T t=84990 s=0.000 lv=-41.6 pk=-41.0 c0=4.8 c1=12.8 kw=11.98 inf=2.50 iv=1.26 n=4 d=0 sk=0 hf=96240 hm=92264 ht=283156 pf=0 pm=0 pt=0 ru=235308 rp=239284
18:42:09.444 @T t=85096 s=0.000 lv=-39.7 pk=-37.6 c0=4.4 c1=8.9 kw=8.66 inf=2.83 iv=1.22 n=3 d=0 sk=0 hf=96044 hm=92264 ht=283156 pf=0 pm=0 pt=0 ru=235504 rp=239284
18:42:09.444 @T t=85182 s=0.000 lv=-40.8 pk=-40.0 c0=4.7 c1=10.5 kw=10.50 inf=2.78 iv=1.19 n=3 d=0 sk=0 hf=96240 hm=92264 ht=283156 pf=0 pm=0 pt=0 ru=235308 rp=239284
18:42:09.444 @I ww=marvin cut=0.50 win=5 cool=1000 tick=100 wifi=1 srv=1 li=0 ln=0
18:42:09.444 @T t=85294 s=0.000 lv=-41.6 pk=-39.3 c0=4.3 c1=9.0 kw=8.69 inf=2.26 iv=1.08 n=4 d=0 sk=0 hf=96240 hm=92264 ht=283156 pf=0 pm=0 pt=0 ru=235308 rp=239284
18:42:09.444 @T t=85400 s=0.000 lv=-40.1 pk=-39.4 c0=3.6 c1=8.5 kw=8.35 inf=2.72 iv=1.13 n=3 d=0 sk=0 hf=96240 hm=92264 ht=283156 pf=0 pm=0 pt=0 ru=235308 rp=239284
18:42:09.444 @T t=85489 s=0.000 lv=-38.5 pk=-37.0 c0=10.6 c1=10.5 kw=10.26 inf=2.80 iv=1.17 n=3 d=0 sk=0 hf=96240 hm=92264 ht=283156 pf=0 pm=0 pt=0 ru=235308 rp=239284
18:42:09.444 @T t=85595 s=0.000 lv=-37.8 pk=-33.6 c0=3.5 c1=9.5 kw=9.33 inf=2.30 iv=1.10 n=4 d=0 sk=0 hf=96240 hm=92264 ht=283156 pf=0 pm=0 pt=0 ru=235308 rp=239284
18:42:09.444 @T t=85681 s=0.000 lv=-37.2 pk=-35.1 c0=4.6 c1=8.1 kw=8.14 inf=3.15 iv=1.20 n=2 d=0 sk=0 hf=96240 hm=92264 ht=283156 pf=0 pm=0 pt=0 ru=235308 rp=239284
18:42:11.957 @T t=85787 s=0.000 lv=-34.5 pk=-32.6 c0=6.1 c1=11.0 kw=10.61 inf=2.64 iv=1.22 n=4 d=0 sk=0 hf=96240 hm=92264 ht=283156 pf=0 pm=0 pt=0 ru=235308 rp=239284
18:42:11.957 @T t=85893 s=0.000 lv=-38.1 pk=-36.8 c0=3.6 c1=9.6 kw=9.40 inf=2.31 iv=1.12 n=4 d=0 sk=0 hf=96240 hm=92264 ht=283156 pf=0 pm=0 pt=0 ru=235308 rp=239284
18:42:11.957 @T t=85999 s=0.000 lv=-34.6 pk=-32.7 c0=3.9 c1=8.6 kw=8.38 inf=2.73 iv=1.12 n=3 d=0 sk=0 hf=96240 hm=92264 ht=283156 pf=0 pm=0 pt=0 ru=235308 rp=239284
18:42:11.957 @T t=86085 s=0.000 lv=-36.5 pk=-33.6 c0=4.4 c1=10.7 kw=10.45 inf=2.76 iv=1.16 n=3 d=0 sk=0 hf=96240 hm=92264 ht=283156 pf=0 pm=0 pt=0 ru=235308 rp=239284
18:42:11.957 @T t=86191 s=0.000 lv=-37.4 pk=-35.6 c0=3.4 c1=9.4 kw=9.26 inf=2.28 iv=1.09 n=4 d=0 sk=0 hf=96240 hm=92264 ht=283156 pf=0 pm=0 pt=0 ru=235308 rp=239284
18:42:11.957 @I ww=marvin cut=0.50 win=5 cool=1000 tick=100 wifi=1 srv=1 li=0 ln=0
18:42:11.957 @T t=86283 s=0.000 lv=-38.3 pk=-36.5 c0=4.8 c1=9.6 kw=9.57 inf=2.70 iv=1.13 n=3 d=0 sk=0 hf=96240 hm=92264 ht=283156 pf=0 pm=0 pt=0 ru=235308 rp=239284
18:42:11.957 @T t=86389 s=0.000 lv=-35.1 pk=-32.7 c0=3.5 c1=8.7 kw=8.36 inf=2.72 iv=1.14 n=3 d=0 sk=0 hf=96240 hm=92264 ht=283156 pf=0 pm=0 pt=0 ru=235308 rp=239284
18:42:11.957 @T t=86495 s=0.000 lv=-37.3 pk=-33.1 c0=3.5 c1=9.4 kw=9.27 inf=2.28 iv=1.09 n=4 d=0 sk=0 hf=96240 hm=92264 ht=283156 pf=0 pm=0 pt=0 ru=235308 rp=239284
18:42:11.957 @T t=86581 s=0.000 lv=-32.4 pk=-29.1 c0=4.3 c1=8.0 kw=8.08 inf=3.13 iv=1.20 n=2 d=0 sk=0 hf=96240 hm=92264 ht=283156 pf=0 pm=0 pt=0 ru=235308 rp=239284
18:42:11.957 @T t=86690 s=0.000 lv=-34.9 pk=-30.0 c0=3.3 c1=10.8 kw=10.36 inf=2.65 iv=1.23 n=4 d=0 sk=0 hf=96240 hm=92264 ht=283156 pf=0 pm=0 pt=0 ru=235308 rp=239284
18:42:11.957 @T t=86796 s=0.000 lv=-27.6 pk=-21.7 c0=3.7 c1=9.8 kw=9.61 inf=2.37 iv=1.16 n=4 d=0 sk=0 hf=96240 hm=92264 ht=283156 pf=0 pm=0 pt=0 ru=235308 rp=239284
18:42:11.957 @T t=86882 s=0.000 lv=-22.2 pk=-18.9 c0=4.4 c1=9.3 kw=8.20 inf=3.18 iv=1.25 n=2 d=0 sk=0 hf=96240 hm=92264 ht=283156 pf=0 pm=0 pt=0 ru=235308 rp=239284
18:42:11.957 @T t=86988 s=0.000 lv=-35.7 pk=-34.2 c0=10.1 c1=11.4 kw=11.50 inf=2.86 iv=1.32 n=4 d=0 sk=0 hf=96240 hm=92264 ht=283156 pf=0 pm=0 pt=0 ru=235308 rp=239284
18:42:11.957 @T t=87094 s=0.000 lv=-35.1 pk=-31.3 c0=7.6 c1=9.9 kw=9.68 inf=2.39 iv=1.18 n=4 d=0 sk=0 hf=96044 hm=92264 ht=283156 pf=0 pm=0 pt=0 ru=235504 rp=239284
18:42:11.957 @T t=87200 s=0.000 lv=-34.2 pk=-28.9 c0=5.1 c1=9.0 kw=8.78 inf=2.87 iv=1.26 n=3 d=0 sk=0 hf=96240 hm=92264 ht=283156 pf=0 pm=0 pt=0 ru=235308 rp=239284
18:42:11.957 @I ww=marvin cut=0.50 win=5 cool=1000 tick=100 wifi=1 srv=1 li=0 ln=0
18:42:11.957 @T t=87294 s=0.000 lv=-34.7 pk=-30.5 c0=4.7 c1=10.0 kw=9.78 inf=2.82 iv=1.20 n=3 d=0 sk=0 hf=96240 hm=92264 ht=283156 pf=0 pm=0 pt=0 ru=235308 rp=239284
18:42:11.957 @T t=87400 s=0.000 lv=-33.4 pk=-28.2 c0=3.6 c1=9.5 kw=9.37 inf=2.31 iv=1.11 n=4 d=0 sk=0 hf=96240 hm=92264 ht=283156 pf=0 pm=0 pt=0 ru=235308 rp=239284
18:42:11.957 @T t=87486 s=0.000 lv=-27.7 pk=-24.3 c0=7.4 c1=10.7 kw=10.45 inf=2.75 iv=1.14 n=3 d=0 sk=0 hf=96240 hm=92264 ht=283156 pf=0 pm=0 pt=0 ru=235308 rp=239284
18:42:11.957 @T t=87592 s=0.000 lv=-38.2 pk=-35.8 c0=3.5 c1=8.5 kw=8.32 inf=2.71 iv=1.12 n=3 d=0 sk=0 hf=96240 hm=92264 ht=283156 pf=0 pm=0 pt=0 ru=235308 rp=239284
18:42:11.957 @T t=87698 s=0.000 lv=-39.6 pk=-38.4 c0=3.4 c1=9.5 kw=9.29 inf=2.29 iv=1.10 n=4 d=0 sk=0 hf=96240 hm=92264 ht=283156 pf=0 pm=0 pt=0 ru=235308 rp=239284
18:42:11.957 @T t=87784 s=0.000 lv=-40.7 pk=-39.3 c0=4.2 c1=10.5 kw=10.24 inf=2.71 iv=1.13 n=3 d=0 sk=0 hf=96240 hm=92264 ht=283156 pf=0 pm=0 pt=0 ru=235308 rp=239284
18:42:11.957 @T t=87890 s=0.000 lv=-30.7 pk=-25.8 c0=4.0 c1=8.6 kw=8.45 inf=2.75 iv=1.14 n=3 d=0 sk=0 hf=96240 hm=92264 ht=283156 pf=0 pm=0 pt=0 ru=235308 rp=239284
18:42:11.957 @T t=87996 s=0.000 lv=-27.3 pk=-23.4 c0=6.6 c1=9.7 kw=9.55 inf=2.35 iv=1.15 n=4 d=0 sk=0 hf=96240 hm=92264 ht=283156 pf=0 pm=0 pt=0 ru=235308 rp=239284
18:42:11.957 @T t=88082 s=0.000 lv=-36.5 pk=-31.6 c0=4.3 c1=9.1 kw=7.99 inf=3.09 iv=1.19 n=2 d=0 sk=0 hf=96240 hm=92264 ht=283156 pf=0 pm=0 pt=0 ru=235308 rp=239284
18:42:11.957 @T t=88188 s=0.000 lv=-21.4 pk=-19.2 c0=3.4 c1=10.0 kw=10.54 inf=2.62 iv=1.11 n=4 d=0 sk=0 hf=96240 hm=92264 ht=283156 pf=0 pm=0 pt=0 ru=235308 rp=239284
18:42:11.957 @I ww=marvin cut=0.50 win=5 cool=1000 tick=100 wifi=1 srv=1 li=0 ln=0
18:42:14.537 @T t=88300 s=0.000 lv=-33.7 pk=-28.9 c0=3.9 c1=8.9 kw=8.75 inf=2.28 iv=1.10 n=4 d=0 sk=0 hf=96240 hm=92264 ht=283156 pf=0 pm=0 pt=0 ru=235308 rp=239284
18:42:14.537 @T t=88389 s=0.000 lv=-34.6 pk=-32.6 c0=4.0 c1=10.3 kw=10.10 inf=2.75 iv=1.14 n=3 d=0 sk=0 hf=96240 hm=92264 ht=283156 pf=0 pm=0 pt=0 ru=235308 rp=239284
18:42:14.537 @T t=88495 s=0.000 lv=-41.4 pk=-39.1 c0=3.5 c1=8.4 kw=8.24 inf=2.68 iv=1.11 n=3 d=0 sk=0 hf=96240 hm=92264 ht=283156 pf=0 pm=0 pt=0 ru=235308 rp=239284
18:42:14.537 @T t=88581 s=0.000 lv=-42.0 pk=-40.9 c0=4.3 c1=9.1 kw=9.21 inf=2.41 iv=1.14 n=3 d=0 sk=0 hf=96240 hm=92264 ht=283156 pf=0 pm=0 pt=0 ru=235308 rp=239284
18:42:14.537 @T t=88690 s=0.000 lv=-40.7 pk=-39.6 c0=3.3 c1=10.7 kw=10.30 inf=2.64 iv=1.16 n=4 d=0 sk=0 hf=96240 hm=92264 ht=283156 pf=0 pm=0 pt=0 ru=235308 rp=239284
18:42:14.537 @T t=88796 s=0.000 lv=-42.1 pk=-40.8 c0=3.4 c1=8.4 kw=8.25 inf=2.68 iv=1.11 n=3 d=0 sk=0 hf=96240 hm=92264 ht=283156 pf=0 pm=0 pt=0 ru=235308 rp=239284
18:42:14.537 @T t=88882 s=0.000 lv=-41.5 pk=-40.8 c0=4.3 c1=10.5 kw=9.38 inf=2.45 iv=1.16 n=3 d=0 sk=0 hf=96240 hm=92264 ht=283156 pf=0 pm=0 pt=0 ru=235308 rp=239284
18:42:14.537 @T t=88988 s=0.000 lv=-30.3 pk=-27.6 c0=9.0 c1=10.6 kw=11.02 inf=2.74 iv=1.29 n=4 d=0 sk=0 hf=94488 hm=92264 ht=283156 pf=0 pm=0 pt=0 ru=237060 rp=239284
18:42:14.538 @T t=89094 s=0.000 lv=-36.9 pk=-35.6 c0=9.4 c1=9.0 kw=8.53 inf=2.77 iv=1.14 n=3 d=0 sk=0 hf=96044 hm=92264 ht=283156 pf=0 pm=0 pt=0 ru=235504 rp=239284
18:42:14.538 @T t=89200 s=0.000 lv=-37.4 pk=-35.0 c0=3.7 c1=9.5 kw=9.33 inf=2.30 iv=1.11 n=4 d=0 sk=0 hf=96240 hm=92264 ht=283156 pf=0 pm=0 pt=0 ru=235308 rp=239284
18:42:14.538 @I ww=marvin cut=0.50 win=5 cool=1000 tick=100 wifi=1 srv=1 li=0 ln=0
18:42:14.538 @T t=89291 s=0.000 lv=-38.4 pk=-36.6 c0=4.7 c1=10.0 kw=9.77 inf=2.72 iv=1.11 n=3 d=0 sk=0 hf=96240 hm=92264 ht=283156 pf=0 pm=0 pt=0 ru=235308 rp=239284
18:42:14.538 @T t=89397 s=0.000 lv=-40.5 pk=-39.5 c0=3.5 c1=8.4 kw=8.24 inf=2.68 iv=1.11 n=3 d=0 sk=0 hf=96240 hm=92264 ht=283156 pf=0 pm=0 pt=0 ru=235308 rp=239284
18:42:14.538 @T t=89483 s=0.000 lv=-33.0 pk=-31.7 c0=8.2 c1=11.6 kw=11.55 inf=2.31 iv=1.11 n=4 d=0 sk=0 hf=96240 hm=92264 ht=283156 pf=0 pm=0 pt=0 ru=235308 rp=239284
18:42:14.538 @T t=89589 s=0.000 lv=-33.2 pk=-32.8 c0=3.4 c1=8.6 kw=8.25 inf=2.69 iv=1.11 n=3 d=0 sk=0 hf=96240 hm=92264 ht=283156 pf=0 pm=0 pt=0 ru=235308 rp=239284
18:42:14.538 @T t=89695 s=0.000 lv=-27.9 pk=-26.0 c0=3.4 c1=8.5 kw=8.31 inf=2.70 iv=1.13 n=3 d=0 sk=0 hf=96240 hm=92264 ht=283156 pf=0 pm=0 pt=0 ru=235308 rp=239284
18:42:14.538 @T t=89781 s=0.000 lv=-39.2 pk=-35.5 c0=4.1 c1=9.1 kw=9.22 inf=2.41 iv=1.13 n=3 d=0 sk=0 hf=96240 hm=92264 ht=283156 pf=0 pm=0 pt=0 ru=235308 rp=239284
18:42:14.538 @T t=89889 s=0.000 lv=-35.0 pk=-32.0 c0=3.8 c1=11.2 kw=10.74 inf=2.72 iv=1.23 n=4 d=0 sk=0 hf=96240 hm=92264 ht=283156 pf=0 pm=0 pt=0 ru=235308 rp=239284
18:42:14.538 @T t=89995 s=0.000 lv=-34.1 pk=-30.3 c0=3.5 c1=8.5 kw=8.34 inf=2.72 iv=1.14 n=3 d=0 sk=0 hf=96240 hm=92264 ht=283156 pf=0 pm=0 pt=0 ru=235308 rp=239284
18:42:14.538 @T t=90081 s=0.000 lv=-31.2 pk=-27.7 c0=5.0 c1=9.5 kw=9.53 inf=2.50 iv=1.20 n=3 d=0 sk=0 hf=96240 hm=92264 ht=283156 pf=0 pm=0 pt=0 ru=235308 rp=239284
18:42:14.538 @T t=90189 s=0.000 lv=-40.3 pk=-39.1 c0=3.3 c1=10.8 kw=10.43 inf=2.64 iv=1.16 n=4 d=0 sk=0 hf=96240 hm=92264 ht=283156 pf=0 pm=0 pt=0 ru=235308 rp=239284
18:42:14.538 @I ww=marvin cut=0.50 win=5 cool=1000 tick=100 wifi=1 srv=1 li=0 ln=0
18:42:14.538 @T t=90281 s=0.000 lv=-32.8 pk=-30.3 c0=4.8 c1=8.5 kw=8.57 inf=2.40 iv=1.13 n=3 d=0 sk=0 hf=96240 hm=92264 ht=283156 pf=0 pm=0 pt=0 ru=235308 rp=239284
18:42:14.538 @T t=90387 s=0.000 lv=-39.1 pk=-38.0 c0=3.8 c1=11.2 kw=10.78 inf=2.68 iv=1.17 n=4 d=0 sk=0 hf=96240 hm=92264 ht=283156 pf=0 pm=0 pt=0 ru=235308 rp=239284
18:42:14.538 @T t=90494 s=0.000 lv=-30.6 pk=-28.4 c0=3.6 c1=8.5 kw=8.28 inf=2.72 iv=1.14 n=3 d=0 sk=0 hf=96240 hm=92264 ht=283156 pf=0 pm=0 pt=0 ru=235308 rp=239284
18:42:14.538 @T t=90600 s=0.000 lv=-36.5 pk=-34.7 c0=3.5 c1=8.5 kw=8.33 inf=2.71 iv=1.13 n=3 d=0 sk=0 hf=96240 hm=92264 ht=283156 pf=0 pm=0 pt=0 ru=235308 rp=239284
18:42:14.538 @T t=90689 s=0.000 lv=-32.4 pk=-30.1 c0=3.9 c1=11.5 kw=11.27 inf=2.33 iv=1.12 n=4 d=0 sk=0 hf=96240 hm=92264 ht=283156 pf=0 pm=0 pt=0 ru=235308 rp=239284
18:42:14.538 @T t=90795 s=0.000 lv=-33.0 pk=-31.3 c0=3.4 c1=8.5 kw=8.29 inf=2.70 iv=1.13 n=3 d=0 sk=0 hf=96240 hm=92264 ht=283156 pf=0 pm=0 pt=0 ru=235308 rp=239284
18:42:16.843 @T t=90881 s=0.000 lv=-38.6 pk=-36.5 c0=4.4 c1=9.3 kw=9.34 inf=2.44 iv=1.16 n=3 d=0 sk=0 hf=96240 hm=92264 ht=283156 pf=0 pm=0 pt=0 ru=235308 rp=239284
18:42:16.843 @T t=90987 s=0.000 lv=-27.5 pk=-23.7 c0=3.4 c1=10.8 kw=10.38 inf=2.58 iv=1.09 n=4 d=0 sk=0 hf=96240 hm=92264 ht=283156 pf=0 pm=0 pt=0 ru=235308 rp=239284
18:42:16.843 @T t=91093 s=0.000 lv=-32.8 pk=-27.6 c0=7.9 c1=9.9 kw=9.26 inf=3.03 iv=1.36 n=3 d=0 sk=0 hf=96240 hm=92264 ht=283156 pf=0 pm=0 pt=0 ru=235308 rp=239284
18:42:16.843 [status] up 91s | mic -30.6 dBFS (peak -16.5) | score max 0.00 | detections 0 | inferences 333 (33.3/s; model 1.15 ms each, paused in quiet 0%; features 1.44 ms per 30 ms) | CPU core0  4.8% core1  9.6% (wake word pipeline 9.33% of one core) | RAM used 229 KB (peak 233 KB, 93 KB free) | wifi OK, server OK | audio lost since boot: i2s 0 net 0
18:42:16.843 @T t=91221 s=0.000 lv=-26.5 pk=-23.0 c0=20.5 c1=9.0 kw=9.02 inf=2.64 iv=1.18 n=4 d=0 sk=0 hf=96240 hm=92264 ht=283156 pf=0 pm=0 pt=0 ru=235308 rp=239284
18:42:16.843 @I ww=marvin cut=0.50 win=5 cool=1000 tick=100 wifi=1 srv=1 li=0 ln=0
18:42:16.843 @T t=91295 s=0.000 lv=-35.2 pk=-33.7 c0=5.9 c1=11.6 kw=11.02 inf=2.58 iv=1.22 n=3 d=0 sk=0 hf=96240 hm=92264 ht=283156 pf=0 pm=0 pt=0 ru=235308 rp=239284
18:42:16.843 @T t=91381 s=0.000 lv=-35.7 pk=-33.9 c0=4.3 c1=7.9 kw=8.01 inf=3.10 iv=1.19 n=2 d=0 sk=0 hf=96240 hm=92264 ht=283156 pf=0 pm=0 pt=0 ru=235308 rp=239284
18:42:16.843 @T t=91490 s=0.000 lv=-38.6 pk=-36.0 c0=9.3 c1=11.2 kw=10.74 inf=2.75 iv=1.30 n=4 d=0 sk=0 hf=96240 hm=92264 ht=283156 pf=0 pm=0 pt=0 ru=235308 rp=239284
18:42:16.843 @T t=91596 s=0.000 lv=-41.5 pk=-40.6 c0=3.5 c1=9.5 kw=9.31 inf=2.29 iv=1.11 n=4 d=0 sk=0 hf=96240 hm=92264 ht=283156 pf=0 pm=0 pt=0 ru=235308 rp=239284
18:42:16.843 @T t=91682 s=0.000 lv=-40.4 pk=-39.5 c0=4.2 c1=9.0 kw=7.96 inf=3.08 iv=1.17 n=2 d=0 sk=0 hf=96240 hm=92264 ht=283156 pf=0 pm=0 pt=0 ru=235308 rp=239284
18:42:16.843 @T t=91788 s=0.000 lv=-40.9 pk=-38.9 c0=6.0 c1=9.9 kw=10.46 inf=2.60 iv=1.11 n=4 d=0 sk=0 hf=96240 hm=92264 ht=283156 pf=0 pm=0 pt=0 ru=235308 rp=239284
18:42:16.843 @T t=91894 s=0.000 lv=-40.4 pk=-39.6 c0=3.6 c1=9.6 kw=9.41 inf=2.32 iv=1.12 n=4 d=0 sk=0 hf=96240 hm=92264 ht=283156 pf=0 pm=0 pt=0 ru=235308 rp=239284
18:42:16.843 @T t=92000 s=0.000 lv=-40.9 pk=-38.8 c0=3.4 c1=8.5 kw=8.31 inf=2.71 iv=1.13 n=3 d=0 sk=0 hf=96240 hm=92264 ht=283156 pf=0 pm=0 pt=0 ru=235308 rp=239284
18:42:16.843 @T t=92086 s=0.000 lv=-41.0 pk=-39.7 c0=5.0 c1=11.1 kw=10.80 inf=2.85 iv=1.21 n=3 d=0 sk=0 hf=96240 hm=92264 ht=283156 pf=0 pm=0 pt=0 ru=235308 rp=239284
18:42:16.843 @T t=92192 s=0.000 lv=-41.0 pk=-40.2 c0=3.4 c1=9.4 kw=9.26 inf=2.28 iv=1.09 n=4 d=0 sk=0 hf=96240 hm=92264 ht=283156 pf=0 pm=0 pt=0 ru=235308 rp=239284
18:42:16.843 @I ww=marvin cut=0.50 win=5 cool=1000 tick=100 wifi=1 srv=1 li=0 ln=0
18:42:16.843 @T t=92284 s=0.000 lv=-41.5 pk=-40.5 c0=4.8 c1=9.8 kw=9.56 inf=2.70 iv=1.12 n=3 d=0 sk=0 hf=96240 hm=92264 ht=283156 pf=0 pm=0 pt=0 ru=235308 rp=239284
18:42:16.843 @T t=92390 s=0.000 lv=-40.9 pk=-40.0 c0=3.5 c1=8.5 kw=8.30 inf=2.70 iv=1.12 n=3 d=0 sk=0 hf=96240 hm=92264 ht=283156 pf=0 pm=0 pt=0 ru=235308 rp=239284
18:42:16.843 @T t=92496 s=0.000 lv=-38.5 pk=-36.3 c0=3.5 c1=9.5 kw=9.30 inf=2.29 iv=1.10 n=4 d=0 sk=0 hf=96240 hm=92264 ht=283156 pf=0 pm=0 pt=0 ru=235308 rp=239284
18:42:16.843 @T t=92582 s=0.000 lv=-36.6 pk=-33.5 c0=4.7 c1=9.1 kw=8.04 inf=3.10 iv=1.18 n=2 d=0 sk=0 hf=96240 hm=92264 ht=283156 pf=0 pm=0 pt=0 ru=235308 rp=239284
18:42:16.843 @T t=92691 s=0.000 lv=-31.2 pk=-28.2 c0=3.3 c1=10.1 kw=10.63 inf=2.72 iv=1.25 n=4 d=0 sk=0 hf=96240 hm=92264 ht=283156 pf=0 pm=0 pt=0 ru=235308 rp=239284
18:42:16.843 @T t=92797 s=0.000 lv=-28.6 pk=-26.2 c0=3.3 c1=9.4 kw=9.26 inf=2.28 iv=1.09 n=4 d=0 sk=0 hf=96240 hm=92264 ht=283156 pf=0 pm=0 pt=0 ru=235308 rp=239284
18:42:16.843 @T t=92883 s=0.000 lv=-35.2 pk=-30.9 c0=4.4 c1=10.3 kw=10.48 inf=2.77 iv=1.16 n=3 d=0 sk=0 hf=96240 hm=92264 ht=283156 pf=0 pm=0 pt=0 ru=235308 rp=239284
18:42:16.843 @T t=92989 s=0.000 lv=-38.8 pk=-37.3 c0=3.4 c1=8.7 kw=8.21 inf=2.67 iv=1.11 n=3 d=0 sk=0 hf=96240 hm=92264 ht=283156 pf=0 pm=0 pt=0 ru=235308 rp=239284
18:42:16.843 @T t=93095 s=0.000 lv=-37.9 pk=-35.4 c0=7.4 c1=10.4 kw=9.85 inf=2.43 iv=1.22 n=4 d=0 sk=0 hf=96240 hm=92264 ht=283156 pf=0 pm=0 pt=0 ru=235308 rp=239284
18:42:19.343 @T t=93181 s=0.000 lv=-39.4 pk=-38.2 c0=8.1 c1=8.0 kw=8.08 inf=3.13 iv=1.22 n=2 d=0 sk=0 hf=96240 hm=92264 ht=283156 pf=0 pm=0 pt=0 ru=235308 rp=239284
18:42:19.343 @I ww=marvin cut=0.50 win=5 cool=1000 tick=100 wifi=1 srv=1 li=0 ln=0
18:42:19.343 @T t=93292 s=0.000 lv=-24.4 pk=-21.9 c0=4.1 c1=10.4 kw=10.04 inf=2.61 iv=1.17 n=4 d=0 sk=0 hf=96240 hm=92264 ht=283156 pf=0 pm=0 pt=0 ru=235308 rp=239284
18:42:19.343 @T t=93398 s=0.000 lv=-37.9 pk=-33.7 c0=4.1 c1=9.8 kw=9.56 inf=2.35 iv=1.16 n=4 d=0 sk=0 hf=96240 hm=92264 ht=283156 pf=0 pm=0 pt=0 ru=235308 rp=239284
18:42:19.343 @T t=93484 s=0.000 lv=-30.8 pk=-27.4 c0=4.1 c1=10.4 kw=10.22 inf=2.70 iv=1.13 n=3 d=0 sk=0 hf=96240 hm=92264 ht=283156 pf=0 pm=0 pt=0 ru=235308 rp=239284
18:42:19.343 @T t=93590 s=0.000 lv=-31.1 pk=-26.7 c0=3.4 c1=8.4 kw=8.20 inf=2.67 iv=1.09 n=3 d=0 sk=0 hf=96240 hm=92264 ht=283156 pf=0 pm=0 pt=0 ru=235308 rp=239284
18:42:19.343 @T t=93696 s=0.000 lv=-35.9 pk=-34.5 c0=3.4 c1=9.4 kw=9.24 inf=2.27 iv=1.09 n=4 d=0 sk=0 hf=96240 hm=92264 ht=283156 pf=0 pm=0 pt=0 ru=235308 rp=239284
18:42:19.343 @T t=93782 s=0.000 lv=-39.3 pk=-35.7 c0=4.6 c1=9.2 kw=8.04 inf=3.10 iv=1.18 n=2 d=0 sk=0 hf=96240 hm=92264 ht=283156 pf=0 pm=0 pt=0 ru=235308 rp=239284
18:42:19.343 @T t=93888 s=0.000 lv=-37.5 pk=-35.4 c0=3.6 c1=9.9 kw=10.45 inf=2.59 iv=1.10 n=4 d=0 sk=0 hf=96240 hm=92264 ht=283156 pf=0 pm=0 pt=0 ru=235308 rp=239284
18:42:19.343 @T t=93994 s=0.000 lv=-31.3 pk=-27.4 c0=6.6 c1=9.4 kw=9.23 inf=2.27 iv=1.09 n=4 d=0 sk=0 hf=96240 hm=92264 ht=283156 pf=0 pm=0 pt=0 ru=235308 rp=239284
18:42:19.343 @T t=94100 s=0.000 lv=-30.9 pk=-26.3 c0=4.3 c1=8.6 kw=8.37 inf=2.72 iv=1.13 n=3 d=0 sk=0 hf=96240 hm=92264 ht=283156 pf=0 pm=0 pt=0 ru=235308 rp=239284
18:42:19.343 @T t=94189 s=0.000 lv=-40.1 pk=-39.7 c0=4.0 c1=10.4 kw=10.26 inf=2.80 iv=1.18 n=3 d=0 sk=0 hf=96240 hm=92264 ht=283156 pf=0 pm=0 pt=0 ru=235308 rp=239284
18:42:19.343 @I ww=marvin cut=0.50 win=5 cool=1000 tick=100 wifi=1 srv=1 li=0 ln=0
18:42:19.343 @T t=94281 s=0.000 lv=-22.2 pk=-21.0 c0=4.8 c1=8.6 kw=8.64 inf=2.42 iv=1.13 n=3 d=0 sk=0 hf=96240 hm=92264 ht=283156 pf=0 pm=0 pt=0 ru=235308 rp=239284
18:42:19.343 @T t=94389 s=0.000 lv=-30.9 pk=-25.0 c0=3.3 c1=10.8 kw=10.45 inf=2.65 iv=1.16 n=4 d=0 sk=0 hf=96240 hm=92264 ht=283156 pf=0 pm=0 pt=0 ru=235308 rp=239284
18:42:19.343 @T t=94495 s=0.000 lv=-36.2 pk=-31.9 c0=3.5 c1=8.5 kw=8.30 inf=2.70 iv=1.13 n=3 d=0 sk=0 hf=96240 hm=92264 ht=283156 pf=0 pm=0 pt=0 ru=235308 rp=239284
18:42:19.343 @T t=94581 s=0.000 lv=-24.3 pk=-23.2 c0=8.7 c1=9.8 kw=9.83 inf=2.58 iv=1.26 n=3 d=0 sk=0 hf=96240 hm=92264 ht=283156 pf=0 pm=0 pt=0 ru=235308 rp=239284
18:42:19.343 @T t=94690 s=0.000 lv=-35.1 pk=-31.6 c0=3.4 c1=10.8 kw=10.37 inf=2.65 iv=1.17 n=4 d=0 sk=0 hf=96240 hm=92264 ht=283156 pf=0 pm=0 pt=0 ru=235308 rp=239284
18:42:19.343 @T t=94796 s=0.000 lv=-40.6 pk=-38.8 c0=3.4 c1=8.6 kw=8.41 inf=2.74 iv=1.15 n=3 d=0 sk=0 hf=96240 hm=92264 ht=283156 pf=0 pm=0 pt=0 ru=235308 rp=239284
18:42:19.343 @T t=94883 s=0.000 lv=-29.1 pk=-24.9 c0=4.5 c1=11.8 kw=11.82 inf=2.39 iv=1.18 n=4 d=0 sk=0 hf=96240 hm=92264 ht=283156 pf=0 pm=0 pt=0 ru=235308 rp=239284
18:42:19.343 @T t=94989 s=0.000 lv=-27.2 pk=-25.1 c0=3.4 c1=8.7 kw=8.29 inf=2.70 iv=1.13 n=3 d=0 sk=0 hf=96240 hm=92264 ht=283156 pf=0 pm=0 pt=0 ru=235308 rp=239284
18:42:19.343 @T t=95095 s=0.000 lv=-40.8 pk=-39.1 c0=5.7 c1=8.8 kw=8.63 inf=2.81 iv=1.21 n=3 d=0 sk=0 hf=94488 hm=92264 ht=283156 pf=0 pm=0 pt=0 ru=237060 rp=239284
18:42:19.343 @T t=95182 s=0.000 lv=-39.7 pk=-38.5 c0=7.0 c1=12.0 kw=10.44 inf=2.78 iv=1.41 n=3 d=0 sk=0 hf=96240 hm=92264 ht=283156 pf=0 pm=0 pt=0 ru=235308 rp=239284
18:42:19.343 @I ww=marvin cut=0.50 win=5 cool=1000 tick=100 wifi=1 srv=1 li=0 ln=0
18:42:19.343 @T t=95294 s=0.000 lv=-41.4 pk=-41.1 c0=4.1 c1=9.5 kw=10.03 inf=2.64 iv=1.22 n=4 d=0 sk=0 hf=96240 hm=92264 ht=283156 pf=0 pm=0 pt=0 ru=235308 rp=239284
18:42:19.343 @T t=95400 s=0.000 lv=-41.5 pk=-40.5 c0=4.4 c1=9.0 kw=8.83 inf=2.88 iv=1.26 n=3 d=0 sk=0 hf=96240 hm=92264 ht=283156 pf=0 pm=0 pt=0 ru=235308 rp=239284
18:42:19.343 @T t=95489 s=0.000 lv=-41.4 pk=-38.7 c0=10.8 c1=11.6 kw=11.40 inf=2.35 iv=1.13 n=4 d=0 sk=0 hf=96240 hm=92264 ht=283156 pf=0 pm=0 pt=0 ru=235308 rp=239284
18:42:19.343 @T t=95595 s=0.000 lv=-29.7 pk=-27.1 c0=3.5 c1=8.6 kw=8.39 inf=2.73 iv=1.14 n=3 d=0 sk=0 hf=96240 hm=92264 ht=283156 pf=0 pm=0 pt=0 ru=235308 rp=239284
18:42:21.952 @T t=95681 s=0.000 lv=-38.2 pk=-35.3 c0=4.2 c1=9.2 kw=9.24 inf=2.42 iv=1.14 n=3 d=0 sk=0 hf=96240 hm=92264 ht=283156 pf=0 pm=0 pt=0 ru=235308 rp=239284
18:42:21.953 @T t=95787 s=0.000 lv=-27.7 pk=-22.1 c0=3.4 c1=10.8 kw=10.36 inf=2.57 iv=1.09 n=4 d=0 sk=0 hf=96240 hm=92264 ht=283156 pf=0 pm=0 pt=0 ru=235308 rp=239284
18:42:21.953 @T t=95893 s=0.000 lv=-25.0 pk=-21.0 c0=3.6 c1=8.7 kw=8.48 inf=2.76 iv=1.16 n=3 d=0 sk=0 hf=96240 hm=92264 ht=283156 pf=0 pm=0 pt=0 ru=235308 rp=239284
18:42:21.954 @T t=95999 s=0.000 lv=-35.8 pk=-33.4 c0=3.4 c1=8.5 kw=8.36 inf=2.72 iv=1.14 n=3 d=0 sk=0 hf=96240 hm=92264 ht=283156 pf=0 pm=0 pt=0 ru=235308 rp=239284
18:42:21.954 @T t=96085 s=0.000 lv=-35.1 pk=-32.1 c0=4.4 c1=11.9 kw=11.72 inf=2.34 iv=1.14 n=4 d=0 sk=0 hf=96240 hm=92264 ht=283156 pf=0 pm=0 pt=0 ru=235308 rp=239284
18:42:21.954 @T t=96191 s=0.000 lv=-33.5 pk=-31.2 c0=3.9 c1=9.4 kw=8.77 inf=2.86 iv=1.24 n=3 d=0 sk=0 hf=96240 hm=92264 ht=283156 pf=0 pm=0 pt=0 ru=235308 rp=239284
18:42:21.955 @I ww=marvin cut=0.50 win=5 cool=1000 tick=100 wifi=1 srv=1 li=0 ln=0
18:42:21.955 @T t=96283 s=0.000 lv=-35.9 pk=-32.7 c0=4.9 c1=9.9 kw=9.72 inf=2.75 iv=1.16 n=3 d=0 sk=0 hf=96240 hm=92264 ht=283156 pf=0 pm=0 pt=0 ru=235308 rp=239284
18:42:21.955 @T t=96389 s=0.000 lv=-30.7 pk=-25.4 c0=3.5 c1=9.5 kw=9.31 inf=2.29 iv=1.10 n=4 d=0 sk=0 hf=96240 hm=92264 ht=283156 pf=0 pm=0 pt=0 ru=235308 rp=239284
18:42:21.956 @T t=96495 s=0.000 lv=-26.0 pk=-23.8 c0=3.5 c1=8.5 kw=8.30 inf=2.70 iv=1.13 n=3 d=0 sk=0 hf=96240 hm=92264 ht=283156 pf=0 pm=0 pt=0 ru=235308 rp=239284
18:42:21.957 @T t=96581 s=0.000 lv=-33.4 pk=-29.9 c0=4.3 c1=9.0 kw=9.13 inf=2.39 iv=1.12 n=3 d=0 sk=0 hf=96240 hm=92264 ht=283156 pf=0 pm=0 pt=0 ru=235308 rp=239284
18:42:21.957 @T t=96687 s=0.000 lv=-36.4 pk=-32.6 c0=3.4 c1=10.8 kw=10.34 inf=2.57 iv=1.09 n=4 d=0 sk=0 hf=96240 hm=92264 ht=283156 pf=0 pm=0 pt=0 ru=235308 rp=239284
18:42:21.957 @T t=96793 s=0.000 lv=-26.9 pk=-24.4 c0=3.4 c1=8.5 kw=8.31 inf=2.71 iv=1.12 n=3 d=0 sk=0 hf=96240 hm=92264 ht=283156 pf=0 pm=0 pt=0 ru=235308 rp=239284
18:42:21.957 @T t=96899 s=0.000 lv=-38.1 pk=-35.4 c0=6.3 c1=8.6 kw=8.39 inf=2.73 iv=1.13 n=3 d=0 sk=0 hf=96240 hm=92264 ht=283156 pf=0 pm=0 pt=0 ru=235308 rp=239284
18:42:21.957 @T t=96985 s=0.000 lv=-36.6 pk=-34.7 c0=4.3 c1=11.9 kw=11.62 inf=2.32 iv=1.12 n=4 d=0 sk=0 hf=96240 hm=92264 ht=283156 pf=0 pm=0 pt=0 ru=235308 rp=239284
18:42:21.957 @T t=97091 s=0.000 lv=-39.1 pk=-37.6 c0=3.5 c1=8.5 kw=8.35 inf=2.72 iv=1.14 n=3 d=0 sk=0 hf=96240 hm=92264 ht=283156 pf=0 pm=0 pt=0 ru=235308 rp=239284
18:42:21.957 @T t=97197 s=0.000 lv=-39.5 pk=-36.7 c0=7.1 c1=8.9 kw=8.33 inf=2.70 iv=1.11 n=3 d=0 sk=0 hf=96240 hm=92264 ht=283156 pf=0 pm=0 pt=0 ru=235308 rp=239284
18:42:21.957 @I ww=marvin cut=0.50 win=5 cool=1000 tick=100 wifi=1 srv=1 li=0 ln=0
18:42:21.957 @T t=97289 s=0.000 lv=-38.4 pk=-36.2 c0=5.0 c1=11.2 kw=11.06 inf=2.37 iv=1.15 n=4 d=0 sk=0 hf=96240 hm=92264 ht=283156 pf=0 pm=0 pt=0 ru=235308 rp=239284
18:42:21.957 @T t=97396 s=0.000 lv=-40.8 pk=-39.3 c0=5.7 c1=9.0 kw=8.75 inf=2.89 iv=1.26 n=3 d=0 sk=0 hf=96240 hm=92264 ht=283156 pf=0 pm=0 pt=0 ru=235308 rp=239284
18:42:21.957 @T t=97482 s=0.000 lv=-31.7 pk=-28.6 c0=4.2 c1=10.4 kw=10.42 inf=2.75 iv=1.16 n=3 d=0 sk=0 hf=96240 hm=92264 ht=283156 pf=0 pm=0 pt=0 ru=235308 rp=239284
18:42:21.957 @T t=97588 s=0.000 lv=-35.6 pk=-32.5 c0=3.4 c1=9.5 kw=9.17 inf=2.26 iv=1.08 n=4 d=0 sk=0 hf=96240 hm=92264 ht=283156 pf=0 pm=0 pt=0 ru=235308 rp=239284
18:42:21.957 @T t=97694 s=0.000 lv=-37.4 pk=-35.2 c0=5.9 c1=8.4 kw=8.26 inf=2.69 iv=1.11 n=3 d=0 sk=0 hf=96240 hm=92264 ht=283156 pf=0 pm=0 pt=0 ru=235308 rp=239284
18:42:21.958 @T t=97800 s=0.000 lv=-39.8 pk=-37.2 c0=3.4 c1=8.5 kw=8.29 inf=2.70 iv=1.12 n=3 d=0 sk=0 hf=96240 hm=92264 ht=283156 pf=0 pm=0 pt=0 ru=235308 rp=239284
18:42:21.958 @T t=97886 s=0.000 lv=-38.5 pk=-36.6 c0=4.4 c1=12.0 kw=11.77 inf=2.35 iv=1.13 n=4 d=0 sk=0 hf=96240 hm=92264 ht=283156 pf=0 pm=0 pt=0 ru=235308 rp=239284
18:42:21.958 @T t=97992 s=0.000 lv=-39.3 pk=-38.0 c0=3.4 c1=8.4 kw=8.27 inf=2.69 iv=1.11 n=3 d=0 sk=0 hf=96240 hm=92264 ht=283156 pf=0 pm=0 pt=0 ru=235308 rp=239284
18:42:21.958 @T t=98098 s=0.000 lv=-29.9 pk=-28.5 c0=3.4 c1=8.5 kw=8.31 inf=2.70 iv=1.12 n=3 d=0 sk=0 hf=96240 hm=92264 ht=283156 pf=0 pm=0 pt=0 ru=235308 rp=239284
18:42:21.958 @T t=98184 s=0.000 lv=-35.2 pk=-30.7 c0=4.3 c1=11.8 kw=11.59 inf=2.31 iv=1.13 n=4 d=0 sk=0 hf=96240 hm=92264 ht=283156 pf=0 pm=0 pt=0 ru=235308 rp=239284
18:42:21.958 @I ww=marvin cut=0.50 win=5 cool=1000 tick=100 wifi=1 srv=1 li=0 ln=0
18:42:24.443 @T t=98296 s=0.000 lv=-38.1 pk=-35.6 c0=4.9 c1=8.0 kw=7.80 inf=2.68 iv=1.11 n=3 d=0 sk=0 hf=96240 hm=92264 ht=283156 pf=0 pm=0 pt=0 ru=235308 rp=239284
18:42:24.443 @T t=98382 s=0.000 lv=-41.0 pk=-40.1 c0=4.4 c1=10.5 kw=10.46 inf=2.77 iv=1.18 n=3 d=0 sk=0 hf=96240 hm=92264 ht=283156 pf=0 pm=0 pt=0 ru=235308 rp=239284
18:42:24.444 @T t=98488 s=0.000 lv=-40.6 pk=-40.0 c0=3.9 c1=10.0 kw=9.62 inf=2.37 iv=1.17 n=4 d=0 sk=0 hf=96240 hm=92264 ht=283156 pf=0 pm=0 pt=0 ru=235308 rp=239284
18:42:24.445 @T t=98594 s=0.000 lv=-42.1 pk=-41.0 c0=6.2 c1=8.7 kw=8.53 inf=2.78 iv=1.19 n=3 d=0 sk=0 hf=96240 hm=92264 ht=283156 pf=0 pm=0 pt=0 ru=235308 rp=239284
18:42:24.445 @T t=98700 s=0.000 lv=-42.2 pk=-41.3 c0=6.6 c1=8.6 kw=8.45 inf=2.75 iv=1.17 n=3 d=0 sk=0 hf=96240 hm=92264 ht=283156 pf=0 pm=0 pt=0 ru=235308 rp=239284
18:42:24.445 @T t=98789 s=0.000 lv=-40.6 pk=-39.1 c0=3.9 c1=11.5 kw=11.29 inf=2.33 iv=1.11 n=4 d=0 sk=0 hf=96240 hm=92264 ht=283156 pf=0 pm=0 pt=0 ru=235308 rp=239284
18:42:24.445 @T t=98895 s=0.000 lv=-40.7 pk=-39.1 c0=3.6 c1=8.6 kw=8.39 inf=2.73 iv=1.14 n=3 d=0 sk=0 hf=96240 hm=92264 ht=283156 pf=0 pm=0 pt=0 ru=235308 rp=239284
18:42:24.445 @T t=98981 s=0.000 lv=-41.0 pk=-39.1 c0=4.2 c1=9.2 kw=9.27 inf=2.42 iv=1.14 n=3 d=0 sk=0 hf=96240 hm=92264 ht=283156 pf=0 pm=0 pt=0 ru=235308 rp=239284
18:42:24.445 @T t=99087 s=0.000 lv=-39.5 pk=-37.3 c0=3.5 c1=10.8 kw=10.42 inf=2.59 iv=1.10 n=4 d=0 sk=0 hf=96240 hm=92264 ht=283156 pf=0 pm=0 pt=0 ru=235308 rp=239284
18:42:24.445 @T t=99193 s=0.000 lv=-40.0 pk=-38.6 c0=3.4 c1=8.5 kw=8.32 inf=2.71 iv=1.13 n=3 d=0 sk=0 hf=96240 hm=92264 ht=283156 pf=0 pm=0 pt=0 ru=235308 rp=239284
18:42:24.445 @I ww=marvin cut=0.50 win=5 cool=1000 tick=100 wifi=1 srv=1 li=0 ln=0
18:42:24.445 @T t=99285 s=0.000 lv=-33.0 pk=-29.1 c0=9.7 c1=11.1 kw=10.45 inf=2.96 iv=1.29 n=3 d=0 sk=0 hf=96240 hm=92264 ht=283156 pf=0 pm=0 pt=0 ru=235308 rp=239284
18:42:24.445 @T t=99391 s=0.000 lv=-33.7 pk=-30.0 c0=4.4 c1=9.8 kw=9.65 inf=2.38 iv=1.17 n=4 d=0 sk=0 hf=96240 hm=92264 ht=283156 pf=0 pm=0 pt=0 ru=235308 rp=239284
18:42:24.445 @T t=99497 s=0.000 lv=-22.0 pk=-18.5 c0=3.5 c1=8.5 kw=8.38 inf=2.73 iv=1.14 n=3 d=0 sk=0 hf=96240 hm=92264 ht=283156 pf=0 pm=0 pt=0 ru=235308 rp=239284
18:42:24.446 @T t=99583 s=0.000 lv=-23.1 pk=-18.9 c0=4.8 c1=11.3 kw=11.05 inf=2.93 iv=1.26 n=3 d=0 sk=0 hf=96240 hm=92264 ht=283156 pf=0 pm=0 pt=0 ru=235308 rp=239284
18:42:24.446 @T t=99689 s=0.000 lv=-37.7 pk=-36.0 c0=3.5 c1=9.4 kw=9.23 inf=2.27 iv=1.09 n=4 d=0 sk=0 hf=96240 hm=92264 ht=283156 pf=0 pm=0 pt=0 ru=235308 rp=239284
18:42:24.446 @T t=99795 s=0.000 lv=-39.7 pk=-37.5 c0=3.4 c1=8.5 kw=8.34 inf=2.72 iv=1.13 n=3 d=0 sk=0 hf=96240 hm=92264 ht=283156 pf=0 pm=0 pt=0 ru=235308 rp=239284
18:42:24.446 @T t=99881 s=0.000 lv=-26.2 pk=-25.1 c0=4.4 c1=9.3 kw=9.35 inf=2.45 iv=1.16 n=3 d=0 sk=0 hf=96240 hm=92264 ht=283156 pf=0 pm=0 pt=0 ru=235308 rp=239284
18:42:24.446 @T t=99987 s=0.000 lv=-32.0 pk=-26.2 c0=3.4 c1=10.8 kw=10.35 inf=2.57 iv=1.09 n=4 d=0 sk=0 hf=96240 hm=92264 ht=283156 pf=0 pm=0 pt=0 ru=235308 rp=239284
18:42:24.446 @T t=100093 s=0.000 lv=-39.7 pk=-36.1 c0=3.5 c1=8.5 kw=8.36 inf=2.72 iv=1.14 n=3 d=0 sk=0 hf=96240 hm=92264 ht=283156 pf=0 pm=0 pt=0 ru=235308 rp=239284
18:42:24.446 @T t=100199 s=0.000 lv=-36.9 pk=-33.7 c0=3.4 c1=8.5 kw=8.33 inf=2.71 iv=1.13 n=3 d=0 sk=0 hf=96240 hm=92264 ht=283156 pf=0 pm=0 pt=0 ru=235308 rp=239284
18:42:24.446 @I ww=marvin cut=0.50 win=5 cool=1000 tick=100 wifi=1 srv=1 li=0 ln=0
18:42:24.446 @T t=100291 s=0.000 lv=-40.2 pk=-39.4 c0=5.6 c1=11.5 kw=11.29 inf=2.41 iv=1.20 n=4 d=0 sk=0 hf=96240 hm=92264 ht=283156 pf=0 pm=0 pt=0 ru=235308 rp=239284
18:42:24.446 @T t=100397 s=0.000 lv=-35.1 pk=-32.3 c0=3.6 c1=8.6 kw=8.39 inf=2.74 iv=1.15 n=3 d=0 sk=0 hf=96240 hm=92264 ht=283156 pf=0 pm=0 pt=0 ru=235308 rp=239284
18:42:24.446 @T t=100483 s=0.000 lv=-39.3 pk=-37.3 c0=4.3 c1=10.7 kw=10.48 inf=2.77 iv=1.17 n=3 d=0 sk=0 hf=96240 hm=92264 ht=283156 pf=0 pm=0 pt=0 ru=235308 rp=239284
18:42:24.446 @T t=100589 s=0.000 lv=-37.7 pk=-34.8 c0=3.5 c1=9.5 kw=9.30 inf=2.29 iv=1.10 n=4 d=0 sk=0 hf=96240 hm=92264 ht=283156 pf=0 pm=0 pt=0 ru=235308 rp=239284
18:42:24.446 @T t=100695 s=0.000 lv=-39.8 pk=-38.9 c0=7.0 c1=8.8 kw=8.65 inf=2.82 iv=1.22 n=3 d=0 sk=0 hf=96240 hm=92264 ht=283156 pf=0 pm=0 pt=0 ru=235308 rp=239284
18:42:26.855 @T t=100781 s=0.000 lv=-36.5 pk=-35.5 c0=4.2 c1=9.1 kw=9.16 inf=2.39 iv=1.12 n=3 d=0 sk=0 hf=96240 hm=92264 ht=283156 pf=0 pm=0 pt=0 ru=235308 rp=239284
18:42:26.856 @T t=100887 s=0.000 lv=-31.1 pk=-29.3 c0=3.6 c1=11.0 kw=10.55 inf=2.62 iv=1.12 n=4 d=0 sk=0 hf=96240 hm=92264 ht=283156 pf=0 pm=0 pt=0 ru=235308 rp=239284
18:42:26.856 @T t=100993 s=0.000 lv=-33.4 pk=-31.5 c0=3.4 c1=8.5 kw=8.29 inf=2.70 iv=1.13 n=3 d=0 sk=0 hf=96240 hm=92264 ht=283156 pf=0 pm=0 pt=0 ru=235308 rp=239284
18:42:26.857 @T t=101099 s=0.000 lv=-36.6 pk=-33.5 c0=3.5 c1=8.5 kw=8.32 inf=2.71 iv=1.12 n=3 d=0 sk=0 hf=96240 hm=92264 ht=283156 pf=0 pm=0 pt=0 ru=235308 rp=239284
18:42:26.857 @T t=101185 s=0.000 lv=-37.7 pk=-36.0 c0=4.3 c1=11.8 kw=11.57 inf=2.31 iv=1.12 n=4 d=0 sk=0 hf=96240 hm=92264 ht=283156 pf=0 pm=0 pt=0 ru=235308 rp=239284
18:42:26.858 @I ww=marvin cut=0.50 win=5 cool=1000 tick=100 wifi=1 srv=1 li=0 ln=0
18:42:26.858 [status] up 101s | mic -31.9 dBFS (peak -18.5) | score max 0.00 | detections 0 | inferences 337 (33.4/s; model 1.15 ms each, paused in quiet 0%; features 1.44 ms per 30 ms) | CPU core0  4.7% core1  9.6% (wake word pipeline 9.36% of one core) | RAM used 229 KB (peak 233 KB, 93 KB free) | wifi OK, server OK | audio lost since boot: i2s 0 net 0
18:42:26.858 @T t=101290 s=0.000 lv=-39.1 pk=-37.9 c0=12.3 c1=10.5 kw=9.85 inf=3.20 iv=1.45 n=3 d=0 sk=0 hf=96240 hm=92264 ht=283156 pf=0 pm=0 pt=0 ru=235308 rp=239284
18:42:26.858 @T t=101396 s=0.000 lv=-39.9 pk=-37.6 c0=5.2 c1=9.1 kw=8.93 inf=2.92 iv=1.29 n=3 d=0 sk=0 hf=96240 hm=92264 ht=283156 pf=0 pm=0 pt=0 ru=235308 rp=239284
18:42:26.858 @T t=101482 s=0.000 lv=-30.1 pk=-26.6 c0=4.3 c1=10.5 kw=9.37 inf=2.45 iv=1.16 n=3 d=0 sk=0 hf=96240 hm=92264 ht=283156 pf=0 pm=0 pt=0 ru=235308 rp=239284
18:42:26.858 @T t=101588 s=0.000 lv=-33.7 pk=-28.4 c0=3.6 c1=10.0 kw=10.54 inf=2.62 iv=1.20 n=4 d=0 sk=0 hf=96240 hm=92264 ht=283156 pf=0 pm=0 pt=0 ru=235308 rp=239284
18:42:26.858 @T t=101694 s=0.000 lv=-37.3 pk=-35.8 c0=3.5 c1=8.4 kw=8.24 inf=2.68 iv=1.11 n=3 d=0 sk=0 hf=96240 hm=92264 ht=283156 pf=0 pm=0 pt=0 ru=235308 rp=239284
18:42:26.858 @T t=101800 s=0.000 lv=-37.0 pk=-35.2 c0=3.8 c1=9.4 kw=9.22 inf=2.27 iv=1.08 n=4 d=0 sk=0 hf=96240 hm=92264 ht=283156 pf=0 pm=0 pt=0 ru=235308 rp=239284
18:42:26.858 @T t=101889 s=0.000 lv=-34.8 pk=-33.5 c0=4.1 c1=10.5 kw=10.27 inf=2.80 iv=1.16 n=3 d=0 sk=0 hf=96240 hm=92264 ht=283156 pf=0 pm=0 pt=0 ru=235308 rp=239284
18:42:26.858 @T t=101995 s=0.000 lv=-37.9 pk=-35.4 c0=3.4 c1=8.4 kw=8.26 inf=2.69 iv=1.11 n=3 d=0 sk=0 hf=96240 hm=92264 ht=283156 pf=0 pm=0 pt=0 ru=235308 rp=239284
18:42:26.858 @T t=102081 s=0.000 lv=-26.5 pk=-21.3 c0=4.2 c1=9.1 kw=9.19 inf=2.40 iv=1.12 n=3 d=0 sk=0 hf=96240 hm=92264 ht=283156 pf=0 pm=0 pt=0 ru=235308 rp=239284
18:42:26.859 @T t=102190 s=0.000 lv=-21.3 pk=-20.4 c0=3.2 c1=10.7 kw=10.26 inf=2.62 iv=1.14 n=4 d=0 sk=0 hf=96240 hm=92264 ht=283156 pf=0 pm=0 pt=0 ru=235308 rp=239284
18:42:26.859 @I ww=marvin cut=0.50 win=5 cool=1000 tick=100 wifi=1 srv=1 li=0 ln=0
18:42:26.859 @T t=102282 s=0.000 lv=-27.5 pk=-22.4 c0=5.4 c1=9.2 kw=9.53 inf=2.70 iv=1.13 n=3 d=0 sk=0 hf=96240 hm=92264 ht=283156 pf=0 pm=0 pt=0 ru=235308 rp=239284
18:42:26.859 @T t=102388 s=0.000 lv=-36.5 pk=-35.0 c0=6.1 c1=9.9 kw=9.31 inf=2.28 iv=1.10 n=4 d=0 sk=0 hf=96240 hm=92264 ht=283156 pf=0 pm=0 pt=0 ru=235308 rp=239284
18:42:26.859 @T t=102494 s=0.000 lv=-40.2 pk=-39.5 c0=3.5 c1=8.6 kw=8.39 inf=2.73 iv=1.15 n=3 d=0 sk=0 hf=96240 hm=92264 ht=283156 pf=0 pm=0 pt=0 ru=235308 rp=239284
18:42:26.859 @T t=102600 s=0.000 lv=-38.6 pk=-37.8 c0=6.1 c1=8.8 kw=8.63 inf=2.81 iv=1.21 n=3 d=0 sk=0 hf=96240 hm=92264 ht=283156 pf=0 pm=0 pt=0 ru=235308 rp=239284
18:42:26.859 @T t=102689 s=0.000 lv=-40.4 pk=-39.2 c0=10.6 c1=11.8 kw=11.60 inf=2.40 iv=1.18 n=4 d=0 sk=0 hf=96240 hm=92264 ht=283156 pf=0 pm=0 pt=0 ru=235308 rp=239284
18:42:26.859 @T t=102795 s=0.000 lv=-40.3 pk=-39.7 c0=3.4 c1=8.4 kw=8.27 inf=2.69 iv=1.12 n=3 d=0 sk=0 hf=96240 hm=92264 ht=283156 pf=0 pm=0 pt=0 ru=235308 rp=239284
18:42:26.859 @T t=102881 s=0.000 lv=-37.5 pk=-35.1 c0=4.4 c1=9.2 kw=9.33 inf=2.44 iv=1.15 n=3 d=0 sk=0 hf=96240 hm=92264 ht=283156 pf=0 pm=0 pt=0 ru=235308 rp=239284
18:42:26.859 @T t=102987 s=0.000 lv=-32.7 pk=-30.2 c0=3.9 c1=11.3 kw=10.88 inf=2.70 iv=1.18 n=4 d=0 sk=0 hf=96240 hm=92264 ht=283156 pf=0 pm=0 pt=0 ru=235308 rp=239284
18:42:26.859 @T t=103093 s=0.000 lv=-35.1 pk=-32.3 c0=3.5 c1=8.5 kw=8.35 inf=2.72 iv=1.13 n=3 d=0 sk=0 hf=96240 hm=92264 ht=283156 pf=0 pm=0 pt=0 ru=235308 rp=239284
18:42:29.343 @T t=103199 s=0.000 lv=-31.7 pk=-27.5 c0=3.4 c1=8.8 kw=8.61 inf=2.81 iv=1.20 n=3 d=0 sk=0 hf=96240 hm=92264 ht=283156 pf=0 pm=0 pt=0 ru=235308 rp=239284
18:42:29.343 @I ww=marvin cut=0.50 win=5 cool=1000 tick=100 wifi=1 srv=1 li=0 ln=0
18:42:29.343 @T t=103291 s=0.000 lv=-21.3 pk=-19.2 c0=7.3 c1=11.4 kw=11.12 inf=2.38 iv=1.17 n=4 d=0 sk=0 hf=94488 hm=92264 ht=283156 pf=0 pm=0 pt=0 ru=237060 rp=239284
18:42:29.343 @T t=103397 s=0.000 lv=-35.0 pk=-31.2 c0=5.9 c1=9.5 kw=9.00 inf=2.94 iv=1.31 n=3 d=0 sk=0 hf=96240 hm=92264 ht=283156 pf=0 pm=0 pt=0 ru=235308 rp=239284
18:42:29.343 @T t=103483 s=0.000 lv=-38.9 pk=-37.7 c0=4.3 c1=10.7 kw=10.54 inf=2.78 iv=1.19 n=3 d=0 sk=0 hf=96240 hm=92264 ht=283156 pf=0 pm=0 pt=0 ru=235308 rp=239284
18:42:29.343 @T t=103589 s=0.000 lv=-37.0 pk=-35.3 c0=4.1 c1=9.9 kw=9.64 inf=2.38 iv=1.17 n=4 d=0 sk=0 hf=96044 hm=92264 ht=283156 pf=0 pm=0 pt=0 ru=235504 rp=239284
18:42:29.343 @T t=103695 s=0.000 lv=-38.6 pk=-36.6 c0=3.9 c1=8.7 kw=8.55 inf=2.79 iv=1.19 n=3 d=0 sk=0 hf=96240 hm=92264 ht=283156 pf=0 pm=0 pt=0 ru=235308 rp=239284
18:42:29.343 @T t=103781 s=0.000 lv=-38.8 pk=-37.5 c0=4.2 c1=9.2 kw=9.28 inf=2.43 iv=1.14 n=3 d=0 sk=0 hf=96240 hm=92264 ht=283156 pf=0 pm=0 pt=0 ru=235308 rp=239284
18:42:29.343 @T t=103887 s=0.000 lv=-32.7 pk=-31.4 c0=3.6 c1=10.9 kw=10.46 inf=2.60 iv=1.12 n=4 d=0 sk=0 hf=96240 hm=92264 ht=283156 pf=0 pm=0 pt=0 ru=235308 rp=239284
18:42:29.343 @T t=103993 s=0.000 lv=-39.1 pk=-37.2 c0=3.4 c1=8.5 kw=8.29 inf=2.70 iv=1.13 n=3 d=0 sk=0 hf=96240 hm=92264 ht=283156 pf=0 pm=0 pt=0 ru=235308 rp=239284
18:42:29.343 @T t=104099 s=0.000 lv=-40.5 pk=-39.8 c0=3.8 c1=8.9 kw=8.74 inf=2.85 iv=1.23 n=3 d=0 sk=0 hf=96240 hm=92264 ht=283156 pf=0 pm=0 pt=0 ru=235308 rp=239284
18:42:29.343 @T t=104185 s=0.000 lv=-40.6 pk=-38.6 c0=7.5 c1=11.9 kw=11.67 inf=2.33 iv=1.13 n=4 d=0 sk=0 hf=96240 hm=92264 ht=283156 pf=0 pm=0 pt=0 ru=235308 rp=239284
18:42:29.343 @I ww=marvin cut=0.50 win=5 cool=1000 tick=100 wifi=1 srv=1 li=0 ln=0
18:42:29.343 @T t=104297 s=0.000 lv=-40.6 pk=-38.5 c0=4.0 c1=8.0 kw=7.86 inf=2.70 iv=1.13 n=3 d=0 sk=0 hf=96240 hm=92264 ht=283156 pf=0 pm=0 pt=0 ru=235308 rp=239284
18:42:29.343 @T t=104383 s=0.000 lv=-40.6 pk=-39.7 c0=5.0 c1=11.0 kw=10.74 inf=2.84 iv=1.22 n=3 d=0 sk=0 hf=96240 hm=92264 ht=283156 pf=0 pm=0 pt=0 ru=235308 rp=239284
18:42:29.344 @T t=104489 s=0.000 lv=-37.6 pk=-33.4 c0=3.6 c1=9.5 kw=9.29 inf=2.29 iv=1.10 n=4 d=0 sk=0 hf=96240 hm=92264 ht=283156 pf=0 pm=0 pt=0 ru=235308 rp=239284
18:42:29.344 @T t=104595 s=0.000 lv=-30.2 pk=-27.6 c0=6.7 c1=8.6 kw=8.42 inf=2.75 iv=1.14 n=3 d=0 sk=0 hf=96240 hm=92264 ht=283156 pf=0 pm=0 pt=0 ru=235308 rp=239284
18:42:29.344 @T t=104681 s=0.000 lv=-38.2 pk=-36.5 c0=4.2 c1=9.2 kw=9.29 inf=2.43 iv=1.14 n=3 d=0 sk=0 hf=96240 hm=92264 ht=283156 pf=0 pm=0 pt=0 ru=235308 rp=239284
18:42:29.344 @T t=104787 s=0.000 lv=-39.3 pk=-36.1 c0=6.6 c1=10.8 kw=10.35 inf=2.57 iv=1.09 n=4 d=0 sk=0 hf=96240 hm=92264 ht=283156 pf=0 pm=0 pt=0 ru=235308 rp=239284
18:42:29.344 @T t=104893 s=0.000 lv=-24.8 pk=-22.6 c0=3.6 c1=8.7 kw=8.47 inf=2.76 iv=1.16 n=3 d=0 sk=0 hf=96240 hm=92264 ht=283156 pf=0 pm=0 pt=0 ru=235308 rp=239284
18:42:29.344 @T t=104999 s=0.000 lv=-33.2 pk=-30.5 c0=6.6 c1=8.4 kw=8.26 inf=2.69 iv=1.12 n=3 d=0 sk=0 hf=96240 hm=92264 ht=283156 pf=0 pm=0 pt=0 ru=235308 rp=239284
18:42:29.344 @T t=105085 s=0.000 lv=-31.2 pk=-25.1 c0=4.4 c1=11.9 kw=11.62 inf=2.32 iv=1.14 n=4 d=0 sk=0 hf=96240 hm=92264 ht=283156 pf=0 pm=0 pt=0 ru=235308 rp=239284
18:42:29.344 @T t=105191 s=0.000 lv=-24.9 pk=-22.2 c0=3.8 c1=8.9 kw=8.69 inf=2.84 iv=1.22 n=3 d=0 sk=0 hf=96240 hm=92264 ht=283156 pf=0 pm=0 pt=0 ru=235308 rp=239284
18:42:29.344 @I ww=marvin cut=0.50 win=5 cool=1000 tick=100 wifi=1 srv=1 li=0 ln=0
18:42:29.344 @T t=105283 s=0.000 lv=-29.4 pk=-26.7 c0=4.9 c1=9.9 kw=9.67 inf=2.73 iv=1.14 n=3 d=0 sk=0 hf=96240 hm=92264 ht=283156 pf=0 pm=0 pt=0 ru=235308 rp=239284
18:42:29.344 @T t=105389 s=0.000 lv=-36.5 pk=-32.5 c0=7.9 c1=10.8 kw=10.17 inf=2.51 iv=1.28 n=4 d=0 sk=0 hf=96240 hm=92264 ht=283156 pf=0 pm=0 pt=0 ru=235308 rp=239284
18:42:29.344 @T t=105495 s=0.000 lv=-27.5 pk=-25.5 c0=3.5 c1=8.5 kw=8.40 inf=2.74 iv=1.15 n=3 d=0 sk=0 hf=96240 hm=92264 ht=283156 pf=0 pm=0 pt=0 ru=235308 rp=239284
18:42:29.344 @T t=105581 s=0.000 lv=-38.4 pk=-34.7 c0=5.1 c1=9.1 kw=9.22 inf=2.40 iv=1.12 n=3 d=0 sk=0 hf=96044 hm=92264 ht=283156 pf=0 pm=0 pt=0 ru=235504 rp=239284
18:42:31.856 @T t=105687 s=0.000 lv=-37.3 pk=-35.4 c0=3.7 c1=11.0 kw=10.54 inf=2.62 iv=1.11 n=4 d=0 sk=0 hf=96240 hm=92264 ht=283156 pf=0 pm=0 pt=0 ru=235308 rp=239284
18:42:31.856 @T t=105793 s=0.000 lv=-30.8 pk=-28.5 c0=6.6 c1=8.4 kw=8.27 inf=2.69 iv=1.11 n=3 d=0 sk=0 hf=96240 hm=92264 ht=283156 pf=0 pm=0 pt=0 ru=235308 rp=239284
18:42:31.856 @T t=105899 s=0.000 lv=-33.5 pk=-30.4 c0=3.9 c1=8.5 kw=8.35 inf=2.72 iv=1.13 n=3 d=0 sk=0 hf=96240 hm=92264 ht=283156 pf=0 pm=0 pt=0 ru=235308 rp=239284
18:42:31.856 @T t=105985 s=0.000 lv=-35.3 pk=-31.6 c0=7.3 c1=11.8 kw=11.61 inf=2.32 iv=1.12 n=4 d=0 sk=0 hf=96240 hm=92264 ht=283156 pf=0 pm=0 pt=0 ru=235308 rp=239284
18:42:31.856 @T t=106091 s=0.000 lv=-36.0 pk=-33.5 c0=3.5 c1=8.4 kw=8.24 inf=2.68 iv=1.10 n=3 d=0 sk=0 hf=96240 hm=92264 ht=283156 pf=0 pm=0 pt=0 ru=235308 rp=239284
18:42:31.856 @T t=106197 s=0.000 lv=-34.8 pk=-31.7 c0=3.4 c1=8.4 kw=8.28 inf=2.70 iv=1.12 n=3 d=0 sk=0 hf=96240 hm=92264 ht=283156 pf=0 pm=0 pt=0 ru=235308 rp=239284
18:42:31.856 @I ww=marvin cut=0.50 win=5 cool=1000 tick=100 wifi=1 srv=1 li=0 ln=0
18:42:31.856 @T t=106289 s=0.000 lv=-39.9 pk=-39.1 c0=4.9 c1=11.2 kw=10.94 inf=2.34 iv=1.14 n=4 d=0 sk=0 hf=96240 hm=92264 ht=283156 pf=0 pm=0 pt=0 ru=235308 rp=239284
18:42:31.856 @T t=106395 s=0.000 lv=-40.9 pk=-39.5 c0=4.1 c1=8.5 kw=8.28 inf=2.70 iv=1.12 n=3 d=0 sk=0 hf=96240 hm=92264 ht=283156 pf=0 pm=0 pt=0 ru=235308 rp=239284
18:42:31.856 @T t=106481 s=0.000 lv=-40.0 pk=-38.6 c0=4.1 c1=9.2 kw=9.24 inf=2.42 iv=1.14 n=3 d=0 sk=0 hf=96240 hm=92264 ht=283156 pf=0 pm=0 pt=0 ru=235308 rp=239284
18:42:31.856 @T t=106587 s=0.000 lv=-39.8 pk=-38.5 c0=3.8 c1=11.1 kw=10.64 inf=2.64 iv=1.14 n=4 d=0 sk=0 hf=96240 hm=92264 ht=283156 pf=0 pm=0 pt=0 ru=235308 rp=239284
18:42:31.856 @T t=106693 s=0.000 lv=-40.5 pk=-39.5 c0=6.1 c1=8.5 kw=8.31 inf=2.71 iv=1.13 n=3 d=0 sk=0 hf=96240 hm=92264 ht=283156 pf=0 pm=0 pt=0 ru=235308 rp=239284
18:42:31.856 @T t=106799 s=0.000 lv=-39.6 pk=-37.1 c0=3.4 c1=8.5 kw=8.32 inf=2.71 iv=1.13 n=3 d=0 sk=0 hf=96240 hm=92264 ht=283156 pf=0 pm=0 pt=0 ru=235308 rp=239284
18:42:31.856 @T t=106885 s=0.000 lv=-40.4 pk=-39.7 c0=4.5 c1=12.1 kw=11.83 inf=2.36 iv=1.15 n=4 d=0 sk=0 hf=96240 hm=92264 ht=283156 pf=0 pm=0 pt=0 ru=235308 rp=239284
18:42:31.856 @T t=106991 s=0.000 lv=-40.5 pk=-38.8 c0=3.4 c1=8.5 kw=8.28 inf=2.70 iv=1.11 n=3 d=0 sk=0 hf=96240 hm=92264 ht=283156 pf=0 pm=0 pt=0 ru=235308 rp=239284
18:42:31.856 @T t=107097 s=0.000 lv=-39.2 pk=-36.7 c0=3.4 c1=8.5 kw=8.32 inf=2.71 iv=1.13 n=3 d=0 sk=0 hf=96240 hm=92264 ht=283156 pf=0 pm=0 pt=0 ru=235308 rp=239284
18:42:31.856 @T t=107183 s=0.000 lv=-35.3 pk=-32.4 c0=4.2 c1=11.7 kw=11.61 inf=2.32 iv=1.12 n=4 d=0 sk=0 hf=96240 hm=92264 ht=283156 pf=0 pm=0 pt=0 ru=235308 rp=239284
18:42:31.856 @I ww=marvin cut=0.50 win=5 cool=1000 tick=100 wifi=1 srv=1 li=0 ln=0
18:42:31.856 @T t=107295 s=0.000 lv=-39.0 pk=-37.6 c0=3.9 c1=8.1 kw=7.85 inf=2.70 iv=1.11 n=3 d=0 sk=0 hf=96240 hm=92264 ht=283156 pf=0 pm=0 pt=0 ru=235308 rp=239284
18:42:31.856 @T t=107381 s=0.000 lv=-32.1 pk=-29.2 c0=4.3 c1=9.3 kw=9.35 inf=2.45 iv=1.15 n=3 d=0 sk=0 hf=96240 hm=92264 ht=283156 pf=0 pm=0 pt=0 ru=235308 rp=239284
18:42:31.856 @T t=107489 s=0.000 lv=-37.7 pk=-37.1 c0=7.1 c1=12.3 kw=11.03 inf=2.79 iv=1.25 n=4 d=0 sk=0 hf=96240 hm=92264 ht=283156 pf=0 pm=0 pt=0 ru=235308 rp=239284
18:42:31.856 @T t=107595 s=0.000 lv=-18.8 pk=-16.5 c0=7.6 c1=9.0 kw=8.80 inf=2.87 iv=1.25 n=3 d=0 sk=0 hf=96044 hm=92264 ht=283156 pf=0 pm=0 pt=0 ru=235504 rp=239284
18:42:31.857 @T t=107682 s=0.000 lv=-18.4 pk=-16.4 c0=5.3 c1=10.9 kw=10.84 inf=2.90 iv=1.25 n=3 d=0 sk=0 hf=96240 hm=92264 ht=283156 pf=0 pm=0 pt=0 ru=235308 rp=239284
18:42:31.857 @T t=107788 s=0.000 lv=-32.3 pk=-29.8 c0=6.7 c1=9.6 kw=9.24 inf=2.27 iv=1.10 n=4 d=0 sk=0 hf=96240 hm=92264 ht=283156 pf=0 pm=0 pt=0 ru=235308 rp=239284
18:42:31.857 @T t=107894 s=0.000 lv=-23.4 pk=-21.6 c0=3.6 c1=8.6 kw=8.47 inf=2.76 iv=1.16 n=3 d=0 sk=0 hf=96240 hm=92264 ht=283156 pf=0 pm=0 pt=0 ru=235308 rp=239284
18:42:31.857 @T t=108000 s=0.000 lv=-35.5 pk=-32.4 c0=3.4 c1=8.5 kw=8.33 inf=2.71 iv=1.13 n=3 d=0 sk=0 hf=96240 hm=92264 ht=283156 pf=0 pm=0 pt=0 ru=235308 rp=239284
18:42:31.857 @T t=108089 s=0.000 lv=-34.6 pk=-30.9 c0=4.0 c1=11.6 kw=11.36 inf=2.34 iv=1.13 n=4 d=0 sk=0 hf=96240 hm=92264 ht=283156 pf=0 pm=0 pt=0 ru=235308 rp=239284
18:42:34.346 @T t=108195 s=0.000 lv=-32.5 pk=-30.2 c0=3.4 c1=8.5 kw=8.32 inf=2.71 iv=1.13 n=3 d=0 sk=0 hf=96240 hm=92264 ht=283156 pf=0 pm=0 pt=0 ru=235308 rp=239284
18:42:34.346 @I ww=marvin cut=0.50 win=5 cool=1000 tick=100 wifi=1 srv=1 li=0 ln=0
18:42:34.346 @T t=108287 s=0.000 lv=-36.4 pk=-34.7 c0=5.0 c1=10.0 kw=9.81 inf=2.77 iv=1.18 n=3 d=0 sk=0 hf=96240 hm=92264 ht=283156 pf=0 pm=0 pt=0 ru=235308 rp=239284
18:42:34.346 @T t=108393 s=0.000 lv=-37.5 pk=-35.4 c0=3.5 c1=9.5 kw=9.32 inf=2.30 iv=1.11 n=4 d=0 sk=0 hf=96240 hm=92264 ht=283156 pf=0 pm=0 pt=0 ru=235308 rp=239284
18:42:34.346 @T t=108499 s=0.000 lv=-34.5 pk=-32.6 c0=4.0 c1=8.7 kw=8.55 inf=2.79 iv=1.19 n=3 d=0 sk=0 hf=96240 hm=92264 ht=283156 pf=0 pm=0 pt=0 ru=235308 rp=239284
18:42:34.346 @T t=108585 s=0.000 lv=-37.5 pk=-34.9 c0=4.4 c1=10.8 kw=10.56 inf=2.79 iv=1.17 n=3 d=0 sk=0 hf=96240 hm=92264 ht=283156 pf=0 pm=0 pt=0 ru=235308 rp=239284
18:42:34.346 @T t=108691 s=0.000 lv=-23.7 pk=-20.5 c0=3.4 c1=9.4 kw=9.27 inf=2.28 iv=1.09 n=4 d=0 sk=0 hf=96240 hm=92264 ht=283156 pf=0 pm=0 pt=0 ru=235308 rp=239284
18:42:34.346 @T t=108797 s=0.000 lv=-23.5 pk=-19.4 c0=3.8 c1=8.9 kw=8.65 inf=2.82 iv=1.22 n=3 d=0 sk=0 hf=96240 hm=92264 ht=283156 pf=0 pm=0 pt=0 ru=235308 rp=239284
18:42:34.346 @T t=108883 s=0.000 lv=-24.9 pk=-22.5 c0=4.6 c1=10.8 kw=10.61 inf=2.81 iv=1.19 n=3 d=0 sk=0 hf=96240 hm=92264 ht=283156 pf=0 pm=0 pt=0 ru=235308 rp=239284
18:42:34.346 @T t=108989 s=0.000 lv=-32.5 pk=-26.3 c0=3.4 c1=9.4 kw=9.23 inf=2.27 iv=1.09 n=4 d=0 sk=0 hf=96240 hm=92264 ht=283156 pf=0 pm=0 pt=0 ru=235308 rp=239284
18:42:34.346 @T t=109095 s=0.000 lv=-34.3 pk=-31.1 c0=3.5 c1=8.5 kw=8.36 inf=2.73 iv=1.14 n=3 d=0 sk=0 hf=96240 hm=92264 ht=283156 pf=0 pm=0 pt=0 ru=235308 rp=239284
18:42:34.346 @T t=109181 s=0.000 lv=-37.6 pk=-35.3 c0=4.2 c1=9.2 kw=9.23 inf=2.41 iv=1.14 n=3 d=0 sk=0 hf=96240 hm=92264 ht=283156 pf=0 pm=0 pt=0 ru=235308 rp=239284
18:42:34.346 @I ww=marvin cut=0.50 win=5 cool=1000 tick=100 wifi=1 srv=1 li=0 ln=0
18:42:34.347 @T t=109293 s=0.000 lv=-28.1 pk=-26.8 c0=11.3 c1=10.2 kw=9.81 inf=2.57 iv=1.09 n=4 d=0 sk=0 hf=96240 hm=92264 ht=283156 pf=0 pm=0 pt=0 ru=235308 rp=239284
18:42:34.347 @T t=109399 s=0.000 lv=-38.7 pk=-35.6 c0=3.6 c1=8.6 kw=8.40 inf=2.74 iv=1.15 n=3 d=0 sk=0 hf=96240 hm=92264 ht=283156 pf=0 pm=0 pt=0 ru=235308 rp=239284
18:42:34.347 @T t=109485 s=0.000 lv=-39.4 pk=-37.5 c0=9.2 c1=12.0 kw=11.21 inf=2.96 iv=1.29 n=3 d=0 sk=0 hf=96240 hm=92264 ht=283156 pf=0 pm=0 pt=0 ru=235308 rp=239284
18:42:34.347 @T t=109591 s=0.000 lv=-33.9 pk=-31.9 c0=4.1 c1=9.8 kw=9.63 inf=2.38 iv=1.18 n=4 d=0 sk=0 hf=96240 hm=92264 ht=283156 pf=0 pm=0 pt=0 ru=235308 rp=239284
18:42:34.347 @T t=109697 s=0.000 lv=-35.2 pk=-33.1 c0=3.4 c1=8.5 kw=8.33 inf=2.71 iv=1.14 n=3 d=0 sk=0 hf=96240 hm=92264 ht=283156 pf=0 pm=0 pt=0 ru=235308 rp=239284
18:42:34.347 @T t=109783 s=0.000 lv=-34.0 pk=-32.5 c0=4.2 c1=10.6 kw=10.43 inf=2.75 iv=1.14 n=3 d=0 sk=0 hf=96240 hm=92264 ht=283156 pf=0 pm=0 pt=0 ru=235308 rp=239284
18:42:34.347 @T t=109889 s=0.000 lv=-38.2 pk=-35.4 c0=3.9 c1=9.6 kw=9.38 inf=2.31 iv=1.12 n=4 d=0 sk=0 hf=96240 hm=92264 ht=283156 pf=0 pm=0 pt=0 ru=235308 rp=239284
18:42:34.347 @T t=109995 s=0.000 lv=-26.1 pk=-23.2 c0=3.4 c1=8.5 kw=8.35 inf=2.72 iv=1.14 n=3 d=0 sk=0 hf=96240 hm=92264 ht=283156 pf=0 pm=0 pt=0 ru=235308 rp=239284
18:42:34.347 @T t=110081 s=0.000 lv=-36.3 pk=-31.7 c0=4.2 c1=9.1 kw=9.17 inf=2.40 iv=1.13 n=3 d=0 sk=0 hf=96240 hm=92264 ht=283156 pf=0 pm=0 pt=0 ru=235308 rp=239284
18:42:34.347 @T t=110187 s=0.000 lv=-39.7 pk=-38.8 c0=3.4 c1=10.7 kw=10.28 inf=2.55 iv=1.07 n=4 d=0 sk=0 hf=96240 hm=92264 ht=283156 pf=0 pm=0 pt=0 ru=235308 rp=239284
18:42:34.347 @I ww=marvin cut=0.50 win=5 cool=1000 tick=100 wifi=1 srv=1 li=0 ln=0
18:42:34.347 @T t=110299 s=0.000 lv=-23.7 pk=-20.0 c0=4.0 c1=8.0 kw=7.82 inf=2.69 iv=1.11 n=3 d=0 sk=0 hf=96240 hm=92264 ht=283156 pf=0 pm=0 pt=0 ru=235308 rp=239284
18:42:34.347 @T t=110385 s=0.000 lv=-33.4 pk=-29.2 c0=4.2 c1=10.7 kw=10.47 inf=2.77 iv=1.16 n=3 d=0 sk=0 hf=96240 hm=92264 ht=283156 pf=0 pm=0 pt=0 ru=235308 rp=239284
18:42:34.347 @T t=110491 s=0.000 lv=-37.3 pk=-35.0 c0=4.0 c1=9.8 kw=9.57 inf=2.36 iv=1.16 n=4 d=0 sk=0 hf=96240 hm=92264 ht=283156 pf=0 pm=0 pt=0 ru=235308 rp=239284
18:42:34.347 @T t=110596 s=0.000 lv=-36.8 pk=-35.3 c0=3.5 c1=8.7 kw=8.57 inf=2.77 iv=1.18 n=3 d=0 sk=0 hf=96240 hm=92264 ht=283156 pf=0 pm=0 pt=0 ru=235308 rp=239284
18:42:36.756 @T t=110682 s=0.000 lv=-36.2 pk=-34.8 c0=8.1 c1=10.5 kw=10.53 inf=2.78 iv=1.19 n=3 d=0 sk=0 hf=96240 hm=92264 ht=283156 pf=0 pm=0 pt=0 ru=235308 rp=239284
18:42:36.756 @T t=110788 s=0.000 lv=-34.9 pk=-33.6 c0=3.4 c1=9.5 kw=9.20 inf=2.26 iv=1.07 n=4 d=0 sk=0 hf=96240 hm=92264 ht=283156 pf=0 pm=0 pt=0 ru=235308 rp=239284
18:42:36.756 @T t=110894 s=0.000 lv=-29.7 pk=-26.1 c0=3.6 c1=8.6 kw=8.40 inf=2.74 iv=1.14 n=3 d=0 sk=0 hf=96240 hm=92264 ht=283156 pf=0 pm=0 pt=0 ru=235308 rp=239284
18:42:36.756 @T t=111000 s=0.000 lv=-36.7 pk=-34.4 c0=3.5 c1=8.6 kw=8.38 inf=2.73 iv=1.15 n=3 d=0 sk=0 hf=96240 hm=92264 ht=283156 pf=0 pm=0 pt=0 ru=235308 rp=239284
18:42:36.756 @T t=111086 s=0.000 lv=-37.8 pk=-35.5 c0=4.8 c1=12.2 kw=12.00 inf=2.40 iv=1.17 n=4 d=0 sk=0 hf=96240 hm=92264 ht=283156 pf=0 pm=0 pt=0 ru=235308 rp=239284
18:42:36.756 @T t=111192 s=0.000 lv=-27.8 pk=-23.7 c0=3.4 c1=8.5 kw=8.32 inf=2.71 iv=1.12 n=3 d=0 sk=0 hf=96240 hm=92264 ht=283156 pf=0 pm=0 pt=0 ru=235308 rp=239284
18:42:36.757 @I ww=marvin cut=0.50 win=5 cool=1000 tick=100 wifi=1 srv=1 li=0 ln=0
18:42:36.757 [status] up 111s | mic -29.8 dBFS (peak -16.4) | score max 0.00 | detections 0 | inferences 333 (33.3/s; model 1.15 ms each, paused in quiet 0%; features 1.45 ms per 30 ms) | CPU core0  4.7% core1  9.6% (wake word pipeline 9.35% of one core) | RAM used 229 KB (peak 233 KB, 93 KB free) | wifi OK, server OK | audio lost since boot: i2s 0 net 0
18:42:36.757 @T t=111297 s=0.000 lv=-21.7 pk=-19.8 c0=8.2 c1=9.1 kw=8.85 inf=2.85 iv=1.22 n=3 d=0 sk=0 hf=96240 hm=92264 ht=283156 pf=0 pm=0 pt=0 ru=235308 rp=239284
18:42:36.757 @T t=111383 s=0.000 lv=-32.4 pk=-26.6 c0=4.4 c1=11.7 kw=11.68 inf=2.34 iv=1.13 n=4 d=0 sk=0 hf=96240 hm=92264 ht=283156 pf=0 pm=0 pt=0 ru=235308 rp=239284
18:42:36.757 @T t=111489 s=0.000 lv=-40.8 pk=-39.1 c0=8.8 c1=9.2 kw=8.85 inf=2.89 iv=1.27 n=3 d=0 sk=0 hf=94488 hm=92264 ht=283156 pf=0 pm=0 pt=0 ru=237060 rp=239284
18:42:36.757 @T t=111595 s=0.000 lv=-39.9 pk=-39.5 c0=6.5 c1=9.7 kw=9.10 inf=2.97 iv=1.29 n=3 d=0 sk=0 hf=96044 hm=92264 ht=283156 pf=0 pm=0 pt=0 ru=235504 rp=239284
18:42:36.757 @T t=111681 s=0.000 lv=-39.2 pk=-38.0 c0=8.3 c1=9.7 kw=9.75 inf=2.56 iv=1.26 n=3 d=0 sk=0 hf=96240 hm=92264 ht=283156 pf=0 pm=0 pt=0 ru=235308 rp=239284
18:42:36.757 @T t=111789 s=0.000 lv=-39.8 pk=-37.4 c0=3.3 c1=10.9 kw=10.49 inf=2.66 iv=1.18 n=4 d=0 sk=0 hf=96240 hm=92264 ht=283156 pf=0 pm=0 pt=0 ru=235308 rp=239284
18:42:36.757 @T t=111895 s=0.000 lv=-40.5 pk=-39.1 c0=3.6 c1=8.6 kw=8.39 inf=2.73 iv=1.14 n=3 d=0 sk=0 hf=96240 hm=92264 ht=283156 pf=0 pm=0 pt=0 ru=235308 rp=239284
18:42:36.757 @T t=111981 s=0.000 lv=-31.5 pk=-27.9 c0=4.2 c1=9.3 kw=9.32 inf=2.44 iv=1.15 n=3 d=0 sk=0 hf=96240 hm=92264 ht=283156 pf=0 pm=0 pt=0 ru=235308 rp=239284
18:42:36.757 @T t=112090 s=0.000 lv=-34.3 pk=-29.9 c0=3.3 c1=10.8 kw=10.37 inf=2.65 iv=1.17 n=4 d=0 sk=0 hf=96240 hm=92264 ht=283156 pf=0 pm=0 pt=0 ru=235308 rp=239284
18:42:36.757 @T t=112196 s=0.000 lv=-36.7 pk=-33.1 c0=3.8 c1=8.8 kw=8.62 inf=2.81 iv=1.20 n=3 d=0 sk=0 hf=96240 hm=92264 ht=283156 pf=0 pm=0 pt=0 ru=235308 rp=239284
18:42:36.757 @I ww=marvin cut=0.50 win=5 cool=1000 tick=100 wifi=1 srv=1 li=0 ln=0
18:42:36.757 @T t=112288 s=0.000 lv=-32.4 pk=-28.0 c0=13.8 c1=11.3 kw=11.12 inf=2.38 iv=1.17 n=4 d=0 sk=0 hf=96240 hm=92264 ht=283156 pf=0 pm=0 pt=0 ru=235308 rp=239284
18:42:36.758 @T t=112394 s=0.000 lv=-22.5 pk=-21.0 c0=3.6 c1=8.6 kw=8.43 inf=2.75 iv=1.14 n=3 d=0 sk=0 hf=96240 hm=92264 ht=283156 pf=0 pm=0 pt=0 ru=235308 rp=239284
18:42:36.758 @T t=112500 s=0.000 lv=-32.7 pk=-26.6 c0=6.6 c1=8.5 kw=8.36 inf=2.72 iv=1.14 n=3 d=0 sk=0 hf=96240 hm=92264 ht=283156 pf=0 pm=0 pt=0 ru=235308 rp=239284
18:42:36.758 @T t=112589 s=0.000 lv=-34.1 pk=-31.3 c0=4.7 c1=12.0 kw=11.74 inf=2.43 iv=1.18 n=4 d=0 sk=0 hf=96240 hm=92264 ht=283156 pf=0 pm=0 pt=0 ru=235308 rp=239284
18:42:36.758 @T t=112695 s=0.000 lv=-35.5 pk=-31.8 c0=3.4 c1=8.5 kw=8.34 inf=2.72 iv=1.14 n=3 d=0 sk=0 hf=96240 hm=92264 ht=283156 pf=0 pm=0 pt=0 ru=235308 rp=239284
18:42:36.758 @T t=112781 s=0.000 lv=-31.0 pk=-29.9 c0=4.2 c1=9.2 kw=9.23 inf=2.41 iv=1.14 n=3 d=0 sk=0 hf=96240 hm=92264 ht=283156 pf=0 pm=0 pt=0 ru=235308 rp=239284
18:42:36.758 @T t=112887 s=0.000 lv=-40.0 pk=-38.1 c0=3.6 c1=10.9 kw=10.46 inf=2.60 iv=1.11 n=4 d=0 sk=0 hf=96240 hm=92264 ht=283156 pf=0 pm=0 pt=0 ru=235308 rp=239284
18:42:36.758 @T t=112993 s=0.000 lv=-24.8 pk=-22.6 c0=6.6 c1=8.5 kw=8.32 inf=2.71 iv=1.13 n=3 d=0 sk=0 hf=96240 hm=92264 ht=283156 pf=0 pm=0 pt=0 ru=235308 rp=239284
18:42:39.245 @T t=113099 s=0.000 lv=-28.6 pk=-25.0 c0=3.5 c1=8.5 kw=8.38 inf=2.73 iv=1.14 n=3 d=0 sk=0 hf=96240 hm=92264 ht=283156 pf=0 pm=0 pt=0 ru=235308 rp=239284
18:42:39.245 @T t=113185 s=0.000 lv=-38.9 pk=-35.3 c0=4.3 c1=11.9 kw=11.69 inf=2.34 iv=1.13 n=4 d=0 sk=0 hf=96240 hm=92264 ht=283156 pf=0 pm=0 pt=0 ru=235308 rp=239284
18:42:39.246 @I ww=marvin cut=0.50 win=5 cool=1000 tick=100 wifi=1 srv=1 li=0 ln=0
18:42:39.246 @T t=113297 s=0.000 lv=-37.8 pk=-35.5 c0=4.3 c1=8.3 kw=8.14 inf=2.80 iv=1.21 n=3 d=0 sk=0 hf=96240 hm=92264 ht=283156 pf=0 pm=0 pt=0 ru=235308 rp=239284
18:42:39.247 @T t=113383 s=0.000 lv=-40.1 pk=-39.3 c0=4.4 c1=10.8 kw=10.62 inf=2.81 iv=1.21 n=3 d=0 sk=0 hf=96240 hm=92264 ht=283156 pf=0 pm=0 pt=0 ru=235308 rp=239284
18:42:39.247 @T t=113489 s=0.000 lv=-40.9 pk=-39.9 c0=3.5 c1=9.4 kw=9.25 inf=2.28 iv=1.09 n=4 d=0 sk=0 hf=96240 hm=92264 ht=283156 pf=0 pm=0 pt=0 ru=235308 rp=239284
18:42:39.247 @T t=113595 s=0.000 lv=-41.7 pk=-40.1 c0=10.2 c1=10.5 kw=9.45 inf=3.09 iv=1.41 n=3 d=0 sk=0 hf=96240 hm=92264 ht=283156 pf=0 pm=0 pt=0 ru=235308 rp=239284
18:42:39.247 @T t=113681 s=0.000 lv=-41.1 pk=-39.9 c0=4.3 c1=9.1 kw=9.17 inf=2.39 iv=1.11 n=3 d=0 sk=0 hf=96240 hm=92264 ht=283156 pf=0 pm=0 pt=0 ru=235308 rp=239284
18:42:39.247 @T t=113787 s=0.000 lv=-41.5 pk=-40.7 c0=3.3 c1=10.7 kw=10.32 inf=2.56 iv=1.09 n=4 d=0 sk=0 hf=96240 hm=92264 ht=283156 pf=0 pm=0 pt=0 ru=235308 rp=239284
18:42:39.247 @T t=113893 s=0.000 lv=-40.6 pk=-39.4 c0=4.9 c1=9.2 kw=8.96 inf=2.93 iv=1.30 n=3 d=0 sk=0 hf=96240 hm=92264 ht=283156 pf=0 pm=0 pt=0 ru=235308 rp=239284
18:42:39.247 @T t=113999 s=0.000 lv=-40.4 pk=-39.9 c0=3.4 c1=8.4 kw=8.27 inf=2.69 iv=1.12 n=3 d=0 sk=0 hf=96240 hm=92264 ht=283156 pf=0 pm=0 pt=0 ru=235308 rp=239284
18:42:39.247 @T t=114085 s=0.000 lv=-40.2 pk=-39.6 c0=4.4 c1=11.9 kw=11.68 inf=2.33 iv=1.13 n=4 d=0 sk=0 hf=96240 hm=92264 ht=283156 pf=0 pm=0 pt=0 ru=235308 rp=239284
18:42:39.247 @T t=114191 s=0.000 lv=-40.8 pk=-40.2 c0=3.4 c1=8.5 kw=8.30 inf=2.70 iv=1.12 n=3 d=0 sk=0 hf=96240 hm=92264 ht=283156 pf=0 pm=0 pt=0 ru=235308 rp=239284
18:42:39.247 @I ww=marvin cut=0.50 win=5 cool=1000 tick=100 wifi=1 srv=1 li=0 ln=0
18:42:39.247 @T t=114283 s=0.000 lv=-40.2 pk=-39.3 c0=4.8 c1=9.8 kw=9.64 inf=2.72 iv=1.13 n=3 d=0 sk=0 hf=96240 hm=92264 ht=283156 pf=0 pm=0 pt=0 ru=235308 rp=239284
18:42:39.248 @T t=114389 s=0.000 lv=-39.9 pk=-38.8 c0=3.5 c1=9.4 kw=9.27 inf=2.28 iv=1.09 n=4 d=0 sk=0 hf=96240 hm=92264 ht=283156 pf=0 pm=0 pt=0 ru=235308 rp=239284
18:42:39.248 @T t=114495 s=0.000 lv=-35.1 pk=-33.0 c0=3.9 c1=8.5 kw=8.36 inf=2.72 iv=1.13 n=3 d=0 sk=0 hf=96240 hm=92264 ht=283156 pf=0 pm=0 pt=0 ru=235308 rp=239284
18:42:39.248 @T t=114581 s=0.000 lv=-38.6 pk=-36.7 c0=4.8 c1=9.1 kw=9.25 inf=2.42 iv=1.13 n=3 d=0 sk=0 hf=96240 hm=92264 ht=283156 pf=0 pm=0 pt=0 ru=235308 rp=239284
18:42:39.248 @T t=114687 s=0.000 lv=-31.0 pk=-28.2 c0=3.4 c1=10.8 kw=10.36 inf=2.57 iv=1.09 n=4 d=0 sk=0 hf=96240 hm=92264 ht=283156 pf=0 pm=0 pt=0 ru=235308 rp=239284
18:42:39.248 @T t=114793 s=0.000 lv=-34.5 pk=-32.8 c0=3.8 c1=8.4 kw=8.27 inf=2.69 iv=1.13 n=3 d=0 sk=0 hf=96240 hm=92264 ht=283156 pf=0 pm=0 pt=0 ru=235308 rp=239284
18:42:39.248 @T t=114899 s=0.000 lv=-27.7 pk=-25.7 c0=4.1 c1=8.7 kw=8.50 inf=2.77 iv=1.14 n=3 d=0 sk=0 hf=96240 hm=92264 ht=283156 pf=0 pm=0 pt=0 ru=235308 rp=239284
18:42:39.248 @T t=114985 s=0.000 lv=-33.6 pk=-28.7 c0=4.2 c1=11.7 kw=11.49 inf=2.29 iv=1.11 n=4 d=0 sk=0 hf=96240 hm=92264 ht=283156 pf=0 pm=0 pt=0 ru=235308 rp=239284
18:42:39.248 @T t=115091 s=0.000 lv=-34.1 pk=-29.5 c0=3.8 c1=8.5 kw=8.35 inf=2.72 iv=1.13 n=3 d=0 sk=0 hf=96240 hm=92264 ht=283156 pf=0 pm=0 pt=0 ru=235308 rp=239284
18:42:39.248 @T t=115197 s=0.000 lv=-38.9 pk=-37.3 c0=3.8 c1=8.8 kw=8.60 inf=2.80 iv=1.21 n=3 d=0 sk=0 hf=96240 hm=92264 ht=283156 pf=0 pm=0 pt=0 ru=235308 rp=239284
18:42:39.248 @I ww=marvin cut=0.50 win=5 cool=1000 tick=100 wifi=1 srv=1 li=0 ln=0
18:42:39.248 @T t=115288 s=0.000 lv=-33.1 pk=-31.2 c0=5.5 c1=11.6 kw=11.37 inf=2.41 iv=1.18 n=4 d=0 sk=0 hf=96240 hm=92264 ht=283156 pf=0 pm=0 pt=0 ru=235308 rp=239284
18:42:39.248 @T t=115394 s=0.000 lv=-35.2 pk=-31.0 c0=3.7 c1=8.5 kw=8.32 inf=2.71 iv=1.13 n=3 d=0 sk=0 hf=96240 hm=92264 ht=283156 pf=0 pm=0 pt=0 ru=235308 rp=239284
18:42:39.248 @T t=115500 s=0.000 lv=-36.6 pk=-33.3 c0=3.4 c1=8.6 kw=8.37 inf=2.73 iv=1.14 n=3 d=0 sk=0 hf=96240 hm=92264 ht=283156 pf=0 pm=0 pt=0 ru=235308 rp=239284
18:42:41.755 @T t=115589 s=0.000 lv=-34.5 pk=-30.0 c0=6.8 c1=12.6 kw=12.30 inf=2.55 iv=1.28 n=4 d=0 sk=0 hf=94488 hm=92264 ht=283156 pf=0 pm=0 pt=0 ru=237060 rp=239284
18:42:41.755 @T t=115695 s=0.000 lv=-20.1 pk=-18.2 c0=5.9 c1=9.1 kw=8.51 inf=2.77 iv=1.14 n=3 d=0 sk=0 hf=96240 hm=92264 ht=283156 pf=0 pm=0 pt=0 ru=235308 rp=239284
18:42:41.755 @T t=115781 s=0.000 lv=-36.8 pk=-32.2 c0=4.6 c1=9.6 kw=9.63 inf=2.52 iv=1.22 n=3 d=0 sk=0 hf=96240 hm=92264 ht=283156 pf=0 pm=0 pt=0 ru=235308 rp=239284
18:42:41.755 @T t=115887 s=0.000 lv=-30.4 pk=-28.2 c0=7.3 c1=11.5 kw=11.02 inf=2.74 iv=1.23 n=4 d=0 sk=0 hf=96240 hm=92264 ht=283156 pf=0 pm=0 pt=0 ru=235308 rp=239284
18:42:41.755 @T t=115993 s=0.000 lv=-25.6 pk=-20.0 c0=3.8 c1=8.8 kw=8.61 inf=2.80 iv=1.20 n=3 d=0 sk=0 hf=96240 hm=92264 ht=283156 pf=0 pm=0 pt=0 ru=235308 rp=239284
18:42:41.755 @T t=116099 s=0.000 lv=-25.2 pk=-19.8 c0=3.9 c1=8.9 kw=8.72 inf=2.84 iv=1.22 n=3 d=0 sk=0 hf=96240 hm=92264 ht=283156 pf=0 pm=0 pt=0 ru=235308 rp=239284
18:42:41.755 @T t=116185 s=0.000 lv=-37.7 pk=-35.8 c0=4.8 c1=12.3 kw=12.08 inf=2.42 iv=1.19 n=4 d=0 sk=0 hf=96240 hm=92264 ht=283156 pf=0 pm=0 pt=0 ru=235308 rp=239284
18:42:41.755 @I ww=marvin cut=0.50 win=5 cool=1000 tick=100 wifi=1 srv=1 li=0 ln=0
18:42:41.755 @T t=116296 s=0.000 lv=-35.2 pk=-31.4 c0=11.2 c1=8.5 kw=8.26 inf=2.82 iv=1.22 n=3 d=0 sk=0 hf=96240 hm=92264 ht=283156 pf=0 pm=0 pt=0 ru=235308 rp=239284
18:42:41.755 @T t=116382 s=0.000 lv=-35.7 pk=-33.1 c0=8.1 c1=10.8 kw=10.77 inf=2.85 iv=1.24 n=3 d=0 sk=0 hf=96240 hm=92264 ht=283156 pf=0 pm=0 pt=0 ru=235308 rp=239284
18:42:41.755 @T t=116488 s=0.000 lv=-37.6 pk=-34.6 c0=3.9 c1=10.0 kw=9.60 inf=2.36 iv=1.17 n=4 d=0 sk=0 hf=96240 hm=92264 ht=283156 pf=0 pm=0 pt=0 ru=235308 rp=239284
18:42:41.756 @T t=116594 s=0.000 lv=-31.8 pk=-27.2 c0=6.6 c1=9.0 kw=8.84 inf=2.89 iv=1.26 n=3 d=0 sk=0 hf=96240 hm=92264 ht=283156 pf=0 pm=0 pt=0 ru=235308 rp=239284
18:42:41.756 @T t=116700 s=0.000 lv=-27.2 pk=-25.2 c0=4.3 c1=9.2 kw=8.95 inf=2.92 iv=1.29 n=3 d=0 sk=0 hf=96240 hm=92264 ht=283156 pf=0 pm=0 pt=0 ru=235308 rp=239284
18:42:41.756 @T t=116789 s=0.000 lv=-36.3 pk=-34.3 c0=4.4 c1=12.0 kw=11.76 inf=2.43 iv=1.18 n=4 d=0 sk=0 hf=96240 hm=92264 ht=283156 pf=0 pm=0 pt=0 ru=235308 rp=239284
18:42:41.756 @T t=116895 s=0.000 lv=-31.8 pk=-26.4 c0=4.0 c1=9.0 kw=8.78 inf=2.87 iv=1.25 n=3 d=0 sk=0 hf=96240 hm=92264 ht=283156 pf=0 pm=0 pt=0 ru=235308 rp=239284
18:42:41.756 @T t=116981 s=0.000 lv=-32.6 pk=-28.7 c0=4.2 c1=9.1 kw=9.22 inf=2.41 iv=1.14 n=3 d=0 sk=0 hf=96240 hm=92264 ht=283156 pf=0 pm=0 pt=0 ru=235308 rp=239284
18:42:41.756 @T t=117087 s=0.000 lv=-38.2 pk=-37.3 c0=3.8 c1=11.1 kw=10.69 inf=2.65 iv=1.17 n=4 d=0 sk=0 hf=96240 hm=92264 ht=283156 pf=0 pm=0 pt=0 ru=235308 rp=239284
18:42:41.756 @T t=117193 s=0.000 lv=-38.0 pk=-37.2 c0=3.5 c1=8.5 kw=8.33 inf=2.72 iv=1.13 n=3 d=0 sk=0 hf=96240 hm=92264 ht=283156 pf=0 pm=0 pt=0 ru=235308 rp=239284
18:42:41.756 @I ww=marvin cut=0.50 win=5 cool=1000 tick=100 wifi=1 srv=1 li=0 ln=0
18:42:41.756 @T t=117285 s=0.000 lv=-34.8 pk=-33.6 c0=4.8 c1=9.9 kw=9.71 inf=2.74 iv=1.15 n=3 d=0 sk=0 hf=96240 hm=92264 ht=283156 pf=0 pm=0 pt=0 ru=235308 rp=239284
18:42:41.756 @T t=117391 s=0.000 lv=-38.5 pk=-36.4 c0=3.5 c1=9.5 kw=9.28 inf=2.29 iv=1.10 n=4 d=0 sk=0 hf=96240 hm=92264 ht=283156 pf=0 pm=0 pt=0 ru=235308 rp=239284
18:42:41.756 @T t=117497 s=0.000 lv=-33.7 pk=-30.8 c0=3.5 c1=8.5 kw=8.33 inf=2.71 iv=1.14 n=3 d=0 sk=0 hf=96240 hm=92264 ht=283156 pf=0 pm=0 pt=0 ru=235308 rp=239284
18:42:41.756 @T t=117584 s=0.000 lv=-33.8 pk=-31.5 c0=4.3 c1=10.6 kw=10.36 inf=2.77 iv=1.17 n=3 d=0 sk=0 hf=96240 hm=92264 ht=283156 pf=0 pm=0 pt=0 ru=235308 rp=239284
18:42:41.756 @T t=117690 s=0.000 lv=-33.9 pk=-31.9 c0=7.7 c1=11.2 kw=10.60 inf=2.63 iv=1.35 n=4 d=0 sk=0 hf=96240 hm=92264 ht=283156 pf=0 pm=0 pt=0 ru=235308 rp=239284
18:42:41.756 @T t=117796 s=0.000 lv=-37.5 pk=-35.8 c0=3.8 c1=8.9 kw=8.68 inf=2.83 iv=1.22 n=3 d=0 sk=0 hf=96240 hm=92264 ht=283156 pf=0 pm=0 pt=0 ru=235308 rp=239284
18:42:41.756 @T t=117882 s=0.000 lv=-39.5 pk=-37.8 c0=6.6 c1=10.9 kw=10.96 inf=2.90 iv=1.25 n=3 d=0 sk=0 hf=96240 hm=92264 ht=283156 pf=0 pm=0 pt=0 ru=235308 rp=239284
18:42:41.756 @T t=117988 s=0.000 lv=-37.9 pk=-32.9 c0=3.4 c1=9.7 kw=9.24 inf=2.28 iv=1.11 n=4 d=0 sk=0 hf=96240 hm=92264 ht=283156 pf=0 pm=0 pt=0 ru=235308 rp=239284
18:42:44.250 @T t=118094 s=0.000 lv=-41.0 pk=-39.6 c0=3.5 c1=8.5 kw=8.36 inf=2.72 iv=1.14 n=3 d=0 sk=0 hf=96240 hm=92264 ht=283156 pf=0 pm=0 pt=0 ru=235308 rp=239284
18:42:44.251 @T t=118200 s=0.000 lv=-40.6 pk=-40.0 c0=3.4 c1=8.5 kw=8.29 inf=2.69 iv=1.12 n=3 d=0 sk=0 hf=96240 hm=92264 ht=283156 pf=0 pm=0 pt=0 ru=235308 rp=239284
18:42:44.251 @I ww=marvin cut=0.50 win=5 cool=1000 tick=100 wifi=1 srv=1 li=0 ln=0
18:42:44.252 @T t=118291 s=0.000 lv=-40.3 pk=-39.2 c0=5.0 c1=11.4 kw=11.16 inf=2.36 iv=1.14 n=4 d=0 sk=0 hf=96240 hm=92264 ht=283156 pf=0 pm=0 pt=0 ru=235308 rp=239284
18:42:44.253 @T t=118397 s=0.000 lv=-36.9 pk=-35.2 c0=3.6 c1=8.6 kw=8.41 inf=2.74 iv=1.15 n=3 d=0 sk=0 hf=96240 hm=92264 ht=283156 pf=0 pm=0 pt=0 ru=235308 rp=239284
18:42:44.253 @T t=118483 s=0.000 lv=-33.3 pk=-29.7 c0=4.2 c1=10.7 kw=10.46 inf=2.76 iv=1.16 n=3 d=0 sk=0 hf=96240 hm=92264 ht=283156 pf=0 pm=0 pt=0 ru=235308 rp=239284
18:42:44.253 @T t=118589 s=0.000 lv=-35.5 pk=-33.2 c0=3.5 c1=9.4 kw=9.23 inf=2.27 iv=1.09 n=4 d=0 sk=0 hf=96240 hm=92264 ht=283156 pf=0 pm=0 pt=0 ru=235308 rp=239284
18:42:44.253 @T t=118695 s=0.000 lv=-34.0 pk=-31.7 c0=7.1 c1=8.6 kw=8.44 inf=2.75 iv=1.15 n=3 d=0 sk=0 hf=96240 hm=92264 ht=283156 pf=0 pm=0 pt=0 ru=235308 rp=239284
18:42:44.253 @T t=118781 s=0.000 lv=-31.8 pk=-30.5 c0=4.1 c1=9.1 kw=9.23 inf=2.41 iv=1.13 n=3 d=0 sk=0 hf=96240 hm=92264 ht=283156 pf=0 pm=0 pt=0 ru=235308 rp=239284
18:42:44.253 @T t=118887 s=0.000 lv=-34.9 pk=-32.1 c0=3.6 c1=10.7 kw=10.30 inf=2.56 iv=1.09 n=4 d=0 sk=0 hf=96240 hm=92264 ht=283156 pf=0 pm=0 pt=0 ru=235308 rp=239284
18:42:44.253 @T t=118993 s=0.000 lv=-34.5 pk=-31.3 c0=6.6 c1=8.4 kw=8.27 inf=2.69 iv=1.11 n=3 d=0 sk=0 hf=96240 hm=92264 ht=283156 pf=0 pm=0 pt=0 ru=235308 rp=239284
18:42:44.253 @T t=119100 s=0.000 lv=-30.4 pk=-25.0 c0=3.8 c1=8.5 kw=8.28 inf=2.72 iv=1.12 n=3 d=0 sk=0 hf=96240 hm=92264 ht=283156 pf=0 pm=0 pt=0 ru=235308 rp=239284
18:42:44.254 @T t=119189 s=0.000 lv=-19.5 pk=-18.5 c0=3.9 c1=11.5 kw=11.29 inf=2.33 iv=1.11 n=4 d=0 sk=0 hf=96240 hm=92264 ht=283156 pf=0 pm=0 pt=0 ru=235308 rp=239284
18:42:44.254 @I ww=marvin cut=0.50 win=5 cool=1000 tick=100 wifi=1 srv=1 li=0 ln=0
18:42:44.254 @T t=119281 s=0.000 lv=-24.8 pk=-22.5 c0=4.8 c1=7.3 kw=7.36 inf=3.04 iv=1.15 n=2 d=0 sk=0 hf=96240 hm=92264 ht=283156 pf=0 pm=0 pt=0 ru=235308 rp=239284
18:42:44.254 @T t=119389 s=0.000 lv=-35.8 pk=-32.7 c0=3.3 c1=10.8 kw=10.41 inf=2.64 iv=1.22 n=4 d=0 sk=0 hf=96240 hm=92264 ht=283156 pf=0 pm=0 pt=0 ru=235308 rp=239284
18:42:44.254 @T t=119495 s=0.000 lv=-21.9 pk=-20.3 c0=3.5 c1=9.4 kw=9.23 inf=2.27 iv=1.08 n=4 d=0 sk=0 hf=96240 hm=92264 ht=283156 pf=0 pm=0 pt=0 ru=235308 rp=239284
18:42:44.254 @T t=119581 s=0.000 lv=-37.2 pk=-35.0 c0=4.2 c1=8.1 kw=8.20 inf=3.18 iv=1.24 n=2 d=0 sk=0 hf=96240 hm=92264 ht=283156 pf=0 pm=0 pt=0 ru=235308 rp=239284
18:42:44.254 @T t=119687 s=0.000 lv=-34.4 pk=-31.0 c0=5.9 c1=11.5 kw=11.03 inf=2.74 iv=1.27 n=4 d=0 sk=0 hf=94488 hm=92264 ht=283156 pf=0 pm=0 pt=0 ru=237060 rp=239284
18:42:44.254 @T t=119793 s=0.000 lv=-31.1 pk=-28.4 c0=5.6 c1=10.4 kw=9.89 inf=2.44 iv=1.22 n=4 d=0 sk=0 hf=96240 hm=92264 ht=283156 pf=0 pm=0 pt=0 ru=235308 rp=239284
18:42:44.254 @T t=119899 s=0.000 lv=-31.7 pk=-30.3 c0=7.0 c1=9.0 kw=8.82 inf=2.88 iv=1.26 n=3 d=0 sk=0 hf=96240 hm=92264 ht=283156 pf=0 pm=0 pt=0 ru=235308 rp=239284
18:42:44.254 @T t=119985 s=0.000 lv=-32.5 pk=-29.3 c0=4.3 c1=10.6 kw=10.41 inf=2.75 iv=1.17 n=3 d=0 sk=0 hf=96240 hm=92264 ht=283156 pf=0 pm=0 pt=0 ru=235308 rp=239284
18:42:44.254 @T t=120091 s=0.000 lv=-26.4 pk=-23.3 c0=3.5 c1=9.5 kw=9.30 inf=2.29 iv=1.10 n=4 d=0 sk=0 hf=96240 hm=92264 ht=283156 pf=0 pm=0 pt=0 ru=235308 rp=239284
18:42:44.254 @T t=120197 s=0.000 lv=-41.1 pk=-40.3 c0=3.7 c1=8.8 kw=8.59 inf=2.80 iv=1.20 n=3 d=0 sk=0 hf=96240 hm=92264 ht=283156 pf=0 pm=0 pt=0 ru=235308 rp=239284
18:42:44.254 @I ww=marvin cut=0.50 win=5 cool=1000 tick=100 wifi=1 srv=1 li=0 ln=0
18:42:44.254 @T t=120288 s=0.000 lv=-42.2 pk=-40.7 c0=13.2 c1=10.3 kw=10.06 inf=2.81 iv=1.20 n=3 d=0 sk=0 hf=96240 hm=92264 ht=283156 pf=0 pm=0 pt=0 ru=235308 rp=239284
18:42:44.255 @T t=120394 s=0.000 lv=-41.0 pk=-39.9 c0=3.6 c1=9.5 kw=9.34 inf=2.30 iv=1.11 n=4 d=0 sk=0 hf=96240 hm=92264 ht=283156 pf=0 pm=0 pt=0 ru=235308 rp=239284
18:42:44.255 @T t=120500 s=0.000 lv=-39.1 pk=-37.2 c0=3.4 c1=8.5 kw=8.33 inf=2.71 iv=1.14 n=3 d=0 sk=0 hf=96240 hm=92264 ht=283156 pf=0 pm=0 pt=0 ru=235308 rp=239284
18:42:46.644 @T t=120586 s=0.000 lv=-38.5 pk=-36.7 c0=4.4 c1=10.8 kw=10.58 inf=2.79 iv=1.16 n=3 d=0 sk=0 hf=96240 hm=92264 ht=283156 pf=0 pm=0 pt=0 ru=235308 rp=239284
18:42:46.645 @T t=120692 s=0.000 lv=-39.8 pk=-38.3 c0=3.4 c1=9.4 kw=9.23 inf=2.27 iv=1.09 n=4 d=0 sk=0 hf=96240 hm=92264 ht=283156 pf=0 pm=0 pt=0 ru=235308 rp=239284
18:42:46.645 @T t=120798 s=0.000 lv=-40.9 pk=-38.9 c0=3.9 c1=8.6 kw=8.39 inf=2.73 iv=1.14 n=3 d=0 sk=0 hf=96240 hm=92264 ht=283156 pf=0 pm=0 pt=0 ru=235308 rp=239284
18:42:46.645 @T t=120884 s=0.000 lv=-39.3 pk=-38.2 c0=4.5 c1=10.7 kw=10.53 inf=2.78 iv=1.17 n=3 d=0 sk=0 hf=96240 hm=92264 ht=283156 pf=0 pm=0 pt=0 ru=235308 rp=239284
18:42:46.645 @T t=120990 s=0.000 lv=-40.5 pk=-38.3 c0=3.4 c1=9.4 kw=9.24 inf=2.28 iv=1.09 n=4 d=0 sk=0 hf=96240 hm=92264 ht=283156 pf=0 pm=0 pt=0 ru=235308 rp=239284
18:42:46.645 @T t=121096 s=0.000 lv=-40.1 pk=-38.4 c0=4.6 c1=8.7 kw=8.55 inf=2.79 iv=1.18 n=3 d=0 sk=0 hf=96240 hm=92264 ht=283156 pf=0 pm=0 pt=0 ru=235308 rp=239284
18:42:46.645 @T t=121182 s=0.000 lv=-25.1 pk=-23.0 c0=4.3 c1=10.5 kw=10.53 inf=2.79 iv=1.17 n=3 d=0 sk=0 hf=96240 hm=92264 ht=283156 pf=0 pm=0 pt=0 ru=235308 rp=239284
18:42:46.645 @I ww=marvin cut=0.50 win=5 cool=1000 tick=100 wifi=1 srv=1 li=0 ln=0
18:42:46.645 [status] up 121s | mic -30.6 dBFS (peak -18.2) | score max 0.00 | detections 0 | inferences 333 (33.3/s; model 1.17 ms each, paused in quiet 0%; features 1.45 ms per 30 ms) | CPU core0  4.8% core1  9.7% (wake word pipeline 9.43% of one core) | RAM used 229 KB (peak 233 KB, 93 KB free) | wifi OK, server OK | audio lost since boot: i2s 0 net 0
18:42:46.645 @T t=121295 s=0.000 lv=-33.2 pk=-28.6 c0=8.4 c1=9.8 kw=9.43 inf=2.48 iv=1.23 n=4 d=0 sk=0 hf=96240 hm=92264 ht=283156 pf=0 pm=0 pt=0 ru=235308 rp=239284
18:42:46.645 @T t=121381 s=0.000 lv=-35.4 pk=-33.6 c0=4.4 c1=8.0 kw=8.12 inf=3.14 iv=1.22 n=2 d=0 sk=0 hf=96240 hm=92264 ht=283156 pf=0 pm=0 pt=0 ru=235308 rp=239284
18:42:46.645 @T t=121489 s=0.000 lv=-34.9 pk=-31.7 c0=3.4 c1=10.9 kw=10.51 inf=2.66 iv=1.24 n=4 d=0 sk=0 hf=96240 hm=92264 ht=283156 pf=0 pm=0 pt=0 ru=235308 rp=239284
18:42:46.645 @T t=121595 s=0.000 lv=-37.4 pk=-35.3 c0=6.7 c1=9.5 kw=9.30 inf=2.29 iv=1.11 n=4 d=0 sk=0 hf=96240 hm=92264 ht=283156 pf=0 pm=0 pt=0 ru=235308 rp=239284
18:42:46.645 @T t=121681 s=0.000 lv=-28.9 pk=-26.8 c0=4.2 c1=7.9 kw=7.97 inf=3.08 iv=1.18 n=2 d=0 sk=0 hf=96240 hm=92264 ht=283156 pf=0 pm=0 pt=0 ru=235308 rp=239284
18:42:46.645 @T t=121790 s=0.000 lv=-35.9 pk=-30.7 c0=7.3 c1=12.4 kw=11.57 inf=2.96 iv=1.43 n=4 d=0 sk=0 hf=96240 hm=92264 ht=283156 pf=0 pm=0 pt=0 ru=235308 rp=239284
18:42:46.645 @T t=121896 s=0.000 lv=-27.6 pk=-21.8 c0=4.8 c1=10.1 kw=9.88 inf=2.44 iv=1.21 n=4 d=0 sk=0 hf=96240 hm=92264 ht=283156 pf=0 pm=0 pt=0 ru=235308 rp=239284
18:42:46.645 @T t=121982 s=0.000 lv=-25.2 pk=-22.6 c0=4.3 c1=9.1 kw=7.99 inf=3.09 iv=1.18 n=2 d=0 sk=0 hf=96240 hm=92264 ht=283156 pf=0 pm=0 pt=0 ru=235308 rp=239284
18:42:46.645 @T t=122088 s=0.000 lv=-36.2 pk=-31.3 c0=3.4 c1=9.8 kw=10.36 inf=2.57 iv=1.09 n=4 d=0 sk=0 hf=96240 hm=92264 ht=283156 pf=0 pm=0 pt=0 ru=235308 rp=239284
18:42:46.645 @T t=122194 s=0.000 lv=-38.3 pk=-36.6 c0=3.4 c1=9.4 kw=9.26 inf=2.28 iv=1.09 n=4 d=0 sk=0 hf=96240 hm=92264 ht=283156 pf=0 pm=0 pt=0 ru=235308 rp=239284
18:42:46.645 @I ww=marvin cut=0.50 win=5 cool=1000 tick=100 wifi=1 srv=1 li=0 ln=0
18:42:46.645 @T t=122286 s=0.000 lv=-29.6 pk=-27.5 c0=4.9 c1=9.8 kw=9.62 inf=2.72 iv=1.12 n=3 d=0 sk=0 hf=96240 hm=92264 ht=283156 pf=0 pm=0 pt=0 ru=235308 rp=239284
18:42:46.645 @T t=122392 s=0.000 lv=-40.1 pk=-38.6 c0=3.8 c1=8.5 kw=8.37 inf=2.72 iv=1.12 n=3 d=0 sk=0 hf=96240 hm=92264 ht=283156 pf=0 pm=0 pt=0 ru=235308 rp=239284
18:42:46.645 @T t=122497 s=0.000 lv=-23.3 pk=-20.2 c0=5.9 c1=9.6 kw=9.46 inf=2.31 iv=1.11 n=4 d=0 sk=0 hf=96240 hm=92264 ht=283156 pf=0 pm=0 pt=0 ru=235308 rp=239284
18:42:46.645 @T t=122583 s=0.000 lv=-26.5 pk=-21.5 c0=8.2 c1=10.2 kw=10.32 inf=2.73 iv=1.14 n=3 d=0 sk=0 hf=96240 hm=92264 ht=283156 pf=0 pm=0 pt=0 ru=235308 rp=239284
18:42:46.645 @T t=122689 s=0.000 lv=-34.5 pk=-31.5 c0=3.5 c1=8.7 kw=8.24 inf=2.68 iv=1.11 n=3 d=0 sk=0 hf=96240 hm=92264 ht=283156 pf=0 pm=0 pt=0 ru=235308 rp=239284
18:42:46.645 @T t=122795 s=0.000 lv=-37.0 pk=-33.3 c0=3.9 c1=9.6 kw=9.45 inf=2.33 iv=1.14 n=4 d=0 sk=0 hf=96240 hm=92264 ht=283156 pf=0 pm=0 pt=0 ru=235308 rp=239284
18:42:46.645 @T t=122881 s=0.000 lv=-35.5 pk=-33.1 c0=4.3 c1=8.0 kw=8.08 inf=3.13 iv=1.19 n=2 d=0 sk=0 hf=96240 hm=92264 ht=283156 pf=0 pm=0 pt=0 ru=235308 rp=239284
18:42:49.142 @T t=122989 s=0.000 lv=-31.0 pk=-27.6 c0=3.8 c1=10.8 kw=10.39 inf=2.63 iv=1.21 n=4 d=0 sk=0 hf=96240 hm=92264 ht=283156 pf=0 pm=0 pt=0 ru=235308 rp=239284
18:42:49.142 @T t=123095 s=0.000 lv=-37.7 pk=-36.9 c0=3.5 c1=9.4 kw=9.19 inf=2.26 iv=1.08 n=4 d=0 sk=0 hf=96240 hm=92264 ht=283156 pf=0 pm=0 pt=0 ru=235308 rp=239284
18:42:49.142 @T t=123181 s=0.000 lv=-39.5 pk=-36.5 c0=4.0 c1=7.9 kw=8.00 inf=3.10 iv=1.18 n=2 d=0 sk=0 hf=96240 hm=92264 ht=283156 pf=0 pm=0 pt=0 ru=235308 rp=239284
18:42:49.142 @I ww=marvin cut=0.50 win=5 cool=1000 tick=100 wifi=1 srv=1 li=0 ln=0
18:42:49.142 @T t=123296 s=0.000 lv=-35.4 pk=-33.5 c0=13.2 c1=10.1 kw=9.74 inf=2.63 iv=1.19 n=4 d=0 sk=0 hf=96240 hm=92264 ht=283156 pf=0 pm=0 pt=0 ru=235308 rp=239284
18:42:49.142 @T t=123383 s=0.000 lv=-39.7 pk=-37.8 c0=4.3 c1=11.5 kw=11.46 inf=2.32 iv=1.12 n=4 d=0 sk=0 hf=96240 hm=92264 ht=283156 pf=0 pm=0 pt=0 ru=235308 rp=239284
18:42:49.143 @T t=123489 s=0.000 lv=-32.6 pk=-30.7 c0=3.5 c1=8.5 kw=8.24 inf=2.68 iv=1.11 n=3 d=0 sk=0 hf=96240 hm=92264 ht=283156 pf=0 pm=0 pt=0 ru=235308 rp=239284
18:42:49.143 @T t=123595 s=0.000 lv=-29.3 pk=-28.0 c0=3.8 c1=8.8 kw=8.58 inf=2.80 iv=1.20 n=3 d=0 sk=0 hf=96240 hm=92264 ht=283156 pf=0 pm=0 pt=0 ru=235308 rp=239284
18:42:49.143 @T t=123681 s=0.000 lv=-30.7 pk=-28.3 c0=7.5 c1=9.2 kw=9.26 inf=2.41 iv=1.13 n=3 d=0 sk=0 hf=96240 hm=92264 ht=283156 pf=0 pm=0 pt=0 ru=235308 rp=239284
18:42:49.143 @T t=123789 s=0.000 lv=-19.7 pk=-17.6 c0=5.3 c1=11.3 kw=10.86 inf=2.75 iv=1.25 n=4 d=0 sk=0 hf=94488 hm=92264 ht=283156 pf=0 pm=0 pt=0 ru=237060 rp=239284
18:42:49.143 @T t=123896 s=0.000 lv=-27.7 pk=-22.4 c0=6.1 c1=9.4 kw=8.82 inf=2.90 iv=1.28 n=3 d=0 sk=0 hf=96240 hm=92264 ht=283156 pf=0 pm=0 pt=0 ru=235308 rp=239284
18:42:49.143 @T t=123982 s=0.000 lv=-35.5 pk=-34.0 c0=7.6 c1=10.4 kw=9.33 inf=2.44 iv=1.16 n=3 d=0 sk=0 hf=96240 hm=92264 ht=283156 pf=0 pm=0 pt=0 ru=235308 rp=239284
18:42:49.143 @T t=124088 s=0.000 lv=-33.8 pk=-30.5 c0=3.5 c1=9.8 kw=10.34 inf=2.57 iv=1.16 n=4 d=0 sk=0 hf=96240 hm=92264 ht=283156 pf=0 pm=0 pt=0 ru=235308 rp=239284
18:42:49.143 @T t=124194 s=0.000 lv=-33.9 pk=-32.4 c0=3.4 c1=8.4 kw=8.26 inf=2.69 iv=1.12 n=3 d=0 sk=0 hf=96240 hm=92264 ht=283156 pf=0 pm=0 pt=0 ru=235308 rp=239284
18:42:49.143 @I ww=marvin cut=0.50 win=5 cool=1000 tick=100 wifi=1 srv=1 li=0 ln=0
18:42:49.143 @T t=124286 s=0.000 lv=-34.8 pk=-33.4 c0=4.9 c1=11.0 kw=10.74 inf=2.30 iv=1.10 n=4 d=0 sk=0 hf=96240 hm=92264 ht=283156 pf=0 pm=0 pt=0 ru=235308 rp=239284
18:42:49.143 @T t=124392 s=0.000 lv=-27.3 pk=-25.8 c0=3.5 c1=8.5 kw=8.33 inf=2.71 iv=1.13 n=3 d=0 sk=0 hf=96240 hm=92264 ht=283156 pf=0 pm=0 pt=0 ru=235308 rp=239284
18:42:49.143 @T t=124498 s=0.000 lv=-35.8 pk=-33.2 c0=3.4 c1=8.5 kw=8.33 inf=2.71 iv=1.14 n=3 d=0 sk=0 hf=96240 hm=92264 ht=283156 pf=0 pm=0 pt=0 ru=235308 rp=239284
18:42:49.143 @T t=124584 s=0.000 lv=-35.5 pk=-31.2 c0=4.4 c1=11.9 kw=11.71 inf=2.34 iv=1.14 n=4 d=0 sk=0 hf=96240 hm=92264 ht=283156 pf=0 pm=0 pt=0 ru=235308 rp=239284
18:42:49.143 @T t=124690 s=0.000 lv=-39.3 pk=-35.2 c0=3.8 c1=8.9 kw=8.65 inf=2.82 iv=1.22 n=3 d=0 sk=0 hf=96240 hm=92264 ht=283156 pf=0 pm=0 pt=0 ru=235308 rp=239284
18:42:49.143 @T t=124796 s=0.000 lv=-41.4 pk=-40.6 c0=3.4 c1=8.5 kw=8.33 inf=2.71 iv=1.13 n=3 d=0 sk=0 hf=96240 hm=92264 ht=283156 pf=0 pm=0 pt=0 ru=235308 rp=239284
18:42:49.143 @T t=124883 s=0.000 lv=-41.1 pk=-40.4 c0=5.1 c1=11.9 kw=11.96 inf=2.42 iv=1.20 n=4 d=0 sk=0 hf=96240 hm=92264 ht=283156 pf=0 pm=0 pt=0 ru=235308 rp=239284
18:42:49.143 @T t=124989 s=0.000 lv=-40.1 pk=-39.1 c0=3.4 c1=8.8 kw=8.34 inf=2.72 iv=1.13 n=3 d=0 sk=0 hf=96240 hm=92264 ht=283156 pf=0 pm=0 pt=0 ru=235308 rp=239284
18:42:49.143 @T t=125095 s=0.000 lv=-41.4 pk=-40.2 c0=3.5 c1=8.5 kw=8.33 inf=2.71 iv=1.13 n=3 d=0 sk=0 hf=96240 hm=92264 ht=283156 pf=0 pm=0 pt=0 ru=235308 rp=239284
18:42:49.143 @T t=125181 s=0.000 lv=-33.5 pk=-31.5 c0=4.2 c1=9.3 kw=9.34 inf=2.44 iv=1.15 n=3 d=0 sk=0 hf=96240 hm=92264 ht=283156 pf=0 pm=0 pt=0 ru=235308 rp=239284
18:42:49.143 @I ww=marvin cut=0.50 win=5 cool=1000 tick=100 wifi=1 srv=1 li=0 ln=0
18:42:49.143 @T t=125295 s=0.000 lv=-30.8 pk=-28.5 c0=3.8 c1=10.3 kw=9.91 inf=2.65 iv=1.18 n=4 d=0 sk=0 hf=96240 hm=92264 ht=283156 pf=0 pm=0 pt=0 ru=235308 rp=239284
18:42:49.143 @T t=125381 s=0.000 lv=-35.0 pk=-30.5 c0=4.4 c1=9.3 kw=9.40 inf=2.46 iv=1.17 n=3 d=0 sk=0 hf=96240 hm=92264 ht=283156 pf=0 pm=0 pt=0 ru=235308 rp=239284
18:42:51.655 @T t=125487 s=0.000 lv=-29.3 pk=-25.9 c0=6.7 c1=10.7 kw=10.32 inf=2.56 iv=1.09 n=4 d=0 sk=0 hf=96240 hm=92264 ht=283156 pf=0 pm=0 pt=0 ru=235308 rp=239284
18:42:51.655 @T t=125593 s=0.000 lv=-31.5 pk=-26.9 c0=3.5 c1=8.6 kw=8.39 inf=2.73 iv=1.15 n=3 d=0 sk=0 hf=96240 hm=92264 ht=283156 pf=0 pm=0 pt=0 ru=235308 rp=239284
18:42:51.656 @T t=125699 s=0.000 lv=-26.6 pk=-24.6 c0=3.4 c1=8.6 kw=8.38 inf=2.73 iv=1.14 n=3 d=0 sk=0 hf=96240 hm=92264 ht=283156 pf=0 pm=0 pt=0 ru=235308 rp=239284
18:42:51.656 @T t=125785 s=0.000 lv=-38.2 pk=-33.8 c0=8.6 c1=12.3 kw=12.07 inf=2.41 iv=1.20 n=4 d=0 sk=0 hf=96240 hm=92264 ht=283156 pf=0 pm=0 pt=0 ru=235308 rp=239284
18:42:51.656 @T t=125891 s=0.000 lv=-34.9 pk=-32.1 c0=11.1 c1=9.8 kw=9.59 inf=3.01 iv=1.33 n=3 d=0 sk=0 hf=96240 hm=92264 ht=283156 pf=0 pm=0 pt=0 ru=235308 rp=239284
18:42:51.656 @T t=125997 s=0.000 lv=-36.3 pk=-34.7 c0=3.5 c1=8.5 kw=8.35 inf=2.72 iv=1.14 n=3 d=0 sk=0 hf=96240 hm=92264 ht=283156 pf=0 pm=0 pt=0 ru=235308 rp=239284
18:42:51.656 @T t=126083 s=0.000 lv=-34.3 pk=-32.5 c0=5.1 c1=11.7 kw=12.11 inf=2.42 iv=1.21 n=4 d=0 sk=0 hf=96240 hm=92264 ht=283156 pf=0 pm=0 pt=0 ru=235308 rp=239284
18:42:51.656 @T t=126189 s=0.000 lv=-32.9 pk=-30.2 c0=3.5 c1=9.0 kw=8.31 inf=2.70 iv=1.13 n=3 d=0 sk=0 hf=96240 hm=92264 ht=283156 pf=0 pm=0 pt=0 ru=235308 rp=239284
18:42:51.656 @I ww=marvin cut=0.50 win=5 cool=1000 tick=100 wifi=1 srv=1 li=0 ln=0
18:42:51.656 @T t=126281 s=0.000 lv=-31.9 pk=-30.3 c0=4.8 c1=8.4 kw=8.53 inf=2.38 iv=1.11 n=3 d=0 sk=0 hf=96240 hm=92264 ht=283156 pf=0 pm=0 pt=0 ru=235308 rp=239284
18:42:51.656 @T t=126387 s=0.000 lv=-32.7 pk=-29.6 c0=3.5 c1=10.8 kw=10.41 inf=2.58 iv=1.11 n=4 d=0 sk=0 hf=96240 hm=92264 ht=283156 pf=0 pm=0 pt=0 ru=235308 rp=239284
18:42:51.656 @T t=126494 s=0.000 lv=-35.2 pk=-31.3 c0=3.5 c1=8.4 kw=8.24 inf=2.71 iv=1.13 n=3 d=0 sk=0 hf=96240 hm=92264 ht=283156 pf=0 pm=0 pt=0 ru=235308 rp=239284
18:42:51.656 @T t=126600 s=0.000 lv=-33.2 pk=-29.7 c0=3.5 c1=8.5 kw=8.33 inf=2.71 iv=1.12 n=3 d=0 sk=0 hf=96240 hm=92264 ht=283156 pf=0 pm=0 pt=0 ru=235308 rp=239284
18:42:51.656 @T t=126686 s=0.000 lv=-38.3 pk=-35.4 c0=4.3 c1=11.9 kw=11.72 inf=2.34 iv=1.12 n=4 d=0 sk=0 hf=96240 hm=92264 ht=283156 pf=0 pm=0 pt=0 ru=235308 rp=239284
18:42:51.656 @T t=126792 s=0.000 lv=-32.5 pk=-31.1 c0=3.4 c1=8.5 kw=8.29 inf=2.70 iv=1.13 n=3 d=0 sk=0 hf=96240 hm=92264 ht=283156 pf=0 pm=0 pt=0 ru=235308 rp=239284
18:42:51.656 @T t=126898 s=0.000 lv=-33.0 pk=-30.0 c0=4.4 c1=8.6 kw=8.42 inf=2.74 iv=1.13 n=3 d=0 sk=0 hf=96240 hm=92264 ht=283156 pf=0 pm=0 pt=0 ru=235308 rp=239284
18:42:51.656 @T t=126984 s=0.000 lv=-41.3 pk=-39.8 c0=4.3 c1=11.9 kw=11.68 inf=2.33 iv=1.14 n=4 d=0 sk=0 hf=96240 hm=92264 ht=283156 pf=0 pm=0 pt=0 ru=235308 rp=239284
18:42:51.657 @T t=127090 s=0.000 lv=-40.0 pk=-37.6 c0=6.7 c1=8.5 kw=8.35 inf=2.72 iv=1.12 n=3 d=0 sk=0 hf=96240 hm=92264 ht=283156 pf=0 pm=0 pt=0 ru=235308 rp=239284
18:42:51.657 @T t=127196 s=0.000 lv=-39.3 pk=-36.5 c0=3.4 c1=8.5 kw=8.28 inf=2.70 iv=1.12 n=3 d=0 sk=0 hf=96240 hm=92264 ht=283156 pf=0 pm=0 pt=0 ru=235308 rp=239284
18:42:51.657 @I ww=marvin cut=0.50 win=5 cool=1000 tick=100 wifi=1 srv=1 li=0 ln=0
18:42:51.657 @T t=127288 s=0.000 lv=-40.9 pk=-40.4 c0=5.0 c1=11.2 kw=11.00 inf=2.35 iv=1.15 n=4 d=0 sk=0 hf=96240 hm=92264 ht=283156 pf=0 pm=0 pt=0 ru=235308 rp=239284
18:42:51.657 @T t=127394 s=0.000 lv=-42.2 pk=-41.0 c0=3.6 c1=8.5 kw=8.32 inf=2.71 iv=1.12 n=3 d=0 sk=0 hf=96240 hm=92264 ht=283156 pf=0 pm=0 pt=0 ru=235308 rp=239284
18:42:51.657 @T t=127500 s=0.000 lv=-40.9 pk=-39.4 c0=6.6 c1=8.5 kw=8.30 inf=2.70 iv=1.13 n=3 d=0 sk=0 hf=96240 hm=92264 ht=283156 pf=0 pm=0 pt=0 ru=235308 rp=239284
18:42:51.657 @T t=127586 s=0.000 lv=-40.0 pk=-39.1 c0=4.2 c1=11.9 kw=11.67 inf=2.33 iv=1.11 n=4 d=0 sk=0 hf=96240 hm=92264 ht=283156 pf=0 pm=0 pt=0 ru=235308 rp=239284
18:42:51.657 @T t=127692 s=0.000 lv=-39.8 pk=-39.0 c0=3.4 c1=8.4 kw=8.21 inf=2.67 iv=1.10 n=3 d=0 sk=0 hf=96240 hm=92264 ht=283156 pf=0 pm=0 pt=0 ru=235308 rp=239284
18:42:51.657 @T t=127798 s=0.000 lv=-40.5 pk=-38.9 c0=3.6 c1=8.5 kw=8.32 inf=2.71 iv=1.12 n=3 d=0 sk=0 hf=96240 hm=92264 ht=283156 pf=0 pm=0 pt=0 ru=235308 rp=239284
18:42:51.657 @T t=127885 s=0.000 lv=-39.3 pk=-38.4 c0=7.0 c1=12.5 kw=12.16 inf=2.46 iv=1.22 n=4 d=0 sk=0 hf=94488 hm=92264 ht=283156 pf=0 pm=0 pt=0 ru=237060 rp=239284
18:42:54.240 @T t=127991 s=0.000 lv=-35.0 pk=-32.0 c0=5.4 c1=9.0 kw=8.49 inf=2.76 iv=1.14 n=3 d=0 sk=0 hf=96240 hm=92264 ht=283156 pf=0 pm=0 pt=0 ru=235308 rp=239284
18:42:54.241 @T t=128097 s=0.000 lv=-36.4 pk=-34.7 c0=4.7 c1=8.9 kw=8.72 inf=2.84 iv=1.22 n=3 d=0 sk=0 hf=96044 hm=92264 ht=283156 pf=0 pm=0 pt=0 ru=235504 rp=239284
18:42:54.241 @T t=128183 s=0.000 lv=-36.6 pk=-34.7 c0=5.0 c1=12.0 kw=12.02 inf=2.41 iv=1.18 n=4 d=0 sk=0 hf=96240 hm=92264 ht=283156 pf=0 pm=0 pt=0 ru=235308 rp=239284
18:42:54.241 @I ww=marvin cut=0.50 win=5 cool=1000 tick=100 wifi=1 srv=1 li=0 ln=0
18:42:54.241 @T t=128295 s=0.000 lv=-36.4 pk=-35.6 c0=11.3 c1=8.1 kw=7.84 inf=2.70 iv=1.12 n=3 d=0 sk=0 hf=96240 hm=92264 ht=283156 pf=0 pm=0 pt=0 ru=235308 rp=239284
18:42:54.241 @T t=128381 s=0.000 lv=-33.8 pk=-32.3 c0=4.3 c1=9.2 kw=9.28 inf=2.43 iv=1.15 n=3 d=0 sk=0 hf=96240 hm=92264 ht=283156 pf=0 pm=0 pt=0 ru=235308 rp=239284
18:42:54.241 @T t=128487 s=0.000 lv=-37.6 pk=-36.0 c0=7.1 c1=11.1 kw=10.68 inf=2.65 iv=1.15 n=4 d=0 sk=0 hf=96240 hm=92264 ht=283156 pf=0 pm=0 pt=0 ru=235308 rp=239284
18:42:54.241 @T t=128593 s=0.000 lv=-30.7 pk=-27.2 c0=3.5 c1=8.5 kw=8.35 inf=2.72 iv=1.14 n=3 d=0 sk=0 hf=96240 hm=92264 ht=283156 pf=0 pm=0 pt=0 ru=235308 rp=239284
18:42:54.241 @T t=128699 s=0.000 lv=-35.9 pk=-33.5 c0=3.4 c1=8.5 kw=8.31 inf=2.70 iv=1.13 n=3 d=0 sk=0 hf=96240 hm=92264 ht=283156 pf=0 pm=0 pt=0 ru=235308 rp=239284
18:42:54.241 @T t=128785 s=0.000 lv=-35.5 pk=-34.2 c0=4.3 c1=11.8 kw=11.59 inf=2.31 iv=1.12 n=4 d=0 sk=0 hf=96240 hm=92264 ht=283156 pf=0 pm=0 pt=0 ru=235308 rp=239284
18:42:54.242 @T t=128891 s=0.000 lv=-37.2 pk=-33.8 c0=3.6 c1=8.6 kw=8.44 inf=2.75 iv=1.16 n=3 d=0 sk=0 hf=96240 hm=92264 ht=283156 pf=0 pm=0 pt=0 ru=235308 rp=239284
18:42:54.242 @T t=128997 s=0.000 lv=-34.4 pk=-29.3 c0=3.9 c1=8.7 kw=8.52 inf=2.78 iv=1.18 n=3 d=0 sk=0 hf=96240 hm=92264 ht=283156 pf=0 pm=0 pt=0 ru=235308 rp=239284
18:42:54.242 @T t=129083 s=0.000 lv=-24.8 pk=-23.0 c0=4.4 c1=11.7 kw=11.73 inf=2.34 iv=1.14 n=4 d=0 sk=0 hf=96240 hm=92264 ht=283156 pf=0 pm=0 pt=0 ru=235308 rp=239284
18:42:54.242 @T t=129189 s=0.000 lv=-27.3 pk=-25.8 c0=3.4 c1=8.7 kw=8.29 inf=2.70 iv=1.13 n=3 d=0 sk=0 hf=96240 hm=92264 ht=283156 pf=0 pm=0 pt=0 ru=235308 rp=239284
18:42:54.242 @I ww=marvin cut=0.50 win=5 cool=1000 tick=100 wifi=1 srv=1 li=0 ln=0
18:42:54.242 @T t=129281 s=0.000 lv=-30.8 pk=-28.3 c0=4.8 c1=8.6 kw=8.62 inf=2.41 iv=1.13 n=3 d=0 sk=0 hf=96240 hm=92264 ht=283156 pf=0 pm=0 pt=0 ru=235308 rp=239284
18:42:54.242 @T t=129387 s=0.000 lv=-33.6 pk=-31.1 c0=3.5 c1=10.8 kw=10.36 inf=2.57 iv=1.10 n=4 d=0 sk=0 hf=96240 hm=92264 ht=283156 pf=0 pm=0 pt=0 ru=235308 rp=239284
18:42:54.242 @T t=129494 s=0.000 lv=-32.0 pk=-26.1 c0=3.5 c1=8.4 kw=8.25 inf=2.71 iv=1.13 n=3 d=0 sk=0 hf=96240 hm=92264 ht=283156 pf=0 pm=0 pt=0 ru=235308 rp=239284
18:42:54.242 @T t=129600 s=0.000 lv=-23.7 pk=-22.1 c0=3.5 c1=8.5 kw=8.38 inf=2.73 iv=1.14 n=3 d=0 sk=0 hf=96240 hm=92264 ht=283156 pf=0 pm=0 pt=0 ru=235308 rp=239284
18:42:54.242 @T t=129686 s=0.000 lv=-32.5 pk=-28.4 c0=4.3 c1=11.9 kw=11.69 inf=2.33 iv=1.12 n=4 d=0 sk=0 hf=96240 hm=92264 ht=283156 pf=0 pm=0 pt=0 ru=235308 rp=239284
18:42:54.242 @T t=129792 s=0.000 lv=-39.7 pk=-39.2 c0=3.8 c1=8.8 kw=8.63 inf=2.81 iv=1.21 n=3 d=0 sk=0 hf=96240 hm=92264 ht=283156 pf=0 pm=0 pt=0 ru=235308 rp=239284
18:42:54.242 @T t=129898 s=0.000 lv=-26.2 pk=-23.6 c0=3.6 c1=8.7 kw=8.51 inf=2.77 iv=1.17 n=3 d=0 sk=0 hf=96240 hm=92264 ht=283156 pf=0 pm=0 pt=0 ru=235308 rp=239284
18:42:54.243 @T t=129984 s=0.000 lv=-27.4 pk=-23.6 c0=8.9 c1=13.8 kw=12.99 inf=2.61 iv=1.35 n=4 d=0 sk=0 hf=96240 hm=92264 ht=283156 pf=0 pm=0 pt=0 ru=235308 rp=239284
18:42:54.243 @T t=130090 s=0.000 lv=-37.1 pk=-35.6 c0=7.3 c1=8.9 kw=8.71 inf=2.84 iv=1.24 n=3 d=0 sk=0 hf=96240 hm=92264 ht=283156 pf=0 pm=0 pt=0 ru=235308 rp=239284
18:42:54.243 @T t=130196 s=0.000 lv=-36.3 pk=-33.3 c0=3.8 c1=8.8 kw=8.67 inf=2.82 iv=1.20 n=3 d=0 sk=0 hf=96240 hm=92264 ht=283156 pf=0 pm=0 pt=0 ru=235308 rp=239284
18:42:54.243 @I ww=marvin cut=0.50 win=5 cool=1000 tick=100 wifi=1 srv=1 li=0 ln=0
18:42:54.243 @T t=130287 s=0.000 lv=-41.5 pk=-40.5 c0=5.0 c1=11.3 kw=11.05 inf=2.34 iv=1.14 n=4 d=0 sk=0 hf=96240 hm=92264 ht=283156 pf=0 pm=0 pt=0 ru=235308 rp=239284
18:42:54.243 @T t=130393 s=0.000 lv=-42.1 pk=-41.2 c0=3.5 c1=8.6 kw=8.39 inf=2.73 iv=1.15 n=3 d=0 sk=0 hf=96240 hm=92264 ht=283156 pf=0 pm=0 pt=0 ru=235308 rp=239284
18:42:54.243 @T t=130499 s=0.000 lv=-41.5 pk=-40.8 c0=3.5 c1=8.5 kw=8.36 inf=2.72 iv=1.14 n=3 d=0 sk=0 hf=96240 hm=92264 ht=283156 pf=0 pm=0 pt=0 ru=235308 rp=239284
18:42:56.338 @T t=130585 s=0.000 lv=-40.9 pk=-39.4 c0=4.4 c1=11.9 kw=11.63 inf=2.33 iv=1.13 n=4 d=0 sk=0 hf=96240 hm=92264 ht=283156 pf=0 pm=0 pt=0 ru=235308 rp=239284
18:42:56.339 @T t=130691 s=0.000 lv=-38.4 pk=-36.5 c0=3.8 c1=8.9 kw=8.68 inf=2.83 iv=1.22 n=3 d=0 sk=0 hf=96240 hm=92264 ht=283156 pf=0 pm=0 pt=0 ru=235308 rp=239284
18:42:56.339 @T t=130797 s=0.000 lv=-23.4 pk=-21.6 c0=7.0 c1=8.6 kw=8.39 inf=2.73 iv=1.11 n=3 d=0 sk=0 hf=96240 hm=92264 ht=283156 pf=0 pm=0 pt=0 ru=235308 rp=239284
18:42:56.339 @T t=130883 s=0.000 lv=-29.4 pk=-23.7 c0=5.0 c1=11.7 kw=12.18 inf=2.44 iv=1.22 n=4 d=0 sk=0 hf=96240 hm=92264 ht=283156 pf=0 pm=0 pt=0 ru=235308 rp=239284
18:42:56.339 @T t=130989 s=0.000 lv=-37.4 pk=-35.4 c0=4.3 c1=9.6 kw=8.81 inf=2.87 iv=1.24 n=3 d=0 sk=0 hf=96240 hm=92264 ht=283156 pf=0 pm=0 pt=0 ru=235308 rp=239284
18:42:56.339 @T t=131095 s=0.000 lv=-33.7 pk=-31.0 c0=3.9 c1=8.4 kw=8.29 inf=2.70 iv=1.11 n=3 d=0 sk=0 hf=96240 hm=92264 ht=283156 pf=0 pm=0 pt=0 ru=235308 rp=239284
18:42:56.339 @T t=131181 s=0.000 lv=-34.2 pk=-32.0 c0=4.2 c1=9.3 kw=9.33 inf=2.44 iv=1.16 n=3 d=0 sk=0 hf=96240 hm=92264 ht=283156 pf=0 pm=0 pt=0 ru=235308 rp=239284
18:42:56.339 @I ww=marvin cut=0.50 win=5 cool=1000 tick=100 wifi=1 srv=1 li=0 ln=0
18:42:56.339 [status] up 131s | mic -31.2 dBFS (peak -17.6) | score max 0.00 | detections 0 | inferences 333 (33.3/s; model 1.16 ms each, paused in quiet 0%; features 1.44 ms per 30 ms) | CPU core0  4.8% core1  9.6% (wake word pipeline 9.37% of one core) | RAM used 229 KB (peak 233 KB, 93 KB free) | wifi OK, server OK | audio lost since boot: i2s 0 net 0
18:42:56.339 [tasks] % of one core (free stack): main@0=4.25(1936) IDLE1@1=90.42(720) IDLE0@0=95.23(728) audio_kws@1=9.56(1344) tiT@*=0.10(1956) websocket_task@*=0.16(1464) ipc1@1=0.00(536) esp_timer@0=0.01(3136) streamer@0=0.00(2956) ipc0@0=0.00(528) wifi@0=0.27(3144) sys_evt@0=0.00(428) Tmr Svc@*=0.00(1368)
18:42:56.339 @T t=131285 s=0.000 lv=-27.4 pk=-24.3 c0=13.6 c1=12.3 kw=11.84 inf=2.89 iv=1.35 n=4 d=0 sk=0 hf=96200 hm=92264 ht=283156 pf=0 pm=0 pt=0 ru=235348 rp=239284
18:42:56.339 @T t=131391 s=0.000 lv=-33.6 pk=-30.6 c0=7.0 c1=8.5 kw=8.34 inf=2.72 iv=1.14 n=3 d=0 sk=0 hf=96200 hm=92264 ht=283156 pf=0 pm=0 pt=0 ru=235348 rp=239284
18:42:56.339 @T t=131497 s=0.000 lv=-33.8 pk=-29.9 c0=3.8 c1=9.4 kw=9.24 inf=2.27 iv=1.09 n=4 d=0 sk=0 hf=96200 hm=92264 ht=283156 pf=0 pm=0 pt=0 ru=235348 rp=239284
18:42:56.340 @T t=131583 s=0.000 lv=-35.6 pk=-34.4 c0=8.1 c1=10.3 kw=10.35 inf=2.74 iv=1.14 n=3 d=0 sk=0 hf=96200 hm=92264 ht=283156 pf=0 pm=0 pt=0 ru=235348 rp=239284
18:42:56.340 @T t=131689 s=0.000 lv=-38.7 pk=-37.6 c0=3.8 c1=8.6 kw=8.26 inf=2.69 iv=1.11 n=3 d=0 sk=0 hf=96200 hm=92264 ht=283156 pf=0 pm=0 pt=0 ru=235348 rp=239284
18:42:56.340 @T t=131798 s=0.000 lv=-40.5 pk=-39.5 c0=3.5 c1=9.2 kw=9.02 inf=2.28 iv=1.10 n=4 d=0 sk=0 hf=96200 hm=92264 ht=283156 pf=0 pm=0 pt=0 ru=235348 rp=239284
18:42:56.340 @T t=131887 s=0.000 lv=-39.7 pk=-38.4 c0=4.4 c1=10.3 kw=10.10 inf=2.76 iv=1.15 n=3 d=0 sk=0 hf=96200 hm=92264 ht=283156 pf=0 pm=0 pt=0 ru=235348 rp=239284
18:42:56.340 @T t=131993 s=0.000 lv=-41.7 pk=-40.7 c0=5.6 c1=8.6 kw=8.37 inf=2.72 iv=1.12 n=3 d=0 sk=0 hf=94448 hm=92264 ht=283156 pf=0 pm=0 pt=0 ru=237100 rp=239284
18:42:56.340 @T t=132100 s=0.000 lv=-31.1 pk=-27.2 c0=6.8 c1=10.3 kw=9.65 inf=2.40 iv=1.18 n=4 d=0 sk=0 hf=96004 hm=92264 ht=283156 pf=0 pm=0 pt=0 ru=235544 rp=239284
18:42:56.340 @T t=132186 s=0.000 lv=-33.4 pk=-28.6 c0=4.4 c1=10.6 kw=10.47 inf=2.75 iv=1.13 n=3 d=0 sk=0 hf=96200 hm=92264 ht=283156 pf=0 pm=0 pt=0 ru=235348 rp=239284
18:42:56.340 @I ww=marvin cut=0.50 win=5 cool=1000 tick=100 wifi=1 srv=1 li=0 ln=0
18:42:56.340 @T t=132298 s=0.000 lv=-31.7 pk=-30.0 c0=4.0 c1=8.0 kw=7.87 inf=2.71 iv=1.12 n=3 d=0 sk=0 hf=96200 hm=92264 ht=283156 pf=0 pm=0 pt=0 ru=235348 rp=239284
18:42:56.340 @T t=132385 s=0.000 lv=-35.1 pk=-31.7 c0=8.3 c1=11.8 kw=11.54 inf=2.33 iv=1.13 n=4 d=0 sk=0 hf=96200 hm=92264 ht=283156 pf=0 pm=0 pt=0 ru=235348 rp=239284
18:42:56.340 @T t=132491 s=0.000 lv=-33.7 pk=-31.5 c0=6.7 c1=8.4 kw=8.25 inf=2.69 iv=1.12 n=3 d=0 sk=0 hf=96200 hm=92264 ht=283156 pf=0 pm=0 pt=0 ru=235348 rp=239284
18:42:56.340 @T t=132597 s=0.000 lv=-33.0 pk=-28.6 c0=3.8 c1=8.8 kw=8.61 inf=2.81 iv=1.21 n=3 d=0 sk=0 hf=96200 hm=92264 ht=283156 pf=0 pm=0 pt=0 ru=235348 rp=239284
18:42:58.855 @T t=132683 s=0.000 lv=-38.3 pk=-36.8 c0=8.3 c1=11.7 kw=11.60 inf=2.32 iv=1.13 n=4 d=0 sk=0 hf=96200 hm=92264 ht=283156 pf=0 pm=0 pt=0 ru=235348 rp=239284
18:42:58.855 @T t=132789 s=0.000 lv=-36.4 pk=-33.8 c0=3.8 c1=8.9 kw=8.58 inf=2.79 iv=1.19 n=3 d=0 sk=0 hf=96200 hm=92264 ht=283156 pf=0 pm=0 pt=0 ru=235348 rp=239284
18:42:58.855 @T t=132895 s=0.000 lv=-34.4 pk=-30.0 c0=4.0 c1=8.9 kw=8.68 inf=2.83 iv=1.21 n=3 d=0 sk=0 hf=96200 hm=92264 ht=283156 pf=0 pm=0 pt=0 ru=235348 rp=239284
18:42:58.855 @T t=132981 s=0.000 lv=-33.2 pk=-29.7 c0=4.6 c1=9.7 kw=9.72 inf=2.55 iv=1.24 n=3 d=0 sk=0 hf=96200 hm=92264 ht=283156 pf=0 pm=0 pt=0 ru=235348 rp=239284
18:42:58.855 @T t=133089 s=0.000 lv=-38.0 pk=-34.5 c0=3.9 c1=11.2 kw=10.75 inf=2.73 iv=1.22 n=4 d=0 sk=0 hf=96200 hm=92264 ht=283156 pf=0 pm=0 pt=0 ru=235348 rp=239284
18:42:58.855 @T t=133195 s=0.000 lv=-35.4 pk=-32.1 c0=3.8 c1=8.8 kw=8.64 inf=2.81 iv=1.22 n=3 d=0 sk=0 hf=96200 hm=92264 ht=283156 pf=0 pm=0 pt=0 ru=235348 rp=239284
18:42:58.855 @I ww=marvin cut=0.50 win=5 cool=1000 tick=100 wifi=1 srv=1 li=0 ln=0
18:42:58.855 @T t=133287 s=0.000 lv=-33.4 pk=-30.7 c0=5.1 c1=11.2 kw=11.04 inf=2.36 iv=1.15 n=4 d=0 sk=0 hf=96200 hm=92264 ht=283156 pf=0 pm=0 pt=0 ru=235348 rp=239284
18:42:58.855 @T t=133393 s=0.000 lv=-27.5 pk=-25.0 c0=3.9 c1=8.9 kw=8.67 inf=2.83 iv=1.22 n=3 d=0 sk=0 hf=96200 hm=92264 ht=283156 pf=0 pm=0 pt=0 ru=235348 rp=239284
18:42:58.855 @T t=133499 s=0.000 lv=-34.8 pk=-29.6 c0=7.1 c1=8.9 kw=8.69 inf=2.83 iv=1.22 n=3 d=0 sk=0 hf=96200 hm=92264 ht=283156 pf=0 pm=0 pt=0 ru=235348 rp=239284
18:42:58.855 @T t=133585 s=0.000 lv=-32.1 pk=-29.7 c0=4.4 c1=11.9 kw=11.72 inf=2.34 iv=1.14 n=4 d=0 sk=0 hf=96200 hm=92264 ht=283156 pf=0 pm=0 pt=0 ru=235348 rp=239284
18:42:58.855 @T t=133691 s=0.000 lv=-34.3 pk=-31.1 c0=7.0 c1=8.9 kw=8.65 inf=2.82 iv=1.22 n=3 d=0 sk=0 hf=96200 hm=92264 ht=283156 pf=0 pm=0 pt=0 ru=235348 rp=239284
18:42:58.855 @T t=133797 s=0.000 lv=-28.8 pk=-25.9 c0=3.8 c1=8.9 kw=8.75 inf=2.85 iv=1.24 n=3 d=0 sk=0 hf=96200 hm=92264 ht=283156 pf=0 pm=0 pt=0 ru=235348 rp=239284
18:42:58.855 @T t=133883 s=0.000 lv=-36.7 pk=-35.3 c0=4.5 c1=11.8 kw=11.87 inf=2.37 iv=1.16 n=4 d=0 sk=0 hf=96200 hm=92264 ht=283156 pf=0 pm=0 pt=0 ru=235348 rp=239284
18:42:58.855 @T t=133989 s=0.000 lv=-35.1 pk=-31.2 c0=3.4 c1=8.7 kw=8.31 inf=2.71 iv=1.13 n=3 d=0 sk=0 hf=96200 hm=92264 ht=283156 pf=0 pm=0 pt=0 ru=235348 rp=239284
18:42:58.855 @T t=134095 s=0.000 lv=-34.7 pk=-30.2 c0=8.7 c1=10.4 kw=9.81 inf=3.21 iv=1.52 n=3 d=0 sk=0 hf=96200 hm=92264 ht=283156 pf=0 pm=0 pt=0 ru=235348 rp=239284
18:42:58.855 @T t=134181 s=0.000 lv=-27.0 pk=-25.9 c0=4.7 c1=9.7 kw=9.76 inf=2.56 iv=1.24 n=3 d=0 sk=0 hf=96200 hm=92264 ht=283156 pf=0 pm=0 pt=0 ru=235348 rp=239284
18:42:58.855 @I ww=marvin cut=0.50 win=5 cool=1000 tick=100 wifi=1 srv=1 li=0 ln=0
18:42:58.855 @T t=134295 s=0.000 lv=-27.0 pk=-23.9 c0=13.2 c1=10.7 kw=10.25 inf=2.75 iv=1.25 n=4 d=0 sk=0 hf=96200 hm=92264 ht=283156 pf=0 pm=0 pt=0 ru=235348 rp=239284
18:42:58.855 @T t=134381 s=0.000 lv=-38.0 pk=-36.3 c0=8.1 c1=9.7 kw=9.73 inf=2.55 iv=1.24 n=3 d=0 sk=0 hf=96200 hm=92264 ht=283156 pf=0 pm=0 pt=0 ru=235348 rp=239284
18:42:58.856 @T t=134487 s=0.000 lv=-40.2 pk=-39.5 c0=3.9 c1=11.3 kw=10.83 inf=2.69 iv=1.17 n=4 d=0 sk=0 hf=96200 hm=92264 ht=283156 pf=0 pm=0 pt=0 ru=235348 rp=239284
18:42:58.856 @T t=134593 s=0.000 lv=-39.5 pk=-38.7 c0=3.9 c1=8.9 kw=8.72 inf=2.84 iv=1.23 n=3 d=0 sk=0 hf=96200 hm=92264 ht=283156 pf=0 pm=0 pt=0 ru=235348 rp=239284
18:42:58.856 @T t=134699 s=0.000 lv=-39.7 pk=-39.2 c0=3.7 c1=8.7 kw=8.48 inf=2.76 iv=1.15 n=3 d=0 sk=0 hf=96200 hm=92264 ht=283156 pf=0 pm=0 pt=0 ru=235348 rp=239284
18:42:58.856 @T t=134785 s=0.000 lv=-41.1 pk=-40.5 c0=4.2 c1=11.9 kw=11.65 inf=2.33 iv=1.13 n=4 d=0 sk=0 hf=96200 hm=92264 ht=283156 pf=0 pm=0 pt=0 ru=235348 rp=239284
18:42:58.856 @T t=134891 s=0.000 lv=-40.6 pk=-39.7 c0=4.0 c1=9.0 kw=8.77 inf=2.86 iv=1.24 n=3 d=0 sk=0 hf=96200 hm=92264 ht=283156 pf=0 pm=0 pt=0 ru=235348 rp=239284
18:42:58.856 @T t=134997 s=0.000 lv=-40.8 pk=-40.0 c0=3.4 c1=8.4 kw=8.28 inf=2.69 iv=1.12 n=3 d=0 sk=0 hf=96200 hm=92264 ht=283156 pf=0 pm=0 pt=0 ru=235348 rp=239284
18:42:58.856 @T t=135083 s=0.000 lv=-40.0 pk=-38.9 c0=4.9 c1=11.9 kw=11.99 inf=2.40 iv=1.18 n=4 d=0 sk=0 hf=96200 hm=92264 ht=283156 pf=0 pm=0 pt=0 ru=235348 rp=239284
18:43:01.444 @T t=135189 s=0.000 lv=-40.6 pk=-38.5 c0=3.4 c1=8.8 kw=8.35 inf=2.72 iv=1.13 n=3 d=0 sk=0 hf=96200 hm=92264 ht=283156 pf=0 pm=0 pt=0 ru=235348 rp=239284
18:43:01.445 @I ww=marvin cut=0.50 win=5 cool=1000 tick=100 wifi=1 srv=1 li=0 ln=0
18:43:01.445 @T t=135281 s=0.000 lv=-41.1 pk=-39.7 c0=4.8 c1=8.5 kw=8.53 inf=2.38 iv=1.11 n=3 d=0 sk=0 hf=96200 hm=92264 ht=283156 pf=0 pm=0 pt=0 ru=235348 rp=239284
18:43:01.445 @T t=135387 s=0.000 lv=-36.3 pk=-32.5 c0=3.5 c1=10.8 kw=10.42 inf=2.59 iv=1.11 n=4 d=0 sk=0 hf=96200 hm=92264 ht=283156 pf=0 pm=0 pt=0 ru=235348 rp=239284
18:43:01.445 @T t=135494 s=0.000 lv=-37.4 pk=-33.7 c0=3.5 c1=8.4 kw=8.27 inf=2.72 iv=1.13 n=3 d=0 sk=0 hf=96200 hm=92264 ht=283156 pf=0 pm=0 pt=0 ru=235348 rp=239284
18:43:01.445 @T t=135600 s=0.000 lv=-36.9 pk=-34.5 c0=7.1 c1=8.5 kw=8.31 inf=2.70 iv=1.12 n=3 d=0 sk=0 hf=96200 hm=92264 ht=283156 pf=0 pm=0 pt=0 ru=235348 rp=239284
18:43:01.445 @T t=135689 s=0.000 lv=-35.0 pk=-30.8 c0=4.0 c1=11.6 kw=11.33 inf=2.34 iv=1.11 n=4 d=0 sk=0 hf=96200 hm=92264 ht=283156 pf=0 pm=0 pt=0 ru=235348 rp=239284
18:43:01.445 @T t=135795 s=0.000 lv=-36.6 pk=-32.7 c0=3.8 c1=8.5 kw=8.29 inf=2.70 iv=1.12 n=3 d=0 sk=0 hf=96200 hm=92264 ht=283156 pf=0 pm=0 pt=0 ru=235348 rp=239284
18:43:01.445 @T t=135881 s=0.000 lv=-31.9 pk=-30.1 c0=4.5 c1=9.2 kw=9.27 inf=2.42 iv=1.15 n=3 d=0 sk=0 hf=96200 hm=92264 ht=283156 pf=0 pm=0 pt=0 ru=235348 rp=239284
18:43:01.445 @T t=135987 s=0.000 lv=-32.5 pk=-28.3 c0=7.1 c1=10.8 kw=10.32 inf=2.56 iv=1.08 n=4 d=0 sk=0 hf=96200 hm=92264 ht=283156 pf=0 pm=0 pt=0 ru=235348 rp=239284
18:43:01.445 @T t=136093 s=0.000 lv=-33.0 pk=-28.1 c0=5.8 c1=9.1 kw=8.86 inf=2.89 iv=1.27 n=3 d=0 sk=0 hf=94448 hm=92264 ht=283156 pf=0 pm=0 pt=0 ru=237100 rp=239284
18:43:01.445 @T t=136199 s=0.000 lv=-39.3 pk=-37.9 c0=5.5 c1=9.2 kw=9.06 inf=2.96 iv=1.21 n=3 d=0 sk=0 hf=96200 hm=92264 ht=283156 pf=0 pm=0 pt=0 ru=235348 rp=239284
18:43:01.445 @I ww=marvin cut=0.50 win=5 cool=1000 tick=100 wifi=1 srv=1 li=0 ln=0
18:43:01.445 @T t=136291 s=0.000 lv=-35.1 pk=-33.6 c0=13.5 c1=11.1 kw=10.88 inf=2.33 iv=1.13 n=4 d=0 sk=0 hf=96200 hm=92264 ht=283156 pf=0 pm=0 pt=0 ru=235348 rp=239284
18:43:01.445 @T t=136397 s=0.000 lv=-29.6 pk=-26.6 c0=4.1 c1=8.8 kw=8.63 inf=2.82 iv=1.21 n=3 d=0 sk=0 hf=96200 hm=92264 ht=283156 pf=0 pm=0 pt=0 ru=235348 rp=239284
18:43:01.446 @T t=136483 s=0.000 lv=-33.8 pk=-31.3 c0=5.2 c1=11.1 kw=10.87 inf=2.88 iv=1.25 n=3 d=0 sk=0 hf=96200 hm=92264 ht=283156 pf=0 pm=0 pt=0 ru=235348 rp=239284
18:43:01.446 @T t=136589 s=0.000 lv=-34.7 pk=-33.7 c0=3.6 c1=9.7 kw=9.48 inf=2.34 iv=1.14 n=4 d=0 sk=0 hf=96200 hm=92264 ht=283156 pf=0 pm=0 pt=0 ru=235348 rp=239284
18:43:01.446 @T t=136695 s=0.000 lv=-37.8 pk=-36.3 c0=3.7 c1=8.5 kw=8.35 inf=2.71 iv=1.12 n=3 d=0 sk=0 hf=96200 hm=92264 ht=283156 pf=0 pm=0 pt=0 ru=235348 rp=239284
18:43:01.446 @T t=136781 s=0.000 lv=-34.8 pk=-33.0 c0=4.6 c1=9.5 kw=9.54 inf=2.50 iv=1.22 n=3 d=0 sk=0 hf=96200 hm=92264 ht=283156 pf=0 pm=0 pt=0 ru=235348 rp=239284
18:43:01.446 @T t=136887 s=0.000 lv=-36.2 pk=-33.3 c0=3.6 c1=10.9 kw=10.52 inf=2.61 iv=1.12 n=4 d=0 sk=0 hf=96200 hm=92264 ht=283156 pf=0 pm=0 pt=0 ru=235348 rp=239284
18:43:01.446 @T t=136993 s=0.000 lv=-26.2 pk=-25.0 c0=3.4 c1=8.5 kw=8.28 inf=2.70 iv=1.11 n=3 d=0 sk=0 hf=96200 hm=92264 ht=283156 pf=0 pm=0 pt=0 ru=235348 rp=239284
18:43:01.446 @T t=137099 s=0.000 lv=-31.6 pk=-29.0 c0=3.5 c1=8.5 kw=8.32 inf=2.71 iv=1.13 n=3 d=0 sk=0 hf=96200 hm=92264 ht=283156 pf=0 pm=0 pt=0 ru=235348 rp=239284
18:43:01.446 @T t=137185 s=0.000 lv=-39.9 pk=-37.4 c0=4.9 c1=12.1 kw=11.82 inf=2.36 iv=1.15 n=4 d=0 sk=0 hf=96200 hm=92264 ht=283156 pf=0 pm=0 pt=0 ru=235348 rp=239284
18:43:01.446 @I ww=marvin cut=0.50 win=5 cool=1000 tick=100 wifi=1 srv=1 li=0 ln=0
18:43:01.446 @T t=137296 s=0.000 lv=-41.4 pk=-40.6 c0=4.0 c1=8.1 kw=7.89 inf=2.69 iv=1.12 n=3 d=0 sk=0 hf=96200 hm=92264 ht=283156 pf=0 pm=0 pt=0 ru=235348 rp=239284
18:43:01.446 @T t=137382 s=0.000 lv=-42.1 pk=-40.7 c0=4.3 c1=10.4 kw=10.39 inf=2.74 iv=1.17 n=3 d=0 sk=0 hf=96200 hm=92264 ht=283156 pf=0 pm=0 pt=0 ru=235348 rp=239284
18:43:01.446 @T t=137488 s=0.000 lv=-38.4 pk=-36.5 c0=7.1 c1=10.0 kw=9.60 inf=2.37 iv=1.16 n=4 d=0 sk=0 hf=96200 hm=92264 ht=283156 pf=0 pm=0 pt=0 ru=235348 rp=239284
18:43:01.446 @T t=137594 s=0.000 lv=-34.4 pk=-31.7 c0=3.5 c1=8.6 kw=8.41 inf=2.74 iv=1.15 n=3 d=0 sk=0 hf=96200 hm=92264 ht=283156 pf=0 pm=0 pt=0 ru=235348 rp=239284
18:43:01.446 @T t=137700 s=0.000 lv=-35.8 pk=-32.8 c0=3.8 c1=8.9 kw=8.69 inf=2.83 iv=1.21 n=3 d=0 sk=0 hf=96200 hm=92264 ht=283156 pf=0 pm=0 pt=0 ru=235348 rp=239284
18:43:03.953 @T t=137789 s=0.000 lv=-37.5 pk=-35.0 c0=4.4 c1=12.0 kw=11.72 inf=2.42 iv=1.18 n=4 d=0 sk=0 hf=96200 hm=92264 ht=283156 pf=0 pm=0 pt=0 ru=235348 rp=239284
18:43:03.953 @T t=137895 s=0.000 lv=-22.7 pk=-21.0 c0=3.6 c1=8.6 kw=8.46 inf=2.76 iv=1.17 n=3 d=0 sk=0 hf=96200 hm=92264 ht=283156 pf=0 pm=0 pt=0 ru=235348 rp=239284
18:43:03.954 @T t=137981 s=0.000 lv=-31.3 pk=-26.2 c0=4.7 c1=9.7 kw=9.70 inf=2.54 iv=1.24 n=3 d=0 sk=0 hf=96200 hm=92264 ht=283156 pf=0 pm=0 pt=0 ru=235348 rp=239284
18:43:03.954 @T t=138087 s=0.000 lv=-33.7 pk=-30.4 c0=3.5 c1=10.8 kw=10.43 inf=2.59 iv=1.11 n=4 d=0 sk=0 hf=96200 hm=92264 ht=283156 pf=0 pm=0 pt=0 ru=235348 rp=239284
18:43:03.954 @T t=138193 s=0.000 lv=-29.3 pk=-26.0 c0=7.4 c1=10.0 kw=9.78 inf=3.21 iv=1.56 n=3 d=0 sk=0 hf=96200 hm=92264 ht=283156 pf=0 pm=0 pt=0 ru=235348 rp=239284
18:43:03.954 @I ww=marvin cut=0.50 win=5 cool=1000 tick=100 wifi=1 srv=1 li=0 ln=0
18:43:03.954 @T t=138285 s=0.000 lv=-24.1 pk=-21.8 c0=4.9 c1=10.0 kw=9.77 inf=2.76 iv=1.15 n=3 d=0 sk=0 hf=96200 hm=92264 ht=283156 pf=0 pm=0 pt=0 ru=235348 rp=239284
18:43:03.954 @T t=138391 s=0.000 lv=-33.3 pk=-30.8 c0=4.2 c1=9.8 kw=9.58 inf=2.36 iv=1.17 n=4 d=0 sk=0 hf=96200 hm=92264 ht=283156 pf=0 pm=0 pt=0 ru=235348 rp=239284
18:43:03.954 @T t=138497 s=0.000 lv=-36.0 pk=-32.9 c0=3.6 c1=8.5 kw=8.32 inf=2.71 iv=1.14 n=3 d=0 sk=0 hf=96200 hm=92264 ht=283156 pf=0 pm=0 pt=0 ru=235348 rp=239284
18:43:03.954 @T t=138583 s=0.000 lv=-40.0 pk=-38.9 c0=4.4 c1=10.7 kw=10.46 inf=2.76 iv=1.16 n=3 d=0 sk=0 hf=96200 hm=92264 ht=283156 pf=0 pm=0 pt=0 ru=235348 rp=239284
18:43:03.954 @T t=138689 s=0.000 lv=-40.5 pk=-39.3 c0=3.9 c1=9.9 kw=9.73 inf=2.40 iv=1.20 n=4 d=0 sk=0 hf=96200 hm=92264 ht=283156 pf=0 pm=0 pt=0 ru=235348 rp=239284
18:43:03.954 @T t=138795 s=0.000 lv=-39.6 pk=-37.4 c0=3.8 c1=8.8 kw=8.65 inf=2.82 iv=1.21 n=3 d=0 sk=0 hf=96200 hm=92264 ht=283156 pf=0 pm=0 pt=0 ru=235348 rp=239284
18:43:03.954 @T t=138881 s=0.000 lv=-40.9 pk=-40.2 c0=4.5 c1=9.3 kw=9.39 inf=2.46 iv=1.17 n=3 d=0 sk=0 hf=96200 hm=92264 ht=283156 pf=0 pm=0 pt=0 ru=235348 rp=239284
18:43:03.954 @T t=138987 s=0.000 lv=-34.9 pk=-30.2 c0=3.7 c1=11.2 kw=10.74 inf=2.67 iv=1.17 n=4 d=0 sk=0 hf=96200 hm=92264 ht=283156 pf=0 pm=0 pt=0 ru=235348 rp=239284
18:43:03.954 @T t=139093 s=0.000 lv=-31.2 pk=-28.4 c0=3.6 c1=8.6 kw=8.42 inf=2.74 iv=1.14 n=3 d=0 sk=0 hf=96200 hm=92264 ht=283156 pf=0 pm=0 pt=0 ru=235348 rp=239284
18:43:03.955 @T t=139199 s=0.000 lv=-37.4 pk=-35.6 c0=3.9 c1=8.7 kw=8.49 inf=2.76 iv=1.17 n=3 d=0 sk=0 hf=96200 hm=92264 ht=283156 pf=0 pm=0 pt=0 ru=235348 rp=239284
18:43:03.955 @I ww=marvin cut=0.50 win=5 cool=1000 tick=100 wifi=1 srv=1 li=0 ln=0
18:43:03.955 @T t=139291 s=0.000 lv=-29.5 pk=-26.3 c0=13.6 c1=11.2 kw=10.98 inf=2.35 iv=1.15 n=4 d=0 sk=0 hf=96200 hm=92264 ht=283156 pf=0 pm=0 pt=0 ru=235348 rp=239284
18:43:03.955 @T t=139397 s=0.000 lv=-25.6 pk=-22.9 c0=3.6 c1=8.6 kw=8.38 inf=2.73 iv=1.15 n=3 d=0 sk=0 hf=96200 hm=92264 ht=283156 pf=0 pm=0 pt=0 ru=235348 rp=239284
18:43:03.956 @T t=139483 s=0.000 lv=-35.9 pk=-33.9 c0=4.3 c1=10.6 kw=10.42 inf=2.75 iv=1.16 n=3 d=0 sk=0 hf=96200 hm=92264 ht=283156 pf=0 pm=0 pt=0 ru=235348 rp=239284
18:43:03.956 @T t=139589 s=0.000 lv=-33.1 pk=-31.9 c0=3.5 c1=9.4 kw=9.25 inf=2.28 iv=1.10 n=4 d=0 sk=0 hf=96200 hm=92264 ht=283156 pf=0 pm=0 pt=0 ru=235348 rp=239284
18:43:03.956 @T t=139695 s=0.000 lv=-33.8 pk=-31.6 c0=3.8 c1=8.5 kw=8.31 inf=2.70 iv=1.12 n=3 d=0 sk=0 hf=96200 hm=92264 ht=283156 pf=0 pm=0 pt=0 ru=235348 rp=239284
18:43:03.956 @T t=139781 s=0.000 lv=-39.5 pk=-38.6 c0=4.2 c1=9.2 kw=9.26 inf=2.42 iv=1.14 n=3 d=0 sk=0 hf=96200 hm=92264 ht=283156 pf=0 pm=0 pt=0 ru=235348 rp=239284
18:43:03.956 @T t=139887 s=0.000 lv=-38.8 pk=-37.5 c0=6.9 c1=10.9 kw=10.44 inf=2.59 iv=1.11 n=4 d=0 sk=0 hf=96200 hm=92264 ht=283156 pf=0 pm=0 pt=0 ru=235348 rp=239284
18:43:03.956 @T t=139994 s=0.000 lv=-39.0 pk=-38.5 c0=3.8 c1=8.5 kw=8.28 inf=2.72 iv=1.15 n=3 d=0 sk=0 hf=96200 hm=92264 ht=283156 pf=0 pm=0 pt=0 ru=235348 rp=239284
18:43:03.956 @T t=140100 s=0.000 lv=-40.4 pk=-39.3 c0=3.5 c1=8.6 kw=8.44 inf=2.75 iv=1.16 n=3 d=0 sk=0 hf=96200 hm=92264 ht=283156 pf=0 pm=0 pt=0 ru=235348 rp=239284
18:43:03.956 @T t=140187 s=0.000 lv=-40.7 pk=-39.9 c0=12.3 c1=13.3 kw=12.58 inf=2.55 iv=1.29 n=4 d=0 sk=0 hf=96200 hm=92264 ht=283156 pf=0 pm=0 pt=0 ru=235348 rp=239284
18:43:03.956 @I ww=marvin cut=0.50 win=5 cool=1000 tick=100 wifi=1 srv=1 li=0 ln=0
18:43:06.160 @T t=140298 s=0.000 lv=-30.9 pk=-28.3 c0=4.1 c1=8.4 kw=8.21 inf=2.81 iv=1.20 n=3 d=0 sk=0 hf=96200 hm=92264 ht=283156 pf=0 pm=0 pt=0 ru=235348 rp=239284
18:43:06.160 @T t=140384 s=0.000 lv=-35.6 pk=-31.6 c0=4.9 c1=11.2 kw=10.95 inf=2.90 iv=1.27 n=3 d=0 sk=0 hf=96200 hm=92264 ht=283156 pf=0 pm=0 pt=0 ru=235348 rp=239284
18:43:06.160 I (140871) wifi:[ADDBA]RX DELBA, reason:37, delete tid:0, initiator:1(originator)
18:43:06.161 @T t=140491 s=0.000 lv=-30.5 pk=-28.8 c0=5.2 c1=8.9 kw=9.26 inf=2.29 iv=1.10 n=4 d=0 sk=0 hf=96200 hm=92264 ht=283156 pf=0 pm=0 pt=0 ru=235348 rp=239284
18:43:06.161 @T t=140582 s=0.000 lv=-33.5 pk=-30.1 c0=3.9 c1=9.2 kw=7.57 inf=3.12 iv=1.21 n=2 d=0 sk=0 hf=96200 hm=92264 ht=283156 pf=0 pm=0 pt=0 ru=235348 rp=239284
18:43:06.161 @T t=140688 s=0.000 lv=-34.9 pk=-33.5 c0=3.4 c1=9.8 kw=10.32 inf=2.56 iv=1.08 n=4 d=0 sk=0 hf=96200 hm=92264 ht=283156 pf=0 pm=0 pt=0 ru=235348 rp=239284
18:43:06.161 @T t=140794 s=0.000 lv=-21.5 pk=-18.7 c0=3.8 c1=9.8 kw=9.60 inf=2.36 iv=1.16 n=4 d=0 sk=0 hf=96200 hm=92264 ht=283156 pf=0 pm=0 pt=0 ru=235348 rp=239284
18:43:06.161 @T t=140900 s=0.000 lv=-32.5 pk=-28.0 c0=4.0 c1=8.7 kw=8.52 inf=2.77 iv=1.16 n=3 d=0 sk=0 hf=96200 hm=92264 ht=283156 pf=0 pm=0 pt=0 ru=235348 rp=239284
18:43:06.161 @T t=140989 s=0.000 lv=-36.6 pk=-34.6 c0=3.9 c1=10.3 kw=10.13 inf=2.76 iv=1.16 n=3 d=0 sk=0 hf=96200 hm=92264 ht=283156 pf=0 pm=0 pt=0 ru=235348 rp=239284
18:43:06.161 @T t=141095 s=0.000 lv=-28.0 pk=-24.0 c0=3.8 c1=9.8 kw=9.62 inf=2.37 iv=1.16 n=4 d=0 sk=0 hf=96200 hm=92264 ht=283156 pf=0 pm=0 pt=0 ru=235348 rp=239284
18:43:06.161 @T t=141181 s=0.000 lv=-28.4 pk=-25.3 c0=8.2 c1=7.9 kw=8.02 inf=3.10 iv=1.19 n=2 d=0 sk=0 hf=96200 hm=92264 ht=283156 pf=0 pm=0 pt=0 ru=235348 rp=239284
18:43:06.161 @I ww=marvin cut=0.50 win=5 cool=1000 tick=100 wifi=1 srv=1 li=0 ln=0
18:43:06.161 [status] up 141s | mic -32.1 dBFS (peak -18.7) | score max 0.00 | detections 0 | inferences 333 (33.3/s; model 1.17 ms each, paused in quiet 0%; features 1.45 ms per 30 ms) | CPU core0  5.1% core1  9.7% (wake word pipeline 9.44% of one core) | RAM used 229 KB (peak 233 KB, 93 KB free) | wifi OK, server OK | audio lost since boot: i2s 0 net 0
18:43:06.161 @T t=141296 s=0.000 lv=-40.0 pk=-38.8 c0=8.7 c1=10.9 kw=10.43 inf=2.82 iv=1.33 n=4 d=0 sk=0 hf=96200 hm=92264 ht=283156 pf=0 pm=0 pt=0 ru=235348 rp=239284
18:43:06.161 @T t=141382 s=0.000 lv=-38.0 pk=-34.4 c0=8.4 c1=10.6 kw=9.46 inf=2.48 iv=1.19 n=3 d=0 sk=0 hf=96200 hm=92264 ht=283156 pf=0 pm=0 pt=0 ru=235348 rp=239284
18:43:06.161 @T t=141488 s=0.000 lv=-36.6 pk=-32.9 c0=6.7 c1=9.8 kw=10.37 inf=2.58 iv=1.16 n=4 d=0 sk=0 hf=96200 hm=92264 ht=283156 pf=0 pm=0 pt=0 ru=235348 rp=239284
18:43:06.161 @T t=141594 s=0.000 lv=-32.1 pk=-30.6 c0=3.5 c1=8.5 kw=8.33 inf=2.71 iv=1.12 n=3 d=0 sk=0 hf=96200 hm=92264 ht=283156 pf=0 pm=0 pt=0 ru=235348 rp=239284
18:43:06.161 @T t=141700 s=0.000 lv=-35.9 pk=-33.9 c0=3.4 c1=9.5 kw=9.29 inf=2.29 iv=1.10 n=4 d=0 sk=0 hf=96200 hm=92264 ht=283156 pf=0 pm=0 pt=0 ru=235348 rp=239284
18:43:06.161 @T t=141789 s=0.000 lv=-36.3 pk=-33.7 c0=11.2 c1=10.7 kw=10.43 inf=2.85 iv=1.22 n=3 d=0 sk=0 hf=96200 hm=92264 ht=283156 pf=0 pm=0 pt=0 ru=235348 rp=239284
18:43:06.161 @T t=141895 s=0.000 lv=-31.3 pk=-30.0 c0=6.3 c1=8.6 kw=8.45 inf=2.75 iv=1.15 n=3 d=0 sk=0 hf=96200 hm=92264 ht=283156 pf=0 pm=0 pt=0 ru=235348 rp=239284
18:43:06.161 @T t=141981 s=0.000 lv=-33.6 pk=-29.7 c0=4.2 c1=9.2 kw=9.30 inf=2.43 iv=1.16 n=3 d=0 sk=0 hf=96200 hm=92264 ht=283156 pf=0 pm=0 pt=0 ru=235348 rp=239284
18:43:06.161 @T t=142089 s=0.000 lv=-40.4 pk=-39.4 c0=3.7 c1=11.2 kw=10.77 inf=2.73 iv=1.23 n=4 d=0 sk=0 hf=96200 hm=92264 ht=283156 pf=0 pm=0 pt=0 ru=235348 rp=239284
18:43:06.161 @T t=142195 s=0.000 lv=-41.7 pk=-40.5 c0=8.6 c1=8.5 kw=8.34 inf=2.72 iv=1.13 n=3 d=0 sk=0 hf=94448 hm=92264 ht=283156 pf=0 pm=0 pt=0 ru=237100 rp=239284
18:43:06.161 @I ww=marvin cut=0.50 win=5 cool=1000 tick=100 wifi=1 srv=1 li=0 ln=0
18:43:06.161 @T t=142286 s=0.000 lv=-41.0 pk=-40.2 c0=7.7 c1=12.6 kw=11.88 inf=2.52 iv=1.25 n=4 d=0 sk=0 hf=96200 hm=92264 ht=283156 pf=0 pm=0 pt=0 ru=235348 rp=239284
18:43:06.161 @T t=142392 s=0.000 lv=-39.6 pk=-38.5 c0=4.4 c1=8.9 kw=8.74 inf=2.85 iv=1.24 n=3 d=0 sk=0 hf=96200 hm=92264 ht=283156 pf=0 pm=0 pt=0 ru=235348 rp=239284
18:43:08.753 @T t=142497 s=0.000 lv=-39.7 pk=-37.4 c0=3.5 c1=8.6 kw=8.42 inf=2.72 iv=1.14 n=3 d=0 sk=0 hf=96200 hm=92264 ht=283156 pf=0 pm=0 pt=0 ru=235348 rp=239284
18:43:08.754 @T t=142583 s=0.000 lv=-40.2 pk=-38.5 c0=4.4 c1=11.7 kw=11.70 inf=2.34 iv=1.13 n=4 d=0 sk=0 hf=96200 hm=92264 ht=283156 pf=0 pm=0 pt=0 ru=235348 rp=239284
18:43:08.754 @T t=142689 s=0.000 lv=-41.6 pk=-40.8 c0=3.4 c1=8.7 kw=8.31 inf=2.71 iv=1.13 n=3 d=0 sk=0 hf=96200 hm=92264 ht=283156 pf=0 pm=0 pt=0 ru=235348 rp=239284
18:43:08.754 @T t=142795 s=0.000 lv=-40.3 pk=-38.4 c0=3.7 c1=8.9 kw=8.68 inf=2.83 iv=1.22 n=3 d=0 sk=0 hf=96200 hm=92264 ht=283156 pf=0 pm=0 pt=0 ru=235348 rp=239284
18:43:08.754 @T t=142881 s=0.000 lv=-40.1 pk=-38.4 c0=4.5 c1=9.4 kw=9.49 inf=2.49 iv=1.18 n=3 d=0 sk=0 hf=96200 hm=92264 ht=283156 pf=0 pm=0 pt=0 ru=235348 rp=239284
18:43:08.754 @T t=142989 s=0.000 lv=-41.3 pk=-40.2 c0=3.6 c1=11.1 kw=10.71 inf=2.72 iv=1.22 n=4 d=0 sk=0 hf=96200 hm=92264 ht=283156 pf=0 pm=0 pt=0 ru=235348 rp=239284
18:43:08.754 @T t=143095 s=0.000 lv=-40.3 pk=-39.1 c0=6.5 c1=8.6 kw=8.44 inf=2.74 iv=1.14 n=3 d=0 sk=0 hf=96200 hm=92264 ht=283156 pf=0 pm=0 pt=0 ru=235348 rp=239284
18:43:08.754 @T t=143181 s=0.000 lv=-40.7 pk=-39.2 c0=4.7 c1=9.3 kw=9.40 inf=2.46 iv=1.17 n=3 d=0 sk=0 hf=96200 hm=92264 ht=283156 pf=0 pm=0 pt=0 ru=235348 rp=239284
18:43:08.754 @I ww=marvin cut=0.50 win=5 cool=1000 tick=100 wifi=1 srv=1 li=0 ln=0
18:43:08.754 @T t=143292 s=0.000 lv=-40.9 pk=-39.5 c0=11.4 c1=11.0 kw=10.60 inf=2.77 iv=1.25 n=4 d=0 sk=0 hf=96200 hm=92264 ht=283156 pf=0 pm=0 pt=0 ru=235348 rp=239284
18:43:08.754 @T t=143398 s=0.000 lv=-41.5 pk=-39.7 c0=4.0 c1=8.6 kw=8.43 inf=2.74 iv=1.13 n=3 d=0 sk=0 hf=96200 hm=92264 ht=283156 pf=0 pm=0 pt=0 ru=235348 rp=239284
18:43:08.754 @T t=143484 s=0.000 lv=-40.1 pk=-39.0 c0=4.7 c1=12.3 kw=12.05 inf=2.41 iv=1.19 n=4 d=0 sk=0 hf=96200 hm=92264 ht=283156 pf=0 pm=0 pt=0 ru=235348 rp=239284
18:43:08.754 @T t=143590 s=0.000 lv=-34.7 pk=-32.6 c0=3.5 c1=8.6 kw=8.41 inf=2.74 iv=1.15 n=3 d=0 sk=0 hf=96200 hm=92264 ht=283156 pf=0 pm=0 pt=0 ru=235348 rp=239284
18:43:08.755 @T t=143696 s=0.000 lv=-26.9 pk=-23.3 c0=6.9 c1=8.6 kw=8.39 inf=2.73 iv=1.11 n=3 d=0 sk=0 hf=96200 hm=92264 ht=283156 pf=0 pm=0 pt=0 ru=235348 rp=239284
18:43:08.755 @T t=143782 s=0.000 lv=-30.5 pk=-26.2 c0=4.3 c1=10.5 kw=9.35 inf=2.45 iv=1.16 n=3 d=0 sk=0 hf=96200 hm=92264 ht=283156 pf=0 pm=0 pt=0 ru=235348 rp=239284
18:43:08.755 @T t=143888 s=0.000 lv=-36.2 pk=-33.2 c0=4.0 c1=10.2 kw=10.78 inf=2.68 iv=1.24 n=4 d=0 sk=0 hf=96200 hm=92264 ht=283156 pf=0 pm=0 pt=0 ru=235348 rp=239284
18:43:08.755 @T t=143994 s=0.000 lv=-37.0 pk=-35.2 c0=3.4 c1=8.5 kw=8.35 inf=2.72 iv=1.13 n=3 d=0 sk=0 hf=96200 hm=92264 ht=283156 pf=0 pm=0 pt=0 ru=235348 rp=239284
18:43:08.755 @T t=144100 s=0.000 lv=-40.7 pk=-39.8 c0=3.8 c1=9.5 kw=9.33 inf=2.30 iv=1.11 n=4 d=0 sk=0 hf=96200 hm=92264 ht=283156 pf=0 pm=0 pt=0 ru=235348 rp=239284
18:43:08.755 @T t=144189 s=0.000 lv=-38.2 pk=-36.5 c0=10.8 c1=10.3 kw=10.11 inf=2.75 iv=1.13 n=3 d=0 sk=0 hf=96200 hm=92264 ht=283156 pf=0 pm=0 pt=0 ru=235348 rp=239284
18:43:08.755 @I ww=marvin cut=0.50 win=5 cool=1000 tick=100 wifi=1 srv=1 li=0 ln=0
18:43:08.755 @T t=144282 s=0.000 lv=-39.7 pk=-37.3 c0=8.0 c1=10.4 kw=10.33 inf=2.96 iv=1.31 n=3 d=0 sk=0 hf=94448 hm=92264 ht=283156 pf=0 pm=0 pt=0 ru=237100 rp=239284
18:43:08.755 @T t=144390 s=0.000 lv=-35.3 pk=-30.4 c0=6.3 c1=10.2 kw=9.48 inf=2.38 iv=1.17 n=4 d=0 sk=0 hf=96200 hm=92264 ht=283156 pf=0 pm=0 pt=0 ru=235348 rp=239284
18:43:08.755 @T t=144496 s=0.000 lv=-33.1 pk=-29.2 c0=3.5 c1=8.5 kw=8.30 inf=2.70 iv=1.13 n=3 d=0 sk=0 hf=96200 hm=92264 ht=283156 pf=0 pm=0 pt=0 ru=235348 rp=239284
18:43:08.755 @T t=144600 s=0.000 lv=-39.7 pk=-38.9 c0=3.7 c1=8.7 kw=8.56 inf=2.73 iv=1.13 n=3 d=0 sk=0 hf=96200 hm=92264 ht=283156 pf=0 pm=0 pt=0 ru=235348 rp=239284
18:43:08.755 @T t=144689 s=0.000 lv=-33.2 pk=-31.4 c0=11.2 c1=11.7 kw=11.51 inf=2.38 iv=1.14 n=4 d=0 sk=0 hf=96200 hm=92264 ht=283156 pf=0 pm=0 pt=0 ru=235348 rp=239284
18:43:08.755 @T t=144795 s=0.000 lv=-38.6 pk=-36.6 c0=3.7 c1=8.5 kw=8.32 inf=2.70 iv=1.12 n=3 d=0 sk=0 hf=96200 hm=92264 ht=283156 pf=0 pm=0 pt=0 ru=235348 rp=239284
18:43:08.755 @T t=144881 s=0.000 lv=-32.5 pk=-27.8 c0=8.8 c1=9.6 kw=9.66 inf=2.53 iv=1.23 n=3 d=0 sk=0 hf=96200 hm=92264 ht=283156 pf=0 pm=0 pt=0 ru=235348 rp=239284
18:43:08.755 @T t=144987 s=0.000 lv=-23.6 pk=-21.7 c0=3.5 c1=10.8 kw=10.34 inf=2.57 iv=1.08 n=4 d=0 sk=0 hf=96200 hm=92264 ht=283156 pf=0 pm=0 pt=0 ru=235348 rp=239284
18:43:11.243 @T t=145093 s=0.000 lv=-37.7 pk=-35.9 c0=3.8 c1=8.6 kw=8.40 inf=2.73 iv=1.13 n=3 d=0 sk=0 hf=96200 hm=92264 ht=283156 pf=0 pm=0 pt=0 ru=235348 rp=239284
18:43:11.244 @T t=145199 s=0.000 lv=-35.8 pk=-33.1 c0=3.8 c1=8.9 kw=8.71 inf=2.85 iv=1.25 n=3 d=0 sk=0 hf=96200 hm=92264 ht=283156 pf=0 pm=0 pt=0 ru=235348 rp=239284
18:43:11.244 @I ww=marvin cut=0.50 win=5 cool=1000 tick=100 wifi=1 srv=1 li=0 ln=0
18:43:11.244 @T t=145290 s=0.000 lv=-37.7 pk=-35.6 c0=13.4 c1=11.5 kw=11.29 inf=2.39 iv=1.16 n=4 d=0 sk=0 hf=96200 hm=92264 ht=283156 pf=0 pm=0 pt=0 ru=235348 rp=239284
18:43:11.244 @T t=145396 s=0.000 lv=-21.3 pk=-18.8 c0=7.1 c1=8.8 kw=8.62 inf=2.81 iv=1.18 n=3 d=0 sk=0 hf=96200 hm=92264 ht=283156 pf=0 pm=0 pt=0 ru=235348 rp=239284
18:43:11.244 @T t=145482 s=0.000 lv=-24.3 pk=-21.0 c0=4.7 c1=11.0 kw=11.03 inf=2.93 iv=1.30 n=3 d=0 sk=0 hf=96200 hm=92264 ht=283156 pf=0 pm=0 pt=0 ru=235348 rp=239284
18:43:11.244 @T t=145588 s=0.000 lv=-38.3 pk=-34.5 c0=3.6 c1=9.7 kw=9.32 inf=2.30 iv=1.11 n=4 d=0 sk=0 hf=96200 hm=92264 ht=283156 pf=0 pm=0 pt=0 ru=235348 rp=239284
18:43:11.244 @T t=145694 s=0.000 lv=-39.7 pk=-38.0 c0=3.7 c1=8.9 kw=8.73 inf=2.85 iv=1.24 n=3 d=0 sk=0 hf=96200 hm=92264 ht=283156 pf=0 pm=0 pt=0 ru=235348 rp=239284
18:43:11.245 @T t=145800 s=0.000 lv=-40.9 pk=-40.2 c0=3.7 c1=8.9 kw=8.70 inf=2.83 iv=1.22 n=3 d=0 sk=0 hf=96200 hm=92264 ht=283156 pf=0 pm=0 pt=0 ru=235348 rp=239284
18:43:11.245 @T t=145889 s=0.000 lv=-41.1 pk=-40.1 c0=11.1 c1=11.8 kw=11.56 inf=2.39 iv=1.16 n=4 d=0 sk=0 hf=96200 hm=92264 ht=283156 pf=0 pm=0 pt=0 ru=235348 rp=239284
18:43:11.245 @T t=145995 s=0.000 lv=-41.2 pk=-38.7 c0=7.0 c1=8.8 kw=8.63 inf=2.81 iv=1.21 n=3 d=0 sk=0 hf=96200 hm=92264 ht=283156 pf=0 pm=0 pt=0 ru=235348 rp=239284
18:43:11.245 @T t=146081 s=0.000 lv=-39.7 pk=-37.6 c0=4.3 c1=9.2 kw=9.25 inf=2.42 iv=1.14 n=3 d=0 sk=0 hf=96200 hm=92264 ht=283156 pf=0 pm=0 pt=0 ru=235348 rp=239284
18:43:11.245 @T t=146187 s=0.000 lv=-28.1 pk=-21.7 c0=7.0 c1=11.1 kw=10.69 inf=2.66 iv=1.16 n=4 d=0 sk=0 hf=96200 hm=92264 ht=283156 pf=0 pm=0 pt=0 ru=235348 rp=239284
18:43:11.245 @I ww=marvin cut=0.50 win=5 cool=1000 tick=100 wifi=1 srv=1 li=0 ln=0
18:43:11.245 @T t=146298 s=0.000 lv=-23.5 pk=-21.0 c0=5.8 c1=8.2 kw=8.01 inf=2.74 iv=1.13 n=3 d=0 sk=0 hf=94448 hm=92264 ht=283156 pf=0 pm=0 pt=0 ru=237100 rp=239284
18:43:11.246 @T t=146385 s=0.000 lv=-40.0 pk=-38.8 c0=11.5 c1=12.0 kw=11.35 inf=3.04 iv=1.32 n=3 d=0 sk=0 hf=96200 hm=92264 ht=283156 pf=0 pm=0 pt=0 ru=235348 rp=239284
18:43:11.246 @T t=146491 s=0.000 lv=-27.2 pk=-23.5 c0=7.2 c1=9.8 kw=9.65 inf=2.38 iv=1.17 n=4 d=0 sk=0 hf=96200 hm=92264 ht=283156 pf=0 pm=0 pt=0 ru=235348 rp=239284
18:43:11.246 @T t=146597 s=0.000 lv=-26.8 pk=-24.6 c0=4.4 c1=9.2 kw=8.95 inf=2.92 iv=1.28 n=3 d=0 sk=0 hf=96200 hm=92264 ht=283156 pf=0 pm=0 pt=0 ru=235348 rp=239284
18:43:11.246 @T t=146683 s=0.000 lv=-37.0 pk=-34.4 c0=7.6 c1=10.7 kw=10.53 inf=2.78 iv=1.19 n=3 d=0 sk=0 hf=96200 hm=92264 ht=283156 pf=0 pm=0 pt=0 ru=235348 rp=239284
18:43:11.246 @T t=146789 s=0.000 lv=-40.5 pk=-39.5 c0=3.4 c1=9.5 kw=9.28 inf=2.28 iv=1.09 n=4 d=0 sk=0 hf=96200 hm=92264 ht=283156 pf=0 pm=0 pt=0 ru=235348 rp=239284
18:43:11.247 @T t=146895 s=0.000 lv=-29.9 pk=-25.9 c0=3.6 c1=8.6 kw=8.46 inf=2.76 iv=1.16 n=3 d=0 sk=0 hf=96200 hm=92264 ht=283156 pf=0 pm=0 pt=0 ru=235348 rp=239284
18:43:11.247 @T t=146981 s=0.000 lv=-37.3 pk=-33.6 c0=4.2 c1=9.2 kw=9.25 inf=2.42 iv=1.14 n=3 d=0 sk=0 hf=96200 hm=92264 ht=283156 pf=0 pm=0 pt=0 ru=235348 rp=239284
18:43:11.247 @T t=147087 s=0.000 lv=-35.4 pk=-32.1 c0=3.5 c1=10.8 kw=10.39 inf=2.58 iv=1.10 n=4 d=0 sk=0 hf=96200 hm=92264 ht=283156 pf=0 pm=0 pt=0 ru=235348 rp=239284
18:43:11.247 @T t=147193 s=0.000 lv=-23.9 pk=-21.2 c0=3.4 c1=8.5 kw=8.33 inf=2.71 iv=1.13 n=3 d=0 sk=0 hf=96200 hm=92264 ht=283156 pf=0 pm=0 pt=0 ru=235348 rp=239284
18:43:11.247 @I ww=marvin cut=0.50 win=5 cool=1000 tick=100 wifi=1 srv=1 li=0 ln=0
18:43:11.247 @T t=147285 s=0.000 lv=-30.5 pk=-25.2 c0=4.8 c1=9.9 kw=9.72 inf=2.75 iv=1.15 n=3 d=0 sk=0 hf=96200 hm=92264 ht=283156 pf=0 pm=0 pt=0 ru=235348 rp=239284
18:43:11.247 @T t=147391 s=0.000 lv=-40.1 pk=-37.7 c0=4.0 c1=9.7 kw=9.54 inf=2.35 iv=1.14 n=4 d=0 sk=0 hf=96200 hm=92264 ht=283156 pf=0 pm=0 pt=0 ru=235348 rp=239284
18:43:11.247 @T t=147497 s=0.000 lv=-36.3 pk=-33.0 c0=6.6 c1=8.5 kw=8.32 inf=2.71 iv=1.13 n=3 d=0 sk=0 hf=96200 hm=92264 ht=283156 pf=0 pm=0 pt=0 ru=235348 rp=239284
18:43:13.850 @T t=147583 s=0.000 lv=-38.0 pk=-34.1 c0=4.4 c1=10.6 kw=10.40 inf=2.75 iv=1.14 n=3 d=0 sk=0 hf=96200 hm=92264 ht=283156 pf=0 pm=0 pt=0 ru=235348 rp=239284
18:43:13.851 @T t=147689 s=0.000 lv=-37.8 pk=-35.7 c0=3.8 c1=9.9 kw=9.67 inf=2.38 iv=1.19 n=4 d=0 sk=0 hf=96200 hm=92264 ht=283156 pf=0 pm=0 pt=0 ru=235348 rp=239284
18:43:13.851 @T t=147795 s=0.000 lv=-33.7 pk=-32.1 c0=3.4 c1=8.5 kw=8.33 inf=2.71 iv=1.13 n=3 d=0 sk=0 hf=96200 hm=92264 ht=283156 pf=0 pm=0 pt=0 ru=235348 rp=239284
18:43:13.851 @T t=147881 s=0.000 lv=-37.3 pk=-35.6 c0=4.4 c1=9.2 kw=9.27 inf=2.42 iv=1.13 n=3 d=0 sk=0 hf=96200 hm=92264 ht=283156 pf=0 pm=0 pt=0 ru=235348 rp=239284
18:43:13.851 @T t=147987 s=0.000 lv=-32.5 pk=-26.5 c0=3.4 c1=10.8 kw=10.41 inf=2.59 iv=1.09 n=4 d=0 sk=0 hf=96200 hm=92264 ht=283156 pf=0 pm=0 pt=0 ru=235348 rp=239284
18:43:13.851 @T t=148093 s=0.000 lv=-21.0 pk=-19.5 c0=3.5 c1=8.6 kw=8.39 inf=2.73 iv=1.14 n=3 d=0 sk=0 hf=96200 hm=92264 ht=283156 pf=0 pm=0 pt=0 ru=235348 rp=239284
18:43:13.851 @T t=148199 s=0.000 lv=-28.1 pk=-22.9 c0=3.4 c1=8.5 kw=8.29 inf=2.70 iv=1.12 n=3 d=0 sk=0 hf=96200 hm=92264 ht=283156 pf=0 pm=0 pt=0 ru=235348 rp=239284
18:43:13.851 @I ww=marvin cut=0.50 win=5 cool=1000 tick=100 wifi=1 srv=1 li=0 ln=0
18:43:13.851 @T t=148291 s=0.000 lv=-39.4 pk=-37.8 c0=13.6 c1=11.3 kw=11.04 inf=2.36 iv=1.15 n=4 d=0 sk=0 hf=96200 hm=92264 ht=283156 pf=0 pm=0 pt=0 ru=235348 rp=239284
18:43:13.852 @T t=148397 s=0.000 lv=-38.0 pk=-36.4 c0=7.7 c1=9.9 kw=9.28 inf=3.04 iv=1.41 n=3 d=0 sk=0 hf=96200 hm=92264 ht=283156 pf=0 pm=0 pt=0 ru=235348 rp=239284
18:43:13.852 @T t=148484 s=0.000 lv=-38.0 pk=-36.0 c0=4.1 c1=10.6 kw=10.41 inf=2.78 iv=1.18 n=3 d=0 sk=0 hf=96200 hm=92264 ht=283156 pf=0 pm=0 pt=0 ru=235348 rp=239284
18:43:13.852 @T t=148590 s=0.000 lv=-38.8 pk=-36.5 c0=7.4 c1=9.7 kw=9.53 inf=2.35 iv=1.15 n=4 d=0 sk=0 hf=96004 hm=92264 ht=283156 pf=0 pm=0 pt=0 ru=235544 rp=239284
18:43:13.852 @T t=148696 s=0.000 lv=-39.9 pk=-38.6 c0=6.2 c1=8.4 kw=8.29 inf=2.70 iv=1.13 n=3 d=0 sk=0 hf=96200 hm=92264 ht=283156 pf=0 pm=0 pt=0 ru=235348 rp=239284
18:43:13.852 @T t=148782 s=0.000 lv=-35.9 pk=-34.4 c0=4.2 c1=10.4 kw=10.36 inf=2.74 iv=1.14 n=3 d=0 sk=0 hf=96200 hm=92264 ht=283156 pf=0 pm=0 pt=0 ru=235348 rp=239284
18:43:13.852 @T t=148888 s=0.000 lv=-39.0 pk=-37.1 c0=3.9 c1=9.7 kw=9.35 inf=2.30 iv=1.10 n=4 d=0 sk=0 hf=96200 hm=92264 ht=283156 pf=0 pm=0 pt=0 ru=235348 rp=239284
18:43:13.852 @T t=148994 s=0.000 lv=-40.2 pk=-38.9 c0=6.1 c1=8.4 kw=8.27 inf=2.69 iv=1.12 n=3 d=0 sk=0 hf=96200 hm=92264 ht=283156 pf=0 pm=0 pt=0 ru=235348 rp=239284
18:43:13.852 @T t=149100 s=0.000 lv=-39.6 pk=-38.0 c0=3.5 c1=8.5 kw=8.30 inf=2.70 iv=1.11 n=3 d=0 sk=0 hf=96200 hm=92264 ht=283156 pf=0 pm=0 pt=0 ru=235348 rp=239284
18:43:13.852 @T t=149186 s=0.000 lv=-41.0 pk=-38.8 c0=7.4 c1=11.8 kw=11.57 inf=2.31 iv=1.10 n=4 d=0 sk=0 hf=96200 hm=92264 ht=283156 pf=0 pm=0 pt=0 ru=235348 rp=239284
18:43:13.852 @I ww=marvin cut=0.50 win=5 cool=1000 tick=100 wifi=1 srv=1 li=0 ln=0
18:43:13.852 @T t=149298 s=0.000 lv=-40.4 pk=-38.7 c0=3.9 c1=8.0 kw=7.79 inf=2.68 iv=1.10 n=3 d=0 sk=0 hf=96200 hm=92264 ht=283156 pf=0 pm=0 pt=0 ru=235348 rp=239284
18:43:13.852 @T t=149384 s=0.000 lv=-40.4 pk=-38.5 c0=4.4 c1=10.7 kw=10.47 inf=2.77 iv=1.17 n=3 d=0 sk=0 hf=96200 hm=92264 ht=283156 pf=0 pm=0 pt=0 ru=235348 rp=239284
18:43:13.853 @T t=149490 s=0.000 lv=-42.2 pk=-41.5 c0=4.0 c1=9.5 kw=9.28 inf=2.29 iv=1.10 n=4 d=0 sk=0 hf=96200 hm=92264 ht=283156 pf=0 pm=0 pt=0 ru=235348 rp=239284
18:43:13.853 @T t=149596 s=0.000 lv=-41.2 pk=-40.2 c0=3.4 c1=8.5 kw=8.33 inf=2.71 iv=1.12 n=3 d=0 sk=0 hf=96200 hm=92264 ht=283156 pf=0 pm=0 pt=0 ru=235348 rp=239284
18:43:13.853 @T t=149682 s=0.000 lv=-41.1 pk=-40.0 c0=4.2 c1=10.4 kw=10.34 inf=2.73 iv=1.14 n=3 d=0 sk=0 hf=96200 hm=92264 ht=283156 pf=0 pm=0 pt=0 ru=235348 rp=239284
18:43:13.853 @T t=149788 s=0.000 lv=-42.0 pk=-40.3 c0=3.4 c1=9.6 kw=9.27 inf=2.28 iv=1.09 n=4 d=0 sk=0 hf=96200 hm=92264 ht=283156 pf=0 pm=0 pt=0 ru=235348 rp=239284
18:43:13.853 @T t=149894 s=0.000 lv=-27.0 pk=-20.3 c0=3.5 c1=8.6 kw=8.45 inf=2.75 iv=1.14 n=3 d=0 sk=0 hf=96200 hm=92264 ht=283156 pf=0 pm=0 pt=0 ru=235348 rp=239284
18:43:13.853 @T t=150000 s=0.000 lv=-22.8 pk=-18.6 c0=3.8 c1=8.9 kw=8.73 inf=2.85 iv=1.22 n=3 d=0 sk=0 hf=96200 hm=92264 ht=283156 pf=0 pm=0 pt=0 ru=235348 rp=239284
18:43:13.853 @T t=150089 s=0.000 lv=-32.7 pk=-29.6 c0=10.9 c1=11.7 kw=11.45 inf=2.36 iv=1.14 n=4 d=0 sk=0 hf=96200 hm=92264 ht=283156 pf=0 pm=0 pt=0 ru=235348 rp=239284
18:43:16.043 @T t=150195 s=0.000 lv=-34.5 pk=-30.5 c0=3.5 c1=8.7 kw=8.57 inf=2.80 iv=1.19 n=3 d=0 sk=0 hf=96200 hm=92264 ht=283156 pf=0 pm=0 pt=0 ru=235348 rp=239284
18:43:16.043 @I ww=marvin cut=0.50 win=5 cool=1000 tick=100 wifi=1 srv=1 li=0 ln=0
18:43:16.043 @T t=150287 s=0.000 lv=-37.1 pk=-34.4 c0=13.7 c1=10.2 kw=10.03 inf=2.84 iv=1.22 n=3 d=0 sk=0 hf=96200 hm=92264 ht=283156 pf=0 pm=0 pt=0 ru=235348 rp=239284
18:43:16.043 @T t=150394 s=0.000 lv=-36.7 pk=-35.4 c0=5.0 c1=9.3 kw=9.49 inf=2.37 iv=1.17 n=4 d=0 sk=0 hf=94448 hm=92264 ht=283156 pf=0 pm=0 pt=0 ru=237100 rp=239284
18:43:16.043 @T t=150481 s=0.000 lv=-38.8 pk=-36.4 c0=11.0 c1=11.2 kw=9.05 inf=3.55 iv=1.53 n=2 d=0 sk=0 hf=96200 hm=92264 ht=283156 pf=0 pm=0 pt=0 ru=235348 rp=239284
18:43:16.043 @T t=150590 s=0.000 lv=-35.6 pk=-34.5 c0=9.7 c1=10.9 kw=10.53 inf=2.69 iv=1.25 n=4 d=0 sk=0 hf=96004 hm=92264 ht=283156 pf=0 pm=0 pt=0 ru=235544 rp=239284
18:43:16.043 @T t=150696 s=0.000 lv=-35.7 pk=-32.3 c0=6.8 c1=9.8 kw=9.61 inf=2.37 iv=1.17 n=4 d=0 sk=0 hf=96200 hm=92264 ht=283156 pf=0 pm=0 pt=0 ru=235348 rp=239284
18:43:16.043 @T t=150782 s=0.000 lv=-38.6 pk=-37.7 c0=8.2 c1=9.2 kw=8.07 inf=3.12 iv=1.21 n=2 d=0 sk=0 hf=96200 hm=92264 ht=283156 pf=0 pm=0 pt=0 ru=235348 rp=239284
18:43:16.043 @T t=150888 s=0.000 lv=-37.8 pk=-35.4 c0=3.6 c1=9.9 kw=10.47 inf=2.60 iv=1.11 n=4 d=0 sk=0 hf=96200 hm=92264 ht=283156 pf=0 pm=0 pt=0 ru=235348 rp=239284
18:43:16.043 @T t=150994 s=0.000 lv=-38.6 pk=-37.8 c0=3.4 c1=9.5 kw=9.31 inf=2.29 iv=1.10 n=4 d=0 sk=0 hf=96200 hm=92264 ht=283156 pf=0 pm=0 pt=0 ru=235348 rp=239284
18:43:16.043 @T t=151100 s=0.000 lv=-27.3 pk=-23.5 c0=3.8 c1=8.9 kw=8.70 inf=2.84 iv=1.22 n=3 d=0 sk=0 hf=96200 hm=92264 ht=283156 pf=0 pm=0 pt=0 ru=235348 rp=239284
18:43:16.043 @T t=151189 s=0.000 lv=-31.8 pk=-25.5 c0=10.8 c1=10.4 kw=10.24 inf=2.79 iv=1.17 n=3 d=0 sk=0 hf=96200 hm=92264 ht=283156 pf=0 pm=0 pt=0 ru=235348 rp=239284
18:43:16.043 @I ww=marvin cut=0.50 win=5 cool=1000 tick=100 wifi=1 srv=1 li=0 ln=0
18:43:16.043 [status] up 151s | mic -31.6 dBFS (peak -18.6) | score max 0.00 | detections 0 | inferences 334 (33.4/s; model 1.17 ms each, paused in quiet 0%; features 1.45 ms per 30 ms) | CPU core0  5.7% core1  9.7% (wake word pipeline 9.44% of one core) | RAM used 229 KB (peak 233 KB, 93 KB free) | wifi OK, server OK | audio lost since boot: i2s 0 net 0
18:43:16.043 @T t=151283 s=0.000 lv=-38.4 pk=-36.9 c0=9.9 c1=11.2 kw=11.16 inf=2.44 iv=1.20 n=4 d=0 sk=0 hf=96200 hm=92264 ht=283156 pf=0 pm=0 pt=0 ru=235348 rp=239284
18:43:16.043 @T t=151389 s=0.000 lv=-35.2 pk=-32.9 c0=3.5 c1=8.7 kw=8.41 inf=2.74 iv=1.15 n=3 d=0 sk=0 hf=96200 hm=92264 ht=283156 pf=0 pm=0 pt=0 ru=235348 rp=239284
18:43:16.044 @T t=151495 s=0.000 lv=-35.7 pk=-32.6 c0=4.0 c1=8.8 kw=8.59 inf=2.80 iv=1.20 n=3 d=0 sk=0 hf=96200 hm=92264 ht=283156 pf=0 pm=0 pt=0 ru=235348 rp=239284
18:43:16.044 @T t=151581 s=0.000 lv=-26.8 pk=-20.9 c0=4.4 c1=9.3 kw=9.40 inf=2.46 iv=1.16 n=3 d=0 sk=0 hf=96200 hm=92264 ht=283156 pf=0 pm=0 pt=0 ru=235348 rp=239284
18:43:16.044 @T t=151689 s=0.000 lv=-22.2 pk=-19.9 c0=3.3 c1=10.8 kw=10.43 inf=2.64 iv=1.16 n=4 d=0 sk=0 hf=96200 hm=92264 ht=283156 pf=0 pm=0 pt=0 ru=235348 rp=239284
18:43:16.044 @T t=151795 s=0.000 lv=-37.6 pk=-35.1 c0=3.4 c1=8.5 kw=8.30 inf=2.70 iv=1.12 n=3 d=0 sk=0 hf=96200 hm=92264 ht=283156 pf=0 pm=0 pt=0 ru=235348 rp=239284
18:43:16.044 @T t=151881 s=0.000 lv=-39.4 pk=-38.5 c0=4.4 c1=9.2 kw=9.33 inf=2.44 iv=1.14 n=3 d=0 sk=0 hf=96200 hm=92264 ht=283156 pf=0 pm=0 pt=0 ru=235348 rp=239284
18:43:16.044 @T t=151990 s=0.000 lv=-34.2 pk=-30.4 c0=8.9 c1=10.8 kw=10.40 inf=2.66 iv=1.17 n=4 d=0 sk=0 hf=96200 hm=92264 ht=283156 pf=0 pm=0 pt=0 ru=235348 rp=239284
18:43:16.044 @T t=152096 s=0.000 lv=-36.1 pk=-32.2 c0=3.5 c1=8.7 kw=8.50 inf=2.77 iv=1.17 n=3 d=0 sk=0 hf=96200 hm=92264 ht=283156 pf=0 pm=0 pt=0 ru=235348 rp=239284
18:43:16.044 @T t=152183 s=0.000 lv=-20.5 pk=-19.3 c0=4.8 c1=11.8 kw=12.17 inf=2.47 iv=1.24 n=4 d=0 sk=0 hf=96200 hm=92264 ht=283156 pf=0 pm=0 pt=0 ru=235348 rp=239284
18:43:16.044 @I ww=marvin cut=0.50 win=5 cool=1000 tick=100 wifi=1 srv=1 li=0 ln=0
18:43:16.044 @T t=152295 s=0.000 lv=-30.7 pk=-25.2 c0=4.0 c1=8.6 kw=7.91 inf=2.72 iv=1.13 n=3 d=0 sk=0 hf=96200 hm=92264 ht=283156 pf=0 pm=0 pt=0 ru=235348 rp=239284
18:43:18.655 @T t=152381 s=0.000 lv=-39.4 pk=-37.3 c0=4.3 c1=9.2 kw=9.27 inf=2.43 iv=1.14 n=3 d=0 sk=0 hf=96200 hm=92264 ht=283156 pf=0 pm=0 pt=0 ru=235348 rp=239284
18:43:18.655 @T t=152487 s=0.000 lv=-36.2 pk=-33.7 c0=10.5 c1=12.4 kw=11.91 inf=2.87 iv=1.31 n=4 d=0 sk=0 hf=96200 hm=92264 ht=283156 pf=0 pm=0 pt=0 ru=235348 rp=239284
18:43:18.655 @T t=152593 s=0.000 lv=-37.9 pk=-37.4 c0=4.3 c1=9.0 kw=8.81 inf=2.87 iv=1.26 n=3 d=0 sk=0 hf=96200 hm=92264 ht=283156 pf=0 pm=0 pt=0 ru=235348 rp=239284
18:43:18.655 @T t=152699 s=0.000 lv=-37.2 pk=-35.2 c0=6.6 c1=8.4 kw=8.27 inf=2.69 iv=1.11 n=3 d=0 sk=0 hf=96200 hm=92264 ht=283156 pf=0 pm=0 pt=0 ru=235348 rp=239284
18:43:18.655 @T t=152785 s=0.000 lv=-39.3 pk=-37.5 c0=4.1 c1=11.8 kw=11.54 inf=2.30 iv=1.11 n=4 d=0 sk=0 hf=96200 hm=92264 ht=283156 pf=0 pm=0 pt=0 ru=235348 rp=239284
18:43:18.655 @T t=152891 s=0.000 lv=-40.2 pk=-37.9 c0=3.7 c1=8.5 kw=8.34 inf=2.72 iv=1.13 n=3 d=0 sk=0 hf=96200 hm=92264 ht=283156 pf=0 pm=0 pt=0 ru=235348 rp=239284
18:43:18.655 @T t=152997 s=0.000 lv=-37.8 pk=-34.9 c0=3.4 c1=8.4 kw=8.28 inf=2.69 iv=1.12 n=3 d=0 sk=0 hf=96200 hm=92264 ht=283156 pf=0 pm=0 pt=0 ru=235348 rp=239284
18:43:18.655 @T t=153083 s=0.000 lv=-29.7 pk=-27.9 c0=8.2 c1=11.6 kw=11.60 inf=2.32 iv=1.11 n=4 d=0 sk=0 hf=96200 hm=92264 ht=283156 pf=0 pm=0 pt=0 ru=235348 rp=239284
18:43:18.655 @T t=153189 s=0.000 lv=-33.9 pk=-31.3 c0=3.7 c1=8.7 kw=8.28 inf=2.70 iv=1.12 n=3 d=0 sk=0 hf=96200 hm=92264 ht=283156 pf=0 pm=0 pt=0 ru=235348 rp=239284
18:43:18.655 @I ww=marvin cut=0.50 win=5 cool=1000 tick=100 wifi=1 srv=1 li=0 ln=0
18:43:18.655 @T t=153300 s=0.000 lv=-38.6 pk=-37.1 c0=4.1 c1=8.1 kw=7.96 inf=2.71 iv=1.13 n=3 d=0 sk=0 hf=96200 hm=92264 ht=283156 pf=0 pm=0 pt=0 ru=235348 rp=239284
18:43:18.655 @T t=153386 s=0.000 lv=-37.2 pk=-35.3 c0=4.3 c1=11.9 kw=11.69 inf=2.33 iv=1.12 n=4 d=0 sk=0 hf=96200 hm=92264 ht=283156 pf=0 pm=0 pt=0 ru=235348 rp=239284
18:43:18.655 @T t=153492 s=0.000 lv=-21.3 pk=-18.7 c0=4.0 c1=8.5 kw=8.29 inf=2.70 iv=1.12 n=3 d=0 sk=0 hf=96200 hm=92264 ht=283156 pf=0 pm=0 pt=0 ru=235348 rp=239284
18:43:18.655 @T t=153598 s=0.000 lv=-23.5 pk=-19.4 c0=3.5 c1=8.6 kw=8.45 inf=2.75 iv=1.16 n=3 d=0 sk=0 hf=96200 hm=92264 ht=283156 pf=0 pm=0 pt=0 ru=235348 rp=239284
18:43:18.655 @T t=153685 s=0.000 lv=-23.7 pk=-20.7 c0=4.2 c1=11.7 kw=11.46 inf=2.32 iv=1.12 n=4 d=0 sk=0 hf=96200 hm=92264 ht=283156 pf=0 pm=0 pt=0 ru=235348 rp=239284
18:43:18.655 @T t=153791 s=0.000 lv=-31.3 pk=-25.7 c0=3.7 c1=8.6 kw=8.38 inf=2.73 iv=1.12 n=3 d=0 sk=0 hf=96200 hm=92264 ht=283156 pf=0 pm=0 pt=0 ru=235348 rp=239284
18:43:18.655 @T t=153897 s=0.000 lv=-36.8 pk=-34.8 c0=3.6 c1=8.6 kw=8.43 inf=2.75 iv=1.15 n=3 d=0 sk=0 hf=96200 hm=92264 ht=283156 pf=0 pm=0 pt=0 ru=235348 rp=239284
18:43:18.655 @T t=153983 s=0.000 lv=-26.8 pk=-25.9 c0=4.3 c1=11.7 kw=11.64 inf=2.33 iv=1.11 n=4 d=0 sk=0 hf=96200 hm=92264 ht=283156 pf=0 pm=0 pt=0 ru=235348 rp=239284
18:43:18.655 @T t=154089 s=0.000 lv=-35.7 pk=-30.7 c0=3.4 c1=8.6 kw=8.30 inf=2.70 iv=1.12 n=3 d=0 sk=0 hf=96200 hm=92264 ht=283156 pf=0 pm=0 pt=0 ru=235348 rp=239284
18:43:18.655 @T t=154195 s=0.000 lv=-32.1 pk=-28.0 c0=3.4 c1=8.5 kw=8.34 inf=2.72 iv=1.12 n=3 d=0 sk=0 hf=96200 hm=92264 ht=283156 pf=0 pm=0 pt=0 ru=235348 rp=239284
18:43:18.655 @I ww=marvin cut=0.50 win=5 cool=1000 tick=100 wifi=1 srv=1 li=0 ln=0
18:43:18.655 @T t=154287 s=0.000 lv=-33.2 pk=-27.6 c0=5.4 c1=11.7 kw=11.41 inf=2.44 iv=1.21 n=4 d=0 sk=0 hf=96200 hm=92264 ht=283156 pf=0 pm=0 pt=0 ru=235348 rp=239284
18:43:18.655 @T t=154393 s=0.000 lv=-39.8 pk=-38.2 c0=3.6 c1=8.5 kw=8.38 inf=2.73 iv=1.15 n=3 d=0 sk=0 hf=96200 hm=92264 ht=283156 pf=0 pm=0 pt=0 ru=235348 rp=239284
18:43:18.655 @T t=154499 s=0.000 lv=-35.3 pk=-30.0 c0=5.6 c1=8.6 kw=8.38 inf=2.73 iv=1.14 n=3 d=0 sk=0 hf=94448 hm=92264 ht=283156 pf=0 pm=0 pt=0 ru=237100 rp=239284
18:43:18.655 @T t=154585 s=0.000 lv=-26.6 pk=-24.5 c0=7.9 c1=13.6 kw=12.91 inf=2.59 iv=1.33 n=4 d=0 sk=0 hf=96004 hm=92264 ht=283156 pf=0 pm=0 pt=0 ru=235544 rp=239284
18:43:18.655 @T t=154694 s=0.000 lv=-39.1 pk=-38.6 c0=3.9 c1=8.5 kw=8.35 inf=2.80 iv=1.20 n=3 d=0 sk=0 hf=96200 hm=92264 ht=283156 pf=0 pm=0 pt=0 ru=235348 rp=239284
18:43:18.655 @T t=154800 s=0.000 lv=-39.8 pk=-38.6 c0=6.6 c1=8.5 kw=8.37 inf=2.72 iv=1.14 n=3 d=0 sk=0 hf=96200 hm=92264 ht=283156 pf=0 pm=0 pt=0 ru=235348 rp=239284
18:43:18.655 @T t=154889 s=0.000 lv=-40.6 pk=-39.6 c0=4.2 c1=11.7 kw=11.48 inf=2.37 iv=1.15 n=4 d=0 sk=0 hf=96200 hm=92264 ht=283156 pf=0 pm=0 pt=0 ru=235348 rp=239284
18:43:21.143 @T t=154995 s=0.000 lv=-40.4 pk=-39.1 c0=3.4 c1=8.5 kw=8.31 inf=2.70 iv=1.13 n=3 d=0 sk=0 hf=96200 hm=92264 ht=283156 pf=0 pm=0 pt=0 ru=235348 rp=239284
18:43:21.143 @T t=155081 s=0.000 lv=-41.0 pk=-40.1 c0=4.3 c1=9.2 kw=9.26 inf=2.42 iv=1.14 n=3 d=0 sk=0 hf=96200 hm=92264 ht=283156 pf=0 pm=0 pt=0 ru=235348 rp=239284
18:43:21.144 @T t=155187 s=0.000 lv=-40.7 pk=-38.8 c0=3.4 c1=10.8 kw=10.39 inf=2.58 iv=1.09 n=4 d=0 sk=0 hf=96200 hm=92264 ht=283156 pf=0 pm=0 pt=0 ru=235348 rp=239284
18:43:21.144 @I ww=marvin cut=0.50 win=5 cool=1000 tick=100 wifi=1 srv=1 li=0 ln=0
18:43:21.144 @T t=155299 s=0.000 lv=-40.4 pk=-39.3 c0=4.0 c1=8.1 kw=7.91 inf=2.72 iv=1.13 n=3 d=0 sk=0 hf=96200 hm=92264 ht=283156 pf=0 pm=0 pt=0 ru=235348 rp=239284
18:43:21.144 @T t=155385 s=0.000 lv=-40.5 pk=-39.5 c0=4.8 c1=11.2 kw=10.96 inf=2.90 iv=1.27 n=3 d=0 sk=0 hf=96200 hm=92264 ht=283156 pf=0 pm=0 pt=0 ru=235348 rp=239284
18:43:21.144 @T t=155491 s=0.000 lv=-41.0 pk=-39.5 c0=3.6 c1=9.5 kw=9.29 inf=2.29 iv=1.10 n=4 d=0 sk=0 hf=96200 hm=92264 ht=283156 pf=0 pm=0 pt=0 ru=235348 rp=239284
18:43:21.145 @T t=155597 s=0.000 lv=-41.4 pk=-40.6 c0=4.0 c1=8.9 kw=8.67 inf=2.83 iv=1.21 n=3 d=0 sk=0 hf=96200 hm=92264 ht=283156 pf=0 pm=0 pt=0 ru=235348 rp=239284
18:43:21.145 @T t=155683 s=0.000 lv=-39.1 pk=-34.7 c0=4.3 c1=10.7 kw=10.48 inf=2.77 iv=1.17 n=3 d=0 sk=0 hf=96200 hm=92264 ht=283156 pf=0 pm=0 pt=0 ru=235348 rp=239284
18:43:21.145 @T t=155789 s=0.000 lv=-38.4 pk=-36.7 c0=3.4 c1=9.4 kw=9.27 inf=2.28 iv=1.09 n=4 d=0 sk=0 hf=96200 hm=92264 ht=283156 pf=0 pm=0 pt=0 ru=235348 rp=239284
18:43:21.145 @T t=155895 s=0.000 lv=-31.9 pk=-28.9 c0=3.9 c1=8.7 kw=8.52 inf=2.78 iv=1.16 n=3 d=0 sk=0 hf=96200 hm=92264 ht=283156 pf=0 pm=0 pt=0 ru=235348 rp=239284
18:43:21.146 @T t=155981 s=0.000 lv=-37.8 pk=-33.9 c0=4.5 c1=9.2 kw=9.29 inf=2.43 iv=1.14 n=3 d=0 sk=0 hf=96200 hm=92264 ht=283156 pf=0 pm=0 pt=0 ru=235348 rp=239284
18:43:21.146 @T t=156087 s=0.000 lv=-38.7 pk=-35.7 c0=3.5 c1=10.8 kw=10.42 inf=2.59 iv=1.10 n=4 d=0 sk=0 hf=96200 hm=92264 ht=283156 pf=0 pm=0 pt=0 ru=235348 rp=239284
18:43:21.146 @T t=156193 s=0.000 lv=-38.6 pk=-33.7 c0=3.4 c1=8.5 kw=8.32 inf=2.71 iv=1.13 n=3 d=0 sk=0 hf=96200 hm=92264 ht=283156 pf=0 pm=0 pt=0 ru=235348 rp=239284
18:43:21.146 @I ww=marvin cut=0.50 win=5 cool=1000 tick=100 wifi=1 srv=1 li=0 ln=0
18:43:21.147 @T t=156285 s=0.000 lv=-35.7 pk=-30.2 c0=5.2 c1=10.0 kw=9.73 inf=2.75 iv=1.13 n=3 d=0 sk=0 hf=96200 hm=92264 ht=283156 pf=0 pm=0 pt=0 ru=235348 rp=239284
18:43:21.147 @T t=156391 s=0.000 lv=-29.9 pk=-26.5 c0=6.7 c1=9.5 kw=9.37 inf=2.31 iv=1.12 n=4 d=0 sk=0 hf=96200 hm=92264 ht=283156 pf=0 pm=0 pt=0 ru=235348 rp=239284
18:43:21.147 @T t=156497 s=0.000 lv=-39.5 pk=-37.3 c0=6.1 c1=8.5 kw=8.32 inf=2.71 iv=1.13 n=3 d=0 sk=0 hf=96200 hm=92264 ht=283156 pf=0 pm=0 pt=0 ru=235348 rp=239284
18:43:21.148 @T t=156583 s=0.000 lv=-27.6 pk=-23.7 c0=8.1 c1=13.8 kw=11.21 inf=2.96 iv=1.28 n=3 d=0 sk=0 hf=96200 hm=92264 ht=283156 pf=0 pm=0 pt=0 ru=235348 rp=239284
18:43:21.148 @T t=156689 s=0.000 lv=-37.0 pk=-34.8 c0=3.4 c1=9.5 kw=9.33 inf=2.30 iv=1.11 n=4 d=0 sk=0 hf=96200 hm=92264 ht=283156 pf=0 pm=0 pt=0 ru=235348 rp=239284
18:43:21.148 @T t=156795 s=0.000 lv=-39.2 pk=-37.4 c0=3.4 c1=8.5 kw=8.30 inf=2.70 iv=1.12 n=3 d=0 sk=0 hf=96200 hm=92264 ht=283156 pf=0 pm=0 pt=0 ru=235348 rp=239284
18:43:21.148 @T t=156881 s=0.000 lv=-29.2 pk=-26.8 c0=4.3 c1=9.1 kw=9.24 inf=2.41 iv=1.13 n=3 d=0 sk=0 hf=96200 hm=92264 ht=283156 pf=0 pm=0 pt=0 ru=235348 rp=239284
18:43:21.148 @T t=156987 s=0.000 lv=-40.7 pk=-38.6 c0=3.5 c1=10.7 kw=10.27 inf=2.55 iv=1.08 n=4 d=0 sk=0 hf=96200 hm=92264 ht=283156 pf=0 pm=0 pt=0 ru=235348 rp=239284
18:43:21.148 @T t=157093 s=0.000 lv=-38.4 pk=-36.9 c0=3.5 c1=8.4 kw=8.29 inf=2.70 iv=1.12 n=3 d=0 sk=0 hf=96200 hm=92264 ht=283156 pf=0 pm=0 pt=0 ru=235348 rp=239284
18:43:21.148 @T t=157199 s=0.000 lv=-39.7 pk=-38.5 c0=3.4 c1=8.4 kw=8.28 inf=2.69 iv=1.12 n=3 d=0 sk=0 hf=96200 hm=92264 ht=283156 pf=0 pm=0 pt=0 ru=235348 rp=239284
18:43:21.148 @I ww=marvin cut=0.50 win=5 cool=1000 tick=100 wifi=1 srv=1 li=0 ln=0
18:43:21.148 @T t=157291 s=0.000 lv=-40.5 pk=-39.8 c0=4.8 c1=11.1 kw=10.90 inf=2.33 iv=1.13 n=4 d=0 sk=0 hf=96200 hm=92264 ht=283156 pf=0 pm=0 pt=0 ru=235348 rp=239284
18:43:21.148 @T t=157397 s=0.000 lv=-40.4 pk=-39.9 c0=4.0 c1=8.5 kw=8.34 inf=2.72 iv=1.13 n=3 d=0 sk=0 hf=96200 hm=92264 ht=283156 pf=0 pm=0 pt=0 ru=235348 rp=239284
18:43:23.745 @T t=157483 s=0.000 lv=-42.2 pk=-40.9 c0=7.4 c1=10.6 kw=10.40 inf=2.75 iv=1.16 n=3 d=0 sk=0 hf=96200 hm=92264 ht=283156 pf=0 pm=0 pt=0 ru=235348 rp=239284
18:43:23.746 @T t=157589 s=0.000 lv=-41.9 pk=-40.5 c0=3.9 c1=9.5 kw=9.34 inf=2.30 iv=1.11 n=4 d=0 sk=0 hf=96200 hm=92264 ht=283156 pf=0 pm=0 pt=0 ru=235348 rp=239284
18:43:23.746 @T t=157695 s=0.000 lv=-39.9 pk=-38.5 c0=3.4 c1=8.5 kw=8.32 inf=2.71 iv=1.12 n=3 d=0 sk=0 hf=96200 hm=92264 ht=283156 pf=0 pm=0 pt=0 ru=235348 rp=239284
18:43:23.747 @T t=157781 s=0.000 lv=-32.9 pk=-29.7 c0=4.8 c1=9.2 kw=9.25 inf=2.42 iv=1.11 n=3 d=0 sk=0 hf=96200 hm=92264 ht=283156 pf=0 pm=0 pt=0 ru=235348 rp=239284
18:43:23.747 @T t=157887 s=0.000 lv=-19.9 pk=-18.8 c0=3.6 c1=10.9 kw=10.52 inf=2.61 iv=1.12 n=4 d=0 sk=0 hf=96200 hm=92264 ht=283156 pf=0 pm=0 pt=0 ru=235348 rp=239284
18:43:23.747 @T t=157993 s=0.000 lv=-32.5 pk=-26.1 c0=3.4 c1=8.4 kw=8.25 inf=2.68 iv=1.11 n=3 d=0 sk=0 hf=96200 hm=92264 ht=283156 pf=0 pm=0 pt=0 ru=235348 rp=239284
18:43:23.747 @T t=158099 s=0.000 lv=-36.2 pk=-33.6 c0=3.4 c1=8.5 kw=8.34 inf=2.71 iv=1.12 n=3 d=0 sk=0 hf=96200 hm=92264 ht=283156 pf=0 pm=0 pt=0 ru=235348 rp=239284
18:43:23.747 @T t=158185 s=0.000 lv=-37.6 pk=-35.6 c0=4.3 c1=11.8 kw=11.61 inf=2.32 iv=1.12 n=4 d=0 sk=0 hf=96200 hm=92264 ht=283156 pf=0 pm=0 pt=0 ru=235348 rp=239284
18:43:23.747 @I ww=marvin cut=0.50 win=5 cool=1000 tick=100 wifi=1 srv=1 li=0 ln=0
18:43:23.747 @T t=158297 s=0.000 lv=-30.4 pk=-26.5 c0=3.9 c1=8.0 kw=7.83 inf=2.69 iv=1.12 n=3 d=0 sk=0 hf=96200 hm=92264 ht=283156 pf=0 pm=0 pt=0 ru=235348 rp=239284
18:43:23.748 @T t=158383 s=0.000 lv=-31.9 pk=-28.9 c0=4.3 c1=10.7 kw=10.48 inf=2.77 iv=1.17 n=3 d=0 sk=0 hf=96200 hm=92264 ht=283156 pf=0 pm=0 pt=0 ru=235348 rp=239284
18:43:23.748 @T t=158489 s=0.000 lv=-34.8 pk=-31.1 c0=3.9 c1=9.9 kw=9.65 inf=2.38 iv=1.16 n=4 d=0 sk=0 hf=96200 hm=92264 ht=283156 pf=0 pm=0 pt=0 ru=235348 rp=239284
18:43:23.748 @T t=158595 s=0.000 lv=-36.1 pk=-33.3 c0=5.6 c1=9.1 kw=8.88 inf=2.90 iv=1.28 n=3 d=0 sk=0 hf=94448 hm=92264 ht=283156 pf=0 pm=0 pt=0 ru=237100 rp=239284
18:43:23.748 @T t=158681 s=0.000 lv=-39.0 pk=-37.6 c0=6.6 c1=10.2 kw=9.89 inf=2.59 iv=1.28 n=3 d=0 sk=0 hf=96200 hm=92264 ht=283156 pf=0 pm=0 pt=0 ru=235348 rp=239284
18:43:23.748 @T t=158787 s=0.000 lv=-39.4 pk=-38.3 c0=3.5 c1=10.8 kw=10.39 inf=2.58 iv=1.09 n=4 d=0 sk=0 hf=96200 hm=92264 ht=283156 pf=0 pm=0 pt=0 ru=235348 rp=239284
18:43:23.748 @T t=158893 s=0.000 lv=-37.6 pk=-36.0 c0=4.2 c1=9.0 kw=8.78 inf=2.86 iv=1.25 n=3 d=0 sk=0 hf=96200 hm=92264 ht=283156 pf=0 pm=0 pt=0 ru=235348 rp=239284
18:43:23.748 @T t=158999 s=0.000 lv=-35.7 pk=-32.3 c0=3.4 c1=8.5 kw=8.33 inf=2.71 iv=1.14 n=3 d=0 sk=0 hf=96200 hm=92264 ht=283156 pf=0 pm=0 pt=0 ru=235348 rp=239284
18:43:23.749 @T t=159085 s=0.000 lv=-36.3 pk=-34.7 c0=8.2 c1=12.0 kw=11.73 inf=2.34 iv=1.14 n=4 d=0 sk=0 hf=96200 hm=92264 ht=283156 pf=0 pm=0 pt=0 ru=235348 rp=239284
18:43:23.749 @T t=159191 s=0.000 lv=-38.4 pk=-36.8 c0=3.4 c1=8.5 kw=8.33 inf=2.71 iv=1.13 n=3 d=0 sk=0 hf=96200 hm=92264 ht=283156 pf=0 pm=0 pt=0 ru=235348 rp=239284
18:43:23.749 @I ww=marvin cut=0.50 win=5 cool=1000 tick=100 wifi=1 srv=1 li=0 ln=0
18:43:23.749 @T t=159283 s=0.000 lv=-34.5 pk=-30.1 c0=4.9 c1=9.9 kw=9.74 inf=2.75 iv=1.15 n=3 d=0 sk=0 hf=96200 hm=92264 ht=283156 pf=0 pm=0 pt=0 ru=235348 rp=239284
18:43:23.749 @T t=159389 s=0.000 lv=-29.0 pk=-28.4 c0=3.9 c1=9.9 kw=9.66 inf=2.38 iv=1.17 n=4 d=0 sk=0 hf=96200 hm=92264 ht=283156 pf=0 pm=0 pt=0 ru=235348 rp=239284
18:43:23.749 @T t=159495 s=0.000 lv=-33.5 pk=-31.1 c0=3.5 c1=8.5 kw=8.36 inf=2.72 iv=1.14 n=3 d=0 sk=0 hf=96200 hm=92264 ht=283156 pf=0 pm=0 pt=0 ru=235348 rp=239284
18:43:23.749 @T t=159581 s=0.000 lv=-40.1 pk=-38.2 c0=4.3 c1=9.2 kw=9.24 inf=2.42 iv=1.14 n=3 d=0 sk=0 hf=96200 hm=92264 ht=283156 pf=0 pm=0 pt=0 ru=235348 rp=239284
18:43:23.749 @T t=159687 s=0.000 lv=-40.8 pk=-39.2 c0=7.1 c1=11.1 kw=10.67 inf=2.65 iv=1.14 n=4 d=0 sk=0 hf=96200 hm=92264 ht=283156 pf=0 pm=0 pt=0 ru=235348 rp=239284
18:43:23.749 @T t=159793 s=0.000 lv=-40.1 pk=-38.8 c0=3.4 c1=8.5 kw=8.32 inf=2.71 iv=1.13 n=3 d=0 sk=0 hf=96200 hm=92264 ht=283156 pf=0 pm=0 pt=0 ru=235348 rp=239284
18:43:23.749 @T t=159899 s=0.000 lv=-35.6 pk=-32.1 c0=3.6 c1=8.6 kw=8.46 inf=2.76 iv=1.15 n=3 d=0 sk=0 hf=96200 hm=92264 ht=283156 pf=0 pm=0 pt=0 ru=235348 rp=239284
18:43:23.749 @T t=159985 s=0.000 lv=-34.0 pk=-32.1 c0=4.3 c1=11.9 kw=11.67 inf=2.33 iv=1.12 n=4 d=0 sk=0 hf=96200 hm=92264 ht=283156 pf=0 pm=0 pt=0 ru=235348 rp=239284
18:43:26.045 @T t=160091 s=0.000 lv=-36.5 pk=-34.4 c0=3.5 c1=8.5 kw=8.36 inf=2.73 iv=1.14 n=3 d=0 sk=0 hf=96200 hm=92264 ht=283156 pf=0 pm=0 pt=0 ru=235348 rp=239284
18:43:26.045 @T t=160197 s=0.000 lv=-26.4 pk=-23.8 c0=3.4 c1=8.5 kw=8.37 inf=2.73 iv=1.13 n=3 d=0 sk=0 hf=96200 hm=92264 ht=283156 pf=0 pm=0 pt=0 ru=235348 rp=239284
18:43:26.045 @I ww=marvin cut=0.50 win=5 cool=1000 tick=100 wifi=1 srv=1 li=0 ln=0
18:43:26.045 @T t=160289 s=0.000 lv=-33.9 pk=-27.8 c0=5.0 c1=11.3 kw=11.05 inf=2.36 iv=1.15 n=4 d=0 sk=0 hf=96200 hm=92264 ht=283156 pf=0 pm=0 pt=0 ru=235348 rp=239284
18:43:26.045 @T t=160395 s=0.000 lv=-41.2 pk=-40.5 c0=3.6 c1=8.6 kw=8.39 inf=2.74 iv=1.15 n=3 d=0 sk=0 hf=96200 hm=92264 ht=283156 pf=0 pm=0 pt=0 ru=235348 rp=239284
18:43:26.045 @T t=160481 s=0.000 lv=-25.7 pk=-23.7 c0=4.7 c1=9.1 kw=9.23 inf=2.41 iv=1.13 n=3 d=0 sk=0 hf=96200 hm=92264 ht=283156 pf=0 pm=0 pt=0 ru=235348 rp=239284
18:43:26.045 @T t=160587 s=0.000 lv=-30.1 pk=-26.5 c0=6.7 c1=11.0 kw=10.51 inf=2.61 iv=1.12 n=4 d=0 sk=0 hf=96200 hm=92264 ht=283156 pf=0 pm=0 pt=0 ru=235348 rp=239284
18:43:26.045 @T t=160693 s=0.000 lv=-30.5 pk=-26.6 c0=7.4 c1=9.8 kw=9.16 inf=2.99 iv=1.31 n=3 d=0 sk=0 hf=96200 hm=92264 ht=283156 pf=0 pm=0 pt=0 ru=235348 rp=239284
18:43:26.045 @T t=160799 s=0.000 lv=-40.9 pk=-39.8 c0=3.4 c1=8.4 kw=8.28 inf=2.69 iv=1.11 n=3 d=0 sk=0 hf=96200 hm=92264 ht=283156 pf=0 pm=0 pt=0 ru=235348 rp=239284
18:43:26.045 @T t=160885 s=0.000 lv=-36.8 pk=-35.4 c0=5.7 c1=12.7 kw=12.41 inf=2.48 iv=1.25 n=4 d=0 sk=0 hf=96200 hm=92264 ht=283156 pf=0 pm=0 pt=0 ru=235348 rp=239284
18:43:26.045 @T t=160991 s=0.000 lv=-38.5 pk=-35.9 c0=3.4 c1=8.5 kw=8.33 inf=2.71 iv=1.13 n=3 d=0 sk=0 hf=96200 hm=92264 ht=283156 pf=0 pm=0 pt=0 ru=235348 rp=239284
18:43:26.045 @T t=161097 s=0.000 lv=-40.8 pk=-39.7 c0=3.5 c1=8.5 kw=8.31 inf=2.70 iv=1.11 n=3 d=0 sk=0 hf=96200 hm=92264 ht=283156 pf=0 pm=0 pt=0 ru=235348 rp=239284
18:43:26.045 @T t=161183 s=0.000 lv=-40.7 pk=-39.5 c0=4.2 c1=11.6 kw=11.54 inf=2.31 iv=1.11 n=4 d=0 sk=0 hf=96200 hm=92264 ht=283156 pf=0 pm=0 pt=0 ru=235348 rp=239284
18:43:26.045 @I ww=marvin cut=0.50 win=5 cool=1000 tick=100 wifi=1 srv=1 li=0 ln=0
18:43:26.045 [status] up 161s | mic -31.0 dBFS (peak -18.7) | score max 0.00 | detections 0 | inferences 334 (33.4/s; model 1.15 ms each, paused in quiet 0%; features 1.44 ms per 30 ms) | CPU core0  4.6% core1  9.7% (wake word pipeline 9.38% of one core) | RAM used 229 KB (peak 233 KB, 93 KB free) | wifi OK, server OK | audio lost since boot: i2s 0 net 0
18:43:26.045 @T t=161297 s=0.000 lv=-40.7 pk=-40.0 c0=23.7 c1=8.6 kw=8.23 inf=2.88 iv=1.25 n=3 d=0 sk=0 hf=96200 hm=92264 ht=283156 pf=0 pm=0 pt=0 ru=235348 rp=239284
18:43:26.045 @T t=161384 s=0.000 lv=-38.8 pk=-38.0 c0=4.2 c1=10.6 kw=10.37 inf=2.77 iv=1.17 n=3 d=0 sk=0 hf=96200 hm=92264 ht=283156 pf=0 pm=0 pt=0 ru=235348 rp=239284
18:43:26.045 @T t=161490 s=0.000 lv=-39.0 pk=-38.5 c0=3.6 c1=9.4 kw=9.21 inf=2.27 iv=1.08 n=4 d=0 sk=0 hf=96200 hm=92264 ht=283156 pf=0 pm=0 pt=0 ru=235348 rp=239284
18:43:26.045 @T t=161596 s=0.000 lv=-40.6 pk=-40.0 c0=3.5 c1=8.5 kw=8.31 inf=2.71 iv=1.12 n=3 d=0 sk=0 hf=96200 hm=92264 ht=283156 pf=0 pm=0 pt=0 ru=235348 rp=239284
18:43:26.045 @T t=161683 s=0.000 lv=-30.5 pk=-27.2 c0=5.2 c1=10.7 kw=10.47 inf=2.80 iv=1.18 n=3 d=0 sk=0 hf=96200 hm=92264 ht=283156 pf=0 pm=0 pt=0 ru=235348 rp=239284
18:43:26.045 @T t=161789 s=0.000 lv=-36.5 pk=-31.7 c0=6.6 c1=9.4 kw=9.28 inf=2.29 iv=1.09 n=4 d=0 sk=0 hf=96200 hm=92264 ht=283156 pf=0 pm=0 pt=0 ru=235348 rp=239284
18:43:26.046 @T t=161895 s=0.000 lv=-33.4 pk=-27.7 c0=3.6 c1=8.8 kw=8.57 inf=2.79 iv=1.19 n=3 d=0 sk=0 hf=96200 hm=92264 ht=283156 pf=0 pm=0 pt=0 ru=235348 rp=239284
18:43:26.046 @T t=161981 s=0.000 lv=-26.6 pk=-24.1 c0=4.2 c1=9.4 kw=9.50 inf=2.49 iv=1.19 n=3 d=0 sk=0 hf=96200 hm=92264 ht=283156 pf=0 pm=0 pt=0 ru=235348 rp=239284
18:43:26.046 @T t=162087 s=0.000 lv=-26.3 pk=-23.6 c0=6.8 c1=11.1 kw=10.72 inf=2.66 iv=1.17 n=4 d=0 sk=0 hf=96200 hm=92264 ht=283156 pf=0 pm=0 pt=0 ru=235348 rp=239284
18:43:26.046 @T t=162193 s=0.000 lv=-34.6 pk=-30.6 c0=3.4 c1=8.7 kw=8.49 inf=2.77 iv=1.17 n=3 d=0 sk=0 hf=96200 hm=92264 ht=283156 pf=0 pm=0 pt=0 ru=235348 rp=239284
18:43:26.046 @I ww=marvin cut=0.50 win=5 cool=1000 tick=100 wifi=1 srv=1 li=0 ln=0
18:43:26.046 @T t=162285 s=0.000 lv=-37.4 pk=-36.0 c0=4.9 c1=10.1 kw=9.85 inf=2.78 iv=1.20 n=3 d=0 sk=0 hf=96200 hm=92264 ht=283156 pf=0 pm=0 pt=0 ru=235348 rp=239284
18:43:28.554 @T t=162391 s=0.000 lv=-38.0 pk=-34.7 c0=3.5 c1=9.5 kw=9.32 inf=2.30 iv=1.11 n=4 d=0 sk=0 hf=96200 hm=92264 ht=283156 pf=0 pm=0 pt=0 ru=235348 rp=239284
18:43:28.554 @T t=162497 s=0.000 lv=-40.0 pk=-38.8 c0=3.5 c1=8.5 kw=8.29 inf=2.70 iv=1.12 n=3 d=0 sk=0 hf=96200 hm=92264 ht=283156 pf=0 pm=0 pt=0 ru=235348 rp=239284
18:43:28.554 @T t=162583 s=0.000 lv=-21.6 pk=-20.2 c0=4.8 c1=11.1 kw=10.82 inf=2.86 iv=1.22 n=3 d=0 sk=0 hf=96200 hm=92264 ht=283156 pf=0 pm=0 pt=0 ru=235348 rp=239284
18:43:28.554 @T t=162689 s=0.000 lv=-25.8 pk=-20.8 c0=5.3 c1=10.0 kw=9.82 inf=2.42 iv=1.21 n=4 d=0 sk=0 hf=94448 hm=92264 ht=283156 pf=0 pm=0 pt=0 ru=237100 rp=239284
18:43:28.554 @T t=162795 s=0.000 lv=-37.1 pk=-34.6 c0=5.3 c1=9.5 kw=8.95 inf=2.92 iv=1.27 n=3 d=0 sk=0 hf=96200 hm=92264 ht=283156 pf=0 pm=0 pt=0 ru=235348 rp=239284
18:43:28.554 @T t=162881 s=0.000 lv=-39.5 pk=-38.0 c0=8.4 c1=9.6 kw=9.69 inf=2.54 iv=1.23 n=3 d=0 sk=0 hf=96200 hm=92264 ht=283156 pf=0 pm=0 pt=0 ru=235348 rp=239284
18:43:28.554 @T t=162987 s=0.000 lv=-29.2 pk=-23.5 c0=3.5 c1=10.9 kw=10.48 inf=2.60 iv=1.11 n=4 d=0 sk=0 hf=96200 hm=92264 ht=283156 pf=0 pm=0 pt=0 ru=235348 rp=239284
18:43:28.554 @T t=163093 s=0.000 lv=-27.6 pk=-22.4 c0=3.5 c1=8.6 kw=8.42 inf=2.74 iv=1.15 n=3 d=0 sk=0 hf=96200 hm=92264 ht=283156 pf=0 pm=0 pt=0 ru=235348 rp=239284
18:43:28.554 @T t=163199 s=0.000 lv=-34.2 pk=-31.7 c0=6.6 c1=8.5 kw=8.35 inf=2.72 iv=1.14 n=3 d=0 sk=0 hf=96200 hm=92264 ht=283156 pf=0 pm=0 pt=0 ru=235348 rp=239284
18:43:28.554 @I ww=marvin cut=0.50 win=5 cool=1000 tick=100 wifi=1 srv=1 li=0 ln=0
18:43:28.554 @T t=163291 s=0.000 lv=-38.9 pk=-36.5 c0=5.0 c1=11.2 kw=11.00 inf=2.35 iv=1.15 n=4 d=0 sk=0 hf=96200 hm=92264 ht=283156 pf=0 pm=0 pt=0 ru=235348 rp=239284
18:43:28.554 @T t=163397 s=0.000 lv=-40.6 pk=-39.3 c0=3.6 c1=8.5 kw=8.37 inf=2.73 iv=1.15 n=3 d=0 sk=0 hf=96200 hm=92264 ht=283156 pf=0 pm=0 pt=0 ru=235348 rp=239284
18:43:28.554 @T t=163484 s=0.000 lv=-41.6 pk=-40.6 c0=4.2 c1=10.6 kw=10.36 inf=2.77 iv=1.17 n=3 d=0 sk=0 hf=96200 hm=92264 ht=283156 pf=0 pm=0 pt=0 ru=235348 rp=239284
18:43:28.554 @T t=163590 s=0.000 lv=-41.6 pk=-39.9 c0=3.5 c1=9.5 kw=9.30 inf=2.29 iv=1.10 n=4 d=0 sk=0 hf=96200 hm=92264 ht=283156 pf=0 pm=0 pt=0 ru=235348 rp=239284
18:43:28.554 @T t=163696 s=0.000 lv=-41.1 pk=-40.3 c0=3.8 c1=8.9 kw=8.74 inf=2.85 iv=1.24 n=3 d=0 sk=0 hf=96200 hm=92264 ht=283156 pf=0 pm=0 pt=0 ru=235348 rp=239284
18:43:28.554 @T t=163782 s=0.000 lv=-40.4 pk=-38.4 c0=4.9 c1=10.7 kw=10.71 inf=2.83 iv=1.21 n=3 d=0 sk=0 hf=96200 hm=92264 ht=283156 pf=0 pm=0 pt=0 ru=235348 rp=239284
18:43:28.554 @T t=163888 s=0.000 lv=-41.3 pk=-40.2 c0=3.6 c1=9.7 kw=9.37 inf=2.31 iv=1.12 n=4 d=0 sk=0 hf=96200 hm=92264 ht=283156 pf=0 pm=0 pt=0 ru=235348 rp=239284
18:43:28.554 @T t=163994 s=0.000 lv=-41.5 pk=-40.0 c0=3.4 c1=8.5 kw=8.30 inf=2.70 iv=1.13 n=3 d=0 sk=0 hf=96200 hm=92264 ht=283156 pf=0 pm=0 pt=0 ru=235348 rp=239284
18:43:28.554 @T t=164100 s=0.000 lv=-40.5 pk=-39.1 c0=3.5 c1=8.5 kw=8.37 inf=2.72 iv=1.14 n=3 d=0 sk=0 hf=96200 hm=92264 ht=283156 pf=0 pm=0 pt=0 ru=235348 rp=239284
18:43:28.554 @T t=164186 s=0.000 lv=-36.6 pk=-31.2 c0=4.3 c1=11.9 kw=11.70 inf=2.33 iv=1.12 n=4 d=0 sk=0 hf=96200 hm=92264 ht=283156 pf=0 pm=0 pt=0 ru=235348 rp=239284
18:43:28.554 @I ww=marvin cut=0.50 win=5 cool=1000 tick=100 wifi=1 srv=1 li=0 ln=0
18:43:28.554 @T t=164298 s=0.000 lv=-33.6 pk=-30.3 c0=4.0 c1=8.1 kw=7.88 inf=2.71 iv=1.13 n=3 d=0 sk=0 hf=96200 hm=92264 ht=283156 pf=0 pm=0 pt=0 ru=235348 rp=239284
18:43:28.554 @T t=164384 s=0.000 lv=-20.3 pk=-18.8 c0=4.4 c1=10.8 kw=10.57 inf=2.80 iv=1.18 n=3 d=0 sk=0 hf=96200 hm=92264 ht=283156 pf=0 pm=0 pt=0 ru=235348 rp=239284
18:43:28.554 @T t=164490 s=0.000 lv=-34.1 pk=-28.7 c0=3.5 c1=9.4 kw=9.27 inf=2.28 iv=1.10 n=4 d=0 sk=0 hf=96200 hm=92264 ht=283156 pf=0 pm=0 pt=0 ru=235348 rp=239284
18:43:28.554 @T t=164596 s=0.000 lv=-27.7 pk=-24.6 c0=3.5 c1=8.6 kw=8.40 inf=2.74 iv=1.14 n=3 d=0 sk=0 hf=96200 hm=92264 ht=283156 pf=0 pm=0 pt=0 ru=235348 rp=239284
18:43:28.554 @T t=164682 s=0.000 lv=-28.5 pk=-26.1 c0=4.2 c1=10.3 kw=10.35 inf=2.73 iv=1.14 n=3 d=0 sk=0 hf=96200 hm=92264 ht=283156 pf=0 pm=0 pt=0 ru=235348 rp=239284
18:43:28.554 @T t=164788 s=0.000 lv=-36.9 pk=-35.0 c0=7.7 c1=11.4 kw=10.90 inf=2.70 iv=1.46 n=4 d=0 sk=0 hf=96200 hm=92264 ht=283156 pf=0 pm=0 pt=0 ru=235348 rp=239284
18:43:31.046 @T t=164894 s=0.000 lv=-31.5 pk=-29.2 c0=4.7 c1=9.2 kw=9.01 inf=2.95 iv=1.31 n=3 d=0 sk=0 hf=96200 hm=92264 ht=283156 pf=0 pm=0 pt=0 ru=235348 rp=239284
18:43:31.047 @T t=165000 s=0.000 lv=-35.1 pk=-31.8 c0=3.4 c1=8.5 kw=8.33 inf=2.71 iv=1.12 n=3 d=0 sk=0 hf=96200 hm=92264 ht=283156 pf=0 pm=0 pt=0 ru=235348 rp=239284
18:43:31.047 @T t=165089 s=0.000 lv=-38.5 pk=-36.9 c0=4.1 c1=11.6 kw=11.34 inf=2.34 iv=1.13 n=4 d=0 sk=0 hf=96200 hm=92264 ht=283156 pf=0 pm=0 pt=0 ru=235348 rp=239284
18:43:31.047 @T t=165195 s=0.000 lv=-36.3 pk=-34.3 c0=3.4 c1=8.5 kw=8.29 inf=2.70 iv=1.12 n=3 d=0 sk=0 hf=96200 hm=92264 ht=283156 pf=0 pm=0 pt=0 ru=235348 rp=239284
18:43:31.047 @I ww=marvin cut=0.50 win=5 cool=1000 tick=100 wifi=1 srv=1 li=0 ln=0
18:43:31.047 @T t=165287 s=0.000 lv=-37.6 pk=-33.9 c0=4.9 c1=10.0 kw=9.75 inf=2.75 iv=1.16 n=3 d=0 sk=0 hf=96200 hm=92264 ht=283156 pf=0 pm=0 pt=0 ru=235348 rp=239284
18:43:31.047 @T t=165393 s=0.000 lv=-30.5 pk=-27.0 c0=3.5 c1=9.5 kw=9.34 inf=2.30 iv=1.11 n=4 d=0 sk=0 hf=96200 hm=92264 ht=283156 pf=0 pm=0 pt=0 ru=235348 rp=239284
18:43:31.047 @T t=165499 s=0.000 lv=-29.2 pk=-27.2 c0=3.5 c1=8.5 kw=8.30 inf=2.70 iv=1.12 n=3 d=0 sk=0 hf=96200 hm=92264 ht=283156 pf=0 pm=0 pt=0 ru=235348 rp=239284
18:43:31.047 @T t=165585 s=0.000 lv=-37.2 pk=-35.1 c0=8.0 c1=10.7 kw=10.45 inf=2.76 iv=1.15 n=3 d=0 sk=0 hf=96200 hm=92264 ht=283156 pf=0 pm=0 pt=0 ru=235348 rp=239284
18:43:31.047 @T t=165691 s=0.000 lv=-38.8 pk=-35.9 c0=6.6 c1=9.3 kw=9.14 inf=2.25 iv=1.07 n=4 d=0 sk=0 hf=96200 hm=92264 ht=283156 pf=0 pm=0 pt=0 ru=235348 rp=239284
18:43:31.047 @T t=165797 s=0.000 lv=-35.9 pk=-32.3 c0=3.9 c1=8.4 kw=8.27 inf=2.69 iv=1.11 n=3 d=0 sk=0 hf=96200 hm=92264 ht=283156 pf=0 pm=0 pt=0 ru=235348 rp=239284
18:43:31.047 @T t=165883 s=0.000 lv=-27.8 pk=-23.8 c0=4.4 c1=10.7 kw=10.50 inf=2.77 iv=1.17 n=3 d=0 sk=0 hf=96200 hm=92264 ht=283156 pf=0 pm=0 pt=0 ru=235348 rp=239284
18:43:31.047 @T t=165989 s=0.000 lv=-29.4 pk=-24.6 c0=3.8 c1=9.4 kw=9.20 inf=2.27 iv=1.08 n=4 d=0 sk=0 hf=96200 hm=92264 ht=283156 pf=0 pm=0 pt=0 ru=235348 rp=239284
18:43:31.047 @T t=166095 s=0.000 lv=-35.2 pk=-34.3 c0=3.5 c1=8.5 kw=8.33 inf=2.71 iv=1.13 n=3 d=0 sk=0 hf=96200 hm=92264 ht=283156 pf=0 pm=0 pt=0 ru=235348 rp=239284
18:43:31.047 @T t=166181 s=0.000 lv=-36.1 pk=-33.3 c0=4.2 c1=9.1 kw=9.21 inf=2.41 iv=1.12 n=3 d=0 sk=0 hf=96200 hm=92264 ht=283156 pf=0 pm=0 pt=0 ru=235348 rp=239284
18:43:31.047 @I ww=marvin cut=0.50 win=5 cool=1000 tick=100 wifi=1 srv=1 li=0 ln=0
18:43:31.047 @T t=166293 s=0.000 lv=-38.8 pk=-36.7 c0=4.0 c1=10.2 kw=9.82 inf=2.57 iv=1.10 n=4 d=0 sk=0 hf=96200 hm=92264 ht=283156 pf=0 pm=0 pt=0 ru=235348 rp=239284
18:43:31.047 @T t=166399 s=0.000 lv=-36.0 pk=-33.0 c0=3.6 c1=8.7 kw=8.56 inf=2.79 iv=1.18 n=3 d=0 sk=0 hf=96200 hm=92264 ht=283156 pf=0 pm=0 pt=0 ru=235348 rp=239284
18:43:31.047 @T t=166485 s=0.000 lv=-29.3 pk=-26.9 c0=4.3 c1=11.0 kw=10.77 inf=2.85 iv=1.23 n=3 d=0 sk=0 hf=96200 hm=92264 ht=283156 pf=0 pm=0 pt=0 ru=235348 rp=239284
18:43:31.047 @T t=166591 s=0.000 lv=-36.1 pk=-34.0 c0=3.5 c1=9.5 kw=9.29 inf=2.29 iv=1.10 n=4 d=0 sk=0 hf=96200 hm=92264 ht=283156 pf=0 pm=0 pt=0 ru=235348 rp=239284
18:43:31.047 @T t=166697 s=0.000 lv=-38.3 pk=-37.0 c0=3.4 c1=8.4 kw=8.28 inf=2.69 iv=1.11 n=3 d=0 sk=0 hf=96200 hm=92264 ht=283156 pf=0 pm=0 pt=0 ru=235348 rp=239284
18:43:31.047 @T t=166783 s=0.000 lv=-38.3 pk=-34.5 c0=4.2 c1=10.6 kw=10.38 inf=2.74 iv=1.15 n=3 d=0 sk=0 hf=96200 hm=92264 ht=283156 pf=0 pm=0 pt=0 ru=235348 rp=239284
18:43:31.047 @T t=166890 s=0.000 lv=-37.8 pk=-34.2 c0=6.8 c1=11.9 kw=10.24 inf=2.55 iv=1.31 n=4 d=0 sk=0 hf=96200 hm=92264 ht=283156 pf=0 pm=0 pt=0 ru=235348 rp=239284
18:43:31.047 @T t=166996 s=0.000 lv=-39.4 pk=-38.9 c0=6.1 c1=8.5 kw=8.35 inf=2.72 iv=1.12 n=3 d=0 sk=0 hf=96200 hm=92264 ht=283156 pf=0 pm=0 pt=0 ru=235348 rp=239284
18:43:31.047 @T t=167082 s=0.000 lv=-33.2 pk=-31.3 c0=4.8 c1=10.8 kw=10.80 inf=2.85 iv=1.22 n=3 d=0 sk=0 hf=96200 hm=92264 ht=283156 pf=0 pm=0 pt=0 ru=235348 rp=239284
18:43:31.047 @T t=167188 s=0.000 lv=-39.0 pk=-37.9 c0=3.5 c1=9.6 kw=9.29 inf=2.29 iv=1.10 n=4 d=0 sk=0 hf=96200 hm=92264 ht=283156 pf=0 pm=0 pt=0 ru=235348 rp=239284
18:43:31.047 @I ww=marvin cut=0.50 win=5 cool=1000 tick=100 wifi=1 srv=1 li=0 ln=0
18:43:31.047 @T t=167300 s=0.000 lv=-39.6 pk=-38.1 c0=4.1 c1=8.0 kw=7.88 inf=2.71 iv=1.13 n=3 d=0 sk=0 hf=96200 hm=92264 ht=283156 pf=0 pm=0 pt=0 ru=235348 rp=239284
18:43:33.643 @T t=167387 s=0.000 lv=-39.0 pk=-38.0 c0=9.2 c1=10.7 kw=10.51 inf=2.80 iv=1.17 n=3 d=0 sk=0 hf=96200 hm=92264 ht=283156 pf=0 pm=0 pt=0 ru=235348 rp=239284
18:43:33.644 @T t=167494 s=0.000 lv=-40.8 pk=-38.9 c0=3.5 c1=9.4 kw=9.18 inf=2.28 iv=1.10 n=4 d=0 sk=0 hf=96200 hm=92264 ht=283156 pf=0 pm=0 pt=0 ru=235348 rp=239284
18:43:33.644 @T t=167600 s=0.000 lv=-40.5 pk=-38.8 c0=3.5 c1=8.6 kw=8.38 inf=2.73 iv=1.14 n=3 d=0 sk=0 hf=96200 hm=92264 ht=283156 pf=0 pm=0 pt=0 ru=235348 rp=239284
18:43:33.644 @T t=167689 s=0.000 lv=-39.5 pk=-37.2 c0=4.0 c1=10.4 kw=10.16 inf=2.77 iv=1.16 n=3 d=0 sk=0 hf=96200 hm=92264 ht=283156 pf=0 pm=0 pt=0 ru=235348 rp=239284
18:43:33.645 @T t=167795 s=0.000 lv=-30.4 pk=-28.8 c0=3.4 c1=9.4 kw=9.24 inf=2.28 iv=1.09 n=4 d=0 sk=0 hf=96200 hm=92264 ht=283156 pf=0 pm=0 pt=0 ru=235348 rp=239284
18:43:33.645 @T t=167881 s=0.000 lv=-34.9 pk=-33.6 c0=5.1 c1=8.4 kw=8.41 inf=3.26 iv=1.31 n=2 d=0 sk=0 hf=96220 hm=92264 ht=283156 pf=0 pm=0 pt=0 ru=235328 rp=239284
18:43:33.645 @T t=167990 s=0.000 lv=-27.0 pk=-23.2 c0=8.9 c1=10.9 kw=10.46 inf=2.68 iv=1.24 n=4 d=0 sk=0 hf=96220 hm=92264 ht=283156 pf=0 pm=0 pt=0 ru=235328 rp=239284
18:43:33.645 @T t=168096 s=0.000 lv=-37.7 pk=-36.6 c0=3.5 c1=9.5 kw=9.30 inf=2.29 iv=1.11 n=4 d=0 sk=0 hf=96220 hm=92264 ht=283156 pf=0 pm=0 pt=0 ru=235328 rp=239284
18:43:33.645 @T t=168182 s=0.000 lv=-28.2 pk=-25.2 c0=4.6 c1=9.2 kw=8.08 inf=3.12 iv=1.17 n=2 d=0 sk=0 hf=96220 hm=92264 ht=283156 pf=0 pm=0 pt=0 ru=235328 rp=239284
18:43:33.645 @I ww=marvin cut=0.50 win=5 cool=1000 tick=100 wifi=1 srv=1 li=0 ln=0
18:43:33.645 @T t=168294 s=0.000 lv=-32.2 pk=-27.0 c0=11.4 c1=9.8 kw=10.29 inf=2.71 iv=1.25 n=4 d=0 sk=0 hf=96220 hm=92264 ht=283156 pf=0 pm=0 pt=0 ru=235328 rp=239284
18:43:33.646 @T t=168400 s=0.000 lv=-39.4 pk=-36.7 c0=3.6 c1=9.5 kw=9.34 inf=2.30 iv=1.11 n=4 d=0 sk=0 hf=96220 hm=92264 ht=283156 pf=0 pm=0 pt=0 ru=235328 rp=239284
18:43:33.647 @T t=168489 s=0.000 lv=-25.8 pk=-22.3 c0=10.8 c1=10.4 kw=10.14 inf=2.76 iv=1.14 n=3 d=0 sk=0 hf=96220 hm=92264 ht=283156 pf=0 pm=0 pt=0 ru=235328 rp=239284
18:43:33.647 @T t=168595 s=0.000 lv=-35.8 pk=-33.6 c0=3.5 c1=8.5 kw=8.33 inf=2.71 iv=1.13 n=3 d=0 sk=0 hf=96220 hm=92264 ht=283156 pf=0 pm=0 pt=0 ru=235328 rp=239284
18:43:33.647 @T t=168681 s=0.000 lv=-39.8 pk=-38.2 c0=4.2 c1=9.2 kw=9.32 inf=2.44 iv=1.15 n=3 d=0 sk=0 hf=96220 hm=92264 ht=283156 pf=0 pm=0 pt=0 ru=235328 rp=239284
18:43:33.647 @T t=168789 s=0.000 lv=-27.6 pk=-21.9 c0=3.2 c1=10.8 kw=10.38 inf=2.63 iv=1.15 n=4 d=0 sk=0 hf=96220 hm=92264 ht=283156 pf=0 pm=0 pt=0 ru=235328 rp=239284
18:43:33.647 @T t=168895 s=0.000 lv=-21.6 pk=-19.6 c0=7.5 c1=9.7 kw=9.05 inf=2.95 iv=1.27 n=3 d=0 sk=0 hf=96220 hm=92264 ht=283156 pf=0 pm=0 pt=0 ru=235328 rp=239284
18:43:33.647 @T t=168981 s=0.000 lv=-31.2 pk=-26.2 c0=4.3 c1=9.2 kw=9.32 inf=2.44 iv=1.16 n=3 d=0 sk=0 hf=96220 hm=92264 ht=283156 pf=0 pm=0 pt=0 ru=235328 rp=239284
18:43:33.647 @T t=169089 s=0.000 lv=-34.2 pk=-32.6 c0=3.8 c1=11.2 kw=10.72 inf=2.72 iv=1.23 n=4 d=0 sk=0 hf=96220 hm=92264 ht=283156 pf=0 pm=0 pt=0 ru=235328 rp=239284
18:43:33.647 @T t=169195 s=0.000 lv=-39.4 pk=-38.5 c0=3.5 c1=8.4 kw=8.26 inf=2.69 iv=1.11 n=3 d=0 sk=0 hf=96220 hm=92264 ht=283156 pf=0 pm=0 pt=0 ru=235328 rp=239284
18:43:33.647 @I ww=marvin cut=0.50 win=5 cool=1000 tick=100 wifi=1 srv=1 li=0 ln=0
18:43:33.647 @T t=169287 s=0.000 lv=-36.9 pk=-32.9 c0=5.4 c1=11.5 kw=11.28 inf=2.41 iv=1.20 n=4 d=0 sk=0 hf=96220 hm=92264 ht=283156 pf=0 pm=0 pt=0 ru=235328 rp=239284
18:43:33.647 @T t=169393 s=0.000 lv=-35.1 pk=-33.1 c0=3.5 c1=8.6 kw=8.46 inf=2.76 iv=1.16 n=3 d=0 sk=0 hf=96220 hm=92264 ht=283156 pf=0 pm=0 pt=0 ru=235328 rp=239284
18:43:33.647 @T t=169499 s=0.000 lv=-39.1 pk=-35.7 c0=3.5 c1=8.5 kw=8.34 inf=2.71 iv=1.12 n=3 d=0 sk=0 hf=96220 hm=92264 ht=283156 pf=0 pm=0 pt=0 ru=235328 rp=239284
18:43:33.648 @T t=169585 s=0.000 lv=-40.2 pk=-39.1 c0=4.4 c1=11.9 kw=11.68 inf=2.34 iv=1.13 n=4 d=0 sk=0 hf=96220 hm=92264 ht=283156 pf=0 pm=0 pt=0 ru=235328 rp=239284
18:43:33.648 @T t=169691 s=0.000 lv=-33.4 pk=-31.3 c0=3.4 c1=8.5 kw=8.30 inf=2.70 iv=1.12 n=3 d=0 sk=0 hf=96220 hm=92264 ht=283156 pf=0 pm=0 pt=0 ru=235328 rp=239284
18:43:33.648 @T t=169797 s=0.000 lv=-38.2 pk=-34.9 c0=3.4 c1=8.4 kw=8.25 inf=2.68 iv=1.12 n=3 d=0 sk=0 hf=96220 hm=92264 ht=283156 pf=0 pm=0 pt=0 ru=235328 rp=239284
18:43:33.648 @T t=169883 s=0.000 lv=-40.0 pk=-38.6 c0=5.0 c1=11.7 kw=11.98 inf=2.40 iv=1.17 n=4 d=0 sk=0 hf=96220 hm=92264 ht=283156 pf=0 pm=0 pt=0 ru=235328 rp=239284
18:43:35.947 @T t=169989 s=0.000 lv=-36.5 pk=-32.5 c0=3.4 c1=8.9 kw=8.30 inf=2.70 iv=1.12 n=3 d=0 sk=0 hf=96220 hm=92264 ht=283156 pf=0 pm=0 pt=0 ru=235328 rp=239284
18:43:35.947 @T t=170095 s=0.000 lv=-29.3 pk=-27.1 c0=3.5 c1=8.4 kw=8.24 inf=2.68 iv=1.10 n=3 d=0 sk=0 hf=96220 hm=92264 ht=283156 pf=0 pm=0 pt=0 ru=235328 rp=239284
18:43:35.947 @T t=170181 s=0.000 lv=-39.7 pk=-38.9 c0=4.0 c1=9.2 kw=9.26 inf=2.42 iv=1.14 n=3 d=0 sk=0 hf=96220 hm=92264 ht=283156 pf=0 pm=0 pt=0 ru=235328 rp=239284
18:43:35.948 @I ww=marvin cut=0.50 win=5 cool=1000 tick=100 wifi=1 srv=1 li=0 ln=0
18:43:35.948 @T t=170296 s=0.000 lv=-36.3 pk=-31.3 c0=3.8 c1=10.1 kw=9.76 inf=2.63 iv=1.15 n=4 d=0 sk=0 hf=96220 hm=92264 ht=283156 pf=0 pm=0 pt=0 ru=235328 rp=239284
18:43:35.948 @T t=170382 s=0.000 lv=-21.9 pk=-20.6 c0=8.3 c1=10.4 kw=10.40 inf=2.75 iv=1.14 n=3 d=0 sk=0 hf=96220 hm=92264 ht=283156 pf=0 pm=0 pt=0 ru=235328 rp=239284
18:43:35.948 @T t=170488 s=0.000 lv=-28.9 pk=-23.0 c0=3.9 c1=9.9 kw=9.53 inf=2.35 iv=1.14 n=4 d=0 sk=0 hf=96220 hm=92264 ht=283156 pf=0 pm=0 pt=0 ru=235328 rp=239284
18:43:35.948 @T t=170594 s=0.000 lv=-29.8 pk=-26.4 c0=3.5 c1=8.6 kw=8.42 inf=2.74 iv=1.13 n=3 d=0 sk=0 hf=96220 hm=92264 ht=283156 pf=0 pm=0 pt=0 ru=235328 rp=239284
18:43:35.948 @T t=170700 s=0.000 lv=-33.7 pk=-28.8 c0=3.4 c1=8.5 kw=8.35 inf=2.72 iv=1.14 n=3 d=0 sk=0 hf=96220 hm=92264 ht=283156 pf=0 pm=0 pt=0 ru=235328 rp=239284
18:43:35.948 @T t=170789 s=0.000 lv=-40.0 pk=-39.0 c0=3.9 c1=11.5 kw=11.28 inf=2.33 iv=1.11 n=4 d=0 sk=0 hf=96220 hm=92264 ht=283156 pf=0 pm=0 pt=0 ru=235328 rp=239284
18:43:35.948 @T t=170895 s=0.000 lv=-39.6 pk=-38.1 c0=5.7 c1=9.1 kw=8.89 inf=2.90 iv=1.28 n=3 d=0 sk=0 hf=94456 hm=92264 ht=283156 pf=0 pm=0 pt=0 ru=237092 rp=239284
18:43:35.948 @T t=170982 s=0.000 lv=-39.8 pk=-39.1 c0=6.7 c1=11.3 kw=10.86 inf=2.91 iv=1.28 n=3 d=0 sk=0 hf=96220 hm=92264 ht=283156 pf=0 pm=0 pt=0 ru=235328 rp=239284
18:43:35.948 @T t=171088 s=0.000 lv=-39.3 pk=-38.8 c0=4.2 c1=10.0 kw=9.68 inf=2.39 iv=1.18 n=4 d=0 sk=0 hf=96024 hm=92264 ht=283156 pf=0 pm=0 pt=0 ru=235524 rp=239284
18:43:35.948 @T t=171193 s=0.000 lv=-36.8 pk=-35.3 c0=3.8 c1=8.7 kw=8.50 inf=2.74 iv=1.15 n=3 d=0 sk=0 hf=96220 hm=92264 ht=283156 pf=0 pm=0 pt=0 ru=235328 rp=239284
18:43:35.948 @I ww=marvin cut=0.50 win=5 cool=1000 tick=100 wifi=1 srv=1 li=0 ln=0
18:43:35.948 [status] up 171s | mic -31.1 dBFS (peak -18.8) | score max 0.00 | detections 0 | inferences 333 (33.3/s; model 1.16 ms each, paused in quiet 0%; features 1.45 ms per 30 ms) | CPU core0  4.8% core1  9.6% (wake word pipeline 9.37% of one core) | RAM used 229 KB (peak 233 KB, 93 KB free) | wifi OK, server OK | audio lost since boot: i2s 0 net 0
18:43:35.949 @T t=171287 s=0.000 lv=-37.7 pk=-35.8 c0=28.8 c1=10.3 kw=10.09 inf=2.92 iv=1.27 n=3 d=0 sk=0 hf=96220 hm=92264 ht=283156 pf=0 pm=0 pt=0 ru=235328 rp=239284
18:43:35.949 @T t=171393 s=0.000 lv=-39.2 pk=-37.8 c0=3.5 c1=9.5 kw=9.34 inf=2.30 iv=1.11 n=4 d=0 sk=0 hf=96220 hm=92264 ht=283156 pf=0 pm=0 pt=0 ru=235328 rp=239284
18:43:35.949 @T t=171499 s=0.000 lv=-39.1 pk=-37.7 c0=3.5 c1=8.5 kw=8.36 inf=2.72 iv=1.13 n=3 d=0 sk=0 hf=96220 hm=92264 ht=283156 pf=0 pm=0 pt=0 ru=235328 rp=239284
18:43:35.949 @T t=171585 s=0.000 lv=-39.0 pk=-37.4 c0=8.7 c1=11.1 kw=10.83 inf=2.86 iv=1.23 n=3 d=0 sk=0 hf=96220 hm=92264 ht=283156 pf=0 pm=0 pt=0 ru=235328 rp=239284
18:43:35.949 @T t=171691 s=0.000 lv=-38.8 pk=-38.2 c0=6.7 c1=9.5 kw=9.33 inf=2.30 iv=1.09 n=4 d=0 sk=0 hf=96220 hm=92264 ht=283156 pf=0 pm=0 pt=0 ru=235328 rp=239284
18:43:35.949 @T t=171797 s=0.000 lv=-38.0 pk=-37.0 c0=3.4 c1=8.5 kw=8.34 inf=2.72 iv=1.13 n=3 d=0 sk=0 hf=96220 hm=92264 ht=283156 pf=0 pm=0 pt=0 ru=235328 rp=239284
18:43:35.949 @T t=171883 s=0.000 lv=-38.9 pk=-37.4 c0=4.5 c1=10.8 kw=10.53 inf=2.78 iv=1.17 n=3 d=0 sk=0 hf=96220 hm=92264 ht=283156 pf=0 pm=0 pt=0 ru=235328 rp=239284
18:43:35.949 @T t=171989 s=0.000 lv=-37.1 pk=-35.8 c0=3.9 c1=9.7 kw=9.51 inf=2.34 iv=1.14 n=4 d=0 sk=0 hf=96220 hm=92264 ht=283156 pf=0 pm=0 pt=0 ru=235328 rp=239284
18:43:35.949 @T t=172095 s=0.000 lv=-40.0 pk=-39.1 c0=3.5 c1=8.6 kw=8.40 inf=2.74 iv=1.14 n=3 d=0 sk=0 hf=96220 hm=92264 ht=283156 pf=0 pm=0 pt=0 ru=235328 rp=239284
18:43:35.950 @T t=172181 s=0.000 lv=-31.0 pk=-29.4 c0=4.2 c1=9.2 kw=9.30 inf=2.43 iv=1.14 n=3 d=0 sk=0 hf=96220 hm=92264 ht=283156 pf=0 pm=0 pt=0 ru=235328 rp=239284
18:43:35.950 @I ww=marvin cut=0.50 win=5 cool=1000 tick=100 wifi=1 srv=1 li=0 ln=0
18:43:38.456 @T t=172293 s=0.000 lv=-38.2 pk=-36.7 c0=4.0 c1=10.2 kw=9.80 inf=2.57 iv=1.09 n=4 d=0 sk=0 hf=96220 hm=92264 ht=283156 pf=0 pm=0 pt=0 ru=235328 rp=239284
18:43:38.457 @T t=172399 s=0.000 lv=-39.4 pk=-38.2 c0=3.6 c1=8.6 kw=8.42 inf=2.75 iv=1.15 n=3 d=0 sk=0 hf=96220 hm=92264 ht=283156 pf=0 pm=0 pt=0 ru=235328 rp=239284
18:43:38.457 @T t=172485 s=0.000 lv=-38.5 pk=-35.3 c0=4.3 c1=10.7 kw=10.51 inf=2.78 iv=1.17 n=3 d=0 sk=0 hf=96220 hm=92264 ht=283156 pf=0 pm=0 pt=0 ru=235328 rp=239284
18:43:38.457 @T t=172591 s=0.000 lv=-37.5 pk=-34.1 c0=3.5 c1=9.5 kw=9.31 inf=2.29 iv=1.11 n=4 d=0 sk=0 hf=96220 hm=92264 ht=283156 pf=0 pm=0 pt=0 ru=235328 rp=239284
18:43:38.457 @T t=172697 s=0.000 lv=-36.2 pk=-32.5 c0=3.8 c1=8.9 kw=8.71 inf=2.84 iv=1.22 n=3 d=0 sk=0 hf=96220 hm=92264 ht=283156 pf=0 pm=0 pt=0 ru=235328 rp=239284
18:43:38.457 @T t=172783 s=0.000 lv=-34.7 pk=-32.3 c0=4.3 c1=10.7 kw=10.52 inf=2.78 iv=1.17 n=3 d=0 sk=0 hf=96220 hm=92264 ht=283156 pf=0 pm=0 pt=0 ru=235328 rp=239284
18:43:38.457 @T t=172889 s=0.000 lv=-35.5 pk=-32.0 c0=3.6 c1=9.6 kw=9.40 inf=2.32 iv=1.12 n=4 d=0 sk=0 hf=96220 hm=92264 ht=283156 pf=0 pm=0 pt=0 ru=235328 rp=239284
18:43:38.457 @T t=172995 s=0.000 lv=-33.8 pk=-28.6 c0=10.4 c1=9.8 kw=9.49 inf=3.11 iv=1.30 n=3 d=0 sk=0 hf=96220 hm=92264 ht=283156 pf=0 pm=0 pt=0 ru=235328 rp=239284
18:43:38.457 @T t=173081 s=0.000 lv=-21.3 pk=-20.7 c0=5.1 c1=9.2 kw=9.31 inf=2.43 iv=1.14 n=3 d=0 sk=0 hf=96220 hm=92264 ht=283156 pf=0 pm=0 pt=0 ru=235328 rp=239284
18:43:38.457 @T t=173187 s=0.000 lv=-34.7 pk=-33.6 c0=3.5 c1=11.1 kw=10.65 inf=2.65 iv=1.14 n=4 d=0 sk=0 hf=96220 hm=92264 ht=283156 pf=0 pm=0 pt=0 ru=235328 rp=239284
18:43:38.457 @I ww=marvin cut=0.50 win=5 cool=1000 tick=100 wifi=1 srv=1 li=0 ln=0
18:43:38.457 @T t=173298 s=0.000 lv=-27.6 pk=-23.8 c0=4.0 c1=8.3 kw=8.16 inf=2.79 iv=1.19 n=3 d=0 sk=0 hf=96220 hm=92264 ht=283156 pf=0 pm=0 pt=0 ru=235328 rp=239284
18:43:38.457 @T t=173384 s=0.000 lv=-39.1 pk=-37.7 c0=4.4 c1=10.6 kw=10.41 inf=2.75 iv=1.16 n=3 d=0 sk=0 hf=96220 hm=92264 ht=283156 pf=0 pm=0 pt=0 ru=235328 rp=239284
18:43:38.457 @T t=173490 s=0.000 lv=-36.9 pk=-35.5 c0=3.5 c1=9.7 kw=9.56 inf=2.36 iv=1.16 n=4 d=0 sk=0 hf=96220 hm=92264 ht=283156 pf=0 pm=0 pt=0 ru=235328 rp=239284
18:43:38.457 @T t=173596 s=0.000 lv=-39.8 pk=-38.5 c0=3.5 c1=8.7 kw=8.51 inf=2.78 iv=1.18 n=3 d=0 sk=0 hf=96220 hm=92264 ht=283156 pf=0 pm=0 pt=0 ru=235328 rp=239284
18:43:38.457 @T t=173682 s=0.000 lv=-28.1 pk=-25.2 c0=8.2 c1=10.4 kw=10.37 inf=2.74 iv=1.15 n=3 d=0 sk=0 hf=96220 hm=92264 ht=283156 pf=0 pm=0 pt=0 ru=235328 rp=239284
18:43:38.458 @T t=173788 s=0.000 lv=-31.7 pk=-27.9 c0=3.8 c1=9.6 kw=9.22 inf=2.27 iv=1.09 n=4 d=0 sk=0 hf=96220 hm=92264 ht=283156 pf=0 pm=0 pt=0 ru=235328 rp=239284
18:43:38.458 @T t=173894 s=0.000 lv=-34.2 pk=-32.5 c0=6.8 c1=8.7 kw=8.52 inf=2.78 iv=1.18 n=3 d=0 sk=0 hf=96220 hm=92264 ht=283156 pf=0 pm=0 pt=0 ru=235328 rp=239284
18:43:38.458 @T t=174000 s=0.000 lv=-34.2 pk=-32.3 c0=3.9 c1=8.5 kw=8.31 inf=2.70 iv=1.13 n=3 d=0 sk=0 hf=96220 hm=92264 ht=283156 pf=0 pm=0 pt=0 ru=235328 rp=239284
18:43:38.458 @T t=174089 s=0.000 lv=-38.1 pk=-35.3 c0=4.0 c1=11.4 kw=11.21 inf=2.32 iv=1.12 n=4 d=0 sk=0 hf=96220 hm=92264 ht=283156 pf=0 pm=0 pt=0 ru=235328 rp=239284
18:43:38.458 @T t=174195 s=0.000 lv=-25.9 pk=-23.4 c0=3.4 c1=8.4 kw=8.26 inf=2.69 iv=1.11 n=3 d=0 sk=0 hf=96220 hm=92264 ht=283156 pf=0 pm=0 pt=0 ru=235328 rp=239284
18:43:38.458 @I ww=marvin cut=0.50 win=5 cool=1000 tick=100 wifi=1 srv=1 li=0 ln=0
18:43:38.458 @T t=174287 s=0.000 lv=-37.0 pk=-33.9 c0=4.7 c1=9.8 kw=9.63 inf=2.72 iv=1.13 n=3 d=0 sk=0 hf=96220 hm=92264 ht=283156 pf=0 pm=0 pt=0 ru=235328 rp=239284
18:43:38.458 @T t=174393 s=0.000 lv=-24.4 pk=-18.6 c0=3.5 c1=9.4 kw=9.19 inf=2.26 iv=1.08 n=4 d=0 sk=0 hf=96220 hm=92264 ht=283156 pf=0 pm=0 pt=0 ru=235328 rp=239284
18:43:38.458 @T t=174499 s=0.000 lv=-23.4 pk=-21.5 c0=3.5 c1=8.5 kw=8.29 inf=2.70 iv=1.12 n=3 d=0 sk=0 hf=96220 hm=92264 ht=283156 pf=0 pm=0 pt=0 ru=235328 rp=239284
18:43:38.458 @T t=174585 s=0.000 lv=-33.4 pk=-30.6 c0=4.3 c1=10.6 kw=10.42 inf=2.75 iv=1.16 n=3 d=0 sk=0 hf=96220 hm=92264 ht=283156 pf=0 pm=0 pt=0 ru=235328 rp=239284
18:43:38.458 @T t=174691 s=0.000 lv=-33.6 pk=-30.3 c0=3.4 c1=9.3 kw=9.13 inf=2.25 iv=1.07 n=4 d=0 sk=0 hf=96220 hm=92264 ht=283156 pf=0 pm=0 pt=0 ru=235328 rp=239284
18:43:40.948 @T t=174797 s=0.000 lv=-34.9 pk=-32.4 c0=3.3 c1=8.4 kw=8.22 inf=2.67 iv=1.11 n=3 d=0 sk=0 hf=96220 hm=92264 ht=283156 pf=0 pm=0 pt=0 ru=235328 rp=239284
18:43:40.948 @T t=174883 s=0.000 lv=-38.8 pk=-36.8 c0=4.6 c1=10.8 kw=10.54 inf=2.78 iv=1.19 n=3 d=0 sk=0 hf=96220 hm=92264 ht=283156 pf=0 pm=0 pt=0 ru=235328 rp=239284
18:43:40.948 @T t=174989 s=0.000 lv=-39.5 pk=-37.8 c0=5.8 c1=10.3 kw=10.09 inf=2.49 iv=1.26 n=4 d=0 sk=0 hf=94456 hm=92264 ht=283156 pf=0 pm=0 pt=0 ru=237092 rp=239284
18:43:40.948 @T t=175098 s=0.000 lv=-39.8 pk=-38.2 c0=5.7 c1=9.1 kw=8.60 inf=2.88 iv=1.23 n=3 d=0 sk=0 hf=96024 hm=92264 ht=283156 pf=0 pm=0 pt=0 ru=235524 rp=239284
18:43:40.948 @T t=175184 s=0.000 lv=-36.8 pk=-34.1 c0=7.9 c1=10.9 kw=10.64 inf=2.81 iv=1.21 n=3 d=0 sk=0 hf=96220 hm=92264 ht=283156 pf=0 pm=0 pt=0 ru=235328 rp=239284
18:43:40.948 @I ww=marvin cut=0.50 win=5 cool=1000 tick=100 wifi=1 srv=1 li=0 ln=0
18:43:40.948 @T t=175296 s=0.000 lv=-37.9 pk=-36.9 c0=4.0 c1=8.9 kw=8.74 inf=2.27 iv=1.09 n=4 d=0 sk=0 hf=96220 hm=92264 ht=283156 pf=0 pm=0 pt=0 ru=235328 rp=239284
18:43:40.948 @T t=175382 s=0.000 lv=-38.4 pk=-36.9 c0=4.3 c1=9.2 kw=8.10 inf=3.14 iv=1.20 n=2 d=0 sk=0 hf=96220 hm=92264 ht=283156 pf=0 pm=0 pt=0 ru=235328 rp=239284
18:43:40.948 @T t=175488 s=0.000 lv=-37.0 pk=-34.4 c0=3.5 c1=9.9 kw=10.40 inf=2.58 iv=1.09 n=4 d=0 sk=0 hf=96220 hm=92264 ht=283156 pf=0 pm=0 pt=0 ru=235328 rp=239284
18:43:40.948 @T t=175594 s=0.000 lv=-36.6 pk=-33.9 c0=6.7 c1=9.5 kw=9.34 inf=2.30 iv=1.11 n=4 d=0 sk=0 hf=96220 hm=92264 ht=283156 pf=0 pm=0 pt=0 ru=235328 rp=239284
18:43:40.948 @T t=175700 s=0.000 lv=-35.1 pk=-32.5 c0=3.4 c1=8.5 kw=8.31 inf=2.70 iv=1.12 n=3 d=0 sk=0 hf=96220 hm=92264 ht=283156 pf=0 pm=0 pt=0 ru=235328 rp=239284
18:43:40.948 @T t=175786 s=0.000 lv=-37.0 pk=-35.9 c0=4.3 c1=10.8 kw=10.54 inf=2.78 iv=1.15 n=3 d=0 sk=0 hf=96220 hm=92264 ht=283156 pf=0 pm=0 pt=0 ru=235328 rp=239284
18:43:40.948 @T t=175892 s=0.000 lv=-31.6 pk=-28.9 c0=3.6 c1=9.6 kw=9.39 inf=2.31 iv=1.12 n=4 d=0 sk=0 hf=96220 hm=92264 ht=283156 pf=0 pm=0 pt=0 ru=235328 rp=239284
18:43:40.948 @T t=175998 s=0.000 lv=-33.3 pk=-29.1 c0=3.4 c1=8.5 kw=8.34 inf=2.72 iv=1.13 n=3 d=0 sk=0 hf=96220 hm=92264 ht=283156 pf=0 pm=0 pt=0 ru=235328 rp=239284
18:43:40.948 @T t=176084 s=0.000 lv=-37.3 pk=-35.3 c0=5.4 c1=11.4 kw=11.12 inf=2.95 iv=1.30 n=3 d=0 sk=0 hf=96220 hm=92264 ht=283156 pf=0 pm=0 pt=0 ru=235328 rp=239284
18:43:40.948 @T t=176190 s=0.000 lv=-38.3 pk=-36.1 c0=3.5 c1=9.5 kw=9.30 inf=2.29 iv=1.10 n=4 d=0 sk=0 hf=96220 hm=92264 ht=283156 pf=0 pm=0 pt=0 ru=235328 rp=239284
18:43:40.948 @I ww=marvin cut=0.50 win=5 cool=1000 tick=100 wifi=1 srv=1 li=0 ln=0
18:43:40.948 @T t=176282 s=0.000 lv=-29.1 pk=-26.5 c0=4.8 c1=8.5 kw=7.52 inf=3.11 iv=1.20 n=2 d=0 sk=0 hf=96220 hm=92264 ht=283156 pf=0 pm=0 pt=0 ru=235328 rp=239284
18:43:40.948 @T t=176388 s=0.000 lv=-38.8 pk=-36.9 c0=3.5 c1=9.9 kw=10.40 inf=2.58 iv=1.11 n=4 d=0 sk=0 hf=96220 hm=92264 ht=283156 pf=0 pm=0 pt=0 ru=235328 rp=239284
18:43:40.948 @T t=176494 s=0.000 lv=-36.3 pk=-34.4 c0=3.5 c1=9.4 kw=9.26 inf=2.28 iv=1.10 n=4 d=0 sk=0 hf=96220 hm=92264 ht=283156 pf=0 pm=0 pt=0 ru=235328 rp=239284
18:43:40.948 @T t=176600 s=0.000 lv=-37.9 pk=-35.4 c0=3.5 c1=8.6 kw=8.41 inf=2.74 iv=1.15 n=3 d=0 sk=0 hf=96220 hm=92264 ht=283156 pf=0 pm=0 pt=0 ru=235328 rp=239284
18:43:40.949 @T t=176686 s=0.000 lv=-28.2 pk=-24.8 c0=4.3 c1=11.1 kw=10.82 inf=2.85 iv=1.21 n=3 d=0 sk=0 hf=96220 hm=92264 ht=283156 pf=0 pm=0 pt=0 ru=235328 rp=239284
18:43:40.949 @T t=176792 s=0.000 lv=-32.6 pk=-29.9 c0=3.4 c1=9.4 kw=9.23 inf=2.27 iv=1.09 n=4 d=0 sk=0 hf=96220 hm=92264 ht=283156 pf=0 pm=0 pt=0 ru=235328 rp=239284
18:43:40.949 @T t=176898 s=0.000 lv=-34.5 pk=-31.8 c0=3.6 c1=8.7 kw=8.49 inf=2.77 iv=1.17 n=3 d=0 sk=0 hf=96220 hm=92264 ht=283156 pf=0 pm=0 pt=0 ru=235328 rp=239284
18:43:40.949 @T t=176984 s=0.000 lv=-35.2 pk=-32.8 c0=4.3 c1=10.6 kw=10.41 inf=2.75 iv=1.16 n=3 d=0 sk=0 hf=96220 hm=92264 ht=283156 pf=0 pm=0 pt=0 ru=235328 rp=239284
18:43:40.949 @T t=177090 s=0.000 lv=-38.2 pk=-37.0 c0=7.9 c1=11.3 kw=10.68 inf=2.64 iv=1.37 n=4 d=0 sk=0 hf=96220 hm=92264 ht=283156 pf=0 pm=0 pt=0 ru=235328 rp=239284
18:43:40.949 @T t=177196 s=0.000 lv=-26.9 pk=-23.4 c0=3.9 c1=8.9 kw=8.72 inf=2.85 iv=1.23 n=3 d=0 sk=0 hf=96220 hm=92264 ht=283156 pf=0 pm=0 pt=0 ru=235328 rp=239284
18:43:40.949 @I ww=marvin cut=0.50 win=5 cool=1000 tick=100 wifi=1 srv=1 li=0 ln=0
18:43:43.536 @T t=177288 s=0.000 lv=-34.4 pk=-29.1 c0=5.0 c1=10.1 kw=9.90 inf=2.80 iv=1.20 n=3 d=0 sk=0 hf=96220 hm=92264 ht=283156 pf=0 pm=0 pt=0 ru=235328 rp=239284
18:43:43.536 @T t=177394 s=0.000 lv=-29.6 pk=-26.5 c0=3.9 c1=9.9 kw=9.70 inf=2.39 iv=1.17 n=4 d=0 sk=0 hf=96220 hm=92264 ht=283156 pf=0 pm=0 pt=0 ru=235328 rp=239284
18:43:43.536 @T t=177500 s=0.000 lv=-34.5 pk=-29.6 c0=3.4 c1=8.6 kw=8.39 inf=2.73 iv=1.14 n=3 d=0 sk=0 hf=96220 hm=92264 ht=283156 pf=0 pm=0 pt=0 ru=235328 rp=239284
18:43:43.536 @T t=177586 s=0.000 lv=-30.6 pk=-27.8 c0=4.4 c1=10.8 kw=10.55 inf=2.78 iv=1.14 n=3 d=0 sk=0 hf=96220 hm=92264 ht=283156 pf=0 pm=0 pt=0 ru=235328 rp=239284
18:43:43.536 @T t=177692 s=0.000 lv=-34.3 pk=-29.9 c0=3.4 c1=9.4 kw=9.22 inf=2.27 iv=1.09 n=4 d=0 sk=0 hf=96220 hm=92264 ht=283156 pf=0 pm=0 pt=0 ru=235328 rp=239284
18:43:43.536 @T t=177798 s=0.000 lv=-39.7 pk=-38.3 c0=3.4 c1=8.5 kw=8.31 inf=2.70 iv=1.12 n=3 d=0 sk=0 hf=96220 hm=92264 ht=283156 pf=0 pm=0 pt=0 ru=235328 rp=239284
18:43:43.537 @T t=177884 s=0.000 lv=-39.8 pk=-39.1 c0=4.5 c1=10.7 kw=10.45 inf=2.76 iv=1.15 n=3 d=0 sk=0 hf=96220 hm=92264 ht=283156 pf=0 pm=0 pt=0 ru=235328 rp=239284
18:43:43.537 @T t=177990 s=0.000 lv=-39.5 pk=-36.8 c0=3.4 c1=9.4 kw=9.22 inf=2.27 iv=1.09 n=4 d=0 sk=0 hf=96220 hm=92264 ht=283156 pf=0 pm=0 pt=0 ru=235328 rp=239284
18:43:43.537 @T t=178096 s=0.000 lv=-37.7 pk=-36.1 c0=4.0 c1=8.7 kw=8.53 inf=2.78 iv=1.18 n=3 d=0 sk=0 hf=96220 hm=92264 ht=283156 pf=0 pm=0 pt=0 ru=235328 rp=239284
18:43:43.537 @T t=178182 s=0.000 lv=-34.7 pk=-33.4 c0=4.1 c1=10.2 kw=10.26 inf=2.71 iv=1.13 n=3 d=0 sk=0 hf=96220 hm=92264 ht=283156 pf=0 pm=0 pt=0 ru=235328 rp=239284
18:43:43.537 @I ww=marvin cut=0.50 win=5 cool=1000 tick=100 wifi=1 srv=1 li=0 ln=0
18:43:43.537 @T t=178294 s=0.000 lv=-38.5 pk=-37.3 c0=4.0 c1=9.0 kw=8.67 inf=2.25 iv=1.08 n=4 d=0 sk=0 hf=96220 hm=92264 ht=283156 pf=0 pm=0 pt=0 ru=235328 rp=239284
18:43:43.537 @T t=178400 s=0.000 lv=-34.8 pk=-30.5 c0=3.6 c1=8.5 kw=8.29 inf=2.70 iv=1.12 n=3 d=0 sk=0 hf=96220 hm=92264 ht=283156 pf=0 pm=0 pt=0 ru=235328 rp=239284
18:43:43.537 @T t=178486 s=0.000 lv=-39.1 pk=-37.4 c0=7.4 c1=10.7 kw=10.51 inf=2.77 iv=1.15 n=3 d=0 sk=0 hf=96220 hm=92264 ht=283156 pf=0 pm=0 pt=0 ru=235328 rp=239284
18:43:43.537 @T t=178592 s=0.000 lv=-40.4 pk=-39.2 c0=3.9 c1=9.5 kw=9.26 inf=2.28 iv=1.09 n=4 d=0 sk=0 hf=96220 hm=92264 ht=283156 pf=0 pm=0 pt=0 ru=235328 rp=239284
18:43:43.537 @T t=178698 s=0.000 lv=-37.2 pk=-35.8 c0=6.7 c1=8.5 kw=8.30 inf=2.70 iv=1.12 n=3 d=0 sk=0 hf=96220 hm=92264 ht=283156 pf=0 pm=0 pt=0 ru=235328 rp=239284
18:43:43.537 @T t=178784 s=0.000 lv=-34.3 pk=-32.5 c0=4.1 c1=10.6 kw=10.42 inf=2.75 iv=1.15 n=3 d=0 sk=0 hf=96220 hm=92264 ht=283156 pf=0 pm=0 pt=0 ru=235328 rp=239284
18:43:43.537 @T t=178890 s=0.000 lv=-29.5 pk=-27.9 c0=3.6 c1=9.5 kw=9.28 inf=2.29 iv=1.09 n=4 d=0 sk=0 hf=96220 hm=92264 ht=283156 pf=0 pm=0 pt=0 ru=235328 rp=239284
18:43:43.537 @T t=178996 s=0.000 lv=-33.5 pk=-30.7 c0=3.4 c1=8.4 kw=8.27 inf=2.69 iv=1.11 n=3 d=0 sk=0 hf=96220 hm=92264 ht=283156 pf=0 pm=0 pt=0 ru=235328 rp=239284
18:43:43.537 @T t=179082 s=0.000 lv=-37.7 pk=-35.8 c0=7.0 c1=11.2 kw=11.16 inf=2.95 iv=1.29 n=3 d=0 sk=0 hf=94456 hm=92264 ht=283156 pf=0 pm=0 pt=0 ru=237092 rp=239284
18:43:43.537 @T t=179191 s=0.000 lv=-37.9 pk=-36.5 c0=5.1 c1=10.4 kw=9.53 inf=2.42 iv=1.20 n=4 d=0 sk=0 hf=96220 hm=92264 ht=283156 pf=0 pm=0 pt=0 ru=235328 rp=239284
18:43:43.537 @I ww=marvin cut=0.50 win=5 cool=1000 tick=100 wifi=1 srv=1 li=0 ln=0
18:43:43.537 @T t=179283 s=0.000 lv=-38.0 pk=-35.8 c0=4.9 c1=9.6 kw=9.56 inf=2.70 iv=1.12 n=3 d=0 sk=0 hf=96220 hm=92264 ht=283156 pf=0 pm=0 pt=0 ru=235328 rp=239284
18:43:43.537 @T t=179389 s=0.000 lv=-26.1 pk=-22.9 c0=4.0 c1=9.0 kw=8.70 inf=2.84 iv=1.23 n=3 d=0 sk=0 hf=96220 hm=92264 ht=283156 pf=0 pm=0 pt=0 ru=235328 rp=239284
18:43:43.537 @T t=179495 s=0.000 lv=-27.7 pk=-23.0 c0=3.5 c1=9.4 kw=9.27 inf=2.28 iv=1.09 n=4 d=0 sk=0 hf=96220 hm=92264 ht=283156 pf=0 pm=0 pt=0 ru=235328 rp=239284
18:43:43.538 @T t=179581 s=0.000 lv=-36.7 pk=-34.5 c0=4.2 c1=7.9 kw=7.99 inf=3.09 iv=1.18 n=2 d=0 sk=0 hf=96220 hm=92264 ht=283156 pf=0 pm=0 pt=0 ru=235328 rp=239284
18:43:43.538 @T t=179690 s=0.000 lv=-31.5 pk=-29.6 c0=9.2 c1=11.0 kw=10.62 inf=2.72 iv=1.27 n=4 d=0 sk=0 hf=96220 hm=92264 ht=283156 pf=0 pm=0 pt=0 ru=235328 rp=239284
18:43:43.538 @T t=179796 s=0.000 lv=-38.6 pk=-36.4 c0=3.4 c1=9.4 kw=9.25 inf=2.28 iv=1.09 n=4 d=0 sk=0 hf=96220 hm=92264 ht=283156 pf=0 pm=0 pt=0 ru=235328 rp=239284
18:43:45.841 @T t=179882 s=0.000 lv=-36.6 pk=-36.2 c0=4.4 c1=9.3 kw=8.20 inf=3.18 iv=1.24 n=2 d=0 sk=0 hf=96220 hm=92264 ht=283156 pf=0 pm=0 pt=0 ru=235328 rp=239284
18:43:45.842 @T t=179988 s=0.000 lv=-38.6 pk=-37.4 c0=6.7 c1=10.2 kw=10.74 inf=2.67 iv=1.15 n=4 d=0 sk=0 hf=96220 hm=92264 ht=283156 pf=0 pm=0 pt=0 ru=235328 rp=239284
18:43:45.842 @T t=180094 s=0.000 lv=-37.4 pk=-35.7 c0=3.5 c1=9.5 kw=9.34 inf=2.30 iv=1.11 n=4 d=0 sk=0 hf=96220 hm=92264 ht=283156 pf=0 pm=0 pt=0 ru=235328 rp=239284
18:43:45.842 @T t=180200 s=0.000 lv=-30.0 pk=-27.3 c0=3.9 c1=8.6 kw=8.42 inf=2.74 iv=1.14 n=3 d=0 sk=0 hf=96220 hm=92264 ht=283156 pf=0 pm=0 pt=0 ru=235328 rp=239284
18:43:45.842 @I ww=marvin cut=0.50 win=5 cool=1000 tick=100 wifi=1 srv=1 li=0 ln=0
18:43:45.842 @T t=180295 s=0.000 lv=-39.0 pk=-36.4 c0=16.0 c1=9.8 kw=9.61 inf=2.80 iv=1.19 n=3 d=0 sk=0 hf=96220 hm=92264 ht=283156 pf=0 pm=0 pt=0 ru=235328 rp=239284
18:43:45.842 @T t=180381 s=0.000 lv=-32.5 pk=-26.5 c0=4.3 c1=9.3 kw=9.41 inf=2.46 iv=1.17 n=3 d=0 sk=0 hf=96220 hm=92264 ht=283156 pf=0 pm=0 pt=0 ru=235328 rp=239284
18:43:45.842 @T t=180489 s=0.000 lv=-22.1 pk=-20.7 c0=3.3 c1=10.9 kw=10.50 inf=2.66 iv=1.18 n=4 d=0 sk=0 hf=96220 hm=92264 ht=283156 pf=0 pm=0 pt=0 ru=235328 rp=239284
18:43:45.842 @T t=180595 s=0.000 lv=-35.0 pk=-29.4 c0=3.5 c1=8.5 kw=8.32 inf=2.71 iv=1.12 n=3 d=0 sk=0 hf=96220 hm=92264 ht=283156 pf=0 pm=0 pt=0 ru=235328 rp=239284
18:43:45.842 @T t=180681 s=0.000 lv=-36.7 pk=-32.6 c0=4.2 c1=9.3 kw=9.35 inf=2.45 iv=1.15 n=3 d=0 sk=0 hf=96220 hm=92264 ht=283156 pf=0 pm=0 pt=0 ru=235328 rp=239284
18:43:45.842 @T t=180790 s=0.000 lv=-24.3 pk=-23.5 c0=3.6 c1=11.1 kw=10.65 inf=2.73 iv=1.23 n=4 d=0 sk=0 hf=96220 hm=92264 ht=283156 pf=0 pm=0 pt=0 ru=235328 rp=239284
18:43:45.842 @T t=180896 s=0.000 lv=-35.8 pk=-31.4 c0=3.7 c1=8.6 kw=8.48 inf=2.77 iv=1.16 n=3 d=0 sk=0 hf=96220 hm=92264 ht=283156 pf=0 pm=0 pt=0 ru=235328 rp=239284
18:43:45.842 @T t=180982 s=0.000 lv=-39.1 pk=-37.0 c0=8.3 c1=10.5 kw=9.40 inf=2.46 iv=1.17 n=3 d=0 sk=0 hf=96220 hm=92264 ht=283156 pf=0 pm=0 pt=0 ru=235328 rp=239284
18:43:45.842 @T t=181088 s=0.000 lv=-26.2 pk=-22.9 c0=4.7 c1=10.2 kw=10.67 inf=2.65 iv=1.21 n=4 d=0 sk=0 hf=96220 hm=92264 ht=283156 pf=0 pm=0 pt=0 ru=235328 rp=239284
18:43:45.842 @T t=181194 s=0.000 lv=-27.5 pk=-24.2 c0=7.4 c1=9.9 kw=9.37 inf=3.06 iv=1.41 n=3 d=0 sk=0 hf=96220 hm=92264 ht=283156 pf=0 pm=0 pt=0 ru=235328 rp=239284
18:43:45.842 @I ww=marvin cut=0.50 win=5 cool=1000 tick=100 wifi=1 srv=1 li=0 ln=0
18:43:45.842 [status] up 181s | mic -31.6 dBFS (peak -18.6) | score max 0.00 | detections 0 | inferences 333 (33.3/s; model 1.15 ms each, paused in quiet 0%; features 1.45 ms per 30 ms) | CPU core0  4.9% core1  9.6% (wake word pipeline 9.37% of one core) | RAM used 229 KB (peak 233 KB, 93 KB free) | wifi OK, server OK | audio lost since boot: i2s 0 net 0
18:43:45.842 @T t=181288 s=0.000 lv=-39.3 pk=-36.7 c0=28.7 c1=11.5 kw=11.25 inf=2.46 iv=1.21 n=4 d=0 sk=0 hf=96220 hm=92264 ht=283156 pf=0 pm=0 pt=0 ru=235328 rp=239284
18:43:45.842 @T t=181394 s=0.000 lv=-41.0 pk=-39.5 c0=4.7 c1=9.1 kw=8.87 inf=2.90 iv=1.27 n=3 d=0 sk=0 hf=96220 hm=92264 ht=283156 pf=0 pm=0 pt=0 ru=235328 rp=239284
18:43:45.842 @T t=181500 s=0.000 lv=-39.1 pk=-38.1 c0=3.5 c1=8.6 kw=8.40 inf=2.73 iv=1.14 n=3 d=0 sk=0 hf=96220 hm=92264 ht=283156 pf=0 pm=0 pt=0 ru=235328 rp=239284
18:43:45.842 @T t=181586 s=0.000 lv=-38.9 pk=-37.1 c0=4.4 c1=12.0 kw=11.80 inf=2.35 iv=1.13 n=4 d=0 sk=0 hf=96220 hm=92264 ht=283156 pf=0 pm=0 pt=0 ru=235328 rp=239284
18:43:45.842 @T t=181692 s=0.000 lv=-40.8 pk=-38.7 c0=3.4 c1=8.5 kw=8.29 inf=2.70 iv=1.13 n=3 d=0 sk=0 hf=96220 hm=92264 ht=283156 pf=0 pm=0 pt=0 ru=235328 rp=239284
18:43:45.842 @T t=181798 s=0.000 lv=-36.3 pk=-33.8 c0=3.4 c1=8.5 kw=8.35 inf=2.72 iv=1.12 n=3 d=0 sk=0 hf=96220 hm=92264 ht=283156 pf=0 pm=0 pt=0 ru=235328 rp=239284
18:43:45.842 @T t=181884 s=0.000 lv=-39.2 pk=-37.1 c0=5.0 c1=12.5 kw=12.19 inf=2.44 iv=1.21 n=4 d=0 sk=0 hf=96220 hm=92264 ht=283156 pf=0 pm=0 pt=0 ru=235328 rp=239284
18:43:45.842 @T t=181990 s=0.000 lv=-24.1 pk=-21.1 c0=3.4 c1=8.5 kw=8.39 inf=2.73 iv=1.13 n=3 d=0 sk=0 hf=96220 hm=92264 ht=283156 pf=0 pm=0 pt=0 ru=235328 rp=239284
18:43:45.842 @T t=182096 s=0.000 lv=-26.6 pk=-21.7 c0=3.5 c1=8.5 kw=8.29 inf=2.70 iv=1.11 n=3 d=0 sk=0 hf=96220 hm=92264 ht=283156 pf=0 pm=0 pt=0 ru=235328 rp=239284
18:43:48.355 @T t=182182 s=0.000 lv=-37.2 pk=-34.9 c0=4.9 c1=10.8 kw=9.60 inf=2.51 iv=1.21 n=3 d=0 sk=0 hf=96220 hm=92264 ht=283156 pf=0 pm=0 pt=0 ru=235328 rp=239284
18:43:48.355 @I ww=marvin cut=0.50 win=5 cool=1000 tick=100 wifi=1 srv=1 li=0 ln=0
18:43:48.355 @T t=182294 s=0.000 lv=-34.5 pk=-31.5 c0=11.4 c1=9.6 kw=10.12 inf=2.66 iv=1.24 n=4 d=0 sk=0 hf=96220 hm=92264 ht=283156 pf=0 pm=0 pt=0 ru=235328 rp=239284
18:43:48.355 @T t=182400 s=0.000 lv=-36.9 pk=-35.7 c0=3.6 c1=8.5 kw=8.34 inf=2.71 iv=1.12 n=3 d=0 sk=0 hf=96220 hm=92264 ht=283156 pf=0 pm=0 pt=0 ru=235328 rp=239284
18:43:48.355 @T t=182486 s=0.000 lv=-39.9 pk=-39.2 c0=4.3 c1=11.9 kw=11.66 inf=2.32 iv=1.11 n=4 d=0 sk=0 hf=96220 hm=92264 ht=283156 pf=0 pm=0 pt=0 ru=235328 rp=239284
18:43:48.355 @T t=182592 s=0.000 lv=-32.7 pk=-30.6 c0=3.5 c1=8.4 kw=8.28 inf=2.69 iv=1.11 n=3 d=0 sk=0 hf=96220 hm=92264 ht=283156 pf=0 pm=0 pt=0 ru=235328 rp=239284
18:43:48.355 @T t=182698 s=0.000 lv=-37.0 pk=-34.9 c0=3.4 c1=8.4 kw=8.26 inf=2.69 iv=1.11 n=3 d=0 sk=0 hf=96220 hm=92264 ht=283156 pf=0 pm=0 pt=0 ru=235328 rp=239284
18:43:48.355 @T t=182784 s=0.000 lv=-39.0 pk=-36.3 c0=4.1 c1=11.7 kw=11.49 inf=2.29 iv=1.10 n=4 d=0 sk=0 hf=96220 hm=92264 ht=283156 pf=0 pm=0 pt=0 ru=235328 rp=239284
18:43:48.355 @T t=182890 s=0.000 lv=-27.2 pk=-22.3 c0=3.6 c1=8.6 kw=8.38 inf=2.73 iv=1.13 n=3 d=0 sk=0 hf=96220 hm=92264 ht=283156 pf=0 pm=0 pt=0 ru=235328 rp=239284
18:43:48.355 @T t=182996 s=0.000 lv=-29.4 pk=-23.6 c0=3.4 c1=8.4 kw=8.28 inf=2.69 iv=1.11 n=3 d=0 sk=0 hf=96220 hm=92264 ht=283156 pf=0 pm=0 pt=0 ru=235328 rp=239284
18:43:48.355 @T t=183083 s=0.000 lv=-39.3 pk=-38.2 c0=5.4 c1=11.9 kw=11.83 inf=2.39 iv=1.19 n=4 d=0 sk=0 hf=96220 hm=92264 ht=283156 pf=0 pm=0 pt=0 ru=235328 rp=239284
18:43:48.355 @T t=183190 s=0.000 lv=-40.1 pk=-38.4 c0=5.7 c1=9.1 kw=8.77 inf=2.89 iv=1.27 n=3 d=0 sk=0 hf=94456 hm=92264 ht=283156 pf=0 pm=0 pt=0 ru=237092 rp=239284
18:43:48.355 @I ww=marvin cut=0.50 win=5 cool=1000 tick=100 wifi=1 srv=1 li=0 ln=0
18:43:48.355 @T t=183285 s=0.000 lv=-40.5 pk=-39.7 c0=6.7 c1=10.2 kw=9.54 inf=2.78 iv=1.16 n=3 d=0 sk=0 hf=96220 hm=92264 ht=283156 pf=0 pm=0 pt=0 ru=235328 rp=239284
18:43:48.355 @T t=183391 s=0.000 lv=-39.0 pk=-37.1 c0=7.3 c1=9.9 kw=9.72 inf=2.40 iv=1.19 n=4 d=0 sk=0 hf=96220 hm=92264 ht=283156 pf=0 pm=0 pt=0 ru=235328 rp=239284
18:43:48.355 @T t=183497 s=0.000 lv=-38.1 pk=-36.0 c0=3.5 c1=8.4 kw=8.28 inf=2.70 iv=1.12 n=3 d=0 sk=0 hf=96220 hm=92264 ht=283156 pf=0 pm=0 pt=0 ru=235328 rp=239284
18:43:48.355 @T t=183583 s=0.000 lv=-39.1 pk=-38.6 c0=4.3 c1=10.7 kw=10.44 inf=2.76 iv=1.16 n=3 d=0 sk=0 hf=96220 hm=92264 ht=283156 pf=0 pm=0 pt=0 ru=235328 rp=239284
18:43:48.355 @T t=183689 s=0.000 lv=-33.7 pk=-32.0 c0=3.4 c1=9.5 kw=9.29 inf=2.29 iv=1.09 n=4 d=0 sk=0 hf=96220 hm=92264 ht=283156 pf=0 pm=0 pt=0 ru=235328 rp=239284
18:43:48.355 @T t=183795 s=0.000 lv=-37.9 pk=-35.5 c0=3.4 c1=8.4 kw=8.26 inf=2.69 iv=1.11 n=3 d=0 sk=0 hf=96220 hm=92264 ht=283156 pf=0 pm=0 pt=0 ru=235328 rp=239284
18:43:48.355 @T t=183881 s=0.000 lv=-36.9 pk=-34.9 c0=4.4 c1=9.3 kw=9.35 inf=2.44 iv=1.16 n=3 d=0 sk=0 hf=96220 hm=92264 ht=283156 pf=0 pm=0 pt=0 ru=235328 rp=239284
18:43:48.355 @T t=183987 s=0.000 lv=-37.6 pk=-34.9 c0=3.4 c1=10.8 kw=10.40 inf=2.58 iv=1.09 n=4 d=0 sk=0 hf=96220 hm=92264 ht=283156 pf=0 pm=0 pt=0 ru=235328 rp=239284
18:43:48.355 @T t=184093 s=0.000 lv=-39.6 pk=-37.5 c0=3.5 c1=8.5 kw=8.31 inf=2.70 iv=1.12 n=3 d=0 sk=0 hf=96220 hm=92264 ht=283156 pf=0 pm=0 pt=0 ru=235328 rp=239284
18:43:48.355 @T t=184199 s=0.000 lv=-34.4 pk=-29.5 c0=3.7 c1=9.0 kw=8.79 inf=2.87 iv=1.25 n=3 d=0 sk=0 hf=96220 hm=92264 ht=283156 pf=0 pm=0 pt=0 ru=235328 rp=239284
18:43:48.355 @I ww=marvin cut=0.50 win=5 cool=1000 tick=100 wifi=1 srv=1 li=0 ln=0
18:43:48.355 @T t=184291 s=0.000 lv=-28.4 pk=-24.8 c0=5.8 c1=11.7 kw=11.50 inf=2.47 iv=1.24 n=4 d=0 sk=0 hf=96220 hm=92264 ht=283156 pf=0 pm=0 pt=0 ru=235328 rp=239284
18:43:48.355 @T t=184397 s=0.000 lv=-39.3 pk=-38.3 c0=3.6 c1=8.6 kw=8.41 inf=2.74 iv=1.14 n=3 d=0 sk=0 hf=96220 hm=92264 ht=283156 pf=0 pm=0 pt=0 ru=235328 rp=239284
18:43:48.355 @T t=184484 s=0.000 lv=-38.3 pk=-37.0 c0=4.2 c1=10.7 kw=10.49 inf=2.81 iv=1.20 n=3 d=0 sk=0 hf=96220 hm=92264 ht=283156 pf=0 pm=0 pt=0 ru=235328 rp=239284
18:43:48.355 @T t=184590 s=0.000 lv=-39.6 pk=-37.8 c0=3.5 c1=9.6 kw=9.47 inf=2.34 iv=1.14 n=4 d=0 sk=0 hf=96220 hm=92264 ht=283156 pf=0 pm=0 pt=0 ru=235328 rp=239284
18:43:50.851 @T t=184696 s=0.002 lv=-39.5 pk=-38.2 c0=6.6 c1=8.8 kw=8.58 inf=2.80 iv=1.20 n=3 d=0 sk=0 hf=96220 hm=92264 ht=283156 pf=0 pm=0 pt=0 ru=235328 rp=239284
18:43:50.852 @T t=184782 s=0.002 lv=-39.0 pk=-37.4 c0=4.3 c1=10.6 kw=10.55 inf=2.79 iv=1.19 n=3 d=0 sk=0 hf=96220 hm=92264 ht=283156 pf=0 pm=0 pt=0 ru=235328 rp=239284
18:43:50.852 @T t=184888 s=0.000 lv=-37.7 pk=-35.2 c0=3.6 c1=9.8 kw=9.43 inf=2.32 iv=1.12 n=4 d=0 sk=0 hf=96220 hm=92264 ht=283156 pf=0 pm=0 pt=0 ru=235328 rp=239284
18:43:50.852 @T t=184994 s=0.000 lv=-39.9 pk=-39.5 c0=3.4 c1=8.5 kw=8.33 inf=2.71 iv=1.13 n=3 d=0 sk=0 hf=96220 hm=92264 ht=283156 pf=0 pm=0 pt=0 ru=235328 rp=239284
18:43:50.852 @T t=185100 s=0.000 lv=-40.2 pk=-38.8 c0=3.5 c1=8.6 kw=8.39 inf=2.73 iv=1.14 n=3 d=0 sk=0 hf=96220 hm=92264 ht=283156 pf=0 pm=0 pt=0 ru=235328 rp=239284
18:43:50.852 @T t=185186 s=0.000 lv=-39.5 pk=-37.7 c0=7.5 c1=12.0 kw=11.73 inf=2.34 iv=1.12 n=4 d=0 sk=0 hf=96220 hm=92264 ht=283156 pf=0 pm=0 pt=0 ru=235328 rp=239284
18:43:50.852 @I ww=marvin cut=0.50 win=5 cool=1000 tick=100 wifi=1 srv=1 li=0 ln=0
18:43:50.852 @T t=185298 s=0.000 lv=-38.6 pk=-37.8 c0=7.8 c1=9.5 kw=8.62 inf=2.97 iv=1.32 n=3 d=0 sk=0 hf=96220 hm=92264 ht=283156 pf=0 pm=0 pt=0 ru=235328 rp=239284
18:43:50.852 @T t=185384 s=0.000 lv=-31.5 pk=-28.7 c0=5.6 c1=11.3 kw=11.07 inf=2.93 iv=1.28 n=3 d=0 sk=0 hf=96220 hm=92264 ht=283156 pf=0 pm=0 pt=0 ru=235328 rp=239284
18:43:50.852 @T t=185490 s=0.000 lv=-35.7 pk=-33.6 c0=3.5 c1=9.5 kw=9.34 inf=2.30 iv=1.10 n=4 d=0 sk=0 hf=96220 hm=92264 ht=283156 pf=0 pm=0 pt=0 ru=235328 rp=239284
18:43:50.852 @T t=185596 s=0.000 lv=-23.2 pk=-21.3 c0=3.5 c1=8.6 kw=8.41 inf=2.74 iv=1.14 n=3 d=0 sk=0 hf=96220 hm=92264 ht=283156 pf=0 pm=0 pt=0 ru=235328 rp=239284
18:43:50.852 @T t=185682 s=0.000 lv=-36.3 pk=-31.1 c0=4.2 c1=10.4 kw=10.37 inf=2.74 iv=1.16 n=3 d=0 sk=0 hf=96220 hm=92264 ht=283156 pf=0 pm=0 pt=0 ru=235328 rp=239284
18:43:50.852 @T t=185788 s=0.000 lv=-38.6 pk=-37.1 c0=3.4 c1=9.6 kw=9.23 inf=2.27 iv=1.09 n=4 d=0 sk=0 hf=96220 hm=92264 ht=283156 pf=0 pm=0 pt=0 ru=235328 rp=239284
18:43:50.852 @T t=185894 s=0.000 lv=-38.4 pk=-34.7 c0=3.6 c1=8.7 kw=8.52 inf=2.78 iv=1.16 n=3 d=0 sk=0 hf=96220 hm=92264 ht=283156 pf=0 pm=0 pt=0 ru=235328 rp=239284
18:43:50.852 @T t=186000 s=0.000 lv=-24.6 pk=-21.5 c0=3.4 c1=8.5 kw=8.33 inf=2.71 iv=1.12 n=3 d=0 sk=0 hf=96220 hm=92264 ht=283156 pf=0 pm=0 pt=0 ru=235328 rp=239284
18:43:50.852 @T t=186089 s=0.000 lv=-40.2 pk=-39.1 c0=4.0 c1=11.6 kw=11.37 inf=2.35 iv=1.13 n=4 d=0 sk=0 hf=96220 hm=92264 ht=283156 pf=0 pm=0 pt=0 ru=235328 rp=239284
18:43:50.852 @T t=186195 s=0.000 lv=-37.0 pk=-33.9 c0=3.4 c1=8.5 kw=8.33 inf=2.71 iv=1.12 n=3 d=0 sk=0 hf=96220 hm=92264 ht=283156 pf=0 pm=0 pt=0 ru=235328 rp=239284
18:43:50.852 @I ww=marvin cut=0.50 win=5 cool=1000 tick=100 wifi=1 srv=1 li=0 ln=0
18:43:50.852 @T t=186287 s=0.000 lv=-39.2 pk=-37.8 c0=5.5 c1=10.3 kw=10.08 inf=2.85 iv=1.22 n=3 d=0 sk=0 hf=96220 hm=92264 ht=283156 pf=0 pm=0 pt=0 ru=235328 rp=239284
18:43:50.852 @T t=186393 s=0.000 lv=-39.7 pk=-38.1 c0=3.9 c1=9.9 kw=9.71 inf=2.40 iv=1.17 n=4 d=0 sk=0 hf=96220 hm=92264 ht=283156 pf=0 pm=0 pt=0 ru=235328 rp=239284
18:43:50.852 @T t=186482 s=0.000 lv=-35.4 pk=-33.4 c0=3.9 c1=8.8 kw=7.73 inf=3.10 iv=1.19 n=2 d=0 sk=0 hf=96220 hm=92264 ht=283156 pf=0 pm=0 pt=0 ru=235328 rp=239284
18:43:50.852 @T t=186588 s=0.000 lv=-38.6 pk=-37.5 c0=3.6 c1=9.9 kw=10.41 inf=2.58 iv=1.09 n=4 d=0 sk=0 hf=96220 hm=92264 ht=283156 pf=0 pm=0 pt=0 ru=235328 rp=239284
18:43:50.852 @T t=186694 s=0.000 lv=-37.3 pk=-35.7 c0=3.4 c1=9.4 kw=9.25 inf=2.28 iv=1.09 n=4 d=0 sk=0 hf=96220 hm=92264 ht=283156 pf=0 pm=0 pt=0 ru=235328 rp=239284
18:43:50.852 @T t=186800 s=0.000 lv=-38.6 pk=-37.0 c0=3.4 c1=8.4 kw=8.26 inf=2.69 iv=1.11 n=3 d=0 sk=0 hf=96220 hm=92264 ht=283156 pf=0 pm=0 pt=0 ru=235328 rp=239284
18:43:50.852 @T t=186886 s=0.000 lv=-38.0 pk=-36.6 c0=4.5 c1=10.8 kw=10.60 inf=2.79 iv=1.15 n=3 d=0 sk=0 hf=96220 hm=92264 ht=283156 pf=0 pm=0 pt=0 ru=235328 rp=239284
18:43:50.852 @T t=186992 s=0.000 lv=-30.0 pk=-27.8 c0=3.4 c1=9.4 kw=9.20 inf=2.26 iv=1.08 n=4 d=0 sk=0 hf=96220 hm=92264 ht=283156 pf=0 pm=0 pt=0 ru=235328 rp=239284
18:43:50.852 @T t=187098 s=0.000 lv=-35.2 pk=-33.0 c0=3.5 c1=8.5 kw=8.28 inf=2.70 iv=1.12 n=3 d=0 sk=0 hf=96220 hm=92264 ht=283156 pf=0 pm=0 pt=0 ru=235328 rp=239284
18:43:50.852 @T t=187184 s=0.000 lv=-36.9 pk=-32.5 c0=4.1 c1=10.6 kw=10.38 inf=2.74 iv=1.15 n=3 d=0 sk=0 hf=96220 hm=92264 ht=283156 pf=0 pm=0 pt=0 ru=235328 rp=239284
18:43:53.342 @I ww=marvin cut=0.50 win=5 cool=1000 tick=100 wifi=1 srv=1 li=0 ln=0
18:43:53.342 @T t=187296 s=0.000 lv=-37.0 pk=-35.3 c0=7.8 c1=9.9 kw=9.29 inf=2.42 iv=1.20 n=4 d=0 sk=0 hf=96220 hm=92264 ht=283156 pf=0 pm=0 pt=0 ru=235328 rp=239284
18:43:53.342 @T t=187382 s=0.000 lv=-39.0 pk=-37.1 c0=4.9 c1=9.6 kw=8.52 inf=3.31 iv=1.36 n=2 d=0 sk=0 hf=96220 hm=92264 ht=283156 pf=0 pm=0 pt=0 ru=235328 rp=239284
18:43:53.342 @T t=187488 s=0.000 lv=-38.4 pk=-37.2 c0=3.6 c1=10.1 kw=10.60 inf=2.63 iv=1.13 n=4 d=0 sk=0 hf=96220 hm=92264 ht=283156 pf=0 pm=0 pt=0 ru=235328 rp=239284
18:43:53.342 @T t=187594 s=0.000 lv=-33.8 pk=-27.9 c0=3.9 c1=9.9 kw=9.68 inf=2.39 iv=1.18 n=4 d=0 sk=0 hf=96220 hm=92264 ht=283156 pf=0 pm=0 pt=0 ru=235328 rp=239284
18:43:53.342 @T t=187700 s=0.000 lv=-29.5 pk=-25.7 c0=3.5 c1=8.5 kw=8.32 inf=2.71 iv=1.12 n=3 d=0 sk=0 hf=96220 hm=92264 ht=283156 pf=0 pm=0 pt=0 ru=235328 rp=239284
18:43:53.342 @T t=187789 s=0.000 lv=-37.4 pk=-36.2 c0=10.6 c1=10.4 kw=10.16 inf=2.77 iv=1.16 n=3 d=0 sk=0 hf=96220 hm=92264 ht=283156 pf=0 pm=0 pt=0 ru=235328 rp=239284
18:43:53.342 @T t=187895 s=0.000 lv=-40.2 pk=-39.2 c0=3.6 c1=9.6 kw=9.40 inf=2.32 iv=1.12 n=4 d=0 sk=0 hf=96220 hm=92264 ht=283156 pf=0 pm=0 pt=0 ru=235328 rp=239284
18:43:53.342 @T t=187981 s=0.000 lv=-38.1 pk=-36.1 c0=4.2 c1=8.0 kw=8.08 inf=3.13 iv=1.18 n=2 d=0 sk=0 hf=96220 hm=92264 ht=283156 pf=0 pm=0 pt=0 ru=235328 rp=239284
18:43:53.342 @T t=188087 s=0.000 lv=-40.1 pk=-36.1 c0=3.5 c1=10.9 kw=10.53 inf=2.62 iv=1.19 n=4 d=0 sk=0 hf=96220 hm=92264 ht=283156 pf=0 pm=0 pt=0 ru=235328 rp=239284
18:43:53.342 @T t=188193 s=0.000 lv=-23.2 pk=-17.8 c0=3.4 c1=9.4 kw=9.25 inf=2.28 iv=1.09 n=4 d=0 sk=0 hf=96220 hm=92264 ht=283156 pf=0 pm=0 pt=0 ru=235328 rp=239284
18:43:53.342 @I ww=marvin cut=0.50 win=5 cool=1000 tick=100 wifi=1 srv=1 li=0 ln=0
18:43:53.342 @T t=188285 s=0.000 lv=-21.8 pk=-20.4 c0=4.8 c1=9.8 kw=9.55 inf=2.70 iv=1.11 n=3 d=0 sk=0 hf=96220 hm=92264 ht=283156 pf=0 pm=0 pt=0 ru=235328 rp=239284
18:43:53.342 @T t=188391 s=0.000 lv=-32.4 pk=-29.1 c0=4.0 c1=8.5 kw=8.38 inf=2.73 iv=1.15 n=3 d=0 sk=0 hf=96220 hm=92264 ht=283156 pf=0 pm=0 pt=0 ru=235328 rp=239284
18:43:53.343 @T t=188497 s=0.000 lv=-38.9 pk=-37.2 c0=3.6 c1=9.5 kw=9.35 inf=2.30 iv=1.11 n=4 d=0 sk=0 hf=96220 hm=92264 ht=283156 pf=0 pm=0 pt=0 ru=235328 rp=239284
18:43:53.343 I (188901) wifi:[ADDBA]RX DELBA, reason:37, delete tid:0, initiator:1(originator)
18:43:53.343 @T t=188583 s=0.000 lv=-36.7 pk=-32.8 c0=6.6 c1=10.7 kw=10.73 inf=2.84 iv=1.21 n=3 d=0 sk=0 hf=96220 hm=92264 ht=283156 pf=0 pm=0 pt=0 ru=235328 rp=239284
18:43:53.343 @T t=188689 s=0.000 lv=-38.0 pk=-35.3 c0=7.0 c1=9.3 kw=8.89 inf=2.90 iv=1.29 n=3 d=0 sk=0 hf=96220 hm=92264 ht=283156 pf=0 pm=0 pt=0 ru=235328 rp=239284
18:43:53.343 @T t=188795 s=0.000 lv=-40.7 pk=-39.4 c0=6.6 c1=9.6 kw=9.45 inf=2.33 iv=1.14 n=4 d=0 sk=0 hf=96220 hm=92264 ht=283156 pf=0 pm=0 pt=0 ru=235328 rp=239284
18:43:53.343 @T t=188881 s=0.000 lv=-40.6 pk=-39.2 c0=4.5 c1=8.1 kw=8.13 inf=3.15 iv=1.23 n=2 d=0 sk=0 hf=96220 hm=92264 ht=283156 pf=0 pm=0 pt=0 ru=235328 rp=239284
18:43:53.343 @T t=188989 s=0.000 lv=-39.9 pk=-38.1 c0=3.3 c1=10.9 kw=10.50 inf=2.66 iv=1.23 n=4 d=0 sk=0 hf=96220 hm=92264 ht=283156 pf=0 pm=0 pt=0 ru=235328 rp=239284
18:43:53.343 @T t=189095 s=0.000 lv=-38.0 pk=-36.5 c0=3.4 c1=9.5 kw=9.36 inf=2.31 iv=1.10 n=4 d=0 sk=0 hf=96220 hm=92264 ht=283156 pf=0 pm=0 pt=0 ru=235328 rp=239284
18:43:53.343 @T t=189181 s=0.000 lv=-33.6 pk=-31.3 c0=4.2 c1=8.0 kw=8.08 inf=3.13 iv=1.20 n=2 d=0 sk=0 hf=96220 hm=92264 ht=283156 pf=0 pm=0 pt=0 ru=235328 rp=239284
18:43:53.343 @I ww=marvin cut=0.50 win=5 cool=1000 tick=100 wifi=1 srv=1 li=0 ln=0
18:43:53.343 @T t=189297 s=0.000 lv=-33.9 pk=-30.3 c0=5.6 c1=10.1 kw=9.81 inf=2.67 iv=1.24 n=4 d=0 sk=0 hf=94456 hm=92264 ht=283156 pf=0 pm=0 pt=0 ru=237092 rp=239284
18:43:53.343 @T t=189383 s=0.000 lv=-22.5 pk=-18.8 c0=10.6 c1=13.3 kw=12.74 inf=2.55 iv=1.28 n=4 d=0 sk=0 hf=96220 hm=92264 ht=283156 pf=0 pm=0 pt=0 ru=235328 rp=239284
18:43:53.343 @T t=189489 s=0.000 lv=-32.9 pk=-27.9 c0=3.9 c1=8.7 kw=8.36 inf=2.72 iv=1.14 n=3 d=0 sk=0 hf=96220 hm=92264 ht=283156 pf=0 pm=0 pt=0 ru=235328 rp=239284
18:43:53.343 @T t=189595 s=0.000 lv=-36.8 pk=-34.7 c0=4.0 c1=8.5 kw=8.36 inf=2.72 iv=1.13 n=3 d=0 sk=0 hf=96220 hm=92264 ht=283156 pf=0 pm=0 pt=0 ru=235328 rp=239284
18:43:55.536 @T t=189681 s=0.000 lv=-38.1 pk=-36.8 c0=7.5 c1=9.3 kw=9.34 inf=2.44 iv=1.16 n=3 d=0 sk=0 hf=96220 hm=92264 ht=283156 pf=0 pm=0 pt=0 ru=235328 rp=239284
18:43:55.536 @T t=189790 s=0.000 lv=-37.8 pk=-36.4 c0=3.6 c1=11.0 kw=10.61 inf=2.72 iv=1.22 n=4 d=0 sk=0 hf=96220 hm=92264 ht=283156 pf=0 pm=0 pt=0 ru=235328 rp=239284
18:43:55.536 @T t=189896 s=0.000 lv=-37.0 pk=-33.2 c0=3.6 c1=8.6 kw=8.46 inf=2.76 iv=1.15 n=3 d=0 sk=0 hf=96220 hm=92264 ht=283156 pf=0 pm=0 pt=0 ru=235328 rp=239284
18:43:55.536 @T t=189982 s=0.000 lv=-35.1 pk=-33.6 c0=4.3 c1=10.5 kw=9.44 inf=2.47 iv=1.18 n=3 d=0 sk=0 hf=96220 hm=92264 ht=283156 pf=0 pm=0 pt=0 ru=235328 rp=239284
18:43:55.536 @T t=190088 s=0.000 lv=-36.1 pk=-34.8 c0=3.5 c1=9.9 kw=10.43 inf=2.59 iv=1.17 n=4 d=0 sk=0 hf=96220 hm=92264 ht=283156 pf=0 pm=0 pt=0 ru=235328 rp=239284
18:43:55.536 @T t=190194 s=0.000 lv=-38.0 pk=-35.9 c0=3.4 c1=8.5 kw=8.29 inf=2.70 iv=1.12 n=3 d=0 sk=0 hf=96220 hm=92264 ht=283156 pf=0 pm=0 pt=0 ru=235328 rp=239284
18:43:55.536 @I ww=marvin cut=0.50 win=5 cool=1000 tick=100 wifi=1 srv=1 li=0 ln=0
18:43:55.536 @T t=190286 s=0.000 lv=-39.0 pk=-37.7 c0=4.8 c1=11.0 kw=10.81 inf=2.31 iv=1.11 n=4 d=0 sk=0 hf=96220 hm=92264 ht=283156 pf=0 pm=0 pt=0 ru=235328 rp=239284
18:43:55.536 @T t=190392 s=0.000 lv=-39.9 pk=-38.8 c0=4.0 c1=8.9 kw=8.68 inf=2.83 iv=1.21 n=3 d=0 sk=0 hf=96220 hm=92264 ht=283156 pf=0 pm=0 pt=0 ru=235328 rp=239284
18:43:55.536 @T t=190498 s=0.000 lv=-39.6 pk=-37.7 c0=3.5 c1=8.5 kw=8.32 inf=2.71 iv=1.12 n=3 d=0 sk=0 hf=96220 hm=92264 ht=283156 pf=0 pm=0 pt=0 ru=235328 rp=239284
18:43:55.536 @T t=190584 s=0.000 lv=-37.7 pk=-35.2 c0=4.4 c1=11.9 kw=11.67 inf=2.33 iv=1.13 n=4 d=0 sk=0 hf=96220 hm=92264 ht=283156 pf=0 pm=0 pt=0 ru=235328 rp=239284
18:43:55.536 @T t=190690 s=0.000 lv=-32.6 pk=-29.7 c0=3.4 c1=8.5 kw=8.32 inf=2.71 iv=1.13 n=3 d=0 sk=0 hf=96220 hm=92264 ht=283156 pf=0 pm=0 pt=0 ru=235328 rp=239284
18:43:55.536 @T t=190796 s=0.000 lv=-38.8 pk=-37.9 c0=3.4 c1=8.4 kw=8.28 inf=2.69 iv=1.11 n=3 d=0 sk=0 hf=96220 hm=92264 ht=283156 pf=0 pm=0 pt=0 ru=235328 rp=239284
18:43:55.536 @T t=190883 s=0.000 lv=-33.6 pk=-28.0 c0=4.5 c1=11.5 kw=11.68 inf=2.36 iv=1.16 n=4 d=0 sk=0 hf=96220 hm=92264 ht=283156 pf=0 pm=0 pt=0 ru=235328 rp=239284
18:43:55.536 @T t=190989 s=0.000 lv=-29.0 pk=-27.0 c0=3.8 c1=8.9 kw=8.34 inf=2.72 iv=1.14 n=3 d=0 sk=0 hf=96220 hm=92264 ht=283156 pf=0 pm=0 pt=0 ru=235328 rp=239284
18:43:55.536 @T t=191095 s=0.000 lv=-38.1 pk=-37.2 c0=3.5 c1=8.4 kw=8.30 inf=2.70 iv=1.12 n=3 d=0 sk=0 hf=96220 hm=92264 ht=283156 pf=0 pm=0 pt=0 ru=235328 rp=239284
18:43:55.536 @T t=191181 s=0.000 lv=-25.7 pk=-23.9 c0=8.0 c1=9.2 kw=9.26 inf=2.42 iv=1.14 n=3 d=0 sk=0 hf=96220 hm=92264 ht=283156 pf=0 pm=0 pt=0 ru=235328 rp=239284
18:43:55.536 @I ww=marvin cut=0.50 win=5 cool=1000 tick=100 wifi=1 srv=1 li=0 ln=0
18:43:55.537 [status] up 191s | mic -32.3 dBFS (peak -17.8) | score max 0.00 | detections 0 | inferences 333 (33.3/s; model 1.16 ms each, paused in quiet 0%; features 1.44 ms per 30 ms) | CPU core0  4.7% core1  9.6% (wake word pipeline 9.37% of one core) | RAM used 229 KB (peak 233 KB, 93 KB free) | wifi OK, server OK | audio lost since boot: i2s 0 net 0
18:43:55.537 [tasks] % of one core (free stack): main@0=4.37(1936) IDLE1@1=90.39(720) IDLE0@0=95.06(728) audio_kws@1=9.58(1248) tiT@*=0.10(1956) websocket_task@*=0.16(1464) ipc1@1=0.00(536) esp_timer@0=0.01(3136) streamer@0=0.00(2956) ipc0@0=0.00(528) wifi@0=0.29(3144) sys_evt@0=0.00(428) Tmr Svc@*=0.00(1368)
18:43:55.537 @T t=191325 s=0.000 lv=-29.8 pk=-26.0 c0=37.9 c1=11.0 kw=10.63 inf=2.86 iv=1.26 n=5 d=0 sk=0 hf=96220 hm=92264 ht=283156 pf=0 pm=0 pt=0 ru=235328 rp=239284
18:43:55.537 @T t=191391 s=0.000 lv=-28.3 pk=-25.7 c0=11.6 c1=10.6 kw=9.79 inf=3.00 iv=1.47 n=2 d=0 sk=0 hf=96220 hm=92264 ht=283156 pf=0 pm=0 pt=0 ru=235328 rp=239284
18:43:55.537 @T t=191498 s=0.000 lv=-34.4 pk=-28.9 c0=3.7 c1=9.7 kw=9.55 inf=2.38 iv=1.17 n=4 d=0 sk=0 hf=96220 hm=92264 ht=283156 pf=0 pm=0 pt=0 ru=235328 rp=239284
18:43:55.537 @T t=191584 s=0.000 lv=-32.2 pk=-28.0 c0=5.0 c1=11.2 kw=10.95 inf=2.90 iv=1.28 n=3 d=0 sk=0 hf=96024 hm=92264 ht=283156 pf=0 pm=0 pt=0 ru=235524 rp=239284
18:43:55.537 @T t=191691 s=0.000 lv=-39.8 pk=-38.1 c0=3.8 c1=8.6 kw=8.45 inf=2.78 iv=1.18 n=3 d=0 sk=0 hf=96220 hm=92264 ht=283156 pf=0 pm=0 pt=0 ru=235328 rp=239284
18:43:55.537 @T t=191797 s=0.000 lv=-28.8 pk=-26.3 c0=3.4 c1=9.4 kw=9.28 inf=2.29 iv=1.09 n=4 d=0 sk=0 hf=96220 hm=92264 ht=283156 pf=0 pm=0 pt=0 ru=235328 rp=239284
18:43:58.052 @T t=191883 s=0.000 lv=-37.9 pk=-35.5 c0=4.7 c1=10.3 kw=10.47 inf=2.77 iv=1.16 n=3 d=0 sk=0 hf=96220 hm=92264 ht=283156 pf=0 pm=0 pt=0 ru=235328 rp=239284
18:43:58.052 @T t=191989 s=0.000 lv=-39.1 pk=-37.7 c0=3.4 c1=8.9 kw=8.46 inf=2.76 iv=1.17 n=3 d=0 sk=0 hf=96220 hm=92264 ht=283156 pf=0 pm=0 pt=0 ru=235328 rp=239284
18:43:58.052 @T t=192095 s=0.000 lv=-30.0 pk=-26.7 c0=3.8 c1=9.9 kw=9.66 inf=2.38 iv=1.17 n=4 d=0 sk=0 hf=96220 hm=92264 ht=283156 pf=0 pm=0 pt=0 ru=235328 rp=239284
18:43:58.052 @T t=192181 s=0.000 lv=-33.5 pk=-29.6 c0=7.5 c1=8.0 kw=8.04 inf=3.11 iv=1.20 n=2 d=0 sk=0 hf=96220 hm=92264 ht=283156 pf=0 pm=0 pt=0 ru=235328 rp=239284
18:43:58.052 @I ww=marvin cut=0.50 win=5 cool=1000 tick=100 wifi=1 srv=1 li=0 ln=0
18:43:58.052 @T t=192292 s=0.000 lv=-41.0 pk=-38.9 c0=4.1 c1=10.5 kw=10.08 inf=2.62 iv=1.20 n=4 d=0 sk=0 hf=96220 hm=92264 ht=283156 pf=0 pm=0 pt=0 ru=235328 rp=239284
18:43:58.052 @T t=192398 s=0.000 lv=-40.3 pk=-39.4 c0=4.5 c1=9.9 kw=9.66 inf=2.38 iv=1.17 n=4 d=0 sk=0 hf=96220 hm=92264 ht=283156 pf=0 pm=0 pt=0 ru=235328 rp=239284
18:43:58.052 @T t=192484 s=0.000 lv=-40.9 pk=-40.1 c0=4.2 c1=10.5 kw=10.27 inf=2.71 iv=1.13 n=3 d=0 sk=0 hf=96220 hm=92264 ht=283156 pf=0 pm=0 pt=0 ru=235328 rp=239284
18:43:58.052 @T t=192590 s=0.000 lv=-40.6 pk=-39.5 c0=3.5 c1=8.5 kw=8.31 inf=2.70 iv=1.12 n=3 d=0 sk=0 hf=96220 hm=92264 ht=283156 pf=0 pm=0 pt=0 ru=235328 rp=239284
18:43:58.052 @T t=192696 s=0.000 lv=-40.2 pk=-38.8 c0=3.4 c1=9.4 kw=9.26 inf=2.28 iv=1.09 n=4 d=0 sk=0 hf=96220 hm=92264 ht=283156 pf=0 pm=0 pt=0 ru=235328 rp=239284
18:43:58.052 @T t=192782 s=0.000 lv=-40.3 pk=-39.2 c0=4.2 c1=9.1 kw=8.05 inf=3.12 iv=1.20 n=2 d=0 sk=0 hf=96220 hm=92264 ht=283156 pf=0 pm=0 pt=0 ru=235328 rp=239284
18:43:58.052 @T t=192888 s=0.000 lv=-40.5 pk=-39.3 c0=3.6 c1=10.0 kw=10.48 inf=2.60 iv=1.11 n=4 d=0 sk=0 hf=96220 hm=92264 ht=283156 pf=0 pm=0 pt=0 ru=235328 rp=239284
18:43:58.052 @T t=192994 s=0.000 lv=-39.7 pk=-39.2 c0=3.4 c1=9.4 kw=9.26 inf=2.28 iv=1.09 n=4 d=0 sk=0 hf=96220 hm=92264 ht=283156 pf=0 pm=0 pt=0 ru=235328 rp=239284
18:43:58.052 @T t=193100 s=0.000 lv=-40.5 pk=-38.5 c0=3.5 c1=8.5 kw=8.37 inf=2.73 iv=1.14 n=3 d=0 sk=0 hf=96220 hm=92264 ht=283156 pf=0 pm=0 pt=0 ru=235328 rp=239284
18:43:58.052 @T t=193186 s=0.000 lv=-38.5 pk=-37.0 c0=4.3 c1=10.8 kw=10.55 inf=2.78 iv=1.15 n=3 d=0 sk=0 hf=96220 hm=92264 ht=283156 pf=0 pm=0 pt=0 ru=235328 rp=239284
18:43:58.052 @I ww=marvin cut=0.50 win=5 cool=1000 tick=100 wifi=1 srv=1 li=0 ln=0
18:43:58.052 @T t=193298 s=0.000 lv=-35.5 pk=-30.7 c0=4.0 c1=9.0 kw=8.79 inf=2.29 iv=1.10 n=4 d=0 sk=0 hf=96220 hm=92264 ht=283156 pf=0 pm=0 pt=0 ru=235328 rp=239284
18:43:58.052 @T t=193384 s=0.000 lv=-37.1 pk=-33.5 c0=4.3 c1=10.6 kw=10.37 inf=2.74 iv=1.15 n=3 d=0 sk=0 hf=96220 hm=92264 ht=283156 pf=0 pm=0 pt=0 ru=235328 rp=239284
18:43:58.052 @T t=193490 s=0.000 lv=-26.0 pk=-21.5 c0=11.0 c1=9.9 kw=9.33 inf=3.05 iv=1.38 n=3 d=0 sk=0 hf=96220 hm=92264 ht=283156 pf=0 pm=0 pt=0 ru=235328 rp=239284
18:43:58.052 @T t=193596 s=0.000 lv=-18.3 pk=-17.0 c0=4.0 c1=10.0 kw=9.76 inf=2.41 iv=1.19 n=4 d=0 sk=0 hf=96220 hm=92264 ht=283156 pf=0 pm=0 pt=0 ru=235328 rp=239284
18:43:58.052 @T t=193682 s=0.000 lv=-26.4 pk=-21.8 c0=4.2 c1=9.0 kw=7.97 inf=3.08 iv=1.17 n=2 d=0 sk=0 hf=96220 hm=92264 ht=283156 pf=0 pm=0 pt=0 ru=235328 rp=239284
18:43:58.052 @T t=193788 s=0.000 lv=-30.2 pk=-28.0 c0=6.1 c1=10.0 kw=10.51 inf=2.61 iv=1.12 n=4 d=0 sk=0 hf=96220 hm=92264 ht=283156 pf=0 pm=0 pt=0 ru=235328 rp=239284
18:43:58.052 @T t=193894 s=0.000 lv=-28.4 pk=-26.5 c0=3.6 c1=9.6 kw=9.43 inf=2.33 iv=1.12 n=4 d=0 sk=0 hf=96220 hm=92264 ht=283156 pf=0 pm=0 pt=0 ru=235328 rp=239284
18:43:58.052 @T t=194000 s=0.000 lv=-35.0 pk=-31.3 c0=3.4 c1=8.5 kw=8.34 inf=2.71 iv=1.13 n=3 d=0 sk=0 hf=96220 hm=92264 ht=283156 pf=0 pm=0 pt=0 ru=235328 rp=239284
18:43:58.052 @T t=194089 s=0.000 lv=-31.8 pk=-28.9 c0=4.0 c1=10.5 kw=10.27 inf=2.80 iv=1.16 n=3 d=0 sk=0 hf=96220 hm=92264 ht=283156 pf=0 pm=0 pt=0 ru=235328 rp=239284
18:43:58.052 @T t=194195 s=0.000 lv=-36.7 pk=-34.4 c0=3.4 c1=9.4 kw=9.24 inf=2.28 iv=1.09 n=4 d=0 sk=0 hf=96220 hm=92264 ht=283156 pf=0 pm=0 pt=0 ru=235328 rp=239284
18:43:58.052 @I ww=marvin cut=0.50 win=5 cool=1000 tick=100 wifi=1 srv=1 li=0 ln=0
18:43:58.052 @T t=194287 s=0.000 lv=-39.8 pk=-36.4 c0=4.8 c1=9.8 kw=9.61 inf=2.71 iv=1.13 n=3 d=0 sk=0 hf=96220 hm=92264 ht=283156 pf=0 pm=0 pt=0 ru=235328 rp=239284
18:44:00.544 @T t=194393 s=0.000 lv=-37.0 pk=-33.9 c0=3.5 c1=8.6 kw=8.41 inf=2.74 iv=1.15 n=3 d=0 sk=0 hf=96220 hm=92264 ht=283156 pf=0 pm=0 pt=0 ru=235328 rp=239284
18:44:00.544 @T t=194499 s=0.000 lv=-38.3 pk=-35.6 c0=4.0 c1=9.7 kw=9.53 inf=2.35 iv=1.15 n=4 d=0 sk=0 hf=96220 hm=92264 ht=283156 pf=0 pm=0 pt=0 ru=235328 rp=239284
18:44:00.544 @T t=194585 s=0.000 lv=-29.7 pk=-24.5 c0=4.8 c1=11.0 kw=10.76 inf=2.85 iv=1.23 n=3 d=0 sk=0 hf=96220 hm=92264 ht=283156 pf=0 pm=0 pt=0 ru=235328 rp=239284
18:44:00.544 @T t=194691 s=0.000 lv=-23.9 pk=-21.1 c0=3.4 c1=8.4 kw=8.29 inf=2.70 iv=1.11 n=3 d=0 sk=0 hf=96220 hm=92264 ht=283156 pf=0 pm=0 pt=0 ru=235328 rp=239284
18:44:00.544 @T t=194797 s=0.000 lv=-28.7 pk=-25.9 c0=3.3 c1=9.5 kw=9.28 inf=2.28 iv=1.10 n=4 d=0 sk=0 hf=96220 hm=92264 ht=283156 pf=0 pm=0 pt=0 ru=235328 rp=239284
18:44:00.544 @T t=194883 s=0.000 lv=-29.8 pk=-26.3 c0=4.4 c1=10.3 kw=10.44 inf=2.76 iv=1.16 n=3 d=0 sk=0 hf=96220 hm=92264 ht=283156 pf=0 pm=0 pt=0 ru=235328 rp=239284
18:44:00.544 @T t=194989 s=0.000 lv=-38.6 pk=-35.9 c0=3.4 c1=8.7 kw=8.25 inf=2.68 iv=1.11 n=3 d=0 sk=0 hf=96220 hm=92264 ht=283156 pf=0 pm=0 pt=0 ru=235328 rp=239284
18:44:00.544 @T t=195095 s=0.000 lv=-39.8 pk=-37.9 c0=3.4 c1=9.5 kw=9.27 inf=2.28 iv=1.10 n=4 d=0 sk=0 hf=96220 hm=92264 ht=283156 pf=0 pm=0 pt=0 ru=235328 rp=239284
18:44:00.544 @T t=195181 s=0.000 lv=-30.0 pk=-27.6 c0=4.2 c1=7.9 kw=8.00 inf=3.09 iv=1.17 n=2 d=0 sk=0 hf=96220 hm=92264 ht=283156 pf=0 pm=0 pt=0 ru=235328 rp=239284
18:44:00.544 @I ww=marvin cut=0.50 win=5 cool=1000 tick=100 wifi=1 srv=1 li=0 ln=0
18:44:00.544 @T t=195296 s=0.000 lv=-39.7 pk=-37.6 c0=13.3 c1=10.2 kw=9.81 inf=2.65 iv=1.22 n=4 d=0 sk=0 hf=96220 hm=92264 ht=283156 pf=0 pm=0 pt=0 ru=235328 rp=239284
18:44:00.544 @T t=195383 s=0.000 lv=-38.9 pk=-36.0 c0=4.2 c1=11.5 kw=11.47 inf=2.32 iv=1.12 n=4 d=0 sk=0 hf=96220 hm=92264 ht=283156 pf=0 pm=0 pt=0 ru=235328 rp=239284
18:44:00.544 @T t=195489 s=0.000 lv=-36.1 pk=-34.6 c0=7.6 c1=9.8 kw=9.45 inf=3.10 iv=1.29 n=3 d=0 sk=0 hf=96220 hm=92264 ht=283156 pf=0 pm=0 pt=0 ru=235328 rp=239284
18:44:00.544 @T t=195595 s=0.000 lv=-36.3 pk=-34.9 c0=4.2 c1=8.6 kw=8.45 inf=2.75 iv=1.14 n=3 d=0 sk=0 hf=96220 hm=92264 ht=283156 pf=0 pm=0 pt=0 ru=235328 rp=239284
18:44:00.544 @T t=195681 s=0.000 lv=-38.8 pk=-37.0 c0=4.2 c1=9.2 kw=9.32 inf=2.44 iv=1.16 n=3 d=0 sk=0 hf=96220 hm=92264 ht=283156 pf=0 pm=0 pt=0 ru=235328 rp=239284
18:44:00.544 @T t=195790 s=0.000 lv=-38.7 pk=-38.0 c0=9.1 c1=10.8 kw=10.35 inf=2.65 iv=1.17 n=4 d=0 sk=0 hf=96220 hm=92264 ht=283156 pf=0 pm=0 pt=0 ru=235328 rp=239284
18:44:00.544 @T t=195896 s=0.000 lv=-28.6 pk=-25.6 c0=3.6 c1=8.6 kw=8.42 inf=2.74 iv=1.14 n=3 d=0 sk=0 hf=96220 hm=92264 ht=283156 pf=0 pm=0 pt=0 ru=235328 rp=239284
18:44:00.544 @T t=195983 s=0.000 lv=-31.5 pk=-26.7 c0=8.3 c1=11.5 kw=11.49 inf=2.32 iv=1.12 n=4 d=0 sk=0 hf=96220 hm=92264 ht=283156 pf=0 pm=0 pt=0 ru=235328 rp=239284
18:44:00.545 @T t=196089 s=0.000 lv=-37.7 pk=-35.8 c0=3.4 c1=8.6 kw=8.29 inf=2.70 iv=1.12 n=3 d=0 sk=0 hf=96220 hm=92264 ht=283156 pf=0 pm=0 pt=0 ru=235328 rp=239284
18:44:00.545 @T t=196195 s=0.000 lv=-28.6 pk=-22.4 c0=3.4 c1=8.5 kw=8.30 inf=2.70 iv=1.12 n=3 d=0 sk=0 hf=96220 hm=92264 ht=283156 pf=0 pm=0 pt=0 ru=235328 rp=239284
18:44:00.545 @I ww=marvin cut=0.50 win=5 cool=1000 tick=100 wifi=1 srv=1 li=0 ln=0
18:44:00.545 @T t=196287 s=0.000 lv=-23.2 pk=-19.6 c0=5.0 c1=11.2 kw=10.98 inf=2.35 iv=1.14 n=4 d=0 sk=0 hf=96220 hm=92264 ht=283156 pf=0 pm=0 pt=0 ru=235328 rp=239284
18:44:00.545 @T t=196393 s=0.000 lv=-39.4 pk=-37.8 c0=3.5 c1=8.7 kw=8.52 inf=2.78 iv=1.17 n=3 d=0 sk=0 hf=96220 hm=92264 ht=283156 pf=0 pm=0 pt=0 ru=235328 rp=239284
18:44:00.545 @T t=196499 s=0.001 lv=-38.8 pk=-37.5 c0=4.0 c1=8.8 kw=8.58 inf=2.80 iv=1.20 n=3 d=0 sk=0 hf=96220 hm=92264 ht=283156 pf=0 pm=0 pt=0 ru=235328 rp=239284
18:44:00.545 @T t=196585 s=0.001 lv=-37.6 pk=-36.0 c0=4.5 c1=12.3 kw=12.03 inf=2.41 iv=1.19 n=4 d=0 sk=0 hf=96220 hm=92264 ht=283156 pf=0 pm=0 pt=0 ru=235328 rp=239284
18:44:00.545 @T t=196691 s=0.000 lv=-40.3 pk=-39.6 c0=3.4 c1=8.7 kw=8.56 inf=2.79 iv=1.18 n=3 d=0 sk=0 hf=96220 hm=92264 ht=283156 pf=0 pm=0 pt=0 ru=235328 rp=239284
18:44:00.545 @T t=196797 s=0.000 lv=-25.4 pk=-22.1 c0=3.4 c1=8.7 kw=8.51 inf=2.77 iv=1.18 n=3 d=0 sk=0 hf=96220 hm=92264 ht=283156 pf=0 pm=0 pt=0 ru=235328 rp=239284
18:44:03.136 @T t=196883 s=0.000 lv=-38.7 pk=-37.4 c0=9.0 c1=12.2 kw=12.28 inf=2.46 iv=1.21 n=4 d=0 sk=0 hf=96220 hm=92264 ht=283156 pf=0 pm=0 pt=0 ru=235328 rp=239284
18:44:03.136 @T t=196989 s=0.000 lv=-40.1 pk=-38.8 c0=6.7 c1=8.8 kw=8.36 inf=2.72 iv=1.14 n=3 d=0 sk=0 hf=96220 hm=92264 ht=283156 pf=0 pm=0 pt=0 ru=235328 rp=239284
18:44:03.136 @T t=197095 s=0.000 lv=-31.2 pk=-26.4 c0=3.5 c1=8.5 kw=8.33 inf=2.71 iv=1.12 n=3 d=0 sk=0 hf=96220 hm=92264 ht=283156 pf=0 pm=0 pt=0 ru=235328 rp=239284
18:44:03.136 @T t=197181 s=0.000 lv=-23.0 pk=-21.2 c0=4.2 c1=9.3 kw=9.38 inf=2.45 iv=1.16 n=3 d=0 sk=0 hf=96220 hm=92264 ht=283156 pf=0 pm=0 pt=0 ru=235328 rp=239284
18:44:03.136 @I ww=marvin cut=0.50 win=5 cool=1000 tick=100 wifi=1 srv=1 li=0 ln=0
18:44:03.136 @T t=197296 s=0.000 lv=-32.6 pk=-29.1 c0=3.9 c1=10.2 kw=9.82 inf=2.65 iv=1.17 n=4 d=0 sk=0 hf=96220 hm=92264 ht=283156 pf=0 pm=0 pt=0 ru=235328 rp=239284
18:44:03.136 @T t=197382 s=0.000 lv=-40.8 pk=-39.4 c0=4.4 c1=10.5 kw=10.47 inf=2.77 iv=1.17 n=3 d=0 sk=0 hf=96220 hm=92264 ht=283156 pf=0 pm=0 pt=0 ru=235328 rp=239284
18:44:03.136 @T t=197488 s=0.000 lv=-40.9 pk=-39.6 c0=5.3 c1=9.6 kw=9.24 inf=2.28 iv=1.09 n=4 d=0 sk=0 hf=94456 hm=92264 ht=283156 pf=0 pm=0 pt=0 ru=237092 rp=239284
18:44:03.136 @T t=197594 s=0.000 lv=-41.1 pk=-39.8 c0=6.3 c1=9.9 kw=9.29 inf=3.04 iv=1.38 n=3 d=0 sk=0 hf=96220 hm=92264 ht=283156 pf=0 pm=0 pt=0 ru=235328 rp=239284
18:44:03.136 @T t=197700 s=0.000 lv=-41.2 pk=-40.3 c0=6.7 c1=8.6 kw=8.41 inf=2.74 iv=1.15 n=3 d=0 sk=0 hf=96220 hm=92264 ht=283156 pf=0 pm=0 pt=0 ru=235328 rp=239284
18:44:03.136 @T t=197786 s=0.000 lv=-41.2 pk=-40.6 c0=4.3 c1=11.9 kw=11.72 inf=2.34 iv=1.12 n=4 d=0 sk=0 hf=96220 hm=92264 ht=283156 pf=0 pm=0 pt=0 ru=235328 rp=239284
18:44:03.136 @T t=197892 s=0.000 lv=-35.3 pk=-32.2 c0=3.6 c1=8.7 kw=8.51 inf=2.78 iv=1.16 n=3 d=0 sk=0 hf=96220 hm=92264 ht=283156 pf=0 pm=0 pt=0 ru=235328 rp=239284
18:44:03.136 @T t=197998 s=0.000 lv=-37.7 pk=-35.6 c0=3.8 c1=8.9 kw=8.71 inf=2.84 iv=1.22 n=3 d=0 sk=0 hf=96220 hm=92264 ht=283156 pf=0 pm=0 pt=0 ru=235328 rp=239284
18:44:03.136 @T t=198084 s=0.000 lv=-38.0 pk=-36.1 c0=4.4 c1=12.0 kw=11.77 inf=2.35 iv=1.14 n=4 d=0 sk=0 hf=96220 hm=92264 ht=283156 pf=0 pm=0 pt=0 ru=235328 rp=239284
18:44:03.137 @T t=198190 s=0.000 lv=-26.1 pk=-20.5 c0=3.4 c1=8.5 kw=8.33 inf=2.71 iv=1.13 n=3 d=0 sk=0 hf=96220 hm=92264 ht=283156 pf=0 pm=0 pt=0 ru=235328 rp=239284
18:44:03.137 @I ww=marvin cut=0.50 win=5 cool=1000 tick=100 wifi=1 srv=1 li=0 ln=0
18:44:03.137 @T t=198282 s=0.000 lv=-21.3 pk=-19.5 c0=4.8 c1=9.7 kw=9.71 inf=2.75 iv=1.15 n=3 d=0 sk=0 hf=96220 hm=92264 ht=283156 pf=0 pm=0 pt=0 ru=235328 rp=239284
18:44:03.137 @T t=198388 s=0.000 lv=-37.8 pk=-32.8 c0=3.5 c1=9.6 kw=9.31 inf=2.29 iv=1.11 n=4 d=0 sk=0 hf=96220 hm=92264 ht=283156 pf=0 pm=0 pt=0 ru=235328 rp=239284
18:44:03.137 @T t=198494 s=0.000 lv=-31.7 pk=-29.2 c0=3.5 c1=8.5 kw=8.36 inf=2.72 iv=1.13 n=3 d=0 sk=0 hf=96220 hm=92264 ht=283156 pf=0 pm=0 pt=0 ru=235328 rp=239284
18:44:03.137 @T t=198600 s=0.000 lv=-34.6 pk=-33.2 c0=7.2 c1=8.8 kw=8.63 inf=2.81 iv=1.20 n=3 d=0 sk=0 hf=96220 hm=92264 ht=283156 pf=0 pm=0 pt=0 ru=235328 rp=239284
18:44:03.137 @T t=198689 s=0.000 lv=-33.9 pk=-30.6 c0=4.0 c1=11.5 kw=11.32 inf=2.34 iv=1.12 n=4 d=0 sk=0 hf=96220 hm=92264 ht=283156 pf=0 pm=0 pt=0 ru=235328 rp=239284
18:44:03.137 @T t=198795 s=0.000 lv=-40.2 pk=-38.9 c0=3.4 c1=8.5 kw=8.29 inf=2.70 iv=1.12 n=3 d=0 sk=0 hf=96220 hm=92264 ht=283156 pf=0 pm=0 pt=0 ru=235328 rp=239284
18:44:03.137 @T t=198881 s=0.000 lv=-23.5 pk=-21.9 c0=4.4 c1=9.2 kw=9.25 inf=2.42 iv=1.13 n=3 d=0 sk=0 hf=96220 hm=92264 ht=283156 pf=0 pm=0 pt=0 ru=235328 rp=239284
18:44:03.137 @T t=198987 s=0.000 lv=-29.1 pk=-24.8 c0=6.6 c1=10.8 kw=10.37 inf=2.57 iv=1.09 n=4 d=0 sk=0 hf=96220 hm=92264 ht=283156 pf=0 pm=0 pt=0 ru=235328 rp=239284
18:44:03.137 @T t=199093 s=0.000 lv=-38.3 pk=-35.6 c0=3.8 c1=8.9 kw=8.68 inf=2.83 iv=1.22 n=3 d=0 sk=0 hf=96220 hm=92264 ht=283156 pf=0 pm=0 pt=0 ru=235328 rp=239284
18:44:03.137 @T t=199199 s=0.000 lv=-39.4 pk=-36.4 c0=3.4 c1=8.5 kw=8.30 inf=2.70 iv=1.12 n=3 d=0 sk=0 hf=96220 hm=92264 ht=283156 pf=0 pm=0 pt=0 ru=235328 rp=239284
18:44:03.137 @I ww=marvin cut=0.50 win=5 cool=1000 tick=100 wifi=1 srv=1 li=0 ln=0
18:44:03.137 @T t=199291 s=0.000 lv=-40.5 pk=-39.3 c0=5.0 c1=11.2 kw=10.98 inf=2.35 iv=1.15 n=4 d=0 sk=0 hf=96220 hm=92264 ht=283156 pf=0 pm=0 pt=0 ru=235328 rp=239284
18:44:03.137 @T t=199397 s=0.000 lv=-40.4 pk=-38.8 c0=3.6 c1=8.5 kw=8.36 inf=2.72 iv=1.15 n=3 d=0 sk=0 hf=96220 hm=92264 ht=283156 pf=0 pm=0 pt=0 ru=235328 rp=239284
18:44:05.453 @T t=199483 s=0.000 lv=-38.8 pk=-37.2 c0=8.2 c1=10.6 kw=10.41 inf=2.75 iv=1.16 n=3 d=0 sk=0 hf=96220 hm=92264 ht=283156 pf=0 pm=0 pt=0 ru=235328 rp=239284
18:44:05.453 @T t=199589 s=0.000 lv=-38.1 pk=-35.4 c0=7.5 c1=10.9 kw=10.30 inf=2.54 iv=1.30 n=4 d=0 sk=0 hf=96220 hm=92264 ht=283156 pf=0 pm=0 pt=0 ru=235328 rp=239284
18:44:05.453 @T t=199695 s=0.000 lv=-41.7 pk=-40.6 c0=3.5 c1=8.4 kw=8.27 inf=2.69 iv=1.12 n=3 d=0 sk=0 hf=96220 hm=92264 ht=283156 pf=0 pm=0 pt=0 ru=235328 rp=239284
18:44:05.453 @T t=199781 s=0.000 lv=-40.6 pk=-40.1 c0=4.0 c1=9.1 kw=9.20 inf=2.40 iv=1.12 n=3 d=0 sk=0 hf=96220 hm=92264 ht=283156 pf=0 pm=0 pt=0 ru=235328 rp=239284
18:44:05.453 @T t=199887 s=0.000 lv=-39.6 pk=-38.0 c0=4.1 c1=11.2 kw=10.78 inf=2.68 iv=1.17 n=4 d=0 sk=0 hf=96220 hm=92264 ht=283156 pf=0 pm=0 pt=0 ru=235328 rp=239284
18:44:05.453 @T t=199993 s=0.000 lv=-40.2 pk=-39.1 c0=3.5 c1=8.4 kw=8.26 inf=2.69 iv=1.11 n=3 d=0 sk=0 hf=96220 hm=92264 ht=283156 pf=0 pm=0 pt=0 ru=235328 rp=239284
18:44:05.454 @T t=200099 s=0.000 lv=-41.2 pk=-39.6 c0=3.5 c1=8.4 kw=8.24 inf=2.68 iv=1.11 n=3 d=0 sk=0 hf=96220 hm=92264 ht=283156 pf=0 pm=0 pt=0 ru=235328 rp=239284
18:44:05.454 @T t=200185 s=0.000 lv=-39.0 pk=-37.1 c0=4.1 c1=11.8 kw=11.60 inf=2.32 iv=1.11 n=4 d=0 sk=0 hf=96220 hm=92264 ht=283156 pf=0 pm=0 pt=0 ru=235328 rp=239284
18:44:05.454 @I ww=marvin cut=0.50 win=5 cool=1000 tick=100 wifi=1 srv=1 li=0 ln=0
18:44:05.454 @T t=200297 s=0.000 lv=-35.6 pk=-34.4 c0=4.3 c1=8.1 kw=7.95 inf=2.73 iv=1.13 n=3 d=0 sk=0 hf=96220 hm=92264 ht=283156 pf=0 pm=0 pt=0 ru=235328 rp=239284
18:44:05.454 @T t=200383 s=0.000 lv=-37.6 pk=-35.4 c0=4.5 c1=10.8 kw=10.58 inf=2.80 iv=1.18 n=3 d=0 sk=0 hf=96220 hm=92264 ht=283156 pf=0 pm=0 pt=0 ru=235328 rp=239284
18:44:05.454 @T t=200489 s=0.000 lv=-36.8 pk=-35.4 c0=6.8 c1=9.5 kw=9.31 inf=2.29 iv=1.10 n=4 d=0 sk=0 hf=96220 hm=92264 ht=283156 pf=0 pm=0 pt=0 ru=235328 rp=239284
18:44:05.454 @T t=200595 s=0.000 lv=-35.4 pk=-30.7 c0=7.1 c1=8.7 kw=8.49 inf=2.77 iv=1.17 n=3 d=0 sk=0 hf=96220 hm=92264 ht=283156 pf=0 pm=0 pt=0 ru=235328 rp=239284
18:44:05.454 @T t=200681 s=0.000 lv=-31.2 pk=-28.4 c0=4.2 c1=9.2 kw=9.25 inf=2.42 iv=1.13 n=3 d=0 sk=0 hf=96220 hm=92264 ht=283156 pf=0 pm=0 pt=0 ru=235328 rp=239284
18:44:05.454 @T t=200787 s=0.000 lv=-35.9 pk=-33.0 c0=6.6 c1=10.7 kw=10.34 inf=2.57 iv=1.09 n=4 d=0 sk=0 hf=96220 hm=92264 ht=283156 pf=0 pm=0 pt=0 ru=235328 rp=239284
18:44:05.454 @T t=200893 s=0.000 lv=-37.3 pk=-34.7 c0=3.5 c1=8.6 kw=8.39 inf=2.73 iv=1.14 n=3 d=0 sk=0 hf=96220 hm=92264 ht=283156 pf=0 pm=0 pt=0 ru=235328 rp=239284
18:44:05.454 @T t=200999 s=0.000 lv=-39.1 pk=-37.8 c0=3.4 c1=8.5 kw=8.35 inf=2.72 iv=1.13 n=3 d=0 sk=0 hf=96220 hm=92264 ht=283156 pf=0 pm=0 pt=0 ru=235328 rp=239284
18:44:05.454 @T t=201085 s=0.000 lv=-38.7 pk=-37.6 c0=8.2 c1=11.9 kw=11.71 inf=2.34 iv=1.13 n=4 d=0 sk=0 hf=96220 hm=92264 ht=283156 pf=0 pm=0 pt=0 ru=235328 rp=239284
18:44:05.454 @T t=201191 s=0.000 lv=-38.2 pk=-36.2 c0=3.4 c1=8.4 kw=8.26 inf=2.69 iv=1.11 n=3 d=0 sk=0 hf=96220 hm=92264 ht=283156 pf=0 pm=0 pt=0 ru=235328 rp=239284
18:44:05.454 @I ww=marvin cut=0.50 win=5 cool=1000 tick=100 wifi=1 srv=1 li=0 ln=0
18:44:05.454 [status] up 201s | mic -30.9 dBFS (peak -17.0) | score max 0.00 | detections 0 | inferences 334 (33.4/s; model 1.16 ms each, paused in quiet 0%; features 1.45 ms per 30 ms) | CPU core0  5.1% core1  9.6% (wake word pipeline 9.39% of one core) | RAM used 229 KB (peak 233 KB, 93 KB free) | wifi OK, server OK | audio lost since boot: i2s 0 net 0
18:44:05.454 @T t=201305 s=0.000 lv=-33.7 pk=-30.5 c0=23.7 c1=10.3 kw=10.09 inf=2.66 iv=1.20 n=4 d=0 sk=0 hf=96180 hm=92264 ht=283156 pf=0 pm=0 pt=0 ru=235368 rp=239284
18:44:05.454 @T t=201391 s=0.000 lv=-21.9 pk=-19.5 c0=8.8 c1=9.7 kw=9.47 inf=2.52 iv=1.22 n=3 d=0 sk=0 hf=96180 hm=92264 ht=283156 pf=0 pm=0 pt=0 ru=235368 rp=239284
18:44:05.454 @T t=201497 s=0.000 lv=-26.9 pk=-21.2 c0=3.5 c1=8.5 kw=8.35 inf=2.72 iv=1.14 n=3 d=0 sk=0 hf=96180 hm=92264 ht=283156 pf=0 pm=0 pt=0 ru=235368 rp=239284
18:44:05.454 @T t=201583 s=0.000 lv=-34.5 pk=-31.1 c0=6.7 c1=10.9 kw=10.62 inf=2.80 iv=1.16 n=3 d=0 sk=0 hf=94416 hm=92264 ht=283156 pf=0 pm=0 pt=0 ru=237132 rp=239284
18:44:05.454 @T t=201689 s=0.000 lv=-29.2 pk=-23.3 c0=5.6 c1=10.5 kw=9.96 inf=2.46 iv=1.24 n=4 d=0 sk=0 hf=96180 hm=92264 ht=283156 pf=0 pm=0 pt=0 ru=235368 rp=239284
18:44:07.942 @T t=201795 s=0.000 lv=-24.6 pk=-21.9 c0=3.4 c1=8.6 kw=8.45 inf=2.76 iv=1.16 n=3 d=0 sk=0 hf=96180 hm=92264 ht=283156 pf=0 pm=0 pt=0 ru=235368 rp=239284
18:44:07.942 @T t=201881 s=0.000 lv=-40.0 pk=-38.7 c0=5.3 c1=10.0 kw=10.02 inf=2.63 iv=1.31 n=3 d=0 sk=0 hf=96180 hm=92264 ht=283156 pf=0 pm=0 pt=0 ru=235368 rp=239284
18:44:07.942 @T t=201987 s=0.000 lv=-38.9 pk=-36.0 c0=3.5 c1=10.9 kw=10.52 inf=2.61 iv=1.12 n=4 d=0 sk=0 hf=96180 hm=92264 ht=283156 pf=0 pm=0 pt=0 ru=235368 rp=239284
18:44:07.942 @T t=202093 s=0.000 lv=-37.8 pk=-36.2 c0=3.5 c1=8.6 kw=8.44 inf=2.75 iv=1.15 n=3 d=0 sk=0 hf=96180 hm=92264 ht=283156 pf=0 pm=0 pt=0 ru=235368 rp=239284
18:44:07.942 @T t=202199 s=0.000 lv=-37.4 pk=-34.9 c0=3.4 c1=8.5 kw=8.36 inf=2.72 iv=1.14 n=3 d=0 sk=0 hf=96180 hm=92264 ht=283156 pf=0 pm=0 pt=0 ru=235368 rp=239284
18:44:07.942 @I ww=marvin cut=0.50 win=5 cool=1000 tick=100 wifi=1 srv=1 li=0 ln=0
18:44:07.942 @T t=202291 s=0.000 lv=-33.2 pk=-27.7 c0=5.0 c1=11.3 kw=11.11 inf=2.38 iv=1.17 n=4 d=0 sk=0 hf=96180 hm=92264 ht=283156 pf=0 pm=0 pt=0 ru=235368 rp=239284
18:44:07.942 @T t=202397 s=0.000 lv=-26.5 pk=-24.6 c0=3.6 c1=8.6 kw=8.47 inf=2.76 iv=1.16 n=3 d=0 sk=0 hf=96180 hm=92264 ht=283156 pf=0 pm=0 pt=0 ru=235368 rp=239284
18:44:07.942 @T t=202484 s=0.000 lv=-38.7 pk=-34.8 c0=4.7 c1=11.0 kw=10.77 inf=2.88 iv=1.26 n=3 d=0 sk=0 hf=96180 hm=92264 ht=283156 pf=0 pm=0 pt=0 ru=235368 rp=239284
18:44:07.942 @T t=202590 s=0.000 lv=-39.7 pk=-38.0 c0=3.5 c1=9.5 kw=9.37 inf=2.31 iv=1.11 n=4 d=0 sk=0 hf=96180 hm=92264 ht=283156 pf=0 pm=0 pt=0 ru=235368 rp=239284
18:44:07.942 @T t=202696 s=0.000 lv=-36.6 pk=-34.8 c0=3.9 c1=8.8 kw=8.58 inf=2.80 iv=1.19 n=3 d=0 sk=0 hf=96180 hm=92264 ht=283156 pf=0 pm=0 pt=0 ru=235368 rp=239284
18:44:07.943 @T t=202782 s=0.000 lv=-38.9 pk=-38.0 c0=4.3 c1=10.4 kw=10.43 inf=2.76 iv=1.16 n=3 d=0 sk=0 hf=96180 hm=92264 ht=283156 pf=0 pm=0 pt=0 ru=235368 rp=239284
18:44:07.943 @T t=202888 s=0.000 lv=-40.2 pk=-39.3 c0=3.6 c1=9.7 kw=9.38 inf=2.31 iv=1.12 n=4 d=0 sk=0 hf=96180 hm=92264 ht=283156 pf=0 pm=0 pt=0 ru=235368 rp=239284
18:44:07.943 @T t=202994 s=0.000 lv=-38.1 pk=-36.6 c0=3.4 c1=8.5 kw=8.33 inf=2.71 iv=1.13 n=3 d=0 sk=0 hf=96180 hm=92264 ht=283156 pf=0 pm=0 pt=0 ru=235368 rp=239284
18:44:07.943 @T t=203100 s=0.000 lv=-39.8 pk=-38.3 c0=3.5 c1=8.5 kw=8.30 inf=2.70 iv=1.12 n=3 d=0 sk=0 hf=96180 hm=92264 ht=283156 pf=0 pm=0 pt=0 ru=235368 rp=239284
18:44:07.943 @T t=203186 s=0.000 lv=-38.2 pk=-35.5 c0=8.2 c1=11.9 kw=11.68 inf=2.33 iv=1.12 n=4 d=0 sk=0 hf=96180 hm=92264 ht=283156 pf=0 pm=0 pt=0 ru=235368 rp=239284
18:44:07.943 @I ww=marvin cut=0.50 win=5 cool=1000 tick=100 wifi=1 srv=1 li=0 ln=0
18:44:07.943 @T t=203298 s=0.000 lv=-37.9 pk=-36.1 c0=4.0 c1=8.0 kw=7.85 inf=2.70 iv=1.12 n=3 d=0 sk=0 hf=96180 hm=92264 ht=283156 pf=0 pm=0 pt=0 ru=235368 rp=239284
18:44:07.943 @T t=203384 s=0.000 lv=-36.7 pk=-35.2 c0=4.4 c1=10.6 kw=10.43 inf=2.75 iv=1.16 n=3 d=0 sk=0 hf=96180 hm=92264 ht=283156 pf=0 pm=0 pt=0 ru=235368 rp=239284
18:44:07.943 @T t=203490 s=0.000 lv=-39.8 pk=-38.1 c0=3.5 c1=9.4 kw=9.25 inf=2.28 iv=1.09 n=4 d=0 sk=0 hf=96180 hm=92264 ht=283156 pf=0 pm=0 pt=0 ru=235368 rp=239284
18:44:07.943 @T t=203596 s=0.000 lv=-40.7 pk=-39.8 c0=3.8 c1=8.6 kw=8.39 inf=2.73 iv=1.15 n=3 d=0 sk=0 hf=96180 hm=92264 ht=283156 pf=0 pm=0 pt=0 ru=235368 rp=239284
18:44:07.943 @T t=203682 s=0.000 lv=-41.6 pk=-40.3 c0=9.3 c1=11.6 kw=11.28 inf=2.98 iv=1.30 n=3 d=0 sk=0 hf=96180 hm=92264 ht=283156 pf=0 pm=0 pt=0 ru=235368 rp=239284
18:44:07.943 @T t=203788 s=0.000 lv=-40.7 pk=-39.6 c0=3.5 c1=9.7 kw=9.27 inf=2.28 iv=1.11 n=4 d=0 sk=0 hf=96180 hm=92264 ht=283156 pf=0 pm=0 pt=0 ru=235368 rp=239284
18:44:07.943 @T t=203894 s=0.000 lv=-41.6 pk=-39.8 c0=7.8 c1=9.0 kw=8.81 inf=2.88 iv=1.26 n=3 d=0 sk=0 hf=96180 hm=92264 ht=283156 pf=0 pm=0 pt=0 ru=235368 rp=239284
18:44:07.943 @T t=204000 s=0.000 lv=-38.7 pk=-36.8 c0=3.4 c1=8.5 kw=8.35 inf=2.72 iv=1.13 n=3 d=0 sk=0 hf=96180 hm=92264 ht=283156 pf=0 pm=0 pt=0 ru=235368 rp=239284
18:44:07.943 @T t=204086 s=0.000 lv=-39.3 pk=-37.0 c0=4.1 c1=6.4 kw=6.25 inf=1.56 iv=0.00 n=0 d=0 sk=3 hf=96180 hm=92264 ht=283156 pf=0 pm=0 pt=0 ru=235368 rp=239284
18:44:07.943 @T t=204192 s=0.000 lv=-32.9 pk=-27.2 c0=3.0 c1=11.7 kw=11.50 inf=1.28 iv=0.97 n=7 d=0 sk=2 hf=96180 hm=92264 ht=283156 pf=0 pm=0 pt=0 ru=235368 rp=239284
18:44:07.943 @I ww=marvin cut=0.50 win=5 cool=1000 tick=100 wifi=1 srv=1 li=0 ln=0
18:44:10.535 @T t=204284 s=0.000 lv=-21.3 pk=-19.4 c0=4.9 c1=9.8 kw=9.63 inf=2.72 iv=1.13 n=3 d=0 sk=0 hf=96180 hm=92264 ht=283156 pf=0 pm=0 pt=0 ru=235368 rp=239284
18:44:10.535 @T t=204390 s=0.000 lv=-38.6 pk=-35.1 c0=3.4 c1=9.4 kw=9.22 inf=2.27 iv=1.08 n=4 d=0 sk=0 hf=96180 hm=92264 ht=283156 pf=0 pm=0 pt=0 ru=235368 rp=239284
18:44:10.535 @T t=204496 s=0.000 lv=-34.1 pk=-29.4 c0=3.5 c1=8.5 kw=8.29 inf=2.70 iv=1.12 n=3 d=0 sk=0 hf=96180 hm=92264 ht=283156 pf=0 pm=0 pt=0 ru=235368 rp=239284
18:44:10.535 @T t=204582 s=0.000 lv=-35.6 pk=-31.9 c0=4.3 c1=10.4 kw=10.39 inf=2.74 iv=1.15 n=3 d=0 sk=0 hf=96180 hm=92264 ht=283156 pf=0 pm=0 pt=0 ru=235368 rp=239284
18:44:10.535 @T t=204688 s=0.000 lv=-35.2 pk=-33.5 c0=3.9 c1=9.8 kw=9.42 inf=2.32 iv=1.13 n=4 d=0 sk=0 hf=96180 hm=92264 ht=283156 pf=0 pm=0 pt=0 ru=235368 rp=239284
18:44:10.535 @T t=204794 s=0.000 lv=-38.7 pk=-36.5 c0=3.7 c1=8.5 kw=8.34 inf=2.71 iv=1.12 n=3 d=0 sk=0 hf=96180 hm=92264 ht=283156 pf=0 pm=0 pt=0 ru=235368 rp=239284
18:44:10.535 @T t=204900 s=0.000 lv=-27.9 pk=-23.0 c0=3.6 c1=8.6 kw=8.44 inf=2.75 iv=1.15 n=3 d=0 sk=0 hf=96180 hm=92264 ht=283156 pf=0 pm=0 pt=0 ru=235368 rp=239284
18:44:10.535 @T t=204989 s=0.000 lv=-22.6 pk=-21.3 c0=3.9 c1=11.5 kw=11.26 inf=2.33 iv=1.11 n=4 d=0 sk=0 hf=96180 hm=92264 ht=283156 pf=0 pm=0 pt=0 ru=235368 rp=239284
18:44:10.535 @T t=205095 s=0.000 lv=-29.7 pk=-26.7 c0=3.4 c1=8.5 kw=8.32 inf=2.71 iv=1.12 n=3 d=0 sk=0 hf=96180 hm=92264 ht=283156 pf=0 pm=0 pt=0 ru=235368 rp=239284
18:44:10.535 @T t=205181 s=0.000 lv=-37.0 pk=-33.2 c0=4.2 c1=9.2 kw=9.23 inf=2.41 iv=1.13 n=3 d=0 sk=0 hf=96180 hm=92264 ht=283156 pf=0 pm=0 pt=0 ru=235368 rp=239284
18:44:10.535 @I ww=marvin cut=0.50 win=5 cool=1000 tick=100 wifi=1 srv=1 li=0 ln=0
18:44:10.535 @T t=205293 s=0.000 lv=-23.4 pk=-20.2 c0=4.0 c1=10.2 kw=9.79 inf=2.57 iv=1.09 n=4 d=0 sk=0 hf=96180 hm=92264 ht=283156 pf=0 pm=0 pt=0 ru=235368 rp=239284
18:44:10.535 @T t=205399 s=0.000 lv=-39.8 pk=-38.5 c0=3.6 c1=8.5 kw=8.33 inf=2.71 iv=1.13 n=3 d=0 sk=0 hf=96180 hm=92264 ht=283156 pf=0 pm=0 pt=0 ru=235368 rp=239284
18:44:10.535 @T t=205485 s=0.000 lv=-33.4 pk=-28.0 c0=4.3 c1=10.7 kw=10.47 inf=2.77 iv=1.16 n=3 d=0 sk=0 hf=96180 hm=92264 ht=283156 pf=0 pm=0 pt=0 ru=235368 rp=239284
18:44:10.535 @T t=205591 s=0.000 lv=-31.0 pk=-27.0 c0=3.5 c1=9.5 kw=9.30 inf=2.29 iv=1.10 n=4 d=0 sk=0 hf=96180 hm=92264 ht=283156 pf=0 pm=0 pt=0 ru=235368 rp=239284
18:44:10.535 @T t=205697 s=0.000 lv=-37.0 pk=-34.7 c0=5.5 c1=9.1 kw=8.86 inf=2.89 iv=1.27 n=3 d=0 sk=0 hf=94416 hm=92264 ht=283156 pf=0 pm=0 pt=0 ru=237132 rp=239284
18:44:10.535 @T t=205784 s=0.000 lv=-31.4 pk=-26.8 c0=7.1 c1=11.5 kw=10.86 inf=2.91 iv=1.28 n=3 d=0 sk=0 hf=96180 hm=92264 ht=283156 pf=0 pm=0 pt=0 ru=235368 rp=239284
18:44:10.535 @T t=205890 s=0.000 lv=-30.7 pk=-28.7 c0=7.8 c1=10.0 kw=9.81 inf=2.42 iv=1.20 n=4 d=0 sk=0 hf=96180 hm=92264 ht=283156 pf=0 pm=0 pt=0 ru=235368 rp=239284
18:44:10.535 @T t=205996 s=0.000 lv=-41.9 pk=-39.8 c0=3.5 c1=8.5 kw=8.31 inf=2.71 iv=1.13 n=3 d=0 sk=0 hf=96180 hm=92264 ht=283156 pf=0 pm=0 pt=0 ru=235368 rp=239284
18:44:10.535 @T t=206082 s=0.000 lv=-41.3 pk=-40.7 c0=4.3 c1=10.4 kw=10.43 inf=2.76 iv=1.16 n=3 d=0 sk=0 hf=96180 hm=92264 ht=283156 pf=0 pm=0 pt=0 ru=235368 rp=239284
18:44:10.535 @T t=206188 s=0.000 lv=-42.2 pk=-40.5 c0=3.4 c1=9.6 kw=9.26 inf=2.28 iv=1.09 n=4 d=0 sk=0 hf=96180 hm=92264 ht=283156 pf=0 pm=0 pt=0 ru=235368 rp=239284
18:44:10.535 @I ww=marvin cut=0.50 win=5 cool=1000 tick=100 wifi=1 srv=1 li=0 ln=0
18:44:10.535 @T t=206300 s=0.000 lv=-41.3 pk=-40.4 c0=4.0 c1=8.0 kw=7.87 inf=2.71 iv=1.13 n=3 d=0 sk=0 hf=96180 hm=92264 ht=283156 pf=0 pm=0 pt=0 ru=235368 rp=239284
18:44:10.535 @T t=206389 s=0.000 lv=-42.6 pk=-42.0 c0=10.9 c1=10.6 kw=10.35 inf=2.82 iv=1.19 n=3 d=0 sk=0 hf=96180 hm=92264 ht=283156 pf=0 pm=0 pt=0 ru=235368 rp=239284
18:44:10.535 @T t=206495 s=0.000 lv=-40.7 pk=-40.0 c0=3.5 c1=9.5 kw=9.29 inf=2.29 iv=1.10 n=4 d=0 sk=0 hf=96180 hm=92264 ht=283156 pf=0 pm=0 pt=0 ru=235368 rp=239284
18:44:10.535 @T t=206581 s=0.000 lv=-40.7 pk=-40.1 c0=8.2 c1=7.9 kw=8.01 inf=3.10 iv=1.18 n=2 d=0 sk=0 hf=96180 hm=92264 ht=283156 pf=0 pm=0 pt=0 ru=235368 rp=239284
18:44:10.535 @T t=206690 s=0.000 lv=-41.4 pk=-40.9 c0=8.9 c1=10.8 kw=10.39 inf=2.66 iv=1.23 n=4 d=0 sk=0 hf=96180 hm=92264 ht=283156 pf=0 pm=0 pt=0 ru=235368 rp=239284
18:44:10.535 @T t=206796 s=0.000 lv=-40.9 pk=-40.3 c0=3.9 c1=9.7 kw=9.50 inf=2.34 iv=1.14 n=4 d=0 sk=0 hf=96180 hm=92264 ht=283156 pf=0 pm=0 pt=0 ru=235368 rp=239284
18:44:13.047 @T t=206882 s=0.000 lv=-32.7 pk=-26.1 c0=4.5 c1=9.1 kw=8.03 inf=3.10 iv=1.20 n=2 d=0 sk=0 hf=96180 hm=92264 ht=283156 pf=0 pm=0 pt=0 ru=235368 rp=239284
18:44:13.047 @T t=206988 s=0.000 lv=-23.6 pk=-21.5 c0=3.8 c1=10.1 kw=10.65 inf=2.65 iv=1.12 n=4 d=0 sk=0 hf=96180 hm=92264 ht=283156 pf=0 pm=0 pt=0 ru=235368 rp=239284
18:44:13.047 @T t=207094 s=0.000 lv=-38.3 pk=-35.3 c0=6.7 c1=9.6 kw=9.38 inf=2.31 iv=1.12 n=4 d=0 sk=0 hf=96180 hm=92264 ht=283156 pf=0 pm=0 pt=0 ru=235368 rp=239284
18:44:13.047 @T t=207200 s=0.000 lv=-37.6 pk=-34.5 c0=3.4 c1=8.5 kw=8.34 inf=2.72 iv=1.13 n=3 d=0 sk=0 hf=96180 hm=92264 ht=283156 pf=0 pm=0 pt=0 ru=235368 rp=239284
18:44:13.047 @I ww=marvin cut=0.50 win=5 cool=1000 tick=100 wifi=1 srv=1 li=0 ln=0
18:44:13.047 @T t=207291 s=0.000 lv=-38.2 pk=-37.2 c0=13.2 c1=10.2 kw=10.02 inf=2.79 iv=1.17 n=3 d=0 sk=0 hf=96180 hm=92264 ht=283156 pf=0 pm=0 pt=0 ru=235368 rp=239284
18:44:13.047 @T t=207397 s=0.000 lv=-37.9 pk=-35.1 c0=3.6 c1=9.5 kw=9.35 inf=2.30 iv=1.11 n=4 d=0 sk=0 hf=96180 hm=92264 ht=283156 pf=0 pm=0 pt=0 ru=235368 rp=239284
18:44:13.047 @T t=207483 s=0.000 lv=-33.5 pk=-29.6 c0=4.2 c1=10.3 kw=10.29 inf=2.72 iv=1.14 n=3 d=0 sk=0 hf=96180 hm=92264 ht=283156 pf=0 pm=0 pt=0 ru=235368 rp=239284
18:44:13.047 @T t=207589 s=0.000 lv=-41.4 pk=-41.0 c0=3.5 c1=8.6 kw=8.29 inf=2.70 iv=1.11 n=3 d=0 sk=0 hf=96180 hm=92264 ht=283156 pf=0 pm=0 pt=0 ru=235368 rp=239284
18:44:13.047 @T t=207695 s=0.000 lv=-25.6 pk=-23.4 c0=3.4 c1=9.4 kw=9.25 inf=2.28 iv=1.09 n=4 d=0 sk=0 hf=96180 hm=92264 ht=283156 pf=0 pm=0 pt=0 ru=235368 rp=239284
18:44:13.047 @T t=207783 s=0.000 lv=-29.3 pk=-25.5 c0=8.9 c1=11.5 kw=8.80 inf=2.34 iv=1.00 n=3 d=0 sk=0 hf=96180 hm=92264 ht=283156 pf=0 pm=0 pt=0 ru=235368 rp=239284
18:44:13.047 @T t=207892 s=0.000 lv=-38.8 pk=-34.6 c0=4.4 c1=9.9 kw=10.84 inf=3.70 iv=1.71 n=3 d=0 sk=0 hf=96180 hm=92264 ht=283156 pf=0 pm=0 pt=0 ru=235368 rp=239284
18:44:13.047 @T t=207998 s=0.000 lv=-29.7 pk=-26.7 c0=3.4 c1=9.5 kw=9.30 inf=2.29 iv=1.10 n=4 d=0 sk=0 hf=96180 hm=92264 ht=283156 pf=0 pm=0 pt=0 ru=235368 rp=239284
18:44:13.047 @T t=208084 s=0.000 lv=-39.9 pk=-37.0 c0=4.2 c1=10.4 kw=10.21 inf=2.70 iv=1.12 n=3 d=0 sk=0 hf=96180 hm=92264 ht=283156 pf=0 pm=0 pt=0 ru=235368 rp=239284
18:44:13.047 @T t=208191 s=0.000 lv=-34.7 pk=-28.7 c0=3.8 c1=8.4 kw=8.23 inf=2.71 iv=1.12 n=3 d=0 sk=0 hf=96180 hm=92264 ht=283156 pf=0 pm=0 pt=0 ru=235368 rp=239284
18:44:13.047 @I ww=marvin cut=0.50 win=5 cool=1000 tick=100 wifi=1 srv=1 li=0 ln=0
18:44:13.047 @T t=208282 s=0.000 lv=-22.1 pk=-21.3 c0=4.8 c1=9.8 kw=8.81 inf=2.44 iv=1.14 n=3 d=0 sk=0 hf=96180 hm=92264 ht=283156 pf=0 pm=0 pt=0 ru=235368 rp=239284
18:44:13.047 @T t=208388 s=0.000 lv=-31.3 pk=-25.3 c0=3.5 c1=9.8 kw=10.29 inf=2.56 iv=1.14 n=4 d=0 sk=0 hf=96180 hm=92264 ht=283156 pf=0 pm=0 pt=0 ru=235368 rp=239284
18:44:13.047 @T t=208494 s=0.000 lv=-38.5 pk=-36.9 c0=3.6 c1=8.4 kw=8.26 inf=2.69 iv=1.12 n=3 d=0 sk=0 hf=96180 hm=92264 ht=283156 pf=0 pm=0 pt=0 ru=235368 rp=239284
18:44:13.047 @T t=208600 s=0.000 lv=-38.9 pk=-34.7 c0=3.5 c1=9.5 kw=9.30 inf=2.29 iv=1.09 n=4 d=0 sk=0 hf=96180 hm=92264 ht=283156 pf=0 pm=0 pt=0 ru=235368 rp=239284
18:44:13.047 @T t=208686 s=0.000 lv=-36.0 pk=-34.3 c0=4.1 c1=10.6 kw=10.37 inf=2.73 iv=1.12 n=3 d=0 sk=0 hf=96180 hm=92264 ht=283156 pf=0 pm=0 pt=0 ru=235368 rp=239284
18:44:13.047 @T t=208792 s=0.000 lv=-36.8 pk=-34.7 c0=3.9 c1=8.4 kw=8.24 inf=2.68 iv=1.10 n=3 d=0 sk=0 hf=96180 hm=92264 ht=283156 pf=0 pm=0 pt=0 ru=235368 rp=239284
18:44:13.047 @T t=208898 s=0.000 lv=-41.0 pk=-39.5 c0=3.6 c1=9.6 kw=9.39 inf=2.31 iv=1.12 n=4 d=0 sk=0 hf=96180 hm=92264 ht=283156 pf=0 pm=0 pt=0 ru=235368 rp=239284
18:44:13.047 @T t=208984 s=0.000 lv=-39.2 pk=-35.9 c0=8.0 c1=10.4 kw=10.20 inf=2.69 iv=1.11 n=3 d=0 sk=0 hf=96180 hm=92264 ht=283156 pf=0 pm=0 pt=0 ru=235368 rp=239284
18:44:13.047 @T t=209090 s=0.000 lv=-40.7 pk=-40.1 c0=3.5 c1=8.5 kw=8.32 inf=2.71 iv=1.12 n=3 d=0 sk=0 hf=96180 hm=92264 ht=283156 pf=0 pm=0 pt=0 ru=235368 rp=239284
18:44:13.047 @T t=209196 s=0.000 lv=-38.1 pk=-35.8 c0=3.4 c1=9.4 kw=9.27 inf=2.28 iv=1.10 n=4 d=0 sk=0 hf=96180 hm=92264 ht=283156 pf=0 pm=0 pt=0 ru=235368 rp=239284
18:44:13.047 @I ww=marvin cut=0.50 win=5 cool=1000 tick=100 wifi=1 srv=1 li=0 ln=0
18:44:13.047 @T t=209288 s=0.000 lv=-32.9 pk=-30.4 c0=5.2 c1=9.9 kw=9.66 inf=2.73 iv=1.13 n=3 d=0 sk=0 hf=96180 hm=92264 ht=283156 pf=0 pm=0 pt=0 ru=235368 rp=239284
18:44:15.351 @T t=209394 s=0.000 lv=-31.7 pk=-28.9 c0=3.6 c1=8.6 kw=8.40 inf=2.74 iv=1.15 n=3 d=0 sk=0 hf=96180 hm=92264 ht=283156 pf=0 pm=0 pt=0 ru=235368 rp=239284
18:44:15.351 @T t=209500 s=0.000 lv=-24.4 pk=-22.6 c0=6.6 c1=9.5 kw=9.30 inf=2.29 iv=1.10 n=4 d=0 sk=0 hf=96180 hm=92264 ht=283156 pf=0 pm=0 pt=0 ru=235368 rp=239284
18:44:15.351 @T t=209589 s=0.000 lv=-30.3 pk=-26.6 c0=3.9 c1=10.2 kw=10.05 inf=2.74 iv=1.12 n=3 d=0 sk=0 hf=96180 hm=92264 ht=283156 pf=0 pm=0 pt=0 ru=235368 rp=239284
18:44:15.351 @T t=209695 s=0.000 lv=-36.8 pk=-33.3 c0=3.4 c1=8.5 kw=8.29 inf=2.70 iv=1.12 n=3 d=0 sk=0 hf=96180 hm=92264 ht=283156 pf=0 pm=0 pt=0 ru=235368 rp=239284
18:44:15.351 @T t=209781 s=0.000 lv=-37.3 pk=-32.5 c0=6.6 c1=9.3 kw=9.34 inf=2.44 iv=1.16 n=3 d=0 sk=0 hf=94416 hm=92264 ht=283156 pf=0 pm=0 pt=0 ru=237132 rp=239284
18:44:15.351 @T t=209887 s=0.000 lv=-33.0 pk=-30.6 c0=8.3 c1=12.4 kw=11.56 inf=2.88 iv=1.33 n=4 d=0 sk=0 hf=96180 hm=92264 ht=283156 pf=0 pm=0 pt=0 ru=235368 rp=239284
18:44:15.351 @T t=209993 s=0.000 lv=-40.1 pk=-39.2 c0=6.1 c1=8.5 kw=8.33 inf=2.71 iv=1.13 n=3 d=0 sk=0 hf=96180 hm=92264 ht=283156 pf=0 pm=0 pt=0 ru=235368 rp=239284
18:44:15.351 @T t=210099 s=0.000 lv=-30.0 pk=-26.0 c0=4.2 c1=9.9 kw=9.71 inf=2.39 iv=1.18 n=4 d=0 sk=0 hf=95984 hm=92264 ht=283156 pf=0 pm=0 pt=0 ru=235564 rp=239284
18:44:15.351 @T t=210185 s=0.000 lv=-30.9 pk=-27.9 c0=4.6 c1=10.7 kw=10.47 inf=2.77 iv=1.17 n=3 d=0 sk=0 hf=96180 hm=92264 ht=283156 pf=0 pm=0 pt=0 ru=235368 rp=239284
18:44:15.351 @I ww=marvin cut=0.50 win=5 cool=1000 tick=100 wifi=1 srv=1 li=0 ln=0
18:44:15.351 @T t=210297 s=0.000 lv=-40.8 pk=-39.4 c0=4.0 c1=8.0 kw=7.87 inf=2.71 iv=1.13 n=3 d=0 sk=0 hf=96180 hm=92264 ht=283156 pf=0 pm=0 pt=0 ru=235368 rp=239284
18:44:15.351 @T t=210383 s=0.000 lv=-40.3 pk=-39.9 c0=4.8 c1=12.2 kw=12.10 inf=2.42 iv=1.20 n=4 d=0 sk=0 hf=96180 hm=92264 ht=283156 pf=0 pm=0 pt=0 ru=235368 rp=239284
18:44:15.351 @T t=210489 s=0.000 lv=-39.3 pk=-37.7 c0=6.2 c1=8.7 kw=8.34 inf=2.72 iv=1.14 n=3 d=0 sk=0 hf=96180 hm=92264 ht=283156 pf=0 pm=0 pt=0 ru=235368 rp=239284
18:44:15.351 @T t=210595 s=0.000 lv=-41.2 pk=-40.4 c0=6.7 c1=8.5 kw=8.35 inf=2.72 iv=1.14 n=3 d=0 sk=0 hf=96180 hm=92264 ht=283156 pf=0 pm=0 pt=0 ru=235368 rp=239284
18:44:15.351 @T t=210681 s=0.000 lv=-41.6 pk=-40.3 c0=4.2 c1=9.3 kw=9.34 inf=2.45 iv=1.16 n=3 d=0 sk=0 hf=96180 hm=92264 ht=283156 pf=0 pm=0 pt=0 ru=235368 rp=239284
18:44:15.351 @T t=210789 s=0.000 lv=-41.2 pk=-40.1 c0=3.2 c1=10.7 kw=10.32 inf=2.62 iv=1.15 n=4 d=0 sk=0 hf=96180 hm=92264 ht=283156 pf=0 pm=0 pt=0 ru=235368 rp=239284
18:44:15.351 @T t=210895 s=0.000 lv=-40.0 pk=-37.0 c0=4.1 c1=8.9 kw=8.68 inf=2.83 iv=1.21 n=3 d=0 sk=0 hf=96180 hm=92264 ht=283156 pf=0 pm=0 pt=0 ru=235368 rp=239284
18:44:15.351 @T t=210981 s=0.000 lv=-40.9 pk=-38.8 c0=4.7 c1=9.7 kw=9.75 inf=2.56 iv=1.24 n=3 d=0 sk=0 hf=96180 hm=92264 ht=283156 pf=0 pm=0 pt=0 ru=235368 rp=239284
18:44:15.351 @T t=211089 s=0.000 lv=-34.7 pk=-32.7 c0=3.4 c1=11.0 kw=10.55 inf=2.68 iv=1.18 n=4 d=0 sk=0 hf=96180 hm=92264 ht=283156 pf=0 pm=0 pt=0 ru=235368 rp=239284
18:44:15.351 @T t=211195 s=0.000 lv=-35.0 pk=-31.6 c0=7.0 c1=8.6 kw=8.42 inf=2.74 iv=1.13 n=3 d=0 sk=0 hf=96180 hm=92264 ht=283156 pf=0 pm=0 pt=0 ru=235368 rp=239284
18:44:15.351 @I ww=marvin cut=0.50 win=5 cool=1000 tick=100 wifi=1 srv=1 li=0 ln=0
18:44:15.351 [status] up 211s | mic -31.3 dBFS (peak -19.4) | score max 0.00 | detections 0 | inferences 333 (33.3/s; model 1.15 ms each, paused in quiet 1%; features 1.42 ms per 30 ms) | CPU core0  5.0% core1  9.6% (wake word pipeline 9.34% of one core) | RAM used 229 KB (peak 233 KB, 93 KB free) | wifi OK, server OK | audio lost since boot: i2s 0 net 0
18:44:15.352 @T t=211309 s=0.000 lv=-39.6 pk=-35.7 c0=8.6 c1=10.6 kw=10.37 inf=2.74 iv=1.26 n=4 d=0 sk=0 hf=96180 hm=92264 ht=283156 pf=0 pm=0 pt=0 ru=235368 rp=239284
18:44:15.352 @T t=211395 s=0.000 lv=-27.9 pk=-26.0 c0=4.8 c1=9.8 kw=9.60 inf=2.56 iv=1.23 n=3 d=0 sk=0 hf=96180 hm=92264 ht=283156 pf=0 pm=0 pt=0 ru=235368 rp=239284
18:44:15.352 @T t=211481 s=0.000 lv=-33.2 pk=-29.6 c0=4.6 c1=9.1 kw=9.22 inf=2.40 iv=1.12 n=3 d=0 sk=0 hf=96180 hm=92264 ht=283156 pf=0 pm=0 pt=0 ru=235368 rp=239284
18:44:15.352 @T t=211587 s=0.000 lv=-38.5 pk=-35.5 c0=3.9 c1=11.2 kw=10.76 inf=2.67 iv=1.17 n=4 d=0 sk=0 hf=96180 hm=92264 ht=283156 pf=0 pm=0 pt=0 ru=235368 rp=239284
18:44:17.863 @T t=211693 s=0.000 lv=-39.4 pk=-38.9 c0=3.5 c1=8.5 kw=8.36 inf=2.72 iv=1.14 n=3 d=0 sk=0 hf=96180 hm=92264 ht=283156 pf=0 pm=0 pt=0 ru=235368 rp=239284
18:44:17.863 @T t=211799 s=0.000 lv=-37.1 pk=-35.1 c0=3.7 c1=8.5 kw=8.36 inf=2.71 iv=1.11 n=3 d=0 sk=0 hf=96180 hm=92264 ht=283156 pf=0 pm=0 pt=0 ru=235368 rp=239284
18:44:17.863 @T t=211885 s=0.000 lv=-35.4 pk=-33.9 c0=9.7 c1=13.7 kw=13.00 inf=2.61 iv=1.35 n=4 d=0 sk=0 hf=96180 hm=92264 ht=283156 pf=0 pm=0 pt=0 ru=235368 rp=239284
18:44:17.863 @T t=211991 s=0.000 lv=-27.9 pk=-26.7 c0=3.9 c1=8.7 kw=8.56 inf=2.79 iv=1.17 n=3 d=0 sk=0 hf=96180 hm=92264 ht=283156 pf=0 pm=0 pt=0 ru=235368 rp=239284
18:44:17.863 @T t=212097 s=0.000 lv=-37.4 pk=-35.9 c0=4.4 c1=8.5 kw=8.32 inf=2.70 iv=1.12 n=3 d=0 sk=0 hf=96180 hm=92264 ht=283156 pf=0 pm=0 pt=0 ru=235368 rp=239284
18:44:17.863 @T t=212183 s=0.000 lv=-39.2 pk=-36.3 c0=4.2 c1=11.7 kw=11.75 inf=2.35 iv=1.14 n=4 d=0 sk=0 hf=96180 hm=92264 ht=283156 pf=0 pm=0 pt=0 ru=235368 rp=239284
18:44:17.863 @I ww=marvin cut=0.50 win=5 cool=1000 tick=100 wifi=1 srv=1 li=0 ln=0
18:44:17.863 @T t=212295 s=0.000 lv=-40.4 pk=-39.0 c0=4.7 c1=8.2 kw=7.85 inf=2.70 iv=1.13 n=3 d=0 sk=0 hf=96180 hm=92264 ht=283156 pf=0 pm=0 pt=0 ru=235368 rp=239284
18:44:17.863 @T t=212381 s=0.000 lv=-33.5 pk=-30.4 c0=7.4 c1=9.2 kw=9.29 inf=2.43 iv=1.14 n=3 d=0 sk=0 hf=96180 hm=92264 ht=283156 pf=0 pm=0 pt=0 ru=235368 rp=239284
18:44:17.863 @T t=212487 s=0.000 lv=-31.7 pk=-29.9 c0=3.9 c1=10.7 kw=10.32 inf=2.56 iv=1.08 n=4 d=0 sk=0 hf=96180 hm=92264 ht=283156 pf=0 pm=0 pt=0 ru=235368 rp=239284
18:44:17.863 @T t=212593 s=0.000 lv=-40.4 pk=-38.7 c0=3.5 c1=8.5 kw=8.30 inf=2.70 iv=1.13 n=3 d=0 sk=0 hf=96180 hm=92264 ht=283156 pf=0 pm=0 pt=0 ru=235368 rp=239284
18:44:17.863 @T t=212699 s=0.000 lv=-40.6 pk=-40.1 c0=4.0 c1=8.5 kw=8.34 inf=2.72 iv=1.13 n=3 d=0 sk=0 hf=96180 hm=92264 ht=283156 pf=0 pm=0 pt=0 ru=235368 rp=239284
18:44:17.863 @T t=212785 s=0.000 lv=-41.7 pk=-40.1 c0=4.1 c1=11.8 kw=11.59 inf=2.31 iv=1.12 n=4 d=0 sk=0 hf=96180 hm=92264 ht=283156 pf=0 pm=0 pt=0 ru=235368 rp=239284
18:44:17.863 @T t=212891 s=0.000 lv=-41.0 pk=-40.3 c0=4.1 c1=8.8 kw=8.57 inf=2.79 iv=1.18 n=3 d=0 sk=0 hf=96180 hm=92264 ht=283156 pf=0 pm=0 pt=0 ru=235368 rp=239284
18:44:17.863 @T t=212997 s=0.000 lv=-41.0 pk=-40.2 c0=3.4 c1=8.5 kw=8.34 inf=2.72 iv=1.13 n=3 d=0 sk=0 hf=96180 hm=92264 ht=283156 pf=0 pm=0 pt=0 ru=235368 rp=239284
18:44:17.863 @T t=213083 s=0.000 lv=-41.0 pk=-40.1 c0=4.3 c1=11.6 kw=11.61 inf=2.32 iv=1.12 n=4 d=0 sk=0 hf=96180 hm=92264 ht=283156 pf=0 pm=0 pt=0 ru=235368 rp=239284
18:44:17.863 @T t=213189 s=0.000 lv=-41.7 pk=-39.8 c0=3.4 c1=8.7 kw=8.31 inf=2.70 iv=1.11 n=3 d=0 sk=0 hf=96180 hm=92264 ht=283156 pf=0 pm=0 pt=0 ru=235368 rp=239284
18:44:17.863 @I ww=marvin cut=0.50 win=5 cool=1000 tick=100 wifi=1 srv=1 li=0 ln=0
18:44:17.863 @T t=213281 s=0.000 lv=-40.9 pk=-39.8 c0=4.8 c1=8.6 kw=8.64 inf=2.42 iv=1.13 n=3 d=0 sk=0 hf=96180 hm=92264 ht=283156 pf=0 pm=0 pt=0 ru=235368 rp=239284
18:44:17.863 @T t=213387 s=0.000 lv=-40.9 pk=-39.5 c0=3.5 c1=10.8 kw=10.41 inf=2.59 iv=1.10 n=4 d=0 sk=0 hf=96180 hm=92264 ht=283156 pf=0 pm=0 pt=0 ru=235368 rp=239284
18:44:17.863 @T t=213494 s=0.000 lv=-38.4 pk=-36.4 c0=3.8 c1=8.5 kw=8.31 inf=2.73 iv=1.12 n=3 d=0 sk=0 hf=96180 hm=92264 ht=283156 pf=0 pm=0 pt=0 ru=235368 rp=239284
18:44:17.863 @T t=213600 s=0.000 lv=-40.4 pk=-38.4 c0=3.8 c1=8.8 kw=8.66 inf=2.83 iv=1.22 n=3 d=0 sk=0 hf=96180 hm=92264 ht=283156 pf=0 pm=0 pt=0 ru=235368 rp=239284
18:44:17.863 @T t=213689 s=0.000 lv=-39.0 pk=-37.7 c0=4.4 c1=11.9 kw=11.65 inf=2.41 iv=1.16 n=4 d=0 sk=0 hf=96180 hm=92264 ht=283156 pf=0 pm=0 pt=0 ru=235368 rp=239284
18:44:17.863 @T t=213795 s=0.000 lv=-39.3 pk=-38.6 c0=6.6 c1=8.5 kw=8.33 inf=2.71 iv=1.12 n=3 d=0 sk=0 hf=96180 hm=92264 ht=283156 pf=0 pm=0 pt=0 ru=235368 rp=239284
18:44:17.863 @T t=213881 s=0.000 lv=-35.9 pk=-33.3 c0=6.9 c1=9.3 kw=9.39 inf=2.45 iv=1.16 n=3 d=0 sk=0 hf=94416 hm=92264 ht=283156 pf=0 pm=0 pt=0 ru=237132 rp=239284
18:44:17.863 @T t=213987 s=0.000 lv=-39.9 pk=-37.1 c0=8.7 c1=11.9 kw=11.07 inf=2.76 iv=1.21 n=4 d=0 sk=0 hf=96180 hm=92264 ht=283156 pf=0 pm=0 pt=0 ru=235368 rp=239284
18:44:17.863 @T t=214093 s=0.000 lv=-31.7 pk=-26.6 c0=7.0 c1=9.0 kw=8.81 inf=2.88 iv=1.25 n=3 d=0 sk=0 hf=95984 hm=92264 ht=283156 pf=0 pm=0 pt=0 ru=235564 rp=239284
18:44:17.863 @T t=214199 s=0.000 lv=-33.7 pk=-27.8 c0=3.9 c1=8.7 kw=8.56 inf=2.79 iv=1.19 n=3 d=0 sk=0 hf=96180 hm=92264 ht=283156 pf=0 pm=0 pt=0 ru=235368 rp=239284
18:44:20.445 @I ww=marvin cut=0.50 win=5 cool=1000 tick=100 wifi=1 srv=1 li=0 ln=0
18:44:20.445 @T t=214291 s=0.000 lv=-38.6 pk=-36.3 c0=5.0 c1=11.3 kw=11.06 inf=2.36 iv=1.15 n=4 d=0 sk=0 hf=96180 hm=92264 ht=283156 pf=0 pm=0 pt=0 ru=235368 rp=239284
18:44:20.445 @T t=214397 s=0.000 lv=-38.6 pk=-37.0 c0=3.6 c1=8.6 kw=8.38 inf=2.73 iv=1.15 n=3 d=0 sk=0 hf=96180 hm=92264 ht=283156 pf=0 pm=0 pt=0 ru=235368 rp=239284
18:44:20.445 @T t=214483 s=0.000 lv=-39.3 pk=-37.5 c0=4.3 c1=10.7 kw=10.51 inf=2.78 iv=1.17 n=3 d=0 sk=0 hf=96180 hm=92264 ht=283156 pf=0 pm=0 pt=0 ru=235368 rp=239284
18:44:20.445 @T t=214589 s=0.000 lv=-27.3 pk=-22.8 c0=3.5 c1=9.5 kw=9.30 inf=2.29 iv=1.10 n=4 d=0 sk=0 hf=96180 hm=92264 ht=283156 pf=0 pm=0 pt=0 ru=235368 rp=239284
18:44:20.445 @T t=214695 s=0.000 lv=-24.9 pk=-23.2 c0=3.4 c1=8.5 kw=8.34 inf=2.72 iv=1.13 n=3 d=0 sk=0 hf=96180 hm=92264 ht=283156 pf=0 pm=0 pt=0 ru=235368 rp=239284
18:44:20.445 @T t=214781 s=0.000 lv=-32.2 pk=-28.4 c0=4.6 c1=9.7 kw=9.74 inf=2.55 iv=1.24 n=3 d=0 sk=0 hf=96180 hm=92264 ht=283156 pf=0 pm=0 pt=0 ru=235368 rp=239284
18:44:20.445 @T t=214887 s=0.000 lv=-37.6 pk=-36.1 c0=3.6 c1=10.9 kw=10.53 inf=2.62 iv=1.13 n=4 d=0 sk=0 hf=96180 hm=92264 ht=283156 pf=0 pm=0 pt=0 ru=235368 rp=239284
18:44:20.445 @T t=214993 s=0.000 lv=-37.1 pk=-33.6 c0=3.9 c1=8.6 kw=8.40 inf=2.73 iv=1.14 n=3 d=0 sk=0 hf=96180 hm=92264 ht=283156 pf=0 pm=0 pt=0 ru=235368 rp=239284
18:44:20.445 @T t=215099 s=0.000 lv=-27.2 pk=-25.9 c0=3.5 c1=8.5 kw=8.35 inf=2.72 iv=1.13 n=3 d=0 sk=0 hf=96180 hm=92264 ht=283156 pf=0 pm=0 pt=0 ru=235368 rp=239284
18:44:20.445 @T t=215185 s=0.000 lv=-31.5 pk=-27.2 c0=4.3 c1=11.9 kw=11.65 inf=2.33 iv=1.12 n=4 d=0 sk=0 hf=96180 hm=92264 ht=283156 pf=0 pm=0 pt=0 ru=235368 rp=239284
18:44:20.446 @I ww=marvin cut=0.50 win=5 cool=1000 tick=100 wifi=1 srv=1 li=0 ln=0
18:44:20.446 @T t=215297 s=0.000 lv=-39.8 pk=-35.6 c0=4.0 c1=8.0 kw=7.87 inf=2.71 iv=1.13 n=3 d=0 sk=0 hf=96180 hm=92264 ht=283156 pf=0 pm=0 pt=0 ru=235368 rp=239284
18:44:20.446 @T t=215383 s=0.000 lv=-31.9 pk=-26.8 c0=4.3 c1=10.8 kw=10.53 inf=2.78 iv=1.18 n=3 d=0 sk=0 hf=96180 hm=92264 ht=283156 pf=0 pm=0 pt=0 ru=235368 rp=239284
18:44:20.446 @T t=215489 s=0.000 lv=-29.6 pk=-25.7 c0=3.5 c1=9.5 kw=9.29 inf=2.29 iv=1.09 n=4 d=0 sk=0 hf=96180 hm=92264 ht=283156 pf=0 pm=0 pt=0 ru=235368 rp=239284
18:44:20.446 @T t=215595 s=0.000 lv=-38.8 pk=-37.2 c0=3.5 c1=8.6 kw=8.41 inf=2.74 iv=1.15 n=3 d=0 sk=0 hf=96180 hm=92264 ht=283156 pf=0 pm=0 pt=0 ru=235368 rp=239284
18:44:20.446 @T t=215681 s=0.000 lv=-41.7 pk=-41.2 c0=4.2 c1=9.2 kw=9.24 inf=2.42 iv=1.14 n=3 d=0 sk=0 hf=96180 hm=92264 ht=283156 pf=0 pm=0 pt=0 ru=235368 rp=239284
18:44:20.446 @T t=215787 s=0.000 lv=-40.1 pk=-36.9 c0=3.4 c1=10.8 kw=10.35 inf=2.57 iv=1.09 n=4 d=0 sk=0 hf=96180 hm=92264 ht=283156 pf=0 pm=0 pt=0 ru=235368 rp=239284
18:44:20.446 @T t=215893 s=0.000 lv=-41.4 pk=-40.1 c0=4.0 c1=9.0 kw=8.79 inf=2.87 iv=1.25 n=3 d=0 sk=0 hf=96180 hm=92264 ht=283156 pf=0 pm=0 pt=0 ru=235368 rp=239284
18:44:20.446 @T t=215999 s=0.000 lv=-42.1 pk=-39.9 c0=7.4 c1=9.9 kw=9.71 inf=3.18 iv=1.52 n=3 d=0 sk=0 hf=96180 hm=92264 ht=283156 pf=0 pm=0 pt=0 ru=235368 rp=239284
18:44:20.446 @T t=216085 s=0.000 lv=-42.0 pk=-40.7 c0=5.1 c1=12.3 kw=12.05 inf=2.41 iv=1.21 n=4 d=0 sk=0 hf=96180 hm=92264 ht=283156 pf=0 pm=0 pt=0 ru=235368 rp=239284
18:44:20.446 @T t=216191 s=0.000 lv=-42.0 pk=-41.3 c0=3.4 c1=8.5 kw=8.36 inf=2.72 iv=1.14 n=3 d=0 sk=0 hf=96180 hm=92264 ht=283156 pf=0 pm=0 pt=0 ru=235368 rp=239284
18:44:20.446 @I ww=marvin cut=0.50 win=5 cool=1000 tick=100 wifi=1 srv=1 li=0 ln=0
18:44:20.446 @T t=216283 s=0.000 lv=-33.4 pk=-28.5 c0=4.9 c1=9.9 kw=9.65 inf=2.73 iv=1.13 n=3 d=0 sk=0 hf=96180 hm=92264 ht=283156 pf=0 pm=0 pt=0 ru=235368 rp=239284
18:44:20.446 @T t=216389 s=0.000 lv=-27.4 pk=-26.4 c0=3.4 c1=9.5 kw=9.36 inf=2.31 iv=1.11 n=4 d=0 sk=0 hf=96180 hm=92264 ht=283156 pf=0 pm=0 pt=0 ru=235368 rp=239284
18:44:20.446 @T t=216495 s=0.000 lv=-36.4 pk=-31.0 c0=3.5 c1=8.5 kw=8.33 inf=2.71 iv=1.13 n=3 d=0 sk=0 hf=96180 hm=92264 ht=283156 pf=0 pm=0 pt=0 ru=235368 rp=239284
18:44:20.446 @T t=216581 s=0.000 lv=-40.6 pk=-39.7 c0=4.1 c1=9.1 kw=9.22 inf=2.41 iv=1.13 n=3 d=0 sk=0 hf=96180 hm=92264 ht=283156 pf=0 pm=0 pt=0 ru=235368 rp=239284
18:44:20.446 @T t=216687 s=0.000 lv=-37.0 pk=-33.9 c0=3.4 c1=10.7 kw=10.28 inf=2.55 iv=1.07 n=4 d=0 sk=0 hf=96180 hm=92264 ht=283156 pf=0 pm=0 pt=0 ru=235368 rp=239284
18:44:22.933 @T t=216793 s=0.000 lv=-37.4 pk=-32.8 c0=3.4 c1=8.4 kw=8.24 inf=2.68 iv=1.10 n=3 d=0 sk=0 hf=96180 hm=92264 ht=283156 pf=0 pm=0 pt=0 ru=235368 rp=239284
18:44:22.933 @T t=216899 s=0.000 lv=-26.8 pk=-24.8 c0=3.6 c1=8.6 kw=8.42 inf=2.74 iv=1.13 n=3 d=0 sk=0 hf=96180 hm=92264 ht=283156 pf=0 pm=0 pt=0 ru=235368 rp=239284
18:44:22.933 @T t=216985 s=0.000 lv=-36.4 pk=-35.0 c0=4.8 c1=12.0 kw=11.75 inf=2.35 iv=1.14 n=4 d=0 sk=0 hf=96180 hm=92264 ht=283156 pf=0 pm=0 pt=0 ru=235368 rp=239284
18:44:22.934 @T t=217091 s=0.000 lv=-40.1 pk=-39.0 c0=3.8 c1=8.5 kw=8.33 inf=2.71 iv=1.13 n=3 d=0 sk=0 hf=96180 hm=92264 ht=283156 pf=0 pm=0 pt=0 ru=235368 rp=239284
18:44:22.934 @T t=217197 s=0.000 lv=-40.7 pk=-39.8 c0=3.4 c1=8.5 kw=8.31 inf=2.70 iv=1.12 n=3 d=0 sk=0 hf=96180 hm=92264 ht=283156 pf=0 pm=0 pt=0 ru=235368 rp=239284
18:44:22.934 @I ww=marvin cut=0.50 win=5 cool=1000 tick=100 wifi=1 srv=1 li=0 ln=0
18:44:22.934 @T t=217288 s=0.000 lv=-42.1 pk=-41.3 c0=4.9 c1=11.2 kw=11.01 inf=2.33 iv=1.12 n=4 d=0 sk=0 hf=96180 hm=92264 ht=283156 pf=0 pm=0 pt=0 ru=235368 rp=239284
18:44:22.934 @T t=217394 s=0.000 lv=-40.9 pk=-40.1 c0=3.5 c1=8.5 kw=8.30 inf=2.70 iv=1.12 n=3 d=0 sk=0 hf=96180 hm=92264 ht=283156 pf=0 pm=0 pt=0 ru=235368 rp=239284
18:44:22.934 @T t=217500 s=0.000 lv=-41.9 pk=-41.4 c0=3.4 c1=8.6 kw=8.38 inf=2.73 iv=1.14 n=3 d=0 sk=0 hf=96180 hm=92264 ht=283156 pf=0 pm=0 pt=0 ru=235368 rp=239284
18:44:22.934 @T t=217586 s=0.000 lv=-41.9 pk=-40.6 c0=7.5 c1=12.0 kw=11.75 inf=2.35 iv=1.12 n=4 d=0 sk=0 hf=96180 hm=92264 ht=283156 pf=0 pm=0 pt=0 ru=235368 rp=239284
18:44:22.934 @T t=217692 s=0.000 lv=-37.2 pk=-34.4 c0=3.4 c1=8.5 kw=8.29 inf=2.70 iv=1.11 n=3 d=0 sk=0 hf=96180 hm=92264 ht=283156 pf=0 pm=0 pt=0 ru=235368 rp=239284
18:44:22.934 @T t=217798 s=0.000 lv=-33.4 pk=-30.1 c0=3.4 c1=8.5 kw=8.37 inf=2.73 iv=1.13 n=3 d=0 sk=0 hf=96180 hm=92264 ht=283156 pf=0 pm=0 pt=0 ru=235368 rp=239284
18:44:22.934 @T t=217884 s=0.000 lv=-35.2 pk=-30.3 c0=4.5 c1=12.0 kw=11.81 inf=2.36 iv=1.15 n=4 d=0 sk=0 hf=96180 hm=92264 ht=283156 pf=0 pm=0 pt=0 ru=235368 rp=239284
18:44:22.934 @T t=217990 s=0.000 lv=-37.8 pk=-36.5 c0=5.6 c1=9.1 kw=8.84 inf=2.89 iv=1.26 n=3 d=0 sk=0 hf=94416 hm=92264 ht=283156 pf=0 pm=0 pt=0 ru=237132 rp=239284
18:44:22.934 @T t=218096 s=0.000 lv=-39.4 pk=-37.1 c0=6.4 c1=9.6 kw=8.98 inf=2.93 iv=1.29 n=3 d=0 sk=0 hf=95984 hm=92264 ht=283156 pf=0 pm=0 pt=0 ru=235564 rp=239284
18:44:22.934 @T t=218183 s=0.000 lv=-40.0 pk=-38.2 c0=5.3 c1=12.3 kw=12.26 inf=2.49 iv=1.25 n=4 d=0 sk=0 hf=96180 hm=92264 ht=283156 pf=0 pm=0 pt=0 ru=235368 rp=239284
18:44:22.934 @I ww=marvin cut=0.50 win=5 cool=1000 tick=100 wifi=1 srv=1 li=0 ln=0
18:44:22.934 @T t=218295 s=0.000 lv=-41.6 pk=-40.5 c0=4.0 c1=8.2 kw=7.89 inf=2.72 iv=1.14 n=3 d=0 sk=0 hf=96180 hm=92264 ht=283156 pf=0 pm=0 pt=0 ru=235368 rp=239284
18:44:22.934 @T t=218381 s=0.000 lv=-37.1 pk=-34.1 c0=4.3 c1=9.3 kw=9.33 inf=2.44 iv=1.15 n=3 d=0 sk=0 hf=96180 hm=92264 ht=283156 pf=0 pm=0 pt=0 ru=235368 rp=239284
18:44:22.934 @T t=218487 s=0.000 lv=-37.4 pk=-35.4 c0=3.5 c1=10.8 kw=10.37 inf=2.57 iv=1.09 n=4 d=0 sk=0 hf=96180 hm=92264 ht=283156 pf=0 pm=0 pt=0 ru=235368 rp=239284
18:44:22.934 @T t=218593 s=0.000 lv=-40.1 pk=-38.1 c0=6.7 c1=8.6 kw=8.39 inf=2.74 iv=1.15 n=3 d=0 sk=0 hf=96180 hm=92264 ht=283156 pf=0 pm=0 pt=0 ru=235368 rp=239284
18:44:22.934 @T t=218699 s=0.000 lv=-38.3 pk=-35.7 c0=3.4 c1=8.5 kw=8.34 inf=2.71 iv=1.13 n=3 d=0 sk=0 hf=96180 hm=92264 ht=283156 pf=0 pm=0 pt=0 ru=235368 rp=239284
18:44:22.934 @T t=218785 s=0.000 lv=-30.2 pk=-27.2 c0=4.3 c1=11.9 kw=11.63 inf=2.32 iv=1.12 n=4 d=0 sk=0 hf=96180 hm=92264 ht=283156 pf=0 pm=0 pt=0 ru=235368 rp=239284
18:44:22.934 @T t=218891 s=0.000 lv=-30.1 pk=-27.8 c0=3.6 c1=8.6 kw=8.47 inf=2.76 iv=1.16 n=3 d=0 sk=0 hf=96180 hm=92264 ht=283156 pf=0 pm=0 pt=0 ru=235368 rp=239284
18:44:22.934 @T t=218997 s=0.000 lv=-38.4 pk=-36.6 c0=3.4 c1=8.5 kw=8.32 inf=2.71 iv=1.14 n=3 d=0 sk=0 hf=96180 hm=92264 ht=283156 pf=0 pm=0 pt=0 ru=235368 rp=239284
18:44:22.934 @T t=219083 s=0.000 lv=-36.4 pk=-34.4 c0=4.9 c1=11.9 kw=11.90 inf=2.38 iv=1.16 n=4 d=0 sk=0 hf=96180 hm=92264 ht=283156 pf=0 pm=0 pt=0 ru=235368 rp=239284
18:44:22.934 @T t=219189 s=0.000 lv=-31.7 pk=-27.2 c0=3.4 c1=8.7 kw=8.34 inf=2.72 iv=1.14 n=3 d=0 sk=0 hf=96180 hm=92264 ht=283156 pf=0 pm=0 pt=0 ru=235368 rp=239284
18:44:22.934 @I ww=marvin cut=0.50 win=5 cool=1000 tick=100 wifi=1 srv=1 li=0 ln=0
18:44:25.252 @T t=219281 s=0.000 lv=-34.2 pk=-29.0 c0=5.2 c1=9.0 kw=9.03 inf=2.53 iv=1.22 n=3 d=0 sk=0 hf=96180 hm=92264 ht=283156 pf=0 pm=0 pt=0 ru=235368 rp=239284
18:44:25.252 @T t=219387 s=0.000 lv=-38.2 pk=-36.4 c0=3.6 c1=10.9 kw=10.48 inf=2.60 iv=1.11 n=4 d=0 sk=0 hf=96180 hm=92264 ht=283156 pf=0 pm=0 pt=0 ru=235368 rp=239284
18:44:25.252 @T t=219494 s=0.000 lv=-39.3 pk=-37.7 c0=3.5 c1=8.4 kw=8.27 inf=2.72 iv=1.13 n=3 d=0 sk=0 hf=96180 hm=92264 ht=283156 pf=0 pm=0 pt=0 ru=235368 rp=239284
18:44:25.252 @T t=219600 s=0.000 lv=-29.1 pk=-24.8 c0=3.5 c1=8.6 kw=8.40 inf=2.73 iv=1.14 n=3 d=0 sk=0 hf=96180 hm=92264 ht=283156 pf=0 pm=0 pt=0 ru=235368 rp=239284
18:44:25.252 @T t=219686 s=0.000 lv=-25.0 pk=-23.6 c0=7.5 c1=11.9 kw=11.71 inf=2.34 iv=1.12 n=4 d=0 sk=0 hf=96180 hm=92264 ht=283156 pf=0 pm=0 pt=0 ru=235368 rp=239284
18:44:25.252 @T t=219792 s=0.000 lv=-38.5 pk=-34.4 c0=3.4 c1=8.5 kw=8.32 inf=2.71 iv=1.13 n=3 d=0 sk=0 hf=96180 hm=92264 ht=283156 pf=0 pm=0 pt=0 ru=235368 rp=239284
18:44:25.252 @T t=219898 s=0.000 lv=-41.1 pk=-40.5 c0=3.6 c1=8.6 kw=8.44 inf=2.75 iv=1.16 n=3 d=0 sk=0 hf=96180 hm=92264 ht=283156 pf=0 pm=0 pt=0 ru=235368 rp=239284
18:44:25.252 @T t=219984 s=0.000 lv=-40.8 pk=-40.0 c0=4.3 c1=11.8 kw=11.60 inf=2.32 iv=1.12 n=4 d=0 sk=0 hf=96180 hm=92264 ht=283156 pf=0 pm=0 pt=0 ru=235368 rp=239284
18:44:25.252 @T t=220090 s=0.000 lv=-41.1 pk=-39.7 c0=8.2 c1=9.8 kw=9.16 inf=2.99 iv=1.31 n=3 d=0 sk=0 hf=96180 hm=92264 ht=283156 pf=0 pm=0 pt=0 ru=235368 rp=239284
18:44:25.252 @T t=220196 s=0.000 lv=-39.9 pk=-38.3 c0=3.5 c1=8.4 kw=8.24 inf=2.68 iv=1.10 n=3 d=0 sk=0 hf=96180 hm=92264 ht=283156 pf=0 pm=0 pt=0 ru=235368 rp=239284
18:44:25.252 @I ww=marvin cut=0.50 win=5 cool=1000 tick=100 wifi=1 srv=1 li=0 ln=0
18:44:25.252 @T t=220288 s=0.000 lv=-41.0 pk=-40.1 c0=5.0 c1=11.3 kw=11.03 inf=2.36 iv=1.16 n=4 d=0 sk=0 hf=96180 hm=92264 ht=283156 pf=0 pm=0 pt=0 ru=235368 rp=239284
18:44:25.252 @T t=220394 s=0.000 lv=-41.8 pk=-41.1 c0=3.6 c1=8.5 kw=8.37 inf=2.73 iv=1.15 n=3 d=0 sk=0 hf=96180 hm=92264 ht=283156 pf=0 pm=0 pt=0 ru=235368 rp=239284
18:44:25.252 @T t=220500 s=0.000 lv=-41.2 pk=-39.5 c0=3.4 c1=8.5 kw=8.31 inf=2.70 iv=1.12 n=3 d=0 sk=0 hf=96180 hm=92264 ht=283156 pf=0 pm=0 pt=0 ru=235368 rp=239284
18:44:25.252 @T t=220586 s=0.000 lv=-41.3 pk=-40.4 c0=4.3 c1=12.0 kw=11.74 inf=2.34 iv=1.13 n=4 d=0 sk=0 hf=96180 hm=92264 ht=283156 pf=0 pm=0 pt=0 ru=235368 rp=239284
18:44:25.252 @T t=220692 s=0.000 lv=-41.2 pk=-40.4 c0=3.4 c1=8.5 kw=8.30 inf=2.70 iv=1.13 n=3 d=0 sk=0 hf=96180 hm=92264 ht=283156 pf=0 pm=0 pt=0 ru=235368 rp=239284
18:44:25.252 @T t=220798 s=0.000 lv=-38.3 pk=-36.2 c0=3.4 c1=8.5 kw=8.33 inf=2.71 iv=1.11 n=3 d=0 sk=0 hf=96180 hm=92264 ht=283156 pf=0 pm=0 pt=0 ru=235368 rp=239284
18:44:25.252 @T t=220884 s=0.000 lv=-41.0 pk=-38.0 c0=4.5 c1=12.0 kw=11.70 inf=2.34 iv=1.13 n=4 d=0 sk=0 hf=96180 hm=92264 ht=283156 pf=0 pm=0 pt=0 ru=235368 rp=239284
18:44:25.252 @T t=220990 s=0.000 lv=-38.3 pk=-37.6 c0=3.4 c1=8.4 kw=8.28 inf=2.69 iv=1.11 n=3 d=0 sk=0 hf=96180 hm=92264 ht=283156 pf=0 pm=0 pt=0 ru=235368 rp=239284
18:44:25.252 @T t=221096 s=0.000 lv=-36.9 pk=-34.4 c0=4.0 c1=8.7 kw=8.54 inf=2.78 iv=1.16 n=3 d=0 sk=0 hf=96180 hm=92264 ht=283156 pf=0 pm=0 pt=0 ru=235368 rp=239284
18:44:25.252 @T t=221182 s=0.000 lv=-37.8 pk=-35.1 c0=4.1 c1=10.4 kw=9.35 inf=2.45 iv=1.15 n=3 d=0 sk=0 hf=96180 hm=92264 ht=283156 pf=0 pm=0 pt=0 ru=235368 rp=239284
18:44:25.252 @I ww=marvin cut=0.50 win=5 cool=1000 tick=100 wifi=1 srv=1 li=0 ln=0
18:44:25.252 [status] up 221s | mic -34.2 dBFS (peak -22.8) | score max 0.00 | detections 0 | inferences 333 (33.3/s; model 1.15 ms each, paused in quiet 0%; features 1.45 ms per 30 ms) | CPU core0  4.4% core1  9.7% (wake word pipeline 9.37% of one core) | RAM used 229 KB (peak 233 KB, 93 KB free) | wifi OK, server OK | audio lost since boot: i2s 0 net 0
18:44:25.252 @T t=221316 s=0.000 lv=-35.0 pk=-31.5 c0=7.3 c1=10.0 kw=10.30 inf=2.59 iv=1.22 n=5 d=0 sk=0 hf=96180 hm=92264 ht=283156 pf=0 pm=0 pt=0 ru=235368 rp=239284
18:44:25.252 @T t=221382 s=0.000 lv=-30.0 pk=-28.3 c0=5.4 c1=10.2 kw=10.26 inf=3.11 iv=1.18 n=2 d=0 sk=0 hf=96180 hm=92264 ht=283156 pf=0 pm=0 pt=0 ru=235368 rp=239284
18:44:25.253 @T t=221488 s=0.000 lv=-36.5 pk=-30.8 c0=3.5 c1=9.5 kw=9.17 inf=2.26 iv=1.08 n=4 d=0 sk=0 hf=96180 hm=92264 ht=283156 pf=0 pm=0 pt=0 ru=235368 rp=239284
18:44:27.838 @T t=221594 s=0.000 lv=-39.5 pk=-38.0 c0=3.5 c1=8.5 kw=8.30 inf=2.70 iv=1.12 n=3 d=0 sk=0 hf=96180 hm=92264 ht=283156 pf=0 pm=0 pt=0 ru=235368 rp=239284
18:44:27.838 @T t=221681 s=0.000 lv=-33.8 pk=-29.7 c0=4.2 c1=9.0 kw=9.02 inf=2.38 iv=1.11 n=3 d=0 sk=0 hf=96180 hm=92264 ht=283156 pf=0 pm=0 pt=0 ru=235368 rp=239284
18:44:27.838 @T t=221787 s=0.000 lv=-32.7 pk=-27.7 c0=3.4 c1=10.8 kw=10.38 inf=2.58 iv=1.09 n=4 d=0 sk=0 hf=96180 hm=92264 ht=283156 pf=0 pm=0 pt=0 ru=235368 rp=239284
18:44:27.838 @T t=221893 s=0.000 lv=-30.9 pk=-27.5 c0=3.6 c1=8.6 kw=8.38 inf=2.73 iv=1.14 n=3 d=0 sk=0 hf=96180 hm=92264 ht=283156 pf=0 pm=0 pt=0 ru=235368 rp=239284
18:44:27.839 @T t=221999 s=0.000 lv=-38.3 pk=-36.8 c0=3.4 c1=8.5 kw=8.33 inf=2.71 iv=1.13 n=3 d=0 sk=0 hf=96180 hm=92264 ht=283156 pf=0 pm=0 pt=0 ru=235368 rp=239284
18:44:27.839 @T t=222085 s=0.000 lv=-38.2 pk=-36.6 c0=7.4 c1=12.8 kw=12.45 inf=2.49 iv=1.26 n=4 d=0 sk=0 hf=94416 hm=92264 ht=283156 pf=0 pm=0 pt=0 ru=237132 rp=239284
18:44:27.839 @T t=222191 s=0.000 lv=-40.7 pk=-39.3 c0=5.4 c1=9.0 kw=8.44 inf=2.75 iv=1.14 n=3 d=0 sk=0 hf=96180 hm=92264 ht=283156 pf=0 pm=0 pt=0 ru=235368 rp=239284
18:44:27.839 @I ww=marvin cut=0.50 win=5 cool=1000 tick=100 wifi=1 srv=1 li=0 ln=0
18:44:27.839 @T t=222282 s=0.000 lv=-32.4 pk=-27.9 c0=13.3 c1=9.8 kw=9.77 inf=2.73 iv=1.14 n=3 d=0 sk=0 hf=96180 hm=92264 ht=283156 pf=0 pm=0 pt=0 ru=235368 rp=239284
18:44:27.839 @T t=222388 s=0.000 lv=-26.2 pk=-24.1 c0=4.4 c1=10.2 kw=9.82 inf=2.42 iv=1.20 n=4 d=0 sk=0 hf=96180 hm=92264 ht=283156 pf=0 pm=0 pt=0 ru=235368 rp=239284
18:44:27.839 @T t=222494 s=0.000 lv=-38.8 pk=-35.0 c0=3.6 c1=8.4 kw=8.27 inf=2.69 iv=1.12 n=3 d=0 sk=0 hf=96180 hm=92264 ht=283156 pf=0 pm=0 pt=0 ru=235368 rp=239284
18:44:27.839 @T t=222600 s=0.000 lv=-41.7 pk=-40.8 c0=3.5 c1=8.5 kw=8.35 inf=2.72 iv=1.13 n=3 d=0 sk=0 hf=96180 hm=92264 ht=283156 pf=0 pm=0 pt=0 ru=235368 rp=239284
18:44:27.839 @T t=222689 s=0.000 lv=-41.0 pk=-39.6 c0=3.9 c1=11.5 kw=11.30 inf=2.33 iv=1.12 n=4 d=0 sk=0 hf=96180 hm=92264 ht=283156 pf=0 pm=0 pt=0 ru=235368 rp=239284
18:44:27.839 @T t=222795 s=0.000 lv=-41.3 pk=-39.7 c0=3.4 c1=8.5 kw=8.30 inf=2.70 iv=1.13 n=3 d=0 sk=0 hf=96180 hm=92264 ht=283156 pf=0 pm=0 pt=0 ru=235368 rp=239284
18:44:27.839 @T t=222881 s=0.000 lv=-41.5 pk=-40.3 c0=4.4 c1=9.3 kw=9.34 inf=2.44 iv=1.16 n=3 d=0 sk=0 hf=96180 hm=92264 ht=283156 pf=0 pm=0 pt=0 ru=235368 rp=239284
18:44:27.839 @T t=222987 s=0.000 lv=-38.6 pk=-37.5 c0=3.5 c1=10.8 kw=10.40 inf=2.58 iv=1.09 n=4 d=0 sk=0 hf=96180 hm=92264 ht=283156 pf=0 pm=0 pt=0 ru=235368 rp=239284
18:44:27.839 @T t=223093 s=0.000 lv=-40.4 pk=-38.7 c0=3.5 c1=8.6 kw=8.41 inf=2.74 iv=1.14 n=3 d=0 sk=0 hf=96180 hm=92264 ht=283156 pf=0 pm=0 pt=0 ru=235368 rp=239284
18:44:27.839 @T t=223199 s=0.000 lv=-28.4 pk=-22.7 c0=3.9 c1=8.7 kw=8.54 inf=2.78 iv=1.19 n=3 d=0 sk=0 hf=96180 hm=92264 ht=283156 pf=0 pm=0 pt=0 ru=235368 rp=239284
18:44:27.839 @I ww=marvin cut=0.50 win=5 cool=1000 tick=100 wifi=1 srv=1 li=0 ln=0
18:44:27.839 @T t=223291 s=0.000 lv=-23.5 pk=-20.2 c0=5.0 c1=11.2 kw=10.96 inf=2.34 iv=1.14 n=4 d=0 sk=0 hf=96180 hm=92264 ht=283156 pf=0 pm=0 pt=0 ru=235368 rp=239284
18:44:27.839 @T t=223397 s=0.000 lv=-40.7 pk=-38.3 c0=3.6 c1=8.6 kw=8.42 inf=2.74 iv=1.15 n=3 d=0 sk=0 hf=96180 hm=92264 ht=283156 pf=0 pm=0 pt=0 ru=235368 rp=239284
18:44:27.839 @T t=223484 s=0.000 lv=-38.1 pk=-35.0 c0=4.7 c1=11.1 kw=10.83 inf=2.90 iv=1.27 n=3 d=0 sk=0 hf=96180 hm=92264 ht=283156 pf=0 pm=0 pt=0 ru=235368 rp=239284
18:44:27.839 @T t=223590 s=0.000 lv=-26.5 pk=-23.5 c0=6.2 c1=9.5 kw=9.34 inf=2.30 iv=1.11 n=4 d=0 sk=0 hf=96180 hm=92264 ht=283156 pf=0 pm=0 pt=0 ru=235368 rp=239284
18:44:27.839 @T t=223696 s=0.000 lv=-23.5 pk=-21.8 c0=3.4 c1=8.5 kw=8.34 inf=2.72 iv=1.13 n=3 d=0 sk=0 hf=96180 hm=92264 ht=283156 pf=0 pm=0 pt=0 ru=235368 rp=239284
18:44:27.839 @T t=223782 s=0.000 lv=-34.5 pk=-30.2 c0=4.2 c1=10.4 kw=10.41 inf=2.75 iv=1.15 n=3 d=0 sk=0 hf=96180 hm=92264 ht=283156 pf=0 pm=0 pt=0 ru=235368 rp=239284
18:44:27.839 @T t=223888 s=0.000 lv=-36.6 pk=-34.0 c0=3.6 c1=9.7 kw=9.38 inf=2.31 iv=1.12 n=4 d=0 sk=0 hf=96180 hm=92264 ht=283156 pf=0 pm=0 pt=0 ru=235368 rp=239284
18:44:27.839 @T t=223994 s=0.000 lv=-40.5 pk=-38.7 c0=3.4 c1=8.5 kw=8.28 inf=2.70 iv=1.13 n=3 d=0 sk=0 hf=96180 hm=92264 ht=283156 pf=0 pm=0 pt=0 ru=235368 rp=239284
18:44:27.839 @T t=224100 s=0.000 lv=-41.8 pk=-40.9 c0=3.5 c1=8.5 kw=8.36 inf=2.72 iv=1.14 n=3 d=0 sk=0 hf=96180 hm=92264 ht=283156 pf=0 pm=0 pt=0 ru=235368 rp=239284
18:44:30.333 @T t=224186 s=0.000 lv=-40.6 pk=-40.1 c0=10.4 c1=13.7 kw=12.98 inf=2.60 iv=1.31 n=4 d=0 sk=0 hf=96180 hm=92264 ht=283156 pf=0 pm=0 pt=0 ru=235368 rp=239284
18:44:30.333 @I ww=marvin cut=0.50 win=5 cool=1000 tick=100 wifi=1 srv=1 li=0 ln=0
18:44:30.333 @T t=224298 s=0.000 lv=-42.2 pk=-41.1 c0=4.1 c1=8.0 kw=7.88 inf=2.71 iv=1.13 n=3 d=0 sk=0 hf=96180 hm=92264 ht=283156 pf=0 pm=0 pt=0 ru=235368 rp=239284
18:44:30.333 @T t=224384 s=0.000 lv=-38.8 pk=-34.7 c0=5.5 c1=11.2 kw=10.91 inf=2.89 iv=1.26 n=3 d=0 sk=0 hf=96180 hm=92264 ht=283156 pf=0 pm=0 pt=0 ru=235368 rp=239284
18:44:30.333 @T t=224490 s=0.000 lv=-33.5 pk=-31.9 c0=3.6 c1=9.5 kw=9.33 inf=2.30 iv=1.10 n=4 d=0 sk=0 hf=96180 hm=92264 ht=283156 pf=0 pm=0 pt=0 ru=235368 rp=239284
18:44:30.333 @T t=224596 s=0.000 lv=-39.9 pk=-37.2 c0=7.0 c1=8.9 kw=8.72 inf=2.84 iv=1.23 n=3 d=0 sk=0 hf=96180 hm=92264 ht=283156 pf=0 pm=0 pt=0 ru=235368 rp=239284
18:44:30.333 @T t=224682 s=0.000 lv=-34.5 pk=-30.2 c0=4.2 c1=10.2 kw=10.28 inf=2.71 iv=1.12 n=3 d=0 sk=0 hf=96180 hm=92264 ht=283156 pf=0 pm=0 pt=0 ru=235368 rp=239284
18:44:30.333 @T t=224788 s=0.000 lv=-32.2 pk=-30.5 c0=3.4 c1=9.6 kw=9.24 inf=2.27 iv=1.09 n=4 d=0 sk=0 hf=96180 hm=92264 ht=283156 pf=0 pm=0 pt=0 ru=235368 rp=239284
18:44:30.333 @T t=224894 s=0.000 lv=-38.3 pk=-35.4 c0=3.6 c1=8.6 kw=8.45 inf=2.75 iv=1.16 n=3 d=0 sk=0 hf=96180 hm=92264 ht=283156 pf=0 pm=0 pt=0 ru=235368 rp=239284
18:44:30.333 @T t=225000 s=0.000 lv=-35.2 pk=-32.4 c0=3.4 c1=8.5 kw=8.33 inf=2.71 iv=1.12 n=3 d=0 sk=0 hf=96180 hm=92264 ht=283156 pf=0 pm=0 pt=0 ru=235368 rp=239284
18:44:30.333 @T t=225086 s=0.000 lv=-35.7 pk=-33.3 c0=7.5 c1=11.9 kw=11.70 inf=2.33 iv=1.12 n=4 d=0 sk=0 hf=96180 hm=92264 ht=283156 pf=0 pm=0 pt=0 ru=235368 rp=239284
18:44:30.333 @T t=225192 s=0.000 lv=-41.3 pk=-40.1 c0=3.9 c1=8.6 kw=8.44 inf=2.75 iv=1.16 n=3 d=0 sk=0 hf=96180 hm=92264 ht=283156 pf=0 pm=0 pt=0 ru=235368 rp=239284
18:44:30.333 @I ww=marvin cut=0.50 win=5 cool=1000 tick=100 wifi=1 srv=1 li=0 ln=0
18:44:30.333 @T t=225284 s=0.000 lv=-41.3 pk=-40.5 c0=4.7 c1=9.8 kw=9.62 inf=2.72 iv=1.13 n=3 d=0 sk=0 hf=96180 hm=92264 ht=283156 pf=0 pm=0 pt=0 ru=235368 rp=239284
18:44:30.333 @T t=225390 s=0.000 lv=-41.8 pk=-40.2 c0=3.5 c1=9.3 kw=9.16 inf=2.25 iv=1.08 n=4 d=0 sk=0 hf=96180 hm=92264 ht=283156 pf=0 pm=0 pt=0 ru=235368 rp=239284
18:44:30.334 @T t=225496 s=0.000 lv=-41.0 pk=-39.9 c0=3.5 c1=8.4 kw=8.27 inf=2.69 iv=1.12 n=3 d=0 sk=0 hf=96180 hm=92264 ht=283156 pf=0 pm=0 pt=0 ru=235368 rp=239284
18:44:30.334 @T t=225582 s=0.000 lv=-39.8 pk=-36.0 c0=4.2 c1=10.3 kw=10.33 inf=2.73 iv=1.14 n=3 d=0 sk=0 hf=96180 hm=92264 ht=283156 pf=0 pm=0 pt=0 ru=235368 rp=239284
18:44:30.334 @T t=225688 s=0.000 lv=-37.9 pk=-33.6 c0=3.4 c1=9.5 kw=9.17 inf=2.26 iv=1.07 n=4 d=0 sk=0 hf=96180 hm=92264 ht=283156 pf=0 pm=0 pt=0 ru=235368 rp=239284
18:44:30.334 @T t=225794 s=0.000 lv=-30.7 pk=-27.8 c0=3.8 c1=8.6 kw=8.41 inf=2.73 iv=1.13 n=3 d=0 sk=0 hf=96180 hm=92264 ht=283156 pf=0 pm=0 pt=0 ru=235368 rp=239284
18:44:30.334 @T t=225900 s=0.000 lv=-35.9 pk=-30.5 c0=6.8 c1=8.6 kw=8.42 inf=2.74 iv=1.14 n=3 d=0 sk=0 hf=96180 hm=92264 ht=283156 pf=0 pm=0 pt=0 ru=235368 rp=239284
18:44:30.334 @T t=225989 s=0.000 lv=-36.5 pk=-34.1 c0=4.0 c1=11.5 kw=11.29 inf=2.33 iv=1.12 n=4 d=0 sk=0 hf=96180 hm=92264 ht=283156 pf=0 pm=0 pt=0 ru=235368 rp=239284
18:44:30.334 @T t=226095 s=0.000 lv=-22.2 pk=-18.5 c0=3.4 c1=8.5 kw=8.32 inf=2.71 iv=1.12 n=3 d=0 sk=0 hf=96180 hm=92264 ht=283156 pf=0 pm=0 pt=0 ru=235368 rp=239284
18:44:30.334 @T t=226181 s=0.000 lv=-34.3 pk=-29.3 c0=6.8 c1=9.9 kw=9.93 inf=2.60 iv=1.28 n=3 d=0 sk=0 hf=94416 hm=92264 ht=283156 pf=0 pm=0 pt=0 ru=237132 rp=239284
18:44:30.334 @I ww=marvin cut=0.50 win=5 cool=1000 tick=100 wifi=1 srv=1 li=0 ln=0
18:44:30.334 @T t=226294 s=0.000 lv=-37.5 pk=-35.7 c0=5.7 c1=10.6 kw=9.84 inf=2.60 iv=1.11 n=4 d=0 sk=0 hf=96180 hm=92264 ht=283156 pf=0 pm=0 pt=0 ru=235368 rp=239284
18:44:30.334 @T t=226400 s=0.000 lv=-31.5 pk=-27.8 c0=4.1 c1=8.9 kw=8.70 inf=2.84 iv=1.23 n=3 d=0 sk=0 hf=96180 hm=92264 ht=283156 pf=0 pm=0 pt=0 ru=235368 rp=239284
18:44:30.334 @T t=226489 s=0.000 lv=-34.9 pk=-30.2 c0=10.9 c1=10.4 kw=10.23 inf=2.79 iv=1.17 n=3 d=0 sk=0 hf=96180 hm=92264 ht=283156 pf=0 pm=0 pt=0 ru=235368 rp=239284
18:44:30.334 @T t=226595 s=0.000 lv=-40.2 pk=-38.0 c0=3.5 c1=9.5 kw=9.29 inf=2.29 iv=1.10 n=4 d=0 sk=0 hf=96180 hm=92264 ht=283156 pf=0 pm=0 pt=0 ru=235368 rp=239284
18:44:32.852 @T t=226681 s=0.000 lv=-39.6 pk=-37.1 c0=4.1 c1=7.9 kw=7.99 inf=3.09 iv=1.18 n=2 d=0 sk=0 hf=96180 hm=92264 ht=283156 pf=0 pm=0 pt=0 ru=235368 rp=239284
18:44:32.853 @T t=226790 s=0.000 lv=-35.6 pk=-34.0 c0=3.2 c1=10.7 kw=10.29 inf=2.63 iv=1.20 n=4 d=0 sk=0 hf=96180 hm=92264 ht=283156 pf=0 pm=0 pt=0 ru=235368 rp=239284
18:44:32.853 @T t=226896 s=0.000 lv=-34.6 pk=-30.2 c0=4.0 c1=10.0 kw=9.77 inf=2.41 iv=1.19 n=4 d=0 sk=0 hf=96180 hm=92264 ht=283156 pf=0 pm=0 pt=0 ru=235368 rp=239284
18:44:32.853 @T t=226982 s=0.000 lv=-38.4 pk=-37.0 c0=7.5 c1=9.1 kw=8.07 inf=3.12 iv=1.21 n=2 d=0 sk=0 hf=96180 hm=92264 ht=283156 pf=0 pm=0 pt=0 ru=235368 rp=239284
18:44:32.853 @T t=227088 s=0.000 lv=-34.5 pk=-29.5 c0=6.7 c1=9.8 kw=10.35 inf=2.57 iv=1.09 n=4 d=0 sk=0 hf=96180 hm=92264 ht=283156 pf=0 pm=0 pt=0 ru=235368 rp=239284
18:44:32.853 @T t=227194 s=0.000 lv=-30.1 pk=-27.6 c0=3.4 c1=9.5 kw=9.28 inf=2.29 iv=1.10 n=4 d=0 sk=0 hf=96180 hm=92264 ht=283156 pf=0 pm=0 pt=0 ru=235368 rp=239284
18:44:32.853 @I ww=marvin cut=0.50 win=5 cool=1000 tick=100 wifi=1 srv=1 li=0 ln=0
18:44:32.853 @T t=227286 s=0.000 lv=-39.5 pk=-37.7 c0=13.6 c1=9.9 kw=9.65 inf=2.72 iv=1.14 n=3 d=0 sk=0 hf=96180 hm=92264 ht=283156 pf=0 pm=0 pt=0 ru=235368 rp=239284
18:44:32.853 @T t=227392 s=0.000 lv=-41.0 pk=-38.5 c0=3.5 c1=8.5 kw=8.38 inf=2.73 iv=1.15 n=3 d=0 sk=0 hf=96180 hm=92264 ht=283156 pf=0 pm=0 pt=0 ru=235368 rp=239284
18:44:32.853 @T t=227498 s=0.000 lv=-40.7 pk=-39.4 c0=3.4 c1=9.5 kw=9.31 inf=2.29 iv=1.10 n=4 d=0 sk=0 hf=96180 hm=92264 ht=283156 pf=0 pm=0 pt=0 ru=235368 rp=239284
18:44:32.853 @T t=227584 s=0.000 lv=-41.4 pk=-40.5 c0=4.3 c1=10.6 kw=10.39 inf=2.75 iv=1.15 n=3 d=0 sk=0 hf=96180 hm=92264 ht=283156 pf=0 pm=0 pt=0 ru=235368 rp=239284
18:44:32.853 @T t=227690 s=0.000 lv=-38.5 pk=-37.6 c0=3.4 c1=8.5 kw=8.33 inf=2.71 iv=1.12 n=3 d=0 sk=0 hf=96180 hm=92264 ht=283156 pf=0 pm=0 pt=0 ru=235368 rp=239284
18:44:32.853 @T t=227796 s=0.000 lv=-41.5 pk=-39.6 c0=3.4 c1=9.4 kw=9.26 inf=2.28 iv=1.09 n=4 d=0 sk=0 hf=96180 hm=92264 ht=283156 pf=0 pm=0 pt=0 ru=235368 rp=239284
18:44:32.853 @T t=227882 s=0.000 lv=-41.4 pk=-39.8 c0=4.4 c1=9.2 kw=8.08 inf=3.13 iv=1.21 n=2 d=0 sk=0 hf=96180 hm=92264 ht=283156 pf=0 pm=0 pt=0 ru=235368 rp=239284
18:44:32.853 @T t=227988 s=0.000 lv=-41.7 pk=-40.8 c0=3.8 c1=10.4 kw=10.89 inf=2.71 iv=1.19 n=4 d=0 sk=0 hf=96180 hm=92264 ht=283156 pf=0 pm=0 pt=0 ru=235368 rp=239284
18:44:32.853 @T t=228094 s=0.000 lv=-40.2 pk=-38.2 c0=3.5 c1=9.5 kw=9.34 inf=2.30 iv=1.11 n=4 d=0 sk=0 hf=96180 hm=92264 ht=283156 pf=0 pm=0 pt=0 ru=235368 rp=239284
18:44:32.853 @T t=228200 s=0.000 lv=-39.9 pk=-37.7 c0=5.2 c1=8.5 kw=8.32 inf=2.71 iv=1.13 n=3 d=0 sk=0 hf=94416 hm=92264 ht=283156 pf=0 pm=0 pt=0 ru=237132 rp=239284
18:44:32.853 @I ww=marvin cut=0.50 win=5 cool=1000 tick=100 wifi=1 srv=1 li=0 ln=0
18:44:32.853 @T t=228295 s=0.000 lv=-42.0 pk=-40.1 c0=7.5 c1=11.5 kw=11.25 inf=3.31 iv=1.43 n=3 d=0 sk=0 hf=96180 hm=92264 ht=283156 pf=0 pm=0 pt=0 ru=235368 rp=239284
18:44:32.853 @T t=228381 s=0.000 lv=-41.2 pk=-40.4 c0=5.4 c1=9.7 kw=9.79 inf=2.56 iv=1.24 n=3 d=0 sk=0 hf=96180 hm=92264 ht=283156 pf=0 pm=0 pt=0 ru=235368 rp=239284
18:44:32.853 @T t=228487 s=0.000 lv=-40.8 pk=-39.5 c0=6.3 c1=11.1 kw=10.65 inf=2.65 iv=1.16 n=4 d=0 sk=0 hf=96180 hm=92264 ht=283156 pf=0 pm=0 pt=0 ru=235368 rp=239284
18:44:32.853 @T t=228593 s=0.000 lv=-39.6 pk=-38.2 c0=3.5 c1=8.4 kw=8.25 inf=2.68 iv=1.10 n=3 d=0 sk=0 hf=96180 hm=92264 ht=283156 pf=0 pm=0 pt=0 ru=235368 rp=239284
18:44:32.853 @T t=228699 s=0.000 lv=-39.4 pk=-37.4 c0=3.3 c1=9.5 kw=9.27 inf=2.28 iv=1.10 n=4 d=0 sk=0 hf=96180 hm=92264 ht=283156 pf=0 pm=0 pt=0 ru=235368 rp=239284
18:44:32.853 @T t=228785 s=0.000 lv=-34.6 pk=-30.9 c0=4.2 c1=10.5 kw=10.31 inf=2.72 iv=1.13 n=3 d=0 sk=0 hf=96180 hm=92264 ht=283156 pf=0 pm=0 pt=0 ru=235368 rp=239284
18:44:32.853 @T t=228891 s=0.000 lv=-34.3 pk=-29.7 c0=3.6 c1=8.5 kw=8.33 inf=2.71 iv=1.12 n=3 d=0 sk=0 hf=96180 hm=92264 ht=283156 pf=0 pm=0 pt=0 ru=235368 rp=239284
18:44:32.853 @T t=228997 s=0.000 lv=-30.3 pk=-27.0 c0=3.4 c1=9.4 kw=9.27 inf=2.28 iv=1.10 n=4 d=0 sk=0 hf=96180 hm=92264 ht=283156 pf=0 pm=0 pt=0 ru=235368 rp=239284
18:44:32.853 @T t=229083 s=0.000 lv=-35.0 pk=-33.6 c0=4.2 c1=10.2 kw=10.35 inf=2.74 iv=1.14 n=3 d=0 sk=0 hf=96180 hm=92264 ht=283156 pf=0 pm=0 pt=0 ru=235368 rp=239284
18:44:35.139 @T t=229189 s=0.000 lv=-36.5 pk=-34.5 c0=3.8 c1=8.9 kw=8.41 inf=2.74 iv=1.15 n=3 d=0 sk=0 hf=96180 hm=92264 ht=283156 pf=0 pm=0 pt=0 ru=235368 rp=239284
18:44:35.139 @I ww=marvin cut=0.50 win=5 cool=1000 tick=100 wifi=1 srv=1 li=0 ln=0
18:44:35.139 @T t=229281 s=0.000 lv=-34.5 pk=-30.8 c0=5.5 c1=8.9 kw=8.86 inf=2.48 iv=1.18 n=3 d=0 sk=0 hf=96180 hm=92264 ht=283156 pf=0 pm=0 pt=0 ru=235368 rp=239284
18:44:35.139 @T t=229390 s=0.000 lv=-37.0 pk=-34.7 c0=3.5 c1=11.0 kw=10.75 inf=2.76 iv=1.22 n=4 d=0 sk=0 hf=96180 hm=92264 ht=283156 pf=0 pm=0 pt=0 ru=235368 rp=239284
18:44:35.139 @T t=229496 s=0.000 lv=-37.1 pk=-34.2 c0=5.8 c1=8.5 kw=8.38 inf=2.73 iv=1.15 n=3 d=0 sk=0 hf=96180 hm=92264 ht=283156 pf=0 pm=0 pt=0 ru=235368 rp=239284
18:44:35.139 @T t=229582 s=0.000 lv=-38.4 pk=-37.0 c0=4.2 c1=10.5 kw=9.39 inf=2.46 iv=1.16 n=3 d=0 sk=0 hf=96180 hm=92264 ht=283156 pf=0 pm=0 pt=0 ru=235368 rp=239284
18:44:35.139 @T t=229688 s=0.000 lv=-28.9 pk=-26.6 c0=3.4 c1=9.8 kw=10.33 inf=2.57 iv=1.15 n=4 d=0 sk=0 hf=96180 hm=92264 ht=283156 pf=0 pm=0 pt=0 ru=235368 rp=239284
18:44:35.139 @T t=229794 s=0.000 lv=-34.7 pk=-32.8 c0=3.4 c1=8.5 kw=8.28 inf=2.70 iv=1.11 n=3 d=0 sk=0 hf=96180 hm=92264 ht=283156 pf=0 pm=0 pt=0 ru=235368 rp=239284
18:44:35.139 @T t=229900 s=0.000 lv=-39.0 pk=-36.6 c0=3.6 c1=9.5 kw=9.37 inf=2.31 iv=1.11 n=4 d=0 sk=0 hf=96180 hm=92264 ht=283156 pf=0 pm=0 pt=0 ru=235368 rp=239284
18:44:35.139 @T t=229989 s=0.000 lv=-33.0 pk=-32.3 c0=3.8 c1=10.2 kw=9.96 inf=2.71 iv=1.11 n=3 d=0 sk=0 hf=96180 hm=92264 ht=283156 pf=0 pm=0 pt=0 ru=235368 rp=239284
18:44:35.139 @T t=230095 s=0.000 lv=-37.7 pk=-35.6 c0=3.5 c1=8.4 kw=8.21 inf=2.67 iv=1.10 n=3 d=0 sk=0 hf=96180 hm=92264 ht=283156 pf=0 pm=0 pt=0 ru=235368 rp=239284
18:44:35.139 @T t=230181 s=0.000 lv=-27.3 pk=-23.6 c0=4.2 c1=9.2 kw=9.25 inf=2.42 iv=1.13 n=3 d=0 sk=0 hf=96180 hm=92264 ht=283156 pf=0 pm=0 pt=0 ru=235368 rp=239284
18:44:35.139 @I ww=marvin cut=0.50 win=5 cool=1000 tick=100 wifi=1 srv=1 li=0 ln=0
18:44:35.139 @T t=230295 s=0.000 lv=-27.2 pk=-23.8 c0=7.6 c1=10.7 kw=10.45 inf=2.81 iv=1.29 n=4 d=0 sk=0 hf=96180 hm=92264 ht=283156 pf=0 pm=0 pt=0 ru=235368 rp=239284
18:44:35.139 @T t=230381 s=0.000 lv=-36.6 pk=-33.7 c0=8.4 c1=10.5 kw=9.86 inf=2.57 iv=1.25 n=3 d=0 sk=0 hf=96180 hm=92264 ht=283156 pf=0 pm=0 pt=0 ru=235368 rp=239284
18:44:35.139 @T t=230487 s=0.000 lv=-35.3 pk=-32.1 c0=3.6 c1=10.8 kw=10.41 inf=2.59 iv=1.10 n=4 d=0 sk=0 hf=96180 hm=92264 ht=283156 pf=0 pm=0 pt=0 ru=235368 rp=239284
18:44:35.139 @T t=230593 s=0.000 lv=-37.2 pk=-33.1 c0=3.4 c1=8.5 kw=8.29 inf=2.70 iv=1.12 n=3 d=0 sk=0 hf=96180 hm=92264 ht=283156 pf=0 pm=0 pt=0 ru=235368 rp=239284
18:44:35.139 @T t=230699 s=0.000 lv=-23.1 pk=-20.1 c0=3.4 c1=8.7 kw=8.48 inf=2.76 iv=1.17 n=3 d=0 sk=0 hf=96180 hm=92264 ht=283156 pf=0 pm=0 pt=0 ru=235368 rp=239284
18:44:35.139 @T t=230785 s=0.000 lv=-23.3 pk=-20.9 c0=4.3 c1=11.8 kw=11.56 inf=2.31 iv=1.11 n=4 d=0 sk=0 hf=96180 hm=92264 ht=283156 pf=0 pm=0 pt=0 ru=235368 rp=239284
18:44:35.139 @T t=230891 s=0.000 lv=-37.1 pk=-33.4 c0=3.6 c1=8.6 kw=8.38 inf=2.73 iv=1.14 n=3 d=0 sk=0 hf=96180 hm=92264 ht=283156 pf=0 pm=0 pt=0 ru=235368 rp=239284
18:44:35.139 @T t=230997 s=0.000 lv=-42.4 pk=-40.4 c0=3.4 c1=8.5 kw=8.31 inf=2.70 iv=1.13 n=3 d=0 sk=0 hf=96180 hm=92264 ht=283156 pf=0 pm=0 pt=0 ru=235368 rp=239284
18:44:35.139 @T t=231083 s=0.000 lv=-42.3 pk=-39.9 c0=4.3 c1=11.7 kw=11.66 inf=2.33 iv=1.13 n=4 d=0 sk=0 hf=96180 hm=92264 ht=283156 pf=0 pm=0 pt=0 ru=235368 rp=239284
18:44:35.139 @T t=231189 s=0.000 lv=-41.7 pk=-39.1 c0=3.4 c1=8.7 kw=8.30 inf=2.70 iv=1.13 n=3 d=0 sk=0 hf=96180 hm=92264 ht=283156 pf=0 pm=0 pt=0 ru=235368 rp=239284
18:44:35.139 @I ww=marvin cut=0.50 win=5 cool=1000 tick=100 wifi=1 srv=1 li=0 ln=0
18:44:35.139 @T t=231281 s=0.000 lv=-40.4 pk=-38.3 c0=4.8 c1=8.6 kw=8.63 inf=2.41 iv=1.14 n=3 d=0 sk=0 hf=96180 hm=92264 ht=283156 pf=0 pm=0 pt=0 ru=235368 rp=239284
18:44:35.139 [status] up 231s | mic -32.5 dBFS (peak -18.5) | score max 0.00 | detections 0 | inferences 337 (33.4/s; model 1.15 ms each, paused in quiet 0%; features 1.45 ms per 30 ms) | CPU core0  4.7% core1  9.6% (wake word pipeline 9.35% of one core) | RAM used 229 KB (peak 233 KB, 93 KB free) | wifi OK, server OK | audio lost since boot: i2s 0 net 0
18:44:35.139 @T t=231395 s=0.000 lv=-36.4 pk=-33.8 c0=7.7 c1=10.7 kw=10.24 inf=2.74 iv=1.22 n=4 d=0 sk=0 hf=96180 hm=92264 ht=283156 pf=0 pm=0 pt=0 ru=235368 rp=239284
18:44:37.652 @T t=231481 s=0.000 lv=-42.1 pk=-39.3 c0=4.2 c1=8.1 kw=8.17 inf=3.17 iv=1.23 n=2 d=0 sk=0 hf=96180 hm=92264 ht=283156 pf=0 pm=0 pt=0 ru=235368 rp=239284
18:44:37.652 @T t=231589 s=0.000 lv=-23.8 pk=-21.0 c0=3.3 c1=10.8 kw=10.40 inf=2.64 iv=1.20 n=4 d=0 sk=0 hf=96180 hm=92264 ht=283156 pf=0 pm=0 pt=0 ru=235368 rp=239284
18:44:37.652 @T t=231695 s=0.000 lv=-31.3 pk=-26.0 c0=3.4 c1=9.4 kw=9.27 inf=2.28 iv=1.09 n=4 d=0 sk=0 hf=96180 hm=92264 ht=283156 pf=0 pm=0 pt=0 ru=235368 rp=239284
18:44:37.652 @T t=231781 s=0.000 lv=-35.3 pk=-30.8 c0=4.2 c1=7.9 kw=8.02 inf=3.10 iv=1.20 n=2 d=0 sk=0 hf=96180 hm=92264 ht=283156 pf=0 pm=0 pt=0 ru=235368 rp=239284
18:44:37.652 @T t=231889 s=0.000 lv=-35.0 pk=-33.8 c0=3.4 c1=10.9 kw=10.49 inf=2.66 iv=1.23 n=4 d=0 sk=0 hf=96180 hm=92264 ht=283156 pf=0 pm=0 pt=0 ru=235368 rp=239284
18:44:37.653 @T t=231995 s=0.000 lv=-37.7 pk=-35.8 c0=3.4 c1=9.4 kw=9.27 inf=2.28 iv=1.09 n=4 d=0 sk=0 hf=96180 hm=92264 ht=283156 pf=0 pm=0 pt=0 ru=235368 rp=239284
18:44:37.653 @T t=232081 s=0.000 lv=-35.1 pk=-29.6 c0=4.3 c1=7.9 kw=7.96 inf=3.08 iv=1.17 n=2 d=0 sk=0 hf=96180 hm=92264 ht=283156 pf=0 pm=0 pt=0 ru=235368 rp=239284
18:44:37.653 @T t=232190 s=0.000 lv=-30.1 pk=-26.3 c0=3.3 c1=10.7 kw=10.34 inf=2.64 iv=1.22 n=4 d=0 sk=0 hf=96180 hm=92264 ht=283156 pf=0 pm=0 pt=0 ru=235368 rp=239284
18:44:37.653 @I ww=marvin cut=0.50 win=5 cool=1000 tick=100 wifi=1 srv=1 li=0 ln=0
18:44:37.653 @T t=232282 s=0.000 lv=-33.7 pk=-30.3 c0=4.8 c1=9.7 kw=8.64 inf=2.42 iv=1.15 n=3 d=0 sk=0 hf=96180 hm=92264 ht=283156 pf=0 pm=0 pt=0 ru=235368 rp=239284
18:44:37.653 @T t=232388 s=0.000 lv=-32.7 pk=-27.6 c0=10.5 c1=10.9 kw=11.06 inf=2.75 iv=1.30 n=4 d=0 sk=0 hf=96180 hm=92264 ht=283156 pf=0 pm=0 pt=0 ru=235368 rp=239284
18:44:37.653 @T t=232494 s=0.000 lv=-30.4 pk=-27.1 c0=4.0 c1=8.6 kw=8.45 inf=2.75 iv=1.14 n=3 d=0 sk=0 hf=96180 hm=92264 ht=283156 pf=0 pm=0 pt=0 ru=235368 rp=239284
18:44:37.653 @T t=232600 s=0.000 lv=-38.3 pk=-35.1 c0=4.0 c1=9.9 kw=9.70 inf=2.39 iv=1.19 n=4 d=0 sk=0 hf=96180 hm=92264 ht=283156 pf=0 pm=0 pt=0 ru=235368 rp=239284
18:44:37.653 @T t=232689 s=0.000 lv=-34.8 pk=-32.4 c0=4.0 c1=10.3 kw=10.13 inf=2.76 iv=1.14 n=3 d=0 sk=0 hf=96180 hm=92264 ht=283156 pf=0 pm=0 pt=0 ru=235368 rp=239284
18:44:37.653 @T t=232795 s=0.000 lv=-36.5 pk=-34.2 c0=3.4 c1=8.4 kw=8.22 inf=2.67 iv=1.10 n=3 d=0 sk=0 hf=96180 hm=92264 ht=283156 pf=0 pm=0 pt=0 ru=235368 rp=239284
18:44:37.653 @T t=232881 s=0.000 lv=-37.1 pk=-35.7 c0=4.4 c1=9.2 kw=9.30 inf=2.43 iv=1.15 n=3 d=0 sk=0 hf=96180 hm=92264 ht=283156 pf=0 pm=0 pt=0 ru=235368 rp=239284
18:44:37.653 @T t=232987 s=0.000 lv=-32.6 pk=-30.8 c0=6.1 c1=11.0 kw=10.57 inf=2.63 iv=1.15 n=4 d=0 sk=0 hf=96180 hm=92264 ht=283156 pf=0 pm=0 pt=0 ru=235368 rp=239284
18:44:37.653 @T t=233093 s=0.000 lv=-33.4 pk=-31.7 c0=3.5 c1=8.4 kw=8.24 inf=2.68 iv=1.11 n=3 d=0 sk=0 hf=96180 hm=92264 ht=283156 pf=0 pm=0 pt=0 ru=235368 rp=239284
18:44:37.653 @T t=233199 s=0.000 lv=-34.5 pk=-33.0 c0=3.4 c1=9.5 kw=9.30 inf=2.29 iv=1.10 n=4 d=0 sk=0 hf=96180 hm=92264 ht=283156 pf=0 pm=0 pt=0 ru=235368 rp=239284
18:44:37.653 @I ww=marvin cut=0.50 win=5 cool=1000 tick=100 wifi=1 srv=1 li=0 ln=0
18:44:37.653 @T t=233291 s=0.000 lv=-28.9 pk=-23.3 c0=4.8 c1=9.8 kw=9.57 inf=2.70 iv=1.12 n=3 d=0 sk=0 hf=96180 hm=92264 ht=283156 pf=0 pm=0 pt=0 ru=235368 rp=239284
18:44:37.653 @T t=233397 s=0.000 lv=-22.3 pk=-19.8 c0=4.1 c1=8.7 kw=8.53 inf=2.78 iv=1.17 n=3 d=0 sk=0 hf=96180 hm=92264 ht=283156 pf=0 pm=0 pt=0 ru=235368 rp=239284
18:44:37.653 @T t=233483 s=0.000 lv=-36.2 pk=-33.8 c0=4.3 c1=11.6 kw=11.63 inf=2.32 iv=1.13 n=4 d=0 sk=0 hf=96180 hm=92264 ht=283156 pf=0 pm=0 pt=0 ru=235368 rp=239284
18:44:37.653 @T t=233589 s=0.000 lv=-38.8 pk=-37.0 c0=3.9 c1=9.0 kw=8.27 inf=2.70 iv=1.13 n=3 d=0 sk=0 hf=96180 hm=92264 ht=283156 pf=0 pm=0 pt=0 ru=235368 rp=239284
18:44:37.653 @T t=233696 s=0.000 lv=-36.8 pk=-35.6 c0=6.6 c1=8.1 kw=8.28 inf=2.71 iv=1.13 n=3 d=0 sk=0 hf=96180 hm=92264 ht=283156 pf=0 pm=0 pt=0 ru=235368 rp=239284
18:44:37.653 I (234153) wifi:[ADDBA]RX DELBA, reason:37, delete tid:0, initiator:1(originator)
18:44:37.653 @T t=233783 s=0.000 lv=-38.4 pk=-36.6 c0=6.5 c1=11.6 kw=9.29 inf=1.84 iv=0.88 n=4 d=0 sk=0 hf=96180 hm=92264 ht=283156 pf=0 pm=0 pt=0 ru=235368 rp=239284
18:44:37.653 @T t=233889 s=0.000 lv=-36.6 pk=-35.4 c0=3.7 c1=9.7 kw=10.68 inf=3.54 iv=1.60 n=3 d=0 sk=0 hf=96180 hm=92264 ht=283156 pf=0 pm=0 pt=0 ru=235368 rp=239284
18:44:40.151 @T t=233995 s=0.000 lv=-39.0 pk=-36.2 c0=3.5 c1=8.4 kw=8.23 inf=2.67 iv=1.11 n=3 d=0 sk=0 hf=96180 hm=92264 ht=283156 pf=0 pm=0 pt=0 ru=235368 rp=239284
18:44:40.151 @T t=234081 s=0.000 lv=-36.6 pk=-35.0 c0=4.2 c1=9.2 kw=9.26 inf=2.42 iv=1.14 n=3 d=0 sk=0 hf=96180 hm=92264 ht=283156 pf=0 pm=0 pt=0 ru=235368 rp=239284
18:44:40.151 @T t=234190 s=0.000 lv=-40.2 pk=-38.6 c0=3.2 c1=10.6 kw=10.17 inf=2.60 iv=1.13 n=4 d=0 sk=0 hf=96180 hm=92264 ht=283156 pf=0 pm=0 pt=0 ru=235368 rp=239284
18:44:40.151 @I ww=marvin cut=0.50 win=5 cool=1000 tick=100 wifi=1 srv=1 li=0 ln=0
18:44:40.151 @T t=234282 s=0.000 lv=-40.6 pk=-39.5 c0=4.8 c1=9.6 kw=9.60 inf=2.71 iv=1.13 n=3 d=0 sk=0 hf=96180 hm=92264 ht=283156 pf=0 pm=0 pt=0 ru=235368 rp=239284
18:44:40.151 @T t=234388 s=0.000 lv=-40.1 pk=-38.6 c0=5.5 c1=10.2 kw=9.79 inf=2.41 iv=1.19 n=4 d=0 sk=0 hf=94416 hm=92264 ht=283156 pf=0 pm=0 pt=0 ru=237132 rp=239284
18:44:40.152 @T t=234494 s=0.000 lv=-39.9 pk=-37.9 c0=5.8 c1=8.9 kw=8.36 inf=2.72 iv=1.14 n=3 d=0 sk=0 hf=96180 hm=92264 ht=283156 pf=0 pm=0 pt=0 ru=235368 rp=239284
18:44:40.152 @T t=234600 s=0.000 lv=-41.6 pk=-40.9 c0=6.9 c1=8.6 kw=8.45 inf=2.75 iv=1.14 n=3 d=0 sk=0 hf=96180 hm=92264 ht=283156 pf=0 pm=0 pt=0 ru=235368 rp=239284
18:44:40.152 @T t=234688 s=0.000 lv=-40.9 pk=-39.7 c0=4.0 c1=11.7 kw=11.44 inf=2.34 iv=1.13 n=4 d=0 sk=0 hf=96180 hm=92264 ht=283156 pf=0 pm=0 pt=0 ru=235368 rp=239284
18:44:40.152 @T t=234794 s=0.000 lv=-39.5 pk=-38.3 c0=3.7 c1=8.6 kw=8.37 inf=2.72 iv=1.12 n=3 d=0 sk=0 hf=96180 hm=92264 ht=283156 pf=0 pm=0 pt=0 ru=235368 rp=239284
18:44:40.152 @T t=234900 s=0.000 lv=-40.5 pk=-39.0 c0=3.6 c1=8.6 kw=8.44 inf=2.75 iv=1.15 n=3 d=0 sk=0 hf=96180 hm=92264 ht=283156 pf=0 pm=0 pt=0 ru=235368 rp=239284
18:44:40.152 @T t=234988 s=0.000 lv=-39.7 pk=-38.4 c0=3.9 c1=11.6 kw=11.37 inf=2.32 iv=1.12 n=4 d=0 sk=0 hf=96180 hm=92264 ht=283156 pf=0 pm=0 pt=0 ru=235368 rp=239284
18:44:40.152 @T t=235094 s=0.000 lv=-40.0 pk=-39.2 c0=3.4 c1=5.1 kw=4.95 inf=1.52 iv=0.00 n=0 d=0 sk=3 hf=96180 hm=92264 ht=283156 pf=0 pm=0 pt=0 ru=235368 rp=239284
18:44:40.152 @T t=235200 s=0.000 lv=-40.6 pk=-38.7 c0=3.0 c1=5.0 kw=4.90 inf=1.51 iv=0.00 n=0 d=0 sk=3 hf=96180 hm=92264 ht=283156 pf=0 pm=0 pt=0 ru=235368 rp=239284
18:44:40.152 @I ww=marvin cut=0.50 win=5 cool=1000 tick=100 wifi=1 srv=1 li=0 ln=0
18:44:40.152 @T t=235292 s=0.000 lv=-22.3 pk=-18.6 c0=13.3 c1=16.8 kw=16.55 inf=1.45 iv=0.97 n=10 d=0 sk=0 hf=96180 hm=92264 ht=283156 pf=0 pm=0 pt=0 ru=235368 rp=239284
18:44:40.152 @T t=235398 s=0.000 lv=-24.3 pk=-20.9 c0=3.6 c1=8.6 kw=8.39 inf=2.73 iv=1.14 n=3 d=0 sk=0 hf=96180 hm=92264 ht=283156 pf=0 pm=0 pt=0 ru=235368 rp=239284
18:44:40.152 @T t=235485 s=0.000 lv=-29.5 pk=-28.1 c0=4.9 c1=10.6 kw=10.39 inf=2.78 iv=1.18 n=3 d=0 sk=0 hf=96180 hm=92264 ht=283156 pf=0 pm=0 pt=0 ru=235368 rp=239284
18:44:40.152 @T t=235591 s=0.000 lv=-35.5 pk=-33.0 c0=3.5 c1=9.5 kw=9.29 inf=2.29 iv=1.10 n=4 d=0 sk=0 hf=96180 hm=92264 ht=283156 pf=0 pm=0 pt=0 ru=235368 rp=239284
18:44:40.152 @T t=235697 s=0.000 lv=-38.3 pk=-36.2 c0=3.4 c1=8.5 kw=8.29 inf=2.70 iv=1.13 n=3 d=0 sk=0 hf=96180 hm=92264 ht=283156 pf=0 pm=0 pt=0 ru=235368 rp=239284
18:44:40.152 @T t=235783 s=0.000 lv=-36.1 pk=-34.2 c0=4.3 c1=10.6 kw=10.42 inf=2.75 iv=1.16 n=3 d=0 sk=0 hf=96180 hm=92264 ht=283156 pf=0 pm=0 pt=0 ru=235368 rp=239284
18:44:40.152 @T t=235889 s=0.000 lv=-34.5 pk=-33.0 c0=4.0 c1=9.9 kw=9.72 inf=2.39 iv=1.18 n=4 d=0 sk=0 hf=96180 hm=92264 ht=283156 pf=0 pm=0 pt=0 ru=235368 rp=239284
18:44:40.152 @T t=235995 s=0.000 lv=-33.9 pk=-32.6 c0=3.4 c1=8.5 kw=8.32 inf=2.71 iv=1.13 n=3 d=0 sk=0 hf=96180 hm=92264 ht=283156 pf=0 pm=0 pt=0 ru=235368 rp=239284
18:44:40.152 @T t=236081 s=0.000 lv=-37.4 pk=-35.3 c0=4.3 c1=9.2 kw=9.27 inf=2.42 iv=1.14 n=3 d=0 sk=0 hf=96180 hm=92264 ht=283156 pf=0 pm=0 pt=0 ru=235368 rp=239284
18:44:40.152 @T t=236187 s=0.000 lv=-35.8 pk=-34.3 c0=3.4 c1=10.8 kw=10.35 inf=2.57 iv=1.09 n=4 d=0 sk=0 hf=96180 hm=92264 ht=283156 pf=0 pm=0 pt=0 ru=235368 rp=239284
18:44:40.152 @I ww=marvin cut=0.50 win=5 cool=1000 tick=100 wifi=1 srv=1 li=0 ln=0
18:44:40.152 @T t=236299 s=0.000 lv=-36.6 pk=-33.5 c0=4.0 c1=8.0 kw=7.86 inf=2.71 iv=1.13 n=3 d=0 sk=0 hf=96180 hm=92264 ht=283156 pf=0 pm=0 pt=0 ru=235368 rp=239284
18:44:40.152 @T t=236385 s=0.000 lv=-35.0 pk=-32.1 c0=4.4 c1=10.8 kw=10.55 inf=2.79 iv=1.18 n=3 d=0 sk=0 hf=96180 hm=92264 ht=283156 pf=0 pm=0 pt=0 ru=235368 rp=239284
18:44:42.739 @T t=236491 s=0.000 lv=-32.3 pk=-27.5 c0=7.7 c1=11.2 kw=10.63 inf=2.63 iv=1.38 n=4 d=0 sk=0 hf=96180 hm=92264 ht=283156 pf=0 pm=0 pt=0 ru=235368 rp=239284
18:44:42.739 @T t=236597 s=0.000 lv=-32.8 pk=-27.5 c0=4.0 c1=8.9 kw=8.68 inf=2.83 iv=1.23 n=3 d=0 sk=0 hf=96180 hm=92264 ht=283156 pf=0 pm=0 pt=0 ru=235368 rp=239284
18:44:42.739 @T t=236683 s=0.000 lv=-38.3 pk=-35.9 c0=8.3 c1=10.7 kw=10.47 inf=2.77 iv=1.17 n=3 d=0 sk=0 hf=96180 hm=92264 ht=283156 pf=0 pm=0 pt=0 ru=235368 rp=239284
18:44:42.739 @T t=236789 s=0.000 lv=-40.0 pk=-38.6 c0=3.4 c1=9.4 kw=9.23 inf=2.27 iv=1.09 n=4 d=0 sk=0 hf=96180 hm=92264 ht=283156 pf=0 pm=0 pt=0 ru=235368 rp=239284
18:44:42.739 @T t=236895 s=0.000 lv=-35.8 pk=-34.0 c0=3.6 c1=8.6 kw=8.45 inf=2.76 iv=1.16 n=3 d=0 sk=0 hf=96180 hm=92264 ht=283156 pf=0 pm=0 pt=0 ru=235368 rp=239284
18:44:42.739 @T t=236981 s=0.000 lv=-38.7 pk=-37.5 c0=4.6 c1=9.2 kw=9.28 inf=2.42 iv=1.14 n=3 d=0 sk=0 hf=96180 hm=92264 ht=283156 pf=0 pm=0 pt=0 ru=235368 rp=239284
18:44:42.739 @T t=237087 s=0.000 lv=-23.1 pk=-20.7 c0=3.5 c1=11.0 kw=10.51 inf=2.61 iv=1.12 n=4 d=0 sk=0 hf=96180 hm=92264 ht=283156 pf=0 pm=0 pt=0 ru=235368 rp=239284
18:44:42.739 @T t=237193 s=0.000 lv=-29.2 pk=-24.3 c0=6.6 c1=8.4 kw=8.27 inf=2.69 iv=1.13 n=3 d=0 sk=0 hf=96180 hm=92264 ht=283156 pf=0 pm=0 pt=0 ru=235368 rp=239284
18:44:42.739 @I ww=marvin cut=0.50 win=5 cool=1000 tick=100 wifi=1 srv=1 li=0 ln=0
18:44:42.739 @T t=237285 s=0.000 lv=-37.5 pk=-35.3 c0=4.8 c1=9.8 kw=9.61 inf=2.71 iv=1.13 n=3 d=0 sk=0 hf=96180 hm=92264 ht=283156 pf=0 pm=0 pt=0 ru=235368 rp=239284
18:44:42.739 @T t=237391 s=0.000 lv=-36.3 pk=-34.0 c0=3.5 c1=9.5 kw=9.37 inf=2.31 iv=1.13 n=4 d=0 sk=0 hf=96180 hm=92264 ht=283156 pf=0 pm=0 pt=0 ru=235368 rp=239284
18:44:42.739 @T t=237497 s=0.001 lv=-34.7 pk=-30.2 c0=4.0 c1=9.0 kw=8.79 inf=2.87 iv=1.26 n=3 d=0 sk=0 hf=96180 hm=92264 ht=283156 pf=0 pm=0 pt=0 ru=235368 rp=239284
18:44:42.739 @T t=237583 s=0.002 lv=-37.1 pk=-34.9 c0=4.4 c1=10.9 kw=10.66 inf=2.82 iv=1.21 n=3 d=0 sk=0 hf=96180 hm=92264 ht=283156 pf=0 pm=0 pt=0 ru=235368 rp=239284
18:44:42.739 @T t=237689 s=0.002 lv=-24.8 pk=-22.2 c0=6.6 c1=9.6 kw=9.44 inf=2.33 iv=1.14 n=4 d=0 sk=0 hf=96180 hm=92264 ht=283156 pf=0 pm=0 pt=0 ru=235368 rp=239284
18:44:42.739 @T t=237795 s=0.000 lv=-27.3 pk=-22.7 c0=3.4 c1=8.5 kw=8.31 inf=2.70 iv=1.13 n=3 d=0 sk=0 hf=96180 hm=92264 ht=283156 pf=0 pm=0 pt=0 ru=235368 rp=239284
18:44:42.739 @T t=237881 s=0.000 lv=-36.7 pk=-34.0 c0=4.3 c1=9.2 kw=9.25 inf=2.42 iv=1.13 n=3 d=0 sk=0 hf=96180 hm=92264 ht=283156 pf=0 pm=0 pt=0 ru=235368 rp=239284
18:44:42.739 @T t=237987 s=0.000 lv=-35.2 pk=-32.1 c0=6.3 c1=10.7 kw=10.27 inf=2.55 iv=1.07 n=4 d=0 sk=0 hf=96180 hm=92264 ht=283156 pf=0 pm=0 pt=0 ru=235368 rp=239284
18:44:42.739 @T t=238093 s=0.000 lv=-37.7 pk=-36.9 c0=4.0 c1=8.4 kw=8.26 inf=2.69 iv=1.11 n=3 d=0 sk=0 hf=96180 hm=92264 ht=283156 pf=0 pm=0 pt=0 ru=235368 rp=239284
18:44:42.739 @T t=238198 s=0.000 lv=-37.4 pk=-35.5 c0=3.7 c1=8.6 kw=8.39 inf=2.70 iv=1.13 n=3 d=0 sk=0 hf=96180 hm=92264 ht=283156 pf=0 pm=0 pt=0 ru=235368 rp=239284
18:44:42.739 @I ww=marvin cut=0.50 win=5 cool=1000 tick=100 wifi=1 srv=1 li=0 ln=0
18:44:42.739 @T t=238290 s=0.000 lv=-37.2 pk=-34.2 c0=13.6 c1=11.1 kw=10.92 inf=2.33 iv=1.13 n=4 d=0 sk=0 hf=96180 hm=92264 ht=283156 pf=0 pm=0 pt=0 ru=235368 rp=239284
18:44:42.739 @T t=238396 s=0.000 lv=-38.7 pk=-37.6 c0=3.7 c1=8.5 kw=8.30 inf=2.70 iv=1.13 n=3 d=0 sk=0 hf=96180 hm=92264 ht=283156 pf=0 pm=0 pt=0 ru=235368 rp=239284
18:44:42.739 @T t=238482 s=0.000 lv=-34.9 pk=-31.5 c0=9.7 c1=11.6 kw=11.31 inf=2.99 iv=1.31 n=3 d=0 sk=0 hf=96180 hm=92264 ht=283156 pf=0 pm=0 pt=0 ru=235368 rp=239284
18:44:42.739 @T t=238588 s=0.000 lv=-32.1 pk=-28.9 c0=4.3 c1=10.2 kw=9.65 inf=2.38 iv=1.18 n=4 d=0 sk=0 hf=96180 hm=92264 ht=283156 pf=0 pm=0 pt=0 ru=235368 rp=239284
18:44:42.739 @T t=238694 s=0.000 lv=-31.7 pk=-31.1 c0=3.4 c1=8.4 kw=8.29 inf=2.70 iv=1.12 n=3 d=0 sk=0 hf=96180 hm=92264 ht=283156 pf=0 pm=0 pt=0 ru=235368 rp=239284
18:44:42.739 @T t=238800 s=0.000 lv=-36.2 pk=-33.9 c0=3.4 c1=8.5 kw=8.37 inf=2.72 iv=1.13 n=3 d=0 sk=0 hf=96180 hm=92264 ht=283156 pf=0 pm=0 pt=0 ru=235368 rp=239284
18:44:42.739 @T t=238889 s=0.000 lv=-33.5 pk=-30.7 c0=4.2 c1=11.6 kw=11.43 inf=2.36 iv=1.14 n=4 d=0 sk=0 hf=96180 hm=92264 ht=283156 pf=0 pm=0 pt=0 ru=235368 rp=239284
18:44:42.739 @T t=238995 s=0.000 lv=-27.9 pk=-24.3 c0=3.4 c1=8.4 kw=8.25 inf=2.69 iv=1.11 n=3 d=0 sk=0 hf=96180 hm=92264 ht=283156 pf=0 pm=0 pt=0 ru=235368 rp=239284
18:44:45.037 @T t=239081 s=0.000 lv=-21.5 pk=-18.9 c0=4.3 c1=9.2 kw=9.29 inf=2.43 iv=1.14 n=3 d=0 sk=0 hf=96180 hm=92264 ht=283156 pf=0 pm=0 pt=0 ru=235368 rp=239284
18:44:45.037 @T t=239187 s=0.000 lv=-35.0 pk=-31.2 c0=3.4 c1=10.7 kw=10.33 inf=2.56 iv=1.09 n=4 d=0 sk=0 hf=96180 hm=92264 ht=283156 pf=0 pm=0 pt=0 ru=235368 rp=239284
18:44:45.037 @I ww=marvin cut=0.50 win=5 cool=1000 tick=100 wifi=1 srv=1 li=0 ln=0
18:44:45.037 @T t=239299 s=0.000 lv=-24.6 pk=-21.8 c0=4.4 c1=8.4 kw=8.18 inf=2.82 iv=1.22 n=3 d=0 sk=0 hf=96180 hm=92264 ht=283156 pf=0 pm=0 pt=0 ru=235368 rp=239284
18:44:45.037 @T t=239385 s=0.000 lv=-36.9 pk=-34.0 c0=4.5 c1=10.7 kw=10.51 inf=2.78 iv=1.18 n=3 d=0 sk=0 hf=96180 hm=92264 ht=283156 pf=0 pm=0 pt=0 ru=235368 rp=239284
18:44:45.037 @T t=239491 s=0.000 lv=-32.6 pk=-27.5 c0=4.0 c1=9.5 kw=9.32 inf=2.30 iv=1.11 n=4 d=0 sk=0 hf=96180 hm=92264 ht=283156 pf=0 pm=0 pt=0 ru=235368 rp=239284
18:44:45.037 @T t=239597 s=0.000 lv=-23.5 pk=-22.1 c0=3.5 c1=8.6 kw=8.43 inf=2.75 iv=1.15 n=3 d=0 sk=0 hf=96180 hm=92264 ht=283156 pf=0 pm=0 pt=0 ru=235368 rp=239284
18:44:45.037 @T t=239683 s=0.000 lv=-34.3 pk=-29.8 c0=4.3 c1=10.8 kw=10.56 inf=2.79 iv=1.20 n=3 d=0 sk=0 hf=96180 hm=92264 ht=283156 pf=0 pm=0 pt=0 ru=235368 rp=239284
18:44:45.037 @T t=239789 s=0.000 lv=-32.2 pk=-28.6 c0=3.4 c1=9.6 kw=9.39 inf=2.31 iv=1.12 n=4 d=0 sk=0 hf=96180 hm=92264 ht=283156 pf=0 pm=0 pt=0 ru=235368 rp=239284
18:44:45.037 @T t=239895 s=0.000 lv=-37.4 pk=-33.1 c0=3.6 c1=8.6 kw=8.47 inf=2.76 iv=1.16 n=3 d=0 sk=0 hf=96180 hm=92264 ht=283156 pf=0 pm=0 pt=0 ru=235368 rp=239284
18:44:45.037 @T t=239981 s=0.000 lv=-38.3 pk=-34.9 c0=4.2 c1=9.2 kw=9.25 inf=2.42 iv=1.14 n=3 d=0 sk=0 hf=96180 hm=92264 ht=283156 pf=0 pm=0 pt=0 ru=235368 rp=239284
18:44:45.037 @T t=240087 s=0.000 lv=-28.1 pk=-23.4 c0=3.5 c1=10.8 kw=10.36 inf=2.57 iv=1.10 n=4 d=0 sk=0 hf=96180 hm=92264 ht=283156 pf=0 pm=0 pt=0 ru=235368 rp=239284
18:44:45.037 @T t=240193 s=0.000 lv=-24.5 pk=-22.4 c0=3.4 c1=8.5 kw=8.35 inf=2.72 iv=1.13 n=3 d=0 sk=0 hf=96180 hm=92264 ht=283156 pf=0 pm=0 pt=0 ru=235368 rp=239284
18:44:45.037 @I ww=marvin cut=0.50 win=5 cool=1000 tick=100 wifi=1 srv=1 li=0 ln=0
18:44:45.037 @T t=240285 s=0.000 lv=-36.5 pk=-31.3 c0=4.8 c1=9.9 kw=9.65 inf=2.73 iv=1.14 n=3 d=0 sk=0 hf=96180 hm=92264 ht=283156 pf=0 pm=0 pt=0 ru=235368 rp=239284
18:44:45.037 @T t=240391 s=0.000 lv=-41.2 pk=-40.1 c0=3.8 c1=9.8 kw=9.63 inf=2.37 iv=1.17 n=4 d=0 sk=0 hf=96180 hm=92264 ht=283156 pf=0 pm=0 pt=0 ru=235368 rp=239284
18:44:45.037 @T t=240497 s=0.000 lv=-41.9 pk=-40.6 c0=5.4 c1=8.5 kw=8.36 inf=2.72 iv=1.14 n=3 d=0 sk=0 hf=94416 hm=92264 ht=283156 pf=0 pm=0 pt=0 ru=237132 rp=239284
18:44:45.037 @T t=240584 s=0.000 lv=-41.6 pk=-40.4 c0=6.6 c1=12.4 kw=11.13 inf=2.98 iv=1.31 n=3 d=0 sk=0 hf=96180 hm=92264 ht=283156 pf=0 pm=0 pt=0 ru=235368 rp=239284
18:44:45.037 @T t=240690 s=0.000 lv=-42.4 pk=-41.5 c0=6.7 c1=9.5 kw=9.31 inf=2.30 iv=1.11 n=4 d=0 sk=0 hf=96180 hm=92264 ht=283156 pf=0 pm=0 pt=0 ru=235368 rp=239284
18:44:45.037 @T t=240796 s=0.000 lv=-42.4 pk=-41.2 c0=3.4 c1=8.5 kw=8.31 inf=2.71 iv=1.13 n=3 d=0 sk=0 hf=96180 hm=92264 ht=283156 pf=0 pm=0 pt=0 ru=235368 rp=239284
18:44:45.037 @T t=240882 s=0.000 lv=-42.2 pk=-41.3 c0=4.5 c1=10.5 kw=10.51 inf=2.78 iv=1.17 n=3 d=0 sk=0 hf=96180 hm=92264 ht=283156 pf=0 pm=0 pt=0 ru=235368 rp=239284
18:44:45.037 @T t=240988 s=0.000 lv=-41.2 pk=-39.6 c0=3.4 c1=9.6 kw=9.23 inf=2.27 iv=1.09 n=4 d=0 sk=0 hf=96180 hm=92264 ht=283156 pf=0 pm=0 pt=0 ru=235368 rp=239284
18:44:45.037 @T t=241094 s=0.000 lv=-42.4 pk=-41.6 c0=4.6 c1=8.7 kw=8.52 inf=2.78 iv=1.17 n=3 d=0 sk=0 hf=96180 hm=92264 ht=283156 pf=0 pm=0 pt=0 ru=235368 rp=239284
18:44:45.037 @T t=241200 s=0.000 lv=-40.3 pk=-38.3 c0=3.4 c1=8.6 kw=8.45 inf=2.76 iv=1.16 n=3 d=0 sk=0 hf=96180 hm=92264 ht=283156 pf=0 pm=0 pt=0 ru=235368 rp=239284
18:44:45.037 @I ww=marvin cut=0.50 win=5 cool=1000 tick=100 wifi=1 srv=1 li=0 ln=0
18:44:45.037 @T t=241291 s=0.000 lv=-40.6 pk=-40.1 c0=13.1 c1=11.4 kw=11.17 inf=2.36 iv=1.14 n=4 d=0 sk=0 hf=96180 hm=92264 ht=283156 pf=0 pm=0 pt=0 ru=235368 rp=239284
18:44:45.037 [status] up 241s | mic -31.2 dBFS (peak -18.6) | score max 0.00 | detections 0 | inferences 334 (33.4/s; model 1.15 ms each, paused in quiet 2%; features 1.41 ms per 30 ms) | CPU core0  4.7% core1  9.6% (wake word pipeline 9.33% of one core) | RAM used 229 KB (peak 233 KB, 93 KB free) | wifi OK, server OK | audio lost since boot: i2s 0 net 0
18:44:47.555 @T t=241385 s=0.000 lv=-39.8 pk=-38.1 c0=8.2 c1=9.9 kw=9.69 inf=2.80 iv=1.18 n=3 d=0 sk=0 hf=96180 hm=92264 ht=283156 pf=0 pm=0 pt=0 ru=235368 rp=239284
18:44:47.556 @T t=241491 s=0.000 lv=-35.5 pk=-30.7 c0=7.1 c1=8.6 kw=8.38 inf=2.72 iv=1.12 n=3 d=0 sk=0 hf=96180 hm=92264 ht=283156 pf=0 pm=0 pt=0 ru=235368 rp=239284
18:44:47.556 @T t=241597 s=0.000 lv=-33.1 pk=-29.9 c0=4.0 c1=9.8 kw=9.60 inf=2.37 iv=1.17 n=4 d=0 sk=0 hf=96180 hm=92264 ht=283156 pf=0 pm=0 pt=0 ru=235368 rp=239284
18:44:47.556 @T t=241683 s=0.000 lv=-39.6 pk=-37.4 c0=4.2 c1=10.2 kw=10.29 inf=2.72 iv=1.14 n=3 d=0 sk=0 hf=96180 hm=92264 ht=283156 pf=0 pm=0 pt=0 ru=235368 rp=239284
18:44:47.556 @T t=241789 s=0.000 lv=-33.5 pk=-31.5 c0=3.4 c1=8.7 kw=8.28 inf=2.69 iv=1.11 n=3 d=0 sk=0 hf=96180 hm=92264 ht=283156 pf=0 pm=0 pt=0 ru=235368 rp=239284
18:44:47.556 @T t=241895 s=0.000 lv=-32.5 pk=-29.7 c0=3.6 c1=9.5 kw=9.37 inf=2.31 iv=1.12 n=4 d=0 sk=0 hf=96180 hm=92264 ht=283156 pf=0 pm=0 pt=0 ru=235368 rp=239284
18:44:47.556 @T t=241981 s=0.000 lv=-39.0 pk=-35.6 c0=4.2 c1=7.9 kw=7.97 inf=3.08 iv=1.18 n=2 d=0 sk=0 hf=96180 hm=92264 ht=283156 pf=0 pm=0 pt=0 ru=235368 rp=239284
18:44:47.556 @T t=242090 s=0.000 lv=-27.0 pk=-24.2 c0=8.9 c1=10.7 kw=10.28 inf=2.63 iv=1.20 n=4 d=0 sk=0 hf=96180 hm=92264 ht=283156 pf=0 pm=0 pt=0 ru=235368 rp=239284
18:44:47.556 @T t=242196 s=0.000 lv=-37.1 pk=-33.0 c0=3.4 c1=9.3 kw=9.17 inf=2.26 iv=1.08 n=4 d=0 sk=0 hf=96180 hm=92264 ht=283156 pf=0 pm=0 pt=0 ru=235368 rp=239284
18:44:47.556 @I ww=marvin cut=0.50 win=5 cool=1000 tick=100 wifi=1 srv=1 li=0 ln=0
18:44:47.556 @T t=242288 s=0.000 lv=-36.3 pk=-32.4 c0=4.8 c1=9.7 kw=9.53 inf=2.69 iv=1.11 n=3 d=0 sk=0 hf=96180 hm=92264 ht=283156 pf=0 pm=0 pt=0 ru=235368 rp=239284
18:44:47.556 @T t=242394 s=0.000 lv=-37.9 pk=-34.7 c0=3.6 c1=8.5 kw=8.34 inf=2.72 iv=1.13 n=3 d=0 sk=0 hf=96180 hm=92264 ht=283156 pf=0 pm=0 pt=0 ru=235368 rp=239284
18:44:47.556 @T t=242500 s=0.000 lv=-37.9 pk=-35.1 c0=3.4 c1=9.4 kw=9.24 inf=2.27 iv=1.09 n=4 d=0 sk=0 hf=96180 hm=92264 ht=283156 pf=0 pm=0 pt=0 ru=235368 rp=239284
18:44:47.556 @T t=242586 s=0.000 lv=-28.2 pk=-25.4 c0=8.9 c1=12.4 kw=11.71 inf=3.10 iv=1.40 n=3 d=0 sk=0 hf=96180 hm=92264 ht=283156 pf=0 pm=0 pt=0 ru=235368 rp=239284
18:44:47.556 @T t=242692 s=0.000 lv=-35.9 pk=-34.1 c0=3.9 c1=8.6 kw=8.47 inf=2.76 iv=1.13 n=3 d=0 sk=0 hf=96180 hm=92264 ht=283156 pf=0 pm=0 pt=0 ru=235368 rp=239284
18:44:47.556 @T t=242798 s=0.000 lv=-35.7 pk=-33.4 c0=3.7 c1=9.4 kw=9.23 inf=2.27 iv=1.09 n=4 d=0 sk=0 hf=96180 hm=92264 ht=283156 pf=0 pm=0 pt=0 ru=235368 rp=239284
18:44:47.556 @T t=242884 s=0.000 lv=-37.8 pk=-36.5 c0=9.0 c1=11.0 kw=10.76 inf=2.85 iv=1.24 n=3 d=0 sk=0 hf=96180 hm=92264 ht=283156 pf=0 pm=0 pt=0 ru=235368 rp=239284
18:44:47.556 @T t=242990 s=0.000 lv=-40.2 pk=-38.3 c0=6.1 c1=8.4 kw=8.28 inf=2.69 iv=1.11 n=3 d=0 sk=0 hf=96180 hm=92264 ht=283156 pf=0 pm=0 pt=0 ru=235368 rp=239284
18:44:47.556 @T t=243096 s=0.000 lv=-40.8 pk=-39.2 c0=3.5 c1=9.5 kw=9.30 inf=2.29 iv=1.10 n=4 d=0 sk=0 hf=96180 hm=92264 ht=283156 pf=0 pm=0 pt=0 ru=235368 rp=239284
18:44:47.556 @T t=243182 s=0.000 lv=-40.6 pk=-38.8 c0=4.1 c1=9.1 kw=7.98 inf=3.08 iv=1.18 n=2 d=0 sk=0 hf=96180 hm=92264 ht=283156 pf=0 pm=0 pt=0 ru=235368 rp=239284
18:44:47.556 @I ww=marvin cut=0.50 win=5 cool=1000 tick=100 wifi=1 srv=1 li=0 ln=0
18:44:47.556 @T t=243294 s=0.000 lv=-41.1 pk=-39.7 c0=4.0 c1=9.3 kw=9.79 inf=2.57 iv=1.10 n=4 d=0 sk=0 hf=96180 hm=92264 ht=283156 pf=0 pm=0 pt=0 ru=235368 rp=239284
18:44:47.556 @T t=243400 s=0.000 lv=-41.2 pk=-40.5 c0=3.6 c1=9.5 kw=9.37 inf=2.31 iv=1.11 n=4 d=0 sk=0 hf=96180 hm=92264 ht=283156 pf=0 pm=0 pt=0 ru=235368 rp=239284
18:44:47.556 @T t=243489 s=0.000 lv=-37.9 pk=-33.8 c0=10.7 c1=10.3 kw=10.09 inf=2.75 iv=1.12 n=3 d=0 sk=0 hf=96180 hm=92264 ht=283156 pf=0 pm=0 pt=0 ru=235368 rp=239284
18:44:47.556 @T t=243595 s=0.000 lv=-29.5 pk=-24.3 c0=4.0 c1=8.6 kw=8.43 inf=2.74 iv=1.12 n=3 d=0 sk=0 hf=96180 hm=92264 ht=283156 pf=0 pm=0 pt=0 ru=235368 rp=239284
18:44:47.556 @T t=243681 s=0.000 lv=-23.5 pk=-22.0 c0=4.2 c1=9.3 kw=9.32 inf=2.44 iv=1.16 n=3 d=0 sk=0 hf=96180 hm=92264 ht=283156 pf=0 pm=0 pt=0 ru=235368 rp=239284
18:44:47.556 @T t=243790 s=0.000 lv=-40.6 pk=-39.0 c0=3.6 c1=11.1 kw=10.64 inf=2.72 iv=1.23 n=4 d=0 sk=0 hf=96180 hm=92264 ht=283156 pf=0 pm=0 pt=0 ru=235368 rp=239284
18:44:50.050 @T t=243896 s=0.000 lv=-38.2 pk=-36.9 c0=3.7 c1=8.6 kw=8.42 inf=2.74 iv=1.15 n=3 d=0 sk=0 hf=96180 hm=92264 ht=283156 pf=0 pm=0 pt=0 ru=235368 rp=239284
18:44:50.050 @T t=243983 s=0.000 lv=-33.2 pk=-31.2 c0=4.2 c1=11.5 kw=11.45 inf=2.31 iv=1.12 n=4 d=0 sk=0 hf=96180 hm=92264 ht=283156 pf=0 pm=0 pt=0 ru=235368 rp=239284
18:44:50.050 @T t=244089 s=0.000 lv=-28.2 pk=-25.0 c0=3.5 c1=8.7 kw=8.37 inf=2.73 iv=1.14 n=3 d=0 sk=0 hf=96180 hm=92264 ht=283156 pf=0 pm=0 pt=0 ru=235368 rp=239284
18:44:50.050 @T t=244195 s=0.000 lv=-35.7 pk=-34.7 c0=3.4 c1=8.5 kw=8.30 inf=2.70 iv=1.13 n=3 d=0 sk=0 hf=96180 hm=92264 ht=283156 pf=0 pm=0 pt=0 ru=235368 rp=239284
18:44:50.051 @I ww=marvin cut=0.50 win=5 cool=1000 tick=100 wifi=1 srv=1 li=0 ln=0
18:44:50.051 @T t=244287 s=0.000 lv=-35.3 pk=-33.9 c0=5.0 c1=11.2 kw=10.98 inf=2.35 iv=1.15 n=4 d=0 sk=0 hf=96180 hm=92264 ht=283156 pf=0 pm=0 pt=0 ru=235368 rp=239284
18:44:50.051 @T t=244393 s=0.000 lv=-34.7 pk=-32.4 c0=3.5 c1=8.6 kw=8.40 inf=2.74 iv=1.15 n=3 d=0 sk=0 hf=96180 hm=92264 ht=283156 pf=0 pm=0 pt=0 ru=235368 rp=239284
18:44:50.051 @T t=244499 s=0.000 lv=-37.8 pk=-34.1 c0=3.5 c1=8.5 kw=8.37 inf=2.73 iv=1.14 n=3 d=0 sk=0 hf=96180 hm=92264 ht=283156 pf=0 pm=0 pt=0 ru=235368 rp=239284
18:44:50.051 @T t=244585 s=0.000 lv=-40.5 pk=-39.2 c0=10.9 c1=12.8 kw=12.50 inf=2.51 iv=1.29 n=4 d=0 sk=0 hf=94416 hm=92264 ht=283156 pf=0 pm=0 pt=0 ru=237132 rp=239284
18:44:50.051 @T t=244694 s=0.000 lv=-39.9 pk=-39.3 c0=5.2 c1=9.2 kw=8.70 inf=2.92 iv=1.28 n=3 d=0 sk=0 hf=96180 hm=92264 ht=283156 pf=0 pm=0 pt=0 ru=235368 rp=239284
18:44:50.051 @T t=244800 s=0.000 lv=-31.0 pk=-28.9 c0=3.4 c1=8.5 kw=8.38 inf=2.73 iv=1.14 n=3 d=0 sk=0 hf=96180 hm=92264 ht=283156 pf=0 pm=0 pt=0 ru=235368 rp=239284
18:44:50.051 @T t=244889 s=0.000 lv=-40.3 pk=-39.0 c0=5.5 c1=12.3 kw=12.00 inf=2.48 iv=1.23 n=4 d=0 sk=0 hf=96180 hm=92264 ht=283156 pf=0 pm=0 pt=0 ru=235368 rp=239284
18:44:50.051 @T t=244995 s=0.000 lv=-32.2 pk=-27.4 c0=3.5 c1=8.5 kw=8.32 inf=2.71 iv=1.13 n=3 d=0 sk=0 hf=96180 hm=92264 ht=283156 pf=0 pm=0 pt=0 ru=235368 rp=239284
18:44:50.051 @T t=245081 s=0.000 lv=-26.6 pk=-25.5 c0=4.3 c1=9.2 kw=9.26 inf=2.42 iv=1.14 n=3 d=0 sk=0 hf=96180 hm=92264 ht=283156 pf=0 pm=0 pt=0 ru=235368 rp=239284
18:44:50.051 @T t=245187 s=0.000 lv=-36.2 pk=-32.2 c0=3.4 c1=10.7 kw=10.29 inf=2.55 iv=1.09 n=4 d=0 sk=0 hf=96180 hm=92264 ht=283156 pf=0 pm=0 pt=0 ru=235368 rp=239284
18:44:50.051 @I ww=marvin cut=0.50 win=5 cool=1000 tick=100 wifi=1 srv=1 li=0 ln=0
18:44:50.051 @T t=245299 s=0.000 lv=-35.9 pk=-32.4 c0=4.0 c1=8.0 kw=7.86 inf=2.70 iv=1.13 n=3 d=0 sk=0 hf=96180 hm=92264 ht=283156 pf=0 pm=0 pt=0 ru=235368 rp=239284
18:44:50.051 @T t=245385 s=0.000 lv=-35.5 pk=-32.2 c0=4.4 c1=10.8 kw=10.53 inf=2.78 iv=1.18 n=3 d=0 sk=0 hf=96180 hm=92264 ht=283156 pf=0 pm=0 pt=0 ru=235368 rp=239284
18:44:50.051 @T t=245491 s=0.000 lv=-38.1 pk=-35.2 c0=3.5 c1=9.4 kw=9.23 inf=2.27 iv=1.10 n=4 d=0 sk=0 hf=96180 hm=92264 ht=283156 pf=0 pm=0 pt=0 ru=235368 rp=239284
18:44:50.051 @T t=245597 s=0.000 lv=-30.6 pk=-28.3 c0=3.5 c1=8.6 kw=8.41 inf=2.74 iv=1.14 n=3 d=0 sk=0 hf=96180 hm=92264 ht=283156 pf=0 pm=0 pt=0 ru=235368 rp=239284
18:44:50.051 @T t=245683 s=0.000 lv=-34.3 pk=-31.2 c0=4.9 c1=10.8 kw=10.54 inf=2.78 iv=1.18 n=3 d=0 sk=0 hf=96180 hm=92264 ht=283156 pf=0 pm=0 pt=0 ru=235368 rp=239284
18:44:50.051 @T t=245789 s=0.000 lv=-34.5 pk=-33.1 c0=3.4 c1=9.4 kw=9.23 inf=2.27 iv=1.09 n=4 d=0 sk=0 hf=96180 hm=92264 ht=283156 pf=0 pm=0 pt=0 ru=235368 rp=239284
18:44:50.051 @T t=245895 s=0.000 lv=-28.9 pk=-27.3 c0=3.6 c1=8.7 kw=8.48 inf=2.77 iv=1.16 n=3 d=0 sk=0 hf=96180 hm=92264 ht=283156 pf=0 pm=0 pt=0 ru=235368 rp=239284
18:44:50.051 @T t=245981 s=0.000 lv=-35.8 pk=-32.5 c0=4.7 c1=9.1 kw=9.18 inf=2.39 iv=1.12 n=3 d=0 sk=0 hf=96180 hm=92264 ht=283156 pf=0 pm=0 pt=0 ru=235368 rp=239284
18:44:50.051 @T t=246087 s=0.000 lv=-35.8 pk=-30.1 c0=3.5 c1=11.0 kw=10.48 inf=2.60 iv=1.11 n=4 d=0 sk=0 hf=96180 hm=92264 ht=283156 pf=0 pm=0 pt=0 ru=235368 rp=239284
18:44:50.051 @T t=246193 s=0.000 lv=-26.5 pk=-24.3 c0=3.4 c1=8.5 kw=8.31 inf=2.70 iv=1.12 n=3 d=0 sk=0 hf=96180 hm=92264 ht=283156 pf=0 pm=0 pt=0 ru=235368 rp=239284
18:44:50.051 @I ww=marvin cut=0.50 win=5 cool=1000 tick=100 wifi=1 srv=1 li=0 ln=0
18:44:50.051 @T t=246285 s=0.000 lv=-31.4 pk=-29.4 c0=4.8 c1=9.8 kw=9.62 inf=2.72 iv=1.13 n=3 d=0 sk=0 hf=96180 hm=92264 ht=283156 pf=0 pm=0 pt=0 ru=235368 rp=239284
18:44:50.051 @T t=246391 s=0.000 lv=-38.1 pk=-37.4 c0=3.6 c1=9.4 kw=9.28 inf=2.29 iv=1.10 n=4 d=0 sk=0 hf=96148 hm=92264 ht=283156 pf=0 pm=0 pt=0 ru=235400 rp=239284
18:44:52.645 @T t=246497 s=0.000 lv=-35.4 pk=-34.0 c0=3.5 c1=8.4 kw=8.27 inf=2.69 iv=1.12 n=3 d=0 sk=0 hf=96148 hm=92264 ht=283156 pf=0 pm=0 pt=0 ru=235400 rp=239284
18:44:52.645 @T t=246583 s=0.000 lv=-35.7 pk=-34.2 c0=8.2 c1=10.6 kw=10.40 inf=2.75 iv=1.15 n=3 d=0 sk=0 hf=96148 hm=92264 ht=283156 pf=0 pm=0 pt=0 ru=235400 rp=239284
18:44:52.645 @T t=246689 s=0.000 lv=-37.1 pk=-34.8 c0=7.3 c1=10.9 kw=10.26 inf=2.53 iv=1.29 n=4 d=0 sk=0 hf=96148 hm=92264 ht=283156 pf=0 pm=0 pt=0 ru=235400 rp=239284
18:44:52.645 @T t=246796 s=0.000 lv=-37.6 pk=-33.5 c0=3.6 c1=8.3 kw=8.18 inf=2.69 iv=1.12 n=3 d=0 sk=0 hf=96148 hm=92264 ht=283156 pf=0 pm=0 pt=0 ru=235400 rp=239284
18:44:52.645 @T t=246882 s=0.000 lv=-40.3 pk=-38.0 c0=5.0 c1=10.8 kw=10.82 inf=2.86 iv=1.24 n=3 d=0 sk=0 hf=96148 hm=92264 ht=283156 pf=0 pm=0 pt=0 ru=235400 rp=239284
18:44:52.645 @T t=246988 s=0.000 lv=-40.6 pk=-39.4 c0=3.4 c1=9.5 kw=9.18 inf=2.26 iv=1.08 n=4 d=0 sk=0 hf=96148 hm=92264 ht=283156 pf=0 pm=0 pt=0 ru=235400 rp=239284
18:44:52.645 @T t=247094 s=0.000 lv=-40.6 pk=-39.6 c0=3.5 c1=8.5 kw=8.30 inf=2.70 iv=1.12 n=3 d=0 sk=0 hf=96148 hm=92264 ht=283156 pf=0 pm=0 pt=0 ru=235400 rp=239284
18:44:52.645 @T t=247200 s=0.000 lv=-40.0 pk=-38.7 c0=3.8 c1=8.8 kw=8.60 inf=2.80 iv=1.20 n=3 d=0 sk=0 hf=96148 hm=92264 ht=283156 pf=0 pm=0 pt=0 ru=235400 rp=239284
18:44:52.645 @I ww=marvin cut=0.50 win=5 cool=1000 tick=100 wifi=1 srv=1 li=0 ln=0
18:44:52.645 @T t=247294 s=0.000 lv=-32.1 pk=-29.6 c0=4.8 c1=11.1 kw=10.91 inf=2.38 iv=1.15 n=4 d=0 sk=0 hf=96148 hm=92264 ht=283156 pf=0 pm=0 pt=0 ru=235400 rp=239284
18:44:52.645 @T t=247400 s=0.000 lv=-36.9 pk=-33.4 c0=3.6 c1=8.5 kw=8.33 inf=2.71 iv=1.13 n=3 d=0 sk=0 hf=96148 hm=92264 ht=283156 pf=0 pm=0 pt=0 ru=235400 rp=239284
18:44:52.645 @T t=247486 s=0.000 lv=-31.5 pk=-27.0 c0=4.3 c1=10.8 kw=10.56 inf=2.78 iv=1.16 n=3 d=0 sk=0 hf=96148 hm=92264 ht=283156 pf=0 pm=0 pt=0 ru=235400 rp=239284
18:44:52.645 @T t=247592 s=0.000 lv=-27.8 pk=-25.3 c0=3.5 c1=9.5 kw=9.30 inf=2.29 iv=1.10 n=4 d=0 sk=0 hf=96148 hm=92264 ht=283156 pf=0 pm=0 pt=0 ru=235400 rp=239284
18:44:52.645 @T t=247698 s=0.000 lv=-31.2 pk=-26.7 c0=3.9 c1=8.6 kw=8.46 inf=2.75 iv=1.16 n=3 d=0 sk=0 hf=96148 hm=92264 ht=283156 pf=0 pm=0 pt=0 ru=235400 rp=239284
18:44:52.645 @T t=247784 s=0.000 lv=-33.2 pk=-31.4 c0=4.3 c1=10.6 kw=10.42 inf=2.75 iv=1.16 n=3 d=0 sk=0 hf=96148 hm=92264 ht=283156 pf=0 pm=0 pt=0 ru=235400 rp=239284
18:44:52.645 @T t=247890 s=0.000 lv=-33.3 pk=-32.4 c0=3.6 c1=9.6 kw=9.40 inf=2.32 iv=1.12 n=4 d=0 sk=0 hf=96148 hm=92264 ht=283156 pf=0 pm=0 pt=0 ru=235400 rp=239284
18:44:52.645 @T t=247996 s=0.000 lv=-38.6 pk=-35.0 c0=3.4 c1=8.4 kw=8.25 inf=2.68 iv=1.11 n=3 d=0 sk=0 hf=96148 hm=92264 ht=283156 pf=0 pm=0 pt=0 ru=235400 rp=239284
18:44:52.645 @T t=248082 s=0.000 lv=-33.8 pk=-31.7 c0=4.3 c1=10.4 kw=10.38 inf=2.74 iv=1.14 n=3 d=0 sk=0 hf=96148 hm=92264 ht=283156 pf=0 pm=0 pt=0 ru=235400 rp=239284
18:44:52.645 @T t=248188 s=0.000 lv=-22.2 pk=-18.2 c0=3.4 c1=9.6 kw=9.25 inf=2.28 iv=1.09 n=4 d=0 sk=0 hf=96148 hm=92264 ht=283156 pf=0 pm=0 pt=0 ru=235400 rp=239284
18:44:52.645 @I ww=marvin cut=0.50 win=5 cool=1000 tick=100 wifi=1 srv=1 li=0 ln=0
18:44:52.645 @T t=248300 s=0.000 lv=-20.5 pk=-17.1 c0=4.3 c1=8.4 kw=8.19 inf=2.82 iv=1.22 n=3 d=0 sk=0 hf=96148 hm=92264 ht=283156 pf=0 pm=0 pt=0 ru=235400 rp=239284
18:44:52.645 @T t=248389 s=0.000 lv=-40.6 pk=-39.3 c0=4.2 c1=10.5 kw=10.29 inf=2.81 iv=1.18 n=3 d=0 sk=0 hf=96148 hm=92264 ht=283156 pf=0 pm=0 pt=0 ru=235400 rp=239284
18:44:52.645 @T t=248495 s=0.000 lv=-33.7 pk=-31.3 c0=3.5 c1=9.5 kw=9.28 inf=2.29 iv=1.10 n=4 d=0 sk=0 hf=96148 hm=92264 ht=283156 pf=0 pm=0 pt=0 ru=235400 rp=239284
18:44:52.645 @T t=248581 s=0.000 lv=-40.1 pk=-37.5 c0=4.3 c1=8.0 kw=8.06 inf=3.12 iv=1.21 n=2 d=0 sk=0 hf=96148 hm=92264 ht=283156 pf=0 pm=0 pt=0 ru=235400 rp=239284
18:44:52.645 @T t=248690 s=0.000 lv=-32.4 pk=-29.1 c0=5.2 c1=10.9 kw=10.51 inf=2.68 iv=1.23 n=4 d=0 sk=0 hf=94384 hm=92264 ht=283156 pf=0 pm=0 pt=0 ru=237164 rp=239284
18:44:52.645 @T t=248796 s=0.000 lv=-40.4 pk=-37.5 c0=5.9 c1=10.8 kw=10.64 inf=2.64 iv=1.42 n=4 d=0 sk=0 hf=96148 hm=92264 ht=283156 pf=0 pm=0 pt=0 ru=235400 rp=239284
18:44:52.645 @T t=248882 s=0.000 lv=-35.1 pk=-31.9 c0=5.2 c1=9.6 kw=8.49 inf=3.30 iv=1.36 n=2 d=0 sk=0 hf=96148 hm=92264 ht=283156 pf=0 pm=0 pt=0 ru=235400 rp=239284
18:44:54.978 @T t=248988 s=0.000 lv=-40.9 pk=-39.6 c0=3.5 c1=10.0 kw=10.53 inf=2.62 iv=1.11 n=4 d=0 sk=0 hf=96148 hm=92264 ht=283156 pf=0 pm=0 pt=0 ru=235400 rp=239284
18:44:54.978 @T t=249094 s=0.000 lv=-41.4 pk=-40.6 c0=3.5 c1=9.5 kw=9.29 inf=2.29 iv=1.11 n=4 d=0 sk=0 hf=96148 hm=92264 ht=283156 pf=0 pm=0 pt=0 ru=235400 rp=239284
18:44:54.978 @T t=249200 s=0.000 lv=-41.1 pk=-40.1 c0=3.4 c1=8.5 kw=8.30 inf=2.70 iv=1.13 n=3 d=0 sk=0 hf=96148 hm=92264 ht=283156 pf=0 pm=0 pt=0 ru=235400 rp=239284
18:44:54.978 @I ww=marvin cut=0.50 win=5 cool=1000 tick=100 wifi=1 srv=1 li=0 ln=0
18:44:54.978 @T t=249291 s=0.000 lv=-42.0 pk=-40.0 c0=5.0 c1=10.3 kw=10.08 inf=2.81 iv=1.20 n=3 d=0 sk=0 hf=96148 hm=92264 ht=283156 pf=0 pm=0 pt=0 ru=235400 rp=239284
18:44:54.978 @T t=249397 s=0.000 lv=-41.4 pk=-40.8 c0=4.0 c1=9.9 kw=9.68 inf=2.39 iv=1.17 n=4 d=0 sk=0 hf=96148 hm=92264 ht=283156 pf=0 pm=0 pt=0 ru=235400 rp=239284
18:44:54.978 @T t=249483 s=0.000 lv=-39.8 pk=-38.4 c0=4.2 c1=10.3 kw=10.31 inf=2.73 iv=1.14 n=3 d=0 sk=0 hf=96148 hm=92264 ht=283156 pf=0 pm=0 pt=0 ru=235400 rp=239284
18:44:54.978 @T t=249589 s=0.000 lv=-40.4 pk=-39.9 c0=3.5 c1=8.7 kw=8.31 inf=2.71 iv=1.12 n=3 d=0 sk=0 hf=96148 hm=92264 ht=283156 pf=0 pm=0 pt=0 ru=235400 rp=239284
18:44:54.978 @T t=249695 s=0.000 lv=-41.8 pk=-41.3 c0=6.6 c1=9.4 kw=9.26 inf=2.28 iv=1.09 n=4 d=0 sk=0 hf=96148 hm=92264 ht=283156 pf=0 pm=0 pt=0 ru=235400 rp=239284
18:44:54.978 @T t=249781 s=0.000 lv=-40.7 pk=-39.2 c0=4.8 c1=8.2 kw=8.21 inf=3.18 iv=1.24 n=2 d=0 sk=0 hf=96148 hm=92264 ht=283156 pf=0 pm=0 pt=0 ru=235400 rp=239284
18:44:54.978 @T t=249890 s=0.000 lv=-34.0 pk=-29.7 c0=9.1 c1=10.9 kw=10.48 inf=2.68 iv=1.25 n=4 d=0 sk=0 hf=96148 hm=92264 ht=283156 pf=0 pm=0 pt=0 ru=235400 rp=239284
18:44:54.978 @T t=249996 s=0.000 lv=-29.5 pk=-25.7 c0=3.4 c1=9.5 kw=9.29 inf=2.29 iv=1.10 n=4 d=0 sk=0 hf=96148 hm=92264 ht=283156 pf=0 pm=0 pt=0 ru=235400 rp=239284
18:44:54.978 @T t=250082 s=0.000 lv=-21.9 pk=-20.2 c0=4.3 c1=9.1 kw=7.99 inf=3.09 iv=1.16 n=2 d=0 sk=0 hf=96148 hm=92264 ht=283156 pf=0 pm=0 pt=0 ru=235400 rp=239284
18:44:54.978 @T t=250188 s=0.000 lv=-35.7 pk=-31.1 c0=6.6 c1=9.9 kw=10.48 inf=2.60 iv=1.10 n=4 d=0 sk=0 hf=96148 hm=92264 ht=283156 pf=0 pm=0 pt=0 ru=235400 rp=239284
18:44:54.978 @I ww=marvin cut=0.50 win=5 cool=1000 tick=100 wifi=1 srv=1 li=0 ln=0
18:44:54.978 @T t=250300 s=0.000 lv=-30.5 pk=-29.0 c0=3.9 c1=8.9 kw=8.73 inf=2.27 iv=1.09 n=4 d=0 sk=0 hf=96148 hm=92264 ht=283156 pf=0 pm=0 pt=0 ru=235400 rp=239284
18:44:54.978 @T t=250386 s=0.000 lv=-28.8 pk=-28.2 c0=7.6 c1=10.7 kw=10.48 inf=2.76 iv=1.15 n=3 d=0 sk=0 hf=96148 hm=92264 ht=283156 pf=0 pm=0 pt=0 ru=235400 rp=239284
18:44:54.978 @T t=250492 s=0.000 lv=-37.2 pk=-35.5 c0=3.9 c1=8.4 kw=8.20 inf=2.67 iv=1.10 n=3 d=0 sk=0 hf=96148 hm=92264 ht=283156 pf=0 pm=0 pt=0 ru=235400 rp=239284
18:44:54.978 @T t=250598 s=0.000 lv=-29.9 pk=-28.0 c0=6.7 c1=9.5 kw=9.39 inf=2.31 iv=1.12 n=4 d=0 sk=0 hf=96148 hm=92264 ht=283156 pf=0 pm=0 pt=0 ru=235400 rp=239284
18:44:54.978 @T t=250684 s=0.000 lv=-39.4 pk=-37.3 c0=8.1 c1=10.4 kw=10.17 inf=2.68 iv=1.11 n=3 d=0 sk=0 hf=96148 hm=92264 ht=283156 pf=0 pm=0 pt=0 ru=235400 rp=239284
18:44:54.978 @T t=250790 s=0.000 lv=-36.4 pk=-35.0 c0=7.4 c1=9.6 kw=9.00 inf=2.93 iv=1.28 n=3 d=0 sk=0 hf=96148 hm=92264 ht=283156 pf=0 pm=0 pt=0 ru=235400 rp=239284
18:44:54.978 @T t=250896 s=0.000 lv=-37.1 pk=-34.8 c0=4.6 c1=10.0 kw=9.84 inf=2.43 iv=1.22 n=4 d=0 sk=0 hf=96148 hm=92264 ht=283156 pf=0 pm=0 pt=0 ru=235400 rp=239284
18:44:54.978 @T t=250982 s=0.000 lv=-38.1 pk=-34.5 c0=4.1 c1=9.1 kw=8.04 inf=3.11 iv=1.20 n=2 d=0 sk=0 hf=96148 hm=92264 ht=283156 pf=0 pm=0 pt=0 ru=235400 rp=239284
18:44:54.978 @T t=251088 s=0.000 lv=-29.3 pk=-24.7 c0=3.4 c1=9.7 kw=10.20 inf=2.53 iv=1.07 n=4 d=0 sk=0 hf=96148 hm=92264 ht=283156 pf=0 pm=0 pt=0 ru=235400 rp=239284
18:44:54.978 @T t=251194 s=0.000 lv=-25.5 pk=-23.2 c0=3.4 c1=9.4 kw=9.21 inf=2.27 iv=1.08 n=4 d=0 sk=0 hf=96148 hm=92264 ht=283156 pf=0 pm=0 pt=0 ru=235400 rp=239284
18:44:54.979 @I ww=marvin cut=0.50 win=5 cool=1000 tick=100 wifi=1 srv=1 li=0 ln=0
18:44:54.979 @T t=251285 s=0.000 lv=-35.0 pk=-32.5 c0=12.7 c1=9.7 kw=9.55 inf=2.67 iv=1.10 n=3 d=0 sk=0 hf=96148 hm=92264 ht=283156 pf=0 pm=0 pt=0 ru=235400 rp=239284
18:44:57.346 [status] up 251s | mic -31.6 dBFS (peak -17.1) | score max 0.00 | detections 0 | inferences 333 (33.3/s; model 1.15 ms each, paused in quiet 0%; features 1.44 ms per 30 ms) | CPU core0  4.8% core1  9.6% (wake word pipeline 9.34% of one core) | RAM used 229 KB (peak 233 KB, 93 KB free) | wifi OK, server OK | audio lost since boot: i2s 0 net 0
18:44:57.346 [tasks] % of one core (free stack): main@0=4.26(1936) IDLE1@1=90.44(720) IDLE0@0=95.25(728) tiT@*=0.10(1956) websocket_task@*=0.16(1464) audio_kws@1=9.54(1248) esp_timer@0=0.01(3136) ipc0@0=0.00(528) sys_evt@0=0.00(428) Tmr Svc@*=0.00(1368) wifi@0=0.26(3144) ipc1@1=0.00(536) streamer@0=0.00(2956)
18:44:57.346 @T t=251381 s=0.000 lv=-36.5 pk=-33.9 c0=55.9 c1=9.0 kw=8.99 inf=2.63 iv=1.30 n=3 d=0 sk=0 hf=96148 hm=92264 ht=283156 pf=0 pm=0 pt=0 ru=235400 rp=239284
18:44:57.346 @T t=251487 s=0.000 lv=-33.4 pk=-30.5 c0=3.5 c1=10.7 kw=10.25 inf=2.54 iv=1.08 n=4 d=0 sk=0 hf=96148 hm=92264 ht=283156 pf=0 pm=0 pt=0 ru=235400 rp=239284
18:44:57.346 @T t=251593 s=0.000 lv=-27.0 pk=-23.3 c0=3.5 c1=8.5 kw=8.31 inf=2.71 iv=1.12 n=3 d=0 sk=0 hf=96148 hm=92264 ht=283156 pf=0 pm=0 pt=0 ru=235400 rp=239284
18:44:57.346 @T t=251699 s=0.000 lv=-27.6 pk=-22.4 c0=3.7 c1=8.8 kw=8.57 inf=2.79 iv=1.20 n=3 d=0 sk=0 hf=96148 hm=92264 ht=283156 pf=0 pm=0 pt=0 ru=235400 rp=239284
18:44:57.346 @T t=251785 s=0.000 lv=-34.3 pk=-33.3 c0=5.0 c1=12.1 kw=11.88 inf=2.37 iv=1.17 n=4 d=0 sk=0 hf=96148 hm=92264 ht=283156 pf=0 pm=0 pt=0 ru=235400 rp=239284
18:44:57.346 @T t=251891 s=0.000 lv=-36.2 pk=-33.4 c0=3.6 c1=8.6 kw=8.42 inf=2.74 iv=1.15 n=3 d=0 sk=0 hf=96148 hm=92264 ht=283156 pf=0 pm=0 pt=0 ru=235400 rp=239284
18:44:57.346 @T t=251997 s=0.000 lv=-33.8 pk=-31.9 c0=3.4 c1=8.5 kw=8.31 inf=2.70 iv=1.13 n=3 d=0 sk=0 hf=96148 hm=92264 ht=283156 pf=0 pm=0 pt=0 ru=235400 rp=239284
18:44:57.346 @T t=252083 s=0.000 lv=-38.5 pk=-35.0 c0=4.3 c1=11.7 kw=11.70 inf=2.34 iv=1.13 n=4 d=0 sk=0 hf=96148 hm=92264 ht=283156 pf=0 pm=0 pt=0 ru=235400 rp=239284
18:44:57.346 @T t=252189 s=0.000 lv=-29.7 pk=-25.4 c0=3.4 c1=8.6 kw=8.26 inf=2.69 iv=1.11 n=3 d=0 sk=0 hf=96148 hm=92264 ht=283156 pf=0 pm=0 pt=0 ru=235400 rp=239284
18:44:57.346 @I ww=marvin cut=0.50 win=5 cool=1000 tick=100 wifi=1 srv=1 li=0 ln=0
18:44:57.346 @T t=252281 s=0.000 lv=-35.2 pk=-31.2 c0=4.8 c1=8.5 kw=8.56 inf=2.39 iv=1.13 n=3 d=0 sk=0 hf=96148 hm=92264 ht=283156 pf=0 pm=0 pt=0 ru=235400 rp=239284
18:44:57.346 @T t=252387 s=0.000 lv=-36.5 pk=-34.0 c0=3.9 c1=10.8 kw=10.43 inf=2.59 iv=1.11 n=4 d=0 sk=0 hf=96148 hm=92264 ht=283156 pf=0 pm=0 pt=0 ru=235400 rp=239284
18:44:57.346 @T t=252494 s=0.000 lv=-36.8 pk=-34.2 c0=3.5 c1=8.4 kw=8.25 inf=2.71 iv=1.13 n=3 d=0 sk=0 hf=96148 hm=92264 ht=283156 pf=0 pm=0 pt=0 ru=235400 rp=239284
18:44:57.346 @T t=252600 s=0.000 lv=-36.6 pk=-34.0 c0=3.5 c1=8.5 kw=8.37 inf=2.73 iv=1.14 n=3 d=0 sk=0 hf=96148 hm=92264 ht=283156 pf=0 pm=0 pt=0 ru=235400 rp=239284
18:44:57.346 @T t=252689 s=0.000 lv=-38.4 pk=-34.7 c0=3.9 c1=11.5 kw=11.32 inf=2.34 iv=1.12 n=4 d=0 sk=0 hf=96148 hm=92264 ht=283156 pf=0 pm=0 pt=0 ru=235400 rp=239284
18:44:57.347 @T t=252795 s=0.000 lv=-35.7 pk=-34.0 c0=5.9 c1=9.5 kw=9.26 inf=3.03 iv=1.37 n=3 d=0 sk=0 hf=94384 hm=92264 ht=283156 pf=0 pm=0 pt=0 ru=237164 rp=239284
18:44:57.347 @T t=252881 s=0.000 lv=-35.1 pk=-33.6 c0=7.6 c1=10.5 kw=10.05 inf=2.64 iv=1.30 n=3 d=0 sk=0 hf=96148 hm=92264 ht=283156 pf=0 pm=0 pt=0 ru=235400 rp=239284
18:44:57.347 @T t=252987 s=0.000 lv=-37.1 pk=-33.3 c0=3.5 c1=10.8 kw=10.36 inf=2.57 iv=1.09 n=4 d=0 sk=0 hf=96148 hm=92264 ht=283156 pf=0 pm=0 pt=0 ru=235400 rp=239284
18:44:57.347 @T t=253093 s=0.000 lv=-34.5 pk=-31.3 c0=3.5 c1=8.6 kw=8.39 inf=2.73 iv=1.15 n=3 d=0 sk=0 hf=96148 hm=92264 ht=283156 pf=0 pm=0 pt=0 ru=235400 rp=239284
18:44:57.347 @T t=253199 s=0.000 lv=-40.7 pk=-39.9 c0=3.4 c1=8.5 kw=8.34 inf=2.71 iv=1.13 n=3 d=0 sk=0 hf=96148 hm=92264 ht=283156 pf=0 pm=0 pt=0 ru=235400 rp=239284
18:44:57.347 @I ww=marvin cut=0.50 win=5 cool=1000 tick=100 wifi=1 srv=1 li=0 ln=0
18:44:57.347 @T t=253291 s=0.000 lv=-39.9 pk=-39.1 c0=5.0 c1=11.2 kw=11.02 inf=2.36 iv=1.15 n=4 d=0 sk=0 hf=96148 hm=92264 ht=283156 pf=0 pm=0 pt=0 ru=235400 rp=239284
18:44:57.347 @T t=253397 s=0.000 lv=-40.6 pk=-39.6 c0=3.6 c1=8.6 kw=8.40 inf=2.74 iv=1.15 n=3 d=0 sk=0 hf=96148 hm=92264 ht=283156 pf=0 pm=0 pt=0 ru=235400 rp=239284
18:44:57.347 @T t=253483 s=0.000 lv=-40.1 pk=-38.6 c0=4.3 c1=10.7 kw=10.49 inf=2.77 iv=1.18 n=3 d=0 sk=0 hf=96148 hm=92264 ht=283156 pf=0 pm=0 pt=0 ru=235400 rp=239284
18:44:57.347 @T t=253589 s=0.000 lv=-36.4 pk=-33.8 c0=3.5 c1=9.5 kw=9.30 inf=2.29 iv=1.10 n=4 d=0 sk=0 hf=96148 hm=92264 ht=283156 pf=0 pm=0 pt=0 ru=235400 rp=239284
18:44:59.838 @T t=253695 s=0.000 lv=-35.8 pk=-33.4 c0=3.4 c1=8.5 kw=8.34 inf=2.72 iv=1.13 n=3 d=0 sk=0 hf=96148 hm=92264 ht=283156 pf=0 pm=0 pt=0 ru=235400 rp=239284
18:44:59.838 @T t=253781 s=0.000 lv=-32.2 pk=-29.3 c0=4.2 c1=9.2 kw=9.31 inf=2.44 iv=1.14 n=3 d=0 sk=0 hf=96148 hm=92264 ht=283156 pf=0 pm=0 pt=0 ru=235400 rp=239284
18:44:59.838 @T t=253887 s=0.000 lv=-34.1 pk=-29.0 c0=4.5 c1=11.6 kw=11.15 inf=2.77 iv=1.24 n=4 d=0 sk=0 hf=96148 hm=92264 ht=283156 pf=0 pm=0 pt=0 ru=235400 rp=239284
18:44:59.838 @T t=253993 s=0.000 lv=-32.1 pk=-26.4 c0=6.1 c1=8.5 kw=8.36 inf=2.72 iv=1.14 n=3 d=0 sk=0 hf=96148 hm=92264 ht=283156 pf=0 pm=0 pt=0 ru=235400 rp=239284
18:44:59.838 @T t=254099 s=0.000 lv=-28.0 pk=-24.3 c0=3.5 c1=8.4 kw=8.28 inf=2.69 iv=1.11 n=3 d=0 sk=0 hf=96148 hm=92264 ht=283156 pf=0 pm=0 pt=0 ru=235400 rp=239284
18:44:59.838 @T t=254185 s=0.000 lv=-39.6 pk=-37.7 c0=4.2 c1=11.8 kw=11.58 inf=2.31 iv=1.12 n=4 d=0 sk=0 hf=96148 hm=92264 ht=283156 pf=0 pm=0 pt=0 ru=235400 rp=239284
18:44:59.838 @I ww=marvin cut=0.50 win=5 cool=1000 tick=100 wifi=1 srv=1 li=0 ln=0
18:44:59.838 @T t=254297 s=0.000 lv=-25.3 pk=-21.2 c0=4.0 c1=8.1 kw=7.89 inf=2.72 iv=1.12 n=3 d=0 sk=0 hf=96148 hm=92264 ht=283156 pf=0 pm=0 pt=0 ru=235400 rp=239284
18:44:59.838 @T t=254383 s=0.000 lv=-35.4 pk=-32.5 c0=8.4 c1=10.7 kw=10.44 inf=2.76 iv=1.16 n=3 d=0 sk=0 hf=96148 hm=92264 ht=283156 pf=0 pm=0 pt=0 ru=235400 rp=239284
18:44:59.838 @T t=254489 s=0.000 lv=-35.7 pk=-30.5 c0=3.5 c1=9.4 kw=9.25 inf=2.28 iv=1.10 n=4 d=0 sk=0 hf=96148 hm=92264 ht=283156 pf=0 pm=0 pt=0 ru=235400 rp=239284
18:44:59.838 @T t=254595 s=0.000 lv=-36.5 pk=-33.2 c0=3.5 c1=8.5 kw=8.37 inf=2.73 iv=1.14 n=3 d=0 sk=0 hf=96148 hm=92264 ht=283156 pf=0 pm=0 pt=0 ru=235400 rp=239284
18:44:59.838 @T t=254681 s=0.000 lv=-21.4 pk=-18.9 c0=4.2 c1=9.1 kw=9.20 inf=2.41 iv=1.12 n=3 d=0 sk=0 hf=96148 hm=92264 ht=283156 pf=0 pm=0 pt=0 ru=235400 rp=239284
18:44:59.838 @T t=254787 s=0.000 lv=-31.3 pk=-28.9 c0=3.4 c1=10.7 kw=10.32 inf=2.56 iv=1.09 n=4 d=0 sk=0 hf=96148 hm=92264 ht=283156 pf=0 pm=0 pt=0 ru=235400 rp=239284
18:44:59.838 @T t=254893 s=0.000 lv=-35.3 pk=-32.6 c0=7.4 c1=10.6 kw=9.57 inf=3.13 iv=1.44 n=3 d=0 sk=0 hf=96148 hm=92264 ht=283156 pf=0 pm=0 pt=0 ru=235400 rp=239284
18:44:59.838 @T t=254999 s=0.000 lv=-33.5 pk=-31.7 c0=3.8 c1=8.4 kw=8.29 inf=2.70 iv=1.12 n=3 d=0 sk=0 hf=96148 hm=92264 ht=283156 pf=0 pm=0 pt=0 ru=235400 rp=239284
18:44:59.838 @T t=255085 s=0.000 lv=-37.0 pk=-34.3 c0=4.9 c1=12.4 kw=12.09 inf=2.42 iv=1.20 n=4 d=0 sk=0 hf=96148 hm=92264 ht=283156 pf=0 pm=0 pt=0 ru=235400 rp=239284
18:44:59.838 @T t=255190 s=0.000 lv=-32.2 pk=-27.6 c0=3.4 c1=8.5 kw=8.34 inf=2.69 iv=1.12 n=3 d=0 sk=0 hf=96148 hm=92264 ht=283156 pf=0 pm=0 pt=0 ru=235400 rp=239284
18:44:59.838 @I ww=marvin cut=0.50 win=5 cool=1000 tick=100 wifi=1 srv=1 li=0 ln=0
18:44:59.838 @T t=255282 s=0.000 lv=-33.3 pk=-30.5 c0=4.7 c1=9.5 kw=9.52 inf=2.69 iv=1.11 n=3 d=0 sk=0 hf=96148 hm=92264 ht=283156 pf=0 pm=0 pt=0 ru=235400 rp=239284
18:44:59.838 @T t=255388 s=0.000 lv=-39.2 pk=-37.1 c0=3.4 c1=9.5 kw=9.22 inf=2.27 iv=1.09 n=4 d=0 sk=0 hf=96148 hm=92264 ht=283156 pf=0 pm=0 pt=0 ru=235400 rp=239284
18:44:59.838 @T t=255495 s=0.000 lv=-36.2 pk=-34.0 c0=3.5 c1=8.4 kw=8.21 inf=2.70 iv=1.12 n=3 d=0 sk=0 hf=96148 hm=92264 ht=283156 pf=0 pm=0 pt=0 ru=235400 rp=239284
18:44:59.838 @T t=255582 s=0.000 lv=-35.3 pk=-32.0 c0=9.0 c1=10.2 kw=10.19 inf=2.72 iv=1.14 n=3 d=0 sk=0 hf=96148 hm=92264 ht=283156 pf=0 pm=0 pt=0 ru=235400 rp=239284
18:44:59.838 @T t=255688 s=0.000 lv=-33.4 pk=-30.3 c0=3.8 c1=9.9 kw=9.50 inf=2.34 iv=1.14 n=4 d=0 sk=0 hf=96148 hm=92264 ht=283156 pf=0 pm=0 pt=0 ru=235400 rp=239284
18:44:59.838 @T t=255794 s=0.000 lv=-36.6 pk=-34.9 c0=3.4 c1=8.5 kw=8.33 inf=2.71 iv=1.12 n=3 d=0 sk=0 hf=96148 hm=92264 ht=283156 pf=0 pm=0 pt=0 ru=235400 rp=239284
18:44:59.838 @T t=255900 s=0.000 lv=-38.7 pk=-36.5 c0=4.1 c1=8.7 kw=8.51 inf=2.77 iv=1.15 n=3 d=0 sk=0 hf=96148 hm=92264 ht=283156 pf=0 pm=0 pt=0 ru=235400 rp=239284
18:44:59.838 @T t=255989 s=0.000 lv=-28.3 pk=-25.3 c0=4.0 c1=11.5 kw=11.25 inf=2.33 iv=1.12 n=4 d=0 sk=0 hf=96148 hm=92264 ht=283156 pf=0 pm=0 pt=0 ru=235400 rp=239284
18:44:59.838 @T t=256095 s=0.000 lv=-35.3 pk=-31.5 c0=3.4 c1=8.4 kw=8.26 inf=2.69 iv=1.12 n=3 d=0 sk=0 hf=96148 hm=92264 ht=283156 pf=0 pm=0 pt=0 ru=235400 rp=239284
18:45:02.346 @T t=256181 s=0.000 lv=-39.3 pk=-36.4 c0=4.6 c1=9.5 kw=9.56 inf=2.50 iv=1.21 n=3 d=0 sk=0 hf=96148 hm=92264 ht=283156 pf=0 pm=0 pt=0 ru=235400 rp=239284
18:45:02.346 @I ww=marvin cut=0.50 win=5 cool=1000 tick=100 wifi=1 srv=1 li=0 ln=0
18:45:02.346 @T t=256293 s=0.000 lv=-24.6 pk=-19.4 c0=4.0 c1=10.2 kw=9.80 inf=2.57 iv=1.10 n=4 d=0 sk=0 hf=96148 hm=92264 ht=283156 pf=0 pm=0 pt=0 ru=235400 rp=239284
18:45:02.346 @T t=256399 s=0.000 lv=-18.8 pk=-17.2 c0=3.6 c1=8.5 kw=8.32 inf=2.71 iv=1.12 n=3 d=0 sk=0 hf=96148 hm=92264 ht=283156 pf=0 pm=0 pt=0 ru=235400 rp=239284
18:45:02.346 @T t=256485 s=0.000 lv=-27.2 pk=-22.9 c0=4.3 c1=10.7 kw=10.44 inf=2.76 iv=1.17 n=3 d=0 sk=0 hf=96148 hm=92264 ht=283156 pf=0 pm=0 pt=0 ru=235400 rp=239284
18:45:02.346 @T t=256591 s=0.000 lv=-35.3 pk=-32.9 c0=3.5 c1=9.4 kw=9.28 inf=2.29 iv=1.10 n=4 d=0 sk=0 hf=96148 hm=92264 ht=283156 pf=0 pm=0 pt=0 ru=235400 rp=239284
18:45:02.346 @T t=256697 s=0.000 lv=-38.0 pk=-34.3 c0=3.7 c1=8.9 kw=8.66 inf=2.82 iv=1.21 n=3 d=0 sk=0 hf=96148 hm=92264 ht=283156 pf=0 pm=0 pt=0 ru=235400 rp=239284
18:45:02.346 @T t=256783 s=0.000 lv=-40.9 pk=-40.1 c0=4.3 c1=10.7 kw=10.49 inf=2.77 iv=1.17 n=3 d=0 sk=0 hf=96148 hm=92264 ht=283156 pf=0 pm=0 pt=0 ru=235400 rp=239284
18:45:02.346 @T t=256889 s=0.000 lv=-39.5 pk=-38.7 c0=5.1 c1=10.5 kw=9.90 inf=2.45 iv=1.23 n=4 d=0 sk=0 hf=94384 hm=92264 ht=283156 pf=0 pm=0 pt=0 ru=237164 rp=239284
18:45:02.346 @T t=256995 s=0.000 lv=-40.4 pk=-39.9 c0=5.7 c1=9.9 kw=9.29 inf=3.04 iv=1.40 n=3 d=0 sk=0 hf=96148 hm=92264 ht=283156 pf=0 pm=0 pt=0 ru=235400 rp=239284
18:45:02.346 @T t=257081 s=0.000 lv=-41.4 pk=-39.4 c0=8.3 c1=9.4 kw=9.54 inf=2.49 iv=1.21 n=3 d=0 sk=0 hf=95952 hm=92264 ht=283156 pf=0 pm=0 pt=0 ru=235596 rp=239284
18:45:02.346 @T t=257187 s=0.000 lv=-41.3 pk=-40.1 c0=4.1 c1=11.3 kw=10.81 inf=2.69 iv=1.16 n=4 d=0 sk=0 hf=96148 hm=92264 ht=283156 pf=0 pm=0 pt=0 ru=235400 rp=239284
18:45:02.346 @I ww=marvin cut=0.50 win=5 cool=1000 tick=100 wifi=1 srv=1 li=0 ln=0
18:45:02.346 @T t=257299 s=0.000 lv=-41.1 pk=-39.8 c0=4.0 c1=8.0 kw=7.89 inf=2.71 iv=1.13 n=3 d=0 sk=0 hf=96148 hm=92264 ht=283156 pf=0 pm=0 pt=0 ru=235400 rp=239284
18:45:02.346 @T t=257385 s=0.000 lv=-42.4 pk=-40.9 c0=4.4 c1=10.7 kw=10.45 inf=2.76 iv=1.17 n=3 d=0 sk=0 hf=96148 hm=92264 ht=283156 pf=0 pm=0 pt=0 ru=235400 rp=239284
18:45:02.346 @T t=257491 s=0.000 lv=-40.6 pk=-38.8 c0=3.5 c1=9.4 kw=9.26 inf=2.28 iv=1.10 n=4 d=0 sk=0 hf=96148 hm=92264 ht=283156 pf=0 pm=0 pt=0 ru=235400 rp=239284
18:45:02.346 @T t=257597 s=0.000 lv=-41.3 pk=-41.0 c0=3.5 c1=8.6 kw=8.40 inf=2.74 iv=1.14 n=3 d=0 sk=0 hf=96148 hm=92264 ht=283156 pf=0 pm=0 pt=0 ru=235400 rp=239284
18:45:02.346 @T t=257683 s=0.000 lv=-38.8 pk=-36.4 c0=4.3 c1=10.7 kw=10.50 inf=2.78 iv=1.17 n=3 d=0 sk=0 hf=96148 hm=92264 ht=283156 pf=0 pm=0 pt=0 ru=235400 rp=239284
18:45:02.346 @T t=257789 s=0.000 lv=-37.9 pk=-34.6 c0=3.8 c1=9.8 kw=9.60 inf=2.37 iv=1.16 n=4 d=0 sk=0 hf=96148 hm=92264 ht=283156 pf=0 pm=0 pt=0 ru=235400 rp=239284
18:45:02.346 @T t=257895 s=0.000 lv=-38.8 pk=-37.9 c0=3.6 c1=8.7 kw=8.53 inf=2.78 iv=1.17 n=3 d=0 sk=0 hf=96148 hm=92264 ht=283156 pf=0 pm=0 pt=0 ru=235400 rp=239284
18:45:02.346 @T t=257981 s=0.000 lv=-35.0 pk=-33.3 c0=4.8 c1=9.5 kw=9.55 inf=2.50 iv=1.20 n=3 d=0 sk=0 hf=96148 hm=92264 ht=283156 pf=0 pm=0 pt=0 ru=235400 rp=239284
18:45:02.347 @T t=258087 s=0.000 lv=-35.2 pk=-33.7 c0=3.5 c1=10.9 kw=10.47 inf=2.60 iv=1.10 n=4 d=0 sk=0 hf=96148 hm=92264 ht=283156 pf=0 pm=0 pt=0 ru=235400 rp=239284
18:45:02.347 @T t=258193 s=0.000 lv=-33.1 pk=-31.3 c0=3.4 c1=8.5 kw=8.35 inf=2.72 iv=1.12 n=3 d=0 sk=0 hf=96148 hm=92264 ht=283156 pf=0 pm=0 pt=0 ru=235400 rp=239284
18:45:02.347 @I ww=marvin cut=0.50 win=5 cool=1000 tick=100 wifi=1 srv=1 li=0 ln=0
18:45:02.347 @T t=258285 s=0.000 lv=-37.7 pk=-34.5 c0=4.8 c1=9.9 kw=9.66 inf=2.73 iv=1.14 n=3 d=0 sk=0 hf=96148 hm=92264 ht=283156 pf=0 pm=0 pt=0 ru=235400 rp=239284
18:45:02.347 @T t=258391 s=0.000 lv=-36.3 pk=-34.5 c0=3.5 c1=9.5 kw=9.33 inf=2.30 iv=1.11 n=4 d=0 sk=0 hf=96148 hm=92264 ht=283156 pf=0 pm=0 pt=0 ru=235400 rp=239284
18:45:02.347 @T t=258497 s=0.000 lv=-38.0 pk=-35.2 c0=3.5 c1=8.5 kw=8.33 inf=2.71 iv=1.13 n=3 d=0 sk=0 hf=96148 hm=92264 ht=283156 pf=0 pm=0 pt=0 ru=235400 rp=239284
18:45:02.347 @T t=258583 s=0.000 lv=-34.8 pk=-33.3 c0=8.3 c1=10.7 kw=10.48 inf=2.77 iv=1.15 n=3 d=0 sk=0 hf=96148 hm=92264 ht=283156 pf=0 pm=0 pt=0 ru=235400 rp=239284
18:45:04.855 @T t=258689 s=0.000 lv=-38.8 pk=-35.1 c0=3.4 c1=9.4 kw=9.23 inf=2.27 iv=1.09 n=4 d=0 sk=0 hf=96148 hm=92264 ht=283156 pf=0 pm=0 pt=0 ru=235400 rp=239284
18:45:04.855 @T t=258795 s=0.000 lv=-31.9 pk=-29.8 c0=3.4 c1=8.5 kw=8.32 inf=2.71 iv=1.13 n=3 d=0 sk=0 hf=96148 hm=92264 ht=283156 pf=0 pm=0 pt=0 ru=235400 rp=239284
18:45:04.856 @T t=258881 s=0.000 lv=-36.5 pk=-32.6 c0=4.4 c1=9.1 kw=9.22 inf=2.41 iv=1.13 n=3 d=0 sk=0 hf=96148 hm=92264 ht=283156 pf=0 pm=0 pt=0 ru=235400 rp=239284
18:45:04.856 @T t=258986 s=0.000 lv=-26.4 pk=-21.1 c0=6.3 c1=12.1 kw=11.58 inf=2.86 iv=1.31 n=4 d=0 sk=0 hf=94588 hm=92264 ht=283156 pf=0 pm=0 pt=0 ru=236960 rp=239284
18:45:04.856 @T t=259091 s=0.000 lv=-24.1 pk=-19.6 c0=4.5 c1=10.8 kw=8.90 inf=2.87 iv=1.26 n=3 d=0 sk=0 hf=96148 hm=92264 ht=283156 pf=0 pm=0 pt=0 ru=235400 rp=239284
18:45:04.856 @T t=259197 s=0.000 lv=-34.8 pk=-33.2 c0=6.7 c1=8.4 kw=8.27 inf=2.69 iv=1.12 n=3 d=0 sk=0 hf=96148 hm=92264 ht=283156 pf=0 pm=0 pt=0 ru=235400 rp=239284
18:45:04.856 @I ww=marvin cut=0.50 win=5 cool=1000 tick=100 wifi=1 srv=1 li=0 ln=0
18:45:04.856 @T t=259289 s=0.000 lv=-35.3 pk=-31.5 c0=4.9 c1=11.1 kw=10.90 inf=2.33 iv=1.13 n=4 d=0 sk=0 hf=96148 hm=92264 ht=283156 pf=0 pm=0 pt=0 ru=235400 rp=239284
18:45:04.857 @T t=259395 s=0.000 lv=-33.7 pk=-29.7 c0=3.6 c1=8.4 kw=8.26 inf=2.69 iv=1.12 n=3 d=0 sk=0 hf=96148 hm=92264 ht=283156 pf=0 pm=0 pt=0 ru=235400 rp=239284
18:45:04.857 @T t=259481 s=0.000 lv=-36.5 pk=-31.4 c0=4.0 c1=9.1 kw=9.22 inf=2.41 iv=1.13 n=3 d=0 sk=0 hf=96148 hm=92264 ht=283156 pf=0 pm=0 pt=0 ru=235400 rp=239284
18:45:04.857 @T t=259587 s=0.000 lv=-33.7 pk=-29.7 c0=3.5 c1=10.7 kw=10.27 inf=2.55 iv=1.08 n=4 d=0 sk=0 hf=96148 hm=92264 ht=283156 pf=0 pm=0 pt=0 ru=235400 rp=239284
18:45:04.857 @T t=259693 s=0.000 lv=-29.0 pk=-24.7 c0=3.4 c1=8.4 kw=8.24 inf=2.68 iv=1.11 n=3 d=0 sk=0 hf=96148 hm=92264 ht=283156 pf=0 pm=0 pt=0 ru=235400 rp=239284
18:45:04.857 @T t=259799 s=0.000 lv=-36.9 pk=-32.8 c0=3.4 c1=8.4 kw=8.28 inf=2.69 iv=1.11 n=3 d=0 sk=0 hf=96148 hm=92264 ht=283156 pf=0 pm=0 pt=0 ru=235400 rp=239284
18:45:04.857 @T t=259885 s=0.000 lv=-38.2 pk=-35.6 c0=4.4 c1=12.0 kw=11.72 inf=2.34 iv=1.14 n=4 d=0 sk=0 hf=96148 hm=92264 ht=283156 pf=0 pm=0 pt=0 ru=235400 rp=239284
18:45:04.857 @T t=259991 s=0.000 lv=-39.5 pk=-38.4 c0=3.9 c1=8.4 kw=8.23 inf=2.68 iv=1.11 n=3 d=0 sk=0 hf=96148 hm=92264 ht=283156 pf=0 pm=0 pt=0 ru=235400 rp=239284
18:45:04.857 @T t=260097 s=0.000 lv=-29.9 pk=-24.9 c0=3.8 c1=8.9 kw=8.70 inf=2.84 iv=1.22 n=3 d=0 sk=0 hf=96148 hm=92264 ht=283156 pf=0 pm=0 pt=0 ru=235400 rp=239284
18:45:04.857 @T t=260183 s=0.000 lv=-29.1 pk=-24.2 c0=8.3 c1=11.7 kw=11.62 inf=2.32 iv=1.12 n=4 d=0 sk=0 hf=96148 hm=92264 ht=283156 pf=0 pm=0 pt=0 ru=235400 rp=239284
18:45:04.857 @I ww=marvin cut=0.50 win=5 cool=1000 tick=100 wifi=1 srv=1 li=0 ln=0
18:45:04.857 @T t=260295 s=0.000 lv=-32.9 pk=-26.8 c0=3.9 c1=8.1 kw=7.82 inf=2.69 iv=1.11 n=3 d=0 sk=0 hf=96148 hm=92264 ht=283156 pf=0 pm=0 pt=0 ru=235400 rp=239284
18:45:04.857 @T t=260381 s=0.000 lv=-22.5 pk=-20.7 c0=4.3 c1=9.2 kw=9.31 inf=2.44 iv=1.15 n=3 d=0 sk=0 hf=96148 hm=92264 ht=283156 pf=0 pm=0 pt=0 ru=235400 rp=239284
18:45:04.857 @T t=260487 s=0.000 lv=-35.7 pk=-33.8 c0=3.5 c1=10.8 kw=10.34 inf=2.57 iv=1.09 n=4 d=0 sk=0 hf=96148 hm=92264 ht=283156 pf=0 pm=0 pt=0 ru=235400 rp=239284
18:45:04.858 @T t=260593 s=0.000 lv=-34.5 pk=-32.9 c0=3.4 c1=8.5 kw=8.31 inf=2.70 iv=1.13 n=3 d=0 sk=0 hf=96148 hm=92264 ht=283156 pf=0 pm=0 pt=0 ru=235400 rp=239284
18:45:04.858 @T t=260699 s=0.000 lv=-38.5 pk=-37.9 c0=3.4 c1=8.4 kw=8.27 inf=2.69 iv=1.12 n=3 d=0 sk=0 hf=96148 hm=92264 ht=283156 pf=0 pm=0 pt=0 ru=235400 rp=239284
18:45:04.858 @T t=260785 s=0.000 lv=-38.4 pk=-37.1 c0=4.3 c1=11.8 kw=11.59 inf=2.32 iv=1.12 n=4 d=0 sk=0 hf=96148 hm=92264 ht=283156 pf=0 pm=0 pt=0 ru=235400 rp=239284
18:45:04.858 @T t=260891 s=0.000 lv=-38.6 pk=-36.9 c0=3.6 c1=8.7 kw=8.47 inf=2.76 iv=1.17 n=3 d=0 sk=0 hf=96148 hm=92264 ht=283156 pf=0 pm=0 pt=0 ru=235400 rp=239284
18:45:04.858 @T t=260997 s=0.000 lv=-40.2 pk=-38.4 c0=5.1 c1=8.5 kw=8.30 inf=2.70 iv=1.13 n=3 d=0 sk=0 hf=94384 hm=92264 ht=283156 pf=0 pm=0 pt=0 ru=237164 rp=239284
18:45:04.858 @T t=261083 s=0.000 lv=-40.3 pk=-38.7 c0=11.1 c1=13.1 kw=12.97 inf=2.60 iv=1.34 n=4 d=0 sk=0 hf=95952 hm=92264 ht=283156 pf=0 pm=0 pt=0 ru=235596 rp=239284
18:45:04.858 @T t=261189 s=0.000 lv=-31.0 pk=-29.6 c0=4.4 c1=9.5 kw=8.81 inf=2.88 iv=1.25 n=3 d=0 sk=0 hf=96148 hm=92264 ht=283156 pf=0 pm=0 pt=0 ru=235400 rp=239284
18:45:07.246 @I ww=marvin cut=0.50 win=5 cool=1000 tick=100 wifi=1 srv=1 li=0 ln=0
18:45:07.246 @T t=261281 s=0.000 lv=-37.3 pk=-36.0 c0=4.9 c1=8.6 kw=8.64 inf=2.42 iv=1.15 n=3 d=0 sk=0 hf=96148 hm=92264 ht=283156 pf=0 pm=0 pt=0 ru=235400 rp=239284
18:45:07.246 [status] up 261s | mic -31.3 dBFS (peak -17.2) | score max 0.00 | detections 0 | inferences 333 (33.3/s; model 1.15 ms each, paused in quiet 0%; features 1.44 ms per 30 ms) | CPU core0  4.9% core1  9.6% (wake word pipeline 9.35% of one core) | RAM used 229 KB (peak 233 KB, 93 KB free) | wifi OK, server OK | audio lost since boot: i2s 0 net 0
18:45:07.246 @T t=261389 s=0.000 lv=-38.4 pk=-36.3 c0=24.2 c1=11.0 kw=10.55 inf=2.67 iv=1.17 n=4 d=0 sk=0 hf=96148 hm=92264 ht=283156 pf=0 pm=0 pt=0 ru=235400 rp=239284
18:45:07.246 @T t=261495 s=0.000 lv=-38.0 pk=-35.1 c0=3.5 c1=8.5 kw=8.35 inf=2.72 iv=1.13 n=3 d=0 sk=0 hf=96148 hm=92264 ht=283156 pf=0 pm=0 pt=0 ru=235400 rp=239284
18:45:07.246 @T t=261581 s=0.000 lv=-38.5 pk=-37.7 c0=8.3 c1=9.2 kw=9.30 inf=2.43 iv=1.14 n=3 d=0 sk=0 hf=96148 hm=92264 ht=283156 pf=0 pm=0 pt=0 ru=235400 rp=239284
18:45:07.246 @T t=261687 s=0.000 lv=-33.9 pk=-33.4 c0=3.4 c1=10.8 kw=10.37 inf=2.57 iv=1.09 n=4 d=0 sk=0 hf=96148 hm=92264 ht=283156 pf=0 pm=0 pt=0 ru=235400 rp=239284
18:45:07.246 @T t=261793 s=0.000 lv=-33.9 pk=-32.7 c0=3.4 c1=8.5 kw=8.29 inf=2.70 iv=1.12 n=3 d=0 sk=0 hf=96148 hm=92264 ht=283156 pf=0 pm=0 pt=0 ru=235400 rp=239284
18:45:07.246 @T t=261899 s=0.000 lv=-29.3 pk=-27.0 c0=3.7 c1=8.6 kw=8.46 inf=2.76 iv=1.16 n=3 d=0 sk=0 hf=96148 hm=92264 ht=283156 pf=0 pm=0 pt=0 ru=235400 rp=239284
18:45:07.246 @T t=261985 s=0.000 lv=-40.3 pk=-38.0 c0=4.3 c1=11.8 kw=11.61 inf=2.32 iv=1.13 n=4 d=0 sk=0 hf=96148 hm=92264 ht=283156 pf=0 pm=0 pt=0 ru=235400 rp=239284
18:45:07.246 @T t=262091 s=0.000 lv=-35.4 pk=-33.1 c0=4.0 c1=8.8 kw=8.57 inf=2.79 iv=1.19 n=3 d=0 sk=0 hf=96148 hm=92264 ht=283156 pf=0 pm=0 pt=0 ru=235400 rp=239284
18:45:07.247 @T t=262197 s=0.000 lv=-33.8 pk=-30.0 c0=3.4 c1=8.5 kw=8.35 inf=2.72 iv=1.14 n=3 d=0 sk=0 hf=96148 hm=92264 ht=283156 pf=0 pm=0 pt=0 ru=235400 rp=239284
18:45:07.247 @I ww=marvin cut=0.50 win=5 cool=1000 tick=100 wifi=1 srv=1 li=0 ln=0
18:45:07.247 @T t=262289 s=0.000 lv=-33.5 pk=-29.5 c0=5.5 c1=11.9 kw=11.59 inf=2.48 iv=1.25 n=4 d=0 sk=0 hf=96148 hm=92264 ht=283156 pf=0 pm=0 pt=0 ru=235400 rp=239284
18:45:07.247 @T t=262395 s=0.000 lv=-39.9 pk=-38.8 c0=3.7 c1=8.6 kw=8.41 inf=2.74 iv=1.16 n=3 d=0 sk=0 hf=96148 hm=92264 ht=283156 pf=0 pm=0 pt=0 ru=235400 rp=239284
18:45:07.247 @T t=262481 s=0.000 lv=-33.9 pk=-30.8 c0=8.2 c1=9.2 kw=9.30 inf=2.43 iv=1.15 n=3 d=0 sk=0 hf=96148 hm=92264 ht=283156 pf=0 pm=0 pt=0 ru=235400 rp=239284
18:45:07.247 @T t=262587 s=0.000 lv=-38.9 pk=-37.3 c0=3.5 c1=10.8 kw=10.42 inf=2.59 iv=1.10 n=4 d=0 sk=0 hf=96148 hm=92264 ht=283156 pf=0 pm=0 pt=0 ru=235400 rp=239284
18:45:07.247 @T t=262693 s=0.000 lv=-31.6 pk=-29.3 c0=3.4 c1=8.5 kw=8.31 inf=2.71 iv=1.13 n=3 d=0 sk=0 hf=96148 hm=92264 ht=283156 pf=0 pm=0 pt=0 ru=235400 rp=239284
18:45:07.247 @T t=262799 s=0.000 lv=-37.6 pk=-36.3 c0=3.4 c1=8.5 kw=8.30 inf=2.70 iv=1.12 n=3 d=0 sk=0 hf=96148 hm=92264 ht=283156 pf=0 pm=0 pt=0 ru=235400 rp=239284
18:45:07.247 @T t=262885 s=0.000 lv=-34.0 pk=-32.5 c0=4.5 c1=12.0 kw=11.80 inf=2.36 iv=1.15 n=4 d=0 sk=0 hf=96148 hm=92264 ht=283156 pf=0 pm=0 pt=0 ru=235400 rp=239284
18:45:07.247 @T t=262991 s=0.000 lv=-34.4 pk=-31.8 c0=6.6 c1=8.5 kw=8.28 inf=2.70 iv=1.13 n=3 d=0 sk=0 hf=96148 hm=92264 ht=283156 pf=0 pm=0 pt=0 ru=235400 rp=239284
18:45:07.247 @T t=263097 s=0.000 lv=-38.4 pk=-36.5 c0=7.2 c1=8.9 kw=8.86 inf=2.90 iv=1.27 n=3 d=0 sk=0 hf=96148 hm=92264 ht=283156 pf=0 pm=0 pt=0 ru=235400 rp=239284
18:45:07.247 @T t=263184 s=0.000 lv=-28.2 pk=-26.0 c0=8.3 c1=12.5 kw=11.64 inf=2.34 iv=1.14 n=4 d=0 sk=0 hf=96148 hm=92264 ht=283156 pf=0 pm=0 pt=0 ru=235400 rp=239284
18:45:07.247 @I ww=marvin cut=0.50 win=5 cool=1000 tick=100 wifi=1 srv=1 li=0 ln=0
18:45:07.247 @T t=263296 s=0.000 lv=-36.8 pk=-34.0 c0=4.0 c1=8.0 kw=7.81 inf=2.69 iv=1.12 n=3 d=0 sk=0 hf=96148 hm=92264 ht=283156 pf=0 pm=0 pt=0 ru=235400 rp=239284
18:45:07.247 @T t=263382 s=0.000 lv=-26.5 pk=-23.6 c0=6.1 c1=10.9 kw=10.93 inf=2.89 iv=1.26 n=3 d=0 sk=0 hf=96148 hm=92264 ht=283156 pf=0 pm=0 pt=0 ru=235400 rp=239284
18:45:07.247 @T t=263489 s=0.000 lv=-35.2 pk=-31.6 c0=3.9 c1=9.5 kw=9.15 inf=2.27 iv=1.09 n=4 d=0 sk=0 hf=96148 hm=92264 ht=283156 pf=0 pm=0 pt=0 ru=235400 rp=239284
18:45:09.754 @T t=263595 s=0.000 lv=-36.1 pk=-34.5 c0=3.5 c1=8.5 kw=8.31 inf=2.71 iv=1.12 n=3 d=0 sk=0 hf=96148 hm=92264 ht=283156 pf=0 pm=0 pt=0 ru=235400 rp=239284
18:45:09.754 @T t=263681 s=0.000 lv=-40.2 pk=-37.7 c0=4.0 c1=9.1 kw=9.15 inf=2.39 iv=1.12 n=3 d=0 sk=0 hf=96148 hm=92264 ht=283156 pf=0 pm=0 pt=0 ru=235400 rp=239284
18:45:09.754 @T t=263787 s=0.000 lv=-39.2 pk=-36.0 c0=3.4 c1=10.6 kw=10.19 inf=2.53 iv=1.07 n=4 d=0 sk=0 hf=96148 hm=92264 ht=283156 pf=0 pm=0 pt=0 ru=235400 rp=239284
18:45:09.754 @T t=263893 s=0.000 lv=-40.4 pk=-38.8 c0=3.6 c1=8.6 kw=8.37 inf=2.73 iv=1.14 n=3 d=0 sk=0 hf=96148 hm=92264 ht=283156 pf=0 pm=0 pt=0 ru=235400 rp=239284
18:45:09.754 @T t=263999 s=0.000 lv=-41.5 pk=-41.1 c0=3.5 c1=8.5 kw=8.28 inf=2.70 iv=1.12 n=3 d=0 sk=0 hf=96148 hm=92264 ht=283156 pf=0 pm=0 pt=0 ru=235400 rp=239284
18:45:09.754 @T t=264085 s=0.000 lv=-41.2 pk=-40.3 c0=4.2 c1=11.8 kw=11.61 inf=2.32 iv=1.12 n=4 d=0 sk=0 hf=96148 hm=92264 ht=283156 pf=0 pm=0 pt=0 ru=235400 rp=239284
18:45:09.754 @T t=264191 s=0.000 lv=-41.8 pk=-40.9 c0=3.9 c1=8.4 kw=8.23 inf=2.68 iv=1.12 n=3 d=0 sk=0 hf=96148 hm=92264 ht=283156 pf=0 pm=0 pt=0 ru=235400 rp=239284
18:45:09.754 @I ww=marvin cut=0.50 win=5 cool=1000 tick=100 wifi=1 srv=1 li=0 ln=0
18:45:09.754 @T t=264283 s=0.000 lv=-41.7 pk=-39.0 c0=13.6 c1=9.9 kw=9.69 inf=2.73 iv=1.14 n=3 d=0 sk=0 hf=96148 hm=92264 ht=283156 pf=0 pm=0 pt=0 ru=235400 rp=239284
18:45:09.754 @T t=264389 s=0.000 lv=-39.5 pk=-38.6 c0=3.5 c1=9.5 kw=9.31 inf=2.30 iv=1.10 n=4 d=0 sk=0 hf=96148 hm=92264 ht=283156 pf=0 pm=0 pt=0 ru=235400 rp=239284
18:45:09.754 @T t=264495 s=0.000 lv=-40.3 pk=-39.6 c0=3.5 c1=8.4 kw=8.27 inf=2.69 iv=1.12 n=3 d=0 sk=0 hf=96148 hm=92264 ht=283156 pf=0 pm=0 pt=0 ru=235400 rp=239284
18:45:09.754 @T t=264581 s=0.000 lv=-40.7 pk=-40.3 c0=4.7 c1=9.6 kw=9.62 inf=2.52 iv=1.22 n=3 d=0 sk=0 hf=96148 hm=92264 ht=283156 pf=0 pm=0 pt=0 ru=235400 rp=239284
18:45:09.754 @T t=264687 s=0.000 lv=-37.9 pk=-35.2 c0=3.5 c1=10.8 kw=10.42 inf=2.59 iv=1.09 n=4 d=0 sk=0 hf=96148 hm=92264 ht=283156 pf=0 pm=0 pt=0 ru=235400 rp=239284
18:45:09.754 @T t=264793 s=0.000 lv=-36.1 pk=-33.9 c0=6.6 c1=8.5 kw=8.30 inf=2.70 iv=1.11 n=3 d=0 sk=0 hf=96148 hm=92264 ht=283156 pf=0 pm=0 pt=0 ru=235400 rp=239284
18:45:09.754 @T t=264899 s=0.000 lv=-30.9 pk=-27.3 c0=3.6 c1=8.6 kw=8.42 inf=2.74 iv=1.15 n=3 d=0 sk=0 hf=96148 hm=92264 ht=283156 pf=0 pm=0 pt=0 ru=235400 rp=239284
18:45:09.754 @T t=264985 s=0.000 lv=-29.9 pk=-28.4 c0=4.3 c1=11.8 kw=11.60 inf=2.32 iv=1.12 n=4 d=0 sk=0 hf=96148 hm=92264 ht=283156 pf=0 pm=0 pt=0 ru=235400 rp=239284
18:45:09.754 @T t=265091 s=0.000 lv=-36.6 pk=-33.3 c0=3.4 c1=8.5 kw=8.29 inf=2.70 iv=1.12 n=3 d=0 sk=0 hf=96148 hm=92264 ht=283156 pf=0 pm=0 pt=0 ru=235400 rp=239284
18:45:09.754 @T t=265197 s=0.000 lv=-39.3 pk=-36.9 c0=7.3 c1=9.6 kw=9.02 inf=2.94 iv=1.30 n=3 d=0 sk=0 hf=96148 hm=92264 ht=283156 pf=0 pm=0 pt=0 ru=235400 rp=239284
18:45:09.754 @I ww=marvin cut=0.50 win=5 cool=1000 tick=100 wifi=1 srv=1 li=0 ln=0
18:45:09.754 @T t=265289 s=0.000 lv=-38.7 pk=-36.9 c0=13.8 c1=11.2 kw=11.02 inf=2.36 iv=1.15 n=4 d=0 sk=0 hf=96148 hm=92264 ht=283156 pf=0 pm=0 pt=0 ru=235400 rp=239284
18:45:09.754 @T t=265395 s=0.000 lv=-38.7 pk=-36.1 c0=4.3 c1=8.9 kw=8.70 inf=2.84 iv=1.24 n=3 d=0 sk=0 hf=96148 hm=92264 ht=283156 pf=0 pm=0 pt=0 ru=235400 rp=239284
18:45:09.754 @T t=265481 s=0.000 lv=-25.7 pk=-22.6 c0=4.2 c1=9.2 kw=9.29 inf=2.43 iv=1.14 n=3 d=0 sk=0 hf=96148 hm=92264 ht=283156 pf=0 pm=0 pt=0 ru=235400 rp=239284
18:45:09.754 @T t=265587 s=0.000 lv=-37.8 pk=-34.9 c0=3.5 c1=10.8 kw=10.38 inf=2.58 iv=1.10 n=4 d=0 sk=0 hf=96148 hm=92264 ht=283156 pf=0 pm=0 pt=0 ru=235400 rp=239284
18:45:09.754 @T t=265693 s=0.000 lv=-30.8 pk=-27.6 c0=4.1 c1=9.0 kw=8.78 inf=2.86 iv=1.26 n=3 d=0 sk=0 hf=96148 hm=92264 ht=283156 pf=0 pm=0 pt=0 ru=235400 rp=239284
18:45:09.754 @T t=265799 s=0.000 lv=-33.0 pk=-29.0 c0=3.4 c1=8.5 kw=8.37 inf=2.72 iv=1.14 n=3 d=0 sk=0 hf=96148 hm=92264 ht=283156 pf=0 pm=0 pt=0 ru=235400 rp=239284
18:45:09.754 @T t=265885 s=0.000 lv=-35.6 pk=-33.9 c0=4.6 c1=12.0 kw=11.80 inf=2.36 iv=1.15 n=4 d=0 sk=0 hf=96148 hm=92264 ht=283156 pf=0 pm=0 pt=0 ru=235400 rp=239284
18:45:09.755 @T t=265991 s=0.000 lv=-36.9 pk=-34.4 c0=3.8 c1=8.9 kw=8.71 inf=2.84 iv=1.23 n=3 d=0 sk=0 hf=96148 hm=92264 ht=283156 pf=0 pm=0 pt=0 ru=235400 rp=239284
18:45:12.246 @T t=266097 s=0.000 lv=-35.8 pk=-33.2 c0=3.5 c1=8.6 kw=8.41 inf=2.74 iv=1.14 n=3 d=0 sk=0 hf=96148 hm=92264 ht=283156 pf=0 pm=0 pt=0 ru=235400 rp=239284
18:45:12.246 @T t=266183 s=0.000 lv=-30.6 pk=-26.2 c0=4.9 c1=12.0 kw=11.88 inf=2.37 iv=1.16 n=4 d=0 sk=0 hf=96148 hm=92264 ht=283156 pf=0 pm=0 pt=0 ru=235400 rp=239284
18:45:12.246 @I ww=marvin cut=0.50 win=5 cool=1000 tick=100 wifi=1 srv=1 li=0 ln=0
18:45:12.247 @T t=266295 s=0.000 lv=-33.1 pk=-28.3 c0=4.0 c1=8.2 kw=7.88 inf=2.71 iv=1.13 n=3 d=0 sk=0 hf=96148 hm=92264 ht=283156 pf=0 pm=0 pt=0 ru=235400 rp=239284
18:45:12.247 @T t=266381 s=0.000 lv=-37.2 pk=-34.7 c0=4.3 c1=9.3 kw=9.35 inf=2.45 iv=1.16 n=3 d=0 sk=0 hf=96148 hm=92264 ht=283156 pf=0 pm=0 pt=0 ru=235400 rp=239284
18:45:12.248 @T t=266487 s=0.000 lv=-23.2 pk=-22.4 c0=3.5 c1=10.8 kw=10.41 inf=2.58 iv=1.09 n=4 d=0 sk=0 hf=96148 hm=92264 ht=283156 pf=0 pm=0 pt=0 ru=235400 rp=239284
18:45:12.248 @T t=266593 s=0.000 lv=-34.6 pk=-28.9 c0=3.5 c1=8.6 kw=8.41 inf=2.74 iv=1.15 n=3 d=0 sk=0 hf=96148 hm=92264 ht=283156 pf=0 pm=0 pt=0 ru=235400 rp=239284
18:45:12.249 @T t=266699 s=0.000 lv=-36.3 pk=-31.5 c0=3.4 c1=8.5 kw=8.33 inf=2.71 iv=1.13 n=3 d=0 sk=0 hf=96148 hm=92264 ht=283156 pf=0 pm=0 pt=0 ru=235400 rp=239284
18:45:12.249 @T t=266785 s=0.000 lv=-25.4 pk=-23.8 c0=4.3 c1=11.8 kw=11.62 inf=2.32 iv=1.12 n=4 d=0 sk=0 hf=96148 hm=92264 ht=283156 pf=0 pm=0 pt=0 ru=235400 rp=239284
18:45:12.249 @T t=266891 s=0.000 lv=-35.8 pk=-31.6 c0=3.6 c1=8.7 kw=8.48 inf=2.76 iv=1.17 n=3 d=0 sk=0 hf=96148 hm=92264 ht=283156 pf=0 pm=0 pt=0 ru=235400 rp=239284
18:45:12.249 @T t=266997 s=0.000 lv=-38.4 pk=-36.5 c0=3.4 c1=8.4 kw=8.26 inf=2.69 iv=1.11 n=3 d=0 sk=0 hf=96148 hm=92264 ht=283156 pf=0 pm=0 pt=0 ru=235400 rp=239284
18:45:12.250 @T t=267083 s=0.000 lv=-30.2 pk=-26.8 c0=4.8 c1=11.6 kw=12.08 inf=2.42 iv=1.20 n=4 d=0 sk=0 hf=96148 hm=92264 ht=283156 pf=0 pm=0 pt=0 ru=235400 rp=239284
18:45:12.250 @T t=267190 s=0.000 lv=-28.5 pk=-24.8 c0=7.4 c1=10.5 kw=9.32 inf=3.08 iv=1.41 n=3 d=0 sk=0 hf=96148 hm=92264 ht=283156 pf=0 pm=0 pt=0 ru=235400 rp=239284
18:45:12.250 @I ww=marvin cut=0.50 win=5 cool=1000 tick=100 wifi=1 srv=1 li=0 ln=0
18:45:12.250 @T t=267282 s=0.000 lv=-41.3 pk=-40.1 c0=4.8 c1=9.6 kw=9.62 inf=2.72 iv=1.12 n=3 d=0 sk=0 hf=96148 hm=92264 ht=283156 pf=0 pm=0 pt=0 ru=235400 rp=239284
18:45:12.250 @T t=267388 s=0.000 lv=-41.8 pk=-40.4 c0=4.6 c1=10.2 kw=9.81 inf=2.42 iv=1.22 n=4 d=0 sk=0 hf=96148 hm=92264 ht=283156 pf=0 pm=0 pt=0 ru=235400 rp=239284
18:45:12.251 @T t=267494 s=0.000 lv=-41.4 pk=-38.8 c0=6.2 c1=8.5 kw=8.36 inf=2.73 iv=1.14 n=3 d=0 sk=0 hf=96148 hm=92264 ht=283156 pf=0 pm=0 pt=0 ru=235400 rp=239284
18:45:12.251 @T t=267600 s=0.000 lv=-41.6 pk=-41.1 c0=3.5 c1=8.5 kw=8.32 inf=2.71 iv=1.12 n=3 d=0 sk=0 hf=96148 hm=92264 ht=283156 pf=0 pm=0 pt=0 ru=235400 rp=239284
18:45:12.251 @T t=267689 s=0.000 lv=-38.6 pk=-34.9 c0=3.9 c1=11.5 kw=11.25 inf=2.32 iv=1.11 n=4 d=0 sk=0 hf=96148 hm=92264 ht=283156 pf=0 pm=0 pt=0 ru=235400 rp=239284
18:45:12.251 @T t=267795 s=0.000 lv=-30.9 pk=-28.0 c0=3.4 c1=8.4 kw=8.27 inf=2.69 iv=1.11 n=3 d=0 sk=0 hf=96148 hm=92264 ht=283156 pf=0 pm=0 pt=0 ru=235400 rp=239284
18:45:12.251 @T t=267881 s=0.000 lv=-40.8 pk=-38.1 c0=4.3 c1=9.1 kw=9.23 inf=2.41 iv=1.14 n=3 d=0 sk=0 hf=96148 hm=92264 ht=283156 pf=0 pm=0 pt=0 ru=235400 rp=239284
18:45:12.252 @T t=267987 s=0.000 lv=-27.8 pk=-22.6 c0=6.6 c1=10.7 kw=10.30 inf=2.56 iv=1.08 n=4 d=0 sk=0 hf=96148 hm=92264 ht=283156 pf=0 pm=0 pt=0 ru=235400 rp=239284
18:45:12.252 @T t=268093 s=0.000 lv=-27.5 pk=-22.5 c0=3.6 c1=8.5 kw=8.33 inf=2.71 iv=1.12 n=3 d=0 sk=0 hf=96148 hm=92264 ht=283156 pf=0 pm=0 pt=0 ru=235400 rp=239284
18:45:12.253 @T t=268199 s=0.000 lv=-35.1 pk=-33.5 c0=3.9 c1=8.5 kw=8.31 inf=2.70 iv=1.11 n=3 d=0 sk=0 hf=96148 hm=92264 ht=283156 pf=0 pm=0 pt=0 ru=235400 rp=239284
18:45:12.253 @I ww=marvin cut=0.50 win=5 cool=1000 tick=100 wifi=1 srv=1 li=0 ln=0
18:45:12.253 @T t=268291 s=0.000 lv=-36.4 pk=-33.9 c0=5.6 c1=11.6 kw=11.38 inf=2.44 iv=1.22 n=4 d=0 sk=0 hf=96148 hm=92264 ht=283156 pf=0 pm=0 pt=0 ru=235400 rp=239284
18:45:12.253 @T t=268397 s=0.000 lv=-34.8 pk=-32.7 c0=3.6 c1=8.5 kw=8.28 inf=2.70 iv=1.13 n=3 d=0 sk=0 hf=96148 hm=92264 ht=283156 pf=0 pm=0 pt=0 ru=235400 rp=239284
18:45:12.253 @T t=268483 s=0.000 lv=-36.5 pk=-34.5 c0=4.3 c1=10.6 kw=10.38 inf=2.74 iv=1.16 n=3 d=0 sk=0 hf=96148 hm=92264 ht=283156 pf=0 pm=0 pt=0 ru=235400 rp=239284
18:45:14.847 @T t=268589 s=0.000 lv=-30.5 pk=-26.6 c0=3.5 c1=9.4 kw=9.26 inf=2.28 iv=1.09 n=4 d=0 sk=0 hf=96148 hm=92264 ht=283156 pf=0 pm=0 pt=0 ru=235400 rp=239284
18:45:14.847 @T t=268695 s=0.000 lv=-27.4 pk=-23.6 c0=3.4 c1=8.4 kw=8.23 inf=2.68 iv=1.11 n=3 d=0 sk=0 hf=96148 hm=92264 ht=283156 pf=0 pm=0 pt=0 ru=235400 rp=239284
18:45:14.847 @T t=268781 s=0.000 lv=-35.1 pk=-32.1 c0=4.5 c1=9.1 kw=9.20 inf=2.40 iv=1.13 n=3 d=0 sk=0 hf=96148 hm=92264 ht=283156 pf=0 pm=0 pt=0 ru=235400 rp=239284
18:45:14.847 @T t=268887 s=0.000 lv=-34.0 pk=-28.4 c0=3.6 c1=10.9 kw=10.49 inf=2.61 iv=1.12 n=4 d=0 sk=0 hf=96148 hm=92264 ht=283156 pf=0 pm=0 pt=0 ru=235400 rp=239284
18:45:14.847 @T t=268993 s=0.000 lv=-28.6 pk=-25.4 c0=3.4 c1=8.4 kw=8.24 inf=2.68 iv=1.11 n=3 d=0 sk=0 hf=96148 hm=92264 ht=283156 pf=0 pm=0 pt=0 ru=235400 rp=239284
18:45:14.847 @T t=269099 s=0.000 lv=-37.0 pk=-34.3 c0=3.5 c1=8.5 kw=8.38 inf=2.73 iv=1.13 n=3 d=0 sk=0 hf=96148 hm=92264 ht=283156 pf=0 pm=0 pt=0 ru=235400 rp=239284
18:45:14.847 @T t=269185 s=0.000 lv=-37.3 pk=-35.0 c0=6.8 c1=12.5 kw=12.25 inf=2.45 iv=1.23 n=4 d=0 sk=0 hf=94384 hm=92264 ht=283156 pf=0 pm=0 pt=0 ru=237164 rp=239284
18:45:14.847 @I ww=marvin cut=0.50 win=5 cool=1000 tick=100 wifi=1 srv=1 li=0 ln=0
18:45:14.847 @T t=269296 s=0.000 lv=-38.2 pk=-36.3 c0=6.0 c1=8.7 kw=8.14 inf=2.77 iv=1.14 n=3 d=0 sk=0 hf=96148 hm=92264 ht=283156 pf=0 pm=0 pt=0 ru=235400 rp=239284
18:45:14.847 @T t=269382 s=0.000 lv=-38.9 pk=-38.2 c0=8.7 c1=11.0 kw=10.90 inf=2.88 iv=1.26 n=3 d=0 sk=0 hf=96148 hm=92264 ht=283156 pf=0 pm=0 pt=0 ru=235400 rp=239284
18:45:14.847 @T t=269488 s=0.000 lv=-38.1 pk=-35.6 c0=6.8 c1=9.6 kw=9.25 inf=2.28 iv=1.09 n=4 d=0 sk=0 hf=96148 hm=92264 ht=283156 pf=0 pm=0 pt=0 ru=235400 rp=239284
18:45:14.847 @T t=269594 s=0.000 lv=-41.6 pk=-40.7 c0=3.8 c1=8.9 kw=8.73 inf=2.85 iv=1.24 n=3 d=0 sk=0 hf=96148 hm=92264 ht=283156 pf=0 pm=0 pt=0 ru=235400 rp=239284
18:45:14.847 @T t=269700 s=0.000 lv=-32.8 pk=-29.3 c0=3.5 c1=8.5 kw=8.38 inf=2.73 iv=1.14 n=3 d=0 sk=0 hf=96148 hm=92264 ht=283156 pf=0 pm=0 pt=0 ru=235400 rp=239284
18:45:14.847 @T t=269786 s=0.000 lv=-37.1 pk=-33.2 c0=7.5 c1=11.9 kw=11.70 inf=2.33 iv=1.12 n=4 d=0 sk=0 hf=96148 hm=92264 ht=283156 pf=0 pm=0 pt=0 ru=235400 rp=239284
18:45:14.847 @T t=269892 s=0.000 lv=-37.4 pk=-35.8 c0=3.6 c1=8.6 kw=8.45 inf=2.76 iv=1.16 n=3 d=0 sk=0 hf=96148 hm=92264 ht=283156 pf=0 pm=0 pt=0 ru=235400 rp=239284
18:45:14.847 @T t=269998 s=0.000 lv=-40.3 pk=-39.5 c0=3.4 c1=8.5 kw=8.36 inf=2.72 iv=1.13 n=3 d=0 sk=0 hf=96148 hm=92264 ht=283156 pf=0 pm=0 pt=0 ru=235400 rp=239284
18:45:14.847 @T t=270084 s=0.000 lv=-38.4 pk=-35.6 c0=4.3 c1=11.9 kw=11.66 inf=2.33 iv=1.13 n=4 d=0 sk=0 hf=96148 hm=92264 ht=283156 pf=0 pm=0 pt=0 ru=235400 rp=239284
18:45:14.847 @T t=270190 s=0.000 lv=-37.9 pk=-37.2 c0=3.8 c1=8.9 kw=8.73 inf=2.85 iv=1.23 n=3 d=0 sk=0 hf=96148 hm=92264 ht=283156 pf=0 pm=0 pt=0 ru=235400 rp=239284
18:45:14.847 @I ww=marvin cut=0.50 win=5 cool=1000 tick=100 wifi=1 srv=1 li=0 ln=0
18:45:14.847 @T t=270281 s=0.000 lv=-30.5 pk=-29.6 c0=5.5 c1=9.0 kw=9.05 inf=2.51 iv=1.21 n=3 d=0 sk=0 hf=96148 hm=92264 ht=283156 pf=0 pm=0 pt=0 ru=235400 rp=239284
18:45:14.847 @T t=270387 s=0.000 lv=-37.4 pk=-33.9 c0=3.5 c1=10.8 kw=10.43 inf=2.59 iv=1.10 n=4 d=0 sk=0 hf=96148 hm=92264 ht=283156 pf=0 pm=0 pt=0 ru=235400 rp=239284
18:45:14.847 @T t=270494 s=0.000 lv=-37.9 pk=-36.5 c0=3.5 c1=8.4 kw=8.24 inf=2.71 iv=1.13 n=3 d=0 sk=0 hf=96148 hm=92264 ht=283156 pf=0 pm=0 pt=0 ru=235400 rp=239284
18:45:14.847 @T t=270600 s=0.000 lv=-41.7 pk=-40.9 c0=3.5 c1=8.5 kw=8.37 inf=2.72 iv=1.14 n=3 d=0 sk=0 hf=96148 hm=92264 ht=283156 pf=0 pm=0 pt=0 ru=235400 rp=239284
18:45:14.847 @T t=270686 s=0.001 lv=-40.9 pk=-39.5 c0=7.5 c1=12.3 kw=12.05 inf=2.41 iv=1.19 n=4 d=0 sk=0 hf=96148 hm=92264 ht=283156 pf=0 pm=0 pt=0 ru=235400 rp=239284
18:45:14.847 @T t=270792 s=0.002 lv=-40.1 pk=-37.2 c0=3.4 c1=8.7 kw=8.55 inf=2.79 iv=1.20 n=3 d=0 sk=0 hf=96148 hm=92264 ht=283156 pf=0 pm=0 pt=0 ru=235400 rp=239284
18:45:14.847 @T t=270898 s=0.002 lv=-41.1 pk=-39.4 c0=3.6 c1=8.8 kw=8.67 inf=2.83 iv=1.21 n=3 d=0 sk=0 hf=96148 hm=92264 ht=283156 pf=0 pm=0 pt=0 ru=235400 rp=239284
18:45:14.847 @T t=270984 s=0.000 lv=-41.3 pk=-38.6 c0=4.3 c1=11.8 kw=11.61 inf=2.32 iv=1.12 n=4 d=0 sk=0 hf=96148 hm=92264 ht=283156 pf=0 pm=0 pt=0 ru=235400 rp=239284
18:45:14.847 @T t=271090 s=0.000 lv=-40.6 pk=-39.1 c0=3.5 c1=8.6 kw=8.40 inf=2.74 iv=1.14 n=3 d=0 sk=0 hf=96148 hm=92264 ht=283156 pf=0 pm=0 pt=0 ru=235400 rp=239284
18:45:17.148 @T t=271196 s=0.000 lv=-40.4 pk=-39.2 c0=3.4 c1=8.4 kw=8.27 inf=2.69 iv=1.11 n=3 d=0 sk=0 hf=96148 hm=92264 ht=283156 pf=0 pm=0 pt=0 ru=235400 rp=239284
18:45:17.148 @I ww=marvin cut=0.50 win=5 cool=1000 tick=100 wifi=1 srv=1 li=0 ln=0
18:45:17.148 @T t=271288 s=0.000 lv=-40.2 pk=-39.4 c0=10.3 c1=13.1 kw=12.40 inf=2.66 iv=1.36 n=4 d=0 sk=0 hf=96148 hm=92264 ht=283156 pf=0 pm=0 pt=0 ru=235400 rp=239284
18:45:17.148 [status] up 271s | mic -33.3 dBFS (peak -22.4) | score max 0.00 | detections 0 | inferences 334 (33.4/s; model 1.15 ms each, paused in quiet 0%; features 1.44 ms per 30 ms) | CPU core0  4.9% core1  9.7% (wake word pipeline 9.37% of one core) | RAM used 230 KB (peak 233 KB, 93 KB free) | wifi OK, server OK | audio lost since boot: i2s 0 net 0
18:45:17.149 @T t=271396 s=0.000 lv=-39.9 pk=-38.8 c0=9.4 c1=9.3 kw=9.09 inf=3.03 iv=1.36 n=3 d=0 sk=0 hf=96148 hm=92264 ht=283156 pf=0 pm=0 pt=0 ru=235400 rp=239284
18:45:17.149 @T t=271482 s=0.000 lv=-33.6 pk=-30.5 c0=4.3 c1=10.4 kw=10.40 inf=2.75 iv=1.15 n=3 d=0 sk=0 hf=96148 hm=92264 ht=283156 pf=0 pm=0 pt=0 ru=235400 rp=239284
18:45:17.149 @T t=271588 s=0.000 lv=-35.4 pk=-32.4 c0=3.4 c1=9.7 kw=9.29 inf=2.29 iv=1.10 n=4 d=0 sk=0 hf=96148 hm=92264 ht=283156 pf=0 pm=0 pt=0 ru=235400 rp=239284
18:45:17.149 @T t=271694 s=0.000 lv=-22.7 pk=-19.7 c0=3.4 c1=8.5 kw=8.33 inf=2.72 iv=1.13 n=3 d=0 sk=0 hf=96148 hm=92264 ht=283156 pf=0 pm=0 pt=0 ru=235400 rp=239284
18:45:17.149 @T t=271800 s=0.000 lv=-25.2 pk=-19.9 c0=3.4 c1=8.5 kw=8.30 inf=2.70 iv=1.11 n=3 d=0 sk=0 hf=96148 hm=92264 ht=283156 pf=0 pm=0 pt=0 ru=235400 rp=239284
18:45:17.149 @T t=271886 s=0.000 lv=-36.7 pk=-35.1 c0=7.7 c1=12.1 kw=11.90 inf=2.38 iv=1.15 n=4 d=0 sk=0 hf=96148 hm=92264 ht=283156 pf=0 pm=0 pt=0 ru=235400 rp=239284
18:45:17.149 @T t=271992 s=0.000 lv=-38.4 pk=-33.6 c0=3.4 c1=8.4 kw=8.25 inf=2.69 iv=1.12 n=3 d=0 sk=0 hf=96148 hm=92264 ht=283156 pf=0 pm=0 pt=0 ru=235400 rp=239284
18:45:17.149 @T t=272098 s=0.000 lv=-26.6 pk=-25.5 c0=3.4 c1=8.5 kw=8.28 inf=2.69 iv=1.12 n=3 d=0 sk=0 hf=96148 hm=92264 ht=283156 pf=0 pm=0 pt=0 ru=235400 rp=239284
18:45:17.149 @T t=272184 s=0.000 lv=-34.9 pk=-29.2 c0=4.1 c1=11.7 kw=11.49 inf=2.29 iv=1.10 n=4 d=0 sk=0 hf=96148 hm=92264 ht=283156 pf=0 pm=0 pt=0 ru=235400 rp=239284
18:45:17.149 @I ww=marvin cut=0.50 win=5 cool=1000 tick=100 wifi=1 srv=1 li=0 ln=0
18:45:17.149 @T t=272296 s=0.000 lv=-38.4 pk=-36.3 c0=4.5 c1=8.1 kw=7.94 inf=2.73 iv=1.15 n=3 d=0 sk=0 hf=96148 hm=92264 ht=283156 pf=0 pm=0 pt=0 ru=235400 rp=239284
18:45:17.149 @T t=272382 s=0.000 lv=-36.3 pk=-33.1 c0=4.2 c1=10.4 kw=10.37 inf=2.74 iv=1.15 n=3 d=0 sk=0 hf=96148 hm=92264 ht=283156 pf=0 pm=0 pt=0 ru=235400 rp=239284
18:45:17.149 @T t=272488 s=0.000 lv=-41.3 pk=-40.1 c0=3.8 c1=9.6 kw=9.20 inf=2.27 iv=1.08 n=4 d=0 sk=0 hf=96148 hm=92264 ht=283156 pf=0 pm=0 pt=0 ru=235400 rp=239284
18:45:17.150 @T t=272594 s=0.000 lv=-35.5 pk=-33.6 c0=3.5 c1=8.5 kw=8.32 inf=2.71 iv=1.13 n=3 d=0 sk=0 hf=96148 hm=92264 ht=283156 pf=0 pm=0 pt=0 ru=235400 rp=239284
18:45:17.150 @T t=272700 s=0.000 lv=-38.0 pk=-35.4 c0=3.4 c1=8.5 kw=8.29 inf=2.70 iv=1.11 n=3 d=0 sk=0 hf=96148 hm=92264 ht=283156 pf=0 pm=0 pt=0 ru=235400 rp=239284
18:45:17.150 @T t=272789 s=0.000 lv=-37.8 pk=-35.9 c0=3.9 c1=11.4 kw=11.16 inf=2.30 iv=1.10 n=4 d=0 sk=0 hf=96148 hm=92264 ht=283156 pf=0 pm=0 pt=0 ru=235400 rp=239284
18:45:17.150 @T t=272895 s=0.000 lv=-39.5 pk=-37.8 c0=3.5 c1=8.5 kw=8.35 inf=2.72 iv=1.13 n=3 d=0 sk=0 hf=96148 hm=92264 ht=283156 pf=0 pm=0 pt=0 ru=235400 rp=239284
18:45:17.150 @T t=272981 s=0.000 lv=-36.2 pk=-35.3 c0=4.2 c1=9.2 kw=9.24 inf=2.42 iv=1.14 n=3 d=0 sk=0 hf=96148 hm=92264 ht=283156 pf=0 pm=0 pt=0 ru=235400 rp=239284
18:45:17.150 @T t=273087 s=0.000 lv=-32.4 pk=-30.9 c0=3.5 c1=10.8 kw=10.42 inf=2.59 iv=1.10 n=4 d=0 sk=0 hf=96148 hm=92264 ht=283156 pf=0 pm=0 pt=0 ru=235400 rp=239284
18:45:17.150 @T t=273193 s=0.000 lv=-34.8 pk=-33.2 c0=3.4 c1=8.4 kw=8.24 inf=2.68 iv=1.11 n=3 d=0 sk=0 hf=96148 hm=92264 ht=283156 pf=0 pm=0 pt=0 ru=235400 rp=239284
18:45:17.150 @I ww=marvin cut=0.50 win=5 cool=1000 tick=100 wifi=1 srv=1 li=0 ln=0
18:45:17.150 @T t=273285 s=0.000 lv=-35.6 pk=-31.9 c0=7.0 c1=9.9 kw=9.69 inf=2.74 iv=1.13 n=3 d=0 sk=0 hf=94384 hm=92264 ht=283156 pf=0 pm=0 pt=0 ru=237164 rp=239284
18:45:17.150 @T t=273391 s=0.000 lv=-37.3 pk=-36.6 c0=5.7 c1=10.6 kw=10.05 inf=2.48 iv=1.26 n=4 d=0 sk=0 hf=96148 hm=92264 ht=283156 pf=0 pm=0 pt=0 ru=235400 rp=239284
18:45:19.655 @T t=273497 s=0.000 lv=-39.9 pk=-38.8 c0=3.6 c1=8.5 kw=8.33 inf=2.71 iv=1.13 n=3 d=0 sk=0 hf=96148 hm=92264 ht=283156 pf=0 pm=0 pt=0 ru=235400 rp=239284
18:45:19.655 @T t=273583 s=0.000 lv=-39.8 pk=-38.6 c0=5.6 c1=11.1 kw=10.81 inf=2.85 iv=1.22 n=3 d=0 sk=0 hf=95952 hm=92264 ht=283156 pf=0 pm=0 pt=0 ru=235596 rp=239284
18:45:19.655 @T t=273689 s=0.000 lv=-30.6 pk=-27.9 c0=4.2 c1=9.9 kw=9.72 inf=2.40 iv=1.18 n=4 d=0 sk=0 hf=96148 hm=92264 ht=283156 pf=0 pm=0 pt=0 ru=235400 rp=239284
18:45:19.656 @T t=273795 s=0.000 lv=-36.5 pk=-31.3 c0=3.4 c1=8.5 kw=8.33 inf=2.71 iv=1.13 n=3 d=0 sk=0 hf=96148 hm=92264 ht=283156 pf=0 pm=0 pt=0 ru=235400 rp=239284
18:45:19.656 @T t=273881 s=0.000 lv=-37.2 pk=-34.9 c0=4.4 c1=9.3 kw=9.34 inf=2.44 iv=1.15 n=3 d=0 sk=0 hf=96148 hm=92264 ht=283156 pf=0 pm=0 pt=0 ru=235400 rp=239284
18:45:19.656 @T t=273987 s=0.000 lv=-36.7 pk=-34.0 c0=3.4 c1=10.8 kw=10.39 inf=2.58 iv=1.09 n=4 d=0 sk=0 hf=96148 hm=92264 ht=283156 pf=0 pm=0 pt=0 ru=235400 rp=239284
18:45:19.656 @T t=274093 s=0.000 lv=-36.1 pk=-34.0 c0=3.5 c1=8.5 kw=8.37 inf=2.73 iv=1.14 n=3 d=0 sk=0 hf=96148 hm=92264 ht=283156 pf=0 pm=0 pt=0 ru=235400 rp=239284
18:45:19.656 @T t=274199 s=0.000 lv=-38.7 pk=-36.1 c0=3.4 c1=8.5 kw=8.37 inf=2.73 iv=1.13 n=3 d=0 sk=0 hf=96148 hm=92264 ht=283156 pf=0 pm=0 pt=0 ru=235400 rp=239284
18:45:19.656 @I ww=marvin cut=0.50 win=5 cool=1000 tick=100 wifi=1 srv=1 li=0 ln=0
18:45:19.656 @T t=274291 s=0.000 lv=-26.4 pk=-21.8 c0=5.0 c1=11.3 kw=11.03 inf=2.36 iv=1.15 n=4 d=0 sk=0 hf=96148 hm=92264 ht=283156 pf=0 pm=0 pt=0 ru=235400 rp=239284
18:45:19.656 @T t=274397 s=0.000 lv=-22.8 pk=-21.7 c0=4.1 c1=8.8 kw=8.61 inf=2.81 iv=1.19 n=3 d=0 sk=0 hf=96148 hm=92264 ht=283156 pf=0 pm=0 pt=0 ru=235400 rp=239284
18:45:19.656 @T t=274483 s=0.000 lv=-31.4 pk=-27.3 c0=4.3 c1=10.7 kw=10.48 inf=2.77 iv=1.17 n=3 d=0 sk=0 hf=96148 hm=92264 ht=283156 pf=0 pm=0 pt=0 ru=235400 rp=239284
18:45:19.656 @T t=274589 s=0.000 lv=-35.8 pk=-33.6 c0=3.5 c1=9.5 kw=9.30 inf=2.29 iv=1.10 n=4 d=0 sk=0 hf=96148 hm=92264 ht=283156 pf=0 pm=0 pt=0 ru=235400 rp=239284
18:45:19.656 @T t=274695 s=0.000 lv=-39.8 pk=-38.7 c0=3.8 c1=8.9 kw=8.65 inf=2.82 iv=1.22 n=3 d=0 sk=0 hf=96148 hm=92264 ht=283156 pf=0 pm=0 pt=0 ru=235400 rp=239284
18:45:19.656 @T t=274781 s=0.000 lv=-39.8 pk=-38.0 c0=4.3 c1=9.2 kw=9.32 inf=2.44 iv=1.15 n=3 d=0 sk=0 hf=96148 hm=92264 ht=283156 pf=0 pm=0 pt=0 ru=235400 rp=239284
18:45:19.656 @T t=274887 s=0.000 lv=-41.7 pk=-40.5 c0=3.6 c1=10.9 kw=10.44 inf=2.59 iv=1.12 n=4 d=0 sk=0 hf=96148 hm=92264 ht=283156 pf=0 pm=0 pt=0 ru=235400 rp=239284
18:45:19.656 @T t=274993 s=0.000 lv=-40.2 pk=-38.4 c0=3.4 c1=8.5 kw=8.30 inf=2.70 iv=1.13 n=3 d=0 sk=0 hf=96148 hm=92264 ht=283156 pf=0 pm=0 pt=0 ru=235400 rp=239284
18:45:19.656 @T t=275099 s=0.000 lv=-37.3 pk=-35.1 c0=3.5 c1=8.6 kw=8.40 inf=2.73 iv=1.14 n=3 d=0 sk=0 hf=96148 hm=92264 ht=283156 pf=0 pm=0 pt=0 ru=235400 rp=239284
18:45:19.656 @T t=275185 s=0.000 lv=-32.9 pk=-30.9 c0=8.1 c1=11.9 kw=11.68 inf=2.34 iv=1.12 n=4 d=0 sk=0 hf=96148 hm=92264 ht=283156 pf=0 pm=0 pt=0 ru=235400 rp=239284
18:45:19.656 @I ww=marvin cut=0.50 win=5 cool=1000 tick=100 wifi=1 srv=1 li=0 ln=0
18:45:19.656 @T t=275297 s=0.000 lv=-37.1 pk=-35.5 c0=4.0 c1=8.0 kw=7.86 inf=2.70 iv=1.13 n=3 d=0 sk=0 hf=96148 hm=92264 ht=283156 pf=0 pm=0 pt=0 ru=235400 rp=239284
18:45:19.656 @T t=275383 s=0.000 lv=-30.7 pk=-25.6 c0=9.1 c1=12.5 kw=11.21 inf=2.96 iv=1.28 n=3 d=0 sk=0 hf=96148 hm=92264 ht=283156 pf=0 pm=0 pt=0 ru=235400 rp=239284
18:45:19.656 @T t=275489 s=0.000 lv=-23.0 pk=-20.7 c0=3.5 c1=9.5 kw=9.35 inf=2.31 iv=1.11 n=4 d=0 sk=0 hf=96148 hm=92264 ht=283156 pf=0 pm=0 pt=0 ru=235400 rp=239284
18:45:19.656 @T t=275595 s=0.000 lv=-37.1 pk=-35.4 c0=4.0 c1=8.9 kw=8.69 inf=2.84 iv=1.23 n=3 d=0 sk=0 hf=96148 hm=92264 ht=283156 pf=0 pm=0 pt=0 ru=235400 rp=239284
18:45:19.656 @T t=275681 s=0.000 lv=-38.0 pk=-36.9 c0=7.5 c1=9.0 kw=9.15 inf=2.39 iv=1.12 n=3 d=0 sk=0 hf=96148 hm=92264 ht=283156 pf=0 pm=0 pt=0 ru=235400 rp=239284
18:45:19.656 @T t=275787 s=0.000 lv=-36.8 pk=-36.1 c0=3.3 c1=10.7 kw=10.31 inf=2.56 iv=1.09 n=4 d=0 sk=0 hf=96148 hm=92264 ht=283156 pf=0 pm=0 pt=0 ru=235400 rp=239284
18:45:19.656 @T t=275893 s=0.000 lv=-40.1 pk=-38.5 c0=3.6 c1=8.6 kw=8.42 inf=2.74 iv=1.16 n=3 d=0 sk=0 hf=96148 hm=92264 ht=283156 pf=0 pm=0 pt=0 ru=235400 rp=239284
18:45:22.150 @T t=275999 s=0.000 lv=-37.9 pk=-35.0 c0=3.4 c1=8.5 kw=8.30 inf=2.70 iv=1.11 n=3 d=0 sk=0 hf=96148 hm=92264 ht=283156 pf=0 pm=0 pt=0 ru=235400 rp=239284
18:45:22.151 @T t=276085 s=0.000 lv=-33.8 pk=-32.7 c0=4.3 c1=11.8 kw=11.62 inf=2.32 iv=1.13 n=4 d=0 sk=0 hf=96148 hm=92264 ht=283156 pf=0 pm=0 pt=0 ru=235400 rp=239284
18:45:22.151 @T t=276191 s=0.000 lv=-38.1 pk=-35.3 c0=3.4 c1=8.4 kw=8.23 inf=2.68 iv=1.11 n=3 d=0 sk=0 hf=96148 hm=92264 ht=283156 pf=0 pm=0 pt=0 ru=235400 rp=239284
18:45:22.151 @I ww=marvin cut=0.50 win=5 cool=1000 tick=100 wifi=1 srv=1 li=0 ln=0
18:45:22.151 @T t=276283 s=0.000 lv=-41.7 pk=-40.4 c0=4.7 c1=9.8 kw=9.58 inf=2.70 iv=1.13 n=3 d=0 sk=0 hf=96148 hm=92264 ht=283156 pf=0 pm=0 pt=0 ru=235400 rp=239284
18:45:22.151 @T t=276390 s=0.000 lv=-40.6 pk=-39.8 c0=4.1 c1=9.5 kw=9.34 inf=2.32 iv=1.13 n=4 d=0 sk=0 hf=96148 hm=92264 ht=283156 pf=0 pm=0 pt=0 ru=235400 rp=239284
18:45:22.151 @T t=276496 s=0.000 lv=-40.5 pk=-38.9 c0=3.9 c1=8.8 kw=8.28 inf=2.70 iv=1.12 n=3 d=0 sk=0 hf=96148 hm=92264 ht=283156 pf=0 pm=0 pt=0 ru=235400 rp=239284
18:45:22.151 @T t=276583 s=0.000 lv=-37.5 pk=-35.4 c0=8.2 c1=10.1 kw=10.32 inf=2.76 iv=1.16 n=3 d=0 sk=0 hf=96148 hm=92264 ht=283156 pf=0 pm=0 pt=0 ru=235400 rp=239284
18:45:22.151 @T t=276689 s=0.000 lv=-34.1 pk=-31.8 c0=3.4 c1=9.3 kw=9.14 inf=2.25 iv=1.07 n=4 d=0 sk=0 hf=96148 hm=92264 ht=283156 pf=0 pm=0 pt=0 ru=235400 rp=239284
18:45:22.151 @T t=276795 s=0.000 lv=-31.0 pk=-28.5 c0=3.4 c1=8.5 kw=8.28 inf=2.69 iv=1.11 n=3 d=0 sk=0 hf=96148 hm=92264 ht=283156 pf=0 pm=0 pt=0 ru=235400 rp=239284
18:45:22.151 @T t=276882 s=0.000 lv=-37.9 pk=-35.5 c0=4.4 c1=10.1 kw=10.17 inf=2.72 iv=1.12 n=3 d=0 sk=0 hf=96148 hm=92264 ht=283156 pf=0 pm=0 pt=0 ru=235400 rp=239284
18:45:22.151 @T t=276988 s=0.000 lv=-37.4 pk=-34.1 c0=3.4 c1=9.5 kw=9.16 inf=2.25 iv=1.08 n=4 d=0 sk=0 hf=96148 hm=92264 ht=283156 pf=0 pm=0 pt=0 ru=235400 rp=239284
18:45:22.151 @T t=277094 s=0.000 lv=-25.8 pk=-23.7 c0=3.4 c1=8.4 kw=8.27 inf=2.69 iv=1.11 n=3 d=0 sk=0 hf=96148 hm=92264 ht=283156 pf=0 pm=0 pt=0 ru=235400 rp=239284
18:45:22.151 @T t=277200 s=0.000 lv=-35.1 pk=-31.8 c0=3.4 c1=8.5 kw=8.33 inf=2.71 iv=1.14 n=3 d=0 sk=0 hf=96148 hm=92264 ht=283156 pf=0 pm=0 pt=0 ru=235400 rp=239284
18:45:22.151 @I ww=marvin cut=0.50 win=5 cool=1000 tick=100 wifi=1 srv=1 li=0 ln=0
18:45:22.151 @T t=277294 s=0.000 lv=-30.3 pk=-24.9 c0=4.7 c1=11.0 kw=10.80 inf=2.36 iv=1.14 n=4 d=0 sk=0 hf=96148 hm=92264 ht=283156 pf=0 pm=0 pt=0 ru=235400 rp=239284
18:45:22.151 @T t=277400 s=0.000 lv=-26.8 pk=-23.8 c0=5.7 c1=9.1 kw=8.90 inf=2.91 iv=1.27 n=3 d=0 sk=0 hf=94384 hm=92264 ht=283156 pf=0 pm=0 pt=0 ru=237164 rp=239284
18:45:22.151 @T t=277486 s=0.000 lv=-30.6 pk=-28.3 c0=10.3 c1=11.8 kw=11.09 inf=2.93 iv=1.29 n=3 d=0 sk=0 hf=96148 hm=92264 ht=283156 pf=0 pm=0 pt=0 ru=235400 rp=239284
18:45:22.151 @T t=277592 s=0.000 lv=-35.6 pk=-30.5 c0=4.4 c1=9.9 kw=9.71 inf=2.40 iv=1.18 n=4 d=0 sk=0 hf=95952 hm=92264 ht=283156 pf=0 pm=0 pt=0 ru=235596 rp=239284
18:45:22.151 @T t=277698 s=0.000 lv=-28.9 pk=-26.2 c0=4.3 c1=8.9 kw=8.73 inf=2.85 iv=1.21 n=3 d=0 sk=0 hf=96148 hm=92264 ht=283156 pf=0 pm=0 pt=0 ru=235400 rp=239284
18:45:22.151 @T t=277784 s=0.000 lv=-38.6 pk=-34.9 c0=4.3 c1=10.7 kw=10.46 inf=2.76 iv=1.17 n=3 d=0 sk=0 hf=96148 hm=92264 ht=283156 pf=0 pm=0 pt=0 ru=235400 rp=239284
18:45:22.151 @T t=277890 s=0.000 lv=-36.2 pk=-33.3 c0=3.6 c1=9.6 kw=9.41 inf=2.32 iv=1.12 n=4 d=0 sk=0 hf=96148 hm=92264 ht=283156 pf=0 pm=0 pt=0 ru=235400 rp=239284
18:45:22.151 @T t=277996 s=0.000 lv=-31.9 pk=-29.6 c0=3.4 c1=8.5 kw=8.35 inf=2.72 iv=1.13 n=3 d=0 sk=0 hf=96148 hm=92264 ht=283156 pf=0 pm=0 pt=0 ru=235400 rp=239284
18:45:22.151 @T t=278082 s=0.000 lv=-33.6 pk=-31.5 c0=4.3 c1=10.5 kw=10.44 inf=2.76 iv=1.16 n=3 d=0 sk=0 hf=96148 hm=92264 ht=283156 pf=0 pm=0 pt=0 ru=235400 rp=239284
18:45:22.151 @T t=278188 s=0.000 lv=-36.2 pk=-32.5 c0=3.4 c1=9.6 kw=9.23 inf=2.27 iv=1.09 n=4 d=0 sk=0 hf=96148 hm=92264 ht=283156 pf=0 pm=0 pt=0 ru=235400 rp=239284
18:45:22.151 @I ww=marvin cut=0.50 win=5 cool=1000 tick=100 wifi=1 srv=1 li=0 ln=0
18:45:22.151 @T t=278300 s=0.000 lv=-35.8 pk=-33.2 c0=4.0 c1=8.0 kw=7.88 inf=2.71 iv=1.13 n=3 d=0 sk=0 hf=96148 hm=92264 ht=283156 pf=0 pm=0 pt=0 ru=235400 rp=239284
18:45:22.151 @T t=278386 s=0.000 lv=-36.3 pk=-33.8 c0=4.4 c1=10.9 kw=10.65 inf=2.81 iv=1.18 n=3 d=0 sk=0 hf=96148 hm=92264 ht=283156 pf=0 pm=0 pt=0 ru=235400 rp=239284
18:45:24.756 @T t=278492 s=0.000 lv=-41.2 pk=-40.5 c0=4.0 c1=9.7 kw=9.49 inf=2.34 iv=1.14 n=4 d=0 sk=0 hf=96148 hm=92264 ht=283156 pf=0 pm=0 pt=0 ru=235400 rp=239284
18:45:24.756 @T t=278598 s=0.000 lv=-41.1 pk=-39.4 c0=3.5 c1=8.6 kw=8.40 inf=2.74 iv=1.15 n=3 d=0 sk=0 hf=96148 hm=92264 ht=283156 pf=0 pm=0 pt=0 ru=235400 rp=239284
18:45:24.756 @T t=278684 s=0.000 lv=-40.9 pk=-39.8 c0=4.3 c1=10.6 kw=10.42 inf=2.75 iv=1.16 n=3 d=0 sk=0 hf=96148 hm=92264 ht=283156 pf=0 pm=0 pt=0 ru=235400 rp=239284
18:45:24.756 @T t=278790 s=0.000 lv=-40.5 pk=-39.1 c0=3.8 c1=9.8 kw=9.59 inf=2.36 iv=1.16 n=4 d=0 sk=0 hf=96148 hm=92264 ht=283156 pf=0 pm=0 pt=0 ru=235400 rp=239284
18:45:24.756 @T t=278896 s=0.000 lv=-39.1 pk=-37.2 c0=6.3 c1=8.7 kw=8.51 inf=2.77 iv=1.17 n=3 d=0 sk=0 hf=96148 hm=92264 ht=283156 pf=0 pm=0 pt=0 ru=235400 rp=239284
18:45:24.756 @T t=278982 s=0.000 lv=-40.4 pk=-39.8 c0=8.2 c1=10.4 kw=10.43 inf=2.76 iv=1.16 n=3 d=0 sk=0 hf=96148 hm=92264 ht=283156 pf=0 pm=0 pt=0 ru=235400 rp=239284
18:45:24.756 @T t=279088 s=0.000 lv=-40.3 pk=-38.3 c0=3.5 c1=9.6 kw=9.29 inf=2.29 iv=1.10 n=4 d=0 sk=0 hf=96148 hm=92264 ht=283156 pf=0 pm=0 pt=0 ru=235400 rp=239284
18:45:24.756 @T t=279194 s=0.000 lv=-40.7 pk=-39.3 c0=3.4 c1=8.5 kw=8.34 inf=2.72 iv=1.13 n=3 d=0 sk=0 hf=96148 hm=92264 ht=283156 pf=0 pm=0 pt=0 ru=235400 rp=239284
18:45:24.756 @I ww=marvin cut=0.50 win=5 cool=1000 tick=100 wifi=1 srv=1 li=0 ln=0
18:45:24.756 @T t=279286 s=0.000 lv=-41.0 pk=-39.8 c0=4.9 c1=9.9 kw=9.74 inf=2.75 iv=1.15 n=3 d=0 sk=0 hf=96148 hm=92264 ht=283156 pf=0 pm=0 pt=0 ru=235400 rp=239284
18:45:24.756 @T t=279392 s=0.000 lv=-36.3 pk=-34.0 c0=3.5 c1=9.5 kw=9.32 inf=2.30 iv=1.11 n=4 d=0 sk=0 hf=96148 hm=92264 ht=283156 pf=0 pm=0 pt=0 ru=235400 rp=239284
18:45:24.756 @T t=279498 s=0.000 lv=-41.1 pk=-40.4 c0=9.9 c1=9.7 kw=9.13 inf=2.98 iv=1.30 n=3 d=0 sk=0 hf=96148 hm=92264 ht=283156 pf=0 pm=0 pt=0 ru=235400 rp=239284
18:45:24.756 @T t=279584 s=0.000 lv=-33.2 pk=-30.8 c0=5.0 c1=10.8 kw=10.58 inf=2.79 iv=1.16 n=3 d=0 sk=0 hf=96148 hm=92264 ht=283156 pf=0 pm=0 pt=0 ru=235400 rp=239284
18:45:24.756 @T t=279690 s=0.000 lv=-40.9 pk=-39.2 c0=3.5 c1=9.5 kw=9.29 inf=2.29 iv=1.11 n=4 d=0 sk=0 hf=96148 hm=92264 ht=283156 pf=0 pm=0 pt=0 ru=235400 rp=239284
18:45:24.756 @T t=279796 s=0.000 lv=-19.9 pk=-18.1 c0=3.4 c1=8.5 kw=8.35 inf=2.72 iv=1.13 n=3 d=0 sk=0 hf=96148 hm=92264 ht=283156 pf=0 pm=0 pt=0 ru=235400 rp=239284
18:45:24.757 @T t=279882 s=0.000 lv=-20.6 pk=-18.6 c0=4.9 c1=10.4 kw=10.46 inf=2.76 iv=1.15 n=3 d=0 sk=0 hf=96148 hm=92264 ht=283156 pf=0 pm=0 pt=0 ru=235400 rp=239284
18:45:24.757 @T t=279988 s=0.000 lv=-33.4 pk=-29.8 c0=3.5 c1=9.7 kw=9.27 inf=2.28 iv=1.10 n=4 d=0 sk=0 hf=96148 hm=92264 ht=283156 pf=0 pm=0 pt=0 ru=235400 rp=239284
18:45:24.757 @T t=280094 s=0.000 lv=-25.3 pk=-23.4 c0=3.5 c1=8.6 kw=8.41 inf=2.74 iv=1.14 n=3 d=0 sk=0 hf=96148 hm=92264 ht=283156 pf=0 pm=0 pt=0 ru=235400 rp=239284
18:45:24.757 @T t=280200 s=0.000 lv=-37.3 pk=-34.0 c0=3.4 c1=8.5 kw=8.32 inf=2.71 iv=1.12 n=3 d=0 sk=0 hf=96148 hm=92264 ht=283156 pf=0 pm=0 pt=0 ru=235400 rp=239284
18:45:24.757 @I ww=marvin cut=0.50 win=5 cool=1000 tick=100 wifi=1 srv=1 li=0 ln=0
18:45:24.757 @T t=280291 s=0.000 lv=-35.3 pk=-31.5 c0=5.0 c1=11.4 kw=11.16 inf=2.36 iv=1.15 n=4 d=0 sk=0 hf=96148 hm=92264 ht=283156 pf=0 pm=0 pt=0 ru=235400 rp=239284
18:45:24.757 @T t=280397 s=0.000 lv=-34.6 pk=-31.7 c0=3.6 c1=8.6 kw=8.39 inf=2.73 iv=1.15 n=3 d=0 sk=0 hf=96148 hm=92264 ht=283156 pf=0 pm=0 pt=0 ru=235400 rp=239284
18:45:24.757 @T t=280483 s=0.000 lv=-37.8 pk=-35.4 c0=4.9 c1=10.8 kw=10.52 inf=2.78 iv=1.18 n=3 d=0 sk=0 hf=96148 hm=92264 ht=283156 pf=0 pm=0 pt=0 ru=235400 rp=239284
18:45:24.757 @T t=280589 s=0.000 lv=-38.6 pk=-35.0 c0=3.5 c1=9.4 kw=9.20 inf=2.27 iv=1.09 n=4 d=0 sk=0 hf=96148 hm=92264 ht=283156 pf=0 pm=0 pt=0 ru=235400 rp=239284
18:45:24.757 @T t=280695 s=0.000 lv=-35.8 pk=-33.5 c0=3.4 c1=8.4 kw=8.24 inf=2.68 iv=1.11 n=3 d=0 sk=0 hf=96148 hm=92264 ht=283156 pf=0 pm=0 pt=0 ru=235400 rp=239284
18:45:24.757 @T t=280781 s=0.000 lv=-38.2 pk=-36.1 c0=4.0 c1=9.1 kw=9.20 inf=2.40 iv=1.12 n=3 d=0 sk=0 hf=96148 hm=92264 ht=283156 pf=0 pm=0 pt=0 ru=235400 rp=239284
18:45:24.757 @T t=280887 s=0.000 lv=-23.8 pk=-21.4 c0=3.5 c1=10.8 kw=10.36 inf=2.57 iv=1.09 n=4 d=0 sk=0 hf=96148 hm=92264 ht=283156 pf=0 pm=0 pt=0 ru=235400 rp=239284
18:45:24.757 @T t=280993 s=0.000 lv=-26.1 pk=-21.3 c0=6.5 c1=8.4 kw=8.25 inf=2.68 iv=1.11 n=3 d=0 sk=0 hf=96148 hm=92264 ht=283156 pf=0 pm=0 pt=0 ru=235400 rp=239284
18:45:27.047 @T t=281099 s=0.000 lv=-26.0 pk=-24.1 c0=4.0 c1=8.8 kw=8.56 inf=2.79 iv=1.18 n=3 d=0 sk=0 hf=96148 hm=92264 ht=283156 pf=0 pm=0 pt=0 ru=235400 rp=239284
18:45:27.047 @T t=281185 s=0.000 lv=-37.3 pk=-32.2 c0=4.2 c1=11.7 kw=11.54 inf=2.30 iv=1.11 n=4 d=0 sk=0 hf=96148 hm=92264 ht=283156 pf=0 pm=0 pt=0 ru=235400 rp=239284
18:45:27.047 @I ww=marvin cut=0.50 win=5 cool=1000 tick=100 wifi=1 srv=1 li=0 ln=0
18:45:27.047 @T t=281297 s=0.000 lv=-35.6 pk=-33.2 c0=3.9 c1=7.9 kw=7.75 inf=2.66 iv=1.10 n=3 d=0 sk=0 hf=96148 hm=92264 ht=283156 pf=0 pm=0 pt=0 ru=235400 rp=239284
18:45:27.048 [status] up 281s | mic -30.9 dBFS (peak -18.1) | score max 0.00 | detections 0 | inferences 333 (33.3/s; model 1.14 ms each, paused in quiet 0%; features 1.44 ms per 30 ms) | CPU core0  4.4% core1  9.6% (wake word pipeline 9.29% of one core) | RAM used 229 KB (peak 233 KB, 93 KB free) | wifi OK, server OK | audio lost since boot: i2s 0 net 0
18:45:27.048 @T t=281385 s=0.000 lv=-38.9 pk=-34.8 c0=9.6 c1=11.0 kw=10.75 inf=2.91 iv=1.27 n=3 d=0 sk=0 hf=96148 hm=92264 ht=283156 pf=0 pm=0 pt=0 ru=235400 rp=239284
18:45:27.048 @T t=281491 s=0.000 lv=-29.2 pk=-27.8 c0=5.6 c1=10.0 kw=9.78 inf=2.41 iv=1.19 n=4 d=0 sk=0 hf=94384 hm=92264 ht=283156 pf=0 pm=0 pt=0 ru=237164 rp=239284
18:45:27.048 @T t=281598 s=0.000 lv=-40.2 pk=-39.5 c0=5.9 c1=9.7 kw=8.72 inf=2.87 iv=1.23 n=3 d=0 sk=0 hf=95952 hm=92264 ht=283156 pf=0 pm=0 pt=0 ru=235596 rp=239284
18:45:27.048 @T t=281685 s=0.000 lv=-38.8 pk=-37.8 c0=8.4 c1=10.8 kw=10.54 inf=2.82 iv=1.21 n=3 d=0 sk=0 hf=96148 hm=92264 ht=283156 pf=0 pm=0 pt=0 ru=235400 rp=239284
18:45:27.048 @T t=281791 s=0.000 lv=-34.2 pk=-32.8 c0=6.6 c1=9.4 kw=9.26 inf=2.28 iv=1.09 n=4 d=0 sk=0 hf=96148 hm=92264 ht=283156 pf=0 pm=0 pt=0 ru=235400 rp=239284
18:45:27.048 @T t=281897 s=0.000 lv=-36.3 pk=-33.8 c0=3.5 c1=8.6 kw=8.41 inf=2.74 iv=1.14 n=3 d=0 sk=0 hf=96148 hm=92264 ht=283156 pf=0 pm=0 pt=0 ru=235400 rp=239284
18:45:27.048 @T t=281983 s=0.000 lv=-32.1 pk=-30.5 c0=4.2 c1=10.6 kw=10.42 inf=2.75 iv=1.16 n=3 d=0 sk=0 hf=96148 hm=92264 ht=283156 pf=0 pm=0 pt=0 ru=235400 rp=239284
18:45:27.048 @T t=282089 s=0.000 lv=-37.0 pk=-32.7 c0=3.5 c1=9.5 kw=9.32 inf=2.30 iv=1.10 n=4 d=0 sk=0 hf=96148 hm=92264 ht=283156 pf=0 pm=0 pt=0 ru=235400 rp=239284
18:45:27.048 @T t=282195 s=0.000 lv=-27.3 pk=-25.4 c0=3.8 c1=8.8 kw=8.63 inf=2.81 iv=1.21 n=3 d=0 sk=0 hf=96148 hm=92264 ht=283156 pf=0 pm=0 pt=0 ru=235400 rp=239284
18:45:27.048 @I ww=marvin cut=0.50 win=5 cool=1000 tick=100 wifi=1 srv=1 li=0 ln=0
18:45:27.048 @T t=282286 s=0.000 lv=-37.8 pk=-33.0 c0=13.2 c1=10.0 kw=9.82 inf=2.74 iv=1.15 n=3 d=0 sk=0 hf=96148 hm=92264 ht=283156 pf=0 pm=0 pt=0 ru=235400 rp=239284
18:45:27.048 @T t=282392 s=0.000 lv=-39.0 pk=-37.8 c0=3.5 c1=9.5 kw=9.34 inf=2.30 iv=1.11 n=4 d=0 sk=0 hf=96148 hm=92264 ht=283156 pf=0 pm=0 pt=0 ru=235400 rp=239284
18:45:27.048 @T t=282498 s=0.000 lv=-24.2 pk=-21.2 c0=3.4 c1=8.5 kw=8.35 inf=2.72 iv=1.14 n=3 d=0 sk=0 hf=96148 hm=92264 ht=283156 pf=0 pm=0 pt=0 ru=235400 rp=239284
18:45:27.048 @T t=282584 s=0.000 lv=-33.5 pk=-31.1 c0=5.0 c1=10.9 kw=10.68 inf=2.83 iv=1.21 n=3 d=0 sk=0 hf=96148 hm=92264 ht=283156 pf=0 pm=0 pt=0 ru=235400 rp=239284
18:45:27.048 @T t=282690 s=0.000 lv=-35.4 pk=-31.9 c0=3.4 c1=9.4 kw=9.27 inf=2.28 iv=1.09 n=4 d=0 sk=0 hf=96148 hm=92264 ht=283156 pf=0 pm=0 pt=0 ru=235400 rp=239284
18:45:27.048 @T t=282796 s=0.000 lv=-36.7 pk=-35.4 c0=3.4 c1=8.7 kw=8.54 inf=2.79 iv=1.20 n=3 d=0 sk=0 hf=96148 hm=92264 ht=283156 pf=0 pm=0 pt=0 ru=235400 rp=239284
18:45:27.048 @T t=282882 s=0.000 lv=-35.3 pk=-33.9 c0=4.5 c1=10.6 kw=10.64 inf=2.81 iv=1.20 n=3 d=0 sk=0 hf=96148 hm=92264 ht=283156 pf=0 pm=0 pt=0 ru=235400 rp=239284
18:45:27.048 @T t=282988 s=0.000 lv=-33.4 pk=-32.4 c0=3.4 c1=9.6 kw=9.27 inf=2.28 iv=1.09 n=4 d=0 sk=0 hf=96148 hm=92264 ht=283156 pf=0 pm=0 pt=0 ru=235400 rp=239284
18:45:27.048 @T t=283094 s=0.000 lv=-31.0 pk=-27.1 c0=3.5 c1=8.5 kw=8.37 inf=2.73 iv=1.14 n=3 d=0 sk=0 hf=96148 hm=92264 ht=283156 pf=0 pm=0 pt=0 ru=235400 rp=239284
18:45:27.048 @T t=283200 s=0.000 lv=-36.1 pk=-34.6 c0=3.4 c1=8.5 kw=8.37 inf=2.72 iv=1.14 n=3 d=0 sk=0 hf=96148 hm=92264 ht=283156 pf=0 pm=0 pt=0 ru=235400 rp=239284
18:45:27.048 @I ww=marvin cut=0.50 win=5 cool=1000 tick=100 wifi=1 srv=1 li=0 ln=0
18:45:27.048 @T t=283291 s=0.000 lv=-38.0 pk=-36.2 c0=13.5 c1=11.8 kw=11.55 inf=2.44 iv=1.20 n=4 d=0 sk=0 hf=96148 hm=92264 ht=283156 pf=0 pm=0 pt=0 ru=235400 rp=239284
18:45:29.540 @T t=283397 s=0.000 lv=-27.5 pk=-22.9 c0=3.7 c1=8.6 kw=8.42 inf=2.74 iv=1.16 n=3 d=0 sk=0 hf=96148 hm=92264 ht=283156 pf=0 pm=0 pt=0 ru=235400 rp=239284
18:45:29.540 @T t=283483 s=0.000 lv=-23.7 pk=-21.0 c0=4.3 c1=10.8 kw=10.55 inf=2.79 iv=1.18 n=3 d=0 sk=0 hf=96148 hm=92264 ht=283156 pf=0 pm=0 pt=0 ru=235400 rp=239284
18:45:29.541 @T t=283589 s=0.000 lv=-35.6 pk=-31.1 c0=7.7 c1=11.1 kw=10.45 inf=2.58 iv=1.33 n=4 d=0 sk=0 hf=96148 hm=92264 ht=283156 pf=0 pm=0 pt=0 ru=235400 rp=239284
18:45:29.541 @T t=283695 s=0.000 lv=-40.7 pk=-39.4 c0=3.5 c1=8.5 kw=8.32 inf=2.71 iv=1.13 n=3 d=0 sk=0 hf=96148 hm=92264 ht=283156 pf=0 pm=0 pt=0 ru=235400 rp=239284
18:45:29.541 @T t=283781 s=0.000 lv=-41.3 pk=-40.1 c0=4.2 c1=9.2 kw=9.28 inf=2.43 iv=1.14 n=3 d=0 sk=0 hf=96148 hm=92264 ht=283156 pf=0 pm=0 pt=0 ru=235400 rp=239284
18:45:29.541 @T t=283887 s=0.000 lv=-40.4 pk=-39.3 c0=3.6 c1=10.9 kw=10.48 inf=2.60 iv=1.12 n=4 d=0 sk=0 hf=96148 hm=92264 ht=283156 pf=0 pm=0 pt=0 ru=235400 rp=239284
18:45:29.541 @T t=283993 s=0.000 lv=-39.1 pk=-37.7 c0=6.6 c1=8.5 kw=8.30 inf=2.70 iv=1.13 n=3 d=0 sk=0 hf=96148 hm=92264 ht=283156 pf=0 pm=0 pt=0 ru=235400 rp=239284
18:45:29.541 @T t=284099 s=0.000 lv=-40.9 pk=-39.5 c0=3.5 c1=8.5 kw=8.32 inf=2.71 iv=1.11 n=3 d=0 sk=0 hf=96148 hm=92264 ht=283156 pf=0 pm=0 pt=0 ru=235400 rp=239284
18:45:29.541 @T t=284185 s=0.000 lv=-31.9 pk=-28.8 c0=8.1 c1=11.9 kw=11.63 inf=2.32 iv=1.12 n=4 d=0 sk=0 hf=96148 hm=92264 ht=283156 pf=0 pm=0 pt=0 ru=235400 rp=239284
18:45:29.541 @I ww=marvin cut=0.50 win=5 cool=1000 tick=100 wifi=1 srv=1 li=0 ln=0
18:45:29.541 @T t=284297 s=0.000 lv=-36.7 pk=-33.8 c0=4.0 c1=8.0 kw=7.86 inf=2.71 iv=1.12 n=3 d=0 sk=0 hf=96148 hm=92264 ht=283156 pf=0 pm=0 pt=0 ru=235400 rp=239284
18:45:29.541 @T t=284383 s=0.000 lv=-38.1 pk=-34.4 c0=4.9 c1=10.8 kw=10.54 inf=2.79 iv=1.16 n=3 d=0 sk=0 hf=96148 hm=92264 ht=283156 pf=0 pm=0 pt=0 ru=235400 rp=239284
18:45:29.541 @T t=284489 s=0.000 lv=-32.1 pk=-27.9 c0=6.7 c1=9.5 kw=9.30 inf=2.29 iv=1.11 n=4 d=0 sk=0 hf=96148 hm=92264 ht=283156 pf=0 pm=0 pt=0 ru=235400 rp=239284
18:45:29.541 @T t=284595 s=0.000 lv=-23.9 pk=-21.9 c0=4.0 c1=8.8 kw=8.61 inf=2.81 iv=1.19 n=3 d=0 sk=0 hf=96148 hm=92264 ht=283156 pf=0 pm=0 pt=0 ru=235400 rp=239284
18:45:29.541 @T t=284681 s=0.000 lv=-36.4 pk=-31.0 c0=4.1 c1=9.1 kw=9.16 inf=2.39 iv=1.12 n=3 d=0 sk=0 hf=96148 hm=92264 ht=283156 pf=0 pm=0 pt=0 ru=235400 rp=239284
18:45:29.541 @T t=284787 s=0.000 lv=-33.9 pk=-31.6 c0=3.5 c1=10.7 kw=10.31 inf=2.56 iv=1.08 n=4 d=0 sk=0 hf=96148 hm=92264 ht=283156 pf=0 pm=0 pt=0 ru=235400 rp=239284
18:45:29.541 @T t=284893 s=0.000 lv=-34.1 pk=-30.5 c0=3.6 c1=8.5 kw=8.33 inf=2.71 iv=1.13 n=3 d=0 sk=0 hf=96148 hm=92264 ht=283156 pf=0 pm=0 pt=0 ru=235400 rp=239284
18:45:29.541 @T t=284999 s=0.000 lv=-32.7 pk=-30.9 c0=6.6 c1=8.4 kw=8.27 inf=2.69 iv=1.12 n=3 d=0 sk=0 hf=96148 hm=92264 ht=283156 pf=0 pm=0 pt=0 ru=235400 rp=239284
18:45:29.541 @T t=285085 s=0.000 lv=-37.4 pk=-35.7 c0=4.2 c1=11.8 kw=11.58 inf=2.31 iv=1.11 n=4 d=0 sk=0 hf=96148 hm=92264 ht=283156 pf=0 pm=0 pt=0 ru=235400 rp=239284
18:45:29.541 @T t=285191 s=0.000 lv=-25.6 pk=-23.9 c0=3.4 c1=8.4 kw=8.22 inf=2.67 iv=1.10 n=3 d=0 sk=0 hf=96148 hm=92264 ht=283156 pf=0 pm=0 pt=0 ru=235400 rp=239284
18:45:29.541 @I ww=marvin cut=0.50 win=5 cool=1000 tick=100 wifi=1 srv=1 li=0 ln=0
18:45:29.541 @T t=285283 s=0.000 lv=-30.3 pk=-27.1 c0=4.8 c1=9.8 kw=9.64 inf=2.72 iv=1.15 n=3 d=0 sk=0 hf=96148 hm=92264 ht=283156 pf=0 pm=0 pt=0 ru=235400 rp=239284
18:45:29.541 @T t=285389 s=0.000 lv=-34.5 pk=-33.1 c0=3.5 c1=9.3 kw=9.16 inf=2.25 iv=1.08 n=4 d=0 sk=0 hf=96148 hm=92264 ht=283156 pf=0 pm=0 pt=0 ru=235400 rp=239284
18:45:29.541 @T t=285495 s=0.000 lv=-34.5 pk=-30.1 c0=3.5 c1=8.4 kw=8.23 inf=2.68 iv=1.12 n=3 d=0 sk=0 hf=96148 hm=92264 ht=283156 pf=0 pm=0 pt=0 ru=235400 rp=239284
18:45:29.541 @T t=285581 s=0.000 lv=-39.2 pk=-37.5 c0=7.1 c1=9.5 kw=9.59 inf=2.50 iv=1.20 n=3 d=0 sk=0 hf=94384 hm=92264 ht=283156 pf=0 pm=0 pt=0 ru=237164 rp=239284
18:45:29.541 @T t=285690 s=0.000 lv=-39.4 pk=-37.9 c0=5.2 c1=11.6 kw=10.77 inf=2.76 iv=1.21 n=4 d=0 sk=0 hf=96148 hm=92264 ht=283156 pf=0 pm=0 pt=0 ru=235400 rp=239284
18:45:29.541 @T t=285796 s=0.000 lv=-34.4 pk=-29.5 c0=3.5 c1=8.4 kw=8.24 inf=2.68 iv=1.12 n=3 d=0 sk=0 hf=96148 hm=92264 ht=283156 pf=0 pm=0 pt=0 ru=235400 rp=239284
18:45:32.145 @T t=285882 s=0.000 lv=-39.1 pk=-37.3 c0=5.1 c1=10.8 kw=10.78 inf=2.85 iv=1.24 n=3 d=0 sk=0 hf=96148 hm=92264 ht=283156 pf=0 pm=0 pt=0 ru=235400 rp=239284
18:45:32.145 @T t=285988 s=0.000 lv=-39.8 pk=-38.3 c0=3.5 c1=9.6 kw=9.23 inf=2.27 iv=1.09 n=4 d=0 sk=0 hf=96148 hm=92264 ht=283156 pf=0 pm=0 pt=0 ru=235400 rp=239284
18:45:32.145 @T t=286094 s=0.000 lv=-42.4 pk=-41.7 c0=3.4 c1=8.5 kw=8.29 inf=2.70 iv=1.12 n=3 d=0 sk=0 hf=96148 hm=92264 ht=283156 pf=0 pm=0 pt=0 ru=235400 rp=239284
18:45:32.145 @T t=286200 s=0.000 lv=-40.6 pk=-38.9 c0=3.4 c1=8.5 kw=8.33 inf=2.71 iv=1.13 n=3 d=0 sk=0 hf=96148 hm=92264 ht=283156 pf=0 pm=0 pt=0 ru=235400 rp=239284
18:45:32.145 @I ww=marvin cut=0.50 win=5 cool=1000 tick=100 wifi=1 srv=1 li=0 ln=0
18:45:32.145 @T t=286291 s=0.000 lv=-40.4 pk=-39.4 c0=13.1 c1=11.4 kw=11.17 inf=2.36 iv=1.14 n=4 d=0 sk=0 hf=96148 hm=92264 ht=283156 pf=0 pm=0 pt=0 ru=235400 rp=239284
18:45:32.145 @T t=286397 s=0.000 lv=-40.2 pk=-39.7 c0=3.6 c1=8.5 kw=8.33 inf=2.71 iv=1.13 n=3 d=0 sk=0 hf=96148 hm=92264 ht=283156 pf=0 pm=0 pt=0 ru=235400 rp=239284
18:45:32.145 @T t=286483 s=0.000 lv=-41.7 pk=-40.4 c0=4.3 c1=10.7 kw=10.43 inf=2.76 iv=1.16 n=3 d=0 sk=0 hf=96148 hm=92264 ht=283156 pf=0 pm=0 pt=0 ru=235400 rp=239284
18:45:32.146 @T t=286589 s=0.000 lv=-41.6 pk=-40.4 c0=3.5 c1=9.5 kw=9.33 inf=2.30 iv=1.10 n=4 d=0 sk=0 hf=96148 hm=92264 ht=283156 pf=0 pm=0 pt=0 ru=235400 rp=239284
18:45:32.146 @T t=286695 s=0.000 lv=-35.7 pk=-33.5 c0=4.3 c1=9.0 kw=8.76 inf=2.86 iv=1.23 n=3 d=0 sk=0 hf=96148 hm=92264 ht=283156 pf=0 pm=0 pt=0 ru=235400 rp=239284
18:45:32.146 @T t=286781 s=0.000 lv=-37.5 pk=-35.8 c0=4.3 c1=9.2 kw=9.33 inf=2.44 iv=1.15 n=3 d=0 sk=0 hf=96148 hm=92264 ht=283156 pf=0 pm=0 pt=0 ru=235400 rp=239284
18:45:32.146 @T t=286887 s=0.000 lv=-32.1 pk=-29.5 c0=3.6 c1=10.9 kw=10.49 inf=2.60 iv=1.12 n=4 d=0 sk=0 hf=96148 hm=92264 ht=283156 pf=0 pm=0 pt=0 ru=235400 rp=239284
18:45:32.146 @T t=286993 s=0.000 lv=-34.3 pk=-31.0 c0=3.7 c1=8.5 kw=8.29 inf=2.70 iv=1.13 n=3 d=0 sk=0 hf=96148 hm=92264 ht=283156 pf=0 pm=0 pt=0 ru=235400 rp=239284
18:45:32.146 @T t=287099 s=0.000 lv=-28.9 pk=-27.0 c0=3.4 c1=8.6 kw=8.39 inf=2.73 iv=1.13 n=3 d=0 sk=0 hf=96148 hm=92264 ht=283156 pf=0 pm=0 pt=0 ru=235400 rp=239284
18:45:32.146 @T t=287185 s=0.000 lv=-34.0 pk=-30.8 c0=4.7 c1=12.3 kw=12.06 inf=2.41 iv=1.19 n=4 d=0 sk=0 hf=96148 hm=92264 ht=283156 pf=0 pm=0 pt=0 ru=235400 rp=239284
18:45:32.146 @I ww=marvin cut=0.50 win=5 cool=1000 tick=100 wifi=1 srv=1 li=0 ln=0
18:45:32.146 @T t=287297 s=0.000 lv=-35.9 pk=-30.9 c0=4.0 c1=8.1 kw=7.90 inf=2.72 iv=1.14 n=3 d=0 sk=0 hf=96148 hm=92264 ht=283156 pf=0 pm=0 pt=0 ru=235400 rp=239284
18:45:32.146 @T t=287383 s=0.000 lv=-37.7 pk=-36.4 c0=4.4 c1=10.8 kw=10.53 inf=2.78 iv=1.18 n=3 d=0 sk=0 hf=96148 hm=92264 ht=283156 pf=0 pm=0 pt=0 ru=235400 rp=239284
18:45:32.146 @T t=287489 s=0.000 lv=-32.3 pk=-30.4 c0=6.7 c1=9.5 kw=9.28 inf=2.29 iv=1.10 n=4 d=0 sk=0 hf=96148 hm=92264 ht=283156 pf=0 pm=0 pt=0 ru=235400 rp=239284
18:45:32.146 @T t=287595 s=0.000 lv=-35.2 pk=-32.3 c0=3.5 c1=8.5 kw=8.35 inf=2.72 iv=1.14 n=3 d=0 sk=0 hf=96148 hm=92264 ht=283156 pf=0 pm=0 pt=0 ru=235400 rp=239284
18:45:32.146 @T t=287681 s=0.000 lv=-36.9 pk=-34.0 c0=9.1 c1=10.9 kw=10.47 inf=2.75 iv=1.41 n=3 d=0 sk=0 hf=96148 hm=92264 ht=283156 pf=0 pm=0 pt=0 ru=235400 rp=239284
18:45:32.146 @T t=287787 s=0.000 lv=-31.7 pk=-25.9 c0=3.5 c1=10.8 kw=10.41 inf=2.58 iv=1.10 n=4 d=0 sk=0 hf=96148 hm=92264 ht=283156 pf=0 pm=0 pt=0 ru=235400 rp=239284
18:45:32.146 @T t=287893 s=0.000 lv=-21.8 pk=-20.0 c0=4.7 c1=9.1 kw=8.90 inf=2.91 iv=1.28 n=3 d=0 sk=0 hf=96148 hm=92264 ht=283156 pf=0 pm=0 pt=0 ru=235400 rp=239284
18:45:32.146 @T t=287999 s=0.000 lv=-39.0 pk=-37.4 c0=3.4 c1=8.5 kw=8.34 inf=2.71 iv=1.14 n=3 d=0 sk=0 hf=96148 hm=92264 ht=283156 pf=0 pm=0 pt=0 ru=235400 rp=239284
18:45:32.146 @T t=288085 s=0.000 lv=-31.1 pk=-27.7 c0=4.4 c1=11.9 kw=11.68 inf=2.33 iv=1.13 n=4 d=0 sk=0 hf=96148 hm=92264 ht=283156 pf=0 pm=0 pt=0 ru=235400 rp=239284
18:45:32.146 @T t=288191 s=0.000 lv=-25.3 pk=-20.6 c0=3.4 c1=8.5 kw=8.29 inf=2.70 iv=1.13 n=3 d=0 sk=0 hf=96148 hm=92264 ht=283156 pf=0 pm=0 pt=0 ru=235400 rp=239284
18:45:32.146 @I ww=marvin cut=0.50 win=5 cool=1000 tick=100 wifi=1 srv=1 li=0 ln=0
18:45:32.146 @T t=288283 s=0.000 lv=-27.7 pk=-23.9 c0=5.2 c1=10.0 kw=9.75 inf=2.75 iv=1.14 n=3 d=0 sk=0 hf=96148 hm=92264 ht=283156 pf=0 pm=0 pt=0 ru=235400 rp=239284
18:45:32.146 @T t=288389 s=0.000 lv=-36.2 pk=-32.7 c0=6.7 c1=9.5 kw=9.35 inf=2.30 iv=1.12 n=4 d=0 sk=0 hf=96148 hm=92264 ht=283156 pf=0 pm=0 pt=0 ru=235400 rp=239284
18:45:34.656 @T t=288495 s=0.000 lv=-35.4 pk=-33.1 c0=3.5 c1=8.5 kw=8.32 inf=2.71 iv=1.14 n=3 d=0 sk=0 hf=96148 hm=92264 ht=283156 pf=0 pm=0 pt=0 ru=235400 rp=239284
18:45:34.656 @T t=288581 s=0.000 lv=-36.5 pk=-33.5 c0=4.3 c1=9.1 kw=9.17 inf=2.40 iv=1.12 n=3 d=0 sk=0 hf=96148 hm=92264 ht=283156 pf=0 pm=0 pt=0 ru=235400 rp=239284
18:45:34.656 @T t=288687 s=0.000 lv=-38.5 pk=-36.0 c0=7.1 c1=11.0 kw=10.60 inf=2.63 iv=1.14 n=4 d=0 sk=0 hf=96148 hm=92264 ht=283156 pf=0 pm=0 pt=0 ru=235400 rp=239284
18:45:34.656 @T t=288793 s=0.000 lv=-31.5 pk=-27.6 c0=3.4 c1=8.5 kw=8.34 inf=2.72 iv=1.13 n=3 d=0 sk=0 hf=96148 hm=92264 ht=283156 pf=0 pm=0 pt=0 ru=235400 rp=239284
18:45:34.656 @T t=288899 s=0.000 lv=-29.3 pk=-26.6 c0=3.6 c1=8.5 kw=8.35 inf=2.72 iv=1.12 n=3 d=0 sk=0 hf=96148 hm=92264 ht=283156 pf=0 pm=0 pt=0 ru=235400 rp=239284
18:45:34.656 @T t=288985 s=0.000 lv=-37.2 pk=-36.2 c0=4.3 c1=11.8 kw=11.55 inf=2.31 iv=1.12 n=4 d=0 sk=0 hf=96148 hm=92264 ht=283156 pf=0 pm=0 pt=0 ru=235400 rp=239284
18:45:34.656 @T t=289091 s=0.000 lv=-31.9 pk=-27.7 c0=3.5 c1=8.4 kw=8.25 inf=2.69 iv=1.11 n=3 d=0 sk=0 hf=96148 hm=92264 ht=283156 pf=0 pm=0 pt=0 ru=235400 rp=239284
18:45:34.656 @T t=289197 s=0.000 lv=-34.4 pk=-32.4 c0=6.6 c1=8.4 kw=8.24 inf=2.68 iv=1.12 n=3 d=0 sk=0 hf=96148 hm=92264 ht=283156 pf=0 pm=0 pt=0 ru=235400 rp=239284
18:45:34.656 @I ww=marvin cut=0.50 win=5 cool=1000 tick=100 wifi=1 srv=1 li=0 ln=0
18:45:34.656 @T t=289289 s=0.000 lv=-37.8 pk=-36.7 c0=4.8 c1=11.1 kw=10.91 inf=2.33 iv=1.12 n=4 d=0 sk=0 hf=96148 hm=92264 ht=283156 pf=0 pm=0 pt=0 ru=235400 rp=239284
18:45:34.656 @T t=289395 s=0.000 lv=-37.6 pk=-36.5 c0=6.9 c1=8.5 kw=8.30 inf=2.70 iv=1.13 n=3 d=0 sk=0 hf=96148 hm=92264 ht=283156 pf=0 pm=0 pt=0 ru=235400 rp=239284
18:45:34.656 @T t=289481 s=0.000 lv=-35.7 pk=-34.7 c0=4.6 c1=9.2 kw=9.30 inf=2.43 iv=1.14 n=3 d=0 sk=0 hf=96148 hm=92264 ht=283156 pf=0 pm=0 pt=0 ru=235400 rp=239284
18:45:34.656 @T t=289587 s=0.000 lv=-40.4 pk=-38.8 c0=6.7 c1=10.7 kw=10.31 inf=2.56 iv=1.09 n=4 d=0 sk=0 hf=96148 hm=92264 ht=283156 pf=0 pm=0 pt=0 ru=235400 rp=239284
18:45:34.656 @T t=289693 s=0.000 lv=-34.9 pk=-31.5 c0=9.0 c1=9.0 kw=8.78 inf=2.86 iv=1.26 n=3 d=0 sk=0 hf=94384 hm=92264 ht=283156 pf=0 pm=0 pt=0 ru=237164 rp=239284
18:45:34.656 @T t=289798 s=0.000 lv=-34.3 pk=-32.4 c0=5.6 c1=9.0 kw=8.47 inf=2.73 iv=1.15 n=3 d=0 sk=0 hf=96148 hm=92264 ht=283156 pf=0 pm=0 pt=0 ru=235400 rp=239284
18:45:34.656 @T t=289885 s=0.000 lv=-35.0 pk=-33.9 c0=5.2 c1=12.4 kw=12.11 inf=2.45 iv=1.22 n=4 d=0 sk=0 hf=96148 hm=92264 ht=283156 pf=0 pm=0 pt=0 ru=235400 rp=239284
18:45:34.656 @T t=289991 s=0.000 lv=-38.4 pk=-37.2 c0=6.1 c1=8.5 kw=8.30 inf=2.70 iv=1.12 n=3 d=0 sk=0 hf=96148 hm=92264 ht=283156 pf=0 pm=0 pt=0 ru=235400 rp=239284
18:45:34.656 @T t=290097 s=0.000 lv=-41.0 pk=-39.4 c0=3.5 c1=8.5 kw=8.34 inf=2.72 iv=1.13 n=3 d=0 sk=0 hf=96148 hm=92264 ht=283156 pf=0 pm=0 pt=0 ru=235400 rp=239284
18:45:34.656 @T t=290183 s=0.000 lv=-40.3 pk=-39.0 c0=4.2 c1=11.7 kw=11.60 inf=2.32 iv=1.11 n=4 d=0 sk=0 hf=96148 hm=92264 ht=283156 pf=0 pm=0 pt=0 ru=235400 rp=239284
18:45:34.656 @I ww=marvin cut=0.50 win=5 cool=1000 tick=100 wifi=1 srv=1 li=0 ln=0
18:45:34.656 @T t=290295 s=0.000 lv=-39.5 pk=-38.5 c0=3.9 c1=8.1 kw=7.83 inf=2.69 iv=1.11 n=3 d=0 sk=0 hf=96148 hm=92264 ht=283156 pf=0 pm=0 pt=0 ru=235400 rp=239284
18:45:34.656 @T t=290381 s=0.000 lv=-39.7 pk=-38.5 c0=4.3 c1=9.3 kw=9.34 inf=2.45 iv=1.15 n=3 d=0 sk=0 hf=96148 hm=92264 ht=283156 pf=0 pm=0 pt=0 ru=235400 rp=239284
18:45:34.656 @T t=290487 s=0.000 lv=-39.5 pk=-36.8 c0=3.5 c1=10.8 kw=10.40 inf=2.58 iv=1.10 n=4 d=0 sk=0 hf=96148 hm=92264 ht=283156 pf=0 pm=0 pt=0 ru=235400 rp=239284
18:45:34.656 @T t=290593 s=0.000 lv=-37.4 pk=-35.6 c0=3.8 c1=8.9 kw=8.70 inf=2.84 iv=1.22 n=3 d=0 sk=0 hf=96148 hm=92264 ht=283156 pf=0 pm=0 pt=0 ru=235400 rp=239284
18:45:34.656 @T t=290699 s=0.000 lv=-33.2 pk=-30.0 c0=6.5 c1=8.0 kw=8.31 inf=2.72 iv=1.13 n=3 d=0 sk=0 hf=96148 hm=92264 ht=283156 pf=0 pm=0 pt=0 ru=235400 rp=239284
18:45:34.656 @T t=290788 s=0.000 lv=-34.7 pk=-32.6 c0=4.0 c1=12.2 kw=11.41 inf=2.34 iv=1.13 n=4 d=0 sk=0 hf=96148 hm=92264 ht=283156 pf=0 pm=0 pt=0 ru=235400 rp=239284
18:45:34.656 @T t=290894 s=0.000 lv=-33.0 pk=-30.9 c0=3.6 c1=8.7 kw=8.48 inf=2.76 iv=1.16 n=3 d=0 sk=0 hf=96148 hm=92264 ht=283156 pf=0 pm=0 pt=0 ru=235400 rp=239284
18:45:36.850 @T t=291000 s=0.000 lv=-32.5 pk=-31.1 c0=3.4 c1=8.5 kw=8.35 inf=2.72 iv=1.13 n=3 d=0 sk=0 hf=96148 hm=92264 ht=283156 pf=0 pm=0 pt=0 ru=235400 rp=239284
18:45:36.850 @T t=291086 s=0.000 lv=-35.0 pk=-32.6 c0=7.5 c1=12.0 kw=11.73 inf=2.34 iv=1.13 n=4 d=0 sk=0 hf=96148 hm=92264 ht=283156 pf=0 pm=0 pt=0 ru=235400 rp=239284
18:45:36.850 @T t=291192 s=0.000 lv=-37.4 pk=-33.6 c0=3.4 c1=8.5 kw=8.31 inf=2.71 iv=1.13 n=3 d=0 sk=0 hf=96148 hm=92264 ht=283156 pf=0 pm=0 pt=0 ru=235400 rp=239284
18:45:36.851 @I ww=marvin cut=0.50 win=5 cool=1000 tick=100 wifi=1 srv=1 li=0 ln=0
18:45:36.851 @T t=291284 s=0.000 lv=-29.3 pk=-24.0 c0=4.8 c1=9.9 kw=9.70 inf=2.74 iv=1.15 n=3 d=0 sk=0 hf=96148 hm=92264 ht=283156 pf=0 pm=0 pt=0 ru=235400 rp=239284
18:45:36.851 [status] up 291s | mic -32.3 dBFS (peak -20.0) | score max 0.00 | detections 0 | inferences 333 (33.3/s; model 1.15 ms each, paused in quiet 0%; features 1.44 ms per 30 ms) | CPU core0  4.9% core1  9.6% (wake word pipeline 9.34% of one core) | RAM used 229 KB (peak 233 KB, 93 KB free) | wifi OK, server OK | audio lost since boot: i2s 0 net 0
18:45:36.851 @T t=291391 s=0.000 lv=-21.1 pk=-19.8 c0=7.9 c1=10.0 kw=9.79 inf=2.44 iv=1.21 n=4 d=0 sk=0 hf=96148 hm=92264 ht=283156 pf=0 pm=0 pt=0 ru=235400 rp=239284
18:45:36.851 @T t=291497 s=0.000 lv=-26.5 pk=-23.7 c0=3.5 c1=8.5 kw=8.29 inf=2.70 iv=1.13 n=3 d=0 sk=0 hf=96148 hm=92264 ht=283156 pf=0 pm=0 pt=0 ru=235400 rp=239284
18:45:36.851 @T t=291583 s=0.000 lv=-34.6 pk=-30.1 c0=4.4 c1=10.7 kw=10.44 inf=2.76 iv=1.17 n=3 d=0 sk=0 hf=96148 hm=92264 ht=283156 pf=0 pm=0 pt=0 ru=235400 rp=239284
18:45:36.851 @T t=291689 s=0.000 lv=-23.1 pk=-21.4 c0=3.8 c1=9.8 kw=9.64 inf=2.38 iv=1.16 n=4 d=0 sk=0 hf=96148 hm=92264 ht=283156 pf=0 pm=0 pt=0 ru=235400 rp=239284
18:45:36.851 @T t=291795 s=0.000 lv=-36.5 pk=-33.1 c0=7.3 c1=9.9 kw=9.12 inf=2.97 iv=1.29 n=3 d=0 sk=0 hf=96148 hm=92264 ht=283156 pf=0 pm=0 pt=0 ru=235400 rp=239284
18:45:36.851 @T t=291881 s=0.000 lv=-34.7 pk=-30.8 c0=9.6 c1=9.8 kw=9.87 inf=2.59 iv=1.27 n=3 d=0 sk=0 hf=96148 hm=92264 ht=283156 pf=0 pm=0 pt=0 ru=235400 rp=239284
18:45:36.851 @T t=291987 s=0.000 lv=-32.4 pk=-29.3 c0=3.5 c1=10.8 kw=10.39 inf=2.58 iv=1.09 n=4 d=0 sk=0 hf=96148 hm=92264 ht=283156 pf=0 pm=0 pt=0 ru=235400 rp=239284
18:45:36.851 @T t=292093 s=0.000 lv=-32.8 pk=-30.6 c0=3.5 c1=8.5 kw=8.34 inf=2.72 iv=1.14 n=3 d=0 sk=0 hf=96148 hm=92264 ht=283156 pf=0 pm=0 pt=0 ru=235400 rp=239284
18:45:36.851 @T t=292199 s=0.000 lv=-31.5 pk=-27.3 c0=3.4 c1=8.5 kw=8.33 inf=2.71 iv=1.13 n=3 d=0 sk=0 hf=96148 hm=92264 ht=283156 pf=0 pm=0 pt=0 ru=235400 rp=239284
18:45:36.851 @I ww=marvin cut=0.50 win=5 cool=1000 tick=100 wifi=1 srv=1 li=0 ln=0
18:45:36.851 @T t=292291 s=0.000 lv=-28.2 pk=-25.0 c0=5.0 c1=11.2 kw=11.00 inf=2.35 iv=1.15 n=4 d=0 sk=0 hf=96148 hm=92264 ht=283156 pf=0 pm=0 pt=0 ru=235400 rp=239284
18:45:36.851 @T t=292397 s=0.000 lv=-36.1 pk=-33.6 c0=3.6 c1=8.6 kw=8.38 inf=2.73 iv=1.15 n=3 d=0 sk=0 hf=96148 hm=92264 ht=283156 pf=0 pm=0 pt=0 ru=235400 rp=239284
18:45:36.851 @T t=292484 s=0.000 lv=-39.0 pk=-38.1 c0=4.2 c1=10.5 kw=10.28 inf=2.75 iv=1.16 n=3 d=0 sk=0 hf=96148 hm=92264 ht=283156 pf=0 pm=0 pt=0 ru=235400 rp=239284
18:45:36.851 @T t=292590 s=0.000 lv=-39.1 pk=-38.2 c0=3.5 c1=9.4 kw=9.26 inf=2.28 iv=1.10 n=4 d=0 sk=0 hf=96148 hm=92264 ht=283156 pf=0 pm=0 pt=0 ru=235400 rp=239284
18:45:36.851 @T t=292696 s=0.000 lv=-38.1 pk=-36.3 c0=3.4 c1=8.5 kw=8.29 inf=2.70 iv=1.13 n=3 d=0 sk=0 hf=96148 hm=92264 ht=283156 pf=0 pm=0 pt=0 ru=235400 rp=239284
18:45:36.851 @T t=292782 s=0.000 lv=-38.4 pk=-36.5 c0=5.3 c1=10.6 kw=10.69 inf=2.82 iv=1.19 n=3 d=0 sk=0 hf=96148 hm=92264 ht=283156 pf=0 pm=0 pt=0 ru=235400 rp=239284
18:45:36.851 @T t=292888 s=0.000 lv=-41.0 pk=-38.5 c0=6.9 c1=9.9 kw=9.41 inf=2.32 iv=1.13 n=4 d=0 sk=0 hf=96148 hm=92264 ht=283156 pf=0 pm=0 pt=0 ru=235400 rp=239284
18:45:36.851 @T t=292994 s=0.000 lv=-41.3 pk=-40.3 c0=3.4 c1=8.5 kw=8.30 inf=2.70 iv=1.13 n=3 d=0 sk=0 hf=96148 hm=92264 ht=283156 pf=0 pm=0 pt=0 ru=235400 rp=239284
18:45:36.851 I (293458) wifi:[ADDBA]RX DELBA, reason:37, delete tid:0, initiator:1(originator)
18:45:36.851 @T t=293100 s=0.000 lv=-40.7 pk=-39.8 c0=5.4 c1=8.6 kw=8.41 inf=2.73 iv=1.12 n=3 d=0 sk=0 hf=96148 hm=92264 ht=283156 pf=0 pm=0 pt=0 ru=235400 rp=239284
18:45:36.851 @T t=293186 s=0.000 lv=-40.6 pk=-40.0 c0=4.3 c1=11.9 kw=11.72 inf=2.34 iv=1.14 n=4 d=0 sk=0 hf=96148 hm=92264 ht=283156 pf=0 pm=0 pt=0 ru=235400 rp=239284
18:45:39.436 @I ww=marvin cut=0.50 win=5 cool=1000 tick=100 wifi=1 srv=1 li=0 ln=0
18:45:39.437 @T t=293298 s=0.000 lv=-40.2 pk=-39.0 c0=3.9 c1=7.9 kw=7.78 inf=2.67 iv=1.10 n=3 d=0 sk=0 hf=96148 hm=92264 ht=283156 pf=0 pm=0 pt=0 ru=235400 rp=239284
18:45:39.437 @T t=293384 s=0.000 lv=-26.2 pk=-24.7 c0=4.2 c1=10.7 kw=10.46 inf=2.76 iv=1.15 n=3 d=0 sk=0 hf=96148 hm=92264 ht=283156 pf=0 pm=0 pt=0 ru=235400 rp=239284
18:45:39.437 @T t=293490 s=0.000 lv=-34.9 pk=-32.4 c0=3.5 c1=9.3 kw=9.17 inf=2.26 iv=1.08 n=4 d=0 sk=0 hf=96148 hm=92264 ht=283156 pf=0 pm=0 pt=0 ru=235400 rp=239284
18:45:39.437 @T t=293596 s=0.000 lv=-35.2 pk=-33.3 c0=3.5 c1=8.5 kw=8.31 inf=2.71 iv=1.12 n=3 d=0 sk=0 hf=96148 hm=92264 ht=283156 pf=0 pm=0 pt=0 ru=235400 rp=239284
18:45:39.437 @T t=293682 s=0.000 lv=-35.8 pk=-33.1 c0=7.8 c1=10.3 kw=10.26 inf=2.71 iv=1.13 n=3 d=0 sk=0 hf=96148 hm=92264 ht=283156 pf=0 pm=0 pt=0 ru=235400 rp=239284
18:45:39.437 @T t=293789 s=0.000 lv=-37.1 pk=-35.5 c0=5.3 c1=10.0 kw=9.60 inf=2.39 iv=1.18 n=4 d=0 sk=0 hf=94384 hm=92264 ht=283156 pf=0 pm=0 pt=0 ru=237164 rp=239284
18:45:39.437 @T t=293896 s=0.000 lv=-30.1 pk=-28.5 c0=4.0 c1=8.6 kw=8.44 inf=2.78 iv=1.18 n=3 d=0 sk=0 hf=94384 hm=92264 ht=283156 pf=0 pm=0 pt=0 ru=237164 rp=239284
18:45:39.437 @T t=293981 s=0.000 lv=-38.5 pk=-35.3 c0=8.9 c1=10.4 kw=9.99 inf=2.59 iv=1.28 n=3 d=0 sk=0 hf=96148 hm=92264 ht=283156 pf=0 pm=0 pt=0 ru=235400 rp=239284
18:45:39.437 @T t=294087 s=0.000 lv=-27.8 pk=-23.1 c0=7.4 c1=11.1 kw=10.66 inf=2.65 iv=1.15 n=4 d=0 sk=0 hf=95952 hm=92264 ht=283156 pf=0 pm=0 pt=0 ru=235596 rp=239284
18:45:39.437 @T t=294193 s=0.000 lv=-27.7 pk=-25.9 c0=3.7 c1=8.5 kw=8.30 inf=2.70 iv=1.12 n=3 d=0 sk=0 hf=96148 hm=92264 ht=283156 pf=0 pm=0 pt=0 ru=235400 rp=239284
18:45:39.437 @I ww=marvin cut=0.50 win=5 cool=1000 tick=100 wifi=1 srv=1 li=0 ln=0
18:45:39.437 @T t=294285 s=0.000 lv=-38.9 pk=-35.3 c0=4.9 c1=9.9 kw=9.67 inf=2.73 iv=1.15 n=3 d=0 sk=0 hf=96148 hm=92264 ht=283156 pf=0 pm=0 pt=0 ru=235400 rp=239284
18:45:39.437 @T t=294391 s=0.000 lv=-37.6 pk=-36.4 c0=3.5 c1=9.5 kw=9.31 inf=2.29 iv=1.10 n=4 d=0 sk=0 hf=96148 hm=92264 ht=283156 pf=0 pm=0 pt=0 ru=235400 rp=239284
18:45:39.437 @T t=294497 s=0.000 lv=-31.1 pk=-29.1 c0=3.5 c1=8.5 kw=8.32 inf=2.71 iv=1.12 n=3 d=0 sk=0 hf=96148 hm=92264 ht=283156 pf=0 pm=0 pt=0 ru=235400 rp=239284
18:45:39.437 @T t=294584 s=0.000 lv=-39.7 pk=-38.4 c0=4.3 c1=10.5 kw=10.32 inf=2.76 iv=1.16 n=3 d=0 sk=0 hf=96148 hm=92264 ht=283156 pf=0 pm=0 pt=0 ru=235400 rp=239284
18:45:39.437 @T t=294690 s=0.000 lv=-24.2 pk=-22.1 c0=3.4 c1=9.4 kw=9.27 inf=2.28 iv=1.09 n=4 d=0 sk=0 hf=96148 hm=92264 ht=283156 pf=0 pm=0 pt=0 ru=235400 rp=239284
18:45:39.437 @T t=294796 s=0.000 lv=-29.6 pk=-24.2 c0=3.4 c1=8.4 kw=8.22 inf=2.67 iv=1.11 n=3 d=0 sk=0 hf=96148 hm=92264 ht=283156 pf=0 pm=0 pt=0 ru=235400 rp=239284
18:45:39.437 @T t=294882 s=0.000 lv=-34.3 pk=-31.8 c0=4.5 c1=10.5 kw=10.48 inf=2.77 iv=1.17 n=3 d=0 sk=0 hf=96148 hm=92264 ht=283156 pf=0 pm=0 pt=0 ru=235400 rp=239284
18:45:39.437 @T t=294988 s=0.000 lv=-35.4 pk=-33.5 c0=4.0 c1=9.9 kw=9.50 inf=2.34 iv=1.14 n=4 d=0 sk=0 hf=96148 hm=92264 ht=283156 pf=0 pm=0 pt=0 ru=235400 rp=239284
18:45:39.437 @T t=295094 s=0.000 lv=-33.9 pk=-31.3 c0=3.9 c1=8.9 kw=8.75 inf=2.86 iv=1.23 n=3 d=0 sk=0 hf=96148 hm=92264 ht=283156 pf=0 pm=0 pt=0 ru=235400 rp=239284
18:45:39.437 @T t=295200 s=0.000 lv=-32.0 pk=-29.9 c0=3.4 c1=8.5 kw=8.31 inf=2.70 iv=1.13 n=3 d=0 sk=0 hf=96148 hm=92264 ht=283156 pf=0 pm=0 pt=0 ru=235400 rp=239284
18:45:39.437 @I ww=marvin cut=0.50 win=5 cool=1000 tick=100 wifi=1 srv=1 li=0 ln=0
18:45:39.437 @T t=295291 s=0.000 lv=-36.3 pk=-34.0 c0=13.1 c1=11.4 kw=11.19 inf=2.36 iv=1.14 n=4 d=0 sk=0 hf=96148 hm=92264 ht=283156 pf=0 pm=0 pt=0 ru=235400 rp=239284
18:45:39.437 @T t=295397 s=0.000 lv=-38.6 pk=-36.5 c0=3.6 c1=8.5 kw=8.36 inf=2.72 iv=1.14 n=3 d=0 sk=0 hf=96148 hm=92264 ht=283156 pf=0 pm=0 pt=0 ru=235400 rp=239284
18:45:39.437 @T t=295483 s=0.000 lv=-34.0 pk=-31.7 c0=4.3 c1=10.7 kw=10.46 inf=2.76 iv=1.17 n=3 d=0 sk=0 hf=96148 hm=92264 ht=283156 pf=0 pm=0 pt=0 ru=235400 rp=239284
18:45:39.437 @T t=295589 s=0.000 lv=-38.7 pk=-37.5 c0=3.5 c1=9.5 kw=9.29 inf=2.29 iv=1.10 n=4 d=0 sk=0 hf=96148 hm=92264 ht=283156 pf=0 pm=0 pt=0 ru=235400 rp=239284
18:45:39.437 @T t=295695 s=0.000 lv=-32.0 pk=-30.2 c0=3.4 c1=8.5 kw=8.30 inf=2.70 iv=1.13 n=3 d=0 sk=0 hf=96148 hm=92264 ht=283156 pf=0 pm=0 pt=0 ru=235400 rp=239284
18:45:41.942 @T t=295781 s=0.000 lv=-30.2 pk=-29.2 c0=4.2 c1=9.2 kw=9.25 inf=2.42 iv=1.14 n=3 d=0 sk=0 hf=96148 hm=92264 ht=283156 pf=0 pm=0 pt=0 ru=235400 rp=239284
18:45:41.943 @T t=295887 s=0.000 lv=-31.4 pk=-29.2 c0=3.6 c1=10.9 kw=10.46 inf=2.60 iv=1.12 n=4 d=0 sk=0 hf=96148 hm=92264 ht=283156 pf=0 pm=0 pt=0 ru=235400 rp=239284
18:45:41.943 @T t=295993 s=0.000 lv=-20.7 pk=-19.6 c0=10.7 c1=10.0 kw=9.70 inf=3.18 iv=1.52 n=3 d=0 sk=0 hf=96148 hm=92264 ht=283156 pf=0 pm=0 pt=0 ru=235400 rp=239284
18:45:41.943 @T t=296099 s=0.000 lv=-30.8 pk=-27.7 c0=4.1 c1=8.6 kw=8.43 inf=2.74 iv=1.15 n=3 d=0 sk=0 hf=96148 hm=92264 ht=283156 pf=0 pm=0 pt=0 ru=235400 rp=239284
18:45:41.943 @T t=296185 s=0.000 lv=-35.9 pk=-33.1 c0=4.8 c1=12.4 kw=12.11 inf=2.42 iv=1.20 n=4 d=0 sk=0 hf=96148 hm=92264 ht=283156 pf=0 pm=0 pt=0 ru=235400 rp=239284
18:45:41.943 @I ww=marvin cut=0.50 win=5 cool=1000 tick=100 wifi=1 srv=1 li=0 ln=0
18:45:41.943 @T t=296296 s=0.000 lv=-33.6 pk=-31.5 c0=10.9 c1=8.1 kw=7.94 inf=2.71 iv=1.14 n=3 d=0 sk=0 hf=96148 hm=92264 ht=283156 pf=0 pm=0 pt=0 ru=235400 rp=239284
18:45:41.943 @T t=296382 s=0.000 lv=-33.6 pk=-31.9 c0=4.4 c1=10.5 kw=10.44 inf=2.76 iv=1.17 n=3 d=0 sk=0 hf=96148 hm=92264 ht=283156 pf=0 pm=0 pt=0 ru=235400 rp=239284
18:45:41.943 @T t=296488 s=0.000 lv=-28.4 pk=-26.0 c0=3.5 c1=9.6 kw=9.24 inf=2.28 iv=1.10 n=4 d=0 sk=0 hf=96148 hm=92264 ht=283156 pf=0 pm=0 pt=0 ru=235400 rp=239284
18:45:41.943 @T t=296594 s=0.000 lv=-28.6 pk=-26.9 c0=3.5 c1=8.5 kw=8.37 inf=2.73 iv=1.14 n=3 d=0 sk=0 hf=96148 hm=92264 ht=283156 pf=0 pm=0 pt=0 ru=235400 rp=239284
18:45:41.943 @T t=296700 s=0.000 lv=-35.9 pk=-34.3 c0=3.4 c1=8.5 kw=8.29 inf=2.70 iv=1.12 n=3 d=0 sk=0 hf=96148 hm=92264 ht=283156 pf=0 pm=0 pt=0 ru=235400 rp=239284
18:45:41.943 @T t=296786 s=0.000 lv=-32.3 pk=-30.2 c0=7.4 c1=11.9 kw=11.65 inf=2.32 iv=1.12 n=4 d=0 sk=0 hf=96148 hm=92264 ht=283156 pf=0 pm=0 pt=0 ru=235400 rp=239284
18:45:41.943 @T t=296892 s=0.000 lv=-36.0 pk=-32.6 c0=3.6 c1=8.6 kw=8.45 inf=2.75 iv=1.16 n=3 d=0 sk=0 hf=96148 hm=92264 ht=283156 pf=0 pm=0 pt=0 ru=235400 rp=239284
18:45:41.943 @T t=296998 s=0.000 lv=-38.9 pk=-37.7 c0=3.9 c1=8.7 kw=8.51 inf=2.77 iv=1.17 n=3 d=0 sk=0 hf=96148 hm=92264 ht=283156 pf=0 pm=0 pt=0 ru=235400 rp=239284
18:45:41.943 @T t=297084 s=0.000 lv=-40.3 pk=-40.1 c0=4.4 c1=11.9 kw=11.67 inf=2.33 iv=1.13 n=4 d=0 sk=0 hf=96148 hm=92264 ht=283156 pf=0 pm=0 pt=0 ru=235400 rp=239284
18:45:41.943 @T t=297190 s=0.000 lv=-39.6 pk=-38.4 c0=3.4 c1=8.5 kw=8.31 inf=2.71 iv=1.13 n=3 d=0 sk=0 hf=96148 hm=92264 ht=283156 pf=0 pm=0 pt=0 ru=235400 rp=239284
18:45:41.943 @I ww=marvin cut=0.50 win=5 cool=1000 tick=100 wifi=1 srv=1 li=0 ln=0
18:45:41.943 @T t=297282 s=0.000 lv=-39.3 pk=-37.7 c0=4.8 c1=9.6 kw=9.61 inf=2.71 iv=1.13 n=3 d=0 sk=0 hf=96148 hm=92264 ht=283156 pf=0 pm=0 pt=0 ru=235400 rp=239284
18:45:41.943 @T t=297388 s=0.000 lv=-34.1 pk=-32.3 c0=3.9 c1=9.8 kw=9.39 inf=2.31 iv=1.11 n=4 d=0 sk=0 hf=96148 hm=92264 ht=283156 pf=0 pm=0 pt=0 ru=235400 rp=239284
18:45:41.943 @T t=297494 s=0.000 lv=-31.7 pk=-29.3 c0=4.0 c1=8.5 kw=8.33 inf=2.71 iv=1.13 n=3 d=0 sk=0 hf=96148 hm=92264 ht=283156 pf=0 pm=0 pt=0 ru=235400 rp=239284
18:45:41.943 @T t=297600 s=0.000 lv=-33.5 pk=-28.7 c0=3.5 c1=8.5 kw=8.32 inf=2.70 iv=1.12 n=3 d=0 sk=0 hf=96148 hm=92264 ht=283156 pf=0 pm=0 pt=0 ru=235400 rp=239284
18:45:41.943 @T t=297686 s=0.000 lv=-30.9 pk=-27.5 c0=4.2 c1=11.8 kw=11.55 inf=2.30 iv=1.10 n=4 d=0 sk=0 hf=96148 hm=92264 ht=283156 pf=0 pm=0 pt=0 ru=235400 rp=239284
18:45:41.943 @T t=297792 s=0.000 lv=-30.3 pk=-26.6 c0=3.5 c1=8.4 kw=8.23 inf=2.68 iv=1.10 n=3 d=0 sk=0 hf=96148 hm=92264 ht=283156 pf=0 pm=0 pt=0 ru=235400 rp=239284
18:45:41.943 @T t=297898 s=0.000 lv=-28.2 pk=-25.4 c0=3.6 c1=8.6 kw=8.39 inf=2.73 iv=1.14 n=3 d=0 sk=0 hf=96148 hm=92264 ht=283156 pf=0 pm=0 pt=0 ru=235400 rp=239284
18:45:41.943 @T t=297984 s=0.000 lv=-38.8 pk=-38.0 c0=7.0 c1=12.5 kw=12.21 inf=2.44 iv=1.22 n=4 d=0 sk=0 hf=94384 hm=92264 ht=283156 pf=0 pm=0 pt=0 ru=237164 rp=239284
18:45:41.943 @T t=298089 s=0.000 lv=-35.5 pk=-33.9 c0=5.9 c1=9.3 kw=8.72 inf=2.82 iv=1.22 n=3 d=0 sk=0 hf=95952 hm=92264 ht=283156 pf=0 pm=0 pt=0 ru=235596 rp=239284
18:45:41.943 @T t=298195 s=0.000 lv=-36.3 pk=-34.4 c0=3.6 c1=8.4 kw=8.29 inf=2.70 iv=1.13 n=3 d=0 sk=0 hf=96148 hm=92264 ht=283156 pf=0 pm=0 pt=0 ru=235400 rp=239284
18:45:41.943 @I ww=marvin cut=0.50 win=5 cool=1000 tick=100 wifi=1 srv=1 li=0 ln=0
18:45:44.531 @T t=298287 s=0.000 lv=-33.9 pk=-32.6 c0=5.1 c1=11.2 kw=10.96 inf=2.34 iv=1.15 n=4 d=0 sk=0 hf=96148 hm=92264 ht=283156 pf=0 pm=0 pt=0 ru=235400 rp=239284
18:45:44.531 @T t=298393 s=0.000 lv=-34.2 pk=-31.3 c0=3.5 c1=8.5 kw=8.32 inf=2.71 iv=1.13 n=3 d=0 sk=0 hf=96148 hm=92264 ht=283156 pf=0 pm=0 pt=0 ru=235400 rp=239284
18:45:44.531 @T t=298499 s=0.000 lv=-33.1 pk=-31.0 c0=3.8 c1=8.9 kw=8.66 inf=2.82 iv=1.22 n=3 d=0 sk=0 hf=96148 hm=92264 ht=283156 pf=0 pm=0 pt=0 ru=235400 rp=239284
18:45:44.531 @T t=298585 s=0.000 lv=-32.8 pk=-31.0 c0=4.5 c1=11.9 kw=11.69 inf=2.34 iv=1.14 n=4 d=0 sk=0 hf=96148 hm=92264 ht=283156 pf=0 pm=0 pt=0 ru=235400 rp=239284
18:45:44.531 @T t=298691 s=0.000 lv=-35.2 pk=-33.0 c0=3.4 c1=8.4 kw=8.25 inf=2.69 iv=1.11 n=3 d=0 sk=0 hf=96148 hm=92264 ht=283156 pf=0 pm=0 pt=0 ru=235400 rp=239284
18:45:44.531 @T t=298797 s=0.000 lv=-32.1 pk=-29.3 c0=3.4 c1=8.5 kw=8.30 inf=2.70 iv=1.12 n=3 d=0 sk=0 hf=96148 hm=92264 ht=283156 pf=0 pm=0 pt=0 ru=235400 rp=239284
18:45:44.531 @T t=298883 s=0.000 lv=-36.2 pk=-32.3 c0=4.5 c1=11.8 kw=11.81 inf=2.36 iv=1.15 n=4 d=0 sk=0 hf=96148 hm=92264 ht=283156 pf=0 pm=0 pt=0 ru=235400 rp=239284
18:45:44.531 @T t=298989 s=0.000 lv=-33.5 pk=-33.1 c0=3.4 c1=8.7 kw=8.27 inf=2.69 iv=1.11 n=3 d=0 sk=0 hf=96148 hm=92264 ht=283156 pf=0 pm=0 pt=0 ru=235400 rp=239284
18:45:44.531 @T t=299095 s=0.000 lv=-33.9 pk=-31.5 c0=3.9 c1=8.5 kw=8.36 inf=2.72 iv=1.13 n=3 d=0 sk=0 hf=96148 hm=92264 ht=283156 pf=0 pm=0 pt=0 ru=235400 rp=239284
18:45:44.531 @T t=299181 s=0.000 lv=-38.4 pk=-36.8 c0=8.2 c1=9.3 kw=9.37 inf=2.45 iv=1.16 n=3 d=0 sk=0 hf=96148 hm=92264 ht=283156 pf=0 pm=0 pt=0 ru=235400 rp=239284
18:45:44.531 @I ww=marvin cut=0.50 win=5 cool=1000 tick=100 wifi=1 srv=1 li=0 ln=0
18:45:44.531 @T t=299296 s=0.000 lv=-39.2 pk=-38.2 c0=3.9 c1=10.2 kw=9.82 inf=2.65 iv=1.17 n=4 d=0 sk=0 hf=96148 hm=92264 ht=283156 pf=0 pm=0 pt=0 ru=235400 rp=239284
18:45:44.531 @T t=299382 s=0.000 lv=-40.4 pk=-39.1 c0=4.3 c1=10.5 kw=10.45 inf=2.76 iv=1.17 n=3 d=0 sk=0 hf=96148 hm=92264 ht=283156 pf=0 pm=0 pt=0 ru=235400 rp=239284
18:45:44.531 @T t=299488 s=0.000 lv=-41.4 pk=-40.3 c0=3.5 c1=9.6 kw=9.26 inf=2.28 iv=1.09 n=4 d=0 sk=0 hf=96148 hm=92264 ht=283156 pf=0 pm=0 pt=0 ru=235400 rp=239284
18:45:44.531 @T t=299594 s=0.000 lv=-39.1 pk=-38.4 c0=7.0 c1=8.9 kw=8.73 inf=2.85 iv=1.23 n=3 d=0 sk=0 hf=96148 hm=92264 ht=283156 pf=0 pm=0 pt=0 ru=235400 rp=239284
18:45:44.531 @T t=299700 s=0.000 lv=-39.3 pk=-37.9 c0=3.5 c1=8.6 kw=8.39 inf=2.73 iv=1.14 n=3 d=0 sk=0 hf=96148 hm=92264 ht=283156 pf=0 pm=0 pt=0 ru=235400 rp=239284
18:45:44.531 @T t=299789 s=0.000 lv=-40.8 pk=-39.7 c0=3.9 c1=11.6 kw=11.34 inf=2.34 iv=1.12 n=4 d=0 sk=0 hf=96148 hm=92264 ht=283156 pf=0 pm=0 pt=0 ru=235400 rp=239284
18:45:44.531 @T t=299895 s=0.000 lv=-39.5 pk=-38.4 c0=3.6 c1=8.6 kw=8.45 inf=2.76 iv=1.16 n=3 d=0 sk=0 hf=96148 hm=92264 ht=283156 pf=0 pm=0 pt=0 ru=235400 rp=239284
18:45:44.531 @T t=299981 s=0.000 lv=-39.1 pk=-38.2 c0=4.2 c1=9.2 kw=9.27 inf=2.42 iv=1.14 n=3 d=0 sk=0 hf=96148 hm=92264 ht=283156 pf=0 pm=0 pt=0 ru=235400 rp=239284
18:45:44.531 @T t=300087 s=0.000 lv=-37.7 pk=-35.3 c0=8.1 c1=12.3 kw=11.39 inf=2.83 iv=1.29 n=4 d=0 sk=0 hf=96148 hm=92264 ht=283156 pf=0 pm=0 pt=0 ru=235400 rp=239284
18:45:44.531 @T t=300193 s=0.000 lv=-35.1 pk=-31.4 c0=3.5 c1=8.5 kw=8.37 inf=2.73 iv=1.14 n=3 d=0 sk=0 hf=96148 hm=92264 ht=283156 pf=0 pm=0 pt=0 ru=235400 rp=239284
18:45:44.531 @I ww=marvin cut=0.50 win=5 cool=1000 tick=100 wifi=1 srv=1 li=0 ln=0
18:45:44.531 @T t=300285 s=0.000 lv=-35.0 pk=-33.3 c0=4.8 c1=9.9 kw=9.69 inf=2.74 iv=1.15 n=3 d=0 sk=0 hf=96148 hm=92264 ht=283156 pf=0 pm=0 pt=0 ru=235400 rp=239284
18:45:44.531 @T t=300391 s=0.000 lv=-35.9 pk=-34.2 c0=3.5 c1=9.5 kw=9.35 inf=2.31 iv=1.11 n=4 d=0 sk=0 hf=96148 hm=92264 ht=283156 pf=0 pm=0 pt=0 ru=235400 rp=239284
18:45:44.531 @T t=300497 s=0.000 lv=-35.1 pk=-34.5 c0=3.5 c1=8.5 kw=8.33 inf=2.71 iv=1.13 n=3 d=0 sk=0 hf=96148 hm=92264 ht=283156 pf=0 pm=0 pt=0 ru=235400 rp=239284
18:45:44.531 @T t=300583 s=0.000 lv=-34.9 pk=-33.2 c0=4.4 c1=10.7 kw=10.49 inf=2.77 iv=1.18 n=3 d=0 sk=0 hf=96148 hm=92264 ht=283156 pf=0 pm=0 pt=0 ru=235400 rp=239284
18:45:44.531 @T t=300689 s=0.000 lv=-36.8 pk=-34.5 c0=3.8 c1=9.8 kw=9.62 inf=2.37 iv=1.17 n=4 d=0 sk=0 hf=96148 hm=92264 ht=283156 pf=0 pm=0 pt=0 ru=235400 rp=239284
18:45:44.531 @T t=300795 s=0.000 lv=-31.9 pk=-28.7 c0=3.4 c1=8.5 kw=8.33 inf=2.71 iv=1.14 n=3 d=0 sk=0 hf=96148 hm=92264 ht=283156 pf=0 pm=0 pt=0 ru=235400 rp=239284
18:45:46.836 @T t=300881 s=0.000 lv=-35.8 pk=-34.3 c0=4.5 c1=9.3 kw=9.36 inf=2.45 iv=1.16 n=3 d=0 sk=0 hf=96148 hm=92264 ht=283156 pf=0 pm=0 pt=0 ru=235400 rp=239284
18:45:46.836 @T t=300987 s=0.000 lv=-34.9 pk=-33.5 c0=3.4 c1=10.8 kw=10.39 inf=2.58 iv=1.10 n=4 d=0 sk=0 hf=96148 hm=92264 ht=283156 pf=0 pm=0 pt=0 ru=235400 rp=239284
18:45:46.836 @T t=301093 s=0.000 lv=-37.8 pk=-34.6 c0=5.2 c1=9.0 kw=8.81 inf=2.88 iv=1.26 n=3 d=0 sk=0 hf=96148 hm=92264 ht=283156 pf=0 pm=0 pt=0 ru=235400 rp=239284
18:45:46.836 @T t=301199 s=0.000 lv=-33.0 pk=-28.5 c0=3.5 c1=8.5 kw=8.31 inf=2.70 iv=1.12 n=3 d=0 sk=0 hf=96148 hm=92264 ht=283156 pf=0 pm=0 pt=0 ru=235400 rp=239284
18:45:46.836 @I ww=marvin cut=0.50 win=5 cool=1000 tick=100 wifi=1 srv=1 li=0 ln=0
18:45:46.836 @T t=301291 s=0.000 lv=-26.3 pk=-24.3 c0=5.0 c1=11.3 kw=11.03 inf=2.36 iv=1.15 n=4 d=0 sk=0 hf=96148 hm=92264 ht=283156 pf=0 pm=0 pt=0 ru=235400 rp=239284
18:45:46.836 [status] up 301s | mic -31.5 dBFS (peak -19.6) | score max 0.00 | detections 0 | inferences 334 (33.4/s; model 1.15 ms each, paused in quiet 0%; features 1.44 ms per 30 ms) | CPU core0  4.6% core1  9.6% (wake word pipeline 9.34% of one core) | RAM used 229 KB (peak 233 KB, 93 KB free) | wifi OK, server OK | audio lost since boot: i2s 0 net 0
18:45:46.836 @T t=301399 s=0.000 lv=-28.2 pk=-27.0 c0=24.3 c1=8.8 kw=8.60 inf=2.86 iv=1.24 n=3 d=0 sk=0 hf=96148 hm=92264 ht=283156 pf=0 pm=0 pt=0 ru=235400 rp=239284
18:45:46.836 @T t=301485 s=0.000 lv=-32.5 pk=-29.8 c0=4.3 c1=10.6 kw=10.38 inf=2.74 iv=1.15 n=3 d=0 sk=0 hf=96148 hm=92264 ht=283156 pf=0 pm=0 pt=0 ru=235400 rp=239284
18:45:46.837 @T t=301591 s=0.000 lv=-34.2 pk=-30.9 c0=3.5 c1=9.4 kw=9.25 inf=2.28 iv=1.10 n=4 d=0 sk=0 hf=96148 hm=92264 ht=283156 pf=0 pm=0 pt=0 ru=235400 rp=239284
18:45:46.837 @T t=301697 s=0.000 lv=-30.3 pk=-24.5 c0=3.4 c1=8.5 kw=8.31 inf=2.71 iv=1.12 n=3 d=0 sk=0 hf=96148 hm=92264 ht=283156 pf=0 pm=0 pt=0 ru=235400 rp=239284
18:45:46.837 @T t=301783 s=0.000 lv=-25.6 pk=-24.3 c0=4.2 c1=10.6 kw=10.36 inf=2.74 iv=1.14 n=3 d=0 sk=0 hf=96148 hm=92264 ht=283156 pf=0 pm=0 pt=0 ru=235400 rp=239284
18:45:46.837 @T t=301890 s=0.000 lv=-34.9 pk=-30.2 c0=3.9 c1=9.5 kw=9.29 inf=2.31 iv=1.12 n=4 d=0 sk=0 hf=96148 hm=92264 ht=283156 pf=0 pm=0 pt=0 ru=235400 rp=239284
18:45:46.837 @T t=301996 s=0.000 lv=-39.5 pk=-38.1 c0=3.4 c1=8.4 kw=8.27 inf=2.69 iv=1.12 n=3 d=0 sk=0 hf=96148 hm=92264 ht=283156 pf=0 pm=0 pt=0 ru=235400 rp=239284
18:45:46.837 @T t=302082 s=0.000 lv=-26.9 pk=-23.7 c0=7.2 c1=11.1 kw=11.08 inf=2.93 iv=1.29 n=3 d=0 sk=0 hf=94384 hm=92264 ht=283156 pf=0 pm=0 pt=0 ru=237164 rp=239284
18:45:46.837 @T t=302189 s=0.000 lv=-29.6 pk=-26.7 c0=7.3 c1=9.9 kw=9.18 inf=2.28 iv=1.10 n=4 d=0 sk=0 hf=96148 hm=92264 ht=283156 pf=0 pm=0 pt=0 ru=235400 rp=239284
18:45:46.837 @I ww=marvin cut=0.50 win=5 cool=1000 tick=100 wifi=1 srv=1 li=0 ln=0
18:45:46.837 @T t=302281 s=0.000 lv=-36.4 pk=-34.9 c0=13.6 c1=7.4 kw=7.44 inf=3.08 iv=1.18 n=2 d=0 sk=0 hf=96148 hm=92264 ht=283156 pf=0 pm=0 pt=0 ru=235400 rp=239284
18:45:46.837 @T t=302387 s=0.000 lv=-35.7 pk=-32.1 c0=4.1 c1=11.3 kw=10.89 inf=2.71 iv=1.26 n=4 d=0 sk=0 hf=96148 hm=92264 ht=283156 pf=0 pm=0 pt=0 ru=235400 rp=239284
18:45:46.837 @T t=302494 s=0.000 lv=-37.4 pk=-35.2 c0=3.6 c1=9.3 kw=9.12 inf=2.27 iv=1.09 n=4 d=0 sk=0 hf=96148 hm=92264 ht=283156 pf=0 pm=0 pt=0 ru=235400 rp=239284
18:45:46.837 @T t=302600 s=0.000 lv=-40.1 pk=-39.8 c0=6.6 c1=8.5 kw=8.30 inf=2.70 iv=1.12 n=3 d=0 sk=0 hf=96148 hm=92264 ht=283156 pf=0 pm=0 pt=0 ru=235400 rp=239284
18:45:46.837 @T t=302689 s=0.000 lv=-38.9 pk=-37.6 c0=4.1 c1=10.5 kw=10.26 inf=2.80 iv=1.18 n=3 d=0 sk=0 hf=96148 hm=92264 ht=283156 pf=0 pm=0 pt=0 ru=235400 rp=239284
18:45:46.837 @T t=302795 s=0.000 lv=-38.4 pk=-37.0 c0=3.4 c1=9.4 kw=9.23 inf=2.27 iv=1.09 n=4 d=0 sk=0 hf=96148 hm=92264 ht=283156 pf=0 pm=0 pt=0 ru=235400 rp=239284
18:45:46.837 @T t=302881 s=0.000 lv=-36.8 pk=-32.6 c0=4.4 c1=8.0 kw=8.10 inf=3.13 iv=1.21 n=2 d=0 sk=0 hf=96148 hm=92264 ht=283156 pf=0 pm=0 pt=0 ru=235400 rp=239284
18:45:46.837 @T t=302989 s=0.000 lv=-24.6 pk=-22.8 c0=3.6 c1=11.3 kw=10.86 inf=2.75 iv=1.29 n=4 d=0 sk=0 hf=96148 hm=92264 ht=283156 pf=0 pm=0 pt=0 ru=235400 rp=239284
18:45:46.837 @T t=303095 s=0.000 lv=-33.4 pk=-27.6 c0=4.0 c1=9.4 kw=9.28 inf=2.29 iv=1.10 n=4 d=0 sk=0 hf=96148 hm=92264 ht=283156 pf=0 pm=0 pt=0 ru=235400 rp=239284
18:45:49.347 @T t=303181 s=0.000 lv=-37.0 pk=-34.1 c0=4.2 c1=8.0 kw=8.06 inf=3.12 iv=1.20 n=2 d=0 sk=0 hf=96148 hm=92264 ht=283156 pf=0 pm=0 pt=0 ru=235400 rp=239284
18:45:49.347 @I ww=marvin cut=0.50 win=5 cool=1000 tick=100 wifi=1 srv=1 li=0 ln=0
18:45:49.347 @T t=303292 s=0.000 lv=-34.8 pk=-32.1 c0=4.1 c1=10.5 kw=10.08 inf=2.63 iv=1.20 n=4 d=0 sk=0 hf=96148 hm=92264 ht=283156 pf=0 pm=0 pt=0 ru=235400 rp=239284
18:45:49.347 @T t=303398 s=0.000 lv=-35.3 pk=-33.2 c0=3.6 c1=9.5 kw=9.34 inf=2.30 iv=1.11 n=4 d=0 sk=0 hf=96148 hm=92264 ht=283156 pf=0 pm=0 pt=0 ru=235400 rp=239284
18:45:49.347 @T t=303484 s=0.000 lv=-28.6 pk=-25.7 c0=4.7 c1=10.6 kw=10.34 inf=2.73 iv=1.15 n=3 d=0 sk=0 hf=96148 hm=92264 ht=283156 pf=0 pm=0 pt=0 ru=235400 rp=239284
18:45:49.347 @T t=303590 s=0.000 lv=-33.9 pk=-31.3 c0=3.5 c1=8.4 kw=8.28 inf=2.69 iv=1.12 n=3 d=0 sk=0 hf=96148 hm=92264 ht=283156 pf=0 pm=0 pt=0 ru=235400 rp=239284
18:45:49.347 @T t=303696 s=0.000 lv=-36.7 pk=-33.8 c0=3.9 c1=9.8 kw=9.61 inf=2.37 iv=1.17 n=4 d=0 sk=0 hf=96148 hm=92264 ht=283156 pf=0 pm=0 pt=0 ru=235400 rp=239284
18:45:49.347 @T t=303782 s=0.000 lv=-36.1 pk=-34.0 c0=8.2 c1=9.1 kw=8.06 inf=3.12 iv=1.21 n=2 d=0 sk=0 hf=96148 hm=92264 ht=283156 pf=0 pm=0 pt=0 ru=235400 rp=239284
18:45:49.347 @T t=303888 s=0.000 lv=-40.3 pk=-39.7 c0=3.6 c1=9.9 kw=10.42 inf=2.59 iv=1.11 n=4 d=0 sk=0 hf=96148 hm=92264 ht=283156 pf=0 pm=0 pt=0 ru=235400 rp=239284
18:45:49.347 @T t=303994 s=0.000 lv=-39.7 pk=-38.4 c0=3.4 c1=9.4 kw=9.25 inf=2.28 iv=1.09 n=4 d=0 sk=0 hf=96148 hm=92264 ht=283156 pf=0 pm=0 pt=0 ru=235400 rp=239284
18:45:49.347 @T t=304100 s=0.000 lv=-40.8 pk=-40.4 c0=5.4 c1=8.6 kw=8.37 inf=2.73 iv=1.15 n=3 d=0 sk=0 hf=94384 hm=92264 ht=283156 pf=0 pm=0 pt=0 ru=237164 rp=239284
18:45:49.347 @T t=304188 s=0.000 lv=-39.8 pk=-37.7 c0=7.2 c1=12.3 kw=12.04 inf=3.28 iv=1.56 n=3 d=0 sk=0 hf=96148 hm=92264 ht=283156 pf=0 pm=0 pt=0 ru=235400 rp=239284
18:45:49.347 @I ww=marvin cut=0.50 win=5 cool=1000 tick=100 wifi=1 srv=1 li=0 ln=0
18:45:49.347 @T t=304299 s=0.000 lv=-31.6 pk=-28.8 c0=4.0 c1=9.1 kw=8.91 inf=2.30 iv=1.10 n=4 d=0 sk=0 hf=96148 hm=92264 ht=283156 pf=0 pm=0 pt=0 ru=235400 rp=239284
18:45:49.347 @T t=304385 s=0.000 lv=-36.6 pk=-32.6 c0=5.2 c1=11.0 kw=10.80 inf=2.86 iv=1.25 n=3 d=0 sk=0 hf=96148 hm=92264 ht=283156 pf=0 pm=0 pt=0 ru=235400 rp=239284
18:45:49.347 @T t=304491 s=0.000 lv=-32.9 pk=-32.2 c0=3.6 c1=8.5 kw=8.33 inf=2.71 iv=1.13 n=3 d=0 sk=0 hf=96148 hm=92264 ht=283156 pf=0 pm=0 pt=0 ru=235400 rp=239284
18:45:49.347 @T t=304597 s=0.000 lv=-37.1 pk=-34.4 c0=3.5 c1=9.5 kw=9.33 inf=2.30 iv=1.11 n=4 d=0 sk=0 hf=96148 hm=92264 ht=283156 pf=0 pm=0 pt=0 ru=235400 rp=239284
18:45:49.347 @T t=304683 s=0.000 lv=-34.0 pk=-31.8 c0=4.2 c1=10.2 kw=10.25 inf=2.71 iv=1.13 n=3 d=0 sk=0 hf=96148 hm=92264 ht=283156 pf=0 pm=0 pt=0 ru=235400 rp=239284
18:45:49.347 @T t=304789 s=0.000 lv=-34.7 pk=-30.9 c0=3.8 c1=9.1 kw=8.67 inf=2.82 iv=1.22 n=3 d=0 sk=0 hf=96148 hm=92264 ht=283156 pf=0 pm=0 pt=0 ru=235400 rp=239284
18:45:49.347 @T t=304895 s=0.000 lv=-38.0 pk=-37.1 c0=3.6 c1=9.6 kw=9.47 inf=2.33 iv=1.13 n=4 d=0 sk=0 hf=96148 hm=92264 ht=283156 pf=0 pm=0 pt=0 ru=235400 rp=239284
18:45:49.348 @T t=304981 s=0.000 lv=-35.5 pk=-33.3 c0=4.3 c1=7.9 kw=8.00 inf=3.09 iv=1.17 n=2 d=0 sk=0 hf=96148 hm=92264 ht=283156 pf=0 pm=0 pt=0 ru=235400 rp=239284
18:45:49.348 @T t=305090 s=0.000 lv=-34.0 pk=-31.1 c0=3.3 c1=10.7 kw=10.34 inf=2.64 iv=1.21 n=4 d=0 sk=0 hf=96148 hm=92264 ht=283156 pf=0 pm=0 pt=0 ru=235400 rp=239284
18:45:49.348 @T t=305196 s=0.000 lv=-34.3 pk=-30.9 c0=3.9 c1=9.7 kw=9.51 inf=2.34 iv=1.15 n=4 d=0 sk=0 hf=96148 hm=92264 ht=283156 pf=0 pm=0 pt=0 ru=235400 rp=239284
18:45:49.348 @I ww=marvin cut=0.50 win=5 cool=1000 tick=100 wifi=1 srv=1 li=0 ln=0
18:45:49.348 @T t=305288 s=0.000 lv=-37.3 pk=-35.2 c0=4.9 c1=9.8 kw=9.61 inf=2.72 iv=1.13 n=3 d=0 sk=0 hf=96148 hm=92264 ht=283156 pf=0 pm=0 pt=0 ru=235400 rp=239284
18:45:49.348 @T t=305394 s=0.000 lv=-35.8 pk=-32.0 c0=3.6 c1=8.5 kw=8.31 inf=2.70 iv=1.12 n=3 d=0 sk=0 hf=96148 hm=92264 ht=283156 pf=0 pm=0 pt=0 ru=235400 rp=239284
18:45:49.348 @T t=305500 s=0.000 lv=-33.2 pk=-31.5 c0=3.4 c1=9.5 kw=9.36 inf=2.31 iv=1.10 n=4 d=0 sk=0 hf=96148 hm=92264 ht=283156 pf=0 pm=0 pt=0 ru=235400 rp=239284
18:45:49.348 @T t=305586 s=0.000 lv=-28.5 pk=-26.1 c0=7.5 c1=10.7 kw=10.50 inf=2.77 iv=1.14 n=3 d=0 sk=0 hf=96148 hm=92264 ht=283156 pf=0 pm=0 pt=0 ru=235400 rp=239284
18:45:51.838 @T t=305692 s=0.000 lv=-36.5 pk=-34.0 c0=3.4 c1=8.4 kw=8.25 inf=2.68 iv=1.11 n=3 d=0 sk=0 hf=96148 hm=92264 ht=283156 pf=0 pm=0 pt=0 ru=235400 rp=239284
18:45:51.838 @T t=305798 s=0.000 lv=-32.2 pk=-30.0 c0=3.4 c1=9.7 kw=9.52 inf=2.35 iv=1.15 n=4 d=0 sk=0 hf=96148 hm=92264 ht=283156 pf=0 pm=0 pt=0 ru=235400 rp=239284
18:45:51.838 @T t=305884 s=0.000 lv=-36.3 pk=-34.1 c0=4.5 c1=10.6 kw=10.42 inf=2.75 iv=1.16 n=3 d=0 sk=0 hf=96148 hm=92264 ht=283156 pf=0 pm=0 pt=0 ru=235400 rp=239284
18:45:51.838 @T t=305990 s=0.000 lv=-30.0 pk=-27.0 c0=6.6 c1=8.5 kw=8.32 inf=2.71 iv=1.13 n=3 d=0 sk=0 hf=96148 hm=92264 ht=283156 pf=0 pm=0 pt=0 ru=235400 rp=239284
18:45:51.838 @T t=306096 s=0.000 lv=-36.0 pk=-34.2 c0=6.1 c1=9.4 kw=9.23 inf=2.27 iv=1.09 n=4 d=0 sk=0 hf=96148 hm=92264 ht=283156 pf=0 pm=0 pt=0 ru=235400 rp=239284
18:45:51.838 @T t=306182 s=0.000 lv=-36.1 pk=-32.6 c0=8.6 c1=9.6 kw=8.09 inf=3.12 iv=1.18 n=2 d=0 sk=0 hf=96148 hm=92264 ht=283156 pf=0 pm=0 pt=0 ru=235400 rp=239284
18:45:51.838 @I ww=marvin cut=0.50 win=5 cool=1000 tick=100 wifi=1 srv=1 li=0 ln=0
18:45:51.838 @T t=306297 s=0.000 lv=-34.7 pk=-29.9 c0=13.3 c1=9.7 kw=10.24 inf=2.77 iv=1.30 n=4 d=0 sk=0 hf=96148 hm=92264 ht=283156 pf=0 pm=0 pt=0 ru=235400 rp=239284
18:45:51.838 I (306760) wifi:[ADDBA]RX DELBA, reason:37, delete tid:0, initiator:1(originator)
18:45:51.838 @T t=306383 s=0.000 lv=-27.9 pk=-25.8 c0=7.3 c1=12.2 kw=12.54 inf=2.51 iv=1.26 n=4 d=0 sk=0 hf=96148 hm=92264 ht=283156 pf=0 pm=0 pt=0 ru=235400 rp=239284
18:45:51.838 @T t=306492 s=0.000 lv=-29.4 pk=-26.7 c0=3.2 c1=8.7 kw=8.05 inf=2.69 iv=1.12 n=3 d=0 sk=0 hf=96148 hm=92264 ht=283156 pf=0 pm=0 pt=0 ru=235400 rp=239284
18:45:51.838 @T t=306597 s=0.000 lv=-36.6 pk=-34.3 c0=3.4 c1=8.5 kw=8.35 inf=2.69 iv=1.11 n=3 d=0 sk=0 hf=96148 hm=92264 ht=283156 pf=0 pm=0 pt=0 ru=235400 rp=239284
18:45:51.838 @T t=306683 s=0.000 lv=-39.0 pk=-37.8 c0=4.1 c1=11.5 kw=11.48 inf=2.29 iv=1.10 n=4 d=0 sk=0 hf=96148 hm=92264 ht=283156 pf=0 pm=0 pt=0 ru=235400 rp=239284
18:45:51.838 @T t=306789 s=0.000 lv=-40.4 pk=-39.6 c0=3.3 c1=8.5 kw=8.23 inf=2.68 iv=1.11 n=3 d=0 sk=0 hf=96148 hm=92264 ht=283156 pf=0 pm=0 pt=0 ru=235400 rp=239284
18:45:51.838 @T t=306895 s=0.000 lv=-38.6 pk=-36.1 c0=3.6 c1=8.5 kw=8.36 inf=2.71 iv=1.13 n=3 d=0 sk=0 hf=96148 hm=92264 ht=283156 pf=0 pm=0 pt=0 ru=235400 rp=239284
18:45:51.838 @T t=306981 s=0.000 lv=-39.9 pk=-39.5 c0=4.2 c1=9.2 kw=9.32 inf=2.44 iv=1.15 n=3 d=0 sk=0 hf=96148 hm=92264 ht=283156 pf=0 pm=0 pt=0 ru=235400 rp=239284
18:45:51.839 @T t=307090 s=0.000 lv=-40.0 pk=-38.8 c0=3.7 c1=11.0 kw=10.58 inf=2.71 iv=1.21 n=4 d=0 sk=0 hf=96148 hm=92264 ht=283156 pf=0 pm=0 pt=0 ru=235400 rp=239284
18:45:51.839 @T t=307196 s=0.000 lv=-39.0 pk=-37.4 c0=4.0 c1=8.5 kw=8.38 inf=2.73 iv=1.13 n=3 d=0 sk=0 hf=96148 hm=92264 ht=283156 pf=0 pm=0 pt=0 ru=235400 rp=239284
18:45:51.839 @I ww=marvin cut=0.50 win=5 cool=1000 tick=100 wifi=1 srv=1 li=0 ln=0
18:45:51.839 @T t=307288 s=0.000 lv=-39.0 pk=-38.1 c0=5.0 c1=11.2 kw=11.03 inf=2.36 iv=1.15 n=4 d=0 sk=0 hf=96148 hm=92264 ht=283156 pf=0 pm=0 pt=0 ru=235400 rp=239284
18:45:51.839 @T t=307394 s=0.000 lv=-39.1 pk=-38.3 c0=3.6 c1=8.5 kw=8.31 inf=2.70 iv=1.12 n=3 d=0 sk=0 hf=96148 hm=92264 ht=283156 pf=0 pm=0 pt=0 ru=235400 rp=239284
18:45:51.839 @T t=307500 s=0.000 lv=-39.8 pk=-38.4 c0=3.4 c1=8.5 kw=8.35 inf=2.72 iv=1.13 n=3 d=0 sk=0 hf=96148 hm=92264 ht=283156 pf=0 pm=0 pt=0 ru=235400 rp=239284
18:45:51.839 @T t=307586 s=0.000 lv=-36.3 pk=-33.6 c0=4.4 c1=12.0 kw=11.75 inf=2.34 iv=1.13 n=4 d=0 sk=0 hf=96148 hm=92264 ht=283156 pf=0 pm=0 pt=0 ru=235400 rp=239284
18:45:51.839 @T t=307692 s=0.000 lv=-39.2 pk=-36.1 c0=3.4 c1=8.4 kw=8.26 inf=2.69 iv=1.11 n=3 d=0 sk=0 hf=96148 hm=92264 ht=283156 pf=0 pm=0 pt=0 ru=235400 rp=239284
18:45:51.839 @T t=307798 s=0.000 lv=-35.6 pk=-34.7 c0=3.3 c1=8.5 kw=8.33 inf=2.71 iv=1.12 n=3 d=0 sk=0 hf=96148 hm=92264 ht=283156 pf=0 pm=0 pt=0 ru=235400 rp=239284
18:45:51.839 @T t=307884 s=0.000 lv=-35.5 pk=-32.9 c0=4.5 c1=12.0 kw=11.79 inf=2.36 iv=1.15 n=4 d=0 sk=0 hf=96148 hm=92264 ht=283156 pf=0 pm=0 pt=0 ru=235400 rp=239284
18:45:51.839 @T t=307990 s=0.000 lv=-37.5 pk=-35.7 c0=3.4 c1=8.5 kw=8.35 inf=2.72 iv=1.13 n=3 d=0 sk=0 hf=96148 hm=92264 ht=283156 pf=0 pm=0 pt=0 ru=235400 rp=239284
18:45:51.839 @T t=308096 s=0.000 lv=-32.5 pk=-30.4 c0=3.5 c1=8.5 kw=8.33 inf=2.71 iv=1.13 n=3 d=0 sk=0 hf=96148 hm=92264 ht=283156 pf=0 pm=0 pt=0 ru=235400 rp=239284
18:45:54.350 @T t=308183 s=0.000 lv=-32.7 pk=-29.1 c0=7.1 c1=12.1 kw=9.77 inf=2.59 iv=1.26 n=3 d=0 sk=0 hf=94384 hm=92264 ht=283156 pf=0 pm=0 pt=0 ru=237164 rp=239284
18:45:54.350 @I ww=marvin cut=0.50 win=5 cool=1000 tick=100 wifi=1 srv=1 li=0 ln=0
18:45:54.350 @T t=308296 s=0.000 lv=-35.1 pk=-31.5 c0=6.2 c1=10.0 kw=10.57 inf=2.81 iv=1.33 n=4 d=0 sk=0 hf=96148 hm=92264 ht=283156 pf=0 pm=0 pt=0 ru=235400 rp=239284
18:45:54.350 @T t=308382 s=0.000 lv=-38.7 pk=-38.1 c0=5.0 c1=10.9 kw=10.82 inf=2.86 iv=1.24 n=3 d=0 sk=0 hf=96148 hm=92264 ht=283156 pf=0 pm=0 pt=0 ru=235400 rp=239284
18:45:54.350 @T t=308488 s=0.000 lv=-33.3 pk=-30.7 c0=3.5 c1=9.6 kw=9.28 inf=2.29 iv=1.09 n=4 d=0 sk=0 hf=96148 hm=92264 ht=283156 pf=0 pm=0 pt=0 ru=235400 rp=239284
18:45:54.350 @T t=308594 s=0.000 lv=-29.6 pk=-27.7 c0=3.5 c1=8.7 kw=8.56 inf=2.79 iv=1.19 n=3 d=0 sk=0 hf=96148 hm=92264 ht=283156 pf=0 pm=0 pt=0 ru=235400 rp=239284
18:45:54.350 @T t=308700 s=0.000 lv=-29.6 pk=-26.6 c0=3.4 c1=8.8 kw=8.66 inf=2.82 iv=1.21 n=3 d=0 sk=0 hf=96148 hm=92264 ht=283156 pf=0 pm=0 pt=0 ru=235400 rp=239284
18:45:54.350 @T t=308789 s=0.000 lv=-35.1 pk=-33.8 c0=4.0 c1=11.8 kw=11.61 inf=2.40 iv=1.18 n=4 d=0 sk=0 hf=96148 hm=92264 ht=283156 pf=0 pm=0 pt=0 ru=235400 rp=239284
18:45:54.350 @T t=308895 s=0.000 lv=-35.9 pk=-34.3 c0=3.6 c1=8.9 kw=8.69 inf=2.84 iv=1.23 n=3 d=0 sk=0 hf=96148 hm=92264 ht=283156 pf=0 pm=0 pt=0 ru=235400 rp=239284
18:45:54.350 @T t=308981 s=0.000 lv=-32.7 pk=-31.9 c0=8.2 c1=9.5 kw=9.55 inf=2.50 iv=1.21 n=3 d=0 sk=0 hf=96148 hm=92264 ht=283156 pf=0 pm=0 pt=0 ru=235400 rp=239284
18:45:54.350 @T t=309087 s=0.001 lv=-36.2 pk=-33.2 c0=3.5 c1=11.1 kw=10.72 inf=2.66 iv=1.17 n=4 d=0 sk=0 hf=96148 hm=92264 ht=283156 pf=0 pm=0 pt=0 ru=235400 rp=239284
18:45:54.350 @T t=309193 s=0.001 lv=-27.7 pk=-24.8 c0=3.5 c1=8.8 kw=8.58 inf=2.80 iv=1.20 n=3 d=0 sk=0 hf=96148 hm=92264 ht=283156 pf=0 pm=0 pt=0 ru=235400 rp=239284
18:45:54.350 @I ww=marvin cut=0.50 win=5 cool=1000 tick=100 wifi=1 srv=1 li=0 ln=0
18:45:54.350 @T t=309285 s=0.000 lv=-33.4 pk=-29.5 c0=5.9 c1=10.2 kw=10.00 inf=2.82 iv=1.20 n=3 d=0 sk=0 hf=96148 hm=92264 ht=283156 pf=0 pm=0 pt=0 ru=235400 rp=239284
18:45:54.350 @T t=309391 s=0.000 lv=-40.4 pk=-39.6 c0=3.5 c1=9.5 kw=9.35 inf=2.30 iv=1.12 n=4 d=0 sk=0 hf=96148 hm=92264 ht=283156 pf=0 pm=0 pt=0 ru=235400 rp=239284
18:45:54.350 @T t=309497 s=0.000 lv=-39.6 pk=-38.4 c0=3.5 c1=8.5 kw=8.30 inf=2.70 iv=1.13 n=3 d=0 sk=0 hf=96148 hm=92264 ht=283156 pf=0 pm=0 pt=0 ru=235400 rp=239284
18:45:54.350 @T t=309583 s=0.000 lv=-39.9 pk=-39.0 c0=4.4 c1=10.6 kw=10.41 inf=2.75 iv=1.15 n=3 d=0 sk=0 hf=96148 hm=92264 ht=283156 pf=0 pm=0 pt=0 ru=235400 rp=239284
18:45:54.350 @T t=309689 s=0.000 lv=-40.5 pk=-40.0 c0=3.4 c1=9.4 kw=9.21 inf=2.27 iv=1.09 n=4 d=0 sk=0 hf=96148 hm=92264 ht=283156 pf=0 pm=0 pt=0 ru=235400 rp=239284
18:45:54.350 @T t=309795 s=0.000 lv=-35.5 pk=-33.6 c0=3.4 c1=8.5 kw=8.29 inf=2.70 iv=1.13 n=3 d=0 sk=0 hf=96148 hm=92264 ht=283156 pf=0 pm=0 pt=0 ru=235400 rp=239284
18:45:54.350 @T t=309881 s=0.000 lv=-34.1 pk=-32.2 c0=4.4 c1=9.2 kw=9.29 inf=2.43 iv=1.14 n=3 d=0 sk=0 hf=96148 hm=92264 ht=283156 pf=0 pm=0 pt=0 ru=235400 rp=239284
18:45:54.350 @T t=309987 s=0.000 lv=-35.8 pk=-32.1 c0=3.4 c1=10.8 kw=10.39 inf=2.58 iv=1.09 n=4 d=0 sk=0 hf=96148 hm=92264 ht=283156 pf=0 pm=0 pt=0 ru=235400 rp=239284
18:45:54.350 @T t=310093 s=0.000 lv=-24.0 pk=-21.9 c0=3.5 c1=8.5 kw=8.34 inf=2.72 iv=1.14 n=3 d=0 sk=0 hf=96148 hm=92264 ht=283156 pf=0 pm=0 pt=0 ru=235400 rp=239284
18:45:54.350 @T t=310199 s=0.000 lv=-34.6 pk=-29.8 c0=3.4 c1=8.4 kw=8.25 inf=2.68 iv=1.12 n=3 d=0 sk=0 hf=96148 hm=92264 ht=283156 pf=0 pm=0 pt=0 ru=235400 rp=239284
18:45:54.350 @I ww=marvin cut=0.50 win=5 cool=1000 tick=100 wifi=1 srv=1 li=0 ln=0
18:45:54.350 @T t=310291 s=0.000 lv=-34.1 pk=-31.9 c0=9.7 c1=12.9 kw=12.21 inf=2.62 iv=1.37 n=4 d=0 sk=0 hf=96148 hm=92264 ht=283156 pf=0 pm=0 pt=0 ru=235400 rp=239284
18:45:54.351 @T t=310397 s=0.000 lv=-29.2 pk=-25.9 c0=5.3 c1=8.9 kw=8.75 inf=2.85 iv=1.25 n=3 d=0 sk=0 hf=96148 hm=92264 ht=283156 pf=0 pm=0 pt=0 ru=235400 rp=239284
18:45:54.351 @T t=310483 s=0.000 lv=-25.8 pk=-23.3 c0=7.4 c1=10.7 kw=10.48 inf=2.77 iv=1.16 n=3 d=0 sk=0 hf=96148 hm=92264 ht=283156 pf=0 pm=0 pt=0 ru=235400 rp=239284
18:45:54.351 @T t=310589 s=0.000 lv=-33.6 pk=-31.4 c0=3.4 c1=9.3 kw=9.17 inf=2.26 iv=1.07 n=4 d=0 sk=0 hf=96148 hm=92264 ht=283156 pf=0 pm=0 pt=0 ru=235400 rp=239284
18:45:56.545 @T t=310695 s=0.000 lv=-35.9 pk=-32.8 c0=3.9 c1=8.8 kw=8.24 inf=2.68 iv=1.11 n=3 d=0 sk=0 hf=96148 hm=92264 ht=283156 pf=0 pm=0 pt=0 ru=235400 rp=239284
18:45:56.546 @T t=310781 s=0.000 lv=-39.5 pk=-38.1 c0=4.1 c1=9.2 kw=9.28 inf=2.43 iv=1.14 n=3 d=0 sk=0 hf=96148 hm=92264 ht=283156 pf=0 pm=0 pt=0 ru=235400 rp=239284
18:45:56.546 @T t=310887 s=0.000 lv=-37.9 pk=-36.2 c0=3.6 c1=10.8 kw=10.37 inf=2.57 iv=1.09 n=4 d=0 sk=0 hf=96148 hm=92264 ht=283156 pf=0 pm=0 pt=0 ru=235400 rp=239284
18:45:56.546 @T t=310993 s=0.000 lv=-38.1 pk=-35.3 c0=3.4 c1=8.4 kw=8.26 inf=2.69 iv=1.11 n=3 d=0 sk=0 hf=96148 hm=92264 ht=283156 pf=0 pm=0 pt=0 ru=235400 rp=239284
18:45:56.546 @T t=311099 s=0.000 lv=-39.0 pk=-37.5 c0=3.4 c1=8.4 kw=8.27 inf=2.69 iv=1.11 n=3 d=0 sk=0 hf=96148 hm=92264 ht=283156 pf=0 pm=0 pt=0 ru=235400 rp=239284
18:45:56.546 @T t=311185 s=0.000 lv=-34.3 pk=-30.0 c0=4.3 c1=11.8 kw=11.59 inf=2.32 iv=1.12 n=4 d=0 sk=0 hf=96148 hm=92264 ht=283156 pf=0 pm=0 pt=0 ru=235400 rp=239284
18:45:56.546 @I ww=marvin cut=0.50 win=5 cool=1000 tick=100 wifi=1 srv=1 li=0 ln=0
18:45:56.546 @T t=311297 s=0.000 lv=-32.5 pk=-31.2 c0=4.4 c1=8.2 kw=7.97 inf=2.74 iv=1.15 n=3 d=0 sk=0 hf=96148 hm=92264 ht=283156 pf=0 pm=0 pt=0 ru=235400 rp=239284
18:45:56.546 [status] up 311s | mic -32.8 dBFS (peak -21.9) | score max 0.00 | detections 0 | inferences 333 (33.3/s; model 1.16 ms each, paused in quiet 0%; features 1.44 ms per 30 ms) | CPU core0  4.8% core1  9.6% (wake word pipeline 9.36% of one core) | RAM used 229 KB (peak 233 KB, 93 KB free) | wifi OK, server OK | audio lost since boot: i2s 0 net 0
18:45:56.546 [tasks] % of one core (free stack): main@0=4.19(1936) IDLE1@1=90.44(720) IDLE0@0=95.32(728) tiT@*=0.10(1956) websocket_task@*=0.16(1464) audio_kws@1=9.54(1248) ipc0@0=0.00(528) sys_evt@0=0.00(428) Tmr Svc@*=0.00(1368) ipc1@1=0.00(536) wifi@0=0.26(3144) streamer@0=0.00(2956) esp_timer@0=0.01(3136)
18:45:56.546 @T t=311432 s=0.000 lv=-39.4 pk=-38.4 c0=9.8 c1=10.7 kw=10.46 inf=2.62 iv=1.25 n=5 d=0 sk=0 hf=96148 hm=92264 ht=283156 pf=0 pm=0 pt=0 ru=235400 rp=239284
18:45:56.546 @T t=311498 s=0.000 lv=-27.8 pk=-25.5 c0=5.2 c1=8.8 kw=8.62 inf=2.63 iv=1.19 n=2 d=0 sk=0 hf=96148 hm=92264 ht=283156 pf=0 pm=0 pt=0 ru=235400 rp=239284
18:45:56.546 @T t=311584 s=0.000 lv=-27.7 pk=-24.2 c0=4.7 c1=10.5 kw=10.29 inf=2.71 iv=1.12 n=3 d=0 sk=0 hf=96148 hm=92264 ht=283156 pf=0 pm=0 pt=0 ru=235400 rp=239284
18:45:56.546 @T t=311690 s=0.000 lv=-35.6 pk=-33.8 c0=3.4 c1=8.5 kw=8.31 inf=2.71 iv=1.14 n=3 d=0 sk=0 hf=96148 hm=92264 ht=283156 pf=0 pm=0 pt=0 ru=235400 rp=239284
18:45:56.546 @T t=311796 s=0.000 lv=-33.7 pk=-31.7 c0=3.4 c1=9.4 kw=9.23 inf=2.27 iv=1.09 n=4 d=0 sk=0 hf=96148 hm=92264 ht=283156 pf=0 pm=0 pt=0 ru=235400 rp=239284
18:45:56.546 @T t=311882 s=0.000 lv=-34.8 pk=-33.5 c0=4.4 c1=9.1 kw=8.06 inf=3.12 iv=1.20 n=2 d=0 sk=0 hf=96148 hm=92264 ht=283156 pf=0 pm=0 pt=0 ru=235400 rp=239284
18:45:56.546 @T t=311988 s=0.000 lv=-38.4 pk=-37.4 c0=6.6 c1=9.9 kw=10.45 inf=2.60 iv=1.10 n=4 d=0 sk=0 hf=96148 hm=92264 ht=283156 pf=0 pm=0 pt=0 ru=235400 rp=239284
18:45:56.546 @T t=312094 s=0.000 lv=-39.2 pk=-37.6 c0=3.5 c1=9.5 kw=9.31 inf=2.29 iv=1.11 n=4 d=0 sk=0 hf=96148 hm=92264 ht=283156 pf=0 pm=0 pt=0 ru=235400 rp=239284
18:45:56.546 @T t=312200 s=0.000 lv=-37.9 pk=-36.2 c0=3.4 c1=8.5 kw=8.30 inf=2.70 iv=1.13 n=3 d=0 sk=0 hf=96148 hm=92264 ht=283156 pf=0 pm=0 pt=0 ru=235400 rp=239284
18:45:56.546 @I ww=marvin cut=0.50 win=5 cool=1000 tick=100 wifi=1 srv=1 li=0 ln=0
18:45:56.546 @T t=312295 s=0.000 lv=-38.5 pk=-37.0 c0=6.9 c1=10.0 kw=9.76 inf=2.84 iv=1.19 n=3 d=0 sk=0 hf=94384 hm=92264 ht=283156 pf=0 pm=0 pt=0 ru=237164 rp=239284
18:45:56.546 @T t=312381 s=0.000 lv=-37.6 pk=-36.3 c0=7.5 c1=10.9 kw=10.50 inf=2.76 iv=1.42 n=3 d=0 sk=0 hf=96148 hm=92264 ht=283156 pf=0 pm=0 pt=0 ru=235400 rp=239284
18:45:56.546 @T t=312489 s=0.000 lv=-31.8 pk=-30.2 c0=3.5 c1=10.9 kw=10.51 inf=2.67 iv=1.17 n=4 d=0 sk=0 hf=96148 hm=92264 ht=283156 pf=0 pm=0 pt=0 ru=235400 rp=239284
18:45:56.546 @T t=312595 s=0.000 lv=-35.9 pk=-34.4 c0=3.5 c1=8.5 kw=8.35 inf=2.72 iv=1.13 n=3 d=0 sk=0 hf=96148 hm=92264 ht=283156 pf=0 pm=0 pt=0 ru=235400 rp=239284
18:45:56.546 @T t=312681 s=0.000 lv=-31.7 pk=-30.3 c0=4.6 c1=9.7 kw=9.77 inf=2.56 iv=1.24 n=3 d=0 sk=0 hf=96148 hm=92264 ht=283156 pf=0 pm=0 pt=0 ru=235400 rp=239284
18:45:56.546 @T t=312790 s=0.000 lv=-35.7 pk=-32.4 c0=3.4 c1=10.8 kw=10.36 inf=2.65 iv=1.17 n=4 d=0 sk=0 hf=96148 hm=92264 ht=283156 pf=0 pm=0 pt=0 ru=235400 rp=239284
18:45:59.037 @T t=312896 s=0.000 lv=-34.0 pk=-31.7 c0=3.6 c1=8.7 kw=8.48 inf=2.76 iv=1.15 n=3 d=0 sk=0 hf=96148 hm=92264 ht=283156 pf=0 pm=0 pt=0 ru=235400 rp=239284
18:45:59.038 @T t=312983 s=0.000 lv=-22.8 pk=-20.2 c0=4.2 c1=11.5 kw=11.49 inf=2.32 iv=1.13 n=4 d=0 sk=0 hf=96148 hm=92264 ht=283156 pf=0 pm=0 pt=0 ru=235400 rp=239284
18:45:59.038 @T t=313089 s=0.000 lv=-35.7 pk=-31.1 c0=3.5 c1=8.7 kw=8.37 inf=2.73 iv=1.14 n=3 d=0 sk=0 hf=96148 hm=92264 ht=283156 pf=0 pm=0 pt=0 ru=235400 rp=239284
18:45:59.038 @T t=313195 s=0.000 lv=-36.4 pk=-33.8 c0=3.4 c1=8.5 kw=8.30 inf=2.70 iv=1.13 n=3 d=0 sk=0 hf=96148 hm=92264 ht=283156 pf=0 pm=0 pt=0 ru=235400 rp=239284
18:45:59.038 @I ww=marvin cut=0.50 win=5 cool=1000 tick=100 wifi=1 srv=1 li=0 ln=0
18:45:59.038 @T t=313287 s=0.000 lv=-28.5 pk=-25.4 c0=5.0 c1=11.3 kw=11.04 inf=2.36 iv=1.15 n=4 d=0 sk=0 hf=96148 hm=92264 ht=283156 pf=0 pm=0 pt=0 ru=235400 rp=239284
18:45:59.038 @T t=313393 s=0.000 lv=-30.7 pk=-27.9 c0=4.0 c1=8.7 kw=8.50 inf=2.77 iv=1.17 n=3 d=0 sk=0 hf=96148 hm=92264 ht=283156 pf=0 pm=0 pt=0 ru=235400 rp=239284
18:45:59.038 @T t=313499 s=0.000 lv=-37.5 pk=-36.9 c0=3.5 c1=8.5 kw=8.36 inf=2.72 iv=1.14 n=3 d=0 sk=0 hf=96148 hm=92264 ht=283156 pf=0 pm=0 pt=0 ru=235400 rp=239284
18:45:59.038 @T t=313585 s=0.000 lv=-38.6 pk=-36.9 c0=4.4 c1=11.9 kw=11.69 inf=2.34 iv=1.14 n=4 d=0 sk=0 hf=96148 hm=92264 ht=283156 pf=0 pm=0 pt=0 ru=235400 rp=239284
18:45:59.038 @T t=313691 s=0.000 lv=-36.0 pk=-31.5 c0=3.4 c1=8.5 kw=8.30 inf=2.70 iv=1.13 n=3 d=0 sk=0 hf=96148 hm=92264 ht=283156 pf=0 pm=0 pt=0 ru=235400 rp=239284
18:45:59.038 @T t=313797 s=0.000 lv=-33.6 pk=-31.2 c0=3.7 c1=8.5 kw=8.35 inf=2.71 iv=1.12 n=3 d=0 sk=0 hf=96148 hm=92264 ht=283156 pf=0 pm=0 pt=0 ru=235400 rp=239284
18:45:59.038 @T t=313883 s=0.000 lv=-36.9 pk=-35.0 c0=4.6 c1=11.7 kw=11.86 inf=2.37 iv=1.16 n=4 d=0 sk=0 hf=96148 hm=92264 ht=283156 pf=0 pm=0 pt=0 ru=235400 rp=239284
18:45:59.038 @T t=313989 s=0.000 lv=-38.9 pk=-37.0 c0=6.1 c1=8.8 kw=8.28 inf=2.70 iv=1.13 n=3 d=0 sk=0 hf=96148 hm=92264 ht=283156 pf=0 pm=0 pt=0 ru=235400 rp=239284
18:45:59.038 @T t=314095 s=0.000 lv=-32.3 pk=-30.5 c0=3.5 c1=8.4 kw=8.27 inf=2.69 iv=1.11 n=3 d=0 sk=0 hf=96148 hm=92264 ht=283156 pf=0 pm=0 pt=0 ru=235400 rp=239284
18:45:59.038 @T t=314181 s=0.000 lv=-36.0 pk=-33.5 c0=4.2 c1=9.1 kw=9.19 inf=2.40 iv=1.13 n=3 d=0 sk=0 hf=96148 hm=92264 ht=283156 pf=0 pm=0 pt=0 ru=235400 rp=239284
18:45:59.038 @I ww=marvin cut=0.50 win=5 cool=1000 tick=100 wifi=1 srv=1 li=0 ln=0
18:45:59.038 @T t=314295 s=0.000 lv=-39.4 pk=-38.2 c0=3.8 c1=10.3 kw=9.90 inf=2.65 iv=1.18 n=4 d=0 sk=0 hf=96148 hm=92264 ht=283156 pf=0 pm=0 pt=0 ru=235400 rp=239284
18:45:59.038 @T t=314381 s=0.000 lv=-39.9 pk=-38.8 c0=9.1 c1=10.3 kw=9.87 inf=2.58 iv=1.27 n=3 d=0 sk=0 hf=96148 hm=92264 ht=283156 pf=0 pm=0 pt=0 ru=235400 rp=239284
18:45:59.038 @T t=314487 s=0.000 lv=-39.3 pk=-38.0 c0=3.6 c1=11.0 kw=10.53 inf=2.62 iv=1.11 n=4 d=0 sk=0 hf=96148 hm=92264 ht=283156 pf=0 pm=0 pt=0 ru=235400 rp=239284
18:45:59.038 @T t=314593 s=0.000 lv=-38.8 pk=-36.6 c0=4.0 c1=8.8 kw=8.60 inf=2.80 iv=1.20 n=3 d=0 sk=0 hf=96148 hm=92264 ht=283156 pf=0 pm=0 pt=0 ru=235400 rp=239284
18:45:59.038 @T t=314699 s=0.000 lv=-40.4 pk=-39.7 c0=6.1 c1=8.5 kw=8.30 inf=2.70 iv=1.13 n=3 d=0 sk=0 hf=96148 hm=92264 ht=283156 pf=0 pm=0 pt=0 ru=235400 rp=239284
18:45:59.038 @T t=314785 s=0.000 lv=-39.8 pk=-38.2 c0=4.1 c1=11.8 kw=11.55 inf=2.31 iv=1.11 n=4 d=0 sk=0 hf=96148 hm=92264 ht=283156 pf=0 pm=0 pt=0 ru=235400 rp=239284
18:45:59.038 @T t=314891 s=0.000 lv=-40.3 pk=-39.5 c0=3.6 c1=8.5 kw=8.34 inf=2.72 iv=1.12 n=3 d=0 sk=0 hf=96148 hm=92264 ht=283156 pf=0 pm=0 pt=0 ru=235400 rp=239284
18:45:59.038 @T t=314998 s=0.000 lv=-39.8 pk=-38.0 c0=3.7 c1=8.4 kw=8.26 inf=2.71 iv=1.13 n=3 d=0 sk=0 hf=96148 hm=92264 ht=283156 pf=0 pm=0 pt=0 ru=235400 rp=239284
18:45:59.038 @T t=315084 s=0.000 lv=-40.5 pk=-39.1 c0=4.2 c1=11.9 kw=11.66 inf=2.33 iv=1.12 n=4 d=0 sk=0 hf=96148 hm=92264 ht=283156 pf=0 pm=0 pt=0 ru=235400 rp=239284
18:45:59.038 @T t=315190 s=0.000 lv=-39.8 pk=-38.4 c0=3.4 c1=8.4 kw=8.20 inf=2.67 iv=1.10 n=3 d=0 sk=0 hf=96148 hm=92264 ht=283156 pf=0 pm=0 pt=0 ru=235400 rp=239284
18:45:59.038 @I ww=marvin cut=0.50 win=5 cool=1000 tick=100 wifi=1 srv=1 li=0 ln=0
18:45:59.038 @T t=315282 s=0.000 lv=-40.0 pk=-38.2 c0=4.8 c1=9.7 kw=9.66 inf=2.73 iv=1.13 n=3 d=0 sk=0 hf=96148 hm=92264 ht=283156 pf=0 pm=0 pt=0 ru=235400 rp=239284
18:46:01.548 @T t=315388 s=0.000 lv=-39.9 pk=-39.1 c0=4.0 c1=9.8 kw=9.45 inf=2.33 iv=1.13 n=4 d=0 sk=0 hf=96148 hm=92264 ht=283156 pf=0 pm=0 pt=0 ru=235400 rp=239284
18:46:01.548 @T t=315494 s=0.000 lv=-39.5 pk=-37.8 c0=4.0 c1=8.5 kw=8.29 inf=2.70 iv=1.12 n=3 d=0 sk=0 hf=96148 hm=92264 ht=283156 pf=0 pm=0 pt=0 ru=235400 rp=239284
18:46:01.548 @T t=315600 s=0.000 lv=-40.8 pk=-40.2 c0=3.5 c1=8.5 kw=8.37 inf=2.72 iv=1.13 n=3 d=0 sk=0 hf=96148 hm=92264 ht=283156 pf=0 pm=0 pt=0 ru=235400 rp=239284
18:46:01.548 @T t=315689 s=0.000 lv=-39.5 pk=-37.7 c0=3.9 c1=11.5 kw=11.31 inf=2.33 iv=1.12 n=4 d=0 sk=0 hf=96148 hm=92264 ht=283156 pf=0 pm=0 pt=0 ru=235400 rp=239284
18:46:01.548 @T t=315795 s=0.000 lv=-35.8 pk=-33.2 c0=3.4 c1=8.5 kw=8.31 inf=2.71 iv=1.11 n=3 d=0 sk=0 hf=96148 hm=92264 ht=283156 pf=0 pm=0 pt=0 ru=235400 rp=239284
18:46:01.548 @T t=315881 s=0.000 lv=-27.6 pk=-24.7 c0=4.4 c1=9.3 kw=9.38 inf=2.45 iv=1.15 n=3 d=0 sk=0 hf=96148 hm=92264 ht=283156 pf=0 pm=0 pt=0 ru=235400 rp=239284
18:46:01.548 @T t=315987 s=0.000 lv=-33.2 pk=-29.2 c0=3.4 c1=10.8 kw=10.40 inf=2.58 iv=1.09 n=4 d=0 sk=0 hf=96148 hm=92264 ht=283156 pf=0 pm=0 pt=0 ru=235400 rp=239284
18:46:01.548 @T t=316093 s=0.000 lv=-39.3 pk=-36.3 c0=3.8 c1=8.8 kw=8.64 inf=2.82 iv=1.21 n=3 d=0 sk=0 hf=96148 hm=92264 ht=283156 pf=0 pm=0 pt=0 ru=235400 rp=239284
18:46:01.548 @T t=316199 s=0.000 lv=-37.4 pk=-34.0 c0=3.4 c1=8.5 kw=8.37 inf=2.73 iv=1.14 n=3 d=0 sk=0 hf=96148 hm=92264 ht=283156 pf=0 pm=0 pt=0 ru=235400 rp=239284
18:46:01.548 @I ww=marvin cut=0.50 win=5 cool=1000 tick=100 wifi=1 srv=1 li=0 ln=0
18:46:01.548 @T t=316291 s=0.000 lv=-39.3 pk=-37.8 c0=5.1 c1=11.4 kw=11.13 inf=2.38 iv=1.17 n=4 d=0 sk=0 hf=96148 hm=92264 ht=283156 pf=0 pm=0 pt=0 ru=235400 rp=239284
18:46:01.548 @T t=316397 s=0.000 lv=-36.9 pk=-34.5 c0=5.7 c1=9.2 kw=8.99 inf=2.94 iv=1.29 n=3 d=0 sk=0 hf=94384 hm=92264 ht=283156 pf=0 pm=0 pt=0 ru=237164 rp=239284
18:46:01.548 @T t=316484 s=0.000 lv=-39.9 pk=-38.1 c0=6.7 c1=11.5 kw=10.81 inf=2.89 iv=1.28 n=3 d=0 sk=0 hf=96148 hm=92264 ht=283156 pf=0 pm=0 pt=0 ru=235400 rp=239284
18:46:01.548 @T t=316590 s=0.000 lv=-36.0 pk=-32.2 c0=4.2 c1=9.8 kw=9.64 inf=2.38 iv=1.17 n=4 d=0 sk=0 hf=95952 hm=92264 ht=283156 pf=0 pm=0 pt=0 ru=235596 rp=239284
18:46:01.548 @T t=316696 s=0.000 lv=-34.8 pk=-30.1 c0=6.8 c1=8.6 kw=8.41 inf=2.74 iv=1.14 n=3 d=0 sk=0 hf=96148 hm=92264 ht=283156 pf=0 pm=0 pt=0 ru=235400 rp=239284
18:46:01.548 @T t=316782 s=0.000 lv=-38.9 pk=-37.6 c0=8.2 c1=10.5 kw=10.44 inf=2.76 iv=1.16 n=3 d=0 sk=0 hf=96148 hm=92264 ht=283156 pf=0 pm=0 pt=0 ru=235400 rp=239284
18:46:01.548 @T t=316888 s=0.000 lv=-33.4 pk=-31.6 c0=3.6 c1=9.7 kw=9.40 inf=2.32 iv=1.12 n=4 d=0 sk=0 hf=96148 hm=92264 ht=283156 pf=0 pm=0 pt=0 ru=235400 rp=239284
18:46:01.548 @T t=316994 s=0.000 lv=-38.4 pk=-35.6 c0=6.6 c1=8.5 kw=8.34 inf=2.72 iv=1.13 n=3 d=0 sk=0 hf=96148 hm=92264 ht=283156 pf=0 pm=0 pt=0 ru=235400 rp=239284
18:46:01.548 @T t=317100 s=0.000 lv=-31.6 pk=-26.5 c0=3.5 c1=8.6 kw=8.42 inf=2.74 iv=1.14 n=3 d=0 sk=0 hf=96148 hm=92264 ht=283156 pf=0 pm=0 pt=0 ru=235400 rp=239284
18:46:01.548 @T t=317186 s=0.000 lv=-25.6 pk=-23.3 c0=4.7 c1=12.4 kw=12.13 inf=2.42 iv=1.19 n=4 d=0 sk=0 hf=96148 hm=92264 ht=283156 pf=0 pm=0 pt=0 ru=235400 rp=239284
18:46:01.548 @I ww=marvin cut=0.50 win=5 cool=1000 tick=100 wifi=1 srv=1 li=0 ln=0
18:46:01.548 @T t=317297 s=0.000 lv=-36.9 pk=-34.6 c0=4.0 c1=8.1 kw=7.95 inf=2.71 iv=1.13 n=3 d=0 sk=0 hf=96148 hm=92264 ht=283156 pf=0 pm=0 pt=0 ru=235400 rp=239284
18:46:01.548 @T t=317383 s=0.000 lv=-36.9 pk=-34.0 c0=4.8 c1=11.1 kw=10.84 inf=2.87 iv=1.25 n=3 d=0 sk=0 hf=96148 hm=92264 ht=283156 pf=0 pm=0 pt=0 ru=235400 rp=239284
18:46:01.548 @T t=317489 s=0.000 lv=-37.4 pk=-35.6 c0=4.3 c1=9.7 kw=9.56 inf=2.36 iv=1.14 n=4 d=0 sk=0 hf=96148 hm=92264 ht=283156 pf=0 pm=0 pt=0 ru=235400 rp=239284
18:46:01.548 @T t=317595 s=0.000 lv=-22.5 pk=-20.2 c0=3.5 c1=8.8 kw=8.67 inf=2.83 iv=1.22 n=3 d=0 sk=0 hf=96148 hm=92264 ht=283156 pf=0 pm=0 pt=0 ru=235400 rp=239284
18:46:01.548 @T t=317681 s=0.000 lv=-27.1 pk=-23.2 c0=4.2 c1=9.5 kw=9.55 inf=2.50 iv=1.21 n=3 d=0 sk=0 hf=96148 hm=92264 ht=283156 pf=0 pm=0 pt=0 ru=235400 rp=239284
18:46:01.548 @T t=317787 s=0.000 lv=-39.7 pk=-38.5 c0=3.4 c1=11.1 kw=10.67 inf=2.65 iv=1.16 n=4 d=0 sk=0 hf=96148 hm=92264 ht=283156 pf=0 pm=0 pt=0 ru=235400 rp=239284
18:46:04.042 @T t=317893 s=0.000 lv=-40.5 pk=-38.9 c0=3.6 c1=8.9 kw=8.70 inf=2.84 iv=1.23 n=3 d=0 sk=0 hf=96148 hm=92264 ht=283156 pf=0 pm=0 pt=0 ru=235400 rp=239284
18:46:04.042 @T t=317999 s=0.000 lv=-40.3 pk=-39.9 c0=3.4 c1=8.6 kw=8.39 inf=2.73 iv=1.15 n=3 d=0 sk=0 hf=96148 hm=92264 ht=283156 pf=0 pm=0 pt=0 ru=235400 rp=239284
18:46:04.042 @T t=318085 s=0.000 lv=-41.3 pk=-40.9 c0=4.4 c1=11.9 kw=11.64 inf=2.33 iv=1.13 n=4 d=0 sk=0 hf=96148 hm=92264 ht=283156 pf=0 pm=0 pt=0 ru=235400 rp=239284
18:46:04.042 @T t=318191 s=0.000 lv=-37.9 pk=-36.5 c0=3.4 c1=8.5 kw=8.32 inf=2.71 iv=1.13 n=3 d=0 sk=0 hf=96148 hm=92264 ht=283156 pf=0 pm=0 pt=0 ru=235400 rp=239284
18:46:04.042 @I ww=marvin cut=0.50 win=5 cool=1000 tick=100 wifi=1 srv=1 li=0 ln=0
18:46:04.042 @T t=318283 s=0.000 lv=-38.9 pk=-36.7 c0=5.3 c1=10.0 kw=9.73 inf=2.75 iv=1.13 n=3 d=0 sk=0 hf=96148 hm=92264 ht=283156 pf=0 pm=0 pt=0 ru=235400 rp=239284
18:46:04.042 @T t=318389 s=0.000 lv=-27.9 pk=-21.9 c0=6.7 c1=9.6 kw=9.38 inf=2.31 iv=1.12 n=4 d=0 sk=0 hf=96148 hm=92264 ht=283156 pf=0 pm=0 pt=0 ru=235400 rp=239284
18:46:04.042 @T t=318495 s=0.000 lv=-26.0 pk=-22.9 c0=7.2 c1=10.6 kw=9.56 inf=3.13 iv=1.42 n=3 d=0 sk=0 hf=96148 hm=92264 ht=283156 pf=0 pm=0 pt=0 ru=235400 rp=239284
18:46:04.042 @T t=318581 s=0.000 lv=-38.4 pk=-36.8 c0=8.2 c1=9.0 kw=9.13 inf=2.38 iv=1.11 n=3 d=0 sk=0 hf=96148 hm=92264 ht=283156 pf=0 pm=0 pt=0 ru=235400 rp=239284
18:46:04.042 @T t=318687 s=0.000 lv=-28.4 pk=-25.6 c0=6.6 c1=11.0 kw=10.52 inf=2.61 iv=1.11 n=4 d=0 sk=0 hf=96148 hm=92264 ht=283156 pf=0 pm=0 pt=0 ru=235400 rp=239284
18:46:04.042 @T t=318793 s=0.000 lv=-28.8 pk=-26.6 c0=3.4 c1=8.5 kw=8.30 inf=2.70 iv=1.11 n=3 d=0 sk=0 hf=96148 hm=92264 ht=283156 pf=0 pm=0 pt=0 ru=235400 rp=239284
18:46:04.042 @T t=318899 s=0.000 lv=-37.8 pk=-34.8 c0=3.6 c1=8.5 kw=8.34 inf=2.71 iv=1.12 n=3 d=0 sk=0 hf=96148 hm=92264 ht=283156 pf=0 pm=0 pt=0 ru=235400 rp=239284
18:46:04.042 @T t=318985 s=0.000 lv=-38.6 pk=-37.2 c0=4.1 c1=11.8 kw=11.55 inf=2.31 iv=1.11 n=4 d=0 sk=0 hf=96148 hm=92264 ht=283156 pf=0 pm=0 pt=0 ru=235400 rp=239284
18:46:04.042 @T t=319091 s=0.000 lv=-31.0 pk=-27.2 c0=3.4 c1=8.4 kw=8.27 inf=2.69 iv=1.11 n=3 d=0 sk=0 hf=96148 hm=92264 ht=283156 pf=0 pm=0 pt=0 ru=235400 rp=239284
18:46:04.042 @T t=319197 s=0.000 lv=-37.2 pk=-33.8 c0=3.4 c1=8.4 kw=8.26 inf=2.69 iv=1.11 n=3 d=0 sk=0 hf=96148 hm=92264 ht=283156 pf=0 pm=0 pt=0 ru=235400 rp=239284
18:46:04.042 @I ww=marvin cut=0.50 win=5 cool=1000 tick=100 wifi=1 srv=1 li=0 ln=0
18:46:04.042 @T t=319288 s=0.000 lv=-36.4 pk=-33.8 c0=4.8 c1=11.2 kw=11.03 inf=2.33 iv=1.14 n=4 d=0 sk=0 hf=96148 hm=92264 ht=283156 pf=0 pm=0 pt=0 ru=235400 rp=239284
18:46:04.042 @T t=319394 s=0.000 lv=-25.4 pk=-23.4 c0=4.1 c1=8.5 kw=8.31 inf=2.71 iv=1.11 n=3 d=0 sk=0 hf=96148 hm=92264 ht=283156 pf=0 pm=0 pt=0 ru=235400 rp=239284
18:46:04.042 @T t=319500 s=0.000 lv=-34.5 pk=-29.7 c0=4.4 c1=8.9 kw=8.72 inf=2.84 iv=1.21 n=3 d=0 sk=0 hf=96148 hm=92264 ht=283156 pf=0 pm=0 pt=0 ru=235400 rp=239284
18:46:04.043 @T t=319588 s=0.000 lv=-38.2 pk=-37.1 c0=4.0 c1=11.7 kw=11.47 inf=2.34 iv=1.13 n=4 d=0 sk=0 hf=96148 hm=92264 ht=283156 pf=0 pm=0 pt=0 ru=235400 rp=239284
18:46:04.043 @T t=319694 s=0.000 lv=-36.8 pk=-34.9 c0=3.4 c1=8.4 kw=8.26 inf=2.69 iv=1.10 n=3 d=0 sk=0 hf=96148 hm=92264 ht=283156 pf=0 pm=0 pt=0 ru=235400 rp=239284
18:46:04.043 @T t=319800 s=0.000 lv=-37.5 pk=-34.2 c0=3.4 c1=8.6 kw=8.38 inf=2.73 iv=1.14 n=3 d=0 sk=0 hf=96148 hm=92264 ht=283156 pf=0 pm=0 pt=0 ru=235400 rp=239284
18:46:04.043 @T t=319889 s=0.000 lv=-37.5 pk=-35.1 c0=4.1 c1=11.7 kw=11.47 inf=2.37 iv=1.14 n=4 d=0 sk=0 hf=96148 hm=92264 ht=283156 pf=0 pm=0 pt=0 ru=235400 rp=239284
18:46:04.043 @T t=319995 s=0.000 lv=-34.4 pk=-33.1 c0=3.4 c1=8.5 kw=8.29 inf=2.70 iv=1.11 n=3 d=0 sk=0 hf=96148 hm=92264 ht=283156 pf=0 pm=0 pt=0 ru=235400 rp=239284
18:46:04.043 @T t=320081 s=0.000 lv=-37.5 pk=-35.5 c0=4.2 c1=9.1 kw=9.20 inf=2.41 iv=1.13 n=3 d=0 sk=0 hf=96148 hm=92264 ht=283156 pf=0 pm=0 pt=0 ru=235400 rp=239284
18:46:04.043 @T t=320187 s=0.000 lv=-32.4 pk=-27.1 c0=3.4 c1=10.8 kw=10.35 inf=2.57 iv=1.09 n=4 d=0 sk=0 hf=96148 hm=92264 ht=283156 pf=0 pm=0 pt=0 ru=235400 rp=239284
18:46:04.043 @I ww=marvin cut=0.50 win=5 cool=1000 tick=100 wifi=1 srv=1 li=0 ln=0
18:46:04.043 @T t=320299 s=0.000 lv=-22.5 pk=-21.2 c0=3.9 c1=8.0 kw=7.84 inf=2.70 iv=1.11 n=3 d=0 sk=0 hf=96148 hm=92264 ht=283156 pf=0 pm=0 pt=0 ru=235400 rp=239284
18:46:06.440 @T t=320385 s=0.000 lv=-32.0 pk=-26.7 c0=4.3 c1=10.7 kw=10.48 inf=2.77 iv=1.16 n=3 d=0 sk=0 hf=96148 hm=92264 ht=283156 pf=0 pm=0 pt=0 ru=235400 rp=239284
18:46:06.440 @T t=320491 s=0.000 lv=-38.5 pk=-36.1 c0=6.0 c1=10.5 kw=9.84 inf=2.43 iv=1.21 n=4 d=0 sk=0 hf=94384 hm=92264 ht=283156 pf=0 pm=0 pt=0 ru=237164 rp=239284
18:46:06.440 @T t=320597 s=0.000 lv=-37.7 pk=-35.5 c0=6.3 c1=10.0 kw=9.31 inf=3.04 iv=1.35 n=3 d=0 sk=0 hf=95952 hm=92264 ht=283156 pf=0 pm=0 pt=0 ru=235596 rp=239284
18:46:06.440 @T t=320684 s=0.000 lv=-39.2 pk=-38.4 c0=4.7 c1=10.7 kw=10.48 inf=2.81 iv=1.21 n=3 d=0 sk=0 hf=96148 hm=92264 ht=283156 pf=0 pm=0 pt=0 ru=235400 rp=239284
18:46:06.441 @T t=320790 s=0.000 lv=-39.1 pk=-38.1 c0=6.6 c1=9.4 kw=9.25 inf=2.28 iv=1.09 n=4 d=0 sk=0 hf=96148 hm=92264 ht=283156 pf=0 pm=0 pt=0 ru=235400 rp=239284
18:46:06.441 @T t=320896 s=0.000 lv=-39.6 pk=-39.0 c0=3.6 c1=8.6 kw=8.44 inf=2.75 iv=1.16 n=3 d=0 sk=0 hf=96148 hm=92264 ht=283156 pf=0 pm=0 pt=0 ru=235400 rp=239284
18:46:06.441 @T t=320982 s=0.000 lv=-36.8 pk=-34.4 c0=4.2 c1=10.4 kw=10.42 inf=2.75 iv=1.16 n=3 d=0 sk=0 hf=96148 hm=92264 ht=283156 pf=0 pm=0 pt=0 ru=235400 rp=239284
18:46:06.441 @T t=321088 s=0.000 lv=-41.1 pk=-39.9 c0=3.5 c1=9.6 kw=9.29 inf=2.29 iv=1.10 n=4 d=0 sk=0 hf=96148 hm=92264 ht=283156 pf=0 pm=0 pt=0 ru=235400 rp=239284
18:46:06.441 @T t=321194 s=0.000 lv=-41.0 pk=-40.1 c0=3.4 c1=8.5 kw=8.33 inf=2.71 iv=1.13 n=3 d=0 sk=0 hf=96148 hm=92264 ht=283156 pf=0 pm=0 pt=0 ru=235400 rp=239284
18:46:06.441 @I ww=marvin cut=0.50 win=5 cool=1000 tick=100 wifi=1 srv=1 li=0 ln=0
18:46:06.441 @T t=321286 s=0.000 lv=-42.0 pk=-40.9 c0=4.9 c1=9.9 kw=9.68 inf=2.73 iv=1.15 n=3 d=0 sk=0 hf=96148 hm=92264 ht=283156 pf=0 pm=0 pt=0 ru=235400 rp=239284
18:46:06.441 [status] up 321s | mic -32.4 dBFS (peak -20.2) | score max 0.00 | detections 0 | inferences 333 (33.3/s; model 1.15 ms each, paused in quiet 0%; features 1.45 ms per 30 ms) | CPU core0  4.5% core1  9.7% (wake word pipeline 9.38% of one core) | RAM used 229 KB (peak 233 KB, 93 KB free) | wifi OK, server OK | audio lost since boot: i2s 0 net 0
18:46:06.441 @T t=321417 s=0.000 lv=-40.2 pk=-38.3 c0=9.0 c1=9.0 kw=8.79 inf=2.66 iv=1.19 n=4 d=0 sk=0 hf=96148 hm=92264 ht=283156 pf=0 pm=0 pt=0 ru=235400 rp=239284
18:46:06.441 @T t=321483 s=0.000 lv=-39.5 pk=-38.6 c0=5.4 c1=11.9 kw=12.07 inf=2.47 iv=1.18 n=3 d=0 sk=0 hf=96148 hm=92264 ht=283156 pf=0 pm=0 pt=0 ru=235400 rp=239284
18:46:06.441 @T t=321589 s=0.000 lv=-40.3 pk=-38.2 c0=4.0 c1=9.1 kw=8.63 inf=2.81 iv=1.20 n=3 d=0 sk=0 hf=96148 hm=92264 ht=283156 pf=0 pm=0 pt=0 ru=235400 rp=239284
18:46:06.441 @T t=321695 s=0.000 lv=-39.8 pk=-38.7 c0=3.8 c1=9.8 kw=9.64 inf=2.38 iv=1.17 n=4 d=0 sk=0 hf=96148 hm=92264 ht=283156 pf=0 pm=0 pt=0 ru=235400 rp=239284
18:46:06.441 @T t=321781 s=0.000 lv=-41.0 pk=-40.1 c0=7.5 c1=7.9 kw=7.98 inf=3.09 iv=1.17 n=2 d=0 sk=0 hf=96148 hm=92264 ht=283156 pf=0 pm=0 pt=0 ru=235400 rp=239284
18:46:06.441 @T t=321890 s=0.000 lv=-40.6 pk=-39.5 c0=3.5 c1=10.8 kw=10.41 inf=2.66 iv=1.24 n=4 d=0 sk=0 hf=96148 hm=92264 ht=283156 pf=0 pm=0 pt=0 ru=235400 rp=239284
18:46:06.441 @T t=321996 s=0.000 lv=-41.4 pk=-40.0 c0=3.4 c1=6.5 kw=6.32 inf=2.00 iv=1.38 n=1 d=0 sk=2 hf=96148 hm=92264 ht=283156 pf=0 pm=0 pt=0 ru=235400 rp=239284
18:46:06.441 @T t=322082 s=0.000 lv=-26.2 pk=-20.5 c0=4.2 c1=12.1 kw=11.05 inf=1.26 iv=1.00 n=5 d=0 sk=2 hf=96148 hm=92264 ht=283156 pf=0 pm=0 pt=0 ru=235400 rp=239284
18:46:06.441 @T t=322188 s=0.000 lv=-25.6 pk=-21.4 c0=3.4 c1=9.9 kw=10.46 inf=2.60 iv=1.17 n=4 d=0 sk=0 hf=96148 hm=92264 ht=283156 pf=0 pm=0 pt=0 ru=235400 rp=239284
18:46:06.441 @I ww=marvin cut=0.50 win=5 cool=1000 tick=100 wifi=1 srv=1 li=0 ln=0
18:46:06.441 @T t=322300 s=0.000 lv=-33.3 pk=-30.9 c0=4.0 c1=8.0 kw=7.83 inf=2.69 iv=1.11 n=3 d=0 sk=0 hf=96148 hm=92264 ht=283156 pf=0 pm=0 pt=0 ru=235400 rp=239284
18:46:06.441 @T t=322386 s=0.001 lv=-36.8 pk=-33.4 c0=4.4 c1=12.4 kw=12.22 inf=2.44 iv=1.21 n=4 d=0 sk=0 hf=96148 hm=92264 ht=283156 pf=0 pm=0 pt=0 ru=235400 rp=239284
18:46:06.441 @T t=322492 s=0.002 lv=-39.1 pk=-37.5 c0=6.2 c1=8.8 kw=8.60 inf=2.81 iv=1.20 n=3 d=0 sk=0 hf=96148 hm=92264 ht=283156 pf=0 pm=0 pt=0 ru=235400 rp=239284
18:46:06.441 @T t=322598 s=0.003 lv=-38.0 pk=-37.0 c0=11.1 c1=10.4 kw=9.71 inf=3.17 iv=1.47 n=3 d=0 sk=0 hf=96148 hm=92264 ht=283156 pf=0 pm=0 pt=0 ru=235400 rp=239284
18:46:06.441 @T t=322685 s=0.002 lv=-40.3 pk=-38.6 c0=4.4 c1=12.1 kw=11.87 inf=2.40 iv=1.20 n=4 d=0 sk=0 hf=96148 hm=92264 ht=283156 pf=0 pm=0 pt=0 ru=235400 rp=239284
18:46:08.933 @T t=322791 s=0.000 lv=-37.0 pk=-35.5 c0=3.8 c1=8.8 kw=8.65 inf=2.82 iv=1.19 n=3 d=0 sk=0 hf=96148 hm=92264 ht=283156 pf=0 pm=0 pt=0 ru=235400 rp=239284
18:46:08.933 @T t=322897 s=0.000 lv=-36.0 pk=-32.4 c0=3.6 c1=8.7 kw=8.50 inf=2.77 iv=1.17 n=3 d=0 sk=0 hf=96148 hm=92264 ht=283156 pf=0 pm=0 pt=0 ru=235400 rp=239284
18:46:08.933 @T t=322983 s=0.000 lv=-40.1 pk=-39.5 c0=4.3 c1=11.6 kw=11.62 inf=2.32 iv=1.12 n=4 d=0 sk=0 hf=96148 hm=92264 ht=283156 pf=0 pm=0 pt=0 ru=235400 rp=239284
18:46:08.933 @T t=323089 s=0.000 lv=-39.3 pk=-37.3 c0=3.5 c1=8.8 kw=8.43 inf=2.75 iv=1.15 n=3 d=0 sk=0 hf=96148 hm=92264 ht=283156 pf=0 pm=0 pt=0 ru=235400 rp=239284
18:46:08.933 @T t=323195 s=0.000 lv=-39.6 pk=-38.0 c0=3.4 c1=8.7 kw=8.53 inf=2.78 iv=1.18 n=3 d=0 sk=0 hf=96148 hm=92264 ht=283156 pf=0 pm=0 pt=0 ru=235400 rp=239284
18:46:08.933 @I ww=marvin cut=0.50 win=5 cool=1000 tick=100 wifi=1 srv=1 li=0 ln=0
18:46:08.933 @T t=323287 s=0.000 lv=-27.7 pk=-24.5 c0=13.6 c1=11.5 kw=11.25 inf=2.41 iv=1.19 n=4 d=0 sk=0 hf=96148 hm=92264 ht=283156 pf=0 pm=0 pt=0 ru=235400 rp=239284
18:46:08.933 @T t=323393 s=0.000 lv=-37.2 pk=-32.0 c0=3.6 c1=8.5 kw=8.32 inf=2.71 iv=1.13 n=3 d=0 sk=0 hf=96148 hm=92264 ht=283156 pf=0 pm=0 pt=0 ru=235400 rp=239284
18:46:08.933 @T t=323499 s=0.000 lv=-39.6 pk=-38.5 c0=3.4 c1=8.5 kw=8.33 inf=2.71 iv=1.13 n=3 d=0 sk=0 hf=96148 hm=92264 ht=283156 pf=0 pm=0 pt=0 ru=235400 rp=239284
18:46:08.933 @T t=323585 s=0.000 lv=-35.9 pk=-33.9 c0=4.9 c1=12.1 kw=11.89 inf=2.38 iv=1.16 n=4 d=0 sk=0 hf=96148 hm=92264 ht=283156 pf=0 pm=0 pt=0 ru=235400 rp=239284
18:46:08.933 @T t=323691 s=0.000 lv=-37.7 pk=-35.5 c0=6.6 c1=8.5 kw=8.29 inf=2.70 iv=1.12 n=3 d=0 sk=0 hf=96148 hm=92264 ht=283156 pf=0 pm=0 pt=0 ru=235400 rp=239284
18:46:08.933 @T t=323797 s=0.000 lv=-26.8 pk=-22.0 c0=3.4 c1=8.5 kw=8.32 inf=2.71 iv=1.12 n=3 d=0 sk=0 hf=96148 hm=92264 ht=283156 pf=0 pm=0 pt=0 ru=235400 rp=239284
18:46:08.933 @T t=323883 s=0.000 lv=-24.9 pk=-21.8 c0=4.5 c1=11.7 kw=11.70 inf=2.34 iv=1.13 n=4 d=0 sk=0 hf=96148 hm=92264 ht=283156 pf=0 pm=0 pt=0 ru=235400 rp=239284
18:46:08.933 @T t=323989 s=0.000 lv=-39.1 pk=-35.8 c0=3.8 c1=8.9 kw=8.45 inf=2.75 iv=1.15 n=3 d=0 sk=0 hf=96148 hm=92264 ht=283156 pf=0 pm=0 pt=0 ru=235400 rp=239284
18:46:08.933 @T t=324095 s=0.000 lv=-38.9 pk=-38.0 c0=3.5 c1=8.7 kw=8.51 inf=2.77 iv=1.17 n=3 d=0 sk=0 hf=96148 hm=92264 ht=283156 pf=0 pm=0 pt=0 ru=235400 rp=239284
18:46:08.933 @T t=324181 s=0.000 lv=-34.6 pk=-30.8 c0=4.2 c1=9.5 kw=9.55 inf=2.50 iv=1.20 n=3 d=0 sk=0 hf=96148 hm=92264 ht=283156 pf=0 pm=0 pt=0 ru=235400 rp=239284
18:46:08.933 @I ww=marvin cut=0.50 win=5 cool=1000 tick=100 wifi=1 srv=1 li=0 ln=0
18:46:08.933 @T t=324295 s=0.000 lv=-34.3 pk=-29.1 c0=3.9 c1=10.6 kw=10.18 inf=2.73 iv=1.24 n=4 d=0 sk=0 hf=96148 hm=92264 ht=283156 pf=0 pm=0 pt=0 ru=235400 rp=239284
18:46:08.933 @T t=324381 s=0.000 lv=-21.9 pk=-20.6 c0=8.3 c1=9.6 kw=9.64 inf=2.53 iv=1.23 n=3 d=0 sk=0 hf=96148 hm=92264 ht=283156 pf=0 pm=0 pt=0 ru=235400 rp=239284
18:46:08.933 @T t=324487 s=0.000 lv=-34.0 pk=-29.3 c0=3.5 c1=10.8 kw=10.42 inf=2.59 iv=1.10 n=4 d=0 sk=0 hf=96148 hm=92264 ht=283156 pf=0 pm=0 pt=0 ru=235400 rp=239284
18:46:08.933 @T t=324593 s=0.000 lv=-40.8 pk=-39.9 c0=6.5 c1=9.1 kw=8.85 inf=2.89 iv=1.27 n=3 d=0 sk=0 hf=94384 hm=92264 ht=283156 pf=0 pm=0 pt=0 ru=237164 rp=239284
18:46:08.933 @T t=324700 s=0.000 lv=-38.1 pk=-36.1 c0=5.3 c1=9.4 kw=8.80 inf=2.90 iv=1.28 n=3 d=0 sk=0 hf=96148 hm=92264 ht=283156 pf=0 pm=0 pt=0 ru=235400 rp=239284
18:46:08.933 @T t=324788 s=0.000 lv=-39.0 pk=-37.0 c0=10.2 c1=11.7 kw=11.47 inf=2.34 iv=1.11 n=4 d=0 sk=0 hf=96148 hm=92264 ht=283156 pf=0 pm=0 pt=0 ru=235400 rp=239284
18:46:08.933 @T t=324894 s=0.000 lv=-38.1 pk=-35.4 c0=4.1 c1=9.0 kw=8.77 inf=2.86 iv=1.25 n=3 d=0 sk=0 hf=96148 hm=92264 ht=283156 pf=0 pm=0 pt=0 ru=235400 rp=239284
18:46:08.933 @T t=325000 s=0.000 lv=-38.6 pk=-37.0 c0=3.4 c1=8.5 kw=8.35 inf=2.72 iv=1.14 n=3 d=0 sk=0 hf=96148 hm=92264 ht=283156 pf=0 pm=0 pt=0 ru=235400 rp=239284
18:46:08.934 @T t=325086 s=0.000 lv=-40.0 pk=-37.2 c0=4.8 c1=12.5 kw=12.20 inf=2.44 iv=1.20 n=4 d=0 sk=0 hf=96148 hm=92264 ht=283156 pf=0 pm=0 pt=0 ru=235400 rp=239284
18:46:08.934 @T t=325192 s=0.000 lv=-37.9 pk=-36.4 c0=6.1 c1=8.5 kw=8.32 inf=2.71 iv=1.13 n=3 d=0 sk=0 hf=96148 hm=92264 ht=283156 pf=0 pm=0 pt=0 ru=235400 rp=239284
18:46:08.934 @I ww=marvin cut=0.50 win=5 cool=1000 tick=100 wifi=1 srv=1 li=0 ln=0
18:46:11.450 @T t=325284 s=0.000 lv=-31.2 pk=-29.6 c0=4.8 c1=9.9 kw=9.72 inf=2.75 iv=1.15 n=3 d=0 sk=0 hf=96148 hm=92264 ht=283156 pf=0 pm=0 pt=0 ru=235400 rp=239284
18:46:11.450 @T t=325390 s=0.000 lv=-36.6 pk=-34.2 c0=3.5 c1=9.5 kw=9.31 inf=2.29 iv=1.10 n=4 d=0 sk=0 hf=96148 hm=92264 ht=283156 pf=0 pm=0 pt=0 ru=235400 rp=239284
18:46:11.450 @T t=325496 s=0.000 lv=-38.7 pk=-36.6 c0=3.5 c1=8.5 kw=8.36 inf=2.72 iv=1.14 n=3 d=0 sk=0 hf=96148 hm=92264 ht=283156 pf=0 pm=0 pt=0 ru=235400 rp=239284
18:46:11.450 @T t=325582 s=0.000 lv=-38.4 pk=-36.7 c0=4.4 c1=10.4 kw=10.43 inf=2.76 iv=1.16 n=3 d=0 sk=0 hf=96148 hm=92264 ht=283156 pf=0 pm=0 pt=0 ru=235400 rp=239284
18:46:11.450 @T t=325688 s=0.000 lv=-21.7 pk=-19.9 c0=3.9 c1=9.9 kw=9.52 inf=2.35 iv=1.14 n=4 d=0 sk=0 hf=96148 hm=92264 ht=283156 pf=0 pm=0 pt=0 ru=235400 rp=239284
18:46:11.450 @T t=325794 s=0.000 lv=-25.9 pk=-20.2 c0=3.4 c1=8.5 kw=8.31 inf=2.71 iv=1.13 n=3 d=0 sk=0 hf=96148 hm=92264 ht=283156 pf=0 pm=0 pt=0 ru=235400 rp=239284
18:46:11.450 @T t=325900 s=0.000 lv=-24.5 pk=-22.2 c0=3.6 c1=8.7 kw=8.47 inf=2.76 iv=1.16 n=3 d=0 sk=0 hf=96148 hm=92264 ht=283156 pf=0 pm=0 pt=0 ru=235400 rp=239284
18:46:11.450 @T t=325989 s=0.000 lv=-35.0 pk=-29.8 c0=3.9 c1=11.5 kw=11.29 inf=2.33 iv=1.12 n=4 d=0 sk=0 hf=96148 hm=92264 ht=283156 pf=0 pm=0 pt=0 ru=235400 rp=239284
18:46:11.450 @T t=326095 s=0.000 lv=-35.2 pk=-31.8 c0=3.5 c1=8.5 kw=8.37 inf=2.73 iv=1.14 n=3 d=0 sk=0 hf=96148 hm=92264 ht=283156 pf=0 pm=0 pt=0 ru=235400 rp=239284
18:46:11.450 @T t=326181 s=0.000 lv=-28.0 pk=-26.7 c0=4.8 c1=9.6 kw=9.64 inf=2.53 iv=1.23 n=3 d=0 sk=0 hf=96148 hm=92264 ht=283156 pf=0 pm=0 pt=0 ru=235400 rp=239284
18:46:11.450 @I ww=marvin cut=0.50 win=5 cool=1000 tick=100 wifi=1 srv=1 li=0 ln=0
18:46:11.450 @T t=326293 s=0.000 lv=-38.0 pk=-33.8 c0=4.0 c1=10.3 kw=9.93 inf=2.61 iv=1.10 n=4 d=0 sk=0 hf=96148 hm=92264 ht=283156 pf=0 pm=0 pt=0 ru=235400 rp=239284
18:46:11.450 @T t=326399 s=0.000 lv=-32.2 pk=-28.3 c0=3.6 c1=8.6 kw=8.41 inf=2.74 iv=1.15 n=3 d=0 sk=0 hf=96148 hm=92264 ht=283156 pf=0 pm=0 pt=0 ru=235400 rp=239284
18:46:11.451 @T t=326485 s=0.000 lv=-35.6 pk=-30.3 c0=4.3 c1=10.7 kw=10.50 inf=2.77 iv=1.16 n=3 d=0 sk=0 hf=96148 hm=92264 ht=283156 pf=0 pm=0 pt=0 ru=235400 rp=239284
18:46:11.451 @T t=326591 s=0.000 lv=-39.6 pk=-38.4 c0=3.5 c1=9.4 kw=9.28 inf=2.29 iv=1.10 n=4 d=0 sk=0 hf=96148 hm=92264 ht=283156 pf=0 pm=0 pt=0 ru=235400 rp=239284
18:46:11.451 @T t=326697 s=0.000 lv=-33.8 pk=-28.2 c0=7.5 c1=9.7 kw=8.71 inf=2.84 iv=1.21 n=3 d=0 sk=0 hf=96148 hm=92264 ht=283156 pf=0 pm=0 pt=0 ru=235400 rp=239284
18:46:11.451 @T t=326784 s=0.000 lv=-27.5 pk=-25.1 c0=4.3 c1=10.6 kw=10.41 inf=2.78 iv=1.17 n=3 d=0 sk=0 hf=96148 hm=92264 ht=283156 pf=0 pm=0 pt=0 ru=235400 rp=239284
18:46:11.451 @T t=326890 s=0.000 lv=-40.5 pk=-39.1 c0=4.4 c1=10.0 kw=9.75 inf=2.40 iv=1.20 n=4 d=0 sk=0 hf=96148 hm=92264 ht=283156 pf=0 pm=0 pt=0 ru=235400 rp=239284
18:46:11.451 @T t=326996 s=0.000 lv=-40.6 pk=-39.6 c0=6.1 c1=8.5 kw=8.32 inf=2.71 iv=1.13 n=3 d=0 sk=0 hf=96148 hm=92264 ht=283156 pf=0 pm=0 pt=0 ru=235400 rp=239284
18:46:11.451 @T t=327082 s=0.000 lv=-40.7 pk=-39.1 c0=4.3 c1=10.3 kw=10.35 inf=2.73 iv=1.14 n=3 d=0 sk=0 hf=96148 hm=92264 ht=283156 pf=0 pm=0 pt=0 ru=235400 rp=239284
18:46:11.451 @T t=327188 s=0.000 lv=-40.4 pk=-39.8 c0=3.4 c1=9.6 kw=9.25 inf=2.28 iv=1.09 n=4 d=0 sk=0 hf=96148 hm=92264 ht=283156 pf=0 pm=0 pt=0 ru=235400 rp=239284
18:46:11.451 @I ww=marvin cut=0.50 win=5 cool=1000 tick=100 wifi=1 srv=1 li=0 ln=0
18:46:11.451 @T t=327300 s=0.000 lv=-41.0 pk=-39.5 c0=4.3 c1=8.0 kw=7.82 inf=2.69 iv=1.12 n=3 d=0 sk=0 hf=96148 hm=92264 ht=283156 pf=0 pm=0 pt=0 ru=235400 rp=239284
18:46:11.451 @T t=327389 s=0.000 lv=-40.1 pk=-38.9 c0=4.1 c1=10.6 kw=10.33 inf=2.82 iv=1.17 n=3 d=0 sk=0 hf=96148 hm=92264 ht=283156 pf=0 pm=0 pt=0 ru=235400 rp=239284
18:46:11.451 @T t=327495 s=0.000 lv=-39.0 pk=-37.6 c0=6.3 c1=9.4 kw=9.20 inf=2.26 iv=1.08 n=4 d=0 sk=0 hf=96148 hm=92264 ht=283156 pf=0 pm=0 pt=0 ru=235400 rp=239284
18:46:11.451 @T t=327581 s=0.000 lv=-38.4 pk=-37.4 c0=8.1 c1=7.9 kw=8.00 inf=3.10 iv=1.19 n=2 d=0 sk=0 hf=96148 hm=92264 ht=283156 pf=0 pm=0 pt=0 ru=235400 rp=239284
18:46:11.451 @T t=327687 s=0.000 lv=-39.0 pk=-37.6 c0=6.1 c1=10.9 kw=10.54 inf=2.62 iv=1.20 n=4 d=0 sk=0 hf=96148 hm=92264 ht=283156 pf=0 pm=0 pt=0 ru=235400 rp=239284
18:46:13.944 @T t=327793 s=0.000 lv=-39.7 pk=-37.5 c0=3.9 c1=9.4 kw=9.20 inf=2.27 iv=1.08 n=4 d=0 sk=0 hf=96148 hm=92264 ht=283156 pf=0 pm=0 pt=0 ru=235400 rp=239284
18:46:13.944 @T t=327899 s=0.000 lv=-37.3 pk=-33.4 c0=3.7 c1=8.6 kw=8.43 inf=2.75 iv=1.14 n=3 d=0 sk=0 hf=96148 hm=92264 ht=283156 pf=0 pm=0 pt=0 ru=235400 rp=239284
18:46:13.944 @T t=327985 s=0.000 lv=-39.3 pk=-37.8 c0=4.2 c1=10.6 kw=10.40 inf=2.75 iv=1.15 n=3 d=0 sk=0 hf=96148 hm=92264 ht=283156 pf=0 pm=0 pt=0 ru=235400 rp=239284
18:46:13.944 @T t=328091 s=0.000 lv=-31.9 pk=-29.9 c0=3.4 c1=9.4 kw=9.19 inf=2.26 iv=1.07 n=4 d=0 sk=0 hf=96148 hm=92264 ht=283156 pf=0 pm=0 pt=0 ru=235400 rp=239284
18:46:13.944 @T t=328197 s=0.000 lv=-38.0 pk=-34.5 c0=3.4 c1=8.4 kw=8.26 inf=2.69 iv=1.11 n=3 d=0 sk=0 hf=96148 hm=92264 ht=283156 pf=0 pm=0 pt=0 ru=235400 rp=239284
18:46:13.944 @I ww=marvin cut=0.50 win=5 cool=1000 tick=100 wifi=1 srv=1 li=0 ln=0
18:46:13.944 @T t=328289 s=0.000 lv=-38.4 pk=-35.7 c0=4.9 c1=10.1 kw=9.87 inf=2.79 iv=1.19 n=3 d=0 sk=0 hf=96148 hm=92264 ht=283156 pf=0 pm=0 pt=0 ru=235400 rp=239284
18:46:13.944 @T t=328395 s=0.000 lv=-36.4 pk=-31.0 c0=3.6 c1=9.5 kw=9.35 inf=2.30 iv=1.11 n=4 d=0 sk=0 hf=96148 hm=92264 ht=283156 pf=0 pm=0 pt=0 ru=235400 rp=239284
18:46:13.944 @T t=328481 s=0.000 lv=-38.2 pk=-33.7 c0=8.6 c1=8.1 kw=8.17 inf=3.16 iv=1.21 n=2 d=0 sk=0 hf=96148 hm=92264 ht=283156 pf=0 pm=0 pt=0 ru=235400 rp=239284
18:46:13.944 @T t=328587 s=0.000 lv=-30.6 pk=-27.8 c0=6.2 c1=11.0 kw=10.59 inf=2.63 iv=1.21 n=4 d=0 sk=0 hf=96148 hm=92264 ht=283156 pf=0 pm=0 pt=0 ru=235400 rp=239284
18:46:13.944 @T t=328693 s=0.000 lv=-38.2 pk=-35.5 c0=5.2 c1=9.9 kw=9.26 inf=2.28 iv=1.09 n=4 d=0 sk=0 hf=94196 hm=92264 ht=283156 pf=0 pm=0 pt=0 ru=237352 rp=239284
18:46:13.944 @T t=328799 s=0.000 lv=-27.8 pk=-24.0 c0=5.6 c1=9.1 kw=8.52 inf=2.77 iv=1.14 n=3 d=0 sk=0 hf=96148 hm=92264 ht=283156 pf=0 pm=0 pt=0 ru=235400 rp=239284
18:46:13.944 @T t=328885 s=0.000 lv=-35.9 pk=-32.3 c0=5.2 c1=11.0 kw=10.81 inf=2.86 iv=1.23 n=3 d=0 sk=0 hf=96148 hm=92264 ht=283156 pf=0 pm=0 pt=0 ru=235400 rp=239284
18:46:13.944 @T t=328991 s=0.000 lv=-37.2 pk=-34.9 c0=3.4 c1=9.4 kw=9.26 inf=2.28 iv=1.09 n=4 d=0 sk=0 hf=96148 hm=92264 ht=283156 pf=0 pm=0 pt=0 ru=235400 rp=239284
18:46:13.944 @T t=329097 s=0.000 lv=-29.9 pk=-26.8 c0=3.4 c1=8.5 kw=8.37 inf=2.73 iv=1.14 n=3 d=0 sk=0 hf=96148 hm=92264 ht=283156 pf=0 pm=0 pt=0 ru=235400 rp=239284
18:46:13.944 @T t=329183 s=0.000 lv=-38.4 pk=-36.0 c0=4.2 c1=10.7 kw=10.44 inf=2.76 iv=1.15 n=3 d=0 sk=0 hf=96148 hm=92264 ht=283156 pf=0 pm=0 pt=0 ru=235400 rp=239284
18:46:13.944 @I ww=marvin cut=0.50 win=5 cool=1000 tick=100 wifi=1 srv=1 li=0 ln=0
18:46:13.944 @T t=329295 s=0.000 lv=-38.2 pk=-37.2 c0=4.0 c1=8.9 kw=8.77 inf=2.28 iv=1.09 n=4 d=0 sk=0 hf=96148 hm=92264 ht=283156 pf=0 pm=0 pt=0 ru=235400 rp=239284
18:46:13.944 @T t=329381 s=0.000 lv=-41.1 pk=-39.8 c0=4.3 c1=8.1 kw=8.15 inf=3.16 iv=1.24 n=2 d=0 sk=0 hf=96148 hm=92264 ht=283156 pf=0 pm=0 pt=0 ru=235400 rp=239284
18:46:13.944 @T t=329490 s=0.000 lv=-40.2 pk=-38.4 c0=8.9 c1=10.7 kw=10.33 inf=2.64 iv=1.22 n=4 d=0 sk=0 hf=96148 hm=92264 ht=283156 pf=0 pm=0 pt=0 ru=235400 rp=239284
18:46:13.944 @T t=329596 s=0.000 lv=-41.3 pk=-39.5 c0=3.9 c1=9.9 kw=9.70 inf=2.39 iv=1.17 n=4 d=0 sk=0 hf=96148 hm=92264 ht=283156 pf=0 pm=0 pt=0 ru=235400 rp=239284
18:46:13.944 @T t=329682 s=0.000 lv=-40.7 pk=-38.9 c0=4.2 c1=9.1 kw=8.06 inf=3.12 iv=1.21 n=2 d=0 sk=0 hf=96148 hm=92264 ht=283156 pf=0 pm=0 pt=0 ru=235400 rp=239284
18:46:13.944 @T t=329788 s=0.000 lv=-40.8 pk=-39.5 c0=3.9 c1=10.1 kw=10.60 inf=2.63 iv=1.14 n=4 d=0 sk=0 hf=96148 hm=92264 ht=283156 pf=0 pm=0 pt=0 ru=235400 rp=239284
18:46:13.944 @T t=329894 s=0.000 lv=-41.8 pk=-39.6 c0=3.6 c1=9.6 kw=9.42 inf=2.32 iv=1.12 n=4 d=0 sk=0 hf=96148 hm=92264 ht=283156 pf=0 pm=0 pt=0 ru=235400 rp=239284
18:46:13.944 @T t=330000 s=0.000 lv=-30.9 pk=-28.0 c0=3.4 c1=8.5 kw=8.36 inf=2.72 iv=1.13 n=3 d=0 sk=0 hf=96148 hm=92264 ht=283156 pf=0 pm=0 pt=0 ru=235400 rp=239284
18:46:13.944 @T t=330089 s=0.000 lv=-20.2 pk=-19.1 c0=10.9 c1=10.4 kw=10.23 inf=2.79 iv=1.16 n=3 d=0 sk=0 hf=96148 hm=92264 ht=283156 pf=0 pm=0 pt=0 ru=235400 rp=239284
18:46:13.944 @T t=330195 s=0.000 lv=-40.0 pk=-37.1 c0=3.4 c1=9.4 kw=9.24 inf=2.28 iv=1.09 n=4 d=0 sk=0 hf=96148 hm=92264 ht=283156 pf=0 pm=0 pt=0 ru=235400 rp=239284
18:46:13.944 @I ww=marvin cut=0.50 win=5 cool=1000 tick=100 wifi=1 srv=1 li=0 ln=0
18:46:16.244 @T t=330287 s=0.000 lv=-35.7 pk=-32.9 c0=4.8 c1=9.9 kw=9.65 inf=2.73 iv=1.13 n=3 d=0 sk=0 hf=96148 hm=92264 ht=283156 pf=0 pm=0 pt=0 ru=235400 rp=239284
18:46:16.244 @T t=330393 s=0.000 lv=-37.9 pk=-36.7 c0=3.5 c1=8.6 kw=8.45 inf=2.75 iv=1.15 n=3 d=0 sk=0 hf=96148 hm=92264 ht=283156 pf=0 pm=0 pt=0 ru=235400 rp=239284
18:46:16.244 @T t=330499 s=0.000 lv=-30.3 pk=-27.7 c0=3.4 c1=9.5 kw=9.31 inf=2.29 iv=1.10 n=4 d=0 sk=0 hf=96148 hm=92264 ht=283156 pf=0 pm=0 pt=0 ru=235400 rp=239284
18:46:16.244 @T t=330585 s=0.000 lv=-33.1 pk=-30.2 c0=4.3 c1=10.6 kw=10.38 inf=2.74 iv=1.14 n=3 d=0 sk=0 hf=96148 hm=92264 ht=283156 pf=0 pm=0 pt=0 ru=235400 rp=239284
18:46:16.244 @T t=330691 s=0.000 lv=-37.0 pk=-36.1 c0=3.8 c1=8.6 kw=8.38 inf=2.73 iv=1.13 n=3 d=0 sk=0 hf=96148 hm=92264 ht=283156 pf=0 pm=0 pt=0 ru=235400 rp=239284
18:46:16.244 I (331133) wifi:[ADDBA]RX DELBA, reason:37, delete tid:0, initiator:1(originator)
18:46:16.245 @T t=330797 s=0.000 lv=-39.2 pk=-36.1 c0=12.7 c1=11.1 kw=10.47 inf=2.59 iv=1.33 n=4 d=0 sk=0 hf=96148 hm=92264 ht=283156 pf=0 pm=0 pt=0 ru=235400 rp=239284
18:46:16.245 @T t=330883 s=0.000 lv=-41.3 pk=-40.0 c0=5.7 c1=10.8 kw=11.06 inf=2.93 iv=1.30 n=3 d=0 sk=0 hf=96148 hm=92264 ht=283156 pf=0 pm=0 pt=0 ru=235400 rp=239284
18:46:16.245 @T t=330989 s=0.000 lv=-38.5 pk=-36.2 c0=6.1 c1=8.8 kw=8.26 inf=2.69 iv=1.11 n=3 d=0 sk=0 hf=96148 hm=92264 ht=283156 pf=0 pm=0 pt=0 ru=235400 rp=239284
18:46:16.245 @T t=331095 s=0.000 lv=-40.5 pk=-39.4 c0=3.4 c1=9.5 kw=9.29 inf=2.29 iv=1.11 n=4 d=0 sk=0 hf=96148 hm=92264 ht=283156 pf=0 pm=0 pt=0 ru=235400 rp=239284
18:46:16.245 @T t=331181 s=0.000 lv=-40.1 pk=-38.3 c0=4.2 c1=7.9 kw=7.96 inf=3.08 iv=1.17 n=2 d=0 sk=0 hf=96148 hm=92264 ht=283156 pf=0 pm=0 pt=0 ru=235400 rp=239284
18:46:16.245 @I ww=marvin cut=0.50 win=5 cool=1000 tick=100 wifi=1 srv=1 li=0 ln=0
18:46:16.245 @T t=331295 s=0.000 lv=-35.6 pk=-34.4 c0=3.9 c1=10.3 kw=9.93 inf=2.66 iv=1.22 n=4 d=0 sk=0 hf=96148 hm=92264 ht=283156 pf=0 pm=0 pt=0 ru=235400 rp=239284
18:46:16.245 @T t=331381 s=0.000 lv=-40.5 pk=-38.4 c0=4.3 c1=9.2 kw=9.33 inf=2.44 iv=1.15 n=3 d=0 sk=0 hf=96148 hm=92264 ht=283156 pf=0 pm=0 pt=0 ru=235400 rp=239284
18:46:16.245 [status] up 331s | mic -31.9 dBFS (peak -19.1) | score max 0.00 | detections 0 | inferences 336 (33.3/s; model 1.16 ms each, paused in quiet 1%; features 1.43 ms per 30 ms) | CPU core0  4.9% core1  9.6% (wake word pipeline 9.37% of one core) | RAM used 229 KB (peak 233 KB, 93 KB free) | wifi OK, server OK | audio lost since boot: i2s 0 net 0
18:46:16.245 @T t=331498 s=0.000 lv=-33.8 pk=-30.1 c0=32.2 c1=10.4 kw=9.96 inf=2.74 iv=1.22 n=4 d=0 sk=0 hf=96148 hm=92264 ht=283156 pf=0 pm=0 pt=0 ru=235400 rp=239284
18:46:16.245 @T t=331584 s=0.000 lv=-29.6 pk=-28.8 c0=8.3 c1=10.5 kw=10.33 inf=2.73 iv=1.13 n=3 d=0 sk=0 hf=96148 hm=92264 ht=283156 pf=0 pm=0 pt=0 ru=235400 rp=239284
18:46:16.245 @T t=331690 s=0.000 lv=-34.6 pk=-31.9 c0=3.4 c1=9.5 kw=9.32 inf=2.30 iv=1.11 n=4 d=0 sk=0 hf=96148 hm=92264 ht=283156 pf=0 pm=0 pt=0 ru=235400 rp=239284
18:46:16.245 @T t=331796 s=0.000 lv=-40.3 pk=-39.4 c0=4.3 c1=8.8 kw=8.63 inf=2.81 iv=1.21 n=3 d=0 sk=0 hf=96148 hm=92264 ht=283156 pf=0 pm=0 pt=0 ru=235400 rp=239284
18:46:16.245 @T t=331882 s=0.000 lv=-40.2 pk=-39.8 c0=4.4 c1=10.5 kw=10.49 inf=2.77 iv=1.17 n=3 d=0 sk=0 hf=96148 hm=92264 ht=283156 pf=0 pm=0 pt=0 ru=235400 rp=239284
18:46:16.245 @T t=331988 s=0.000 lv=-41.4 pk=-39.6 c0=3.4 c1=9.5 kw=9.13 inf=2.25 iv=1.07 n=4 d=0 sk=0 hf=96148 hm=92264 ht=283156 pf=0 pm=0 pt=0 ru=235400 rp=239284
18:46:16.245 @T t=332094 s=0.000 lv=-36.2 pk=-32.6 c0=3.5 c1=8.5 kw=8.33 inf=2.71 iv=1.12 n=3 d=0 sk=0 hf=96148 hm=92264 ht=283156 pf=0 pm=0 pt=0 ru=235400 rp=239284
18:46:16.245 @T t=332200 s=0.000 lv=-34.5 pk=-32.3 c0=3.5 c1=8.5 kw=8.31 inf=2.70 iv=1.11 n=3 d=0 sk=0 hf=96148 hm=92264 ht=283156 pf=0 pm=0 pt=0 ru=235400 rp=239284
18:46:16.245 @I ww=marvin cut=0.50 win=5 cool=1000 tick=100 wifi=1 srv=1 li=0 ln=0
18:46:16.245 @T t=332291 s=0.000 lv=-36.8 pk=-35.6 c0=4.9 c1=11.3 kw=11.11 inf=2.35 iv=1.13 n=4 d=0 sk=0 hf=96148 hm=92264 ht=283156 pf=0 pm=0 pt=0 ru=235400 rp=239284
18:46:16.245 @T t=332397 s=0.000 lv=-26.4 pk=-24.3 c0=3.6 c1=8.5 kw=8.32 inf=2.71 iv=1.12 n=3 d=0 sk=0 hf=96148 hm=92264 ht=283156 pf=0 pm=0 pt=0 ru=235400 rp=239284
18:46:16.245 @T t=332484 s=0.000 lv=-36.9 pk=-32.2 c0=4.2 c1=10.5 kw=10.32 inf=2.76 iv=1.16 n=3 d=0 sk=0 hf=96148 hm=92264 ht=283156 pf=0 pm=0 pt=0 ru=235400 rp=239284
18:46:18.848 @T t=332590 s=0.000 lv=-41.5 pk=-40.7 c0=3.5 c1=9.4 kw=9.26 inf=2.28 iv=1.10 n=4 d=0 sk=0 hf=96148 hm=92264 ht=283156 pf=0 pm=0 pt=0 ru=235400 rp=239284
18:46:18.848 @T t=332696 s=0.000 lv=-25.7 pk=-24.1 c0=3.4 c1=8.5 kw=8.29 inf=2.70 iv=1.11 n=3 d=0 sk=0 hf=96148 hm=92264 ht=283156 pf=0 pm=0 pt=0 ru=235400 rp=239284
18:46:18.848 @T t=332782 s=0.000 lv=-31.1 pk=-28.4 c0=6.6 c1=11.1 kw=11.07 inf=2.93 iv=1.29 n=3 d=0 sk=0 hf=94384 hm=92264 ht=283156 pf=0 pm=0 pt=0 ru=237164 rp=239284
18:46:18.848 @T t=332889 s=0.000 lv=-31.0 pk=-27.0 c0=9.1 c1=11.0 kw=10.18 inf=2.54 iv=1.29 n=4 d=0 sk=0 hf=96148 hm=92264 ht=283156 pf=0 pm=0 pt=0 ru=235400 rp=239284
18:46:18.848 @T t=332995 s=0.000 lv=-39.4 pk=-37.5 c0=3.9 c1=8.9 kw=8.73 inf=2.85 iv=1.23 n=3 d=0 sk=0 hf=96148 hm=92264 ht=283156 pf=0 pm=0 pt=0 ru=235400 rp=239284
18:46:18.848 @T t=333081 s=0.000 lv=-35.8 pk=-35.0 c0=4.3 c1=9.2 kw=9.27 inf=2.42 iv=1.14 n=3 d=0 sk=0 hf=96148 hm=92264 ht=283156 pf=0 pm=0 pt=0 ru=235400 rp=239284
18:46:18.848 @T t=333187 s=0.000 lv=-38.7 pk=-37.2 c0=3.4 c1=10.8 kw=10.35 inf=2.57 iv=1.09 n=4 d=0 sk=0 hf=96148 hm=92264 ht=283156 pf=0 pm=0 pt=0 ru=235400 rp=239284
18:46:18.848 @I ww=marvin cut=0.50 win=5 cool=1000 tick=100 wifi=1 srv=1 li=0 ln=0
18:46:18.848 @T t=333299 s=0.000 lv=-40.4 pk=-38.4 c0=3.9 c1=8.0 kw=7.83 inf=2.69 iv=1.11 n=3 d=0 sk=0 hf=96148 hm=92264 ht=283156 pf=0 pm=0 pt=0 ru=235400 rp=239284
18:46:18.848 @T t=333385 s=0.000 lv=-39.7 pk=-38.7 c0=8.2 c1=10.7 kw=10.50 inf=2.77 iv=1.17 n=3 d=0 sk=0 hf=96148 hm=92264 ht=283156 pf=0 pm=0 pt=0 ru=235400 rp=239284
18:46:18.848 @T t=333491 s=0.000 lv=-40.7 pk=-40.0 c0=3.5 c1=9.4 kw=9.23 inf=2.27 iv=1.09 n=4 d=0 sk=0 hf=96148 hm=92264 ht=283156 pf=0 pm=0 pt=0 ru=235400 rp=239284
18:46:18.848 @T t=333597 s=0.000 lv=-40.0 pk=-38.7 c0=6.7 c1=8.6 kw=8.39 inf=2.73 iv=1.15 n=3 d=0 sk=0 hf=96148 hm=92264 ht=283156 pf=0 pm=0 pt=0 ru=235400 rp=239284
18:46:18.848 @T t=333683 s=0.000 lv=-39.9 pk=-39.1 c0=4.3 c1=10.7 kw=10.44 inf=2.76 iv=1.16 n=3 d=0 sk=0 hf=96148 hm=92264 ht=283156 pf=0 pm=0 pt=0 ru=235400 rp=239284
18:46:18.848 @T t=333789 s=0.000 lv=-40.7 pk=-39.8 c0=3.4 c1=9.4 kw=9.23 inf=2.27 iv=1.09 n=4 d=0 sk=0 hf=96148 hm=92264 ht=283156 pf=0 pm=0 pt=0 ru=235400 rp=239284
18:46:18.848 @T t=333895 s=0.000 lv=-30.1 pk=-27.6 c0=4.1 c1=8.8 kw=8.59 inf=2.80 iv=1.17 n=3 d=0 sk=0 hf=96148 hm=92264 ht=283156 pf=0 pm=0 pt=0 ru=235400 rp=239284
18:46:18.848 @T t=333981 s=0.000 lv=-38.8 pk=-35.1 c0=8.2 c1=9.2 kw=9.33 inf=2.44 iv=1.15 n=3 d=0 sk=0 hf=96148 hm=92264 ht=283156 pf=0 pm=0 pt=0 ru=235400 rp=239284
18:46:18.848 @T t=334087 s=0.000 lv=-31.8 pk=-26.6 c0=3.8 c1=11.1 kw=10.70 inf=2.66 iv=1.17 n=4 d=0 sk=0 hf=96148 hm=92264 ht=283156 pf=0 pm=0 pt=0 ru=235400 rp=239284
18:46:18.848 @T t=334193 s=0.000 lv=-27.5 pk=-24.2 c0=3.5 c1=8.7 kw=8.55 inf=2.79 iv=1.19 n=3 d=0 sk=0 hf=96148 hm=92264 ht=283156 pf=0 pm=0 pt=0 ru=235400 rp=239284
18:46:18.848 @I ww=marvin cut=0.50 win=5 cool=1000 tick=100 wifi=1 srv=1 li=0 ln=0
18:46:18.848 @T t=334285 s=0.000 lv=-26.9 pk=-24.3 c0=4.9 c1=9.9 kw=9.69 inf=2.74 iv=1.15 n=3 d=0 sk=0 hf=96148 hm=92264 ht=283156 pf=0 pm=0 pt=0 ru=235400 rp=239284
18:46:18.848 @T t=334391 s=0.000 lv=-34.9 pk=-31.5 c0=3.5 c1=9.7 kw=9.49 inf=2.34 iv=1.14 n=4 d=0 sk=0 hf=96148 hm=92264 ht=283156 pf=0 pm=0 pt=0 ru=235400 rp=239284
18:46:18.848 @T t=334497 s=0.000 lv=-36.6 pk=-35.6 c0=3.5 c1=8.5 kw=8.34 inf=2.72 iv=1.14 n=3 d=0 sk=0 hf=96148 hm=92264 ht=283156 pf=0 pm=0 pt=0 ru=235400 rp=239284
18:46:18.848 @T t=334583 s=0.000 lv=-37.3 pk=-35.5 c0=8.3 c1=10.7 kw=10.51 inf=2.78 iv=1.17 n=3 d=0 sk=0 hf=96148 hm=92264 ht=283156 pf=0 pm=0 pt=0 ru=235400 rp=239284
18:46:18.848 @T t=334689 s=0.000 lv=-40.3 pk=-39.1 c0=3.4 c1=9.4 kw=9.25 inf=2.28 iv=1.09 n=4 d=0 sk=0 hf=96148 hm=92264 ht=283156 pf=0 pm=0 pt=0 ru=235400 rp=239284
18:46:18.848 @T t=334795 s=0.000 lv=-21.6 pk=-20.3 c0=3.4 c1=8.5 kw=8.35 inf=2.72 iv=1.13 n=3 d=0 sk=0 hf=96148 hm=92264 ht=283156 pf=0 pm=0 pt=0 ru=235400 rp=239284
18:46:18.848 @T t=334881 s=0.000 lv=-27.8 pk=-22.5 c0=9.2 c1=10.9 kw=10.48 inf=2.75 iv=1.41 n=3 d=0 sk=0 hf=96148 hm=92264 ht=283156 pf=0 pm=0 pt=0 ru=235400 rp=239284
18:46:18.848 @T t=334987 s=0.000 lv=-37.0 pk=-35.0 c0=3.5 c1=10.8 kw=10.42 inf=2.59 iv=1.10 n=4 d=0 sk=0 hf=96148 hm=92264 ht=283156 pf=0 pm=0 pt=0 ru=235400 rp=239284
18:46:18.848 @T t=335093 s=0.000 lv=-39.5 pk=-38.6 c0=4.0 c1=8.9 kw=8.68 inf=2.83 iv=1.23 n=3 d=0 sk=0 hf=96148 hm=92264 ht=283156 pf=0 pm=0 pt=0 ru=235400 rp=239284
18:46:21.341 @T t=335199 s=0.000 lv=-27.8 pk=-22.8 c0=3.8 c1=8.5 kw=8.35 inf=2.71 iv=1.11 n=3 d=0 sk=0 hf=96148 hm=92264 ht=283156 pf=0 pm=0 pt=0 ru=235400 rp=239284
18:46:21.341 @I ww=marvin cut=0.50 win=5 cool=1000 tick=100 wifi=1 srv=1 li=0 ln=0
18:46:21.342 @T t=335291 s=0.000 lv=-30.0 pk=-23.7 c0=5.0 c1=11.2 kw=11.02 inf=2.36 iv=1.16 n=4 d=0 sk=0 hf=96148 hm=92264 ht=283156 pf=0 pm=0 pt=0 ru=235400 rp=239284
18:46:21.342 @T t=335397 s=0.000 lv=-34.7 pk=-32.5 c0=3.6 c1=8.6 kw=8.38 inf=2.73 iv=1.15 n=3 d=0 sk=0 hf=96148 hm=92264 ht=283156 pf=0 pm=0 pt=0 ru=235400 rp=239284
18:46:21.342 @T t=335483 s=0.000 lv=-39.8 pk=-37.7 c0=4.3 c1=10.6 kw=10.40 inf=2.75 iv=1.15 n=3 d=0 sk=0 hf=96148 hm=92264 ht=283156 pf=0 pm=0 pt=0 ru=235400 rp=239284
18:46:21.342 @T t=335589 s=0.000 lv=-41.0 pk=-40.5 c0=3.5 c1=9.4 kw=9.26 inf=2.28 iv=1.10 n=4 d=0 sk=0 hf=96148 hm=92264 ht=283156 pf=0 pm=0 pt=0 ru=235400 rp=239284
18:46:21.342 @T t=335695 s=0.000 lv=-39.9 pk=-38.6 c0=3.4 c1=8.5 kw=8.31 inf=2.71 iv=1.12 n=3 d=0 sk=0 hf=96148 hm=92264 ht=283156 pf=0 pm=0 pt=0 ru=235400 rp=239284
18:46:21.342 @T t=335781 s=0.000 lv=-39.3 pk=-37.3 c0=4.1 c1=9.1 kw=9.18 inf=2.40 iv=1.12 n=3 d=0 sk=0 hf=96148 hm=92264 ht=283156 pf=0 pm=0 pt=0 ru=235400 rp=239284
18:46:21.342 @T t=335887 s=0.000 lv=-40.6 pk=-39.9 c0=7.3 c1=11.1 kw=10.65 inf=2.65 iv=1.14 n=4 d=0 sk=0 hf=96148 hm=92264 ht=283156 pf=0 pm=0 pt=0 ru=235400 rp=239284
18:46:21.342 @T t=335993 s=0.000 lv=-40.5 pk=-39.6 c0=3.5 c1=8.4 kw=8.28 inf=2.69 iv=1.12 n=3 d=0 sk=0 hf=96148 hm=92264 ht=283156 pf=0 pm=0 pt=0 ru=235400 rp=239284
18:46:21.342 @T t=336099 s=0.000 lv=-40.4 pk=-39.9 c0=3.5 c1=8.5 kw=8.31 inf=2.71 iv=1.12 n=3 d=0 sk=0 hf=96148 hm=92264 ht=283156 pf=0 pm=0 pt=0 ru=235400 rp=239284
18:46:21.342 @T t=336185 s=0.000 lv=-40.6 pk=-38.4 c0=4.1 c1=11.7 kw=11.51 inf=2.30 iv=1.11 n=4 d=0 sk=0 hf=96148 hm=92264 ht=283156 pf=0 pm=0 pt=0 ru=235400 rp=239284
18:46:21.342 @I ww=marvin cut=0.50 win=5 cool=1000 tick=100 wifi=1 srv=1 li=0 ln=0
18:46:21.342 @T t=336297 s=0.000 lv=-41.0 pk=-39.6 c0=4.0 c1=8.0 kw=7.80 inf=2.68 iv=1.10 n=3 d=0 sk=0 hf=96148 hm=92264 ht=283156 pf=0 pm=0 pt=0 ru=235400 rp=239284
18:46:21.342 @T t=336384 s=0.000 lv=-35.4 pk=-31.1 c0=4.7 c1=10.7 kw=10.43 inf=2.79 iv=1.18 n=3 d=0 sk=0 hf=96148 hm=92264 ht=283156 pf=0 pm=0 pt=0 ru=235400 rp=239284
18:46:21.342 @T t=336490 s=0.000 lv=-34.3 pk=-30.4 c0=3.5 c1=9.4 kw=9.24 inf=2.27 iv=1.09 n=4 d=0 sk=0 hf=96148 hm=92264 ht=283156 pf=0 pm=0 pt=0 ru=235400 rp=239284
18:46:21.342 @T t=336596 s=0.000 lv=-20.9 pk=-19.0 c0=3.5 c1=8.5 kw=8.33 inf=2.71 iv=1.12 n=3 d=0 sk=0 hf=96148 hm=92264 ht=283156 pf=0 pm=0 pt=0 ru=235400 rp=239284
18:46:21.342 @T t=336682 s=0.000 lv=-37.0 pk=-31.2 c0=4.3 c1=10.4 kw=10.33 inf=2.73 iv=1.15 n=3 d=0 sk=0 hf=96148 hm=92264 ht=283156 pf=0 pm=0 pt=0 ru=235400 rp=239284
18:46:21.342 @T t=336788 s=0.000 lv=-27.2 pk=-24.8 c0=3.4 c1=9.6 kw=9.29 inf=2.29 iv=1.10 n=4 d=0 sk=0 hf=96148 hm=92264 ht=283156 pf=0 pm=0 pt=0 ru=235400 rp=239284
18:46:21.342 @T t=336894 s=0.000 lv=-29.1 pk=-26.7 c0=5.9 c1=9.1 kw=8.89 inf=2.90 iv=1.27 n=3 d=0 sk=0 hf=94384 hm=92264 ht=283156 pf=0 pm=0 pt=0 ru=237164 rp=239284
18:46:21.342 @T t=337000 s=0.000 lv=-36.2 pk=-35.3 c0=5.2 c1=9.0 kw=8.46 inf=2.75 iv=1.16 n=3 d=0 sk=0 hf=96148 hm=92264 ht=283156 pf=0 pm=0 pt=0 ru=235400 rp=239284
18:46:21.342 @T t=337086 s=0.000 lv=-31.9 pk=-29.7 c0=5.3 c1=12.5 kw=12.22 inf=2.44 iv=1.20 n=4 d=0 sk=0 hf=95952 hm=92264 ht=283156 pf=0 pm=0 pt=0 ru=235596 rp=239284
18:46:21.342 @T t=337191 s=0.000 lv=-37.4 pk=-35.2 c0=3.7 c1=8.5 kw=8.37 inf=2.70 iv=1.12 n=3 d=0 sk=0 hf=96148 hm=92264 ht=283156 pf=0 pm=0 pt=0 ru=235400 rp=239284
18:46:21.342 @I ww=marvin cut=0.50 win=5 cool=1000 tick=100 wifi=1 srv=1 li=0 ln=0
18:46:21.342 @T t=337283 s=0.000 lv=-39.7 pk=-39.0 c0=4.9 c1=9.9 kw=9.70 inf=2.74 iv=1.15 n=3 d=0 sk=0 hf=96148 hm=92264 ht=283156 pf=0 pm=0 pt=0 ru=235400 rp=239284
18:46:21.342 @T t=337389 s=0.000 lv=-37.0 pk=-32.9 c0=3.5 c1=9.5 kw=9.35 inf=2.31 iv=1.10 n=4 d=0 sk=0 hf=96148 hm=92264 ht=283156 pf=0 pm=0 pt=0 ru=235400 rp=239284
18:46:21.342 @T t=337495 s=0.000 lv=-39.5 pk=-37.4 c0=3.8 c1=8.8 kw=8.64 inf=2.81 iv=1.21 n=3 d=0 sk=0 hf=96148 hm=92264 ht=283156 pf=0 pm=0 pt=0 ru=235400 rp=239284
18:46:21.342 @T t=337581 s=0.000 lv=-30.1 pk=-27.6 c0=4.3 c1=9.2 kw=9.28 inf=2.43 iv=1.14 n=3 d=0 sk=0 hf=96148 hm=92264 ht=283156 pf=0 pm=0 pt=0 ru=235400 rp=239284
18:46:23.847 @T t=337687 s=0.000 lv=-30.0 pk=-27.8 c0=3.4 c1=10.8 kw=10.41 inf=2.59 iv=1.09 n=4 d=0 sk=0 hf=96148 hm=92264 ht=283156 pf=0 pm=0 pt=0 ru=235400 rp=239284
18:46:23.847 @T t=337793 s=0.000 lv=-36.7 pk=-34.8 c0=3.4 c1=8.5 kw=8.33 inf=2.71 iv=1.13 n=3 d=0 sk=0 hf=96148 hm=92264 ht=283156 pf=0 pm=0 pt=0 ru=235400 rp=239284
18:46:23.847 @T t=337899 s=0.000 lv=-38.0 pk=-34.0 c0=4.1 c1=8.1 kw=8.40 inf=2.75 iv=1.15 n=3 d=0 sk=0 hf=96148 hm=92264 ht=283156 pf=0 pm=0 pt=0 ru=235400 rp=239284
18:46:23.847 @T t=337988 s=0.000 lv=-36.9 pk=-33.0 c0=3.9 c1=12.2 kw=11.43 inf=2.35 iv=1.13 n=4 d=0 sk=0 hf=96148 hm=92264 ht=283156 pf=0 pm=0 pt=0 ru=235400 rp=239284
18:46:23.847 @T t=338094 s=0.000 lv=-27.4 pk=-24.3 c0=3.5 c1=8.5 kw=8.38 inf=2.73 iv=1.14 n=3 d=0 sk=0 hf=96148 hm=92264 ht=283156 pf=0 pm=0 pt=0 ru=235400 rp=239284
18:46:23.847 @T t=338200 s=0.000 lv=-31.4 pk=-26.7 c0=3.4 c1=8.5 kw=8.33 inf=2.71 iv=1.13 n=3 d=0 sk=0 hf=96148 hm=92264 ht=283156 pf=0 pm=0 pt=0 ru=235400 rp=239284
18:46:23.847 @I ww=marvin cut=0.50 win=5 cool=1000 tick=100 wifi=1 srv=1 li=0 ln=0
18:46:23.847 @T t=338295 s=0.000 lv=-36.2 pk=-35.1 c0=4.7 c1=10.9 kw=10.71 inf=2.36 iv=1.14 n=4 d=0 sk=0 hf=96148 hm=92264 ht=283156 pf=0 pm=0 pt=0 ru=235400 rp=239284
18:46:23.847 @T t=338381 s=0.000 lv=-36.9 pk=-33.9 c0=4.3 c1=8.1 kw=8.13 inf=3.15 iv=1.23 n=2 d=0 sk=0 hf=96148 hm=92264 ht=283156 pf=0 pm=0 pt=0 ru=235400 rp=239284
18:46:23.847 @T t=338490 s=0.000 lv=-40.4 pk=-39.8 c0=8.9 c1=10.9 kw=10.47 inf=2.68 iv=1.24 n=4 d=0 sk=0 hf=96148 hm=92264 ht=283156 pf=0 pm=0 pt=0 ru=235400 rp=239284
18:46:23.847 @T t=338596 s=0.000 lv=-37.9 pk=-32.7 c0=3.9 c1=10.0 kw=9.76 inf=2.41 iv=1.20 n=4 d=0 sk=0 hf=96148 hm=92264 ht=283156 pf=0 pm=0 pt=0 ru=235400 rp=239284
18:46:23.847 @T t=338682 s=0.000 lv=-29.4 pk=-27.0 c0=4.3 c1=9.1 kw=8.03 inf=3.11 iv=1.19 n=2 d=0 sk=0 hf=96148 hm=92264 ht=283156 pf=0 pm=0 pt=0 ru=235400 rp=239284
18:46:23.847 @T t=338788 s=0.000 lv=-39.1 pk=-36.0 c0=6.6 c1=9.9 kw=10.46 inf=2.60 iv=1.11 n=4 d=0 sk=0 hf=96148 hm=92264 ht=283156 pf=0 pm=0 pt=0 ru=235400 rp=239284
18:46:23.847 @T t=338894 s=0.000 lv=-38.7 pk=-37.6 c0=3.6 c1=9.6 kw=9.40 inf=2.31 iv=1.12 n=4 d=0 sk=0 hf=96148 hm=92264 ht=283156 pf=0 pm=0 pt=0 ru=235400 rp=239284
18:46:23.847 @T t=338982 s=0.000 lv=-35.9 pk=-33.7 c0=8.7 c1=10.4 kw=8.31 inf=3.28 iv=1.24 n=2 d=0 sk=0 hf=96148 hm=92264 ht=283156 pf=0 pm=0 pt=0 ru=235400 rp=239284
18:46:23.847 @T t=339091 s=0.000 lv=-39.9 pk=-38.1 c0=9.5 c1=10.2 kw=10.74 inf=2.75 iv=1.28 n=4 d=0 sk=0 hf=96148 hm=92264 ht=283156 pf=0 pm=0 pt=0 ru=235400 rp=239284
18:46:23.847 @T t=339197 s=0.000 lv=-37.0 pk=-34.7 c0=3.4 c1=9.5 kw=9.34 inf=2.30 iv=1.11 n=4 d=0 sk=0 hf=96148 hm=92264 ht=283156 pf=0 pm=0 pt=0 ru=235400 rp=239284
18:46:23.847 @I ww=marvin cut=0.50 win=5 cool=1000 tick=100 wifi=1 srv=1 li=0 ln=0
18:46:23.847 @T t=339289 s=0.000 lv=-33.1 pk=-30.8 c0=13.7 c1=9.8 kw=9.62 inf=2.72 iv=1.13 n=3 d=0 sk=0 hf=96148 hm=92264 ht=283156 pf=0 pm=0 pt=0 ru=235400 rp=239284
18:46:23.847 @T t=339395 s=0.000 lv=-39.9 pk=-38.9 c0=3.6 c1=8.5 kw=8.32 inf=2.71 iv=1.12 n=3 d=0 sk=0 hf=96148 hm=92264 ht=283156 pf=0 pm=0 pt=0 ru=235400 rp=239284
18:46:23.847 @T t=339481 s=0.000 lv=-40.4 pk=-39.6 c0=4.2 c1=9.2 kw=9.29 inf=2.43 iv=1.14 n=3 d=0 sk=0 hf=96148 hm=92264 ht=283156 pf=0 pm=0 pt=0 ru=235400 rp=239284
18:46:23.847 @T t=339589 s=0.000 lv=-41.8 pk=-40.9 c0=3.3 c1=10.8 kw=10.44 inf=2.65 iv=1.17 n=4 d=0 sk=0 hf=96148 hm=92264 ht=283156 pf=0 pm=0 pt=0 ru=235400 rp=239284
18:46:23.847 @T t=339695 s=0.000 lv=-41.0 pk=-39.8 c0=3.8 c1=8.5 kw=8.34 inf=2.71 iv=1.12 n=3 d=0 sk=0 hf=96148 hm=92264 ht=283156 pf=0 pm=0 pt=0 ru=235400 rp=239284
18:46:23.847 @T t=339781 s=0.000 lv=-41.4 pk=-41.1 c0=4.3 c1=9.2 kw=9.31 inf=2.43 iv=1.16 n=3 d=0 sk=0 hf=96148 hm=92264 ht=283156 pf=0 pm=0 pt=0 ru=235400 rp=239284
18:46:23.847 @T t=339889 s=0.000 lv=-40.0 pk=-38.4 c0=3.5 c1=10.9 kw=10.54 inf=2.67 iv=1.20 n=4 d=0 sk=0 hf=96148 hm=92264 ht=283156 pf=0 pm=0 pt=0 ru=235400 rp=239284
18:46:23.847 @T t=339995 s=0.000 lv=-38.8 pk=-36.6 c0=3.9 c1=8.7 kw=8.47 inf=2.76 iv=1.16 n=3 d=0 sk=0 hf=96148 hm=92264 ht=283156 pf=0 pm=0 pt=0 ru=235400 rp=239284
18:46:23.847 @T t=340081 s=0.000 lv=-38.5 pk=-36.7 c0=4.2 c1=9.2 kw=9.33 inf=2.44 iv=1.15 n=3 d=0 sk=0 hf=96148 hm=92264 ht=283156 pf=0 pm=0 pt=0 ru=235400 rp=239284
18:46:26.156 @T t=340187 s=0.000 lv=-27.2 pk=-23.2 c0=3.6 c1=10.9 kw=10.53 inf=2.62 iv=1.14 n=4 d=0 sk=0 hf=96148 hm=92264 ht=283156 pf=0 pm=0 pt=0 ru=235400 rp=239284
18:46:26.157 @I ww=marvin cut=0.50 win=5 cool=1000 tick=100 wifi=1 srv=1 li=0 ln=0
18:46:26.157 @T t=340299 s=0.000 lv=-40.0 pk=-39.1 c0=4.0 c1=8.0 kw=7.83 inf=2.69 iv=1.12 n=3 d=0 sk=0 hf=96148 hm=92264 ht=283156 pf=0 pm=0 pt=0 ru=235400 rp=239284
18:46:26.157 @T t=340385 s=0.000 lv=-28.7 pk=-26.3 c0=4.2 c1=11.8 kw=11.60 inf=2.32 iv=1.11 n=4 d=0 sk=0 hf=96148 hm=92264 ht=283156 pf=0 pm=0 pt=0 ru=235400 rp=239284
18:46:26.157 @T t=340491 s=0.000 lv=-34.5 pk=-29.2 c0=3.5 c1=8.4 kw=8.24 inf=2.68 iv=1.11 n=3 d=0 sk=0 hf=96148 hm=92264 ht=283156 pf=0 pm=0 pt=0 ru=235400 rp=239284
18:46:26.157 @T t=340597 s=0.000 lv=-38.9 pk=-36.9 c0=3.5 c1=8.5 kw=8.30 inf=2.70 iv=1.12 n=3 d=0 sk=0 hf=96148 hm=92264 ht=283156 pf=0 pm=0 pt=0 ru=235400 rp=239284
18:46:26.157 @T t=340683 s=0.000 lv=-26.2 pk=-22.5 c0=4.3 c1=11.6 kw=11.52 inf=2.30 iv=1.10 n=4 d=0 sk=0 hf=96148 hm=92264 ht=283156 pf=0 pm=0 pt=0 ru=235400 rp=239284
18:46:26.157 @T t=340789 s=0.000 lv=-36.1 pk=-34.3 c0=3.4 c1=8.5 kw=8.21 inf=2.67 iv=1.10 n=3 d=0 sk=0 hf=96148 hm=92264 ht=283156 pf=0 pm=0 pt=0 ru=235400 rp=239284
18:46:26.157 @T t=340895 s=0.000 lv=-41.4 pk=-40.4 c0=4.0 c1=8.9 kw=8.67 inf=2.83 iv=1.21 n=3 d=0 sk=0 hf=96148 hm=92264 ht=283156 pf=0 pm=0 pt=0 ru=235400 rp=239284
18:46:26.157 @T t=340982 s=0.000 lv=-26.6 pk=-22.0 c0=6.8 c1=11.1 kw=9.92 inf=2.64 iv=1.32 n=3 d=0 sk=0 hf=94384 hm=92264 ht=283156 pf=0 pm=0 pt=0 ru=237164 rp=239284
18:46:26.157 @T t=341089 s=0.000 lv=-22.3 pk=-20.0 c0=5.9 c1=11.1 kw=10.83 inf=2.72 iv=1.27 n=4 d=0 sk=0 hf=95952 hm=92264 ht=283156 pf=0 pm=0 pt=0 ru=235596 rp=239284
18:46:26.157 @T t=341194 s=0.000 lv=-32.9 pk=-28.1 c0=4.1 c1=8.6 kw=8.46 inf=2.73 iv=1.15 n=3 d=0 sk=0 hf=96148 hm=92264 ht=283156 pf=0 pm=0 pt=0 ru=235400 rp=239284
18:46:26.157 @I ww=marvin cut=0.50 win=5 cool=1000 tick=100 wifi=1 srv=1 li=0 ln=0
18:46:26.157 @T t=341286 s=0.000 lv=-34.2 pk=-32.9 c0=4.9 c1=11.0 kw=10.80 inf=2.31 iv=1.10 n=4 d=0 sk=0 hf=96148 hm=92264 ht=283156 pf=0 pm=0 pt=0 ru=235400 rp=239284
18:46:26.157 @T t=341392 s=0.000 lv=-39.0 pk=-37.9 c0=3.4 c1=8.5 kw=8.32 inf=2.71 iv=1.12 n=3 d=0 sk=0 hf=96148 hm=92264 ht=283156 pf=0 pm=0 pt=0 ru=235400 rp=239284
18:46:26.157 [status] up 341s | mic -31.7 dBFS (peak -19.0) | score max 0.00 | detections 0 | inferences 334 (33.4/s; model 1.15 ms each, paused in quiet 0%; features 1.45 ms per 30 ms) | CPU core0  4.9% core1  9.6% (wake word pipeline 9.36% of one core) | RAM used 229 KB (peak 233 KB, 93 KB free) | wifi OK, server OK | audio lost since boot: i2s 0 net 0
18:46:26.157 @T t=341491 s=0.000 lv=-37.1 pk=-33.8 c0=7.9 c1=9.4 kw=9.22 inf=2.80 iv=1.20 n=3 d=0 sk=0 hf=96148 hm=92264 ht=283156 pf=0 pm=0 pt=0 ru=235400 rp=239284
18:46:26.157 @T t=341597 s=0.000 lv=-35.8 pk=-32.3 c0=6.7 c1=9.6 kw=9.45 inf=2.33 iv=1.13 n=4 d=0 sk=0 hf=96148 hm=92264 ht=283156 pf=0 pm=0 pt=0 ru=235400 rp=239284
18:46:26.157 @T t=341683 s=0.000 lv=-39.2 pk=-37.5 c0=4.2 c1=10.4 kw=10.43 inf=2.76 iv=1.16 n=3 d=0 sk=0 hf=96148 hm=92264 ht=283156 pf=0 pm=0 pt=0 ru=235400 rp=239284
18:46:26.157 @T t=341789 s=0.000 lv=-38.6 pk=-37.2 c0=3.4 c1=8.9 kw=8.52 inf=2.78 iv=1.18 n=3 d=0 sk=0 hf=96148 hm=92264 ht=283156 pf=0 pm=0 pt=0 ru=235400 rp=239284
18:46:26.157 @T t=341895 s=0.000 lv=-33.6 pk=-32.2 c0=3.6 c1=9.6 kw=9.45 inf=2.33 iv=1.12 n=4 d=0 sk=0 hf=96148 hm=92264 ht=283156 pf=0 pm=0 pt=0 ru=235400 rp=239284
18:46:26.157 @T t=341981 s=0.000 lv=-38.0 pk=-35.4 c0=4.6 c1=8.4 kw=8.47 inf=3.29 iv=1.33 n=2 d=0 sk=0 hf=96148 hm=92264 ht=283156 pf=0 pm=0 pt=0 ru=235400 rp=239284
18:46:26.157 @T t=342090 s=0.000 lv=-37.7 pk=-36.8 c0=9.5 c1=10.8 kw=10.44 inf=2.67 iv=1.23 n=4 d=0 sk=0 hf=96148 hm=92264 ht=283156 pf=0 pm=0 pt=0 ru=235400 rp=239284
18:46:26.157 @T t=342196 s=0.000 lv=-35.2 pk=-30.9 c0=3.4 c1=9.5 kw=9.29 inf=2.29 iv=1.10 n=4 d=0 sk=0 hf=96148 hm=92264 ht=283156 pf=0 pm=0 pt=0 ru=235400 rp=239284
18:46:26.157 @I ww=marvin cut=0.50 win=5 cool=1000 tick=100 wifi=1 srv=1 li=0 ln=0
18:46:26.157 @T t=342288 s=0.000 lv=-29.6 pk=-27.5 c0=4.8 c1=9.8 kw=9.59 inf=2.71 iv=1.12 n=3 d=0 sk=0 hf=96148 hm=92264 ht=283156 pf=0 pm=0 pt=0 ru=235400 rp=239284
18:46:26.157 @T t=342394 s=0.000 lv=-39.8 pk=-39.0 c0=3.6 c1=8.6 kw=8.40 inf=2.74 iv=1.15 n=3 d=0 sk=0 hf=96148 hm=92264 ht=283156 pf=0 pm=0 pt=0 ru=235400 rp=239284
18:46:28.751 @T t=342500 s=0.000 lv=-33.7 pk=-27.6 c0=3.4 c1=9.5 kw=9.32 inf=2.29 iv=1.10 n=4 d=0 sk=0 hf=96148 hm=92264 ht=283156 pf=0 pm=0 pt=0 ru=235400 rp=239284
18:46:28.751 @T t=342589 s=0.000 lv=-22.1 pk=-20.5 c0=10.8 c1=10.4 kw=10.20 inf=2.78 iv=1.14 n=3 d=0 sk=0 hf=96148 hm=92264 ht=283156 pf=0 pm=0 pt=0 ru=235400 rp=239284
18:46:28.751 @T t=342695 s=0.000 lv=-31.4 pk=-25.4 c0=3.4 c1=8.5 kw=8.34 inf=2.72 iv=1.13 n=3 d=0 sk=0 hf=96148 hm=92264 ht=283156 pf=0 pm=0 pt=0 ru=235400 rp=239284
18:46:28.751 @T t=342781 s=0.000 lv=-29.5 pk=-27.0 c0=4.2 c1=9.3 kw=9.34 inf=2.44 iv=1.15 n=3 d=0 sk=0 hf=96148 hm=92264 ht=283156 pf=0 pm=0 pt=0 ru=235400 rp=239284
18:46:28.751 @T t=342889 s=0.000 lv=-35.1 pk=-31.6 c0=3.4 c1=10.9 kw=10.53 inf=2.67 iv=1.19 n=4 d=0 sk=0 hf=96148 hm=92264 ht=283156 pf=0 pm=0 pt=0 ru=235400 rp=239284
18:46:28.751 @T t=342995 s=0.000 lv=-40.2 pk=-38.6 c0=3.4 c1=8.5 kw=8.31 inf=2.70 iv=1.13 n=3 d=0 sk=0 hf=96148 hm=92264 ht=283156 pf=0 pm=0 pt=0 ru=235400 rp=239284
18:46:28.751 @T t=343082 s=0.000 lv=-39.5 pk=-38.1 c0=9.9 c1=12.4 kw=10.35 inf=2.75 iv=1.37 n=3 d=0 sk=0 hf=96148 hm=92264 ht=283156 pf=0 pm=0 pt=0 ru=235400 rp=239284
18:46:28.751 @T t=343191 s=0.000 lv=-40.9 pk=-40.0 c0=3.3 c1=10.0 kw=10.49 inf=2.69 iv=1.25 n=4 d=0 sk=0 hf=96148 hm=92264 ht=283156 pf=0 pm=0 pt=0 ru=235400 rp=239284
18:46:28.751 @I ww=marvin cut=0.50 win=5 cool=1000 tick=100 wifi=1 srv=1 li=0 ln=0
18:46:28.751 @T t=343283 s=0.000 lv=-38.9 pk=-36.4 c0=4.8 c1=9.9 kw=9.67 inf=2.73 iv=1.15 n=3 d=0 sk=0 hf=96148 hm=92264 ht=283156 pf=0 pm=0 pt=0 ru=235400 rp=239284
18:46:28.751 @T t=343389 s=0.000 lv=-40.1 pk=-38.6 c0=3.5 c1=9.5 kw=9.32 inf=2.30 iv=1.10 n=4 d=0 sk=0 hf=96148 hm=92264 ht=283156 pf=0 pm=0 pt=0 ru=235400 rp=239284
18:46:28.751 @T t=343495 s=0.000 lv=-39.8 pk=-39.2 c0=3.5 c1=8.5 kw=8.32 inf=2.71 iv=1.13 n=3 d=0 sk=0 hf=96148 hm=92264 ht=283156 pf=0 pm=0 pt=0 ru=235400 rp=239284
18:46:28.751 @T t=343581 s=0.000 lv=-40.8 pk=-40.2 c0=4.3 c1=9.1 kw=9.17 inf=2.40 iv=1.12 n=3 d=0 sk=0 hf=96148 hm=92264 ht=283156 pf=0 pm=0 pt=0 ru=235400 rp=239284
18:46:28.751 @T t=343687 s=0.000 lv=-40.1 pk=-38.2 c0=3.4 c1=10.8 kw=10.36 inf=2.57 iv=1.09 n=4 d=0 sk=0 hf=96148 hm=92264 ht=283156 pf=0 pm=0 pt=0 ru=235400 rp=239284
18:46:28.751 @T t=343793 s=0.000 lv=-40.7 pk=-39.7 c0=3.4 c1=8.5 kw=8.30 inf=2.70 iv=1.12 n=3 d=0 sk=0 hf=96148 hm=92264 ht=283156 pf=0 pm=0 pt=0 ru=235400 rp=239284
18:46:28.751 @T t=343899 s=0.000 lv=-39.1 pk=-38.0 c0=3.6 c1=8.6 kw=8.43 inf=2.74 iv=1.13 n=3 d=0 sk=0 hf=96148 hm=92264 ht=283156 pf=0 pm=0 pt=0 ru=235400 rp=239284
18:46:28.752 @T t=343985 s=0.000 lv=-38.1 pk=-35.5 c0=4.3 c1=11.9 kw=11.64 inf=2.33 iv=1.12 n=4 d=0 sk=0 hf=96148 hm=92264 ht=283156 pf=0 pm=0 pt=0 ru=235400 rp=239284
18:46:28.752 @T t=344091 s=0.000 lv=-38.8 pk=-36.9 c0=4.0 c1=8.9 kw=8.67 inf=2.83 iv=1.21 n=3 d=0 sk=0 hf=96148 hm=92264 ht=283156 pf=0 pm=0 pt=0 ru=235400 rp=239284
18:46:28.752 @T t=344197 s=0.000 lv=-38.3 pk=-35.9 c0=3.8 c1=8.5 kw=8.29 inf=2.70 iv=1.12 n=3 d=0 sk=0 hf=96148 hm=92264 ht=283156 pf=0 pm=0 pt=0 ru=235400 rp=239284
18:46:28.752 @I ww=marvin cut=0.50 win=5 cool=1000 tick=100 wifi=1 srv=1 li=0 ln=0
18:46:28.752 @T t=344289 s=0.000 lv=-38.9 pk=-36.2 c0=13.7 c1=11.4 kw=11.16 inf=2.39 iv=1.16 n=4 d=0 sk=0 hf=96148 hm=92264 ht=283156 pf=0 pm=0 pt=0 ru=235400 rp=239284
18:46:28.752 @T t=344395 s=0.000 lv=-29.2 pk=-27.5 c0=3.6 c1=8.5 kw=8.34 inf=2.72 iv=1.12 n=3 d=0 sk=0 hf=96148 hm=92264 ht=283156 pf=0 pm=0 pt=0 ru=235400 rp=239284
18:46:28.752 @T t=344481 s=0.000 lv=-39.3 pk=-37.4 c0=4.1 c1=9.1 kw=9.20 inf=2.41 iv=1.13 n=3 d=0 sk=0 hf=96148 hm=92264 ht=283156 pf=0 pm=0 pt=0 ru=235400 rp=239284
18:46:28.752 @T t=344587 s=0.000 lv=-41.1 pk=-40.3 c0=3.4 c1=10.7 kw=10.27 inf=2.55 iv=1.08 n=4 d=0 sk=0 hf=96148 hm=92264 ht=283156 pf=0 pm=0 pt=0 ru=235400 rp=239284
18:46:28.752 @T t=344693 s=0.000 lv=-38.8 pk=-36.8 c0=3.4 c1=8.4 kw=8.24 inf=2.68 iv=1.11 n=3 d=0 sk=0 hf=96148 hm=92264 ht=283156 pf=0 pm=0 pt=0 ru=235400 rp=239284
18:46:28.752 @T t=344799 s=0.000 lv=-36.7 pk=-32.9 c0=3.4 c1=8.5 kw=8.30 inf=2.70 iv=1.12 n=3 d=0 sk=0 hf=96148 hm=92264 ht=283156 pf=0 pm=0 pt=0 ru=235400 rp=239284
18:46:28.752 @T t=344885 s=0.000 lv=-38.2 pk=-35.2 c0=8.2 c1=12.0 kw=11.76 inf=2.35 iv=1.14 n=4 d=0 sk=0 hf=96148 hm=92264 ht=283156 pf=0 pm=0 pt=0 ru=235400 rp=239284
18:46:28.752 @T t=344991 s=0.000 lv=-33.8 pk=-31.8 c0=3.4 c1=8.5 kw=8.31 inf=2.71 iv=1.11 n=3 d=0 sk=0 hf=96148 hm=92264 ht=283156 pf=0 pm=0 pt=0 ru=235400 rp=239284
18:46:31.243 @T t=345097 s=0.000 lv=-37.8 pk=-33.6 c0=7.5 c1=9.5 kw=8.97 inf=2.93 iv=1.29 n=3 d=0 sk=0 hf=96148 hm=92264 ht=283156 pf=0 pm=0 pt=0 ru=235400 rp=239284
18:46:31.243 @T t=345184 s=0.000 lv=-30.8 pk=-24.3 c0=8.1 c1=12.1 kw=11.85 inf=2.40 iv=1.19 n=4 d=0 sk=0 hf=96148 hm=92264 ht=283156 pf=0 pm=0 pt=0 ru=235400 rp=239284
18:46:31.243 @I ww=marvin cut=0.50 win=5 cool=1000 tick=100 wifi=1 srv=1 li=0 ln=0
18:46:31.243 @T t=345296 s=0.000 lv=-21.8 pk=-20.3 c0=4.0 c1=8.2 kw=8.06 inf=2.78 iv=1.17 n=3 d=0 sk=0 hf=96148 hm=92264 ht=283156 pf=0 pm=0 pt=0 ru=235400 rp=239284
18:46:31.243 @T t=345382 s=0.000 lv=-33.7 pk=-31.3 c0=5.5 c1=11.2 kw=11.21 inf=2.97 iv=1.32 n=3 d=0 sk=0 hf=96148 hm=92264 ht=283156 pf=0 pm=0 pt=0 ru=235400 rp=239284
18:46:31.243 @T t=345488 s=0.000 lv=-27.8 pk=-24.2 c0=6.2 c1=10.0 kw=9.60 inf=2.37 iv=1.16 n=4 d=0 sk=0 hf=96148 hm=92264 ht=283156 pf=0 pm=0 pt=0 ru=235400 rp=239284
18:46:31.243 @T t=345594 s=0.000 lv=-40.1 pk=-38.3 c0=3.5 c1=8.6 kw=8.38 inf=2.73 iv=1.15 n=3 d=0 sk=0 hf=96148 hm=92264 ht=283156 pf=0 pm=0 pt=0 ru=235400 rp=239284
18:46:31.243 @T t=345700 s=0.000 lv=-37.1 pk=-35.7 c0=3.4 c1=8.8 kw=8.58 inf=2.79 iv=1.20 n=3 d=0 sk=0 hf=96148 hm=92264 ht=283156 pf=0 pm=0 pt=0 ru=235400 rp=239284
18:46:31.243 @T t=345789 s=0.000 lv=-40.1 pk=-39.5 c0=4.0 c1=11.5 kw=11.26 inf=2.32 iv=1.12 n=4 d=0 sk=0 hf=96148 hm=92264 ht=283156 pf=0 pm=0 pt=0 ru=235400 rp=239284
18:46:31.243 @T t=345895 s=0.000 lv=-28.3 pk=-25.8 c0=3.6 c1=8.6 kw=8.41 inf=2.74 iv=1.15 n=3 d=0 sk=0 hf=96148 hm=92264 ht=283156 pf=0 pm=0 pt=0 ru=235400 rp=239284
18:46:31.243 @T t=345981 s=0.000 lv=-34.1 pk=-28.8 c0=4.2 c1=9.2 kw=9.26 inf=2.42 iv=1.14 n=3 d=0 sk=0 hf=96148 hm=92264 ht=283156 pf=0 pm=0 pt=0 ru=235400 rp=239284
18:46:31.243 @T t=346087 s=0.000 lv=-40.6 pk=-39.2 c0=3.5 c1=10.8 kw=10.37 inf=2.58 iv=1.10 n=4 d=0 sk=0 hf=96148 hm=92264 ht=283156 pf=0 pm=0 pt=0 ru=235400 rp=239284
18:46:31.243 @T t=346193 s=0.000 lv=-37.7 pk=-33.7 c0=3.9 c1=8.5 kw=8.36 inf=2.73 iv=1.14 n=3 d=0 sk=0 hf=96148 hm=92264 ht=283156 pf=0 pm=0 pt=0 ru=235400 rp=239284
18:46:31.243 @I ww=marvin cut=0.50 win=5 cool=1000 tick=100 wifi=1 srv=1 li=0 ln=0
18:46:31.243 @T t=346285 s=0.000 lv=-41.0 pk=-38.8 c0=4.9 c1=9.9 kw=9.72 inf=2.75 iv=1.15 n=3 d=0 sk=0 hf=96148 hm=92264 ht=283156 pf=0 pm=0 pt=0 ru=235400 rp=239284
18:46:31.243 @T t=346391 s=0.000 lv=-26.3 pk=-24.0 c0=3.5 c1=9.5 kw=9.31 inf=2.29 iv=1.10 n=4 d=0 sk=0 hf=96148 hm=92264 ht=283156 pf=0 pm=0 pt=0 ru=235400 rp=239284
18:46:31.243 @T t=346497 s=0.000 lv=-39.2 pk=-35.7 c0=3.9 c1=8.9 kw=8.68 inf=2.83 iv=1.23 n=3 d=0 sk=0 hf=96148 hm=92264 ht=283156 pf=0 pm=0 pt=0 ru=235400 rp=239284
18:46:31.243 @T t=346583 s=0.000 lv=-24.0 pk=-19.4 c0=4.4 c1=10.8 kw=10.58 inf=2.80 iv=1.19 n=3 d=0 sk=0 hf=96148 hm=92264 ht=283156 pf=0 pm=0 pt=0 ru=235400 rp=239284
18:46:31.243 @T t=346689 s=0.000 lv=-24.3 pk=-22.3 c0=3.4 c1=9.4 kw=9.26 inf=2.28 iv=1.09 n=4 d=0 sk=0 hf=96148 hm=92264 ht=283156 pf=0 pm=0 pt=0 ru=235400 rp=239284
18:46:31.243 @T t=346795 s=0.000 lv=-33.6 pk=-30.7 c0=3.4 c1=8.5 kw=8.33 inf=2.71 iv=1.13 n=3 d=0 sk=0 hf=96148 hm=92264 ht=283156 pf=0 pm=0 pt=0 ru=235400 rp=239284
18:46:31.243 @T t=346881 s=0.000 lv=-35.1 pk=-31.9 c0=4.5 c1=9.3 kw=9.36 inf=2.45 iv=1.16 n=3 d=0 sk=0 hf=96148 hm=92264 ht=283156 pf=0 pm=0 pt=0 ru=235400 rp=239284
18:46:31.244 @T t=346987 s=0.000 lv=-41.8 pk=-40.6 c0=3.4 c1=10.8 kw=10.32 inf=2.56 iv=1.09 n=4 d=0 sk=0 hf=96148 hm=92264 ht=283156 pf=0 pm=0 pt=0 ru=235400 rp=239284
18:46:31.244 @T t=347093 s=0.000 lv=-41.1 pk=-40.0 c0=5.3 c1=8.5 kw=8.34 inf=2.72 iv=1.14 n=3 d=0 sk=0 hf=94384 hm=92264 ht=283156 pf=0 pm=0 pt=0 ru=237164 rp=239284
18:46:31.244 @T t=347199 s=0.000 lv=-42.5 pk=-41.1 c0=5.7 c1=9.6 kw=9.03 inf=2.95 iv=1.30 n=3 d=0 sk=0 hf=96148 hm=92264 ht=283156 pf=0 pm=0 pt=0 ru=235400 rp=239284
18:46:31.244 @I ww=marvin cut=0.50 win=5 cool=1000 tick=100 wifi=1 srv=1 li=0 ln=0
18:46:31.244 @T t=347291 s=0.000 lv=-41.8 pk=-41.1 c0=5.1 c1=11.3 kw=11.07 inf=2.37 iv=1.16 n=4 d=0 sk=0 hf=96148 hm=92264 ht=283156 pf=0 pm=0 pt=0 ru=235400 rp=239284
18:46:31.244 @T t=347397 s=0.000 lv=-37.5 pk=-33.7 c0=4.4 c1=9.0 kw=8.79 inf=2.87 iv=1.25 n=3 d=0 sk=0 hf=96148 hm=92264 ht=283156 pf=0 pm=0 pt=0 ru=235400 rp=239284
18:46:31.244 @T t=347483 s=0.000 lv=-38.0 pk=-37.1 c0=4.3 c1=10.8 kw=10.62 inf=2.81 iv=1.20 n=3 d=0 sk=0 hf=96148 hm=92264 ht=283156 pf=0 pm=0 pt=0 ru=235400 rp=239284
18:46:33.845 @T t=347589 s=0.000 lv=-40.5 pk=-39.2 c0=3.8 c1=9.9 kw=9.69 inf=2.39 iv=1.18 n=4 d=0 sk=0 hf=96148 hm=92264 ht=283156 pf=0 pm=0 pt=0 ru=235400 rp=239284
18:46:33.846 @T t=347695 s=0.000 lv=-37.0 pk=-33.8 c0=3.4 c1=8.5 kw=8.37 inf=2.73 iv=1.13 n=3 d=0 sk=0 hf=96148 hm=92264 ht=283156 pf=0 pm=0 pt=0 ru=235400 rp=239284
18:46:33.846 @T t=347781 s=0.000 lv=-36.3 pk=-33.4 c0=4.2 c1=9.2 kw=9.24 inf=2.42 iv=1.13 n=3 d=0 sk=0 hf=96148 hm=92264 ht=283156 pf=0 pm=0 pt=0 ru=235400 rp=239284
18:46:33.846 @T t=347887 s=0.000 lv=-35.7 pk=-33.6 c0=3.6 c1=10.9 kw=10.51 inf=2.61 iv=1.12 n=4 d=0 sk=0 hf=96148 hm=92264 ht=283156 pf=0 pm=0 pt=0 ru=235400 rp=239284
18:46:33.846 @T t=347993 s=0.000 lv=-37.9 pk=-36.8 c0=3.4 c1=8.5 kw=8.33 inf=2.71 iv=1.13 n=3 d=0 sk=0 hf=96148 hm=92264 ht=283156 pf=0 pm=0 pt=0 ru=235400 rp=239284
18:46:33.846 @T t=348099 s=0.000 lv=-31.4 pk=-28.9 c0=3.4 c1=8.5 kw=8.31 inf=2.70 iv=1.12 n=3 d=0 sk=0 hf=96148 hm=92264 ht=283156 pf=0 pm=0 pt=0 ru=235400 rp=239284
18:46:33.846 @T t=348185 s=0.000 lv=-35.4 pk=-30.9 c0=4.9 c1=12.2 kw=11.90 inf=2.38 iv=1.17 n=4 d=0 sk=0 hf=96148 hm=92264 ht=283156 pf=0 pm=0 pt=0 ru=235400 rp=239284
18:46:33.846 @I ww=marvin cut=0.50 win=5 cool=1000 tick=100 wifi=1 srv=1 li=0 ln=0
18:46:33.846 @T t=348297 s=0.000 lv=-39.2 pk=-37.9 c0=4.0 c1=8.0 kw=7.88 inf=2.71 iv=1.13 n=3 d=0 sk=0 hf=96148 hm=92264 ht=283156 pf=0 pm=0 pt=0 ru=235400 rp=239284
18:46:33.846 @T t=348383 s=0.000 lv=-39.8 pk=-38.6 c0=4.3 c1=10.7 kw=10.44 inf=2.76 iv=1.15 n=3 d=0 sk=0 hf=96148 hm=92264 ht=283156 pf=0 pm=0 pt=0 ru=235400 rp=239284
18:46:33.846 @T t=348489 s=0.000 lv=-29.2 pk=-26.2 c0=6.7 c1=9.4 kw=9.26 inf=2.28 iv=1.09 n=4 d=0 sk=0 hf=96148 hm=92264 ht=283156 pf=0 pm=0 pt=0 ru=235400 rp=239284
18:46:33.846 @T t=348595 s=0.000 lv=-39.5 pk=-37.3 c0=3.5 c1=8.8 kw=8.58 inf=2.80 iv=1.20 n=3 d=0 sk=0 hf=96148 hm=92264 ht=283156 pf=0 pm=0 pt=0 ru=235400 rp=239284
18:46:33.846 @T t=348681 s=0.000 lv=-37.3 pk=-34.9 c0=8.0 c1=9.2 kw=9.33 inf=2.44 iv=1.16 n=3 d=0 sk=0 hf=96148 hm=92264 ht=283156 pf=0 pm=0 pt=0 ru=235400 rp=239284
18:46:33.846 @T t=348787 s=0.000 lv=-37.8 pk=-35.7 c0=3.8 c1=11.0 kw=10.54 inf=2.62 iv=1.13 n=4 d=0 sk=0 hf=96148 hm=92264 ht=283156 pf=0 pm=0 pt=0 ru=235400 rp=239284
18:46:33.846 @T t=348893 s=0.000 lv=-29.1 pk=-25.9 c0=3.7 c1=8.8 kw=8.67 inf=2.83 iv=1.21 n=3 d=0 sk=0 hf=96148 hm=92264 ht=283156 pf=0 pm=0 pt=0 ru=235400 rp=239284
18:46:33.846 @T t=348999 s=0.000 lv=-39.3 pk=-37.9 c0=6.6 c1=8.7 kw=8.52 inf=2.78 iv=1.19 n=3 d=0 sk=0 hf=96148 hm=92264 ht=283156 pf=0 pm=0 pt=0 ru=235400 rp=239284
18:46:33.846 @T t=349085 s=0.000 lv=-35.1 pk=-32.2 c0=4.2 c1=12.1 kw=11.90 inf=2.38 iv=1.17 n=4 d=0 sk=0 hf=96148 hm=92264 ht=283156 pf=0 pm=0 pt=0 ru=235400 rp=239284
18:46:33.846 @T t=349191 s=0.000 lv=-35.0 pk=-31.5 c0=7.4 c1=9.8 kw=9.21 inf=3.01 iv=1.33 n=3 d=0 sk=0 hf=96148 hm=92264 ht=283156 pf=0 pm=0 pt=0 ru=235400 rp=239284
18:46:33.846 @I ww=marvin cut=0.50 win=5 cool=1000 tick=100 wifi=1 srv=1 li=0 ln=0
18:46:33.846 @T t=349283 s=0.000 lv=-40.3 pk=-39.3 c0=4.9 c1=10.0 kw=9.78 inf=2.76 iv=1.16 n=3 d=0 sk=0 hf=96148 hm=92264 ht=283156 pf=0 pm=0 pt=0 ru=235400 rp=239284
18:46:33.846 @T t=349389 s=0.000 lv=-26.9 pk=-24.2 c0=4.0 c1=9.8 kw=9.56 inf=2.36 iv=1.15 n=4 d=0 sk=0 hf=96148 hm=92264 ht=283156 pf=0 pm=0 pt=0 ru=235400 rp=239284
18:46:33.846 @T t=349495 s=0.000 lv=-37.1 pk=-32.5 c0=3.6 c1=8.5 kw=8.31 inf=2.70 iv=1.13 n=3 d=0 sk=0 hf=96148 hm=92264 ht=283156 pf=0 pm=0 pt=0 ru=235400 rp=239284
18:46:33.846 @T t=349581 s=0.000 lv=-29.5 pk=-26.9 c0=4.4 c1=9.3 kw=9.36 inf=2.45 iv=1.16 n=3 d=0 sk=0 hf=96148 hm=92264 ht=283156 pf=0 pm=0 pt=0 ru=235400 rp=239284
18:46:33.846 @T t=349687 s=0.000 lv=-36.5 pk=-31.8 c0=3.4 c1=10.8 kw=10.36 inf=2.57 iv=1.09 n=4 d=0 sk=0 hf=96148 hm=92264 ht=283156 pf=0 pm=0 pt=0 ru=235400 rp=239284
18:46:33.846 @T t=349793 s=0.000 lv=-30.5 pk=-28.5 c0=3.4 c1=8.5 kw=8.29 inf=2.70 iv=1.11 n=3 d=0 sk=0 hf=96148 hm=92264 ht=283156 pf=0 pm=0 pt=0 ru=235400 rp=239284
18:46:33.846 @T t=349899 s=0.000 lv=-36.0 pk=-32.0 c0=4.0 c1=8.9 kw=8.71 inf=2.84 iv=1.23 n=3 d=0 sk=0 hf=96148 hm=92264 ht=283156 pf=0 pm=0 pt=0 ru=235400 rp=239284
18:46:33.846 @T t=349985 s=0.000 lv=-39.3 pk=-37.2 c0=7.5 c1=11.8 kw=11.61 inf=2.32 iv=1.12 n=4 d=0 sk=0 hf=96148 hm=92264 ht=283156 pf=0 pm=0 pt=0 ru=235400 rp=239284
18:46:33.846 @T t=350091 s=0.000 lv=-39.7 pk=-37.7 c0=3.4 c1=8.5 kw=8.29 inf=2.70 iv=1.12 n=3 d=0 sk=0 hf=96148 hm=92264 ht=283156 pf=0 pm=0 pt=0 ru=235400 rp=239284
18:46:36.045 @T t=350197 s=0.000 lv=-40.4 pk=-39.9 c0=3.9 c1=8.5 kw=8.34 inf=2.72 iv=1.13 n=3 d=0 sk=0 hf=96148 hm=92264 ht=283156 pf=0 pm=0 pt=0 ru=235400 rp=239284
18:46:36.045 @I ww=marvin cut=0.50 win=5 cool=1000 tick=100 wifi=1 srv=1 li=0 ln=0
18:46:36.045 @T t=350289 s=0.000 lv=-39.6 pk=-37.9 c0=5.0 c1=11.3 kw=11.03 inf=2.36 iv=1.15 n=4 d=0 sk=0 hf=96148 hm=92264 ht=283156 pf=0 pm=0 pt=0 ru=235400 rp=239284
18:46:36.045 @T t=350395 s=0.000 lv=-40.3 pk=-39.0 c0=3.6 c1=8.5 kw=8.36 inf=2.72 iv=1.15 n=3 d=0 sk=0 hf=96148 hm=92264 ht=283156 pf=0 pm=0 pt=0 ru=235400 rp=239284
18:46:36.045 @T t=350481 s=0.000 lv=-40.3 pk=-38.7 c0=4.2 c1=9.2 kw=9.29 inf=2.43 iv=1.14 n=3 d=0 sk=0 hf=96148 hm=92264 ht=283156 pf=0 pm=0 pt=0 ru=235400 rp=239284
18:46:36.045 @T t=350587 s=0.000 lv=-39.9 pk=-37.7 c0=6.7 c1=10.8 kw=10.38 inf=2.58 iv=1.10 n=4 d=0 sk=0 hf=96148 hm=92264 ht=283156 pf=0 pm=0 pt=0 ru=235400 rp=239284
18:46:36.045 @T t=350693 s=0.000 lv=-37.3 pk=-36.5 c0=3.4 c1=8.5 kw=8.31 inf=2.71 iv=1.13 n=3 d=0 sk=0 hf=96148 hm=92264 ht=283156 pf=0 pm=0 pt=0 ru=235400 rp=239284
18:46:36.045 @T t=350799 s=0.000 lv=-38.5 pk=-37.2 c0=3.4 c1=8.5 kw=8.34 inf=2.71 iv=1.13 n=3 d=0 sk=0 hf=96148 hm=92264 ht=283156 pf=0 pm=0 pt=0 ru=235400 rp=239284
18:46:36.045 @T t=350885 s=0.000 lv=-37.8 pk=-35.9 c0=4.6 c1=12.1 kw=11.87 inf=2.37 iv=1.15 n=4 d=0 sk=0 hf=96148 hm=92264 ht=283156 pf=0 pm=0 pt=0 ru=235400 rp=239284
18:46:36.045 @T t=350991 s=0.000 lv=-34.2 pk=-31.2 c0=7.0 c1=9.0 kw=8.76 inf=2.86 iv=1.23 n=3 d=0 sk=0 hf=96148 hm=92264 ht=283156 pf=0 pm=0 pt=0 ru=235400 rp=239284
18:46:36.045 @T t=351097 s=0.000 lv=-29.3 pk=-28.1 c0=3.5 c1=8.6 kw=8.41 inf=2.74 iv=1.14 n=3 d=0 sk=0 hf=96148 hm=92264 ht=283156 pf=0 pm=0 pt=0 ru=235400 rp=239284
18:46:36.045 @T t=351183 s=0.000 lv=-34.0 pk=-30.7 c0=4.3 c1=11.7 kw=11.62 inf=2.32 iv=1.12 n=4 d=0 sk=0 hf=96148 hm=92264 ht=283156 pf=0 pm=0 pt=0 ru=235400 rp=239284
18:46:36.045 @I ww=marvin cut=0.50 win=5 cool=1000 tick=100 wifi=1 srv=1 li=0 ln=0
18:46:36.045 @T t=351295 s=0.000 lv=-38.4 pk=-36.7 c0=6.8 c1=8.8 kw=8.08 inf=2.79 iv=1.19 n=3 d=0 sk=0 hf=94588 hm=92264 ht=283156 pf=0 pm=0 pt=0 ru=236960 rp=239284
18:46:36.045 @T t=351381 s=0.000 lv=-37.2 pk=-35.5 c0=7.6 c1=9.3 kw=9.34 inf=2.44 iv=1.16 n=3 d=0 sk=0 hf=94588 hm=92264 ht=283156 pf=0 pm=0 pt=0 ru=236960 rp=239284
18:46:36.045 [status] up 351s | mic -32.7 dBFS (peak -19.4) | score max 0.00 | detections 0 | inferences 333 (33.3/s; model 1.15 ms each, paused in quiet 0%; features 1.44 ms per 30 ms) | CPU core0  4.7% core1  9.6% (wake word pipeline 9.37% of one core) | RAM used 231 KB (peak 233 KB, 92 KB free) | wifi OK, server OK | audio lost since boot: i2s 0 net 0
18:46:36.045 @T t=351489 s=0.000 lv=-39.0 pk=-37.5 c0=24.4 c1=11.2 kw=10.79 inf=2.73 iv=1.20 n=4 d=0 sk=0 hf=94588 hm=92264 ht=283156 pf=0 pm=0 pt=0 ru=236960 rp=239284
18:46:36.045 @T t=351595 s=0.000 lv=-25.6 pk=-22.9 c0=3.5 c1=8.6 kw=8.40 inf=2.74 iv=1.15 n=3 d=0 sk=0 hf=94588 hm=92264 ht=283156 pf=0 pm=0 pt=0 ru=236960 rp=239284
18:46:36.045 @T t=351681 s=0.000 lv=-29.8 pk=-23.9 c0=4.2 c1=9.2 kw=9.28 inf=2.43 iv=1.14 n=3 d=0 sk=0 hf=94588 hm=92264 ht=283156 pf=0 pm=0 pt=0 ru=236960 rp=239284
18:46:36.045 @T t=351787 s=0.000 lv=-36.3 pk=-33.5 c0=3.4 c1=10.7 kw=10.32 inf=2.56 iv=1.09 n=4 d=0 sk=0 hf=94588 hm=92264 ht=283156 pf=0 pm=0 pt=0 ru=236960 rp=239284
18:46:36.045 @T t=351893 s=0.000 lv=-32.3 pk=-29.4 c0=3.6 c1=8.6 kw=8.43 inf=2.75 iv=1.16 n=3 d=0 sk=0 hf=94588 hm=92264 ht=283156 pf=0 pm=0 pt=0 ru=236960 rp=239284
18:46:36.045 @T t=351999 s=0.000 lv=-40.2 pk=-38.3 c0=3.4 c1=8.5 kw=8.37 inf=2.72 iv=1.14 n=3 d=0 sk=0 hf=94588 hm=92264 ht=283156 pf=0 pm=0 pt=0 ru=236960 rp=239284
18:46:36.045 @T t=352085 s=0.000 lv=-38.3 pk=-37.3 c0=4.8 c1=12.5 kw=12.18 inf=2.44 iv=1.21 n=4 d=0 sk=0 hf=94588 hm=92264 ht=283156 pf=0 pm=0 pt=0 ru=236960 rp=239284
18:46:36.046 @T t=352191 s=0.000 lv=-40.5 pk=-39.0 c0=3.9 c1=8.0 kw=8.34 inf=2.73 iv=1.14 n=3 d=0 sk=0 hf=94588 hm=92264 ht=283156 pf=0 pm=0 pt=0 ru=236960 rp=239284
18:46:36.046 @I ww=marvin cut=0.50 win=5 cool=1000 tick=100 wifi=1 srv=1 li=0 ln=0
18:46:36.046 @T t=352283 s=0.000 lv=-39.1 pk=-37.0 c0=13.2 c1=10.5 kw=9.76 inf=2.74 iv=1.15 n=3 d=0 sk=0 hf=94588 hm=92264 ht=283156 pf=0 pm=0 pt=0 ru=236960 rp=239284
18:46:38.651 @T t=352389 s=0.000 lv=-30.4 pk=-27.4 c0=4.7 c1=9.9 kw=9.69 inf=2.39 iv=1.18 n=4 d=0 sk=0 hf=94588 hm=92264 ht=283156 pf=0 pm=0 pt=0 ru=236960 rp=239284
18:46:38.651 @T t=352495 s=0.000 lv=-41.1 pk=-40.0 c0=3.5 c1=8.5 kw=8.33 inf=2.71 iv=1.13 n=3 d=0 sk=0 hf=94588 hm=92264 ht=283156 pf=0 pm=0 pt=0 ru=236960 rp=239284
18:46:38.651 @T t=352581 s=0.000 lv=-29.6 pk=-23.2 c0=4.3 c1=9.1 kw=9.19 inf=2.40 iv=1.12 n=3 d=0 sk=0 hf=94588 hm=92264 ht=283156 pf=0 pm=0 pt=0 ru=236960 rp=239284
18:46:38.651 @T t=352687 s=0.000 lv=-22.6 pk=-20.8 c0=3.4 c1=10.8 kw=10.39 inf=2.58 iv=1.09 n=4 d=0 sk=0 hf=94588 hm=92264 ht=283156 pf=0 pm=0 pt=0 ru=236960 rp=239284
18:46:38.651 @T t=352793 s=0.000 lv=-38.0 pk=-32.9 c0=3.4 c1=8.4 kw=8.27 inf=2.69 iv=1.13 n=3 d=0 sk=0 hf=94588 hm=92264 ht=283156 pf=0 pm=0 pt=0 ru=236960 rp=239284
18:46:38.651 @T t=352899 s=0.000 lv=-34.3 pk=-28.3 c0=3.6 c1=8.5 kw=8.37 inf=2.73 iv=1.13 n=3 d=0 sk=0 hf=94588 hm=92264 ht=283156 pf=0 pm=0 pt=0 ru=236960 rp=239284
18:46:38.651 @T t=352985 s=0.000 lv=-24.7 pk=-23.1 c0=4.3 c1=11.7 kw=11.51 inf=2.30 iv=1.11 n=4 d=0 sk=0 hf=94588 hm=92264 ht=283156 pf=0 pm=0 pt=0 ru=236960 rp=239284
18:46:38.651 @T t=353091 s=0.000 lv=-39.2 pk=-35.6 c0=3.5 c1=8.5 kw=8.29 inf=2.70 iv=1.12 n=3 d=0 sk=0 hf=94588 hm=92264 ht=283156 pf=0 pm=0 pt=0 ru=236960 rp=239284
18:46:38.651 @T t=353197 s=0.000 lv=-40.3 pk=-36.2 c0=5.6 c1=8.5 kw=8.26 inf=2.69 iv=1.12 n=3 d=0 sk=0 hf=93040 hm=92264 ht=283156 pf=0 pm=0 pt=0 ru=238508 rp=239284
18:46:38.651 @I ww=marvin cut=0.50 win=5 cool=1000 tick=100 wifi=1 srv=1 li=0 ln=0
18:46:38.651 @T t=353289 s=0.000 lv=-26.2 pk=-23.9 c0=4.9 c1=11.2 kw=11.03 inf=2.36 iv=1.15 n=4 d=0 sk=0 hf=93040 hm=92264 ht=283156 pf=0 pm=0 pt=0 ru=238508 rp=239284
18:46:38.651 @T t=353395 s=0.000 lv=-28.5 pk=-24.9 c0=3.8 c1=8.7 kw=8.25 inf=2.69 iv=1.11 n=3 d=0 sk=0 hf=93040 hm=91256 ht=283156 pf=0 pm=0 pt=0 ru=238508 rp=240292
18:46:38.651 @T t=353481 s=0.000 lv=-40.0 pk=-39.0 c0=4.1 c1=9.2 kw=9.26 inf=2.42 iv=1.14 n=3 d=0 sk=0 hf=93040 hm=91256 ht=283156 pf=0 pm=0 pt=0 ru=238508 rp=240292
18:46:38.651 @T t=353587 s=0.000 lv=-41.0 pk=-40.1 c0=3.4 c1=10.7 kw=10.24 inf=2.54 iv=1.07 n=4 d=0 sk=0 hf=93040 hm=91256 ht=283156 pf=0 pm=0 pt=0 ru=238508 rp=240292
18:46:38.651 @T t=353693 s=0.000 lv=-41.0 pk=-39.8 c0=3.4 c1=8.4 kw=8.26 inf=2.69 iv=1.11 n=3 d=0 sk=0 hf=93040 hm=91256 ht=283156 pf=0 pm=0 pt=0 ru=238508 rp=240292
18:46:38.651 @T t=353799 s=0.000 lv=-41.6 pk=-40.9 c0=3.3 c1=8.5 kw=8.28 inf=2.69 iv=1.11 n=3 d=0 sk=0 hf=93040 hm=91256 ht=283156 pf=0 pm=0 pt=0 ru=238508 rp=240292
18:46:38.651 @T t=353885 s=0.000 lv=-41.2 pk=-39.6 c0=4.6 c1=12.0 kw=11.78 inf=2.36 iv=1.15 n=4 d=0 sk=0 hf=93040 hm=91256 ht=283156 pf=0 pm=0 pt=0 ru=238508 rp=240292
18:46:38.651 @T t=353991 s=0.000 lv=-36.9 pk=-34.3 c0=3.4 c1=8.5 kw=8.29 inf=2.70 iv=1.12 n=3 d=0 sk=0 hf=93040 hm=91256 ht=283156 pf=0 pm=0 pt=0 ru=238508 rp=240292
18:46:38.651 @T t=354097 s=0.000 lv=-39.3 pk=-35.6 c0=3.4 c1=8.5 kw=8.31 inf=2.71 iv=1.12 n=3 d=0 sk=0 hf=93040 hm=91256 ht=283156 pf=0 pm=0 pt=0 ru=238508 rp=240292
18:46:38.651 @T t=354183 s=0.000 lv=-24.0 pk=-21.7 c0=4.3 c1=11.7 kw=11.62 inf=2.32 iv=1.11 n=4 d=0 sk=0 hf=93040 hm=91256 ht=283156 pf=0 pm=0 pt=0 ru=238508 rp=240292
18:46:38.651 @I ww=marvin cut=0.50 win=5 cool=1000 tick=100 wifi=1 srv=1 li=0 ln=0
18:46:38.651 @T t=354295 s=0.000 lv=-28.8 pk=-23.2 c0=4.9 c1=8.1 kw=7.85 inf=2.70 iv=1.12 n=3 d=0 sk=0 hf=93040 hm=91256 ht=283156 pf=0 pm=0 pt=0 ru=238508 rp=240292
18:46:38.651 @T t=354381 s=0.000 lv=-38.8 pk=-37.5 c0=4.8 c1=9.7 kw=9.71 inf=2.54 iv=1.23 n=3 d=0 sk=0 hf=93040 hm=91256 ht=283156 pf=0 pm=0 pt=0 ru=238508 rp=240292
18:46:38.651 @T t=354487 s=0.000 lv=-33.9 pk=-29.3 c0=3.6 c1=10.8 kw=10.41 inf=2.59 iv=1.10 n=4 d=0 sk=0 hf=93040 hm=91256 ht=283156 pf=0 pm=0 pt=0 ru=238508 rp=240292
18:46:38.651 @T t=354593 s=0.000 lv=-37.1 pk=-35.5 c0=3.5 c1=8.4 kw=8.27 inf=2.69 iv=1.12 n=3 d=0 sk=0 hf=93040 hm=91256 ht=283156 pf=0 pm=0 pt=0 ru=238508 rp=240292
18:46:38.651 @T t=354699 s=0.000 lv=-39.4 pk=-37.3 c0=3.4 c1=8.5 kw=8.34 inf=2.71 iv=1.13 n=3 d=0 sk=0 hf=93040 hm=91256 ht=283156 pf=0 pm=0 pt=0 ru=238508 rp=240292
18:46:38.651 @T t=354785 s=0.000 lv=-32.7 pk=-31.8 c0=4.3 c1=11.9 kw=11.63 inf=2.32 iv=1.12 n=4 d=0 sk=0 hf=93040 hm=91256 ht=283156 pf=0 pm=0 pt=0 ru=238508 rp=240292
18:46:38.651 @T t=354891 s=0.000 lv=-38.5 pk=-37.2 c0=3.6 c1=8.6 kw=8.45 inf=2.75 iv=1.16 n=3 d=0 sk=0 hf=93040 hm=91256 ht=283156 pf=0 pm=0 pt=0 ru=238508 rp=240292
18:46:41.143 @T t=354997 s=0.000 lv=-39.1 pk=-34.9 c0=3.4 c1=8.5 kw=8.34 inf=2.71 iv=1.13 n=3 d=0 sk=0 hf=93040 hm=91256 ht=283156 pf=0 pm=0 pt=0 ru=238508 rp=240292
18:46:41.143 @T t=355083 s=0.000 lv=-26.6 pk=-22.4 c0=4.3 c1=11.7 kw=11.69 inf=2.34 iv=1.13 n=4 d=0 sk=0 hf=93040 hm=91256 ht=283156 pf=0 pm=0 pt=0 ru=238508 rp=240292
18:46:41.143 @T t=355189 s=0.000 lv=-31.8 pk=-25.6 c0=3.4 c1=8.7 kw=8.32 inf=2.71 iv=1.13 n=3 d=0 sk=0 hf=93040 hm=91256 ht=283156 pf=0 pm=0 pt=0 ru=238508 rp=240292
18:46:41.143 @I ww=marvin cut=0.50 win=5 cool=1000 tick=100 wifi=1 srv=1 li=0 ln=0
18:46:41.143 @T t=355281 s=0.000 lv=-39.6 pk=-37.8 c0=7.6 c1=9.4 kw=9.14 inf=2.56 iv=1.25 n=3 d=0 sk=0 hf=91480 hm=89696 ht=283156 pf=0 pm=0 pt=0 ru=240068 rp=241852
18:46:41.143 @T t=355387 s=0.000 lv=-39.8 pk=-37.1 c0=8.8 c1=15.0 kw=10.91 inf=2.71 iv=1.20 n=4 d=0 sk=0 hf=96148 hm=89696 ht=283156 pf=0 pm=0 pt=0 ru=235400 rp=241852
18:46:41.143 @T t=355493 s=0.000 lv=-39.8 pk=-38.9 c0=3.9 c1=8.9 kw=8.71 inf=2.84 iv=1.23 n=3 d=0 sk=0 hf=96148 hm=89696 ht=283156 pf=0 pm=0 pt=0 ru=235400 rp=241852
18:46:41.143 @T t=355599 s=0.000 lv=-39.1 pk=-37.6 c0=4.0 c1=8.6 kw=8.47 inf=2.75 iv=1.14 n=3 d=0 sk=0 hf=96148 hm=89696 ht=283156 pf=0 pm=0 pt=0 ru=235400 rp=241852
18:46:41.143 @T t=355685 s=0.000 lv=-38.2 pk=-36.3 c0=7.5 c1=11.9 kw=11.69 inf=2.34 iv=1.14 n=4 d=0 sk=0 hf=96148 hm=89696 ht=283156 pf=0 pm=0 pt=0 ru=235400 rp=241852
18:46:41.143 @T t=355791 s=0.000 lv=-39.1 pk=-35.8 c0=6.6 c1=8.5 kw=8.32 inf=2.71 iv=1.13 n=3 d=0 sk=0 hf=96148 hm=89696 ht=283156 pf=0 pm=0 pt=0 ru=235400 rp=241852
18:46:41.143 @T t=355897 s=0.000 lv=-34.3 pk=-32.6 c0=3.6 c1=8.6 kw=8.45 inf=2.75 iv=1.15 n=3 d=0 sk=0 hf=96148 hm=89696 ht=283156 pf=0 pm=0 pt=0 ru=235400 rp=241852
18:46:41.143 @T t=355983 s=0.000 lv=-37.5 pk=-35.0 c0=4.3 c1=11.7 kw=11.64 inf=2.33 iv=1.12 n=4 d=0 sk=0 hf=96148 hm=89696 ht=283156 pf=0 pm=0 pt=0 ru=235400 rp=241852
18:46:41.143 @T t=356089 s=0.000 lv=-36.5 pk=-33.5 c0=3.5 c1=8.7 kw=8.37 inf=2.73 iv=1.14 n=3 d=0 sk=0 hf=96148 hm=89696 ht=283156 pf=0 pm=0 pt=0 ru=235400 rp=241852
18:46:41.143 @T t=356195 s=0.000 lv=-37.8 pk=-36.4 c0=3.4 c1=8.5 kw=8.31 inf=2.70 iv=1.13 n=3 d=0 sk=0 hf=96148 hm=89696 ht=283156 pf=0 pm=0 pt=0 ru=235400 rp=241852
18:46:41.143 @I ww=marvin cut=0.50 win=5 cool=1000 tick=100 wifi=1 srv=1 li=0 ln=0
18:46:41.143 @T t=356287 s=0.000 lv=-39.3 pk=-38.5 c0=5.0 c1=11.2 kw=10.99 inf=2.35 iv=1.15 n=4 d=0 sk=0 hf=96148 hm=89696 ht=283156 pf=0 pm=0 pt=0 ru=235400 rp=241852
18:46:41.143 @T t=356393 s=0.000 lv=-33.4 pk=-28.7 c0=4.0 c1=8.8 kw=8.61 inf=2.81 iv=1.20 n=3 d=0 sk=0 hf=96148 hm=89696 ht=283156 pf=0 pm=0 pt=0 ru=235400 rp=241852
18:46:41.143 @T t=356499 s=0.000 lv=-28.8 pk=-25.6 c0=3.5 c1=8.5 kw=8.35 inf=2.72 iv=1.12 n=3 d=0 sk=0 hf=96148 hm=89696 ht=283156 pf=0 pm=0 pt=0 ru=235400 rp=241852
18:46:41.143 @T t=356585 s=0.000 lv=-39.5 pk=-37.1 c0=4.8 c1=12.3 kw=12.00 inf=2.40 iv=1.19 n=4 d=0 sk=0 hf=96148 hm=89696 ht=283156 pf=0 pm=0 pt=0 ru=235400 rp=241852
18:46:41.143 @T t=356691 s=0.000 lv=-40.2 pk=-39.5 c0=3.5 c1=8.5 kw=8.34 inf=2.72 iv=1.14 n=3 d=0 sk=0 hf=96148 hm=89696 ht=283156 pf=0 pm=0 pt=0 ru=235400 rp=241852
18:46:41.143 @T t=356797 s=0.000 lv=-40.9 pk=-39.8 c0=3.4 c1=8.4 kw=8.27 inf=2.69 iv=1.11 n=3 d=0 sk=0 hf=96148 hm=89696 ht=283156 pf=0 pm=0 pt=0 ru=235400 rp=241852
18:46:41.143 @T t=356883 s=0.000 lv=-41.0 pk=-39.7 c0=4.5 c1=11.9 kw=12.10 inf=2.42 iv=1.20 n=4 d=0 sk=0 hf=96148 hm=89696 ht=283156 pf=0 pm=0 pt=0 ru=235400 rp=241852
18:46:41.143 @T t=356989 s=0.000 lv=-41.6 pk=-40.4 c0=3.4 c1=8.8 kw=8.31 inf=2.70 iv=1.13 n=3 d=0 sk=0 hf=96148 hm=89696 ht=283156 pf=0 pm=0 pt=0 ru=235400 rp=241852
18:46:41.143 @T t=357095 s=0.000 lv=-41.9 pk=-41.2 c0=3.4 c1=8.4 kw=8.26 inf=2.69 iv=1.11 n=3 d=0 sk=0 hf=96148 hm=89696 ht=283156 pf=0 pm=0 pt=0 ru=235400 rp=241852
18:46:41.143 @T t=357181 s=0.000 lv=-41.5 pk=-39.2 c0=4.1 c1=9.2 kw=9.25 inf=2.42 iv=1.14 n=3 d=0 sk=0 hf=96148 hm=89696 ht=283156 pf=0 pm=0 pt=0 ru=235400 rp=241852
18:46:41.143 @I ww=marvin cut=0.50 win=5 cool=1000 tick=100 wifi=1 srv=1 li=0 ln=0
18:46:41.143 @T t=357295 s=0.000 lv=-41.1 pk=-40.4 c0=3.9 c1=10.2 kw=9.78 inf=2.62 iv=1.15 n=4 d=0 sk=0 hf=96148 hm=89696 ht=283156 pf=0 pm=0 pt=0 ru=235400 rp=241852
18:46:41.143 @T t=357381 s=0.000 lv=-42.1 pk=-40.9 c0=7.0 c1=9.8 kw=9.87 inf=2.59 iv=1.27 n=3 d=0 sk=0 hf=94364 hm=89696 ht=283156 pf=0 pm=0 pt=0 ru=237204 rp=241852
18:46:43.649 @T t=357489 s=0.000 lv=-39.9 pk=-38.9 c0=5.2 c1=11.2 kw=10.80 inf=2.74 iv=1.10 n=4 d=0 sk=0 hf=96148 hm=89696 ht=283156 pf=0 pm=0 pt=0 ru=235400 rp=241852
18:46:43.649 @T t=357598 s=0.000 lv=-31.4 pk=-29.0 c0=9.2 c1=8.6 kw=8.45 inf=2.83 iv=1.22 n=3 d=0 sk=0 hf=96148 hm=89696 ht=283156 pf=0 pm=0 pt=0 ru=235400 rp=241852
18:46:43.649 @T t=357684 s=0.000 lv=-35.7 pk=-32.9 c0=4.1 c1=10.6 kw=10.46 inf=2.76 iv=1.15 n=3 d=0 sk=0 hf=96148 hm=89696 ht=283156 pf=0 pm=0 pt=0 ru=235400 rp=241852
18:46:43.649 @T t=357790 s=0.000 lv=-23.2 pk=-21.3 c0=3.8 c1=9.8 kw=9.58 inf=2.36 iv=1.16 n=4 d=0 sk=0 hf=96148 hm=89696 ht=283156 pf=0 pm=0 pt=0 ru=235400 rp=241852
18:46:43.649 @T t=357896 s=0.000 lv=-38.9 pk=-36.2 c0=3.6 c1=8.6 kw=8.41 inf=2.74 iv=1.14 n=3 d=0 sk=0 hf=96148 hm=89696 ht=283156 pf=0 pm=0 pt=0 ru=235400 rp=241852
18:46:43.649 @T t=357983 s=0.000 lv=-38.7 pk=-37.1 c0=4.2 c1=10.5 kw=10.26 inf=2.74 iv=1.15 n=3 d=0 sk=0 hf=96148 hm=89696 ht=283156 pf=0 pm=0 pt=0 ru=235400 rp=241852
18:46:43.649 @T t=358089 s=0.000 lv=-36.8 pk=-31.2 c0=3.5 c1=9.5 kw=9.32 inf=2.30 iv=1.11 n=4 d=0 sk=0 hf=96148 hm=89696 ht=283156 pf=0 pm=0 pt=0 ru=235400 rp=241852
18:46:43.649 @T t=358195 s=0.000 lv=-24.9 pk=-21.6 c0=3.4 c1=8.4 kw=8.26 inf=2.69 iv=1.11 n=3 d=0 sk=0 hf=96148 hm=89696 ht=283156 pf=0 pm=0 pt=0 ru=235400 rp=241852
18:46:43.649 @I ww=marvin cut=0.50 win=5 cool=1000 tick=100 wifi=1 srv=1 li=0 ln=0
18:46:43.649 @T t=358287 s=0.000 lv=-39.8 pk=-38.6 c0=5.0 c1=10.0 kw=9.81 inf=2.77 iv=1.18 n=3 d=0 sk=0 hf=96148 hm=89696 ht=283156 pf=0 pm=0 pt=0 ru=235400 rp=241852
18:46:43.649 @T t=358393 s=0.000 lv=-37.2 pk=-34.1 c0=4.0 c1=9.5 kw=9.33 inf=2.30 iv=1.11 n=4 d=0 sk=0 hf=96148 hm=89696 ht=283156 pf=0 pm=0 pt=0 ru=235400 rp=241852
18:46:43.649 @T t=358499 s=0.000 lv=-39.1 pk=-37.1 c0=3.5 c1=8.5 kw=8.33 inf=2.71 iv=1.13 n=3 d=0 sk=0 hf=96148 hm=89696 ht=283156 pf=0 pm=0 pt=0 ru=235400 rp=241852
18:46:43.649 @T t=358585 s=0.000 lv=-39.6 pk=-37.0 c0=4.4 c1=10.7 kw=10.44 inf=2.76 iv=1.16 n=3 d=0 sk=0 hf=96148 hm=89696 ht=283156 pf=0 pm=0 pt=0 ru=235400 rp=241852
18:46:43.649 @T t=358691 s=0.000 lv=-37.4 pk=-34.7 c0=3.4 c1=9.4 kw=9.26 inf=2.28 iv=1.09 n=4 d=0 sk=0 hf=96148 hm=89696 ht=283156 pf=0 pm=0 pt=0 ru=235400 rp=241852
18:46:43.649 @T t=358797 s=0.000 lv=-40.1 pk=-39.1 c0=3.4 c1=8.5 kw=8.29 inf=2.70 iv=1.11 n=3 d=0 sk=0 hf=96148 hm=89696 ht=283156 pf=0 pm=0 pt=0 ru=235400 rp=241852
18:46:43.649 @T t=358883 s=0.000 lv=-39.0 pk=-37.1 c0=4.9 c1=11.1 kw=10.80 inf=2.85 iv=1.23 n=3 d=0 sk=0 hf=96148 hm=89696 ht=283156 pf=0 pm=0 pt=0 ru=235400 rp=241852
18:46:43.649 @T t=358989 s=0.000 lv=-40.4 pk=-39.7 c0=3.5 c1=9.4 kw=9.25 inf=2.28 iv=1.09 n=4 d=0 sk=0 hf=96148 hm=89696 ht=283156 pf=0 pm=0 pt=0 ru=235400 rp=241852
18:46:43.649 I (359395) wifi:[ADDBA]RX DELBA, reason:37, delete tid:0, initiator:1(originator)
18:46:43.649 @T t=359095 s=0.000 lv=-38.1 pk=-35.7 c0=5.3 c1=8.7 kw=8.51 inf=2.77 iv=1.16 n=3 d=0 sk=0 hf=96148 hm=89696 ht=283156 pf=0 pm=0 pt=0 ru=235400 rp=241852
18:46:43.649 @T t=359181 s=0.000 lv=-30.5 pk=-27.9 c0=4.3 c1=9.2 kw=9.32 inf=2.44 iv=1.14 n=3 d=0 sk=0 hf=96148 hm=89696 ht=283156 pf=0 pm=0 pt=0 ru=235400 rp=241852
18:46:43.649 @I ww=marvin cut=0.50 win=5 cool=1000 tick=100 wifi=1 srv=1 li=0 ln=0
18:46:43.649 @T t=359293 s=0.000 lv=-36.1 pk=-34.1 c0=4.0 c1=10.2 kw=9.77 inf=2.56 iv=1.09 n=4 d=0 sk=0 hf=96148 hm=89696 ht=283156 pf=0 pm=0 pt=0 ru=235400 rp=241852
18:46:43.649 @T t=359399 s=0.000 lv=-36.3 pk=-33.3 c0=5.6 c1=8.6 kw=8.42 inf=2.75 iv=1.15 n=3 d=0 sk=0 hf=94384 hm=89696 ht=283156 pf=0 pm=0 pt=0 ru=237164 rp=241852
18:46:43.649 @T t=359485 s=0.000 lv=-38.2 pk=-36.9 c0=6.9 c1=11.9 kw=11.16 inf=2.95 iv=1.29 n=3 d=0 sk=0 hf=96148 hm=89696 ht=283156 pf=0 pm=0 pt=0 ru=235400 rp=241852
18:46:43.649 @T t=359591 s=0.000 lv=-38.9 pk=-35.7 c0=4.1 c1=9.9 kw=9.66 inf=2.38 iv=1.18 n=4 d=0 sk=0 hf=96148 hm=89696 ht=283156 pf=0 pm=0 pt=0 ru=235400 rp=241852
18:46:43.649 @T t=359697 s=0.000 lv=-41.0 pk=-39.6 c0=3.5 c1=8.6 kw=8.44 inf=2.75 iv=1.16 n=3 d=0 sk=0 hf=96148 hm=89696 ht=283156 pf=0 pm=0 pt=0 ru=235400 rp=241852
18:46:43.649 @T t=359783 s=0.000 lv=-32.5 pk=-26.9 c0=4.3 c1=10.7 kw=10.48 inf=2.77 iv=1.17 n=3 d=0 sk=0 hf=96148 hm=89696 ht=283156 pf=0 pm=0 pt=0 ru=235400 rp=241852
18:46:43.649 @T t=359889 s=0.000 lv=-31.3 pk=-26.5 c0=3.6 c1=9.6 kw=9.42 inf=2.32 iv=1.12 n=4 d=0 sk=0 hf=96148 hm=89696 ht=283156 pf=0 pm=0 pt=0 ru=235400 rp=241852
18:46:45.949 @T t=359995 s=0.000 lv=-37.6 pk=-34.8 c0=3.8 c1=9.0 kw=8.77 inf=2.86 iv=1.25 n=3 d=0 sk=0 hf=96148 hm=89696 ht=283156 pf=0 pm=0 pt=0 ru=235400 rp=241852
18:46:45.950 @T t=360081 s=0.000 lv=-40.5 pk=-39.2 c0=4.3 c1=9.2 kw=9.28 inf=2.43 iv=1.14 n=3 d=0 sk=0 hf=96148 hm=89696 ht=283156 pf=0 pm=0 pt=0 ru=235400 rp=241852
18:46:45.950 @T t=360187 s=0.000 lv=-38.8 pk=-37.4 c0=3.8 c1=11.4 kw=10.93 inf=2.72 iv=1.20 n=4 d=0 sk=0 hf=96148 hm=89696 ht=283156 pf=0 pm=0 pt=0 ru=235400 rp=241852
18:46:45.950 @I ww=marvin cut=0.50 win=5 cool=1000 tick=100 wifi=1 srv=1 li=0 ln=0
18:46:45.950 @T t=360298 s=0.000 lv=-39.3 pk=-38.1 c0=10.9 c1=8.1 kw=7.97 inf=2.72 iv=1.14 n=3 d=0 sk=0 hf=96148 hm=89696 ht=283156 pf=0 pm=0 pt=0 ru=235400 rp=241852
18:46:45.950 @T t=360384 s=0.000 lv=-22.9 pk=-19.4 c0=4.4 c1=10.8 kw=10.54 inf=2.79 iv=1.18 n=3 d=0 sk=0 hf=96148 hm=89696 ht=283156 pf=0 pm=0 pt=0 ru=235400 rp=241852
18:46:45.950 @T t=360490 s=0.000 lv=-22.5 pk=-20.1 c0=4.0 c1=9.7 kw=9.52 inf=2.35 iv=1.14 n=4 d=0 sk=0 hf=96148 hm=89696 ht=283156 pf=0 pm=0 pt=0 ru=235400 rp=241852
18:46:45.950 @T t=360596 s=0.000 lv=-34.4 pk=-31.1 c0=3.5 c1=8.6 kw=8.38 inf=2.73 iv=1.15 n=3 d=0 sk=0 hf=96148 hm=89696 ht=283156 pf=0 pm=0 pt=0 ru=235400 rp=241852
18:46:45.950 @T t=360682 s=0.000 lv=-41.3 pk=-39.5 c0=4.2 c1=10.3 kw=10.30 inf=2.72 iv=1.14 n=3 d=0 sk=0 hf=96148 hm=89696 ht=283156 pf=0 pm=0 pt=0 ru=235400 rp=241852
18:46:45.950 @T t=360788 s=0.000 lv=-41.7 pk=-39.7 c0=3.4 c1=9.6 kw=9.24 inf=2.28 iv=1.09 n=4 d=0 sk=0 hf=96148 hm=89696 ht=283156 pf=0 pm=0 pt=0 ru=235400 rp=241852
18:46:45.950 @T t=360894 s=0.000 lv=-40.6 pk=-39.2 c0=3.6 c1=8.6 kw=8.44 inf=2.75 iv=1.16 n=3 d=0 sk=0 hf=96148 hm=89696 ht=283156 pf=0 pm=0 pt=0 ru=235400 rp=241852
18:46:45.950 @T t=361000 s=0.000 lv=-41.5 pk=-40.5 c0=3.4 c1=8.5 kw=8.30 inf=2.70 iv=1.12 n=3 d=0 sk=0 hf=96148 hm=89696 ht=283156 pf=0 pm=0 pt=0 ru=235400 rp=241852
18:46:45.950 @T t=361086 s=0.000 lv=-41.3 pk=-39.7 c0=5.8 c1=12.4 kw=12.15 inf=2.43 iv=1.20 n=4 d=0 sk=0 hf=96148 hm=89696 ht=283156 pf=0 pm=0 pt=0 ru=235400 rp=241852
18:46:45.950 @T t=361192 s=0.000 lv=-40.2 pk=-38.8 c0=6.1 c1=8.5 kw=8.38 inf=2.73 iv=1.14 n=3 d=0 sk=0 hf=96148 hm=89696 ht=283156 pf=0 pm=0 pt=0 ru=235400 rp=241852
18:46:45.950 @I ww=marvin cut=0.50 win=5 cool=1000 tick=100 wifi=1 srv=1 li=0 ln=0
18:46:45.950 @T t=361284 s=0.000 lv=-37.7 pk=-34.0 c0=4.8 c1=9.9 kw=9.69 inf=2.74 iv=1.13 n=3 d=0 sk=0 hf=96148 hm=89696 ht=283156 pf=0 pm=0 pt=0 ru=235400 rp=241852
18:46:45.950 @T t=361390 s=0.000 lv=-34.5 pk=-31.4 c0=3.9 c1=9.5 kw=9.35 inf=2.30 iv=1.11 n=4 d=0 sk=0 hf=96148 hm=89696 ht=283156 pf=0 pm=0 pt=0 ru=235400 rp=241852
18:46:45.950 [status] up 361s | mic -32.1 dBFS (peak -19.4) | score max 0.00 | detections 0 | inferences 334 (33.4/s; model 1.14 ms each, paused in quiet 0%; features 1.45 ms per 30 ms) | CPU core0  4.6% core1  9.7% (wake word pipeline 9.34% of one core) | RAM used 229 KB (peak 236 KB, 92 KB free) | wifi OK, server OK | audio lost since boot: i2s 0 net 0
18:46:45.950 @T t=361498 s=0.000 lv=-34.7 pk=-31.8 c0=27.3 c1=9.2 kw=8.98 inf=2.99 iv=1.33 n=3 d=0 sk=0 hf=94588 hm=89696 ht=283156 pf=0 pm=0 pt=0 ru=236960 rp=241852
18:46:45.950 @T t=361585 s=0.000 lv=-22.9 pk=-19.8 c0=4.2 c1=10.5 kw=10.29 inf=2.75 iv=1.15 n=3 d=0 sk=0 hf=94588 hm=89696 ht=283156 pf=0 pm=0 pt=0 ru=236960 rp=241852
18:46:45.950 @T t=361691 s=0.000 lv=-34.9 pk=-29.7 c0=3.3 c1=9.3 kw=9.12 inf=2.24 iv=1.07 n=4 d=0 sk=0 hf=94588 hm=89696 ht=283156 pf=0 pm=0 pt=0 ru=236960 rp=241852
18:46:45.950 @T t=361797 s=0.000 lv=-40.5 pk=-39.9 c0=3.4 c1=8.4 kw=8.24 inf=2.68 iv=1.11 n=3 d=0 sk=0 hf=94588 hm=89696 ht=283156 pf=0 pm=0 pt=0 ru=236960 rp=241852
18:46:45.950 @T t=361886 s=0.000 lv=-37.9 pk=-35.9 c0=3.9 c1=10.2 kw=9.99 inf=2.73 iv=1.13 n=3 d=0 sk=0 hf=94588 hm=89696 ht=283156 pf=0 pm=0 pt=0 ru=236960 rp=241852
18:46:45.950 @T t=361992 s=0.000 lv=-39.2 pk=-37.7 c0=3.4 c1=9.4 kw=9.17 inf=2.26 iv=1.08 n=4 d=0 sk=0 hf=94588 hm=89696 ht=283156 pf=0 pm=0 pt=0 ru=236960 rp=241852
18:46:45.950 @T t=362098 s=0.000 lv=-39.6 pk=-37.8 c0=3.4 c1=8.5 kw=8.29 inf=2.70 iv=1.12 n=3 d=0 sk=0 hf=94588 hm=89696 ht=283156 pf=0 pm=0 pt=0 ru=236960 rp=241852
18:46:45.950 @T t=362184 s=0.000 lv=-37.0 pk=-35.6 c0=4.2 c1=10.5 kw=10.31 inf=2.72 iv=1.14 n=3 d=0 sk=0 hf=94588 hm=89696 ht=283156 pf=0 pm=0 pt=0 ru=236960 rp=241852
18:46:45.950 @I ww=marvin cut=0.50 win=5 cool=1000 tick=100 wifi=1 srv=1 li=0 ln=0
18:46:48.537 @T t=362296 s=0.000 lv=-40.3 pk=-39.1 c0=4.0 c1=8.9 kw=8.77 inf=2.28 iv=1.10 n=4 d=0 sk=0 hf=94588 hm=89696 ht=283156 pf=0 pm=0 pt=0 ru=236960 rp=241852
18:46:48.537 @T t=362382 s=0.000 lv=-40.0 pk=-39.4 c0=4.3 c1=9.1 kw=8.06 inf=3.12 iv=1.20 n=2 d=0 sk=0 hf=94588 hm=89696 ht=283156 pf=0 pm=0 pt=0 ru=236960 rp=241852
18:46:48.537 @T t=362488 s=0.000 lv=-41.6 pk=-39.9 c0=4.4 c1=10.3 kw=10.83 inf=2.69 iv=1.18 n=4 d=0 sk=0 hf=94588 hm=89696 ht=283156 pf=0 pm=0 pt=0 ru=236960 rp=241852
18:46:48.537 @T t=362594 s=0.000 lv=-40.8 pk=-39.3 c0=6.2 c1=9.5 kw=9.37 inf=2.31 iv=1.11 n=4 d=0 sk=0 hf=94588 hm=89696 ht=283156 pf=0 pm=0 pt=0 ru=236960 rp=241852
18:46:48.537 @T t=362700 s=0.000 lv=-40.8 pk=-38.6 c0=3.4 c1=8.4 kw=8.25 inf=2.69 iv=1.11 n=3 d=0 sk=0 hf=94588 hm=89696 ht=283156 pf=0 pm=0 pt=0 ru=236960 rp=241852
18:46:48.537 @T t=362789 s=0.000 lv=-35.9 pk=-30.4 c0=10.7 c1=10.4 kw=10.18 inf=2.77 iv=1.15 n=3 d=0 sk=0 hf=94588 hm=89696 ht=283156 pf=0 pm=0 pt=0 ru=236960 rp=241852
18:46:48.537 @T t=362895 s=0.000 lv=-33.7 pk=-29.8 c0=4.1 c1=10.0 kw=9.79 inf=2.42 iv=1.20 n=4 d=0 sk=0 hf=94588 hm=89696 ht=283156 pf=0 pm=0 pt=0 ru=236960 rp=241852
18:46:48.537 @T t=362981 s=0.000 lv=-39.6 pk=-38.7 c0=4.2 c1=7.9 kw=8.03 inf=3.11 iv=1.19 n=2 d=0 sk=0 hf=94588 hm=89696 ht=283156 pf=0 pm=0 pt=0 ru=236960 rp=241852
18:46:48.537 @T t=363087 s=0.000 lv=-31.6 pk=-26.7 c0=5.9 c1=12.0 kw=11.12 inf=2.76 iv=1.28 n=4 d=0 sk=0 hf=95952 hm=89696 ht=283156 pf=0 pm=0 pt=0 ru=235596 rp=241852
18:46:48.537 @T t=363192 s=0.000 lv=-29.9 pk=-28.5 c0=4.0 c1=9.8 kw=9.63 inf=2.35 iv=1.15 n=4 d=0 sk=0 hf=96148 hm=89696 ht=283156 pf=0 pm=0 pt=0 ru=235400 rp=241852
18:46:48.538 @I ww=marvin cut=0.50 win=5 cool=1000 tick=100 wifi=1 srv=1 li=0 ln=0
18:46:48.538 @T t=363284 s=0.000 lv=-40.8 pk=-39.9 c0=13.7 c1=9.8 kw=9.58 inf=2.71 iv=1.13 n=3 d=0 sk=0 hf=96148 hm=89696 ht=283156 pf=0 pm=0 pt=0 ru=235400 rp=241852
18:46:48.538 @T t=363390 s=0.000 lv=-25.6 pk=-23.9 c0=3.5 c1=8.6 kw=8.38 inf=2.73 iv=1.14 n=3 d=0 sk=0 hf=96148 hm=89696 ht=283156 pf=0 pm=0 pt=0 ru=235400 rp=241852
18:46:48.538 @T t=363496 s=0.000 lv=-29.7 pk=-27.0 c0=3.5 c1=9.5 kw=9.28 inf=2.29 iv=1.10 n=4 d=0 sk=0 hf=96148 hm=89696 ht=283156 pf=0 pm=0 pt=0 ru=235400 rp=241852
18:46:48.538 @T t=363582 s=0.000 lv=-29.7 pk=-25.9 c0=4.7 c1=9.6 kw=8.47 inf=3.29 iv=1.33 n=2 d=0 sk=0 hf=96148 hm=89696 ht=283156 pf=0 pm=0 pt=0 ru=235400 rp=241852
18:46:48.538 @T t=363688 s=0.000 lv=-33.5 pk=-28.4 c0=3.5 c1=10.0 kw=10.50 inf=2.61 iv=1.11 n=4 d=0 sk=0 hf=96148 hm=89696 ht=283156 pf=0 pm=0 pt=0 ru=235400 rp=241852
18:46:48.538 @T t=363794 s=0.000 lv=-33.3 pk=-28.4 c0=3.4 c1=9.4 kw=9.25 inf=2.28 iv=1.09 n=4 d=0 sk=0 hf=96148 hm=89696 ht=283156 pf=0 pm=0 pt=0 ru=235400 rp=241852
18:46:48.538 @T t=363900 s=0.000 lv=-39.8 pk=-38.6 c0=3.6 c1=8.6 kw=8.45 inf=2.76 iv=1.16 n=3 d=0 sk=0 hf=96148 hm=89696 ht=283156 pf=0 pm=0 pt=0 ru=235400 rp=241852
18:46:48.538 @T t=363986 s=0.000 lv=-28.7 pk=-26.2 c0=4.3 c1=10.8 kw=10.62 inf=2.80 iv=1.17 n=3 d=0 sk=0 hf=96148 hm=89696 ht=283156 pf=0 pm=0 pt=0 ru=235400 rp=241852
18:46:48.538 @T t=364092 s=0.000 lv=-37.5 pk=-34.8 c0=7.6 c1=10.8 kw=10.18 inf=2.51 iv=1.26 n=4 d=0 sk=0 hf=96148 hm=89696 ht=283156 pf=0 pm=0 pt=0 ru=235400 rp=241852
18:46:48.538 @T t=364198 s=0.000 lv=-38.8 pk=-37.3 c0=3.5 c1=8.5 kw=8.33 inf=2.72 iv=1.14 n=3 d=0 sk=0 hf=96148 hm=89696 ht=283156 pf=0 pm=0 pt=0 ru=235400 rp=241852
18:46:48.538 @I ww=marvin cut=0.50 win=5 cool=1000 tick=100 wifi=1 srv=1 li=0 ln=0
18:46:48.538 @T t=364290 s=0.000 lv=-29.6 pk=-26.8 c0=5.0 c1=10.2 kw=9.96 inf=2.82 iv=1.20 n=3 d=0 sk=0 hf=96148 hm=89696 ht=283156 pf=0 pm=0 pt=0 ru=235400 rp=241852
18:46:48.538 @T t=364396 s=0.000 lv=-35.5 pk=-31.9 c0=3.6 c1=9.5 kw=9.35 inf=2.30 iv=1.11 n=4 d=0 sk=0 hf=96148 hm=89696 ht=283156 pf=0 pm=0 pt=0 ru=235400 rp=241852
18:46:48.538 @T t=364482 s=0.000 lv=-40.6 pk=-39.0 c0=4.2 c1=9.1 kw=7.99 inf=3.09 iv=1.18 n=2 d=0 sk=0 hf=96148 hm=89696 ht=283156 pf=0 pm=0 pt=0 ru=235400 rp=241852
18:46:48.538 @T t=364588 s=0.000 lv=-41.6 pk=-39.6 c0=3.5 c1=9.9 kw=10.45 inf=2.60 iv=1.11 n=4 d=0 sk=0 hf=96148 hm=89696 ht=283156 pf=0 pm=0 pt=0 ru=235400 rp=241852
18:46:48.538 @T t=364694 s=0.000 lv=-41.0 pk=-39.3 c0=3.8 c1=9.9 kw=9.64 inf=2.38 iv=1.17 n=4 d=0 sk=0 hf=96148 hm=89696 ht=283156 pf=0 pm=0 pt=0 ru=235400 rp=241852
18:46:48.538 @T t=364800 s=0.000 lv=-40.9 pk=-40.1 c0=3.5 c1=8.5 kw=8.36 inf=2.73 iv=1.14 n=3 d=0 sk=0 hf=96148 hm=89696 ht=283156 pf=0 pm=0 pt=0 ru=235400 rp=241852
18:46:51.031 @T t=364889 s=0.000 lv=-41.0 pk=-39.2 c0=11.0 c1=10.4 kw=10.21 inf=2.78 iv=1.15 n=3 d=0 sk=0 hf=96148 hm=89696 ht=283156 pf=0 pm=0 pt=0 ru=235400 rp=241852
18:46:51.032 @T t=364995 s=0.000 lv=-40.2 pk=-38.9 c0=6.6 c1=9.4 kw=9.26 inf=2.28 iv=1.09 n=4 d=0 sk=0 hf=96148 hm=89696 ht=283156 pf=0 pm=0 pt=0 ru=235400 rp=241852
18:46:51.032 @T t=365081 s=0.000 lv=-41.6 pk=-40.9 c0=4.9 c1=8.0 kw=8.04 inf=3.11 iv=1.18 n=2 d=0 sk=0 hf=96148 hm=89696 ht=283156 pf=0 pm=0 pt=0 ru=235400 rp=241852
18:46:51.032 @T t=365190 s=0.000 lv=-40.5 pk=-39.8 c0=8.9 c1=10.8 kw=10.41 inf=2.66 iv=1.24 n=4 d=0 sk=0 hf=96148 hm=89696 ht=283156 pf=0 pm=0 pt=0 ru=235400 rp=241852
18:46:51.032 @I ww=marvin cut=0.50 win=5 cool=1000 tick=100 wifi=1 srv=1 li=0 ln=0
18:46:51.032 @T t=365282 s=0.000 lv=-41.5 pk=-40.4 c0=4.8 c1=9.6 kw=8.61 inf=2.41 iv=1.13 n=3 d=0 sk=0 hf=96148 hm=89696 ht=283156 pf=0 pm=0 pt=0 ru=235400 rp=241852
18:46:51.032 @T t=365388 s=0.000 lv=-38.7 pk=-36.3 c0=6.7 c1=10.0 kw=10.57 inf=2.63 iv=1.20 n=4 d=0 sk=0 hf=96148 hm=89696 ht=283156 pf=0 pm=0 pt=0 ru=235400 rp=241852
18:46:51.032 @T t=365494 s=0.000 lv=-35.8 pk=-32.5 c0=3.5 c1=8.5 kw=8.32 inf=2.71 iv=1.11 n=3 d=0 sk=0 hf=96148 hm=89696 ht=283156 pf=0 pm=0 pt=0 ru=235400 rp=241852
18:46:51.032 @T t=365600 s=0.000 lv=-39.6 pk=-35.8 c0=3.5 c1=9.5 kw=9.34 inf=2.30 iv=1.11 n=4 d=0 sk=0 hf=96148 hm=89696 ht=283156 pf=0 pm=0 pt=0 ru=235400 rp=241852
18:46:51.032 @T t=365686 s=0.000 lv=-25.2 pk=-21.6 c0=4.2 c1=10.6 kw=10.36 inf=2.73 iv=1.11 n=3 d=0 sk=0 hf=96148 hm=89696 ht=283156 pf=0 pm=0 pt=0 ru=235400 rp=241852
18:46:51.032 @T t=365792 s=0.000 lv=-18.4 pk=-16.3 c0=3.4 c1=8.4 kw=8.25 inf=2.68 iv=1.10 n=3 d=0 sk=0 hf=96148 hm=89696 ht=283156 pf=0 pm=0 pt=0 ru=235400 rp=241852
18:46:51.032 @T t=365899 s=0.000 lv=-28.3 pk=-23.5 c0=7.1 c1=9.5 kw=9.33 inf=2.32 iv=1.12 n=4 d=0 sk=0 hf=96148 hm=89696 ht=283156 pf=0 pm=0 pt=0 ru=235400 rp=241852
18:46:51.032 @T t=365985 s=0.000 lv=-30.0 pk=-28.3 c0=4.1 c1=10.4 kw=10.21 inf=2.70 iv=1.11 n=3 d=0 sk=0 hf=96148 hm=89696 ht=283156 pf=0 pm=0 pt=0 ru=235400 rp=241852
18:46:51.032 @T t=366091 s=0.000 lv=-29.2 pk=-26.8 c0=5.8 c1=9.0 kw=8.82 inf=2.88 iv=1.25 n=3 d=0 sk=0 hf=94384 hm=89696 ht=283156 pf=0 pm=0 pt=0 ru=237164 rp=241852
18:46:51.032 @T t=366198 s=0.000 lv=-34.9 pk=-31.4 c0=5.3 c1=9.8 kw=9.26 inf=2.30 iv=1.11 n=4 d=0 sk=0 hf=96148 hm=89696 ht=283156 pf=0 pm=0 pt=0 ru=235400 rp=241852
18:46:51.033 @I ww=marvin cut=0.50 win=5 cool=1000 tick=100 wifi=1 srv=1 li=0 ln=0
18:46:51.033 @T t=366290 s=0.000 lv=-32.3 pk=-29.3 c0=4.8 c1=9.7 kw=9.53 inf=2.69 iv=1.11 n=3 d=0 sk=0 hf=96148 hm=89696 ht=283156 pf=0 pm=0 pt=0 ru=235400 rp=241852
18:46:51.033 @T t=366396 s=0.000 lv=-38.9 pk=-37.1 c0=4.0 c1=8.8 kw=8.62 inf=2.81 iv=1.21 n=3 d=0 sk=0 hf=96148 hm=89696 ht=283156 pf=0 pm=0 pt=0 ru=235400 rp=241852
18:46:51.033 @T t=366482 s=0.000 lv=-39.6 pk=-37.3 c0=4.3 c1=10.4 kw=9.34 inf=2.44 iv=1.16 n=3 d=0 sk=0 hf=96148 hm=89696 ht=283156 pf=0 pm=0 pt=0 ru=235400 rp=241852
18:46:51.033 @T t=366588 s=0.000 lv=-36.8 pk=-34.4 c0=3.4 c1=9.8 kw=10.36 inf=2.57 iv=1.15 n=4 d=0 sk=0 hf=96148 hm=89696 ht=283156 pf=0 pm=0 pt=0 ru=235400 rp=241852
18:46:51.033 @T t=366694 s=0.000 lv=-38.7 pk=-35.7 c0=3.4 c1=8.5 kw=8.30 inf=2.70 iv=1.13 n=3 d=0 sk=0 hf=96148 hm=89696 ht=283156 pf=0 pm=0 pt=0 ru=235400 rp=241852
18:46:51.033 @T t=366800 s=0.000 lv=-27.7 pk=-22.3 c0=3.4 c1=9.5 kw=9.29 inf=2.29 iv=1.09 n=4 d=0 sk=0 hf=96148 hm=89696 ht=283156 pf=0 pm=0 pt=0 ru=235400 rp=241852
18:46:51.033 @T t=366886 s=0.000 lv=-24.9 pk=-21.6 c0=4.4 c1=10.8 kw=10.57 inf=2.78 iv=1.14 n=3 d=0 sk=0 hf=96148 hm=89696 ht=283156 pf=0 pm=0 pt=0 ru=235400 rp=241852
18:46:51.033 @T t=366992 s=0.000 lv=-28.8 pk=-26.4 c0=3.8 c1=8.9 kw=8.65 inf=2.82 iv=1.22 n=3 d=0 sk=0 hf=96148 hm=89696 ht=283156 pf=0 pm=0 pt=0 ru=235400 rp=241852
18:46:51.033 @T t=367098 s=0.000 lv=-30.9 pk=-26.9 c0=4.0 c1=9.5 kw=9.36 inf=2.31 iv=1.11 n=4 d=0 sk=0 hf=96148 hm=89696 ht=283156 pf=0 pm=0 pt=0 ru=235400 rp=241852
18:46:51.033 @T t=367184 s=0.000 lv=-38.8 pk=-37.2 c0=8.1 c1=10.5 kw=10.27 inf=2.71 iv=1.13 n=3 d=0 sk=0 hf=96148 hm=89696 ht=283156 pf=0 pm=0 pt=0 ru=235400 rp=241852
18:46:51.033 @I ww=marvin cut=0.50 win=5 cool=1000 tick=100 wifi=1 srv=1 li=0 ln=0
18:46:51.033 @T t=367296 s=0.000 lv=-37.9 pk=-32.9 c0=4.0 c1=8.0 kw=7.85 inf=2.70 iv=1.12 n=3 d=0 sk=0 hf=96148 hm=89696 ht=283156 pf=0 pm=0 pt=0 ru=235400 rp=241852
18:46:53.547 @T t=367383 s=0.000 lv=-30.4 pk=-28.0 c0=4.4 c1=11.7 kw=11.66 inf=2.36 iv=1.15 n=4 d=0 sk=0 hf=96148 hm=89696 ht=283156 pf=0 pm=0 pt=0 ru=235400 rp=241852
18:46:53.547 @T t=367489 s=0.000 lv=-40.6 pk=-39.7 c0=3.5 c1=8.6 kw=8.30 inf=2.70 iv=1.13 n=3 d=0 sk=0 hf=96148 hm=89696 ht=283156 pf=0 pm=0 pt=0 ru=235400 rp=241852
18:46:53.547 @T t=367595 s=0.000 lv=-38.5 pk=-34.6 c0=6.7 c1=8.5 kw=8.34 inf=2.72 iv=1.13 n=3 d=0 sk=0 hf=96148 hm=89696 ht=283156 pf=0 pm=0 pt=0 ru=235400 rp=241852
18:46:53.547 @T t=367681 s=0.000 lv=-36.7 pk=-35.0 c0=4.2 c1=9.3 kw=9.37 inf=2.45 iv=1.16 n=3 d=0 sk=0 hf=96148 hm=89696 ht=283156 pf=0 pm=0 pt=0 ru=235400 rp=241852
18:46:53.548 @T t=367789 s=0.000 lv=-37.1 pk=-34.9 c0=3.2 c1=10.8 kw=10.36 inf=2.63 iv=1.15 n=4 d=0 sk=0 hf=96148 hm=89696 ht=283156 pf=0 pm=0 pt=0 ru=235400 rp=241852
18:46:53.548 @T t=367895 s=0.000 lv=-39.8 pk=-38.2 c0=3.6 c1=8.6 kw=8.41 inf=2.74 iv=1.14 n=3 d=0 sk=0 hf=96148 hm=89696 ht=283156 pf=0 pm=0 pt=0 ru=235400 rp=241852
18:46:53.548 @T t=367981 s=0.000 lv=-39.3 pk=-37.8 c0=4.2 c1=9.3 kw=9.36 inf=2.45 iv=1.16 n=3 d=0 sk=0 hf=96148 hm=89696 ht=283156 pf=0 pm=0 pt=0 ru=235400 rp=241852
18:46:53.548 @T t=368089 s=0.000 lv=-28.1 pk=-25.0 c0=3.7 c1=11.2 kw=10.78 inf=2.74 iv=1.24 n=4 d=0 sk=0 hf=96148 hm=89696 ht=283156 pf=0 pm=0 pt=0 ru=235400 rp=241852
18:46:53.548 @T t=368195 s=0.000 lv=-33.2 pk=-28.4 c0=7.3 c1=9.7 kw=9.14 inf=2.99 iv=1.34 n=3 d=0 sk=0 hf=96148 hm=89696 ht=283156 pf=0 pm=0 pt=0 ru=235400 rp=241852
18:46:53.549 @I ww=marvin cut=0.50 win=5 cool=1000 tick=100 wifi=1 srv=1 li=0 ln=0
18:46:53.549 @T t=368287 s=0.000 lv=-38.8 pk=-35.9 c0=5.1 c1=11.2 kw=11.04 inf=2.36 iv=1.15 n=4 d=0 sk=0 hf=96148 hm=89696 ht=283156 pf=0 pm=0 pt=0 ru=235400 rp=241852
18:46:53.549 @T t=368393 s=0.000 lv=-25.5 pk=-19.4 c0=4.4 c1=9.1 kw=8.92 inf=2.91 iv=1.29 n=3 d=0 sk=0 hf=96148 hm=89696 ht=283156 pf=0 pm=0 pt=0 ru=235400 rp=241852
18:46:53.549 @T t=368500 s=0.000 lv=-24.4 pk=-21.4 c0=3.5 c1=8.7 kw=8.52 inf=2.80 iv=1.19 n=3 d=0 sk=0 hf=96148 hm=89696 ht=283156 pf=0 pm=0 pt=0 ru=235400 rp=241852
18:46:53.549 @T t=368589 s=0.001 lv=-38.9 pk=-36.5 c0=4.1 c1=12.0 kw=11.74 inf=2.43 iv=1.19 n=4 d=0 sk=0 hf=96148 hm=89696 ht=283156 pf=0 pm=0 pt=0 ru=235400 rp=241852
18:46:53.549 @T t=368695 s=0.002 lv=-38.7 pk=-37.2 c0=3.4 c1=8.7 kw=8.57 inf=2.80 iv=1.20 n=3 d=0 sk=0 hf=96148 hm=89696 ht=283156 pf=0 pm=0 pt=0 ru=235400 rp=241852
18:46:53.550 @T t=368781 s=0.002 lv=-38.4 pk=-35.7 c0=4.2 c1=9.4 kw=9.51 inf=2.49 iv=1.20 n=3 d=0 sk=0 hf=96148 hm=89696 ht=283156 pf=0 pm=0 pt=0 ru=235400 rp=241852
18:46:53.550 @T t=368887 s=0.000 lv=-38.9 pk=-35.3 c0=4.0 c1=11.3 kw=10.90 inf=2.71 iv=1.19 n=4 d=0 sk=0 hf=96148 hm=89696 ht=283156 pf=0 pm=0 pt=0 ru=235400 rp=241852
18:46:53.550 @T t=368993 s=0.000 lv=-25.4 pk=-21.1 c0=3.5 c1=8.5 kw=8.36 inf=2.73 iv=1.13 n=3 d=0 sk=0 hf=96148 hm=89696 ht=283156 pf=0 pm=0 pt=0 ru=235400 rp=241852
18:46:53.550 @T t=369099 s=0.000 lv=-37.7 pk=-35.6 c0=3.5 c1=8.5 kw=8.36 inf=2.72 iv=1.13 n=3 d=0 sk=0 hf=96148 hm=89696 ht=283156 pf=0 pm=0 pt=0 ru=235400 rp=241852
18:46:53.550 @T t=369185 s=0.000 lv=-37.9 pk=-35.0 c0=4.9 c1=12.2 kw=11.96 inf=2.39 iv=1.18 n=4 d=0 sk=0 hf=96148 hm=89696 ht=283156 pf=0 pm=0 pt=0 ru=235400 rp=241852
18:46:53.550 @I ww=marvin cut=0.50 win=5 cool=1000 tick=100 wifi=1 srv=1 li=0 ln=0
18:46:53.550 @T t=369297 s=0.000 lv=-29.2 pk=-24.2 c0=4.0 c1=8.1 kw=7.90 inf=2.72 iv=1.13 n=3 d=0 sk=0 hf=96148 hm=89696 ht=283156 pf=0 pm=0 pt=0 ru=235400 rp=241852
18:46:53.550 @T t=369383 s=0.000 lv=-23.5 pk=-20.9 c0=4.4 c1=10.7 kw=10.45 inf=2.76 iv=1.15 n=3 d=0 sk=0 hf=96148 hm=89696 ht=283156 pf=0 pm=0 pt=0 ru=235400 rp=241852
18:46:53.550 @T t=369489 s=0.000 lv=-33.4 pk=-29.5 c0=3.5 c1=9.4 kw=9.25 inf=2.28 iv=1.10 n=4 d=0 sk=0 hf=96148 hm=89696 ht=283156 pf=0 pm=0 pt=0 ru=235400 rp=241852
18:46:53.551 @T t=369595 s=0.000 lv=-40.6 pk=-39.7 c0=3.5 c1=8.5 kw=8.36 inf=2.72 iv=1.14 n=3 d=0 sk=0 hf=96148 hm=89696 ht=283156 pf=0 pm=0 pt=0 ru=235400 rp=241852
18:46:53.551 @T t=369681 s=0.000 lv=-40.3 pk=-37.8 c0=4.2 c1=9.1 kw=9.15 inf=2.39 iv=1.12 n=3 d=0 sk=0 hf=96148 hm=89696 ht=283156 pf=0 pm=0 pt=0 ru=235400 rp=241852
18:46:53.551 @T t=369787 s=0.000 lv=-41.5 pk=-40.5 c0=3.4 c1=10.7 kw=10.31 inf=2.56 iv=1.09 n=4 d=0 sk=0 hf=96148 hm=89696 ht=283156 pf=0 pm=0 pt=0 ru=235400 rp=241852
18:46:55.738 @T t=369893 s=0.000 lv=-40.0 pk=-38.4 c0=3.6 c1=8.6 kw=8.41 inf=2.74 iv=1.15 n=3 d=0 sk=0 hf=96148 hm=89696 ht=283156 pf=0 pm=0 pt=0 ru=235400 rp=241852
18:46:55.738 @T t=369999 s=0.000 lv=-41.4 pk=-39.9 c0=3.8 c1=8.4 kw=8.26 inf=2.69 iv=1.12 n=3 d=0 sk=0 hf=96148 hm=89696 ht=283156 pf=0 pm=0 pt=0 ru=235400 rp=241852
18:46:55.738 @T t=370085 s=0.000 lv=-34.8 pk=-32.7 c0=4.3 c1=12.0 kw=11.78 inf=2.36 iv=1.13 n=4 d=0 sk=0 hf=96148 hm=89696 ht=283156 pf=0 pm=0 pt=0 ru=235400 rp=241852
18:46:55.738 @T t=370191 s=0.000 lv=-37.3 pk=-35.4 c0=10.5 c1=9.4 kw=8.77 inf=2.86 iv=1.25 n=3 d=0 sk=0 hf=96148 hm=89696 ht=283156 pf=0 pm=0 pt=0 ru=235400 rp=241852
18:46:55.738 @I ww=marvin cut=0.50 win=5 cool=1000 tick=100 wifi=1 srv=1 li=0 ln=0
18:46:55.738 @T t=370283 s=0.000 lv=-38.3 pk=-36.4 c0=4.8 c1=10.0 kw=9.80 inf=2.77 iv=1.17 n=3 d=0 sk=0 hf=96148 hm=89696 ht=283156 pf=0 pm=0 pt=0 ru=235400 rp=241852
18:46:55.738 @T t=370389 s=0.000 lv=-24.2 pk=-19.0 c0=4.0 c1=9.8 kw=9.56 inf=2.36 iv=1.15 n=4 d=0 sk=0 hf=96148 hm=89696 ht=283156 pf=0 pm=0 pt=0 ru=235400 rp=241852
18:46:55.738 @T t=370495 s=0.000 lv=-21.8 pk=-19.8 c0=3.5 c1=8.5 kw=8.32 inf=2.71 iv=1.13 n=3 d=0 sk=0 hf=96148 hm=89696 ht=283156 pf=0 pm=0 pt=0 ru=235400 rp=241852
18:46:55.738 @T t=370581 s=0.000 lv=-37.6 pk=-35.1 c0=4.2 c1=9.0 kw=9.12 inf=2.38 iv=1.11 n=3 d=0 sk=0 hf=96148 hm=89696 ht=283156 pf=0 pm=0 pt=0 ru=235400 rp=241852
18:46:55.738 @T t=370687 s=0.000 lv=-31.1 pk=-28.3 c0=3.4 c1=10.8 kw=10.33 inf=2.57 iv=1.08 n=4 d=0 sk=0 hf=96148 hm=89696 ht=283156 pf=0 pm=0 pt=0 ru=235400 rp=241852
18:46:55.738 @T t=370793 s=0.000 lv=-34.7 pk=-33.0 c0=3.9 c1=8.4 kw=8.26 inf=2.68 iv=1.11 n=3 d=0 sk=0 hf=96148 hm=89696 ht=283156 pf=0 pm=0 pt=0 ru=235400 rp=241852
18:46:55.738 @T t=370899 s=0.000 lv=-33.7 pk=-31.0 c0=3.7 c1=8.7 kw=8.52 inf=2.78 iv=1.17 n=3 d=0 sk=0 hf=96148 hm=89696 ht=283156 pf=0 pm=0 pt=0 ru=235400 rp=241852
18:46:55.738 @T t=370985 s=0.000 lv=-38.2 pk=-35.4 c0=8.6 c1=12.1 kw=11.86 inf=2.37 iv=1.16 n=4 d=0 sk=0 hf=96148 hm=89696 ht=283156 pf=0 pm=0 pt=0 ru=235400 rp=241852
18:46:55.738 @T t=371091 s=0.000 lv=-23.3 pk=-21.8 c0=3.5 c1=8.5 kw=8.35 inf=2.72 iv=1.13 n=3 d=0 sk=0 hf=96148 hm=89696 ht=283156 pf=0 pm=0 pt=0 ru=235400 rp=241852
18:46:55.738 @T t=371197 s=0.000 lv=-30.9 pk=-26.7 c0=3.9 c1=8.5 kw=8.29 inf=2.70 iv=1.12 n=3 d=0 sk=0 hf=96148 hm=89696 ht=283156 pf=0 pm=0 pt=0 ru=235400 rp=241852
18:46:55.738 @I ww=marvin cut=0.50 win=5 cool=1000 tick=100 wifi=1 srv=1 li=0 ln=0
18:46:55.738 @T t=371289 s=0.000 lv=-36.9 pk=-35.3 c0=5.0 c1=11.3 kw=11.06 inf=2.37 iv=1.15 n=4 d=0 sk=0 hf=96148 hm=89696 ht=283156 pf=0 pm=0 pt=0 ru=235400 rp=241852
18:46:55.738 @T t=371395 s=0.000 lv=-38.6 pk=-36.2 c0=6.8 c1=8.5 kw=8.32 inf=2.71 iv=1.12 n=3 d=0 sk=0 hf=96148 hm=89696 ht=283156 pf=0 pm=0 pt=0 ru=235400 rp=241852
18:46:55.739 [status] up 371s | mic -30.5 dBFS (peak -16.3) | score max 0.00 | detections 0 | inferences 333 (33.3/s; model 1.15 ms each, paused in quiet 0%; features 1.45 ms per 30 ms) | CPU core0  4.9% core1  9.6% (wake word pipeline 9.35% of one core) | RAM used 229 KB (peak 236 KB, 93 KB free) | wifi OK, server OK | audio lost since boot: i2s 0 net 0
18:46:55.739 [tasks] % of one core (free stack): main@0=4.24(1936) IDLE1@1=90.42(720) IDLE0@0=95.27(728) tiT@*=0.10(1956) websocket_task@*=0.16(1464) audio_kws@1=9.55(1248) sys_evt@0=0.00(428) Tmr Svc@*=0.00(1368) esp_timer@0=0.01(3136) ipc1@1=0.00(536) wifi@0=0.25(3144) streamer@0=0.00(2956) ipc0@0=0.00(528)
18:46:55.739 @T t=371491 s=0.000 lv=-40.3 pk=-38.9 c0=17.1 c1=10.5 kw=10.21 inf=3.01 iv=1.31 n=3 d=0 sk=0 hf=96148 hm=89696 ht=283156 pf=0 pm=0 pt=0 ru=235400 rp=241852
18:46:55.739 @T t=371597 s=0.000 lv=-40.1 pk=-39.0 c0=3.4 c1=9.5 kw=9.32 inf=2.30 iv=1.11 n=4 d=0 sk=0 hf=96148 hm=89696 ht=283156 pf=0 pm=0 pt=0 ru=235400 rp=241852
18:46:55.739 @T t=371683 s=0.000 lv=-39.3 pk=-37.9 c0=4.1 c1=10.3 kw=10.23 inf=2.70 iv=1.12 n=3 d=0 sk=0 hf=96148 hm=89696 ht=283156 pf=0 pm=0 pt=0 ru=235400 rp=241852
18:46:55.739 @T t=371789 s=0.000 lv=-40.2 pk=-38.2 c0=3.4 c1=8.6 kw=8.27 inf=2.69 iv=1.12 n=3 d=0 sk=0 hf=96148 hm=89696 ht=283156 pf=0 pm=0 pt=0 ru=235400 rp=241852
18:46:55.739 @T t=371895 s=0.000 lv=-40.2 pk=-39.0 c0=3.6 c1=9.5 kw=9.37 inf=2.31 iv=1.12 n=4 d=0 sk=0 hf=96148 hm=89696 ht=283156 pf=0 pm=0 pt=0 ru=235400 rp=241852
18:46:55.739 @T t=371981 s=0.000 lv=-40.7 pk=-39.8 c0=4.2 c1=8.0 kw=8.07 inf=3.12 iv=1.20 n=2 d=0 sk=0 hf=96148 hm=89696 ht=283156 pf=0 pm=0 pt=0 ru=235400 rp=241852
18:46:58.237 @T t=372090 s=0.000 lv=-40.3 pk=-38.1 c0=3.7 c1=11.0 kw=10.60 inf=2.71 iv=1.27 n=4 d=0 sk=0 hf=96148 hm=89696 ht=283156 pf=0 pm=0 pt=0 ru=235400 rp=241852
18:46:58.237 @T t=372196 s=0.000 lv=-41.2 pk=-39.8 c0=5.3 c1=9.5 kw=9.32 inf=2.30 iv=1.10 n=4 d=0 sk=0 hf=94384 hm=89696 ht=283156 pf=0 pm=0 pt=0 ru=237164 rp=241852
18:46:58.237 @I ww=marvin cut=0.50 win=5 cool=1000 tick=100 wifi=1 srv=1 li=0 ln=0
18:46:58.237 @T t=372291 s=0.000 lv=-40.1 pk=-39.1 c0=6.9 c1=10.6 kw=10.01 inf=2.93 iv=1.29 n=3 d=0 sk=0 hf=96148 hm=89696 ht=283156 pf=0 pm=0 pt=0 ru=235400 rp=241852
18:46:58.237 @T t=372397 s=0.000 lv=-38.4 pk=-37.0 c0=4.3 c1=8.9 kw=8.75 inf=2.85 iv=1.24 n=3 d=0 sk=0 hf=96148 hm=89696 ht=283156 pf=0 pm=0 pt=0 ru=235400 rp=241852
18:46:58.237 @T t=372483 s=0.000 lv=-37.2 pk=-36.3 c0=4.3 c1=11.8 kw=11.71 inf=2.34 iv=1.13 n=4 d=0 sk=0 hf=96148 hm=89696 ht=283156 pf=0 pm=0 pt=0 ru=235400 rp=241852
18:46:58.237 @T t=372589 s=0.000 lv=-38.2 pk=-35.1 c0=3.5 c1=8.7 kw=8.40 inf=2.74 iv=1.15 n=3 d=0 sk=0 hf=96148 hm=89696 ht=283156 pf=0 pm=0 pt=0 ru=235400 rp=241852
18:46:58.237 @T t=372695 s=0.000 lv=-36.8 pk=-34.0 c0=3.4 c1=8.5 kw=8.35 inf=2.72 iv=1.13 n=3 d=0 sk=0 hf=96148 hm=89696 ht=283156 pf=0 pm=0 pt=0 ru=235400 rp=241852
18:46:58.237 @T t=372781 s=0.000 lv=-34.6 pk=-29.1 c0=4.2 c1=9.3 kw=9.37 inf=2.45 iv=1.16 n=3 d=0 sk=0 hf=96148 hm=89696 ht=283156 pf=0 pm=0 pt=0 ru=235400 rp=241852
18:46:58.237 @T t=372889 s=0.000 lv=-32.4 pk=-28.5 c0=3.4 c1=11.0 kw=10.58 inf=2.68 iv=1.18 n=4 d=0 sk=0 hf=96148 hm=89696 ht=283156 pf=0 pm=0 pt=0 ru=235400 rp=241852
18:46:58.237 @T t=372995 s=0.000 lv=-34.8 pk=-32.8 c0=3.4 c1=8.5 kw=8.32 inf=2.71 iv=1.13 n=3 d=0 sk=0 hf=96148 hm=89696 ht=283156 pf=0 pm=0 pt=0 ru=235400 rp=241852
18:46:58.237 @T t=373081 s=0.000 lv=-37.3 pk=-34.8 c0=4.3 c1=9.3 kw=9.32 inf=2.44 iv=1.15 n=3 d=0 sk=0 hf=96148 hm=89696 ht=283156 pf=0 pm=0 pt=0 ru=235400 rp=241852
18:46:58.237 @T t=373190 s=0.000 lv=-39.8 pk=-39.0 c0=3.6 c1=11.0 kw=10.61 inf=2.72 iv=1.22 n=4 d=0 sk=0 hf=96148 hm=89696 ht=283156 pf=0 pm=0 pt=0 ru=235400 rp=241852
18:46:58.237 @I ww=marvin cut=0.50 win=5 cool=1000 tick=100 wifi=1 srv=1 li=0 ln=0
18:46:58.237 @T t=373282 s=0.000 lv=-38.4 pk=-36.5 c0=5.5 c1=10.0 kw=9.99 inf=2.82 iv=1.20 n=3 d=0 sk=0 hf=96148 hm=89696 ht=283156 pf=0 pm=0 pt=0 ru=235400 rp=241852
18:46:58.237 @T t=373388 s=0.000 lv=-38.8 pk=-36.5 c0=3.5 c1=9.7 kw=9.32 inf=2.30 iv=1.11 n=4 d=0 sk=0 hf=96148 hm=89696 ht=283156 pf=0 pm=0 pt=0 ru=235400 rp=241852
18:46:58.237 @T t=373494 s=0.000 lv=-33.4 pk=-30.1 c0=3.5 c1=8.5 kw=8.32 inf=2.71 iv=1.13 n=3 d=0 sk=0 hf=96148 hm=89696 ht=283156 pf=0 pm=0 pt=0 ru=235400 rp=241852
18:46:58.237 @T t=373600 s=0.000 lv=-22.6 pk=-20.5 c0=6.7 c1=8.5 kw=8.34 inf=2.71 iv=1.12 n=3 d=0 sk=0 hf=96148 hm=89696 ht=283156 pf=0 pm=0 pt=0 ru=235400 rp=241852
18:46:58.237 @T t=373686 s=0.000 lv=-29.3 pk=-22.8 c0=4.3 c1=11.9 kw=11.69 inf=2.33 iv=1.12 n=4 d=0 sk=0 hf=96148 hm=89696 ht=283156 pf=0 pm=0 pt=0 ru=235400 rp=241852
18:46:58.238 @T t=373792 s=0.000 lv=-33.9 pk=-29.8 c0=3.4 c1=8.5 kw=8.29 inf=2.70 iv=1.12 n=3 d=0 sk=0 hf=96148 hm=89696 ht=283156 pf=0 pm=0 pt=0 ru=235400 rp=241852
18:46:58.238 @T t=373898 s=0.000 lv=-27.8 pk=-22.5 c0=3.6 c1=8.6 kw=8.41 inf=2.74 iv=1.14 n=3 d=0 sk=0 hf=96148 hm=89696 ht=283156 pf=0 pm=0 pt=0 ru=235400 rp=241852
18:46:58.238 @T t=373984 s=0.000 lv=-25.5 pk=-22.2 c0=4.2 c1=11.9 kw=11.70 inf=2.34 iv=1.13 n=4 d=0 sk=0 hf=96148 hm=89696 ht=283156 pf=0 pm=0 pt=0 ru=235400 rp=241852
18:46:58.238 @T t=374090 s=0.000 lv=-39.8 pk=-38.8 c0=3.5 c1=8.7 kw=8.49 inf=2.77 iv=1.17 n=3 d=0 sk=0 hf=96148 hm=89696 ht=283156 pf=0 pm=0 pt=0 ru=235400 rp=241852
18:46:58.238 @T t=374196 s=0.000 lv=-37.5 pk=-34.2 c0=3.4 c1=8.4 kw=8.27 inf=2.69 iv=1.12 n=3 d=0 sk=0 hf=96148 hm=89696 ht=283156 pf=0 pm=0 pt=0 ru=235400 rp=241852
18:46:58.238 @I ww=marvin cut=0.50 win=5 cool=1000 tick=100 wifi=1 srv=1 li=0 ln=0
18:46:58.238 @T t=374288 s=0.000 lv=-37.2 pk=-34.5 c0=9.6 c1=13.0 kw=12.27 inf=2.63 iv=1.36 n=4 d=0 sk=0 hf=96148 hm=89696 ht=283156 pf=0 pm=0 pt=0 ru=235400 rp=241852
18:46:58.238 @T t=374394 s=0.000 lv=-38.0 pk=-34.7 c0=5.2 c1=9.0 kw=8.79 inf=2.87 iv=1.26 n=3 d=0 sk=0 hf=96148 hm=89696 ht=283156 pf=0 pm=0 pt=0 ru=235400 rp=241852
18:46:58.238 @T t=374500 s=0.000 lv=-31.1 pk=-25.6 c0=3.5 c1=8.5 kw=8.36 inf=2.72 iv=1.14 n=3 d=0 sk=0 hf=96148 hm=89696 ht=283156 pf=0 pm=0 pt=0 ru=235400 rp=241852
18:47:00.747 @T t=374589 s=0.000 lv=-26.9 pk=-24.7 c0=3.9 c1=11.5 kw=11.32 inf=2.34 iv=1.11 n=4 d=0 sk=0 hf=96148 hm=89696 ht=283156 pf=0 pm=0 pt=0 ru=235400 rp=241852
18:47:00.747 @T t=374695 s=0.000 lv=-40.6 pk=-39.6 c0=3.4 c1=8.4 kw=8.19 inf=2.66 iv=1.10 n=3 d=0 sk=0 hf=96148 hm=89696 ht=283156 pf=0 pm=0 pt=0 ru=235400 rp=241852
18:47:00.747 @T t=374781 s=0.000 lv=-39.1 pk=-37.4 c0=4.7 c1=9.7 kw=9.27 inf=2.42 iv=1.14 n=3 d=0 sk=0 hf=96148 hm=89696 ht=283156 pf=0 pm=0 pt=0 ru=235400 rp=241852
18:47:00.747 @T t=374887 s=0.000 lv=-37.0 pk=-34.0 c0=3.7 c1=10.9 kw=10.47 inf=2.60 iv=1.11 n=4 d=0 sk=0 hf=96148 hm=89696 ht=283156 pf=0 pm=0 pt=0 ru=235400 rp=241852
18:47:00.747 @T t=374993 s=0.000 lv=-38.7 pk=-38.2 c0=3.4 c1=8.4 kw=8.26 inf=2.69 iv=1.11 n=3 d=0 sk=0 hf=96148 hm=89696 ht=283156 pf=0 pm=0 pt=0 ru=235400 rp=241852
18:47:00.748 @T t=375099 s=0.000 lv=-40.0 pk=-38.6 c0=3.5 c1=8.5 kw=8.33 inf=2.71 iv=1.12 n=3 d=0 sk=0 hf=96148 hm=89696 ht=283156 pf=0 pm=0 pt=0 ru=235400 rp=241852
18:47:00.748 @T t=375185 s=0.000 lv=-37.3 pk=-36.1 c0=4.3 c1=11.9 kw=11.64 inf=2.33 iv=1.12 n=4 d=0 sk=0 hf=96148 hm=89696 ht=283156 pf=0 pm=0 pt=0 ru=235400 rp=241852
18:47:00.748 @I ww=marvin cut=0.50 win=5 cool=1000 tick=100 wifi=1 srv=1 li=0 ln=0
18:47:00.748 @T t=375297 s=0.000 lv=-40.5 pk=-39.9 c0=4.4 c1=8.2 kw=7.98 inf=2.75 iv=1.16 n=3 d=0 sk=0 hf=96148 hm=89696 ht=283156 pf=0 pm=0 pt=0 ru=235400 rp=241852
18:47:00.748 @T t=375383 s=0.000 lv=-38.2 pk=-36.7 c0=8.3 c1=10.8 kw=10.56 inf=2.79 iv=1.18 n=3 d=0 sk=0 hf=96148 hm=89696 ht=283156 pf=0 pm=0 pt=0 ru=235400 rp=241852
18:47:00.748 @T t=375489 s=0.000 lv=-36.7 pk=-35.2 c0=3.9 c1=9.8 kw=9.62 inf=2.37 iv=1.17 n=4 d=0 sk=0 hf=96148 hm=89696 ht=283156 pf=0 pm=0 pt=0 ru=235400 rp=241852
18:47:00.748 @T t=375595 s=0.000 lv=-35.4 pk=-33.7 c0=6.1 c1=8.5 kw=8.35 inf=2.72 iv=1.13 n=3 d=0 sk=0 hf=96148 hm=89696 ht=283156 pf=0 pm=0 pt=0 ru=235400 rp=241852
18:47:00.748 @T t=375681 s=0.000 lv=-40.3 pk=-39.4 c0=4.2 c1=9.1 kw=9.19 inf=2.40 iv=1.13 n=3 d=0 sk=0 hf=96148 hm=89696 ht=283156 pf=0 pm=0 pt=0 ru=235400 rp=241852
18:47:00.748 @T t=375787 s=0.000 lv=-40.2 pk=-38.5 c0=3.4 c1=10.7 kw=10.33 inf=2.56 iv=1.09 n=4 d=0 sk=0 hf=96148 hm=89696 ht=283156 pf=0 pm=0 pt=0 ru=235400 rp=241852
18:47:00.748 @T t=375893 s=0.000 lv=-39.5 pk=-38.1 c0=3.6 c1=8.6 kw=8.41 inf=2.74 iv=1.14 n=3 d=0 sk=0 hf=96148 hm=89696 ht=283156 pf=0 pm=0 pt=0 ru=235400 rp=241852
18:47:00.748 @T t=375999 s=0.000 lv=-40.7 pk=-38.7 c0=3.4 c1=8.5 kw=8.33 inf=2.71 iv=1.13 n=3 d=0 sk=0 hf=96148 hm=89696 ht=283156 pf=0 pm=0 pt=0 ru=235400 rp=241852
18:47:00.748 @T t=376085 s=0.000 lv=-39.0 pk=-36.4 c0=4.4 c1=11.9 kw=11.70 inf=2.34 iv=1.13 n=4 d=0 sk=0 hf=96148 hm=89696 ht=283156 pf=0 pm=0 pt=0 ru=235400 rp=241852
18:47:00.748 @T t=376191 s=0.000 lv=-38.9 pk=-37.6 c0=3.4 c1=8.5 kw=8.35 inf=2.72 iv=1.13 n=3 d=0 sk=0 hf=96148 hm=89696 ht=283156 pf=0 pm=0 pt=0 ru=235400 rp=241852
18:47:00.748 @I ww=marvin cut=0.50 win=5 cool=1000 tick=100 wifi=1 srv=1 li=0 ln=0
18:47:00.749 @T t=376283 s=0.000 lv=-38.1 pk=-35.4 c0=7.0 c1=10.2 kw=9.91 inf=2.79 iv=1.15 n=3 d=0 sk=0 hf=94384 hm=89696 ht=283156 pf=0 pm=0 pt=0 ru=237164 rp=241852
18:47:00.749 @T t=376389 s=0.000 lv=-30.3 pk=-24.9 c0=5.8 c1=10.5 kw=9.93 inf=2.45 iv=1.23 n=4 d=0 sk=0 hf=96148 hm=89696 ht=283156 pf=0 pm=0 pt=0 ru=235400 rp=241852
18:47:00.749 @T t=376495 s=0.000 lv=-21.8 pk=-20.2 c0=3.5 c1=8.5 kw=8.38 inf=2.73 iv=1.14 n=3 d=0 sk=0 hf=96148 hm=89696 ht=283156 pf=0 pm=0 pt=0 ru=235400 rp=241852
18:47:00.749 @T t=376581 s=0.000 lv=-38.8 pk=-37.5 c0=5.4 c1=9.7 kw=9.77 inf=2.56 iv=1.24 n=3 d=0 sk=0 hf=96148 hm=89696 ht=283156 pf=0 pm=0 pt=0 ru=235400 rp=241852
18:47:00.749 @T t=376687 s=0.000 lv=-33.2 pk=-29.9 c0=3.5 c1=11.0 kw=10.56 inf=2.63 iv=1.11 n=4 d=0 sk=0 hf=96148 hm=89696 ht=283156 pf=0 pm=0 pt=0 ru=235400 rp=241852
18:47:00.749 @T t=376793 s=0.000 lv=-36.7 pk=-32.9 c0=3.4 c1=8.5 kw=8.31 inf=2.71 iv=1.13 n=3 d=0 sk=0 hf=96148 hm=89696 ht=283156 pf=0 pm=0 pt=0 ru=235400 rp=241852
18:47:00.749 @T t=376899 s=0.000 lv=-34.8 pk=-33.3 c0=3.6 c1=8.6 kw=8.43 inf=2.75 iv=1.15 n=3 d=0 sk=0 hf=96148 hm=89696 ht=283156 pf=0 pm=0 pt=0 ru=235400 rp=241852
18:47:00.749 @T t=376985 s=0.000 lv=-38.5 pk=-37.5 c0=4.3 c1=11.8 kw=11.60 inf=2.32 iv=1.12 n=4 d=0 sk=0 hf=96148 hm=89696 ht=283156 pf=0 pm=0 pt=0 ru=235400 rp=241852
18:47:03.236 @T t=377091 s=0.000 lv=-26.9 pk=-22.8 c0=3.5 c1=8.6 kw=8.41 inf=2.74 iv=1.14 n=3 d=0 sk=0 hf=96148 hm=89696 ht=283156 pf=0 pm=0 pt=0 ru=235400 rp=241852
18:47:03.236 @T t=377197 s=0.000 lv=-23.2 pk=-22.0 c0=3.4 c1=8.5 kw=8.35 inf=2.72 iv=1.13 n=3 d=0 sk=0 hf=96148 hm=89696 ht=283156 pf=0 pm=0 pt=0 ru=235400 rp=241852
18:47:03.236 @I ww=marvin cut=0.50 win=5 cool=1000 tick=100 wifi=1 srv=1 li=0 ln=0
18:47:03.236 @T t=377289 s=0.000 lv=-30.6 pk=-27.4 c0=5.0 c1=11.2 kw=11.00 inf=2.35 iv=1.15 n=4 d=0 sk=0 hf=96148 hm=89696 ht=283156 pf=0 pm=0 pt=0 ru=235400 rp=241852
18:47:03.236 @T t=377395 s=0.000 lv=-34.2 pk=-29.3 c0=4.1 c1=8.8 kw=8.62 inf=2.81 iv=1.20 n=3 d=0 sk=0 hf=96148 hm=89696 ht=283156 pf=0 pm=0 pt=0 ru=235400 rp=241852
18:47:03.236 @T t=377481 s=0.000 lv=-23.5 pk=-19.9 c0=8.2 c1=9.2 kw=9.34 inf=2.44 iv=1.15 n=3 d=0 sk=0 hf=96148 hm=89696 ht=283156 pf=0 pm=0 pt=0 ru=235400 rp=241852
18:47:03.236 @T t=377587 s=0.000 lv=-39.4 pk=-37.1 c0=3.5 c1=10.8 kw=10.39 inf=2.58 iv=1.10 n=4 d=0 sk=0 hf=96148 hm=89696 ht=283156 pf=0 pm=0 pt=0 ru=235400 rp=241852
18:47:03.237 @T t=377693 s=0.000 lv=-31.6 pk=-26.9 c0=3.8 c1=8.9 kw=8.65 inf=2.82 iv=1.21 n=3 d=0 sk=0 hf=96148 hm=89696 ht=283156 pf=0 pm=0 pt=0 ru=235400 rp=241852
18:47:03.237 @T t=377799 s=0.000 lv=-31.5 pk=-26.8 c0=6.1 c1=8.5 kw=8.36 inf=2.72 iv=1.13 n=3 d=0 sk=0 hf=96148 hm=89696 ht=283156 pf=0 pm=0 pt=0 ru=235400 rp=241852
18:47:03.237 @T t=377885 s=0.000 lv=-36.6 pk=-34.9 c0=4.5 c1=12.0 kw=11.77 inf=2.35 iv=1.15 n=4 d=0 sk=0 hf=96148 hm=89696 ht=283156 pf=0 pm=0 pt=0 ru=235400 rp=241852
18:47:03.237 @T t=377991 s=0.000 lv=-30.7 pk=-27.0 c0=6.6 c1=8.5 kw=8.31 inf=2.71 iv=1.13 n=3 d=0 sk=0 hf=96148 hm=89696 ht=283156 pf=0 pm=0 pt=0 ru=235400 rp=241852
18:47:03.237 @T t=378097 s=0.000 lv=-31.4 pk=-29.8 c0=3.5 c1=8.4 kw=8.27 inf=2.69 iv=1.11 n=3 d=0 sk=0 hf=96148 hm=89696 ht=283156 pf=0 pm=0 pt=0 ru=235400 rp=241852
18:47:03.237 @T t=378183 s=0.000 lv=-40.1 pk=-39.2 c0=4.7 c1=12.0 kw=11.52 inf=2.31 iv=1.12 n=4 d=0 sk=0 hf=96148 hm=89696 ht=283156 pf=0 pm=0 pt=0 ru=235400 rp=241852
18:47:03.237 @I ww=marvin cut=0.50 win=5 cool=1000 tick=100 wifi=1 srv=1 li=0 ln=0
18:47:03.237 @T t=378295 s=0.000 lv=-40.8 pk=-40.0 c0=4.0 c1=7.9 kw=7.93 inf=2.72 iv=1.14 n=3 d=0 sk=0 hf=96148 hm=89696 ht=283156 pf=0 pm=0 pt=0 ru=235400 rp=241852
18:47:03.237 @T t=378381 s=0.000 lv=-40.7 pk=-38.9 c0=9.4 c1=10.3 kw=9.89 inf=2.58 iv=1.27 n=3 d=0 sk=0 hf=96148 hm=89696 ht=283156 pf=0 pm=0 pt=0 ru=235400 rp=241852
18:47:03.237 @T t=378486 s=0.000 lv=-41.2 pk=-40.8 c0=3.5 c1=11.1 kw=10.64 inf=2.62 iv=1.10 n=4 d=0 sk=0 hf=96148 hm=89696 ht=283156 pf=0 pm=0 pt=0 ru=235400 rp=241852
18:47:03.237 @T t=378592 s=0.000 lv=-41.4 pk=-41.0 c0=4.3 c1=8.8 kw=8.64 inf=2.82 iv=1.23 n=3 d=0 sk=0 hf=96148 hm=89696 ht=283156 pf=0 pm=0 pt=0 ru=235400 rp=241852
18:47:03.237 @T t=378698 s=0.000 lv=-41.3 pk=-40.4 c0=6.7 c1=8.5 kw=8.30 inf=2.70 iv=1.13 n=3 d=0 sk=0 hf=96148 hm=89696 ht=283156 pf=0 pm=0 pt=0 ru=235400 rp=241852
18:47:03.237 @T t=378787 s=0.000 lv=-40.4 pk=-39.8 c0=10.3 c1=11.3 kw=11.13 inf=2.30 iv=1.10 n=4 d=0 sk=0 hf=96148 hm=89696 ht=283156 pf=0 pm=0 pt=0 ru=235400 rp=241852
18:47:03.237 @T t=378893 s=0.000 lv=-40.5 pk=-38.5 c0=4.0 c1=8.6 kw=8.40 inf=2.74 iv=1.14 n=3 d=0 sk=0 hf=96148 hm=89696 ht=283156 pf=0 pm=0 pt=0 ru=235400 rp=241852
18:47:03.237 @T t=378999 s=0.000 lv=-38.0 pk=-34.7 c0=3.4 c1=8.5 kw=8.30 inf=2.70 iv=1.13 n=3 d=0 sk=0 hf=96148 hm=89696 ht=283156 pf=0 pm=0 pt=0 ru=235400 rp=241852
18:47:03.237 @T t=379085 s=0.000 lv=-29.4 pk=-23.1 c0=4.2 c1=11.8 kw=11.60 inf=2.32 iv=1.12 n=4 d=0 sk=0 hf=96148 hm=89696 ht=283156 pf=0 pm=0 pt=0 ru=235400 rp=241852
18:47:03.237 @T t=379191 s=0.000 lv=-23.8 pk=-20.9 c0=3.4 c1=8.4 kw=8.22 inf=2.67 iv=1.10 n=3 d=0 sk=0 hf=96148 hm=89696 ht=283156 pf=0 pm=0 pt=0 ru=235400 rp=241852
18:47:03.237 @I ww=marvin cut=0.50 win=5 cool=1000 tick=100 wifi=1 srv=1 li=0 ln=0
18:47:03.237 @T t=379283 s=0.000 lv=-37.6 pk=-35.7 c0=4.8 c1=9.9 kw=9.70 inf=2.74 iv=1.14 n=3 d=0 sk=0 hf=96148 hm=89696 ht=283156 pf=0 pm=0 pt=0 ru=235400 rp=241852
18:47:03.237 @T t=379389 s=0.000 lv=-37.1 pk=-34.0 c0=4.0 c1=9.8 kw=9.58 inf=2.36 iv=1.15 n=4 d=0 sk=0 hf=96148 hm=89696 ht=283156 pf=0 pm=0 pt=0 ru=235400 rp=241852
18:47:03.237 @T t=379495 s=0.000 lv=-37.1 pk=-36.1 c0=3.5 c1=8.4 kw=8.26 inf=2.69 iv=1.12 n=3 d=0 sk=0 hf=96148 hm=89696 ht=283156 pf=0 pm=0 pt=0 ru=235400 rp=241852
18:47:05.628 @T t=379581 s=0.000 lv=-38.6 pk=-35.2 c0=4.3 c1=9.1 kw=9.24 inf=2.41 iv=1.14 n=3 d=0 sk=0 hf=96148 hm=89696 ht=283156 pf=0 pm=0 pt=0 ru=235400 rp=241852
18:47:05.628 @T t=379687 s=0.000 lv=-33.9 pk=-30.0 c0=3.4 c1=10.8 kw=10.37 inf=2.58 iv=1.09 n=4 d=0 sk=0 hf=96148 hm=89696 ht=283156 pf=0 pm=0 pt=0 ru=235400 rp=241852
18:47:05.628 @T t=379793 s=0.000 lv=-40.4 pk=-38.6 c0=3.4 c1=8.4 kw=8.24 inf=2.68 iv=1.11 n=3 d=0 sk=0 hf=96148 hm=89696 ht=283156 pf=0 pm=0 pt=0 ru=235400 rp=241852
18:47:05.628 @T t=379899 s=0.000 lv=-24.7 pk=-22.4 c0=4.0 c1=9.0 kw=8.75 inf=2.85 iv=1.22 n=3 d=0 sk=0 hf=96148 hm=89696 ht=283156 pf=0 pm=0 pt=0 ru=235400 rp=241852
18:47:05.628 @T t=379985 s=0.000 lv=-29.5 pk=-24.9 c0=4.4 c1=11.8 kw=11.60 inf=2.32 iv=1.12 n=4 d=0 sk=0 hf=96148 hm=89696 ht=283156 pf=0 pm=0 pt=0 ru=235400 rp=241852
18:47:05.628 @T t=380091 s=0.000 lv=-37.7 pk=-35.2 c0=3.4 c1=8.5 kw=8.30 inf=2.70 iv=1.12 n=3 d=0 sk=0 hf=96148 hm=89696 ht=283156 pf=0 pm=0 pt=0 ru=235400 rp=241852
18:47:05.628 @T t=380197 s=0.000 lv=-29.2 pk=-26.6 c0=3.4 c1=8.5 kw=8.33 inf=2.71 iv=1.13 n=3 d=0 sk=0 hf=96148 hm=89696 ht=283156 pf=0 pm=0 pt=0 ru=235400 rp=241852
18:47:05.628 @I ww=marvin cut=0.50 win=5 cool=1000 tick=100 wifi=1 srv=1 li=0 ln=0
18:47:05.628 @T t=380289 s=0.000 lv=-39.9 pk=-38.7 c0=5.0 c1=11.3 kw=11.04 inf=2.36 iv=1.15 n=4 d=0 sk=0 hf=96148 hm=89696 ht=283156 pf=0 pm=0 pt=0 ru=235400 rp=241852
18:47:05.628 @T t=380395 s=0.000 lv=-29.8 pk=-23.4 c0=5.9 c1=9.3 kw=9.13 inf=2.99 iv=1.33 n=3 d=0 sk=0 hf=94384 hm=89696 ht=283156 pf=0 pm=0 pt=0 ru=237164 rp=241852
18:47:05.628 @T t=380482 s=0.000 lv=-22.4 pk=-21.9 c0=6.9 c1=11.4 kw=10.95 inf=2.93 iv=1.30 n=3 d=0 sk=0 hf=96148 hm=89696 ht=283156 pf=0 pm=0 pt=0 ru=235400 rp=241852
18:47:05.629 @T t=380588 s=0.000 lv=-33.5 pk=-28.0 c0=4.2 c1=10.0 kw=9.64 inf=2.38 iv=1.17 n=4 d=0 sk=0 hf=95952 hm=89696 ht=283156 pf=0 pm=0 pt=0 ru=235596 rp=241852
18:47:05.629 @T t=380695 s=0.000 lv=-36.1 pk=-33.6 c0=4.1 c1=8.5 kw=8.37 inf=2.76 iv=1.18 n=3 d=0 sk=0 hf=96148 hm=89696 ht=283156 pf=0 pm=0 pt=0 ru=235400 rp=241852
18:47:05.629 @T t=380781 s=0.000 lv=-36.6 pk=-33.2 c0=4.2 c1=9.2 kw=9.25 inf=2.42 iv=1.14 n=3 d=0 sk=0 hf=96148 hm=89696 ht=283156 pf=0 pm=0 pt=0 ru=235400 rp=241852
18:47:05.629 @T t=380887 s=0.000 lv=-34.9 pk=-32.9 c0=3.6 c1=10.9 kw=10.52 inf=2.61 iv=1.12 n=4 d=0 sk=0 hf=96148 hm=89696 ht=283156 pf=0 pm=0 pt=0 ru=235400 rp=241852
18:47:05.629 @T t=380993 s=0.000 lv=-36.8 pk=-33.9 c0=4.3 c1=9.7 kw=9.08 inf=2.96 iv=1.33 n=3 d=0 sk=0 hf=96148 hm=89696 ht=283156 pf=0 pm=0 pt=0 ru=235400 rp=241852
18:47:05.629 @T t=381099 s=0.000 lv=-39.9 pk=-38.6 c0=3.5 c1=8.6 kw=8.42 inf=2.74 iv=1.15 n=3 d=0 sk=0 hf=96148 hm=89696 ht=283156 pf=0 pm=0 pt=0 ru=235400 rp=241852
18:47:05.629 @T t=381185 s=0.000 lv=-38.2 pk=-36.3 c0=4.3 c1=11.9 kw=11.63 inf=2.32 iv=1.12 n=4 d=0 sk=0 hf=96148 hm=89696 ht=283156 pf=0 pm=0 pt=0 ru=235400 rp=241852
18:47:05.629 @I ww=marvin cut=0.50 win=5 cool=1000 tick=100 wifi=1 srv=1 li=0 ln=0
18:47:05.629 @T t=381297 s=0.000 lv=-39.2 pk=-38.7 c0=4.0 c1=8.1 kw=7.89 inf=2.72 iv=1.13 n=3 d=0 sk=0 hf=96148 hm=89696 ht=283156 pf=0 pm=0 pt=0 ru=235400 rp=241852
18:47:05.629 @T t=381383 s=0.000 lv=-36.1 pk=-34.2 c0=4.4 c1=10.8 kw=10.54 inf=2.79 iv=1.19 n=3 d=0 sk=0 hf=96148 hm=89696 ht=283156 pf=0 pm=0 pt=0 ru=235400 rp=241852
18:47:05.629 [status] up 381s | mic -31.7 dBFS (peak -19.9) | score max 0.00 | detections 0 | inferences 333 (33.3/s; model 1.15 ms each, paused in quiet 0%; features 1.45 ms per 30 ms) | CPU core0  4.6% core1  9.7% (wake word pipeline 9.38% of one core) | RAM used 229 KB (peak 236 KB, 93 KB free) | wifi OK, server OK | audio lost since boot: i2s 0 net 0
18:47:05.629 @T t=381491 s=0.000 lv=-31.5 pk=-28.3 c0=8.3 c1=9.8 kw=9.61 inf=2.41 iv=1.19 n=4 d=0 sk=0 hf=96148 hm=89696 ht=283156 pf=0 pm=0 pt=0 ru=235400 rp=241852
18:47:05.629 @T t=381597 s=0.000 lv=-32.1 pk=-28.5 c0=3.4 c1=8.6 kw=8.41 inf=2.74 iv=1.15 n=3 d=0 sk=0 hf=96148 hm=89696 ht=283156 pf=0 pm=0 pt=0 ru=235400 rp=241852
18:47:05.629 @T t=381683 s=0.000 lv=-24.1 pk=-22.4 c0=4.2 c1=10.7 kw=10.46 inf=2.76 iv=1.16 n=3 d=0 sk=0 hf=96148 hm=89696 ht=283156 pf=0 pm=0 pt=0 ru=235400 rp=241852
18:47:05.629 @T t=381789 s=0.000 lv=-31.0 pk=-26.8 c0=3.4 c1=9.4 kw=9.24 inf=2.27 iv=1.09 n=4 d=0 sk=0 hf=96148 hm=89696 ht=283156 pf=0 pm=0 pt=0 ru=235400 rp=241852
18:47:05.629 @T t=381895 s=0.000 lv=-35.7 pk=-32.8 c0=3.6 c1=8.6 kw=8.45 inf=2.75 iv=1.16 n=3 d=0 sk=0 hf=96148 hm=89696 ht=283156 pf=0 pm=0 pt=0 ru=235400 rp=241852
18:47:08.143 @T t=381981 s=0.000 lv=-34.9 pk=-31.0 c0=4.2 c1=9.1 kw=9.16 inf=2.39 iv=1.12 n=3 d=0 sk=0 hf=96148 hm=89696 ht=283156 pf=0 pm=0 pt=0 ru=235400 rp=241852
18:47:08.143 @T t=382087 s=0.000 lv=-32.9 pk=-30.1 c0=3.8 c1=11.1 kw=10.68 inf=2.65 iv=1.16 n=4 d=0 sk=0 hf=96148 hm=89696 ht=283156 pf=0 pm=0 pt=0 ru=235400 rp=241852
18:47:08.143 @T t=382193 s=0.000 lv=-38.4 pk=-36.4 c0=6.1 c1=8.5 kw=8.33 inf=2.71 iv=1.14 n=3 d=0 sk=0 hf=96148 hm=89696 ht=283156 pf=0 pm=0 pt=0 ru=235400 rp=241852
18:47:08.143 @I ww=marvin cut=0.50 win=5 cool=1000 tick=100 wifi=1 srv=1 li=0 ln=0
18:47:08.144 @T t=382285 s=0.000 lv=-28.8 pk=-25.9 c0=4.8 c1=9.8 kw=9.63 inf=2.72 iv=1.12 n=3 d=0 sk=0 hf=96148 hm=89696 ht=283156 pf=0 pm=0 pt=0 ru=235400 rp=241852
18:47:08.144 @T t=382391 s=0.000 lv=-31.7 pk=-28.1 c0=3.5 c1=9.5 kw=9.33 inf=2.30 iv=1.11 n=4 d=0 sk=0 hf=96148 hm=89696 ht=283156 pf=0 pm=0 pt=0 ru=235400 rp=241852
18:47:08.144 @T t=382497 s=0.000 lv=-39.0 pk=-35.7 c0=7.4 c1=10.0 kw=9.36 inf=3.06 iv=1.41 n=3 d=0 sk=0 hf=96148 hm=89696 ht=283156 pf=0 pm=0 pt=0 ru=235400 rp=241852
18:47:08.144 @T t=382584 s=0.000 lv=-38.8 pk=-36.7 c0=5.2 c1=10.6 kw=10.34 inf=2.76 iv=1.14 n=3 d=0 sk=0 hf=96148 hm=89696 ht=283156 pf=0 pm=0 pt=0 ru=235400 rp=241852
18:47:08.144 @T t=382690 s=0.000 lv=-41.0 pk=-39.1 c0=6.6 c1=9.4 kw=9.23 inf=2.27 iv=1.10 n=4 d=0 sk=0 hf=96148 hm=89696 ht=283156 pf=0 pm=0 pt=0 ru=235400 rp=241852
18:47:08.144 @T t=382796 s=0.000 lv=-40.2 pk=-39.2 c0=3.4 c1=8.4 kw=8.20 inf=2.67 iv=1.10 n=3 d=0 sk=0 hf=96148 hm=89696 ht=283156 pf=0 pm=0 pt=0 ru=235400 rp=241852
18:47:08.144 @T t=382882 s=0.000 lv=-39.7 pk=-38.4 c0=4.3 c1=10.3 kw=10.34 inf=2.73 iv=1.14 n=3 d=0 sk=0 hf=96148 hm=89696 ht=283156 pf=0 pm=0 pt=0 ru=235400 rp=241852
18:47:08.144 @T t=382988 s=0.000 lv=-39.8 pk=-37.9 c0=3.4 c1=9.5 kw=9.15 inf=2.25 iv=1.08 n=4 d=0 sk=0 hf=96148 hm=89696 ht=283156 pf=0 pm=0 pt=0 ru=235400 rp=241852
18:47:08.144 @T t=383094 s=0.000 lv=-38.2 pk=-36.6 c0=6.7 c1=8.5 kw=8.30 inf=2.70 iv=1.12 n=3 d=0 sk=0 hf=96148 hm=89696 ht=283156 pf=0 pm=0 pt=0 ru=235400 rp=241852
18:47:08.144 @T t=383200 s=0.000 lv=-39.5 pk=-37.3 c0=3.4 c1=8.4 kw=8.26 inf=2.68 iv=1.11 n=3 d=0 sk=0 hf=96148 hm=89696 ht=283156 pf=0 pm=0 pt=0 ru=235400 rp=241852
18:47:08.144 @I ww=marvin cut=0.50 win=5 cool=1000 tick=100 wifi=1 srv=1 li=0 ln=0
18:47:08.144 @T t=383292 s=0.000 lv=-34.6 pk=-32.8 c0=5.5 c1=11.5 kw=11.24 inf=2.41 iv=1.16 n=4 d=0 sk=0 hf=96148 hm=89696 ht=283156 pf=0 pm=0 pt=0 ru=235400 rp=241852
18:47:08.144 @T t=383398 s=0.000 lv=-34.2 pk=-31.6 c0=3.6 c1=8.5 kw=8.32 inf=2.71 iv=1.13 n=3 d=0 sk=0 hf=96148 hm=89696 ht=283156 pf=0 pm=0 pt=0 ru=235400 rp=241852
18:47:08.144 @T t=383484 s=0.000 lv=-38.8 pk=-35.8 c0=4.8 c1=10.6 kw=10.40 inf=2.74 iv=1.15 n=3 d=0 sk=0 hf=96148 hm=89696 ht=283156 pf=0 pm=0 pt=0 ru=235400 rp=241852
18:47:08.144 @T t=383590 s=0.000 lv=-28.3 pk=-25.8 c0=3.5 c1=9.5 kw=9.29 inf=2.29 iv=1.09 n=4 d=0 sk=0 hf=96148 hm=89696 ht=283156 pf=0 pm=0 pt=0 ru=235400 rp=241852
18:47:08.144 @T t=383696 s=0.000 lv=-34.3 pk=-30.6 c0=3.4 c1=8.4 kw=8.28 inf=2.69 iv=1.11 n=3 d=0 sk=0 hf=96148 hm=89696 ht=283156 pf=0 pm=0 pt=0 ru=235400 rp=241852
18:47:08.144 @T t=383782 s=0.000 lv=-37.4 pk=-34.7 c0=4.2 c1=10.4 kw=10.37 inf=2.74 iv=1.15 n=3 d=0 sk=0 hf=96148 hm=89696 ht=283156 pf=0 pm=0 pt=0 ru=235400 rp=241852
18:47:08.144 @T t=383888 s=0.000 lv=-37.5 pk=-36.0 c0=3.6 c1=9.7 kw=9.37 inf=2.31 iv=1.12 n=4 d=0 sk=0 hf=96148 hm=89696 ht=283156 pf=0 pm=0 pt=0 ru=235400 rp=241852
18:47:08.144 @T t=383994 s=0.000 lv=-35.8 pk=-34.2 c0=3.4 c1=8.5 kw=8.28 inf=2.70 iv=1.12 n=3 d=0 sk=0 hf=96148 hm=89696 ht=283156 pf=0 pm=0 pt=0 ru=235400 rp=241852
18:47:08.144 @T t=384100 s=0.000 lv=-34.4 pk=-32.5 c0=3.5 c1=8.6 kw=8.40 inf=2.73 iv=1.13 n=3 d=0 sk=0 hf=96148 hm=89696 ht=283156 pf=0 pm=0 pt=0 ru=235400 rp=241852
18:47:08.144 @T t=384189 s=0.000 lv=-28.4 pk=-27.0 c0=3.9 c1=11.5 kw=11.31 inf=2.33 iv=1.11 n=4 d=0 sk=0 hf=96148 hm=89696 ht=283156 pf=0 pm=0 pt=0 ru=235400 rp=241852
18:47:08.144 @I ww=marvin cut=0.50 win=5 cool=1000 tick=100 wifi=1 srv=1 li=0 ln=0
18:47:08.144 @T t=384281 s=0.000 lv=-37.2 pk=-34.7 c0=4.8 c1=7.4 kw=7.46 inf=3.08 iv=1.18 n=2 d=0 sk=0 hf=96148 hm=89696 ht=283156 pf=0 pm=0 pt=0 ru=235400 rp=241852
18:47:08.144 @T t=384390 s=0.000 lv=-39.2 pk=-37.9 c0=9.3 c1=11.1 kw=10.67 inf=2.73 iv=1.27 n=4 d=0 sk=0 hf=96148 hm=89696 ht=283156 pf=0 pm=0 pt=0 ru=235400 rp=241852
18:47:10.644 @T t=384496 s=0.000 lv=-39.2 pk=-37.3 c0=5.9 c1=10.2 kw=9.99 inf=2.47 iv=1.26 n=4 d=0 sk=0 hf=94384 hm=89696 ht=283156 pf=0 pm=0 pt=0 ru=237164 rp=241852
18:47:10.644 @T t=384581 s=0.000 lv=-32.7 pk=-30.5 c0=10.2 c1=9.3 kw=8.88 inf=3.41 iv=1.43 n=2 d=0 sk=0 hf=95952 hm=89696 ht=283156 pf=0 pm=0 pt=0 ru=235596 rp=241852
18:47:10.644 @T t=384690 s=0.000 lv=-32.2 pk=-30.4 c0=4.2 c1=11.3 kw=10.89 inf=2.79 iv=1.34 n=4 d=0 sk=0 hf=96148 hm=89696 ht=283156 pf=0 pm=0 pt=0 ru=235400 rp=241852
18:47:10.644 @T t=384796 s=0.000 lv=-39.1 pk=-37.9 c0=6.6 c1=9.4 kw=9.26 inf=2.28 iv=1.10 n=4 d=0 sk=0 hf=96148 hm=89696 ht=283156 pf=0 pm=0 pt=0 ru=235400 rp=241852
18:47:10.644 @T t=384882 s=0.000 lv=-40.1 pk=-39.5 c0=4.4 c1=9.2 kw=8.10 inf=3.14 iv=1.23 n=2 d=0 sk=0 hf=96148 hm=89696 ht=283156 pf=0 pm=0 pt=0 ru=235400 rp=241852
18:47:10.644 @T t=384988 s=0.000 lv=-38.2 pk=-36.9 c0=3.5 c1=9.9 kw=10.45 inf=2.60 iv=1.11 n=4 d=0 sk=0 hf=96148 hm=89696 ht=283156 pf=0 pm=0 pt=0 ru=235400 rp=241852
18:47:10.644 @T t=385094 s=0.000 lv=-39.4 pk=-38.2 c0=3.9 c1=10.3 kw=9.70 inf=2.39 iv=1.19 n=4 d=0 sk=0 hf=96148 hm=89696 ht=283156 pf=0 pm=0 pt=0 ru=235400 rp=241852
18:47:10.644 @T t=385200 s=0.000 lv=-41.2 pk=-39.8 c0=3.4 c1=8.4 kw=8.29 inf=2.70 iv=1.13 n=3 d=0 sk=0 hf=96148 hm=89696 ht=283156 pf=0 pm=0 pt=0 ru=235400 rp=241852
18:47:10.644 @I ww=marvin cut=0.50 win=5 cool=1000 tick=100 wifi=1 srv=1 li=0 ln=0
18:47:10.644 @T t=385295 s=0.000 lv=-37.7 pk=-36.5 c0=4.7 c1=10.0 kw=9.73 inf=2.83 iv=1.20 n=3 d=0 sk=0 hf=96148 hm=89696 ht=283156 pf=0 pm=0 pt=0 ru=235400 rp=241852
18:47:10.644 @T t=385381 s=0.000 lv=-39.2 pk=-37.3 c0=4.4 c1=9.4 kw=9.46 inf=2.48 iv=1.18 n=3 d=0 sk=0 hf=96148 hm=89696 ht=283156 pf=0 pm=0 pt=0 ru=235400 rp=241852
18:47:10.644 @T t=385489 s=0.000 lv=-40.0 pk=-39.5 c0=3.7 c1=11.2 kw=10.80 inf=2.74 iv=1.24 n=4 d=0 sk=0 hf=96148 hm=89696 ht=283156 pf=0 pm=0 pt=0 ru=235400 rp=241852
18:47:10.644 @T t=385595 s=0.000 lv=-39.1 pk=-37.2 c0=7.6 c1=9.2 kw=8.96 inf=2.92 iv=1.28 n=3 d=0 sk=0 hf=96148 hm=89696 ht=283156 pf=0 pm=0 pt=0 ru=235400 rp=241852
18:47:10.644 @T t=385681 s=0.000 lv=-37.2 pk=-35.2 c0=7.5 c1=9.2 kw=9.30 inf=2.43 iv=1.14 n=3 d=0 sk=0 hf=96148 hm=89696 ht=283156 pf=0 pm=0 pt=0 ru=235400 rp=241852
18:47:10.644 @T t=385789 s=0.000 lv=-38.0 pk=-37.2 c0=3.2 c1=10.8 kw=10.37 inf=2.63 iv=1.15 n=4 d=0 sk=0 hf=96148 hm=89696 ht=283156 pf=0 pm=0 pt=0 ru=235400 rp=241852
18:47:10.644 @T t=385895 s=0.000 lv=-37.3 pk=-36.7 c0=3.6 c1=8.6 kw=8.46 inf=2.76 iv=1.15 n=3 d=0 sk=0 hf=96148 hm=89696 ht=283156 pf=0 pm=0 pt=0 ru=235400 rp=241852
18:47:10.644 @T t=385981 s=0.000 lv=-37.5 pk=-36.9 c0=4.2 c1=9.2 kw=9.32 inf=2.44 iv=1.15 n=3 d=0 sk=0 hf=96148 hm=89696 ht=283156 pf=0 pm=0 pt=0 ru=235400 rp=241852
18:47:10.645 @T t=386089 s=0.000 lv=-34.9 pk=-33.0 c0=3.7 c1=11.2 kw=10.77 inf=2.73 iv=1.23 n=4 d=0 sk=0 hf=96148 hm=89696 ht=283156 pf=0 pm=0 pt=0 ru=235400 rp=241852
18:47:10.645 @T t=386195 s=0.000 lv=-38.8 pk=-37.2 c0=3.5 c1=8.4 kw=8.27 inf=2.69 iv=1.11 n=3 d=0 sk=0 hf=96148 hm=89696 ht=283156 pf=0 pm=0 pt=0 ru=235400 rp=241852
18:47:10.645 @I ww=marvin cut=0.50 win=5 cool=1000 tick=100 wifi=1 srv=1 li=0 ln=0
18:47:10.645 @T t=386287 s=0.000 lv=-30.0 pk=-26.9 c0=5.0 c1=11.2 kw=10.99 inf=2.35 iv=1.14 n=4 d=0 sk=0 hf=96148 hm=89696 ht=283156 pf=0 pm=0 pt=0 ru=235400 rp=241852
18:47:10.645 @T t=386393 s=0.000 lv=-35.5 pk=-30.7 c0=3.5 c1=8.6 kw=8.41 inf=2.74 iv=1.15 n=3 d=0 sk=0 hf=96148 hm=89696 ht=283156 pf=0 pm=0 pt=0 ru=235400 rp=241852
18:47:10.645 @T t=386499 s=0.000 lv=-36.9 pk=-34.7 c0=3.5 c1=8.5 kw=8.29 inf=2.70 iv=1.12 n=3 d=0 sk=0 hf=96148 hm=89696 ht=283156 pf=0 pm=0 pt=0 ru=235400 rp=241852
18:47:10.645 @T t=386585 s=0.000 lv=-37.3 pk=-35.3 c0=9.9 c1=13.9 kw=13.51 inf=2.62 iv=1.35 n=4 d=0 sk=0 hf=96148 hm=89696 ht=283156 pf=0 pm=0 pt=0 ru=235400 rp=241852
18:47:10.645 @T t=386691 s=0.000 lv=-39.6 pk=-38.1 c0=3.5 c1=8.5 kw=8.32 inf=2.71 iv=1.13 n=3 d=0 sk=0 hf=96148 hm=89696 ht=283156 pf=0 pm=0 pt=0 ru=235400 rp=241852
18:47:10.645 @T t=386797 s=0.000 lv=-26.3 pk=-22.3 c0=3.4 c1=8.5 kw=8.37 inf=2.73 iv=1.13 n=3 d=0 sk=0 hf=96148 hm=89696 ht=283156 pf=0 pm=0 pt=0 ru=235400 rp=241852
18:47:10.645 @T t=386883 s=0.000 lv=-25.1 pk=-23.2 c0=6.0 c1=12.4 kw=12.68 inf=2.54 iv=1.31 n=4 d=0 sk=0 hf=96148 hm=89696 ht=283156 pf=0 pm=0 pt=0 ru=235400 rp=241852
18:47:13.136 @T t=386989 s=0.000 lv=-33.1 pk=-29.5 c0=3.4 c1=9.0 kw=8.37 inf=2.73 iv=1.15 n=3 d=0 sk=0 hf=96148 hm=89696 ht=283156 pf=0 pm=0 pt=0 ru=235400 rp=241852
18:47:13.136 @T t=387095 s=0.000 lv=-34.4 pk=-32.6 c0=4.0 c1=9.4 kw=8.74 inf=2.85 iv=1.25 n=3 d=0 sk=0 hf=96148 hm=89696 ht=283156 pf=0 pm=0 pt=0 ru=235400 rp=241852
18:47:13.136 @T t=387181 s=0.000 lv=-35.6 pk=-31.9 c0=4.0 c1=9.1 kw=9.15 inf=2.39 iv=1.12 n=3 d=0 sk=0 hf=96148 hm=89696 ht=283156 pf=0 pm=0 pt=0 ru=235400 rp=241852
18:47:13.136 @I ww=marvin cut=0.50 win=5 cool=1000 tick=100 wifi=1 srv=1 li=0 ln=0
18:47:13.136 @T t=387295 s=0.000 lv=-26.6 pk=-25.8 c0=3.8 c1=10.2 kw=9.77 inf=2.61 iv=1.14 n=4 d=0 sk=0 hf=96148 hm=89696 ht=283156 pf=0 pm=0 pt=0 ru=235400 rp=241852
18:47:13.136 @T t=387381 s=0.000 lv=-33.1 pk=-28.8 c0=7.8 c1=9.2 kw=9.25 inf=2.42 iv=1.14 n=3 d=0 sk=0 hf=96148 hm=89696 ht=283156 pf=0 pm=0 pt=0 ru=235400 rp=241852
18:47:13.136 @T t=387487 s=0.000 lv=-38.5 pk=-35.8 c0=3.5 c1=10.7 kw=10.24 inf=2.54 iv=1.08 n=4 d=0 sk=0 hf=96148 hm=89696 ht=283156 pf=0 pm=0 pt=0 ru=235400 rp=241852
18:47:13.136 @T t=387593 s=0.000 lv=-30.2 pk=-25.7 c0=7.2 c1=8.5 kw=8.31 inf=2.70 iv=1.12 n=3 d=0 sk=0 hf=96148 hm=89696 ht=283156 pf=0 pm=0 pt=0 ru=235400 rp=241852
18:47:13.136 @T t=387699 s=0.000 lv=-30.8 pk=-26.9 c0=3.4 c1=8.5 kw=8.37 inf=2.73 iv=1.14 n=3 d=0 sk=0 hf=96148 hm=89696 ht=283156 pf=0 pm=0 pt=0 ru=235400 rp=241852
18:47:13.136 @T t=387785 s=0.000 lv=-40.0 pk=-39.0 c0=4.7 c1=12.1 kw=11.81 inf=2.36 iv=1.16 n=4 d=0 sk=0 hf=96148 hm=89696 ht=283156 pf=0 pm=0 pt=0 ru=235400 rp=241852
18:47:13.136 @T t=387891 s=0.000 lv=-40.5 pk=-40.1 c0=3.7 c1=8.6 kw=8.41 inf=2.74 iv=1.14 n=3 d=0 sk=0 hf=96148 hm=89696 ht=283156 pf=0 pm=0 pt=0 ru=235400 rp=241852
18:47:13.136 @T t=387997 s=0.000 lv=-40.5 pk=-39.0 c0=6.6 c1=8.5 kw=8.34 inf=2.71 iv=1.13 n=3 d=0 sk=0 hf=96148 hm=89696 ht=283156 pf=0 pm=0 pt=0 ru=235400 rp=241852
18:47:13.136 @T t=388083 s=0.000 lv=-40.0 pk=-38.5 c0=4.3 c1=11.6 kw=11.61 inf=2.32 iv=1.13 n=4 d=0 sk=0 hf=96148 hm=89696 ht=283156 pf=0 pm=0 pt=0 ru=235400 rp=241852
18:47:13.136 @T t=388189 s=0.000 lv=-39.6 pk=-38.4 c0=3.4 c1=8.6 kw=8.27 inf=2.69 iv=1.11 n=3 d=0 sk=0 hf=96148 hm=89696 ht=283156 pf=0 pm=0 pt=0 ru=235400 rp=241852
18:47:13.136 @I ww=marvin cut=0.50 win=5 cool=1000 tick=100 wifi=1 srv=1 li=0 ln=0
18:47:13.136 @T t=388281 s=0.000 lv=-38.2 pk=-36.3 c0=4.8 c1=8.6 kw=8.62 inf=2.41 iv=1.13 n=3 d=0 sk=0 hf=96148 hm=89696 ht=283156 pf=0 pm=0 pt=0 ru=235400 rp=241852
18:47:13.136 @T t=388387 s=0.000 lv=-38.9 pk=-36.3 c0=3.5 c1=10.8 kw=10.42 inf=2.59 iv=1.10 n=4 d=0 sk=0 hf=96148 hm=89696 ht=283156 pf=0 pm=0 pt=0 ru=235400 rp=241852
18:47:13.136 @T t=388494 s=0.000 lv=-31.5 pk=-26.8 c0=3.5 c1=8.4 kw=8.23 inf=2.71 iv=1.12 n=3 d=0 sk=0 hf=96148 hm=89696 ht=283156 pf=0 pm=0 pt=0 ru=235400 rp=241852
18:47:13.136 @T t=388600 s=0.000 lv=-27.4 pk=-25.7 c0=5.5 c1=8.6 kw=8.39 inf=2.73 iv=1.13 n=3 d=0 sk=0 hf=94384 hm=89696 ht=283156 pf=0 pm=0 pt=0 ru=237164 rp=241852
18:47:13.136 @T t=388689 s=0.000 lv=-40.1 pk=-38.0 c0=6.6 c1=13.3 kw=13.00 inf=2.70 iv=1.42 n=4 d=0 sk=0 hf=96148 hm=89696 ht=283156 pf=0 pm=0 pt=0 ru=235400 rp=241852
18:47:13.136 @T t=388795 s=0.000 lv=-39.9 pk=-39.7 c0=3.5 c1=8.6 kw=8.45 inf=2.75 iv=1.16 n=3 d=0 sk=0 hf=96148 hm=89696 ht=283156 pf=0 pm=0 pt=0 ru=235400 rp=241852
18:47:13.136 @T t=388881 s=0.000 lv=-36.5 pk=-33.2 c0=5.6 c1=9.8 kw=9.87 inf=2.59 iv=1.26 n=3 d=0 sk=0 hf=96148 hm=89696 ht=283156 pf=0 pm=0 pt=0 ru=235400 rp=241852
18:47:13.136 I (389310) wifi:[ADDBA]RX DELBA, reason:37, delete tid:0, initiator:1(originator)
18:47:13.136 @T t=388987 s=0.000 lv=-33.6 pk=-28.0 c0=5.3 c1=11.3 kw=10.81 inf=2.69 iv=1.18 n=4 d=0 sk=0 hf=96148 hm=89696 ht=283156 pf=0 pm=0 pt=0 ru=235400 rp=241852
18:47:13.136 @T t=389093 s=0.000 lv=-27.3 pk=-24.9 c0=3.5 c1=8.6 kw=8.42 inf=2.74 iv=1.14 n=3 d=0 sk=0 hf=96148 hm=89696 ht=283156 pf=0 pm=0 pt=0 ru=235400 rp=241852
18:47:13.136 @T t=389199 s=0.000 lv=-36.9 pk=-35.4 c0=3.4 c1=8.5 kw=8.33 inf=2.71 iv=1.13 n=3 d=0 sk=0 hf=96148 hm=89696 ht=283156 pf=0 pm=0 pt=0 ru=235400 rp=241852
18:47:13.136 @I ww=marvin cut=0.50 win=5 cool=1000 tick=100 wifi=1 srv=1 li=0 ln=0
18:47:13.136 @T t=389291 s=0.000 lv=-38.9 pk=-37.4 c0=5.0 c1=11.2 kw=11.00 inf=2.35 iv=1.15 n=4 d=0 sk=0 hf=96148 hm=89696 ht=283156 pf=0 pm=0 pt=0 ru=235400 rp=241852
18:47:13.136 @T t=389397 s=0.000 lv=-40.4 pk=-38.8 c0=3.6 c1=8.6 kw=8.39 inf=2.73 iv=1.15 n=3 d=0 sk=0 hf=96148 hm=89696 ht=283156 pf=0 pm=0 pt=0 ru=235400 rp=241852
18:47:15.451 @T t=389483 s=0.000 lv=-40.9 pk=-40.0 c0=4.3 c1=10.7 kw=10.45 inf=2.76 iv=1.16 n=3 d=0 sk=0 hf=96148 hm=89696 ht=283156 pf=0 pm=0 pt=0 ru=235400 rp=241852
18:47:15.451 @T t=389589 s=0.000 lv=-39.9 pk=-38.7 c0=3.5 c1=9.5 kw=9.28 inf=2.29 iv=1.10 n=4 d=0 sk=0 hf=96148 hm=89696 ht=283156 pf=0 pm=0 pt=0 ru=235400 rp=241852
18:47:15.451 @T t=389695 s=0.000 lv=-40.9 pk=-39.8 c0=3.9 c1=8.8 kw=8.56 inf=2.79 iv=1.19 n=3 d=0 sk=0 hf=96148 hm=89696 ht=283156 pf=0 pm=0 pt=0 ru=235400 rp=241852
18:47:15.451 @T t=389781 s=0.000 lv=-39.5 pk=-38.4 c0=4.2 c1=9.2 kw=9.31 inf=2.44 iv=1.14 n=3 d=0 sk=0 hf=96148 hm=89696 ht=283156 pf=0 pm=0 pt=0 ru=235400 rp=241852
18:47:15.451 @T t=389887 s=0.000 lv=-35.8 pk=-33.0 c0=3.6 c1=11.0 kw=10.53 inf=2.62 iv=1.12 n=4 d=0 sk=0 hf=96148 hm=89696 ht=283156 pf=0 pm=0 pt=0 ru=235400 rp=241852
18:47:15.451 @T t=389993 s=0.000 lv=-32.2 pk=-29.7 c0=3.8 c1=8.9 kw=8.72 inf=2.85 iv=1.22 n=3 d=0 sk=0 hf=96148 hm=89696 ht=283156 pf=0 pm=0 pt=0 ru=235400 rp=241852
18:47:15.451 @T t=390099 s=0.000 lv=-35.9 pk=-32.9 c0=6.1 c1=8.6 kw=8.43 inf=2.75 iv=1.14 n=3 d=0 sk=0 hf=96148 hm=89696 ht=283156 pf=0 pm=0 pt=0 ru=235400 rp=241852
18:47:15.451 @T t=390185 s=0.000 lv=-36.4 pk=-35.0 c0=4.3 c1=11.9 kw=11.62 inf=2.32 iv=1.13 n=4 d=0 sk=0 hf=96148 hm=89696 ht=283156 pf=0 pm=0 pt=0 ru=235400 rp=241852
18:47:15.451 @I ww=marvin cut=0.50 win=5 cool=1000 tick=100 wifi=1 srv=1 li=0 ln=0
18:47:15.451 @T t=390297 s=0.000 lv=-37.2 pk=-36.1 c0=4.0 c1=8.0 kw=7.88 inf=2.71 iv=1.13 n=3 d=0 sk=0 hf=96148 hm=89696 ht=283156 pf=0 pm=0 pt=0 ru=235400 rp=241852
18:47:15.451 @T t=390383 s=0.000 lv=-39.0 pk=-37.3 c0=4.4 c1=10.7 kw=10.48 inf=2.77 iv=1.17 n=3 d=0 sk=0 hf=96148 hm=89696 ht=283156 pf=0 pm=0 pt=0 ru=235400 rp=241852
18:47:15.451 @T t=390489 s=0.000 lv=-39.4 pk=-38.4 c0=3.5 c1=9.5 kw=9.28 inf=2.29 iv=1.09 n=4 d=0 sk=0 hf=96148 hm=89696 ht=283156 pf=0 pm=0 pt=0 ru=235400 rp=241852
18:47:15.451 @T t=390595 s=0.000 lv=-37.0 pk=-34.7 c0=3.5 c1=8.6 kw=8.38 inf=2.73 iv=1.14 n=3 d=0 sk=0 hf=96148 hm=89696 ht=283156 pf=0 pm=0 pt=0 ru=235400 rp=241852
18:47:15.451 @T t=390681 s=0.000 lv=-37.2 pk=-34.8 c0=9.3 c1=10.4 kw=9.90 inf=2.59 iv=1.27 n=3 d=0 sk=0 hf=96148 hm=89696 ht=283156 pf=0 pm=0 pt=0 ru=235400 rp=241852
18:47:15.451 @T t=390787 s=0.000 lv=-38.4 pk=-35.7 c0=3.5 c1=11.0 kw=10.54 inf=2.62 iv=1.11 n=4 d=0 sk=0 hf=96148 hm=89696 ht=283156 pf=0 pm=0 pt=0 ru=235400 rp=241852
18:47:15.451 @T t=390893 s=0.000 lv=-36.1 pk=-32.8 c0=4.8 c1=9.1 kw=8.88 inf=2.90 iv=1.28 n=3 d=0 sk=0 hf=96148 hm=89696 ht=283156 pf=0 pm=0 pt=0 ru=235400 rp=241852
18:47:15.451 @T t=390999 s=0.000 lv=-29.9 pk=-27.3 c0=3.5 c1=8.5 kw=8.35 inf=2.72 iv=1.12 n=3 d=0 sk=0 hf=96148 hm=89696 ht=283156 pf=0 pm=0 pt=0 ru=235400 rp=241852
18:47:15.451 @T t=391085 s=0.000 lv=-30.3 pk=-27.2 c0=4.3 c1=11.9 kw=11.67 inf=2.33 iv=1.13 n=4 d=0 sk=0 hf=96148 hm=89696 ht=283156 pf=0 pm=0 pt=0 ru=235400 rp=241852
18:47:15.451 @T t=391192 s=0.000 lv=-38.0 pk=-35.4 c0=7.4 c1=9.0 kw=8.38 inf=2.75 iv=1.15 n=3 d=0 sk=0 hf=96148 hm=89696 ht=283156 pf=0 pm=0 pt=0 ru=235400 rp=241852
18:47:15.451 @I ww=marvin cut=0.50 win=5 cool=1000 tick=100 wifi=1 srv=1 li=0 ln=0
18:47:15.451 @T t=391283 s=0.000 lv=-36.1 pk=-34.3 c0=4.7 c1=9.9 kw=9.68 inf=2.70 iv=1.13 n=3 d=0 sk=0 hf=96148 hm=89696 ht=283156 pf=0 pm=0 pt=0 ru=235400 rp=241852
18:47:15.451 @T t=391389 s=0.000 lv=-30.6 pk=-26.9 c0=3.5 c1=9.4 kw=9.22 inf=2.27 iv=1.09 n=4 d=0 sk=0 hf=96148 hm=89696 ht=283156 pf=0 pm=0 pt=0 ru=235400 rp=241852
18:47:15.451 [status] up 391s | mic -33.5 dBFS (peak -22.3) | score max 0.00 | detections 0 | inferences 334 (33.4/s; model 1.16 ms each, paused in quiet 0%; features 1.44 ms per 30 ms) | CPU core0  4.7% core1  9.7% (wake word pipeline 9.40% of one core) | RAM used 229 KB (peak 236 KB, 93 KB free) | wifi OK, server OK | audio lost since boot: i2s 0 net 0
18:47:15.451 @T t=391497 s=0.000 lv=-36.3 pk=-31.6 c0=24.3 c1=8.9 kw=8.73 inf=2.90 iv=1.26 n=3 d=0 sk=0 hf=96148 hm=89696 ht=283156 pf=0 pm=0 pt=0 ru=235400 rp=241852
18:47:15.451 @T t=391584 s=0.000 lv=-37.8 pk=-37.2 c0=4.2 c1=10.5 kw=10.26 inf=2.74 iv=1.15 n=3 d=0 sk=0 hf=96148 hm=89696 ht=283156 pf=0 pm=0 pt=0 ru=235400 rp=241852
18:47:15.451 @T t=391690 s=0.000 lv=-38.1 pk=-36.1 c0=3.9 c1=9.6 kw=9.37 inf=2.31 iv=1.11 n=4 d=0 sk=0 hf=96148 hm=89696 ht=283156 pf=0 pm=0 pt=0 ru=235400 rp=241852
18:47:17.940 @T t=391796 s=0.000 lv=-28.0 pk=-24.7 c0=3.5 c1=8.4 kw=8.25 inf=2.69 iv=1.11 n=3 d=0 sk=0 hf=96148 hm=89696 ht=283156 pf=0 pm=0 pt=0 ru=235400 rp=241852
18:47:17.940 @T t=391883 s=0.000 lv=-25.5 pk=-22.7 c0=4.3 c1=10.5 kw=10.30 inf=2.75 iv=1.15 n=3 d=0 sk=0 hf=96148 hm=89696 ht=283156 pf=0 pm=0 pt=0 ru=235400 rp=241852
18:47:17.940 @T t=391989 s=0.000 lv=-39.0 pk=-36.2 c0=3.4 c1=9.3 kw=9.16 inf=2.26 iv=1.08 n=4 d=0 sk=0 hf=96148 hm=89696 ht=283156 pf=0 pm=0 pt=0 ru=235400 rp=241852
18:47:17.940 @T t=392095 s=0.000 lv=-40.8 pk=-39.8 c0=3.5 c1=8.5 kw=8.30 inf=2.70 iv=1.12 n=3 d=0 sk=0 hf=96148 hm=89696 ht=283156 pf=0 pm=0 pt=0 ru=235400 rp=241852
18:47:17.940 @T t=392181 s=0.000 lv=-42.6 pk=-41.1 c0=4.2 c1=9.2 kw=9.30 inf=2.43 iv=1.15 n=3 d=0 sk=0 hf=96148 hm=89696 ht=283156 pf=0 pm=0 pt=0 ru=235400 rp=241852
18:47:17.940 @I ww=marvin cut=0.50 win=5 cool=1000 tick=100 wifi=1 srv=1 li=0 ln=0
18:47:17.940 @T t=392293 s=0.000 lv=-42.1 pk=-41.3 c0=4.3 c1=10.5 kw=10.10 inf=2.65 iv=1.16 n=4 d=0 sk=0 hf=96148 hm=89696 ht=283156 pf=0 pm=0 pt=0 ru=235400 rp=241852
18:47:17.940 @T t=392399 s=0.000 lv=-41.4 pk=-40.6 c0=3.6 c1=8.5 kw=8.32 inf=2.71 iv=1.13 n=3 d=0 sk=0 hf=96148 hm=89696 ht=283156 pf=0 pm=0 pt=0 ru=235400 rp=241852
18:47:17.940 @T t=392485 s=0.000 lv=-40.7 pk=-39.3 c0=4.3 c1=10.7 kw=10.48 inf=2.77 iv=1.17 n=3 d=0 sk=0 hf=96148 hm=89696 ht=283156 pf=0 pm=0 pt=0 ru=235400 rp=241852
18:47:17.940 @T t=392591 s=0.000 lv=-40.9 pk=-40.3 c0=6.7 c1=9.5 kw=9.31 inf=2.29 iv=1.10 n=4 d=0 sk=0 hf=96148 hm=89696 ht=283156 pf=0 pm=0 pt=0 ru=235400 rp=241852
18:47:17.940 @T t=392697 s=0.000 lv=-41.2 pk=-40.2 c0=5.5 c1=9.0 kw=8.83 inf=2.88 iv=1.26 n=3 d=0 sk=0 hf=94384 hm=89696 ht=283156 pf=0 pm=0 pt=0 ru=237164 rp=241852
18:47:17.940 @T t=392783 s=0.000 lv=-41.6 pk=-40.1 c0=6.9 c1=11.7 kw=11.03 inf=2.92 iv=1.31 n=3 d=0 sk=0 hf=96148 hm=89696 ht=283156 pf=0 pm=0 pt=0 ru=235400 rp=241852
18:47:17.940 @T t=392889 s=0.000 lv=-40.9 pk=-39.1 c0=4.2 c1=10.0 kw=9.81 inf=2.42 iv=1.20 n=4 d=0 sk=0 hf=96148 hm=89696 ht=283156 pf=0 pm=0 pt=0 ru=235400 rp=241852
18:47:17.940 @T t=392995 s=0.000 lv=-39.1 pk=-37.1 c0=3.5 c1=8.5 kw=8.32 inf=2.71 iv=1.13 n=3 d=0 sk=0 hf=96148 hm=89696 ht=283156 pf=0 pm=0 pt=0 ru=235400 rp=241852
18:47:17.940 @T t=393081 s=0.000 lv=-40.1 pk=-37.5 c0=4.3 c1=9.2 kw=9.25 inf=2.42 iv=1.14 n=3 d=0 sk=0 hf=96148 hm=89696 ht=283156 pf=0 pm=0 pt=0 ru=235400 rp=241852
18:47:17.940 @T t=393187 s=0.000 lv=-39.1 pk=-38.5 c0=3.4 c1=10.8 kw=10.43 inf=2.59 iv=1.09 n=4 d=0 sk=0 hf=96148 hm=89696 ht=283156 pf=0 pm=0 pt=0 ru=235400 rp=241852
18:47:17.940 @I ww=marvin cut=0.50 win=5 cool=1000 tick=100 wifi=1 srv=1 li=0 ln=0
18:47:17.940 @T t=393299 s=0.000 lv=-36.8 pk=-35.2 c0=4.0 c1=8.1 kw=7.90 inf=2.72 iv=1.13 n=3 d=0 sk=0 hf=96148 hm=89696 ht=283156 pf=0 pm=0 pt=0 ru=235400 rp=241852
18:47:17.940 @T t=393385 s=0.000 lv=-37.0 pk=-35.1 c0=4.8 c1=11.1 kw=10.84 inf=2.87 iv=1.23 n=3 d=0 sk=0 hf=96148 hm=89696 ht=283156 pf=0 pm=0 pt=0 ru=235400 rp=241852
18:47:17.940 @T t=393491 s=0.000 lv=-34.7 pk=-32.4 c0=6.2 c1=9.5 kw=9.34 inf=2.30 iv=1.10 n=4 d=0 sk=0 hf=96148 hm=89696 ht=283156 pf=0 pm=0 pt=0 ru=235400 rp=241852
18:47:17.940 @T t=393597 s=0.000 lv=-30.3 pk=-28.9 c0=3.5 c1=8.6 kw=8.42 inf=2.75 iv=1.14 n=3 d=0 sk=0 hf=96148 hm=89696 ht=283156 pf=0 pm=0 pt=0 ru=235400 rp=241852
18:47:17.940 @T t=393683 s=0.000 lv=-39.4 pk=-35.0 c0=4.2 c1=10.6 kw=10.40 inf=2.75 iv=1.16 n=3 d=0 sk=0 hf=96148 hm=89696 ht=283156 pf=0 pm=0 pt=0 ru=235400 rp=241852
18:47:17.940 @T t=393789 s=0.000 lv=-39.8 pk=-38.5 c0=3.9 c1=9.7 kw=9.53 inf=2.35 iv=1.14 n=4 d=0 sk=0 hf=96148 hm=89696 ht=283156 pf=0 pm=0 pt=0 ru=235400 rp=241852
18:47:17.940 @T t=393895 s=0.000 lv=-32.7 pk=-29.2 c0=3.6 c1=8.7 kw=8.49 inf=2.77 iv=1.16 n=3 d=0 sk=0 hf=96148 hm=89696 ht=283156 pf=0 pm=0 pt=0 ru=235400 rp=241852
18:47:17.940 @T t=393981 s=0.000 lv=-33.3 pk=-28.0 c0=4.2 c1=9.2 kw=9.30 inf=2.43 iv=1.14 n=3 d=0 sk=0 hf=96148 hm=89696 ht=283156 pf=0 pm=0 pt=0 ru=235400 rp=241852
18:47:17.940 @T t=394087 s=0.000 lv=-30.5 pk=-27.4 c0=6.7 c1=10.8 kw=10.43 inf=2.59 iv=1.10 n=4 d=0 sk=0 hf=96148 hm=89696 ht=283156 pf=0 pm=0 pt=0 ru=235400 rp=241852
18:47:17.940 @T t=394193 s=0.000 lv=-38.5 pk=-37.3 c0=3.4 c1=8.5 kw=8.33 inf=2.71 iv=1.13 n=3 d=0 sk=0 hf=96148 hm=89696 ht=283156 pf=0 pm=0 pt=0 ru=235400 rp=241852
18:47:17.940 @I ww=marvin cut=0.50 win=5 cool=1000 tick=100 wifi=1 srv=1 li=0 ln=0
18:47:20.547 @T t=394285 s=0.000 lv=-39.9 pk=-39.0 c0=4.8 c1=9.9 kw=9.72 inf=2.75 iv=1.15 n=3 d=0 sk=0 hf=96148 hm=89696 ht=283156 pf=0 pm=0 pt=0 ru=235400 rp=241852
18:47:20.547 @T t=394391 s=0.000 lv=-40.0 pk=-39.4 c0=3.5 c1=9.5 kw=9.37 inf=2.31 iv=1.11 n=4 d=0 sk=0 hf=96148 hm=89696 ht=283156 pf=0 pm=0 pt=0 ru=235400 rp=241852
18:47:20.547 @T t=394497 s=0.000 lv=-30.4 pk=-25.7 c0=3.9 c1=8.9 kw=8.74 inf=2.85 iv=1.23 n=3 d=0 sk=0 hf=96148 hm=89696 ht=283156 pf=0 pm=0 pt=0 ru=235400 rp=241852
18:47:20.547 @T t=394583 s=0.000 lv=-26.5 pk=-23.3 c0=8.4 c1=10.7 kw=10.51 inf=2.77 iv=1.17 n=3 d=0 sk=0 hf=96148 hm=89696 ht=283156 pf=0 pm=0 pt=0 ru=235400 rp=241852
18:47:20.547 @T t=394689 s=0.000 lv=-39.5 pk=-36.3 c0=3.4 c1=9.4 kw=9.25 inf=2.28 iv=1.09 n=4 d=0 sk=0 hf=96148 hm=89696 ht=283156 pf=0 pm=0 pt=0 ru=235400 rp=241852
18:47:20.547 @T t=394795 s=0.000 lv=-40.1 pk=-37.8 c0=7.6 c1=10.2 kw=9.60 inf=3.15 iv=1.48 n=3 d=0 sk=0 hf=96148 hm=89696 ht=283156 pf=0 pm=0 pt=0 ru=235400 rp=241852
18:47:20.547 @T t=394881 s=0.000 lv=-41.1 pk=-40.4 c0=5.9 c1=9.6 kw=9.64 inf=2.52 iv=1.23 n=3 d=0 sk=0 hf=96148 hm=89696 ht=283156 pf=0 pm=0 pt=0 ru=235400 rp=241852
18:47:20.547 @T t=394987 s=0.000 lv=-41.2 pk=-39.8 c0=3.4 c1=11.0 kw=10.59 inf=2.63 iv=1.13 n=4 d=0 sk=0 hf=96148 hm=89696 ht=283156 pf=0 pm=0 pt=0 ru=235400 rp=241852
18:47:20.547 @T t=395093 s=0.000 lv=-40.5 pk=-39.0 c0=3.5 c1=8.5 kw=8.37 inf=2.73 iv=1.14 n=3 d=0 sk=0 hf=96148 hm=89696 ht=283156 pf=0 pm=0 pt=0 ru=235400 rp=241852
18:47:20.547 @T t=395199 s=0.000 lv=-38.6 pk=-36.8 c0=3.4 c1=8.5 kw=8.31 inf=2.70 iv=1.12 n=3 d=0 sk=0 hf=96148 hm=89696 ht=283156 pf=0 pm=0 pt=0 ru=235400 rp=241852
18:47:20.547 @I ww=marvin cut=0.50 win=5 cool=1000 tick=100 wifi=1 srv=1 li=0 ln=0
18:47:20.547 @T t=395291 s=0.000 lv=-39.1 pk=-37.3 c0=5.0 c1=11.3 kw=11.03 inf=2.36 iv=1.15 n=4 d=0 sk=0 hf=96148 hm=89696 ht=283156 pf=0 pm=0 pt=0 ru=235400 rp=241852
18:47:20.547 @T t=395397 s=0.000 lv=-25.9 pk=-20.5 c0=3.6 c1=8.6 kw=8.42 inf=2.74 iv=1.15 n=3 d=0 sk=0 hf=96148 hm=89696 ht=283156 pf=0 pm=0 pt=0 ru=235400 rp=241852
18:47:20.547 @T t=395483 s=0.000 lv=-24.2 pk=-19.9 c0=4.2 c1=10.6 kw=10.39 inf=2.74 iv=1.16 n=3 d=0 sk=0 hf=96148 hm=89696 ht=283156 pf=0 pm=0 pt=0 ru=235400 rp=241852
18:47:20.547 @T t=395589 s=0.000 lv=-38.1 pk=-36.6 c0=3.5 c1=9.3 kw=9.16 inf=2.26 iv=1.08 n=4 d=0 sk=0 hf=96148 hm=89696 ht=283156 pf=0 pm=0 pt=0 ru=235400 rp=241852
18:47:20.547 @T t=395695 s=0.000 lv=-38.7 pk=-35.2 c0=3.8 c1=8.5 kw=8.28 inf=2.69 iv=1.13 n=3 d=0 sk=0 hf=96148 hm=89696 ht=283156 pf=0 pm=0 pt=0 ru=235400 rp=241852
18:47:20.547 @T t=395781 s=0.000 lv=-25.7 pk=-23.0 c0=4.7 c1=9.1 kw=9.25 inf=2.42 iv=1.13 n=3 d=0 sk=0 hf=96148 hm=89696 ht=283156 pf=0 pm=0 pt=0 ru=235400 rp=241852
18:47:20.547 @T t=395887 s=0.000 lv=-24.1 pk=-21.9 c0=3.6 c1=10.9 kw=10.50 inf=2.61 iv=1.11 n=4 d=0 sk=0 hf=96148 hm=89696 ht=283156 pf=0 pm=0 pt=0 ru=235400 rp=241852
18:47:20.547 @T t=395993 s=0.000 lv=-34.9 pk=-32.7 c0=3.4 c1=8.4 kw=8.23 inf=2.68 iv=1.11 n=3 d=0 sk=0 hf=96148 hm=89696 ht=283156 pf=0 pm=0 pt=0 ru=235400 rp=241852
18:47:20.547 @T t=396100 s=0.000 lv=-36.8 pk=-33.9 c0=3.6 c1=8.4 kw=8.20 inf=2.69 iv=1.12 n=3 d=0 sk=0 hf=96148 hm=89696 ht=283156 pf=0 pm=0 pt=0 ru=235400 rp=241852
18:47:20.547 @T t=396186 s=0.000 lv=-40.0 pk=-39.2 c0=7.3 c1=11.8 kw=11.54 inf=2.30 iv=1.10 n=4 d=0 sk=0 hf=96148 hm=89696 ht=283156 pf=0 pm=0 pt=0 ru=235400 rp=241852
18:47:20.547 @I ww=marvin cut=0.50 win=5 cool=1000 tick=100 wifi=1 srv=1 li=0 ln=0
18:47:20.547 @T t=396298 s=0.000 lv=-39.2 pk=-39.1 c0=3.9 c1=8.0 kw=7.79 inf=2.68 iv=1.11 n=3 d=0 sk=0 hf=96148 hm=89696 ht=283156 pf=0 pm=0 pt=0 ru=235400 rp=241852
18:47:20.547 @T t=396384 s=0.000 lv=-41.6 pk=-40.3 c0=4.4 c1=10.7 kw=10.44 inf=2.76 iv=1.16 n=3 d=0 sk=0 hf=96148 hm=89696 ht=283156 pf=0 pm=0 pt=0 ru=235400 rp=241852
18:47:20.547 @T t=396490 s=0.000 lv=-38.6 pk=-37.2 c0=3.5 c1=9.5 kw=9.28 inf=2.28 iv=1.09 n=4 d=0 sk=0 hf=96148 hm=89696 ht=283156 pf=0 pm=0 pt=0 ru=235400 rp=241852
18:47:20.547 @T t=396596 s=0.000 lv=-36.1 pk=-31.0 c0=3.4 c1=8.5 kw=8.33 inf=2.71 iv=1.12 n=3 d=0 sk=0 hf=96148 hm=89696 ht=283156 pf=0 pm=0 pt=0 ru=235400 rp=241852
18:47:20.547 @T t=396682 s=0.000 lv=-33.8 pk=-32.4 c0=4.2 c1=10.4 kw=10.39 inf=2.75 iv=1.15 n=3 d=0 sk=0 hf=96148 hm=89696 ht=283156 pf=0 pm=0 pt=0 ru=235400 rp=241852
18:47:20.547 @T t=396788 s=0.000 lv=-39.7 pk=-38.1 c0=5.8 c1=10.6 kw=10.13 inf=2.50 iv=1.27 n=4 d=0 sk=0 hf=94384 hm=89696 ht=283156 pf=0 pm=0 pt=0 ru=237164 rp=241852
18:47:23.035 @T t=396894 s=0.000 lv=-33.6 pk=-30.0 c0=5.7 c1=9.9 kw=8.91 inf=2.90 iv=1.25 n=3 d=0 sk=0 hf=96148 hm=89696 ht=283156 pf=0 pm=0 pt=0 ru=235400 rp=241852
18:47:23.035 @T t=397000 s=0.000 lv=-32.9 pk=-30.3 c0=3.5 c1=8.5 kw=8.38 inf=2.73 iv=1.14 n=3 d=0 sk=0 hf=96148 hm=89696 ht=283156 pf=0 pm=0 pt=0 ru=235400 rp=241852
18:47:23.035 @T t=397086 s=0.000 lv=-37.2 pk=-32.3 c0=4.4 c1=12.0 kw=11.74 inf=2.34 iv=1.13 n=4 d=0 sk=0 hf=96148 hm=89696 ht=283156 pf=0 pm=0 pt=0 ru=235400 rp=241852
18:47:23.035 @T t=397192 s=0.000 lv=-34.6 pk=-32.5 c0=3.4 c1=8.4 kw=8.26 inf=2.69 iv=1.11 n=3 d=0 sk=0 hf=96148 hm=89696 ht=283156 pf=0 pm=0 pt=0 ru=235400 rp=241852
18:47:23.035 @I ww=marvin cut=0.50 win=5 cool=1000 tick=100 wifi=1 srv=1 li=0 ln=0
18:47:23.035 @T t=397284 s=0.000 lv=-36.3 pk=-33.1 c0=4.8 c1=9.9 kw=9.65 inf=2.73 iv=1.13 n=3 d=0 sk=0 hf=96148 hm=89696 ht=283156 pf=0 pm=0 pt=0 ru=235400 rp=241852
18:47:23.036 @T t=397390 s=0.000 lv=-39.8 pk=-38.9 c0=3.5 c1=9.5 kw=9.32 inf=2.30 iv=1.10 n=4 d=0 sk=0 hf=96148 hm=89696 ht=283156 pf=0 pm=0 pt=0 ru=235400 rp=241852
18:47:23.036 @T t=397496 s=0.000 lv=-40.3 pk=-38.5 c0=3.5 c1=8.5 kw=8.33 inf=2.71 iv=1.13 n=3 d=0 sk=0 hf=96148 hm=89696 ht=283156 pf=0 pm=0 pt=0 ru=235400 rp=241852
18:47:23.036 @T t=397582 s=0.000 lv=-41.5 pk=-40.2 c0=4.3 c1=10.4 kw=10.41 inf=2.75 iv=1.16 n=3 d=0 sk=0 hf=96148 hm=89696 ht=283156 pf=0 pm=0 pt=0 ru=235400 rp=241852
18:47:23.036 @T t=397688 s=0.000 lv=-40.8 pk=-39.5 c0=3.4 c1=9.6 kw=9.24 inf=2.28 iv=1.09 n=4 d=0 sk=0 hf=96148 hm=89696 ht=283156 pf=0 pm=0 pt=0 ru=235400 rp=241852
18:47:23.036 @T t=397794 s=0.000 lv=-37.7 pk=-34.0 c0=3.4 c1=8.5 kw=8.35 inf=2.72 iv=1.13 n=3 d=0 sk=0 hf=96148 hm=89696 ht=283156 pf=0 pm=0 pt=0 ru=235400 rp=241852
18:47:23.036 @T t=397900 s=0.000 lv=-38.9 pk=-34.9 c0=4.5 c1=9.3 kw=9.03 inf=2.94 iv=1.29 n=3 d=0 sk=0 hf=96148 hm=89696 ht=283156 pf=0 pm=0 pt=0 ru=235400 rp=241852
18:47:23.036 @T t=397988 s=0.000 lv=-29.9 pk=-28.0 c0=4.0 c1=11.8 kw=11.55 inf=2.36 iv=1.13 n=4 d=0 sk=0 hf=96148 hm=89696 ht=283156 pf=0 pm=0 pt=0 ru=235400 rp=241852
18:47:23.036 @T t=398094 s=0.000 lv=-37.1 pk=-34.9 c0=3.5 c1=8.6 kw=8.39 inf=2.73 iv=1.14 n=3 d=0 sk=0 hf=96148 hm=89696 ht=283156 pf=0 pm=0 pt=0 ru=235400 rp=241852
18:47:23.036 @T t=398200 s=0.000 lv=-35.7 pk=-33.8 c0=3.4 c1=8.6 kw=8.38 inf=2.73 iv=1.13 n=3 d=0 sk=0 hf=96148 hm=89696 ht=283156 pf=0 pm=0 pt=0 ru=235400 rp=241852
18:47:23.036 @I ww=marvin cut=0.50 win=5 cool=1000 tick=100 wifi=1 srv=1 li=0 ln=0
18:47:23.036 @T t=398291 s=0.000 lv=-22.4 pk=-18.9 c0=13.1 c1=11.4 kw=11.20 inf=2.37 iv=1.14 n=4 d=0 sk=0 hf=96148 hm=89696 ht=283156 pf=0 pm=0 pt=0 ru=235400 rp=241852
18:47:23.036 @T t=398397 s=0.000 lv=-36.7 pk=-32.1 c0=3.6 c1=8.6 kw=8.41 inf=2.74 iv=1.15 n=3 d=0 sk=0 hf=96148 hm=89696 ht=283156 pf=0 pm=0 pt=0 ru=235400 rp=241852
18:47:23.036 @T t=398483 s=0.000 lv=-38.4 pk=-36.3 c0=8.2 c1=10.8 kw=10.53 inf=2.78 iv=1.18 n=3 d=0 sk=0 hf=96148 hm=89696 ht=283156 pf=0 pm=0 pt=0 ru=235400 rp=241852
18:47:23.036 @T t=398589 s=0.000 lv=-30.2 pk=-27.5 c0=3.5 c1=9.5 kw=9.28 inf=2.29 iv=1.10 n=4 d=0 sk=0 hf=96148 hm=89696 ht=283156 pf=0 pm=0 pt=0 ru=235400 rp=241852
18:47:23.036 @T t=398695 s=0.000 lv=-34.7 pk=-32.7 c0=3.4 c1=8.5 kw=8.30 inf=2.70 iv=1.13 n=3 d=0 sk=0 hf=96148 hm=89696 ht=283156 pf=0 pm=0 pt=0 ru=235400 rp=241852
18:47:23.036 @T t=398781 s=0.000 lv=-36.8 pk=-36.1 c0=4.2 c1=9.2 kw=9.25 inf=2.42 iv=1.14 n=3 d=0 sk=0 hf=96148 hm=89696 ht=283156 pf=0 pm=0 pt=0 ru=235400 rp=241852
18:47:23.036 @T t=398887 s=0.000 lv=-39.1 pk=-37.6 c0=7.7 c1=12.4 kw=11.58 inf=2.88 iv=1.34 n=4 d=0 sk=0 hf=96148 hm=89696 ht=283156 pf=0 pm=0 pt=0 ru=235400 rp=241852
18:47:23.036 @T t=398993 s=0.000 lv=-35.3 pk=-33.7 c0=3.9 c1=8.9 kw=8.72 inf=2.85 iv=1.22 n=3 d=0 sk=0 hf=96148 hm=89696 ht=283156 pf=0 pm=0 pt=0 ru=235400 rp=241852
18:47:23.036 @T t=399099 s=0.000 lv=-34.4 pk=-30.6 c0=4.0 c1=8.5 kw=8.38 inf=2.72 iv=1.11 n=3 d=0 sk=0 hf=96148 hm=89696 ht=283156 pf=0 pm=0 pt=0 ru=235400 rp=241852
18:47:23.036 @T t=399185 s=0.000 lv=-38.7 pk=-36.0 c0=4.3 c1=11.9 kw=11.64 inf=2.33 iv=1.14 n=4 d=0 sk=0 hf=96148 hm=89696 ht=283156 pf=0 pm=0 pt=0 ru=235400 rp=241852
18:47:23.036 @I ww=marvin cut=0.50 win=5 cool=1000 tick=100 wifi=1 srv=1 li=0 ln=0
18:47:23.036 @T t=399297 s=0.000 lv=-33.5 pk=-29.1 c0=11.3 c1=8.0 kw=7.87 inf=2.71 iv=1.13 n=3 d=0 sk=0 hf=96148 hm=89696 ht=283156 pf=0 pm=0 pt=0 ru=235400 rp=241852
18:47:25.348 @T t=399383 s=0.000 lv=-30.6 pk=-27.7 c0=4.4 c1=10.6 kw=10.40 inf=2.75 iv=1.15 n=3 d=0 sk=0 hf=96148 hm=89696 ht=283156 pf=0 pm=0 pt=0 ru=235400 rp=241852
18:47:25.348 @T t=399489 s=0.000 lv=-41.8 pk=-40.3 c0=3.5 c1=9.4 kw=9.24 inf=2.27 iv=1.10 n=4 d=0 sk=0 hf=96148 hm=89696 ht=283156 pf=0 pm=0 pt=0 ru=235400 rp=241852
18:47:25.348 @T t=399595 s=0.000 lv=-42.1 pk=-41.0 c0=3.5 c1=8.5 kw=8.36 inf=2.72 iv=1.14 n=3 d=0 sk=0 hf=96148 hm=89696 ht=283156 pf=0 pm=0 pt=0 ru=235400 rp=241852
18:47:25.348 @T t=399681 s=0.000 lv=-42.9 pk=-41.8 c0=4.2 c1=9.1 kw=9.19 inf=2.40 iv=1.12 n=3 d=0 sk=0 hf=96148 hm=89696 ht=283156 pf=0 pm=0 pt=0 ru=235400 rp=241852
18:47:25.348 @T t=399787 s=0.000 lv=-42.2 pk=-41.5 c0=3.4 c1=10.7 kw=10.28 inf=2.55 iv=1.07 n=4 d=0 sk=0 hf=96148 hm=89696 ht=283156 pf=0 pm=0 pt=0 ru=235400 rp=241852
18:47:25.348 @T t=399893 s=0.000 lv=-41.9 pk=-41.0 c0=4.1 c1=8.8 kw=8.61 inf=2.81 iv=1.19 n=3 d=0 sk=0 hf=96148 hm=89696 ht=283156 pf=0 pm=0 pt=0 ru=235400 rp=241852
18:47:25.348 @T t=399999 s=0.000 lv=-40.8 pk=-39.5 c0=3.4 c1=8.5 kw=8.29 inf=2.70 iv=1.12 n=3 d=0 sk=0 hf=96148 hm=89696 ht=283156 pf=0 pm=0 pt=0 ru=235400 rp=241852
18:47:25.348 @T t=400085 s=0.000 lv=-41.0 pk=-39.8 c0=4.2 c1=11.8 kw=11.57 inf=2.31 iv=1.12 n=4 d=0 sk=0 hf=96148 hm=89696 ht=283156 pf=0 pm=0 pt=0 ru=235400 rp=241852
18:47:25.348 @T t=400191 s=0.000 lv=-41.4 pk=-39.9 c0=3.7 c1=8.4 kw=8.23 inf=2.68 iv=1.11 n=3 d=0 sk=0 hf=96148 hm=89696 ht=283156 pf=0 pm=0 pt=0 ru=235400 rp=241852
18:47:25.348 @I ww=marvin cut=0.50 win=5 cool=1000 tick=100 wifi=1 srv=1 li=0 ln=0
18:47:25.348 @T t=400282 s=0.000 lv=-40.0 pk=-38.8 c0=12.9 c1=9.8 kw=9.79 inf=2.74 iv=1.15 n=3 d=0 sk=0 hf=96148 hm=89696 ht=283156 pf=0 pm=0 pt=0 ru=235400 rp=241852
18:47:25.348 @T t=400388 s=0.000 lv=-39.4 pk=-37.7 c0=3.5 c1=9.5 kw=9.20 inf=2.26 iv=1.08 n=4 d=0 sk=0 hf=96148 hm=89696 ht=283156 pf=0 pm=0 pt=0 ru=235400 rp=241852
18:47:25.348 @T t=400494 s=0.000 lv=-41.4 pk=-39.8 c0=4.0 c1=8.5 kw=8.30 inf=2.70 iv=1.12 n=3 d=0 sk=0 hf=96148 hm=89696 ht=283156 pf=0 pm=0 pt=0 ru=235400 rp=241852
18:47:25.348 @T t=400581 s=0.000 lv=-41.3 pk=-40.2 c0=4.3 c1=9.0 kw=9.06 inf=2.39 iv=1.12 n=3 d=0 sk=0 hf=96148 hm=89696 ht=283156 pf=0 pm=0 pt=0 ru=235400 rp=241852
18:47:25.348 @T t=400687 s=0.000 lv=-41.8 pk=-41.1 c0=6.6 c1=10.8 kw=10.36 inf=2.57 iv=1.09 n=4 d=0 sk=0 hf=96148 hm=89696 ht=283156 pf=0 pm=0 pt=0 ru=235400 rp=241852
18:47:25.348 @T t=400793 s=0.000 lv=-40.3 pk=-39.6 c0=3.4 c1=8.4 kw=8.28 inf=2.69 iv=1.11 n=3 d=0 sk=0 hf=96148 hm=89696 ht=283156 pf=0 pm=0 pt=0 ru=235400 rp=241852
18:47:25.348 @T t=400899 s=0.000 lv=-38.7 pk=-37.8 c0=5.8 c1=8.7 kw=8.51 inf=2.77 iv=1.14 n=3 d=0 sk=0 hf=94384 hm=89696 ht=283156 pf=0 pm=0 pt=0 ru=237164 rp=241852
18:47:25.348 @T t=400984 s=0.000 lv=-34.6 pk=-31.7 c0=6.6 c1=13.0 kw=12.34 inf=2.44 iv=1.22 n=4 d=0 sk=0 hf=96148 hm=89696 ht=283156 pf=0 pm=0 pt=0 ru=235400 rp=241852
18:47:25.348 @T t=401090 s=0.000 lv=-32.3 pk=-27.6 c0=4.2 c1=8.9 kw=8.68 inf=2.83 iv=1.22 n=3 d=0 sk=0 hf=95952 hm=89696 ht=283156 pf=0 pm=0 pt=0 ru=235596 rp=241852
18:47:25.348 @T t=401196 s=0.000 lv=-31.7 pk=-28.1 c0=3.9 c1=8.7 kw=8.52 inf=2.78 iv=1.18 n=3 d=0 sk=0 hf=96148 hm=89696 ht=283156 pf=0 pm=0 pt=0 ru=235400 rp=241852
18:47:25.348 @I ww=marvin cut=0.50 win=5 cool=1000 tick=100 wifi=1 srv=1 li=0 ln=0
18:47:25.348 @T t=401288 s=0.000 lv=-35.5 pk=-33.6 c0=5.5 c1=11.7 kw=11.46 inf=2.45 iv=1.22 n=4 d=0 sk=0 hf=96148 hm=89696 ht=283156 pf=0 pm=0 pt=0 ru=235400 rp=241852
18:47:25.348 @T t=401394 s=0.000 lv=-36.9 pk=-33.7 c0=6.3 c1=8.5 kw=8.33 inf=2.71 iv=1.13 n=3 d=0 sk=0 hf=96148 hm=89696 ht=283156 pf=0 pm=0 pt=0 ru=235400 rp=241852
18:47:25.348 [status] up 401s | mic -33.4 dBFS (peak -18.9) | score max 0.00 | detections 0 | inferences 333 (33.3/s; model 1.15 ms each, paused in quiet 0%; features 1.45 ms per 30 ms) | CPU core0  4.8% core1  9.6% (wake word pipeline 9.33% of one core) | RAM used 229 KB (peak 236 KB, 93 KB free) | wifi OK, server OK | audio lost since boot: i2s 0 net 0
18:47:25.348 @T t=401481 s=0.000 lv=-34.0 pk=-31.1 c0=33.2 c1=10.0 kw=10.01 inf=2.66 iv=1.31 n=3 d=0 sk=0 hf=96148 hm=89696 ht=283156 pf=0 pm=0 pt=0 ru=235400 rp=241852
18:47:25.348 @T t=401587 s=0.000 lv=-38.4 pk=-36.6 c0=6.7 c1=11.0 kw=10.56 inf=2.62 iv=1.14 n=4 d=0 sk=0 hf=96148 hm=89696 ht=283156 pf=0 pm=0 pt=0 ru=235400 rp=241852
18:47:27.938 @T t=401693 s=0.000 lv=-38.0 pk=-35.3 c0=3.4 c1=8.5 kw=8.32 inf=2.71 iv=1.13 n=3 d=0 sk=0 hf=96148 hm=89696 ht=283156 pf=0 pm=0 pt=0 ru=235400 rp=241852
18:47:27.938 @T t=401799 s=0.000 lv=-37.9 pk=-33.8 c0=3.4 c1=8.5 kw=8.36 inf=2.72 iv=1.13 n=3 d=0 sk=0 hf=96148 hm=89696 ht=283156 pf=0 pm=0 pt=0 ru=235400 rp=241852
18:47:27.938 @T t=401885 s=0.000 lv=-29.1 pk=-27.2 c0=4.6 c1=12.1 kw=11.84 inf=2.37 iv=1.15 n=4 d=0 sk=0 hf=96148 hm=89696 ht=283156 pf=0 pm=0 pt=0 ru=235400 rp=241852
18:47:27.938 @T t=401991 s=0.000 lv=-35.4 pk=-33.7 c0=3.9 c1=8.6 kw=8.43 inf=2.74 iv=1.14 n=3 d=0 sk=0 hf=96148 hm=89696 ht=283156 pf=0 pm=0 pt=0 ru=235400 rp=241852
18:47:27.938 @T t=402097 s=0.000 lv=-38.0 pk=-34.5 c0=3.5 c1=8.5 kw=8.35 inf=2.72 iv=1.13 n=3 d=0 sk=0 hf=96148 hm=89696 ht=283156 pf=0 pm=0 pt=0 ru=235400 rp=241852
18:47:27.938 @T t=402183 s=0.000 lv=-33.1 pk=-31.3 c0=4.3 c1=11.7 kw=11.59 inf=2.32 iv=1.12 n=4 d=0 sk=0 hf=96148 hm=89696 ht=283156 pf=0 pm=0 pt=0 ru=235400 rp=241852
18:47:27.938 @I ww=marvin cut=0.50 win=5 cool=1000 tick=100 wifi=1 srv=1 li=0 ln=0
18:47:27.938 @T t=402295 s=0.000 lv=-38.3 pk=-36.1 c0=4.0 c1=8.1 kw=7.85 inf=2.70 iv=1.13 n=3 d=0 sk=0 hf=96148 hm=89696 ht=283156 pf=0 pm=0 pt=0 ru=235400 rp=241852
18:47:27.938 @T t=402381 s=0.000 lv=-26.7 pk=-24.2 c0=4.7 c1=9.7 kw=9.73 inf=2.55 iv=1.25 n=3 d=0 sk=0 hf=96148 hm=89696 ht=283156 pf=0 pm=0 pt=0 ru=235400 rp=241852
18:47:27.938 @T t=402487 s=0.000 lv=-28.0 pk=-24.1 c0=3.5 c1=10.8 kw=10.43 inf=2.59 iv=1.10 n=4 d=0 sk=0 hf=96148 hm=89696 ht=283156 pf=0 pm=0 pt=0 ru=235400 rp=241852
18:47:27.938 @T t=402593 s=0.000 lv=-35.8 pk=-31.7 c0=3.5 c1=8.5 kw=8.35 inf=2.72 iv=1.14 n=3 d=0 sk=0 hf=96148 hm=89696 ht=283156 pf=0 pm=0 pt=0 ru=235400 rp=241852
18:47:27.938 @T t=402699 s=0.000 lv=-36.2 pk=-34.1 c0=3.4 c1=8.5 kw=8.34 inf=2.72 iv=1.14 n=3 d=0 sk=0 hf=96148 hm=89696 ht=283156 pf=0 pm=0 pt=0 ru=235400 rp=241852
18:47:27.938 @T t=402785 s=0.000 lv=-36.1 pk=-32.0 c0=8.1 c1=11.8 kw=11.60 inf=2.32 iv=1.12 n=4 d=0 sk=0 hf=96148 hm=89696 ht=283156 pf=0 pm=0 pt=0 ru=235400 rp=241852
18:47:27.938 @T t=402891 s=0.000 lv=-22.2 pk=-19.7 c0=3.6 c1=8.7 kw=8.52 inf=2.78 iv=1.17 n=3 d=0 sk=0 hf=96148 hm=89696 ht=283156 pf=0 pm=0 pt=0 ru=235400 rp=241852
18:47:27.938 @T t=402997 s=0.000 lv=-24.2 pk=-21.2 c0=7.5 c1=10.0 kw=9.36 inf=3.05 iv=1.40 n=3 d=0 sk=0 hf=96148 hm=89696 ht=283156 pf=0 pm=0 pt=0 ru=235400 rp=241852
18:47:27.938 @T t=403084 s=0.000 lv=-36.4 pk=-32.3 c0=5.1 c1=12.2 kw=11.98 inf=2.42 iv=1.21 n=4 d=0 sk=0 hf=96148 hm=89696 ht=283156 pf=0 pm=0 pt=0 ru=235400 rp=241852
18:47:27.938 @T t=403190 s=0.000 lv=-41.9 pk=-40.3 c0=3.5 c1=8.4 kw=8.29 inf=2.70 iv=1.13 n=3 d=0 sk=0 hf=96148 hm=89696 ht=283156 pf=0 pm=0 pt=0 ru=235400 rp=241852
18:47:27.938 @I ww=marvin cut=0.50 win=5 cool=1000 tick=100 wifi=1 srv=1 li=0 ln=0
18:47:27.938 @T t=403282 s=0.000 lv=-41.0 pk=-40.2 c0=4.8 c1=9.6 kw=9.60 inf=2.71 iv=1.12 n=3 d=0 sk=0 hf=96148 hm=89696 ht=283156 pf=0 pm=0 pt=0 ru=235400 rp=241852
18:47:27.938 @T t=403388 s=0.000 lv=-42.0 pk=-40.9 c0=3.4 c1=9.7 kw=9.31 inf=2.29 iv=1.11 n=4 d=0 sk=0 hf=96148 hm=89696 ht=283156 pf=0 pm=0 pt=0 ru=235400 rp=241852
18:47:27.938 @T t=403494 s=0.000 lv=-38.9 pk=-34.4 c0=3.9 c1=8.9 kw=8.66 inf=2.83 iv=1.22 n=3 d=0 sk=0 hf=96148 hm=89696 ht=283156 pf=0 pm=0 pt=0 ru=235400 rp=241852
18:47:27.938 @T t=403600 s=0.000 lv=-37.3 pk=-33.7 c0=3.5 c1=8.5 kw=8.33 inf=2.71 iv=1.12 n=3 d=0 sk=0 hf=96148 hm=89696 ht=283156 pf=0 pm=0 pt=0 ru=235400 rp=241852
18:47:27.938 @T t=403689 s=0.000 lv=-39.6 pk=-36.4 c0=3.9 c1=11.5 kw=11.27 inf=2.32 iv=1.12 n=4 d=0 sk=0 hf=96148 hm=89696 ht=283156 pf=0 pm=0 pt=0 ru=235400 rp=241852
18:47:27.938 @T t=403795 s=0.000 lv=-23.6 pk=-20.7 c0=3.4 c1=8.5 kw=8.32 inf=2.71 iv=1.12 n=3 d=0 sk=0 hf=96148 hm=89696 ht=283156 pf=0 pm=0 pt=0 ru=235400 rp=241852
18:47:27.938 @T t=403881 s=0.000 lv=-33.1 pk=-28.0 c0=4.4 c1=9.2 kw=9.25 inf=2.42 iv=1.14 n=3 d=0 sk=0 hf=96148 hm=89696 ht=283156 pf=0 pm=0 pt=0 ru=235400 rp=241852
18:47:27.938 @T t=403987 s=0.000 lv=-34.8 pk=-31.0 c0=3.9 c1=11.0 kw=10.57 inf=2.62 iv=1.13 n=4 d=0 sk=0 hf=96148 hm=89696 ht=283156 pf=0 pm=0 pt=0 ru=235400 rp=241852
18:47:27.938 @T t=404093 s=0.000 lv=-35.6 pk=-33.8 c0=3.5 c1=8.5 kw=8.32 inf=2.71 iv=1.13 n=3 d=0 sk=0 hf=96148 hm=89696 ht=283156 pf=0 pm=0 pt=0 ru=235400 rp=241852
18:47:27.938 @T t=404199 s=0.000 lv=-37.6 pk=-35.4 c0=3.4 c1=8.5 kw=8.30 inf=2.70 iv=1.12 n=3 d=0 sk=0 hf=96148 hm=89696 ht=283156 pf=0 pm=0 pt=0 ru=235400 rp=241852
18:47:27.938 @I ww=marvin cut=0.50 win=5 cool=1000 tick=100 wifi=1 srv=1 li=0 ln=0
18:47:30.448 @T t=404291 s=0.000 lv=-32.8 pk=-27.2 c0=5.0 c1=11.1 kw=10.91 inf=2.33 iv=1.13 n=4 d=0 sk=0 hf=96148 hm=89696 ht=283156 pf=0 pm=0 pt=0 ru=235400 rp=241852
18:47:30.448 @T t=404397 s=0.000 lv=-31.2 pk=-26.2 c0=3.6 c1=8.5 kw=8.28 inf=2.69 iv=1.12 n=3 d=0 sk=0 hf=96148 hm=89696 ht=283156 pf=0 pm=0 pt=0 ru=235400 rp=241852
18:47:30.448 @T t=404486 s=0.000 lv=-33.8 pk=-31.6 c0=3.7 c1=10.1 kw=9.94 inf=2.71 iv=1.14 n=3 d=0 sk=0 hf=96148 hm=89696 ht=283156 pf=0 pm=0 pt=0 ru=235400 rp=241852
18:47:30.448 @T t=404592 s=0.000 lv=-31.5 pk=-26.8 c0=3.4 c1=9.3 kw=9.15 inf=2.25 iv=1.07 n=4 d=0 sk=0 hf=96148 hm=89696 ht=283156 pf=0 pm=0 pt=0 ru=235400 rp=241852
18:47:30.448 @T t=404698 s=0.000 lv=-31.1 pk=-27.0 c0=4.0 c1=8.6 kw=8.36 inf=2.72 iv=1.13 n=3 d=0 sk=0 hf=96148 hm=89696 ht=283156 pf=0 pm=0 pt=0 ru=235400 rp=241852
18:47:30.448 @T t=404784 s=0.000 lv=-39.1 pk=-35.9 c0=4.3 c1=10.5 kw=10.33 inf=2.73 iv=1.15 n=3 d=0 sk=0 hf=96148 hm=89696 ht=283156 pf=0 pm=0 pt=0 ru=235400 rp=241852
18:47:30.448 @T t=404890 s=0.000 lv=-34.7 pk=-31.5 c0=3.6 c1=9.5 kw=9.31 inf=2.29 iv=1.10 n=4 d=0 sk=0 hf=96148 hm=89696 ht=283156 pf=0 pm=0 pt=0 ru=235400 rp=241852
18:47:30.448 @T t=404996 s=0.000 lv=-37.3 pk=-35.8 c0=5.7 c1=9.0 kw=8.82 inf=2.88 iv=1.26 n=3 d=0 sk=0 hf=94384 hm=89696 ht=283156 pf=0 pm=0 pt=0 ru=237164 rp=241852
18:47:30.448 @T t=405082 s=0.000 lv=-37.2 pk=-34.8 c0=4.8 c1=10.5 kw=10.54 inf=2.79 iv=1.19 n=3 d=0 sk=0 hf=94588 hm=89696 ht=283156 pf=0 pm=0 pt=0 ru=236960 rp=241852
18:47:30.448 @T t=405188 s=0.000 lv=-32.9 pk=-31.5 c0=6.6 c1=9.6 kw=9.26 inf=2.28 iv=1.09 n=4 d=0 sk=0 hf=94588 hm=89696 ht=283156 pf=0 pm=0 pt=0 ru=236960 rp=241852
18:47:30.448 @I ww=marvin cut=0.50 win=5 cool=1000 tick=100 wifi=1 srv=1 li=0 ln=0
18:47:30.448 @T t=405300 s=0.000 lv=-34.1 pk=-32.1 c0=3.9 c1=8.0 kw=7.82 inf=2.69 iv=1.11 n=3 d=0 sk=0 hf=94588 hm=89696 ht=283156 pf=0 pm=0 pt=0 ru=236960 rp=241852
18:47:30.448 @T t=405386 s=0.000 lv=-35.0 pk=-32.5 c0=8.3 c1=10.8 kw=10.53 inf=2.77 iv=1.16 n=3 d=0 sk=0 hf=94588 hm=89696 ht=283156 pf=0 pm=0 pt=0 ru=236960 rp=241852
18:47:30.448 @T t=405492 s=0.000 lv=-27.1 pk=-21.8 c0=3.5 c1=9.4 kw=9.25 inf=2.28 iv=1.10 n=4 d=0 sk=0 hf=94588 hm=89696 ht=283156 pf=0 pm=0 pt=0 ru=236960 rp=241852
18:47:30.448 @T t=405598 s=0.000 lv=-22.6 pk=-19.9 c0=3.4 c1=8.5 kw=8.32 inf=2.71 iv=1.12 n=3 d=0 sk=0 hf=94588 hm=89696 ht=283156 pf=0 pm=0 pt=0 ru=236960 rp=241852
18:47:30.448 @T t=405684 s=0.000 lv=-36.3 pk=-34.0 c0=4.2 c1=10.6 kw=10.35 inf=2.73 iv=1.15 n=3 d=0 sk=0 hf=94588 hm=89696 ht=283156 pf=0 pm=0 pt=0 ru=236960 rp=241852
18:47:30.448 @T t=405790 s=0.000 lv=-38.6 pk=-36.5 c0=3.8 c1=9.8 kw=9.59 inf=2.36 iv=1.16 n=4 d=0 sk=0 hf=94588 hm=89696 ht=283156 pf=0 pm=0 pt=0 ru=236960 rp=241852
18:47:30.448 @T t=405896 s=0.000 lv=-38.0 pk=-36.7 c0=3.7 c1=8.6 kw=8.45 inf=2.75 iv=1.17 n=3 d=0 sk=0 hf=94588 hm=89696 ht=283156 pf=0 pm=0 pt=0 ru=236960 rp=241852
18:47:30.448 @T t=405982 s=0.000 lv=-37.3 pk=-35.0 c0=4.9 c1=10.4 kw=10.42 inf=2.75 iv=1.16 n=3 d=0 sk=0 hf=94588 hm=89696 ht=283156 pf=0 pm=0 pt=0 ru=236960 rp=241852
18:47:30.448 @T t=406088 s=0.000 lv=-38.0 pk=-36.5 c0=3.5 c1=9.7 kw=9.31 inf=2.29 iv=1.11 n=4 d=0 sk=0 hf=94588 hm=89696 ht=283156 pf=0 pm=0 pt=0 ru=236960 rp=241852
18:47:30.448 @T t=406194 s=0.000 lv=-39.1 pk=-36.8 c0=3.8 c1=8.9 kw=8.67 inf=2.83 iv=1.22 n=3 d=0 sk=0 hf=94588 hm=89696 ht=283156 pf=0 pm=0 pt=0 ru=236960 rp=241852
18:47:30.448 @I ww=marvin cut=0.50 win=5 cool=1000 tick=100 wifi=1 srv=1 li=0 ln=0
18:47:30.448 @T t=406286 s=0.000 lv=-35.5 pk=-33.3 c0=4.9 c1=10.0 kw=9.75 inf=2.76 iv=1.15 n=3 d=0 sk=0 hf=94588 hm=89696 ht=283156 pf=0 pm=0 pt=0 ru=236960 rp=241852
18:47:30.448 @T t=406392 s=0.000 lv=-40.4 pk=-38.4 c0=4.7 c1=9.8 kw=9.61 inf=2.37 iv=1.17 n=4 d=0 sk=0 hf=94588 hm=89696 ht=283156 pf=0 pm=0 pt=0 ru=236960 rp=241852
18:47:30.448 @T t=406498 s=0.000 lv=-41.3 pk=-40.2 c0=3.5 c1=8.5 kw=8.31 inf=2.70 iv=1.13 n=3 d=0 sk=0 hf=94588 hm=89696 ht=283156 pf=0 pm=0 pt=0 ru=236960 rp=241852
18:47:30.448 @T t=406584 s=0.000 lv=-42.4 pk=-41.8 c0=4.4 c1=10.7 kw=10.48 inf=2.77 iv=1.17 n=3 d=0 sk=0 hf=94588 hm=89696 ht=283156 pf=0 pm=0 pt=0 ru=236960 rp=241852
18:47:30.449 @T t=406690 s=0.000 lv=-41.1 pk=-39.3 c0=3.8 c1=9.8 kw=9.58 inf=2.36 iv=1.16 n=4 d=0 sk=0 hf=94588 hm=89696 ht=283156 pf=0 pm=0 pt=0 ru=236960 rp=241852
18:47:32.946 @T t=406796 s=0.000 lv=-41.0 pk=-39.2 c0=3.4 c1=8.5 kw=8.31 inf=2.71 iv=1.13 n=3 d=0 sk=0 hf=94588 hm=89696 ht=283156 pf=0 pm=0 pt=0 ru=236960 rp=241852
18:47:32.946 @T t=406882 s=0.000 lv=-40.3 pk=-38.3 c0=4.5 c1=10.5 kw=10.50 inf=2.77 iv=1.18 n=3 d=0 sk=0 hf=94588 hm=89696 ht=283156 pf=0 pm=0 pt=0 ru=236960 rp=241852
18:47:32.946 @T t=406988 s=0.000 lv=-38.3 pk=-36.6 c0=5.3 c1=10.2 kw=9.80 inf=2.42 iv=1.21 n=4 d=0 sk=0 hf=93040 hm=89696 ht=283156 pf=0 pm=0 pt=0 ru=238508 rp=241852
18:47:32.946 @T t=407094 s=0.000 lv=-39.8 pk=-38.6 c0=3.5 c1=8.5 kw=8.39 inf=2.74 iv=1.15 n=3 d=0 sk=0 hf=93040 hm=89696 ht=283156 pf=0 pm=0 pt=0 ru=238508 rp=241852
18:47:32.946 @T t=407200 s=0.000 lv=-39.4 pk=-38.0 c0=3.9 c1=8.9 kw=8.51 inf=2.77 iv=1.14 n=3 d=0 sk=0 hf=93040 hm=89696 ht=283156 pf=0 pm=0 pt=0 ru=238508 rp=241852
18:47:32.946 @I ww=marvin cut=0.50 win=5 cool=1000 tick=100 wifi=1 srv=1 li=0 ln=0
18:47:32.946 @T t=407294 s=0.000 lv=-41.1 pk=-40.6 c0=4.7 c1=11.1 kw=10.92 inf=2.39 iv=1.18 n=4 d=0 sk=0 hf=93040 hm=89696 ht=283156 pf=0 pm=0 pt=0 ru=238508 rp=241852
18:47:32.946 @T t=407400 s=0.000 lv=-39.2 pk=-38.4 c0=3.6 c1=8.6 kw=8.43 inf=2.75 iv=1.15 n=3 d=0 sk=0 hf=93040 hm=89696 ht=283156 pf=0 pm=0 pt=0 ru=238508 rp=241852
18:47:32.946 @T t=407489 s=0.000 lv=-21.8 pk=-18.8 c0=4.0 c1=10.4 kw=10.22 inf=2.79 iv=1.15 n=3 d=0 sk=0 hf=93040 hm=89696 ht=283156 pf=0 pm=0 pt=0 ru=238508 rp=241852
18:47:32.946 @T t=407595 s=0.000 lv=-25.3 pk=-21.1 c0=3.5 c1=9.5 kw=9.31 inf=2.29 iv=1.10 n=4 d=0 sk=0 hf=93040 hm=89696 ht=283156 pf=0 pm=0 pt=0 ru=238508 rp=241852
18:47:32.947 @T t=407681 s=0.000 lv=-29.3 pk=-27.0 c0=4.2 c1=7.9 kw=7.97 inf=3.08 iv=1.18 n=2 d=0 sk=0 hf=93040 hm=89696 ht=283156 pf=0 pm=0 pt=0 ru=238508 rp=241852
18:47:32.947 @T t=407790 s=0.000 lv=-36.0 pk=-35.0 c0=3.3 c1=10.7 kw=10.30 inf=2.63 iv=1.20 n=4 d=0 sk=0 hf=93040 hm=89696 ht=283156 pf=0 pm=0 pt=0 ru=238508 rp=241852
18:47:32.947 @T t=407896 s=0.000 lv=-39.0 pk=-36.2 c0=3.6 c1=9.6 kw=9.39 inf=2.31 iv=1.13 n=4 d=0 sk=0 hf=93040 hm=89696 ht=283156 pf=0 pm=0 pt=0 ru=238508 rp=241852
18:47:32.947 @T t=407982 s=0.000 lv=-35.8 pk=-32.9 c0=4.8 c1=9.1 kw=7.97 inf=3.08 iv=1.18 n=2 d=0 sk=0 hf=93040 hm=89696 ht=283156 pf=0 pm=0 pt=0 ru=238508 rp=241852
18:47:32.947 @T t=408088 s=0.000 lv=-34.7 pk=-31.2 c0=3.6 c1=10.1 kw=10.59 inf=2.63 iv=1.13 n=4 d=0 sk=0 hf=93040 hm=89696 ht=283156 pf=0 pm=0 pt=0 ru=238508 rp=241852
18:47:32.947 @T t=408194 s=0.000 lv=-34.0 pk=-32.6 c0=3.4 c1=9.4 kw=9.24 inf=2.28 iv=1.09 n=4 d=0 sk=0 hf=93040 hm=89696 ht=283156 pf=0 pm=0 pt=0 ru=238508 rp=241852
18:47:32.947 @I ww=marvin cut=0.50 win=5 cool=1000 tick=100 wifi=1 srv=1 li=0 ln=0
18:47:32.947 @T t=408286 s=0.000 lv=-37.7 pk=-34.3 c0=4.8 c1=9.7 kw=9.52 inf=2.69 iv=1.10 n=3 d=0 sk=0 hf=93040 hm=89696 ht=283156 pf=0 pm=0 pt=0 ru=238508 rp=241852
18:47:32.947 @T t=408392 s=0.000 lv=-35.8 pk=-34.4 c0=3.8 c1=8.5 kw=8.32 inf=2.71 iv=1.13 n=3 d=0 sk=0 hf=93040 hm=89696 ht=283156 pf=0 pm=0 pt=0 ru=238508 rp=241852
18:47:32.947 @T t=408498 s=0.000 lv=-37.3 pk=-34.6 c0=3.5 c1=9.4 kw=9.25 inf=2.28 iv=1.10 n=4 d=0 sk=0 hf=93040 hm=89696 ht=283156 pf=0 pm=0 pt=0 ru=238508 rp=241852
18:47:32.947 @T t=408584 s=0.000 lv=-34.8 pk=-32.0 c0=4.1 c1=10.6 kw=10.36 inf=2.74 iv=1.14 n=3 d=0 sk=0 hf=93040 hm=89696 ht=283156 pf=0 pm=0 pt=0 ru=238508 rp=241852
18:47:32.947 @T t=408690 s=0.000 lv=-31.8 pk=-27.4 c0=3.9 c1=8.6 kw=8.41 inf=2.74 iv=1.16 n=3 d=0 sk=0 hf=93040 hm=89696 ht=283156 pf=0 pm=0 pt=0 ru=238508 rp=241852
18:47:32.947 @T t=408796 s=0.000 lv=-34.0 pk=-28.3 c0=3.5 c1=9.3 kw=9.17 inf=2.26 iv=1.08 n=4 d=0 sk=0 hf=93040 hm=89696 ht=283156 pf=0 pm=0 pt=0 ru=238508 rp=241852
18:47:32.947 @T t=408882 s=0.000 lv=-38.5 pk=-36.3 c0=4.3 c1=9.1 kw=8.02 inf=3.10 iv=1.20 n=2 d=0 sk=0 hf=93040 hm=89696 ht=283156 pf=0 pm=0 pt=0 ru=238508 rp=241852
18:47:32.947 @T t=408989 s=0.000 lv=-39.7 pk=-39.1 c0=8.6 c1=9.9 kw=10.36 inf=2.59 iv=1.09 n=4 d=0 sk=0 hf=91276 hm=89696 ht=283156 pf=0 pm=0 pt=0 ru=240272 rp=241852
18:47:32.947 @T t=409096 s=0.000 lv=-35.9 pk=-34.1 c0=4.0 c1=9.6 kw=9.26 inf=2.30 iv=1.11 n=4 d=0 sk=0 hf=91480 hm=89696 ht=283156 pf=0 pm=0 pt=0 ru=240068 rp=241852
18:47:32.947 @T t=409182 s=0.000 lv=-38.7 pk=-37.4 c0=4.2 c1=9.1 kw=8.01 inf=3.10 iv=1.18 n=2 d=0 sk=0 hf=91480 hm=89696 ht=283156 pf=0 pm=0 pt=0 ru=240068 rp=241852
18:47:32.947 @I ww=marvin cut=0.50 win=5 cool=1000 tick=100 wifi=1 srv=1 li=0 ln=0
18:47:35.245 @T t=409294 s=0.000 lv=-22.8 pk=-20.7 c0=4.0 c1=9.3 kw=9.76 inf=2.56 iv=1.09 n=4 d=0 sk=0 hf=91480 hm=89696 ht=283156 pf=0 pm=0 pt=0 ru=240068 rp=241852
18:47:35.246 @T t=409400 s=0.000 lv=-31.0 pk=-26.1 c0=8.2 c1=11.1 kw=9.98 inf=2.46 iv=1.25 n=4 d=0 sk=0 hf=96148 hm=89696 ht=283156 pf=0 pm=0 pt=0 ru=235400 rp=241852
18:47:35.246 @T t=409489 s=0.000 lv=-35.8 pk=-33.6 c0=4.4 c1=10.7 kw=10.42 inf=2.85 iv=1.20 n=3 d=0 sk=0 hf=96148 hm=89696 ht=283156 pf=0 pm=0 pt=0 ru=235400 rp=241852
18:47:35.246 @T t=409595 s=0.000 lv=-37.9 pk=-34.0 c0=4.3 c1=8.8 kw=8.60 inf=2.80 iv=1.20 n=3 d=0 sk=0 hf=95952 hm=89696 ht=283156 pf=0 pm=0 pt=0 ru=235596 rp=241852
18:47:35.246 @T t=409681 s=0.000 lv=-34.4 pk=-31.6 c0=5.0 c1=9.9 kw=9.94 inf=2.61 iv=1.30 n=3 d=0 sk=0 hf=96148 hm=89696 ht=283156 pf=0 pm=0 pt=0 ru=235400 rp=241852
18:47:35.246 @T t=409789 s=0.000 lv=-36.4 pk=-32.4 c0=3.3 c1=11.2 kw=10.75 inf=2.73 iv=1.23 n=4 d=0 sk=0 hf=96148 hm=89696 ht=283156 pf=0 pm=0 pt=0 ru=235400 rp=241852
18:47:35.246 I (410201) wifi:[ADDBA]RX DELBA, reason:37, delete tid:0, initiator:1(originator)
18:47:35.246 @T t=409895 s=0.000 lv=-24.0 pk=-21.6 c0=5.4 c1=9.1 kw=8.93 inf=2.91 iv=1.29 n=3 d=0 sk=0 hf=96148 hm=89696 ht=283156 pf=0 pm=0 pt=0 ru=235400 rp=241852
18:47:35.246 @T t=409981 s=0.000 lv=-29.2 pk=-25.4 c0=8.2 c1=9.3 kw=9.37 inf=2.45 iv=1.16 n=3 d=0 sk=0 hf=96148 hm=89696 ht=283156 pf=0 pm=0 pt=0 ru=235400 rp=241852
18:47:35.246 @T t=410090 s=0.000 lv=-35.5 pk=-32.9 c0=3.3 c1=10.7 kw=10.32 inf=2.64 iv=1.16 n=4 d=0 sk=0 hf=96148 hm=89696 ht=283156 pf=0 pm=0 pt=0 ru=235400 rp=241852
18:47:35.246 @T t=410196 s=0.000 lv=-35.2 pk=-33.0 c0=3.4 c1=8.5 kw=8.30 inf=2.70 iv=1.13 n=3 d=0 sk=0 hf=96148 hm=89696 ht=283156 pf=0 pm=0 pt=0 ru=235400 rp=241852
18:47:35.246 @I ww=marvin cut=0.50 win=5 cool=1000 tick=100 wifi=1 srv=1 li=0 ln=0
18:47:35.246 @T t=410288 s=0.000 lv=-37.6 pk=-36.6 c0=5.0 c1=11.2 kw=11.00 inf=2.35 iv=1.15 n=4 d=0 sk=0 hf=96148 hm=89696 ht=283156 pf=0 pm=0 pt=0 ru=235400 rp=241852
18:47:35.246 @T t=410394 s=0.000 lv=-37.8 pk=-36.7 c0=4.1 c1=8.8 kw=8.58 inf=2.80 iv=1.20 n=3 d=0 sk=0 hf=96148 hm=89696 ht=283156 pf=0 pm=0 pt=0 ru=235400 rp=241852
18:47:35.246 @T t=410500 s=0.000 lv=-37.2 pk=-34.6 c0=3.4 c1=8.5 kw=8.35 inf=2.72 iv=1.14 n=3 d=0 sk=0 hf=96148 hm=89696 ht=283156 pf=0 pm=0 pt=0 ru=235400 rp=241852
18:47:35.246 @T t=410586 s=0.000 lv=-40.8 pk=-39.4 c0=4.8 c1=12.4 kw=12.18 inf=2.43 iv=1.19 n=4 d=0 sk=0 hf=96148 hm=89696 ht=283156 pf=0 pm=0 pt=0 ru=235400 rp=241852
18:47:35.246 @T t=410692 s=0.000 lv=-35.0 pk=-32.7 c0=3.4 c1=8.5 kw=8.33 inf=2.71 iv=1.14 n=3 d=0 sk=0 hf=96148 hm=89696 ht=283156 pf=0 pm=0 pt=0 ru=235400 rp=241852
18:47:35.246 @T t=410798 s=0.000 lv=-31.9 pk=-28.9 c0=3.4 c1=8.5 kw=8.33 inf=2.71 iv=1.13 n=3 d=0 sk=0 hf=96148 hm=89696 ht=283156 pf=0 pm=0 pt=0 ru=235400 rp=241852
18:47:35.246 @T t=410884 s=0.000 lv=-32.1 pk=-31.3 c0=4.5 c1=12.0 kw=11.78 inf=2.36 iv=1.14 n=4 d=0 sk=0 hf=96148 hm=89696 ht=283156 pf=0 pm=0 pt=0 ru=235400 rp=241852
18:47:35.246 @T t=410990 s=0.000 lv=-36.4 pk=-33.6 c0=3.4 c1=8.5 kw=8.31 inf=2.71 iv=1.13 n=3 d=0 sk=0 hf=96148 hm=89696 ht=283156 pf=0 pm=0 pt=0 ru=235400 rp=241852
18:47:35.246 @T t=411096 s=0.000 lv=-33.4 pk=-30.2 c0=3.4 c1=8.5 kw=8.33 inf=2.71 iv=1.13 n=3 d=0 sk=0 hf=96148 hm=89696 ht=283156 pf=0 pm=0 pt=0 ru=235400 rp=241852
18:47:35.246 @T t=411182 s=0.000 lv=-27.3 pk=-24.7 c0=4.3 c1=10.5 kw=9.38 inf=2.45 iv=1.17 n=3 d=0 sk=0 hf=96148 hm=89696 ht=283156 pf=0 pm=0 pt=0 ru=235400 rp=241852
18:47:35.246 @I ww=marvin cut=0.50 win=5 cool=1000 tick=100 wifi=1 srv=1 li=0 ln=0
18:47:35.246 @T t=411293 s=0.000 lv=-21.6 pk=-18.5 c0=4.0 c1=9.5 kw=9.96 inf=2.59 iv=1.17 n=4 d=0 sk=0 hf=96148 hm=89696 ht=283156 pf=0 pm=0 pt=0 ru=235400 rp=241852
18:47:35.246 @T t=411399 s=0.000 lv=-35.7 pk=-33.3 c0=7.4 c1=9.9 kw=9.34 inf=3.05 iv=1.40 n=3 d=0 sk=0 hf=96148 hm=89696 ht=283156 pf=0 pm=0 pt=0 ru=235400 rp=241852
18:47:35.246 [status] up 411s | mic -31.0 dBFS (peak -18.5) | score max 0.00 | detections 0 | inferences 333 (33.3/s; model 1.15 ms each, paused in quiet 0%; features 1.44 ms per 30 ms) | CPU core0  4.6% core1  9.6% (wake word pipeline 9.35% of one core) | RAM used 229 KB (peak 236 KB, 93 KB free) | wifi OK, server OK | audio lost since boot: i2s 0 net 0
18:47:35.246 @T t=411487 s=0.000 lv=-24.6 pk=-21.6 c0=9.6 c1=12.3 kw=11.99 inf=2.45 iv=1.21 n=4 d=0 sk=0 hf=96148 hm=89696 ht=283156 pf=0 pm=0 pt=0 ru=235400 rp=241852
18:47:37.831 @T t=411593 s=0.000 lv=-38.3 pk=-34.4 c0=4.0 c1=8.9 kw=8.66 inf=2.82 iv=1.23 n=3 d=0 sk=0 hf=96148 hm=89696 ht=283156 pf=0 pm=0 pt=0 ru=235400 rp=241852
18:47:37.831 @T t=411699 s=0.000 lv=-30.4 pk=-24.9 c0=3.8 c1=8.6 kw=8.45 inf=2.75 iv=1.14 n=3 d=0 sk=0 hf=96148 hm=89696 ht=283156 pf=0 pm=0 pt=0 ru=235400 rp=241852
18:47:37.831 @T t=411785 s=0.000 lv=-23.7 pk=-21.7 c0=4.3 c1=11.9 kw=11.68 inf=2.33 iv=1.13 n=4 d=0 sk=0 hf=96148 hm=89696 ht=283156 pf=0 pm=0 pt=0 ru=235400 rp=241852
18:47:37.832 @T t=411891 s=0.000 lv=-36.1 pk=-33.8 c0=6.8 c1=8.6 kw=8.46 inf=2.76 iv=1.17 n=3 d=0 sk=0 hf=96148 hm=89696 ht=283156 pf=0 pm=0 pt=0 ru=235400 rp=241852
18:47:37.832 @T t=411997 s=0.000 lv=-32.0 pk=-29.4 c0=6.6 c1=8.4 kw=8.28 inf=2.69 iv=1.11 n=3 d=0 sk=0 hf=96148 hm=89696 ht=283156 pf=0 pm=0 pt=0 ru=235400 rp=241852
18:47:37.832 @T t=412083 s=0.000 lv=-38.1 pk=-35.8 c0=4.3 c1=11.6 kw=11.65 inf=2.33 iv=1.13 n=4 d=0 sk=0 hf=96148 hm=89696 ht=283156 pf=0 pm=0 pt=0 ru=235400 rp=241852
18:47:37.832 @T t=412189 s=0.000 lv=-38.9 pk=-34.5 c0=3.4 c1=8.7 kw=8.29 inf=2.70 iv=1.12 n=3 d=0 sk=0 hf=96148 hm=89696 ht=283156 pf=0 pm=0 pt=0 ru=235400 rp=241852
18:47:37.832 @I ww=marvin cut=0.50 win=5 cool=1000 tick=100 wifi=1 srv=1 li=0 ln=0
18:47:37.832 @T t=412281 s=0.000 lv=-27.1 pk=-23.8 c0=4.8 c1=8.5 kw=8.54 inf=2.39 iv=1.11 n=3 d=0 sk=0 hf=96148 hm=89696 ht=283156 pf=0 pm=0 pt=0 ru=235400 rp=241852
18:47:37.832 @T t=412387 s=0.000 lv=-24.8 pk=-22.5 c0=4.0 c1=11.1 kw=10.70 inf=2.66 iv=1.15 n=4 d=0 sk=0 hf=96148 hm=89696 ht=283156 pf=0 pm=0 pt=0 ru=235400 rp=241852
18:47:37.832 @T t=412493 s=0.000 lv=-38.9 pk=-34.8 c0=3.5 c1=8.4 kw=8.28 inf=2.70 iv=1.12 n=3 d=0 sk=0 hf=96148 hm=89696 ht=283156 pf=0 pm=0 pt=0 ru=235400 rp=241852
18:47:37.832 @T t=412599 s=0.000 lv=-40.5 pk=-39.5 c0=3.5 c1=8.4 kw=8.26 inf=2.69 iv=1.11 n=3 d=0 sk=0 hf=96148 hm=89696 ht=283156 pf=0 pm=0 pt=0 ru=235400 rp=241852
18:47:37.832 @T t=412685 s=0.000 lv=-41.9 pk=-41.2 c0=4.1 c1=11.7 kw=11.48 inf=2.29 iv=1.11 n=4 d=0 sk=0 hf=96148 hm=89696 ht=283156 pf=0 pm=0 pt=0 ru=235400 rp=241852
18:47:37.832 @T t=412791 s=0.000 lv=-41.4 pk=-41.0 c0=6.6 c1=8.4 kw=8.21 inf=2.67 iv=1.10 n=3 d=0 sk=0 hf=96148 hm=89696 ht=283156 pf=0 pm=0 pt=0 ru=235400 rp=241852
18:47:37.832 @T t=412897 s=0.000 lv=-41.1 pk=-39.2 c0=4.0 c1=8.6 kw=8.42 inf=2.74 iv=1.15 n=3 d=0 sk=0 hf=96148 hm=89696 ht=283156 pf=0 pm=0 pt=0 ru=235400 rp=241852
18:47:37.832 @T t=412984 s=0.000 lv=-40.4 pk=-39.2 c0=8.5 c1=11.6 kw=11.42 inf=2.31 iv=1.11 n=4 d=0 sk=0 hf=96148 hm=89696 ht=283156 pf=0 pm=0 pt=0 ru=235400 rp=241852
18:47:37.832 @T t=413090 s=0.000 lv=-41.7 pk=-40.8 c0=3.4 c1=8.4 kw=8.29 inf=2.70 iv=1.11 n=3 d=0 sk=0 hf=96148 hm=89696 ht=283156 pf=0 pm=0 pt=0 ru=235400 rp=241852
18:47:37.832 @T t=413196 s=0.000 lv=-41.4 pk=-40.8 c0=3.4 c1=8.4 kw=8.26 inf=2.69 iv=1.11 n=3 d=0 sk=0 hf=96148 hm=89696 ht=283156 pf=0 pm=0 pt=0 ru=235400 rp=241852
18:47:37.832 @I ww=marvin cut=0.50 win=5 cool=1000 tick=100 wifi=1 srv=1 li=0 ln=0
18:47:37.832 @T t=413288 s=0.000 lv=-41.1 pk=-39.9 c0=5.1 c1=11.2 kw=10.98 inf=2.35 iv=1.15 n=4 d=0 sk=0 hf=96148 hm=89696 ht=283156 pf=0 pm=0 pt=0 ru=235400 rp=241852
18:47:37.832 @T t=413394 s=0.000 lv=-42.6 pk=-41.6 c0=5.8 c1=9.2 kw=8.95 inf=2.92 iv=1.27 n=3 d=0 sk=0 hf=94384 hm=89696 ht=283156 pf=0 pm=0 pt=0 ru=237164 rp=241852
18:47:37.832 @T t=413500 s=0.000 lv=-42.3 pk=-41.5 c0=7.7 c1=9.4 kw=8.86 inf=2.89 iv=1.29 n=3 d=0 sk=0 hf=96148 hm=89696 ht=283156 pf=0 pm=0 pt=0 ru=235400 rp=241852
18:47:37.832 @T t=413588 s=0.000 lv=-39.5 pk=-38.6 c0=11.4 c1=12.4 kw=12.18 inf=2.49 iv=1.23 n=4 d=0 sk=0 hf=95952 hm=89696 ht=283156 pf=0 pm=0 pt=0 ru=235596 rp=241852
18:47:37.832 @T t=413695 s=0.000 lv=-34.0 pk=-29.1 c0=4.0 c1=8.4 kw=8.27 inf=2.72 iv=1.13 n=3 d=0 sk=0 hf=96148 hm=89696 ht=283156 pf=0 pm=0 pt=0 ru=235400 rp=241852
18:47:37.832 @T t=413781 s=0.000 lv=-33.9 pk=-30.6 c0=4.2 c1=9.2 kw=9.24 inf=2.42 iv=1.14 n=3 d=0 sk=0 hf=96148 hm=89696 ht=283156 pf=0 pm=0 pt=0 ru=235400 rp=241852
18:47:37.832 @T t=413887 s=0.000 lv=-38.4 pk=-37.0 c0=3.6 c1=10.9 kw=10.47 inf=2.60 iv=1.12 n=4 d=0 sk=0 hf=96148 hm=89696 ht=283156 pf=0 pm=0 pt=0 ru=235400 rp=241852
18:47:37.832 @T t=413993 s=0.000 lv=-32.0 pk=-31.1 c0=6.6 c1=8.4 kw=8.27 inf=2.69 iv=1.11 n=3 d=0 sk=0 hf=96148 hm=89696 ht=283156 pf=0 pm=0 pt=0 ru=235400 rp=241852
18:47:37.832 @T t=414099 s=0.000 lv=-33.1 pk=-30.3 c0=3.8 c1=8.9 kw=8.66 inf=2.82 iv=1.21 n=3 d=0 sk=0 hf=96148 hm=89696 ht=283156 pf=0 pm=0 pt=0 ru=235400 rp=241852
18:47:40.339 @T t=414185 s=0.000 lv=-33.9 pk=-30.7 c0=4.3 c1=11.8 kw=11.61 inf=2.32 iv=1.12 n=4 d=0 sk=0 hf=96148 hm=89696 ht=283156 pf=0 pm=0 pt=0 ru=235400 rp=241852
18:47:40.339 @I ww=marvin cut=0.50 win=5 cool=1000 tick=100 wifi=1 srv=1 li=0 ln=0
18:47:40.339 @T t=414297 s=0.000 lv=-27.3 pk=-24.6 c0=4.0 c1=8.0 kw=7.85 inf=2.70 iv=1.13 n=3 d=0 sk=0 hf=96148 hm=89696 ht=283156 pf=0 pm=0 pt=0 ru=235400 rp=241852
18:47:40.339 @T t=414383 s=0.000 lv=-35.9 pk=-32.9 c0=4.4 c1=10.7 kw=10.49 inf=2.77 iv=1.17 n=3 d=0 sk=0 hf=96148 hm=89696 ht=283156 pf=0 pm=0 pt=0 ru=235400 rp=241852
18:47:40.339 @T t=414489 s=0.000 lv=-36.6 pk=-33.5 c0=4.0 c1=9.7 kw=9.48 inf=2.34 iv=1.14 n=4 d=0 sk=0 hf=96148 hm=89696 ht=283156 pf=0 pm=0 pt=0 ru=235400 rp=241852
18:47:40.339 @T t=414595 s=0.000 lv=-39.0 pk=-35.5 c0=3.5 c1=8.6 kw=8.42 inf=2.75 iv=1.16 n=3 d=0 sk=0 hf=96148 hm=89696 ht=283156 pf=0 pm=0 pt=0 ru=235400 rp=241852
18:47:40.339 @T t=414681 s=0.000 lv=-37.1 pk=-34.3 c0=4.2 c1=9.2 kw=9.23 inf=2.41 iv=1.14 n=3 d=0 sk=0 hf=96148 hm=89696 ht=283156 pf=0 pm=0 pt=0 ru=235400 rp=241852
18:47:40.339 @T t=414787 s=0.000 lv=-28.4 pk=-25.0 c0=3.4 c1=10.7 kw=10.32 inf=2.56 iv=1.09 n=4 d=0 sk=0 hf=96148 hm=89696 ht=283156 pf=0 pm=0 pt=0 ru=235400 rp=241852
18:47:40.339 @T t=414893 s=0.000 lv=-34.9 pk=-33.3 c0=3.6 c1=8.6 kw=8.45 inf=2.75 iv=1.16 n=3 d=0 sk=0 hf=96148 hm=89696 ht=283156 pf=0 pm=0 pt=0 ru=235400 rp=241852
18:47:40.339 @T t=414999 s=0.000 lv=-36.2 pk=-33.6 c0=3.4 c1=8.5 kw=8.34 inf=2.71 iv=1.13 n=3 d=0 sk=0 hf=96148 hm=89696 ht=283156 pf=0 pm=0 pt=0 ru=235400 rp=241852
18:47:40.339 @T t=415085 s=0.000 lv=-38.5 pk=-37.1 c0=4.4 c1=11.9 kw=11.70 inf=2.34 iv=1.14 n=4 d=0 sk=0 hf=96148 hm=89696 ht=283156 pf=0 pm=0 pt=0 ru=235400 rp=241852
18:47:40.339 @T t=415191 s=0.000 lv=-41.2 pk=-39.7 c0=3.8 c1=8.9 kw=8.65 inf=2.82 iv=1.22 n=3 d=0 sk=0 hf=96148 hm=89696 ht=283156 pf=0 pm=0 pt=0 ru=235400 rp=241852
18:47:40.339 @I ww=marvin cut=0.50 win=5 cool=1000 tick=100 wifi=1 srv=1 li=0 ln=0
18:47:40.339 @T t=415283 s=0.000 lv=-40.4 pk=-38.8 c0=4.9 c1=9.9 kw=9.74 inf=2.75 iv=1.17 n=3 d=0 sk=0 hf=96148 hm=89696 ht=283156 pf=0 pm=0 pt=0 ru=235400 rp=241852
18:47:40.339 @T t=415389 s=0.000 lv=-41.3 pk=-40.7 c0=3.5 c1=9.5 kw=9.32 inf=2.30 iv=1.11 n=4 d=0 sk=0 hf=96148 hm=89696 ht=283156 pf=0 pm=0 pt=0 ru=235400 rp=241852
18:47:40.340 @T t=415495 s=0.000 lv=-39.7 pk=-37.8 c0=7.4 c1=9.7 kw=9.05 inf=2.95 iv=1.30 n=3 d=0 sk=0 hf=96148 hm=89696 ht=283156 pf=0 pm=0 pt=0 ru=235400 rp=241852
18:47:40.340 @T t=415581 s=0.000 lv=-39.2 pk=-37.6 c0=5.0 c1=9.2 kw=9.28 inf=2.42 iv=1.14 n=3 d=0 sk=0 hf=96148 hm=89696 ht=283156 pf=0 pm=0 pt=0 ru=235400 rp=241852
18:47:40.340 @T t=415687 s=0.000 lv=-36.9 pk=-33.4 c0=6.1 c1=10.9 kw=10.51 inf=2.61 iv=1.11 n=4 d=0 sk=0 hf=96148 hm=89696 ht=283156 pf=0 pm=0 pt=0 ru=235400 rp=241852
18:47:40.340 @T t=415793 s=0.000 lv=-27.7 pk=-22.7 c0=3.4 c1=8.5 kw=8.35 inf=2.72 iv=1.12 n=3 d=0 sk=0 hf=96148 hm=89696 ht=283156 pf=0 pm=0 pt=0 ru=235400 rp=241852
18:47:40.340 @T t=415899 s=0.000 lv=-24.1 pk=-22.0 c0=3.6 c1=8.6 kw=8.43 inf=2.74 iv=1.15 n=3 d=0 sk=0 hf=96148 hm=89696 ht=283156 pf=0 pm=0 pt=0 ru=235400 rp=241852
18:47:40.340 @T t=415985 s=0.000 lv=-39.1 pk=-35.7 c0=4.3 c1=11.8 kw=11.58 inf=2.31 iv=1.12 n=4 d=0 sk=0 hf=96148 hm=89696 ht=283156 pf=0 pm=0 pt=0 ru=235400 rp=241852
18:47:40.340 @T t=416091 s=0.000 lv=-37.9 pk=-36.5 c0=3.5 c1=8.5 kw=8.34 inf=2.72 iv=1.14 n=3 d=0 sk=0 hf=96148 hm=89696 ht=283156 pf=0 pm=0 pt=0 ru=235400 rp=241852
18:47:40.340 @T t=416197 s=0.000 lv=-32.1 pk=-28.4 c0=3.4 c1=8.4 kw=8.24 inf=2.68 iv=1.11 n=3 d=0 sk=0 hf=96148 hm=89696 ht=283156 pf=0 pm=0 pt=0 ru=235400 rp=241852
18:47:40.340 @I ww=marvin cut=0.50 win=5 cool=1000 tick=100 wifi=1 srv=1 li=0 ln=0
18:47:40.340 @T t=416289 s=0.000 lv=-28.7 pk=-24.7 c0=5.4 c1=11.6 kw=11.34 inf=2.43 iv=1.21 n=4 d=0 sk=0 hf=96148 hm=89696 ht=283156 pf=0 pm=0 pt=0 ru=235400 rp=241852
18:47:40.340 @T t=416395 s=0.000 lv=-36.5 pk=-35.6 c0=3.7 c1=8.6 kw=8.40 inf=2.74 iv=1.15 n=3 d=0 sk=0 hf=96148 hm=89696 ht=283156 pf=0 pm=0 pt=0 ru=235400 rp=241852
18:47:40.340 @T t=416481 s=0.000 lv=-35.2 pk=-33.7 c0=4.8 c1=9.4 kw=9.47 inf=2.48 iv=1.18 n=3 d=0 sk=0 hf=96148 hm=89696 ht=283156 pf=0 pm=0 pt=0 ru=235400 rp=241852
18:47:40.340 @T t=416587 s=0.000 lv=-34.9 pk=-32.4 c0=3.5 c1=10.9 kw=10.49 inf=2.60 iv=1.11 n=4 d=0 sk=0 hf=96148 hm=89696 ht=283156 pf=0 pm=0 pt=0 ru=235400 rp=241852
18:47:42.833 @T t=416693 s=0.000 lv=-39.5 pk=-38.1 c0=3.4 c1=8.5 kw=8.29 inf=2.70 iv=1.13 n=3 d=0 sk=0 hf=96148 hm=89696 ht=283156 pf=0 pm=0 pt=0 ru=235400 rp=241852
18:47:42.833 @T t=416799 s=0.000 lv=-41.0 pk=-39.1 c0=3.4 c1=8.4 kw=8.25 inf=2.68 iv=1.12 n=3 d=0 sk=0 hf=96148 hm=89696 ht=283156 pf=0 pm=0 pt=0 ru=235400 rp=241852
18:47:42.833 @T t=416885 s=0.000 lv=-36.7 pk=-34.3 c0=4.5 c1=11.9 kw=11.67 inf=2.33 iv=1.13 n=4 d=0 sk=0 hf=96148 hm=89696 ht=283156 pf=0 pm=0 pt=0 ru=235400 rp=241852
18:47:42.833 @T t=416991 s=0.000 lv=-30.8 pk=-29.4 c0=3.4 c1=8.4 kw=8.27 inf=2.69 iv=1.11 n=3 d=0 sk=0 hf=96148 hm=89696 ht=283156 pf=0 pm=0 pt=0 ru=235400 rp=241852
18:47:42.833 @T t=417097 s=0.000 lv=-42.0 pk=-39.9 c0=3.5 c1=8.5 kw=8.29 inf=2.70 iv=1.12 n=3 d=0 sk=0 hf=96148 hm=89696 ht=283156 pf=0 pm=0 pt=0 ru=235400 rp=241852
18:47:42.833 @T t=417183 s=0.000 lv=-30.8 pk=-26.2 c0=4.1 c1=11.6 kw=11.50 inf=2.30 iv=1.10 n=4 d=0 sk=0 hf=96148 hm=89696 ht=283156 pf=0 pm=0 pt=0 ru=235400 rp=241852
18:47:42.833 @I ww=marvin cut=0.50 win=5 cool=1000 tick=100 wifi=1 srv=1 li=0 ln=0
18:47:42.833 @T t=417295 s=0.000 lv=-27.0 pk=-25.4 c0=4.0 c1=8.0 kw=7.74 inf=2.66 iv=1.10 n=3 d=0 sk=0 hf=96148 hm=89696 ht=283156 pf=0 pm=0 pt=0 ru=235400 rp=241852
18:47:42.833 @T t=417381 s=0.000 lv=-36.9 pk=-34.8 c0=4.2 c1=9.1 kw=9.19 inf=2.40 iv=1.14 n=3 d=0 sk=0 hf=96148 hm=89696 ht=283156 pf=0 pm=0 pt=0 ru=235400 rp=241852
18:47:42.833 @T t=417487 s=0.000 lv=-35.0 pk=-31.6 c0=6.1 c1=11.7 kw=11.19 inf=2.78 iv=1.26 n=4 d=0 sk=0 hf=94384 hm=89696 ht=283156 pf=0 pm=0 pt=0 ru=237164 rp=241852
18:47:42.833 @T t=417594 s=0.000 lv=-36.2 pk=-31.5 c0=9.4 c1=9.3 kw=8.71 inf=2.86 iv=1.23 n=3 d=0 sk=0 hf=95952 hm=89696 ht=283156 pf=0 pm=0 pt=0 ru=235596 rp=241852
18:47:42.833 @T t=417682 s=0.000 lv=-41.1 pk=-39.6 c0=4.8 c1=10.2 kw=10.20 inf=2.76 iv=1.16 n=3 d=0 sk=0 hf=96148 hm=89696 ht=283156 pf=0 pm=0 pt=0 ru=235400 rp=241852
18:47:42.833 @T t=417788 s=0.000 lv=-30.7 pk=-28.1 c0=3.4 c1=9.6 kw=9.28 inf=2.28 iv=1.09 n=4 d=0 sk=0 hf=96148 hm=89696 ht=283156 pf=0 pm=0 pt=0 ru=235400 rp=241852
18:47:42.833 @T t=417894 s=0.000 lv=-35.5 pk=-32.5 c0=3.5 c1=8.5 kw=8.37 inf=2.73 iv=1.14 n=3 d=0 sk=0 hf=96148 hm=89696 ht=283156 pf=0 pm=0 pt=0 ru=235400 rp=241852
18:47:42.833 @T t=418000 s=0.000 lv=-37.3 pk=-35.5 c0=3.4 c1=8.5 kw=8.32 inf=2.71 iv=1.13 n=3 d=0 sk=0 hf=96148 hm=89696 ht=283156 pf=0 pm=0 pt=0 ru=235400 rp=241852
18:47:42.833 @T t=418086 s=0.000 lv=-28.7 pk=-26.7 c0=7.5 c1=12.0 kw=11.76 inf=2.35 iv=1.12 n=4 d=0 sk=0 hf=96148 hm=89696 ht=283156 pf=0 pm=0 pt=0 ru=235400 rp=241852
18:47:42.833 @T t=418192 s=0.000 lv=-36.7 pk=-34.2 c0=3.4 c1=8.4 kw=8.24 inf=2.68 iv=1.11 n=3 d=0 sk=0 hf=96148 hm=89696 ht=283156 pf=0 pm=0 pt=0 ru=235400 rp=241852
18:47:42.833 @I ww=marvin cut=0.50 win=5 cool=1000 tick=100 wifi=1 srv=1 li=0 ln=0
18:47:42.833 @T t=418284 s=0.000 lv=-33.7 pk=-28.1 c0=4.8 c1=9.8 kw=9.58 inf=2.71 iv=1.13 n=3 d=0 sk=0 hf=96148 hm=89696 ht=283156 pf=0 pm=0 pt=0 ru=235400 rp=241852
18:47:42.833 @T t=418390 s=0.000 lv=-26.8 pk=-24.7 c0=3.5 c1=9.5 kw=9.33 inf=2.30 iv=1.11 n=4 d=0 sk=0 hf=96148 hm=89696 ht=283156 pf=0 pm=0 pt=0 ru=235400 rp=241852
18:47:42.833 @T t=418496 s=0.000 lv=-32.1 pk=-28.7 c0=3.5 c1=8.5 kw=8.28 inf=2.70 iv=1.12 n=3 d=0 sk=0 hf=96148 hm=89696 ht=283156 pf=0 pm=0 pt=0 ru=235400 rp=241852
18:47:42.833 @T t=418582 s=0.000 lv=-40.0 pk=-39.6 c0=5.4 c1=11.0 kw=10.91 inf=2.88 iv=1.26 n=3 d=0 sk=0 hf=96148 hm=89696 ht=283156 pf=0 pm=0 pt=0 ru=235400 rp=241852
18:47:42.833 @T t=418688 s=0.000 lv=-35.5 pk=-34.2 c0=3.5 c1=9.7 kw=9.40 inf=2.32 iv=1.13 n=4 d=0 sk=0 hf=96148 hm=89696 ht=283156 pf=0 pm=0 pt=0 ru=235400 rp=241852
18:47:42.833 @T t=418794 s=0.000 lv=-36.6 pk=-34.6 c0=3.4 c1=8.5 kw=8.30 inf=2.70 iv=1.13 n=3 d=0 sk=0 hf=96148 hm=89696 ht=283156 pf=0 pm=0 pt=0 ru=235400 rp=241852
18:47:42.833 @T t=418900 s=0.000 lv=-35.8 pk=-33.4 c0=3.6 c1=8.6 kw=8.47 inf=2.76 iv=1.15 n=3 d=0 sk=0 hf=96148 hm=89696 ht=283156 pf=0 pm=0 pt=0 ru=235400 rp=241852
18:47:42.833 @T t=418989 s=0.000 lv=-39.7 pk=-36.8 c0=3.9 c1=11.5 kw=11.29 inf=2.33 iv=1.12 n=4 d=0 sk=0 hf=96148 hm=89696 ht=283156 pf=0 pm=0 pt=0 ru=235400 rp=241852
18:47:42.833 @T t=419095 s=0.000 lv=-40.5 pk=-38.9 c0=3.5 c1=8.6 kw=8.39 inf=2.74 iv=1.15 n=3 d=0 sk=0 hf=96148 hm=89696 ht=283156 pf=0 pm=0 pt=0 ru=235400 rp=241852
18:47:45.152 @T t=419181 s=0.000 lv=-41.0 pk=-39.0 c0=4.2 c1=9.2 kw=9.25 inf=2.42 iv=1.14 n=3 d=0 sk=0 hf=96148 hm=89696 ht=283156 pf=0 pm=0 pt=0 ru=235400 rp=241852
18:47:45.152 @I ww=marvin cut=0.50 win=5 cool=1000 tick=100 wifi=1 srv=1 li=0 ln=0
18:47:45.152 @T t=419293 s=0.000 lv=-40.9 pk=-39.8 c0=4.0 c1=10.2 kw=9.76 inf=2.56 iv=1.09 n=4 d=0 sk=0 hf=96148 hm=89696 ht=283156 pf=0 pm=0 pt=0 ru=235400 rp=241852
18:47:45.152 @T t=419399 s=0.000 lv=-40.2 pk=-38.6 c0=3.6 c1=8.6 kw=8.41 inf=2.74 iv=1.15 n=3 d=0 sk=0 hf=96148 hm=89696 ht=283156 pf=0 pm=0 pt=0 ru=235400 rp=241852
18:47:45.152 @T t=419485 s=0.000 lv=-31.4 pk=-29.3 c0=4.3 c1=10.8 kw=10.57 inf=2.80 iv=1.17 n=3 d=0 sk=0 hf=96148 hm=89696 ht=283156 pf=0 pm=0 pt=0 ru=235400 rp=241852
18:47:45.152 @T t=419592 s=0.000 lv=-37.2 pk=-34.9 c0=7.9 c1=11.1 kw=10.50 inf=2.62 iv=1.36 n=4 d=0 sk=0 hf=96148 hm=89696 ht=283156 pf=0 pm=0 pt=0 ru=235400 rp=241852
18:47:45.152 @T t=419698 s=0.000 lv=-30.2 pk=-26.2 c0=3.9 c1=8.9 kw=8.70 inf=2.84 iv=1.23 n=3 d=0 sk=0 hf=96148 hm=89696 ht=283156 pf=0 pm=0 pt=0 ru=235400 rp=241852
18:47:45.152 @T t=419784 s=0.000 lv=-27.7 pk=-25.2 c0=4.3 c1=10.7 kw=10.50 inf=2.77 iv=1.17 n=3 d=0 sk=0 hf=96148 hm=89696 ht=283156 pf=0 pm=0 pt=0 ru=235400 rp=241852
18:47:45.152 @T t=419890 s=0.000 lv=-32.2 pk=-27.2 c0=3.6 c1=9.6 kw=9.41 inf=2.32 iv=1.12 n=4 d=0 sk=0 hf=96148 hm=89696 ht=283156 pf=0 pm=0 pt=0 ru=235400 rp=241852
18:47:45.152 @T t=419996 s=0.000 lv=-32.9 pk=-31.5 c0=6.6 c1=8.5 kw=8.31 inf=2.71 iv=1.13 n=3 d=0 sk=0 hf=96148 hm=89696 ht=283156 pf=0 pm=0 pt=0 ru=235400 rp=241852
18:47:45.152 @T t=420082 s=0.000 lv=-33.2 pk=-31.9 c0=4.3 c1=10.4 kw=10.42 inf=2.75 iv=1.16 n=3 d=0 sk=0 hf=96148 hm=89696 ht=283156 pf=0 pm=0 pt=0 ru=235400 rp=241852
18:47:45.152 @T t=420188 s=0.000 lv=-38.2 pk=-36.2 c0=3.4 c1=9.6 kw=9.26 inf=2.28 iv=1.10 n=4 d=0 sk=0 hf=96148 hm=89696 ht=283156 pf=0 pm=0 pt=0 ru=235400 rp=241852
18:47:45.152 @I ww=marvin cut=0.50 win=5 cool=1000 tick=100 wifi=1 srv=1 li=0 ln=0
18:47:45.152 @T t=420300 s=0.000 lv=-33.2 pk=-31.3 c0=4.0 c1=8.1 kw=7.91 inf=2.72 iv=1.12 n=3 d=0 sk=0 hf=96148 hm=89696 ht=283156 pf=0 pm=0 pt=0 ru=235400 rp=241852
18:47:45.152 @T t=420386 s=0.000 lv=-20.8 pk=-17.2 c0=4.4 c1=10.8 kw=10.57 inf=2.78 iv=1.16 n=3 d=0 sk=0 hf=96148 hm=89696 ht=283156 pf=0 pm=0 pt=0 ru=235400 rp=241852
18:47:45.152 @T t=420492 s=0.000 lv=-21.6 pk=-18.6 c0=3.5 c1=9.4 kw=9.25 inf=2.28 iv=1.10 n=4 d=0 sk=0 hf=96148 hm=89696 ht=283156 pf=0 pm=0 pt=0 ru=235400 rp=241852
18:47:45.152 @T t=420598 s=0.000 lv=-40.0 pk=-38.4 c0=4.0 c1=8.8 kw=8.59 inf=2.80 iv=1.20 n=3 d=0 sk=0 hf=96148 hm=89696 ht=283156 pf=0 pm=0 pt=0 ru=235400 rp=241852
18:47:45.152 @T t=420684 s=0.000 lv=-33.7 pk=-31.4 c0=8.3 c1=10.5 kw=10.34 inf=2.73 iv=1.14 n=3 d=0 sk=0 hf=96148 hm=89696 ht=283156 pf=0 pm=0 pt=0 ru=235400 rp=241852
18:47:45.152 @T t=420790 s=0.000 lv=-39.4 pk=-38.6 c0=3.7 c1=9.4 kw=9.23 inf=2.27 iv=1.09 n=4 d=0 sk=0 hf=96148 hm=89696 ht=283156 pf=0 pm=0 pt=0 ru=235400 rp=241852
18:47:45.152 @T t=420896 s=0.000 lv=-32.4 pk=-29.2 c0=3.6 c1=8.7 kw=8.56 inf=2.79 iv=1.18 n=3 d=0 sk=0 hf=96148 hm=89696 ht=283156 pf=0 pm=0 pt=0 ru=235400 rp=241852
18:47:45.152 @T t=420982 s=0.000 lv=-38.3 pk=-36.0 c0=4.2 c1=10.3 kw=10.33 inf=2.73 iv=1.14 n=3 d=0 sk=0 hf=96148 hm=89696 ht=283156 pf=0 pm=0 pt=0 ru=235400 rp=241852
18:47:45.152 @T t=421088 s=0.000 lv=-35.6 pk=-32.9 c0=3.9 c1=9.9 kw=9.52 inf=2.35 iv=1.15 n=4 d=0 sk=0 hf=96148 hm=89696 ht=283156 pf=0 pm=0 pt=0 ru=235400 rp=241852
18:47:45.152 @T t=421194 s=0.000 lv=-40.9 pk=-40.2 c0=3.4 c1=8.4 kw=8.25 inf=2.69 iv=1.12 n=3 d=0 sk=0 hf=96148 hm=89696 ht=283156 pf=0 pm=0 pt=0 ru=235400 rp=241852
18:47:45.152 @I ww=marvin cut=0.50 win=5 cool=1000 tick=100 wifi=1 srv=1 li=0 ln=0
18:47:45.152 @T t=421286 s=0.000 lv=-41.6 pk=-40.6 c0=4.7 c1=9.9 kw=9.67 inf=2.73 iv=1.13 n=3 d=0 sk=0 hf=96148 hm=89696 ht=283156 pf=0 pm=0 pt=0 ru=235400 rp=241852
18:47:45.152 @T t=421392 s=0.000 lv=-40.0 pk=-38.9 c0=3.5 c1=9.4 kw=9.19 inf=2.26 iv=1.08 n=4 d=0 sk=0 hf=96148 hm=89696 ht=283156 pf=0 pm=0 pt=0 ru=235400 rp=241852
18:47:45.152 [status] up 421s | mic -31.7 dBFS (peak -17.2) | score max 0.00 | detections 0 | inferences 334 (33.4/s; model 1.15 ms each, paused in quiet 0%; features 1.44 ms per 30 ms) | CPU core0  4.5% core1  9.6% (wake word pipeline 9.34% of one core) | RAM used 229 KB (peak 236 KB, 93 KB free) | wifi OK, server OK | audio lost since boot: i2s 0 net 0
18:47:47.737 @T t=421500 s=0.000 lv=-41.5 pk=-40.9 c0=26.7 c1=8.7 kw=8.52 inf=2.83 iv=1.21 n=3 d=0 sk=0 hf=96148 hm=89696 ht=283156 pf=0 pm=0 pt=0 ru=235400 rp=241852
18:47:47.737 @T t=421586 s=0.000 lv=-39.4 pk=-38.7 c0=6.9 c1=11.5 kw=11.26 inf=2.97 iv=1.29 n=3 d=0 sk=0 hf=94384 hm=89696 ht=283156 pf=0 pm=0 pt=0 ru=237164 rp=241852
18:47:47.737 @T t=421692 s=0.000 lv=-38.0 pk=-33.4 c0=5.7 c1=9.8 kw=9.28 inf=2.29 iv=1.10 n=4 d=0 sk=0 hf=96148 hm=89696 ht=283156 pf=0 pm=0 pt=0 ru=235400 rp=241852
18:47:47.737 @T t=421798 s=0.000 lv=-40.4 pk=-39.5 c0=3.8 c1=8.6 kw=8.41 inf=2.74 iv=1.13 n=3 d=0 sk=0 hf=96148 hm=89696 ht=283156 pf=0 pm=0 pt=0 ru=235400 rp=241852
18:47:47.737 @T t=421884 s=0.000 lv=-41.8 pk=-41.1 c0=8.9 c1=11.0 kw=10.78 inf=2.85 iv=1.23 n=3 d=0 sk=0 hf=96148 hm=89696 ht=283156 pf=0 pm=0 pt=0 ru=235400 rp=241852
18:47:47.737 @T t=421990 s=0.000 lv=-40.8 pk=-40.1 c0=3.5 c1=9.4 kw=9.22 inf=2.27 iv=1.09 n=4 d=0 sk=0 hf=96148 hm=89696 ht=283156 pf=0 pm=0 pt=0 ru=235400 rp=241852
18:47:47.737 @T t=422096 s=0.000 lv=-33.9 pk=-30.1 c0=3.4 c1=8.5 kw=8.33 inf=2.71 iv=1.12 n=3 d=0 sk=0 hf=96148 hm=89696 ht=283156 pf=0 pm=0 pt=0 ru=235400 rp=241852
18:47:47.737 @T t=422182 s=0.000 lv=-27.7 pk=-22.5 c0=4.2 c1=10.4 kw=10.36 inf=2.74 iv=1.14 n=3 d=0 sk=0 hf=96148 hm=89696 ht=283156 pf=0 pm=0 pt=0 ru=235400 rp=241852
18:47:47.737 @I ww=marvin cut=0.50 win=5 cool=1000 tick=100 wifi=1 srv=1 li=0 ln=0
18:47:47.737 @T t=422294 s=0.000 lv=-22.4 pk=-20.4 c0=4.0 c1=9.1 kw=8.79 inf=2.29 iv=1.09 n=4 d=0 sk=0 hf=96148 hm=89696 ht=283156 pf=0 pm=0 pt=0 ru=235400 rp=241852
18:47:47.737 @T t=422400 s=0.000 lv=-36.8 pk=-33.6 c0=3.9 c1=8.6 kw=8.40 inf=2.73 iv=1.15 n=3 d=0 sk=0 hf=96148 hm=89696 ht=283156 pf=0 pm=0 pt=0 ru=235400 rp=241852
18:47:47.737 @T t=422489 s=0.000 lv=-30.3 pk=-28.6 c0=10.8 c1=10.4 kw=10.17 inf=2.78 iv=1.16 n=3 d=0 sk=0 hf=96148 hm=89696 ht=283156 pf=0 pm=0 pt=0 ru=235400 rp=241852
18:47:47.737 @T t=422595 s=0.000 lv=-28.8 pk=-28.0 c0=3.5 c1=9.5 kw=9.28 inf=2.29 iv=1.10 n=4 d=0 sk=0 hf=96148 hm=89696 ht=283156 pf=0 pm=0 pt=0 ru=235400 rp=241852
18:47:47.737 @T t=422681 s=0.000 lv=-37.7 pk=-36.7 c0=4.8 c1=8.0 kw=8.03 inf=3.10 iv=1.19 n=2 d=0 sk=0 hf=96148 hm=89696 ht=283156 pf=0 pm=0 pt=0 ru=235400 rp=241852
18:47:47.737 @T t=422787 s=0.000 lv=-29.8 pk=-27.9 c0=6.1 c1=10.9 kw=10.52 inf=2.62 iv=1.20 n=4 d=0 sk=0 hf=96148 hm=89696 ht=283156 pf=0 pm=0 pt=0 ru=235400 rp=241852
18:47:47.737 @T t=422893 s=0.000 lv=-39.8 pk=-36.5 c0=3.6 c1=9.5 kw=9.35 inf=2.30 iv=1.12 n=4 d=0 sk=0 hf=96148 hm=89696 ht=283156 pf=0 pm=0 pt=0 ru=235400 rp=241852
18:47:47.737 @T t=422999 s=0.000 lv=-36.1 pk=-34.0 c0=3.4 c1=8.5 kw=8.32 inf=2.71 iv=1.13 n=3 d=0 sk=0 hf=96148 hm=89696 ht=283156 pf=0 pm=0 pt=0 ru=235400 rp=241852
18:47:47.737 @T t=423085 s=0.000 lv=-36.8 pk=-34.5 c0=4.4 c1=10.7 kw=10.49 inf=2.77 iv=1.16 n=3 d=0 sk=0 hf=96148 hm=89696 ht=283156 pf=0 pm=0 pt=0 ru=235400 rp=241852
18:47:47.737 @T t=423191 s=0.000 lv=-38.7 pk=-34.8 c0=3.4 c1=9.4 kw=9.22 inf=2.27 iv=1.09 n=4 d=0 sk=0 hf=96148 hm=89696 ht=283156 pf=0 pm=0 pt=0 ru=235400 rp=241852
18:47:47.737 @I ww=marvin cut=0.50 win=5 cool=1000 tick=100 wifi=1 srv=1 li=0 ln=0
18:47:47.737 @T t=423283 s=0.000 lv=-28.4 pk=-24.6 c0=4.8 c1=9.6 kw=9.59 inf=2.71 iv=1.13 n=3 d=0 sk=0 hf=96148 hm=89696 ht=283156 pf=0 pm=0 pt=0 ru=235400 rp=241852
18:47:47.737 @T t=423389 s=0.000 lv=-25.9 pk=-22.9 c0=3.5 c1=8.7 kw=8.40 inf=2.74 iv=1.15 n=3 d=0 sk=0 hf=96148 hm=89696 ht=283156 pf=0 pm=0 pt=0 ru=235400 rp=241852
18:47:47.737 @T t=423495 s=0.000 lv=-36.3 pk=-34.2 c0=3.9 c1=9.8 kw=9.60 inf=2.37 iv=1.16 n=4 d=0 sk=0 hf=96148 hm=89696 ht=283156 pf=0 pm=0 pt=0 ru=235400 rp=241852
18:47:47.737 @T t=423581 s=0.000 lv=-36.4 pk=-33.0 c0=4.3 c1=8.0 kw=8.03 inf=3.11 iv=1.21 n=2 d=0 sk=0 hf=96148 hm=89696 ht=283156 pf=0 pm=0 pt=0 ru=235400 rp=241852
18:47:47.737 @T t=423687 s=0.000 lv=-32.3 pk=-28.8 c0=10.1 c1=12.5 kw=11.62 inf=2.90 iv=1.42 n=4 d=0 sk=0 hf=96148 hm=89696 ht=283156 pf=0 pm=0 pt=0 ru=235400 rp=241852
18:47:47.737 @T t=423793 s=0.000 lv=-26.2 pk=-22.4 c0=3.5 c1=9.5 kw=9.32 inf=2.30 iv=1.11 n=4 d=0 sk=0 hf=96148 hm=89696 ht=283156 pf=0 pm=0 pt=0 ru=235400 rp=241852
18:47:47.737 @T t=423899 s=0.000 lv=-29.1 pk=-24.0 c0=5.0 c1=9.3 kw=9.07 inf=2.96 iv=1.34 n=3 d=0 sk=0 hf=96148 hm=89696 ht=283156 pf=0 pm=0 pt=0 ru=235400 rp=241852
18:47:47.737 @T t=423985 s=0.000 lv=-34.3 pk=-33.0 c0=4.4 c1=10.6 kw=10.43 inf=2.75 iv=1.17 n=3 d=0 sk=0 hf=96148 hm=89696 ht=283156 pf=0 pm=0 pt=0 ru=235400 rp=241852
18:47:50.236 @T t=424091 s=0.000 lv=-36.9 pk=-33.7 c0=3.5 c1=9.4 kw=9.27 inf=2.28 iv=1.10 n=4 d=0 sk=0 hf=96148 hm=89696 ht=283156 pf=0 pm=0 pt=0 ru=235400 rp=241852
18:47:50.236 @T t=424197 s=0.000 lv=-34.5 pk=-31.4 c0=3.4 c1=8.5 kw=8.30 inf=2.70 iv=1.13 n=3 d=0 sk=0 hf=96148 hm=89696 ht=283156 pf=0 pm=0 pt=0 ru=235400 rp=241852
18:47:50.236 @I ww=marvin cut=0.50 win=5 cool=1000 tick=100 wifi=1 srv=1 li=0 ln=0
18:47:50.236 @T t=424289 s=0.000 lv=-38.2 pk=-35.5 c0=5.0 c1=10.1 kw=9.93 inf=2.81 iv=1.21 n=3 d=0 sk=0 hf=96148 hm=89696 ht=283156 pf=0 pm=0 pt=0 ru=235400 rp=241852
18:47:50.236 @T t=424395 s=0.000 lv=-29.5 pk=-26.6 c0=3.6 c1=9.5 kw=9.33 inf=2.30 iv=1.10 n=4 d=0 sk=0 hf=96148 hm=89696 ht=283156 pf=0 pm=0 pt=0 ru=235400 rp=241852
18:47:50.236 @T t=424481 s=0.000 lv=-35.5 pk=-32.2 c0=4.2 c1=7.9 kw=7.98 inf=3.08 iv=1.18 n=2 d=0 sk=0 hf=96148 hm=89696 ht=283156 pf=0 pm=0 pt=0 ru=235400 rp=241852
18:47:50.236 @T t=424590 s=0.000 lv=-37.8 pk=-35.4 c0=3.3 c1=10.6 kw=10.25 inf=2.62 iv=1.20 n=4 d=0 sk=0 hf=96148 hm=89696 ht=283156 pf=0 pm=0 pt=0 ru=235400 rp=241852
18:47:50.236 @T t=424696 s=0.000 lv=-36.1 pk=-32.9 c0=4.3 c1=9.9 kw=9.67 inf=2.38 iv=1.18 n=4 d=0 sk=0 hf=96148 hm=89696 ht=283156 pf=0 pm=0 pt=0 ru=235400 rp=241852
18:47:50.236 @T t=424782 s=0.000 lv=-36.9 pk=-35.4 c0=4.7 c1=9.0 kw=7.96 inf=3.07 iv=1.17 n=2 d=0 sk=0 hf=96148 hm=89696 ht=283156 pf=0 pm=0 pt=0 ru=235400 rp=241852
18:47:50.236 @T t=424891 s=0.000 lv=-37.3 pk=-34.0 c0=3.5 c1=10.1 kw=10.65 inf=2.73 iv=1.25 n=4 d=0 sk=0 hf=96148 hm=89696 ht=283156 pf=0 pm=0 pt=0 ru=235400 rp=241852
18:47:50.236 @T t=424997 s=0.000 lv=-36.0 pk=-34.1 c0=3.8 c1=9.7 kw=9.51 inf=2.34 iv=1.15 n=4 d=0 sk=0 hf=96148 hm=89696 ht=283156 pf=0 pm=0 pt=0 ru=235400 rp=241852
18:47:50.236 @T t=425083 s=0.000 lv=-36.0 pk=-33.0 c0=7.5 c1=10.3 kw=10.40 inf=2.75 iv=1.15 n=3 d=0 sk=0 hf=96148 hm=89696 ht=283156 pf=0 pm=0 pt=0 ru=235400 rp=241852
18:47:50.236 @T t=425189 s=0.000 lv=-35.0 pk=-30.1 c0=6.1 c1=8.7 kw=8.24 inf=2.68 iv=1.11 n=3 d=0 sk=0 hf=96148 hm=89696 ht=283156 pf=0 pm=0 pt=0 ru=235400 rp=241852
18:47:50.236 @I ww=marvin cut=0.50 win=5 cool=1000 tick=100 wifi=1 srv=1 li=0 ln=0
18:47:50.236 @T t=425281 s=0.000 lv=-35.4 pk=-31.0 c0=4.6 c1=8.5 kw=8.57 inf=2.39 iv=1.12 n=3 d=0 sk=0 hf=96148 hm=89696 ht=283156 pf=0 pm=0 pt=0 ru=235400 rp=241852
18:47:50.236 @T t=425390 s=0.000 lv=-42.7 pk=-42.1 c0=3.4 c1=10.6 kw=10.20 inf=2.61 iv=1.14 n=4 d=0 sk=0 hf=96148 hm=89696 ht=283156 pf=0 pm=0 pt=0 ru=235400 rp=241852
18:47:50.236 @T t=425496 s=0.000 lv=-41.5 pk=-39.6 c0=3.9 c1=8.5 kw=8.28 inf=2.69 iv=1.12 n=3 d=0 sk=0 hf=96148 hm=89696 ht=283156 pf=0 pm=0 pt=0 ru=235400 rp=241852
18:47:50.236 @T t=425582 s=0.000 lv=-42.1 pk=-40.2 c0=4.2 c1=10.5 kw=9.40 inf=2.46 iv=1.16 n=3 d=0 sk=0 hf=96148 hm=89696 ht=283156 pf=0 pm=0 pt=0 ru=235400 rp=241852
18:47:50.236 @T t=425688 s=0.000 lv=-41.3 pk=-40.0 c0=5.6 c1=10.4 kw=10.88 inf=2.70 iv=1.26 n=4 d=0 sk=0 hf=94384 hm=89696 ht=283156 pf=0 pm=0 pt=0 ru=237164 rp=241852
18:47:50.236 @T t=425795 s=0.000 lv=-37.0 pk=-33.7 c0=8.4 c1=9.0 kw=8.82 inf=2.76 iv=1.16 n=3 d=0 sk=0 hf=96148 hm=89696 ht=283156 pf=0 pm=0 pt=0 ru=235400 rp=241852
18:47:50.236 @T t=425881 s=0.000 lv=-34.9 pk=-32.1 c0=5.7 c1=9.7 kw=9.80 inf=2.57 iv=1.25 n=3 d=0 sk=0 hf=96148 hm=89696 ht=283156 pf=0 pm=0 pt=0 ru=235400 rp=241852
18:47:50.236 @T t=425989 s=0.000 lv=-31.7 pk=-29.0 c0=3.3 c1=10.9 kw=10.47 inf=2.65 iv=1.16 n=4 d=0 sk=0 hf=96148 hm=89696 ht=283156 pf=0 pm=0 pt=0 ru=235400 rp=241852
18:47:50.236 @T t=426095 s=0.000 lv=-37.5 pk=-31.7 c0=3.8 c1=8.8 kw=8.56 inf=2.79 iv=1.20 n=3 d=0 sk=0 hf=96148 hm=89696 ht=283156 pf=0 pm=0 pt=0 ru=235400 rp=241852
18:47:50.237 @T t=426181 s=0.000 lv=-30.4 pk=-25.5 c0=4.2 c1=9.2 kw=9.25 inf=2.41 iv=1.12 n=3 d=0 sk=0 hf=96148 hm=89696 ht=283156 pf=0 pm=0 pt=0 ru=235400 rp=241852
18:47:50.237 @I ww=marvin cut=0.50 win=5 cool=1000 tick=100 wifi=1 srv=1 li=0 ln=0
18:47:50.237 @T t=426292 s=0.000 lv=-29.1 pk=-24.2 c0=4.1 c1=10.5 kw=10.07 inf=2.62 iv=1.15 n=4 d=0 sk=0 hf=96148 hm=89696 ht=283156 pf=0 pm=0 pt=0 ru=235400 rp=241852
18:47:50.237 @T t=426398 s=0.000 lv=-41.0 pk=-39.8 c0=3.6 c1=8.6 kw=8.40 inf=2.74 iv=1.15 n=3 d=0 sk=0 hf=96148 hm=89696 ht=283156 pf=0 pm=0 pt=0 ru=235400 rp=241852
18:47:50.237 @T t=426484 s=0.000 lv=-25.4 pk=-22.2 c0=4.3 c1=11.8 kw=11.62 inf=2.32 iv=1.12 n=4 d=0 sk=0 hf=96148 hm=89696 ht=283156 pf=0 pm=0 pt=0 ru=235400 rp=241852
18:47:52.749 @T t=426590 s=0.000 lv=-35.3 pk=-31.1 c0=3.4 c1=8.4 kw=8.27 inf=2.69 iv=1.12 n=3 d=0 sk=0 hf=96148 hm=89696 ht=283156 pf=0 pm=0 pt=0 ru=235400 rp=241852
18:47:52.749 @T t=426696 s=0.000 lv=-37.4 pk=-33.5 c0=3.4 c1=8.5 kw=8.28 inf=2.69 iv=1.12 n=3 d=0 sk=0 hf=96148 hm=89696 ht=283156 pf=0 pm=0 pt=0 ru=235400 rp=241852
18:47:52.749 @T t=426783 s=0.000 lv=-34.1 pk=-28.8 c0=4.9 c1=11.8 kw=11.71 inf=2.37 iv=1.16 n=4 d=0 sk=0 hf=96148 hm=89696 ht=283156 pf=0 pm=0 pt=0 ru=235400 rp=241852
18:47:52.749 @T t=426889 s=0.000 lv=-21.3 pk=-19.1 c0=3.6 c1=8.7 kw=8.42 inf=2.74 iv=1.14 n=3 d=0 sk=0 hf=96148 hm=89696 ht=283156 pf=0 pm=0 pt=0 ru=235400 rp=241852
18:47:52.749 @T t=426995 s=0.000 lv=-31.7 pk=-29.0 c0=6.6 c1=8.5 kw=8.30 inf=2.70 iv=1.13 n=3 d=0 sk=0 hf=96148 hm=89696 ht=283156 pf=0 pm=0 pt=0 ru=235400 rp=241852
18:47:52.749 @T t=427081 s=0.000 lv=-35.2 pk=-32.9 c0=4.3 c1=9.3 kw=9.34 inf=2.44 iv=1.16 n=3 d=0 sk=0 hf=96148 hm=89696 ht=283156 pf=0 pm=0 pt=0 ru=235400 rp=241852
18:47:52.749 @T t=427189 s=0.000 lv=-33.8 pk=-31.7 c0=3.6 c1=11.2 kw=10.73 inf=2.72 iv=1.23 n=4 d=0 sk=0 hf=96148 hm=89696 ht=283156 pf=0 pm=0 pt=0 ru=235400 rp=241852
18:47:52.749 @I ww=marvin cut=0.50 win=5 cool=1000 tick=100 wifi=1 srv=1 li=0 ln=0
18:47:52.749 @T t=427281 s=0.000 lv=-36.9 pk=-34.8 c0=4.9 c1=8.6 kw=8.68 inf=2.43 iv=1.14 n=3 d=0 sk=0 hf=96148 hm=89696 ht=283156 pf=0 pm=0 pt=0 ru=235400 rp=241852
18:47:52.749 @T t=427387 s=0.000 lv=-31.4 pk=-27.8 c0=3.5 c1=10.8 kw=10.39 inf=2.58 iv=1.11 n=4 d=0 sk=0 hf=96148 hm=89696 ht=283156 pf=0 pm=0 pt=0 ru=235400 rp=241852
18:47:52.749 @T t=427493 s=0.000 lv=-34.0 pk=-31.8 c0=3.5 c1=8.5 kw=8.31 inf=2.71 iv=1.13 n=3 d=0 sk=0 hf=96148 hm=89696 ht=283156 pf=0 pm=0 pt=0 ru=235400 rp=241852
18:47:52.749 @T t=427599 s=0.000 lv=-40.4 pk=-36.6 c0=3.5 c1=8.5 kw=8.36 inf=2.72 iv=1.14 n=3 d=0 sk=0 hf=96148 hm=89696 ht=283156 pf=0 pm=0 pt=0 ru=235400 rp=241852
18:47:52.749 @T t=427685 s=0.000 lv=-36.1 pk=-33.4 c0=4.3 c1=11.8 kw=11.61 inf=2.32 iv=1.12 n=4 d=0 sk=0 hf=96148 hm=89696 ht=283156 pf=0 pm=0 pt=0 ru=235400 rp=241852
18:47:52.749 @T t=427791 s=0.000 lv=-34.7 pk=-31.4 c0=7.3 c1=9.7 kw=9.10 inf=2.97 iv=1.30 n=3 d=0 sk=0 hf=96148 hm=89696 ht=283156 pf=0 pm=0 pt=0 ru=235400 rp=241852
18:47:52.749 @T t=427897 s=0.000 lv=-34.2 pk=-31.6 c0=4.4 c1=9.1 kw=8.87 inf=2.89 iv=1.28 n=3 d=0 sk=0 hf=96148 hm=89696 ht=283156 pf=0 pm=0 pt=0 ru=235400 rp=241852
18:47:52.749 @T t=427983 s=0.000 lv=-36.2 pk=-33.8 c0=7.6 c1=11.7 kw=11.63 inf=2.32 iv=1.12 n=4 d=0 sk=0 hf=96148 hm=89696 ht=283156 pf=0 pm=0 pt=0 ru=235400 rp=241852
18:47:52.749 @T t=428089 s=0.000 lv=-38.5 pk=-34.6 c0=3.5 c1=8.7 kw=8.37 inf=2.73 iv=1.14 n=3 d=0 sk=0 hf=96148 hm=89696 ht=283156 pf=0 pm=0 pt=0 ru=235400 rp=241852
18:47:52.749 @T t=428195 s=0.000 lv=-28.0 pk=-25.5 c0=3.4 c1=8.5 kw=8.36 inf=2.72 iv=1.13 n=3 d=0 sk=0 hf=96148 hm=89696 ht=283156 pf=0 pm=0 pt=0 ru=235400 rp=241852
18:47:52.749 @I ww=marvin cut=0.50 win=5 cool=1000 tick=100 wifi=1 srv=1 li=0 ln=0
18:47:52.749 @T t=428287 s=0.000 lv=-36.1 pk=-32.4 c0=5.4 c1=11.6 kw=11.37 inf=2.43 iv=1.22 n=4 d=0 sk=0 hf=96148 hm=89696 ht=283156 pf=0 pm=0 pt=0 ru=235400 rp=241852
18:47:52.749 @T t=428393 s=0.000 lv=-39.3 pk=-36.7 c0=6.8 c1=8.6 kw=8.41 inf=2.74 iv=1.15 n=3 d=0 sk=0 hf=96148 hm=89696 ht=283156 pf=0 pm=0 pt=0 ru=235400 rp=241852
18:47:52.749 @T t=428499 s=0.000 lv=-23.5 pk=-19.3 c0=3.5 c1=8.6 kw=8.38 inf=2.73 iv=1.14 n=3 d=0 sk=0 hf=96148 hm=89696 ht=283156 pf=0 pm=0 pt=0 ru=235400 rp=241852
18:47:52.749 @T t=428585 s=0.000 lv=-18.8 pk=-17.4 c0=4.4 c1=11.9 kw=11.72 inf=2.34 iv=1.14 n=4 d=0 sk=0 hf=96148 hm=89696 ht=283156 pf=0 pm=0 pt=0 ru=235400 rp=241852
18:47:52.749 @T t=428691 s=0.000 lv=-28.8 pk=-23.9 c0=3.4 c1=8.5 kw=8.33 inf=2.71 iv=1.13 n=3 d=0 sk=0 hf=96148 hm=89696 ht=283156 pf=0 pm=0 pt=0 ru=235400 rp=241852
18:47:52.749 @T t=428797 s=0.000 lv=-35.0 pk=-33.5 c0=3.9 c1=8.7 kw=8.50 inf=2.77 iv=1.17 n=3 d=0 sk=0 hf=96148 hm=89696 ht=283156 pf=0 pm=0 pt=0 ru=235400 rp=241852
18:47:52.749 @T t=428883 s=0.000 lv=-38.7 pk=-34.6 c0=4.5 c1=11.6 kw=11.78 inf=2.35 iv=1.15 n=4 d=0 sk=0 hf=96148 hm=89696 ht=283156 pf=0 pm=0 pt=0 ru=235400 rp=241852
18:47:52.749 @T t=428989 s=0.000 lv=-40.6 pk=-39.6 c0=6.6 c1=8.8 kw=8.31 inf=2.71 iv=1.13 n=3 d=0 sk=0 hf=96148 hm=89696 ht=283156 pf=0 pm=0 pt=0 ru=235400 rp=241852
18:47:55.130 @T t=429095 s=0.000 lv=-36.6 pk=-33.7 c0=3.5 c1=8.4 kw=8.26 inf=2.69 iv=1.11 n=3 d=0 sk=0 hf=96148 hm=89696 ht=283156 pf=0 pm=0 pt=0 ru=235400 rp=241852
18:47:55.130 @T t=429181 s=0.000 lv=-40.2 pk=-38.1 c0=4.2 c1=9.2 kw=9.24 inf=2.41 iv=1.14 n=3 d=0 sk=0 hf=96148 hm=89696 ht=283156 pf=0 pm=0 pt=0 ru=235400 rp=241852
18:47:55.130 @I ww=marvin cut=0.50 win=5 cool=1000 tick=100 wifi=1 srv=1 li=0 ln=0
18:47:55.130 @T t=429295 s=0.000 lv=-40.7 pk=-39.6 c0=3.9 c1=10.3 kw=9.87 inf=2.64 iv=1.17 n=4 d=0 sk=0 hf=96148 hm=89696 ht=283156 pf=0 pm=0 pt=0 ru=235400 rp=241852
18:47:55.130 @T t=429381 s=0.000 lv=-40.9 pk=-40.4 c0=4.3 c1=9.2 kw=9.28 inf=2.43 iv=1.14 n=3 d=0 sk=0 hf=96148 hm=89696 ht=283156 pf=0 pm=0 pt=0 ru=235400 rp=241852
18:47:55.130 @T t=429487 s=0.000 lv=-41.5 pk=-39.6 c0=6.7 c1=10.9 kw=10.47 inf=2.60 iv=1.10 n=4 d=0 sk=0 hf=96148 hm=89696 ht=283156 pf=0 pm=0 pt=0 ru=235400 rp=241852
18:47:55.130 @T t=429593 s=0.000 lv=-40.4 pk=-38.8 c0=3.6 c1=8.5 kw=8.30 inf=2.70 iv=1.12 n=3 d=0 sk=0 hf=96148 hm=89696 ht=283156 pf=0 pm=0 pt=0 ru=235400 rp=241852
18:47:55.130 @T t=429699 s=0.000 lv=-40.7 pk=-39.4 c0=6.1 c1=8.5 kw=8.29 inf=2.70 iv=1.13 n=3 d=0 sk=0 hf=96148 hm=89696 ht=283156 pf=0 pm=0 pt=0 ru=235400 rp=241852
18:47:55.130 @T t=429785 s=0.000 lv=-39.2 pk=-37.4 c0=7.0 c1=12.6 kw=12.29 inf=2.46 iv=1.23 n=4 d=0 sk=0 hf=94384 hm=89696 ht=283156 pf=0 pm=0 pt=0 ru=237164 rp=241852
18:47:55.130 @T t=429891 s=0.000 lv=-37.0 pk=-35.7 c0=6.5 c1=9.4 kw=8.81 inf=2.88 iv=1.25 n=3 d=0 sk=0 hf=96148 hm=89696 ht=283156 pf=0 pm=0 pt=0 ru=235400 rp=241852
18:47:55.130 @T t=429997 s=0.000 lv=-35.9 pk=-33.1 c0=3.4 c1=8.5 kw=8.31 inf=2.70 iv=1.12 n=3 d=0 sk=0 hf=96148 hm=89696 ht=283156 pf=0 pm=0 pt=0 ru=235400 rp=241852
18:47:55.130 @T t=430083 s=0.000 lv=-38.4 pk=-35.9 c0=4.2 c1=11.6 kw=11.59 inf=2.32 iv=1.12 n=4 d=0 sk=0 hf=96148 hm=89696 ht=283156 pf=0 pm=0 pt=0 ru=235400 rp=241852
18:47:55.130 @T t=430189 s=0.000 lv=-35.3 pk=-33.1 c0=3.4 c1=8.6 kw=8.22 inf=2.67 iv=1.10 n=3 d=0 sk=0 hf=96148 hm=89696 ht=283156 pf=0 pm=0 pt=0 ru=235400 rp=241852
18:47:55.130 @I ww=marvin cut=0.50 win=5 cool=1000 tick=100 wifi=1 srv=1 li=0 ln=0
18:47:55.130 @T t=430281 s=0.000 lv=-36.0 pk=-35.0 c0=4.8 c1=8.5 kw=8.58 inf=2.40 iv=1.12 n=3 d=0 sk=0 hf=96148 hm=89696 ht=283156 pf=0 pm=0 pt=0 ru=235400 rp=241852
18:47:55.130 @T t=430387 s=0.000 lv=-33.4 pk=-31.0 c0=3.5 c1=10.7 kw=10.33 inf=2.57 iv=1.08 n=4 d=0 sk=0 hf=96148 hm=89696 ht=283156 pf=0 pm=0 pt=0 ru=235400 rp=241852
18:47:55.130 @T t=430494 s=0.000 lv=-38.1 pk=-34.2 c0=3.5 c1=8.4 kw=8.19 inf=2.69 iv=1.12 n=3 d=0 sk=0 hf=96148 hm=89696 ht=283156 pf=0 pm=0 pt=0 ru=235400 rp=241852
18:47:55.130 @T t=430600 s=0.000 lv=-35.5 pk=-34.2 c0=3.8 c1=8.9 kw=8.66 inf=2.82 iv=1.21 n=3 d=0 sk=0 hf=96148 hm=89696 ht=283156 pf=0 pm=0 pt=0 ru=235400 rp=241852
18:47:55.130 @T t=430689 s=0.000 lv=-38.9 pk=-37.6 c0=4.0 c1=11.5 kw=11.32 inf=2.34 iv=1.12 n=4 d=0 sk=0 hf=96148 hm=89696 ht=283156 pf=0 pm=0 pt=0 ru=235400 rp=241852
18:47:55.130 @T t=430795 s=0.000 lv=-35.1 pk=-33.3 c0=3.9 c1=8.4 kw=8.24 inf=2.68 iv=1.11 n=3 d=0 sk=0 hf=96148 hm=89696 ht=283156 pf=0 pm=0 pt=0 ru=235400 rp=241852
18:47:55.130 @T t=430881 s=0.000 lv=-40.8 pk=-38.3 c0=4.4 c1=9.3 kw=9.39 inf=2.46 iv=1.16 n=3 d=0 sk=0 hf=96148 hm=89696 ht=283156 pf=0 pm=0 pt=0 ru=235400 rp=241852
18:47:55.130 @T t=430987 s=0.000 lv=-31.6 pk=-29.8 c0=3.4 c1=10.8 kw=10.38 inf=2.58 iv=1.09 n=4 d=0 sk=0 hf=96148 hm=89696 ht=283156 pf=0 pm=0 pt=0 ru=235400 rp=241852
18:47:55.130 @T t=431093 s=0.000 lv=-38.8 pk=-35.8 c0=3.4 c1=8.4 kw=8.28 inf=2.70 iv=1.12 n=3 d=0 sk=0 hf=96148 hm=89696 ht=283156 pf=0 pm=0 pt=0 ru=235400 rp=241852
18:47:55.131 @T t=431199 s=0.000 lv=-24.7 pk=-20.0 c0=3.4 c1=8.5 kw=8.29 inf=2.70 iv=1.12 n=3 d=0 sk=0 hf=96148 hm=89696 ht=283156 pf=0 pm=0 pt=0 ru=235400 rp=241852
18:47:55.131 @I ww=marvin cut=0.50 win=5 cool=1000 tick=100 wifi=1 srv=1 li=0 ln=0
18:47:55.131 @T t=431291 s=0.000 lv=-25.3 pk=-20.0 c0=5.0 c1=11.2 kw=10.99 inf=2.35 iv=1.14 n=4 d=0 sk=0 hf=96148 hm=89696 ht=283156 pf=0 pm=0 pt=0 ru=235400 rp=241852
18:47:55.131 @T t=431397 s=0.000 lv=-34.0 pk=-32.0 c0=3.6 c1=8.6 kw=8.39 inf=2.73 iv=1.15 n=3 d=0 sk=0 hf=96148 hm=89696 ht=283156 pf=0 pm=0 pt=0 ru=235400 rp=241852
18:47:57.435 [status] up 431s | mic -31.1 dBFS (peak -17.4) | score max 0.00 | detections 0 | inferences 333 (33.3/s; model 1.16 ms each, paused in quiet 0%; features 1.44 ms per 30 ms) | CPU core0  4.8% core1  9.6% (wake word pipeline 9.35% of one core) | RAM used 229 KB (peak 236 KB, 93 KB free) | wifi OK, server OK | audio lost since boot: i2s 0 net 0
18:47:57.435 [tasks] % of one core (free stack): main@0=4.10(1936) IDLE1@1=90.43(720) IDLE0@0=95.35(728) tiT@*=0.10(1956) websocket_task@*=0.16(1464) audio_kws@1=9.55(1248) ipc1@1=0.00(536) streamer@0=0.00(2956) esp_timer@0=0.01(3136) ipc0@0=0.00(528) wifi@0=0.26(3144) sys_evt@0=0.00(428) Tmr Svc@*=0.00(1368)
18:47:57.435 @T t=431533 s=0.000 lv=-37.9 pk=-34.1 c0=39.7 c1=10.4 kw=10.15 inf=2.56 iv=1.20 n=5 d=0 sk=0 hf=96148 hm=89696 ht=283156 pf=0 pm=0 pt=0 ru=235400 rp=241852
18:47:57.435 @T t=431599 s=0.000 lv=-31.6 pk=-29.9 c0=10.6 c1=8.8 kw=8.62 inf=2.63 iv=1.19 n=2 d=0 sk=0 hf=96148 hm=89696 ht=283156 pf=0 pm=0 pt=0 ru=235400 rp=241852
18:47:57.435 @T t=431685 s=0.000 lv=-38.1 pk=-32.6 c0=4.6 c1=10.9 kw=10.60 inf=2.80 iv=1.21 n=3 d=0 sk=0 hf=96148 hm=89696 ht=283156 pf=0 pm=0 pt=0 ru=235400 rp=241852
18:47:57.435 @T t=431791 s=0.000 lv=-31.2 pk=-26.2 c0=3.8 c1=8.9 kw=8.70 inf=2.84 iv=1.22 n=3 d=0 sk=0 hf=96148 hm=89696 ht=283156 pf=0 pm=0 pt=0 ru=235400 rp=241852
18:47:57.435 @T t=431897 s=0.000 lv=-30.5 pk=-25.6 c0=7.5 c1=11.1 kw=10.08 inf=2.49 iv=1.25 n=4 d=0 sk=0 hf=96148 hm=89696 ht=283156 pf=0 pm=0 pt=0 ru=235400 rp=241852
18:47:57.435 @T t=431983 s=0.000 lv=-36.6 pk=-33.2 c0=7.5 c1=10.3 kw=10.31 inf=2.72 iv=1.13 n=3 d=0 sk=0 hf=96148 hm=89696 ht=283156 pf=0 pm=0 pt=0 ru=235400 rp=241852
18:47:57.435 @T t=432089 s=0.000 lv=-38.5 pk=-36.4 c0=4.0 c1=8.7 kw=8.35 inf=2.72 iv=1.13 n=3 d=0 sk=0 hf=96148 hm=89696 ht=283156 pf=0 pm=0 pt=0 ru=235400 rp=241852
18:47:57.435 @T t=432195 s=0.000 lv=-40.6 pk=-39.4 c0=3.4 c1=9.5 kw=9.31 inf=2.29 iv=1.11 n=4 d=0 sk=0 hf=96148 hm=89696 ht=283156 pf=0 pm=0 pt=0 ru=235400 rp=241852
18:47:57.435 @I ww=marvin cut=0.50 win=5 cool=1000 tick=100 wifi=1 srv=1 li=0 ln=0
18:47:57.435 @T t=432287 s=0.000 lv=-28.8 pk=-24.8 c0=4.8 c1=9.8 kw=9.61 inf=2.72 iv=1.13 n=3 d=0 sk=0 hf=96148 hm=89696 ht=283156 pf=0 pm=0 pt=0 ru=235400 rp=241852
18:47:57.435 @T t=432393 s=0.000 lv=-30.6 pk=-24.7 c0=3.5 c1=8.5 kw=8.37 inf=2.72 iv=1.14 n=3 d=0 sk=0 hf=96148 hm=89696 ht=283156 pf=0 pm=0 pt=0 ru=235400 rp=241852
18:47:57.435 @T t=432499 s=0.000 lv=-30.5 pk=-24.4 c0=3.4 c1=9.5 kw=9.31 inf=2.29 iv=1.10 n=4 d=0 sk=0 hf=96148 hm=89696 ht=283156 pf=0 pm=0 pt=0 ru=235400 rp=241852
18:47:57.435 @T t=432585 s=0.000 lv=-22.6 pk=-20.2 c0=4.3 c1=10.6 kw=10.38 inf=2.74 iv=1.14 n=3 d=0 sk=0 hf=96148 hm=89696 ht=283156 pf=0 pm=0 pt=0 ru=235400 rp=241852
18:47:57.435 @T t=432691 s=0.000 lv=-36.7 pk=-33.9 c0=3.4 c1=8.5 kw=8.30 inf=2.70 iv=1.13 n=3 d=0 sk=0 hf=96148 hm=89696 ht=283156 pf=0 pm=0 pt=0 ru=235400 rp=241852
18:47:57.435 @T t=432797 s=0.000 lv=-35.5 pk=-33.5 c0=3.4 c1=9.4 kw=9.25 inf=2.28 iv=1.10 n=4 d=0 sk=0 hf=96148 hm=89696 ht=283156 pf=0 pm=0 pt=0 ru=235400 rp=241852
18:47:57.435 @T t=432883 s=0.000 lv=-41.4 pk=-40.2 c0=5.5 c1=10.4 kw=8.12 inf=2.09 iv=0.80 n=3 d=0 sk=0 hf=96148 hm=89696 ht=283156 pf=0 pm=0 pt=0 ru=235400 rp=241852
18:47:57.435 @T t=432989 s=0.000 lv=-41.3 pk=-40.1 c0=3.5 c1=9.6 kw=10.61 inf=3.52 iv=1.60 n=3 d=0 sk=0 hf=96148 hm=89696 ht=283156 pf=0 pm=0 pt=0 ru=235400 rp=241852
18:47:57.435 @T t=433095 s=0.000 lv=-40.3 pk=-39.7 c0=3.4 c1=9.5 kw=9.28 inf=2.29 iv=1.10 n=4 d=0 sk=0 hf=96148 hm=89696 ht=283156 pf=0 pm=0 pt=0 ru=235400 rp=241852
18:47:57.435 @T t=433181 s=0.000 lv=-41.5 pk=-40.6 c0=4.2 c1=7.9 kw=7.94 inf=3.07 iv=1.16 n=2 d=0 sk=0 hf=96148 hm=89696 ht=283156 pf=0 pm=0 pt=0 ru=235400 rp=241852
18:47:57.435 @I ww=marvin cut=0.50 win=5 cool=1000 tick=100 wifi=1 srv=1 li=0 ln=0
18:47:57.435 @T t=433296 s=0.000 lv=-39.2 pk=-37.5 c0=4.2 c1=10.2 kw=9.84 inf=2.65 iv=1.22 n=4 d=0 sk=0 hf=96148 hm=89696 ht=283156 pf=0 pm=0 pt=0 ru=235400 rp=241852
18:47:57.435 @T t=433382 s=0.000 lv=-31.0 pk=-28.6 c0=4.5 c1=10.6 kw=9.46 inf=2.48 iv=1.17 n=3 d=0 sk=0 hf=96148 hm=89696 ht=283156 pf=0 pm=0 pt=0 ru=235400 rp=241852
18:47:57.435 @T t=433489 s=0.000 lv=-38.0 pk=-36.4 c0=6.8 c1=10.0 kw=10.53 inf=2.64 iv=1.23 n=4 d=0 sk=0 hf=96148 hm=89696 ht=283156 pf=0 pm=0 pt=0 ru=235400 rp=241852
18:47:57.435 @T t=433595 s=0.000 lv=-39.3 pk=-36.9 c0=6.7 c1=8.4 kw=8.27 inf=2.69 iv=1.12 n=3 d=0 sk=0 hf=96148 hm=89696 ht=283156 pf=0 pm=0 pt=0 ru=235400 rp=241852
18:47:57.435 @T t=433681 s=0.000 lv=-37.7 pk=-35.7 c0=4.2 c1=9.1 kw=9.23 inf=2.41 iv=1.13 n=3 d=0 sk=0 hf=96148 hm=89696 ht=283156 pf=0 pm=0 pt=0 ru=235400 rp=241852
18:47:59.933 @T t=433789 s=0.000 lv=-38.0 pk=-36.5 c0=3.3 c1=10.8 kw=10.39 inf=2.63 iv=1.16 n=4 d=0 sk=0 hf=96148 hm=89696 ht=283156 pf=0 pm=0 pt=0 ru=235400 rp=241852
18:47:59.933 @T t=433895 s=0.000 lv=-33.3 pk=-32.3 c0=7.4 c1=9.5 kw=8.91 inf=2.91 iv=1.27 n=3 d=0 sk=0 hf=96148 hm=89696 ht=283156 pf=0 pm=0 pt=0 ru=235400 rp=241852
18:47:59.933 @T t=433981 s=0.000 lv=-33.6 pk=-32.1 c0=4.2 c1=9.3 kw=9.38 inf=2.46 iv=1.16 n=3 d=0 sk=0 hf=96148 hm=89696 ht=283156 pf=0 pm=0 pt=0 ru=235400 rp=241852
18:47:59.933 @T t=434089 s=0.000 lv=-29.4 pk=-27.5 c0=4.1 c1=11.0 kw=10.59 inf=2.69 iv=1.20 n=4 d=0 sk=0 hf=95952 hm=89696 ht=283156 pf=0 pm=0 pt=0 ru=235596 rp=241852
18:47:59.933 @T t=434195 s=0.000 lv=-38.2 pk=-35.4 c0=3.6 c1=8.4 kw=8.28 inf=2.69 iv=1.12 n=3 d=0 sk=0 hf=96148 hm=89696 ht=283156 pf=0 pm=0 pt=0 ru=235400 rp=241852
18:47:59.933 @I ww=marvin cut=0.50 win=5 cool=1000 tick=100 wifi=1 srv=1 li=0 ln=0
18:47:59.933 @T t=434287 s=0.000 lv=-35.0 pk=-32.6 c0=4.9 c1=11.1 kw=10.89 inf=2.33 iv=1.14 n=4 d=0 sk=0 hf=96148 hm=89696 ht=283156 pf=0 pm=0 pt=0 ru=235400 rp=241852
18:47:59.933 @T t=434393 s=0.000 lv=-32.7 pk=-29.3 c0=3.5 c1=8.5 kw=8.28 inf=2.70 iv=1.11 n=3 d=0 sk=0 hf=96148 hm=89696 ht=283156 pf=0 pm=0 pt=0 ru=235400 rp=241852
18:47:59.933 @T t=434499 s=0.000 lv=-34.6 pk=-31.8 c0=4.0 c1=8.8 kw=8.62 inf=2.81 iv=1.21 n=3 d=0 sk=0 hf=96148 hm=89696 ht=283156 pf=0 pm=0 pt=0 ru=235400 rp=241852
18:47:59.933 @T t=434585 s=0.000 lv=-37.8 pk=-35.7 c0=4.3 c1=11.9 kw=11.66 inf=2.33 iv=1.13 n=4 d=0 sk=0 hf=96148 hm=89696 ht=283156 pf=0 pm=0 pt=0 ru=235400 rp=241852
18:47:59.933 @T t=434691 s=0.000 lv=-33.8 pk=-31.2 c0=3.4 c1=8.4 kw=8.19 inf=2.66 iv=1.10 n=3 d=0 sk=0 hf=96148 hm=89696 ht=283156 pf=0 pm=0 pt=0 ru=235400 rp=241852
18:47:59.933 @T t=434797 s=0.000 lv=-39.6 pk=-37.8 c0=3.4 c1=8.5 kw=8.34 inf=2.72 iv=1.13 n=3 d=0 sk=0 hf=96148 hm=89696 ht=283156 pf=0 pm=0 pt=0 ru=235400 rp=241852
18:47:59.933 @T t=434883 s=0.000 lv=-31.8 pk=-29.9 c0=4.5 c1=12.0 kw=12.02 inf=2.40 iv=1.19 n=4 d=0 sk=0 hf=96148 hm=89696 ht=283156 pf=0 pm=0 pt=0 ru=235400 rp=241852
18:47:59.933 @T t=434989 s=0.000 lv=-36.3 pk=-35.1 c0=3.9 c1=8.7 kw=8.29 inf=2.70 iv=1.12 n=3 d=0 sk=0 hf=96148 hm=89696 ht=283156 pf=0 pm=0 pt=0 ru=235400 rp=241852
18:47:59.933 @T t=435095 s=0.000 lv=-33.9 pk=-32.2 c0=3.5 c1=8.5 kw=8.32 inf=2.71 iv=1.13 n=3 d=0 sk=0 hf=96148 hm=89696 ht=283156 pf=0 pm=0 pt=0 ru=235400 rp=241852
18:47:59.934 @T t=435181 s=0.000 lv=-35.1 pk=-32.6 c0=4.2 c1=9.2 kw=9.30 inf=2.43 iv=1.15 n=3 d=0 sk=0 hf=96148 hm=89696 ht=283156 pf=0 pm=0 pt=0 ru=235400 rp=241852
18:47:59.934 @I ww=marvin cut=0.50 win=5 cool=1000 tick=100 wifi=1 srv=1 li=0 ln=0
18:47:59.934 @T t=435296 s=0.000 lv=-38.7 pk=-36.2 c0=13.3 c1=10.1 kw=9.74 inf=2.63 iv=1.16 n=4 d=0 sk=0 hf=96148 hm=89696 ht=283156 pf=0 pm=0 pt=0 ru=235400 rp=241852
18:47:59.934 @T t=435382 s=0.000 lv=-27.9 pk=-24.9 c0=4.4 c1=10.4 kw=10.43 inf=2.76 iv=1.17 n=3 d=0 sk=0 hf=96148 hm=89696 ht=283156 pf=0 pm=0 pt=0 ru=235400 rp=241852
18:47:59.934 @T t=435488 s=0.000 lv=-37.3 pk=-36.4 c0=3.5 c1=9.6 kw=9.22 inf=2.27 iv=1.09 n=4 d=0 sk=0 hf=96148 hm=89696 ht=283156 pf=0 pm=0 pt=0 ru=235400 rp=241852
18:47:59.934 @T t=435594 s=0.000 lv=-26.5 pk=-24.2 c0=7.1 c1=8.9 kw=8.74 inf=2.85 iv=1.23 n=3 d=0 sk=0 hf=96148 hm=89696 ht=283156 pf=0 pm=0 pt=0 ru=235400 rp=241852
18:47:59.934 @T t=435700 s=0.000 lv=-35.9 pk=-32.2 c0=3.4 c1=8.5 kw=8.39 inf=2.73 iv=1.14 n=3 d=0 sk=0 hf=96148 hm=89696 ht=283156 pf=0 pm=0 pt=0 ru=235400 rp=241852
18:47:59.934 @T t=435786 s=0.000 lv=-36.8 pk=-35.3 c0=4.3 c1=11.9 kw=11.68 inf=2.33 iv=1.12 n=4 d=0 sk=0 hf=96148 hm=89696 ht=283156 pf=0 pm=0 pt=0 ru=235400 rp=241852
18:47:59.934 @T t=435892 s=0.000 lv=-40.7 pk=-38.6 c0=5.4 c1=8.6 kw=8.45 inf=2.75 iv=1.16 n=3 d=0 sk=0 hf=94384 hm=89696 ht=283156 pf=0 pm=0 pt=0 ru=237164 rp=241852
18:47:59.934 @T t=435998 s=0.000 lv=-41.2 pk=-40.5 c0=5.8 c1=9.6 kw=8.98 inf=2.93 iv=1.30 n=3 d=0 sk=0 hf=96148 hm=89696 ht=283156 pf=0 pm=0 pt=0 ru=235400 rp=241852
18:47:59.934 @T t=436084 s=0.000 lv=-40.8 pk=-39.9 c0=5.2 c1=12.4 kw=12.10 inf=2.42 iv=1.21 n=4 d=0 sk=0 hf=95952 hm=89696 ht=283156 pf=0 pm=0 pt=0 ru=235596 rp=241852
18:47:59.934 @T t=436190 s=0.000 lv=-41.6 pk=-40.6 c0=4.1 c1=8.6 kw=8.45 inf=2.75 iv=1.17 n=3 d=0 sk=0 hf=96148 hm=89696 ht=283156 pf=0 pm=0 pt=0 ru=235400 rp=241852
18:47:59.934 @I ww=marvin cut=0.50 win=5 cool=1000 tick=100 wifi=1 srv=1 li=0 ln=0
18:48:02.535 @T t=436282 s=0.000 lv=-42.4 pk=-40.8 c0=4.9 c1=9.7 kw=9.70 inf=2.74 iv=1.15 n=3 d=0 sk=0 hf=96148 hm=89696 ht=283156 pf=0 pm=0 pt=0 ru=235400 rp=241852
18:48:02.536 @T t=436388 s=0.000 lv=-41.9 pk=-40.9 c0=4.0 c1=10.5 kw=9.79 inf=2.42 iv=1.20 n=4 d=0 sk=0 hf=96148 hm=89696 ht=283156 pf=0 pm=0 pt=0 ru=235400 rp=241852
18:48:02.536 @T t=436494 s=0.000 lv=-41.0 pk=-40.5 c0=4.0 c1=8.5 kw=8.35 inf=2.72 iv=1.14 n=3 d=0 sk=0 hf=96148 hm=89696 ht=283156 pf=0 pm=0 pt=0 ru=235400 rp=241852
18:48:02.536 @T t=436600 s=0.000 lv=-41.6 pk=-40.7 c0=3.5 c1=8.6 kw=8.39 inf=2.73 iv=1.14 n=3 d=0 sk=0 hf=96148 hm=89696 ht=283156 pf=0 pm=0 pt=0 ru=235400 rp=241852
18:48:02.536 @T t=436686 s=0.000 lv=-41.9 pk=-41.0 c0=4.7 c1=12.4 kw=12.16 inf=2.43 iv=1.19 n=4 d=0 sk=0 hf=96148 hm=89696 ht=283156 pf=0 pm=0 pt=0 ru=235400 rp=241852
18:48:02.536 @T t=436792 s=0.000 lv=-41.5 pk=-40.2 c0=3.4 c1=8.5 kw=8.31 inf=2.71 iv=1.13 n=3 d=0 sk=0 hf=96148 hm=89696 ht=283156 pf=0 pm=0 pt=0 ru=235400 rp=241852
18:48:02.536 @T t=436898 s=0.000 lv=-38.5 pk=-37.2 c0=3.6 c1=8.6 kw=8.46 inf=2.76 iv=1.15 n=3 d=0 sk=0 hf=96148 hm=89696 ht=283156 pf=0 pm=0 pt=0 ru=235400 rp=241852
18:48:02.536 @T t=436984 s=0.000 lv=-36.1 pk=-33.3 c0=4.9 c1=12.2 kw=11.98 inf=2.40 iv=1.17 n=4 d=0 sk=0 hf=96148 hm=89696 ht=283156 pf=0 pm=0 pt=0 ru=235400 rp=241852
18:48:02.536 @T t=437090 s=0.000 lv=-30.1 pk=-27.0 c0=3.5 c1=8.6 kw=8.39 inf=2.73 iv=1.14 n=3 d=0 sk=0 hf=96148 hm=89696 ht=283156 pf=0 pm=0 pt=0 ru=235400 rp=241852
18:48:02.536 @T t=437196 s=0.000 lv=-30.6 pk=-29.9 c0=3.4 c1=8.5 kw=8.37 inf=2.72 iv=1.13 n=3 d=0 sk=0 hf=96148 hm=89696 ht=283156 pf=0 pm=0 pt=0 ru=235400 rp=241852
18:48:02.536 @I ww=marvin cut=0.50 win=5 cool=1000 tick=100 wifi=1 srv=1 li=0 ln=0
18:48:02.536 @T t=437288 s=0.000 lv=-38.2 pk=-35.3 c0=5.0 c1=11.3 kw=11.03 inf=2.36 iv=1.16 n=4 d=0 sk=0 hf=96148 hm=89696 ht=283156 pf=0 pm=0 pt=0 ru=235400 rp=241852
18:48:02.536 @T t=437394 s=0.000 lv=-39.7 pk=-38.0 c0=3.6 c1=8.5 kw=8.37 inf=2.73 iv=1.15 n=3 d=0 sk=0 hf=96148 hm=89696 ht=283156 pf=0 pm=0 pt=0 ru=235400 rp=241852
18:48:02.536 @T t=437500 s=0.000 lv=-38.6 pk=-36.7 c0=3.4 c1=8.5 kw=8.31 inf=2.70 iv=1.12 n=3 d=0 sk=0 hf=96148 hm=89696 ht=283156 pf=0 pm=0 pt=0 ru=235400 rp=241852
18:48:02.536 @T t=437586 s=0.000 lv=-36.4 pk=-31.8 c0=4.4 c1=12.0 kw=11.78 inf=2.35 iv=1.13 n=4 d=0 sk=0 hf=96148 hm=89696 ht=283156 pf=0 pm=0 pt=0 ru=235400 rp=241852
18:48:02.536 @T t=437692 s=0.000 lv=-25.8 pk=-23.3 c0=3.4 c1=8.5 kw=8.34 inf=2.72 iv=1.13 n=3 d=0 sk=0 hf=96148 hm=89696 ht=283156 pf=0 pm=0 pt=0 ru=235400 rp=241852
18:48:02.536 @T t=437798 s=0.000 lv=-38.3 pk=-34.7 c0=3.7 c1=8.5 kw=8.29 inf=2.70 iv=1.12 n=3 d=0 sk=0 hf=96148 hm=89696 ht=283156 pf=0 pm=0 pt=0 ru=235400 rp=241852
18:48:02.536 @T t=437884 s=0.000 lv=-29.9 pk=-27.5 c0=4.5 c1=12.2 kw=11.92 inf=2.38 iv=1.17 n=4 d=0 sk=0 hf=96148 hm=89696 ht=283156 pf=0 pm=0 pt=0 ru=235400 rp=241852
18:48:02.536 @T t=437990 s=0.000 lv=-35.0 pk=-31.2 c0=7.6 c1=9.5 kw=8.96 inf=2.93 iv=1.30 n=3 d=0 sk=0 hf=96148 hm=89696 ht=283156 pf=0 pm=0 pt=0 ru=235400 rp=241852
18:48:02.536 @T t=438096 s=0.000 lv=-36.2 pk=-34.0 c0=6.9 c1=8.6 kw=8.42 inf=2.74 iv=1.14 n=3 d=0 sk=0 hf=96148 hm=89696 ht=283156 pf=0 pm=0 pt=0 ru=235400 rp=241852
18:48:02.536 @T t=438182 s=0.000 lv=-38.9 pk=-38.0 c0=4.1 c1=10.4 kw=9.32 inf=2.44 iv=1.16 n=3 d=0 sk=0 hf=96148 hm=89696 ht=283156 pf=0 pm=0 pt=0 ru=235400 rp=241852
18:48:02.536 @I ww=marvin cut=0.50 win=5 cool=1000 tick=100 wifi=1 srv=1 li=0 ln=0
18:48:02.536 @T t=438294 s=0.000 lv=-36.7 pk=-33.7 c0=4.0 c1=9.2 kw=9.71 inf=2.55 iv=1.13 n=4 d=0 sk=0 hf=96148 hm=89696 ht=283156 pf=0 pm=0 pt=0 ru=235400 rp=241852
18:48:02.536 @T t=438400 s=0.000 lv=-30.0 pk=-27.1 c0=3.6 c1=8.5 kw=8.34 inf=2.71 iv=1.13 n=3 d=0 sk=0 hf=96148 hm=89696 ht=283156 pf=0 pm=0 pt=0 ru=235400 rp=241852
18:48:02.536 @T t=438486 s=0.000 lv=-35.3 pk=-31.6 c0=7.3 c1=11.8 kw=11.60 inf=2.31 iv=1.11 n=4 d=0 sk=0 hf=96148 hm=89696 ht=283156 pf=0 pm=0 pt=0 ru=235400 rp=241852
18:48:02.536 @T t=438592 s=0.000 lv=-35.3 pk=-29.6 c0=3.9 c1=8.4 kw=8.24 inf=2.68 iv=1.11 n=3 d=0 sk=0 hf=96148 hm=89696 ht=283156 pf=0 pm=0 pt=0 ru=235400 rp=241852
18:48:02.536 @T t=438698 s=0.000 lv=-23.1 pk=-22.2 c0=3.4 c1=8.5 kw=8.32 inf=2.71 iv=1.12 n=3 d=0 sk=0 hf=96148 hm=89696 ht=283156 pf=0 pm=0 pt=0 ru=235400 rp=241852
18:48:02.536 @T t=438784 s=0.000 lv=-37.7 pk=-33.2 c0=4.1 c1=11.7 kw=11.49 inf=2.29 iv=1.10 n=4 d=0 sk=0 hf=96148 hm=89696 ht=283156 pf=0 pm=0 pt=0 ru=235400 rp=241852
18:48:05.027 @T t=438890 s=0.000 lv=-33.7 pk=-28.4 c0=3.6 c1=8.6 kw=8.37 inf=2.73 iv=1.13 n=3 d=0 sk=0 hf=96148 hm=89696 ht=283156 pf=0 pm=0 pt=0 ru=235400 rp=241852
18:48:05.028 @T t=438996 s=0.000 lv=-25.5 pk=-23.5 c0=4.5 c1=8.8 kw=8.57 inf=2.79 iv=1.19 n=3 d=0 sk=0 hf=96148 hm=89696 ht=283156 pf=0 pm=0 pt=0 ru=235400 rp=241852
18:48:05.028 @T t=439082 s=0.000 lv=-36.1 pk=-32.6 c0=4.4 c1=10.5 kw=9.39 inf=2.46 iv=1.17 n=3 d=0 sk=0 hf=96148 hm=89696 ht=283156 pf=0 pm=0 pt=0 ru=235400 rp=241852
18:48:05.028 @T t=439188 s=0.000 lv=-37.9 pk=-35.0 c0=3.4 c1=9.9 kw=10.46 inf=2.60 iv=1.18 n=4 d=0 sk=0 hf=96148 hm=89696 ht=283156 pf=0 pm=0 pt=0 ru=235400 rp=241852
18:48:05.028 @I ww=marvin cut=0.50 win=5 cool=1000 tick=100 wifi=1 srv=1 li=0 ln=0
18:48:05.028 @T t=439300 s=0.000 lv=-28.4 pk=-25.5 c0=3.9 c1=8.0 kw=7.84 inf=2.70 iv=1.12 n=3 d=0 sk=0 hf=96148 hm=89696 ht=283156 pf=0 pm=0 pt=0 ru=235400 rp=241852
18:48:05.028 @T t=439389 s=0.000 lv=-29.3 pk=-25.5 c0=4.0 c1=11.6 kw=11.38 inf=2.35 iv=1.13 n=4 d=0 sk=0 hf=96148 hm=89696 ht=283156 pf=0 pm=0 pt=0 ru=235400 rp=241852
18:48:05.028 @T t=439495 s=0.000 lv=-36.2 pk=-31.4 c0=3.5 c1=8.4 kw=8.26 inf=2.69 iv=1.11 n=3 d=0 sk=0 hf=96148 hm=89696 ht=283156 pf=0 pm=0 pt=0 ru=235400 rp=241852
18:48:05.028 @T t=439581 s=0.000 lv=-40.5 pk=-39.8 c0=4.3 c1=9.1 kw=9.22 inf=2.41 iv=1.14 n=3 d=0 sk=0 hf=96148 hm=89696 ht=283156 pf=0 pm=0 pt=0 ru=235400 rp=241852
18:48:05.028 @T t=439687 s=0.000 lv=-39.1 pk=-37.8 c0=3.4 c1=10.8 kw=10.36 inf=2.57 iv=1.09 n=4 d=0 sk=0 hf=96148 hm=89696 ht=283156 pf=0 pm=0 pt=0 ru=235400 rp=241852
18:48:05.028 @T t=439793 s=0.000 lv=-41.4 pk=-40.3 c0=3.4 c1=8.4 kw=8.24 inf=2.68 iv=1.11 n=3 d=0 sk=0 hf=96148 hm=89696 ht=283156 pf=0 pm=0 pt=0 ru=235400 rp=241852
18:48:05.028 @T t=439899 s=0.000 lv=-37.5 pk=-33.3 c0=3.6 c1=8.6 kw=8.41 inf=2.74 iv=1.14 n=3 d=0 sk=0 hf=96148 hm=89696 ht=283156 pf=0 pm=0 pt=0 ru=235400 rp=241852
18:48:05.028 @T t=439985 s=0.000 lv=-31.0 pk=-28.2 c0=4.3 c1=11.8 kw=11.62 inf=2.32 iv=1.12 n=4 d=0 sk=0 hf=96148 hm=89696 ht=283156 pf=0 pm=0 pt=0 ru=235400 rp=241852
18:48:05.028 @T t=440092 s=0.000 lv=-40.0 pk=-39.5 c0=8.4 c1=10.2 kw=9.19 inf=3.03 iv=1.38 n=3 d=0 sk=0 hf=95952 hm=89696 ht=283156 pf=0 pm=0 pt=0 ru=235596 rp=241852
18:48:05.028 @T t=440199 s=0.000 lv=-26.3 pk=-22.0 c0=4.0 c1=8.7 kw=8.54 inf=2.81 iv=1.20 n=3 d=0 sk=0 hf=96148 hm=89696 ht=283156 pf=0 pm=0 pt=0 ru=235400 rp=241852
18:48:05.028 @I ww=marvin cut=0.50 win=5 cool=1000 tick=100 wifi=1 srv=1 li=0 ln=0
18:48:05.028 @T t=440291 s=0.000 lv=-28.9 pk=-23.6 c0=13.6 c1=11.3 kw=11.09 inf=2.37 iv=1.15 n=4 d=0 sk=0 hf=96148 hm=89696 ht=283156 pf=0 pm=0 pt=0 ru=235400 rp=241852
18:48:05.028 @T t=440397 s=0.000 lv=-35.0 pk=-31.9 c0=3.6 c1=8.6 kw=8.40 inf=2.74 iv=1.15 n=3 d=0 sk=0 hf=96148 hm=89696 ht=283156 pf=0 pm=0 pt=0 ru=235400 rp=241852
18:48:05.028 @T t=440483 s=0.000 lv=-36.2 pk=-34.3 c0=4.3 c1=10.7 kw=10.51 inf=2.78 iv=1.17 n=3 d=0 sk=0 hf=96148 hm=89696 ht=283156 pf=0 pm=0 pt=0 ru=235400 rp=241852
18:48:05.028 @T t=440589 s=0.000 lv=-34.2 pk=-32.4 c0=3.5 c1=9.4 kw=9.27 inf=2.28 iv=1.10 n=4 d=0 sk=0 hf=96148 hm=89696 ht=283156 pf=0 pm=0 pt=0 ru=235400 rp=241852
18:48:05.028 @T t=440695 s=0.000 lv=-36.5 pk=-33.3 c0=3.4 c1=8.5 kw=8.30 inf=2.70 iv=1.13 n=3 d=0 sk=0 hf=96148 hm=89696 ht=283156 pf=0 pm=0 pt=0 ru=235400 rp=241852
18:48:05.028 @T t=440781 s=0.000 lv=-29.5 pk=-26.2 c0=4.2 c1=9.2 kw=9.23 inf=2.41 iv=1.14 n=3 d=0 sk=0 hf=96148 hm=89696 ht=283156 pf=0 pm=0 pt=0 ru=235400 rp=241852
18:48:05.028 @T t=440887 s=0.000 lv=-27.9 pk=-25.1 c0=3.6 c1=10.9 kw=10.47 inf=2.60 iv=1.12 n=4 d=0 sk=0 hf=96148 hm=89696 ht=283156 pf=0 pm=0 pt=0 ru=235400 rp=241852
18:48:05.028 @T t=440993 s=0.000 lv=-35.7 pk=-32.3 c0=3.4 c1=8.5 kw=8.30 inf=2.70 iv=1.13 n=3 d=0 sk=0 hf=96148 hm=89696 ht=283156 pf=0 pm=0 pt=0 ru=235400 rp=241852
18:48:05.028 @T t=441099 s=0.000 lv=-31.7 pk=-25.7 c0=4.0 c1=8.8 kw=8.60 inf=2.80 iv=1.19 n=3 d=0 sk=0 hf=96148 hm=89696 ht=283156 pf=0 pm=0 pt=0 ru=235400 rp=241852
18:48:05.028 @T t=441185 s=0.000 lv=-29.7 pk=-25.8 c0=4.9 c1=12.4 kw=12.19 inf=2.44 iv=1.22 n=4 d=0 sk=0 hf=96148 hm=89696 ht=283156 pf=0 pm=0 pt=0 ru=235400 rp=241852
18:48:05.028 @I ww=marvin cut=0.50 win=5 cool=1000 tick=100 wifi=1 srv=1 li=0 ln=0
18:48:05.028 @T t=441296 s=0.000 lv=-36.8 pk=-33.0 c0=10.9 c1=8.2 kw=7.99 inf=2.73 iv=1.14 n=3 d=0 sk=0 hf=96148 hm=89696 ht=283156 pf=0 pm=0 pt=0 ru=235400 rp=241852
18:48:07.332 @T t=441382 s=0.000 lv=-36.7 pk=-33.5 c0=4.4 c1=10.5 kw=10.47 inf=2.77 iv=1.17 n=3 d=0 sk=0 hf=96148 hm=89696 ht=283156 pf=0 pm=0 pt=0 ru=235400 rp=241852
18:48:07.332 [status] up 441s | mic -32.4 dBFS (peak -20.2) | score max 0.00 | detections 0 | inferences 333 (33.4/s; model 1.16 ms each, paused in quiet 0%; features 1.44 ms per 30 ms) | CPU core0  5.0% core1  9.7% (wake word pipeline 9.36% of one core) | RAM used 229 KB (peak 236 KB, 93 KB free) | wifi OK, server OK | audio lost since boot: i2s 0 net 0
18:48:07.332 @T t=441511 s=0.000 lv=-39.5 pk=-38.2 c0=6.7 c1=9.2 kw=8.85 inf=2.63 iv=1.18 n=4 d=0 sk=0 hf=96148 hm=89696 ht=283156 pf=0 pm=0 pt=0 ru=235400 rp=241852
18:48:07.332 @T t=441597 s=0.000 lv=-39.8 pk=-39.3 c0=4.2 c1=9.3 kw=9.14 inf=2.43 iv=1.15 n=3 d=0 sk=0 hf=96148 hm=89696 ht=283156 pf=0 pm=0 pt=0 ru=235400 rp=241852
18:48:07.332 @T t=441683 s=0.000 lv=-37.5 pk=-36.2 c0=4.8 c1=10.5 kw=10.32 inf=2.72 iv=1.14 n=3 d=0 sk=0 hf=96148 hm=89696 ht=283156 pf=0 pm=0 pt=0 ru=235400 rp=241852
18:48:07.332 @T t=441789 s=0.000 lv=-40.2 pk=-38.8 c0=3.5 c1=9.4 kw=9.21 inf=2.27 iv=1.09 n=4 d=0 sk=0 hf=96148 hm=89696 ht=283156 pf=0 pm=0 pt=0 ru=235400 rp=241852
18:48:07.332 @T t=441895 s=0.000 lv=-32.2 pk=-29.7 c0=3.6 c1=8.7 kw=8.48 inf=2.76 iv=1.16 n=3 d=0 sk=0 hf=96148 hm=89696 ht=283156 pf=0 pm=0 pt=0 ru=235400 rp=241852
18:48:07.332 @T t=441981 s=0.000 lv=-38.4 pk=-34.8 c0=4.2 c1=9.1 kw=9.18 inf=2.40 iv=1.12 n=3 d=0 sk=0 hf=96148 hm=89696 ht=283156 pf=0 pm=0 pt=0 ru=235400 rp=241852
18:48:07.332 @T t=442087 s=0.000 lv=-37.9 pk=-37.0 c0=10.8 c1=12.0 kw=11.12 inf=2.76 iv=1.25 n=4 d=0 sk=0 hf=96148 hm=89696 ht=283156 pf=0 pm=0 pt=0 ru=235400 rp=241852
18:48:07.332 @T t=442193 s=0.000 lv=-38.7 pk=-36.1 c0=3.5 c1=8.5 kw=8.38 inf=2.73 iv=1.15 n=3 d=0 sk=0 hf=96148 hm=89696 ht=283156 pf=0 pm=0 pt=0 ru=235400 rp=241852
18:48:07.332 @I ww=marvin cut=0.50 win=5 cool=1000 tick=100 wifi=1 srv=1 li=0 ln=0
18:48:07.332 @T t=442285 s=0.000 lv=-39.3 pk=-37.8 c0=4.8 c1=9.8 kw=9.63 inf=2.72 iv=1.13 n=3 d=0 sk=0 hf=96148 hm=89696 ht=283156 pf=0 pm=0 pt=0 ru=235400 rp=241852
18:48:07.332 @T t=442391 s=0.000 lv=-37.7 pk=-35.8 c0=5.1 c1=9.9 kw=9.69 inf=2.39 iv=1.18 n=4 d=0 sk=0 hf=96148 hm=89696 ht=283156 pf=0 pm=0 pt=0 ru=235400 rp=241852
18:48:07.332 @T t=442497 s=0.000 lv=-30.4 pk=-29.4 c0=4.0 c1=8.9 kw=8.29 inf=2.70 iv=1.13 n=3 d=0 sk=0 hf=96148 hm=89696 ht=283156 pf=0 pm=0 pt=0 ru=235400 rp=241852
18:48:07.332 @T t=442583 s=0.000 lv=-38.2 pk=-35.8 c0=4.3 c1=10.7 kw=10.50 inf=2.77 iv=1.17 n=3 d=0 sk=0 hf=96148 hm=89696 ht=283156 pf=0 pm=0 pt=0 ru=235400 rp=241852
18:48:07.332 @T t=442689 s=0.000 lv=-38.6 pk=-36.4 c0=3.4 c1=9.3 kw=9.12 inf=2.24 iv=1.07 n=4 d=0 sk=0 hf=96148 hm=89696 ht=283156 pf=0 pm=0 pt=0 ru=235400 rp=241852
18:48:07.332 @T t=442798 s=0.000 lv=-41.1 pk=-40.7 c0=3.1 c1=8.2 kw=8.02 inf=2.68 iv=1.11 n=3 d=0 sk=0 hf=96148 hm=89696 ht=283156 pf=0 pm=0 pt=0 ru=235400 rp=241852
18:48:07.332 @T t=442884 s=0.000 lv=-40.2 pk=-39.3 c0=4.4 c1=10.8 kw=10.58 inf=2.79 iv=1.18 n=3 d=0 sk=0 hf=96148 hm=89696 ht=283156 pf=0 pm=0 pt=0 ru=235400 rp=241852
18:48:07.332 @T t=442990 s=0.000 lv=-41.3 pk=-40.6 c0=6.6 c1=9.4 kw=9.18 inf=2.26 iv=1.08 n=4 d=0 sk=0 hf=96148 hm=89696 ht=283156 pf=0 pm=0 pt=0 ru=235400 rp=241852
18:48:07.332 @T t=443096 s=0.000 lv=-41.2 pk=-39.0 c0=4.0 c1=8.5 kw=8.28 inf=2.69 iv=1.12 n=3 d=0 sk=0 hf=96148 hm=89696 ht=283156 pf=0 pm=0 pt=0 ru=235400 rp=241852
18:48:07.332 @T t=443182 s=0.000 lv=-40.2 pk=-39.5 c0=4.3 c1=10.5 kw=10.45 inf=2.76 iv=1.17 n=3 d=0 sk=0 hf=96148 hm=89696 ht=283156 pf=0 pm=0 pt=0 ru=235400 rp=241852
18:48:07.332 @I ww=marvin cut=0.50 win=5 cool=1000 tick=100 wifi=1 srv=1 li=0 ln=0
18:48:07.333 @T t=443294 s=0.000 lv=-42.1 pk=-40.6 c0=4.0 c1=9.1 kw=8.75 inf=2.28 iv=1.09 n=4 d=0 sk=0 hf=96148 hm=89696 ht=283156 pf=0 pm=0 pt=0 ru=235400 rp=241852
18:48:07.333 @T t=443400 s=0.000 lv=-41.7 pk=-40.9 c0=3.6 c1=8.5 kw=8.30 inf=2.70 iv=1.12 n=3 d=0 sk=0 hf=96148 hm=89696 ht=283156 pf=0 pm=0 pt=0 ru=235400 rp=241852
18:48:07.333 @T t=443489 s=0.000 lv=-42.7 pk=-41.5 c0=4.5 c1=10.7 kw=10.49 inf=2.86 iv=1.23 n=3 d=0 sk=0 hf=96148 hm=89696 ht=283156 pf=0 pm=0 pt=0 ru=235400 rp=241852
18:48:07.333 @T t=443595 s=0.000 lv=-41.4 pk=-40.0 c0=6.5 c1=9.9 kw=9.66 inf=2.38 iv=1.17 n=4 d=0 sk=0 hf=96148 hm=89696 ht=283156 pf=0 pm=0 pt=0 ru=235400 rp=241852
18:48:09.847 @T t=443681 s=0.000 lv=-33.3 pk=-30.4 c0=4.2 c1=8.0 kw=8.05 inf=3.12 iv=1.20 n=2 d=0 sk=0 hf=96148 hm=89696 ht=283156 pf=0 pm=0 pt=0 ru=235400 rp=241852
18:48:09.847 @T t=443787 s=0.000 lv=-36.3 pk=-35.4 c0=3.5 c1=10.9 kw=10.54 inf=2.62 iv=1.19 n=4 d=0 sk=0 hf=96148 hm=89696 ht=283156 pf=0 pm=0 pt=0 ru=235400 rp=241852
18:48:09.847 @T t=443893 s=0.000 lv=-21.9 pk=-19.5 c0=3.6 c1=9.6 kw=9.45 inf=2.33 iv=1.12 n=4 d=0 sk=0 hf=96148 hm=89696 ht=283156 pf=0 pm=0 pt=0 ru=235400 rp=241852
18:48:09.847 @T t=443999 s=0.000 lv=-27.1 pk=-21.1 c0=3.4 c1=8.4 kw=8.25 inf=2.69 iv=1.11 n=3 d=0 sk=0 hf=96148 hm=89696 ht=283156 pf=0 pm=0 pt=0 ru=235400 rp=241852
18:48:09.847 @T t=444085 s=0.000 lv=-37.5 pk=-35.1 c0=4.3 c1=10.6 kw=10.42 inf=2.75 iv=1.15 n=3 d=0 sk=0 hf=96148 hm=89696 ht=283156 pf=0 pm=0 pt=0 ru=235400 rp=241852
18:48:09.847 @T t=444192 s=0.000 lv=-35.8 pk=-30.1 c0=7.0 c1=10.8 kw=9.81 inf=2.44 iv=1.23 n=4 d=0 sk=0 hf=96148 hm=89696 ht=283156 pf=0 pm=0 pt=0 ru=235400 rp=241852
18:48:09.847 @I ww=marvin cut=0.50 win=5 cool=1000 tick=100 wifi=1 srv=1 li=0 ln=0
18:48:09.847 @T t=444284 s=0.000 lv=-26.7 pk=-26.5 c0=4.9 c1=9.8 kw=9.60 inf=2.71 iv=1.13 n=3 d=0 sk=0 hf=96148 hm=89696 ht=283156 pf=0 pm=0 pt=0 ru=235400 rp=241852
18:48:09.847 @T t=444390 s=0.000 lv=-37.1 pk=-32.8 c0=4.1 c1=8.9 kw=8.67 inf=2.82 iv=1.23 n=3 d=0 sk=0 hf=96148 hm=89696 ht=283156 pf=0 pm=0 pt=0 ru=235400 rp=241852
18:48:09.847 @T t=444496 s=0.000 lv=-38.5 pk=-36.7 c0=3.5 c1=9.4 kw=9.27 inf=2.28 iv=1.10 n=4 d=0 sk=0 hf=96148 hm=89696 ht=283156 pf=0 pm=0 pt=0 ru=235400 rp=241852
18:48:09.847 @T t=444582 s=0.000 lv=-35.8 pk=-31.9 c0=4.3 c1=9.1 kw=8.05 inf=3.11 iv=1.20 n=2 d=0 sk=0 hf=96148 hm=89696 ht=283156 pf=0 pm=0 pt=0 ru=235400 rp=241852
18:48:09.847 @T t=444688 s=0.000 lv=-40.0 pk=-39.4 c0=3.8 c1=10.4 kw=10.84 inf=2.70 iv=1.19 n=4 d=0 sk=0 hf=96148 hm=89696 ht=283156 pf=0 pm=0 pt=0 ru=235400 rp=241852
18:48:09.847 @T t=444794 s=0.000 lv=-35.7 pk=-33.2 c0=6.1 c1=9.4 kw=9.25 inf=2.28 iv=1.09 n=4 d=0 sk=0 hf=96148 hm=89696 ht=283156 pf=0 pm=0 pt=0 ru=235400 rp=241852
18:48:09.847 @T t=444900 s=0.000 lv=-38.3 pk=-36.2 c0=3.6 c1=8.7 kw=8.48 inf=2.76 iv=1.16 n=3 d=0 sk=0 hf=96148 hm=89696 ht=283156 pf=0 pm=0 pt=0 ru=235400 rp=241852
18:48:09.847 @T t=444986 s=0.000 lv=-37.8 pk=-36.4 c0=4.3 c1=10.7 kw=10.52 inf=2.77 iv=1.16 n=3 d=0 sk=0 hf=96148 hm=89696 ht=283156 pf=0 pm=0 pt=0 ru=235400 rp=241852
18:48:09.847 @T t=445092 s=0.000 lv=-39.0 pk=-37.2 c0=3.5 c1=9.5 kw=9.32 inf=2.30 iv=1.11 n=4 d=0 sk=0 hf=96148 hm=89696 ht=283156 pf=0 pm=0 pt=0 ru=235400 rp=241852
18:48:09.847 @T t=445198 s=0.000 lv=-36.4 pk=-33.4 c0=3.9 c1=8.7 kw=8.55 inf=2.79 iv=1.19 n=3 d=0 sk=0 hf=96148 hm=89696 ht=283156 pf=0 pm=0 pt=0 ru=235400 rp=241852
18:48:09.847 @I ww=marvin cut=0.50 win=5 cool=1000 tick=100 wifi=1 srv=1 li=0 ln=0
18:48:09.847 @T t=445290 s=0.000 lv=-32.5 pk=-30.6 c0=5.0 c1=10.1 kw=9.90 inf=2.80 iv=1.19 n=3 d=0 sk=0 hf=96148 hm=89696 ht=283156 pf=0 pm=0 pt=0 ru=235400 rp=241852
18:48:09.847 @T t=445396 s=0.000 lv=-34.8 pk=-32.0 c0=3.6 c1=9.5 kw=9.32 inf=2.30 iv=1.11 n=4 d=0 sk=0 hf=96148 hm=89696 ht=283156 pf=0 pm=0 pt=0 ru=235400 rp=241852
18:48:09.847 @T t=445482 s=0.000 lv=-35.3 pk=-32.8 c0=4.2 c1=9.1 kw=8.03 inf=3.11 iv=1.19 n=2 d=0 sk=0 hf=96148 hm=89696 ht=283156 pf=0 pm=0 pt=0 ru=235400 rp=241852
18:48:09.847 @T t=445588 s=0.000 lv=-36.9 pk=-36.2 c0=3.5 c1=9.9 kw=10.44 inf=2.59 iv=1.11 n=4 d=0 sk=0 hf=96148 hm=89696 ht=283156 pf=0 pm=0 pt=0 ru=235400 rp=241852
18:48:09.847 @T t=445694 s=0.000 lv=-37.3 pk=-35.5 c0=3.4 c1=9.4 kw=9.25 inf=2.28 iv=1.10 n=4 d=0 sk=0 hf=96148 hm=89696 ht=283156 pf=0 pm=0 pt=0 ru=235400 rp=241852
18:48:09.847 @T t=445800 s=0.000 lv=-40.0 pk=-39.0 c0=3.8 c1=9.1 kw=8.88 inf=2.90 iv=1.29 n=3 d=0 sk=0 hf=96148 hm=89696 ht=283156 pf=0 pm=0 pt=0 ru=235400 rp=241852
18:48:09.847 @T t=445889 s=0.000 lv=-29.9 pk=-27.9 c0=11.1 c1=10.5 kw=10.27 inf=2.80 iv=1.16 n=3 d=0 sk=0 hf=96148 hm=89696 ht=283156 pf=0 pm=0 pt=0 ru=235400 rp=241852
18:48:09.847 @T t=445995 s=0.000 lv=-38.4 pk=-34.5 c0=3.4 c1=9.6 kw=9.40 inf=2.32 iv=1.13 n=4 d=0 sk=0 hf=96148 hm=89696 ht=283156 pf=0 pm=0 pt=0 ru=235400 rp=241852
18:48:09.847 @T t=446081 s=0.000 lv=-35.6 pk=-33.5 c0=8.3 c1=8.1 kw=8.13 inf=3.15 iv=1.23 n=2 d=0 sk=0 hf=96148 hm=89696 ht=283156 pf=0 pm=0 pt=0 ru=235400 rp=241852
18:48:09.847 @T t=446190 s=0.000 lv=-36.5 pk=-32.9 c0=7.2 c1=11.9 kw=11.07 inf=2.83 iv=1.34 n=4 d=0 sk=0 hf=96148 hm=89696 ht=283156 pf=0 pm=0 pt=0 ru=235400 rp=241852
18:48:12.438 @I ww=marvin cut=0.50 win=5 cool=1000 tick=100 wifi=1 srv=1 li=0 ln=0
18:48:12.438 @T t=446281 s=0.000 lv=-35.9 pk=-34.3 c0=13.3 c1=8.7 kw=8.77 inf=2.43 iv=1.16 n=3 d=0 sk=0 hf=96148 hm=89696 ht=283156 pf=0 pm=0 pt=0 ru=235400 rp=241852
18:48:12.438 @T t=446389 s=0.000 lv=-37.7 pk=-35.9 c0=4.6 c1=11.4 kw=10.99 inf=2.79 iv=1.28 n=4 d=0 sk=0 hf=96148 hm=89696 ht=283156 pf=0 pm=0 pt=0 ru=235400 rp=241852
18:48:12.438 @T t=446495 s=0.000 lv=-26.0 pk=-22.6 c0=3.6 c1=8.5 kw=8.31 inf=2.70 iv=1.12 n=3 d=0 sk=0 hf=96148 hm=89696 ht=283156 pf=0 pm=0 pt=0 ru=235400 rp=241852
18:48:12.438 @T t=446581 s=0.000 lv=-22.7 pk=-21.9 c0=4.1 c1=9.2 kw=9.28 inf=2.43 iv=1.13 n=3 d=0 sk=0 hf=96148 hm=89696 ht=283156 pf=0 pm=0 pt=0 ru=235400 rp=241852
18:48:12.438 @T t=446690 s=0.000 lv=-32.9 pk=-29.2 c0=8.9 c1=10.6 kw=10.21 inf=2.61 iv=1.14 n=4 d=0 sk=0 hf=96148 hm=89696 ht=283156 pf=0 pm=0 pt=0 ru=235400 rp=241852
18:48:12.438 @T t=446796 s=0.000 lv=-36.5 pk=-33.5 c0=6.6 c1=8.4 kw=8.26 inf=2.69 iv=1.11 n=3 d=0 sk=0 hf=96148 hm=89696 ht=283156 pf=0 pm=0 pt=0 ru=235400 rp=241852
18:48:12.438 @T t=446882 s=0.000 lv=-41.9 pk=-40.9 c0=4.4 c1=10.7 kw=9.59 inf=2.51 iv=1.20 n=3 d=0 sk=0 hf=96148 hm=89696 ht=283156 pf=0 pm=0 pt=0 ru=235400 rp=241852
18:48:12.438 @T t=446989 s=0.000 lv=-40.8 pk=-39.5 c0=7.1 c1=10.0 kw=10.55 inf=2.65 iv=1.24 n=4 d=0 sk=0 hf=96148 hm=89696 ht=283156 pf=0 pm=0 pt=0 ru=235400 rp=241852
18:48:12.438 @T t=447095 s=0.000 lv=-41.1 pk=-39.7 c0=6.1 c1=8.4 kw=8.27 inf=2.69 iv=1.12 n=3 d=0 sk=0 hf=96148 hm=89696 ht=283156 pf=0 pm=0 pt=0 ru=235400 rp=241852
18:48:12.438 @T t=447181 s=0.000 lv=-42.1 pk=-41.0 c0=4.7 c1=9.1 kw=9.19 inf=2.40 iv=1.12 n=3 d=0 sk=0 hf=96148 hm=89696 ht=283156 pf=0 pm=0 pt=0 ru=235400 rp=241852
18:48:12.438 @I ww=marvin cut=0.50 win=5 cool=1000 tick=100 wifi=1 srv=1 li=0 ln=0
18:48:12.439 @T t=447296 s=0.000 lv=-36.5 pk=-34.5 c0=13.3 c1=10.3 kw=9.92 inf=2.68 iv=1.19 n=4 d=0 sk=0 hf=96148 hm=89696 ht=283156 pf=0 pm=0 pt=0 ru=235400 rp=241852
18:48:12.439 @T t=447383 s=0.000 lv=-33.1 pk=-30.8 c0=4.3 c1=10.5 kw=10.30 inf=2.75 iv=1.15 n=3 d=0 sk=0 hf=96148 hm=89696 ht=283156 pf=0 pm=0 pt=0 ru=235400 rp=241852
18:48:12.439 @T t=447489 s=0.000 lv=-37.2 pk=-34.9 c0=3.5 c1=9.4 kw=9.18 inf=2.26 iv=1.08 n=4 d=0 sk=0 hf=96148 hm=89696 ht=283156 pf=0 pm=0 pt=0 ru=235400 rp=241852
18:48:12.439 @T t=447595 s=0.000 lv=-28.7 pk=-23.6 c0=3.5 c1=8.5 kw=8.32 inf=2.71 iv=1.12 n=3 d=0 sk=0 hf=96148 hm=89696 ht=283156 pf=0 pm=0 pt=0 ru=235400 rp=241852
18:48:12.439 @T t=447681 s=0.000 lv=-23.2 pk=-20.0 c0=4.2 c1=9.2 kw=9.26 inf=2.42 iv=1.14 n=3 d=0 sk=0 hf=96148 hm=89696 ht=283156 pf=0 pm=0 pt=0 ru=235400 rp=241852
18:48:12.439 @T t=447787 s=0.000 lv=-38.4 pk=-35.8 c0=3.4 c1=10.7 kw=10.34 inf=2.57 iv=1.09 n=4 d=0 sk=0 hf=96148 hm=89696 ht=283156 pf=0 pm=0 pt=0 ru=235400 rp=241852
18:48:12.439 @T t=447893 s=0.000 lv=-39.6 pk=-38.9 c0=3.6 c1=8.6 kw=8.40 inf=2.73 iv=1.14 n=3 d=0 sk=0 hf=96148 hm=89696 ht=283156 pf=0 pm=0 pt=0 ru=235400 rp=241852
18:48:12.439 @T t=447999 s=0.000 lv=-36.9 pk=-35.5 c0=3.4 c1=8.5 kw=8.33 inf=2.71 iv=1.13 n=3 d=0 sk=0 hf=96148 hm=89696 ht=283156 pf=0 pm=0 pt=0 ru=235400 rp=241852
18:48:12.439 @T t=448085 s=0.000 lv=-40.4 pk=-38.2 c0=4.9 c1=12.5 kw=12.20 inf=2.44 iv=1.22 n=4 d=0 sk=0 hf=96148 hm=89696 ht=283156 pf=0 pm=0 pt=0 ru=235400 rp=241852
18:48:12.439 @T t=448191 s=0.000 lv=-37.6 pk=-33.2 c0=5.4 c1=9.1 kw=8.87 inf=2.89 iv=1.26 n=3 d=0 sk=0 hf=94384 hm=89696 ht=283156 pf=0 pm=0 pt=0 ru=237164 rp=241852
18:48:12.439 @I ww=marvin cut=0.50 win=5 cool=1000 tick=100 wifi=1 srv=1 li=0 ln=0
18:48:12.439 @T t=448283 s=0.000 lv=-34.2 pk=-32.1 c0=7.2 c1=10.9 kw=10.26 inf=2.90 iv=1.29 n=3 d=0 sk=0 hf=96148 hm=89696 ht=283156 pf=0 pm=0 pt=0 ru=235400 rp=241852
18:48:12.439 @T t=448389 s=0.000 lv=-39.5 pk=-37.5 c0=4.1 c1=9.8 kw=9.62 inf=2.37 iv=1.17 n=4 d=0 sk=0 hf=96148 hm=89696 ht=283156 pf=0 pm=0 pt=0 ru=235400 rp=241852
18:48:12.439 @T t=448495 s=0.000 lv=-38.9 pk=-36.0 c0=3.6 c1=8.5 kw=8.33 inf=2.71 iv=1.13 n=3 d=0 sk=0 hf=96148 hm=89696 ht=283156 pf=0 pm=0 pt=0 ru=235400 rp=241852
18:48:12.439 @T t=448581 s=0.000 lv=-38.6 pk=-36.8 c0=4.3 c1=9.2 kw=9.25 inf=2.42 iv=1.14 n=3 d=0 sk=0 hf=96148 hm=89696 ht=283156 pf=0 pm=0 pt=0 ru=235400 rp=241852
18:48:12.439 @T t=448687 s=0.000 lv=-39.8 pk=-39.4 c0=3.4 c1=10.8 kw=10.36 inf=2.57 iv=1.09 n=4 d=0 sk=0 hf=96148 hm=89696 ht=283156 pf=0 pm=0 pt=0 ru=235400 rp=241852
18:48:14.946 @T t=448793 s=0.000 lv=-39.4 pk=-37.0 c0=3.4 c1=8.4 kw=8.27 inf=2.69 iv=1.13 n=3 d=0 sk=0 hf=96148 hm=89696 ht=283156 pf=0 pm=0 pt=0 ru=235400 rp=241852
18:48:14.946 @T t=448899 s=0.000 lv=-35.1 pk=-30.4 c0=3.6 c1=8.6 kw=8.46 inf=2.76 iv=1.16 n=3 d=0 sk=0 hf=96148 hm=89696 ht=283156 pf=0 pm=0 pt=0 ru=235400 rp=241852
18:48:14.947 @T t=448985 s=0.000 lv=-32.8 pk=-29.3 c0=4.3 c1=11.9 kw=11.63 inf=2.32 iv=1.12 n=4 d=0 sk=0 hf=96148 hm=89696 ht=283156 pf=0 pm=0 pt=0 ru=235400 rp=241852
18:48:14.947 @T t=449091 s=0.000 lv=-38.0 pk=-35.6 c0=3.5 c1=8.6 kw=8.40 inf=2.74 iv=1.15 n=3 d=0 sk=0 hf=96148 hm=89696 ht=283156 pf=0 pm=0 pt=0 ru=235400 rp=241852
18:48:14.947 @T t=449197 s=0.000 lv=-35.9 pk=-31.2 c0=3.8 c1=8.9 kw=8.71 inf=2.84 iv=1.23 n=3 d=0 sk=0 hf=96148 hm=89696 ht=283156 pf=0 pm=0 pt=0 ru=235400 rp=241852
18:48:14.947 @I ww=marvin cut=0.50 win=5 cool=1000 tick=100 wifi=1 srv=1 li=0 ln=0
18:48:14.947 @T t=449289 s=0.000 lv=-25.7 pk=-23.5 c0=5.6 c1=11.5 kw=11.29 inf=2.41 iv=1.19 n=4 d=0 sk=0 hf=96148 hm=89696 ht=283156 pf=0 pm=0 pt=0 ru=235400 rp=241852
18:48:14.947 @T t=449395 s=0.000 lv=-35.7 pk=-31.7 c0=3.6 c1=8.5 kw=8.38 inf=2.73 iv=1.15 n=3 d=0 sk=0 hf=96148 hm=89696 ht=283156 pf=0 pm=0 pt=0 ru=235400 rp=241852
18:48:14.947 @T t=449481 s=0.000 lv=-28.7 pk=-23.8 c0=4.2 c1=9.2 kw=9.27 inf=2.43 iv=1.14 n=3 d=0 sk=0 hf=96148 hm=89696 ht=283156 pf=0 pm=0 pt=0 ru=235400 rp=241852
18:48:14.948 @T t=449587 s=0.000 lv=-27.6 pk=-24.7 c0=3.5 c1=10.8 kw=10.42 inf=2.59 iv=1.10 n=4 d=0 sk=0 hf=96148 hm=89696 ht=283156 pf=0 pm=0 pt=0 ru=235400 rp=241852
18:48:14.948 @T t=449693 s=0.000 lv=-30.8 pk=-28.0 c0=3.4 c1=8.5 kw=8.30 inf=2.70 iv=1.13 n=3 d=0 sk=0 hf=96148 hm=89696 ht=283156 pf=0 pm=0 pt=0 ru=235400 rp=241852
18:48:14.948 @T t=449799 s=0.000 lv=-33.1 pk=-27.2 c0=3.4 c1=8.5 kw=8.34 inf=2.72 iv=1.14 n=3 d=0 sk=0 hf=96148 hm=89696 ht=283156 pf=0 pm=0 pt=0 ru=235400 rp=241852
18:48:14.948 @T t=449885 s=0.000 lv=-29.7 pk=-27.3 c0=8.4 c1=12.1 kw=11.84 inf=2.37 iv=1.15 n=4 d=0 sk=0 hf=96148 hm=89696 ht=283156 pf=0 pm=0 pt=0 ru=235400 rp=241852
18:48:14.948 @T t=449991 s=0.000 lv=-37.9 pk=-34.1 c0=3.4 c1=8.5 kw=8.31 inf=2.71 iv=1.13 n=3 d=0 sk=0 hf=96148 hm=89696 ht=283156 pf=0 pm=0 pt=0 ru=235400 rp=241852
18:48:14.948 @T t=450097 s=0.000 lv=-36.9 pk=-33.9 c0=3.5 c1=8.4 kw=8.27 inf=2.69 iv=1.11 n=3 d=0 sk=0 hf=96148 hm=89696 ht=283156 pf=0 pm=0 pt=0 ru=235400 rp=241852
18:48:14.948 @T t=450183 s=0.000 lv=-31.9 pk=-29.1 c0=4.2 c1=11.6 kw=11.60 inf=2.32 iv=1.12 n=4 d=0 sk=0 hf=96148 hm=89696 ht=283156 pf=0 pm=0 pt=0 ru=235400 rp=241852
18:48:14.949 @I ww=marvin cut=0.50 win=5 cool=1000 tick=100 wifi=1 srv=1 li=0 ln=0
18:48:14.949 @T t=450295 s=0.000 lv=-33.7 pk=-31.2 c0=7.8 c1=9.6 kw=8.77 inf=3.03 iv=1.37 n=3 d=0 sk=0 hf=96148 hm=89696 ht=283156 pf=0 pm=0 pt=0 ru=235400 rp=241852
18:48:14.949 @T t=450381 s=0.000 lv=-37.2 pk=-33.5 c0=5.6 c1=9.7 kw=9.79 inf=2.57 iv=1.25 n=3 d=0 sk=0 hf=96148 hm=89696 ht=283156 pf=0 pm=0 pt=0 ru=235400 rp=241852
18:48:14.949 @T t=450487 s=0.000 lv=-35.3 pk=-33.1 c0=3.5 c1=10.8 kw=10.44 inf=2.59 iv=1.10 n=4 d=0 sk=0 hf=96148 hm=89696 ht=283156 pf=0 pm=0 pt=0 ru=235400 rp=241852
18:48:14.949 @T t=450593 s=0.000 lv=-37.7 pk=-33.6 c0=3.5 c1=8.5 kw=8.35 inf=2.72 iv=1.14 n=3 d=0 sk=0 hf=96148 hm=89696 ht=283156 pf=0 pm=0 pt=0 ru=235400 rp=241852
18:48:14.949 @T t=450699 s=0.000 lv=-39.0 pk=-37.9 c0=3.4 c1=8.5 kw=8.29 inf=2.70 iv=1.12 n=3 d=0 sk=0 hf=96148 hm=89696 ht=283156 pf=0 pm=0 pt=0 ru=235400 rp=241852
18:48:14.949 @T t=450785 s=0.000 lv=-40.8 pk=-39.5 c0=4.2 c1=11.8 kw=11.58 inf=2.31 iv=1.12 n=4 d=0 sk=0 hf=96148 hm=89696 ht=283156 pf=0 pm=0 pt=0 ru=235400 rp=241852
18:48:14.950 @T t=450891 s=0.000 lv=-40.3 pk=-39.7 c0=3.6 c1=8.6 kw=8.39 inf=2.73 iv=1.14 n=3 d=0 sk=0 hf=96148 hm=89696 ht=283156 pf=0 pm=0 pt=0 ru=235400 rp=241852
18:48:14.950 @T t=450997 s=0.000 lv=-40.8 pk=-39.8 c0=3.4 c1=8.4 kw=8.28 inf=2.69 iv=1.12 n=3 d=0 sk=0 hf=96148 hm=89696 ht=283156 pf=0 pm=0 pt=0 ru=235400 rp=241852
18:48:14.950 @T t=451083 s=0.000 lv=-40.2 pk=-39.4 c0=4.2 c1=11.6 kw=11.58 inf=2.31 iv=1.11 n=4 d=0 sk=0 hf=96148 hm=89696 ht=283156 pf=0 pm=0 pt=0 ru=235400 rp=241852
18:48:14.950 @T t=451189 s=0.000 lv=-40.7 pk=-38.8 c0=3.4 c1=8.6 kw=8.22 inf=2.67 iv=1.10 n=3 d=0 sk=0 hf=96148 hm=89696 ht=283156 pf=0 pm=0 pt=0 ru=235400 rp=241852
18:48:14.950 @I ww=marvin cut=0.50 win=5 cool=1000 tick=100 wifi=1 srv=1 li=0 ln=0
18:48:17.246 @T t=451300 s=0.000 lv=-40.6 pk=-40.0 c0=4.5 c1=8.1 kw=7.94 inf=2.70 iv=1.12 n=3 d=0 sk=0 hf=96148 hm=89696 ht=283156 pf=0 pm=0 pt=0 ru=235400 rp=241852
18:48:17.247 @T t=451389 s=0.000 lv=-40.7 pk=-39.2 c0=4.0 c1=11.6 kw=11.36 inf=2.35 iv=1.12 n=4 d=0 sk=0 hf=96148 hm=89696 ht=283156 pf=0 pm=0 pt=0 ru=235400 rp=241852
18:48:17.247 [status] up 451s | mic -32.9 dBFS (peak -19.5) | score max 0.00 | detections 0 | inferences 334 (33.4/s; model 1.15 ms each, paused in quiet 0%; features 1.44 ms per 30 ms) | CPU core0  4.7% core1  9.6% (wake word pipeline 9.36% of one core) | RAM used 229 KB (peak 236 KB, 93 KB free) | wifi OK, server OK | audio lost since boot: i2s 0 net 0
18:48:17.248 @T t=451517 s=0.000 lv=-41.1 pk=-40.3 c0=21.0 c1=9.3 kw=9.11 inf=2.69 iv=1.22 n=4 d=0 sk=0 hf=96148 hm=89696 ht=283156 pf=0 pm=0 pt=0 ru=235400 rp=241852
18:48:17.248 @T t=451583 s=0.000 lv=-35.7 pk=-33.4 c0=10.5 c1=10.5 kw=10.26 inf=3.11 iv=1.18 n=2 d=0 sk=0 hf=96148 hm=89696 ht=283156 pf=0 pm=0 pt=0 ru=235400 rp=241852
18:48:17.248 @T t=451689 s=0.000 lv=-40.7 pk=-40.3 c0=3.4 c1=9.3 kw=9.14 inf=2.25 iv=1.07 n=4 d=0 sk=0 hf=96148 hm=89696 ht=283156 pf=0 pm=0 pt=0 ru=235400 rp=241852
18:48:17.248 @T t=451795 s=0.000 lv=-33.1 pk=-30.6 c0=3.4 c1=8.5 kw=8.29 inf=2.70 iv=1.11 n=3 d=0 sk=0 hf=96148 hm=89696 ht=283156 pf=0 pm=0 pt=0 ru=235400 rp=241852
18:48:17.248 @T t=451881 s=0.000 lv=-39.8 pk=-37.1 c0=4.4 c1=9.2 kw=9.30 inf=2.43 iv=1.15 n=3 d=0 sk=0 hf=96148 hm=89696 ht=283156 pf=0 pm=0 pt=0 ru=235400 rp=241852
18:48:17.249 @T t=451987 s=0.000 lv=-19.2 pk=-18.2 c0=3.4 c1=10.8 kw=10.40 inf=2.58 iv=1.09 n=4 d=0 sk=0 hf=96148 hm=89696 ht=283156 pf=0 pm=0 pt=0 ru=235400 rp=241852
18:48:17.249 @T t=452093 s=0.000 lv=-21.1 pk=-18.1 c0=3.4 c1=8.5 kw=8.29 inf=2.70 iv=1.12 n=3 d=0 sk=0 hf=96148 hm=89696 ht=283156 pf=0 pm=0 pt=0 ru=235400 rp=241852
18:48:17.249 @T t=452199 s=0.000 lv=-32.9 pk=-28.5 c0=3.4 c1=8.4 kw=8.27 inf=2.69 iv=1.12 n=3 d=0 sk=0 hf=96148 hm=89696 ht=283156 pf=0 pm=0 pt=0 ru=235400 rp=241852
18:48:17.249 @I ww=marvin cut=0.50 win=5 cool=1000 tick=100 wifi=1 srv=1 li=0 ln=0
18:48:17.249 @T t=452291 s=0.000 lv=-25.4 pk=-23.2 c0=5.0 c1=11.2 kw=10.98 inf=2.35 iv=1.14 n=4 d=0 sk=0 hf=96148 hm=89696 ht=283156 pf=0 pm=0 pt=0 ru=235400 rp=241852
18:48:17.249 @T t=452397 s=0.000 lv=-37.3 pk=-34.0 c0=7.1 c1=10.4 kw=8.88 inf=2.90 iv=1.24 n=3 d=0 sk=0 hf=96148 hm=89696 ht=283156 pf=0 pm=0 pt=0 ru=235400 rp=241852
18:48:17.250 @T t=452483 s=0.000 lv=-34.3 pk=-31.1 c0=4.4 c1=10.7 kw=10.55 inf=2.79 iv=1.19 n=3 d=0 sk=0 hf=96148 hm=89696 ht=283156 pf=0 pm=0 pt=0 ru=235400 rp=241852
18:48:17.250 @T t=452589 s=0.000 lv=-35.5 pk=-32.2 c0=3.8 c1=9.9 kw=9.68 inf=2.39 iv=1.17 n=4 d=0 sk=0 hf=96148 hm=89696 ht=283156 pf=0 pm=0 pt=0 ru=235400 rp=241852
18:48:17.250 @T t=452695 s=0.000 lv=-38.1 pk=-35.7 c0=3.4 c1=8.5 kw=8.32 inf=2.71 iv=1.14 n=3 d=0 sk=0 hf=96148 hm=89696 ht=283156 pf=0 pm=0 pt=0 ru=235400 rp=241852
18:48:17.250 @T t=452781 s=0.000 lv=-38.0 pk=-36.0 c0=4.2 c1=9.2 kw=9.24 inf=2.42 iv=1.14 n=3 d=0 sk=0 hf=96148 hm=89696 ht=283156 pf=0 pm=0 pt=0 ru=235400 rp=241852
18:48:17.250 @T t=452887 s=0.000 lv=-35.7 pk=-33.7 c0=3.6 c1=10.9 kw=10.46 inf=2.60 iv=1.12 n=4 d=0 sk=0 hf=96148 hm=89696 ht=283156 pf=0 pm=0 pt=0 ru=235400 rp=241852
18:48:17.250 @T t=452993 s=0.000 lv=-39.7 pk=-37.9 c0=3.4 c1=8.5 kw=8.32 inf=2.71 iv=1.13 n=3 d=0 sk=0 hf=96148 hm=89696 ht=283156 pf=0 pm=0 pt=0 ru=235400 rp=241852
18:48:17.250 @T t=453099 s=0.000 lv=-22.9 pk=-20.6 c0=3.7 c1=8.6 kw=8.38 inf=2.73 iv=1.14 n=3 d=0 sk=0 hf=96148 hm=89696 ht=283156 pf=0 pm=0 pt=0 ru=235400 rp=241852
18:48:17.250 @T t=453185 s=0.000 lv=-27.9 pk=-22.3 c0=4.3 c1=11.8 kw=11.60 inf=2.32 iv=1.12 n=4 d=0 sk=0 hf=96148 hm=89696 ht=283156 pf=0 pm=0 pt=0 ru=235400 rp=241852
18:48:17.251 @I ww=marvin cut=0.50 win=5 cool=1000 tick=100 wifi=1 srv=1 li=0 ln=0
18:48:17.251 @T t=453297 s=0.000 lv=-25.8 pk=-24.0 c0=4.0 c1=8.0 kw=7.88 inf=2.71 iv=1.13 n=3 d=0 sk=0 hf=96148 hm=89696 ht=283156 pf=0 pm=0 pt=0 ru=235400 rp=241852
18:48:17.251 @T t=453383 s=0.000 lv=-41.0 pk=-38.0 c0=5.4 c1=11.4 kw=11.11 inf=2.94 iv=1.30 n=3 d=0 sk=0 hf=96148 hm=89696 ht=283156 pf=0 pm=0 pt=0 ru=235400 rp=241852
18:48:17.251 @T t=453489 s=0.000 lv=-35.6 pk=-32.1 c0=3.6 c1=9.4 kw=9.28 inf=2.29 iv=1.10 n=4 d=0 sk=0 hf=96148 hm=89696 ht=283156 pf=0 pm=0 pt=0 ru=235400 rp=241852
18:48:19.828 @T t=453595 s=0.000 lv=-36.7 pk=-31.2 c0=3.5 c1=8.6 kw=8.38 inf=2.73 iv=1.14 n=3 d=0 sk=0 hf=96148 hm=89696 ht=283156 pf=0 pm=0 pt=0 ru=235400 rp=241852
18:48:19.829 @T t=453681 s=0.000 lv=-29.6 pk=-27.0 c0=4.2 c1=9.2 kw=9.29 inf=2.43 iv=1.14 n=3 d=0 sk=0 hf=96148 hm=89696 ht=283156 pf=0 pm=0 pt=0 ru=235400 rp=241852
18:48:19.829 @T t=453787 s=0.000 lv=-41.0 pk=-40.0 c0=3.4 c1=10.7 kw=10.31 inf=2.56 iv=1.09 n=4 d=0 sk=0 hf=96148 hm=89696 ht=283156 pf=0 pm=0 pt=0 ru=235400 rp=241852
18:48:19.829 @T t=453893 s=0.000 lv=-40.1 pk=-37.8 c0=3.6 c1=8.7 kw=8.48 inf=2.77 iv=1.16 n=3 d=0 sk=0 hf=96148 hm=89696 ht=283156 pf=0 pm=0 pt=0 ru=235400 rp=241852
18:48:19.829 @T t=453999 s=0.000 lv=-34.6 pk=-33.6 c0=3.4 c1=8.5 kw=8.36 inf=2.72 iv=1.14 n=3 d=0 sk=0 hf=96148 hm=89696 ht=283156 pf=0 pm=0 pt=0 ru=235400 rp=241852
18:48:19.829 @T t=454085 s=0.000 lv=-36.2 pk=-35.0 c0=4.4 c1=11.9 kw=11.72 inf=2.34 iv=1.14 n=4 d=0 sk=0 hf=96148 hm=89696 ht=283156 pf=0 pm=0 pt=0 ru=235400 rp=241852
18:48:19.830 @T t=454191 s=0.000 lv=-32.8 pk=-30.5 c0=3.4 c1=8.5 kw=8.31 inf=2.71 iv=1.13 n=3 d=0 sk=0 hf=96148 hm=89696 ht=283156 pf=0 pm=0 pt=0 ru=235400 rp=241852
18:48:19.830 @I ww=marvin cut=0.50 win=5 cool=1000 tick=100 wifi=1 srv=1 li=0 ln=0
18:48:19.830 @T t=454283 s=0.000 lv=-36.6 pk=-31.8 c0=4.8 c1=9.9 kw=9.72 inf=2.75 iv=1.15 n=3 d=0 sk=0 hf=96148 hm=89696 ht=283156 pf=0 pm=0 pt=0 ru=235400 rp=241852
18:48:19.830 @T t=454389 s=0.000 lv=-27.3 pk=-24.4 c0=7.2 c1=11.1 kw=10.48 inf=2.59 iv=1.34 n=4 d=0 sk=0 hf=96148 hm=89696 ht=283156 pf=0 pm=0 pt=0 ru=235400 rp=241852
18:48:19.830 @T t=454495 s=0.000 lv=-41.1 pk=-38.3 c0=3.9 c1=8.9 kw=8.67 inf=2.83 iv=1.23 n=3 d=0 sk=0 hf=96148 hm=89696 ht=283156 pf=0 pm=0 pt=0 ru=235400 rp=241852
18:48:19.830 @T t=454581 s=0.000 lv=-38.8 pk=-36.8 c0=4.9 c1=9.1 kw=9.16 inf=2.39 iv=1.11 n=3 d=0 sk=0 hf=96148 hm=89696 ht=283156 pf=0 pm=0 pt=0 ru=235400 rp=241852
18:48:19.830 @T t=454687 s=0.000 lv=-24.1 pk=-20.7 c0=3.4 c1=11.0 kw=10.52 inf=2.61 iv=1.11 n=4 d=0 sk=0 hf=96148 hm=89696 ht=283156 pf=0 pm=0 pt=0 ru=235400 rp=241852
18:48:19.831 @T t=454793 s=0.000 lv=-33.9 pk=-31.6 c0=3.4 c1=8.5 kw=8.30 inf=2.70 iv=1.12 n=3 d=0 sk=0 hf=96148 hm=89696 ht=283156 pf=0 pm=0 pt=0 ru=235400 rp=241852
18:48:19.831 @T t=454899 s=0.000 lv=-37.2 pk=-33.1 c0=3.6 c1=8.7 kw=8.56 inf=2.79 iv=1.18 n=3 d=0 sk=0 hf=96148 hm=89696 ht=283156 pf=0 pm=0 pt=0 ru=235400 rp=241852
18:48:19.831 @T t=454985 s=0.000 lv=-36.9 pk=-36.1 c0=8.1 c1=12.2 kw=11.94 inf=2.39 iv=1.19 n=4 d=0 sk=0 hf=96148 hm=89696 ht=283156 pf=0 pm=0 pt=0 ru=235400 rp=241852
18:48:19.831 @T t=455091 s=0.000 lv=-35.9 pk=-33.4 c0=6.7 c1=8.5 kw=8.36 inf=2.73 iv=1.14 n=3 d=0 sk=0 hf=96148 hm=89696 ht=283156 pf=0 pm=0 pt=0 ru=235400 rp=241852
18:48:19.832 @T t=455197 s=0.000 lv=-33.1 pk=-30.6 c0=3.4 c1=8.4 kw=8.27 inf=2.69 iv=1.12 n=3 d=0 sk=0 hf=96148 hm=89696 ht=283156 pf=0 pm=0 pt=0 ru=235400 rp=241852
18:48:19.832 @I ww=marvin cut=0.50 win=5 cool=1000 tick=100 wifi=1 srv=1 li=0 ln=0
18:48:19.833 @T t=455289 s=0.000 lv=-31.7 pk=-27.8 c0=4.9 c1=11.1 kw=10.89 inf=2.33 iv=1.13 n=4 d=0 sk=0 hf=96148 hm=89696 ht=283156 pf=0 pm=0 pt=0 ru=235400 rp=241852
18:48:19.833 @T t=455395 s=0.000 lv=-37.3 pk=-35.7 c0=4.1 c1=8.7 kw=8.51 inf=2.77 iv=1.18 n=3 d=0 sk=0 hf=96148 hm=89696 ht=283156 pf=0 pm=0 pt=0 ru=235400 rp=241852
18:48:19.833 @T t=455481 s=0.000 lv=-40.4 pk=-38.3 c0=4.1 c1=9.1 kw=9.21 inf=2.41 iv=1.13 n=3 d=0 sk=0 hf=96148 hm=89696 ht=283156 pf=0 pm=0 pt=0 ru=235400 rp=241852
18:48:19.833 @T t=455587 s=0.000 lv=-25.9 pk=-21.5 c0=3.4 c1=10.7 kw=10.25 inf=2.54 iv=1.07 n=4 d=0 sk=0 hf=96148 hm=89696 ht=283156 pf=0 pm=0 pt=0 ru=235400 rp=241852
18:48:19.833 @T t=455694 s=0.000 lv=-24.4 pk=-22.0 c0=3.7 c1=8.4 kw=8.25 inf=2.71 iv=1.12 n=3 d=0 sk=0 hf=96148 hm=89696 ht=283156 pf=0 pm=0 pt=0 ru=235400 rp=241852
18:48:19.833 @T t=455799 s=0.000 lv=-39.0 pk=-35.0 c0=5.8 c1=8.6 kw=8.40 inf=2.71 iv=1.13 n=3 d=0 sk=0 hf=96148 hm=89696 ht=283156 pf=0 pm=0 pt=0 ru=235400 rp=241852
18:48:19.833 @T t=455885 s=0.000 lv=-40.6 pk=-39.9 c0=4.4 c1=11.9 kw=11.68 inf=2.33 iv=1.13 n=4 d=0 sk=0 hf=96148 hm=89696 ht=283156 pf=0 pm=0 pt=0 ru=235400 rp=241852
18:48:19.833 @T t=455991 s=0.000 lv=-40.3 pk=-39.1 c0=3.4 c1=8.4 kw=8.24 inf=2.68 iv=1.11 n=3 d=0 sk=0 hf=96148 hm=89696 ht=283156 pf=0 pm=0 pt=0 ru=235400 rp=241852
18:48:19.833 @T t=456097 s=0.000 lv=-40.6 pk=-39.6 c0=3.4 c1=8.5 kw=8.33 inf=2.71 iv=1.13 n=3 d=0 sk=0 hf=96148 hm=89696 ht=283156 pf=0 pm=0 pt=0 ru=235400 rp=241852
18:48:22.340 @T t=456183 s=0.000 lv=-40.5 pk=-39.2 c0=4.2 c1=11.6 kw=11.57 inf=2.31 iv=1.12 n=4 d=0 sk=0 hf=96148 hm=89696 ht=283156 pf=0 pm=0 pt=0 ru=235400 rp=241852
18:48:22.341 @I ww=marvin cut=0.50 win=5 cool=1000 tick=100 wifi=1 srv=1 li=0 ln=0
18:48:22.342 @T t=456295 s=0.000 lv=-41.6 pk=-40.4 c0=3.9 c1=8.1 kw=7.81 inf=2.69 iv=1.11 n=3 d=0 sk=0 hf=96148 hm=89696 ht=283156 pf=0 pm=0 pt=0 ru=235400 rp=241852
18:48:22.343 @T t=456381 s=0.000 lv=-31.6 pk=-28.9 c0=6.7 c1=9.3 kw=9.36 inf=2.44 iv=1.16 n=3 d=0 sk=0 hf=94384 hm=89696 ht=283156 pf=0 pm=0 pt=0 ru=237164 rp=241852
18:48:22.343 @T t=456490 s=0.000 lv=-36.9 pk=-33.9 c0=5.5 c1=11.8 kw=10.95 inf=2.80 iv=1.25 n=4 d=0 sk=0 hf=96148 hm=89696 ht=283156 pf=0 pm=0 pt=0 ru=235400 rp=241852
18:48:22.344 @T t=456596 s=0.000 lv=-38.4 pk=-36.6 c0=4.4 c1=8.9 kw=8.67 inf=2.83 iv=1.22 n=3 d=0 sk=0 hf=95952 hm=89696 ht=283156 pf=0 pm=0 pt=0 ru=235596 rp=241852
18:48:22.344 @T t=456683 s=0.000 lv=-30.6 pk=-26.9 c0=4.8 c1=10.7 kw=10.50 inf=2.81 iv=1.22 n=3 d=0 sk=0 hf=96148 hm=89696 ht=283156 pf=0 pm=0 pt=0 ru=235400 rp=241852
18:48:22.344 @T t=456789 s=0.000 lv=-23.9 pk=-22.1 c0=3.8 c1=9.9 kw=9.70 inf=2.39 iv=1.17 n=4 d=0 sk=0 hf=96148 hm=89696 ht=283156 pf=0 pm=0 pt=0 ru=235400 rp=241852
18:48:22.344 @T t=456895 s=0.000 lv=-36.1 pk=-34.3 c0=3.6 c1=8.6 kw=8.45 inf=2.75 iv=1.16 n=3 d=0 sk=0 hf=96148 hm=89696 ht=283156 pf=0 pm=0 pt=0 ru=235400 rp=241852
18:48:22.344 @T t=456981 s=0.000 lv=-33.6 pk=-30.9 c0=4.2 c1=9.2 kw=9.30 inf=2.43 iv=1.13 n=3 d=0 sk=0 hf=96148 hm=89696 ht=283156 pf=0 pm=0 pt=0 ru=235400 rp=241852
18:48:22.344 @T t=457087 s=0.000 lv=-33.4 pk=-30.9 c0=3.5 c1=10.8 kw=10.36 inf=2.57 iv=1.10 n=4 d=0 sk=0 hf=96148 hm=89696 ht=283156 pf=0 pm=0 pt=0 ru=235400 rp=241852
18:48:22.344 @T t=457193 s=0.000 lv=-32.9 pk=-29.8 c0=3.4 c1=8.5 kw=8.30 inf=2.70 iv=1.13 n=3 d=0 sk=0 hf=96148 hm=89696 ht=283156 pf=0 pm=0 pt=0 ru=235400 rp=241852
18:48:22.345 @I ww=marvin cut=0.50 win=5 cool=1000 tick=100 wifi=1 srv=1 li=0 ln=0
18:48:22.345 @T t=457285 s=0.000 lv=-38.6 pk=-35.1 c0=4.8 c1=9.9 kw=9.69 inf=2.74 iv=1.15 n=3 d=0 sk=0 hf=96148 hm=89696 ht=283156 pf=0 pm=0 pt=0 ru=235400 rp=241852
18:48:22.345 @T t=457391 s=0.000 lv=-25.6 pk=-23.8 c0=3.5 c1=9.5 kw=9.34 inf=2.30 iv=1.11 n=4 d=0 sk=0 hf=96148 hm=89696 ht=283156 pf=0 pm=0 pt=0 ru=235400 rp=241852
18:48:22.345 @T t=457497 s=0.000 lv=-30.6 pk=-25.6 c0=4.0 c1=8.7 kw=8.52 inf=2.78 iv=1.19 n=3 d=0 sk=0 hf=96148 hm=89696 ht=283156 pf=0 pm=0 pt=0 ru=235400 rp=241852
18:48:22.345 @T t=457583 s=0.000 lv=-36.0 pk=-33.9 c0=4.4 c1=10.7 kw=10.51 inf=2.78 iv=1.17 n=3 d=0 sk=0 hf=96148 hm=89696 ht=283156 pf=0 pm=0 pt=0 ru=235400 rp=241852
18:48:22.345 @T t=457689 s=0.000 lv=-37.1 pk=-34.6 c0=3.4 c1=9.4 kw=9.21 inf=2.27 iv=1.09 n=4 d=0 sk=0 hf=96148 hm=89696 ht=283156 pf=0 pm=0 pt=0 ru=235400 rp=241852
18:48:22.345 @T t=457795 s=0.000 lv=-38.3 pk=-37.0 c0=3.4 c1=8.5 kw=8.31 inf=2.71 iv=1.13 n=3 d=0 sk=0 hf=96148 hm=89696 ht=283156 pf=0 pm=0 pt=0 ru=235400 rp=241852
18:48:22.346 @T t=457881 s=0.000 lv=-40.5 pk=-39.7 c0=4.9 c1=9.7 kw=9.72 inf=2.55 iv=1.24 n=3 d=0 sk=0 hf=96148 hm=89696 ht=283156 pf=0 pm=0 pt=0 ru=235400 rp=241852
18:48:22.346 @T t=457987 s=0.000 lv=-40.8 pk=-39.8 c0=3.4 c1=10.8 kw=10.43 inf=2.59 iv=1.10 n=4 d=0 sk=0 hf=96148 hm=89696 ht=283156 pf=0 pm=0 pt=0 ru=235400 rp=241852
18:48:22.346 @T t=458093 s=0.000 lv=-40.5 pk=-39.1 c0=3.5 c1=8.5 kw=8.35 inf=2.72 iv=1.14 n=3 d=0 sk=0 hf=96148 hm=89696 ht=283156 pf=0 pm=0 pt=0 ru=235400 rp=241852
18:48:22.346 @T t=458199 s=0.000 lv=-38.5 pk=-35.2 c0=3.4 c1=8.5 kw=8.33 inf=2.71 iv=1.13 n=3 d=0 sk=0 hf=96148 hm=89696 ht=283156 pf=0 pm=0 pt=0 ru=235400 rp=241852
18:48:22.346 @I ww=marvin cut=0.50 win=5 cool=1000 tick=100 wifi=1 srv=1 li=0 ln=0
18:48:22.346 @T t=458291 s=0.000 lv=-39.2 pk=-37.8 c0=5.0 c1=11.3 kw=11.04 inf=2.36 iv=1.15 n=4 d=0 sk=0 hf=96148 hm=89696 ht=283156 pf=0 pm=0 pt=0 ru=235400 rp=241852
18:48:22.346 @T t=458397 s=0.000 lv=-40.1 pk=-36.4 c0=3.6 c1=8.5 kw=8.37 inf=2.73 iv=1.15 n=3 d=0 sk=0 hf=96148 hm=89696 ht=283156 pf=0 pm=0 pt=0 ru=235400 rp=241852
18:48:22.347 @T t=458483 s=0.000 lv=-37.5 pk=-35.2 c0=8.9 c1=12.4 kw=11.67 inf=3.09 iv=1.41 n=3 d=0 sk=0 hf=96148 hm=89696 ht=283156 pf=0 pm=0 pt=0 ru=235400 rp=241852
18:48:22.347 @T t=458589 s=0.000 lv=-39.2 pk=-38.0 c0=4.0 c1=9.8 kw=9.61 inf=2.37 iv=1.17 n=4 d=0 sk=0 hf=96148 hm=89696 ht=283156 pf=0 pm=0 pt=0 ru=235400 rp=241852
18:48:24.837 @T t=458695 s=0.000 lv=-40.0 pk=-38.5 c0=3.5 c1=8.5 kw=8.31 inf=2.71 iv=1.13 n=3 d=0 sk=0 hf=96148 hm=89696 ht=283156 pf=0 pm=0 pt=0 ru=235400 rp=241852
18:48:24.838 @T t=458781 s=0.000 lv=-40.0 pk=-37.3 c0=4.2 c1=9.0 kw=9.12 inf=2.38 iv=1.11 n=3 d=0 sk=0 hf=96148 hm=89696 ht=283156 pf=0 pm=0 pt=0 ru=235400 rp=241852
18:48:24.839 @T t=458887 s=0.000 lv=-35.9 pk=-34.4 c0=3.5 c1=11.0 kw=10.53 inf=2.62 iv=1.12 n=4 d=0 sk=0 hf=96148 hm=89696 ht=283156 pf=0 pm=0 pt=0 ru=235400 rp=241852
18:48:24.839 @T t=458993 s=0.000 lv=-37.0 pk=-34.3 c0=3.8 c1=8.9 kw=8.66 inf=2.82 iv=1.22 n=3 d=0 sk=0 hf=96148 hm=89696 ht=283156 pf=0 pm=0 pt=0 ru=235400 rp=241852
18:48:24.840 @T t=459099 s=0.000 lv=-31.4 pk=-29.1 c0=3.5 c1=8.4 kw=8.29 inf=2.70 iv=1.11 n=3 d=0 sk=0 hf=96148 hm=89696 ht=283156 pf=0 pm=0 pt=0 ru=235400 rp=241852
18:48:24.840 @T t=459185 s=0.000 lv=-33.3 pk=-29.3 c0=4.2 c1=11.8 kw=11.58 inf=2.31 iv=1.12 n=4 d=0 sk=0 hf=96148 hm=89696 ht=283156 pf=0 pm=0 pt=0 ru=235400 rp=241852
18:48:24.840 @I ww=marvin cut=0.50 win=5 cool=1000 tick=100 wifi=1 srv=1 li=0 ln=0
18:48:24.840 @T t=459296 s=0.000 lv=-29.4 pk=-26.7 c0=4.0 c1=8.2 kw=7.98 inf=2.72 iv=1.13 n=3 d=0 sk=0 hf=96148 hm=89696 ht=283156 pf=0 pm=0 pt=0 ru=235400 rp=241852
18:48:24.840 @T t=459382 s=0.000 lv=-33.2 pk=-29.6 c0=4.2 c1=10.3 kw=10.33 inf=2.73 iv=1.15 n=3 d=0 sk=0 hf=96148 hm=89696 ht=283156 pf=0 pm=0 pt=0 ru=235400 rp=241852
18:48:24.840 @T t=459488 s=0.000 lv=-37.8 pk=-33.8 c0=7.3 c1=9.7 kw=9.36 inf=2.30 iv=1.12 n=4 d=0 sk=0 hf=96148 hm=89696 ht=283156 pf=0 pm=0 pt=0 ru=235400 rp=241852
18:48:24.841 @T t=459594 s=0.000 lv=-37.2 pk=-33.4 c0=3.5 c1=8.5 kw=8.30 inf=2.70 iv=1.12 n=3 d=0 sk=0 hf=96148 hm=89696 ht=283156 pf=0 pm=0 pt=0 ru=235400 rp=241852
18:48:24.842 @T t=459700 s=0.000 lv=-32.7 pk=-29.6 c0=3.4 c1=8.5 kw=8.30 inf=2.70 iv=1.12 n=3 d=0 sk=0 hf=96148 hm=89696 ht=283156 pf=0 pm=0 pt=0 ru=235400 rp=241852
18:48:24.842 @T t=459786 s=0.000 lv=-34.9 pk=-31.6 c0=4.1 c1=11.8 kw=11.61 inf=2.31 iv=1.10 n=4 d=0 sk=0 hf=96148 hm=89696 ht=283156 pf=0 pm=0 pt=0 ru=235400 rp=241852
18:48:24.842 @T t=459892 s=0.000 lv=-37.8 pk=-34.2 c0=4.0 c1=8.5 kw=8.34 inf=2.72 iv=1.12 n=3 d=0 sk=0 hf=96148 hm=89696 ht=283156 pf=0 pm=0 pt=0 ru=235400 rp=241852
18:48:24.843 @T t=459998 s=0.000 lv=-29.4 pk=-23.3 c0=3.4 c1=8.5 kw=8.30 inf=2.70 iv=1.12 n=3 d=0 sk=0 hf=96148 hm=89696 ht=283156 pf=0 pm=0 pt=0 ru=235400 rp=241852
18:48:24.843 @T t=460084 s=0.000 lv=-21.9 pk=-19.4 c0=4.2 c1=11.8 kw=11.55 inf=2.31 iv=1.11 n=4 d=0 sk=0 hf=96148 hm=89696 ht=283156 pf=0 pm=0 pt=0 ru=235400 rp=241852
18:48:24.843 @T t=460190 s=0.000 lv=-40.6 pk=-39.8 c0=3.7 c1=8.5 kw=8.34 inf=2.71 iv=1.12 n=3 d=0 sk=0 hf=96148 hm=89696 ht=283156 pf=0 pm=0 pt=0 ru=235400 rp=241852
18:48:24.843 @I ww=marvin cut=0.50 win=5 cool=1000 tick=100 wifi=1 srv=1 li=0 ln=0
18:48:24.843 @T t=460282 s=0.000 lv=-31.4 pk=-29.0 c0=5.5 c1=9.7 kw=9.67 inf=2.73 iv=1.15 n=3 d=0 sk=0 hf=96148 hm=89696 ht=283156 pf=0 pm=0 pt=0 ru=235400 rp=241852
18:48:24.843 @T t=460388 s=0.000 lv=-24.6 pk=-21.3 c0=3.5 c1=9.6 kw=9.29 inf=2.29 iv=1.10 n=4 d=0 sk=0 hf=96148 hm=89696 ht=283156 pf=0 pm=0 pt=0 ru=235400 rp=241852
18:48:24.843 @T t=460494 s=0.000 lv=-30.7 pk=-25.5 c0=5.8 c1=9.2 kw=8.98 inf=2.93 iv=1.26 n=3 d=0 sk=0 hf=94384 hm=89696 ht=283156 pf=0 pm=0 pt=0 ru=237164 rp=241852
18:48:24.844 @T t=460582 s=0.000 lv=-37.3 pk=-33.6 c0=6.9 c1=11.1 kw=10.75 inf=2.91 iv=1.28 n=3 d=0 sk=0 hf=95952 hm=89696 ht=283156 pf=0 pm=0 pt=0 ru=235596 rp=241852
18:48:24.844 @T t=460688 s=0.000 lv=-35.6 pk=-32.8 c0=3.8 c1=9.8 kw=9.40 inf=2.32 iv=1.13 n=4 d=0 sk=0 hf=96148 hm=89696 ht=283156 pf=0 pm=0 pt=0 ru=235400 rp=241852
18:48:24.844 @T t=460794 s=0.000 lv=-36.4 pk=-34.3 c0=3.3 c1=8.4 kw=8.25 inf=2.69 iv=1.11 n=3 d=0 sk=0 hf=96148 hm=89696 ht=283156 pf=0 pm=0 pt=0 ru=235400 rp=241852
18:48:24.844 @T t=460900 s=0.000 lv=-39.5 pk=-36.5 c0=3.6 c1=8.5 kw=8.35 inf=2.72 iv=1.13 n=3 d=0 sk=0 hf=96148 hm=89696 ht=283156 pf=0 pm=0 pt=0 ru=235400 rp=241852
18:48:24.844 @T t=460989 s=0.000 lv=-30.3 pk=-26.7 c0=3.9 c1=11.5 kw=11.26 inf=2.32 iv=1.11 n=4 d=0 sk=0 hf=96148 hm=89696 ht=283156 pf=0 pm=0 pt=0 ru=235400 rp=241852
18:48:24.845 @T t=461095 s=0.000 lv=-30.0 pk=-26.5 c0=3.4 c1=8.5 kw=8.30 inf=2.70 iv=1.12 n=3 d=0 sk=0 hf=96148 hm=89696 ht=283156 pf=0 pm=0 pt=0 ru=235400 rp=241852
18:48:27.140 @T t=461181 s=0.000 lv=-37.7 pk=-36.3 c0=4.2 c1=9.2 kw=9.23 inf=2.41 iv=1.13 n=3 d=0 sk=0 hf=96148 hm=89696 ht=283156 pf=0 pm=0 pt=0 ru=235400 rp=241852
18:48:27.141 @I ww=marvin cut=0.50 win=5 cool=1000 tick=100 wifi=1 srv=1 li=0 ln=0
18:48:27.141 @T t=461293 s=0.000 lv=-31.4 pk=-27.6 c0=4.3 c1=10.5 kw=10.08 inf=2.64 iv=1.15 n=4 d=0 sk=0 hf=96148 hm=89696 ht=283156 pf=0 pm=0 pt=0 ru=235400 rp=241852
18:48:27.141 @T t=461399 s=0.000 lv=-35.3 pk=-32.8 c0=6.9 c1=8.6 kw=8.41 inf=2.74 iv=1.16 n=3 d=0 sk=0 hf=96148 hm=89696 ht=283156 pf=0 pm=0 pt=0 ru=235400 rp=241852
18:48:27.142 @T t=461485 s=0.000 lv=-38.3 pk=-37.1 c0=4.3 c1=10.7 kw=10.43 inf=2.76 iv=1.17 n=3 d=0 sk=0 hf=96148 hm=89696 ht=283156 pf=0 pm=0 pt=0 ru=235400 rp=241852
18:48:27.142 [status] up 461s | mic -30.6 dBFS (peak -18.1) | score max 0.00 | detections 0 | inferences 336 (33.3/s; model 1.15 ms each, paused in quiet 0%; features 1.45 ms per 30 ms) | CPU core0  4.5% core1  9.6% (wake word pipeline 9.33% of one core) | RAM used 229 KB (peak 236 KB, 93 KB free) | wifi OK, server OK | audio lost since boot: i2s 0 net 0
18:48:27.142 @T t=461599 s=0.000 lv=-38.8 pk=-36.0 c0=7.3 c1=9.3 kw=9.13 inf=2.42 iv=1.19 n=4 d=0 sk=0 hf=96148 hm=89696 ht=283156 pf=0 pm=0 pt=0 ru=235400 rp=241852
18:48:27.143 @T t=461685 s=0.000 lv=-35.6 pk=-34.2 c0=4.2 c1=10.5 kw=10.31 inf=2.73 iv=1.14 n=3 d=0 sk=0 hf=96148 hm=89696 ht=283156 pf=0 pm=0 pt=0 ru=235400 rp=241852
18:48:27.144 @T t=461791 s=0.000 lv=-40.1 pk=-38.6 c0=3.4 c1=8.5 kw=8.30 inf=2.70 iv=1.12 n=3 d=0 sk=0 hf=96148 hm=89696 ht=283156 pf=0 pm=0 pt=0 ru=235400 rp=241852
18:48:27.144 @T t=461897 s=0.000 lv=-34.9 pk=-31.9 c0=3.6 c1=9.6 kw=9.40 inf=2.32 iv=1.12 n=4 d=0 sk=0 hf=96148 hm=89696 ht=283156 pf=0 pm=0 pt=0 ru=235400 rp=241852
18:48:27.144 @T t=461983 s=0.000 lv=-34.1 pk=-32.2 c0=4.2 c1=10.2 kw=10.25 inf=2.71 iv=1.13 n=3 d=0 sk=0 hf=96148 hm=89696 ht=283156 pf=0 pm=0 pt=0 ru=235400 rp=241852
18:48:27.144 @T t=462089 s=0.000 lv=-34.9 pk=-33.1 c0=3.5 c1=8.7 kw=8.29 inf=2.70 iv=1.13 n=3 d=0 sk=0 hf=96148 hm=89696 ht=283156 pf=0 pm=0 pt=0 ru=235400 rp=241852
18:48:27.144 @T t=462195 s=0.000 lv=-39.2 pk=-38.5 c0=3.4 c1=9.4 kw=9.22 inf=2.27 iv=1.09 n=4 d=0 sk=0 hf=96148 hm=89696 ht=283156 pf=0 pm=0 pt=0 ru=235400 rp=241852
18:48:27.144 @I ww=marvin cut=0.50 win=5 cool=1000 tick=100 wifi=1 srv=1 li=0 ln=0
18:48:27.145 @T t=462287 s=0.000 lv=-42.5 pk=-40.9 c0=4.8 c1=9.8 kw=9.60 inf=2.71 iv=1.13 n=3 d=0 sk=0 hf=96148 hm=89696 ht=283156 pf=0 pm=0 pt=0 ru=235400 rp=241852
18:48:27.145 @T t=462393 s=0.000 lv=-42.3 pk=-41.1 c0=3.9 c1=8.9 kw=8.74 inf=2.85 iv=1.23 n=3 d=0 sk=0 hf=96148 hm=89696 ht=283156 pf=0 pm=0 pt=0 ru=235400 rp=241852
18:48:27.145 @T t=462499 s=0.000 lv=-41.5 pk=-40.5 c0=3.5 c1=9.5 kw=9.34 inf=2.30 iv=1.11 n=4 d=0 sk=0 hf=96148 hm=89696 ht=283156 pf=0 pm=0 pt=0 ru=235400 rp=241852
18:48:27.145 @T t=462585 s=0.000 lv=-42.3 pk=-39.7 c0=9.6 c1=12.0 kw=11.20 inf=2.97 iv=1.31 n=3 d=0 sk=0 hf=96148 hm=89696 ht=283156 pf=0 pm=0 pt=0 ru=235400 rp=241852
18:48:27.145 @T t=462691 s=0.000 lv=-40.9 pk=-38.0 c0=3.5 c1=8.5 kw=8.34 inf=2.72 iv=1.13 n=3 d=0 sk=0 hf=96148 hm=89696 ht=283156 pf=0 pm=0 pt=0 ru=235400 rp=241852
18:48:27.145 @T t=462797 s=0.000 lv=-38.4 pk=-36.0 c0=3.4 c1=9.5 kw=9.32 inf=2.30 iv=1.10 n=4 d=0 sk=0 hf=96148 hm=89696 ht=283156 pf=0 pm=0 pt=0 ru=235400 rp=241852
18:48:27.145 @T t=462883 s=0.000 lv=-34.2 pk=-31.1 c0=4.4 c1=10.3 kw=10.48 inf=2.77 iv=1.16 n=3 d=0 sk=0 hf=96148 hm=89696 ht=283156 pf=0 pm=0 pt=0 ru=235400 rp=241852
18:48:27.145 @T t=462989 s=0.000 lv=-34.6 pk=-32.3 c0=6.6 c1=8.7 kw=8.24 inf=2.68 iv=1.10 n=3 d=0 sk=0 hf=96148 hm=89696 ht=283156 pf=0 pm=0 pt=0 ru=235400 rp=241852
18:48:27.146 @T t=463095 s=0.000 lv=-32.7 pk=-30.6 c0=3.4 c1=9.5 kw=9.30 inf=2.29 iv=1.10 n=4 d=0 sk=0 hf=96148 hm=89696 ht=283156 pf=0 pm=0 pt=0 ru=235400 rp=241852
18:48:27.146 @T t=463181 s=0.000 lv=-33.5 pk=-31.6 c0=4.2 c1=7.9 kw=7.95 inf=3.07 iv=1.17 n=2 d=0 sk=0 hf=96148 hm=89696 ht=283156 pf=0 pm=0 pt=0 ru=235400 rp=241852
18:48:27.146 @I ww=marvin cut=0.50 win=5 cool=1000 tick=100 wifi=1 srv=1 li=0 ln=0
18:48:27.146 @T t=463296 s=0.000 lv=-34.9 pk=-33.1 c0=13.2 c1=10.2 kw=9.83 inf=2.65 iv=1.22 n=4 d=0 sk=0 hf=96148 hm=89696 ht=283156 pf=0 pm=0 pt=0 ru=235400 rp=241852
18:48:27.146 @T t=463383 s=0.000 lv=-37.9 pk=-33.5 c0=4.4 c1=11.5 kw=11.59 inf=2.34 iv=1.14 n=4 d=0 sk=0 hf=96148 hm=89696 ht=283156 pf=0 pm=0 pt=0 ru=235400 rp=241852
18:48:29.728 @T t=463489 s=0.000 lv=-27.5 pk=-22.3 c0=3.9 c1=8.8 kw=8.34 inf=2.72 iv=1.13 n=3 d=0 sk=0 hf=96148 hm=89696 ht=283156 pf=0 pm=0 pt=0 ru=235400 rp=241852
18:48:29.729 @T t=463595 s=0.000 lv=-21.3 pk=-20.1 c0=4.0 c1=8.7 kw=8.56 inf=2.79 iv=1.18 n=3 d=0 sk=0 hf=96148 hm=89696 ht=283156 pf=0 pm=0 pt=0 ru=235400 rp=241852
18:48:29.729 @T t=463681 s=0.000 lv=-27.4 pk=-23.5 c0=4.1 c1=9.2 kw=9.28 inf=2.43 iv=1.15 n=3 d=0 sk=0 hf=96148 hm=89696 ht=283156 pf=0 pm=0 pt=0 ru=235400 rp=241852
18:48:29.729 @T t=463789 s=0.000 lv=-32.6 pk=-27.3 c0=3.3 c1=10.7 kw=10.28 inf=2.60 iv=1.15 n=4 d=0 sk=0 hf=96148 hm=89696 ht=283156 pf=0 pm=0 pt=0 ru=235400 rp=241852
18:48:29.729 @T t=463895 s=0.000 lv=-23.2 pk=-20.8 c0=3.6 c1=8.5 kw=8.36 inf=2.72 iv=1.12 n=3 d=0 sk=0 hf=96148 hm=89696 ht=283156 pf=0 pm=0 pt=0 ru=235400 rp=241852
18:48:29.729 @T t=463981 s=0.000 lv=-36.4 pk=-33.3 c0=4.1 c1=9.2 kw=9.24 inf=2.42 iv=1.13 n=3 d=0 sk=0 hf=96148 hm=89696 ht=283156 pf=0 pm=0 pt=0 ru=235400 rp=241852
18:48:29.730 @T t=464090 s=0.000 lv=-33.8 pk=-30.0 c0=3.3 c1=10.6 kw=10.22 inf=2.61 iv=1.14 n=4 d=0 sk=0 hf=96148 hm=89696 ht=283156 pf=0 pm=0 pt=0 ru=235400 rp=241852
18:48:29.730 @T t=464196 s=0.000 lv=-32.9 pk=-29.4 c0=3.5 c1=8.4 kw=8.22 inf=2.67 iv=1.11 n=3 d=0 sk=0 hf=96148 hm=89696 ht=283156 pf=0 pm=0 pt=0 ru=235400 rp=241852
18:48:29.730 @I ww=marvin cut=0.50 win=5 cool=1000 tick=100 wifi=1 srv=1 li=0 ln=0
18:48:29.730 @T t=464288 s=0.000 lv=-33.7 pk=-30.7 c0=4.9 c1=11.1 kw=10.93 inf=2.34 iv=1.13 n=4 d=0 sk=0 hf=96148 hm=89696 ht=283156 pf=0 pm=0 pt=0 ru=235400 rp=241852
18:48:29.730 @T t=464394 s=0.000 lv=-29.6 pk=-24.5 c0=3.6 c1=8.5 kw=8.27 inf=2.69 iv=1.12 n=3 d=0 sk=0 hf=96148 hm=89696 ht=283156 pf=0 pm=0 pt=0 ru=235400 rp=241852
18:48:29.730 @T t=464500 s=0.000 lv=-29.8 pk=-26.4 c0=3.4 c1=8.4 kw=8.28 inf=2.69 iv=1.13 n=3 d=0 sk=0 hf=96148 hm=89696 ht=283156 pf=0 pm=0 pt=0 ru=235400 rp=241852
18:48:29.730 @T t=464586 s=0.000 lv=-41.6 pk=-40.8 c0=7.2 c1=12.7 kw=12.42 inf=2.48 iv=1.24 n=4 d=0 sk=0 hf=94384 hm=89696 ht=283156 pf=0 pm=0 pt=0 ru=237164 rp=241852
18:48:29.731 @T t=464692 s=0.000 lv=-41.9 pk=-41.0 c0=5.7 c1=9.0 kw=8.46 inf=2.75 iv=1.14 n=3 d=0 sk=0 hf=96148 hm=89696 ht=283156 pf=0 pm=0 pt=0 ru=235400 rp=241852
18:48:29.731 @T t=464798 s=0.000 lv=-40.9 pk=-38.6 c0=3.4 c1=8.5 kw=8.32 inf=2.71 iv=1.13 n=3 d=0 sk=0 hf=96148 hm=89696 ht=283156 pf=0 pm=0 pt=0 ru=235400 rp=241852
18:48:29.731 @T t=464884 s=0.000 lv=-41.2 pk=-40.1 c0=5.2 c1=12.5 kw=12.23 inf=2.45 iv=1.22 n=4 d=0 sk=0 hf=96148 hm=89696 ht=283156 pf=0 pm=0 pt=0 ru=235400 rp=241852
18:48:29.731 @T t=464990 s=0.000 lv=-40.6 pk=-39.6 c0=3.5 c1=8.4 kw=8.26 inf=2.69 iv=1.11 n=3 d=0 sk=0 hf=96148 hm=89696 ht=283156 pf=0 pm=0 pt=0 ru=235400 rp=241852
18:48:29.731 @T t=465096 s=0.000 lv=-41.1 pk=-39.2 c0=3.5 c1=8.5 kw=8.35 inf=2.72 iv=1.13 n=3 d=0 sk=0 hf=96148 hm=89696 ht=283156 pf=0 pm=0 pt=0 ru=235400 rp=241852
18:48:29.731 @T t=465183 s=0.000 lv=-40.9 pk=-38.6 c0=4.2 c1=11.5 kw=11.48 inf=2.32 iv=1.12 n=4 d=0 sk=0 hf=96148 hm=89696 ht=283156 pf=0 pm=0 pt=0 ru=235400 rp=241852
18:48:29.731 @I ww=marvin cut=0.50 win=5 cool=1000 tick=100 wifi=1 srv=1 li=0 ln=0
18:48:29.732 @T t=465295 s=0.000 lv=-41.6 pk=-40.2 c0=3.9 c1=8.1 kw=7.83 inf=2.69 iv=1.11 n=3 d=0 sk=0 hf=96148 hm=89696 ht=283156 pf=0 pm=0 pt=0 ru=235400 rp=241852
18:48:29.732 @T t=465381 s=0.000 lv=-40.2 pk=-38.7 c0=4.3 c1=9.3 kw=9.35 inf=2.45 iv=1.16 n=3 d=0 sk=0 hf=96148 hm=89696 ht=283156 pf=0 pm=0 pt=0 ru=235400 rp=241852
18:48:29.732 @T t=465487 s=0.000 lv=-41.0 pk=-39.8 c0=3.5 c1=10.8 kw=10.36 inf=2.57 iv=1.09 n=4 d=0 sk=0 hf=96148 hm=89696 ht=283156 pf=0 pm=0 pt=0 ru=235400 rp=241852
18:48:29.732 @T t=465593 s=0.000 lv=-26.4 pk=-24.1 c0=6.7 c1=8.6 kw=8.42 inf=2.74 iv=1.14 n=3 d=0 sk=0 hf=96148 hm=89696 ht=283156 pf=0 pm=0 pt=0 ru=235400 rp=241852
18:48:29.732 @T t=465699 s=0.000 lv=-36.4 pk=-35.0 c0=3.9 c1=8.8 kw=8.58 inf=2.80 iv=1.19 n=3 d=0 sk=0 hf=96148 hm=89696 ht=283156 pf=0 pm=0 pt=0 ru=235400 rp=241852
18:48:29.732 @T t=465785 s=0.000 lv=-35.1 pk=-33.6 c0=4.8 c1=12.3 kw=12.06 inf=2.41 iv=1.19 n=4 d=0 sk=0 hf=96148 hm=89696 ht=283156 pf=0 pm=0 pt=0 ru=235400 rp=241852
18:48:29.732 @T t=465891 s=0.000 lv=-35.9 pk=-32.9 c0=3.7 c1=8.6 kw=8.47 inf=2.76 iv=1.16 n=3 d=0 sk=0 hf=96148 hm=89696 ht=283156 pf=0 pm=0 pt=0 ru=235400 rp=241852
18:48:29.733 @T t=465997 s=0.000 lv=-36.8 pk=-35.0 c0=3.4 c1=8.5 kw=8.32 inf=2.71 iv=1.13 n=3 d=0 sk=0 hf=96148 hm=89696 ht=283156 pf=0 pm=0 pt=0 ru=235400 rp=241852
18:48:32.239 @T t=466083 s=0.000 lv=-29.8 pk=-28.5 c0=4.3 c1=11.7 kw=11.67 inf=2.33 iv=1.13 n=4 d=0 sk=0 hf=96148 hm=89696 ht=283156 pf=0 pm=0 pt=0 ru=235400 rp=241852
18:48:32.240 @T t=466189 s=0.000 lv=-39.6 pk=-37.6 c0=3.4 c1=8.7 kw=8.30 inf=2.70 iv=1.13 n=3 d=0 sk=0 hf=96148 hm=89696 ht=283156 pf=0 pm=0 pt=0 ru=235400 rp=241852
18:48:32.240 @I ww=marvin cut=0.50 win=5 cool=1000 tick=100 wifi=1 srv=1 li=0 ln=0
18:48:32.241 @T t=466281 s=0.000 lv=-26.9 pk=-23.5 c0=4.8 c1=8.6 kw=8.68 inf=2.43 iv=1.14 n=3 d=0 sk=0 hf=96148 hm=89696 ht=283156 pf=0 pm=0 pt=0 ru=235400 rp=241852
18:48:32.241 @T t=466387 s=0.000 lv=-28.4 pk=-26.1 c0=3.5 c1=10.8 kw=10.42 inf=2.59 iv=1.11 n=4 d=0 sk=0 hf=96148 hm=89696 ht=283156 pf=0 pm=0 pt=0 ru=235400 rp=241852
18:48:32.241 @T t=466494 s=0.000 lv=-39.5 pk=-37.0 c0=3.5 c1=8.4 kw=8.24 inf=2.71 iv=1.14 n=3 d=0 sk=0 hf=96148 hm=89696 ht=283156 pf=0 pm=0 pt=0 ru=235400 rp=241852
18:48:32.242 @T t=466600 s=0.000 lv=-36.8 pk=-32.6 c0=3.5 c1=8.5 kw=8.37 inf=2.73 iv=1.14 n=3 d=0 sk=0 hf=96148 hm=89696 ht=283156 pf=0 pm=0 pt=0 ru=235400 rp=241852
18:48:32.243 @T t=466687 s=0.000 lv=-31.3 pk=-29.1 c0=9.4 c1=14.0 kw=12.77 inf=2.59 iv=1.31 n=4 d=0 sk=0 hf=96148 hm=89696 ht=283156 pf=0 pm=0 pt=0 ru=235400 rp=241852
18:48:32.243 @T t=466793 s=0.000 lv=-39.2 pk=-36.7 c0=6.1 c1=8.5 kw=8.34 inf=2.72 iv=1.13 n=3 d=0 sk=0 hf=96148 hm=89696 ht=283156 pf=0 pm=0 pt=0 ru=235400 rp=241852
18:48:32.243 @T t=466899 s=0.000 lv=-23.6 pk=-21.5 c0=4.9 c1=9.2 kw=8.95 inf=2.92 iv=1.26 n=3 d=0 sk=0 hf=96148 hm=89696 ht=283156 pf=0 pm=0 pt=0 ru=235400 rp=241852
18:48:32.243 @T t=466985 s=0.000 lv=-31.4 pk=-26.3 c0=4.4 c1=11.9 kw=11.67 inf=2.33 iv=1.13 n=4 d=0 sk=0 hf=96148 hm=89696 ht=283156 pf=0 pm=0 pt=0 ru=235400 rp=241852
18:48:32.243 @T t=467091 s=0.000 lv=-34.3 pk=-31.9 c0=3.5 c1=8.5 kw=8.37 inf=2.73 iv=1.14 n=3 d=0 sk=0 hf=96148 hm=89696 ht=283156 pf=0 pm=0 pt=0 ru=235400 rp=241852
18:48:32.244 @T t=467197 s=0.000 lv=-37.7 pk=-36.1 c0=3.4 c1=8.4 kw=8.27 inf=2.69 iv=1.12 n=3 d=0 sk=0 hf=96148 hm=89696 ht=283156 pf=0 pm=0 pt=0 ru=235400 rp=241852
18:48:32.244 @I ww=marvin cut=0.50 win=5 cool=1000 tick=100 wifi=1 srv=1 li=0 ln=0
18:48:32.244 @T t=467289 s=0.000 lv=-35.3 pk=-34.3 c0=4.9 c1=11.2 kw=10.98 inf=2.35 iv=1.14 n=4 d=0 sk=0 hf=96148 hm=89696 ht=283156 pf=0 pm=0 pt=0 ru=235400 rp=241852
18:48:32.244 @T t=467395 s=0.000 lv=-32.4 pk=-29.6 c0=3.6 c1=8.5 kw=8.37 inf=2.73 iv=1.15 n=3 d=0 sk=0 hf=96148 hm=89696 ht=283156 pf=0 pm=0 pt=0 ru=235400 rp=241852
18:48:32.244 @T t=467481 s=0.000 lv=-37.5 pk=-35.0 c0=8.2 c1=9.1 kw=9.21 inf=2.41 iv=1.13 n=3 d=0 sk=0 hf=96148 hm=89696 ht=283156 pf=0 pm=0 pt=0 ru=235400 rp=241852
18:48:32.244 @T t=467587 s=0.000 lv=-38.6 pk=-36.2 c0=3.5 c1=10.8 kw=10.37 inf=2.58 iv=1.10 n=4 d=0 sk=0 hf=96148 hm=89696 ht=283156 pf=0 pm=0 pt=0 ru=235400 rp=241852
18:48:32.244 @T t=467693 s=0.000 lv=-34.3 pk=-32.2 c0=3.9 c1=8.7 kw=8.55 inf=2.79 iv=1.18 n=3 d=0 sk=0 hf=96148 hm=89696 ht=283156 pf=0 pm=0 pt=0 ru=235400 rp=241852
18:48:32.245 @T t=467799 s=0.000 lv=-39.2 pk=-38.0 c0=3.4 c1=8.5 kw=8.32 inf=2.71 iv=1.13 n=3 d=0 sk=0 hf=96148 hm=89696 ht=283156 pf=0 pm=0 pt=0 ru=235400 rp=241852
18:48:32.245 @T t=467885 s=0.000 lv=-32.6 pk=-30.9 c0=4.5 c1=12.0 kw=11.74 inf=2.35 iv=1.15 n=4 d=0 sk=0 hf=96148 hm=89696 ht=283156 pf=0 pm=0 pt=0 ru=235400 rp=241852
18:48:32.245 @T t=467991 s=0.000 lv=-30.5 pk=-29.0 c0=3.8 c1=8.8 kw=8.23 inf=2.68 iv=1.11 n=3 d=0 sk=0 hf=96148 hm=89696 ht=283156 pf=0 pm=0 pt=0 ru=235400 rp=241852
18:48:32.245 @T t=468098 s=0.000 lv=-30.2 pk=-26.3 c0=6.7 c1=8.1 kw=8.29 inf=2.73 iv=1.14 n=3 d=0 sk=0 hf=96148 hm=89696 ht=283156 pf=0 pm=0 pt=0 ru=235400 rp=241852
18:48:32.245 @T t=468184 s=0.000 lv=-20.7 pk=-19.6 c0=8.1 c1=11.7 kw=11.53 inf=2.30 iv=1.11 n=4 d=0 sk=0 hf=96148 hm=89696 ht=283156 pf=0 pm=0 pt=0 ru=235400 rp=241852
18:48:32.245 @I ww=marvin cut=0.50 win=5 cool=1000 tick=100 wifi=1 srv=1 li=0 ln=0
18:48:32.245 @T t=468296 s=0.000 lv=-33.4 pk=-31.0 c0=4.0 c1=8.0 kw=7.78 inf=2.67 iv=1.10 n=3 d=0 sk=0 hf=96148 hm=89696 ht=283156 pf=0 pm=0 pt=0 ru=235400 rp=241852
18:48:32.246 @T t=468382 s=0.000 lv=-36.5 pk=-34.6 c0=4.3 c1=10.4 kw=10.36 inf=2.73 iv=1.16 n=3 d=0 sk=0 hf=96148 hm=89696 ht=283156 pf=0 pm=0 pt=0 ru=235400 rp=241852
18:48:32.246 @T t=468488 s=0.000 lv=-34.1 pk=-32.0 c0=3.5 c1=9.5 kw=9.13 inf=2.25 iv=1.08 n=4 d=0 sk=0 hf=96148 hm=89696 ht=283156 pf=0 pm=0 pt=0 ru=235400 rp=241852
18:48:34.753 @T t=468594 s=0.000 lv=-35.4 pk=-34.4 c0=3.5 c1=8.4 kw=8.27 inf=2.69 iv=1.13 n=3 d=0 sk=0 hf=96148 hm=89696 ht=283156 pf=0 pm=0 pt=0 ru=235400 rp=241852
18:48:34.753 @T t=468700 s=0.000 lv=-33.4 pk=-28.9 c0=7.3 c1=9.4 kw=8.81 inf=2.87 iv=1.26 n=3 d=0 sk=0 hf=96148 hm=89696 ht=283156 pf=0 pm=0 pt=0 ru=235400 rp=241852
18:48:34.753 @T t=468789 s=0.000 lv=-29.3 pk=-27.1 c0=4.1 c1=11.7 kw=11.49 inf=2.37 iv=1.13 n=4 d=0 sk=0 hf=96148 hm=89696 ht=283156 pf=0 pm=0 pt=0 ru=235400 rp=241852
18:48:34.754 @T t=468895 s=0.000 lv=-38.6 pk=-34.9 c0=4.1 c1=8.9 kw=8.71 inf=2.84 iv=1.23 n=3 d=0 sk=0 hf=96148 hm=89696 ht=283156 pf=0 pm=0 pt=0 ru=235400 rp=241852
18:48:34.754 @T t=468981 s=0.000 lv=-34.6 pk=-30.8 c0=4.2 c1=9.2 kw=9.27 inf=2.42 iv=1.14 n=3 d=0 sk=0 hf=96148 hm=89696 ht=283156 pf=0 pm=0 pt=0 ru=235400 rp=241852
18:48:34.754 @T t=469087 s=0.000 lv=-42.0 pk=-40.8 c0=3.5 c1=10.8 kw=10.42 inf=2.59 iv=1.10 n=4 d=0 sk=0 hf=96148 hm=89696 ht=283156 pf=0 pm=0 pt=0 ru=235400 rp=241852
18:48:34.754 @T t=469193 s=0.000 lv=-41.2 pk=-39.1 c0=3.7 c1=8.5 kw=8.35 inf=2.72 iv=1.12 n=3 d=0 sk=0 hf=96148 hm=89696 ht=283156 pf=0 pm=0 pt=0 ru=235400 rp=241852
18:48:34.755 @I ww=marvin cut=0.50 win=5 cool=1000 tick=100 wifi=1 srv=1 li=0 ln=0
18:48:34.755 @T t=469285 s=0.000 lv=-42.7 pk=-41.6 c0=4.9 c1=9.8 kw=9.63 inf=2.72 iv=1.14 n=3 d=0 sk=0 hf=96148 hm=89696 ht=283156 pf=0 pm=0 pt=0 ru=235400 rp=241852
18:48:34.755 @T t=469391 s=0.000 lv=-41.6 pk=-40.1 c0=3.5 c1=9.5 kw=9.31 inf=2.29 iv=1.11 n=4 d=0 sk=0 hf=96148 hm=89696 ht=283156 pf=0 pm=0 pt=0 ru=235400 rp=241852
18:48:34.755 @T t=469497 s=0.000 lv=-41.2 pk=-40.3 c0=3.5 c1=8.5 kw=8.28 inf=2.70 iv=1.12 n=3 d=0 sk=0 hf=96148 hm=89696 ht=283156 pf=0 pm=0 pt=0 ru=235400 rp=241852
18:48:34.755 @T t=469583 s=0.000 lv=-34.8 pk=-32.0 c0=4.3 c1=10.6 kw=10.42 inf=2.75 iv=1.16 n=3 d=0 sk=0 hf=96148 hm=89696 ht=283156 pf=0 pm=0 pt=0 ru=235400 rp=241852
18:48:34.755 @T t=469689 s=0.000 lv=-32.0 pk=-30.0 c0=3.4 c1=9.4 kw=9.26 inf=2.28 iv=1.09 n=4 d=0 sk=0 hf=96148 hm=89696 ht=283156 pf=0 pm=0 pt=0 ru=235400 rp=241852
18:48:34.755 @T t=469795 s=0.000 lv=-32.6 pk=-27.2 c0=3.9 c1=8.5 kw=8.31 inf=2.71 iv=1.13 n=3 d=0 sk=0 hf=96148 hm=89696 ht=283156 pf=0 pm=0 pt=0 ru=235400 rp=241852
18:48:34.756 @T t=469881 s=0.000 lv=-32.8 pk=-27.9 c0=4.5 c1=9.3 kw=9.34 inf=2.44 iv=1.16 n=3 d=0 sk=0 hf=96148 hm=89696 ht=283156 pf=0 pm=0 pt=0 ru=235400 rp=241852
18:48:34.757 @T t=469987 s=0.000 lv=-30.3 pk=-26.6 c0=3.4 c1=10.8 kw=10.38 inf=2.58 iv=1.09 n=4 d=0 sk=0 hf=96148 hm=89696 ht=283156 pf=0 pm=0 pt=0 ru=235400 rp=241852
18:48:34.757 @T t=470093 s=0.000 lv=-29.5 pk=-26.7 c0=3.5 c1=8.6 kw=8.39 inf=2.73 iv=1.14 n=3 d=0 sk=0 hf=96148 hm=89696 ht=283156 pf=0 pm=0 pt=0 ru=235400 rp=241852
18:48:34.758 @T t=470199 s=0.000 lv=-41.0 pk=-39.4 c0=3.4 c1=8.5 kw=8.32 inf=2.71 iv=1.13 n=3 d=0 sk=0 hf=96148 hm=89696 ht=283156 pf=0 pm=0 pt=0 ru=235400 rp=241852
18:48:34.758 @I ww=marvin cut=0.50 win=5 cool=1000 tick=100 wifi=1 srv=1 li=0 ln=0
18:48:34.758 @T t=470291 s=0.000 lv=-35.8 pk=-33.8 c0=14.0 c1=11.7 kw=11.40 inf=2.44 iv=1.21 n=4 d=0 sk=0 hf=96148 hm=89696 ht=283156 pf=0 pm=0 pt=0 ru=235400 rp=241852
18:48:34.758 @T t=470397 s=0.000 lv=-36.9 pk=-35.2 c0=3.6 c1=8.6 kw=8.40 inf=2.74 iv=1.16 n=3 d=0 sk=0 hf=96148 hm=89696 ht=283156 pf=0 pm=0 pt=0 ru=235400 rp=241852
18:48:34.758 @T t=470483 s=0.000 lv=-34.1 pk=-32.2 c0=4.3 c1=10.7 kw=10.49 inf=2.77 iv=1.18 n=3 d=0 sk=0 hf=96148 hm=89696 ht=283156 pf=0 pm=0 pt=0 ru=235400 rp=241852
18:48:34.758 @T t=470589 s=0.000 lv=-34.3 pk=-31.5 c0=3.5 c1=9.4 kw=9.25 inf=2.28 iv=1.10 n=4 d=0 sk=0 hf=96148 hm=89696 ht=283156 pf=0 pm=0 pt=0 ru=235400 rp=241852
18:48:34.759 @T t=470695 s=0.000 lv=-33.6 pk=-31.5 c0=3.4 c1=8.5 kw=8.31 inf=2.70 iv=1.13 n=3 d=0 sk=0 hf=96148 hm=89696 ht=283156 pf=0 pm=0 pt=0 ru=235400 rp=241852
18:48:34.759 @T t=470782 s=0.000 lv=-33.0 pk=-31.1 c0=9.5 c1=11.7 kw=11.19 inf=2.99 iv=1.33 n=3 d=0 sk=0 hf=96148 hm=89696 ht=283156 pf=0 pm=0 pt=0 ru=235400 rp=241852
18:48:34.759 @T t=470888 s=0.000 lv=-35.7 pk=-32.3 c0=4.4 c1=10.1 kw=9.74 inf=2.40 iv=1.19 n=4 d=0 sk=0 hf=96148 hm=89696 ht=283156 pf=0 pm=0 pt=0 ru=235400 rp=241852
18:48:34.760 @T t=470994 s=0.000 lv=-33.1 pk=-28.6 c0=3.4 c1=8.5 kw=8.32 inf=2.71 iv=1.13 n=3 d=0 sk=0 hf=96148 hm=89696 ht=283156 pf=0 pm=0 pt=0 ru=235400 rp=241852
18:48:37.052 @T t=471100 s=0.000 lv=-37.3 pk=-33.9 c0=3.5 c1=8.6 kw=8.39 inf=2.73 iv=1.14 n=3 d=0 sk=0 hf=96148 hm=89696 ht=283156 pf=0 pm=0 pt=0 ru=235400 rp=241852
18:48:37.053 @T t=471189 s=0.000 lv=-32.9 pk=-31.8 c0=3.9 c1=11.5 kw=11.34 inf=2.34 iv=1.12 n=4 d=0 sk=0 hf=96148 hm=89696 ht=283156 pf=0 pm=0 pt=0 ru=235400 rp=241852
18:48:37.053 @I ww=marvin cut=0.50 win=5 cool=1000 tick=100 wifi=1 srv=1 li=0 ln=0
18:48:37.053 @T t=471281 s=0.000 lv=-35.1 pk=-30.8 c0=4.8 c1=7.4 kw=7.44 inf=3.08 iv=1.17 n=2 d=0 sk=0 hf=96148 hm=89696 ht=283156 pf=0 pm=0 pt=0 ru=235400 rp=241852
18:48:37.053 @T t=471390 s=0.000 lv=-40.1 pk=-37.5 c0=3.7 c1=10.8 kw=10.41 inf=2.66 iv=1.23 n=4 d=0 sk=0 hf=96148 hm=89696 ht=283156 pf=0 pm=0 pt=0 ru=235400 rp=241852
18:48:37.053 @T t=471496 s=0.000 lv=-39.2 pk=-38.0 c0=3.5 c1=9.5 kw=9.33 inf=2.30 iv=1.11 n=4 d=0 sk=0 hf=96148 hm=89696 ht=283156 pf=0 pm=0 pt=0 ru=235400 rp=241852
18:48:37.053 [status] up 471s | mic -31.9 dBFS (peak -19.6) | score max 0.00 | detections 0 | inferences 334 (33.4/s; model 1.15 ms each, paused in quiet 0%; features 1.44 ms per 30 ms) | CPU core0  4.5% core1  9.6% (wake word pipeline 9.32% of one core) | RAM used 229 KB (peak 236 KB, 93 KB free) | wifi OK, server OK | audio lost since boot: i2s 0 net 0
18:48:37.054 @T t=471595 s=0.000 lv=-41.1 pk=-39.5 c0=7.8 c1=9.5 kw=9.25 inf=2.81 iv=1.19 n=3 d=0 sk=0 hf=96148 hm=89696 ht=283156 pf=0 pm=0 pt=0 ru=235400 rp=241852
18:48:37.054 @T t=471681 s=0.000 lv=-40.6 pk=-39.4 c0=4.2 c1=9.1 kw=9.18 inf=2.40 iv=1.13 n=3 d=0 sk=0 hf=96148 hm=89696 ht=283156 pf=0 pm=0 pt=0 ru=235400 rp=241852
18:48:37.054 @T t=471787 s=0.000 lv=-41.6 pk=-39.4 c0=3.9 c1=11.0 kw=10.61 inf=2.63 iv=1.14 n=4 d=0 sk=0 hf=96148 hm=89696 ht=283156 pf=0 pm=0 pt=0 ru=235400 rp=241852
18:48:37.054 @T t=471893 s=0.000 lv=-41.7 pk=-40.8 c0=3.6 c1=8.6 kw=8.41 inf=2.74 iv=1.16 n=3 d=0 sk=0 hf=96148 hm=89696 ht=283156 pf=0 pm=0 pt=0 ru=235400 rp=241852
18:48:37.054 @T t=471999 s=0.000 lv=-40.8 pk=-39.4 c0=3.4 c1=8.5 kw=8.28 inf=2.69 iv=1.12 n=3 d=0 sk=0 hf=96148 hm=89696 ht=283156 pf=0 pm=0 pt=0 ru=235400 rp=241852
18:48:37.055 @T t=472085 s=0.000 lv=-40.3 pk=-37.2 c0=4.3 c1=11.9 kw=11.64 inf=2.33 iv=1.13 n=4 d=0 sk=0 hf=96148 hm=89696 ht=283156 pf=0 pm=0 pt=0 ru=235400 rp=241852
18:48:37.055 @T t=472191 s=0.000 lv=-41.1 pk=-40.5 c0=3.4 c1=8.4 kw=8.25 inf=2.68 iv=1.11 n=3 d=0 sk=0 hf=96148 hm=89696 ht=283156 pf=0 pm=0 pt=0 ru=235400 rp=241852
18:48:37.055 @I ww=marvin cut=0.50 win=5 cool=1000 tick=100 wifi=1 srv=1 li=0 ln=0
18:48:37.055 @T t=472283 s=0.000 lv=-37.9 pk=-33.5 c0=4.7 c1=9.9 kw=9.69 inf=2.74 iv=1.14 n=3 d=0 sk=0 hf=96148 hm=89696 ht=283156 pf=0 pm=0 pt=0 ru=235400 rp=241852
18:48:37.055 @T t=472389 s=0.000 lv=-36.6 pk=-33.2 c0=3.5 c1=9.4 kw=9.22 inf=2.27 iv=1.08 n=4 d=0 sk=0 hf=96148 hm=89696 ht=283156 pf=0 pm=0 pt=0 ru=235400 rp=241852
18:48:37.055 @T t=472495 s=0.000 lv=-37.5 pk=-35.8 c0=3.5 c1=8.4 kw=8.26 inf=2.69 iv=1.12 n=3 d=0 sk=0 hf=96148 hm=89696 ht=283156 pf=0 pm=0 pt=0 ru=235400 rp=241852
18:48:37.055 @T t=472600 s=0.000 lv=-36.2 pk=-34.5 c0=5.5 c1=8.7 kw=8.48 inf=2.74 iv=1.14 n=3 d=0 sk=0 hf=96148 hm=89696 ht=283156 pf=0 pm=0 pt=0 ru=235400 rp=241852
18:48:37.056 @T t=472689 s=0.000 lv=-35.5 pk=-34.8 c0=3.9 c1=11.4 kw=11.23 inf=2.32 iv=1.10 n=4 d=0 sk=0 hf=96148 hm=89696 ht=283156 pf=0 pm=0 pt=0 ru=235400 rp=241852
18:48:37.056 @T t=472795 s=0.000 lv=-35.6 pk=-34.1 c0=5.8 c1=9.0 kw=8.73 inf=2.85 iv=1.24 n=3 d=0 sk=0 hf=94364 hm=89696 ht=283156 pf=0 pm=0 pt=0 ru=237204 rp=241852
18:48:37.056 @T t=472883 s=0.000 lv=-35.4 pk=-30.8 c0=7.2 c1=11.6 kw=10.67 inf=2.89 iv=1.26 n=3 d=0 sk=0 hf=96148 hm=89696 ht=283156 pf=0 pm=0 pt=0 ru=235400 rp=241852
18:48:37.056 @T t=472989 s=0.000 lv=-32.9 pk=-28.9 c0=3.5 c1=9.4 kw=9.23 inf=2.27 iv=1.09 n=4 d=0 sk=0 hf=96148 hm=89696 ht=283156 pf=0 pm=0 pt=0 ru=235400 rp=241852
18:48:37.056 @T t=473095 s=0.000 lv=-36.4 pk=-34.6 c0=3.4 c1=8.5 kw=8.30 inf=2.70 iv=1.12 n=3 d=0 sk=0 hf=96148 hm=89696 ht=283156 pf=0 pm=0 pt=0 ru=235400 rp=241852
18:48:37.056 @T t=473181 s=0.000 lv=-36.5 pk=-34.6 c0=4.2 c1=9.2 kw=9.26 inf=2.42 iv=1.14 n=3 d=0 sk=0 hf=96148 hm=89696 ht=283156 pf=0 pm=0 pt=0 ru=235400 rp=241852
18:48:37.057 @I ww=marvin cut=0.50 win=5 cool=1000 tick=100 wifi=1 srv=1 li=0 ln=0
18:48:37.057 @T t=473293 s=0.000 lv=-39.9 pk=-37.2 c0=4.0 c1=10.1 kw=9.74 inf=2.55 iv=1.09 n=4 d=0 sk=0 hf=96148 hm=89696 ht=283156 pf=0 pm=0 pt=0 ru=235400 rp=241852
18:48:39.633 @T t=473399 s=0.000 lv=-32.1 pk=-27.6 c0=3.6 c1=8.5 kw=8.34 inf=2.72 iv=1.13 n=3 d=0 sk=0 hf=96148 hm=89696 ht=283156 pf=0 pm=0 pt=0 ru=235400 rp=241852
18:48:39.633 @T t=473485 s=0.000 lv=-26.5 pk=-24.9 c0=4.7 c1=11.0 kw=10.77 inf=2.85 iv=1.24 n=3 d=0 sk=0 hf=96148 hm=89696 ht=283156 pf=0 pm=0 pt=0 ru=235400 rp=241852
18:48:39.634 @T t=473591 s=0.000 lv=-28.4 pk=-27.0 c0=3.5 c1=9.5 kw=9.32 inf=2.30 iv=1.11 n=4 d=0 sk=0 hf=96148 hm=89696 ht=283156 pf=0 pm=0 pt=0 ru=235400 rp=241852
18:48:39.634 @T t=473697 s=0.000 lv=-33.7 pk=-31.3 c0=3.4 c1=8.4 kw=8.23 inf=2.68 iv=1.11 n=3 d=0 sk=0 hf=96148 hm=89696 ht=283156 pf=0 pm=0 pt=0 ru=235400 rp=241852
18:48:39.634 @T t=473783 s=0.000 lv=-34.5 pk=-31.7 c0=4.2 c1=10.6 kw=10.36 inf=2.73 iv=1.16 n=3 d=0 sk=0 hf=96148 hm=89696 ht=283156 pf=0 pm=0 pt=0 ru=235400 rp=241852
18:48:39.634 @T t=473889 s=0.000 lv=-29.2 pk=-24.3 c0=4.1 c1=9.6 kw=9.42 inf=2.32 iv=1.12 n=4 d=0 sk=0 hf=96148 hm=89696 ht=283156 pf=0 pm=0 pt=0 ru=235400 rp=241852
18:48:39.634 @T t=473995 s=0.000 lv=-26.4 pk=-23.7 c0=3.4 c1=8.5 kw=8.37 inf=2.73 iv=1.14 n=3 d=0 sk=0 hf=96148 hm=89696 ht=283156 pf=0 pm=0 pt=0 ru=235400 rp=241852
18:48:39.634 @T t=474081 s=0.000 lv=-36.0 pk=-30.7 c0=4.3 c1=9.2 kw=9.26 inf=2.42 iv=1.14 n=3 d=0 sk=0 hf=96148 hm=89696 ht=283156 pf=0 pm=0 pt=0 ru=235400 rp=241852
18:48:39.634 @T t=474187 s=0.000 lv=-39.2 pk=-37.4 c0=3.4 c1=10.8 kw=10.37 inf=2.58 iv=1.09 n=4 d=0 sk=0 hf=96148 hm=89696 ht=283156 pf=0 pm=0 pt=0 ru=235400 rp=241852
18:48:39.635 @I ww=marvin cut=0.50 win=5 cool=1000 tick=100 wifi=1 srv=1 li=0 ln=0
18:48:39.635 @T t=474299 s=0.000 lv=-26.5 pk=-24.7 c0=4.0 c1=8.0 kw=7.87 inf=2.71 iv=1.13 n=3 d=0 sk=0 hf=96148 hm=89696 ht=283156 pf=0 pm=0 pt=0 ru=235400 rp=241852
18:48:39.635 @T t=474385 s=0.000 lv=-31.1 pk=-27.7 c0=4.4 c1=10.7 kw=10.51 inf=2.78 iv=1.18 n=3 d=0 sk=0 hf=96148 hm=89696 ht=283156 pf=0 pm=0 pt=0 ru=235400 rp=241852
18:48:39.636 @T t=474491 s=0.000 lv=-36.1 pk=-32.3 c0=3.5 c1=9.4 kw=9.25 inf=2.28 iv=1.09 n=4 d=0 sk=0 hf=96148 hm=89696 ht=283156 pf=0 pm=0 pt=0 ru=235400 rp=241852
18:48:39.636 @T t=474597 s=0.000 lv=-37.4 pk=-34.9 c0=3.9 c1=9.0 kw=8.79 inf=2.87 iv=1.25 n=3 d=0 sk=0 hf=96148 hm=89696 ht=283156 pf=0 pm=0 pt=0 ru=235400 rp=241852
18:48:39.636 @T t=474683 s=0.000 lv=-41.3 pk=-39.8 c0=4.3 c1=10.7 kw=10.46 inf=2.76 iv=1.18 n=3 d=0 sk=0 hf=96148 hm=89696 ht=283156 pf=0 pm=0 pt=0 ru=235400 rp=241852
18:48:39.636 @T t=474789 s=0.000 lv=-39.6 pk=-38.5 c0=3.4 c1=9.4 kw=9.23 inf=2.27 iv=1.09 n=4 d=0 sk=0 hf=96148 hm=89696 ht=283156 pf=0 pm=0 pt=0 ru=235400 rp=241852
18:48:39.637 @T t=474895 s=0.000 lv=-39.7 pk=-37.8 c0=7.8 c1=9.7 kw=9.11 inf=2.97 iv=1.33 n=3 d=0 sk=0 hf=96148 hm=89696 ht=283156 pf=0 pm=0 pt=0 ru=235400 rp=241852
18:48:39.637 @T t=474981 s=0.000 lv=-40.2 pk=-38.5 c0=4.3 c1=9.2 kw=9.29 inf=2.43 iv=1.15 n=3 d=0 sk=0 hf=96148 hm=89696 ht=283156 pf=0 pm=0 pt=0 ru=235400 rp=241852
18:48:39.638 @T t=475087 s=0.000 lv=-35.0 pk=-29.7 c0=4.0 c1=11.2 kw=10.74 inf=2.67 iv=1.18 n=4 d=0 sk=0 hf=96148 hm=89696 ht=283156 pf=0 pm=0 pt=0 ru=235400 rp=241852
18:48:39.638 @T t=475193 s=0.000 lv=-24.5 pk=-23.0 c0=3.5 c1=8.5 kw=8.36 inf=2.73 iv=1.13 n=3 d=0 sk=0 hf=96148 hm=89696 ht=283156 pf=0 pm=0 pt=0 ru=235400 rp=241852
18:48:39.638 @I ww=marvin cut=0.50 win=5 cool=1000 tick=100 wifi=1 srv=1 li=0 ln=0
18:48:39.638 @T t=475285 s=0.000 lv=-36.0 pk=-31.2 c0=4.8 c1=9.9 kw=9.69 inf=2.74 iv=1.15 n=3 d=0 sk=0 hf=96148 hm=89696 ht=283156 pf=0 pm=0 pt=0 ru=235400 rp=241852
18:48:39.639 @T t=475391 s=0.000 lv=-36.7 pk=-35.0 c0=3.5 c1=9.5 kw=9.32 inf=2.30 iv=1.10 n=4 d=0 sk=0 hf=96148 hm=89696 ht=283156 pf=0 pm=0 pt=0 ru=235400 rp=241852
18:48:39.639 @T t=475497 s=0.000 lv=-34.3 pk=-32.3 c0=3.5 c1=8.5 kw=8.34 inf=2.72 iv=1.13 n=3 d=0 sk=0 hf=96148 hm=89696 ht=283156 pf=0 pm=0 pt=0 ru=235400 rp=241852
18:48:39.639 @T t=475584 s=0.000 lv=-33.9 pk=-32.5 c0=4.3 c1=10.6 kw=10.37 inf=2.77 iv=1.16 n=3 d=0 sk=0 hf=96148 hm=89696 ht=283156 pf=0 pm=0 pt=0 ru=235400 rp=241852
18:48:39.639 @T t=475690 s=0.000 lv=-29.0 pk=-25.9 c0=3.8 c1=9.8 kw=9.60 inf=2.37 iv=1.16 n=4 d=0 sk=0 hf=96148 hm=89696 ht=283156 pf=0 pm=0 pt=0 ru=235400 rp=241852
18:48:39.640 @T t=475796 s=0.000 lv=-33.3 pk=-31.5 c0=3.4 c1=8.5 kw=8.30 inf=2.70 iv=1.13 n=3 d=0 sk=0 hf=96148 hm=89696 ht=283156 pf=0 pm=0 pt=0 ru=235400 rp=241852
18:48:39.640 @T t=475882 s=0.000 lv=-36.6 pk=-34.6 c0=5.1 c1=10.7 kw=10.74 inf=2.84 iv=1.22 n=3 d=0 sk=0 hf=96148 hm=89696 ht=283156 pf=0 pm=0 pt=0 ru=235400 rp=241852
18:48:42.145 @T t=475988 s=0.000 lv=-36.4 pk=-34.2 c0=3.4 c1=9.6 kw=9.24 inf=2.28 iv=1.09 n=4 d=0 sk=0 hf=96148 hm=89696 ht=283156 pf=0 pm=0 pt=0 ru=235400 rp=241852
18:48:42.146 @T t=476094 s=0.000 lv=-40.0 pk=-38.5 c0=3.5 c1=8.5 kw=8.36 inf=2.72 iv=1.14 n=3 d=0 sk=0 hf=96148 hm=89696 ht=283156 pf=0 pm=0 pt=0 ru=235400 rp=241852
18:48:42.146 @T t=476200 s=0.000 lv=-39.4 pk=-38.7 c0=3.4 c1=8.5 kw=8.31 inf=2.70 iv=1.12 n=3 d=0 sk=0 hf=96148 hm=89696 ht=283156 pf=0 pm=0 pt=0 ru=235400 rp=241852
18:48:42.146 @I ww=marvin cut=0.50 win=5 cool=1000 tick=100 wifi=1 srv=1 li=0 ln=0
18:48:42.147 @T t=476291 s=0.000 lv=-41.7 pk=-40.0 c0=5.0 c1=11.3 kw=11.13 inf=2.35 iv=1.14 n=4 d=0 sk=0 hf=96148 hm=89696 ht=283156 pf=0 pm=0 pt=0 ru=235400 rp=241852
18:48:42.147 @T t=476397 s=0.000 lv=-41.3 pk=-39.7 c0=3.6 c1=8.5 kw=8.34 inf=2.72 iv=1.14 n=3 d=0 sk=0 hf=96148 hm=89696 ht=283156 pf=0 pm=0 pt=0 ru=235400 rp=241852
18:48:42.147 @T t=476483 s=0.000 lv=-31.1 pk=-28.7 c0=4.1 c1=10.6 kw=10.41 inf=2.75 iv=1.15 n=3 d=0 sk=0 hf=96148 hm=89696 ht=283156 pf=0 pm=0 pt=0 ru=235400 rp=241852
18:48:42.147 @T t=476589 s=0.000 lv=-37.4 pk=-35.5 c0=3.5 c1=9.4 kw=9.21 inf=2.27 iv=1.08 n=4 d=0 sk=0 hf=96148 hm=89696 ht=283156 pf=0 pm=0 pt=0 ru=235400 rp=241852
18:48:42.147 @T t=476695 s=0.000 lv=-32.8 pk=-31.8 c0=3.4 c1=8.4 kw=8.26 inf=2.69 iv=1.11 n=3 d=0 sk=0 hf=96148 hm=89696 ht=283156 pf=0 pm=0 pt=0 ru=235400 rp=241852
18:48:42.147 @T t=476781 s=0.000 lv=-37.1 pk=-35.0 c0=4.1 c1=9.1 kw=9.22 inf=2.41 iv=1.12 n=3 d=0 sk=0 hf=96148 hm=89696 ht=283156 pf=0 pm=0 pt=0 ru=235400 rp=241852
18:48:42.147 @T t=476887 s=0.000 lv=-33.1 pk=-30.2 c0=7.8 c1=12.1 kw=11.03 inf=2.75 iv=1.23 n=4 d=0 sk=0 hf=96148 hm=89696 ht=283156 pf=0 pm=0 pt=0 ru=235400 rp=241852
18:48:42.148 @T t=476994 s=0.000 lv=-36.6 pk=-33.0 c0=3.9 c1=8.2 kw=8.24 inf=2.70 iv=1.14 n=3 d=0 sk=0 hf=96148 hm=89696 ht=283156 pf=0 pm=0 pt=0 ru=235400 rp=241852
18:48:42.148 @T t=477099 s=0.000 lv=-38.2 pk=-36.0 c0=6.7 c1=8.6 kw=8.45 inf=2.72 iv=1.12 n=3 d=0 sk=0 hf=96148 hm=89696 ht=283156 pf=0 pm=0 pt=0 ru=235400 rp=241852
18:48:42.148 @T t=477185 s=0.000 lv=-37.1 pk=-33.7 c0=7.4 c1=11.8 kw=11.62 inf=2.32 iv=1.12 n=4 d=0 sk=0 hf=96148 hm=89696 ht=283156 pf=0 pm=0 pt=0 ru=235400 rp=241852
18:48:42.148 @I ww=marvin cut=0.50 win=5 cool=1000 tick=100 wifi=1 srv=1 li=0 ln=0
18:48:42.148 @T t=477297 s=0.000 lv=-34.1 pk=-31.3 c0=3.9 c1=7.9 kw=7.74 inf=2.66 iv=1.09 n=3 d=0 sk=0 hf=96148 hm=89696 ht=283156 pf=0 pm=0 pt=0 ru=235400 rp=241852
18:48:42.148 @T t=477383 s=0.000 lv=-36.7 pk=-32.5 c0=4.4 c1=10.7 kw=10.48 inf=2.77 iv=1.17 n=3 d=0 sk=0 hf=96148 hm=89696 ht=283156 pf=0 pm=0 pt=0 ru=235400 rp=241852
18:48:42.148 @T t=477489 s=0.000 lv=-37.4 pk=-33.5 c0=3.5 c1=9.4 kw=9.20 inf=2.26 iv=1.08 n=4 d=0 sk=0 hf=96148 hm=89696 ht=283156 pf=0 pm=0 pt=0 ru=235400 rp=241852
18:48:42.149 @T t=477595 s=0.000 lv=-37.6 pk=-33.7 c0=6.6 c1=8.5 kw=8.31 inf=2.71 iv=1.13 n=3 d=0 sk=0 hf=96148 hm=89696 ht=283156 pf=0 pm=0 pt=0 ru=235400 rp=241852
18:48:42.149 @T t=477681 s=0.000 lv=-34.4 pk=-32.0 c0=4.2 c1=9.2 kw=9.28 inf=2.43 iv=1.13 n=3 d=0 sk=0 hf=96148 hm=89696 ht=283156 pf=0 pm=0 pt=0 ru=235400 rp=241852
18:48:42.149 @T t=477787 s=0.000 lv=-28.4 pk=-26.4 c0=3.4 c1=10.8 kw=10.34 inf=2.57 iv=1.09 n=4 d=0 sk=0 hf=96148 hm=89696 ht=283156 pf=0 pm=0 pt=0 ru=235400 rp=241852
18:48:42.149 @T t=477893 s=0.000 lv=-37.9 pk=-35.7 c0=4.1 c1=8.6 kw=8.38 inf=2.73 iv=1.15 n=3 d=0 sk=0 hf=96148 hm=89696 ht=283156 pf=0 pm=0 pt=0 ru=235400 rp=241852
18:48:42.149 @T t=477999 s=0.000 lv=-32.6 pk=-30.5 c0=7.0 c1=8.9 kw=8.68 inf=2.83 iv=1.23 n=3 d=0 sk=0 hf=96148 hm=89696 ht=283156 pf=0 pm=0 pt=0 ru=235400 rp=241852
18:48:42.149 @T t=478085 s=0.000 lv=-37.1 pk=-36.0 c0=4.4 c1=11.9 kw=11.66 inf=2.33 iv=1.14 n=4 d=0 sk=0 hf=96148 hm=89696 ht=283156 pf=0 pm=0 pt=0 ru=235400 rp=241852
18:48:42.149 @T t=478191 s=0.000 lv=-29.8 pk=-27.2 c0=3.4 c1=8.5 kw=8.29 inf=2.70 iv=1.13 n=3 d=0 sk=0 hf=96148 hm=89696 ht=283156 pf=0 pm=0 pt=0 ru=235400 rp=241852
18:48:42.150 @I ww=marvin cut=0.50 win=5 cool=1000 tick=100 wifi=1 srv=1 li=0 ln=0
18:48:42.150 @T t=478283 s=0.000 lv=-36.3 pk=-32.5 c0=4.8 c1=9.9 kw=9.66 inf=2.73 iv=1.15 n=3 d=0 sk=0 hf=96148 hm=89696 ht=283156 pf=0 pm=0 pt=0 ru=235400 rp=241852
18:48:42.150 @T t=478389 s=0.000 lv=-37.7 pk=-33.8 c0=3.5 c1=9.5 kw=9.29 inf=2.29 iv=1.10 n=4 d=0 sk=0 hf=96148 hm=89696 ht=283156 pf=0 pm=0 pt=0 ru=235400 rp=241852
18:48:44.727 @T t=478495 s=0.000 lv=-33.8 pk=-29.6 c0=3.5 c1=8.5 kw=8.37 inf=2.73 iv=1.13 n=3 d=0 sk=0 hf=96148 hm=89696 ht=283156 pf=0 pm=0 pt=0 ru=235400 rp=241852
18:48:44.728 @T t=478581 s=0.000 lv=-27.1 pk=-25.3 c0=4.3 c1=9.2 kw=9.29 inf=2.43 iv=1.14 n=3 d=0 sk=0 hf=96148 hm=89696 ht=283156 pf=0 pm=0 pt=0 ru=235400 rp=241852
18:48:44.728 @T t=478687 s=0.000 lv=-30.6 pk=-27.5 c0=3.4 c1=10.7 kw=10.33 inf=2.57 iv=1.09 n=4 d=0 sk=0 hf=96148 hm=89696 ht=283156 pf=0 pm=0 pt=0 ru=235400 rp=241852
18:48:44.728 @T t=478793 s=0.000 lv=-39.8 pk=-38.0 c0=3.4 c1=8.5 kw=8.30 inf=2.70 iv=1.13 n=3 d=0 sk=0 hf=96148 hm=89696 ht=283156 pf=0 pm=0 pt=0 ru=235400 rp=241852
18:48:44.728 @T t=478899 s=0.000 lv=-42.4 pk=-41.0 c0=5.5 c1=8.6 kw=8.42 inf=2.74 iv=1.15 n=3 d=0 sk=0 hf=94384 hm=89696 ht=283156 pf=0 pm=0 pt=0 ru=237164 rp=241852
18:48:44.728 @T t=478985 s=0.000 lv=-41.8 pk=-40.1 c0=10.1 c1=13.2 kw=12.54 inf=2.51 iv=1.26 n=4 d=0 sk=0 hf=96148 hm=89696 ht=283156 pf=0 pm=0 pt=0 ru=235400 rp=241852
18:48:44.728 @T t=479091 s=0.000 lv=-41.5 pk=-40.9 c0=7.1 c1=9.1 kw=8.84 inf=2.88 iv=1.26 n=3 d=0 sk=0 hf=96148 hm=89696 ht=283156 pf=0 pm=0 pt=0 ru=235400 rp=241852
18:48:44.729 @T t=479197 s=0.000 lv=-41.0 pk=-39.9 c0=6.1 c1=8.5 kw=8.36 inf=2.72 iv=1.14 n=3 d=0 sk=0 hf=96148 hm=89696 ht=283156 pf=0 pm=0 pt=0 ru=235400 rp=241852
18:48:44.729 @I ww=marvin cut=0.50 win=5 cool=1000 tick=100 wifi=1 srv=1 li=0 ln=0
18:48:44.729 @T t=479289 s=0.000 lv=-40.7 pk=-39.0 c0=5.0 c1=11.3 kw=11.03 inf=2.36 iv=1.15 n=4 d=0 sk=0 hf=96148 hm=89696 ht=283156 pf=0 pm=0 pt=0 ru=235400 rp=241852
18:48:44.729 @T t=479395 s=0.000 lv=-41.1 pk=-40.0 c0=3.6 c1=8.6 kw=8.39 inf=2.74 iv=1.15 n=3 d=0 sk=0 hf=96148 hm=89696 ht=283156 pf=0 pm=0 pt=0 ru=235400 rp=241852
18:48:44.729 @T t=479481 s=0.000 lv=-41.4 pk=-40.2 c0=4.2 c1=9.2 kw=9.30 inf=2.43 iv=1.15 n=3 d=0 sk=0 hf=96148 hm=89696 ht=283156 pf=0 pm=0 pt=0 ru=235400 rp=241852
18:48:44.729 @T t=479587 s=0.000 lv=-40.2 pk=-38.5 c0=3.5 c1=10.8 kw=10.38 inf=2.58 iv=1.10 n=4 d=0 sk=0 hf=96148 hm=89696 ht=283156 pf=0 pm=0 pt=0 ru=235400 rp=241852
18:48:44.729 @T t=479693 s=0.000 lv=-40.7 pk=-39.0 c0=3.4 c1=8.5 kw=8.31 inf=2.71 iv=1.13 n=3 d=0 sk=0 hf=96148 hm=89696 ht=283156 pf=0 pm=0 pt=0 ru=235400 rp=241852
18:48:44.729 @T t=479799 s=0.000 lv=-36.0 pk=-32.9 c0=3.4 c1=8.5 kw=8.37 inf=2.72 iv=1.14 n=3 d=0 sk=0 hf=96148 hm=89696 ht=283156 pf=0 pm=0 pt=0 ru=235400 rp=241852
18:48:44.730 @T t=479885 s=0.000 lv=-41.2 pk=-38.7 c0=8.4 c1=12.1 kw=11.83 inf=2.36 iv=1.16 n=4 d=0 sk=0 hf=96148 hm=89696 ht=283156 pf=0 pm=0 pt=0 ru=235400 rp=241852
18:48:44.730 @T t=479991 s=0.000 lv=-36.9 pk=-36.0 c0=3.9 c1=8.8 kw=8.57 inf=2.79 iv=1.19 n=3 d=0 sk=0 hf=96148 hm=89696 ht=283156 pf=0 pm=0 pt=0 ru=235400 rp=241852
18:48:44.730 @T t=480097 s=0.000 lv=-35.6 pk=-32.6 c0=3.5 c1=8.5 kw=8.32 inf=2.71 iv=1.12 n=3 d=0 sk=0 hf=96148 hm=89696 ht=283156 pf=0 pm=0 pt=0 ru=235400 rp=241852
18:48:44.730 @T t=480183 s=0.000 lv=-39.5 pk=-38.1 c0=4.7 c1=11.7 kw=12.05 inf=2.41 iv=1.19 n=4 d=0 sk=0 hf=96148 hm=89696 ht=283156 pf=0 pm=0 pt=0 ru=235400 rp=241852
18:48:44.731 @I ww=marvin cut=0.50 win=5 cool=1000 tick=100 wifi=1 srv=1 li=0 ln=0
18:48:44.731 @T t=480294 s=0.000 lv=-33.5 pk=-31.9 c0=4.0 c1=8.6 kw=7.95 inf=2.71 iv=1.13 n=3 d=0 sk=0 hf=96148 hm=89696 ht=283156 pf=0 pm=0 pt=0 ru=235400 rp=241852
18:48:44.731 @T t=480400 s=0.000 lv=-32.7 pk=-30.3 c0=3.6 c1=8.5 kw=8.38 inf=2.73 iv=1.13 n=3 d=0 sk=0 hf=96148 hm=89696 ht=283156 pf=0 pm=0 pt=0 ru=235400 rp=241852
18:48:44.731 @T t=480486 s=0.000 lv=-37.4 pk=-33.4 c0=4.3 c1=11.9 kw=11.72 inf=2.34 iv=1.12 n=4 d=0 sk=0 hf=96148 hm=89696 ht=283156 pf=0 pm=0 pt=0 ru=235400 rp=241852
18:48:44.731 @T t=480592 s=0.000 lv=-39.5 pk=-38.6 c0=3.5 c1=8.5 kw=8.35 inf=2.72 iv=1.14 n=3 d=0 sk=0 hf=96148 hm=89696 ht=283156 pf=0 pm=0 pt=0 ru=235400 rp=241852
18:48:44.732 @T t=480698 s=0.000 lv=-34.2 pk=-30.7 c0=3.4 c1=8.4 kw=8.26 inf=2.69 iv=1.12 n=3 d=0 sk=0 hf=96148 hm=89696 ht=283156 pf=0 pm=0 pt=0 ru=235400 rp=241852
18:48:44.732 @T t=480784 s=0.000 lv=-32.2 pk=-28.1 c0=4.1 c1=11.8 kw=11.53 inf=2.30 iv=1.10 n=4 d=0 sk=0 hf=96148 hm=89696 ht=283156 pf=0 pm=0 pt=0 ru=235400 rp=241852
18:48:44.732 @T t=480890 s=0.000 lv=-33.6 pk=-31.0 c0=3.6 c1=8.6 kw=8.39 inf=2.73 iv=1.14 n=3 d=0 sk=0 hf=96148 hm=89696 ht=283156 pf=0 pm=0 pt=0 ru=235400 rp=241852
18:48:44.732 @T t=480996 s=0.000 lv=-35.5 pk=-34.7 c0=7.4 c1=9.5 kw=8.93 inf=2.92 iv=1.29 n=3 d=0 sk=0 hf=96148 hm=89696 ht=283156 pf=0 pm=0 pt=0 ru=235400 rp=241852
18:48:46.947 @T t=481082 s=0.000 lv=-38.7 pk=-37.8 c0=8.7 c1=10.8 kw=9.69 inf=2.54 iv=1.23 n=3 d=0 sk=0 hf=95952 hm=89696 ht=283156 pf=0 pm=0 pt=0 ru=235596 rp=241852
18:48:46.948 @T t=481189 s=0.000 lv=-33.7 pk=-33.0 c0=7.5 c1=10.5 kw=11.00 inf=2.77 iv=1.32 n=4 d=0 sk=0 hf=96148 hm=89696 ht=283156 pf=0 pm=0 pt=0 ru=235400 rp=241852
18:48:46.948 @I ww=marvin cut=0.50 win=5 cool=1000 tick=100 wifi=1 srv=1 li=0 ln=0
18:48:46.948 @T t=481281 s=0.000 lv=-35.0 pk=-31.6 c0=4.9 c1=8.6 kw=8.69 inf=2.43 iv=1.15 n=3 d=0 sk=0 hf=96148 hm=89696 ht=283156 pf=0 pm=0 pt=0 ru=235400 rp=241852
18:48:46.948 @T t=481387 s=0.000 lv=-27.4 pk=-26.1 c0=7.1 c1=11.2 kw=10.74 inf=2.67 iv=1.16 n=4 d=0 sk=0 hf=96148 hm=89696 ht=283156 pf=0 pm=0 pt=0 ru=235400 rp=241852
18:48:46.948 @T t=481493 s=0.000 lv=-40.8 pk=-38.2 c0=6.2 c1=8.5 kw=8.30 inf=2.70 iv=1.13 n=3 d=0 sk=0 hf=96148 hm=89696 ht=283156 pf=0 pm=0 pt=0 ru=235400 rp=241852
18:48:46.949 [status] up 481s | mic -33.7 dBFS (peak -23.0) | score max 0.00 | detections 0 | inferences 333 (33.3/s; model 1.15 ms each, paused in quiet 0%; features 1.44 ms per 30 ms) | CPU core0  4.5% core1  9.6% (wake word pipeline 9.32% of one core) | RAM used 229 KB (peak 236 KB, 93 KB free) | wifi OK, server OK | audio lost since boot: i2s 0 net 0
18:48:46.949 @T t=481581 s=0.000 lv=-40.8 pk=-39.3 c0=9.6 c1=9.5 kw=9.53 inf=2.55 iv=1.23 n=3 d=0 sk=0 hf=96148 hm=89696 ht=283156 pf=0 pm=0 pt=0 ru=235400 rp=241852
18:48:46.949 @T t=481687 s=0.000 lv=-41.3 pk=-39.9 c0=3.4 c1=10.7 kw=10.33 inf=2.56 iv=1.09 n=4 d=0 sk=0 hf=96148 hm=89696 ht=283156 pf=0 pm=0 pt=0 ru=235400 rp=241852
18:48:46.949 @T t=481793 s=0.000 lv=-40.1 pk=-39.0 c0=3.4 c1=8.4 kw=8.25 inf=2.69 iv=1.11 n=3 d=0 sk=0 hf=96148 hm=89696 ht=283156 pf=0 pm=0 pt=0 ru=235400 rp=241852
18:48:46.949 @T t=481899 s=0.000 lv=-40.4 pk=-39.2 c0=3.6 c1=8.6 kw=8.40 inf=2.73 iv=1.14 n=3 d=0 sk=0 hf=96148 hm=89696 ht=283156 pf=0 pm=0 pt=0 ru=235400 rp=241852
18:48:46.950 @T t=481985 s=0.000 lv=-40.8 pk=-39.9 c0=4.9 c1=11.2 kw=11.47 inf=2.31 iv=1.12 n=4 d=0 sk=0 hf=96148 hm=89696 ht=283156 pf=0 pm=0 pt=0 ru=235400 rp=241852
18:48:46.950 @T t=482091 s=0.000 lv=-38.0 pk=-37.1 c0=6.1 c1=9.0 kw=8.39 inf=2.72 iv=1.13 n=3 d=0 sk=0 hf=96148 hm=89696 ht=283156 pf=0 pm=0 pt=0 ru=235400 rp=241852
18:48:46.950 @T t=482197 s=0.000 lv=-39.5 pk=-37.7 c0=3.4 c1=8.5 kw=8.31 inf=2.70 iv=1.12 n=3 d=0 sk=0 hf=96148 hm=89696 ht=283156 pf=0 pm=0 pt=0 ru=235400 rp=241852
18:48:46.950 @I ww=marvin cut=0.50 win=5 cool=1000 tick=100 wifi=1 srv=1 li=0 ln=0
18:48:46.950 @T t=482289 s=0.000 lv=-38.8 pk=-37.8 c0=5.0 c1=11.2 kw=11.00 inf=2.35 iv=1.14 n=4 d=0 sk=0 hf=96148 hm=89696 ht=283156 pf=0 pm=0 pt=0 ru=235400 rp=241852
18:48:46.950 @T t=482395 s=0.000 lv=-39.1 pk=-38.0 c0=3.6 c1=8.5 kw=8.32 inf=2.71 iv=1.12 n=3 d=0 sk=0 hf=96148 hm=89696 ht=283156 pf=0 pm=0 pt=0 ru=235400 rp=241852
18:48:46.950 @T t=482481 s=0.000 lv=-40.7 pk=-40.3 c0=4.7 c1=9.7 kw=9.69 inf=2.54 iv=1.22 n=3 d=0 sk=0 hf=96148 hm=89696 ht=283156 pf=0 pm=0 pt=0 ru=235400 rp=241852
18:48:46.951 @T t=482587 s=0.000 lv=-40.6 pk=-39.4 c0=3.5 c1=10.9 kw=10.46 inf=2.60 iv=1.11 n=4 d=0 sk=0 hf=96148 hm=89696 ht=283156 pf=0 pm=0 pt=0 ru=235400 rp=241852
18:48:46.951 @T t=482693 s=0.000 lv=-39.7 pk=-38.6 c0=3.4 c1=8.5 kw=8.33 inf=2.71 iv=1.13 n=3 d=0 sk=0 hf=96148 hm=89696 ht=283156 pf=0 pm=0 pt=0 ru=235400 rp=241852
18:48:46.951 @T t=482799 s=0.000 lv=-40.4 pk=-38.1 c0=3.4 c1=8.5 kw=8.35 inf=2.72 iv=1.13 n=3 d=0 sk=0 hf=96148 hm=89696 ht=283156 pf=0 pm=0 pt=0 ru=235400 rp=241852
18:48:46.951 @T t=482885 s=0.000 lv=-39.6 pk=-38.5 c0=4.5 c1=12.1 kw=11.85 inf=2.37 iv=1.15 n=4 d=0 sk=0 hf=96148 hm=89696 ht=283156 pf=0 pm=0 pt=0 ru=235400 rp=241852
18:48:46.951 @T t=482991 s=0.000 lv=-37.6 pk=-35.8 c0=5.3 c1=7.6 kw=7.39 inf=3.57 iv=1.21 n=2 d=0 sk=0 hf=94384 hm=89696 ht=283156 pf=0 pm=0 pt=0 ru=237164 rp=241852
18:48:46.951 @T t=483097 s=0.000 lv=-39.6 pk=-38.7 c0=6.0 c1=5.7 kw=5.15 inf=1.58 iv=0.00 n=0 d=0 sk=3 hf=96148 hm=89696 ht=283156 pf=0 pm=0 pt=0 ru=235400 rp=241852
18:48:46.951 @T t=483183 s=0.000 lv=-37.9 pk=-37.2 c0=4.2 c1=6.3 kw=6.13 inf=1.53 iv=0.00 n=0 d=0 sk=3 hf=96148 hm=89696 ht=283156 pf=0 pm=0 pt=0 ru=235400 rp=241852
18:48:46.951 @I ww=marvin cut=0.50 win=5 cool=1000 tick=100 wifi=1 srv=1 li=0 ln=0
