18:58:37.213 ESP-ROM:esp32s3-20210327
18:58:37.213 Build:Mar 27 2021
18:58:37.213 rst:0x1 (POWERON),boot:0x8 (SPI_FAST_FLASH_BOOT)
18:58:37.213 SPIWP:0xee
18:58:37.213 mode:DIO, clock div:1
18:58:37.213 load:0x3fce2820,len:0x1668
18:58:37.213 load:0x403c8700,len:0xec0
18:58:37.213 load:0x403cb700,len:0x3178
18:58:37.213 entry 0x403c894c
18:58:37.213 I (24) boot: ESP-IDF v5.5.5 2nd stage bootloader
18:58:37.213 I (25) boot: compile time Sep 27 2026 18:23:27
18:58:37.213 I (25) boot: Multicore bootloader
18:58:37.213 I (25) boot: chip revision: v0.2
18:58:37.213 I (28) boot: efuse block revision: v1.4
18:58:37.213 I (31) qio_mode: Enabling default flash chip QIO
18:58:37.216 I (36) boot.esp32s3: Boot SPI Speed : 80MHz
18:58:37.217 I (40) boot.esp32s3: SPI Mode       : QIO
18:58:37.217 I (43) boot.esp32s3: SPI Flash Size : 4MB
18:58:37.217 I (47) boot: Enabling RNG early entropy source...
18:58:37.217 I (52) boot: Partition Table:
18:58:37.217 I (54) boot: ## Label            Usage          Type ST Offset   Length
18:58:37.217 I (60) boot:  0 nvs              WiFi data        01 02 00009000 00006000
18:58:37.217 I (67) boot:  1 phy_init         RF data          01 01 0000f000 00001000
18:58:37.217 I (73) boot:  2 factory          factory app      00 00 00010000 00177000
18:58:37.217 I (80) boot: End of partition table
18:58:37.217 I (83) esp_image: segment 0: paddr=00010020 vaddr=3c0e0020 size=36f20h (225056) map
18:58:37.217 I (126) esp_image: segment 1: paddr=00046f48 vaddr=3fc9ff00 size=050cch ( 20684) load
18:58:37.217 I (130) esp_image: segment 2: paddr=0004c01c vaddr=40378000 size=03ffch ( 16380) load
18:58:37.217 I (133) esp_image: segment 3: paddr=00050020 vaddr=42000020 size=dc154h (901460) map
18:58:37.217 I (276) esp_image: segment 4: paddr=0012c17c vaddr=4037bffc size=13e00h ( 81408) load
18:58:37.217 I (293) esp_image: segment 5: paddr=0013ff84 vaddr=50000000 size=00020h (    32) load
18:58:37.217 I (302) boot: Loaded app from partition at offset 0x10000
18:58:37.217 I (303) boot: Disabling RNG early entropy source...
18:58:37.217 I (313) cpu_start: Multicore app
18:58:37.217 I (321) cpu_start: GPIO 44 and 43 are used as console UART I/O pins
18:58:37.217 I (321) cpu_start: Pro cpu start user code
18:58:37.217 I (322) cpu_start: cpu freq: 240000000 Hz
18:58:37.217 I (323) app_init: Application information:
18:58:37.217 I (327) app_init: Project name:     kws_s3
18:58:37.217 I (331) app_init: App version:      89b0143-dirty
18:58:37.217 I (335) app_init: Compile time:     Sep 28 2026 18:32:34
18:58:37.217 I (340) app_init: ELF file SHA256:  b7bc9bc11...
18:58:37.217 I (345) app_init: ESP-IDF:          v5.5.5
18:58:37.217 I (349) efuse_init: Min chip rev:     v0.0
18:58:37.217 I (352) efuse_init: Max chip rev:     v0.99
18:58:37.217 I (356) efuse_init: Chip rev:         v0.2
18:58:37.217 I (360) heap_init: Initializing. RAM available for dynamic allocation:
18:58:37.217 I (367) heap_init: At 3FCABC08 len 0003DB08 (246 KiB): RAM
18:58:37.217 I (372) heap_init: At 3FCE9710 len 00005724 (21 KiB): RAM
18:58:37.217 I (377) heap_init: At 600FE000 len 00001FE8 (7 KiB): RTCRAM
18:58:37.217 I (383) spi_flash: detected chip: boya
18:58:37.217 I (386) spi_flash: flash io: qio
18:58:37.217 W (389) spi_flash: Detected size(16384k) larger than the size in the binary image header(4096k). Using the size in the binary image header.
18:58:37.217 I (401) sleep_gpio: Configure to isolate all GPIO pins in sleep state
18:58:37.217 I (407) sleep_gpio: Enable automatic switching of GPIO sleep configuration
18:58:37.217 I (414) main_task: Started on CPU0
18:58:37.217 I (432) main_task: Calling app_main()
18:58:37.217 
18:58:37.217 ==================== SIH KWS firmware ====================
18:58:37.217  chip      : esp32s3 rev v0.2, 2 cores, flash 4 MB
18:58:37.217  ESP-IDF   : v5.5.5
18:58:37.217  RAM       : 47 KB static data, 247 KB heap free (code in IRAM: 95 KB, not counted)
18:58:37.217  model     : marvin.tflite (60896 bytes, stored in flash)
18:58:37.217 ===========================================================
18:58:37.217 
18:58:37.217 [heap] start of app_main            253816 B free (of 283156 B)
18:58:37.217 [heap] NVS                          took   2940 B, 250876 B free
18:58:37.217 I (497) kws: model ready: wake word "marvin", threshold 0.50 (json), window 5, input 3x40 int8
18:58:37.217 I (498) kws: model RAM: tensor arena 25580 of 30000 bytes used; engine total 41 KB of heap
18:58:37.460 
18:58:37.460 ------------------------ SELF-TEST ------------------------
18:58:37.460  noise only (3 s)   : PASS - stayed quiet  (highest score 0.01, threshold 0.50)
18:58:37.460  wake word recording: skipped - no WAV file in the model folder (optional)
18:58:37.460 -----------------------------------------------------------
18:58:37.460 
18:58:37.460 [heap] model + features + self-test took  42848 B, 208028 B free
18:58:37.460 I (746) audio: I2S running: 16 kHz, 32-bit slots, both channels, SCK=16 WS=15 SD=17, gain x1
18:58:39.235 I (1248) kws: microphones: left (L/R to GND) -26.6 dBFS, right (L/R to 3V3) -19.4 dBFS, similarity 0.07 -> using both (average)
18:58:39.235 [heap] I2S + ring + audio task      took  53620 B, 154408 B free
18:58:39.235 I (1260) kws: listening for "marvin" ...
18:58:39.235 I (1261) pp: pp rom version: e7ae62f
18:58:39.235 I (1266) net80211: net80211 rom version: e7ae62f
18:58:39.235 I (1272) wifi:wifi driver task: 3fcca738, prio:23, stack:6656, core=0
18:58:39.235 I (1283) wifi:wifi firmware version: b9f67df
18:58:39.235 I (1284) wifi:wifi certification version: v7.0
18:58:39.235 I (1285) wifi:config NVS flash: enabled
18:58:39.235 I (1288) wifi:config nano formatting: disabled
18:58:39.235 I (1289) wifi:Init data frame dynamic rx buffer num: 16
18:58:39.235 I (1294) wifi:Init static rx mgmt buffer num: 5
18:58:39.235 I (1300) wifi:Init management short buffer num: 32
18:58:39.235 I (1305) wifi:Init dynamic tx buffer num: 16
18:58:39.235 I (1311) wifi:Init static tx FG buffer num: 2
18:58:39.235 I (1311) wifi:Init static rx buffer size: 1600
18:58:39.235 I (1317) wifi:Init static rx buffer num: 6
18:58:39.235 I (1322) wifi:Init dynamic rx buffer num: 16
18:58:39.235 I (1328) wifi_init: accept mbox: 6
18:58:39.235 I (1328) wifi_init: tcpip mbox: 32
18:58:39.235 I (1333) wifi_init: udp mbox: 6
18:58:39.235 I (1333) wifi_init: tcp mbox: 6
18:58:39.235 I (1338) wifi_init: tcp tx win: 5760
18:58:39.235 I (1339) wifi_init: tcp rx win: 5760
18:58:39.235 I (1344) wifi_init: tcp mss: 1440
18:58:39.235 I (1344) wifi_init: WiFi IRAM OP enabled
18:58:39.235 I (1350) wifi_init: WiFi RX IRAM OP enabled
18:58:39.235 I (1356) phy_init: phy_version 712,87e8c20e,Apr 13 2026,18:51:10
18:58:39.235 I (1393) wifi:mode : sta (e0:72:a1:d5:32:74)
18:58:39.235 I (1394) wifi:enable tsf
18:58:39.235 I (1396) wifi:Set ps type: 0, coexist: 0
18:58:39.235 
18:58:39.235 I (1399) wifi: connecting to "ARYA 9252" ...
18:58:39.235 [heap] Wi-Fi driver + netif         took  42684 B, 111724 B free
18:58:39.235 W (1406) stream: cannot reach the server ws://192.168.137.1:3000/ws (is it running? same network?) - retrying every second
18:58:39.235 [heap] WebSocket client + streamer  took  13740 B,  97984 B free
18:58:39.235 I (1498) wifi:state: init -> auth (0xb0)
18:58:39.235 @T t=1158 s=0.015 lv=-40.4 pk=-38.1 c0=-1.0 c1=-1.0 kw=24.06 inf=3.19 iv=1.49 n=8 d=0 sk=0 hf=98076 hm=97432 ht=283156 pf=0 pm=0 pt=0 ru=233472 rp=234116
18:58:39.235 @I ww=marvin cut=0.50 win=5 cool=1000 tick=100 wifi=0 srv=0 li=0 ln=0
18:58:39.235 @T t=1253 s=0.015 lv=-41.1 pk=-40.1 c0=4.9 c1=11.3 kw=11.12 inf=2.46 iv=1.22 n=4 d=0 sk=0 hf=98076 hm=97432 ht=283156 pf=0 pm=0 pt=0 ru=233472 rp=234116
18:58:39.235 @T t=1359 s=0.003 lv=-40.5 pk=-38.3 c0=6.7 c1=8.8 kw=8.62 inf=2.80 iv=1.18 n=3 d=0 sk=0 hf=98076 hm=97432 ht=283156 pf=0 pm=0 pt=0 ru=233472 rp=234116
18:58:39.235 @T t=1445 s=0.003 lv=-40.4 pk=-39.6 c0=8.3 c1=9.8 kw=9.66 inf=2.53 iv=1.21 n=3 d=0 sk=0 hf=98076 hm=97432 ht=283156 pf=0 pm=0 pt=0 ru=233472 rp=234116
18:58:39.235 @T t=1551 s=0.001 lv=-40.6 pk=-39.7 c0=6.8 c1=11.2 kw=10.91 inf=2.71 iv=1.17 n=4 d=0 sk=0 hf=98076 hm=97432 ht=283156 pf=0 pm=0 pt=0 ru=233472 rp=234116
18:58:39.235 @T t=1657 s=0.000 lv=-38.6 pk=-36.9 c0=3.5 c1=8.8 kw=8.61 inf=2.80 iv=1.18 n=3 d=0 sk=0 hf=98076 hm=97432 ht=283156 pf=0 pm=0 pt=0 ru=233472 rp=234116
18:58:39.235 @T t=1743 s=0.000 lv=-39.8 pk=-37.9 c0=8.3 c1=9.7 kw=9.52 inf=2.53 iv=1.22 n=3 d=0 sk=0 hf=98076 hm=97432 ht=283156 pf=0 pm=0 pt=0 ru=233472 rp=234116
18:58:39.235 @T t=1852 s=0.000 lv=-39.6 pk=-37.7 c0=8.9 c1=10.7 kw=10.45 inf=2.63 iv=1.18 n=4 d=0 sk=0 hf=98076 hm=97432 ht=283156 pf=0 pm=0 pt=0 ru=233472 rp=234116
18:58:39.235 @T t=1958 s=0.000 lv=-40.0 pk=-38.9 c0=7.1 c1=9.0 kw=8.80 inf=2.86 iv=1.23 n=3 d=0 sk=0 hf=98080 hm=97412 ht=283156 pf=0 pm=0 pt=0 ru=233468 rp=234136
18:58:39.235 @T t=2044 s=0.003 lv=-41.2 pk=-39.3 c0=5.1 c1=10.8 kw=9.62 inf=2.56 iv=1.25 n=3 d=0 sk=0 hf=98080 hm=97336 ht=283156 pf=0 pm=0 pt=0 ru=233468 rp=234212
18:58:39.235 I (2499) wifi:state: auth -> init (0x200)
18:58:39.235 W (2501) wifi: cannot connect (reason 2). Check the name/password in menuconfig; the ESP32 needs a 2.4 GHz network (201 = network not found, 15/204 = wrong password)
18:58:39.235 @T t=2150 s=0.003 lv=-40.5 pk=-39.8 c0=10.7 c1=12.3 kw=11.96 inf=2.93 iv=1.39 n=4 d=0 sk=0 hf=98064 hm=97336 ht=283156 pf=0 pm=0 pt=0 ru=233484 rp=234212
18:58:39.235 @I ww=marvin cut=0.50 win=5 cool=1000 tick=100 wifi=0 srv=0 li=0 ln=0
18:58:39.235 @T t=2262 s=0.002 lv=-40.0 pk=-38.7 c0=13.0 c1=8.9 kw=8.68 inf=2.99 iv=1.35 n=3 d=0 sk=0 hf=98064 hm=97336 ht=283156 pf=0 pm=0 pt=0 ru=233484 rp=234212
18:58:41.839 @T t=2349 s=0.002 lv=-39.8 pk=-37.3 c0=5.4 c1=11.6 kw=11.31 inf=3.03 iv=1.37 n=3 d=0 sk=0 hf=98064 hm=97336 ht=283156 pf=0 pm=0 pt=0 ru=233484 rp=234212
18:58:41.839 @T t=2455 s=0.000 lv=-40.2 pk=-38.8 c0=4.2 c1=10.2 kw=9.98 inf=2.46 iv=1.24 n=4 d=0 sk=0 hf=98064 hm=97336 ht=283156 pf=0 pm=0 pt=0 ru=233484 rp=234212
18:58:41.839 @T t=2561 s=0.000 lv=-40.0 pk=-39.2 c0=4.1 c1=6.6 kw=6.46 inf=2.04 iv=1.43 n=1 d=0 sk=2 hf=98064 hm=97336 ht=283156 pf=0 pm=0 pt=0 ru=233484 rp=234212
18:58:41.839 @T t=2647 s=0.000 lv=-40.0 pk=-39.4 c0=8.0 c1=6.4 kw=6.23 inf=1.55 iv=0.00 n=0 d=0 sk=3 hf=98064 hm=97336 ht=283156 pf=0 pm=0 pt=0 ru=233484 rp=234212
18:58:41.839 @T t=2753 s=0.000 lv=-40.1 pk=-39.2 c0=6.9 c1=5.2 kw=4.98 inf=1.52 iv=0.00 n=0 d=0 sk=3 hf=98064 hm=97336 ht=283156 pf=0 pm=0 pt=0 ru=233484 rp=234212
18:58:41.839 @T t=2859 s=0.000 lv=-39.8 pk=-37.7 c0=3.9 c1=5.2 kw=5.04 inf=1.54 iv=0.00 n=0 d=0 sk=3 hf=98064 hm=97336 ht=283156 pf=0 pm=0 pt=0 ru=233484 rp=234212
18:58:41.839 @T t=2945 s=0.000 lv=-40.0 pk=-38.8 c0=4.9 c1=5.3 kw=5.21 inf=1.25 iv=0.00 n=0 d=0 sk=3 hf=98064 hm=97336 ht=283156 pf=0 pm=0 pt=0 ru=233484 rp=234212
18:58:41.839 @T t=3051 s=0.000 lv=-39.2 pk=-37.7 c0=4.5 c1=7.2 kw=5.97 inf=1.87 iv=0.00 n=0 d=0 sk=3 hf=98064 hm=97328 ht=283156 pf=0 pm=0 pt=0 ru=233484 rp=234220
18:58:41.839 @T t=3157 s=0.000 lv=-39.4 pk=-38.7 c0=3.4 c1=5.0 kw=4.93 inf=1.51 iv=0.00 n=0 d=0 sk=3 hf=98064 hm=97328 ht=283156 pf=0 pm=0 pt=0 ru=233484 rp=234220
18:58:41.839 @I ww=marvin cut=0.50 win=5 cool=1000 tick=100 wifi=0 srv=0 li=0 ln=0
18:58:41.839 @T t=3249 s=0.000 lv=-38.9 pk=-37.3 c0=5.3 c1=6.0 kw=5.81 inf=1.55 iv=0.00 n=0 d=0 sk=3 hf=98064 hm=97328 ht=283156 pf=0 pm=0 pt=0 ru=233484 rp=234220
18:58:41.839 @T t=3356 s=0.000 lv=-39.3 pk=-38.8 c0=4.0 c1=5.1 kw=4.97 inf=1.54 iv=0.00 n=0 d=0 sk=3 hf=98064 hm=97328 ht=283156 pf=0 pm=0 pt=0 ru=233484 rp=234220
18:58:41.839 @T t=3462 s=0.000 lv=-40.4 pk=-39.6 c0=3.9 c1=5.1 kw=5.00 inf=1.53 iv=0.00 n=0 d=0 sk=3 hf=98064 hm=97328 ht=283156 pf=0 pm=0 pt=0 ru=233484 rp=234220
18:58:41.839 @T t=3548 s=0.000 lv=-41.1 pk=-39.7 c0=3.8 c1=6.2 kw=6.08 inf=1.51 iv=0.00 n=0 d=0 sk=3 hf=98064 hm=97328 ht=283156 pf=0 pm=0 pt=0 ru=233484 rp=234220
18:58:41.839 @T t=3654 s=0.000 lv=-40.8 pk=-40.1 c0=2.9 c1=5.0 kw=4.90 inf=1.50 iv=0.00 n=0 d=0 sk=3 hf=98064 hm=97328 ht=283156 pf=0 pm=0 pt=0 ru=233484 rp=234220
18:58:41.839 @T t=3760 s=0.000 lv=-40.1 pk=-39.3 c0=2.9 c1=5.1 kw=4.92 inf=1.51 iv=0.00 n=0 d=0 sk=3 hf=98064 hm=97328 ht=283156 pf=0 pm=0 pt=0 ru=233484 rp=234220
18:58:41.839 @T t=3846 s=0.000 lv=-40.2 pk=-39.5 c0=4.1 c1=6.3 kw=6.12 inf=1.52 iv=0.00 n=0 d=0 sk=3 hf=98064 hm=97328 ht=283156 pf=0 pm=0 pt=0 ru=233484 rp=234220
18:58:41.839 @T t=3952 s=0.000 lv=-39.9 pk=-38.6 c0=6.4 c1=5.1 kw=4.95 inf=1.51 iv=0.00 n=0 d=0 sk=3 hf=98064 hm=97328 ht=283156 pf=0 pm=0 pt=0 ru=233484 rp=234220
18:58:41.839 @T t=4058 s=0.000 lv=-39.4 pk=-38.2 c0=6.8 c1=5.9 kw=4.99 inf=1.53 iv=0.00 n=0 d=0 sk=3 hf=98064 hm=97328 ht=283156 pf=0 pm=0 pt=0 ru=233484 rp=234220
18:58:41.839 @T t=4144 s=0.000 lv=-41.0 pk=-40.4 c0=4.6 c1=5.1 kw=4.95 inf=1.84 iv=0.00 n=0 d=0 sk=2 hf=98064 hm=97328 ht=283156 pf=0 pm=0 pt=0 ru=233484 rp=234220
18:58:41.839 @I ww=marvin cut=0.50 win=5 cool=1000 tick=100 wifi=0 srv=0 li=0 ln=0
18:58:41.839 @T t=4256 s=0.000 lv=-40.3 pk=-39.1 c0=11.0 c1=5.8 kw=5.67 inf=1.37 iv=0.00 n=0 d=0 sk=4 hf=98064 hm=97328 ht=283156 pf=0 pm=0 pt=0 ru=233484 rp=234220
18:58:41.839 @T t=4343 s=0.000 lv=-39.5 pk=-38.0 c0=3.7 c1=4.9 kw=4.78 inf=1.80 iv=0.00 n=0 d=0 sk=2 hf=98064 hm=97328 ht=283156 pf=0 pm=0 pt=0 ru=233484 rp=234220
18:58:41.839 @T t=4449 s=0.000 lv=-39.3 pk=-38.0 c0=2.9 c1=6.1 kw=5.92 inf=1.36 iv=0.00 n=0 d=0 sk=4 hf=98064 hm=97328 ht=283156 pf=0 pm=0 pt=0 ru=233484 rp=234220
18:58:41.839 I (4865) wifi:state: init -> auth (0xb0)
18:58:41.839 @T t=4555 s=0.000 lv=-39.1 pk=-37.5 c0=9.4 c1=5.4 kw=5.18 inf=1.59 iv=0.00 n=0 d=0 sk=3 hf=98052 hm=97328 ht=283156 pf=0 pm=0 pt=0 ru=233496 rp=234220
18:58:41.839 @T t=4661 s=0.000 lv=-39.2 pk=-37.8 c0=3.3 c1=5.1 kw=5.00 inf=1.53 iv=0.00 n=0 d=0 sk=3 hf=98052 hm=97328 ht=283156 pf=0 pm=0 pt=0 ru=233496 rp=234220
18:58:41.839 @T t=4747 s=0.000 lv=-39.4 pk=-38.1 c0=3.6 c1=6.3 kw=6.08 inf=1.51 iv=0.00 n=0 d=0 sk=3 hf=98052 hm=97328 ht=283156 pf=0 pm=0 pt=0 ru=233496 rp=234220
18:58:41.839 @T t=4853 s=0.000 lv=-40.2 pk=-38.9 c0=3.0 c1=5.1 kw=4.91 inf=1.50 iv=0.00 n=0 d=0 sk=3 hf=98052 hm=97328 ht=283156 pf=0 pm=0 pt=0 ru=233496 rp=234220
18:58:44.331 @T t=4959 s=0.000 lv=-40.5 pk=-39.8 c0=3.2 c1=5.1 kw=4.92 inf=1.51 iv=0.00 n=0 d=0 sk=3 hf=98052 hm=97328 ht=283156 pf=0 pm=0 pt=0 ru=233496 rp=234220
18:58:44.331 @T t=5045 s=0.000 lv=-40.6 pk=-40.1 c0=4.3 c1=6.0 kw=5.04 inf=1.82 iv=0.00 n=0 d=0 sk=2 hf=98052 hm=97324 ht=283156 pf=0 pm=0 pt=0 ru=233496 rp=234224
18:58:44.331 @T t=5151 s=0.000 lv=-40.5 pk=-38.8 c0=3.5 c1=6.4 kw=6.17 inf=1.46 iv=0.00 n=0 d=0 sk=4 hf=98052 hm=97324 ht=283156 pf=0 pm=0 pt=0 ru=233496 rp=234224
18:58:44.331 @I ww=marvin cut=0.50 win=5 cool=1000 tick=100 wifi=0 srv=0 li=0 ln=0
18:58:44.331 @T t=5243 s=0.000 lv=-40.2 pk=-38.9 c0=13.5 c1=4.8 kw=4.62 inf=1.85 iv=0.00 n=0 d=0 sk=2 hf=98052 hm=97324 ht=283156 pf=0 pm=0 pt=0 ru=233496 rp=234224
18:58:44.331 @T t=5349 s=0.000 lv=-39.0 pk=-37.7 c0=6.2 c1=6.1 kw=5.90 inf=1.36 iv=0.00 n=0 d=0 sk=4 hf=98052 hm=97324 ht=283156 pf=0 pm=0 pt=0 ru=233496 rp=234224
18:58:44.331 @T t=5455 s=0.000 lv=-40.1 pk=-39.3 c0=3.0 c1=5.1 kw=4.91 inf=1.50 iv=0.00 n=0 d=0 sk=3 hf=98052 hm=97324 ht=283156 pf=0 pm=0 pt=0 ru=233496 rp=234224
18:58:44.331 I (5867) wifi:state: auth -> init (0x200)
18:58:44.331 @T t=5561 s=0.000 lv=-39.5 pk=-38.8 c0=9.9 c1=5.5 kw=5.17 inf=1.58 iv=0.00 n=0 d=0 sk=3 hf=98060 hm=97324 ht=283156 pf=0 pm=0 pt=0 ru=233488 rp=234224
18:58:44.331 @T t=5647 s=0.000 lv=-38.1 pk=-36.2 c0=5.1 c1=6.4 kw=6.22 inf=1.55 iv=0.00 n=0 d=0 sk=3 hf=98060 hm=97324 ht=283156 pf=0 pm=0 pt=0 ru=233488 rp=234224
18:58:44.331 @T t=5753 s=0.000 lv=-37.4 pk=-36.8 c0=3.8 c1=5.2 kw=5.05 inf=1.55 iv=0.00 n=0 d=0 sk=3 hf=98060 hm=97324 ht=283156 pf=0 pm=0 pt=0 ru=233488 rp=234224
18:58:44.331 @T t=5859 s=0.000 lv=-37.7 pk=-35.8 c0=3.8 c1=5.1 kw=4.93 inf=1.51 iv=0.00 n=0 d=0 sk=3 hf=98060 hm=97324 ht=283156 pf=0 pm=0 pt=0 ru=233488 rp=234224
18:58:44.331 @T t=5945 s=0.000 lv=-39.0 pk=-38.1 c0=4.3 c1=5.2 kw=5.20 inf=1.25 iv=0.00 n=0 d=0 sk=3 hf=98052 hm=97324 ht=283156 pf=0 pm=0 pt=0 ru=233496 rp=234224
18:58:44.331 @T t=6051 s=0.000 lv=-38.9 pk=-37.1 c0=4.4 c1=7.2 kw=6.00 inf=1.88 iv=0.00 n=0 d=0 sk=3 hf=98052 hm=97324 ht=283156 pf=0 pm=0 pt=0 ru=233496 rp=234224
18:58:44.331 @T t=6155 s=0.000 lv=-38.3 pk=-36.8 c0=4.1 c1=5.3 kw=5.17 inf=1.55 iv=0.00 n=0 d=0 sk=3 hf=97988 hm=97324 ht=283156 pf=0 pm=0 pt=0 ru=233560 rp=234224
18:58:44.331 @I ww=marvin cut=0.50 win=5 cool=1000 tick=100 wifi=0 srv=0 li=0 ln=0
18:58:44.331 @T t=6247 s=0.000 lv=-39.1 pk=-37.5 c0=5.4 c1=5.9 kw=5.77 inf=1.53 iv=0.00 n=0 d=0 sk=3 hf=97988 hm=97324 ht=283156 pf=0 pm=0 pt=0 ru=233560 rp=234224
18:58:44.331 @T t=6353 s=0.000 lv=-38.7 pk=-38.1 c0=3.9 c1=5.2 kw=5.05 inf=1.55 iv=0.00 n=0 d=0 sk=3 hf=97988 hm=97324 ht=283156 pf=0 pm=0 pt=0 ru=233560 rp=234224
18:58:44.331 @T t=6459 s=0.000 lv=-39.1 pk=-37.4 c0=3.9 c1=5.2 kw=4.96 inf=1.52 iv=0.00 n=0 d=0 sk=3 hf=97988 hm=97324 ht=283156 pf=0 pm=0 pt=0 ru=233560 rp=234224
18:58:44.331 @T t=6545 s=0.000 lv=-39.1 pk=-38.1 c0=4.0 c1=5.1 kw=5.15 inf=1.24 iv=0.00 n=0 d=0 sk=3 hf=97988 hm=97324 ht=283156 pf=0 pm=0 pt=0 ru=233560 rp=234224
18:58:44.331 @T t=6651 s=0.000 lv=-40.4 pk=-39.5 c0=7.2 c1=6.3 kw=5.88 inf=1.84 iv=0.00 n=0 d=0 sk=3 hf=97988 hm=97324 ht=283156 pf=0 pm=0 pt=0 ru=233560 rp=234224
18:58:44.331 @T t=6757 s=0.000 lv=-40.0 pk=-39.1 c0=3.6 c1=5.1 kw=5.00 inf=1.53 iv=0.00 n=0 d=0 sk=3 hf=97988 hm=97324 ht=283156 pf=0 pm=0 pt=0 ru=233560 rp=234224
18:58:44.331 @T t=6843 s=0.000 lv=-39.8 pk=-38.5 c0=3.7 c1=5.0 kw=4.88 inf=1.82 iv=0.00 n=0 d=0 sk=2 hf=97988 hm=97324 ht=283156 pf=0 pm=0 pt=0 ru=233560 rp=234224
18:58:44.331 @T t=6949 s=0.000 lv=-39.2 pk=-36.3 c0=3.1 c1=6.1 kw=5.92 inf=1.36 iv=0.00 n=0 d=0 sk=4 hf=97996 hm=97324 ht=283156 pf=0 pm=0 pt=0 ru=233552 rp=234224
18:58:44.331 @T t=7055 s=0.000 lv=-40.8 pk=-39.0 c0=3.5 c1=5.9 kw=5.00 inf=1.53 iv=0.00 n=0 d=0 sk=3 hf=97996 hm=97268 ht=283156 pf=0 pm=0 pt=0 ru=233552 rp=234280
18:58:44.331 @T t=7161 s=0.000 lv=-40.5 pk=-39.3 c0=6.5 c1=5.1 kw=4.99 inf=1.53 iv=0.00 n=0 d=0 sk=3 hf=97996 hm=97268 ht=283156 pf=0 pm=0 pt=0 ru=233552 rp=234280
18:58:44.331 @I ww=marvin cut=0.50 win=5 cool=1000 tick=100 wifi=0 srv=0 li=0 ln=0
18:58:44.331 @T t=7253 s=0.000 lv=-39.9 pk=-39.2 c0=4.4 c1=5.8 kw=5.65 inf=1.50 iv=0.00 n=0 d=0 sk=3 hf=97996 hm=97268 ht=283156 pf=0 pm=0 pt=0 ru=233552 rp=234280
18:58:44.331 @T t=7359 s=0.000 lv=-39.9 pk=-39.1 c0=6.2 c1=5.0 kw=4.90 inf=1.50 iv=0.00 n=0 d=0 sk=3 hf=97996 hm=97268 ht=283156 pf=0 pm=0 pt=0 ru=233552 rp=234280
18:58:46.835 @T t=7445 s=0.000 lv=-39.1 pk=-37.0 c0=8.0 c1=5.2 kw=5.08 inf=1.22 iv=0.00 n=0 d=0 sk=3 hf=97996 hm=97268 ht=283156 pf=0 pm=0 pt=0 ru=233552 rp=234280
18:58:46.835 @T t=7551 s=0.000 lv=-39.4 pk=-37.8 c0=3.1 c1=6.2 kw=5.78 inf=1.81 iv=0.00 n=0 d=0 sk=3 hf=97996 hm=97268 ht=283156 pf=0 pm=0 pt=0 ru=233552 rp=234280
18:58:46.835 @T t=7657 s=0.000 lv=-38.6 pk=-36.5 c0=2.9 c1=5.0 kw=4.91 inf=1.50 iv=0.00 n=0 d=0 sk=3 hf=97996 hm=97268 ht=283156 pf=0 pm=0 pt=0 ru=233552 rp=234280
18:58:46.835 @T t=7743 s=0.000 lv=-39.4 pk=-38.7 c0=3.6 c1=5.0 kw=4.86 inf=1.81 iv=0.00 n=0 d=0 sk=2 hf=97996 hm=97268 ht=283156 pf=0 pm=0 pt=0 ru=233552 rp=234280
18:58:46.835 I (8161) wifi:state: init -> auth (0xb0)
18:58:46.835 @T t=7849 s=0.000 lv=-39.4 pk=-38.4 c0=6.0 c1=6.3 kw=6.09 inf=1.40 iv=0.00 n=0 d=0 sk=4 hf=97988 hm=97268 ht=283156 pf=0 pm=0 pt=0 ru=233560 rp=234280
18:58:46.835 @T t=7955 s=0.000 lv=-39.5 pk=-38.5 c0=3.5 c1=5.1 kw=5.00 inf=1.53 iv=0.00 n=0 d=0 sk=3 hf=97988 hm=97268 ht=283156 pf=0 pm=0 pt=0 ru=233560 rp=234280
18:58:46.835 @T t=8061 s=0.000 lv=-38.7 pk=-37.5 c0=3.7 c1=6.0 kw=5.07 inf=1.55 iv=0.00 n=0 d=0 sk=3 hf=97988 hm=97260 ht=283156 pf=0 pm=0 pt=0 ru=233560 rp=234288
18:58:46.835 @T t=8147 s=0.000 lv=-38.8 pk=-37.6 c0=4.3 c1=6.3 kw=6.13 inf=1.52 iv=0.00 n=0 d=0 sk=3 hf=97988 hm=97260 ht=283156 pf=0 pm=0 pt=0 ru=233560 rp=234288
18:58:46.835 @I ww=marvin cut=0.50 win=5 cool=1000 tick=100 wifi=0 srv=0 li=0 ln=0
18:58:46.835 @T t=8259 s=0.000 lv=-39.2 pk=-37.4 c0=11.1 c1=4.8 kw=4.68 inf=1.51 iv=0.00 n=0 d=0 sk=3 hf=97988 hm=97260 ht=283156 pf=0 pm=0 pt=0 ru=233560 rp=234288
18:58:46.835 @T t=8345 s=0.000 lv=-39.4 pk=-38.4 c0=3.9 c1=5.1 kw=5.05 inf=1.82 iv=0.00 n=0 d=0 sk=2 hf=97988 hm=97260 ht=283156 pf=0 pm=0 pt=0 ru=233560 rp=234288
18:58:46.835 @T t=8451 s=0.000 lv=-40.3 pk=-39.4 c0=3.1 c1=6.2 kw=5.99 inf=1.42 iv=0.00 n=0 d=0 sk=4 hf=97988 hm=97260 ht=283156 pf=0 pm=0 pt=0 ru=233560 rp=234288
18:58:46.835 @T t=8557 s=0.000 lv=-40.5 pk=-39.4 c0=6.5 c1=5.1 kw=4.94 inf=1.51 iv=0.00 n=0 d=0 sk=3 hf=97988 hm=97260 ht=283156 pf=0 pm=0 pt=0 ru=233560 rp=234288
18:58:46.835 @T t=8643 s=0.000 lv=-39.1 pk=-38.0 c0=3.7 c1=5.0 kw=4.89 inf=1.82 iv=0.00 n=0 d=0 sk=2 hf=97988 hm=97260 ht=283156 pf=0 pm=0 pt=0 ru=233560 rp=234288
18:58:46.835 @T t=8749 s=0.000 lv=-40.8 pk=-39.6 c0=3.1 c1=6.1 kw=5.92 inf=1.36 iv=0.00 n=0 d=0 sk=4 hf=97988 hm=97260 ht=283156 pf=0 pm=0 pt=0 ru=233560 rp=234288
18:58:46.835 I (9162) wifi:state: auth -> init (0x200)
18:58:46.835 @T t=8855 s=0.000 lv=-40.3 pk=-39.6 c0=7.1 c1=5.4 kw=5.10 inf=1.57 iv=0.00 n=0 d=0 sk=3 hf=98004 hm=97260 ht=283156 pf=0 pm=0 pt=0 ru=233544 rp=234288
18:58:46.836 @T t=8961 s=0.000 lv=-40.7 pk=-40.2 c0=6.6 c1=5.1 kw=5.02 inf=1.54 iv=0.00 n=0 d=0 sk=3 hf=98004 hm=97260 ht=283156 pf=0 pm=0 pt=0 ru=233544 rp=234288
18:58:46.836 @T t=9047 s=0.000 lv=-39.2 pk=-36.5 c0=5.2 c1=7.4 kw=6.24 inf=1.55 iv=0.00 n=0 d=0 sk=3 hf=98004 hm=97260 ht=283156 pf=0 pm=0 pt=0 ru=233544 rp=234288
18:58:46.836 @T t=9153 s=0.000 lv=-39.9 pk=-39.3 c0=7.3 c1=5.2 kw=5.07 inf=1.55 iv=0.00 n=0 d=0 sk=3 hf=98004 hm=97260 ht=283156 pf=0 pm=0 pt=0 ru=233544 rp=234288
18:58:46.836 @I ww=marvin cut=0.50 win=5 cool=1000 tick=100 wifi=0 srv=0 li=0 ln=0
18:58:46.836 @T t=9245 s=0.000 lv=-40.2 pk=-39.6 c0=5.4 c1=4.9 kw=4.84 inf=1.25 iv=0.00 n=0 d=0 sk=3 hf=98004 hm=97260 ht=283156 pf=0 pm=0 pt=0 ru=233544 rp=234288
18:58:46.836 @T t=9351 s=0.000 lv=-40.1 pk=-39.2 c0=3.9 c1=6.4 kw=5.89 inf=1.84 iv=0.00 n=0 d=0 sk=3 hf=98004 hm=97260 ht=283156 pf=0 pm=0 pt=0 ru=233544 rp=234288
18:58:46.836 @T t=9457 s=0.000 lv=-40.3 pk=-39.5 c0=3.8 c1=5.1 kw=4.93 inf=1.51 iv=0.00 n=0 d=0 sk=3 hf=98004 hm=97260 ht=283156 pf=0 pm=0 pt=0 ru=233544 rp=234288
18:58:46.836 @T t=9543 s=0.000 lv=-41.3 pk=-40.5 c0=3.9 c1=5.1 kw=4.95 inf=1.85 iv=0.00 n=0 d=0 sk=2 hf=98004 hm=97260 ht=283156 pf=0 pm=0 pt=0 ru=233544 rp=234288
18:58:46.836 @T t=9649 s=0.000 lv=-41.4 pk=-39.3 c0=6.9 c1=6.2 kw=5.98 inf=1.37 iv=0.00 n=0 d=0 sk=4 hf=98004 hm=97260 ht=283156 pf=0 pm=0 pt=0 ru=233544 rp=234288
18:58:46.836 @T t=9755 s=0.000 lv=-41.5 pk=-39.2 c0=3.8 c1=5.2 kw=5.02 inf=1.54 iv=0.00 n=0 d=0 sk=3 hf=98004 hm=97260 ht=283156 pf=0 pm=0 pt=0 ru=233544 rp=234288
18:58:46.836 @T t=9861 s=0.000 lv=-41.4 pk=-39.9 c0=3.9 c1=5.2 kw=5.03 inf=1.54 iv=0.00 n=0 d=0 sk=3 hf=98004 hm=97260 ht=283156 pf=0 pm=0 pt=0 ru=233544 rp=234288
18:58:49.018 @T t=9947 s=0.000 lv=-40.1 pk=-39.2 c0=5.3 c1=6.5 kw=6.29 inf=1.56 iv=0.00 n=0 d=0 sk=3 hf=98004 hm=97260 ht=283156 pf=0 pm=0 pt=0 ru=233544 rp=234288
18:58:49.018 @T t=10053 s=0.000 lv=-41.8 pk=-40.8 c0=4.1 c1=5.9 kw=5.04 inf=1.54 iv=0.00 n=0 d=0 sk=3 hf=98004 hm=97260 ht=283156 pf=0 pm=0 pt=0 ru=233544 rp=234288
18:58:49.018 @T t=10159 s=0.000 lv=-40.9 pk=-40.4 c0=6.5 c1=5.1 kw=5.00 inf=1.53 iv=0.00 n=0 d=0 sk=3 hf=98004 hm=97260 ht=283156 pf=0 pm=0 pt=0 ru=233544 rp=234288
18:58:49.018 @I ww=marvin cut=0.50 win=5 cool=1000 tick=100 wifi=0 srv=0 li=0 ln=0
18:58:49.019 @T t=10251 s=0.000 lv=-39.6 pk=-38.9 c0=4.4 c1=5.8 kw=5.69 inf=1.51 iv=0.00 n=0 d=0 sk=3 hf=98004 hm=97260 ht=283156 pf=0 pm=0 pt=0 ru=233544 rp=234288
18:58:49.019 @T t=10357 s=0.000 lv=-40.4 pk=-37.9 c0=6.2 c1=5.0 kw=4.88 inf=1.49 iv=0.00 n=0 d=0 sk=3 hf=98004 hm=97260 ht=283156 pf=0 pm=0 pt=0 ru=233544 rp=234288
18:58:49.019 @T t=10443 s=0.000 lv=-41.3 pk=-40.6 c0=8.0 c1=5.1 kw=4.92 inf=1.83 iv=0.00 n=0 d=0 sk=2 hf=98004 hm=97260 ht=283156 pf=0 pm=0 pt=0 ru=233544 rp=234288
18:58:49.019 @T t=10549 s=0.000 lv=-41.4 pk=-40.6 c0=3.0 c1=6.1 kw=5.94 inf=1.37 iv=0.00 n=0 d=0 sk=4 hf=98004 hm=97260 ht=283156 pf=0 pm=0 pt=0 ru=233544 rp=234288
18:58:49.019 @T t=10655 s=0.000 lv=-41.1 pk=-40.2 c0=2.9 c1=5.1 kw=4.91 inf=1.51 iv=0.00 n=0 d=0 sk=3 hf=98004 hm=97260 ht=283156 pf=0 pm=0 pt=0 ru=233544 rp=234288
18:58:49.019 @T t=10761 s=0.000 lv=-40.8 pk=-39.0 c0=2.9 c1=5.0 kw=4.91 inf=1.50 iv=0.00 n=0 d=0 sk=3 hf=98004 hm=97260 ht=283156 pf=0 pm=0 pt=0 ru=233544 rp=234288
18:58:49.019 @T t=10847 s=0.000 lv=-40.7 pk=-39.3 c0=4.1 c1=6.4 kw=6.16 inf=1.53 iv=0.00 n=0 d=0 sk=3 hf=98004 hm=97260 ht=283156 pf=0 pm=0 pt=0 ru=233544 rp=234288
18:58:49.019 @T t=10953 s=0.000 lv=-40.4 pk=-39.2 c0=3.2 c1=5.1 kw=4.93 inf=1.51 iv=0.00 n=0 d=0 sk=3 hf=98004 hm=97260 ht=283156 pf=0 pm=0 pt=0 ru=233544 rp=234288
18:58:49.019 @T t=11059 s=0.000 lv=-41.4 pk=-40.3 c0=6.8 c1=5.9 kw=5.03 inf=1.54 iv=0.00 n=0 d=0 sk=3 hf=98004 hm=97260 ht=283156 pf=0 pm=0 pt=0 ru=233544 rp=234288
18:58:49.019 [status] up 11s | mic -39.9 dBFS (peak -35.8) | score max 0.01 | detections 0 | inferences 53 (5.3/s; model 1.29 ms each, paused in quiet 83%; features 1.53 ms per 30 ms) | CPU core0  5.2% core1  6.2% (wake word pipeline 6.12% of one core) | RAM used 228 KB (peak 228 KB, 95 KB free) | wifi --, server -- | audio lost since boot: i2s 0 net 0
18:58:49.019 [tasks] % of one core (free stack): main@0=-1.00(1936) IDLE1@1=-1.00(720) IDLE0@0=-1.00(728) audio_kws@1=-1.00(1344) tiT@*=-1.00(2456) websocket_task@*=-1.00(1468) wifi@0=-1.00(3244) esp_timer@0=-1.00(3136) streamer@0=-1.00(2944) ipc0@0=-1.00(528) Tmr Svc@*=-1.00(1368) ipc1@1=-1.00(536) sys_evt@0=-1.00(416)
18:58:49.019 I (11521) wifi:state: init -> auth (0xb0)
18:58:49.019 @T t=11161 s=0.000 lv=-40.8 pk=-39.5 c0=14.4 c1=5.6 kw=5.39 inf=1.59 iv=0.00 n=0 d=0 sk=3 hf=97848 hm=97204 ht=283156 pf=0 pm=0 pt=0 ru=233700 rp=234344
18:58:49.019 @I ww=marvin cut=0.50 win=5 cool=1000 tick=100 wifi=0 srv=0 li=0 ln=0
18:58:49.019 @T t=11253 s=0.000 lv=-40.8 pk=-39.9 c0=5.4 c1=5.9 kw=5.76 inf=1.53 iv=0.00 n=0 d=0 sk=3 hf=97988 hm=97204 ht=283156 pf=0 pm=0 pt=0 ru=233560 rp=234344
18:58:49.019 @T t=11359 s=0.000 lv=-40.6 pk=-39.2 c0=3.2 c1=5.1 kw=4.94 inf=1.51 iv=0.00 n=0 d=0 sk=3 hf=97988 hm=97204 ht=283156 pf=0 pm=0 pt=0 ru=233560 rp=234344
18:58:49.019 @T t=11445 s=0.000 lv=-41.4 pk=-39.9 c0=7.9 c1=5.1 kw=5.05 inf=1.22 iv=0.00 n=0 d=0 sk=3 hf=97988 hm=97204 ht=283156 pf=0 pm=0 pt=0 ru=233560 rp=234344
18:58:49.019 @T t=11551 s=0.000 lv=-40.3 pk=-38.8 c0=3.1 c1=6.2 kw=5.80 inf=1.82 iv=0.00 n=0 d=0 sk=3 hf=97988 hm=97204 ht=283156 pf=0 pm=0 pt=0 ru=233560 rp=234344
18:58:49.019 @T t=11657 s=0.000 lv=-40.9 pk=-40.2 c0=6.4 c1=5.1 kw=4.93 inf=1.51 iv=0.00 n=0 d=0 sk=3 hf=97988 hm=97204 ht=283156 pf=0 pm=0 pt=0 ru=233560 rp=234344
18:58:49.019 @T t=11743 s=0.000 lv=-41.4 pk=-40.6 c0=7.8 c1=5.0 kw=4.89 inf=1.82 iv=0.00 n=0 d=0 sk=2 hf=97988 hm=97204 ht=283156 pf=0 pm=0 pt=0 ru=233560 rp=234344
18:58:49.019 @T t=11849 s=0.000 lv=-41.1 pk=-39.4 c0=6.4 c1=6.1 kw=5.94 inf=1.37 iv=0.00 n=0 d=0 sk=4 hf=97988 hm=97204 ht=283156 pf=0 pm=0 pt=0 ru=233560 rp=234344
18:58:49.019 @T t=11955 s=0.000 lv=-40.3 pk=-39.5 c0=3.3 c1=5.1 kw=4.98 inf=1.52 iv=0.00 n=0 d=0 sk=3 hf=97988 hm=97204 ht=283156 pf=0 pm=0 pt=0 ru=233560 rp=234344
18:58:49.019 @T t=12061 s=0.000 lv=-40.9 pk=-39.6 c0=3.7 c1=6.0 kw=5.06 inf=1.55 iv=0.00 n=0 d=0 sk=3 hf=97988 hm=97204 ht=283156 pf=0 pm=0 pt=0 ru=233560 rp=234344
18:58:51.439 I (12522) wifi:state: auth -> init (0x200)
18:58:51.439 @T t=12148 s=0.000 lv=-39.4 pk=-38.4 c0=7.3 c1=6.7 kw=6.31 inf=1.57 iv=0.00 n=0 d=0 sk=3 hf=97816 hm=97156 ht=283156 pf=0 pm=0 pt=0 ru=233732 rp=234392
18:58:51.439 @I ww=marvin cut=0.50 win=5 cool=1000 tick=100 wifi=0 srv=0 li=0 ln=0
18:58:51.439 @T t=12260 s=0.000 lv=-39.7 pk=-38.1 c0=12.3 c1=4.9 kw=4.73 inf=1.55 iv=0.00 n=0 d=0 sk=3 hf=98004 hm=97156 ht=283156 pf=0 pm=0 pt=0 ru=233544 rp=234392
18:58:51.439 @T t=12346 s=0.000 lv=-40.6 pk=-39.4 c0=4.5 c1=6.3 kw=6.16 inf=1.53 iv=0.00 n=0 d=0 sk=3 hf=98004 hm=97156 ht=283156 pf=0 pm=0 pt=0 ru=233544 rp=234392
18:58:51.439 @T t=12452 s=0.000 lv=-41.2 pk=-40.2 c0=3.8 c1=5.2 kw=5.01 inf=1.53 iv=0.00 n=0 d=0 sk=3 hf=98004 hm=97156 ht=283156 pf=0 pm=0 pt=0 ru=233544 rp=234392
18:58:51.439 @T t=12558 s=0.000 lv=-41.2 pk=-40.3 c0=3.8 c1=5.2 kw=5.00 inf=1.53 iv=0.00 n=0 d=0 sk=3 hf=98004 hm=97156 ht=283156 pf=0 pm=0 pt=0 ru=233544 rp=234392
18:58:51.439 @T t=12644 s=0.000 lv=-39.6 pk=-38.0 c0=4.7 c1=5.1 kw=4.91 inf=1.83 iv=0.00 n=0 d=0 sk=2 hf=98004 hm=97156 ht=283156 pf=0 pm=0 pt=0 ru=233544 rp=234392
18:58:51.439 @T t=12750 s=0.000 lv=-39.6 pk=-38.2 c0=3.1 c1=6.2 kw=6.07 inf=1.39 iv=0.00 n=0 d=0 sk=4 hf=97816 hm=97156 ht=283156 pf=0 pm=0 pt=0 ru=233544 rp=234392
18:58:51.439 @T t=12856 s=0.000 lv=-39.7 pk=-38.9 c0=3.7 c1=5.2 kw=4.98 inf=1.53 iv=0.00 n=0 d=0 sk=3 hf=98004 hm=97156 ht=283156 pf=0 pm=0 pt=0 ru=233544 rp=234392
18:58:51.439 @T t=12962 s=0.000 lv=-40.2 pk=-39.3 c0=7.1 c1=5.2 kw=5.03 inf=1.54 iv=0.00 n=0 d=0 sk=3 hf=98004 hm=97156 ht=283156 pf=0 pm=0 pt=0 ru=233544 rp=234392
18:58:51.439 @T t=13048 s=0.000 lv=-40.2 pk=-38.2 c0=6.3 c1=6.6 kw=6.37 inf=1.58 iv=0.00 n=0 d=0 sk=3 hf=98004 hm=97156 ht=283156 pf=0 pm=0 pt=0 ru=233544 rp=234392
18:58:51.439 @T t=13154 s=0.000 lv=-40.9 pk=-40.3 c0=4.2 c1=5.2 kw=5.08 inf=1.55 iv=0.00 n=0 d=0 sk=3 hf=98004 hm=97156 ht=283156 pf=0 pm=0 pt=0 ru=233544 rp=234392
18:58:51.439 @I ww=marvin cut=0.50 win=5 cool=1000 tick=100 wifi=0 srv=0 li=0 ln=0
18:58:51.439 @T t=13246 s=0.000 lv=-40.6 pk=-39.7 c0=5.4 c1=5.9 kw=5.79 inf=1.54 iv=0.00 n=0 d=0 sk=3 hf=98004 hm=97156 ht=283156 pf=0 pm=0 pt=0 ru=233544 rp=234392
18:58:51.439 @T t=13352 s=0.000 lv=-40.2 pk=-39.6 c0=3.5 c1=5.2 kw=4.98 inf=1.53 iv=0.00 n=0 d=0 sk=3 hf=98004 hm=97156 ht=283156 pf=0 pm=0 pt=0 ru=233544 rp=234392
18:58:51.439 @T t=13458 s=0.000 lv=-39.5 pk=-37.9 c0=6.0 c1=5.1 kw=4.98 inf=1.53 iv=0.00 n=0 d=0 sk=3 hf=98004 hm=97156 ht=283156 pf=0 pm=0 pt=0 ru=233544 rp=234392
18:58:51.439 @T t=13544 s=0.000 lv=-40.9 pk=-40.1 c0=3.8 c1=5.0 kw=4.87 inf=1.81 iv=0.00 n=0 d=0 sk=2 hf=98004 hm=97156 ht=283156 pf=0 pm=0 pt=0 ru=233544 rp=234392
18:58:51.439 @T t=13650 s=0.000 lv=-40.4 pk=-39.2 c0=6.2 c1=6.1 kw=5.93 inf=1.36 iv=0.00 n=0 d=0 sk=4 hf=98004 hm=97156 ht=283156 pf=0 pm=0 pt=0 ru=233544 rp=234392
18:58:51.439 @T t=13756 s=0.000 lv=-40.8 pk=-39.8 c0=3.3 c1=5.1 kw=4.95 inf=1.52 iv=0.00 n=0 d=0 sk=3 hf=98004 hm=97156 ht=283156 pf=0 pm=0 pt=0 ru=233544 rp=234392
18:58:51.439 @T t=13862 s=0.000 lv=-37.9 pk=-36.1 c0=3.0 c1=5.1 kw=4.93 inf=1.51 iv=0.00 n=0 d=0 sk=3 hf=98004 hm=97156 ht=283156 pf=0 pm=0 pt=0 ru=233544 rp=234392
18:58:51.439 @T t=13948 s=0.000 lv=-38.4 pk=-37.4 c0=3.8 c1=6.2 kw=6.05 inf=1.50 iv=0.00 n=0 d=0 sk=3 hf=98004 hm=97156 ht=283156 pf=0 pm=0 pt=0 ru=233544 rp=234392
18:58:51.439 @T t=14054 s=0.000 lv=-38.3 pk=-35.9 c0=6.9 c1=5.8 kw=4.98 inf=1.53 iv=0.00 n=0 d=0 sk=3 hf=98004 hm=97156 ht=283156 pf=0 pm=0 pt=0 ru=233544 rp=234392
18:58:51.439 @T t=14160 s=0.000 lv=-40.6 pk=-38.9 c0=7.0 c1=5.1 kw=5.01 inf=1.54 iv=0.00 n=0 d=0 sk=3 hf=98004 hm=97156 ht=283156 pf=0 pm=0 pt=0 ru=233544 rp=234392
18:58:51.439 @I ww=marvin cut=0.50 win=5 cool=1000 tick=100 wifi=0 srv=0 li=0 ln=0
18:58:51.439 @T t=14252 s=0.000 lv=-40.5 pk=-39.6 c0=4.5 c1=5.9 kw=5.75 inf=1.53 iv=0.00 n=0 d=0 sk=3 hf=98004 hm=97156 ht=283156 pf=0 pm=0 pt=0 ru=233544 rp=234392
18:58:51.439 @T t=14358 s=0.000 lv=-41.2 pk=-40.4 c0=6.2 c1=5.0 kw=4.91 inf=1.50 iv=0.00 n=0 d=0 sk=3 hf=98004 hm=97156 ht=283156 pf=0 pm=0 pt=0 ru=233544 rp=234392
18:58:51.439 I (14817) wifi:state: init -> auth (0xb0)
18:58:51.439 @T t=14444 s=0.000 lv=-41.4 pk=-40.6 c0=10.5 c1=5.1 kw=4.83 inf=1.80 iv=0.00 n=0 d=0 sk=2 hf=97848 hm=97156 ht=283156 pf=0 pm=0 pt=0 ru=233700 rp=234392
18:58:51.439 @T t=14551 s=0.000 lv=-41.1 pk=-39.6 c0=7.5 c1=6.2 kw=6.09 inf=1.41 iv=0.00 n=0 d=0 sk=4 hf=97988 hm=97156 ht=283156 pf=0 pm=0 pt=0 ru=233560 rp=234392
18:58:54.028 @T t=14657 s=0.000 lv=-40.1 pk=-39.7 c0=6.4 c1=5.1 kw=4.97 inf=1.52 iv=0.00 n=0 d=0 sk=3 hf=97988 hm=97156 ht=283156 pf=0 pm=0 pt=0 ru=233560 rp=234392
18:58:54.028 @T t=14743 s=0.000 lv=-40.0 pk=-38.1 c0=7.9 c1=5.0 kw=4.90 inf=1.82 iv=0.00 n=0 d=0 sk=2 hf=97988 hm=97156 ht=283156 pf=0 pm=0 pt=0 ru=233560 rp=234392
18:58:54.028 @T t=14849 s=0.000 lv=-41.1 pk=-40.2 c0=3.1 c1=6.1 kw=5.91 inf=1.36 iv=0.00 n=0 d=0 sk=4 hf=97988 hm=97156 ht=283156 pf=0 pm=0 pt=0 ru=233560 rp=234392
18:58:54.028 @T t=14955 s=0.000 lv=-41.1 pk=-40.7 c0=6.5 c1=5.1 kw=4.93 inf=1.51 iv=0.00 n=0 d=0 sk=3 hf=97988 hm=97156 ht=283156 pf=0 pm=0 pt=0 ru=233560 rp=234392
18:58:54.029 @T t=15061 s=0.000 lv=-40.6 pk=-40.1 c0=6.9 c1=5.9 kw=4.94 inf=1.51 iv=0.00 n=0 d=0 sk=3 hf=97988 hm=97156 ht=283156 pf=0 pm=0 pt=0 ru=233560 rp=234392
18:58:54.029 @T t=15147 s=0.000 lv=-40.9 pk=-39.8 c0=4.3 c1=6.3 kw=6.21 inf=1.54 iv=0.00 n=0 d=0 sk=3 hf=97988 hm=97156 ht=283156 pf=0 pm=0 pt=0 ru=233560 rp=234392
18:58:54.029 @I ww=marvin cut=0.50 win=5 cool=1000 tick=100 wifi=0 srv=0 li=0 ln=0
18:58:54.029 @T t=15259 s=0.000 lv=-41.0 pk=-40.1 c0=11.1 c1=4.8 kw=4.70 inf=1.52 iv=0.00 n=0 d=0 sk=3 hf=97988 hm=97156 ht=283156 pf=0 pm=0 pt=0 ru=233560 rp=234392
18:58:54.029 @T t=15345 s=0.000 lv=-40.6 pk=-39.5 c0=7.9 c1=5.1 kw=5.05 inf=1.21 iv=0.00 n=0 d=0 sk=3 hf=97988 hm=97156 ht=283156 pf=0 pm=0 pt=0 ru=233560 rp=234392
18:58:54.029 I (15818) wifi:state: auth -> init (0x200)
18:58:54.029 @T t=15451 s=0.000 lv=-41.0 pk=-40.3 c0=8.8 c1=6.5 kw=5.93 inf=1.86 iv=0.00 n=0 d=0 sk=3 hf=98004 hm=97156 ht=283156 pf=0 pm=0 pt=0 ru=233544 rp=234392
18:58:54.029 @T t=15557 s=0.000 lv=-41.7 pk=-40.4 c0=8.3 c1=5.2 kw=5.08 inf=1.55 iv=0.00 n=0 d=0 sk=3 hf=98004 hm=97156 ht=283156 pf=0 pm=0 pt=0 ru=233544 rp=234392
18:58:54.029 @T t=15643 s=0.000 lv=-41.1 pk=-40.4 c0=8.8 c1=5.0 kw=4.87 inf=1.81 iv=0.00 n=0 d=0 sk=2 hf=98004 hm=97156 ht=283156 pf=0 pm=0 pt=0 ru=233544 rp=234392
18:58:54.029 @T t=15749 s=0.000 lv=-41.2 pk=-40.1 c0=3.1 c1=6.2 kw=6.03 inf=1.39 iv=0.00 n=0 d=0 sk=4 hf=97816 hm=97156 ht=283156 pf=0 pm=0 pt=0 ru=233732 rp=234392
18:58:54.029 @T t=15855 s=0.000 lv=-40.5 pk=-39.4 c0=3.7 c1=5.2 kw=5.00 inf=1.53 iv=0.00 n=0 d=0 sk=3 hf=98004 hm=97156 ht=283156 pf=0 pm=0 pt=0 ru=233544 rp=234392
18:58:54.029 @T t=15961 s=0.000 lv=-40.4 pk=-39.4 c0=7.1 c1=5.2 kw=5.03 inf=1.54 iv=0.00 n=0 d=0 sk=3 hf=98004 hm=97156 ht=283156 pf=0 pm=0 pt=0 ru=233544 rp=234392
18:58:54.029 @T t=16047 s=0.000 lv=-40.7 pk=-39.3 c0=5.4 c1=5.9 kw=6.15 inf=1.54 iv=0.00 n=0 d=0 sk=3 hf=97600 hm=96956 ht=283156 pf=0 pm=0 pt=0 ru=233948 rp=234592
18:58:54.029 @T t=16157 s=0.000 lv=-40.4 pk=-38.9 c0=9.6 c1=7.1 kw=4.91 inf=1.55 iv=0.00 n=0 d=0 sk=3 hf=98004 hm=96956 ht=283156 pf=0 pm=0 pt=0 ru=233544 rp=234592
18:58:54.029 @I ww=marvin cut=0.50 win=5 cool=1000 tick=100 wifi=0 srv=0 li=0 ln=0
18:58:54.029 @T t=16249 s=0.000 lv=-40.3 pk=-38.7 c0=14.3 c1=6.0 kw=5.81 inf=1.54 iv=0.00 n=0 d=0 sk=3 hf=98004 hm=96956 ht=283156 pf=0 pm=0 pt=0 ru=233544 rp=234592
18:58:54.029 @T t=16355 s=0.000 lv=-40.7 pk=-39.8 c0=3.9 c1=5.1 kw=4.96 inf=1.52 iv=0.00 n=0 d=0 sk=3 hf=98004 hm=96956 ht=283156 pf=0 pm=0 pt=0 ru=233544 rp=234592
18:58:54.029 @T t=16461 s=0.000 lv=-41.5 pk=-40.0 c0=3.2 c1=5.1 kw=5.00 inf=1.53 iv=0.00 n=0 d=0 sk=3 hf=98004 hm=96956 ht=283156 pf=0 pm=0 pt=0 ru=233544 rp=234592
18:58:54.029 @T t=16547 s=0.000 lv=-41.3 pk=-40.5 c0=8.6 c1=6.4 kw=6.16 inf=1.53 iv=0.00 n=0 d=0 sk=3 hf=98004 hm=96956 ht=283156 pf=0 pm=0 pt=0 ru=233544 rp=234592
18:58:54.029 @T t=16653 s=0.000 lv=-41.1 pk=-39.8 c0=4.0 c1=5.2 kw=5.00 inf=1.53 iv=0.00 n=0 d=0 sk=3 hf=98004 hm=96956 ht=283156 pf=0 pm=0 pt=0 ru=233544 rp=234592
18:58:54.029 @T t=16759 s=0.000 lv=-41.0 pk=-39.3 c0=3.7 c1=5.2 kw=5.02 inf=1.54 iv=0.00 n=0 d=0 sk=3 hf=98004 hm=96956 ht=283156 pf=0 pm=0 pt=0 ru=233544 rp=234592
18:58:54.029 @T t=16845 s=0.000 lv=-41.1 pk=-39.9 c0=3.8 c1=5.1 kw=5.08 inf=1.22 iv=0.00 n=0 d=0 sk=3 hf=98004 hm=96956 ht=283156 pf=0 pm=0 pt=0 ru=233544 rp=234592
18:58:54.029 @T t=16951 s=0.000 lv=-40.8 pk=-40.2 c0=3.1 c1=6.2 kw=5.77 inf=1.81 iv=0.00 n=0 d=0 sk=3 hf=98004 hm=96956 ht=283156 pf=0 pm=0 pt=0 ru=233544 rp=234592
18:58:54.029 @T t=17057 s=0.000 lv=-40.0 pk=-39.2 c0=6.8 c1=5.8 kw=4.92 inf=1.51 iv=0.00 n=0 d=0 sk=3 hf=98004 hm=96956 ht=283156 pf=0 pm=0 pt=0 ru=233544 rp=234592
18:58:56.531 @T t=17143 s=0.000 lv=-39.7 pk=-37.7 c0=4.5 c1=5.1 kw=5.02 inf=1.87 iv=0.00 n=0 d=0 sk=2 hf=98004 hm=96956 ht=283156 pf=0 pm=0 pt=0 ru=233544 rp=234592
18:58:56.531 @I ww=marvin cut=0.50 win=5 cool=1000 tick=100 wifi=0 srv=0 li=0 ln=0
18:58:56.531 @T t=17255 s=0.000 lv=-40.4 pk=-39.1 c0=3.7 c1=5.8 kw=5.65 inf=1.37 iv=0.00 n=0 d=0 sk=4 hf=98004 hm=96956 ht=283156 pf=0 pm=0 pt=0 ru=233544 rp=234592
18:58:56.531 @T t=17361 s=0.000 lv=-41.1 pk=-39.8 c0=6.2 c1=5.1 kw=4.92 inf=1.51 iv=0.00 n=0 d=0 sk=3 hf=98004 hm=96956 ht=283156 pf=0 pm=0 pt=0 ru=233544 rp=234592
18:58:56.531 @T t=17447 s=0.000 lv=-40.2 pk=-39.8 c0=8.1 c1=6.3 kw=6.08 inf=1.51 iv=0.00 n=0 d=0 sk=3 hf=98004 hm=96956 ht=283156 pf=0 pm=0 pt=0 ru=233544 rp=234592
18:58:56.531 @T t=17553 s=0.000 lv=-39.4 pk=-37.7 c0=3.0 c1=5.1 kw=4.99 inf=1.53 iv=0.00 n=0 d=0 sk=3 hf=98004 hm=96956 ht=283156 pf=0 pm=0 pt=0 ru=233544 rp=234592
18:58:56.531 @T t=17659 s=0.000 lv=-40.4 pk=-38.9 c0=2.9 c1=5.0 kw=4.89 inf=1.50 iv=0.00 n=0 d=0 sk=3 hf=98004 hm=96956 ht=283156 pf=0 pm=0 pt=0 ru=233544 rp=234592
18:58:56.531 @T t=17745 s=0.000 lv=-39.9 pk=-39.2 c0=3.6 c1=5.1 kw=5.03 inf=1.21 iv=0.00 n=0 d=0 sk=3 hf=98004 hm=96956 ht=283156 pf=0 pm=0 pt=0 ru=233544 rp=234592
18:58:56.531 I (18177) wifi:state: init -> auth (0xb0)
18:58:56.531 @T t=17851 s=0.000 lv=-41.2 pk=-39.8 c0=5.9 c1=6.4 kw=5.90 inf=1.84 iv=0.00 n=0 d=0 sk=3 hf=97988 hm=96956 ht=283156 pf=0 pm=0 pt=0 ru=233560 rp=234592
18:58:56.531 @T t=17957 s=0.000 lv=-40.5 pk=-39.0 c0=3.6 c1=5.1 kw=4.99 inf=1.53 iv=0.00 n=0 d=0 sk=3 hf=97988 hm=96956 ht=283156 pf=0 pm=0 pt=0 ru=233560 rp=234592
18:58:56.531 @T t=18043 s=0.000 lv=-39.6 pk=-38.2 c0=3.9 c1=5.1 kw=4.93 inf=1.83 iv=0.00 n=0 d=0 sk=2 hf=97988 hm=96956 ht=283156 pf=0 pm=0 pt=0 ru=233560 rp=234592
18:58:56.531 @T t=18149 s=0.000 lv=-40.0 pk=-38.3 c0=6.9 c1=7.0 kw=6.02 inf=1.38 iv=0.00 n=0 d=0 sk=4 hf=97988 hm=96956 ht=283156 pf=0 pm=0 pt=0 ru=233560 rp=234592
18:58:56.531 @I ww=marvin cut=0.50 win=5 cool=1000 tick=100 wifi=0 srv=0 li=0 ln=0
18:58:56.531 @T t=18261 s=0.000 lv=-40.2 pk=-39.0 c0=11.3 c1=4.8 kw=4.70 inf=1.52 iv=0.00 n=0 d=0 sk=3 hf=97988 hm=96956 ht=283156 pf=0 pm=0 pt=0 ru=233560 rp=234592
18:58:56.531 @T t=18347 s=0.000 lv=-41.0 pk=-40.4 c0=7.9 c1=6.3 kw=6.07 inf=1.51 iv=0.00 n=0 d=0 sk=3 hf=97988 hm=96956 ht=283156 pf=0 pm=0 pt=0 ru=233560 rp=234592
18:58:56.531 @T t=18453 s=0.000 lv=-39.7 pk=-38.0 c0=6.5 c1=5.1 kw=4.95 inf=1.52 iv=0.00 n=0 d=0 sk=3 hf=97988 hm=96956 ht=283156 pf=0 pm=0 pt=0 ru=233560 rp=234592
18:58:56.531 @T t=18559 s=0.000 lv=-40.9 pk=-40.5 c0=6.4 c1=5.1 kw=4.96 inf=1.52 iv=0.00 n=0 d=0 sk=3 hf=97988 hm=96956 ht=283156 pf=0 pm=0 pt=0 ru=233560 rp=234592
18:58:56.531 @T t=18645 s=0.000 lv=-39.5 pk=-38.4 c0=7.9 c1=5.1 kw=5.09 inf=1.23 iv=0.00 n=0 d=0 sk=3 hf=97988 hm=96956 ht=283156 pf=0 pm=0 pt=0 ru=233560 rp=234592
18:58:56.531 @T t=18751 s=0.000 lv=-39.9 pk=-39.4 c0=6.4 c1=6.2 kw=5.97 inf=1.88 iv=0.00 n=0 d=0 sk=3 hf=97988 hm=96956 ht=283156 pf=0 pm=0 pt=0 ru=233560 rp=234592
18:58:56.531 I (19179) wifi:state: auth -> init (0x200)
18:58:56.531 @T t=18857 s=0.000 lv=-41.5 pk=-40.4 c0=10.1 c1=5.5 kw=5.20 inf=1.58 iv=0.00 n=0 d=0 sk=3 hf=98004 hm=96956 ht=283156 pf=0 pm=0 pt=0 ru=233544 rp=234592
18:58:56.531 @T t=18943 s=0.000 lv=-41.2 pk=-40.5 c0=9.2 c1=5.2 kw=5.07 inf=1.90 iv=0.00 n=0 d=0 sk=2 hf=98004 hm=96956 ht=283156 pf=0 pm=0 pt=0 ru=233544 rp=234592
18:58:56.531 @T t=19049 s=0.000 lv=-41.0 pk=-40.4 c0=3.8 c1=6.1 kw=5.95 inf=1.37 iv=0.00 n=0 d=0 sk=4 hf=98004 hm=96956 ht=283156 pf=0 pm=0 pt=0 ru=233544 rp=234592
18:58:56.531 @T t=19155 s=0.000 lv=-40.6 pk=-39.3 c0=3.8 c1=5.9 kw=5.05 inf=1.55 iv=0.00 n=0 d=0 sk=3 hf=98004 hm=96956 ht=283156 pf=0 pm=0 pt=0 ru=233544 rp=234592
18:58:56.531 @I ww=marvin cut=0.50 win=5 cool=1000 tick=100 wifi=0 srv=0 li=0 ln=0
18:58:56.531 @T t=19247 s=0.000 lv=-40.3 pk=-40.1 c0=6.2 c1=6.0 kw=5.81 inf=1.54 iv=0.00 n=0 d=0 sk=3 hf=98004 hm=96956 ht=283156 pf=0 pm=0 pt=0 ru=233544 rp=234592
18:58:56.531 @T t=19353 s=0.000 lv=-38.4 pk=-36.6 c0=3.9 c1=5.2 kw=5.03 inf=1.54 iv=0.00 n=0 d=0 sk=3 hf=98004 hm=96956 ht=283156 pf=0 pm=0 pt=0 ru=233544 rp=234592
18:58:56.531 @T t=19459 s=0.000 lv=-39.8 pk=-38.8 c0=3.8 c1=5.2 kw=5.06 inf=1.55 iv=0.00 n=0 d=0 sk=3 hf=98004 hm=96956 ht=283156 pf=0 pm=0 pt=0 ru=233544 rp=234592
18:58:56.531 @T t=19545 s=0.000 lv=-39.5 pk=-38.6 c0=4.7 c1=5.1 kw=5.07 inf=1.82 iv=0.00 n=0 d=0 sk=2 hf=98004 hm=96956 ht=283156 pf=0 pm=0 pt=0 ru=233544 rp=234592
18:58:58.835 @T t=19651 s=0.000 lv=-39.5 pk=-38.6 c0=3.9 c1=6.4 kw=6.07 inf=1.43 iv=0.00 n=0 d=0 sk=4 hf=98004 hm=96956 ht=283156 pf=0 pm=0 pt=0 ru=233544 rp=234592
18:58:58.835 @T t=19757 s=0.000 lv=-40.2 pk=-37.8 c0=3.1 c1=5.1 kw=4.98 inf=1.53 iv=0.00 n=0 d=0 sk=3 hf=98004 hm=96956 ht=283156 pf=0 pm=0 pt=0 ru=233544 rp=234592
18:58:58.835 @T t=19843 s=0.000 lv=-41.4 pk=-40.7 c0=8.7 c1=5.1 kw=4.93 inf=1.83 iv=0.00 n=0 d=0 sk=2 hf=98004 hm=96956 ht=283156 pf=0 pm=0 pt=0 ru=233544 rp=234592
18:58:58.835 @T t=19949 s=0.000 lv=-40.9 pk=-38.8 c0=4.2 c1=6.3 kw=6.08 inf=1.40 iv=0.00 n=0 d=0 sk=4 hf=98004 hm=96956 ht=283156 pf=0 pm=0 pt=0 ru=233544 rp=234592
18:58:58.835 @T t=20055 s=0.000 lv=-39.7 pk=-36.9 c0=4.2 c1=5.9 kw=4.98 inf=1.52 iv=0.00 n=0 d=0 sk=3 hf=98004 hm=96956 ht=283156 pf=0 pm=0 pt=0 ru=233544 rp=234592
18:58:58.836 @T t=20161 s=0.000 lv=-39.3 pk=-37.9 c0=3.2 c1=5.1 kw=5.02 inf=1.54 iv=0.00 n=0 d=0 sk=3 hf=98004 hm=96956 ht=283156 pf=0 pm=0 pt=0 ru=233544 rp=234592
18:58:58.836 @I ww=marvin cut=0.50 win=5 cool=1000 tick=100 wifi=0 srv=0 li=0 ln=0
18:58:58.836 @T t=20253 s=0.000 lv=-38.3 pk=-36.9 c0=4.3 c1=5.9 kw=5.70 inf=1.52 iv=0.00 n=0 d=0 sk=3 hf=98004 hm=96956 ht=283156 pf=0 pm=0 pt=0 ru=233544 rp=234592
18:58:58.836 @T t=20359 s=0.000 lv=-38.5 pk=-37.0 c0=6.2 c1=5.1 kw=4.91 inf=1.51 iv=0.00 n=0 d=0 sk=3 hf=98004 hm=96956 ht=283156 pf=0 pm=0 pt=0 ru=233544 rp=234592
18:58:58.836 @T t=20445 s=0.000 lv=-39.0 pk=-38.0 c0=4.2 c1=5.1 kw=5.03 inf=1.21 iv=0.00 n=0 d=0 sk=3 hf=98004 hm=96956 ht=283156 pf=0 pm=0 pt=0 ru=233544 rp=234592
18:58:58.836 @T t=20551 s=0.000 lv=-39.4 pk=-38.2 c0=3.0 c1=6.2 kw=5.80 inf=1.82 iv=0.00 n=0 d=0 sk=3 hf=98004 hm=96956 ht=283156 pf=0 pm=0 pt=0 ru=233544 rp=234592
18:58:58.836 @T t=20657 s=0.000 lv=-39.5 pk=-38.8 c0=2.9 c1=5.1 kw=4.93 inf=1.51 iv=0.00 n=0 d=0 sk=3 hf=98004 hm=96956 ht=283156 pf=0 pm=0 pt=0 ru=233544 rp=234592
18:58:58.836 @T t=20743 s=0.000 lv=-40.1 pk=-39.0 c0=4.0 c1=5.0 kw=4.87 inf=1.82 iv=0.00 n=0 d=0 sk=2 hf=98004 hm=96956 ht=283156 pf=0 pm=0 pt=0 ru=233544 rp=234592
18:58:58.836 @T t=20849 s=0.000 lv=-40.7 pk=-40.0 c0=3.1 c1=6.1 kw=5.96 inf=1.37 iv=0.00 n=0 d=0 sk=4 hf=98004 hm=96956 ht=283156 pf=0 pm=0 pt=0 ru=233544 rp=234592
18:58:58.836 @T t=20955 s=0.000 lv=-40.9 pk=-40.2 c0=6.4 c1=5.1 kw=4.92 inf=1.51 iv=0.00 n=0 d=0 sk=3 hf=98004 hm=96956 ht=283156 pf=0 pm=0 pt=0 ru=233544 rp=234592
18:58:58.836 @T t=21061 s=0.000 lv=-40.7 pk=-40.2 c0=3.5 c1=5.8 kw=4.93 inf=1.51 iv=0.00 n=0 d=0 sk=3 hf=98004 hm=96956 ht=283156 pf=0 pm=0 pt=0 ru=233544 rp=234592
18:58:58.836 [status] up 21s | mic -40.3 dBFS (peak -35.9) | score max 0.00 | detections 0 | inferences 0 (0.0/s; model 0.00 ms each, paused in quiet 100%; features 1.53 ms per 30 ms) | CPU core0  5.7% core1  5.5% (wake word pipeline 5.29% of one core) | RAM used 228 KB (peak 229 KB, 95 KB free) | wifi --, server -- | audio lost since boot: i2s 0 net 0
18:58:58.836 I (21474) wifi:state: init -> auth (0xb0)
18:58:58.836 @T t=21156 s=0.000 lv=-40.5 pk=-39.2 c0=11.0 c1=6.0 kw=5.81 inf=1.59 iv=0.00 n=0 d=0 sk=3 hf=97988 hm=96956 ht=283156 pf=0 pm=0 pt=0 ru=233560 rp=234592
18:58:58.836 @I ww=marvin cut=0.50 win=5 cool=1000 tick=100 wifi=0 srv=0 li=0 ln=0
18:58:58.836 @T t=21248 s=0.000 lv=-38.7 pk=-35.8 c0=13.7 c1=5.9 kw=5.74 inf=1.53 iv=0.00 n=0 d=0 sk=3 hf=97988 hm=96956 ht=283156 pf=0 pm=0 pt=0 ru=233560 rp=234592
18:58:58.836 @T t=21354 s=0.000 lv=-39.2 pk=-37.3 c0=6.4 c1=5.1 kw=4.93 inf=1.51 iv=0.00 n=0 d=0 sk=3 hf=97988 hm=96956 ht=283156 pf=0 pm=0 pt=0 ru=233560 rp=234592
18:58:58.836 @T t=21460 s=0.000 lv=-40.4 pk=-38.7 c0=6.4 c1=5.1 kw=4.92 inf=1.51 iv=0.00 n=0 d=0 sk=3 hf=97988 hm=96956 ht=283156 pf=0 pm=0 pt=0 ru=233560 rp=234592
18:58:58.836 @T t=21546 s=0.000 lv=-40.8 pk=-39.2 c0=3.7 c1=6.2 kw=6.07 inf=1.51 iv=0.00 n=0 d=0 sk=3 hf=97988 hm=96956 ht=283156 pf=0 pm=0 pt=0 ru=233560 rp=234592
18:58:58.836 @T t=21652 s=0.000 lv=-40.9 pk=-38.6 c0=3.0 c1=5.0 kw=4.90 inf=1.50 iv=0.00 n=0 d=0 sk=3 hf=97988 hm=96956 ht=283156 pf=0 pm=0 pt=0 ru=233560 rp=234592
18:58:58.836 @T t=21758 s=0.000 lv=-39.7 pk=-37.8 c0=6.4 c1=5.1 kw=4.93 inf=1.51 iv=0.00 n=0 d=0 sk=3 hf=97988 hm=96956 ht=283156 pf=0 pm=0 pt=0 ru=233560 rp=234592
18:58:58.836 @T t=21844 s=0.000 lv=-39.2 pk=-38.1 c0=7.8 c1=5.0 kw=4.89 inf=1.82 iv=0.00 n=0 d=0 sk=2 hf=97988 hm=96956 ht=283156 pf=0 pm=0 pt=0 ru=233560 rp=234592
18:59:01.345 @T t=21950 s=0.000 lv=-41.2 pk=-40.3 c0=3.3 c1=6.1 kw=5.92 inf=1.36 iv=0.00 n=0 d=0 sk=4 hf=97988 hm=96956 ht=283156 pf=0 pm=0 pt=0 ru=233560 rp=234592
18:59:01.345 @T t=22056 s=0.000 lv=-41.1 pk=-40.2 c0=3.7 c1=5.8 kw=4.94 inf=1.51 iv=0.00 n=0 d=0 sk=3 hf=97988 hm=96956 ht=283156 pf=0 pm=0 pt=0 ru=233560 rp=234592
18:59:01.345 I (22483) wifi:state: auth -> init (0x200)
18:59:01.345 @T t=22143 s=0.000 lv=-41.4 pk=-40.5 c0=11.8 c1=5.4 kw=5.10 inf=1.92 iv=0.00 n=0 d=0 sk=2 hf=98004 hm=96956 ht=283156 pf=0 pm=0 pt=0 ru=233544 rp=234592
18:59:01.345 @I ww=marvin cut=0.50 win=5 cool=1000 tick=100 wifi=0 srv=0 li=0 ln=0
18:59:01.345 @T t=22258 s=0.000 lv=-40.0 pk=-38.7 c0=4.9 c1=6.0 kw=5.78 inf=1.44 iv=0.00 n=0 d=0 sk=4 hf=98004 hm=96956 ht=283156 pf=0 pm=0 pt=0 ru=233544 rp=234592
18:59:01.345 @T t=22344 s=0.000 lv=-40.3 pk=-39.9 c0=5.0 c1=5.2 kw=5.04 inf=1.88 iv=0.00 n=0 d=0 sk=2 hf=98004 hm=96956 ht=283156 pf=0 pm=0 pt=0 ru=233544 rp=234592
18:59:01.345 @T t=22450 s=0.000 lv=-40.5 pk=-39.1 c0=3.9 c1=6.3 kw=6.09 inf=1.40 iv=0.00 n=0 d=0 sk=4 hf=98004 hm=96956 ht=283156 pf=0 pm=0 pt=0 ru=233544 rp=234592
18:59:01.345 @T t=22556 s=0.000 lv=-41.6 pk=-40.5 c0=3.9 c1=5.2 kw=5.00 inf=1.53 iv=0.00 n=0 d=0 sk=3 hf=98004 hm=96956 ht=283156 pf=0 pm=0 pt=0 ru=233544 rp=234592
18:59:01.345 @T t=22662 s=0.000 lv=-42.0 pk=-41.2 c0=3.8 c1=5.1 kw=4.92 inf=1.51 iv=0.00 n=0 d=0 sk=3 hf=98004 hm=96956 ht=283156 pf=0 pm=0 pt=0 ru=233544 rp=234592
18:59:01.345 @T t=22748 s=0.000 lv=-41.8 pk=-41.3 c0=3.8 c1=6.3 kw=6.14 inf=1.53 iv=0.00 n=0 d=0 sk=3 hf=98004 hm=96956 ht=283156 pf=0 pm=0 pt=0 ru=233544 rp=234592
18:59:01.345 @T t=22854 s=0.000 lv=-41.5 pk=-40.0 c0=6.9 c1=5.1 kw=4.94 inf=1.51 iv=0.00 n=0 d=0 sk=3 hf=98004 hm=96956 ht=283156 pf=0 pm=0 pt=0 ru=233544 rp=234592
18:59:01.345 @T t=22960 s=0.000 lv=-41.5 pk=-40.5 c0=4.0 c1=5.2 kw=5.02 inf=1.53 iv=0.00 n=0 d=0 sk=3 hf=98004 hm=96956 ht=283156 pf=0 pm=0 pt=0 ru=233544 rp=234592
18:59:01.345 @T t=23046 s=0.000 lv=-39.4 pk=-37.1 c0=4.8 c1=6.4 kw=6.20 inf=1.54 iv=0.00 n=0 d=0 sk=3 hf=98004 hm=96956 ht=283156 pf=0 pm=0 pt=0 ru=233544 rp=234592
18:59:01.346 @T t=23152 s=0.000 lv=-39.0 pk=-36.8 c0=4.6 c1=6.0 kw=5.07 inf=1.55 iv=0.00 n=0 d=0 sk=3 hf=98004 hm=96956 ht=283156 pf=0 pm=0 pt=0 ru=233544 rp=234592
18:59:01.346 @I ww=marvin cut=0.50 win=5 cool=1000 tick=100 wifi=0 srv=0 li=0 ln=0
18:59:01.346 @T t=23243 s=0.000 lv=-41.3 pk=-40.9 c0=4.7 c1=4.7 kw=4.66 inf=1.84 iv=0.00 n=0 d=0 sk=2 hf=98004 hm=96956 ht=283156 pf=0 pm=0 pt=0 ru=233544 rp=234592
18:59:01.346 @T t=23349 s=0.000 lv=-41.7 pk=-41.0 c0=7.0 c1=6.2 kw=5.99 inf=1.37 iv=0.00 n=0 d=0 sk=4 hf=98004 hm=96956 ht=283156 pf=0 pm=0 pt=0 ru=233544 rp=234592
18:59:01.346 @T t=23455 s=0.000 lv=-40.2 pk=-39.0 c0=3.6 c1=5.1 kw=5.00 inf=1.53 iv=0.00 n=0 d=0 sk=3 hf=98004 hm=96956 ht=283156 pf=0 pm=0 pt=0 ru=233544 rp=234592
18:59:01.346 @T t=23561 s=0.000 lv=-41.0 pk=-39.5 c0=3.0 c1=5.1 kw=4.93 inf=1.51 iv=0.00 n=0 d=0 sk=3 hf=98004 hm=96956 ht=283156 pf=0 pm=0 pt=0 ru=233544 rp=234592
18:59:01.346 @T t=23647 s=0.000 lv=-41.7 pk=-40.5 c0=3.6 c1=6.2 kw=6.03 inf=1.50 iv=0.00 n=0 d=0 sk=3 hf=98004 hm=96956 ht=283156 pf=0 pm=0 pt=0 ru=233544 rp=234592
18:59:01.346 @T t=23753 s=0.000 lv=-41.7 pk=-40.5 c0=3.3 c1=5.1 kw=4.91 inf=1.50 iv=0.00 n=0 d=0 sk=3 hf=98004 hm=96956 ht=283156 pf=0 pm=0 pt=0 ru=233544 rp=234592
18:59:01.346 @T t=23859 s=0.000 lv=-39.7 pk=-37.9 c0=3.0 c1=5.1 kw=4.95 inf=1.52 iv=0.00 n=0 d=0 sk=3 hf=98004 hm=96956 ht=283156 pf=0 pm=0 pt=0 ru=233544 rp=234592
18:59:01.346 @T t=23945 s=0.000 lv=-39.5 pk=-38.3 c0=3.8 c1=5.1 kw=5.08 inf=1.22 iv=0.00 n=0 d=0 sk=3 hf=98004 hm=96956 ht=283156 pf=0 pm=0 pt=0 ru=233544 rp=234592
18:59:01.346 @T t=24051 s=0.000 lv=-41.4 pk=-40.3 c0=6.3 c1=6.1 kw=5.73 inf=1.80 iv=0.00 n=0 d=0 sk=3 hf=98004 hm=96956 ht=283156 pf=0 pm=0 pt=0 ru=233544 rp=234592
18:59:01.346 @T t=24157 s=0.000 lv=-40.2 pk=-39.0 c0=4.1 c1=6.0 kw=5.03 inf=1.54 iv=0.00 n=0 d=0 sk=3 hf=98004 hm=96956 ht=283156 pf=0 pm=0 pt=0 ru=233544 rp=234592
18:59:01.346 @I ww=marvin cut=0.50 win=5 cool=1000 tick=100 wifi=0 srv=0 li=0 ln=0
18:59:01.346 @T t=24248 s=0.000 lv=-39.9 pk=-39.5 c0=4.6 c1=5.9 kw=5.80 inf=1.53 iv=0.00 n=0 d=0 sk=3 hf=98004 hm=96956 ht=283156 pf=0 pm=0 pt=0 ru=233544 rp=234592
18:59:01.346 @T t=24354 s=0.000 lv=-40.9 pk=-39.4 c0=6.2 c1=5.0 kw=4.89 inf=1.50 iv=0.00 n=0 d=0 sk=3 hf=98004 hm=96956 ht=283156 pf=0 pm=0 pt=0 ru=233544 rp=234592
18:59:01.346 I (24834) wifi:state: init -> auth (0xb0)
18:59:03.848 @T t=24460 s=0.000 lv=-39.4 pk=-38.5 c0=5.3 c1=5.1 kw=4.93 inf=1.51 iv=0.00 n=0 d=0 sk=3 hf=97848 hm=96956 ht=283156 pf=0 pm=0 pt=0 ru=233700 rp=234592
18:59:03.849 @T t=24544 s=0.000 lv=-41.9 pk=-41.1 c0=6.7 c1=5.2 kw=5.12 inf=1.86 iv=0.00 n=0 d=0 sk=2 hf=97988 hm=96956 ht=283156 pf=0 pm=0 pt=0 ru=233560 rp=234592
18:59:03.849 @T t=24650 s=0.000 lv=-40.4 pk=-39.4 c0=3.2 c1=6.2 kw=5.99 inf=1.38 iv=0.00 n=0 d=0 sk=4 hf=97988 hm=96956 ht=283156 pf=0 pm=0 pt=0 ru=233560 rp=234592
18:59:03.849 @T t=24756 s=0.000 lv=-40.5 pk=-39.8 c0=6.4 c1=5.1 kw=4.97 inf=1.52 iv=0.00 n=0 d=0 sk=3 hf=97988 hm=96956 ht=283156 pf=0 pm=0 pt=0 ru=233560 rp=234592
18:59:03.849 @T t=24862 s=0.000 lv=-41.0 pk=-39.8 c0=6.4 c1=5.1 kw=4.92 inf=1.51 iv=0.00 n=0 d=0 sk=3 hf=97988 hm=96956 ht=283156 pf=0 pm=0 pt=0 ru=233560 rp=234592
18:59:03.849 @T t=24948 s=0.000 lv=-40.4 pk=-38.8 c0=4.0 c1=6.3 kw=6.12 inf=1.52 iv=0.00 n=0 d=0 sk=3 hf=97988 hm=96956 ht=283156 pf=0 pm=0 pt=0 ru=233560 rp=234592
18:59:03.849 @T t=25054 s=0.000 lv=-40.2 pk=-38.5 c0=3.1 c1=5.1 kw=4.95 inf=1.51 iv=0.00 n=0 d=0 sk=3 hf=97988 hm=96956 ht=283156 pf=0 pm=0 pt=0 ru=233560 rp=234592
18:59:03.849 @T t=25160 s=0.000 lv=-39.3 pk=-37.9 c0=3.9 c1=5.9 kw=5.02 inf=1.54 iv=0.00 n=0 d=0 sk=3 hf=97988 hm=96956 ht=283156 pf=0 pm=0 pt=0 ru=233560 rp=234592
18:59:03.849 @I ww=marvin cut=0.50 win=5 cool=1000 tick=100 wifi=0 srv=0 li=0 ln=0
18:59:03.849 @T t=25252 s=0.000 lv=-38.2 pk=-36.4 c0=13.7 c1=5.9 kw=5.78 inf=1.54 iv=0.00 n=0 d=0 sk=3 hf=97988 hm=96956 ht=283156 pf=0 pm=0 pt=0 ru=233560 rp=234592
18:59:03.849 @T t=25358 s=0.000 lv=-39.1 pk=-38.0 c0=6.4 c1=5.1 kw=4.94 inf=1.51 iv=0.00 n=0 d=0 sk=3 hf=97988 hm=96956 ht=283156 pf=0 pm=0 pt=0 ru=233560 rp=234592
18:59:03.849 @T t=25444 s=0.000 lv=-41.4 pk=-40.6 c0=7.9 c1=5.0 kw=4.88 inf=1.82 iv=0.00 n=0 d=0 sk=2 hf=97988 hm=96956 ht=283156 pf=0 pm=0 pt=0 ru=233560 rp=234592
18:59:03.849 I (25835) wifi:state: auth -> init (0x200)
18:59:03.849 @T t=25550 s=0.000 lv=-41.6 pk=-39.9 c0=6.3 c1=6.4 kw=6.06 inf=1.39 iv=0.00 n=0 d=0 sk=4 hf=98004 hm=96956 ht=283156 pf=0 pm=0 pt=0 ru=233544 rp=234592
18:59:03.849 @T t=25656 s=0.000 lv=-40.5 pk=-39.9 c0=7.2 c1=5.2 kw=5.03 inf=1.54 iv=0.00 n=0 d=0 sk=3 hf=98004 hm=96956 ht=283156 pf=0 pm=0 pt=0 ru=233544 rp=234592
18:59:03.849 @T t=25762 s=0.000 lv=-40.7 pk=-38.4 c0=3.8 c1=5.2 kw=5.03 inf=1.54 iv=0.00 n=0 d=0 sk=3 hf=98004 hm=96956 ht=283156 pf=0 pm=0 pt=0 ru=233544 rp=234592
18:59:03.849 @T t=25848 s=0.000 lv=-40.7 pk=-38.7 c0=4.8 c1=6.4 kw=6.20 inf=1.54 iv=0.00 n=0 d=0 sk=3 hf=98004 hm=96956 ht=283156 pf=0 pm=0 pt=0 ru=233544 rp=234592
18:59:03.849 @T t=25954 s=0.000 lv=-41.1 pk=-40.3 c0=4.0 c1=5.2 kw=5.05 inf=1.55 iv=0.00 n=0 d=0 sk=3 hf=98004 hm=96956 ht=283156 pf=0 pm=0 pt=0 ru=233544 rp=234592
18:59:03.849 @T t=26060 s=0.000 lv=-41.2 pk=-40.2 c0=3.7 c1=5.8 kw=4.95 inf=1.52 iv=0.00 n=0 d=0 sk=3 hf=98004 hm=96956 ht=283156 pf=0 pm=0 pt=0 ru=233544 rp=234592
18:59:03.849 @T t=26147 s=0.000 lv=-41.7 pk=-39.8 c0=5.1 c1=6.5 kw=6.32 inf=1.59 iv=0.00 n=0 d=0 sk=3 hf=98004 hm=96956 ht=283156 pf=0 pm=0 pt=0 ru=233544 rp=234592
18:59:03.849 @I ww=marvin cut=0.50 win=5 cool=1000 tick=100 wifi=0 srv=0 li=0 ln=0
18:59:03.849 @T t=26259 s=0.000 lv=-42.4 pk=-41.5 c0=4.3 c1=4.9 kw=4.75 inf=1.54 iv=0.00 n=0 d=0 sk=3 hf=98004 hm=96956 ht=283156 pf=0 pm=0 pt=0 ru=233544 rp=234592
18:59:03.849 @T t=26345 s=0.000 lv=-41.6 pk=-40.1 c0=4.7 c1=5.2 kw=5.14 inf=1.24 iv=0.00 n=0 d=0 sk=3 hf=98004 hm=96956 ht=283156 pf=0 pm=0 pt=0 ru=233544 rp=234592
18:59:03.849 @T t=26451 s=0.000 lv=-39.9 pk=-38.5 c0=3.8 c1=6.3 kw=6.06 inf=1.91 iv=0.00 n=0 d=0 sk=3 hf=98004 hm=96956 ht=283156 pf=0 pm=0 pt=0 ru=233544 rp=234592
18:59:03.849 @T t=26557 s=0.000 lv=-41.2 pk=-40.4 c0=4.4 c1=5.1 kw=4.95 inf=1.52 iv=0.00 n=0 d=0 sk=3 hf=98004 hm=96956 ht=283156 pf=0 pm=0 pt=0 ru=233544 rp=234592
18:59:03.849 @T t=26643 s=0.000 lv=-40.8 pk=-40.2 c0=4.2 c1=5.1 kw=4.98 inf=1.86 iv=0.00 n=0 d=0 sk=2 hf=98004 hm=96956 ht=283156 pf=0 pm=0 pt=0 ru=233544 rp=234592
18:59:03.849 @T t=26749 s=0.000 lv=-41.6 pk=-39.9 c0=6.6 c1=6.1 kw=5.93 inf=1.36 iv=0.00 n=0 d=0 sk=4 hf=98004 hm=96956 ht=283156 pf=0 pm=0 pt=0 ru=233544 rp=234592
18:59:03.849 @T t=26855 s=0.000 lv=-41.5 pk=-39.6 c0=3.1 c1=5.1 kw=4.94 inf=1.51 iv=0.00 n=0 d=0 sk=3 hf=98004 hm=96956 ht=283156 pf=0 pm=0 pt=0 ru=233544 rp=234592
18:59:03.849 @T t=26961 s=0.000 lv=-40.4 pk=-39.3 c0=3.1 c1=5.1 kw=4.94 inf=1.52 iv=0.00 n=0 d=0 sk=3 hf=98004 hm=96956 ht=283156 pf=0 pm=0 pt=0 ru=233544 rp=234592
18:59:06.333 @T t=27047 s=0.000 lv=-39.7 pk=-39.2 c0=8.2 c1=6.3 kw=6.15 inf=1.53 iv=0.00 n=0 d=0 sk=3 hf=98004 hm=96956 ht=283156 pf=0 pm=0 pt=0 ru=233544 rp=234592
18:59:06.333 @T t=27153 s=0.000 lv=-41.7 pk=-40.3 c0=3.6 c1=5.9 kw=5.00 inf=1.53 iv=0.00 n=0 d=0 sk=3 hf=98004 hm=96956 ht=283156 pf=0 pm=0 pt=0 ru=233544 rp=234592
18:59:06.333 @I ww=marvin cut=0.50 win=5 cool=1000 tick=100 wifi=0 srv=0 li=0 ln=0
18:59:06.333 @T t=27244 s=0.000 lv=-39.7 pk=-38.7 c0=4.6 c1=4.7 kw=4.63 inf=1.83 iv=0.00 n=0 d=0 sk=2 hf=98004 hm=96956 ht=283156 pf=0 pm=0 pt=0 ru=233544 rp=234592
18:59:06.333 @T t=27350 s=0.000 lv=-40.9 pk=-39.3 c0=6.2 c1=6.1 kw=5.90 inf=1.36 iv=0.00 n=0 d=0 sk=4 hf=98004 hm=96956 ht=283156 pf=0 pm=0 pt=0 ru=233544 rp=234592
18:59:06.333 @T t=27456 s=0.000 lv=-41.1 pk=-40.2 c0=3.4 c1=5.1 kw=4.97 inf=1.52 iv=0.00 n=0 d=0 sk=3 hf=98004 hm=96956 ht=283156 pf=0 pm=0 pt=0 ru=233544 rp=234592
18:59:06.333 @T t=27562 s=0.000 lv=-39.8 pk=-38.3 c0=3.1 c1=5.1 kw=4.93 inf=1.51 iv=0.00 n=0 d=0 sk=3 hf=98004 hm=96956 ht=283156 pf=0 pm=0 pt=0 ru=233544 rp=234592
18:59:06.333 @T t=27648 s=0.000 lv=-39.9 pk=-38.5 c0=3.6 c1=6.3 kw=6.08 inf=1.51 iv=0.00 n=0 d=0 sk=3 hf=98004 hm=96956 ht=283156 pf=0 pm=0 pt=0 ru=233544 rp=234592
18:59:06.333 I (28131) wifi:state: init -> auth (0xb0)
18:59:06.333 @T t=27754 s=0.000 lv=-40.7 pk=-39.4 c0=5.2 c1=5.1 kw=4.92 inf=1.51 iv=0.00 n=0 d=0 sk=3 hf=97848 hm=96956 ht=283156 pf=0 pm=0 pt=0 ru=233700 rp=234592
18:59:06.333 @T t=27860 s=0.000 lv=-40.3 pk=-39.2 c0=7.0 c1=5.1 kw=5.04 inf=1.55 iv=0.00 n=0 d=0 sk=3 hf=97988 hm=96956 ht=283156 pf=0 pm=0 pt=0 ru=233560 rp=234592
18:59:06.333 @T t=27946 s=0.000 lv=-40.0 pk=-38.2 c0=4.1 c1=6.3 kw=6.12 inf=1.52 iv=0.00 n=0 d=0 sk=3 hf=97988 hm=96956 ht=283156 pf=0 pm=0 pt=0 ru=233560 rp=234592
18:59:06.333 @T t=28052 s=0.000 lv=-40.1 pk=-39.0 c0=3.2 c1=5.1 kw=4.97 inf=1.52 iv=0.00 n=0 d=0 sk=3 hf=97988 hm=96956 ht=283156 pf=0 pm=0 pt=0 ru=233560 rp=234592
18:59:06.333 @T t=28158 s=0.000 lv=-41.6 pk=-40.6 c0=7.0 c1=5.9 kw=5.01 inf=1.54 iv=0.00 n=0 d=0 sk=3 hf=97988 hm=96956 ht=283156 pf=0 pm=0 pt=0 ru=233560 rp=234592
18:59:06.333 @I ww=marvin cut=0.50 win=5 cool=1000 tick=100 wifi=0 srv=0 li=0 ln=0
18:59:06.333 @T t=28250 s=0.000 lv=-41.7 pk=-39.7 c0=4.8 c1=5.9 kw=5.75 inf=1.53 iv=0.00 n=0 d=0 sk=3 hf=97988 hm=96956 ht=283156 pf=0 pm=0 pt=0 ru=233560 rp=234592
18:59:06.334 @T t=28356 s=0.000 lv=-41.5 pk=-40.3 c0=3.1 c1=5.1 kw=4.93 inf=1.51 iv=0.00 n=0 d=0 sk=3 hf=97988 hm=96956 ht=283156 pf=0 pm=0 pt=0 ru=233560 rp=234592
18:59:06.334 @T t=28462 s=0.000 lv=-41.7 pk=-40.7 c0=6.5 c1=5.1 kw=4.93 inf=1.51 iv=0.00 n=0 d=0 sk=3 hf=97988 hm=96956 ht=283156 pf=0 pm=0 pt=0 ru=233560 rp=234592
18:59:06.334 @T t=28548 s=0.000 lv=-42.3 pk=-41.7 c0=3.9 c1=6.3 kw=6.10 inf=1.51 iv=0.00 n=0 d=0 sk=3 hf=97988 hm=96956 ht=283156 pf=0 pm=0 pt=0 ru=233560 rp=234592
18:59:06.334 @T t=28654 s=0.000 lv=-41.7 pk=-40.4 c0=3.1 c1=5.1 kw=4.92 inf=1.51 iv=0.00 n=0 d=0 sk=3 hf=97988 hm=96956 ht=283156 pf=0 pm=0 pt=0 ru=233560 rp=234592
18:59:06.334 I (29132) wifi:state: auth -> init (0x200)
18:59:06.334 @T t=28760 s=0.000 lv=-41.9 pk=-41.1 c0=8.8 c1=5.2 kw=4.93 inf=1.51 iv=0.00 n=0 d=0 sk=3 hf=98004 hm=96956 ht=283156 pf=0 pm=0 pt=0 ru=233544 rp=234592
18:59:06.334 @T t=28846 s=0.000 lv=-41.4 pk=-39.7 c0=6.2 c1=6.6 kw=6.41 inf=1.60 iv=0.00 n=0 d=0 sk=3 hf=98004 hm=96956 ht=283156 pf=0 pm=0 pt=0 ru=233544 rp=234592
18:59:06.334 @T t=28952 s=0.000 lv=-39.9 pk=-39.4 c0=4.3 c1=5.3 kw=5.08 inf=1.56 iv=0.00 n=0 d=0 sk=3 hf=98004 hm=96956 ht=283156 pf=0 pm=0 pt=0 ru=233544 rp=234592
18:59:06.334 @T t=29058 s=0.000 lv=-39.8 pk=-38.7 c0=3.2 c1=5.1 kw=4.95 inf=1.52 iv=0.00 n=0 d=0 sk=3 hf=98004 hm=96956 ht=283156 pf=0 pm=0 pt=0 ru=233544 rp=234592
18:59:06.334 @T t=29144 s=0.000 lv=-38.9 pk=-38.1 c0=5.5 c1=6.2 kw=5.07 inf=1.89 iv=0.00 n=0 d=0 sk=2 hf=98004 hm=96956 ht=283156 pf=0 pm=0 pt=0 ru=233544 rp=234592
18:59:06.334 @I ww=marvin cut=0.50 win=5 cool=1000 tick=100 wifi=0 srv=0 li=0 ln=0
18:59:06.334 @T t=29256 s=0.000 lv=-39.6 pk=-37.7 c0=4.5 c1=5.9 kw=5.72 inf=1.39 iv=0.00 n=0 d=0 sk=4 hf=98004 hm=96956 ht=283156 pf=0 pm=0 pt=0 ru=233544 rp=234592
18:59:06.334 @T t=29362 s=0.000 lv=-40.1 pk=-39.2 c0=3.8 c1=5.2 kw=5.04 inf=1.54 iv=0.00 n=0 d=0 sk=3 hf=98004 hm=96956 ht=283156 pf=0 pm=0 pt=0 ru=233544 rp=234592
18:59:08.741 @T t=29448 s=0.000 lv=-39.6 pk=-38.5 c0=4.7 c1=6.4 kw=6.21 inf=1.54 iv=0.00 n=0 d=0 sk=3 hf=98004 hm=96956 ht=283156 pf=0 pm=0 pt=0 ru=233544 rp=234592
18:59:08.741 @T t=29554 s=0.000 lv=-40.4 pk=-39.6 c0=3.8 c1=5.2 kw=5.04 inf=1.54 iv=0.00 n=0 d=0 sk=3 hf=98004 hm=96956 ht=283156 pf=0 pm=0 pt=0 ru=233544 rp=234592
18:59:08.741 @T t=29660 s=0.000 lv=-40.4 pk=-38.4 c0=3.1 c1=5.1 kw=4.96 inf=1.52 iv=0.00 n=0 d=0 sk=3 hf=98004 hm=96956 ht=283156 pf=0 pm=0 pt=0 ru=233544 rp=234592
18:59:08.741 @T t=29746 s=0.000 lv=-41.0 pk=-40.2 c0=8.0 c1=6.5 kw=6.28 inf=1.56 iv=0.00 n=0 d=0 sk=3 hf=98004 hm=96956 ht=283156 pf=0 pm=0 pt=0 ru=233544 rp=234592
18:59:08.741 @T t=29852 s=0.000 lv=-40.9 pk=-39.7 c0=3.9 c1=5.2 kw=5.02 inf=1.54 iv=0.00 n=0 d=0 sk=3 hf=98004 hm=96956 ht=283156 pf=0 pm=0 pt=0 ru=233544 rp=234592
18:59:08.741 @T t=29958 s=0.000 lv=-40.8 pk=-39.9 c0=4.0 c1=5.2 kw=5.05 inf=1.54 iv=0.00 n=0 d=0 sk=3 hf=98004 hm=96956 ht=283156 pf=0 pm=0 pt=0 ru=233544 rp=234592
18:59:08.741 @T t=30044 s=0.000 lv=-40.3 pk=-39.5 c0=4.7 c1=5.1 kw=4.93 inf=1.84 iv=0.00 n=0 d=0 sk=2 hf=98004 hm=96956 ht=283156 pf=0 pm=0 pt=0 ru=233544 rp=234592
18:59:08.741 @T t=30150 s=0.000 lv=-40.6 pk=-39.7 c0=3.7 c1=7.0 kw=6.08 inf=1.39 iv=0.00 n=0 d=0 sk=4 hf=98004 hm=96956 ht=283156 pf=0 pm=0 pt=0 ru=233544 rp=234592
18:59:08.742 @I ww=marvin cut=0.50 win=5 cool=1000 tick=100 wifi=0 srv=0 li=0 ln=0
18:59:08.742 @T t=30261 s=0.000 lv=-40.5 pk=-39.7 c0=3.8 c1=4.8 kw=4.73 inf=1.52 iv=0.00 n=0 d=0 sk=3 hf=98004 hm=96956 ht=283156 pf=0 pm=0 pt=0 ru=233544 rp=234592
18:59:08.742 @T t=30347 s=0.000 lv=-41.3 pk=-40.9 c0=7.7 c1=6.2 kw=6.06 inf=1.51 iv=0.00 n=0 d=0 sk=3 hf=98004 hm=96956 ht=283156 pf=0 pm=0 pt=0 ru=233544 rp=234592
18:59:08.742 @T t=30453 s=0.000 lv=-41.0 pk=-40.5 c0=3.4 c1=5.1 kw=4.94 inf=1.51 iv=0.00 n=0 d=0 sk=3 hf=98004 hm=96956 ht=283156 pf=0 pm=0 pt=0 ru=233544 rp=234592
18:59:08.742 @T t=30559 s=0.000 lv=-40.7 pk=-39.5 c0=3.0 c1=5.1 kw=4.94 inf=1.52 iv=0.00 n=0 d=0 sk=3 hf=98004 hm=96956 ht=283156 pf=0 pm=0 pt=0 ru=233544 rp=234592
18:59:08.742 @T t=30645 s=0.000 lv=-40.5 pk=-39.2 c0=3.6 c1=5.1 kw=5.01 inf=1.81 iv=0.00 n=0 d=0 sk=2 hf=98004 hm=96956 ht=283156 pf=0 pm=0 pt=0 ru=233544 rp=234592
18:59:08.742 @T t=30751 s=0.000 lv=-40.4 pk=-38.9 c0=3.3 c1=6.2 kw=5.75 inf=1.35 iv=0.00 n=0 d=0 sk=4 hf=98004 hm=96956 ht=283156 pf=0 pm=0 pt=0 ru=233544 rp=234592
18:59:08.742 @T t=30856 s=0.000 lv=-40.5 pk=-39.4 c0=3.1 c1=5.1 kw=5.00 inf=1.52 iv=0.00 n=0 d=0 sk=3 hf=98004 hm=96956 ht=283156 pf=0 pm=0 pt=0 ru=233544 rp=234592
18:59:08.742 @T t=30962 s=0.000 lv=-40.4 pk=-39.2 c0=6.4 c1=5.1 kw=4.90 inf=1.50 iv=0.00 n=0 d=0 sk=3 hf=98004 hm=96956 ht=283156 pf=0 pm=0 pt=0 ru=233544 rp=234592
18:59:08.742 @T t=31048 s=0.000 lv=-41.0 pk=-39.6 c0=3.7 c1=6.2 kw=6.07 inf=1.51 iv=0.00 n=0 d=0 sk=3 hf=98004 hm=96956 ht=283156 pf=0 pm=0 pt=0 ru=233544 rp=234592
18:59:08.742 [status] up 31s | mic -40.6 dBFS (peak -35.8) | score max 0.00 | detections 0 | inferences 0 (0.0/s; model 0.00 ms each, paused in quiet 100%; features 1.53 ms per 30 ms) | CPU core0  5.0% core1  5.6% (wake word pipeline 5.30% of one core) | RAM used 228 KB (peak 229 KB, 95 KB free) | wifi --, server -- | audio lost since boot: i2s 0 net 0
18:59:08.742 I (31490) wifi:state: init -> auth (0xb0)
18:59:08.742 @T t=31154 s=0.000 lv=-39.9 pk=-38.9 c0=10.6 c1=6.2 kw=5.24 inf=1.60 iv=0.00 n=0 d=0 sk=3 hf=97988 hm=96956 ht=283156 pf=0 pm=0 pt=0 ru=233560 rp=234592
18:59:08.742 @I ww=marvin cut=0.50 win=5 cool=1000 tick=100 wifi=0 srv=0 li=0 ln=0
18:59:08.742 @T t=31246 s=0.000 lv=-40.7 pk=-39.8 c0=13.8 c1=5.9 kw=5.76 inf=1.53 iv=0.00 n=0 d=0 sk=3 hf=97988 hm=96956 ht=283156 pf=0 pm=0 pt=0 ru=233560 rp=234592
18:59:08.742 @T t=31352 s=0.000 lv=-41.3 pk=-39.6 c0=6.4 c1=5.1 kw=4.93 inf=1.51 iv=0.00 n=0 d=0 sk=3 hf=97988 hm=96956 ht=283156 pf=0 pm=0 pt=0 ru=233560 rp=234592
18:59:08.742 @T t=31458 s=0.000 lv=-40.7 pk=-39.4 c0=6.4 c1=5.1 kw=4.94 inf=1.51 iv=0.00 n=0 d=0 sk=3 hf=97988 hm=96956 ht=283156 pf=0 pm=0 pt=0 ru=233560 rp=234592
18:59:08.742 @T t=31544 s=0.000 lv=-38.4 pk=-36.7 c0=3.8 c1=5.0 kw=4.88 inf=1.82 iv=0.00 n=0 d=0 sk=2 hf=97988 hm=96956 ht=283156 pf=0 pm=0 pt=0 ru=233560 rp=234592
18:59:08.742 @T t=31650 s=0.000 lv=-40.6 pk=-40.0 c0=3.1 c1=6.1 kw=5.94 inf=1.36 iv=0.00 n=0 d=0 sk=4 hf=97988 hm=96956 ht=283156 pf=0 pm=0 pt=0 ru=233560 rp=234592
18:59:08.742 @T t=31756 s=0.000 lv=-41.0 pk=-38.8 c0=6.5 c1=5.1 kw=4.91 inf=1.50 iv=0.00 n=0 d=0 sk=3 hf=97988 hm=96956 ht=283156 pf=0 pm=0 pt=0 ru=233560 rp=234592
18:59:11.230 @T t=31862 s=0.000 lv=-40.4 pk=-38.7 c0=6.4 c1=5.1 kw=4.97 inf=1.52 iv=0.00 n=0 d=0 sk=3 hf=97988 hm=96956 ht=283156 pf=0 pm=0 pt=0 ru=233560 rp=234592
18:59:11.230 @T t=31948 s=0.000 lv=-41.0 pk=-40.5 c0=4.0 c1=6.3 kw=6.10 inf=1.51 iv=0.00 n=0 d=0 sk=3 hf=97988 hm=96956 ht=283156 pf=0 pm=0 pt=0 ru=233560 rp=234592
18:59:11.230 @T t=32054 s=0.000 lv=-41.2 pk=-40.4 c0=3.2 c1=5.1 kw=4.99 inf=1.53 iv=0.00 n=0 d=0 sk=3 hf=97988 hm=96956 ht=283156 pf=0 pm=0 pt=0 ru=233560 rp=234592
18:59:11.230 I (32491) wifi:state: auth -> init (0x200)
18:59:11.230 @T t=32160 s=0.000 lv=-41.8 pk=-40.3 c0=8.5 c1=5.6 kw=5.28 inf=1.61 iv=0.00 n=0 d=0 sk=3 hf=98004 hm=96956 ht=283156 pf=0 pm=0 pt=0 ru=233544 rp=234592
18:59:11.230 @I ww=marvin cut=0.50 win=5 cool=1000 tick=100 wifi=0 srv=0 li=0 ln=0
18:59:11.230 @T t=32252 s=0.000 lv=-41.0 pk=-39.7 c0=14.6 c1=6.0 kw=5.82 inf=1.55 iv=0.00 n=0 d=0 sk=3 hf=98004 hm=96956 ht=283156 pf=0 pm=0 pt=0 ru=233544 rp=234592
18:59:11.230 @T t=32358 s=0.000 lv=-40.5 pk=-38.5 c0=3.2 c1=5.0 kw=4.93 inf=1.51 iv=0.00 n=0 d=0 sk=3 hf=98004 hm=96956 ht=283156 pf=0 pm=0 pt=0 ru=233544 rp=234592
18:59:11.230 @T t=32462 s=0.000 lv=-39.0 pk=-37.8 c0=3.6 c1=5.3 kw=5.12 inf=1.54 iv=0.00 n=0 d=0 sk=3 hf=98004 hm=96956 ht=283156 pf=0 pm=0 pt=0 ru=233544 rp=234592
18:59:11.230 @T t=32549 s=0.000 lv=-40.7 pk=-39.9 c0=4.7 c1=6.3 kw=6.14 inf=1.54 iv=0.00 n=0 d=0 sk=3 hf=98004 hm=96956 ht=283156 pf=0 pm=0 pt=0 ru=233544 rp=234592
18:59:11.230 @T t=32655 s=0.000 lv=-41.3 pk=-40.4 c0=3.8 c1=5.2 kw=5.03 inf=1.54 iv=0.00 n=0 d=0 sk=3 hf=98004 hm=96956 ht=283156 pf=0 pm=0 pt=0 ru=233544 rp=234592
18:59:11.230 @T t=32761 s=0.000 lv=-39.2 pk=-37.4 c0=3.9 c1=5.2 kw=5.02 inf=1.54 iv=0.00 n=0 d=0 sk=3 hf=98004 hm=96956 ht=283156 pf=0 pm=0 pt=0 ru=233544 rp=234592
18:59:11.230 @T t=32847 s=0.000 lv=-40.7 pk=-39.9 c0=4.7 c1=6.4 kw=6.19 inf=1.54 iv=0.00 n=0 d=0 sk=3 hf=98004 hm=96956 ht=283156 pf=0 pm=0 pt=0 ru=233544 rp=234592
18:59:11.230 @T t=32953 s=0.000 lv=-40.5 pk=-39.2 c0=3.3 c1=5.1 kw=4.94 inf=1.51 iv=0.00 n=0 d=0 sk=3 hf=98004 hm=96956 ht=283156 pf=0 pm=0 pt=0 ru=233544 rp=234592
18:59:11.230 @T t=33059 s=0.000 lv=-41.2 pk=-39.2 c0=7.0 c1=5.2 kw=4.98 inf=1.53 iv=0.00 n=0 d=0 sk=3 hf=98004 hm=96956 ht=283156 pf=0 pm=0 pt=0 ru=233544 rp=234592
18:59:11.230 @T t=33147 s=0.000 lv=-40.8 pk=-39.2 c0=6.5 c1=6.4 kw=6.17 inf=1.57 iv=0.00 n=0 d=0 sk=3 hf=98004 hm=96956 ht=283156 pf=0 pm=0 pt=0 ru=233544 rp=234592
18:59:11.230 @I ww=marvin cut=0.50 win=5 cool=1000 tick=100 wifi=0 srv=0 li=0 ln=0
18:59:11.230 @T t=33259 s=0.000 lv=-38.6 pk=-36.5 c0=12.0 c1=4.9 kw=4.78 inf=1.55 iv=0.00 n=0 d=0 sk=3 hf=98004 hm=96956 ht=283156 pf=0 pm=0 pt=0 ru=233544 rp=234592
18:59:11.230 @T t=33345 s=0.000 lv=-39.8 pk=-39.1 c0=4.4 c1=5.2 kw=5.15 inf=1.24 iv=0.00 n=0 d=0 sk=3 hf=98004 hm=96956 ht=283156 pf=0 pm=0 pt=0 ru=233544 rp=234592
18:59:11.230 @T t=33451 s=0.000 lv=-40.2 pk=-38.9 c0=3.0 c1=6.2 kw=5.98 inf=1.88 iv=0.00 n=0 d=0 sk=3 hf=98004 hm=96956 ht=283156 pf=0 pm=0 pt=0 ru=233544 rp=234592
18:59:11.230 @T t=33557 s=0.000 lv=-40.0 pk=-38.1 c0=2.9 c1=5.1 kw=4.92 inf=1.51 iv=0.00 n=0 d=0 sk=3 hf=98004 hm=96956 ht=283156 pf=0 pm=0 pt=0 ru=233544 rp=234592
18:59:11.230 @T t=33643 s=0.000 lv=-39.9 pk=-39.1 c0=3.6 c1=5.0 kw=4.85 inf=1.81 iv=0.00 n=0 d=0 sk=2 hf=98004 hm=96956 ht=283156 pf=0 pm=0 pt=0 ru=233544 rp=234592
18:59:11.230 @T t=33749 s=0.000 lv=-39.0 pk=-36.9 c0=3.3 c1=6.1 kw=5.91 inf=1.36 iv=0.00 n=0 d=0 sk=4 hf=98004 hm=96956 ht=283156 pf=0 pm=0 pt=0 ru=233544 rp=234592
18:59:11.230 @T t=33855 s=0.000 lv=-40.3 pk=-39.1 c0=3.0 c1=5.0 kw=4.92 inf=1.51 iv=0.00 n=0 d=0 sk=3 hf=98004 hm=96956 ht=283156 pf=0 pm=0 pt=0 ru=233544 rp=234592
18:59:11.230 @T t=33961 s=0.000 lv=-40.0 pk=-38.9 c0=3.1 c1=5.1 kw=4.92 inf=1.51 iv=0.00 n=0 d=0 sk=3 hf=98004 hm=96956 ht=283156 pf=0 pm=0 pt=0 ru=233544 rp=234592
18:59:11.230 @T t=34047 s=0.000 lv=-40.9 pk=-39.6 c0=8.2 c1=6.3 kw=6.12 inf=1.52 iv=0.00 n=0 d=0 sk=3 hf=98004 hm=96956 ht=283156 pf=0 pm=0 pt=0 ru=233544 rp=234592
18:59:11.230 @T t=34153 s=0.000 lv=-40.4 pk=-39.1 c0=3.7 c1=5.9 kw=5.03 inf=1.54 iv=0.00 n=0 d=0 sk=3 hf=98004 hm=96956 ht=283156 pf=0 pm=0 pt=0 ru=233544 rp=234592
18:59:11.230 @I ww=marvin cut=0.50 win=5 cool=1000 tick=100 wifi=0 srv=0 li=0 ln=0
18:59:11.230 @T t=34245 s=0.000 lv=-40.6 pk=-39.8 c0=4.7 c1=4.8 kw=4.78 inf=1.23 iv=0.00 n=0 d=0 sk=3 hf=98004 hm=96956 ht=283156 pf=0 pm=0 pt=0 ru=233544 rp=234592
18:59:13.333 @T t=34351 s=0.000 lv=-41.3 pk=-40.4 c0=2.9 c1=6.1 kw=5.73 inf=1.80 iv=0.00 n=0 d=0 sk=3 hf=98004 hm=96956 ht=283156 pf=0 pm=0 pt=0 ru=233544 rp=234592
18:59:13.333 I (34787) wifi:state: init -> auth (0xb0)
18:59:13.333 I (34813) wifi:state: auth -> assoc (0x0)
18:59:13.333 I (34818) wifi:state: assoc -> run (0x10)
18:59:13.333 @T t=34457 s=0.000 lv=-40.9 pk=-40.2 c0=9.9 c1=5.7 kw=5.32 inf=1.63 iv=0.00 n=0 d=0 sk=3 hf=97812 hm=95600 ht=283156 pf=0 pm=0 pt=0 ru=233736 rp=235948
18:59:13.334 I (34844) wifi:connected with ARYA 9252, aid = 5, channel 1, BW20, bssid = 9a:5f:41:45:73:c9
18:59:13.334 I (34856) wifi:security: WPA2-PSK, phy: bgn, rssi: -17, cipher(pairwise:0x3, group:0x3), pmf:0
18:59:13.334 I (34862) wifi:pm start, type: 0
18:59:13.334 
18:59:13.334 I (34867) wifi:dp: 1, bi: 102400, li: 3, scale listen interval from 307200 us to 307200 us
18:59:13.334 I (34873) wifi:set rx beacon pti, rx_bcn_pti: 0, bcn_timeout: 25000, mt_pti: 0, mt_time: 10000
18:59:13.334 I (34937) wifi:AP's beacon interval = 102400 us, DTIM period = 3
18:59:13.334 @T t=34562 s=0.000 lv=-40.0 pk=-39.2 c0=46.3 c1=6.4 kw=5.31 inf=1.61 iv=0.00 n=0 d=0 sk=3 hf=97060 hm=94372 ht=283156 pf=0 pm=0 pt=0 ru=234488 rp=237176
18:59:13.334 @T t=34648 s=0.000 lv=-41.0 pk=-40.0 c0=8.0 c1=6.3 kw=6.21 inf=1.54 iv=0.00 n=0 d=0 sk=3 hf=97060 hm=94372 ht=283156 pf=0 pm=0 pt=0 ru=234488 rp=237176
18:59:13.334 @T t=34754 s=0.000 lv=-40.6 pk=-39.2 c0=3.0 c1=5.0 kw=4.90 inf=1.50 iv=0.00 n=0 d=0 sk=3 hf=97060 hm=94372 ht=283156 pf=0 pm=0 pt=0 ru=234488 rp=237176
18:59:13.334 @T t=34860 s=0.000 lv=-41.2 pk=-40.1 c0=3.0 c1=5.0 kw=4.91 inf=1.50 iv=0.00 n=0 d=0 sk=3 hf=97060 hm=94372 ht=283156 pf=0 pm=0 pt=0 ru=234488 rp=237176
18:59:13.334 @T t=34946 s=0.000 lv=-40.2 pk=-39.4 c0=4.3 c1=6.3 kw=6.08 inf=1.51 iv=0.00 n=0 d=0 sk=3 hf=97060 hm=94372 ht=283156 pf=0 pm=0 pt=0 ru=234488 rp=237176
18:59:13.334 @T t=35052 s=0.000 lv=-40.8 pk=-40.1 c0=4.0 c1=5.2 kw=4.98 inf=1.53 iv=0.00 n=0 d=0 sk=3 hf=97080 hm=94372 ht=283156 pf=0 pm=0 pt=0 ru=234468 rp=237176
18:59:13.334 @T t=35158 s=0.000 lv=-37.8 pk=-35.0 c0=4.6 c1=16.9 kw=16.73 inf=1.42 iv=1.01 n=12 d=0 sk=0 hf=97080 hm=94372 ht=283156 pf=0 pm=0 pt=0 ru=234468 rp=237176
18:59:13.334 @I ww=marvin cut=0.50 win=5 cool=1000 tick=100 wifi=0 srv=0 li=0 ln=0
18:59:13.334 @T t=35250 s=0.000 lv=-40.2 pk=-39.8 c0=5.0 c1=10.1 kw=9.92 inf=2.80 iv=1.20 n=3 d=0 sk=0 hf=97080 hm=94372 ht=283156 pf=0 pm=0 pt=0 ru=234468 rp=237176
18:59:13.334 @T t=35356 s=0.000 lv=-42.0 pk=-40.7 c0=3.5 c1=9.7 kw=9.57 inf=2.36 iv=1.16 n=4 d=0 sk=0 hf=97080 hm=94372 ht=283156 pf=0 pm=0 pt=0 ru=234468 rp=237176
18:59:13.334 @T t=35462 s=0.000 lv=-39.6 pk=-38.0 c0=3.4 c1=8.7 kw=8.52 inf=2.77 iv=1.17 n=3 d=0 sk=0 hf=97080 hm=94372 ht=283156 pf=0 pm=0 pt=0 ru=234468 rp=237176
18:59:13.334 I (35916) esp_netif_handlers: sta ip: 192.168.137.145, mask: 255.255.255.0, gw: 192.168.137.1
18:59:13.334 I (35918) wifi: connected, IP address 192.168.137.145
18:59:13.334 @T t=35548 s=0.000 lv=-40.2 pk=-39.9 c0=12.4 c1=11.1 kw=10.83 inf=2.85 iv=1.22 n=3 d=0 sk=0 hf=97100 hm=94372 ht=283156 pf=0 pm=0 pt=0 ru=234448 rp=237176
18:59:13.334 @T t=35654 s=0.000 lv=-39.8 pk=-39.1 c0=6.6 c1=9.8 kw=9.63 inf=2.37 iv=1.17 n=4 d=0 sk=0 hf=97100 hm=94372 ht=283156 pf=0 pm=0 pt=0 ru=234448 rp=237176
18:59:13.334 @T t=35760 s=0.000 lv=-40.8 pk=-39.6 c0=3.7 c1=8.8 kw=8.61 inf=2.80 iv=1.19 n=3 d=0 sk=0 hf=97100 hm=94372 ht=283156 pf=0 pm=0 pt=0 ru=234448 rp=237176
18:59:13.334 @T t=35846 s=0.000 lv=-39.8 pk=-38.9 c0=4.3 c1=10.8 kw=10.66 inf=2.81 iv=1.21 n=3 d=0 sk=0 hf=97100 hm=94372 ht=283156 pf=0 pm=0 pt=0 ru=234448 rp=237176
18:59:13.334 @T t=35952 s=0.000 lv=-40.0 pk=-38.3 c0=4.0 c1=9.9 kw=9.62 inf=2.37 iv=1.16 n=4 d=0 sk=0 hf=97100 hm=94372 ht=283156 pf=0 pm=0 pt=0 ru=234448 rp=237176
18:59:13.334 @T t=36058 s=0.000 lv=-39.3 pk=-37.4 c0=3.4 c1=8.5 kw=8.33 inf=2.71 iv=1.12 n=3 d=0 sk=0 hf=97100 hm=94372 ht=283156 pf=0 pm=0 pt=0 ru=234448 rp=237176
18:59:13.334 @T t=36144 s=0.000 lv=-39.6 pk=-38.9 c0=7.6 c1=10.0 kw=9.75 inf=2.59 iv=1.27 n=3 d=0 sk=0 hf=96368 hm=94372 ht=283156 pf=0 pm=0 pt=0 ru=235180 rp=237176
18:59:13.334 @I ww=marvin cut=0.50 win=5 cool=1000 tick=100 wifi=1 srv=0 li=0 ln=0
18:59:13.334 @T t=36259 s=0.000 lv=-39.1 pk=-37.2 c0=3.8 c1=9.8 kw=9.65 inf=2.55 iv=1.09 n=4 d=0 sk=0 hf=96368 hm=94372 ht=283156 pf=0 pm=0 pt=0 ru=235180 rp=237176
18:59:13.334 @T t=36345 s=0.000 lv=-39.6 pk=-38.9 c0=4.3 c1=8.2 kw=8.10 inf=3.13 iv=1.20 n=2 d=0 sk=0 hf=96368 hm=94372 ht=283156 pf=0 pm=0 pt=0 ru=235180 rp=237176
18:59:15.733 @T t=36454 s=0.000 lv=-39.4 pk=-37.9 c0=8.8 c1=10.8 kw=10.57 inf=2.70 iv=1.26 n=4 d=0 sk=0 hf=96368 hm=94372 ht=283156 pf=0 pm=0 pt=0 ru=235180 rp=237176
18:59:15.734 @T t=36560 s=0.000 lv=-40.1 pk=-39.2 c0=3.4 c1=9.8 kw=9.58 inf=2.36 iv=1.15 n=4 d=0 sk=0 hf=96368 hm=94372 ht=283156 pf=0 pm=0 pt=0 ru=235180 rp=237176
18:59:15.734 @T t=36646 s=0.000 lv=-39.3 pk=-37.5 c0=4.3 c1=9.5 kw=8.27 inf=2.13 iv=0.84 n=3 d=0 sk=0 hf=96368 hm=94372 ht=283156 pf=0 pm=0 pt=0 ru=235180 rp=237176
18:59:15.734 @T t=36752 s=0.000 lv=-40.7 pk=-39.4 c0=3.4 c1=7.7 kw=8.40 inf=2.73 iv=2.34 n=1 d=0 sk=2 hf=96368 hm=94372 ht=283156 pf=0 pm=0 pt=0 ru=235180 rp=237176
18:59:15.734 @T t=36858 s=0.000 lv=-39.3 pk=-38.1 c0=3.7 c1=5.2 kw=5.02 inf=1.54 iv=0.00 n=0 d=0 sk=3 hf=96368 hm=94372 ht=283156 pf=0 pm=0 pt=0 ru=235180 rp=237176
18:59:15.734 I (37277) stream: connected to the server ws://192.168.137.1:3000/ws
18:59:15.734 @T t=36944 s=0.000 lv=-40.2 pk=-38.4 c0=10.5 c1=8.3 kw=5.16 inf=1.92 iv=0.00 n=0 d=0 sk=2 hf=96372 hm=93028 ht=283156 pf=0 pm=0 pt=0 ru=235176 rp=238520
18:59:15.734 @T t=37050 s=0.000 lv=-41.0 pk=-40.0 c0=6.5 c1=6.0 kw=5.93 inf=1.36 iv=0.00 n=0 d=0 sk=4 hf=96372 hm=93028 ht=283156 pf=0 pm=0 pt=0 ru=235176 rp=238520
18:59:15.734 @T t=37156 s=0.000 lv=-37.8 pk=-35.1 c0=4.1 c1=5.2 kw=5.01 inf=1.54 iv=0.00 n=0 d=0 sk=3 hf=96372 hm=93028 ht=283156 pf=0 pm=0 pt=0 ru=235176 rp=238520
18:59:15.734 @I ww=marvin cut=0.50 win=5 cool=1000 tick=100 wifi=1 srv=1 li=0 ln=0
18:59:15.734 @T t=37248 s=0.000 lv=-39.3 pk=-36.9 c0=4.7 c1=5.9 kw=5.71 inf=1.52 iv=0.00 n=0 d=0 sk=3 hf=96372 hm=93028 ht=283156 pf=0 pm=0 pt=0 ru=235176 rp=238520
18:59:15.734 @T t=37354 s=0.000 lv=-40.1 pk=-38.9 c0=3.1 c1=5.0 kw=4.91 inf=1.50 iv=0.00 n=0 d=0 sk=3 hf=96372 hm=93028 ht=283156 pf=0 pm=0 pt=0 ru=235176 rp=238520
18:59:15.734 @T t=37460 s=0.000 lv=-41.4 pk=-39.3 c0=3.0 c1=5.1 kw=4.93 inf=1.51 iv=0.00 n=0 d=0 sk=3 hf=96372 hm=93028 ht=283156 pf=0 pm=0 pt=0 ru=235176 rp=238520
18:59:15.734 I (37883) wifi:[ADDBA]RX DELBA, reason:37, delete tid:0, initiator:1(originator)
18:59:15.734 @T t=37546 s=0.000 lv=-41.1 pk=-39.2 c0=10.1 c1=6.4 kw=6.20 inf=1.54 iv=0.00 n=0 d=0 sk=3 hf=96372 hm=93028 ht=283156 pf=0 pm=0 pt=0 ru=235176 rp=238520
18:59:15.734 @T t=37652 s=0.000 lv=-40.6 pk=-39.0 c0=3.3 c1=5.0 kw=4.92 inf=1.50 iv=0.00 n=0 d=0 sk=3 hf=96372 hm=93028 ht=283156 pf=0 pm=0 pt=0 ru=235176 rp=238520
18:59:15.734 @T t=37758 s=0.000 lv=-40.7 pk=-38.6 c0=3.4 c1=5.1 kw=4.97 inf=1.52 iv=0.00 n=0 d=0 sk=3 hf=96372 hm=93028 ht=283156 pf=0 pm=0 pt=0 ru=235176 rp=238520
18:59:15.734 @T t=37844 s=0.000 lv=-40.6 pk=-38.8 c0=4.1 c1=5.1 kw=4.92 inf=1.83 iv=0.00 n=0 d=0 sk=2 hf=96372 hm=93028 ht=283156 pf=0 pm=0 pt=0 ru=235176 rp=238520
18:59:15.734 @T t=37950 s=0.000 lv=-41.1 pk=-39.6 c0=10.8 c1=7.0 kw=6.20 inf=1.42 iv=0.00 n=0 d=0 sk=4 hf=96372 hm=93024 ht=283156 pf=0 pm=0 pt=0 ru=235176 rp=238524
18:59:15.734 @T t=38056 s=0.000 lv=-39.9 pk=-38.5 c0=3.3 c1=5.1 kw=4.98 inf=1.53 iv=0.00 n=0 d=0 sk=3 hf=96372 hm=93024 ht=283156 pf=0 pm=0 pt=0 ru=235176 rp=238524
18:59:15.734 @T t=38162 s=0.000 lv=-40.8 pk=-39.8 c0=3.7 c1=5.2 kw=4.99 inf=1.53 iv=0.00 n=0 d=0 sk=3 hf=96372 hm=93024 ht=283156 pf=0 pm=0 pt=0 ru=235176 rp=238524
18:59:15.734 @I ww=marvin cut=0.50 win=5 cool=1000 tick=100 wifi=1 srv=1 li=0 ln=0
18:59:15.734 @T t=38254 s=0.000 lv=-41.1 pk=-39.7 c0=4.7 c1=5.9 kw=5.74 inf=1.53 iv=0.00 n=0 d=0 sk=3 hf=96372 hm=93024 ht=283156 pf=0 pm=0 pt=0 ru=235176 rp=238524
18:59:15.734 @T t=38360 s=0.000 lv=-40.7 pk=-39.0 c0=3.1 c1=5.1 kw=4.95 inf=1.51 iv=0.00 n=0 d=0 sk=3 hf=96372 hm=93024 ht=283156 pf=0 pm=0 pt=0 ru=235176 rp=238524
18:59:15.734 @T t=38446 s=0.000 lv=-39.3 pk=-38.6 c0=7.8 c1=6.3 kw=6.09 inf=1.51 iv=0.00 n=0 d=0 sk=3 hf=96372 hm=93024 ht=283156 pf=0 pm=0 pt=0 ru=235176 rp=238524
18:59:15.734 @T t=38552 s=0.000 lv=-40.5 pk=-39.4 c0=6.3 c1=5.1 kw=4.91 inf=1.50 iv=0.00 n=0 d=0 sk=3 hf=96372 hm=93024 ht=283156 pf=0 pm=0 pt=0 ru=235176 rp=238524
18:59:15.734 @T t=38658 s=0.000 lv=-41.1 pk=-40.0 c0=3.0 c1=5.1 kw=4.92 inf=1.51 iv=0.00 n=0 d=0 sk=3 hf=96372 hm=93024 ht=283156 pf=0 pm=0 pt=0 ru=235176 rp=238524
18:59:15.734 @T t=38744 s=0.000 lv=-40.1 pk=-39.2 c0=3.7 c1=5.0 kw=4.86 inf=1.81 iv=0.00 n=0 d=0 sk=2 hf=96372 hm=93024 ht=283156 pf=0 pm=0 pt=0 ru=235176 rp=238524
18:59:18.052 @T t=38849 s=0.000 lv=-41.4 pk=-39.7 c0=3.2 c1=6.3 kw=6.15 inf=1.41 iv=0.00 n=0 d=0 sk=4 hf=96372 hm=93024 ht=283156 pf=0 pm=0 pt=0 ru=235176 rp=238524
18:59:18.053 @T t=38955 s=0.000 lv=-40.8 pk=-40.2 c0=4.9 c1=5.5 kw=5.06 inf=1.55 iv=0.00 n=0 d=0 sk=3 hf=96372 hm=93024 ht=283156 pf=0 pm=0 pt=0 ru=235176 rp=238524
18:59:18.053 @T t=39061 s=0.000 lv=-39.6 pk=-38.6 c0=3.3 c1=5.1 kw=5.04 inf=1.55 iv=0.00 n=0 d=0 sk=3 hf=96372 hm=93024 ht=283156 pf=0 pm=0 pt=0 ru=235176 rp=238524
18:59:18.053 @T t=39147 s=0.000 lv=-40.8 pk=-39.1 c0=3.8 c1=6.2 kw=6.07 inf=1.51 iv=0.00 n=0 d=0 sk=3 hf=96372 hm=93024 ht=283156 pf=0 pm=0 pt=0 ru=235176 rp=238524
18:59:18.053 @I ww=marvin cut=0.50 win=5 cool=1000 tick=100 wifi=1 srv=1 li=0 ln=0
18:59:18.053 @T t=39259 s=0.000 lv=-40.8 pk=-39.9 c0=3.6 c1=4.8 kw=4.70 inf=1.52 iv=0.00 n=0 d=0 sk=3 hf=96372 hm=93024 ht=283156 pf=0 pm=0 pt=0 ru=235176 rp=238524
18:59:18.053 @T t=39345 s=0.000 lv=-41.8 pk=-41.3 c0=3.8 c1=5.1 kw=5.09 inf=1.23 iv=0.00 n=0 d=0 sk=3 hf=96372 hm=93024 ht=283156 pf=0 pm=0 pt=0 ru=235176 rp=238524
18:59:18.053 @T t=39451 s=0.000 lv=-40.4 pk=-39.3 c0=3.0 c1=6.2 kw=5.78 inf=1.81 iv=0.00 n=0 d=0 sk=3 hf=96372 hm=93024 ht=283156 pf=0 pm=0 pt=0 ru=235176 rp=238524
18:59:18.053 @T t=39557 s=0.000 lv=-40.7 pk=-40.5 c0=6.3 c1=5.1 kw=4.93 inf=1.51 iv=0.00 n=0 d=0 sk=3 hf=96372 hm=93024 ht=283156 pf=0 pm=0 pt=0 ru=235176 rp=238524
18:59:18.053 @T t=39643 s=0.000 lv=-41.7 pk=-40.8 c0=3.7 c1=5.0 kw=4.84 inf=1.80 iv=0.00 n=0 d=0 sk=2 hf=96372 hm=93024 ht=283156 pf=0 pm=0 pt=0 ru=235176 rp=238524
18:59:18.053 @T t=39749 s=0.000 lv=-40.2 pk=-39.3 c0=3.0 c1=6.1 kw=5.91 inf=1.36 iv=0.00 n=0 d=0 sk=4 hf=96372 hm=93024 ht=283156 pf=0 pm=0 pt=0 ru=235176 rp=238524
18:59:18.053 @T t=39855 s=0.000 lv=-40.5 pk=-39.3 c0=6.3 c1=5.1 kw=4.92 inf=1.51 iv=0.00 n=0 d=0 sk=3 hf=96372 hm=93024 ht=283156 pf=0 pm=0 pt=0 ru=235176 rp=238524
18:59:18.053 @T t=39961 s=0.000 lv=-40.7 pk=-39.6 c0=4.9 c1=5.5 kw=5.01 inf=1.53 iv=0.00 n=0 d=0 sk=3 hf=94604 hm=93024 ht=283156 pf=0 pm=0 pt=0 ru=236944 rp=238524
18:59:18.053 @T t=40048 s=0.000 lv=-40.3 pk=-39.4 c0=11.7 c1=7.2 kw=6.28 inf=1.58 iv=0.00 n=0 d=0 sk=3 hf=96372 hm=92724 ht=283156 pf=0 pm=0 pt=0 ru=235176 rp=238824
18:59:18.053 I (40457) wifi:[ADDBA]RX DELBA, reason:37, delete tid:0, initiator:1(originator)
18:59:18.053 @T t=40154 s=0.000 lv=-40.3 pk=-39.6 c0=6.0 c1=5.2 kw=5.06 inf=1.55 iv=0.00 n=0 d=0 sk=3 hf=96372 hm=92724 ht=283156 pf=0 pm=0 pt=0 ru=235176 rp=238824
18:59:18.053 @I ww=marvin cut=0.50 win=5 cool=1000 tick=100 wifi=1 srv=1 li=0 ln=0
18:59:18.053 @T t=40246 s=0.000 lv=-41.8 pk=-40.8 c0=4.7 c1=5.8 kw=5.67 inf=1.51 iv=0.00 n=0 d=0 sk=3 hf=96372 hm=92724 ht=283156 pf=0 pm=0 pt=0 ru=235176 rp=238824
18:59:18.053 @T t=40352 s=0.000 lv=-40.4 pk=-39.1 c0=3.1 c1=5.1 kw=4.95 inf=1.52 iv=0.00 n=0 d=0 sk=3 hf=96372 hm=92724 ht=283156 pf=0 pm=0 pt=0 ru=235176 rp=238824
18:59:18.053 @T t=40458 s=0.000 lv=-40.1 pk=-37.8 c0=3.0 c1=5.1 kw=4.95 inf=1.52 iv=0.00 n=0 d=0 sk=3 hf=96372 hm=92724 ht=283156 pf=0 pm=0 pt=0 ru=235176 rp=238824
18:59:18.053 @T t=40544 s=0.000 lv=-39.7 pk=-37.8 c0=3.7 c1=5.0 kw=4.89 inf=1.82 iv=0.00 n=0 d=0 sk=2 hf=96372 hm=92724 ht=283156 pf=0 pm=0 pt=0 ru=235176 rp=238824
18:59:18.053 @T t=40650 s=0.000 lv=-39.8 pk=-38.5 c0=6.3 c1=6.1 kw=5.93 inf=1.36 iv=0.00 n=0 d=0 sk=4 hf=96372 hm=92724 ht=283156 pf=0 pm=0 pt=0 ru=235176 rp=238824
18:59:18.053 @T t=40756 s=0.000 lv=-39.6 pk=-38.4 c0=3.0 c1=5.1 kw=4.93 inf=1.51 iv=0.00 n=0 d=0 sk=3 hf=96372 hm=92724 ht=283156 pf=0 pm=0 pt=0 ru=235176 rp=238824
18:59:18.053 @T t=40862 s=0.000 lv=-39.8 pk=-38.9 c0=3.1 c1=5.1 kw=4.94 inf=1.51 iv=0.00 n=0 d=0 sk=3 hf=96372 hm=92724 ht=283156 pf=0 pm=0 pt=0 ru=235176 rp=238824
18:59:18.053 @T t=40948 s=0.000 lv=-40.6 pk=-39.8 c0=3.9 c1=6.3 kw=6.13 inf=1.52 iv=0.00 n=0 d=0 sk=3 hf=96372 hm=92724 ht=283156 pf=0 pm=0 pt=0 ru=235176 rp=238824
18:59:18.053 @T t=41054 s=0.000 lv=-40.8 pk=-39.8 c0=4.1 c1=5.5 kw=5.04 inf=1.54 iv=0.00 n=0 d=0 sk=3 hf=96372 hm=92724 ht=283156 pf=0 pm=0 pt=0 ru=235176 rp=238824
18:59:18.053 [status] up 41s | mic -40.3 dBFS (peak -35.0) | score max 0.00 | detections 0 | inferences 63 (6.3/s; model 1.15 ms each, paused in quiet 80%; features 1.47 ms per 30 ms) | CPU core0  5.5% core1  6.3% (wake word pipeline 6.06% of one core) | RAM used 229 KB (peak 233 KB, 94 KB free) | wifi OK, server OK | audio lost since boot: i2s 0 net 0
18:59:20.540 @T t=41162 s=0.000 lv=-40.5 pk=-39.5 c0=24.5 c1=5.2 kw=5.00 inf=1.56 iv=0.00 n=0 d=0 sk=3 hf=96372 hm=92724 ht=283156 pf=0 pm=0 pt=0 ru=235176 rp=238824
18:59:20.540 @I ww=marvin cut=0.50 win=5 cool=1000 tick=100 wifi=1 srv=1 li=0 ln=0
18:59:20.540 @T t=41254 s=0.000 lv=-39.8 pk=-39.0 c0=4.7 c1=5.9 kw=5.79 inf=1.54 iv=0.00 n=0 d=0 sk=3 hf=96372 hm=92724 ht=283156 pf=0 pm=0 pt=0 ru=235176 rp=238824
18:59:20.540 @T t=41360 s=0.000 lv=-39.9 pk=-38.0 c0=3.2 c1=5.1 kw=4.93 inf=1.51 iv=0.00 n=0 d=0 sk=3 hf=96372 hm=92724 ht=283156 pf=0 pm=0 pt=0 ru=235176 rp=238824
18:59:20.540 @T t=41446 s=0.000 lv=-39.5 pk=-37.7 c0=7.8 c1=6.2 kw=6.06 inf=1.51 iv=0.00 n=0 d=0 sk=3 hf=96372 hm=92724 ht=283156 pf=0 pm=0 pt=0 ru=235176 rp=238824
18:59:20.541 @T t=41552 s=0.000 lv=-40.8 pk=-40.4 c0=6.3 c1=5.1 kw=4.92 inf=1.51 iv=0.00 n=0 d=0 sk=3 hf=96372 hm=92724 ht=283156 pf=0 pm=0 pt=0 ru=235176 rp=238824
18:59:20.541 @T t=41658 s=0.000 lv=-39.8 pk=-38.9 c0=3.0 c1=5.1 kw=4.93 inf=1.51 iv=0.00 n=0 d=0 sk=3 hf=96372 hm=92724 ht=283156 pf=0 pm=0 pt=0 ru=235176 rp=238824
18:59:20.541 @T t=41744 s=0.000 lv=-40.4 pk=-39.2 c0=3.7 c1=5.0 kw=4.91 inf=1.83 iv=0.00 n=0 d=0 sk=2 hf=96372 hm=92724 ht=283156 pf=0 pm=0 pt=0 ru=235176 rp=238824
18:59:20.541 @T t=41850 s=0.000 lv=-40.0 pk=-38.4 c0=6.3 c1=6.1 kw=5.93 inf=1.36 iv=0.00 n=0 d=0 sk=4 hf=96372 hm=92724 ht=283156 pf=0 pm=0 pt=0 ru=235176 rp=238824
18:59:20.541 @T t=41956 s=0.000 lv=-39.8 pk=-39.2 c0=3.1 c1=5.1 kw=4.98 inf=1.53 iv=0.00 n=0 d=0 sk=3 hf=96372 hm=92724 ht=283156 pf=0 pm=0 pt=0 ru=235176 rp=238824
18:59:20.541 @T t=42062 s=0.000 lv=-38.2 pk=-36.7 c0=7.1 c1=5.8 kw=5.12 inf=1.57 iv=0.00 n=0 d=0 sk=3 hf=96372 hm=92724 ht=283156 pf=0 pm=0 pt=0 ru=235176 rp=238824
18:59:20.541 @T t=42149 s=0.000 lv=-36.4 pk=-35.9 c0=5.9 c1=6.3 kw=6.13 inf=1.54 iv=0.00 n=0 d=0 sk=3 hf=96372 hm=92724 ht=283156 pf=0 pm=0 pt=0 ru=235176 rp=238824
18:59:20.541 @I ww=marvin cut=0.50 win=5 cool=1000 tick=100 wifi=1 srv=1 li=0 ln=0
18:59:20.541 @T t=42261 s=0.000 lv=-39.3 pk=-36.8 c0=4.2 c1=4.9 kw=4.76 inf=1.54 iv=0.00 n=0 d=0 sk=3 hf=96372 hm=92724 ht=283156 pf=0 pm=0 pt=0 ru=235176 rp=238824
18:59:20.541 @T t=42347 s=0.000 lv=-39.7 pk=-38.3 c0=4.0 c1=6.3 kw=6.12 inf=1.52 iv=0.00 n=0 d=0 sk=3 hf=96372 hm=92724 ht=283156 pf=0 pm=0 pt=0 ru=235176 rp=238824
18:59:20.541 @T t=42453 s=0.000 lv=-40.7 pk=-40.3 c0=3.1 c1=5.0 kw=4.92 inf=1.50 iv=0.00 n=0 d=0 sk=3 hf=96372 hm=92724 ht=283156 pf=0 pm=0 pt=0 ru=235176 rp=238824
18:59:20.541 @T t=42559 s=0.000 lv=-41.0 pk=-40.7 c0=3.0 c1=5.1 kw=4.93 inf=1.51 iv=0.00 n=0 d=0 sk=3 hf=96372 hm=92724 ht=283156 pf=0 pm=0 pt=0 ru=235176 rp=238824
18:59:20.541 @T t=42645 s=0.000 lv=-39.8 pk=-39.0 c0=3.7 c1=5.1 kw=5.07 inf=1.22 iv=0.00 n=0 d=0 sk=3 hf=96372 hm=92724 ht=283156 pf=0 pm=0 pt=0 ru=235176 rp=238824
18:59:20.541 @T t=42751 s=0.000 lv=-40.6 pk=-39.6 c0=3.0 c1=6.2 kw=5.78 inf=1.81 iv=0.00 n=0 d=0 sk=3 hf=96372 hm=92724 ht=283156 pf=0 pm=0 pt=0 ru=235176 rp=238824
18:59:20.541 @T t=42857 s=0.000 lv=-40.9 pk=-39.6 c0=3.1 c1=5.1 kw=4.93 inf=1.51 iv=0.00 n=0 d=0 sk=3 hf=96372 hm=92724 ht=283156 pf=0 pm=0 pt=0 ru=235176 rp=238824
18:59:20.541 @T t=42943 s=0.000 lv=-40.5 pk=-39.7 c0=3.8 c1=5.0 kw=4.87 inf=1.82 iv=0.00 n=0 d=0 sk=2 hf=96372 hm=92724 ht=283156 pf=0 pm=0 pt=0 ru=235176 rp=238824
18:59:20.541 I (43427) wifi:[ADDBA]RX DELBA, reason:37, delete tid:0, initiator:1(originator)
18:59:20.541 I (43428) wifi:[ADDBA]RX DELBA, reason:37, delete tid:0, initiator:1(originator)
18:59:20.541 @T t=43050 s=0.000 lv=-41.0 pk=-39.3 c0=9.1 c1=6.6 kw=6.03 inf=1.39 iv=0.00 n=0 d=0 sk=4 hf=96372 hm=92724 ht=283156 pf=0 pm=0 pt=0 ru=235396 rp=238824
18:59:20.541 @T t=43146 s=0.000 lv=-40.5 pk=-38.6 c0=4.7 c1=5.6 kw=5.51 inf=1.55 iv=0.00 n=0 d=0 sk=3 hf=96372 hm=92724 ht=283156 pf=0 pm=0 pt=0 ru=235176 rp=238824
18:59:20.541 @I ww=marvin cut=0.50 win=5 cool=1000 tick=100 wifi=1 srv=1 li=0 ln=0
18:59:20.541 @T t=43258 s=0.000 lv=-40.0 pk=-38.7 c0=3.6 c1=4.8 kw=4.66 inf=1.51 iv=0.00 n=0 d=0 sk=3 hf=96372 hm=92724 ht=283156 pf=0 pm=0 pt=0 ru=235176 rp=238824
18:59:20.541 @T t=43344 s=0.000 lv=-39.3 pk=-38.2 c0=3.7 c1=5.0 kw=4.89 inf=1.82 iv=0.00 n=0 d=0 sk=2 hf=96372 hm=92724 ht=283156 pf=0 pm=0 pt=0 ru=235176 rp=238824
18:59:20.541 @T t=43449 s=0.000 lv=-39.0 pk=-36.0 c0=3.4 c1=6.2 kw=6.03 inf=1.37 iv=0.00 n=0 d=0 sk=4 hf=96372 hm=92724 ht=283156 pf=0 pm=0 pt=0 ru=235176 rp=238824
18:59:20.541 @T t=43555 s=0.000 lv=-38.1 pk=-37.4 c0=3.2 c1=5.1 kw=4.98 inf=1.53 iv=0.00 n=0 d=0 sk=3 hf=96372 hm=92724 ht=283156 pf=0 pm=0 pt=0 ru=235176 rp=238824
18:59:23.029 @T t=43661 s=0.000 lv=-39.9 pk=-39.2 c0=6.3 c1=5.1 kw=4.93 inf=1.51 iv=0.00 n=0 d=0 sk=3 hf=96372 hm=92724 ht=283156 pf=0 pm=0 pt=0 ru=235176 rp=238824
18:59:23.029 @T t=43747 s=0.000 lv=-40.2 pk=-38.9 c0=3.7 c1=6.3 kw=6.08 inf=1.51 iv=0.00 n=0 d=0 sk=3 hf=96372 hm=92724 ht=283156 pf=0 pm=0 pt=0 ru=235176 rp=238824
18:59:23.029 @T t=43853 s=0.000 lv=-40.3 pk=-38.9 c0=3.1 c1=5.1 kw=4.93 inf=1.51 iv=0.00 n=0 d=0 sk=3 hf=96372 hm=92724 ht=283156 pf=0 pm=0 pt=0 ru=235176 rp=238824
18:59:23.029 @T t=43959 s=0.000 lv=-40.4 pk=-39.3 c0=6.4 c1=5.1 kw=4.92 inf=1.51 iv=0.00 n=0 d=0 sk=3 hf=96372 hm=92724 ht=283156 pf=0 pm=0 pt=0 ru=235176 rp=238824
18:59:23.029 @T t=44045 s=0.000 lv=-38.8 pk=-37.7 c0=6.7 c1=5.8 kw=5.33 inf=1.28 iv=0.00 n=0 d=0 sk=3 hf=94604 hm=92724 ht=283156 pf=0 pm=0 pt=0 ru=236944 rp=238824
18:59:23.029 @T t=44152 s=0.000 lv=-38.9 pk=-36.0 c0=5.5 c1=6.8 kw=6.16 inf=1.96 iv=0.00 n=0 d=0 sk=3 hf=96372 hm=92724 ht=283156 pf=0 pm=0 pt=0 ru=235176 rp=238824
18:59:23.029 @I ww=marvin cut=0.50 win=5 cool=1000 tick=100 wifi=1 srv=1 li=0 ln=0
18:59:23.029 @T t=44244 s=0.000 lv=-39.0 pk=-38.1 c0=4.8 c1=4.7 kw=4.61 inf=1.84 iv=0.00 n=0 d=0 sk=2 hf=96372 hm=92724 ht=283156 pf=0 pm=0 pt=0 ru=235176 rp=238824
18:59:23.029 @T t=44350 s=0.000 lv=-38.9 pk=-37.0 c0=7.2 c1=6.2 kw=6.00 inf=1.38 iv=0.00 n=0 d=0 sk=4 hf=96176 hm=92724 ht=283156 pf=0 pm=0 pt=0 ru=235372 rp=238824
18:59:23.029 @T t=44456 s=0.000 lv=-39.3 pk=-38.0 c0=3.9 c1=5.6 kw=5.03 inf=1.54 iv=0.00 n=0 d=0 sk=3 hf=96372 hm=92724 ht=283156 pf=0 pm=0 pt=0 ru=235176 rp=238824
18:59:23.029 @T t=44562 s=0.000 lv=-40.3 pk=-39.4 c0=6.8 c1=5.1 kw=4.99 inf=1.53 iv=0.00 n=0 d=0 sk=3 hf=96372 hm=92724 ht=283156 pf=0 pm=0 pt=0 ru=235176 rp=238824
18:59:23.029 @T t=44648 s=0.000 lv=-39.9 pk=-39.1 c0=4.0 c1=6.3 kw=6.15 inf=1.53 iv=0.00 n=0 d=0 sk=3 hf=96372 hm=92724 ht=283156 pf=0 pm=0 pt=0 ru=235176 rp=238824
18:59:23.029 @T t=44754 s=0.000 lv=-40.2 pk=-39.5 c0=3.1 c1=5.1 kw=4.93 inf=1.51 iv=0.00 n=0 d=0 sk=3 hf=96372 hm=92724 ht=283156 pf=0 pm=0 pt=0 ru=235176 rp=238824
18:59:23.029 @T t=44860 s=0.000 lv=-39.8 pk=-38.1 c0=3.1 c1=5.1 kw=4.92 inf=1.51 iv=0.00 n=0 d=0 sk=3 hf=96372 hm=92724 ht=283156 pf=0 pm=0 pt=0 ru=235176 rp=238824
18:59:23.029 @T t=44946 s=0.000 lv=-39.6 pk=-38.2 c0=3.9 c1=6.3 kw=6.11 inf=1.52 iv=0.00 n=0 d=0 sk=3 hf=96372 hm=92724 ht=283156 pf=0 pm=0 pt=0 ru=235176 rp=238824
18:59:23.029 @T t=45052 s=0.000 lv=-40.4 pk=-39.6 c0=3.5 c1=5.5 kw=5.00 inf=1.53 iv=0.00 n=0 d=0 sk=3 hf=96372 hm=92724 ht=283156 pf=0 pm=0 pt=0 ru=235176 rp=238824
18:59:23.029 @T t=45158 s=0.000 lv=-41.6 pk=-40.3 c0=4.0 c1=5.1 kw=4.98 inf=1.53 iv=0.00 n=0 d=0 sk=3 hf=96372 hm=92724 ht=283156 pf=0 pm=0 pt=0 ru=235176 rp=238824
18:59:23.029 @I ww=marvin cut=0.50 win=5 cool=1000 tick=100 wifi=1 srv=1 li=0 ln=0
18:59:23.029 I (45577) wifi:[ADDBA]RX DELBA, reason:37, delete tid:0, initiator:1(originator)
18:59:23.029 @T t=45250 s=0.000 lv=-40.3 pk=-39.7 c0=6.8 c1=6.0 kw=5.84 inf=1.55 iv=0.00 n=0 d=0 sk=3 hf=96372 hm=92724 ht=283156 pf=0 pm=0 pt=0 ru=235176 rp=238824
18:59:23.029 @T t=45356 s=0.000 lv=-40.8 pk=-38.8 c0=3.3 c1=5.1 kw=4.95 inf=1.52 iv=0.00 n=0 d=0 sk=3 hf=96372 hm=92724 ht=283156 pf=0 pm=0 pt=0 ru=235176 rp=238824
18:59:23.029 @T t=45462 s=0.000 lv=-40.6 pk=-39.7 c0=3.0 c1=5.1 kw=4.93 inf=1.51 iv=0.00 n=0 d=0 sk=3 hf=96372 hm=92724 ht=283156 pf=0 pm=0 pt=0 ru=235176 rp=238824
18:59:23.029 @T t=45548 s=0.000 lv=-40.6 pk=-38.6 c0=7.8 c1=6.2 kw=6.08 inf=1.51 iv=0.00 n=0 d=0 sk=3 hf=96372 hm=92724 ht=283156 pf=0 pm=0 pt=0 ru=235176 rp=238824
18:59:23.029 @T t=45654 s=0.000 lv=-40.7 pk=-38.9 c0=3.4 c1=5.1 kw=4.97 inf=1.52 iv=0.00 n=0 d=0 sk=3 hf=96372 hm=92724 ht=283156 pf=0 pm=0 pt=0 ru=235176 rp=238824
18:59:23.029 @T t=45760 s=0.000 lv=-40.6 pk=-39.9 c0=3.2 c1=5.1 kw=4.96 inf=1.52 iv=0.00 n=0 d=0 sk=3 hf=96372 hm=92724 ht=283156 pf=0 pm=0 pt=0 ru=235176 rp=238824
18:59:23.029 @T t=45846 s=0.000 lv=-40.6 pk=-40.0 c0=7.9 c1=6.3 kw=6.09 inf=1.52 iv=0.00 n=0 d=0 sk=3 hf=96372 hm=92724 ht=283156 pf=0 pm=0 pt=0 ru=235176 rp=238824
18:59:23.029 @T t=45952 s=0.000 lv=-40.4 pk=-40.0 c0=3.1 c1=5.1 kw=4.94 inf=1.51 iv=0.00 n=0 d=0 sk=3 hf=96372 hm=92724 ht=283156 pf=0 pm=0 pt=0 ru=235176 rp=238824
18:59:23.029 @T t=46058 s=0.000 lv=-40.3 pk=-38.8 c0=3.5 c1=5.5 kw=5.01 inf=1.53 iv=0.00 n=0 d=0 sk=3 hf=96372 hm=92724 ht=283156 pf=0 pm=0 pt=0 ru=235176 rp=238824
18:59:25.538 @T t=46144 s=0.000 lv=-40.1 pk=-38.0 c0=8.7 c1=6.1 kw=5.20 inf=1.94 iv=0.00 n=0 d=0 sk=2 hf=96372 hm=92724 ht=283156 pf=0 pm=0 pt=0 ru=235176 rp=238824
18:59:25.538 @I ww=marvin cut=0.50 win=5 cool=1000 tick=100 wifi=1 srv=1 li=0 ln=0
18:59:25.538 @T t=46255 s=0.000 lv=-40.7 pk=-38.2 c0=10.7 c1=5.9 kw=5.75 inf=1.38 iv=0.00 n=0 d=0 sk=4 hf=96372 hm=92724 ht=283156 pf=0 pm=0 pt=0 ru=235176 rp=238824
18:59:25.538 @T t=46361 s=0.000 lv=-41.0 pk=-40.1 c0=3.9 c1=5.2 kw=4.99 inf=1.53 iv=0.00 n=0 d=0 sk=3 hf=96372 hm=92724 ht=283156 pf=0 pm=0 pt=0 ru=235176 rp=238824
18:59:25.538 @T t=46447 s=0.000 lv=-39.9 pk=-39.2 c0=4.0 c1=6.2 kw=6.09 inf=1.51 iv=0.00 n=0 d=0 sk=3 hf=96372 hm=92724 ht=283156 pf=0 pm=0 pt=0 ru=235176 rp=238824
18:59:25.538 @T t=46553 s=0.000 lv=-40.8 pk=-40.0 c0=6.3 c1=5.0 kw=4.91 inf=1.50 iv=0.00 n=0 d=0 sk=3 hf=96372 hm=92724 ht=283156 pf=0 pm=0 pt=0 ru=235176 rp=238824
18:59:25.538 @T t=46659 s=0.000 lv=-40.6 pk=-39.5 c0=3.1 c1=5.1 kw=4.95 inf=1.52 iv=0.00 n=0 d=0 sk=3 hf=96372 hm=92724 ht=283156 pf=0 pm=0 pt=0 ru=235176 rp=238824
18:59:25.538 @T t=46745 s=0.000 lv=-40.4 pk=-39.6 c0=4.2 c1=5.1 kw=5.04 inf=1.82 iv=0.00 n=0 d=0 sk=2 hf=96372 hm=92724 ht=283156 pf=0 pm=0 pt=0 ru=235176 rp=238824
18:59:25.538 @T t=46851 s=0.000 lv=-40.9 pk=-39.8 c0=3.3 c1=6.3 kw=6.09 inf=1.44 iv=0.00 n=0 d=0 sk=4 hf=96372 hm=92724 ht=283156 pf=0 pm=0 pt=0 ru=235176 rp=238824
18:59:25.538 @T t=46957 s=0.000 lv=-40.9 pk=-39.8 c0=3.2 c1=5.0 kw=4.91 inf=1.50 iv=0.00 n=0 d=0 sk=3 hf=96372 hm=92724 ht=283156 pf=0 pm=0 pt=0 ru=235176 rp=238824
18:59:25.538 @T t=47043 s=0.000 lv=-39.8 pk=-38.0 c0=4.3 c1=5.4 kw=4.84 inf=1.80 iv=0.00 n=0 d=0 sk=2 hf=96372 hm=92724 ht=283156 pf=0 pm=0 pt=0 ru=235176 rp=238824
18:59:25.538 @T t=47149 s=0.000 lv=-40.2 pk=-39.2 c0=3.9 c1=6.2 kw=6.04 inf=1.39 iv=0.00 n=0 d=0 sk=4 hf=96372 hm=92724 ht=283156 pf=0 pm=0 pt=0 ru=235176 rp=238824
18:59:25.538 @I ww=marvin cut=0.50 win=5 cool=1000 tick=100 wifi=1 srv=1 li=0 ln=0
18:59:25.538 @T t=47261 s=0.000 lv=-41.2 pk=-39.8 c0=3.8 c1=4.8 kw=4.69 inf=1.52 iv=0.00 n=0 d=0 sk=3 hf=96372 hm=92724 ht=283156 pf=0 pm=0 pt=0 ru=235176 rp=238824
18:59:25.538 @T t=47347 s=0.000 lv=-39.3 pk=-37.7 c0=7.8 c1=6.3 kw=6.11 inf=1.52 iv=0.00 n=0 d=0 sk=3 hf=96372 hm=92724 ht=283156 pf=0 pm=0 pt=0 ru=235176 rp=238824
18:59:25.538 @T t=47453 s=0.000 lv=-40.1 pk=-38.9 c0=6.3 c1=5.1 kw=4.92 inf=1.51 iv=0.00 n=0 d=0 sk=3 hf=96372 hm=92724 ht=283156 pf=0 pm=0 pt=0 ru=235176 rp=238824
18:59:25.538 @T t=47559 s=0.000 lv=-40.0 pk=-38.2 c0=6.3 c1=5.0 kw=4.91 inf=1.51 iv=0.00 n=0 d=0 sk=3 hf=96372 hm=92724 ht=283156 pf=0 pm=0 pt=0 ru=235176 rp=238824
18:59:25.538 @T t=47645 s=0.000 lv=-37.8 pk=-35.5 c0=7.3 c1=5.1 kw=5.01 inf=1.81 iv=0.00 n=0 d=0 sk=2 hf=96372 hm=92724 ht=283156 pf=0 pm=0 pt=0 ru=235176 rp=238824
18:59:25.538 @T t=47751 s=0.000 lv=-39.2 pk=-37.7 c0=3.0 c1=6.2 kw=5.77 inf=1.36 iv=0.00 n=0 d=0 sk=4 hf=96372 hm=92724 ht=283156 pf=0 pm=0 pt=0 ru=235176 rp=238824
18:59:25.538 @T t=47857 s=0.000 lv=-39.6 pk=-38.0 c0=6.3 c1=5.1 kw=4.95 inf=1.52 iv=0.00 n=0 d=0 sk=3 hf=96372 hm=92724 ht=283156 pf=0 pm=0 pt=0 ru=235176 rp=238824
18:59:25.538 @T t=47943 s=0.000 lv=-40.3 pk=-39.3 c0=8.3 c1=5.1 kw=4.92 inf=1.83 iv=0.00 n=0 d=0 sk=2 hf=96372 hm=92724 ht=283156 pf=0 pm=0 pt=0 ru=235176 rp=238824
18:59:25.538 @T t=48049 s=0.000 lv=-40.7 pk=-39.4 c0=3.3 c1=6.1 kw=5.95 inf=1.37 iv=0.00 n=0 d=0 sk=4 hf=96372 hm=92724 ht=283156 pf=0 pm=0 pt=0 ru=235176 rp=238824
18:59:25.538 @T t=48155 s=0.000 lv=-41.3 pk=-40.0 c0=5.8 c1=5.6 kw=5.10 inf=1.56 iv=0.00 n=0 d=0 sk=3 hf=94604 hm=92724 ht=283156 pf=0 pm=0 pt=0 ru=236944 rp=238824
18:59:25.538 @I ww=marvin cut=0.50 win=5 cool=1000 tick=100 wifi=1 srv=1 li=0 ln=0
18:59:25.538 @T t=48247 s=0.000 lv=-39.8 pk=-39.1 c0=7.0 c1=6.5 kw=5.93 inf=1.58 iv=0.00 n=0 d=0 sk=3 hf=96372 hm=92724 ht=283156 pf=0 pm=0 pt=0 ru=235176 rp=238824
18:59:25.539 @T t=48353 s=0.000 lv=-40.8 pk=-39.5 c0=7.5 c1=5.2 kw=5.02 inf=1.54 iv=0.00 n=0 d=0 sk=3 hf=96176 hm=92724 ht=283156 pf=0 pm=0 pt=0 ru=235372 rp=238824
18:59:25.539 @T t=48459 s=0.000 lv=-40.2 pk=-38.1 c0=3.6 c1=5.1 kw=4.94 inf=1.51 iv=0.00 n=0 d=0 sk=3 hf=96372 hm=92724 ht=283156 pf=0 pm=0 pt=0 ru=235176 rp=238824
18:59:25.539 @T t=48545 s=0.000 lv=-40.8 pk=-39.7 c0=3.8 c1=5.1 kw=5.07 inf=1.83 iv=0.00 n=0 d=0 sk=2 hf=96372 hm=92724 ht=283156 pf=0 pm=0 pt=0 ru=235176 rp=238824
18:59:27.993 @T t=48651 s=0.000 lv=-41.3 pk=-40.4 c0=6.3 c1=6.2 kw=5.98 inf=1.41 iv=0.00 n=0 d=0 sk=4 hf=96372 hm=92724 ht=283156 pf=0 pm=0 pt=0 ru=235176 rp=238824
18:59:27.993 @T t=48757 s=0.000 lv=-40.7 pk=-39.0 c0=3.0 c1=5.1 kw=4.93 inf=1.51 iv=0.00 n=0 d=0 sk=3 hf=96372 hm=92724 ht=283156 pf=0 pm=0 pt=0 ru=235176 rp=238824
18:59:27.993 @T t=48843 s=0.000 lv=-40.5 pk=-39.1 c0=7.8 c1=5.0 kw=4.87 inf=1.81 iv=0.00 n=0 d=0 sk=2 hf=96372 hm=92724 ht=283156 pf=0 pm=0 pt=0 ru=235176 rp=238824
18:59:27.993 @T t=48949 s=0.000 lv=-39.5 pk=-38.4 c0=3.2 c1=6.1 kw=5.96 inf=1.37 iv=0.00 n=0 d=0 sk=4 hf=96372 hm=92724 ht=283156 pf=0 pm=0 pt=0 ru=235176 rp=238824
18:59:27.993 @T t=49055 s=0.000 lv=-40.6 pk=-39.6 c0=3.4 c1=5.1 kw=4.97 inf=1.52 iv=0.00 n=0 d=0 sk=3 hf=96372 hm=92724 ht=283156 pf=0 pm=0 pt=0 ru=235176 rp=238824
18:59:27.993 @T t=49161 s=0.000 lv=-40.6 pk=-39.5 c0=3.9 c1=5.5 kw=5.31 inf=1.64 iv=0.00 n=0 d=0 sk=3 hf=96372 hm=92724 ht=283156 pf=0 pm=0 pt=0 ru=235176 rp=238824
18:59:27.993 @I ww=marvin cut=0.50 win=5 cool=1000 tick=100 wifi=1 srv=1 li=0 ln=0
18:59:27.993 @T t=49253 s=0.000 lv=-38.5 pk=-36.8 c0=5.3 c1=5.9 kw=5.76 inf=1.53 iv=0.00 n=0 d=0 sk=3 hf=96372 hm=92724 ht=283156 pf=0 pm=0 pt=0 ru=235176 rp=238824
18:59:27.993 @T t=49359 s=0.000 lv=-39.9 pk=-39.0 c0=3.2 c1=5.1 kw=4.93 inf=1.51 iv=0.00 n=0 d=0 sk=3 hf=96372 hm=92724 ht=283156 pf=0 pm=0 pt=0 ru=235176 rp=238824
18:59:27.993 @T t=49445 s=0.000 lv=-40.2 pk=-39.3 c0=3.8 c1=5.1 kw=5.08 inf=1.22 iv=0.00 n=0 d=0 sk=3 hf=96372 hm=92724 ht=283156 pf=0 pm=0 pt=0 ru=235176 rp=238824
18:59:27.993 @T t=49551 s=0.000 lv=-40.5 pk=-38.7 c0=6.3 c1=6.2 kw=5.77 inf=1.81 iv=0.00 n=0 d=0 sk=3 hf=96372 hm=92724 ht=283156 pf=0 pm=0 pt=0 ru=235176 rp=238824
18:59:27.993 @T t=49657 s=0.000 lv=-41.0 pk=-39.8 c0=3.0 c1=5.1 kw=4.92 inf=1.51 iv=0.00 n=0 d=0 sk=3 hf=96372 hm=92724 ht=283156 pf=0 pm=0 pt=0 ru=235176 rp=238824
18:59:27.993 @T t=49743 s=0.000 lv=-41.1 pk=-39.6 c0=3.7 c1=5.0 kw=4.87 inf=1.82 iv=0.00 n=0 d=0 sk=2 hf=96372 hm=92724 ht=283156 pf=0 pm=0 pt=0 ru=235176 rp=238824
18:59:27.993 @T t=49849 s=0.000 lv=-40.1 pk=-39.6 c0=3.1 c1=6.1 kw=5.92 inf=1.36 iv=0.00 n=0 d=0 sk=4 hf=96372 hm=92724 ht=283156 pf=0 pm=0 pt=0 ru=235176 rp=238824
18:59:27.993 @T t=49955 s=0.000 lv=-40.9 pk=-39.9 c0=3.1 c1=5.1 kw=4.97 inf=1.52 iv=0.00 n=0 d=0 sk=3 hf=96372 hm=92724 ht=283156 pf=0 pm=0 pt=0 ru=235176 rp=238824
18:59:27.993 @T t=50061 s=0.000 lv=-40.1 pk=-38.9 c0=6.3 c1=5.1 kw=4.97 inf=1.52 iv=0.00 n=0 d=0 sk=3 hf=96372 hm=92724 ht=283156 pf=0 pm=0 pt=0 ru=235176 rp=238824
18:59:27.993 @T t=50147 s=0.000 lv=-40.7 pk=-40.2 c0=4.9 c1=6.8 kw=6.23 inf=1.55 iv=0.00 n=0 d=0 sk=3 hf=96372 hm=92724 ht=283156 pf=0 pm=0 pt=0 ru=235176 rp=238824
18:59:27.993 @I ww=marvin cut=0.50 win=5 cool=1000 tick=100 wifi=1 srv=1 li=0 ln=0
18:59:27.993 @T t=50258 s=0.000 lv=-40.6 pk=-39.4 c0=7.6 c1=5.4 kw=4.93 inf=1.58 iv=0.00 n=0 d=0 sk=3 hf=96372 hm=92724 ht=283156 pf=0 pm=0 pt=0 ru=235176 rp=238824
18:59:27.993 @T t=50344 s=0.000 lv=-41.2 pk=-39.6 c0=4.9 c1=5.1 kw=4.97 inf=1.85 iv=0.00 n=0 d=0 sk=2 hf=96372 hm=92724 ht=283156 pf=0 pm=0 pt=0 ru=235176 rp=238824
18:59:27.993 @T t=50450 s=0.000 lv=-40.5 pk=-39.5 c0=6.5 c1=6.1 kw=6.00 inf=1.38 iv=0.00 n=0 d=0 sk=4 hf=96372 hm=92724 ht=283156 pf=0 pm=0 pt=0 ru=235176 rp=238824
18:59:27.993 @T t=50557 s=0.000 lv=-40.1 pk=-38.9 c0=3.0 c1=5.0 kw=4.89 inf=1.51 iv=0.00 n=0 d=0 sk=3 hf=96372 hm=92724 ht=283156 pf=0 pm=0 pt=0 ru=235176 rp=238824
18:59:27.993 @T t=50643 s=0.000 lv=-40.4 pk=-39.2 c0=3.7 c1=5.0 kw=4.87 inf=1.82 iv=0.00 n=0 d=0 sk=2 hf=96372 hm=92724 ht=283156 pf=0 pm=0 pt=0 ru=235176 rp=238824
18:59:27.993 @T t=50749 s=0.000 lv=-40.5 pk=-39.0 c0=3.0 c1=6.1 kw=5.90 inf=1.36 iv=0.00 n=0 d=0 sk=4 hf=96372 hm=92724 ht=283156 pf=0 pm=0 pt=0 ru=235176 rp=238824
18:59:27.993 @T t=50855 s=0.000 lv=-39.8 pk=-38.4 c0=3.0 c1=5.1 kw=4.92 inf=1.51 iv=0.00 n=0 d=0 sk=3 hf=96372 hm=92724 ht=283156 pf=0 pm=0 pt=0 ru=235176 rp=238824
18:59:27.993 @T t=50961 s=0.000 lv=-41.8 pk=-40.1 c0=6.8 c1=5.2 kw=5.01 inf=1.54 iv=0.00 n=0 d=0 sk=3 hf=96372 hm=92724 ht=283156 pf=0 pm=0 pt=0 ru=235176 rp=238824
18:59:27.993 @T t=51047 s=0.000 lv=-41.0 pk=-39.7 c0=3.9 c1=6.3 kw=6.10 inf=1.52 iv=0.00 n=0 d=0 sk=3 hf=96372 hm=92724 ht=283156 pf=0 pm=0 pt=0 ru=235176 rp=238824
18:59:30.441 [status] up 51s | mic -40.1 dBFS (peak -35.5) | score max 0.00 | detections 0 | inferences 0 (0.0/s; model 0.00 ms each, paused in quiet 100%; features 1.53 ms per 30 ms) | CPU core0  5.0% core1  5.5% (wake word pipeline 5.29% of one core) | RAM used 229 KB (peak 233 KB, 94 KB free) | wifi OK, server OK | audio lost since boot: i2s 0 net 0
18:59:30.441 @T t=51155 s=0.000 lv=-41.2 pk=-39.8 c0=27.8 c1=5.5 kw=5.09 inf=1.59 iv=0.00 n=0 d=0 sk=3 hf=96372 hm=92724 ht=283156 pf=0 pm=0 pt=0 ru=235176 rp=238824
18:59:30.442 @I ww=marvin cut=0.50 win=5 cool=1000 tick=100 wifi=1 srv=1 li=0 ln=0
18:59:30.442 @T t=51247 s=0.000 lv=-40.2 pk=-39.9 c0=5.4 c1=5.9 kw=5.76 inf=1.53 iv=0.00 n=0 d=0 sk=3 hf=96372 hm=92724 ht=283156 pf=0 pm=0 pt=0 ru=235176 rp=238824
18:59:30.442 @T t=51354 s=0.000 lv=-39.8 pk=-38.7 c0=7.1 c1=5.1 kw=4.96 inf=1.54 iv=0.00 n=0 d=0 sk=3 hf=96372 hm=92724 ht=283156 pf=0 pm=0 pt=0 ru=235176 rp=238824
18:59:30.442 @T t=51460 s=0.000 lv=-40.3 pk=-39.9 c0=3.5 c1=5.1 kw=5.00 inf=1.53 iv=0.00 n=0 d=0 sk=3 hf=96372 hm=92724 ht=283156 pf=0 pm=0 pt=0 ru=235176 rp=238824
18:59:30.442 @T t=51546 s=0.000 lv=-38.6 pk=-37.1 c0=3.8 c1=6.3 kw=6.17 inf=1.54 iv=0.00 n=0 d=0 sk=3 hf=96372 hm=92724 ht=283156 pf=0 pm=0 pt=0 ru=235176 rp=238824
18:59:30.442 @T t=51651 s=0.000 lv=-39.5 pk=-36.9 c0=3.1 c1=5.1 kw=4.95 inf=1.50 iv=0.00 n=0 d=0 sk=3 hf=96372 hm=92724 ht=283156 pf=0 pm=0 pt=0 ru=235176 rp=238824
18:59:30.442 @T t=51757 s=0.000 lv=-38.3 pk=-37.2 c0=3.0 c1=5.1 kw=4.95 inf=1.52 iv=0.00 n=0 d=0 sk=3 hf=96372 hm=92724 ht=283156 pf=0 pm=0 pt=0 ru=235176 rp=238824
18:59:30.442 @T t=51843 s=0.000 lv=-40.4 pk=-39.1 c0=3.7 c1=5.0 kw=4.86 inf=1.81 iv=0.00 n=0 d=0 sk=2 hf=96372 hm=92724 ht=283156 pf=0 pm=0 pt=0 ru=235176 rp=238824
18:59:30.442 @T t=51949 s=0.000 lv=-39.6 pk=-38.1 c0=6.3 c1=6.1 kw=5.92 inf=1.36 iv=0.00 n=0 d=0 sk=4 hf=96372 hm=92724 ht=283156 pf=0 pm=0 pt=0 ru=235176 rp=238824
18:59:30.442 @T t=52055 s=0.000 lv=-40.2 pk=-39.4 c0=6.6 c1=5.1 kw=4.94 inf=1.51 iv=0.00 n=0 d=0 sk=3 hf=96372 hm=92724 ht=283156 pf=0 pm=0 pt=0 ru=235176 rp=238824
18:59:30.442 @T t=52161 s=0.000 lv=-38.8 pk=-36.8 c0=3.8 c1=5.4 kw=5.01 inf=1.54 iv=0.00 n=0 d=0 sk=3 hf=96372 hm=92724 ht=283156 pf=0 pm=0 pt=0 ru=235176 rp=238824
18:59:30.442 @I ww=marvin cut=0.50 win=5 cool=1000 tick=100 wifi=1 srv=1 li=0 ln=0
18:59:30.442 @T t=52253 s=0.000 lv=-38.3 pk=-35.5 c0=7.8 c1=6.2 kw=5.97 inf=1.59 iv=0.00 n=0 d=0 sk=3 hf=94604 hm=92724 ht=283156 pf=0 pm=0 pt=0 ru=236944 rp=238824
18:59:30.442 @T t=52359 s=0.000 lv=-41.1 pk=-40.2 c0=6.7 c1=5.8 kw=5.57 inf=1.72 iv=0.00 n=0 d=0 sk=3 hf=96176 hm=92724 ht=283156 pf=0 pm=0 pt=0 ru=235372 rp=238824
18:59:30.442 @T t=52445 s=0.000 lv=-39.3 pk=-37.8 c0=4.8 c1=5.2 kw=5.16 inf=1.25 iv=0.00 n=0 d=0 sk=3 hf=96372 hm=92724 ht=283156 pf=0 pm=0 pt=0 ru=235176 rp=238824
18:59:30.442 @T t=52551 s=0.000 lv=-40.5 pk=-40.0 c0=3.5 c1=6.3 kw=6.02 inf=1.89 iv=0.00 n=0 d=0 sk=3 hf=96372 hm=92724 ht=283156 pf=0 pm=0 pt=0 ru=235176 rp=238824
18:59:30.442 @T t=52657 s=0.000 lv=-40.7 pk=-39.4 c0=3.5 c1=5.2 kw=4.99 inf=1.53 iv=0.00 n=0 d=0 sk=3 hf=96372 hm=92724 ht=283156 pf=0 pm=0 pt=0 ru=235176 rp=238824
18:59:30.442 @T t=52743 s=0.000 lv=-39.9 pk=-38.9 c0=3.9 c1=5.0 kw=4.91 inf=1.83 iv=0.00 n=0 d=0 sk=2 hf=96372 hm=92724 ht=283156 pf=0 pm=0 pt=0 ru=235176 rp=238824
18:59:30.442 @T t=52849 s=0.000 lv=-38.7 pk=-36.8 c0=3.4 c1=6.2 kw=5.99 inf=1.38 iv=0.00 n=0 d=0 sk=4 hf=96372 hm=92724 ht=283156 pf=0 pm=0 pt=0 ru=235176 rp=238824
18:59:30.442 @T t=52955 s=0.000 lv=-40.9 pk=-39.0 c0=3.6 c1=5.2 kw=5.03 inf=1.54 iv=0.00 n=0 d=0 sk=3 hf=96372 hm=92724 ht=283156 pf=0 pm=0 pt=0 ru=235176 rp=238824
18:59:30.442 @T t=53061 s=0.000 lv=-39.9 pk=-38.9 c0=3.5 c1=5.1 kw=4.96 inf=1.52 iv=0.00 n=0 d=0 sk=3 hf=96372 hm=92724 ht=283156 pf=0 pm=0 pt=0 ru=235176 rp=238824
18:59:30.442 @T t=53147 s=0.000 lv=-40.2 pk=-39.2 c0=5.0 c1=6.8 kw=6.27 inf=1.56 iv=0.00 n=0 d=0 sk=3 hf=96372 hm=92724 ht=283156 pf=0 pm=0 pt=0 ru=235176 rp=238824
18:59:30.442 @I ww=marvin cut=0.50 win=5 cool=1000 tick=100 wifi=1 srv=1 li=0 ln=0
18:59:30.442 @T t=53259 s=0.000 lv=-40.2 pk=-38.2 c0=4.3 c1=4.9 kw=4.74 inf=1.53 iv=0.00 n=0 d=0 sk=3 hf=96372 hm=92724 ht=283156 pf=0 pm=0 pt=0 ru=235176 rp=238824
18:59:30.442 @T t=53345 s=0.000 lv=-40.8 pk=-40.4 c0=4.7 c1=5.2 kw=5.16 inf=1.25 iv=0.00 n=0 d=0 sk=3 hf=96372 hm=92724 ht=283156 pf=0 pm=0 pt=0 ru=235176 rp=238824
18:59:30.442 @T t=53451 s=0.000 lv=-39.9 pk=-38.9 c0=3.5 c1=6.3 kw=6.03 inf=1.90 iv=0.00 n=0 d=0 sk=3 hf=96372 hm=92724 ht=283156 pf=0 pm=0 pt=0 ru=235176 rp=238824
18:59:33.029 @T t=53557 s=0.000 lv=-39.5 pk=-37.5 c0=3.5 c1=5.1 kw=4.97 inf=1.52 iv=0.00 n=0 d=0 sk=3 hf=96372 hm=92724 ht=283156 pf=0 pm=0 pt=0 ru=235176 rp=238824
18:59:33.029 @T t=53643 s=0.000 lv=-40.7 pk=-39.5 c0=4.3 c1=5.0 kw=4.89 inf=1.82 iv=0.00 n=0 d=0 sk=2 hf=96372 hm=92724 ht=283156 pf=0 pm=0 pt=0 ru=235176 rp=238824
18:59:33.029 @T t=53749 s=0.000 lv=-39.9 pk=-38.7 c0=3.2 c1=6.1 kw=6.00 inf=1.38 iv=0.00 n=0 d=0 sk=4 hf=96372 hm=92724 ht=283156 pf=0 pm=0 pt=0 ru=235176 rp=238824
18:59:33.029 @T t=53855 s=0.000 lv=-39.9 pk=-38.2 c0=6.4 c1=5.1 kw=4.94 inf=1.51 iv=0.00 n=0 d=0 sk=3 hf=96372 hm=92724 ht=283156 pf=0 pm=0 pt=0 ru=235176 rp=238824
18:59:33.029 @T t=53961 s=0.000 lv=-39.8 pk=-39.2 c0=6.4 c1=5.1 kw=4.95 inf=1.52 iv=0.00 n=0 d=0 sk=3 hf=96372 hm=92724 ht=283156 pf=0 pm=0 pt=0 ru=235176 rp=238824
18:59:33.029 @T t=54047 s=0.000 lv=-40.6 pk=-39.3 c0=7.7 c1=6.2 kw=6.08 inf=1.51 iv=0.00 n=0 d=0 sk=3 hf=96372 hm=92724 ht=283156 pf=0 pm=0 pt=0 ru=235176 rp=238824
18:59:33.029 @T t=54153 s=0.000 lv=-40.0 pk=-39.2 c0=3.7 c1=5.5 kw=5.02 inf=1.54 iv=0.00 n=0 d=0 sk=3 hf=96372 hm=92724 ht=283156 pf=0 pm=0 pt=0 ru=235176 rp=238824
18:59:33.029 @I ww=marvin cut=0.50 win=5 cool=1000 tick=100 wifi=1 srv=1 li=0 ln=0
18:59:33.029 @T t=54245 s=0.000 lv=-39.3 pk=-37.9 c0=4.6 c1=4.8 kw=4.77 inf=1.84 iv=0.00 n=0 d=0 sk=2 hf=96372 hm=92724 ht=283156 pf=0 pm=0 pt=0 ru=235176 rp=238824
18:59:33.029 @T t=54351 s=0.000 lv=-40.6 pk=-39.6 c0=10.1 c1=6.7 kw=6.12 inf=1.44 iv=0.00 n=0 d=0 sk=4 hf=96372 hm=92724 ht=283156 pf=0 pm=0 pt=0 ru=235176 rp=238824
18:59:33.029 @T t=54457 s=0.000 lv=-40.1 pk=-38.5 c0=3.3 c1=5.1 kw=4.99 inf=1.53 iv=0.00 n=0 d=0 sk=3 hf=96372 hm=92724 ht=283156 pf=0 pm=0 pt=0 ru=235176 rp=238824
18:59:33.029 @T t=54543 s=0.000 lv=-39.6 pk=-37.8 c0=3.6 c1=5.0 kw=4.87 inf=1.82 iv=0.00 n=0 d=0 sk=2 hf=96372 hm=92724 ht=283156 pf=0 pm=0 pt=0 ru=235176 rp=238824
18:59:33.030 @T t=54649 s=0.000 lv=-40.3 pk=-38.8 c0=3.0 c1=6.1 kw=5.89 inf=1.35 iv=0.00 n=0 d=0 sk=4 hf=96372 hm=92724 ht=283156 pf=0 pm=0 pt=0 ru=235176 rp=238824
18:59:33.030 @T t=54755 s=0.000 lv=-40.5 pk=-39.5 c0=3.0 c1=5.1 kw=4.92 inf=1.51 iv=0.00 n=0 d=0 sk=3 hf=96372 hm=92724 ht=283156 pf=0 pm=0 pt=0 ru=235176 rp=238824
18:59:33.030 @T t=54861 s=0.000 lv=-39.8 pk=-39.1 c0=6.8 c1=5.1 kw=4.96 inf=1.52 iv=0.00 n=0 d=0 sk=3 hf=96372 hm=92724 ht=283156 pf=0 pm=0 pt=0 ru=235176 rp=238824
18:59:33.030 @T t=54947 s=0.000 lv=-40.7 pk=-39.7 c0=4.0 c1=6.3 kw=6.14 inf=1.53 iv=0.00 n=0 d=0 sk=3 hf=96372 hm=92724 ht=283156 pf=0 pm=0 pt=0 ru=235176 rp=238824
18:59:33.030 @T t=55053 s=0.000 lv=-41.0 pk=-39.5 c0=6.3 c1=5.1 kw=4.92 inf=1.51 iv=0.00 n=0 d=0 sk=3 hf=96372 hm=92724 ht=283156 pf=0 pm=0 pt=0 ru=235176 rp=238824
18:59:33.030 @T t=55159 s=0.000 lv=-40.0 pk=-37.9 c0=3.6 c1=5.4 kw=4.97 inf=1.52 iv=0.00 n=0 d=0 sk=3 hf=96372 hm=92724 ht=283156 pf=0 pm=0 pt=0 ru=235176 rp=238824
18:59:33.030 @I ww=marvin cut=0.50 win=5 cool=1000 tick=100 wifi=1 srv=1 li=0 ln=0
18:59:33.030 @T t=55251 s=0.000 lv=-36.0 pk=-31.8 c0=4.8 c1=18.1 kw=17.88 inf=1.31 iv=0.99 n=11 d=0 sk=1 hf=96372 hm=92724 ht=283156 pf=0 pm=0 pt=0 ru=235176 rp=238824
18:59:33.030 @T t=55357 s=0.000 lv=-39.5 pk=-38.3 c0=4.0 c1=10.0 kw=9.81 inf=2.42 iv=1.20 n=4 d=0 sk=0 hf=96372 hm=92724 ht=283156 pf=0 pm=0 pt=0 ru=235176 rp=238824
18:59:33.030 @T t=55443 s=0.000 lv=-40.6 pk=-39.9 c0=8.2 c1=8.3 kw=8.08 inf=3.18 iv=1.26 n=2 d=0 sk=0 hf=96372 hm=92724 ht=283156 pf=0 pm=0 pt=0 ru=235176 rp=238824
18:59:33.030 @T t=55549 s=0.000 lv=-40.0 pk=-38.8 c0=3.5 c1=11.0 kw=10.79 inf=2.64 iv=1.18 n=4 d=0 sk=0 hf=96372 hm=92724 ht=283156 pf=0 pm=0 pt=0 ru=235176 rp=238824
18:59:33.030 @T t=55655 s=0.000 lv=-40.4 pk=-40.0 c0=3.5 c1=9.8 kw=9.62 inf=2.37 iv=1.16 n=4 d=0 sk=0 hf=96372 hm=92724 ht=283156 pf=0 pm=0 pt=0 ru=235176 rp=238824
18:59:33.030 @T t=55761 s=0.000 lv=-40.2 pk=-39.7 c0=3.4 c1=8.7 kw=8.55 inf=2.78 iv=1.18 n=3 d=0 sk=0 hf=96372 hm=92724 ht=283156 pf=0 pm=0 pt=0 ru=235176 rp=238824
18:59:33.030 @T t=55847 s=0.000 lv=-39.9 pk=-38.5 c0=4.4 c1=11.0 kw=10.80 inf=2.85 iv=1.24 n=3 d=0 sk=0 hf=96372 hm=92724 ht=283156 pf=0 pm=0 pt=0 ru=235176 rp=238824
18:59:33.030 @T t=55953 s=0.000 lv=-41.2 pk=-39.2 c0=7.1 c1=10.3 kw=10.07 inf=2.48 iv=1.25 n=4 d=0 sk=0 hf=96372 hm=92724 ht=283156 pf=0 pm=0 pt=0 ru=235176 rp=238824
18:59:33.030 @T t=56059 s=0.000 lv=-40.6 pk=-39.1 c0=3.4 c1=8.8 kw=8.65 inf=2.82 iv=1.21 n=3 d=0 sk=0 hf=96372 hm=92724 ht=283156 pf=0 pm=0 pt=0 ru=235176 rp=238824
18:59:35.522 @T t=56145 s=0.000 lv=-40.5 pk=-39.0 c0=5.0 c1=10.7 kw=10.21 inf=2.68 iv=1.35 n=3 d=0 sk=0 hf=96372 hm=92724 ht=283156 pf=0 pm=0 pt=0 ru=235176 rp=238824
18:59:35.523 @I ww=marvin cut=0.50 win=5 cool=1000 tick=100 wifi=1 srv=1 li=0 ln=0
18:59:35.523 @T t=56257 s=0.001 lv=-40.0 pk=-38.4 c0=4.1 c1=10.5 kw=10.22 inf=2.68 iv=1.17 n=4 d=0 sk=0 hf=96372 hm=92724 ht=283156 pf=0 pm=0 pt=0 ru=235176 rp=238824
18:59:35.523 @T t=56343 s=0.002 lv=-40.8 pk=-40.2 c0=8.4 c1=9.7 kw=8.52 inf=3.35 iv=1.32 n=2 d=0 sk=0 hf=96372 hm=92724 ht=283156 pf=0 pm=0 pt=0 ru=235176 rp=238824
18:59:35.523 @T t=56452 s=0.002 lv=-40.4 pk=-39.5 c0=3.3 c1=10.7 kw=10.52 inf=2.65 iv=1.20 n=4 d=0 sk=0 hf=96372 hm=92724 ht=283156 pf=0 pm=0 pt=0 ru=235176 rp=238824
18:59:35.523 I (56941) wifi:[ADDBA]RX DELBA, reason:37, delete tid:0, initiator:1(originator)
18:59:35.523 @T t=56560 s=0.000 lv=-40.5 pk=-39.3 c0=3.7 c1=10.1 kw=9.60 inf=2.36 iv=1.16 n=4 d=0 sk=0 hf=96372 hm=92724 ht=283156 pf=0 pm=0 pt=0 ru=235176 rp=238824
18:59:35.523 @T t=56653 s=0.000 lv=-40.2 pk=-39.0 c0=5.0 c1=9.6 kw=9.71 inf=2.83 iv=1.22 n=3 d=0 sk=0 hf=96372 hm=92724 ht=283156 pf=0 pm=0 pt=0 ru=235176 rp=238824
18:59:35.523 @T t=56759 s=0.000 lv=-41.4 pk=-41.2 c0=3.4 c1=8.6 kw=8.46 inf=2.75 iv=1.17 n=3 d=0 sk=0 hf=96372 hm=92724 ht=283156 pf=0 pm=0 pt=0 ru=235176 rp=238824
18:59:35.523 @T t=56845 s=0.000 lv=-39.6 pk=-37.8 c0=4.3 c1=8.4 kw=8.34 inf=2.15 iv=1.27 n=2 d=0 sk=1 hf=96372 hm=92724 ht=283156 pf=0 pm=0 pt=0 ru=235176 rp=238824
18:59:35.523 @T t=56951 s=0.000 lv=-40.7 pk=-39.4 c0=3.4 c1=6.2 kw=6.01 inf=1.89 iv=0.00 n=0 d=0 sk=3 hf=96372 hm=92724 ht=283156 pf=0 pm=0 pt=0 ru=235176 rp=238824
18:59:35.523 @T t=57057 s=0.000 lv=-39.6 pk=-38.6 c0=6.7 c1=5.2 kw=4.99 inf=1.53 iv=0.00 n=0 d=0 sk=3 hf=96372 hm=92724 ht=283156 pf=0 pm=0 pt=0 ru=235176 rp=238824
18:59:35.523 @T t=57143 s=0.000 lv=-39.3 pk=-37.9 c0=4.7 c1=5.6 kw=5.38 inf=2.02 iv=0.00 n=0 d=0 sk=2 hf=96372 hm=92724 ht=283156 pf=0 pm=0 pt=0 ru=235176 rp=238824
18:59:35.523 @I ww=marvin cut=0.50 win=5 cool=1000 tick=100 wifi=1 srv=1 li=0 ln=0
18:59:35.523 @T t=57254 s=0.000 lv=-39.8 pk=-38.4 c0=3.9 c1=5.8 kw=5.68 inf=1.37 iv=0.00 n=0 d=0 sk=4 hf=96372 hm=92724 ht=283156 pf=0 pm=0 pt=0 ru=235176 rp=238824
18:59:35.523 @T t=57360 s=0.000 lv=-38.7 pk=-37.0 c0=6.9 c1=5.2 kw=4.99 inf=1.53 iv=0.00 n=0 d=0 sk=3 hf=96372 hm=92724 ht=283156 pf=0 pm=0 pt=0 ru=235176 rp=238824
18:59:35.523 @T t=57446 s=0.000 lv=-38.1 pk=-36.9 c0=3.9 c1=6.3 kw=6.12 inf=1.52 iv=0.00 n=0 d=0 sk=3 hf=96372 hm=92724 ht=283156 pf=0 pm=0 pt=0 ru=235176 rp=238824
18:59:35.523 @T t=57552 s=0.000 lv=-39.1 pk=-37.9 c0=3.0 c1=5.1 kw=4.92 inf=1.51 iv=0.00 n=0 d=0 sk=3 hf=96372 hm=92724 ht=283156 pf=0 pm=0 pt=0 ru=235176 rp=238824
18:59:35.523 @T t=57658 s=0.000 lv=-40.7 pk=-39.6 c0=3.0 c1=5.1 kw=4.91 inf=1.51 iv=0.00 n=0 d=0 sk=3 hf=96372 hm=92724 ht=283156 pf=0 pm=0 pt=0 ru=235176 rp=238824
18:59:35.523 @T t=57744 s=0.000 lv=-41.7 pk=-40.9 c0=3.7 c1=5.0 kw=4.85 inf=1.80 iv=0.00 n=0 d=0 sk=2 hf=96372 hm=92724 ht=283156 pf=0 pm=0 pt=0 ru=235176 rp=238824
18:59:35.523 @T t=57850 s=0.000 lv=-40.5 pk=-38.9 c0=6.3 c1=6.1 kw=5.92 inf=1.36 iv=0.00 n=0 d=0 sk=4 hf=96372 hm=92724 ht=283156 pf=0 pm=0 pt=0 ru=235176 rp=238824
18:59:35.523 @T t=57956 s=0.000 lv=-41.3 pk=-40.9 c0=3.1 c1=5.0 kw=4.91 inf=1.50 iv=0.00 n=0 d=0 sk=3 hf=96372 hm=92724 ht=283156 pf=0 pm=0 pt=0 ru=235176 rp=238824
18:59:35.523 @T t=58062 s=0.000 lv=-39.0 pk=-38.1 c0=3.0 c1=5.1 kw=4.95 inf=1.52 iv=0.00 n=0 d=0 sk=3 hf=96372 hm=92724 ht=283156 pf=0 pm=0 pt=0 ru=235176 rp=238824
18:59:35.523 @T t=58148 s=0.000 lv=-39.6 pk=-38.7 c0=9.1 c1=6.9 kw=6.28 inf=1.56 iv=0.00 n=0 d=0 sk=3 hf=96372 hm=92724 ht=283156 pf=0 pm=0 pt=0 ru=235176 rp=238824
18:59:35.523 @I ww=marvin cut=0.50 win=5 cool=1000 tick=100 wifi=1 srv=1 li=0 ln=0
18:59:35.523 @T t=58260 s=0.000 lv=-39.4 pk=-38.2 c0=3.9 c1=4.8 kw=4.73 inf=1.53 iv=0.00 n=0 d=0 sk=3 hf=96372 hm=92724 ht=283156 pf=0 pm=0 pt=0 ru=235176 rp=238824
18:59:35.523 @T t=58346 s=0.000 lv=-39.9 pk=-38.7 c0=8.4 c1=7.0 kw=6.37 inf=1.58 iv=0.00 n=0 d=0 sk=3 hf=96372 hm=92724 ht=283156 pf=0 pm=0 pt=0 ru=235176 rp=238824
18:59:35.523 @T t=58452 s=0.000 lv=-40.3 pk=-39.7 c0=3.3 c1=5.1 kw=4.97 inf=1.52 iv=0.00 n=0 d=0 sk=3 hf=96372 hm=92724 ht=283156 pf=0 pm=0 pt=0 ru=235176 rp=238824
18:59:35.523 @T t=58558 s=0.000 lv=-39.3 pk=-37.7 c0=3.0 c1=5.1 kw=4.93 inf=1.51 iv=0.00 n=0 d=0 sk=3 hf=96372 hm=92724 ht=283156 pf=0 pm=0 pt=0 ru=235176 rp=238824
18:59:37.994 @T t=58644 s=0.000 lv=-39.5 pk=-38.3 c0=3.7 c1=5.0 kw=4.87 inf=1.81 iv=0.00 n=0 d=0 sk=2 hf=96372 hm=92724 ht=283156 pf=0 pm=0 pt=0 ru=235176 rp=238824
18:59:37.994 @T t=58749 s=0.000 lv=-39.5 pk=-38.1 c0=3.0 c1=6.2 kw=6.00 inf=1.37 iv=0.00 n=0 d=0 sk=4 hf=96372 hm=92724 ht=283156 pf=0 pm=0 pt=0 ru=235176 rp=238824
18:59:37.994 @T t=58855 s=0.000 lv=-39.4 pk=-38.1 c0=6.3 c1=5.1 kw=4.95 inf=1.52 iv=0.00 n=0 d=0 sk=3 hf=96372 hm=92724 ht=283156 pf=0 pm=0 pt=0 ru=235176 rp=238824
18:59:37.994 @T t=58961 s=0.000 lv=-39.5 pk=-37.9 c0=3.1 c1=5.1 kw=4.94 inf=1.51 iv=0.00 n=0 d=0 sk=3 hf=96372 hm=92724 ht=283156 pf=0 pm=0 pt=0 ru=235176 rp=238824
18:59:37.994 @T t=59047 s=0.000 lv=-40.9 pk=-40.3 c0=3.9 c1=6.2 kw=6.09 inf=1.51 iv=0.00 n=0 d=0 sk=3 hf=96372 hm=92724 ht=283156 pf=0 pm=0 pt=0 ru=235176 rp=238824
18:59:37.994 @T t=59153 s=0.000 lv=-39.4 pk=-38.6 c0=3.1 c1=5.1 kw=4.93 inf=1.51 iv=0.00 n=0 d=0 sk=3 hf=96372 hm=92724 ht=283156 pf=0 pm=0 pt=0 ru=235176 rp=238824
18:59:37.994 @I ww=marvin cut=0.50 win=5 cool=1000 tick=100 wifi=1 srv=1 li=0 ln=0
18:59:37.994 @T t=59245 s=0.000 lv=-40.2 pk=-39.2 c0=4.4 c1=4.8 kw=4.75 inf=1.22 iv=0.00 n=0 d=0 sk=3 hf=96372 hm=92724 ht=283156 pf=0 pm=0 pt=0 ru=235176 rp=238824
18:59:37.994 @T t=59351 s=0.000 lv=-40.2 pk=-39.3 c0=7.3 c1=6.3 kw=6.02 inf=1.89 iv=0.00 n=0 d=0 sk=3 hf=96372 hm=92724 ht=283156 pf=0 pm=0 pt=0 ru=235176 rp=238824
18:59:37.994 @T t=59457 s=0.000 lv=-39.8 pk=-38.1 c0=3.3 c1=5.1 kw=4.99 inf=1.53 iv=0.00 n=0 d=0 sk=3 hf=96372 hm=92724 ht=283156 pf=0 pm=0 pt=0 ru=235176 rp=238824
18:59:37.994 @T t=59543 s=0.000 lv=-39.4 pk=-37.9 c0=3.7 c1=5.0 kw=4.90 inf=1.83 iv=0.00 n=0 d=0 sk=2 hf=96372 hm=92724 ht=283156 pf=0 pm=0 pt=0 ru=235176 rp=238824
18:59:37.994 @T t=59649 s=0.000 lv=-38.6 pk=-35.1 c0=3.1 c1=6.1 kw=5.91 inf=1.36 iv=0.00 n=0 d=0 sk=4 hf=96372 hm=92724 ht=283156 pf=0 pm=0 pt=0 ru=235176 rp=238824
18:59:37.994 @T t=59755 s=0.000 lv=-40.0 pk=-38.5 c0=3.0 c1=5.1 kw=4.92 inf=1.51 iv=0.00 n=0 d=0 sk=3 hf=96372 hm=92724 ht=283156 pf=0 pm=0 pt=0 ru=235176 rp=238824
18:59:37.994 @T t=59861 s=0.000 lv=-41.0 pk=-39.0 c0=3.1 c1=5.1 kw=4.91 inf=1.50 iv=0.00 n=0 d=0 sk=3 hf=96372 hm=92724 ht=283156 pf=0 pm=0 pt=0 ru=235176 rp=238824
18:59:37.994 @T t=59947 s=0.000 lv=-40.4 pk=-39.4 c0=3.9 c1=6.2 kw=6.07 inf=1.51 iv=0.00 n=0 d=0 sk=3 hf=96372 hm=92724 ht=283156 pf=0 pm=0 pt=0 ru=235176 rp=238824
18:59:37.994 @T t=60053 s=0.000 lv=-40.2 pk=-38.6 c0=6.3 c1=5.1 kw=4.92 inf=1.51 iv=0.00 n=0 d=0 sk=3 hf=96372 hm=92724 ht=283156 pf=0 pm=0 pt=0 ru=235176 rp=238824
18:59:37.994 @T t=60159 s=0.000 lv=-38.5 pk=-37.1 c0=3.1 c1=5.1 kw=4.94 inf=1.51 iv=0.00 n=0 d=0 sk=3 hf=96372 hm=92724 ht=283156 pf=0 pm=0 pt=0 ru=235176 rp=238824
18:59:37.994 @I ww=marvin cut=0.50 win=5 cool=1000 tick=100 wifi=1 srv=1 li=0 ln=0
18:59:37.994 @T t=60251 s=0.000 lv=-38.9 pk=-38.5 c0=4.4 c1=5.9 kw=5.75 inf=1.53 iv=0.00 n=0 d=0 sk=3 hf=96372 hm=92724 ht=283156 pf=0 pm=0 pt=0 ru=235176 rp=238824
18:59:37.994 @T t=60357 s=0.000 lv=-41.2 pk=-40.2 c0=6.7 c1=5.6 kw=5.08 inf=1.55 iv=0.00 n=0 d=0 sk=3 hf=96372 hm=92724 ht=283156 pf=0 pm=0 pt=0 ru=235176 rp=238824
18:59:37.995 @T t=60443 s=0.000 lv=-39.1 pk=-37.3 c0=4.6 c1=5.1 kw=4.96 inf=1.85 iv=0.00 n=0 d=0 sk=2 hf=96372 hm=92724 ht=283156 pf=0 pm=0 pt=0 ru=235176 rp=238824
18:59:37.995 @T t=60549 s=0.000 lv=-39.9 pk=-38.8 c0=3.2 c1=6.1 kw=5.95 inf=1.37 iv=0.00 n=0 d=0 sk=4 hf=96372 hm=92724 ht=283156 pf=0 pm=0 pt=0 ru=235176 rp=238824
18:59:37.995 @T t=60655 s=0.000 lv=-40.3 pk=-37.9 c0=3.1 c1=5.1 kw=4.95 inf=1.52 iv=0.00 n=0 d=0 sk=3 hf=96372 hm=92724 ht=283156 pf=0 pm=0 pt=0 ru=235176 rp=238824
18:59:37.995 @T t=60761 s=0.000 lv=-40.5 pk=-39.9 c0=3.0 c1=5.1 kw=4.94 inf=1.51 iv=0.00 n=0 d=0 sk=3 hf=96372 hm=92724 ht=283156 pf=0 pm=0 pt=0 ru=235176 rp=238824
18:59:37.995 @T t=60847 s=0.000 lv=-39.4 pk=-38.3 c0=3.8 c1=6.2 kw=6.07 inf=1.51 iv=0.00 n=0 d=0 sk=3 hf=96372 hm=92724 ht=283156 pf=0 pm=0 pt=0 ru=235176 rp=238824
18:59:37.995 @T t=60953 s=0.000 lv=-40.1 pk=-39.4 c0=3.2 c1=5.1 kw=4.92 inf=1.51 iv=0.00 n=0 d=0 sk=3 hf=96372 hm=92724 ht=283156 pf=0 pm=0 pt=0 ru=235176 rp=238824
18:59:37.995 @T t=61059 s=0.000 lv=-37.7 pk=-36.8 c0=3.5 c1=5.1 kw=4.93 inf=1.51 iv=0.00 n=0 d=0 sk=3 hf=96372 hm=92724 ht=283156 pf=0 pm=0 pt=0 ru=235176 rp=238824
18:59:40.134 [status] up 61s | mic -39.8 dBFS (peak -31.8) | score max 0.00 | detections 0 | inferences 63 (6.3/s; model 1.17 ms each, paused in quiet 80%; features 1.48 ms per 30 ms) | CPU core0  4.7% core1  6.3% (wake word pipeline 6.08% of one core) | RAM used 229 KB (peak 233 KB, 94 KB free) | wifi OK, server OK | audio lost since boot: i2s 0 net 0
18:59:40.134 @T t=61147 s=0.000 lv=-38.7 pk=-37.3 c0=9.6 c1=6.5 kw=6.18 inf=1.57 iv=0.00 n=0 d=0 sk=3 hf=96372 hm=92724 ht=283156 pf=0 pm=0 pt=0 ru=235176 rp=238824
18:59:40.134 @I ww=marvin cut=0.50 win=5 cool=1000 tick=100 wifi=1 srv=1 li=0 ln=0
18:59:40.134 @T t=61259 s=0.000 lv=-39.9 pk=-38.5 c0=3.7 c1=4.8 kw=4.68 inf=1.52 iv=0.00 n=0 d=0 sk=3 hf=96372 hm=92724 ht=283156 pf=0 pm=0 pt=0 ru=235176 rp=238824
18:59:40.134 @T t=61345 s=0.000 lv=-39.3 pk=-38.1 c0=4.4 c1=5.2 kw=5.09 inf=1.23 iv=0.00 n=0 d=0 sk=3 hf=96372 hm=92724 ht=283156 pf=0 pm=0 pt=0 ru=235176 rp=238824
18:59:40.134 @T t=61451 s=0.000 lv=-40.5 pk=-39.1 c0=3.2 c1=6.2 kw=5.80 inf=1.82 iv=0.00 n=0 d=0 sk=3 hf=96372 hm=92724 ht=283156 pf=0 pm=0 pt=0 ru=235176 rp=238824
18:59:40.134 @T t=61557 s=0.000 lv=-39.4 pk=-38.7 c0=6.7 c1=5.1 kw=4.99 inf=1.53 iv=0.00 n=0 d=0 sk=3 hf=96372 hm=92724 ht=283156 pf=0 pm=0 pt=0 ru=235176 rp=238824
18:59:40.134 @T t=61643 s=0.000 lv=-39.7 pk=-38.8 c0=4.0 c1=5.1 kw=4.93 inf=1.84 iv=0.00 n=0 d=0 sk=2 hf=96372 hm=92724 ht=283156 pf=0 pm=0 pt=0 ru=235176 rp=238824
18:59:40.134 @T t=61749 s=0.000 lv=-39.0 pk=-36.5 c0=6.2 c1=6.1 kw=5.96 inf=1.37 iv=0.00 n=0 d=0 sk=4 hf=96372 hm=92724 ht=283156 pf=0 pm=0 pt=0 ru=235176 rp=238824
18:59:40.134 @T t=61855 s=0.000 lv=-38.7 pk=-37.9 c0=6.4 c1=5.1 kw=4.96 inf=1.52 iv=0.00 n=0 d=0 sk=3 hf=96372 hm=92724 ht=283156 pf=0 pm=0 pt=0 ru=235176 rp=238824
18:59:40.134 @T t=61961 s=0.000 lv=-30.4 pk=-27.7 c0=6.5 c1=16.3 kw=16.12 inf=1.36 iv=0.97 n=12 d=0 sk=0 hf=96372 hm=92724 ht=283156 pf=0 pm=0 pt=0 ru=235176 rp=238824
18:59:40.134 @T t=62047 s=0.000 lv=-23.9 pk=-22.4 c0=4.3 c1=10.6 kw=10.42 inf=2.74 iv=1.14 n=3 d=0 sk=0 hf=96372 hm=92724 ht=283156 pf=0 pm=0 pt=0 ru=235176 rp=238824
18:59:40.134 @T t=62153 s=0.010 lv=-32.0 pk=-27.2 c0=3.8 c1=10.2 kw=9.82 inf=2.42 iv=1.21 n=4 d=0 sk=0 hf=96372 hm=92724 ht=283156 pf=0 pm=0 pt=0 ru=235176 rp=238824
18:59:40.134 @I ww=marvin cut=0.50 win=5 cool=1000 tick=100 wifi=1 srv=1 li=0 ln=0
18:59:40.134 @T t=62244 s=0.065 lv=-35.6 pk=-34.2 c0=13.2 c1=7.8 kw=7.62 inf=3.17 iv=1.25 n=2 d=0 sk=0 hf=96372 hm=92724 ht=283156 pf=0 pm=0 pt=0 ru=235176 rp=238824
18:59:40.134 @T t=62350 s=0.115 lv=-37.8 pk=-35.3 c0=7.3 c1=12.3 kw=11.78 inf=2.89 iv=1.37 n=4 d=0 sk=0 hf=96372 hm=92724 ht=283156 pf=0 pm=0 pt=0 ru=235176 rp=238824
18:59:40.134 I (62829) kws: >>> WAKE WORD "marvin" DETECTED  (score 0.53, t = 62.45 s)
18:59:40.134 @T t=62456 s=0.532 lv=-38.4 pk=-37.0 c0=6.3 c1=11.3 kw=9.67 inf=2.38 iv=1.18 n=4 d=1 sk=0 hf=95776 hm=90872 ht=283156 pf=0 pm=0 pt=0 ru=235772 rp=240676
18:59:40.134 I (62850) stream: first audio sent 20 ms after the detection
18:59:40.134 I (62913) wifi:[ADDBA]RX DELBA, reason:37, delete tid:0, initiator:1(originator)
18:59:40.134 I (62915) wifi:[ADDBA]RX DELBA, reason:37, delete tid:0, initiator:1(originator)
18:59:40.134 @T t=62562 s=0.520 lv=-39.1 pk=-38.0 c0=21.5 c1=11.8 kw=10.34 inf=3.39 iv=1.62 n=3 d=1 sk=0 hf=95776 hm=90872 ht=283156 pf=0 pm=0 pt=0 ru=235772 rp=240676
18:59:40.134 @T t=62651 s=0.957 lv=-38.3 pk=-35.6 c0=19.1 c1=13.7 kw=12.84 inf=3.57 iv=1.80 n=3 d=1 sk=0 hf=93992 hm=90228 ht=283156 pf=0 pm=0 pt=0 ru=237556 rp=241320
18:59:40.134 @T t=62758 s=0.951 lv=-29.2 pk=-27.9 c0=14.8 c1=14.0 kw=11.62 inf=2.91 iv=1.53 n=4 d=1 sk=0 hf=95776 hm=90228 ht=283156 pf=0 pm=0 pt=0 ru=235772 rp=241320
18:59:40.135 @T t=62844 s=0.877 lv=-32.3 pk=-30.9 c0=14.8 c1=10.8 kw=9.31 inf=3.69 iv=1.53 n=2 d=1 sk=0 hf=95776 hm=90228 ht=283156 pf=0 pm=0 pt=0 ru=235772 rp=241320
18:59:40.135 @T t=62954 s=0.785 lv=-30.7 pk=-26.9 c0=20.1 c1=15.1 kw=13.29 inf=3.42 iv=1.76 n=4 d=1 sk=0 hf=95776 hm=90228 ht=283156 pf=0 pm=0 pt=0 ru=235772 rp=241320
18:59:40.135 @T t=63060 s=0.255 lv=-31.9 pk=-28.4 c0=15.2 c1=13.6 kw=12.18 inf=3.04 iv=1.67 n=4 d=1 sk=0 hf=95776 hm=90228 ht=283156 pf=0 pm=0 pt=0 ru=235772 rp=241320
18:59:40.135 I (63529) wake_word: score event: peak 0.96 over 660 ms -> detected
18:59:40.135 @T t=63150 s=0.032 lv=-33.0 pk=-30.4 c0=18.5 c1=16.2 kw=14.86 inf=4.20 iv=1.84 n=3 d=1 sk=0 hf=95776 hm=90228 ht=283156 pf=0 pm=0 pt=0 ru=235772 rp=241320
18:59:40.135 @I ww=marvin cut=0.50 win=5 cool=1000 tick=100 wifi=1 srv=1 li=0 ln=0
18:59:42.623 @T t=63250 s=0.004 lv=-34.0 pk=-30.5 c0=14.9 c1=11.7 kw=10.33 inf=3.19 iv=1.45 n=3 d=1 sk=0 hf=92656 hm=90228 ht=283156 pf=0 pm=0 pt=0 ru=238892 rp=241320
18:59:42.623 @T t=63357 s=0.000 lv=-26.2 pk=-24.2 c0=14.9 c1=13.0 kw=11.18 inf=2.80 iv=1.45 n=4 d=1 sk=0 hf=95784 hm=90228 ht=283156 pf=0 pm=0 pt=0 ru=235764 rp=241320
18:59:42.623 @T t=63443 s=0.000 lv=-35.1 pk=-32.8 c0=14.7 c1=10.3 kw=8.95 inf=3.54 iv=1.44 n=2 d=1 sk=0 hf=95784 hm=90228 ht=283156 pf=0 pm=0 pt=0 ru=235764 rp=241320
18:59:42.623 @T t=63551 s=0.000 lv=-39.0 pk=-37.2 c0=16.2 c1=13.7 kw=12.01 inf=3.01 iv=1.44 n=4 d=1 sk=0 hf=95784 hm=90228 ht=283156 pf=0 pm=0 pt=0 ru=235764 rp=241320
18:59:42.623 @T t=63657 s=0.000 lv=-36.4 pk=-35.2 c0=14.3 c1=12.7 kw=11.25 inf=2.79 iv=1.45 n=4 d=1 sk=0 hf=95784 hm=90228 ht=283156 pf=0 pm=0 pt=0 ru=235764 rp=241320
18:59:42.623 @T t=63743 s=0.000 lv=-37.0 pk=-35.8 c0=14.8 c1=10.3 kw=8.95 inf=3.54 iv=1.44 n=2 d=1 sk=0 hf=95784 hm=90228 ht=283156 pf=0 pm=0 pt=0 ru=235764 rp=241320
18:59:42.623 @T t=63851 s=0.000 lv=-39.2 pk=-37.4 c0=16.8 c1=13.8 kw=12.08 inf=3.03 iv=1.45 n=4 d=1 sk=0 hf=95784 hm=90228 ht=283156 pf=0 pm=0 pt=0 ru=235764 rp=241320
18:59:42.623 @T t=63957 s=0.000 lv=-39.0 pk=-37.9 c0=14.4 c1=12.8 kw=11.28 inf=2.80 iv=1.45 n=4 d=1 sk=0 hf=95784 hm=90228 ht=283156 pf=0 pm=0 pt=0 ru=235764 rp=241320
18:59:42.623 @T t=64043 s=0.000 lv=-39.6 pk=-38.2 c0=14.8 c1=10.3 kw=8.99 inf=3.56 iv=1.45 n=2 d=1 sk=0 hf=95784 hm=90228 ht=283156 pf=0 pm=0 pt=0 ru=235764 rp=241320
18:59:42.623 I (64434) stream: stream finished (silence): 1600 ms of audio sent (25 KB)
18:59:42.623 @T t=64153 s=0.000 lv=-40.2 pk=-38.5 c0=9.5 c1=11.5 kw=10.95 inf=2.79 iv=1.30 n=4 d=1 sk=0 hf=95784 hm=89116 ht=283156 pf=0 pm=0 pt=0 ru=235764 rp=242432
18:59:42.623 @I ww=marvin cut=0.50 win=5 cool=1000 tick=100 wifi=1 srv=1 li=0 ln=0
18:59:42.623 @T t=64245 s=0.000 lv=-39.0 pk=-38.2 c0=4.9 c1=8.8 kw=8.76 inf=2.44 iv=1.15 n=3 d=1 sk=0 hf=95784 hm=89116 ht=283156 pf=0 pm=0 pt=0 ru=235764 rp=242432
18:59:42.623 @T t=64354 s=0.000 lv=-39.7 pk=-38.6 c0=6.9 c1=11.8 kw=11.14 inf=2.85 iv=1.33 n=4 d=1 sk=0 hf=95784 hm=89116 ht=283156 pf=0 pm=0 pt=0 ru=235764 rp=242432
18:59:42.623 @T t=64460 s=0.000 lv=-39.0 pk=-37.4 c0=3.4 c1=8.5 kw=8.40 inf=2.73 iv=1.14 n=3 d=1 sk=0 hf=95784 hm=89116 ht=283156 pf=0 pm=0 pt=0 ru=235764 rp=242432
18:59:42.623 @T t=64546 s=0.000 lv=-37.4 pk=-35.6 c0=4.2 c1=10.8 kw=9.50 inf=2.48 iv=1.17 n=3 d=1 sk=0 hf=95784 hm=89116 ht=283156 pf=0 pm=0 pt=0 ru=235764 rp=242432
18:59:42.623 @T t=64652 s=0.000 lv=-39.6 pk=-38.5 c0=3.4 c1=9.6 kw=10.15 inf=2.51 iv=1.09 n=4 d=1 sk=0 hf=95784 hm=89116 ht=283156 pf=0 pm=0 pt=0 ru=235764 rp=242432
18:59:42.623 @T t=64758 s=0.000 lv=-39.8 pk=-38.0 c0=3.3 c1=8.5 kw=8.35 inf=2.71 iv=1.12 n=3 d=1 sk=0 hf=95784 hm=89116 ht=283156 pf=0 pm=0 pt=0 ru=235764 rp=242432
18:59:42.623 @T t=64844 s=0.000 lv=-39.8 pk=-38.3 c0=4.2 c1=9.4 kw=9.23 inf=2.45 iv=1.16 n=3 d=1 sk=0 hf=95784 hm=89116 ht=283156 pf=0 pm=0 pt=0 ru=235764 rp=242432
18:59:42.623 @T t=64950 s=0.000 lv=-39.6 pk=-38.0 c0=3.9 c1=11.2 kw=10.94 inf=2.67 iv=1.19 n=4 d=1 sk=0 hf=95784 hm=89116 ht=283156 pf=0 pm=0 pt=0 ru=235764 rp=242432
18:59:42.623 @T t=65055 s=0.000 lv=-40.4 pk=-39.1 c0=3.4 c1=5.1 kw=4.98 inf=1.53 iv=0.00 n=0 d=1 sk=3 hf=95784 hm=89116 ht=283156 pf=0 pm=0 pt=0 ru=235764 rp=242432
18:59:42.623 @T t=65162 s=0.000 lv=-39.2 pk=-37.7 c0=3.1 c1=5.1 kw=4.95 inf=1.52 iv=0.00 n=0 d=1 sk=3 hf=95784 hm=89116 ht=283156 pf=0 pm=0 pt=0 ru=235764 rp=242432
18:59:42.623 @I ww=marvin cut=0.50 win=5 cool=1000 tick=100 wifi=1 srv=1 li=0 ln=0
18:59:42.623 @T t=65253 s=0.000 lv=-38.0 pk=-35.9 c0=13.3 c1=5.9 kw=5.74 inf=1.53 iv=0.00 n=0 d=1 sk=3 hf=95784 hm=89116 ht=283156 pf=0 pm=0 pt=0 ru=235764 rp=242432
18:59:42.623 @T t=65360 s=0.000 lv=-39.8 pk=-38.9 c0=3.6 c1=5.2 kw=5.00 inf=1.53 iv=0.00 n=0 d=1 sk=3 hf=95784 hm=89116 ht=283156 pf=0 pm=0 pt=0 ru=235764 rp=242432
18:59:42.623 I (65754) wifi:[ADDBA]RX DELBA, reason:37, delete tid:0, initiator:1(originator)
18:59:42.623 @T t=65446 s=0.000 lv=-39.5 pk=-38.8 c0=6.0 c1=6.5 kw=6.25 inf=1.55 iv=0.00 n=0 d=1 sk=3 hf=95784 hm=89116 ht=283156 pf=0 pm=0 pt=0 ru=235764 rp=242432
18:59:42.623 @T t=65551 s=0.000 lv=-38.7 pk=-37.4 c0=3.2 c1=5.1 kw=5.00 inf=1.54 iv=0.00 n=0 d=1 sk=3 hf=95784 hm=89116 ht=283156 pf=0 pm=0 pt=0 ru=235764 rp=242432
18:59:42.623 @T t=65658 s=0.000 lv=-36.3 pk=-33.9 c0=3.1 c1=16.3 kw=16.10 inf=1.36 iv=0.97 n=12 d=1 sk=0 hf=95784 hm=89116 ht=283156 pf=0 pm=0 pt=0 ru=235764 rp=242432
18:59:44.928 @T t=65744 s=0.000 lv=-39.8 pk=-38.6 c0=4.2 c1=9.3 kw=9.08 inf=2.41 iv=1.13 n=3 d=1 sk=0 hf=95784 hm=89116 ht=283156 pf=0 pm=0 pt=0 ru=235764 rp=242432
18:59:44.928 @T t=65853 s=0.000 lv=-39.4 pk=-38.0 c0=3.2 c1=10.4 kw=10.20 inf=2.56 iv=1.10 n=4 d=1 sk=0 hf=95784 hm=89116 ht=283156 pf=0 pm=0 pt=0 ru=235764 rp=242432
18:59:44.928 I (66311) stream: server: {"type":"response","text":"Turn on the lights.","saved":"20260928_185939_323_e072a1d53274_marvin.wav"}
18:59:44.928 @T t=65959 s=0.000 lv=-40.2 pk=-38.9 c0=6.9 c1=9.9 kw=8.89 inf=2.89 iv=1.26 n=3 d=1 sk=0 hf=95784 hm=89116 ht=283156 pf=0 pm=0 pt=0 ru=235764 rp=242432
18:59:44.928 @T t=66045 s=0.000 lv=-40.3 pk=-39.2 c0=4.6 c1=9.4 kw=9.30 inf=2.42 iv=1.14 n=3 d=1 sk=0 hf=95784 hm=89116 ht=283156 pf=0 pm=0 pt=0 ru=235764 rp=242432
18:59:44.928 @T t=66151 s=0.000 lv=-39.8 pk=-39.0 c0=4.1 c1=11.3 kw=10.96 inf=2.72 iv=1.20 n=4 d=1 sk=0 hf=95784 hm=89116 ht=283156 pf=0 pm=0 pt=0 ru=235764 rp=242432
18:59:44.928 @I ww=marvin cut=0.50 win=5 cool=1000 tick=100 wifi=1 srv=1 li=0 ln=0
18:59:44.928 @T t=66262 s=0.000 lv=-40.0 pk=-39.1 c0=4.0 c1=8.1 kw=8.00 inf=2.72 iv=1.13 n=3 d=1 sk=0 hf=95784 hm=89116 ht=283156 pf=0 pm=0 pt=0 ru=235764 rp=242432
18:59:44.928 @T t=66348 s=0.000 lv=-39.3 pk=-38.0 c0=4.3 c1=10.6 kw=10.42 inf=2.74 iv=1.14 n=3 d=1 sk=0 hf=95784 hm=89116 ht=283156 pf=0 pm=0 pt=0 ru=235764 rp=242432
18:59:44.928 @T t=66454 s=0.000 lv=-40.7 pk=-39.5 c0=3.3 c1=9.4 kw=9.22 inf=2.26 iv=1.09 n=4 d=1 sk=0 hf=95784 hm=89116 ht=283156 pf=0 pm=0 pt=0 ru=235764 rp=242432
18:59:44.928 @T t=66560 s=0.000 lv=-40.9 pk=-40.3 c0=3.3 c1=8.5 kw=8.34 inf=2.71 iv=1.12 n=3 d=1 sk=0 hf=95784 hm=89116 ht=283156 pf=0 pm=0 pt=0 ru=235764 rp=242432
18:59:44.928 @T t=66646 s=0.000 lv=-39.5 pk=-36.9 c0=4.3 c1=10.6 kw=10.43 inf=2.75 iv=1.15 n=3 d=1 sk=0 hf=95784 hm=89116 ht=283156 pf=0 pm=0 pt=0 ru=235764 rp=242432
18:59:44.928 @T t=66752 s=0.000 lv=-41.4 pk=-40.7 c0=3.4 c1=9.5 kw=9.25 inf=2.27 iv=1.09 n=4 d=1 sk=0 hf=95784 hm=89116 ht=283156 pf=0 pm=0 pt=0 ru=235764 rp=242432
18:59:44.928 @T t=66858 s=0.000 lv=-40.8 pk=-39.6 c0=3.4 c1=8.7 kw=8.50 inf=2.76 iv=1.17 n=3 d=1 sk=0 hf=95784 hm=89116 ht=283156 pf=0 pm=0 pt=0 ru=235764 rp=242432
18:59:44.928 @T t=66944 s=0.000 lv=-40.8 pk=-40.4 c0=8.2 c1=9.7 kw=9.09 inf=2.41 iv=1.13 n=3 d=1 sk=0 hf=95784 hm=89116 ht=283156 pf=0 pm=0 pt=0 ru=235764 rp=242432
18:59:44.928 @T t=67053 s=0.000 lv=-26.0 pk=-21.6 c0=3.3 c1=10.5 kw=10.26 inf=2.57 iv=1.11 n=4 d=1 sk=0 hf=95784 hm=89116 ht=283156 pf=0 pm=0 pt=0 ru=235764 rp=242432
18:59:44.928 @T t=67159 s=0.000 lv=-24.2 pk=-21.4 c0=4.4 c1=8.8 kw=8.61 inf=2.80 iv=1.18 n=3 d=1 sk=0 hf=95784 hm=89116 ht=283156 pf=0 pm=0 pt=0 ru=235764 rp=242432
18:59:44.928 @I ww=marvin cut=0.50 win=5 cool=1000 tick=100 wifi=1 srv=1 li=0 ln=0
18:59:44.928 @T t=67250 s=0.016 lv=-37.5 pk=-34.9 c0=13.1 c1=10.3 kw=10.08 inf=2.81 iv=1.21 n=3 d=1 sk=0 hf=95784 hm=89116 ht=283156 pf=0 pm=0 pt=0 ru=235764 rp=242432
18:59:44.928 @T t=67356 s=0.319 lv=-35.7 pk=-33.9 c0=3.6 c1=9.7 kw=9.52 inf=2.34 iv=1.15 n=4 d=1 sk=0 hf=95784 hm=89116 ht=283156 pf=0 pm=0 pt=0 ru=235764 rp=242432
18:59:44.928 I (67788) kws: >>> WAKE WORD "marvin" DETECTED  (score 0.56, t = 67.41 s)
18:59:44.929 I (67808) stream: first audio sent 18 ms after the detection
18:59:44.929 @T t=67462 s=0.562 lv=-39.6 pk=-38.7 c0=11.6 c1=11.4 kw=9.28 inf=3.03 iv=1.35 n=3 d=2 sk=0 hf=95720 hm=89116 ht=283156 pf=0 pm=0 pt=0 ru=235828 rp=242432
18:59:44.929 @T t=67551 s=0.536 lv=-38.6 pk=-37.7 c0=18.5 c1=13.7 kw=12.73 inf=3.52 iv=1.75 n=3 d=2 sk=0 hf=95720 hm=89116 ht=283156 pf=0 pm=0 pt=0 ru=235828 rp=242432
18:59:44.929 @T t=67658 s=0.890 lv=-38.1 pk=-36.8 c0=15.0 c1=14.0 kw=11.94 inf=3.00 iv=1.67 n=4 d=2 sk=0 hf=95720 hm=89116 ht=283156 pf=0 pm=0 pt=0 ru=235828 rp=242432
18:59:44.929 @T t=67744 s=0.956 lv=-38.9 pk=-37.3 c0=15.8 c1=11.8 kw=9.70 inf=3.86 iv=1.74 n=2 d=2 sk=0 hf=95720 hm=89116 ht=283156 pf=0 pm=0 pt=0 ru=235828 rp=242432
18:59:44.929 I (68154) wifi:[ADDBA]RX DELBA, reason:37, delete tid:0, initiator:1(originator)
18:59:44.929 @T t=67852 s=0.947 lv=-40.7 pk=-39.5 c0=18.4 c1=14.8 kw=13.31 inf=3.36 iv=1.73 n=4 d=2 sk=0 hf=95720 hm=89116 ht=283156 pf=0 pm=0 pt=0 ru=235828 rp=242432
18:59:44.929 @T t=67958 s=0.865 lv=-27.4 pk=-23.9 c0=15.7 c1=14.0 kw=12.37 inf=3.09 iv=1.70 n=4 d=2 sk=0 hf=95720 hm=89116 ht=283156 pf=0 pm=0 pt=0 ru=235828 rp=242432
18:59:47.329 @T t=68044 s=0.466 lv=-32.7 pk=-28.1 c0=18.8 c1=11.2 kw=9.71 inf=3.87 iv=1.74 n=2 d=2 sk=0 hf=95720 hm=89116 ht=283156 pf=0 pm=0 pt=0 ru=235828 rp=242432
18:59:47.329 @T t=68152 s=0.196 lv=-38.9 pk=-37.1 c0=16.4 c1=14.5 kw=13.00 inf=3.28 iv=1.65 n=4 d=2 sk=0 hf=95720 hm=89116 ht=283156 pf=0 pm=0 pt=0 ru=235828 rp=242432
18:59:47.329 @I ww=marvin cut=0.50 win=5 cool=1000 tick=100 wifi=1 srv=1 li=0 ln=0
18:59:47.329 I (68608) wake_word: score event: peak 0.96 over 750 ms -> detected
18:59:47.329 @T t=68244 s=0.022 lv=-37.5 pk=-35.3 c0=16.0 c1=13.2 kw=11.65 inf=3.37 iv=1.52 n=3 d=2 sk=0 hf=95720 hm=89116 ht=283156 pf=0 pm=0 pt=0 ru=235828 rp=242432
18:59:47.329 @T t=68353 s=0.000 lv=-35.3 pk=-31.7 c0=19.7 c1=13.9 kw=12.15 inf=3.08 iv=1.46 n=4 d=2 sk=0 hf=95720 hm=89116 ht=283156 pf=0 pm=0 pt=0 ru=235828 rp=242432
18:59:47.329 @T t=68459 s=0.000 lv=-35.6 pk=-30.9 c0=13.8 c1=11.3 kw=9.84 inf=3.22 iv=1.45 n=3 d=2 sk=0 hf=95720 hm=89116 ht=283156 pf=0 pm=0 pt=0 ru=235828 rp=242432
18:59:47.329 @T t=68550 s=0.000 lv=-31.3 pk=-28.9 c0=16.6 c1=14.9 kw=13.32 inf=2.84 iv=1.49 n=4 d=2 sk=0 hf=93936 hm=89116 ht=283156 pf=0 pm=0 pt=0 ru=237612 rp=242432
18:59:47.329 @T t=68657 s=0.000 lv=-36.1 pk=-35.3 c0=17.4 c1=11.3 kw=9.65 inf=3.18 iv=1.43 n=3 d=2 sk=0 hf=95720 hm=89116 ht=283156 pf=0 pm=0 pt=0 ru=235828 rp=242432
18:59:47.329 @T t=68743 s=0.000 lv=-37.6 pk=-34.7 c0=19.2 c1=12.2 kw=10.69 inf=2.86 iv=1.44 n=3 d=2 sk=0 hf=95720 hm=89116 ht=283156 pf=0 pm=0 pt=0 ru=235828 rp=242432
18:59:47.329 @T t=68851 s=0.000 lv=-38.0 pk=-35.8 c0=16.1 c1=13.6 kw=12.00 inf=3.01 iv=1.43 n=4 d=2 sk=0 hf=93936 hm=89116 ht=283156 pf=0 pm=0 pt=0 ru=237612 rp=242432
18:59:47.329 @T t=68958 s=0.000 lv=-38.9 pk=-36.3 c0=21.0 c1=12.1 kw=10.27 inf=3.40 iv=1.63 n=3 d=2 sk=0 hf=95720 hm=89116 ht=283156 pf=0 pm=0 pt=0 ru=235828 rp=242432
18:59:47.330 @T t=69044 s=0.000 lv=-34.3 pk=-33.2 c0=16.3 c1=13.4 kw=11.93 inf=3.22 iv=1.81 n=3 d=2 sk=0 hf=95720 hm=89116 ht=283156 pf=0 pm=0 pt=0 ru=235828 rp=242432
18:59:47.330 @T t=69153 s=0.000 lv=-38.2 pk=-34.0 c0=20.0 c1=14.4 kw=12.62 inf=3.21 iv=1.61 n=4 d=2 sk=0 hf=95720 hm=89116 ht=283156 pf=0 pm=0 pt=0 ru=235828 rp=242432
18:59:47.330 @I ww=marvin cut=0.50 win=5 cool=1000 tick=100 wifi=1 srv=1 li=0 ln=0
18:59:47.330 I (69592) stream: stream finished (silence): 1800 ms of audio sent (28 KB)
18:59:47.330 @T t=69244 s=0.000 lv=-40.2 pk=-39.5 c0=24.8 c1=10.3 kw=8.67 inf=3.63 iv=1.55 n=2 d=2 sk=0 hf=95720 hm=89116 ht=283156 pf=0 pm=0 pt=0 ru=235828 rp=242432
18:59:47.330 @T t=69350 s=0.000 lv=-40.9 pk=-39.5 c0=3.6 c1=10.8 kw=10.61 inf=2.59 iv=1.17 n=4 d=2 sk=0 hf=95720 hm=89116 ht=283156 pf=0 pm=0 pt=0 ru=235828 rp=242432
18:59:47.330 @T t=69456 s=0.000 lv=-40.1 pk=-39.2 c0=3.7 c1=9.8 kw=9.60 inf=2.36 iv=1.15 n=4 d=2 sk=0 hf=95720 hm=89116 ht=283156 pf=0 pm=0 pt=0 ru=235828 rp=242432
18:59:47.330 @T t=69562 s=0.000 lv=-41.4 pk=-41.0 c0=3.4 c1=8.5 kw=8.35 inf=2.71 iv=1.14 n=3 d=2 sk=0 hf=95720 hm=89116 ht=283156 pf=0 pm=0 pt=0 ru=235828 rp=242432
18:59:47.330 @T t=69649 s=0.000 lv=-38.8 pk=-36.9 c0=4.2 c1=10.6 kw=10.41 inf=2.77 iv=1.18 n=3 d=2 sk=0 hf=95720 hm=89116 ht=283156 pf=0 pm=0 pt=0 ru=235828 rp=242432
18:59:47.330 @T t=69755 s=0.000 lv=-39.4 pk=-38.5 c0=3.4 c1=9.4 kw=9.25 inf=2.27 iv=1.09 n=4 d=2 sk=0 hf=95720 hm=89116 ht=283156 pf=0 pm=0 pt=0 ru=235828 rp=242432
18:59:47.330 @T t=69861 s=0.000 lv=-39.7 pk=-38.7 c0=3.4 c1=8.6 kw=8.40 inf=2.73 iv=1.14 n=3 d=2 sk=0 hf=95720 hm=89116 ht=283156 pf=0 pm=0 pt=0 ru=235828 rp=242432
18:59:47.330 @T t=69947 s=0.000 lv=-39.3 pk=-38.4 c0=4.9 c1=10.8 kw=10.54 inf=2.78 iv=1.17 n=3 d=2 sk=0 hf=95720 hm=89116 ht=283156 pf=0 pm=0 pt=0 ru=235828 rp=242432
18:59:47.330 @T t=70053 s=0.000 lv=-38.9 pk=-37.0 c0=3.4 c1=9.5 kw=9.29 inf=2.28 iv=1.10 n=4 d=2 sk=0 hf=95720 hm=89116 ht=283156 pf=0 pm=0 pt=0 ru=235828 rp=242432
18:59:47.330 @T t=70159 s=0.000 lv=-39.7 pk=-38.9 c0=3.5 c1=8.6 kw=8.46 inf=2.75 iv=1.15 n=3 d=2 sk=0 hf=95720 hm=89116 ht=283156 pf=0 pm=0 pt=0 ru=235828 rp=242432
18:59:47.330 @I ww=marvin cut=0.50 win=5 cool=1000 tick=100 wifi=1 srv=1 li=0 ln=0
18:59:47.330 @T t=70251 s=0.000 lv=-39.9 pk=-38.4 c0=4.9 c1=10.0 kw=9.79 inf=2.76 iv=1.17 n=3 d=2 sk=0 hf=95720 hm=89116 ht=283156 pf=0 pm=0 pt=0 ru=235828 rp=242432
18:59:47.330 @T t=70357 s=0.000 lv=-40.1 pk=-39.4 c0=3.4 c1=9.5 kw=9.32 inf=2.29 iv=1.10 n=4 d=2 sk=0 hf=95720 hm=89116 ht=283156 pf=0 pm=0 pt=0 ru=235828 rp=242432
18:59:49.338 @T t=70443 s=0.000 lv=-40.5 pk=-39.7 c0=4.1 c1=8.0 kw=7.83 inf=3.08 iv=1.17 n=2 d=2 sk=0 hf=95720 hm=89116 ht=283156 pf=0 pm=0 pt=0 ru=235828 rp=242432
18:59:49.338 @T t=70549 s=0.000 lv=-39.1 pk=-37.8 c0=3.8 c1=10.7 kw=10.44 inf=2.55 iv=1.11 n=4 d=2 sk=0 hf=95720 hm=89116 ht=283156 pf=0 pm=0 pt=0 ru=235828 rp=242432
18:59:49.338 @T t=70655 s=0.000 lv=-37.0 pk=-34.6 c0=3.5 c1=9.5 kw=9.37 inf=2.30 iv=1.11 n=4 d=2 sk=0 hf=95720 hm=89116 ht=283156 pf=0 pm=0 pt=0 ru=235828 rp=242432
18:59:49.338 @T t=70761 s=0.000 lv=-37.6 pk=-36.0 c0=3.3 c1=8.5 kw=8.34 inf=2.71 iv=1.13 n=3 d=2 sk=0 hf=95720 hm=89116 ht=283156 pf=0 pm=0 pt=0 ru=235828 rp=242432
18:59:49.338 @T t=70847 s=0.000 lv=-39.1 pk=-37.2 c0=4.3 c1=10.7 kw=10.51 inf=2.77 iv=1.16 n=3 d=2 sk=0 hf=95720 hm=89116 ht=283156 pf=0 pm=0 pt=0 ru=235828 rp=242432
18:59:49.338 @T t=70953 s=0.000 lv=-39.0 pk=-37.8 c0=6.7 c1=9.9 kw=9.37 inf=2.30 iv=1.11 n=4 d=2 sk=0 hf=95720 hm=89116 ht=283156 pf=0 pm=0 pt=0 ru=235828 rp=242432
18:59:49.338 @T t=71059 s=0.000 lv=-38.0 pk=-36.3 c0=3.4 c1=8.6 kw=8.42 inf=2.74 iv=1.15 n=3 d=2 sk=0 hf=95720 hm=89116 ht=283156 pf=0 pm=0 pt=0 ru=235828 rp=242432
18:59:49.339 [status] up 71s | mic -34.8 dBFS (peak -21.4) | score max 0.96 | detections 2 | inferences 304 (30.4/s; model 1.30 ms each, paused in quiet 12%; features 1.44 ms per 30 ms) | CPU core0  9.1% core1 10.4% (wake word pipeline 9.68% of one core) | RAM used 230 KB (peak 236 KB, 93 KB free) | wifi OK, server OK | audio lost since boot: i2s 0 net 0
18:59:49.339 [tasks] % of one core (free stack): main@0=4.47(1936) IDLE1@1=93.40(720) IDLE0@0=94.16(728) tiT@*=0.31(1960) websocket_task@*=0.14(1468) audio_kws@1=6.47(1344) streamer@0=0.39(1424) ipc0@0=0.00(528) Tmr Svc@*=0.00(1368) wifi@0=0.59(3148) esp_timer@0=0.03(3136) ipc1@1=0.00(536) sys_evt@0=0.01(416)
18:59:49.339 @T t=71173 s=0.000 lv=-38.3 pk=-36.5 c0=45.8 c1=11.2 kw=10.95 inf=2.89 iv=1.38 n=4 d=2 sk=0 hf=95720 hm=89116 ht=283156 pf=0 pm=0 pt=0 ru=235828 rp=242432
18:59:49.339 @I ww=marvin cut=0.50 win=5 cool=1000 tick=100 wifi=1 srv=1 li=0 ln=0
18:59:49.339 @T t=71245 s=0.000 lv=-39.0 pk=-38.0 c0=6.1 c1=8.2 kw=8.17 inf=2.65 iv=1.18 n=2 d=2 sk=0 hf=95720 hm=89116 ht=283156 pf=0 pm=0 pt=0 ru=235828 rp=242432
18:59:49.339 I (71645) stream: server: {"type":"response","text":"What is the weather today?","saved":"20260928_185944_283_e072a1d53274_marvin.wav"}
18:59:49.339 @T t=71353 s=0.000 lv=-39.5 pk=-38.3 c0=10.7 c1=11.8 kw=11.18 inf=2.83 iv=1.32 n=4 d=2 sk=0 hf=95720 hm=89116 ht=283156 pf=0 pm=0 pt=0 ru=235828 rp=242432
18:59:49.339 I (71782) wifi:[ADDBA]RX DELBA, reason:37, delete tid:0, initiator:1(originator)
18:59:49.339 @T t=71459 s=0.000 lv=-39.0 pk=-37.5 c0=5.2 c1=9.1 kw=8.86 inf=2.88 iv=1.25 n=3 d=2 sk=0 hf=95720 hm=89116 ht=283156 pf=0 pm=0 pt=0 ru=235828 rp=242432
18:59:49.339 @T t=71545 s=0.000 lv=-40.3 pk=-38.0 c0=8.0 c1=9.4 kw=9.31 inf=2.43 iv=1.15 n=3 d=2 sk=0 hf=95720 hm=89116 ht=283156 pf=0 pm=0 pt=0 ru=235828 rp=242432
18:59:49.339 @T t=71654 s=0.000 lv=-39.7 pk=-38.5 c0=8.9 c1=11.2 kw=10.46 inf=2.67 iv=1.21 n=4 d=2 sk=0 hf=95720 hm=89116 ht=283156 pf=0 pm=0 pt=0 ru=235828 rp=242432
18:59:49.339 @T t=71761 s=0.000 lv=-39.8 pk=-38.8 c0=3.8 c1=8.6 kw=8.51 inf=2.79 iv=1.19 n=3 d=2 sk=0 hf=95720 hm=89116 ht=283156 pf=0 pm=0 pt=0 ru=235828 rp=242432
18:59:49.339 @T t=71847 s=0.000 lv=-39.9 pk=-39.0 c0=4.3 c1=11.9 kw=11.72 inf=2.34 iv=1.13 n=4 d=2 sk=0 hf=95720 hm=89116 ht=283156 pf=0 pm=0 pt=0 ru=235828 rp=242432
18:59:49.339 @T t=71953 s=0.000 lv=-39.8 pk=-38.7 c0=3.4 c1=8.5 kw=8.32 inf=2.70 iv=1.10 n=3 d=2 sk=0 hf=95720 hm=89116 ht=283156 pf=0 pm=0 pt=0 ru=235828 rp=242432
18:59:49.339 @T t=72059 s=0.000 lv=-40.6 pk=-39.8 c0=3.3 c1=8.5 kw=8.30 inf=2.69 iv=1.11 n=3 d=2 sk=0 hf=95720 hm=89116 ht=283156 pf=0 pm=0 pt=0 ru=235828 rp=242432
18:59:49.339 @T t=72145 s=0.000 lv=-40.0 pk=-38.5 c0=4.3 c1=9.5 kw=9.43 inf=2.46 iv=1.16 n=3 d=2 sk=0 hf=95720 hm=89116 ht=283156 pf=0 pm=0 pt=0 ru=235828 rp=242432
18:59:49.339 @I ww=marvin cut=0.50 win=5 cool=1000 tick=100 wifi=1 srv=1 li=0 ln=0
18:59:49.339 @T t=72260 s=0.000 lv=-40.0 pk=-38.7 c0=13.2 c1=7.1 kw=6.86 inf=2.39 iv=1.45 n=1 d=2 sk=2 hf=95720 hm=89116 ht=283156 pf=0 pm=0 pt=0 ru=235828 rp=242432
18:59:49.339 @T t=72346 s=0.000 lv=-39.2 pk=-37.2 c0=4.6 c1=6.3 kw=6.18 inf=1.54 iv=0.00 n=0 d=2 sk=3 hf=95720 hm=89116 ht=283156 pf=0 pm=0 pt=0 ru=235828 rp=242432
18:59:51.724 @T t=72452 s=0.000 lv=-25.2 pk=-22.4 c0=3.2 c1=13.8 kw=13.60 inf=1.52 iv=0.99 n=9 d=2 sk=0 hf=95720 hm=89116 ht=283156 pf=0 pm=0 pt=0 ru=235828 rp=242432
18:59:51.724 @T t=72558 s=0.000 lv=-27.1 pk=-23.6 c0=3.4 c1=8.7 kw=8.52 inf=2.77 iv=1.18 n=3 d=2 sk=0 hf=95720 hm=89116 ht=283156 pf=0 pm=0 pt=0 ru=235828 rp=242432
18:59:51.724 @T t=72644 s=0.062 lv=-37.2 pk=-34.9 c0=4.2 c1=9.6 kw=9.44 inf=2.51 iv=1.21 n=3 d=2 sk=0 hf=95720 hm=89116 ht=283156 pf=0 pm=0 pt=0 ru=235828 rp=242432
18:59:51.724 @T t=72753 s=0.113 lv=-38.4 pk=-34.3 c0=8.8 c1=10.7 kw=10.47 inf=2.63 iv=1.18 n=4 d=2 sk=0 hf=95720 hm=89116 ht=283156 pf=0 pm=0 pt=0 ru=235828 rp=242432
18:59:51.724 @T t=72859 s=0.391 lv=-40.1 pk=-39.0 c0=3.9 c1=9.2 kw=9.01 inf=2.94 iv=1.31 n=3 d=2 sk=0 hf=95720 hm=89116 ht=283156 pf=0 pm=0 pt=0 ru=235828 rp=242432
18:59:51.724 I (73249) kws: >>> WAKE WORD "marvin" DETECTED  (score 0.56, t = 72.87 s)
18:59:51.724 I (73272) stream: first audio sent 19 ms after the detection
18:59:51.724 @T t=72945 s=0.565 lv=-40.7 pk=-40.0 c0=16.5 c1=14.1 kw=11.12 inf=2.93 iv=1.51 n=3 d=3 sk=0 hf=95720 hm=89116 ht=283156 pf=0 pm=0 pt=0 ru=235828 rp=242432
18:59:51.724 @T t=73054 s=0.970 lv=-31.6 pk=-27.7 c0=19.3 c1=14.6 kw=12.79 inf=3.30 iv=1.62 n=4 d=3 sk=0 hf=95720 hm=89116 ht=283156 pf=0 pm=0 pt=0 ru=235828 rp=242432
18:59:51.724 @T t=73160 s=0.976 lv=-34.0 pk=-31.3 c0=14.2 c1=11.6 kw=10.12 inf=3.32 iv=1.53 n=3 d=3 sk=0 hf=95720 hm=89116 ht=283156 pf=0 pm=0 pt=0 ru=235828 rp=242432
18:59:51.724 @I ww=marvin cut=0.50 win=5 cool=1000 tick=100 wifi=1 srv=1 li=0 ln=0
18:59:51.724 @T t=73251 s=0.923 lv=-34.4 pk=-33.3 c0=23.8 c1=14.8 kw=13.72 inf=2.93 iv=1.54 n=4 d=3 sk=0 hf=95720 hm=89116 ht=283156 pf=0 pm=0 pt=0 ru=235828 rp=242432
18:59:51.724 @T t=73358 s=0.726 lv=-30.0 pk=-27.4 c0=17.0 c1=12.7 kw=9.93 inf=3.28 iv=1.52 n=3 d=3 sk=0 hf=95720 hm=89116 ht=283156 pf=0 pm=0 pt=0 ru=235828 rp=242432
18:59:51.725 @T t=73444 s=0.309 lv=-36.8 pk=-36.0 c0=14.7 c1=12.3 kw=10.86 inf=2.91 iv=1.51 n=3 d=3 sk=0 hf=95720 hm=89116 ht=283156 pf=0 pm=0 pt=0 ru=235828 rp=242432
18:59:51.725 I (73929) wake_word: score event: peak 0.98 over 630 ms -> detected
18:59:51.725 @T t=73552 s=0.060 lv=-35.7 pk=-34.9 c0=19.5 c1=16.1 kw=14.34 inf=3.64 iv=1.74 n=4 d=3 sk=0 hf=95720 hm=89116 ht=283156 pf=0 pm=0 pt=0 ru=235828 rp=242432
18:59:51.725 @T t=73660 s=0.001 lv=-35.7 pk=-33.2 c0=13.4 c1=11.0 kw=9.69 inf=3.23 iv=1.49 n=3 d=3 sk=0 hf=95720 hm=89116 ht=283156 pf=0 pm=0 pt=0 ru=235828 rp=242432
18:59:51.725 @T t=73751 s=0.000 lv=-38.1 pk=-35.6 c0=19.9 c1=13.1 kw=11.87 inf=3.35 iv=1.60 n=3 d=3 sk=0 hf=95720 hm=89116 ht=283156 pf=0 pm=0 pt=0 ru=235828 rp=242432
18:59:51.725 @T t=73857 s=0.000 lv=-39.5 pk=-38.2 c0=14.6 c1=13.5 kw=11.47 inf=2.85 iv=1.54 n=4 d=3 sk=0 hf=95720 hm=89116 ht=283156 pf=0 pm=0 pt=0 ru=235828 rp=242432
18:59:51.725 @T t=73943 s=0.000 lv=-40.5 pk=-39.7 c0=16.7 c1=11.1 kw=9.57 inf=3.81 iv=1.65 n=2 d=3 sk=0 hf=95720 hm=89116 ht=283156 pf=0 pm=0 pt=0 ru=235828 rp=242432
18:59:51.725 I (74407) wifi:[ADDBA]RX DELBA, reason:37, delete tid:0, initiator:1(originator)
18:59:51.725 @T t=74050 s=0.000 lv=-40.7 pk=-39.6 c0=18.3 c1=14.4 kw=12.66 inf=3.16 iv=1.52 n=4 d=3 sk=0 hf=95720 hm=89116 ht=283156 pf=0 pm=0 pt=0 ru=235828 rp=242432
18:59:51.725 @T t=74156 s=0.000 lv=-40.3 pk=-39.3 c0=17.0 c1=12.8 kw=11.23 inf=2.79 iv=1.45 n=4 d=3 sk=0 hf=95720 hm=89116 ht=283156 pf=0 pm=0 pt=0 ru=235828 rp=242432
18:59:51.725 @I ww=marvin cut=0.50 win=5 cool=1000 tick=100 wifi=1 srv=1 li=0 ln=0
18:59:51.725 @T t=74250 s=0.000 lv=-38.5 pk=-37.4 c0=23.4 c1=13.1 kw=11.28 inf=3.28 iv=1.45 n=3 d=3 sk=0 hf=95720 hm=89116 ht=283156 pf=0 pm=0 pt=0 ru=235828 rp=242432
18:59:51.725 @T t=74356 s=0.000 lv=-39.4 pk=-37.6 c0=14.4 c1=11.3 kw=9.85 inf=3.22 iv=1.45 n=3 d=3 sk=0 hf=95720 hm=89116 ht=283156 pf=0 pm=0 pt=0 ru=235828 rp=242432
18:59:51.725 I (74752) stream: stream finished (silence): 1500 ms of audio sent (23 KB)
18:59:51.725 @T t=74462 s=0.000 lv=-39.1 pk=-36.9 c0=9.2 c1=11.0 kw=10.06 inf=2.48 iv=1.24 n=4 d=3 sk=0 hf=95720 hm=89116 ht=283156 pf=0 pm=0 pt=0 ru=235828 rp=242432
18:59:51.725 @T t=74548 s=0.000 lv=-39.0 pk=-38.4 c0=4.2 c1=10.5 kw=10.30 inf=2.72 iv=1.12 n=3 d=3 sk=0 hf=95720 hm=89116 ht=283156 pf=0 pm=0 pt=0 ru=235828 rp=242432
18:59:51.725 @T t=74654 s=0.000 lv=-39.3 pk=-37.1 c0=3.7 c1=8.5 kw=8.62 inf=2.81 iv=1.19 n=3 d=3 sk=0 hf=95720 hm=89116 ht=283156 pf=0 pm=0 pt=0 ru=235828 rp=242432
18:59:51.725 @T t=74760 s=0.000 lv=-39.2 pk=-37.1 c0=3.6 c1=10.2 kw=9.36 inf=2.30 iv=1.10 n=4 d=3 sk=0 hf=95720 hm=89116 ht=283156 pf=0 pm=0 pt=0 ru=235828 rp=242432
18:59:54.137 @T t=74846 s=0.000 lv=-39.0 pk=-37.5 c0=4.3 c1=9.3 kw=8.03 inf=3.10 iv=1.18 n=2 d=3 sk=0 hf=95720 hm=89116 ht=283156 pf=0 pm=0 pt=0 ru=235828 rp=242432
18:59:54.137 @T t=74952 s=0.000 lv=-38.0 pk=-35.9 c0=3.5 c1=9.9 kw=10.56 inf=2.62 iv=1.12 n=4 d=3 sk=0 hf=95720 hm=89116 ht=283156 pf=0 pm=0 pt=0 ru=235828 rp=242432
18:59:54.137 @T t=75058 s=0.000 lv=-38.5 pk=-36.8 c0=3.9 c1=10.2 kw=9.87 inf=2.43 iv=1.21 n=4 d=3 sk=0 hf=95720 hm=89116 ht=283156 pf=0 pm=0 pt=0 ru=235828 rp=242432
18:59:54.137 @T t=75144 s=0.000 lv=-39.4 pk=-37.2 c0=8.5 c1=8.2 kw=7.95 inf=3.13 iv=1.19 n=2 d=3 sk=0 hf=95720 hm=89116 ht=283156 pf=0 pm=0 pt=0 ru=235828 rp=242432
18:59:54.137 @I ww=marvin cut=0.50 win=5 cool=1000 tick=100 wifi=1 srv=1 li=0 ln=0
18:59:54.137 @T t=75258 s=0.000 lv=-38.7 pk=-37.8 c0=3.9 c1=8.3 kw=8.09 inf=2.09 iv=1.29 n=2 d=3 sk=2 hf=95720 hm=89116 ht=283156 pf=0 pm=0 pt=0 ru=235828 rp=242432
18:59:54.137 @T t=75344 s=0.000 lv=-39.4 pk=-38.2 c0=8.5 c1=5.7 kw=5.09 inf=1.89 iv=0.00 n=0 d=3 sk=2 hf=95720 hm=89116 ht=283156 pf=0 pm=0 pt=0 ru=235828 rp=242432
18:59:54.137 @T t=75452 s=0.000 lv=-39.6 pk=-38.0 c0=8.7 c1=6.0 kw=5.87 inf=1.39 iv=0.00 n=0 d=3 sk=4 hf=95720 hm=89116 ht=283156 pf=0 pm=0 pt=0 ru=235828 rp=242432
18:59:54.137 @T t=75558 s=0.000 lv=-38.7 pk=-37.5 c0=2.9 c1=5.1 kw=4.93 inf=1.51 iv=0.00 n=0 d=3 sk=3 hf=95720 hm=89116 ht=283156 pf=0 pm=0 pt=0 ru=235828 rp=242432
18:59:54.137 @T t=75644 s=0.000 lv=-39.9 pk=-38.5 c0=3.6 c1=5.1 kw=5.02 inf=1.81 iv=0.00 n=0 d=3 sk=2 hf=95720 hm=89116 ht=283156 pf=0 pm=0 pt=0 ru=235828 rp=242432
18:59:54.137 @T t=75750 s=0.000 lv=-39.2 pk=-38.6 c0=3.0 c1=6.1 kw=5.79 inf=1.36 iv=0.00 n=0 d=3 sk=4 hf=95720 hm=89116 ht=283156 pf=0 pm=0 pt=0 ru=235828 rp=242432
18:59:54.137 @T t=75856 s=0.000 lv=-39.2 pk=-37.7 c0=3.0 c1=5.1 kw=4.93 inf=1.51 iv=0.00 n=0 d=3 sk=3 hf=95720 hm=89116 ht=283156 pf=0 pm=0 pt=0 ru=235828 rp=242432
18:59:54.137 @T t=75942 s=0.000 lv=-36.8 pk=-35.5 c0=3.7 c1=5.0 kw=4.91 inf=1.83 iv=0.00 n=0 d=3 sk=2 hf=95720 hm=89116 ht=283156 pf=0 pm=0 pt=0 ru=235828 rp=242432
18:59:54.137 @T t=76048 s=0.000 lv=-39.0 pk=-37.4 c0=3.0 c1=6.1 kw=5.92 inf=1.36 iv=0.00 n=0 d=3 sk=4 hf=95720 hm=89116 ht=283156 pf=0 pm=0 pt=0 ru=235828 rp=242432
18:59:54.137 @T t=76154 s=0.000 lv=-39.1 pk=-38.5 c0=3.1 c1=5.1 kw=4.92 inf=1.51 iv=0.00 n=0 d=3 sk=3 hf=95720 hm=89116 ht=283156 pf=0 pm=0 pt=0 ru=235828 rp=242432
18:59:54.137 @I ww=marvin cut=0.50 win=5 cool=1000 tick=100 wifi=1 srv=1 li=0 ln=0
18:59:54.137 @T t=76247 s=0.000 lv=-39.0 pk=-38.1 c0=4.8 c1=6.0 kw=5.76 inf=1.53 iv=0.00 n=0 d=3 sk=3 hf=95720 hm=89116 ht=283156 pf=0 pm=0 pt=0 ru=235828 rp=242432
18:59:54.137 I (76696) stream: server: {"type":"response","text":"Play some music.","saved":"20260928_185949_746_e072a1d53274_marvin.wav"}
18:59:54.137 @T t=76353 s=0.000 lv=-38.0 pk=-37.3 c0=11.3 c1=5.7 kw=5.17 inf=1.58 iv=0.00 n=0 d=3 sk=3 hf=95720 hm=89116 ht=283156 pf=0 pm=0 pt=0 ru=235828 rp=242432
18:59:54.137 @T t=76458 s=0.000 lv=-37.0 pk=-35.5 c0=6.6 c1=5.1 kw=4.97 inf=1.52 iv=0.00 n=0 d=3 sk=3 hf=95720 hm=89116 ht=283156 pf=0 pm=0 pt=0 ru=235828 rp=242432
18:59:54.137 @T t=76544 s=0.000 lv=-39.5 pk=-37.1 c0=3.6 c1=5.1 kw=5.05 inf=1.22 iv=0.00 n=0 d=3 sk=3 hf=95720 hm=89116 ht=283156 pf=0 pm=0 pt=0 ru=235828 rp=242432
18:59:54.137 @T t=76650 s=0.000 lv=-39.8 pk=-38.9 c0=3.0 c1=6.1 kw=5.78 inf=1.81 iv=0.00 n=0 d=3 sk=3 hf=95720 hm=89116 ht=283156 pf=0 pm=0 pt=0 ru=235828 rp=242432
18:59:54.137 @T t=76756 s=0.000 lv=-38.6 pk=-38.1 c0=3.0 c1=5.1 kw=4.97 inf=1.52 iv=0.00 n=0 d=3 sk=3 hf=95720 hm=89116 ht=283156 pf=0 pm=0 pt=0 ru=235828 rp=242432
18:59:54.137 @T t=76842 s=0.000 lv=-39.2 pk=-37.9 c0=3.7 c1=5.0 kw=4.88 inf=1.82 iv=0.00 n=0 d=3 sk=2 hf=95720 hm=89116 ht=283156 pf=0 pm=0 pt=0 ru=235828 rp=242432
18:59:54.137 @T t=76948 s=0.000 lv=-39.7 pk=-38.3 c0=3.1 c1=6.1 kw=5.93 inf=1.36 iv=0.00 n=0 d=3 sk=4 hf=95720 hm=89116 ht=283156 pf=0 pm=0 pt=0 ru=235828 rp=242432
18:59:54.137 @T t=77054 s=0.000 lv=-39.7 pk=-39.1 c0=3.0 c1=5.1 kw=4.93 inf=1.51 iv=0.00 n=0 d=3 sk=3 hf=95720 hm=89116 ht=283156 pf=0 pm=0 pt=0 ru=235828 rp=242432
18:59:54.137 @T t=77161 s=0.000 lv=-39.2 pk=-38.3 c0=3.1 c1=5.1 kw=4.97 inf=1.52 iv=0.00 n=0 d=3 sk=3 hf=95720 hm=89116 ht=283156 pf=0 pm=0 pt=0 ru=235828 rp=242432
18:59:54.137 @I ww=marvin cut=0.50 win=5 cool=1000 tick=100 wifi=1 srv=1 li=0 ln=0
18:59:56.437 @T t=77253 s=0.000 lv=-35.3 pk=-31.1 c0=4.5 c1=13.5 kw=4.74 inf=0.37 iv=0.00 n=8 d=3 sk=2 hf=95720 hm=89116 ht=283156 pf=0 pm=0 pt=0 ru=235828 rp=242432
18:59:56.437 @T t=77359 s=0.000 lv=-24.4 pk=-22.5 c0=7.2 c1=12.8 kw=19.76 inf=4.04 iv=2.81 n=5 d=3 sk=0 hf=95720 hm=89116 ht=283156 pf=0 pm=0 pt=0 ru=235828 rp=242432
18:59:56.437 @T t=77445 s=0.000 lv=-29.9 pk=-26.1 c0=7.5 c1=9.3 kw=9.26 inf=2.42 iv=1.14 n=3 d=3 sk=0 hf=95720 hm=89116 ht=283156 pf=0 pm=0 pt=0 ru=235828 rp=242432
18:59:56.437 @T t=77554 s=0.006 lv=-35.7 pk=-34.0 c0=8.8 c1=10.8 kw=10.54 inf=2.69 iv=1.22 n=4 d=3 sk=0 hf=95720 hm=89116 ht=283156 pf=0 pm=0 pt=0 ru=235828 rp=242432
18:59:56.437 @T t=77660 s=0.016 lv=-39.3 pk=-38.1 c0=4.0 c1=9.1 kw=8.92 inf=2.91 iv=1.29 n=3 d=3 sk=0 hf=95720 hm=89116 ht=283156 pf=0 pm=0 pt=0 ru=235828 rp=242432
18:59:56.437 @T t=77746 s=0.328 lv=-39.4 pk=-38.4 c0=4.3 c1=11.0 kw=9.80 inf=2.56 iv=1.24 n=3 d=3 sk=0 hf=95720 hm=89116 ht=283156 pf=0 pm=0 pt=0 ru=235828 rp=242432
18:59:56.437 I (78169) kws: >>> WAKE WORD "marvin" DETECTED  (score 0.64, t = 77.79 s)
18:59:56.437 I (78190) stream: first audio sent 19 ms after the detection
18:59:56.437 @T t=77852 s=0.641 lv=-40.4 pk=-39.1 c0=14.9 c1=14.5 kw=12.82 inf=3.21 iv=1.64 n=4 d=4 sk=0 hf=95720 hm=89116 ht=283156 pf=0 pm=0 pt=0 ru=235828 rp=242432
18:59:56.437 @T t=77958 s=0.984 lv=-40.0 pk=-38.6 c0=14.5 c1=11.9 kw=10.51 inf=3.46 iv=1.69 n=3 d=4 sk=0 hf=95720 hm=89116 ht=283156 pf=0 pm=0 pt=0 ru=235828 rp=242432
18:59:56.437 @T t=78044 s=0.980 lv=-38.6 pk=-37.9 c0=15.3 c1=12.1 kw=11.32 inf=3.04 iv=1.62 n=3 d=4 sk=0 hf=95720 hm=89116 ht=283156 pf=0 pm=0 pt=0 ru=235828 rp=242432
18:59:56.437 @T t=78153 s=0.902 lv=-36.9 pk=-34.9 c0=19.7 c1=16.1 kw=14.05 inf=3.60 iv=1.94 n=4 d=4 sk=0 hf=95720 hm=88904 ht=283156 pf=0 pm=0 pt=0 ru=235828 rp=242644
18:59:56.437 @I ww=marvin cut=0.50 win=5 cool=1000 tick=100 wifi=1 srv=1 li=0 ln=0
18:59:56.437 @T t=78251 s=0.541 lv=-32.8 pk=-29.8 c0=25.0 c1=12.7 kw=11.44 inf=3.48 iv=1.68 n=3 d=4 sk=0 hf=95700 hm=88904 ht=283156 pf=0 pm=0 pt=0 ru=237612 rp=242644
18:59:56.437 @T t=78358 s=0.168 lv=-35.7 pk=-34.3 c0=15.2 c1=14.1 kw=11.87 inf=2.99 iv=1.62 n=4 d=4 sk=0 hf=95720 hm=88904 ht=283156 pf=0 pm=0 pt=0 ru=235828 rp=242644
18:59:56.437 I (78789) wake_word: score event: peak 0.98 over 570 ms -> detected
18:59:56.437 @T t=78444 s=0.011 lv=-30.8 pk=-28.6 c0=15.5 c1=11.8 kw=10.39 inf=4.16 iv=1.48 n=2 d=4 sk=0 hf=95720 hm=88904 ht=283156 pf=0 pm=0 pt=0 ru=235828 rp=242644
18:59:56.437 @T t=78553 s=0.004 lv=-27.3 pk=-22.8 c0=16.6 c1=14.5 kw=12.92 inf=3.29 iv=1.68 n=4 d=4 sk=0 hf=95720 hm=88904 ht=283156 pf=0 pm=0 pt=0 ru=235828 rp=242644
18:59:56.437 I (78973) wifi:[ADDBA]RX DELBA, reason:37, delete tid:0, initiator:1(originator)
18:59:56.437 I (78974) wifi:[ADDBA]RX DELBA, reason:37, delete tid:0, initiator:1(originator)
18:59:56.437 @T t=78659 s=0.000 lv=-25.3 pk=-22.9 c0=17.6 c1=13.4 kw=11.85 inf=2.95 iv=1.62 n=4 d=4 sk=0 hf=95720 hm=88904 ht=283156 pf=0 pm=0 pt=0 ru=235828 rp=242644
18:59:56.437 @T t=78750 s=0.000 lv=-34.4 pk=-30.8 c0=20.6 c1=13.8 kw=12.44 inf=3.52 iv=1.72 n=3 d=4 sk=0 hf=92080 hm=88904 ht=283156 pf=0 pm=0 pt=0 ru=239468 rp=242644
18:59:56.437 @T t=78856 s=0.000 lv=-36.9 pk=-32.9 c0=14.9 c1=11.9 kw=10.22 inf=3.36 iv=1.58 n=3 d=4 sk=0 hf=95720 hm=88904 ht=283156 pf=0 pm=0 pt=0 ru=235828 rp=242644
18:59:56.437 @T t=78962 s=0.000 lv=-34.5 pk=-32.7 c0=14.8 c1=13.4 kw=11.79 inf=2.94 iv=1.62 n=4 d=4 sk=0 hf=95720 hm=88904 ht=283156 pf=0 pm=0 pt=0 ru=235828 rp=242644
18:59:56.437 @T t=79051 s=0.000 lv=-34.2 pk=-32.5 c0=19.5 c1=13.4 kw=11.89 inf=3.27 iv=1.52 n=3 d=4 sk=0 hf=91876 hm=88904 ht=283156 pf=0 pm=0 pt=0 ru=239672 rp=242644
18:59:56.437 @T t=79157 s=0.000 lv=-32.3 pk=-29.5 c0=14.9 c1=12.0 kw=10.63 inf=3.50 iv=1.65 n=3 d=4 sk=0 hf=95720 hm=88904 ht=283156 pf=0 pm=0 pt=0 ru=235828 rp=242644
18:59:56.437 @I ww=marvin cut=0.50 win=5 cool=1000 tick=100 wifi=1 srv=1 li=0 ln=0
18:59:56.437 @T t=79251 s=0.000 lv=-36.3 pk=-34.6 c0=17.4 c1=13.6 kw=12.67 inf=2.79 iv=1.47 n=4 d=4 sk=0 hf=95720 hm=88904 ht=283156 pf=0 pm=0 pt=0 ru=235828 rp=242644
18:59:56.437 @T t=79358 s=0.000 lv=-39.6 pk=-38.0 c0=18.8 c1=15.2 kw=9.99 inf=3.31 iv=1.56 n=3 d=4 sk=0 hf=95720 hm=79536 ht=283156 pf=0 pm=0 pt=0 ru=235828 rp=252012
18:59:56.437 @T t=79444 s=0.000 lv=-39.2 pk=-38.4 c0=15.2 c1=12.7 kw=11.11 inf=2.98 iv=1.59 n=3 d=4 sk=0 hf=95720 hm=79536 ht=283156 pf=0 pm=0 pt=0 ru=235828 rp=252012
18:59:58.630 @T t=79553 s=0.000 lv=-38.4 pk=-36.9 c0=17.2 c1=14.8 kw=13.12 inf=3.34 iv=1.70 n=4 d=4 sk=0 hf=95720 hm=79536 ht=283156 pf=0 pm=0 pt=0 ru=235828 rp=252012
18:59:58.630 @T t=79659 s=0.000 lv=-40.2 pk=-39.2 c0=14.2 c1=11.5 kw=9.94 inf=3.26 iv=1.46 n=3 d=4 sk=0 hf=95720 hm=79536 ht=283156 pf=0 pm=0 pt=0 ru=235828 rp=252012
18:59:58.630 @T t=79750 s=0.000 lv=-38.8 pk=-36.9 c0=16.5 c1=13.1 kw=11.42 inf=3.21 iv=1.45 n=3 d=4 sk=0 hf=95720 hm=79536 ht=283156 pf=0 pm=0 pt=0 ru=235828 rp=252012
18:59:58.630 I (80173) stream: stream finished (silence): 2000 ms of audio sent (31 KB)
18:59:58.630 @T t=79856 s=0.000 lv=-39.1 pk=-38.4 c0=11.4 c1=11.4 kw=10.57 inf=2.62 iv=1.34 n=4 d=4 sk=0 hf=95720 hm=79536 ht=283156 pf=0 pm=0 pt=0 ru=235828 rp=252012
18:59:58.630 @T t=79962 s=0.000 lv=-39.7 pk=-38.3 c0=3.6 c1=8.5 kw=8.32 inf=2.70 iv=1.11 n=3 d=4 sk=0 hf=95720 hm=79536 ht=283156 pf=0 pm=0 pt=0 ru=235828 rp=252012
18:59:58.630 @T t=80048 s=0.000 lv=-39.9 pk=-39.0 c0=4.0 c1=10.6 kw=10.35 inf=2.72 iv=1.14 n=3 d=4 sk=0 hf=95720 hm=79536 ht=283156 pf=0 pm=0 pt=0 ru=235828 rp=252012
18:59:58.630 @T t=80154 s=0.000 lv=-39.3 pk=-38.3 c0=3.5 c1=9.5 kw=9.29 inf=2.28 iv=1.09 n=4 d=4 sk=0 hf=95720 hm=79536 ht=283156 pf=0 pm=0 pt=0 ru=235828 rp=252012
18:59:58.630 @I ww=marvin cut=0.50 win=5 cool=1000 tick=100 wifi=1 srv=1 li=0 ln=0
18:59:58.630 @T t=80246 s=0.000 lv=-39.7 pk=-39.1 c0=4.6 c1=8.7 kw=7.50 inf=2.06 iv=0.79 n=3 d=4 sk=0 hf=95720 hm=79536 ht=283156 pf=0 pm=0 pt=0 ru=235828 rp=252012
18:59:58.630 @T t=80352 s=0.000 lv=-40.3 pk=-39.0 c0=3.4 c1=9.6 kw=10.09 inf=3.33 iv=1.44 n=3 d=4 sk=0 hf=95720 hm=79536 ht=283156 pf=0 pm=0 pt=0 ru=235828 rp=252012
18:59:58.630 @T t=80459 s=0.000 lv=-38.5 pk=-37.7 c0=6.9 c1=9.4 kw=9.19 inf=2.28 iv=1.09 n=4 d=4 sk=0 hf=95720 hm=79536 ht=283156 pf=0 pm=0 pt=0 ru=235828 rp=252012
18:59:58.630 @T t=80544 s=0.000 lv=-39.3 pk=-37.8 c0=7.0 c1=8.1 kw=7.93 inf=3.08 iv=1.17 n=2 d=4 sk=0 hf=95720 hm=79536 ht=283156 pf=0 pm=0 pt=0 ru=235828 rp=252012
18:59:58.630 @T t=80650 s=0.000 lv=-39.0 pk=-36.9 c0=6.1 c1=10.8 kw=10.57 inf=2.58 iv=1.12 n=4 d=4 sk=0 hf=95720 hm=79536 ht=283156 pf=0 pm=0 pt=0 ru=235828 rp=252012
18:59:58.630 @T t=80756 s=0.000 lv=-38.4 pk=-37.8 c0=3.8 c1=7.9 kw=7.75 inf=1.87 iv=1.34 n=2 d=4 sk=2 hf=95720 hm=79536 ht=283156 pf=0 pm=0 pt=0 ru=235828 rp=252012
18:59:58.630 @T t=80862 s=0.000 lv=-40.4 pk=-39.2 c0=3.5 c1=5.1 kw=4.98 inf=1.53 iv=0.00 n=0 d=4 sk=3 hf=95720 hm=79536 ht=283156 pf=0 pm=0 pt=0 ru=235828 rp=252012
18:59:58.631 @T t=80948 s=0.000 lv=-40.4 pk=-39.5 c0=3.8 c1=6.3 kw=6.09 inf=1.51 iv=0.00 n=0 d=4 sk=3 hf=95720 hm=79536 ht=283156 pf=0 pm=0 pt=0 ru=235828 rp=252012
18:59:58.631 @T t=81053 s=0.000 lv=-40.1 pk=-39.3 c0=3.0 c1=5.1 kw=4.92 inf=1.50 iv=0.00 n=0 d=4 sk=3 hf=95720 hm=79536 ht=283156 pf=0 pm=0 pt=0 ru=235828 rp=252012
18:59:58.631 [status] up 81s | mic -35.1 dBFS (peak -22.4) | score max 0.98 | detections 4 | inferences 262 (26.2/s; model 1.36 ms each, paused in quiet 23%; features 1.47 ms per 30 ms) | CPU core0  9.8% core1 10.0% (wake word pipeline 9.28% of one core) | RAM used 230 KB (peak 246 KB, 93 KB free) | wifi OK, server OK | audio lost since boot: i2s 0 net 0
18:59:58.631 @T t=81162 s=0.000 lv=-39.1 pk=-37.7 c0=7.2 c1=5.1 kw=4.93 inf=1.54 iv=0.00 n=0 d=4 sk=3 hf=95720 hm=79536 ht=283156 pf=0 pm=0 pt=0 ru=235828 rp=252012
18:59:58.631 @I ww=marvin cut=0.50 win=5 cool=1000 tick=100 wifi=1 srv=1 li=0 ln=0
18:59:58.631 @T t=81253 s=0.000 lv=-39.3 pk=-37.5 c0=4.4 c1=5.9 kw=5.72 inf=1.52 iv=0.00 n=0 d=4 sk=3 hf=95720 hm=79536 ht=283156 pf=0 pm=0 pt=0 ru=235828 rp=252012
18:59:58.631 @T t=81361 s=0.000 lv=-39.8 pk=-39.3 c0=6.4 c1=5.4 kw=4.89 inf=1.51 iv=0.00 n=0 d=4 sk=3 hf=95720 hm=79536 ht=283156 pf=0 pm=0 pt=0 ru=235828 rp=252012
18:59:58.631 @T t=81446 s=0.000 lv=-38.6 pk=-37.1 c0=8.1 c1=6.3 kw=6.26 inf=1.56 iv=0.00 n=0 d=4 sk=3 hf=95720 hm=79536 ht=283156 pf=0 pm=0 pt=0 ru=235828 rp=252012
18:59:58.631 @T t=81552 s=0.000 lv=-38.9 pk=-37.9 c0=2.9 c1=5.1 kw=4.93 inf=1.51 iv=0.00 n=0 d=4 sk=3 hf=95720 hm=79536 ht=283156 pf=0 pm=0 pt=0 ru=235828 rp=252012
18:59:58.631 @T t=81659 s=0.000 lv=-39.2 pk=-37.9 c0=3.6 c1=5.1 kw=4.94 inf=1.51 iv=0.00 n=0 d=4 sk=3 hf=95720 hm=79536 ht=283156 pf=0 pm=0 pt=0 ru=235828 rp=252012
18:59:58.631 I (82068) stream: server: {"type":"response","text":"He sent an alarm for seven.","saved":"20260928_185954_669_e072a1d53274_marvin.wav"}
19:00:01.141 @T t=81747 s=0.000 lv=-38.6 pk=-37.0 c0=8.6 c1=6.8 kw=6.19 inf=1.57 iv=0.00 n=0 d=4 sk=3 hf=95720 hm=79536 ht=283156 pf=0 pm=0 pt=0 ru=235828 rp=252012
19:00:01.142 @T t=81853 s=0.000 lv=-39.4 pk=-38.2 c0=4.2 c1=5.2 kw=5.07 inf=1.55 iv=0.00 n=0 d=4 sk=3 hf=95720 hm=79536 ht=283156 pf=0 pm=0 pt=0 ru=235828 rp=252012
19:00:01.142 I (82330) wifi:[ADDBA]RX DELBA, reason:37, delete tid:0, initiator:1(originator)
19:00:01.142 @T t=81959 s=0.000 lv=-39.4 pk=-38.6 c0=5.2 c1=5.1 kw=4.99 inf=1.53 iv=0.00 n=0 d=4 sk=3 hf=95720 hm=79536 ht=283156 pf=0 pm=0 pt=0 ru=235828 rp=252012
19:00:01.142 @T t=82044 s=0.000 lv=-39.7 pk=-39.2 c0=7.9 c1=5.2 kw=5.16 inf=1.24 iv=0.00 n=0 d=4 sk=3 hf=95720 hm=79536 ht=283156 pf=0 pm=0 pt=0 ru=235828 rp=252012
19:00:01.142 @T t=82151 s=0.000 lv=-40.6 pk=-38.6 c0=3.1 c1=6.2 kw=5.79 inf=1.81 iv=0.00 n=0 d=4 sk=3 hf=95720 hm=79536 ht=283156 pf=0 pm=0 pt=0 ru=235828 rp=252012
19:00:01.142 @I ww=marvin cut=0.50 win=5 cool=1000 tick=100 wifi=1 srv=1 li=0 ln=0
19:00:01.142 @T t=82242 s=0.000 lv=-40.3 pk=-39.0 c0=13.3 c1=4.7 kw=4.55 inf=1.81 iv=0.00 n=0 d=4 sk=2 hf=95720 hm=79536 ht=283156 pf=0 pm=0 pt=0 ru=235828 rp=252012
19:00:01.142 @T t=82348 s=0.000 lv=-40.4 pk=-38.7 c0=3.1 c1=6.1 kw=5.93 inf=1.36 iv=0.00 n=0 d=4 sk=4 hf=95720 hm=79536 ht=283156 pf=0 pm=0 pt=0 ru=235828 rp=252012
19:00:01.142 @T t=82454 s=0.000 lv=-40.4 pk=-39.4 c0=3.0 c1=5.1 kw=4.93 inf=1.51 iv=0.00 n=0 d=4 sk=3 hf=95720 hm=79536 ht=283156 pf=0 pm=0 pt=0 ru=235828 rp=252012
19:00:01.142 @T t=82560 s=0.000 lv=-38.8 pk=-36.6 c0=2.9 c1=5.1 kw=4.93 inf=1.51 iv=0.00 n=0 d=4 sk=3 hf=95720 hm=79536 ht=283156 pf=0 pm=0 pt=0 ru=235828 rp=252012
19:00:01.142 @T t=82647 s=0.000 lv=-26.4 pk=-24.4 c0=4.0 c1=21.7 kw=21.47 inf=1.37 iv=0.99 n=13 d=4 sk=0 hf=95720 hm=79536 ht=283156 pf=0 pm=0 pt=0 ru=235828 rp=252012
19:00:01.142 @T t=82753 s=0.000 lv=-32.5 pk=-27.8 c0=3.9 c1=8.8 kw=8.58 inf=2.79 iv=1.20 n=3 d=4 sk=0 hf=95720 hm=79536 ht=283156 pf=0 pm=0 pt=0 ru=235828 rp=252012
19:00:01.142 @T t=82859 s=0.000 lv=-37.8 pk=-35.7 c0=3.5 c1=8.9 kw=8.69 inf=2.83 iv=1.22 n=3 d=4 sk=0 hf=95720 hm=79536 ht=283156 pf=0 pm=0 pt=0 ru=235828 rp=252012
19:00:01.142 @T t=82945 s=0.000 lv=-39.3 pk=-38.3 c0=4.9 c1=10.2 kw=10.12 inf=2.65 iv=1.32 n=3 d=4 sk=0 hf=95720 hm=79536 ht=283156 pf=0 pm=0 pt=0 ru=235828 rp=252012
19:00:01.142 @T t=83054 s=0.039 lv=-39.0 pk=-38.1 c0=8.9 c1=11.0 kw=10.74 inf=2.75 iv=1.25 n=4 d=4 sk=0 hf=95720 hm=79536 ht=283156 pf=0 pm=0 pt=0 ru=235828 rp=252012
19:00:01.142 @T t=83160 s=0.080 lv=-24.1 pk=-20.3 c0=3.5 c1=8.9 kw=8.77 inf=2.86 iv=1.23 n=3 d=4 sk=0 hf=95720 hm=79536 ht=283156 pf=0 pm=0 pt=0 ru=235828 rp=252012
19:00:01.142 @I ww=marvin cut=0.50 win=5 cool=1000 tick=100 wifi=1 srv=1 li=0 ln=0
19:00:01.142 @T t=83252 s=0.075 lv=-24.5 pk=-21.0 c0=5.0 c1=11.7 kw=11.47 inf=2.45 iv=1.22 n=4 d=4 sk=0 hf=95720 hm=79536 ht=283156 pf=0 pm=0 pt=0 ru=235828 rp=252012
19:00:01.142 @T t=83358 s=0.007 lv=-27.8 pk=-25.0 c0=3.5 c1=8.8 kw=8.62 inf=2.80 iv=1.20 n=3 d=4 sk=0 hf=95720 hm=79536 ht=283156 pf=0 pm=0 pt=0 ru=235828 rp=252012
19:00:01.142 @T t=83444 s=0.001 lv=-29.3 pk=-26.2 c0=4.1 c1=9.4 kw=9.20 inf=2.44 iv=1.17 n=3 d=4 sk=0 hf=95720 hm=79536 ht=283156 pf=0 pm=0 pt=0 ru=235828 rp=252012
19:00:01.142 @T t=83550 s=0.000 lv=-34.7 pk=-29.0 c0=3.4 c1=10.8 kw=10.59 inf=2.58 iv=1.14 n=4 d=4 sk=0 hf=95720 hm=79536 ht=283156 pf=0 pm=0 pt=0 ru=235828 rp=252012
19:00:01.142 @T t=83656 s=0.000 lv=-40.8 pk=-40.4 c0=3.4 c1=8.5 kw=8.33 inf=2.71 iv=1.12 n=3 d=4 sk=0 hf=95720 hm=79536 ht=283156 pf=0 pm=0 pt=0 ru=235828 rp=252012
19:00:01.142 @T t=83762 s=0.000 lv=-40.2 pk=-38.5 c0=6.6 c1=9.4 kw=8.87 inf=2.89 iv=1.26 n=3 d=4 sk=0 hf=95720 hm=79536 ht=283156 pf=0 pm=0 pt=0 ru=235828 rp=252012
19:00:01.142 @T t=83848 s=0.000 lv=-40.4 pk=-38.9 c0=5.0 c1=12.4 kw=12.15 inf=2.43 iv=1.21 n=4 d=4 sk=0 hf=95720 hm=79536 ht=283156 pf=0 pm=0 pt=0 ru=235828 rp=252012
19:00:01.142 @T t=83954 s=0.000 lv=-39.6 pk=-38.1 c0=3.5 c1=8.5 kw=8.38 inf=2.72 iv=1.13 n=3 d=4 sk=0 hf=95720 hm=79536 ht=283156 pf=0 pm=0 pt=0 ru=235828 rp=252012
19:00:01.142 @T t=84060 s=0.000 lv=-39.3 pk=-37.7 c0=3.7 c1=8.5 kw=8.31 inf=2.70 iv=1.11 n=3 d=4 sk=0 hf=95720 hm=79536 ht=283156 pf=0 pm=0 pt=0 ru=235828 rp=252012
19:00:01.142 @T t=84146 s=0.000 lv=-38.8 pk=-35.2 c0=4.3 c1=10.9 kw=9.62 inf=2.51 iv=1.21 n=3 d=4 sk=0 hf=95720 hm=79536 ht=283156 pf=0 pm=0 pt=0 ru=235828 rp=252012
19:00:01.142 @I ww=marvin cut=0.50 win=5 cool=1000 tick=100 wifi=1 srv=1 li=0 ln=0
19:00:03.725 @T t=84258 s=0.000 lv=-39.7 pk=-37.1 c0=11.3 c1=9.1 kw=9.73 inf=2.55 iv=1.13 n=4 d=4 sk=0 hf=95720 hm=79536 ht=283156 pf=0 pm=0 pt=0 ru=235828 rp=252012
19:00:03.725 @T t=84344 s=0.000 lv=-40.8 pk=-39.6 c0=4.1 c1=9.2 kw=9.05 inf=2.40 iv=1.13 n=3 d=4 sk=0 hf=95720 hm=79536 ht=283156 pf=0 pm=0 pt=0 ru=235828 rp=252012
19:00:03.725 @T t=84450 s=0.000 lv=-40.0 pk=-39.0 c0=6.5 c1=10.5 kw=10.33 inf=2.52 iv=1.07 n=4 d=4 sk=0 hf=95720 hm=79536 ht=283156 pf=0 pm=0 pt=0 ru=235828 rp=252012
19:00:03.725 @T t=84556 s=0.000 lv=-40.1 pk=-38.2 c0=3.3 c1=8.5 kw=8.28 inf=2.69 iv=1.11 n=3 d=4 sk=0 hf=95720 hm=79536 ht=283156 pf=0 pm=0 pt=0 ru=235828 rp=252012
19:00:03.725 @T t=84662 s=0.000 lv=-39.7 pk=-39.2 c0=6.6 c1=8.5 kw=8.32 inf=2.70 iv=1.12 n=3 d=4 sk=0 hf=95720 hm=79536 ht=283156 pf=0 pm=0 pt=0 ru=235828 rp=252012
19:00:03.725 @T t=84748 s=0.000 lv=-39.2 pk=-38.2 c0=4.7 c1=12.0 kw=11.80 inf=2.35 iv=1.14 n=4 d=4 sk=0 hf=95720 hm=79536 ht=283156 pf=0 pm=0 pt=0 ru=235828 rp=252012
19:00:03.725 @T t=84854 s=0.000 lv=-40.5 pk=-39.2 c0=3.4 c1=8.5 kw=8.36 inf=2.72 iv=1.13 n=3 d=4 sk=0 hf=95720 hm=79536 ht=283156 pf=0 pm=0 pt=0 ru=235828 rp=252012
19:00:03.725 @T t=84960 s=0.000 lv=-39.7 pk=-38.1 c0=3.5 c1=8.6 kw=8.40 inf=2.73 iv=1.13 n=3 d=4 sk=0 hf=95720 hm=79536 ht=283156 pf=0 pm=0 pt=0 ru=235828 rp=252012
19:00:03.725 @T t=85047 s=0.000 lv=-40.6 pk=-40.0 c0=4.2 c1=10.7 kw=10.43 inf=2.78 iv=1.18 n=3 d=4 sk=0 hf=95720 hm=79536 ht=283156 pf=0 pm=0 pt=0 ru=235828 rp=252012
19:00:03.725 @T t=85153 s=0.000 lv=-40.5 pk=-39.0 c0=3.4 c1=5.1 kw=5.01 inf=1.53 iv=0.00 n=0 d=4 sk=3 hf=95720 hm=79536 ht=283156 pf=0 pm=0 pt=0 ru=235828 rp=252012
19:00:03.725 @I ww=marvin cut=0.50 win=5 cool=1000 tick=100 wifi=1 srv=1 li=0 ln=0
19:00:03.725 @T t=85245 s=0.000 lv=-39.2 pk=-38.7 c0=4.8 c1=4.9 kw=4.77 inf=1.23 iv=0.00 n=0 d=4 sk=3 hf=95720 hm=79536 ht=283156 pf=0 pm=0 pt=0 ru=235828 rp=252012
19:00:03.725 @T t=85351 s=0.000 lv=-40.2 pk=-39.0 c0=3.3 c1=6.2 kw=5.99 inf=1.88 iv=0.00 n=0 d=4 sk=3 hf=95720 hm=79536 ht=283156 pf=0 pm=0 pt=0 ru=235828 rp=252012
19:00:03.725 @T t=85456 s=0.000 lv=-39.8 pk=-38.7 c0=3.0 c1=5.1 kw=4.95 inf=1.52 iv=0.00 n=0 d=4 sk=3 hf=95720 hm=79536 ht=283156 pf=0 pm=0 pt=0 ru=235828 rp=252012
19:00:03.725 @T t=85542 s=0.000 lv=-39.6 pk=-38.6 c0=3.6 c1=5.0 kw=4.90 inf=1.83 iv=0.00 n=0 d=4 sk=2 hf=95720 hm=79536 ht=283156 pf=0 pm=0 pt=0 ru=235828 rp=252012
19:00:03.725 @T t=85648 s=0.000 lv=-40.6 pk=-39.6 c0=3.0 c1=6.1 kw=5.89 inf=1.35 iv=0.00 n=0 d=4 sk=4 hf=95720 hm=79536 ht=283156 pf=0 pm=0 pt=0 ru=235828 rp=252012
19:00:03.725 @T t=85755 s=0.000 lv=-39.3 pk=-37.8 c0=6.2 c1=5.6 kw=5.09 inf=1.56 iv=0.00 n=0 d=4 sk=3 hf=95720 hm=79536 ht=283156 pf=0 pm=0 pt=0 ru=235828 rp=252012
19:00:03.725 @T t=85861 s=0.000 lv=-39.7 pk=-37.6 c0=4.0 c1=5.2 kw=5.01 inf=1.54 iv=0.00 n=0 d=4 sk=3 hf=95720 hm=79536 ht=283156 pf=0 pm=0 pt=0 ru=235828 rp=252012
19:00:03.725 @T t=85947 s=0.000 lv=-40.6 pk=-39.1 c0=4.1 c1=6.3 kw=6.12 inf=1.52 iv=0.00 n=0 d=4 sk=3 hf=95720 hm=79536 ht=283156 pf=0 pm=0 pt=0 ru=235828 rp=252012
19:00:03.725 @T t=86052 s=0.000 lv=-39.7 pk=-37.9 c0=3.0 c1=5.1 kw=4.95 inf=1.52 iv=0.00 n=0 d=4 sk=3 hf=95720 hm=79536 ht=283156 pf=0 pm=0 pt=0 ru=235828 rp=252012
19:00:03.725 @T t=86159 s=0.000 lv=-40.6 pk=-38.9 c0=3.1 c1=5.1 kw=4.94 inf=1.52 iv=0.00 n=0 d=4 sk=3 hf=95720 hm=79536 ht=283156 pf=0 pm=0 pt=0 ru=235828 rp=252012
19:00:03.725 @I ww=marvin cut=0.50 win=5 cool=1000 tick=100 wifi=1 srv=1 li=0 ln=0
19:00:03.725 @T t=86251 s=0.000 lv=-39.3 pk=-36.8 c0=13.4 c1=5.9 kw=5.70 inf=1.52 iv=0.00 n=0 d=4 sk=3 hf=95720 hm=79536 ht=283156 pf=0 pm=0 pt=0 ru=235828 rp=252012
19:00:03.725 @T t=86357 s=0.000 lv=-41.0 pk=-39.6 c0=3.5 c1=5.2 kw=5.05 inf=1.55 iv=0.00 n=0 d=4 sk=3 hf=95720 hm=79536 ht=283156 pf=0 pm=0 pt=0 ru=235828 rp=252012
19:00:03.725 @T t=86442 s=0.000 lv=-40.6 pk=-39.4 c0=4.0 c1=5.0 kw=4.89 inf=1.82 iv=0.00 n=0 d=4 sk=2 hf=95720 hm=79536 ht=283156 pf=0 pm=0 pt=0 ru=235828 rp=252012
19:00:03.725 @T t=86548 s=0.000 lv=-40.6 pk=-38.1 c0=3.0 c1=6.1 kw=5.89 inf=1.35 iv=0.00 n=0 d=4 sk=4 hf=95720 hm=79536 ht=283156 pf=0 pm=0 pt=0 ru=235828 rp=252012
19:00:03.725 @T t=86654 s=0.000 lv=-40.7 pk=-39.3 c0=3.0 c1=5.1 kw=4.92 inf=1.51 iv=0.00 n=0 d=4 sk=3 hf=95720 hm=79536 ht=283156 pf=0 pm=0 pt=0 ru=235828 rp=252012
19:00:03.725 @T t=86761 s=0.000 lv=-39.2 pk=-38.3 c0=3.5 c1=5.2 kw=4.99 inf=1.53 iv=0.00 n=0 d=4 sk=3 hf=95720 hm=79536 ht=283156 pf=0 pm=0 pt=0 ru=235828 rp=252012
19:00:06.240 @T t=86847 s=0.000 lv=-28.2 pk=-23.0 c0=4.0 c1=19.0 kw=18.79 inf=1.29 iv=0.97 n=11 d=4 sk=1 hf=95720 hm=79536 ht=283156 pf=0 pm=0 pt=0 ru=235828 rp=252012
19:00:06.240 @T t=86953 s=0.000 lv=-25.3 pk=-22.1 c0=3.5 c1=9.6 kw=9.38 inf=2.31 iv=1.11 n=4 d=4 sk=0 hf=95720 hm=79536 ht=283156 pf=0 pm=0 pt=0 ru=235828 rp=252012
19:00:06.240 @T t=87059 s=0.000 lv=-36.5 pk=-34.7 c0=3.3 c1=8.6 kw=8.41 inf=2.73 iv=1.15 n=3 d=4 sk=0 hf=95720 hm=79536 ht=283156 pf=0 pm=0 pt=0 ru=235828 rp=252012
19:00:06.240 @T t=87145 s=0.000 lv=-39.9 pk=-38.2 c0=4.4 c1=9.7 kw=9.63 inf=2.52 iv=1.22 n=3 d=4 sk=0 hf=95720 hm=79536 ht=283156 pf=0 pm=0 pt=0 ru=235828 rp=252012
19:00:06.240 @I ww=marvin cut=0.50 win=5 cool=1000 tick=100 wifi=1 srv=1 li=0 ln=0
19:00:06.240 @T t=87257 s=0.001 lv=-39.0 pk=-37.5 c0=4.0 c1=10.4 kw=10.14 inf=2.66 iv=1.16 n=4 d=4 sk=0 hf=95720 hm=79536 ht=283156 pf=0 pm=0 pt=0 ru=235828 rp=252012
19:00:06.240 @T t=87343 s=0.005 lv=-39.8 pk=-39.0 c0=4.3 c1=8.2 kw=8.03 inf=3.16 iv=1.23 n=2 d=4 sk=0 hf=95720 hm=79536 ht=283156 pf=0 pm=0 pt=0 ru=235828 rp=252012
19:00:06.240 @T t=87449 s=0.008 lv=-39.3 pk=-37.9 c0=3.8 c1=11.0 kw=10.82 inf=2.64 iv=1.19 n=4 d=4 sk=0 hf=95720 hm=79536 ht=283156 pf=0 pm=0 pt=0 ru=235828 rp=252012
19:00:06.240 @T t=87555 s=0.004 lv=-30.2 pk=-26.3 c0=3.4 c1=9.8 kw=9.64 inf=2.38 iv=1.17 n=4 d=4 sk=0 hf=95720 hm=79536 ht=283156 pf=0 pm=0 pt=0 ru=235828 rp=252012
19:00:06.240 @T t=87661 s=0.001 lv=-37.0 pk=-32.8 c0=3.5 c1=8.8 kw=8.60 inf=2.80 iv=1.20 n=3 d=4 sk=0 hf=95720 hm=79536 ht=283156 pf=0 pm=0 pt=0 ru=235828 rp=252012
19:00:06.240 @T t=87748 s=0.001 lv=-37.5 pk=-35.6 c0=8.7 c1=12.7 kw=12.06 inf=3.24 iv=1.54 n=3 d=4 sk=0 hf=95720 hm=79536 ht=283156 pf=0 pm=0 pt=0 ru=235828 rp=252012
19:00:06.240 @T t=87854 s=0.001 lv=-37.6 pk=-33.7 c0=4.1 c1=10.2 kw=10.03 inf=2.47 iv=1.26 n=4 d=4 sk=0 hf=95720 hm=79536 ht=283156 pf=0 pm=0 pt=0 ru=235828 rp=252012
19:00:06.240 @T t=87960 s=0.000 lv=-29.1 pk=-28.0 c0=3.5 c1=8.8 kw=8.60 inf=2.80 iv=1.19 n=3 d=4 sk=0 hf=95720 hm=79536 ht=283156 pf=0 pm=0 pt=0 ru=235828 rp=252012
19:00:06.240 @T t=88046 s=0.000 lv=-37.3 pk=-33.2 c0=8.1 c1=10.5 kw=10.37 inf=2.73 iv=1.14 n=3 d=4 sk=0 hf=95720 hm=79536 ht=283156 pf=0 pm=0 pt=0 ru=235828 rp=252012
19:00:06.240 @T t=88152 s=0.000 lv=-40.5 pk=-38.9 c0=3.5 c1=9.6 kw=9.43 inf=2.32 iv=1.12 n=4 d=4 sk=0 hf=95720 hm=79536 ht=283156 pf=0 pm=0 pt=0 ru=235828 rp=252012
19:00:06.240 @I ww=marvin cut=0.50 win=5 cool=1000 tick=100 wifi=1 srv=1 li=0 ln=0
19:00:06.240 @T t=88244 s=0.000 lv=-40.5 pk=-39.9 c0=4.7 c1=7.5 kw=7.32 inf=3.08 iv=1.18 n=2 d=4 sk=0 hf=95720 hm=79536 ht=283156 pf=0 pm=0 pt=0 ru=235828 rp=252012
19:00:06.240 @T t=88350 s=0.000 lv=-39.0 pk=-37.4 c0=3.6 c1=10.7 kw=10.54 inf=2.57 iv=1.12 n=4 d=4 sk=0 hf=95720 hm=79536 ht=283156 pf=0 pm=0 pt=0 ru=235828 rp=252012
19:00:06.240 @T t=88456 s=0.000 lv=-39.7 pk=-38.4 c0=3.4 c1=9.4 kw=9.19 inf=2.26 iv=1.08 n=4 d=4 sk=0 hf=95720 hm=79536 ht=283156 pf=0 pm=0 pt=0 ru=235828 rp=252012
19:00:06.240 @T t=88562 s=0.000 lv=-40.7 pk=-39.2 c0=3.7 c1=8.4 kw=8.26 inf=2.68 iv=1.11 n=3 d=4 sk=0 hf=95720 hm=79536 ht=283156 pf=0 pm=0 pt=0 ru=235828 rp=252012
19:00:06.240 @T t=88649 s=0.000 lv=-40.0 pk=-39.6 c0=4.2 c1=10.7 kw=10.43 inf=2.78 iv=1.17 n=3 d=4 sk=0 hf=95720 hm=79536 ht=283156 pf=0 pm=0 pt=0 ru=235828 rp=252012
19:00:06.240 @T t=88755 s=0.000 lv=-40.9 pk=-40.0 c0=3.9 c1=9.6 kw=9.37 inf=2.30 iv=1.11 n=4 d=4 sk=0 hf=95720 hm=79536 ht=283156 pf=0 pm=0 pt=0 ru=235828 rp=252012
19:00:06.240 @T t=88861 s=0.000 lv=-39.6 pk=-39.2 c0=3.5 c1=8.5 kw=8.35 inf=2.71 iv=1.12 n=3 d=4 sk=0 hf=95720 hm=79536 ht=283156 pf=0 pm=0 pt=0 ru=235828 rp=252012
19:00:06.240 @T t=88947 s=0.000 lv=-40.1 pk=-38.6 c0=4.2 c1=10.7 kw=10.44 inf=2.75 iv=1.16 n=3 d=4 sk=0 hf=95720 hm=79536 ht=283156 pf=0 pm=0 pt=0 ru=235828 rp=252012
19:00:06.240 @T t=89053 s=0.000 lv=-40.9 pk=-39.9 c0=3.3 c1=9.3 kw=9.17 inf=2.25 iv=1.07 n=4 d=4 sk=0 hf=95720 hm=79536 ht=283156 pf=0 pm=0 pt=0 ru=235828 rp=252012
19:00:06.240 @T t=89159 s=0.000 lv=-39.8 pk=-38.8 c0=3.5 c1=8.5 kw=8.37 inf=2.72 iv=1.13 n=3 d=4 sk=0 hf=95720 hm=79536 ht=283156 pf=0 pm=0 pt=0 ru=235828 rp=252012
19:00:06.240 @I ww=marvin cut=0.50 win=5 cool=1000 tick=100 wifi=1 srv=1 li=0 ln=0
19:00:06.240 @T t=89251 s=0.000 lv=-40.9 pk=-40.0 c0=4.9 c1=9.9 kw=9.74 inf=2.75 iv=1.15 n=3 d=4 sk=0 hf=95720 hm=79536 ht=283156 pf=0 pm=0 pt=0 ru=235828 rp=252012
19:00:08.633 @T t=89357 s=0.000 lv=-40.8 pk=-39.6 c0=3.4 c1=9.5 kw=9.31 inf=2.29 iv=1.10 n=4 d=4 sk=0 hf=95720 hm=79536 ht=283156 pf=0 pm=0 pt=0 ru=235828 rp=252012
19:00:08.633 @T t=89443 s=0.000 lv=-40.2 pk=-39.0 c0=4.1 c1=8.0 kw=7.87 inf=3.09 iv=1.18 n=2 d=4 sk=0 hf=95720 hm=79536 ht=283156 pf=0 pm=0 pt=0 ru=235828 rp=252012
19:00:08.633 @T t=89549 s=0.000 lv=-40.0 pk=-37.9 c0=3.4 c1=10.6 kw=10.40 inf=2.54 iv=1.12 n=4 d=4 sk=0 hf=95720 hm=79536 ht=283156 pf=0 pm=0 pt=0 ru=235828 rp=252012
19:00:08.633 @T t=89654 s=0.000 lv=-41.5 pk=-40.0 c0=3.3 c1=5.1 kw=4.98 inf=1.53 iv=0.00 n=0 d=4 sk=3 hf=95720 hm=79536 ht=283156 pf=0 pm=0 pt=0 ru=235828 rp=252012
19:00:08.633 @T t=89761 s=0.000 lv=-40.1 pk=-38.8 c0=6.6 c1=5.7 kw=5.14 inf=1.58 iv=0.00 n=0 d=4 sk=3 hf=95720 hm=79536 ht=283156 pf=0 pm=0 pt=0 ru=235828 rp=252012
19:00:08.633 @T t=89847 s=0.000 lv=-41.4 pk=-40.2 c0=4.9 c1=6.3 kw=6.17 inf=1.53 iv=0.00 n=0 d=4 sk=3 hf=95720 hm=79536 ht=283156 pf=0 pm=0 pt=0 ru=235828 rp=252012
19:00:08.633 @T t=89953 s=0.000 lv=-40.6 pk=-38.8 c0=3.4 c1=5.1 kw=4.95 inf=1.52 iv=0.00 n=0 d=4 sk=3 hf=95720 hm=79536 ht=283156 pf=0 pm=0 pt=0 ru=235828 rp=252012
19:00:08.633 @T t=90058 s=0.000 lv=-40.8 pk=-40.3 c0=3.0 c1=5.1 kw=4.94 inf=1.51 iv=0.00 n=0 d=4 sk=3 hf=95720 hm=79536 ht=283156 pf=0 pm=0 pt=0 ru=235828 rp=252012
19:00:08.633 @T t=90145 s=0.000 lv=-41.2 pk=-39.7 c0=3.8 c1=5.2 kw=5.08 inf=1.22 iv=0.00 n=0 d=4 sk=3 hf=95720 hm=79536 ht=283156 pf=0 pm=0 pt=0 ru=235828 rp=252012
19:00:08.633 @I ww=marvin cut=0.50 win=5 cool=1000 tick=100 wifi=1 srv=1 li=0 ln=0
19:00:08.633 @T t=90257 s=0.000 lv=-40.1 pk=-38.7 c0=3.6 c1=5.9 kw=5.51 inf=1.82 iv=0.00 n=0 d=4 sk=3 hf=95720 hm=79536 ht=283156 pf=0 pm=0 pt=0 ru=235828 rp=252012
19:00:08.633 @T t=90343 s=0.000 lv=-41.5 pk=-40.3 c0=3.8 c1=5.0 kw=4.89 inf=1.82 iv=0.00 n=0 d=4 sk=2 hf=95720 hm=79536 ht=283156 pf=0 pm=0 pt=0 ru=235828 rp=252012
19:00:08.633 @T t=90448 s=0.000 lv=-40.7 pk=-39.6 c0=6.2 c1=6.1 kw=5.92 inf=1.36 iv=0.00 n=0 d=4 sk=4 hf=95720 hm=79536 ht=283156 pf=0 pm=0 pt=0 ru=235828 rp=252012
19:00:08.633 @T t=90554 s=0.000 lv=-39.9 pk=-38.0 c0=3.0 c1=5.1 kw=4.93 inf=1.51 iv=0.00 n=0 d=4 sk=3 hf=95720 hm=79536 ht=283156 pf=0 pm=0 pt=0 ru=235828 rp=252012
19:00:08.633 @T t=90660 s=0.000 lv=-40.1 pk=-38.7 c0=3.0 c1=5.1 kw=4.95 inf=1.52 iv=0.00 n=0 d=4 sk=3 hf=95720 hm=79536 ht=283156 pf=0 pm=0 pt=0 ru=235828 rp=252012
19:00:08.633 @T t=90747 s=0.000 lv=-40.1 pk=-39.5 c0=4.3 c1=6.4 kw=6.17 inf=1.54 iv=0.00 n=0 d=4 sk=3 hf=95720 hm=79536 ht=283156 pf=0 pm=0 pt=0 ru=235828 rp=252012
19:00:08.633 @T t=90853 s=0.000 lv=-40.4 pk=-39.1 c0=3.6 c1=5.2 kw=5.02 inf=1.54 iv=0.00 n=0 d=4 sk=3 hf=95720 hm=79536 ht=283156 pf=0 pm=0 pt=0 ru=235828 rp=252012
19:00:08.633 @T t=90958 s=0.000 lv=-39.9 pk=-39.0 c0=3.3 c1=5.1 kw=4.98 inf=1.53 iv=0.00 n=0 d=4 sk=3 hf=95720 hm=79536 ht=283156 pf=0 pm=0 pt=0 ru=235828 rp=252012
19:00:08.633 @T t=91044 s=0.000 lv=-39.7 pk=-38.4 c0=3.7 c1=5.1 kw=5.06 inf=1.22 iv=0.00 n=0 d=4 sk=3 hf=95720 hm=79536 ht=283156 pf=0 pm=0 pt=0 ru=235828 rp=252012
19:00:08.633 [status] up 91s | mic -35.3 dBFS (peak -20.3) | score max 0.08 | detections 4 | inferences 193 (19.3/s; model 1.14 ms each, paused in quiet 42%; features 1.40 ms per 30 ms) | CPU core0  4.5% core1  7.9% (wake word pipeline 7.62% of one core) | RAM used 230 KB (peak 246 KB, 93 KB free) | wifi OK, server OK | audio lost since boot: i2s 0 net 0
19:00:08.633 @T t=91173 s=0.000 lv=-40.5 pk=-39.8 c0=20.1 c1=6.0 kw=5.68 inf=1.61 iv=0.00 n=0 d=4 sk=4 hf=95720 hm=79536 ht=283156 pf=0 pm=0 pt=0 ru=235828 rp=252012
19:00:08.633 @I ww=marvin cut=0.50 win=5 cool=1000 tick=100 wifi=1 srv=1 li=0 ln=0
19:00:08.633 @T t=91244 s=0.000 lv=-40.0 pk=-38.2 c0=17.1 c1=4.6 kw=4.59 inf=1.37 iv=0.00 n=0 d=4 sk=2 hf=95720 hm=79536 ht=283156 pf=0 pm=0 pt=0 ru=235828 rp=252012
19:00:08.633 @T t=91351 s=0.000 lv=-25.8 pk=-24.0 c0=3.2 c1=18.4 kw=17.99 inf=1.41 iv=0.97 n=13 d=4 sk=0 hf=95720 hm=79536 ht=283156 pf=0 pm=0 pt=0 ru=235828 rp=252012
19:00:08.633 @T t=91457 s=0.000 lv=-26.2 pk=-24.6 c0=3.4 c1=8.6 kw=8.39 inf=2.73 iv=1.13 n=3 d=4 sk=0 hf=95720 hm=79536 ht=283156 pf=0 pm=0 pt=0 ru=235828 rp=252012
19:00:08.633 @T t=91543 s=0.001 lv=-39.2 pk=-37.1 c0=4.1 c1=9.3 kw=9.15 inf=2.43 iv=1.16 n=3 d=4 sk=0 hf=95720 hm=79536 ht=283156 pf=0 pm=0 pt=0 ru=235828 rp=252012
19:00:08.634 @T t=91649 s=0.028 lv=-33.7 pk=-31.3 c0=3.4 c1=10.8 kw=10.64 inf=2.60 iv=1.16 n=4 d=4 sk=0 hf=95720 hm=79536 ht=283156 pf=0 pm=0 pt=0 ru=235828 rp=252012
19:00:10.928 @T t=91755 s=0.108 lv=-35.9 pk=-33.9 c0=6.7 c1=9.6 kw=9.08 inf=2.96 iv=1.33 n=3 d=4 sk=0 hf=95720 hm=79536 ht=283156 pf=0 pm=0 pt=0 ru=235828 rp=252012
19:00:10.929 I (92209) kws: >>> WAKE WORD "marvin" DETECTED  (score 0.63, t = 91.83 s)
19:00:10.929 I (92229) stream: first audio sent 19 ms after the detection
19:00:10.929 @T t=91861 s=0.632 lv=-35.8 pk=-31.9 c0=10.0 c1=11.1 kw=9.06 inf=2.95 iv=1.29 n=3 d=5 sk=0 hf=95720 hm=79536 ht=283156 pf=0 pm=0 pt=0 ru=235828 rp=252012
19:00:10.929 @T t=91951 s=0.788 lv=-39.7 pk=-38.5 c0=18.1 c1=16.0 kw=14.27 inf=3.02 iv=1.69 n=4 d=5 sk=0 hf=95720 hm=79536 ht=283156 pf=0 pm=0 pt=0 ru=235828 rp=252012
19:00:10.929 @T t=92057 s=0.996 lv=-38.6 pk=-37.8 c0=17.0 c1=11.7 kw=10.21 inf=3.35 iv=1.60 n=3 d=5 sk=0 hf=95720 hm=79536 ht=283156 pf=0 pm=0 pt=0 ru=235828 rp=252012
19:00:10.929 @T t=92143 s=0.995 lv=-38.0 pk=-36.3 c0=16.4 c1=13.3 kw=11.65 inf=3.14 iv=1.72 n=3 d=5 sk=0 hf=95720 hm=79536 ht=283156 pf=0 pm=0 pt=0 ru=235828 rp=252012
19:00:10.929 @I ww=marvin cut=0.50 win=5 cool=1000 tick=100 wifi=1 srv=1 li=0 ln=0
19:00:10.929 @T t=92258 s=0.991 lv=-30.5 pk=-26.4 c0=17.0 c1=14.1 kw=12.56 inf=3.38 iv=1.73 n=4 d=5 sk=0 hf=95720 hm=79536 ht=283156 pf=0 pm=0 pt=0 ru=235828 rp=252012
19:00:10.929 @T t=92344 s=0.986 lv=-32.7 pk=-29.0 c0=14.9 c1=10.8 kw=9.37 inf=3.72 iv=1.53 n=2 d=5 sk=0 hf=95720 hm=79536 ht=283156 pf=0 pm=0 pt=0 ru=235828 rp=252012
19:00:10.929 I (92809) wifi:[ADDBA]RX DELBA, reason:37, delete tid:0, initiator:1(originator)
19:00:10.929 @T t=92453 s=0.984 lv=-35.8 pk=-33.5 c0=18.4 c1=14.6 kw=12.79 inf=3.25 iv=1.59 n=4 d=5 sk=0 hf=95720 hm=79536 ht=283156 pf=0 pm=0 pt=0 ru=235828 rp=252012
19:00:10.929 @T t=92559 s=0.586 lv=-28.0 pk=-25.8 c0=14.2 c1=12.8 kw=11.38 inf=2.83 iv=1.49 n=4 d=5 sk=0 hf=95720 hm=79536 ht=283156 pf=0 pm=0 pt=0 ru=235828 rp=252012
19:00:10.929 @T t=92651 s=0.008 lv=-30.3 pk=-28.1 c0=19.8 c1=12.4 kw=11.32 inf=3.22 iv=1.43 n=3 d=5 sk=0 hf=95720 hm=79536 ht=283156 pf=0 pm=0 pt=0 ru=235828 rp=252012
19:00:10.929 I (93049) wake_word: score event: peak 1.00 over 780 ms -> detected
19:00:10.929 @T t=92757 s=0.000 lv=-37.3 pk=-34.9 c0=14.3 c1=12.3 kw=10.67 inf=3.52 iv=1.44 n=3 d=5 sk=0 hf=95720 hm=79536 ht=283156 pf=0 pm=0 pt=0 ru=235828 rp=252012
19:00:10.929 @T t=92843 s=0.000 lv=-35.7 pk=-33.1 c0=18.4 c1=12.0 kw=10.60 inf=2.84 iv=1.44 n=3 d=5 sk=0 hf=95720 hm=79536 ht=283156 pf=0 pm=0 pt=0 ru=235828 rp=252012
19:00:10.929 @T t=92952 s=0.000 lv=-35.0 pk=-33.9 c0=16.2 c1=13.5 kw=11.87 inf=3.01 iv=1.44 n=4 d=5 sk=0 hf=95720 hm=79536 ht=283156 pf=0 pm=0 pt=0 ru=235828 rp=252012
19:00:10.929 @T t=93058 s=0.000 lv=-38.1 pk=-35.0 c0=13.8 c1=11.2 kw=9.70 inf=3.17 iv=1.44 n=3 d=5 sk=0 hf=95720 hm=79536 ht=283156 pf=0 pm=0 pt=0 ru=235828 rp=252012
19:00:10.929 @T t=93144 s=0.000 lv=-40.2 pk=-38.6 c0=16.2 c1=12.1 kw=10.67 inf=2.85 iv=1.44 n=3 d=5 sk=0 hf=95720 hm=79536 ht=283156 pf=0 pm=0 pt=0 ru=235828 rp=252012
19:00:10.929 @I ww=marvin cut=0.50 win=5 cool=1000 tick=100 wifi=1 srv=1 li=0 ln=0
19:00:10.929 @T t=93259 s=0.000 lv=-40.7 pk=-39.3 c0=23.6 c1=13.4 kw=11.84 inf=3.17 iv=1.57 n=4 d=5 sk=0 hf=95720 hm=79536 ht=283156 pf=0 pm=0 pt=0 ru=235828 rp=252012
19:00:10.929 I (93711) stream: stream finished (silence): 1500 ms of audio sent (23 KB)
19:00:10.929 @T t=93349 s=0.000 lv=-40.5 pk=-39.8 c0=18.7 c1=14.2 kw=12.02 inf=3.35 iv=1.59 n=3 d=5 sk=0 hf=95720 hm=79536 ht=283156 pf=0 pm=0 pt=0 ru=235828 rp=252012
19:00:10.929 @T t=93455 s=0.000 lv=-40.6 pk=-39.3 c0=6.6 c1=9.4 kw=9.25 inf=2.27 iv=1.10 n=4 d=5 sk=0 hf=95720 hm=79536 ht=283156 pf=0 pm=0 pt=0 ru=235828 rp=252012
19:00:10.929 @T t=93561 s=0.000 lv=-40.7 pk=-39.7 c0=3.3 c1=8.4 kw=8.24 inf=2.67 iv=1.10 n=3 d=5 sk=0 hf=95720 hm=79536 ht=283156 pf=0 pm=0 pt=0 ru=235828 rp=252012
19:00:10.929 @T t=93647 s=0.000 lv=-41.3 pk=-40.5 c0=4.2 c1=10.6 kw=10.40 inf=2.74 iv=1.16 n=3 d=5 sk=0 hf=95720 hm=79536 ht=283156 pf=0 pm=0 pt=0 ru=235828 rp=252012
19:00:10.929 @T t=93753 s=0.000 lv=-40.8 pk=-38.5 c0=6.8 c1=10.9 kw=10.72 inf=2.65 iv=1.40 n=4 d=5 sk=0 hf=95720 hm=79536 ht=283156 pf=0 pm=0 pt=0 ru=235828 rp=252012
19:00:10.929 @T t=93859 s=0.000 lv=-41.1 pk=-40.3 c0=4.1 c1=8.9 kw=8.72 inf=2.84 iv=1.23 n=3 d=5 sk=0 hf=95720 hm=79536 ht=283156 pf=0 pm=0 pt=0 ru=235828 rp=252012
19:00:10.929 @T t=93945 s=0.000 lv=-41.0 pk=-40.2 c0=4.4 c1=9.5 kw=9.39 inf=2.45 iv=1.16 n=3 d=5 sk=0 hf=95720 hm=79536 ht=283156 pf=0 pm=0 pt=0 ru=235828 rp=252012
19:00:13.331 @T t=94051 s=0.000 lv=-41.1 pk=-39.5 c0=3.3 c1=10.6 kw=10.30 inf=2.55 iv=1.09 n=4 d=5 sk=0 hf=95720 hm=79536 ht=283156 pf=0 pm=0 pt=0 ru=235828 rp=252012
19:00:13.331 @T t=94157 s=0.000 lv=-41.7 pk=-40.7 c0=3.5 c1=8.5 kw=8.36 inf=2.72 iv=1.13 n=3 d=5 sk=0 hf=95720 hm=79536 ht=283156 pf=0 pm=0 pt=0 ru=235828 rp=252012
19:00:13.331 @I ww=marvin cut=0.50 win=5 cool=1000 tick=100 wifi=1 srv=1 li=0 ln=0
19:00:13.331 @T t=94249 s=0.000 lv=-41.3 pk=-40.7 c0=5.2 c1=10.3 kw=10.05 inf=2.84 iv=1.22 n=3 d=5 sk=0 hf=95720 hm=79536 ht=283156 pf=0 pm=0 pt=0 ru=235828 rp=252012
19:00:13.331 @T t=94355 s=0.000 lv=-41.5 pk=-39.6 c0=3.5 c1=9.5 kw=9.37 inf=2.30 iv=1.11 n=4 d=5 sk=0 hf=95720 hm=79536 ht=283156 pf=0 pm=0 pt=0 ru=235828 rp=252012
19:00:13.331 I (94757) wifi:[ADDBA]RX DELBA, reason:37, delete tid:0, initiator:1(originator)
19:00:13.331 @T t=94461 s=0.000 lv=-41.2 pk=-39.9 c0=5.2 c1=8.6 kw=8.45 inf=2.74 iv=1.14 n=3 d=5 sk=0 hf=95720 hm=79536 ht=283156 pf=0 pm=0 pt=0 ru=235828 rp=252012
19:00:13.331 @T t=94547 s=0.000 lv=-38.4 pk=-36.0 c0=4.2 c1=9.5 kw=9.33 inf=2.43 iv=1.26 n=2 d=5 sk=1 hf=95720 hm=79536 ht=283156 pf=0 pm=0 pt=0 ru=235828 rp=252012
19:00:13.331 @T t=94652 s=0.000 lv=-39.1 pk=-36.8 c0=3.3 c1=5.1 kw=4.94 inf=1.51 iv=0.00 n=0 d=5 sk=3 hf=95720 hm=79536 ht=283156 pf=0 pm=0 pt=0 ru=235828 rp=252012
19:00:13.331 @T t=94759 s=0.000 lv=-39.3 pk=-37.0 c0=3.5 c1=5.1 kw=4.95 inf=1.52 iv=0.00 n=0 d=5 sk=3 hf=95720 hm=79536 ht=283156 pf=0 pm=0 pt=0 ru=235828 rp=252012
19:00:13.331 @T t=94845 s=0.000 lv=-40.6 pk=-39.8 c0=3.8 c1=5.1 kw=5.08 inf=1.22 iv=0.00 n=0 d=5 sk=3 hf=95720 hm=79536 ht=283156 pf=0 pm=0 pt=0 ru=235828 rp=252012
19:00:13.331 @T t=94951 s=0.000 lv=-40.3 pk=-39.0 c0=3.1 c1=6.1 kw=5.79 inf=1.81 iv=0.00 n=0 d=5 sk=3 hf=95720 hm=79536 ht=283156 pf=0 pm=0 pt=0 ru=235828 rp=252012
19:00:13.331 @T t=95056 s=0.000 lv=-40.7 pk=-39.9 c0=3.0 c1=5.1 kw=4.92 inf=1.51 iv=0.00 n=0 d=5 sk=3 hf=95720 hm=79536 ht=283156 pf=0 pm=0 pt=0 ru=235828 rp=252012
19:00:13.331 @T t=95143 s=0.000 lv=-40.8 pk=-38.9 c0=3.8 c1=5.0 kw=4.87 inf=1.81 iv=0.00 n=0 d=5 sk=2 hf=95720 hm=79536 ht=283156 pf=0 pm=0 pt=0 ru=235828 rp=252012
19:00:13.331 @I ww=marvin cut=0.50 win=5 cool=1000 tick=100 wifi=1 srv=1 li=0 ln=0
19:00:13.331 I (95584) stream: server: {"type":"response","text":"What time is it?","saved":"20260928_190008_702_e072a1d53274_marvin.wav"}
19:00:13.331 @T t=95255 s=0.000 lv=-40.4 pk=-38.4 c0=14.1 c1=6.7 kw=5.73 inf=1.39 iv=0.00 n=0 d=5 sk=4 hf=95720 hm=79536 ht=283156 pf=0 pm=0 pt=0 ru=235828 rp=252012
19:00:13.331 @T t=95361 s=0.000 lv=-40.3 pk=-39.4 c0=4.2 c1=5.2 kw=5.07 inf=1.55 iv=0.00 n=0 d=5 sk=3 hf=95720 hm=79536 ht=283156 pf=0 pm=0 pt=0 ru=235828 rp=252012
19:00:13.331 @T t=95447 s=0.000 lv=-40.7 pk=-38.6 c0=4.1 c1=6.2 kw=6.08 inf=1.51 iv=0.00 n=0 d=5 sk=3 hf=95720 hm=79536 ht=283156 pf=0 pm=0 pt=0 ru=235828 rp=252012
19:00:13.331 @T t=95552 s=0.000 lv=-40.8 pk=-40.2 c0=3.0 c1=5.0 kw=4.92 inf=1.51 iv=0.00 n=0 d=5 sk=3 hf=95720 hm=79536 ht=283156 pf=0 pm=0 pt=0 ru=235828 rp=252012
19:00:13.331 @T t=95658 s=0.000 lv=-40.5 pk=-39.5 c0=3.0 c1=5.1 kw=4.93 inf=1.51 iv=0.00 n=0 d=5 sk=3 hf=95720 hm=79536 ht=283156 pf=0 pm=0 pt=0 ru=235828 rp=252012
19:00:13.331 @T t=95744 s=0.000 lv=-40.5 pk=-39.7 c0=3.7 c1=5.1 kw=5.05 inf=1.21 iv=0.00 n=0 d=5 sk=3 hf=95720 hm=79536 ht=283156 pf=0 pm=0 pt=0 ru=235828 rp=252012
19:00:13.331 @T t=95850 s=0.000 lv=-40.2 pk=-38.9 c0=3.0 c1=6.2 kw=5.80 inf=1.82 iv=0.00 n=0 d=5 sk=3 hf=95720 hm=79536 ht=283156 pf=0 pm=0 pt=0 ru=235828 rp=252012
19:00:13.331 @T t=95956 s=0.000 lv=-39.6 pk=-37.9 c0=3.1 c1=5.1 kw=4.96 inf=1.52 iv=0.00 n=0 d=5 sk=3 hf=95720 hm=79536 ht=283156 pf=0 pm=0 pt=0 ru=235828 rp=252012
19:00:13.331 @T t=96042 s=0.000 lv=-40.2 pk=-39.8 c0=3.7 c1=5.0 kw=4.89 inf=1.82 iv=0.00 n=0 d=5 sk=2 hf=95720 hm=79536 ht=283156 pf=0 pm=0 pt=0 ru=235828 rp=252012
19:00:13.331 @T t=96149 s=0.000 lv=-40.3 pk=-38.2 c0=3.1 c1=6.1 kw=5.93 inf=1.36 iv=0.00 n=0 d=5 sk=4 hf=95720 hm=79536 ht=283156 pf=0 pm=0 pt=0 ru=235828 rp=252012
19:00:13.331 @I ww=marvin cut=0.50 win=5 cool=1000 tick=100 wifi=1 srv=1 li=0 ln=0
19:00:13.331 @T t=96261 s=0.000 lv=-41.5 pk=-40.6 c0=6.7 c1=5.3 kw=4.81 inf=1.55 iv=0.00 n=0 d=5 sk=3 hf=95720 hm=79536 ht=283156 pf=0 pm=0 pt=0 ru=235828 rp=252012
19:00:13.331 @T t=96347 s=0.000 lv=-41.1 pk=-40.2 c0=4.9 c1=6.4 kw=6.19 inf=1.54 iv=0.00 n=0 d=5 sk=3 hf=95720 hm=79536 ht=283156 pf=0 pm=0 pt=0 ru=235828 rp=252012
19:00:15.623 @T t=96453 s=0.000 lv=-27.8 pk=-25.4 c0=3.7 c1=16.7 kw=16.46 inf=1.39 iv=0.99 n=12 d=5 sk=0 hf=95720 hm=79536 ht=283156 pf=0 pm=0 pt=0 ru=235828 rp=252012
19:00:15.624 @T t=96559 s=0.000 lv=-26.6 pk=-24.9 c0=3.4 c1=8.5 kw=8.37 inf=2.72 iv=1.12 n=3 d=5 sk=0 hf=95720 hm=79536 ht=283156 pf=0 pm=0 pt=0 ru=235828 rp=252012
19:00:15.624 @T t=96645 s=0.000 lv=-36.9 pk=-31.8 c0=4.2 c1=9.5 kw=9.38 inf=2.44 iv=1.16 n=3 d=5 sk=0 hf=95720 hm=79536 ht=283156 pf=0 pm=0 pt=0 ru=235828 rp=252012
19:00:15.624 @T t=96754 s=0.010 lv=-34.3 pk=-32.8 c0=3.3 c1=10.9 kw=10.65 inf=2.72 iv=1.24 n=4 d=5 sk=0 hf=95720 hm=79536 ht=283156 pf=0 pm=0 pt=0 ru=235828 rp=252012
19:00:15.624 @T t=96860 s=0.018 lv=-37.0 pk=-35.3 c0=3.5 c1=8.7 kw=8.58 inf=2.79 iv=1.19 n=3 d=5 sk=0 hf=95720 hm=79536 ht=283156 pf=0 pm=0 pt=0 ru=235828 rp=252012
19:00:15.624 @T t=96947 s=0.396 lv=-36.1 pk=-33.6 c0=4.3 c1=12.0 kw=11.89 inf=2.40 iv=1.18 n=4 d=5 sk=0 hf=95720 hm=79536 ht=283156 pf=0 pm=0 pt=0 ru=235828 rp=252012
19:00:15.624 I (97369) kws: >>> WAKE WORD "marvin" DETECTED  (score 0.55, t = 96.99 s)
19:00:15.624 I (97390) stream: first audio sent 19 ms after the detection
19:00:15.624 @T t=97053 s=0.554 lv=-39.7 pk=-38.6 c0=14.7 c1=13.0 kw=10.38 inf=3.42 iv=1.63 n=3 d=6 sk=0 hf=95720 hm=79536 ht=283156 pf=0 pm=0 pt=0 ru=235828 rp=252012
19:00:15.624 @T t=97159 s=0.962 lv=-41.0 pk=-40.5 c0=14.2 c1=11.5 kw=10.05 inf=3.30 iv=1.53 n=3 d=6 sk=0 hf=95720 hm=79536 ht=283156 pf=0 pm=0 pt=0 ru=235828 rp=252012
19:00:15.624 @I ww=marvin cut=0.50 win=5 cool=1000 tick=100 wifi=1 srv=1 li=0 ln=0
19:00:15.624 @T t=97251 s=0.955 lv=-41.1 pk=-39.5 c0=18.1 c1=14.6 kw=13.58 inf=2.93 iv=1.58 n=4 d=6 sk=0 hf=95720 hm=79536 ht=283156 pf=0 pm=0 pt=0 ru=235828 rp=252012
19:00:15.624 @T t=97358 s=0.826 lv=-40.1 pk=-39.5 c0=17.5 c1=12.1 kw=10.04 inf=3.33 iv=1.52 n=3 d=6 sk=0 hf=95720 hm=79536 ht=283156 pf=0 pm=0 pt=0 ru=235828 rp=252012
19:00:15.624 @T t=97444 s=0.778 lv=-41.7 pk=-41.2 c0=15.2 c1=12.5 kw=10.98 inf=2.95 iv=1.52 n=3 d=6 sk=0 hf=95720 hm=79536 ht=283156 pf=0 pm=0 pt=0 ru=235828 rp=252012
19:00:15.624 I (97910) wifi:[ADDBA]RX DELBA, reason:37, delete tid:0, initiator:1(originator)
19:00:15.624 @T t=97553 s=0.517 lv=-39.5 pk=-38.3 c0=22.5 c1=15.3 kw=13.51 inf=3.45 iv=1.76 n=4 d=6 sk=0 hf=95720 hm=79536 ht=283156 pf=0 pm=0 pt=0 ru=235828 rp=252012
19:00:15.624 @T t=97659 s=0.067 lv=-38.0 pk=-36.4 c0=14.5 c1=11.3 kw=9.90 inf=3.24 iv=1.46 n=3 d=6 sk=0 hf=95720 hm=79536 ht=283156 pf=0 pm=0 pt=0 ru=235828 rp=252012
19:00:15.624 I (98088) wake_word: score event: peak 0.96 over 660 ms -> detected
19:00:15.624 @T t=97745 s=0.000 lv=-28.6 pk=-23.2 c0=15.9 c1=13.7 kw=12.30 inf=3.26 iv=1.45 n=3 d=6 sk=0 hf=95720 hm=79536 ht=283156 pf=0 pm=0 pt=0 ru=235828 rp=252012
19:00:15.624 @T t=97854 s=0.000 lv=-19.5 pk=-18.7 c0=20.5 c1=14.7 kw=12.87 inf=3.32 iv=1.68 n=4 d=6 sk=0 hf=95720 hm=79536 ht=283156 pf=0 pm=0 pt=0 ru=235828 rp=252012
19:00:15.624 @T t=97960 s=0.000 lv=-40.1 pk=-39.2 c0=14.4 c1=11.3 kw=9.88 inf=3.23 iv=1.50 n=3 d=6 sk=0 hf=95720 hm=79536 ht=283156 pf=0 pm=0 pt=0 ru=235828 rp=252012
19:00:15.624 @T t=98051 s=0.000 lv=-37.5 pk=-34.4 c0=20.4 c1=13.2 kw=11.84 inf=3.34 iv=1.59 n=3 d=6 sk=0 hf=95720 hm=79536 ht=283156 pf=0 pm=0 pt=0 ru=235828 rp=252012
19:00:15.624 @T t=98157 s=0.000 lv=-40.6 pk=-39.6 c0=14.7 c1=13.3 kw=11.45 inf=2.84 iv=1.54 n=4 d=6 sk=0 hf=95720 hm=79536 ht=283156 pf=0 pm=0 pt=0 ru=235828 rp=252012
19:00:15.624 @I ww=marvin cut=0.50 win=5 cool=1000 tick=100 wifi=1 srv=1 li=0 ln=0
19:00:15.624 @T t=98251 s=0.000 lv=-38.9 pk=-37.4 c0=21.1 c1=14.1 kw=12.23 inf=3.57 iv=1.73 n=3 d=6 sk=0 hf=95720 hm=79536 ht=283156 pf=0 pm=0 pt=0 ru=235828 rp=252012
19:00:15.624 @T t=98357 s=0.000 lv=-40.1 pk=-38.7 c0=14.5 c1=11.5 kw=10.17 inf=3.34 iv=1.58 n=3 d=6 sk=0 hf=95720 hm=79536 ht=283156 pf=0 pm=0 pt=0 ru=235828 rp=252012
19:00:15.624 @T t=98443 s=0.000 lv=-38.3 pk=-35.9 c0=15.9 c1=13.3 kw=11.94 inf=3.22 iv=1.72 n=3 d=6 sk=0 hf=95720 hm=79536 ht=283156 pf=0 pm=0 pt=0 ru=235828 rp=252012
19:00:15.624 I (98931) stream: stream finished (silence): 1560 ms of audio sent (24 KB)
19:00:15.624 @T t=98551 s=0.000 lv=-36.7 pk=-33.7 c0=20.5 c1=14.8 kw=12.92 inf=3.28 iv=1.64 n=4 d=6 sk=0 hf=95720 hm=79536 ht=283156 pf=0 pm=0 pt=0 ru=235828 rp=252012
19:00:15.624 @T t=98660 s=0.000 lv=-40.5 pk=-39.6 c0=8.4 c1=8.9 kw=8.35 inf=2.78 iv=1.17 n=3 d=6 sk=0 hf=95720 hm=79536 ht=283156 pf=0 pm=0 pt=0 ru=235828 rp=252012
19:00:18.028 @T t=98746 s=0.000 lv=-41.3 pk=-40.3 c0=4.6 c1=11.1 kw=9.83 inf=2.57 iv=1.25 n=3 d=6 sk=0 hf=95720 hm=79536 ht=283156 pf=0 pm=0 pt=0 ru=235828 rp=252012
19:00:18.028 @T t=98852 s=0.000 lv=-41.2 pk=-40.6 c0=3.5 c1=9.7 kw=10.40 inf=2.58 iv=1.16 n=4 d=6 sk=0 hf=95720 hm=79536 ht=283156 pf=0 pm=0 pt=0 ru=235828 rp=252012
19:00:18.028 @T t=98958 s=0.000 lv=-39.8 pk=-39.1 c0=3.5 c1=8.6 kw=8.46 inf=2.75 iv=1.15 n=3 d=6 sk=0 hf=95720 hm=79536 ht=283156 pf=0 pm=0 pt=0 ru=235828 rp=252012
19:00:18.028 @T t=99044 s=0.000 lv=-41.4 pk=-40.8 c0=4.1 c1=9.3 kw=9.11 inf=2.42 iv=1.14 n=3 d=6 sk=0 hf=95720 hm=79536 ht=283156 pf=0 pm=0 pt=0 ru=235828 rp=252012
19:00:18.028 @T t=99150 s=0.000 lv=-41.5 pk=-40.0 c0=3.6 c1=10.9 kw=10.65 inf=2.60 iv=1.14 n=4 d=6 sk=0 hf=95720 hm=79536 ht=283156 pf=0 pm=0 pt=0 ru=235828 rp=252012
19:00:18.028 @I ww=marvin cut=0.50 win=5 cool=1000 tick=100 wifi=1 srv=1 li=0 ln=0
19:00:18.028 @T t=99262 s=0.000 lv=-40.2 pk=-39.1 c0=4.4 c1=8.4 kw=8.18 inf=2.81 iv=1.20 n=3 d=6 sk=0 hf=95720 hm=79536 ht=283156 pf=0 pm=0 pt=0 ru=235828 rp=252012
19:00:18.028 @T t=99348 s=0.000 lv=-41.3 pk=-39.9 c0=4.4 c1=12.0 kw=11.76 inf=2.35 iv=1.14 n=4 d=6 sk=0 hf=95720 hm=79536 ht=283156 pf=0 pm=0 pt=0 ru=235828 rp=252012
19:00:18.028 @T t=99454 s=0.000 lv=-42.4 pk=-41.7 c0=3.4 c1=8.5 kw=8.33 inf=2.71 iv=1.13 n=3 d=6 sk=0 hf=95720 hm=79536 ht=283156 pf=0 pm=0 pt=0 ru=235828 rp=252012
19:00:18.028 @T t=99560 s=0.000 lv=-42.0 pk=-40.3 c0=3.3 c1=8.5 kw=8.33 inf=2.70 iv=1.13 n=3 d=6 sk=0 hf=95720 hm=79536 ht=283156 pf=0 pm=0 pt=0 ru=235828 rp=252012
19:00:18.028 @T t=99646 s=0.000 lv=-41.2 pk=-39.8 c0=4.3 c1=10.8 kw=9.53 inf=2.49 iv=1.19 n=3 d=6 sk=0 hf=95720 hm=79536 ht=283156 pf=0 pm=0 pt=0 ru=235828 rp=252012
19:00:18.028 @T t=99752 s=0.000 lv=-41.5 pk=-40.0 c0=3.4 c1=9.7 kw=10.33 inf=2.56 iv=1.13 n=4 d=6 sk=0 hf=95720 hm=79536 ht=283156 pf=0 pm=0 pt=0 ru=235828 rp=252012
19:00:18.028 @T t=99858 s=0.000 lv=-40.7 pk=-39.2 c0=3.8 c1=8.9 kw=8.72 inf=2.84 iv=1.22 n=3 d=6 sk=0 hf=95720 hm=79536 ht=283156 pf=0 pm=0 pt=0 ru=235828 rp=252012
19:00:18.028 @T t=99944 s=0.000 lv=-41.4 pk=-40.5 c0=4.3 c1=9.4 kw=9.25 inf=2.46 iv=1.17 n=3 d=6 sk=0 hf=95720 hm=79536 ht=283156 pf=0 pm=0 pt=0 ru=235828 rp=252012
19:00:18.028 @T t=100053 s=0.000 lv=-41.4 pk=-39.9 c0=3.2 c1=10.5 kw=10.26 inf=2.57 iv=1.12 n=4 d=6 sk=0 hf=95720 hm=79536 ht=283156 pf=0 pm=0 pt=0 ru=235828 rp=252012
19:00:18.028 @T t=100159 s=0.000 lv=-41.8 pk=-40.9 c0=3.4 c1=5.1 kw=4.97 inf=1.52 iv=0.00 n=0 d=6 sk=3 hf=95720 hm=79536 ht=283156 pf=0 pm=0 pt=0 ru=235828 rp=252012
19:00:18.028 @I ww=marvin cut=0.50 win=5 cool=1000 tick=100 wifi=1 srv=1 li=0 ln=0
19:00:18.028 @T t=100251 s=0.000 lv=-41.4 pk=-40.1 c0=8.3 c1=6.5 kw=5.92 inf=1.57 iv=0.00 n=0 d=6 sk=3 hf=95720 hm=79536 ht=283156 pf=0 pm=0 pt=0 ru=235828 rp=252012
19:00:18.028 @T t=100357 s=0.000 lv=-40.1 pk=-37.6 c0=4.0 c1=5.1 kw=5.01 inf=1.53 iv=0.00 n=0 d=6 sk=3 hf=95720 hm=79536 ht=283156 pf=0 pm=0 pt=0 ru=235828 rp=252012
19:00:18.028 I (100803) stream: server: {"type":"response","text":"Stop the music.","saved":"20260928_190013_862_e072a1d53274_marvin.wav"}
19:00:18.028 @T t=100443 s=0.000 lv=-41.2 pk=-39.9 c0=8.7 c1=5.6 kw=5.06 inf=1.88 iv=0.00 n=0 d=6 sk=2 hf=95720 hm=79536 ht=283156 pf=0 pm=0 pt=0 ru=235828 rp=252012
19:00:18.028 @T t=100548 s=0.000 lv=-40.5 pk=-39.4 c0=3.2 c1=6.1 kw=5.93 inf=1.36 iv=0.00 n=0 d=6 sk=4 hf=95720 hm=79536 ht=283156 pf=0 pm=0 pt=0 ru=235828 rp=252012
19:00:18.028 @T t=100655 s=0.000 lv=-40.6 pk=-39.5 c0=3.6 c1=5.2 kw=4.99 inf=1.53 iv=0.00 n=0 d=6 sk=3 hf=95720 hm=79536 ht=283156 pf=0 pm=0 pt=0 ru=235828 rp=252012
19:00:18.028 @T t=100761 s=0.000 lv=-41.1 pk=-39.5 c0=3.2 c1=5.1 kw=4.94 inf=1.51 iv=0.00 n=0 d=6 sk=3 hf=95720 hm=79536 ht=283156 pf=0 pm=0 pt=0 ru=235828 rp=252012
19:00:18.028 @T t=100847 s=0.000 lv=-40.6 pk=-39.6 c0=3.8 c1=6.3 kw=6.10 inf=1.52 iv=0.00 n=0 d=6 sk=3 hf=95720 hm=79536 ht=283156 pf=0 pm=0 pt=0 ru=235828 rp=252012
19:00:18.028 @T t=100953 s=0.000 lv=-40.0 pk=-38.7 c0=3.5 c1=5.1 kw=4.96 inf=1.52 iv=0.00 n=0 d=6 sk=3 hf=95720 hm=79536 ht=283156 pf=0 pm=0 pt=0 ru=235828 rp=252012
19:00:18.028 @T t=101059 s=0.000 lv=-41.5 pk=-39.9 c0=3.1 c1=5.1 kw=5.00 inf=1.53 iv=0.00 n=0 d=6 sk=3 hf=95720 hm=79536 ht=283156 pf=0 pm=0 pt=0 ru=235828 rp=252012
19:00:18.028 I (101478) wifi:[ADDBA]RX DELBA, reason:37, delete tid:0, initiator:1(originator)
19:00:20.234 @T t=101145 s=0.000 lv=-40.6 pk=-39.9 c0=6.2 c1=5.3 kw=5.19 inf=1.25 iv=0.00 n=0 d=6 sk=3 hf=95720 hm=79536 ht=283156 pf=0 pm=0 pt=0 ru=235828 rp=252012
19:00:20.234 @I ww=marvin cut=0.50 win=5 cool=1000 tick=100 wifi=1 srv=1 li=0 ln=0
19:00:20.234 [status] up 101s | mic -34.5 dBFS (peak -18.7) | score max 1.00 | detections 6 | inferences 250 (24.8/s; model 1.32 ms each, paused in quiet 27%; features 1.45 ms per 30 ms) | CPU core0  8.6% core1  9.6% (wake word pipeline 8.93% of one core) | RAM used 230 KB (peak 246 KB, 93 KB free) | wifi OK, server OK | audio lost since boot: i2s 0 net 0
19:00:20.234 @T t=101246 s=0.000 lv=-39.6 pk=-37.3 c0=8.3 c1=6.5 kw=6.12 inf=1.83 iv=0.00 n=0 d=6 sk=3 hf=95720 hm=79536 ht=283156 pf=0 pm=0 pt=0 ru=235828 rp=252012
19:00:20.234 @T t=101351 s=0.000 lv=-40.9 pk=-39.3 c0=6.3 c1=5.1 kw=4.93 inf=1.51 iv=0.00 n=0 d=6 sk=3 hf=95720 hm=79536 ht=283156 pf=0 pm=0 pt=0 ru=235828 rp=252012
19:00:20.234 @T t=101458 s=0.000 lv=-41.5 pk=-40.4 c0=3.5 c1=5.1 kw=4.97 inf=1.52 iv=0.00 n=0 d=6 sk=3 hf=95720 hm=79536 ht=283156 pf=0 pm=0 pt=0 ru=235828 rp=252012
19:00:20.234 @T t=101543 s=0.000 lv=-41.4 pk=-40.6 c0=3.8 c1=5.0 kw=4.87 inf=1.81 iv=0.00 n=0 d=6 sk=2 hf=95720 hm=79536 ht=283156 pf=0 pm=0 pt=0 ru=235828 rp=252012
19:00:20.234 @T t=101648 s=0.000 lv=-41.8 pk=-40.1 c0=3.0 c1=6.1 kw=5.95 inf=1.36 iv=0.00 n=0 d=6 sk=4 hf=95720 hm=79536 ht=283156 pf=0 pm=0 pt=0 ru=235828 rp=252012
19:00:20.234 @T t=101754 s=0.000 lv=-42.0 pk=-40.7 c0=3.0 c1=5.1 kw=4.92 inf=1.51 iv=0.00 n=0 d=6 sk=3 hf=95720 hm=79536 ht=283156 pf=0 pm=0 pt=0 ru=235828 rp=252012
19:00:20.234 @T t=101860 s=0.000 lv=-40.6 pk=-38.4 c0=3.0 c1=5.1 kw=4.95 inf=1.52 iv=0.00 n=0 d=6 sk=3 hf=95720 hm=79536 ht=283156 pf=0 pm=0 pt=0 ru=235828 rp=252012
19:00:20.234 @T t=101947 s=0.000 lv=-30.2 pk=-25.7 c0=3.9 c1=18.8 kw=18.63 inf=1.18 iv=0.96 n=11 d=6 sk=2 hf=95720 hm=79536 ht=283156 pf=0 pm=0 pt=0 ru=235828 rp=252012
19:00:20.234 @T t=102053 s=0.000 lv=-25.7 pk=-24.3 c0=3.4 c1=8.6 kw=8.42 inf=2.74 iv=1.13 n=3 d=6 sk=0 hf=95720 hm=79536 ht=283156 pf=0 pm=0 pt=0 ru=235828 rp=252012
19:00:20.234 @T t=102159 s=0.002 lv=-37.1 pk=-32.3 c0=3.9 c1=9.2 kw=8.97 inf=2.92 iv=1.30 n=3 d=6 sk=0 hf=95720 hm=79536 ht=283156 pf=0 pm=0 pt=0 ru=235828 rp=252012
19:00:20.234 @I ww=marvin cut=0.50 win=5 cool=1000 tick=100 wifi=1 srv=1 li=0 ln=0
19:00:20.234 @T t=102251 s=0.376 lv=-33.5 pk=-31.4 c0=5.0 c1=11.6 kw=11.40 inf=2.44 iv=1.22 n=4 d=6 sk=0 hf=95720 hm=79536 ht=283156 pf=0 pm=0 pt=0 ru=235828 rp=252012
19:00:20.234 I (102689) kws: >>> WAKE WORD "marvin" DETECTED  (score 0.56, t = 102.31 s)
19:00:20.234 I (102708) stream: first audio sent 18 ms after the detection
19:00:20.234 @T t=102357 s=0.557 lv=-36.0 pk=-35.1 c0=11.5 c1=11.2 kw=9.26 inf=3.02 iv=1.35 n=3 d=7 sk=0 hf=92600 hm=79536 ht=283156 pf=0 pm=0 pt=0 ru=238948 rp=252012
19:00:20.234 @T t=102444 s=0.780 lv=-41.1 pk=-40.6 c0=23.9 c1=14.4 kw=12.19 inf=3.33 iv=1.91 n=3 d=7 sk=0 hf=95720 hm=79536 ht=283156 pf=0 pm=0 pt=0 ru=235828 rp=252012
19:00:20.234 @T t=102553 s=0.991 lv=-39.4 pk=-37.0 c0=16.5 c1=14.8 kw=12.77 inf=3.24 iv=1.64 n=4 d=7 sk=0 hf=95720 hm=79536 ht=283156 pf=0 pm=0 pt=0 ru=235828 rp=252012
19:00:20.234 @T t=102659 s=0.996 lv=-40.8 pk=-40.3 c0=15.5 c1=12.5 kw=11.11 inf=3.67 iv=1.82 n=3 d=7 sk=0 hf=95720 hm=79536 ht=283156 pf=0 pm=0 pt=0 ru=235828 rp=252012
19:00:20.234 @T t=102751 s=0.995 lv=-36.2 pk=-32.9 c0=16.7 c1=13.4 kw=12.16 inf=3.47 iv=1.68 n=3 d=7 sk=0 hf=95720 hm=79536 ht=283156 pf=0 pm=0 pt=0 ru=235880 rp=252012
19:00:20.234 @T t=102858 s=0.991 lv=-39.0 pk=-37.1 c0=18.6 c1=14.1 kw=12.29 inf=3.10 iv=1.74 n=4 d=7 sk=0 hf=95720 hm=79536 ht=283156 pf=0 pm=0 pt=0 ru=235828 rp=252012
19:00:20.234 @T t=102944 s=0.984 lv=-38.7 pk=-36.5 c0=15.4 c1=10.9 kw=9.36 inf=3.72 iv=1.54 n=2 d=7 sk=0 hf=95720 hm=79536 ht=283156 pf=0 pm=0 pt=0 ru=235828 rp=252012
19:00:20.234 @T t=103051 s=0.930 lv=-36.6 pk=-34.1 c0=16.7 c1=14.6 kw=12.97 inf=3.24 iv=1.57 n=4 d=7 sk=0 hf=92600 hm=79536 ht=283156 pf=0 pm=0 pt=0 ru=238948 rp=252012
19:00:20.234 @T t=103157 s=0.305 lv=-41.5 pk=-40.6 c0=14.7 c1=13.4 kw=11.52 inf=2.86 iv=1.50 n=4 d=7 sk=0 hf=95720 hm=79536 ht=283156 pf=0 pm=0 pt=0 ru=235828 rp=252012
19:00:20.234 @I ww=marvin cut=0.50 win=5 cool=1000 tick=100 wifi=1 srv=1 li=0 ln=0
19:00:20.234 I (103628) wake_word: score event: peak 1.00 over 930 ms -> detected
19:00:20.234 @T t=103251 s=0.000 lv=-39.1 pk=-37.0 c0=23.7 c1=13.9 kw=12.49 inf=3.66 iv=1.45 n=3 d=7 sk=0 hf=93936 hm=79536 ht=283156 pf=0 pm=0 pt=0 ru=237612 rp=252012
19:00:22.546 @T t=103357 s=0.000 lv=-24.5 pk=-19.9 c0=14.0 c1=11.5 kw=9.73 inf=3.18 iv=1.44 n=3 d=7 sk=0 hf=95720 hm=79536 ht=283156 pf=0 pm=0 pt=0 ru=235828 rp=252012
19:00:22.546 @T t=103443 s=0.000 lv=-19.3 pk=-18.7 c0=15.6 c1=12.0 kw=10.65 inf=2.85 iv=1.44 n=3 d=7 sk=0 hf=95720 hm=79536 ht=283156 pf=0 pm=0 pt=0 ru=235828 rp=252012
19:00:22.546 @T t=103552 s=0.000 lv=-34.4 pk=-28.2 c0=19.1 c1=13.8 kw=12.13 inf=3.08 iv=1.46 n=4 d=7 sk=0 hf=95720 hm=79536 ht=283156 pf=0 pm=0 pt=0 ru=235828 rp=252012
19:00:22.546 @T t=103658 s=0.000 lv=-38.0 pk=-37.0 c0=13.9 c1=11.2 kw=9.80 inf=3.21 iv=1.45 n=3 d=7 sk=0 hf=95720 hm=79536 ht=283156 pf=0 pm=0 pt=0 ru=235828 rp=252012
19:00:22.546 @T t=103744 s=0.000 lv=-39.1 pk=-38.0 c0=19.0 c1=12.5 kw=10.93 inf=2.93 iv=1.47 n=3 d=7 sk=0 hf=95720 hm=79536 ht=283156 pf=0 pm=0 pt=0 ru=235828 rp=252012
19:00:22.546 I (104213) wifi:[ADDBA]RX DELBA, reason:37, delete tid:0, initiator:1(originator)
19:00:22.546 I (104215) wifi:[ADDBA]RX DELBA, reason:37, delete tid:0, initiator:1(originator)
19:00:22.546 @T t=103854 s=0.000 lv=-40.1 pk=-38.6 c0=21.9 c1=14.0 kw=12.31 inf=3.15 iv=1.49 n=4 d=7 sk=0 hf=95720 hm=79536 ht=283156 pf=0 pm=0 pt=0 ru=235828 rp=252012
19:00:22.546 @T t=103960 s=0.000 lv=-39.6 pk=-38.4 c0=14.1 c1=11.5 kw=10.06 inf=3.30 iv=1.52 n=3 d=7 sk=0 hf=95720 hm=79536 ht=283156 pf=0 pm=0 pt=0 ru=235828 rp=252012
19:00:22.546 @T t=104050 s=0.000 lv=-40.2 pk=-37.3 c0=16.8 c1=15.2 kw=13.64 inf=2.88 iv=1.52 n=4 d=7 sk=0 hf=92600 hm=79536 ht=283156 pf=0 pm=0 pt=0 ru=238948 rp=252012
19:00:22.546 I (104533) stream: stream finished (silence): 1840 ms of audio sent (28 KB)
19:00:22.546 @T t=104155 s=0.000 lv=-40.2 pk=-39.4 c0=18.0 c1=11.6 kw=9.82 inf=3.18 iv=1.43 n=3 d=7 sk=0 hf=95720 hm=79536 ht=283156 pf=0 pm=0 pt=0 ru=235828 rp=252012
19:00:22.546 @I ww=marvin cut=0.50 win=5 cool=1000 tick=100 wifi=1 srv=1 li=0 ln=0
19:00:22.546 @T t=104250 s=0.000 lv=-40.9 pk=-40.3 c0=4.4 c1=9.8 kw=9.62 inf=2.80 iv=1.18 n=3 d=7 sk=0 hf=95720 hm=79536 ht=283156 pf=0 pm=0 pt=0 ru=235828 rp=252012
19:00:22.546 @T t=104356 s=0.000 lv=-40.9 pk=-40.4 c0=3.8 c1=9.9 kw=9.70 inf=2.39 iv=1.17 n=4 d=7 sk=0 hf=95720 hm=79536 ht=283156 pf=0 pm=0 pt=0 ru=235828 rp=252012
19:00:22.546 @T t=104462 s=0.000 lv=-41.8 pk=-40.3 c0=6.6 c1=9.4 kw=8.91 inf=2.90 iv=1.27 n=3 d=7 sk=0 hf=95720 hm=79536 ht=283156 pf=0 pm=0 pt=0 ru=235828 rp=252012
19:00:22.546 @T t=104548 s=0.000 lv=-41.5 pk=-40.2 c0=4.2 c1=10.6 kw=10.44 inf=2.75 iv=1.15 n=3 d=7 sk=0 hf=95720 hm=79536 ht=283156 pf=0 pm=0 pt=0 ru=235828 rp=252012
19:00:22.546 @T t=104654 s=0.000 lv=-40.2 pk=-38.8 c0=3.9 c1=9.9 kw=9.67 inf=2.38 iv=1.18 n=4 d=7 sk=0 hf=95720 hm=79536 ht=283156 pf=0 pm=0 pt=0 ru=235828 rp=252012
19:00:22.546 @T t=104760 s=0.000 lv=-40.6 pk=-39.5 c0=3.4 c1=8.5 kw=8.33 inf=2.71 iv=1.12 n=3 d=7 sk=0 hf=95720 hm=79536 ht=283156 pf=0 pm=0 pt=0 ru=235828 rp=252012
19:00:22.546 @T t=104846 s=0.000 lv=-40.7 pk=-39.3 c0=4.3 c1=10.6 kw=10.46 inf=2.76 iv=1.16 n=3 d=7 sk=0 hf=95720 hm=79536 ht=283156 pf=0 pm=0 pt=0 ru=235828 rp=252012
19:00:22.546 @T t=104952 s=0.000 lv=-41.3 pk=-40.3 c0=3.5 c1=9.6 kw=9.34 inf=2.30 iv=1.11 n=4 d=7 sk=0 hf=95720 hm=79536 ht=283156 pf=0 pm=0 pt=0 ru=235828 rp=252012
19:00:22.546 @T t=105058 s=0.000 lv=-40.4 pk=-39.7 c0=3.3 c1=7.5 kw=7.35 inf=3.54 iv=1.17 n=2 d=7 sk=0 hf=95720 hm=79536 ht=283156 pf=0 pm=0 pt=0 ru=235828 rp=252012
19:00:22.546 @T t=105144 s=0.000 lv=-40.1 pk=-38.2 c0=4.2 c1=5.1 kw=4.95 inf=1.84 iv=0.00 n=0 d=7 sk=2 hf=95720 hm=79536 ht=283156 pf=0 pm=0 pt=0 ru=235828 rp=252012
19:00:22.546 @I ww=marvin cut=0.50 win=5 cool=1000 tick=100 wifi=1 srv=1 li=0 ln=0
19:00:22.546 @T t=105256 s=0.000 lv=-41.6 pk=-40.0 c0=10.9 c1=5.8 kw=5.63 inf=1.37 iv=0.00 n=0 d=7 sk=4 hf=95720 hm=79536 ht=283156 pf=0 pm=0 pt=0 ru=235828 rp=252012
19:00:22.546 @T t=105362 s=0.000 lv=-41.0 pk=-40.5 c0=3.1 c1=5.1 kw=4.93 inf=1.51 iv=0.00 n=0 d=7 sk=3 hf=95720 hm=79536 ht=283156 pf=0 pm=0 pt=0 ru=235828 rp=252012
19:00:22.546 @T t=105448 s=0.000 lv=-41.5 pk=-40.7 c0=8.4 c1=6.3 kw=6.12 inf=1.52 iv=0.00 n=0 d=7 sk=3 hf=95720 hm=79536 ht=283156 pf=0 pm=0 pt=0 ru=235828 rp=252012
19:00:22.546 @T t=105555 s=0.000 lv=-41.1 pk=-39.6 c0=3.5 c1=5.1 kw=4.93 inf=1.53 iv=0.00 n=0 d=7 sk=3 hf=95720 hm=79536 ht=283156 pf=0 pm=0 pt=0 ru=235828 rp=252012
19:00:24.926 @T t=105660 s=0.000 lv=-40.2 pk=-39.1 c0=3.3 c1=5.1 kw=4.96 inf=1.52 iv=0.00 n=0 d=7 sk=3 hf=95720 hm=79536 ht=283156 pf=0 pm=0 pt=0 ru=235828 rp=252012
19:00:24.926 @T t=105746 s=0.000 lv=-40.6 pk=-39.8 c0=3.6 c1=6.3 kw=6.10 inf=1.52 iv=0.00 n=0 d=7 sk=3 hf=95720 hm=79536 ht=283156 pf=0 pm=0 pt=0 ru=235828 rp=252012
19:00:24.926 @T t=105852 s=0.000 lv=-40.8 pk=-39.1 c0=3.0 c1=5.1 kw=4.91 inf=1.50 iv=0.00 n=0 d=7 sk=3 hf=95720 hm=79536 ht=283156 pf=0 pm=0 pt=0 ru=235828 rp=252012
19:00:24.926 @T t=105959 s=0.000 lv=-41.1 pk=-39.9 c0=3.1 c1=5.1 kw=4.92 inf=1.51 iv=0.00 n=0 d=7 sk=3 hf=95720 hm=79536 ht=283156 pf=0 pm=0 pt=0 ru=235828 rp=252012
19:00:24.926 @T t=106044 s=0.000 lv=-40.6 pk=-39.6 c0=3.7 c1=5.1 kw=5.06 inf=1.22 iv=0.00 n=0 d=7 sk=3 hf=95720 hm=79536 ht=283156 pf=0 pm=0 pt=0 ru=235828 rp=252012
19:00:24.926 I (106488) stream: server: {"type":"response","text":"Okay, go ahead and increase the volume.","saved":"20260928_190019_183_e072a1d53274_marvin.wav"}
19:00:24.926 @T t=106152 s=0.000 lv=-40.9 pk=-40.0 c0=10.3 c1=6.6 kw=6.20 inf=1.97 iv=0.00 n=0 d=7 sk=3 hf=95720 hm=79536 ht=283156 pf=0 pm=0 pt=0 ru=235828 rp=252012
19:00:24.926 @I ww=marvin cut=0.50 win=5 cool=1000 tick=100 wifi=1 srv=1 li=0 ln=0
19:00:24.926 @T t=106244 s=0.000 lv=-41.2 pk=-38.6 c0=4.7 c1=4.7 kw=4.59 inf=1.83 iv=0.00 n=0 d=7 sk=2 hf=95720 hm=79536 ht=283156 pf=0 pm=0 pt=0 ru=235828 rp=252012
19:00:24.926 @T t=106349 s=0.000 lv=-40.9 pk=-39.2 c0=6.3 c1=6.2 kw=6.03 inf=1.37 iv=0.00 n=0 d=7 sk=4 hf=95720 hm=79536 ht=283156 pf=0 pm=0 pt=0 ru=235828 rp=252012
19:00:24.926 @T t=106455 s=0.000 lv=-41.7 pk=-40.6 c0=3.2 c1=5.1 kw=4.95 inf=1.52 iv=0.00 n=0 d=7 sk=3 hf=95720 hm=79536 ht=283156 pf=0 pm=0 pt=0 ru=235828 rp=252012
19:00:24.926 @T t=106560 s=0.000 lv=-41.9 pk=-41.2 c0=6.3 c1=5.1 kw=4.94 inf=1.51 iv=0.00 n=0 d=7 sk=3 hf=95720 hm=79536 ht=283156 pf=0 pm=0 pt=0 ru=235828 rp=252012
19:00:24.926 @T t=106647 s=0.000 lv=-41.3 pk=-39.5 c0=4.2 c1=6.3 kw=6.13 inf=1.52 iv=0.00 n=0 d=7 sk=3 hf=95720 hm=79536 ht=283156 pf=0 pm=0 pt=0 ru=235828 rp=252012
19:00:24.926 @T t=106752 s=0.000 lv=-41.4 pk=-40.2 c0=3.2 c1=5.1 kw=4.97 inf=1.52 iv=0.00 n=0 d=7 sk=3 hf=95720 hm=79536 ht=283156 pf=0 pm=0 pt=0 ru=235828 rp=252012
19:00:24.926 @T t=106859 s=0.000 lv=-42.6 pk=-41.6 c0=3.1 c1=5.1 kw=4.94 inf=1.51 iv=0.00 n=0 d=7 sk=3 hf=95720 hm=79536 ht=283156 pf=0 pm=0 pt=0 ru=235828 rp=252012
19:00:24.926 @T t=106945 s=0.000 lv=-42.0 pk=-40.5 c0=3.9 c1=5.1 kw=5.05 inf=1.22 iv=0.00 n=0 d=7 sk=3 hf=95720 hm=79536 ht=283156 pf=0 pm=0 pt=0 ru=235828 rp=252012
19:00:24.926 @T t=107050 s=0.000 lv=-42.8 pk=-41.7 c0=3.0 c1=6.1 kw=5.76 inf=1.80 iv=0.00 n=0 d=7 sk=3 hf=95720 hm=79536 ht=283156 pf=0 pm=0 pt=0 ru=235828 rp=252012
19:00:24.926 @T t=107157 s=0.000 lv=-25.9 pk=-23.7 c0=9.1 c1=17.3 kw=16.73 inf=1.42 iv=1.01 n=12 d=7 sk=0 hf=95720 hm=79536 ht=283156 pf=0 pm=0 pt=0 ru=235828 rp=252012
19:00:24.926 @I ww=marvin cut=0.50 win=5 cool=1000 tick=100 wifi=1 srv=1 li=0 ln=0
19:00:24.926 @T t=107249 s=0.000 lv=-27.6 pk=-24.8 c0=4.9 c1=10.0 kw=9.76 inf=2.75 iv=1.14 n=3 d=7 sk=0 hf=95720 hm=79536 ht=283156 pf=0 pm=0 pt=0 ru=235828 rp=252012
19:00:24.927 @T t=107355 s=0.103 lv=-35.3 pk=-31.2 c0=4.0 c1=10.1 kw=9.89 inf=2.43 iv=1.22 n=4 d=7 sk=0 hf=95720 hm=79536 ht=283156 pf=0 pm=0 pt=0 ru=235828 rp=252012
19:00:24.927 @T t=107461 s=0.169 lv=-34.3 pk=-32.1 c0=3.4 c1=8.8 kw=8.62 inf=2.81 iv=1.20 n=3 d=7 sk=0 hf=95720 hm=79536 ht=283156 pf=0 pm=0 pt=0 ru=235828 rp=252012
19:00:24.927 @T t=107547 s=0.348 lv=-36.3 pk=-33.4 c0=4.2 c1=11.0 kw=10.80 inf=2.85 iv=1.24 n=3 d=7 sk=0 hf=95720 hm=79536 ht=283156 pf=0 pm=0 pt=0 ru=235828 rp=252012
19:00:24.927 I (107949) kws: >>> WAKE WORD "marvin" DETECTED  (score 0.52, t = 107.57 s)
19:00:24.927 I (107970) stream: first audio sent 19 ms after the detection
19:00:24.927 @T t=107653 s=0.577 lv=-42.5 pk=-42.2 c0=17.1 c1=14.8 kw=12.11 inf=3.01 iv=1.69 n=4 d=8 sk=0 hf=95720 hm=79536 ht=283156 pf=0 pm=0 pt=0 ru=235828 rp=252012
19:00:24.927 @T t=107759 s=0.984 lv=-42.5 pk=-41.6 c0=18.4 c1=12.7 kw=11.21 inf=3.70 iv=1.88 n=3 d=8 sk=0 hf=95720 hm=79536 ht=283156 pf=0 pm=0 pt=0 ru=235828 rp=252012
19:00:24.927 @T t=107850 s=0.992 lv=-41.8 pk=-41.2 c0=16.8 c1=13.2 kw=12.15 inf=3.46 iv=1.70 n=3 d=8 sk=0 hf=92084 hm=79536 ht=283156 pf=0 pm=0 pt=0 ru=239464 rp=252012
19:00:24.927 @T t=107957 s=0.983 lv=-41.3 pk=-39.8 c0=16.0 c1=14.3 kw=12.44 inf=3.11 iv=1.74 n=4 d=8 sk=0 hf=95720 hm=79536 ht=283156 pf=0 pm=0 pt=0 ru=235828 rp=252012
19:00:27.328 @T t=108043 s=0.969 lv=-42.0 pk=-41.0 c0=14.9 c1=10.7 kw=9.32 inf=3.70 iv=1.53 n=2 d=8 sk=0 hf=95720 hm=79536 ht=283156 pf=0 pm=0 pt=0 ru=235828 rp=252012
19:00:27.328 @T t=108150 s=0.955 lv=-24.3 pk=-18.1 c0=17.4 c1=14.6 kw=12.84 inf=3.21 iv=1.54 n=4 d=8 sk=0 hf=95720 hm=79536 ht=283156 pf=0 pm=0 pt=0 ru=235828 rp=252012
19:00:27.328 @I ww=marvin cut=0.50 win=5 cool=1000 tick=100 wifi=1 srv=1 li=0 ln=0
19:00:27.328 @T t=108261 s=0.781 lv=-20.7 pk=-17.5 c0=15.3 c1=12.8 kw=11.40 inf=2.97 iv=1.63 n=4 d=8 sk=0 hf=95720 hm=79536 ht=283156 pf=0 pm=0 pt=0 ru=235828 rp=252012
19:00:27.328 @T t=108351 s=0.184 lv=-38.4 pk=-36.1 c0=17.2 c1=13.8 kw=12.31 inf=3.44 iv=1.67 n=3 d=8 sk=0 hf=93936 hm=79536 ht=283156 pf=0 pm=0 pt=0 ru=237632 rp=252012
19:00:27.328 I (108809) wake_word: score event: peak 0.99 over 840 ms -> detected
19:00:27.328 @T t=108457 s=0.002 lv=-36.6 pk=-35.4 c0=17.6 c1=13.2 kw=11.46 inf=3.79 iv=1.67 n=3 d=8 sk=0 hf=95720 hm=79536 ht=283156 pf=0 pm=0 pt=0 ru=235828 rp=252012
19:00:27.328 @T t=108543 s=0.000 lv=-36.0 pk=-31.6 c0=15.6 c1=12.7 kw=11.21 inf=3.01 iv=1.60 n=3 d=8 sk=0 hf=95720 hm=79536 ht=283156 pf=0 pm=0 pt=0 ru=235828 rp=252012
19:00:27.328 @T t=108652 s=0.000 lv=-27.9 pk=-24.8 c0=17.3 c1=13.9 kw=12.63 inf=3.21 iv=1.64 n=4 d=8 sk=0 hf=95720 hm=79536 ht=283156 pf=0 pm=0 pt=0 ru=235828 rp=252012
19:00:27.328 @T t=108758 s=0.000 lv=-32.9 pk=-29.6 c0=14.4 c1=12.2 kw=10.19 inf=3.35 iv=1.60 n=3 d=8 sk=0 hf=95720 hm=79536 ht=283156 pf=0 pm=0 pt=0 ru=235828 rp=252012
19:00:27.328 @T t=108844 s=0.000 lv=-39.9 pk=-37.5 c0=18.8 c1=12.4 kw=11.23 inf=3.02 iv=1.53 n=3 d=8 sk=0 hf=95720 hm=79536 ht=283156 pf=0 pm=0 pt=0 ru=235828 rp=252012
19:00:27.328 @T t=108951 s=0.000 lv=-39.0 pk=-37.2 c0=17.1 c1=14.4 kw=12.95 inf=3.23 iv=1.63 n=4 d=8 sk=0 hf=92600 hm=79536 ht=283156 pf=0 pm=0 pt=0 ru=238948 rp=252012
19:00:27.329 @T t=109060 s=0.000 lv=-38.9 pk=-37.1 c0=14.3 c1=11.4 kw=9.85 inf=3.33 iv=1.58 n=3 d=8 sk=0 hf=95720 hm=79536 ht=283156 pf=0 pm=0 pt=0 ru=235828 rp=252012
19:00:27.329 @T t=109150 s=0.000 lv=-40.1 pk=-39.3 c0=20.7 c1=15.7 kw=13.87 inf=2.93 iv=1.57 n=4 d=8 sk=0 hf=92600 hm=79536 ht=283156 pf=0 pm=0 pt=0 ru=238948 rp=252012
19:00:27.329 @I ww=marvin cut=0.50 win=5 cool=1000 tick=100 wifi=1 srv=1 li=0 ln=0
19:00:27.329 @T t=109244 s=0.000 lv=-41.0 pk=-40.5 c0=15.0 c1=10.2 kw=8.60 inf=3.73 iv=1.62 n=2 d=8 sk=0 hf=95720 hm=79536 ht=283156 pf=0 pm=0 pt=0 ru=235828 rp=252012
19:00:27.329 @T t=109354 s=0.000 lv=-41.1 pk=-39.9 c0=20.4 c1=14.2 kw=12.45 inf=3.19 iv=1.58 n=4 d=8 sk=0 hf=95720 hm=79536 ht=283156 pf=0 pm=0 pt=0 ru=235828 rp=252012
19:00:27.329 I (109772) stream: stream finished (silence): 1820 ms of audio sent (28 KB)
19:00:27.329 @T t=109460 s=0.000 lv=-42.1 pk=-40.8 c0=11.5 c1=11.9 kw=10.71 inf=2.65 iv=1.40 n=4 d=8 sk=0 hf=95720 hm=79536 ht=283156 pf=0 pm=0 pt=0 ru=235828 rp=252012
19:00:27.329 @T t=109546 s=0.000 lv=-42.0 pk=-40.3 c0=7.5 c1=9.3 kw=8.04 inf=3.10 iv=1.18 n=2 d=8 sk=0 hf=95720 hm=79536 ht=283156 pf=0 pm=0 pt=0 ru=235828 rp=252012
19:00:27.329 @T t=109652 s=0.000 lv=-42.1 pk=-41.4 c0=3.4 c1=9.7 kw=10.38 inf=2.57 iv=1.10 n=4 d=8 sk=0 hf=95720 hm=79536 ht=283156 pf=0 pm=0 pt=0 ru=235828 rp=252012
19:00:27.329 @T t=109758 s=0.000 lv=-40.9 pk=-39.5 c0=3.4 c1=9.4 kw=9.19 inf=2.26 iv=1.07 n=4 d=8 sk=0 hf=95720 hm=79536 ht=283156 pf=0 pm=0 pt=0 ru=235828 rp=252012
19:00:27.329 @T t=109844 s=0.000 lv=-41.4 pk=-40.2 c0=4.1 c1=8.0 kw=7.86 inf=3.09 iv=1.17 n=2 d=8 sk=0 hf=95720 hm=79536 ht=283156 pf=0 pm=0 pt=0 ru=235828 rp=252012
19:00:27.329 @T t=109951 s=0.000 lv=-41.2 pk=-40.3 c0=3.6 c1=10.7 kw=10.45 inf=2.57 iv=1.13 n=4 d=8 sk=0 hf=95720 hm=79536 ht=283156 pf=0 pm=0 pt=0 ru=235828 rp=252012
19:00:27.329 @T t=110057 s=0.000 lv=-41.7 pk=-41.0 c0=3.8 c1=9.4 kw=9.27 inf=2.28 iv=1.09 n=4 d=8 sk=0 hf=95720 hm=79536 ht=283156 pf=0 pm=0 pt=0 ru=235828 rp=252012
19:00:27.329 @T t=110143 s=0.000 lv=-41.1 pk=-40.2 c0=4.9 c1=8.1 kw=7.92 inf=3.11 iv=1.18 n=2 d=8 sk=0 hf=95720 hm=79536 ht=283156 pf=0 pm=0 pt=0 ru=235828 rp=252012
19:00:27.329 @I ww=marvin cut=0.50 win=5 cool=1000 tick=100 wifi=1 srv=1 li=0 ln=0
19:00:27.329 @T t=110255 s=0.000 lv=-40.8 pk=-39.1 c0=4.1 c1=10.2 kw=9.99 inf=2.58 iv=1.15 n=4 d=8 sk=0 hf=95720 hm=79536 ht=283156 pf=0 pm=0 pt=0 ru=235828 rp=252012
19:00:27.329 @T t=110361 s=0.000 lv=-41.9 pk=-41.4 c0=3.4 c1=7.5 kw=7.37 inf=2.37 iv=1.20 n=2 d=8 sk=1 hf=95720 hm=79536 ht=283156 pf=0 pm=0 pt=0 ru=235828 rp=252012
19:00:29.520 @T t=110445 s=0.000 lv=-42.0 pk=-40.8 c0=4.0 c1=6.3 kw=6.16 inf=1.51 iv=0.00 n=0 d=8 sk=3 hf=95720 hm=79536 ht=283156 pf=0 pm=0 pt=0 ru=235828 rp=252012
19:00:29.520 @T t=110551 s=0.000 lv=-41.9 pk=-40.8 c0=3.0 c1=5.1 kw=4.92 inf=1.51 iv=0.00 n=0 d=8 sk=3 hf=95720 hm=79536 ht=283156 pf=0 pm=0 pt=0 ru=235828 rp=252012
19:00:29.520 @T t=110657 s=0.000 lv=-42.1 pk=-40.6 c0=3.0 c1=5.1 kw=4.93 inf=1.51 iv=0.00 n=0 d=8 sk=3 hf=95720 hm=79536 ht=283156 pf=0 pm=0 pt=0 ru=235828 rp=252012
19:00:29.520 @T t=110743 s=0.000 lv=-40.7 pk=-40.3 c0=3.7 c1=5.0 kw=4.88 inf=1.82 iv=0.00 n=0 d=8 sk=2 hf=95720 hm=79536 ht=283156 pf=0 pm=0 pt=0 ru=235828 rp=252012
19:00:29.520 @T t=110850 s=0.000 lv=-39.8 pk=-37.5 c0=3.0 c1=6.1 kw=5.92 inf=1.36 iv=0.00 n=0 d=8 sk=4 hf=95720 hm=79536 ht=283156 pf=0 pm=0 pt=0 ru=235828 rp=252012
19:00:29.520 @T t=110955 s=0.000 lv=-40.8 pk=-39.0 c0=3.1 c1=5.1 kw=4.94 inf=1.51 iv=0.00 n=0 d=8 sk=3 hf=95720 hm=79536 ht=283156 pf=0 pm=0 pt=0 ru=235828 rp=252012
19:00:29.520 @T t=111061 s=0.000 lv=-40.7 pk=-40.1 c0=3.0 c1=5.1 kw=4.93 inf=1.51 iv=0.00 n=0 d=8 sk=3 hf=95720 hm=79536 ht=283156 pf=0 pm=0 pt=0 ru=235828 rp=252012
19:00:29.520 @T t=111148 s=0.000 lv=-40.7 pk=-39.4 c0=8.1 c1=7.4 kw=6.48 inf=1.61 iv=0.00 n=0 d=8 sk=3 hf=95720 hm=79536 ht=283156 pf=0 pm=0 pt=0 ru=235828 rp=252012
19:00:29.520 @I ww=marvin cut=0.50 win=5 cool=1000 tick=100 wifi=1 srv=1 li=0 ln=0
19:00:29.520 [status] up 111s | mic -33.2 dBFS (peak -17.5) | score max 1.00 | detections 8 | inferences 230 (23.0/s; model 1.38 ms each, paused in quiet 32%; features 1.47 ms per 30 ms) | CPU core0  9.2% core1  9.6% (wake word pipeline 8.87% of one core) | RAM used 230 KB (peak 246 KB, 93 KB free) | wifi OK, server OK | audio lost since boot: i2s 0 net 0
19:00:29.520 I (111619) stream: server: {"type":"response","text":"Tell me a joke.","saved":"20260928_190024_442_e072a1d53274_marvin.wav"}
19:00:29.520 @T t=111253 s=0.000 lv=-41.7 pk=-40.6 c0=9.6 c1=8.1 kw=5.19 inf=1.58 iv=0.00 n=0 d=8 sk=3 hf=95720 hm=79536 ht=283156 pf=0 pm=0 pt=0 ru=235828 rp=252012
19:00:29.520 @T t=111358 s=0.000 lv=-41.6 pk=-40.3 c0=3.4 c1=5.0 kw=4.93 inf=1.51 iv=0.00 n=0 d=8 sk=3 hf=95720 hm=79536 ht=283156 pf=0 pm=0 pt=0 ru=235828 rp=252012
19:00:29.520 @T t=111444 s=0.000 lv=-41.6 pk=-40.8 c0=3.7 c1=5.1 kw=5.02 inf=1.21 iv=0.00 n=0 d=8 sk=3 hf=95720 hm=79536 ht=283156 pf=0 pm=0 pt=0 ru=235828 rp=252012
19:00:29.520 @T t=111550 s=0.000 lv=-41.4 pk=-40.3 c0=3.0 c1=6.1 kw=5.77 inf=1.81 iv=0.00 n=0 d=8 sk=3 hf=95720 hm=79536 ht=283156 pf=0 pm=0 pt=0 ru=235828 rp=252012
19:00:29.520 @T t=111656 s=0.000 lv=-41.1 pk=-40.0 c0=3.0 c1=5.1 kw=4.91 inf=1.50 iv=0.00 n=0 d=8 sk=3 hf=95720 hm=79536 ht=283156 pf=0 pm=0 pt=0 ru=235828 rp=252012
19:00:29.520 @T t=111742 s=0.000 lv=-42.8 pk=-42.0 c0=3.7 c1=5.0 kw=4.86 inf=1.81 iv=0.00 n=0 d=8 sk=2 hf=95720 hm=79536 ht=283156 pf=0 pm=0 pt=0 ru=235828 rp=252012
19:00:29.520 @T t=111848 s=0.000 lv=-42.3 pk=-41.5 c0=3.1 c1=6.1 kw=5.90 inf=1.36 iv=0.00 n=0 d=8 sk=4 hf=95720 hm=79536 ht=283156 pf=0 pm=0 pt=0 ru=235828 rp=252012
19:00:29.520 @T t=111954 s=0.000 lv=-40.9 pk=-39.7 c0=3.1 c1=5.1 kw=4.93 inf=1.51 iv=0.00 n=0 d=8 sk=3 hf=95720 hm=79536 ht=283156 pf=0 pm=0 pt=0 ru=235828 rp=252012
19:00:29.520 @T t=112060 s=0.000 lv=-41.1 pk=-39.0 c0=3.0 c1=5.1 kw=4.91 inf=1.50 iv=0.00 n=0 d=8 sk=3 hf=95720 hm=79536 ht=283156 pf=0 pm=0 pt=0 ru=235828 rp=252012
19:00:29.520 @T t=112147 s=0.000 lv=-29.0 pk=-24.4 c0=3.9 c1=19.0 kw=18.79 inf=1.29 iv=0.97 n=11 d=8 sk=1 hf=95720 hm=79536 ht=283156 pf=0 pm=0 pt=0 ru=235828 rp=252012
19:00:29.520 @I ww=marvin cut=0.50 win=5 cool=1000 tick=100 wifi=1 srv=1 li=0 ln=0
19:00:29.520 @T t=112259 s=0.000 lv=-27.4 pk=-24.4 c0=4.8 c1=9.6 kw=9.35 inf=2.43 iv=1.20 n=4 d=8 sk=0 hf=95720 hm=79536 ht=283156 pf=0 pm=0 pt=0 ru=235828 rp=252012
19:00:29.520 @T t=112345 s=0.000 lv=-34.1 pk=-32.2 c0=4.4 c1=8.3 kw=8.20 inf=3.17 iv=1.23 n=2 d=8 sk=0 hf=95720 hm=79536 ht=283156 pf=0 pm=0 pt=0 ru=235828 rp=252012
19:00:29.520 @T t=112451 s=0.006 lv=-35.0 pk=-33.8 c0=3.5 c1=11.3 kw=11.02 inf=2.74 iv=1.29 n=4 d=8 sk=0 hf=95720 hm=79536 ht=283156 pf=0 pm=0 pt=0 ru=235828 rp=252012
19:00:29.520 @T t=112557 s=0.176 lv=-40.8 pk=-39.4 c0=3.4 c1=9.7 kw=9.57 inf=2.36 iv=1.15 n=4 d=8 sk=0 hf=95720 hm=79536 ht=283156 pf=0 pm=0 pt=0 ru=235828 rp=252012
19:00:29.520 I (112989) kws: >>> WAKE WORD "marvin" DETECTED  (score 0.54, t = 112.61 s)
19:00:29.520 I (113008) stream: first audio sent 18 ms after the detection
19:00:31.938 @T t=112643 s=0.540 lv=-41.6 pk=-40.4 c0=11.7 c1=10.5 kw=8.21 inf=3.23 iv=1.24 n=2 d=9 sk=0 hf=95720 hm=79536 ht=283156 pf=0 pm=0 pt=0 ru=235828 rp=252012
19:00:31.938 @T t=112751 s=0.743 lv=-41.0 pk=-37.4 c0=17.6 c1=15.0 kw=13.40 inf=3.39 iv=1.79 n=4 d=9 sk=0 hf=95720 hm=79536 ht=283156 pf=0 pm=0 pt=0 ru=235828 rp=252012
19:00:31.938 @T t=112857 s=0.930 lv=-31.8 pk=-29.1 c0=14.2 c1=12.8 kw=11.42 inf=2.84 iv=1.51 n=4 d=9 sk=0 hf=95720 hm=79536 ht=283156 pf=0 pm=0 pt=0 ru=235828 rp=252012
19:00:31.938 @T t=112943 s=0.716 lv=-35.1 pk=-32.2 c0=14.9 c1=10.6 kw=9.19 inf=3.64 iv=1.52 n=2 d=9 sk=0 hf=95720 hm=79536 ht=283156 pf=0 pm=0 pt=0 ru=235828 rp=252012
19:00:31.938 @T t=113051 s=0.634 lv=-31.6 pk=-27.5 c0=16.5 c1=14.2 kw=12.55 inf=3.16 iv=1.53 n=4 d=9 sk=0 hf=95720 hm=79536 ht=283156 pf=0 pm=0 pt=0 ru=235828 rp=252012
19:00:31.938 @T t=113157 s=0.651 lv=-33.6 pk=-30.9 c0=14.6 c1=13.2 kw=11.70 inf=2.91 iv=1.54 n=4 d=9 sk=0 hf=95720 hm=79536 ht=283156 pf=0 pm=0 pt=0 ru=235828 rp=252012
19:00:31.938 @I ww=marvin cut=0.50 win=5 cool=1000 tick=100 wifi=1 srv=1 li=0 ln=0
19:00:31.938 @T t=113250 s=0.455 lv=-23.4 pk=-20.9 c0=20.5 c1=14.4 kw=12.34 inf=3.57 iv=1.64 n=3 d=9 sk=0 hf=95720 hm=79536 ht=283156 pf=0 pm=0 pt=0 ru=235828 rp=252012
19:00:31.938 @T t=113356 s=0.244 lv=-40.8 pk=-39.2 c0=14.5 c1=11.6 kw=10.07 inf=3.30 iv=1.52 n=3 d=9 sk=0 hf=95720 hm=79536 ht=283156 pf=0 pm=0 pt=0 ru=235828 rp=252012
19:00:31.938 I (113829) wake_word: score event: peak 0.93 over 750 ms -> detected
19:00:31.938 @T t=113462 s=0.005 lv=-41.1 pk=-40.4 c0=15.6 c1=14.4 kw=12.86 inf=3.22 iv=1.58 n=4 d=9 sk=0 hf=95720 hm=79536 ht=283156 pf=0 pm=0 pt=0 ru=235828 rp=252012
19:00:31.938 @T t=113551 s=0.000 lv=-40.3 pk=-39.5 c0=18.3 c1=13.3 kw=11.60 inf=3.19 iv=1.44 n=3 d=9 sk=0 hf=95720 hm=79536 ht=283156 pf=0 pm=0 pt=0 ru=235828 rp=252012
19:00:31.938 @T t=113657 s=0.000 lv=-42.1 pk=-41.6 c0=14.0 c1=11.1 kw=9.70 inf=3.17 iv=1.44 n=3 d=9 sk=0 hf=95720 hm=79536 ht=283156 pf=0 pm=0 pt=0 ru=235828 rp=252012
19:00:31.938 @T t=113743 s=0.000 lv=-42.4 pk=-41.4 c0=15.1 c1=12.0 kw=10.59 inf=2.83 iv=1.44 n=3 d=9 sk=0 hf=95720 hm=79536 ht=283156 pf=0 pm=0 pt=0 ru=235828 rp=252012
19:00:31.938 @T t=113852 s=0.000 lv=-42.0 pk=-40.5 c0=15.8 c1=12.9 kw=11.87 inf=3.01 iv=1.44 n=4 d=9 sk=0 hf=95720 hm=79536 ht=283156 pf=0 pm=0 pt=0 ru=235828 rp=252012
19:00:31.938 @T t=113959 s=0.000 lv=-42.3 pk=-41.0 c0=14.0 c1=12.4 kw=9.73 inf=3.21 iv=1.45 n=3 d=9 sk=0 hf=95720 hm=79536 ht=283156 pf=0 pm=0 pt=0 ru=235828 rp=252012
19:00:31.938 @T t=114045 s=0.000 lv=-42.2 pk=-41.6 c0=15.1 c1=12.2 kw=10.84 inf=2.85 iv=1.45 n=3 d=9 sk=0 hf=95720 hm=79536 ht=283156 pf=0 pm=0 pt=0 ru=235828 rp=252012
19:00:31.938 I (114495) stream: stream finished (silence): 1500 ms of audio sent (23 KB)
19:00:31.938 @T t=114155 s=0.000 lv=-41.9 pk=-41.4 c0=15.4 c1=13.6 kw=12.03 inf=3.12 iv=1.52 n=4 d=9 sk=0 hf=95720 hm=79536 ht=283156 pf=0 pm=0 pt=0 ru=235828 rp=252012
19:00:31.938 @I ww=marvin cut=0.50 win=5 cool=1000 tick=100 wifi=1 srv=1 li=0 ln=0
19:00:31.938 @T t=114247 s=0.000 lv=-41.7 pk=-40.4 c0=4.8 c1=9.8 kw=9.67 inf=2.72 iv=1.13 n=3 d=9 sk=0 hf=95720 hm=79536 ht=283156 pf=0 pm=0 pt=0 ru=235828 rp=252012
19:00:31.938 @T t=114353 s=0.000 lv=-41.6 pk=-40.2 c0=3.9 c1=9.4 kw=9.25 inf=2.27 iv=1.09 n=4 d=9 sk=0 hf=95720 hm=79536 ht=283156 pf=0 pm=0 pt=0 ru=235828 rp=252012
19:00:31.938 @T t=114459 s=0.000 lv=-41.7 pk=-40.1 c0=3.4 c1=8.4 kw=8.27 inf=2.68 iv=1.11 n=3 d=9 sk=0 hf=95720 hm=79536 ht=283156 pf=0 pm=0 pt=0 ru=235828 rp=252012
19:00:31.938 @T t=114546 s=0.000 lv=-41.8 pk=-40.9 c0=4.7 c1=10.8 kw=10.64 inf=2.84 iv=1.22 n=3 d=9 sk=0 hf=95720 hm=79536 ht=283156 pf=0 pm=0 pt=0 ru=235828 rp=252012
19:00:31.938 @T t=114652 s=0.000 lv=-41.9 pk=-40.4 c0=3.5 c1=9.4 kw=9.21 inf=2.26 iv=1.08 n=4 d=9 sk=0 hf=95720 hm=79536 ht=283156 pf=0 pm=0 pt=0 ru=235828 rp=252012
19:00:31.938 @T t=114758 s=0.000 lv=-41.3 pk=-40.6 c0=3.3 c1=8.4 kw=8.26 inf=2.68 iv=1.11 n=3 d=9 sk=0 hf=95720 hm=79536 ht=283156 pf=0 pm=0 pt=0 ru=235828 rp=252012
19:00:31.938 @T t=114844 s=0.000 lv=-42.2 pk=-41.0 c0=4.2 c1=9.3 kw=9.11 inf=2.42 iv=1.15 n=3 d=9 sk=0 hf=95720 hm=79536 ht=283156 pf=0 pm=0 pt=0 ru=235828 rp=252012
19:00:31.938 @T t=114949 s=0.000 lv=-40.6 pk=-39.4 c0=3.4 c1=6.2 kw=6.08 inf=1.40 iv=0.00 n=0 d=9 sk=4 hf=95720 hm=79536 ht=283156 pf=0 pm=0 pt=0 ru=235828 rp=252012
19:00:34.329 @T t=115055 s=0.000 lv=-40.9 pk=-39.5 c0=3.0 c1=5.0 kw=4.92 inf=1.50 iv=0.00 n=0 d=9 sk=3 hf=95720 hm=79536 ht=283156 pf=0 pm=0 pt=0 ru=235828 rp=252012
19:00:34.329 @T t=115162 s=0.000 lv=-40.6 pk=-38.6 c0=3.1 c1=5.1 kw=4.92 inf=1.51 iv=0.00 n=0 d=9 sk=3 hf=95720 hm=79536 ht=283156 pf=0 pm=0 pt=0 ru=235828 rp=252012
19:00:34.329 @I ww=marvin cut=0.50 win=5 cool=1000 tick=100 wifi=1 srv=1 li=0 ln=0
19:00:34.330 @T t=115254 s=0.000 lv=-40.9 pk=-39.8 c0=6.5 c1=5.9 kw=5.70 inf=1.51 iv=0.00 n=0 d=9 sk=3 hf=93936 hm=79536 ht=283156 pf=0 pm=0 pt=0 ru=237612 rp=252012
19:00:34.330 I (115653) wifi:[ADDBA]RX DELBA, reason:37, delete tid:0, initiator:1(originator)
19:00:34.330 @T t=115362 s=0.000 lv=-41.5 pk=-40.7 c0=7.3 c1=5.6 kw=4.99 inf=1.56 iv=0.00 n=0 d=9 sk=3 hf=95720 hm=79536 ht=283156 pf=0 pm=0 pt=0 ru=235828 rp=252012
19:00:34.330 @T t=115447 s=0.000 lv=-41.6 pk=-40.0 c0=4.1 c1=6.3 kw=6.18 inf=1.54 iv=0.00 n=0 d=9 sk=3 hf=95720 hm=79536 ht=283156 pf=0 pm=0 pt=0 ru=235828 rp=252012
19:00:34.330 @T t=115553 s=0.000 lv=-41.9 pk=-41.0 c0=3.0 c1=5.0 kw=4.91 inf=1.50 iv=0.00 n=0 d=9 sk=3 hf=95720 hm=79536 ht=283156 pf=0 pm=0 pt=0 ru=235828 rp=252012
19:00:34.330 @T t=115660 s=0.000 lv=-42.5 pk=-41.8 c0=3.4 c1=5.1 kw=4.93 inf=1.51 iv=0.00 n=0 d=9 sk=3 hf=95720 hm=79536 ht=283156 pf=0 pm=0 pt=0 ru=235828 rp=252012
19:00:34.330 @T t=115745 s=0.000 lv=-41.0 pk=-39.6 c0=3.9 c1=6.3 kw=6.16 inf=1.53 iv=0.00 n=0 d=9 sk=3 hf=95720 hm=79536 ht=283156 pf=0 pm=0 pt=0 ru=235828 rp=252012
19:00:34.330 @T t=115852 s=0.000 lv=-39.8 pk=-38.4 c0=3.1 c1=5.1 kw=4.92 inf=1.51 iv=0.00 n=0 d=9 sk=3 hf=95720 hm=79536 ht=283156 pf=0 pm=0 pt=0 ru=235828 rp=252012
19:00:34.330 I (116337) stream: server: {"type":"response","text":"Turn on the light.","saved":"20260928_190029_482_e072a1d53274_marvin.wav"}
19:00:34.330 @T t=115960 s=0.000 lv=-41.4 pk=-39.0 c0=12.5 c1=5.1 kw=4.81 inf=1.51 iv=0.00 n=0 d=9 sk=3 hf=95720 hm=79536 ht=283156 pf=0 pm=0 pt=0 ru=235828 rp=252012
19:00:34.330 @T t=116050 s=0.000 lv=-40.1 pk=-39.0 c0=12.4 c1=6.2 kw=5.91 inf=1.54 iv=0.00 n=0 d=9 sk=3 hf=95720 hm=79536 ht=283156 pf=0 pm=0 pt=0 ru=235828 rp=252012
19:00:34.330 @T t=116157 s=0.000 lv=-41.6 pk=-40.3 c0=6.9 c1=5.1 kw=4.94 inf=1.51 iv=0.00 n=0 d=9 sk=3 hf=95720 hm=79536 ht=283156 pf=0 pm=0 pt=0 ru=235828 rp=252012
19:00:34.330 @I ww=marvin cut=0.50 win=5 cool=1000 tick=100 wifi=1 srv=1 li=0 ln=0
19:00:34.330 @T t=116249 s=0.000 lv=-40.4 pk=-39.3 c0=4.7 c1=5.9 kw=5.75 inf=1.53 iv=0.00 n=0 d=9 sk=3 hf=95720 hm=79536 ht=283156 pf=0 pm=0 pt=0 ru=235828 rp=252012
19:00:34.330 @T t=116354 s=0.000 lv=-41.0 pk=-38.9 c0=3.1 c1=5.1 kw=4.95 inf=1.52 iv=0.00 n=0 d=9 sk=3 hf=95720 hm=79536 ht=283156 pf=0 pm=0 pt=0 ru=235828 rp=252012
19:00:34.330 @T t=116460 s=0.000 lv=-41.5 pk=-40.9 c0=3.0 c1=5.0 kw=4.91 inf=1.50 iv=0.00 n=0 d=9 sk=3 hf=95720 hm=79536 ht=283156 pf=0 pm=0 pt=0 ru=235828 rp=252012
19:00:34.330 @T t=116546 s=0.000 lv=-40.1 pk=-38.1 c0=3.7 c1=6.3 kw=6.08 inf=1.51 iv=0.00 n=0 d=9 sk=3 hf=95720 hm=79536 ht=283156 pf=0 pm=0 pt=0 ru=235828 rp=252012
19:00:34.330 @T t=116652 s=0.000 lv=-41.2 pk=-40.3 c0=3.0 c1=5.1 kw=4.92 inf=1.51 iv=0.00 n=0 d=9 sk=3 hf=95720 hm=79536 ht=283156 pf=0 pm=0 pt=0 ru=235828 rp=252012
19:00:34.330 @T t=116759 s=0.000 lv=-41.0 pk=-40.2 c0=3.3 c1=5.1 kw=4.94 inf=1.51 iv=0.00 n=0 d=9 sk=3 hf=95720 hm=79536 ht=283156 pf=0 pm=0 pt=0 ru=235828 rp=252012
19:00:34.330 @T t=116845 s=0.000 lv=-42.3 pk=-41.4 c0=4.1 c1=5.1 kw=5.09 inf=1.23 iv=0.00 n=0 d=9 sk=3 hf=95720 hm=79536 ht=283156 pf=0 pm=0 pt=0 ru=235828 rp=252012
19:00:34.330 @T t=116951 s=0.000 lv=-25.0 pk=-23.0 c0=3.2 c1=17.4 kw=17.01 inf=1.33 iv=0.97 n=12 d=9 sk=1 hf=95720 hm=79536 ht=283156 pf=0 pm=0 pt=0 ru=235828 rp=252012
19:00:34.331 @T t=117057 s=0.000 lv=-31.2 pk=-26.6 c0=3.9 c1=8.5 kw=8.36 inf=2.72 iv=1.13 n=3 d=9 sk=0 hf=95720 hm=79536 ht=283156 pf=0 pm=0 pt=0 ru=235828 rp=252012
19:00:34.331 @T t=117143 s=0.000 lv=-31.9 pk=-30.8 c0=4.4 c1=9.6 kw=9.46 inf=2.52 iv=1.21 n=3 d=9 sk=0 hf=95720 hm=79536 ht=283156 pf=0 pm=0 pt=0 ru=235828 rp=252012
19:00:34.331 @I ww=marvin cut=0.50 win=5 cool=1000 tick=100 wifi=1 srv=1 li=0 ln=0
19:00:34.331 @T t=117254 s=0.000 lv=-35.6 pk=-33.8 c0=4.1 c1=10.6 kw=10.40 inf=2.67 iv=1.22 n=4 d=9 sk=0 hf=95720 hm=79536 ht=283156 pf=0 pm=0 pt=0 ru=235828 rp=252012
19:00:34.331 @T t=117360 s=0.098 lv=-41.1 pk=-39.4 c0=3.5 c1=8.8 kw=8.62 inf=2.81 iv=1.20 n=3 d=9 sk=0 hf=95720 hm=79536 ht=283156 pf=0 pm=0 pt=0 ru=235828 rp=252012
19:00:36.830 @T t=117447 s=0.420 lv=-41.5 pk=-40.9 c0=4.3 c1=11.9 kw=11.90 inf=2.41 iv=1.20 n=4 d=9 sk=0 hf=95720 hm=79536 ht=283156 pf=0 pm=0 pt=0 ru=235828 rp=252012
19:00:36.830 @T t=117553 s=0.438 lv=-41.5 pk=-40.9 c0=3.4 c1=9.0 kw=8.62 inf=2.81 iv=1.20 n=3 d=9 sk=0 hf=95720 hm=79536 ht=283156 pf=0 pm=0 pt=0 ru=235828 rp=252012
19:00:36.830 @T t=117659 s=0.421 lv=-41.0 pk=-40.4 c0=3.5 c1=8.8 kw=8.62 inf=2.80 iv=1.19 n=3 d=9 sk=0 hf=95720 hm=79536 ht=283156 pf=0 pm=0 pt=0 ru=235828 rp=252012
19:00:36.830 @T t=117745 s=0.218 lv=-34.9 pk=-29.4 c0=4.2 c1=9.7 kw=9.62 inf=2.52 iv=1.21 n=3 d=9 sk=0 hf=95720 hm=79536 ht=283156 pf=0 pm=0 pt=0 ru=235828 rp=252012
19:00:36.830 @T t=117853 s=0.291 lv=-31.9 pk=-27.9 c0=3.8 c1=11.5 kw=11.20 inf=2.84 iv=1.32 n=4 d=9 sk=0 hf=95720 hm=79536 ht=283156 pf=0 pm=0 pt=0 ru=235828 rp=252012
19:00:36.830 @T t=117959 s=0.286 lv=-40.3 pk=-37.5 c0=6.8 c1=8.8 kw=8.62 inf=2.80 iv=1.19 n=3 d=9 sk=0 hf=95720 hm=79536 ht=283156 pf=0 pm=0 pt=0 ru=235828 rp=252012
19:00:36.830 @T t=118047 s=0.183 lv=-34.6 pk=-31.1 c0=9.1 c1=12.9 kw=12.49 inf=2.56 iv=1.31 n=4 d=9 sk=0 hf=95720 hm=79536 ht=283156 pf=0 pm=0 pt=0 ru=235828 rp=252012
19:00:36.830 @T t=118153 s=0.024 lv=-26.1 pk=-22.0 c0=4.2 c1=9.1 kw=8.72 inf=2.84 iv=1.21 n=3 d=9 sk=0 hf=95720 hm=79536 ht=283156 pf=0 pm=0 pt=0 ru=235828 rp=252012
19:00:36.830 @I ww=marvin cut=0.50 win=5 cool=1000 tick=100 wifi=1 srv=1 li=0 ln=0
19:00:36.830 I (118549) wake_word: score event: peak 0.44 over 660 ms -> not detected (below threshold or in cool-down)
19:00:36.830 @T t=118245 s=0.000 lv=-37.4 pk=-33.7 c0=4.7 c1=10.5 kw=13.23 inf=3.81 iv=1.18 n=3 d=9 sk=0 hf=95720 hm=79536 ht=283156 pf=0 pm=0 pt=0 ru=235828 rp=252012
19:00:36.830 @T t=118351 s=0.000 lv=-35.0 pk=-30.7 c0=3.5 c1=10.5 kw=10.23 inf=2.53 iv=1.08 n=4 d=9 sk=0 hf=95720 hm=79536 ht=283156 pf=0 pm=0 pt=0 ru=235828 rp=252012
19:00:36.830 @T t=118457 s=0.000 lv=-30.0 pk=-27.0 c0=3.4 c1=8.4 kw=8.27 inf=2.69 iv=1.11 n=3 d=9 sk=0 hf=95720 hm=79536 ht=283156 pf=0 pm=0 pt=0 ru=235828 rp=252012
19:00:36.830 @T t=118543 s=0.000 lv=-35.8 pk=-33.6 c0=4.0 c1=9.1 kw=8.97 inf=2.38 iv=1.12 n=3 d=9 sk=0 hf=95720 hm=79536 ht=283156 pf=0 pm=0 pt=0 ru=235828 rp=252012
19:00:36.830 @T t=118649 s=0.000 lv=-41.3 pk=-39.5 c0=3.4 c1=10.4 kw=10.18 inf=2.48 iv=1.07 n=4 d=9 sk=0 hf=95720 hm=79536 ht=283156 pf=0 pm=0 pt=0 ru=235828 rp=252012
19:00:36.830 @T t=118755 s=0.000 lv=-41.5 pk=-41.0 c0=3.3 c1=8.4 kw=8.28 inf=2.69 iv=1.11 n=3 d=9 sk=0 hf=95720 hm=79536 ht=283156 pf=0 pm=0 pt=0 ru=235828 rp=252012
19:00:36.830 @T t=118861 s=0.000 lv=-41.5 pk=-40.5 c0=3.4 c1=8.5 kw=8.30 inf=2.69 iv=1.12 n=3 d=9 sk=0 hf=95720 hm=79536 ht=283156 pf=0 pm=0 pt=0 ru=235828 rp=252012
19:00:36.830 @T t=118947 s=0.000 lv=-41.0 pk=-40.5 c0=4.3 c1=11.8 kw=11.58 inf=2.31 iv=1.11 n=4 d=9 sk=0 hf=95720 hm=79536 ht=283156 pf=0 pm=0 pt=0 ru=235828 rp=252012
19:00:36.830 @T t=119053 s=0.000 lv=-40.4 pk=-39.2 c0=4.2 c1=8.6 kw=8.42 inf=2.72 iv=1.12 n=3 d=9 sk=0 hf=95720 hm=79536 ht=283156 pf=0 pm=0 pt=0 ru=235828 rp=252012
19:00:36.830 @T t=119159 s=0.000 lv=-41.8 pk=-41.2 c0=3.6 c1=8.7 kw=8.51 inf=2.77 iv=1.17 n=3 d=9 sk=0 hf=95720 hm=79536 ht=283156 pf=0 pm=0 pt=0 ru=235828 rp=252012
19:00:36.830 @I ww=marvin cut=0.50 win=5 cool=1000 tick=100 wifi=1 srv=1 li=0 ln=0
19:00:36.830 @T t=119251 s=0.000 lv=-41.2 pk=-39.6 c0=5.3 c1=11.1 kw=10.93 inf=2.33 iv=1.14 n=4 d=9 sk=0 hf=95720 hm=79536 ht=283156 pf=0 pm=0 pt=0 ru=235828 rp=252012
19:00:36.831 @T t=119357 s=0.000 lv=-42.6 pk=-41.4 c0=3.4 c1=8.5 kw=8.34 inf=2.71 iv=1.12 n=3 d=9 sk=0 hf=95720 hm=79536 ht=283156 pf=0 pm=0 pt=0 ru=235828 rp=252012
19:00:36.831 @T t=119443 s=0.000 lv=-41.5 pk=-39.9 c0=4.1 c1=9.2 kw=9.03 inf=2.39 iv=1.13 n=3 d=9 sk=0 hf=95720 hm=79536 ht=283156 pf=0 pm=0 pt=0 ru=235828 rp=252012
19:00:36.831 @T t=119549 s=0.000 lv=-40.8 pk=-40.2 c0=3.4 c1=10.5 kw=10.25 inf=2.50 iv=1.09 n=4 d=9 sk=0 hf=95720 hm=79536 ht=283156 pf=0 pm=0 pt=0 ru=235828 rp=252012
19:00:36.831 @T t=119655 s=0.000 lv=-40.1 pk=-37.9 c0=3.4 c1=8.5 kw=8.28 inf=2.69 iv=1.11 n=3 d=9 sk=0 hf=95720 hm=79536 ht=283156 pf=0 pm=0 pt=0 ru=235828 rp=252012
19:00:36.831 @T t=119761 s=0.000 lv=-41.2 pk=-39.5 c0=3.3 c1=8.5 kw=8.32 inf=2.70 iv=1.12 n=3 d=9 sk=0 hf=95720 hm=79536 ht=283156 pf=0 pm=0 pt=0 ru=235828 rp=252012
19:00:36.831 @T t=119847 s=0.000 lv=-40.9 pk=-40.5 c0=4.3 c1=12.0 kw=11.73 inf=2.34 iv=1.13 n=4 d=9 sk=0 hf=95720 hm=79536 ht=283156 pf=0 pm=0 pt=0 ru=235828 rp=252012
19:00:39.035 @T t=119953 s=0.000 lv=-41.4 pk=-39.6 c0=3.5 c1=8.5 kw=8.36 inf=2.71 iv=1.13 n=3 d=9 sk=0 hf=95720 hm=79536 ht=283156 pf=0 pm=0 pt=0 ru=235828 rp=252012
19:00:39.035 @T t=120059 s=0.000 lv=-41.8 pk=-40.6 c0=6.6 c1=9.3 kw=8.83 inf=2.87 iv=1.26 n=3 d=9 sk=0 hf=95720 hm=79536 ht=283156 pf=0 pm=0 pt=0 ru=235828 rp=252012
19:00:39.035 @T t=120145 s=0.000 lv=-42.3 pk=-41.1 c0=5.4 c1=7.0 kw=6.91 inf=1.74 iv=1.33 n=1 d=9 sk=2 hf=95720 hm=79536 ht=283156 pf=0 pm=0 pt=0 ru=235828 rp=252012
19:00:39.035 @I ww=marvin cut=0.50 win=5 cool=1000 tick=100 wifi=1 srv=1 li=0 ln=0
19:00:39.035 @T t=120256 s=0.000 lv=-41.4 pk=-40.8 c0=11.2 c1=5.9 kw=5.69 inf=1.89 iv=0.00 n=0 d=9 sk=3 hf=95720 hm=79536 ht=283156 pf=0 pm=0 pt=0 ru=235828 rp=252012
19:00:39.035 @T t=120343 s=0.000 lv=-39.5 pk=-37.8 c0=3.8 c1=5.0 kw=4.87 inf=1.81 iv=0.00 n=0 d=9 sk=2 hf=95720 hm=79536 ht=283156 pf=0 pm=0 pt=0 ru=235828 rp=252012
19:00:39.035 @T t=120449 s=0.000 lv=-38.6 pk=-36.1 c0=3.1 c1=17.3 kw=17.07 inf=1.33 iv=0.97 n=12 d=9 sk=1 hf=95720 hm=79536 ht=283156 pf=0 pm=0 pt=0 ru=235828 rp=252012
19:00:39.035 @T t=120555 s=0.000 lv=-41.0 pk=-38.1 c0=3.4 c1=8.5 kw=8.33 inf=2.70 iv=1.12 n=3 d=9 sk=0 hf=95720 hm=79536 ht=283156 pf=0 pm=0 pt=0 ru=235828 rp=252012
19:00:39.035 @T t=120661 s=0.000 lv=-39.5 pk=-34.9 c0=3.4 c1=9.5 kw=9.36 inf=2.30 iv=1.11 n=4 d=9 sk=0 hf=95720 hm=79536 ht=283156 pf=0 pm=0 pt=0 ru=235828 rp=252012
19:00:39.035 @T t=120747 s=0.000 lv=-41.4 pk=-40.2 c0=4.1 c1=10.5 kw=10.29 inf=2.71 iv=1.12 n=3 d=9 sk=0 hf=95720 hm=79536 ht=283156 pf=0 pm=0 pt=0 ru=235828 rp=252012
19:00:39.035 @T t=120853 s=0.000 lv=-38.4 pk=-35.8 c0=3.5 c1=8.6 kw=8.42 inf=2.74 iv=1.15 n=3 d=9 sk=0 hf=95720 hm=79536 ht=283156 pf=0 pm=0 pt=0 ru=235828 rp=252012
19:00:39.035 @T t=120959 s=0.000 lv=-39.9 pk=-39.1 c0=3.5 c1=9.6 kw=9.37 inf=2.30 iv=1.11 n=4 d=9 sk=0 hf=95720 hm=79536 ht=283156 pf=0 pm=0 pt=0 ru=235828 rp=252012
19:00:39.035 @T t=121045 s=0.000 lv=-42.1 pk=-41.0 c0=5.3 c1=8.3 kw=8.13 inf=3.13 iv=1.19 n=2 d=9 sk=0 hf=95720 hm=79536 ht=283156 pf=0 pm=0 pt=0 ru=235828 rp=252012
19:00:39.035 @T t=121151 s=0.000 lv=-41.2 pk=-40.5 c0=6.4 c1=11.5 kw=11.26 inf=2.80 iv=1.35 n=4 d=9 sk=0 hf=95720 hm=79536 ht=283156 pf=0 pm=0 pt=0 ru=235828 rp=252012
19:00:39.035 @I ww=marvin cut=0.50 win=5 cool=1000 tick=100 wifi=1 srv=1 li=0 ln=0
19:00:39.035 [status] up 121s | mic -35.7 dBFS (peak -20.9) | score max 0.93 | detections 9 | inferences 252 (25.2/s; model 1.21 ms each, paused in quiet 28%; features 1.39 ms per 30 ms) | CPU core0  6.2% core1  9.1% (wake word pipeline 8.63% of one core) | RAM used 230 KB (peak 246 KB, 93 KB free) | wifi OK, server OK | audio lost since boot: i2s 0 net 0
19:00:39.035 @T t=121256 s=0.000 lv=-40.0 pk=-39.3 c0=8.7 c1=10.7 kw=10.48 inf=2.56 iv=1.30 n=4 d=9 sk=0 hf=95720 hm=79536 ht=283156 pf=0 pm=0 pt=0 ru=235828 rp=252012
19:00:39.035 @T t=121362 s=0.000 lv=-40.1 pk=-39.5 c0=3.5 c1=8.9 kw=8.69 inf=2.83 iv=1.22 n=3 d=9 sk=0 hf=95720 hm=79536 ht=283156 pf=0 pm=0 pt=0 ru=235828 rp=252012
19:00:39.035 @T t=121448 s=0.000 lv=-39.1 pk=-37.9 c0=4.2 c1=11.0 kw=10.74 inf=2.83 iv=1.22 n=3 d=9 sk=0 hf=95720 hm=79536 ht=283156 pf=0 pm=0 pt=0 ru=235828 rp=252012
19:00:39.035 @T t=121554 s=0.000 lv=-40.4 pk=-38.7 c0=3.4 c1=9.8 kw=9.58 inf=2.36 iv=1.16 n=4 d=9 sk=0 hf=95720 hm=79536 ht=283156 pf=0 pm=0 pt=0 ru=235828 rp=252012
19:00:39.035 @T t=121660 s=0.000 lv=-41.7 pk=-40.8 c0=3.4 c1=8.8 kw=8.58 inf=2.79 iv=1.19 n=3 d=9 sk=0 hf=95720 hm=79536 ht=283156 pf=0 pm=0 pt=0 ru=235828 rp=252012
19:00:39.035 @T t=121746 s=0.000 lv=-40.0 pk=-39.4 c0=4.3 c1=10.7 kw=10.59 inf=2.79 iv=1.19 n=3 d=9 sk=0 hf=95720 hm=79536 ht=283156 pf=0 pm=0 pt=0 ru=235828 rp=252012
19:00:39.035 @T t=121852 s=0.000 lv=-26.2 pk=-22.0 c0=3.5 c1=9.9 kw=9.66 inf=2.38 iv=1.17 n=4 d=9 sk=0 hf=95720 hm=79536 ht=283156 pf=0 pm=0 pt=0 ru=235828 rp=252012
19:00:39.035 @T t=121958 s=0.000 lv=-22.8 pk=-20.8 c0=3.5 c1=8.9 kw=8.68 inf=2.83 iv=1.20 n=3 d=9 sk=0 hf=95720 hm=79536 ht=283156 pf=0 pm=0 pt=0 ru=235828 rp=252012
19:00:39.035 @T t=122044 s=0.062 lv=-33.7 pk=-29.7 c0=8.2 c1=10.4 kw=9.86 inf=2.62 iv=1.33 n=3 d=9 sk=0 hf=95720 hm=79536 ht=283156 pf=0 pm=0 pt=0 ru=235828 rp=252012
19:00:39.035 I (122509) kws: >>> WAKE WORD "marvin" DETECTED  (score 0.57, t = 122.13 s)
19:00:39.035 I (122530) stream: first audio sent 20 ms after the detection
19:00:41.341 @T t=122153 s=0.573 lv=-36.3 pk=-34.2 c0=16.2 c1=13.7 kw=11.86 inf=3.00 iv=1.47 n=4 d=10 sk=0 hf=95720 hm=79536 ht=283156 pf=0 pm=0 pt=0 ru=235828 rp=252012
19:00:41.341 @I ww=marvin cut=0.50 win=5 cool=1000 tick=100 wifi=1 srv=1 li=0 ln=0
19:00:41.341 @T t=122250 s=0.696 lv=-40.8 pk=-39.7 c0=16.1 c1=12.7 kw=11.15 inf=3.35 iv=1.52 n=3 d=10 sk=0 hf=93936 hm=79536 ht=283156 pf=0 pm=0 pt=0 ru=237612 rp=252012
19:00:41.341 @T t=122357 s=0.928 lv=-42.3 pk=-40.8 c0=14.6 c1=11.8 kw=9.96 inf=3.30 iv=1.52 n=3 d=10 sk=0 hf=95720 hm=79536 ht=283156 pf=0 pm=0 pt=0 ru=235828 rp=252012
19:00:41.341 @T t=122443 s=0.973 lv=-42.7 pk=-42.0 c0=15.5 c1=12.8 kw=11.28 inf=3.03 iv=1.55 n=3 d=10 sk=0 hf=95720 hm=79536 ht=283156 pf=0 pm=0 pt=0 ru=235828 rp=252012
19:00:41.341 @T t=122552 s=0.996 lv=-31.0 pk=-24.3 c0=16.6 c1=14.3 kw=12.53 inf=3.19 iv=1.55 n=4 d=10 sk=0 hf=95720 hm=79536 ht=283156 pf=0 pm=0 pt=0 ru=235828 rp=252012
19:00:41.341 @T t=122659 s=0.996 lv=-30.1 pk=-26.5 c0=13.8 c1=11.2 kw=9.99 inf=3.31 iv=1.52 n=3 d=10 sk=0 hf=92600 hm=79536 ht=283156 pf=0 pm=0 pt=0 ru=238948 rp=252012
19:00:41.341 I (123050) wifi:[ADDBA]RX DELBA, reason:37, delete tid:0, initiator:1(originator)
19:00:41.341 @T t=122751 s=0.996 lv=-35.0 pk=-31.8 c0=18.3 c1=16.4 kw=14.60 inf=3.17 iv=1.82 n=4 d=10 sk=0 hf=95668 hm=79536 ht=283156 pf=0 pm=0 pt=0 ru=237612 rp=252012
19:00:41.341 @T t=122858 s=0.988 lv=-32.7 pk=-29.4 c0=15.1 c1=12.1 kw=10.41 inf=3.45 iv=1.69 n=3 d=10 sk=0 hf=95720 hm=79536 ht=283156 pf=0 pm=0 pt=0 ru=235828 rp=252012
19:00:41.341 @T t=122944 s=0.905 lv=-27.1 pk=-24.6 c0=16.4 c1=13.7 kw=12.31 inf=3.33 iv=1.91 n=3 d=10 sk=0 hf=95720 hm=79536 ht=283156 pf=0 pm=0 pt=0 ru=235828 rp=252012
19:00:41.341 @T t=123053 s=0.512 lv=-37.2 pk=-36.4 c0=20.5 c1=14.6 kw=12.83 inf=3.26 iv=1.65 n=4 d=10 sk=0 hf=95720 hm=79536 ht=283156 pf=0 pm=0 pt=0 ru=235828 rp=252012
19:00:41.341 @T t=123159 s=0.006 lv=-36.1 pk=-34.9 c0=15.2 c1=12.1 kw=10.73 inf=3.54 iv=1.72 n=3 d=10 sk=0 hf=95720 hm=79536 ht=283156 pf=0 pm=0 pt=0 ru=235828 rp=252012
19:00:41.341 @I ww=marvin cut=0.50 win=5 cool=1000 tick=100 wifi=1 srv=1 li=0 ln=0
19:00:41.341 I (123549) wake_word: score event: peak 1.00 over 990 ms -> detected
19:00:41.341 @T t=123251 s=0.000 lv=-36.3 pk=-33.3 c0=17.6 c1=14.4 kw=21.00 inf=6.18 iv=1.57 n=3 d=10 sk=0 hf=95720 hm=79536 ht=283156 pf=0 pm=0 pt=0 ru=235880 rp=252012
19:00:41.341 @T t=123358 s=0.000 lv=-36.4 pk=-32.8 c0=18.5 c1=13.5 kw=11.85 inf=2.98 iv=1.63 n=4 d=10 sk=0 hf=95720 hm=79536 ht=283156 pf=0 pm=0 pt=0 ru=235828 rp=252012
19:00:41.341 @T t=123444 s=0.000 lv=-40.6 pk=-40.0 c0=15.1 c1=10.5 kw=9.00 inf=3.56 iv=1.45 n=2 d=10 sk=0 hf=95720 hm=79536 ht=283156 pf=0 pm=0 pt=0 ru=235828 rp=252012
19:00:41.341 @T t=123554 s=0.000 lv=-39.8 pk=-38.6 c0=17.0 c1=14.2 kw=12.46 inf=3.19 iv=1.55 n=4 d=10 sk=0 hf=95720 hm=79536 ht=283156 pf=0 pm=0 pt=0 ru=235828 rp=252012
19:00:41.341 I (124015) stream: stream finished (silence): 1500 ms of audio sent (23 KB)
19:00:41.341 @T t=123660 s=0.000 lv=-40.0 pk=-38.3 c0=15.9 c1=13.3 kw=11.50 inf=2.85 iv=1.52 n=4 d=10 sk=0 hf=95720 hm=79536 ht=283156 pf=0 pm=0 pt=0 ru=235828 rp=252012
19:00:41.341 @T t=123746 s=0.000 lv=-40.2 pk=-38.7 c0=8.2 c1=9.2 kw=8.01 inf=2.06 iv=0.78 n=3 d=10 sk=0 hf=95720 hm=79536 ht=283156 pf=0 pm=0 pt=0 ru=235828 rp=252012
19:00:41.341 @T t=123852 s=0.000 lv=-40.6 pk=-38.4 c0=3.5 c1=9.7 kw=10.33 inf=3.41 iv=1.47 n=3 d=10 sk=0 hf=95720 hm=79536 ht=283156 pf=0 pm=0 pt=0 ru=235828 rp=252012
19:00:41.341 @T t=123958 s=0.000 lv=-39.7 pk=-38.3 c0=3.5 c1=9.6 kw=9.40 inf=2.31 iv=1.11 n=4 d=10 sk=0 hf=95720 hm=79536 ht=283156 pf=0 pm=0 pt=0 ru=235828 rp=252012
19:00:41.341 @T t=124044 s=0.000 lv=-40.3 pk=-40.1 c0=8.3 c1=9.4 kw=8.76 inf=3.45 iv=1.43 n=2 d=10 sk=0 hf=95720 hm=79536 ht=283156 pf=0 pm=0 pt=0 ru=235828 rp=252012
19:00:41.341 @T t=124152 s=0.000 lv=-41.1 pk=-40.1 c0=4.3 c1=11.2 kw=10.92 inf=2.72 iv=1.23 n=4 d=10 sk=0 hf=95720 hm=79536 ht=283156 pf=0 pm=0 pt=0 ru=235828 rp=252012
19:00:41.341 @I ww=marvin cut=0.50 win=5 cool=1000 tick=100 wifi=1 srv=1 li=0 ln=0
19:00:41.341 @T t=124244 s=0.000 lv=-39.8 pk=-38.3 c0=4.9 c1=8.7 kw=8.57 inf=2.43 iv=1.14 n=3 d=10 sk=0 hf=95720 hm=79536 ht=283156 pf=0 pm=0 pt=0 ru=235828 rp=252012
19:00:41.341 @T t=124350 s=0.000 lv=-40.2 pk=-38.1 c0=3.9 c1=11.1 kw=10.85 inf=2.65 iv=1.19 n=4 d=10 sk=0 hf=95720 hm=79536 ht=283156 pf=0 pm=0 pt=0 ru=235828 rp=252012
19:00:43.829 @T t=124456 s=0.000 lv=-40.5 pk=-39.8 c0=3.8 c1=8.9 kw=8.69 inf=2.82 iv=1.22 n=3 d=10 sk=0 hf=95720 hm=79536 ht=283156 pf=0 pm=0 pt=0 ru=235828 rp=252012
19:00:43.829 @T t=124562 s=0.000 lv=-40.5 pk=-39.4 c0=3.8 c1=9.9 kw=9.66 inf=2.38 iv=1.16 n=4 d=10 sk=0 hf=95720 hm=79536 ht=283156 pf=0 pm=0 pt=0 ru=235828 rp=252012
19:00:43.829 @T t=124648 s=0.000 lv=-40.4 pk=-38.8 c0=4.7 c1=10.9 kw=10.72 inf=2.83 iv=1.22 n=3 d=10 sk=0 hf=95720 hm=79536 ht=283156 pf=0 pm=0 pt=0 ru=235828 rp=252012
19:00:43.829 @T t=124754 s=0.000 lv=-40.5 pk=-38.4 c0=3.8 c1=8.9 kw=8.72 inf=2.84 iv=1.23 n=3 d=10 sk=0 hf=95720 hm=79536 ht=283156 pf=0 pm=0 pt=0 ru=235828 rp=252012
19:00:43.829 @T t=124860 s=0.000 lv=-40.5 pk=-39.3 c0=3.9 c1=9.9 kw=9.71 inf=2.39 iv=1.17 n=4 d=10 sk=0 hf=95720 hm=79536 ht=283156 pf=0 pm=0 pt=0 ru=235828 rp=252012
19:00:43.829 @T t=124946 s=0.000 lv=-38.5 pk=-35.3 c0=8.7 c1=9.4 kw=8.08 inf=2.07 iv=1.17 n=2 d=10 sk=1 hf=95720 hm=79536 ht=283156 pf=0 pm=0 pt=0 ru=235828 rp=252012
19:00:43.829 @T t=125052 s=0.000 lv=-39.5 pk=-38.1 c0=4.4 c1=10.7 kw=11.36 inf=2.82 iv=1.27 n=4 d=10 sk=0 hf=95720 hm=79536 ht=283156 pf=0 pm=0 pt=0 ru=235828 rp=252012
19:00:43.829 @T t=125158 s=0.000 lv=-39.9 pk=-39.0 c0=4.0 c1=10.0 kw=9.75 inf=2.40 iv=1.18 n=4 d=10 sk=0 hf=95720 hm=79536 ht=283156 pf=0 pm=0 pt=0 ru=235828 rp=252012
19:00:43.829 @I ww=marvin cut=0.50 win=5 cool=1000 tick=100 wifi=1 srv=1 li=0 ln=0
19:00:43.829 @T t=125250 s=0.000 lv=-39.5 pk=-37.4 c0=5.3 c1=10.3 kw=10.05 inf=2.84 iv=1.22 n=3 d=10 sk=0 hf=95720 hm=79536 ht=283156 pf=0 pm=0 pt=0 ru=235828 rp=252012
19:00:43.829 @T t=125356 s=0.000 lv=-39.6 pk=-38.9 c0=3.9 c1=8.9 kw=8.72 inf=2.84 iv=1.23 n=3 d=10 sk=0 hf=95720 hm=79536 ht=283156 pf=0 pm=0 pt=0 ru=235828 rp=252012
19:00:43.829 @T t=125462 s=0.000 lv=-39.7 pk=-38.6 c0=3.8 c1=9.9 kw=9.66 inf=2.38 iv=1.16 n=4 d=10 sk=0 hf=95720 hm=79536 ht=283156 pf=0 pm=0 pt=0 ru=235828 rp=252012
19:00:43.829 @T t=125548 s=0.000 lv=-38.9 pk=-37.0 c0=4.2 c1=10.5 kw=10.33 inf=2.72 iv=1.13 n=3 d=10 sk=0 hf=93936 hm=79536 ht=283156 pf=0 pm=0 pt=0 ru=237612 rp=252012
19:00:43.829 I (125932) stream: server: {"type":"response","text":"Play some music.","saved":"20260928_190039_001_e072a1d53274_marvin.wav"}
19:00:43.829 @T t=125657 s=0.000 lv=-39.4 pk=-38.1 c0=6.2 c1=10.8 kw=8.71 inf=2.91 iv=1.26 n=3 d=10 sk=0 hf=95720 hm=79536 ht=283156 pf=0 pm=0 pt=0 ru=235828 rp=252012
19:00:43.829 @T t=125743 s=0.000 lv=-39.7 pk=-39.5 c0=4.7 c1=9.4 kw=9.21 inf=2.45 iv=1.16 n=3 d=10 sk=0 hf=95720 hm=79536 ht=283156 pf=0 pm=0 pt=0 ru=235828 rp=252012
19:00:43.829 @T t=125849 s=0.000 lv=-40.6 pk=-39.8 c0=3.5 c1=10.9 kw=10.66 inf=2.61 iv=1.17 n=4 d=10 sk=0 hf=95720 hm=79536 ht=283156 pf=0 pm=0 pt=0 ru=235828 rp=252012
19:00:43.830 @T t=125955 s=0.000 lv=-39.0 pk=-36.3 c0=3.9 c1=8.8 kw=8.66 inf=2.81 iv=1.19 n=3 d=10 sk=0 hf=95720 hm=79536 ht=283156 pf=0 pm=0 pt=0 ru=235828 rp=252012
19:00:43.830 @T t=126061 s=0.000 lv=-39.0 pk=-37.5 c0=3.8 c1=10.1 kw=9.93 inf=2.45 iv=1.24 n=4 d=10 sk=0 hf=95720 hm=79536 ht=283156 pf=0 pm=0 pt=0 ru=235828 rp=252012
19:00:43.830 @T t=126147 s=0.000 lv=-41.1 pk=-39.3 c0=4.9 c1=10.7 kw=11.09 inf=2.93 iv=1.29 n=3 d=10 sk=0 hf=95720 hm=79536 ht=283156 pf=0 pm=0 pt=0 ru=235828 rp=252012
19:00:43.830 @I ww=marvin cut=0.50 win=5 cool=1000 tick=100 wifi=1 srv=1 li=0 ln=0
19:00:43.830 @T t=126259 s=0.000 lv=-40.4 pk=-38.9 c0=4.3 c1=8.8 kw=8.16 inf=2.80 iv=1.18 n=3 d=10 sk=0 hf=95720 hm=79536 ht=283156 pf=0 pm=0 pt=0 ru=235828 rp=252012
19:00:43.830 @T t=126345 s=0.000 lv=-41.7 pk=-41.3 c0=4.8 c1=9.7 kw=9.64 inf=2.52 iv=1.22 n=3 d=10 sk=0 hf=95720 hm=79536 ht=283156 pf=0 pm=0 pt=0 ru=235828 rp=252012
19:00:43.830 @T t=126454 s=0.000 lv=-41.0 pk=-40.5 c0=3.7 c1=11.2 kw=10.87 inf=2.78 iv=1.28 n=4 d=10 sk=0 hf=95720 hm=79536 ht=283156 pf=0 pm=0 pt=0 ru=235828 rp=252012
19:00:43.830 @T t=126560 s=0.000 lv=-40.2 pk=-37.6 c0=3.8 c1=6.7 kw=6.51 inf=2.06 iv=1.49 n=1 d=10 sk=2 hf=95720 hm=79536 ht=283156 pf=0 pm=0 pt=0 ru=235828 rp=252012
19:00:43.830 @T t=126648 s=0.000 lv=-40.2 pk=-38.3 c0=9.2 c1=7.4 kw=6.39 inf=1.62 iv=0.00 n=0 d=10 sk=3 hf=95720 hm=79536 ht=283156 pf=0 pm=0 pt=0 ru=235828 rp=252012
19:00:43.830 @T t=126754 s=0.000 lv=-36.8 pk=-31.7 c0=3.7 c1=13.0 kw=12.58 inf=1.27 iv=1.00 n=8 d=10 sk=2 hf=95720 hm=79536 ht=283156 pf=0 pm=0 pt=0 ru=235828 rp=252012
19:00:43.830 @T t=126861 s=0.000 lv=-24.6 pk=-21.6 c0=3.5 c1=9.2 kw=9.27 inf=2.29 iv=1.09 n=4 d=10 sk=0 hf=95720 hm=79536 ht=283156 pf=0 pm=0 pt=0 ru=235828 rp=252012
19:00:46.125 @T t=126947 s=0.000 lv=-24.8 pk=-23.0 c0=4.1 c1=10.6 kw=10.46 inf=2.76 iv=1.16 n=3 d=10 sk=0 hf=95720 hm=79536 ht=283156 pf=0 pm=0 pt=0 ru=235828 rp=252012
19:00:46.125 @T t=127053 s=0.127 lv=-37.7 pk=-33.4 c0=3.4 c1=8.7 kw=8.45 inf=2.74 iv=1.16 n=3 d=10 sk=0 hf=95720 hm=79536 ht=283156 pf=0 pm=0 pt=0 ru=235828 rp=252012
19:00:46.125 @T t=127162 s=0.349 lv=-35.7 pk=-33.4 c0=8.6 c1=9.5 kw=9.35 inf=2.37 iv=1.16 n=4 d=10 sk=0 hf=95720 hm=79536 ht=283156 pf=0 pm=0 pt=0 ru=235828 rp=252012
19:00:46.126 @I ww=marvin cut=0.50 win=5 cool=1000 tick=100 wifi=1 srv=1 li=0 ln=0
19:00:46.126 @T t=127254 s=0.331 lv=-39.3 pk=-38.2 c0=13.3 c1=10.1 kw=9.89 inf=2.79 iv=1.19 n=3 d=10 sk=0 hf=95720 hm=79536 ht=283156 pf=0 pm=0 pt=0 ru=235828 rp=252012
19:00:46.126 I (127709) kws: >>> WAKE WORD "marvin" DETECTED  (score 0.52, t = 127.33 s)
19:00:46.126 I (127728) stream: first audio sent 18 ms after the detection
19:00:46.126 @T t=127360 s=0.516 lv=-38.4 pk=-35.8 c0=9.4 c1=10.6 kw=8.72 inf=2.83 iv=1.19 n=3 d=11 sk=0 hf=95720 hm=79536 ht=283156 pf=0 pm=0 pt=0 ru=235828 rp=252012
19:00:46.126 @T t=127450 s=0.788 lv=-38.3 pk=-35.7 c0=17.8 c1=16.4 kw=14.72 inf=3.12 iv=1.80 n=4 d=11 sk=0 hf=95720 hm=79536 ht=283156 pf=0 pm=0 pt=0 ru=235828 rp=252012
19:00:46.126 @T t=127556 s=0.980 lv=-36.3 pk=-32.7 c0=18.3 c1=10.9 kw=10.44 inf=3.43 iv=1.69 n=3 d=11 sk=0 hf=94160 hm=79536 ht=283156 pf=0 pm=0 pt=0 ru=237388 rp=252012
19:00:46.126 @T t=127643 s=0.941 lv=-40.0 pk=-37.4 c0=15.6 c1=14.2 kw=10.83 inf=2.93 iv=1.52 n=3 d=11 sk=0 hf=94160 hm=79536 ht=283156 pf=0 pm=0 pt=0 ru=237388 rp=252012
19:00:46.126 @T t=127750 s=0.802 lv=-35.7 pk=-32.7 c0=16.7 c1=13.9 kw=12.53 inf=3.12 iv=1.51 n=4 d=11 sk=0 hf=92596 hm=79536 ht=283156 pf=0 pm=0 pt=0 ru=238952 rp=252012
19:00:46.126 @T t=127855 s=0.466 lv=-33.1 pk=-29.0 c0=15.0 c1=11.8 kw=10.18 inf=3.30 iv=1.52 n=3 d=11 sk=0 hf=95720 hm=79536 ht=283156 pf=0 pm=0 pt=0 ru=235828 rp=252012
19:00:46.126 @T t=127961 s=0.118 lv=-35.3 pk=-31.3 c0=14.1 c1=11.4 kw=9.97 inf=3.27 iv=1.52 n=3 d=11 sk=0 hf=95720 hm=79536 ht=283156 pf=0 pm=0 pt=0 ru=235828 rp=252012
19:00:46.126 I (128406) wifi:[ADDBA]RX DELBA, reason:37, delete tid:0, initiator:1(originator)
19:00:46.126 I (128408) wake_word: score event: peak 0.98 over 840 ms -> detected
19:00:46.126 @T t=128051 s=0.017 lv=-35.7 pk=-35.0 c0=18.5 c1=16.2 kw=18.90 inf=4.07 iv=1.49 n=4 d=11 sk=0 hf=92596 hm=79536 ht=283156 pf=0 pm=0 pt=0 ru=238952 rp=252012
19:00:46.126 @T t=128158 s=0.000 lv=-29.7 pk=-27.0 c0=17.9 c1=11.6 kw=10.11 inf=3.35 iv=1.60 n=3 d=11 sk=0 hf=95720 hm=79536 ht=283156 pf=0 pm=0 pt=0 ru=235828 rp=252012
19:00:46.126 @I ww=marvin cut=0.50 win=5 cool=1000 tick=100 wifi=1 srv=1 li=0 ln=0
19:00:46.126 @T t=128250 s=0.000 lv=-28.8 pk=-24.6 c0=18.2 c1=13.8 kw=12.43 inf=3.56 iv=1.80 n=3 d=11 sk=0 hf=91876 hm=79536 ht=283156 pf=0 pm=0 pt=0 ru=239672 rp=252012
19:00:46.126 @T t=128356 s=0.000 lv=-21.6 pk=-20.7 c0=15.5 c1=13.8 kw=12.08 inf=3.01 iv=1.68 n=4 d=11 sk=0 hf=95720 hm=79536 ht=283156 pf=0 pm=0 pt=0 ru=235828 rp=252012
19:00:46.126 @T t=128462 s=0.000 lv=-29.9 pk=-27.4 c0=14.8 c1=11.4 kw=10.19 inf=3.34 iv=1.61 n=3 d=11 sk=0 hf=92596 hm=79536 ht=283156 pf=0 pm=0 pt=0 ru=238952 rp=252012
19:00:46.126 @T t=128551 s=0.000 lv=-40.1 pk=-36.6 c0=19.5 c1=14.5 kw=13.48 inf=3.74 iv=1.90 n=3 d=11 sk=0 hf=91876 hm=79536 ht=283156 pf=0 pm=0 pt=0 ru=239672 rp=252012
19:00:46.126 @T t=128660 s=0.000 lv=-34.1 pk=-28.9 c0=10.3 c1=10.7 kw=10.50 inf=2.67 iv=1.40 n=4 d=11 sk=0 hf=83052 hm=79536 ht=283156 pf=0 pm=0 pt=0 ru=248496 rp=252012
19:00:46.126 @T t=128746 s=0.000 lv=-35.7 pk=-31.4 c0=4.3 c1=9.3 kw=8.03 inf=2.07 iv=0.80 n=3 d=11 sk=0 hf=83052 hm=79536 ht=283156 pf=0 pm=0 pt=0 ru=248496 rp=252012
19:00:46.126 @T t=128852 s=0.000 lv=-33.6 pk=-32.4 c0=9.6 c1=12.6 kw=11.09 inf=3.67 iv=1.64 n=3 d=11 sk=0 hf=84616 hm=79536 ht=283156 pf=0 pm=0 pt=0 ru=246932 rp=252012
19:00:46.126 @T t=128958 s=0.000 lv=-31.4 pk=-28.3 c0=6.8 c1=10.5 kw=9.45 inf=2.32 iv=1.12 n=4 d=11 sk=0 hf=83056 hm=79536 ht=283156 pf=0 pm=0 pt=0 ru=248492 rp=252012
19:00:46.126 @T t=129049 s=0.000 lv=-37.4 pk=-33.5 c0=19.3 c1=14.4 kw=11.75 inf=3.31 iv=1.42 n=3 d=11 sk=0 hf=86348 hm=79536 ht=283156 pf=0 pm=0 pt=0 ru=245200 rp=252012
19:00:46.126 @T t=129156 s=0.000 lv=-37.2 pk=-34.6 c0=10.5 c1=10.0 kw=9.03 inf=2.97 iv=1.30 n=3 d=11 sk=0 hf=86348 hm=79488 ht=283156 pf=0 pm=0 pt=0 ru=245200 rp=252060
19:00:46.126 @I ww=marvin cut=0.50 win=5 cool=1000 tick=100 wifi=1 srv=1 li=0 ln=0
19:00:48.219 @T t=129249 s=0.000 lv=-42.0 pk=-40.8 c0=14.0 c1=13.8 kw=12.47 inf=2.71 iv=1.45 n=4 d=11 sk=0 hf=85628 hm=79488 ht=283156 pf=0 pm=0 pt=0 ru=245920 rp=252060
19:00:48.219 @T t=129355 s=0.000 lv=-41.3 pk=-39.3 c0=14.6 c1=11.5 kw=10.07 inf=3.30 iv=1.43 n=3 d=11 sk=0 hf=95712 hm=79488 ht=283156 pf=0 pm=0 pt=0 ru=235836 rp=252060
19:00:48.219 @T t=129461 s=0.000 lv=-41.1 pk=-39.1 c0=13.7 c1=10.8 kw=9.70 inf=3.17 iv=1.44 n=3 d=11 sk=0 hf=92588 hm=79488 ht=283156 pf=0 pm=0 pt=0 ru=238960 rp=252060
19:00:48.219 @T t=129550 s=0.000 lv=-41.5 pk=-39.9 c0=17.9 c1=15.1 kw=13.59 inf=2.83 iv=1.52 n=4 d=11 sk=0 hf=92588 hm=79488 ht=283156 pf=0 pm=0 pt=0 ru=239476 rp=252060
19:00:48.219 I (130034) stream: stream finished (silence): 2320 ms of audio sent (36 KB)
19:00:48.219 @T t=129656 s=0.000 lv=-42.2 pk=-41.2 c0=18.5 c1=12.3 kw=10.16 inf=3.33 iv=1.60 n=3 d=11 sk=0 hf=95712 hm=79488 ht=283156 pf=0 pm=0 pt=0 ru=235836 rp=252060
19:00:48.219 @T t=129745 s=0.000 lv=-40.7 pk=-39.5 c0=3.9 c1=9.3 kw=9.48 inf=2.56 iv=1.24 n=3 d=11 sk=0 hf=95712 hm=79488 ht=283156 pf=0 pm=0 pt=0 ru=235836 rp=252060
19:00:48.219 @T t=129851 s=0.000 lv=-41.6 pk=-39.8 c0=7.2 c1=10.9 kw=10.65 inf=2.64 iv=1.15 n=4 d=11 sk=0 hf=95720 hm=79488 ht=283156 pf=0 pm=0 pt=0 ru=235828 rp=252060
19:00:48.219 @T t=129957 s=0.000 lv=-41.6 pk=-40.5 c0=3.5 c1=8.5 kw=8.37 inf=2.72 iv=1.13 n=3 d=11 sk=0 hf=95720 hm=79488 ht=283156 pf=0 pm=0 pt=0 ru=235828 rp=252060
19:00:48.219 @T t=130043 s=0.000 lv=-40.1 pk=-39.4 c0=4.1 c1=9.3 kw=9.10 inf=2.41 iv=1.13 n=3 d=11 sk=0 hf=95720 hm=79488 ht=283156 pf=0 pm=0 pt=0 ru=235828 rp=252060
19:00:48.219 @T t=130149 s=0.000 lv=-41.6 pk=-40.5 c0=3.6 c1=10.6 kw=10.42 inf=2.55 iv=1.12 n=4 d=11 sk=0 hf=95720 hm=79488 ht=283156 pf=0 pm=0 pt=0 ru=235828 rp=252060
19:00:48.219 @I ww=marvin cut=0.50 win=5 cool=1000 tick=100 wifi=1 srv=1 li=0 ln=0
19:00:48.219 @T t=130261 s=0.000 lv=-42.0 pk=-40.0 c0=4.0 c1=8.1 kw=7.89 inf=2.71 iv=1.13 n=3 d=11 sk=0 hf=95720 hm=79488 ht=283156 pf=0 pm=0 pt=0 ru=235828 rp=252060
19:00:48.219 @T t=130347 s=0.000 lv=-41.5 pk=-40.3 c0=4.3 c1=10.7 kw=10.50 inf=2.77 iv=1.16 n=3 d=11 sk=0 hf=95720 hm=79488 ht=283156 pf=0 pm=0 pt=0 ru=235828 rp=252060
19:00:48.219 @T t=130453 s=0.000 lv=-40.5 pk=-39.0 c0=3.4 c1=9.4 kw=9.27 inf=2.28 iv=1.09 n=4 d=11 sk=0 hf=95720 hm=79488 ht=283156 pf=0 pm=0 pt=0 ru=235828 rp=252060
19:00:48.219 @T t=130559 s=0.000 lv=-40.4 pk=-38.5 c0=3.4 c1=8.5 kw=8.33 inf=2.70 iv=1.12 n=3 d=11 sk=0 hf=95720 hm=79488 ht=283156 pf=0 pm=0 pt=0 ru=235828 rp=252060
19:00:48.219 @T t=130645 s=0.000 lv=-41.0 pk=-39.2 c0=4.2 c1=9.3 kw=9.25 inf=2.41 iv=1.13 n=3 d=11 sk=0 hf=95720 hm=79488 ht=283156 pf=0 pm=0 pt=0 ru=235828 rp=252060
19:00:48.219 @T t=130750 s=0.000 lv=-40.4 pk=-37.8 c0=3.3 c1=6.3 kw=6.06 inf=1.91 iv=0.00 n=0 d=11 sk=3 hf=95720 hm=79488 ht=283156 pf=0 pm=0 pt=0 ru=235828 rp=252060
19:00:48.219 @T t=130857 s=0.000 lv=-39.7 pk=-36.6 c0=7.1 c1=5.6 kw=5.07 inf=1.55 iv=0.00 n=0 d=11 sk=3 hf=95720 hm=79488 ht=283156 pf=0 pm=0 pt=0 ru=235828 rp=252060
19:00:48.219 @T t=130942 s=0.000 lv=-41.1 pk=-40.3 c0=4.1 c1=5.1 kw=4.98 inf=1.85 iv=0.00 n=0 d=11 sk=2 hf=95720 hm=79488 ht=283156 pf=0 pm=0 pt=0 ru=235828 rp=252060
19:00:48.219 @T t=131049 s=0.000 lv=-39.9 pk=-35.9 c0=3.1 c1=9.0 kw=5.07 inf=0.76 iv=0.00 n=3 d=11 sk=3 hf=95720 hm=79488 ht=283156 pf=0 pm=0 pt=0 ru=235828 rp=252060
19:00:48.219 @T t=131158 s=0.000 lv=-38.0 pk=-35.3 c0=3.4 c1=15.0 kw=18.44 inf=1.94 iv=1.36 n=10 d=11 sk=0 hf=95720 hm=79488 ht=283156 pf=0 pm=0 pt=0 ru=235828 rp=252060
19:00:48.219 @I ww=marvin cut=0.50 win=5 cool=1000 tick=100 wifi=1 srv=1 li=0 ln=0
19:00:48.219 [status] up 131s | mic -33.8 dBFS (peak -20.7) | score max 1.00 | detections 11 | inferences 329 (32.9/s; model 1.32 ms each, paused in quiet 5%; features 1.48 ms per 30 ms) | CPU core0  9.0% core1 10.9% (wake word pipeline 10.23% of one core) | RAM used 230 KB (peak 246 KB, 93 KB free) | wifi OK, server OK | audio lost since boot: i2s 0 net 0
19:00:48.219 [tasks] % of one core (free stack): main@0=4.22(1936) IDLE1@1=90.50(720) IDLE0@0=92.18(728) tiT@*=1.06(1960) websocket_task@*=0.22(1468) audio_kws@1=9.12(1344) sys_evt@0=0.00(416) ipc0@0=0.00(528) esp_timer@0=0.01(3136) wifi@0=0.93(3148) Tmr Svc@*=0.00(1368) streamer@0=1.78(1424) ipc1@1=0.00(536)
19:00:48.219 @T t=131246 s=0.000 lv=-40.6 pk=-39.5 c0=15.0 c1=11.4 kw=10.08 inf=2.70 iv=1.34 n=3 d=11 sk=0 hf=95680 hm=79488 ht=283156 pf=0 pm=0 pt=0 ru=235868 rp=252060
19:00:50.535 I (131725) wifi:[ADDBA]RX DELBA, reason:37, delete tid:0, initiator:1(originator)
19:00:50.535 @T t=131352 s=0.000 lv=-41.3 pk=-40.2 c0=8.5 c1=10.4 kw=10.97 inf=2.72 iv=1.27 n=4 d=11 sk=0 hf=95680 hm=79488 ht=283156 pf=0 pm=0 pt=0 ru=235868 rp=252060
19:00:50.536 @T t=131458 s=0.000 lv=-40.4 pk=-39.5 c0=3.5 c1=8.5 kw=8.34 inf=2.71 iv=1.12 n=3 d=11 sk=0 hf=95680 hm=79488 ht=283156 pf=0 pm=0 pt=0 ru=235868 rp=252060
19:00:50.536 @T t=131544 s=0.000 lv=-40.7 pk=-39.3 c0=4.0 c1=9.2 kw=8.99 inf=2.38 iv=1.11 n=3 d=11 sk=0 hf=95680 hm=79488 ht=283156 pf=0 pm=0 pt=0 ru=235868 rp=252060
19:00:50.536 @T t=131650 s=0.000 lv=-40.6 pk=-39.7 c0=3.5 c1=10.7 kw=10.50 inf=2.56 iv=1.11 n=4 d=11 sk=0 hf=95680 hm=79488 ht=283156 pf=0 pm=0 pt=0 ru=235868 rp=252060
19:00:50.536 I (132124) stream: server: {"type":"response","text":"Send an alarm for 7.","saved":"20260928_190044_202_e072a1d53274_marvin.wav"}
19:00:50.536 @T t=131756 s=0.000 lv=-40.4 pk=-39.7 c0=9.8 c1=8.9 kw=8.38 inf=2.72 iv=1.11 n=3 d=11 sk=0 hf=95680 hm=79488 ht=283156 pf=0 pm=0 pt=0 ru=235868 rp=252060
19:00:50.536 @T t=131862 s=0.000 lv=-40.7 pk=-38.5 c0=7.2 c1=9.9 kw=9.73 inf=2.39 iv=1.18 n=4 d=11 sk=0 hf=95680 hm=79488 ht=283156 pf=0 pm=0 pt=0 ru=235868 rp=252060
19:00:50.536 @T t=131948 s=0.000 lv=-39.4 pk=-37.8 c0=8.2 c1=10.5 kw=10.32 inf=2.72 iv=1.13 n=3 d=11 sk=0 hf=95680 hm=79488 ht=283156 pf=0 pm=0 pt=0 ru=235868 rp=252060
19:00:50.536 @T t=132054 s=0.000 lv=-40.4 pk=-39.2 c0=3.7 c1=8.8 kw=8.62 inf=2.80 iv=1.21 n=3 d=11 sk=0 hf=95680 hm=79488 ht=283156 pf=0 pm=0 pt=0 ru=235868 rp=252060
19:00:50.536 @T t=132160 s=0.000 lv=-40.9 pk=-40.3 c0=3.6 c1=9.7 kw=9.52 inf=2.34 iv=1.14 n=4 d=11 sk=0 hf=95680 hm=79488 ht=283156 pf=0 pm=0 pt=0 ru=235868 rp=252060
19:00:50.536 @I ww=marvin cut=0.50 win=5 cool=1000 tick=100 wifi=1 srv=1 li=0 ln=0
19:00:50.536 @T t=132252 s=0.000 lv=-41.6 pk=-40.9 c0=4.8 c1=10.1 kw=9.88 inf=2.79 iv=1.19 n=3 d=11 sk=0 hf=95680 hm=79488 ht=283156 pf=0 pm=0 pt=0 ru=235868 rp=252060
19:00:50.536 @T t=132358 s=0.000 lv=-38.4 pk=-35.4 c0=3.5 c1=8.6 kw=8.42 inf=2.74 iv=1.15 n=3 d=11 sk=0 hf=95680 hm=79488 ht=283156 pf=0 pm=0 pt=0 ru=235868 rp=252060
19:00:50.536 @T t=132444 s=0.000 lv=-39.9 pk=-39.2 c0=4.2 c1=9.3 kw=9.12 inf=2.42 iv=1.14 n=3 d=11 sk=0 hf=95680 hm=79488 ht=283156 pf=0 pm=0 pt=0 ru=235868 rp=252060
19:00:50.536 @T t=132553 s=0.000 lv=-41.0 pk=-39.9 c0=3.2 c1=10.5 kw=10.29 inf=2.58 iv=1.13 n=4 d=11 sk=0 hf=95680 hm=79488 ht=283156 pf=0 pm=0 pt=0 ru=235868 rp=252060
19:00:50.536 @T t=132659 s=0.000 lv=-38.5 pk=-37.8 c0=3.5 c1=8.8 kw=8.62 inf=2.80 iv=1.21 n=3 d=11 sk=0 hf=95680 hm=79488 ht=283156 pf=0 pm=0 pt=0 ru=235868 rp=252060
19:00:50.536 @T t=132745 s=0.000 lv=-30.6 pk=-27.0 c0=4.2 c1=9.8 kw=9.67 inf=2.53 iv=1.22 n=3 d=11 sk=0 hf=95680 hm=79488 ht=283156 pf=0 pm=0 pt=0 ru=235868 rp=252060
19:00:50.536 @T t=132854 s=0.000 lv=-24.0 pk=-21.6 c0=4.4 c1=11.1 kw=10.86 inf=2.78 iv=1.28 n=4 d=11 sk=0 hf=95680 hm=79488 ht=283156 pf=0 pm=0 pt=0 ru=235868 rp=252060
19:00:50.536 @T t=132960 s=0.032 lv=-36.4 pk=-33.0 c0=3.6 c1=8.9 kw=8.70 inf=2.83 iv=1.22 n=3 d=11 sk=0 hf=95680 hm=79488 ht=283156 pf=0 pm=0 pt=0 ru=235868 rp=252060
19:00:50.536 @T t=133047 s=0.256 lv=-37.9 pk=-35.6 c0=4.3 c1=12.1 kw=11.91 inf=2.41 iv=1.19 n=4 d=11 sk=0 hf=95680 hm=79488 ht=283156 pf=0 pm=0 pt=0 ru=235868 rp=252060
19:00:50.536 @T t=133153 s=0.455 lv=-40.3 pk=-39.0 c0=3.9 c1=9.3 kw=9.01 inf=2.94 iv=1.31 n=3 d=11 sk=0 hf=95680 hm=79488 ht=283156 pf=0 pm=0 pt=0 ru=235868 rp=252060
19:00:50.536 @I ww=marvin cut=0.50 win=5 cool=1000 tick=100 wifi=1 srv=1 li=0 ln=0
19:00:50.536 I (133549) kws: >>> WAKE WORD "marvin" DETECTED  (score 0.52, t = 133.17 s)
19:00:50.536 I (133571) stream: first audio sent 19 ms after the detection
19:00:50.536 @T t=133250 s=0.519 lv=-40.3 pk=-39.0 c0=17.7 c1=13.9 kw=11.33 inf=3.40 iv=1.63 n=3 d=12 sk=0 hf=92548 hm=79488 ht=283156 pf=0 pm=0 pt=0 ru=239000 rp=252060
19:00:50.536 @T t=133356 s=0.789 lv=-33.0 pk=-27.2 c0=15.3 c1=14.0 kw=12.04 inf=3.00 iv=1.67 n=4 d=12 sk=0 hf=95680 hm=79488 ht=283156 pf=0 pm=0 pt=0 ru=235868 rp=252060
19:00:50.536 @T t=133462 s=0.846 lv=-20.5 pk=-19.4 c0=14.9 c1=12.0 kw=10.54 inf=3.47 iv=1.68 n=3 d=12 sk=0 hf=95680 hm=79488 ht=283156 pf=0 pm=0 pt=0 ru=235868 rp=252060
19:00:50.536 @T t=133550 s=0.662 lv=-25.7 pk=-21.4 c0=19.4 c1=14.0 kw=12.77 inf=3.53 iv=1.75 n=3 d=12 sk=0 hf=92548 hm=79488 ht=283156 pf=0 pm=0 pt=0 ru=239000 rp=252060
19:00:52.923 @T t=133659 s=0.543 lv=-25.7 pk=-23.3 c0=15.3 c1=14.1 kw=12.18 inf=3.10 iv=1.72 n=4 d=12 sk=0 hf=95680 hm=79488 ht=283156 pf=0 pm=0 pt=0 ru=235868 rp=252060
19:00:52.923 @T t=133748 s=0.316 lv=-29.7 pk=-24.9 c0=17.5 c1=14.1 kw=12.68 inf=3.43 iv=1.60 n=3 d=12 sk=0 hf=92032 hm=79488 ht=283156 pf=0 pm=0 pt=0 ru=239516 rp=252060
19:00:52.923 @T t=133856 s=0.042 lv=-29.0 pk=-24.6 c0=16.7 c1=12.5 kw=9.93 inf=3.31 iv=1.52 n=3 d=12 sk=0 hf=95680 hm=79488 ht=283156 pf=0 pm=0 pt=0 ru=235920 rp=252060
19:00:52.923 I (134269) wake_word: score event: peak 0.85 over 720 ms -> detected
19:00:52.923 @T t=133943 s=0.004 lv=-37.4 pk=-36.8 c0=17.2 c1=15.2 kw=13.42 inf=3.69 iv=1.80 n=3 d=12 sk=0 hf=95680 hm=79488 ht=283156 pf=0 pm=0 pt=0 ru=235868 rp=252060
19:00:52.923 @T t=134052 s=0.000 lv=-39.7 pk=-38.0 c0=16.8 c1=13.8 kw=12.75 inf=3.25 iv=1.65 n=4 d=12 sk=0 hf=95680 hm=79488 ht=283156 pf=0 pm=0 pt=0 ru=235868 rp=252060
19:00:52.923 @T t=134158 s=0.000 lv=-41.7 pk=-40.3 c0=14.4 c1=11.5 kw=10.13 inf=3.32 iv=1.57 n=3 d=12 sk=0 hf=95680 hm=79488 ht=283156 pf=0 pm=0 pt=0 ru=235868 rp=252060
19:00:52.923 @I ww=marvin cut=0.50 win=5 cool=1000 tick=100 wifi=1 srv=1 li=0 ln=0
19:00:52.923 @T t=134252 s=0.000 lv=-41.0 pk=-39.8 c0=18.5 c1=14.9 kw=13.14 inf=2.90 iv=1.58 n=4 d=12 sk=0 hf=95680 hm=79488 ht=283156 pf=0 pm=0 pt=0 ru=235868 rp=252060
19:00:52.923 @T t=134358 s=0.000 lv=-40.6 pk=-38.8 c0=14.3 c1=11.1 kw=10.10 inf=3.31 iv=1.57 n=3 d=12 sk=0 hf=92548 hm=79488 ht=283156 pf=0 pm=0 pt=0 ru=239000 rp=252060
19:00:52.923 @T t=134444 s=0.000 lv=-40.2 pk=-39.2 c0=19.3 c1=12.1 kw=10.58 inf=2.83 iv=1.43 n=3 d=12 sk=0 hf=95680 hm=79488 ht=283156 pf=0 pm=0 pt=0 ru=235868 rp=252060
19:00:52.923 @T t=134551 s=0.000 lv=-40.0 pk=-38.3 c0=16.6 c1=14.5 kw=12.70 inf=3.16 iv=1.54 n=4 d=12 sk=0 hf=95680 hm=79488 ht=283156 pf=0 pm=0 pt=0 ru=235868 rp=252060
19:00:52.923 @T t=134657 s=0.000 lv=-41.6 pk=-40.2 c0=14.4 c1=11.5 kw=10.08 inf=3.31 iv=1.57 n=3 d=12 sk=0 hf=95680 hm=79488 ht=283156 pf=0 pm=0 pt=0 ru=235868 rp=252060
19:00:52.923 I (135051) stream: stream finished (silence): 1500 ms of audio sent (23 KB)
19:00:52.923 @T t=134743 s=0.000 lv=-41.8 pk=-40.4 c0=11.7 c1=11.2 kw=10.58 inf=2.83 iv=1.50 n=3 d=12 sk=0 hf=95680 hm=79488 ht=283156 pf=0 pm=0 pt=0 ru=235868 rp=252060
19:00:52.923 @T t=134849 s=0.000 lv=-39.7 pk=-38.8 c0=4.0 c1=10.7 kw=10.47 inf=2.56 iv=1.12 n=4 d=12 sk=0 hf=95680 hm=79488 ht=283156 pf=0 pm=0 pt=0 ru=235868 rp=252060
19:00:52.923 @T t=134955 s=0.000 lv=-39.2 pk=-37.8 c0=3.5 c1=8.5 kw=8.34 inf=2.71 iv=1.12 n=3 d=12 sk=0 hf=95680 hm=79488 ht=283156 pf=0 pm=0 pt=0 ru=235868 rp=252060
19:00:52.923 @T t=135061 s=0.000 lv=-39.6 pk=-38.5 c0=3.3 c1=8.5 kw=8.30 inf=2.69 iv=1.11 n=3 d=12 sk=0 hf=95680 hm=79488 ht=283156 pf=0 pm=0 pt=0 ru=235868 rp=252060
19:00:52.923 @T t=135147 s=0.000 lv=-39.0 pk=-36.8 c0=4.4 c1=12.0 kw=11.83 inf=2.36 iv=1.15 n=4 d=12 sk=0 hf=95680 hm=79488 ht=283156 pf=0 pm=0 pt=0 ru=235868 rp=252060
19:00:52.923 @I ww=marvin cut=0.50 win=5 cool=1000 tick=100 wifi=1 srv=1 li=0 ln=0
19:00:52.923 @T t=135259 s=0.000 lv=-40.6 pk=-38.1 c0=4.0 c1=8.1 kw=7.83 inf=2.69 iv=1.11 n=3 d=12 sk=0 hf=95680 hm=79488 ht=283156 pf=0 pm=0 pt=0 ru=235868 rp=252060
19:00:52.923 @T t=135345 s=0.000 lv=-40.5 pk=-39.1 c0=4.1 c1=9.4 kw=9.30 inf=2.42 iv=1.14 n=3 d=12 sk=0 hf=95680 hm=79488 ht=283156 pf=0 pm=0 pt=0 ru=235868 rp=252060
19:00:52.923 @T t=135451 s=0.000 lv=-42.1 pk=-41.7 c0=3.7 c1=8.7 kw=8.41 inf=2.05 iv=1.19 n=2 d=12 sk=2 hf=95680 hm=79488 ht=283156 pf=0 pm=0 pt=0 ru=235868 rp=252060
19:00:52.923 @T t=135556 s=0.000 lv=-40.7 pk=-39.7 c0=3.4 c1=5.1 kw=4.97 inf=1.52 iv=0.00 n=0 d=12 sk=3 hf=95680 hm=79488 ht=283156 pf=0 pm=0 pt=0 ru=235868 rp=252060
19:00:52.923 @T t=135642 s=0.000 lv=-40.3 pk=-39.7 c0=3.7 c1=5.0 kw=4.87 inf=1.82 iv=0.00 n=0 d=12 sk=2 hf=95680 hm=79488 ht=283156 pf=0 pm=0 pt=0 ru=235868 rp=252060
19:00:52.923 @T t=135748 s=0.000 lv=-40.5 pk=-38.1 c0=3.0 c1=6.1 kw=5.91 inf=1.36 iv=0.00 n=0 d=12 sk=4 hf=95680 hm=79488 ht=283156 pf=0 pm=0 pt=0 ru=235868 rp=252060
19:00:52.923 @T t=135855 s=0.000 lv=-41.3 pk=-40.0 c0=6.7 c1=5.5 kw=5.03 inf=1.54 iv=0.00 n=0 d=12 sk=3 hf=95680 hm=79488 ht=283156 pf=0 pm=0 pt=0 ru=235868 rp=252060
19:00:52.923 @T t=135960 s=0.000 lv=-39.2 pk=-36.9 c0=6.7 c1=5.1 kw=4.96 inf=1.52 iv=0.00 n=0 d=12 sk=3 hf=95680 hm=79488 ht=283156 pf=0 pm=0 pt=0 ru=235868 rp=252060
19:00:55.234 @T t=136047 s=0.000 lv=-38.0 pk=-35.7 c0=3.7 c1=20.0 kw=19.77 inf=1.36 iv=0.96 n=12 d=12 sk=0 hf=95680 hm=79488 ht=283156 pf=0 pm=0 pt=0 ru=235868 rp=252060
19:00:55.234 @T t=136153 s=0.000 lv=-40.9 pk=-39.1 c0=3.6 c1=8.6 kw=8.39 inf=2.73 iv=1.14 n=3 d=12 sk=0 hf=95680 hm=79488 ht=283156 pf=0 pm=0 pt=0 ru=235868 rp=252060
19:00:55.234 @I ww=marvin cut=0.50 win=5 cool=1000 tick=100 wifi=1 srv=1 li=0 ln=0
19:00:55.234 @T t=136245 s=0.000 lv=-39.0 pk=-37.5 c0=4.8 c1=8.8 kw=8.72 inf=2.43 iv=1.15 n=3 d=12 sk=0 hf=95680 hm=79488 ht=283156 pf=0 pm=0 pt=0 ru=235868 rp=252060
19:00:55.234 @T t=136354 s=0.000 lv=-40.4 pk=-38.8 c0=3.3 c1=10.5 kw=10.28 inf=2.62 iv=1.16 n=4 d=12 sk=0 hf=95680 hm=79488 ht=283156 pf=0 pm=0 pt=0 ru=235868 rp=252060
19:00:55.234 @T t=136460 s=0.000 lv=-41.4 pk=-40.6 c0=3.4 c1=8.5 kw=8.32 inf=2.70 iv=1.13 n=3 d=12 sk=0 hf=95680 hm=79488 ht=283156 pf=0 pm=0 pt=0 ru=235868 rp=252060
19:00:55.234 I (136883) stream: server: {"type":"response","text":"Call my mother.","saved":"20260928_190050_044_e072a1d53274_marvin.wav"}
19:00:55.234 @T t=136546 s=0.000 lv=-41.4 pk=-40.5 c0=8.7 c1=13.1 kw=10.37 inf=2.72 iv=1.38 n=3 d=12 sk=0 hf=95680 hm=79488 ht=283156 pf=0 pm=0 pt=0 ru=235868 rp=252060
19:00:55.234 @T t=136652 s=0.000 lv=-40.0 pk=-38.7 c0=6.2 c1=9.6 kw=10.27 inf=2.54 iv=1.12 n=4 d=12 sk=0 hf=95680 hm=79488 ht=283156 pf=0 pm=0 pt=0 ru=235868 rp=252060
19:00:55.234 @T t=136758 s=0.000 lv=-40.0 pk=-38.3 c0=3.4 c1=8.5 kw=8.32 inf=2.70 iv=1.13 n=3 d=12 sk=0 hf=95680 hm=79488 ht=283156 pf=0 pm=0 pt=0 ru=235868 rp=252060
19:00:55.234 @T t=136844 s=0.000 lv=-37.0 pk=-35.1 c0=4.2 c1=9.4 kw=9.22 inf=2.45 iv=1.15 n=3 d=12 sk=0 hf=95680 hm=79488 ht=283156 pf=0 pm=0 pt=0 ru=235868 rp=252060
19:00:55.234 @T t=136953 s=0.000 lv=-38.8 pk=-36.7 c0=3.3 c1=10.5 kw=10.29 inf=2.58 iv=1.13 n=4 d=12 sk=0 hf=95680 hm=79488 ht=283156 pf=0 pm=0 pt=0 ru=235868 rp=252060
19:00:55.234 @T t=137059 s=0.000 lv=-40.2 pk=-39.4 c0=3.4 c1=8.5 kw=8.33 inf=2.71 iv=1.12 n=3 d=12 sk=0 hf=95680 hm=79488 ht=283156 pf=0 pm=0 pt=0 ru=235868 rp=252060
19:00:55.234 I (137451) wifi:[ADDBA]RX DELBA, reason:37, delete tid:0, initiator:1(originator)
19:00:55.235 @T t=137145 s=0.000 lv=-40.7 pk=-39.9 c0=6.2 c1=10.1 kw=9.98 inf=2.62 iv=1.28 n=3 d=12 sk=0 hf=95680 hm=79488 ht=283156 pf=0 pm=0 pt=0 ru=235868 rp=252060
19:00:55.235 @I ww=marvin cut=0.50 win=5 cool=1000 tick=100 wifi=1 srv=1 li=0 ln=0
19:00:55.235 @T t=137259 s=0.000 lv=-39.4 pk=-37.3 c0=3.9 c1=10.2 kw=9.93 inf=2.65 iv=1.18 n=4 d=12 sk=0 hf=95680 hm=79488 ht=283156 pf=0 pm=0 pt=0 ru=235868 rp=252060
19:00:55.235 @T t=137345 s=0.000 lv=-40.1 pk=-38.2 c0=4.3 c1=9.5 kw=9.41 inf=2.46 iv=1.16 n=3 d=12 sk=0 hf=95680 hm=79488 ht=283156 pf=0 pm=0 pt=0 ru=235868 rp=252060
19:00:55.235 @T t=137451 s=0.000 lv=-32.5 pk=-27.6 c0=3.4 c1=10.6 kw=10.31 inf=2.55 iv=1.09 n=4 d=12 sk=0 hf=95680 hm=79488 ht=283156 pf=0 pm=0 pt=0 ru=235868 rp=252060
19:00:55.235 @T t=137557 s=0.000 lv=-21.9 pk=-20.0 c0=3.9 c1=9.0 kw=8.81 inf=2.87 iv=1.23 n=3 d=12 sk=0 hf=95680 hm=79488 ht=283156 pf=0 pm=0 pt=0 ru=235868 rp=252060
19:00:55.235 @T t=137643 s=0.002 lv=-28.3 pk=-24.8 c0=4.7 c1=10.1 kw=9.83 inf=2.62 iv=1.32 n=3 d=12 sk=0 hf=95680 hm=79488 ht=283156 pf=0 pm=0 pt=0 ru=235868 rp=252060
19:00:55.235 @T t=137749 s=0.291 lv=-34.9 pk=-33.3 c0=3.4 c1=10.8 kw=10.64 inf=2.60 iv=1.17 n=4 d=12 sk=0 hf=95680 hm=79488 ht=283156 pf=0 pm=0 pt=0 ru=235868 rp=252060
19:00:55.235 @T t=137855 s=0.342 lv=-38.5 pk=-36.0 c0=3.5 c1=8.8 kw=8.67 inf=2.82 iv=1.22 n=3 d=12 sk=0 hf=95680 hm=79488 ht=283156 pf=0 pm=0 pt=0 ru=235868 rp=252060
19:00:55.235 I (138289) kws: >>> WAKE WORD "marvin" DETECTED  (score 0.62, t = 137.91 s)
19:00:55.235 I (138310) stream: first audio sent 20 ms after the detection
19:00:55.235 @T t=137961 s=0.622 lv=-38.4 pk=-36.5 c0=12.2 c1=11.9 kw=9.69 inf=3.17 iv=1.48 n=3 d=13 sk=0 hf=95680 hm=79488 ht=283156 pf=0 pm=0 pt=0 ru=235868 rp=252060
19:00:55.235 @T t=138050 s=0.908 lv=-38.3 pk=-35.4 c0=17.5 c1=15.4 kw=13.77 inf=2.88 iv=1.53 n=4 d=13 sk=0 hf=93896 hm=79488 ht=283156 pf=0 pm=0 pt=0 ru=237652 rp=252060
19:00:55.235 @T t=138157 s=0.913 lv=-38.0 pk=-35.7 c0=18.4 c1=12.4 kw=10.66 inf=3.54 iv=1.70 n=3 d=13 sk=0 hf=95680 hm=79488 ht=283156 pf=0 pm=0 pt=0 ru=235868 rp=252060
19:00:55.235 @I ww=marvin cut=0.50 win=5 cool=1000 tick=100 wifi=1 srv=1 li=0 ln=0
19:00:55.235 @T t=138251 s=0.843 lv=-31.1 pk=-25.7 c0=18.1 c1=13.3 kw=11.96 inf=3.49 iv=1.70 n=3 d=13 sk=0 hf=95680 hm=79488 ht=283156 pf=0 pm=0 pt=0 ru=235888 rp=252060
19:00:57.523 @T t=138358 s=0.837 lv=-28.6 pk=-24.9 c0=18.7 c1=13.9 kw=12.23 inf=3.08 iv=1.72 n=4 d=13 sk=0 hf=95680 hm=79488 ht=283156 pf=0 pm=0 pt=0 ru=235868 rp=252060
19:00:57.524 @T t=138444 s=0.837 lv=-36.5 pk=-34.2 c0=14.7 c1=10.8 kw=9.29 inf=3.69 iv=1.53 n=2 d=13 sk=0 hf=95680 hm=79488 ht=283156 pf=0 pm=0 pt=0 ru=235868 rp=252060
19:00:57.524 @T t=138553 s=0.696 lv=-36.6 pk=-35.8 c0=21.1 c1=15.7 kw=12.77 inf=3.25 iv=1.58 n=4 d=13 sk=0 hf=95680 hm=79488 ht=283156 pf=0 pm=0 pt=0 ru=235868 rp=252060
19:00:57.524 @T t=138659 s=0.165 lv=-38.6 pk=-35.5 c0=15.4 c1=13.7 kw=12.24 inf=3.05 iv=1.70 n=4 d=13 sk=0 hf=95680 hm=79488 ht=283156 pf=0 pm=0 pt=0 ru=235868 rp=252060
19:00:57.524 I (139089) wake_word: score event: peak 0.91 over 900 ms -> detected
19:00:57.524 @T t=138748 s=0.001 lv=-27.5 pk=-25.7 c0=18.1 c1=15.0 kw=13.18 inf=3.67 iv=1.46 n=3 d=13 sk=0 hf=93896 hm=79488 ht=283156 pf=0 pm=0 pt=0 ru=237684 rp=252060
19:00:57.524 @T t=138855 s=0.000 lv=-29.7 pk=-25.7 c0=14.7 c1=11.6 kw=10.03 inf=3.32 iv=1.56 n=3 d=13 sk=0 hf=95680 hm=79488 ht=283156 pf=0 pm=0 pt=0 ru=235868 rp=252060
19:00:57.524 @T t=138961 s=0.000 lv=-39.7 pk=-37.2 c0=15.3 c1=13.1 kw=11.68 inf=2.90 iv=1.55 n=4 d=13 sk=0 hf=95680 hm=79488 ht=283156 pf=0 pm=0 pt=0 ru=235868 rp=252060
19:00:57.524 @T t=139051 s=0.000 lv=-40.3 pk=-37.5 c0=18.3 c1=13.2 kw=11.49 inf=3.19 iv=1.43 n=3 d=13 sk=0 hf=95680 hm=79488 ht=283156 pf=0 pm=0 pt=0 ru=235868 rp=252060
19:00:57.524 @T t=139157 s=0.000 lv=-41.0 pk=-39.6 c0=16.7 c1=11.1 kw=9.71 inf=3.18 iv=1.44 n=3 d=13 sk=0 hf=95680 hm=79488 ht=283156 pf=0 pm=0 pt=0 ru=235868 rp=252060
19:00:57.524 @I ww=marvin cut=0.50 win=5 cool=1000 tick=100 wifi=1 srv=1 li=0 ln=0
19:00:57.524 I (139602) wifi:[ADDBA]RX DELBA, reason:37, delete tid:0, initiator:1(originator)
19:00:57.524 @T t=139251 s=0.000 lv=-41.5 pk=-40.3 c0=26.0 c1=14.0 kw=12.56 inf=2.76 iv=1.45 n=4 d=13 sk=0 hf=93896 hm=79488 ht=283156 pf=0 pm=0 pt=0 ru=237652 rp=252060
19:00:57.524 @T t=139358 s=0.000 lv=-40.9 pk=-39.6 c0=17.5 c1=11.3 kw=9.62 inf=3.18 iv=1.44 n=3 d=13 sk=0 hf=95680 hm=79488 ht=283156 pf=0 pm=0 pt=0 ru=235868 rp=252060
19:00:57.524 @T t=139444 s=0.000 lv=-41.5 pk=-40.9 c0=18.3 c1=12.1 kw=10.71 inf=2.87 iv=1.45 n=3 d=13 sk=0 hf=95680 hm=79488 ht=283156 pf=0 pm=0 pt=0 ru=235868 rp=252060
19:00:57.524 I (139875) stream: stream finished (silence): 1580 ms of audio sent (24 KB)
19:00:57.524 I (139888) stream: server: {"type":"response","text":"","saved":"20260928_190054_781_e072a1d53274_marvin.wav"}
19:00:57.524 @T t=139555 s=0.000 lv=-39.9 pk=-38.2 c0=16.4 c1=13.0 kw=11.48 inf=2.95 iv=1.33 n=4 d=13 sk=0 hf=95680 hm=79488 ht=283156 pf=0 pm=0 pt=0 ru=235868 rp=252060
19:00:57.524 @T t=139661 s=0.000 lv=-41.1 pk=-40.6 c0=4.1 c1=8.5 kw=8.36 inf=2.72 iv=1.13 n=3 d=13 sk=0 hf=95680 hm=79488 ht=283156 pf=0 pm=0 pt=0 ru=235868 rp=252060
19:00:57.524 @T t=139747 s=0.000 lv=-41.5 pk=-40.1 c0=8.1 c1=10.5 kw=10.37 inf=2.73 iv=1.15 n=3 d=13 sk=0 hf=95680 hm=79488 ht=283156 pf=0 pm=0 pt=0 ru=235868 rp=252060
19:00:57.524 @T t=139853 s=0.000 lv=-39.6 pk=-38.4 c0=3.4 c1=9.4 kw=9.19 inf=2.26 iv=1.07 n=4 d=13 sk=0 hf=95680 hm=79488 ht=283156 pf=0 pm=0 pt=0 ru=235868 rp=252060
19:00:57.524 @T t=139959 s=0.000 lv=-39.8 pk=-38.6 c0=3.9 c1=8.6 kw=8.35 inf=2.71 iv=1.13 n=3 d=13 sk=0 hf=95680 hm=79488 ht=283156 pf=0 pm=0 pt=0 ru=235868 rp=252060
19:00:57.525 @T t=140045 s=0.000 lv=-39.9 pk=-38.5 c0=4.1 c1=9.3 kw=9.22 inf=2.40 iv=1.12 n=3 d=13 sk=0 hf=95680 hm=79488 ht=283156 pf=0 pm=0 pt=0 ru=235868 rp=252060
19:00:57.525 @T t=140151 s=0.000 lv=-41.2 pk=-40.0 c0=3.5 c1=10.6 kw=10.33 inf=2.56 iv=1.09 n=4 d=13 sk=0 hf=95680 hm=79488 ht=283156 pf=0 pm=0 pt=0 ru=235868 rp=252060
19:00:57.525 @I ww=marvin cut=0.50 win=5 cool=1000 tick=100 wifi=1 srv=1 li=0 ln=0
19:00:57.525 @T t=140243 s=0.000 lv=-41.3 pk=-39.6 c0=4.8 c1=7.5 kw=7.31 inf=3.07 iv=1.18 n=2 d=13 sk=0 hf=95680 hm=79488 ht=283156 pf=0 pm=0 pt=0 ru=235868 rp=252060
19:00:57.525 @T t=140349 s=0.000 lv=-41.0 pk=-39.2 c0=3.5 c1=10.7 kw=10.49 inf=2.56 iv=1.13 n=4 d=13 sk=0 hf=95680 hm=79488 ht=283156 pf=0 pm=0 pt=0 ru=235868 rp=252060
19:00:57.525 @T t=140455 s=0.000 lv=-40.6 pk=-39.4 c0=3.4 c1=7.6 kw=7.39 inf=1.78 iv=1.21 n=2 d=13 sk=2 hf=95680 hm=79488 ht=283156 pf=0 pm=0 pt=0 ru=235868 rp=252060
19:00:57.525 @T t=140561 s=0.000 lv=-38.7 pk=-36.3 c0=6.5 c1=5.6 kw=5.09 inf=1.56 iv=0.00 n=0 d=13 sk=3 hf=95680 hm=79488 ht=283156 pf=0 pm=0 pt=0 ru=235868 rp=252060
19:00:59.735 @T t=140647 s=0.000 lv=-40.3 pk=-39.3 c0=8.8 c1=6.4 kw=6.19 inf=1.54 iv=0.00 n=0 d=13 sk=3 hf=95680 hm=79488 ht=283156 pf=0 pm=0 pt=0 ru=235868 rp=252060
19:00:59.735 @T t=140752 s=0.000 lv=-40.9 pk=-40.2 c0=3.2 c1=5.0 kw=4.91 inf=1.50 iv=0.00 n=0 d=13 sk=3 hf=95680 hm=79488 ht=283156 pf=0 pm=0 pt=0 ru=235868 rp=252060
19:00:59.735 @T t=140858 s=0.000 lv=-41.4 pk=-40.7 c0=3.0 c1=5.1 kw=4.91 inf=1.50 iv=0.00 n=0 d=13 sk=3 hf=95680 hm=79488 ht=283156 pf=0 pm=0 pt=0 ru=235868 rp=252060
19:00:59.735 @T t=140945 s=0.000 lv=-42.7 pk=-41.6 c0=3.8 c1=5.1 kw=5.05 inf=1.22 iv=0.00 n=0 d=13 sk=3 hf=95680 hm=79488 ht=283156 pf=0 pm=0 pt=0 ru=235868 rp=252060
19:00:59.735 @T t=141051 s=0.000 lv=-42.2 pk=-40.8 c0=3.4 c1=6.2 kw=5.84 inf=1.83 iv=0.00 n=0 d=13 sk=3 hf=95680 hm=79488 ht=283156 pf=0 pm=0 pt=0 ru=235868 rp=252060
19:00:59.735 @T t=141157 s=0.000 lv=-43.1 pk=-41.8 c0=3.4 c1=5.1 kw=4.99 inf=1.53 iv=0.00 n=0 d=13 sk=3 hf=95680 hm=79488 ht=283156 pf=0 pm=0 pt=0 ru=235868 rp=252060
19:00:59.735 @I ww=marvin cut=0.50 win=5 cool=1000 tick=100 wifi=1 srv=1 li=0 ln=0
19:00:59.735 [status] up 141s | mic -33.5 dBFS (peak -19.4) | score max 0.91 | detections 13 | inferences 299 (29.9/s; model 1.31 ms each, paused in quiet 12%; features 1.47 ms per 30 ms) | CPU core0  8.7% core1 10.4% (wake word pipeline 9.64% of one core) | RAM used 230 KB (peak 246 KB, 93 KB free) | wifi OK, server OK | audio lost since boot: i2s 0 net 0
19:00:59.735 @T t=141251 s=0.000 lv=-41.4 pk=-39.2 c0=9.2 c1=5.8 kw=5.66 inf=1.54 iv=0.00 n=0 d=13 sk=3 hf=95680 hm=79488 ht=283156 pf=0 pm=0 pt=0 ru=235868 rp=252060
19:00:59.735 @T t=141356 s=0.000 lv=-40.9 pk=-39.7 c0=3.1 c1=5.1 kw=4.95 inf=1.52 iv=0.00 n=0 d=13 sk=3 hf=95680 hm=79488 ht=283156 pf=0 pm=0 pt=0 ru=235868 rp=252060
19:00:59.735 @T t=141442 s=0.000 lv=-41.6 pk=-41.1 c0=3.7 c1=5.0 kw=4.88 inf=1.82 iv=0.00 n=0 d=13 sk=2 hf=95680 hm=79488 ht=283156 pf=0 pm=0 pt=0 ru=235868 rp=252060
19:00:59.735 @T t=141549 s=0.000 lv=-41.8 pk=-40.2 c0=3.5 c1=6.1 kw=5.95 inf=1.37 iv=0.00 n=0 d=13 sk=4 hf=95680 hm=79488 ht=283156 pf=0 pm=0 pt=0 ru=235868 rp=252060
19:00:59.735 @T t=141655 s=0.000 lv=-42.6 pk=-41.0 c0=3.2 c1=5.1 kw=4.95 inf=1.52 iv=0.00 n=0 d=13 sk=3 hf=95680 hm=79488 ht=283156 pf=0 pm=0 pt=0 ru=235868 rp=252060
19:00:59.735 @T t=141760 s=0.000 lv=-40.9 pk=-39.3 c0=3.0 c1=5.1 kw=4.92 inf=1.51 iv=0.00 n=0 d=13 sk=3 hf=95680 hm=79488 ht=283156 pf=0 pm=0 pt=0 ru=235868 rp=252060
19:00:59.735 @T t=141846 s=0.000 lv=-41.8 pk=-40.4 c0=3.7 c1=6.2 kw=6.07 inf=1.51 iv=0.00 n=0 d=13 sk=3 hf=95680 hm=79488 ht=283156 pf=0 pm=0 pt=0 ru=235868 rp=252060
19:00:59.735 @T t=141953 s=0.000 lv=-42.9 pk=-41.7 c0=3.1 c1=5.1 kw=4.91 inf=1.50 iv=0.00 n=0 d=13 sk=3 hf=95680 hm=79488 ht=283156 pf=0 pm=0 pt=0 ru=235868 rp=252060
19:00:59.735 @T t=142058 s=0.000 lv=-42.3 pk=-41.6 c0=3.0 c1=5.1 kw=4.92 inf=1.51 iv=0.00 n=0 d=13 sk=3 hf=95680 hm=79488 ht=283156 pf=0 pm=0 pt=0 ru=235868 rp=252060
19:00:59.735 @T t=142145 s=0.000 lv=-24.8 pk=-22.7 c0=4.4 c1=19.6 kw=19.47 inf=1.33 iv=1.00 n=12 d=13 sk=0 hf=95680 hm=79488 ht=283156 pf=0 pm=0 pt=0 ru=235868 rp=252060
19:00:59.735 @I ww=marvin cut=0.50 win=5 cool=1000 tick=100 wifi=1 srv=1 li=0 ln=0
19:00:59.735 @T t=142260 s=0.000 lv=-30.8 pk=-26.0 c0=4.0 c1=10.1 kw=9.85 inf=2.65 iv=1.19 n=4 d=13 sk=0 hf=95680 hm=79488 ht=283156 pf=0 pm=0 pt=0 ru=235868 rp=252060
19:00:59.735 @T t=142346 s=0.002 lv=-38.2 pk=-35.6 c0=4.4 c1=11.0 kw=10.89 inf=2.88 iv=1.25 n=3 d=13 sk=0 hf=95680 hm=79488 ht=283156 pf=0 pm=0 pt=0 ru=235868 rp=252060
19:00:59.735 @T t=142452 s=0.016 lv=-42.4 pk=-41.7 c0=3.4 c1=9.8 kw=9.56 inf=2.35 iv=1.16 n=4 d=13 sk=0 hf=95680 hm=79488 ht=283156 pf=0 pm=0 pt=0 ru=235868 rp=252060
19:00:59.735 @T t=142558 s=0.244 lv=-41.5 pk=-40.8 c0=5.5 c1=10.8 kw=9.09 inf=2.97 iv=1.33 n=3 d=13 sk=0 hf=95680 hm=79488 ht=283156 pf=0 pm=0 pt=0 ru=235868 rp=252060
19:00:59.735 I (142989) kws: >>> WAKE WORD "marvin" DETECTED  (score 0.52, t = 142.61 s)
19:00:59.735 I (143010) stream: first audio sent 19 ms after the detection
19:00:59.735 @T t=142644 s=0.524 lv=-29.9 pk=-27.0 c0=13.2 c1=13.5 kw=10.96 inf=2.94 iv=1.57 n=3 d=14 sk=0 hf=95680 hm=79488 ht=283156 pf=0 pm=0 pt=0 ru=235868 rp=252060
19:00:59.735 @T t=142752 s=0.442 lv=-39.0 pk=-34.7 c0=16.1 c1=14.3 kw=12.52 inf=3.15 iv=1.52 n=4 d=14 sk=0 hf=95680 hm=79488 ht=283156 pf=0 pm=0 pt=0 ru=235868 rp=252060
19:01:02.032 @T t=142858 s=0.280 lv=-24.5 pk=-22.5 c0=14.4 c1=10.6 kw=9.95 inf=3.26 iv=1.49 n=3 d=14 sk=0 hf=95680 hm=79488 ht=283156 pf=0 pm=0 pt=0 ru=235868 rp=252060
19:01:02.032 I (143263) wifi:[ADDBA]RX DELBA, reason:37, delete tid:0, initiator:1(originator)
19:01:02.032 @T t=142949 s=0.038 lv=-32.2 pk=-27.7 c0=23.7 c1=14.5 kw=12.28 inf=3.47 iv=1.71 n=3 d=14 sk=0 hf=95628 hm=79488 ht=283156 pf=0 pm=0 pt=0 ru=237652 rp=252060
19:01:02.032 I (143348) wake_word: score event: peak 0.52 over 300 ms -> detected
19:01:02.032 @T t=143056 s=0.003 lv=-37.3 pk=-35.2 c0=15.5 c1=15.1 kw=13.41 inf=3.40 iv=1.80 n=4 d=14 sk=0 hf=95680 hm=79488 ht=283156 pf=0 pm=0 pt=0 ru=235868 rp=252060
19:01:02.032 @T t=143162 s=0.001 lv=-39.6 pk=-38.1 c0=14.6 c1=11.7 kw=10.17 inf=3.34 iv=1.61 n=3 d=14 sk=0 hf=95680 hm=79488 ht=283156 pf=0 pm=0 pt=0 ru=235868 rp=252060
19:01:02.032 @I ww=marvin cut=0.50 win=5 cool=1000 tick=100 wifi=1 srv=1 li=0 ln=0
19:01:02.032 @T t=143254 s=0.000 lv=-41.7 pk=-41.1 c0=19.7 c1=13.8 kw=12.05 inf=3.44 iv=1.66 n=3 d=14 sk=0 hf=95680 hm=79488 ht=283156 pf=0 pm=0 pt=0 ru=235868 rp=252060
19:01:02.032 @T t=143360 s=0.000 lv=-41.9 pk=-40.8 c0=14.4 c1=12.8 kw=11.32 inf=2.81 iv=1.46 n=4 d=14 sk=0 hf=95680 hm=79488 ht=283156 pf=0 pm=0 pt=0 ru=235868 rp=252060
19:01:02.032 @T t=143451 s=0.000 lv=-41.2 pk=-40.0 c0=19.2 c1=13.0 kw=11.35 inf=3.19 iv=1.44 n=3 d=14 sk=0 hf=95680 hm=79488 ht=283156 pf=0 pm=0 pt=0 ru=235868 rp=252060
19:01:02.032 @T t=143557 s=0.000 lv=-41.2 pk=-39.4 c0=14.4 c1=11.1 kw=9.70 inf=3.17 iv=1.44 n=3 d=14 sk=0 hf=95680 hm=79488 ht=283156 pf=0 pm=0 pt=0 ru=235868 rp=252060
19:01:02.032 @T t=143643 s=0.000 lv=-41.3 pk=-39.9 c0=18.2 c1=12.0 kw=10.59 inf=2.83 iv=1.44 n=3 d=14 sk=0 hf=95680 hm=79488 ht=283156 pf=0 pm=0 pt=0 ru=235868 rp=252060
19:01:02.032 @T t=143751 s=0.000 lv=-41.7 pk=-40.2 c0=16.0 c1=13.7 kw=12.01 inf=3.01 iv=1.44 n=4 d=14 sk=0 hf=95680 hm=79488 ht=283156 pf=0 pm=0 pt=0 ru=235868 rp=252060
19:01:02.032 @T t=143857 s=0.000 lv=-41.2 pk=-39.5 c0=14.0 c1=11.1 kw=9.70 inf=3.17 iv=1.44 n=3 d=14 sk=0 hf=95680 hm=79488 ht=283156 pf=0 pm=0 pt=0 ru=235868 rp=252060
19:01:02.032 @T t=143943 s=0.000 lv=-40.9 pk=-39.2 c0=15.2 c1=12.3 kw=10.79 inf=2.89 iv=1.45 n=3 d=14 sk=0 hf=95680 hm=79488 ht=283156 pf=0 pm=0 pt=0 ru=235868 rp=252060
19:01:02.032 @T t=144052 s=0.000 lv=-41.0 pk=-40.3 c0=15.7 c1=13.8 kw=12.05 inf=3.06 iv=1.45 n=4 d=14 sk=0 hf=95680 hm=79488 ht=283156 pf=0 pm=0 pt=0 ru=235868 rp=252060
19:01:02.032 I (144492) stream: stream finished (silence): 1500 ms of audio sent (23 KB)
19:01:02.032 @T t=144159 s=0.000 lv=-42.5 pk=-41.5 c0=13.3 c1=11.0 kw=9.71 inf=3.21 iv=1.46 n=3 d=14 sk=0 hf=95680 hm=79488 ht=283156 pf=0 pm=0 pt=0 ru=235868 rp=252060
19:01:02.032 @I ww=marvin cut=0.50 win=5 cool=1000 tick=100 wifi=1 srv=1 li=0 ln=0
19:01:02.032 @T t=144251 s=0.000 lv=-42.0 pk=-41.4 c0=4.9 c1=11.1 kw=10.92 inf=2.33 iv=1.13 n=4 d=14 sk=0 hf=95680 hm=79488 ht=283156 pf=0 pm=0 pt=0 ru=235868 rp=252060
19:01:02.032 @T t=144357 s=0.000 lv=-39.7 pk=-38.1 c0=3.4 c1=8.5 kw=8.28 inf=2.69 iv=1.11 n=3 d=14 sk=0 hf=95680 hm=79488 ht=283156 pf=0 pm=0 pt=0 ru=235868 rp=252060
19:01:02.032 @T t=144443 s=0.000 lv=-40.1 pk=-38.9 c0=4.6 c1=9.7 kw=9.44 inf=2.51 iv=1.20 n=3 d=14 sk=0 hf=95680 hm=79488 ht=283156 pf=0 pm=0 pt=0 ru=235868 rp=252060
19:01:02.032 @T t=144549 s=0.000 lv=-40.7 pk=-38.6 c0=7.0 c1=12.2 kw=11.95 inf=2.94 iv=1.43 n=4 d=14 sk=0 hf=95680 hm=79488 ht=283156 pf=0 pm=0 pt=0 ru=235868 rp=252060
19:01:02.032 @T t=144655 s=0.000 lv=-40.0 pk=-39.2 c0=4.0 c1=7.7 kw=7.50 inf=2.41 iv=1.22 n=2 d=14 sk=1 hf=95680 hm=79488 ht=283156 pf=0 pm=0 pt=0 ru=235868 rp=252060
19:01:02.032 @T t=144760 s=0.000 lv=-41.4 pk=-39.4 c0=6.6 c1=5.1 kw=4.97 inf=1.52 iv=0.00 n=0 d=14 sk=3 hf=95680 hm=79488 ht=283156 pf=0 pm=0 pt=0 ru=235868 rp=252060
19:01:02.032 @T t=144846 s=0.000 lv=-41.2 pk=-40.0 c0=3.8 c1=6.3 kw=6.09 inf=1.51 iv=0.00 n=0 d=14 sk=3 hf=95680 hm=79488 ht=283156 pf=0 pm=0 pt=0 ru=235868 rp=252060
19:01:02.032 @T t=144952 s=0.000 lv=-40.9 pk=-38.9 c0=3.1 c1=5.1 kw=4.92 inf=1.51 iv=0.00 n=0 d=14 sk=3 hf=95680 hm=79488 ht=283156 pf=0 pm=0 pt=0 ru=235868 rp=252060
19:01:02.032 @T t=145058 s=0.000 lv=-39.3 pk=-37.2 c0=3.0 c1=5.0 kw=4.90 inf=1.50 iv=0.00 n=0 d=14 sk=3 hf=95680 hm=79488 ht=283156 pf=0 pm=0 pt=0 ru=235868 rp=252060
19:01:02.032 @T t=145145 s=0.000 lv=-40.7 pk=-40.1 c0=3.8 c1=5.1 kw=5.06 inf=1.22 iv=0.00 n=0 d=14 sk=3 hf=95680 hm=79488 ht=283156 pf=0 pm=0 pt=0 ru=235868 rp=252060
19:01:04.337 @I ww=marvin cut=0.50 win=5 cool=1000 tick=100 wifi=1 srv=1 li=0 ln=0
19:01:04.337 @T t=145256 s=0.000 lv=-40.8 pk=-39.3 c0=3.6 c1=5.8 kw=5.48 inf=1.81 iv=0.00 n=0 d=14 sk=3 hf=95680 hm=79488 ht=283156 pf=0 pm=0 pt=0 ru=235868 rp=252060
19:01:04.337 @T t=145343 s=0.000 lv=-40.3 pk=-38.7 c0=3.8 c1=5.0 kw=4.89 inf=1.82 iv=0.00 n=0 d=14 sk=2 hf=95680 hm=79488 ht=283156 pf=0 pm=0 pt=0 ru=235868 rp=252060
19:01:04.337 @T t=145449 s=0.000 lv=-38.4 pk=-35.7 c0=3.1 c1=16.3 kw=16.05 inf=1.24 iv=0.96 n=11 d=14 sk=2 hf=95680 hm=79488 ht=283156 pf=0 pm=0 pt=0 ru=235868 rp=252060
19:01:04.337 @T t=145555 s=0.000 lv=-39.8 pk=-38.2 c0=4.3 c1=10.0 kw=9.80 inf=2.41 iv=1.20 n=4 d=14 sk=0 hf=95680 hm=79488 ht=283156 pf=0 pm=0 pt=0 ru=235868 rp=252060
19:01:04.337 @T t=145661 s=0.000 lv=-38.4 pk=-36.2 c0=3.5 c1=8.6 kw=8.40 inf=2.73 iv=1.14 n=3 d=14 sk=0 hf=95680 hm=79488 ht=283156 pf=0 pm=0 pt=0 ru=235868 rp=252060
19:01:04.337 @T t=145747 s=0.000 lv=-40.4 pk=-39.8 c0=4.2 c1=10.7 kw=10.45 inf=2.75 iv=1.16 n=3 d=14 sk=0 hf=95680 hm=79488 ht=283156 pf=0 pm=0 pt=0 ru=235868 rp=252060
19:01:04.337 @T t=145853 s=0.000 lv=-41.4 pk=-38.9 c0=3.4 c1=9.5 kw=9.32 inf=2.29 iv=1.10 n=4 d=14 sk=0 hf=95680 hm=79488 ht=283156 pf=0 pm=0 pt=0 ru=235868 rp=252060
19:01:04.337 @T t=145959 s=0.000 lv=-41.4 pk=-40.7 c0=3.5 c1=8.5 kw=8.36 inf=2.71 iv=1.13 n=3 d=14 sk=0 hf=95680 hm=79488 ht=283156 pf=0 pm=0 pt=0 ru=235868 rp=252060
19:01:04.337 I (146370) stream: server: {"type":"response","text":"What time is it?","saved":"20260928_190059_480_e072a1d53274_marvin.wav"}
19:01:04.337 @T t=146045 s=0.000 lv=-41.9 pk=-40.1 c0=8.9 c1=10.4 kw=9.90 inf=2.59 iv=1.26 n=3 d=14 sk=0 hf=95680 hm=79488 ht=283156 pf=0 pm=0 pt=0 ru=235868 rp=252060
19:01:04.337 @T t=146151 s=0.000 lv=-42.1 pk=-40.5 c0=4.1 c1=11.1 kw=10.85 inf=2.69 iv=1.19 n=4 d=14 sk=0 hf=95680 hm=79488 ht=283156 pf=0 pm=0 pt=0 ru=235868 rp=252060
19:01:04.337 @I ww=marvin cut=0.50 win=5 cool=1000 tick=100 wifi=1 srv=1 li=0 ln=0
19:01:04.337 @T t=146243 s=0.000 lv=-41.2 pk=-39.1 c0=4.9 c1=7.6 kw=7.43 inf=3.13 iv=1.20 n=2 d=14 sk=0 hf=95680 hm=79488 ht=283156 pf=0 pm=0 pt=0 ru=235868 rp=252060
19:01:04.337 @T t=146349 s=0.000 lv=-41.2 pk=-39.7 c0=3.6 c1=10.8 kw=10.56 inf=2.58 iv=1.14 n=4 d=14 sk=0 hf=95680 hm=79488 ht=283156 pf=0 pm=0 pt=0 ru=235868 rp=252060
19:01:04.337 @T t=146455 s=0.000 lv=-40.0 pk=-38.9 c0=3.4 c1=9.4 kw=9.27 inf=2.28 iv=1.09 n=4 d=14 sk=0 hf=95680 hm=79488 ht=283156 pf=0 pm=0 pt=0 ru=235868 rp=252060
19:01:04.337 @T t=146561 s=0.000 lv=-40.8 pk=-39.5 c0=3.4 c1=8.5 kw=8.34 inf=2.71 iv=1.12 n=3 d=14 sk=0 hf=95680 hm=79488 ht=283156 pf=0 pm=0 pt=0 ru=235868 rp=252060
19:01:04.337 @T t=146647 s=0.000 lv=-40.4 pk=-38.5 c0=4.7 c1=11.2 kw=10.98 inf=2.90 iv=1.27 n=3 d=14 sk=0 hf=95680 hm=79488 ht=283156 pf=0 pm=0 pt=0 ru=235868 rp=252060
19:01:04.337 @T t=146753 s=0.000 lv=-39.1 pk=-35.0 c0=3.4 c1=9.4 kw=9.27 inf=2.28 iv=1.09 n=4 d=14 sk=0 hf=95680 hm=79488 ht=283156 pf=0 pm=0 pt=0 ru=235868 rp=252060
19:01:04.337 @T t=146859 s=0.000 lv=-24.6 pk=-22.8 c0=3.5 c1=8.7 kw=8.54 inf=2.78 iv=1.17 n=3 d=14 sk=0 hf=95680 hm=79488 ht=283156 pf=0 pm=0 pt=0 ru=235868 rp=252060
19:01:04.337 @T t=146945 s=0.002 lv=-34.0 pk=-29.8 c0=4.4 c1=9.7 kw=9.63 inf=2.51 iv=1.22 n=3 d=14 sk=0 hf=95680 hm=79488 ht=283156 pf=0 pm=0 pt=0 ru=235868 rp=252060
19:01:04.337 @T t=147051 s=0.073 lv=-38.0 pk=-34.7 c0=6.6 c1=11.8 kw=11.18 inf=2.78 iv=1.26 n=4 d=14 sk=0 hf=95680 hm=79488 ht=283156 pf=0 pm=0 pt=0 ru=235868 rp=252060
19:01:04.337 @T t=147157 s=0.072 lv=-39.8 pk=-38.4 c0=4.1 c1=9.0 kw=8.83 inf=2.87 iv=1.24 n=3 d=14 sk=0 hf=95680 hm=79488 ht=283156 pf=0 pm=0 pt=0 ru=235868 rp=252060
19:01:04.337 @I ww=marvin cut=0.50 win=5 cool=1000 tick=100 wifi=1 srv=1 li=0 ln=0
19:01:04.337 @T t=147248 s=0.291 lv=-39.8 pk=-37.6 c0=4.9 c1=10.2 kw=10.01 inf=2.79 iv=1.19 n=3 d=14 sk=0 hf=95680 hm=79488 ht=283156 pf=0 pm=0 pt=0 ru=235868 rp=252060
19:01:04.337 I (147709) kws: >>> WAKE WORD "marvin" DETECTED  (score 0.53, t = 147.33 s)
19:01:04.337 I (147730) stream: first audio sent 20 ms after the detection
19:01:04.337 @T t=147354 s=0.527 lv=-40.8 pk=-39.2 c0=10.2 c1=12.5 kw=10.58 inf=2.62 iv=1.37 n=4 d=15 sk=0 hf=95680 hm=79488 ht=283156 pf=0 pm=0 pt=0 ru=235868 rp=252060
19:01:04.337 I (147795) wifi:[ADDBA]RX DELBA, reason:37, delete tid:0, initiator:1(originator)
19:01:04.337 I (147797) wifi:[ADDBA]RX DELBA, reason:37, delete tid:0, initiator:1(originator)
19:01:06.731 @T t=147461 s=0.284 lv=-40.6 pk=-39.4 c0=21.0 c1=11.5 kw=9.99 inf=3.31 iv=1.51 n=3 d=15 sk=0 hf=95680 hm=79488 ht=283156 pf=0 pm=0 pt=0 ru=235868 rp=252060
19:01:06.731 @T t=147551 s=0.342 lv=-38.3 pk=-35.7 c0=16.5 c1=13.3 kw=11.72 inf=3.26 iv=1.51 n=3 d=15 sk=0 hf=95680 hm=79488 ht=283156 pf=0 pm=0 pt=0 ru=235868 rp=252060
19:01:06.731 @T t=147657 s=0.159 lv=-23.6 pk=-21.4 c0=14.4 c1=12.9 kw=11.45 inf=2.84 iv=1.51 n=4 d=15 sk=0 hf=95680 hm=79488 ht=283156 pf=0 pm=0 pt=0 ru=235868 rp=252060
19:01:06.731 I (148089) wake_word: score event: peak 0.53 over 360 ms -> detected
19:01:06.731 @T t=147743 s=0.009 lv=-40.3 pk=-39.0 c0=15.2 c1=11.9 kw=10.46 inf=4.19 iv=1.51 n=2 d=15 sk=0 hf=95680 hm=79488 ht=283156 pf=0 pm=0 pt=0 ru=235868 rp=252060
19:01:06.731 @T t=147851 s=0.005 lv=-38.1 pk=-36.0 c0=17.0 c1=14.0 kw=12.38 inf=3.11 iv=1.52 n=4 d=15 sk=0 hf=95680 hm=79488 ht=283156 pf=0 pm=0 pt=0 ru=235868 rp=252060
19:01:06.731 @T t=147957 s=0.002 lv=-36.6 pk=-35.4 c0=14.2 c1=12.6 kw=11.15 inf=2.76 iv=1.45 n=4 d=15 sk=0 hf=95680 hm=79488 ht=283156 pf=0 pm=0 pt=0 ru=235868 rp=252060
19:01:06.731 @T t=148043 s=0.000 lv=-35.7 pk=-34.0 c0=17.7 c1=9.9 kw=9.02 inf=3.57 iv=1.44 n=2 d=15 sk=0 hf=89428 hm=79488 ht=283156 pf=0 pm=0 pt=0 ru=242120 rp=252060
19:01:06.731 @T t=148151 s=0.000 lv=-41.1 pk=-39.8 c0=16.4 c1=13.7 kw=12.26 inf=3.08 iv=1.44 n=4 d=15 sk=0 hf=88912 hm=79488 ht=283156 pf=0 pm=0 pt=0 ru=242636 rp=252060
19:01:06.731 @I ww=marvin cut=0.50 win=5 cool=1000 tick=100 wifi=1 srv=1 li=0 ln=0
19:01:06.731 @T t=148243 s=0.000 lv=-39.5 pk=-38.5 c0=15.1 c1=12.1 kw=11.10 inf=3.20 iv=1.75 n=3 d=15 sk=0 hf=95680 hm=79488 ht=283156 pf=0 pm=0 pt=0 ru=235868 rp=252060
19:01:06.731 @T t=148352 s=0.000 lv=-40.9 pk=-39.6 c0=16.4 c1=14.1 kw=12.75 inf=3.25 iv=1.63 n=4 d=15 sk=0 hf=92548 hm=79488 ht=283156 pf=0 pm=0 pt=0 ru=239000 rp=252060
19:01:06.731 @T t=148458 s=0.000 lv=-40.6 pk=-39.9 c0=14.6 c1=11.8 kw=10.15 inf=3.33 iv=1.57 n=3 d=15 sk=0 hf=95680 hm=79488 ht=283156 pf=0 pm=0 pt=0 ru=235868 rp=252060
19:01:06.731 @T t=148544 s=0.000 lv=-41.4 pk=-41.1 c0=19.1 c1=13.2 kw=11.83 inf=3.19 iv=1.70 n=3 d=15 sk=0 hf=95680 hm=79488 ht=283156 pf=0 pm=0 pt=0 ru=235868 rp=252060
19:01:06.731 @T t=148652 s=0.000 lv=-40.2 pk=-39.0 c0=16.9 c1=14.8 kw=13.06 inf=3.29 iv=1.65 n=4 d=15 sk=0 hf=95680 hm=79488 ht=283156 pf=0 pm=0 pt=0 ru=235868 rp=252060
19:01:06.731 @T t=148758 s=0.000 lv=-41.2 pk=-39.8 c0=14.2 c1=11.4 kw=10.11 inf=3.32 iv=1.57 n=3 d=15 sk=0 hf=95680 hm=79488 ht=283156 pf=0 pm=0 pt=0 ru=235868 rp=252060
19:01:06.731 I (149214) stream: stream finished (silence): 1500 ms of audio sent (23 KB)
19:01:06.731 @T t=148844 s=0.000 lv=-41.5 pk=-40.1 c0=19.0 c1=12.4 kw=10.81 inf=2.90 iv=1.51 n=3 d=15 sk=0 hf=95680 hm=79488 ht=283156 pf=0 pm=0 pt=0 ru=235868 rp=252060
19:01:06.731 @T t=148950 s=0.000 lv=-41.1 pk=-39.6 c0=4.1 c1=11.2 kw=10.97 inf=2.67 iv=1.19 n=4 d=15 sk=0 hf=95680 hm=79488 ht=283156 pf=0 pm=0 pt=0 ru=235868 rp=252060
19:01:06.731 @T t=149056 s=0.000 lv=-40.9 pk=-40.6 c0=6.3 c1=10.4 kw=9.37 inf=3.06 iv=1.40 n=3 d=15 sk=0 hf=95680 hm=79488 ht=283156 pf=0 pm=0 pt=0 ru=235868 rp=252060
19:01:06.731 @T t=149162 s=0.000 lv=-40.2 pk=-39.2 c0=4.1 c1=10.0 kw=9.77 inf=2.41 iv=1.18 n=4 d=15 sk=0 hf=95680 hm=79488 ht=283156 pf=0 pm=0 pt=0 ru=235868 rp=252060
19:01:06.731 @I ww=marvin cut=0.50 win=5 cool=1000 tick=100 wifi=1 srv=1 li=0 ln=0
19:01:06.731 @T t=149254 s=0.000 lv=-40.3 pk=-39.5 c0=4.9 c1=9.8 kw=9.62 inf=2.71 iv=1.12 n=3 d=15 sk=0 hf=95680 hm=79488 ht=283156 pf=0 pm=0 pt=0 ru=235868 rp=252060
19:01:06.731 @T t=149360 s=0.000 lv=-40.1 pk=-37.7 c0=3.5 c1=8.6 kw=8.40 inf=2.73 iv=1.15 n=3 d=15 sk=0 hf=95680 hm=79488 ht=283156 pf=0 pm=0 pt=0 ru=235868 rp=252060
19:01:06.731 @T t=149446 s=0.000 lv=-42.0 pk=-41.3 c0=4.2 c1=10.7 kw=9.40 inf=2.45 iv=1.17 n=3 d=15 sk=0 hf=95680 hm=79488 ht=283156 pf=0 pm=0 pt=0 ru=235868 rp=252060
19:01:06.731 @T t=149552 s=0.000 lv=-40.6 pk=-39.5 c0=3.3 c1=9.6 kw=10.23 inf=2.53 iv=1.08 n=4 d=15 sk=0 hf=95680 hm=79488 ht=283156 pf=0 pm=0 pt=0 ru=235868 rp=252060
19:01:06.731 @T t=149658 s=0.000 lv=-39.9 pk=-38.8 c0=3.4 c1=6.5 kw=6.35 inf=2.01 iv=1.33 n=1 d=15 sk=2 hf=95680 hm=79488 ht=283156 pf=0 pm=0 pt=0 ru=235868 rp=252060
19:01:06.732 @T t=149743 s=0.000 lv=-39.1 pk=-38.7 c0=4.0 c1=5.1 kw=4.95 inf=1.84 iv=0.00 n=0 d=15 sk=2 hf=95680 hm=79488 ht=283156 pf=0 pm=0 pt=0 ru=235868 rp=252060
19:01:08.937 @T t=149849 s=0.000 lv=-39.2 pk=-38.1 c0=3.1 c1=6.1 kw=5.95 inf=1.37 iv=0.00 n=0 d=15 sk=4 hf=95680 hm=79488 ht=283156 pf=0 pm=0 pt=0 ru=235868 rp=252060
19:01:08.937 @T t=149956 s=0.000 lv=-40.3 pk=-38.4 c0=3.1 c1=5.1 kw=4.93 inf=1.51 iv=0.00 n=0 d=15 sk=3 hf=95680 hm=79488 ht=283156 pf=0 pm=0 pt=0 ru=235868 rp=252060
19:01:08.937 @T t=150062 s=0.000 lv=-40.1 pk=-39.5 c0=3.9 c1=5.2 kw=5.02 inf=1.54 iv=0.00 n=0 d=15 sk=3 hf=95680 hm=79488 ht=283156 pf=0 pm=0 pt=0 ru=235868 rp=252060
19:01:08.937 @T t=150148 s=0.000 lv=-39.9 pk=-39.0 c0=4.2 c1=6.3 kw=6.16 inf=1.53 iv=0.00 n=0 d=15 sk=3 hf=95680 hm=79488 ht=283156 pf=0 pm=0 pt=0 ru=235868 rp=252060
19:01:08.937 @I ww=marvin cut=0.50 win=5 cool=1000 tick=100 wifi=1 srv=1 li=0 ln=0
19:01:08.937 @T t=150260 s=0.000 lv=-39.8 pk=-39.2 c0=3.7 c1=4.8 kw=4.71 inf=1.53 iv=0.00 n=0 d=15 sk=3 hf=95680 hm=79488 ht=283156 pf=0 pm=0 pt=0 ru=235868 rp=252060
19:01:08.937 @T t=150346 s=0.000 lv=-40.0 pk=-38.1 c0=3.8 c1=6.2 kw=6.07 inf=1.51 iv=0.00 n=0 d=15 sk=3 hf=95680 hm=79488 ht=283156 pf=0 pm=0 pt=0 ru=235868 rp=252060
19:01:08.937 @T t=150451 s=0.000 lv=-39.3 pk=-37.3 c0=3.0 c1=5.1 kw=4.93 inf=1.51 iv=0.00 n=0 d=15 sk=3 hf=95680 hm=79488 ht=283156 pf=0 pm=0 pt=0 ru=235868 rp=252060
19:01:08.937 @T t=150557 s=0.000 lv=-40.1 pk=-38.8 c0=3.0 c1=5.1 kw=4.94 inf=1.51 iv=0.00 n=0 d=15 sk=3 hf=95680 hm=79488 ht=283156 pf=0 pm=0 pt=0 ru=235868 rp=252060
19:01:08.937 @T t=150644 s=0.000 lv=-40.9 pk=-39.3 c0=3.7 c1=5.0 kw=4.88 inf=1.82 iv=0.00 n=0 d=15 sk=2 hf=95680 hm=79488 ht=283156 pf=0 pm=0 pt=0 ru=235868 rp=252060
19:01:08.937 @T t=150748 s=0.000 lv=-40.9 pk=-40.5 c0=3.0 c1=6.1 kw=5.98 inf=1.36 iv=0.00 n=0 d=15 sk=4 hf=95680 hm=79488 ht=283156 pf=0 pm=0 pt=0 ru=235868 rp=252060
19:01:08.937 I (151190) stream: server: {"type":"response","text":"Stop the music.","saved":"20260928_190104_200_e072a1d53274_marvin.wav"}
19:01:08.937 @T t=150855 s=0.000 lv=-41.0 pk=-40.4 c0=7.4 c1=5.6 kw=5.07 inf=1.55 iv=0.00 n=0 d=15 sk=3 hf=95680 hm=79488 ht=283156 pf=0 pm=0 pt=0 ru=235868 rp=252060
19:01:08.937 @T t=150961 s=0.000 lv=-39.4 pk=-37.5 c0=3.5 c1=5.1 kw=4.95 inf=1.51 iv=0.00 n=0 d=15 sk=3 hf=95680 hm=79488 ht=283156 pf=0 pm=0 pt=0 ru=235868 rp=252060
19:01:08.937 @T t=151046 s=0.000 lv=-39.8 pk=-38.3 c0=3.7 c1=6.2 kw=6.08 inf=1.51 iv=0.00 n=0 d=15 sk=3 hf=95680 hm=79488 ht=283156 pf=0 pm=0 pt=0 ru=235868 rp=252060
19:01:08.937 @T t=151153 s=0.000 lv=-40.7 pk=-40.2 c0=3.5 c1=5.2 kw=5.01 inf=1.53 iv=0.00 n=0 d=15 sk=3 hf=95680 hm=79488 ht=283156 pf=0 pm=0 pt=0 ru=235868 rp=252060
19:01:08.937 @I ww=marvin cut=0.50 win=5 cool=1000 tick=100 wifi=1 srv=1 li=0 ln=0
19:01:08.937 [status] up 151s | mic -35.8 dBFS (peak -21.4) | score max 0.53 | detections 15 | inferences 244 (24.4/s; model 1.32 ms each, paused in quiet 28%; features 1.44 ms per 30 ms) | CPU core0  8.0% core1  9.5% (wake word pipeline 8.88% of one core) | RAM used 230 KB (peak 246 KB, 93 KB free) | wifi OK, server OK | audio lost since boot: i2s 0 net 0
19:01:08.937 @T t=151247 s=0.000 lv=-39.3 pk=-37.1 c0=28.3 c1=5.8 kw=5.68 inf=1.54 iv=0.00 n=0 d=15 sk=3 hf=95680 hm=79488 ht=283156 pf=0 pm=0 pt=0 ru=235868 rp=252060
19:01:08.937 I (151634) wifi:[ADDBA]RX DELBA, reason:37, delete tid:0, initiator:1(originator)
19:01:08.937 @T t=151359 s=0.000 lv=-40.5 pk=-39.8 c0=11.3 c1=4.9 kw=4.74 inf=1.54 iv=0.00 n=0 d=15 sk=3 hf=95680 hm=79488 ht=283156 pf=0 pm=0 pt=0 ru=235868 rp=252060
19:01:08.937 @T t=151444 s=0.000 lv=-40.6 pk=-39.8 c0=4.0 c1=5.1 kw=5.06 inf=1.22 iv=0.00 n=0 d=15 sk=3 hf=95680 hm=79488 ht=283156 pf=0 pm=0 pt=0 ru=235868 rp=252060
19:01:08.937 @T t=151550 s=0.000 lv=-40.2 pk=-39.4 c0=3.0 c1=6.1 kw=5.76 inf=1.80 iv=0.00 n=0 d=15 sk=3 hf=95680 hm=79488 ht=283156 pf=0 pm=0 pt=0 ru=235868 rp=252060
19:01:08.937 @T t=151656 s=0.000 lv=-41.6 pk=-40.0 c0=3.0 c1=5.1 kw=4.93 inf=1.51 iv=0.00 n=0 d=15 sk=3 hf=95680 hm=79488 ht=283156 pf=0 pm=0 pt=0 ru=235868 rp=252060
19:01:08.937 @T t=151742 s=0.000 lv=-40.7 pk=-38.6 c0=3.7 c1=5.0 kw=4.86 inf=1.81 iv=0.00 n=0 d=15 sk=2 hf=95680 hm=79488 ht=283156 pf=0 pm=0 pt=0 ru=235868 rp=252060
19:01:08.937 @T t=151849 s=0.000 lv=-25.3 pk=-21.5 c0=5.7 c1=19.2 kw=17.66 inf=1.37 iv=1.00 n=12 d=15 sk=1 hf=95680 hm=79488 ht=283156 pf=0 pm=0 pt=0 ru=235868 rp=252060
19:01:08.937 @T t=151955 s=0.000 lv=-22.7 pk=-21.1 c0=6.2 c1=8.6 kw=8.44 inf=2.74 iv=1.12 n=3 d=15 sk=0 hf=95680 hm=79488 ht=283156 pf=0 pm=0 pt=0 ru=235868 rp=252060
19:01:11.235 @T t=152061 s=0.000 lv=-32.2 pk=-26.6 c0=3.3 c1=9.6 kw=9.39 inf=2.31 iv=1.12 n=4 d=15 sk=0 hf=95680 hm=79488 ht=283156 pf=0 pm=0 pt=0 ru=235868 rp=252060
19:01:11.235 @T t=152147 s=0.005 lv=-31.2 pk=-29.5 c0=4.3 c1=10.6 kw=10.72 inf=2.83 iv=1.21 n=3 d=15 sk=0 hf=95680 hm=79488 ht=283156 pf=0 pm=0 pt=0 ru=235868 rp=252060
19:01:11.235 @I ww=marvin cut=0.50 win=5 cool=1000 tick=100 wifi=1 srv=1 li=0 ln=0
19:01:11.235 @T t=152259 s=0.031 lv=-33.8 pk=-32.8 c0=4.4 c1=8.4 kw=8.03 inf=2.76 iv=1.17 n=3 d=15 sk=0 hf=95680 hm=79488 ht=283156 pf=0 pm=0 pt=0 ru=235868 rp=252060
19:01:11.235 @T t=152345 s=0.218 lv=-33.9 pk=-29.5 c0=4.2 c1=9.8 kw=9.72 inf=2.54 iv=1.23 n=3 d=15 sk=0 hf=95680 hm=79488 ht=283156 pf=0 pm=0 pt=0 ru=235868 rp=252060
19:01:11.235 I (152788) kws: >>> WAKE WORD "marvin" DETECTED  (score 0.61, t = 152.41 s)
19:01:11.235 I (152808) stream: first audio sent 18 ms after the detection
19:01:11.235 @T t=152454 s=0.615 lv=-40.2 pk=-39.7 c0=16.9 c1=13.5 kw=11.29 inf=2.89 iv=1.35 n=4 d=16 sk=0 hf=95680 hm=79488 ht=283156 pf=0 pm=0 pt=0 ru=235868 rp=252060
19:01:11.235 @T t=152560 s=0.780 lv=-41.5 pk=-40.7 c0=15.1 c1=12.0 kw=10.61 inf=3.50 iv=1.73 n=3 d=16 sk=0 hf=95680 hm=79488 ht=283156 pf=0 pm=0 pt=0 ru=235868 rp=252060
19:01:11.235 @T t=152651 s=0.959 lv=-40.8 pk=-40.1 c0=20.8 c1=15.8 kw=13.99 inf=2.99 iv=1.67 n=4 d=16 sk=0 hf=95680 hm=79488 ht=283156 pf=0 pm=0 pt=0 ru=235868 rp=252060
19:01:11.235 @T t=152757 s=0.919 lv=-35.6 pk=-32.5 c0=15.4 c1=12.5 kw=11.13 inf=3.68 iv=1.83 n=3 d=16 sk=0 hf=95680 hm=79488 ht=283156 pf=0 pm=0 pt=0 ru=235868 rp=252060
19:01:11.235 @T t=152844 s=0.871 lv=-36.0 pk=-33.9 c0=20.5 c1=12.9 kw=11.48 inf=3.12 iv=1.69 n=3 d=16 sk=0 hf=95680 hm=79488 ht=283156 pf=0 pm=0 pt=0 ru=235868 rp=252060
19:01:11.235 @T t=152953 s=0.613 lv=-37.2 pk=-36.2 c0=19.7 c1=14.0 kw=12.58 inf=3.19 iv=1.53 n=4 d=16 sk=0 hf=95680 hm=79488 ht=283156 pf=0 pm=0 pt=0 ru=235868 rp=252060
19:01:11.235 @T t=153059 s=0.169 lv=-35.5 pk=-34.3 c0=14.1 c1=11.7 kw=9.91 inf=3.25 iv=1.49 n=3 d=16 sk=0 hf=95680 hm=79488 ht=283156 pf=0 pm=0 pt=0 ru=235868 rp=252060
19:01:11.235 I (153509) wake_word: score event: peak 0.96 over 690 ms -> detected
19:01:11.235 @T t=153145 s=0.001 lv=-37.7 pk=-35.4 c0=15.4 c1=13.5 kw=12.17 inf=3.23 iv=1.44 n=3 d=16 sk=0 hf=95680 hm=79488 ht=283156 pf=0 pm=0 pt=0 ru=235868 rp=252060
19:01:11.235 @I ww=marvin cut=0.50 win=5 cool=1000 tick=100 wifi=1 srv=1 li=0 ln=0
19:01:11.235 @T t=153258 s=0.000 lv=-40.2 pk=-38.7 c0=16.9 c1=14.2 kw=12.47 inf=3.33 iv=1.69 n=4 d=16 sk=0 hf=95680 hm=79488 ht=283156 pf=0 pm=0 pt=0 ru=235868 rp=252060
19:01:11.235 @T t=153344 s=0.000 lv=-36.2 pk=-34.1 c0=15.1 c1=10.6 kw=9.17 inf=3.63 iv=1.54 n=2 d=16 sk=0 hf=95680 hm=79488 ht=283156 pf=0 pm=0 pt=0 ru=235868 rp=252060
19:01:11.235 @T t=153453 s=0.000 lv=-32.2 pk=-25.0 c0=16.8 c1=14.4 kw=12.67 inf=3.22 iv=1.60 n=4 d=16 sk=0 hf=95680 hm=79488 ht=283156 pf=0 pm=0 pt=0 ru=235868 rp=252060
19:01:11.235 @T t=153559 s=0.000 lv=-17.4 pk=-16.6 c0=15.1 c1=13.4 kw=12.01 inf=2.99 iv=1.63 n=4 d=16 sk=0 hf=95680 hm=79488 ht=283156 pf=0 pm=0 pt=0 ru=235868 rp=252060
19:01:11.235 @T t=153648 s=0.000 lv=-21.3 pk=-16.8 c0=17.8 c1=13.4 kw=12.43 inf=3.42 iv=1.58 n=3 d=16 sk=0 hf=93896 hm=79488 ht=283156 pf=0 pm=0 pt=0 ru=237652 rp=252060
19:01:11.235 @T t=153754 s=0.000 lv=-38.4 pk=-37.2 c0=14.9 c1=12.6 kw=10.35 inf=3.41 iv=1.64 n=3 d=16 sk=0 hf=95680 hm=79488 ht=283156 pf=0 pm=0 pt=0 ru=235868 rp=252060
19:01:11.235 @T t=153860 s=0.000 lv=-36.0 pk=-35.4 c0=17.7 c1=14.6 kw=13.45 inf=3.37 iv=1.93 n=4 d=16 sk=0 hf=95680 hm=79488 ht=283156 pf=0 pm=0 pt=0 ru=235868 rp=252060
19:01:11.235 @T t=153950 s=0.000 lv=-36.8 pk=-35.3 c0=17.0 c1=13.0 kw=11.92 inf=3.32 iv=1.50 n=3 d=16 sk=0 hf=95680 hm=79488 ht=283156 pf=0 pm=0 pt=0 ru=235868 rp=252060
19:01:11.235 @T t=154056 s=0.000 lv=-39.8 pk=-38.0 c0=13.9 c1=12.7 kw=10.06 inf=3.30 iv=1.52 n=3 d=16 sk=0 hf=95680 hm=79488 ht=283156 pf=0 pm=0 pt=0 ru=235868 rp=252060
19:01:11.235 @T t=154162 s=0.000 lv=-39.9 pk=-37.8 c0=14.7 c1=13.1 kw=11.42 inf=2.83 iv=1.49 n=4 d=16 sk=0 hf=95680 hm=79488 ht=283156 pf=0 pm=0 pt=0 ru=235868 rp=252060
19:01:11.235 @I ww=marvin cut=0.50 win=5 cool=1000 tick=100 wifi=1 srv=1 li=0 ln=0
19:01:11.235 @T t=154253 s=0.000 lv=-39.3 pk=-37.2 c0=17.6 c1=13.1 kw=11.38 inf=3.20 iv=1.44 n=3 d=16 sk=0 hf=95680 hm=79488 ht=283156 pf=0 pm=0 pt=0 ru=235868 rp=252060
19:01:11.235 I (154693) stream: stream finished (silence): 1900 ms of audio sent (29 KB)
19:01:13.635 @T t=154359 s=0.000 lv=-38.9 pk=-37.9 c0=13.2 c1=10.8 kw=9.69 inf=3.17 iv=1.45 n=3 d=16 sk=0 hf=95680 hm=79488 ht=283156 pf=0 pm=0 pt=0 ru=235868 rp=252060
19:01:13.635 @T t=154445 s=0.000 lv=-39.5 pk=-38.2 c0=4.3 c1=9.4 kw=9.34 inf=2.44 iv=1.15 n=3 d=16 sk=0 hf=95680 hm=79488 ht=283156 pf=0 pm=0 pt=0 ru=235868 rp=252060
19:01:13.635 @T t=154553 s=0.000 lv=-38.5 pk=-38.0 c0=3.7 c1=11.1 kw=10.83 inf=2.74 iv=1.25 n=4 d=16 sk=0 hf=95704 hm=79488 ht=283156 pf=0 pm=0 pt=0 ru=235844 rp=252060
19:01:13.636 @T t=154659 s=0.000 lv=-39.5 pk=-38.3 c0=3.5 c1=8.6 kw=8.44 inf=2.74 iv=1.15 n=3 d=16 sk=0 hf=95700 hm=79488 ht=283156 pf=0 pm=0 pt=0 ru=235848 rp=252060
19:01:13.636 @T t=154745 s=0.000 lv=-39.2 pk=-37.7 c0=4.2 c1=9.4 kw=9.35 inf=2.44 iv=1.15 n=3 d=16 sk=0 hf=95700 hm=79488 ht=283156 pf=0 pm=0 pt=0 ru=235848 rp=252060
19:01:13.636 @T t=154854 s=0.000 lv=-38.9 pk=-36.0 c0=3.8 c1=10.8 kw=10.55 inf=2.70 iv=1.21 n=4 d=16 sk=0 hf=95700 hm=79488 ht=283156 pf=0 pm=0 pt=0 ru=235848 rp=252060
19:01:13.636 @T t=154960 s=0.000 lv=-40.7 pk=-39.5 c0=3.6 c1=8.6 kw=8.48 inf=2.75 iv=1.16 n=3 d=16 sk=0 hf=95700 hm=79488 ht=283156 pf=0 pm=0 pt=0 ru=235848 rp=252060
19:01:13.636 @T t=155046 s=0.000 lv=-39.7 pk=-38.9 c0=4.2 c1=10.7 kw=9.45 inf=2.47 iv=1.17 n=3 d=16 sk=0 hf=95700 hm=79488 ht=283156 pf=0 pm=0 pt=0 ru=235848 rp=252060
19:01:13.636 @T t=155152 s=0.000 lv=-39.4 pk=-37.8 c0=3.5 c1=9.8 kw=10.42 inf=2.58 iv=1.15 n=4 d=16 sk=0 hf=95700 hm=79488 ht=283156 pf=0 pm=0 pt=0 ru=235848 rp=252060
19:01:13.636 @I ww=marvin cut=0.50 win=5 cool=1000 tick=100 wifi=1 srv=1 li=0 ln=0
19:01:13.636 @T t=155244 s=0.000 lv=-40.5 pk=-39.8 c0=4.8 c1=7.5 kw=7.35 inf=3.09 iv=1.19 n=2 d=16 sk=0 hf=95700 hm=79488 ht=283156 pf=0 pm=0 pt=0 ru=235848 rp=252060
19:01:13.636 @T t=155349 s=0.000 lv=-40.4 pk=-37.7 c0=3.3 c1=6.2 kw=6.02 inf=1.38 iv=0.00 n=0 d=16 sk=4 hf=95700 hm=79488 ht=283156 pf=0 pm=0 pt=0 ru=235848 rp=252060
19:01:13.636 @T t=155455 s=0.000 lv=-40.5 pk=-39.0 c0=3.0 c1=5.0 kw=4.92 inf=1.51 iv=0.00 n=0 d=16 sk=3 hf=95700 hm=79488 ht=283156 pf=0 pm=0 pt=0 ru=235848 rp=252060
19:01:13.636 @T t=155561 s=0.000 lv=-40.8 pk=-38.9 c0=3.0 c1=5.0 kw=4.90 inf=1.50 iv=0.00 n=0 d=16 sk=3 hf=95700 hm=79488 ht=283156 pf=0 pm=0 pt=0 ru=235848 rp=252060
19:01:13.636 @T t=155648 s=0.000 lv=-41.1 pk=-40.6 c0=4.2 c1=6.4 kw=6.14 inf=1.53 iv=0.00 n=0 d=16 sk=3 hf=95700 hm=79488 ht=283156 pf=0 pm=0 pt=0 ru=235848 rp=252060
19:01:13.636 @T t=155754 s=0.000 lv=-41.2 pk=-39.7 c0=3.2 c1=5.1 kw=4.95 inf=1.51 iv=0.00 n=0 d=16 sk=3 hf=95700 hm=79488 ht=283156 pf=0 pm=0 pt=0 ru=235848 rp=252060
19:01:13.636 @T t=155860 s=0.000 lv=-40.5 pk=-39.9 c0=6.3 c1=5.6 kw=5.11 inf=1.57 iv=0.00 n=0 d=16 sk=3 hf=95700 hm=79488 ht=283156 pf=0 pm=0 pt=0 ru=235848 rp=252060
19:01:13.636 @T t=155945 s=0.000 lv=-40.8 pk=-40.0 c0=4.3 c1=6.2 kw=6.08 inf=1.51 iv=0.00 n=0 d=16 sk=3 hf=95700 hm=79488 ht=283156 pf=0 pm=0 pt=0 ru=235848 rp=252060
19:01:13.636 @T t=156051 s=0.000 lv=-39.4 pk=-38.3 c0=3.0 c1=5.1 kw=4.93 inf=1.51 iv=0.00 n=0 d=16 sk=3 hf=95700 hm=79488 ht=283156 pf=0 pm=0 pt=0 ru=235848 rp=252060
19:01:13.636 I (156529) stream: server: {"type":"response","text":"Increase the volume.","saved":"20260928_190109_282_e072a1d53274_marvin.wav"}
19:01:13.636 @T t=156158 s=0.000 lv=-40.0 pk=-38.5 c0=7.5 c1=5.6 kw=5.34 inf=1.65 iv=0.00 n=0 d=16 sk=3 hf=95700 hm=79488 ht=283156 pf=0 pm=0 pt=0 ru=235848 rp=252060
19:01:13.636 @I ww=marvin cut=0.50 win=5 cool=1000 tick=100 wifi=1 srv=1 li=0 ln=0
19:01:13.636 I (156601) wifi:[ADDBA]RX DELBA, reason:37, delete tid:0, initiator:1(originator)
19:01:13.636 @T t=156251 s=0.000 lv=-40.1 pk=-38.6 c0=6.8 c1=6.0 kw=5.84 inf=1.57 iv=0.00 n=0 d=16 sk=3 hf=95700 hm=79488 ht=283156 pf=0 pm=0 pt=0 ru=235848 rp=252060
19:01:13.636 @T t=156357 s=0.000 lv=-40.4 pk=-38.8 c0=3.7 c1=5.2 kw=5.00 inf=1.53 iv=0.00 n=0 d=16 sk=3 hf=95700 hm=79488 ht=283156 pf=0 pm=0 pt=0 ru=235848 rp=252060
19:01:13.636 @T t=156442 s=0.000 lv=-40.2 pk=-39.5 c0=3.9 c1=5.1 kw=4.93 inf=1.84 iv=0.00 n=0 d=16 sk=2 hf=95700 hm=79488 ht=283156 pf=0 pm=0 pt=0 ru=235848 rp=252060
19:01:13.636 @T t=156547 s=0.000 lv=-39.5 pk=-38.4 c0=3.0 c1=6.1 kw=5.98 inf=1.36 iv=0.00 n=0 d=16 sk=4 hf=95700 hm=79488 ht=283156 pf=0 pm=0 pt=0 ru=235848 rp=252060
19:01:13.636 @T t=156653 s=0.000 lv=-40.5 pk=-39.3 c0=3.0 c1=5.0 kw=4.90 inf=1.50 iv=0.00 n=0 d=16 sk=3 hf=95700 hm=79488 ht=283156 pf=0 pm=0 pt=0 ru=235848 rp=252060
19:01:15.932 @T t=156760 s=0.000 lv=-40.1 pk=-38.9 c0=3.4 c1=5.1 kw=4.93 inf=1.51 iv=0.00 n=0 d=16 sk=3 hf=95700 hm=79488 ht=283156 pf=0 pm=0 pt=0 ru=235848 rp=252060
19:01:15.933 @T t=156846 s=0.000 lv=-39.1 pk=-37.7 c0=3.8 c1=6.4 kw=6.21 inf=1.55 iv=0.00 n=0 d=16 sk=3 hf=95700 hm=79488 ht=283156 pf=0 pm=0 pt=0 ru=235848 rp=252060
19:01:15.933 @T t=156952 s=0.000 lv=-40.8 pk=-40.0 c0=3.2 c1=5.1 kw=4.92 inf=1.51 iv=0.00 n=0 d=16 sk=3 hf=95700 hm=79488 ht=283156 pf=0 pm=0 pt=0 ru=235848 rp=252060
19:01:15.933 @T t=157057 s=0.000 lv=-40.6 pk=-38.5 c0=3.0 c1=5.1 kw=4.92 inf=1.51 iv=0.00 n=0 d=16 sk=3 hf=95700 hm=79488 ht=283156 pf=0 pm=0 pt=0 ru=235848 rp=252060
19:01:15.933 @T t=157144 s=0.000 lv=-39.8 pk=-39.4 c0=3.8 c1=5.0 kw=4.88 inf=1.82 iv=0.00 n=0 d=16 sk=2 hf=95700 hm=79488 ht=283156 pf=0 pm=0 pt=0 ru=235848 rp=252060
19:01:15.933 @I ww=marvin cut=0.50 win=5 cool=1000 tick=100 wifi=1 srv=1 li=0 ln=0
19:01:15.933 @T t=157256 s=0.000 lv=-38.3 pk=-37.2 c0=11.0 c1=5.9 kw=5.68 inf=1.38 iv=0.00 n=0 d=16 sk=4 hf=95700 hm=79488 ht=283156 pf=0 pm=0 pt=0 ru=235848 rp=252060
19:01:15.933 @T t=157362 s=0.000 lv=-29.8 pk=-23.7 c0=3.3 c1=15.3 kw=15.12 inf=1.18 iv=0.96 n=11 d=16 sk=2 hf=95700 hm=79488 ht=283156 pf=0 pm=0 pt=0 ru=235848 rp=252060
19:01:15.933 @T t=157448 s=0.000 lv=-21.8 pk=-21.0 c0=4.3 c1=10.5 kw=10.32 inf=2.72 iv=1.11 n=3 d=16 sk=0 hf=95700 hm=79488 ht=283156 pf=0 pm=0 pt=0 ru=235848 rp=252060
19:01:15.933 @T t=157554 s=0.000 lv=-26.5 pk=-23.7 c0=3.4 c1=8.5 kw=8.34 inf=2.71 iv=1.12 n=3 d=16 sk=0 hf=95700 hm=79488 ht=283156 pf=0 pm=0 pt=0 ru=235848 rp=252060
19:01:15.933 @T t=157660 s=0.021 lv=-33.8 pk=-29.8 c0=3.4 c1=9.8 kw=9.62 inf=2.37 iv=1.17 n=4 d=16 sk=0 hf=95700 hm=79488 ht=283156 pf=0 pm=0 pt=0 ru=235848 rp=252060
19:01:15.933 @T t=157746 s=0.029 lv=-31.5 pk=-29.2 c0=4.2 c1=9.5 kw=8.24 inf=2.12 iv=0.83 n=3 d=16 sk=0 hf=95700 hm=79488 ht=283156 pf=0 pm=0 pt=0 ru=235848 rp=252060
19:01:15.933 @T t=157852 s=0.245 lv=-32.9 pk=-29.3 c0=3.5 c1=10.0 kw=10.74 inf=3.55 iv=1.56 n=3 d=16 sk=0 hf=95700 hm=79488 ht=283156 pf=0 pm=0 pt=0 ru=235848 rp=252060
19:01:15.933 I (158269) kws: >>> WAKE WORD "marvin" DETECTED  (score 0.60, t = 157.89 s)
19:01:15.933 I (158289) stream: first audio sent 19 ms after the detection
19:01:15.933 @T t=157958 s=0.603 lv=-37.8 pk=-36.1 c0=14.7 c1=14.1 kw=11.57 inf=2.87 iv=1.54 n=4 d=17 sk=0 hf=95700 hm=79488 ht=283156 pf=0 pm=0 pt=0 ru=235848 rp=252060
19:01:15.933 @T t=158044 s=0.791 lv=-39.8 pk=-39.1 c0=15.7 c1=11.1 kw=9.73 inf=3.88 iv=1.75 n=2 d=17 sk=0 hf=95700 hm=79488 ht=283156 pf=0 pm=0 pt=0 ru=235848 rp=252060
19:01:15.933 @T t=158153 s=0.995 lv=-38.5 pk=-37.4 c0=16.6 c1=14.1 kw=12.92 inf=3.29 iv=1.67 n=4 d=17 sk=0 hf=95700 hm=79488 ht=283156 pf=0 pm=0 pt=0 ru=235848 rp=252060
19:01:15.933 @I ww=marvin cut=0.50 win=5 cool=1000 tick=100 wifi=1 srv=1 li=0 ln=0
19:01:15.933 @T t=158250 s=0.985 lv=-38.9 pk=-37.2 c0=21.5 c1=16.3 kw=13.69 inf=3.13 iv=1.79 n=4 d=17 sk=0 hf=95700 hm=79488 ht=283156 pf=0 pm=0 pt=0 ru=235848 rp=252060
19:01:15.933 @T t=158356 s=0.953 lv=-39.2 pk=-38.0 c0=14.8 c1=11.9 kw=10.50 inf=3.45 iv=1.69 n=3 d=17 sk=0 hf=95700 hm=79488 ht=283156 pf=0 pm=0 pt=0 ru=235848 rp=252060
19:01:15.933 @T t=158462 s=0.923 lv=-35.8 pk=-33.6 c0=15.4 c1=12.3 kw=10.80 inf=3.56 iv=1.78 n=3 d=17 sk=0 hf=95700 hm=79488 ht=283156 pf=0 pm=0 pt=0 ru=235848 rp=252060
19:01:15.933 I (158870) wifi:[ADDBA]RX DELBA, reason:37, delete tid:0, initiator:1(originator)
19:01:15.933 @T t=158551 s=0.775 lv=-21.4 pk=-16.2 c0=19.5 c1=15.9 kw=13.96 inf=2.92 iv=1.59 n=4 d=17 sk=0 hf=93916 hm=79488 ht=283156 pf=0 pm=0 pt=0 ru=237632 rp=252060
19:01:15.933 @T t=158658 s=0.080 lv=-17.1 pk=-14.8 c0=15.0 c1=11.7 kw=10.15 inf=3.36 iv=1.62 n=3 d=17 sk=0 hf=95700 hm=79488 ht=283156 pf=0 pm=0 pt=0 ru=235848 rp=252060
19:01:15.933 I (159088) wake_word: score event: peak 0.99 over 750 ms -> detected
19:01:15.933 @T t=158744 s=0.000 lv=-35.6 pk=-31.5 c0=16.8 c1=14.8 kw=13.35 inf=3.62 iv=1.81 n=3 d=17 sk=0 hf=95700 hm=79488 ht=283156 pf=0 pm=0 pt=0 ru=235848 rp=252060
19:01:15.933 @T t=158853 s=0.000 lv=-34.5 pk=-33.1 c0=19.8 c1=14.3 kw=12.48 inf=3.17 iv=1.56 n=4 d=17 sk=0 hf=95700 hm=79488 ht=283156 pf=0 pm=0 pt=0 ru=235848 rp=252060
19:01:15.933 @T t=158959 s=0.000 lv=-36.0 pk=-33.6 c0=17.9 c1=12.2 kw=10.82 inf=3.57 iv=1.73 n=3 d=17 sk=0 hf=95700 hm=79488 ht=283156 pf=0 pm=0 pt=0 ru=235848 rp=252060
19:01:18.137 @T t=159051 s=0.000 lv=-31.7 pk=-28.0 c0=17.0 c1=13.1 kw=11.93 inf=3.39 iv=1.61 n=3 d=17 sk=0 hf=90796 hm=79488 ht=283156 pf=0 pm=0 pt=0 ru=240752 rp=252060
19:01:18.137 @T t=159158 s=0.000 lv=-26.9 pk=-23.0 c0=18.7 c1=13.8 kw=11.90 inf=3.00 iv=1.63 n=4 d=17 sk=0 hf=95700 hm=79488 ht=283156 pf=0 pm=0 pt=0 ru=235848 rp=252060
19:01:18.137 @I ww=marvin cut=0.50 win=5 cool=1000 tick=100 wifi=1 srv=1 li=0 ln=0
19:01:18.137 @T t=159251 s=0.000 lv=-28.6 pk=-25.0 c0=19.4 c1=13.9 kw=12.32 inf=3.56 iv=1.72 n=3 d=17 sk=0 hf=95700 hm=79488 ht=283156 pf=0 pm=0 pt=0 ru=235848 rp=252060
19:01:18.137 @T t=159357 s=0.000 lv=-37.8 pk=-34.9 c0=17.8 c1=11.4 kw=10.11 inf=3.32 iv=1.57 n=3 d=17 sk=0 hf=95700 hm=79488 ht=283156 pf=0 pm=0 pt=0 ru=235848 rp=252060
19:01:18.137 @T t=159443 s=0.000 lv=-37.5 pk=-36.2 c0=19.2 c1=13.3 kw=11.88 inf=3.20 iv=1.70 n=3 d=17 sk=0 hf=95700 hm=79488 ht=283156 pf=0 pm=0 pt=0 ru=235848 rp=252060
19:01:18.137 @T t=159552 s=0.000 lv=-39.2 pk=-37.9 c0=16.7 c1=14.5 kw=12.88 inf=3.28 iv=1.66 n=4 d=17 sk=0 hf=95700 hm=79488 ht=283156 pf=0 pm=0 pt=0 ru=235848 rp=252060
19:01:18.137 @T t=159658 s=0.000 lv=-40.5 pk=-39.3 c0=14.4 c1=11.5 kw=10.15 inf=3.33 iv=1.58 n=3 d=17 sk=0 hf=95700 hm=79488 ht=283156 pf=0 pm=0 pt=0 ru=235848 rp=252060
19:01:18.137 @T t=159744 s=0.000 lv=-39.0 pk=-37.5 c0=19.2 c1=13.2 kw=11.83 inf=3.19 iv=1.71 n=3 d=17 sk=0 hf=95700 hm=79488 ht=283156 pf=0 pm=0 pt=0 ru=235848 rp=252060
19:01:18.137 @T t=159853 s=0.000 lv=-40.1 pk=-39.7 c0=20.2 c1=14.6 kw=12.95 inf=3.29 iv=1.65 n=4 d=17 sk=0 hf=95700 hm=79488 ht=283156 pf=0 pm=0 pt=0 ru=235848 rp=252060
19:01:18.137 I (160291) stream: stream finished (silence): 2020 ms of audio sent (31 KB)
19:01:18.137 @T t=159959 s=0.000 lv=-39.4 pk=-38.2 c0=13.8 c1=11.8 kw=10.27 inf=3.37 iv=1.61 n=3 d=17 sk=0 hf=95700 hm=79488 ht=283156 pf=0 pm=0 pt=0 ru=235848 rp=252060
19:01:18.137 @T t=160045 s=0.000 lv=-39.3 pk=-37.9 c0=4.3 c1=9.3 kw=9.21 inf=2.40 iv=1.12 n=3 d=17 sk=0 hf=95700 hm=79488 ht=283156 pf=0 pm=0 pt=0 ru=235848 rp=252060
19:01:18.137 @T t=160154 s=0.000 lv=-41.4 pk=-41.0 c0=9.3 c1=10.9 kw=10.59 inf=2.71 iv=1.23 n=4 d=17 sk=0 hf=95700 hm=79488 ht=283156 pf=0 pm=0 pt=0 ru=235848 rp=252060
19:01:18.137 @I ww=marvin cut=0.50 win=5 cool=1000 tick=100 wifi=1 srv=1 li=0 ln=0
19:01:18.137 @T t=160247 s=0.000 lv=-40.0 pk=-38.9 c0=9.6 c1=10.7 kw=10.48 inf=2.88 iv=1.26 n=3 d=17 sk=0 hf=95700 hm=79488 ht=283156 pf=0 pm=0 pt=0 ru=235848 rp=252060
19:01:18.137 @T t=160353 s=0.000 lv=-40.2 pk=-39.5 c0=7.3 c1=9.9 kw=9.72 inf=2.39 iv=1.18 n=4 d=17 sk=0 hf=95700 hm=79488 ht=283156 pf=0 pm=0 pt=0 ru=235848 rp=252060
19:01:18.137 @T t=160459 s=0.000 lv=-40.6 pk=-39.9 c0=3.4 c1=8.5 kw=8.33 inf=2.71 iv=1.13 n=3 d=17 sk=0 hf=95700 hm=79488 ht=283156 pf=0 pm=0 pt=0 ru=235848 rp=252060
19:01:18.137 @T t=160545 s=0.000 lv=-40.3 pk=-38.0 c0=4.1 c1=9.3 kw=9.22 inf=2.40 iv=1.12 n=3 d=17 sk=0 hf=95700 hm=79488 ht=283156 pf=0 pm=0 pt=0 ru=235848 rp=252060
19:01:18.137 @T t=160651 s=0.000 lv=-39.9 pk=-38.8 c0=3.5 c1=10.6 kw=10.37 inf=2.57 iv=1.10 n=4 d=17 sk=0 hf=95700 hm=79488 ht=283156 pf=0 pm=0 pt=0 ru=235848 rp=252060
19:01:18.137 @T t=160757 s=0.000 lv=-39.0 pk=-38.0 c0=3.4 c1=8.5 kw=8.32 inf=2.70 iv=1.12 n=3 d=17 sk=0 hf=95700 hm=79488 ht=283156 pf=0 pm=0 pt=0 ru=235848 rp=252060
19:01:18.137 @T t=160843 s=0.000 lv=-39.7 pk=-38.1 c0=4.1 c1=8.1 kw=7.88 inf=3.10 iv=1.19 n=2 d=17 sk=0 hf=95700 hm=79488 ht=283156 pf=0 pm=0 pt=0 ru=235848 rp=252060
19:01:18.137 @T t=160949 s=0.000 lv=-39.2 pk=-37.5 c0=3.4 c1=6.1 kw=5.96 inf=1.37 iv=0.00 n=0 d=17 sk=4 hf=95700 hm=79488 ht=283156 pf=0 pm=0 pt=0 ru=235848 rp=252060
19:01:18.137 @T t=161055 s=0.000 lv=-39.5 pk=-38.2 c0=3.1 c1=5.0 kw=4.89 inf=1.51 iv=0.00 n=0 d=17 sk=3 hf=95700 hm=79488 ht=283156 pf=0 pm=0 pt=0 ru=235848 rp=252060
19:01:18.137 @T t=161162 s=0.000 lv=-38.6 pk=-37.0 c0=3.1 c1=5.1 kw=4.94 inf=1.51 iv=0.00 n=0 d=17 sk=3 hf=95700 hm=79488 ht=283156 pf=0 pm=0 pt=0 ru=235848 rp=252060
19:01:18.137 @I ww=marvin cut=0.50 win=5 cool=1000 tick=100 wifi=1 srv=1 li=0 ln=0
19:01:18.137 [status] up 161s | mic -30.5 dBFS (peak -14.8) | score max 0.99 | detections 17 | inferences 250 (25.0/s; model 1.40 ms each, paused in quiet 27%; features 1.47 ms per 30 ms) | CPU core0  9.8% core1 10.0% (wake word pipeline 9.24% of one core) | RAM used 230 KB (peak 246 KB, 93 KB free) | wifi OK, server OK | audio lost since boot: i2s 0 net 0
19:01:20.634 @T t=161256 s=0.000 lv=-38.9 pk=-37.3 c0=17.8 c1=6.0 kw=5.76 inf=1.56 iv=0.00 n=0 d=17 sk=3 hf=95700 hm=79488 ht=283156 pf=0 pm=0 pt=0 ru=235848 rp=252060
19:01:20.634 @T t=161361 s=0.000 lv=-40.4 pk=-39.6 c0=3.6 c1=5.2 kw=5.04 inf=1.53 iv=0.00 n=0 d=17 sk=3 hf=95700 hm=79488 ht=283156 pf=0 pm=0 pt=0 ru=235848 rp=252060
19:01:20.634 @T t=161446 s=0.000 lv=-41.2 pk=-40.4 c0=3.9 c1=6.2 kw=6.11 inf=1.52 iv=0.00 n=0 d=17 sk=3 hf=95700 hm=79488 ht=283156 pf=0 pm=0 pt=0 ru=235848 rp=252060
19:01:20.634 @T t=161552 s=0.000 lv=-40.2 pk=-38.4 c0=3.0 c1=5.1 kw=4.92 inf=1.51 iv=0.00 n=0 d=17 sk=3 hf=95700 hm=79488 ht=283156 pf=0 pm=0 pt=0 ru=235848 rp=252060
19:01:20.634 @T t=161658 s=0.000 lv=-38.3 pk=-35.9 c0=3.0 c1=5.1 kw=4.95 inf=1.52 iv=0.00 n=0 d=17 sk=3 hf=95700 hm=79488 ht=283156 pf=0 pm=0 pt=0 ru=235848 rp=252060
19:01:20.634 @T t=161744 s=0.000 lv=-39.7 pk=-38.9 c0=3.7 c1=5.1 kw=5.05 inf=1.83 iv=0.00 n=0 d=17 sk=2 hf=95700 hm=79488 ht=283156 pf=0 pm=0 pt=0 ru=235848 rp=252060
19:01:20.634 I (162153) stream: server: {"type":"response","text":"Tell me a joke.","saved":"20260928_190114_760_e072a1d53274_marvin.wav"}
19:01:20.635 @T t=161853 s=0.000 lv=-38.9 pk=-36.8 c0=7.2 c1=6.5 kw=5.95 inf=1.43 iv=0.00 n=0 d=17 sk=4 hf=95700 hm=79488 ht=283156 pf=0 pm=0 pt=0 ru=235848 rp=252060
19:01:20.635 @T t=161959 s=0.000 lv=-39.8 pk=-39.1 c0=3.5 c1=5.1 kw=5.00 inf=1.53 iv=0.00 n=0 d=17 sk=3 hf=95700 hm=79488 ht=283156 pf=0 pm=0 pt=0 ru=235848 rp=252060
19:01:20.635 @T t=162044 s=0.000 lv=-39.5 pk=-38.6 c0=3.7 c1=5.1 kw=5.07 inf=1.83 iv=0.00 n=0 d=17 sk=2 hf=95700 hm=79488 ht=283156 pf=0 pm=0 pt=0 ru=235848 rp=252060
19:01:20.635 @T t=162151 s=0.000 lv=-39.7 pk=-38.4 c0=3.1 c1=6.2 kw=5.92 inf=1.39 iv=0.00 n=0 d=17 sk=4 hf=95700 hm=79488 ht=283156 pf=0 pm=0 pt=0 ru=235848 rp=252060
19:01:20.635 @I ww=marvin cut=0.50 win=5 cool=1000 tick=100 wifi=1 srv=1 li=0 ln=0
19:01:20.635 @T t=162242 s=0.000 lv=-41.1 pk=-40.8 c0=4.4 c1=4.7 kw=4.55 inf=1.82 iv=0.00 n=0 d=17 sk=2 hf=95700 hm=79488 ht=283156 pf=0 pm=0 pt=0 ru=235848 rp=252060
19:01:20.635 @T t=162349 s=0.000 lv=-40.9 pk=-39.4 c0=3.1 c1=6.1 kw=5.91 inf=1.36 iv=0.00 n=0 d=17 sk=4 hf=95700 hm=79488 ht=283156 pf=0 pm=0 pt=0 ru=235848 rp=252060
19:01:20.635 @T t=162455 s=0.000 lv=-40.7 pk=-39.9 c0=3.4 c1=5.1 kw=4.96 inf=1.52 iv=0.00 n=0 d=17 sk=3 hf=95700 hm=79488 ht=283156 pf=0 pm=0 pt=0 ru=235848 rp=252060
19:01:20.635 @T t=162560 s=0.000 lv=-40.7 pk=-39.6 c0=3.2 c1=5.1 kw=4.97 inf=1.52 iv=0.00 n=0 d=17 sk=3 hf=95700 hm=79488 ht=283156 pf=0 pm=0 pt=0 ru=235848 rp=252060
19:01:20.635 @T t=162647 s=0.000 lv=-40.9 pk=-40.1 c0=3.7 c1=6.3 kw=6.08 inf=1.51 iv=0.00 n=0 d=17 sk=3 hf=95700 hm=79488 ht=283156 pf=0 pm=0 pt=0 ru=235848 rp=252060
19:01:20.635 @T t=162752 s=0.000 lv=-40.1 pk=-39.4 c0=6.3 c1=5.1 kw=4.91 inf=1.50 iv=0.00 n=0 d=17 sk=3 hf=95700 hm=79488 ht=283156 pf=0 pm=0 pt=0 ru=235848 rp=252060
19:01:20.635 @T t=162859 s=0.000 lv=-38.5 pk=-37.5 c0=6.8 c1=5.6 kw=5.08 inf=1.55 iv=0.00 n=0 d=17 sk=3 hf=95700 hm=79488 ht=283156 pf=0 pm=0 pt=0 ru=235848 rp=252060
19:01:20.635 @T t=162945 s=0.000 lv=-40.6 pk=-39.7 c0=4.3 c1=5.1 kw=5.12 inf=1.23 iv=0.00 n=0 d=17 sk=3 hf=95700 hm=79488 ht=283156 pf=0 pm=0 pt=0 ru=235848 rp=252060
19:01:20.635 @T t=163050 s=0.000 lv=-40.9 pk=-39.4 c0=3.0 c1=6.1 kw=5.75 inf=1.80 iv=0.00 n=0 d=17 sk=3 hf=95700 hm=79488 ht=283156 pf=0 pm=0 pt=0 ru=235848 rp=252060
19:01:20.635 @T t=163157 s=0.000 lv=-40.1 pk=-39.6 c0=3.1 c1=5.1 kw=4.97 inf=1.52 iv=0.00 n=0 d=17 sk=3 hf=95700 hm=79488 ht=283156 pf=0 pm=0 pt=0 ru=235848 rp=252060
19:01:20.635 @I ww=marvin cut=0.50 win=5 cool=1000 tick=100 wifi=1 srv=1 li=0 ln=0
19:01:20.635 @T t=163248 s=0.000 lv=-39.9 pk=-38.5 c0=4.4 c1=5.9 kw=5.71 inf=1.52 iv=0.00 n=0 d=17 sk=3 hf=95700 hm=79488 ht=283156 pf=0 pm=0 pt=0 ru=235848 rp=252060
19:01:20.635 @T t=163355 s=0.000 lv=-40.7 pk=-39.7 c0=3.1 c1=5.1 kw=4.93 inf=1.51 iv=0.00 n=0 d=17 sk=3 hf=95700 hm=79488 ht=283156 pf=0 pm=0 pt=0 ru=235848 rp=252060
19:01:20.635 @T t=163460 s=0.000 lv=-40.2 pk=-39.5 c0=6.3 c1=5.1 kw=4.94 inf=1.51 iv=0.00 n=0 d=17 sk=3 hf=95700 hm=79488 ht=283156 pf=0 pm=0 pt=0 ru=235848 rp=252060
19:01:20.635 @T t=163547 s=0.000 lv=-40.0 pk=-39.1 c0=4.1 c1=6.3 kw=6.12 inf=1.52 iv=0.00 n=0 d=17 sk=3 hf=95700 hm=79488 ht=283156 pf=0 pm=0 pt=0 ru=235848 rp=252060
19:01:20.635 @T t=163653 s=0.000 lv=-39.7 pk=-38.2 c0=3.3 c1=5.1 kw=4.98 inf=1.53 iv=0.00 n=0 d=17 sk=3 hf=95700 hm=79488 ht=283156 pf=0 pm=0 pt=0 ru=235848 rp=252060
19:01:23.128 @T t=163758 s=0.000 lv=-40.0 pk=-39.2 c0=3.0 c1=5.1 kw=4.96 inf=1.52 iv=0.00 n=0 d=17 sk=3 hf=95700 hm=79488 ht=283156 pf=0 pm=0 pt=0 ru=235848 rp=252060
19:01:23.128 @T t=163845 s=0.000 lv=-40.7 pk=-40.2 c0=4.4 c1=5.2 kw=5.07 inf=1.22 iv=0.00 n=0 d=17 sk=3 hf=95700 hm=79488 ht=283156 pf=0 pm=0 pt=0 ru=235848 rp=252060
19:01:23.128 @T t=163950 s=0.000 lv=-40.0 pk=-38.8 c0=3.3 c1=6.2 kw=5.82 inf=1.82 iv=0.00 n=0 d=17 sk=3 hf=95700 hm=79488 ht=283156 pf=0 pm=0 pt=0 ru=235848 rp=252060
19:01:23.128 @T t=164056 s=0.000 lv=-39.7 pk=-38.1 c0=3.0 c1=5.1 kw=4.95 inf=1.52 iv=0.00 n=0 d=17 sk=3 hf=95700 hm=79488 ht=283156 pf=0 pm=0 pt=0 ru=235848 rp=252060
19:01:23.128 @T t=164143 s=0.000 lv=-40.4 pk=-38.7 c0=3.8 c1=5.0 kw=4.89 inf=1.82 iv=0.00 n=0 d=17 sk=2 hf=95700 hm=79488 ht=283156 pf=0 pm=0 pt=0 ru=235848 rp=252060
19:01:23.128 @I ww=marvin cut=0.50 win=5 cool=1000 tick=100 wifi=1 srv=1 li=0 ln=0
19:01:23.128 @T t=164255 s=0.000 lv=-40.3 pk=-39.3 c0=3.7 c1=5.8 kw=5.63 inf=1.37 iv=0.00 n=0 d=17 sk=4 hf=95700 hm=79488 ht=283156 pf=0 pm=0 pt=0 ru=235848 rp=252060
19:01:23.128 @T t=164361 s=0.000 lv=-40.2 pk=-38.6 c0=3.1 c1=5.1 kw=4.93 inf=1.51 iv=0.00 n=0 d=17 sk=3 hf=95700 hm=79488 ht=283156 pf=0 pm=0 pt=0 ru=235848 rp=252060
19:01:23.128 @T t=164446 s=0.000 lv=-40.9 pk=-40.1 c0=3.7 c1=6.3 kw=6.12 inf=1.52 iv=0.00 n=0 d=17 sk=3 hf=95700 hm=79488 ht=283156 pf=0 pm=0 pt=0 ru=235848 rp=252060
19:01:23.128 @T t=164552 s=0.000 lv=-40.3 pk=-38.4 c0=3.0 c1=5.1 kw=4.95 inf=1.52 iv=0.00 n=0 d=17 sk=3 hf=95700 hm=79488 ht=283156 pf=0 pm=0 pt=0 ru=235848 rp=252060
19:01:23.128 @T t=164659 s=0.000 lv=-40.7 pk=-40.2 c0=3.4 c1=5.1 kw=4.96 inf=1.52 iv=0.00 n=0 d=17 sk=3 hf=95700 hm=79488 ht=283156 pf=0 pm=0 pt=0 ru=235848 rp=252060
19:01:23.128 @T t=164744 s=0.000 lv=-39.3 pk=-38.5 c0=3.9 c1=5.1 kw=5.12 inf=1.85 iv=0.00 n=0 d=17 sk=2 hf=95700 hm=79488 ht=283156 pf=0 pm=0 pt=0 ru=235848 rp=252060
19:01:23.128 @T t=164851 s=0.000 lv=-41.0 pk=-39.9 c0=6.8 c1=6.7 kw=5.97 inf=1.40 iv=0.00 n=0 d=17 sk=4 hf=95700 hm=79488 ht=283156 pf=0 pm=0 pt=0 ru=235848 rp=252060
19:01:23.128 @T t=164956 s=0.000 lv=-40.9 pk=-39.7 c0=3.4 c1=5.1 kw=4.98 inf=1.52 iv=0.00 n=0 d=17 sk=3 hf=95700 hm=79488 ht=283156 pf=0 pm=0 pt=0 ru=235848 rp=252060
19:01:23.128 @T t=165042 s=0.000 lv=-41.7 pk=-40.2 c0=3.6 c1=5.0 kw=4.87 inf=1.81 iv=0.00 n=0 d=17 sk=2 hf=95700 hm=79488 ht=283156 pf=0 pm=0 pt=0 ru=235848 rp=252060
19:01:23.128 @T t=165149 s=0.000 lv=-40.0 pk=-38.8 c0=3.1 c1=6.1 kw=5.91 inf=1.36 iv=0.00 n=0 d=17 sk=4 hf=95700 hm=79488 ht=283156 pf=0 pm=0 pt=0 ru=235848 rp=252060
19:01:23.128 @I ww=marvin cut=0.50 win=5 cool=1000 tick=100 wifi=1 srv=1 li=0 ln=0
19:01:23.128 @T t=165261 s=0.000 lv=-40.4 pk=-39.2 c0=3.6 c1=4.8 kw=4.69 inf=1.52 iv=0.00 n=0 d=17 sk=3 hf=95700 hm=79488 ht=283156 pf=0 pm=0 pt=0 ru=235848 rp=252060
19:01:23.128 @T t=165346 s=0.000 lv=-39.7 pk=-38.7 c0=3.7 c1=6.3 kw=6.10 inf=1.52 iv=0.00 n=0 d=17 sk=3 hf=95700 hm=79488 ht=283156 pf=0 pm=0 pt=0 ru=235848 rp=252060
19:01:23.128 @T t=165453 s=0.000 lv=-41.3 pk=-39.8 c0=3.0 c1=5.1 kw=4.94 inf=1.52 iv=0.00 n=0 d=17 sk=3 hf=95700 hm=79488 ht=283156 pf=0 pm=0 pt=0 ru=235848 rp=252060
19:01:23.128 @T t=165558 s=0.000 lv=-41.2 pk=-40.2 c0=3.1 c1=5.1 kw=4.91 inf=1.51 iv=0.00 n=0 d=17 sk=3 hf=95700 hm=79488 ht=283156 pf=0 pm=0 pt=0 ru=235848 rp=252060
19:01:23.128 @T t=165644 s=0.000 lv=-40.2 pk=-38.7 c0=3.7 c1=5.1 kw=5.04 inf=1.21 iv=0.00 n=0 d=17 sk=3 hf=95700 hm=79488 ht=283156 pf=0 pm=0 pt=0 ru=235848 rp=252060
19:01:23.128 @T t=165750 s=0.000 lv=-40.5 pk=-39.9 c0=3.0 c1=6.1 kw=5.78 inf=1.81 iv=0.00 n=0 d=17 sk=3 hf=95700 hm=79488 ht=283156 pf=0 pm=0 pt=0 ru=235848 rp=252060
19:01:23.128 @T t=165857 s=0.000 lv=-39.0 pk=-37.3 c0=3.9 c1=5.2 kw=4.99 inf=1.53 iv=0.00 n=0 d=17 sk=3 hf=95700 hm=79488 ht=283156 pf=0 pm=0 pt=0 ru=235848 rp=252060
19:01:23.128 @T t=165943 s=0.000 lv=-39.4 pk=-38.2 c0=4.2 c1=5.1 kw=4.97 inf=1.85 iv=0.00 n=0 d=17 sk=2 hf=95700 hm=79488 ht=283156 pf=0 pm=0 pt=0 ru=235848 rp=252060
19:01:23.128 @T t=166048 s=0.000 lv=-39.2 pk=-36.9 c0=3.0 c1=6.1 kw=5.91 inf=1.36 iv=0.00 n=0 d=17 sk=4 hf=95700 hm=79488 ht=283156 pf=0 pm=0 pt=0 ru=235848 rp=252060
19:01:23.128 @T t=166155 s=0.000 lv=-40.0 pk=-38.9 c0=3.1 c1=5.1 kw=4.94 inf=1.51 iv=0.00 n=0 d=17 sk=3 hf=95700 hm=79488 ht=283156 pf=0 pm=0 pt=0 ru=235848 rp=252060
19:01:23.128 @I ww=marvin cut=0.50 win=5 cool=1000 tick=100 wifi=1 srv=1 li=0 ln=0
19:01:25.632 @T t=166246 s=0.000 lv=-40.0 pk=-39.1 c0=13.3 c1=5.9 kw=5.71 inf=1.52 iv=0.00 n=0 d=17 sk=3 hf=95700 hm=79488 ht=283156 pf=0 pm=0 pt=0 ru=235848 rp=252060
19:01:25.632 @T t=166353 s=0.000 lv=-40.1 pk=-39.5 c0=3.1 c1=5.1 kw=4.95 inf=1.52 iv=0.00 n=0 d=17 sk=3 hf=95700 hm=79488 ht=283156 pf=0 pm=0 pt=0 ru=235848 rp=252060
19:01:25.632 @T t=166458 s=0.000 lv=-39.7 pk=-38.7 c0=6.3 c1=5.1 kw=4.94 inf=1.52 iv=0.00 n=0 d=17 sk=3 hf=95700 hm=79488 ht=283156 pf=0 pm=0 pt=0 ru=235848 rp=252060
19:01:25.632 @T t=166544 s=0.000 lv=-40.0 pk=-38.7 c0=3.7 c1=5.1 kw=5.04 inf=1.21 iv=0.00 n=0 d=17 sk=3 hf=95700 hm=79488 ht=283156 pf=0 pm=0 pt=0 ru=235848 rp=252060
19:01:25.632 @T t=166650 s=0.000 lv=-40.1 pk=-39.6 c0=3.0 c1=6.1 kw=5.77 inf=1.81 iv=0.00 n=0 d=17 sk=3 hf=95700 hm=79488 ht=283156 pf=0 pm=0 pt=0 ru=235848 rp=252060
19:01:25.632 @T t=166756 s=0.000 lv=-40.3 pk=-39.5 c0=3.0 c1=5.1 kw=4.93 inf=1.51 iv=0.00 n=0 d=17 sk=3 hf=95700 hm=79488 ht=283156 pf=0 pm=0 pt=0 ru=235848 rp=252060
19:01:25.632 @T t=166843 s=0.000 lv=-40.2 pk=-39.4 c0=8.2 c1=5.7 kw=5.05 inf=1.88 iv=0.00 n=0 d=17 sk=2 hf=95700 hm=79488 ht=283156 pf=0 pm=0 pt=0 ru=235848 rp=252060
19:01:25.632 @T t=166949 s=0.000 lv=-40.4 pk=-39.7 c0=3.8 c1=6.2 kw=6.03 inf=1.39 iv=0.00 n=0 d=17 sk=4 hf=95700 hm=79488 ht=283156 pf=0 pm=0 pt=0 ru=235848 rp=252060
19:01:25.632 @T t=167054 s=0.000 lv=-41.4 pk=-39.7 c0=3.2 c1=5.1 kw=4.95 inf=1.51 iv=0.00 n=0 d=17 sk=3 hf=95700 hm=79488 ht=283156 pf=0 pm=0 pt=0 ru=235848 rp=252060
19:01:25.632 @T t=167161 s=0.000 lv=-40.9 pk=-40.5 c0=3.1 c1=5.1 kw=4.95 inf=1.52 iv=0.00 n=0 d=17 sk=3 hf=95700 hm=79488 ht=283156 pf=0 pm=0 pt=0 ru=235848 rp=252060
19:01:25.632 @I ww=marvin cut=0.50 win=5 cool=1000 tick=100 wifi=1 srv=1 li=0 ln=0
19:01:25.632 @T t=167253 s=0.000 lv=-40.3 pk=-39.4 c0=4.5 c1=5.9 kw=5.75 inf=1.53 iv=0.00 n=0 d=17 sk=3 hf=95700 hm=79488 ht=283156 pf=0 pm=0 pt=0 ru=235848 rp=252060
19:01:25.632 @T t=167359 s=0.000 lv=-39.4 pk=-37.8 c0=3.1 c1=5.1 kw=4.94 inf=1.52 iv=0.00 n=0 d=17 sk=3 hf=95700 hm=79488 ht=283156 pf=0 pm=0 pt=0 ru=235848 rp=252060
19:01:25.632 @T t=167444 s=0.000 lv=-40.1 pk=-39.4 c0=3.8 c1=5.1 kw=5.07 inf=1.22 iv=0.00 n=0 d=17 sk=3 hf=95700 hm=79488 ht=283156 pf=0 pm=0 pt=0 ru=235848 rp=252060
19:01:25.632 @T t=167550 s=0.000 lv=-40.8 pk=-40.2 c0=3.0 c1=6.1 kw=5.78 inf=1.81 iv=0.00 n=0 d=17 sk=3 hf=95700 hm=79488 ht=283156 pf=0 pm=0 pt=0 ru=235848 rp=252060
19:01:25.632 @T t=167656 s=0.000 lv=-40.4 pk=-39.5 c0=3.0 c1=5.1 kw=4.92 inf=1.51 iv=0.00 n=0 d=17 sk=3 hf=95700 hm=79488 ht=283156 pf=0 pm=0 pt=0 ru=235848 rp=252060
19:01:25.632 @T t=167742 s=0.000 lv=-39.9 pk=-39.0 c0=3.7 c1=5.0 kw=4.88 inf=1.82 iv=0.00 n=0 d=17 sk=2 hf=95700 hm=79488 ht=283156 pf=0 pm=0 pt=0 ru=235848 rp=252060
19:01:25.632 @T t=167849 s=0.000 lv=-40.2 pk=-38.9 c0=3.5 c1=6.2 kw=5.98 inf=1.38 iv=0.00 n=0 d=17 sk=4 hf=95700 hm=79488 ht=283156 pf=0 pm=0 pt=0 ru=235848 rp=252060
19:01:25.632 @T t=167955 s=0.000 lv=-40.8 pk=-39.7 c0=3.4 c1=5.1 kw=4.97 inf=1.52 iv=0.00 n=0 d=17 sk=3 hf=95700 hm=79488 ht=283156 pf=0 pm=0 pt=0 ru=235848 rp=252060
19:01:25.632 @T t=168061 s=0.000 lv=-39.8 pk=-38.5 c0=3.4 c1=5.1 kw=4.99 inf=1.53 iv=0.00 n=0 d=17 sk=3 hf=95700 hm=79488 ht=283156 pf=0 pm=0 pt=0 ru=235848 rp=252060
19:01:25.632 @T t=168147 s=0.000 lv=-40.0 pk=-39.2 c0=4.1 c1=6.3 kw=6.14 inf=1.53 iv=0.00 n=0 d=17 sk=3 hf=95700 hm=79488 ht=283156 pf=0 pm=0 pt=0 ru=235848 rp=252060
19:01:25.632 @I ww=marvin cut=0.50 win=5 cool=1000 tick=100 wifi=1 srv=1 li=0 ln=0
19:01:25.632 @T t=168258 s=0.000 lv=-39.1 pk=-37.5 c0=3.7 c1=4.8 kw=4.72 inf=1.53 iv=0.00 n=0 d=17 sk=3 hf=95700 hm=79488 ht=283156 pf=0 pm=0 pt=0 ru=235848 rp=252060
19:01:25.632 @T t=168345 s=0.000 lv=-39.9 pk=-37.7 c0=3.8 c1=5.1 kw=5.06 inf=1.22 iv=0.00 n=0 d=17 sk=3 hf=95700 hm=79488 ht=283156 pf=0 pm=0 pt=0 ru=235848 rp=252060
19:01:25.633 @T t=168450 s=0.000 lv=-39.5 pk=-37.5 c0=3.0 c1=6.1 kw=5.90 inf=1.85 iv=0.00 n=0 d=17 sk=3 hf=95700 hm=79488 ht=283156 pf=0 pm=0 pt=0 ru=235848 rp=252060
19:01:25.633 @T t=168556 s=0.000 lv=-39.8 pk=-38.2 c0=3.0 c1=5.1 kw=4.93 inf=1.51 iv=0.00 n=0 d=17 sk=3 hf=95700 hm=79488 ht=283156 pf=0 pm=0 pt=0 ru=235848 rp=252060
19:01:25.633 @T t=168642 s=0.000 lv=-40.7 pk=-38.3 c0=3.7 c1=5.0 kw=4.86 inf=1.81 iv=0.00 n=0 d=17 sk=2 hf=95700 hm=79488 ht=283156 pf=0 pm=0 pt=0 ru=235848 rp=252060
19:01:28.111 @T t=168748 s=0.000 lv=-40.6 pk=-39.3 c0=3.0 c1=6.1 kw=5.90 inf=1.36 iv=0.00 n=0 d=17 sk=4 hf=95700 hm=79488 ht=283156 pf=0 pm=0 pt=0 ru=235848 rp=252060
19:01:28.111 @T t=168855 s=0.000 lv=-40.2 pk=-39.7 c0=6.7 c1=5.6 kw=5.08 inf=1.56 iv=0.00 n=0 d=17 sk=3 hf=95700 hm=79488 ht=283156 pf=0 pm=0 pt=0 ru=235848 rp=252060
19:01:28.111 @T t=168960 s=0.000 lv=-40.5 pk=-39.8 c0=3.4 c1=5.1 kw=5.00 inf=1.53 iv=0.00 n=0 d=17 sk=3 hf=95700 hm=79488 ht=283156 pf=0 pm=0 pt=0 ru=235848 rp=252060
19:01:28.111 @T t=169046 s=0.000 lv=-40.4 pk=-39.7 c0=3.7 c1=6.3 kw=6.08 inf=1.51 iv=0.00 n=0 d=17 sk=3 hf=95700 hm=79488 ht=283156 pf=0 pm=0 pt=0 ru=235848 rp=252060
19:01:28.111 @T t=169153 s=0.000 lv=-40.3 pk=-38.8 c0=3.5 c1=5.1 kw=4.94 inf=1.51 iv=0.00 n=0 d=17 sk=3 hf=95700 hm=79488 ht=283156 pf=0 pm=0 pt=0 ru=235848 rp=252060
19:01:28.111 @I ww=marvin cut=0.50 win=5 cool=1000 tick=100 wifi=1 srv=1 li=0 ln=0
19:01:28.111 @T t=169245 s=0.000 lv=-38.9 pk=-35.0 c0=4.6 c1=16.6 kw=16.47 inf=1.31 iv=0.96 n=11 d=17 sk=0 hf=95700 hm=79488 ht=283156 pf=0 pm=0 pt=0 ru=235848 rp=252060
19:01:28.111 @T t=169353 s=0.000 lv=-41.0 pk=-39.5 c0=3.4 c1=10.6 kw=10.40 inf=2.63 iv=1.20 n=4 d=17 sk=0 hf=95700 hm=79488 ht=283156 pf=0 pm=0 pt=0 ru=235848 rp=252060
19:01:28.111 @T t=169459 s=0.000 lv=-40.5 pk=-39.3 c0=3.4 c1=9.4 kw=9.23 inf=2.27 iv=1.08 n=4 d=17 sk=0 hf=95700 hm=79488 ht=283156 pf=0 pm=0 pt=0 ru=235848 rp=252060
19:01:28.111 @T t=169545 s=0.000 lv=-39.9 pk=-38.6 c0=4.0 c1=8.1 kw=8.01 inf=3.09 iv=1.17 n=2 d=17 sk=0 hf=95700 hm=79488 ht=283156 pf=0 pm=0 pt=0 ru=235848 rp=252060
19:01:28.111 @T t=169653 s=0.000 lv=-37.1 pk=-33.0 c0=3.2 c1=10.5 kw=10.28 inf=2.60 iv=1.17 n=4 d=17 sk=0 hf=95700 hm=79488 ht=283156 pf=0 pm=0 pt=0 ru=235848 rp=252060
19:01:28.111 @T t=169762 s=0.000 lv=-38.9 pk=-37.5 c0=3.1 c1=9.2 kw=8.98 inf=2.27 iv=1.08 n=4 d=17 sk=0 hf=95700 hm=79488 ht=283156 pf=0 pm=0 pt=0 ru=235848 rp=252060
19:01:28.111 @T t=169848 s=0.000 lv=-39.7 pk=-37.8 c0=4.7 c1=10.8 kw=10.60 inf=2.80 iv=1.18 n=3 d=17 sk=0 hf=95700 hm=79488 ht=283156 pf=0 pm=0 pt=0 ru=235848 rp=252060
19:01:28.111 @T t=169954 s=0.000 lv=-40.2 pk=-39.7 c0=3.5 c1=8.8 kw=8.58 inf=2.79 iv=1.18 n=3 d=17 sk=0 hf=95700 hm=79488 ht=283156 pf=0 pm=0 pt=0 ru=235848 rp=252060
19:01:28.111 @T t=170060 s=0.000 lv=-38.8 pk=-37.0 c0=3.4 c1=9.6 kw=9.38 inf=2.31 iv=1.11 n=4 d=17 sk=0 hf=95700 hm=79488 ht=283156 pf=0 pm=0 pt=0 ru=235848 rp=252060
19:01:28.111 @T t=170146 s=0.000 lv=-40.2 pk=-39.6 c0=4.4 c1=9.5 kw=8.16 inf=3.15 iv=1.22 n=2 d=17 sk=0 hf=95700 hm=79488 ht=283156 pf=0 pm=0 pt=0 ru=235848 rp=252060
19:01:28.111 @I ww=marvin cut=0.50 win=5 cool=1000 tick=100 wifi=1 srv=1 li=0 ln=0
19:01:28.111 @T t=170257 s=0.000 lv=-39.3 pk=-38.5 c0=4.0 c1=9.6 kw=10.24 inf=2.66 iv=1.16 n=4 d=17 sk=0 hf=95700 hm=79488 ht=283156 pf=0 pm=0 pt=0 ru=235848 rp=252060
19:01:28.111 @T t=170343 s=0.000 lv=-40.3 pk=-39.6 c0=4.8 c1=10.0 kw=9.73 inf=2.59 iv=1.27 n=3 d=17 sk=0 hf=95700 hm=79488 ht=283156 pf=0 pm=0 pt=0 ru=235848 rp=252060
19:01:28.111 @T t=170449 s=0.000 lv=-35.9 pk=-31.4 c0=3.5 c1=11.0 kw=10.75 inf=2.63 iv=1.18 n=4 d=17 sk=0 hf=95700 hm=79488 ht=283156 pf=0 pm=0 pt=0 ru=235848 rp=252060
19:01:28.111 @T t=170555 s=0.000 lv=-32.2 pk=-26.7 c0=3.4 c1=8.8 kw=8.59 inf=2.80 iv=1.20 n=3 d=17 sk=0 hf=95700 hm=79488 ht=283156 pf=0 pm=0 pt=0 ru=235848 rp=252060
19:01:28.111 @T t=170661 s=0.002 lv=-39.6 pk=-38.6 c0=3.4 c1=9.8 kw=9.62 inf=2.37 iv=1.17 n=4 d=17 sk=0 hf=95700 hm=79488 ht=283156 pf=0 pm=0 pt=0 ru=235848 rp=252060
19:01:28.111 @T t=170747 s=0.003 lv=-40.1 pk=-38.9 c0=4.2 c1=10.6 kw=10.50 inf=2.77 iv=1.17 n=3 d=17 sk=0 hf=95700 hm=79488 ht=283156 pf=0 pm=0 pt=0 ru=235848 rp=252060
19:01:28.111 @T t=170853 s=0.002 lv=-40.2 pk=-39.2 c0=7.4 c1=10.5 kw=10.19 inf=3.34 iv=1.65 n=3 d=17 sk=0 hf=95700 hm=79488 ht=283156 pf=0 pm=0 pt=0 ru=235848 rp=252060
19:01:28.111 @T t=170959 s=0.003 lv=-39.8 pk=-38.7 c0=3.6 c1=9.8 kw=9.67 inf=2.38 iv=1.17 n=4 d=17 sk=0 hf=95700 hm=79488 ht=283156 pf=0 pm=0 pt=0 ru=235848 rp=252060
19:01:28.111 @T t=171045 s=0.004 lv=-40.4 pk=-39.3 c0=4.2 c1=8.4 kw=8.30 inf=3.21 iv=1.28 n=2 d=17 sk=0 hf=95700 hm=79488 ht=283156 pf=0 pm=0 pt=0 ru=235848 rp=252060
19:01:28.111 @T t=171153 s=0.002 lv=-40.4 pk=-38.8 c0=3.4 c1=11.1 kw=10.84 inf=2.74 iv=1.29 n=4 d=17 sk=0 hf=95700 hm=79488 ht=283156 pf=0 pm=0 pt=0 ru=235848 rp=252060
19:01:28.111 @I ww=marvin cut=0.50 win=5 cool=1000 tick=100 wifi=1 srv=1 li=0 ln=0
19:01:30.524 [status] up 171s | mic -39.8 dBFS (peak -26.7) | score max 0.00 | detections 17 | inferences 75 (7.5/s; model 1.17 ms each, paused in quiet 76%; features 1.47 ms per 30 ms) | CPU core0  4.1% core1  6.4% (wake word pipeline 6.20% of one core) | RAM used 230 KB (peak 246 KB, 93 KB free) | wifi OK, server OK | audio lost since boot: i2s 0 net 0
19:01:30.525 @T t=171270 s=0.000 lv=-39.8 pk=-38.2 c0=7.9 c1=10.2 kw=10.04 inf=2.72 iv=1.25 n=4 d=17 sk=0 hf=95700 hm=79488 ht=283156 pf=0 pm=0 pt=0 ru=235848 rp=252060
19:01:30.525 @T t=171356 s=0.000 lv=-40.2 pk=-39.8 c0=7.9 c1=9.8 kw=9.58 inf=2.55 iv=1.23 n=3 d=17 sk=0 hf=95700 hm=79488 ht=283156 pf=0 pm=0 pt=0 ru=235848 rp=252060
19:01:30.525 @T t=171462 s=0.000 lv=-38.3 pk=-35.5 c0=3.8 c1=9.1 kw=8.91 inf=2.90 iv=1.27 n=3 d=17 sk=0 hf=95700 hm=79488 ht=283156 pf=0 pm=0 pt=0 ru=235848 rp=252060
19:01:30.525 @T t=171549 s=0.000 lv=-39.0 pk=-37.0 c0=4.7 c1=12.3 kw=12.00 inf=2.42 iv=1.19 n=4 d=17 sk=0 hf=95700 hm=79488 ht=283156 pf=0 pm=0 pt=0 ru=235848 rp=252060
19:01:30.525 @T t=171655 s=0.000 lv=-40.9 pk=-40.0 c0=3.5 c1=8.5 kw=8.35 inf=2.71 iv=1.13 n=3 d=17 sk=0 hf=95700 hm=79488 ht=283156 pf=0 pm=0 pt=0 ru=235848 rp=252060
19:01:30.525 @T t=171761 s=0.000 lv=-39.9 pk=-38.5 c0=3.7 c1=8.9 kw=8.75 inf=2.85 iv=1.23 n=3 d=17 sk=0 hf=95700 hm=79488 ht=283156 pf=0 pm=0 pt=0 ru=235848 rp=252060
19:01:30.525 @T t=171848 s=0.000 lv=-40.2 pk=-39.0 c0=5.4 c1=12.4 kw=12.15 inf=2.45 iv=1.21 n=4 d=17 sk=0 hf=95700 hm=79488 ht=283156 pf=0 pm=0 pt=0 ru=235848 rp=252060
19:01:30.525 @T t=171954 s=0.000 lv=-41.3 pk=-40.7 c0=6.2 c1=8.5 kw=8.38 inf=2.72 iv=1.13 n=3 d=17 sk=0 hf=95700 hm=79488 ht=283156 pf=0 pm=0 pt=0 ru=235848 rp=252060
19:01:30.525 @T t=172060 s=0.000 lv=-39.3 pk=-38.0 c0=3.7 c1=8.9 kw=8.72 inf=2.83 iv=1.22 n=3 d=17 sk=0 hf=95700 hm=79488 ht=283156 pf=0 pm=0 pt=0 ru=235848 rp=252060
19:01:30.525 @T t=172147 s=0.000 lv=-39.2 pk=-37.9 c0=4.9 c1=8.1 kw=7.90 inf=2.05 iv=1.36 n=1 d=17 sk=2 hf=95700 hm=79488 ht=283156 pf=0 pm=0 pt=0 ru=235848 rp=252060
19:01:30.526 @I ww=marvin cut=0.50 win=5 cool=1000 tick=100 wifi=1 srv=1 li=0 ln=0
19:01:30.526 @T t=172258 s=0.000 lv=-40.6 pk=-39.9 c0=3.9 c1=4.8 kw=4.70 inf=1.52 iv=0.00 n=0 d=17 sk=3 hf=95700 hm=79488 ht=283156 pf=0 pm=0 pt=0 ru=235848 rp=252060
19:01:30.526 @T t=172345 s=0.000 lv=-38.3 pk=-36.8 c0=4.2 c1=5.2 kw=5.13 inf=1.23 iv=0.00 n=0 d=17 sk=3 hf=95700 hm=79488 ht=283156 pf=0 pm=0 pt=0 ru=235848 rp=252060
19:01:30.526 @T t=172451 s=0.000 lv=-40.3 pk=-38.2 c0=3.5 c1=6.2 kw=5.97 inf=1.88 iv=0.00 n=0 d=17 sk=3 hf=95700 hm=79488 ht=283156 pf=0 pm=0 pt=0 ru=235848 rp=252060
19:01:30.526 @T t=172556 s=0.000 lv=-40.9 pk=-39.4 c0=3.1 c1=5.1 kw=4.94 inf=1.51 iv=0.00 n=0 d=17 sk=3 hf=95700 hm=79488 ht=283156 pf=0 pm=0 pt=0 ru=235848 rp=252060
19:01:30.526 @T t=172643 s=0.000 lv=-41.2 pk=-39.9 c0=4.1 c1=5.0 kw=4.86 inf=1.81 iv=0.00 n=0 d=17 sk=2 hf=95700 hm=79488 ht=283156 pf=0 pm=0 pt=0 ru=235848 rp=252060
19:01:30.526 @T t=172749 s=0.000 lv=-40.6 pk=-39.8 c0=3.4 c1=6.2 kw=6.03 inf=1.39 iv=0.00 n=0 d=17 sk=4 hf=95700 hm=79488 ht=283156 pf=0 pm=0 pt=0 ru=235848 rp=252060
19:01:30.526 @T t=172855 s=0.000 lv=-40.2 pk=-39.3 c0=7.2 c1=5.8 kw=5.24 inf=1.60 iv=0.00 n=0 d=17 sk=3 hf=95700 hm=79488 ht=283156 pf=0 pm=0 pt=0 ru=235848 rp=252060
19:01:30.526 @T t=172960 s=0.000 lv=-39.8 pk=-38.2 c0=3.5 c1=5.1 kw=4.96 inf=1.52 iv=0.00 n=0 d=17 sk=3 hf=95700 hm=79488 ht=283156 pf=0 pm=0 pt=0 ru=235848 rp=252060
19:01:30.526 @T t=173046 s=0.000 lv=-40.2 pk=-39.4 c0=3.7 c1=6.3 kw=6.08 inf=1.51 iv=0.00 n=0 d=17 sk=3 hf=95700 hm=79488 ht=283156 pf=0 pm=0 pt=0 ru=235848 rp=252060
19:01:30.526 @T t=173153 s=0.000 lv=-41.1 pk=-39.8 c0=4.1 c1=5.2 kw=5.02 inf=1.53 iv=0.00 n=0 d=17 sk=3 hf=95700 hm=79488 ht=283156 pf=0 pm=0 pt=0 ru=235848 rp=252060
19:01:30.526 @I ww=marvin cut=0.50 win=5 cool=1000 tick=100 wifi=1 srv=1 li=0 ln=0
19:01:30.526 @T t=173245 s=0.000 lv=-29.1 pk=-24.1 c0=4.8 c1=16.5 kw=16.43 inf=1.20 iv=0.96 n=11 d=17 sk=1 hf=95700 hm=79488 ht=283156 pf=0 pm=0 pt=0 ru=235848 rp=252060
19:01:30.526 @T t=173352 s=0.000 lv=-25.8 pk=-22.6 c0=3.9 c1=10.7 kw=10.40 inf=2.60 iv=1.11 n=4 d=17 sk=0 hf=95700 hm=79488 ht=283156 pf=0 pm=0 pt=0 ru=235848 rp=252060
19:01:30.526 @T t=173458 s=0.000 lv=-40.1 pk=-37.8 c0=3.8 c1=8.7 kw=8.55 inf=2.78 iv=1.20 n=3 d=17 sk=0 hf=95700 hm=79488 ht=283156 pf=0 pm=0 pt=0 ru=235848 rp=252060
19:01:30.526 @T t=173544 s=0.000 lv=-40.3 pk=-39.7 c0=4.1 c1=9.4 kw=9.23 inf=2.45 iv=1.17 n=3 d=17 sk=0 hf=95700 hm=79488 ht=283156 pf=0 pm=0 pt=0 ru=235848 rp=252060
