19:01:34.118 ESP-ROM:esp32s3-20210327
19:01:34.118 Build:Mar 27 2021
19:01:34.118 rst:0x1 (POWERON),boot:0x8 (SPI_FAST_FLASH_BOOT)
19:01:34.118 SPIWP:0xee
19:01:34.118 mode:DIO, clock div:1
19:01:34.118 load:0x3fce2820,len:0x1668
19:01:34.118 load:0x403c8700,len:0xec0
19:01:34.118 load:0x403cb700,len:0x3178
19:01:34.118 entry 0x403c894c
19:01:34.118 I (24) boot: ESP-IDF v5.5.5 2nd stage bootloader
19:01:34.118 I (25) boot: compile time Sep 27 2026 18:23:27
19:01:34.119 I (25) boot: Multicore bootloader
19:01:34.119 I (25) boot: chip revision: v0.2
19:01:34.119 I (28) boot: efuse block revision: v1.4
19:01:34.119 I (31) qio_mode: Enabling default flash chip QIO
19:01:34.122 I (36) boot.esp32s3: Boot SPI Speed : 80MHz
19:01:34.122 I (40) boot.esp32s3: SPI Mode       : QIO
19:01:34.122 I (43) boot.esp32s3: SPI Flash Size : 4MB
19:01:34.122 I (47) boot: Enabling RNG early entropy source...
19:01:34.122 I (52) boot: Partition Table:
19:01:34.122 I (54) boot: ## Label            Usage          Type ST Offset   Length
19:01:34.122 I (60) boot:  0 nvs              WiFi data        01 02 00009000 00006000
19:01:34.122 I (67) boot:  1 phy_init         RF data          01 01 0000f000 00001000
19:01:34.122 I (73) boot:  2 factory          factory app      00 00 00010000 00177000
19:01:34.122 I (80) boot: End of partition table
19:01:34.122 I (83) esp_image: segment 0: paddr=00010020 vaddr=3c0e0020 size=36f20h (225056) map
19:01:34.122 I (126) esp_image: segment 1: paddr=00046f48 vaddr=3fc9ff00 size=050cch ( 20684) load
19:01:34.122 I (130) esp_image: segment 2: paddr=0004c01c vaddr=40378000 size=03ffch ( 16380) load
19:01:34.122 I (133) esp_image: segment 3: paddr=00050020 vaddr=42000020 size=dc154h (901460) map
19:01:34.122 I (276) esp_image: segment 4: paddr=0012c17c vaddr=4037bffc size=13e00h ( 81408) load
19:01:34.122 I (293) esp_image: segment 5: paddr=0013ff84 vaddr=50000000 size=00020h (    32) load
19:01:34.122 I (302) boot: Loaded app from partition at offset 0x10000
19:01:34.123 I (303) boot: Disabling RNG early entropy source...
19:01:34.123 I (313) cpu_start: Multicore app
19:01:34.123 I (321) cpu_start: GPIO 44 and 43 are used as console UART I/O pins
19:01:34.123 I (321) cpu_start: Pro cpu start user code
19:01:34.123 I (322) cpu_start: cpu freq: 240000000 Hz
19:01:34.123 I (323) app_init: Application information:
19:01:34.123 I (327) app_init: Project name:     kws_s3
19:01:34.123 I (331) app_init: App version:      89b0143-dirty
19:01:34.123 I (335) app_init: Compile time:     Sep 28 2026 18:32:34
19:01:34.123 I (340) app_init: ELF file SHA256:  b7bc9bc11...
19:01:34.123 I (345) app_init: ESP-IDF:          v5.5.5
19:01:34.123 I (349) efuse_init: Min chip rev:     v0.0
19:01:34.123 I (352) efuse_init: Max chip rev:     v0.99
19:01:34.123 I (356) efuse_init: Chip rev:         v0.2
19:01:34.123 I (360) heap_init: Initializing. RAM available for dynamic allocation:
19:01:34.123 I (367) heap_init: At 3FCABC08 len 0003DB08 (246 KiB): RAM
19:01:34.123 I (372) heap_init: At 3FCE9710 len 00005724 (21 KiB): RAM
19:01:34.123 I (377) heap_init: At 600FE000 len 00001FE8 (7 KiB): RTCRAM
19:01:34.123 I (383) spi_flash: detected chip: boya
19:01:34.123 I (386) spi_flash: flash io: qio
19:01:34.123 W (389) spi_flash: Detected size(16384k) larger than the size in the binary image header(4096k). Using the size in the binary image header.
19:01:34.123 I (401) sleep_gpio: Configure to isolate all GPIO pins in sleep state
19:01:34.123 I (407) sleep_gpio: Enable automatic switching of GPIO sleep configuration
19:01:34.123 I (414) main_task: Started on CPU0
19:01:34.124 I (432) main_task: Calling app_main()
19:01:34.124 
19:01:34.124 ==================== SIH KWS firmware ====================
19:01:34.124  chip      : esp32s3 rev v0.2, 2 cores, flash 4 MB
19:01:34.124  ESP-IDF   : v5.5.5
19:01:34.124  RAM       : 47 KB static data, 247 KB heap free (code in IRAM: 95 KB, not counted)
19:01:34.124  model     : marvin.tflite (60896 bytes, stored in flash)
19:01:34.124 ===========================================================
19:01:34.124 
19:01:34.124 [heap] start of app_main            253816 B free (of 283156 B)
19:01:34.124 [heap] NVS                          took   2940 B, 250876 B free
19:01:34.124 I (497) kws: model ready: wake word "marvin", threshold 0.50 (json), window 5, input 3x40 int8
19:01:34.124 I (498) kws: model RAM: tensor arena 25580 of 30000 bytes used; engine total 41 KB of heap
19:01:34.356 
19:01:34.356 ------------------------ SELF-TEST ------------------------
19:01:34.356  noise only (3 s)   : PASS - stayed quiet  (highest score 0.01, threshold 0.50)
19:01:34.356  wake word recording: skipped - no WAV file in the model folder (optional)
19:01:34.356 -----------------------------------------------------------
19:01:34.356 
19:01:34.356 [heap] model + features + self-test took  42848 B, 208028 B free
19:01:34.356 I (746) audio: I2S running: 16 kHz, 32-bit slots, both channels, SCK=16 WS=15 SD=17, gain x1
19:01:35.963 I (1248) kws: microphones: left (L/R to GND) -22.8 dBFS, right (L/R to 3V3) -20.4 dBFS, similarity -0.07 -> using both (average)
19:01:35.963 [heap] I2S + ring + audio task      took  53620 B, 154408 B free
19:01:35.963 I (1260) kws: listening for "marvin" ...
19:01:35.963 I (1261) pp: pp rom version: e7ae62f
19:01:35.963 I (1266) net80211: net80211 rom version: e7ae62f
19:01:35.963 I (1272) wifi:wifi driver task: 3fcca738, prio:23, stack:6656, core=0
19:01:35.963 I (1283) wifi:wifi firmware version: b9f67df
19:01:35.963 I (1284) wifi:wifi certification version: v7.0
19:01:35.963 I (1285) wifi:config NVS flash: enabled
19:01:35.963 I (1288) wifi:config nano formatting: disabled
19:01:35.963 I (1289) wifi:Init data frame dynamic rx buffer num: 16
19:01:35.963 I (1295) wifi:Init static rx mgmt buffer num: 5
19:01:35.963 I (1300) wifi:Init management short buffer num: 32
19:01:35.963 I (1305) wifi:Init dynamic tx buffer num: 16
19:01:35.963 I (1311) wifi:Init static tx FG buffer num: 2
19:01:35.963 I (1311) wifi:Init static rx buffer size: 1600
19:01:35.963 I (1317) wifi:Init static rx buffer num: 6
19:01:35.963 I (1322) wifi:Init dynamic rx buffer num: 16
19:01:35.963 I (1328) wifi_init: accept mbox: 6
19:01:35.963 I (1328) wifi_init: tcpip mbox: 32
19:01:35.963 I (1333) wifi_init: udp mbox: 6
19:01:35.963 I (1333) wifi_init: tcp mbox: 6
19:01:35.963 I (1338) wifi_init: tcp tx win: 5760
19:01:35.963 I (1339) wifi_init: tcp rx win: 5760
19:01:35.963 I (1344) wifi_init: tcp mss: 1440
19:01:35.963 I (1344) wifi_init: WiFi IRAM OP enabled
19:01:35.963 I (1350) wifi_init: WiFi RX IRAM OP enabled
19:01:35.963 I (1356) phy_init: phy_version 712,87e8c20e,Apr 13 2026,18:51:10
19:01:35.963 I (1393) wifi:mode : sta (e0:72:a1:d5:32:74)
19:01:35.963 I (1394) wifi:enable tsf
19:01:35.963 I (1396) wifi:Set ps type: 0, coexist: 0
19:01:35.963 
19:01:35.963 I (1399) wifi: connecting to "ARYA 9252" ...
19:01:35.963 [heap] Wi-Fi driver + netif         took  42684 B, 111724 B free
19:01:35.964 I (1451) wifi:state: init -> auth (0xb0)
19:01:35.964 W (1455) stream: cannot reach the server ws://192.168.137.1:3000/ws (is it running? same network?) - retrying every second
19:01:35.964 I (1457) wifi:state: auth -> assoc (0x0)
19:01:35.964 [heap] WebSocket client + streamer  took  13904 B,  97820 B free
19:01:35.964 I (1469) wifi:state: assoc -> run (0x10)
19:01:35.964 I (1495) wifi:connected with ARYA 9252, aid = 6, channel 1, BW20, bssid = 9a:5f:41:45:73:c9
19:01:35.964 I (1497) wifi:security: WPA2-PSK, phy: bgn, rssi: -11, cipher(pairwise:0x3, group:0x3), pmf:0
19:01:35.964 I (1506) wifi:pm start, type: 0
19:01:35.964 
19:01:35.964 I (1506) wifi:dp: 1, bi: 102400, li: 3, scale listen interval from 307200 us to 307200 us
19:01:35.964 I (1517) wifi:set rx beacon pti, rx_bcn_pti: 0, bcn_timeout: 25000, mt_pti: 0, mt_time: 10000
19:01:35.964 I (1532) wifi:AP's beacon interval = 102400 us, DTIM period = 3
19:01:35.964 @T t=1190 s=0.015 lv=-40.0 pk=-39.0 c0=-1.0 c1=-1.0 kw=33.72 inf=3.13 iv=1.53 n=10 d=0 sk=0 hf=97092 hm=94420 ht=283156 pf=0 pm=0 pt=0 ru=234456 rp=237128
19:01:35.964 @I ww=marvin cut=0.50 win=5 cool=1000 tick=100 wifi=0 srv=0 li=0 ln=0
19:01:35.964 @T t=1305 s=0.004 lv=-39.7 pk=-38.8 c0=3.8 c1=8.3 kw=8.19 inf=2.85 iv=1.22 n=3 d=0 sk=0 hf=97092 hm=94420 ht=283156 pf=0 pm=0 pt=0 ru=234456 rp=237128
19:01:35.964 @T t=1393 s=0.001 lv=-40.0 pk=-38.7 c0=4.0 c1=11.2 kw=10.88 inf=3.00 iv=1.29 n=3 d=0 sk=0 hf=97092 hm=94420 ht=283156 pf=0 pm=0 pt=0 ru=234456 rp=237128
19:01:35.964 @T t=1499 s=0.001 lv=-39.6 pk=-38.6 c0=6.7 c1=9.8 kw=9.62 inf=2.37 iv=1.16 n=4 d=0 sk=0 hf=97092 hm=94420 ht=283156 pf=0 pm=0 pt=0 ru=234456 rp=237128
19:01:35.964 @T t=1605 s=0.000 lv=-40.7 pk=-39.0 c0=3.5 c1=8.9 kw=8.80 inf=2.82 iv=1.20 n=3 d=0 sk=0 hf=97092 hm=94420 ht=283156 pf=0 pm=0 pt=0 ru=234456 rp=237128
19:01:35.964 @T t=1693 s=0.000 lv=-38.4 pk=-37.6 c0=4.7 c1=11.2 kw=10.94 inf=3.01 iv=1.30 n=3 d=0 sk=0 hf=97124 hm=94420 ht=283156 pf=0 pm=0 pt=0 ru=234424 rp=237128
19:01:35.964 @T t=1799 s=0.002 lv=-40.6 pk=-38.8 c0=3.5 c1=9.9 kw=9.70 inf=2.39 iv=1.17 n=4 d=0 sk=0 hf=97124 hm=94420 ht=283156 pf=0 pm=0 pt=0 ru=234424 rp=237128
19:01:35.964 @T t=1905 s=0.002 lv=-40.5 pk=-39.0 c0=4.2 c1=9.3 kw=9.18 inf=2.95 iv=1.32 n=3 d=0 sk=0 hf=97128 hm=94420 ht=283156 pf=0 pm=0 pt=0 ru=234420 rp=237128
19:01:35.964 @T t=1994 s=0.002 lv=-39.8 pk=-38.8 c0=4.2 c1=11.1 kw=10.79 inf=3.01 iv=1.30 n=3 d=0 sk=0 hf=97128 hm=94420 ht=283156 pf=0 pm=0 pt=0 ru=234420 rp=237128
19:01:35.964 @T t=2100 s=0.008 lv=-40.1 pk=-39.0 c0=7.3 c1=11.2 kw=10.21 inf=2.52 iv=1.29 n=4 d=0 sk=0 hf=97128 hm=94420 ht=283156 pf=0 pm=0 pt=0 ru=234420 rp=237128
19:01:35.964 I (2557) esp_netif_handlers: sta ip: 192.168.137.145, mask: 255.255.255.0, gw: 192.168.137.1
19:01:38.382 I (2560) wifi: connected, IP address 192.168.137.145
19:01:38.382 @T t=2209 s=0.006 lv=-40.0 pk=-38.1 c0=5.4 c1=10.9 kw=10.67 inf=2.69 iv=1.23 n=4 d=0 sk=0 hf=97148 hm=94420 ht=283156 pf=0 pm=0 pt=0 ru=234400 rp=237128
19:01:38.382 @I ww=marvin cut=0.50 win=5 cool=1000 tick=100 wifi=1 srv=0 li=0 ln=0
19:01:38.382 @T t=2300 s=0.005 lv=-39.8 pk=-38.7 c0=5.3 c1=7.9 kw=7.70 inf=3.21 iv=1.22 n=2 d=0 sk=0 hf=97148 hm=94420 ht=283156 pf=0 pm=0 pt=0 ru=234400 rp=237128
19:01:38.382 @T t=2406 s=0.004 lv=-40.1 pk=-39.3 c0=6.7 c1=11.0 kw=10.83 inf=2.65 iv=1.21 n=4 d=0 sk=0 hf=97148 hm=94420 ht=283156 pf=0 pm=0 pt=0 ru=234400 rp=237128
19:01:38.382 @T t=2492 s=0.000 lv=-39.2 pk=-38.0 c0=4.2 c1=9.7 kw=9.40 inf=2.50 iv=1.20 n=3 d=0 sk=0 hf=97148 hm=94420 ht=283156 pf=0 pm=0 pt=0 ru=234400 rp=237128
19:01:38.382 @T t=2598 s=0.000 lv=-39.5 pk=-37.6 c0=3.3 c1=5.1 kw=4.95 inf=1.52 iv=0.00 n=0 d=0 sk=3 hf=97148 hm=94420 ht=283156 pf=0 pm=0 pt=0 ru=234400 rp=237128
19:01:38.382 @T t=2704 s=0.000 lv=-39.2 pk=-38.5 c0=6.3 c1=5.1 kw=4.96 inf=1.52 iv=0.00 n=0 d=0 sk=3 hf=97148 hm=94420 ht=283156 pf=0 pm=0 pt=0 ru=234400 rp=237128
19:01:38.382 @T t=2790 s=0.000 lv=-39.8 pk=-38.6 c0=7.6 c1=6.3 kw=6.11 inf=1.52 iv=0.00 n=0 d=0 sk=3 hf=97148 hm=94420 ht=283156 pf=0 pm=0 pt=0 ru=234400 rp=237128
19:01:38.382 @T t=2896 s=0.000 lv=-39.9 pk=-39.6 c0=6.8 c1=5.2 kw=4.97 inf=1.52 iv=0.00 n=0 d=0 sk=3 hf=97144 hm=94420 ht=283156 pf=0 pm=0 pt=0 ru=234404 rp=237128
19:01:38.382 @T t=3002 s=0.000 lv=-38.1 pk=-36.6 c0=3.2 c1=5.1 kw=4.96 inf=1.52 iv=0.00 n=0 d=0 sk=3 hf=97144 hm=94420 ht=283156 pf=0 pm=0 pt=0 ru=234404 rp=237128
19:01:38.382 I (3479) stream: connected to the server ws://192.168.137.1:3000/ws
19:01:38.382 @T t=3108 s=0.000 lv=-39.3 pk=-37.6 c0=12.2 c1=9.2 kw=6.44 inf=1.48 iv=0.00 n=0 d=0 sk=4 hf=96412 hm=93068 ht=283156 pf=0 pm=0 pt=0 ru=235136 rp=238480
19:01:38.383 @T t=3194 s=0.000 lv=-38.8 pk=-38.2 c0=4.0 c1=4.9 kw=4.88 inf=1.82 iv=0.00 n=0 d=0 sk=2 hf=96412 hm=93068 ht=283156 pf=0 pm=0 pt=0 ru=235136 rp=238480
19:01:38.383 @I ww=marvin cut=0.50 win=5 cool=1000 tick=100 wifi=1 srv=1 li=0 ln=0
19:01:38.383 @T t=3306 s=0.000 lv=-38.8 pk=-37.3 c0=3.6 c1=5.8 kw=5.61 inf=1.36 iv=0.00 n=0 d=0 sk=4 hf=96412 hm=93068 ht=283156 pf=0 pm=0 pt=0 ru=235136 rp=238480
19:01:38.383 @T t=3392 s=0.000 lv=-38.4 pk=-37.8 c0=4.5 c1=5.7 kw=5.01 inf=1.87 iv=0.00 n=0 d=0 sk=2 hf=96420 hm=93068 ht=283156 pf=0 pm=0 pt=0 ru=235128 rp=238480
19:01:38.383 @T t=3498 s=0.000 lv=-39.7 pk=-38.9 c0=3.9 c1=5.1 kw=4.99 inf=1.53 iv=0.00 n=0 d=0 sk=3 hf=96420 hm=93068 ht=283156 pf=0 pm=0 pt=0 ru=235128 rp=238480
19:01:38.383 @T t=3604 s=0.000 lv=-39.8 pk=-39.1 c0=6.6 c1=5.1 kw=4.94 inf=1.51 iv=0.00 n=0 d=0 sk=3 hf=96420 hm=93068 ht=283156 pf=0 pm=0 pt=0 ru=235128 rp=238480
19:01:38.383 @T t=3690 s=0.000 lv=-40.9 pk=-40.0 c0=7.6 c1=6.3 kw=6.10 inf=1.52 iv=0.00 n=0 d=0 sk=3 hf=96420 hm=93068 ht=283156 pf=0 pm=0 pt=0 ru=235128 rp=238480
19:01:38.383 @T t=3796 s=0.000 lv=-40.3 pk=-39.5 c0=3.0 c1=5.1 kw=4.92 inf=1.51 iv=0.00 n=0 d=0 sk=3 hf=96420 hm=93068 ht=283156 pf=0 pm=0 pt=0 ru=235128 rp=238480
19:01:38.383 @T t=3902 s=0.000 lv=-39.1 pk=-37.5 c0=6.8 c1=5.2 kw=4.98 inf=1.53 iv=0.00 n=0 d=0 sk=3 hf=96420 hm=93068 ht=283156 pf=0 pm=0 pt=0 ru=235128 rp=238480
19:01:38.383 @T t=4008 s=0.000 lv=-40.2 pk=-38.8 c0=3.2 c1=6.1 kw=5.93 inf=1.36 iv=0.00 n=0 d=0 sk=4 hf=96420 hm=93068 ht=283156 pf=0 pm=0 pt=0 ru=235128 rp=238480
19:01:38.383 @T t=4094 s=0.000 lv=-38.5 pk=-38.0 c0=3.9 c1=5.1 kw=4.92 inf=1.84 iv=0.00 n=0 d=0 sk=2 hf=96420 hm=93068 ht=283156 pf=0 pm=0 pt=0 ru=235128 rp=238480
19:01:38.383 @T t=4202 s=0.000 lv=-39.8 pk=-38.7 c0=6.0 c1=5.9 kw=4.97 inf=1.55 iv=0.00 n=0 d=0 sk=3 hf=96416 hm=93068 ht=283156 pf=0 pm=0 pt=0 ru=235132 rp=238480
19:01:38.383 @I ww=marvin cut=0.50 win=5 cool=1000 tick=100 wifi=1 srv=1 li=0 ln=0
19:01:38.383 @T t=4295 s=0.000 lv=-39.6 pk=-37.7 c0=14.2 c1=5.8 kw=5.65 inf=1.52 iv=0.00 n=0 d=0 sk=3 hf=96416 hm=93068 ht=283156 pf=0 pm=0 pt=0 ru=235132 rp=238480
19:01:38.383 @T t=4402 s=0.000 lv=-39.7 pk=-38.4 c0=3.6 c1=5.6 kw=4.99 inf=1.55 iv=0.00 n=0 d=0 sk=3 hf=96416 hm=93068 ht=283156 pf=0 pm=0 pt=0 ru=235132 rp=238480
19:01:38.383 @T t=4508 s=0.000 lv=-39.7 pk=-38.5 c0=3.3 c1=6.1 kw=5.96 inf=1.37 iv=0.00 n=0 d=0 sk=4 hf=96416 hm=93068 ht=283156 pf=0 pm=0 pt=0 ru=235132 rp=238480
19:01:40.991 @T t=4594 s=0.000 lv=-38.8 pk=-37.4 c0=8.2 c1=5.1 kw=4.95 inf=1.84 iv=0.00 n=0 d=0 sk=2 hf=96416 hm=93068 ht=283156 pf=0 pm=0 pt=0 ru=235132 rp=238480
19:01:40.991 @T t=4700 s=0.000 lv=-38.8 pk=-37.1 c0=3.2 c1=5.1 kw=4.95 inf=1.52 iv=0.00 n=0 d=0 sk=3 hf=96416 hm=93068 ht=283156 pf=0 pm=0 pt=0 ru=235132 rp=238480
19:01:40.991 @T t=4806 s=0.000 lv=-39.4 pk=-37.2 c0=6.3 c1=6.1 kw=5.92 inf=1.36 iv=0.00 n=0 d=0 sk=4 hf=96416 hm=93068 ht=283156 pf=0 pm=0 pt=0 ru=235132 rp=238480
19:01:40.991 @T t=4892 s=0.000 lv=-40.7 pk=-39.4 c0=8.4 c1=5.1 kw=4.92 inf=1.83 iv=0.00 n=0 d=0 sk=2 hf=96416 hm=93068 ht=283156 pf=0 pm=0 pt=0 ru=235132 rp=238480
19:01:40.991 @T t=4998 s=0.000 lv=-40.2 pk=-39.4 c0=3.3 c1=5.1 kw=4.94 inf=1.51 iv=0.00 n=0 d=0 sk=3 hf=96416 hm=93068 ht=283156 pf=0 pm=0 pt=0 ru=235132 rp=238480
19:01:40.991 @T t=5104 s=0.000 lv=-40.1 pk=-39.3 c0=3.2 c1=5.1 kw=4.95 inf=1.52 iv=0.00 n=0 d=0 sk=3 hf=96416 hm=93068 ht=283156 pf=0 pm=0 pt=0 ru=235132 rp=238480
19:01:40.991 @T t=5191 s=0.000 lv=-40.2 pk=-38.8 c0=4.4 c1=6.3 kw=6.16 inf=1.55 iv=0.00 n=0 d=0 sk=3 hf=96416 hm=93068 ht=283156 pf=0 pm=0 pt=0 ru=235132 rp=238480
19:01:40.991 @I ww=marvin cut=0.50 win=5 cool=1000 tick=100 wifi=1 srv=1 li=0 ln=0
19:01:40.992 @T t=5303 s=0.000 lv=-40.4 pk=-39.1 c0=3.7 c1=4.8 kw=4.67 inf=1.51 iv=0.00 n=0 d=0 sk=3 hf=96416 hm=93068 ht=283156 pf=0 pm=0 pt=0 ru=235132 rp=238480
19:01:40.992 @T t=5409 s=0.000 lv=-39.5 pk=-38.7 c0=6.3 c1=6.1 kw=5.92 inf=1.36 iv=0.00 n=0 d=0 sk=4 hf=96416 hm=93068 ht=283156 pf=0 pm=0 pt=0 ru=235132 rp=238480
19:01:40.992 @T t=5495 s=0.000 lv=-37.9 pk=-36.7 c0=7.8 c1=5.1 kw=4.93 inf=1.84 iv=0.00 n=0 d=0 sk=2 hf=96416 hm=93068 ht=283156 pf=0 pm=0 pt=0 ru=235132 rp=238480
19:01:40.992 @T t=5601 s=0.000 lv=-40.4 pk=-38.9 c0=3.0 c1=5.1 kw=4.92 inf=1.51 iv=0.00 n=0 d=0 sk=3 hf=96416 hm=93068 ht=283156 pf=0 pm=0 pt=0 ru=235132 rp=238480
19:01:40.992 @T t=5707 s=0.000 lv=-38.7 pk=-37.2 c0=3.4 c1=6.2 kw=5.98 inf=1.38 iv=0.00 n=0 d=0 sk=4 hf=96416 hm=93068 ht=283156 pf=0 pm=0 pt=0 ru=235132 rp=238480
19:01:40.992 @T t=5793 s=0.000 lv=-39.7 pk=-38.9 c0=4.0 c1=5.0 kw=4.90 inf=1.83 iv=0.00 n=0 d=0 sk=2 hf=96416 hm=93068 ht=283156 pf=0 pm=0 pt=0 ru=235132 rp=238480
19:01:40.992 @T t=5899 s=0.000 lv=-38.3 pk=-37.0 c0=6.7 c1=5.1 kw=4.99 inf=1.53 iv=0.00 n=0 d=0 sk=3 hf=96420 hm=93068 ht=283156 pf=0 pm=0 pt=0 ru=235128 rp=238480
19:01:40.992 @T t=6005 s=0.000 lv=-38.1 pk=-37.1 c0=3.2 c1=5.2 kw=5.13 inf=1.53 iv=0.00 n=0 d=0 sk=3 hf=96420 hm=93068 ht=283156 pf=0 pm=0 pt=0 ru=235128 rp=238480
19:01:40.992 @T t=6091 s=0.000 lv=-36.7 pk=-35.1 c0=7.9 c1=6.5 kw=6.21 inf=1.59 iv=0.00 n=0 d=0 sk=3 hf=96416 hm=93068 ht=283156 pf=0 pm=0 pt=0 ru=235132 rp=238480
19:01:40.992 @T t=6197 s=0.000 lv=-37.6 pk=-36.8 c0=6.4 c1=5.6 kw=5.10 inf=1.56 iv=0.00 n=0 d=0 sk=3 hf=96420 hm=93068 ht=283156 pf=0 pm=0 pt=0 ru=235128 rp=238480
19:01:40.992 @I ww=marvin cut=0.50 win=5 cool=1000 tick=100 wifi=1 srv=1 li=0 ln=0
19:01:40.992 @T t=6309 s=0.000 lv=-38.3 pk=-35.8 c0=3.9 c1=5.7 kw=5.61 inf=1.36 iv=0.00 n=0 d=0 sk=4 hf=96420 hm=93068 ht=283156 pf=0 pm=0 pt=0 ru=235128 rp=238480
19:01:40.992 @T t=6395 s=0.000 lv=-39.0 pk=-38.1 c0=4.5 c1=5.7 kw=5.00 inf=1.87 iv=0.00 n=0 d=0 sk=2 hf=96420 hm=93068 ht=283156 pf=0 pm=0 pt=0 ru=235128 rp=238480
19:01:40.992 @T t=6501 s=0.000 lv=-38.7 pk=-37.4 c0=3.3 c1=5.0 kw=4.92 inf=1.51 iv=0.00 n=0 d=0 sk=3 hf=96420 hm=93068 ht=283156 pf=0 pm=0 pt=0 ru=235128 rp=238480
19:01:40.992 @T t=6607 s=0.000 lv=-39.5 pk=-38.0 c0=3.0 c1=6.1 kw=5.92 inf=1.36 iv=0.00 n=0 d=0 sk=4 hf=96420 hm=93068 ht=283156 pf=0 pm=0 pt=0 ru=235128 rp=238480
19:01:40.992 @T t=6693 s=0.000 lv=-39.9 pk=-39.6 c0=3.7 c1=5.0 kw=4.88 inf=1.82 iv=0.00 n=0 d=0 sk=2 hf=96420 hm=93068 ht=283156 pf=0 pm=0 pt=0 ru=235128 rp=238480
19:01:40.992 @T t=6799 s=0.000 lv=-38.1 pk=-36.7 c0=3.4 c1=5.2 kw=4.99 inf=1.53 iv=0.00 n=0 d=0 sk=3 hf=96420 hm=93068 ht=283156 pf=0 pm=0 pt=0 ru=235128 rp=238480
19:01:40.992 @T t=6905 s=0.000 lv=-39.9 pk=-38.8 c0=3.4 c1=5.2 kw=5.10 inf=1.52 iv=0.00 n=0 d=0 sk=3 hf=96416 hm=93068 ht=283156 pf=0 pm=0 pt=0 ru=235132 rp=238480
19:01:40.992 @T t=6991 s=0.000 lv=-40.5 pk=-39.2 c0=3.8 c1=6.4 kw=5.92 inf=1.51 iv=0.00 n=0 d=0 sk=3 hf=96416 hm=93068 ht=283156 pf=0 pm=0 pt=0 ru=235132 rp=238480
19:01:40.992 @T t=7097 s=0.000 lv=-39.4 pk=-37.8 c0=6.4 c1=5.1 kw=4.95 inf=1.52 iv=0.00 n=0 d=0 sk=3 hf=96416 hm=93068 ht=283156 pf=0 pm=0 pt=0 ru=235132 rp=238480
19:01:43.479 @T t=7203 s=0.000 lv=-39.9 pk=-38.4 c0=3.6 c1=5.1 kw=4.97 inf=1.52 iv=0.00 n=0 d=0 sk=3 hf=96416 hm=93068 ht=283156 pf=0 pm=0 pt=0 ru=235132 rp=238480
19:01:43.479 @I ww=marvin cut=0.50 win=5 cool=1000 tick=100 wifi=1 srv=1 li=0 ln=0
19:01:43.479 @T t=7295 s=0.000 lv=-39.9 pk=-38.4 c0=4.6 c1=5.9 kw=5.73 inf=1.53 iv=0.00 n=0 d=0 sk=3 hf=96416 hm=93068 ht=283156 pf=0 pm=0 pt=0 ru=235132 rp=238480
19:01:43.479 @T t=7401 s=0.000 lv=-39.5 pk=-38.2 c0=3.1 c1=5.1 kw=4.93 inf=1.51 iv=0.00 n=0 d=0 sk=3 hf=96416 hm=93068 ht=283156 pf=0 pm=0 pt=0 ru=235132 rp=238480
19:01:43.479 @T t=7507 s=0.000 lv=-39.2 pk=-38.0 c0=3.0 c1=6.1 kw=5.94 inf=1.37 iv=0.00 n=0 d=0 sk=4 hf=96416 hm=93068 ht=283156 pf=0 pm=0 pt=0 ru=235132 rp=238480
19:01:43.479 @T t=7593 s=0.000 lv=-40.0 pk=-38.9 c0=7.7 c1=5.0 kw=4.88 inf=1.82 iv=0.00 n=0 d=0 sk=2 hf=96416 hm=93068 ht=283156 pf=0 pm=0 pt=0 ru=235132 rp=238480
19:01:43.479 @T t=7699 s=0.000 lv=-39.6 pk=-38.7 c0=3.0 c1=5.1 kw=4.92 inf=1.51 iv=0.00 n=0 d=0 sk=3 hf=96416 hm=93068 ht=283156 pf=0 pm=0 pt=0 ru=235132 rp=238480
19:01:43.479 @T t=7805 s=0.000 lv=-39.6 pk=-38.7 c0=6.3 c1=5.1 kw=5.08 inf=1.52 iv=0.00 n=0 d=0 sk=3 hf=96416 hm=93068 ht=283156 pf=0 pm=0 pt=0 ru=235132 rp=238480
19:01:43.479 @T t=7891 s=0.000 lv=-39.8 pk=-38.5 c0=3.8 c1=6.4 kw=6.16 inf=1.58 iv=0.00 n=0 d=0 sk=3 hf=96416 hm=93068 ht=283156 pf=0 pm=0 pt=0 ru=235132 rp=238480
19:01:43.479 @T t=7997 s=0.000 lv=-39.6 pk=-38.4 c0=3.4 c1=5.2 kw=5.00 inf=1.53 iv=0.00 n=0 d=0 sk=3 hf=96416 hm=93068 ht=283156 pf=0 pm=0 pt=0 ru=235132 rp=238480
19:01:43.479 @T t=8103 s=0.000 lv=-39.3 pk=-38.3 c0=3.4 c1=5.1 kw=4.97 inf=1.52 iv=0.00 n=0 d=0 sk=3 hf=96416 hm=93068 ht=283156 pf=0 pm=0 pt=0 ru=235132 rp=238480
19:01:43.479 @T t=8209 s=0.000 lv=-40.0 pk=-38.5 c0=6.4 c1=6.6 kw=6.07 inf=1.39 iv=0.00 n=0 d=0 sk=4 hf=96416 hm=93068 ht=283156 pf=0 pm=0 pt=0 ru=235132 rp=238480
19:01:43.479 @I ww=marvin cut=0.50 win=5 cool=1000 tick=100 wifi=1 srv=1 li=0 ln=0
19:01:43.480 @T t=8301 s=0.000 lv=-40.2 pk=-39.7 c0=4.8 c1=4.7 kw=4.60 inf=1.83 iv=0.00 n=0 d=0 sk=2 hf=96416 hm=93068 ht=283156 pf=0 pm=0 pt=0 ru=235132 rp=238480
19:01:43.480 I (8742) wifi:[ADDBA]RX DELBA, reason:37, delete tid:0, initiator:1(originator)
19:01:43.480 @T t=8407 s=0.000 lv=-39.8 pk=-38.4 c0=8.6 c1=6.3 kw=6.09 inf=1.40 iv=0.00 n=0 d=0 sk=4 hf=96416 hm=93068 ht=283156 pf=0 pm=0 pt=0 ru=235132 rp=238480
19:01:43.480 @T t=8493 s=0.000 lv=-39.7 pk=-38.6 c0=8.0 c1=5.0 kw=4.90 inf=1.82 iv=0.00 n=0 d=0 sk=2 hf=96416 hm=93068 ht=283156 pf=0 pm=0 pt=0 ru=235132 rp=238480
19:01:43.480 @T t=8599 s=0.000 lv=-39.9 pk=-39.2 c0=3.0 c1=5.1 kw=4.93 inf=1.51 iv=0.00 n=0 d=0 sk=3 hf=96416 hm=93068 ht=283156 pf=0 pm=0 pt=0 ru=235132 rp=238480
19:01:43.480 @T t=8705 s=0.000 lv=-39.8 pk=-38.6 c0=3.0 c1=5.2 kw=5.10 inf=1.53 iv=0.00 n=0 d=0 sk=3 hf=96416 hm=93068 ht=283156 pf=0 pm=0 pt=0 ru=235132 rp=238480
19:01:43.480 @T t=8791 s=0.000 lv=-40.2 pk=-39.8 c0=3.7 c1=6.4 kw=6.11 inf=1.57 iv=0.00 n=0 d=0 sk=3 hf=96416 hm=93068 ht=283156 pf=0 pm=0 pt=0 ru=235132 rp=238480
19:01:43.480 @T t=8897 s=0.000 lv=-39.9 pk=-38.8 c0=3.3 c1=5.1 kw=4.94 inf=1.51 iv=0.00 n=0 d=0 sk=3 hf=96416 hm=93068 ht=283156 pf=0 pm=0 pt=0 ru=235132 rp=238480
19:01:43.480 @T t=9003 s=0.000 lv=-41.0 pk=-39.8 c0=3.1 c1=5.1 kw=4.93 inf=1.51 iv=0.00 n=0 d=0 sk=3 hf=96416 hm=93068 ht=283156 pf=0 pm=0 pt=0 ru=235132 rp=238480
19:01:43.480 @T t=9109 s=0.000 lv=-40.4 pk=-39.5 c0=6.7 c1=6.2 kw=5.97 inf=1.37 iv=0.00 n=0 d=0 sk=4 hf=96416 hm=93068 ht=283156 pf=0 pm=0 pt=0 ru=235132 rp=238480
19:01:43.480 @T t=9195 s=0.000 lv=-39.7 pk=-38.7 c0=4.7 c1=5.1 kw=4.97 inf=1.85 iv=0.00 n=0 d=0 sk=2 hf=96416 hm=93068 ht=283156 pf=0 pm=0 pt=0 ru=235132 rp=238480
19:01:43.480 @I ww=marvin cut=0.50 win=5 cool=1000 tick=100 wifi=1 srv=1 li=0 ln=0
19:01:43.480 @T t=9307 s=0.000 lv=-40.3 pk=-39.7 c0=3.7 c1=5.7 kw=5.59 inf=1.36 iv=0.00 n=0 d=0 sk=4 hf=96416 hm=93068 ht=283156 pf=0 pm=0 pt=0 ru=235132 rp=238480
19:01:43.480 @T t=9393 s=0.000 lv=-41.3 pk=-40.3 c0=3.8 c1=5.0 kw=4.86 inf=1.81 iv=0.00 n=0 d=0 sk=2 hf=96416 hm=93068 ht=283156 pf=0 pm=0 pt=0 ru=235132 rp=238480
19:01:43.480 @T t=9499 s=0.000 lv=-41.2 pk=-39.6 c0=3.0 c1=5.0 kw=4.91 inf=1.50 iv=0.00 n=0 d=0 sk=3 hf=96416 hm=93068 ht=283156 pf=0 pm=0 pt=0 ru=235132 rp=238480
19:01:43.480 @T t=9605 s=0.000 lv=-40.7 pk=-39.0 c0=6.3 c1=5.1 kw=5.05 inf=1.51 iv=0.00 n=0 d=0 sk=3 hf=96416 hm=93068 ht=283156 pf=0 pm=0 pt=0 ru=235132 rp=238480
19:01:45.672 @T t=9691 s=0.000 lv=-41.4 pk=-40.8 c0=3.7 c1=6.4 kw=5.92 inf=1.51 iv=0.00 n=0 d=0 sk=3 hf=96416 hm=93068 ht=283156 pf=0 pm=0 pt=0 ru=235132 rp=238480
19:01:45.672 @T t=9797 s=0.000 lv=-40.9 pk=-39.8 c0=6.3 c1=5.1 kw=4.93 inf=1.51 iv=0.00 n=0 d=0 sk=3 hf=96416 hm=93068 ht=283156 pf=0 pm=0 pt=0 ru=235132 rp=238480
19:01:45.672 @T t=9903 s=0.000 lv=-41.0 pk=-39.8 c0=3.4 c1=5.2 kw=4.99 inf=1.53 iv=0.00 n=0 d=0 sk=3 hf=96420 hm=93068 ht=283156 pf=0 pm=0 pt=0 ru=235128 rp=238480
19:01:45.673 @T t=10009 s=0.000 lv=-40.3 pk=-38.9 c0=3.2 c1=6.1 kw=5.92 inf=1.36 iv=0.00 n=0 d=0 sk=4 hf=96420 hm=93068 ht=283156 pf=0 pm=0 pt=0 ru=235128 rp=238480
19:01:45.673 @T t=10095 s=0.000 lv=-40.1 pk=-38.8 c0=3.9 c1=5.1 kw=4.93 inf=1.84 iv=0.00 n=0 d=0 sk=2 hf=96420 hm=93068 ht=283156 pf=0 pm=0 pt=0 ru=235128 rp=238480
19:01:45.673 @T t=10201 s=0.000 lv=-39.8 pk=-38.9 c0=6.7 c1=5.6 kw=5.15 inf=1.58 iv=0.00 n=0 d=0 sk=3 hf=96420 hm=93068 ht=283156 pf=0 pm=0 pt=0 ru=235128 rp=238480
19:01:45.673 @I ww=marvin cut=0.50 win=5 cool=1000 tick=100 wifi=1 srv=1 li=0 ln=0
19:01:45.673 @T t=10292 s=0.000 lv=-38.5 pk=-37.0 c0=4.8 c1=6.0 kw=5.85 inf=1.54 iv=0.00 n=0 d=0 sk=3 hf=96420 hm=93068 ht=283156 pf=0 pm=0 pt=0 ru=235128 rp=238480
19:01:45.673 @T t=10398 s=0.000 lv=-40.2 pk=-39.0 c0=3.7 c1=5.1 kw=4.96 inf=1.52 iv=0.00 n=0 d=0 sk=3 hf=96420 hm=93068 ht=283156 pf=0 pm=0 pt=0 ru=235128 rp=238480
19:01:45.673 @T t=10504 s=0.000 lv=-40.2 pk=-39.1 c0=3.3 c1=5.1 kw=4.97 inf=1.52 iv=0.00 n=0 d=0 sk=3 hf=96420 hm=93068 ht=283156 pf=0 pm=0 pt=0 ru=235128 rp=238480
19:01:45.673 @T t=10590 s=0.000 lv=-40.3 pk=-39.4 c0=7.7 c1=6.3 kw=6.09 inf=1.51 iv=0.00 n=0 d=0 sk=3 hf=96420 hm=93068 ht=283156 pf=0 pm=0 pt=0 ru=235128 rp=238480
19:01:45.673 @T t=10696 s=0.000 lv=-39.4 pk=-38.4 c0=3.0 c1=5.1 kw=4.94 inf=1.51 iv=0.00 n=0 d=0 sk=3 hf=96420 hm=93068 ht=283156 pf=0 pm=0 pt=0 ru=235128 rp=238480
19:01:45.673 @T t=10802 s=0.000 lv=-39.3 pk=-38.6 c0=6.3 c1=5.1 kw=4.95 inf=1.52 iv=0.00 n=0 d=0 sk=3 hf=96420 hm=93068 ht=283156 pf=0 pm=0 pt=0 ru=235128 rp=238480
19:01:45.673 @T t=10908 s=0.000 lv=-40.2 pk=-39.2 c0=3.2 c1=6.1 kw=5.94 inf=1.37 iv=0.00 n=0 d=0 sk=4 hf=96416 hm=93068 ht=283156 pf=0 pm=0 pt=0 ru=235132 rp=238480
19:01:45.673 @T t=10994 s=0.000 lv=-39.5 pk=-38.1 c0=3.8 c1=5.0 kw=4.90 inf=1.83 iv=0.00 n=0 d=0 sk=2 hf=96416 hm=93068 ht=283156 pf=0 pm=0 pt=0 ru=235132 rp=238480
19:01:45.673 @T t=11100 s=0.000 lv=-40.5 pk=-40.0 c0=3.1 c1=5.1 kw=4.94 inf=1.51 iv=0.00 n=0 d=0 sk=3 hf=96416 hm=93068 ht=283156 pf=0 pm=0 pt=0 ru=235132 rp=238480
19:01:45.673 [status] up 11s | mic -39.6 dBFS (peak -35.1) | score max 0.01 | detections 0 | inferences 53 (5.3/s; model 1.29 ms each, paused in quiet 83%; features 1.52 ms per 30 ms) | CPU core0  4.9% core1  6.1% (wake word pipeline 6.14% of one core) | RAM used 229 KB (peak 232 KB, 94 KB free) | wifi OK, server OK | audio lost since boot: i2s 0 net 0
19:01:45.673 [tasks] % of one core (free stack): main@0=-1.00(1936) IDLE1@1=-1.00(720) IDLE0@0=-1.00(728) websocket_task@*=-1.00(1468) tiT@*=-1.00(1960) audio_kws@1=-1.00(1344) Tmr Svc@*=-1.00(1368) ipc1@1=-1.00(536) esp_timer@0=-1.00(3136) wifi@0=-1.00(3212) sys_evt@0=-1.00(336) streamer@0=-1.00(2956) ipc0@0=-1.00(528)
19:01:45.673 @T t=11202 s=0.000 lv=-39.9 pk=-39.0 c0=12.0 c1=5.5 kw=5.30 inf=1.56 iv=0.00 n=0 d=0 sk=3 hf=96416 hm=93068 ht=283156 pf=0 pm=0 pt=0 ru=235132 rp=238480
19:01:45.673 @I ww=marvin cut=0.50 win=5 cool=1000 tick=100 wifi=1 srv=1 li=0 ln=0
19:01:45.673 @T t=11294 s=0.000 lv=-39.5 pk=-38.7 c0=13.9 c1=5.9 kw=5.75 inf=1.53 iv=0.00 n=0 d=0 sk=3 hf=96416 hm=93068 ht=283156 pf=0 pm=0 pt=0 ru=235132 rp=238480
19:01:45.673 @T t=11400 s=0.000 lv=-39.1 pk=-38.2 c0=3.3 c1=5.2 kw=5.04 inf=1.55 iv=0.00 n=0 d=0 sk=3 hf=96416 hm=93068 ht=283156 pf=0 pm=0 pt=0 ru=235132 rp=238480
19:01:45.673 @T t=11506 s=0.000 lv=-38.5 pk=-37.7 c0=3.1 c1=6.1 kw=5.94 inf=1.37 iv=0.00 n=0 d=0 sk=4 hf=96416 hm=93068 ht=283156 pf=0 pm=0 pt=0 ru=235132 rp=238480
19:01:45.673 @T t=11592 s=0.000 lv=-38.9 pk=-37.5 c0=7.8 c1=5.0 kw=4.89 inf=1.82 iv=0.00 n=0 d=0 sk=2 hf=96416 hm=93068 ht=283156 pf=0 pm=0 pt=0 ru=235132 rp=238480
19:01:45.673 @T t=11698 s=0.000 lv=-39.5 pk=-38.0 c0=3.1 c1=5.1 kw=4.94 inf=1.52 iv=0.00 n=0 d=0 sk=3 hf=96352 hm=93068 ht=283156 pf=0 pm=0 pt=0 ru=235196 rp=238480
19:01:45.673 @T t=11804 s=0.000 lv=-40.0 pk=-39.0 c0=6.4 c1=5.1 kw=4.94 inf=1.51 iv=0.00 n=0 d=0 sk=3 hf=96352 hm=93068 ht=283156 pf=0 pm=0 pt=0 ru=235196 rp=238480
19:01:48.184 @T t=11890 s=0.000 lv=-39.7 pk=-38.9 c0=7.8 c1=6.3 kw=6.10 inf=1.52 iv=0.00 n=0 d=0 sk=3 hf=96352 hm=93068 ht=283156 pf=0 pm=0 pt=0 ru=235196 rp=238480
19:01:48.185 @T t=11996 s=0.000 lv=-38.9 pk=-38.1 c0=3.0 c1=5.1 kw=4.93 inf=1.51 iv=0.00 n=0 d=0 sk=3 hf=96352 hm=93068 ht=283156 pf=0 pm=0 pt=0 ru=235196 rp=238480
19:01:48.185 @T t=12102 s=0.000 lv=-38.8 pk=-37.7 c0=6.4 c1=5.1 kw=4.95 inf=1.52 iv=0.00 n=0 d=0 sk=3 hf=96352 hm=93068 ht=283156 pf=0 pm=0 pt=0 ru=235196 rp=238480
19:01:48.185 @T t=12208 s=0.000 lv=-38.4 pk=-36.5 c0=6.4 c1=6.6 kw=6.08 inf=1.40 iv=0.00 n=0 d=0 sk=4 hf=96352 hm=93004 ht=283156 pf=0 pm=0 pt=0 ru=235196 rp=238544
19:01:48.185 @I ww=marvin cut=0.50 win=5 cool=1000 tick=100 wifi=1 srv=1 li=0 ln=0
19:01:48.185 @T t=12299 s=0.000 lv=-39.0 pk=-37.2 c0=4.7 c1=4.7 kw=4.63 inf=1.83 iv=0.00 n=0 d=0 sk=2 hf=96352 hm=93004 ht=283156 pf=0 pm=0 pt=0 ru=235196 rp=238544
19:01:48.185 @T t=12405 s=0.000 lv=-39.7 pk=-37.8 c0=3.7 c1=5.2 kw=5.12 inf=1.53 iv=0.00 n=0 d=0 sk=3 hf=96352 hm=93004 ht=283156 pf=0 pm=0 pt=0 ru=235196 rp=238544
19:01:48.185 @T t=12491 s=0.000 lv=-39.2 pk=-38.5 c0=4.5 c1=6.5 kw=6.21 inf=1.59 iv=0.00 n=0 d=0 sk=3 hf=96352 hm=93004 ht=283156 pf=0 pm=0 pt=0 ru=235196 rp=238544
19:01:48.185 @T t=12597 s=0.000 lv=-40.2 pk=-39.0 c0=3.3 c1=5.1 kw=4.96 inf=1.52 iv=0.00 n=0 d=0 sk=3 hf=96352 hm=93004 ht=283156 pf=0 pm=0 pt=0 ru=235196 rp=238544
19:01:48.185 @T t=12703 s=0.000 lv=-40.6 pk=-39.1 c0=3.0 c1=5.0 kw=4.90 inf=1.50 iv=0.00 n=0 d=0 sk=3 hf=96352 hm=93004 ht=283156 pf=0 pm=0 pt=0 ru=235196 rp=238544
19:01:48.185 @T t=12809 s=0.000 lv=-39.6 pk=-38.6 c0=6.2 c1=6.1 kw=5.93 inf=1.36 iv=0.00 n=0 d=0 sk=4 hf=96352 hm=93004 ht=283156 pf=0 pm=0 pt=0 ru=235196 rp=238544
19:01:48.185 @T t=12895 s=0.000 lv=-38.1 pk=-36.7 c0=7.9 c1=5.1 kw=4.92 inf=1.83 iv=0.00 n=0 d=0 sk=2 hf=96352 hm=93004 ht=283156 pf=0 pm=0 pt=0 ru=235196 rp=238544
19:01:48.185 @T t=13001 s=0.000 lv=-41.3 pk=-40.1 c0=3.1 c1=5.0 kw=4.90 inf=1.50 iv=0.00 n=0 d=0 sk=3 hf=96352 hm=93004 ht=283156 pf=0 pm=0 pt=0 ru=235196 rp=238544
19:01:48.185 @T t=13107 s=0.000 lv=-39.9 pk=-38.8 c0=3.2 c1=6.1 kw=5.95 inf=1.37 iv=0.00 n=0 d=0 sk=4 hf=96352 hm=93004 ht=283156 pf=0 pm=0 pt=0 ru=235196 rp=238544
19:01:48.185 @T t=13193 s=0.000 lv=-39.9 pk=-38.7 c0=4.4 c1=5.1 kw=4.92 inf=1.83 iv=0.00 n=0 d=0 sk=2 hf=96352 hm=93004 ht=283156 pf=0 pm=0 pt=0 ru=235196 rp=238544
19:01:48.185 @I ww=marvin cut=0.50 win=5 cool=1000 tick=100 wifi=1 srv=1 li=0 ln=0
19:01:48.185 @T t=13305 s=0.000 lv=-39.2 pk=-38.3 c0=3.7 c1=4.9 kw=4.81 inf=1.52 iv=0.00 n=0 d=0 sk=3 hf=96352 hm=93004 ht=283156 pf=0 pm=0 pt=0 ru=235196 rp=238544
19:01:48.185 @T t=13391 s=0.000 lv=-39.7 pk=-39.1 c0=3.8 c1=6.4 kw=5.97 inf=1.53 iv=0.00 n=0 d=0 sk=3 hf=96352 hm=93004 ht=283156 pf=0 pm=0 pt=0 ru=235196 rp=238544
19:01:48.185 @T t=13497 s=0.000 lv=-39.8 pk=-37.4 c0=3.1 c1=5.0 kw=4.91 inf=1.50 iv=0.00 n=0 d=0 sk=3 hf=96352 hm=93004 ht=283156 pf=0 pm=0 pt=0 ru=235196 rp=238544
19:01:48.185 @T t=13603 s=0.000 lv=-39.7 pk=-38.7 c0=6.7 c1=5.2 kw=5.02 inf=1.54 iv=0.00 n=0 d=0 sk=3 hf=96352 hm=93004 ht=283156 pf=0 pm=0 pt=0 ru=235196 rp=238544
19:01:48.185 @T t=13709 s=0.000 lv=-40.2 pk=-38.0 c0=3.3 c1=6.1 kw=5.92 inf=1.36 iv=0.00 n=0 d=0 sk=4 hf=96352 hm=93004 ht=283156 pf=0 pm=0 pt=0 ru=235196 rp=238544
19:01:48.185 @T t=13795 s=0.000 lv=-40.0 pk=-38.8 c0=7.7 c1=5.0 kw=4.88 inf=1.82 iv=0.00 n=0 d=0 sk=2 hf=96352 hm=93004 ht=283156 pf=0 pm=0 pt=0 ru=235196 rp=238544
19:01:48.185 @T t=13901 s=0.000 lv=-38.7 pk=-37.8 c0=3.2 c1=5.1 kw=4.95 inf=1.52 iv=0.00 n=0 d=0 sk=3 hf=96352 hm=93004 ht=283156 pf=0 pm=0 pt=0 ru=235196 rp=238544
19:01:48.185 @T t=14007 s=0.000 lv=-39.7 pk=-39.3 c0=3.1 c1=6.1 kw=5.92 inf=1.36 iv=0.00 n=0 d=0 sk=4 hf=96352 hm=93004 ht=283156 pf=0 pm=0 pt=0 ru=235196 rp=238544
19:01:48.185 @T t=14093 s=0.000 lv=-39.8 pk=-39.3 c0=3.8 c1=5.1 kw=4.90 inf=1.83 iv=0.00 n=0 d=0 sk=2 hf=96352 hm=93004 ht=283156 pf=0 pm=0 pt=0 ru=235196 rp=238544
19:01:48.185 @T t=14199 s=0.000 lv=-40.1 pk=-38.6 c0=6.4 c1=5.6 kw=5.09 inf=1.56 iv=0.00 n=0 d=0 sk=3 hf=96352 hm=93004 ht=283156 pf=0 pm=0 pt=0 ru=235196 rp=238544
19:01:48.185 @I ww=marvin cut=0.50 win=5 cool=1000 tick=100 wifi=1 srv=1 li=0 ln=0
19:01:48.185 @T t=14290 s=0.000 lv=-39.9 pk=-39.2 c0=13.1 c1=5.9 kw=5.79 inf=1.53 iv=0.00 n=0 d=0 sk=3 hf=96352 hm=93004 ht=283156 pf=0 pm=0 pt=0 ru=235196 rp=238544
19:01:50.790 @T t=14396 s=0.000 lv=-41.7 pk=-40.9 c0=3.7 c1=5.1 kw=4.97 inf=1.52 iv=0.00 n=0 d=0 sk=3 hf=96352 hm=93004 ht=283156 pf=0 pm=0 pt=0 ru=235196 rp=238544
19:01:50.790 @T t=14502 s=0.000 lv=-39.6 pk=-38.6 c0=3.2 c1=5.1 kw=4.94 inf=1.51 iv=0.00 n=0 d=0 sk=3 hf=96352 hm=93004 ht=283156 pf=0 pm=0 pt=0 ru=235196 rp=238544
19:01:50.790 @T t=14608 s=0.000 lv=-39.6 pk=-38.4 c0=6.3 c1=6.1 kw=5.91 inf=1.36 iv=0.00 n=0 d=0 sk=4 hf=96352 hm=93004 ht=283156 pf=0 pm=0 pt=0 ru=235196 rp=238544
19:01:50.790 @T t=14694 s=0.000 lv=-40.7 pk=-39.5 c0=4.2 c1=5.1 kw=4.95 inf=1.84 iv=0.00 n=0 d=0 sk=2 hf=96352 hm=93004 ht=283156 pf=0 pm=0 pt=0 ru=235196 rp=238544
19:01:50.790 @T t=14800 s=0.000 lv=-39.1 pk=-38.2 c0=3.2 c1=5.1 kw=4.95 inf=1.52 iv=0.00 n=0 d=0 sk=3 hf=96352 hm=93004 ht=283156 pf=0 pm=0 pt=0 ru=235196 rp=238544
19:01:50.790 @T t=14906 s=0.000 lv=-40.3 pk=-38.5 c0=3.2 c1=6.1 kw=5.95 inf=1.37 iv=0.00 n=0 d=0 sk=4 hf=96352 hm=93004 ht=283156 pf=0 pm=0 pt=0 ru=235196 rp=238544
19:01:50.790 @T t=14992 s=0.000 lv=-38.9 pk=-38.0 c0=3.8 c1=5.0 kw=4.89 inf=1.82 iv=0.00 n=0 d=0 sk=2 hf=96352 hm=93004 ht=283156 pf=0 pm=0 pt=0 ru=235196 rp=238544
19:01:50.790 @T t=15098 s=0.000 lv=-40.5 pk=-38.7 c0=3.2 c1=5.1 kw=4.95 inf=1.52 iv=0.00 n=0 d=0 sk=3 hf=96352 hm=93004 ht=283156 pf=0 pm=0 pt=0 ru=235196 rp=238544
19:01:50.790 @T t=15204 s=0.000 lv=-40.0 pk=-38.5 c0=3.6 c1=5.1 kw=4.98 inf=1.53 iv=0.00 n=0 d=0 sk=3 hf=96352 hm=93004 ht=283156 pf=0 pm=0 pt=0 ru=235196 rp=238544
19:01:50.790 @I ww=marvin cut=0.50 win=5 cool=1000 tick=100 wifi=1 srv=1 li=0 ln=0
19:01:50.790 @T t=15296 s=0.000 lv=-40.7 pk=-39.3 c0=4.6 c1=5.9 kw=5.74 inf=1.52 iv=0.00 n=0 d=0 sk=3 hf=96352 hm=93004 ht=283156 pf=0 pm=0 pt=0 ru=235196 rp=238544
19:01:50.790 @T t=15402 s=0.000 lv=-39.6 pk=-37.7 c0=3.1 c1=5.1 kw=4.95 inf=1.52 iv=0.00 n=0 d=0 sk=3 hf=96352 hm=93004 ht=283156 pf=0 pm=0 pt=0 ru=235196 rp=238544
19:01:50.790 @T t=15508 s=0.000 lv=-39.4 pk=-38.7 c0=3.0 c1=6.1 kw=5.93 inf=1.36 iv=0.00 n=0 d=0 sk=4 hf=96352 hm=93004 ht=283156 pf=0 pm=0 pt=0 ru=235196 rp=238544
19:01:50.790 @T t=15594 s=0.000 lv=-40.3 pk=-39.8 c0=3.7 c1=5.0 kw=4.87 inf=1.82 iv=0.00 n=0 d=0 sk=2 hf=96352 hm=93004 ht=283156 pf=0 pm=0 pt=0 ru=235196 rp=238544
19:01:50.791 @T t=15700 s=0.000 lv=-40.3 pk=-39.6 c0=3.0 c1=5.1 kw=4.93 inf=1.51 iv=0.00 n=0 d=0 sk=3 hf=96352 hm=93004 ht=283156 pf=0 pm=0 pt=0 ru=235196 rp=238544
19:01:50.791 @T t=15806 s=0.000 lv=-39.9 pk=-37.7 c0=6.6 c1=6.1 kw=5.99 inf=1.38 iv=0.00 n=0 d=0 sk=4 hf=96352 hm=93004 ht=283156 pf=0 pm=0 pt=0 ru=235196 rp=238544
19:01:50.791 @T t=15892 s=0.000 lv=-39.3 pk=-37.7 c0=4.1 c1=5.2 kw=4.93 inf=1.84 iv=0.00 n=0 d=0 sk=2 hf=96352 hm=93004 ht=283156 pf=0 pm=0 pt=0 ru=235196 rp=238544
19:01:50.791 @T t=15998 s=0.000 lv=-39.7 pk=-38.2 c0=3.1 c1=5.1 kw=4.94 inf=1.51 iv=0.00 n=0 d=0 sk=3 hf=96352 hm=93004 ht=283156 pf=0 pm=0 pt=0 ru=235196 rp=238544
19:01:50.791 @T t=16104 s=0.000 lv=-39.7 pk=-38.1 c0=6.5 c1=5.1 kw=4.98 inf=1.53 iv=0.00 n=0 d=0 sk=3 hf=96352 hm=93004 ht=283156 pf=0 pm=0 pt=0 ru=235196 rp=238544
19:01:50.791 @T t=16209 s=0.000 lv=-38.7 pk=-36.9 c0=9.1 c1=6.8 kw=6.21 inf=1.41 iv=0.00 n=0 d=0 sk=4 hf=96352 hm=93004 ht=283156 pf=0 pm=0 pt=0 ru=235196 rp=238544
19:01:50.791 @I ww=marvin cut=0.50 win=5 cool=1000 tick=100 wifi=1 srv=1 li=0 ln=0
19:01:50.791 @T t=16300 s=0.000 lv=-39.3 pk=-38.3 c0=4.7 c1=4.7 kw=4.64 inf=1.83 iv=0.00 n=0 d=0 sk=2 hf=96352 hm=93004 ht=283156 pf=0 pm=0 pt=0 ru=235196 rp=238544
19:01:50.791 @T t=16406 s=0.000 lv=-39.9 pk=-39.5 c0=3.7 c1=6.2 kw=5.99 inf=1.38 iv=0.00 n=0 d=0 sk=4 hf=96352 hm=93004 ht=283156 pf=0 pm=0 pt=0 ru=235196 rp=238544
19:01:50.791 @T t=16492 s=0.000 lv=-38.7 pk=-36.3 c0=3.9 c1=5.0 kw=4.88 inf=1.82 iv=0.00 n=0 d=0 sk=2 hf=96352 hm=93004 ht=283156 pf=0 pm=0 pt=0 ru=235196 rp=238544
19:01:50.791 @T t=16598 s=0.000 lv=-39.5 pk=-38.0 c0=3.0 c1=5.0 kw=4.90 inf=1.50 iv=0.00 n=0 d=0 sk=3 hf=96352 hm=93004 ht=283156 pf=0 pm=0 pt=0 ru=235196 rp=238544
19:01:50.791 @T t=16704 s=0.000 lv=-40.4 pk=-39.6 c0=3.0 c1=5.1 kw=4.93 inf=1.51 iv=0.00 n=0 d=0 sk=3 hf=96352 hm=93004 ht=283156 pf=0 pm=0 pt=0 ru=235196 rp=238544
19:01:50.791 @T t=16790 s=0.000 lv=-40.6 pk=-39.6 c0=3.7 c1=6.3 kw=6.12 inf=1.52 iv=0.00 n=0 d=0 sk=3 hf=96352 hm=93004 ht=283156 pf=0 pm=0 pt=0 ru=235196 rp=238544
19:01:50.791 @T t=16896 s=0.000 lv=-39.1 pk=-37.8 c0=3.1 c1=5.1 kw=4.94 inf=1.52 iv=0.00 n=0 d=0 sk=3 hf=96352 hm=93004 ht=283156 pf=0 pm=0 pt=0 ru=235196 rp=238544
19:01:53.299 @T t=17002 s=0.000 lv=-39.8 pk=-38.8 c0=3.4 c1=5.2 kw=5.02 inf=1.54 iv=0.00 n=0 d=0 sk=3 hf=96352 hm=93004 ht=283156 pf=0 pm=0 pt=0 ru=235196 rp=238544
19:01:53.299 @T t=17108 s=0.000 lv=-39.5 pk=-37.8 c0=3.4 c1=6.1 kw=5.96 inf=1.37 iv=0.00 n=0 d=0 sk=4 hf=96352 hm=93004 ht=283156 pf=0 pm=0 pt=0 ru=235196 rp=238544
19:01:53.299 @T t=17194 s=0.000 lv=-40.2 pk=-39.2 c0=4.4 c1=5.1 kw=4.92 inf=1.84 iv=0.00 n=0 d=0 sk=2 hf=96352 hm=93004 ht=283156 pf=0 pm=0 pt=0 ru=235196 rp=238544
19:01:53.299 @I ww=marvin cut=0.50 win=5 cool=1000 tick=100 wifi=1 srv=1 li=0 ln=0
19:01:53.299 @T t=17306 s=0.000 lv=-40.5 pk=-39.1 c0=3.8 c1=5.7 kw=5.61 inf=1.36 iv=0.00 n=0 d=0 sk=4 hf=96352 hm=93004 ht=283156 pf=0 pm=0 pt=0 ru=235196 rp=238544
19:01:53.299 @T t=17392 s=0.000 lv=-39.1 pk=-36.9 c0=3.8 c1=5.0 kw=4.90 inf=1.83 iv=0.00 n=0 d=0 sk=2 hf=96352 hm=93004 ht=283156 pf=0 pm=0 pt=0 ru=235196 rp=238544
19:01:53.299 @T t=17498 s=0.000 lv=-40.5 pk=-39.9 c0=3.1 c1=5.1 kw=4.92 inf=1.51 iv=0.00 n=0 d=0 sk=3 hf=96352 hm=93004 ht=283156 pf=0 pm=0 pt=0 ru=235196 rp=238544
19:01:53.299 @T t=17604 s=0.000 lv=-39.9 pk=-39.2 c0=6.3 c1=5.1 kw=4.94 inf=1.51 iv=0.00 n=0 d=0 sk=3 hf=96352 hm=93004 ht=283156 pf=0 pm=0 pt=0 ru=235196 rp=238544
19:01:53.299 @T t=17690 s=0.000 lv=-40.0 pk=-38.9 c0=3.7 c1=6.3 kw=6.12 inf=1.52 iv=0.00 n=0 d=0 sk=3 hf=96352 hm=93004 ht=283156 pf=0 pm=0 pt=0 ru=235196 rp=238544
19:01:53.299 @T t=17796 s=0.000 lv=-38.7 pk=-37.5 c0=6.3 c1=5.1 kw=4.95 inf=1.52 iv=0.00 n=0 d=0 sk=3 hf=96352 hm=93004 ht=283156 pf=0 pm=0 pt=0 ru=235196 rp=238544
19:01:53.299 @T t=17902 s=0.000 lv=-39.2 pk=-37.9 c0=3.1 c1=5.1 kw=4.93 inf=1.51 iv=0.00 n=0 d=0 sk=3 hf=96352 hm=93004 ht=283156 pf=0 pm=0 pt=0 ru=235196 rp=238544
19:01:53.299 @T t=18008 s=0.000 lv=-40.1 pk=-37.9 c0=3.1 c1=6.0 kw=5.90 inf=1.35 iv=0.00 n=0 d=0 sk=4 hf=96352 hm=93004 ht=283156 pf=0 pm=0 pt=0 ru=235196 rp=238544
19:01:53.299 @T t=18094 s=0.000 lv=-41.5 pk=-40.9 c0=8.3 c1=5.1 kw=4.95 inf=1.84 iv=0.00 n=0 d=0 sk=2 hf=96352 hm=93004 ht=283156 pf=0 pm=0 pt=0 ru=235196 rp=238544
19:01:53.299 @T t=18200 s=0.000 lv=-39.9 pk=-38.4 c0=6.5 c1=5.6 kw=5.13 inf=1.57 iv=0.00 n=0 d=0 sk=3 hf=96352 hm=93004 ht=283156 pf=0 pm=0 pt=0 ru=235196 rp=238544
19:01:53.299 @I ww=marvin cut=0.50 win=5 cool=1000 tick=100 wifi=1 srv=1 li=0 ln=0
19:01:53.299 @T t=18291 s=0.000 lv=-40.1 pk=-39.1 c0=4.8 c1=5.9 kw=5.78 inf=1.52 iv=0.00 n=0 d=0 sk=3 hf=96352 hm=93004 ht=283156 pf=0 pm=0 pt=0 ru=235196 rp=238544
19:01:53.299 @T t=18397 s=0.000 lv=-40.8 pk=-39.4 c0=3.8 c1=5.2 kw=5.01 inf=1.53 iv=0.00 n=0 d=0 sk=3 hf=96352 hm=93004 ht=283156 pf=0 pm=0 pt=0 ru=235196 rp=238544
19:01:53.299 @T t=18503 s=0.000 lv=-39.7 pk=-38.1 c0=3.3 c1=5.0 kw=4.93 inf=1.51 iv=0.00 n=0 d=0 sk=3 hf=96352 hm=93004 ht=283156 pf=0 pm=0 pt=0 ru=235196 rp=238544
19:01:53.299 @T t=18609 s=0.000 lv=-40.0 pk=-38.9 c0=3.1 c1=6.1 kw=5.94 inf=1.37 iv=0.00 n=0 d=0 sk=4 hf=96352 hm=93004 ht=283156 pf=0 pm=0 pt=0 ru=235196 rp=238544
19:01:53.299 @T t=18695 s=0.000 lv=-40.5 pk=-38.7 c0=3.7 c1=5.0 kw=4.87 inf=1.82 iv=0.00 n=0 d=0 sk=2 hf=96352 hm=93004 ht=283156 pf=0 pm=0 pt=0 ru=235196 rp=238544
19:01:53.299 @T t=18801 s=0.000 lv=-40.1 pk=-38.7 c0=6.3 c1=5.1 kw=4.91 inf=1.50 iv=0.00 n=0 d=0 sk=3 hf=96352 hm=93004 ht=283156 pf=0 pm=0 pt=0 ru=235196 rp=238544
19:01:53.299 @T t=18907 s=0.000 lv=-40.2 pk=-38.6 c0=6.4 c1=6.1 kw=5.94 inf=1.36 iv=0.00 n=0 d=0 sk=4 hf=96352 hm=93004 ht=283156 pf=0 pm=0 pt=0 ru=235196 rp=238544
19:01:53.299 @T t=18993 s=0.000 lv=-41.1 pk=-40.5 c0=3.8 c1=5.0 kw=4.85 inf=1.81 iv=0.00 n=0 d=0 sk=2 hf=96352 hm=93004 ht=283156 pf=0 pm=0 pt=0 ru=235196 rp=238544
19:01:53.299 @T t=19099 s=0.000 lv=-41.5 pk=-41.0 c0=3.1 c1=5.1 kw=4.95 inf=1.52 iv=0.00 n=0 d=0 sk=3 hf=96352 hm=93004 ht=283156 pf=0 pm=0 pt=0 ru=235196 rp=238544
19:01:53.299 @T t=19205 s=0.000 lv=-40.3 pk=-39.7 c0=4.0 c1=5.3 kw=5.18 inf=1.55 iv=0.00 n=0 d=0 sk=3 hf=96352 hm=93004 ht=283156 pf=0 pm=0 pt=0 ru=235196 rp=238544
19:01:53.299 @I ww=marvin cut=0.50 win=5 cool=1000 tick=100 wifi=1 srv=1 li=0 ln=0
19:01:53.299 @T t=19297 s=0.000 lv=-39.9 pk=-38.8 c0=4.7 c1=6.0 kw=5.83 inf=1.60 iv=0.00 n=0 d=0 sk=3 hf=96352 hm=93004 ht=283156 pf=0 pm=0 pt=0 ru=235196 rp=238544
19:01:53.299 @T t=19403 s=0.000 lv=-39.8 pk=-38.7 c0=3.1 c1=5.1 kw=4.95 inf=1.52 iv=0.00 n=0 d=0 sk=3 hf=96352 hm=93004 ht=283156 pf=0 pm=0 pt=0 ru=235196 rp=238544
19:01:55.695 @T t=19509 s=0.000 lv=-39.9 pk=-38.3 c0=3.1 c1=6.1 kw=5.93 inf=1.36 iv=0.00 n=0 d=0 sk=4 hf=96352 hm=93004 ht=283156 pf=0 pm=0 pt=0 ru=235196 rp=238544
19:01:55.695 @T t=19595 s=0.000 lv=-41.0 pk=-39.7 c0=3.7 c1=5.0 kw=4.89 inf=1.82 iv=0.00 n=0 d=0 sk=2 hf=96352 hm=93004 ht=283156 pf=0 pm=0 pt=0 ru=235196 rp=238544
19:01:55.695 @T t=19701 s=0.000 lv=-40.3 pk=-39.8 c0=3.0 c1=5.1 kw=4.94 inf=1.51 iv=0.00 n=0 d=0 sk=3 hf=96352 hm=93004 ht=283156 pf=0 pm=0 pt=0 ru=235196 rp=238544
19:01:55.695 @T t=19807 s=0.000 lv=-40.4 pk=-37.6 c0=3.0 c1=6.0 kw=5.88 inf=1.35 iv=0.00 n=0 d=0 sk=4 hf=96352 hm=93004 ht=283156 pf=0 pm=0 pt=0 ru=235196 rp=238544
19:01:55.695 @T t=19893 s=0.000 lv=-40.6 pk=-39.5 c0=7.9 c1=5.0 kw=4.88 inf=1.82 iv=0.00 n=0 d=0 sk=2 hf=96352 hm=93004 ht=283156 pf=0 pm=0 pt=0 ru=235196 rp=238544
19:01:55.695 @T t=19999 s=0.000 lv=-39.9 pk=-37.9 c0=3.1 c1=5.1 kw=4.95 inf=1.52 iv=0.00 n=0 d=0 sk=3 hf=96352 hm=93004 ht=283156 pf=0 pm=0 pt=0 ru=235196 rp=238544
19:01:55.695 @T t=20105 s=0.000 lv=-41.0 pk=-40.2 c0=3.1 c1=5.2 kw=5.09 inf=1.52 iv=0.00 n=0 d=0 sk=3 hf=96352 hm=93004 ht=283156 pf=0 pm=0 pt=0 ru=235196 rp=238544
19:01:55.695 @T t=20191 s=0.000 lv=-39.8 pk=-38.2 c0=7.8 c1=7.1 kw=6.21 inf=1.58 iv=0.00 n=0 d=0 sk=3 hf=96352 hm=93004 ht=283156 pf=0 pm=0 pt=0 ru=235196 rp=238544
19:01:55.695 @I ww=marvin cut=0.50 win=5 cool=1000 tick=100 wifi=1 srv=1 li=0 ln=0
19:01:55.695 @T t=20303 s=0.000 lv=-39.9 pk=-37.5 c0=4.3 c1=4.8 kw=4.66 inf=1.51 iv=0.00 n=0 d=0 sk=3 hf=96352 hm=93004 ht=283156 pf=0 pm=0 pt=0 ru=235196 rp=238544
19:01:55.695 @T t=20409 s=0.000 lv=-40.2 pk=-38.7 c0=3.8 c1=6.2 kw=6.02 inf=1.38 iv=0.00 n=0 d=0 sk=4 hf=96352 hm=93004 ht=283156 pf=0 pm=0 pt=0 ru=235196 rp=238544
19:01:55.695 @T t=20495 s=0.000 lv=-41.5 pk=-41.0 c0=3.9 c1=5.0 kw=4.93 inf=1.84 iv=0.00 n=0 d=0 sk=2 hf=96352 hm=93004 ht=283156 pf=0 pm=0 pt=0 ru=235196 rp=238544
19:01:55.695 @T t=20601 s=0.000 lv=-40.9 pk=-40.0 c0=3.1 c1=5.1 kw=4.92 inf=1.51 iv=0.00 n=0 d=0 sk=3 hf=96352 hm=93004 ht=283156 pf=0 pm=0 pt=0 ru=235196 rp=238544
19:01:55.695 @T t=20707 s=0.000 lv=-40.0 pk=-38.4 c0=3.0 c1=6.1 kw=5.91 inf=1.36 iv=0.00 n=0 d=0 sk=4 hf=96352 hm=93004 ht=283156 pf=0 pm=0 pt=0 ru=235196 rp=238544
19:01:55.695 @T t=20793 s=0.000 lv=-39.4 pk=-37.5 c0=3.6 c1=5.0 kw=4.87 inf=1.82 iv=0.00 n=0 d=0 sk=2 hf=96352 hm=93004 ht=283156 pf=0 pm=0 pt=0 ru=235196 rp=238544
19:01:55.695 @T t=20899 s=0.000 lv=-40.5 pk=-38.9 c0=3.1 c1=5.0 kw=4.89 inf=1.50 iv=0.00 n=0 d=0 sk=3 hf=96352 hm=93004 ht=283156 pf=0 pm=0 pt=0 ru=235196 rp=238544
19:01:55.695 @T t=21005 s=0.000 lv=-39.0 pk=-37.1 c0=3.0 c1=5.2 kw=5.10 inf=1.52 iv=0.00 n=0 d=0 sk=3 hf=96352 hm=93004 ht=283156 pf=0 pm=0 pt=0 ru=235196 rp=238544
19:01:55.695 @T t=21091 s=0.000 lv=-39.4 pk=-38.6 c0=7.9 c1=6.4 kw=5.94 inf=1.52 iv=0.00 n=0 d=0 sk=3 hf=96352 hm=93004 ht=283156 pf=0 pm=0 pt=0 ru=235196 rp=238544
19:01:55.695 [status] up 21s | mic -39.8 dBFS (peak -36.3) | score max 0.00 | detections 0 | inferences 0 (0.0/s; model 0.00 ms each, paused in quiet 100%; features 1.52 ms per 30 ms) | CPU core0  4.6% core1  5.4% (wake word pipeline 5.27% of one core) | RAM used 229 KB (peak 232 KB, 94 KB free) | wifi OK, server OK | audio lost since boot: i2s 0 net 0
19:01:55.695 @T t=21199 s=0.000 lv=-40.5 pk=-38.9 c0=7.6 c1=5.1 kw=4.91 inf=1.53 iv=0.00 n=0 d=0 sk=3 hf=96352 hm=93004 ht=283156 pf=0 pm=0 pt=0 ru=235196 rp=238544
19:01:55.695 @I ww=marvin cut=0.50 win=5 cool=1000 tick=100 wifi=1 srv=1 li=0 ln=0
19:01:55.695 @T t=21291 s=0.000 lv=-40.7 pk=-39.5 c0=4.6 c1=5.9 kw=5.75 inf=1.53 iv=0.00 n=0 d=0 sk=3 hf=96352 hm=93004 ht=283156 pf=0 pm=0 pt=0 ru=235196 rp=238544
19:01:55.695 @T t=21397 s=0.000 lv=-41.1 pk=-40.0 c0=6.4 c1=5.1 kw=4.94 inf=1.51 iv=0.00 n=0 d=0 sk=3 hf=96352 hm=93004 ht=283156 pf=0 pm=0 pt=0 ru=235196 rp=238544
19:01:55.695 @T t=21503 s=0.000 lv=-39.9 pk=-37.6 c0=6.7 c1=5.1 kw=4.95 inf=1.52 iv=0.00 n=0 d=0 sk=3 hf=96352 hm=93004 ht=283156 pf=0 pm=0 pt=0 ru=235196 rp=238544
19:01:55.695 @T t=21609 s=0.000 lv=-41.2 pk=-39.8 c0=3.3 c1=6.1 kw=5.99 inf=1.38 iv=0.00 n=0 d=0 sk=4 hf=96352 hm=93004 ht=283156 pf=0 pm=0 pt=0 ru=235196 rp=238544
19:01:55.695 @T t=21695 s=0.000 lv=-40.4 pk=-39.6 c0=3.7 c1=5.0 kw=4.88 inf=1.82 iv=0.00 n=0 d=0 sk=2 hf=96352 hm=93004 ht=283156 pf=0 pm=0 pt=0 ru=235196 rp=238544
19:01:55.695 @T t=21801 s=0.000 lv=-42.0 pk=-40.7 c0=3.0 c1=5.0 kw=4.88 inf=1.49 iv=0.00 n=0 d=0 sk=3 hf=96352 hm=93004 ht=283156 pf=0 pm=0 pt=0 ru=235196 rp=238544
19:01:58.186 @T t=21907 s=0.000 lv=-41.2 pk=-40.6 c0=3.2 c1=6.1 kw=5.90 inf=1.36 iv=0.00 n=0 d=0 sk=4 hf=96352 hm=93004 ht=283156 pf=0 pm=0 pt=0 ru=235196 rp=238544
19:01:58.187 @T t=21993 s=0.000 lv=-41.0 pk=-40.2 c0=3.8 c1=5.0 kw=4.87 inf=1.81 iv=0.00 n=0 d=0 sk=2 hf=96352 hm=93004 ht=283156 pf=0 pm=0 pt=0 ru=235196 rp=238544
19:01:58.187 @T t=22099 s=0.000 lv=-40.3 pk=-39.0 c0=3.1 c1=5.1 kw=4.94 inf=1.52 iv=0.00 n=0 d=0 sk=3 hf=96352 hm=93004 ht=283156 pf=0 pm=0 pt=0 ru=235196 rp=238544
19:01:58.187 @T t=22206 s=0.000 lv=-41.1 pk=-40.1 c0=9.6 c1=6.6 kw=6.41 inf=1.42 iv=0.00 n=0 d=0 sk=4 hf=96352 hm=93004 ht=283156 pf=0 pm=0 pt=0 ru=235196 rp=238544
19:01:58.187 @I ww=marvin cut=0.50 win=5 cool=1000 tick=100 wifi=1 srv=1 li=0 ln=0
19:01:58.187 @T t=22298 s=0.000 lv=-41.5 pk=-40.4 c0=4.8 c1=4.7 kw=4.59 inf=1.83 iv=0.00 n=0 d=0 sk=2 hf=96352 hm=93004 ht=283156 pf=0 pm=0 pt=0 ru=235196 rp=238544
19:01:58.187 @T t=22404 s=0.000 lv=-40.5 pk=-39.4 c0=3.7 c1=5.2 kw=4.98 inf=1.52 iv=0.00 n=0 d=0 sk=3 hf=96352 hm=93004 ht=283156 pf=0 pm=0 pt=0 ru=235196 rp=238544
19:01:58.187 @T t=22490 s=0.000 lv=-39.5 pk=-37.7 c0=4.1 c1=6.3 kw=6.20 inf=1.54 iv=0.00 n=0 d=0 sk=3 hf=96352 hm=93004 ht=283156 pf=0 pm=0 pt=0 ru=235196 rp=238544
19:01:58.187 @T t=22597 s=0.000 lv=-41.1 pk=-41.0 c0=3.5 c1=5.1 kw=4.91 inf=1.52 iv=0.00 n=0 d=0 sk=3 hf=96352 hm=93004 ht=283156 pf=0 pm=0 pt=0 ru=235196 rp=238544
19:01:58.187 @T t=22703 s=0.000 lv=-41.0 pk=-39.7 c0=3.2 c1=5.1 kw=4.96 inf=1.52 iv=0.00 n=0 d=0 sk=3 hf=96352 hm=93004 ht=283156 pf=0 pm=0 pt=0 ru=235196 rp=238544
19:01:58.187 @T t=22809 s=0.000 lv=-41.4 pk=-39.4 c0=6.2 c1=6.1 kw=5.89 inf=1.35 iv=0.00 n=0 d=0 sk=4 hf=96352 hm=93004 ht=283156 pf=0 pm=0 pt=0 ru=235196 rp=238544
19:01:58.187 @T t=22895 s=0.000 lv=-41.5 pk=-40.1 c0=3.9 c1=5.1 kw=4.92 inf=1.83 iv=0.00 n=0 d=0 sk=2 hf=96352 hm=93004 ht=283156 pf=0 pm=0 pt=0 ru=235196 rp=238544
19:01:58.187 @T t=23001 s=0.000 lv=-40.9 pk=-40.5 c0=3.1 c1=5.1 kw=4.93 inf=1.51 iv=0.00 n=0 d=0 sk=3 hf=96352 hm=93004 ht=283156 pf=0 pm=0 pt=0 ru=235196 rp=238544
19:01:58.187 @T t=23107 s=0.000 lv=-41.2 pk=-40.2 c0=3.1 c1=6.1 kw=5.89 inf=1.35 iv=0.00 n=0 d=0 sk=4 hf=96352 hm=93004 ht=283156 pf=0 pm=0 pt=0 ru=235196 rp=238544
19:01:58.187 @T t=23193 s=0.000 lv=-41.6 pk=-40.7 c0=4.4 c1=5.0 kw=4.88 inf=1.82 iv=0.00 n=0 d=0 sk=2 hf=96352 hm=93004 ht=283156 pf=0 pm=0 pt=0 ru=235196 rp=238544
19:01:58.187 @I ww=marvin cut=0.50 win=5 cool=1000 tick=100 wifi=1 srv=1 li=0 ln=0
19:01:58.187 @T t=23305 s=0.000 lv=-41.3 pk=-40.1 c0=3.7 c1=4.9 kw=4.83 inf=1.53 iv=0.00 n=0 d=0 sk=3 hf=96352 hm=93004 ht=283156 pf=0 pm=0 pt=0 ru=235196 rp=238544
19:01:58.187 @T t=23391 s=0.000 lv=-41.8 pk=-41.4 c0=3.8 c1=6.4 kw=5.90 inf=1.50 iv=0.00 n=0 d=0 sk=3 hf=96352 hm=93004 ht=283156 pf=0 pm=0 pt=0 ru=235196 rp=238544
19:01:58.187 @T t=23497 s=0.000 lv=-40.4 pk=-39.1 c0=3.1 c1=5.1 kw=4.94 inf=1.51 iv=0.00 n=0 d=0 sk=3 hf=96352 hm=93004 ht=283156 pf=0 pm=0 pt=0 ru=235196 rp=238544
19:01:58.187 @T t=23603 s=0.000 lv=-41.4 pk=-39.0 c0=3.0 c1=5.1 kw=4.93 inf=1.51 iv=0.00 n=0 d=0 sk=3 hf=96352 hm=93004 ht=283156 pf=0 pm=0 pt=0 ru=235196 rp=238544
19:01:58.187 @T t=23709 s=0.000 lv=-40.5 pk=-40.2 c0=6.6 c1=6.2 kw=5.97 inf=1.37 iv=0.00 n=0 d=0 sk=4 hf=96352 hm=93004 ht=283156 pf=0 pm=0 pt=0 ru=235196 rp=238544
19:01:58.187 @T t=23795 s=0.000 lv=-42.2 pk=-41.6 c0=3.9 c1=5.0 kw=4.90 inf=1.82 iv=0.00 n=0 d=0 sk=2 hf=96352 hm=93004 ht=283156 pf=0 pm=0 pt=0 ru=235196 rp=238544
19:01:58.187 @T t=23901 s=0.000 lv=-40.8 pk=-38.7 c0=3.2 c1=5.1 kw=4.95 inf=1.52 iv=0.00 n=0 d=0 sk=3 hf=96352 hm=93004 ht=283156 pf=0 pm=0 pt=0 ru=235196 rp=238544
19:01:58.187 @T t=24007 s=0.000 lv=-40.7 pk=-39.3 c0=3.1 c1=6.1 kw=5.90 inf=1.36 iv=0.00 n=0 d=0 sk=4 hf=96352 hm=93004 ht=283156 pf=0 pm=0 pt=0 ru=235196 rp=238544
19:01:58.187 @T t=24093 s=0.000 lv=-40.4 pk=-39.1 c0=7.9 c1=5.1 kw=4.91 inf=1.83 iv=0.00 n=0 d=0 sk=2 hf=96352 hm=93004 ht=283156 pf=0 pm=0 pt=0 ru=235196 rp=238544
19:01:58.187 @T t=24199 s=0.000 lv=-39.7 pk=-38.6 c0=6.3 c1=5.4 kw=4.91 inf=1.51 iv=0.00 n=0 d=0 sk=3 hf=96352 hm=93004 ht=283156 pf=0 pm=0 pt=0 ru=235196 rp=238544
19:01:58.187 @I ww=marvin cut=0.50 win=5 cool=1000 tick=100 wifi=1 srv=1 li=0 ln=0
19:01:58.187 @T t=24290 s=0.000 lv=-40.4 pk=-39.9 c0=13.1 c1=6.0 kw=5.89 inf=1.55 iv=0.00 n=0 d=0 sk=3 hf=96352 hm=93004 ht=283156 pf=0 pm=0 pt=0 ru=235196 rp=238544
19:02:00.792 @T t=24396 s=0.000 lv=-42.0 pk=-40.9 c0=6.9 c1=5.1 kw=4.91 inf=1.50 iv=0.00 n=0 d=0 sk=3 hf=96352 hm=93004 ht=283156 pf=0 pm=0 pt=0 ru=235196 rp=238544
19:02:00.792 @T t=24502 s=0.000 lv=-40.4 pk=-39.6 c0=3.3 c1=5.1 kw=5.00 inf=1.53 iv=0.00 n=0 d=0 sk=3 hf=96352 hm=93004 ht=283156 pf=0 pm=0 pt=0 ru=235196 rp=238544
19:02:00.792 @T t=24608 s=0.000 lv=-41.5 pk=-39.4 c0=6.3 c1=6.1 kw=5.90 inf=1.36 iv=0.00 n=0 d=0 sk=4 hf=96352 hm=93004 ht=283156 pf=0 pm=0 pt=0 ru=235196 rp=238544
19:02:00.792 @T t=24694 s=0.000 lv=-39.3 pk=-37.6 c0=7.7 c1=5.0 kw=4.88 inf=1.82 iv=0.00 n=0 d=0 sk=2 hf=96352 hm=93004 ht=283156 pf=0 pm=0 pt=0 ru=235196 rp=238544
19:02:00.792 @T t=24800 s=0.000 lv=-41.5 pk=-40.8 c0=3.0 c1=5.0 kw=4.90 inf=1.50 iv=0.00 n=0 d=0 sk=3 hf=96352 hm=93004 ht=283156 pf=0 pm=0 pt=0 ru=235196 rp=238544
19:02:00.792 @T t=24906 s=0.000 lv=-41.3 pk=-39.2 c0=3.6 c1=6.1 kw=5.95 inf=1.37 iv=0.00 n=0 d=0 sk=4 hf=96352 hm=93004 ht=283156 pf=0 pm=0 pt=0 ru=235196 rp=238544
19:02:00.792 @T t=24992 s=0.000 lv=-42.6 pk=-41.2 c0=3.9 c1=5.1 kw=4.94 inf=1.84 iv=0.00 n=0 d=0 sk=2 hf=96352 hm=93004 ht=283156 pf=0 pm=0 pt=0 ru=235196 rp=238544
19:02:00.792 @T t=25098 s=0.000 lv=-40.9 pk=-40.3 c0=3.2 c1=5.1 kw=4.91 inf=1.51 iv=0.00 n=0 d=0 sk=3 hf=96352 hm=93004 ht=283156 pf=0 pm=0 pt=0 ru=235196 rp=238544
19:02:00.792 @T t=25204 s=0.000 lv=-41.3 pk=-40.8 c0=3.6 c1=5.1 kw=4.95 inf=1.52 iv=0.00 n=0 d=0 sk=3 hf=96352 hm=93004 ht=283156 pf=0 pm=0 pt=0 ru=235196 rp=238544
19:02:00.792 @I ww=marvin cut=0.50 win=5 cool=1000 tick=100 wifi=1 srv=1 li=0 ln=0
19:02:00.792 @T t=25296 s=0.000 lv=-41.5 pk=-39.8 c0=4.6 c1=6.0 kw=5.80 inf=1.54 iv=0.00 n=0 d=0 sk=3 hf=96352 hm=93004 ht=283156 pf=0 pm=0 pt=0 ru=235196 rp=238544
19:02:00.792 @T t=25402 s=0.000 lv=-41.1 pk=-39.7 c0=3.1 c1=5.0 kw=4.91 inf=1.50 iv=0.00 n=0 d=0 sk=3 hf=96352 hm=93004 ht=283156 pf=0 pm=0 pt=0 ru=235196 rp=238544
19:02:00.792 @T t=25508 s=0.000 lv=-41.1 pk=-39.8 c0=3.3 c1=6.0 kw=5.88 inf=1.35 iv=0.00 n=0 d=0 sk=4 hf=96352 hm=93004 ht=283156 pf=0 pm=0 pt=0 ru=235196 rp=238544
19:02:00.792 @T t=25594 s=0.000 lv=-41.5 pk=-40.6 c0=3.7 c1=5.0 kw=4.86 inf=1.81 iv=0.00 n=0 d=0 sk=2 hf=96352 hm=93004 ht=283156 pf=0 pm=0 pt=0 ru=235196 rp=238544
19:02:00.792 @T t=25700 s=0.000 lv=-41.1 pk=-40.0 c0=3.0 c1=5.1 kw=4.91 inf=1.50 iv=0.00 n=0 d=0 sk=3 hf=96352 hm=93004 ht=283156 pf=0 pm=0 pt=0 ru=235196 rp=238544
19:02:00.792 @T t=25806 s=0.000 lv=-42.2 pk=-41.8 c0=3.0 c1=6.0 kw=5.87 inf=1.35 iv=0.00 n=0 d=0 sk=4 hf=96352 hm=93004 ht=283156 pf=0 pm=0 pt=0 ru=235196 rp=238544
19:02:00.792 @T t=25892 s=0.000 lv=-41.7 pk=-40.3 c0=3.8 c1=5.0 kw=4.86 inf=1.81 iv=0.00 n=0 d=0 sk=2 hf=96352 hm=93004 ht=283156 pf=0 pm=0 pt=0 ru=235196 rp=238544
19:02:00.792 @T t=25998 s=0.000 lv=-41.8 pk=-40.9 c0=3.4 c1=5.1 kw=4.96 inf=1.52 iv=0.00 n=0 d=0 sk=3 hf=96352 hm=93004 ht=283156 pf=0 pm=0 pt=0 ru=235196 rp=238544
19:02:00.792 @T t=26104 s=0.000 lv=-41.3 pk=-40.2 c0=3.4 c1=5.1 kw=4.99 inf=1.53 iv=0.00 n=0 d=0 sk=3 hf=96352 hm=93004 ht=283156 pf=0 pm=0 pt=0 ru=235196 rp=238544
19:02:00.792 @T t=26190 s=0.000 lv=-41.6 pk=-39.8 c0=7.8 c1=6.3 kw=6.13 inf=1.52 iv=0.00 n=0 d=0 sk=3 hf=96352 hm=93004 ht=283156 pf=0 pm=0 pt=0 ru=235196 rp=238544
19:02:00.792 @I ww=marvin cut=0.50 win=5 cool=1000 tick=100 wifi=1 srv=1 li=0 ln=0
19:02:00.792 @T t=26302 s=0.000 lv=-41.1 pk=-40.6 c0=7.1 c1=5.3 kw=4.83 inf=1.57 iv=0.00 n=0 d=0 sk=3 hf=96352 hm=93004 ht=283156 pf=0 pm=0 pt=0 ru=235196 rp=238544
19:02:00.792 @T t=26408 s=0.000 lv=-41.8 pk=-40.4 c0=4.0 c1=6.1 kw=5.96 inf=1.37 iv=0.00 n=0 d=0 sk=4 hf=96352 hm=93004 ht=283156 pf=0 pm=0 pt=0 ru=235196 rp=238544
19:02:00.792 @T t=26494 s=0.000 lv=-42.3 pk=-40.7 c0=4.0 c1=5.0 kw=4.90 inf=1.82 iv=0.00 n=0 d=0 sk=2 hf=96352 hm=93004 ht=283156 pf=0 pm=0 pt=0 ru=235196 rp=238544
19:02:00.792 @T t=26600 s=0.000 lv=-41.8 pk=-41.3 c0=6.3 c1=5.0 kw=4.91 inf=1.50 iv=0.00 n=0 d=0 sk=3 hf=96352 hm=93004 ht=283156 pf=0 pm=0 pt=0 ru=235196 rp=238544
19:02:00.792 @T t=26706 s=0.000 lv=-41.1 pk=-39.6 c0=3.0 c1=6.1 kw=5.89 inf=1.35 iv=0.00 n=0 d=0 sk=4 hf=96352 hm=93004 ht=283156 pf=0 pm=0 pt=0 ru=235196 rp=238544
19:02:00.792 @T t=26792 s=0.000 lv=-42.2 pk=-41.6 c0=7.7 c1=5.0 kw=4.86 inf=1.81 iv=0.00 n=0 d=0 sk=2 hf=96352 hm=93004 ht=283156 pf=0 pm=0 pt=0 ru=235196 rp=238544
19:02:00.792 @T t=26898 s=0.000 lv=-41.5 pk=-39.4 c0=3.2 c1=5.1 kw=4.93 inf=1.51 iv=0.00 n=0 d=0 sk=3 hf=96352 hm=93004 ht=283156 pf=0 pm=0 pt=0 ru=235196 rp=238544
19:02:03.381 @T t=27004 s=0.000 lv=-41.3 pk=-40.1 c0=3.1 c1=5.1 kw=4.93 inf=1.51 iv=0.00 n=0 d=0 sk=3 hf=96352 hm=93004 ht=283156 pf=0 pm=0 pt=0 ru=235196 rp=238544
19:02:03.381 @T t=27090 s=0.000 lv=-39.9 pk=-39.3 c0=8.3 c1=6.4 kw=6.20 inf=1.54 iv=0.00 n=0 d=0 sk=3 hf=96352 hm=93004 ht=283156 pf=0 pm=0 pt=0 ru=235196 rp=238544
19:02:03.381 @T t=27196 s=0.000 lv=-40.9 pk=-40.2 c0=3.3 c1=5.1 kw=4.96 inf=1.52 iv=0.00 n=0 d=0 sk=3 hf=96352 hm=93004 ht=283156 pf=0 pm=0 pt=0 ru=235196 rp=238544
19:02:03.381 @I ww=marvin cut=0.50 win=5 cool=1000 tick=100 wifi=1 srv=1 li=0 ln=0
19:02:03.381 @T t=27308 s=0.000 lv=-39.9 pk=-38.3 c0=4.1 c1=5.8 kw=5.62 inf=1.36 iv=0.00 n=0 d=0 sk=4 hf=96352 hm=93004 ht=283156 pf=0 pm=0 pt=0 ru=235196 rp=238544
19:02:03.381 @T t=27394 s=0.000 lv=-40.2 pk=-39.3 c0=4.0 c1=5.0 kw=4.91 inf=1.83 iv=0.00 n=0 d=0 sk=2 hf=96352 hm=93004 ht=283156 pf=0 pm=0 pt=0 ru=235196 rp=238544
19:02:03.381 @T t=27500 s=0.000 lv=-41.0 pk=-39.9 c0=3.1 c1=5.1 kw=4.92 inf=1.51 iv=0.00 n=0 d=0 sk=3 hf=96352 hm=93004 ht=283156 pf=0 pm=0 pt=0 ru=235196 rp=238544
19:02:03.381 @T t=27606 s=0.000 lv=-41.1 pk=-40.1 c0=3.0 c1=6.0 kw=5.89 inf=1.35 iv=0.00 n=0 d=0 sk=4 hf=96352 hm=93004 ht=283156 pf=0 pm=0 pt=0 ru=235196 rp=238544
19:02:03.381 @T t=27692 s=0.000 lv=-40.1 pk=-38.9 c0=3.7 c1=5.0 kw=4.89 inf=1.82 iv=0.00 n=0 d=0 sk=2 hf=96352 hm=93004 ht=283156 pf=0 pm=0 pt=0 ru=235196 rp=238544
19:02:03.381 @T t=27798 s=0.000 lv=-40.5 pk=-39.6 c0=6.3 c1=5.1 kw=4.92 inf=1.51 iv=0.00 n=0 d=0 sk=3 hf=96352 hm=93004 ht=283156 pf=0 pm=0 pt=0 ru=235196 rp=238544
19:02:03.382 @T t=27904 s=0.000 lv=-39.6 pk=-38.8 c0=3.2 c1=5.1 kw=4.95 inf=1.52 iv=0.00 n=0 d=0 sk=3 hf=96352 hm=93004 ht=283156 pf=0 pm=0 pt=0 ru=235196 rp=238544
19:02:03.382 @T t=27990 s=0.000 lv=-40.4 pk=-39.0 c0=7.7 c1=6.3 kw=6.13 inf=1.52 iv=0.00 n=0 d=0 sk=3 hf=96352 hm=93004 ht=283156 pf=0 pm=0 pt=0 ru=235196 rp=238544
19:02:03.382 @T t=28096 s=0.000 lv=-40.0 pk=-39.0 c0=3.1 c1=5.1 kw=4.94 inf=1.51 iv=0.00 n=0 d=0 sk=3 hf=96352 hm=93004 ht=283156 pf=0 pm=0 pt=0 ru=235196 rp=238544
19:02:03.382 @T t=28202 s=0.000 lv=-37.5 pk=-34.0 c0=3.6 c1=15.8 kw=15.64 inf=1.32 iv=1.00 n=11 d=0 sk=1 hf=96352 hm=93004 ht=283156 pf=0 pm=0 pt=0 ru=235196 rp=238544
19:02:03.382 @I ww=marvin cut=0.50 win=5 cool=1000 tick=100 wifi=1 srv=1 li=0 ln=0
19:02:03.382 @T t=28295 s=0.000 lv=-40.2 pk=-38.7 c0=14.7 c1=12.3 kw=11.69 inf=2.53 iv=1.28 n=4 d=0 sk=0 hf=96352 hm=93004 ht=283156 pf=0 pm=0 pt=0 ru=235196 rp=238544
19:02:03.382 @T t=28401 s=0.000 lv=-40.5 pk=-39.3 c0=4.1 c1=9.3 kw=9.08 inf=2.96 iv=1.33 n=3 d=0 sk=0 hf=96352 hm=93004 ht=283156 pf=0 pm=0 pt=0 ru=235196 rp=238544
19:02:03.382 @T t=28507 s=0.000 lv=-40.4 pk=-39.1 c0=3.5 c1=10.8 kw=10.82 inf=2.65 iv=1.19 n=4 d=0 sk=0 hf=96352 hm=93004 ht=283156 pf=0 pm=0 pt=0 ru=235196 rp=238544
19:02:03.382 @T t=28593 s=0.000 lv=-38.7 pk=-37.5 c0=4.3 c1=9.7 kw=9.29 inf=2.47 iv=1.18 n=3 d=0 sk=0 hf=96352 hm=93004 ht=283156 pf=0 pm=0 pt=0 ru=235196 rp=238544
19:02:03.382 @T t=28699 s=0.000 lv=-40.1 pk=-39.4 c0=6.4 c1=8.7 kw=8.52 inf=2.77 iv=1.17 n=3 d=0 sk=0 hf=96352 hm=93004 ht=283156 pf=0 pm=0 pt=0 ru=235196 rp=238544
19:02:03.382 @T t=28805 s=0.000 lv=-40.5 pk=-40.0 c0=3.4 c1=8.8 kw=8.72 inf=2.79 iv=1.19 n=3 d=0 sk=0 hf=96352 hm=93004 ht=283156 pf=0 pm=0 pt=0 ru=235196 rp=238544
19:02:03.382 @T t=28891 s=0.000 lv=-40.8 pk=-39.6 c0=7.6 c1=12.6 kw=12.32 inf=2.50 iv=1.29 n=4 d=0 sk=0 hf=96352 hm=93004 ht=283156 pf=0 pm=0 pt=0 ru=235196 rp=238544
19:02:03.382 @T t=28997 s=0.000 lv=-40.5 pk=-39.3 c0=3.4 c1=8.7 kw=8.49 inf=2.76 iv=1.17 n=3 d=0 sk=0 hf=96352 hm=93004 ht=283156 pf=0 pm=0 pt=0 ru=235196 rp=238544
19:02:03.382 @T t=29103 s=0.000 lv=-40.2 pk=-39.0 c0=3.6 c1=8.8 kw=8.62 inf=2.80 iv=1.20 n=3 d=0 sk=0 hf=96352 hm=93004 ht=283156 pf=0 pm=0 pt=0 ru=235196 rp=238544
19:02:03.382 @T t=29209 s=0.000 lv=-40.5 pk=-39.7 c0=3.5 c1=10.8 kw=10.58 inf=2.59 iv=1.15 n=4 d=0 sk=0 hf=96352 hm=93004 ht=283156 pf=0 pm=0 pt=0 ru=235196 rp=238544
19:02:03.382 @I ww=marvin cut=0.50 win=5 cool=1000 tick=100 wifi=1 srv=1 li=0 ln=0
19:02:03.382 @T t=29301 s=0.000 lv=-41.4 pk=-40.3 c0=5.3 c1=8.9 kw=8.76 inf=2.49 iv=1.19 n=3 d=0 sk=0 hf=96352 hm=93004 ht=283156 pf=0 pm=0 pt=0 ru=235196 rp=238544
19:02:03.382 @T t=29407 s=0.000 lv=-40.9 pk=-39.6 c0=7.2 c1=11.3 kw=11.03 inf=2.70 iv=1.23 n=4 d=0 sk=0 hf=96352 hm=93004 ht=283156 pf=0 pm=0 pt=0 ru=235196 rp=238544
19:02:03.382 @T t=29493 s=0.000 lv=-41.8 pk=-41.3 c0=4.1 c1=9.4 kw=9.22 inf=2.45 iv=1.17 n=3 d=0 sk=0 hf=96352 hm=93004 ht=283156 pf=0 pm=0 pt=0 ru=235196 rp=238544
19:02:05.680 @T t=29599 s=0.000 lv=-39.9 pk=-37.9 c0=3.4 c1=8.6 kw=8.42 inf=2.74 iv=1.14 n=3 d=0 sk=0 hf=96352 hm=93004 ht=283156 pf=0 pm=0 pt=0 ru=235196 rp=238544
19:02:05.681 @T t=29705 s=0.000 lv=-40.8 pk=-40.1 c0=6.6 c1=8.7 kw=8.57 inf=2.74 iv=1.14 n=3 d=0 sk=0 hf=96352 hm=93004 ht=283156 pf=0 pm=0 pt=0 ru=235196 rp=238544
19:02:05.681 @T t=29793 s=0.000 lv=-41.0 pk=-40.6 c0=3.8 c1=9.5 kw=9.22 inf=1.88 iv=1.40 n=2 d=0 sk=2 hf=96352 hm=93004 ht=283156 pf=0 pm=0 pt=0 ru=235196 rp=238544
19:02:05.681 @T t=29899 s=0.000 lv=-41.0 pk=-39.2 c0=3.5 c1=5.1 kw=4.98 inf=1.52 iv=0.00 n=0 d=0 sk=3 hf=96352 hm=93004 ht=283156 pf=0 pm=0 pt=0 ru=235196 rp=238544
19:02:05.681 @T t=30005 s=0.000 lv=-40.7 pk=-39.7 c0=3.1 c1=5.2 kw=5.10 inf=1.53 iv=0.00 n=0 d=0 sk=3 hf=96352 hm=93004 ht=283156 pf=0 pm=0 pt=0 ru=235196 rp=238544
19:02:05.681 @T t=30091 s=0.000 lv=-40.8 pk=-39.8 c0=7.9 c1=6.4 kw=5.95 inf=1.52 iv=0.00 n=0 d=0 sk=3 hf=96352 hm=93004 ht=283156 pf=0 pm=0 pt=0 ru=235196 rp=238544
19:02:05.681 @T t=30197 s=0.000 lv=-40.1 pk=-39.0 c0=3.1 c1=5.1 kw=4.95 inf=1.52 iv=0.00 n=0 d=0 sk=3 hf=96352 hm=93004 ht=283156 pf=0 pm=0 pt=0 ru=235196 rp=238544
19:02:05.681 @I ww=marvin cut=0.50 win=5 cool=1000 tick=100 wifi=1 srv=1 li=0 ln=0
19:02:05.681 @T t=30309 s=0.000 lv=-41.1 pk=-39.7 c0=6.7 c1=6.2 kw=5.73 inf=1.39 iv=0.00 n=0 d=0 sk=4 hf=96352 hm=93004 ht=283156 pf=0 pm=0 pt=0 ru=235196 rp=238544
19:02:05.681 @T t=30395 s=0.000 lv=-41.6 pk=-39.9 c0=8.8 c1=5.1 kw=4.97 inf=1.85 iv=0.00 n=0 d=0 sk=2 hf=96352 hm=93004 ht=283156 pf=0 pm=0 pt=0 ru=235196 rp=238544
19:02:05.681 @T t=30501 s=0.000 lv=-41.5 pk=-40.4 c0=3.6 c1=5.1 kw=4.98 inf=1.52 iv=0.00 n=0 d=0 sk=3 hf=96352 hm=93004 ht=283156 pf=0 pm=0 pt=0 ru=235196 rp=238544
19:02:05.681 @T t=30607 s=0.000 lv=-41.0 pk=-39.4 c0=3.3 c1=6.1 kw=5.92 inf=1.36 iv=0.00 n=0 d=0 sk=4 hf=96352 hm=93004 ht=283156 pf=0 pm=0 pt=0 ru=235196 rp=238544
19:02:05.681 @T t=30693 s=0.000 lv=-40.5 pk=-38.8 c0=3.7 c1=5.0 kw=4.88 inf=1.82 iv=0.00 n=0 d=0 sk=2 hf=96352 hm=93004 ht=283156 pf=0 pm=0 pt=0 ru=235196 rp=238544
19:02:05.681 @T t=30799 s=0.000 lv=-40.8 pk=-39.4 c0=3.0 c1=5.1 kw=4.91 inf=1.50 iv=0.00 n=0 d=0 sk=3 hf=96352 hm=93004 ht=283156 pf=0 pm=0 pt=0 ru=235196 rp=238544
19:02:05.681 @T t=30905 s=0.000 lv=-40.7 pk=-40.1 c0=3.2 c1=5.2 kw=5.08 inf=1.52 iv=0.00 n=0 d=0 sk=3 hf=96352 hm=93004 ht=283156 pf=0 pm=0 pt=0 ru=235196 rp=238544
19:02:05.681 @T t=30991 s=0.000 lv=-40.6 pk=-38.6 c0=3.8 c1=6.4 kw=5.92 inf=1.51 iv=0.00 n=0 d=0 sk=3 hf=96352 hm=93004 ht=283156 pf=0 pm=0 pt=0 ru=235196 rp=238544
19:02:05.681 @T t=31097 s=0.000 lv=-40.7 pk=-38.6 c0=3.2 c1=5.1 kw=4.95 inf=1.52 iv=0.00 n=0 d=0 sk=3 hf=96352 hm=93004 ht=283156 pf=0 pm=0 pt=0 ru=235196 rp=238544
19:02:05.681 [status] up 31s | mic -40.8 dBFS (peak -34.0) | score max 0.00 | detections 0 | inferences 63 (6.3/s; model 1.18 ms each, paused in quiet 80%; features 1.46 ms per 30 ms) | CPU core0  4.7% core1  6.2% (wake word pipeline 6.05% of one core) | RAM used 229 KB (peak 232 KB, 94 KB free) | wifi OK, server OK | audio lost since boot: i2s 0 net 0
19:02:05.681 @T t=31205 s=0.000 lv=-40.5 pk=-39.4 c0=23.8 c1=5.1 kw=5.03 inf=1.53 iv=0.00 n=0 d=0 sk=3 hf=96352 hm=93004 ht=283156 pf=0 pm=0 pt=0 ru=235196 rp=238544
19:02:05.681 @I ww=marvin cut=0.50 win=5 cool=1000 tick=100 wifi=1 srv=1 li=0 ln=0
19:02:05.681 @T t=31297 s=0.000 lv=-39.3 pk=-38.7 c0=14.0 c1=6.1 kw=5.60 inf=1.53 iv=0.00 n=0 d=0 sk=3 hf=96352 hm=93004 ht=283156 pf=0 pm=0 pt=0 ru=235196 rp=238544
19:02:05.681 @T t=31403 s=0.000 lv=-40.4 pk=-39.5 c0=3.3 c1=5.1 kw=4.97 inf=1.52 iv=0.00 n=0 d=0 sk=3 hf=96352 hm=93004 ht=283156 pf=0 pm=0 pt=0 ru=235196 rp=238544
19:02:05.681 @T t=31509 s=0.000 lv=-40.4 pk=-39.2 c0=6.3 c1=6.1 kw=5.91 inf=1.36 iv=0.00 n=0 d=0 sk=4 hf=96352 hm=93004 ht=283156 pf=0 pm=0 pt=0 ru=235196 rp=238544
19:02:05.681 @T t=31595 s=0.000 lv=-40.3 pk=-39.6 c0=4.2 c1=5.1 kw=4.96 inf=1.85 iv=0.00 n=0 d=0 sk=2 hf=96352 hm=93004 ht=283156 pf=0 pm=0 pt=0 ru=235196 rp=238544
19:02:05.681 @T t=31701 s=0.000 lv=-39.1 pk=-36.9 c0=3.2 c1=5.1 kw=4.96 inf=1.52 iv=0.00 n=0 d=0 sk=3 hf=96352 hm=93004 ht=283156 pf=0 pm=0 pt=0 ru=235196 rp=238544
19:02:05.681 @T t=31807 s=0.000 lv=-41.1 pk=-40.7 c0=3.0 c1=6.0 kw=5.87 inf=1.35 iv=0.00 n=0 d=0 sk=4 hf=96352 hm=93004 ht=283156 pf=0 pm=0 pt=0 ru=235196 rp=238544
19:02:08.272 @T t=31893 s=0.000 lv=-41.4 pk=-40.5 c0=3.9 c1=5.1 kw=4.90 inf=1.83 iv=0.00 n=0 d=0 sk=2 hf=96352 hm=93004 ht=283156 pf=0 pm=0 pt=0 ru=235196 rp=238544
19:02:08.272 @T t=31999 s=0.000 lv=-40.9 pk=-40.0 c0=3.1 c1=5.0 kw=4.91 inf=1.50 iv=0.00 n=0 d=0 sk=3 hf=96352 hm=93004 ht=283156 pf=0 pm=0 pt=0 ru=235196 rp=238544
19:02:08.272 @T t=32105 s=0.000 lv=-40.2 pk=-38.4 c0=3.1 c1=5.2 kw=5.13 inf=1.54 iv=0.00 n=0 d=0 sk=3 hf=96352 hm=93004 ht=283156 pf=0 pm=0 pt=0 ru=235196 rp=238544
19:02:08.272 @T t=32191 s=0.000 lv=-40.7 pk=-39.9 c0=3.8 c1=6.4 kw=6.13 inf=1.57 iv=0.00 n=0 d=0 sk=3 hf=96352 hm=93004 ht=283156 pf=0 pm=0 pt=0 ru=235196 rp=238544
19:02:08.272 @I ww=marvin cut=0.50 win=5 cool=1000 tick=100 wifi=1 srv=1 li=0 ln=0
19:02:08.272 @T t=32303 s=0.000 lv=-41.0 pk=-39.7 c0=14.1 c1=5.4 kw=4.85 inf=1.57 iv=0.00 n=0 d=0 sk=3 hf=96352 hm=93004 ht=283156 pf=0 pm=0 pt=0 ru=235196 rp=238544
19:02:08.272 @T t=32392 s=0.000 lv=-40.8 pk=-39.8 c0=11.4 c1=6.2 kw=6.03 inf=1.55 iv=0.00 n=0 d=0 sk=3 hf=96352 hm=93004 ht=283156 pf=0 pm=0 pt=0 ru=235196 rp=238544
19:02:08.272 @T t=32498 s=0.000 lv=-41.1 pk=-40.2 c0=3.2 c1=5.1 kw=4.95 inf=1.51 iv=0.00 n=0 d=0 sk=3 hf=96352 hm=93004 ht=283156 pf=0 pm=0 pt=0 ru=235196 rp=238544
19:02:08.272 @T t=32604 s=0.000 lv=-41.6 pk=-40.8 c0=3.1 c1=5.1 kw=4.92 inf=1.51 iv=0.00 n=0 d=0 sk=3 hf=96352 hm=93004 ht=283156 pf=0 pm=0 pt=0 ru=235196 rp=238544
19:02:08.272 @T t=32690 s=0.000 lv=-41.8 pk=-40.8 c0=3.7 c1=6.3 kw=6.10 inf=1.52 iv=0.00 n=0 d=0 sk=3 hf=96352 hm=93004 ht=283156 pf=0 pm=0 pt=0 ru=235196 rp=238544
19:02:08.272 @T t=32796 s=0.000 lv=-41.8 pk=-40.4 c0=6.7 c1=5.1 kw=4.94 inf=1.51 iv=0.00 n=0 d=0 sk=3 hf=96352 hm=93004 ht=283156 pf=0 pm=0 pt=0 ru=235196 rp=238544
19:02:08.272 @T t=32902 s=0.000 lv=-40.2 pk=-39.2 c0=3.3 c1=5.1 kw=4.97 inf=1.52 iv=0.00 n=0 d=0 sk=3 hf=96352 hm=93004 ht=283156 pf=0 pm=0 pt=0 ru=235196 rp=238544
19:02:08.272 @T t=33008 s=0.000 lv=-41.4 pk=-40.0 c0=3.1 c1=6.1 kw=5.94 inf=1.37 iv=0.00 n=0 d=0 sk=4 hf=96352 hm=93004 ht=283156 pf=0 pm=0 pt=0 ru=235196 rp=238544
19:02:08.272 @T t=33094 s=0.000 lv=-40.6 pk=-39.2 c0=7.9 c1=5.1 kw=4.90 inf=1.83 iv=0.00 n=0 d=0 sk=2 hf=96352 hm=93004 ht=283156 pf=0 pm=0 pt=0 ru=235196 rp=238544
19:02:08.272 @T t=33200 s=0.000 lv=-41.6 pk=-40.5 c0=3.1 c1=5.1 kw=4.92 inf=1.51 iv=0.00 n=0 d=0 sk=3 hf=96352 hm=93004 ht=283156 pf=0 pm=0 pt=0 ru=235196 rp=238544
19:02:08.272 @I ww=marvin cut=0.50 win=5 cool=1000 tick=100 wifi=1 srv=1 li=0 ln=0
19:02:08.272 @T t=33292 s=0.000 lv=-41.4 pk=-40.4 c0=4.9 c1=5.9 kw=5.73 inf=1.52 iv=0.00 n=0 d=0 sk=3 hf=96352 hm=93004 ht=283156 pf=0 pm=0 pt=0 ru=235196 rp=238544
19:02:08.272 @T t=33398 s=0.000 lv=-41.2 pk=-40.4 c0=3.2 c1=5.1 kw=4.99 inf=1.53 iv=0.00 n=0 d=0 sk=3 hf=96352 hm=93004 ht=283156 pf=0 pm=0 pt=0 ru=235196 rp=238544
19:02:08.272 @T t=33504 s=0.000 lv=-40.9 pk=-39.8 c0=3.1 c1=5.1 kw=4.91 inf=1.50 iv=0.00 n=0 d=0 sk=3 hf=96352 hm=93004 ht=283156 pf=0 pm=0 pt=0 ru=235196 rp=238544
19:02:08.272 @T t=33590 s=0.000 lv=-41.8 pk=-40.5 c0=7.7 c1=6.3 kw=6.13 inf=1.52 iv=0.00 n=0 d=0 sk=3 hf=96352 hm=93004 ht=283156 pf=0 pm=0 pt=0 ru=235196 rp=238544
19:02:08.272 @T t=33696 s=0.000 lv=-41.1 pk=-39.5 c0=3.0 c1=5.1 kw=4.90 inf=1.50 iv=0.00 n=0 d=0 sk=3 hf=96352 hm=93004 ht=283156 pf=0 pm=0 pt=0 ru=235196 rp=238544
19:02:08.272 @T t=33802 s=0.000 lv=-41.0 pk=-39.5 c0=6.3 c1=5.0 kw=4.91 inf=1.50 iv=0.00 n=0 d=0 sk=3 hf=96352 hm=93004 ht=283156 pf=0 pm=0 pt=0 ru=235196 rp=238544
19:02:08.272 @T t=33908 s=0.000 lv=-40.8 pk=-39.0 c0=3.5 c1=6.2 kw=5.98 inf=1.37 iv=0.00 n=0 d=0 sk=4 hf=96352 hm=93004 ht=283156 pf=0 pm=0 pt=0 ru=235196 rp=238544
19:02:08.272 @T t=33994 s=0.000 lv=-39.9 pk=-38.3 c0=4.0 c1=5.1 kw=4.95 inf=1.85 iv=0.00 n=0 d=0 sk=2 hf=96352 hm=93004 ht=283156 pf=0 pm=0 pt=0 ru=235196 rp=238544
19:02:08.272 @T t=34100 s=0.000 lv=-41.0 pk=-40.2 c0=6.4 c1=5.1 kw=4.95 inf=1.52 iv=0.00 n=0 d=0 sk=3 hf=96352 hm=93004 ht=283156 pf=0 pm=0 pt=0 ru=235196 rp=238544
19:02:08.272 @T t=34206 s=0.000 lv=-41.2 pk=-40.2 c0=6.3 c1=6.1 kw=5.92 inf=1.36 iv=0.00 n=0 d=0 sk=4 hf=96352 hm=93004 ht=283156 pf=0 pm=0 pt=0 ru=235196 rp=238544
19:02:08.272 @I ww=marvin cut=0.50 win=5 cool=1000 tick=100 wifi=1 srv=1 li=0 ln=0
19:02:08.272 @T t=34298 s=0.000 lv=-40.2 pk=-39.3 c0=8.1 c1=5.3 kw=4.75 inf=1.89 iv=0.00 n=0 d=0 sk=2 hf=96352 hm=93004 ht=283156 pf=0 pm=0 pt=0 ru=235196 rp=238544
19:02:08.272 @T t=34404 s=0.000 lv=-41.2 pk=-40.4 c0=4.0 c1=5.2 kw=5.03 inf=1.54 iv=0.00 n=0 d=0 sk=3 hf=96352 hm=93004 ht=283156 pf=0 pm=0 pt=0 ru=235196 rp=238544
19:02:10.779 @T t=34490 s=0.000 lv=-41.4 pk=-40.8 c0=4.1 c1=6.3 kw=6.15 inf=1.53 iv=0.00 n=0 d=0 sk=3 hf=96352 hm=93004 ht=283156 pf=0 pm=0 pt=0 ru=235196 rp=238544
19:02:10.780 @T t=34596 s=0.000 lv=-41.2 pk=-40.0 c0=3.0 c1=5.0 kw=4.91 inf=1.50 iv=0.00 n=0 d=0 sk=3 hf=96352 hm=93004 ht=283156 pf=0 pm=0 pt=0 ru=235196 rp=238544
19:02:10.780 @T t=34702 s=0.000 lv=-41.3 pk=-39.9 c0=3.0 c1=5.0 kw=4.91 inf=1.50 iv=0.00 n=0 d=0 sk=3 hf=96352 hm=93004 ht=283156 pf=0 pm=0 pt=0 ru=235196 rp=238544
19:02:10.780 @T t=34808 s=0.000 lv=-41.5 pk=-39.9 c0=3.0 c1=6.1 kw=5.91 inf=1.36 iv=0.00 n=0 d=0 sk=4 hf=96352 hm=93004 ht=283156 pf=0 pm=0 pt=0 ru=235196 rp=238544
19:02:10.780 @T t=34894 s=0.000 lv=-41.7 pk=-40.8 c0=3.9 c1=5.0 kw=4.87 inf=1.81 iv=0.00 n=0 d=0 sk=2 hf=96352 hm=93004 ht=283156 pf=0 pm=0 pt=0 ru=235196 rp=238544
19:02:10.780 @T t=35000 s=0.000 lv=-40.5 pk=-39.8 c0=3.4 c1=5.2 kw=5.01 inf=1.53 iv=0.00 n=0 d=0 sk=3 hf=96352 hm=93004 ht=283156 pf=0 pm=0 pt=0 ru=235196 rp=238544
19:02:10.780 @T t=35106 s=0.000 lv=-40.8 pk=-39.3 c0=3.4 c1=6.1 kw=5.94 inf=1.37 iv=0.00 n=0 d=0 sk=4 hf=96352 hm=93004 ht=283156 pf=0 pm=0 pt=0 ru=235196 rp=238544
19:02:10.780 @T t=35192 s=0.000 lv=-40.4 pk=-39.9 c0=3.8 c1=5.0 kw=4.89 inf=1.82 iv=0.00 n=0 d=0 sk=2 hf=96352 hm=93004 ht=283156 pf=0 pm=0 pt=0 ru=235196 rp=238544
19:02:10.780 @I ww=marvin cut=0.50 win=5 cool=1000 tick=100 wifi=1 srv=1 li=0 ln=0
19:02:10.780 @T t=35304 s=0.000 lv=-40.7 pk=-39.2 c0=4.1 c1=4.9 kw=4.70 inf=1.52 iv=0.00 n=0 d=0 sk=3 hf=96352 hm=93004 ht=283156 pf=0 pm=0 pt=0 ru=235196 rp=238544
19:02:10.780 @T t=35390 s=0.000 lv=-40.5 pk=-38.6 c0=4.1 c1=6.3 kw=6.17 inf=1.53 iv=0.00 n=0 d=0 sk=3 hf=96352 hm=93004 ht=283156 pf=0 pm=0 pt=0 ru=235196 rp=238544
19:02:10.780 @T t=35496 s=0.000 lv=-40.5 pk=-39.0 c0=3.0 c1=5.0 kw=4.92 inf=1.51 iv=0.00 n=0 d=0 sk=3 hf=96352 hm=93004 ht=283156 pf=0 pm=0 pt=0 ru=235196 rp=238544
19:02:10.780 @T t=35602 s=0.000 lv=-40.3 pk=-38.0 c0=3.0 c1=5.0 kw=4.91 inf=1.50 iv=0.00 n=0 d=0 sk=3 hf=96352 hm=93004 ht=283156 pf=0 pm=0 pt=0 ru=235196 rp=238544
19:02:10.780 @T t=35708 s=0.000 lv=-41.2 pk=-40.4 c0=6.3 c1=6.1 kw=5.89 inf=1.35 iv=0.00 n=0 d=0 sk=4 hf=96352 hm=93004 ht=283156 pf=0 pm=0 pt=0 ru=235196 rp=238544
19:02:10.780 @T t=35794 s=0.000 lv=-42.0 pk=-40.9 c0=7.7 c1=5.0 kw=4.87 inf=1.81 iv=0.00 n=0 d=0 sk=2 hf=96352 hm=93004 ht=283156 pf=0 pm=0 pt=0 ru=235196 rp=238544
19:02:10.780 @T t=35900 s=0.000 lv=-42.6 pk=-41.7 c0=3.1 c1=5.1 kw=4.94 inf=1.51 iv=0.00 n=0 d=0 sk=3 hf=96352 hm=93004 ht=283156 pf=0 pm=0 pt=0 ru=235196 rp=238544
19:02:10.780 @T t=36006 s=0.000 lv=-41.6 pk=-40.1 c0=3.1 c1=6.0 kw=5.88 inf=1.35 iv=0.00 n=0 d=0 sk=4 hf=96352 hm=93004 ht=283156 pf=0 pm=0 pt=0 ru=235196 rp=238544
19:02:10.780 @T t=36092 s=0.000 lv=-41.4 pk=-40.1 c0=8.3 c1=5.1 kw=4.95 inf=1.84 iv=0.00 n=0 d=0 sk=2 hf=96352 hm=93004 ht=283156 pf=0 pm=0 pt=0 ru=235196 rp=238544
19:02:10.780 @T t=36198 s=0.000 lv=-42.4 pk=-41.6 c0=3.3 c1=5.0 kw=4.92 inf=1.51 iv=0.00 n=0 d=0 sk=3 hf=96352 hm=93004 ht=283156 pf=0 pm=0 pt=0 ru=235196 rp=238544
19:02:10.780 @I ww=marvin cut=0.50 win=5 cool=1000 tick=100 wifi=1 srv=1 li=0 ln=0
19:02:10.780 @T t=36290 s=0.000 lv=-40.9 pk=-38.3 c0=17.1 c1=6.5 kw=5.91 inf=1.57 iv=0.00 n=0 d=0 sk=3 hf=96352 hm=93004 ht=283156 pf=0 pm=0 pt=0 ru=235196 rp=238544
19:02:10.780 @T t=36396 s=0.000 lv=-40.6 pk=-40.0 c0=4.0 c1=5.1 kw=5.01 inf=1.54 iv=0.00 n=0 d=0 sk=3 hf=96352 hm=93004 ht=283156 pf=0 pm=0 pt=0 ru=235196 rp=238544
19:02:10.780 @T t=36502 s=0.000 lv=-40.3 pk=-39.8 c0=3.2 c1=5.0 kw=4.92 inf=1.51 iv=0.00 n=0 d=0 sk=3 hf=96352 hm=93004 ht=283156 pf=0 pm=0 pt=0 ru=235196 rp=238544
19:02:10.780 @T t=36608 s=0.000 lv=-40.1 pk=-38.5 c0=3.1 c1=6.1 kw=5.92 inf=1.36 iv=0.00 n=0 d=0 sk=4 hf=96352 hm=93004 ht=283156 pf=0 pm=0 pt=0 ru=235196 rp=238544
19:02:10.780 @T t=36694 s=0.000 lv=-40.5 pk=-39.8 c0=7.7 c1=5.0 kw=4.86 inf=1.81 iv=0.00 n=0 d=0 sk=2 hf=96352 hm=93004 ht=283156 pf=0 pm=0 pt=0 ru=235196 rp=238544
19:02:10.780 @T t=36800 s=0.000 lv=-39.2 pk=-37.6 c0=6.3 c1=5.1 kw=4.92 inf=1.51 iv=0.00 n=0 d=0 sk=3 hf=96352 hm=93004 ht=283156 pf=0 pm=0 pt=0 ru=235196 rp=238544
19:02:10.780 @T t=36906 s=0.000 lv=-37.1 pk=-33.8 c0=6.6 c1=16.4 kw=16.23 inf=1.26 iv=0.97 n=11 d=0 sk=2 hf=96352 hm=93004 ht=283156 pf=0 pm=0 pt=0 ru=235196 rp=238544
19:02:13.391 @T t=36992 s=0.000 lv=-37.7 pk=-36.2 c0=7.5 c1=9.3 kw=9.06 inf=2.40 iv=1.12 n=3 d=0 sk=0 hf=96352 hm=93004 ht=283156 pf=0 pm=0 pt=0 ru=235196 rp=238544
19:02:13.391 @T t=37098 s=0.000 lv=-38.3 pk=-36.8 c0=3.6 c1=8.7 kw=8.51 inf=2.77 iv=1.17 n=3 d=0 sk=0 hf=96352 hm=93004 ht=283156 pf=0 pm=0 pt=0 ru=235196 rp=238544
19:02:13.391 @T t=37204 s=0.000 lv=-40.3 pk=-38.6 c0=3.8 c1=9.7 kw=9.54 inf=2.34 iv=1.15 n=4 d=0 sk=0 hf=96352 hm=93004 ht=283156 pf=0 pm=0 pt=0 ru=235196 rp=238544
19:02:13.391 @I ww=marvin cut=0.50 win=5 cool=1000 tick=100 wifi=1 srv=1 li=0 ln=0
19:02:13.391 @T t=37299 s=0.000 lv=-39.1 pk=-38.2 c0=5.2 c1=10.2 kw=9.98 inf=2.91 iv=1.24 n=3 d=0 sk=0 hf=96352 hm=93004 ht=283156 pf=0 pm=0 pt=0 ru=235196 rp=238544
19:02:13.391 @T t=37405 s=0.000 lv=-39.7 pk=-38.9 c0=3.5 c1=8.9 kw=8.78 inf=2.81 iv=1.20 n=3 d=0 sk=0 hf=96352 hm=93004 ht=283156 pf=0 pm=0 pt=0 ru=235196 rp=238544
19:02:13.391 @T t=37491 s=0.000 lv=-40.5 pk=-38.5 c0=7.4 c1=12.4 kw=12.13 inf=2.46 iv=1.26 n=4 d=0 sk=0 hf=96352 hm=93004 ht=283156 pf=0 pm=0 pt=0 ru=235196 rp=238544
19:02:13.391 @T t=37597 s=0.000 lv=-40.5 pk=-39.6 c0=3.9 c1=8.7 kw=8.49 inf=2.76 iv=1.16 n=3 d=0 sk=0 hf=96352 hm=93004 ht=283156 pf=0 pm=0 pt=0 ru=235196 rp=238544
19:02:13.391 @T t=37703 s=0.000 lv=-40.2 pk=-38.5 c0=3.5 c1=8.7 kw=8.51 inf=2.77 iv=1.17 n=3 d=0 sk=0 hf=96352 hm=93004 ht=283156 pf=0 pm=0 pt=0 ru=235196 rp=238544
19:02:13.391 @T t=37809 s=0.000 lv=-39.0 pk=-37.8 c0=3.4 c1=10.8 kw=10.54 inf=2.58 iv=1.14 n=4 d=0 sk=0 hf=96352 hm=93004 ht=283156 pf=0 pm=0 pt=0 ru=235196 rp=238544
19:02:13.391 @T t=37895 s=0.000 lv=-40.4 pk=-39.5 c0=8.0 c1=9.5 kw=9.31 inf=2.48 iv=1.17 n=3 d=0 sk=0 hf=96352 hm=93004 ht=283156 pf=0 pm=0 pt=0 ru=235196 rp=238544
19:02:13.391 @T t=38001 s=0.000 lv=-40.5 pk=-39.4 c0=3.7 c1=8.7 kw=8.57 inf=2.78 iv=1.19 n=3 d=0 sk=0 hf=96352 hm=93004 ht=283156 pf=0 pm=0 pt=0 ru=235196 rp=238544
19:02:13.391 @T t=38108 s=0.000 lv=-40.9 pk=-40.2 c0=3.6 c1=10.9 kw=10.70 inf=2.64 iv=1.19 n=4 d=0 sk=0 hf=96352 hm=93004 ht=283156 pf=0 pm=0 pt=0 ru=235196 rp=238544
19:02:13.391 @T t=38194 s=0.000 lv=-41.8 pk=-41.2 c0=7.3 c1=9.4 kw=9.25 inf=2.46 iv=1.18 n=3 d=0 sk=0 hf=96352 hm=93004 ht=283156 pf=0 pm=0 pt=0 ru=235196 rp=238544
19:02:13.391 @I ww=marvin cut=0.50 win=5 cool=1000 tick=100 wifi=1 srv=1 li=0 ln=0
19:02:13.391 @T t=38306 s=0.000 lv=-41.4 pk=-40.3 c0=7.1 c1=10.1 kw=8.80 inf=2.24 iv=1.00 n=4 d=0 sk=0 hf=96352 hm=93004 ht=283156 pf=0 pm=0 pt=0 ru=235196 rp=238544
19:02:13.391 @T t=38392 s=0.000 lv=-41.8 pk=-40.8 c0=5.5 c1=11.6 kw=12.44 inf=3.37 iv=1.65 n=3 d=0 sk=0 hf=96352 hm=93004 ht=283156 pf=0 pm=0 pt=0 ru=235196 rp=238544
19:02:13.391 @T t=38498 s=0.000 lv=-41.0 pk=-40.1 c0=6.7 c1=7.7 kw=7.56 inf=2.43 iv=1.26 n=2 d=0 sk=1 hf=96352 hm=93004 ht=283156 pf=0 pm=0 pt=0 ru=235196 rp=238544
19:02:13.391 @T t=38604 s=0.000 lv=-41.6 pk=-39.6 c0=6.6 c1=5.1 kw=4.98 inf=1.52 iv=0.00 n=0 d=0 sk=3 hf=96352 hm=93004 ht=283156 pf=0 pm=0 pt=0 ru=235196 rp=238544
19:02:13.391 @T t=38709 s=0.000 lv=-41.1 pk=-39.1 c0=5.7 c1=6.1 kw=5.99 inf=1.36 iv=0.00 n=0 d=0 sk=4 hf=96352 hm=93004 ht=283156 pf=0 pm=0 pt=0 ru=235196 rp=238544
19:02:13.391 @T t=38795 s=0.000 lv=-40.8 pk=-39.1 c0=3.7 c1=5.0 kw=4.86 inf=1.81 iv=0.00 n=0 d=0 sk=2 hf=96352 hm=93004 ht=283156 pf=0 pm=0 pt=0 ru=235196 rp=238544
19:02:13.391 @T t=38901 s=0.000 lv=-41.1 pk=-40.3 c0=3.2 c1=5.1 kw=4.92 inf=1.51 iv=0.00 n=0 d=0 sk=3 hf=96352 hm=93004 ht=283156 pf=0 pm=0 pt=0 ru=235196 rp=238544
19:02:13.391 @T t=39007 s=0.000 lv=-41.6 pk=-40.6 c0=3.1 c1=6.1 kw=5.90 inf=1.35 iv=0.00 n=0 d=0 sk=4 hf=96352 hm=93004 ht=283156 pf=0 pm=0 pt=0 ru=235196 rp=238544
19:02:13.391 @T t=39093 s=0.000 lv=-41.0 pk=-39.8 c0=3.9 c1=5.0 kw=4.88 inf=1.82 iv=0.00 n=0 d=0 sk=2 hf=96352 hm=93004 ht=283156 pf=0 pm=0 pt=0 ru=235196 rp=238544
19:02:13.391 @T t=39199 s=0.000 lv=-41.3 pk=-40.3 c0=3.1 c1=5.1 kw=4.92 inf=1.51 iv=0.00 n=0 d=0 sk=3 hf=96352 hm=93004 ht=283156 pf=0 pm=0 pt=0 ru=235196 rp=238544
19:02:13.391 @I ww=marvin cut=0.50 win=5 cool=1000 tick=100 wifi=1 srv=1 li=0 ln=0
19:02:13.391 @T t=39291 s=0.000 lv=-41.7 pk=-40.7 c0=5.0 c1=5.9 kw=5.73 inf=1.52 iv=0.00 n=0 d=0 sk=3 hf=96352 hm=93004 ht=283156 pf=0 pm=0 pt=0 ru=235196 rp=238544
19:02:13.391 @T t=39397 s=0.000 lv=-42.3 pk=-41.4 c0=3.2 c1=5.1 kw=4.94 inf=1.51 iv=0.00 n=0 d=0 sk=3 hf=96352 hm=93004 ht=283156 pf=0 pm=0 pt=0 ru=235196 rp=238544
19:02:13.391 @T t=39503 s=0.000 lv=-39.9 pk=-38.1 c0=6.7 c1=5.1 kw=4.96 inf=1.52 iv=0.00 n=0 d=0 sk=3 hf=96352 hm=93004 ht=283156 pf=0 pm=0 pt=0 ru=235196 rp=238544
19:02:15.688 @T t=39609 s=0.000 lv=-40.7 pk=-39.6 c0=3.3 c1=6.1 kw=5.98 inf=1.37 iv=0.00 n=0 d=0 sk=4 hf=96352 hm=93004 ht=283156 pf=0 pm=0 pt=0 ru=235196 rp=238544
19:02:15.689 @T t=39695 s=0.000 lv=-40.6 pk=-39.5 c0=3.7 c1=5.0 kw=4.86 inf=1.81 iv=0.00 n=0 d=0 sk=2 hf=96352 hm=93004 ht=283156 pf=0 pm=0 pt=0 ru=235196 rp=238544
19:02:15.689 @T t=39801 s=0.000 lv=-39.5 pk=-38.5 c0=3.0 c1=5.0 kw=4.90 inf=1.50 iv=0.00 n=0 d=0 sk=3 hf=96352 hm=93004 ht=283156 pf=0 pm=0 pt=0 ru=235196 rp=238544
19:02:15.689 @T t=39907 s=0.000 lv=-38.5 pk=-37.3 c0=3.2 c1=6.1 kw=5.90 inf=1.36 iv=0.00 n=0 d=0 sk=4 hf=96352 hm=93004 ht=283156 pf=0 pm=0 pt=0 ru=235196 rp=238544
19:02:15.689 @T t=39993 s=0.000 lv=-41.2 pk=-39.9 c0=3.8 c1=5.0 kw=4.87 inf=1.81 iv=0.00 n=0 d=0 sk=2 hf=96352 hm=93004 ht=283156 pf=0 pm=0 pt=0 ru=235196 rp=238544
19:02:15.689 @T t=40099 s=0.000 lv=-41.0 pk=-40.1 c0=3.1 c1=5.1 kw=4.91 inf=1.51 iv=0.00 n=0 d=0 sk=3 hf=96352 hm=93004 ht=283156 pf=0 pm=0 pt=0 ru=235196 rp=238544
19:02:15.689 @T t=40205 s=0.000 lv=-40.8 pk=-40.1 c0=6.4 c1=5.2 kw=5.09 inf=1.52 iv=0.00 n=0 d=0 sk=3 hf=96352 hm=93004 ht=283156 pf=0 pm=0 pt=0 ru=235196 rp=238544
19:02:15.689 @I ww=marvin cut=0.50 win=5 cool=1000 tick=100 wifi=1 srv=1 li=0 ln=0
19:02:15.689 @T t=40297 s=0.000 lv=-41.1 pk=-39.5 c0=8.1 c1=6.5 kw=5.68 inf=1.55 iv=0.00 n=0 d=0 sk=3 hf=96352 hm=93004 ht=283156 pf=0 pm=0 pt=0 ru=235196 rp=238544
19:02:15.689 @T t=40403 s=0.000 lv=-40.0 pk=-38.1 c0=7.2 c1=5.1 kw=5.01 inf=1.53 iv=0.00 n=0 d=0 sk=3 hf=96352 hm=93004 ht=283156 pf=0 pm=0 pt=0 ru=235196 rp=238544
19:02:15.689 @T t=40509 s=0.000 lv=-40.1 pk=-37.5 c0=3.2 c1=6.1 kw=5.92 inf=1.36 iv=0.00 n=0 d=0 sk=4 hf=96352 hm=93004 ht=283156 pf=0 pm=0 pt=0 ru=235196 rp=238544
19:02:15.689 @T t=40595 s=0.000 lv=-41.3 pk=-40.7 c0=4.2 c1=5.1 kw=4.93 inf=1.84 iv=0.00 n=0 d=0 sk=2 hf=96352 hm=93004 ht=283156 pf=0 pm=0 pt=0 ru=235196 rp=238544
19:02:15.689 @T t=40701 s=0.000 lv=-40.3 pk=-39.4 c0=3.2 c1=5.1 kw=4.96 inf=1.52 iv=0.00 n=0 d=0 sk=3 hf=96352 hm=93004 ht=283156 pf=0 pm=0 pt=0 ru=235196 rp=238544
19:02:15.689 @T t=40807 s=0.000 lv=-41.9 pk=-40.1 c0=3.0 c1=6.0 kw=5.88 inf=1.35 iv=0.00 n=0 d=0 sk=4 hf=96352 hm=93004 ht=283156 pf=0 pm=0 pt=0 ru=235196 rp=238544
19:02:15.689 @T t=40893 s=0.000 lv=-41.7 pk=-41.0 c0=3.9 c1=5.0 kw=4.89 inf=1.82 iv=0.00 n=0 d=0 sk=2 hf=96352 hm=93004 ht=283156 pf=0 pm=0 pt=0 ru=235196 rp=238544
19:02:15.689 @T t=40999 s=0.000 lv=-41.4 pk=-40.1 c0=3.1 c1=5.0 kw=4.89 inf=1.50 iv=0.00 n=0 d=0 sk=3 hf=96352 hm=93004 ht=283156 pf=0 pm=0 pt=0 ru=235196 rp=238544
19:02:15.689 @T t=41105 s=0.000 lv=-40.7 pk=-39.4 c0=6.5 c1=5.2 kw=5.12 inf=1.53 iv=0.00 n=0 d=0 sk=3 hf=96352 hm=93004 ht=283156 pf=0 pm=0 pt=0 ru=235196 rp=238544
19:02:15.689 [status] up 41s | mic -40.6 dBFS (peak -33.8) | score max 0.00 | detections 0 | inferences 63 (6.3/s; model 1.16 ms each, paused in quiet 80%; features 1.46 ms per 30 ms) | CPU core0  5.1% core1  6.2% (wake word pipeline 6.04% of one core) | RAM used 229 KB (peak 232 KB, 94 KB free) | wifi OK, server OK | audio lost since boot: i2s 0 net 0
19:02:15.689 @T t=41193 s=0.000 lv=-39.4 pk=-37.0 c0=29.2 c1=6.3 kw=5.85 inf=1.52 iv=0.00 n=0 d=0 sk=3 hf=96352 hm=93004 ht=283156 pf=0 pm=0 pt=0 ru=235196 rp=238544
19:02:15.689 @I ww=marvin cut=0.50 win=5 cool=1000 tick=100 wifi=1 srv=1 li=0 ln=0
19:02:15.689 @T t=41305 s=0.000 lv=-40.1 pk=-38.8 c0=11.5 c1=4.9 kw=4.82 inf=1.52 iv=0.00 n=0 d=0 sk=3 hf=96352 hm=93004 ht=283156 pf=0 pm=0 pt=0 ru=235196 rp=238544
19:02:15.689 @T t=41391 s=0.000 lv=-40.5 pk=-39.2 c0=4.0 c1=6.4 kw=6.18 inf=1.58 iv=0.00 n=0 d=0 sk=3 hf=96352 hm=93004 ht=283156 pf=0 pm=0 pt=0 ru=235196 rp=238544
19:02:15.689 @T t=41497 s=0.000 lv=-37.1 pk=-35.0 c0=3.1 c1=15.6 kw=15.43 inf=1.20 iv=1.00 n=11 d=0 sk=2 hf=96352 hm=93004 ht=283156 pf=0 pm=0 pt=0 ru=235196 rp=238544
19:02:15.689 @T t=41603 s=0.000 lv=-40.1 pk=-38.2 c0=6.2 c1=8.6 kw=8.45 inf=2.75 iv=1.15 n=3 d=0 sk=0 hf=96352 hm=93004 ht=283156 pf=0 pm=0 pt=0 ru=235196 rp=238544
19:02:15.689 @T t=41709 s=0.000 lv=-39.0 pk=-35.7 c0=3.8 c1=11.0 kw=10.75 inf=2.63 iv=1.18 n=4 d=0 sk=0 hf=96352 hm=93004 ht=283156 pf=0 pm=0 pt=0 ru=235196 rp=238544
19:02:15.689 @T t=41795 s=0.000 lv=-39.8 pk=-38.7 c0=4.0 c1=9.1 kw=8.96 inf=2.38 iv=1.11 n=3 d=0 sk=0 hf=96352 hm=93004 ht=283156 pf=0 pm=0 pt=0 ru=235196 rp=238544
19:02:18.182 @T t=41901 s=0.000 lv=-39.2 pk=-38.4 c0=3.6 c1=8.6 kw=8.42 inf=2.74 iv=1.13 n=3 d=0 sk=0 hf=96352 hm=93004 ht=283156 pf=0 pm=0 pt=0 ru=235196 rp=238544
19:02:18.182 @T t=42007 s=0.000 lv=-40.5 pk=-39.3 c0=6.7 c1=10.8 kw=10.70 inf=2.62 iv=1.17 n=4 d=0 sk=0 hf=96352 hm=93004 ht=283156 pf=0 pm=0 pt=0 ru=235196 rp=238544
19:02:18.182 @T t=42093 s=0.000 lv=-40.5 pk=-39.4 c0=4.3 c1=9.4 kw=9.04 inf=2.40 iv=1.13 n=3 d=0 sk=0 hf=96352 hm=93004 ht=283156 pf=0 pm=0 pt=0 ru=235196 rp=238544
19:02:18.182 @T t=42199 s=0.000 lv=-40.4 pk=-39.2 c0=3.4 c1=8.5 kw=8.28 inf=2.69 iv=1.10 n=3 d=0 sk=0 hf=96352 hm=93004 ht=283156 pf=0 pm=0 pt=0 ru=235196 rp=238544
19:02:18.182 @I ww=marvin cut=0.50 win=5 cool=1000 tick=100 wifi=1 srv=1 li=0 ln=0
19:02:18.182 @T t=42291 s=0.000 lv=-41.0 pk=-40.1 c0=8.6 c1=11.4 kw=10.75 inf=3.05 iv=1.39 n=3 d=0 sk=0 hf=96352 hm=93004 ht=283156 pf=0 pm=0 pt=0 ru=235196 rp=238544
19:02:18.182 @T t=42397 s=0.000 lv=-39.3 pk=-38.5 c0=6.7 c1=10.2 kw=9.97 inf=2.46 iv=1.24 n=4 d=0 sk=0 hf=96352 hm=93004 ht=283156 pf=0 pm=0 pt=0 ru=235196 rp=238544
19:02:18.182 @T t=42503 s=0.000 lv=-41.0 pk=-39.7 c0=3.4 c1=8.7 kw=8.54 inf=2.78 iv=1.18 n=3 d=0 sk=0 hf=96352 hm=93004 ht=283156 pf=0 pm=0 pt=0 ru=235196 rp=238544
19:02:18.182 @T t=42609 s=0.000 lv=-41.4 pk=-40.7 c0=3.5 c1=11.0 kw=10.76 inf=2.63 iv=1.19 n=4 d=0 sk=0 hf=96352 hm=93004 ht=283156 pf=0 pm=0 pt=0 ru=235196 rp=238544
19:02:18.182 @T t=42695 s=0.000 lv=-39.9 pk=-38.6 c0=4.2 c1=9.3 kw=9.12 inf=2.42 iv=1.15 n=3 d=0 sk=0 hf=96352 hm=93004 ht=283156 pf=0 pm=0 pt=0 ru=235196 rp=238544
19:02:18.182 @T t=42801 s=0.000 lv=-41.1 pk=-38.9 c0=6.6 c1=8.5 kw=8.33 inf=2.71 iv=1.12 n=3 d=0 sk=0 hf=96352 hm=93004 ht=283156 pf=0 pm=0 pt=0 ru=235196 rp=238544
19:02:18.182 @T t=42907 s=0.000 lv=-41.5 pk=-41.0 c0=4.0 c1=11.0 kw=10.90 inf=2.67 iv=1.20 n=4 d=0 sk=0 hf=96352 hm=93004 ht=283156 pf=0 pm=0 pt=0 ru=235196 rp=238544
19:02:18.182 @T t=42993 s=0.000 lv=-41.3 pk=-40.4 c0=8.2 c1=9.6 kw=9.28 inf=2.47 iv=1.18 n=3 d=0 sk=0 hf=96352 hm=93004 ht=283156 pf=0 pm=0 pt=0 ru=235196 rp=238544
19:02:18.182 @T t=43099 s=0.000 lv=-40.9 pk=-39.4 c0=6.8 c1=7.8 kw=7.65 inf=2.46 iv=1.29 n=2 d=0 sk=1 hf=96352 hm=93004 ht=283156 pf=0 pm=0 pt=0 ru=235196 rp=238544
19:02:18.182 @T t=43205 s=0.000 lv=-40.7 pk=-39.2 c0=3.3 c1=5.1 kw=5.10 inf=1.52 iv=0.00 n=0 d=0 sk=3 hf=96352 hm=93004 ht=283156 pf=0 pm=0 pt=0 ru=235196 rp=238544
19:02:18.183 @I ww=marvin cut=0.50 win=5 cool=1000 tick=100 wifi=1 srv=1 li=0 ln=0
19:02:18.183 @T t=43297 s=0.000 lv=-39.9 pk=-38.4 c0=4.9 c1=6.0 kw=5.56 inf=1.52 iv=0.00 n=0 d=0 sk=3 hf=96352 hm=93004 ht=283156 pf=0 pm=0 pt=0 ru=235196 rp=238544
19:02:18.183 @T t=43403 s=0.000 lv=-40.3 pk=-39.7 c0=3.6 c1=5.1 kw=4.96 inf=1.52 iv=0.00 n=0 d=0 sk=3 hf=96352 hm=93004 ht=283156 pf=0 pm=0 pt=0 ru=235196 rp=238544
19:02:18.183 @T t=43509 s=0.000 lv=-39.7 pk=-37.9 c0=6.3 c1=6.1 kw=5.92 inf=1.36 iv=0.00 n=0 d=0 sk=4 hf=96352 hm=93004 ht=283156 pf=0 pm=0 pt=0 ru=235196 rp=238544
19:02:18.183 @T t=43595 s=0.000 lv=-38.0 pk=-35.0 c0=3.8 c1=15.5 kw=3.82 inf=0.23 iv=0.00 n=10 d=0 sk=2 hf=96352 hm=93004 ht=283156 pf=0 pm=0 pt=0 ru=235196 rp=238544
19:02:18.183 @T t=43701 s=0.000 lv=-38.4 pk=-37.4 c0=3.5 c1=10.0 kw=19.21 inf=6.55 iv=4.50 n=3 d=0 sk=0 hf=96352 hm=93004 ht=283156 pf=0 pm=0 pt=0 ru=235196 rp=238544
19:02:18.183 @T t=43807 s=0.000 lv=-40.1 pk=-38.7 c0=6.7 c1=10.8 kw=10.63 inf=2.60 iv=1.16 n=4 d=0 sk=0 hf=96352 hm=93004 ht=283156 pf=0 pm=0 pt=0 ru=235196 rp=238544
19:02:18.183 @T t=43893 s=0.000 lv=-40.1 pk=-39.8 c0=8.5 c1=9.8 kw=9.61 inf=2.56 iv=1.24 n=3 d=0 sk=0 hf=96352 hm=93004 ht=283156 pf=0 pm=0 pt=0 ru=235196 rp=238544
19:02:18.183 @T t=43999 s=0.000 lv=-39.7 pk=-38.6 c0=3.8 c1=9.2 kw=8.98 inf=2.93 iv=1.29 n=3 d=0 sk=0 hf=96352 hm=93004 ht=283156 pf=0 pm=0 pt=0 ru=235196 rp=238544
19:02:18.184 @T t=44105 s=0.000 lv=-39.6 pk=-38.3 c0=3.6 c1=9.7 kw=9.62 inf=2.34 iv=1.13 n=4 d=0 sk=0 hf=96352 hm=93004 ht=283156 pf=0 pm=0 pt=0 ru=235196 rp=238544
19:02:18.184 @T t=44191 s=0.000 lv=-39.3 pk=-38.7 c0=4.1 c1=11.0 kw=10.71 inf=2.88 iv=1.19 n=3 d=0 sk=0 hf=96352 hm=93004 ht=283156 pf=0 pm=0 pt=0 ru=235196 rp=238544
19:02:18.184 @I ww=marvin cut=0.50 win=5 cool=1000 tick=100 wifi=1 srv=1 li=0 ln=0
19:02:18.184 @T t=44304 s=0.000 lv=-40.5 pk=-39.1 c0=7.0 c1=8.9 kw=8.39 inf=2.91 iv=1.28 n=3 d=0 sk=0 hf=96352 hm=93004 ht=283156 pf=0 pm=0 pt=0 ru=235196 rp=238544
19:02:20.789 @T t=44392 s=0.000 lv=-41.0 pk=-40.5 c0=10.9 c1=12.4 kw=12.16 inf=2.48 iv=1.23 n=4 d=0 sk=0 hf=96352 hm=93004 ht=283156 pf=0 pm=0 pt=0 ru=235196 rp=238544
19:02:20.789 @T t=44498 s=0.000 lv=-39.1 pk=-37.0 c0=3.5 c1=8.8 kw=8.59 inf=2.80 iv=1.19 n=3 d=0 sk=0 hf=96352 hm=93004 ht=283156 pf=0 pm=0 pt=0 ru=235196 rp=238544
19:02:20.789 @T t=44604 s=0.000 lv=-40.1 pk=-38.9 c0=6.7 c1=8.9 kw=8.68 inf=2.82 iv=1.21 n=3 d=0 sk=0 hf=96352 hm=93004 ht=283156 pf=0 pm=0 pt=0 ru=235196 rp=238544
19:02:20.789 @T t=44693 s=0.000 lv=-40.9 pk=-39.9 c0=10.7 c1=11.9 kw=11.66 inf=2.41 iv=1.18 n=4 d=0 sk=0 hf=96352 hm=93004 ht=283156 pf=0 pm=0 pt=0 ru=235196 rp=238544
19:02:20.789 @T t=44799 s=0.000 lv=-39.4 pk=-37.7 c0=3.4 c1=8.7 kw=8.57 inf=2.79 iv=1.19 n=3 d=0 sk=0 hf=96352 hm=93004 ht=283156 pf=0 pm=0 pt=0 ru=235196 rp=238544
19:02:20.789 @T t=44905 s=0.000 lv=-40.3 pk=-39.6 c0=3.7 c1=8.9 kw=8.79 inf=2.82 iv=1.19 n=3 d=0 sk=0 hf=96352 hm=93004 ht=283156 pf=0 pm=0 pt=0 ru=235196 rp=238544
19:02:20.789 @T t=44991 s=0.000 lv=-40.3 pk=-39.6 c0=4.4 c1=12.7 kw=12.38 inf=2.52 iv=1.31 n=4 d=0 sk=0 hf=96352 hm=93004 ht=283156 pf=0 pm=0 pt=0 ru=235196 rp=238544
19:02:20.789 @T t=45097 s=0.000 lv=-40.0 pk=-38.0 c0=3.9 c1=9.2 kw=8.99 inf=2.93 iv=1.29 n=3 d=0 sk=0 hf=96352 hm=93004 ht=283156 pf=0 pm=0 pt=0 ru=235196 rp=238544
19:02:20.789 @T t=45203 s=0.000 lv=-40.8 pk=-39.3 c0=3.4 c1=8.7 kw=8.53 inf=2.77 iv=1.17 n=3 d=0 sk=0 hf=96352 hm=93004 ht=283156 pf=0 pm=0 pt=0 ru=235196 rp=238544
19:02:20.789 @I ww=marvin cut=0.50 win=5 cool=1000 tick=100 wifi=1 srv=1 li=0 ln=0
19:02:20.789 @T t=45294 s=0.000 lv=-40.1 pk=-39.6 c0=5.3 c1=6.0 kw=5.88 inf=1.55 iv=0.00 n=0 d=0 sk=3 hf=96352 hm=93004 ht=283156 pf=0 pm=0 pt=0 ru=235196 rp=238544
19:02:20.789 @T t=45400 s=0.000 lv=-40.3 pk=-39.3 c0=3.2 c1=5.1 kw=4.97 inf=1.52 iv=0.00 n=0 d=0 sk=3 hf=96352 hm=93004 ht=283156 pf=0 pm=0 pt=0 ru=235196 rp=238544
19:02:20.789 @T t=45506 s=0.000 lv=-39.7 pk=-38.5 c0=3.1 c1=6.0 kw=5.89 inf=1.35 iv=0.00 n=0 d=0 sk=4 hf=96352 hm=93004 ht=283156 pf=0 pm=0 pt=0 ru=235196 rp=238544
19:02:20.789 @T t=45592 s=0.000 lv=-39.9 pk=-39.2 c0=7.7 c1=5.0 kw=4.86 inf=1.81 iv=0.00 n=0 d=0 sk=2 hf=96352 hm=93004 ht=283156 pf=0 pm=0 pt=0 ru=235196 rp=238544
19:02:20.789 @T t=45698 s=0.000 lv=-40.4 pk=-38.7 c0=6.0 c1=5.1 kw=4.93 inf=1.51 iv=0.00 n=0 d=0 sk=3 hf=96352 hm=93004 ht=283156 pf=0 pm=0 pt=0 ru=235196 rp=238544
19:02:20.789 @T t=45804 s=0.000 lv=-40.8 pk=-39.9 c0=3.0 c1=5.1 kw=4.92 inf=1.51 iv=0.00 n=0 d=0 sk=3 hf=96352 hm=93004 ht=283156 pf=0 pm=0 pt=0 ru=235196 rp=238544
19:02:20.789 @T t=45890 s=0.000 lv=-40.4 pk=-38.7 c0=7.8 c1=6.3 kw=6.10 inf=1.52 iv=0.00 n=0 d=0 sk=3 hf=96352 hm=93004 ht=283156 pf=0 pm=0 pt=0 ru=235196 rp=238544
19:02:20.789 @T t=45996 s=0.000 lv=-39.7 pk=-37.4 c0=3.0 c1=5.1 kw=4.94 inf=1.51 iv=0.00 n=0 d=0 sk=3 hf=96352 hm=93004 ht=283156 pf=0 pm=0 pt=0 ru=235196 rp=238544
19:02:20.789 @T t=46102 s=0.000 lv=-40.2 pk=-38.7 c0=6.5 c1=5.1 kw=4.95 inf=1.52 iv=0.00 n=0 d=0 sk=3 hf=96352 hm=93004 ht=283156 pf=0 pm=0 pt=0 ru=235196 rp=238544
19:02:20.790 @T t=46208 s=0.000 lv=-39.6 pk=-37.1 c0=6.7 c1=6.4 kw=5.88 inf=1.36 iv=0.00 n=0 d=0 sk=4 hf=96352 hm=93004 ht=283156 pf=0 pm=0 pt=0 ru=235196 rp=238544
19:02:20.790 @I ww=marvin cut=0.50 win=5 cool=1000 tick=100 wifi=1 srv=1 li=0 ln=0
19:02:20.790 @T t=46300 s=0.000 lv=-40.8 pk=-39.3 c0=16.8 c1=5.3 kw=4.79 inf=1.90 iv=0.00 n=0 d=0 sk=2 hf=96352 hm=93004 ht=283156 pf=0 pm=0 pt=0 ru=235196 rp=238544
19:02:20.790 @T t=46406 s=0.000 lv=-41.3 pk=-40.2 c0=6.6 c1=6.2 kw=5.97 inf=1.37 iv=0.00 n=0 d=0 sk=4 hf=96352 hm=93004 ht=283156 pf=0 pm=0 pt=0 ru=235196 rp=238544
19:02:20.790 @T t=46492 s=0.000 lv=-40.2 pk=-39.1 c0=3.9 c1=4.9 kw=4.88 inf=1.82 iv=0.00 n=0 d=0 sk=2 hf=96352 hm=93004 ht=283156 pf=0 pm=0 pt=0 ru=235196 rp=238544
19:02:20.790 @T t=46598 s=0.000 lv=-40.4 pk=-39.7 c0=3.1 c1=5.1 kw=4.94 inf=1.51 iv=0.00 n=0 d=0 sk=3 hf=96352 hm=93004 ht=283156 pf=0 pm=0 pt=0 ru=235196 rp=238544
19:02:20.790 @T t=46704 s=0.000 lv=-41.4 pk=-40.7 c0=3.0 c1=5.0 kw=4.90 inf=1.50 iv=0.00 n=0 d=0 sk=3 hf=96352 hm=93004 ht=283156 pf=0 pm=0 pt=0 ru=235196 rp=238544
19:02:20.790 @T t=46790 s=0.000 lv=-40.0 pk=-39.0 c0=7.7 c1=6.3 kw=6.09 inf=1.51 iv=0.00 n=0 d=0 sk=3 hf=96352 hm=93004 ht=283156 pf=0 pm=0 pt=0 ru=235196 rp=238544
19:02:20.790 @T t=46896 s=0.000 lv=-41.6 pk=-41.1 c0=3.1 c1=5.1 kw=4.94 inf=1.51 iv=0.00 n=0 d=0 sk=3 hf=96352 hm=93004 ht=283156 pf=0 pm=0 pt=0 ru=235196 rp=238544
19:02:23.378 @T t=47002 s=0.000 lv=-41.3 pk=-39.0 c0=3.0 c1=5.0 kw=4.91 inf=1.50 iv=0.00 n=0 d=0 sk=3 hf=96352 hm=93004 ht=283156 pf=0 pm=0 pt=0 ru=235196 rp=238544
19:02:23.379 @T t=47108 s=0.000 lv=-40.9 pk=-40.2 c0=3.2 c1=6.1 kw=5.92 inf=1.36 iv=0.00 n=0 d=0 sk=4 hf=96352 hm=93004 ht=283156 pf=0 pm=0 pt=0 ru=235196 rp=238544
19:02:23.379 @T t=47194 s=0.000 lv=-41.3 pk=-40.7 c0=7.8 c1=5.0 kw=4.88 inf=1.82 iv=0.00 n=0 d=0 sk=2 hf=96352 hm=93004 ht=283156 pf=0 pm=0 pt=0 ru=235196 rp=238544
19:02:23.379 @I ww=marvin cut=0.50 win=5 cool=1000 tick=100 wifi=1 srv=1 li=0 ln=0
19:02:23.379 @T t=47306 s=0.000 lv=-41.0 pk=-39.1 c0=4.1 c1=5.8 kw=5.62 inf=1.36 iv=0.00 n=0 d=0 sk=4 hf=96352 hm=93004 ht=283156 pf=0 pm=0 pt=0 ru=235196 rp=238544
19:02:23.379 @T t=47392 s=0.000 lv=-40.9 pk=-39.2 c0=4.5 c1=5.1 kw=4.96 inf=1.85 iv=0.00 n=0 d=0 sk=2 hf=96352 hm=93004 ht=283156 pf=0 pm=0 pt=0 ru=235196 rp=238544
19:02:23.379 @T t=47498 s=0.000 lv=-40.0 pk=-38.1 c0=3.3 c1=5.0 kw=4.93 inf=1.51 iv=0.00 n=0 d=0 sk=3 hf=96352 hm=93004 ht=283156 pf=0 pm=0 pt=0 ru=235196 rp=238544
19:02:23.379 @T t=47604 s=0.000 lv=-39.5 pk=-35.1 c0=3.2 c1=17.9 kw=17.69 inf=1.39 iv=1.01 n=13 d=0 sk=0 hf=96352 hm=93004 ht=283156 pf=0 pm=0 pt=0 ru=235196 rp=238544
19:02:23.379 @T t=47690 s=0.000 lv=-40.8 pk=-39.8 c0=4.3 c1=11.0 kw=10.81 inf=2.85 iv=1.20 n=3 d=0 sk=0 hf=96352 hm=93004 ht=283156 pf=0 pm=0 pt=0 ru=235196 rp=238544
19:02:23.379 @T t=47796 s=0.000 lv=-41.3 pk=-39.9 c0=3.4 c1=8.8 kw=8.60 inf=2.80 iv=1.20 n=3 d=0 sk=0 hf=96352 hm=93004 ht=283156 pf=0 pm=0 pt=0 ru=235196 rp=238544
19:02:23.379 @T t=47902 s=0.000 lv=-41.7 pk=-40.8 c0=3.6 c1=9.9 kw=9.72 inf=2.39 iv=1.18 n=4 d=0 sk=0 hf=96352 hm=93004 ht=283156 pf=0 pm=0 pt=0 ru=235196 rp=238544
19:02:23.379 @T t=48008 s=0.000 lv=-40.8 pk=-39.9 c0=3.4 c1=10.5 kw=10.28 inf=2.51 iv=1.09 n=4 d=0 sk=0 hf=96352 hm=93004 ht=283156 pf=0 pm=0 pt=0 ru=235196 rp=238544
19:02:23.379 @T t=48094 s=0.000 lv=-40.5 pk=-39.6 c0=4.3 c1=8.2 kw=7.99 inf=3.14 iv=1.22 n=2 d=0 sk=0 hf=96352 hm=93004 ht=283156 pf=0 pm=0 pt=0 ru=235196 rp=238544
19:02:23.379 @T t=48200 s=0.000 lv=-40.9 pk=-38.8 c0=3.4 c1=9.8 kw=9.61 inf=2.36 iv=1.16 n=4 d=0 sk=0 hf=96352 hm=93004 ht=283156 pf=0 pm=0 pt=0 ru=235196 rp=238544
19:02:23.379 @I ww=marvin cut=0.50 win=5 cool=1000 tick=100 wifi=1 srv=1 li=0 ln=0
19:02:23.379 @T t=48293 s=0.000 lv=-40.0 pk=-39.5 c0=8.4 c1=11.1 kw=10.47 inf=3.00 iv=1.33 n=3 d=0 sk=0 hf=96352 hm=93004 ht=283156 pf=0 pm=0 pt=0 ru=235196 rp=238544
19:02:23.379 @T t=48399 s=0.000 lv=-40.4 pk=-39.4 c0=4.1 c1=9.2 kw=9.06 inf=2.95 iv=1.32 n=3 d=0 sk=0 hf=96352 hm=93004 ht=283156 pf=0 pm=0 pt=0 ru=235196 rp=238544
19:02:23.379 @T t=48505 s=0.000 lv=-41.2 pk=-40.1 c0=3.8 c1=10.3 kw=10.11 inf=2.46 iv=1.24 n=4 d=0 sk=0 hf=96352 hm=93004 ht=283156 pf=0 pm=0 pt=0 ru=235196 rp=238544
19:02:23.379 @T t=48591 s=0.000 lv=-42.1 pk=-40.7 c0=4.4 c1=11.1 kw=10.84 inf=2.91 iv=1.21 n=3 d=0 sk=0 hf=96352 hm=93004 ht=283156 pf=0 pm=0 pt=0 ru=235196 rp=238544
19:02:23.379 @T t=48697 s=0.000 lv=-40.1 pk=-39.1 c0=3.4 c1=8.8 kw=8.60 inf=2.80 iv=1.20 n=3 d=0 sk=0 hf=96352 hm=93004 ht=283156 pf=0 pm=0 pt=0 ru=235196 rp=238544
19:02:23.379 @T t=48803 s=0.000 lv=-41.6 pk=-40.7 c0=3.4 c1=9.8 kw=9.62 inf=2.37 iv=1.17 n=4 d=0 sk=0 hf=96352 hm=93004 ht=283156 pf=0 pm=0 pt=0 ru=235196 rp=238544
19:02:23.379 @T t=48909 s=0.000 lv=-41.2 pk=-40.4 c0=3.6 c1=11.0 kw=10.77 inf=2.64 iv=1.18 n=4 d=0 sk=0 hf=96352 hm=93004 ht=283156 pf=0 pm=0 pt=0 ru=235196 rp=238544
19:02:23.379 @T t=48995 s=0.000 lv=-40.7 pk=-40.0 c0=4.2 c1=8.3 kw=8.11 inf=3.20 iv=1.26 n=2 d=0 sk=0 hf=96352 hm=93004 ht=283156 pf=0 pm=0 pt=0 ru=235196 rp=238544
19:02:23.379 @T t=49101 s=0.000 lv=-41.0 pk=-39.1 c0=3.6 c1=9.9 kw=9.75 inf=2.40 iv=1.20 n=4 d=0 sk=0 hf=96352 hm=93004 ht=283156 pf=0 pm=0 pt=0 ru=235196 rp=238544
19:02:23.379 @T t=49207 s=0.000 lv=-40.1 pk=-38.2 c0=6.0 c1=6.1 kw=6.00 inf=1.38 iv=0.00 n=0 d=0 sk=4 hf=96352 hm=93004 ht=283156 pf=0 pm=0 pt=0 ru=235196 rp=238544
19:02:23.379 @I ww=marvin cut=0.50 win=5 cool=1000 tick=100 wifi=1 srv=1 li=0 ln=0
19:02:23.379 @T t=49299 s=0.000 lv=-41.6 pk=-41.1 c0=13.9 c1=4.7 kw=4.56 inf=1.82 iv=0.00 n=0 d=0 sk=2 hf=96352 hm=93004 ht=283156 pf=0 pm=0 pt=0 ru=235196 rp=238544
19:02:23.379 @T t=49405 s=0.000 lv=-40.6 pk=-39.5 c0=3.2 c1=5.2 kw=5.09 inf=1.52 iv=0.00 n=0 d=0 sk=3 hf=96352 hm=93004 ht=283156 pf=0 pm=0 pt=0 ru=235196 rp=238544
19:02:23.379 @T t=49491 s=0.000 lv=-40.8 pk=-39.6 c0=3.8 c1=6.4 kw=6.17 inf=1.58 iv=0.00 n=0 d=0 sk=3 hf=96352 hm=93004 ht=283156 pf=0 pm=0 pt=0 ru=235196 rp=238544
19:02:25.696 @T t=49597 s=0.000 lv=-39.7 pk=-38.5 c0=3.4 c1=5.1 kw=4.91 inf=1.50 iv=0.00 n=0 d=0 sk=3 hf=96352 hm=93004 ht=283156 pf=0 pm=0 pt=0 ru=235196 rp=238544
19:02:25.696 @T t=49703 s=0.000 lv=-40.7 pk=-40.0 c0=3.2 c1=5.1 kw=4.97 inf=1.52 iv=0.00 n=0 d=0 sk=3 hf=96352 hm=93004 ht=283156 pf=0 pm=0 pt=0 ru=235196 rp=238544
19:02:25.696 @T t=49809 s=0.000 lv=-39.7 pk=-38.6 c0=6.2 c1=6.1 kw=5.92 inf=1.36 iv=0.00 n=0 d=0 sk=4 hf=96352 hm=93004 ht=283156 pf=0 pm=0 pt=0 ru=235196 rp=238544
19:02:25.696 @T t=49895 s=0.000 lv=-39.8 pk=-39.2 c0=3.9 c1=5.1 kw=4.90 inf=1.83 iv=0.00 n=0 d=0 sk=2 hf=96352 hm=93004 ht=283156 pf=0 pm=0 pt=0 ru=235196 rp=238544
19:02:25.696 @T t=50001 s=0.000 lv=-39.1 pk=-38.3 c0=3.1 c1=5.1 kw=4.95 inf=1.52 iv=0.00 n=0 d=0 sk=3 hf=96352 hm=93004 ht=283156 pf=0 pm=0 pt=0 ru=235196 rp=238544
19:02:25.696 @T t=50107 s=0.000 lv=-40.3 pk=-39.0 c0=3.1 c1=6.1 kw=5.91 inf=1.36 iv=0.00 n=0 d=0 sk=4 hf=96352 hm=93004 ht=283156 pf=0 pm=0 pt=0 ru=235196 rp=238544
19:02:25.696 @T t=50193 s=0.000 lv=-39.7 pk=-38.5 c0=3.7 c1=5.0 kw=4.92 inf=1.83 iv=0.00 n=0 d=0 sk=2 hf=96352 hm=93004 ht=283156 pf=0 pm=0 pt=0 ru=235196 rp=238544
19:02:25.696 @I ww=marvin cut=0.50 win=5 cool=1000 tick=100 wifi=1 srv=1 li=0 ln=0
19:02:25.696 @T t=50305 s=0.000 lv=-40.8 pk=-38.7 c0=6.5 c1=5.6 kw=4.90 inf=1.55 iv=0.00 n=0 d=0 sk=3 hf=96352 hm=93004 ht=283156 pf=0 pm=0 pt=0 ru=235196 rp=238544
19:02:25.696 @T t=50391 s=0.000 lv=-40.3 pk=-39.8 c0=4.8 c1=6.5 kw=6.28 inf=1.61 iv=0.00 n=0 d=0 sk=3 hf=96352 hm=93004 ht=283156 pf=0 pm=0 pt=0 ru=235196 rp=238544
19:02:25.696 @T t=50497 s=0.000 lv=-40.3 pk=-39.3 c0=3.2 c1=5.1 kw=4.92 inf=1.50 iv=0.00 n=0 d=0 sk=3 hf=96352 hm=93004 ht=283156 pf=0 pm=0 pt=0 ru=235196 rp=238544
19:02:25.696 @T t=50603 s=0.000 lv=-40.9 pk=-39.3 c0=6.3 c1=5.0 kw=4.91 inf=1.50 iv=0.00 n=0 d=0 sk=3 hf=96352 hm=93004 ht=283156 pf=0 pm=0 pt=0 ru=235196 rp=238544
19:02:25.696 @T t=50709 s=0.000 lv=-40.7 pk=-39.7 c0=3.0 c1=6.1 kw=5.91 inf=1.36 iv=0.00 n=0 d=0 sk=4 hf=96352 hm=93004 ht=283156 pf=0 pm=0 pt=0 ru=235196 rp=238544
19:02:25.696 @T t=50795 s=0.000 lv=-40.8 pk=-39.7 c0=4.1 c1=5.1 kw=4.93 inf=1.84 iv=0.00 n=0 d=0 sk=2 hf=96352 hm=93004 ht=283156 pf=0 pm=0 pt=0 ru=235196 rp=238544
19:02:25.696 @T t=50901 s=0.000 lv=-39.9 pk=-38.1 c0=3.4 c1=5.1 kw=4.96 inf=1.52 iv=0.00 n=0 d=0 sk=3 hf=96352 hm=93004 ht=283156 pf=0 pm=0 pt=0 ru=235196 rp=238544
19:02:25.696 @T t=51007 s=0.000 lv=-39.8 pk=-37.8 c0=3.1 c1=6.1 kw=5.92 inf=1.36 iv=0.00 n=0 d=0 sk=4 hf=96352 hm=93004 ht=283156 pf=0 pm=0 pt=0 ru=235196 rp=238544
19:02:25.696 @T t=51093 s=0.000 lv=-39.3 pk=-38.4 c0=7.9 c1=5.1 kw=4.94 inf=1.84 iv=0.00 n=0 d=0 sk=2 hf=96352 hm=93004 ht=283156 pf=0 pm=0 pt=0 ru=235196 rp=238544
19:02:25.696 [status] up 51s | mic -40.3 dBFS (peak -35.0) | score max 0.00 | detections 0 | inferences 189 (18.9/s; model 1.16 ms each, paused in quiet 45%; features 1.36 ms per 30 ms) | CPU core0  5.2% core1  7.8% (wake word pipeline 7.63% of one core) | RAM used 229 KB (peak 232 KB, 94 KB free) | wifi OK, server OK | audio lost since boot: i2s 0 net 0
19:02:25.696 @T t=51201 s=0.000 lv=-38.5 pk=-37.3 c0=7.2 c1=5.1 kw=4.91 inf=1.53 iv=0.00 n=0 d=0 sk=3 hf=96352 hm=93004 ht=283156 pf=0 pm=0 pt=0 ru=235196 rp=238544
19:02:25.696 @I ww=marvin cut=0.50 win=5 cool=1000 tick=100 wifi=1 srv=1 li=0 ln=0
19:02:25.696 @T t=51293 s=0.000 lv=-38.8 pk=-38.3 c0=5.0 c1=6.0 kw=5.75 inf=1.53 iv=0.00 n=0 d=0 sk=3 hf=96352 hm=93004 ht=283156 pf=0 pm=0 pt=0 ru=235196 rp=238544
19:02:25.696 @T t=51399 s=0.000 lv=-39.6 pk=-38.2 c0=3.2 c1=5.1 kw=4.99 inf=1.53 iv=0.00 n=0 d=0 sk=3 hf=96352 hm=93004 ht=283156 pf=0 pm=0 pt=0 ru=235196 rp=238544
19:02:25.696 @T t=51505 s=0.000 lv=-39.3 pk=-37.6 c0=3.1 c1=5.2 kw=5.10 inf=1.52 iv=0.00 n=0 d=0 sk=3 hf=96352 hm=93004 ht=283156 pf=0 pm=0 pt=0 ru=235196 rp=238544
19:02:25.696 @T t=51591 s=0.000 lv=-40.4 pk=-38.8 c0=3.7 c1=6.4 kw=5.93 inf=1.51 iv=0.00 n=0 d=0 sk=3 hf=96352 hm=93004 ht=283156 pf=0 pm=0 pt=0 ru=235196 rp=238544
19:02:25.696 @T t=51697 s=0.000 lv=-39.1 pk=-37.2 c0=6.3 c1=5.1 kw=4.92 inf=1.51 iv=0.00 n=0 d=0 sk=3 hf=96352 hm=93004 ht=283156 pf=0 pm=0 pt=0 ru=235196 rp=238544
19:02:25.696 @T t=51803 s=0.000 lv=-39.3 pk=-38.3 c0=3.0 c1=5.1 kw=4.93 inf=1.51 iv=0.00 n=0 d=0 sk=3 hf=96352 hm=93004 ht=283156 pf=0 pm=0 pt=0 ru=235196 rp=238544
19:02:28.192 @T t=51909 s=0.000 lv=-38.9 pk=-36.9 c0=3.5 c1=6.2 kw=6.02 inf=1.38 iv=0.00 n=0 d=0 sk=4 hf=96352 hm=93004 ht=283156 pf=0 pm=0 pt=0 ru=235196 rp=238544
19:02:28.193 @T t=51995 s=0.000 lv=-38.0 pk=-36.9 c0=4.0 c1=5.0 kw=4.90 inf=1.83 iv=0.00 n=0 d=0 sk=2 hf=96352 hm=93004 ht=283156 pf=0 pm=0 pt=0 ru=235196 rp=238544
19:02:28.193 @T t=52101 s=0.000 lv=-40.8 pk=-40.2 c0=6.4 c1=5.1 kw=4.94 inf=1.51 iv=0.00 n=0 d=0 sk=3 hf=96352 hm=93004 ht=283156 pf=0 pm=0 pt=0 ru=235196 rp=238544
19:02:28.193 @T t=52207 s=0.000 lv=-39.4 pk=-38.2 c0=3.1 c1=6.1 kw=5.92 inf=1.36 iv=0.00 n=0 d=0 sk=4 hf=96352 hm=93004 ht=283156 pf=0 pm=0 pt=0 ru=235196 rp=238544
19:02:28.193 @I ww=marvin cut=0.50 win=5 cool=1000 tick=100 wifi=1 srv=1 li=0 ln=0
19:02:28.193 @T t=52299 s=0.000 lv=-39.5 pk=-38.6 c0=8.1 c1=5.1 kw=4.55 inf=1.81 iv=0.00 n=0 d=0 sk=2 hf=96352 hm=93004 ht=283156 pf=0 pm=0 pt=0 ru=235196 rp=238544
19:02:28.193 @T t=52405 s=0.000 lv=-41.0 pk=-39.4 c0=4.0 c1=5.2 kw=5.15 inf=1.54 iv=0.00 n=0 d=0 sk=3 hf=96352 hm=93004 ht=283156 pf=0 pm=0 pt=0 ru=235196 rp=238544
19:02:28.193 @T t=52491 s=0.000 lv=-40.0 pk=-38.7 c0=4.0 c1=6.5 kw=6.03 inf=1.54 iv=0.00 n=0 d=0 sk=3 hf=96352 hm=93004 ht=283156 pf=0 pm=0 pt=0 ru=235196 rp=238544
19:02:28.193 @T t=52597 s=0.000 lv=-38.9 pk=-38.2 c0=3.0 c1=5.1 kw=4.94 inf=1.51 iv=0.00 n=0 d=0 sk=3 hf=96352 hm=93004 ht=283156 pf=0 pm=0 pt=0 ru=235196 rp=238544
19:02:28.193 @T t=52703 s=0.000 lv=-40.0 pk=-39.3 c0=3.0 c1=5.1 kw=4.92 inf=1.51 iv=0.00 n=0 d=0 sk=3 hf=96352 hm=93004 ht=283156 pf=0 pm=0 pt=0 ru=235196 rp=238544
19:02:28.193 @T t=52809 s=0.000 lv=-39.3 pk=-38.2 c0=6.2 c1=6.1 kw=5.94 inf=1.37 iv=0.00 n=0 d=0 sk=4 hf=96352 hm=93004 ht=283156 pf=0 pm=0 pt=0 ru=235196 rp=238544
19:02:28.193 @T t=52895 s=0.000 lv=-39.9 pk=-38.5 c0=3.9 c1=5.0 kw=4.88 inf=1.82 iv=0.00 n=0 d=0 sk=2 hf=96352 hm=93004 ht=283156 pf=0 pm=0 pt=0 ru=235196 rp=238544
19:02:28.193 @T t=53001 s=0.000 lv=-39.8 pk=-38.5 c0=3.4 c1=5.1 kw=4.97 inf=1.52 iv=0.00 n=0 d=0 sk=3 hf=96352 hm=93004 ht=283156 pf=0 pm=0 pt=0 ru=235196 rp=238544
19:02:28.193 @T t=53107 s=0.000 lv=-39.6 pk=-37.4 c0=3.4 c1=6.2 kw=5.99 inf=1.38 iv=0.00 n=0 d=0 sk=4 hf=96352 hm=93004 ht=283156 pf=0 pm=0 pt=0 ru=235196 rp=238544
19:02:28.193 @T t=53193 s=0.000 lv=-41.3 pk=-40.9 c0=3.8 c1=5.0 kw=4.89 inf=1.82 iv=0.00 n=0 d=0 sk=2 hf=96352 hm=93004 ht=283156 pf=0 pm=0 pt=0 ru=235196 rp=238544
19:02:28.193 @I ww=marvin cut=0.50 win=5 cool=1000 tick=100 wifi=1 srv=1 li=0 ln=0
19:02:28.193 @T t=53305 s=0.000 lv=-40.3 pk=-38.2 c0=4.1 c1=4.9 kw=4.79 inf=1.51 iv=0.00 n=0 d=0 sk=3 hf=96352 hm=93004 ht=283156 pf=0 pm=0 pt=0 ru=235196 rp=238544
19:02:28.193 @T t=53391 s=0.000 lv=-39.4 pk=-38.9 c0=4.0 c1=6.5 kw=5.98 inf=1.53 iv=0.00 n=0 d=0 sk=3 hf=96352 hm=93004 ht=283156 pf=0 pm=0 pt=0 ru=235196 rp=238544
19:02:28.193 @T t=53497 s=0.000 lv=-40.6 pk=-39.4 c0=3.1 c1=5.1 kw=4.93 inf=1.51 iv=0.00 n=0 d=0 sk=3 hf=96352 hm=93004 ht=283156 pf=0 pm=0 pt=0 ru=235196 rp=238544
19:02:28.193 @T t=53603 s=0.000 lv=-38.3 pk=-37.8 c0=6.3 c1=5.1 kw=4.93 inf=1.51 iv=0.00 n=0 d=0 sk=3 hf=96352 hm=93004 ht=283156 pf=0 pm=0 pt=0 ru=235196 rp=238544
19:02:28.193 @T t=53709 s=0.000 lv=-39.5 pk=-38.6 c0=6.2 c1=6.1 kw=5.93 inf=1.36 iv=0.00 n=0 d=0 sk=4 hf=96352 hm=93004 ht=283156 pf=0 pm=0 pt=0 ru=235196 rp=238544
19:02:28.193 @T t=53795 s=0.000 lv=-39.9 pk=-39.6 c0=7.7 c1=5.0 kw=4.88 inf=1.82 iv=0.00 n=0 d=0 sk=2 hf=96352 hm=93004 ht=283156 pf=0 pm=0 pt=0 ru=235196 rp=238544
19:02:28.193 @T t=53901 s=0.000 lv=-40.0 pk=-39.0 c0=3.2 c1=5.1 kw=4.93 inf=1.51 iv=0.00 n=0 d=0 sk=3 hf=96352 hm=93004 ht=283156 pf=0 pm=0 pt=0 ru=235196 rp=238544
19:02:28.193 @T t=54007 s=0.000 lv=-40.5 pk=-40.0 c0=3.1 c1=6.1 kw=5.92 inf=1.36 iv=0.00 n=0 d=0 sk=4 hf=96352 hm=93004 ht=283156 pf=0 pm=0 pt=0 ru=235196 rp=238544
19:02:28.193 @T t=54093 s=0.000 lv=-39.5 pk=-38.2 c0=4.3 c1=5.4 kw=4.86 inf=1.81 iv=0.00 n=0 d=0 sk=2 hf=96352 hm=93004 ht=283156 pf=0 pm=0 pt=0 ru=235196 rp=238544
19:02:28.193 @T t=54200 s=0.000 lv=-40.1 pk=-38.7 c0=3.2 c1=4.8 kw=4.96 inf=1.54 iv=0.00 n=0 d=0 sk=3 hf=96352 hm=93004 ht=283156 pf=0 pm=0 pt=0 ru=235196 rp=238544
19:02:28.193 @I ww=marvin cut=0.50 win=5 cool=1000 tick=100 wifi=1 srv=1 li=0 ln=0
19:02:28.193 @T t=54294 s=0.000 lv=-40.8 pk=-39.1 c0=6.2 c1=5.5 kw=5.59 inf=1.52 iv=0.00 n=0 d=0 sk=3 hf=94788 hm=93004 ht=283156 pf=0 pm=0 pt=0 ru=236760 rp=238544
19:02:28.193 @T t=54403 s=0.000 lv=-40.2 pk=-39.1 c0=5.7 c1=5.7 kw=4.88 inf=1.54 iv=0.00 n=0 d=0 sk=3 hf=96352 hm=93004 ht=283156 pf=0 pm=0 pt=0 ru=235196 rp=238544
19:02:30.777 @T t=54509 s=0.000 lv=-39.2 pk=-37.9 c0=3.6 c1=6.1 kw=5.99 inf=1.38 iv=0.00 n=0 d=0 sk=4 hf=96352 hm=93004 ht=283156 pf=0 pm=0 pt=0 ru=235196 rp=238544
19:02:30.777 @T t=54595 s=0.000 lv=-39.5 pk=-38.3 c0=3.7 c1=5.0 kw=4.86 inf=1.81 iv=0.00 n=0 d=0 sk=2 hf=96352 hm=93004 ht=283156 pf=0 pm=0 pt=0 ru=235196 rp=238544
19:02:30.777 @T t=54701 s=0.000 lv=-39.3 pk=-37.2 c0=3.0 c1=5.1 kw=4.91 inf=1.51 iv=0.00 n=0 d=0 sk=3 hf=96352 hm=93004 ht=283156 pf=0 pm=0 pt=0 ru=235196 rp=238544
19:02:30.778 @T t=54807 s=0.000 lv=-40.6 pk=-40.1 c0=6.3 c1=6.1 kw=5.92 inf=1.36 iv=0.00 n=0 d=0 sk=4 hf=96352 hm=93004 ht=283156 pf=0 pm=0 pt=0 ru=235196 rp=238544
19:02:30.778 @T t=54893 s=0.000 lv=-40.4 pk=-39.4 c0=3.8 c1=5.0 kw=4.87 inf=1.82 iv=0.00 n=0 d=0 sk=2 hf=96352 hm=93004 ht=283156 pf=0 pm=0 pt=0 ru=235196 rp=238544
19:02:30.778 @T t=54999 s=0.000 lv=-41.8 pk=-40.9 c0=3.0 c1=5.1 kw=4.93 inf=1.51 iv=0.00 n=0 d=0 sk=3 hf=96352 hm=93004 ht=283156 pf=0 pm=0 pt=0 ru=235196 rp=238544
19:02:30.778 @T t=55105 s=0.000 lv=-40.5 pk=-37.8 c0=6.5 c1=5.2 kw=5.10 inf=1.52 iv=0.00 n=0 d=0 sk=3 hf=96352 hm=93004 ht=283156 pf=0 pm=0 pt=0 ru=235196 rp=238544
19:02:30.778 @T t=55191 s=0.000 lv=-40.8 pk=-40.1 c0=3.8 c1=6.4 kw=5.92 inf=1.51 iv=0.00 n=0 d=0 sk=3 hf=96352 hm=93004 ht=283156 pf=0 pm=0 pt=0 ru=235196 rp=238544
19:02:30.778 @I ww=marvin cut=0.50 win=5 cool=1000 tick=100 wifi=1 srv=1 li=0 ln=0
19:02:30.778 @T t=55303 s=0.000 lv=-40.2 pk=-39.2 c0=11.8 c1=4.9 kw=4.70 inf=1.52 iv=0.00 n=0 d=0 sk=3 hf=96352 hm=93004 ht=283156 pf=0 pm=0 pt=0 ru=235196 rp=238544
19:02:30.778 @T t=55409 s=0.000 lv=-40.6 pk=-39.5 c0=3.4 c1=6.2 kw=6.01 inf=1.38 iv=0.00 n=0 d=0 sk=4 hf=96352 hm=93004 ht=283156 pf=0 pm=0 pt=0 ru=235196 rp=238544
19:02:30.778 @T t=55495 s=0.000 lv=-41.4 pk=-39.7 c0=3.7 c1=5.0 kw=4.88 inf=1.82 iv=0.00 n=0 d=0 sk=2 hf=96352 hm=93004 ht=283156 pf=0 pm=0 pt=0 ru=235196 rp=238544
19:02:30.778 @T t=55601 s=0.000 lv=-39.9 pk=-37.9 c0=3.0 c1=5.1 kw=4.93 inf=1.51 iv=0.00 n=0 d=0 sk=3 hf=96352 hm=93004 ht=283156 pf=0 pm=0 pt=0 ru=235196 rp=238544
19:02:30.778 @T t=55707 s=0.000 lv=-40.4 pk=-38.2 c0=6.3 c1=6.1 kw=5.92 inf=1.36 iv=0.00 n=0 d=0 sk=4 hf=96352 hm=93004 ht=283156 pf=0 pm=0 pt=0 ru=235196 rp=238544
19:02:30.778 @T t=55793 s=0.000 lv=-40.1 pk=-38.8 c0=3.7 c1=5.0 kw=4.89 inf=1.82 iv=0.00 n=0 d=0 sk=2 hf=96352 hm=93004 ht=283156 pf=0 pm=0 pt=0 ru=235196 rp=238544
19:02:30.778 @T t=55899 s=0.000 lv=-40.5 pk=-39.5 c0=3.1 c1=5.0 kw=4.89 inf=1.50 iv=0.00 n=0 d=0 sk=3 hf=96352 hm=93004 ht=283156 pf=0 pm=0 pt=0 ru=235196 rp=238544
19:02:30.778 @T t=56005 s=0.000 lv=-38.9 pk=-38.2 c0=3.1 c1=5.2 kw=5.13 inf=1.53 iv=0.00 n=0 d=0 sk=3 hf=96352 hm=93004 ht=283156 pf=0 pm=0 pt=0 ru=235196 rp=238544
19:02:30.778 @T t=56091 s=0.000 lv=-39.5 pk=-38.3 c0=3.9 c1=6.4 kw=6.14 inf=1.57 iv=0.00 n=0 d=0 sk=3 hf=96352 hm=93004 ht=283156 pf=0 pm=0 pt=0 ru=235196 rp=238544
19:02:30.778 @T t=56197 s=0.000 lv=-39.9 pk=-39.4 c0=6.4 c1=5.1 kw=4.94 inf=1.51 iv=0.00 n=0 d=0 sk=3 hf=96352 hm=93004 ht=283156 pf=0 pm=0 pt=0 ru=235196 rp=238544
19:02:30.778 @I ww=marvin cut=0.50 win=5 cool=1000 tick=100 wifi=1 srv=1 li=0 ln=0
19:02:30.778 @T t=56309 s=0.000 lv=-39.8 pk=-38.5 c0=5.4 c1=5.9 kw=5.68 inf=1.38 iv=0.00 n=0 d=0 sk=4 hf=94584 hm=93004 ht=283156 pf=0 pm=0 pt=0 ru=236964 rp=238544
19:02:30.778 @T t=56395 s=0.000 lv=-39.4 pk=-38.4 c0=7.3 c1=5.8 kw=5.18 inf=1.93 iv=0.00 n=0 d=0 sk=2 hf=96352 hm=93004 ht=283156 pf=0 pm=0 pt=0 ru=235196 rp=238544
19:02:30.778 @T t=56501 s=0.000 lv=-40.1 pk=-37.9 c0=6.0 c1=5.0 kw=4.94 inf=1.51 iv=0.00 n=0 d=0 sk=3 hf=96352 hm=93004 ht=283156 pf=0 pm=0 pt=0 ru=235196 rp=238544
19:02:30.778 @T t=56607 s=0.000 lv=-40.5 pk=-38.9 c0=4.0 c1=6.2 kw=6.01 inf=1.38 iv=0.00 n=0 d=0 sk=4 hf=96352 hm=93004 ht=283156 pf=0 pm=0 pt=0 ru=235196 rp=238544
19:02:30.778 @T t=56693 s=0.000 lv=-41.1 pk=-40.4 c0=8.1 c1=5.0 kw=4.93 inf=1.84 iv=0.00 n=0 d=0 sk=2 hf=96352 hm=93004 ht=283156 pf=0 pm=0 pt=0 ru=235196 rp=238544
19:02:30.778 @T t=56799 s=0.000 lv=-40.5 pk=-39.5 c0=3.0 c1=5.1 kw=4.91 inf=1.50 iv=0.00 n=0 d=0 sk=3 hf=96352 hm=93004 ht=283156 pf=0 pm=0 pt=0 ru=235196 rp=238544
19:02:30.778 @T t=56905 s=0.000 lv=-41.1 pk=-39.9 c0=3.2 c1=5.2 kw=5.07 inf=1.51 iv=0.00 n=0 d=0 sk=3 hf=96352 hm=93004 ht=283156 pf=0 pm=0 pt=0 ru=235196 rp=238544
19:02:33.285 @T t=56991 s=0.000 lv=-40.7 pk=-39.6 c0=3.8 c1=6.4 kw=5.93 inf=1.51 iv=0.00 n=0 d=0 sk=3 hf=96352 hm=93004 ht=283156 pf=0 pm=0 pt=0 ru=235196 rp=238544
19:02:33.286 @T t=57097 s=0.000 lv=-41.0 pk=-39.7 c0=6.4 c1=5.1 kw=4.91 inf=1.50 iv=0.00 n=0 d=0 sk=3 hf=96352 hm=93004 ht=283156 pf=0 pm=0 pt=0 ru=235196 rp=238544
19:02:33.286 @T t=57203 s=0.000 lv=-40.9 pk=-40.0 c0=3.1 c1=5.1 kw=4.94 inf=1.51 iv=0.00 n=0 d=0 sk=3 hf=96352 hm=93004 ht=283156 pf=0 pm=0 pt=0 ru=235196 rp=238544
19:02:33.286 @I ww=marvin cut=0.50 win=5 cool=1000 tick=100 wifi=1 srv=1 li=0 ln=0
19:02:33.286 @T t=57295 s=0.000 lv=-41.8 pk=-40.4 c0=4.8 c1=5.9 kw=5.72 inf=1.52 iv=0.00 n=0 d=0 sk=3 hf=96352 hm=93004 ht=283156 pf=0 pm=0 pt=0 ru=235196 rp=238544
19:02:33.286 @T t=57401 s=0.000 lv=-40.2 pk=-38.8 c0=4.2 c1=5.2 kw=5.05 inf=1.55 iv=0.00 n=0 d=0 sk=3 hf=96352 hm=93004 ht=283156 pf=0 pm=0 pt=0 ru=235196 rp=238544
19:02:33.286 @T t=57507 s=0.000 lv=-41.1 pk=-39.8 c0=3.6 c1=6.1 kw=5.95 inf=1.37 iv=0.00 n=0 d=0 sk=4 hf=96352 hm=93004 ht=283156 pf=0 pm=0 pt=0 ru=235196 rp=238544
19:02:33.286 @T t=57593 s=0.000 lv=-41.2 pk=-40.8 c0=4.3 c1=5.1 kw=4.97 inf=1.85 iv=0.00 n=0 d=0 sk=2 hf=96352 hm=93004 ht=283156 pf=0 pm=0 pt=0 ru=235196 rp=238544
19:02:33.286 @T t=57699 s=0.000 lv=-40.7 pk=-39.7 c0=3.5 c1=5.1 kw=4.98 inf=1.53 iv=0.00 n=0 d=0 sk=3 hf=96352 hm=93004 ht=283156 pf=0 pm=0 pt=0 ru=235196 rp=238544
19:02:33.286 @T t=57805 s=0.000 lv=-39.8 pk=-38.0 c0=3.2 c1=5.2 kw=5.12 inf=1.53 iv=0.00 n=0 d=0 sk=3 hf=96352 hm=93004 ht=283156 pf=0 pm=0 pt=0 ru=235196 rp=238544
19:02:33.286 @T t=57891 s=0.000 lv=-40.1 pk=-38.1 c0=4.3 c1=6.5 kw=5.99 inf=1.53 iv=0.00 n=0 d=0 sk=3 hf=96352 hm=93004 ht=283156 pf=0 pm=0 pt=0 ru=235196 rp=238544
19:02:33.286 @T t=57997 s=0.000 lv=-41.1 pk=-40.2 c0=3.5 c1=5.1 kw=5.00 inf=1.53 iv=0.00 n=0 d=0 sk=3 hf=96352 hm=93004 ht=283156 pf=0 pm=0 pt=0 ru=235196 rp=238544
19:02:33.286 @T t=58103 s=0.000 lv=-41.3 pk=-39.9 c0=3.6 c1=5.1 kw=4.98 inf=1.53 iv=0.00 n=0 d=0 sk=3 hf=96352 hm=93004 ht=283156 pf=0 pm=0 pt=0 ru=235196 rp=238544
19:02:33.286 @T t=58209 s=0.000 lv=-41.6 pk=-40.2 c0=3.5 c1=6.1 kw=5.94 inf=1.36 iv=0.00 n=0 d=0 sk=4 hf=96352 hm=93004 ht=283156 pf=0 pm=0 pt=0 ru=235196 rp=238544
19:02:33.286 @I ww=marvin cut=0.50 win=5 cool=1000 tick=100 wifi=1 srv=1 li=0 ln=0
19:02:33.286 @T t=58301 s=0.000 lv=-41.4 pk=-40.5 c0=4.9 c1=4.8 kw=4.62 inf=1.84 iv=0.00 n=0 d=0 sk=2 hf=96352 hm=93004 ht=283156 pf=0 pm=0 pt=0 ru=235196 rp=238544
19:02:33.286 I (58777) wifi:[ADDBA]RX DELBA, reason:37, delete tid:0, initiator:1(originator)
19:02:33.286 @T t=58407 s=0.000 lv=-40.2 pk=-38.6 c0=8.8 c1=6.8 kw=6.26 inf=1.44 iv=0.00 n=0 d=0 sk=4 hf=96352 hm=93004 ht=283156 pf=0 pm=0 pt=0 ru=235196 rp=238544
19:02:33.286 @T t=58493 s=0.000 lv=-40.9 pk=-40.3 c0=8.0 c1=5.0 kw=4.88 inf=1.82 iv=0.00 n=0 d=0 sk=2 hf=96352 hm=93004 ht=283156 pf=0 pm=0 pt=0 ru=235196 rp=238544
19:02:33.286 @T t=58599 s=0.000 lv=-40.6 pk=-39.6 c0=4.2 c1=5.2 kw=5.00 inf=1.53 iv=0.00 n=0 d=0 sk=3 hf=96156 hm=93004 ht=283156 pf=0 pm=0 pt=0 ru=235392 rp=238544
19:02:33.286 @T t=58705 s=0.000 lv=-40.3 pk=-39.2 c0=4.1 c1=5.2 kw=5.15 inf=1.54 iv=0.00 n=0 d=0 sk=3 hf=96352 hm=93004 ht=283156 pf=0 pm=0 pt=0 ru=235196 rp=238544
19:02:33.286 @T t=58791 s=0.000 lv=-41.1 pk=-40.8 c0=3.8 c1=6.5 kw=6.26 inf=1.61 iv=0.00 n=0 d=0 sk=3 hf=96352 hm=93004 ht=283156 pf=0 pm=0 pt=0 ru=235196 rp=238544
19:02:33.286 @T t=58897 s=0.000 lv=-40.7 pk=-39.9 c0=3.5 c1=5.1 kw=4.95 inf=1.52 iv=0.00 n=0 d=0 sk=3 hf=96352 hm=93004 ht=283156 pf=0 pm=0 pt=0 ru=235196 rp=238544
19:02:33.286 @T t=59003 s=0.000 lv=-39.8 pk=-38.0 c0=3.2 c1=5.1 kw=4.94 inf=1.51 iv=0.00 n=0 d=0 sk=3 hf=96352 hm=93004 ht=283156 pf=0 pm=0 pt=0 ru=235196 rp=238544
19:02:33.286 @T t=59109 s=0.000 lv=-40.4 pk=-38.5 c0=6.7 c1=6.2 kw=5.97 inf=1.37 iv=0.00 n=0 d=0 sk=4 hf=96352 hm=93004 ht=283156 pf=0 pm=0 pt=0 ru=235196 rp=238544
19:02:33.286 @T t=59195 s=0.000 lv=-40.8 pk=-40.7 c0=4.2 c1=5.1 kw=4.97 inf=1.85 iv=0.00 n=0 d=0 sk=2 hf=96352 hm=93004 ht=283156 pf=0 pm=0 pt=0 ru=235196 rp=238544
19:02:33.286 @I ww=marvin cut=0.50 win=5 cool=1000 tick=100 wifi=1 srv=1 li=0 ln=0
19:02:33.286 @T t=59307 s=0.000 lv=-39.4 pk=-37.4 c0=4.0 c1=5.8 kw=5.64 inf=1.37 iv=0.00 n=0 d=0 sk=4 hf=96352 hm=93004 ht=283156 pf=0 pm=0 pt=0 ru=235196 rp=238544
19:02:33.286 @T t=59393 s=0.000 lv=-40.0 pk=-38.4 c0=5.0 c1=5.1 kw=4.96 inf=1.85 iv=0.00 n=0 d=0 sk=2 hf=96352 hm=93004 ht=283156 pf=0 pm=0 pt=0 ru=235196 rp=238544
19:02:35.678 @T t=59499 s=0.000 lv=-40.8 pk=-39.8 c0=3.3 c1=5.1 kw=4.98 inf=1.53 iv=0.00 n=0 d=0 sk=3 hf=96352 hm=93004 ht=283156 pf=0 pm=0 pt=0 ru=235196 rp=238544
19:02:35.678 @T t=59605 s=0.000 lv=-40.9 pk=-40.0 c0=3.1 c1=5.2 kw=5.10 inf=1.52 iv=0.00 n=0 d=0 sk=3 hf=96352 hm=93004 ht=283156 pf=0 pm=0 pt=0 ru=235196 rp=238544
19:02:35.678 @T t=59691 s=0.000 lv=-40.8 pk=-39.0 c0=3.7 c1=6.4 kw=5.93 inf=1.51 iv=0.00 n=0 d=0 sk=3 hf=96352 hm=93004 ht=283156 pf=0 pm=0 pt=0 ru=235196 rp=238544
19:02:35.678 @T t=59797 s=0.000 lv=-40.1 pk=-39.4 c0=3.0 c1=5.0 kw=4.89 inf=1.50 iv=0.00 n=0 d=0 sk=3 hf=96352 hm=93004 ht=283156 pf=0 pm=0 pt=0 ru=235196 rp=238544
19:02:35.678 @T t=59903 s=0.000 lv=-41.0 pk=-40.3 c0=3.1 c1=5.1 kw=4.93 inf=1.51 iv=0.00 n=0 d=0 sk=3 hf=96352 hm=93004 ht=283156 pf=0 pm=0 pt=0 ru=235196 rp=238544
19:02:35.678 @T t=60009 s=0.000 lv=-40.7 pk=-39.1 c0=3.1 c1=6.1 kw=5.92 inf=1.36 iv=0.00 n=0 d=0 sk=4 hf=96352 hm=93004 ht=283156 pf=0 pm=0 pt=0 ru=235196 rp=238544
19:02:35.678 @T t=60095 s=0.000 lv=-41.4 pk=-40.5 c0=7.9 c1=5.0 kw=4.88 inf=1.82 iv=0.00 n=0 d=0 sk=2 hf=96352 hm=93004 ht=283156 pf=0 pm=0 pt=0 ru=235196 rp=238544
19:02:35.678 @T t=60201 s=0.000 lv=-40.3 pk=-38.8 c0=6.3 c1=5.1 kw=4.98 inf=1.53 iv=0.00 n=0 d=0 sk=3 hf=96352 hm=93004 ht=283156 pf=0 pm=0 pt=0 ru=235196 rp=238544
19:02:35.678 @I ww=marvin cut=0.50 win=5 cool=1000 tick=100 wifi=1 srv=1 li=0 ln=0
19:02:35.678 @T t=60293 s=0.000 lv=-39.5 pk=-37.9 c0=4.4 c1=5.9 kw=5.70 inf=1.52 iv=0.00 n=0 d=0 sk=3 hf=96352 hm=93004 ht=283156 pf=0 pm=0 pt=0 ru=235196 rp=238544
19:02:35.678 @T t=60399 s=0.000 lv=-39.1 pk=-38.4 c0=9.3 c1=5.9 kw=5.11 inf=1.57 iv=0.00 n=0 d=0 sk=3 hf=96352 hm=93004 ht=283156 pf=0 pm=0 pt=0 ru=235196 rp=238544
19:02:35.678 @T t=60505 s=0.000 lv=-40.1 pk=-39.1 c0=6.4 c1=5.2 kw=5.13 inf=1.53 iv=0.00 n=0 d=0 sk=3 hf=96352 hm=93004 ht=283156 pf=0 pm=0 pt=0 ru=235196 rp=238544
19:02:35.678 @T t=60591 s=0.000 lv=-39.8 pk=-38.8 c0=4.7 c1=6.6 kw=6.29 inf=1.61 iv=0.00 n=0 d=0 sk=3 hf=96352 hm=93004 ht=283156 pf=0 pm=0 pt=0 ru=235196 rp=238544
19:02:35.678 @T t=60697 s=0.000 lv=-39.5 pk=-38.8 c0=3.3 c1=5.0 kw=4.94 inf=1.51 iv=0.00 n=0 d=0 sk=3 hf=96352 hm=93004 ht=283156 pf=0 pm=0 pt=0 ru=235196 rp=238544
19:02:35.678 @T t=60803 s=0.000 lv=-39.8 pk=-38.8 c0=3.0 c1=5.1 kw=4.94 inf=1.51 iv=0.00 n=0 d=0 sk=3 hf=96352 hm=93004 ht=283156 pf=0 pm=0 pt=0 ru=235196 rp=238544
19:02:35.678 @T t=60909 s=0.000 lv=-40.7 pk=-39.4 c0=3.2 c1=6.1 kw=5.93 inf=1.36 iv=0.00 n=0 d=0 sk=4 hf=96352 hm=93004 ht=283156 pf=0 pm=0 pt=0 ru=235196 rp=238544
19:02:35.678 @T t=60995 s=0.000 lv=-39.0 pk=-37.9 c0=3.8 c1=5.0 kw=4.90 inf=1.83 iv=0.00 n=0 d=0 sk=2 hf=96352 hm=93004 ht=283156 pf=0 pm=0 pt=0 ru=235196 rp=238544
19:02:35.678 @T t=61101 s=0.000 lv=-40.3 pk=-38.9 c0=3.5 c1=5.2 kw=4.98 inf=1.53 iv=0.00 n=0 d=0 sk=3 hf=96352 hm=93004 ht=283156 pf=0 pm=0 pt=0 ru=235196 rp=238544
19:02:35.678 [status] up 61s | mic -40.1 dBFS (peak -36.9) | score max 0.00 | detections 0 | inferences 0 (0.0/s; model 0.00 ms each, paused in quiet 100%; features 1.53 ms per 30 ms) | CPU core0  4.5% core1  5.5% (wake word pipeline 5.27% of one core) | RAM used 229 KB (peak 232 KB, 94 KB free) | wifi OK, server OK | audio lost since boot: i2s 0 net 0
19:02:35.678 @T t=61209 s=0.000 lv=-38.6 pk=-36.2 c0=7.3 c1=6.0 kw=5.89 inf=1.38 iv=0.00 n=0 d=0 sk=4 hf=96352 hm=93004 ht=283156 pf=0 pm=0 pt=0 ru=235196 rp=238544
19:02:35.678 @I ww=marvin cut=0.50 win=5 cool=1000 tick=100 wifi=1 srv=1 li=0 ln=0
19:02:35.678 @T t=61301 s=0.000 lv=-39.3 pk=-37.3 c0=4.4 c1=4.7 kw=4.57 inf=1.82 iv=0.00 n=0 d=0 sk=2 hf=96352 hm=93004 ht=283156 pf=0 pm=0 pt=0 ru=235196 rp=238544
19:02:35.678 @T t=61407 s=0.000 lv=-39.6 pk=-37.3 c0=6.9 c1=6.2 kw=5.99 inf=1.38 iv=0.00 n=0 d=0 sk=4 hf=96352 hm=93004 ht=283156 pf=0 pm=0 pt=0 ru=235196 rp=238544
19:02:35.678 @T t=61493 s=0.000 lv=-40.4 pk=-39.5 c0=4.0 c1=5.0 kw=4.89 inf=1.82 iv=0.00 n=0 d=0 sk=2 hf=96352 hm=93004 ht=283156 pf=0 pm=0 pt=0 ru=235196 rp=238544
19:02:35.678 @T t=61599 s=0.000 lv=-40.3 pk=-38.4 c0=3.4 c1=5.2 kw=5.00 inf=1.53 iv=0.00 n=0 d=0 sk=3 hf=96352 hm=93004 ht=283156 pf=0 pm=0 pt=0 ru=235196 rp=238544
19:02:35.678 @T t=61705 s=0.000 lv=-40.4 pk=-38.8 c0=3.3 c1=5.1 kw=5.09 inf=1.52 iv=0.00 n=0 d=0 sk=3 hf=96352 hm=93004 ht=283156 pf=0 pm=0 pt=0 ru=235196 rp=238544
19:02:35.678 @T t=61791 s=0.000 lv=-40.1 pk=-39.2 c0=7.7 c1=6.4 kw=6.12 inf=1.57 iv=0.00 n=0 d=0 sk=3 hf=96352 hm=93004 ht=283156 pf=0 pm=0 pt=0 ru=235196 rp=238544
19:02:38.192 @T t=61897 s=0.000 lv=-39.8 pk=-38.7 c0=3.2 c1=5.1 kw=4.93 inf=1.51 iv=0.00 n=0 d=0 sk=3 hf=96352 hm=93004 ht=283156 pf=0 pm=0 pt=0 ru=235196 rp=238544
19:02:38.192 @T t=62003 s=0.000 lv=-40.0 pk=-36.9 c0=3.1 c1=5.1 kw=4.93 inf=1.51 iv=0.00 n=0 d=0 sk=3 hf=96352 hm=93004 ht=283156 pf=0 pm=0 pt=0 ru=235196 rp=238544
19:02:38.192 @T t=62109 s=0.000 lv=-39.6 pk=-38.4 c0=3.1 c1=6.1 kw=5.95 inf=1.37 iv=0.00 n=0 d=0 sk=4 hf=96352 hm=93004 ht=283156 pf=0 pm=0 pt=0 ru=235196 rp=238544
19:02:38.192 @T t=62195 s=0.000 lv=-38.4 pk=-36.7 c0=3.8 c1=5.0 kw=4.88 inf=1.82 iv=0.00 n=0 d=0 sk=2 hf=96352 hm=93004 ht=283156 pf=0 pm=0 pt=0 ru=235196 rp=238544
19:02:38.192 @I ww=marvin cut=0.50 win=5 cool=1000 tick=100 wifi=1 srv=1 li=0 ln=0
19:02:38.192 @T t=62307 s=0.000 lv=-38.7 pk=-36.9 c0=3.6 c1=5.8 kw=5.61 inf=1.36 iv=0.00 n=0 d=0 sk=4 hf=96352 hm=93004 ht=283156 pf=0 pm=0 pt=0 ru=235196 rp=238544
19:02:38.192 @T t=62393 s=0.000 lv=-40.4 pk=-39.2 c0=12.1 c1=5.8 kw=5.18 inf=1.93 iv=0.00 n=0 d=0 sk=2 hf=96352 hm=93004 ht=283156 pf=0 pm=0 pt=0 ru=235196 rp=238544
19:02:38.192 @T t=62499 s=0.000 lv=-39.9 pk=-38.3 c0=3.4 c1=5.1 kw=4.97 inf=1.52 iv=0.00 n=0 d=0 sk=3 hf=96352 hm=93004 ht=283156 pf=0 pm=0 pt=0 ru=235196 rp=238544
19:02:38.192 @T t=62605 s=0.000 lv=-40.0 pk=-39.2 c0=3.7 c1=5.2 kw=5.11 inf=1.53 iv=0.00 n=0 d=0 sk=3 hf=96352 hm=93004 ht=283156 pf=0 pm=0 pt=0 ru=235196 rp=238544
19:02:38.192 @T t=62691 s=0.000 lv=-40.1 pk=-39.4 c0=3.9 c1=6.5 kw=6.22 inf=1.60 iv=0.00 n=0 d=0 sk=3 hf=96352 hm=93004 ht=283156 pf=0 pm=0 pt=0 ru=235196 rp=238544
19:02:38.192 @T t=62797 s=0.000 lv=-39.8 pk=-38.0 c0=6.3 c1=5.1 kw=4.97 inf=1.52 iv=0.00 n=0 d=0 sk=3 hf=96352 hm=93004 ht=283156 pf=0 pm=0 pt=0 ru=235196 rp=238544
19:02:38.192 @T t=62903 s=0.000 lv=-40.3 pk=-39.6 c0=3.4 c1=5.1 kw=4.98 inf=1.53 iv=0.00 n=0 d=0 sk=3 hf=96352 hm=93004 ht=283156 pf=0 pm=0 pt=0 ru=235196 rp=238544
19:02:38.193 @T t=63009 s=0.000 lv=-40.0 pk=-39.1 c0=3.1 c1=6.1 kw=5.91 inf=1.36 iv=0.00 n=0 d=0 sk=4 hf=96352 hm=93004 ht=283156 pf=0 pm=0 pt=0 ru=235196 rp=238544
19:02:38.193 @T t=63095 s=0.000 lv=-40.6 pk=-39.6 c0=7.8 c1=5.0 kw=4.89 inf=1.82 iv=0.00 n=0 d=0 sk=2 hf=96352 hm=93004 ht=283156 pf=0 pm=0 pt=0 ru=235196 rp=238544
19:02:38.193 @T t=63201 s=0.000 lv=-40.2 pk=-38.0 c0=6.3 c1=5.1 kw=4.92 inf=1.51 iv=0.00 n=0 d=0 sk=3 hf=96352 hm=93004 ht=283156 pf=0 pm=0 pt=0 ru=235196 rp=238544
19:02:38.193 @I ww=marvin cut=0.50 win=5 cool=1000 tick=100 wifi=1 srv=1 li=0 ln=0
19:02:38.193 @T t=63293 s=0.000 lv=-40.8 pk=-40.2 c0=13.3 c1=5.8 kw=5.69 inf=1.51 iv=0.00 n=0 d=0 sk=3 hf=96352 hm=93004 ht=283156 pf=0 pm=0 pt=0 ru=235196 rp=238544
19:02:38.193 @T t=63399 s=0.000 lv=-39.7 pk=-39.0 c0=3.6 c1=5.1 kw=4.95 inf=1.52 iv=0.00 n=0 d=0 sk=3 hf=96352 hm=93004 ht=283156 pf=0 pm=0 pt=0 ru=235196 rp=238544
19:02:38.193 @T t=63505 s=0.000 lv=-39.4 pk=-38.1 c0=3.2 c1=5.2 kw=5.12 inf=1.53 iv=0.00 n=0 d=0 sk=3 hf=96352 hm=93004 ht=283156 pf=0 pm=0 pt=0 ru=235196 rp=238544
19:02:38.193 @T t=63591 s=0.000 lv=-39.1 pk=-38.6 c0=3.8 c1=6.4 kw=5.97 inf=1.52 iv=0.00 n=0 d=0 sk=3 hf=96352 hm=93004 ht=283156 pf=0 pm=0 pt=0 ru=235196 rp=238544
19:02:38.193 @T t=63697 s=0.000 lv=-40.3 pk=-39.5 c0=3.0 c1=5.1 kw=4.92 inf=1.51 iv=0.00 n=0 d=0 sk=3 hf=96352 hm=93004 ht=283156 pf=0 pm=0 pt=0 ru=235196 rp=238544
19:02:38.193 @T t=63803 s=0.000 lv=-39.6 pk=-37.5 c0=6.3 c1=5.1 kw=4.94 inf=1.51 iv=0.00 n=0 d=0 sk=3 hf=96352 hm=93004 ht=283156 pf=0 pm=0 pt=0 ru=235196 rp=238544
19:02:38.193 @T t=63909 s=0.000 lv=-40.0 pk=-39.5 c0=6.7 c1=6.2 kw=6.00 inf=1.38 iv=0.00 n=0 d=0 sk=4 hf=96352 hm=93004 ht=283156 pf=0 pm=0 pt=0 ru=235196 rp=238544
19:02:38.193 @T t=63995 s=0.000 lv=-40.7 pk=-40.2 c0=4.0 c1=5.0 kw=4.92 inf=1.83 iv=0.00 n=0 d=0 sk=2 hf=96352 hm=93004 ht=283156 pf=0 pm=0 pt=0 ru=235196 rp=238544
19:02:38.193 @T t=64101 s=0.000 lv=-38.7 pk=-38.2 c0=3.2 c1=5.1 kw=4.95 inf=1.52 iv=0.00 n=0 d=0 sk=3 hf=96352 hm=93004 ht=283156 pf=0 pm=0 pt=0 ru=235196 rp=238544
19:02:38.193 @T t=64207 s=0.000 lv=-38.9 pk=-37.7 c0=3.1 c1=6.1 kw=5.93 inf=1.36 iv=0.00 n=0 d=0 sk=4 hf=96352 hm=93004 ht=283156 pf=0 pm=0 pt=0 ru=235196 rp=238544
19:02:38.193 @I ww=marvin cut=0.50 win=5 cool=1000 tick=100 wifi=1 srv=1 li=0 ln=0
19:02:38.193 @T t=64299 s=0.000 lv=-39.6 pk=-38.3 c0=13.3 c1=4.7 kw=4.57 inf=1.82 iv=0.00 n=0 d=0 sk=2 hf=96352 hm=93004 ht=283156 pf=0 pm=0 pt=0 ru=235196 rp=238544
19:02:40.780 @T t=64405 s=0.000 lv=-39.7 pk=-39.1 c0=9.6 c1=5.7 kw=5.23 inf=1.56 iv=0.00 n=0 d=0 sk=3 hf=96352 hm=93004 ht=283156 pf=0 pm=0 pt=0 ru=235196 rp=238544
19:02:40.780 @T t=64491 s=0.000 lv=-39.4 pk=-38.1 c0=4.2 c1=6.4 kw=6.20 inf=1.59 iv=0.00 n=0 d=0 sk=3 hf=96352 hm=93004 ht=283156 pf=0 pm=0 pt=0 ru=235196 rp=238544
19:02:40.780 @T t=64597 s=0.000 lv=-41.3 pk=-40.4 c0=6.9 c1=5.2 kw=4.99 inf=1.53 iv=0.00 n=0 d=0 sk=3 hf=96352 hm=93004 ht=283156 pf=0 pm=0 pt=0 ru=235196 rp=238544
19:02:40.781 @T t=64703 s=0.000 lv=-40.4 pk=-39.1 c0=3.7 c1=5.4 kw=5.03 inf=1.54 iv=0.00 n=0 d=0 sk=3 hf=96352 hm=93004 ht=283156 pf=0 pm=0 pt=0 ru=235196 rp=238544
19:02:40.781 @T t=64809 s=0.000 lv=-39.8 pk=-38.9 c0=3.3 c1=6.1 kw=5.93 inf=1.37 iv=0.00 n=0 d=0 sk=4 hf=96352 hm=93004 ht=283156 pf=0 pm=0 pt=0 ru=235196 rp=238544
19:02:40.781 @T t=64895 s=0.000 lv=-40.5 pk=-39.8 c0=3.9 c1=5.0 kw=4.88 inf=1.82 iv=0.00 n=0 d=0 sk=2 hf=96352 hm=93004 ht=283156 pf=0 pm=0 pt=0 ru=235196 rp=238544
19:02:40.781 @T t=65001 s=0.000 lv=-39.5 pk=-38.6 c0=3.4 c1=5.1 kw=4.98 inf=1.53 iv=0.00 n=0 d=0 sk=3 hf=96352 hm=93004 ht=283156 pf=0 pm=0 pt=0 ru=235196 rp=238544
19:02:40.781 @T t=65107 s=0.000 lv=-39.1 pk=-37.7 c0=3.4 c1=6.1 kw=5.94 inf=1.36 iv=0.00 n=0 d=0 sk=4 hf=96352 hm=93004 ht=283156 pf=0 pm=0 pt=0 ru=235196 rp=238544
19:02:40.781 @T t=65193 s=0.000 lv=-39.6 pk=-39.1 c0=3.8 c1=5.0 kw=4.90 inf=1.83 iv=0.00 n=0 d=0 sk=2 hf=96352 hm=93004 ht=283156 pf=0 pm=0 pt=0 ru=235196 rp=238544
19:02:40.781 @I ww=marvin cut=0.50 win=5 cool=1000 tick=100 wifi=1 srv=1 li=0 ln=0
19:02:40.781 @T t=65305 s=0.000 lv=-40.9 pk=-40.1 c0=3.6 c1=4.9 kw=4.78 inf=1.51 iv=0.00 n=0 d=0 sk=3 hf=96352 hm=93004 ht=283156 pf=0 pm=0 pt=0 ru=235196 rp=238544
19:02:40.781 @T t=65391 s=0.000 lv=-40.7 pk=-39.7 c0=4.5 c1=6.5 kw=6.19 inf=1.59 iv=0.00 n=0 d=0 sk=3 hf=96352 hm=93004 ht=283156 pf=0 pm=0 pt=0 ru=235196 rp=238544
19:02:40.781 @T t=65497 s=0.000 lv=-39.8 pk=-39.3 c0=3.2 c1=5.1 kw=4.96 inf=1.52 iv=0.00 n=0 d=0 sk=3 hf=96352 hm=93004 ht=283156 pf=0 pm=0 pt=0 ru=235196 rp=238544
19:02:40.781 @T t=65603 s=0.000 lv=-38.7 pk=-37.1 c0=6.3 c1=5.1 kw=4.95 inf=1.52 iv=0.00 n=0 d=0 sk=3 hf=96352 hm=93004 ht=283156 pf=0 pm=0 pt=0 ru=235196 rp=238544
19:02:40.781 @T t=65709 s=0.000 lv=-39.5 pk=-38.2 c0=6.7 c1=6.5 kw=5.99 inf=1.38 iv=0.00 n=0 d=0 sk=4 hf=96352 hm=93004 ht=283156 pf=0 pm=0 pt=0 ru=235196 rp=238544
19:02:40.781 @T t=65795 s=0.000 lv=-41.2 pk=-39.7 c0=4.1 c1=5.0 kw=4.89 inf=1.82 iv=0.00 n=0 d=0 sk=2 hf=96352 hm=93004 ht=283156 pf=0 pm=0 pt=0 ru=235196 rp=238544
19:02:40.781 @T t=65901 s=0.000 lv=-39.5 pk=-38.2 c0=3.2 c1=5.1 kw=4.94 inf=1.51 iv=0.00 n=0 d=0 sk=3 hf=96352 hm=93004 ht=283156 pf=0 pm=0 pt=0 ru=235196 rp=238544
19:02:40.781 @T t=66007 s=0.000 lv=-39.1 pk=-37.9 c0=3.1 c1=6.1 kw=5.92 inf=1.36 iv=0.00 n=0 d=0 sk=4 hf=96352 hm=93004 ht=283156 pf=0 pm=0 pt=0 ru=235196 rp=238544
19:02:40.781 @T t=66093 s=0.000 lv=-39.4 pk=-38.3 c0=4.3 c1=5.2 kw=4.97 inf=1.85 iv=0.00 n=0 d=0 sk=2 hf=96352 hm=93004 ht=283156 pf=0 pm=0 pt=0 ru=235196 rp=238544
19:02:40.781 @T t=66199 s=0.000 lv=-40.0 pk=-38.7 c0=3.3 c1=5.1 kw=4.98 inf=1.52 iv=0.00 n=0 d=0 sk=3 hf=96352 hm=93004 ht=283156 pf=0 pm=0 pt=0 ru=235196 rp=238544
19:02:40.781 @I ww=marvin cut=0.50 win=5 cool=1000 tick=100 wifi=1 srv=1 li=0 ln=0
19:02:40.781 @T t=66291 s=0.000 lv=-39.4 pk=-38.9 c0=4.4 c1=5.9 kw=5.71 inf=1.52 iv=0.00 n=0 d=0 sk=3 hf=96352 hm=93004 ht=283156 pf=0 pm=0 pt=0 ru=235196 rp=238544
19:02:40.781 @T t=66397 s=0.000 lv=-38.4 pk=-37.2 c0=9.4 c1=5.9 kw=5.09 inf=1.56 iv=0.00 n=0 d=0 sk=3 hf=96352 hm=93004 ht=283156 pf=0 pm=0 pt=0 ru=235196 rp=238544
19:02:40.781 @T t=66503 s=0.000 lv=-38.8 pk=-37.5 c0=3.3 c1=5.0 kw=4.96 inf=1.52 iv=0.00 n=0 d=0 sk=3 hf=96352 hm=93004 ht=283156 pf=0 pm=0 pt=0 ru=235196 rp=238544
19:02:40.781 @T t=66609 s=0.000 lv=-35.2 pk=-33.9 c0=3.6 c1=16.8 kw=16.54 inf=1.28 iv=1.00 n=11 d=0 sk=2 hf=96352 hm=93004 ht=283156 pf=0 pm=0 pt=0 ru=235196 rp=238544
19:02:40.781 @T t=66695 s=0.000 lv=-33.2 pk=-32.6 c0=4.2 c1=8.2 kw=8.07 inf=3.18 iv=1.22 n=2 d=0 sk=0 hf=96352 hm=93004 ht=283156 pf=0 pm=0 pt=0 ru=235196 rp=238544
19:02:40.781 @T t=66801 s=0.000 lv=-31.2 pk=-30.4 c0=3.9 c1=10.6 kw=10.42 inf=2.58 iv=1.35 n=4 d=0 sk=0 hf=96352 hm=93004 ht=283156 pf=0 pm=0 pt=0 ru=235196 rp=238544
19:02:40.781 @T t=66907 s=0.000 lv=-30.1 pk=-28.8 c0=3.7 c1=10.8 kw=10.79 inf=2.64 iv=1.19 n=4 d=0 sk=0 hf=96352 hm=93004 ht=283156 pf=0 pm=0 pt=0 ru=235196 rp=238544
19:02:43.287 @T t=66993 s=0.000 lv=-31.5 pk=-28.9 c0=8.1 c1=8.5 kw=8.06 inf=3.18 iv=1.25 n=2 d=0 sk=0 hf=96352 hm=93004 ht=283156 pf=0 pm=0 pt=0 ru=235196 rp=238544
19:02:43.287 @T t=67099 s=0.001 lv=-30.2 pk=-28.6 c0=3.6 c1=9.8 kw=9.64 inf=2.37 iv=1.16 n=4 d=0 sk=0 hf=96352 hm=93004 ht=283156 pf=0 pm=0 pt=0 ru=235196 rp=238544
19:02:43.287 @T t=67205 s=0.001 lv=-32.1 pk=-30.0 c0=3.8 c1=8.8 kw=8.74 inf=2.80 iv=1.18 n=3 d=0 sk=0 hf=96352 hm=93004 ht=283156 pf=0 pm=0 pt=0 ru=235196 rp=238544
19:02:43.287 @I ww=marvin cut=0.50 win=5 cool=1000 tick=100 wifi=1 srv=1 li=0 ln=0
19:02:43.287 @T t=67299 s=0.000 lv=-35.4 pk=-33.7 c0=4.8 c1=10.7 kw=10.38 inf=3.06 iv=1.35 n=3 d=0 sk=0 hf=96352 hm=93004 ht=283156 pf=0 pm=0 pt=0 ru=235196 rp=238544
19:02:43.287 I (67715) wifi:[ADDBA]RX DELBA, reason:37, delete tid:0, initiator:1(originator)
19:02:43.287 @T t=67405 s=0.001 lv=-38.4 pk=-36.8 c0=5.9 c1=10.5 kw=10.39 inf=2.53 iv=1.29 n=4 d=0 sk=0 hf=96352 hm=93004 ht=283156 pf=0 pm=0 pt=0 ru=235196 rp=238544
19:02:43.287 @T t=67490 s=0.001 lv=-37.9 pk=-36.4 c0=4.0 c1=11.1 kw=10.83 inf=2.87 iv=1.19 n=3 d=0 sk=0 hf=96352 hm=93004 ht=283156 pf=0 pm=0 pt=0 ru=235196 rp=238544
19:02:43.287 @T t=67596 s=0.002 lv=-39.7 pk=-38.5 c0=3.5 c1=8.6 kw=8.47 inf=2.75 iv=1.16 n=3 d=0 sk=0 hf=96352 hm=93004 ht=283156 pf=0 pm=0 pt=0 ru=235196 rp=238544
19:02:43.287 @T t=67702 s=0.003 lv=-39.1 pk=-37.8 c0=3.4 c1=9.7 kw=9.52 inf=2.34 iv=1.15 n=4 d=0 sk=0 hf=96352 hm=93004 ht=283156 pf=0 pm=0 pt=0 ru=235196 rp=238544
19:02:43.287 @T t=67808 s=0.002 lv=-39.5 pk=-38.6 c0=3.8 c1=11.1 kw=10.57 inf=2.58 iv=1.14 n=4 d=0 sk=0 hf=96352 hm=93004 ht=283156 pf=0 pm=0 pt=0 ru=235196 rp=238544
19:02:43.287 @T t=67895 s=0.000 lv=-39.9 pk=-38.1 c0=8.4 c1=8.0 kw=7.83 inf=3.12 iv=1.19 n=2 d=0 sk=0 hf=96352 hm=93004 ht=283156 pf=0 pm=0 pt=0 ru=235196 rp=238544
19:02:43.287 @T t=68001 s=0.000 lv=-40.4 pk=-40.0 c0=3.4 c1=9.4 kw=9.23 inf=2.27 iv=1.08 n=4 d=0 sk=0 hf=96352 hm=93004 ht=283156 pf=0 pm=0 pt=0 ru=235196 rp=238544
19:02:43.287 @T t=68107 s=0.000 lv=-39.0 pk=-37.7 c0=3.5 c1=10.5 kw=10.26 inf=2.51 iv=1.09 n=4 d=0 sk=0 hf=96352 hm=93004 ht=283156 pf=0 pm=0 pt=0 ru=235196 rp=238544
19:02:43.287 @T t=68193 s=0.000 lv=-37.8 pk=-36.6 c0=4.2 c1=8.0 kw=7.84 inf=3.08 iv=1.17 n=2 d=0 sk=0 hf=96352 hm=93004 ht=283156 pf=0 pm=0 pt=0 ru=235196 rp=238544
19:02:43.287 @I ww=marvin cut=0.50 win=5 cool=1000 tick=100 wifi=1 srv=1 li=0 ln=0
19:02:43.287 @T t=68305 s=0.000 lv=-39.2 pk=-37.7 c0=4.0 c1=9.1 kw=8.96 inf=2.29 iv=1.10 n=4 d=0 sk=0 hf=96352 hm=93004 ht=283156 pf=0 pm=0 pt=0 ru=235196 rp=238544
19:02:43.287 @T t=68391 s=0.000 lv=-39.7 pk=-38.6 c0=9.0 c1=12.8 kw=12.37 inf=3.33 iv=1.45 n=3 d=0 sk=0 hf=96352 hm=93004 ht=283156 pf=0 pm=0 pt=0 ru=235196 rp=238544
19:02:43.287 @T t=68497 s=0.000 lv=-40.4 pk=-39.5 c0=3.5 c1=8.5 kw=8.36 inf=2.72 iv=1.13 n=3 d=0 sk=0 hf=96352 hm=93004 ht=283156 pf=0 pm=0 pt=0 ru=235196 rp=238544
19:02:43.287 @T t=68603 s=0.000 lv=-40.8 pk=-39.8 c0=4.0 c1=9.8 kw=9.64 inf=2.37 iv=1.17 n=4 d=0 sk=0 hf=96352 hm=93004 ht=283156 pf=0 pm=0 pt=0 ru=235196 rp=238544
19:02:43.287 @T t=68692 s=0.000 lv=-39.9 pk=-38.1 c0=3.9 c1=10.2 kw=10.01 inf=2.73 iv=1.14 n=3 d=0 sk=0 hf=96352 hm=93004 ht=283156 pf=0 pm=0 pt=0 ru=235196 rp=238544
19:02:43.287 @T t=68798 s=0.000 lv=-39.0 pk=-37.1 c0=3.9 c1=9.2 kw=8.73 inf=2.84 iv=1.23 n=3 d=0 sk=0 hf=96352 hm=93004 ht=283156 pf=0 pm=0 pt=0 ru=235196 rp=238544
19:02:43.287 @T t=68904 s=0.000 lv=-39.6 pk=-39.0 c0=6.2 c1=6.6 kw=6.41 inf=2.03 iv=1.36 n=1 d=0 sk=2 hf=96352 hm=93004 ht=283156 pf=0 pm=0 pt=0 ru=235196 rp=238544
19:02:43.287 @T t=68990 s=0.000 lv=-40.9 pk=-40.8 c0=4.0 c1=6.3 kw=6.18 inf=1.53 iv=0.00 n=0 d=0 sk=3 hf=96352 hm=93004 ht=283156 pf=0 pm=0 pt=0 ru=235196 rp=238544
19:02:43.287 @T t=69096 s=0.000 lv=-39.4 pk=-38.1 c0=3.1 c1=5.1 kw=4.94 inf=1.52 iv=0.00 n=0 d=0 sk=3 hf=96352 hm=93004 ht=283156 pf=0 pm=0 pt=0 ru=235196 rp=238544
19:02:43.287 @T t=69202 s=0.000 lv=-39.0 pk=-36.5 c0=3.0 c1=5.1 kw=4.94 inf=1.51 iv=0.00 n=0 d=0 sk=3 hf=96352 hm=93004 ht=283156 pf=0 pm=0 pt=0 ru=235196 rp=238544
19:02:43.287 @I ww=marvin cut=0.50 win=5 cool=1000 tick=100 wifi=1 srv=1 li=0 ln=0
19:02:43.287 @T t=69294 s=0.000 lv=-40.5 pk=-39.3 c0=13.3 c1=5.9 kw=5.71 inf=1.52 iv=0.00 n=0 d=0 sk=3 hf=96352 hm=93004 ht=283156 pf=0 pm=0 pt=0 ru=235196 rp=238544
19:02:43.287 @T t=69400 s=0.000 lv=-40.5 pk=-39.2 c0=3.6 c1=5.1 kw=4.91 inf=1.50 iv=0.00 n=0 d=0 sk=3 hf=96352 hm=93004 ht=283156 pf=0 pm=0 pt=0 ru=235196 rp=238544
19:02:45.385 @T t=69506 s=0.000 lv=-39.8 pk=-38.6 c0=3.5 c1=6.2 kw=5.98 inf=1.38 iv=0.00 n=0 d=0 sk=4 hf=96352 hm=93004 ht=283156 pf=0 pm=0 pt=0 ru=235196 rp=238544
19:02:45.385 @T t=69592 s=0.000 lv=-40.2 pk=-39.1 c0=4.1 c1=5.0 kw=4.92 inf=1.83 iv=0.00 n=0 d=0 sk=2 hf=96352 hm=93004 ht=283156 pf=0 pm=0 pt=0 ru=235196 rp=238544
19:02:45.385 @T t=69698 s=0.000 lv=-39.8 pk=-38.6 c0=3.1 c1=5.1 kw=4.92 inf=1.51 iv=0.00 n=0 d=0 sk=3 hf=96352 hm=93004 ht=283156 pf=0 pm=0 pt=0 ru=235196 rp=238544
19:02:45.385 @T t=69804 s=0.000 lv=-39.9 pk=-38.9 c0=3.5 c1=5.4 kw=5.00 inf=1.53 iv=0.00 n=0 d=0 sk=3 hf=96352 hm=93004 ht=283156 pf=0 pm=0 pt=0 ru=235196 rp=238544
19:02:45.385 @T t=69893 s=0.000 lv=-39.6 pk=-38.1 c0=10.8 c1=6.2 kw=6.03 inf=1.55 iv=0.00 n=0 d=0 sk=3 hf=96352 hm=93004 ht=283156 pf=0 pm=0 pt=0 ru=235196 rp=238544
19:02:45.385 @T t=69999 s=0.000 lv=-38.3 pk=-36.1 c0=6.3 c1=5.1 kw=4.94 inf=1.51 iv=0.00 n=0 d=0 sk=3 hf=96352 hm=93004 ht=283156 pf=0 pm=0 pt=0 ru=235196 rp=238544
19:02:45.386 @T t=70105 s=0.000 lv=-38.6 pk=-37.0 c0=3.6 c1=5.6 kw=5.14 inf=1.54 iv=0.00 n=0 d=0 sk=3 hf=96352 hm=93004 ht=283156 pf=0 pm=0 pt=0 ru=235196 rp=238544
19:02:45.386 @T t=70191 s=0.000 lv=-40.4 pk=-38.8 c0=4.1 c1=6.4 kw=6.22 inf=1.59 iv=0.00 n=0 d=0 sk=3 hf=96352 hm=93004 ht=283156 pf=0 pm=0 pt=0 ru=235196 rp=238544
19:02:45.386 @I ww=marvin cut=0.50 win=5 cool=1000 tick=100 wifi=1 srv=1 li=0 ln=0
19:02:45.386 @T t=70303 s=0.000 lv=-39.5 pk=-38.7 c0=3.6 c1=4.8 kw=4.68 inf=1.52 iv=0.00 n=0 d=0 sk=3 hf=96352 hm=93004 ht=283156 pf=0 pm=0 pt=0 ru=235196 rp=238544
19:02:45.386 @T t=70389 s=0.000 lv=-40.0 pk=-38.8 c0=5.7 c1=5.8 kw=6.08 inf=1.52 iv=0.00 n=0 d=0 sk=3 hf=94788 hm=93004 ht=283156 pf=0 pm=0 pt=0 ru=236760 rp=238544
19:02:45.386 @T t=70498 s=0.000 lv=-39.5 pk=-37.6 c0=5.1 c1=6.7 kw=4.92 inf=1.54 iv=0.00 n=0 d=0 sk=3 hf=96352 hm=93004 ht=283156 pf=0 pm=0 pt=0 ru=235196 rp=238544
19:02:45.386 @T t=70604 s=0.000 lv=-40.0 pk=-38.1 c0=4.2 c1=5.2 kw=5.07 inf=1.56 iv=0.00 n=0 d=0 sk=3 hf=96352 hm=93004 ht=283156 pf=0 pm=0 pt=0 ru=235196 rp=238544
19:02:45.386 @T t=70690 s=0.000 lv=-40.5 pk=-39.2 c0=4.2 c1=6.3 kw=6.16 inf=1.53 iv=0.00 n=0 d=0 sk=3 hf=96352 hm=93004 ht=283156 pf=0 pm=0 pt=0 ru=235196 rp=238544
19:02:45.386 @T t=70796 s=0.000 lv=-40.7 pk=-39.5 c0=6.7 c1=5.4 kw=5.01 inf=1.53 iv=0.00 n=0 d=0 sk=3 hf=96352 hm=93004 ht=283156 pf=0 pm=0 pt=0 ru=235196 rp=238544
19:02:45.386 @T t=70902 s=0.000 lv=-40.2 pk=-39.3 c0=3.4 c1=5.1 kw=4.97 inf=1.52 iv=0.00 n=0 d=0 sk=3 hf=96352 hm=93004 ht=283156 pf=0 pm=0 pt=0 ru=235196 rp=238544
19:02:45.386 @T t=71008 s=0.000 lv=-39.6 pk=-38.2 c0=3.1 c1=6.1 kw=5.94 inf=1.37 iv=0.00 n=0 d=0 sk=4 hf=96352 hm=93004 ht=283156 pf=0 pm=0 pt=0 ru=235196 rp=238544
19:02:45.386 @T t=71094 s=0.000 lv=-40.3 pk=-38.9 c0=7.9 c1=5.1 kw=4.91 inf=1.83 iv=0.00 n=0 d=0 sk=2 hf=96352 hm=93004 ht=283156 pf=0 pm=0 pt=0 ru=235196 rp=238544
19:02:45.386 [status] up 71s | mic -38.2 dBFS (peak -28.6) | score max 0.00 | detections 0 | inferences 84 (8.4/s; model 1.17 ms each, paused in quiet 73%; features 1.47 ms per 30 ms) | CPU core0  4.9% core1  6.6% (wake word pipeline 6.35% of one core) | RAM used 229 KB (peak 232 KB, 94 KB free) | wifi OK, server OK | audio lost since boot: i2s 0 net 0
19:02:45.386 [tasks] % of one core (free stack): main@0=4.37(1936) IDLE1@1=93.71(720) IDLE0@0=95.22(728) tiT@*=0.09(1960) websocket_task@*=0.16(1468) audio_kws@1=6.26(1344) Tmr Svc@*=0.00(1368) ipc1@1=0.00(536) esp_timer@0=0.01(3136) wifi@0=0.18(3212) sys_evt@0=0.00(336) streamer@0=0.00(2956) ipc0@0=0.00(528)
19:02:45.386 @T t=71229 s=0.000 lv=-39.5 pk=-38.8 c0=8.9 c1=5.7 kw=5.50 inf=1.61 iv=0.00 n=0 d=0 sk=4 hf=96352 hm=93004 ht=283156 pf=0 pm=0 pt=0 ru=235196 rp=238544
19:02:45.386 @I ww=marvin cut=0.50 win=5 cool=1000 tick=100 wifi=1 srv=1 li=0 ln=0
19:02:45.386 @T t=71301 s=0.000 lv=-40.8 pk=-39.7 c0=5.7 c1=4.5 kw=4.37 inf=1.36 iv=0.00 n=0 d=0 sk=2 hf=96352 hm=93004 ht=283156 pf=0 pm=0 pt=0 ru=235196 rp=238544
19:02:45.386 @T t=71407 s=0.000 lv=-40.9 pk=-39.3 c0=3.6 c1=6.1 kw=5.95 inf=1.37 iv=0.00 n=0 d=0 sk=4 hf=96352 hm=93004 ht=283156 pf=0 pm=0 pt=0 ru=235196 rp=238544
19:02:45.386 @T t=71493 s=0.000 lv=-41.1 pk=-40.3 c0=3.8 c1=5.0 kw=4.87 inf=1.81 iv=0.00 n=0 d=0 sk=2 hf=96352 hm=93004 ht=283156 pf=0 pm=0 pt=0 ru=235196 rp=238544
19:02:47.988 @T t=71599 s=0.000 lv=-40.6 pk=-39.9 c0=3.1 c1=5.1 kw=4.94 inf=1.51 iv=0.00 n=0 d=0 sk=3 hf=96352 hm=93004 ht=283156 pf=0 pm=0 pt=0 ru=235196 rp=238544
19:02:47.988 @T t=71705 s=0.000 lv=-40.3 pk=-38.4 c0=3.1 c1=5.1 kw=5.06 inf=1.51 iv=0.00 n=0 d=0 sk=3 hf=96352 hm=93004 ht=283156 pf=0 pm=0 pt=0 ru=235196 rp=238544
19:02:47.988 @T t=71809 s=0.000 lv=-40.6 pk=-39.3 c0=5.4 c1=6.7 kw=6.17 inf=1.43 iv=0.00 n=0 d=0 sk=4 hf=96352 hm=93004 ht=283156 pf=0 pm=0 pt=0 ru=235196 rp=238544
19:02:47.988 @T t=71895 s=0.000 lv=-40.4 pk=-40.0 c0=7.5 c1=5.1 kw=4.96 inf=1.85 iv=0.00 n=0 d=0 sk=2 hf=96352 hm=93004 ht=283156 pf=0 pm=0 pt=0 ru=235196 rp=238544
19:02:47.989 @T t=72001 s=0.000 lv=-40.7 pk=-39.5 c0=3.0 c1=5.1 kw=4.93 inf=1.51 iv=0.00 n=0 d=0 sk=3 hf=96352 hm=93004 ht=283156 pf=0 pm=0 pt=0 ru=235196 rp=238544
19:02:47.989 @T t=72107 s=0.000 lv=-39.6 pk=-38.5 c0=6.5 c1=6.1 kw=5.94 inf=1.37 iv=0.00 n=0 d=0 sk=4 hf=96352 hm=93004 ht=283156 pf=0 pm=0 pt=0 ru=235196 rp=238544
19:02:47.989 @T t=72193 s=0.000 lv=-40.3 pk=-39.4 c0=3.8 c1=5.0 kw=4.88 inf=1.82 iv=0.00 n=0 d=0 sk=2 hf=96352 hm=93004 ht=283156 pf=0 pm=0 pt=0 ru=235196 rp=238544
19:02:47.989 @I ww=marvin cut=0.50 win=5 cool=1000 tick=100 wifi=1 srv=1 li=0 ln=0
19:02:47.989 @T t=72305 s=0.000 lv=-40.7 pk=-39.3 c0=11.0 c1=4.9 kw=4.79 inf=1.51 iv=0.00 n=0 d=0 sk=3 hf=96352 hm=93004 ht=283156 pf=0 pm=0 pt=0 ru=235196 rp=238544
19:02:47.989 @T t=72391 s=0.000 lv=-39.8 pk=-38.4 c0=3.8 c1=6.4 kw=5.92 inf=1.51 iv=0.00 n=0 d=0 sk=3 hf=96352 hm=93004 ht=283156 pf=0 pm=0 pt=0 ru=235196 rp=238544
19:02:47.989 @T t=72499 s=0.000 lv=-40.8 pk=-39.8 c0=6.8 c1=5.4 kw=4.95 inf=1.55 iv=0.00 n=0 d=0 sk=3 hf=96352 hm=93004 ht=283156 pf=0 pm=0 pt=0 ru=235196 rp=238544
19:02:47.989 @T t=72605 s=0.000 lv=-41.0 pk=-39.9 c0=3.8 c1=5.2 kw=5.10 inf=1.52 iv=0.00 n=0 d=0 sk=3 hf=96352 hm=93004 ht=283156 pf=0 pm=0 pt=0 ru=235196 rp=238544
19:02:47.989 @T t=72691 s=0.000 lv=-40.8 pk=-39.2 c0=3.9 c1=6.4 kw=5.93 inf=1.51 iv=0.00 n=0 d=0 sk=3 hf=96352 hm=93004 ht=283156 pf=0 pm=0 pt=0 ru=235196 rp=238544
19:02:47.989 @T t=72797 s=0.000 lv=-40.1 pk=-38.7 c0=3.5 c1=5.4 kw=5.00 inf=1.53 iv=0.00 n=0 d=0 sk=3 hf=96352 hm=93004 ht=283156 pf=0 pm=0 pt=0 ru=235196 rp=238544
19:02:47.989 @T t=72903 s=0.000 lv=-39.6 pk=-38.6 c0=3.8 c1=5.2 kw=5.04 inf=1.54 iv=0.00 n=0 d=0 sk=3 hf=96352 hm=93004 ht=283156 pf=0 pm=0 pt=0 ru=235196 rp=238544
19:02:47.989 @T t=73009 s=0.000 lv=-38.4 pk=-37.1 c0=3.3 c1=6.1 kw=5.97 inf=1.37 iv=0.00 n=0 d=0 sk=4 hf=96352 hm=93004 ht=283156 pf=0 pm=0 pt=0 ru=235196 rp=238544
19:02:47.989 I (73455) wifi:[ADDBA]RX DELBA, reason:37, delete tid:0, initiator:1(originator)
19:02:47.989 @T t=73095 s=0.000 lv=-39.4 pk=-37.8 c0=10.3 c1=5.2 kw=5.03 inf=1.87 iv=0.00 n=0 d=0 sk=2 hf=96352 hm=93004 ht=283156 pf=0 pm=0 pt=0 ru=235196 rp=238544
19:02:47.989 @T t=73201 s=0.000 lv=-38.7 pk=-38.0 c0=3.3 c1=5.1 kw=5.02 inf=1.54 iv=0.00 n=0 d=0 sk=3 hf=96352 hm=93004 ht=283156 pf=0 pm=0 pt=0 ru=235196 rp=238544
19:02:47.989 @I ww=marvin cut=0.50 win=5 cool=1000 tick=100 wifi=1 srv=1 li=0 ln=0
19:02:47.989 @T t=73293 s=0.000 lv=-40.2 pk=-39.0 c0=4.3 c1=5.8 kw=5.67 inf=1.51 iv=0.00 n=0 d=0 sk=3 hf=96352 hm=93004 ht=283156 pf=0 pm=0 pt=0 ru=235196 rp=238544
19:02:47.989 @T t=73399 s=0.000 lv=-39.7 pk=-38.4 c0=6.8 c1=4.6 kw=4.92 inf=1.52 iv=0.00 n=0 d=0 sk=3 hf=96352 hm=93004 ht=283156 pf=0 pm=0 pt=0 ru=235196 rp=238544
19:02:47.989 @T t=73506 s=0.000 lv=-39.5 pk=-38.3 c0=6.3 c1=6.6 kw=5.96 inf=1.38 iv=0.00 n=0 d=0 sk=4 hf=96352 hm=93004 ht=283156 pf=0 pm=0 pt=0 ru=235196 rp=238544
19:02:47.989 @T t=73592 s=0.000 lv=-40.3 pk=-39.9 c0=3.8 c1=5.0 kw=4.87 inf=1.82 iv=0.00 n=0 d=0 sk=2 hf=96352 hm=93004 ht=283156 pf=0 pm=0 pt=0 ru=235196 rp=238544
19:02:47.989 @T t=73698 s=0.000 lv=-39.9 pk=-39.2 c0=3.0 c1=5.1 kw=4.94 inf=1.52 iv=0.00 n=0 d=0 sk=3 hf=96352 hm=93004 ht=283156 pf=0 pm=0 pt=0 ru=235196 rp=238544
19:02:47.989 @T t=73804 s=0.000 lv=-38.9 pk=-37.1 c0=3.5 c1=5.4 kw=4.99 inf=1.53 iv=0.00 n=0 d=0 sk=3 hf=96352 hm=93004 ht=283156 pf=0 pm=0 pt=0 ru=235196 rp=238544
19:02:47.989 @T t=73890 s=0.000 lv=-41.1 pk=-40.3 c0=4.4 c1=6.4 kw=6.22 inf=1.55 iv=0.00 n=0 d=0 sk=3 hf=96352 hm=93004 ht=283156 pf=0 pm=0 pt=0 ru=235196 rp=238544
19:02:47.989 @T t=73996 s=0.000 lv=-40.0 pk=-38.1 c0=3.4 c1=5.1 kw=4.96 inf=1.52 iv=0.00 n=0 d=0 sk=3 hf=96352 hm=93004 ht=283156 pf=0 pm=0 pt=0 ru=235196 rp=238544
19:02:47.989 @T t=74102 s=0.000 lv=-39.8 pk=-38.3 c0=3.4 c1=5.1 kw=4.97 inf=1.52 iv=0.00 n=0 d=0 sk=3 hf=96352 hm=93004 ht=283156 pf=0 pm=0 pt=0 ru=235196 rp=238544
19:02:50.483 @T t=74208 s=0.000 lv=-40.3 pk=-39.4 c0=3.1 c1=6.1 kw=5.93 inf=1.36 iv=0.00 n=0 d=0 sk=4 hf=96352 hm=93004 ht=283156 pf=0 pm=0 pt=0 ru=235196 rp=238544
19:02:50.483 @I ww=marvin cut=0.50 win=5 cool=1000 tick=100 wifi=1 srv=1 li=0 ln=0
19:02:50.483 @T t=74300 s=0.000 lv=-40.6 pk=-39.8 c0=4.4 c1=4.7 kw=4.58 inf=1.83 iv=0.00 n=0 d=0 sk=2 hf=96352 hm=93004 ht=283156 pf=0 pm=0 pt=0 ru=235196 rp=238544
19:02:50.483 @T t=74407 s=0.000 lv=-40.4 pk=-38.7 c0=9.6 c1=6.5 kw=6.36 inf=1.49 iv=0.00 n=0 d=0 sk=4 hf=96352 hm=93004 ht=283156 pf=0 pm=0 pt=0 ru=235196 rp=238544
19:02:50.483 @T t=74493 s=0.000 lv=-40.8 pk=-40.0 c0=4.2 c1=5.2 kw=4.97 inf=1.86 iv=0.00 n=0 d=0 sk=2 hf=96352 hm=93004 ht=283156 pf=0 pm=0 pt=0 ru=235196 rp=238544
19:02:50.483 @T t=74599 s=0.000 lv=-39.1 pk=-37.4 c0=3.6 c1=5.2 kw=4.97 inf=1.53 iv=0.00 n=0 d=0 sk=3 hf=96352 hm=93004 ht=283156 pf=0 pm=0 pt=0 ru=235196 rp=238544
19:02:50.483 @T t=74705 s=0.000 lv=-40.0 pk=-38.3 c0=3.3 c1=5.2 kw=5.13 inf=1.53 iv=0.00 n=0 d=0 sk=3 hf=96352 hm=93004 ht=283156 pf=0 pm=0 pt=0 ru=235196 rp=238544
19:02:50.483 @T t=74791 s=0.000 lv=-38.5 pk=-37.6 c0=8.3 c1=6.7 kw=5.95 inf=1.52 iv=0.00 n=0 d=0 sk=3 hf=96352 hm=93004 ht=283156 pf=0 pm=0 pt=0 ru=235196 rp=238544
19:02:50.483 @T t=74897 s=0.000 lv=-38.8 pk=-37.7 c0=3.5 c1=5.1 kw=5.02 inf=1.54 iv=0.00 n=0 d=0 sk=3 hf=96352 hm=93004 ht=283156 pf=0 pm=0 pt=0 ru=235196 rp=238544
19:02:50.483 @T t=75003 s=0.000 lv=-40.8 pk=-40.3 c0=3.1 c1=5.1 kw=4.93 inf=1.51 iv=0.00 n=0 d=0 sk=3 hf=96352 hm=93004 ht=283156 pf=0 pm=0 pt=0 ru=235196 rp=238544
19:02:50.483 @T t=75109 s=0.000 lv=-40.9 pk=-39.6 c0=6.7 c1=6.1 kw=5.95 inf=1.37 iv=0.00 n=0 d=0 sk=4 hf=96352 hm=93004 ht=283156 pf=0 pm=0 pt=0 ru=235196 rp=238544
19:02:50.483 @T t=75195 s=0.000 lv=-39.2 pk=-37.8 c0=4.0 c1=5.1 kw=4.99 inf=1.86 iv=0.00 n=0 d=0 sk=2 hf=96352 hm=93004 ht=283156 pf=0 pm=0 pt=0 ru=235196 rp=238544
19:02:50.483 @I ww=marvin cut=0.50 win=5 cool=1000 tick=100 wifi=1 srv=1 li=0 ln=0
19:02:50.483 @T t=75307 s=0.000 lv=-39.0 pk=-36.6 c0=3.6 c1=5.8 kw=5.59 inf=1.36 iv=0.00 n=0 d=0 sk=4 hf=96352 hm=93004 ht=283156 pf=0 pm=0 pt=0 ru=235196 rp=238544
19:02:50.483 @T t=75393 s=0.000 lv=-39.3 pk=-38.7 c0=3.9 c1=5.1 kw=4.87 inf=1.82 iv=0.00 n=0 d=0 sk=2 hf=96352 hm=93004 ht=283156 pf=0 pm=0 pt=0 ru=235196 rp=238544
19:02:50.483 @T t=75499 s=0.000 lv=-39.7 pk=-38.4 c0=3.6 c1=5.1 kw=4.94 inf=1.51 iv=0.00 n=0 d=0 sk=3 hf=96352 hm=93004 ht=283156 pf=0 pm=0 pt=0 ru=235196 rp=238544
19:02:50.483 @T t=75605 s=0.000 lv=-39.5 pk=-38.0 c0=3.2 c1=5.2 kw=5.12 inf=1.53 iv=0.00 n=0 d=0 sk=3 hf=96352 hm=93004 ht=283156 pf=0 pm=0 pt=0 ru=235196 rp=238544
19:02:50.483 @T t=75691 s=0.000 lv=-41.5 pk=-40.8 c0=7.7 c1=6.3 kw=5.90 inf=1.50 iv=0.00 n=0 d=0 sk=3 hf=96352 hm=93004 ht=283156 pf=0 pm=0 pt=0 ru=235196 rp=238544
19:02:50.483 @T t=75797 s=0.000 lv=-40.5 pk=-38.9 c0=3.5 c1=5.3 kw=4.89 inf=1.50 iv=0.00 n=0 d=0 sk=3 hf=96352 hm=93004 ht=283156 pf=0 pm=0 pt=0 ru=235196 rp=238544
19:02:50.483 @T t=75903 s=0.000 lv=-40.2 pk=-39.3 c0=3.5 c1=5.2 kw=5.03 inf=1.54 iv=0.00 n=0 d=0 sk=3 hf=96352 hm=93004 ht=283156 pf=0 pm=0 pt=0 ru=235196 rp=238544
19:02:50.483 @T t=76009 s=0.000 lv=-41.0 pk=-40.1 c0=3.1 c1=6.1 kw=5.92 inf=1.36 iv=0.00 n=0 d=0 sk=4 hf=96352 hm=93004 ht=283156 pf=0 pm=0 pt=0 ru=235196 rp=238544
19:02:50.483 @T t=76095 s=0.000 lv=-39.9 pk=-38.4 c0=3.8 c1=5.0 kw=4.90 inf=1.83 iv=0.00 n=0 d=0 sk=2 hf=96352 hm=93004 ht=283156 pf=0 pm=0 pt=0 ru=235196 rp=238544
19:02:50.483 @T t=76201 s=0.000 lv=-40.5 pk=-38.8 c0=3.1 c1=5.1 kw=4.94 inf=1.51 iv=0.00 n=0 d=0 sk=3 hf=96352 hm=93004 ht=283156 pf=0 pm=0 pt=0 ru=235196 rp=238544
19:02:50.483 @I ww=marvin cut=0.50 win=5 cool=1000 tick=100 wifi=1 srv=1 li=0 ln=0
19:02:50.483 @T t=76293 s=0.000 lv=-40.3 pk=-39.9 c0=13.7 c1=5.9 kw=5.74 inf=1.53 iv=0.00 n=0 d=0 sk=3 hf=96352 hm=93004 ht=283156 pf=0 pm=0 pt=0 ru=235196 rp=238544
19:02:50.483 @T t=76399 s=0.000 lv=-40.0 pk=-38.6 c0=3.4 c1=5.1 kw=5.01 inf=1.54 iv=0.00 n=0 d=0 sk=3 hf=96352 hm=93004 ht=283156 pf=0 pm=0 pt=0 ru=235196 rp=238544
19:02:50.483 @T t=76505 s=0.000 lv=-39.9 pk=-39.1 c0=6.4 c1=5.7 kw=5.25 inf=1.57 iv=0.00 n=0 d=0 sk=3 hf=96352 hm=93004 ht=283156 pf=0 pm=0 pt=0 ru=235196 rp=238544
19:02:50.483 @T t=76591 s=0.000 lv=-38.1 pk=-37.1 c0=8.9 c1=6.6 kw=6.32 inf=1.62 iv=0.00 n=0 d=0 sk=3 hf=96352 hm=93004 ht=283156 pf=0 pm=0 pt=0 ru=235196 rp=238544
19:02:52.990 @T t=76697 s=0.000 lv=-38.5 pk=-37.0 c0=3.3 c1=5.1 kw=4.95 inf=1.52 iv=0.00 n=0 d=0 sk=3 hf=96352 hm=93004 ht=283156 pf=0 pm=0 pt=0 ru=235196 rp=238544
19:02:52.991 @T t=76803 s=0.000 lv=-39.0 pk=-37.5 c0=6.7 c1=5.4 kw=4.95 inf=1.52 iv=0.00 n=0 d=0 sk=3 hf=96352 hm=93004 ht=283156 pf=0 pm=0 pt=0 ru=235196 rp=238544
19:02:52.991 @T t=76909 s=0.000 lv=-38.9 pk=-38.0 c0=3.4 c1=6.2 kw=6.02 inf=1.39 iv=0.00 n=0 d=0 sk=4 hf=96352 hm=93004 ht=283156 pf=0 pm=0 pt=0 ru=235196 rp=238544
19:02:52.991 @T t=76995 s=0.000 lv=-38.8 pk=-37.3 c0=3.8 c1=5.0 kw=4.89 inf=1.82 iv=0.00 n=0 d=0 sk=2 hf=96352 hm=93004 ht=283156 pf=0 pm=0 pt=0 ru=235196 rp=238544
19:02:52.991 @T t=77101 s=0.000 lv=-39.5 pk=-38.0 c0=3.1 c1=5.1 kw=4.94 inf=1.51 iv=0.00 n=0 d=0 sk=3 hf=96352 hm=93004 ht=283156 pf=0 pm=0 pt=0 ru=235196 rp=238544
19:02:52.991 @T t=77207 s=0.000 lv=-39.2 pk=-38.8 c0=3.1 c1=6.1 kw=5.90 inf=1.36 iv=0.00 n=0 d=0 sk=4 hf=96352 hm=93004 ht=283156 pf=0 pm=0 pt=0 ru=235196 rp=238544
19:02:52.991 @I ww=marvin cut=0.50 win=5 cool=1000 tick=100 wifi=1 srv=1 li=0 ln=0
19:02:52.991 @T t=77299 s=0.000 lv=-38.6 pk=-37.6 c0=4.4 c1=4.7 kw=4.59 inf=1.83 iv=0.00 n=0 d=0 sk=2 hf=96352 hm=93004 ht=283156 pf=0 pm=0 pt=0 ru=235196 rp=238544
19:02:52.991 @T t=77405 s=0.000 lv=-39.8 pk=-38.4 c0=6.8 c1=5.2 kw=5.14 inf=1.54 iv=0.00 n=0 d=0 sk=3 hf=96352 hm=93004 ht=283156 pf=0 pm=0 pt=0 ru=235196 rp=238544
19:02:52.991 @T t=77491 s=0.000 lv=-39.6 pk=-38.3 c0=4.7 c1=6.5 kw=6.23 inf=1.60 iv=0.00 n=0 d=0 sk=3 hf=96352 hm=93004 ht=283156 pf=0 pm=0 pt=0 ru=235196 rp=238544
19:02:52.991 @T t=77597 s=0.000 lv=-39.7 pk=-39.2 c0=3.2 c1=5.1 kw=4.97 inf=1.52 iv=0.00 n=0 d=0 sk=3 hf=96352 hm=93004 ht=283156 pf=0 pm=0 pt=0 ru=235196 rp=238544
19:02:52.991 @T t=77703 s=0.000 lv=-39.8 pk=-38.4 c0=3.0 c1=5.1 kw=4.94 inf=1.51 iv=0.00 n=0 d=0 sk=3 hf=96352 hm=93004 ht=283156 pf=0 pm=0 pt=0 ru=235196 rp=238544
19:02:52.991 @T t=77809 s=0.000 lv=-39.5 pk=-38.4 c0=6.7 c1=6.5 kw=6.30 inf=1.46 iv=0.00 n=0 d=0 sk=4 hf=96352 hm=93004 ht=283156 pf=0 pm=0 pt=0 ru=235196 rp=238544
19:02:52.991 @T t=77895 s=0.000 lv=-40.4 pk=-38.5 c0=4.3 c1=5.1 kw=4.94 inf=1.84 iv=0.00 n=0 d=0 sk=2 hf=96352 hm=93004 ht=283156 pf=0 pm=0 pt=0 ru=235196 rp=238544
19:02:52.991 @T t=78001 s=0.000 lv=-40.7 pk=-39.8 c0=3.1 c1=5.0 kw=4.91 inf=1.50 iv=0.00 n=0 d=0 sk=3 hf=96352 hm=93004 ht=283156 pf=0 pm=0 pt=0 ru=235196 rp=238544
19:02:52.991 @T t=78107 s=0.000 lv=-41.3 pk=-39.8 c0=6.4 c1=6.1 kw=5.91 inf=1.36 iv=0.00 n=0 d=0 sk=4 hf=96352 hm=93004 ht=283156 pf=0 pm=0 pt=0 ru=235196 rp=238544
19:02:52.991 @T t=78193 s=0.000 lv=-40.0 pk=-39.3 c0=3.8 c1=5.0 kw=4.90 inf=1.83 iv=0.00 n=0 d=0 sk=2 hf=96352 hm=93004 ht=283156 pf=0 pm=0 pt=0 ru=235196 rp=238544
19:02:52.991 @I ww=marvin cut=0.50 win=5 cool=1000 tick=100 wifi=1 srv=1 li=0 ln=0
19:02:52.991 @T t=78305 s=0.000 lv=-37.2 pk=-34.0 c0=11.1 c1=14.6 kw=14.46 inf=1.28 iv=0.97 n=11 d=0 sk=1 hf=96352 hm=93004 ht=283156 pf=0 pm=0 pt=0 ru=235196 rp=238544
19:02:52.991 @T t=78393 s=0.000 lv=-39.8 pk=-38.9 c0=4.2 c1=12.0 kw=11.71 inf=2.43 iv=1.23 n=4 d=0 sk=0 hf=96352 hm=93004 ht=283156 pf=0 pm=0 pt=0 ru=235196 rp=238544
19:02:52.991 @T t=78499 s=0.000 lv=-40.8 pk=-39.8 c0=7.0 c1=9.5 kw=8.92 inf=2.90 iv=1.23 n=3 d=0 sk=0 hf=96352 hm=93004 ht=283156 pf=0 pm=0 pt=0 ru=235196 rp=238544
19:02:52.991 @T t=78605 s=0.000 lv=-39.8 pk=-37.4 c0=4.1 c1=8.8 kw=8.64 inf=2.76 iv=1.15 n=3 d=0 sk=0 hf=96352 hm=93004 ht=283156 pf=0 pm=0 pt=0 ru=235196 rp=238544
19:02:52.991 @T t=78694 s=0.000 lv=-38.1 pk=-36.0 c0=4.1 c1=12.1 kw=11.87 inf=2.50 iv=1.31 n=4 d=0 sk=0 hf=96352 hm=93004 ht=283156 pf=0 pm=0 pt=0 ru=235196 rp=238544
19:02:52.991 I (79160) wifi:[ADDBA]RX DELBA, reason:37, delete tid:0, initiator:1(originator)
19:02:52.991 @T t=78800 s=0.000 lv=-38.9 pk=-37.6 c0=5.1 c1=9.0 kw=8.76 inf=2.85 iv=1.22 n=3 d=0 sk=0 hf=96352 hm=93004 ht=283156 pf=0 pm=0 pt=0 ru=235196 rp=238544
19:02:52.991 @T t=78906 s=0.000 lv=-39.1 pk=-38.0 c0=7.4 c1=10.3 kw=8.94 inf=2.87 iv=1.23 n=3 d=0 sk=0 hf=96352 hm=93004 ht=283156 pf=0 pm=0 pt=0 ru=235196 rp=238544
19:02:52.991 @T t=78992 s=0.000 lv=-38.6 pk=-37.4 c0=4.2 c1=10.9 kw=11.82 inf=2.40 iv=1.13 n=4 d=0 sk=0 hf=96352 hm=93004 ht=283156 pf=0 pm=0 pt=0 ru=235196 rp=238544
19:02:52.991 @T t=79098 s=0.000 lv=-40.1 pk=-39.4 c0=3.6 c1=8.6 kw=8.44 inf=2.74 iv=1.15 n=3 d=0 sk=0 hf=96352 hm=93004 ht=283156 pf=0 pm=0 pt=0 ru=235196 rp=238544
19:02:55.290 @T t=79204 s=0.000 lv=-40.5 pk=-39.4 c0=3.4 c1=8.5 kw=8.33 inf=2.70 iv=1.12 n=3 d=0 sk=0 hf=96352 hm=93004 ht=283156 pf=0 pm=0 pt=0 ru=235196 rp=238544
19:02:55.290 @I ww=marvin cut=0.50 win=5 cool=1000 tick=100 wifi=1 srv=1 li=0 ln=0
19:02:55.290 @T t=79295 s=0.000 lv=-40.1 pk=-39.6 c0=5.0 c1=11.6 kw=11.38 inf=2.40 iv=1.18 n=4 d=0 sk=0 hf=96352 hm=93004 ht=283156 pf=0 pm=0 pt=0 ru=235196 rp=238544
19:02:55.290 @T t=79401 s=0.000 lv=-39.6 pk=-38.5 c0=3.5 c1=8.6 kw=8.44 inf=2.74 iv=1.15 n=3 d=0 sk=0 hf=96352 hm=93004 ht=283156 pf=0 pm=0 pt=0 ru=235196 rp=238544
19:02:55.290 @T t=79507 s=0.000 lv=-41.4 pk=-40.0 c0=4.0 c1=10.7 kw=10.57 inf=2.58 iv=1.15 n=4 d=0 sk=0 hf=96352 hm=93004 ht=283156 pf=0 pm=0 pt=0 ru=235196 rp=238544
19:02:55.290 @T t=79593 s=0.000 lv=-41.5 pk=-40.4 c0=8.2 c1=9.6 kw=9.28 inf=2.47 iv=1.19 n=3 d=0 sk=0 hf=96352 hm=93004 ht=283156 pf=0 pm=0 pt=0 ru=235196 rp=238544
19:02:55.291 @T t=79699 s=0.000 lv=-40.3 pk=-39.2 c0=3.8 c1=8.5 kw=8.32 inf=2.70 iv=1.12 n=3 d=0 sk=0 hf=96352 hm=93004 ht=283156 pf=0 pm=0 pt=0 ru=235196 rp=238544
19:02:55.291 @T t=79805 s=0.000 lv=-39.8 pk=-38.2 c0=3.4 c1=8.8 kw=8.70 inf=2.79 iv=1.17 n=3 d=0 sk=0 hf=96352 hm=93004 ht=283156 pf=0 pm=0 pt=0 ru=235196 rp=238544
19:02:55.291 @T t=79894 s=0.000 lv=-40.0 pk=-37.8 c0=11.5 c1=10.1 kw=9.41 inf=1.95 iv=1.49 n=2 d=0 sk=2 hf=96352 hm=93004 ht=283156 pf=0 pm=0 pt=0 ru=235196 rp=238544
19:02:55.291 @T t=80000 s=0.000 lv=-39.4 pk=-38.4 c0=3.3 c1=5.1 kw=4.96 inf=1.52 iv=0.00 n=0 d=0 sk=3 hf=96352 hm=93004 ht=283156 pf=0 pm=0 pt=0 ru=235196 rp=238544
19:02:55.291 @T t=80106 s=0.000 lv=-39.5 pk=-38.4 c0=6.1 c1=6.1 kw=5.97 inf=1.38 iv=0.00 n=0 d=0 sk=4 hf=96352 hm=93004 ht=283156 pf=0 pm=0 pt=0 ru=235196 rp=238544
19:02:55.291 @T t=80192 s=0.000 lv=-40.0 pk=-39.2 c0=3.7 c1=5.0 kw=4.86 inf=1.81 iv=0.00 n=0 d=0 sk=2 hf=96352 hm=93004 ht=283156 pf=0 pm=0 pt=0 ru=235196 rp=238544
19:02:55.291 @I ww=marvin cut=0.50 win=5 cool=1000 tick=100 wifi=1 srv=1 li=0 ln=0
19:02:55.291 @T t=80304 s=0.000 lv=-39.9 pk=-38.9 c0=3.6 c1=4.8 kw=4.66 inf=1.51 iv=0.00 n=0 d=0 sk=3 hf=96352 hm=93004 ht=283156 pf=0 pm=0 pt=0 ru=235196 rp=238544
19:02:55.291 @T t=80390 s=0.000 lv=-39.7 pk=-38.5 c0=7.7 c1=6.3 kw=6.13 inf=1.52 iv=0.00 n=0 d=0 sk=3 hf=96352 hm=93004 ht=283156 pf=0 pm=0 pt=0 ru=235196 rp=238544
19:02:55.291 @T t=80496 s=0.000 lv=-40.0 pk=-38.7 c0=6.3 c1=5.6 kw=5.41 inf=1.56 iv=0.00 n=0 d=0 sk=3 hf=96352 hm=93004 ht=283156 pf=0 pm=0 pt=0 ru=235196 rp=238544
19:02:55.291 @T t=80602 s=0.000 lv=-39.8 pk=-38.5 c0=4.0 c1=5.2 kw=5.05 inf=1.55 iv=0.00 n=0 d=0 sk=3 hf=96352 hm=93004 ht=283156 pf=0 pm=0 pt=0 ru=235196 rp=238544
19:02:55.291 @T t=80708 s=0.000 lv=-40.0 pk=-39.0 c0=3.3 c1=6.1 kw=5.97 inf=1.37 iv=0.00 n=0 d=0 sk=4 hf=96352 hm=93004 ht=283156 pf=0 pm=0 pt=0 ru=235196 rp=238544
19:02:55.291 @T t=80794 s=0.000 lv=-38.9 pk=-36.7 c0=4.1 c1=5.1 kw=4.93 inf=1.84 iv=0.00 n=0 d=0 sk=2 hf=96352 hm=93004 ht=283156 pf=0 pm=0 pt=0 ru=235196 rp=238544
19:02:55.291 @T t=80900 s=0.000 lv=-39.4 pk=-38.4 c0=3.8 c1=5.5 kw=5.05 inf=1.55 iv=0.00 n=0 d=0 sk=3 hf=96352 hm=93004 ht=283156 pf=0 pm=0 pt=0 ru=235196 rp=238544
19:02:55.291 @T t=81006 s=0.000 lv=-39.5 pk=-38.4 c0=3.3 c1=6.1 kw=5.95 inf=1.37 iv=0.00 n=0 d=0 sk=4 hf=96352 hm=93004 ht=283156 pf=0 pm=0 pt=0 ru=235196 rp=238544
19:02:55.291 @T t=81092 s=0.000 lv=-38.7 pk=-38.1 c0=7.9 c1=5.1 kw=4.92 inf=1.84 iv=0.00 n=0 d=0 sk=2 hf=96352 hm=93004 ht=283156 pf=0 pm=0 pt=0 ru=235196 rp=238544
19:02:55.291 [status] up 81s | mic -39.8 dBFS (peak -34.0) | score max 0.00 | detections 0 | inferences 63 (6.3/s; model 1.16 ms each, paused in quiet 80%; features 1.47 ms per 30 ms) | CPU core0  4.9% core1  6.3% (wake word pipeline 6.07% of one core) | RAM used 229 KB (peak 232 KB, 94 KB free) | wifi OK, server OK | audio lost since boot: i2s 0 net 0
19:02:55.291 @T t=81220 s=0.000 lv=-39.7 pk=-39.1 c0=20.0 c1=5.1 kw=4.96 inf=1.38 iv=0.00 n=0 d=0 sk=4 hf=96352 hm=93004 ht=283156 pf=0 pm=0 pt=0 ru=235196 rp=238544
19:02:55.291 @I ww=marvin cut=0.50 win=5 cool=1000 tick=100 wifi=1 srv=1 li=0 ln=0
19:02:55.291 @T t=81292 s=0.000 lv=-41.1 pk=-40.3 c0=17.0 c1=6.0 kw=5.85 inf=1.82 iv=0.00 n=0 d=0 sk=2 hf=96352 hm=93004 ht=283156 pf=0 pm=0 pt=0 ru=235196 rp=238544
19:02:55.291 @T t=81398 s=0.000 lv=-39.8 pk=-39.1 c0=3.1 c1=5.1 kw=4.95 inf=1.52 iv=0.00 n=0 d=0 sk=3 hf=96352 hm=93004 ht=283156 pf=0 pm=0 pt=0 ru=235196 rp=238544
19:02:57.878 @T t=81504 s=0.000 lv=-39.5 pk=-38.8 c0=3.6 c1=5.1 kw=4.97 inf=1.52 iv=0.00 n=0 d=0 sk=3 hf=96352 hm=93004 ht=283156 pf=0 pm=0 pt=0 ru=235196 rp=238544
19:02:57.878 @T t=81590 s=0.000 lv=-39.8 pk=-39.0 c0=4.0 c1=6.3 kw=6.18 inf=1.54 iv=0.00 n=0 d=0 sk=3 hf=96352 hm=93004 ht=283156 pf=0 pm=0 pt=0 ru=235196 rp=238544
19:02:57.878 I (82058) wifi:[ADDBA]RX DELBA, reason:37, delete tid:0, initiator:1(originator)
19:02:57.878 @T t=81696 s=0.000 lv=-39.6 pk=-39.0 c0=8.2 c1=5.2 kw=5.02 inf=1.54 iv=0.00 n=0 d=0 sk=3 hf=96352 hm=93004 ht=283156 pf=0 pm=0 pt=0 ru=235196 rp=238544
19:02:57.878 @T t=81802 s=0.000 lv=-38.8 pk=-36.8 c0=3.3 c1=5.1 kw=4.96 inf=1.52 iv=0.00 n=0 d=0 sk=3 hf=96352 hm=93004 ht=283156 pf=0 pm=0 pt=0 ru=235196 rp=238544
19:02:57.878 @T t=81908 s=0.000 lv=-39.8 pk=-37.5 c0=4.0 c1=6.6 kw=6.10 inf=1.40 iv=0.00 n=0 d=0 sk=4 hf=96352 hm=93004 ht=283156 pf=0 pm=0 pt=0 ru=235196 rp=238544
19:02:57.878 @T t=81994 s=0.000 lv=-37.6 pk=-35.5 c0=4.1 c1=5.0 kw=4.92 inf=1.83 iv=0.00 n=0 d=0 sk=2 hf=96352 hm=93004 ht=283156 pf=0 pm=0 pt=0 ru=235196 rp=238544
19:02:57.879 @T t=82100 s=0.000 lv=-32.4 pk=-31.5 c0=3.2 c1=17.9 kw=17.65 inf=1.38 iv=1.01 n=13 d=0 sk=0 hf=96352 hm=93004 ht=283156 pf=0 pm=0 pt=0 ru=235196 rp=238544
19:02:57.879 @T t=82206 s=0.000 lv=-32.6 pk=-31.5 c0=3.5 c1=9.9 kw=8.84 inf=2.84 iv=1.21 n=3 d=0 sk=0 hf=96352 hm=93004 ht=283156 pf=0 pm=0 pt=0 ru=235196 rp=238544
19:02:57.879 @I ww=marvin cut=0.50 win=5 cool=1000 tick=100 wifi=1 srv=1 li=0 ln=0
19:02:57.879 @T t=82297 s=0.000 lv=-35.7 pk=-34.1 c0=13.2 c1=9.4 kw=10.20 inf=2.90 iv=1.29 n=3 d=0 sk=0 hf=96352 hm=93004 ht=283156 pf=0 pm=0 pt=0 ru=235196 rp=238544
19:02:57.879 @T t=82403 s=0.000 lv=-37.6 pk=-36.1 c0=3.5 c1=9.9 kw=9.70 inf=2.39 iv=1.18 n=4 d=0 sk=0 hf=96352 hm=93004 ht=283156 pf=0 pm=0 pt=0 ru=235196 rp=238544
19:02:57.879 @T t=82509 s=0.000 lv=-39.3 pk=-38.5 c0=6.6 c1=11.7 kw=11.21 inf=2.75 iv=1.28 n=4 d=0 sk=0 hf=96352 hm=93004 ht=283156 pf=0 pm=0 pt=0 ru=235196 rp=238544
19:02:57.879 @T t=82595 s=0.000 lv=-40.1 pk=-38.5 c0=5.0 c1=8.4 kw=8.23 inf=3.24 iv=1.28 n=2 d=0 sk=0 hf=96352 hm=93004 ht=283156 pf=0 pm=0 pt=0 ru=235196 rp=238544
19:02:57.879 @T t=82701 s=0.000 lv=-39.1 pk=-38.1 c0=3.4 c1=9.7 kw=9.50 inf=2.34 iv=1.14 n=4 d=0 sk=0 hf=96352 hm=93004 ht=283156 pf=0 pm=0 pt=0 ru=235196 rp=238544
19:02:57.879 @T t=82807 s=0.000 lv=-39.8 pk=-38.5 c0=6.0 c1=10.5 kw=10.29 inf=2.51 iv=1.09 n=4 d=0 sk=0 hf=96352 hm=93004 ht=283156 pf=0 pm=0 pt=0 ru=235196 rp=238544
19:02:57.879 @T t=82893 s=0.000 lv=-39.7 pk=-39.1 c0=5.0 c1=9.0 kw=8.43 inf=3.33 iv=1.35 n=2 d=0 sk=0 hf=96352 hm=93004 ht=283156 pf=0 pm=0 pt=0 ru=235196 rp=238544
19:02:57.879 @T t=82999 s=0.000 lv=-39.2 pk=-38.0 c0=3.8 c1=9.9 kw=9.66 inf=2.38 iv=1.17 n=4 d=0 sk=0 hf=96352 hm=93004 ht=283156 pf=0 pm=0 pt=0 ru=235196 rp=238544
19:02:57.879 @T t=83105 s=0.000 lv=-39.1 pk=-37.7 c0=3.6 c1=8.7 kw=8.63 inf=2.76 iv=1.15 n=3 d=0 sk=0 hf=96352 hm=93004 ht=283156 pf=0 pm=0 pt=0 ru=235196 rp=238544
19:02:57.879 @T t=83194 s=0.000 lv=-38.4 pk=-37.4 c0=4.0 c1=10.6 kw=10.28 inf=2.86 iv=1.20 n=3 d=0 sk=0 hf=96352 hm=93004 ht=283156 pf=0 pm=0 pt=0 ru=235196 rp=238544
19:02:57.879 @I ww=marvin cut=0.50 win=5 cool=1000 tick=100 wifi=1 srv=1 li=0 ln=0
19:02:57.879 @T t=83306 s=0.000 lv=-38.2 pk=-36.7 c0=4.0 c1=10.0 kw=9.86 inf=2.55 iv=1.11 n=4 d=0 sk=0 hf=96352 hm=93004 ht=283156 pf=0 pm=0 pt=0 ru=235196 rp=238544
19:02:57.879 @T t=83392 s=0.000 lv=-38.0 pk=-36.7 c0=4.3 c1=9.4 kw=9.20 inf=2.44 iv=1.15 n=3 d=0 sk=0 hf=96352 hm=93004 ht=283156 pf=0 pm=0 pt=0 ru=235196 rp=238544
19:02:57.879 @T t=83498 s=0.000 lv=-38.2 pk=-36.1 c0=3.9 c1=8.7 kw=8.51 inf=2.77 iv=1.16 n=3 d=0 sk=0 hf=96352 hm=93004 ht=283156 pf=0 pm=0 pt=0 ru=235196 rp=238544
19:02:57.879 @T t=83604 s=0.000 lv=-39.3 pk=-37.7 c0=3.5 c1=9.5 kw=9.34 inf=2.29 iv=1.11 n=4 d=0 sk=0 hf=96352 hm=93004 ht=283156 pf=0 pm=0 pt=0 ru=235196 rp=238544
19:02:57.879 @T t=83693 s=0.000 lv=-38.6 pk=-37.7 c0=10.7 c1=10.3 kw=10.11 inf=2.75 iv=1.13 n=3 d=0 sk=0 hf=96352 hm=93004 ht=283156 pf=0 pm=0 pt=0 ru=235196 rp=238544
19:02:57.879 @T t=83799 s=0.000 lv=-39.0 pk=-38.1 c0=3.4 c1=8.5 kw=8.31 inf=2.70 iv=1.11 n=3 d=0 sk=0 hf=96352 hm=93004 ht=283156 pf=0 pm=0 pt=0 ru=235196 rp=238544
19:02:57.879 @T t=83905 s=0.000 lv=-38.8 pk=-38.1 c0=4.1 c1=7.0 kw=6.63 inf=1.54 iv=1.40 n=1 d=0 sk=3 hf=96352 hm=93004 ht=283156 pf=0 pm=0 pt=0 ru=235196 rp=238544
19:02:57.879 @T t=83991 s=0.000 lv=-38.3 pk=-38.0 c0=4.1 c1=6.5 kw=6.27 inf=1.61 iv=0.00 n=0 d=0 sk=3 hf=96352 hm=93004 ht=283156 pf=0 pm=0 pt=0 ru=235196 rp=238544
19:03:00.387 @T t=84097 s=0.000 lv=-39.8 pk=-39.0 c0=3.2 c1=5.1 kw=4.94 inf=1.51 iv=0.00 n=0 d=0 sk=3 hf=96352 hm=93004 ht=283156 pf=0 pm=0 pt=0 ru=235196 rp=238544
19:03:00.388 @T t=84204 s=0.000 lv=-39.4 pk=-38.2 c0=6.7 c1=5.1 kw=4.96 inf=1.53 iv=0.00 n=0 d=0 sk=3 hf=96352 hm=93004 ht=283156 pf=0 pm=0 pt=0 ru=235196 rp=238544
19:03:00.388 @I ww=marvin cut=0.50 win=5 cool=1000 tick=100 wifi=1 srv=1 li=0 ln=0
19:03:00.388 @T t=84296 s=0.000 lv=-40.4 pk=-39.0 c0=4.5 c1=5.9 kw=5.74 inf=1.53 iv=0.00 n=0 d=0 sk=3 hf=96352 hm=93004 ht=283156 pf=0 pm=0 pt=0 ru=235196 rp=238544
19:03:00.388 @T t=84402 s=0.000 lv=-40.7 pk=-39.9 c0=3.1 c1=5.1 kw=4.92 inf=1.51 iv=0.00 n=0 d=0 sk=3 hf=96352 hm=93004 ht=283156 pf=0 pm=0 pt=0 ru=235196 rp=238544
19:03:00.388 @T t=84508 s=0.000 lv=-41.0 pk=-39.3 c0=6.4 c1=6.6 kw=6.04 inf=1.39 iv=0.00 n=0 d=0 sk=4 hf=96352 hm=93004 ht=283156 pf=0 pm=0 pt=0 ru=235196 rp=238544
19:03:00.388 @T t=84594 s=0.000 lv=-39.1 pk=-37.8 c0=8.7 c1=5.1 kw=4.95 inf=1.84 iv=0.00 n=0 d=0 sk=2 hf=96352 hm=93004 ht=283156 pf=0 pm=0 pt=0 ru=235196 rp=238544
19:03:00.388 @T t=84700 s=0.000 lv=-39.2 pk=-38.3 c0=3.2 c1=5.1 kw=4.97 inf=1.52 iv=0.00 n=0 d=0 sk=3 hf=96352 hm=93004 ht=283156 pf=0 pm=0 pt=0 ru=235196 rp=238544
19:03:00.388 @T t=84806 s=0.000 lv=-38.8 pk=-36.8 c0=6.3 c1=6.0 kw=5.90 inf=1.35 iv=0.00 n=0 d=0 sk=4 hf=96352 hm=93004 ht=283156 pf=0 pm=0 pt=0 ru=235196 rp=238544
19:03:00.388 @T t=84892 s=0.000 lv=-39.2 pk=-37.9 c0=7.4 c1=5.1 kw=4.91 inf=1.83 iv=0.00 n=0 d=0 sk=2 hf=96352 hm=93004 ht=283156 pf=0 pm=0 pt=0 ru=235196 rp=238544
19:03:00.388 @T t=84998 s=0.000 lv=-39.9 pk=-38.3 c0=3.1 c1=5.1 kw=4.93 inf=1.51 iv=0.00 n=0 d=0 sk=3 hf=96352 hm=93004 ht=283156 pf=0 pm=0 pt=0 ru=235196 rp=238544
19:03:00.388 @T t=85104 s=0.000 lv=-39.8 pk=-38.3 c0=6.4 c1=5.1 kw=4.93 inf=1.51 iv=0.00 n=0 d=0 sk=3 hf=96352 hm=93004 ht=283156 pf=0 pm=0 pt=0 ru=235196 rp=238544
19:03:00.388 @T t=85190 s=0.000 lv=-40.6 pk=-39.5 c0=7.8 c1=6.3 kw=6.13 inf=1.52 iv=0.00 n=0 d=0 sk=3 hf=96352 hm=93004 ht=283156 pf=0 pm=0 pt=0 ru=235196 rp=238544
19:03:00.388 @I ww=marvin cut=0.50 win=5 cool=1000 tick=100 wifi=1 srv=1 li=0 ln=0
19:03:00.388 @T t=85302 s=0.000 lv=-40.3 pk=-39.3 c0=11.3 c1=4.9 kw=4.71 inf=1.52 iv=0.00 n=0 d=0 sk=3 hf=96352 hm=93004 ht=283156 pf=0 pm=0 pt=0 ru=235196 rp=238544
19:03:00.388 @T t=85408 s=0.000 lv=-40.1 pk=-38.9 c0=3.4 c1=6.1 kw=5.93 inf=1.36 iv=0.00 n=0 d=0 sk=4 hf=96352 hm=93004 ht=283156 pf=0 pm=0 pt=0 ru=235196 rp=238544
19:03:00.388 @T t=85494 s=0.000 lv=-39.4 pk=-38.6 c0=4.4 c1=5.1 kw=4.93 inf=1.84 iv=0.00 n=0 d=0 sk=2 hf=96352 hm=93004 ht=283156 pf=0 pm=0 pt=0 ru=235196 rp=238544
19:03:00.388 @T t=85600 s=0.000 lv=-39.1 pk=-38.9 c0=3.2 c1=5.1 kw=4.99 inf=1.53 iv=0.00 n=0 d=0 sk=3 hf=96352 hm=93004 ht=283156 pf=0 pm=0 pt=0 ru=235196 rp=238544
19:03:00.388 @T t=85706 s=0.000 lv=-38.9 pk=-37.2 c0=3.1 c1=6.1 kw=5.91 inf=1.36 iv=0.00 n=0 d=0 sk=4 hf=96352 hm=93004 ht=283156 pf=0 pm=0 pt=0 ru=235196 rp=238544
19:03:00.388 @T t=85792 s=0.000 lv=-39.0 pk=-38.0 c0=3.7 c1=5.0 kw=4.88 inf=1.82 iv=0.00 n=0 d=0 sk=2 hf=96352 hm=93004 ht=283156 pf=0 pm=0 pt=0 ru=235196 rp=238544
19:03:00.388 @T t=85898 s=0.000 lv=-39.9 pk=-38.6 c0=3.1 c1=5.1 kw=4.92 inf=1.51 iv=0.00 n=0 d=0 sk=3 hf=96352 hm=93004 ht=283156 pf=0 pm=0 pt=0 ru=235196 rp=238544
19:03:00.388 @T t=86004 s=0.000 lv=-39.5 pk=-38.8 c0=3.0 c1=5.1 kw=4.95 inf=1.52 iv=0.00 n=0 d=0 sk=3 hf=96352 hm=93004 ht=283156 pf=0 pm=0 pt=0 ru=235196 rp=238544
19:03:00.388 @T t=86090 s=0.000 lv=-39.7 pk=-39.0 c0=3.9 c1=6.3 kw=6.14 inf=1.53 iv=0.00 n=0 d=0 sk=3 hf=96352 hm=93004 ht=283156 pf=0 pm=0 pt=0 ru=235196 rp=238544
19:03:00.388 @T t=86196 s=0.000 lv=-39.8 pk=-38.9 c0=3.1 c1=5.1 kw=4.94 inf=1.51 iv=0.00 n=0 d=0 sk=3 hf=96352 hm=93004 ht=283156 pf=0 pm=0 pt=0 ru=235196 rp=238544
19:03:00.388 @I ww=marvin cut=0.50 win=5 cool=1000 tick=100 wifi=1 srv=1 li=0 ln=0
19:03:00.388 @T t=86308 s=0.000 lv=-39.3 pk=-37.8 c0=3.6 c1=5.8 kw=5.62 inf=1.37 iv=0.00 n=0 d=0 sk=4 hf=96352 hm=93004 ht=283156 pf=0 pm=0 pt=0 ru=235196 rp=238544
19:03:00.388 @T t=86394 s=0.000 lv=-39.6 pk=-37.6 c0=4.3 c1=5.1 kw=4.96 inf=1.85 iv=0.00 n=0 d=0 sk=2 hf=96352 hm=93004 ht=283156 pf=0 pm=0 pt=0 ru=235196 rp=238544
19:03:00.388 @T t=86501 s=0.000 lv=-39.2 pk=-38.7 c0=6.5 c1=5.6 kw=5.10 inf=1.58 iv=0.00 n=0 d=0 sk=3 hf=96352 hm=93004 ht=283156 pf=0 pm=0 pt=0 ru=235196 rp=238544
19:03:02.776 @T t=86607 s=0.000 lv=-39.1 pk=-38.2 c0=3.9 c1=6.1 kw=6.00 inf=1.38 iv=0.00 n=0 d=0 sk=4 hf=96352 hm=93004 ht=283156 pf=0 pm=0 pt=0 ru=235196 rp=238544
19:03:02.777 @T t=86693 s=0.000 lv=-39.3 pk=-38.5 c0=4.0 c1=5.0 kw=4.90 inf=1.82 iv=0.00 n=0 d=0 sk=2 hf=96352 hm=93004 ht=283156 pf=0 pm=0 pt=0 ru=235196 rp=238544
19:03:02.777 @T t=86799 s=0.000 lv=-39.1 pk=-38.0 c0=6.3 c1=5.1 kw=4.93 inf=1.51 iv=0.00 n=0 d=0 sk=3 hf=96352 hm=93004 ht=283156 pf=0 pm=0 pt=0 ru=235196 rp=238544
19:03:02.777 @T t=86905 s=0.000 lv=-39.5 pk=-38.9 c0=3.2 c1=5.2 kw=5.10 inf=1.52 iv=0.00 n=0 d=0 sk=3 hf=96352 hm=93004 ht=283156 pf=0 pm=0 pt=0 ru=235196 rp=238544
19:03:02.777 @T t=86991 s=0.000 lv=-38.3 pk=-37.4 c0=3.8 c1=6.4 kw=5.91 inf=1.51 iv=0.00 n=0 d=0 sk=3 hf=96352 hm=93004 ht=283156 pf=0 pm=0 pt=0 ru=235196 rp=238544
19:03:02.777 @T t=87097 s=0.000 lv=-37.8 pk=-36.5 c0=3.1 c1=5.1 kw=5.00 inf=1.53 iv=0.00 n=0 d=0 sk=3 hf=96352 hm=93004 ht=283156 pf=0 pm=0 pt=0 ru=235196 rp=238544
19:03:02.777 I (87554) wifi:[ADDBA]RX DELBA, reason:37, delete tid:0, initiator:1(originator)
19:03:02.777 @T t=87203 s=0.000 lv=-38.8 pk=-37.5 c0=4.9 c1=5.2 kw=5.06 inf=1.55 iv=0.00 n=0 d=0 sk=3 hf=96352 hm=93004 ht=283156 pf=0 pm=0 pt=0 ru=235196 rp=238544
19:03:02.777 @I ww=marvin cut=0.50 win=5 cool=1000 tick=100 wifi=1 srv=1 li=0 ln=0
19:03:02.777 @T t=87295 s=0.000 lv=-38.9 pk=-37.8 c0=4.7 c1=5.9 kw=5.72 inf=1.52 iv=0.00 n=0 d=0 sk=3 hf=96352 hm=93004 ht=283156 pf=0 pm=0 pt=0 ru=235196 rp=238544
19:03:02.777 @T t=87401 s=0.000 lv=-38.3 pk=-37.3 c0=3.1 c1=5.1 kw=4.93 inf=1.51 iv=0.00 n=0 d=0 sk=3 hf=96352 hm=93004 ht=283156 pf=0 pm=0 pt=0 ru=235196 rp=238544
19:03:02.777 @T t=87507 s=0.000 lv=-38.4 pk=-37.8 c0=3.9 c1=6.3 kw=6.07 inf=1.40 iv=0.00 n=0 d=0 sk=4 hf=96352 hm=93004 ht=283156 pf=0 pm=0 pt=0 ru=235196 rp=238544
19:03:02.777 @T t=87593 s=0.000 lv=-36.9 pk=-35.0 c0=4.1 c1=5.1 kw=4.93 inf=1.84 iv=0.00 n=0 d=0 sk=2 hf=96352 hm=93004 ht=283156 pf=0 pm=0 pt=0 ru=235196 rp=238544
19:03:02.777 @T t=87699 s=0.000 lv=-28.5 pk=-25.8 c0=3.1 c1=16.3 kw=16.09 inf=1.36 iv=0.97 n=12 d=0 sk=0 hf=96352 hm=93004 ht=283156 pf=0 pm=0 pt=0 ru=235196 rp=238544
19:03:02.777 @T t=87805 s=0.000 lv=-22.1 pk=-20.7 c0=3.4 c1=8.5 kw=8.43 inf=2.69 iv=1.10 n=3 d=0 sk=0 hf=96352 hm=93004 ht=283156 pf=0 pm=0 pt=0 ru=235196 rp=238544
19:03:02.777 @T t=87891 s=0.012 lv=-32.6 pk=-28.0 c0=4.5 c1=12.5 kw=12.21 inf=2.48 iv=1.28 n=4 d=0 sk=0 hf=96352 hm=93004 ht=283156 pf=0 pm=0 pt=0 ru=235196 rp=238544
19:03:02.777 @T t=87997 s=0.073 lv=-34.9 pk=-33.6 c0=3.4 c1=8.8 kw=8.57 inf=2.79 iv=1.19 n=3 d=0 sk=0 hf=96352 hm=93004 ht=283156 pf=0 pm=0 pt=0 ru=235196 rp=238544
19:03:02.777 @T t=88103 s=0.161 lv=-38.2 pk=-37.2 c0=3.6 c1=8.8 kw=8.62 inf=2.80 iv=1.19 n=3 d=0 sk=0 hf=96352 hm=93004 ht=283156 pf=0 pm=0 pt=0 ru=235196 rp=238544
19:03:02.777 I (88549) kws: >>> WAKE WORD "marvin" DETECTED  (score 0.57, t = 88.17 s)
19:03:02.777 I (88570) stream: first audio sent 20 ms after the detection
19:03:02.777 @T t=88191 s=0.570 lv=-38.2 pk=-37.4 c0=12.2 c1=15.3 kw=12.90 inf=2.65 iv=1.40 n=4 d=1 sk=0 hf=95756 hm=90852 ht=283156 pf=0 pm=0 pt=0 ru=235792 rp=240696
19:03:02.777 @I ww=marvin cut=0.50 win=5 cool=1000 tick=100 wifi=1 srv=1 li=0 ln=0
19:03:02.777 @T t=88304 s=0.669 lv=-39.0 pk=-37.4 c0=22.7 c1=11.1 kw=9.95 inf=3.49 iv=1.69 n=3 d=1 sk=0 hf=95756 hm=87732 ht=283156 pf=0 pm=0 pt=0 ru=235792 rp=243816
19:03:02.777 @T t=88393 s=0.987 lv=-37.7 pk=-36.0 c0=17.9 c1=14.2 kw=12.61 inf=3.48 iv=1.68 n=3 d=1 sk=0 hf=95756 hm=87732 ht=283156 pf=0 pm=0 pt=0 ru=235792 rp=243816
19:03:02.777 @T t=88499 s=0.986 lv=-26.2 pk=-23.6 c0=17.8 c1=15.0 kw=12.11 inf=3.02 iv=1.64 n=4 d=1 sk=0 hf=95756 hm=87732 ht=283156 pf=0 pm=0 pt=0 ru=235792 rp=243816
19:03:02.778 @T t=88591 s=0.973 lv=-30.7 pk=-27.1 c0=18.8 c1=13.3 kw=11.53 inf=3.28 iv=1.51 n=3 d=1 sk=0 hf=95756 hm=87732 ht=283156 pf=0 pm=0 pt=0 ru=235792 rp=243816
19:03:02.778 @T t=88697 s=0.925 lv=-27.5 pk=-24.1 c0=14.2 c1=11.3 kw=9.99 inf=3.27 iv=1.52 n=3 d=1 sk=0 hf=95756 hm=87732 ht=283156 pf=0 pm=0 pt=0 ru=235792 rp=243816
19:03:02.778 @T t=88802 s=0.517 lv=-31.0 pk=-27.0 c0=14.3 c1=13.1 kw=11.61 inf=2.86 iv=1.52 n=4 d=1 sk=0 hf=95756 hm=87732 ht=283156 pf=0 pm=0 pt=0 ru=235792 rp=243816
19:03:02.778 @T t=88890 s=0.062 lv=-31.1 pk=-29.3 c0=18.9 c1=14.6 kw=12.80 inf=3.50 iv=1.64 n=3 d=1 sk=0 hf=95756 hm=87732 ht=283156 pf=0 pm=0 pt=0 ru=235792 rp=243816
19:03:02.778 I (89329) wake_word: score event: peak 0.99 over 720 ms -> detected
19:03:05.011 @T t=88996 s=0.002 lv=-32.7 pk=-28.9 c0=17.4 c1=12.8 kw=11.76 inf=3.90 iv=1.60 n=3 d=1 sk=0 hf=95756 hm=87732 ht=283156 pf=0 pm=0 pt=0 ru=235792 rp=243816
19:03:05.012 @T t=89102 s=0.000 lv=-24.3 pk=-22.9 c0=14.8 c1=12.9 kw=11.36 inf=2.82 iv=1.47 n=4 d=1 sk=0 hf=95756 hm=87732 ht=283156 pf=0 pm=0 pt=0 ru=235792 rp=243816
19:03:05.012 @T t=89190 s=0.000 lv=-34.2 pk=-30.0 c0=18.0 c1=13.8 kw=11.91 inf=3.24 iv=1.45 n=3 d=1 sk=0 hf=95756 hm=87732 ht=283156 pf=0 pm=0 pt=0 ru=235792 rp=243816
19:03:05.012 @I ww=marvin cut=0.50 win=5 cool=1000 tick=100 wifi=1 srv=1 li=0 ln=0
19:03:05.012 @T t=89301 s=0.000 lv=-39.6 pk=-38.1 c0=20.8 c1=10.7 kw=9.37 inf=3.21 iv=1.45 n=3 d=1 sk=0 hf=95756 hm=87732 ht=283156 pf=0 pm=0 pt=0 ru=235792 rp=243816
19:03:05.012 @T t=89390 s=0.000 lv=-36.0 pk=-34.0 c0=17.3 c1=14.9 kw=13.38 inf=2.79 iv=1.45 n=4 d=1 sk=0 hf=91916 hm=87732 ht=283156 pf=0 pm=0 pt=0 ru=239632 rp=243816
19:03:05.012 I (89873) wifi:[ADDBA]RX DELBA, reason:37, delete tid:0, initiator:1(originator)
19:03:05.012 @T t=89496 s=0.000 lv=-36.9 pk=-36.7 c0=16.8 c1=11.7 kw=9.90 inf=3.24 iv=1.45 n=3 d=1 sk=0 hf=95756 hm=87732 ht=283156 pf=0 pm=0 pt=0 ru=235792 rp=243816
19:03:05.012 @T t=89591 s=0.000 lv=-38.6 pk=-37.8 c0=15.0 c1=12.2 kw=10.94 inf=3.20 iv=1.44 n=3 d=1 sk=0 hf=92120 hm=87732 ht=283156 pf=0 pm=0 pt=0 ru=239428 rp=243816
19:03:05.012 @T t=89699 s=0.000 lv=-38.0 pk=-36.5 c0=15.0 c1=13.4 kw=11.66 inf=2.96 iv=1.63 n=4 d=1 sk=0 hf=95756 hm=87732 ht=283156 pf=0 pm=0 pt=0 ru=235792 rp=243816
19:03:05.012 I (90172) stream: stream finished (silence): 1620 ms of audio sent (25 KB)
19:03:05.012 @T t=89792 s=0.000 lv=-39.4 pk=-38.1 c0=23.9 c1=13.6 kw=11.70 inf=3.30 iv=1.47 n=3 d=1 sk=0 hf=95756 hm=87204 ht=283156 pf=0 pm=0 pt=0 ru=235792 rp=244344
19:03:05.012 @T t=89900 s=0.000 lv=-38.5 pk=-37.5 c0=3.0 c1=8.6 kw=8.31 inf=2.80 iv=1.18 n=3 d=1 sk=0 hf=95756 hm=87204 ht=283156 pf=0 pm=0 pt=0 ru=235792 rp=244344
19:03:05.012 @T t=90006 s=0.000 lv=-39.3 pk=-38.4 c0=3.4 c1=10.6 kw=10.41 inf=2.54 iv=1.11 n=4 d=1 sk=0 hf=95756 hm=87204 ht=283156 pf=0 pm=0 pt=0 ru=235792 rp=244344
19:03:05.012 @T t=90092 s=0.000 lv=-39.3 pk=-38.2 c0=4.3 c1=9.4 kw=9.16 inf=2.43 iv=1.14 n=3 d=1 sk=0 hf=95756 hm=87204 ht=283156 pf=0 pm=0 pt=0 ru=235792 rp=244344
19:03:05.012 @T t=90198 s=0.000 lv=-39.9 pk=-38.9 c0=3.3 c1=8.5 kw=8.32 inf=2.70 iv=1.12 n=3 d=1 sk=0 hf=95756 hm=87204 ht=283156 pf=0 pm=0 pt=0 ru=235792 rp=244344
19:03:05.012 @I ww=marvin cut=0.50 win=5 cool=1000 tick=100 wifi=1 srv=1 li=0 ln=0
19:03:05.012 @T t=90290 s=0.000 lv=-38.8 pk=-37.0 c0=4.8 c1=11.1 kw=10.85 inf=2.31 iv=1.11 n=4 d=1 sk=0 hf=95756 hm=87204 ht=283156 pf=0 pm=0 pt=0 ru=235792 rp=244344
19:03:05.012 @T t=90396 s=0.000 lv=-38.9 pk=-37.7 c0=3.4 c1=8.6 kw=8.42 inf=2.74 iv=1.14 n=3 d=1 sk=0 hf=95756 hm=87204 ht=283156 pf=0 pm=0 pt=0 ru=235792 rp=244344
19:03:05.012 @T t=90502 s=0.000 lv=-39.3 pk=-38.5 c0=6.1 c1=10.0 kw=9.00 inf=2.93 iv=1.29 n=3 d=1 sk=0 hf=95760 hm=87204 ht=283156 pf=0 pm=0 pt=0 ru=235788 rp=244344
19:03:05.012 @T t=90608 s=0.000 lv=-39.9 pk=-38.0 c0=7.3 c1=11.1 kw=10.88 inf=2.66 iv=1.20 n=4 d=1 sk=0 hf=95760 hm=87204 ht=283156 pf=0 pm=0 pt=0 ru=235788 rp=244344
19:03:05.012 @T t=90694 s=0.000 lv=-38.9 pk=-38.1 c0=4.2 c1=9.3 kw=9.10 inf=2.41 iv=1.13 n=3 d=1 sk=0 hf=95760 hm=87204 ht=283156 pf=0 pm=0 pt=0 ru=235788 rp=244344
19:03:05.012 @T t=90799 s=0.000 lv=-39.6 pk=-38.6 c0=3.2 c1=5.1 kw=4.99 inf=1.53 iv=0.00 n=0 d=1 sk=3 hf=95760 hm=87204 ht=283156 pf=0 pm=0 pt=0 ru=235788 rp=244344
19:03:05.012 @T t=90906 s=0.000 lv=-40.0 pk=-39.0 c0=3.5 c1=6.1 kw=5.95 inf=1.37 iv=0.00 n=0 d=1 sk=4 hf=95760 hm=87204 ht=283156 pf=0 pm=0 pt=0 ru=235788 rp=244344
19:03:05.012 @T t=90992 s=0.000 lv=-39.0 pk=-36.7 c0=3.9 c1=5.1 kw=4.94 inf=1.84 iv=0.00 n=0 d=1 sk=2 hf=95760 hm=87204 ht=283156 pf=0 pm=0 pt=0 ru=235788 rp=244344
19:03:05.012 @T t=91098 s=0.000 lv=-40.4 pk=-39.8 c0=3.1 c1=5.1 kw=4.93 inf=1.51 iv=0.00 n=0 d=1 sk=3 hf=95760 hm=87204 ht=283156 pf=0 pm=0 pt=0 ru=235788 rp=244344
19:03:05.012 [status] up 91s | mic -35.0 dBFS (peak -20.7) | score max 0.99 | detections 1 | inferences 182 (18.2/s; model 1.26 ms each, paused in quiet 46%; features 1.44 ms per 30 ms) | CPU core0  7.0% core1  8.3% (wake word pipeline 7.82% of one core) | RAM used 230 KB (peak 238 KB, 93 KB free) | wifi OK, server OK | audio lost since boot: i2s 0 net 0
19:03:07.289 @T t=91226 s=0.000 lv=-39.8 pk=-37.7 c0=20.0 c1=5.9 kw=5.78 inf=1.60 iv=0.00 n=0 d=1 sk=4 hf=95760 hm=87204 ht=283156 pf=0 pm=0 pt=0 ru=235788 rp=244344
19:03:07.289 @I ww=marvin cut=0.50 win=5 cool=1000 tick=100 wifi=1 srv=1 li=0 ln=0
19:03:07.289 @T t=91297 s=0.000 lv=-40.6 pk=-40.0 c0=5.6 c1=4.6 kw=4.42 inf=1.38 iv=0.00 n=0 d=1 sk=2 hf=95760 hm=87204 ht=283156 pf=0 pm=0 pt=0 ru=235788 rp=244344
19:03:07.289 @T t=91404 s=0.000 lv=-40.0 pk=-37.9 c0=3.1 c1=5.1 kw=4.92 inf=1.51 iv=0.00 n=0 d=1 sk=3 hf=95760 hm=87204 ht=283156 pf=0 pm=0 pt=0 ru=235788 rp=244344
19:03:07.289 @T t=91490 s=0.000 lv=-40.7 pk=-39.5 c0=8.3 c1=6.3 kw=6.15 inf=1.53 iv=0.00 n=0 d=1 sk=3 hf=95760 hm=87204 ht=283156 pf=0 pm=0 pt=0 ru=235788 rp=244344
19:03:07.289 @T t=91595 s=0.000 lv=-40.9 pk=-40.3 c0=3.2 c1=5.1 kw=4.93 inf=1.51 iv=0.00 n=0 d=1 sk=3 hf=95760 hm=87204 ht=283156 pf=0 pm=0 pt=0 ru=235788 rp=244344
19:03:07.289 I (92021) stream: server: {"type":"response","text":"Turn on the lights.","saved":"20260928_190301_950_e072a1d53274_marvin.wav"}
19:03:07.289 @T t=91702 s=0.000 lv=-39.7 pk=-38.1 c0=6.8 c1=5.6 kw=5.09 inf=1.56 iv=0.00 n=0 d=1 sk=3 hf=95756 hm=87204 ht=283156 pf=0 pm=0 pt=0 ru=235792 rp=244344
19:03:07.289 @T t=91807 s=0.000 lv=-40.6 pk=-39.5 c0=3.2 c1=6.1 kw=5.93 inf=1.36 iv=0.00 n=0 d=1 sk=4 hf=95756 hm=87204 ht=283156 pf=0 pm=0 pt=0 ru=235792 rp=244344
19:03:07.289 @T t=91894 s=0.000 lv=-40.5 pk=-38.3 c0=4.6 c1=5.1 kw=4.94 inf=1.84 iv=0.00 n=0 d=1 sk=2 hf=95756 hm=87204 ht=283156 pf=0 pm=0 pt=0 ru=235792 rp=244344
19:03:07.289 @T t=92000 s=0.000 lv=-40.3 pk=-38.7 c0=3.6 c1=5.2 kw=5.03 inf=1.54 iv=0.00 n=0 d=1 sk=3 hf=95756 hm=87204 ht=283156 pf=0 pm=0 pt=0 ru=235792 rp=244344
19:03:07.289 @T t=92106 s=0.000 lv=-39.4 pk=-38.7 c0=3.3 c1=6.1 kw=5.95 inf=1.37 iv=0.00 n=0 d=1 sk=4 hf=95756 hm=87204 ht=283156 pf=0 pm=0 pt=0 ru=235792 rp=244344
19:03:07.289 I (92521) wifi:[ADDBA]RX DELBA, reason:37, delete tid:0, initiator:1(originator)
19:03:07.289 @T t=92192 s=0.000 lv=-38.7 pk=-37.9 c0=6.1 c1=5.2 kw=4.99 inf=1.86 iv=0.00 n=0 d=1 sk=2 hf=95756 hm=87204 ht=283156 pf=0 pm=0 pt=0 ru=235792 rp=244344
19:03:07.289 @I ww=marvin cut=0.50 win=5 cool=1000 tick=100 wifi=1 srv=1 li=0 ln=0
19:03:07.289 @T t=92303 s=0.000 lv=-38.8 pk=-37.8 c0=3.7 c1=4.8 kw=4.72 inf=1.53 iv=0.00 n=0 d=1 sk=3 hf=95756 hm=87204 ht=283156 pf=0 pm=0 pt=0 ru=235792 rp=244344
19:03:07.289 @T t=92409 s=0.000 lv=-40.8 pk=-40.5 c0=3.1 c1=6.2 kw=6.00 inf=1.37 iv=0.00 n=0 d=1 sk=4 hf=95756 hm=87204 ht=283156 pf=0 pm=0 pt=0 ru=235792 rp=244344
19:03:07.289 @T t=92494 s=0.000 lv=-40.4 pk=-39.4 c0=3.7 c1=5.0 kw=4.86 inf=1.81 iv=0.00 n=0 d=1 sk=2 hf=95756 hm=87204 ht=283156 pf=0 pm=0 pt=0 ru=235792 rp=244344
19:03:07.289 @T t=92600 s=0.000 lv=-39.8 pk=-38.4 c0=3.0 c1=5.1 kw=4.93 inf=1.51 iv=0.00 n=0 d=1 sk=3 hf=95756 hm=87204 ht=283156 pf=0 pm=0 pt=0 ru=235792 rp=244344
19:03:07.289 @T t=92707 s=0.000 lv=-32.2 pk=-26.4 c0=6.3 c1=16.9 kw=16.66 inf=1.29 iv=0.97 n=11 d=1 sk=2 hf=95760 hm=87204 ht=283156 pf=0 pm=0 pt=0 ru=235788 rp=244344
19:03:07.289 @T t=92793 s=0.000 lv=-22.4 pk=-20.0 c0=4.1 c1=8.1 kw=7.85 inf=3.09 iv=1.18 n=2 d=1 sk=0 hf=95760 hm=87204 ht=283156 pf=0 pm=0 pt=0 ru=235788 rp=244344
19:03:07.289 @T t=92899 s=0.000 lv=-22.5 pk=-20.5 c0=4.1 c1=9.9 kw=9.70 inf=2.39 iv=1.17 n=4 d=1 sk=0 hf=95760 hm=87204 ht=283156 pf=0 pm=0 pt=0 ru=235788 rp=244344
19:03:07.289 @T t=93005 s=0.015 lv=-35.7 pk=-33.2 c0=3.4 c1=8.7 kw=8.64 inf=2.77 iv=1.18 n=3 d=1 sk=0 hf=95760 hm=87204 ht=283156 pf=0 pm=0 pt=0 ru=235788 rp=244344
19:03:07.289 @T t=93092 s=0.090 lv=-34.4 pk=-32.2 c0=4.6 c1=11.1 kw=10.85 inf=2.95 iv=1.30 n=3 d=1 sk=0 hf=95760 hm=87204 ht=283156 pf=0 pm=0 pt=0 ru=235788 rp=244344
19:03:07.289 @T t=93198 s=0.490 lv=-39.8 pk=-38.3 c0=3.7 c1=10.1 kw=9.86 inf=2.43 iv=1.21 n=4 d=1 sk=0 hf=95760 hm=87204 ht=283156 pf=0 pm=0 pt=0 ru=235788 rp=244344
19:03:07.289 @I ww=marvin cut=0.50 win=5 cool=1000 tick=100 wifi=1 srv=1 li=0 ln=0
19:03:07.289 I (93609) kws: >>> WAKE WORD "marvin" DETECTED  (score 0.63, t = 93.23 s)
19:03:07.289 I (93630) stream: first audio sent 19 ms after the detection
19:03:07.289 @T t=93291 s=0.632 lv=-39.2 pk=-37.2 c0=17.6 c1=15.2 kw=12.33 inf=3.56 iv=1.79 n=3 d=2 sk=0 hf=95760 hm=87204 ht=283156 pf=0 pm=0 pt=0 ru=235788 rp=244344
19:03:07.289 @T t=93397 s=0.973 lv=-40.0 pk=-39.4 c0=14.6 c1=12.0 kw=10.55 inf=3.47 iv=1.71 n=3 d=2 sk=0 hf=95760 hm=87204 ht=283156 pf=0 pm=0 pt=0 ru=235788 rp=244344
19:03:09.685 @T t=93503 s=0.996 lv=-39.4 pk=-37.8 c0=15.4 c1=13.8 kw=12.38 inf=3.09 iv=1.72 n=4 d=2 sk=0 hf=95760 hm=87204 ht=283156 pf=0 pm=0 pt=0 ru=235788 rp=244344
19:03:09.686 @T t=93592 s=0.996 lv=-39.3 pk=-37.7 c0=17.4 c1=13.6 kw=12.53 inf=3.46 iv=1.67 n=3 d=2 sk=0 hf=95760 hm=87204 ht=283156 pf=0 pm=0 pt=0 ru=235788 rp=244344
19:03:09.686 @T t=93698 s=0.996 lv=-25.2 pk=-21.9 c0=14.8 c1=12.3 kw=10.55 inf=3.48 iv=1.72 n=3 d=2 sk=0 hf=95760 hm=87204 ht=283156 pf=0 pm=0 pt=0 ru=235788 rp=244344
19:03:09.686 @T t=93804 s=0.995 lv=-32.7 pk=-27.2 c0=14.2 c1=12.9 kw=11.52 inf=2.86 iv=1.52 n=4 d=2 sk=0 hf=95760 hm=87204 ht=283156 pf=0 pm=0 pt=0 ru=235788 rp=244344
19:03:09.686 @T t=93893 s=0.970 lv=-37.6 pk=-36.5 c0=17.8 c1=14.7 kw=13.03 inf=3.60 iv=1.69 n=3 d=2 sk=0 hf=95760 hm=87204 ht=283156 pf=0 pm=0 pt=0 ru=235788 rp=244344
19:03:09.686 @T t=93999 s=0.502 lv=-35.7 pk=-33.1 c0=14.5 c1=11.9 kw=10.47 inf=3.45 iv=1.69 n=3 d=2 sk=0 hf=95760 hm=87204 ht=283156 pf=0 pm=0 pt=0 ru=235788 rp=244344
19:03:09.686 @T t=94105 s=0.046 lv=-33.6 pk=-29.8 c0=15.2 c1=13.3 kw=11.77 inf=2.89 iv=1.57 n=4 d=2 sk=0 hf=95760 hm=87204 ht=283156 pf=0 pm=0 pt=0 ru=235788 rp=244344
19:03:09.686 I (94509) wake_word: score event: peak 1.00 over 870 ms -> detected
19:03:09.686 @T t=94192 s=0.000 lv=-32.2 pk=-27.7 c0=19.3 c1=16.5 kw=14.62 inf=4.04 iv=1.72 n=3 d=2 sk=0 hf=95760 hm=87204 ht=283156 pf=0 pm=0 pt=0 ru=235788 rp=244344
19:03:09.686 @I ww=marvin cut=0.50 win=5 cool=1000 tick=100 wifi=1 srv=1 li=0 ln=0
19:03:09.686 @T t=94304 s=0.000 lv=-30.1 pk=-26.8 c0=15.2 c1=11.0 kw=9.67 inf=3.35 iv=1.58 n=3 d=2 sk=0 hf=95760 hm=87204 ht=283156 pf=0 pm=0 pt=0 ru=235788 rp=244344
19:03:09.686 @T t=94395 s=0.000 lv=-34.2 pk=-32.1 c0=17.7 c1=15.7 kw=14.01 inf=2.99 iv=1.62 n=4 d=2 sk=0 hf=95760 hm=87204 ht=283156 pf=0 pm=0 pt=0 ru=235788 rp=244344
19:03:09.686 I (94795) wifi:[ADDBA]RX DELBA, reason:37, delete tid:0, initiator:1(originator)
19:03:09.686 @T t=94501 s=0.000 lv=-38.1 pk=-35.2 c0=16.1 c1=11.5 kw=10.00 inf=3.28 iv=1.47 n=3 d=2 sk=0 hf=95760 hm=87204 ht=283156 pf=0 pm=0 pt=0 ru=235788 rp=244344
19:03:09.686 @T t=94590 s=0.000 lv=-37.2 pk=-35.5 c0=16.6 c1=13.4 kw=11.70 inf=3.22 iv=1.45 n=3 d=2 sk=0 hf=95760 hm=87204 ht=283156 pf=0 pm=0 pt=0 ru=235788 rp=244344
19:03:09.686 @T t=94696 s=0.000 lv=-37.5 pk=-35.5 c0=17.2 c1=12.8 kw=11.32 inf=2.81 iv=1.46 n=4 d=2 sk=0 hf=95756 hm=87204 ht=283156 pf=0 pm=0 pt=0 ru=235792 rp=244344
19:03:09.686 @T t=94802 s=0.000 lv=-33.2 pk=-31.8 c0=14.6 c1=12.2 kw=10.39 inf=3.42 iv=1.59 n=3 d=2 sk=0 hf=95756 hm=87204 ht=283156 pf=0 pm=0 pt=0 ru=235792 rp=244344
19:03:09.686 @T t=94890 s=0.000 lv=-39.5 pk=-36.9 c0=17.9 c1=13.2 kw=12.11 inf=3.33 iv=1.57 n=3 d=2 sk=0 hf=91916 hm=87204 ht=283156 pf=0 pm=0 pt=0 ru=239632 rp=244344
19:03:09.686 I (95334) stream: stream finished (silence): 1720 ms of audio sent (26 KB)
19:03:09.686 @T t=94997 s=0.000 lv=-40.6 pk=-39.9 c0=13.7 c1=12.6 kw=11.02 inf=2.74 iv=1.42 n=4 d=2 sk=0 hf=95756 hm=87204 ht=283156 pf=0 pm=0 pt=0 ru=235792 rp=244344
19:03:09.686 @T t=95103 s=0.000 lv=-40.7 pk=-39.0 c0=3.6 c1=8.6 kw=8.42 inf=2.74 iv=1.15 n=3 d=2 sk=0 hf=95756 hm=87204 ht=283156 pf=0 pm=0 pt=0 ru=235792 rp=244344
19:03:09.686 @T t=95209 s=0.000 lv=-39.7 pk=-38.7 c0=3.4 c1=10.6 kw=10.42 inf=2.54 iv=1.11 n=4 d=2 sk=0 hf=95756 hm=87204 ht=283156 pf=0 pm=0 pt=0 ru=235792 rp=244344
19:03:09.686 @I ww=marvin cut=0.50 win=5 cool=1000 tick=100 wifi=1 srv=1 li=0 ln=0
19:03:09.686 @T t=95301 s=0.000 lv=-40.4 pk=-39.8 c0=4.8 c1=8.6 kw=8.47 inf=2.41 iv=1.13 n=3 d=2 sk=0 hf=95756 hm=87204 ht=283156 pf=0 pm=0 pt=0 ru=235792 rp=244344
19:03:09.686 @T t=95407 s=0.000 lv=-40.3 pk=-39.2 c0=3.8 c1=10.9 kw=10.69 inf=2.62 iv=1.17 n=4 d=2 sk=0 hf=95756 hm=87204 ht=283156 pf=0 pm=0 pt=0 ru=235792 rp=244344
19:03:09.686 @T t=95493 s=0.000 lv=-40.9 pk=-40.1 c0=4.2 c1=8.1 kw=7.91 inf=3.11 iv=1.20 n=2 d=2 sk=0 hf=95756 hm=87204 ht=283156 pf=0 pm=0 pt=0 ru=235792 rp=244344
19:03:09.686 @T t=95599 s=0.000 lv=-40.8 pk=-39.8 c0=3.4 c1=9.5 kw=9.34 inf=2.30 iv=1.10 n=4 d=2 sk=0 hf=95756 hm=87204 ht=283156 pf=0 pm=0 pt=0 ru=235792 rp=244344
19:03:09.686 @T t=95705 s=0.000 lv=-40.7 pk=-38.1 c0=3.9 c1=8.9 kw=8.74 inf=2.80 iv=1.18 n=3 d=2 sk=0 hf=95756 hm=87204 ht=283156 pf=0 pm=0 pt=0 ru=235792 rp=244344
19:03:09.686 @T t=95794 s=0.000 lv=-40.3 pk=-39.0 c0=10.8 c1=10.6 kw=10.30 inf=2.86 iv=1.21 n=3 d=2 sk=0 hf=95756 hm=87204 ht=283156 pf=0 pm=0 pt=0 ru=235792 rp=244344
19:03:12.093 @T t=95900 s=0.000 lv=-39.8 pk=-38.2 c0=3.6 c1=9.6 kw=9.45 inf=2.32 iv=1.12 n=4 d=2 sk=0 hf=95756 hm=87204 ht=283156 pf=0 pm=0 pt=0 ru=235792 rp=244344
19:03:12.093 @T t=96006 s=0.000 lv=-39.4 pk=-37.6 c0=3.4 c1=9.5 kw=8.48 inf=2.71 iv=1.12 n=3 d=2 sk=0 hf=95756 hm=87204 ht=283156 pf=0 pm=0 pt=0 ru=235792 rp=244344
19:03:12.093 @T t=96092 s=0.000 lv=-39.9 pk=-38.8 c0=4.3 c1=9.5 kw=10.33 inf=2.77 iv=1.18 n=3 d=2 sk=0 hf=95756 hm=87204 ht=283156 pf=0 pm=0 pt=0 ru=235792 rp=244344
19:03:12.093 @T t=96198 s=0.000 lv=-40.0 pk=-38.6 c0=3.4 c1=9.4 kw=9.28 inf=2.28 iv=1.09 n=4 d=2 sk=0 hf=95756 hm=87204 ht=283156 pf=0 pm=0 pt=0 ru=235792 rp=244344
19:03:12.093 @I ww=marvin cut=0.50 win=5 cool=1000 tick=100 wifi=1 srv=1 li=0 ln=0
19:03:12.093 @T t=96290 s=0.000 lv=-40.4 pk=-39.1 c0=4.8 c1=9.8 kw=9.64 inf=2.72 iv=1.12 n=3 d=2 sk=0 hf=95756 hm=87204 ht=283156 pf=0 pm=0 pt=0 ru=235792 rp=244344
19:03:12.093 @T t=96396 s=0.000 lv=-40.7 pk=-39.1 c0=3.4 c1=7.5 kw=7.36 inf=2.36 iv=1.18 n=2 d=2 sk=1 hf=95756 hm=87204 ht=283156 pf=0 pm=0 pt=0 ru=235792 rp=244344
19:03:12.093 @T t=96502 s=0.000 lv=-40.4 pk=-39.3 c0=3.6 c1=5.1 kw=4.96 inf=1.52 iv=0.00 n=0 d=2 sk=3 hf=95756 hm=87204 ht=283156 pf=0 pm=0 pt=0 ru=235792 rp=244344
19:03:12.093 @T t=96608 s=0.000 lv=-39.8 pk=-36.5 c0=3.2 c1=6.1 kw=5.95 inf=1.37 iv=0.00 n=0 d=2 sk=4 hf=95756 hm=87204 ht=283156 pf=0 pm=0 pt=0 ru=235792 rp=244344
19:03:12.093 @T t=96695 s=0.000 lv=-39.1 pk=-37.8 c0=7.7 c1=5.6 kw=5.00 inf=1.88 iv=0.00 n=0 d=2 sk=2 hf=95760 hm=87204 ht=283156 pf=0 pm=0 pt=0 ru=235788 rp=244344
19:03:12.093 @T t=96800 s=0.000 lv=-40.2 pk=-38.7 c0=3.3 c1=5.0 kw=4.94 inf=1.51 iv=0.00 n=0 d=2 sk=3 hf=95760 hm=87204 ht=283156 pf=0 pm=0 pt=0 ru=235788 rp=244344
19:03:12.093 I (97199) stream: server: {"type":"response","text":"What is the weather today?","saved":"20260928_190307_004_e072a1d53274_marvin.wav"}
19:03:12.094 @T t=96907 s=0.000 lv=-39.8 pk=-38.7 c0=4.0 c1=10.0 kw=6.06 inf=1.39 iv=0.00 n=0 d=2 sk=4 hf=95756 hm=87204 ht=283156 pf=0 pm=0 pt=0 ru=235792 rp=244344
19:03:12.094 @T t=96993 s=0.000 lv=-39.6 pk=-37.7 c0=3.9 c1=5.0 kw=4.87 inf=1.81 iv=0.00 n=0 d=2 sk=2 hf=95756 hm=87204 ht=283156 pf=0 pm=0 pt=0 ru=235792 rp=244344
19:03:12.094 @T t=97098 s=0.000 lv=-41.5 pk=-40.8 c0=6.4 c1=5.1 kw=4.92 inf=1.51 iv=0.00 n=0 d=2 sk=3 hf=95756 hm=87204 ht=283156 pf=0 pm=0 pt=0 ru=235792 rp=244344
19:03:12.094 @T t=97205 s=0.000 lv=-40.3 pk=-38.9 c0=3.0 c1=5.2 kw=5.07 inf=1.52 iv=0.00 n=0 d=2 sk=3 hf=95756 hm=87204 ht=283156 pf=0 pm=0 pt=0 ru=235792 rp=244344
19:03:12.094 @I ww=marvin cut=0.50 win=5 cool=1000 tick=100 wifi=1 srv=1 li=0 ln=0
19:03:12.094 @T t=97296 s=0.000 lv=-40.2 pk=-39.2 c0=13.2 c1=5.9 kw=5.72 inf=1.57 iv=0.00 n=0 d=2 sk=3 hf=95756 hm=87204 ht=283156 pf=0 pm=0 pt=0 ru=235792 rp=244344
19:03:12.094 @T t=97403 s=0.000 lv=-40.9 pk=-40.1 c0=3.0 c1=5.0 kw=4.90 inf=1.50 iv=0.00 n=0 d=2 sk=3 hf=95756 hm=87204 ht=283156 pf=0 pm=0 pt=0 ru=235792 rp=244344
19:03:12.094 @T t=97508 s=0.000 lv=-37.8 pk=-35.4 c0=6.3 c1=6.1 kw=5.92 inf=1.36 iv=0.00 n=0 d=2 sk=4 hf=95756 hm=87204 ht=283156 pf=0 pm=0 pt=0 ru=235792 rp=244344
19:03:12.094 @T t=97594 s=0.000 lv=-38.6 pk=-37.4 c0=3.6 c1=5.0 kw=4.89 inf=1.82 iv=0.00 n=0 d=2 sk=2 hf=95756 hm=87204 ht=283156 pf=0 pm=0 pt=0 ru=235792 rp=244344
19:03:12.094 @T t=97701 s=0.000 lv=-39.3 pk=-37.9 c0=3.3 c1=5.2 kw=4.98 inf=1.53 iv=0.00 n=0 d=2 sk=3 hf=95756 hm=87204 ht=283156 pf=0 pm=0 pt=0 ru=235792 rp=244344
19:03:12.094 @T t=97807 s=0.000 lv=-39.3 pk=-37.9 c0=3.2 c1=6.1 kw=5.94 inf=1.36 iv=0.00 n=0 d=2 sk=4 hf=95756 hm=87204 ht=283156 pf=0 pm=0 pt=0 ru=235792 rp=244344
19:03:12.094 @T t=97893 s=0.000 lv=-39.6 pk=-38.5 c0=4.5 c1=5.1 kw=4.91 inf=1.83 iv=0.00 n=0 d=2 sk=2 hf=95756 hm=87204 ht=283156 pf=0 pm=0 pt=0 ru=235792 rp=244344
19:03:12.094 @T t=97998 s=0.000 lv=-40.4 pk=-39.6 c0=3.1 c1=5.1 kw=4.95 inf=1.52 iv=0.00 n=0 d=2 sk=3 hf=95756 hm=87204 ht=283156 pf=0 pm=0 pt=0 ru=235792 rp=244344
19:03:12.094 @T t=98105 s=0.000 lv=-32.4 pk=-27.7 c0=3.2 c1=14.4 kw=14.30 inf=1.19 iv=0.96 n=10 d=2 sk=2 hf=95756 hm=87204 ht=283156 pf=0 pm=0 pt=0 ru=235792 rp=244344
19:03:12.094 @T t=98193 s=0.000 lv=-22.1 pk=-20.8 c0=4.0 c1=10.6 kw=10.33 inf=2.84 iv=1.19 n=3 d=2 sk=0 hf=95756 hm=87204 ht=283156 pf=0 pm=0 pt=0 ru=235792 rp=244344
19:03:12.094 @I ww=marvin cut=0.50 win=5 cool=1000 tick=100 wifi=1 srv=1 li=0 ln=0
19:03:14.478 @T t=98305 s=0.000 lv=-26.8 pk=-21.5 c0=3.9 c1=9.0 kw=8.93 inf=2.29 iv=1.10 n=4 d=2 sk=0 hf=95756 hm=87204 ht=283156 pf=0 pm=0 pt=0 ru=235792 rp=244344
19:03:14.478 @T t=98391 s=0.003 lv=-34.2 pk=-32.9 c0=4.2 c1=10.9 kw=10.65 inf=2.86 iv=1.19 n=3 d=2 sk=0 hf=95756 hm=87204 ht=283156 pf=0 pm=0 pt=0 ru=235792 rp=244344
19:03:14.478 @T t=98497 s=0.010 lv=-38.1 pk=-36.4 c0=3.4 c1=8.8 kw=8.58 inf=2.79 iv=1.20 n=3 d=2 sk=0 hf=95756 hm=87204 ht=283156 pf=0 pm=0 pt=0 ru=235792 rp=244344
19:03:14.478 @T t=98603 s=0.302 lv=-37.9 pk=-37.2 c0=3.4 c1=9.8 kw=9.63 inf=2.37 iv=1.17 n=4 d=2 sk=0 hf=95756 hm=87204 ht=283156 pf=0 pm=0 pt=0 ru=235792 rp=244344
19:03:14.478 I (99029) kws: >>> WAKE WORD "marvin" DETECTED  (score 0.62, t = 98.65 s)
19:03:14.478 I (99048) stream: first audio sent 18 ms after the detection
19:03:14.478 @T t=98690 s=0.621 lv=-38.9 pk=-37.4 c0=13.5 c1=13.7 kw=11.42 inf=3.06 iv=1.37 n=3 d=3 sk=0 hf=91916 hm=87204 ht=283156 pf=0 pm=0 pt=0 ru=239632 rp=244344
19:03:14.478 @T t=98796 s=0.791 lv=-28.9 pk=-25.2 c0=14.6 c1=11.7 kw=10.12 inf=3.32 iv=1.52 n=3 d=3 sk=0 hf=95756 hm=87204 ht=283156 pf=0 pm=0 pt=0 ru=235792 rp=244344
19:03:14.478 @T t=98903 s=0.980 lv=-33.8 pk=-31.6 c0=17.5 c1=14.2 kw=12.03 inf=3.03 iv=1.64 n=4 d=3 sk=0 hf=95760 hm=87204 ht=283156 pf=0 pm=0 pt=0 ru=235788 rp=244344
19:03:14.478 I (99348) wifi:[ADDBA]RX DELBA, reason:37, delete tid:0, initiator:1(originator)
19:03:14.478 @T t=98991 s=0.873 lv=-32.3 pk=-30.1 c0=19.4 c1=14.9 kw=12.38 inf=3.37 iv=1.53 n=3 d=3 sk=0 hf=91920 hm=87204 ht=283156 pf=0 pm=0 pt=0 ru=239628 rp=244344
19:03:14.478 @T t=99097 s=0.828 lv=-28.3 pk=-25.2 c0=18.0 c1=12.5 kw=10.79 inf=3.56 iv=1.80 n=3 d=3 sk=0 hf=95760 hm=87204 ht=283156 pf=0 pm=0 pt=0 ru=235788 rp=244344
19:03:14.478 @T t=99203 s=0.587 lv=-35.5 pk=-34.8 c0=17.8 c1=13.3 kw=12.00 inf=2.99 iv=1.67 n=4 d=3 sk=0 hf=92124 hm=87204 ht=283156 pf=0 pm=0 pt=0 ru=239424 rp=244344
19:03:14.478 @I ww=marvin cut=0.50 win=5 cool=1000 tick=100 wifi=1 srv=1 li=0 ln=0
19:03:14.478 @T t=99298 s=0.230 lv=-34.5 pk=-33.1 c0=17.1 c1=13.4 kw=11.47 inf=3.38 iv=1.62 n=3 d=3 sk=0 hf=95760 hm=87204 ht=283156 pf=0 pm=0 pt=0 ru=235788 rp=244344
19:03:14.478 @T t=99404 s=0.025 lv=-36.6 pk=-35.2 c0=14.5 c1=11.8 kw=10.32 inf=3.39 iv=1.65 n=3 d=3 sk=0 hf=95760 hm=87204 ht=283156 pf=0 pm=0 pt=0 ru=235788 rp=244344
19:03:14.478 I (99789) wake_word: score event: peak 0.98 over 690 ms -> detected
19:03:14.478 @T t=99493 s=0.000 lv=-37.6 pk=-35.1 c0=18.2 c1=17.5 kw=27.49 inf=5.92 iv=1.68 n=4 d=3 sk=0 hf=95760 hm=87204 ht=283156 pf=0 pm=0 pt=0 ru=235788 rp=244344
19:03:14.478 @T t=99599 s=0.000 lv=-39.2 pk=-37.5 c0=14.4 c1=11.8 kw=10.59 inf=3.49 iv=1.75 n=3 d=3 sk=0 hf=95760 hm=87204 ht=283156 pf=0 pm=0 pt=0 ru=235788 rp=244344
19:03:14.478 @T t=99705 s=0.000 lv=-40.0 pk=-38.3 c0=14.3 c1=11.6 kw=10.29 inf=3.33 iv=1.59 n=3 d=3 sk=0 hf=95760 hm=87204 ht=283156 pf=0 pm=0 pt=0 ru=235788 rp=244344
19:03:14.478 @T t=99794 s=0.000 lv=-39.8 pk=-37.9 c0=17.4 c1=16.1 kw=14.17 inf=3.00 iv=1.67 n=4 d=3 sk=0 hf=95760 hm=87204 ht=283156 pf=0 pm=0 pt=0 ru=235788 rp=244344
19:03:14.478 @T t=99900 s=0.000 lv=-39.9 pk=-37.8 c0=15.7 c1=11.8 kw=10.33 inf=3.39 iv=1.63 n=3 d=3 sk=0 hf=95760 hm=87204 ht=283156 pf=0 pm=0 pt=0 ru=235788 rp=244344
19:03:14.478 @T t=99990 s=0.000 lv=-39.9 pk=-38.2 c0=17.1 c1=13.1 kw=12.03 inf=3.35 iv=1.61 n=3 d=3 sk=0 hf=95760 hm=87204 ht=283156 pf=0 pm=0 pt=0 ru=235788 rp=244344
19:03:14.479 @T t=100096 s=0.000 lv=-39.9 pk=-38.6 c0=15.1 c1=13.7 kw=11.95 inf=2.98 iv=1.66 n=4 d=3 sk=0 hf=95760 hm=86004 ht=283156 pf=0 pm=0 pt=0 ru=235788 rp=245544
19:03:14.479 I (100532) stream: stream finished (silence): 1500 ms of audio sent (23 KB)
19:03:14.479 @T t=100202 s=0.000 lv=-40.2 pk=-38.8 c0=13.7 c1=11.5 kw=9.82 inf=3.21 iv=1.51 n=3 d=3 sk=0 hf=95760 hm=86004 ht=283156 pf=0 pm=0 pt=0 ru=235788 rp=245544
19:03:14.479 @I ww=marvin cut=0.50 win=5 cool=1000 tick=100 wifi=1 srv=1 li=0 ln=0
19:03:14.479 @T t=100294 s=0.000 lv=-40.0 pk=-39.2 c0=5.0 c1=10.0 kw=9.84 inf=2.77 iv=1.16 n=3 d=3 sk=0 hf=95760 hm=86004 ht=283156 pf=0 pm=0 pt=0 ru=235788 rp=245544
19:03:14.479 @T t=100400 s=0.000 lv=-40.9 pk=-40.2 c0=3.4 c1=9.5 kw=9.35 inf=2.30 iv=1.11 n=4 d=3 sk=0 hf=95760 hm=86004 ht=283156 pf=0 pm=0 pt=0 ru=235788 rp=245544
19:03:14.479 @T t=100506 s=0.000 lv=-40.1 pk=-39.6 c0=3.4 c1=9.5 kw=8.50 inf=2.72 iv=1.12 n=3 d=3 sk=0 hf=95760 hm=86004 ht=283156 pf=0 pm=0 pt=0 ru=235788 rp=245544
19:03:14.479 @T t=100592 s=0.000 lv=-39.4 pk=-38.9 c0=4.2 c1=9.4 kw=10.26 inf=2.75 iv=1.16 n=3 d=3 sk=0 hf=95760 hm=86004 ht=283156 pf=0 pm=0 pt=0 ru=235788 rp=245544
19:03:16.684 @T t=100698 s=0.000 lv=-39.8 pk=-38.3 c0=3.3 c1=9.4 kw=9.27 inf=2.28 iv=1.09 n=4 d=3 sk=0 hf=95760 hm=86004 ht=283156 pf=0 pm=0 pt=0 ru=235788 rp=245544
19:03:16.684 @T t=100804 s=0.000 lv=-39.9 pk=-39.4 c0=3.3 c1=8.5 kw=8.34 inf=2.71 iv=1.12 n=3 d=3 sk=0 hf=95760 hm=86004 ht=283156 pf=0 pm=0 pt=0 ru=235788 rp=245544
19:03:16.684 @T t=100895 s=0.000 lv=-39.6 pk=-37.6 c0=14.0 c1=10.6 kw=9.46 inf=2.61 iv=1.41 n=2 d=3 sk=1 hf=95756 hm=86004 ht=283156 pf=0 pm=0 pt=0 ru=235792 rp=245544
19:03:16.684 @T t=101001 s=0.000 lv=-40.5 pk=-39.3 c0=3.7 c1=5.1 kw=4.99 inf=1.53 iv=0.00 n=0 d=3 sk=3 hf=95756 hm=86004 ht=283156 pf=0 pm=0 pt=0 ru=235792 rp=245544
19:03:16.684 @T t=101107 s=0.000 lv=-38.6 pk=-35.6 c0=3.8 c1=6.2 kw=6.01 inf=1.38 iv=0.00 n=0 d=3 sk=4 hf=95756 hm=86004 ht=283156 pf=0 pm=0 pt=0 ru=235792 rp=245544
19:03:16.684 @T t=101192 s=0.000 lv=-38.8 pk=-37.8 c0=4.0 c1=5.1 kw=4.96 inf=1.85 iv=0.00 n=0 d=3 sk=2 hf=95756 hm=86004 ht=283156 pf=0 pm=0 pt=0 ru=235792 rp=245544
19:03:16.684 @I ww=marvin cut=0.50 win=5 cool=1000 tick=100 wifi=1 srv=1 li=0 ln=0
19:03:16.684 [status] up 101s | mic -33.9 dBFS (peak -20.0) | score max 1.00 | detections 3 | inferences 234 (23.2/s; model 1.36 ms each, paused in quiet 32%; features 1.49 ms per 30 ms) | CPU core0  8.5% core1  9.6% (wake word pipeline 8.93% of one core) | RAM used 230 KB (peak 239 KB, 93 KB free) | wifi OK, server OK | audio lost since boot: i2s 0 net 0
19:03:16.684 @T t=101297 s=0.000 lv=-40.4 pk=-39.7 c0=7.6 c1=5.2 kw=5.03 inf=1.53 iv=0.00 n=0 d=3 sk=3 hf=95756 hm=86004 ht=283156 pf=0 pm=0 pt=0 ru=235792 rp=245544
19:03:16.684 @T t=101404 s=0.000 lv=-39.9 pk=-37.9 c0=3.1 c1=5.1 kw=4.95 inf=1.52 iv=0.00 n=0 d=3 sk=3 hf=95756 hm=86004 ht=283156 pf=0 pm=0 pt=0 ru=235792 rp=245544
19:03:16.684 @T t=101489 s=0.000 lv=-39.4 pk=-38.3 c0=7.6 c1=6.3 kw=6.12 inf=1.52 iv=0.00 n=0 d=3 sk=3 hf=95756 hm=86004 ht=283156 pf=0 pm=0 pt=0 ru=235792 rp=245544
19:03:16.684 @T t=101595 s=0.000 lv=-39.4 pk=-37.9 c0=3.0 c1=5.1 kw=4.93 inf=1.51 iv=0.00 n=0 d=3 sk=3 hf=95756 hm=86004 ht=283156 pf=0 pm=0 pt=0 ru=235792 rp=245544
19:03:16.684 @T t=101701 s=0.000 lv=-39.6 pk=-38.3 c0=3.0 c1=5.1 kw=4.93 inf=1.51 iv=0.00 n=0 d=3 sk=3 hf=95756 hm=86004 ht=283156 pf=0 pm=0 pt=0 ru=235792 rp=245544
19:03:16.684 @T t=101807 s=0.000 lv=-39.8 pk=-38.7 c0=3.0 c1=6.1 kw=5.89 inf=1.36 iv=0.00 n=0 d=3 sk=4 hf=95756 hm=86004 ht=283156 pf=0 pm=0 pt=0 ru=235792 rp=245544
19:03:16.684 @T t=101894 s=0.000 lv=-39.7 pk=-38.7 c0=4.4 c1=5.0 kw=4.88 inf=1.82 iv=0.00 n=0 d=3 sk=2 hf=95756 hm=86004 ht=283156 pf=0 pm=0 pt=0 ru=235792 rp=245544
19:03:16.684 @T t=102000 s=0.000 lv=-40.8 pk=-39.3 c0=3.1 c1=5.1 kw=4.95 inf=1.52 iv=0.00 n=0 d=3 sk=3 hf=95756 hm=86004 ht=283156 pf=0 pm=0 pt=0 ru=235792 rp=245544
19:03:16.684 I (102393) stream: server: {"type":"response","text":"Let's play some music.","saved":"20260928_190312_427_e072a1d53274_marvin.wav"}
19:03:16.684 @T t=102106 s=0.000 lv=-40.1 pk=-39.1 c0=9.6 c1=7.8 kw=6.08 inf=1.40 iv=0.00 n=0 d=3 sk=4 hf=95760 hm=86004 ht=283156 pf=0 pm=0 pt=0 ru=235788 rp=245544
19:03:16.684 @T t=102192 s=0.000 lv=-40.1 pk=-39.0 c0=4.6 c1=5.1 kw=5.00 inf=1.86 iv=0.00 n=0 d=3 sk=2 hf=95760 hm=86004 ht=283156 pf=0 pm=0 pt=0 ru=235788 rp=245544
19:03:16.684 @I ww=marvin cut=0.50 win=5 cool=1000 tick=100 wifi=1 srv=1 li=0 ln=0
19:03:16.684 @T t=102304 s=0.000 lv=-40.0 pk=-39.0 c0=3.7 c1=4.8 kw=4.66 inf=1.51 iv=0.00 n=0 d=3 sk=3 hf=95760 hm=86004 ht=283156 pf=0 pm=0 pt=0 ru=235788 rp=245544
19:03:16.684 @T t=102409 s=0.000 lv=-39.3 pk=-37.8 c0=5.8 c1=6.2 kw=6.01 inf=1.37 iv=0.00 n=0 d=3 sk=4 hf=95760 hm=86004 ht=283156 pf=0 pm=0 pt=0 ru=235788 rp=245544
19:03:16.684 @T t=102494 s=0.000 lv=-40.2 pk=-39.2 c0=7.8 c1=5.0 kw=4.88 inf=1.82 iv=0.00 n=0 d=3 sk=2 hf=95760 hm=86004 ht=283156 pf=0 pm=0 pt=0 ru=235788 rp=245544
19:03:16.684 @T t=102600 s=0.000 lv=-40.1 pk=-37.8 c0=3.0 c1=5.1 kw=4.93 inf=1.51 iv=0.00 n=0 d=3 sk=3 hf=95760 hm=86004 ht=283156 pf=0 pm=0 pt=0 ru=235788 rp=245544
19:03:16.684 @T t=102706 s=0.000 lv=-39.2 pk=-38.5 c0=3.0 c1=6.1 kw=5.93 inf=1.37 iv=0.00 n=0 d=3 sk=4 hf=95760 hm=86004 ht=283156 pf=0 pm=0 pt=0 ru=235788 rp=245544
19:03:16.684 @T t=102792 s=0.000 lv=-40.9 pk=-40.0 c0=3.6 c1=5.0 kw=4.84 inf=1.80 iv=0.00 n=0 d=3 sk=2 hf=95760 hm=86004 ht=283156 pf=0 pm=0 pt=0 ru=235788 rp=245544
19:03:19.078 @T t=102899 s=0.000 lv=-40.8 pk=-39.0 c0=3.1 c1=5.1 kw=4.96 inf=1.52 iv=0.00 n=0 d=3 sk=3 hf=95760 hm=86004 ht=283156 pf=0 pm=0 pt=0 ru=235788 rp=245544
19:03:19.078 @T t=103004 s=0.000 lv=-39.9 pk=-39.4 c0=3.0 c1=5.1 kw=5.06 inf=1.51 iv=0.00 n=0 d=3 sk=3 hf=95760 hm=86004 ht=283156 pf=0 pm=0 pt=0 ru=235788 rp=245544
19:03:19.078 @T t=103091 s=0.000 lv=-38.7 pk=-37.2 c0=8.4 c1=7.4 kw=6.24 inf=1.60 iv=0.00 n=0 d=3 sk=3 hf=95756 hm=86004 ht=283156 pf=0 pm=0 pt=0 ru=235792 rp=245544
19:03:19.078 @T t=103197 s=0.000 lv=-30.6 pk=-27.1 c0=6.6 c1=15.3 kw=15.18 inf=1.28 iv=0.96 n=11 d=3 sk=1 hf=95756 hm=86004 ht=283156 pf=0 pm=0 pt=0 ru=235792 rp=245544
19:03:19.078 @I ww=marvin cut=0.50 win=5 cool=1000 tick=100 wifi=1 srv=1 li=0 ln=0
19:03:19.078 @T t=103309 s=0.000 lv=-22.5 pk=-20.4 c0=4.3 c1=10.3 kw=10.11 inf=2.61 iv=1.15 n=4 d=3 sk=0 hf=95756 hm=86004 ht=283156 pf=0 pm=0 pt=0 ru=235792 rp=245544
19:03:19.078 @T t=103395 s=0.000 lv=-34.5 pk=-29.9 c0=4.3 c1=9.3 kw=9.17 inf=2.44 iv=1.16 n=3 d=3 sk=0 hf=95756 hm=86004 ht=283156 pf=0 pm=0 pt=0 ru=235792 rp=245544
19:03:19.078 @T t=103501 s=0.000 lv=-35.6 pk=-32.6 c0=3.4 c1=8.8 kw=8.58 inf=2.79 iv=1.20 n=3 d=3 sk=0 hf=95756 hm=86004 ht=283156 pf=0 pm=0 pt=0 ru=235792 rp=245544
19:03:19.078 @T t=103607 s=0.002 lv=-40.2 pk=-39.2 c0=3.5 c1=11.0 kw=10.79 inf=2.64 iv=1.19 n=4 d=3 sk=0 hf=95756 hm=86004 ht=283156 pf=0 pm=0 pt=0 ru=235792 rp=245544
19:03:19.078 @T t=103693 s=0.117 lv=-41.4 pk=-40.6 c0=4.2 c1=9.5 kw=9.36 inf=2.49 iv=1.20 n=3 d=3 sk=0 hf=95756 hm=86004 ht=283156 pf=0 pm=0 pt=0 ru=235792 rp=245544
19:03:19.078 I (104149) kws: >>> WAKE WORD "marvin" DETECTED  (score 0.57, t = 103.77 s)
19:03:19.078 I (104169) stream: first audio sent 19 ms after the detection
19:03:19.078 @T t=103799 s=0.572 lv=-40.9 pk=-40.1 c0=9.5 c1=10.7 kw=8.75 inf=2.84 iv=1.21 n=3 d=4 sk=0 hf=95756 hm=86004 ht=283156 pf=0 pm=0 pt=0 ru=235792 rp=245544
19:03:19.078 @T t=103890 s=0.668 lv=-40.2 pk=-39.4 c0=17.9 c1=16.1 kw=14.37 inf=3.08 iv=1.75 n=4 d=4 sk=0 hf=95756 hm=86004 ht=283156 pf=0 pm=0 pt=0 ru=235792 rp=245544
19:03:19.078 @T t=103996 s=0.809 lv=-37.1 pk=-34.5 c0=14.7 c1=11.7 kw=10.24 inf=3.37 iv=1.61 n=3 d=4 sk=0 hf=95756 hm=86004 ht=283156 pf=0 pm=0 pt=0 ru=235792 rp=245544
19:03:19.078 @T t=104102 s=0.648 lv=-33.7 pk=-31.3 c0=15.6 c1=12.1 kw=10.58 inf=3.48 iv=1.72 n=3 d=4 sk=0 hf=95756 hm=86004 ht=283156 pf=0 pm=0 pt=0 ru=235792 rp=245544
19:03:19.078 @T t=104191 s=0.536 lv=-31.9 pk=-29.1 c0=17.7 c1=16.2 kw=14.34 inf=3.00 iv=1.67 n=4 d=4 sk=0 hf=95756 hm=86004 ht=283156 pf=0 pm=0 pt=0 ru=235792 rp=245544
19:03:19.078 @I ww=marvin cut=0.50 win=5 cool=1000 tick=100 wifi=1 srv=1 li=0 ln=0
19:03:19.078 @T t=104302 s=0.097 lv=-34.9 pk=-32.9 c0=14.8 c1=11.3 kw=9.97 inf=3.43 iv=1.67 n=3 d=4 sk=0 hf=95756 hm=86004 ht=283156 pf=0 pm=0 pt=0 ru=235792 rp=245544
19:03:19.078 I (104729) wake_word: score event: peak 0.81 over 510 ms -> detected
19:03:19.078 @T t=104390 s=0.033 lv=-29.0 pk=-27.3 c0=19.9 c1=16.2 kw=14.81 inf=4.09 iv=1.77 n=3 d=4 sk=0 hf=95756 hm=86004 ht=283156 pf=0 pm=0 pt=0 ru=235792 rp=245544
19:03:19.078 @T t=104496 s=0.003 lv=-23.3 pk=-20.5 c0=14.3 c1=12.9 kw=11.31 inf=2.81 iv=1.45 n=4 d=4 sk=0 hf=95756 hm=86004 ht=283156 pf=0 pm=0 pt=0 ru=235792 rp=245544
19:03:19.078 @T t=104602 s=0.000 lv=-24.6 pk=-21.6 c0=17.3 c1=11.1 kw=9.70 inf=3.17 iv=1.43 n=3 d=4 sk=0 hf=95756 hm=86004 ht=283156 pf=0 pm=0 pt=0 ru=235792 rp=245544
19:03:19.078 @T t=104691 s=0.000 lv=-38.2 pk=-35.0 c0=16.6 c1=13.2 kw=11.57 inf=3.18 iv=1.43 n=3 d=4 sk=0 hf=95756 hm=86004 ht=283156 pf=0 pm=0 pt=0 ru=235792 rp=245544
19:03:19.078 @T t=104797 s=0.000 lv=-33.4 pk=-30.2 c0=16.7 c1=12.5 kw=11.05 inf=2.74 iv=1.43 n=4 d=4 sk=0 hf=95756 hm=86004 ht=283156 pf=0 pm=0 pt=0 ru=235792 rp=245544
19:03:19.078 @T t=104903 s=0.000 lv=-35.7 pk=-33.8 c0=14.8 c1=11.6 kw=10.21 inf=3.35 iv=1.61 n=3 d=4 sk=0 hf=95756 hm=86004 ht=283156 pf=0 pm=0 pt=0 ru=235792 rp=245544
19:03:19.078 @T t=104992 s=0.000 lv=-32.5 pk=-29.6 c0=16.7 c1=13.3 kw=11.64 inf=3.20 iv=1.44 n=3 d=4 sk=0 hf=95756 hm=86004 ht=283156 pf=0 pm=0 pt=0 ru=235792 rp=245544
19:03:19.078 @T t=105098 s=0.000 lv=-31.8 pk=-27.3 c0=17.9 c1=13.5 kw=11.85 inf=2.95 iv=1.58 n=4 d=4 sk=0 hf=95760 hm=86004 ht=283156 pf=0 pm=0 pt=0 ru=235788 rp=245544
19:03:19.078 @T t=105204 s=0.000 lv=-35.7 pk=-32.7 c0=15.0 c1=11.6 kw=10.22 inf=3.36 iv=1.60 n=3 d=4 sk=0 hf=95760 hm=86004 ht=283156 pf=0 pm=0 pt=0 ru=235788 rp=245544
19:03:19.078 @I ww=marvin cut=0.50 win=5 cool=1000 tick=100 wifi=1 srv=1 li=0 ln=0
19:03:21.470 @T t=105298 s=0.000 lv=-40.0 pk=-39.3 c0=18.3 c1=13.9 kw=12.28 inf=3.58 iv=1.81 n=3 d=4 sk=0 hf=95760 hm=86004 ht=283156 pf=0 pm=0 pt=0 ru=235788 rp=245544
19:03:21.470 @T t=105404 s=0.000 lv=-40.1 pk=-39.1 c0=15.0 c1=13.1 kw=11.51 inf=2.86 iv=1.55 n=4 d=4 sk=0 hf=95760 hm=86004 ht=283156 pf=0 pm=0 pt=0 ru=235788 rp=245544
19:03:21.470 @T t=105493 s=0.000 lv=-40.5 pk=-39.5 c0=17.2 c1=14.0 kw=12.20 inf=3.36 iv=1.58 n=3 d=4 sk=0 hf=95760 hm=86004 ht=283156 pf=0 pm=0 pt=0 ru=235788 rp=245544
19:03:21.470 @T t=105599 s=0.000 lv=-40.5 pk=-39.9 c0=15.1 c1=11.7 kw=10.33 inf=3.39 iv=1.65 n=3 d=4 sk=0 hf=95760 hm=86004 ht=283156 pf=0 pm=0 pt=0 ru=235788 rp=245544
19:03:21.470 @T t=105691 s=0.000 lv=-40.9 pk=-40.1 c0=17.0 c1=14.8 kw=13.23 inf=2.86 iv=1.54 n=4 d=4 sk=0 hf=92124 hm=86004 ht=283156 pf=0 pm=0 pt=0 ru=239424 rp=245544
19:03:21.470 I (106114) stream: stream finished (silence): 1960 ms of audio sent (30 KB)
19:03:21.470 @T t=105800 s=0.000 lv=-40.5 pk=-39.6 c0=10.5 c1=10.2 kw=8.89 inf=2.98 iv=1.30 n=3 d=4 sk=0 hf=95760 hm=86004 ht=283156 pf=0 pm=0 pt=0 ru=235788 rp=245544
19:03:21.470 @T t=105909 s=0.000 lv=-40.5 pk=-38.1 c0=3.5 c1=10.4 kw=10.20 inf=2.56 iv=1.13 n=4 d=4 sk=0 hf=95760 hm=86004 ht=283156 pf=0 pm=0 pt=0 ru=235788 rp=245544
19:03:21.470 @T t=105995 s=0.000 lv=-40.0 pk=-39.3 c0=4.0 c1=9.1 kw=8.93 inf=2.37 iv=1.11 n=3 d=4 sk=0 hf=95760 hm=86004 ht=283156 pf=0 pm=0 pt=0 ru=235788 rp=245544
19:03:21.470 @T t=106101 s=0.000 lv=-40.6 pk=-39.1 c0=4.0 c1=8.8 kw=8.56 inf=2.78 iv=1.17 n=3 d=4 sk=0 hf=95760 hm=86004 ht=283156 pf=0 pm=0 pt=0 ru=235788 rp=245544
19:03:21.470 @T t=106208 s=0.000 lv=-41.0 pk=-39.2 c0=3.4 c1=10.5 kw=10.28 inf=2.53 iv=1.12 n=4 d=4 sk=0 hf=95760 hm=86004 ht=283156 pf=0 pm=0 pt=0 ru=235788 rp=245544
19:03:21.470 @I ww=marvin cut=0.50 win=5 cool=1000 tick=100 wifi=1 srv=1 li=0 ln=0
19:03:21.470 @T t=106299 s=0.000 lv=-41.2 pk=-40.4 c0=13.0 c1=8.7 kw=8.49 inf=2.38 iv=1.11 n=3 d=4 sk=0 hf=95760 hm=86004 ht=283156 pf=0 pm=0 pt=0 ru=235788 rp=245544
19:03:21.470 @T t=106405 s=0.000 lv=-40.4 pk=-39.6 c0=3.4 c1=8.6 kw=8.47 inf=2.71 iv=1.12 n=3 d=4 sk=0 hf=95760 hm=86004 ht=283156 pf=0 pm=0 pt=0 ru=235788 rp=245544
19:03:21.470 @T t=106494 s=0.000 lv=-38.9 pk=-37.6 c0=10.8 c1=10.5 kw=10.22 inf=2.84 iv=1.20 n=3 d=4 sk=0 hf=95760 hm=86004 ht=283156 pf=0 pm=0 pt=0 ru=235788 rp=245544
19:03:21.470 @T t=106600 s=0.000 lv=-40.9 pk=-40.0 c0=3.4 c1=9.5 kw=9.31 inf=2.29 iv=1.10 n=4 d=4 sk=0 hf=95760 hm=86004 ht=283156 pf=0 pm=0 pt=0 ru=235788 rp=245544
19:03:21.470 @T t=106706 s=0.000 lv=-40.8 pk=-40.3 c0=3.8 c1=9.9 kw=8.87 inf=2.85 iv=1.22 n=3 d=4 sk=0 hf=95760 hm=86004 ht=283156 pf=0 pm=0 pt=0 ru=235788 rp=245544
19:03:21.470 @T t=106791 s=0.000 lv=-39.9 pk=-39.2 c0=4.1 c1=6.5 kw=7.42 inf=1.94 iv=1.19 n=1 d=4 sk=2 hf=95760 hm=86004 ht=283156 pf=0 pm=0 pt=0 ru=235788 rp=245544
19:03:21.470 @T t=106898 s=0.000 lv=-39.7 pk=-38.4 c0=3.2 c1=5.1 kw=4.91 inf=1.50 iv=0.00 n=0 d=4 sk=3 hf=95760 hm=86004 ht=283156 pf=0 pm=0 pt=0 ru=235788 rp=245544
19:03:21.470 @T t=107003 s=0.000 lv=-39.7 pk=-38.5 c0=3.0 c1=5.1 kw=4.95 inf=1.52 iv=0.00 n=0 d=4 sk=3 hf=95760 hm=86004 ht=283156 pf=0 pm=0 pt=0 ru=235788 rp=245544
19:03:21.471 @T t=107109 s=0.000 lv=-39.3 pk=-38.1 c0=9.5 c1=6.8 kw=6.25 inf=1.42 iv=0.00 n=0 d=4 sk=4 hf=95756 hm=86004 ht=283156 pf=0 pm=0 pt=0 ru=235792 rp=245544
19:03:21.471 @T t=107194 s=0.000 lv=-39.0 pk=-38.0 c0=4.1 c1=5.0 kw=4.95 inf=1.85 iv=0.00 n=0 d=4 sk=2 hf=95756 hm=86004 ht=283156 pf=0 pm=0 pt=0 ru=235792 rp=245544
19:03:21.471 @I ww=marvin cut=0.50 win=5 cool=1000 tick=100 wifi=1 srv=1 li=0 ln=0
19:03:21.471 @T t=107306 s=0.000 lv=-39.8 pk=-37.4 c0=3.6 c1=5.8 kw=5.58 inf=1.36 iv=0.00 n=0 d=4 sk=4 hf=95756 hm=86004 ht=283156 pf=0 pm=0 pt=0 ru=235792 rp=245544
19:03:21.471 @T t=107392 s=0.000 lv=-39.5 pk=-38.4 c0=3.8 c1=5.0 kw=4.87 inf=1.82 iv=0.00 n=0 d=4 sk=2 hf=95756 hm=86004 ht=283156 pf=0 pm=0 pt=0 ru=235792 rp=245544
19:03:21.471 @T t=107498 s=0.000 lv=-39.7 pk=-37.5 c0=3.0 c1=5.0 kw=4.90 inf=1.50 iv=0.00 n=0 d=4 sk=3 hf=95756 hm=86004 ht=283156 pf=0 pm=0 pt=0 ru=235792 rp=245544
19:03:21.471 I (107975) stream: server: {"type":"response","text":"Send an alarm for 7.","saved":"20260928_190317_544_e072a1d53274_marvin.wav"}
19:03:21.471 @T t=107605 s=0.000 lv=-39.8 pk=-38.3 c0=10.0 c1=5.5 kw=5.10 inf=1.52 iv=0.00 n=0 d=4 sk=3 hf=95760 hm=86004 ht=283156 pf=0 pm=0 pt=0 ru=235788 rp=245544
19:03:23.775 @T t=107690 s=0.000 lv=-38.4 pk=-36.8 c0=4.0 c1=6.5 kw=6.27 inf=1.61 iv=0.00 n=0 d=4 sk=3 hf=95760 hm=86004 ht=283156 pf=0 pm=0 pt=0 ru=235788 rp=245544
19:03:23.775 @T t=107797 s=0.000 lv=-38.5 pk=-37.5 c0=3.3 c1=5.1 kw=4.95 inf=1.52 iv=0.00 n=0 d=4 sk=3 hf=95760 hm=86004 ht=283156 pf=0 pm=0 pt=0 ru=235788 rp=245544
19:03:23.775 I (108200) wifi:[ADDBA]RX DELBA, reason:37, delete tid:0, initiator:1(originator)
19:03:23.775 @T t=107903 s=0.000 lv=-39.3 pk=-37.2 c0=5.6 c1=5.3 kw=5.08 inf=1.56 iv=0.00 n=0 d=4 sk=3 hf=95760 hm=86004 ht=283156 pf=0 pm=0 pt=0 ru=235788 rp=245544
19:03:23.775 @T t=108008 s=0.000 lv=-39.0 pk=-37.9 c0=3.2 c1=6.1 kw=5.96 inf=1.37 iv=0.00 n=0 d=4 sk=4 hf=95760 hm=86004 ht=283156 pf=0 pm=0 pt=0 ru=235788 rp=245544
19:03:23.775 @T t=108095 s=0.000 lv=-40.7 pk=-40.0 c0=3.8 c1=5.0 kw=4.88 inf=1.82 iv=0.00 n=0 d=4 sk=2 hf=95760 hm=86004 ht=283156 pf=0 pm=0 pt=0 ru=235788 rp=245544
19:03:23.775 @T t=108201 s=0.000 lv=-37.1 pk=-33.7 c0=3.1 c1=15.3 kw=15.12 inf=1.28 iv=0.97 n=11 d=4 sk=1 hf=95760 hm=86004 ht=283156 pf=0 pm=0 pt=0 ru=235788 rp=245544
19:03:23.775 @I ww=marvin cut=0.50 win=5 cool=1000 tick=100 wifi=1 srv=1 li=0 ln=0
19:03:23.775 @T t=108293 s=0.000 lv=-39.9 pk=-39.4 c0=5.0 c1=11.3 kw=11.03 inf=2.35 iv=1.15 n=4 d=4 sk=0 hf=95760 hm=86004 ht=283156 pf=0 pm=0 pt=0 ru=235788 rp=245544
19:03:23.775 @T t=108399 s=0.000 lv=-39.8 pk=-39.0 c0=3.4 c1=8.6 kw=8.40 inf=2.73 iv=1.14 n=3 d=4 sk=0 hf=95760 hm=86004 ht=283156 pf=0 pm=0 pt=0 ru=235788 rp=245544
19:03:23.775 @T t=108505 s=0.000 lv=-31.0 pk=-25.9 c0=3.4 c1=8.6 kw=8.54 inf=2.73 iv=1.14 n=3 d=4 sk=0 hf=95760 hm=86004 ht=283156 pf=0 pm=0 pt=0 ru=235788 rp=245544
19:03:23.775 @T t=108593 s=0.000 lv=-23.8 pk=-22.4 c0=3.9 c1=11.9 kw=11.59 inf=2.40 iv=1.21 n=4 d=4 sk=0 hf=95760 hm=86004 ht=283156 pf=0 pm=0 pt=0 ru=235788 rp=245544
19:03:23.776 @T t=108699 s=0.002 lv=-33.7 pk=-29.7 c0=3.9 c1=8.7 kw=8.50 inf=2.76 iv=1.18 n=3 d=4 sk=0 hf=95760 hm=86004 ht=283156 pf=0 pm=0 pt=0 ru=235788 rp=245544
19:03:23.776 @T t=108805 s=0.095 lv=-37.9 pk=-35.8 c0=3.4 c1=8.8 kw=8.70 inf=2.79 iv=1.19 n=3 d=4 sk=0 hf=95760 hm=86004 ht=283156 pf=0 pm=0 pt=0 ru=235788 rp=245544
19:03:23.776 I (109269) kws: >>> WAKE WORD "marvin" DETECTED  (score 0.59, t = 108.89 s)
19:03:23.776 @T t=108891 s=0.586 lv=-40.5 pk=-39.8 c0=8.3 c1=13.9 kw=12.60 inf=2.57 iv=1.35 n=4 d=5 sk=0 hf=90856 hm=86004 ht=283156 pf=0 pm=0 pt=0 ru=240692 rp=245544
19:03:23.776 I (109290) stream: first audio sent 19 ms after the detection
19:03:23.776 @T t=109000 s=0.598 lv=-39.3 pk=-37.4 c0=15.1 c1=12.3 kw=9.98 inf=3.36 iv=1.60 n=3 d=5 sk=0 hf=95760 hm=86004 ht=283156 pf=0 pm=0 pt=0 ru=235788 rp=245544
19:03:23.776 @T t=109091 s=0.996 lv=-20.6 pk=-18.3 c0=17.3 c1=13.9 kw=12.64 inf=3.58 iv=1.72 n=3 d=5 sk=0 hf=92124 hm=86004 ht=283156 pf=0 pm=0 pt=0 ru=239424 rp=245544
19:03:23.776 @T t=109196 s=0.993 lv=-25.5 pk=-22.7 c0=15.4 c1=13.9 kw=12.15 inf=3.00 iv=1.67 n=4 d=5 sk=0 hf=95760 hm=86004 ht=283156 pf=0 pm=0 pt=0 ru=235788 rp=245544
19:03:23.776 @I ww=marvin cut=0.50 win=5 cool=1000 tick=100 wifi=1 srv=1 li=0 ln=0
19:03:23.776 @T t=109291 s=0.941 lv=-27.1 pk=-22.4 c0=17.0 c1=12.9 kw=11.61 inf=3.42 iv=1.66 n=3 d=5 sk=0 hf=91920 hm=86004 ht=283156 pf=0 pm=0 pt=0 ru=239628 rp=245544
19:03:23.776 @T t=109400 s=0.709 lv=-27.4 pk=-24.0 c0=15.2 c1=12.4 kw=10.81 inf=3.67 iv=1.90 n=3 d=5 sk=0 hf=95760 hm=86004 ht=283156 pf=0 pm=0 pt=0 ru=235788 rp=245544
19:03:23.776 @T t=109490 s=0.443 lv=-37.3 pk=-36.1 c0=17.8 c1=16.0 kw=14.55 inf=3.08 iv=1.76 n=4 d=5 sk=0 hf=91920 hm=86004 ht=283156 pf=0 pm=0 pt=0 ru=239628 rp=245544
19:03:23.776 @T t=109596 s=0.122 lv=-39.0 pk=-38.2 c0=14.2 c1=11.5 kw=9.86 inf=3.23 iv=1.49 n=3 d=5 sk=0 hf=95760 hm=86004 ht=283156 pf=0 pm=0 pt=0 ru=235788 rp=245544
19:03:23.776 I (110049) wake_word: score event: peak 1.00 over 720 ms -> detected
19:03:23.776 @T t=109703 s=0.017 lv=-40.4 pk=-39.4 c0=17.3 c1=12.9 kw=10.88 inf=3.62 iv=1.48 n=3 d=5 sk=0 hf=95756 hm=86004 ht=283156 pf=0 pm=0 pt=0 ru=235792 rp=245544
19:03:23.776 @T t=109791 s=0.001 lv=-40.0 pk=-38.9 c0=17.3 c1=15.0 kw=13.37 inf=2.75 iv=1.43 n=4 d=5 sk=0 hf=93972 hm=86004 ht=283156 pf=0 pm=0 pt=0 ru=237576 rp=245544
19:03:23.776 @T t=109898 s=0.000 lv=-39.8 pk=-37.7 c0=17.3 c1=11.0 kw=9.62 inf=3.17 iv=1.43 n=3 d=5 sk=0 hf=92636 hm=86004 ht=283156 pf=0 pm=0 pt=0 ru=239428 rp=245544
19:03:25.996 @T t=109990 s=0.000 lv=-37.9 pk=-35.5 c0=16.3 c1=13.2 kw=11.33 inf=3.22 iv=1.45 n=3 d=5 sk=0 hf=95756 hm=86004 ht=283156 pf=0 pm=0 pt=0 ru=235792 rp=245544
19:03:25.996 @T t=110096 s=0.000 lv=-38.7 pk=-36.8 c0=15.0 c1=13.0 kw=11.56 inf=2.87 iv=1.50 n=4 d=5 sk=0 hf=95756 hm=86004 ht=283156 pf=0 pm=0 pt=0 ru=235792 rp=245544
19:03:25.996 @T t=110202 s=0.000 lv=-39.4 pk=-38.8 c0=17.2 c1=11.3 kw=9.86 inf=3.23 iv=1.44 n=3 d=5 sk=0 hf=95756 hm=86004 ht=283156 pf=0 pm=0 pt=0 ru=235792 rp=245544
19:03:25.996 @I ww=marvin cut=0.50 win=5 cool=1000 tick=100 wifi=1 srv=1 li=0 ln=0
19:03:25.996 @T t=110293 s=0.000 lv=-39.4 pk=-36.5 c0=17.9 c1=13.4 kw=11.81 inf=3.33 iv=1.57 n=3 d=5 sk=0 hf=95756 hm=86004 ht=283156 pf=0 pm=0 pt=0 ru=235792 rp=245544
19:03:25.996 I (110773) stream: stream finished (silence): 1500 ms of audio sent (23 KB)
19:03:25.996 @T t=110399 s=0.000 lv=-39.0 pk=-36.8 c0=21.4 c1=13.7 kw=12.03 inf=3.00 iv=1.64 n=4 d=5 sk=0 hf=95756 hm=86004 ht=283156 pf=0 pm=0 pt=0 ru=235792 rp=245544
19:03:25.996 @T t=110505 s=0.000 lv=-39.6 pk=-38.4 c0=6.6 c1=8.6 kw=8.56 inf=2.74 iv=1.14 n=3 d=5 sk=0 hf=95756 hm=86004 ht=283156 pf=0 pm=0 pt=0 ru=235792 rp=245544
19:03:25.996 @T t=110591 s=0.000 lv=-40.5 pk=-39.8 c0=4.3 c1=10.7 kw=10.44 inf=2.80 iv=1.17 n=3 d=5 sk=0 hf=95756 hm=86004 ht=283156 pf=0 pm=0 pt=0 ru=235792 rp=245544
19:03:25.996 @T t=110697 s=0.000 lv=-39.3 pk=-38.6 c0=3.9 c1=9.7 kw=9.51 inf=2.34 iv=1.14 n=4 d=5 sk=0 hf=95756 hm=86004 ht=283156 pf=0 pm=0 pt=0 ru=235792 rp=245544
19:03:25.996 @T t=110803 s=0.000 lv=-38.5 pk=-37.7 c0=3.3 c1=8.5 kw=8.29 inf=2.69 iv=1.11 n=3 d=5 sk=0 hf=95756 hm=86004 ht=283156 pf=0 pm=0 pt=0 ru=235792 rp=245544
19:03:25.996 @T t=110909 s=0.000 lv=-39.0 pk=-37.7 c0=3.6 c1=10.8 kw=10.55 inf=2.58 iv=1.13 n=4 d=5 sk=0 hf=95756 hm=86004 ht=283156 pf=0 pm=0 pt=0 ru=235792 rp=245544
19:03:25.996 @T t=110995 s=0.000 lv=-39.6 pk=-37.3 c0=4.1 c1=6.8 kw=6.62 inf=1.71 iv=1.36 n=1 d=5 sk=2 hf=95756 hm=86004 ht=283156 pf=0 pm=0 pt=0 ru=235792 rp=245544
19:03:25.996 @T t=111101 s=0.000 lv=-40.0 pk=-38.8 c0=3.4 c1=5.1 kw=4.99 inf=1.53 iv=0.00 n=0 d=5 sk=3 hf=95756 hm=86004 ht=283156 pf=0 pm=0 pt=0 ru=235792 rp=245544
19:03:25.996 @T t=111207 s=0.000 lv=-38.9 pk=-37.9 c0=3.4 c1=6.2 kw=5.98 inf=1.38 iv=0.00 n=0 d=5 sk=4 hf=95756 hm=86004 ht=283156 pf=0 pm=0 pt=0 ru=235792 rp=245544
19:03:25.996 @I ww=marvin cut=0.50 win=5 cool=1000 tick=100 wifi=1 srv=1 li=0 ln=0
19:03:25.997 [status] up 111s | mic -33.1 dBFS (peak -18.3) | score max 1.00 | detections 5 | inferences 232 (23.2/s; model 1.36 ms each, paused in quiet 32%; features 1.45 ms per 30 ms) | CPU core0  8.8% core1  9.6% (wake word pipeline 8.80% of one core) | RAM used 230 KB (peak 239 KB, 93 KB free) | wifi OK, server OK | audio lost since boot: i2s 0 net 0
19:03:25.997 @T t=111292 s=0.000 lv=-38.6 pk=-36.4 c0=9.8 c1=5.2 kw=5.04 inf=1.86 iv=0.00 n=0 d=5 sk=2 hf=95756 hm=86004 ht=283156 pf=0 pm=0 pt=0 ru=235792 rp=245544
19:03:25.997 @T t=111397 s=0.000 lv=-40.4 pk=-39.2 c0=3.2 c1=5.1 kw=4.94 inf=1.51 iv=0.00 n=0 d=5 sk=3 hf=95756 hm=86004 ht=283156 pf=0 pm=0 pt=0 ru=235792 rp=245544
19:03:25.997 @T t=111504 s=0.000 lv=-39.1 pk=-38.7 c0=3.0 c1=5.1 kw=4.92 inf=1.51 iv=0.00 n=0 d=5 sk=3 hf=95756 hm=86004 ht=283156 pf=0 pm=0 pt=0 ru=235792 rp=245544
19:03:25.997 @T t=111609 s=0.000 lv=-39.4 pk=-37.4 c0=4.8 c1=6.2 kw=5.99 inf=1.36 iv=0.00 n=0 d=5 sk=4 hf=93972 hm=86004 ht=283156 pf=0 pm=0 pt=0 ru=237576 rp=245544
19:03:25.997 I (112073) wifi:[ADDBA]RX DELBA, reason:37, delete tid:0, initiator:1(originator)
19:03:25.997 @T t=111697 s=0.000 lv=-39.1 pk=-38.8 c0=8.3 c1=5.6 kw=4.91 inf=1.88 iv=0.00 n=0 d=5 sk=2 hf=95760 hm=86004 ht=283156 pf=0 pm=0 pt=0 ru=235788 rp=245544
19:03:25.997 @T t=111801 s=0.000 lv=-40.4 pk=-39.6 c0=3.0 c1=5.2 kw=5.08 inf=1.54 iv=0.00 n=0 d=5 sk=3 hf=95760 hm=86004 ht=283156 pf=0 pm=0 pt=0 ru=235788 rp=245544
19:03:25.997 @T t=111908 s=0.000 lv=-39.4 pk=-37.7 c0=3.6 c1=6.1 kw=5.93 inf=1.36 iv=0.00 n=0 d=5 sk=4 hf=95760 hm=86004 ht=283156 pf=0 pm=0 pt=0 ru=235788 rp=245544
19:03:25.997 @T t=111994 s=0.000 lv=-40.1 pk=-38.9 c0=4.0 c1=5.1 kw=4.96 inf=1.85 iv=0.00 n=0 d=5 sk=2 hf=95760 hm=86004 ht=283156 pf=0 pm=0 pt=0 ru=235788 rp=245544
19:03:25.997 @T t=112100 s=0.000 lv=-40.1 pk=-39.4 c0=3.1 c1=5.1 kw=4.93 inf=1.51 iv=0.00 n=0 d=5 sk=3 hf=95760 hm=86004 ht=283156 pf=0 pm=0 pt=0 ru=235788 rp=245544
19:03:25.997 @T t=112205 s=0.000 lv=-39.7 pk=-38.3 c0=3.2 c1=6.1 kw=5.96 inf=1.37 iv=0.00 n=0 d=5 sk=4 hf=95760 hm=86004 ht=283156 pf=0 pm=0 pt=0 ru=235788 rp=245544
19:03:28.287 @I ww=marvin cut=0.50 win=5 cool=1000 tick=100 wifi=1 srv=1 li=0 ln=0
19:03:28.287 I (112604) stream: server: {"type":"response","text":"Call my mother.","saved":"20260928_190322_663_e072a1d53274_marvin.wav"}
19:03:28.287 @T t=112298 s=0.000 lv=-40.2 pk=-39.4 c0=8.0 c1=6.3 kw=4.67 inf=1.86 iv=0.00 n=0 d=5 sk=2 hf=95756 hm=86004 ht=283156 pf=0 pm=0 pt=0 ru=235792 rp=245544
19:03:28.287 @T t=112404 s=0.000 lv=-39.3 pk=-37.6 c0=4.0 c1=5.2 kw=5.04 inf=1.55 iv=0.00 n=0 d=5 sk=3 hf=95756 hm=86004 ht=283156 pf=0 pm=0 pt=0 ru=235792 rp=245544
19:03:28.287 @T t=112489 s=0.000 lv=-40.2 pk=-39.1 c0=3.9 c1=6.4 kw=6.23 inf=1.55 iv=0.00 n=0 d=5 sk=3 hf=95756 hm=86004 ht=283156 pf=0 pm=0 pt=0 ru=235792 rp=245544
19:03:28.287 @T t=112595 s=0.000 lv=-41.1 pk=-39.8 c0=3.0 c1=5.0 kw=4.91 inf=1.51 iv=0.00 n=0 d=5 sk=3 hf=95756 hm=86004 ht=283156 pf=0 pm=0 pt=0 ru=235792 rp=245544
19:03:28.287 @T t=112701 s=0.000 lv=-38.1 pk=-35.3 c0=3.0 c1=5.1 kw=4.91 inf=1.51 iv=0.00 n=0 d=5 sk=3 hf=95756 hm=86004 ht=283156 pf=0 pm=0 pt=0 ru=235792 rp=245544
19:03:28.287 @T t=112807 s=0.000 lv=-40.5 pk=-39.7 c0=3.0 c1=6.0 kw=5.88 inf=1.35 iv=0.00 n=0 d=5 sk=4 hf=95756 hm=86004 ht=283156 pf=0 pm=0 pt=0 ru=235792 rp=245544
19:03:28.287 @T t=112894 s=0.000 lv=-38.8 pk=-37.9 c0=3.8 c1=5.1 kw=4.90 inf=1.83 iv=0.00 n=0 d=5 sk=2 hf=95756 hm=86004 ht=283156 pf=0 pm=0 pt=0 ru=235792 rp=245544
19:03:28.287 @T t=112999 s=0.000 lv=-39.1 pk=-38.6 c0=3.0 c1=5.0 kw=4.91 inf=1.50 iv=0.00 n=0 d=5 sk=3 hf=95756 hm=86004 ht=283156 pf=0 pm=0 pt=0 ru=235792 rp=245544
19:03:28.287 @T t=113106 s=0.000 lv=-37.2 pk=-32.1 c0=3.2 c1=6.1 kw=5.07 inf=1.51 iv=0.00 n=0 d=5 sk=3 hf=95756 hm=86004 ht=283156 pf=0 pm=0 pt=0 ru=235792 rp=245544
19:03:28.287 @T t=113195 s=0.000 lv=-22.0 pk=-20.2 c0=10.7 c1=20.4 kw=21.28 inf=1.41 iv=1.04 n=13 d=5 sk=0 hf=95756 hm=86004 ht=283156 pf=0 pm=0 pt=0 ru=235792 rp=245544
19:03:28.287 @I ww=marvin cut=0.50 win=5 cool=1000 tick=100 wifi=1 srv=1 li=0 ln=0
19:03:28.287 @T t=113307 s=0.000 lv=-27.3 pk=-21.5 c0=4.4 c1=10.1 kw=9.94 inf=2.57 iv=1.14 n=4 d=5 sk=0 hf=95756 hm=86004 ht=283156 pf=0 pm=0 pt=0 ru=235792 rp=245544
19:03:28.287 @T t=113393 s=0.000 lv=-35.5 pk=-32.1 c0=4.8 c1=8.4 kw=8.18 inf=3.23 iv=1.24 n=2 d=5 sk=0 hf=95756 hm=86004 ht=283156 pf=0 pm=0 pt=0 ru=235792 rp=245544
19:03:28.287 @T t=113499 s=0.004 lv=-39.1 pk=-37.4 c0=3.4 c1=9.8 kw=9.64 inf=2.37 iv=1.17 n=4 d=5 sk=0 hf=95756 hm=86004 ht=283156 pf=0 pm=0 pt=0 ru=235792 rp=245544
19:03:28.287 @T t=113605 s=0.315 lv=-40.1 pk=-38.5 c0=3.5 c1=8.9 kw=8.77 inf=2.81 iv=1.21 n=3 d=5 sk=0 hf=95756 hm=86004 ht=283156 pf=0 pm=0 pt=0 ru=235792 rp=245544
19:03:28.287 I (114029) kws: >>> WAKE WORD "marvin" DETECTED  (score 0.60, t = 113.65 s)
19:03:28.287 I (114050) stream: first audio sent 20 ms after the detection
19:03:28.287 @T t=113694 s=0.595 lv=-39.0 pk=-37.7 c0=13.6 c1=14.3 kw=11.90 inf=3.33 iv=1.57 n=3 d=6 sk=0 hf=91916 hm=86004 ht=283156 pf=0 pm=0 pt=0 ru=239632 rp=245544
19:03:28.287 @T t=113799 s=0.467 lv=-40.3 pk=-39.0 c0=14.8 c1=13.5 kw=11.78 inf=2.90 iv=1.55 n=4 d=6 sk=0 hf=95756 hm=86004 ht=283156 pf=0 pm=0 pt=0 ru=235792 rp=245544
19:03:28.287 @T t=113890 s=0.408 lv=-28.3 pk=-25.9 c0=16.5 c1=13.4 kw=11.84 inf=3.34 iv=1.52 n=3 d=6 sk=0 hf=91916 hm=86004 ht=283156 pf=0 pm=0 pt=0 ru=239632 rp=245544
19:03:28.287 @T t=113997 s=0.173 lv=-35.7 pk=-34.2 c0=14.4 c1=11.6 kw=10.01 inf=3.31 iv=1.52 n=3 d=6 sk=0 hf=95756 hm=86004 ht=283156 pf=0 pm=0 pt=0 ru=235792 rp=245544
19:03:28.287 @T t=114103 s=0.167 lv=-37.3 pk=-35.5 c0=14.9 c1=13.2 kw=11.64 inf=2.89 iv=1.53 n=4 d=6 sk=0 hf=95756 hm=86004 ht=283156 pf=0 pm=0 pt=0 ru=235792 rp=245544
19:03:28.287 @T t=114191 s=0.097 lv=-30.4 pk=-26.3 c0=17.6 c1=13.8 kw=12.08 inf=3.29 iv=1.51 n=3 d=6 sk=0 hf=95756 hm=86004 ht=283156 pf=0 pm=0 pt=0 ru=235792 rp=245544
19:03:28.287 @I ww=marvin cut=0.50 win=5 cool=1000 tick=100 wifi=1 srv=1 li=0 ln=0
19:03:28.287 I (114628) wake_word: score event: peak 0.60 over 540 ms -> detected
19:03:28.287 @T t=114303 s=0.047 lv=-28.3 pk=-25.5 c0=24.4 c1=12.1 kw=10.56 inf=3.69 iv=1.50 n=3 d=6 sk=0 hf=95760 hm=86004 ht=283156 pf=0 pm=0 pt=0 ru=235788 rp=245544
19:03:28.287 @T t=114392 s=0.012 lv=-38.0 pk=-36.3 c0=16.9 c1=14.4 kw=13.27 inf=2.76 iv=1.44 n=4 d=6 sk=0 hf=95760 hm=86004 ht=283156 pf=0 pm=0 pt=0 ru=235788 rp=245544
19:03:30.758 @T t=114499 s=0.000 lv=-39.6 pk=-38.0 c0=14.2 c1=12.5 kw=9.74 inf=3.22 iv=1.45 n=3 d=6 sk=0 hf=95760 hm=86004 ht=283156 pf=0 pm=0 pt=0 ru=235788 rp=245544
19:03:30.758 @T t=114590 s=0.000 lv=-39.6 pk=-36.9 c0=17.1 c1=13.2 kw=11.46 inf=3.21 iv=1.44 n=3 d=6 sk=0 hf=95760 hm=86004 ht=283156 pf=0 pm=0 pt=0 ru=235788 rp=245544
19:03:30.758 @T t=114696 s=0.000 lv=-40.3 pk=-38.7 c0=14.2 c1=12.8 kw=11.29 inf=2.80 iv=1.46 n=4 d=6 sk=0 hf=95760 hm=86004 ht=283156 pf=0 pm=0 pt=0 ru=235788 rp=245544
19:03:30.758 @T t=114802 s=0.000 lv=-40.4 pk=-38.8 c0=17.1 c1=11.3 kw=9.86 inf=3.23 iv=1.45 n=3 d=6 sk=0 hf=95760 hm=86004 ht=283156 pf=0 pm=0 pt=0 ru=235788 rp=245544
19:03:30.758 @T t=114891 s=0.000 lv=-39.2 pk=-38.4 c0=17.2 c1=13.5 kw=11.70 inf=3.22 iv=1.44 n=3 d=6 sk=0 hf=95760 hm=86004 ht=283156 pf=0 pm=0 pt=0 ru=235788 rp=245544
19:03:30.758 I (115281) wifi:[ADDBA]RX DELBA, reason:37, delete tid:0, initiator:1(originator)
19:03:30.759 @T t=114997 s=0.000 lv=-39.3 pk=-37.6 c0=23.6 c1=13.6 kw=12.11 inf=3.02 iv=1.69 n=4 d=6 sk=0 hf=95760 hm=86004 ht=283156 pf=0 pm=0 pt=0 ru=235788 rp=245544
19:03:30.759 @T t=115103 s=0.000 lv=-38.0 pk=-36.5 c0=18.1 c1=11.4 kw=9.92 inf=3.25 iv=1.51 n=3 d=6 sk=0 hf=95760 hm=86004 ht=283156 pf=0 pm=0 pt=0 ru=235788 rp=245544
19:03:30.759 I (115535) stream: stream finished (silence): 1500 ms of audio sent (23 KB)
19:03:30.759 @T t=115192 s=0.000 lv=-38.4 pk=-35.5 c0=20.0 c1=13.2 kw=11.59 inf=3.18 iv=1.47 n=3 d=6 sk=0 hf=95760 hm=86004 ht=283156 pf=0 pm=0 pt=0 ru=235788 rp=245544
19:03:30.759 @I ww=marvin cut=0.50 win=5 cool=1000 tick=100 wifi=1 srv=1 li=0 ln=0
19:03:30.759 @T t=115304 s=0.000 lv=-40.2 pk=-39.2 c0=11.8 c1=9.2 kw=9.04 inf=2.35 iv=1.14 n=4 d=6 sk=0 hf=95760 hm=86004 ht=283156 pf=0 pm=0 pt=0 ru=235788 rp=245544
19:03:30.759 @T t=115393 s=0.000 lv=-40.1 pk=-38.1 c0=10.8 c1=10.3 kw=10.11 inf=2.75 iv=1.12 n=3 d=6 sk=0 hf=95760 hm=86004 ht=283156 pf=0 pm=0 pt=0 ru=235788 rp=245544
19:03:30.759 @T t=115499 s=0.000 lv=-38.6 pk=-36.6 c0=3.4 c1=8.5 kw=8.34 inf=2.71 iv=1.12 n=3 d=6 sk=0 hf=95760 hm=86004 ht=283156 pf=0 pm=0 pt=0 ru=235788 rp=245544
19:03:30.759 @T t=115605 s=0.000 lv=-39.4 pk=-38.6 c0=3.4 c1=9.7 kw=9.58 inf=2.32 iv=1.12 n=4 d=6 sk=0 hf=95760 hm=86004 ht=283156 pf=0 pm=0 pt=0 ru=235788 rp=245544
19:03:30.759 @T t=115691 s=0.000 lv=-38.7 pk=-38.0 c0=4.6 c1=11.1 kw=10.81 inf=2.90 iv=1.21 n=3 d=6 sk=0 hf=95760 hm=86004 ht=283156 pf=0 pm=0 pt=0 ru=235788 rp=245544
19:03:30.759 @T t=115797 s=0.000 lv=-39.0 pk=-37.5 c0=6.6 c1=8.5 kw=8.33 inf=2.71 iv=1.13 n=3 d=6 sk=0 hf=95760 hm=86004 ht=283156 pf=0 pm=0 pt=0 ru=235788 rp=245544
19:03:30.759 @T t=115903 s=0.000 lv=-39.2 pk=-37.0 c0=3.5 c1=7.5 kw=7.34 inf=2.35 iv=1.17 n=2 d=6 sk=1 hf=95760 hm=86004 ht=283156 pf=0 pm=0 pt=0 ru=235788 rp=245544
19:03:30.759 @T t=116008 s=0.000 lv=-38.9 pk=-37.3 c0=3.2 c1=6.1 kw=5.95 inf=1.37 iv=0.00 n=0 d=6 sk=4 hf=95760 hm=86004 ht=283156 pf=0 pm=0 pt=0 ru=235788 rp=245544
19:03:30.759 @T t=116095 s=0.000 lv=-38.5 pk=-37.6 c0=3.8 c1=5.1 kw=4.92 inf=1.84 iv=0.00 n=0 d=6 sk=2 hf=95760 hm=86004 ht=283156 pf=0 pm=0 pt=0 ru=235788 rp=245544
19:03:30.759 @T t=116200 s=0.000 lv=-39.9 pk=-39.6 c0=3.0 c1=5.1 kw=4.93 inf=1.51 iv=0.00 n=0 d=6 sk=3 hf=95760 hm=86004 ht=283156 pf=0 pm=0 pt=0 ru=235788 rp=245544
19:03:30.759 @I ww=marvin cut=0.50 win=5 cool=1000 tick=100 wifi=1 srv=1 li=0 ln=0
19:03:30.759 @T t=116293 s=0.000 lv=-39.4 pk=-37.9 c0=8.2 c1=6.5 kw=5.92 inf=1.57 iv=0.00 n=0 d=6 sk=3 hf=95756 hm=86004 ht=283156 pf=0 pm=0 pt=0 ru=235792 rp=245544
19:03:30.759 @T t=116399 s=0.000 lv=-40.1 pk=-38.0 c0=4.0 c1=5.1 kw=5.01 inf=1.53 iv=0.00 n=0 d=6 sk=3 hf=95756 hm=86004 ht=283156 pf=0 pm=0 pt=0 ru=235792 rp=245544
19:03:30.759 @T t=116504 s=0.000 lv=-39.8 pk=-38.6 c0=3.2 c1=5.1 kw=5.09 inf=1.52 iv=0.00 n=0 d=6 sk=3 hf=95756 hm=86004 ht=283156 pf=0 pm=0 pt=0 ru=235792 rp=245544
19:03:30.759 @T t=116590 s=0.000 lv=-40.0 pk=-38.5 c0=3.7 c1=6.3 kw=5.92 inf=1.51 iv=0.00 n=0 d=6 sk=3 hf=95756 hm=86004 ht=283156 pf=0 pm=0 pt=0 ru=235792 rp=245544
19:03:30.759 @T t=116695 s=0.000 lv=-39.8 pk=-38.6 c0=2.9 c1=5.1 kw=4.96 inf=1.50 iv=0.00 n=0 d=6 sk=3 hf=95756 hm=86004 ht=283156 pf=0 pm=0 pt=0 ru=235792 rp=245544
19:03:30.759 @T t=116802 s=0.000 lv=-39.5 pk=-37.8 c0=3.4 c1=5.2 kw=5.02 inf=1.54 iv=0.00 n=0 d=6 sk=3 hf=95756 hm=86004 ht=283156 pf=0 pm=0 pt=0 ru=235792 rp=245544
19:03:30.759 @T t=116908 s=0.000 lv=-39.4 pk=-38.3 c0=3.4 c1=6.1 kw=5.94 inf=1.37 iv=0.00 n=0 d=6 sk=4 hf=95756 hm=86004 ht=283156 pf=0 pm=0 pt=0 ru=235792 rp=245544
19:03:32.975 I (117362) stream: server: {"type":"response","text":"Open the door.","saved":"20260928_190327_423_e072a1d53274_marvin.wav"}
19:03:32.975 @T t=116994 s=0.000 lv=-39.3 pk=-38.5 c0=8.5 c1=5.7 kw=5.07 inf=1.89 iv=0.00 n=0 d=6 sk=2 hf=95760 hm=86004 ht=283156 pf=0 pm=0 pt=0 ru=235788 rp=245544
19:03:32.975 @T t=117100 s=0.000 lv=-39.9 pk=-39.4 c0=3.9 c1=5.2 kw=5.01 inf=1.54 iv=0.00 n=0 d=6 sk=3 hf=95760 hm=86004 ht=283156 pf=0 pm=0 pt=0 ru=235788 rp=245544
19:03:32.975 @T t=117205 s=0.000 lv=-39.0 pk=-37.6 c0=3.3 c1=6.1 kw=5.97 inf=1.37 iv=0.00 n=0 d=6 sk=4 hf=95760 hm=86004 ht=283156 pf=0 pm=0 pt=0 ru=235788 rp=245544
19:03:32.975 @I ww=marvin cut=0.50 win=5 cool=1000 tick=100 wifi=1 srv=1 li=0 ln=0
19:03:32.975 @T t=117297 s=0.000 lv=-40.5 pk=-39.3 c0=4.3 c1=4.7 kw=4.57 inf=1.82 iv=0.00 n=0 d=6 sk=2 hf=95760 hm=86004 ht=283156 pf=0 pm=0 pt=0 ru=235788 rp=245544
19:03:32.975 @T t=117404 s=0.000 lv=-41.0 pk=-40.2 c0=3.1 c1=5.1 kw=4.92 inf=1.51 iv=0.00 n=0 d=6 sk=3 hf=95760 hm=86004 ht=283156 pf=0 pm=0 pt=0 ru=235788 rp=245544
19:03:32.975 @T t=117508 s=0.000 lv=-40.4 pk=-38.6 c0=5.7 c1=6.1 kw=5.98 inf=1.36 iv=0.00 n=0 d=6 sk=4 hf=95760 hm=86004 ht=283156 pf=0 pm=0 pt=0 ru=235788 rp=245544
19:03:32.975 @T t=117595 s=0.000 lv=-40.2 pk=-39.4 c0=3.7 c1=5.0 kw=4.88 inf=1.82 iv=0.00 n=0 d=6 sk=2 hf=95760 hm=86004 ht=283156 pf=0 pm=0 pt=0 ru=235788 rp=245544
19:03:32.975 @T t=117700 s=0.000 lv=-39.3 pk=-38.2 c0=3.0 c1=5.1 kw=4.94 inf=1.51 iv=0.00 n=0 d=6 sk=3 hf=95760 hm=86004 ht=283156 pf=0 pm=0 pt=0 ru=235788 rp=245544
19:03:32.975 @T t=117806 s=0.000 lv=-38.7 pk=-37.0 c0=3.0 c1=6.1 kw=5.92 inf=1.36 iv=0.00 n=0 d=6 sk=4 hf=95760 hm=86004 ht=283156 pf=0 pm=0 pt=0 ru=235788 rp=245544
19:03:32.975 @T t=117893 s=0.000 lv=-23.6 pk=-21.7 c0=4.4 c1=19.1 kw=18.86 inf=1.30 iv=0.98 n=12 d=6 sk=0 hf=95760 hm=86004 ht=283156 pf=0 pm=0 pt=0 ru=235788 rp=245544
19:03:32.975 @T t=117999 s=0.000 lv=-23.5 pk=-21.8 c0=4.0 c1=8.6 kw=8.41 inf=2.73 iv=1.13 n=3 d=6 sk=0 hf=95760 hm=86004 ht=283156 pf=0 pm=0 pt=0 ru=235788 rp=245544
19:03:32.975 @T t=118105 s=0.001 lv=-33.3 pk=-28.0 c0=3.6 c1=9.8 kw=9.67 inf=2.35 iv=1.14 n=4 d=6 sk=0 hf=95760 hm=86004 ht=283156 pf=0 pm=0 pt=0 ru=235788 rp=245544
19:03:32.975 @T t=118191 s=0.003 lv=-30.6 pk=-29.9 c0=4.1 c1=11.1 kw=10.68 inf=2.87 iv=1.18 n=3 d=6 sk=0 hf=95760 hm=86004 ht=283156 pf=0 pm=0 pt=0 ru=235788 rp=245544
19:03:32.976 @I ww=marvin cut=0.50 win=5 cool=1000 tick=100 wifi=1 srv=1 li=0 ln=0
19:03:32.976 @T t=118303 s=0.020 lv=-34.5 pk=-32.7 c0=4.0 c1=8.1 kw=8.05 inf=2.76 iv=1.18 n=3 d=6 sk=0 hf=95760 hm=86004 ht=283156 pf=0 pm=0 pt=0 ru=235788 rp=245544
19:03:32.976 @T t=118409 s=0.153 lv=-35.1 pk=-31.7 c0=3.5 c1=10.9 kw=10.73 inf=2.62 iv=1.18 n=4 d=6 sk=0 hf=95760 hm=86004 ht=283156 pf=0 pm=0 pt=0 ru=235788 rp=245544
19:03:32.976 I (118869) kws: >>> WAKE WORD "marvin" DETECTED  (score 0.57, t = 118.49 s)
19:03:32.976 @T t=118495 s=0.571 lv=-40.7 pk=-39.8 c0=7.6 c1=11.4 kw=9.35 inf=2.49 iv=1.19 n=3 d=7 sk=0 hf=95760 hm=86004 ht=283156 pf=0 pm=0 pt=0 ru=235788 rp=245544
19:03:32.976 I (118890) stream: first audio sent 20 ms after the detection
19:03:32.976 @T t=118601 s=0.526 lv=-40.1 pk=-38.3 c0=19.7 c1=12.3 kw=10.89 inf=3.59 iv=1.81 n=3 d=7 sk=0 hf=95760 hm=86004 ht=283156 pf=0 pm=0 pt=0 ru=235788 rp=245544
19:03:32.976 I (119059) wifi:[ADDBA]RX DELBA, reason:37, delete tid:0, initiator:1(originator)
19:03:32.976 I (119060) wifi:[ADDBA]RX DELBA, reason:37, delete tid:0, initiator:1(originator)
19:03:32.976 @T t=118690 s=0.858 lv=-40.2 pk=-38.6 c0=21.9 c1=15.3 kw=14.68 inf=3.07 iv=1.71 n=4 d=7 sk=0 hf=83268 hm=82624 ht=283156 pf=0 pm=0 pt=0 ru=248280 rp=248924
19:03:32.976 @T t=118800 s=0.819 lv=-29.6 pk=-24.2 c0=13.7 c1=12.1 kw=9.85 inf=3.36 iv=1.52 n=3 d=7 sk=0 hf=95760 hm=79516 ht=283156 pf=0 pm=0 pt=0 ru=235788 rp=252032
19:03:32.976 @T t=118890 s=0.587 lv=-29.5 pk=-24.7 c0=19.9 c1=13.8 kw=12.07 inf=3.37 iv=1.57 n=3 d=7 sk=0 hf=95760 hm=79516 ht=283156 pf=0 pm=0 pt=0 ru=235788 rp=252032
19:03:32.976 @T t=118996 s=0.228 lv=-36.6 pk=-34.3 c0=18.5 c1=14.4 kw=11.64 inf=2.89 iv=1.52 n=4 d=7 sk=0 hf=95760 hm=79516 ht=283156 pf=0 pm=0 pt=0 ru=235788 rp=252032
19:03:32.976 @T t=119102 s=0.044 lv=-27.1 pk=-23.8 c0=15.0 c1=11.7 kw=10.24 inf=3.36 iv=1.51 n=3 d=7 sk=0 hf=95760 hm=79516 ht=283156 pf=0 pm=0 pt=0 ru=235788 rp=252032
19:03:32.976 I (119489) wake_word: score event: peak 0.86 over 570 ms -> detected
19:03:35.190 @T t=119190 s=0.001 lv=-27.7 pk=-25.0 c0=16.7 c1=14.7 kw=19.24 inf=5.39 iv=1.45 n=3 d=7 sk=0 hf=91920 hm=79516 ht=283156 pf=0 pm=0 pt=0 ru=239628 rp=252032
19:03:35.190 @I ww=marvin cut=0.50 win=5 cool=1000 tick=100 wifi=1 srv=1 li=0 ln=0
19:03:35.190 @T t=119301 s=0.000 lv=-38.3 pk=-36.1 c0=14.6 c1=12.4 kw=10.77 inf=2.80 iv=1.46 n=4 d=7 sk=0 hf=95760 hm=79516 ht=283156 pf=0 pm=0 pt=0 ru=235788 rp=252032
19:03:35.191 @T t=119391 s=0.000 lv=-37.3 pk=-34.3 c0=17.2 c1=13.3 kw=11.52 inf=3.20 iv=1.44 n=3 d=7 sk=0 hf=95760 hm=79516 ht=283156 pf=0 pm=0 pt=0 ru=235788 rp=252032
19:03:35.191 @T t=119497 s=0.000 lv=-35.2 pk=-32.6 c0=13.9 c1=11.1 kw=9.77 inf=3.20 iv=1.44 n=3 d=7 sk=0 hf=95760 hm=79516 ht=283156 pf=0 pm=0 pt=0 ru=235788 rp=252032
19:03:35.191 @T t=119603 s=0.000 lv=-38.1 pk=-34.8 c0=14.5 c1=12.6 kw=11.17 inf=2.77 iv=1.45 n=4 d=7 sk=0 hf=95760 hm=79516 ht=283156 pf=0 pm=0 pt=0 ru=235788 rp=252032
19:03:35.191 @T t=119692 s=0.000 lv=-39.4 pk=-38.0 c0=17.3 c1=14.2 kw=12.43 inf=3.43 iv=1.59 n=3 d=7 sk=0 hf=95760 hm=79516 ht=283156 pf=0 pm=0 pt=0 ru=235788 rp=252032
19:03:35.191 @T t=119798 s=0.000 lv=-39.5 pk=-37.8 c0=14.4 c1=11.4 kw=10.11 inf=3.32 iv=1.57 n=3 d=7 sk=0 hf=95760 hm=79516 ht=283156 pf=0 pm=0 pt=0 ru=235788 rp=252032
19:03:35.191 @T t=119904 s=0.000 lv=-40.3 pk=-39.6 c0=15.3 c1=13.3 kw=11.74 inf=2.92 iv=1.61 n=4 d=7 sk=0 hf=95760 hm=79516 ht=283156 pf=0 pm=0 pt=0 ru=235788 rp=252032
19:03:35.191 I (120374) stream: stream finished (silence): 1500 ms of audio sent (23 KB)
19:03:35.191 @T t=119994 s=0.000 lv=-40.3 pk=-39.9 c0=20.6 c1=13.5 kw=11.80 inf=3.28 iv=1.51 n=3 d=7 sk=0 hf=88288 hm=79516 ht=283156 pf=0 pm=0 pt=0 ru=243260 rp=252032
19:03:35.191 @T t=120104 s=0.000 lv=-40.3 pk=-39.3 c0=9.4 c1=8.6 kw=8.27 inf=2.79 iv=1.18 n=3 d=7 sk=0 hf=95760 hm=79516 ht=283156 pf=0 pm=0 pt=0 ru=235788 rp=252032
19:03:35.191 @T t=120193 s=0.000 lv=-41.3 pk=-40.8 c0=11.2 c1=12.0 kw=11.72 inf=2.42 iv=1.19 n=4 d=7 sk=0 hf=95760 hm=79516 ht=283156 pf=0 pm=0 pt=0 ru=235788 rp=252032
19:03:35.191 @I ww=marvin cut=0.50 win=5 cool=1000 tick=100 wifi=1 srv=1 li=0 ln=0
19:03:35.191 @T t=120305 s=0.000 lv=-38.4 pk=-34.7 c0=4.0 c1=8.2 kw=8.07 inf=2.73 iv=1.14 n=3 d=7 sk=0 hf=95760 hm=79516 ht=283156 pf=0 pm=0 pt=0 ru=235788 rp=252032
19:03:35.191 @T t=120393 s=0.000 lv=-39.1 pk=-37.3 c0=4.0 c1=10.7 kw=10.39 inf=2.86 iv=1.21 n=3 d=7 sk=0 hf=95760 hm=79516 ht=283156 pf=0 pm=0 pt=0 ru=235788 rp=252032
19:03:35.191 @T t=120499 s=0.000 lv=-39.9 pk=-38.5 c0=3.4 c1=9.5 kw=9.28 inf=2.28 iv=1.09 n=4 d=7 sk=0 hf=95760 hm=79516 ht=283156 pf=0 pm=0 pt=0 ru=235788 rp=252032
19:03:35.191 @T t=120605 s=0.000 lv=-40.9 pk=-39.9 c0=3.4 c1=8.7 kw=8.57 inf=2.74 iv=1.14 n=3 d=7 sk=0 hf=95760 hm=79516 ht=283156 pf=0 pm=0 pt=0 ru=235788 rp=252032
19:03:35.191 @T t=120694 s=0.000 lv=-40.4 pk=-39.9 c0=3.9 c1=10.5 kw=10.21 inf=2.84 iv=1.21 n=3 d=7 sk=0 hf=95760 hm=79516 ht=283156 pf=0 pm=0 pt=0 ru=235788 rp=252032
19:03:35.191 @T t=120800 s=0.000 lv=-39.7 pk=-39.0 c0=3.3 c1=9.5 kw=9.28 inf=2.28 iv=1.09 n=4 d=7 sk=0 hf=95760 hm=79516 ht=283156 pf=0 pm=0 pt=0 ru=235788 rp=252032
19:03:35.191 @T t=120906 s=0.000 lv=-40.2 pk=-39.1 c0=3.6 c1=9.7 kw=8.61 inf=2.75 iv=1.16 n=3 d=7 sk=0 hf=95760 hm=79516 ht=283156 pf=0 pm=0 pt=0 ru=235788 rp=252032
19:03:35.191 @T t=120992 s=0.000 lv=-41.1 pk=-40.0 c0=4.1 c1=9.5 kw=10.36 inf=2.78 iv=1.20 n=3 d=7 sk=0 hf=95760 hm=79516 ht=283156 pf=0 pm=0 pt=0 ru=235788 rp=252032
19:03:35.191 @T t=121098 s=0.000 lv=-40.6 pk=-39.2 c0=8.1 c1=10.8 kw=10.23 inf=2.52 iv=1.27 n=4 d=7 sk=0 hf=95756 hm=79516 ht=283156 pf=0 pm=0 pt=0 ru=235792 rp=252032
19:03:35.191 @T t=121204 s=0.000 lv=-40.2 pk=-39.0 c0=3.5 c1=8.6 kw=8.44 inf=2.74 iv=1.15 n=3 d=7 sk=0 hf=95776 hm=79516 ht=283156 pf=0 pm=0 pt=0 ru=235772 rp=252032
19:03:35.191 @I ww=marvin cut=0.50 win=5 cool=1000 tick=100 wifi=1 srv=1 li=0 ln=0
19:03:35.191 [status] up 121s | mic -34.1 dBFS (peak -20.2) | score max 0.86 | detections 7 | inferences 223 (22.3/s; model 1.31 ms each, paused in quiet 34%; features 1.47 ms per 30 ms) | CPU core0  8.5% core1  9.3% (wake word pipeline 8.62% of one core) | RAM used 230 KB (peak 246 KB, 93 KB free) | wifi OK, server OK | audio lost since boot: i2s 0 net 0
19:03:35.191 @T t=121297 s=0.000 lv=-40.5 pk=-39.5 c0=37.5 c1=10.7 kw=10.40 inf=2.96 iv=1.27 n=3 d=7 sk=0 hf=95776 hm=79516 ht=283156 pf=0 pm=0 pt=0 ru=235772 rp=252032
19:03:37.569 @T t=121403 s=0.000 lv=-40.6 pk=-40.2 c0=3.5 c1=9.6 kw=9.46 inf=2.33 iv=1.13 n=4 d=7 sk=0 hf=95776 hm=79516 ht=283156 pf=0 pm=0 pt=0 ru=235772 rp=252032
19:03:37.569 @T t=121509 s=0.000 lv=-39.6 pk=-38.3 c0=3.3 c1=10.5 kw=10.29 inf=2.51 iv=1.09 n=4 d=7 sk=0 hf=95776 hm=79516 ht=283156 pf=0 pm=0 pt=0 ru=235772 rp=252032
19:03:37.570 @T t=121595 s=0.000 lv=-39.3 pk=-38.3 c0=4.2 c1=8.0 kw=7.86 inf=3.09 iv=1.18 n=2 d=7 sk=0 hf=95776 hm=79516 ht=283156 pf=0 pm=0 pt=0 ru=235772 rp=252032
19:03:37.570 @T t=121701 s=0.000 lv=-40.6 pk=-39.6 c0=3.3 c1=9.5 kw=9.29 inf=2.28 iv=1.09 n=4 d=7 sk=0 hf=95776 hm=79516 ht=283156 pf=0 pm=0 pt=0 ru=235772 rp=252032
19:03:37.570 @T t=121807 s=0.000 lv=-40.7 pk=-40.0 c0=3.3 c1=10.5 kw=10.26 inf=2.51 iv=1.09 n=4 d=7 sk=0 hf=95776 hm=79516 ht=283156 pf=0 pm=0 pt=0 ru=235772 rp=252032
19:03:37.570 I (122215) stream: server: {"type":"response","text":"What time is it?","saved":"20260928_190332_263_e072a1d53274_marvin.wav"}
19:03:37.570 @T t=121893 s=0.000 lv=-40.5 pk=-39.7 c0=6.7 c1=11.3 kw=8.11 inf=3.18 iv=1.21 n=2 d=7 sk=0 hf=95784 hm=79516 ht=283156 pf=0 pm=0 pt=0 ru=235764 rp=252032
19:03:37.570 @T t=121998 s=0.000 lv=-40.1 pk=-39.1 c0=3.3 c1=5.1 kw=4.97 inf=1.52 iv=0.00 n=0 d=7 sk=3 hf=95784 hm=79516 ht=283156 pf=0 pm=0 pt=0 ru=235764 rp=252032
19:03:37.570 @T t=122105 s=0.000 lv=-41.4 pk=-40.7 c0=3.1 c1=5.2 kw=5.09 inf=1.52 iv=0.00 n=0 d=7 sk=3 hf=95784 hm=79516 ht=283156 pf=0 pm=0 pt=0 ru=235764 rp=252032
19:03:37.570 @T t=122190 s=0.000 lv=-39.5 pk=-38.0 c0=3.7 c1=6.3 kw=6.09 inf=1.56 iv=0.00 n=0 d=7 sk=3 hf=95784 hm=79516 ht=283156 pf=0 pm=0 pt=0 ru=235764 rp=252032
19:03:37.570 @I ww=marvin cut=0.50 win=5 cool=1000 tick=100 wifi=1 srv=1 li=0 ln=0
19:03:37.570 @T t=122302 s=0.000 lv=-40.0 pk=-39.2 c0=3.6 c1=4.8 kw=4.66 inf=1.51 iv=0.00 n=0 d=7 sk=3 hf=95784 hm=79516 ht=283156 pf=0 pm=0 pt=0 ru=235764 rp=252032
19:03:37.570 @T t=122409 s=0.000 lv=-40.6 pk=-39.2 c0=3.5 c1=6.2 kw=5.95 inf=1.37 iv=0.00 n=0 d=7 sk=4 hf=95784 hm=79516 ht=283156 pf=0 pm=0 pt=0 ru=235764 rp=252032
19:03:37.570 @T t=122494 s=0.000 lv=-40.5 pk=-40.4 c0=3.9 c1=5.0 kw=4.92 inf=1.83 iv=0.00 n=0 d=7 sk=2 hf=95784 hm=79516 ht=283156 pf=0 pm=0 pt=0 ru=235764 rp=252032
19:03:37.570 @T t=122601 s=0.000 lv=-40.4 pk=-39.3 c0=3.4 c1=5.1 kw=4.98 inf=1.53 iv=0.00 n=0 d=7 sk=3 hf=95784 hm=79516 ht=283156 pf=0 pm=0 pt=0 ru=235764 rp=252032
19:03:37.570 @T t=122707 s=0.000 lv=-39.3 pk=-37.2 c0=3.6 c1=6.2 kw=6.00 inf=1.38 iv=0.00 n=0 d=7 sk=4 hf=95784 hm=79516 ht=283156 pf=0 pm=0 pt=0 ru=235764 rp=252032
19:03:37.570 @T t=122792 s=0.000 lv=-40.4 pk=-39.7 c0=3.8 c1=5.1 kw=4.94 inf=1.84 iv=0.00 n=0 d=7 sk=2 hf=95784 hm=79516 ht=283156 pf=0 pm=0 pt=0 ru=235764 rp=252032
19:03:37.570 @T t=122899 s=0.000 lv=-40.5 pk=-40.0 c0=3.7 c1=5.1 kw=4.95 inf=1.52 iv=0.00 n=0 d=7 sk=3 hf=95784 hm=79516 ht=283156 pf=0 pm=0 pt=0 ru=235764 rp=252032
19:03:37.570 @T t=123005 s=0.000 lv=-25.9 pk=-23.0 c0=3.3 c1=15.4 kw=15.31 inf=1.28 iv=0.96 n=11 d=7 sk=1 hf=95784 hm=79516 ht=283156 pf=0 pm=0 pt=0 ru=235764 rp=252032
19:03:37.570 @T t=123094 s=0.000 lv=-25.0 pk=-24.0 c0=4.5 c1=12.1 kw=11.84 inf=2.49 iv=1.25 n=4 d=7 sk=0 hf=95784 hm=79516 ht=283156 pf=0 pm=0 pt=0 ru=235764 rp=252032
19:03:37.570 @T t=123200 s=0.013 lv=-33.2 pk=-28.1 c0=3.8 c1=8.8 kw=8.64 inf=2.81 iv=1.19 n=3 d=7 sk=0 hf=95784 hm=79516 ht=283156 pf=0 pm=0 pt=0 ru=235764 rp=252032
19:03:37.570 @I ww=marvin cut=0.50 win=5 cool=1000 tick=100 wifi=1 srv=1 li=0 ln=0
19:03:37.570 @T t=123292 s=0.398 lv=-32.5 pk=-31.0 c0=5.5 c1=10.7 kw=10.48 inf=2.97 iv=1.34 n=3 d=7 sk=0 hf=95784 hm=79516 ht=283156 pf=0 pm=0 pt=0 ru=235764 rp=252032
19:03:37.570 I (123709) kws: >>> WAKE WORD "marvin" DETECTED  (score 0.51, t = 123.33 s)
19:03:37.570 I (123729) stream: first audio sent 19 ms after the detection
19:03:37.570 @T t=123398 s=0.509 lv=-35.2 pk=-33.6 c0=14.6 c1=14.2 kw=11.70 inf=2.90 iv=1.60 n=4 d=8 sk=0 hf=95784 hm=79516 ht=283156 pf=0 pm=0 pt=0 ru=235764 rp=252032
19:03:37.570 @T t=123504 s=0.871 lv=-35.0 pk=-31.2 c0=14.1 c1=10.7 kw=10.18 inf=3.34 iv=1.61 n=3 d=8 sk=0 hf=80408 hm=79516 ht=283156 pf=0 pm=0 pt=0 ru=251140 rp=252032
19:03:37.570 @T t=123594 s=0.924 lv=-40.6 pk=-38.9 c0=18.1 c1=13.5 kw=13.11 inf=3.67 iv=1.88 n=3 d=8 sk=0 hf=88100 hm=79516 ht=283156 pf=0 pm=0 pt=0 ru=243448 rp=252032
19:03:37.570 I (123993) wifi:[ADDBA]RX DELBA, reason:37, delete tid:0, initiator:1(originator)
19:03:37.570 @T t=123701 s=0.976 lv=-40.4 pk=-38.7 c0=20.6 c1=14.4 kw=12.19 inf=3.07 iv=1.71 n=4 d=8 sk=0 hf=95784 hm=79516 ht=283156 pf=0 pm=0 pt=0 ru=235764 rp=252032
19:03:39.990 @T t=123790 s=0.946 lv=-39.8 pk=-38.4 c0=19.1 c1=15.3 kw=13.54 inf=3.76 iv=1.89 n=3 d=8 sk=0 hf=95784 hm=79516 ht=283156 pf=0 pm=0 pt=0 ru=235764 rp=252032
19:03:39.990 @T t=123896 s=0.887 lv=-41.0 pk=-39.9 c0=21.2 c1=11.4 kw=10.15 inf=3.33 iv=1.54 n=3 d=8 sk=0 hf=95780 hm=79516 ht=283156 pf=0 pm=0 pt=0 ru=235768 rp=252032
19:03:39.990 @T t=124002 s=0.908 lv=-41.4 pk=-40.8 c0=15.7 c1=13.1 kw=11.98 inf=2.98 iv=1.62 n=4 d=8 sk=0 hf=91936 hm=79516 ht=283156 pf=0 pm=0 pt=0 ru=239612 rp=252032
19:03:39.990 @T t=124091 s=0.779 lv=-39.5 pk=-38.1 c0=17.8 c1=13.8 kw=12.04 inf=3.32 iv=1.52 n=3 d=8 sk=0 hf=95780 hm=79516 ht=283156 pf=0 pm=0 pt=0 ru=235768 rp=252032
19:03:39.990 @T t=124197 s=0.413 lv=-36.7 pk=-35.2 c0=14.4 c1=11.2 kw=10.00 inf=3.28 iv=1.51 n=3 d=8 sk=0 hf=95780 hm=79516 ht=283156 pf=0 pm=0 pt=0 ru=235768 rp=252032
19:03:39.990 @I ww=marvin cut=0.50 win=5 cool=1000 tick=100 wifi=1 srv=1 li=0 ln=0
19:03:39.990 @T t=124290 s=0.038 lv=-29.7 pk=-24.3 c0=23.6 c1=13.8 kw=12.72 inf=2.79 iv=1.44 n=4 d=8 sk=0 hf=88096 hm=79516 ht=283156 pf=0 pm=0 pt=0 ru=243452 rp=252032
19:03:39.990 I (124708) wake_word: score event: peak 0.98 over 960 ms -> detected
19:03:39.990 @T t=124397 s=0.000 lv=-17.1 pk=-16.4 c0=15.8 c1=13.0 kw=11.28 inf=3.74 iv=1.47 n=3 d=8 sk=0 hf=95780 hm=79516 ht=283156 pf=0 pm=0 pt=0 ru=235768 rp=252032
19:03:39.990 @T t=124503 s=0.000 lv=-33.8 pk=-27.6 c0=14.8 c1=11.4 kw=9.95 inf=3.26 iv=1.46 n=3 d=8 sk=0 hf=95780 hm=79516 ht=283156 pf=0 pm=0 pt=0 ru=235768 rp=252032
19:03:39.990 @T t=124590 s=0.000 lv=-35.3 pk=-31.5 c0=18.3 c1=15.4 kw=13.77 inf=2.80 iv=1.46 n=4 d=8 sk=0 hf=93996 hm=79516 ht=283156 pf=0 pm=0 pt=0 ru=237552 rp=252032
19:03:39.990 @T t=124697 s=0.000 lv=-37.0 pk=-34.9 c0=18.0 c1=11.3 kw=10.09 inf=3.34 iv=1.58 n=3 d=8 sk=0 hf=88096 hm=79516 ht=283156 pf=0 pm=0 pt=0 ru=243452 rp=252032
19:03:39.990 @T t=124803 s=0.000 lv=-38.0 pk=-36.1 c0=16.3 c1=12.5 kw=10.81 inf=3.57 iv=1.79 n=3 d=8 sk=0 hf=95780 hm=79516 ht=283156 pf=0 pm=0 pt=0 ru=235768 rp=252032
19:03:39.990 @T t=124892 s=0.000 lv=-37.9 pk=-35.9 c0=22.6 c1=15.9 kw=14.14 inf=2.95 iv=1.63 n=4 d=8 sk=0 hf=95780 hm=79516 ht=283156 pf=0 pm=0 pt=0 ru=235768 rp=252032
19:03:39.990 @T t=124998 s=0.000 lv=-36.0 pk=-32.4 c0=17.8 c1=12.3 kw=10.77 inf=3.55 iv=1.72 n=3 d=8 sk=0 hf=95780 hm=79516 ht=283156 pf=0 pm=0 pt=0 ru=235768 rp=252032
19:03:39.990 @T t=125104 s=0.000 lv=-35.2 pk=-32.8 c0=15.0 c1=11.6 kw=10.24 inf=3.36 iv=1.59 n=3 d=8 sk=0 hf=95780 hm=79516 ht=283156 pf=0 pm=0 pt=0 ru=235768 rp=252032
19:03:39.990 I (125492) stream: stream finished (silence): 1780 ms of audio sent (27 KB)
19:03:39.990 @T t=125195 s=0.000 lv=-39.5 pk=-37.4 c0=11.1 c1=12.7 kw=12.35 inf=2.62 iv=1.33 n=4 d=8 sk=0 hf=95780 hm=79516 ht=283156 pf=0 pm=0 pt=0 ru=235768 rp=252032
19:03:39.990 @I ww=marvin cut=0.50 win=5 cool=1000 tick=100 wifi=1 srv=1 li=0 ln=0
19:03:39.990 @T t=125307 s=0.000 lv=-40.8 pk=-39.0 c0=4.0 c1=9.8 kw=9.67 inf=2.50 iv=1.09 n=4 d=8 sk=0 hf=95780 hm=79516 ht=283156 pf=0 pm=0 pt=0 ru=235768 rp=252032
19:03:39.990 @T t=125393 s=0.000 lv=-41.4 pk=-40.7 c0=4.2 c1=8.1 kw=7.90 inf=3.11 iv=1.20 n=2 d=8 sk=0 hf=95780 hm=79516 ht=283156 pf=0 pm=0 pt=0 ru=235768 rp=252032
19:03:39.990 @T t=125499 s=0.000 lv=-40.3 pk=-38.6 c0=3.7 c1=9.9 kw=9.67 inf=2.38 iv=1.17 n=4 d=8 sk=0 hf=95780 hm=79516 ht=283156 pf=0 pm=0 pt=0 ru=235768 rp=252032
19:03:39.990 @T t=125605 s=0.000 lv=-41.0 pk=-40.2 c0=3.8 c1=9.0 kw=8.85 inf=2.84 iv=1.22 n=3 d=8 sk=0 hf=95780 hm=79516 ht=283156 pf=0 pm=0 pt=0 ru=235768 rp=252032
19:03:39.990 @T t=125693 s=0.000 lv=-41.2 pk=-40.6 c0=4.0 c1=10.5 kw=10.27 inf=2.82 iv=1.19 n=3 d=8 sk=0 hf=95780 hm=79516 ht=283156 pf=0 pm=0 pt=0 ru=235768 rp=252032
19:03:39.990 @T t=125799 s=0.000 lv=-40.9 pk=-39.3 c0=3.3 c1=9.5 kw=9.28 inf=2.28 iv=1.09 n=4 d=8 sk=0 hf=95780 hm=79516 ht=283156 pf=0 pm=0 pt=0 ru=235768 rp=252032
19:03:39.990 @T t=125907 s=0.000 lv=-39.1 pk=-37.6 c0=7.1 c1=11.4 kw=11.38 inf=2.85 iv=1.35 n=4 d=8 sk=0 hf=95784 hm=79516 ht=283156 pf=0 pm=0 pt=0 ru=235764 rp=252032
19:03:39.990 @T t=125993 s=0.000 lv=-39.6 pk=-38.8 c0=4.2 c1=8.7 kw=7.85 inf=3.09 iv=1.15 n=2 d=8 sk=0 hf=95784 hm=79516 ht=283156 pf=0 pm=0 pt=0 ru=235764 rp=252032
19:03:39.990 @T t=126099 s=0.000 lv=-40.8 pk=-39.9 c0=4.4 c1=10.1 kw=9.85 inf=2.42 iv=1.21 n=4 d=8 sk=0 hf=95784 hm=79516 ht=283156 pf=0 pm=0 pt=0 ru=235764 rp=252032
19:03:42.373 @T t=126205 s=0.000 lv=-40.9 pk=-39.6 c0=3.9 c1=8.9 kw=8.78 inf=2.81 iv=1.20 n=3 d=8 sk=0 hf=95784 hm=79516 ht=283156 pf=0 pm=0 pt=0 ru=235764 rp=252032
19:03:42.373 @I ww=marvin cut=0.50 win=5 cool=1000 tick=100 wifi=1 srv=1 li=0 ln=0
19:03:42.373 @T t=126300 s=0.000 lv=-40.1 pk=-39.4 c0=16.5 c1=10.1 kw=9.78 inf=2.90 iv=1.25 n=3 d=8 sk=0 hf=95784 hm=79516 ht=283156 pf=0 pm=0 pt=0 ru=235764 rp=252032
19:03:42.373 @T t=126407 s=0.000 lv=-40.2 pk=-38.8 c0=3.6 c1=10.8 kw=10.59 inf=2.62 iv=1.16 n=4 d=8 sk=0 hf=95784 hm=79516 ht=283156 pf=0 pm=0 pt=0 ru=235764 rp=252032
19:03:42.373 @T t=126493 s=0.000 lv=-39.7 pk=-38.1 c0=4.6 c1=9.3 kw=8.99 inf=2.39 iv=1.12 n=3 d=8 sk=0 hf=95784 hm=79516 ht=283156 pf=0 pm=0 pt=0 ru=235764 rp=252032
19:03:42.373 @T t=126599 s=0.000 lv=-37.8 pk=-35.3 c0=3.7 c1=8.5 kw=8.38 inf=2.72 iv=1.13 n=3 d=8 sk=0 hf=95784 hm=79516 ht=283156 pf=0 pm=0 pt=0 ru=235764 rp=252032
19:03:42.373 @T t=126705 s=0.000 lv=-40.0 pk=-38.2 c0=3.4 c1=6.7 kw=6.57 inf=1.53 iv=1.43 n=1 d=8 sk=3 hf=95784 hm=79516 ht=283156 pf=0 pm=0 pt=0 ru=235764 rp=252032
19:03:42.373 @T t=126790 s=0.000 lv=-41.1 pk=-39.9 c0=3.9 c1=6.4 kw=6.18 inf=1.58 iv=0.00 n=0 d=8 sk=3 hf=95784 hm=79516 ht=283156 pf=0 pm=0 pt=0 ru=235764 rp=252032
19:03:42.373 @T t=126896 s=0.000 lv=-40.0 pk=-37.9 c0=4.1 c1=5.2 kw=5.02 inf=1.52 iv=0.00 n=0 d=8 sk=3 hf=95784 hm=79516 ht=283156 pf=0 pm=0 pt=0 ru=235764 rp=252032
19:03:42.373 I (127346) stream: server: {"type":"response","text":"Stop the music.","saved":"20260928_190337_103_e072a1d53274_marvin.wav"}
19:03:42.373 @T t=127003 s=0.000 lv=-38.9 pk=-37.9 c0=7.3 c1=5.6 kw=5.13 inf=1.59 iv=0.00 n=0 d=8 sk=3 hf=95780 hm=79516 ht=283156 pf=0 pm=0 pt=0 ru=235768 rp=252032
19:03:42.373 @T t=127109 s=0.000 lv=-39.5 pk=-36.8 c0=4.3 c1=6.2 kw=6.01 inf=1.38 iv=0.00 n=0 d=8 sk=4 hf=95780 hm=79516 ht=283156 pf=0 pm=0 pt=0 ru=235768 rp=252032
19:03:42.373 @T t=127194 s=0.000 lv=-39.0 pk=-37.8 c0=3.9 c1=5.1 kw=4.97 inf=1.85 iv=0.00 n=0 d=8 sk=2 hf=95780 hm=79516 ht=283156 pf=0 pm=0 pt=0 ru=235768 rp=252032
19:03:42.373 @I ww=marvin cut=0.50 win=5 cool=1000 tick=100 wifi=1 srv=1 li=0 ln=0
19:03:42.373 @T t=127307 s=0.000 lv=-39.9 pk=-38.1 c0=3.9 c1=5.8 kw=5.57 inf=1.35 iv=0.00 n=0 d=8 sk=4 hf=95780 hm=79516 ht=283156 pf=0 pm=0 pt=0 ru=235768 rp=252032
19:03:42.373 @T t=127393 s=0.000 lv=-39.0 pk=-37.4 c0=4.1 c1=5.1 kw=4.98 inf=1.86 iv=0.00 n=0 d=8 sk=2 hf=95780 hm=79516 ht=283156 pf=0 pm=0 pt=0 ru=235768 rp=252032
19:03:42.373 @T t=127499 s=0.000 lv=-38.7 pk=-37.4 c0=6.6 c1=5.1 kw=4.97 inf=1.52 iv=0.00 n=0 d=8 sk=3 hf=95780 hm=79516 ht=283156 pf=0 pm=0 pt=0 ru=235768 rp=252032
19:03:42.373 I (127901) wifi:[ADDBA]RX DELBA, reason:37, delete tid:0, initiator:1(originator)
19:03:42.373 @T t=127605 s=0.000 lv=-39.1 pk=-37.2 c0=5.4 c1=5.4 kw=5.24 inf=1.57 iv=0.00 n=0 d=8 sk=3 hf=95780 hm=79516 ht=283156 pf=0 pm=0 pt=0 ru=235768 rp=252032
19:03:42.373 @T t=127690 s=0.000 lv=-40.1 pk=-39.2 c0=3.9 c1=6.4 kw=5.95 inf=1.52 iv=0.00 n=0 d=8 sk=3 hf=95780 hm=79516 ht=283156 pf=0 pm=0 pt=0 ru=235768 rp=252032
19:03:42.373 @T t=127797 s=0.000 lv=-40.4 pk=-38.8 c0=3.3 c1=5.1 kw=4.98 inf=1.52 iv=0.00 n=0 d=8 sk=3 hf=95780 hm=79516 ht=283156 pf=0 pm=0 pt=0 ru=235768 rp=252032
19:03:42.373 @T t=127903 s=0.000 lv=-40.7 pk=-39.3 c0=3.6 c1=5.2 kw=5.00 inf=1.53 iv=0.00 n=0 d=8 sk=3 hf=95780 hm=79516 ht=283156 pf=0 pm=0 pt=0 ru=235768 rp=252032
19:03:42.374 @T t=128009 s=0.000 lv=-40.8 pk=-40.5 c0=6.4 c1=6.6 kw=6.11 inf=1.40 iv=0.00 n=0 d=8 sk=4 hf=95784 hm=79516 ht=283156 pf=0 pm=0 pt=0 ru=235764 rp=252032
19:03:42.374 @T t=128095 s=0.000 lv=-39.1 pk=-38.2 c0=5.5 c1=5.2 kw=5.04 inf=1.88 iv=0.00 n=0 d=8 sk=2 hf=95784 hm=79516 ht=283156 pf=0 pm=0 pt=0 ru=235764 rp=252032
19:03:42.374 @T t=128201 s=0.000 lv=-39.4 pk=-38.2 c0=3.7 c1=5.1 kw=5.02 inf=1.54 iv=0.00 n=0 d=8 sk=3 hf=95784 hm=79516 ht=283156 pf=0 pm=0 pt=0 ru=235764 rp=252032
19:03:42.374 @I ww=marvin cut=0.50 win=5 cool=1000 tick=100 wifi=1 srv=1 li=0 ln=0
19:03:42.374 @T t=128293 s=0.000 lv=-39.9 pk=-37.8 c0=4.9 c1=6.0 kw=5.78 inf=1.54 iv=0.00 n=0 d=8 sk=3 hf=95784 hm=79516 ht=283156 pf=0 pm=0 pt=0 ru=235764 rp=252032
19:03:42.374 @T t=128399 s=0.000 lv=-40.2 pk=-39.3 c0=3.2 c1=5.1 kw=4.97 inf=1.52 iv=0.00 n=0 d=8 sk=3 hf=95784 hm=79516 ht=283156 pf=0 pm=0 pt=0 ru=235764 rp=252032
19:03:42.374 @T t=128505 s=0.000 lv=-25.4 pk=-22.4 c0=6.7 c1=15.5 kw=15.35 inf=1.28 iv=0.96 n=11 d=8 sk=1 hf=95784 hm=79516 ht=283156 pf=0 pm=0 pt=0 ru=235764 rp=252032
19:03:44.669 @T t=128594 s=0.000 lv=-25.3 pk=-23.4 c0=11.0 c1=11.8 kw=11.55 inf=2.42 iv=1.22 n=4 d=8 sk=0 hf=95784 hm=79516 ht=283156 pf=0 pm=0 pt=0 ru=235764 rp=252032
19:03:44.669 @T t=128700 s=0.019 lv=-36.2 pk=-31.6 c0=3.8 c1=9.1 kw=8.91 inf=2.90 iv=1.28 n=3 d=8 sk=0 hf=95784 hm=79516 ht=283156 pf=0 pm=0 pt=0 ru=235764 rp=252032
19:03:44.669 @T t=128806 s=0.152 lv=-32.9 pk=-30.2 c0=3.9 c1=10.4 kw=9.30 inf=2.24 iv=1.02 n=4 d=8 sk=0 hf=95784 hm=79516 ht=283156 pf=0 pm=0 pt=0 ru=235764 rp=252032
19:03:44.669 @T t=128892 s=0.435 lv=-34.3 pk=-32.3 c0=4.4 c1=11.3 kw=12.16 inf=3.29 iv=1.60 n=3 d=8 sk=0 hf=95784 hm=79516 ht=283156 pf=0 pm=0 pt=0 ru=235764 rp=252032
19:03:44.669 I (129309) kws: >>> WAKE WORD "marvin" DETECTED  (score 0.61, t = 128.93 s)
19:03:44.669 I (129330) stream: first audio sent 19 ms after the detection
19:03:44.669 @T t=128998 s=0.609 lv=-39.0 pk=-37.1 c0=14.6 c1=12.4 kw=10.31 inf=3.39 iv=1.62 n=3 d=9 sk=0 hf=88100 hm=79516 ht=283156 pf=0 pm=0 pt=0 ru=243448 rp=252032
19:03:44.669 @T t=129090 s=0.977 lv=-39.7 pk=-38.7 c0=21.4 c1=13.0 kw=11.79 inf=3.37 iv=1.57 n=3 d=9 sk=0 hf=95784 hm=79516 ht=283156 pf=0 pm=0 pt=0 ru=235764 rp=252032
19:03:44.669 @T t=129197 s=0.995 lv=-38.8 pk=-37.8 c0=17.8 c1=13.4 kw=11.61 inf=2.91 iv=1.53 n=4 d=9 sk=0 hf=91940 hm=79516 ht=283156 pf=0 pm=0 pt=0 ru=239608 rp=252032
19:03:44.669 @I ww=marvin cut=0.50 win=5 cool=1000 tick=100 wifi=1 srv=1 li=0 ln=0
19:03:44.670 @T t=129291 s=0.991 lv=-35.2 pk=-34.2 c0=18.0 c1=14.0 kw=12.22 inf=3.57 iv=1.74 n=3 d=9 sk=0 hf=95784 hm=79516 ht=283156 pf=0 pm=0 pt=0 ru=235764 rp=252032
19:03:44.670 @T t=129397 s=0.984 lv=-37.5 pk=-35.3 c0=14.9 c1=12.0 kw=10.62 inf=3.50 iv=1.70 n=3 d=9 sk=0 hf=95784 hm=79516 ht=283156 pf=0 pm=0 pt=0 ru=235764 rp=252032
19:03:44.670 @T t=129503 s=0.935 lv=-36.1 pk=-34.7 c0=16.0 c1=13.7 kw=12.42 inf=3.10 iv=1.73 n=4 d=9 sk=0 hf=95784 hm=79516 ht=283156 pf=0 pm=0 pt=0 ru=235764 rp=252032
19:03:44.670 @T t=129592 s=0.599 lv=-36.5 pk=-35.4 c0=17.6 c1=13.8 kw=12.21 inf=3.37 iv=1.53 n=3 d=9 sk=0 hf=91940 hm=79516 ht=283156 pf=0 pm=0 pt=0 ru=239608 rp=252032
19:03:44.670 @T t=129701 s=0.146 lv=-39.7 pk=-37.9 c0=14.0 c1=11.0 kw=9.63 inf=3.24 iv=1.47 n=3 d=9 sk=0 hf=95784 hm=79516 ht=283156 pf=0 pm=0 pt=0 ru=235764 rp=252032
19:03:44.670 I (130148) wake_word: score event: peak 1.00 over 810 ms -> detected
19:03:44.670 @T t=129790 s=0.001 lv=-36.7 pk=-33.0 c0=17.5 c1=15.4 kw=14.78 inf=3.10 iv=1.47 n=4 d=9 sk=0 hf=83084 hm=79516 ht=283156 pf=0 pm=0 pt=0 ru=248464 rp=252032
19:03:44.670 @T t=129899 s=0.000 lv=-20.7 pk=-17.3 c0=14.0 c1=11.2 kw=9.49 inf=3.19 iv=1.42 n=3 d=9 sk=0 hf=95784 hm=79516 ht=283156 pf=0 pm=0 pt=0 ru=235764 rp=252032
19:03:44.670 @T t=130005 s=0.000 lv=-19.8 pk=-16.5 c0=18.7 c1=12.6 kw=9.88 inf=3.18 iv=1.44 n=3 d=9 sk=0 hf=95780 hm=79516 ht=283156 pf=0 pm=0 pt=0 ru=235768 rp=252032
19:03:44.670 I (130462) wifi:[ADDBA]RX DELBA, reason:37, delete tid:0, initiator:1(originator)
19:03:44.670 @T t=130094 s=0.000 lv=-36.7 pk=-35.9 c0=23.1 c1=15.3 kw=13.81 inf=2.92 iv=1.58 n=4 d=9 sk=0 hf=92132 hm=79516 ht=283156 pf=0 pm=0 pt=0 ru=239416 rp=252032
19:03:44.670 @T t=130200 s=0.000 lv=-36.4 pk=-36.1 c0=14.6 c1=11.8 kw=10.31 inf=3.39 iv=1.47 n=3 d=9 sk=0 hf=95780 hm=79516 ht=283156 pf=0 pm=0 pt=0 ru=235768 rp=252032
19:03:44.670 @I ww=marvin cut=0.50 win=5 cool=1000 tick=100 wifi=1 srv=1 li=0 ln=0
19:03:44.670 @T t=130292 s=0.000 lv=-39.6 pk=-37.1 c0=17.6 c1=13.3 kw=11.90 inf=3.39 iv=1.64 n=3 d=9 sk=0 hf=92648 hm=79516 ht=283156 pf=0 pm=0 pt=0 ru=238900 rp=252032
19:03:44.670 @T t=130398 s=0.000 lv=-39.3 pk=-38.4 c0=18.2 c1=13.6 kw=11.83 inf=2.94 iv=1.61 n=4 d=9 sk=0 hf=95780 hm=79516 ht=283156 pf=0 pm=0 pt=0 ru=235768 rp=252032
19:03:44.670 @T t=130504 s=0.000 lv=-40.4 pk=-39.8 c0=15.4 c1=12.1 kw=10.70 inf=3.53 iv=1.72 n=3 d=9 sk=0 hf=95780 hm=79516 ht=283156 pf=0 pm=0 pt=0 ru=235768 rp=252032
19:03:44.670 @T t=130592 s=0.000 lv=-39.1 pk=-38.4 c0=17.7 c1=14.2 kw=12.38 inf=3.37 iv=1.59 n=3 d=9 sk=0 hf=95780 hm=79516 ht=283156 pf=0 pm=0 pt=0 ru=235768 rp=252032
19:03:44.670 I (131054) stream: stream finished (silence): 1740 ms of audio sent (27 KB)
19:03:44.670 @T t=130698 s=0.000 lv=-39.1 pk=-38.5 c0=15.9 c1=12.6 kw=11.57 inf=2.88 iv=1.55 n=4 d=9 sk=0 hf=95780 hm=79516 ht=283156 pf=0 pm=0 pt=0 ru=235768 rp=252032
19:03:44.670 @T t=130804 s=0.000 lv=-40.3 pk=-39.1 c0=3.5 c1=8.5 kw=8.33 inf=2.71 iv=1.13 n=3 d=9 sk=0 hf=95780 hm=79516 ht=283156 pf=0 pm=0 pt=0 ru=235768 rp=252032
19:03:46.677 @T t=130890 s=0.000 lv=-40.1 pk=-38.3 c0=4.5 c1=10.8 kw=10.59 inf=2.78 iv=1.15 n=3 d=9 sk=0 hf=95780 hm=79516 ht=283156 pf=0 pm=0 pt=0 ru=235768 rp=252032
19:03:46.677 @T t=130997 s=0.000 lv=-40.5 pk=-39.5 c0=4.7 c1=9.3 kw=9.13 inf=2.26 iv=1.08 n=4 d=9 sk=0 hf=95784 hm=79516 ht=283156 pf=0 pm=0 pt=0 ru=235764 rp=252032
19:03:46.677 @T t=131103 s=0.000 lv=-41.1 pk=-39.7 c0=3.6 c1=8.6 kw=8.39 inf=2.72 iv=1.14 n=3 d=9 sk=0 hf=95784 hm=79516 ht=283156 pf=0 pm=0 pt=0 ru=235764 rp=252032
19:03:46.677 @T t=131209 s=0.000 lv=-40.2 pk=-39.1 c0=3.4 c1=10.6 kw=10.44 inf=2.55 iv=1.12 n=4 d=9 sk=0 hf=95784 hm=79516 ht=283156 pf=0 pm=0 pt=0 ru=235764 rp=252032
19:03:46.677 @I ww=marvin cut=0.50 win=5 cool=1000 tick=100 wifi=1 srv=1 li=0 ln=0
19:03:46.677 [status] up 131s | mic -31.9 dBFS (peak -16.4) | score max 1.00 | detections 9 | inferences 257 (25.7/s; model 1.36 ms each, paused in quiet 25%; features 1.46 ms per 30 ms) | CPU core0  9.5% core1 10.0% (wake word pipeline 9.23% of one core) | RAM used 230 KB (peak 246 KB, 93 KB free) | wifi OK, server OK | audio lost since boot: i2s 0 net 0
19:03:46.677 [tasks] % of one core (free stack): main@0=4.29(1936) IDLE1@1=91.20(720) IDLE0@0=92.13(728) tiT@*=1.03(1928) websocket_task@*=0.20(1468) audio_kws@1=8.44(1248) ipc0@0=0.00(528) esp_timer@0=0.01(3136) Tmr Svc@*=0.00(1368) wifi@0=0.94(3212) streamer@0=1.73(1436) ipc1@1=0.00(536) sys_evt@0=0.00(336)
19:03:46.677 @T t=131311 s=0.000 lv=-40.3 pk=-38.9 c0=53.4 c1=9.7 kw=9.49 inf=2.97 iv=1.31 n=3 d=9 sk=0 hf=95784 hm=79516 ht=283156 pf=0 pm=0 pt=0 ru=235764 rp=252032
19:03:46.677 @T t=131397 s=0.000 lv=-39.3 pk=-38.5 c0=4.1 c1=9.3 kw=9.10 inf=2.42 iv=1.14 n=3 d=9 sk=0 hf=95784 hm=79516 ht=283156 pf=0 pm=0 pt=0 ru=235764 rp=252032
19:03:46.677 @T t=131503 s=0.000 lv=-40.1 pk=-38.8 c0=3.3 c1=8.5 kw=8.28 inf=2.69 iv=1.11 n=3 d=9 sk=0 hf=95784 hm=79516 ht=283156 pf=0 pm=0 pt=0 ru=235764 rp=252032
19:03:46.677 @T t=131609 s=0.000 lv=-40.4 pk=-37.8 c0=3.5 c1=9.6 kw=9.40 inf=2.28 iv=1.14 n=3 d=9 sk=1 hf=95784 hm=79516 ht=283156 pf=0 pm=0 pt=0 ru=235764 rp=252032
19:03:46.677 @T t=131695 s=0.000 lv=-40.6 pk=-39.4 c0=4.4 c1=5.1 kw=4.96 inf=1.85 iv=0.00 n=0 d=9 sk=2 hf=95784 hm=79516 ht=283156 pf=0 pm=0 pt=0 ru=235764 rp=252032
19:03:46.677 @T t=131801 s=0.000 lv=-39.8 pk=-37.9 c0=3.4 c1=5.1 kw=5.00 inf=1.53 iv=0.00 n=0 d=9 sk=3 hf=95784 hm=79516 ht=283156 pf=0 pm=0 pt=0 ru=235764 rp=252032
19:03:46.677 @T t=131907 s=0.000 lv=-39.6 pk=-38.4 c0=3.3 c1=6.1 kw=5.92 inf=1.36 iv=0.00 n=0 d=9 sk=4 hf=95784 hm=79516 ht=283156 pf=0 pm=0 pt=0 ru=235764 rp=252032
19:03:46.677 @T t=131993 s=0.000 lv=-40.1 pk=-38.8 c0=5.9 c1=5.1 kw=4.88 inf=1.82 iv=0.00 n=0 d=9 sk=2 hf=94016 hm=79516 ht=283156 pf=0 pm=0 pt=0 ru=237532 rp=252032
19:03:46.677 @T t=132099 s=0.000 lv=-40.4 pk=-40.0 c0=5.5 c1=5.6 kw=5.05 inf=1.55 iv=0.00 n=0 d=9 sk=3 hf=95780 hm=79516 ht=283156 pf=0 pm=0 pt=0 ru=235768 rp=252032
19:03:46.677 @T t=132204 s=0.000 lv=-39.0 pk=-37.8 c0=3.4 c1=5.2 kw=5.15 inf=1.54 iv=0.00 n=0 d=9 sk=3 hf=95780 hm=79516 ht=283156 pf=0 pm=0 pt=0 ru=235768 rp=252032
19:03:46.677 @I ww=marvin cut=0.50 win=5 cool=1000 tick=100 wifi=1 srv=1 li=0 ln=0
19:03:46.677 @T t=132296 s=0.000 lv=-39.9 pk=-39.3 c0=4.3 c1=5.9 kw=5.53 inf=1.51 iv=0.00 n=0 d=9 sk=3 hf=95780 hm=79516 ht=283156 pf=0 pm=0 pt=0 ru=235768 rp=252032
19:03:46.677 @T t=132402 s=0.000 lv=-39.8 pk=-38.8 c0=3.1 c1=5.1 kw=4.92 inf=1.51 iv=0.00 n=0 d=9 sk=3 hf=95780 hm=79516 ht=283156 pf=0 pm=0 pt=0 ru=235768 rp=252032
19:03:46.677 I (132871) stream: server: {"type":"response","text":"Increase the volume.","saved":"20260928_190342_703_e072a1d53274_marvin.wav"}
19:03:46.677 @T t=132509 s=0.000 lv=-40.4 pk=-38.5 c0=4.9 c1=8.6 kw=6.10 inf=1.40 iv=0.00 n=0 d=9 sk=4 hf=95784 hm=79516 ht=283156 pf=0 pm=0 pt=0 ru=235764 rp=252032
19:03:46.677 @T t=132595 s=0.000 lv=-41.1 pk=-40.4 c0=4.7 c1=5.0 kw=4.92 inf=1.83 iv=0.00 n=0 d=9 sk=2 hf=95784 hm=79516 ht=283156 pf=0 pm=0 pt=0 ru=235764 rp=252032
19:03:46.677 @T t=132701 s=0.000 lv=-39.1 pk=-38.1 c0=3.6 c1=5.2 kw=5.00 inf=1.53 iv=0.00 n=0 d=9 sk=3 hf=95784 hm=79516 ht=283156 pf=0 pm=0 pt=0 ru=235764 rp=252032
19:03:46.677 @T t=132807 s=0.000 lv=-40.1 pk=-38.6 c0=3.4 c1=6.1 kw=5.97 inf=1.37 iv=0.00 n=0 d=9 sk=4 hf=95784 hm=79516 ht=283156 pf=0 pm=0 pt=0 ru=235764 rp=252032
19:03:49.077 @T t=132893 s=0.000 lv=-41.0 pk=-40.3 c0=4.1 c1=5.0 kw=4.90 inf=1.83 iv=0.00 n=0 d=9 sk=2 hf=95784 hm=79516 ht=283156 pf=0 pm=0 pt=0 ru=235764 rp=252032
19:03:49.077 @T t=132999 s=0.000 lv=-39.2 pk=-38.3 c0=3.4 c1=5.1 kw=4.98 inf=1.53 iv=0.00 n=0 d=9 sk=3 hf=95784 hm=79516 ht=283156 pf=0 pm=0 pt=0 ru=235764 rp=252032
19:03:49.077 @T t=133105 s=0.000 lv=-40.6 pk=-40.1 c0=3.3 c1=5.2 kw=5.11 inf=1.53 iv=0.00 n=0 d=9 sk=3 hf=95784 hm=79516 ht=283156 pf=0 pm=0 pt=0 ru=235764 rp=252032
19:03:49.077 @T t=133190 s=0.000 lv=-41.4 pk=-40.5 c0=3.8 c1=6.3 kw=5.93 inf=1.51 iv=0.00 n=0 d=9 sk=3 hf=95784 hm=79516 ht=283156 pf=0 pm=0 pt=0 ru=235764 rp=252032
19:03:49.077 @I ww=marvin cut=0.50 win=5 cool=1000 tick=100 wifi=1 srv=1 li=0 ln=0
19:03:49.077 @T t=133302 s=0.000 lv=-39.3 pk=-38.6 c0=3.6 c1=4.8 kw=4.67 inf=1.51 iv=0.00 n=0 d=9 sk=3 hf=95784 hm=79516 ht=283156 pf=0 pm=0 pt=0 ru=235764 rp=252032
19:03:49.077 @T t=133409 s=0.000 lv=-39.7 pk=-38.7 c0=3.1 c1=6.1 kw=5.95 inf=1.37 iv=0.00 n=0 d=9 sk=4 hf=95784 hm=79516 ht=283156 pf=0 pm=0 pt=0 ru=235764 rp=252032
19:03:49.077 @T t=133495 s=0.000 lv=-40.4 pk=-39.5 c0=4.3 c1=5.0 kw=4.87 inf=1.82 iv=0.00 n=0 d=9 sk=2 hf=95784 hm=79516 ht=283156 pf=0 pm=0 pt=0 ru=235764 rp=252032
19:03:49.077 @T t=133601 s=0.000 lv=-40.2 pk=-38.8 c0=3.1 c1=5.1 kw=4.97 inf=1.52 iv=0.00 n=0 d=9 sk=3 hf=95784 hm=79516 ht=283156 pf=0 pm=0 pt=0 ru=235764 rp=252032
19:03:49.077 @T t=133707 s=0.000 lv=-23.1 pk=-21.6 c0=3.6 c1=19.0 kw=18.70 inf=1.46 iv=1.00 n=13 d=9 sk=0 hf=95784 hm=79516 ht=283156 pf=0 pm=0 pt=0 ru=235764 rp=252032
19:03:49.077 @T t=133793 s=0.000 lv=-28.8 pk=-25.3 c0=4.7 c1=9.7 kw=9.50 inf=2.53 iv=1.22 n=3 d=9 sk=0 hf=95784 hm=79516 ht=283156 pf=0 pm=0 pt=0 ru=235764 rp=252032
19:03:49.077 @T t=133899 s=0.006 lv=-32.0 pk=-29.4 c0=3.6 c1=8.8 kw=8.67 inf=2.82 iv=1.21 n=3 d=9 sk=0 hf=95784 hm=79516 ht=283156 pf=0 pm=0 pt=0 ru=235764 rp=252032
19:03:49.077 @T t=134005 s=0.008 lv=-33.8 pk=-32.2 c0=3.8 c1=10.3 kw=10.18 inf=2.48 iv=1.25 n=4 d=9 sk=0 hf=95784 hm=79516 ht=283156 pf=0 pm=0 pt=0 ru=235764 rp=252032
19:03:49.077 @T t=134091 s=0.182 lv=-34.9 pk=-30.8 c0=4.4 c1=11.2 kw=10.87 inf=2.92 iv=1.22 n=3 d=9 sk=0 hf=95784 hm=79516 ht=283156 pf=0 pm=0 pt=0 ru=235764 rp=252032
19:03:49.077 @T t=134197 s=0.314 lv=-39.1 pk=-38.3 c0=3.4 c1=8.8 kw=8.62 inf=2.80 iv=1.19 n=3 d=9 sk=0 hf=95784 hm=79516 ht=283156 pf=0 pm=0 pt=0 ru=235764 rp=252032
19:03:49.077 @I ww=marvin cut=0.50 win=5 cool=1000 tick=100 wifi=1 srv=1 li=0 ln=0
19:03:49.077 I (134669) kws: >>> WAKE WORD "marvin" DETECTED  (score 0.53, t = 134.29 s)
19:03:49.077 @T t=134291 s=0.526 lv=-39.5 pk=-37.7 c0=7.8 c1=12.6 kw=10.90 inf=2.38 iv=1.17 n=4 d=10 sk=0 hf=94000 hm=79516 ht=283156 pf=0 pm=0 pt=0 ru=237548 rp=252032
19:03:49.077 I (134690) stream: first audio sent 19 ms after the detection
19:03:49.077 @T t=134400 s=0.159 lv=-40.7 pk=-39.9 c0=15.4 c1=11.7 kw=10.00 inf=3.38 iv=1.62 n=3 d=10 sk=0 hf=95784 hm=79516 ht=283156 pf=0 pm=0 pt=0 ru=235764 rp=252032
19:03:49.077 @T t=134491 s=0.298 lv=-40.9 pk=-40.0 c0=17.1 c1=13.6 kw=12.25 inf=3.46 iv=1.71 n=3 d=10 sk=0 hf=95784 hm=79516 ht=283156 pf=0 pm=0 pt=0 ru=235764 rp=252032
19:03:49.077 @T t=134599 s=0.654 lv=-35.7 pk=-31.0 c0=18.2 c1=14.2 kw=11.86 inf=3.01 iv=1.67 n=4 d=10 sk=0 hf=95780 hm=79516 ht=283156 pf=0 pm=0 pt=0 ru=235768 rp=252032
19:03:49.077 @T t=134690 s=0.621 lv=-19.4 pk=-15.5 c0=18.9 c1=14.4 kw=13.25 inf=3.76 iv=1.90 n=3 d=10 sk=0 hf=95780 hm=79516 ht=283156 pf=0 pm=0 pt=0 ru=235768 rp=252032
19:03:49.077 @T t=134796 s=0.409 lv=-20.6 pk=-16.7 c0=14.0 c1=11.5 kw=9.99 inf=3.27 iv=1.52 n=3 d=10 sk=0 hf=95780 hm=79516 ht=283156 pf=0 pm=0 pt=0 ru=235768 rp=252032
19:03:49.077 @T t=134902 s=0.094 lv=-35.8 pk=-33.8 c0=16.3 c1=13.8 kw=12.24 inf=3.05 iv=1.68 n=4 d=10 sk=0 hf=95780 hm=79516 ht=283156 pf=0 pm=0 pt=0 ru=235768 rp=252032
19:03:49.078 I (135309) wake_word: score event: peak 0.65 over 690 ms -> detected
19:03:49.078 @T t=134991 s=0.000 lv=-36.3 pk=-34.5 c0=18.2 c1=15.7 kw=14.34 inf=3.99 iv=1.65 n=3 d=10 sk=0 hf=95780 hm=79516 ht=283156 pf=0 pm=0 pt=0 ru=235768 rp=252032
19:03:49.078 @T t=135097 s=0.000 lv=-31.5 pk=-27.6 c0=14.6 c1=11.5 kw=10.15 inf=3.33 iv=1.57 n=3 d=10 sk=0 hf=95780 hm=79516 ht=283156 pf=0 pm=0 pt=0 ru=235768 rp=252032
19:03:49.078 @T t=135203 s=0.000 lv=-27.3 pk=-25.0 c0=14.4 c1=13.0 kw=11.50 inf=2.86 iv=1.54 n=4 d=10 sk=0 hf=95780 hm=79516 ht=283156 pf=0 pm=0 pt=0 ru=235768 rp=252032
19:03:49.078 @I ww=marvin cut=0.50 win=5 cool=1000 tick=100 wifi=1 srv=1 li=0 ln=0
19:03:51.544 @T t=135298 s=0.000 lv=-34.1 pk=-30.6 c0=17.2 c1=13.0 kw=11.39 inf=3.35 iv=1.60 n=3 d=10 sk=0 hf=95780 hm=79516 ht=283156 pf=0 pm=0 pt=0 ru=235768 rp=252032
19:03:51.544 @T t=135404 s=0.000 lv=-39.0 pk=-36.8 c0=15.4 c1=12.2 kw=10.82 inf=3.57 iv=1.81 n=3 d=10 sk=0 hf=95780 hm=79516 ht=283156 pf=0 pm=0 pt=0 ru=235768 rp=252032
19:03:51.544 @T t=135493 s=0.000 lv=-39.8 pk=-38.7 c0=16.7 c1=15.1 kw=13.69 inf=2.85 iv=1.51 n=4 d=10 sk=0 hf=95780 hm=79516 ht=283156 pf=0 pm=0 pt=0 ru=235768 rp=252032
19:03:51.544 @T t=135599 s=0.000 lv=-40.4 pk=-39.3 c0=14.5 c1=11.3 kw=9.83 inf=3.22 iv=1.44 n=3 d=10 sk=0 hf=95780 hm=79516 ht=283156 pf=0 pm=0 pt=0 ru=235768 rp=252032
19:03:51.544 @T t=135690 s=0.000 lv=-40.4 pk=-39.9 c0=20.1 c1=13.1 kw=11.43 inf=3.21 iv=1.45 n=3 d=10 sk=0 hf=95780 hm=79516 ht=283156 pf=0 pm=0 pt=0 ru=235768 rp=252032
19:03:51.544 @T t=135796 s=0.000 lv=-40.2 pk=-38.1 c0=17.4 c1=12.4 kw=11.22 inf=2.78 iv=1.45 n=4 d=10 sk=0 hf=95780 hm=79516 ht=283156 pf=0 pm=0 pt=0 ru=235768 rp=252032
19:03:51.544 I (136274) stream: stream finished (silence): 1600 ms of audio sent (25 KB)
19:03:51.544 @T t=135902 s=0.000 lv=-39.4 pk=-38.2 c0=18.0 c1=11.4 kw=10.21 inf=3.35 iv=1.57 n=3 d=10 sk=0 hf=88304 hm=79516 ht=283156 pf=0 pm=0 pt=0 ru=243244 rp=252032
19:03:51.544 @T t=136009 s=0.000 lv=-40.3 pk=-38.2 c0=4.3 c1=11.4 kw=10.89 inf=2.69 iv=1.22 n=4 d=10 sk=0 hf=95780 hm=79516 ht=283156 pf=0 pm=0 pt=0 ru=235768 rp=252032
19:03:51.544 @T t=136095 s=0.000 lv=-40.5 pk=-39.9 c0=4.8 c1=9.3 kw=9.09 inf=2.41 iv=1.14 n=3 d=10 sk=0 hf=95780 hm=79516 ht=283156 pf=0 pm=0 pt=0 ru=235768 rp=252032
19:03:51.544 @T t=136201 s=0.000 lv=-39.8 pk=-38.9 c0=3.4 c1=8.4 kw=8.28 inf=2.69 iv=1.11 n=3 d=10 sk=0 hf=95780 hm=79516 ht=283156 pf=0 pm=0 pt=0 ru=235768 rp=252032
19:03:51.544 @I ww=marvin cut=0.50 win=5 cool=1000 tick=100 wifi=1 srv=1 li=0 ln=0
19:03:51.544 @T t=136293 s=0.000 lv=-40.8 pk=-39.9 c0=4.9 c1=10.1 kw=9.91 inf=2.79 iv=1.19 n=3 d=10 sk=0 hf=95780 hm=79516 ht=283156 pf=0 pm=0 pt=0 ru=235768 rp=252032
19:03:51.544 @T t=136399 s=0.000 lv=-40.2 pk=-38.5 c0=3.4 c1=9.5 kw=9.33 inf=2.29 iv=1.10 n=4 d=10 sk=0 hf=95780 hm=79516 ht=283156 pf=0 pm=0 pt=0 ru=235768 rp=252032
19:03:51.544 @T t=136505 s=0.000 lv=-39.5 pk=-38.3 c0=6.6 c1=8.9 kw=8.50 inf=2.71 iv=1.12 n=3 d=10 sk=0 hf=95784 hm=79516 ht=283156 pf=0 pm=0 pt=0 ru=235764 rp=252032
19:03:51.544 @T t=136591 s=0.000 lv=-39.9 pk=-39.1 c0=8.4 c1=11.4 kw=11.06 inf=2.98 iv=1.26 n=3 d=10 sk=0 hf=95784 hm=79516 ht=283156 pf=0 pm=0 pt=0 ru=235764 rp=252032
19:03:51.544 @T t=136697 s=0.000 lv=-40.2 pk=-39.6 c0=3.4 c1=9.5 kw=9.34 inf=2.30 iv=1.11 n=4 d=10 sk=0 hf=95784 hm=79516 ht=283156 pf=0 pm=0 pt=0 ru=235764 rp=252032
19:03:51.544 @T t=136803 s=0.000 lv=-39.5 pk=-38.3 c0=3.7 c1=8.9 kw=8.68 inf=2.82 iv=1.21 n=3 d=10 sk=0 hf=95784 hm=79516 ht=283156 pf=0 pm=0 pt=0 ru=235764 rp=252032
19:03:51.544 @T t=136909 s=0.000 lv=-39.8 pk=-38.1 c0=3.6 c1=7.6 kw=7.42 inf=1.75 iv=1.40 n=1 d=10 sk=3 hf=95784 hm=79516 ht=283156 pf=0 pm=0 pt=0 ru=235764 rp=252032
19:03:51.544 @T t=136994 s=0.000 lv=-40.6 pk=-39.4 c0=3.9 c1=5.0 kw=4.89 inf=1.82 iv=0.00 n=0 d=10 sk=2 hf=95784 hm=79516 ht=283156 pf=0 pm=0 pt=0 ru=235764 rp=252032
19:03:51.544 @T t=137101 s=0.000 lv=-39.7 pk=-38.9 c0=3.5 c1=5.2 kw=5.00 inf=1.54 iv=0.00 n=0 d=10 sk=3 hf=95784 hm=79516 ht=283156 pf=0 pm=0 pt=0 ru=235764 rp=252032
19:03:51.544 @T t=137206 s=0.000 lv=-40.2 pk=-38.7 c0=3.2 c1=6.1 kw=5.94 inf=1.37 iv=0.00 n=0 d=10 sk=4 hf=95784 hm=79516 ht=283156 pf=0 pm=0 pt=0 ru=235764 rp=252032
19:03:51.544 @I ww=marvin cut=0.50 win=5 cool=1000 tick=100 wifi=1 srv=1 li=0 ln=0
19:03:51.544 @T t=137298 s=0.000 lv=-39.8 pk=-38.9 c0=4.3 c1=4.7 kw=4.57 inf=1.82 iv=0.00 n=0 d=10 sk=2 hf=95784 hm=79516 ht=283156 pf=0 pm=0 pt=0 ru=235764 rp=252032
19:03:51.544 @T t=137405 s=0.000 lv=-39.8 pk=-37.4 c0=3.1 c1=5.1 kw=5.07 inf=1.51 iv=0.00 n=0 d=10 sk=3 hf=95784 hm=79516 ht=283156 pf=0 pm=0 pt=0 ru=235764 rp=252032
19:03:51.544 @T t=137490 s=0.000 lv=-39.6 pk=-38.2 c0=3.7 c1=6.3 kw=5.92 inf=1.51 iv=0.00 n=0 d=10 sk=3 hf=95784 hm=79516 ht=283156 pf=0 pm=0 pt=0 ru=235764 rp=252032
19:03:51.544 @T t=137597 s=0.000 lv=-39.7 pk=-37.9 c0=3.6 c1=5.2 kw=5.01 inf=1.54 iv=0.00 n=0 d=10 sk=3 hf=95784 hm=79516 ht=283156 pf=0 pm=0 pt=0 ru=235764 rp=252032
19:03:51.544 @T t=137702 s=0.000 lv=-38.8 pk=-37.7 c0=3.1 c1=5.1 kw=4.98 inf=1.53 iv=0.00 n=0 d=10 sk=3 hf=95784 hm=79516 ht=283156 pf=0 pm=0 pt=0 ru=235764 rp=252032
19:03:53.884 I (138147) stream: server: {"type":"response","text":"Tell me a joke.","saved":"20260928_190348_062_e072a1d53274_marvin.wav"}
19:03:53.884 @T t=137809 s=0.000 lv=-39.9 pk=-39.7 c0=4.8 c1=8.7 kw=6.13 inf=1.41 iv=0.00 n=0 d=10 sk=4 hf=95780 hm=79516 ht=283156 pf=0 pm=0 pt=0 ru=235768 rp=252032
19:03:53.884 @T t=137895 s=0.000 lv=-39.3 pk=-38.6 c0=9.7 c1=5.2 kw=5.03 inf=1.88 iv=0.00 n=0 d=10 sk=2 hf=95780 hm=79516 ht=283156 pf=0 pm=0 pt=0 ru=235768 rp=252032
19:03:53.884 @T t=138001 s=0.000 lv=-39.7 pk=-37.2 c0=3.6 c1=5.1 kw=4.99 inf=1.53 iv=0.00 n=0 d=10 sk=3 hf=95780 hm=79516 ht=283156 pf=0 pm=0 pt=0 ru=235768 rp=252032
19:03:53.884 @T t=138107 s=0.000 lv=-39.8 pk=-38.5 c0=3.6 c1=6.2 kw=6.01 inf=1.38 iv=0.00 n=0 d=10 sk=4 hf=95780 hm=79516 ht=283156 pf=0 pm=0 pt=0 ru=235768 rp=252032
19:03:53.884 @T t=138192 s=0.000 lv=-39.6 pk=-39.3 c0=3.9 c1=5.1 kw=4.93 inf=1.84 iv=0.00 n=0 d=10 sk=2 hf=95780 hm=79516 ht=283156 pf=0 pm=0 pt=0 ru=235768 rp=252032
19:03:53.884 @I ww=marvin cut=0.50 win=5 cool=1000 tick=100 wifi=1 srv=1 li=0 ln=0
19:03:53.884 @T t=138304 s=0.000 lv=-39.5 pk=-38.1 c0=3.6 c1=4.9 kw=4.79 inf=1.51 iv=0.00 n=0 d=10 sk=3 hf=95780 hm=79516 ht=283156 pf=0 pm=0 pt=0 ru=235768 rp=252032
19:03:53.884 @T t=138390 s=0.000 lv=-40.5 pk=-39.7 c0=3.8 c1=6.3 kw=5.91 inf=1.51 iv=0.00 n=0 d=10 sk=3 hf=95780 hm=79516 ht=283156 pf=0 pm=0 pt=0 ru=235768 rp=252032
19:03:53.884 @T t=138496 s=0.000 lv=-39.7 pk=-37.9 c0=3.0 c1=5.1 kw=4.94 inf=1.51 iv=0.00 n=0 d=10 sk=3 hf=95780 hm=79516 ht=283156 pf=0 pm=0 pt=0 ru=235768 rp=252032
19:03:53.884 @T t=138602 s=0.000 lv=-40.3 pk=-38.6 c0=3.0 c1=5.1 kw=4.91 inf=1.50 iv=0.00 n=0 d=10 sk=3 hf=95780 hm=79516 ht=283156 pf=0 pm=0 pt=0 ru=235768 rp=252032
19:03:53.885 @T t=138709 s=0.000 lv=-25.0 pk=-22.1 c0=3.1 c1=17.3 kw=17.12 inf=1.33 iv=0.97 n=12 d=10 sk=1 hf=95780 hm=79516 ht=283156 pf=0 pm=0 pt=0 ru=235768 rp=252032
19:03:53.885 @T t=138795 s=0.000 lv=-28.4 pk=-25.2 c0=8.2 c1=10.3 kw=9.74 inf=2.59 iv=1.27 n=3 d=10 sk=0 hf=95784 hm=79516 ht=283156 pf=0 pm=0 pt=0 ru=235764 rp=252032
19:03:53.885 @T t=138901 s=0.000 lv=-32.0 pk=-29.6 c0=4.2 c1=9.2 kw=9.04 inf=2.95 iv=1.30 n=3 d=10 sk=0 hf=95784 hm=79516 ht=283156 pf=0 pm=0 pt=0 ru=235764 rp=252032
19:03:53.885 @T t=139007 s=0.000 lv=-34.7 pk=-32.4 c0=3.9 c1=10.9 kw=11.16 inf=2.74 iv=1.26 n=4 d=10 sk=0 hf=95784 hm=79516 ht=283156 pf=0 pm=0 pt=0 ru=235764 rp=252032
19:03:53.885 @T t=139093 s=0.110 lv=-40.3 pk=-38.9 c0=4.9 c1=10.2 kw=9.42 inf=2.50 iv=1.22 n=3 d=10 sk=0 hf=95784 hm=79516 ht=283156 pf=0 pm=0 pt=0 ru=235764 rp=252032
19:03:53.885 @T t=139199 s=0.419 lv=-39.9 pk=-38.7 c0=3.4 c1=8.9 kw=8.68 inf=2.83 iv=1.22 n=3 d=10 sk=0 hf=95784 hm=79516 ht=283156 pf=0 pm=0 pt=0 ru=235764 rp=252032
19:03:53.885 @I ww=marvin cut=0.50 win=5 cool=1000 tick=100 wifi=1 srv=1 li=0 ln=0
19:03:53.885 @T t=139291 s=0.440 lv=-37.0 pk=-32.1 c0=4.9 c1=10.3 kw=10.06 inf=2.84 iv=1.23 n=3 d=10 sk=0 hf=95784 hm=79516 ht=283156 pf=0 pm=0 pt=0 ru=235764 rp=252032
19:03:53.885 @T t=139397 s=0.254 lv=-29.7 pk=-26.6 c0=3.9 c1=9.9 kw=9.70 inf=2.39 iv=1.17 n=4 d=10 sk=0 hf=95784 hm=79516 ht=283156 pf=0 pm=0 pt=0 ru=235764 rp=252032
19:03:53.885 @T t=139503 s=0.094 lv=-31.7 pk=-27.8 c0=7.0 c1=8.8 kw=8.59 inf=2.80 iv=1.19 n=3 d=10 sk=0 hf=95784 hm=79516 ht=283156 pf=0 pm=0 pt=0 ru=235764 rp=252032
19:03:53.885 @T t=139609 s=0.120 lv=-29.5 pk=-24.7 c0=3.5 c1=11.2 kw=10.96 inf=2.69 iv=1.22 n=4 d=10 sk=0 hf=95784 hm=79516 ht=283156 pf=0 pm=0 pt=0 ru=235764 rp=252032
19:03:53.885 @T t=139695 s=0.099 lv=-29.0 pk=-24.5 c0=8.0 c1=9.5 kw=9.30 inf=2.47 iv=1.19 n=3 d=10 sk=0 hf=95784 hm=79516 ht=283156 pf=0 pm=0 pt=0 ru=235764 rp=252032
19:03:53.885 I (140128) wake_word: score event: peak 0.44 over 510 ms -> not detected (below threshold or in cool-down)
19:03:53.885 @T t=139801 s=0.027 lv=-21.7 pk=-19.3 c0=7.5 c1=10.7 kw=10.83 inf=3.58 iv=1.30 n=3 d=10 sk=0 hf=95784 hm=79516 ht=283156 pf=0 pm=0 pt=0 ru=235764 rp=252032
19:03:53.885 @T t=139908 s=0.014 lv=-40.2 pk=-39.6 c0=4.0 c1=11.1 kw=10.90 inf=2.69 iv=1.23 n=4 d=10 sk=0 hf=95784 hm=79516 ht=283156 pf=0 pm=0 pt=0 ru=235764 rp=252032
19:03:53.885 I (140316) wifi:[ADDBA]RX DELBA, reason:37, delete tid:0, initiator:1(originator)
19:03:53.885 @T t=139994 s=0.000 lv=-40.4 pk=-39.9 c0=6.7 c1=9.8 kw=9.57 inf=2.54 iv=1.24 n=3 d=10 sk=0 hf=95784 hm=79516 ht=283156 pf=0 pm=0 pt=0 ru=235764 rp=252032
19:03:56.175 @T t=140100 s=0.000 lv=-39.9 pk=-39.0 c0=3.5 c1=8.5 kw=8.37 inf=2.72 iv=1.12 n=3 d=10 sk=0 hf=95784 hm=79516 ht=283156 pf=0 pm=0 pt=0 ru=235764 rp=252032
19:03:56.175 @T t=140206 s=0.000 lv=-40.2 pk=-39.0 c0=3.8 c1=9.9 kw=8.83 inf=2.12 iv=0.92 n=4 d=10 sk=0 hf=95784 hm=79516 ht=283156 pf=0 pm=0 pt=0 ru=235764 rp=252032
19:03:56.175 @I ww=marvin cut=0.50 win=5 cool=1000 tick=100 wifi=1 srv=1 li=0 ln=0
19:03:56.176 @T t=140297 s=0.000 lv=-39.2 pk=-38.4 c0=12.7 c1=9.9 kw=10.77 inf=3.07 iv=1.45 n=3 d=10 sk=0 hf=95784 hm=79516 ht=283156 pf=0 pm=0 pt=0 ru=235764 rp=252032
19:03:56.176 @T t=140403 s=0.000 lv=-39.1 pk=-36.9 c0=3.8 c1=8.6 kw=8.44 inf=2.74 iv=1.14 n=3 d=10 sk=0 hf=95784 hm=79516 ht=283156 pf=0 pm=0 pt=0 ru=235764 rp=252032
19:03:56.176 @T t=140509 s=0.000 lv=-40.2 pk=-39.2 c0=3.8 c1=10.8 kw=10.62 inf=2.60 iv=1.16 n=4 d=10 sk=0 hf=95784 hm=79516 ht=283156 pf=0 pm=0 pt=0 ru=235764 rp=252032
19:03:56.176 @T t=140596 s=0.000 lv=-40.0 pk=-39.3 c0=4.6 c1=9.2 kw=8.99 inf=2.41 iv=1.13 n=3 d=10 sk=0 hf=95784 hm=79516 ht=283156 pf=0 pm=0 pt=0 ru=235764 rp=252032
19:03:56.176 @T t=140702 s=0.000 lv=-39.5 pk=-37.4 c0=3.7 c1=8.6 kw=8.45 inf=2.74 iv=1.12 n=3 d=10 sk=0 hf=95784 hm=79516 ht=283156 pf=0 pm=0 pt=0 ru=235764 rp=252032
19:03:56.176 @T t=140808 s=0.000 lv=-41.0 pk=-39.6 c0=7.1 c1=11.8 kw=11.24 inf=2.75 iv=1.28 n=4 d=10 sk=0 hf=95780 hm=79516 ht=283156 pf=0 pm=0 pt=0 ru=235768 rp=252032
19:03:56.176 @T t=140894 s=0.000 lv=-40.5 pk=-39.6 c0=8.8 c1=10.0 kw=9.79 inf=2.60 iv=1.28 n=3 d=10 sk=0 hf=95780 hm=79516 ht=283156 pf=0 pm=0 pt=0 ru=235768 rp=252032
19:03:56.176 @T t=141000 s=0.000 lv=-39.8 pk=-39.0 c0=6.1 c1=8.5 kw=8.30 inf=2.69 iv=1.11 n=3 d=10 sk=0 hf=95780 hm=79516 ht=283156 pf=0 pm=0 pt=0 ru=235768 rp=252032
19:03:56.176 @T t=141106 s=0.000 lv=-41.7 pk=-40.3 c0=3.6 c1=9.7 kw=8.65 inf=2.08 iv=0.88 n=4 d=10 sk=0 hf=95780 hm=79516 ht=283156 pf=0 pm=0 pt=0 ru=235768 rp=252032
19:03:56.176 @T t=141192 s=0.000 lv=-40.1 pk=-38.2 c0=4.2 c1=10.7 kw=11.57 inf=3.12 iv=1.47 n=3 d=10 sk=0 hf=95780 hm=79516 ht=283156 pf=0 pm=0 pt=0 ru=235768 rp=252032
19:03:56.176 @I ww=marvin cut=0.50 win=5 cool=1000 tick=100 wifi=1 srv=1 li=0 ln=0
19:03:56.176 [status] up 141s | mic -32.5 dBFS (peak -15.5) | score max 0.65 | detections 10 | inferences 224 (22.4/s; model 1.27 ms each, paused in quiet 34%; features 1.44 ms per 30 ms) | CPU core0  6.9% core1  8.9% (wake word pipeline 8.43% of one core) | RAM used 230 KB (peak 246 KB, 93 KB free) | wifi OK, server OK | audio lost since boot: i2s 0 net 0
19:03:56.176 @T t=141306 s=0.000 lv=-41.5 pk=-40.5 c0=8.2 c1=9.5 kw=8.53 inf=2.94 iv=1.30 n=3 d=10 sk=0 hf=95780 hm=79516 ht=283156 pf=0 pm=0 pt=0 ru=235768 rp=252032
19:03:56.176 @T t=141392 s=0.000 lv=-40.5 pk=-40.2 c0=4.3 c1=8.3 kw=9.11 inf=2.42 iv=1.27 n=2 d=10 sk=1 hf=95780 hm=79516 ht=283156 pf=0 pm=0 pt=0 ru=235768 rp=252032
19:03:56.176 @T t=141497 s=0.000 lv=-40.4 pk=-39.4 c0=3.3 c1=5.1 kw=4.99 inf=1.53 iv=0.00 n=0 d=10 sk=3 hf=95780 hm=79516 ht=283156 pf=0 pm=0 pt=0 ru=235768 rp=252032
19:03:56.176 @T t=141604 s=0.000 lv=-40.8 pk=-39.9 c0=3.1 c1=5.1 kw=4.94 inf=1.51 iv=0.00 n=0 d=10 sk=3 hf=95780 hm=79516 ht=283156 pf=0 pm=0 pt=0 ru=235768 rp=252032
19:03:56.176 @T t=141708 s=0.000 lv=-40.6 pk=-39.0 c0=3.0 c1=6.2 kw=5.99 inf=1.36 iv=0.00 n=0 d=10 sk=4 hf=95780 hm=79516 ht=283156 pf=0 pm=0 pt=0 ru=235768 rp=252032
19:03:56.176 @T t=141795 s=0.000 lv=-40.1 pk=-39.4 c0=4.3 c1=5.1 kw=4.93 inf=1.84 iv=0.00 n=0 d=10 sk=2 hf=95780 hm=79516 ht=283156 pf=0 pm=0 pt=0 ru=235768 rp=252032
19:03:56.176 @T t=141901 s=0.000 lv=-39.7 pk=-38.6 c0=3.3 c1=5.1 kw=5.00 inf=1.53 iv=0.00 n=0 d=10 sk=3 hf=95780 hm=79516 ht=283156 pf=0 pm=0 pt=0 ru=235768 rp=252032
19:03:56.176 @T t=142007 s=0.000 lv=-40.1 pk=-39.5 c0=3.4 c1=6.2 kw=5.97 inf=1.37 iv=0.00 n=0 d=10 sk=4 hf=95780 hm=79516 ht=283156 pf=0 pm=0 pt=0 ru=235768 rp=252032
19:03:56.176 @T t=142093 s=0.000 lv=-39.5 pk=-38.8 c0=4.2 c1=5.1 kw=4.96 inf=1.85 iv=0.00 n=0 d=10 sk=2 hf=95780 hm=79516 ht=283156 pf=0 pm=0 pt=0 ru=235768 rp=252032
19:03:56.176 @T t=142198 s=0.000 lv=-40.4 pk=-39.3 c0=3.0 c1=5.0 kw=4.90 inf=1.50 iv=0.00 n=0 d=10 sk=3 hf=95780 hm=79516 ht=283156 pf=0 pm=0 pt=0 ru=235768 rp=252032
19:03:56.176 @I ww=marvin cut=0.50 win=5 cool=1000 tick=100 wifi=1 srv=1 li=0 ln=0
19:03:56.176 @T t=142290 s=0.000 lv=-39.8 pk=-38.8 c0=4.4 c1=5.9 kw=5.73 inf=1.53 iv=0.00 n=0 d=10 sk=3 hf=95780 hm=79516 ht=283156 pf=0 pm=0 pt=0 ru=235768 rp=252032
19:03:58.583 @T t=142396 s=0.000 lv=-39.7 pk=-38.7 c0=3.1 c1=5.1 kw=4.95 inf=1.52 iv=0.00 n=0 d=10 sk=3 hf=95780 hm=79516 ht=283156 pf=0 pm=0 pt=0 ru=235768 rp=252032
19:03:58.583 @T t=142502 s=0.000 lv=-38.7 pk=-37.7 c0=3.0 c1=5.1 kw=4.92 inf=1.51 iv=0.00 n=0 d=10 sk=3 hf=95780 hm=79516 ht=283156 pf=0 pm=0 pt=0 ru=235768 rp=252032
19:03:58.583 @T t=142608 s=0.000 lv=-40.4 pk=-38.6 c0=3.0 c1=6.1 kw=5.91 inf=1.36 iv=0.00 n=0 d=10 sk=4 hf=95780 hm=79516 ht=283156 pf=0 pm=0 pt=0 ru=235768 rp=252032
19:03:58.583 @T t=142694 s=0.000 lv=-38.6 pk=-37.9 c0=3.7 c1=5.0 kw=4.87 inf=1.81 iv=0.00 n=0 d=10 sk=2 hf=95780 hm=79516 ht=283156 pf=0 pm=0 pt=0 ru=235768 rp=252032
19:03:58.583 @T t=142802 s=0.000 lv=-38.9 pk=-37.4 c0=6.2 c1=5.6 kw=5.36 inf=1.67 iv=0.00 n=0 d=10 sk=3 hf=95784 hm=79516 ht=283156 pf=0 pm=0 pt=0 ru=235764 rp=252032
19:03:58.583 @T t=142908 s=0.000 lv=-39.1 pk=-37.8 c0=4.1 c1=6.2 kw=6.05 inf=1.39 iv=0.00 n=0 d=10 sk=4 hf=95784 hm=79516 ht=283156 pf=0 pm=0 pt=0 ru=235764 rp=252032
19:03:58.583 @T t=142993 s=0.000 lv=-40.3 pk=-38.9 c0=4.0 c1=5.0 kw=4.93 inf=1.84 iv=0.00 n=0 d=10 sk=2 hf=95784 hm=79516 ht=283156 pf=0 pm=0 pt=0 ru=235764 rp=252032
19:03:58.583 @T t=143100 s=0.000 lv=-40.0 pk=-39.2 c0=3.5 c1=5.1 kw=4.98 inf=1.53 iv=0.00 n=0 d=10 sk=3 hf=95784 hm=79516 ht=283156 pf=0 pm=0 pt=0 ru=235764 rp=252032
19:03:58.583 @T t=143206 s=0.000 lv=-32.8 pk=-26.0 c0=3.3 c1=6.2 kw=5.12 inf=1.53 iv=0.00 n=0 d=10 sk=3 hf=95784 hm=79516 ht=283156 pf=0 pm=0 pt=0 ru=235764 rp=252032
19:03:58.583 @I ww=marvin cut=0.50 win=5 cool=1000 tick=100 wifi=1 srv=1 li=0 ln=0
19:03:58.583 @T t=143297 s=0.000 lv=-22.0 pk=-21.3 c0=5.1 c1=20.2 kw=21.02 inf=1.43 iv=1.05 n=13 d=10 sk=0 hf=95784 hm=79516 ht=283156 pf=0 pm=0 pt=0 ru=235764 rp=252032
19:03:58.583 @T t=143403 s=0.000 lv=-30.5 pk=-25.3 c0=3.5 c1=8.6 kw=8.43 inf=2.74 iv=1.15 n=3 d=10 sk=0 hf=95784 hm=79516 ht=283156 pf=0 pm=0 pt=0 ru=235764 rp=252032
19:03:58.583 @T t=143509 s=0.002 lv=-31.5 pk=-28.8 c0=3.5 c1=10.9 kw=10.73 inf=2.63 iv=1.18 n=4 d=10 sk=0 hf=95784 hm=79516 ht=283156 pf=0 pm=0 pt=0 ru=235764 rp=252032
19:03:58.583 @T t=143595 s=0.005 lv=-34.9 pk=-31.3 c0=4.3 c1=9.4 kw=9.25 inf=2.46 iv=1.17 n=3 d=10 sk=0 hf=95784 hm=79516 ht=283156 pf=0 pm=0 pt=0 ru=235764 rp=252032
19:03:58.583 @T t=143701 s=0.310 lv=-40.1 pk=-39.1 c0=3.4 c1=8.7 kw=8.51 inf=2.77 iv=1.17 n=3 d=10 sk=0 hf=95784 hm=79516 ht=283156 pf=0 pm=0 pt=0 ru=235764 rp=252032
19:03:58.583 I (144129) kws: >>> WAKE WORD "marvin" DETECTED  (score 0.57, t = 143.75 s)
19:03:58.583 I (144150) stream: first audio sent 20 ms after the detection
19:03:58.583 @T t=143791 s=0.575 lv=-40.2 pk=-39.4 c0=14.7 c1=13.7 kw=11.52 inf=3.20 iv=1.50 n=3 d=11 sk=0 hf=95784 hm=79516 ht=283156 pf=0 pm=0 pt=0 ru=235764 rp=252032
19:03:58.583 @T t=143898 s=0.803 lv=-38.2 pk=-36.5 c0=18.8 c1=14.2 kw=12.30 inf=3.10 iv=1.72 n=4 d=11 sk=0 hf=95784 hm=79516 ht=283156 pf=0 pm=0 pt=0 ru=235764 rp=252032
19:03:58.583 @T t=144004 s=0.745 lv=-39.5 pk=-37.8 c0=14.4 c1=11.2 kw=10.23 inf=3.36 iv=1.53 n=3 d=11 sk=0 hf=95784 hm=79516 ht=283156 pf=0 pm=0 pt=0 ru=235764 rp=252032
19:03:58.583 @T t=144093 s=0.440 lv=-30.4 pk=-25.6 c0=16.8 c1=14.5 kw=12.22 inf=3.37 iv=1.56 n=3 d=11 sk=0 hf=95784 hm=79516 ht=283156 pf=0 pm=0 pt=0 ru=235764 rp=252032
19:03:58.583 @T t=144199 s=0.490 lv=-32.9 pk=-28.5 c0=15.2 c1=13.7 kw=12.17 inf=3.03 iv=1.67 n=4 d=11 sk=0 hf=95784 hm=79516 ht=283156 pf=0 pm=0 pt=0 ru=235764 rp=252032
19:03:58.583 @I ww=marvin cut=0.50 win=5 cool=1000 tick=100 wifi=1 srv=1 li=0 ln=0
19:03:58.583 @T t=144291 s=0.380 lv=-37.6 pk=-32.9 c0=18.0 c1=13.4 kw=11.87 inf=3.39 iv=1.62 n=3 d=11 sk=0 hf=94000 hm=79516 ht=283156 pf=0 pm=0 pt=0 ru=237548 rp=252032
19:03:58.583 @T t=144398 s=0.216 lv=-30.6 pk=-25.6 c0=18.4 c1=12.4 kw=10.74 inf=3.58 iv=1.82 n=3 d=11 sk=0 hf=95784 hm=79516 ht=283156 pf=0 pm=0 pt=0 ru=235764 rp=252032
19:03:58.583 I (144869) wake_word: score event: peak 0.80 over 690 ms -> detected
19:03:58.583 @T t=144504 s=0.032 lv=-25.0 pk=-21.3 c0=15.3 c1=14.3 kw=13.17 inf=3.30 iv=1.68 n=4 d=11 sk=0 hf=92660 hm=79516 ht=283156 pf=0 pm=0 pt=0 ru=238888 rp=252032
19:03:58.583 @T t=144591 s=0.000 lv=-35.8 pk=-33.6 c0=17.2 c1=13.9 kw=12.13 inf=3.25 iv=1.50 n=3 d=11 sk=0 hf=94000 hm=79516 ht=283156 pf=0 pm=0 pt=0 ru=237548 rp=252032
19:03:58.583 @T t=144698 s=0.000 lv=-36.6 pk=-32.6 c0=17.7 c1=11.8 kw=10.06 inf=3.33 iv=1.59 n=3 d=11 sk=0 hf=95784 hm=79516 ht=283156 pf=0 pm=0 pt=0 ru=235764 rp=252032
19:04:00.984 @T t=144804 s=0.000 lv=-28.4 pk=-25.7 c0=17.2 c1=13.3 kw=11.46 inf=2.85 iv=1.54 n=4 d=11 sk=0 hf=95780 hm=79516 ht=283156 pf=0 pm=0 pt=0 ru=235768 rp=252032
19:04:00.984 @T t=144893 s=0.000 lv=-36.4 pk=-32.2 c0=18.1 c1=14.7 kw=13.03 inf=3.60 iv=1.71 n=3 d=11 sk=0 hf=95780 hm=79516 ht=283156 pf=0 pm=0 pt=0 ru=235768 rp=252032
19:04:00.984 @T t=144999 s=0.000 lv=-40.7 pk=-38.0 c0=14.5 c1=11.5 kw=10.16 inf=3.34 iv=1.58 n=3 d=11 sk=0 hf=95780 hm=79516 ht=283156 pf=0 pm=0 pt=0 ru=235768 rp=252032
19:04:00.984 @T t=145110 s=0.000 lv=-40.4 pk=-38.4 c0=15.7 c1=13.5 kw=12.10 inf=3.13 iv=1.53 n=4 d=11 sk=0 hf=95780 hm=79516 ht=283156 pf=0 pm=0 pt=0 ru=235820 rp=252032
19:04:00.984 @T t=145197 s=0.000 lv=-40.6 pk=-40.0 c0=15.1 c1=12.6 kw=10.68 inf=2.90 iv=1.51 n=3 d=11 sk=0 hf=95780 hm=79516 ht=283156 pf=0 pm=0 pt=0 ru=235768 rp=252032
19:04:00.984 @I ww=marvin cut=0.50 win=5 cool=1000 tick=100 wifi=1 srv=1 li=0 ln=0
19:04:00.984 @T t=145291 s=0.000 lv=-41.1 pk=-40.2 c0=17.5 c1=13.0 kw=11.49 inf=3.35 iv=1.60 n=3 d=11 sk=0 hf=92140 hm=79516 ht=283156 pf=0 pm=0 pt=0 ru=239408 rp=252032
19:04:00.984 @T t=145398 s=0.000 lv=-40.4 pk=-39.2 c0=15.7 c1=13.4 kw=11.66 inf=2.93 iv=1.60 n=4 d=11 sk=0 hf=95780 hm=79516 ht=283156 pf=0 pm=0 pt=0 ru=235768 rp=252032
19:04:00.984 I (145872) stream: stream finished (silence): 1740 ms of audio sent (27 KB)
19:04:00.984 @T t=145504 s=0.000 lv=-39.3 pk=-37.7 c0=17.7 c1=12.1 kw=9.95 inf=3.26 iv=1.46 n=3 d=11 sk=0 hf=95780 hm=79516 ht=283156 pf=0 pm=0 pt=0 ru=235768 rp=252032
19:04:00.984 @T t=145590 s=0.000 lv=-39.9 pk=-39.1 c0=4.5 c1=11.0 kw=10.80 inf=2.84 iv=1.19 n=3 d=11 sk=0 hf=95780 hm=79516 ht=283156 pf=0 pm=0 pt=0 ru=235768 rp=252032
19:04:00.984 @T t=145696 s=0.000 lv=-40.7 pk=-39.6 c0=3.3 c1=9.4 kw=9.22 inf=2.27 iv=1.08 n=4 d=11 sk=0 hf=95780 hm=79516 ht=283156 pf=0 pm=0 pt=0 ru=235768 rp=252032
19:04:00.984 @T t=145802 s=0.000 lv=-41.0 pk=-39.7 c0=3.8 c1=8.5 kw=8.32 inf=2.70 iv=1.12 n=3 d=11 sk=0 hf=95780 hm=79516 ht=283156 pf=0 pm=0 pt=0 ru=235768 rp=252032
19:04:00.984 @T t=145908 s=0.000 lv=-39.8 pk=-38.0 c0=3.6 c1=10.8 kw=10.62 inf=2.60 iv=1.15 n=4 d=11 sk=0 hf=95780 hm=79516 ht=283156 pf=0 pm=0 pt=0 ru=235768 rp=252032
19:04:00.985 @T t=145994 s=0.000 lv=-39.0 pk=-38.3 c0=4.1 c1=9.2 kw=9.03 inf=2.40 iv=1.12 n=3 d=11 sk=0 hf=95780 hm=79516 ht=283156 pf=0 pm=0 pt=0 ru=235768 rp=252032
19:04:00.985 @T t=146100 s=0.000 lv=-39.9 pk=-39.1 c0=3.6 c1=8.6 kw=8.43 inf=2.74 iv=1.14 n=3 d=11 sk=0 hf=95780 hm=79516 ht=283156 pf=0 pm=0 pt=0 ru=235768 rp=252032
19:04:00.985 @T t=146206 s=0.000 lv=-40.2 pk=-38.6 c0=3.5 c1=9.7 kw=8.64 inf=2.07 iv=0.88 n=4 d=11 sk=0 hf=95780 hm=79516 ht=283156 pf=0 pm=0 pt=0 ru=235768 rp=252032
19:04:00.985 @I ww=marvin cut=0.50 win=5 cool=1000 tick=100 wifi=1 srv=1 li=0 ln=0
19:04:00.985 @T t=146298 s=0.000 lv=-38.8 pk=-37.7 c0=4.8 c1=9.9 kw=10.73 inf=3.10 iv=1.45 n=3 d=11 sk=0 hf=95780 hm=79516 ht=283156 pf=0 pm=0 pt=0 ru=235768 rp=252032
19:04:00.985 @T t=146404 s=0.000 lv=-38.7 pk=-37.7 c0=3.5 c1=8.6 kw=8.47 inf=2.75 iv=1.15 n=3 d=11 sk=0 hf=95780 hm=79516 ht=283156 pf=0 pm=0 pt=0 ru=235768 rp=252032
19:04:00.985 @T t=146493 s=0.000 lv=-40.0 pk=-38.2 c0=11.0 c1=6.3 kw=6.13 inf=1.57 iv=0.00 n=0 d=11 sk=3 hf=95780 hm=79516 ht=283156 pf=0 pm=0 pt=0 ru=235768 rp=252032
19:04:00.985 @T t=146599 s=0.000 lv=-39.3 pk=-38.0 c0=3.2 c1=5.1 kw=4.99 inf=1.53 iv=0.00 n=0 d=11 sk=3 hf=95780 hm=79516 ht=283156 pf=0 pm=0 pt=0 ru=235768 rp=252032
19:04:00.985 @T t=146704 s=0.000 lv=-40.1 pk=-39.1 c0=3.0 c1=5.2 kw=5.09 inf=1.52 iv=0.00 n=0 d=11 sk=3 hf=95780 hm=79516 ht=283156 pf=0 pm=0 pt=0 ru=235768 rp=252032
19:04:00.985 @T t=146790 s=0.000 lv=-38.9 pk=-37.0 c0=3.7 c1=6.3 kw=5.94 inf=1.52 iv=0.00 n=0 d=11 sk=3 hf=95780 hm=79516 ht=283156 pf=0 pm=0 pt=0 ru=235768 rp=252032
19:04:00.985 @T t=146897 s=0.000 lv=-39.6 pk=-38.1 c0=7.0 c1=5.6 kw=5.05 inf=1.55 iv=0.00 n=0 d=11 sk=3 hf=95784 hm=79516 ht=283156 pf=0 pm=0 pt=0 ru=235764 rp=252032
19:04:00.985 @T t=147002 s=0.000 lv=-39.7 pk=-38.5 c0=6.5 c1=5.1 kw=5.00 inf=1.53 iv=0.00 n=0 d=11 sk=3 hf=95784 hm=79516 ht=283156 pf=0 pm=0 pt=0 ru=235764 rp=252032
19:04:00.985 @T t=147108 s=0.000 lv=-40.5 pk=-39.3 c0=3.1 c1=6.1 kw=5.93 inf=1.36 iv=0.00 n=0 d=11 sk=4 hf=95784 hm=79516 ht=283156 pf=0 pm=0 pt=0 ru=235764 rp=252032
19:04:00.985 @T t=147194 s=0.000 lv=-40.6 pk=-39.1 c0=3.7 c1=5.0 kw=4.88 inf=1.82 iv=0.00 n=0 d=11 sk=2 hf=95784 hm=79516 ht=283156 pf=0 pm=0 pt=0 ru=235764 rp=252032
19:04:03.294 @I ww=marvin cut=0.50 win=5 cool=1000 tick=100 wifi=1 srv=1 li=0 ln=0
19:04:03.294 @T t=147306 s=0.000 lv=-40.6 pk=-39.9 c0=3.6 c1=5.7 kw=5.58 inf=1.36 iv=0.00 n=0 d=11 sk=4 hf=95784 hm=79516 ht=283156 pf=0 pm=0 pt=0 ru=235764 rp=252032
19:04:03.294 I (147722) stream: server: {"type":"response","text":"What is the weather today?","saved":"20260928_190357_526_e072a1d53274_marvin.wav"}
19:04:03.294 @T t=147393 s=0.000 lv=-39.6 pk=-38.3 c0=12.6 c1=5.6 kw=5.06 inf=1.88 iv=0.00 n=0 d=11 sk=2 hf=95780 hm=79516 ht=283156 pf=0 pm=0 pt=0 ru=235768 rp=252032
19:04:03.294 @T t=147498 s=0.000 lv=-40.5 pk=-39.3 c0=3.2 c1=5.1 kw=4.96 inf=1.52 iv=0.00 n=0 d=11 sk=3 hf=95780 hm=79516 ht=283156 pf=0 pm=0 pt=0 ru=235768 rp=252032
19:04:03.294 @T t=147605 s=0.000 lv=-40.2 pk=-38.3 c0=4.0 c1=5.2 kw=5.14 inf=1.53 iv=0.00 n=0 d=11 sk=3 hf=95780 hm=79516 ht=283156 pf=0 pm=0 pt=0 ru=235768 rp=252032
19:04:03.294 @T t=147691 s=0.000 lv=-40.0 pk=-38.7 c0=4.1 c1=6.5 kw=6.23 inf=1.60 iv=0.00 n=0 d=11 sk=3 hf=95780 hm=79516 ht=283156 pf=0 pm=0 pt=0 ru=235768 rp=252032
19:04:03.294 @T t=147796 s=0.000 lv=-39.0 pk=-38.2 c0=3.0 c1=5.1 kw=4.93 inf=1.51 iv=0.00 n=0 d=11 sk=3 hf=95780 hm=79516 ht=283156 pf=0 pm=0 pt=0 ru=235768 rp=252032
19:04:03.294 @T t=147903 s=0.000 lv=-40.6 pk=-39.9 c0=3.2 c1=5.1 kw=4.92 inf=1.51 iv=0.00 n=0 d=11 sk=3 hf=95780 hm=79516 ht=283156 pf=0 pm=0 pt=0 ru=235768 rp=252032
19:04:03.294 @T t=148008 s=0.000 lv=-40.0 pk=-38.9 c0=6.2 c1=6.1 kw=5.93 inf=1.36 iv=0.00 n=0 d=11 sk=4 hf=95780 hm=79516 ht=283156 pf=0 pm=0 pt=0 ru=235768 rp=252032
19:04:03.294 @T t=148095 s=0.000 lv=-40.1 pk=-38.9 c0=3.8 c1=5.1 kw=4.90 inf=1.83 iv=0.00 n=0 d=11 sk=2 hf=95780 hm=79516 ht=283156 pf=0 pm=0 pt=0 ru=235768 rp=252032
19:04:03.294 @T t=148201 s=0.000 lv=-29.4 pk=-27.1 c0=3.1 c1=16.2 kw=16.04 inf=1.36 iv=0.96 n=12 d=11 sk=0 hf=95780 hm=79516 ht=283156 pf=0 pm=0 pt=0 ru=235768 rp=252032
19:04:03.294 @I ww=marvin cut=0.50 win=5 cool=1000 tick=100 wifi=1 srv=1 li=0 ln=0
19:04:03.294 @T t=148293 s=0.000 lv=-21.3 pk=-20.0 c0=4.9 c1=10.0 kw=9.83 inf=2.77 iv=1.17 n=3 d=11 sk=0 hf=95780 hm=79516 ht=283156 pf=0 pm=0 pt=0 ru=235768 rp=252032
19:04:03.294 @T t=148399 s=0.003 lv=-27.3 pk=-23.6 c0=3.9 c1=9.8 kw=9.63 inf=2.37 iv=1.17 n=4 d=11 sk=0 hf=95780 hm=79516 ht=283156 pf=0 pm=0 pt=0 ru=235768 rp=252032
19:04:03.294 @T t=148505 s=0.102 lv=-35.1 pk=-32.6 c0=3.5 c1=8.7 kw=8.65 inf=2.77 iv=1.17 n=3 d=11 sk=0 hf=95780 hm=79516 ht=283156 pf=0 pm=0 pt=0 ru=235768 rp=252032
19:04:03.294 @T t=148594 s=0.155 lv=-38.2 pk=-37.1 c0=4.0 c1=10.8 kw=10.50 inf=2.92 iv=1.26 n=3 d=11 sk=0 hf=95780 hm=79516 ht=283156 pf=0 pm=0 pt=0 ru=235768 rp=252032
19:04:03.294 @T t=148700 s=0.339 lv=-39.8 pk=-37.4 c0=3.4 c1=9.7 kw=9.55 inf=2.35 iv=1.15 n=4 d=11 sk=0 hf=95780 hm=79516 ht=283156 pf=0 pm=0 pt=0 ru=235768 rp=252032
19:04:03.294 I (149129) kws: >>> WAKE WORD "marvin" DETECTED  (score 0.53, t = 148.75 s)
19:04:03.294 I (149148) stream: first audio sent 18 ms after the detection
19:04:03.294 @T t=148790 s=0.531 lv=-40.0 pk=-39.4 c0=13.7 c1=13.5 kw=11.00 inf=3.05 iv=1.36 n=3 d=12 sk=0 hf=90872 hm=79516 ht=283156 pf=0 pm=0 pt=0 ru=240676 rp=252032
19:04:03.294 @T t=148896 s=0.794 lv=-37.7 pk=-33.7 c0=18.5 c1=12.7 kw=10.99 inf=3.63 iv=1.86 n=3 d=12 sk=0 hf=95780 hm=79516 ht=283156 pf=0 pm=0 pt=0 ru=235768 rp=252032
19:04:03.294 @T t=149002 s=0.991 lv=-27.3 pk=-23.5 c0=18.5 c1=13.4 kw=12.54 inf=3.13 iv=1.80 n=4 d=12 sk=0 hf=95780 hm=79516 ht=283156 pf=0 pm=0 pt=0 ru=235768 rp=252032
19:04:03.294 @T t=149091 s=0.967 lv=-33.7 pk=-30.8 c0=19.6 c1=14.5 kw=12.21 inf=3.37 iv=1.61 n=3 d=12 sk=0 hf=93996 hm=79516 ht=283156 pf=0 pm=0 pt=0 ru=237552 rp=252032
19:04:03.294 @T t=149198 s=0.934 lv=-32.1 pk=-30.2 c0=17.7 c1=12.0 kw=10.43 inf=3.46 iv=1.71 n=3 d=12 sk=0 hf=91936 hm=79516 ht=283156 pf=0 pm=0 pt=0 ru=239612 rp=252032
19:04:03.294 @I ww=marvin cut=0.50 win=5 cool=1000 tick=100 wifi=1 srv=1 li=0 ln=0
19:04:03.294 @T t=149292 s=0.712 lv=-27.1 pk=-24.9 c0=18.0 c1=15.3 kw=13.49 inf=2.97 iv=1.65 n=4 d=12 sk=0 hf=92140 hm=79516 ht=283156 pf=0 pm=0 pt=0 ru=239408 rp=252032
19:04:03.294 @T t=149398 s=0.248 lv=-36.5 pk=-35.2 c0=17.1 c1=13.9 kw=11.04 inf=3.64 iv=1.83 n=3 d=12 sk=0 hf=95784 hm=79516 ht=283156 pf=0 pm=0 pt=0 ru=235764 rp=252032
19:04:03.294 @T t=149504 s=0.023 lv=-35.5 pk=-34.5 c0=14.4 c1=11.5 kw=10.19 inf=3.35 iv=1.59 n=3 d=12 sk=0 hf=95784 hm=79516 ht=283156 pf=0 pm=0 pt=0 ru=235764 rp=252032
19:04:05.488 I (149889) wake_word: score event: peak 0.99 over 750 ms -> detected
19:04:05.489 @T t=149593 s=0.000 lv=-36.8 pk=-35.0 c0=17.2 c1=16.7 kw=26.72 inf=5.75 iv=1.51 n=4 d=12 sk=0 hf=95784 hm=79516 ht=283156 pf=0 pm=0 pt=0 ru=235764 rp=252032
19:04:05.489 I (150071) wifi:[ADDBA]RX DELBA, reason:37, delete tid:0, initiator:1(originator)
19:04:05.489 @T t=149699 s=0.000 lv=-35.3 pk=-33.5 c0=19.0 c1=11.8 kw=10.57 inf=3.48 iv=1.68 n=3 d=12 sk=0 hf=95784 hm=79516 ht=283156 pf=0 pm=0 pt=0 ru=235764 rp=252032
19:04:05.489 @T t=149790 s=0.000 lv=-38.6 pk=-35.2 c0=20.1 c1=12.8 kw=11.83 inf=3.36 iv=1.58 n=3 d=12 sk=0 hf=91940 hm=79516 ht=283156 pf=0 pm=0 pt=0 ru=239608 rp=252032
19:04:05.489 @T t=149898 s=0.000 lv=-39.5 pk=-37.8 c0=15.7 c1=13.6 kw=11.54 inf=2.90 iv=1.55 n=4 d=12 sk=0 hf=95784 hm=79516 ht=283156 pf=0 pm=0 pt=0 ru=235764 rp=252032
19:04:05.489 @T t=150004 s=0.000 lv=-39.8 pk=-38.6 c0=14.1 c1=11.1 kw=9.74 inf=3.19 iv=1.44 n=3 d=12 sk=0 hf=95784 hm=79516 ht=283156 pf=0 pm=0 pt=0 ru=235764 rp=252032
19:04:05.489 @T t=150093 s=0.000 lv=-40.5 pk=-38.8 c0=21.0 c1=13.6 kw=11.88 inf=3.27 iv=1.46 n=3 d=12 sk=0 hf=95784 hm=79516 ht=283156 pf=0 pm=0 pt=0 ru=235764 rp=252032
19:04:05.489 @T t=150199 s=0.000 lv=-41.1 pk=-40.9 c0=14.2 c1=12.8 kw=11.25 inf=2.79 iv=1.45 n=4 d=12 sk=0 hf=95784 hm=79516 ht=283156 pf=0 pm=0 pt=0 ru=235764 rp=252032
19:04:05.489 @I ww=marvin cut=0.50 win=5 cool=1000 tick=100 wifi=1 srv=1 li=0 ln=0
19:04:05.489 I (150634) stream: stream finished (silence): 1500 ms of audio sent (23 KB)
19:04:05.489 @T t=150292 s=0.000 lv=-40.4 pk=-38.6 c0=16.5 c1=12.9 kw=11.13 inf=3.20 iv=1.45 n=3 d=12 sk=0 hf=95784 hm=79516 ht=283156 pf=0 pm=0 pt=0 ru=235764 rp=252032
19:04:05.489 @T t=150398 s=0.000 lv=-41.1 pk=-39.8 c0=4.0 c1=8.8 kw=8.67 inf=2.82 iv=1.21 n=3 d=12 sk=0 hf=95784 hm=79516 ht=283156 pf=0 pm=0 pt=0 ru=235764 rp=252032
19:04:05.489 @T t=150504 s=0.000 lv=-40.1 pk=-38.9 c0=3.4 c1=9.5 kw=9.31 inf=2.29 iv=1.10 n=4 d=12 sk=0 hf=95784 hm=79516 ht=283156 pf=0 pm=0 pt=0 ru=235764 rp=252032
19:04:05.489 @T t=150590 s=0.000 lv=-40.0 pk=-39.6 c0=4.2 c1=10.7 kw=10.49 inf=2.76 iv=1.14 n=3 d=12 sk=0 hf=95784 hm=79516 ht=283156 pf=0 pm=0 pt=0 ru=235764 rp=252032
19:04:05.489 @T t=150696 s=0.000 lv=-40.3 pk=-39.2 c0=3.4 c1=8.5 kw=8.33 inf=2.71 iv=1.13 n=3 d=12 sk=0 hf=95784 hm=79516 ht=283156 pf=0 pm=0 pt=0 ru=235764 rp=252032
19:04:05.489 @T t=150802 s=0.000 lv=-40.1 pk=-37.6 c0=3.3 c1=9.5 kw=9.28 inf=2.28 iv=1.09 n=4 d=12 sk=0 hf=95784 hm=79516 ht=283156 pf=0 pm=0 pt=0 ru=235764 rp=252032
19:04:05.489 @T t=150908 s=0.000 lv=-39.1 pk=-37.9 c0=3.6 c1=10.6 kw=10.44 inf=2.55 iv=1.12 n=4 d=12 sk=0 hf=95784 hm=79516 ht=283156 pf=0 pm=0 pt=0 ru=235764 rp=252032
19:04:05.489 @T t=150994 s=0.000 lv=-37.9 pk=-35.6 c0=4.6 c1=8.2 kw=8.00 inf=3.14 iv=1.20 n=2 d=12 sk=0 hf=95784 hm=79516 ht=283156 pf=0 pm=0 pt=0 ru=235764 rp=252032
19:04:05.489 @T t=151100 s=0.000 lv=-38.7 pk=-36.8 c0=3.6 c1=9.7 kw=9.51 inf=2.34 iv=1.14 n=4 d=12 sk=0 hf=95784 hm=79516 ht=283156 pf=0 pm=0 pt=0 ru=235764 rp=252032
19:04:05.489 @T t=151206 s=0.000 lv=-40.5 pk=-39.8 c0=3.4 c1=9.5 kw=8.49 inf=2.72 iv=1.13 n=3 d=12 sk=0 hf=95784 hm=79516 ht=283156 pf=0 pm=0 pt=0 ru=235764 rp=252032
19:04:05.489 @I ww=marvin cut=0.50 win=5 cool=1000 tick=100 wifi=1 srv=1 li=0 ln=0
19:04:05.489 [status] up 151s | mic -33.9 dBFS (peak -20.0) | score max 0.99 | detections 12 | inferences 233 (23.3/s; model 1.35 ms each, paused in quiet 31%; features 1.49 ms per 30 ms) | CPU core0  8.5% core1  9.5% (wake word pipeline 8.91% of one core) | RAM used 230 KB (peak 246 KB, 93 KB free) | wifi OK, server OK | audio lost since boot: i2s 0 net 0
19:04:05.489 @T t=151300 s=0.000 lv=-39.6 pk=-38.1 c0=28.7 c1=5.9 kw=6.74 inf=1.94 iv=1.17 n=1 d=12 sk=2 hf=95784 hm=79516 ht=283156 pf=0 pm=0 pt=0 ru=235764 rp=252032
19:04:05.489 @T t=151407 s=0.000 lv=-40.8 pk=-39.9 c0=6.4 c1=6.6 kw=6.11 inf=1.40 iv=0.00 n=0 d=12 sk=4 hf=95780 hm=79516 ht=283156 pf=0 pm=0 pt=0 ru=235768 rp=252032
19:04:05.489 @T t=151492 s=0.000 lv=-40.7 pk=-39.9 c0=4.1 c1=5.0 kw=4.87 inf=1.81 iv=0.00 n=0 d=12 sk=2 hf=95780 hm=79516 ht=283156 pf=0 pm=0 pt=0 ru=235768 rp=252032
19:04:05.489 @T t=151599 s=0.000 lv=-39.3 pk=-38.3 c0=3.6 c1=5.2 kw=5.02 inf=1.54 iv=0.00 n=0 d=12 sk=3 hf=95780 hm=79516 ht=283156 pf=0 pm=0 pt=0 ru=235768 rp=252032
19:04:07.883 @T t=151705 s=0.000 lv=-40.1 pk=-38.3 c0=3.2 c1=5.1 kw=5.06 inf=1.51 iv=0.00 n=0 d=12 sk=3 hf=95780 hm=79516 ht=283156 pf=0 pm=0 pt=0 ru=235768 rp=252032
19:04:07.883 @T t=151790 s=0.000 lv=-40.0 pk=-39.8 c0=7.7 c1=6.3 kw=5.91 inf=1.51 iv=0.00 n=0 d=12 sk=3 hf=95780 hm=79516 ht=283156 pf=0 pm=0 pt=0 ru=235768 rp=252032
19:04:07.883 @T t=151897 s=0.000 lv=-41.6 pk=-40.2 c0=3.1 c1=5.1 kw=4.91 inf=1.50 iv=0.00 n=0 d=12 sk=3 hf=95780 hm=79516 ht=283156 pf=0 pm=0 pt=0 ru=235768 rp=252032
19:04:07.883 @T t=152002 s=0.000 lv=-40.6 pk=-39.2 c0=3.1 c1=5.0 kw=4.91 inf=1.51 iv=0.00 n=0 d=12 sk=3 hf=95780 hm=79516 ht=283156 pf=0 pm=0 pt=0 ru=235768 rp=252032
19:04:07.883 @T t=152109 s=0.000 lv=-41.1 pk=-40.0 c0=3.5 c1=6.2 kw=6.00 inf=1.38 iv=0.00 n=0 d=12 sk=4 hf=95780 hm=79516 ht=283156 pf=0 pm=0 pt=0 ru=235768 rp=252032
19:04:07.883 I (152513) stream: server: {"type":"response","text":"Let's play some music.","saved":"20260928_190402_522_e072a1d53274_marvin.wav"}
19:04:07.883 @T t=152195 s=0.000 lv=-39.2 pk=-38.0 c0=6.4 c1=8.2 kw=5.10 inf=1.90 iv=0.00 n=0 d=12 sk=2 hf=95784 hm=79516 ht=283156 pf=0 pm=0 pt=0 ru=235764 rp=252032
19:04:07.883 @I ww=marvin cut=0.50 win=5 cool=1000 tick=100 wifi=1 srv=1 li=0 ln=0
19:04:07.883 @T t=152306 s=0.000 lv=-39.6 pk=-38.4 c0=3.9 c1=5.7 kw=5.58 inf=1.35 iv=0.00 n=0 d=12 sk=4 hf=95784 hm=79516 ht=283156 pf=0 pm=0 pt=0 ru=235764 rp=252032
19:04:07.883 @T t=152392 s=0.000 lv=-39.7 pk=-37.6 c0=3.7 c1=5.0 kw=4.90 inf=1.83 iv=0.00 n=0 d=12 sk=2 hf=95784 hm=79516 ht=283156 pf=0 pm=0 pt=0 ru=235764 rp=252032
19:04:07.883 @T t=152498 s=0.000 lv=-40.4 pk=-39.4 c0=3.0 c1=5.1 kw=4.91 inf=1.50 iv=0.00 n=0 d=12 sk=3 hf=95784 hm=79516 ht=283156 pf=0 pm=0 pt=0 ru=235764 rp=252032
19:04:07.883 @T t=152605 s=0.000 lv=-39.0 pk=-37.2 c0=3.0 c1=5.1 kw=5.06 inf=1.51 iv=0.00 n=0 d=12 sk=3 hf=95784 hm=79516 ht=283156 pf=0 pm=0 pt=0 ru=235764 rp=252032
19:04:07.883 @T t=152690 s=0.000 lv=-39.1 pk=-38.7 c0=3.6 c1=6.3 kw=6.06 inf=1.55 iv=0.00 n=0 d=12 sk=3 hf=95784 hm=79516 ht=283156 pf=0 pm=0 pt=0 ru=235764 rp=252032
19:04:07.883 @T t=152796 s=0.000 lv=-40.0 pk=-38.4 c0=2.9 c1=5.1 kw=4.93 inf=1.51 iv=0.00 n=0 d=12 sk=3 hf=95784 hm=79516 ht=283156 pf=0 pm=0 pt=0 ru=235764 rp=252032
19:04:07.883 @T t=152902 s=0.000 lv=-40.5 pk=-39.7 c0=3.1 c1=5.1 kw=4.93 inf=1.51 iv=0.00 n=0 d=12 sk=3 hf=95784 hm=79516 ht=283156 pf=0 pm=0 pt=0 ru=235764 rp=252032
19:04:07.883 @T t=153008 s=0.000 lv=-40.1 pk=-38.1 c0=3.1 c1=6.1 kw=5.91 inf=1.36 iv=0.00 n=0 d=12 sk=4 hf=95784 hm=79516 ht=283156 pf=0 pm=0 pt=0 ru=235764 rp=252032
19:04:07.883 @T t=153094 s=0.000 lv=-39.2 pk=-37.6 c0=3.8 c1=5.1 kw=4.93 inf=1.84 iv=0.00 n=0 d=12 sk=2 hf=95784 hm=79516 ht=283156 pf=0 pm=0 pt=0 ru=235764 rp=252032
19:04:07.883 @T t=153201 s=0.000 lv=-26.9 pk=-23.3 c0=3.6 c1=17.6 kw=17.35 inf=1.36 iv=0.99 n=13 d=12 sk=0 hf=95784 hm=79516 ht=283156 pf=0 pm=0 pt=0 ru=235764 rp=252032
19:04:07.883 @I ww=marvin cut=0.50 win=5 cool=1000 tick=100 wifi=1 srv=1 li=0 ln=0
19:04:07.883 @T t=153293 s=0.000 lv=-21.6 pk=-20.5 c0=14.1 c1=9.9 kw=9.69 inf=2.73 iv=1.12 n=3 d=12 sk=0 hf=95784 hm=79516 ht=283156 pf=0 pm=0 pt=0 ru=235764 rp=252032
19:04:07.883 @T t=153399 s=0.000 lv=-31.6 pk=-26.3 c0=3.5 c1=8.6 kw=8.48 inf=2.76 iv=1.18 n=3 d=12 sk=0 hf=95784 hm=79516 ht=283156 pf=0 pm=0 pt=0 ru=235764 rp=252032
19:04:07.883 @T t=153505 s=0.000 lv=-34.9 pk=-32.5 c0=3.4 c1=9.8 kw=9.72 inf=2.36 iv=1.16 n=4 d=12 sk=0 hf=95784 hm=79516 ht=283156 pf=0 pm=0 pt=0 ru=235764 rp=252032
19:04:07.883 @T t=153591 s=0.088 lv=-38.8 pk=-38.0 c0=4.2 c1=10.9 kw=10.63 inf=2.85 iv=1.18 n=3 d=12 sk=0 hf=95784 hm=79516 ht=283156 pf=0 pm=0 pt=0 ru=235764 rp=252032
19:04:07.883 I (154048) kws: >>> WAKE WORD "marvin" DETECTED  (score 0.56, t = 153.67 s)
19:04:07.883 I (154068) stream: first audio sent 18 ms after the detection
19:04:07.883 @T t=153697 s=0.563 lv=-39.2 pk=-37.9 c0=9.4 c1=10.6 kw=8.74 inf=2.84 iv=1.20 n=3 d=13 sk=0 hf=95784 hm=79516 ht=283156 pf=0 pm=0 pt=0 ru=235764 rp=252032
19:04:07.883 @T t=153803 s=0.745 lv=-39.0 pk=-38.2 c0=15.3 c1=13.8 kw=12.35 inf=3.08 iv=1.76 n=4 d=13 sk=0 hf=95784 hm=79516 ht=283156 pf=0 pm=0 pt=0 ru=235764 rp=252032
19:04:07.883 @T t=153892 s=0.995 lv=-39.9 pk=-39.5 c0=17.3 c1=13.3 kw=12.26 inf=3.38 iv=1.62 n=3 d=13 sk=0 hf=95784 hm=79516 ht=283156 pf=0 pm=0 pt=0 ru=235764 rp=252032
19:04:07.883 @T t=153998 s=0.996 lv=-39.0 pk=-37.8 c0=14.8 c1=12.7 kw=10.63 inf=3.50 iv=1.74 n=3 d=13 sk=0 hf=95784 hm=79516 ht=283156 pf=0 pm=0 pt=0 ru=235764 rp=252032
19:04:10.280 @T t=154104 s=0.989 lv=-35.8 pk=-33.6 c0=15.3 c1=13.3 kw=12.10 inf=3.02 iv=1.68 n=4 d=13 sk=0 hf=92144 hm=79516 ht=283156 pf=0 pm=0 pt=0 ru=239404 rp=252032
19:04:10.280 @T t=154193 s=0.953 lv=-33.5 pk=-30.6 c0=25.7 c1=16.2 kw=13.66 inf=3.79 iv=1.89 n=3 d=13 sk=0 hf=95780 hm=79516 ht=283156 pf=0 pm=0 pt=0 ru=235768 rp=252032
19:04:10.280 @I ww=marvin cut=0.50 win=5 cool=1000 tick=100 wifi=1 srv=1 li=0 ln=0
19:04:10.280 @T t=154291 s=0.783 lv=-31.3 pk=-28.4 c0=16.5 c1=12.6 kw=11.45 inf=3.48 iv=1.68 n=3 d=13 sk=0 hf=95780 hm=79516 ht=283156 pf=0 pm=0 pt=0 ru=235820 rp=252032
19:04:10.280 @T t=154398 s=0.416 lv=-35.2 pk=-33.8 c0=15.7 c1=13.9 kw=12.03 inf=3.03 iv=1.65 n=4 d=13 sk=0 hf=95780 hm=79516 ht=283156 pf=0 pm=0 pt=0 ru=235768 rp=252032
19:04:10.280 @T t=154504 s=0.008 lv=-30.2 pk=-27.0 c0=14.1 c1=11.2 kw=9.82 inf=3.22 iv=1.46 n=3 d=13 sk=0 hf=95780 hm=79516 ht=283156 pf=0 pm=0 pt=0 ru=235768 rp=252032
19:04:10.280 I (154889) wake_word: score event: peak 1.00 over 780 ms -> detected
19:04:10.280 @T t=154593 s=0.000 lv=-31.3 pk=-28.9 c0=23.4 c1=19.1 kw=24.42 inf=6.98 iv=1.45 n=3 d=13 sk=0 hf=95780 hm=79516 ht=283156 pf=0 pm=0 pt=0 ru=235768 rp=252032
19:04:10.280 @T t=154699 s=0.000 lv=-21.8 pk=-20.3 c0=14.2 c1=12.7 kw=11.19 inf=2.78 iv=1.44 n=4 d=13 sk=0 hf=95780 hm=79516 ht=283156 pf=0 pm=0 pt=0 ru=235768 rp=252032
19:04:10.280 @T t=154790 s=0.000 lv=-25.2 pk=-21.9 c0=16.7 c1=13.2 kw=11.83 inf=3.33 iv=1.59 n=3 d=13 sk=0 hf=91936 hm=79516 ht=283156 pf=0 pm=0 pt=0 ru=239612 rp=252032
19:04:10.280 @T t=154896 s=0.000 lv=-37.4 pk=-34.6 c0=14.6 c1=11.5 kw=9.77 inf=3.20 iv=1.46 n=3 d=13 sk=0 hf=95780 hm=79516 ht=283156 pf=0 pm=0 pt=0 ru=235768 rp=252032
19:04:10.280 @T t=155002 s=0.000 lv=-37.0 pk=-32.8 c0=14.9 c1=12.9 kw=11.45 inf=2.84 iv=1.49 n=4 d=13 sk=0 hf=95780 hm=79516 ht=283156 pf=0 pm=0 pt=0 ru=235768 rp=252032
19:04:10.280 @T t=155091 s=0.000 lv=-32.4 pk=-29.8 c0=17.2 c1=13.6 kw=11.89 inf=3.27 iv=1.52 n=3 d=13 sk=0 hf=95780 hm=79516 ht=283156 pf=0 pm=0 pt=0 ru=235768 rp=252032
19:04:10.280 @T t=155197 s=0.016 lv=-34.4 pk=-33.3 c0=16.9 c1=11.4 kw=9.97 inf=3.27 iv=1.52 n=3 d=13 sk=0 hf=95780 hm=79516 ht=283156 pf=0 pm=0 pt=0 ru=235768 rp=252032
19:04:10.280 @I ww=marvin cut=0.50 win=5 cool=1000 tick=100 wifi=1 srv=1 li=0 ln=0
19:04:10.280 @T t=155291 s=0.019 lv=-31.7 pk=-28.0 c0=17.2 c1=14.2 kw=12.81 inf=2.82 iv=1.51 n=4 d=13 sk=0 hf=93996 hm=79516 ht=283156 pf=0 pm=0 pt=0 ru=237552 rp=252032
19:04:10.280 @T t=155398 s=0.003 lv=-32.2 pk=-27.8 c0=17.8 c1=11.6 kw=10.16 inf=3.37 iv=1.63 n=3 d=13 sk=0 hf=91936 hm=79516 ht=283156 pf=0 pm=0 pt=0 ru=239612 rp=252032
19:04:10.280 @T t=155504 s=0.000 lv=-35.4 pk=-32.7 c0=17.1 c1=11.4 kw=9.75 inf=3.19 iv=1.44 n=3 d=13 sk=0 hf=95780 hm=79516 ht=283156 pf=0 pm=0 pt=0 ru=235768 rp=252032
19:04:10.280 @T t=155592 s=0.000 lv=-39.5 pk=-38.9 c0=17.7 c1=15.5 kw=13.94 inf=2.87 iv=1.49 n=4 d=13 sk=0 hf=92140 hm=79516 ht=283156 pf=0 pm=0 pt=0 ru=239408 rp=252032
19:04:10.280 @T t=155698 s=0.000 lv=-39.3 pk=-38.4 c0=14.4 c1=11.0 kw=9.73 inf=3.19 iv=1.43 n=3 d=13 sk=0 hf=95780 hm=79516 ht=283156 pf=0 pm=0 pt=0 ru=235768 rp=252032
19:04:10.280 @T t=155804 s=0.000 lv=-39.6 pk=-38.6 c0=14.2 c1=11.2 kw=9.80 inf=3.21 iv=1.44 n=3 d=13 sk=0 hf=95780 hm=79516 ht=283156 pf=0 pm=0 pt=0 ru=235768 rp=252032
19:04:10.280 @T t=155893 s=0.000 lv=-40.5 pk=-39.8 c0=18.0 c1=15.5 kw=13.72 inf=2.86 iv=1.48 n=4 d=13 sk=0 hf=95780 hm=79516 ht=283156 pf=0 pm=0 pt=0 ru=235768 rp=252032
19:04:10.280 @T t=155999 s=0.000 lv=-40.2 pk=-38.6 c0=17.2 c1=11.2 kw=9.74 inf=3.19 iv=1.43 n=3 d=13 sk=0 hf=95780 hm=79516 ht=283156 pf=0 pm=0 pt=0 ru=235768 rp=252032
19:04:10.280 I (156395) stream: stream finished (silence): 2340 ms of audio sent (36 KB)
19:04:10.280 @T t=156105 s=0.000 lv=-39.2 pk=-37.9 c0=12.2 c1=9.7 kw=9.13 inf=2.94 iv=1.29 n=3 d=13 sk=0 hf=95780 hm=79516 ht=283156 pf=0 pm=0 pt=0 ru=235768 rp=252032
19:04:10.280 @T t=156193 s=0.000 lv=-40.1 pk=-39.0 c0=7.9 c1=13.0 kw=12.37 inf=2.56 iv=1.34 n=4 d=13 sk=0 hf=95784 hm=79516 ht=283156 pf=0 pm=0 pt=0 ru=235764 rp=252032
19:04:10.281 @I ww=marvin cut=0.50 win=5 cool=1000 tick=100 wifi=1 srv=1 li=0 ln=0
19:04:10.281 @T t=156305 s=0.000 lv=-39.0 pk=-37.7 c0=4.0 c1=8.1 kw=8.00 inf=2.70 iv=1.12 n=3 d=13 sk=0 hf=95784 hm=79516 ht=283156 pf=0 pm=0 pt=0 ru=235764 rp=252032
19:04:10.281 @T t=156393 s=0.000 lv=-39.3 pk=-38.5 c0=4.6 c1=11.0 kw=10.67 inf=2.93 iv=1.26 n=3 d=13 sk=0 hf=95784 hm=79516 ht=283156 pf=0 pm=0 pt=0 ru=235764 rp=252032
19:04:12.675 @T t=156502 s=0.000 lv=-39.7 pk=-38.7 c0=3.1 c1=9.1 kw=8.98 inf=2.27 iv=1.08 n=4 d=13 sk=0 hf=95784 hm=79516 ht=283156 pf=0 pm=0 pt=0 ru=235764 rp=252032
19:04:12.675 @T t=156608 s=0.000 lv=-39.8 pk=-38.4 c0=3.8 c1=10.9 kw=10.64 inf=2.60 iv=1.16 n=4 d=13 sk=0 hf=95784 hm=79516 ht=283156 pf=0 pm=0 pt=0 ru=235764 rp=252032
19:04:12.675 @T t=156694 s=0.000 lv=-39.6 pk=-38.1 c0=4.0 c1=8.0 kw=7.83 inf=3.08 iv=1.17 n=2 d=13 sk=0 hf=95784 hm=79516 ht=283156 pf=0 pm=0 pt=0 ru=235764 rp=252032
19:04:12.675 @T t=156800 s=0.000 lv=-41.2 pk=-40.0 c0=6.6 c1=9.4 kw=9.18 inf=2.25 iv=1.07 n=4 d=13 sk=0 hf=95784 hm=79516 ht=283156 pf=0 pm=0 pt=0 ru=235764 rp=252032
19:04:12.676 @T t=156906 s=0.000 lv=-39.5 pk=-38.4 c0=3.6 c1=9.6 kw=8.58 inf=2.75 iv=1.14 n=3 d=13 sk=0 hf=95784 hm=79516 ht=283156 pf=0 pm=0 pt=0 ru=235764 rp=252032
19:04:12.676 @T t=156992 s=0.000 lv=-38.7 pk=-37.9 c0=4.0 c1=9.6 kw=10.45 inf=2.80 iv=1.20 n=3 d=13 sk=0 hf=95784 hm=79516 ht=283156 pf=0 pm=0 pt=0 ru=235764 rp=252032
19:04:12.676 @T t=157098 s=0.000 lv=-39.2 pk=-37.9 c0=3.5 c1=7.6 kw=7.41 inf=1.78 iv=1.19 n=2 d=13 sk=2 hf=95784 hm=79516 ht=283156 pf=0 pm=0 pt=0 ru=235764 rp=252032
19:04:12.676 @T t=157204 s=0.000 lv=-38.8 pk=-37.8 c0=3.8 c1=5.1 kw=5.01 inf=1.53 iv=0.00 n=0 d=13 sk=3 hf=95784 hm=79516 ht=283156 pf=0 pm=0 pt=0 ru=235764 rp=252032
19:04:12.676 @I ww=marvin cut=0.50 win=5 cool=1000 tick=100 wifi=1 srv=1 li=0 ln=0
19:04:12.676 @T t=157294 s=0.000 lv=-39.5 pk=-38.7 c0=12.7 c1=6.0 kw=5.84 inf=1.53 iv=0.00 n=0 d=13 sk=3 hf=95784 hm=79516 ht=283156 pf=0 pm=0 pt=0 ru=235764 rp=252032
19:04:12.676 @T t=157401 s=0.000 lv=-40.7 pk=-39.0 c0=3.1 c1=5.1 kw=4.95 inf=1.52 iv=0.00 n=0 d=13 sk=3 hf=95784 hm=79516 ht=283156 pf=0 pm=0 pt=0 ru=235764 rp=252032
19:04:12.676 @T t=157506 s=0.000 lv=-40.4 pk=-38.7 c0=6.3 c1=6.1 kw=5.90 inf=1.36 iv=0.00 n=0 d=13 sk=4 hf=95784 hm=79516 ht=283156 pf=0 pm=0 pt=0 ru=235764 rp=252032
19:04:12.676 @T t=157592 s=0.000 lv=-40.7 pk=-40.0 c0=3.7 c1=5.0 kw=4.87 inf=1.82 iv=0.00 n=0 d=13 sk=2 hf=95784 hm=79516 ht=283156 pf=0 pm=0 pt=0 ru=235764 rp=252032
19:04:12.676 @T t=157698 s=0.000 lv=-39.8 pk=-39.0 c0=3.0 c1=5.1 kw=4.93 inf=1.51 iv=0.00 n=0 d=13 sk=3 hf=95784 hm=79516 ht=283156 pf=0 pm=0 pt=0 ru=235764 rp=252032
19:04:12.676 @T t=157805 s=0.000 lv=-40.0 pk=-39.3 c0=3.4 c1=5.2 kw=5.14 inf=1.54 iv=0.00 n=0 d=13 sk=3 hf=95784 hm=79516 ht=283156 pf=0 pm=0 pt=0 ru=235764 rp=252032
19:04:12.676 I (158259) stream: server: {"type":"response","text":"Set an alarm for seven.","saved":"20260928_190407_443_e072a1d53274_marvin.wav"}
19:04:12.676 @T t=157891 s=0.000 lv=-40.1 pk=-38.8 c0=8.1 c1=7.9 kw=6.15 inf=1.57 iv=0.00 n=0 d=13 sk=3 hf=95780 hm=79516 ht=283156 pf=0 pm=0 pt=0 ru=235768 rp=252032
19:04:12.676 @T t=157996 s=0.000 lv=-40.9 pk=-40.4 c0=3.3 c1=5.0 kw=4.93 inf=1.51 iv=0.00 n=0 d=13 sk=3 hf=95780 hm=79516 ht=283156 pf=0 pm=0 pt=0 ru=235768 rp=252032
19:04:12.676 @T t=158103 s=0.000 lv=-39.4 pk=-38.6 c0=3.7 c1=5.2 kw=4.99 inf=1.53 iv=0.00 n=0 d=13 sk=3 hf=95780 hm=79516 ht=283156 pf=0 pm=0 pt=0 ru=235768 rp=252032
19:04:12.676 I (158580) wifi:[ADDBA]RX DELBA, reason:37, delete tid:0, initiator:1(originator)
19:04:12.676 @T t=158209 s=0.000 lv=-40.9 pk=-39.5 c0=5.1 c1=6.2 kw=6.06 inf=1.39 iv=0.00 n=0 d=13 sk=4 hf=95780 hm=79516 ht=283156 pf=0 pm=0 pt=0 ru=235768 rp=252032
19:04:12.676 @I ww=marvin cut=0.50 win=5 cool=1000 tick=100 wifi=1 srv=1 li=0 ln=0
19:04:12.676 @T t=158300 s=0.000 lv=-41.1 pk=-40.3 c0=4.5 c1=4.7 kw=4.57 inf=1.82 iv=0.00 n=0 d=13 sk=2 hf=95780 hm=79516 ht=283156 pf=0 pm=0 pt=0 ru=235768 rp=252032
19:04:12.676 @T t=158407 s=0.000 lv=-39.4 pk=-37.7 c0=3.1 c1=6.1 kw=5.89 inf=1.35 iv=0.00 n=0 d=13 sk=4 hf=95780 hm=79516 ht=283156 pf=0 pm=0 pt=0 ru=235768 rp=252032
19:04:12.676 @T t=158492 s=0.000 lv=-39.5 pk=-37.9 c0=3.7 c1=5.0 kw=4.90 inf=1.83 iv=0.00 n=0 d=13 sk=2 hf=95780 hm=79516 ht=283156 pf=0 pm=0 pt=0 ru=235768 rp=252032
19:04:12.676 @T t=158598 s=0.000 lv=-40.7 pk=-39.1 c0=3.0 c1=5.1 kw=4.92 inf=1.51 iv=0.00 n=0 d=13 sk=3 hf=95780 hm=79516 ht=283156 pf=0 pm=0 pt=0 ru=235768 rp=252032
19:04:12.676 @T t=158704 s=0.000 lv=-40.6 pk=-39.7 c0=3.0 c1=5.1 kw=5.08 inf=1.52 iv=0.00 n=0 d=13 sk=3 hf=95780 hm=79516 ht=283156 pf=0 pm=0 pt=0 ru=235768 rp=252032
19:04:12.676 @T t=158790 s=0.000 lv=-40.8 pk=-40.3 c0=3.6 c1=6.3 kw=6.05 inf=1.55 iv=0.00 n=0 d=13 sk=3 hf=95780 hm=79516 ht=283156 pf=0 pm=0 pt=0 ru=235768 rp=252032
19:04:14.984 @T t=158897 s=0.000 lv=-26.5 pk=-21.9 c0=7.1 c1=17.8 kw=17.51 inf=1.48 iv=1.06 n=12 d=13 sk=0 hf=95784 hm=79516 ht=283156 pf=0 pm=0 pt=0 ru=235764 rp=252032
19:04:14.984 @T t=159003 s=0.000 lv=-24.1 pk=-22.2 c0=6.7 c1=8.6 kw=8.44 inf=2.74 iv=1.15 n=3 d=13 sk=0 hf=95784 hm=79516 ht=283156 pf=0 pm=0 pt=0 ru=235764 rp=252032
19:04:14.984 @T t=159109 s=0.014 lv=-36.3 pk=-33.5 c0=4.2 c1=11.4 kw=11.18 inf=2.74 iv=1.27 n=4 d=13 sk=0 hf=95784 hm=79516 ht=283156 pf=0 pm=0 pt=0 ru=235764 rp=252032
19:04:14.984 @T t=159195 s=0.070 lv=-38.3 pk=-36.3 c0=4.2 c1=9.6 kw=9.41 inf=2.50 iv=1.21 n=3 d=13 sk=0 hf=95784 hm=79516 ht=283156 pf=0 pm=0 pt=0 ru=235764 rp=252032
19:04:14.984 @I ww=marvin cut=0.50 win=5 cool=1000 tick=100 wifi=1 srv=1 li=0 ln=0
19:04:14.984 I (159689) kws: >>> WAKE WORD "marvin" DETECTED  (score 0.60, t = 159.31 s)
19:04:14.984 @T t=159307 s=0.600 lv=-39.8 pk=-38.6 c0=4.0 c1=10.0 kw=10.09 inf=2.61 iv=1.17 n=4 d=14 sk=0 hf=95784 hm=79516 ht=283156 pf=0 pm=0 pt=0 ru=235764 rp=252032
19:04:14.984 I (159710) stream: first audio sent 19 ms after the detection
19:04:14.984 @T t=159400 s=0.595 lv=-40.8 pk=-40.3 c0=18.7 c1=14.7 kw=10.66 inf=3.10 iv=1.65 n=3 d=14 sk=0 hf=95784 hm=79516 ht=283156 pf=0 pm=0 pt=0 ru=235764 rp=252032
19:04:14.984 @T t=159491 s=0.996 lv=-28.8 pk=-22.9 c0=17.2 c1=12.9 kw=11.69 inf=3.29 iv=1.51 n=3 d=14 sk=0 hf=95784 hm=79516 ht=283156 pf=0 pm=0 pt=0 ru=235764 rp=252032
19:04:14.984 @T t=159597 s=0.996 lv=-19.6 pk=-18.0 c0=16.7 c1=11.7 kw=9.99 inf=3.28 iv=1.51 n=3 d=14 sk=0 hf=95784 hm=79516 ht=283156 pf=0 pm=0 pt=0 ru=235764 rp=252032
19:04:14.984 @T t=159703 s=0.996 lv=-26.9 pk=-23.0 c0=14.6 c1=12.8 kw=11.39 inf=2.83 iv=1.51 n=4 d=14 sk=0 hf=95784 hm=79516 ht=283156 pf=0 pm=0 pt=0 ru=235764 rp=252032
19:04:14.984 @T t=159791 s=0.996 lv=-25.1 pk=-21.9 c0=19.3 c1=12.9 kw=12.09 inf=3.29 iv=1.52 n=3 d=14 sk=0 hf=95784 hm=79516 ht=283156 pf=0 pm=0 pt=0 ru=235764 rp=252032
19:04:14.984 @T t=159898 s=0.961 lv=-27.1 pk=-22.5 c0=15.1 c1=14.6 kw=10.91 inf=3.64 iv=1.88 n=3 d=14 sk=0 hf=95780 hm=79516 ht=283156 pf=0 pm=0 pt=0 ru=235768 rp=252032
19:04:14.984 @T t=160004 s=0.832 lv=-31.2 pk=-25.5 c0=17.7 c1=13.6 kw=12.15 inf=3.03 iv=1.68 n=4 d=14 sk=0 hf=95780 hm=79516 ht=283156 pf=0 pm=0 pt=0 ru=235768 rp=252032
19:04:14.984 @T t=160093 s=0.239 lv=-36.8 pk=-34.6 c0=22.8 c1=15.1 kw=13.41 inf=3.72 iv=1.84 n=3 d=14 sk=0 hf=95780 hm=79516 ht=283156 pf=0 pm=0 pt=0 ru=235768 rp=252032
19:04:14.984 I (160548) wake_word: score event: peak 1.00 over 810 ms -> detected
19:04:14.984 @T t=160199 s=0.002 lv=-40.3 pk=-37.6 c0=15.2 c1=12.8 kw=11.41 inf=3.77 iv=1.61 n=3 d=14 sk=0 hf=95780 hm=79516 ht=283156 pf=0 pm=0 pt=0 ru=235768 rp=252032
19:04:14.984 @I ww=marvin cut=0.50 win=5 cool=1000 tick=100 wifi=1 srv=1 li=0 ln=0
19:04:14.984 @T t=160291 s=0.000 lv=-40.6 pk=-39.6 c0=18.3 c1=14.6 kw=13.38 inf=2.89 iv=1.53 n=4 d=14 sk=0 hf=95780 hm=79516 ht=283156 pf=0 pm=0 pt=0 ru=235768 rp=252032
19:04:14.984 @T t=160400 s=0.000 lv=-40.6 pk=-39.4 c0=13.7 c1=11.9 kw=9.46 inf=3.18 iv=1.43 n=3 d=14 sk=0 hf=95780 hm=79516 ht=283156 pf=0 pm=0 pt=0 ru=235768 rp=252032
19:04:14.984 @T t=160491 s=0.000 lv=-40.6 pk=-39.9 c0=19.7 c1=12.4 kw=11.36 inf=3.19 iv=1.45 n=3 d=14 sk=0 hf=95780 hm=79516 ht=283156 pf=0 pm=0 pt=0 ru=235768 rp=252032
19:04:14.984 @T t=160598 s=0.000 lv=-39.5 pk=-38.1 c0=17.3 c1=13.7 kw=11.07 inf=2.77 iv=1.45 n=4 d=14 sk=0 hf=95780 hm=79516 ht=283156 pf=0 pm=0 pt=0 ru=235768 rp=252032
19:04:14.984 @T t=160704 s=0.000 lv=-40.6 pk=-40.2 c0=14.3 c1=11.2 kw=9.66 inf=3.16 iv=1.42 n=3 d=14 sk=0 hf=95780 hm=79516 ht=283156 pf=0 pm=0 pt=0 ru=235768 rp=252032
19:04:14.984 @T t=160793 s=0.000 lv=-41.4 pk=-40.4 c0=16.1 c1=13.2 kw=11.74 inf=3.23 iv=1.44 n=3 d=14 sk=0 hf=95780 hm=79516 ht=283156 pf=0 pm=0 pt=0 ru=235768 rp=252032
19:04:14.984 I (161192) stream: stream finished (silence): 1500 ms of audio sent (23 KB)
19:04:14.984 @T t=160899 s=0.000 lv=-40.9 pk=-40.1 c0=12.6 c1=11.2 kw=10.19 inf=2.51 iv=1.24 n=4 d=14 sk=0 hf=95780 hm=79516 ht=283156 pf=0 pm=0 pt=0 ru=235768 rp=252032
19:04:14.984 @T t=161005 s=0.000 lv=-39.4 pk=-38.6 c0=6.1 c1=8.6 kw=8.50 inf=2.72 iv=1.14 n=3 d=14 sk=0 hf=95780 hm=79516 ht=283156 pf=0 pm=0 pt=0 ru=235768 rp=252032
19:04:14.984 @T t=161094 s=0.000 lv=-39.7 pk=-38.7 c0=4.6 c1=10.6 kw=10.29 inf=2.86 iv=1.20 n=3 d=14 sk=0 hf=95780 hm=79516 ht=283156 pf=0 pm=0 pt=0 ru=235768 rp=252032
19:04:17.091 @T t=161200 s=0.000 lv=-40.5 pk=-39.5 c0=4.3 c1=9.7 kw=9.53 inf=2.34 iv=1.14 n=4 d=14 sk=0 hf=95780 hm=79516 ht=283156 pf=0 pm=0 pt=0 ru=235768 rp=252032
19:04:17.091 @I ww=marvin cut=0.50 win=5 cool=1000 tick=100 wifi=1 srv=1 li=0 ln=0
19:04:17.091 [status] up 161s | mic -32.2 dBFS (peak -18.0) | score max 1.00 | detections 14 | inferences 231 (23.1/s; model 1.37 ms each, paused in quiet 32%; features 1.49 ms per 30 ms) | CPU core0  9.7% core1  9.7% (wake word pipeline 8.96% of one core) | RAM used 230 KB (peak 246 KB, 93 KB free) | wifi OK, server OK | audio lost since boot: i2s 0 net 0
19:04:17.091 @T t=161314 s=0.000 lv=-40.5 pk=-39.3 c0=30.9 c1=10.3 kw=10.09 inf=2.65 iv=1.19 n=4 d=14 sk=0 hf=95780 hm=79516 ht=283156 pf=0 pm=0 pt=0 ru=235768 rp=252032
19:04:17.091 @T t=161400 s=0.000 lv=-40.1 pk=-38.6 c0=4.1 c1=8.0 kw=7.85 inf=3.09 iv=1.17 n=2 d=14 sk=0 hf=95780 hm=79516 ht=283156 pf=0 pm=0 pt=0 ru=235768 rp=252032
19:04:17.091 @T t=161506 s=0.000 lv=-41.3 pk=-40.6 c0=3.4 c1=10.5 kw=10.35 inf=2.53 iv=1.11 n=4 d=14 sk=0 hf=95780 hm=79516 ht=283156 pf=0 pm=0 pt=0 ru=235768 rp=252032
19:04:17.091 @T t=161591 s=0.000 lv=-41.6 pk=-40.1 c0=4.1 c1=5.1 kw=4.96 inf=1.85 iv=0.00 n=0 d=14 sk=2 hf=95780 hm=79516 ht=283156 pf=0 pm=0 pt=0 ru=235768 rp=252032
19:04:17.091 @T t=161697 s=0.000 lv=-39.0 pk=-36.4 c0=3.0 c1=5.0 kw=4.90 inf=1.50 iv=0.00 n=0 d=14 sk=3 hf=95780 hm=79516 ht=283156 pf=0 pm=0 pt=0 ru=235768 rp=252032
19:04:17.092 @T t=161803 s=0.000 lv=-39.4 pk=-38.8 c0=3.0 c1=5.1 kw=4.96 inf=1.52 iv=0.00 n=0 d=14 sk=3 hf=95780 hm=79516 ht=283156 pf=0 pm=0 pt=0 ru=235768 rp=252032
19:04:17.092 @T t=161909 s=0.000 lv=-41.0 pk=-40.3 c0=3.6 c1=6.2 kw=6.00 inf=1.36 iv=0.00 n=0 d=14 sk=4 hf=95780 hm=79516 ht=283156 pf=0 pm=0 pt=0 ru=235768 rp=252032
19:04:17.092 @T t=161994 s=0.000 lv=-39.3 pk=-38.1 c0=3.9 c1=5.1 kw=4.93 inf=1.84 iv=0.00 n=0 d=14 sk=2 hf=95780 hm=79516 ht=283156 pf=0 pm=0 pt=0 ru=235768 rp=252032
19:04:17.092 @T t=162101 s=0.000 lv=-40.5 pk=-39.8 c0=3.2 c1=5.1 kw=4.94 inf=1.51 iv=0.00 n=0 d=14 sk=3 hf=95780 hm=79516 ht=283156 pf=0 pm=0 pt=0 ru=235768 rp=252032
19:04:17.092 I (162544) wifi:[ADDBA]RX DELBA, reason:37, delete tid:0, initiator:1(originator)
19:04:17.092 @T t=162207 s=0.000 lv=-38.0 pk=-33.0 c0=4.8 c1=18.6 kw=18.36 inf=1.43 iv=0.99 n=13 d=14 sk=0 hf=95780 hm=79516 ht=283156 pf=0 pm=0 pt=0 ru=235768 rp=252032
19:04:17.092 @I ww=marvin cut=0.50 win=5 cool=1000 tick=100 wifi=1 srv=1 li=0 ln=0
19:04:17.092 @T t=162299 s=0.000 lv=-40.4 pk=-38.9 c0=5.3 c1=7.7 kw=7.52 inf=3.16 iv=1.21 n=2 d=14 sk=0 hf=95780 hm=79516 ht=283156 pf=0 pm=0 pt=0 ru=235768 rp=252032
19:04:17.092 @T t=162405 s=0.000 lv=-40.7 pk=-40.3 c0=3.6 c1=9.7 kw=9.59 inf=2.33 iv=1.12 n=4 d=14 sk=0 hf=95780 hm=79516 ht=283156 pf=0 pm=0 pt=0 ru=235768 rp=252032
19:04:17.092 @T t=162491 s=0.000 lv=-39.0 pk=-38.1 c0=4.1 c1=10.6 kw=10.37 inf=2.78 iv=1.13 n=3 d=14 sk=0 hf=95780 hm=79516 ht=283156 pf=0 pm=0 pt=0 ru=235768 rp=252032
19:04:17.092 @T t=162597 s=0.000 lv=-40.8 pk=-39.1 c0=3.4 c1=8.5 kw=8.32 inf=2.70 iv=1.13 n=3 d=14 sk=0 hf=95780 hm=79516 ht=283156 pf=0 pm=0 pt=0 ru=235768 rp=252032
19:04:17.092 I (163019) stream: server: {"type":"response","text":"Call my mother.","saved":"20260928_190413_082_e072a1d53274_marvin.wav"}
19:04:17.092 @T t=162703 s=0.000 lv=-40.1 pk=-38.9 c0=7.2 c1=10.3 kw=9.77 inf=2.40 iv=1.19 n=4 d=14 sk=0 hf=95784 hm=79516 ht=283156 pf=0 pm=0 pt=0 ru=235764 rp=252032
19:04:17.092 @T t=162809 s=0.000 lv=-38.7 pk=-37.8 c0=3.4 c1=10.5 kw=10.28 inf=2.51 iv=1.09 n=4 d=14 sk=0 hf=95784 hm=79516 ht=283156 pf=0 pm=0 pt=0 ru=235764 rp=252032
19:04:17.092 @T t=162895 s=0.000 lv=-40.2 pk=-38.7 c0=5.1 c1=8.2 kw=8.00 inf=3.15 iv=1.21 n=2 d=14 sk=0 hf=95784 hm=79516 ht=283156 pf=0 pm=0 pt=0 ru=235764 rp=252032
19:04:17.092 @T t=163001 s=0.000 lv=-40.3 pk=-38.6 c0=3.4 c1=9.7 kw=9.56 inf=2.35 iv=1.14 n=4 d=14 sk=0 hf=95784 hm=79516 ht=283156 pf=0 pm=0 pt=0 ru=235764 rp=252032
19:04:17.092 @T t=163107 s=0.000 lv=-39.1 pk=-38.5 c0=3.5 c1=10.6 kw=10.40 inf=2.54 iv=1.11 n=4 d=14 sk=0 hf=95784 hm=79516 ht=283156 pf=0 pm=0 pt=0 ru=235764 rp=252032
19:04:17.092 @T t=163193 s=0.000 lv=-39.7 pk=-37.5 c0=4.2 c1=8.3 kw=8.07 inf=3.18 iv=1.26 n=2 d=14 sk=0 hf=95784 hm=79516 ht=283156 pf=0 pm=0 pt=0 ru=235764 rp=252032
19:04:17.092 @I ww=marvin cut=0.50 win=5 cool=1000 tick=100 wifi=1 srv=1 li=0 ln=0
19:04:19.481 @T t=163305 s=0.000 lv=-39.3 pk=-38.2 c0=4.0 c1=9.4 kw=9.27 inf=2.38 iv=1.17 n=4 d=14 sk=0 hf=95784 hm=79516 ht=283156 pf=0 pm=0 pt=0 ru=235764 rp=252032
19:04:19.481 @T t=163391 s=0.000 lv=-40.6 pk=-40.0 c0=4.7 c1=11.5 kw=11.20 inf=3.01 iv=1.30 n=3 d=14 sk=0 hf=95784 hm=79516 ht=283156 pf=0 pm=0 pt=0 ru=235764 rp=252032
19:04:19.481 @T t=163497 s=0.000 lv=-40.2 pk=-39.2 c0=3.5 c1=8.8 kw=8.63 inf=2.81 iv=1.20 n=3 d=14 sk=0 hf=95784 hm=79516 ht=283156 pf=0 pm=0 pt=0 ru=235764 rp=252032
19:04:19.481 @T t=163603 s=0.000 lv=-29.4 pk=-26.0 c0=3.5 c1=9.9 kw=9.68 inf=2.38 iv=1.17 n=4 d=14 sk=0 hf=95784 hm=79516 ht=283156 pf=0 pm=0 pt=0 ru=235764 rp=252032
19:04:19.481 @T t=163709 s=0.001 lv=-21.3 pk=-19.4 c0=6.9 c1=12.4 kw=12.16 inf=2.99 iv=1.49 n=4 d=14 sk=0 hf=95780 hm=79516 ht=283156 pf=0 pm=0 pt=0 ru=235768 rp=252032
19:04:19.481 @T t=163795 s=0.080 lv=-35.3 pk=-31.5 c0=8.2 c1=8.3 kw=8.15 inf=3.21 iv=1.28 n=2 d=14 sk=0 hf=95780 hm=79516 ht=283156 pf=0 pm=0 pt=0 ru=235768 rp=252032
19:04:19.481 I (164249) kws: >>> WAKE WORD "marvin" DETECTED  (score 0.56, t = 163.87 s)
19:04:19.481 I (164270) stream: first audio sent 19 ms after the detection
19:04:19.481 @T t=163901 s=0.555 lv=-34.7 pk=-32.0 c0=10.7 c1=13.0 kw=10.95 inf=2.71 iv=1.46 n=4 d=15 sk=0 hf=95780 hm=79516 ht=283156 pf=0 pm=0 pt=0 ru=235768 rp=252032
19:04:19.481 @T t=163991 s=0.619 lv=-40.8 pk=-39.6 c0=18.6 c1=13.3 kw=11.81 inf=3.29 iv=1.51 n=3 d=15 sk=0 hf=91936 hm=79516 ht=283156 pf=0 pm=0 pt=0 ru=239612 rp=252032
19:04:19.481 @T t=164097 s=0.948 lv=-40.0 pk=-37.9 c0=14.4 c1=11.8 kw=10.07 inf=3.30 iv=1.52 n=3 d=15 sk=0 hf=95780 hm=79516 ht=283156 pf=0 pm=0 pt=0 ru=235768 rp=252032
19:04:19.481 @T t=164203 s=0.991 lv=-40.3 pk=-38.5 c0=14.8 c1=13.1 kw=11.62 inf=2.89 iv=1.53 n=4 d=15 sk=0 hf=95780 hm=79516 ht=283156 pf=0 pm=0 pt=0 ru=235768 rp=252032
19:04:19.481 @I ww=marvin cut=0.50 win=5 cool=1000 tick=100 wifi=1 srv=1 li=0 ln=0
19:04:19.481 @T t=164295 s=0.996 lv=-39.2 pk=-37.2 c0=23.0 c1=13.2 kw=11.56 inf=3.29 iv=1.52 n=3 d=15 sk=0 hf=95780 hm=79516 ht=283156 pf=0 pm=0 pt=0 ru=235768 rp=252032
19:04:19.481 @T t=164401 s=0.996 lv=-28.5 pk=-24.3 c0=13.7 c1=11.1 kw=9.98 inf=3.27 iv=1.52 n=3 d=15 sk=0 hf=91936 hm=79516 ht=283156 pf=0 pm=0 pt=0 ru=239612 rp=252032
19:04:19.481 @T t=164491 s=0.996 lv=-30.0 pk=-24.7 c0=17.5 c1=15.6 kw=14.00 inf=2.88 iv=1.54 n=4 d=15 sk=0 hf=93996 hm=79516 ht=283156 pf=0 pm=0 pt=0 ru=237552 rp=252032
19:04:19.481 @T t=164597 s=0.996 lv=-34.3 pk=-31.9 c0=17.0 c1=11.4 kw=9.97 inf=3.26 iv=1.51 n=3 d=15 sk=0 hf=93996 hm=79516 ht=283156 pf=0 pm=0 pt=0 ru=237552 rp=252032
19:04:19.481 @T t=164704 s=0.985 lv=-36.1 pk=-33.3 c0=14.8 c1=12.0 kw=10.37 inf=3.44 iv=1.66 n=3 d=15 sk=0 hf=95780 hm=79516 ht=283156 pf=0 pm=0 pt=0 ru=235768 rp=252032
19:04:19.481 @T t=164796 s=0.719 lv=-34.5 pk=-30.0 c0=17.8 c1=16.0 kw=14.48 inf=3.14 iv=1.74 n=4 d=15 sk=0 hf=95780 hm=79516 ht=283156 pf=0 pm=0 pt=0 ru=235768 rp=252032
19:04:19.481 @T t=164902 s=0.017 lv=-26.3 pk=-25.6 c0=14.9 c1=12.1 kw=10.42 inf=3.43 iv=1.58 n=3 d=15 sk=0 hf=95780 hm=79516 ht=283156 pf=0 pm=0 pt=0 ru=235768 rp=252032
19:04:19.481 I (165329) wake_word: score event: peak 1.00 over 1020 ms -> detected
19:04:19.481 @T t=164990 s=0.000 lv=-30.9 pk=-25.5 c0=18.3 c1=15.3 kw=14.19 inf=3.90 iv=1.60 n=3 d=15 sk=0 hf=91936 hm=79516 ht=283156 pf=0 pm=0 pt=0 ru=239612 rp=252032
19:04:19.481 @T t=165096 s=0.000 lv=-40.0 pk=-38.4 c0=14.8 c1=13.1 kw=11.28 inf=2.80 iv=1.45 n=4 d=15 sk=0 hf=95780 hm=79516 ht=283156 pf=0 pm=0 pt=0 ru=235768 rp=252032
19:04:19.481 @T t=165202 s=0.000 lv=-40.7 pk=-39.4 c0=14.1 c1=11.1 kw=9.71 inf=3.18 iv=1.43 n=3 d=15 sk=0 hf=95780 hm=79516 ht=283156 pf=0 pm=0 pt=0 ru=235768 rp=252032
19:04:19.481 @I ww=marvin cut=0.50 win=5 cool=1000 tick=100 wifi=1 srv=1 li=0 ln=0
19:04:19.481 @T t=165294 s=0.000 lv=-40.6 pk=-39.4 c0=17.5 c1=13.1 kw=11.31 inf=3.21 iv=1.44 n=3 d=15 sk=0 hf=95780 hm=79516 ht=283156 pf=0 pm=0 pt=0 ru=235768 rp=252032
19:04:19.481 @T t=165400 s=0.000 lv=-40.1 pk=-38.5 c0=14.5 c1=12.9 kw=11.28 inf=2.80 iv=1.45 n=4 d=15 sk=0 hf=95780 hm=79516 ht=283156 pf=0 pm=0 pt=0 ru=235768 rp=252032
19:04:19.481 @T t=165491 s=0.000 lv=-41.0 pk=-39.8 c0=16.8 c1=13.1 kw=11.35 inf=3.19 iv=1.43 n=3 d=15 sk=0 hf=95780 hm=79516 ht=283156 pf=0 pm=0 pt=0 ru=235768 rp=252032
19:04:19.481 @T t=165597 s=0.000 lv=-41.5 pk=-40.4 c0=13.9 c1=11.1 kw=9.72 inf=3.18 iv=1.44 n=3 d=15 sk=0 hf=95780 hm=79516 ht=283156 pf=0 pm=0 pt=0 ru=235768 rp=252032
19:04:19.482 I (166014) stream: stream finished (silence): 1760 ms of audio sent (27 KB)
19:04:21.877 @T t=165703 s=0.000 lv=-40.7 pk=-39.5 c0=14.6 c1=12.7 kw=10.80 inf=2.67 iv=1.35 n=4 d=15 sk=0 hf=95784 hm=79516 ht=283156 pf=0 pm=0 pt=0 ru=235764 rp=252032
19:04:21.877 @T t=165809 s=0.000 lv=-39.6 pk=-38.8 c0=3.5 c1=10.4 kw=10.24 inf=2.50 iv=1.08 n=4 d=15 sk=0 hf=95784 hm=79516 ht=283156 pf=0 pm=0 pt=0 ru=235764 rp=252032
19:04:21.877 @T t=165895 s=0.000 lv=-40.0 pk=-39.2 c0=5.0 c1=8.2 kw=8.03 inf=3.16 iv=1.22 n=2 d=15 sk=0 hf=95784 hm=79516 ht=283156 pf=0 pm=0 pt=0 ru=235764 rp=252032
19:04:21.877 @T t=166001 s=0.000 lv=-40.8 pk=-39.8 c0=3.4 c1=9.4 kw=9.27 inf=2.28 iv=1.09 n=4 d=15 sk=0 hf=95784 hm=79516 ht=283156 pf=0 pm=0 pt=0 ru=235764 rp=252032
19:04:21.877 @T t=166107 s=0.000 lv=-41.4 pk=-40.4 c0=3.5 c1=10.5 kw=10.25 inf=2.50 iv=1.09 n=4 d=15 sk=0 hf=95784 hm=79516 ht=283156 pf=0 pm=0 pt=0 ru=235764 rp=252032
19:04:21.877 @T t=166193 s=0.000 lv=-41.3 pk=-40.7 c0=4.2 c1=8.0 kw=7.83 inf=3.08 iv=1.17 n=2 d=15 sk=0 hf=95784 hm=79516 ht=283156 pf=0 pm=0 pt=0 ru=235764 rp=252032
19:04:21.877 @I ww=marvin cut=0.50 win=5 cool=1000 tick=100 wifi=1 srv=1 li=0 ln=0
19:04:21.877 @T t=166305 s=0.000 lv=-40.5 pk=-39.5 c0=3.9 c1=9.1 kw=8.97 inf=2.30 iv=1.10 n=4 d=15 sk=0 hf=95784 hm=79516 ht=283156 pf=0 pm=0 pt=0 ru=235764 rp=252032
19:04:21.877 @T t=166391 s=0.000 lv=-40.8 pk=-40.0 c0=4.2 c1=10.6 kw=10.36 inf=2.78 iv=1.13 n=3 d=15 sk=0 hf=95784 hm=79516 ht=283156 pf=0 pm=0 pt=0 ru=235764 rp=252032
19:04:21.877 @T t=166497 s=0.000 lv=-41.2 pk=-39.6 c0=3.4 c1=8.5 kw=8.30 inf=2.70 iv=1.12 n=3 d=15 sk=0 hf=95784 hm=79516 ht=283156 pf=0 pm=0 pt=0 ru=235764 rp=252032
19:04:21.877 @T t=166603 s=0.000 lv=-41.8 pk=-40.8 c0=3.4 c1=6.5 kw=6.35 inf=2.01 iv=1.37 n=1 d=15 sk=2 hf=95784 hm=79516 ht=283156 pf=0 pm=0 pt=0 ru=235764 rp=252032
19:04:21.877 @T t=166709 s=0.000 lv=-41.5 pk=-39.8 c0=3.8 c1=6.1 kw=5.97 inf=1.37 iv=0.00 n=0 d=15 sk=4 hf=95784 hm=79516 ht=283156 pf=0 pm=0 pt=0 ru=235764 rp=252032
19:04:21.877 @T t=166795 s=0.000 lv=-40.8 pk=-40.0 c0=4.2 c1=5.1 kw=4.94 inf=1.84 iv=0.00 n=0 d=15 sk=2 hf=95784 hm=79516 ht=283156 pf=0 pm=0 pt=0 ru=235764 rp=252032
19:04:21.877 @T t=166901 s=0.000 lv=-40.5 pk=-39.7 c0=3.4 c1=5.1 kw=4.97 inf=1.52 iv=0.00 n=0 d=15 sk=3 hf=95784 hm=79516 ht=283156 pf=0 pm=0 pt=0 ru=235764 rp=252032
19:04:21.877 @T t=167006 s=0.000 lv=-41.1 pk=-40.3 c0=3.1 c1=6.1 kw=5.90 inf=1.36 iv=0.00 n=0 d=15 sk=4 hf=95784 hm=79516 ht=283156 pf=0 pm=0 pt=0 ru=235764 rp=252032
19:04:21.877 @T t=167093 s=0.000 lv=-40.6 pk=-39.8 c0=3.8 c1=5.0 kw=4.88 inf=1.82 iv=0.00 n=0 d=15 sk=2 hf=95784 hm=79516 ht=283156 pf=0 pm=0 pt=0 ru=235764 rp=252032
19:04:21.877 @T t=167198 s=0.000 lv=-40.5 pk=-38.4 c0=6.3 c1=5.0 kw=4.92 inf=1.51 iv=0.00 n=0 d=15 sk=3 hf=95784 hm=79516 ht=283156 pf=0 pm=0 pt=0 ru=235764 rp=252032
19:04:21.877 @I ww=marvin cut=0.50 win=5 cool=1000 tick=100 wifi=1 srv=1 li=0 ln=0
19:04:21.877 @T t=167290 s=0.000 lv=-40.1 pk=-39.6 c0=4.4 c1=5.9 kw=5.74 inf=1.53 iv=0.00 n=0 d=15 sk=3 hf=95784 hm=79516 ht=283156 pf=0 pm=0 pt=0 ru=235764 rp=252032
19:04:21.877 @T t=167396 s=0.000 lv=-41.5 pk=-40.1 c0=3.1 c1=5.1 kw=4.92 inf=1.51 iv=0.00 n=0 d=15 sk=3 hf=95784 hm=79516 ht=283156 pf=0 pm=0 pt=0 ru=235764 rp=252032
19:04:21.877 I (167874) stream: server: {"type":"response","text":"Open the door.","saved":"20260928_190417_643_e072a1d53274_marvin.wav"}
19:04:21.877 @T t=167503 s=0.000 lv=-40.9 pk=-40.5 c0=6.8 c1=5.4 kw=4.92 inf=1.51 iv=0.00 n=0 d=15 sk=3 hf=95780 hm=79516 ht=283156 pf=0 pm=0 pt=0 ru=235768 rp=252032
19:04:21.877 @T t=167591 s=0.000 lv=-39.6 pk=-38.9 c0=4.3 c1=6.3 kw=6.10 inf=1.55 iv=0.00 n=0 d=15 sk=3 hf=95780 hm=79516 ht=283156 pf=0 pm=0 pt=0 ru=235768 rp=252032
19:04:21.877 @T t=167697 s=0.000 lv=-40.0 pk=-38.9 c0=3.2 c1=5.1 kw=4.98 inf=1.53 iv=0.00 n=0 d=15 sk=3 hf=95780 hm=79516 ht=283156 pf=0 pm=0 pt=0 ru=235768 rp=252032
19:04:21.877 @T t=167802 s=0.000 lv=-40.2 pk=-39.5 c0=3.0 c1=5.1 kw=4.94 inf=1.51 iv=0.00 n=0 d=15 sk=3 hf=95780 hm=79516 ht=283156 pf=0 pm=0 pt=0 ru=235768 rp=252032
19:04:21.877 @T t=167909 s=0.000 lv=-40.0 pk=-39.1 c0=3.5 c1=6.2 kw=5.97 inf=1.37 iv=0.00 n=0 d=15 sk=4 hf=95780 hm=79516 ht=283156 pf=0 pm=0 pt=0 ru=235768 rp=252032
19:04:21.878 @T t=167994 s=0.000 lv=-38.6 pk=-36.6 c0=4.0 c1=5.1 kw=4.97 inf=1.86 iv=0.00 n=0 d=15 sk=2 hf=95780 hm=79516 ht=283156 pf=0 pm=0 pt=0 ru=235768 rp=252032
19:04:21.878 I (168476) wifi:[ADDBA]RX DELBA, reason:37, delete tid:0, initiator:1(originator)
19:04:24.275 @T t=168101 s=0.000 lv=-40.6 pk=-39.5 c0=5.1 c1=5.1 kw=4.94 inf=1.51 iv=0.00 n=0 d=15 sk=3 hf=95780 hm=79516 ht=283156 pf=0 pm=0 pt=0 ru=235768 rp=252032
19:04:24.275 @T t=168206 s=0.000 lv=-39.6 pk=-37.7 c0=3.2 c1=6.1 kw=6.02 inf=1.38 iv=0.00 n=0 d=15 sk=4 hf=95780 hm=79516 ht=283156 pf=0 pm=0 pt=0 ru=235768 rp=252032
19:04:24.275 @I ww=marvin cut=0.50 win=5 cool=1000 tick=100 wifi=1 srv=1 li=0 ln=0
19:04:24.275 @T t=168298 s=0.000 lv=-39.7 pk=-39.2 c0=4.3 c1=4.7 kw=4.58 inf=1.83 iv=0.00 n=0 d=15 sk=2 hf=95780 hm=79516 ht=283156 pf=0 pm=0 pt=0 ru=235768 rp=252032
19:04:24.275 @T t=168405 s=0.000 lv=-34.9 pk=-29.1 c0=3.1 c1=14.4 kw=14.25 inf=1.19 iv=0.96 n=10 d=15 sk=2 hf=95780 hm=79516 ht=283156 pf=0 pm=0 pt=0 ru=235768 rp=252032
19:04:24.275 @T t=168493 s=0.000 lv=-22.9 pk=-21.5 c0=4.0 c1=10.6 kw=10.30 inf=2.83 iv=1.17 n=3 d=15 sk=0 hf=95780 hm=79516 ht=283156 pf=0 pm=0 pt=0 ru=235768 rp=252032
19:04:24.275 @T t=168601 s=0.000 lv=-31.0 pk=-26.3 c0=6.7 c1=10.4 kw=9.53 inf=2.39 iv=1.18 n=4 d=15 sk=0 hf=95784 hm=79516 ht=283156 pf=0 pm=0 pt=0 ru=235764 rp=252032
19:04:24.275 @T t=168707 s=0.000 lv=-35.3 pk=-32.2 c0=3.5 c1=10.7 kw=10.62 inf=2.60 iv=1.17 n=4 d=15 sk=0 hf=95784 hm=79516 ht=283156 pf=0 pm=0 pt=0 ru=235764 rp=252032
19:04:24.275 @T t=168793 s=0.001 lv=-40.2 pk=-39.2 c0=4.2 c1=8.3 kw=8.02 inf=3.16 iv=1.23 n=2 d=15 sk=0 hf=95784 hm=79516 ht=283156 pf=0 pm=0 pt=0 ru=235764 rp=252032
19:04:24.275 @T t=168899 s=0.279 lv=-40.3 pk=-38.9 c0=3.6 c1=9.9 kw=9.70 inf=2.39 iv=1.18 n=4 d=15 sk=0 hf=95784 hm=79516 ht=283156 pf=0 pm=0 pt=0 ru=235764 rp=252032
19:04:24.275 @T t=169005 s=0.404 lv=-30.3 pk=-25.3 c0=3.8 c1=8.9 kw=8.82 inf=2.83 iv=1.21 n=3 d=15 sk=0 hf=95784 hm=79516 ht=283156 pf=0 pm=0 pt=0 ru=235764 rp=252032
19:04:24.276 @T t=169093 s=0.311 lv=-39.6 pk=-38.4 c0=4.3 c1=11.4 kw=11.06 inf=3.05 iv=1.34 n=3 d=15 sk=0 hf=95784 hm=79516 ht=283156 pf=0 pm=0 pt=0 ru=235764 rp=252032
19:04:24.276 @T t=169199 s=0.070 lv=-23.2 pk=-21.4 c0=3.4 c1=9.8 kw=9.59 inf=2.36 iv=1.16 n=4 d=15 sk=0 hf=95784 hm=79516 ht=283156 pf=0 pm=0 pt=0 ru=235764 rp=252032
19:04:24.276 @I ww=marvin cut=0.50 win=5 cool=1000 tick=100 wifi=1 srv=1 li=0 ln=0
19:04:24.276 I (169608) wake_word: score event: peak 0.40 over 210 ms -> not detected (below threshold or in cool-down)
19:04:24.276 @T t=169291 s=0.005 lv=-33.1 pk=-28.2 c0=4.8 c1=11.9 kw=12.07 inf=3.46 iv=1.24 n=3 d=15 sk=0 hf=95784 hm=79516 ht=283156 pf=0 pm=0 pt=0 ru=235764 rp=252032
19:04:24.276 @T t=169397 s=0.002 lv=-35.9 pk=-34.6 c0=3.5 c1=8.7 kw=8.55 inf=2.78 iv=1.18 n=3 d=15 sk=0 hf=95784 hm=79516 ht=283156 pf=0 pm=0 pt=0 ru=235764 rp=252032
19:04:24.276 @T t=169503 s=0.001 lv=-38.2 pk=-36.0 c0=3.4 c1=9.7 kw=9.51 inf=2.34 iv=1.15 n=4 d=15 sk=0 hf=95784 hm=79516 ht=283156 pf=0 pm=0 pt=0 ru=235764 rp=252032
19:04:24.276 @T t=169609 s=0.001 lv=-41.1 pk=-40.5 c0=4.0 c1=10.6 kw=10.37 inf=2.52 iv=1.10 n=4 d=15 sk=0 hf=95784 hm=79516 ht=283156 pf=0 pm=0 pt=0 ru=235764 rp=252032
19:04:24.276 @T t=169695 s=0.000 lv=-41.4 pk=-40.6 c0=4.1 c1=8.0 kw=7.82 inf=3.07 iv=1.19 n=2 d=15 sk=0 hf=95784 hm=79516 ht=283156 pf=0 pm=0 pt=0 ru=235764 rp=252032
19:04:24.276 @T t=169801 s=0.000 lv=-39.4 pk=-38.0 c0=3.3 c1=9.3 kw=9.18 inf=2.25 iv=1.07 n=4 d=15 sk=0 hf=95784 hm=79516 ht=283156 pf=0 pm=0 pt=0 ru=235764 rp=252032
19:04:24.276 @T t=169907 s=0.000 lv=-39.7 pk=-39.0 c0=6.1 c1=10.5 kw=10.40 inf=2.54 iv=1.11 n=4 d=15 sk=0 hf=95784 hm=79516 ht=283156 pf=0 pm=0 pt=0 ru=235764 rp=252032
19:04:24.276 @T t=169993 s=0.000 lv=-40.9 pk=-40.1 c0=4.4 c1=8.1 kw=7.81 inf=3.07 iv=1.18 n=2 d=15 sk=0 hf=95784 hm=79516 ht=283156 pf=0 pm=0 pt=0 ru=235764 rp=252032
19:04:24.276 @T t=170099 s=0.000 lv=-39.6 pk=-38.5 c0=3.5 c1=9.6 kw=9.37 inf=2.30 iv=1.11 n=4 d=15 sk=0 hf=95784 hm=79516 ht=283156 pf=0 pm=0 pt=0 ru=235764 rp=252032
19:04:24.276 @T t=170205 s=0.000 lv=-38.8 pk=-37.2 c0=3.7 c1=8.7 kw=8.55 inf=2.73 iv=1.13 n=3 d=15 sk=0 hf=95784 hm=79516 ht=283156 pf=0 pm=0 pt=0 ru=235764 rp=252032
19:04:24.276 @I ww=marvin cut=0.50 win=5 cool=1000 tick=100 wifi=1 srv=1 li=0 ln=0
19:04:24.276 @T t=170300 s=0.000 lv=-39.9 pk=-38.5 c0=4.7 c1=10.0 kw=9.73 inf=2.89 iv=1.25 n=3 d=15 sk=0 hf=95784 hm=79516 ht=283156 pf=0 pm=0 pt=0 ru=235764 rp=252032
19:04:24.276 @T t=170406 s=0.000 lv=-41.1 pk=-39.9 c0=3.5 c1=10.7 kw=10.52 inf=2.57 iv=1.13 n=4 d=15 sk=0 hf=95784 hm=79516 ht=283156 pf=0 pm=0 pt=0 ru=235764 rp=252032
19:04:26.589 @T t=170492 s=0.000 lv=-41.1 pk=-40.6 c0=4.1 c1=9.2 kw=8.96 inf=2.38 iv=1.11 n=3 d=15 sk=0 hf=95784 hm=79516 ht=283156 pf=0 pm=0 pt=0 ru=235764 rp=252032
19:04:26.589 @T t=170598 s=0.000 lv=-41.1 pk=-40.2 c0=7.5 c1=9.8 kw=9.29 inf=3.03 iv=1.39 n=3 d=15 sk=0 hf=95780 hm=79516 ht=283156 pf=0 pm=0 pt=0 ru=235768 rp=252032
19:04:26.589 @T t=170704 s=0.000 lv=-39.8 pk=-38.6 c0=3.4 c1=9.5 kw=9.37 inf=2.30 iv=1.11 n=4 d=15 sk=0 hf=95780 hm=79516 ht=283156 pf=0 pm=0 pt=0 ru=235768 rp=252032
19:04:26.589 @T t=170790 s=0.000 lv=-39.8 pk=-38.7 c0=4.1 c1=10.6 kw=10.37 inf=2.72 iv=1.11 n=3 d=15 sk=0 hf=95780 hm=79516 ht=283156 pf=0 pm=0 pt=0 ru=235768 rp=252032
19:04:26.589 @T t=170896 s=0.000 lv=-39.1 pk=-38.2 c0=3.5 c1=6.5 kw=6.34 inf=2.00 iv=1.33 n=1 d=15 sk=2 hf=95780 hm=79516 ht=283156 pf=0 pm=0 pt=0 ru=235768 rp=252032
19:04:26.590 @T t=171001 s=0.000 lv=-40.1 pk=-38.9 c0=3.3 c1=5.1 kw=4.97 inf=1.52 iv=0.00 n=0 d=15 sk=3 hf=95780 hm=79516 ht=283156 pf=0 pm=0 pt=0 ru=235768 rp=252032
19:04:26.590 @T t=171108 s=0.000 lv=-39.9 pk=-39.2 c0=3.1 c1=6.1 kw=5.94 inf=1.37 iv=0.00 n=0 d=15 sk=4 hf=95780 hm=79516 ht=283156 pf=0 pm=0 pt=0 ru=235768 rp=252032
19:04:26.590 @T t=171193 s=0.000 lv=-40.1 pk=-38.7 c0=3.7 c1=5.0 kw=4.91 inf=1.83 iv=0.00 n=0 d=15 sk=2 hf=95780 hm=79516 ht=283156 pf=0 pm=0 pt=0 ru=235768 rp=252032
19:04:26.590 @I ww=marvin cut=0.50 win=5 cool=1000 tick=100 wifi=1 srv=1 li=0 ln=0
19:04:26.590 [status] up 171s | mic -34.4 dBFS (peak -19.4) | score max 1.00 | detections 15 | inferences 257 (25.7/s; model 1.24 ms each, paused in quiet 24%; features 1.44 ms per 30 ms) | CPU core0  6.6% core1  9.2% (wake word pipeline 8.79% of one core) | RAM used 230 KB (peak 246 KB, 93 KB free) | wifi OK, server OK | audio lost since boot: i2s 0 net 0
19:04:26.590 @T t=171328 s=0.000 lv=-40.6 pk=-39.6 c0=20.1 c1=5.7 kw=5.55 inf=1.61 iv=0.00 n=0 d=15 sk=4 hf=95780 hm=79516 ht=283156 pf=0 pm=0 pt=0 ru=235768 rp=252032
19:04:26.590 @T t=171394 s=0.000 lv=-39.8 pk=-39.3 c0=5.2 c1=5.0 kw=4.82 inf=1.38 iv=0.00 n=0 d=15 sk=2 hf=95780 hm=79516 ht=283156 pf=0 pm=0 pt=0 ru=235768 rp=252032
19:04:26.590 @T t=171499 s=0.000 lv=-41.1 pk=-39.6 c0=3.0 c1=5.0 kw=4.91 inf=1.50 iv=0.00 n=0 d=15 sk=3 hf=95780 hm=79516 ht=283156 pf=0 pm=0 pt=0 ru=235768 rp=252032
19:04:26.590 @T t=171606 s=0.000 lv=-40.8 pk=-39.9 c0=3.8 c1=6.1 kw=5.92 inf=1.36 iv=0.00 n=0 d=15 sk=4 hf=95780 hm=79516 ht=283156 pf=0 pm=0 pt=0 ru=235768 rp=252032
19:04:26.590 @T t=171691 s=0.000 lv=-39.9 pk=-38.8 c0=3.8 c1=5.0 kw=4.89 inf=1.82 iv=0.00 n=0 d=15 sk=2 hf=95780 hm=79516 ht=283156 pf=0 pm=0 pt=0 ru=235768 rp=252032
19:04:26.590 @T t=171797 s=0.000 lv=-40.3 pk=-39.1 c0=3.0 c1=5.1 kw=4.91 inf=1.51 iv=0.00 n=0 d=15 sk=3 hf=95780 hm=79516 ht=283156 pf=0 pm=0 pt=0 ru=235768 rp=252032
19:04:26.590 @T t=171904 s=0.000 lv=-39.0 pk=-37.1 c0=3.1 c1=5.1 kw=4.94 inf=1.51 iv=0.00 n=0 d=15 sk=3 hf=95780 hm=79516 ht=283156 pf=0 pm=0 pt=0 ru=235768 rp=252032
19:04:26.590 @T t=172008 s=0.000 lv=-39.8 pk=-39.0 c0=3.0 c1=6.2 kw=6.01 inf=1.37 iv=0.00 n=0 d=15 sk=4 hf=95780 hm=79516 ht=283156 pf=0 pm=0 pt=0 ru=235768 rp=252032
19:04:26.590 @T t=172094 s=0.000 lv=-38.8 pk=-37.9 c0=3.8 c1=5.1 kw=4.92 inf=1.84 iv=0.00 n=0 d=15 sk=2 hf=95780 hm=79516 ht=283156 pf=0 pm=0 pt=0 ru=235768 rp=252032
19:04:26.590 @T t=172200 s=0.000 lv=-37.3 pk=-36.6 c0=3.0 c1=5.1 kw=4.95 inf=1.52 iv=0.00 n=0 d=15 sk=3 hf=95780 hm=79516 ht=283156 pf=0 pm=0 pt=0 ru=235768 rp=252032
19:04:26.590 @I ww=marvin cut=0.50 win=5 cool=1000 tick=100 wifi=1 srv=1 li=0 ln=0
19:04:26.590 @T t=172292 s=0.000 lv=-39.2 pk=-37.3 c0=4.4 c1=5.9 kw=5.71 inf=1.52 iv=0.00 n=0 d=15 sk=3 hf=95780 hm=79516 ht=283156 pf=0 pm=0 pt=0 ru=235768 rp=252032
19:04:26.590 @T t=172399 s=0.000 lv=-40.0 pk=-39.2 c0=3.4 c1=5.2 kw=5.00 inf=1.53 iv=0.00 n=0 d=15 sk=3 hf=95780 hm=79516 ht=283156 pf=0 pm=0 pt=0 ru=235768 rp=252032
19:04:26.590 @T t=172505 s=0.000 lv=-35.3 pk=-33.5 c0=3.2 c1=14.4 kw=14.33 inf=1.20 iv=0.96 n=10 d=15 sk=2 hf=95780 hm=79516 ht=283156 pf=0 pm=0 pt=0 ru=235768 rp=252032
19:04:26.590 @T t=172594 s=0.000 lv=-33.8 pk=-33.3 c0=9.3 c1=11.5 kw=10.80 inf=3.00 iv=1.27 n=3 d=15 sk=0 hf=95784 hm=79516 ht=283156 pf=0 pm=0 pt=0 ru=235764 rp=252032
19:04:26.590 @T t=172700 s=0.000 lv=-26.6 pk=-21.6 c0=3.4 c1=9.5 kw=9.34 inf=2.29 iv=1.11 n=4 d=15 sk=0 hf=95784 hm=79516 ht=283156 pf=0 pm=0 pt=0 ru=235764 rp=252032
19:04:28.983 @T t=172806 s=0.000 lv=-24.6 pk=-21.0 c0=3.4 c1=9.5 kw=8.46 inf=2.70 iv=1.12 n=3 d=15 sk=0 hf=95784 hm=79516 ht=283156 pf=0 pm=0 pt=0 ru=235764 rp=252032
19:04:28.983 @T t=172892 s=0.000 lv=-35.4 pk=-33.9 c0=4.4 c1=9.6 kw=10.47 inf=2.81 iv=1.22 n=3 d=15 sk=0 hf=95784 hm=79516 ht=283156 pf=0 pm=0 pt=0 ru=235764 rp=252032
19:04:28.983 @T t=172998 s=0.004 lv=-39.7 pk=-38.2 c0=3.4 c1=9.7 kw=9.55 inf=2.35 iv=1.16 n=4 d=15 sk=0 hf=95784 hm=79516 ht=283156 pf=0 pm=0 pt=0 ru=235764 rp=252032
19:04:28.983 @T t=173104 s=0.045 lv=-40.8 pk=-39.1 c0=3.6 c1=8.8 kw=8.63 inf=2.81 iv=1.20 n=3 d=15 sk=0 hf=95784 hm=79516 ht=283156 pf=0 pm=0 pt=0 ru=235764 rp=252032
19:04:28.983 @T t=173193 s=0.425 lv=-40.0 pk=-38.8 c0=10.8 c1=10.6 kw=10.42 inf=2.84 iv=1.21 n=3 d=15 sk=0 hf=95784 hm=79516 ht=283156 pf=0 pm=0 pt=0 ru=235764 rp=252032
19:04:28.983 @I ww=marvin cut=0.50 win=5 cool=1000 tick=100 wifi=1 srv=1 li=0 ln=0
19:04:28.983 I (173589) kws: >>> WAKE WORD "marvin" DETECTED  (score 0.60, t = 173.21 s)
19:04:28.983 I (173611) stream: first audio sent 19 ms after the detection
19:04:28.983 @T t=173306 s=0.598 lv=-39.5 pk=-39.0 c0=16.8 c1=14.0 kw=11.67 inf=3.09 iv=1.50 n=4 d=16 sk=0 hf=91940 hm=79516 ht=283156 pf=0 pm=0 pt=0 ru=239608 rp=252032
19:04:28.983 @T t=173393 s=0.615 lv=-38.5 pk=-36.7 c0=15.5 c1=13.5 kw=11.29 inf=3.04 iv=1.54 n=3 d=16 sk=0 hf=95784 hm=79516 ht=283156 pf=0 pm=0 pt=0 ru=235764 rp=252032
19:04:28.983 @T t=173499 s=0.375 lv=-26.9 pk=-21.4 c0=14.4 c1=11.5 kw=10.09 inf=3.31 iv=1.52 n=3 d=16 sk=0 hf=95784 hm=79516 ht=283156 pf=0 pm=0 pt=0 ru=235764 rp=252032
19:04:28.983 @T t=173610 s=0.102 lv=-23.8 pk=-18.3 c0=18.8 c1=13.9 kw=12.67 inf=3.31 iv=1.68 n=4 d=16 sk=0 hf=91940 hm=79516 ht=283156 pf=0 pm=0 pt=0 ru=239608 rp=252032
19:04:28.983 I (174028) wake_word: score event: peak 0.61 over 390 ms -> detected
19:04:28.983 @T t=173697 s=0.041 lv=-36.3 pk=-33.9 c0=17.7 c1=15.8 kw=13.71 inf=3.74 iv=1.83 n=3 d=16 sk=0 hf=95784 hm=79516 ht=283156 pf=0 pm=0 pt=0 ru=235764 rp=252032
19:04:28.983 @T t=173803 s=0.021 lv=-35.8 pk=-34.0 c0=15.1 c1=11.9 kw=10.53 inf=3.47 iv=1.70 n=3 d=16 sk=0 hf=95784 hm=79516 ht=283156 pf=0 pm=0 pt=0 ru=235764 rp=252032
19:04:28.983 @T t=173890 s=0.002 lv=-36.2 pk=-34.7 c0=18.6 c1=16.0 kw=14.64 inf=2.99 iv=1.63 n=4 d=16 sk=0 hf=95784 hm=79516 ht=283156 pf=0 pm=0 pt=0 ru=235764 rp=252032
19:04:28.983 @T t=173996 s=0.000 lv=-38.4 pk=-35.6 c0=14.6 c1=12.2 kw=10.33 inf=3.39 iv=1.58 n=3 d=16 sk=0 hf=95784 hm=79516 ht=283156 pf=0 pm=0 pt=0 ru=235764 rp=252032
19:04:28.983 @T t=174102 s=0.000 lv=-40.7 pk=-39.6 c0=16.6 c1=11.4 kw=10.10 inf=3.31 iv=1.57 n=3 d=16 sk=0 hf=95784 hm=79516 ht=283156 pf=0 pm=0 pt=0 ru=235764 rp=252032
19:04:28.983 @T t=174191 s=0.000 lv=-40.3 pk=-38.8 c0=17.4 c1=15.5 kw=13.68 inf=2.85 iv=1.54 n=4 d=16 sk=0 hf=95784 hm=79516 ht=283156 pf=0 pm=0 pt=0 ru=235764 rp=252032
19:04:28.983 @I ww=marvin cut=0.50 win=5 cool=1000 tick=100 wifi=1 srv=1 li=0 ln=0
19:04:28.983 @T t=174302 s=0.000 lv=-39.5 pk=-38.1 c0=15.2 c1=11.6 kw=10.23 inf=3.53 iv=1.71 n=3 d=16 sk=0 hf=95784 hm=79516 ht=283156 pf=0 pm=0 pt=0 ru=235764 rp=252032
19:04:28.983 @T t=174391 s=0.000 lv=-40.6 pk=-40.2 c0=17.8 c1=13.3 kw=12.16 inf=3.34 iv=1.58 n=3 d=16 sk=0 hf=95784 hm=79516 ht=283156 pf=0 pm=0 pt=0 ru=235764 rp=252032
19:04:28.983 @T t=174497 s=0.000 lv=-40.1 pk=-39.4 c0=15.4 c1=13.8 kw=11.92 inf=2.97 iv=1.63 n=4 d=16 sk=0 hf=95784 hm=79516 ht=283156 pf=0 pm=0 pt=0 ru=235764 rp=252032
19:04:28.983 @T t=174603 s=0.000 lv=-39.9 pk=-39.0 c0=19.3 c1=13.0 kw=10.05 inf=3.30 iv=1.47 n=3 d=16 sk=0 hf=95780 hm=79516 ht=283156 pf=0 pm=0 pt=0 ru=235768 rp=252032
19:04:28.983 @T t=174692 s=0.000 lv=-40.4 pk=-38.8 c0=21.3 c1=13.5 kw=11.78 inf=3.24 iv=1.46 n=3 d=16 sk=0 hf=95780 hm=79516 ht=283156 pf=0 pm=0 pt=0 ru=235768 rp=252032
19:04:28.983 I (175092) stream: stream finished (silence): 1500 ms of audio sent (23 KB)
19:04:28.983 @T t=174798 s=0.000 lv=-39.8 pk=-39.1 c0=12.3 c1=11.0 kw=10.08 inf=2.49 iv=1.23 n=4 d=16 sk=0 hf=95780 hm=79516 ht=283156 pf=0 pm=0 pt=0 ru=235768 rp=252032
19:04:28.983 @T t=174904 s=0.000 lv=-40.5 pk=-40.2 c0=6.9 c1=8.6 kw=8.44 inf=2.74 iv=1.14 n=3 d=16 sk=0 hf=95780 hm=79516 ht=283156 pf=0 pm=0 pt=0 ru=235768 rp=252032
19:04:28.983 @T t=174993 s=0.000 lv=-41.2 pk=-39.7 c0=10.7 c1=10.4 kw=10.20 inf=2.77 iv=1.16 n=3 d=16 sk=0 hf=95780 hm=79516 ht=283156 pf=0 pm=0 pt=0 ru=235768 rp=252032
19:04:28.983 @T t=175099 s=0.000 lv=-40.9 pk=-39.6 c0=3.5 c1=9.6 kw=9.42 inf=2.32 iv=1.12 n=4 d=16 sk=0 hf=95780 hm=79516 ht=283156 pf=0 pm=0 pt=0 ru=235768 rp=252032
19:04:31.295 @T t=175205 s=0.000 lv=-40.9 pk=-40.3 c0=3.4 c1=8.6 kw=8.46 inf=2.71 iv=1.12 n=3 d=16 sk=0 hf=95780 hm=79516 ht=283156 pf=0 pm=0 pt=0 ru=235768 rp=252032
19:04:31.296 @I ww=marvin cut=0.50 win=5 cool=1000 tick=100 wifi=1 srv=1 li=0 ln=0
19:04:31.296 @T t=175300 s=0.000 lv=-40.5 pk=-39.1 c0=4.6 c1=9.9 kw=9.67 inf=2.87 iv=1.22 n=3 d=16 sk=0 hf=95780 hm=79516 ht=283156 pf=0 pm=0 pt=0 ru=235768 rp=252032
19:04:31.296 @T t=175406 s=0.000 lv=-40.0 pk=-39.2 c0=3.5 c1=9.7 kw=9.54 inf=2.31 iv=1.17 n=3 d=16 sk=1 hf=95780 hm=79516 ht=283156 pf=0 pm=0 pt=0 ru=235768 rp=252032
19:04:31.296 @T t=175491 s=0.000 lv=-41.0 pk=-39.3 c0=4.0 c1=5.0 kw=4.92 inf=1.83 iv=0.00 n=0 d=16 sk=2 hf=95780 hm=79516 ht=283156 pf=0 pm=0 pt=0 ru=235768 rp=252032
19:04:31.296 @T t=175598 s=0.000 lv=-40.9 pk=-40.2 c0=3.6 c1=5.1 kw=4.97 inf=1.52 iv=0.00 n=0 d=16 sk=3 hf=95780 hm=79516 ht=283156 pf=0 pm=0 pt=0 ru=235768 rp=252032
19:04:31.296 @T t=175704 s=0.000 lv=-40.1 pk=-39.3 c0=3.1 c1=5.1 kw=4.95 inf=1.52 iv=0.00 n=0 d=16 sk=3 hf=95780 hm=79516 ht=283156 pf=0 pm=0 pt=0 ru=235768 rp=252032
19:04:31.296 @T t=175809 s=0.000 lv=-40.2 pk=-38.3 c0=3.3 c1=6.2 kw=6.03 inf=1.37 iv=0.00 n=0 d=16 sk=4 hf=95780 hm=79516 ht=283156 pf=0 pm=0 pt=0 ru=235768 rp=252032
19:04:31.296 @T t=175895 s=0.000 lv=-41.0 pk=-40.1 c0=4.2 c1=5.1 kw=4.92 inf=1.83 iv=0.00 n=0 d=16 sk=2 hf=95780 hm=79516 ht=283156 pf=0 pm=0 pt=0 ru=235768 rp=252032
19:04:31.296 @T t=176000 s=0.000 lv=-40.6 pk=-40.1 c0=3.1 c1=5.1 kw=4.96 inf=1.52 iv=0.00 n=0 d=16 sk=3 hf=95780 hm=79516 ht=283156 pf=0 pm=0 pt=0 ru=235768 rp=252032
19:04:31.296 @T t=176107 s=0.000 lv=-41.6 pk=-39.8 c0=3.1 c1=6.1 kw=5.92 inf=1.36 iv=0.00 n=0 d=16 sk=4 hf=95780 hm=79516 ht=283156 pf=0 pm=0 pt=0 ru=235768 rp=252032
19:04:31.296 @T t=176192 s=0.000 lv=-40.3 pk=-39.5 c0=3.7 c1=5.0 kw=4.89 inf=1.82 iv=0.00 n=0 d=16 sk=2 hf=95780 hm=79516 ht=283156 pf=0 pm=0 pt=0 ru=235768 rp=252032
19:04:31.296 @I ww=marvin cut=0.50 win=5 cool=1000 tick=100 wifi=1 srv=1 li=0 ln=0
19:04:31.296 @T t=176304 s=0.000 lv=-40.4 pk=-39.3 c0=3.6 c1=4.9 kw=4.79 inf=1.51 iv=0.00 n=0 d=16 sk=3 hf=95780 hm=79516 ht=283156 pf=0 pm=0 pt=0 ru=235768 rp=252032
19:04:31.296 @T t=176391 s=0.000 lv=-40.4 pk=-40.1 c0=3.8 c1=6.4 kw=5.93 inf=1.51 iv=0.00 n=0 d=16 sk=3 hf=95780 hm=79516 ht=283156 pf=0 pm=0 pt=0 ru=235768 rp=252032
19:04:31.296 @T t=176496 s=0.000 lv=-40.9 pk=-39.2 c0=3.0 c1=5.1 kw=4.92 inf=1.51 iv=0.00 n=0 d=16 sk=3 hf=95780 hm=79516 ht=283156 pf=0 pm=0 pt=0 ru=235768 rp=252032
19:04:31.296 I (176925) stream: server: {"type":"response","text":"Stop the music.","saved":"20260928_190426_984_e072a1d53274_marvin.wav"}
19:04:31.296 @T t=176603 s=0.000 lv=-41.5 pk=-40.3 c0=7.3 c1=7.9 kw=5.09 inf=1.56 iv=0.00 n=0 d=16 sk=3 hf=95784 hm=79516 ht=283156 pf=0 pm=0 pt=0 ru=235764 rp=252032
19:04:31.296 @T t=176708 s=0.000 lv=-41.3 pk=-39.5 c0=3.2 c1=6.0 kw=5.93 inf=1.36 iv=0.00 n=0 d=16 sk=4 hf=95784 hm=79516 ht=283156 pf=0 pm=0 pt=0 ru=235764 rp=252032
19:04:31.296 @T t=176794 s=0.000 lv=-41.6 pk=-40.8 c0=3.7 c1=5.0 kw=4.85 inf=1.80 iv=0.00 n=0 d=16 sk=2 hf=95784 hm=79516 ht=283156 pf=0 pm=0 pt=0 ru=235764 rp=252032
19:04:31.296 @T t=176901 s=0.000 lv=-41.5 pk=-40.8 c0=3.5 c1=5.1 kw=4.94 inf=1.51 iv=0.00 n=0 d=16 sk=3 hf=95784 hm=79516 ht=283156 pf=0 pm=0 pt=0 ru=235764 rp=252032
19:04:31.296 @T t=177007 s=0.000 lv=-41.4 pk=-40.1 c0=3.2 c1=6.1 kw=5.93 inf=1.36 iv=0.00 n=0 d=16 sk=4 hf=95784 hm=79516 ht=283156 pf=0 pm=0 pt=0 ru=235764 rp=252032
19:04:31.296 @T t=177093 s=0.000 lv=-40.7 pk=-38.5 c0=3.9 c1=5.0 kw=4.87 inf=1.81 iv=0.00 n=0 d=16 sk=2 hf=95784 hm=79516 ht=283156 pf=0 pm=0 pt=0 ru=235764 rp=252032
19:04:31.296 @T t=177198 s=0.000 lv=-40.8 pk=-39.3 c0=3.0 c1=5.1 kw=4.94 inf=1.52 iv=0.00 n=0 d=16 sk=3 hf=95784 hm=79516 ht=283156 pf=0 pm=0 pt=0 ru=235764 rp=252032
19:04:31.296 @I ww=marvin cut=0.50 win=5 cool=1000 tick=100 wifi=1 srv=1 li=0 ln=0
19:04:31.296 @T t=177290 s=0.000 lv=-40.1 pk=-39.5 c0=4.4 c1=5.9 kw=5.72 inf=1.52 iv=0.00 n=0 d=16 sk=3 hf=95784 hm=79516 ht=283156 pf=0 pm=0 pt=0 ru=235764 rp=252032
19:04:31.296 @T t=177397 s=0.000 lv=-40.5 pk=-39.4 c0=3.1 c1=5.1 kw=4.93 inf=1.51 iv=0.00 n=0 d=16 sk=3 hf=95784 hm=79516 ht=283156 pf=0 pm=0 pt=0 ru=235764 rp=252032
19:04:31.296 @T t=177502 s=0.000 lv=-40.3 pk=-39.5 c0=3.0 c1=5.1 kw=4.94 inf=1.51 iv=0.00 n=0 d=16 sk=3 hf=95784 hm=79516 ht=283156 pf=0 pm=0 pt=0 ru=235764 rp=252032
19:04:33.676 I (177894) wifi:[ADDBA]RX DELBA, reason:37, delete tid:0, initiator:1(originator)
19:04:33.676 @T t=177609 s=0.000 lv=-39.9 pk=-38.3 c0=5.1 c1=6.3 kw=6.05 inf=1.39 iv=0.00 n=0 d=16 sk=4 hf=95784 hm=79516 ht=283156 pf=0 pm=0 pt=0 ru=235764 rp=252032
19:04:33.676 @T t=177695 s=0.000 lv=-28.6 pk=-24.8 c0=4.1 c1=17.6 kw=17.46 inf=1.20 iv=0.96 n=11 d=16 sk=1 hf=95784 hm=79516 ht=283156 pf=0 pm=0 pt=0 ru=235764 rp=252032
19:04:33.676 @T t=177801 s=0.000 lv=-23.0 pk=-22.2 c0=3.4 c1=8.5 kw=8.30 inf=2.70 iv=1.10 n=3 d=16 sk=0 hf=95784 hm=79516 ht=283156 pf=0 pm=0 pt=0 ru=235764 rp=252032
19:04:33.676 @T t=177907 s=0.000 lv=-29.0 pk=-24.8 c0=3.6 c1=10.6 kw=10.68 inf=2.61 iv=1.16 n=4 d=16 sk=0 hf=95784 hm=79516 ht=283156 pf=0 pm=0 pt=0 ru=235764 rp=252032
19:04:33.676 @T t=177993 s=0.002 lv=-32.5 pk=-30.0 c0=4.0 c1=9.7 kw=9.21 inf=2.45 iv=1.17 n=3 d=16 sk=0 hf=95784 hm=79516 ht=283156 pf=0 pm=0 pt=0 ru=235764 rp=252032
19:04:33.676 @T t=178099 s=0.002 lv=-32.6 pk=-29.8 c0=3.9 c1=8.8 kw=8.57 inf=2.79 iv=1.18 n=3 d=16 sk=0 hf=95784 hm=79516 ht=283156 pf=0 pm=0 pt=0 ru=235764 rp=252032
19:04:33.676 @T t=178205 s=0.024 lv=-34.6 pk=-31.5 c0=3.5 c1=8.8 kw=8.73 inf=2.80 iv=1.20 n=3 d=16 sk=0 hf=95784 hm=79516 ht=283156 pf=0 pm=0 pt=0 ru=235764 rp=252032
19:04:33.676 @I ww=marvin cut=0.50 win=5 cool=1000 tick=100 wifi=1 srv=1 li=0 ln=0
19:04:33.676 @T t=178300 s=0.429 lv=-38.0 pk=-36.9 c0=4.6 c1=11.4 kw=11.16 inf=2.50 iv=1.29 n=4 d=16 sk=0 hf=95784 hm=79516 ht=283156 pf=0 pm=0 pt=0 ru=235764 rp=252032
19:04:33.676 I (178709) kws: >>> WAKE WORD "marvin" DETECTED  (score 0.60, t = 178.33 s)
19:04:33.676 I (178730) stream: first audio sent 19 ms after the detection
19:04:33.676 @T t=178390 s=0.603 lv=-39.5 pk=-38.0 c0=17.0 c1=15.1 kw=12.15 inf=3.39 iv=1.61 n=3 d=17 sk=0 hf=95784 hm=79516 ht=283156 pf=0 pm=0 pt=0 ru=235764 rp=252032
19:04:33.676 @T t=178496 s=0.728 lv=-39.4 pk=-38.4 c0=17.6 c1=11.9 kw=10.50 inf=3.45 iv=1.68 n=3 d=17 sk=0 hf=95784 hm=79516 ht=283156 pf=0 pm=0 pt=0 ru=235764 rp=252032
19:04:33.676 @T t=178602 s=0.644 lv=-36.3 pk=-32.7 c0=17.9 c1=14.4 kw=12.20 inf=3.04 iv=1.66 n=4 d=17 sk=0 hf=95784 hm=79516 ht=283156 pf=0 pm=0 pt=0 ru=235764 rp=252032
19:04:33.676 @T t=178690 s=0.474 lv=-34.8 pk=-31.9 c0=17.9 c1=14.1 kw=12.25 inf=3.34 iv=1.52 n=3 d=17 sk=0 hf=95784 hm=79516 ht=283156 pf=0 pm=0 pt=0 ru=235764 rp=252032
19:04:33.676 @T t=178796 s=0.263 lv=-37.8 pk=-34.9 c0=17.0 c1=11.5 kw=10.07 inf=3.30 iv=1.52 n=3 d=17 sk=0 hf=95784 hm=79516 ht=283156 pf=0 pm=0 pt=0 ru=235764 rp=252032
19:04:33.676 @T t=178902 s=0.118 lv=-35.4 pk=-33.8 c0=15.4 c1=13.5 kw=12.00 inf=2.99 iv=1.61 n=4 d=17 sk=0 hf=95784 hm=79516 ht=283156 pf=0 pm=0 pt=0 ru=235764 rp=252032
19:04:33.676 I (179329) wake_word: score event: peak 0.73 over 570 ms -> detected
19:04:33.676 @T t=178990 s=0.004 lv=-35.7 pk=-34.0 c0=17.7 c1=14.9 kw=13.32 inf=3.65 iv=1.46 n=3 d=17 sk=0 hf=95784 hm=79516 ht=283156 pf=0 pm=0 pt=0 ru=235764 rp=252032
19:04:33.676 @T t=179096 s=0.000 lv=-37.8 pk=-35.6 c0=17.7 c1=11.8 kw=10.17 inf=3.34 iv=1.58 n=3 d=17 sk=0 hf=95784 hm=79516 ht=283156 pf=0 pm=0 pt=0 ru=235764 rp=252032
19:04:33.677 @T t=179202 s=0.000 lv=-36.4 pk=-32.7 c0=15.5 c1=13.2 kw=11.73 inf=2.92 iv=1.56 n=4 d=17 sk=0 hf=95784 hm=79516 ht=283156 pf=0 pm=0 pt=0 ru=235764 rp=252032
19:04:33.677 @I ww=marvin cut=0.50 win=5 cool=1000 tick=100 wifi=1 srv=1 li=0 ln=0
19:04:33.677 @T t=179294 s=0.000 lv=-37.0 pk=-35.3 c0=17.4 c1=13.2 kw=11.48 inf=3.27 iv=1.46 n=3 d=17 sk=0 hf=95784 hm=79516 ht=283156 pf=0 pm=0 pt=0 ru=235764 rp=252032
19:04:33.677 @T t=179400 s=0.000 lv=-19.7 pk=-17.6 c0=14.0 c1=11.1 kw=9.75 inf=3.19 iv=1.44 n=3 d=17 sk=0 hf=95784 hm=79516 ht=283156 pf=0 pm=0 pt=0 ru=235764 rp=252032
19:04:33.677 @T t=179491 s=0.000 lv=-18.4 pk=-16.5 c0=16.3 c1=14.4 kw=12.96 inf=2.76 iv=1.45 n=4 d=17 sk=0 hf=92144 hm=79516 ht=283156 pf=0 pm=0 pt=0 ru=239404 rp=252032
19:04:33.677 @T t=179597 s=0.000 lv=-36.1 pk=-35.0 c0=15.5 c1=12.1 kw=10.43 inf=3.43 iv=1.68 n=3 d=17 sk=0 hf=95784 hm=79516 ht=283156 pf=0 pm=0 pt=0 ru=235764 rp=252032
19:04:33.677 I (180022) wifi:[ADDBA]RX DELBA, reason:37, delete tid:0, initiator:1(originator)
19:04:33.677 @T t=179703 s=0.002 lv=-36.1 pk=-35.6 c0=17.5 c1=12.6 kw=11.20 inf=3.70 iv=1.93 n=3 d=17 sk=0 hf=95784 hm=79516 ht=283156 pf=0 pm=0 pt=0 ru=235764 rp=252032
19:04:33.677 @T t=179792 s=0.002 lv=-36.5 pk=-35.9 c0=17.5 c1=15.6 kw=13.71 inf=2.86 iv=1.52 n=4 d=17 sk=0 hf=95784 hm=79516 ht=283156 pf=0 pm=0 pt=0 ru=235764 rp=252032
19:04:35.808 @T t=179898 s=0.000 lv=-38.5 pk=-37.2 c0=17.5 c1=11.4 kw=10.01 inf=3.28 iv=1.51 n=3 d=17 sk=0 hf=95784 hm=79516 ht=283156 pf=0 pm=0 pt=0 ru=235764 rp=252032
19:04:35.808 @T t=180004 s=0.000 lv=-39.3 pk=-38.4 c0=14.2 c1=11.2 kw=9.82 inf=3.22 iv=1.45 n=3 d=17 sk=0 hf=95784 hm=79516 ht=283156 pf=0 pm=0 pt=0 ru=235764 rp=252032
19:04:35.808 @T t=180093 s=0.000 lv=-40.4 pk=-38.7 c0=20.9 c1=15.5 kw=13.73 inf=2.86 iv=1.48 n=4 d=17 sk=0 hf=95784 hm=79516 ht=283156 pf=0 pm=0 pt=0 ru=235764 rp=252032
19:04:35.808 I (180571) stream: stream finished (silence): 1860 ms of audio sent (29 KB)
19:04:35.808 @T t=180199 s=0.000 lv=-40.9 pk=-39.8 c0=18.2 c1=12.1 kw=10.37 inf=3.41 iv=1.59 n=3 d=17 sk=0 hf=95784 hm=79516 ht=283156 pf=0 pm=0 pt=0 ru=235764 rp=252032
19:04:35.808 @I ww=marvin cut=0.50 win=5 cool=1000 tick=100 wifi=1 srv=1 li=0 ln=0
19:04:35.808 @T t=180291 s=0.000 lv=-41.1 pk=-39.8 c0=14.2 c1=10.8 kw=10.54 inf=2.98 iv=1.34 n=3 d=17 sk=0 hf=95784 hm=79516 ht=283156 pf=0 pm=0 pt=0 ru=235764 rp=252032
19:04:35.809 @T t=180397 s=0.000 lv=-40.7 pk=-39.9 c0=3.5 c1=9.5 kw=9.35 inf=2.30 iv=1.11 n=4 d=17 sk=0 hf=95784 hm=79516 ht=283156 pf=0 pm=0 pt=0 ru=235764 rp=252032
19:04:35.809 @T t=180503 s=0.000 lv=-40.7 pk=-39.8 c0=3.4 c1=8.5 kw=8.34 inf=2.71 iv=1.13 n=3 d=17 sk=0 hf=95784 hm=79516 ht=283156 pf=0 pm=0 pt=0 ru=235764 rp=252032
19:04:35.809 @T t=180609 s=0.000 lv=-39.8 pk=-39.0 c0=6.9 c1=12.2 kw=11.26 inf=2.76 iv=1.28 n=4 d=17 sk=0 hf=95780 hm=79516 ht=283156 pf=0 pm=0 pt=0 ru=235768 rp=252032
19:04:35.809 @T t=180695 s=0.000 lv=-39.2 pk=-38.7 c0=4.2 c1=9.3 kw=9.12 inf=2.42 iv=1.14 n=3 d=17 sk=0 hf=95780 hm=79516 ht=283156 pf=0 pm=0 pt=0 ru=235768 rp=252032
19:04:35.809 @T t=180801 s=0.000 lv=-39.9 pk=-38.6 c0=3.3 c1=8.5 kw=8.35 inf=2.71 iv=1.12 n=3 d=17 sk=0 hf=95780 hm=79516 ht=283156 pf=0 pm=0 pt=0 ru=235768 rp=252032
19:04:35.809 @T t=180907 s=0.000 lv=-39.9 pk=-39.0 c0=3.6 c1=10.8 kw=10.62 inf=2.60 iv=1.15 n=4 d=17 sk=0 hf=95780 hm=79516 ht=283156 pf=0 pm=0 pt=0 ru=235768 rp=252032
19:04:35.809 @T t=180993 s=0.000 lv=-38.3 pk=-36.3 c0=4.2 c1=9.3 kw=9.00 inf=2.39 iv=1.12 n=3 d=17 sk=0 hf=95780 hm=79516 ht=283156 pf=0 pm=0 pt=0 ru=235768 rp=252032
19:04:35.809 @T t=181099 s=0.000 lv=-41.3 pk=-40.3 c0=4.0 c1=7.6 kw=7.45 inf=3.58 iv=1.20 n=2 d=17 sk=0 hf=95780 hm=79516 ht=283156 pf=0 pm=0 pt=0 ru=235768 rp=252032
19:04:35.809 @T t=181204 s=0.000 lv=-40.9 pk=-39.9 c0=3.3 c1=5.1 kw=5.09 inf=1.52 iv=0.00 n=0 d=17 sk=3 hf=95780 hm=79516 ht=283156 pf=0 pm=0 pt=0 ru=235768 rp=252032
19:04:35.809 @I ww=marvin cut=0.50 win=5 cool=1000 tick=100 wifi=1 srv=1 li=0 ln=0
19:04:35.809 @T t=181296 s=0.000 lv=-40.1 pk=-39.5 c0=4.3 c1=5.9 kw=5.57 inf=1.52 iv=0.00 n=0 d=17 sk=3 hf=95780 hm=79516 ht=283156 pf=0 pm=0 pt=0 ru=235768 rp=252032
19:04:35.809 [status] up 181s | mic -32.4 dBFS (peak -16.5) | score max 0.73 | detections 17 | inferences 229 (22.7/s; model 1.35 ms each, paused in quiet 33%; features 1.46 ms per 30 ms) | CPU core0  8.8% core1  9.5% (wake word pipeline 8.74% of one core) | RAM used 230 KB (peak 246 KB, 93 KB free) | wifi OK, server OK | audio lost since boot: i2s 0 net 0
19:04:35.809 @T t=181391 s=0.000 lv=-40.0 pk=-38.9 c0=8.1 c1=5.9 kw=5.67 inf=1.54 iv=0.00 n=0 d=17 sk=3 hf=95780 hm=79516 ht=283156 pf=0 pm=0 pt=0 ru=235768 rp=252032
19:04:35.809 @T t=181496 s=0.000 lv=-39.7 pk=-38.3 c0=3.2 c1=5.1 kw=4.97 inf=1.52 iv=0.00 n=0 d=17 sk=3 hf=95780 hm=79516 ht=283156 pf=0 pm=0 pt=0 ru=235768 rp=252032
19:04:35.809 @T t=181603 s=0.000 lv=-40.0 pk=-39.0 c0=3.6 c1=5.1 kw=4.97 inf=1.52 iv=0.00 n=0 d=17 sk=3 hf=95780 hm=79516 ht=283156 pf=0 pm=0 pt=0 ru=235768 rp=252032
19:04:35.809 @T t=181708 s=0.000 lv=-41.1 pk=-39.9 c0=3.2 c1=6.1 kw=5.94 inf=1.36 iv=0.00 n=0 d=17 sk=4 hf=95780 hm=79516 ht=283156 pf=0 pm=0 pt=0 ru=235768 rp=252032
19:04:35.809 @T t=181794 s=0.000 lv=-40.8 pk=-40.0 c0=3.7 c1=5.0 kw=4.88 inf=1.82 iv=0.00 n=0 d=17 sk=2 hf=95780 hm=79516 ht=283156 pf=0 pm=0 pt=0 ru=235768 rp=252032
19:04:35.809 @T t=181901 s=0.000 lv=-39.8 pk=-38.8 c0=3.1 c1=5.1 kw=4.97 inf=1.52 iv=0.00 n=0 d=17 sk=3 hf=95780 hm=79516 ht=283156 pf=0 pm=0 pt=0 ru=235768 rp=252032
19:04:35.809 @T t=182006 s=0.000 lv=-40.5 pk=-39.8 c0=3.1 c1=6.1 kw=5.91 inf=1.36 iv=0.00 n=0 d=17 sk=4 hf=95780 hm=79516 ht=283156 pf=0 pm=0 pt=0 ru=235768 rp=252032
19:04:38.183 I (182408) stream: server: {"type":"response","text":"Increase the volume.","saved":"20260928_190432_102_e072a1d53274_marvin.wav"}
19:04:38.183 @T t=182093 s=0.000 lv=-40.4 pk=-39.8 c0=13.2 c1=5.7 kw=5.50 inf=2.07 iv=0.00 n=0 d=17 sk=2 hf=95784 hm=79516 ht=283156 pf=0 pm=0 pt=0 ru=235764 rp=252032
19:04:38.183 @T t=182198 s=0.000 lv=-39.8 pk=-38.5 c0=6.5 c1=5.1 kw=4.98 inf=1.53 iv=0.00 n=0 d=17 sk=3 hf=95784 hm=79516 ht=283156 pf=0 pm=0 pt=0 ru=235764 rp=252032
19:04:38.183 @I ww=marvin cut=0.50 win=5 cool=1000 tick=100 wifi=1 srv=1 li=0 ln=0
19:04:38.183 @T t=182289 s=0.000 lv=-39.9 pk=-38.6 c0=4.3 c1=5.9 kw=5.77 inf=1.52 iv=0.00 n=0 d=17 sk=3 hf=95784 hm=79516 ht=283156 pf=0 pm=0 pt=0 ru=235764 rp=252032
19:04:38.183 @T t=182395 s=0.000 lv=-39.7 pk=-38.4 c0=3.1 c1=5.1 kw=4.91 inf=1.50 iv=0.00 n=0 d=17 sk=3 hf=95784 hm=79516 ht=283156 pf=0 pm=0 pt=0 ru=235764 rp=252032
19:04:38.183 @T t=182501 s=0.000 lv=-39.2 pk=-38.1 c0=3.0 c1=5.1 kw=4.95 inf=1.52 iv=0.00 n=0 d=17 sk=3 hf=95784 hm=79516 ht=283156 pf=0 pm=0 pt=0 ru=235764 rp=252032
19:04:38.183 @T t=182608 s=0.000 lv=-39.3 pk=-37.8 c0=4.0 c1=6.2 kw=5.97 inf=1.37 iv=0.00 n=0 d=17 sk=4 hf=95784 hm=79516 ht=283156 pf=0 pm=0 pt=0 ru=235764 rp=252032
19:04:38.183 @T t=182693 s=0.000 lv=-38.4 pk=-36.8 c0=3.8 c1=5.1 kw=4.95 inf=1.85 iv=0.00 n=0 d=17 sk=2 hf=95784 hm=79516 ht=283156 pf=0 pm=0 pt=0 ru=235764 rp=252032
19:04:38.183 @T t=182799 s=0.000 lv=-39.4 pk=-38.2 c0=3.0 c1=5.1 kw=4.93 inf=1.51 iv=0.00 n=0 d=17 sk=3 hf=95784 hm=79516 ht=283156 pf=0 pm=0 pt=0 ru=235764 rp=252032
19:04:38.183 @T t=182905 s=0.000 lv=-38.7 pk=-37.9 c0=3.1 c1=6.1 kw=5.90 inf=1.36 iv=0.00 n=0 d=17 sk=4 hf=95784 hm=79516 ht=283156 pf=0 pm=0 pt=0 ru=235764 rp=252032
19:04:38.183 @T t=182991 s=0.000 lv=-39.7 pk=-37.5 c0=3.7 c1=5.0 kw=4.90 inf=1.83 iv=0.00 n=0 d=17 sk=2 hf=95784 hm=79516 ht=283156 pf=0 pm=0 pt=0 ru=235764 rp=252032
19:04:38.183 @T t=183098 s=0.000 lv=-40.1 pk=-38.8 c0=6.7 c1=5.6 kw=5.10 inf=1.56 iv=0.00 n=0 d=17 sk=3 hf=95780 hm=79516 ht=283156 pf=0 pm=0 pt=0 ru=235768 rp=252032
19:04:38.183 @T t=183203 s=0.000 lv=-40.2 pk=-39.8 c0=3.4 c1=5.1 kw=4.99 inf=1.53 iv=0.00 n=0 d=17 sk=3 hf=95780 hm=79516 ht=283156 pf=0 pm=0 pt=0 ru=235768 rp=252032
19:04:38.183 @I ww=marvin cut=0.50 win=5 cool=1000 tick=100 wifi=1 srv=1 li=0 ln=0
19:04:38.183 @T t=183295 s=0.000 lv=-23.5 pk=-21.7 c0=4.7 c1=20.7 kw=20.48 inf=1.38 iv=1.00 n=13 d=17 sk=0 hf=95780 hm=79516 ht=283156 pf=0 pm=0 pt=0 ru=235768 rp=252032
19:04:38.183 @T t=183401 s=0.000 lv=-24.7 pk=-23.0 c0=3.5 c1=8.5 kw=8.37 inf=2.72 iv=1.12 n=3 d=17 sk=0 hf=95780 hm=79516 ht=283156 pf=0 pm=0 pt=0 ru=235768 rp=252032
19:04:38.183 @T t=183507 s=0.000 lv=-35.8 pk=-30.9 c0=3.4 c1=10.7 kw=10.54 inf=2.58 iv=1.15 n=4 d=17 sk=0 hf=95780 hm=79516 ht=283156 pf=0 pm=0 pt=0 ru=235768 rp=252032
19:04:38.183 @T t=183593 s=0.000 lv=-30.9 pk=-29.7 c0=4.3 c1=9.6 kw=9.32 inf=2.47 iv=1.18 n=3 d=17 sk=0 hf=95780 hm=79516 ht=283156 pf=0 pm=0 pt=0 ru=235768 rp=252032
19:04:38.183 @T t=183699 s=0.003 lv=-35.3 pk=-34.6 c0=3.7 c1=9.1 kw=8.88 inf=2.89 iv=1.28 n=3 d=17 sk=0 hf=95780 hm=79516 ht=283156 pf=0 pm=0 pt=0 ru=235768 rp=252032
19:04:38.183 @T t=183805 s=0.023 lv=-35.0 pk=-30.4 c0=6.7 c1=9.0 kw=8.86 inf=2.84 iv=1.22 n=3 d=17 sk=0 hf=95780 hm=79516 ht=283156 pf=0 pm=0 pt=0 ru=235768 rp=252032
19:04:38.183 @T t=183894 s=0.312 lv=-40.2 pk=-39.7 c0=4.2 c1=12.2 kw=11.89 inf=2.50 iv=1.29 n=4 d=17 sk=0 hf=95780 hm=79516 ht=283156 pf=0 pm=0 pt=0 ru=235768 rp=252032
19:04:38.183 I (184329) kws: >>> WAKE WORD "marvin" DETECTED  (score 0.57, t = 183.95 s)
19:04:38.183 I (184348) stream: first audio sent 18 ms after the detection
19:04:38.183 @T t=184000 s=0.566 lv=-40.2 pk=-39.2 c0=11.7 c1=11.5 kw=9.33 inf=3.05 iv=1.37 n=3 d=18 sk=0 hf=95780 hm=79516 ht=283156 pf=0 pm=0 pt=0 ru=235768 rp=252032
19:04:38.183 @T t=184091 s=0.347 lv=-39.1 pk=-37.2 c0=18.7 c1=14.0 kw=12.47 inf=3.53 iv=1.75 n=3 d=18 sk=0 hf=95780 hm=79516 ht=283156 pf=0 pm=0 pt=0 ru=235768 rp=252032
19:04:38.183 @T t=184197 s=0.447 lv=-40.4 pk=-39.7 c0=14.9 c1=13.7 kw=12.35 inf=3.08 iv=1.76 n=4 d=18 sk=0 hf=95780 hm=79516 ht=283156 pf=0 pm=0 pt=0 ru=235768 rp=252032
19:04:38.183 @I ww=marvin cut=0.50 win=5 cool=1000 tick=100 wifi=1 srv=1 li=0 ln=0
19:04:38.183 @T t=184291 s=0.387 lv=-40.3 pk=-39.2 c0=18.4 c1=14.2 kw=12.59 inf=3.69 iv=1.85 n=3 d=18 sk=0 hf=95780 hm=79516 ht=283156 pf=0 pm=0 pt=0 ru=235768 rp=252032
19:04:40.590 @T t=184397 s=0.295 lv=-31.8 pk=-27.4 c0=14.5 c1=11.9 kw=10.51 inf=3.46 iv=1.69 n=3 d=18 sk=0 hf=95780 hm=79516 ht=283156 pf=0 pm=0 pt=0 ru=235768 rp=252032
19:04:40.591 @T t=184503 s=0.166 lv=-16.8 pk=-15.3 c0=15.4 c1=13.7 kw=12.25 inf=3.05 iv=1.68 n=4 d=18 sk=0 hf=95780 hm=79516 ht=283156 pf=0 pm=0 pt=0 ru=235768 rp=252032
19:04:40.591 I (184969) wake_word: score event: peak 0.57 over 570 ms -> detected
19:04:40.591 @T t=184592 s=0.000 lv=-25.8 pk=-20.8 c0=18.5 c1=16.1 kw=14.69 inf=4.10 iv=1.73 n=3 d=18 sk=0 hf=95780 hm=79516 ht=283156 pf=0 pm=0 pt=0 ru=235768 rp=252032
19:04:40.591 @T t=184698 s=0.000 lv=-35.6 pk=-34.0 c0=16.5 c1=11.1 kw=9.72 inf=3.18 iv=1.45 n=3 d=18 sk=0 hf=95780 hm=79516 ht=283156 pf=0 pm=0 pt=0 ru=235768 rp=252032
19:04:40.591 @T t=184804 s=0.000 lv=-35.2 pk=-33.7 c0=17.2 c1=12.9 kw=11.33 inf=2.81 iv=1.45 n=4 d=18 sk=0 hf=95780 hm=79516 ht=283156 pf=0 pm=0 pt=0 ru=235768 rp=252032
19:04:40.591 @T t=184895 s=0.000 lv=-36.2 pk=-31.7 c0=16.4 c1=13.1 kw=11.46 inf=3.22 iv=1.44 n=3 d=18 sk=0 hf=95780 hm=79516 ht=283156 pf=0 pm=0 pt=0 ru=235768 rp=252032
19:04:40.591 @T t=185001 s=0.000 lv=-30.1 pk=-28.2 c0=17.1 c1=11.1 kw=10.07 inf=3.31 iv=1.44 n=3 d=18 sk=0 hf=95780 hm=79516 ht=283156 pf=0 pm=0 pt=0 ru=235768 rp=252032
19:04:40.591 @T t=185091 s=0.000 lv=-26.5 pk=-23.8 c0=20.0 c1=14.9 kw=13.16 inf=2.77 iv=1.45 n=4 d=18 sk=0 hf=92660 hm=79516 ht=283156 pf=0 pm=0 pt=0 ru=238888 rp=252032
19:04:40.591 @T t=185198 s=0.000 lv=-35.7 pk=-32.2 c0=17.4 c1=11.2 kw=9.59 inf=3.16 iv=1.43 n=3 d=18 sk=0 hf=95784 hm=79516 ht=283156 pf=0 pm=0 pt=0 ru=235764 rp=252032
19:04:40.591 @I ww=marvin cut=0.50 win=5 cool=1000 tick=100 wifi=1 srv=1 li=0 ln=0
19:04:40.591 @T t=185292 s=0.000 lv=-39.0 pk=-37.0 c0=16.7 c1=12.3 kw=10.99 inf=3.19 iv=1.44 n=3 d=18 sk=0 hf=95784 hm=79516 ht=283156 pf=0 pm=0 pt=0 ru=235764 rp=252032
19:04:40.591 @T t=185398 s=0.000 lv=-39.3 pk=-37.8 c0=14.4 c1=12.8 kw=11.25 inf=2.79 iv=1.45 n=4 d=18 sk=0 hf=95784 hm=79516 ht=283156 pf=0 pm=0 pt=0 ru=235764 rp=252032
19:04:40.591 @T t=185504 s=0.000 lv=-39.1 pk=-37.3 c0=14.3 c1=11.2 kw=9.75 inf=3.19 iv=1.44 n=3 d=18 sk=0 hf=95784 hm=79516 ht=283156 pf=0 pm=0 pt=0 ru=235764 rp=252032
19:04:40.591 @T t=185593 s=0.000 lv=-40.3 pk=-39.9 c0=21.0 c1=13.4 kw=11.74 inf=3.23 iv=1.44 n=3 d=18 sk=0 hf=95784 hm=79516 ht=283156 pf=0 pm=0 pt=0 ru=235764 rp=252032
19:04:40.591 @T t=185699 s=0.000 lv=-39.4 pk=-38.1 c0=13.8 c1=12.3 kw=11.06 inf=2.74 iv=1.43 n=4 d=18 sk=0 hf=95784 hm=79516 ht=283156 pf=0 pm=0 pt=0 ru=235764 rp=252032
19:04:40.592 I (186172) stream: stream finished (silence): 1840 ms of audio sent (28 KB)
19:04:40.592 @T t=185792 s=0.000 lv=-39.6 pk=-38.1 c0=20.8 c1=13.3 kw=11.32 inf=3.27 iv=1.45 n=3 d=18 sk=0 hf=95784 hm=79516 ht=283156 pf=0 pm=0 pt=0 ru=235764 rp=252032
19:04:40.592 I (186215) wifi:[ADDBA]RX DELBA, reason:37, delete tid:0, initiator:1(originator)
19:04:40.592 @T t=185906 s=0.000 lv=-37.9 pk=-36.1 c0=5.1 c1=9.2 kw=8.52 inf=2.93 iv=1.27 n=3 d=18 sk=0 hf=95784 hm=79516 ht=283156 pf=0 pm=0 pt=0 ru=235764 rp=252032
19:04:40.592 @T t=185992 s=0.000 lv=-39.1 pk=-38.1 c0=4.2 c1=11.3 kw=12.15 inf=2.47 iv=1.19 n=4 d=18 sk=0 hf=95784 hm=79516 ht=283156 pf=0 pm=0 pt=0 ru=235764 rp=252032
19:04:40.592 @T t=186098 s=0.000 lv=-38.4 pk=-36.9 c0=4.0 c1=8.9 kw=8.66 inf=2.82 iv=1.20 n=3 d=18 sk=0 hf=95784 hm=79516 ht=283156 pf=0 pm=0 pt=0 ru=235764 rp=252032
19:04:40.592 @T t=186204 s=0.000 lv=-39.9 pk=-38.5 c0=3.4 c1=8.5 kw=8.32 inf=2.70 iv=1.12 n=3 d=18 sk=0 hf=95784 hm=79516 ht=283156 pf=0 pm=0 pt=0 ru=235764 rp=252032
19:04:40.592 @I ww=marvin cut=0.50 win=5 cool=1000 tick=100 wifi=1 srv=1 li=0 ln=0
19:04:40.592 @T t=186295 s=0.000 lv=-40.2 pk=-39.0 c0=13.0 c1=11.3 kw=11.11 inf=2.34 iv=1.12 n=4 d=18 sk=0 hf=95784 hm=79516 ht=283156 pf=0 pm=0 pt=0 ru=235764 rp=252032
19:04:40.592 @T t=186404 s=0.000 lv=-39.4 pk=-38.7 c0=3.2 c1=8.3 kw=8.11 inf=2.71 iv=1.13 n=3 d=18 sk=0 hf=95784 hm=79516 ht=283156 pf=0 pm=0 pt=0 ru=235764 rp=252032
19:04:40.592 @T t=186490 s=0.000 lv=-39.7 pk=-38.5 c0=4.1 c1=10.7 kw=10.48 inf=2.75 iv=1.14 n=3 d=18 sk=0 hf=95784 hm=79516 ht=283156 pf=0 pm=0 pt=0 ru=235764 rp=252032
19:04:40.592 @T t=186596 s=0.000 lv=-39.2 pk=-38.1 c0=3.4 c1=9.4 kw=9.20 inf=2.26 iv=1.07 n=4 d=18 sk=0 hf=95784 hm=79516 ht=283156 pf=0 pm=0 pt=0 ru=235764 rp=252032
19:04:40.592 @T t=186702 s=0.000 lv=-40.1 pk=-38.8 c0=3.4 c1=8.5 kw=8.29 inf=2.69 iv=1.11 n=3 d=18 sk=0 hf=95784 hm=79516 ht=283156 pf=0 pm=0 pt=0 ru=235764 rp=252032
19:04:42.994 @T t=186808 s=0.000 lv=-40.3 pk=-39.7 c0=3.3 c1=6.1 kw=5.97 inf=1.37 iv=0.00 n=0 d=18 sk=4 hf=95784 hm=79516 ht=283156 pf=0 pm=0 pt=0 ru=235764 rp=252032
19:04:42.994 @T t=186893 s=0.000 lv=-40.3 pk=-39.2 c0=3.8 c1=5.0 kw=4.90 inf=1.83 iv=0.00 n=0 d=18 sk=2 hf=95784 hm=79516 ht=283156 pf=0 pm=0 pt=0 ru=235764 rp=252032
19:04:42.994 @T t=186999 s=0.000 lv=-40.9 pk=-40.0 c0=3.0 c1=5.0 kw=4.91 inf=1.50 iv=0.00 n=0 d=18 sk=3 hf=95784 hm=79516 ht=283156 pf=0 pm=0 pt=0 ru=235764 rp=252032
19:04:42.994 @T t=187106 s=0.000 lv=-39.4 pk=-38.1 c0=7.2 c1=6.8 kw=6.21 inf=1.43 iv=0.00 n=0 d=18 sk=4 hf=95780 hm=79516 ht=283156 pf=0 pm=0 pt=0 ru=235768 rp=252032
19:04:42.994 @T t=187191 s=0.000 lv=-39.9 pk=-38.7 c0=4.2 c1=5.1 kw=4.96 inf=1.85 iv=0.00 n=0 d=18 sk=2 hf=95780 hm=79516 ht=283156 pf=0 pm=0 pt=0 ru=235768 rp=252032
19:04:42.994 @I ww=marvin cut=0.50 win=5 cool=1000 tick=100 wifi=1 srv=1 li=0 ln=0
19:04:42.994 @T t=187304 s=0.000 lv=-40.8 pk=-39.5 c0=3.5 c1=4.8 kw=4.65 inf=1.50 iv=0.00 n=0 d=18 sk=3 hf=95780 hm=79516 ht=283156 pf=0 pm=0 pt=0 ru=235768 rp=252032
19:04:42.994 @T t=187408 s=0.000 lv=-39.1 pk=-37.3 c0=3.1 c1=6.2 kw=6.01 inf=1.37 iv=0.00 n=0 d=18 sk=4 hf=95780 hm=79516 ht=283156 pf=0 pm=0 pt=0 ru=235768 rp=252032
19:04:42.994 @T t=187494 s=0.000 lv=-40.2 pk=-39.1 c0=3.7 c1=5.0 kw=4.86 inf=1.81 iv=0.00 n=0 d=18 sk=2 hf=95780 hm=79516 ht=283156 pf=0 pm=0 pt=0 ru=235768 rp=252032
19:04:42.994 @T t=187600 s=0.000 lv=-39.6 pk=-38.1 c0=3.0 c1=5.1 kw=4.94 inf=1.51 iv=0.00 n=0 d=18 sk=3 hf=95780 hm=79516 ht=283156 pf=0 pm=0 pt=0 ru=235768 rp=252032
19:04:42.994 I (188037) stream: server: {"type":"response","text":"Tell me a joke.","saved":"20260928_190437_725_e072a1d53274_marvin.wav"}
19:04:42.994 @T t=187707 s=0.000 lv=-40.7 pk=-39.3 c0=6.3 c1=7.0 kw=6.01 inf=1.38 iv=0.00 n=0 d=18 sk=4 hf=95784 hm=79516 ht=283156 pf=0 pm=0 pt=0 ru=235764 rp=252032
19:04:42.994 @T t=187792 s=0.000 lv=-40.3 pk=-39.6 c0=4.0 c1=5.0 kw=4.89 inf=1.82 iv=0.00 n=0 d=18 sk=2 hf=95784 hm=79516 ht=283156 pf=0 pm=0 pt=0 ru=235764 rp=252032
19:04:42.994 @T t=187899 s=0.000 lv=-39.6 pk=-38.5 c0=3.7 c1=5.2 kw=4.97 inf=1.52 iv=0.00 n=0 d=18 sk=3 hf=95784 hm=79516 ht=283156 pf=0 pm=0 pt=0 ru=235764 rp=252032
19:04:42.994 @T t=188004 s=0.000 lv=-40.3 pk=-39.1 c0=3.3 c1=5.2 kw=5.12 inf=1.53 iv=0.00 n=0 d=18 sk=3 hf=95784 hm=79516 ht=283156 pf=0 pm=0 pt=0 ru=235764 rp=252032
19:04:42.994 @T t=188091 s=0.000 lv=-39.4 pk=-38.3 c0=3.9 c1=6.4 kw=5.93 inf=1.51 iv=0.00 n=0 d=18 sk=3 hf=95784 hm=79516 ht=283156 pf=0 pm=0 pt=0 ru=235764 rp=252032
19:04:42.994 @T t=188197 s=0.000 lv=-39.4 pk=-38.7 c0=6.7 c1=5.2 kw=4.99 inf=1.53 iv=0.00 n=0 d=18 sk=3 hf=95784 hm=79516 ht=283156 pf=0 pm=0 pt=0 ru=235764 rp=252032
19:04:42.995 @I ww=marvin cut=0.50 win=5 cool=1000 tick=100 wifi=1 srv=1 li=0 ln=0
19:04:42.995 @T t=188309 s=0.000 lv=-40.2 pk=-38.3 c0=3.8 c1=5.8 kw=5.63 inf=1.37 iv=0.00 n=0 d=18 sk=4 hf=95784 hm=79516 ht=283156 pf=0 pm=0 pt=0 ru=235764 rp=252032
19:04:42.995 @T t=188395 s=0.000 lv=-40.5 pk=-39.7 c0=3.8 c1=5.1 kw=4.90 inf=1.83 iv=0.00 n=0 d=18 sk=2 hf=95784 hm=79516 ht=283156 pf=0 pm=0 pt=0 ru=235764 rp=252032
19:04:42.995 @T t=188500 s=0.000 lv=-39.9 pk=-38.3 c0=3.0 c1=5.1 kw=4.93 inf=1.51 iv=0.00 n=0 d=18 sk=3 hf=95784 hm=79516 ht=283156 pf=0 pm=0 pt=0 ru=235764 rp=252032
19:04:42.995 @T t=188606 s=0.000 lv=-39.7 pk=-38.4 c0=3.0 c1=6.1 kw=5.91 inf=1.36 iv=0.00 n=0 d=18 sk=4 hf=95784 hm=79516 ht=283156 pf=0 pm=0 pt=0 ru=235764 rp=252032
19:04:42.995 @T t=188693 s=0.000 lv=-39.5 pk=-38.2 c0=4.3 c1=5.1 kw=4.92 inf=1.84 iv=0.00 n=0 d=18 sk=2 hf=95784 hm=79516 ht=283156 pf=0 pm=0 pt=0 ru=235764 rp=252032
19:04:42.995 @T t=188798 s=0.000 lv=-39.5 pk=-37.2 c0=3.1 c1=5.1 kw=4.95 inf=1.52 iv=0.00 n=0 d=18 sk=3 hf=95784 hm=79516 ht=283156 pf=0 pm=0 pt=0 ru=235764 rp=252032
19:04:42.995 @T t=188905 s=0.000 lv=-39.9 pk=-37.6 c0=3.2 c1=5.2 kw=5.07 inf=1.52 iv=0.00 n=0 d=18 sk=3 hf=95784 hm=79516 ht=283156 pf=0 pm=0 pt=0 ru=235764 rp=252032
19:04:42.995 @T t=188990 s=0.000 lv=-39.0 pk=-38.3 c0=3.7 c1=6.3 kw=5.93 inf=1.51 iv=0.00 n=0 d=18 sk=3 hf=95784 hm=79516 ht=283156 pf=0 pm=0 pt=0 ru=235764 rp=252032
19:04:42.995 @T t=189097 s=0.000 lv=-39.9 pk=-39.0 c0=3.1 c1=5.1 kw=4.94 inf=1.52 iv=0.00 n=0 d=18 sk=3 hf=95784 hm=79516 ht=283156 pf=0 pm=0 pt=0 ru=235764 rp=252032
19:04:42.995 @T t=189202 s=0.000 lv=-39.5 pk=-38.5 c0=6.3 c1=5.1 kw=4.95 inf=1.52 iv=0.00 n=0 d=18 sk=3 hf=95784 hm=79516 ht=283156 pf=0 pm=0 pt=0 ru=235764 rp=252032
19:04:45.186 @I ww=marvin cut=0.50 win=5 cool=1000 tick=100 wifi=1 srv=1 li=0 ln=0
19:04:45.186 @T t=189295 s=0.000 lv=-40.2 pk=-39.3 c0=4.8 c1=5.9 kw=5.73 inf=1.53 iv=0.00 n=0 d=18 sk=3 hf=95784 hm=79516 ht=283156 pf=0 pm=0 pt=0 ru=235764 rp=252032
19:04:45.186 @T t=189401 s=0.000 lv=-40.2 pk=-39.5 c0=3.3 c1=5.1 kw=5.00 inf=1.53 iv=0.00 n=0 d=18 sk=3 hf=95784 hm=79516 ht=283156 pf=0 pm=0 pt=0 ru=235764 rp=252032
19:04:45.186 @T t=189506 s=0.000 lv=-39.5 pk=-39.1 c0=3.0 c1=6.1 kw=5.91 inf=1.36 iv=0.00 n=0 d=18 sk=4 hf=95784 hm=79516 ht=283156 pf=0 pm=0 pt=0 ru=235764 rp=252032
19:04:45.186 @T t=189592 s=0.000 lv=-38.8 pk=-38.3 c0=3.7 c1=5.0 kw=4.89 inf=1.82 iv=0.00 n=0 d=18 sk=2 hf=95784 hm=79516 ht=283156 pf=0 pm=0 pt=0 ru=235764 rp=252032
19:04:45.186 @T t=189699 s=0.000 lv=-39.2 pk=-38.0 c0=6.1 c1=5.9 kw=5.45 inf=1.68 iv=0.00 n=0 d=18 sk=3 hf=95780 hm=79516 ht=283156 pf=0 pm=0 pt=0 ru=235768 rp=252032
19:04:45.186 @T t=189804 s=0.000 lv=-40.2 pk=-39.2 c0=6.5 c1=5.2 kw=5.13 inf=1.53 iv=0.00 n=0 d=18 sk=3 hf=95780 hm=79516 ht=283156 pf=0 pm=0 pt=0 ru=235768 rp=252032
19:04:45.186 @T t=189891 s=0.000 lv=-40.8 pk=-39.8 c0=4.6 c1=6.4 kw=5.98 inf=1.52 iv=0.00 n=0 d=18 sk=3 hf=95780 hm=79516 ht=283156 pf=0 pm=0 pt=0 ru=235768 rp=252032
19:04:45.186 @T t=189996 s=0.000 lv=-39.4 pk=-36.7 c0=3.2 c1=5.1 kw=4.97 inf=1.52 iv=0.00 n=0 d=18 sk=3 hf=95780 hm=79516 ht=283156 pf=0 pm=0 pt=0 ru=235768 rp=252032
19:04:45.186 @T t=190103 s=0.000 lv=-40.5 pk=-40.0 c0=3.1 c1=5.1 kw=4.95 inf=1.52 iv=0.00 n=0 d=18 sk=3 hf=95780 hm=79516 ht=283156 pf=0 pm=0 pt=0 ru=235768 rp=252032
19:04:45.186 @T t=190208 s=0.000 lv=-40.3 pk=-39.2 c0=3.0 c1=6.1 kw=5.91 inf=1.36 iv=0.00 n=0 d=18 sk=4 hf=95780 hm=79516 ht=283156 pf=0 pm=0 pt=0 ru=235768 rp=252032
19:04:45.186 @I ww=marvin cut=0.50 win=5 cool=1000 tick=100 wifi=1 srv=1 li=0 ln=0
19:04:45.186 @T t=190300 s=0.000 lv=-39.9 pk=-38.6 c0=4.3 c1=4.7 kw=4.55 inf=1.82 iv=0.00 n=0 d=18 sk=2 hf=95780 hm=79516 ht=283156 pf=0 pm=0 pt=0 ru=235768 rp=252032
19:04:45.186 @T t=190407 s=0.000 lv=-39.7 pk=-38.3 c0=3.4 c1=6.1 kw=5.95 inf=1.37 iv=0.00 n=0 d=18 sk=4 hf=95780 hm=79516 ht=283156 pf=0 pm=0 pt=0 ru=235768 rp=252032
19:04:45.186 @T t=190492 s=0.000 lv=-40.0 pk=-39.5 c0=3.9 c1=5.1 kw=4.93 inf=1.84 iv=0.00 n=0 d=18 sk=2 hf=95780 hm=79516 ht=283156 pf=0 pm=0 pt=0 ru=235768 rp=252032
19:04:45.186 @T t=190599 s=0.000 lv=-41.0 pk=-39.6 c0=3.1 c1=5.0 kw=4.90 inf=1.50 iv=0.00 n=0 d=18 sk=3 hf=95780 hm=79516 ht=283156 pf=0 pm=0 pt=0 ru=235768 rp=252032
19:04:45.186 @T t=190705 s=0.000 lv=-40.1 pk=-38.9 c0=3.5 c1=5.2 kw=5.10 inf=1.53 iv=0.00 n=0 d=18 sk=3 hf=95780 hm=79516 ht=283156 pf=0 pm=0 pt=0 ru=235768 rp=252032
19:04:45.186 @T t=190790 s=0.000 lv=-40.6 pk=-39.8 c0=3.7 c1=6.3 kw=6.10 inf=1.56 iv=0.00 n=0 d=18 sk=3 hf=95780 hm=79516 ht=283156 pf=0 pm=0 pt=0 ru=235768 rp=252032
19:04:45.186 @T t=190896 s=0.000 lv=-40.4 pk=-39.1 c0=3.1 c1=5.1 kw=4.93 inf=1.51 iv=0.00 n=0 d=18 sk=3 hf=95780 hm=79516 ht=283156 pf=0 pm=0 pt=0 ru=235768 rp=252032
19:04:45.186 @T t=191002 s=0.000 lv=-40.1 pk=-38.5 c0=3.1 c1=5.1 kw=4.94 inf=1.51 iv=0.00 n=0 d=18 sk=3 hf=95780 hm=79516 ht=283156 pf=0 pm=0 pt=0 ru=235768 rp=252032
19:04:45.186 @T t=191109 s=0.000 lv=-40.1 pk=-38.6 c0=3.1 c1=6.1 kw=5.94 inf=1.37 iv=0.00 n=0 d=18 sk=4 hf=95780 hm=79516 ht=283156 pf=0 pm=0 pt=0 ru=235768 rp=252032
19:04:45.186 @T t=191194 s=0.000 lv=-40.1 pk=-38.9 c0=3.7 c1=5.0 kw=4.88 inf=1.82 iv=0.00 n=0 d=18 sk=2 hf=95780 hm=79516 ht=283156 pf=0 pm=0 pt=0 ru=235768 rp=252032
19:04:45.186 @I ww=marvin cut=0.50 win=5 cool=1000 tick=100 wifi=1 srv=1 li=0 ln=0
19:04:45.186 @T t=191307 s=0.000 lv=-39.8 pk=-38.4 c0=3.6 c1=5.7 kw=5.58 inf=1.35 iv=0.00 n=0 d=18 sk=4 hf=95780 hm=79516 ht=283156 pf=0 pm=0 pt=0 ru=235768 rp=252032
19:04:45.186 [status] up 191s | mic -33.3 dBFS (peak -15.3) | score max 0.57 | detections 18 | inferences 126 (12.6/s; model 1.34 ms each, paused in quiet 61%; features 1.49 ms per 30 ms) | CPU core0  6.6% core1  7.7% (wake word pipeline 7.18% of one core) | RAM used 230 KB (peak 246 KB, 93 KB free) | wifi OK, server OK | audio lost since boot: i2s 0 net 0
19:04:45.186 [tasks] % of one core (free stack): main@0=4.16(1936) IDLE1@1=90.93(720) IDLE0@0=92.22(728) tiT@*=1.08(1928) websocket_task@*=0.21(1468) audio_kws@1=8.69(1248) esp_timer@0=0.01(3136) Tmr Svc@*=0.00(1368) ipc1@1=0.00(536) streamer@0=1.81(1436) wifi@0=0.92(3212) sys_evt@0=0.00(336) ipc0@0=0.00(528)
19:04:47.680 @T t=191409 s=0.000 lv=-40.4 pk=-39.8 c0=11.3 c1=5.4 kw=5.21 inf=1.53 iv=0.00 n=0 d=18 sk=3 hf=95780 hm=79516 ht=283156 pf=0 pm=0 pt=0 ru=235768 rp=252032
19:04:47.680 @T t=191494 s=0.000 lv=-39.3 pk=-38.0 c0=3.8 c1=5.1 kw=4.92 inf=1.84 iv=0.00 n=0 d=18 sk=2 hf=95780 hm=79516 ht=283156 pf=0 pm=0 pt=0 ru=235768 rp=252032
19:04:47.681 @T t=191601 s=0.000 lv=-40.5 pk=-38.8 c0=3.4 c1=5.1 kw=4.96 inf=1.52 iv=0.00 n=0 d=18 sk=3 hf=95780 hm=79516 ht=283156 pf=0 pm=0 pt=0 ru=235768 rp=252032
19:04:47.681 @T t=191707 s=0.000 lv=-40.1 pk=-37.4 c0=6.4 c1=6.6 kw=6.11 inf=1.40 iv=0.00 n=0 d=18 sk=4 hf=95784 hm=79516 ht=283156 pf=0 pm=0 pt=0 ru=235764 rp=252032
19:04:47.681 @T t=191792 s=0.000 lv=-41.3 pk=-40.6 c0=4.2 c1=5.0 kw=4.93 inf=1.84 iv=0.00 n=0 d=18 sk=2 hf=95784 hm=79516 ht=283156 pf=0 pm=0 pt=0 ru=235764 rp=252032
19:04:47.681 @T t=191899 s=0.000 lv=-41.2 pk=-38.9 c0=3.7 c1=5.1 kw=4.95 inf=1.52 iv=0.00 n=0 d=18 sk=3 hf=95784 hm=79516 ht=283156 pf=0 pm=0 pt=0 ru=235764 rp=252032
19:04:47.682 @T t=192004 s=0.000 lv=-41.1 pk=-40.1 c0=3.3 c1=5.1 kw=5.10 inf=1.52 iv=0.00 n=0 d=18 sk=3 hf=95784 hm=79516 ht=283156 pf=0 pm=0 pt=0 ru=235764 rp=252032
19:04:47.682 @T t=192091 s=0.000 lv=-39.9 pk=-38.7 c0=3.8 c1=6.3 kw=5.93 inf=1.51 iv=0.00 n=0 d=18 sk=3 hf=95784 hm=79516 ht=283156 pf=0 pm=0 pt=0 ru=235764 rp=252032
19:04:47.682 @T t=192196 s=0.000 lv=-40.5 pk=-39.8 c0=3.1 c1=5.1 kw=4.94 inf=1.51 iv=0.00 n=0 d=18 sk=3 hf=95784 hm=79516 ht=283156 pf=0 pm=0 pt=0 ru=235764 rp=252032
19:04:47.682 @I ww=marvin cut=0.50 win=5 cool=1000 tick=100 wifi=1 srv=1 li=0 ln=0
19:04:47.682 @T t=192309 s=0.000 lv=-39.9 pk=-38.2 c0=3.6 c1=5.7 kw=5.58 inf=1.36 iv=0.00 n=0 d=18 sk=4 hf=95784 hm=79516 ht=283156 pf=0 pm=0 pt=0 ru=235764 rp=252032
19:04:47.682 @T t=192394 s=0.000 lv=-41.6 pk=-40.6 c0=3.8 c1=5.0 kw=4.91 inf=1.83 iv=0.00 n=0 d=18 sk=2 hf=95784 hm=79516 ht=283156 pf=0 pm=0 pt=0 ru=235764 rp=252032
19:04:47.682 @T t=192500 s=0.000 lv=-40.2 pk=-39.0 c0=3.0 c1=5.1 kw=4.93 inf=1.51 iv=0.00 n=0 d=18 sk=3 hf=95784 hm=79516 ht=283156 pf=0 pm=0 pt=0 ru=235764 rp=252032
19:04:47.682 @T t=192606 s=0.000 lv=-40.0 pk=-38.5 c0=3.0 c1=6.1 kw=5.91 inf=1.36 iv=0.00 n=0 d=18 sk=4 hf=95784 hm=79516 ht=283156 pf=0 pm=0 pt=0 ru=235764 rp=252032
19:04:47.682 @T t=192693 s=0.000 lv=-37.5 pk=-33.9 c0=4.2 c1=17.7 kw=17.46 inf=1.20 iv=0.96 n=11 d=18 sk=1 hf=95784 hm=79516 ht=283156 pf=0 pm=0 pt=0 ru=235764 rp=252032
19:04:47.682 @T t=192799 s=0.000 lv=-39.4 pk=-37.1 c0=3.9 c1=8.6 kw=8.40 inf=2.73 iv=1.14 n=3 d=18 sk=0 hf=95784 hm=79516 ht=283156 pf=0 pm=0 pt=0 ru=235764 rp=252032
19:04:47.682 @T t=192905 s=0.000 lv=-40.3 pk=-39.5 c0=3.6 c1=8.7 kw=8.63 inf=2.76 iv=1.16 n=3 d=18 sk=0 hf=95784 hm=79516 ht=283156 pf=0 pm=0 pt=0 ru=235764 rp=252032
19:04:47.682 @T t=192994 s=0.000 lv=-39.9 pk=-39.6 c0=3.9 c1=11.7 kw=11.43 inf=2.40 iv=1.20 n=4 d=18 sk=0 hf=95784 hm=79516 ht=283156 pf=0 pm=0 pt=0 ru=235764 rp=252032
19:04:47.682 @T t=193100 s=0.000 lv=-40.4 pk=-38.4 c0=3.5 c1=8.6 kw=8.45 inf=2.75 iv=1.15 n=3 d=18 sk=0 hf=95784 hm=79516 ht=283156 pf=0 pm=0 pt=0 ru=235764 rp=252032
19:04:47.682 @T t=193206 s=0.000 lv=-38.6 pk=-37.4 c0=3.4 c1=9.7 kw=8.60 inf=2.06 iv=0.87 n=4 d=18 sk=0 hf=95784 hm=79516 ht=283156 pf=0 pm=0 pt=0 ru=235764 rp=252032
19:04:47.682 @I ww=marvin cut=0.50 win=5 cool=1000 tick=100 wifi=1 srv=1 li=0 ln=0
19:04:47.682 @T t=193298 s=0.000 lv=-38.7 pk=-37.8 c0=4.8 c1=10.0 kw=10.78 inf=3.11 iv=1.46 n=3 d=18 sk=0 hf=95784 hm=79516 ht=283156 pf=0 pm=0 pt=0 ru=235764 rp=252032
19:04:47.683 @T t=193404 s=0.000 lv=-39.1 pk=-38.5 c0=3.5 c1=8.6 kw=8.45 inf=2.75 iv=1.15 n=3 d=18 sk=0 hf=95784 hm=79516 ht=283156 pf=0 pm=0 pt=0 ru=235764 rp=252032
19:04:47.683 @T t=193493 s=0.000 lv=-38.5 pk=-36.5 c0=3.9 c1=10.5 kw=10.25 inf=2.79 iv=1.16 n=3 d=18 sk=0 hf=95784 hm=79516 ht=283156 pf=0 pm=0 pt=0 ru=235764 rp=252032
19:04:47.683 @T t=193599 s=0.000 lv=-40.4 pk=-40.2 c0=3.4 c1=9.9 kw=9.66 inf=2.38 iv=1.17 n=4 d=18 sk=0 hf=95784 hm=79516 ht=283156 pf=0 pm=0 pt=0 ru=235764 rp=252032
19:04:47.683 @T t=193705 s=0.000 lv=-40.7 pk=-39.9 c0=6.6 c1=9.2 kw=8.79 inf=2.81 iv=1.20 n=3 d=18 sk=0 hf=95780 hm=79516 ht=283156 pf=0 pm=0 pt=0 ru=235768 rp=252032
19:04:47.683 @T t=193791 s=0.000 lv=-36.3 pk=-32.3 c0=8.1 c1=11.7 kw=11.42 inf=3.08 iv=1.34 n=3 d=18 sk=0 hf=95780 hm=79516 ht=283156 pf=0 pm=0 pt=0 ru=235768 rp=252032
19:04:50.175 @T t=193897 s=0.000 lv=-36.7 pk=-34.7 c0=4.2 c1=10.2 kw=9.96 inf=2.45 iv=1.24 n=4 d=18 sk=0 hf=95780 hm=79516 ht=283156 pf=0 pm=0 pt=0 ru=235768 rp=252032
19:04:50.175 @T t=194003 s=0.000 lv=-35.6 pk=-32.0 c0=3.4 c1=8.8 kw=8.63 inf=2.81 iv=1.21 n=3 d=18 sk=0 hf=95780 hm=79516 ht=283156 pf=0 pm=0 pt=0 ru=235768 rp=252032
19:04:50.175 @T t=194109 s=0.000 lv=-38.7 pk=-35.8 c0=3.6 c1=11.1 kw=10.88 inf=2.66 iv=1.21 n=4 d=18 sk=0 hf=95780 hm=79516 ht=283156 pf=0 pm=0 pt=0 ru=235768 rp=252032
19:04:50.175 @T t=194195 s=0.000 lv=-38.6 pk=-37.9 c0=4.2 c1=9.5 kw=9.35 inf=2.49 iv=1.20 n=3 d=18 sk=0 hf=95780 hm=79516 ht=283156 pf=0 pm=0 pt=0 ru=235768 rp=252032
19:04:50.175 @I ww=marvin cut=0.50 win=5 cool=1000 tick=100 wifi=1 srv=1 li=0 ln=0
19:04:50.175 @T t=194307 s=0.000 lv=-39.3 pk=-38.8 c0=3.9 c1=10.1 kw=10.01 inf=2.59 iv=1.15 n=4 d=18 sk=0 hf=95780 hm=79516 ht=283156 pf=0 pm=0 pt=0 ru=235768 rp=252032
19:04:50.175 @T t=194393 s=0.000 lv=-40.0 pk=-39.3 c0=4.3 c1=8.3 kw=8.08 inf=3.19 iv=1.24 n=2 d=18 sk=0 hf=95780 hm=79516 ht=283156 pf=0 pm=0 pt=0 ru=235768 rp=252032
19:04:50.176 @T t=194499 s=0.000 lv=-40.4 pk=-39.7 c0=3.4 c1=9.8 kw=9.58 inf=2.36 iv=1.16 n=4 d=18 sk=0 hf=95780 hm=79516 ht=283156 pf=0 pm=0 pt=0 ru=235768 rp=252032
19:04:50.176 @T t=194605 s=0.000 lv=-40.2 pk=-37.8 c0=3.5 c1=8.9 kw=8.79 inf=2.82 iv=1.20 n=3 d=18 sk=0 hf=95780 hm=79516 ht=283156 pf=0 pm=0 pt=0 ru=235768 rp=252032
19:04:50.176 @T t=194694 s=0.000 lv=-40.4 pk=-39.0 c0=4.0 c1=10.8 kw=10.48 inf=2.92 iv=1.26 n=3 d=18 sk=0 hf=95780 hm=79516 ht=283156 pf=0 pm=0 pt=0 ru=235768 rp=252032
19:04:50.176 @T t=194800 s=0.000 lv=-38.4 pk=-37.3 c0=4.3 c1=9.9 kw=9.69 inf=2.38 iv=1.17 n=4 d=18 sk=0 hf=95780 hm=79516 ht=283156 pf=0 pm=0 pt=0 ru=235768 rp=252032
19:04:50.176 @T t=194906 s=0.000 lv=-40.6 pk=-39.8 c0=4.0 c1=9.9 kw=8.79 inf=2.81 iv=1.20 n=3 d=18 sk=0 hf=95780 hm=79516 ht=283156 pf=0 pm=0 pt=0 ru=235768 rp=252032
19:04:50.176 @T t=194995 s=0.000 lv=-41.0 pk=-40.1 c0=10.8 c1=10.0 kw=10.86 inf=3.03 iv=1.43 n=3 d=18 sk=0 hf=95780 hm=79516 ht=283156 pf=0 pm=0 pt=0 ru=235768 rp=252032
19:04:50.176 @T t=195101 s=0.000 lv=-41.3 pk=-40.7 c0=3.5 c1=9.7 kw=9.56 inf=2.35 iv=1.15 n=4 d=18 sk=0 hf=95780 hm=79516 ht=283156 pf=0 pm=0 pt=0 ru=235768 rp=252032
19:04:50.176 @T t=195207 s=0.000 lv=-40.4 pk=-39.2 c0=3.4 c1=10.4 kw=10.28 inf=2.51 iv=1.09 n=4 d=18 sk=0 hf=95780 hm=79516 ht=283156 pf=0 pm=0 pt=0 ru=235768 rp=252032
19:04:50.176 @I ww=marvin cut=0.50 win=5 cool=1000 tick=100 wifi=1 srv=1 li=0 ln=0
19:04:50.176 @T t=195299 s=0.000 lv=-39.0 pk=-38.0 c0=4.6 c1=7.6 kw=7.32 inf=3.08 iv=1.17 n=2 d=18 sk=0 hf=95780 hm=79516 ht=283156 pf=0 pm=0 pt=0 ru=235768 rp=252032
19:04:50.176 @T t=195405 s=0.000 lv=-39.8 pk=-39.2 c0=3.6 c1=9.6 kw=9.50 inf=2.30 iv=1.10 n=4 d=18 sk=0 hf=95780 hm=79516 ht=283156 pf=0 pm=0 pt=0 ru=235768 rp=252032
19:04:50.176 @T t=195491 s=0.000 lv=-39.8 pk=-38.5 c0=4.0 c1=10.6 kw=10.30 inf=2.76 iv=1.11 n=3 d=18 sk=0 hf=95780 hm=79516 ht=283156 pf=0 pm=0 pt=0 ru=235768 rp=252032
19:04:50.176 @T t=195597 s=0.000 lv=-39.9 pk=-38.9 c0=3.4 c1=6.5 kw=6.33 inf=2.00 iv=1.34 n=1 d=18 sk=2 hf=95780 hm=79516 ht=283156 pf=0 pm=0 pt=0 ru=235768 rp=252032
19:04:50.176 @T t=195702 s=0.000 lv=-39.9 pk=-38.2 c0=3.3 c1=5.1 kw=4.97 inf=1.52 iv=0.00 n=0 d=18 sk=3 hf=95780 hm=79516 ht=283156 pf=0 pm=0 pt=0 ru=235768 rp=252032
19:04:50.176 @T t=195791 s=0.000 lv=-39.6 pk=-38.5 c0=7.9 c1=6.8 kw=6.13 inf=1.56 iv=0.00 n=0 d=18 sk=3 hf=95784 hm=79516 ht=283156 pf=0 pm=0 pt=0 ru=235764 rp=252032
19:04:50.176 @T t=195897 s=0.000 lv=-39.1 pk=-38.6 c0=4.0 c1=5.1 kw=5.00 inf=1.53 iv=0.00 n=0 d=18 sk=3 hf=95784 hm=79516 ht=283156 pf=0 pm=0 pt=0 ru=235764 rp=252032
19:04:50.176 @T t=196003 s=0.000 lv=-40.0 pk=-38.1 c0=3.2 c1=5.1 kw=4.93 inf=1.51 iv=0.00 n=0 d=18 sk=3 hf=95784 hm=79516 ht=283156 pf=0 pm=0 pt=0 ru=235764 rp=252032
19:04:50.176 @T t=196109 s=0.000 lv=-40.5 pk=-39.8 c0=6.8 c1=6.3 kw=6.06 inf=1.40 iv=0.00 n=0 d=18 sk=4 hf=95784 hm=79516 ht=283156 pf=0 pm=0 pt=0 ru=235764 rp=252032
19:04:50.176 @T t=196194 s=0.000 lv=-40.6 pk=-40.1 c0=4.3 c1=5.0 kw=4.89 inf=1.82 iv=0.00 n=0 d=18 sk=2 hf=95784 hm=79516 ht=283156 pf=0 pm=0 pt=0 ru=235764 rp=252032
19:04:50.176 @I ww=marvin cut=0.50 win=5 cool=1000 tick=100 wifi=1 srv=1 li=0 ln=0
19:04:50.176 @T t=196306 s=0.000 lv=-39.6 pk=-38.5 c0=3.6 c1=5.8 kw=5.59 inf=1.36 iv=0.00 n=0 d=18 sk=4 hf=95784 hm=79516 ht=283156 pf=0 pm=0 pt=0 ru=235764 rp=252032
19:04:52.778 @T t=196392 s=0.000 lv=-41.2 pk=-40.1 c0=3.8 c1=5.0 kw=4.89 inf=1.82 iv=0.00 n=0 d=18 sk=2 hf=95784 hm=79516 ht=283156 pf=0 pm=0 pt=0 ru=235764 rp=252032
19:04:52.778 @T t=196498 s=0.000 lv=-40.1 pk=-38.2 c0=3.0 c1=5.1 kw=4.93 inf=1.51 iv=0.00 n=0 d=18 sk=3 hf=95784 hm=79516 ht=283156 pf=0 pm=0 pt=0 ru=235764 rp=252032
19:04:52.778 @T t=196604 s=0.000 lv=-39.5 pk=-37.3 c0=3.0 c1=5.1 kw=5.07 inf=1.51 iv=0.00 n=0 d=18 sk=3 hf=95784 hm=79516 ht=283156 pf=0 pm=0 pt=0 ru=235764 rp=252032
19:04:52.778 @T t=196690 s=0.000 lv=-39.2 pk=-37.5 c0=3.7 c1=6.4 kw=5.93 inf=1.51 iv=0.00 n=0 d=18 sk=3 hf=95784 hm=79516 ht=283156 pf=0 pm=0 pt=0 ru=235764 rp=252032
19:04:52.778 @T t=196797 s=0.000 lv=-39.8 pk=-37.4 c0=3.5 c1=5.1 kw=4.96 inf=1.52 iv=0.00 n=0 d=18 sk=3 hf=95784 hm=79516 ht=283156 pf=0 pm=0 pt=0 ru=235764 rp=252032
19:04:52.778 @T t=196903 s=0.000 lv=-39.4 pk=-38.6 c0=3.3 c1=5.1 kw=4.95 inf=1.52 iv=0.00 n=0 d=18 sk=3 hf=95784 hm=79516 ht=283156 pf=0 pm=0 pt=0 ru=235764 rp=252032
19:04:52.778 @T t=197008 s=0.000 lv=-38.5 pk=-36.6 c0=3.1 c1=6.1 kw=5.90 inf=1.36 iv=0.00 n=0 d=18 sk=4 hf=95784 hm=79516 ht=283156 pf=0 pm=0 pt=0 ru=235764 rp=252032
19:04:52.778 @T t=197095 s=0.000 lv=-40.3 pk=-38.7 c0=3.8 c1=5.1 kw=4.90 inf=1.82 iv=0.00 n=0 d=18 sk=2 hf=95784 hm=79516 ht=283156 pf=0 pm=0 pt=0 ru=235764 rp=252032
19:04:52.778 @T t=197201 s=0.000 lv=-40.6 pk=-39.7 c0=3.4 c1=5.1 kw=4.97 inf=1.52 iv=0.00 n=0 d=18 sk=3 hf=95784 hm=79516 ht=283156 pf=0 pm=0 pt=0 ru=235764 rp=252032
19:04:52.779 @I ww=marvin cut=0.50 win=5 cool=1000 tick=100 wifi=1 srv=1 li=0 ln=0
19:04:52.779 @T t=197292 s=0.000 lv=-39.7 pk=-39.1 c0=4.6 c1=5.9 kw=5.73 inf=1.52 iv=0.00 n=0 d=18 sk=3 hf=95784 hm=79516 ht=283156 pf=0 pm=0 pt=0 ru=235764 rp=252032
19:04:52.779 @T t=197399 s=0.000 lv=-38.9 pk=-37.8 c0=3.1 c1=5.1 kw=4.95 inf=1.52 iv=0.00 n=0 d=18 sk=3 hf=95784 hm=79516 ht=283156 pf=0 pm=0 pt=0 ru=235764 rp=252032
19:04:52.779 @T t=197504 s=0.000 lv=-40.5 pk=-39.4 c0=3.0 c1=5.1 kw=5.06 inf=1.51 iv=0.00 n=0 d=18 sk=3 hf=95784 hm=79516 ht=283156 pf=0 pm=0 pt=0 ru=235764 rp=252032
19:04:52.779 @T t=197590 s=0.000 lv=-39.5 pk=-38.9 c0=3.7 c1=6.3 kw=5.95 inf=1.52 iv=0.00 n=0 d=18 sk=3 hf=95784 hm=79516 ht=283156 pf=0 pm=0 pt=0 ru=235764 rp=252032
19:04:52.779 @T t=197696 s=0.000 lv=-38.8 pk=-37.2 c0=3.0 c1=5.1 kw=4.94 inf=1.51 iv=0.00 n=0 d=18 sk=3 hf=95784 hm=79516 ht=283156 pf=0 pm=0 pt=0 ru=235764 rp=252032
19:04:52.779 @T t=197803 s=0.000 lv=-39.8 pk=-39.0 c0=6.3 c1=5.6 kw=5.10 inf=1.56 iv=0.00 n=0 d=18 sk=3 hf=95780 hm=79516 ht=283156 pf=0 pm=0 pt=0 ru=235768 rp=252032
19:04:52.779 @T t=197909 s=0.000 lv=-39.9 pk=-38.5 c0=4.0 c1=6.2 kw=6.02 inf=1.38 iv=0.00 n=0 d=18 sk=4 hf=95780 hm=79516 ht=283156 pf=0 pm=0 pt=0 ru=235768 rp=252032
19:04:52.779 @T t=197994 s=0.000 lv=-39.7 pk=-38.6 c0=3.9 c1=5.0 kw=4.90 inf=1.83 iv=0.00 n=0 d=18 sk=2 hf=95780 hm=79516 ht=283156 pf=0 pm=0 pt=0 ru=235768 rp=252032
19:04:52.779 @T t=198101 s=0.000 lv=-39.9 pk=-38.7 c0=3.1 c1=5.1 kw=4.95 inf=1.52 iv=0.00 n=0 d=18 sk=3 hf=95780 hm=79516 ht=283156 pf=0 pm=0 pt=0 ru=235768 rp=252032
19:04:52.779 @T t=198206 s=0.000 lv=-39.8 pk=-38.0 c0=3.0 c1=6.1 kw=5.92 inf=1.36 iv=0.00 n=0 d=18 sk=4 hf=95780 hm=79516 ht=283156 pf=0 pm=0 pt=0 ru=235768 rp=252032
19:04:52.779 @I ww=marvin cut=0.50 win=5 cool=1000 tick=100 wifi=1 srv=1 li=0 ln=0
19:04:52.779 @T t=198299 s=0.000 lv=-40.4 pk=-38.6 c0=4.8 c1=4.8 kw=4.63 inf=1.85 iv=0.00 n=0 d=18 sk=2 hf=95780 hm=79516 ht=283156 pf=0 pm=0 pt=0 ru=235768 rp=252032
19:04:52.779 @T t=198405 s=0.000 lv=-39.8 pk=-39.0 c0=3.3 c1=5.2 kw=5.11 inf=1.53 iv=0.00 n=0 d=18 sk=3 hf=95780 hm=79516 ht=283156 pf=0 pm=0 pt=0 ru=235768 rp=252032
19:04:52.779 @T t=198490 s=0.000 lv=-39.5 pk=-37.6 c0=3.8 c1=6.3 kw=5.93 inf=1.51 iv=0.00 n=0 d=18 sk=3 hf=95780 hm=79516 ht=283156 pf=0 pm=0 pt=0 ru=235768 rp=252032
19:04:52.779 @T t=198596 s=0.000 lv=-39.9 pk=-38.6 c0=3.0 c1=5.1 kw=4.95 inf=1.52 iv=0.00 n=0 d=18 sk=3 hf=95780 hm=79516 ht=283156 pf=0 pm=0 pt=0 ru=235768 rp=252032
19:04:52.779 @T t=198702 s=0.000 lv=-39.8 pk=-39.2 c0=3.0 c1=5.1 kw=4.93 inf=1.51 iv=0.00 n=0 d=18 sk=3 hf=95780 hm=79516 ht=283156 pf=0 pm=0 pt=0 ru=235768 rp=252032
19:04:52.779 @T t=198809 s=0.000 lv=-40.5 pk=-38.5 c0=3.5 c1=6.1 kw=5.95 inf=1.37 iv=0.00 n=0 d=18 sk=4 hf=95780 hm=79516 ht=283156 pf=0 pm=0 pt=0 ru=235768 rp=252032
19:04:52.779 @T t=198895 s=0.000 lv=-39.2 pk=-37.8 c0=4.1 c1=5.0 kw=4.91 inf=1.83 iv=0.00 n=0 d=18 sk=2 hf=95780 hm=79516 ht=283156 pf=0 pm=0 pt=0 ru=235768 rp=252032
19:04:55.106 @T t=199000 s=0.000 lv=-39.5 pk=-38.3 c0=3.0 c1=5.1 kw=4.95 inf=1.52 iv=0.00 n=0 d=18 sk=3 hf=95780 hm=79516 ht=283156 pf=0 pm=0 pt=0 ru=235768 rp=252032
19:04:55.106 @T t=199107 s=0.000 lv=-39.8 pk=-38.5 c0=3.1 c1=6.1 kw=5.94 inf=1.37 iv=0.00 n=0 d=18 sk=4 hf=95780 hm=79516 ht=283156 pf=0 pm=0 pt=0 ru=235768 rp=252032
19:04:55.106 @T t=199192 s=0.000 lv=-40.8 pk=-40.0 c0=3.7 c1=5.0 kw=4.88 inf=1.82 iv=0.00 n=0 d=18 sk=2 hf=95780 hm=79516 ht=283156 pf=0 pm=0 pt=0 ru=235768 rp=252032
19:04:55.106 @I ww=marvin cut=0.50 win=5 cool=1000 tick=100 wifi=1 srv=1 li=0 ln=0
19:04:55.106 @T t=199305 s=0.000 lv=-39.7 pk=-38.4 c0=3.6 c1=4.9 kw=4.78 inf=1.51 iv=0.00 n=0 d=18 sk=3 hf=95780 hm=79516 ht=283156 pf=0 pm=0 pt=0 ru=235768 rp=252032
19:04:55.106 @T t=199390 s=0.000 lv=-40.9 pk=-40.1 c0=3.7 c1=6.3 kw=6.08 inf=1.55 iv=0.00 n=0 d=18 sk=3 hf=95780 hm=79516 ht=283156 pf=0 pm=0 pt=0 ru=235768 rp=252032
19:04:55.106 @T t=199497 s=0.000 lv=-40.6 pk=-39.2 c0=3.4 c1=5.1 kw=4.97 inf=1.52 iv=0.00 n=0 d=18 sk=3 hf=95780 hm=79516 ht=283156 pf=0 pm=0 pt=0 ru=235768 rp=252032
19:04:55.106 @T t=199603 s=0.000 lv=-39.9 pk=-38.9 c0=3.3 c1=5.1 kw=4.94 inf=1.51 iv=0.00 n=0 d=18 sk=3 hf=95780 hm=79516 ht=283156 pf=0 pm=0 pt=0 ru=235768 rp=252032
19:04:55.106 @T t=199708 s=0.000 lv=-39.9 pk=-38.7 c0=3.0 c1=6.1 kw=5.93 inf=1.36 iv=0.00 n=0 d=18 sk=4 hf=95780 hm=79516 ht=283156 pf=0 pm=0 pt=0 ru=235768 rp=252032
19:04:55.106 @T t=199795 s=0.000 lv=-39.8 pk=-38.8 c0=7.6 c1=5.6 kw=5.02 inf=1.87 iv=0.00 n=0 d=18 sk=2 hf=95784 hm=79516 ht=283156 pf=0 pm=0 pt=0 ru=235764 rp=252032
19:04:55.106 @T t=199901 s=0.000 lv=-39.8 pk=-38.5 c0=7.3 c1=5.1 kw=5.00 inf=1.53 iv=0.00 n=0 d=18 sk=3 hf=95784 hm=79516 ht=283156 pf=0 pm=0 pt=0 ru=235764 rp=252032
19:04:55.106 @T t=200006 s=0.000 lv=-39.1 pk=-37.9 c0=3.3 c1=6.1 kw=5.92 inf=1.36 iv=0.00 n=0 d=18 sk=4 hf=95784 hm=79516 ht=283156 pf=0 pm=0 pt=0 ru=235764 rp=252032
19:04:55.106 @T t=200093 s=0.000 lv=-39.0 pk=-38.6 c0=3.8 c1=5.1 kw=4.91 inf=1.83 iv=0.00 n=0 d=18 sk=2 hf=95784 hm=79516 ht=283156 pf=0 pm=0 pt=0 ru=235764 rp=252032
19:04:55.106 @T t=200198 s=0.000 lv=-38.4 pk=-37.8 c0=6.3 c1=5.1 kw=4.93 inf=1.51 iv=0.00 n=0 d=18 sk=3 hf=95784 hm=79516 ht=283156 pf=0 pm=0 pt=0 ru=235764 rp=252032
19:04:55.106 @I ww=marvin cut=0.50 win=5 cool=1000 tick=100 wifi=1 srv=1 li=0 ln=0
19:04:55.106 @T t=200291 s=0.000 lv=-36.9 pk=-34.7 c0=4.6 c1=20.5 kw=20.25 inf=1.38 iv=1.01 n=13 d=18 sk=0 hf=95784 hm=79516 ht=283156 pf=0 pm=0 pt=0 ru=235764 rp=252032
19:04:55.106 @T t=200397 s=0.000 lv=-40.0 pk=-39.5 c0=3.5 c1=8.7 kw=8.58 inf=2.79 iv=1.19 n=3 d=18 sk=0 hf=95784 hm=79516 ht=283156 pf=0 pm=0 pt=0 ru=235764 rp=252032
19:04:55.106 @T t=200503 s=0.000 lv=-39.9 pk=-38.9 c0=3.4 c1=8.8 kw=8.62 inf=2.80 iv=1.20 n=3 d=18 sk=0 hf=95784 hm=79516 ht=283156 pf=0 pm=0 pt=0 ru=235764 rp=252032
19:04:55.106 @T t=200609 s=0.000 lv=-40.2 pk=-38.9 c0=3.9 c1=11.4 kw=11.13 inf=2.73 iv=1.26 n=4 d=18 sk=0 hf=95784 hm=79516 ht=283156 pf=0 pm=0 pt=0 ru=235764 rp=252032
19:04:55.106 @T t=200695 s=0.000 lv=-40.1 pk=-39.6 c0=4.2 c1=9.6 kw=9.40 inf=2.50 iv=1.20 n=3 d=18 sk=0 hf=95784 hm=79516 ht=283156 pf=0 pm=0 pt=0 ru=235764 rp=252032
19:04:55.106 @T t=200801 s=0.000 lv=-39.8 pk=-38.5 c0=3.9 c1=9.0 kw=8.79 inf=2.86 iv=1.24 n=3 d=18 sk=0 hf=95784 hm=79516 ht=283156 pf=0 pm=0 pt=0 ru=235764 rp=252032
19:04:55.106 @T t=200908 s=0.000 lv=-40.5 pk=-39.5 c0=3.6 c1=11.0 kw=10.77 inf=2.66 iv=1.20 n=4 d=18 sk=0 hf=95784 hm=79516 ht=283156 pf=0 pm=0 pt=0 ru=235764 rp=252032
19:04:55.106 @T t=200994 s=0.000 lv=-38.8 pk=-37.7 c0=4.2 c1=9.6 kw=9.38 inf=2.50 iv=1.20 n=3 d=18 sk=0 hf=95784 hm=79516 ht=283156 pf=0 pm=0 pt=0 ru=235764 rp=252032
19:04:55.106 @T t=201100 s=0.000 lv=-39.9 pk=-38.0 c0=3.5 c1=8.6 kw=8.47 inf=2.75 iv=1.15 n=3 d=18 sk=0 hf=95784 hm=79516 ht=283156 pf=0 pm=0 pt=0 ru=235764 rp=252032
19:04:55.106 I (201571) wifi:[ADDBA]RX DELBA, reason:37, delete tid:0, initiator:1(originator)
19:04:55.106 @T t=201206 s=0.000 lv=-40.3 pk=-39.6 c0=5.2 c1=10.7 kw=10.66 inf=2.60 iv=1.14 n=4 d=18 sk=0 hf=95784 hm=79516 ht=283156 pf=0 pm=0 pt=0 ru=235764 rp=252032
19:04:55.106 @I ww=marvin cut=0.50 win=5 cool=1000 tick=100 wifi=1 srv=1 li=0 ln=0
19:04:55.106 @T t=201298 s=0.000 lv=-40.0 pk=-39.1 c0=4.7 c1=9.1 kw=8.79 inf=2.50 iv=1.21 n=3 d=18 sk=0 hf=95784 hm=79516 ht=283156 pf=0 pm=0 pt=0 ru=235764 rp=252032
