18:33:25.216 ESP-ROM:esp32s3-20210327
18:33:25.217 Build:Mar 27 2021
18:33:25.217 rst:0x1 (POWERON),boot:0x8 (SPI_FAST_FLASH_BOOT)
18:33:25.217 SPIWP:0xee
18:33:25.217 mode:DIO, clock div:1
18:33:25.217 load:0x3fce2820,len:0x1668
18:33:25.217 load:0x403c8700,len:0xec0
18:33:25.217 load:0x403cb700,len:0x3178
18:33:25.217 entry 0x403c894c
18:33:25.217 I (24) boot: ESP-IDF v5.5.5 2nd stage bootloader
18:33:25.217 I (25) boot: compile time Sep 27 2026 18:23:27
18:33:25.217 I (25) boot: Multicore bootloader
18:33:25.217 I (25) boot: chip revision: v0.2
18:33:25.217 I (28) boot: efuse block revision: v1.4
18:33:25.217 I (31) qio_mode: Enabling default flash chip QIO
18:33:25.217 I (36) boot.esp32s3: Boot SPI Speed : 80MHz
18:33:25.218 I (40) boot.esp32s3: SPI Mode       : QIO
18:33:25.218 I (43) boot.esp32s3: SPI Flash Size : 4MB
18:33:25.218 I (47) boot: Enabling RNG early entropy source...
18:33:25.218 I (52) boot: Partition Table:
18:33:25.218 I (54) boot: ## Label            Usage          Type ST Offset   Length
18:33:25.218 I (60) boot:  0 nvs              WiFi data        01 02 00009000 00006000
18:33:25.218 I (67) boot:  1 phy_init         RF data          01 01 0000f000 00001000
18:33:25.218 I (73) boot:  2 factory          factory app      00 00 00010000 00177000
18:33:25.218 I (80) boot: End of partition table
18:33:25.218 I (83) esp_image: segment 0: paddr=00010020 vaddr=3c0e0020 size=36f20h (225056) map
18:33:25.218 I (126) esp_image: segment 1: paddr=00046f48 vaddr=3fc9ff00 size=050cch ( 20684) load
18:33:25.218 I (130) esp_image: segment 2: paddr=0004c01c vaddr=40378000 size=03ffch ( 16380) load
18:33:25.218 I (133) esp_image: segment 3: paddr=00050020 vaddr=42000020 size=dc154h (901460) map
18:33:25.218 I (276) esp_image: segment 4: paddr=0012c17c vaddr=4037bffc size=13e00h ( 81408) load
18:33:25.218 I (293) esp_image: segment 5: paddr=0013ff84 vaddr=50000000 size=00020h (    32) load
18:33:25.218 I (302) boot: Loaded app from partition at offset 0x10000
18:33:25.218 I (303) boot: Disabling RNG early entropy source...
18:33:25.218 I (313) cpu_start: Multicore app
18:33:25.218 I (321) cpu_start: GPIO 44 and 43 are used as console UART I/O pins
18:33:25.218 I (321) cpu_start: Pro cpu start user code
18:33:25.218 I (322) cpu_start: cpu freq: 240000000 Hz
18:33:25.218 I (323) app_init: Application information:
18:33:25.218 I (327) app_init: Project name:     kws_s3
18:33:25.218 I (331) app_init: App version:      89b0143-dirty
18:33:25.218 I (335) app_init: Compile time:     Sep 28 2026 18:32:34
18:33:25.218 I (340) app_init: ELF file SHA256:  b7bc9bc11...
18:33:25.218 I (345) app_init: ESP-IDF:          v5.5.5
18:33:25.218 I (349) efuse_init: Min chip rev:     v0.0
18:33:25.218 I (352) efuse_init: Max chip rev:     v0.99
18:33:25.218 I (356) efuse_init: Chip rev:         v0.2
18:33:25.218 I (360) heap_init: Initializing. RAM available for dynamic allocation:
18:33:25.218 I (367) heap_init: At 3FCABC08 len 0003DB08 (246 KiB): RAM
18:33:25.218 I (372) heap_init: At 3FCE9710 len 00005724 (21 KiB): RAM
18:33:25.218 I (377) heap_init: At 600FE000 len 00001FE8 (7 KiB): RTCRAM
18:33:25.219 I (383) spi_flash: detected chip: boya
18:33:25.219 I (386) spi_flash: flash io: qio
18:33:25.219 W (389) spi_flash: Detected size(16384k) larger than the size in the binary image header(4096k). Using the size in the binary image header.
18:33:25.219 I (401) sleep_gpio: Configure to isolate all GPIO pins in sleep state
18:33:25.219 I (407) sleep_gpio: Enable automatic switching of GPIO sleep configuration
18:33:25.219 I (414) main_task: Started on CPU0
18:33:25.219 I (432) main_task: Calling app_main()
18:33:25.219 
18:33:25.219 ==================== SIH KWS firmware ====================
18:33:25.219  chip      : esp32s3 rev v0.2, 2 cores, flash 4 MB
18:33:25.219  ESP-IDF   : v5.5.5
18:33:25.219  RAM       : 47 KB static data, 247 KB heap free (code in IRAM: 95 KB, not counted)
18:33:25.219  model     : marvin.tflite (60896 bytes, stored in flash)
18:33:25.219 ===========================================================
18:33:25.219 
18:33:25.219 [heap] start of app_main            253816 B free (of 283156 B)
18:33:25.219 [heap] NVS                          took   3072 B, 250744 B free
18:33:25.219 I (497) kws: model ready: wake word "marvin", threshold 0.50 (json), window 5, input 3x40 int8
18:33:25.219 I (499) kws: model RAM: tensor arena 25580 of 30000 bytes used; engine total 41 KB of heap
18:33:25.451 
18:33:25.451 ------------------------ SELF-TEST ------------------------
18:33:25.451  noise only (3 s)   : PASS - stayed quiet  (highest score 0.01, threshold 0.50)
18:33:25.451  wake word recording: skipped - no WAV file in the model folder (optional)
18:33:25.451 -----------------------------------------------------------
18:33:25.451 
18:33:25.451 [heap] model + features + self-test took  42836 B, 207908 B free
18:33:25.451 I (742) audio: I2S running: 16 kHz, 32-bit slots, both channels, SCK=16 WS=15 SD=17, gain x1
18:33:27.081 I (1244) kws: microphones: left (L/R to GND) -20.4 dBFS, right (L/R to 3V3) -18.5 dBFS, similarity 0.46 -> using both (average)
18:33:27.082 [heap] I2S + ring + audio task      took  53620 B, 154288 B free
18:33:27.082 I (1256) kws: listening for "marvin" ...
18:33:27.082 I (1257) pp: pp rom version: e7ae62f
18:33:27.082 I (1262) net80211: net80211 rom version: e7ae62f
18:33:27.082 I (1268) wifi:wifi driver task: 3fcca7ac, prio:23, stack:6656, core=0
18:33:27.082 I (1279) wifi:wifi firmware version: b9f67df
18:33:27.082 I (1280) wifi:wifi certification version: v7.0
18:33:27.082 I (1281) wifi:config NVS flash: enabled
18:33:27.082 I (1284) wifi:config nano formatting: disabled
18:33:27.082 I (1289) wifi:Init data frame dynamic rx buffer num: 16
18:33:27.082 I (1295) wifi:Init static rx mgmt buffer num: 5
18:33:27.082 I (1296) wifi:Init management short buffer num: 32
18:33:27.082 I (1301) wifi:Init dynamic tx buffer num: 16
18:33:27.082 I (1306) wifi:Init static tx FG buffer num: 2
18:33:27.082 I (1312) wifi:Init static rx buffer size: 1600
18:33:27.082 I (1312) wifi:Init static rx buffer num: 6
18:33:27.082 I (1317) wifi:Init dynamic rx buffer num: 16
18:33:27.082 I (1323) wifi_init: accept mbox: 6
18:33:27.082 I (1324) wifi_init: tcpip mbox: 32
18:33:27.082 I (1328) wifi_init: udp mbox: 6
18:33:27.082 I (1329) wifi_init: tcp mbox: 6
18:33:27.082 I (1334) wifi_init: tcp tx win: 5760
18:33:27.082 I (1334) wifi_init: tcp rx win: 5760
18:33:27.082 I (1340) wifi_init: tcp mss: 1440
18:33:27.082 I (1345) wifi_init: WiFi IRAM OP enabled
18:33:27.082 I (1345) wifi_init: WiFi RX IRAM OP enabled
18:33:27.082 I (1351) phy_init: phy_version 712,87e8c20e,Apr 13 2026,18:51:10
18:33:27.082 I (1389) wifi:mode : sta (e0:72:a1:d5:32:74)
18:33:27.082 I (1390) wifi:enable tsf
18:33:27.082 I (1392) wifi:Set ps type: 0, coexist: 0
18:33:27.082 
18:33:27.082 I (1395) wifi: connecting to "ARYA 9252" ...
18:33:27.082 [heap] Wi-Fi driver + netif         took  42680 B, 111608 B free
18:33:27.082 I (1447) wifi:state: init -> auth (0xb0)
18:33:27.082 W (1451) stream: cannot reach the server ws://192.168.137.1:3000/ws (is it running? same network?) - retrying every second
18:33:27.082 I (1455) wifi:state: auth -> assoc (0x0)
18:33:27.082 [heap] WebSocket client + streamer  took  13900 B,  97708 B free
18:33:27.082 I (1465) wifi:state: assoc -> run (0x10)
18:33:27.082 I (1504) wifi:connected with ARYA 9252, aid = 2, channel 1, BW20, bssid = 9a:5f:41:45:73:c9
18:33:27.082 I (1506) wifi:security: WPA2-PSK, phy: bgn, rssi: -14, cipher(pairwise:0x3, group:0x3), pmf:0
18:33:27.082 I (1512) wifi:pm start, type: 0
18:33:27.082 
18:33:27.082 I (1517) wifi:dp: 1, bi: 102400, li: 3, scale listen interval from 307200 us to 307200 us
18:33:27.082 I (1523) wifi:set rx beacon pti, rx_bcn_pti: 0, bcn_timeout: 25000, mt_pti: 0, mt_time: 10000
18:33:27.082 I (1554) wifi:AP's beacon interval = 102400 us, DTIM period = 3
18:33:27.082 @T t=1205 s=0.014 lv=-39.3 pk=-34.5 c0=-1.0 c1=-1.0 kw=29.17 inf=3.22 iv=1.52 n=10 d=0 sk=0 hf=97012 hm=95480 ht=283156 pf=0 pm=0 pt=0 ru=234536 rp=236068
18:33:27.082 @I ww=marvin cut=0.50 win=5 cool=1000 tick=100 wifi=0 srv=0 li=0 ln=0
18:33:27.082 @T t=1296 s=0.005 lv=-40.1 pk=-38.7 c0=5.6 c1=9.7 kw=9.52 inf=2.70 iv=1.21 n=3 d=0 sk=0 hf=97012 hm=94308 ht=283156 pf=0 pm=0 pt=0 ru=234536 rp=237240
18:33:27.082 @T t=1402 s=0.002 lv=-40.6 pk=-39.1 c0=3.9 c1=10.7 kw=9.36 inf=3.02 iv=1.35 n=3 d=0 sk=0 hf=96980 hm=94308 ht=283156 pf=0 pm=0 pt=0 ru=234568 rp=237240
18:33:27.082 @T t=1489 s=0.002 lv=-40.7 pk=-38.5 c0=8.3 c1=11.5 kw=12.15 inf=2.50 iv=1.19 n=4 d=0 sk=0 hf=96980 hm=94308 ht=283156 pf=0 pm=0 pt=0 ru=234568 rp=237240
18:33:27.082 @T t=1595 s=0.000 lv=-41.6 pk=-40.2 c0=3.4 c1=8.8 kw=8.60 inf=2.81 iv=1.19 n=3 d=0 sk=0 hf=96980 hm=94308 ht=283156 pf=0 pm=0 pt=0 ru=234568 rp=237240
18:33:27.082 @T t=1701 s=0.000 lv=-41.5 pk=-39.7 c0=3.5 c1=8.7 kw=8.74 inf=2.81 iv=1.19 n=3 d=0 sk=0 hf=97000 hm=94308 ht=283156 pf=0 pm=0 pt=0 ru=234548 rp=237240
18:33:27.082 @T t=1790 s=0.002 lv=-41.1 pk=-40.1 c0=10.9 c1=12.4 kw=11.96 inf=2.52 iv=1.31 n=4 d=0 sk=0 hf=97000 hm=94308 ht=283156 pf=0 pm=0 pt=0 ru=234548 rp=237240
18:33:27.082 @T t=1896 s=0.002 lv=-40.8 pk=-39.7 c0=4.4 c1=9.2 kw=8.99 inf=2.94 iv=1.30 n=3 d=0 sk=0 hf=97012 hm=94308 ht=283156 pf=0 pm=0 pt=0 ru=234536 rp=237240
18:33:27.082 @T t=2002 s=0.001 lv=-41.3 pk=-39.0 c0=3.5 c1=9.6 kw=8.72 inf=2.80 iv=1.20 n=3 d=0 sk=0 hf=97012 hm=94308 ht=283156 pf=0 pm=0 pt=0 ru=234536 rp=237240
18:33:27.082 @T t=2088 s=0.002 lv=-40.5 pk=-39.0 c0=5.9 c1=12.2 kw=12.77 inf=2.60 iv=1.29 n=4 d=0 sk=0 hf=97012 hm=94308 ht=283156 pf=0 pm=0 pt=0 ru=234536 rp=237240
18:33:29.482 @T t=2197 s=0.002 lv=-37.7 pk=-35.7 c0=8.8 c1=8.4 kw=8.29 inf=2.78 iv=1.18 n=3 d=0 sk=0 hf=97012 hm=94308 ht=283156 pf=0 pm=0 pt=0 ru=234536 rp=237240
18:33:29.482 @I ww=marvin cut=0.50 win=5 cool=1000 tick=100 wifi=0 srv=0 li=0 ln=0
18:33:29.482 @T t=2288 s=0.000 lv=-40.5 pk=-39.4 c0=5.0 c1=10.6 kw=10.34 inf=2.90 iv=1.28 n=3 d=0 sk=0 hf=97012 hm=94308 ht=283156 pf=0 pm=0 pt=0 ru=234536 rp=237240
18:33:29.482 I (2730) esp_netif_handlers: sta ip: 192.168.137.145, mask: 255.255.255.0, gw: 192.168.137.1
18:33:29.482 I (2731) wifi: connected, IP address 192.168.137.145
18:33:29.482 @T t=2394 s=0.000 lv=-40.5 pk=-39.9 c0=12.4 c1=10.1 kw=9.89 inf=2.44 iv=1.22 n=4 d=0 sk=0 hf=97032 hm=94308 ht=283156 pf=0 pm=0 pt=0 ru=234516 rp=237240
18:33:29.482 @T t=2501 s=0.000 lv=-41.0 pk=-39.3 c0=6.7 c1=8.6 kw=8.60 inf=2.79 iv=1.18 n=3 d=0 sk=0 hf=97032 hm=94308 ht=283156 pf=0 pm=0 pt=0 ru=234516 rp=237240
18:33:29.482 @T t=2587 s=0.000 lv=-39.3 pk=-38.0 c0=4.0 c1=6.7 kw=6.33 inf=1.63 iv=0.00 n=0 d=0 sk=3 hf=97032 hm=94308 ht=283156 pf=0 pm=0 pt=0 ru=234516 rp=237240
18:33:29.482 @T t=2693 s=0.000 lv=-40.1 pk=-38.2 c0=6.3 c1=5.1 kw=4.92 inf=1.52 iv=0.00 n=0 d=0 sk=3 hf=97032 hm=94308 ht=283156 pf=0 pm=0 pt=0 ru=234516 rp=237240
18:33:29.482 @T t=2799 s=0.000 lv=-41.4 pk=-40.9 c0=6.3 c1=5.1 kw=4.93 inf=1.52 iv=0.00 n=0 d=0 sk=3 hf=97032 hm=94308 ht=283156 pf=0 pm=0 pt=0 ru=234516 rp=237240
18:33:29.482 @T t=2905 s=0.000 lv=-40.9 pk=-39.6 c0=3.6 c1=6.1 kw=5.92 inf=1.37 iv=0.00 n=0 d=0 sk=4 hf=97032 hm=94308 ht=283156 pf=0 pm=0 pt=0 ru=234516 rp=237240
18:33:29.482 @T t=2990 s=0.000 lv=-40.3 pk=-39.8 c0=3.8 c1=5.1 kw=5.00 inf=1.85 iv=0.00 n=0 d=0 sk=2 hf=97032 hm=94308 ht=283156 pf=0 pm=0 pt=0 ru=234516 rp=237240
18:33:29.482 I (3470) stream: connected to the server ws://192.168.137.1:3000/ws
18:33:29.482 @T t=3096 s=0.000 lv=-40.1 pk=-37.7 c0=5.4 c1=10.8 kw=5.21 inf=1.61 iv=0.00 n=0 d=0 sk=3 hf=96300 hm=92956 ht=283156 pf=0 pm=0 pt=0 ru=235248 rp=238592
18:33:29.482 @T t=3203 s=0.000 lv=-40.4 pk=-39.3 c0=3.3 c1=6.0 kw=5.95 inf=1.39 iv=0.00 n=0 d=0 sk=4 hf=96300 hm=92956 ht=283156 pf=0 pm=0 pt=0 ru=235248 rp=238592
18:33:29.482 @I ww=marvin cut=0.50 win=5 cool=1000 tick=100 wifi=1 srv=1 li=0 ln=0
18:33:29.482 I (3636) wifi:[ADDBA]RX DELBA, reason:37, delete tid:0, initiator:1(originator)
18:33:29.482 @T t=3296 s=0.000 lv=-40.9 pk=-39.2 c0=6.3 c1=4.7 kw=4.55 inf=1.84 iv=0.00 n=0 d=0 sk=2 hf=96300 hm=92956 ht=283156 pf=0 pm=0 pt=0 ru=235248 rp=238592
18:33:29.482 @T t=3403 s=0.000 lv=-40.7 pk=-39.4 c0=3.8 c1=6.5 kw=5.95 inf=1.39 iv=0.00 n=0 d=0 sk=4 hf=96308 hm=92956 ht=283156 pf=0 pm=0 pt=0 ru=235240 rp=238592
18:33:29.482 @T t=3490 s=0.000 lv=-40.9 pk=-39.1 c0=9.0 c1=5.0 kw=4.88 inf=1.85 iv=0.00 n=0 d=0 sk=2 hf=96308 hm=92956 ht=283156 pf=0 pm=0 pt=0 ru=235240 rp=238592
18:33:29.482 @T t=3596 s=0.000 lv=-42.1 pk=-41.7 c0=3.2 c1=5.1 kw=4.97 inf=1.53 iv=0.00 n=0 d=0 sk=3 hf=96308 hm=92956 ht=283156 pf=0 pm=0 pt=0 ru=235240 rp=238592
18:33:29.482 @T t=3702 s=0.000 lv=-42.1 pk=-40.7 c0=3.1 c1=5.9 kw=5.94 inf=1.37 iv=0.00 n=0 d=0 sk=4 hf=96308 hm=92956 ht=283156 pf=0 pm=0 pt=0 ru=235240 rp=238592
18:33:29.482 @T t=3788 s=0.000 lv=-41.0 pk=-40.2 c0=7.7 c1=5.2 kw=4.84 inf=1.81 iv=0.00 n=0 d=0 sk=2 hf=96308 hm=92956 ht=283156 pf=0 pm=0 pt=0 ru=235240 rp=238592
18:33:29.482 @T t=3894 s=0.000 lv=-40.9 pk=-40.2 c0=6.8 c1=5.2 kw=4.99 inf=1.54 iv=0.00 n=0 d=0 sk=3 hf=96308 hm=92956 ht=283156 pf=0 pm=0 pt=0 ru=235240 rp=238592
18:33:29.482 @T t=4000 s=0.000 lv=-40.8 pk=-39.1 c0=3.2 c1=5.1 kw=4.97 inf=1.53 iv=0.00 n=0 d=0 sk=3 hf=96308 hm=92956 ht=283156 pf=0 pm=0 pt=0 ru=235240 rp=238592
18:33:29.482 @T t=4086 s=0.000 lv=-40.1 pk=-39.4 c0=7.9 c1=6.3 kw=6.12 inf=1.53 iv=0.00 n=0 d=0 sk=3 hf=96308 hm=92956 ht=283156 pf=0 pm=0 pt=0 ru=235240 rp=238592
18:33:29.483 @T t=4193 s=0.000 lv=-40.5 pk=-39.3 c0=6.5 c1=5.9 kw=4.98 inf=1.55 iv=0.00 n=0 d=0 sk=3 hf=96304 hm=92956 ht=283156 pf=0 pm=0 pt=0 ru=235244 rp=238592
18:33:29.483 @I ww=marvin cut=0.50 win=5 cool=1000 tick=100 wifi=1 srv=1 li=0 ln=0
18:33:29.483 @T t=4305 s=0.000 lv=-39.7 pk=-38.3 c0=3.9 c1=5.7 kw=5.57 inf=1.36 iv=0.00 n=0 d=0 sk=4 hf=96304 hm=92956 ht=283156 pf=0 pm=0 pt=0 ru=235244 rp=238592
18:33:29.483 @T t=4391 s=0.000 lv=-40.0 pk=-38.9 c0=8.6 c1=5.6 kw=4.95 inf=1.85 iv=0.00 n=0 d=0 sk=2 hf=96304 hm=92956 ht=283156 pf=0 pm=0 pt=0 ru=235244 rp=238592
18:33:29.483 @T t=4497 s=0.000 lv=-40.2 pk=-38.9 c0=6.5 c1=5.0 kw=4.93 inf=1.52 iv=0.00 n=0 d=0 sk=3 hf=96304 hm=92956 ht=283156 pf=0 pm=0 pt=0 ru=235244 rp=238592
18:33:31.972 @T t=4603 s=0.000 lv=-41.1 pk=-39.6 c0=6.7 c1=6.2 kw=6.00 inf=1.38 iv=0.00 n=0 d=0 sk=4 hf=96304 hm=92956 ht=283156 pf=0 pm=0 pt=0 ru=235244 rp=238592
18:33:31.972 @T t=4689 s=0.000 lv=-40.8 pk=-39.3 c0=3.9 c1=5.0 kw=4.91 inf=1.84 iv=0.00 n=0 d=0 sk=2 hf=96304 hm=92956 ht=283156 pf=0 pm=0 pt=0 ru=235244 rp=238592
18:33:31.972 @T t=4795 s=0.000 lv=-41.3 pk=-40.0 c0=6.3 c1=5.1 kw=4.92 inf=1.51 iv=0.00 n=0 d=0 sk=3 hf=96304 hm=92956 ht=283156 pf=0 pm=0 pt=0 ru=235244 rp=238592
18:33:31.972 @T t=4901 s=0.000 lv=-39.8 pk=-37.7 c0=6.9 c1=5.1 kw=5.11 inf=1.53 iv=0.00 n=0 d=0 sk=3 hf=96304 hm=92956 ht=283156 pf=0 pm=0 pt=0 ru=235244 rp=238592
18:33:31.972 @T t=4987 s=0.000 lv=-41.4 pk=-41.0 c0=4.0 c1=6.6 kw=6.19 inf=1.59 iv=0.00 n=0 d=0 sk=3 hf=96304 hm=92956 ht=283156 pf=0 pm=0 pt=0 ru=235244 rp=238592
18:33:31.972 @T t=5093 s=0.000 lv=-40.8 pk=-40.1 c0=6.5 c1=5.1 kw=4.94 inf=1.52 iv=0.00 n=0 d=0 sk=3 hf=96304 hm=92956 ht=283156 pf=0 pm=0 pt=0 ru=235244 rp=238592
18:33:31.972 @T t=5199 s=0.000 lv=-40.9 pk=-39.6 c0=3.6 c1=5.2 kw=5.02 inf=1.55 iv=0.00 n=0 d=0 sk=3 hf=96304 hm=92956 ht=283156 pf=0 pm=0 pt=0 ru=235244 rp=238592
18:33:31.972 @I ww=marvin cut=0.50 win=5 cool=1000 tick=100 wifi=1 srv=1 li=0 ln=0
18:33:31.973 @T t=5291 s=0.000 lv=-41.6 pk=-40.3 c0=4.6 c1=5.9 kw=5.71 inf=1.53 iv=0.00 n=0 d=0 sk=3 hf=96304 hm=92956 ht=283156 pf=0 pm=0 pt=0 ru=235244 rp=238592
18:33:31.973 @T t=5397 s=0.000 lv=-40.4 pk=-38.9 c0=6.4 c1=5.1 kw=4.93 inf=1.52 iv=0.00 n=0 d=0 sk=3 hf=96304 hm=92956 ht=283156 pf=0 pm=0 pt=0 ru=235244 rp=238592
18:33:31.973 @T t=5503 s=0.000 lv=-40.4 pk=-39.7 c0=3.0 c1=6.1 kw=5.90 inf=1.36 iv=0.00 n=0 d=0 sk=4 hf=96304 hm=92956 ht=283156 pf=0 pm=0 pt=0 ru=235244 rp=238592
18:33:31.973 @T t=5589 s=0.000 lv=-42.0 pk=-40.5 c0=7.8 c1=5.0 kw=4.86 inf=1.82 iv=0.00 n=0 d=0 sk=2 hf=96304 hm=92956 ht=283156 pf=0 pm=0 pt=0 ru=235244 rp=238592
18:33:31.973 @T t=5695 s=0.000 lv=-39.7 pk=-38.3 c0=3.4 c1=5.1 kw=4.96 inf=1.53 iv=0.00 n=0 d=0 sk=3 hf=96304 hm=92956 ht=283156 pf=0 pm=0 pt=0 ru=235244 rp=238592
18:33:31.973 @T t=5801 s=0.000 lv=-40.5 pk=-39.0 c0=3.2 c1=5.1 kw=5.14 inf=1.54 iv=0.00 n=0 d=0 sk=3 hf=96304 hm=92956 ht=283156 pf=0 pm=0 pt=0 ru=235244 rp=238592
18:33:31.973 @T t=5887 s=0.000 lv=-39.8 pk=-38.3 c0=8.3 c1=6.7 kw=6.24 inf=1.61 iv=0.00 n=0 d=0 sk=3 hf=96304 hm=92956 ht=283156 pf=0 pm=0 pt=0 ru=235244 rp=238592
18:33:31.973 @T t=5993 s=0.000 lv=-41.9 pk=-40.6 c0=3.2 c1=5.1 kw=4.95 inf=1.52 iv=0.00 n=0 d=0 sk=3 hf=96304 hm=92956 ht=283156 pf=0 pm=0 pt=0 ru=235244 rp=238592
18:33:31.973 @T t=6100 s=0.000 lv=-40.0 pk=-39.3 c0=8.2 c1=5.0 kw=4.92 inf=1.53 iv=0.00 n=0 d=0 sk=3 hf=94524 hm=92312 ht=283156 pf=0 pm=0 pt=0 ru=237024 rp=239236
18:33:31.973 @T t=6188 s=0.000 lv=-40.0 pk=-38.7 c0=6.1 c1=7.1 kw=6.78 inf=1.58 iv=0.00 n=0 d=0 sk=3 hf=96304 hm=92312 ht=283156 pf=0 pm=0 pt=0 ru=235244 rp=239236
18:33:31.973 @I ww=marvin cut=0.50 win=5 cool=1000 tick=100 wifi=1 srv=1 li=0 ln=0
18:33:31.973 @T t=6300 s=0.000 lv=-40.2 pk=-39.6 c0=11.0 c1=4.8 kw=4.70 inf=1.53 iv=0.00 n=0 d=0 sk=3 hf=96304 hm=92312 ht=283156 pf=0 pm=0 pt=0 ru=235244 rp=239236
18:33:31.973 I (6700) wifi:[ADDBA]RX DELBA, reason:37, delete tid:0, initiator:1(originator)
18:33:31.973 @T t=6386 s=0.000 lv=-41.5 pk=-40.1 c0=6.6 c1=7.0 kw=6.26 inf=1.57 iv=0.00 n=0 d=0 sk=3 hf=96304 hm=92312 ht=283156 pf=0 pm=0 pt=0 ru=235244 rp=239236
18:33:31.973 @T t=6492 s=0.000 lv=-40.9 pk=-40.3 c0=3.3 c1=5.1 kw=4.95 inf=1.52 iv=0.00 n=0 d=0 sk=3 hf=96304 hm=92312 ht=283156 pf=0 pm=0 pt=0 ru=235244 rp=239236
18:33:31.973 @T t=6598 s=0.000 lv=-40.5 pk=-39.8 c0=6.3 c1=5.1 kw=4.93 inf=1.52 iv=0.00 n=0 d=0 sk=3 hf=96304 hm=92312 ht=283156 pf=0 pm=0 pt=0 ru=235244 rp=239236
18:33:31.973 @T t=6704 s=0.000 lv=-40.6 pk=-39.2 c0=3.0 c1=6.1 kw=5.91 inf=1.36 iv=0.00 n=0 d=0 sk=4 hf=96304 hm=92312 ht=283156 pf=0 pm=0 pt=0 ru=235244 rp=239236
18:33:31.973 @T t=6790 s=0.000 lv=-41.2 pk=-40.1 c0=7.6 c1=5.0 kw=4.89 inf=1.83 iv=0.00 n=0 d=0 sk=2 hf=96304 hm=92312 ht=283156 pf=0 pm=0 pt=0 ru=235244 rp=239236
18:33:31.973 @T t=6896 s=0.000 lv=-40.9 pk=-39.8 c0=3.5 c1=5.1 kw=4.98 inf=1.53 iv=0.00 n=0 d=0 sk=3 hf=96304 hm=92312 ht=283156 pf=0 pm=0 pt=0 ru=235244 rp=239236
18:33:31.973 @T t=7002 s=0.000 lv=-41.2 pk=-40.1 c0=3.2 c1=6.0 kw=5.95 inf=1.37 iv=0.00 n=0 d=0 sk=4 hf=96304 hm=92312 ht=283156 pf=0 pm=0 pt=0 ru=235244 rp=239236
18:33:34.583 @T t=7088 s=0.000 lv=-40.8 pk=-40.3 c0=7.9 c1=5.2 kw=4.90 inf=1.84 iv=0.00 n=0 d=0 sk=2 hf=96304 hm=92312 ht=283156 pf=0 pm=0 pt=0 ru=235244 rp=239236
18:33:34.583 @T t=7194 s=0.000 lv=-41.4 pk=-40.5 c0=6.9 c1=5.1 kw=4.94 inf=1.52 iv=0.00 n=0 d=0 sk=3 hf=96304 hm=92312 ht=283156 pf=0 pm=0 pt=0 ru=235244 rp=239236
18:33:34.584 @I ww=marvin cut=0.50 win=5 cool=1000 tick=100 wifi=1 srv=1 li=0 ln=0
18:33:34.584 @T t=7286 s=0.000 lv=-41.6 pk=-40.6 c0=4.5 c1=5.9 kw=5.71 inf=1.52 iv=0.00 n=0 d=0 sk=3 hf=96304 hm=92312 ht=283156 pf=0 pm=0 pt=0 ru=235244 rp=239236
18:33:34.584 @T t=7392 s=0.000 lv=-40.7 pk=-39.1 c0=6.4 c1=5.1 kw=4.92 inf=1.51 iv=0.00 n=0 d=0 sk=3 hf=96304 hm=92312 ht=283156 pf=0 pm=0 pt=0 ru=235244 rp=239236
18:33:34.584 @T t=7498 s=0.000 lv=-39.3 pk=-38.0 c0=3.0 c1=5.1 kw=4.92 inf=1.52 iv=0.00 n=0 d=0 sk=3 hf=96304 hm=92312 ht=283156 pf=0 pm=0 pt=0 ru=235244 rp=239236
18:33:34.584 @T t=7604 s=0.000 lv=-38.9 pk=-37.0 c0=3.1 c1=6.0 kw=5.88 inf=1.36 iv=0.00 n=0 d=0 sk=4 hf=96304 hm=92312 ht=283156 pf=0 pm=0 pt=0 ru=235244 rp=239236
18:33:34.584 @T t=7690 s=0.000 lv=-39.4 pk=-38.8 c0=3.7 c1=5.0 kw=4.88 inf=1.83 iv=0.00 n=0 d=0 sk=2 hf=96304 hm=92312 ht=283156 pf=0 pm=0 pt=0 ru=235244 rp=239236
18:33:34.584 @T t=7796 s=0.000 lv=-39.8 pk=-38.8 c0=6.3 c1=5.0 kw=4.90 inf=1.51 iv=0.00 n=0 d=0 sk=3 hf=96304 hm=92312 ht=283156 pf=0 pm=0 pt=0 ru=235244 rp=239236
18:33:34.584 @T t=7902 s=0.000 lv=-39.9 pk=-38.3 c0=6.4 c1=5.9 kw=5.89 inf=1.36 iv=0.00 n=0 d=0 sk=4 hf=96304 hm=92312 ht=283156 pf=0 pm=0 pt=0 ru=235244 rp=239236
18:33:34.584 @T t=7988 s=0.000 lv=-39.3 pk=-38.3 c0=4.2 c1=5.3 kw=4.93 inf=1.85 iv=0.00 n=0 d=0 sk=2 hf=96304 hm=92312 ht=283156 pf=0 pm=0 pt=0 ru=235244 rp=239236
18:33:34.584 @T t=8094 s=0.000 lv=-40.4 pk=-39.3 c0=3.4 c1=5.1 kw=4.95 inf=1.52 iv=0.00 n=0 d=0 sk=3 hf=96304 hm=92312 ht=283156 pf=0 pm=0 pt=0 ru=235244 rp=239236
18:33:34.584 @T t=8200 s=0.000 lv=-40.1 pk=-38.8 c0=6.4 c1=6.1 kw=5.49 inf=1.70 iv=0.00 n=0 d=0 sk=3 hf=96304 hm=92312 ht=283156 pf=0 pm=0 pt=0 ru=235244 rp=239236
18:33:34.584 @I ww=marvin cut=0.50 win=5 cool=1000 tick=100 wifi=1 srv=1 li=0 ln=0
18:33:34.584 @T t=8295 s=0.000 lv=-38.3 pk=-37.1 c0=15.9 c1=5.8 kw=5.66 inf=1.56 iv=0.00 n=0 d=0 sk=3 hf=96304 hm=92312 ht=283156 pf=0 pm=0 pt=0 ru=235244 rp=239236
18:33:34.584 @T t=8401 s=0.000 lv=-39.7 pk=-37.8 c0=7.3 c1=5.4 kw=5.12 inf=1.54 iv=0.00 n=0 d=0 sk=3 hf=96304 hm=92312 ht=283156 pf=0 pm=0 pt=0 ru=235244 rp=239236
18:33:34.584 @T t=8487 s=0.000 lv=-40.8 pk=-39.3 c0=4.0 c1=6.6 kw=6.25 inf=1.61 iv=0.00 n=0 d=0 sk=3 hf=96304 hm=92312 ht=283156 pf=0 pm=0 pt=0 ru=235244 rp=239236
18:33:34.584 @T t=8593 s=0.000 lv=-38.4 pk=-36.9 c0=3.1 c1=5.1 kw=4.92 inf=1.52 iv=0.00 n=0 d=0 sk=3 hf=96304 hm=92312 ht=283156 pf=0 pm=0 pt=0 ru=235244 rp=239236
18:33:34.584 @T t=8699 s=0.000 lv=-40.3 pk=-38.9 c0=3.0 c1=5.1 kw=4.93 inf=1.52 iv=0.00 n=0 d=0 sk=3 hf=96304 hm=92312 ht=283156 pf=0 pm=0 pt=0 ru=235244 rp=239236
18:33:34.584 @T t=8805 s=0.000 lv=-41.7 pk=-40.7 c0=6.2 c1=6.1 kw=5.90 inf=1.36 iv=0.00 n=0 d=0 sk=4 hf=96304 hm=92312 ht=283156 pf=0 pm=0 pt=0 ru=235244 rp=239236
18:33:34.584 @T t=8891 s=0.000 lv=-41.0 pk=-40.1 c0=7.9 c1=5.0 kw=4.86 inf=1.82 iv=0.00 n=0 d=0 sk=2 hf=96304 hm=92312 ht=283156 pf=0 pm=0 pt=0 ru=235244 rp=239236
18:33:34.584 @T t=8997 s=0.000 lv=-41.2 pk=-40.6 c0=3.1 c1=5.1 kw=4.93 inf=1.52 iv=0.00 n=0 d=0 sk=3 hf=96304 hm=92312 ht=283156 pf=0 pm=0 pt=0 ru=235244 rp=239236
18:33:34.584 @T t=9103 s=0.000 lv=-41.0 pk=-39.8 c0=6.8 c1=6.2 kw=5.96 inf=1.38 iv=0.00 n=0 d=0 sk=4 hf=96304 hm=92312 ht=283156 pf=0 pm=0 pt=0 ru=235244 rp=239236
18:33:34.584 @T t=9189 s=0.000 lv=-41.1 pk=-40.7 c0=4.7 c1=5.1 kw=4.96 inf=1.86 iv=0.00 n=0 d=0 sk=2 hf=96304 hm=92312 ht=283156 pf=0 pm=0 pt=0 ru=235244 rp=239236
18:33:34.584 @I ww=marvin cut=0.50 win=5 cool=1000 tick=100 wifi=1 srv=1 li=0 ln=0
18:33:34.584 @T t=9301 s=0.000 lv=-41.8 pk=-40.5 c0=3.7 c1=4.7 kw=4.82 inf=1.53 iv=0.00 n=0 d=0 sk=3 hf=96304 hm=92312 ht=283156 pf=0 pm=0 pt=0 ru=235244 rp=239236
18:33:34.584 @T t=9387 s=0.000 lv=-40.6 pk=-39.3 c0=7.9 c1=6.6 kw=6.14 inf=1.58 iv=0.00 n=0 d=0 sk=3 hf=96304 hm=92312 ht=283156 pf=0 pm=0 pt=0 ru=235244 rp=239236
18:33:34.584 @T t=9493 s=0.000 lv=-40.9 pk=-39.5 c0=3.1 c1=5.1 kw=4.94 inf=1.52 iv=0.00 n=0 d=0 sk=3 hf=96304 hm=92312 ht=283156 pf=0 pm=0 pt=0 ru=235244 rp=239236
18:33:34.584 @T t=9599 s=0.000 lv=-41.8 pk=-41.3 c0=6.3 c1=5.1 kw=4.94 inf=1.52 iv=0.00 n=0 d=0 sk=3 hf=96304 hm=92312 ht=283156 pf=0 pm=0 pt=0 ru=235244 rp=239236
18:33:36.666 @T t=9705 s=0.000 lv=-41.2 pk=-40.3 c0=6.2 c1=6.1 kw=5.90 inf=1.36 iv=0.00 n=0 d=0 sk=4 hf=96304 hm=92312 ht=283156 pf=0 pm=0 pt=0 ru=235244 rp=239236
18:33:36.667 @T t=9791 s=0.000 lv=-40.4 pk=-39.8 c0=7.7 c1=5.0 kw=4.87 inf=1.82 iv=0.00 n=0 d=0 sk=2 hf=96304 hm=92312 ht=283156 pf=0 pm=0 pt=0 ru=235244 rp=239236
18:33:36.667 @T t=9897 s=0.000 lv=-39.9 pk=-38.4 c0=6.7 c1=5.1 kw=4.96 inf=1.53 iv=0.00 n=0 d=0 sk=3 hf=96304 hm=92312 ht=283156 pf=0 pm=0 pt=0 ru=235244 rp=239236
18:33:36.667 @T t=10003 s=0.000 lv=-39.9 pk=-37.8 c0=3.2 c1=6.1 kw=5.96 inf=1.38 iv=0.00 n=0 d=0 sk=4 hf=96304 hm=92312 ht=283156 pf=0 pm=0 pt=0 ru=235244 rp=239236
18:33:36.667 @T t=10089 s=0.000 lv=-41.5 pk=-40.0 c0=8.0 c1=5.0 kw=4.87 inf=1.82 iv=0.00 n=0 d=0 sk=2 hf=96304 hm=92312 ht=283156 pf=0 pm=0 pt=0 ru=235244 rp=239236
18:33:36.667 @T t=10195 s=0.000 lv=-41.0 pk=-39.1 c0=6.8 c1=5.7 kw=5.14 inf=1.58 iv=0.00 n=0 d=0 sk=3 hf=96304 hm=92312 ht=283156 pf=0 pm=0 pt=0 ru=235244 rp=239236
18:33:36.667 @I ww=marvin cut=0.50 win=5 cool=1000 tick=100 wifi=1 srv=1 li=0 ln=0
18:33:36.667 @T t=10286 s=0.000 lv=-41.0 pk=-39.2 c0=4.8 c1=6.0 kw=5.87 inf=1.55 iv=0.00 n=0 d=0 sk=3 hf=96304 hm=92312 ht=283156 pf=0 pm=0 pt=0 ru=235244 rp=239236
18:33:36.667 @T t=10392 s=0.000 lv=-41.3 pk=-40.2 c0=3.7 c1=5.1 kw=4.96 inf=1.53 iv=0.00 n=0 d=0 sk=3 hf=96304 hm=92312 ht=283156 pf=0 pm=0 pt=0 ru=235244 rp=239236
18:33:36.667 @T t=10498 s=0.000 lv=-40.0 pk=-38.9 c0=3.3 c1=5.1 kw=4.98 inf=1.53 iv=0.00 n=0 d=0 sk=3 hf=96304 hm=92312 ht=283156 pf=0 pm=0 pt=0 ru=235244 rp=239236
18:33:36.667 @T t=10604 s=0.000 lv=-41.5 pk=-40.5 c0=6.4 c1=6.0 kw=5.88 inf=1.36 iv=0.00 n=0 d=0 sk=4 hf=96304 hm=92312 ht=283156 pf=0 pm=0 pt=0 ru=235244 rp=239236
18:33:36.667 @T t=10690 s=0.000 lv=-40.2 pk=-39.8 c0=3.7 c1=5.0 kw=4.87 inf=1.82 iv=0.00 n=0 d=0 sk=2 hf=96304 hm=92312 ht=283156 pf=0 pm=0 pt=0 ru=235244 rp=239236
18:33:36.667 @T t=10796 s=0.000 lv=-41.1 pk=-40.6 c0=6.3 c1=5.0 kw=4.90 inf=1.51 iv=0.00 n=0 d=0 sk=3 hf=96304 hm=92312 ht=283156 pf=0 pm=0 pt=0 ru=235244 rp=239236
18:33:36.667 @T t=10902 s=0.000 lv=-41.9 pk=-40.9 c0=3.2 c1=5.9 kw=5.90 inf=1.36 iv=0.00 n=0 d=0 sk=4 hf=96304 hm=92312 ht=283156 pf=0 pm=0 pt=0 ru=235244 rp=239236
18:33:36.667 @T t=10988 s=0.000 lv=-41.9 pk=-41.5 c0=3.7 c1=5.2 kw=4.90 inf=1.84 iv=0.00 n=0 d=0 sk=2 hf=96304 hm=92312 ht=283156 pf=0 pm=0 pt=0 ru=235244 rp=239236
18:33:36.667 @T t=11094 s=0.000 lv=-40.0 pk=-38.3 c0=3.1 c1=5.1 kw=4.91 inf=1.51 iv=0.00 n=0 d=0 sk=3 hf=96304 hm=92312 ht=283156 pf=0 pm=0 pt=0 ru=235244 rp=239236
18:33:36.667 [status] up 11s | mic -40.5 dBFS (peak -34.5) | score max 0.01 | detections 0 | inferences 53 (5.3/s; model 1.29 ms each, paused in quiet 83%; features 1.53 ms per 30 ms) | CPU core0  5.6% core1  6.1% (wake word pipeline 6.15% of one core) | RAM used 229 KB (peak 233 KB, 94 KB free) | wifi OK, server OK | audio lost since boot: i2s 0 net 0
18:33:36.667 [tasks] % of one core (free stack): main@0=-1.00(1936) IDLE1@1=-1.00(720) IDLE0@0=-1.00(824) websocket_task@*=-1.00(1468) tiT@*=-1.00(1956) audio_kws@1=-1.00(1344) Tmr Svc@*=-1.00(1368) ipc1@1=-1.00(536) esp_timer@0=-1.00(3136) streamer@0=-1.00(2944) wifi@0=-1.00(3208)I (11531) wifi:[ADDBA]RX DELBA, reason:37, delete tid:0, initiator:1(originator)
18:33:36.667  sys_evt@0=-1.00(444) ipc0@0=-1.00(528)
18:33:36.667 @T t=11186 s=0.000 lv=-41.1 pk=-40.4 c0=15.1 c1=6.2 kw=5.92 inf=1.58 iv=0.00 n=0 d=0 sk=3 hf=96304 hm=92312 ht=283156 pf=0 pm=0 pt=0 ru=235244 rp=239236
18:33:36.667 @I ww=marvin cut=0.50 win=5 cool=1000 tick=100 wifi=1 srv=1 li=0 ln=0
18:33:36.667 @T t=11298 s=0.000 lv=-40.8 pk=-39.3 c0=11.1 c1=4.7 kw=4.66 inf=1.51 iv=0.00 n=0 d=0 sk=3 hf=96304 hm=92312 ht=283156 pf=0 pm=0 pt=0 ru=235244 rp=239236
18:33:36.667 @T t=11404 s=0.000 lv=-40.1 pk=-39.0 c0=3.5 c1=6.1 kw=5.96 inf=1.38 iv=0.00 n=0 d=0 sk=4 hf=96304 hm=92312 ht=283156 pf=0 pm=0 pt=0 ru=235244 rp=239236
18:33:36.667 @T t=11490 s=0.000 lv=-40.2 pk=-39.2 c0=3.9 c1=5.1 kw=4.94 inf=1.85 iv=0.00 n=0 d=0 sk=2 hf=96304 hm=92312 ht=283156 pf=0 pm=0 pt=0 ru=235244 rp=239236
18:33:36.667 @T t=11596 s=0.000 lv=-40.8 pk=-39.9 c0=6.4 c1=5.1 kw=4.94 inf=1.52 iv=0.00 n=0 d=0 sk=3 hf=96304 hm=92312 ht=283156 pf=0 pm=0 pt=0 ru=235244 rp=239236
18:33:36.667 @T t=11702 s=0.000 lv=-40.9 pk=-39.9 c0=3.0 c1=5.9 kw=5.90 inf=1.36 iv=0.00 n=0 d=0 sk=4 hf=96304 hm=92312 ht=283156 pf=0 pm=0 pt=0 ru=235244 rp=239236
18:33:39.179 @T t=11788 s=0.000 lv=-39.7 pk=-38.8 c0=7.7 c1=5.2 kw=4.86 inf=1.82 iv=0.00 n=0 d=0 sk=2 hf=96304 hm=92312 ht=283156 pf=0 pm=0 pt=0 ru=235244 rp=239236
18:33:39.180 @T t=11894 s=0.000 lv=-41.0 pk=-40.4 c0=3.2 c1=5.1 kw=4.91 inf=1.51 iv=0.00 n=0 d=0 sk=3 hf=96304 hm=92312 ht=283156 pf=0 pm=0 pt=0 ru=235244 rp=239236
18:33:39.180 @T t=12000 s=0.000 lv=-40.1 pk=-38.8 c0=3.1 c1=5.1 kw=4.92 inf=1.51 iv=0.00 n=0 d=0 sk=3 hf=96304 hm=92312 ht=283156 pf=0 pm=0 pt=0 ru=235244 rp=239236
18:33:39.180 @T t=12086 s=0.000 lv=-41.2 pk=-40.3 c0=7.8 c1=6.3 kw=6.10 inf=1.52 iv=0.00 n=0 d=0 sk=3 hf=96304 hm=92312 ht=283156 pf=0 pm=0 pt=0 ru=235244 rp=239236
18:33:39.180 @T t=12192 s=0.000 lv=-41.2 pk=-39.9 c0=9.6 c1=5.6 kw=5.08 inf=1.56 iv=0.00 n=0 d=0 sk=3 hf=96304 hm=92312 ht=283156 pf=0 pm=0 pt=0 ru=235244 rp=239236
18:33:39.181 @I ww=marvin cut=0.50 win=5 cool=1000 tick=100 wifi=1 srv=1 li=0 ln=0
18:33:39.181 @T t=12303 s=0.000 lv=-40.7 pk=-38.6 c0=3.9 c1=5.8 kw=5.65 inf=1.37 iv=0.00 n=0 d=0 sk=4 hf=96304 hm=92312 ht=283156 pf=0 pm=0 pt=0 ru=235244 rp=239236
18:33:39.181 @T t=12389 s=0.000 lv=-40.6 pk=-39.6 c0=4.5 c1=5.2 kw=4.96 inf=1.86 iv=0.00 n=0 d=0 sk=2 hf=96304 hm=92312 ht=283156 pf=0 pm=0 pt=0 ru=235244 rp=239236
18:33:39.181 @T t=12495 s=0.000 lv=-40.5 pk=-39.8 c0=3.7 c1=5.1 kw=5.00 inf=1.54 iv=0.00 n=0 d=0 sk=3 hf=96304 hm=92312 ht=283156 pf=0 pm=0 pt=0 ru=235244 rp=239236
18:33:39.181 @T t=12601 s=0.000 lv=-40.5 pk=-40.2 c0=3.3 c1=5.0 kw=5.09 inf=1.53 iv=0.00 n=0 d=0 sk=3 hf=96304 hm=92312 ht=283156 pf=0 pm=0 pt=0 ru=235244 rp=239236
18:33:39.182 @T t=12687 s=0.000 lv=-40.6 pk=-39.5 c0=7.8 c1=6.5 kw=6.13 inf=1.58 iv=0.00 n=0 d=0 sk=3 hf=96304 hm=92312 ht=283156 pf=0 pm=0 pt=0 ru=235244 rp=239236
18:33:39.182 @T t=12793 s=0.000 lv=-41.5 pk=-41.1 c0=6.3 c1=5.0 kw=4.91 inf=1.51 iv=0.00 n=0 d=0 sk=3 hf=96304 hm=92312 ht=283156 pf=0 pm=0 pt=0 ru=235244 rp=239236
18:33:39.182 @T t=12899 s=0.000 lv=-40.1 pk=-39.2 c0=6.4 c1=5.1 kw=4.94 inf=1.52 iv=0.00 n=0 d=0 sk=3 hf=96304 hm=92312 ht=283156 pf=0 pm=0 pt=0 ru=235244 rp=239236
18:33:39.182 @T t=13005 s=0.000 lv=-41.1 pk=-39.9 c0=3.1 c1=6.1 kw=5.91 inf=1.36 iv=0.00 n=0 d=0 sk=4 hf=96304 hm=92312 ht=283156 pf=0 pm=0 pt=0 ru=235244 rp=239236
18:33:39.182 @T t=13091 s=0.000 lv=-40.7 pk=-39.8 c0=3.9 c1=5.1 kw=4.92 inf=1.85 iv=0.00 n=0 d=0 sk=2 hf=96304 hm=92312 ht=283156 pf=0 pm=0 pt=0 ru=235244 rp=239236
18:33:39.182 @T t=13197 s=0.000 lv=-40.8 pk=-39.9 c0=3.6 c1=5.1 kw=4.94 inf=1.52 iv=0.00 n=0 d=0 sk=3 hf=96304 hm=92312 ht=283156 pf=0 pm=0 pt=0 ru=235244 rp=239236
18:33:39.183 @I ww=marvin cut=0.50 win=5 cool=1000 tick=100 wifi=1 srv=1 li=0 ln=0
18:33:39.183 @T t=13289 s=0.000 lv=-41.3 pk=-40.0 c0=4.6 c1=5.9 kw=5.72 inf=1.53 iv=0.00 n=0 d=0 sk=3 hf=96304 hm=92312 ht=283156 pf=0 pm=0 pt=0 ru=235244 rp=239236
18:33:39.183 @T t=13395 s=0.000 lv=-39.8 pk=-38.5 c0=3.1 c1=5.1 kw=4.99 inf=1.54 iv=0.00 n=0 d=0 sk=3 hf=96304 hm=92312 ht=283156 pf=0 pm=0 pt=0 ru=235244 rp=239236
18:33:39.183 @T t=13501 s=0.000 lv=-37.8 pk=-33.8 c0=6.3 c1=5.0 kw=5.08 inf=1.53 iv=0.00 n=0 d=0 sk=3 hf=96304 hm=92312 ht=283156 pf=0 pm=0 pt=0 ru=235244 rp=239236
18:33:39.183 @T t=13587 s=0.001 lv=-39.5 pk=-38.8 c0=8.6 c1=23.1 kw=22.56 inf=1.45 iv=1.07 n=13 d=0 sk=0 hf=96304 hm=92312 ht=283156 pf=0 pm=0 pt=0 ru=235244 rp=239236
18:33:39.183 @T t=13693 s=0.001 lv=-41.7 pk=-40.6 c0=3.5 c1=8.8 kw=8.59 inf=2.80 iv=1.20 n=3 d=0 sk=0 hf=96304 hm=92312 ht=283156 pf=0 pm=0 pt=0 ru=235244 rp=239236
18:33:39.184 @T t=13799 s=0.001 lv=-41.0 pk=-40.0 c0=3.4 c1=8.8 kw=8.63 inf=2.81 iv=1.20 n=3 d=0 sk=0 hf=96304 hm=92312 ht=283156 pf=0 pm=0 pt=0 ru=235244 rp=239236
18:33:39.184 @T t=13905 s=0.000 lv=-41.1 pk=-40.0 c0=3.7 c1=11.1 kw=10.93 inf=2.68 iv=1.22 n=4 d=0 sk=0 hf=96304 hm=92312 ht=283156 pf=0 pm=0 pt=0 ru=235244 rp=239236
18:33:39.184 @T t=13991 s=0.000 lv=-41.1 pk=-39.9 c0=4.2 c1=9.6 kw=9.38 inf=2.50 iv=1.20 n=3 d=0 sk=0 hf=96304 hm=92312 ht=283156 pf=0 pm=0 pt=0 ru=235244 rp=239236
18:33:39.184 @T t=14097 s=0.000 lv=-39.7 pk=-38.4 c0=6.8 c1=8.8 kw=8.61 inf=2.81 iv=1.19 n=3 d=0 sk=0 hf=96304 hm=92312 ht=283156 pf=0 pm=0 pt=0 ru=235244 rp=239236
18:33:39.184 @T t=14203 s=0.000 lv=-41.6 pk=-40.8 c0=6.8 c1=12.0 kw=11.40 inf=2.80 iv=1.31 n=4 d=0 sk=0 hf=96304 hm=92312 ht=283156 pf=0 pm=0 pt=0 ru=235244 rp=239236
18:33:39.184 @I ww=marvin cut=0.50 win=5 cool=1000 tick=100 wifi=1 srv=1 li=0 ln=0
18:33:41.772 @T t=14294 s=0.000 lv=-40.8 pk=-40.4 c0=4.9 c1=9.1 kw=8.92 inf=2.51 iv=1.21 n=3 d=0 sk=0 hf=96304 hm=92312 ht=283156 pf=0 pm=0 pt=0 ru=235244 rp=239236
18:33:41.772 @T t=14400 s=0.000 lv=-40.7 pk=-38.8 c0=4.1 c1=9.2 kw=8.97 inf=2.93 iv=1.30 n=3 d=0 sk=0 hf=96304 hm=92312 ht=283156 pf=0 pm=0 pt=0 ru=235244 rp=239236
18:33:41.772 @T t=14489 s=0.000 lv=-40.7 pk=-39.7 c0=10.8 c1=11.9 kw=11.64 inf=2.41 iv=1.18 n=4 d=0 sk=0 hf=96304 hm=92312 ht=283156 pf=0 pm=0 pt=0 ru=235244 rp=239236
18:33:41.772 @T t=14595 s=0.000 lv=-40.9 pk=-39.7 c0=3.5 c1=8.6 kw=8.39 inf=2.73 iv=1.15 n=3 d=0 sk=0 hf=96304 hm=92312 ht=283156 pf=0 pm=0 pt=0 ru=235244 rp=239236
18:33:41.773 @T t=14701 s=0.000 lv=-40.9 pk=-39.5 c0=3.8 c1=8.4 kw=8.48 inf=2.72 iv=1.13 n=3 d=0 sk=0 hf=96304 hm=92312 ht=283156 pf=0 pm=0 pt=0 ru=235244 rp=239236
18:33:41.773 @T t=14790 s=0.000 lv=-40.2 pk=-37.8 c0=10.9 c1=12.3 kw=11.86 inf=2.50 iv=1.28 n=4 d=0 sk=0 hf=96304 hm=92312 ht=283156 pf=0 pm=0 pt=0 ru=235244 rp=239236
18:33:41.774 @T t=14896 s=0.000 lv=-39.6 pk=-38.0 c0=6.9 c1=8.7 kw=8.53 inf=2.78 iv=1.17 n=3 d=0 sk=0 hf=96304 hm=92312 ht=283156 pf=0 pm=0 pt=0 ru=235244 rp=239236
18:33:41.774 @T t=15002 s=0.000 lv=-40.2 pk=-37.5 c0=3.5 c1=9.5 kw=8.59 inf=2.75 iv=1.16 n=3 d=0 sk=0 hf=96304 hm=92312 ht=283156 pf=0 pm=0 pt=0 ru=235244 rp=239236
18:33:41.774 @T t=15088 s=0.000 lv=-39.5 pk=-38.1 c0=8.3 c1=11.4 kw=12.08 inf=2.46 iv=1.17 n=4 d=0 sk=0 hf=96304 hm=92312 ht=283156 pf=0 pm=0 pt=0 ru=235244 rp=239236
18:33:41.774 @T t=15194 s=0.000 lv=-40.6 pk=-39.3 c0=7.0 c1=5.1 kw=4.99 inf=1.54 iv=0.00 n=0 d=0 sk=3 hf=96304 hm=92312 ht=283156 pf=0 pm=0 pt=0 ru=235244 rp=239236
18:33:41.774 @I ww=marvin cut=0.50 win=5 cool=1000 tick=100 wifi=1 srv=1 li=0 ln=0
18:33:41.774 @T t=15286 s=0.000 lv=-40.1 pk=-38.4 c0=4.5 c1=5.8 kw=5.70 inf=1.52 iv=0.00 n=0 d=0 sk=3 hf=96304 hm=92312 ht=283156 pf=0 pm=0 pt=0 ru=235244 rp=239236
18:33:41.775 @T t=15392 s=0.000 lv=-40.5 pk=-39.2 c0=6.4 c1=5.1 kw=4.92 inf=1.51 iv=0.00 n=0 d=0 sk=3 hf=96304 hm=92312 ht=283156 pf=0 pm=0 pt=0 ru=235244 rp=239236
18:33:41.775 @T t=15498 s=0.000 lv=-40.6 pk=-38.7 c0=3.1 c1=5.1 kw=4.94 inf=1.52 iv=0.00 n=0 d=0 sk=3 hf=96304 hm=92312 ht=283156 pf=0 pm=0 pt=0 ru=235244 rp=239236
18:33:41.775 @T t=15604 s=0.000 lv=-40.1 pk=-39.1 c0=3.0 c1=6.0 kw=5.89 inf=1.36 iv=0.00 n=0 d=0 sk=4 hf=96304 hm=92312 ht=283156 pf=0 pm=0 pt=0 ru=235244 rp=239236
18:33:41.775 @T t=15690 s=0.000 lv=-40.4 pk=-38.7 c0=3.7 c1=5.0 kw=4.86 inf=1.82 iv=0.00 n=0 d=0 sk=2 hf=96304 hm=92312 ht=283156 pf=0 pm=0 pt=0 ru=235244 rp=239236
18:33:41.775 @T t=15796 s=0.000 lv=-40.7 pk=-39.3 c0=3.0 c1=5.1 kw=4.92 inf=1.52 iv=0.00 n=0 d=0 sk=3 hf=96304 hm=92312 ht=283156 pf=0 pm=0 pt=0 ru=235244 rp=239236
18:33:41.775 @T t=15902 s=0.000 lv=-39.7 pk=-37.9 c0=6.8 c1=6.0 kw=5.96 inf=1.38 iv=0.00 n=0 d=0 sk=4 hf=96304 hm=92312 ht=283156 pf=0 pm=0 pt=0 ru=235244 rp=239236
18:33:41.776 @T t=15988 s=0.000 lv=-39.6 pk=-39.3 c0=4.0 c1=5.3 kw=4.97 inf=1.86 iv=0.00 n=0 d=0 sk=2 hf=96304 hm=92312 ht=283156 pf=0 pm=0 pt=0 ru=235244 rp=239236
18:33:41.776 @T t=16094 s=0.000 lv=-39.1 pk=-37.6 c0=6.4 c1=5.1 kw=4.96 inf=1.53 iv=0.00 n=0 d=0 sk=3 hf=96304 hm=92312 ht=283156 pf=0 pm=0 pt=0 ru=235244 rp=239236
18:33:41.776 @T t=16200 s=0.000 lv=-39.4 pk=-38.2 c0=6.4 c1=5.7 kw=5.18 inf=1.60 iv=0.00 n=0 d=0 sk=3 hf=96304 hm=92312 ht=283156 pf=0 pm=0 pt=0 ru=235244 rp=239236
18:33:41.776 @I ww=marvin cut=0.50 win=5 cool=1000 tick=100 wifi=1 srv=1 li=0 ln=0
18:33:41.776 @T t=16291 s=0.000 lv=-38.9 pk=-37.3 c0=4.9 c1=6.0 kw=5.85 inf=1.54 iv=0.00 n=0 d=0 sk=3 hf=96304 hm=92312 ht=283156 pf=0 pm=0 pt=0 ru=235244 rp=239236
18:33:41.776 @T t=16397 s=0.000 lv=-40.0 pk=-38.9 c0=6.9 c1=5.2 kw=5.00 inf=1.54 iv=0.00 n=0 d=0 sk=3 hf=96304 hm=92312 ht=283156 pf=0 pm=0 pt=0 ru=235244 rp=239236
18:33:41.777 @T t=16503 s=0.000 lv=-39.0 pk=-38.2 c0=3.3 c1=6.1 kw=5.93 inf=1.37 iv=0.00 n=0 d=0 sk=4 hf=96304 hm=92312 ht=283156 pf=0 pm=0 pt=0 ru=235244 rp=239236
18:33:41.777 @T t=16589 s=0.000 lv=-38.6 pk=-37.4 c0=3.8 c1=5.0 kw=4.87 inf=1.82 iv=0.00 n=0 d=0 sk=2 hf=96304 hm=92312 ht=283156 pf=0 pm=0 pt=0 ru=235244 rp=239236
18:33:41.777 @T t=16695 s=0.000 lv=-37.9 pk=-36.3 c0=3.0 c1=5.1 kw=4.94 inf=1.52 iv=0.00 n=0 d=0 sk=3 hf=96304 hm=92312 ht=283156 pf=0 pm=0 pt=0 ru=235244 rp=239236
18:33:41.777 @T t=16801 s=0.000 lv=-40.1 pk=-38.8 c0=3.0 c1=5.0 kw=5.07 inf=1.52 iv=0.00 n=0 d=0 sk=3 hf=96304 hm=92312 ht=283156 pf=0 pm=0 pt=0 ru=235244 rp=239236
18:33:44.278 @T t=16887 s=0.000 lv=-39.4 pk=-37.9 c0=3.9 c1=6.6 kw=6.13 inf=1.58 iv=0.00 n=0 d=0 sk=3 hf=96304 hm=92312 ht=283156 pf=0 pm=0 pt=0 ru=235244 rp=239236
18:33:44.279 @T t=16993 s=0.000 lv=-38.6 pk=-36.8 c0=3.5 c1=5.1 kw=4.97 inf=1.53 iv=0.00 n=0 d=0 sk=3 hf=96304 hm=92312 ht=283156 pf=0 pm=0 pt=0 ru=235244 rp=239236
18:33:44.279 @T t=17099 s=0.000 lv=-37.7 pk=-36.9 c0=3.4 c1=5.1 kw=4.98 inf=1.53 iv=0.00 n=0 d=0 sk=3 hf=96304 hm=92312 ht=283156 pf=0 pm=0 pt=0 ru=235244 rp=239236
18:33:44.279 @T t=17205 s=0.000 lv=-38.6 pk=-37.3 c0=3.6 c1=6.1 kw=5.97 inf=1.38 iv=0.00 n=0 d=0 sk=4 hf=96304 hm=92312 ht=283156 pf=0 pm=0 pt=0 ru=235244 rp=239236
18:33:44.279 @I ww=marvin cut=0.50 win=5 cool=1000 tick=100 wifi=1 srv=1 li=0 ln=0
18:33:44.280 @T t=17297 s=0.000 lv=-38.3 pk=-37.4 c0=4.6 c1=4.7 kw=4.58 inf=1.84 iv=0.00 n=0 d=0 sk=2 hf=96304 hm=92312 ht=283156 pf=0 pm=0 pt=0 ru=235244 rp=239236
18:33:44.280 @T t=17403 s=0.000 lv=-39.4 pk=-38.2 c0=3.1 c1=6.1 kw=5.94 inf=1.37 iv=0.00 n=0 d=0 sk=4 hf=96304 hm=92312 ht=283156 pf=0 pm=0 pt=0 ru=235244 rp=239236
18:33:44.280 @T t=17489 s=0.000 lv=-38.9 pk=-36.9 c0=3.8 c1=5.0 kw=4.86 inf=1.82 iv=0.00 n=0 d=0 sk=2 hf=96304 hm=92312 ht=283156 pf=0 pm=0 pt=0 ru=235244 rp=239236
18:33:44.280 @T t=17595 s=0.000 lv=-37.0 pk=-35.3 c0=6.3 c1=5.1 kw=4.93 inf=1.52 iv=0.00 n=0 d=0 sk=3 hf=96304 hm=92312 ht=283156 pf=0 pm=0 pt=0 ru=235244 rp=239236
18:33:44.280 @T t=17701 s=0.000 lv=-39.2 pk=-38.0 c0=3.0 c1=5.0 kw=5.07 inf=1.52 iv=0.00 n=0 d=0 sk=3 hf=96304 hm=92312 ht=283156 pf=0 pm=0 pt=0 ru=235244 rp=239236
18:33:44.281 @T t=17787 s=0.000 lv=-38.8 pk=-38.1 c0=3.7 c1=6.6 kw=6.16 inf=1.59 iv=0.00 n=0 d=0 sk=3 hf=96304 hm=92312 ht=283156 pf=0 pm=0 pt=0 ru=235244 rp=239236
18:33:44.281 @T t=17893 s=0.000 lv=-38.8 pk=-38.0 c0=3.2 c1=5.1 kw=4.95 inf=1.53 iv=0.00 n=0 d=0 sk=3 hf=96304 hm=92312 ht=283156 pf=0 pm=0 pt=0 ru=235244 rp=239236
18:33:44.281 @T t=17999 s=0.000 lv=-38.2 pk=-35.5 c0=3.1 c1=5.0 kw=4.92 inf=1.51 iv=0.00 n=0 d=0 sk=3 hf=96304 hm=92312 ht=283156 pf=0 pm=0 pt=0 ru=235244 rp=239236
18:33:44.281 @T t=18105 s=0.000 lv=-38.4 pk=-36.9 c0=6.7 c1=6.2 kw=5.99 inf=1.38 iv=0.00 n=0 d=0 sk=4 hf=96304 hm=92312 ht=283156 pf=0 pm=0 pt=0 ru=235244 rp=239236
18:33:44.281 @T t=18191 s=0.000 lv=-38.9 pk=-38.0 c0=7.7 c1=6.1 kw=5.12 inf=1.91 iv=0.00 n=0 d=0 sk=2 hf=96304 hm=92312 ht=283156 pf=0 pm=0 pt=0 ru=235244 rp=239236
18:33:44.281 @I ww=marvin cut=0.50 win=5 cool=1000 tick=100 wifi=1 srv=1 li=0 ln=0
18:33:44.282 @T t=18302 s=0.000 lv=-40.1 pk=-39.2 c0=3.9 c1=5.6 kw=5.62 inf=1.36 iv=0.00 n=0 d=0 sk=4 hf=96304 hm=92312 ht=283156 pf=0 pm=0 pt=0 ru=235244 rp=239236
18:33:44.282 @T t=18388 s=0.000 lv=-38.9 pk=-37.3 c0=4.5 c1=5.3 kw=4.98 inf=1.87 iv=0.00 n=0 d=0 sk=2 hf=96304 hm=92312 ht=283156 pf=0 pm=0 pt=0 ru=235244 rp=239236
18:33:44.282 @T t=18494 s=0.000 lv=-39.8 pk=-38.2 c0=3.3 c1=5.0 kw=4.93 inf=1.52 iv=0.00 n=0 d=0 sk=3 hf=96304 hm=92312 ht=283156 pf=0 pm=0 pt=0 ru=235244 rp=239236
18:33:44.283 @T t=18600 s=0.000 lv=-40.6 pk=-39.3 c0=6.3 c1=5.0 kw=4.91 inf=1.51 iv=0.00 n=0 d=0 sk=3 hf=96304 hm=92312 ht=283156 pf=0 pm=0 pt=0 ru=235244 rp=239236
18:33:44.283 @T t=18686 s=0.000 lv=-38.7 pk=-37.6 c0=3.7 c1=6.3 kw=6.10 inf=1.52 iv=0.00 n=0 d=0 sk=3 hf=96304 hm=92312 ht=283156 pf=0 pm=0 pt=0 ru=235244 rp=239236
18:33:44.283 @T t=18792 s=0.000 lv=-40.7 pk=-38.4 c0=6.3 c1=5.0 kw=4.92 inf=1.51 iv=0.00 n=0 d=0 sk=3 hf=96304 hm=92312 ht=283156 pf=0 pm=0 pt=0 ru=235244 rp=239236
18:33:44.283 @T t=18898 s=0.000 lv=-40.1 pk=-38.5 c0=6.4 c1=5.1 kw=4.94 inf=1.52 iv=0.00 n=0 d=0 sk=3 hf=96304 hm=92312 ht=283156 pf=0 pm=0 pt=0 ru=235244 rp=239236
18:33:44.283 @T t=19004 s=0.000 lv=-40.6 pk=-38.8 c0=3.1 c1=6.1 kw=5.91 inf=1.37 iv=0.00 n=0 d=0 sk=4 hf=96304 hm=92312 ht=283156 pf=0 pm=0 pt=0 ru=235244 rp=239236
18:33:44.284 @T t=19090 s=0.000 lv=-39.6 pk=-37.9 c0=7.9 c1=5.1 kw=4.91 inf=1.84 iv=0.00 n=0 d=0 sk=2 hf=96304 hm=92312 ht=283156 pf=0 pm=0 pt=0 ru=235244 rp=239236
18:33:44.284 @T t=19196 s=0.000 lv=-40.3 pk=-38.1 c0=4.0 c1=5.1 kw=4.95 inf=1.52 iv=0.00 n=0 d=0 sk=3 hf=96304 hm=92312 ht=283156 pf=0 pm=0 pt=0 ru=235244 rp=239236
18:33:44.284 @I ww=marvin cut=0.50 win=5 cool=1000 tick=100 wifi=1 srv=1 li=0 ln=0
18:33:44.284 @T t=19288 s=0.000 lv=-39.5 pk=-37.9 c0=4.6 c1=5.9 kw=5.76 inf=1.54 iv=0.00 n=0 d=0 sk=3 hf=96304 hm=92312 ht=283156 pf=0 pm=0 pt=0 ru=235244 rp=239236
18:33:46.680 @T t=19394 s=0.000 lv=-40.4 pk=-39.1 c0=6.4 c1=5.1 kw=4.93 inf=1.52 iv=0.00 n=0 d=0 sk=3 hf=96304 hm=92312 ht=283156 pf=0 pm=0 pt=0 ru=235244 rp=239236
18:33:46.681 @T t=19500 s=0.000 lv=-39.4 pk=-37.3 c0=3.1 c1=5.1 kw=4.93 inf=1.52 iv=0.00 n=0 d=0 sk=3 hf=96304 hm=92312 ht=283156 pf=0 pm=0 pt=0 ru=235244 rp=239236
18:33:46.681 @T t=19586 s=0.000 lv=-39.1 pk=-38.1 c0=4.0 c1=6.3 kw=6.11 inf=1.52 iv=0.00 n=0 d=0 sk=3 hf=96304 hm=92312 ht=283156 pf=0 pm=0 pt=0 ru=235244 rp=239236
18:33:46.681 @T t=19692 s=0.000 lv=-39.9 pk=-37.5 c0=3.0 c1=5.1 kw=4.92 inf=1.51 iv=0.00 n=0 d=0 sk=3 hf=96304 hm=92312 ht=283156 pf=0 pm=0 pt=0 ru=235244 rp=239236
18:33:46.681 @T t=19798 s=0.000 lv=-39.8 pk=-38.8 c0=6.3 c1=5.0 kw=4.91 inf=1.51 iv=0.00 n=0 d=0 sk=3 hf=96304 hm=92312 ht=283156 pf=0 pm=0 pt=0 ru=235244 rp=239236
18:33:46.681 @T t=19904 s=0.000 lv=-40.4 pk=-39.6 c0=3.2 c1=6.1 kw=5.90 inf=1.36 iv=0.00 n=0 d=0 sk=4 hf=96304 hm=92312 ht=283156 pf=0 pm=0 pt=0 ru=235244 rp=239236
18:33:46.681 @T t=19990 s=0.000 lv=-40.2 pk=-39.3 c0=3.7 c1=5.0 kw=4.90 inf=1.83 iv=0.00 n=0 d=0 sk=2 hf=96304 hm=92312 ht=283156 pf=0 pm=0 pt=0 ru=235244 rp=239236
18:33:46.681 @T t=20096 s=0.000 lv=-40.2 pk=-39.2 c0=3.1 c1=5.1 kw=4.93 inf=1.52 iv=0.00 n=0 d=0 sk=3 hf=96304 hm=92312 ht=283156 pf=0 pm=0 pt=0 ru=235244 rp=239236
18:33:46.681 @T t=20202 s=0.000 lv=-40.3 pk=-39.0 c0=6.4 c1=6.5 kw=6.11 inf=1.41 iv=0.00 n=0 d=0 sk=4 hf=96304 hm=92312 ht=283156 pf=0 pm=0 pt=0 ru=235244 rp=239236
18:33:46.681 @I ww=marvin cut=0.50 win=5 cool=1000 tick=100 wifi=1 srv=1 li=0 ln=0
18:33:46.682 @T t=20293 s=0.000 lv=-40.1 pk=-38.0 c0=4.8 c1=4.9 kw=4.68 inf=1.86 iv=0.00 n=0 d=0 sk=2 hf=96304 hm=92312 ht=283156 pf=0 pm=0 pt=0 ru=235244 rp=239236
18:33:46.682 @T t=20399 s=0.000 lv=-39.1 pk=-38.3 c0=4.0 c1=5.2 kw=5.02 inf=1.54 iv=0.00 n=0 d=0 sk=3 hf=96304 hm=92312 ht=283156 pf=0 pm=0 pt=0 ru=235244 rp=239236
18:33:46.682 @T t=20505 s=0.000 lv=-40.5 pk=-39.3 c0=3.4 c1=6.1 kw=5.95 inf=1.37 iv=0.00 n=0 d=0 sk=4 hf=96304 hm=92312 ht=283156 pf=0 pm=0 pt=0 ru=235244 rp=239236
18:33:46.682 @T t=20591 s=0.000 lv=-38.8 pk=-37.1 c0=7.8 c1=5.0 kw=4.89 inf=1.83 iv=0.00 n=0 d=0 sk=2 hf=96304 hm=92312 ht=283156 pf=0 pm=0 pt=0 ru=235244 rp=239236
18:33:46.682 @T t=20697 s=0.000 lv=-39.0 pk=-37.9 c0=6.3 c1=5.0 kw=4.92 inf=1.51 iv=0.00 n=0 d=0 sk=3 hf=96304 hm=92312 ht=283156 pf=0 pm=0 pt=0 ru=235244 rp=239236
18:33:46.682 @T t=20803 s=0.000 lv=-37.2 pk=-34.5 c0=3.1 c1=16.3 kw=16.25 inf=1.26 iv=0.98 n=11 d=0 sk=2 hf=96304 hm=92312 ht=283156 pf=0 pm=0 pt=0 ru=235244 rp=239236
18:33:46.682 @T t=20889 s=0.000 lv=-38.5 pk=-37.6 c0=4.5 c1=8.3 kw=7.90 inf=3.11 iv=1.19 n=2 d=0 sk=0 hf=96304 hm=92312 ht=283156 pf=0 pm=0 pt=0 ru=235244 rp=239236
18:33:46.682 @T t=20995 s=0.000 lv=-39.2 pk=-38.5 c0=6.6 c1=9.8 kw=9.60 inf=2.37 iv=1.16 n=4 d=0 sk=0 hf=96304 hm=92312 ht=283156 pf=0 pm=0 pt=0 ru=235244 rp=239236
18:33:46.682 @T t=21101 s=0.000 lv=-39.5 pk=-38.9 c0=6.8 c1=8.6 kw=8.59 inf=2.76 iv=1.15 n=3 d=0 sk=0 hf=96304 hm=92312 ht=283156 pf=0 pm=0 pt=0 ru=235244 rp=239236
18:33:46.682 [status] up 21s | mic -39.8 dBFS (peak -33.8) | score max 0.00 | detections 0 | inferences 83 (8.3/s; model 1.15 ms each, paused in quiet 74%; features 1.43 ms per 30 ms) | CPU core0  5.1% core1  6.5% (wake word pipeline 6.28% of one core) | RAM used 229 KB (peak 233 KB, 93 KB free) | wifi OK, server OK | audio lost since boot: i2s 0 net 0
18:33:46.682 @T t=21197 s=0.000 lv=-40.8 pk=-39.3 c0=8.6 c1=10.6 kw=10.18 inf=3.07 iv=1.36 n=3 d=0 sk=0 hf=96160 hm=92312 ht=283156 pf=0 pm=0 pt=0 ru=235388 rp=239236
18:33:46.683 @I ww=marvin cut=0.50 win=5 cool=1000 tick=100 wifi=1 srv=1 li=0 ln=0
18:33:46.683 @T t=21288 s=0.000 lv=-39.8 pk=-37.7 c0=5.1 c1=11.6 kw=11.37 inf=2.41 iv=1.19 n=4 d=0 sk=0 hf=96160 hm=92312 ht=283156 pf=0 pm=0 pt=0 ru=235388 rp=239236
18:33:46.683 @T t=21394 s=0.000 lv=-40.2 pk=-38.3 c0=3.5 c1=8.7 kw=8.50 inf=2.77 iv=1.18 n=3 d=0 sk=0 hf=96160 hm=92312 ht=283156 pf=0 pm=0 pt=0 ru=235388 rp=239236
18:33:46.683 @T t=21500 s=0.000 lv=-38.9 pk=-36.5 c0=3.8 c1=9.2 kw=8.99 inf=2.94 iv=1.30 n=3 d=0 sk=0 hf=96160 hm=92312 ht=283156 pf=0 pm=0 pt=0 ru=235388 rp=239236
18:33:46.683 @T t=21589 s=0.000 lv=-39.3 pk=-38.5 c0=10.9 c1=12.0 kw=11.79 inf=2.44 iv=1.20 n=4 d=0 sk=0 hf=96160 hm=92312 ht=283156 pf=0 pm=0 pt=0 ru=235388 rp=239236
18:33:46.683 @T t=21695 s=0.000 lv=-39.6 pk=-37.8 c0=3.5 c1=8.8 kw=8.59 inf=2.80 iv=1.20 n=3 d=0 sk=0 hf=96160 hm=92312 ht=283156 pf=0 pm=0 pt=0 ru=235388 rp=239236
18:33:49.180 @T t=21801 s=0.000 lv=-39.9 pk=-38.1 c0=3.4 c1=8.8 kw=8.80 inf=2.83 iv=1.21 n=3 d=0 sk=0 hf=96160 hm=92312 ht=283156 pf=0 pm=0 pt=0 ru=235388 rp=239236
18:33:49.181 @T t=21890 s=0.000 lv=-39.2 pk=-38.6 c0=4.3 c1=12.2 kw=11.71 inf=2.46 iv=1.26 n=4 d=0 sk=0 hf=96160 hm=92312 ht=283156 pf=0 pm=0 pt=0 ru=235388 rp=239236
18:33:49.181 @T t=21996 s=0.000 lv=-38.7 pk=-37.2 c0=3.4 c1=8.5 kw=8.35 inf=2.72 iv=1.13 n=3 d=0 sk=0 hf=96160 hm=92312 ht=283156 pf=0 pm=0 pt=0 ru=235388 rp=239236
18:33:49.181 @T t=22102 s=0.000 lv=-39.9 pk=-37.5 c0=3.6 c1=9.6 kw=8.66 inf=2.78 iv=1.17 n=3 d=0 sk=0 hf=96160 hm=92312 ht=283156 pf=0 pm=0 pt=0 ru=235388 rp=239236
18:33:49.181 @T t=22188 s=0.000 lv=-37.9 pk=-36.5 c0=6.5 c1=11.0 kw=11.69 inf=2.37 iv=1.11 n=4 d=0 sk=0 hf=94596 hm=92312 ht=283156 pf=0 pm=0 pt=0 ru=236952 rp=239236
18:33:49.182 @I ww=marvin cut=0.50 win=5 cool=1000 tick=100 wifi=1 srv=1 li=0 ln=0
18:33:49.182 @T t=22303 s=0.000 lv=-39.2 pk=-38.0 c0=5.6 c1=10.0 kw=9.58 inf=2.54 iv=1.11 n=4 d=0 sk=0 hf=96160 hm=92312 ht=283156 pf=0 pm=0 pt=0 ru=235388 rp=239236
18:33:49.182 @T t=22389 s=0.000 lv=-40.4 pk=-39.0 c0=5.0 c1=8.5 kw=8.09 inf=3.19 iv=1.25 n=2 d=0 sk=0 hf=96160 hm=92312 ht=283156 pf=0 pm=0 pt=0 ru=235388 rp=239236
18:33:49.182 @T t=22495 s=0.000 lv=-39.9 pk=-38.3 c0=3.3 c1=5.0 kw=4.94 inf=1.52 iv=0.00 n=0 d=0 sk=3 hf=96160 hm=92312 ht=283156 pf=0 pm=0 pt=0 ru=235388 rp=239236
18:33:49.182 @T t=22601 s=0.000 lv=-39.3 pk=-36.3 c0=3.5 c1=5.1 kw=5.12 inf=1.54 iv=0.00 n=0 d=0 sk=3 hf=96160 hm=92312 ht=283156 pf=0 pm=0 pt=0 ru=235388 rp=239236
18:33:49.182 @T t=22687 s=0.000 lv=-39.8 pk=-37.2 c0=3.9 c1=6.6 kw=6.18 inf=1.59 iv=0.00 n=0 d=0 sk=3 hf=96160 hm=92312 ht=283156 pf=0 pm=0 pt=0 ru=235388 rp=239236
18:33:49.183 @T t=22793 s=0.000 lv=-40.6 pk=-38.9 c0=3.0 c1=5.0 kw=4.91 inf=1.51 iv=0.00 n=0 d=0 sk=3 hf=96160 hm=92312 ht=283156 pf=0 pm=0 pt=0 ru=235388 rp=239236
18:33:49.183 @T t=22899 s=0.000 lv=-40.5 pk=-39.5 c0=3.2 c1=5.1 kw=4.92 inf=1.51 iv=0.00 n=0 d=0 sk=3 hf=96160 hm=92312 ht=283156 pf=0 pm=0 pt=0 ru=235388 rp=239236
18:33:49.183 @T t=23005 s=0.000 lv=-39.2 pk=-37.2 c0=6.3 c1=6.1 kw=5.92 inf=1.37 iv=0.00 n=0 d=0 sk=4 hf=96160 hm=92312 ht=283156 pf=0 pm=0 pt=0 ru=235388 rp=239236
18:33:49.183 @T t=23091 s=0.000 lv=-40.0 pk=-38.4 c0=7.9 c1=5.1 kw=4.91 inf=1.84 iv=0.00 n=0 d=0 sk=2 hf=96160 hm=92312 ht=283156 pf=0 pm=0 pt=0 ru=235388 rp=239236
18:33:49.183 @T t=23197 s=0.000 lv=-38.8 pk=-38.0 c0=6.9 c1=5.1 kw=4.94 inf=1.52 iv=0.00 n=0 d=0 sk=3 hf=96160 hm=92312 ht=283156 pf=0 pm=0 pt=0 ru=235388 rp=239236
18:33:49.183 @I ww=marvin cut=0.50 win=5 cool=1000 tick=100 wifi=1 srv=1 li=0 ln=0
18:33:49.184 @T t=23289 s=0.000 lv=-39.7 pk=-37.1 c0=4.4 c1=5.9 kw=5.71 inf=1.52 iv=0.00 n=0 d=0 sk=3 hf=96160 hm=92312 ht=283156 pf=0 pm=0 pt=0 ru=235388 rp=239236
18:33:49.184 @T t=23395 s=0.000 lv=-39.3 pk=-38.4 c0=3.1 c1=5.1 kw=4.93 inf=1.52 iv=0.00 n=0 d=0 sk=3 hf=96160 hm=92312 ht=283156 pf=0 pm=0 pt=0 ru=235388 rp=239236
18:33:49.184 @T t=23501 s=0.000 lv=-39.7 pk=-38.3 c0=3.1 c1=5.0 kw=5.06 inf=1.52 iv=0.00 n=0 d=0 sk=3 hf=96160 hm=92312 ht=283156 pf=0 pm=0 pt=0 ru=235388 rp=239236
18:33:49.184 @T t=23587 s=0.000 lv=-40.1 pk=-39.8 c0=7.7 c1=6.6 kw=6.15 inf=1.58 iv=0.00 n=0 d=0 sk=3 hf=96160 hm=92312 ht=283156 pf=0 pm=0 pt=0 ru=235388 rp=239236
18:33:49.184 @T t=23693 s=0.000 lv=-39.4 pk=-38.7 c0=3.0 c1=5.1 kw=4.93 inf=1.52 iv=0.00 n=0 d=0 sk=3 hf=96160 hm=92312 ht=283156 pf=0 pm=0 pt=0 ru=235388 rp=239236
18:33:49.184 @T t=23799 s=0.000 lv=-40.2 pk=-39.3 c0=6.3 c1=5.2 kw=5.03 inf=1.55 iv=0.00 n=0 d=0 sk=3 hf=96160 hm=92312 ht=283156 pf=0 pm=0 pt=0 ru=235388 rp=239236
18:33:49.185 @T t=23905 s=0.000 lv=-41.0 pk=-39.7 c0=3.4 c1=6.1 kw=5.94 inf=1.37 iv=0.00 n=0 d=0 sk=4 hf=96160 hm=92312 ht=283156 pf=0 pm=0 pt=0 ru=235388 rp=239236
18:33:49.185 @T t=23991 s=0.000 lv=-39.8 pk=-38.3 c0=3.8 c1=5.0 kw=4.90 inf=1.83 iv=0.00 n=0 d=0 sk=2 hf=96160 hm=92312 ht=283156 pf=0 pm=0 pt=0 ru=235388 rp=239236
18:33:49.185 @T t=24097 s=0.000 lv=-39.1 pk=-38.4 c0=3.1 c1=5.1 kw=4.94 inf=1.52 iv=0.00 n=0 d=0 sk=3 hf=96160 hm=92312 ht=283156 pf=0 pm=0 pt=0 ru=235388 rp=239236
18:33:49.185 @T t=24203 s=0.000 lv=-38.5 pk=-37.0 c0=5.0 c1=6.3 kw=6.03 inf=1.39 iv=0.00 n=0 d=0 sk=4 hf=94392 hm=92312 ht=283156 pf=0 pm=0 pt=0 ru=237156 rp=239236
18:33:49.185 @I ww=marvin cut=0.50 win=5 cool=1000 tick=100 wifi=1 srv=1 li=0 ln=0
18:33:51.787 @T t=24296 s=0.000 lv=-39.9 pk=-39.1 c0=6.4 c1=5.7 kw=4.65 inf=1.88 iv=0.00 n=0 d=0 sk=2 hf=96160 hm=92312 ht=283156 pf=0 pm=0 pt=0 ru=235388 rp=239236
18:33:51.788 @T t=24402 s=0.000 lv=-39.8 pk=-38.2 c0=7.2 c1=6.0 kw=6.00 inf=1.39 iv=0.00 n=0 d=0 sk=4 hf=96160 hm=92312 ht=283156 pf=0 pm=0 pt=0 ru=235388 rp=239236
18:33:51.788 @T t=24488 s=0.000 lv=-38.0 pk=-36.0 c0=4.0 c1=5.2 kw=4.89 inf=1.83 iv=0.00 n=0 d=0 sk=2 hf=96160 hm=92312 ht=283156 pf=0 pm=0 pt=0 ru=235388 rp=239236
18:33:51.788 @T t=24594 s=0.000 lv=-39.3 pk=-37.6 c0=6.4 c1=5.0 kw=4.91 inf=1.51 iv=0.00 n=0 d=0 sk=3 hf=96160 hm=92312 ht=283156 pf=0 pm=0 pt=0 ru=235388 rp=239236
18:33:51.788 @T t=24700 s=0.000 lv=-39.7 pk=-38.8 c0=3.0 c1=5.1 kw=4.92 inf=1.52 iv=0.00 n=0 d=0 sk=3 hf=96160 hm=92312 ht=283156 pf=0 pm=0 pt=0 ru=235388 rp=239236
18:33:51.788 @T t=24786 s=0.000 lv=-40.1 pk=-39.1 c0=7.7 c1=6.3 kw=6.10 inf=1.52 iv=0.00 n=0 d=0 sk=3 hf=96160 hm=92312 ht=283156 pf=0 pm=0 pt=0 ru=235388 rp=239236
18:33:51.789 @T t=24892 s=0.000 lv=-40.0 pk=-38.5 c0=3.5 c1=5.2 kw=5.00 inf=1.54 iv=0.00 n=0 d=0 sk=3 hf=96160 hm=92312 ht=283156 pf=0 pm=0 pt=0 ru=235388 rp=239236
18:33:51.789 @T t=24998 s=0.000 lv=-40.1 pk=-39.3 c0=3.3 c1=5.1 kw=4.94 inf=1.52 iv=0.00 n=0 d=0 sk=3 hf=96160 hm=92312 ht=283156 pf=0 pm=0 pt=0 ru=235388 rp=239236
18:33:51.790 @T t=25104 s=0.000 lv=-39.8 pk=-38.0 c0=6.4 c1=6.1 kw=5.93 inf=1.37 iv=0.00 n=0 d=0 sk=4 hf=96160 hm=92312 ht=283156 pf=0 pm=0 pt=0 ru=235388 rp=239236
18:33:51.790 @T t=25190 s=0.000 lv=-39.5 pk=-39.1 c0=3.8 c1=5.0 kw=4.87 inf=1.82 iv=0.00 n=0 d=0 sk=2 hf=96160 hm=92312 ht=283156 pf=0 pm=0 pt=0 ru=235388 rp=239236
18:33:51.790 @I ww=marvin cut=0.50 win=5 cool=1000 tick=100 wifi=1 srv=1 li=0 ln=0
18:33:51.790 @T t=25302 s=0.000 lv=-40.4 pk=-38.2 c0=4.1 c1=5.7 kw=5.63 inf=1.38 iv=0.00 n=0 d=0 sk=4 hf=96160 hm=92312 ht=283156 pf=0 pm=0 pt=0 ru=235388 rp=239236
18:33:51.790 @T t=25388 s=0.000 lv=-40.2 pk=-38.5 c0=4.0 c1=5.2 kw=4.92 inf=1.85 iv=0.00 n=0 d=0 sk=2 hf=96160 hm=92312 ht=283156 pf=0 pm=0 pt=0 ru=235388 rp=239236
18:33:51.791 @T t=25494 s=0.000 lv=-39.4 pk=-38.3 c0=3.0 c1=5.1 kw=4.93 inf=1.52 iv=0.00 n=0 d=0 sk=3 hf=96160 hm=92312 ht=283156 pf=0 pm=0 pt=0 ru=235388 rp=239236
18:33:51.791 @T t=25600 s=0.000 lv=-39.3 pk=-38.5 c0=3.0 c1=5.1 kw=4.94 inf=1.52 iv=0.00 n=0 d=0 sk=3 hf=96160 hm=92312 ht=283156 pf=0 pm=0 pt=0 ru=235388 rp=239236
18:33:51.791 @T t=25686 s=0.000 lv=-40.2 pk=-38.7 c0=7.7 c1=6.3 kw=6.11 inf=1.52 iv=0.00 n=0 d=0 sk=3 hf=96160 hm=92312 ht=283156 pf=0 pm=0 pt=0 ru=235388 rp=239236
18:33:51.791 @T t=25792 s=0.000 lv=-40.9 pk=-39.5 c0=6.3 c1=5.1 kw=4.95 inf=1.52 iv=0.00 n=0 d=0 sk=3 hf=96160 hm=92312 ht=283156 pf=0 pm=0 pt=0 ru=235388 rp=239236
18:33:51.791 @T t=25898 s=0.000 lv=-39.4 pk=-38.3 c0=3.2 c1=5.1 kw=4.93 inf=1.52 iv=0.00 n=0 d=0 sk=3 hf=96160 hm=92312 ht=283156 pf=0 pm=0 pt=0 ru=235388 rp=239236
18:33:51.792 @T t=26004 s=0.000 lv=-39.3 pk=-38.1 c0=3.4 c1=6.2 kw=5.97 inf=1.38 iv=0.00 n=0 d=0 sk=4 hf=96160 hm=92312 ht=283156 pf=0 pm=0 pt=0 ru=235388 rp=239236
18:33:51.792 @T t=26090 s=0.000 lv=-40.0 pk=-38.9 c0=4.2 c1=5.1 kw=4.93 inf=1.85 iv=0.00 n=0 d=0 sk=2 hf=96160 hm=92312 ht=283156 pf=0 pm=0 pt=0 ru=235388 rp=239236
18:33:51.792 @T t=26196 s=0.000 lv=-38.8 pk=-37.0 c0=3.1 c1=5.1 kw=4.94 inf=1.52 iv=0.00 n=0 d=0 sk=3 hf=96160 hm=92312 ht=283156 pf=0 pm=0 pt=0 ru=235388 rp=239236
18:33:51.792 @I ww=marvin cut=0.50 win=5 cool=1000 tick=100 wifi=1 srv=1 li=0 ln=0
18:33:51.792 @T t=26288 s=0.000 lv=-40.3 pk=-39.3 c0=8.2 c1=6.6 kw=6.31 inf=1.70 iv=0.00 n=0 d=0 sk=3 hf=96160 hm=92312 ht=283156 pf=0 pm=0 pt=0 ru=235388 rp=239236
18:33:51.793 @T t=26394 s=0.000 lv=-38.9 pk=-37.9 c0=6.6 c1=5.2 kw=5.03 inf=1.55 iv=0.00 n=0 d=0 sk=3 hf=96160 hm=92312 ht=283156 pf=0 pm=0 pt=0 ru=235388 rp=239236
18:33:51.793 @T t=26500 s=0.000 lv=-37.9 pk=-36.4 c0=3.2 c1=5.1 kw=4.97 inf=1.53 iv=0.00 n=0 d=0 sk=3 hf=96160 hm=92312 ht=283156 pf=0 pm=0 pt=0 ru=235388 rp=239236
18:33:51.793 @T t=26586 s=0.000 lv=-39.3 pk=-37.1 c0=7.7 c1=6.3 kw=6.12 inf=1.53 iv=0.00 n=0 d=0 sk=3 hf=96160 hm=92312 ht=283156 pf=0 pm=0 pt=0 ru=235388 rp=239236
18:33:51.793 @T t=26692 s=0.000 lv=-38.8 pk=-37.3 c0=6.3 c1=5.1 kw=4.94 inf=1.52 iv=0.00 n=0 d=0 sk=3 hf=96160 hm=92312 ht=283156 pf=0 pm=0 pt=0 ru=235388 rp=239236
18:33:51.793 @T t=26798 s=0.000 lv=-39.1 pk=-37.4 c0=6.3 c1=5.0 kw=4.92 inf=1.51 iv=0.00 n=0 d=0 sk=3 hf=96160 hm=92312 ht=283156 pf=0 pm=0 pt=0 ru=235388 rp=239236
18:33:54.278 @T t=26904 s=0.000 lv=-37.0 pk=-36.3 c0=3.2 c1=6.1 kw=5.92 inf=1.37 iv=0.00 n=0 d=0 sk=4 hf=96160 hm=92312 ht=283156 pf=0 pm=0 pt=0 ru=235388 rp=239236
18:33:54.279 @T t=26990 s=0.000 lv=-38.5 pk=-36.9 c0=3.7 c1=5.0 kw=4.88 inf=1.83 iv=0.00 n=0 d=0 sk=2 hf=96160 hm=92312 ht=283156 pf=0 pm=0 pt=0 ru=235388 rp=239236
18:33:54.279 @T t=27096 s=0.000 lv=-38.3 pk=-37.2 c0=6.8 c1=5.2 kw=5.05 inf=1.56 iv=0.00 n=0 d=0 sk=3 hf=96160 hm=92312 ht=283156 pf=0 pm=0 pt=0 ru=235388 rp=239236
18:33:54.279 @T t=27202 s=0.000 lv=-38.6 pk=-36.8 c0=3.2 c1=6.0 kw=5.97 inf=1.38 iv=0.00 n=0 d=0 sk=4 hf=96160 hm=92312 ht=283156 pf=0 pm=0 pt=0 ru=235388 rp=239236
18:33:54.279 @I ww=marvin cut=0.50 win=5 cool=1000 tick=100 wifi=1 srv=1 li=0 ln=0
18:33:54.279 @T t=27294 s=0.000 lv=-36.9 pk=-35.6 c0=5.0 c1=4.9 kw=4.59 inf=1.84 iv=0.00 n=0 d=0 sk=2 hf=96160 hm=92312 ht=283156 pf=0 pm=0 pt=0 ru=235388 rp=239236
18:33:54.280 @T t=27400 s=0.000 lv=-37.1 pk=-36.8 c0=3.3 c1=5.1 kw=4.96 inf=1.53 iv=0.00 n=0 d=0 sk=3 hf=96160 hm=92312 ht=283156 pf=0 pm=0 pt=0 ru=235388 rp=239236
18:33:54.280 @T t=27486 s=0.000 lv=-37.1 pk=-34.4 c0=7.7 c1=6.3 kw=6.14 inf=1.53 iv=0.00 n=0 d=0 sk=3 hf=96160 hm=92312 ht=283156 pf=0 pm=0 pt=0 ru=235388 rp=239236
18:33:54.280 @T t=27592 s=0.000 lv=-39.6 pk=-37.7 c0=6.3 c1=5.1 kw=4.91 inf=1.51 iv=0.00 n=0 d=0 sk=3 hf=96160 hm=92312 ht=283156 pf=0 pm=0 pt=0 ru=235388 rp=239236
18:33:54.280 @T t=27698 s=0.000 lv=-39.5 pk=-37.6 c0=6.3 c1=5.1 kw=4.93 inf=1.52 iv=0.00 n=0 d=0 sk=3 hf=96160 hm=92312 ht=283156 pf=0 pm=0 pt=0 ru=235388 rp=239236
18:33:54.280 @T t=27804 s=0.000 lv=-38.5 pk=-37.5 c0=3.0 c1=6.1 kw=5.90 inf=1.36 iv=0.00 n=0 d=0 sk=4 hf=96160 hm=92312 ht=283156 pf=0 pm=0 pt=0 ru=235388 rp=239236
18:33:54.281 @T t=27890 s=0.000 lv=-38.9 pk=-37.8 c0=3.8 c1=5.0 kw=4.87 inf=1.82 iv=0.00 n=0 d=0 sk=2 hf=96160 hm=92312 ht=283156 pf=0 pm=0 pt=0 ru=235388 rp=239236
18:33:54.281 @T t=27996 s=0.000 lv=-38.5 pk=-36.0 c0=3.1 c1=5.1 kw=4.92 inf=1.51 iv=0.00 n=0 d=0 sk=3 hf=96160 hm=92312 ht=283156 pf=0 pm=0 pt=0 ru=235388 rp=239236
18:33:54.281 @T t=28102 s=0.000 lv=-38.8 pk=-37.6 c0=6.5 c1=5.9 kw=5.92 inf=1.37 iv=0.00 n=0 d=0 sk=4 hf=96160 hm=92312 ht=283156 pf=0 pm=0 pt=0 ru=235388 rp=239236
18:33:54.281 @T t=28188 s=0.000 lv=-37.7 pk=-37.2 c0=3.7 c1=5.2 kw=4.92 inf=1.84 iv=0.00 n=0 d=0 sk=2 hf=96160 hm=92312 ht=283156 pf=0 pm=0 pt=0 ru=235388 rp=239236
18:33:54.281 @I ww=marvin cut=0.50 win=5 cool=1000 tick=100 wifi=1 srv=1 li=0 ln=0
18:33:54.281 @T t=28300 s=0.000 lv=-39.2 pk=-36.9 c0=7.0 c1=5.3 kw=4.83 inf=1.57 iv=0.00 n=0 d=0 sk=3 hf=96160 hm=92312 ht=283156 pf=0 pm=0 pt=0 ru=235388 rp=239236
18:33:54.282 @T t=28386 s=0.000 lv=-38.8 pk=-37.1 c0=8.0 c1=6.4 kw=6.24 inf=1.56 iv=0.00 n=0 d=0 sk=3 hf=96160 hm=92312 ht=283156 pf=0 pm=0 pt=0 ru=235388 rp=239236
18:33:54.282 @T t=28492 s=0.000 lv=-37.5 pk=-36.7 c0=3.3 c1=5.0 kw=4.93 inf=1.52 iv=0.00 n=0 d=0 sk=3 hf=96160 hm=92312 ht=283156 pf=0 pm=0 pt=0 ru=235388 rp=239236
18:33:54.282 @T t=28598 s=0.000 lv=-38.4 pk=-36.4 c0=3.1 c1=5.1 kw=4.92 inf=1.51 iv=0.00 n=0 d=0 sk=3 hf=96160 hm=92312 ht=283156 pf=0 pm=0 pt=0 ru=235388 rp=239236
18:33:54.282 @T t=28704 s=0.000 lv=-38.3 pk=-37.3 c0=6.3 c1=6.1 kw=5.91 inf=1.37 iv=0.00 n=0 d=0 sk=4 hf=96160 hm=92312 ht=283156 pf=0 pm=0 pt=0 ru=235388 rp=239236
18:33:54.282 @T t=28790 s=0.000 lv=-39.7 pk=-39.3 c0=3.7 c1=5.0 kw=4.86 inf=1.82 iv=0.00 n=0 d=0 sk=2 hf=96160 hm=92312 ht=283156 pf=0 pm=0 pt=0 ru=235388 rp=239236
18:33:54.282 @T t=28896 s=0.000 lv=-39.4 pk=-38.3 c0=3.1 c1=5.1 kw=4.92 inf=1.51 iv=0.00 n=0 d=0 sk=3 hf=96160 hm=92312 ht=283156 pf=0 pm=0 pt=0 ru=235388 rp=239236
18:33:54.283 @T t=29002 s=0.000 lv=-38.9 pk=-37.3 c0=3.1 c1=5.9 kw=5.92 inf=1.37 iv=0.00 n=0 d=0 sk=4 hf=96160 hm=92312 ht=283156 pf=0 pm=0 pt=0 ru=235388 rp=239236
18:33:54.283 @T t=29088 s=0.000 lv=-38.4 pk=-36.9 c0=7.9 c1=5.3 kw=4.92 inf=1.85 iv=0.00 n=0 d=0 sk=2 hf=96160 hm=92312 ht=283156 pf=0 pm=0 pt=0 ru=235388 rp=239236
18:33:54.283 @T t=29194 s=0.000 lv=-38.0 pk=-35.7 c0=6.4 c1=5.0 kw=4.92 inf=1.51 iv=0.00 n=0 d=0 sk=3 hf=96160 hm=92312 ht=283156 pf=0 pm=0 pt=0 ru=235388 rp=239236
18:33:54.283 @I ww=marvin cut=0.50 win=5 cool=1000 tick=100 wifi=1 srv=1 li=0 ln=0
18:33:54.283 @T t=29286 s=0.000 lv=-38.8 pk=-36.9 c0=5.0 c1=6.0 kw=5.76 inf=1.54 iv=0.00 n=0 d=0 sk=3 hf=96160 hm=92312 ht=283156 pf=0 pm=0 pt=0 ru=235388 rp=239236
18:33:56.680 @T t=29392 s=0.000 lv=-39.7 pk=-38.8 c0=3.6 c1=5.1 kw=5.00 inf=1.54 iv=0.00 n=0 d=0 sk=3 hf=96160 hm=92312 ht=283156 pf=0 pm=0 pt=0 ru=235388 rp=239236
18:33:56.680 @T t=29498 s=0.000 lv=-40.3 pk=-38.8 c0=3.3 c1=5.0 kw=4.93 inf=1.52 iv=0.00 n=0 d=0 sk=3 hf=96160 hm=92312 ht=283156 pf=0 pm=0 pt=0 ru=235388 rp=239236
18:33:56.681 @T t=29604 s=0.000 lv=-38.0 pk=-35.8 c0=3.1 c1=6.1 kw=5.91 inf=1.37 iv=0.00 n=0 d=0 sk=4 hf=96160 hm=92312 ht=283156 pf=0 pm=0 pt=0 ru=235388 rp=239236
18:33:56.681 @T t=29690 s=0.000 lv=-37.1 pk=-35.3 c0=3.7 c1=5.0 kw=4.87 inf=1.82 iv=0.00 n=0 d=0 sk=2 hf=96160 hm=92312 ht=283156 pf=0 pm=0 pt=0 ru=235388 rp=239236
18:33:56.681 @T t=29796 s=0.000 lv=-36.7 pk=-35.1 c0=6.3 c1=5.1 kw=4.93 inf=1.52 iv=0.00 n=0 d=0 sk=3 hf=96160 hm=92312 ht=283156 pf=0 pm=0 pt=0 ru=235388 rp=239236
18:33:56.681 @T t=29902 s=0.000 lv=-37.2 pk=-35.8 c0=3.2 c1=6.0 kw=5.92 inf=1.37 iv=0.00 n=0 d=0 sk=4 hf=96160 hm=92312 ht=283156 pf=0 pm=0 pt=0 ru=235388 rp=239236
18:33:56.681 @T t=29988 s=0.000 lv=-38.8 pk=-38.3 c0=3.8 c1=5.2 kw=4.88 inf=1.83 iv=0.00 n=0 d=0 sk=2 hf=96160 hm=92312 ht=283156 pf=0 pm=0 pt=0 ru=235388 rp=239236
18:33:56.681 @T t=30094 s=0.000 lv=-37.6 pk=-35.4 c0=3.1 c1=5.1 kw=4.93 inf=1.52 iv=0.00 n=0 d=0 sk=3 hf=96160 hm=92312 ht=283156 pf=0 pm=0 pt=0 ru=235388 rp=239236
18:33:56.681 @T t=30200 s=0.000 lv=-37.1 pk=-36.0 c0=6.4 c1=5.0 kw=4.92 inf=1.51 iv=0.00 n=0 d=0 sk=3 hf=96160 hm=92312 ht=283156 pf=0 pm=0 pt=0 ru=235388 rp=239236
18:33:56.681 @I ww=marvin cut=0.50 win=5 cool=1000 tick=100 wifi=1 srv=1 li=0 ln=0
18:33:56.681 @T t=30293 s=0.000 lv=-37.9 pk=-36.5 c0=16.8 c1=6.4 kw=5.83 inf=1.57 iv=0.00 n=0 d=0 sk=3 hf=96160 hm=92312 ht=283156 pf=0 pm=0 pt=0 ru=235388 rp=239236
18:33:56.681 @T t=30399 s=0.000 lv=-38.9 pk=-38.6 c0=4.0 c1=5.1 kw=5.00 inf=1.54 iv=0.00 n=0 d=0 sk=3 hf=96160 hm=92312 ht=283156 pf=0 pm=0 pt=0 ru=235388 rp=239236
18:33:56.681 @T t=30505 s=0.000 lv=-38.0 pk=-35.9 c0=3.6 c1=6.1 kw=5.97 inf=1.38 iv=0.00 n=0 d=0 sk=4 hf=96160 hm=92312 ht=283156 pf=0 pm=0 pt=0 ru=235388 rp=239236
18:33:56.681 @T t=30591 s=0.000 lv=-40.1 pk=-39.6 c0=4.0 c1=5.0 kw=4.86 inf=1.82 iv=0.00 n=0 d=0 sk=2 hf=96160 hm=92312 ht=283156 pf=0 pm=0 pt=0 ru=235388 rp=239236
18:33:56.681 @T t=30697 s=0.000 lv=-39.9 pk=-38.7 c0=3.1 c1=5.1 kw=4.92 inf=1.52 iv=0.00 n=0 d=0 sk=3 hf=96160 hm=92312 ht=283156 pf=0 pm=0 pt=0 ru=235388 rp=239236
18:33:56.681 @T t=30803 s=0.000 lv=-38.3 pk=-35.8 c0=6.3 c1=6.0 kw=5.89 inf=1.36 iv=0.00 n=0 d=0 sk=4 hf=96160 hm=92312 ht=283156 pf=0 pm=0 pt=0 ru=235388 rp=239236
18:33:56.681 @T t=30889 s=0.000 lv=-39.1 pk=-38.2 c0=3.9 c1=5.1 kw=4.90 inf=1.84 iv=0.00 n=0 d=0 sk=2 hf=96160 hm=92312 ht=283156 pf=0 pm=0 pt=0 ru=235388 rp=239236
18:33:56.681 @T t=30995 s=0.000 lv=-38.8 pk=-37.6 c0=3.1 c1=5.1 kw=4.93 inf=1.52 iv=0.00 n=0 d=0 sk=3 hf=96160 hm=92312 ht=283156 pf=0 pm=0 pt=0 ru=235388 rp=239236
18:33:56.681 @T t=31101 s=0.000 lv=-38.3 pk=-36.7 c0=3.2 c1=5.0 kw=5.09 inf=1.53 iv=0.00 n=0 d=0 sk=3 hf=96160 hm=92312 ht=283156 pf=0 pm=0 pt=0 ru=235388 rp=239236
18:33:56.681 [status] up 31s | mic -39.0 dBFS (peak -34.4) | score max 0.00 | detections 0 | inferences 43 (4.3/s; model 1.20 ms each, paused in quiet 86%; features 1.52 ms per 30 ms) | CPU core0  4.9% core1  6.0% (wake word pipeline 5.82% of one core) | RAM used 229 KB (peak 233 KB, 93 KB free) | wifi OK, server OK | audio lost since boot: i2s 0 net 0
18:33:56.682 @T t=31195 s=0.000 lv=-39.5 pk=-38.3 c0=36.9 c1=6.0 kw=5.66 inf=1.59 iv=0.00 n=0 d=0 sk=3 hf=96160 hm=92312 ht=283156 pf=0 pm=0 pt=0 ru=235388 rp=239236
18:33:56.682 @I ww=marvin cut=0.50 win=5 cool=1000 tick=100 wifi=1 srv=1 li=0 ln=0
18:33:56.682 @T t=31287 s=0.000 lv=-37.9 pk=-36.2 c0=14.0 c1=5.9 kw=5.75 inf=1.54 iv=0.00 n=0 d=0 sk=3 hf=96160 hm=92312 ht=283156 pf=0 pm=0 pt=0 ru=235388 rp=239236
18:33:56.682 @T t=31393 s=0.000 lv=-37.5 pk=-35.9 c0=3.3 c1=5.1 kw=4.97 inf=1.53 iv=0.00 n=0 d=0 sk=3 hf=96160 hm=92312 ht=283156 pf=0 pm=0 pt=0 ru=235388 rp=239236
18:33:56.682 @T t=31499 s=0.000 lv=-36.2 pk=-34.8 c0=6.3 c1=5.1 kw=4.93 inf=1.52 iv=0.00 n=0 d=0 sk=3 hf=96160 hm=92312 ht=283156 pf=0 pm=0 pt=0 ru=235388 rp=239236
18:33:56.682 @T t=31605 s=0.000 lv=-38.7 pk=-37.5 c0=6.6 c1=6.2 kw=5.96 inf=1.38 iv=0.00 n=0 d=0 sk=4 hf=96160 hm=92312 ht=283156 pf=0 pm=0 pt=0 ru=235388 rp=239236
18:33:56.682 @T t=31691 s=0.000 lv=-38.8 pk=-37.9 c0=4.0 c1=5.0 kw=4.88 inf=1.83 iv=0.00 n=0 d=0 sk=2 hf=96160 hm=92312 ht=283156 pf=0 pm=0 pt=0 ru=235388 rp=239236
18:33:59.172 @T t=31797 s=0.000 lv=-39.0 pk=-38.0 c0=6.3 c1=5.1 kw=4.92 inf=1.51 iv=0.00 n=0 d=0 sk=3 hf=96160 hm=92312 ht=283156 pf=0 pm=0 pt=0 ru=235388 rp=239236
18:33:59.173 @T t=31903 s=0.000 lv=-38.9 pk=-37.2 c0=3.2 c1=6.1 kw=5.93 inf=1.37 iv=0.00 n=0 d=0 sk=4 hf=96160 hm=92312 ht=283156 pf=0 pm=0 pt=0 ru=235388 rp=239236
18:33:59.173 @T t=31989 s=0.000 lv=-39.7 pk=-38.9 c0=3.8 c1=5.0 kw=4.91 inf=1.84 iv=0.00 n=0 d=0 sk=2 hf=96160 hm=92312 ht=283156 pf=0 pm=0 pt=0 ru=235388 rp=239236
18:33:59.173 @T t=32095 s=0.000 lv=-39.4 pk=-38.0 c0=3.1 c1=5.1 kw=4.96 inf=1.53 iv=0.00 n=0 d=0 sk=3 hf=96160 hm=92312 ht=283156 pf=0 pm=0 pt=0 ru=235388 rp=239236
18:33:59.173 @T t=32201 s=0.000 lv=-38.5 pk=-36.1 c0=3.1 c1=5.0 kw=5.08 inf=1.53 iv=0.00 n=0 d=0 sk=3 hf=96160 hm=92312 ht=283156 pf=0 pm=0 pt=0 ru=235388 rp=239236
18:33:59.173 @I ww=marvin cut=0.50 win=5 cool=1000 tick=100 wifi=1 srv=1 li=0 ln=0
18:33:59.173 @T t=32293 s=0.000 lv=-38.7 pk=-37.1 c0=17.0 c1=6.7 kw=5.88 inf=1.61 iv=0.00 n=0 d=0 sk=3 hf=96160 hm=92312 ht=283156 pf=0 pm=0 pt=0 ru=235388 rp=239236
18:33:59.173 @T t=32399 s=0.000 lv=-38.6 pk=-37.5 c0=4.0 c1=5.2 kw=5.03 inf=1.55 iv=0.00 n=0 d=0 sk=3 hf=96160 hm=92312 ht=283156 pf=0 pm=0 pt=0 ru=235388 rp=239236
18:33:59.173 @T t=32505 s=0.000 lv=-37.5 pk=-36.6 c0=3.3 c1=6.1 kw=5.99 inf=1.38 iv=0.00 n=0 d=0 sk=4 hf=96160 hm=92312 ht=283156 pf=0 pm=0 pt=0 ru=235388 rp=239236
18:33:59.173 @T t=32591 s=0.000 lv=-39.1 pk=-37.8 c0=3.7 c1=5.0 kw=4.88 inf=1.83 iv=0.00 n=0 d=0 sk=2 hf=96160 hm=92312 ht=283156 pf=0 pm=0 pt=0 ru=235388 rp=239236
18:33:59.173 @T t=32697 s=0.000 lv=-38.7 pk=-37.8 c0=6.3 c1=5.1 kw=4.93 inf=1.52 iv=0.00 n=0 d=0 sk=3 hf=96160 hm=92312 ht=283156 pf=0 pm=0 pt=0 ru=235388 rp=239236
18:33:59.173 @T t=32803 s=0.000 lv=-38.9 pk=-37.7 c0=6.7 c1=6.1 kw=5.91 inf=1.37 iv=0.00 n=0 d=0 sk=4 hf=96160 hm=92312 ht=283156 pf=0 pm=0 pt=0 ru=235388 rp=239236
18:33:59.173 @T t=32889 s=0.000 lv=-39.1 pk=-37.5 c0=4.2 c1=5.1 kw=4.97 inf=1.86 iv=0.00 n=0 d=0 sk=2 hf=96160 hm=92312 ht=283156 pf=0 pm=0 pt=0 ru=235388 rp=239236
18:33:59.173 @T t=32995 s=0.000 lv=-38.7 pk=-36.4 c0=3.1 c1=5.1 kw=4.95 inf=1.52 iv=0.00 n=0 d=0 sk=3 hf=96160 hm=92312 ht=283156 pf=0 pm=0 pt=0 ru=235388 rp=239236
18:33:59.173 @T t=33101 s=0.000 lv=-38.4 pk=-35.9 c0=3.2 c1=5.0 kw=5.08 inf=1.53 iv=0.00 n=0 d=0 sk=3 hf=96160 hm=92312 ht=283156 pf=0 pm=0 pt=0 ru=235388 rp=239236
18:33:59.173 @T t=33187 s=0.000 lv=-37.3 pk=-34.8 c0=3.8 c1=6.6 kw=6.17 inf=1.59 iv=0.00 n=0 d=0 sk=3 hf=96160 hm=92312 ht=283156 pf=0 pm=0 pt=0 ru=235388 rp=239236
18:33:59.173 @I ww=marvin cut=0.50 win=5 cool=1000 tick=100 wifi=1 srv=1 li=0 ln=0
18:33:59.173 @T t=33299 s=0.000 lv=-37.6 pk=-36.9 c0=4.1 c1=4.8 kw=4.65 inf=1.51 iv=0.00 n=0 d=0 sk=3 hf=96160 hm=92312 ht=283156 pf=0 pm=0 pt=0 ru=235388 rp=239236
18:33:59.173 @T t=33405 s=0.000 lv=-37.4 pk=-36.4 c0=3.3 c1=6.1 kw=5.98 inf=1.38 iv=0.00 n=0 d=0 sk=4 hf=96160 hm=92312 ht=283156 pf=0 pm=0 pt=0 ru=235388 rp=239236
18:33:59.173 @T t=33491 s=0.000 lv=-38.0 pk=-36.7 c0=3.8 c1=5.0 kw=4.88 inf=1.83 iv=0.00 n=0 d=0 sk=2 hf=96160 hm=92312 ht=283156 pf=0 pm=0 pt=0 ru=235388 rp=239236
18:33:59.173 @T t=33597 s=0.000 lv=-38.2 pk=-35.9 c0=6.3 c1=5.1 kw=4.93 inf=1.52 iv=0.00 n=0 d=0 sk=3 hf=96160 hm=92312 ht=283156 pf=0 pm=0 pt=0 ru=235388 rp=239236
18:33:59.173 @T t=33703 s=0.000 lv=-38.4 pk=-37.1 c0=3.0 c1=6.1 kw=5.91 inf=1.36 iv=0.00 n=0 d=0 sk=4 hf=96160 hm=92312 ht=283156 pf=0 pm=0 pt=0 ru=235388 rp=239236
18:33:59.173 @T t=33789 s=0.000 lv=-40.6 pk=-39.9 c0=3.7 c1=5.0 kw=4.85 inf=1.82 iv=0.00 n=0 d=0 sk=2 hf=96160 hm=92312 ht=283156 pf=0 pm=0 pt=0 ru=235388 rp=239236
18:33:59.173 @T t=33895 s=0.000 lv=-38.8 pk=-36.2 c0=6.8 c1=5.1 kw=4.95 inf=1.52 iv=0.00 n=0 d=0 sk=3 hf=96160 hm=92312 ht=283156 pf=0 pm=0 pt=0 ru=235388 rp=239236
18:33:59.173 @T t=34001 s=0.000 lv=-39.8 pk=-39.2 c0=3.3 c1=5.1 kw=5.15 inf=1.55 iv=0.00 n=0 d=0 sk=3 hf=96160 hm=92312 ht=283156 pf=0 pm=0 pt=0 ru=235388 rp=239236
18:33:59.173 @T t=34087 s=0.000 lv=-37.3 pk=-35.5 c0=3.9 c1=6.5 kw=6.11 inf=1.57 iv=0.00 n=0 d=0 sk=3 hf=96160 hm=92312 ht=283156 pf=0 pm=0 pt=0 ru=235388 rp=239236
18:33:59.173 @T t=34193 s=0.000 lv=-37.9 pk=-36.0 c0=3.1 c1=5.1 kw=4.94 inf=1.52 iv=0.00 n=0 d=0 sk=3 hf=96160 hm=92312 ht=283156 pf=0 pm=0 pt=0 ru=235388 rp=239236
18:33:59.173 @I ww=marvin cut=0.50 win=5 cool=1000 tick=100 wifi=1 srv=1 li=0 ln=0
18:34:01.779 @T t=34287 s=0.000 lv=-37.5 pk=-36.1 c0=6.3 c1=5.6 kw=5.56 inf=1.52 iv=0.00 n=0 d=0 sk=3 hf=94596 hm=92312 ht=283156 pf=0 pm=0 pt=0 ru=236952 rp=239236
18:34:01.779 @T t=34393 s=0.000 lv=-39.7 pk=-37.7 c0=5.5 c1=5.8 kw=5.14 inf=1.58 iv=0.00 n=0 d=0 sk=3 hf=96160 hm=92312 ht=283156 pf=0 pm=0 pt=0 ru=235388 rp=239236
18:34:01.780 @T t=34499 s=0.000 lv=-38.3 pk=-36.6 c0=3.3 c1=5.1 kw=4.97 inf=1.53 iv=0.00 n=0 d=0 sk=3 hf=96160 hm=92312 ht=283156 pf=0 pm=0 pt=0 ru=235388 rp=239236
18:34:01.780 @T t=34605 s=0.000 lv=-38.7 pk=-37.2 c0=3.1 c1=6.1 kw=5.93 inf=1.37 iv=0.00 n=0 d=0 sk=4 hf=96160 hm=92312 ht=283156 pf=0 pm=0 pt=0 ru=235388 rp=239236
18:34:01.780 @T t=34691 s=0.000 lv=-38.2 pk=-37.0 c0=3.7 c1=5.0 kw=4.90 inf=1.84 iv=0.00 n=0 d=0 sk=2 hf=96160 hm=92312 ht=283156 pf=0 pm=0 pt=0 ru=235388 rp=239236
18:34:01.780 @T t=34797 s=0.000 lv=-38.3 pk=-37.0 c0=6.3 c1=5.1 kw=4.92 inf=1.52 iv=0.00 n=0 d=0 sk=3 hf=96160 hm=92312 ht=283156 pf=0 pm=0 pt=0 ru=235388 rp=239236
18:34:01.780 @T t=34903 s=0.000 lv=-38.7 pk=-38.0 c0=3.2 c1=6.1 kw=5.92 inf=1.37 iv=0.00 n=0 d=0 sk=4 hf=96160 hm=92312 ht=283156 pf=0 pm=0 pt=0 ru=235388 rp=239236
18:34:01.781 @T t=34989 s=0.000 lv=-38.3 pk=-37.4 c0=4.2 c1=5.1 kw=4.92 inf=1.84 iv=0.00 n=0 d=0 sk=2 hf=96160 hm=92312 ht=283156 pf=0 pm=0 pt=0 ru=235388 rp=239236
18:34:01.781 @T t=35095 s=0.000 lv=-38.3 pk=-37.3 c0=3.4 c1=5.1 kw=4.98 inf=1.53 iv=0.00 n=0 d=0 sk=3 hf=96160 hm=92312 ht=283156 pf=0 pm=0 pt=0 ru=235388 rp=239236
18:34:01.781 @T t=35201 s=0.000 lv=-38.9 pk=-37.7 c0=3.1 c1=5.0 kw=5.09 inf=1.53 iv=0.00 n=0 d=0 sk=3 hf=96160 hm=92312 ht=283156 pf=0 pm=0 pt=0 ru=235388 rp=239236
18:34:01.781 @I ww=marvin cut=0.50 win=5 cool=1000 tick=100 wifi=1 srv=1 li=0 ln=0
18:34:01.781 @T t=35293 s=0.000 lv=-38.7 pk=-37.2 c0=4.4 c1=6.2 kw=5.76 inf=1.59 iv=0.00 n=0 d=0 sk=3 hf=96160 hm=92312 ht=283156 pf=0 pm=0 pt=0 ru=235388 rp=239236
18:34:01.782 @T t=35399 s=0.000 lv=-40.3 pk=-39.1 c0=3.6 c1=5.1 kw=4.94 inf=1.52 iv=0.00 n=0 d=0 sk=3 hf=96160 hm=92312 ht=283156 pf=0 pm=0 pt=0 ru=235388 rp=239236
18:34:01.782 @T t=35505 s=0.000 lv=-38.0 pk=-36.7 c0=3.2 c1=6.1 kw=5.97 inf=1.38 iv=0.00 n=0 d=0 sk=4 hf=96160 hm=92312 ht=283156 pf=0 pm=0 pt=0 ru=235388 rp=239236
18:34:01.782 @T t=35591 s=0.000 lv=-39.4 pk=-37.8 c0=7.8 c1=5.0 kw=4.88 inf=1.83 iv=0.00 n=0 d=0 sk=2 hf=96160 hm=92312 ht=283156 pf=0 pm=0 pt=0 ru=235388 rp=239236
18:34:01.782 @T t=35697 s=0.000 lv=-38.5 pk=-37.0 c0=3.0 c1=5.1 kw=4.92 inf=1.51 iv=0.00 n=0 d=0 sk=3 hf=96160 hm=92312 ht=283156 pf=0 pm=0 pt=0 ru=235388 rp=239236
18:34:01.782 @T t=35803 s=0.000 lv=-38.8 pk=-36.9 c0=3.0 c1=6.1 kw=5.90 inf=1.36 iv=0.00 n=0 d=0 sk=4 hf=96160 hm=92312 ht=283156 pf=0 pm=0 pt=0 ru=235388 rp=239236
18:34:01.782 @T t=35889 s=0.000 lv=-39.5 pk=-37.6 c0=3.9 c1=5.0 kw=4.88 inf=1.83 iv=0.00 n=0 d=0 sk=2 hf=96160 hm=92312 ht=283156 pf=0 pm=0 pt=0 ru=235388 rp=239236
18:34:01.783 @T t=35995 s=0.000 lv=-39.2 pk=-35.9 c0=3.1 c1=5.0 kw=4.90 inf=1.51 iv=0.00 n=0 d=0 sk=3 hf=96160 hm=92312 ht=283156 pf=0 pm=0 pt=0 ru=235388 rp=239236
18:34:01.783 @T t=36101 s=0.000 lv=-39.9 pk=-37.5 c0=3.5 c1=5.0 kw=5.07 inf=1.52 iv=0.00 n=0 d=0 sk=3 hf=96160 hm=92312 ht=283156 pf=0 pm=0 pt=0 ru=235388 rp=239236
18:34:01.783 @T t=36187 s=0.000 lv=-38.2 pk=-37.2 c0=3.9 c1=6.7 kw=6.30 inf=1.62 iv=0.00 n=0 d=0 sk=3 hf=96160 hm=92312 ht=283156 pf=0 pm=0 pt=0 ru=235388 rp=239236
18:34:01.783 @I ww=marvin cut=0.50 win=5 cool=1000 tick=100 wifi=1 srv=1 li=0 ln=0
18:34:01.783 @T t=36299 s=0.000 lv=-38.7 pk=-38.0 c0=11.1 c1=4.8 kw=4.67 inf=1.52 iv=0.00 n=0 d=0 sk=3 hf=96128 hm=92312 ht=283156 pf=0 pm=0 pt=0 ru=235420 rp=239236
18:34:01.784 @T t=36405 s=0.000 lv=-38.5 pk=-36.7 c0=6.6 c1=6.9 kw=6.08 inf=1.40 iv=0.00 n=0 d=0 sk=4 hf=96128 hm=92312 ht=283156 pf=0 pm=0 pt=0 ru=235420 rp=239236
18:34:01.784 @T t=36491 s=0.000 lv=-39.1 pk=-38.4 c0=3.9 c1=5.0 kw=4.94 inf=1.85 iv=0.00 n=0 d=0 sk=2 hf=96128 hm=92312 ht=283156 pf=0 pm=0 pt=0 ru=235420 rp=239236
18:34:01.784 @T t=36597 s=0.000 lv=-36.4 pk=-33.6 c0=3.1 c1=15.5 kw=15.28 inf=1.29 iv=0.98 n=11 d=0 sk=1 hf=96128 hm=92312 ht=283156 pf=0 pm=0 pt=0 ru=235420 rp=239236
18:34:01.784 @T t=36703 s=0.000 lv=-36.4 pk=-34.4 c0=3.6 c1=10.6 kw=10.40 inf=2.55 iv=1.11 n=4 d=0 sk=0 hf=96128 hm=92312 ht=283156 pf=0 pm=0 pt=0 ru=235420 rp=239236
18:34:01.784 @T t=36789 s=0.000 lv=-34.1 pk=-29.8 c0=4.0 c1=9.3 kw=9.11 inf=2.42 iv=1.15 n=3 d=0 sk=0 hf=96128 hm=92312 ht=283156 pf=0 pm=0 pt=0 ru=235420 rp=239236
18:34:04.287 @T t=36895 s=0.000 lv=-37.2 pk=-34.4 c0=3.6 c1=8.8 kw=8.58 inf=2.80 iv=1.20 n=3 d=0 sk=0 hf=96128 hm=92312 ht=283156 pf=0 pm=0 pt=0 ru=235420 rp=239236
18:34:04.287 @T t=37001 s=0.000 lv=-38.1 pk=-37.5 c0=6.7 c1=9.7 kw=9.77 inf=2.38 iv=1.17 n=4 d=0 sk=0 hf=96128 hm=92312 ht=283156 pf=0 pm=0 pt=0 ru=235420 rp=239236
18:34:04.287 @T t=37087 s=0.000 lv=-39.4 pk=-38.3 c0=8.2 c1=11.1 kw=10.63 inf=2.86 iv=1.18 n=3 d=0 sk=0 hf=96128 hm=92312 ht=283156 pf=0 pm=0 pt=0 ru=235420 rp=239236
18:34:04.288 @T t=37193 s=0.000 lv=-38.6 pk=-36.9 c0=6.6 c1=8.8 kw=8.62 inf=2.81 iv=1.20 n=3 d=0 sk=0 hf=96128 hm=92312 ht=283156 pf=0 pm=0 pt=0 ru=235420 rp=239236
18:34:04.288 @I ww=marvin cut=0.50 win=5 cool=1000 tick=100 wifi=1 srv=1 li=0 ln=0
18:34:04.288 @T t=37305 s=0.000 lv=-38.8 pk=-37.7 c0=4.3 c1=10.5 kw=10.32 inf=2.68 iv=1.22 n=4 d=0 sk=0 hf=96128 hm=92312 ht=283156 pf=0 pm=0 pt=0 ru=235420 rp=239236
18:34:04.288 @T t=37391 s=0.000 lv=-38.4 pk=-36.3 c0=8.9 c1=9.6 kw=9.38 inf=2.50 iv=1.20 n=3 d=0 sk=0 hf=96128 hm=92312 ht=283156 pf=0 pm=0 pt=0 ru=235420 rp=239236
18:34:04.288 @T t=37497 s=0.000 lv=-38.1 pk=-35.7 c0=3.4 c1=8.8 kw=8.63 inf=2.81 iv=1.21 n=3 d=0 sk=0 hf=96128 hm=92312 ht=283156 pf=0 pm=0 pt=0 ru=235420 rp=239236
18:34:04.289 @T t=37603 s=0.000 lv=-39.4 pk=-37.9 c0=6.8 c1=11.0 kw=10.80 inf=2.65 iv=1.19 n=4 d=0 sk=0 hf=96128 hm=92312 ht=283156 pf=0 pm=0 pt=0 ru=235420 rp=239236
18:34:04.289 @T t=37689 s=0.000 lv=-38.0 pk=-35.9 c0=4.2 c1=9.5 kw=9.34 inf=2.49 iv=1.18 n=3 d=0 sk=0 hf=96128 hm=92312 ht=283156 pf=0 pm=0 pt=0 ru=235420 rp=239236
18:34:04.289 @T t=37795 s=0.000 lv=-40.1 pk=-38.7 c0=3.4 c1=8.7 kw=8.54 inf=2.78 iv=1.18 n=3 d=0 sk=0 hf=96128 hm=92312 ht=283156 pf=0 pm=0 pt=0 ru=235420 rp=239236
18:34:04.289 @T t=37901 s=0.000 lv=-39.2 pk=-37.4 c0=6.9 c1=9.9 kw=9.88 inf=2.41 iv=1.18 n=4 d=0 sk=0 hf=96128 hm=92312 ht=283156 pf=0 pm=0 pt=0 ru=235420 rp=239236
18:34:04.289 @T t=37987 s=0.000 lv=-38.7 pk=-37.2 c0=4.2 c1=11.2 kw=10.78 inf=2.90 iv=1.20 n=3 d=0 sk=0 hf=96128 hm=92312 ht=283156 pf=0 pm=0 pt=0 ru=235420 rp=239236
18:34:04.290 @T t=38093 s=0.000 lv=-39.0 pk=-37.2 c0=3.6 c1=8.9 kw=8.67 inf=2.83 iv=1.22 n=3 d=0 sk=0 hf=96128 hm=92312 ht=283156 pf=0 pm=0 pt=0 ru=235420 rp=239236
18:34:04.290 @T t=38199 s=0.000 lv=-38.9 pk=-36.7 c0=3.4 c1=9.8 kw=9.58 inf=2.36 iv=1.16 n=4 d=0 sk=0 hf=96128 hm=92312 ht=283156 pf=0 pm=0 pt=0 ru=235420 rp=239236
18:34:04.290 @I ww=marvin cut=0.50 win=5 cool=1000 tick=100 wifi=1 srv=1 li=0 ln=0
18:34:04.291 @T t=38291 s=0.000 lv=-39.3 pk=-38.1 c0=4.9 c1=10.2 kw=10.00 inf=2.83 iv=1.21 n=3 d=0 sk=0 hf=96128 hm=92312 ht=283156 pf=0 pm=0 pt=0 ru=235420 rp=239236
18:34:04.291 @T t=38397 s=0.000 lv=-37.4 pk=-35.8 c0=7.5 c1=7.1 kw=6.55 inf=2.07 iv=1.46 n=1 d=0 sk=2 hf=96128 hm=92312 ht=283156 pf=0 pm=0 pt=0 ru=235420 rp=239236
18:34:04.291 @T t=38503 s=0.000 lv=-39.8 pk=-39.0 c0=3.3 c1=6.1 kw=5.98 inf=1.38 iv=0.00 n=0 d=0 sk=4 hf=96128 hm=92312 ht=283156 pf=0 pm=0 pt=0 ru=235420 rp=239236
18:34:04.292 @T t=38589 s=0.000 lv=-39.8 pk=-39.1 c0=7.8 c1=5.0 kw=4.87 inf=1.83 iv=0.00 n=0 d=0 sk=2 hf=96128 hm=92312 ht=283156 pf=0 pm=0 pt=0 ru=235420 rp=239236
18:34:04.292 @T t=38695 s=0.000 lv=-39.3 pk=-37.9 c0=6.3 c1=5.1 kw=4.93 inf=1.52 iv=0.00 n=0 d=0 sk=3 hf=96128 hm=92312 ht=283156 pf=0 pm=0 pt=0 ru=235420 rp=239236
18:34:04.292 @T t=38801 s=0.000 lv=-40.0 pk=-38.1 c0=3.0 c1=5.0 kw=5.05 inf=1.52 iv=0.00 n=0 d=0 sk=3 hf=96128 hm=92312 ht=283156 pf=0 pm=0 pt=0 ru=235420 rp=239236
18:34:04.292 @T t=38887 s=0.000 lv=-40.1 pk=-38.0 c0=3.9 c1=6.6 kw=6.13 inf=1.57 iv=0.00 n=0 d=0 sk=3 hf=96128 hm=92312 ht=283156 pf=0 pm=0 pt=0 ru=235420 rp=239236
18:34:04.293 @T t=38993 s=0.000 lv=-39.7 pk=-38.5 c0=3.1 c1=5.1 kw=4.94 inf=1.52 iv=0.00 n=0 d=0 sk=3 hf=96128 hm=92312 ht=283156 pf=0 pm=0 pt=0 ru=235420 rp=239236
18:34:04.293 I (39415) wifi:[ADDBA]RX DELBA, reason:37, delete tid:0, initiator:1(originator)
18:34:04.293 @T t=39099 s=0.000 lv=-40.3 pk=-37.7 c0=5.1 c1=5.2 kw=5.02 inf=1.55 iv=0.00 n=0 d=0 sk=3 hf=96128 hm=92312 ht=283156 pf=0 pm=0 pt=0 ru=235420 rp=239236
18:34:04.294 @T t=39205 s=0.000 lv=-39.4 pk=-37.5 c0=3.3 c1=6.1 kw=5.97 inf=1.38 iv=0.00 n=0 d=0 sk=4 hf=96128 hm=92312 ht=283156 pf=0 pm=0 pt=0 ru=235420 rp=239236
18:34:04.294 @I ww=marvin cut=0.50 win=5 cool=1000 tick=100 wifi=1 srv=1 li=0 ln=0
18:34:04.294 @T t=39297 s=0.000 lv=-41.1 pk=-39.1 c0=4.3 c1=4.7 kw=4.54 inf=1.82 iv=0.00 n=0 d=0 sk=2 hf=96128 hm=92312 ht=283156 pf=0 pm=0 pt=0 ru=235420 rp=239236
18:34:06.679 @T t=39403 s=0.000 lv=-39.9 pk=-37.5 c0=6.9 c1=6.1 kw=5.92 inf=1.37 iv=0.00 n=0 d=0 sk=4 hf=96128 hm=92312 ht=283156 pf=0 pm=0 pt=0 ru=235420 rp=239236
18:34:06.679 @T t=39489 s=0.000 lv=-39.8 pk=-39.2 c0=4.3 c1=5.1 kw=4.95 inf=1.85 iv=0.00 n=0 d=0 sk=2 hf=96128 hm=92312 ht=283156 pf=0 pm=0 pt=0 ru=235420 rp=239236
18:34:06.680 @T t=39595 s=0.000 lv=-39.6 pk=-38.4 c0=3.5 c1=5.1 kw=4.98 inf=1.53 iv=0.00 n=0 d=0 sk=3 hf=96128 hm=92312 ht=283156 pf=0 pm=0 pt=0 ru=235420 rp=239236
18:34:06.680 @T t=39701 s=0.000 lv=-39.9 pk=-38.3 c0=3.5 c1=5.1 kw=5.13 inf=1.54 iv=0.00 n=0 d=0 sk=3 hf=96128 hm=92312 ht=283156 pf=0 pm=0 pt=0 ru=235420 rp=239236
18:34:06.680 @T t=39787 s=0.000 lv=-38.4 pk=-36.5 c0=3.9 c1=6.6 kw=6.21 inf=1.60 iv=0.00 n=0 d=0 sk=3 hf=96128 hm=92312 ht=283156 pf=0 pm=0 pt=0 ru=235420 rp=239236
18:34:06.680 @T t=39893 s=0.000 lv=-39.4 pk=-37.1 c0=6.5 c1=5.1 kw=4.92 inf=1.51 iv=0.00 n=0 d=0 sk=3 hf=96128 hm=92312 ht=283156 pf=0 pm=0 pt=0 ru=235420 rp=239236
18:34:06.680 @T t=39999 s=0.000 lv=-39.5 pk=-38.5 c0=3.1 c1=5.1 kw=4.97 inf=1.53 iv=0.00 n=0 d=0 sk=3 hf=96128 hm=92312 ht=283156 pf=0 pm=0 pt=0 ru=235420 rp=239236
18:34:06.680 @T t=40105 s=0.000 lv=-38.4 pk=-36.6 c0=3.2 c1=6.1 kw=5.93 inf=1.37 iv=0.00 n=0 d=0 sk=4 hf=96128 hm=92312 ht=283156 pf=0 pm=0 pt=0 ru=235420 rp=239236
18:34:06.681 @T t=40191 s=0.000 lv=-39.0 pk=-38.1 c0=3.8 c1=5.0 kw=4.90 inf=1.83 iv=0.00 n=0 d=0 sk=2 hf=96128 hm=92312 ht=283156 pf=0 pm=0 pt=0 ru=235420 rp=239236
18:34:06.681 @I ww=marvin cut=0.50 win=5 cool=1000 tick=100 wifi=1 srv=1 li=0 ln=0
18:34:06.681 @T t=40303 s=0.000 lv=-39.4 pk=-38.0 c0=3.6 c1=5.7 kw=5.58 inf=1.36 iv=0.00 n=0 d=0 sk=4 hf=96128 hm=92312 ht=283156 pf=0 pm=0 pt=0 ru=235420 rp=239236
18:34:06.681 @T t=40389 s=0.000 lv=-38.7 pk=-37.0 c0=12.3 c1=5.8 kw=5.20 inf=1.95 iv=0.00 n=0 d=0 sk=2 hf=96128 hm=92312 ht=283156 pf=0 pm=0 pt=0 ru=235420 rp=239236
18:34:06.682 @T t=40495 s=0.000 lv=-39.0 pk=-38.4 c0=6.0 c1=5.0 kw=4.95 inf=1.52 iv=0.00 n=0 d=0 sk=3 hf=96128 hm=92312 ht=283156 pf=0 pm=0 pt=0 ru=235420 rp=239236
18:34:06.682 @T t=40601 s=0.000 lv=-39.4 pk=-37.9 c0=6.4 c1=5.0 kw=5.08 inf=1.53 iv=0.00 n=0 d=0 sk=3 hf=96128 hm=92312 ht=283156 pf=0 pm=0 pt=0 ru=235420 rp=239236
18:34:06.682 @T t=40687 s=0.000 lv=-38.9 pk=-37.8 c0=3.6 c1=6.6 kw=6.15 inf=1.58 iv=0.00 n=0 d=0 sk=3 hf=96128 hm=92312 ht=283156 pf=0 pm=0 pt=0 ru=235420 rp=239236
18:34:06.682 @T t=40793 s=0.000 lv=-38.8 pk=-37.4 c0=3.4 c1=5.1 kw=4.96 inf=1.53 iv=0.00 n=0 d=0 sk=3 hf=96128 hm=92312 ht=283156 pf=0 pm=0 pt=0 ru=235420 rp=239236
18:34:06.682 @T t=40899 s=0.000 lv=-38.2 pk=-37.3 c0=3.4 c1=5.1 kw=4.96 inf=1.53 iv=0.00 n=0 d=0 sk=3 hf=96128 hm=92312 ht=283156 pf=0 pm=0 pt=0 ru=235420 rp=239236
18:34:06.682 @T t=41005 s=0.000 lv=-40.0 pk=-39.3 c0=3.4 c1=6.1 kw=5.94 inf=1.37 iv=0.00 n=0 d=0 sk=4 hf=96128 hm=92312 ht=283156 pf=0 pm=0 pt=0 ru=235420 rp=239236
18:34:06.682 @T t=41091 s=0.000 lv=-39.0 pk=-37.9 c0=4.1 c1=5.0 kw=4.90 inf=1.83 iv=0.00 n=0 d=0 sk=2 hf=96128 hm=92312 ht=283156 pf=0 pm=0 pt=0 ru=235420 rp=239236
18:34:06.682 [status] up 41s | mic -38.6 dBFS (peak -29.8) | score max 0.00 | detections 0 | inferences 69 (6.9/s; model 1.16 ms each, paused in quiet 78%; features 1.48 ms per 30 ms) | CPU core0  5.1% core1  6.3% (wake word pipeline 6.14% of one core) | RAM used 229 KB (peak 233 KB, 93 KB free) | wifi OK, server OK | audio lost since boot: i2s 0 net 0
18:34:06.683 @T t=41199 s=0.000 lv=-38.3 pk=-36.3 c0=23.8 c1=5.0 kw=4.87 inf=1.53 iv=0.00 n=0 d=0 sk=3 hf=96128 hm=92312 ht=283156 pf=0 pm=0 pt=0 ru=235420 rp=239236
18:34:06.683 @I ww=marvin cut=0.50 win=5 cool=1000 tick=100 wifi=1 srv=1 li=0 ln=0
18:34:06.683 @T t=41291 s=0.000 lv=-39.6 pk=-37.2 c0=13.3 c1=5.9 kw=5.72 inf=1.53 iv=0.00 n=0 d=0 sk=3 hf=96128 hm=92312 ht=283156 pf=0 pm=0 pt=0 ru=235420 rp=239236
18:34:06.683 @T t=41397 s=0.000 lv=-38.8 pk=-36.7 c0=6.9 c1=5.1 kw=4.96 inf=1.53 iv=0.00 n=0 d=0 sk=3 hf=96128 hm=92312 ht=283156 pf=0 pm=0 pt=0 ru=235420 rp=239236
18:34:06.683 @T t=41503 s=0.000 lv=-38.9 pk=-36.5 c0=3.2 c1=6.0 kw=5.89 inf=1.36 iv=0.00 n=0 d=0 sk=4 hf=96128 hm=92312 ht=283156 pf=0 pm=0 pt=0 ru=235420 rp=239236
18:34:06.684 @T t=41589 s=0.000 lv=-40.1 pk=-39.8 c0=3.8 c1=5.0 kw=4.86 inf=1.82 iv=0.00 n=0 d=0 sk=2 hf=96128 hm=92312 ht=283156 pf=0 pm=0 pt=0 ru=235420 rp=239236
18:34:06.684 @T t=41695 s=0.000 lv=-40.0 pk=-39.0 c0=3.0 c1=5.1 kw=4.92 inf=1.51 iv=0.00 n=0 d=0 sk=3 hf=96128 hm=92312 ht=283156 pf=0 pm=0 pt=0 ru=235420 rp=239236
18:34:09.167 @T t=41801 s=0.000 lv=-39.8 pk=-38.4 c0=6.7 c1=5.1 kw=5.10 inf=1.53 iv=0.00 n=0 d=0 sk=3 hf=96128 hm=92312 ht=283156 pf=0 pm=0 pt=0 ru=235420 rp=239236
18:34:09.167 @T t=41887 s=0.000 lv=-39.3 pk=-38.2 c0=4.5 c1=6.7 kw=6.26 inf=1.61 iv=0.00 n=0 d=0 sk=3 hf=96128 hm=92312 ht=283156 pf=0 pm=0 pt=0 ru=235420 rp=239236
18:34:09.167 @T t=41993 s=0.000 lv=-39.5 pk=-37.6 c0=3.6 c1=5.1 kw=4.99 inf=1.53 iv=0.00 n=0 d=0 sk=3 hf=96128 hm=92312 ht=283156 pf=0 pm=0 pt=0 ru=235420 rp=239236
18:34:09.168 @T t=42099 s=0.000 lv=-37.7 pk=-36.7 c0=3.6 c1=5.2 kw=5.00 inf=1.54 iv=0.00 n=0 d=0 sk=3 hf=96128 hm=92312 ht=283156 pf=0 pm=0 pt=0 ru=235420 rp=239236
18:34:09.168 @T t=42205 s=0.000 lv=-40.0 pk=-37.7 c0=3.6 c1=6.1 kw=5.95 inf=1.37 iv=0.00 n=0 d=0 sk=4 hf=96128 hm=92312 ht=283156 pf=0 pm=0 pt=0 ru=235420 rp=239236
18:34:09.168 @I ww=marvin cut=0.50 win=5 cool=1000 tick=100 wifi=1 srv=1 li=0 ln=0
18:34:09.168 @T t=42297 s=0.000 lv=-41.6 pk=-40.1 c0=4.9 c1=4.7 kw=4.60 inf=1.84 iv=0.00 n=0 d=0 sk=2 hf=96128 hm=92312 ht=283156 pf=0 pm=0 pt=0 ru=235420 rp=239236
18:34:09.169 @T t=42403 s=0.000 lv=-40.4 pk=-39.2 c0=7.1 c1=6.7 kw=6.15 inf=1.42 iv=0.00 n=0 d=0 sk=4 hf=96128 hm=92312 ht=283156 pf=0 pm=0 pt=0 ru=235420 rp=239236
18:34:09.169 @T t=42489 s=0.000 lv=-41.1 pk=-40.3 c0=7.9 c1=5.1 kw=4.99 inf=1.87 iv=0.00 n=0 d=0 sk=2 hf=96128 hm=92312 ht=283156 pf=0 pm=0 pt=0 ru=235420 rp=239236
18:34:09.169 @T t=42595 s=0.000 lv=-41.0 pk=-40.3 c0=4.1 c1=5.2 kw=5.03 inf=1.55 iv=0.00 n=0 d=0 sk=3 hf=96128 hm=92312 ht=283156 pf=0 pm=0 pt=0 ru=235420 rp=239236
18:34:09.169 @T t=42701 s=0.000 lv=-40.2 pk=-38.3 c0=6.9 c1=5.1 kw=5.14 inf=1.54 iv=0.00 n=0 d=0 sk=3 hf=96128 hm=92312 ht=283156 pf=0 pm=0 pt=0 ru=235420 rp=239236
18:34:09.169 @T t=42787 s=0.000 lv=-41.3 pk=-40.6 c0=4.3 c1=6.7 kw=6.22 inf=1.60 iv=0.00 n=0 d=0 sk=3 hf=96128 hm=92312 ht=283156 pf=0 pm=0 pt=0 ru=235420 rp=239236
18:34:09.170 @T t=42893 s=0.000 lv=-40.9 pk=-40.2 c0=3.6 c1=5.1 kw=4.99 inf=1.53 iv=0.00 n=0 d=0 sk=3 hf=96128 hm=92312 ht=283156 pf=0 pm=0 pt=0 ru=235420 rp=239236
18:34:09.170 @T t=42999 s=0.000 lv=-40.0 pk=-39.0 c0=3.6 c1=5.1 kw=4.99 inf=1.53 iv=0.00 n=0 d=0 sk=3 hf=96128 hm=92312 ht=283156 pf=0 pm=0 pt=0 ru=235420 rp=239236
18:34:09.170 @T t=43105 s=0.000 lv=-39.7 pk=-38.0 c0=3.6 c1=6.2 kw=6.03 inf=1.39 iv=0.00 n=0 d=0 sk=4 hf=96128 hm=92312 ht=283156 pf=0 pm=0 pt=0 ru=235420 rp=239236
18:34:09.170 @T t=43191 s=0.000 lv=-39.7 pk=-38.3 c0=4.0 c1=5.0 kw=4.91 inf=1.84 iv=0.00 n=0 d=0 sk=2 hf=96128 hm=92312 ht=283156 pf=0 pm=0 pt=0 ru=235420 rp=239236
18:34:09.170 @I ww=marvin cut=0.50 win=5 cool=1000 tick=100 wifi=1 srv=1 li=0 ln=0
18:34:09.171 @T t=43303 s=0.000 lv=-40.7 pk=-39.4 c0=3.9 c1=5.8 kw=5.62 inf=1.37 iv=0.00 n=0 d=0 sk=4 hf=96128 hm=92312 ht=283156 pf=0 pm=0 pt=0 ru=235420 rp=239236
18:34:09.171 @T t=43389 s=0.000 lv=-41.2 pk=-40.3 c0=5.1 c1=5.2 kw=4.99 inf=1.87 iv=0.00 n=0 d=0 sk=2 hf=96128 hm=92312 ht=283156 pf=0 pm=0 pt=0 ru=235420 rp=239236
18:34:09.171 @T t=43495 s=0.000 lv=-40.6 pk=-39.5 c0=3.3 c1=5.1 kw=4.94 inf=1.52 iv=0.00 n=0 d=0 sk=3 hf=96128 hm=92312 ht=283156 pf=0 pm=0 pt=0 ru=235420 rp=239236
18:34:09.171 @T t=43601 s=0.000 lv=-41.0 pk=-38.8 c0=3.4 c1=5.0 kw=5.07 inf=1.52 iv=0.00 n=0 d=0 sk=3 hf=96128 hm=92312 ht=283156 pf=0 pm=0 pt=0 ru=235420 rp=239236
18:34:09.171 @T t=43687 s=0.000 lv=-39.5 pk=-38.8 c0=3.9 c1=6.6 kw=6.22 inf=1.60 iv=0.00 n=0 d=0 sk=3 hf=96128 hm=92312 ht=283156 pf=0 pm=0 pt=0 ru=235420 rp=239236
18:34:09.172 @T t=43793 s=0.000 lv=-40.9 pk=-39.5 c0=6.6 c1=5.1 kw=4.91 inf=1.51 iv=0.00 n=0 d=0 sk=3 hf=96128 hm=92312 ht=283156 pf=0 pm=0 pt=0 ru=235420 rp=239236
18:34:09.172 @T t=43899 s=0.000 lv=-39.9 pk=-38.2 c0=3.6 c1=5.2 kw=5.02 inf=1.55 iv=0.00 n=0 d=0 sk=3 hf=96128 hm=92312 ht=283156 pf=0 pm=0 pt=0 ru=235420 rp=239236
18:34:09.173 @T t=44005 s=0.000 lv=-40.1 pk=-38.1 c0=3.3 c1=6.1 kw=5.94 inf=1.37 iv=0.00 n=0 d=0 sk=4 hf=96128 hm=92312 ht=283156 pf=0 pm=0 pt=0 ru=235420 rp=239236
18:34:09.174 @T t=44091 s=0.000 lv=-40.6 pk=-40.0 c0=4.3 c1=5.1 kw=4.92 inf=1.84 iv=0.00 n=0 d=0 sk=2 hf=96128 hm=92312 ht=283156 pf=0 pm=0 pt=0 ru=235420 rp=239236
18:34:09.175 @T t=44197 s=0.000 lv=-40.3 pk=-39.0 c0=3.6 c1=5.1 kw=4.97 inf=1.53 iv=0.00 n=0 d=0 sk=3 hf=96128 hm=92312 ht=283156 pf=0 pm=0 pt=0 ru=235420 rp=239236
18:34:09.176 @I ww=marvin cut=0.50 win=5 cool=1000 tick=100 wifi=1 srv=1 li=0 ln=0
18:34:11.778 @T t=44289 s=0.000 lv=-40.5 pk=-40.1 c0=4.6 c1=5.9 kw=5.76 inf=1.54 iv=0.00 n=0 d=0 sk=3 hf=96128 hm=92312 ht=283156 pf=0 pm=0 pt=0 ru=235420 rp=239236
18:34:11.778 @T t=44395 s=0.000 lv=-39.9 pk=-38.4 c0=6.7 c1=5.6 kw=5.08 inf=1.56 iv=0.00 n=0 d=0 sk=3 hf=96128 hm=92312 ht=283156 pf=0 pm=0 pt=0 ru=235420 rp=239236
18:34:11.778 @T t=44501 s=0.000 lv=-40.6 pk=-39.0 c0=3.4 c1=5.0 kw=5.10 inf=1.53 iv=0.00 n=0 d=0 sk=3 hf=96128 hm=92312 ht=283156 pf=0 pm=0 pt=0 ru=235420 rp=239236
18:34:11.778 @T t=44587 s=0.000 lv=-40.3 pk=-38.9 c0=8.4 c1=6.6 kw=6.18 inf=1.59 iv=0.00 n=0 d=0 sk=3 hf=95932 hm=92312 ht=283156 pf=0 pm=0 pt=0 ru=235616 rp=239236
18:34:11.778 @T t=44693 s=0.000 lv=-39.9 pk=-38.3 c0=4.4 c1=5.2 kw=5.01 inf=1.54 iv=0.00 n=0 d=0 sk=3 hf=96128 hm=92312 ht=283156 pf=0 pm=0 pt=0 ru=235420 rp=239236
18:34:11.778 @T t=44799 s=0.000 lv=-39.5 pk=-36.9 c0=3.5 c1=5.1 kw=4.97 inf=1.53 iv=0.00 n=0 d=0 sk=3 hf=96128 hm=92312 ht=283156 pf=0 pm=0 pt=0 ru=235420 rp=239236
18:34:11.778 @T t=44905 s=0.000 lv=-38.9 pk=-38.0 c0=3.6 c1=6.1 kw=5.96 inf=1.38 iv=0.00 n=0 d=0 sk=4 hf=96128 hm=92312 ht=283156 pf=0 pm=0 pt=0 ru=235420 rp=239236
18:34:11.778 @T t=44991 s=0.000 lv=-39.8 pk=-37.7 c0=3.9 c1=5.0 kw=4.92 inf=1.84 iv=0.00 n=0 d=0 sk=2 hf=96128 hm=92312 ht=283156 pf=0 pm=0 pt=0 ru=235420 rp=239236
18:34:11.778 @T t=45097 s=0.000 lv=-39.6 pk=-37.8 c0=6.7 c1=5.1 kw=4.97 inf=1.53 iv=0.00 n=0 d=0 sk=3 hf=96128 hm=92312 ht=283156 pf=0 pm=0 pt=0 ru=235420 rp=239236
18:34:11.778 @T t=45203 s=0.000 lv=-39.0 pk=-36.1 c0=3.2 c1=6.1 kw=5.93 inf=1.37 iv=0.00 n=0 d=0 sk=4 hf=96128 hm=92312 ht=283156 pf=0 pm=0 pt=0 ru=235420 rp=239236
18:34:11.778 @I ww=marvin cut=0.50 win=5 cool=1000 tick=100 wifi=1 srv=1 li=0 ln=0
18:34:11.778 @T t=45295 s=0.000 lv=-26.3 pk=-20.5 c0=13.3 c1=15.7 kw=15.52 inf=1.14 iv=0.99 n=10 d=0 sk=2 hf=96128 hm=92312 ht=283156 pf=0 pm=0 pt=0 ru=235420 rp=239236
18:34:11.779 @T t=45401 s=0.000 lv=-23.2 pk=-17.3 c0=7.1 c1=9.3 kw=9.25 inf=2.98 iv=1.34 n=3 d=0 sk=0 hf=96128 hm=92312 ht=283156 pf=0 pm=0 pt=0 ru=235420 rp=239236
18:34:11.779 @T t=45490 s=0.000 lv=-40.7 pk=-39.4 c0=4.5 c1=12.5 kw=12.07 inf=2.54 iv=1.32 n=4 d=0 sk=0 hf=96128 hm=92312 ht=283156 pf=0 pm=0 pt=0 ru=235420 rp=239236
18:34:11.779 @T t=45596 s=0.002 lv=-40.2 pk=-38.6 c0=3.9 c1=8.8 kw=8.61 inf=2.81 iv=1.19 n=3 d=0 sk=0 hf=96128 hm=92312 ht=283156 pf=0 pm=0 pt=0 ru=235420 rp=239236
18:34:11.779 @T t=45702 s=0.002 lv=-41.9 pk=-40.8 c0=3.8 c1=9.9 kw=8.96 inf=2.89 iv=1.29 n=3 d=0 sk=0 hf=96128 hm=92312 ht=283156 pf=0 pm=0 pt=0 ru=235420 rp=239236
18:34:11.779 @T t=45788 s=0.002 lv=-40.1 pk=-38.5 c0=4.2 c1=11.2 kw=11.87 inf=2.41 iv=1.15 n=4 d=0 sk=0 hf=96128 hm=92312 ht=283156 pf=0 pm=0 pt=0 ru=235420 rp=239236
18:34:11.779 @T t=45894 s=0.000 lv=-39.1 pk=-38.0 c0=4.0 c1=9.0 kw=8.75 inf=2.85 iv=1.21 n=3 d=0 sk=0 hf=96128 hm=92312 ht=283156 pf=0 pm=0 pt=0 ru=235420 rp=239236
18:34:11.779 @T t=46000 s=0.000 lv=-40.6 pk=-38.2 c0=3.4 c1=8.5 kw=8.38 inf=2.73 iv=1.14 n=3 d=0 sk=0 hf=96128 hm=92312 ht=283156 pf=0 pm=0 pt=0 ru=235420 rp=239236
18:34:11.779 @T t=46086 s=0.000 lv=-40.0 pk=-38.5 c0=7.7 c1=12.3 kw=12.05 inf=2.41 iv=1.18 n=4 d=0 sk=0 hf=96128 hm=92312 ht=283156 pf=0 pm=0 pt=0 ru=235420 rp=239236
18:34:11.779 @T t=46192 s=0.000 lv=-40.3 pk=-39.2 c0=3.4 c1=8.7 kw=8.54 inf=2.78 iv=1.18 n=3 d=0 sk=0 hf=96128 hm=92312 ht=283156 pf=0 pm=0 pt=0 ru=235420 rp=239236
18:34:11.779 @I ww=marvin cut=0.50 win=5 cool=1000 tick=100 wifi=1 srv=1 li=0 ln=0
18:34:11.779 @T t=46304 s=0.000 lv=-38.5 pk=-34.1 c0=4.0 c1=10.1 kw=9.93 inf=2.57 iv=1.14 n=4 d=0 sk=0 hf=96128 hm=92312 ht=283156 pf=0 pm=0 pt=0 ru=235420 rp=239236
18:34:11.780 @T t=46390 s=0.000 lv=-30.5 pk=-28.6 c0=8.4 c1=11.0 kw=10.32 inf=2.76 iv=1.40 n=3 d=0 sk=0 hf=96128 hm=92312 ht=283156 pf=0 pm=0 pt=0 ru=235420 rp=239236
18:34:11.780 @T t=46496 s=0.000 lv=-23.7 pk=-22.3 c0=3.4 c1=8.6 kw=8.43 inf=2.75 iv=1.13 n=3 d=0 sk=0 hf=96128 hm=92312 ht=283156 pf=0 pm=0 pt=0 ru=235420 rp=239236
18:34:11.780 @T t=46602 s=0.000 lv=-25.4 pk=-20.9 c0=4.1 c1=9.6 kw=8.67 inf=2.78 iv=1.16 n=3 d=0 sk=0 hf=96128 hm=92312 ht=283156 pf=0 pm=0 pt=0 ru=235420 rp=239236
18:34:11.780 @T t=46688 s=0.000 lv=-29.1 pk=-26.4 c0=4.3 c1=11.5 kw=12.16 inf=2.47 iv=1.25 n=4 d=0 sk=0 hf=96128 hm=92312 ht=283156 pf=0 pm=0 pt=0 ru=235420 rp=239236
18:34:11.780 @T t=46794 s=0.000 lv=-23.3 pk=-21.5 c0=3.4 c1=8.5 kw=8.33 inf=2.71 iv=1.12 n=3 d=0 sk=0 hf=96128 hm=92312 ht=283156 pf=0 pm=0 pt=0 ru=235420 rp=239236
18:34:14.272 @T t=46900 s=0.000 lv=-33.6 pk=-30.0 c0=3.6 c1=8.6 kw=8.43 inf=2.74 iv=1.15 n=3 d=0 sk=0 hf=96128 hm=92312 ht=283156 pf=0 pm=0 pt=0 ru=235420 rp=239236
18:34:14.272 @T t=46989 s=0.000 lv=-23.8 pk=-22.3 c0=4.5 c1=12.0 kw=11.71 inf=2.42 iv=1.18 n=4 d=0 sk=0 hf=96128 hm=92312 ht=283156 pf=0 pm=0 pt=0 ru=235420 rp=239236
18:34:14.273 @T t=47095 s=0.000 lv=-25.9 pk=-22.4 c0=6.3 c1=8.6 kw=8.43 inf=2.75 iv=1.16 n=3 d=0 sk=0 hf=96128 hm=92312 ht=283156 pf=0 pm=0 pt=0 ru=235420 rp=239236
18:34:14.273 @T t=47201 s=0.000 lv=-34.0 pk=-28.0 c0=3.4 c1=8.5 kw=8.51 inf=2.73 iv=1.14 n=3 d=0 sk=0 hf=96128 hm=92312 ht=283156 pf=0 pm=0 pt=0 ru=235420 rp=239236
18:34:14.273 @I ww=marvin cut=0.50 win=5 cool=1000 tick=100 wifi=1 srv=1 li=0 ln=0
18:34:14.273 @T t=47292 s=0.000 lv=-26.3 pk=-25.2 c0=13.2 c1=12.1 kw=11.63 inf=2.50 iv=1.28 n=4 d=0 sk=0 hf=96128 hm=92312 ht=283156 pf=0 pm=0 pt=0 ru=235420 rp=239236
18:34:14.273 @T t=47398 s=0.000 lv=-28.9 pk=-27.7 c0=4.1 c1=9.0 kw=8.85 inf=2.89 iv=1.27 n=3 d=0 sk=0 hf=96128 hm=92312 ht=283156 pf=0 pm=0 pt=0 ru=235420 rp=239236
18:34:14.273 @T t=47504 s=0.000 lv=-24.8 pk=-21.1 c0=6.1 c1=10.9 kw=10.66 inf=2.61 iv=1.17 n=4 d=0 sk=0 hf=96128 hm=92312 ht=283156 pf=0 pm=0 pt=0 ru=235420 rp=239236
18:34:14.273 @T t=47590 s=0.000 lv=-27.8 pk=-23.6 c0=4.3 c1=9.5 kw=9.37 inf=2.50 iv=1.20 n=3 d=0 sk=0 hf=96128 hm=92312 ht=283156 pf=0 pm=0 pt=0 ru=235420 rp=239236
18:34:14.273 @T t=47696 s=0.000 lv=-37.4 pk=-35.5 c0=6.6 c1=8.6 kw=8.45 inf=2.75 iv=1.17 n=3 d=0 sk=0 hf=96128 hm=92312 ht=283156 pf=0 pm=0 pt=0 ru=235420 rp=239236
18:34:14.273 @T t=47802 s=0.000 lv=-28.6 pk=-23.0 c0=3.5 c1=9.6 kw=8.65 inf=2.78 iv=1.18 n=3 d=0 sk=0 hf=96128 hm=92312 ht=283156 pf=0 pm=0 pt=0 ru=235420 rp=239236
18:34:14.273 @T t=47888 s=0.000 lv=-22.7 pk=-21.5 c0=4.5 c1=11.6 kw=12.28 inf=2.50 iv=1.21 n=4 d=0 sk=0 hf=96128 hm=92312 ht=283156 pf=0 pm=0 pt=0 ru=235420 rp=239236
18:34:14.273 @T t=47994 s=0.000 lv=-37.2 pk=-36.3 c0=3.4 c1=8.7 kw=8.58 inf=2.80 iv=1.19 n=3 d=0 sk=0 hf=96128 hm=92312 ht=283156 pf=0 pm=0 pt=0 ru=235420 rp=239236
18:34:14.273 @T t=48100 s=0.000 lv=-27.1 pk=-22.5 c0=3.9 c1=8.8 kw=8.57 inf=2.79 iv=1.17 n=3 d=0 sk=0 hf=96128 hm=92312 ht=283156 pf=0 pm=0 pt=0 ru=235420 rp=239236
18:34:14.273 @T t=48188 s=0.000 lv=-29.1 pk=-24.1 c0=3.9 c1=11.7 kw=11.50 inf=2.35 iv=1.14 n=4 d=0 sk=0 hf=96128 hm=92312 ht=283156 pf=0 pm=0 pt=0 ru=235420 rp=239236
18:34:14.273 @I ww=marvin cut=0.50 win=5 cool=1000 tick=100 wifi=1 srv=1 li=0 ln=0
18:34:14.273 @T t=48300 s=0.000 lv=-24.7 pk=-20.0 c0=4.0 c1=8.0 kw=7.88 inf=2.71 iv=1.12 n=3 d=0 sk=0 hf=96128 hm=92312 ht=283156 pf=0 pm=0 pt=0 ru=235420 rp=239236
18:34:14.273 @T t=48389 s=0.000 lv=-22.3 pk=-21.3 c0=14.7 c1=10.9 kw=10.28 inf=2.80 iv=1.15 n=3 d=0 sk=0 hf=96128 hm=92312 ht=283156 pf=0 pm=0 pt=0 ru=235420 rp=239236
18:34:14.273 @T t=48495 s=0.000 lv=-27.0 pk=-22.9 c0=3.5 c1=9.5 kw=9.35 inf=2.30 iv=1.11 n=4 d=0 sk=0 hf=96128 hm=92312 ht=283156 pf=0 pm=0 pt=0 ru=235420 rp=239236
18:34:14.273 @T t=48601 s=0.000 lv=-28.8 pk=-24.3 c0=4.0 c1=8.8 kw=8.83 inf=2.84 iv=1.22 n=3 d=0 sk=0 hf=96128 hm=92312 ht=283156 pf=0 pm=0 pt=0 ru=235420 rp=239236
18:34:14.273 @T t=48687 s=0.000 lv=-24.8 pk=-23.3 c0=7.6 c1=11.0 kw=10.58 inf=2.85 iv=1.19 n=3 d=0 sk=0 hf=96128 hm=92312 ht=283156 pf=0 pm=0 pt=0 ru=235420 rp=239236
18:34:14.273 @T t=48793 s=0.000 lv=-27.8 pk=-23.6 c0=3.4 c1=9.3 kw=9.15 inf=2.25 iv=1.07 n=4 d=0 sk=0 hf=96128 hm=92312 ht=283156 pf=0 pm=0 pt=0 ru=235420 rp=239236
18:34:14.273 @T t=48899 s=0.000 lv=-21.7 pk=-20.8 c0=3.6 c1=8.6 kw=8.40 inf=2.74 iv=1.13 n=3 d=0 sk=0 hf=96128 hm=92312 ht=283156 pf=0 pm=0 pt=0 ru=235420 rp=239236
18:34:14.273 @T t=49005 s=0.000 lv=-27.1 pk=-20.8 c0=3.5 c1=10.6 kw=10.39 inf=2.54 iv=1.11 n=4 d=0 sk=0 hf=96128 hm=92312 ht=283156 pf=0 pm=0 pt=0 ru=235420 rp=239236
18:34:14.273 @T t=49091 s=0.000 lv=-38.2 pk=-35.5 c0=4.4 c1=9.1 kw=8.97 inf=2.38 iv=1.12 n=3 d=0 sk=0 hf=96128 hm=92312 ht=283156 pf=0 pm=0 pt=0 ru=235420 rp=239236
18:34:14.273 @T t=49197 s=0.000 lv=-31.3 pk=-29.5 c0=3.4 c1=8.4 kw=8.27 inf=2.69 iv=1.12 n=3 d=0 sk=0 hf=96128 hm=92312 ht=283156 pf=0 pm=0 pt=0 ru=235420 rp=239236
18:34:14.273 @I ww=marvin cut=0.50 win=5 cool=1000 tick=100 wifi=1 srv=1 li=0 ln=0
18:34:14.273 @T t=49289 s=0.000 lv=-29.7 pk=-27.2 c0=5.3 c1=10.1 kw=9.91 inf=2.80 iv=1.20 n=3 d=0 sk=0 hf=96128 hm=92312 ht=283156 pf=0 pm=0 pt=0 ru=235420 rp=239236
18:34:16.582 @T t=49395 s=0.000 lv=-26.6 pk=-24.7 c0=4.0 c1=9.6 kw=9.39 inf=2.31 iv=1.12 n=4 d=0 sk=0 hf=96128 hm=92312 ht=283156 pf=0 pm=0 pt=0 ru=235420 rp=239236
18:34:16.583 @T t=49501 s=0.000 lv=-36.4 pk=-31.5 c0=6.6 c1=9.3 kw=9.01 inf=2.90 iv=1.28 n=3 d=0 sk=0 hf=96128 hm=92312 ht=283156 pf=0 pm=0 pt=0 ru=235420 rp=239236
18:34:16.583 @T t=49589 s=0.000 lv=-28.2 pk=-25.1 c0=4.0 c1=10.9 kw=10.48 inf=2.89 iv=1.21 n=3 d=0 sk=0 hf=96128 hm=92312 ht=283156 pf=0 pm=0 pt=0 ru=235420 rp=239236
18:34:16.583 @T t=49695 s=0.000 lv=-32.2 pk=-26.5 c0=3.3 c1=9.3 kw=9.18 inf=2.26 iv=1.08 n=4 d=0 sk=0 hf=96128 hm=92312 ht=283156 pf=0 pm=0 pt=0 ru=235420 rp=239236
18:34:16.583 @T t=49801 s=0.000 lv=-30.8 pk=-24.9 c0=3.3 c1=8.4 kw=8.40 inf=2.69 iv=1.11 n=3 d=0 sk=0 hf=96128 hm=92312 ht=283156 pf=0 pm=0 pt=0 ru=235420 rp=239236
18:34:16.583 @T t=49889 s=0.000 lv=-29.6 pk=-28.6 c0=4.1 c1=10.8 kw=10.37 inf=2.85 iv=1.20 n=3 d=0 sk=0 hf=96128 hm=92312 ht=283156 pf=0 pm=0 pt=0 ru=235420 rp=239236
18:34:16.584 @T t=49995 s=0.000 lv=-40.1 pk=-39.2 c0=3.4 c1=9.4 kw=9.23 inf=2.27 iv=1.09 n=4 d=0 sk=0 hf=96128 hm=92312 ht=283156 pf=0 pm=0 pt=0 ru=235420 rp=239236
18:34:16.584 @T t=50101 s=0.000 lv=-40.5 pk=-39.8 c0=3.5 c1=8.4 kw=8.45 inf=2.71 iv=1.12 n=3 d=0 sk=0 hf=96128 hm=92312 ht=283156 pf=0 pm=0 pt=0 ru=235420 rp=239236
18:34:16.584 @T t=50190 s=0.000 lv=-41.2 pk=-40.2 c0=4.0 c1=10.7 kw=10.28 inf=2.86 iv=1.21 n=3 d=0 sk=0 hf=96128 hm=92312 ht=283156 pf=0 pm=0 pt=0 ru=235420 rp=239236
18:34:16.584 @I ww=marvin cut=0.50 win=5 cool=1000 tick=100 wifi=1 srv=1 li=0 ln=0
18:34:16.585 @T t=50302 s=0.000 lv=-40.5 pk=-38.8 c0=4.0 c1=9.8 kw=9.77 inf=2.53 iv=1.11 n=4 d=0 sk=0 hf=96128 hm=92312 ht=283156 pf=0 pm=0 pt=0 ru=235420 rp=239236
18:34:16.585 @T t=50388 s=0.000 lv=-42.1 pk=-40.4 c0=6.8 c1=9.9 kw=9.45 inf=2.52 iv=1.22 n=3 d=0 sk=0 hf=94360 hm=92312 ht=283156 pf=0 pm=0 pt=0 ru=237188 rp=239236
18:34:16.585 @T t=50494 s=0.000 lv=-40.7 pk=-38.7 c0=5.1 c1=9.5 kw=8.96 inf=2.93 iv=1.29 n=3 d=0 sk=0 hf=96128 hm=92312 ht=283156 pf=0 pm=0 pt=0 ru=235420 rp=239236
18:34:16.585 @T t=50600 s=0.000 lv=-40.8 pk=-39.2 c0=4.0 c1=9.9 kw=9.72 inf=2.40 iv=1.19 n=4 d=0 sk=0 hf=96128 hm=92312 ht=283156 pf=0 pm=0 pt=0 ru=235420 rp=239236
18:34:16.585 @T t=50689 s=0.000 lv=-42.0 pk=-40.6 c0=10.8 c1=10.3 kw=10.13 inf=2.76 iv=1.13 n=3 d=0 sk=0 hf=96128 hm=92312 ht=283156 pf=0 pm=0 pt=0 ru=235420 rp=239236
18:34:16.585 @T t=50795 s=0.000 lv=-41.6 pk=-40.1 c0=3.4 c1=8.5 kw=8.31 inf=2.70 iv=1.13 n=3 d=0 sk=0 hf=96128 hm=92312 ht=283156 pf=0 pm=0 pt=0 ru=235420 rp=239236
18:34:16.586 @T t=50901 s=0.000 lv=-40.1 pk=-39.3 c0=3.6 c1=9.6 kw=9.63 inf=2.34 iv=1.14 n=4 d=0 sk=0 hf=96128 hm=92312 ht=283156 pf=0 pm=0 pt=0 ru=235420 rp=239236
18:34:16.586 @T t=50987 s=0.000 lv=-39.6 pk=-37.1 c0=4.2 c1=10.9 kw=10.42 inf=2.80 iv=1.13 n=3 d=0 sk=0 hf=96128 hm=92312 ht=283156 pf=0 pm=0 pt=0 ru=235420 rp=239236
18:34:16.586 @T t=51093 s=0.000 lv=-39.3 pk=-37.4 c0=3.6 c1=8.6 kw=8.41 inf=2.74 iv=1.15 n=3 d=0 sk=0 hf=96128 hm=92312 ht=283156 pf=0 pm=0 pt=0 ru=235420 rp=239236
18:34:16.586 [status] up 51s | mic -30.5 dBFS (peak -17.3) | score max 0.00 | detections 0 | inferences 203 (20.3/s; model 1.17 ms each, paused in quiet 38%; features 1.44 ms per 30 ms) | CPU core0  5.1% core1  8.1% (wake word pipeline 7.81% of one core) | RAM used 229 KB (peak 233 KB, 93 KB free) | wifi OK, server OK | audio lost since boot: i2s 0 net 0
18:34:16.587 @T t=51201 s=0.000 lv=-40.4 pk=-38.0 c0=7.8 c1=9.8 kw=9.80 inf=2.43 iv=1.20 n=4 d=0 sk=0 hf=96128 hm=92312 ht=283156 pf=0 pm=0 pt=0 ru=235420 rp=239236
18:34:16.587 @I ww=marvin cut=0.50 win=5 cool=1000 tick=100 wifi=1 srv=1 li=0 ln=0
18:34:16.587 @T t=51293 s=0.000 lv=-41.2 pk=-39.9 c0=4.8 c1=10.2 kw=9.74 inf=2.80 iv=1.13 n=3 d=0 sk=0 hf=96128 hm=92312 ht=283156 pf=0 pm=0 pt=0 ru=235420 rp=239236
18:34:16.587 @T t=51399 s=0.000 lv=-39.4 pk=-36.0 c0=3.5 c1=8.6 kw=8.46 inf=2.75 iv=1.16 n=3 d=0 sk=0 hf=96128 hm=92312 ht=283156 pf=0 pm=0 pt=0 ru=235420 rp=239236
18:34:16.587 @T t=51505 s=0.000 lv=-41.7 pk=-40.8 c0=4.4 c1=10.2 kw=9.98 inf=2.43 iv=1.31 n=3 d=0 sk=1 hf=96128 hm=92312 ht=283156 pf=0 pm=0 pt=0 ru=235420 rp=239236
18:34:16.587 @T t=51591 s=0.000 lv=-42.2 pk=-41.4 c0=4.2 c1=5.0 kw=4.93 inf=1.84 iv=0.00 n=0 d=0 sk=2 hf=96128 hm=92312 ht=283156 pf=0 pm=0 pt=0 ru=235420 rp=239236
18:34:19.170 @T t=51697 s=0.000 lv=-41.6 pk=-39.8 c0=3.0 c1=5.1 kw=4.94 inf=1.52 iv=0.00 n=0 d=0 sk=3 hf=96128 hm=92312 ht=283156 pf=0 pm=0 pt=0 ru=235420 rp=239236
18:34:19.170 @T t=51803 s=0.000 lv=-38.1 pk=-34.9 c0=3.0 c1=16.0 kw=15.97 inf=1.24 iv=0.96 n=11 d=0 sk=2 hf=96128 hm=92312 ht=283156 pf=0 pm=0 pt=0 ru=235420 rp=239236
18:34:19.170 @T t=51889 s=0.000 lv=-40.2 pk=-38.4 c0=4.5 c1=8.3 kw=7.92 inf=3.12 iv=1.20 n=2 d=0 sk=0 hf=96128 hm=92312 ht=283156 pf=0 pm=0 pt=0 ru=235420 rp=239236
18:34:19.170 @T t=51995 s=0.000 lv=-40.2 pk=-38.8 c0=3.4 c1=9.4 kw=9.27 inf=2.28 iv=1.09 n=4 d=0 sk=0 hf=96128 hm=92312 ht=283156 pf=0 pm=0 pt=0 ru=235420 rp=239236
18:34:19.170 @T t=52101 s=0.000 lv=-38.4 pk=-36.9 c0=3.6 c1=8.5 kw=8.57 inf=2.75 iv=1.15 n=3 d=0 sk=0 hf=96128 hm=92312 ht=283156 pf=0 pm=0 pt=0 ru=235420 rp=239236
18:34:19.170 @T t=52189 s=0.000 lv=-40.7 pk=-39.5 c0=4.0 c1=10.9 kw=10.42 inf=2.87 iv=1.21 n=3 d=0 sk=0 hf=96128 hm=92312 ht=283156 pf=0 pm=0 pt=0 ru=235420 rp=239236
18:34:19.170 @I ww=marvin cut=0.50 win=5 cool=1000 tick=100 wifi=1 srv=1 li=0 ln=0
18:34:19.170 @T t=52301 s=0.000 lv=-40.6 pk=-39.4 c0=4.0 c1=8.9 kw=8.93 inf=2.29 iv=1.09 n=4 d=0 sk=0 hf=96128 hm=92312 ht=283156 pf=0 pm=0 pt=0 ru=235420 rp=239236
18:34:19.170 @T t=52387 s=0.000 lv=-41.5 pk=-40.6 c0=4.3 c1=11.0 kw=10.50 inf=2.82 iv=1.15 n=3 d=0 sk=0 hf=96128 hm=92312 ht=283156 pf=0 pm=0 pt=0 ru=235420 rp=239236
18:34:19.170 @T t=52493 s=0.000 lv=-39.8 pk=-37.7 c0=6.7 c1=9.4 kw=8.85 inf=2.89 iv=1.27 n=3 d=0 sk=0 hf=96128 hm=92312 ht=283156 pf=0 pm=0 pt=0 ru=235420 rp=239236
18:34:19.170 @T t=52599 s=0.000 lv=-40.5 pk=-39.6 c0=4.4 c1=10.0 kw=9.80 inf=2.41 iv=1.20 n=4 d=0 sk=0 hf=96128 hm=92312 ht=283156 pf=0 pm=0 pt=0 ru=235420 rp=239236
18:34:19.170 @T t=52705 s=0.000 lv=-41.5 pk=-40.2 c0=3.5 c1=10.5 kw=10.30 inf=2.52 iv=1.09 n=4 d=0 sk=0 hf=96128 hm=92312 ht=283156 pf=0 pm=0 pt=0 ru=235420 rp=239236
18:34:19.170 @T t=52791 s=0.000 lv=-41.6 pk=-40.4 c0=4.2 c1=8.0 kw=7.80 inf=3.08 iv=1.16 n=2 d=0 sk=0 hf=96128 hm=92312 ht=283156 pf=0 pm=0 pt=0 ru=235420 rp=239236
18:34:19.170 @T t=52897 s=0.000 lv=-41.7 pk=-40.8 c0=3.5 c1=9.8 kw=9.56 inf=2.36 iv=1.15 n=4 d=0 sk=0 hf=96128 hm=92312 ht=283156 pf=0 pm=0 pt=0 ru=235420 rp=239236
18:34:19.170 @T t=53003 s=0.000 lv=-42.4 pk=-40.9 c0=3.4 c1=10.3 kw=10.29 inf=2.52 iv=1.09 n=4 d=0 sk=0 hf=96128 hm=92312 ht=283156 pf=0 pm=0 pt=0 ru=235420 rp=239236
18:34:19.170 @T t=53089 s=0.000 lv=-41.9 pk=-40.0 c0=4.4 c1=8.3 kw=7.86 inf=3.10 iv=1.19 n=2 d=0 sk=0 hf=96128 hm=92312 ht=283156 pf=0 pm=0 pt=0 ru=235420 rp=239236
18:34:19.170 @T t=53195 s=0.000 lv=-40.8 pk=-39.5 c0=3.4 c1=9.4 kw=9.19 inf=2.26 iv=1.08 n=4 d=0 sk=0 hf=96128 hm=92312 ht=283156 pf=0 pm=0 pt=0 ru=235420 rp=239236
18:34:19.170 @I ww=marvin cut=0.50 win=5 cool=1000 tick=100 wifi=1 srv=1 li=0 ln=0
18:34:19.170 @T t=53287 s=0.000 lv=-41.6 pk=-39.1 c0=4.7 c1=9.8 kw=9.56 inf=2.70 iv=1.11 n=3 d=0 sk=0 hf=96128 hm=92312 ht=283156 pf=0 pm=0 pt=0 ru=235420 rp=239236
18:34:19.170 @T t=53393 s=0.000 lv=-41.2 pk=-39.7 c0=3.5 c1=8.4 kw=8.27 inf=2.69 iv=1.12 n=3 d=0 sk=0 hf=96128 hm=92312 ht=283156 pf=0 pm=0 pt=0 ru=235420 rp=239236
18:34:19.170 @T t=53499 s=0.000 lv=-40.4 pk=-38.9 c0=3.8 c1=5.1 kw=5.01 inf=1.54 iv=0.00 n=0 d=0 sk=3 hf=96128 hm=92312 ht=283156 pf=0 pm=0 pt=0 ru=235420 rp=239236
18:34:19.170 @T t=53605 s=0.000 lv=-40.6 pk=-39.5 c0=3.2 c1=6.1 kw=5.93 inf=1.37 iv=0.00 n=0 d=0 sk=4 hf=96128 hm=92312 ht=283156 pf=0 pm=0 pt=0 ru=235420 rp=239236
18:34:19.170 @T t=53691 s=0.000 lv=-40.9 pk=-40.4 c0=3.7 c1=5.0 kw=4.87 inf=1.82 iv=0.00 n=0 d=0 sk=2 hf=96128 hm=92312 ht=283156 pf=0 pm=0 pt=0 ru=235420 rp=239236
18:34:19.170 @T t=53797 s=0.000 lv=-41.8 pk=-40.7 c0=3.4 c1=5.1 kw=4.93 inf=1.52 iv=0.00 n=0 d=0 sk=3 hf=96128 hm=92312 ht=283156 pf=0 pm=0 pt=0 ru=235420 rp=239236
18:34:19.171 @T t=53903 s=0.000 lv=-41.3 pk=-40.2 c0=3.4 c1=6.1 kw=5.94 inf=1.37 iv=0.00 n=0 d=0 sk=4 hf=96128 hm=92312 ht=283156 pf=0 pm=0 pt=0 ru=235420 rp=239236
18:34:19.171 @T t=53989 s=0.000 lv=-41.9 pk=-41.0 c0=3.8 c1=5.0 kw=4.90 inf=1.83 iv=0.00 n=0 d=0 sk=2 hf=96128 hm=92312 ht=283156 pf=0 pm=0 pt=0 ru=235420 rp=239236
18:34:19.171 @T t=54095 s=0.000 lv=-40.6 pk=-39.9 c0=3.2 c1=5.1 kw=4.92 inf=1.52 iv=0.00 n=0 d=0 sk=3 hf=96128 hm=92312 ht=283156 pf=0 pm=0 pt=0 ru=235420 rp=239236
18:34:19.171 @T t=54201 s=0.000 lv=-39.7 pk=-38.0 c0=3.1 c1=5.0 kw=5.08 inf=1.53 iv=0.00 n=0 d=0 sk=3 hf=96128 hm=92312 ht=283156 pf=0 pm=0 pt=0 ru=235420 rp=239236
18:34:19.171 @I ww=marvin cut=0.50 win=5 cool=1000 tick=100 wifi=1 srv=1 li=0 ln=0
18:34:21.686 @T t=54293 s=0.000 lv=-40.2 pk=-39.4 c0=4.4 c1=6.1 kw=5.73 inf=1.58 iv=0.00 n=0 d=0 sk=3 hf=96128 hm=92312 ht=283156 pf=0 pm=0 pt=0 ru=235420 rp=239236
18:34:21.687 @T t=54399 s=0.000 lv=-41.1 pk=-39.5 c0=6.4 c1=5.1 kw=4.94 inf=1.52 iv=0.00 n=0 d=0 sk=3 hf=96128 hm=92312 ht=283156 pf=0 pm=0 pt=0 ru=235420 rp=239236
18:34:21.687 @T t=54505 s=0.000 lv=-41.1 pk=-40.2 c0=9.5 c1=6.6 kw=6.10 inf=1.41 iv=0.00 n=0 d=0 sk=4 hf=96128 hm=92312 ht=283156 pf=0 pm=0 pt=0 ru=235420 rp=239236
18:34:21.687 @T t=54591 s=0.000 lv=-40.1 pk=-38.7 c0=8.0 c1=5.0 kw=4.91 inf=1.84 iv=0.00 n=0 d=0 sk=2 hf=95932 hm=92312 ht=283156 pf=0 pm=0 pt=0 ru=235616 rp=239236
18:34:21.688 @T t=54697 s=0.000 lv=-41.1 pk=-38.9 c0=3.3 c1=5.1 kw=4.96 inf=1.53 iv=0.00 n=0 d=0 sk=3 hf=96128 hm=92312 ht=283156 pf=0 pm=0 pt=0 ru=235420 rp=239236
18:34:21.688 @T t=54803 s=0.000 lv=-39.0 pk=-38.0 c0=6.3 c1=6.1 kw=5.91 inf=1.36 iv=0.00 n=0 d=0 sk=4 hf=96128 hm=92312 ht=283156 pf=0 pm=0 pt=0 ru=235420 rp=239236
18:34:21.688 @T t=54889 s=0.000 lv=-40.0 pk=-39.2 c0=4.4 c1=5.2 kw=4.97 inf=1.86 iv=0.00 n=0 d=0 sk=2 hf=96128 hm=92312 ht=283156 pf=0 pm=0 pt=0 ru=235420 rp=239236
18:34:21.688 @T t=54995 s=0.000 lv=-40.0 pk=-39.4 c0=3.3 c1=5.1 kw=4.95 inf=1.52 iv=0.00 n=0 d=0 sk=3 hf=96128 hm=92312 ht=283156 pf=0 pm=0 pt=0 ru=235420 rp=239236
18:34:21.689 @T t=55101 s=0.000 lv=-40.2 pk=-39.1 c0=3.2 c1=5.0 kw=5.09 inf=1.53 iv=0.00 n=0 d=0 sk=3 hf=96128 hm=92312 ht=283156 pf=0 pm=0 pt=0 ru=235420 rp=239236
18:34:21.689 @T t=55187 s=0.000 lv=-40.4 pk=-39.6 c0=3.8 c1=6.6 kw=6.15 inf=1.58 iv=0.00 n=0 d=0 sk=3 hf=96128 hm=92312 ht=283156 pf=0 pm=0 pt=0 ru=235420 rp=239236
18:34:21.689 @I ww=marvin cut=0.50 win=5 cool=1000 tick=100 wifi=1 srv=1 li=0 ln=0
18:34:21.689 @T t=55299 s=0.000 lv=-40.7 pk=-40.0 c0=10.9 c1=4.8 kw=4.64 inf=1.51 iv=0.00 n=0 d=0 sk=3 hf=96128 hm=92312 ht=283156 pf=0 pm=0 pt=0 ru=235420 rp=239236
18:34:21.689 @T t=55405 s=0.000 lv=-39.8 pk=-37.9 c0=3.2 c1=6.1 kw=5.90 inf=1.36 iv=0.00 n=0 d=0 sk=4 hf=96128 hm=92312 ht=283156 pf=0 pm=0 pt=0 ru=235420 rp=239236
18:34:21.689 @T t=55491 s=0.000 lv=-36.5 pk=-35.0 c0=4.5 c1=17.6 kw=17.43 inf=1.31 iv=0.96 n=11 d=0 sk=0 hf=96128 hm=92312 ht=283156 pf=0 pm=0 pt=0 ru=235420 rp=239236
18:34:21.690 @T t=55597 s=0.000 lv=-38.3 pk=-36.8 c0=6.2 c1=9.5 kw=9.33 inf=2.30 iv=1.10 n=4 d=0 sk=0 hf=96128 hm=92312 ht=283156 pf=0 pm=0 pt=0 ru=235420 rp=239236
18:34:21.690 @T t=55703 s=0.000 lv=-40.1 pk=-38.1 c0=3.4 c1=10.3 kw=10.24 inf=2.51 iv=1.09 n=4 d=0 sk=0 hf=96128 hm=92312 ht=283156 pf=0 pm=0 pt=0 ru=235420 rp=239236
18:34:21.690 @T t=55789 s=0.000 lv=-41.2 pk=-39.9 c0=4.2 c1=8.2 kw=7.89 inf=3.11 iv=1.20 n=2 d=0 sk=0 hf=96128 hm=92312 ht=283156 pf=0 pm=0 pt=0 ru=235420 rp=239236
18:34:21.690 @T t=55895 s=0.000 lv=-40.6 pk=-39.6 c0=3.6 c1=9.6 kw=9.41 inf=2.32 iv=1.12 n=4 d=0 sk=0 hf=96128 hm=92312 ht=283156 pf=0 pm=0 pt=0 ru=235420 rp=239236
18:34:21.690 @T t=56001 s=0.000 lv=-40.6 pk=-39.4 c0=3.8 c1=8.8 kw=8.82 inf=2.84 iv=1.22 n=3 d=0 sk=0 hf=96128 hm=92312 ht=283156 pf=0 pm=0 pt=0 ru=235420 rp=239236
18:34:21.690 @T t=56090 s=0.000 lv=-41.2 pk=-40.0 c0=11.1 c1=11.2 kw=10.72 inf=2.99 iv=1.29 n=3 d=0 sk=0 hf=96128 hm=92312 ht=283156 pf=0 pm=0 pt=0 ru=235420 rp=239236
18:34:21.690 @T t=56196 s=0.000 lv=-41.2 pk=-39.5 c0=3.4 c1=9.8 kw=9.60 inf=2.37 iv=1.16 n=4 d=0 sk=0 hf=96128 hm=92312 ht=283156 pf=0 pm=0 pt=0 ru=235420 rp=239236
18:34:21.690 @I ww=marvin cut=0.50 win=5 cool=1000 tick=100 wifi=1 srv=1 li=0 ln=0
18:34:21.690 @T t=56288 s=0.000 lv=-40.0 pk=-39.3 c0=13.7 c1=10.2 kw=9.94 inf=2.82 iv=1.20 n=3 d=0 sk=0 hf=96128 hm=92312 ht=283156 pf=0 pm=0 pt=0 ru=235420 rp=239236
18:34:21.690 @T t=56394 s=0.000 lv=-40.9 pk=-39.3 c0=3.5 c1=8.6 kw=8.43 inf=2.75 iv=1.15 n=3 d=0 sk=0 hf=96128 hm=92312 ht=283156 pf=0 pm=0 pt=0 ru=235420 rp=239236
18:34:21.690 @T t=56500 s=0.000 lv=-40.5 pk=-37.9 c0=6.7 c1=10.6 kw=10.06 inf=2.48 iv=1.25 n=4 d=0 sk=0 hf=96128 hm=92312 ht=283156 pf=0 pm=0 pt=0 ru=235420 rp=239236
18:34:21.690 @T t=56589 s=0.000 lv=-39.6 pk=-38.0 c0=11.6 c1=11.1 kw=10.88 inf=2.98 iv=1.31 n=3 d=0 sk=0 hf=96128 hm=92312 ht=283156 pf=0 pm=0 pt=0 ru=235420 rp=239236
18:34:21.690 @T t=56695 s=0.000 lv=-39.5 pk=-38.3 c0=6.1 c1=8.7 kw=8.52 inf=2.77 iv=1.17 n=3 d=0 sk=0 hf=96128 hm=92312 ht=283156 pf=0 pm=0 pt=0 ru=235420 rp=239236
18:34:24.273 @T t=56801 s=0.000 lv=-40.7 pk=-39.9 c0=3.4 c1=9.7 kw=9.77 inf=2.38 iv=1.17 n=4 d=0 sk=0 hf=96128 hm=92312 ht=283156 pf=0 pm=0 pt=0 ru=235420 rp=239236
18:34:24.273 @T t=56887 s=0.000 lv=-41.3 pk=-39.5 c0=4.5 c1=11.4 kw=10.95 inf=2.95 iv=1.23 n=3 d=0 sk=0 hf=96128 hm=92312 ht=283156 pf=0 pm=0 pt=0 ru=235420 rp=239236
18:34:24.273 @T t=56993 s=0.000 lv=-40.6 pk=-38.9 c0=3.4 c1=8.6 kw=8.48 inf=2.76 iv=1.17 n=3 d=0 sk=0 hf=96128 hm=92312 ht=283156 pf=0 pm=0 pt=0 ru=235420 rp=239236
18:34:24.274 @T t=57099 s=0.000 lv=-40.0 pk=-38.5 c0=3.9 c1=7.8 kw=7.60 inf=1.84 iv=1.29 n=2 d=0 sk=2 hf=96128 hm=92312 ht=283156 pf=0 pm=0 pt=0 ru=235420 rp=239236
18:34:24.274 @T t=57205 s=0.000 lv=-41.5 pk=-39.8 c0=3.4 c1=6.1 kw=6.01 inf=1.39 iv=0.00 n=0 d=0 sk=4 hf=96128 hm=92312 ht=283156 pf=0 pm=0 pt=0 ru=235420 rp=239236
18:34:24.274 @I ww=marvin cut=0.50 win=5 cool=1000 tick=100 wifi=1 srv=1 li=0 ln=0
18:34:24.274 @T t=57297 s=0.000 lv=-40.4 pk=-39.0 c0=4.3 c1=4.7 kw=4.54 inf=1.82 iv=0.00 n=0 d=0 sk=2 hf=96128 hm=92312 ht=283156 pf=0 pm=0 pt=0 ru=235420 rp=239236
18:34:24.275 @T t=57403 s=0.000 lv=-41.1 pk=-39.9 c0=6.4 c1=6.1 kw=5.90 inf=1.36 iv=0.00 n=0 d=0 sk=4 hf=96128 hm=92312 ht=283156 pf=0 pm=0 pt=0 ru=235420 rp=239236
18:34:24.275 @T t=57489 s=0.000 lv=-40.6 pk=-39.8 c0=4.3 c1=5.0 kw=4.89 inf=1.83 iv=0.00 n=0 d=0 sk=2 hf=96128 hm=92312 ht=283156 pf=0 pm=0 pt=0 ru=235420 rp=239236
18:34:24.276 @T t=57595 s=0.000 lv=-40.4 pk=-38.7 c0=3.2 c1=5.1 kw=4.96 inf=1.53 iv=0.00 n=0 d=0 sk=3 hf=96128 hm=92312 ht=283156 pf=0 pm=0 pt=0 ru=235420 rp=239236
18:34:24.276 @T t=57701 s=0.000 lv=-38.7 pk=-36.2 c0=3.1 c1=5.0 kw=5.06 inf=1.52 iv=0.00 n=0 d=0 sk=3 hf=96128 hm=92312 ht=283156 pf=0 pm=0 pt=0 ru=235420 rp=239236
18:34:24.276 @T t=57787 s=0.000 lv=-38.4 pk=-36.7 c0=7.6 c1=6.5 kw=6.13 inf=1.58 iv=0.00 n=0 d=0 sk=3 hf=96128 hm=92312 ht=283156 pf=0 pm=0 pt=0 ru=235420 rp=239236
18:34:24.276 @T t=57893 s=0.000 lv=-40.0 pk=-38.9 c0=3.1 c1=5.0 kw=4.90 inf=1.51 iv=0.00 n=0 d=0 sk=3 hf=96128 hm=92312 ht=283156 pf=0 pm=0 pt=0 ru=235420 rp=239236
18:34:24.276 @T t=57999 s=0.000 lv=-40.0 pk=-38.0 c0=3.0 c1=5.1 kw=4.94 inf=1.52 iv=0.00 n=0 d=0 sk=3 hf=96128 hm=92312 ht=283156 pf=0 pm=0 pt=0 ru=235420 rp=239236
18:34:24.277 @T t=58105 s=0.000 lv=-41.0 pk=-39.1 c0=6.4 c1=6.1 kw=5.89 inf=1.36 iv=0.00 n=0 d=0 sk=4 hf=96128 hm=92312 ht=283156 pf=0 pm=0 pt=0 ru=235420 rp=239236
18:34:24.277 @T t=58191 s=0.000 lv=-39.9 pk=-38.6 c0=3.7 c1=5.0 kw=4.89 inf=1.83 iv=0.00 n=0 d=0 sk=2 hf=96128 hm=92312 ht=283156 pf=0 pm=0 pt=0 ru=235420 rp=239236
18:34:24.277 @I ww=marvin cut=0.50 win=5 cool=1000 tick=100 wifi=1 srv=1 li=0 ln=0
18:34:24.277 @T t=58303 s=0.000 lv=-40.4 pk=-38.9 c0=3.9 c1=5.8 kw=5.60 inf=1.37 iv=0.00 n=0 d=0 sk=4 hf=96128 hm=92312 ht=283156 pf=0 pm=0 pt=0 ru=235420 rp=239236
18:34:24.277 @T t=58389 s=0.000 lv=-40.4 pk=-39.3 c0=4.1 c1=5.1 kw=4.96 inf=1.86 iv=0.00 n=0 d=0 sk=2 hf=96128 hm=92312 ht=283156 pf=0 pm=0 pt=0 ru=235420 rp=239236
18:34:24.278 @T t=58495 s=0.000 lv=-39.8 pk=-39.1 c0=9.6 c1=5.6 kw=5.10 inf=1.57 iv=0.00 n=0 d=0 sk=3 hf=96128 hm=92312 ht=283156 pf=0 pm=0 pt=0 ru=235420 rp=239236
18:34:24.278 @T t=58601 s=0.000 lv=-38.5 pk=-34.4 c0=4.1 c1=15.8 kw=15.86 inf=1.23 iv=1.02 n=11 d=0 sk=2 hf=96128 hm=92312 ht=283156 pf=0 pm=0 pt=0 ru=235420 rp=239236
18:34:24.278 @T t=58687 s=0.000 lv=-40.6 pk=-39.8 c0=4.3 c1=11.3 kw=10.77 inf=2.90 iv=1.20 n=3 d=0 sk=0 hf=96128 hm=92312 ht=283156 pf=0 pm=0 pt=0 ru=235420 rp=239236
18:34:24.278 @T t=58793 s=0.000 lv=-40.3 pk=-38.9 c0=3.4 c1=8.7 kw=8.56 inf=2.79 iv=1.19 n=3 d=0 sk=0 hf=96128 hm=92312 ht=283156 pf=0 pm=0 pt=0 ru=235420 rp=239236
18:34:24.278 @T t=58899 s=0.000 lv=-39.9 pk=-39.4 c0=3.6 c1=9.6 kw=9.47 inf=2.33 iv=1.13 n=4 d=0 sk=0 hf=96128 hm=92312 ht=283156 pf=0 pm=0 pt=0 ru=235420 rp=239236
18:34:24.278 @T t=59005 s=0.000 lv=-39.9 pk=-37.8 c0=6.5 c1=10.7 kw=10.51 inf=2.58 iv=1.14 n=4 d=0 sk=0 hf=96128 hm=92312 ht=283156 pf=0 pm=0 pt=0 ru=235420 rp=239236
18:34:24.279 @T t=59091 s=0.000 lv=-38.6 pk=-37.4 c0=4.4 c1=8.1 kw=7.89 inf=3.11 iv=1.18 n=2 d=0 sk=0 hf=96128 hm=92312 ht=283156 pf=0 pm=0 pt=0 ru=235420 rp=239236
18:34:24.279 @T t=59197 s=0.000 lv=-40.0 pk=-38.3 c0=3.4 c1=9.8 kw=9.62 inf=2.37 iv=1.17 n=4 d=0 sk=0 hf=96128 hm=92312 ht=283156 pf=0 pm=0 pt=0 ru=235420 rp=239236
18:34:24.280 @I ww=marvin cut=0.50 win=5 cool=1000 tick=100 wifi=1 srv=1 li=0 ln=0
18:34:24.281 @T t=59289 s=0.000 lv=-36.5 pk=-34.4 c0=13.7 c1=10.2 kw=9.95 inf=2.82 iv=1.20 n=3 d=0 sk=0 hf=96128 hm=92312 ht=283156 pf=0 pm=0 pt=0 ru=235420 rp=239236
18:34:26.570 @T t=59395 s=0.000 lv=-39.7 pk=-38.2 c0=3.9 c1=9.1 kw=8.95 inf=2.92 iv=1.29 n=3 d=0 sk=0 hf=96128 hm=92312 ht=283156 pf=0 pm=0 pt=0 ru=235420 rp=239236
18:34:26.571 @T t=59501 s=0.000 lv=-40.6 pk=-39.1 c0=7.2 c1=9.9 kw=9.94 inf=2.42 iv=1.20 n=4 d=0 sk=0 hf=96128 hm=92312 ht=283156 pf=0 pm=0 pt=0 ru=235420 rp=239236
18:34:26.571 @T t=59587 s=0.000 lv=-39.7 pk=-38.4 c0=4.3 c1=11.2 kw=10.72 inf=2.89 iv=1.19 n=3 d=0 sk=0 hf=96128 hm=92312 ht=283156 pf=0 pm=0 pt=0 ru=235420 rp=239236
18:34:26.571 @T t=59693 s=0.000 lv=-39.3 pk=-38.0 c0=3.4 c1=8.5 kw=8.34 inf=2.72 iv=1.13 n=3 d=0 sk=0 hf=96128 hm=92312 ht=283156 pf=0 pm=0 pt=0 ru=235420 rp=239236
18:34:26.571 @T t=59799 s=0.000 lv=-38.6 pk=-37.4 c0=3.4 c1=9.7 kw=9.47 inf=2.33 iv=1.14 n=4 d=0 sk=0 hf=96128 hm=92312 ht=283156 pf=0 pm=0 pt=0 ru=235420 rp=239236
18:34:26.571 @T t=59905 s=0.000 lv=-38.6 pk=-37.3 c0=6.7 c1=10.8 kw=10.61 inf=2.60 iv=1.15 n=4 d=0 sk=0 hf=96128 hm=92312 ht=283156 pf=0 pm=0 pt=0 ru=235420 rp=239236
18:34:26.571 @T t=59991 s=0.000 lv=-38.4 pk=-37.0 c0=4.2 c1=8.3 kw=8.13 inf=3.21 iv=1.28 n=2 d=0 sk=0 hf=96128 hm=92312 ht=283156 pf=0 pm=0 pt=0 ru=235420 rp=239236
18:34:26.571 @T t=60097 s=0.000 lv=-39.2 pk=-37.4 c0=6.8 c1=9.9 kw=9.75 inf=2.40 iv=1.19 n=4 d=0 sk=0 hf=96128 hm=92312 ht=283156 pf=0 pm=0 pt=0 ru=235420 rp=239236
18:34:26.571 @T t=60203 s=0.000 lv=-38.1 pk=-37.1 c0=3.4 c1=10.6 kw=10.58 inf=2.59 iv=1.16 n=4 d=0 sk=0 hf=96128 hm=92312 ht=283156 pf=0 pm=0 pt=0 ru=235420 rp=239236
18:34:26.571 @I ww=marvin cut=0.50 win=5 cool=1000 tick=100 wifi=1 srv=1 li=0 ln=0
18:34:26.571 @T t=60295 s=0.000 lv=-37.6 pk=-36.6 c0=4.8 c1=8.0 kw=7.57 inf=3.20 iv=1.27 n=2 d=0 sk=0 hf=96128 hm=92312 ht=283156 pf=0 pm=0 pt=0 ru=235420 rp=239236
18:34:26.571 @T t=60401 s=0.000 lv=-38.3 pk=-36.8 c0=6.8 c1=9.9 kw=9.89 inf=2.41 iv=1.20 n=4 d=0 sk=0 hf=96128 hm=92312 ht=283156 pf=0 pm=0 pt=0 ru=235420 rp=239236
18:34:26.571 @T t=60487 s=0.000 lv=-39.9 pk=-38.4 c0=8.6 c1=12.1 kw=11.17 inf=3.01 iv=1.28 n=3 d=0 sk=0 hf=96128 hm=92312 ht=283156 pf=0 pm=0 pt=0 ru=235420 rp=239236
18:34:26.571 @T t=60593 s=0.000 lv=-40.3 pk=-39.2 c0=4.1 c1=8.6 kw=8.41 inf=2.73 iv=1.13 n=3 d=0 sk=0 hf=96128 hm=92312 ht=283156 pf=0 pm=0 pt=0 ru=235420 rp=239236
18:34:26.571 @T t=60699 s=0.000 lv=-33.0 pk=-26.7 c0=3.4 c1=9.6 kw=9.40 inf=2.32 iv=1.12 n=4 d=0 sk=0 hf=96128 hm=92312 ht=283156 pf=0 pm=0 pt=0 ru=235420 rp=239236
18:34:26.571 @T t=60805 s=0.000 lv=-25.9 pk=-21.8 c0=3.4 c1=10.4 kw=10.22 inf=2.50 iv=1.09 n=4 d=0 sk=0 hf=96128 hm=92312 ht=283156 pf=0 pm=0 pt=0 ru=235420 rp=239236
18:34:26.571 @T t=60891 s=0.000 lv=-38.8 pk=-37.7 c0=4.4 c1=8.0 kw=7.86 inf=3.10 iv=1.18 n=2 d=0 sk=0 hf=96128 hm=92312 ht=283156 pf=0 pm=0 pt=0 ru=235420 rp=239236
18:34:26.571 @T t=60997 s=0.000 lv=-39.6 pk=-37.4 c0=3.4 c1=9.8 kw=9.58 inf=2.36 iv=1.16 n=4 d=0 sk=0 hf=96128 hm=92312 ht=283156 pf=0 pm=0 pt=0 ru=235420 rp=239236
18:34:26.571 @T t=61103 s=0.000 lv=-41.2 pk=-40.1 c0=4.1 c1=10.7 kw=10.69 inf=2.62 iv=1.18 n=4 d=0 sk=0 hf=96128 hm=92312 ht=283156 pf=0 pm=0 pt=0 ru=235420 rp=239236
18:34:26.571 [status] up 61s | mic -38.9 dBFS (peak -21.8) | score max 0.00 | detections 0 | inferences 234 (23.4/s; model 1.14 ms each, paused in quiet 33%; features 1.36 ms per 30 ms) | CPU core0  4.8% core1  8.3% (wake word pipeline 8.13% of one core) | RAM used 229 KB (peak 233 KB, 93 KB free) | wifi OK, server OK | audio lost since boot: i2s 0 net 0
18:34:26.571 @T t=61192 s=0.000 lv=-38.7 pk=-36.3 c0=9.3 c1=8.4 kw=7.96 inf=3.25 iv=1.29 n=2 d=0 sk=0 hf=96128 hm=92312 ht=283156 pf=0 pm=0 pt=0 ru=235420 rp=239236
18:34:26.571 @I ww=marvin cut=0.50 win=5 cool=1000 tick=100 wifi=1 srv=1 li=0 ln=0
18:34:26.571 @T t=61304 s=0.000 lv=-38.7 pk=-37.8 c0=4.0 c1=10.3 kw=10.08 inf=2.61 iv=1.17 n=4 d=0 sk=0 hf=96128 hm=92312 ht=283156 pf=0 pm=0 pt=0 ru=235420 rp=239236
18:34:26.571 @T t=61390 s=0.000 lv=-39.0 pk=-38.4 c0=4.4 c1=9.6 kw=9.45 inf=2.52 iv=1.22 n=3 d=0 sk=0 hf=96128 hm=92312 ht=283156 pf=0 pm=0 pt=0 ru=235420 rp=239236
18:34:26.571 @T t=61496 s=0.000 lv=-40.3 pk=-39.4 c0=3.9 c1=8.7 kw=8.50 inf=2.77 iv=1.17 n=3 d=0 sk=0 hf=96128 hm=92312 ht=283156 pf=0 pm=0 pt=0 ru=235420 rp=239236
18:34:26.571 @T t=61602 s=0.000 lv=-39.5 pk=-37.3 c0=3.9 c1=10.6 kw=10.63 inf=2.60 iv=1.15 n=4 d=0 sk=0 hf=96128 hm=92312 ht=283156 pf=0 pm=0 pt=0 ru=235420 rp=239236
18:34:29.183 @T t=61688 s=0.000 lv=-40.8 pk=-39.6 c0=7.4 c1=9.5 kw=9.02 inf=2.40 iv=1.13 n=3 d=0 sk=0 hf=96128 hm=92312 ht=283156 pf=0 pm=0 pt=0 ru=235420 rp=239236
18:34:29.184 @T t=61794 s=0.000 lv=-41.4 pk=-40.4 c0=3.4 c1=8.5 kw=8.38 inf=2.73 iv=1.15 n=3 d=0 sk=0 hf=96128 hm=92312 ht=283156 pf=0 pm=0 pt=0 ru=235420 rp=239236
18:34:29.185 @T t=61898 s=0.000 lv=-39.9 pk=-38.1 c0=3.5 c1=9.9 kw=9.71 inf=2.35 iv=1.14 n=4 d=0 sk=0 hf=96128 hm=92312 ht=283156 pf=0 pm=0 pt=0 ru=235420 rp=239236
18:34:29.185 @T t=62004 s=0.000 lv=-37.8 pk=-34.0 c0=3.5 c1=10.5 kw=10.27 inf=2.51 iv=1.09 n=4 d=0 sk=0 hf=96128 hm=92312 ht=283156 pf=0 pm=0 pt=0 ru=235420 rp=239236
18:34:29.186 @T t=62090 s=0.000 lv=-41.2 pk=-40.1 c0=4.2 c1=8.0 kw=7.84 inf=3.09 iv=1.19 n=2 d=0 sk=0 hf=96128 hm=92312 ht=283156 pf=0 pm=0 pt=0 ru=235420 rp=239236
18:34:29.186 @T t=62196 s=0.000 lv=-40.6 pk=-39.4 c0=3.4 c1=9.4 kw=9.18 inf=2.26 iv=1.08 n=4 d=0 sk=0 hf=96128 hm=92312 ht=283156 pf=0 pm=0 pt=0 ru=235420 rp=239236
18:34:29.186 @I ww=marvin cut=0.50 win=5 cool=1000 tick=100 wifi=1 srv=1 li=0 ln=0
18:34:29.186 @T t=62288 s=0.000 lv=-40.7 pk=-39.9 c0=4.8 c1=9.7 kw=9.54 inf=2.69 iv=1.12 n=3 d=0 sk=0 hf=96128 hm=92312 ht=283156 pf=0 pm=0 pt=0 ru=235420 rp=239236
18:34:29.187 @T t=62394 s=0.000 lv=-40.0 pk=-39.1 c0=3.5 c1=8.5 kw=8.32 inf=2.71 iv=1.13 n=3 d=0 sk=0 hf=96128 hm=92312 ht=283156 pf=0 pm=0 pt=0 ru=235420 rp=239236
18:34:29.187 @T t=62500 s=0.000 lv=-39.9 pk=-39.7 c0=6.8 c1=11.0 kw=10.43 inf=2.58 iv=1.31 n=4 d=0 sk=0 hf=96128 hm=92312 ht=283156 pf=0 pm=0 pt=0 ru=235420 rp=239236
18:34:29.188 @T t=62589 s=0.000 lv=-40.6 pk=-38.2 c0=4.8 c1=10.8 kw=10.46 inf=2.85 iv=1.21 n=3 d=0 sk=0 hf=96128 hm=92312 ht=283156 pf=0 pm=0 pt=0 ru=235420 rp=239236
18:34:29.188 @T t=62696 s=0.000 lv=-40.9 pk=-40.3 c0=3.5 c1=8.3 kw=8.28 inf=2.72 iv=1.13 n=3 d=0 sk=0 hf=96128 hm=92312 ht=283156 pf=0 pm=0 pt=0 ru=235420 rp=239236
18:34:29.189 @T t=62803 s=0.000 lv=-39.8 pk=-38.7 c0=3.8 c1=10.8 kw=10.62 inf=2.63 iv=1.18 n=4 d=0 sk=0 hf=96128 hm=92312 ht=283156 pf=0 pm=0 pt=0 ru=235420 rp=239236
18:34:29.190 @T t=62889 s=0.000 lv=-40.1 pk=-38.3 c0=7.7 c1=9.4 kw=9.19 inf=2.44 iv=1.15 n=3 d=0 sk=0 hf=96128 hm=92312 ht=283156 pf=0 pm=0 pt=0 ru=235420 rp=239236
18:34:29.190 @T t=62995 s=0.000 lv=-40.0 pk=-39.0 c0=3.4 c1=8.5 kw=8.33 inf=2.71 iv=1.12 n=3 d=0 sk=0 hf=96128 hm=92312 ht=283156 pf=0 pm=0 pt=0 ru=235420 rp=239236
18:34:29.190 @T t=63101 s=0.000 lv=-40.9 pk=-39.8 c0=3.6 c1=9.6 kw=9.63 inf=2.34 iv=1.14 n=4 d=0 sk=0 hf=96128 hm=92312 ht=283156 pf=0 pm=0 pt=0 ru=235420 rp=239236
18:34:29.190 @T t=63187 s=0.000 lv=-40.0 pk=-38.8 c0=4.1 c1=10.8 kw=10.32 inf=2.77 iv=1.11 n=3 d=0 sk=0 hf=96128 hm=92312 ht=283156 pf=0 pm=0 pt=0 ru=235420 rp=239236
18:34:29.191 @I ww=marvin cut=0.50 win=5 cool=1000 tick=100 wifi=1 srv=1 li=0 ln=0
18:34:29.191 @T t=63299 s=0.000 lv=-40.0 pk=-38.1 c0=3.9 c1=8.0 kw=7.85 inf=2.70 iv=1.12 n=3 d=0 sk=0 hf=96128 hm=92312 ht=283156 pf=0 pm=0 pt=0 ru=235420 rp=239236
18:34:29.191 @T t=63405 s=0.000 lv=-40.7 pk=-39.7 c0=3.6 c1=10.7 kw=10.51 inf=2.58 iv=1.14 n=4 d=0 sk=0 hf=96128 hm=92312 ht=283156 pf=0 pm=0 pt=0 ru=235420 rp=239236
18:34:29.191 @T t=63491 s=0.000 lv=-40.6 pk=-39.1 c0=4.8 c1=9.9 kw=9.69 inf=2.58 iv=1.27 n=3 d=0 sk=0 hf=96128 hm=92312 ht=283156 pf=0 pm=0 pt=0 ru=235420 rp=239236
18:34:29.192 @T t=63597 s=0.000 lv=-40.2 pk=-38.9 c0=3.5 c1=6.6 kw=6.43 inf=2.04 iv=1.44 n=1 d=0 sk=2 hf=96128 hm=92312 ht=283156 pf=0 pm=0 pt=0 ru=235420 rp=239236
18:34:29.192 @T t=63703 s=0.000 lv=-38.4 pk=-36.8 c0=3.3 c1=6.1 kw=5.94 inf=1.37 iv=0.00 n=0 d=0 sk=4 hf=96128 hm=92312 ht=283156 pf=0 pm=0 pt=0 ru=235420 rp=239236
18:34:29.193 @T t=63789 s=0.000 lv=-38.0 pk=-36.3 c0=3.7 c1=5.0 kw=4.86 inf=1.82 iv=0.00 n=0 d=0 sk=2 hf=96128 hm=92312 ht=283156 pf=0 pm=0 pt=0 ru=235420 rp=239236
18:34:29.193 @T t=63895 s=0.000 lv=-40.3 pk=-39.0 c0=3.5 c1=5.1 kw=4.98 inf=1.53 iv=0.00 n=0 d=0 sk=3 hf=96128 hm=92312 ht=283156 pf=0 pm=0 pt=0 ru=235420 rp=239236
18:34:29.194 @T t=64001 s=0.000 lv=-40.3 pk=-39.6 c0=3.2 c1=5.0 kw=5.09 inf=1.53 iv=0.00 n=0 d=0 sk=3 hf=96128 hm=92312 ht=283156 pf=0 pm=0 pt=0 ru=235420 rp=239236
18:34:29.194 @T t=64087 s=0.000 lv=-41.1 pk=-40.3 c0=3.9 c1=6.6 kw=6.14 inf=1.58 iv=0.00 n=0 d=0 sk=3 hf=96128 hm=92312 ht=283156 pf=0 pm=0 pt=0 ru=235420 rp=239236
18:34:29.195 @T t=64193 s=0.000 lv=-40.5 pk=-39.0 c0=3.1 c1=5.1 kw=4.95 inf=1.52 iv=0.00 n=0 d=0 sk=3 hf=96128 hm=92312 ht=283156 pf=0 pm=0 pt=0 ru=235420 rp=239236
18:34:29.196 @I ww=marvin cut=0.50 win=5 cool=1000 tick=100 wifi=1 srv=1 li=0 ln=0
18:34:31.671 @T t=64305 s=0.000 lv=-40.4 pk=-38.4 c0=3.6 c1=5.7 kw=5.56 inf=1.36 iv=0.00 n=0 d=0 sk=4 hf=96128 hm=92312 ht=283156 pf=0 pm=0 pt=0 ru=235420 rp=239236
18:34:31.672 @T t=64391 s=0.000 lv=-40.0 pk=-38.8 c0=3.8 c1=5.0 kw=4.87 inf=1.82 iv=0.00 n=0 d=0 sk=2 hf=96128 hm=92312 ht=283156 pf=0 pm=0 pt=0 ru=235420 rp=239236
18:34:31.672 @T t=64497 s=0.000 lv=-40.4 pk=-39.6 c0=9.6 c1=5.6 kw=5.07 inf=1.56 iv=0.00 n=0 d=0 sk=3 hf=96128 hm=92312 ht=283156 pf=0 pm=0 pt=0 ru=235420 rp=239236
18:34:31.672 @T t=64603 s=0.000 lv=-40.0 pk=-38.9 c0=4.0 c1=6.1 kw=5.99 inf=1.38 iv=0.00 n=0 d=0 sk=4 hf=96128 hm=92312 ht=283156 pf=0 pm=0 pt=0 ru=235420 rp=239236
18:34:31.672 @T t=64689 s=0.000 lv=-39.9 pk=-38.9 c0=4.0 c1=5.0 kw=4.86 inf=1.82 iv=0.00 n=0 d=0 sk=2 hf=96128 hm=92312 ht=283156 pf=0 pm=0 pt=0 ru=235420 rp=239236
18:34:31.672 @T t=64795 s=0.000 lv=-40.2 pk=-39.0 c0=6.3 c1=5.0 kw=4.92 inf=1.51 iv=0.00 n=0 d=0 sk=3 hf=96128 hm=92312 ht=283156 pf=0 pm=0 pt=0 ru=235420 rp=239236
18:34:31.672 @T t=64901 s=0.000 lv=-40.6 pk=-39.9 c0=3.2 c1=5.0 kw=5.05 inf=1.51 iv=0.00 n=0 d=0 sk=3 hf=96128 hm=92312 ht=283156 pf=0 pm=0 pt=0 ru=235420 rp=239236
18:34:31.673 @T t=64987 s=0.000 lv=-39.3 pk=-38.8 c0=4.3 c1=6.7 kw=6.23 inf=1.60 iv=0.00 n=0 d=0 sk=3 hf=96128 hm=92312 ht=283156 pf=0 pm=0 pt=0 ru=235420 rp=239236
18:34:31.673 @T t=65093 s=0.000 lv=-39.7 pk=-39.0 c0=3.4 c1=5.1 kw=4.96 inf=1.53 iv=0.00 n=0 d=0 sk=3 hf=96128 hm=92312 ht=283156 pf=0 pm=0 pt=0 ru=235420 rp=239236
18:34:31.673 @T t=65199 s=0.000 lv=-40.1 pk=-39.1 c0=3.1 c1=5.1 kw=4.94 inf=1.52 iv=0.00 n=0 d=0 sk=3 hf=96128 hm=92312 ht=283156 pf=0 pm=0 pt=0 ru=235420 rp=239236
18:34:31.673 @I ww=marvin cut=0.50 win=5 cool=1000 tick=100 wifi=1 srv=1 li=0 ln=0
18:34:31.674 @T t=65291 s=0.000 lv=-38.6 pk=-37.7 c0=4.4 c1=5.9 kw=5.72 inf=1.53 iv=0.00 n=0 d=0 sk=3 hf=96128 hm=92312 ht=283156 pf=0 pm=0 pt=0 ru=235420 rp=239236
18:34:31.674 @T t=65397 s=0.000 lv=-40.0 pk=-38.9 c0=3.1 c1=5.1 kw=4.94 inf=1.52 iv=0.00 n=0 d=0 sk=3 hf=96128 hm=92312 ht=283156 pf=0 pm=0 pt=0 ru=235420 rp=239236
18:34:31.674 @T t=65503 s=0.000 lv=-39.8 pk=-37.8 c0=3.6 c1=6.1 kw=5.94 inf=1.37 iv=0.00 n=0 d=0 sk=4 hf=96128 hm=92312 ht=283156 pf=0 pm=0 pt=0 ru=235420 rp=239236
18:34:31.674 @T t=65589 s=0.000 lv=-40.1 pk=-39.1 c0=3.9 c1=5.0 kw=4.87 inf=1.82 iv=0.00 n=0 d=0 sk=2 hf=96128 hm=92312 ht=283156 pf=0 pm=0 pt=0 ru=235420 rp=239236
18:34:31.674 @T t=65695 s=0.000 lv=-39.8 pk=-38.3 c0=3.0 c1=5.0 kw=4.90 inf=1.51 iv=0.00 n=0 d=0 sk=3 hf=96128 hm=92312 ht=283156 pf=0 pm=0 pt=0 ru=235420 rp=239236
18:34:31.674 @T t=65801 s=0.000 lv=-39.0 pk=-37.6 c0=6.3 c1=5.0 kw=5.05 inf=1.51 iv=0.00 n=0 d=0 sk=3 hf=96128 hm=92312 ht=283156 pf=0 pm=0 pt=0 ru=235420 rp=239236
18:34:31.675 @T t=65887 s=0.000 lv=-39.9 pk=-38.9 c0=3.8 c1=6.6 kw=6.14 inf=1.58 iv=0.00 n=0 d=0 sk=3 hf=96128 hm=92312 ht=283156 pf=0 pm=0 pt=0 ru=235420 rp=239236
18:34:31.675 @T t=65993 s=0.000 lv=-40.6 pk=-39.8 c0=3.1 c1=5.0 kw=4.91 inf=1.51 iv=0.00 n=0 d=0 sk=3 hf=96128 hm=92312 ht=283156 pf=0 pm=0 pt=0 ru=235420 rp=239236
18:34:31.675 @T t=66099 s=0.000 lv=-40.5 pk=-38.5 c0=6.8 c1=5.1 kw=4.94 inf=1.52 iv=0.00 n=0 d=0 sk=3 hf=96128 hm=92312 ht=283156 pf=0 pm=0 pt=0 ru=235420 rp=239236
18:34:31.675 @T t=66205 s=0.000 lv=-40.6 pk=-39.1 c0=3.2 c1=6.1 kw=5.98 inf=1.38 iv=0.00 n=0 d=0 sk=4 hf=96128 hm=92312 ht=283156 pf=0 pm=0 pt=0 ru=235420 rp=239236
18:34:31.675 @I ww=marvin cut=0.50 win=5 cool=1000 tick=100 wifi=1 srv=1 li=0 ln=0
18:34:31.676 @T t=66297 s=0.000 lv=-40.6 pk=-39.9 c0=13.3 c1=4.7 kw=4.55 inf=1.82 iv=0.00 n=0 d=0 sk=2 hf=96128 hm=92312 ht=283156 pf=0 pm=0 pt=0 ru=235420 rp=239236
18:34:31.676 @T t=66403 s=0.000 lv=-40.9 pk=-38.7 c0=3.2 c1=6.1 kw=5.91 inf=1.36 iv=0.00 n=0 d=0 sk=4 hf=96128 hm=92312 ht=283156 pf=0 pm=0 pt=0 ru=235420 rp=239236
18:34:31.676 @T t=66489 s=0.000 lv=-41.4 pk=-40.5 c0=10.8 c1=6.6 kw=5.06 inf=1.89 iv=0.00 n=0 d=0 sk=2 hf=96128 hm=92312 ht=283156 pf=0 pm=0 pt=0 ru=235420 rp=239236
18:34:31.676 @T t=66595 s=0.000 lv=-39.4 pk=-37.7 c0=4.0 c1=5.2 kw=5.02 inf=1.55 iv=0.00 n=0 d=0 sk=3 hf=96128 hm=92312 ht=283156 pf=0 pm=0 pt=0 ru=235420 rp=239236
18:34:31.676 @T t=66701 s=0.000 lv=-41.5 pk=-40.0 c0=3.3 c1=5.0 kw=5.08 inf=1.53 iv=0.00 n=0 d=0 sk=3 hf=96128 hm=92312 ht=283156 pf=0 pm=0 pt=0 ru=235420 rp=239236
18:34:34.279 @T t=66787 s=0.000 lv=-39.5 pk=-37.4 c0=3.7 c1=6.5 kw=6.09 inf=1.57 iv=0.00 n=0 d=0 sk=3 hf=96128 hm=92312 ht=283156 pf=0 pm=0 pt=0 ru=235420 rp=239236
18:34:34.280 @T t=66893 s=0.000 lv=-39.9 pk=-38.3 c0=3.2 c1=5.1 kw=4.92 inf=1.51 iv=0.00 n=0 d=0 sk=3 hf=96128 hm=92312 ht=283156 pf=0 pm=0 pt=0 ru=235420 rp=239236
18:34:34.280 @T t=66999 s=0.000 lv=-40.4 pk=-39.0 c0=3.1 c1=5.0 kw=4.92 inf=1.51 iv=0.00 n=0 d=0 sk=3 hf=96128 hm=92312 ht=283156 pf=0 pm=0 pt=0 ru=235420 rp=239236
18:34:34.280 @T t=67105 s=0.000 lv=-39.9 pk=-38.2 c0=3.2 c1=6.1 kw=5.92 inf=1.37 iv=0.00 n=0 d=0 sk=4 hf=96128 hm=92312 ht=283156 pf=0 pm=0 pt=0 ru=235420 rp=239236
18:34:34.280 @T t=67191 s=0.000 lv=-41.4 pk=-40.6 c0=3.8 c1=5.0 kw=4.85 inf=1.81 iv=0.00 n=0 d=0 sk=2 hf=96128 hm=92312 ht=283156 pf=0 pm=0 pt=0 ru=235420 rp=239236
18:34:34.281 @I ww=marvin cut=0.50 win=5 cool=1000 tick=100 wifi=1 srv=1 li=0 ln=0
18:34:34.281 @T t=67303 s=0.000 lv=-40.5 pk=-38.2 c0=3.9 c1=5.8 kw=5.63 inf=1.37 iv=0.00 n=0 d=0 sk=4 hf=96128 hm=92312 ht=283156 pf=0 pm=0 pt=0 ru=235420 rp=239236
18:34:34.281 @T t=67389 s=0.000 lv=-40.7 pk=-39.3 c0=4.1 c1=5.1 kw=4.93 inf=1.85 iv=0.00 n=0 d=0 sk=2 hf=96128 hm=92312 ht=283156 pf=0 pm=0 pt=0 ru=235420 rp=239236
18:34:34.281 @T t=67495 s=0.000 lv=-39.9 pk=-36.3 c0=6.8 c1=5.1 kw=4.95 inf=1.52 iv=0.00 n=0 d=0 sk=3 hf=96128 hm=92312 ht=283156 pf=0 pm=0 pt=0 ru=235420 rp=239236
18:34:34.282 @T t=67601 s=0.000 lv=-39.6 pk=-38.2 c0=3.2 c1=5.0 kw=5.09 inf=1.53 iv=0.00 n=0 d=0 sk=3 hf=96128 hm=92312 ht=283156 pf=0 pm=0 pt=0 ru=235420 rp=239236
18:34:34.283 @T t=67687 s=0.000 lv=-41.0 pk=-39.1 c0=3.7 c1=6.5 kw=6.11 inf=1.57 iv=0.00 n=0 d=0 sk=3 hf=96128 hm=92312 ht=283156 pf=0 pm=0 pt=0 ru=235420 rp=239236
18:34:34.283 @T t=67793 s=0.000 lv=-41.2 pk=-39.9 c0=3.0 c1=5.0 kw=4.90 inf=1.51 iv=0.00 n=0 d=0 sk=3 hf=96128 hm=92312 ht=283156 pf=0 pm=0 pt=0 ru=235420 rp=239236
18:34:34.284 @T t=67899 s=0.000 lv=-40.2 pk=-38.4 c0=3.1 c1=5.1 kw=4.91 inf=1.51 iv=0.00 n=0 d=0 sk=3 hf=96128 hm=92312 ht=283156 pf=0 pm=0 pt=0 ru=235420 rp=239236
18:34:34.285 @T t=68005 s=0.000 lv=-39.9 pk=-38.7 c0=3.1 c1=6.1 kw=5.91 inf=1.36 iv=0.00 n=0 d=0 sk=4 hf=96128 hm=92312 ht=283156 pf=0 pm=0 pt=0 ru=235420 rp=239236
18:34:34.285 @T t=68091 s=0.000 lv=-39.8 pk=-38.3 c0=3.9 c1=5.1 kw=4.92 inf=1.85 iv=0.00 n=0 d=0 sk=2 hf=96128 hm=92312 ht=283156 pf=0 pm=0 pt=0 ru=235420 rp=239236
18:34:34.286 @T t=68197 s=0.000 lv=-40.0 pk=-38.9 c0=6.4 c1=5.1 kw=4.93 inf=1.52 iv=0.00 n=0 d=0 sk=3 hf=96128 hm=92312 ht=283156 pf=0 pm=0 pt=0 ru=235420 rp=239236
18:34:34.286 @I ww=marvin cut=0.50 win=5 cool=1000 tick=100 wifi=1 srv=1 li=0 ln=0
18:34:34.287 @T t=68289 s=0.000 lv=-38.0 pk=-36.9 c0=13.3 c1=5.9 kw=5.70 inf=1.52 iv=0.00 n=0 d=0 sk=3 hf=96128 hm=92312 ht=283156 pf=0 pm=0 pt=0 ru=235420 rp=239236
18:34:34.287 @T t=68395 s=0.000 lv=-39.8 pk=-39.0 c0=3.5 c1=5.1 kw=4.98 inf=1.53 iv=0.00 n=0 d=0 sk=3 hf=96128 hm=92312 ht=283156 pf=0 pm=0 pt=0 ru=235420 rp=239236
18:34:34.288 @T t=68502 s=0.000 lv=-40.0 pk=-38.8 c0=6.5 c1=6.3 kw=6.06 inf=1.41 iv=0.00 n=0 d=0 sk=4 hf=96128 hm=92312 ht=283156 pf=0 pm=0 pt=0 ru=235420 rp=239236
18:34:34.288 @T t=68588 s=0.000 lv=-40.8 pk=-39.8 c0=8.2 c1=5.5 kw=4.97 inf=1.86 iv=0.00 n=0 d=0 sk=2 hf=96128 hm=92312 ht=283156 pf=0 pm=0 pt=0 ru=235420 rp=239236
18:34:34.289 @T t=68694 s=0.000 lv=-39.5 pk=-37.4 c0=3.3 c1=5.1 kw=4.94 inf=1.52 iv=0.00 n=0 d=0 sk=3 hf=96128 hm=92312 ht=283156 pf=0 pm=0 pt=0 ru=235420 rp=239236
18:34:34.290 @T t=68800 s=0.000 lv=-39.3 pk=-38.5 c0=6.3 c1=5.0 kw=4.91 inf=1.51 iv=0.00 n=0 d=0 sk=3 hf=96128 hm=92312 ht=283156 pf=0 pm=0 pt=0 ru=235420 rp=239236
18:34:34.291 @T t=68886 s=0.000 lv=-39.2 pk=-37.0 c0=7.9 c1=6.3 kw=6.13 inf=1.53 iv=0.00 n=0 d=0 sk=3 hf=96128 hm=92312 ht=283156 pf=0 pm=0 pt=0 ru=235420 rp=239236
18:34:34.291 @T t=68992 s=0.000 lv=-38.7 pk=-36.8 c0=3.1 c1=5.0 kw=4.91 inf=1.51 iv=0.00 n=0 d=0 sk=3 hf=96128 hm=92312 ht=283156 pf=0 pm=0 pt=0 ru=235420 rp=239236
18:34:34.291 @T t=69098 s=0.000 lv=-39.2 pk=-37.2 c0=6.4 c1=5.1 kw=4.95 inf=1.52 iv=0.00 n=0 d=0 sk=3 hf=96128 hm=92312 ht=283156 pf=0 pm=0 pt=0 ru=235420 rp=239236
18:34:34.293 @T t=69204 s=0.000 lv=-40.2 pk=-38.5 c0=3.1 c1=6.1 kw=5.91 inf=1.36 iv=0.00 n=0 d=0 sk=4 hf=96128 hm=92312 ht=283156 pf=0 pm=0 pt=0 ru=235420 rp=239236
18:34:34.297 @I ww=marvin cut=0.50 win=5 cool=1000 tick=100 wifi=1 srv=1 li=0 ln=0
18:34:34.298 @T t=69296 s=0.000 lv=-40.0 pk=-39.5 c0=4.5 c1=4.7 kw=4.56 inf=1.83 iv=0.00 n=0 d=0 sk=2 hf=96128 hm=92312 ht=283156 pf=0 pm=0 pt=0 ru=235420 rp=239236
18:34:36.376 @T t=69402 s=0.000 lv=-39.7 pk=-38.7 c0=3.2 c1=5.9 kw=5.93 inf=1.37 iv=0.00 n=0 d=0 sk=4 hf=96128 hm=92312 ht=283156 pf=0 pm=0 pt=0 ru=235420 rp=239236
18:34:36.376 @T t=69488 s=0.000 lv=-40.1 pk=-38.6 c0=4.8 c1=5.3 kw=4.98 inf=1.87 iv=0.00 n=0 d=0 sk=2 hf=96128 hm=92312 ht=283156 pf=0 pm=0 pt=0 ru=235420 rp=239236
18:34:36.376 @T t=69594 s=0.000 lv=-40.6 pk=-39.8 c0=3.4 c1=5.1 kw=4.98 inf=1.53 iv=0.00 n=0 d=0 sk=3 hf=96128 hm=92312 ht=283156 pf=0 pm=0 pt=0 ru=235420 rp=239236
18:34:36.377 @T t=69700 s=0.000 lv=-39.5 pk=-38.4 c0=3.1 c1=5.0 kw=4.92 inf=1.51 iv=0.00 n=0 d=0 sk=3 hf=96128 hm=92312 ht=283156 pf=0 pm=0 pt=0 ru=235420 rp=239236
18:34:36.377 @T t=69786 s=0.000 lv=-40.0 pk=-38.3 c0=7.6 c1=6.3 kw=6.11 inf=1.52 iv=0.00 n=0 d=0 sk=3 hf=96128 hm=92312 ht=283156 pf=0 pm=0 pt=0 ru=235420 rp=239236
18:34:36.378 @T t=69892 s=0.000 lv=-39.4 pk=-37.4 c0=6.4 c1=5.1 kw=4.93 inf=1.52 iv=0.00 n=0 d=0 sk=3 hf=96128 hm=92312 ht=283156 pf=0 pm=0 pt=0 ru=235420 rp=239236
18:34:36.378 @T t=69998 s=0.000 lv=-39.3 pk=-37.0 c0=3.1 c1=5.1 kw=4.95 inf=1.52 iv=0.00 n=0 d=0 sk=3 hf=96128 hm=92312 ht=283156 pf=0 pm=0 pt=0 ru=235420 rp=239236
18:34:36.378 @T t=70104 s=0.000 lv=-38.8 pk=-37.0 c0=6.4 c1=6.1 kw=5.92 inf=1.37 iv=0.00 n=0 d=0 sk=4 hf=96128 hm=92312 ht=283156 pf=0 pm=0 pt=0 ru=235420 rp=239236
18:34:36.378 @T t=70190 s=0.000 lv=-37.3 pk=-36.4 c0=3.8 c1=5.0 kw=4.89 inf=1.83 iv=0.00 n=0 d=0 sk=2 hf=96128 hm=92312 ht=283156 pf=0 pm=0 pt=0 ru=235420 rp=239236
18:34:36.378 @I ww=marvin cut=0.50 win=5 cool=1000 tick=100 wifi=1 srv=1 li=0 ln=0
18:34:36.379 @T t=70302 s=0.000 lv=-39.0 pk=-36.4 c0=3.6 c1=5.6 kw=5.62 inf=1.37 iv=0.00 n=0 d=0 sk=4 hf=96128 hm=92312 ht=283156 pf=0 pm=0 pt=0 ru=235420 rp=239236
18:34:36.379 @T t=70388 s=0.000 lv=-40.0 pk=-39.4 c0=3.7 c1=5.2 kw=4.86 inf=1.82 iv=0.00 n=0 d=0 sk=2 hf=96128 hm=92312 ht=283156 pf=0 pm=0 pt=0 ru=235420 rp=239236
18:34:36.379 @T t=70494 s=0.000 lv=-39.3 pk=-37.8 c0=5.9 c1=5.0 kw=4.89 inf=1.51 iv=0.00 n=0 d=0 sk=3 hf=96156 hm=92312 ht=283156 pf=0 pm=0 pt=0 ru=235392 rp=239236
18:34:36.379 @T t=70601 s=0.000 lv=-39.2 pk=-37.3 c0=4.1 c1=6.6 kw=5.14 inf=1.55 iv=0.00 n=0 d=0 sk=3 hf=96128 hm=92312 ht=283156 pf=0 pm=0 pt=0 ru=235420 rp=239236
18:34:36.380 @T t=70688 s=0.000 lv=-39.6 pk=-38.8 c0=8.3 c1=6.6 kw=6.21 inf=1.62 iv=0.00 n=0 d=0 sk=3 hf=96128 hm=92312 ht=283156 pf=0 pm=0 pt=0 ru=235420 rp=239236
18:34:36.380 @T t=70794 s=0.000 lv=-39.6 pk=-38.9 c0=3.1 c1=5.0 kw=4.93 inf=1.52 iv=0.00 n=0 d=0 sk=3 hf=96128 hm=92312 ht=283156 pf=0 pm=0 pt=0 ru=235420 rp=239236
18:34:36.380 @T t=70900 s=0.000 lv=-41.2 pk=-40.3 c0=3.2 c1=5.0 kw=4.91 inf=1.51 iv=0.00 n=0 d=0 sk=3 hf=96128 hm=92312 ht=283156 pf=0 pm=0 pt=0 ru=235420 rp=239236
18:34:36.380 @T t=70986 s=0.000 lv=-38.1 pk=-37.3 c0=7.7 c1=6.3 kw=6.12 inf=1.52 iv=0.00 n=0 d=0 sk=3 hf=96128 hm=92312 ht=283156 pf=0 pm=0 pt=0 ru=235420 rp=239236
18:34:36.380 @T t=71092 s=0.000 lv=-38.9 pk=-38.3 c0=3.2 c1=5.1 kw=4.92 inf=1.51 iv=0.00 n=0 d=0 sk=3 hf=96128 hm=92312 ht=283156 pf=0 pm=0 pt=0 ru=235420 rp=239236
18:34:36.380 [status] up 71s | mic -39.8 dBFS (peak -34.0) | score max 0.00 | detections 0 | inferences 80 (8.0/s; model 1.16 ms each, paused in quiet 74%; features 1.51 ms per 30 ms) | CPU core0  4.6% core1  6.5% (wake word pipeline 6.25% of one core) | RAM used 229 KB (peak 233 KB, 93 KB free) | wifi OK, server OK | audio lost since boot: i2s 0 net 0
18:34:36.381 [tasks] % of one core (free stack): main@0=4.45(1936) IDLE1@1=93.08(720) IDLE0@0=95.09(728) tiT@*=0.09(1956) websocket_task@*=0.16(1468) audio_kws@1=6.90(1344) Tmr Svc@*=0.00(1368) ipc1@1=0.00(536) esp_timer@0=0.01(3136) streamer@0=0.00(2944) wifi@0=0.19(3208) sys_evt@0=0.00(444) ipc0@0=0.00(528)
18:34:36.381 @T t=71207 s=0.000 lv=-38.6 pk=-37.1 c0=46.3 c1=5.8 kw=5.59 inf=1.40 iv=0.00 n=0 d=0 sk=4 hf=96128 hm=92312 ht=283156 pf=0 pm=0 pt=0 ru=235420 rp=239236
18:34:36.381 @I ww=marvin cut=0.50 win=5 cool=1000 tick=100 wifi=1 srv=1 li=0 ln=0
18:34:36.382 @T t=71299 s=0.000 lv=-37.4 pk=-35.5 c0=4.4 c1=4.7 kw=4.57 inf=1.83 iv=0.00 n=0 d=0 sk=2 hf=96128 hm=92312 ht=283156 pf=0 pm=0 pt=0 ru=235420 rp=239236
18:34:36.382 @T t=71405 s=0.000 lv=-40.0 pk=-37.7 c0=3.1 c1=6.1 kw=5.90 inf=1.36 iv=0.00 n=0 d=0 sk=4 hf=96128 hm=92312 ht=283156 pf=0 pm=0 pt=0 ru=235420 rp=239236
18:34:38.985 @T t=71491 s=0.000 lv=-38.5 pk=-37.6 c0=3.7 c1=5.0 kw=4.89 inf=1.83 iv=0.00 n=0 d=0 sk=2 hf=96128 hm=92312 ht=283156 pf=0 pm=0 pt=0 ru=235420 rp=239236
18:34:38.985 @T t=71597 s=0.000 lv=-40.8 pk=-39.3 c0=6.4 c1=5.1 kw=4.93 inf=1.52 iv=0.00 n=0 d=0 sk=3 hf=96128 hm=92312 ht=283156 pf=0 pm=0 pt=0 ru=235420 rp=239236
18:34:38.986 @T t=71703 s=0.000 lv=-39.8 pk=-38.5 c0=3.2 c1=6.1 kw=5.93 inf=1.37 iv=0.00 n=0 d=0 sk=4 hf=96128 hm=92312 ht=283156 pf=0 pm=0 pt=0 ru=235420 rp=239236
18:34:38.986 @T t=71789 s=0.000 lv=-40.4 pk=-39.0 c0=4.2 c1=5.1 kw=4.93 inf=1.85 iv=0.00 n=0 d=0 sk=2 hf=96128 hm=92312 ht=283156 pf=0 pm=0 pt=0 ru=235420 rp=239236
18:34:38.986 @T t=71895 s=0.000 lv=-40.4 pk=-38.5 c0=3.4 c1=5.1 kw=4.96 inf=1.52 iv=0.00 n=0 d=0 sk=3 hf=96128 hm=92312 ht=283156 pf=0 pm=0 pt=0 ru=235420 rp=239236
18:34:38.986 @T t=72001 s=0.000 lv=-40.5 pk=-38.6 c0=3.1 c1=5.0 kw=5.10 inf=1.53 iv=0.00 n=0 d=0 sk=3 hf=96128 hm=92312 ht=283156 pf=0 pm=0 pt=0 ru=235420 rp=239236
18:34:38.986 @T t=72087 s=0.000 lv=-40.3 pk=-39.6 c0=3.9 c1=6.5 kw=6.11 inf=1.57 iv=0.00 n=0 d=0 sk=3 hf=96128 hm=92312 ht=283156 pf=0 pm=0 pt=0 ru=235420 rp=239236
18:34:38.986 @T t=72193 s=0.000 lv=-40.4 pk=-39.7 c0=3.1 c1=5.1 kw=4.94 inf=1.52 iv=0.00 n=0 d=0 sk=3 hf=96128 hm=92312 ht=283156 pf=0 pm=0 pt=0 ru=235420 rp=239236
18:34:38.986 @I ww=marvin cut=0.50 win=5 cool=1000 tick=100 wifi=1 srv=1 li=0 ln=0
18:34:38.986 @T t=72305 s=0.000 lv=-40.3 pk=-39.0 c0=11.0 c1=5.7 kw=5.58 inf=1.36 iv=0.00 n=0 d=0 sk=4 hf=96128 hm=92312 ht=283156 pf=0 pm=0 pt=0 ru=235420 rp=239236
18:34:38.987 @T t=72391 s=0.000 lv=-40.5 pk=-40.3 c0=3.8 c1=5.0 kw=4.88 inf=1.83 iv=0.00 n=0 d=0 sk=2 hf=96128 hm=92312 ht=283156 pf=0 pm=0 pt=0 ru=235420 rp=239236
18:34:38.987 @T t=72499 s=0.000 lv=-40.2 pk=-38.7 c0=4.8 c1=4.9 kw=4.84 inf=1.52 iv=0.00 n=0 d=0 sk=3 hf=94344 hm=92132 ht=283156 pf=0 pm=0 pt=0 ru=237232 rp=239416
18:34:38.987 @T t=72587 s=0.000 lv=-40.8 pk=-39.0 c0=6.9 c1=7.1 kw=6.26 inf=1.60 iv=0.00 n=0 d=0 sk=3 hf=96128 hm=92132 ht=283156 pf=0 pm=0 pt=0 ru=235420 rp=239416
18:34:38.987 @T t=72693 s=0.000 lv=-39.3 pk=-37.7 c0=3.3 c1=5.1 kw=4.99 inf=1.54 iv=0.00 n=0 d=0 sk=3 hf=96128 hm=92132 ht=283156 pf=0 pm=0 pt=0 ru=235420 rp=239416
18:34:38.987 @T t=72799 s=0.000 lv=-41.3 pk=-40.4 c0=3.0 c1=5.0 kw=4.90 inf=1.51 iv=0.00 n=0 d=0 sk=3 hf=96128 hm=92132 ht=283156 pf=0 pm=0 pt=0 ru=235420 rp=239416
18:34:38.987 @T t=72905 s=0.000 lv=-39.7 pk=-37.4 c0=3.6 c1=6.1 kw=5.95 inf=1.37 iv=0.00 n=0 d=0 sk=4 hf=96128 hm=92132 ht=283156 pf=0 pm=0 pt=0 ru=235420 rp=239416
18:34:38.987 @T t=72991 s=0.000 lv=-40.5 pk=-38.9 c0=4.0 c1=5.1 kw=4.93 inf=1.85 iv=0.00 n=0 d=0 sk=2 hf=96128 hm=92132 ht=283156 pf=0 pm=0 pt=0 ru=235420 rp=239416
18:34:38.987 @T t=73097 s=0.000 lv=-41.0 pk=-39.7 c0=3.2 c1=5.1 kw=4.94 inf=1.52 iv=0.00 n=0 d=0 sk=3 hf=96128 hm=92132 ht=283156 pf=0 pm=0 pt=0 ru=235420 rp=239416
18:34:38.987 @T t=73203 s=0.000 lv=-40.0 pk=-38.2 c0=3.1 c1=6.1 kw=5.92 inf=1.37 iv=0.00 n=0 d=0 sk=4 hf=96128 hm=92132 ht=283156 pf=0 pm=0 pt=0 ru=235420 rp=239416
18:34:38.987 @I ww=marvin cut=0.50 win=5 cool=1000 tick=100 wifi=1 srv=1 li=0 ln=0
18:34:38.987 @T t=73295 s=0.000 lv=-39.3 pk=-37.1 c0=13.3 c1=4.7 kw=4.56 inf=1.83 iv=0.00 n=0 d=0 sk=2 hf=96128 hm=92132 ht=283156 pf=0 pm=0 pt=0 ru=235420 rp=239416
18:34:38.988 @T t=73401 s=0.000 lv=-38.3 pk=-35.6 c0=3.1 c1=5.0 kw=5.05 inf=1.52 iv=0.00 n=0 d=0 sk=3 hf=96128 hm=92132 ht=283156 pf=0 pm=0 pt=0 ru=235420 rp=239416
18:34:38.988 @T t=73487 s=0.000 lv=-41.0 pk=-39.8 c0=3.8 c1=6.6 kw=6.16 inf=1.58 iv=0.00 n=0 d=0 sk=3 hf=96128 hm=92132 ht=283156 pf=0 pm=0 pt=0 ru=235420 rp=239416
18:34:38.988 @T t=73593 s=0.000 lv=-40.5 pk=-38.8 c0=6.8 c1=5.1 kw=4.92 inf=1.52 iv=0.00 n=0 d=0 sk=3 hf=96128 hm=92132 ht=283156 pf=0 pm=0 pt=0 ru=235420 rp=239416
18:34:38.988 @T t=73699 s=0.000 lv=-40.3 pk=-39.2 c0=3.2 c1=5.1 kw=4.98 inf=1.53 iv=0.00 n=0 d=0 sk=3 hf=96128 hm=92132 ht=283156 pf=0 pm=0 pt=0 ru=235420 rp=239416
18:34:38.988 @T t=73805 s=0.000 lv=-40.7 pk=-38.4 c0=6.2 c1=6.1 kw=5.92 inf=1.37 iv=0.00 n=0 d=0 sk=4 hf=96128 hm=92132 ht=283156 pf=0 pm=0 pt=0 ru=235420 rp=239416
18:34:38.988 @T t=73891 s=0.000 lv=-41.3 pk=-40.0 c0=3.9 c1=5.0 kw=4.85 inf=1.81 iv=0.00 n=0 d=0 sk=2 hf=96128 hm=92132 ht=283156 pf=0 pm=0 pt=0 ru=235420 rp=239416
18:34:38.988 @T t=73997 s=0.000 lv=-39.9 pk=-37.6 c0=6.7 c1=5.1 kw=5.00 inf=1.54 iv=0.00 n=0 d=0 sk=3 hf=96128 hm=92132 ht=283156 pf=0 pm=0 pt=0 ru=235420 rp=239416
18:34:41.573 @T t=74103 s=0.000 lv=-40.0 pk=-39.4 c0=3.4 c1=6.1 kw=5.96 inf=1.38 iv=0.00 n=0 d=0 sk=4 hf=96128 hm=92132 ht=283156 pf=0 pm=0 pt=0 ru=235420 rp=239416
18:34:41.573 @T t=74189 s=0.000 lv=-40.2 pk=-38.1 c0=3.8 c1=5.0 kw=4.87 inf=1.82 iv=0.00 n=0 d=0 sk=2 hf=96128 hm=92132 ht=283156 pf=0 pm=0 pt=0 ru=235420 rp=239416
18:34:41.573 @I ww=marvin cut=0.50 win=5 cool=1000 tick=100 wifi=1 srv=1 li=0 ln=0
18:34:41.573 @T t=74301 s=0.000 lv=-40.6 pk=-38.3 c0=3.6 c1=4.7 kw=4.75 inf=1.51 iv=0.00 n=0 d=0 sk=3 hf=96128 hm=92132 ht=283156 pf=0 pm=0 pt=0 ru=235420 rp=239416
18:34:41.573 @T t=74387 s=0.000 lv=-40.3 pk=-39.9 c0=7.8 c1=6.6 kw=6.16 inf=1.59 iv=0.00 n=0 d=0 sk=3 hf=96128 hm=92132 ht=283156 pf=0 pm=0 pt=0 ru=235420 rp=239416
18:34:41.573 @T t=74493 s=0.000 lv=-39.5 pk=-38.1 c0=6.3 c1=5.1 kw=4.95 inf=1.53 iv=0.00 n=0 d=0 sk=3 hf=96128 hm=92132 ht=283156 pf=0 pm=0 pt=0 ru=235420 rp=239416
18:34:41.573 @T t=74599 s=0.000 lv=-41.4 pk=-39.6 c0=9.9 c1=6.0 kw=5.07 inf=1.56 iv=0.00 n=0 d=0 sk=3 hf=96128 hm=92132 ht=283156 pf=0 pm=0 pt=0 ru=235420 rp=239416
18:34:41.574 @T t=74705 s=0.000 lv=-39.5 pk=-37.3 c0=3.4 c1=6.1 kw=5.95 inf=1.37 iv=0.00 n=0 d=0 sk=4 hf=96128 hm=92132 ht=283156 pf=0 pm=0 pt=0 ru=235420 rp=239416
18:34:41.574 @T t=74791 s=0.000 lv=-40.7 pk=-40.1 c0=3.6 c1=5.0 kw=4.86 inf=1.82 iv=0.00 n=0 d=0 sk=2 hf=96128 hm=92132 ht=283156 pf=0 pm=0 pt=0 ru=235420 rp=239416
18:34:41.574 @T t=74897 s=0.000 lv=-39.2 pk=-37.4 c0=3.2 c1=5.1 kw=4.92 inf=1.51 iv=0.00 n=0 d=0 sk=3 hf=96128 hm=92132 ht=283156 pf=0 pm=0 pt=0 ru=235420 rp=239416
18:34:41.574 @T t=75003 s=0.000 lv=-40.2 pk=-39.2 c0=3.1 c1=6.1 kw=5.91 inf=1.37 iv=0.00 n=0 d=0 sk=4 hf=96128 hm=92132 ht=283156 pf=0 pm=0 pt=0 ru=235420 rp=239416
18:34:41.574 @T t=75089 s=0.000 lv=-40.1 pk=-38.3 c0=7.8 c1=5.0 kw=4.89 inf=1.83 iv=0.00 n=0 d=0 sk=2 hf=96128 hm=92132 ht=283156 pf=0 pm=0 pt=0 ru=235420 rp=239416
18:34:41.574 @T t=75195 s=0.000 lv=-40.4 pk=-39.1 c0=6.7 c1=5.1 kw=4.95 inf=1.52 iv=0.00 n=0 d=0 sk=3 hf=96128 hm=92132 ht=283156 pf=0 pm=0 pt=0 ru=235420 rp=239416
18:34:41.574 @I ww=marvin cut=0.50 win=5 cool=1000 tick=100 wifi=1 srv=1 li=0 ln=0
18:34:41.574 @T t=75287 s=0.000 lv=-38.5 pk=-36.8 c0=4.6 c1=5.9 kw=5.77 inf=1.54 iv=0.00 n=0 d=0 sk=3 hf=96128 hm=92132 ht=283156 pf=0 pm=0 pt=0 ru=235420 rp=239416
18:34:41.574 @T t=75393 s=0.000 lv=-39.0 pk=-38.1 c0=6.4 c1=5.1 kw=4.96 inf=1.53 iv=0.00 n=0 d=0 sk=3 hf=96128 hm=92132 ht=283156 pf=0 pm=0 pt=0 ru=235420 rp=239416
18:34:41.574 @T t=75499 s=0.000 lv=-40.7 pk=-40.3 c0=3.0 c1=5.0 kw=4.91 inf=1.51 iv=0.00 n=0 d=0 sk=3 hf=96128 hm=92132 ht=283156 pf=0 pm=0 pt=0 ru=235420 rp=239416
18:34:41.574 @T t=75605 s=0.000 lv=-39.9 pk=-38.4 c0=6.8 c1=6.1 kw=5.93 inf=1.37 iv=0.00 n=0 d=0 sk=4 hf=96128 hm=92132 ht=283156 pf=0 pm=0 pt=0 ru=235420 rp=239416
18:34:41.574 @T t=75691 s=0.000 lv=-40.4 pk=-37.6 c0=3.9 c1=5.0 kw=4.90 inf=1.83 iv=0.00 n=0 d=0 sk=2 hf=96128 hm=92132 ht=283156 pf=0 pm=0 pt=0 ru=235420 rp=239416
18:34:41.574 @T t=75797 s=0.000 lv=-38.3 pk=-36.7 c0=3.0 c1=5.0 kw=4.90 inf=1.51 iv=0.00 n=0 d=0 sk=3 hf=96128 hm=92132 ht=283156 pf=0 pm=0 pt=0 ru=235420 rp=239416
18:34:41.574 @T t=75903 s=0.000 lv=-39.5 pk=-37.6 c0=6.4 c1=6.1 kw=5.92 inf=1.37 iv=0.00 n=0 d=0 sk=4 hf=96128 hm=92132 ht=283156 pf=0 pm=0 pt=0 ru=235420 rp=239416
18:34:41.574 @T t=75989 s=0.000 lv=-41.0 pk=-39.9 c0=3.7 c1=5.0 kw=4.86 inf=1.82 iv=0.00 n=0 d=0 sk=2 hf=96128 hm=92132 ht=283156 pf=0 pm=0 pt=0 ru=235420 rp=239416
18:34:41.574 @T t=76095 s=0.000 lv=-39.1 pk=-37.5 c0=3.1 c1=5.1 kw=4.92 inf=1.52 iv=0.00 n=0 d=0 sk=3 hf=96128 hm=92132 ht=283156 pf=0 pm=0 pt=0 ru=235420 rp=239416
18:34:41.574 @T t=76201 s=0.000 lv=-40.2 pk=-38.1 c0=3.1 c1=5.0 kw=5.08 inf=1.52 iv=0.00 n=0 d=0 sk=3 hf=96128 hm=92132 ht=283156 pf=0 pm=0 pt=0 ru=235420 rp=239416
18:34:41.574 @I ww=marvin cut=0.50 win=5 cool=1000 tick=100 wifi=1 srv=1 li=0 ln=0
18:34:41.574 @T t=76293 s=0.000 lv=-40.7 pk=-39.7 c0=13.7 c1=6.2 kw=5.78 inf=1.59 iv=0.00 n=0 d=0 sk=3 hf=96128 hm=92132 ht=283156 pf=0 pm=0 pt=0 ru=235420 rp=239416
18:34:41.574 @T t=76399 s=0.000 lv=-40.5 pk=-39.1 c0=3.4 c1=5.1 kw=4.96 inf=1.53 iv=0.00 n=0 d=0 sk=3 hf=96128 hm=92132 ht=283156 pf=0 pm=0 pt=0 ru=235420 rp=239416
18:34:41.574 @T t=76505 s=0.000 lv=-40.1 pk=-39.3 c0=6.3 c1=6.1 kw=5.91 inf=1.36 iv=0.00 n=0 d=0 sk=4 hf=96128 hm=92132 ht=283156 pf=0 pm=0 pt=0 ru=235420 rp=239416
18:34:41.574 @T t=76591 s=0.000 lv=-39.3 pk=-36.9 c0=8.3 c1=5.6 kw=5.01 inf=1.88 iv=0.00 n=0 d=0 sk=2 hf=96128 hm=92132 ht=283156 pf=0 pm=0 pt=0 ru=235420 rp=239416
18:34:44.087 @T t=76697 s=0.000 lv=-39.9 pk=-39.1 c0=3.3 c1=5.1 kw=4.97 inf=1.53 iv=0.00 n=0 d=0 sk=3 hf=96128 hm=92132 ht=283156 pf=0 pm=0 pt=0 ru=235420 rp=239416
18:34:44.087 @T t=76803 s=0.000 lv=-40.8 pk=-39.4 c0=6.3 c1=6.0 kw=5.89 inf=1.36 iv=0.00 n=0 d=0 sk=4 hf=96128 hm=92132 ht=283156 pf=0 pm=0 pt=0 ru=235420 rp=239416
18:34:44.087 @T t=76889 s=0.000 lv=-39.0 pk=-37.0 c0=3.9 c1=5.0 kw=4.85 inf=1.82 iv=0.00 n=0 d=0 sk=2 hf=96128 hm=92132 ht=283156 pf=0 pm=0 pt=0 ru=235420 rp=239416
18:34:44.087 @T t=76995 s=0.000 lv=-40.7 pk=-39.5 c0=3.1 c1=5.1 kw=4.92 inf=1.51 iv=0.00 n=0 d=0 sk=3 hf=96128 hm=92132 ht=283156 pf=0 pm=0 pt=0 ru=235420 rp=239416
18:34:44.087 @T t=77101 s=0.000 lv=-40.7 pk=-39.3 c0=3.2 c1=5.0 kw=5.09 inf=1.53 iv=0.00 n=0 d=0 sk=3 hf=96128 hm=92132 ht=283156 pf=0 pm=0 pt=0 ru=235420 rp=239416
18:34:44.087 @T t=77187 s=0.000 lv=-40.2 pk=-38.6 c0=7.8 c1=6.6 kw=6.18 inf=1.59 iv=0.00 n=0 d=0 sk=3 hf=96128 hm=92132 ht=283156 pf=0 pm=0 pt=0 ru=235420 rp=239416
18:34:44.087 @I ww=marvin cut=0.50 win=5 cool=1000 tick=100 wifi=1 srv=1 li=0 ln=0
18:34:44.087 @T t=77299 s=0.000 lv=-40.9 pk=-39.4 c0=11.0 c1=4.8 kw=4.65 inf=1.51 iv=0.00 n=0 d=0 sk=3 hf=96128 hm=92132 ht=283156 pf=0 pm=0 pt=0 ru=235420 rp=239416
18:34:44.088 @T t=77405 s=0.000 lv=-40.6 pk=-39.9 c0=6.7 c1=6.2 kw=5.97 inf=1.38 iv=0.00 n=0 d=0 sk=4 hf=96128 hm=92132 ht=283156 pf=0 pm=0 pt=0 ru=235420 rp=239416
18:34:44.088 @T t=77491 s=0.000 lv=-41.3 pk=-39.1 c0=4.0 c1=5.1 kw=4.96 inf=1.86 iv=0.00 n=0 d=0 sk=2 hf=96128 hm=92132 ht=283156 pf=0 pm=0 pt=0 ru=235420 rp=239416
18:34:44.088 @T t=77597 s=0.000 lv=-41.1 pk=-39.8 c0=3.6 c1=5.1 kw=4.95 inf=1.52 iv=0.00 n=0 d=0 sk=3 hf=96128 hm=92132 ht=283156 pf=0 pm=0 pt=0 ru=235420 rp=239416
18:34:44.088 @T t=77703 s=0.000 lv=-41.4 pk=-39.7 c0=3.2 c1=6.1 kw=5.96 inf=1.38 iv=0.00 n=0 d=0 sk=4 hf=96128 hm=92132 ht=283156 pf=0 pm=0 pt=0 ru=235420 rp=239416
18:34:44.088 @T t=77789 s=0.000 lv=-39.7 pk=-38.1 c0=3.7 c1=5.0 kw=4.85 inf=1.82 iv=0.00 n=0 d=0 sk=2 hf=96128 hm=92132 ht=283156 pf=0 pm=0 pt=0 ru=235420 rp=239416
18:34:44.088 @T t=77895 s=0.000 lv=-40.7 pk=-39.5 c0=3.2 c1=5.1 kw=4.91 inf=1.51 iv=0.00 n=0 d=0 sk=3 hf=96128 hm=92132 ht=283156 pf=0 pm=0 pt=0 ru=235420 rp=239416
18:34:44.088 @T t=78001 s=0.000 lv=-39.1 pk=-37.2 c0=3.1 c1=5.0 kw=5.08 inf=1.53 iv=0.00 n=0 d=0 sk=3 hf=96128 hm=92132 ht=283156 pf=0 pm=0 pt=0 ru=235420 rp=239416
18:34:44.088 @T t=78087 s=0.000 lv=-40.4 pk=-38.8 c0=7.9 c1=6.6 kw=6.13 inf=1.58 iv=0.00 n=0 d=0 sk=3 hf=96128 hm=92132 ht=283156 pf=0 pm=0 pt=0 ru=235420 rp=239416
18:34:44.088 @T t=78193 s=0.000 lv=-39.2 pk=-37.6 c0=6.4 c1=5.1 kw=4.95 inf=1.53 iv=0.00 n=0 d=0 sk=3 hf=96128 hm=92132 ht=283156 pf=0 pm=0 pt=0 ru=235420 rp=239416
18:34:44.088 @I ww=marvin cut=0.50 win=5 cool=1000 tick=100 wifi=1 srv=1 li=0 ln=0
18:34:44.088 @T t=78305 s=0.000 lv=-40.2 pk=-38.8 c0=10.9 c1=5.7 kw=5.59 inf=1.36 iv=0.00 n=0 d=0 sk=4 hf=96128 hm=92132 ht=283156 pf=0 pm=0 pt=0 ru=235420 rp=239416
18:34:44.088 @T t=78391 s=0.000 lv=-39.8 pk=-39.3 c0=3.8 c1=5.0 kw=4.88 inf=1.83 iv=0.00 n=0 d=0 sk=2 hf=96128 hm=92132 ht=283156 pf=0 pm=0 pt=0 ru=235420 rp=239416
18:34:44.088 @T t=78497 s=0.000 lv=-40.1 pk=-39.2 c0=6.7 c1=5.1 kw=4.92 inf=1.51 iv=0.00 n=0 d=0 sk=3 hf=96128 hm=92132 ht=283156 pf=0 pm=0 pt=0 ru=235420 rp=239416
18:34:44.088 @T t=78604 s=0.000 lv=-40.0 pk=-38.8 c0=6.9 c1=6.7 kw=6.13 inf=1.43 iv=0.00 n=0 d=0 sk=4 hf=96128 hm=92132 ht=283156 pf=0 pm=0 pt=0 ru=235420 rp=239416
18:34:44.088 @T t=78690 s=0.000 lv=-40.2 pk=-39.8 c0=4.1 c1=5.0 kw=4.95 inf=1.85 iv=0.00 n=0 d=0 sk=2 hf=96128 hm=92132 ht=283156 pf=0 pm=0 pt=0 ru=235420 rp=239416
18:34:44.088 @T t=78796 s=0.000 lv=-39.2 pk=-36.7 c0=3.0 c1=5.1 kw=4.93 inf=1.52 iv=0.00 n=0 d=0 sk=3 hf=96128 hm=92132 ht=283156 pf=0 pm=0 pt=0 ru=235420 rp=239416
18:34:44.088 @T t=78902 s=0.000 lv=-40.1 pk=-39.0 c0=3.2 c1=5.9 kw=5.92 inf=1.37 iv=0.00 n=0 d=0 sk=4 hf=96128 hm=92132 ht=283156 pf=0 pm=0 pt=0 ru=235420 rp=239416
18:34:44.088 @T t=78988 s=0.000 lv=-39.0 pk=-38.6 c0=3.7 c1=5.2 kw=4.87 inf=1.82 iv=0.00 n=0 d=0 sk=2 hf=96128 hm=92132 ht=283156 pf=0 pm=0 pt=0 ru=235420 rp=239416
18:34:44.088 @T t=79094 s=0.000 lv=-39.7 pk=-38.0 c0=3.1 c1=5.1 kw=4.93 inf=1.52 iv=0.00 n=0 d=0 sk=3 hf=96128 hm=92132 ht=283156 pf=0 pm=0 pt=0 ru=235420 rp=239416
18:34:46.481 @T t=79200 s=0.000 lv=-39.8 pk=-38.7 c0=3.1 c1=5.1 kw=4.94 inf=1.52 iv=0.00 n=0 d=0 sk=3 hf=96128 hm=92132 ht=283156 pf=0 pm=0 pt=0 ru=235420 rp=239416
18:34:46.481 @I ww=marvin cut=0.50 win=5 cool=1000 tick=100 wifi=1 srv=1 li=0 ln=0
18:34:46.482 @T t=79292 s=0.000 lv=-39.7 pk=-38.0 c0=13.2 c1=5.8 kw=5.69 inf=1.52 iv=0.00 n=0 d=0 sk=3 hf=96128 hm=92132 ht=283156 pf=0 pm=0 pt=0 ru=235420 rp=239416
18:34:46.482 @T t=79398 s=0.000 lv=-41.4 pk=-40.8 c0=3.1 c1=5.0 kw=4.91 inf=1.51 iv=0.00 n=0 d=0 sk=3 hf=96128 hm=92132 ht=283156 pf=0 pm=0 pt=0 ru=235420 rp=239416
18:34:46.482 @T t=79504 s=0.000 lv=-40.3 pk=-39.6 c0=3.0 c1=6.1 kw=5.94 inf=1.37 iv=0.00 n=0 d=0 sk=4 hf=96128 hm=92132 ht=283156 pf=0 pm=0 pt=0 ru=235420 rp=239416
18:34:46.482 @T t=79590 s=0.000 lv=-41.0 pk=-40.1 c0=8.4 c1=5.0 kw=4.87 inf=1.82 iv=0.00 n=0 d=0 sk=2 hf=96128 hm=92132 ht=283156 pf=0 pm=0 pt=0 ru=235420 rp=239416
18:34:46.482 @T t=79696 s=0.000 lv=-41.0 pk=-40.1 c0=3.5 c1=5.2 kw=4.99 inf=1.54 iv=0.00 n=0 d=0 sk=3 hf=96128 hm=92132 ht=283156 pf=0 pm=0 pt=0 ru=235420 rp=239416
18:34:46.483 @T t=79802 s=0.000 lv=-39.6 pk=-38.6 c0=3.2 c1=5.9 kw=5.94 inf=1.37 iv=0.00 n=0 d=0 sk=4 hf=96128 hm=92132 ht=283156 pf=0 pm=0 pt=0 ru=235420 rp=239416
18:34:46.483 @T t=79888 s=0.000 lv=-40.1 pk=-39.4 c0=3.9 c1=5.2 kw=4.88 inf=1.83 iv=0.00 n=0 d=0 sk=2 hf=96128 hm=92132 ht=283156 pf=0 pm=0 pt=0 ru=235420 rp=239416
18:34:46.483 @T t=79994 s=0.000 lv=-39.7 pk=-39.1 c0=3.1 c1=5.1 kw=4.94 inf=1.52 iv=0.00 n=0 d=0 sk=3 hf=96128 hm=92132 ht=283156 pf=0 pm=0 pt=0 ru=235420 rp=239416
18:34:46.483 @T t=80100 s=0.000 lv=-40.0 pk=-38.1 c0=6.4 c1=5.1 kw=4.93 inf=1.52 iv=0.00 n=0 d=0 sk=3 hf=96128 hm=92132 ht=283156 pf=0 pm=0 pt=0 ru=235420 rp=239416
18:34:46.483 @T t=80186 s=0.000 lv=-40.7 pk=-39.3 c0=7.8 c1=6.3 kw=6.16 inf=1.54 iv=0.00 n=0 d=0 sk=3 hf=96128 hm=92132 ht=283156 pf=0 pm=0 pt=0 ru=235420 rp=239416
18:34:46.484 @I ww=marvin cut=0.50 win=5 cool=1000 tick=100 wifi=1 srv=1 li=0 ln=0
18:34:46.484 @T t=80298 s=0.000 lv=-39.0 pk=-37.1 c0=3.6 c1=4.8 kw=4.68 inf=1.52 iv=0.00 n=0 d=0 sk=3 hf=96128 hm=92132 ht=283156 pf=0 pm=0 pt=0 ru=235420 rp=239416
18:34:46.484 @T t=80404 s=0.000 lv=-40.0 pk=-36.9 c0=3.1 c1=6.1 kw=5.91 inf=1.37 iv=0.00 n=0 d=0 sk=4 hf=96128 hm=92132 ht=283156 pf=0 pm=0 pt=0 ru=235420 rp=239416
18:34:46.484 @T t=80490 s=0.000 lv=-40.4 pk=-39.6 c0=3.7 c1=5.0 kw=4.87 inf=1.82 iv=0.00 n=0 d=0 sk=2 hf=96128 hm=92132 ht=283156 pf=0 pm=0 pt=0 ru=235420 rp=239416
18:34:46.484 @T t=80596 s=0.000 lv=-39.8 pk=-37.9 c0=6.4 c1=5.9 kw=5.06 inf=1.55 iv=0.00 n=0 d=0 sk=3 hf=96128 hm=92132 ht=283156 pf=0 pm=0 pt=0 ru=235420 rp=239416
18:34:46.484 @T t=80702 s=0.000 lv=-39.8 pk=-37.9 c0=3.4 c1=5.9 kw=5.97 inf=1.38 iv=0.00 n=0 d=0 sk=4 hf=96128 hm=92132 ht=283156 pf=0 pm=0 pt=0 ru=235420 rp=239416
18:34:46.485 @T t=80788 s=0.000 lv=-40.6 pk=-40.0 c0=8.2 c1=5.2 kw=4.89 inf=1.83 iv=0.00 n=0 d=0 sk=2 hf=96128 hm=92132 ht=283156 pf=0 pm=0 pt=0 ru=235420 rp=239416
18:34:46.485 @T t=80894 s=0.000 lv=-40.1 pk=-39.0 c0=3.4 c1=5.1 kw=4.97 inf=1.53 iv=0.00 n=0 d=0 sk=3 hf=96128 hm=92132 ht=283156 pf=0 pm=0 pt=0 ru=235420 rp=239416
18:34:46.485 @T t=81000 s=0.000 lv=-38.6 pk=-37.4 c0=3.1 c1=5.1 kw=4.94 inf=1.52 iv=0.00 n=0 d=0 sk=3 hf=96128 hm=92132 ht=283156 pf=0 pm=0 pt=0 ru=235420 rp=239416
18:34:46.485 @T t=81086 s=0.000 lv=-39.0 pk=-36.6 c0=7.8 c1=6.3 kw=6.08 inf=1.51 iv=0.00 n=0 d=0 sk=3 hf=96128 hm=92132 ht=283156 pf=0 pm=0 pt=0 ru=235420 rp=239416
18:34:46.485 [status] up 81s | mic -40.0 dBFS (peak -35.5) | score max 0.00 | detections 0 | inferences 0 (0.0/s; model 0.00 ms each, paused in quiet 100%; features 1.53 ms per 30 ms) | CPU core0  5.4% core1  5.4% (wake word pipeline 5.27% of one core) | RAM used 229 KB (peak 233 KB, 93 KB free) | wifi OK, server OK | audio lost since boot: i2s 0 net 0
18:34:46.486 @T t=81194 s=0.000 lv=-39.6 pk=-38.4 c0=23.8 c1=5.0 kw=4.91 inf=1.54 iv=0.00 n=0 d=0 sk=3 hf=96128 hm=92132 ht=283156 pf=0 pm=0 pt=0 ru=235420 rp=239416
18:34:46.486 @I ww=marvin cut=0.50 win=5 cool=1000 tick=100 wifi=1 srv=1 li=0 ln=0
18:34:46.486 @T t=81286 s=0.000 lv=-39.9 pk=-38.7 c0=13.4 c1=5.9 kw=5.72 inf=1.53 iv=0.00 n=0 d=0 sk=3 hf=96128 hm=92132 ht=283156 pf=0 pm=0 pt=0 ru=235420 rp=239416
18:34:46.486 @T t=81392 s=0.000 lv=-38.6 pk=-37.4 c0=3.1 c1=5.1 kw=4.94 inf=1.52 iv=0.00 n=0 d=0 sk=3 hf=96128 hm=92132 ht=283156 pf=0 pm=0 pt=0 ru=235420 rp=239416
18:34:46.486 @T t=81498 s=0.000 lv=-39.5 pk=-37.2 c0=3.1 c1=5.1 kw=4.92 inf=1.51 iv=0.00 n=0 d=0 sk=3 hf=96128 hm=92132 ht=283156 pf=0 pm=0 pt=0 ru=235420 rp=239416
18:34:48.970 @T t=81604 s=0.000 lv=-39.9 pk=-37.1 c0=3.6 c1=6.1 kw=5.88 inf=1.36 iv=0.00 n=0 d=0 sk=4 hf=96128 hm=92132 ht=283156 pf=0 pm=0 pt=0 ru=235420 rp=239416
18:34:48.971 @T t=81690 s=0.000 lv=-40.1 pk=-39.0 c0=3.9 c1=5.0 kw=4.92 inf=1.84 iv=0.00 n=0 d=0 sk=2 hf=96128 hm=92132 ht=283156 pf=0 pm=0 pt=0 ru=235420 rp=239416
18:34:48.971 @T t=81796 s=0.000 lv=-40.5 pk=-38.0 c0=6.3 c1=5.0 kw=4.91 inf=1.51 iv=0.00 n=0 d=0 sk=3 hf=96128 hm=92132 ht=283156 pf=0 pm=0 pt=0 ru=235420 rp=239416
18:34:48.971 @T t=81902 s=0.000 lv=-40.8 pk=-39.0 c0=6.8 c1=6.0 kw=5.97 inf=1.38 iv=0.00 n=0 d=0 sk=4 hf=96128 hm=92132 ht=283156 pf=0 pm=0 pt=0 ru=235420 rp=239416
18:34:48.971 @T t=81988 s=0.000 lv=-39.8 pk=-39.1 c0=4.0 c1=5.2 kw=4.93 inf=1.85 iv=0.00 n=0 d=0 sk=2 hf=96128 hm=92132 ht=283156 pf=0 pm=0 pt=0 ru=235420 rp=239416
18:34:48.972 @T t=82094 s=0.000 lv=-40.6 pk=-39.8 c0=3.2 c1=5.1 kw=4.92 inf=1.51 iv=0.00 n=0 d=0 sk=3 hf=96128 hm=92132 ht=283156 pf=0 pm=0 pt=0 ru=235420 rp=239416
18:34:48.972 @T t=82200 s=0.000 lv=-39.6 pk=-38.2 c0=3.1 c1=5.1 kw=4.94 inf=1.52 iv=0.00 n=0 d=0 sk=3 hf=96128 hm=92132 ht=283156 pf=0 pm=0 pt=0 ru=235420 rp=239416
18:34:48.972 @I ww=marvin cut=0.50 win=5 cool=1000 tick=100 wifi=1 srv=1 li=0 ln=0
18:34:48.972 @T t=82292 s=0.000 lv=-40.8 pk=-39.7 c0=13.3 c1=5.9 kw=5.70 inf=1.52 iv=0.00 n=0 d=0 sk=3 hf=96128 hm=92132 ht=283156 pf=0 pm=0 pt=0 ru=235420 rp=239416
18:34:48.973 @T t=82398 s=0.000 lv=-40.2 pk=-38.9 c0=3.1 c1=5.1 kw=4.93 inf=1.52 iv=0.00 n=0 d=0 sk=3 hf=96128 hm=92132 ht=283156 pf=0 pm=0 pt=0 ru=235420 rp=239416
18:34:48.973 @T t=82504 s=0.000 lv=-40.4 pk=-37.8 c0=3.1 c1=6.0 kw=5.88 inf=1.36 iv=0.00 n=0 d=0 sk=4 hf=96128 hm=92132 ht=283156 pf=0 pm=0 pt=0 ru=235420 rp=239416
18:34:48.973 @T t=82590 s=0.000 lv=-41.3 pk=-40.3 c0=8.3 c1=5.7 kw=5.04 inf=1.88 iv=0.00 n=0 d=0 sk=2 hf=96128 hm=92132 ht=283156 pf=0 pm=0 pt=0 ru=235420 rp=239416
18:34:48.973 @T t=82696 s=0.000 lv=-40.1 pk=-39.0 c0=3.4 c1=5.1 kw=4.98 inf=1.54 iv=0.00 n=0 d=0 sk=3 hf=96128 hm=92132 ht=283156 pf=0 pm=0 pt=0 ru=235420 rp=239416
18:34:48.973 @T t=82802 s=0.000 lv=-40.2 pk=-39.3 c0=3.0 c1=5.9 kw=5.91 inf=1.36 iv=0.00 n=0 d=0 sk=4 hf=96128 hm=92132 ht=283156 pf=0 pm=0 pt=0 ru=235420 rp=239416
18:34:48.973 @T t=82888 s=0.000 lv=-41.6 pk=-40.4 c0=7.9 c1=5.2 kw=4.88 inf=1.83 iv=0.00 n=0 d=0 sk=2 hf=96128 hm=92132 ht=283156 pf=0 pm=0 pt=0 ru=235420 rp=239416
18:34:48.974 @T t=82994 s=0.000 lv=-41.4 pk=-40.9 c0=3.5 c1=5.1 kw=4.92 inf=1.51 iv=0.00 n=0 d=0 sk=3 hf=96128 hm=92132 ht=283156 pf=0 pm=0 pt=0 ru=235420 rp=239416
18:34:48.974 @T t=83100 s=0.000 lv=-40.3 pk=-38.9 c0=3.4 c1=5.1 kw=5.01 inf=1.54 iv=0.00 n=0 d=0 sk=3 hf=96128 hm=92132 ht=283156 pf=0 pm=0 pt=0 ru=235420 rp=239416
18:34:48.974 @T t=83186 s=0.000 lv=-39.4 pk=-38.6 c0=3.8 c1=6.3 kw=6.17 inf=1.54 iv=0.00 n=0 d=0 sk=3 hf=96128 hm=92132 ht=283156 pf=0 pm=0 pt=0 ru=235420 rp=239416
18:34:48.974 @I ww=marvin cut=0.50 win=5 cool=1000 tick=100 wifi=1 srv=1 li=0 ln=0
18:34:48.974 @T t=83298 s=0.000 lv=-39.6 pk=-38.2 c0=3.6 c1=4.8 kw=4.65 inf=1.51 iv=0.00 n=0 d=0 sk=3 hf=96128 hm=92132 ht=283156 pf=0 pm=0 pt=0 ru=235420 rp=239416
18:34:48.974 @T t=83404 s=0.000 lv=-39.9 pk=-38.1 c0=6.4 c1=6.1 kw=5.93 inf=1.37 iv=0.00 n=0 d=0 sk=4 hf=96128 hm=92132 ht=283156 pf=0 pm=0 pt=0 ru=235420 rp=239416
18:34:48.975 @T t=83490 s=0.000 lv=-39.8 pk=-38.5 c0=3.7 c1=5.0 kw=4.88 inf=1.83 iv=0.00 n=0 d=0 sk=2 hf=96128 hm=92132 ht=283156 pf=0 pm=0 pt=0 ru=235420 rp=239416
18:34:48.975 @T t=83596 s=0.000 lv=-40.4 pk=-39.2 c0=3.5 c1=5.1 kw=4.93 inf=1.52 iv=0.00 n=0 d=0 sk=3 hf=96128 hm=92132 ht=283156 pf=0 pm=0 pt=0 ru=235420 rp=239416
18:34:48.975 @T t=83702 s=0.000 lv=-40.4 pk=-39.3 c0=3.2 c1=6.0 kw=5.93 inf=1.37 iv=0.00 n=0 d=0 sk=4 hf=96128 hm=92132 ht=283156 pf=0 pm=0 pt=0 ru=235420 rp=239416
18:34:48.975 @T t=83788 s=0.000 lv=-40.1 pk=-37.3 c0=3.7 c1=5.1 kw=4.85 inf=1.82 iv=0.00 n=0 d=0 sk=2 hf=96128 hm=92132 ht=283156 pf=0 pm=0 pt=0 ru=235420 rp=239416
18:34:48.975 @T t=83894 s=0.000 lv=-39.7 pk=-38.1 c0=3.1 c1=5.1 kw=4.92 inf=1.52 iv=0.00 n=0 d=0 sk=3 hf=96128 hm=92132 ht=283156 pf=0 pm=0 pt=0 ru=235420 rp=239416
18:34:48.976 @T t=84000 s=0.000 lv=-39.6 pk=-38.4 c0=3.1 c1=5.1 kw=4.95 inf=1.52 iv=0.00 n=0 d=0 sk=3 hf=96128 hm=92132 ht=283156 pf=0 pm=0 pt=0 ru=235420 rp=239416
18:34:51.481 @T t=84086 s=0.000 lv=-40.9 pk=-38.9 c0=7.8 c1=6.3 kw=6.12 inf=1.53 iv=0.00 n=0 d=0 sk=3 hf=96128 hm=92132 ht=283156 pf=0 pm=0 pt=0 ru=235420 rp=239416
18:34:51.482 @T t=84192 s=0.000 lv=-41.1 pk=-39.5 c0=3.4 c1=5.2 kw=4.99 inf=1.54 iv=0.00 n=0 d=0 sk=3 hf=96128 hm=92132 ht=283156 pf=0 pm=0 pt=0 ru=235420 rp=239416
18:34:51.482 @I ww=marvin cut=0.50 win=5 cool=1000 tick=100 wifi=1 srv=1 li=0 ln=0
18:34:51.482 @T t=84304 s=0.000 lv=-40.4 pk=-39.7 c0=3.8 c1=5.8 kw=5.61 inf=1.37 iv=0.00 n=0 d=0 sk=4 hf=96128 hm=92132 ht=283156 pf=0 pm=0 pt=0 ru=235420 rp=239416
18:34:51.482 @T t=84390 s=0.000 lv=-39.6 pk=-37.8 c0=3.8 c1=5.0 kw=4.85 inf=1.82 iv=0.00 n=0 d=0 sk=2 hf=96128 hm=92132 ht=283156 pf=0 pm=0 pt=0 ru=235420 rp=239416
18:34:51.483 @T t=84496 s=0.000 lv=-40.3 pk=-38.4 c0=3.1 c1=5.1 kw=4.95 inf=1.52 iv=0.00 n=0 d=0 sk=3 hf=96128 hm=92132 ht=283156 pf=0 pm=0 pt=0 ru=235420 rp=239416
18:34:51.483 @T t=84602 s=0.000 lv=-41.7 pk=-39.6 c0=6.7 c1=6.5 kw=6.13 inf=1.41 iv=0.00 n=0 d=0 sk=4 hf=96128 hm=92132 ht=283156 pf=0 pm=0 pt=0 ru=235420 rp=239416
18:34:51.483 @T t=84688 s=0.000 lv=-42.3 pk=-40.7 c0=4.2 c1=5.2 kw=4.96 inf=1.86 iv=0.00 n=0 d=0 sk=2 hf=96128 hm=92132 ht=283156 pf=0 pm=0 pt=0 ru=235420 rp=239416
18:34:51.483 @T t=84794 s=0.000 lv=-40.7 pk=-39.5 c0=6.3 c1=5.0 kw=4.90 inf=1.51 iv=0.00 n=0 d=0 sk=3 hf=96128 hm=92132 ht=283156 pf=0 pm=0 pt=0 ru=235420 rp=239416
18:34:51.483 @T t=84900 s=0.000 lv=-40.3 pk=-38.5 c0=3.2 c1=5.1 kw=4.94 inf=1.52 iv=0.00 n=0 d=0 sk=3 hf=96128 hm=92132 ht=283156 pf=0 pm=0 pt=0 ru=235420 rp=239416
18:34:51.483 @T t=84986 s=0.000 lv=-40.2 pk=-39.6 c0=7.7 c1=6.3 kw=6.13 inf=1.53 iv=0.00 n=0 d=0 sk=3 hf=96128 hm=92132 ht=283156 pf=0 pm=0 pt=0 ru=235420 rp=239416
18:34:51.483 @T t=85092 s=0.000 lv=-39.5 pk=-36.3 c0=3.2 c1=5.1 kw=4.94 inf=1.52 iv=0.00 n=0 d=0 sk=3 hf=96128 hm=92132 ht=283156 pf=0 pm=0 pt=0 ru=235420 rp=239416
18:34:51.483 @T t=85198 s=0.000 lv=-40.6 pk=-39.7 c0=3.1 c1=5.1 kw=4.92 inf=1.51 iv=0.00 n=0 d=0 sk=3 hf=96128 hm=92132 ht=283156 pf=0 pm=0 pt=0 ru=235420 rp=239416
18:34:51.483 @I ww=marvin cut=0.50 win=5 cool=1000 tick=100 wifi=1 srv=1 li=0 ln=0
18:34:51.483 @T t=85290 s=0.000 lv=-39.7 pk=-39.1 c0=13.7 c1=5.9 kw=5.74 inf=1.53 iv=0.00 n=0 d=0 sk=3 hf=96128 hm=92132 ht=283156 pf=0 pm=0 pt=0 ru=235420 rp=239416
18:34:51.484 @T t=85396 s=0.000 lv=-40.5 pk=-38.5 c0=3.4 c1=5.1 kw=4.98 inf=1.53 iv=0.00 n=0 d=0 sk=3 hf=96128 hm=92132 ht=283156 pf=0 pm=0 pt=0 ru=235420 rp=239416
18:34:51.484 @T t=85502 s=0.000 lv=-39.6 pk=-38.4 c0=6.3 c1=5.9 kw=5.92 inf=1.37 iv=0.00 n=0 d=0 sk=4 hf=96128 hm=92132 ht=283156 pf=0 pm=0 pt=0 ru=235420 rp=239416
18:34:51.484 @T t=85588 s=0.000 lv=-38.2 pk=-37.2 c0=4.4 c1=5.2 kw=4.89 inf=1.83 iv=0.00 n=0 d=0 sk=2 hf=96128 hm=92132 ht=283156 pf=0 pm=0 pt=0 ru=235420 rp=239416
18:34:51.484 @T t=85694 s=0.000 lv=-39.5 pk=-37.9 c0=3.2 c1=5.1 kw=4.95 inf=1.52 iv=0.00 n=0 d=0 sk=3 hf=96128 hm=92132 ht=283156 pf=0 pm=0 pt=0 ru=235420 rp=239416
18:34:51.484 @T t=85800 s=0.000 lv=-39.6 pk=-37.3 c0=6.3 c1=5.1 kw=4.93 inf=1.52 iv=0.00 n=0 d=0 sk=3 hf=96128 hm=92132 ht=283156 pf=0 pm=0 pt=0 ru=235420 rp=239416
18:34:51.484 @T t=85886 s=0.000 lv=-39.7 pk=-38.2 c0=7.9 c1=6.3 kw=6.11 inf=1.52 iv=0.00 n=0 d=0 sk=3 hf=96128 hm=92132 ht=283156 pf=0 pm=0 pt=0 ru=235420 rp=239416
18:34:51.484 @T t=85992 s=0.000 lv=-39.5 pk=-38.8 c0=3.1 c1=5.1 kw=4.93 inf=1.52 iv=0.00 n=0 d=0 sk=3 hf=96128 hm=92132 ht=283156 pf=0 pm=0 pt=0 ru=235420 rp=239416
18:34:51.484 @T t=86098 s=0.000 lv=-39.3 pk=-36.7 c0=3.1 c1=5.1 kw=4.93 inf=1.52 iv=0.00 n=0 d=0 sk=3 hf=96128 hm=92132 ht=283156 pf=0 pm=0 pt=0 ru=235420 rp=239416
18:34:51.485 @T t=86204 s=0.000 lv=-40.7 pk=-39.5 c0=3.1 c1=6.1 kw=5.90 inf=1.36 iv=0.00 n=0 d=0 sk=4 hf=96128 hm=92132 ht=283156 pf=0 pm=0 pt=0 ru=235420 rp=239416
18:34:51.485 @I ww=marvin cut=0.50 win=5 cool=1000 tick=100 wifi=1 srv=1 li=0 ln=0
18:34:51.485 @T t=86296 s=0.000 lv=-39.6 pk=-38.1 c0=4.4 c1=4.7 kw=4.56 inf=1.83 iv=0.00 n=0 d=0 sk=2 hf=96128 hm=92132 ht=283156 pf=0 pm=0 pt=0 ru=235420 rp=239416
18:34:51.485 @T t=86402 s=0.000 lv=-41.0 pk=-39.3 c0=3.5 c1=6.0 kw=5.94 inf=1.37 iv=0.00 n=0 d=0 sk=4 hf=96128 hm=92132 ht=283156 pf=0 pm=0 pt=0 ru=235420 rp=239416
18:34:51.485 @T t=86488 s=0.000 lv=-40.7 pk=-40.0 c0=4.0 c1=5.2 kw=4.95 inf=1.85 iv=0.00 n=0 d=0 sk=2 hf=96128 hm=92132 ht=283156 pf=0 pm=0 pt=0 ru=235420 rp=239416
18:34:51.485 I (86976) wifi:[ADDBA]RX DELBA, reason:37, delete tid:0, initiator:1(originator)
18:34:54.070 @T t=86595 s=0.000 lv=-40.6 pk=-40.2 c0=10.0 c1=5.9 kw=5.06 inf=1.56 iv=0.00 n=0 d=0 sk=3 hf=96128 hm=92132 ht=283156 pf=0 pm=0 pt=0 ru=235420 rp=239416
18:34:54.070 @T t=86686 s=0.000 lv=-42.0 pk=-41.3 c0=13.5 c1=5.9 kw=5.80 inf=1.55 iv=0.00 n=0 d=0 sk=3 hf=96128 hm=92132 ht=283156 pf=0 pm=0 pt=0 ru=235420 rp=239416
18:34:54.070 @T t=86792 s=0.000 lv=-40.7 pk=-39.0 c0=3.0 c1=5.0 kw=4.90 inf=1.51 iv=0.00 n=0 d=0 sk=3 hf=96128 hm=92132 ht=283156 pf=0 pm=0 pt=0 ru=235420 rp=239416
18:34:54.070 @T t=86898 s=0.000 lv=-40.2 pk=-38.8 c0=3.2 c1=5.0 kw=4.90 inf=1.51 iv=0.00 n=0 d=0 sk=3 hf=96128 hm=92132 ht=283156 pf=0 pm=0 pt=0 ru=235420 rp=239416
18:34:54.071 @T t=87004 s=0.000 lv=-39.7 pk=-38.5 c0=3.0 c1=6.0 kw=5.90 inf=1.36 iv=0.00 n=0 d=0 sk=4 hf=96128 hm=92132 ht=283156 pf=0 pm=0 pt=0 ru=235420 rp=239416
18:34:54.071 @T t=87090 s=0.000 lv=-39.0 pk=-37.5 c0=3.8 c1=5.0 kw=4.89 inf=1.83 iv=0.00 n=0 d=0 sk=2 hf=96128 hm=92132 ht=283156 pf=0 pm=0 pt=0 ru=235420 rp=239416
18:34:54.071 @T t=87196 s=0.000 lv=-38.4 pk=-37.2 c0=6.3 c1=5.0 kw=4.91 inf=1.51 iv=0.00 n=0 d=0 sk=3 hf=96128 hm=92132 ht=283156 pf=0 pm=0 pt=0 ru=235420 rp=239416
18:34:54.071 @I ww=marvin cut=0.50 win=5 cool=1000 tick=100 wifi=1 srv=1 li=0 ln=0
18:34:54.071 @T t=87288 s=0.000 lv=-39.2 pk=-38.4 c0=4.3 c1=5.8 kw=5.67 inf=1.51 iv=0.00 n=0 d=0 sk=3 hf=96128 hm=92132 ht=283156 pf=0 pm=0 pt=0 ru=235420 rp=239416
18:34:54.071 @T t=87394 s=0.000 lv=-39.7 pk=-38.2 c0=3.1 c1=5.1 kw=4.94 inf=1.52 iv=0.00 n=0 d=0 sk=3 hf=96128 hm=92132 ht=283156 pf=0 pm=0 pt=0 ru=235420 rp=239416
18:34:54.071 @T t=87500 s=0.000 lv=-40.5 pk=-39.3 c0=6.6 c1=5.1 kw=4.92 inf=1.51 iv=0.00 n=0 d=0 sk=3 hf=96128 hm=92132 ht=283156 pf=0 pm=0 pt=0 ru=235420 rp=239416
18:34:54.071 @T t=87586 s=0.000 lv=-38.4 pk=-37.5 c0=8.6 c1=6.5 kw=6.29 inf=1.57 iv=0.00 n=0 d=0 sk=3 hf=96128 hm=92132 ht=283156 pf=0 pm=0 pt=0 ru=235420 rp=239416
18:34:54.071 @T t=87692 s=0.000 lv=-40.0 pk=-37.9 c0=3.2 c1=5.1 kw=4.96 inf=1.53 iv=0.00 n=0 d=0 sk=3 hf=96128 hm=92132 ht=283156 pf=0 pm=0 pt=0 ru=235420 rp=239416
18:34:54.071 @T t=87798 s=0.000 lv=-39.6 pk=-38.7 c0=3.0 c1=5.1 kw=4.93 inf=1.52 iv=0.00 n=0 d=0 sk=3 hf=96128 hm=92132 ht=283156 pf=0 pm=0 pt=0 ru=235420 rp=239416
18:34:54.071 @T t=87905 s=0.000 lv=-40.1 pk=-38.8 c0=3.3 c1=6.0 kw=5.86 inf=1.37 iv=0.00 n=0 d=0 sk=4 hf=96128 hm=92132 ht=283156 pf=0 pm=0 pt=0 ru=235420 rp=239416
18:34:54.071 @T t=87991 s=0.000 lv=-41.5 pk=-40.7 c0=3.7 c1=5.0 kw=4.85 inf=1.81 iv=0.00 n=0 d=0 sk=2 hf=96128 hm=92132 ht=283156 pf=0 pm=0 pt=0 ru=235420 rp=239416
18:34:54.071 @T t=88097 s=0.000 lv=-41.8 pk=-40.2 c0=3.1 c1=5.0 kw=4.89 inf=1.50 iv=0.00 n=0 d=0 sk=3 hf=96128 hm=92132 ht=283156 pf=0 pm=0 pt=0 ru=235420 rp=239416
18:34:54.071 @T t=88203 s=0.000 lv=-41.4 pk=-39.5 c0=3.1 c1=6.1 kw=5.92 inf=1.37 iv=0.00 n=0 d=0 sk=4 hf=96128 hm=92132 ht=283156 pf=0 pm=0 pt=0 ru=235420 rp=239416
18:34:54.071 @I ww=marvin cut=0.50 win=5 cool=1000 tick=100 wifi=1 srv=1 li=0 ln=0
18:34:54.071 @T t=88295 s=0.000 lv=-41.3 pk=-40.2 c0=4.3 c1=4.7 kw=4.58 inf=1.84 iv=0.00 n=0 d=0 sk=2 hf=96128 hm=92132 ht=283156 pf=0 pm=0 pt=0 ru=235420 rp=239416
18:34:54.071 @T t=88401 s=0.000 lv=-40.6 pk=-39.1 c0=3.1 c1=5.0 kw=5.06 inf=1.52 iv=0.00 n=0 d=0 sk=3 hf=96128 hm=92132 ht=283156 pf=0 pm=0 pt=0 ru=235420 rp=239416
18:34:54.071 @T t=88487 s=0.000 lv=-41.7 pk=-41.1 c0=7.8 c1=6.6 kw=6.16 inf=1.59 iv=0.00 n=0 d=0 sk=3 hf=96128 hm=92132 ht=283156 pf=0 pm=0 pt=0 ru=235420 rp=239416
18:34:54.071 @T t=88593 s=0.000 lv=-40.3 pk=-39.0 c0=6.7 c1=5.7 kw=5.44 inf=1.68 iv=0.00 n=0 d=0 sk=3 hf=96128 hm=92132 ht=283156 pf=0 pm=0 pt=0 ru=235420 rp=239416
18:34:54.071 @T t=88699 s=0.000 lv=-40.9 pk=-39.0 c0=3.8 c1=5.1 kw=5.00 inf=1.54 iv=0.00 n=0 d=0 sk=3 hf=96128 hm=92132 ht=283156 pf=0 pm=0 pt=0 ru=235420 rp=239416
18:34:54.071 @T t=88805 s=0.000 lv=-40.3 pk=-39.0 c0=3.2 c1=6.1 kw=5.94 inf=1.37 iv=0.00 n=0 d=0 sk=4 hf=96128 hm=92132 ht=283156 pf=0 pm=0 pt=0 ru=235420 rp=239416
18:34:54.071 @T t=88891 s=0.000 lv=-38.7 pk=-38.0 c0=3.9 c1=5.0 kw=4.90 inf=1.83 iv=0.00 n=0 d=0 sk=2 hf=96128 hm=92132 ht=283156 pf=0 pm=0 pt=0 ru=235420 rp=239416
18:34:54.071 @T t=88997 s=0.000 lv=-40.2 pk=-38.3 c0=3.1 c1=5.1 kw=4.93 inf=1.52 iv=0.00 n=0 d=0 sk=3 hf=96128 hm=92132 ht=283156 pf=0 pm=0 pt=0 ru=235420 rp=239416
18:34:54.071 @T t=89103 s=0.000 lv=-39.4 pk=-38.0 c0=3.2 c1=6.1 kw=5.93 inf=1.37 iv=0.00 n=0 d=0 sk=4 hf=96128 hm=92132 ht=283156 pf=0 pm=0 pt=0 ru=235420 rp=239416
18:34:56.369 @T t=89189 s=0.000 lv=-40.7 pk=-39.8 c0=7.8 c1=5.0 kw=4.88 inf=1.83 iv=0.00 n=0 d=0 sk=2 hf=96128 hm=92132 ht=283156 pf=0 pm=0 pt=0 ru=235420 rp=239416
18:34:56.370 @I ww=marvin cut=0.50 win=5 cool=1000 tick=100 wifi=1 srv=1 li=0 ln=0
18:34:56.370 @T t=89301 s=0.000 lv=-40.6 pk=-39.9 c0=11.0 c1=4.7 kw=4.78 inf=1.52 iv=0.00 n=0 d=0 sk=3 hf=96128 hm=92132 ht=283156 pf=0 pm=0 pt=0 ru=235420 rp=239416
18:34:56.370 @T t=89387 s=0.000 lv=-39.9 pk=-38.4 c0=3.8 c1=6.6 kw=6.15 inf=1.58 iv=0.00 n=0 d=0 sk=3 hf=96128 hm=92132 ht=283156 pf=0 pm=0 pt=0 ru=235420 rp=239416
18:34:56.370 @T t=89493 s=0.000 lv=-39.8 pk=-38.0 c0=3.1 c1=5.0 kw=4.91 inf=1.51 iv=0.00 n=0 d=0 sk=3 hf=96128 hm=92132 ht=283156 pf=0 pm=0 pt=0 ru=235420 rp=239416
18:34:56.370 @T t=89599 s=0.000 lv=-41.2 pk=-39.8 c0=6.8 c1=5.1 kw=4.94 inf=1.52 iv=0.00 n=0 d=0 sk=3 hf=96128 hm=92132 ht=283156 pf=0 pm=0 pt=0 ru=235420 rp=239416
18:34:56.370 @T t=89705 s=0.000 lv=-40.4 pk=-39.4 c0=3.2 c1=6.1 kw=5.94 inf=1.37 iv=0.00 n=0 d=0 sk=4 hf=96128 hm=92132 ht=283156 pf=0 pm=0 pt=0 ru=235420 rp=239416
18:34:56.370 @T t=89791 s=0.000 lv=-40.8 pk=-39.9 c0=4.1 c1=5.1 kw=4.91 inf=1.84 iv=0.00 n=0 d=0 sk=2 hf=96128 hm=92132 ht=283156 pf=0 pm=0 pt=0 ru=235420 rp=239416
18:34:56.370 @T t=89897 s=0.000 lv=-39.9 pk=-39.0 c0=3.4 c1=5.2 kw=5.02 inf=1.55 iv=0.00 n=0 d=0 sk=3 hf=96128 hm=92132 ht=283156 pf=0 pm=0 pt=0 ru=235420 rp=239416
18:34:56.370 @T t=90003 s=0.000 lv=-41.6 pk=-40.5 c0=3.1 c1=6.0 kw=5.90 inf=1.36 iv=0.00 n=0 d=0 sk=4 hf=96128 hm=92132 ht=283156 pf=0 pm=0 pt=0 ru=235420 rp=239416
18:34:56.370 @T t=90089 s=0.000 lv=-41.4 pk=-40.6 c0=7.9 c1=5.1 kw=4.90 inf=1.84 iv=0.00 n=0 d=0 sk=2 hf=96128 hm=92132 ht=283156 pf=0 pm=0 pt=0 ru=235420 rp=239416
18:34:56.370 @T t=90195 s=0.000 lv=-41.4 pk=-39.9 c0=3.1 c1=5.1 kw=4.93 inf=1.52 iv=0.00 n=0 d=0 sk=3 hf=96128 hm=92132 ht=283156 pf=0 pm=0 pt=0 ru=235420 rp=239416
18:34:56.370 @I ww=marvin cut=0.50 win=5 cool=1000 tick=100 wifi=1 srv=1 li=0 ln=0
18:34:56.370 @T t=90287 s=0.000 lv=-41.4 pk=-40.5 c0=13.3 c1=5.9 kw=5.71 inf=1.53 iv=0.00 n=0 d=0 sk=3 hf=96128 hm=92132 ht=283156 pf=0 pm=0 pt=0 ru=235420 rp=239416
18:34:56.370 @T t=90393 s=0.000 lv=-41.5 pk=-40.1 c0=6.4 c1=5.1 kw=4.95 inf=1.52 iv=0.00 n=0 d=0 sk=3 hf=96128 hm=92132 ht=283156 pf=0 pm=0 pt=0 ru=235420 rp=239416
18:34:56.370 @T t=90499 s=0.000 lv=-41.4 pk=-39.8 c0=3.0 c1=5.0 kw=4.91 inf=1.51 iv=0.00 n=0 d=0 sk=3 hf=96128 hm=92132 ht=283156 pf=0 pm=0 pt=0 ru=235420 rp=239416
18:34:56.370 @T t=90586 s=0.000 lv=-40.2 pk=-39.6 c0=8.0 c1=6.8 kw=6.18 inf=1.56 iv=0.00 n=0 d=0 sk=3 hf=96128 hm=92132 ht=283156 pf=0 pm=0 pt=0 ru=235420 rp=239416
18:34:56.370 @T t=90692 s=0.000 lv=-40.0 pk=-38.9 c0=3.4 c1=5.0 kw=4.94 inf=1.52 iv=0.00 n=0 d=0 sk=3 hf=96128 hm=92132 ht=283156 pf=0 pm=0 pt=0 ru=235420 rp=239416
18:34:56.370 @T t=90798 s=0.000 lv=-39.9 pk=-37.5 c0=6.3 c1=5.0 kw=4.91 inf=1.51 iv=0.00 n=0 d=0 sk=3 hf=96128 hm=92132 ht=283156 pf=0 pm=0 pt=0 ru=235420 rp=239416
18:34:56.371 @T t=90904 s=0.000 lv=-40.4 pk=-39.3 c0=6.8 c1=6.2 kw=5.97 inf=1.38 iv=0.00 n=0 d=0 sk=4 hf=96128 hm=92132 ht=283156 pf=0 pm=0 pt=0 ru=235420 rp=239416
18:34:56.371 @T t=90990 s=0.000 lv=-40.2 pk=-39.2 c0=4.0 c1=5.0 kw=4.90 inf=1.83 iv=0.00 n=0 d=0 sk=2 hf=96128 hm=92132 ht=283156 pf=0 pm=0 pt=0 ru=235420 rp=239416
18:34:56.371 @T t=91096 s=0.000 lv=-38.1 pk=-37.1 c0=6.5 c1=5.1 kw=4.97 inf=1.53 iv=0.00 n=0 d=0 sk=3 hf=96128 hm=92132 ht=283156 pf=0 pm=0 pt=0 ru=235420 rp=239416
18:34:56.371 [status] up 91s | mic -40.2 dBFS (peak -36.3) | score max 0.00 | detections 0 | inferences 0 (0.0/s; model 0.00 ms each, paused in quiet 100%; features 1.53 ms per 30 ms) | CPU core0  5.2% core1  5.4% (wake word pipeline 5.25% of one core) | RAM used 229 KB (peak 233 KB, 93 KB free) | wifi OK, server OK | audio lost since boot: i2s 0 net 0
18:34:56.371 @T t=91204 s=0.000 lv=-40.4 pk=-39.3 c0=26.9 c1=6.0 kw=5.85 inf=1.38 iv=0.00 n=0 d=0 sk=4 hf=96128 hm=92132 ht=283156 pf=0 pm=0 pt=0 ru=235420 rp=239416
18:34:56.371 @I ww=marvin cut=0.50 win=5 cool=1000 tick=100 wifi=1 srv=1 li=0 ln=0
18:34:56.371 @T t=91296 s=0.000 lv=-39.8 pk=-38.8 c0=13.4 c1=4.7 kw=4.56 inf=1.83 iv=0.00 n=0 d=0 sk=2 hf=96128 hm=92132 ht=283156 pf=0 pm=0 pt=0 ru=235420 rp=239416
18:34:56.371 @T t=91402 s=0.000 lv=-39.8 pk=-38.8 c0=6.4 c1=6.0 kw=5.94 inf=1.37 iv=0.00 n=0 d=0 sk=4 hf=96128 hm=92132 ht=283156 pf=0 pm=0 pt=0 ru=235420 rp=239416
18:34:58.977 @T t=91488 s=0.000 lv=-39.3 pk=-37.7 c0=3.7 c1=5.2 kw=4.85 inf=1.82 iv=0.00 n=0 d=0 sk=2 hf=96128 hm=92132 ht=283156 pf=0 pm=0 pt=0 ru=235420 rp=239416
18:34:58.977 @T t=91594 s=0.000 lv=-38.7 pk=-37.0 c0=6.8 c1=5.1 kw=4.97 inf=1.53 iv=0.00 n=0 d=0 sk=3 hf=96128 hm=92132 ht=283156 pf=0 pm=0 pt=0 ru=235420 rp=239416
18:34:58.977 @T t=91700 s=0.000 lv=-40.2 pk=-38.5 c0=3.2 c1=5.0 kw=4.93 inf=1.52 iv=0.00 n=0 d=0 sk=3 hf=96128 hm=92132 ht=283156 pf=0 pm=0 pt=0 ru=235420 rp=239416
18:34:58.977 @T t=91786 s=0.000 lv=-41.0 pk=-39.7 c0=7.6 c1=6.3 kw=6.08 inf=1.52 iv=0.00 n=0 d=0 sk=3 hf=96128 hm=92132 ht=283156 pf=0 pm=0 pt=0 ru=235420 rp=239416
18:34:58.977 @T t=91892 s=0.000 lv=-40.4 pk=-39.2 c0=3.1 c1=5.1 kw=4.92 inf=1.51 iv=0.00 n=0 d=0 sk=3 hf=96128 hm=92132 ht=283156 pf=0 pm=0 pt=0 ru=235420 rp=239416
18:34:58.977 @T t=91998 s=0.000 lv=-40.1 pk=-38.1 c0=3.1 c1=5.1 kw=4.94 inf=1.52 iv=0.00 n=0 d=0 sk=3 hf=96128 hm=92132 ht=283156 pf=0 pm=0 pt=0 ru=235420 rp=239416
18:34:58.977 @T t=92104 s=0.000 lv=-41.0 pk=-40.2 c0=3.6 c1=6.2 kw=5.96 inf=1.38 iv=0.00 n=0 d=0 sk=4 hf=96128 hm=92132 ht=283156 pf=0 pm=0 pt=0 ru=235420 rp=239416
18:34:58.977 @T t=92190 s=0.000 lv=-41.5 pk=-40.4 c0=4.0 c1=5.0 kw=4.87 inf=1.82 iv=0.00 n=0 d=0 sk=2 hf=96128 hm=92132 ht=283156 pf=0 pm=0 pt=0 ru=235420 rp=239416
18:34:58.977 @I ww=marvin cut=0.50 win=5 cool=1000 tick=100 wifi=1 srv=1 li=0 ln=0
18:34:58.978 @T t=92302 s=0.000 lv=-41.8 pk=-39.5 c0=3.6 c1=5.6 kw=5.56 inf=1.36 iv=0.00 n=0 d=0 sk=4 hf=96128 hm=92132 ht=283156 pf=0 pm=0 pt=0 ru=235420 rp=239416
18:34:58.978 @T t=92388 s=0.000 lv=-41.4 pk=-39.7 c0=3.8 c1=5.2 kw=4.85 inf=1.82 iv=0.00 n=0 d=0 sk=2 hf=96128 hm=92132 ht=283156 pf=0 pm=0 pt=0 ru=235420 rp=239416
18:34:58.978 @T t=92494 s=0.000 lv=-41.7 pk=-40.0 c0=3.0 c1=5.1 kw=4.92 inf=1.51 iv=0.00 n=0 d=0 sk=3 hf=96128 hm=92132 ht=283156 pf=0 pm=0 pt=0 ru=235420 rp=239416
18:34:58.978 @T t=92600 s=0.000 lv=-40.8 pk=-39.3 c0=9.6 c1=5.9 kw=5.08 inf=1.56 iv=0.00 n=0 d=0 sk=3 hf=96128 hm=92132 ht=283156 pf=0 pm=0 pt=0 ru=235420 rp=239416
18:34:58.978 @T t=92686 s=0.000 lv=-40.5 pk=-39.5 c0=7.4 c1=6.3 kw=6.16 inf=1.54 iv=0.00 n=0 d=0 sk=3 hf=96128 hm=92132 ht=283156 pf=0 pm=0 pt=0 ru=235420 rp=239416
18:34:58.978 @T t=92792 s=0.000 lv=-40.9 pk=-39.9 c0=3.0 c1=5.1 kw=4.93 inf=1.52 iv=0.00 n=0 d=0 sk=3 hf=96128 hm=92132 ht=283156 pf=0 pm=0 pt=0 ru=235420 rp=239416
18:34:58.978 @T t=92898 s=0.000 lv=-41.6 pk=-40.4 c0=3.2 c1=5.1 kw=4.91 inf=1.51 iv=0.00 n=0 d=0 sk=3 hf=96128 hm=92132 ht=283156 pf=0 pm=0 pt=0 ru=235420 rp=239416
18:34:58.978 @T t=93004 s=0.000 lv=-40.5 pk=-38.3 c0=3.1 c1=6.1 kw=5.92 inf=1.37 iv=0.00 n=0 d=0 sk=4 hf=96128 hm=92132 ht=283156 pf=0 pm=0 pt=0 ru=235420 rp=239416
18:34:58.978 @T t=93090 s=0.000 lv=-41.6 pk=-40.8 c0=7.9 c1=5.1 kw=4.93 inf=1.85 iv=0.00 n=0 d=0 sk=2 hf=96128 hm=92132 ht=283156 pf=0 pm=0 pt=0 ru=235420 rp=239416
18:34:58.978 @T t=93196 s=0.000 lv=-40.6 pk=-39.6 c0=3.4 c1=5.1 kw=4.98 inf=1.53 iv=0.00 n=0 d=0 sk=3 hf=96128 hm=92132 ht=283156 pf=0 pm=0 pt=0 ru=235420 rp=239416
18:34:58.978 @I ww=marvin cut=0.50 win=5 cool=1000 tick=100 wifi=1 srv=1 li=0 ln=0
18:34:58.978 @T t=93288 s=0.000 lv=-40.8 pk=-39.8 c0=4.7 c1=5.9 kw=5.71 inf=1.53 iv=0.00 n=0 d=0 sk=3 hf=96128 hm=92132 ht=283156 pf=0 pm=0 pt=0 ru=235420 rp=239416
18:34:58.978 @T t=93394 s=0.000 lv=-40.8 pk=-39.2 c0=3.1 c1=5.1 kw=4.93 inf=1.52 iv=0.00 n=0 d=0 sk=3 hf=96128 hm=92132 ht=283156 pf=0 pm=0 pt=0 ru=235420 rp=239416
18:34:58.978 @T t=93500 s=0.000 lv=-40.8 pk=-39.4 c0=3.1 c1=5.0 kw=4.90 inf=1.51 iv=0.00 n=0 d=0 sk=3 hf=96128 hm=92132 ht=283156 pf=0 pm=0 pt=0 ru=235420 rp=239416
18:34:58.978 @T t=93586 s=0.000 lv=-40.3 pk=-38.4 c0=8.3 c1=6.4 kw=6.17 inf=1.54 iv=0.00 n=0 d=0 sk=3 hf=96128 hm=92132 ht=283156 pf=0 pm=0 pt=0 ru=235420 rp=239416
18:34:58.978 @T t=93692 s=0.000 lv=-40.1 pk=-38.4 c0=3.2 c1=5.1 kw=4.93 inf=1.52 iv=0.00 n=0 d=0 sk=3 hf=96128 hm=92132 ht=283156 pf=0 pm=0 pt=0 ru=235420 rp=239416
18:34:58.978 @T t=93798 s=0.000 lv=-41.5 pk=-40.9 c0=6.3 c1=5.0 kw=4.91 inf=1.51 iv=0.00 n=0 d=0 sk=3 hf=96128 hm=92132 ht=283156 pf=0 pm=0 pt=0 ru=235420 rp=239416
18:34:58.978 @T t=93904 s=0.000 lv=-40.9 pk=-38.1 c0=3.2 c1=6.1 kw=5.91 inf=1.36 iv=0.00 n=0 d=0 sk=4 hf=96128 hm=92132 ht=283156 pf=0 pm=0 pt=0 ru=235420 rp=239416
18:34:58.978 @T t=93990 s=0.000 lv=-41.7 pk=-40.6 c0=3.8 c1=5.0 kw=4.87 inf=1.82 iv=0.00 n=0 d=0 sk=2 hf=96128 hm=92132 ht=283156 pf=0 pm=0 pt=0 ru=235420 rp=239416
18:35:01.487 @T t=94096 s=0.000 lv=-41.3 pk=-39.3 c0=6.4 c1=5.1 kw=4.95 inf=1.52 iv=0.00 n=0 d=0 sk=3 hf=96128 hm=92132 ht=283156 pf=0 pm=0 pt=0 ru=235420 rp=239416
18:35:01.487 @T t=94202 s=0.000 lv=-40.6 pk=-39.4 c0=3.1 c1=5.9 kw=5.92 inf=1.37 iv=0.00 n=0 d=0 sk=4 hf=96128 hm=92132 ht=283156 pf=0 pm=0 pt=0 ru=235420 rp=239416
18:35:01.487 @I ww=marvin cut=0.50 win=5 cool=1000 tick=100 wifi=1 srv=1 li=0 ln=0
18:35:01.487 @T t=94294 s=0.000 lv=-40.3 pk=-39.6 c0=13.8 c1=5.0 kw=4.63 inf=1.86 iv=0.00 n=0 d=0 sk=2 hf=96128 hm=92132 ht=283156 pf=0 pm=0 pt=0 ru=235420 rp=239416
18:35:01.487 @T t=94400 s=0.000 lv=-40.6 pk=-39.5 c0=3.4 c1=5.1 kw=4.95 inf=1.52 iv=0.00 n=0 d=0 sk=3 hf=96128 hm=92132 ht=283156 pf=0 pm=0 pt=0 ru=235420 rp=239416
18:35:01.487 @T t=94486 s=0.000 lv=-40.4 pk=-40.0 c0=7.7 c1=6.3 kw=6.12 inf=1.53 iv=0.00 n=0 d=0 sk=3 hf=96128 hm=92132 ht=283156 pf=0 pm=0 pt=0 ru=235420 rp=239416
18:35:01.487 @T t=94592 s=0.000 lv=-40.7 pk=-38.8 c0=5.9 c1=6.1 kw=5.09 inf=1.57 iv=0.00 n=0 d=0 sk=3 hf=96128 hm=92132 ht=283156 pf=0 pm=0 pt=0 ru=235420 rp=239416
18:35:01.487 @T t=94698 s=0.000 lv=-41.3 pk=-40.4 c0=3.4 c1=5.1 kw=5.00 inf=1.54 iv=0.00 n=0 d=0 sk=3 hf=96128 hm=92132 ht=283156 pf=0 pm=0 pt=0 ru=235420 rp=239416
18:35:01.488 @T t=94804 s=0.000 lv=-40.8 pk=-39.1 c0=6.3 c1=6.0 kw=5.88 inf=1.36 iv=0.00 n=0 d=0 sk=4 hf=96128 hm=92132 ht=283156 pf=0 pm=0 pt=0 ru=235420 rp=239416
18:35:01.488 @T t=94890 s=0.000 lv=-39.7 pk=-37.5 c0=8.6 c1=5.0 kw=4.86 inf=1.82 iv=0.00 n=0 d=0 sk=2 hf=96128 hm=92132 ht=283156 pf=0 pm=0 pt=0 ru=235420 rp=239416
18:35:01.488 @T t=94996 s=0.000 lv=-40.4 pk=-38.4 c0=3.3 c1=5.1 kw=5.01 inf=1.54 iv=0.00 n=0 d=0 sk=3 hf=96128 hm=92132 ht=283156 pf=0 pm=0 pt=0 ru=235420 rp=239416
18:35:01.488 @T t=95102 s=0.000 lv=-40.8 pk=-39.3 c0=3.2 c1=5.9 kw=5.90 inf=1.36 iv=0.00 n=0 d=0 sk=4 hf=96128 hm=92132 ht=283156 pf=0 pm=0 pt=0 ru=235420 rp=239416
18:35:01.488 @T t=95188 s=0.000 lv=-39.9 pk=-38.9 c0=3.8 c1=5.2 kw=4.89 inf=1.83 iv=0.00 n=0 d=0 sk=2 hf=96128 hm=92132 ht=283156 pf=0 pm=0 pt=0 ru=235420 rp=239416
18:35:01.488 @I ww=marvin cut=0.50 win=5 cool=1000 tick=100 wifi=1 srv=1 li=0 ln=0
18:35:01.488 @T t=95300 s=0.000 lv=-41.1 pk=-39.5 c0=11.0 c1=4.8 kw=4.66 inf=1.52 iv=0.00 n=0 d=0 sk=3 hf=96128 hm=92132 ht=283156 pf=0 pm=0 pt=0 ru=235420 rp=239416
18:35:01.488 @T t=95386 s=0.000 lv=-40.8 pk=-38.6 c0=7.8 c1=6.3 kw=6.11 inf=1.52 iv=0.00 n=0 d=0 sk=3 hf=96128 hm=92132 ht=283156 pf=0 pm=0 pt=0 ru=235420 rp=239416
18:35:01.488 @T t=95492 s=0.000 lv=-39.8 pk=-38.0 c0=3.9 c1=5.1 kw=4.92 inf=1.51 iv=0.00 n=0 d=0 sk=3 hf=96128 hm=92132 ht=283156 pf=0 pm=0 pt=0 ru=235420 rp=239416
18:35:01.488 @T t=95598 s=0.000 lv=-36.5 pk=-32.7 c0=3.9 c1=15.5 kw=15.27 inf=1.29 iv=0.98 n=11 d=0 sk=1 hf=96128 hm=92132 ht=283156 pf=0 pm=0 pt=0 ru=235420 rp=239416
18:35:01.488 @T t=95705 s=0.000 lv=-37.5 pk=-34.5 c0=3.5 c1=10.5 kw=10.28 inf=2.54 iv=1.11 n=4 d=0 sk=0 hf=96128 hm=92132 ht=283156 pf=0 pm=0 pt=0 ru=235420 rp=239416
18:35:01.488 @T t=95791 s=0.000 lv=-39.9 pk=-39.0 c0=4.1 c1=9.3 kw=9.15 inf=2.44 iv=1.15 n=3 d=0 sk=0 hf=96128 hm=92132 ht=283156 pf=0 pm=0 pt=0 ru=235420 rp=239416
18:35:01.488 @T t=95897 s=0.000 lv=-39.4 pk=-38.0 c0=3.6 c1=8.8 kw=8.58 inf=2.80 iv=1.18 n=3 d=0 sk=0 hf=96128 hm=92132 ht=283156 pf=0 pm=0 pt=0 ru=235420 rp=239416
18:35:01.488 @T t=96003 s=0.000 lv=-39.2 pk=-37.5 c0=3.5 c1=10.9 kw=10.67 inf=2.61 iv=1.16 n=4 d=0 sk=0 hf=96128 hm=92132 ht=283156 pf=0 pm=0 pt=0 ru=235420 rp=239416
18:35:01.488 @T t=96089 s=0.000 lv=-39.5 pk=-38.3 c0=4.2 c1=9.5 kw=9.29 inf=2.48 iv=1.18 n=3 d=0 sk=0 hf=96128 hm=92132 ht=283156 pf=0 pm=0 pt=0 ru=235420 rp=239416
18:35:01.488 @T t=96195 s=0.000 lv=-39.3 pk=-37.3 c0=6.5 c1=8.7 kw=8.49 inf=2.77 iv=1.17 n=3 d=0 sk=0 hf=96128 hm=92132 ht=283156 pf=0 pm=0 pt=0 ru=235420 rp=239416
18:35:01.488 @I ww=marvin cut=0.50 win=5 cool=1000 tick=100 wifi=1 srv=1 li=0 ln=0
18:35:01.488 @T t=96287 s=0.000 lv=-40.2 pk=-38.6 c0=13.7 c1=11.5 kw=11.27 inf=2.41 iv=1.20 n=4 d=0 sk=0 hf=96128 hm=92132 ht=283156 pf=0 pm=0 pt=0 ru=235420 rp=239416
18:35:01.488 @T t=96393 s=0.000 lv=-40.3 pk=-39.0 c0=3.5 c1=8.7 kw=8.49 inf=2.77 iv=1.17 n=3 d=0 sk=0 hf=96128 hm=92132 ht=283156 pf=0 pm=0 pt=0 ru=235420 rp=239416
18:35:01.488 @T t=96499 s=0.000 lv=-40.4 pk=-38.9 c0=3.4 c1=8.5 kw=8.33 inf=2.71 iv=1.13 n=3 d=0 sk=0 hf=96128 hm=92132 ht=283156 pf=0 pm=0 pt=0 ru=235420 rp=239416
18:35:04.076 @T t=96605 s=0.000 lv=-39.2 pk=-38.0 c0=7.4 c1=11.4 kw=10.83 inf=2.65 iv=1.17 n=4 d=0 sk=0 hf=96128 hm=92132 ht=283156 pf=0 pm=0 pt=0 ru=235420 rp=239416
18:35:04.077 @T t=96692 s=0.000 lv=-40.0 pk=-39.1 c0=4.3 c1=9.3 kw=9.16 inf=2.47 iv=1.18 n=3 d=0 sk=0 hf=96128 hm=92132 ht=283156 pf=0 pm=0 pt=0 ru=235420 rp=239416
18:35:04.078 @T t=96798 s=0.000 lv=-39.4 pk=-38.4 c0=3.7 c1=8.5 kw=8.33 inf=2.71 iv=1.12 n=3 d=0 sk=0 hf=96128 hm=92132 ht=283156 pf=0 pm=0 pt=0 ru=235420 rp=239416
18:35:04.078 @T t=96904 s=0.000 lv=-40.9 pk=-39.5 c0=4.2 c1=11.1 kw=10.90 inf=2.67 iv=1.21 n=4 d=0 sk=0 hf=96128 hm=92132 ht=283156 pf=0 pm=0 pt=0 ru=235420 rp=239416
18:35:04.079 @T t=96990 s=0.000 lv=-40.6 pk=-39.2 c0=4.3 c1=9.2 kw=9.02 inf=2.40 iv=1.13 n=3 d=0 sk=0 hf=96128 hm=92132 ht=283156 pf=0 pm=0 pt=0 ru=235420 rp=239416
18:35:04.079 @T t=97096 s=0.000 lv=-41.1 pk=-40.0 c0=3.6 c1=8.6 kw=8.41 inf=2.74 iv=1.15 n=3 d=0 sk=0 hf=96128 hm=92132 ht=283156 pf=0 pm=0 pt=0 ru=235420 rp=239416
18:35:04.079 @T t=97202 s=0.000 lv=-39.3 pk=-37.8 c0=3.5 c1=10.5 kw=10.50 inf=2.57 iv=1.14 n=4 d=0 sk=0 hf=96128 hm=92132 ht=283156 pf=0 pm=0 pt=0 ru=235420 rp=239416
18:35:04.079 @I ww=marvin cut=0.50 win=5 cool=1000 tick=100 wifi=1 srv=1 li=0 ln=0
18:35:04.079 @T t=97294 s=0.000 lv=-42.1 pk=-41.5 c0=4.8 c1=6.5 kw=6.18 inf=1.71 iv=1.38 n=1 d=0 sk=2 hf=96128 hm=92132 ht=283156 pf=0 pm=0 pt=0 ru=235420 rp=239416
18:35:04.079 @T t=97400 s=0.000 lv=-41.5 pk=-39.7 c0=3.4 c1=5.1 kw=4.95 inf=1.52 iv=0.00 n=0 d=0 sk=3 hf=96128 hm=92132 ht=283156 pf=0 pm=0 pt=0 ru=235420 rp=239416
18:35:04.079 @T t=97505 s=0.000 lv=-38.7 pk=-35.8 c0=5.8 c1=14.9 kw=14.70 inf=1.46 iv=0.99 n=9 d=0 sk=1 hf=96128 hm=92132 ht=283156 pf=0 pm=0 pt=0 ru=235420 rp=239416
18:35:04.079 @T t=97591 s=0.000 lv=-41.7 pk=-39.7 c0=4.3 c1=9.3 kw=9.13 inf=2.43 iv=1.15 n=3 d=0 sk=0 hf=96128 hm=92132 ht=283156 pf=0 pm=0 pt=0 ru=235420 rp=239416
18:35:04.079 @T t=97697 s=0.000 lv=-39.1 pk=-37.2 c0=6.9 c1=8.9 kw=8.69 inf=2.83 iv=1.22 n=3 d=0 sk=0 hf=96128 hm=92132 ht=283156 pf=0 pm=0 pt=0 ru=235420 rp=239416
18:35:04.079 @T t=97803 s=0.000 lv=-40.5 pk=-39.0 c0=6.1 c1=10.5 kw=10.53 inf=2.58 iv=1.14 n=4 d=0 sk=0 hf=96128 hm=92132 ht=283156 pf=0 pm=0 pt=0 ru=235420 rp=239416
18:35:04.079 @T t=97889 s=0.000 lv=-41.1 pk=-40.3 c0=4.5 c1=10.0 kw=9.49 inf=2.53 iv=1.23 n=3 d=0 sk=0 hf=96128 hm=92132 ht=283156 pf=0 pm=0 pt=0 ru=235420 rp=239416
18:35:04.079 @T t=97995 s=0.000 lv=-39.8 pk=-38.6 c0=3.4 c1=8.8 kw=8.60 inf=2.81 iv=1.19 n=3 d=0 sk=0 hf=96128 hm=92132 ht=283156 pf=0 pm=0 pt=0 ru=235420 rp=239416
18:35:04.079 @T t=98101 s=0.000 lv=-40.8 pk=-39.3 c0=3.6 c1=8.5 kw=8.58 inf=2.75 iv=1.16 n=3 d=0 sk=0 hf=96128 hm=92132 ht=283156 pf=0 pm=0 pt=0 ru=235420 rp=239416
18:35:04.080 @T t=98187 s=0.000 lv=-38.7 pk=-36.6 c0=7.6 c1=12.8 kw=12.32 inf=2.51 iv=1.29 n=4 d=0 sk=0 hf=96128 hm=92132 ht=283156 pf=0 pm=0 pt=0 ru=235420 rp=239416
18:35:04.080 @I ww=marvin cut=0.50 win=5 cool=1000 tick=100 wifi=1 srv=1 li=0 ln=0
18:35:04.080 @T t=98299 s=0.000 lv=-41.0 pk=-39.7 c0=4.0 c1=8.3 kw=8.12 inf=2.80 iv=1.19 n=3 d=0 sk=0 hf=96128 hm=92132 ht=283156 pf=0 pm=0 pt=0 ru=235420 rp=239416
18:35:04.080 @T t=98405 s=0.000 lv=-38.7 pk=-37.4 c0=6.2 c1=11.0 kw=10.81 inf=2.65 iv=1.20 n=4 d=0 sk=0 hf=96128 hm=92132 ht=283156 pf=0 pm=0 pt=0 ru=235420 rp=239416
18:35:04.080 @T t=98491 s=0.000 lv=-42.1 pk=-40.9 c0=8.2 c1=9.5 kw=9.32 inf=2.48 iv=1.20 n=3 d=0 sk=0 hf=96128 hm=92132 ht=283156 pf=0 pm=0 pt=0 ru=235420 rp=239416
18:35:04.080 @T t=98598 s=0.000 lv=-40.2 pk=-38.9 c0=6.6 c1=8.8 kw=8.29 inf=2.73 iv=1.14 n=3 d=0 sk=0 hf=96128 hm=92132 ht=283156 pf=0 pm=0 pt=0 ru=235420 rp=239416
18:35:04.080 @T t=98705 s=0.000 lv=-39.8 pk=-38.0 c0=3.5 c1=10.8 kw=10.69 inf=2.65 iv=1.19 n=4 d=0 sk=0 hf=96128 hm=92132 ht=283156 pf=0 pm=0 pt=0 ru=235420 rp=239416
18:35:04.080 @T t=98791 s=0.000 lv=-38.8 pk=-37.1 c0=4.6 c1=9.8 kw=9.53 inf=2.54 iv=1.23 n=3 d=0 sk=0 hf=96128 hm=92132 ht=283156 pf=0 pm=0 pt=0 ru=235420 rp=239416
18:35:04.080 @T t=98897 s=0.000 lv=-39.5 pk=-39.0 c0=4.1 c1=9.1 kw=8.90 inf=2.91 iv=1.27 n=3 d=0 sk=0 hf=96128 hm=92132 ht=283156 pf=0 pm=0 pt=0 ru=235420 rp=239416
18:35:04.080 @T t=99003 s=0.000 lv=-40.5 pk=-39.2 c0=3.5 c1=10.8 kw=10.85 inf=2.66 iv=1.21 n=4 d=0 sk=0 hf=96128 hm=92132 ht=283156 pf=0 pm=0 pt=0 ru=235420 rp=239416
18:35:04.080 @T t=99089 s=0.000 lv=-40.8 pk=-39.8 c0=4.4 c1=7.2 kw=6.77 inf=1.75 iv=1.45 n=1 d=0 sk=2 hf=96128 hm=92132 ht=283156 pf=0 pm=0 pt=0 ru=235420 rp=239416
18:35:06.376 @T t=99195 s=0.000 lv=-40.2 pk=-38.7 c0=3.3 c1=5.1 kw=4.97 inf=1.53 iv=0.00 n=0 d=0 sk=3 hf=96128 hm=92132 ht=283156 pf=0 pm=0 pt=0 ru=235420 rp=239416
18:35:06.377 @I ww=marvin cut=0.50 win=5 cool=1000 tick=100 wifi=1 srv=1 li=0 ln=0
18:35:06.377 @T t=99287 s=0.000 lv=-39.9 pk=-38.6 c0=4.4 c1=5.9 kw=5.69 inf=1.52 iv=0.00 n=0 d=0 sk=3 hf=96128 hm=92132 ht=283156 pf=0 pm=0 pt=0 ru=235420 rp=239416
18:35:06.377 @T t=99393 s=0.000 lv=-41.3 pk=-39.8 c0=6.4 c1=5.0 kw=4.91 inf=1.51 iv=0.00 n=0 d=0 sk=3 hf=96128 hm=92132 ht=283156 pf=0 pm=0 pt=0 ru=235420 rp=239416
18:35:06.377 @T t=99499 s=0.000 lv=-40.1 pk=-38.5 c0=3.0 c1=5.1 kw=4.94 inf=1.52 iv=0.00 n=0 d=0 sk=3 hf=96128 hm=92132 ht=283156 pf=0 pm=0 pt=0 ru=235420 rp=239416
18:35:06.377 @T t=99605 s=0.000 lv=-40.1 pk=-37.8 c0=3.6 c1=6.1 kw=5.96 inf=1.38 iv=0.00 n=0 d=0 sk=4 hf=96128 hm=92132 ht=283156 pf=0 pm=0 pt=0 ru=235420 rp=239416
18:35:06.377 @T t=99691 s=0.000 lv=-31.6 pk=-30.0 c0=3.9 c1=19.3 kw=19.11 inf=1.32 iv=0.99 n=12 d=0 sk=0 hf=96128 hm=92132 ht=283156 pf=0 pm=0 pt=0 ru=235420 rp=239416
18:35:06.377 @T t=99797 s=0.000 lv=-35.1 pk=-33.0 c0=6.1 c1=8.7 kw=8.55 inf=2.78 iv=1.18 n=3 d=0 sk=0 hf=96128 hm=92132 ht=283156 pf=0 pm=0 pt=0 ru=235420 rp=239416
18:35:06.377 @T t=99903 s=0.000 lv=-38.1 pk=-37.1 c0=4.1 c1=11.1 kw=10.86 inf=2.66 iv=1.20 n=4 d=0 sk=0 hf=96128 hm=92132 ht=283156 pf=0 pm=0 pt=0 ru=235420 rp=239416
18:35:06.377 @T t=99989 s=0.001 lv=-39.0 pk=-38.3 c0=7.5 c1=9.5 kw=9.30 inf=2.48 iv=1.19 n=3 d=0 sk=0 hf=96128 hm=92132 ht=283156 pf=0 pm=0 pt=0 ru=235420 rp=239416
18:35:06.377 @T t=100095 s=0.001 lv=-39.9 pk=-39.4 c0=3.6 c1=8.8 kw=8.58 inf=2.79 iv=1.20 n=3 d=0 sk=0 hf=96128 hm=92132 ht=283156 pf=0 pm=0 pt=0 ru=235420 rp=239416
18:35:06.377 @T t=100201 s=0.000 lv=-40.5 pk=-39.0 c0=3.5 c1=9.7 kw=9.70 inf=2.36 iv=1.16 n=4 d=0 sk=0 hf=96128 hm=92132 ht=283156 pf=0 pm=0 pt=0 ru=235420 rp=239416
18:35:06.377 @I ww=marvin cut=0.50 win=5 cool=1000 tick=100 wifi=1 srv=1 li=0 ln=0
18:35:06.377 @T t=100293 s=0.000 lv=-40.8 pk=-38.9 c0=4.8 c1=10.4 kw=9.98 inf=2.87 iv=1.18 n=3 d=0 sk=0 hf=96128 hm=92132 ht=283156 pf=0 pm=0 pt=0 ru=235420 rp=239416
18:35:06.377 @T t=100399 s=0.000 lv=-39.7 pk=-38.5 c0=6.7 c1=8.8 kw=8.59 inf=2.80 iv=1.19 n=3 d=0 sk=0 hf=96128 hm=92132 ht=283156 pf=0 pm=0 pt=0 ru=235420 rp=239416
18:35:06.377 @T t=100505 s=0.000 lv=-39.9 pk=-38.8 c0=3.5 c1=10.9 kw=10.67 inf=2.62 iv=1.17 n=4 d=0 sk=0 hf=96128 hm=92132 ht=283156 pf=0 pm=0 pt=0 ru=235420 rp=239416
18:35:06.377 @T t=100591 s=0.000 lv=-40.2 pk=-38.4 c0=8.1 c1=9.2 kw=9.04 inf=2.41 iv=1.13 n=3 d=0 sk=0 hf=96128 hm=92132 ht=283156 pf=0 pm=0 pt=0 ru=235420 rp=239416
18:35:06.377 @T t=100697 s=0.000 lv=-40.9 pk=-39.8 c0=6.8 c1=9.6 kw=9.03 inf=2.95 iv=1.29 n=3 d=0 sk=0 hf=96128 hm=92132 ht=283156 pf=0 pm=0 pt=0 ru=235420 rp=239416
18:35:06.377 @T t=100804 s=0.000 lv=-40.3 pk=-39.4 c0=6.6 c1=10.6 kw=10.38 inf=2.57 iv=1.13 n=4 d=0 sk=0 hf=96128 hm=92132 ht=283156 pf=0 pm=0 pt=0 ru=235420 rp=239416
18:35:06.378 @T t=100890 s=0.000 lv=-40.6 pk=-39.7 c0=9.0 c1=9.8 kw=9.54 inf=2.54 iv=1.23 n=3 d=0 sk=0 hf=96128 hm=92132 ht=283156 pf=0 pm=0 pt=0 ru=235420 rp=239416
18:35:06.378 @T t=100996 s=0.000 lv=-41.3 pk=-40.7 c0=3.4 c1=8.5 kw=8.37 inf=2.73 iv=1.14 n=3 d=0 sk=0 hf=96128 hm=92132 ht=283156 pf=0 pm=0 pt=0 ru=235420 rp=239416
18:35:06.378 @T t=101103 s=0.000 lv=-41.8 pk=-40.9 c0=4.0 c1=10.9 kw=10.67 inf=2.64 iv=1.19 n=4 d=0 sk=0 hf=96128 hm=92132 ht=283156 pf=0 pm=0 pt=0 ru=235420 rp=239416
18:35:06.378 [status] up 101s | mic -39.9 dBFS (peak -30.0) | score max 0.00 | detections 0 | inferences 185 (18.5/s; model 1.15 ms each, paused in quiet 46%; features 1.38 ms per 30 ms) | CPU core0  5.4% core1  7.7% (wake word pipeline 7.52% of one core) | RAM used 229 KB (peak 233 KB, 93 KB free) | wifi OK, server OK | audio lost since boot: i2s 0 net 0
18:35:06.378 @T t=101211 s=0.000 lv=-40.3 pk=-38.7 c0=7.9 c1=9.9 kw=9.65 inf=2.42 iv=1.20 n=4 d=0 sk=0 hf=96128 hm=92132 ht=283156 pf=0 pm=0 pt=0 ru=235420 rp=239416
18:35:06.378 @I ww=marvin cut=0.50 win=5 cool=1000 tick=100 wifi=1 srv=1 li=0 ln=0
18:35:06.378 @T t=101303 s=0.000 lv=-40.7 pk=-39.4 c0=4.8 c1=9.6 kw=9.52 inf=2.69 iv=1.12 n=3 d=0 sk=0 hf=96128 hm=92132 ht=283156 pf=0 pm=0 pt=0 ru=235420 rp=239416
18:35:06.378 @T t=101389 s=0.000 lv=-39.8 pk=-38.6 c0=4.3 c1=7.0 kw=6.64 inf=1.72 iv=1.36 n=1 d=0 sk=2 hf=96128 hm=92132 ht=283156 pf=0 pm=0 pt=0 ru=235420 rp=239416
18:35:08.963 @T t=101495 s=0.000 lv=-39.6 pk=-37.9 c0=3.3 c1=5.1 kw=4.97 inf=1.53 iv=0.00 n=0 d=0 sk=3 hf=96128 hm=92132 ht=283156 pf=0 pm=0 pt=0 ru=235420 rp=239416
18:35:08.963 @T t=101601 s=0.000 lv=-39.6 pk=-37.8 c0=6.3 c1=5.0 kw=5.07 inf=1.52 iv=0.00 n=0 d=0 sk=3 hf=96128 hm=92132 ht=283156 pf=0 pm=0 pt=0 ru=235420 rp=239416
18:35:08.963 @T t=101687 s=0.000 lv=-40.2 pk=-38.0 c0=8.4 c1=6.6 kw=6.13 inf=1.58 iv=0.00 n=0 d=0 sk=3 hf=96128 hm=92132 ht=283156 pf=0 pm=0 pt=0 ru=235420 rp=239416
18:35:08.963 @T t=101793 s=0.000 lv=-40.8 pk=-39.9 c0=3.1 c1=5.1 kw=4.94 inf=1.52 iv=0.00 n=0 d=0 sk=3 hf=96128 hm=92132 ht=283156 pf=0 pm=0 pt=0 ru=235420 rp=239416
18:35:08.963 @T t=101899 s=0.000 lv=-40.1 pk=-38.8 c0=6.4 c1=5.1 kw=4.94 inf=1.52 iv=0.00 n=0 d=0 sk=3 hf=96128 hm=92132 ht=283156 pf=0 pm=0 pt=0 ru=235420 rp=239416
18:35:08.963 @T t=102005 s=0.000 lv=-39.6 pk=-37.9 c0=3.1 c1=6.1 kw=5.90 inf=1.36 iv=0.00 n=0 d=0 sk=4 hf=96128 hm=92132 ht=283156 pf=0 pm=0 pt=0 ru=235420 rp=239416
18:35:08.963 @T t=102091 s=0.000 lv=-40.2 pk=-39.3 c0=3.9 c1=5.0 kw=4.89 inf=1.83 iv=0.00 n=0 d=0 sk=2 hf=96128 hm=92132 ht=283156 pf=0 pm=0 pt=0 ru=235420 rp=239416
18:35:08.963 @T t=102197 s=0.000 lv=-39.0 pk=-37.8 c0=6.7 c1=5.1 kw=4.97 inf=1.53 iv=0.00 n=0 d=0 sk=3 hf=96128 hm=92132 ht=283156 pf=0 pm=0 pt=0 ru=235420 rp=239416
18:35:08.963 @I ww=marvin cut=0.50 win=5 cool=1000 tick=100 wifi=1 srv=1 li=0 ln=0
18:35:08.963 @T t=102289 s=0.000 lv=-40.6 pk=-39.9 c0=4.7 c1=5.9 kw=5.72 inf=1.53 iv=0.00 n=0 d=0 sk=3 hf=96128 hm=92132 ht=283156 pf=0 pm=0 pt=0 ru=235420 rp=239416
18:35:08.963 @T t=102395 s=0.000 lv=-37.7 pk=-33.9 c0=3.2 c1=16.3 kw=16.11 inf=1.37 iv=0.97 n=12 d=0 sk=0 hf=96128 hm=92132 ht=283156 pf=0 pm=0 pt=0 ru=235420 rp=239416
18:35:08.963 @T t=102501 s=0.000 lv=-39.2 pk=-37.2 c0=3.4 c1=8.5 kw=8.52 inf=2.73 iv=1.14 n=3 d=0 sk=0 hf=96128 hm=92132 ht=283156 pf=0 pm=0 pt=0 ru=235420 rp=239416
18:35:08.963 @T t=102587 s=0.000 lv=-37.8 pk=-36.4 c0=4.4 c1=12.3 kw=11.87 inf=2.41 iv=1.21 n=4 d=0 sk=0 hf=96128 hm=92132 ht=283156 pf=0 pm=0 pt=0 ru=235420 rp=239416
18:35:08.963 @T t=102693 s=0.000 lv=-38.2 pk=-36.6 c0=7.0 c1=9.6 kw=9.39 inf=3.07 iv=1.43 n=3 d=0 sk=0 hf=96128 hm=92132 ht=283156 pf=0 pm=0 pt=0 ru=235420 rp=239416
18:35:08.963 @T t=102799 s=0.000 lv=-38.4 pk=-37.4 c0=3.5 c1=8.6 kw=8.42 inf=2.74 iv=1.15 n=3 d=0 sk=0 hf=96128 hm=92132 ht=283156 pf=0 pm=0 pt=0 ru=235420 rp=239416
18:35:08.963 @T t=102905 s=0.000 lv=-38.1 pk=-36.5 c0=4.2 c1=11.1 kw=10.87 inf=2.67 iv=1.21 n=4 d=0 sk=0 hf=96128 hm=92132 ht=283156 pf=0 pm=0 pt=0 ru=235420 rp=239416
18:35:08.963 @T t=102991 s=0.000 lv=-38.6 pk=-37.1 c0=4.2 c1=9.2 kw=9.06 inf=2.41 iv=1.13 n=3 d=0 sk=0 hf=96128 hm=92132 ht=283156 pf=0 pm=0 pt=0 ru=235420 rp=239416
18:35:08.963 @T t=103097 s=0.000 lv=-36.7 pk=-35.7 c0=3.6 c1=8.6 kw=8.44 inf=2.75 iv=1.15 n=3 d=0 sk=0 hf=96128 hm=92132 ht=283156 pf=0 pm=0 pt=0 ru=235420 rp=239416
18:35:08.963 @T t=103204 s=0.000 lv=-38.1 pk=-36.9 c0=3.4 c1=10.5 kw=10.34 inf=2.56 iv=1.12 n=4 d=0 sk=0 hf=96128 hm=92132 ht=283156 pf=0 pm=0 pt=0 ru=235420 rp=239416
18:35:08.963 @I ww=marvin cut=0.50 win=5 cool=1000 tick=100 wifi=1 srv=1 li=0 ln=0
18:35:08.963 @T t=103296 s=0.000 lv=-38.6 pk=-37.5 c0=5.2 c1=9.1 kw=8.87 inf=2.53 iv=1.22 n=3 d=0 sk=0 hf=96128 hm=92132 ht=283156 pf=0 pm=0 pt=0 ru=235420 rp=239416
18:35:08.963 @T t=103402 s=0.000 lv=-36.9 pk=-34.5 c0=3.5 c1=9.7 kw=8.75 inf=2.81 iv=1.20 n=3 d=0 sk=0 hf=96128 hm=92132 ht=283156 pf=0 pm=0 pt=0 ru=235420 rp=239416
18:35:08.963 @T t=103488 s=0.000 lv=-37.5 pk=-36.5 c0=4.3 c1=11.1 kw=11.81 inf=2.40 iv=1.13 n=4 d=0 sk=0 hf=96128 hm=92132 ht=283156 pf=0 pm=0 pt=0 ru=235420 rp=239416
18:35:08.963 @T t=103594 s=0.000 lv=-40.4 pk=-38.7 c0=3.5 c1=8.8 kw=8.60 inf=2.81 iv=1.20 n=3 d=0 sk=0 hf=96128 hm=92132 ht=283156 pf=0 pm=0 pt=0 ru=235420 rp=239416
18:35:08.963 @T t=103700 s=0.000 lv=-40.3 pk=-39.3 c0=3.9 c1=8.9 kw=8.72 inf=2.84 iv=1.22 n=3 d=0 sk=0 hf=96128 hm=92132 ht=283156 pf=0 pm=0 pt=0 ru=235420 rp=239416
18:35:08.963 @T t=103789 s=0.000 lv=-40.5 pk=-39.3 c0=10.8 c1=11.5 kw=11.30 inf=2.33 iv=1.12 n=4 d=0 sk=0 hf=96128 hm=92132 ht=283156 pf=0 pm=0 pt=0 ru=235420 rp=239416
18:35:08.963 @T t=103895 s=0.000 lv=-41.1 pk=-39.9 c0=3.6 c1=8.9 kw=8.68 inf=2.83 iv=1.22 n=3 d=0 sk=0 hf=96128 hm=92132 ht=283156 pf=0 pm=0 pt=0 ru=235420 rp=239416
18:35:08.963 @T t=104001 s=0.000 lv=-41.6 pk=-38.7 c0=3.4 c1=6.5 kw=6.54 inf=2.04 iv=1.39 n=1 d=0 sk=2 hf=96128 hm=92132 ht=283156 pf=0 pm=0 pt=0 ru=235420 rp=239416
18:35:11.470 @T t=104087 s=0.000 lv=-40.6 pk=-38.5 c0=4.2 c1=6.6 kw=6.23 inf=1.60 iv=0.00 n=0 d=0 sk=3 hf=96128 hm=92132 ht=283156 pf=0 pm=0 pt=0 ru=235420 rp=239416
18:35:11.470 @T t=104193 s=0.000 lv=-40.7 pk=-39.3 c0=6.3 c1=5.1 kw=4.93 inf=1.52 iv=0.00 n=0 d=0 sk=3 hf=96128 hm=92132 ht=283156 pf=0 pm=0 pt=0 ru=235420 rp=239416
18:35:11.470 @I ww=marvin cut=0.50 win=5 cool=1000 tick=100 wifi=1 srv=1 li=0 ln=0
18:35:11.471 @T t=104305 s=0.000 lv=-40.6 pk=-39.4 c0=3.7 c1=5.8 kw=5.61 inf=1.37 iv=0.00 n=0 d=0 sk=4 hf=96128 hm=92132 ht=283156 pf=0 pm=0 pt=0 ru=235420 rp=239416
18:35:11.471 @T t=104391 s=0.000 lv=-38.9 pk=-38.2 c0=3.8 c1=5.0 kw=4.90 inf=1.83 iv=0.00 n=0 d=0 sk=2 hf=96128 hm=92132 ht=283156 pf=0 pm=0 pt=0 ru=235420 rp=239416
18:35:11.471 @T t=104497 s=0.000 lv=-40.7 pk=-39.8 c0=6.4 c1=5.2 kw=4.99 inf=1.53 iv=0.00 n=0 d=0 sk=3 hf=96128 hm=92132 ht=283156 pf=0 pm=0 pt=0 ru=235420 rp=239416
18:35:11.471 @T t=104603 s=0.000 lv=-40.8 pk=-39.8 c0=3.3 c1=6.1 kw=5.95 inf=1.38 iv=0.00 n=0 d=0 sk=4 hf=96128 hm=92132 ht=283156 pf=0 pm=0 pt=0 ru=235420 rp=239416
18:35:11.471 @T t=104689 s=0.000 lv=-41.2 pk=-40.4 c0=7.7 c1=5.6 kw=5.04 inf=1.88 iv=0.00 n=0 d=0 sk=2 hf=96128 hm=92132 ht=283156 pf=0 pm=0 pt=0 ru=235420 rp=239416
18:35:11.471 @T t=104795 s=0.000 lv=-40.2 pk=-38.7 c0=3.4 c1=5.0 kw=4.94 inf=1.52 iv=0.00 n=0 d=0 sk=3 hf=96128 hm=92132 ht=283156 pf=0 pm=0 pt=0 ru=235420 rp=239416
18:35:11.471 @T t=104901 s=0.000 lv=-38.3 pk=-35.6 c0=7.0 c1=5.1 kw=5.11 inf=1.53 iv=0.00 n=0 d=0 sk=3 hf=96128 hm=92132 ht=283156 pf=0 pm=0 pt=0 ru=235420 rp=239416
18:35:11.471 @T t=104987 s=0.000 lv=-40.9 pk=-40.1 c0=4.0 c1=6.6 kw=6.18 inf=1.59 iv=0.00 n=0 d=0 sk=3 hf=96128 hm=92132 ht=283156 pf=0 pm=0 pt=0 ru=235420 rp=239416
18:35:11.471 @T t=105093 s=0.000 lv=-40.3 pk=-39.4 c0=3.2 c1=5.1 kw=4.92 inf=1.51 iv=0.00 n=0 d=0 sk=3 hf=96128 hm=92132 ht=283156 pf=0 pm=0 pt=0 ru=235420 rp=239416
18:35:11.471 @T t=105199 s=0.000 lv=-41.7 pk=-41.2 c0=3.1 c1=5.0 kw=4.92 inf=1.51 iv=0.00 n=0 d=0 sk=3 hf=96128 hm=92132 ht=283156 pf=0 pm=0 pt=0 ru=235420 rp=239416
18:35:11.471 @I ww=marvin cut=0.50 win=5 cool=1000 tick=100 wifi=1 srv=1 li=0 ln=0
18:35:11.471 @T t=105291 s=0.000 lv=-40.1 pk=-38.9 c0=13.2 c1=5.9 kw=5.70 inf=1.52 iv=0.00 n=0 d=0 sk=3 hf=96128 hm=92132 ht=283156 pf=0 pm=0 pt=0 ru=235420 rp=239416
18:35:11.471 @T t=105397 s=0.000 lv=-40.5 pk=-39.3 c0=6.4 c1=5.1 kw=4.92 inf=1.52 iv=0.00 n=0 d=0 sk=3 hf=96128 hm=92132 ht=283156 pf=0 pm=0 pt=0 ru=235420 rp=239416
18:35:11.471 @T t=105503 s=0.000 lv=-41.7 pk=-40.8 c0=3.1 c1=6.0 kw=5.87 inf=1.35 iv=0.00 n=0 d=0 sk=4 hf=96128 hm=92132 ht=283156 pf=0 pm=0 pt=0 ru=235420 rp=239416
18:35:11.471 @T t=105589 s=0.000 lv=-40.3 pk=-39.8 c0=4.2 c1=5.1 kw=4.93 inf=1.85 iv=0.00 n=0 d=0 sk=2 hf=96128 hm=92132 ht=283156 pf=0 pm=0 pt=0 ru=235420 rp=239416
18:35:11.471 @T t=105695 s=0.000 lv=-39.4 pk=-38.5 c0=3.8 c1=5.1 kw=5.00 inf=1.54 iv=0.00 n=0 d=0 sk=3 hf=96128 hm=92132 ht=283156 pf=0 pm=0 pt=0 ru=235420 rp=239416
18:35:11.471 @T t=105801 s=0.000 lv=-40.0 pk=-38.2 c0=3.2 c1=5.0 kw=5.07 inf=1.52 iv=0.00 n=0 d=0 sk=3 hf=96128 hm=92132 ht=283156 pf=0 pm=0 pt=0 ru=235420 rp=239416
18:35:11.471 @T t=105887 s=0.000 lv=-40.8 pk=-39.1 c0=8.0 c1=6.6 kw=6.16 inf=1.59 iv=0.00 n=0 d=0 sk=3 hf=96128 hm=92132 ht=283156 pf=0 pm=0 pt=0 ru=235420 rp=239416
18:35:11.471 @T t=105993 s=0.000 lv=-40.7 pk=-38.7 c0=3.1 c1=5.1 kw=4.92 inf=1.51 iv=0.00 n=0 d=0 sk=3 hf=96128 hm=92132 ht=283156 pf=0 pm=0 pt=0 ru=235420 rp=239416
18:35:11.471 @T t=106099 s=0.000 lv=-41.4 pk=-40.5 c0=6.4 c1=5.1 kw=4.94 inf=1.52 iv=0.00 n=0 d=0 sk=3 hf=96128 hm=92132 ht=283156 pf=0 pm=0 pt=0 ru=235420 rp=239416
18:35:11.471 @T t=106205 s=0.000 lv=-41.4 pk=-39.4 c0=3.1 c1=6.1 kw=5.91 inf=1.37 iv=0.00 n=0 d=0 sk=4 hf=96128 hm=92132 ht=283156 pf=0 pm=0 pt=0 ru=235420 rp=239416
18:35:11.471 @I ww=marvin cut=0.50 win=5 cool=1000 tick=100 wifi=1 srv=1 li=0 ln=0
18:35:11.471 @T t=106297 s=0.000 lv=-42.0 pk=-41.5 c0=13.3 c1=4.7 kw=4.56 inf=1.82 iv=0.00 n=0 d=0 sk=2 hf=96128 hm=92132 ht=283156 pf=0 pm=0 pt=0 ru=235420 rp=239416
18:35:11.471 @T t=106403 s=0.000 lv=-39.4 pk=-37.8 c0=6.4 c1=6.1 kw=5.91 inf=1.36 iv=0.00 n=0 d=0 sk=4 hf=96128 hm=92132 ht=283156 pf=0 pm=0 pt=0 ru=235420 rp=239416
18:35:11.471 @T t=106489 s=0.000 lv=-38.9 pk=-37.0 c0=3.8 c1=5.0 kw=4.89 inf=1.83 iv=0.00 n=0 d=0 sk=2 hf=96128 hm=92132 ht=283156 pf=0 pm=0 pt=0 ru=235420 rp=239416
18:35:13.981 @T t=106595 s=0.000 lv=-40.3 pk=-38.1 c0=6.3 c1=5.1 kw=4.95 inf=1.52 iv=0.00 n=0 d=0 sk=3 hf=96128 hm=92132 ht=283156 pf=0 pm=0 pt=0 ru=235420 rp=239416
18:35:13.981 @T t=106701 s=0.000 lv=-41.0 pk=-39.7 c0=9.9 c1=5.6 kw=5.25 inf=1.58 iv=0.00 n=0 d=0 sk=3 hf=96128 hm=92132 ht=283156 pf=0 pm=0 pt=0 ru=235420 rp=239416
18:35:13.981 @T t=106787 s=0.000 lv=-40.5 pk=-39.7 c0=4.2 c1=6.6 kw=6.21 inf=1.60 iv=0.00 n=0 d=0 sk=3 hf=96128 hm=92132 ht=283156 pf=0 pm=0 pt=0 ru=235420 rp=239416
18:35:13.982 @T t=106893 s=0.000 lv=-40.0 pk=-39.0 c0=3.7 c1=5.2 kw=5.00 inf=1.54 iv=0.00 n=0 d=0 sk=3 hf=96128 hm=92132 ht=283156 pf=0 pm=0 pt=0 ru=235420 rp=239416
18:35:13.982 @T t=106999 s=0.000 lv=-40.8 pk=-38.7 c0=3.3 c1=5.0 kw=4.94 inf=1.52 iv=0.00 n=0 d=0 sk=3 hf=96128 hm=92132 ht=283156 pf=0 pm=0 pt=0 ru=235420 rp=239416
18:35:13.982 @T t=107105 s=0.000 lv=-40.4 pk=-39.4 c0=3.2 c1=6.1 kw=5.93 inf=1.37 iv=0.00 n=0 d=0 sk=4 hf=96128 hm=92132 ht=283156 pf=0 pm=0 pt=0 ru=235420 rp=239416
18:35:13.982 @T t=107191 s=0.000 lv=-40.1 pk=-39.4 c0=3.8 c1=5.0 kw=4.87 inf=1.82 iv=0.00 n=0 d=0 sk=2 hf=96128 hm=92132 ht=283156 pf=0 pm=0 pt=0 ru=235420 rp=239416
18:35:13.982 @I ww=marvin cut=0.50 win=5 cool=1000 tick=100 wifi=1 srv=1 li=0 ln=0
18:35:13.982 @T t=107303 s=0.000 lv=-40.1 pk=-38.7 c0=11.0 c1=5.8 kw=5.60 inf=1.37 iv=0.00 n=0 d=0 sk=4 hf=96128 hm=92132 ht=283156 pf=0 pm=0 pt=0 ru=235420 rp=239416
18:35:13.982 @T t=107389 s=0.000 lv=-39.1 pk=-37.3 c0=7.9 c1=5.0 kw=4.89 inf=1.83 iv=0.00 n=0 d=0 sk=2 hf=96128 hm=92132 ht=283156 pf=0 pm=0 pt=0 ru=235420 rp=239416
18:35:13.982 @T t=107495 s=0.000 lv=-40.2 pk=-38.2 c0=3.1 c1=5.1 kw=4.94 inf=1.52 iv=0.00 n=0 d=0 sk=3 hf=96128 hm=92132 ht=283156 pf=0 pm=0 pt=0 ru=235420 rp=239416
18:35:13.982 @T t=107601 s=0.000 lv=-40.9 pk=-39.2 c0=6.3 c1=5.0 kw=5.06 inf=1.52 iv=0.00 n=0 d=0 sk=3 hf=96128 hm=92132 ht=283156 pf=0 pm=0 pt=0 ru=235420 rp=239416
18:35:13.982 @T t=107687 s=0.000 lv=-41.4 pk=-40.7 c0=4.4 c1=6.6 kw=6.16 inf=1.59 iv=0.00 n=0 d=0 sk=3 hf=96128 hm=92132 ht=283156 pf=0 pm=0 pt=0 ru=235420 rp=239416
18:35:13.982 @T t=107793 s=0.000 lv=-40.3 pk=-38.3 c0=3.6 c1=5.1 kw=4.99 inf=1.54 iv=0.00 n=0 d=0 sk=3 hf=96128 hm=92132 ht=283156 pf=0 pm=0 pt=0 ru=235420 rp=239416
18:35:13.982 @T t=107899 s=0.000 lv=-39.4 pk=-38.0 c0=3.4 c1=5.1 kw=4.94 inf=1.52 iv=0.00 n=0 d=0 sk=3 hf=96128 hm=92132 ht=283156 pf=0 pm=0 pt=0 ru=235420 rp=239416
18:35:13.982 @T t=108005 s=0.000 lv=-39.6 pk=-37.8 c0=3.1 c1=6.1 kw=5.94 inf=1.37 iv=0.00 n=0 d=0 sk=4 hf=96128 hm=92132 ht=283156 pf=0 pm=0 pt=0 ru=235420 rp=239416
18:35:13.982 @T t=108091 s=0.000 lv=-39.8 pk=-39.1 c0=7.9 c1=5.1 kw=4.90 inf=1.83 iv=0.00 n=0 d=0 sk=2 hf=96128 hm=92132 ht=283156 pf=0 pm=0 pt=0 ru=235420 rp=239416
18:35:13.982 @T t=108197 s=0.000 lv=-39.7 pk=-37.9 c0=6.4 c1=5.1 kw=4.92 inf=1.52 iv=0.00 n=0 d=0 sk=3 hf=96128 hm=92132 ht=283156 pf=0 pm=0 pt=0 ru=235420 rp=239416
18:35:13.982 @I ww=marvin cut=0.50 win=5 cool=1000 tick=100 wifi=1 srv=1 li=0 ln=0
18:35:13.982 @T t=108289 s=0.000 lv=-40.8 pk=-39.2 c0=13.3 c1=5.9 kw=5.69 inf=1.52 iv=0.00 n=0 d=0 sk=3 hf=96128 hm=92132 ht=283156 pf=0 pm=0 pt=0 ru=235420 rp=239416
18:35:13.982 @T t=108395 s=0.000 lv=-40.5 pk=-38.8 c0=3.2 c1=5.1 kw=4.92 inf=1.51 iv=0.00 n=0 d=0 sk=3 hf=96128 hm=92132 ht=283156 pf=0 pm=0 pt=0 ru=235420 rp=239416
18:35:13.982 @T t=108501 s=0.000 lv=-39.9 pk=-39.1 c0=6.3 c1=5.0 kw=5.07 inf=1.52 iv=0.00 n=0 d=0 sk=3 hf=96128 hm=92132 ht=283156 pf=0 pm=0 pt=0 ru=235420 rp=239416
18:35:13.982 @T t=108587 s=0.000 lv=-39.2 pk=-37.5 c0=7.8 c1=6.6 kw=6.15 inf=1.58 iv=0.00 n=0 d=0 sk=3 hf=96128 hm=92132 ht=283156 pf=0 pm=0 pt=0 ru=235420 rp=239416
18:35:13.982 @T t=108694 s=0.000 lv=-40.5 pk=-38.3 c0=6.3 c1=5.6 kw=5.10 inf=1.58 iv=0.00 n=0 d=0 sk=3 hf=96128 hm=92132 ht=283156 pf=0 pm=0 pt=0 ru=235420 rp=239416
18:35:13.982 @T t=108800 s=0.000 lv=-39.5 pk=-38.6 c0=3.3 c1=5.1 kw=4.97 inf=1.53 iv=0.00 n=0 d=0 sk=3 hf=96128 hm=92132 ht=283156 pf=0 pm=0 pt=0 ru=235420 rp=239416
18:35:13.982 @T t=108886 s=0.000 lv=-39.2 pk=-37.8 c0=8.5 c1=6.4 kw=6.17 inf=1.54 iv=0.00 n=0 d=0 sk=3 hf=96128 hm=92132 ht=283156 pf=0 pm=0 pt=0 ru=235420 rp=239416
18:35:13.983 @T t=108992 s=0.000 lv=-39.5 pk=-38.1 c0=3.7 c1=5.2 kw=5.02 inf=1.55 iv=0.00 n=0 d=0 sk=3 hf=96128 hm=92132 ht=283156 pf=0 pm=0 pt=0 ru=235420 rp=239416
18:35:16.280 @T t=109098 s=0.000 lv=-38.5 pk=-37.0 c0=3.4 c1=5.1 kw=4.99 inf=1.54 iv=0.00 n=0 d=0 sk=3 hf=96128 hm=92132 ht=283156 pf=0 pm=0 pt=0 ru=235420 rp=239416
18:35:16.280 @T t=109204 s=0.000 lv=-37.7 pk=-36.3 c0=3.2 c1=6.1 kw=5.91 inf=1.37 iv=0.00 n=0 d=0 sk=4 hf=96128 hm=92132 ht=283156 pf=0 pm=0 pt=0 ru=235420 rp=239416
18:35:16.280 @I ww=marvin cut=0.50 win=5 cool=1000 tick=100 wifi=1 srv=1 li=0 ln=0
18:35:16.280 @T t=109296 s=0.000 lv=-39.0 pk=-37.0 c0=4.3 c1=4.7 kw=4.57 inf=1.83 iv=0.00 n=0 d=0 sk=2 hf=96128 hm=92132 ht=283156 pf=0 pm=0 pt=0 ru=235420 rp=239416
18:35:16.280 @T t=109402 s=0.000 lv=-39.7 pk=-38.0 c0=3.1 c1=5.9 kw=5.90 inf=1.36 iv=0.00 n=0 d=0 sk=4 hf=96128 hm=92132 ht=283156 pf=0 pm=0 pt=0 ru=235420 rp=239416
18:35:16.280 @T t=109488 s=0.000 lv=-39.0 pk=-38.8 c0=7.8 c1=5.2 kw=4.89 inf=1.83 iv=0.00 n=0 d=0 sk=2 hf=96128 hm=92132 ht=283156 pf=0 pm=0 pt=0 ru=235420 rp=239416
18:35:16.281 @T t=109594 s=0.000 lv=-39.6 pk=-38.3 c0=3.0 c1=5.1 kw=4.93 inf=1.52 iv=0.00 n=0 d=0 sk=3 hf=96128 hm=92132 ht=283156 pf=0 pm=0 pt=0 ru=235420 rp=239416
18:35:16.281 @T t=109700 s=0.000 lv=-38.4 pk=-34.5 c0=6.9 c1=17.7 kw=17.52 inf=1.37 iv=1.00 n=13 d=0 sk=0 hf=96128 hm=92132 ht=283156 pf=0 pm=0 pt=0 ru=235420 rp=239416
18:35:16.281 @T t=109789 s=0.000 lv=-38.7 pk=-38.0 c0=4.2 c1=10.6 kw=10.35 inf=2.83 iv=1.14 n=3 d=0 sk=0 hf=96128 hm=92132 ht=283156 pf=0 pm=0 pt=0 ru=235420 rp=239416
18:35:16.281 @T t=109895 s=0.000 lv=-40.3 pk=-39.2 c0=3.7 c1=8.8 kw=8.64 inf=2.82 iv=1.21 n=3 d=0 sk=0 hf=96128 hm=92132 ht=283156 pf=0 pm=0 pt=0 ru=235420 rp=239416
18:35:16.281 @T t=110001 s=0.000 lv=-40.4 pk=-39.1 c0=3.4 c1=9.6 kw=9.60 inf=2.33 iv=1.13 n=4 d=0 sk=0 hf=96128 hm=92132 ht=283156 pf=0 pm=0 pt=0 ru=235420 rp=239416
18:35:16.281 @T t=110087 s=0.000 lv=-39.1 pk=-38.6 c0=4.8 c1=11.7 kw=11.16 inf=3.00 iv=1.28 n=3 d=0 sk=0 hf=96128 hm=92132 ht=283156 pf=0 pm=0 pt=0 ru=235420 rp=239416
18:35:16.281 @T t=110193 s=0.000 lv=-40.1 pk=-38.4 c0=3.4 c1=8.8 kw=8.60 inf=2.80 iv=1.20 n=3 d=0 sk=0 hf=96128 hm=92132 ht=283156 pf=0 pm=0 pt=0 ru=235420 rp=239416
18:35:16.281 @I ww=marvin cut=0.50 win=5 cool=1000 tick=100 wifi=1 srv=1 li=0 ln=0
18:35:16.281 @T t=110305 s=0.000 lv=-39.8 pk=-37.2 c0=4.0 c1=10.0 kw=9.82 inf=2.54 iv=1.11 n=4 d=0 sk=0 hf=96128 hm=92132 ht=283156 pf=0 pm=0 pt=0 ru=235420 rp=239416
18:35:16.281 @T t=110391 s=0.000 lv=-38.9 pk=-37.5 c0=4.3 c1=9.6 kw=9.40 inf=2.51 iv=1.20 n=3 d=0 sk=0 hf=96128 hm=92132 ht=283156 pf=0 pm=0 pt=0 ru=235420 rp=239416
18:35:16.281 @T t=110497 s=0.000 lv=-39.0 pk=-37.0 c0=3.4 c1=8.8 kw=8.66 inf=2.82 iv=1.20 n=3 d=0 sk=0 hf=96128 hm=92132 ht=283156 pf=0 pm=0 pt=0 ru=235420 rp=239416
18:35:16.281 @T t=110603 s=0.000 lv=-39.2 pk=-38.0 c0=3.9 c1=11.3 kw=11.07 inf=2.72 iv=1.25 n=4 d=0 sk=0 hf=96128 hm=92132 ht=283156 pf=0 pm=0 pt=0 ru=235420 rp=239416
18:35:16.281 @T t=110689 s=0.000 lv=-38.7 pk=-36.5 c0=12.5 c1=11.2 kw=10.95 inf=2.94 iv=1.44 n=3 d=0 sk=0 hf=96128 hm=92132 ht=283156 pf=0 pm=0 pt=0 ru=235420 rp=239416
18:35:16.281 @T t=110795 s=0.000 lv=-37.9 pk=-36.7 c0=3.5 c1=8.6 kw=8.45 inf=2.75 iv=1.15 n=3 d=0 sk=0 hf=96128 hm=92132 ht=283156 pf=0 pm=0 pt=0 ru=235420 rp=239416
18:35:16.281 @T t=110901 s=0.000 lv=-39.1 pk=-36.5 c0=4.5 c1=10.1 kw=10.08 inf=2.45 iv=1.22 n=4 d=0 sk=0 hf=96128 hm=92132 ht=283156 pf=0 pm=0 pt=0 ru=235420 rp=239416
18:35:16.281 @T t=110987 s=0.000 lv=-39.0 pk=-37.7 c0=8.7 c1=11.5 kw=11.03 inf=2.97 iv=1.26 n=3 d=0 sk=0 hf=96128 hm=92132 ht=283156 pf=0 pm=0 pt=0 ru=235420 rp=239416
18:35:16.281 @T t=111093 s=0.000 lv=-39.5 pk=-37.7 c0=3.6 c1=8.9 kw=8.73 inf=2.85 iv=1.23 n=3 d=0 sk=0 hf=96128 hm=92132 ht=283156 pf=0 pm=0 pt=0 ru=235420 rp=239416
18:35:16.281 [status] up 111s | mic -39.6 dBFS (peak -33.9) | score max 0.00 | detections 0 | inferences 130 (13.0/s; model 1.16 ms each, paused in quiet 60%; features 1.42 ms per 30 ms) | CPU core0  5.2% core1  7.1% (wake word pipeline 6.89% of one core) | RAM used 229 KB (peak 233 KB, 93 KB free) | wifi OK, server OK | audio lost since boot: i2s 0 net 0
18:35:16.281 @T t=111221 s=0.000 lv=-40.3 pk=-38.3 c0=7.0 c1=9.6 kw=9.59 inf=2.81 iv=1.31 n=4 d=0 sk=0 hf=96128 hm=92132 ht=283156 pf=0 pm=0 pt=0 ru=235420 rp=239416
18:35:16.281 @I ww=marvin cut=0.50 win=5 cool=1000 tick=100 wifi=1 srv=1 li=0 ln=0
18:35:16.281 @T t=111293 s=0.000 lv=-40.0 pk=-39.8 c0=17.3 c1=6.4 kw=5.97 inf=1.94 iv=0.00 n=0 d=0 sk=2 hf=96128 hm=92132 ht=283156 pf=0 pm=0 pt=0 ru=235420 rp=239416
18:35:18.868 @T t=111399 s=0.000 lv=-39.8 pk=-38.6 c0=3.5 c1=5.1 kw=4.97 inf=1.53 iv=0.00 n=0 d=0 sk=3 hf=96128 hm=92132 ht=283156 pf=0 pm=0 pt=0 ru=235420 rp=239416
18:35:18.868 @T t=111505 s=0.000 lv=-39.0 pk=-37.7 c0=3.5 c1=6.2 kw=6.02 inf=1.39 iv=0.00 n=0 d=0 sk=4 hf=96128 hm=92132 ht=283156 pf=0 pm=0 pt=0 ru=235420 rp=239416
18:35:18.868 @T t=111591 s=0.000 lv=-39.7 pk=-38.5 c0=4.0 c1=5.0 kw=4.91 inf=1.84 iv=0.00 n=0 d=0 sk=2 hf=96128 hm=92132 ht=283156 pf=0 pm=0 pt=0 ru=235420 rp=239416
18:35:18.868 @T t=111697 s=0.000 lv=-39.0 pk=-36.9 c0=3.8 c1=5.1 kw=4.95 inf=1.52 iv=0.00 n=0 d=0 sk=3 hf=96128 hm=92132 ht=283156 pf=0 pm=0 pt=0 ru=235420 rp=239416
18:35:18.868 @T t=111803 s=0.000 lv=-40.7 pk=-39.3 c0=3.5 c1=6.2 kw=5.99 inf=1.38 iv=0.00 n=0 d=0 sk=4 hf=96128 hm=92132 ht=283156 pf=0 pm=0 pt=0 ru=235420 rp=239416
18:35:18.868 @T t=111889 s=0.000 lv=-40.3 pk=-38.4 c0=4.2 c1=5.1 kw=4.94 inf=1.85 iv=0.00 n=0 d=0 sk=2 hf=96128 hm=92132 ht=283156 pf=0 pm=0 pt=0 ru=235420 rp=239416
18:35:18.868 @T t=111995 s=0.000 lv=-40.9 pk=-39.9 c0=3.4 c1=5.1 kw=4.97 inf=1.53 iv=0.00 n=0 d=0 sk=3 hf=96128 hm=92132 ht=283156 pf=0 pm=0 pt=0 ru=235420 rp=239416
18:35:18.868 @T t=112101 s=0.000 lv=-39.5 pk=-37.6 c0=3.7 c1=5.1 kw=5.17 inf=1.55 iv=0.00 n=0 d=0 sk=3 hf=96128 hm=92132 ht=283156 pf=0 pm=0 pt=0 ru=235420 rp=239416
18:35:18.868 @T t=112187 s=0.000 lv=-41.0 pk=-40.1 c0=4.3 c1=6.7 kw=6.27 inf=1.61 iv=0.00 n=0 d=0 sk=3 hf=96128 hm=92132 ht=283156 pf=0 pm=0 pt=0 ru=235420 rp=239416
18:35:18.868 @I ww=marvin cut=0.50 win=5 cool=1000 tick=100 wifi=1 srv=1 li=0 ln=0
18:35:18.868 @T t=112299 s=0.000 lv=-39.8 pk=-38.8 c0=4.1 c1=4.9 kw=4.73 inf=1.54 iv=0.00 n=0 d=0 sk=3 hf=96128 hm=92132 ht=283156 pf=0 pm=0 pt=0 ru=235420 rp=239416
18:35:18.868 @T t=112405 s=0.000 lv=-40.3 pk=-39.7 c0=3.6 c1=6.2 kw=5.98 inf=1.38 iv=0.00 n=0 d=0 sk=4 hf=96128 hm=92132 ht=283156 pf=0 pm=0 pt=0 ru=235420 rp=239416
18:35:18.868 @T t=112491 s=0.000 lv=-41.0 pk=-39.2 c0=4.3 c1=5.1 kw=4.94 inf=1.85 iv=0.00 n=0 d=0 sk=2 hf=96128 hm=92132 ht=283156 pf=0 pm=0 pt=0 ru=235420 rp=239416
18:35:18.868 @T t=112597 s=0.000 lv=-40.1 pk=-39.2 c0=3.5 c1=5.1 kw=4.98 inf=1.53 iv=0.00 n=0 d=0 sk=3 hf=96128 hm=92132 ht=283156 pf=0 pm=0 pt=0 ru=235420 rp=239416
18:35:18.868 @T t=112703 s=0.000 lv=-39.6 pk=-38.1 c0=6.8 c1=6.7 kw=6.11 inf=1.41 iv=0.00 n=0 d=0 sk=4 hf=96128 hm=92132 ht=283156 pf=0 pm=0 pt=0 ru=235420 rp=239416
18:35:18.868 @T t=112789 s=0.000 lv=-41.1 pk=-39.3 c0=4.2 c1=4.9 kw=4.83 inf=1.81 iv=0.00 n=0 d=0 sk=2 hf=96128 hm=92132 ht=283156 pf=0 pm=0 pt=0 ru=235420 rp=239416
18:35:18.868 @T t=112895 s=0.000 lv=-40.4 pk=-38.6 c0=4.8 c1=5.2 kw=5.04 inf=1.55 iv=0.00 n=0 d=0 sk=3 hf=96128 hm=92132 ht=283156 pf=0 pm=0 pt=0 ru=235420 rp=239416
18:35:18.868 @T t=113001 s=0.000 lv=-40.7 pk=-38.8 c0=6.9 c1=5.0 kw=5.13 inf=1.54 iv=0.00 n=0 d=0 sk=3 hf=96128 hm=92132 ht=283156 pf=0 pm=0 pt=0 ru=235420 rp=239416
18:35:18.868 @T t=113087 s=0.000 lv=-39.2 pk=-37.6 c0=4.0 c1=6.7 kw=6.27 inf=1.62 iv=0.00 n=0 d=0 sk=3 hf=96128 hm=92132 ht=283156 pf=0 pm=0 pt=0 ru=235420 rp=239416
18:35:18.868 @T t=113193 s=0.000 lv=-41.2 pk=-40.4 c0=3.4 c1=5.1 kw=4.96 inf=1.53 iv=0.00 n=0 d=0 sk=3 hf=96128 hm=92132 ht=283156 pf=0 pm=0 pt=0 ru=235420 rp=239416
18:35:18.868 @I ww=marvin cut=0.50 win=5 cool=1000 tick=100 wifi=1 srv=1 li=0 ln=0
18:35:18.868 @T t=113305 s=0.000 lv=-40.2 pk=-38.8 c0=3.8 c1=5.8 kw=5.61 inf=1.37 iv=0.00 n=0 d=0 sk=4 hf=96128 hm=92132 ht=283156 pf=0 pm=0 pt=0 ru=235420 rp=239416
18:35:18.868 @T t=113391 s=0.000 lv=-42.1 pk=-41.0 c0=7.9 c1=5.1 kw=4.92 inf=1.84 iv=0.00 n=0 d=0 sk=2 hf=96128 hm=92132 ht=283156 pf=0 pm=0 pt=0 ru=235420 rp=239416
18:35:18.868 @T t=113497 s=0.000 lv=-41.7 pk=-40.9 c0=3.5 c1=5.1 kw=4.99 inf=1.53 iv=0.00 n=0 d=0 sk=3 hf=96128 hm=92132 ht=283156 pf=0 pm=0 pt=0 ru=235420 rp=239416
18:35:18.868 @T t=113603 s=0.000 lv=-40.8 pk=-39.6 c0=3.3 c1=6.1 kw=5.96 inf=1.38 iv=0.00 n=0 d=0 sk=4 hf=96128 hm=92132 ht=283156 pf=0 pm=0 pt=0 ru=235420 rp=239416
18:35:18.868 @T t=113689 s=0.000 lv=-39.9 pk=-38.9 c0=4.1 c1=5.1 kw=4.90 inf=1.83 iv=0.00 n=0 d=0 sk=2 hf=96128 hm=92132 ht=283156 pf=0 pm=0 pt=0 ru=235420 rp=239416
18:35:18.868 @T t=113795 s=0.000 lv=-40.0 pk=-39.4 c0=3.7 c1=5.1 kw=4.97 inf=1.53 iv=0.00 n=0 d=0 sk=3 hf=96128 hm=92132 ht=283156 pf=0 pm=0 pt=0 ru=235420 rp=239416
18:35:18.868 @T t=113901 s=0.000 lv=-39.3 pk=-37.5 c0=3.7 c1=5.1 kw=5.15 inf=1.55 iv=0.00 n=0 d=0 sk=3 hf=96128 hm=92132 ht=283156 pf=0 pm=0 pt=0 ru=235420 rp=239416
18:35:21.380 @T t=113987 s=0.000 lv=-38.7 pk=-37.8 c0=4.4 c1=6.7 kw=6.27 inf=1.61 iv=0.00 n=0 d=0 sk=3 hf=96128 hm=92132 ht=283156 pf=0 pm=0 pt=0 ru=235420 rp=239416
18:35:21.380 @T t=114093 s=0.000 lv=-39.9 pk=-39.2 c0=3.4 c1=5.1 kw=4.98 inf=1.53 iv=0.00 n=0 d=0 sk=3 hf=96128 hm=92132 ht=283156 pf=0 pm=0 pt=0 ru=235420 rp=239416
18:35:21.380 @T t=114199 s=0.000 lv=-40.5 pk=-38.4 c0=3.4 c1=5.1 kw=4.95 inf=1.52 iv=0.00 n=0 d=0 sk=3 hf=96128 hm=92132 ht=283156 pf=0 pm=0 pt=0 ru=235420 rp=239416
18:35:21.380 @I ww=marvin cut=0.50 win=5 cool=1000 tick=100 wifi=1 srv=1 li=0 ln=0
18:35:21.380 @T t=114291 s=0.000 lv=-40.6 pk=-39.1 c0=4.9 c1=5.9 kw=5.73 inf=1.53 iv=0.00 n=0 d=0 sk=3 hf=96128 hm=92132 ht=283156 pf=0 pm=0 pt=0 ru=235420 rp=239416
18:35:21.380 @T t=114397 s=0.000 lv=-38.7 pk=-37.6 c0=3.6 c1=5.2 kw=5.03 inf=1.55 iv=0.00 n=0 d=0 sk=3 hf=96128 hm=92132 ht=283156 pf=0 pm=0 pt=0 ru=235420 rp=239416
18:35:21.380 @T t=114503 s=0.000 lv=-40.9 pk=-39.4 c0=3.5 c1=6.1 kw=5.94 inf=1.37 iv=0.00 n=0 d=0 sk=4 hf=96128 hm=92132 ht=283156 pf=0 pm=0 pt=0 ru=235420 rp=239416
18:35:21.380 @T t=114589 s=0.000 lv=-38.5 pk=-38.0 c0=4.0 c1=5.0 kw=4.93 inf=1.85 iv=0.00 n=0 d=0 sk=2 hf=96128 hm=92132 ht=283156 pf=0 pm=0 pt=0 ru=235420 rp=239416
18:35:21.380 @T t=114697 s=0.000 lv=-40.3 pk=-39.2 c0=4.8 c1=4.9 kw=4.83 inf=1.51 iv=0.00 n=0 d=0 sk=3 hf=92776 hm=92132 ht=283156 pf=0 pm=0 pt=0 ru=238772 rp=239416
18:35:21.380 @T t=114805 s=0.000 lv=-39.6 pk=-38.6 c0=5.4 c1=6.6 kw=5.89 inf=1.39 iv=0.00 n=0 d=0 sk=4 hf=96128 hm=92132 ht=283156 pf=0 pm=0 pt=0 ru=235420 rp=239416
18:35:21.380 @T t=114891 s=0.000 lv=-40.8 pk=-40.0 c0=5.4 c1=5.3 kw=5.08 inf=1.89 iv=0.00 n=0 d=0 sk=2 hf=96128 hm=92132 ht=283156 pf=0 pm=0 pt=0 ru=235420 rp=239416
18:35:21.380 @T t=114997 s=0.000 lv=-41.0 pk=-40.4 c0=6.8 c1=5.1 kw=4.99 inf=1.54 iv=0.00 n=0 d=0 sk=3 hf=96128 hm=92132 ht=283156 pf=0 pm=0 pt=0 ru=235420 rp=239416
18:35:21.380 @T t=115103 s=0.000 lv=-40.5 pk=-39.4 c0=3.7 c1=6.2 kw=5.99 inf=1.38 iv=0.00 n=0 d=0 sk=4 hf=96128 hm=92132 ht=283156 pf=0 pm=0 pt=0 ru=235420 rp=239416
18:35:21.380 @T t=115189 s=0.000 lv=-39.3 pk=-38.4 c0=4.4 c1=5.1 kw=4.97 inf=1.86 iv=0.00 n=0 d=0 sk=2 hf=96128 hm=92132 ht=283156 pf=0 pm=0 pt=0 ru=235420 rp=239416
18:35:21.380 @I ww=marvin cut=0.50 win=5 cool=1000 tick=100 wifi=1 srv=1 li=0 ln=0
18:35:21.380 @T t=115301 s=0.000 lv=-41.9 pk=-40.2 c0=4.1 c1=4.8 kw=4.81 inf=1.52 iv=0.00 n=0 d=0 sk=3 hf=96128 hm=92132 ht=283156 pf=0 pm=0 pt=0 ru=235420 rp=239416
18:35:21.380 @T t=115387 s=0.000 lv=-40.4 pk=-39.0 c0=4.1 c1=6.6 kw=6.21 inf=1.60 iv=0.00 n=0 d=0 sk=3 hf=96128 hm=92132 ht=283156 pf=0 pm=0 pt=0 ru=235420 rp=239416
18:35:21.380 @T t=115493 s=0.000 lv=-41.1 pk=-39.8 c0=3.1 c1=5.1 kw=4.95 inf=1.53 iv=0.00 n=0 d=0 sk=3 hf=96128 hm=92132 ht=283156 pf=0 pm=0 pt=0 ru=235420 rp=239416
18:35:21.380 @T t=115599 s=0.000 lv=-40.5 pk=-37.4 c0=6.3 c1=5.1 kw=4.92 inf=1.51 iv=0.00 n=0 d=0 sk=3 hf=96128 hm=92132 ht=283156 pf=0 pm=0 pt=0 ru=235420 rp=239416
18:35:21.380 @T t=115705 s=0.000 lv=-40.9 pk=-39.7 c0=3.5 c1=6.1 kw=5.93 inf=1.37 iv=0.00 n=0 d=0 sk=4 hf=96128 hm=92132 ht=283156 pf=0 pm=0 pt=0 ru=235420 rp=239416
18:35:21.380 @T t=115791 s=0.000 lv=-41.2 pk=-40.2 c0=3.9 c1=5.1 kw=4.92 inf=1.84 iv=0.00 n=0 d=0 sk=2 hf=96128 hm=92132 ht=283156 pf=0 pm=0 pt=0 ru=235420 rp=239416
18:35:21.380 @T t=115897 s=0.000 lv=-40.3 pk=-39.2 c0=3.2 c1=5.1 kw=4.93 inf=1.52 iv=0.00 n=0 d=0 sk=3 hf=96128 hm=92132 ht=283156 pf=0 pm=0 pt=0 ru=235420 rp=239416
18:35:21.380 @T t=116003 s=0.000 lv=-40.7 pk=-39.9 c0=3.1 c1=6.1 kw=5.93 inf=1.37 iv=0.00 n=0 d=0 sk=4 hf=96128 hm=92132 ht=283156 pf=0 pm=0 pt=0 ru=235420 rp=239416
18:35:21.380 @T t=116089 s=0.000 lv=-39.3 pk=-38.0 c0=7.9 c1=5.0 kw=4.88 inf=1.83 iv=0.00 n=0 d=0 sk=2 hf=96128 hm=92132 ht=283156 pf=0 pm=0 pt=0 ru=235420 rp=239416
18:35:21.380 @T t=116195 s=0.000 lv=-39.9 pk=-37.9 c0=3.4 c1=5.2 kw=4.99 inf=1.54 iv=0.00 n=0 d=0 sk=3 hf=96128 hm=92132 ht=283156 pf=0 pm=0 pt=0 ru=235420 rp=239416
18:35:21.380 @I ww=marvin cut=0.50 win=5 cool=1000 tick=100 wifi=1 srv=1 li=0 ln=0
18:35:21.380 @T t=116287 s=0.000 lv=-40.2 pk=-39.2 c0=5.0 c1=6.0 kw=5.78 inf=1.55 iv=0.00 n=0 d=0 sk=3 hf=96128 hm=92132 ht=283156 pf=0 pm=0 pt=0 ru=235420 rp=239416
18:35:21.380 @T t=116393 s=0.000 lv=-39.7 pk=-36.9 c0=3.3 c1=5.1 kw=4.97 inf=1.53 iv=0.00 n=0 d=0 sk=3 hf=96128 hm=92132 ht=283156 pf=0 pm=0 pt=0 ru=235420 rp=239416
18:35:23.962 @T t=116499 s=0.000 lv=-40.3 pk=-39.8 c0=6.3 c1=5.1 kw=4.93 inf=1.52 iv=0.00 n=0 d=0 sk=3 hf=96128 hm=92132 ht=283156 pf=0 pm=0 pt=0 ru=235420 rp=239416
18:35:23.963 @T t=116605 s=0.000 lv=-39.3 pk=-38.3 c0=3.1 c1=6.1 kw=5.93 inf=1.37 iv=0.00 n=0 d=0 sk=4 hf=96128 hm=92132 ht=283156 pf=0 pm=0 pt=0 ru=235420 rp=239416
18:35:23.963 @T t=116691 s=0.000 lv=-40.0 pk=-39.6 c0=3.7 c1=5.0 kw=4.86 inf=1.82 iv=0.00 n=0 d=0 sk=2 hf=96128 hm=92132 ht=283156 pf=0 pm=0 pt=0 ru=235420 rp=239416
18:35:23.963 @T t=116797 s=0.000 lv=-38.9 pk=-37.2 c0=9.5 c1=6.1 kw=5.12 inf=1.57 iv=0.00 n=0 d=0 sk=3 hf=96128 hm=92132 ht=283156 pf=0 pm=0 pt=0 ru=235420 rp=239416
18:35:23.963 @T t=116903 s=0.000 lv=-39.9 pk=-38.3 c0=7.3 c1=6.1 kw=5.99 inf=1.38 iv=0.00 n=0 d=0 sk=4 hf=96128 hm=92132 ht=283156 pf=0 pm=0 pt=0 ru=235420 rp=239416
18:35:23.963 @T t=116989 s=0.000 lv=-39.5 pk=-37.7 c0=4.0 c1=5.0 kw=4.88 inf=1.83 iv=0.00 n=0 d=0 sk=2 hf=96128 hm=92132 ht=283156 pf=0 pm=0 pt=0 ru=235420 rp=239416
18:35:23.963 @T t=117095 s=0.000 lv=-38.3 pk=-37.1 c0=3.2 c1=5.1 kw=4.95 inf=1.52 iv=0.00 n=0 d=0 sk=3 hf=96128 hm=92132 ht=283156 pf=0 pm=0 pt=0 ru=235420 rp=239416
18:35:23.963 @T t=117201 s=0.000 lv=-39.9 pk=-38.9 c0=3.1 c1=5.0 kw=5.07 inf=1.52 iv=0.00 n=0 d=0 sk=3 hf=96128 hm=92132 ht=283156 pf=0 pm=0 pt=0 ru=235420 rp=239416
18:35:23.963 @I ww=marvin cut=0.50 win=5 cool=1000 tick=100 wifi=1 srv=1 li=0 ln=0
18:35:23.963 @T t=117293 s=0.000 lv=-39.5 pk=-38.7 c0=13.3 c1=6.2 kw=5.75 inf=1.58 iv=0.00 n=0 d=0 sk=3 hf=96128 hm=92132 ht=283156 pf=0 pm=0 pt=0 ru=235420 rp=239416
18:35:23.963 @T t=117399 s=0.000 lv=-40.1 pk=-38.1 c0=3.1 c1=5.1 kw=4.95 inf=1.52 iv=0.00 n=0 d=0 sk=3 hf=96128 hm=92132 ht=283156 pf=0 pm=0 pt=0 ru=235420 rp=239416
18:35:23.963 @T t=117503 s=0.000 lv=-39.8 pk=-38.3 c0=4.9 c1=6.4 kw=6.16 inf=1.39 iv=0.00 n=0 d=0 sk=4 hf=96128 hm=92132 ht=283156 pf=0 pm=0 pt=0 ru=235420 rp=239416
18:35:23.963 @T t=117589 s=0.000 lv=-40.5 pk=-39.7 c0=3.9 c1=5.0 kw=4.87 inf=1.82 iv=0.00 n=0 d=0 sk=2 hf=96128 hm=92132 ht=283156 pf=0 pm=0 pt=0 ru=235420 rp=239416
18:35:23.963 @T t=117695 s=0.000 lv=-40.6 pk=-39.4 c0=6.3 c1=5.0 kw=4.89 inf=1.50 iv=0.00 n=0 d=0 sk=3 hf=96128 hm=92132 ht=283156 pf=0 pm=0 pt=0 ru=235420 rp=239416
18:35:23.963 @T t=117801 s=0.000 lv=-40.3 pk=-37.8 c0=7.1 c1=5.0 kw=5.11 inf=1.54 iv=0.00 n=0 d=0 sk=3 hf=96128 hm=92132 ht=283156 pf=0 pm=0 pt=0 ru=235420 rp=239416
18:35:23.963 @T t=117887 s=0.000 lv=-40.0 pk=-38.3 c0=8.0 c1=6.6 kw=6.15 inf=1.58 iv=0.00 n=0 d=0 sk=3 hf=96128 hm=92132 ht=283156 pf=0 pm=0 pt=0 ru=235420 rp=239416
18:35:23.963 @T t=117993 s=0.000 lv=-41.3 pk=-40.3 c0=3.1 c1=5.1 kw=4.93 inf=1.52 iv=0.00 n=0 d=0 sk=3 hf=96128 hm=92132 ht=283156 pf=0 pm=0 pt=0 ru=235420 rp=239416
18:35:23.963 @T t=118099 s=0.000 lv=-40.2 pk=-39.0 c0=6.4 c1=5.1 kw=4.97 inf=1.53 iv=0.00 n=0 d=0 sk=3 hf=96128 hm=92132 ht=283156 pf=0 pm=0 pt=0 ru=235420 rp=239416
18:35:23.963 @T t=118205 s=0.000 lv=-40.1 pk=-38.9 c0=3.1 c1=6.1 kw=5.90 inf=1.36 iv=0.00 n=0 d=0 sk=4 hf=96128 hm=92132 ht=283156 pf=0 pm=0 pt=0 ru=235420 rp=239416
18:35:23.963 @I ww=marvin cut=0.50 win=5 cool=1000 tick=100 wifi=1 srv=1 li=0 ln=0
18:35:23.964 @T t=118297 s=0.000 lv=-40.5 pk=-39.7 c0=13.3 c1=4.7 kw=4.55 inf=1.82 iv=0.00 n=0 d=0 sk=2 hf=96128 hm=92132 ht=283156 pf=0 pm=0 pt=0 ru=235420 rp=239416
18:35:23.964 @T t=118403 s=0.000 lv=-40.9 pk=-39.2 c0=3.1 c1=6.1 kw=5.91 inf=1.36 iv=0.00 n=0 d=0 sk=4 hf=96128 hm=92132 ht=283156 pf=0 pm=0 pt=0 ru=235420 rp=239416
18:35:23.964 @T t=118489 s=0.000 lv=-40.6 pk=-40.1 c0=3.8 c1=5.0 kw=4.86 inf=1.82 iv=0.00 n=0 d=0 sk=2 hf=96128 hm=92132 ht=283156 pf=0 pm=0 pt=0 ru=235420 rp=239416
18:35:23.964 @T t=118595 s=0.000 lv=-39.8 pk=-38.3 c0=6.7 c1=5.1 kw=4.98 inf=1.53 iv=0.00 n=0 d=0 sk=3 hf=96128 hm=92132 ht=283156 pf=0 pm=0 pt=0 ru=235420 rp=239416
18:35:23.964 @T t=118701 s=0.000 lv=-41.4 pk=-40.4 c0=3.3 c1=5.0 kw=5.10 inf=1.53 iv=0.00 n=0 d=0 sk=3 hf=96128 hm=92132 ht=283156 pf=0 pm=0 pt=0 ru=235420 rp=239416
18:35:23.964 @T t=118789 s=0.000 lv=-40.2 pk=-39.3 c0=7.7 c1=7.5 kw=6.10 inf=1.61 iv=0.00 n=0 d=0 sk=3 hf=96128 hm=92132 ht=283156 pf=0 pm=0 pt=0 ru=235420 rp=239416
18:35:23.964 @T t=118895 s=0.000 lv=-40.8 pk=-39.8 c0=4.1 c1=5.1 kw=5.01 inf=1.54 iv=0.00 n=0 d=0 sk=3 hf=96128 hm=92132 ht=283156 pf=0 pm=0 pt=0 ru=235420 rp=239416
18:35:23.964 @T t=119001 s=0.000 lv=-39.8 pk=-38.2 c0=3.3 c1=5.0 kw=5.10 inf=1.53 iv=0.00 n=0 d=0 sk=3 hf=96128 hm=92132 ht=283156 pf=0 pm=0 pt=0 ru=235420 rp=239416
18:35:26.262 @T t=119087 s=0.000 lv=-40.9 pk=-40.2 c0=8.0 c1=6.6 kw=6.16 inf=1.58 iv=0.00 n=0 d=0 sk=3 hf=96128 hm=92132 ht=283156 pf=0 pm=0 pt=0 ru=235420 rp=239416
18:35:26.262 @T t=119193 s=0.000 lv=-39.1 pk=-37.4 c0=3.1 c1=5.1 kw=4.93 inf=1.52 iv=0.00 n=0 d=0 sk=3 hf=96128 hm=92132 ht=283156 pf=0 pm=0 pt=0 ru=235420 rp=239416
18:35:26.262 @I ww=marvin cut=0.50 win=5 cool=1000 tick=100 wifi=1 srv=1 li=0 ln=0
18:35:26.262 @T t=119305 s=0.000 lv=-39.8 pk=-37.4 c0=11.0 c1=5.8 kw=5.61 inf=1.37 iv=0.00 n=0 d=0 sk=4 hf=96128 hm=92132 ht=283156 pf=0 pm=0 pt=0 ru=235420 rp=239416
18:35:26.262 @T t=119391 s=0.000 lv=-39.9 pk=-39.5 c0=3.9 c1=5.0 kw=4.87 inf=1.82 iv=0.00 n=0 d=0 sk=2 hf=96128 hm=92132 ht=283156 pf=0 pm=0 pt=0 ru=235420 rp=239416
18:35:26.262 @T t=119497 s=0.000 lv=-40.9 pk=-40.0 c0=6.3 c1=5.0 kw=4.91 inf=1.51 iv=0.00 n=0 d=0 sk=3 hf=96128 hm=92132 ht=283156 pf=0 pm=0 pt=0 ru=235420 rp=239416
18:35:26.262 @T t=119603 s=0.000 lv=-40.3 pk=-38.1 c0=6.3 c1=6.1 kw=5.93 inf=1.37 iv=0.00 n=0 d=0 sk=4 hf=96128 hm=92132 ht=283156 pf=0 pm=0 pt=0 ru=235420 rp=239416
18:35:26.262 @T t=119689 s=0.000 lv=-39.5 pk=-39.2 c0=8.2 c1=5.1 kw=4.96 inf=1.86 iv=0.00 n=0 d=0 sk=2 hf=96128 hm=92132 ht=283156 pf=0 pm=0 pt=0 ru=235420 rp=239416
18:35:26.262 @T t=119795 s=0.000 lv=-39.4 pk=-38.9 c0=3.8 c1=5.1 kw=4.96 inf=1.53 iv=0.00 n=0 d=0 sk=3 hf=96128 hm=92132 ht=283156 pf=0 pm=0 pt=0 ru=235420 rp=239416
18:35:26.262 @T t=119901 s=0.000 lv=-39.7 pk=-38.1 c0=3.4 c1=5.0 kw=5.09 inf=1.53 iv=0.00 n=0 d=0 sk=3 hf=96128 hm=92132 ht=283156 pf=0 pm=0 pt=0 ru=235420 rp=239416
18:35:26.262 @T t=119987 s=0.000 lv=-39.4 pk=-37.9 c0=3.8 c1=6.6 kw=6.15 inf=1.58 iv=0.00 n=0 d=0 sk=3 hf=96128 hm=92132 ht=283156 pf=0 pm=0 pt=0 ru=235420 rp=239416
18:35:26.262 @T t=120093 s=0.000 lv=-39.9 pk=-38.9 c0=3.2 c1=5.1 kw=4.95 inf=1.53 iv=0.00 n=0 d=0 sk=3 hf=96128 hm=92132 ht=283156 pf=0 pm=0 pt=0 ru=235420 rp=239416
18:35:26.262 @T t=120199 s=0.000 lv=-40.6 pk=-39.6 c0=6.4 c1=5.0 kw=4.92 inf=1.51 iv=0.00 n=0 d=0 sk=3 hf=96128 hm=92132 ht=283156 pf=0 pm=0 pt=0 ru=235420 rp=239416
18:35:26.262 @I ww=marvin cut=0.50 win=5 cool=1000 tick=100 wifi=1 srv=1 li=0 ln=0
18:35:26.262 @T t=120291 s=0.000 lv=-38.8 pk=-36.2 c0=13.3 c1=5.9 kw=5.71 inf=1.53 iv=0.00 n=0 d=0 sk=3 hf=96128 hm=92132 ht=283156 pf=0 pm=0 pt=0 ru=235420 rp=239416
18:35:26.263 @T t=120397 s=0.000 lv=-38.9 pk=-36.6 c0=3.1 c1=5.1 kw=4.95 inf=1.53 iv=0.00 n=0 d=0 sk=3 hf=96128 hm=92132 ht=283156 pf=0 pm=0 pt=0 ru=235420 rp=239416
18:35:26.263 @T t=120503 s=0.000 lv=-40.6 pk=-38.5 c0=6.3 c1=6.0 kw=5.88 inf=1.36 iv=0.00 n=0 d=0 sk=4 hf=96128 hm=92132 ht=283156 pf=0 pm=0 pt=0 ru=235420 rp=239416
18:35:26.263 @T t=120589 s=0.000 lv=-40.9 pk=-39.8 c0=3.8 c1=5.0 kw=4.89 inf=1.83 iv=0.00 n=0 d=0 sk=2 hf=96128 hm=92132 ht=283156 pf=0 pm=0 pt=0 ru=235420 rp=239416
18:35:26.263 @T t=120695 s=0.000 lv=-40.2 pk=-38.9 c0=3.0 c1=5.1 kw=4.93 inf=1.52 iv=0.00 n=0 d=0 sk=3 hf=96128 hm=92132 ht=283156 pf=0 pm=0 pt=0 ru=235420 rp=239416
18:35:26.263 @T t=120801 s=0.000 lv=-39.5 pk=-37.9 c0=10.0 c1=5.7 kw=5.32 inf=1.59 iv=0.00 n=0 d=0 sk=3 hf=96128 hm=92132 ht=283156 pf=0 pm=0 pt=0 ru=235420 rp=239416
18:35:26.263 @T t=120887 s=0.000 lv=-39.8 pk=-37.7 c0=5.1 c1=6.8 kw=6.33 inf=1.63 iv=0.00 n=0 d=0 sk=3 hf=96128 hm=92132 ht=283156 pf=0 pm=0 pt=0 ru=235420 rp=239416
18:35:26.263 @T t=120993 s=0.000 lv=-36.8 pk=-33.3 c0=3.4 c1=15.7 kw=15.53 inf=1.31 iv=1.00 n=11 d=0 sk=1 hf=96128 hm=92132 ht=283156 pf=0 pm=0 pt=0 ru=235420 rp=239416
18:35:26.263 @T t=121099 s=0.000 lv=-39.3 pk=-37.8 c0=4.1 c1=10.2 kw=10.01 inf=2.47 iv=1.25 n=4 d=0 sk=0 hf=96128 hm=92132 ht=283156 pf=0 pm=0 pt=0 ru=235420 rp=239416
18:35:26.263 [status] up 121s | mic -40.0 dBFS (peak -33.3) | score max 0.00 | detections 0 | inferences 19 (1.9/s; model 1.12 ms each, paused in quiet 94%; features 1.49 ms per 30 ms) | CPU core0  5.1% core1  5.7% (wake word pipeline 5.52% of one core) | RAM used 229 KB (peak 233 KB, 93 KB free) | wifi OK, server OK | audio lost since boot: i2s 0 net 0
18:35:26.263 @T t=121225 s=0.000 lv=-39.7 pk=-38.9 c0=6.6 c1=10.4 kw=10.16 inf=2.95 iv=1.24 n=4 d=0 sk=0 hf=96148 hm=92132 ht=283156 pf=0 pm=0 pt=0 ru=235400 rp=239416
18:35:26.263 @I ww=marvin cut=0.50 win=5 cool=1000 tick=100 wifi=1 srv=1 li=0 ln=0
18:35:26.263 @T t=121300 s=0.000 lv=-39.2 pk=-38.1 c0=5.6 c1=8.0 kw=7.84 inf=2.72 iv=1.26 n=2 d=0 sk=0 hf=96148 hm=92132 ht=283156 pf=0 pm=0 pt=0 ru=235400 rp=239416
18:35:28.778 @T t=121386 s=0.000 lv=-39.5 pk=-37.7 c0=4.3 c1=12.3 kw=12.07 inf=2.41 iv=1.18 n=4 d=0 sk=0 hf=96148 hm=92132 ht=283156 pf=0 pm=0 pt=0 ru=235400 rp=239416
18:35:28.778 @T t=121495 s=0.000 lv=-40.1 pk=-38.0 c0=9.0 c1=8.4 kw=8.23 inf=2.76 iv=1.17 n=3 d=0 sk=0 hf=96148 hm=92132 ht=283156 pf=0 pm=0 pt=0 ru=235400 rp=239416
18:35:28.778 @T t=121601 s=0.000 lv=-40.8 pk=-39.6 c0=3.5 c1=8.7 kw=8.68 inf=2.79 iv=1.18 n=3 d=0 sk=0 hf=96148 hm=92132 ht=283156 pf=0 pm=0 pt=0 ru=235400 rp=239416
18:35:28.778 @T t=121690 s=0.000 lv=-40.4 pk=-39.3 c0=3.9 c1=12.3 kw=11.87 inf=2.50 iv=1.29 n=4 d=0 sk=0 hf=96148 hm=92132 ht=283156 pf=0 pm=0 pt=0 ru=235400 rp=239416
18:35:28.779 @T t=121796 s=0.000 lv=-40.8 pk=-39.5 c0=3.9 c1=8.9 kw=8.69 inf=2.84 iv=1.22 n=3 d=0 sk=0 hf=96148 hm=92132 ht=283156 pf=0 pm=0 pt=0 ru=235400 rp=239416
18:35:28.779 @T t=121905 s=0.000 lv=-39.9 pk=-39.3 c0=3.5 c1=10.6 kw=10.43 inf=2.63 iv=1.18 n=4 d=0 sk=0 hf=96148 hm=92132 ht=283156 pf=0 pm=0 pt=0 ru=235400 rp=239416
18:35:28.779 @T t=121992 s=0.000 lv=-40.6 pk=-39.9 c0=8.4 c1=9.1 kw=8.90 inf=2.39 iv=1.12 n=3 d=0 sk=0 hf=96148 hm=92132 ht=283156 pf=0 pm=0 pt=0 ru=235400 rp=239416
18:35:28.779 @T t=122098 s=0.000 lv=-41.1 pk=-40.5 c0=3.6 c1=8.6 kw=8.44 inf=2.75 iv=1.15 n=3 d=0 sk=0 hf=96148 hm=92132 ht=283156 pf=0 pm=0 pt=0 ru=235400 rp=239416
18:35:28.779 @T t=122205 s=0.000 lv=-40.8 pk=-38.8 c0=3.5 c1=10.8 kw=10.58 inf=2.62 iv=1.18 n=4 d=0 sk=0 hf=96148 hm=92132 ht=283156 pf=0 pm=0 pt=0 ru=235400 rp=239416
18:35:28.779 @I ww=marvin cut=0.50 win=5 cool=1000 tick=100 wifi=1 srv=1 li=0 ln=0
18:35:28.779 @T t=122296 s=0.000 lv=-41.8 pk=-41.3 c0=13.0 c1=8.9 kw=8.68 inf=2.45 iv=1.16 n=3 d=0 sk=0 hf=96148 hm=92132 ht=283156 pf=0 pm=0 pt=0 ru=235400 rp=239416
18:35:28.779 @T t=122402 s=0.000 lv=-40.4 pk=-39.5 c0=3.5 c1=9.6 kw=8.67 inf=2.79 iv=1.18 n=3 d=0 sk=0 hf=96148 hm=92132 ht=283156 pf=0 pm=0 pt=0 ru=235400 rp=239416
18:35:28.779 @T t=122488 s=0.000 lv=-40.4 pk=-38.8 c0=4.3 c1=9.9 kw=10.59 inf=2.85 iv=1.26 n=3 d=0 sk=0 hf=96148 hm=92132 ht=283156 pf=0 pm=0 pt=0 ru=235400 rp=239416
18:35:28.779 @T t=122594 s=0.000 lv=-39.8 pk=-37.6 c0=6.7 c1=7.5 kw=7.38 inf=1.78 iv=1.20 n=2 d=0 sk=2 hf=96148 hm=92132 ht=283156 pf=0 pm=0 pt=0 ru=235400 rp=239416
18:35:28.780 @T t=122700 s=0.000 lv=-41.1 pk=-39.3 c0=3.3 c1=5.1 kw=4.97 inf=1.53 iv=0.00 n=0 d=0 sk=3 hf=96148 hm=92132 ht=283156 pf=0 pm=0 pt=0 ru=235400 rp=239416
18:35:28.780 @T t=122786 s=0.000 lv=-40.4 pk=-39.0 c0=11.7 c1=6.9 kw=6.30 inf=1.57 iv=0.00 n=0 d=0 sk=3 hf=96148 hm=92132 ht=283156 pf=0 pm=0 pt=0 ru=235400 rp=239416
18:35:28.780 @T t=122892 s=0.000 lv=-38.8 pk=-37.8 c0=6.8 c1=5.1 kw=5.01 inf=1.54 iv=0.00 n=0 d=0 sk=3 hf=96148 hm=92132 ht=283156 pf=0 pm=0 pt=0 ru=235400 rp=239416
18:35:28.780 @T t=122998 s=0.000 lv=-39.4 pk=-38.4 c0=3.3 c1=5.1 kw=4.94 inf=1.52 iv=0.00 n=0 d=0 sk=3 hf=96148 hm=92132 ht=283156 pf=0 pm=0 pt=0 ru=235400 rp=239416
18:35:28.780 @T t=123104 s=0.000 lv=-40.4 pk=-38.6 c0=6.8 c1=6.2 kw=5.99 inf=1.38 iv=0.00 n=0 d=0 sk=4 hf=96148 hm=92132 ht=283156 pf=0 pm=0 pt=0 ru=235400 rp=239416
18:35:28.780 @T t=123190 s=0.000 lv=-40.1 pk=-39.1 c0=4.0 c1=5.0 kw=4.89 inf=1.83 iv=0.00 n=0 d=0 sk=2 hf=96148 hm=92132 ht=283156 pf=0 pm=0 pt=0 ru=235400 rp=239416
18:35:28.780 @I ww=marvin cut=0.50 win=5 cool=1000 tick=100 wifi=1 srv=1 li=0 ln=0
18:35:28.780 @T t=123302 s=0.000 lv=-40.4 pk=-38.9 c0=3.6 c1=5.6 kw=5.60 inf=1.37 iv=0.00 n=0 d=0 sk=4 hf=96148 hm=92132 ht=283156 pf=0 pm=0 pt=0 ru=235400 rp=239416
18:35:28.780 @T t=123388 s=0.000 lv=-40.3 pk=-39.7 c0=3.8 c1=5.2 kw=4.88 inf=1.83 iv=0.00 n=0 d=0 sk=2 hf=96148 hm=92132 ht=283156 pf=0 pm=0 pt=0 ru=235400 rp=239416
18:35:28.781 @T t=123494 s=0.000 lv=-39.7 pk=-38.6 c0=3.1 c1=5.1 kw=4.92 inf=1.52 iv=0.00 n=0 d=0 sk=3 hf=96148 hm=92132 ht=283156 pf=0 pm=0 pt=0 ru=235400 rp=239416
18:35:28.781 @T t=123600 s=0.000 lv=-39.9 pk=-37.9 c0=6.3 c1=5.1 kw=4.93 inf=1.52 iv=0.00 n=0 d=0 sk=3 hf=96148 hm=92132 ht=283156 pf=0 pm=0 pt=0 ru=235400 rp=239416
18:35:28.781 @T t=123705 s=0.000 lv=-38.8 pk=-37.9 c0=5.7 c1=6.2 kw=6.02 inf=1.38 iv=0.00 n=0 d=0 sk=4 hf=96148 hm=92132 ht=283156 pf=0 pm=0 pt=0 ru=235400 rp=239416
18:35:28.781 @T t=123791 s=0.000 lv=-39.8 pk=-39.1 c0=4.3 c1=5.1 kw=4.89 inf=1.83 iv=0.00 n=0 d=0 sk=2 hf=96148 hm=92132 ht=283156 pf=0 pm=0 pt=0 ru=235400 rp=239416
18:35:31.270 @T t=123897 s=0.000 lv=-39.5 pk=-38.5 c0=3.3 c1=5.1 kw=4.96 inf=1.53 iv=0.00 n=0 d=0 sk=3 hf=96148 hm=92132 ht=283156 pf=0 pm=0 pt=0 ru=235400 rp=239416
18:35:31.271 @T t=124003 s=0.000 lv=-40.1 pk=-38.6 c0=3.1 c1=6.1 kw=5.92 inf=1.37 iv=0.00 n=0 d=0 sk=4 hf=96148 hm=92132 ht=283156 pf=0 pm=0 pt=0 ru=235400 rp=239416
18:35:31.271 @T t=124089 s=0.000 lv=-40.6 pk=-39.7 c0=3.9 c1=5.0 kw=4.88 inf=1.83 iv=0.00 n=0 d=0 sk=2 hf=96148 hm=92132 ht=283156 pf=0 pm=0 pt=0 ru=235400 rp=239416
18:35:31.271 @T t=124195 s=0.000 lv=-38.8 pk=-37.2 c0=6.7 c1=5.2 kw=4.99 inf=1.54 iv=0.00 n=0 d=0 sk=3 hf=96148 hm=92132 ht=283156 pf=0 pm=0 pt=0 ru=235400 rp=239416
18:35:31.271 @I ww=marvin cut=0.50 win=5 cool=1000 tick=100 wifi=1 srv=1 li=0 ln=0
18:35:31.271 @T t=124287 s=0.000 lv=-38.9 pk=-37.8 c0=4.7 c1=5.9 kw=5.74 inf=1.53 iv=0.00 n=0 d=0 sk=3 hf=96148 hm=92132 ht=283156 pf=0 pm=0 pt=0 ru=235400 rp=239416
18:35:31.271 @T t=124393 s=0.000 lv=-40.4 pk=-39.6 c0=3.2 c1=5.1 kw=4.95 inf=1.52 iv=0.00 n=0 d=0 sk=3 hf=96148 hm=92132 ht=283156 pf=0 pm=0 pt=0 ru=235400 rp=239416
18:35:31.271 @T t=124499 s=0.000 lv=-39.6 pk=-38.6 c0=3.1 c1=5.0 kw=4.91 inf=1.51 iv=0.00 n=0 d=0 sk=3 hf=96148 hm=92132 ht=283156 pf=0 pm=0 pt=0 ru=235400 rp=239416
18:35:31.271 @T t=124605 s=0.000 lv=-39.5 pk=-38.0 c0=3.1 c1=6.1 kw=5.93 inf=1.37 iv=0.00 n=0 d=0 sk=4 hf=96148 hm=92132 ht=283156 pf=0 pm=0 pt=0 ru=235400 rp=239416
18:35:31.271 @T t=124691 s=0.000 lv=-40.6 pk=-39.9 c0=3.7 c1=5.0 kw=4.87 inf=1.82 iv=0.00 n=0 d=0 sk=2 hf=96148 hm=92132 ht=283156 pf=0 pm=0 pt=0 ru=235400 rp=239416
18:35:31.271 @T t=124797 s=0.000 lv=-40.5 pk=-38.8 c0=9.5 c1=5.6 kw=5.08 inf=1.56 iv=0.00 n=0 d=0 sk=3 hf=96148 hm=92132 ht=283156 pf=0 pm=0 pt=0 ru=235400 rp=239416
18:35:31.271 @T t=124903 s=0.000 lv=-40.7 pk=-39.6 c0=4.1 c1=6.2 kw=5.99 inf=1.38 iv=0.00 n=0 d=0 sk=4 hf=96148 hm=92132 ht=283156 pf=0 pm=0 pt=0 ru=235400 rp=239416
18:35:31.271 @T t=124989 s=0.000 lv=-39.2 pk=-38.2 c0=4.0 c1=5.0 kw=4.87 inf=1.82 iv=0.00 n=0 d=0 sk=2 hf=96148 hm=92132 ht=283156 pf=0 pm=0 pt=0 ru=235400 rp=239416
18:35:31.271 @T t=125095 s=0.000 lv=-39.1 pk=-38.0 c0=6.4 c1=5.1 kw=4.97 inf=1.53 iv=0.00 n=0 d=0 sk=3 hf=96148 hm=92132 ht=283156 pf=0 pm=0 pt=0 ru=235400 rp=239416
18:35:31.271 @T t=125201 s=0.000 lv=-39.3 pk=-37.9 c0=3.1 c1=5.0 kw=5.07 inf=1.52 iv=0.00 n=0 d=0 sk=3 hf=96148 hm=92132 ht=283156 pf=0 pm=0 pt=0 ru=235400 rp=239416
18:35:31.271 @I ww=marvin cut=0.50 win=5 cool=1000 tick=100 wifi=1 srv=1 li=0 ln=0
18:35:31.271 @T t=125293 s=0.000 lv=-39.8 pk=-37.7 c0=13.8 c1=6.2 kw=5.74 inf=1.58 iv=0.00 n=0 d=0 sk=3 hf=96148 hm=92132 ht=283156 pf=0 pm=0 pt=0 ru=235400 rp=239416
18:35:31.271 @T t=125399 s=0.000 lv=-37.6 pk=-34.5 c0=3.4 c1=17.4 kw=17.20 inf=1.35 iv=0.98 n=13 d=0 sk=0 hf=96148 hm=92132 ht=283156 pf=0 pm=0 pt=0 ru=235400 rp=239416
18:35:31.271 @T t=125505 s=0.000 lv=-39.0 pk=-36.8 c0=3.5 c1=10.4 kw=10.26 inf=2.51 iv=1.09 n=4 d=0 sk=0 hf=96148 hm=92132 ht=283156 pf=0 pm=0 pt=0 ru=235400 rp=239416
18:35:31.271 @T t=125591 s=0.000 lv=-41.5 pk=-39.5 c0=4.3 c1=8.0 kw=7.81 inf=3.08 iv=1.18 n=2 d=0 sk=0 hf=96148 hm=92132 ht=283156 pf=0 pm=0 pt=0 ru=235400 rp=239416
18:35:31.271 @T t=125697 s=0.000 lv=-40.3 pk=-38.8 c0=3.4 c1=9.6 kw=9.41 inf=2.32 iv=1.12 n=4 d=0 sk=0 hf=96148 hm=92132 ht=283156 pf=0 pm=0 pt=0 ru=235400 rp=239416
18:35:31.271 @T t=125803 s=0.000 lv=-40.9 pk=-39.1 c0=7.1 c1=10.5 kw=10.54 inf=2.58 iv=1.14 n=4 d=0 sk=0 hf=96148 hm=92132 ht=283156 pf=0 pm=0 pt=0 ru=235400 rp=239416
18:35:31.271 @T t=125889 s=0.000 lv=-40.5 pk=-38.9 c0=4.3 c1=8.6 kw=8.06 inf=3.18 iv=1.24 n=2 d=0 sk=0 hf=96148 hm=92132 ht=283156 pf=0 pm=0 pt=0 ru=235400 rp=239416
18:35:31.271 @T t=125995 s=0.000 lv=-40.1 pk=-38.0 c0=3.4 c1=9.5 kw=9.32 inf=2.30 iv=1.10 n=4 d=0 sk=0 hf=96148 hm=92132 ht=283156 pf=0 pm=0 pt=0 ru=235400 rp=239416
18:35:31.271 @T t=126101 s=0.000 lv=-39.1 pk=-37.7 c0=3.7 c1=8.4 kw=8.48 inf=2.72 iv=1.12 n=3 d=0 sk=0 hf=96148 hm=92132 ht=283156 pf=0 pm=0 pt=0 ru=235400 rp=239416
18:35:31.271 @T t=126189 s=0.000 lv=-39.3 pk=-38.0 c0=3.9 c1=10.9 kw=10.43 inf=2.87 iv=1.20 n=3 d=0 sk=0 hf=96148 hm=92132 ht=283156 pf=0 pm=0 pt=0 ru=235400 rp=239416
18:35:31.271 @I ww=marvin cut=0.50 win=5 cool=1000 tick=100 wifi=1 srv=1 li=0 ln=0
18:35:31.271 @T t=126301 s=0.000 lv=-38.9 pk=-37.6 c0=4.4 c1=9.0 kw=9.02 inf=2.32 iv=1.11 n=4 d=0 sk=0 hf=96148 hm=92132 ht=283156 pf=0 pm=0 pt=0 ru=235400 rp=239416
18:35:33.875 @T t=126387 s=0.000 lv=-38.2 pk=-36.7 c0=4.2 c1=10.9 kw=10.44 inf=2.81 iv=1.13 n=3 d=0 sk=0 hf=96148 hm=92132 ht=283156 pf=0 pm=0 pt=0 ru=235400 rp=239416
18:35:33.876 @T t=126493 s=0.000 lv=-40.4 pk=-39.7 c0=7.0 c1=9.1 kw=8.89 inf=2.90 iv=1.28 n=3 d=0 sk=0 hf=96148 hm=92132 ht=283156 pf=0 pm=0 pt=0 ru=235400 rp=239416
18:35:33.876 @T t=126599 s=0.000 lv=-39.8 pk=-37.4 c0=3.5 c1=9.8 kw=9.64 inf=2.38 iv=1.17 n=4 d=0 sk=0 hf=96148 hm=92132 ht=283156 pf=0 pm=0 pt=0 ru=235400 rp=239416
18:35:33.876 @T t=126705 s=0.000 lv=-39.9 pk=-39.1 c0=3.4 c1=10.7 kw=10.49 inf=2.57 iv=1.14 n=4 d=0 sk=0 hf=96148 hm=92132 ht=283156 pf=0 pm=0 pt=0 ru=235400 rp=239416
18:35:33.876 @T t=126791 s=0.000 lv=-41.5 pk=-41.2 c0=8.6 c1=9.6 kw=8.99 inf=3.57 iv=1.56 n=2 d=0 sk=0 hf=96148 hm=92132 ht=283156 pf=0 pm=0 pt=0 ru=235400 rp=239416
18:35:33.876 @T t=126897 s=0.000 lv=-39.5 pk=-38.4 c0=4.2 c1=10.3 kw=10.14 inf=2.51 iv=1.28 n=4 d=0 sk=0 hf=96148 hm=92132 ht=283156 pf=0 pm=0 pt=0 ru=235400 rp=239416
18:35:33.876 @T t=127003 s=0.000 lv=-40.2 pk=-39.5 c0=3.4 c1=6.1 kw=5.98 inf=1.38 iv=0.00 n=0 d=0 sk=4 hf=96148 hm=92132 ht=283156 pf=0 pm=0 pt=0 ru=235400 rp=239416
18:35:33.876 @T t=127089 s=0.000 lv=-39.8 pk=-38.9 c0=7.9 c1=5.0 kw=4.88 inf=1.83 iv=0.00 n=0 d=0 sk=2 hf=96148 hm=92132 ht=283156 pf=0 pm=0 pt=0 ru=235400 rp=239416
18:35:33.876 @T t=127195 s=0.000 lv=-40.6 pk=-38.6 c0=6.3 c1=5.1 kw=4.96 inf=1.53 iv=0.00 n=0 d=0 sk=3 hf=96148 hm=92132 ht=283156 pf=0 pm=0 pt=0 ru=235400 rp=239416
18:35:33.876 @I ww=marvin cut=0.50 win=5 cool=1000 tick=100 wifi=1 srv=1 li=0 ln=0
18:35:33.876 @T t=127287 s=0.000 lv=-40.6 pk=-39.6 c0=13.3 c1=5.9 kw=5.70 inf=1.52 iv=0.00 n=0 d=0 sk=3 hf=96148 hm=92132 ht=283156 pf=0 pm=0 pt=0 ru=235400 rp=239416
18:35:33.876 @T t=127393 s=0.000 lv=-40.5 pk=-39.7 c0=6.4 c1=5.1 kw=4.92 inf=1.51 iv=0.00 n=0 d=0 sk=3 hf=96148 hm=92132 ht=283156 pf=0 pm=0 pt=0 ru=235400 rp=239416
18:35:33.876 @T t=127499 s=0.000 lv=-39.1 pk=-37.6 c0=6.3 c1=5.1 kw=4.93 inf=1.52 iv=0.00 n=0 d=0 sk=3 hf=96148 hm=92132 ht=283156 pf=0 pm=0 pt=0 ru=235400 rp=239416
18:35:33.876 @T t=127605 s=0.000 lv=-40.0 pk=-38.3 c0=3.5 c1=6.2 kw=5.96 inf=1.37 iv=0.00 n=0 d=0 sk=4 hf=96148 hm=92132 ht=283156 pf=0 pm=0 pt=0 ru=235400 rp=239416
18:35:33.876 @T t=127691 s=0.000 lv=-41.8 pk=-40.5 c0=4.0 c1=5.0 kw=4.93 inf=1.85 iv=0.00 n=0 d=0 sk=2 hf=96148 hm=92132 ht=283156 pf=0 pm=0 pt=0 ru=235400 rp=239416
18:35:33.876 @T t=127797 s=0.000 lv=-41.0 pk=-39.2 c0=3.5 c1=5.1 kw=4.94 inf=1.52 iv=0.00 n=0 d=0 sk=3 hf=96148 hm=92132 ht=283156 pf=0 pm=0 pt=0 ru=235400 rp=239416
18:35:33.876 @T t=127903 s=0.000 lv=-40.8 pk=-39.0 c0=3.3 c1=6.1 kw=5.92 inf=1.37 iv=0.00 n=0 d=0 sk=4 hf=96148 hm=92132 ht=283156 pf=0 pm=0 pt=0 ru=235400 rp=239416
18:35:33.876 @T t=127989 s=0.000 lv=-41.4 pk=-40.0 c0=3.8 c1=5.0 kw=4.90 inf=1.83 iv=0.00 n=0 d=0 sk=2 hf=96148 hm=92132 ht=283156 pf=0 pm=0 pt=0 ru=235400 rp=239416
18:35:33.876 @T t=128095 s=0.000 lv=-40.8 pk=-40.1 c0=3.1 c1=5.1 kw=4.93 inf=1.52 iv=0.00 n=0 d=0 sk=3 hf=96148 hm=92132 ht=283156 pf=0 pm=0 pt=0 ru=235400 rp=239416
18:35:33.876 @T t=128201 s=0.000 lv=-38.9 pk=-37.7 c0=3.1 c1=5.0 kw=5.08 inf=1.53 iv=0.00 n=0 d=0 sk=3 hf=96148 hm=92132 ht=283156 pf=0 pm=0 pt=0 ru=235400 rp=239416
18:35:33.876 @I ww=marvin cut=0.50 win=5 cool=1000 tick=100 wifi=1 srv=1 li=0 ln=0
18:35:33.876 @T t=128293 s=0.000 lv=-40.6 pk=-39.6 c0=4.4 c1=6.1 kw=5.73 inf=1.57 iv=0.00 n=0 d=0 sk=3 hf=96148 hm=92132 ht=283156 pf=0 pm=0 pt=0 ru=235400 rp=239416
18:35:33.876 @T t=128399 s=0.000 lv=-40.2 pk=-38.5 c0=3.1 c1=5.1 kw=4.92 inf=1.51 iv=0.00 n=0 d=0 sk=3 hf=96148 hm=92132 ht=283156 pf=0 pm=0 pt=0 ru=235400 rp=239416
18:35:33.876 @T t=128505 s=0.000 lv=-39.7 pk=-37.2 c0=3.1 c1=6.0 kw=5.87 inf=1.35 iv=0.00 n=0 d=0 sk=4 hf=96148 hm=92132 ht=283156 pf=0 pm=0 pt=0 ru=235400 rp=239416
18:35:33.876 @T t=128591 s=0.000 lv=-39.7 pk=-39.1 c0=7.8 c1=5.0 kw=4.87 inf=1.82 iv=0.00 n=0 d=0 sk=2 hf=96148 hm=92132 ht=283156 pf=0 pm=0 pt=0 ru=235400 rp=239416
18:35:33.876 @T t=128697 s=0.000 lv=-38.8 pk=-38.0 c0=3.4 c1=5.1 kw=4.94 inf=1.52 iv=0.00 n=0 d=0 sk=3 hf=96148 hm=92132 ht=283156 pf=0 pm=0 pt=0 ru=235400 rp=239416
18:35:33.876 @T t=128803 s=0.000 lv=-40.5 pk=-39.2 c0=6.5 c1=6.6 kw=6.10 inf=1.41 iv=0.00 n=0 d=0 sk=4 hf=96148 hm=92132 ht=283156 pf=0 pm=0 pt=0 ru=235400 rp=239416
18:35:33.876 @T t=128889 s=0.000 lv=-38.3 pk=-35.2 c0=5.1 c1=18.2 kw=17.99 inf=1.35 iv=1.00 n=11 d=0 sk=0 hf=96148 hm=92132 ht=283156 pf=0 pm=0 pt=0 ru=235400 rp=239416
18:35:36.134 @T t=128995 s=0.000 lv=-40.6 pk=-39.7 c0=3.5 c1=9.8 kw=9.60 inf=2.37 iv=1.16 n=4 d=0 sk=0 hf=96148 hm=92132 ht=283156 pf=0 pm=0 pt=0 ru=235400 rp=239416
18:35:36.135 @T t=129101 s=0.000 lv=-40.7 pk=-38.0 c0=6.8 c1=8.8 kw=8.80 inf=2.83 iv=1.21 n=3 d=0 sk=0 hf=96148 hm=92132 ht=283156 pf=0 pm=0 pt=0 ru=235400 rp=239416
18:35:36.135 @T t=129189 s=0.000 lv=-40.8 pk=-40.3 c0=4.1 c1=11.2 kw=10.74 inf=2.96 iv=1.28 n=3 d=0 sk=0 hf=96148 hm=92132 ht=283156 pf=0 pm=0 pt=0 ru=235400 rp=239416
18:35:36.135 @I ww=marvin cut=0.50 win=5 cool=1000 tick=100 wifi=1 srv=1 li=0 ln=0
18:35:36.135 @T t=129301 s=0.000 lv=-39.2 pk=-38.2 c0=11.3 c1=9.2 kw=9.25 inf=2.38 iv=1.16 n=4 d=0 sk=0 hf=96148 hm=92132 ht=283156 pf=0 pm=0 pt=0 ru=235400 rp=239416
18:35:36.135 @T t=129387 s=0.000 lv=-39.1 pk=-37.9 c0=4.4 c1=11.4 kw=10.88 inf=2.93 iv=1.22 n=3 d=0 sk=0 hf=96148 hm=92132 ht=283156 pf=0 pm=0 pt=0 ru=235400 rp=239416
18:35:36.135 @T t=129493 s=0.000 lv=-39.5 pk=-39.1 c0=3.4 c1=8.7 kw=8.52 inf=2.78 iv=1.18 n=3 d=0 sk=0 hf=96148 hm=92132 ht=283156 pf=0 pm=0 pt=0 ru=235400 rp=239416
18:35:36.135 @T t=129599 s=0.000 lv=-39.5 pk=-37.6 c0=3.5 c1=9.7 kw=9.54 inf=2.35 iv=1.15 n=4 d=0 sk=0 hf=96148 hm=92132 ht=283156 pf=0 pm=0 pt=0 ru=235400 rp=239416
18:35:36.135 @T t=129705 s=0.000 lv=-39.4 pk=-38.2 c0=3.4 c1=10.5 kw=10.28 inf=2.52 iv=1.09 n=4 d=0 sk=0 hf=96148 hm=92132 ht=283156 pf=0 pm=0 pt=0 ru=235400 rp=239416
18:35:36.135 @T t=129791 s=0.000 lv=-41.4 pk=-40.2 c0=4.8 c1=8.2 kw=7.96 inf=3.14 iv=1.21 n=2 d=0 sk=0 hf=96148 hm=92132 ht=283156 pf=0 pm=0 pt=0 ru=235400 rp=239416
18:35:36.135 @T t=129897 s=0.000 lv=-41.8 pk=-40.3 c0=4.0 c1=9.6 kw=9.43 inf=2.32 iv=1.12 n=4 d=0 sk=0 hf=96148 hm=92132 ht=283156 pf=0 pm=0 pt=0 ru=235400 rp=239416
18:35:36.135 @T t=130003 s=0.000 lv=-40.5 pk=-39.1 c0=6.7 c1=10.3 kw=10.27 inf=2.51 iv=1.09 n=4 d=0 sk=0 hf=96148 hm=92132 ht=283156 pf=0 pm=0 pt=0 ru=235400 rp=239416
18:35:36.135 @T t=130089 s=0.000 lv=-40.0 pk=-39.2 c0=4.3 c1=8.3 kw=7.86 inf=3.10 iv=1.19 n=2 d=0 sk=0 hf=96148 hm=92132 ht=283156 pf=0 pm=0 pt=0 ru=235400 rp=239416
18:35:36.135 @T t=130195 s=0.000 lv=-39.4 pk=-37.6 c0=3.4 c1=9.3 kw=9.17 inf=2.26 iv=1.08 n=4 d=0 sk=0 hf=96148 hm=92132 ht=283156 pf=0 pm=0 pt=0 ru=235400 rp=239416
18:35:36.135 @I ww=marvin cut=0.50 win=5 cool=1000 tick=100 wifi=1 srv=1 li=0 ln=0
18:35:36.135 @T t=130287 s=0.000 lv=-41.4 pk=-40.5 c0=4.7 c1=9.7 kw=9.53 inf=2.69 iv=1.11 n=3 d=0 sk=0 hf=96148 hm=92132 ht=283156 pf=0 pm=0 pt=0 ru=235400 rp=239416
18:35:36.135 @T t=130393 s=0.000 lv=-40.6 pk=-39.4 c0=3.5 c1=8.7 kw=8.53 inf=2.78 iv=1.19 n=3 d=0 sk=0 hf=96148 hm=92132 ht=283156 pf=0 pm=0 pt=0 ru=235400 rp=239416
18:35:36.135 @T t=130499 s=0.000 lv=-41.2 pk=-39.6 c0=3.4 c1=7.7 kw=7.49 inf=1.81 iv=1.25 n=2 d=0 sk=2 hf=96148 hm=92132 ht=283156 pf=0 pm=0 pt=0 ru=235400 rp=239416
18:35:36.135 @T t=130605 s=0.000 lv=-38.8 pk=-36.8 c0=3.5 c1=6.1 kw=5.97 inf=1.38 iv=0.00 n=0 d=0 sk=4 hf=96148 hm=92132 ht=283156 pf=0 pm=0 pt=0 ru=235400 rp=239416
18:35:36.135 @T t=130691 s=0.000 lv=-40.3 pk=-39.3 c0=3.7 c1=5.0 kw=4.89 inf=1.83 iv=0.00 n=0 d=0 sk=2 hf=96148 hm=92132 ht=283156 pf=0 pm=0 pt=0 ru=235400 rp=239416
18:35:36.135 @T t=130797 s=0.000 lv=-39.2 pk=-38.1 c0=6.2 c1=5.6 kw=5.09 inf=1.57 iv=0.00 n=0 d=0 sk=3 hf=96148 hm=92132 ht=283156 pf=0 pm=0 pt=0 ru=235400 rp=239416
18:35:36.135 @T t=130903 s=0.000 lv=-38.9 pk=-36.8 c0=4.1 c1=6.1 kw=5.98 inf=1.38 iv=0.00 n=0 d=0 sk=4 hf=96148 hm=92132 ht=283156 pf=0 pm=0 pt=0 ru=235400 rp=239416
18:35:36.135 @T t=130989 s=0.000 lv=-37.5 pk=-34.2 c0=4.6 c1=13.1 kw=3.90 inf=0.31 iv=0.00 n=7 d=0 sk=2 hf=96148 hm=92132 ht=283156 pf=0 pm=0 pt=0 ru=235400 rp=239416
18:35:36.135 @T t=131097 s=0.000 lv=-39.0 pk=-37.3 c0=3.5 c1=12.1 kw=19.10 inf=3.32 iv=2.34 n=6 d=0 sk=0 hf=96148 hm=92132 ht=283156 pf=0 pm=0 pt=0 ru=235400 rp=239416
18:35:36.135 @T t=131204 s=0.000 lv=-39.6 pk=-38.1 c0=3.5 c1=10.8 kw=10.60 inf=2.62 iv=1.18 n=4 d=0 sk=0 hf=96148 hm=92132 ht=283156 pf=0 pm=0 pt=0 ru=235400 rp=239416
18:35:36.135 @I ww=marvin cut=0.50 win=5 cool=1000 tick=100 wifi=1 srv=1 li=0 ln=0
18:35:36.135 [status] up 131s | mic -39.9 dBFS (peak -34.2) | score max 0.00 | detections 0 | inferences 191 (18.9/s; model 1.15 ms each, paused in quiet 45%; features 1.37 ms per 30 ms) | CPU core0  4.9% core1  7.8% (wake word pipeline 7.58% of one core) | RAM used 229 KB (peak 233 KB, 93 KB free) | wifi OK, server OK | audio lost since boot: i2s 0 net 0
18:35:38.564 [tasks] % of one core (free stack): main@0=4.74(1936) IDLE1@1=93.48(720) IDLE0@0=94.88(728) tiT@*=0.09(1956) websocket_task@*=0.16(1468) audio_kws@1=6.50(1344) ipc1@1=0.00(536) esp_timer@0=0.01(3136) streamer@0=0.00(2944) sys_evt@0=0.00(444) wifi@0=0.18(3208) ipc0@0=0.00(528) Tmr Svc@*=0.00(1368)
18:35:38.565 @T t=131292 s=0.000 lv=-39.9 pk=-39.2 c0=14.9 c1=10.1 kw=9.90 inf=2.70 iv=1.35 n=3 d=0 sk=0 hf=96148 hm=92132 ht=283156 pf=0 pm=0 pt=0 ru=235400 rp=239416
18:35:38.566 @T t=131398 s=0.000 lv=-40.6 pk=-38.2 c0=3.5 c1=8.8 kw=8.68 inf=2.83 iv=1.22 n=3 d=0 sk=0 hf=96148 hm=92132 ht=283156 pf=0 pm=0 pt=0 ru=235400 rp=239416
18:35:38.566 @T t=131504 s=0.000 lv=-39.9 pk=-38.5 c0=3.5 c1=10.9 kw=10.72 inf=2.63 iv=1.18 n=4 d=0 sk=0 hf=96148 hm=92132 ht=283156 pf=0 pm=0 pt=0 ru=235400 rp=239416
18:35:38.566 @T t=131590 s=0.000 lv=-40.8 pk=-39.0 c0=4.3 c1=9.6 kw=9.40 inf=2.50 iv=1.21 n=3 d=0 sk=0 hf=96148 hm=92132 ht=283156 pf=0 pm=0 pt=0 ru=235400 rp=239416
18:35:38.566 @T t=131696 s=0.000 lv=-40.2 pk=-39.4 c0=6.6 c1=8.8 kw=8.60 inf=2.80 iv=1.20 n=3 d=0 sk=0 hf=96148 hm=92132 ht=283156 pf=0 pm=0 pt=0 ru=235400 rp=239416
18:35:38.566 @T t=131803 s=0.000 lv=-40.6 pk=-39.0 c0=4.0 c1=11.2 kw=10.97 inf=2.72 iv=1.25 n=4 d=0 sk=0 hf=96148 hm=92132 ht=283156 pf=0 pm=0 pt=0 ru=235400 rp=239416
18:35:38.566 @T t=131889 s=0.000 lv=-39.6 pk=-38.6 c0=4.4 c1=9.7 kw=9.53 inf=2.54 iv=1.23 n=3 d=0 sk=0 hf=96148 hm=92132 ht=283156 pf=0 pm=0 pt=0 ru=235400 rp=239416
18:35:38.566 @T t=131995 s=0.000 lv=-39.3 pk=-37.7 c0=3.4 c1=8.8 kw=8.63 inf=2.81 iv=1.20 n=3 d=0 sk=0 hf=96148 hm=92132 ht=283156 pf=0 pm=0 pt=0 ru=235400 rp=239416
18:35:38.566 @T t=132101 s=0.000 lv=-39.5 pk=-38.3 c0=4.0 c1=10.3 kw=10.29 inf=2.51 iv=1.27 n=4 d=0 sk=0 hf=96148 hm=92132 ht=283156 pf=0 pm=0 pt=0 ru=235400 rp=239416
18:35:38.566 @T t=132187 s=0.000 lv=-39.6 pk=-39.0 c0=4.3 c1=11.1 kw=10.68 inf=2.87 iv=1.18 n=3 d=0 sk=0 hf=96148 hm=92132 ht=283156 pf=0 pm=0 pt=0 ru=235400 rp=239416
18:35:38.566 @I ww=marvin cut=0.50 win=5 cool=1000 tick=100 wifi=1 srv=1 li=0 ln=0
18:35:38.566 @T t=132299 s=0.000 lv=-40.1 pk=-39.5 c0=4.0 c1=8.1 kw=7.97 inf=2.74 iv=1.14 n=3 d=0 sk=0 hf=96148 hm=92132 ht=283156 pf=0 pm=0 pt=0 ru=235400 rp=239416
18:35:38.566 @T t=132405 s=0.000 lv=-40.1 pk=-38.9 c0=3.6 c1=11.0 kw=10.82 inf=2.65 iv=1.20 n=4 d=0 sk=0 hf=96148 hm=92132 ht=283156 pf=0 pm=0 pt=0 ru=235400 rp=239416
18:35:38.567 @T t=132491 s=0.000 lv=-39.9 pk=-39.3 c0=4.2 c1=9.6 kw=9.39 inf=2.50 iv=1.20 n=3 d=0 sk=0 hf=96148 hm=92132 ht=283156 pf=0 pm=0 pt=0 ru=235400 rp=239416
18:35:38.567 @T t=132597 s=0.000 lv=-40.6 pk=-38.3 c0=3.5 c1=8.8 kw=8.63 inf=2.81 iv=1.20 n=3 d=0 sk=0 hf=96148 hm=92132 ht=283156 pf=0 pm=0 pt=0 ru=235400 rp=239416
18:35:38.567 @T t=132703 s=0.000 lv=-39.8 pk=-38.4 c0=3.3 c1=6.1 kw=5.95 inf=1.37 iv=0.00 n=0 d=0 sk=4 hf=96148 hm=92132 ht=283156 pf=0 pm=0 pt=0 ru=235400 rp=239416
18:35:38.567 @T t=132789 s=0.000 lv=-40.9 pk=-40.3 c0=7.7 c1=5.5 kw=4.89 inf=1.83 iv=0.00 n=0 d=0 sk=2 hf=96148 hm=92132 ht=283156 pf=0 pm=0 pt=0 ru=235400 rp=239416
18:35:38.567 @T t=132895 s=0.000 lv=-39.0 pk=-38.2 c0=4.1 c1=5.2 kw=5.04 inf=1.55 iv=0.00 n=0 d=0 sk=3 hf=96148 hm=92132 ht=283156 pf=0 pm=0 pt=0 ru=235400 rp=239416
18:35:38.567 @T t=133001 s=0.000 lv=-39.9 pk=-38.0 c0=3.3 c1=5.0 kw=5.14 inf=1.55 iv=0.00 n=0 d=0 sk=3 hf=96148 hm=92132 ht=283156 pf=0 pm=0 pt=0 ru=235400 rp=239416
18:35:38.567 @T t=133087 s=0.000 lv=-39.0 pk=-37.0 c0=7.9 c1=6.6 kw=6.14 inf=1.58 iv=0.00 n=0 d=0 sk=3 hf=96148 hm=92132 ht=283156 pf=0 pm=0 pt=0 ru=235400 rp=239416
18:35:38.567 @T t=133193 s=0.000 lv=-39.0 pk=-37.6 c0=3.4 c1=5.1 kw=4.97 inf=1.53 iv=0.00 n=0 d=0 sk=3 hf=96148 hm=92132 ht=283156 pf=0 pm=0 pt=0 ru=235400 rp=239416
18:35:38.567 @I ww=marvin cut=0.50 win=5 cool=1000 tick=100 wifi=1 srv=1 li=0 ln=0
18:35:38.568 @T t=133305 s=0.000 lv=-39.7 pk=-38.2 c0=3.8 c1=5.8 kw=5.62 inf=1.37 iv=0.00 n=0 d=0 sk=4 hf=96148 hm=92132 ht=283156 pf=0 pm=0 pt=0 ru=235400 rp=239416
18:35:38.568 @T t=133391 s=0.000 lv=-36.1 pk=-34.8 c0=4.0 c1=15.4 kw=3.82 inf=0.25 iv=0.00 n=9 d=0 sk=2 hf=96148 hm=92132 ht=283156 pf=0 pm=0 pt=0 ru=235400 rp=239416
18:35:38.568 @T t=133497 s=0.000 lv=-38.6 pk=-37.2 c0=3.5 c1=10.0 kw=19.04 inf=4.87 iv=3.34 n=4 d=0 sk=0 hf=96148 hm=92132 ht=283156 pf=0 pm=0 pt=0 ru=235400 rp=239416
18:35:38.568 @T t=133603 s=0.000 lv=-39.8 pk=-39.0 c0=3.5 c1=10.8 kw=10.59 inf=2.60 iv=1.15 n=4 d=0 sk=0 hf=96148 hm=92132 ht=283156 pf=0 pm=0 pt=0 ru=235400 rp=239416
18:35:41.069 @T t=133689 s=0.000 lv=-39.4 pk=-39.0 c0=4.2 c1=9.6 kw=9.38 inf=2.50 iv=1.20 n=3 d=0 sk=0 hf=96148 hm=92132 ht=283156 pf=0 pm=0 pt=0 ru=235400 rp=239416
18:35:41.070 @T t=133795 s=0.000 lv=-40.1 pk=-38.7 c0=7.1 c1=8.7 kw=8.50 inf=2.77 iv=1.16 n=3 d=0 sk=0 hf=96148 hm=92132 ht=283156 pf=0 pm=0 pt=0 ru=235400 rp=239416
18:35:41.070 @T t=133901 s=0.000 lv=-40.9 pk=-39.8 c0=3.7 c1=9.9 kw=9.94 inf=2.42 iv=1.21 n=4 d=0 sk=0 hf=96148 hm=92132 ht=283156 pf=0 pm=0 pt=0 ru=235400 rp=239416
18:35:41.070 @T t=133987 s=0.000 lv=-39.6 pk=-39.1 c0=8.1 c1=11.1 kw=10.67 inf=2.87 iv=1.17 n=3 d=0 sk=0 hf=96148 hm=92132 ht=283156 pf=0 pm=0 pt=0 ru=235400 rp=239416
18:35:41.070 @T t=134093 s=0.000 lv=-39.3 pk=-38.7 c0=3.6 c1=8.6 kw=8.46 inf=2.76 iv=1.16 n=3 d=0 sk=0 hf=96148 hm=92132 ht=283156 pf=0 pm=0 pt=0 ru=235400 rp=239416
18:35:41.070 @T t=134199 s=0.000 lv=-39.5 pk=-37.7 c0=3.4 c1=9.7 kw=9.53 inf=2.35 iv=1.15 n=4 d=0 sk=0 hf=96148 hm=92132 ht=283156 pf=0 pm=0 pt=0 ru=235400 rp=239416
18:35:41.070 @I ww=marvin cut=0.50 win=5 cool=1000 tick=100 wifi=1 srv=1 li=0 ln=0
18:35:41.070 @T t=134291 s=0.000 lv=-39.3 pk=-37.6 c0=4.9 c1=10.1 kw=9.85 inf=2.79 iv=1.18 n=3 d=0 sk=0 hf=96148 hm=92132 ht=283156 pf=0 pm=0 pt=0 ru=235400 rp=239416
18:35:41.070 @T t=134398 s=0.000 lv=-39.7 pk=-37.8 c0=3.9 c1=8.7 kw=8.57 inf=2.82 iv=1.21 n=3 d=0 sk=0 hf=96148 hm=92132 ht=283156 pf=0 pm=0 pt=0 ru=235400 rp=239416
18:35:41.070 @T t=134487 s=0.000 lv=-40.2 pk=-38.5 c0=3.8 c1=11.7 kw=11.46 inf=2.37 iv=1.17 n=4 d=0 sk=0 hf=96148 hm=92132 ht=283156 pf=0 pm=0 pt=0 ru=235400 rp=239416
18:35:41.070 @T t=134593 s=0.000 lv=-38.9 pk=-37.2 c0=3.5 c1=8.6 kw=8.48 inf=2.76 iv=1.16 n=3 d=0 sk=0 hf=96148 hm=92132 ht=283156 pf=0 pm=0 pt=0 ru=235400 rp=239416
18:35:41.070 @T t=134699 s=0.000 lv=-39.2 pk=-37.7 c0=3.4 c1=8.7 kw=8.57 inf=2.79 iv=1.19 n=3 d=0 sk=0 hf=96148 hm=92132 ht=283156 pf=0 pm=0 pt=0 ru=235400 rp=239416
18:35:41.070 @T t=134805 s=0.000 lv=-39.2 pk=-37.3 c0=6.8 c1=11.3 kw=10.77 inf=2.64 iv=1.16 n=4 d=0 sk=0 hf=96148 hm=92132 ht=283156 pf=0 pm=0 pt=0 ru=235400 rp=239416
18:35:41.070 @T t=134891 s=0.000 lv=-39.6 pk=-39.0 c0=5.1 c1=10.1 kw=9.92 inf=2.65 iv=1.32 n=3 d=0 sk=0 hf=96148 hm=92132 ht=283156 pf=0 pm=0 pt=0 ru=235400 rp=239416
18:35:41.070 @T t=134997 s=0.000 lv=-37.7 pk=-35.2 c0=3.5 c1=8.8 kw=8.65 inf=2.82 iv=1.22 n=3 d=0 sk=0 hf=96148 hm=92132 ht=283156 pf=0 pm=0 pt=0 ru=235400 rp=239416
18:35:41.070 @T t=135103 s=0.000 lv=-39.4 pk=-38.0 c0=3.5 c1=6.1 kw=5.94 inf=1.37 iv=0.00 n=0 d=0 sk=4 hf=96148 hm=92132 ht=283156 pf=0 pm=0 pt=0 ru=235400 rp=239416
18:35:41.070 @T t=135189 s=0.000 lv=-40.3 pk=-38.7 c0=3.8 c1=5.0 kw=4.89 inf=1.83 iv=0.00 n=0 d=0 sk=2 hf=96148 hm=92132 ht=283156 pf=0 pm=0 pt=0 ru=235400 rp=239416
18:35:41.070 @I ww=marvin cut=0.50 win=5 cool=1000 tick=100 wifi=1 srv=1 li=0 ln=0
18:35:41.070 @T t=135301 s=0.000 lv=-40.3 pk=-39.2 c0=3.6 c1=4.7 kw=4.79 inf=1.52 iv=0.00 n=0 d=0 sk=3 hf=96148 hm=92132 ht=283156 pf=0 pm=0 pt=0 ru=235400 rp=239416
18:35:41.070 @T t=135387 s=0.000 lv=-40.0 pk=-39.5 c0=3.8 c1=6.6 kw=6.17 inf=1.59 iv=0.00 n=0 d=0 sk=3 hf=96148 hm=92132 ht=283156 pf=0 pm=0 pt=0 ru=235400 rp=239416
18:35:41.070 @T t=135493 s=0.000 lv=-40.2 pk=-39.0 c0=6.7 c1=5.1 kw=4.96 inf=1.53 iv=0.00 n=0 d=0 sk=3 hf=96148 hm=92132 ht=283156 pf=0 pm=0 pt=0 ru=235400 rp=239416
18:35:41.070 @T t=135599 s=0.000 lv=-40.7 pk=-39.8 c0=3.4 c1=5.1 kw=4.95 inf=1.52 iv=0.00 n=0 d=0 sk=3 hf=96148 hm=92132 ht=283156 pf=0 pm=0 pt=0 ru=235400 rp=239416
18:35:41.070 @T t=135705 s=0.000 lv=-40.4 pk=-39.5 c0=6.3 c1=6.1 kw=5.90 inf=1.36 iv=0.00 n=0 d=0 sk=4 hf=96148 hm=92132 ht=283156 pf=0 pm=0 pt=0 ru=235400 rp=239416
18:35:41.071 I (136164) wifi:[ADDBA]RX DELBA, reason:37, delete tid:0, initiator:1(originator)
18:35:41.071 @T t=135791 s=0.000 lv=-39.0 pk=-37.7 c0=6.0 c1=5.1 kw=4.94 inf=1.85 iv=0.00 n=0 d=0 sk=2 hf=96148 hm=92132 ht=283156 pf=0 pm=0 pt=0 ru=235400 rp=239416
18:35:41.071 @T t=135897 s=0.000 lv=-40.1 pk=-38.8 c0=3.9 c1=5.1 kw=5.01 inf=1.54 iv=0.00 n=0 d=0 sk=3 hf=96148 hm=92132 ht=283156 pf=0 pm=0 pt=0 ru=235400 rp=239416
18:35:41.071 @T t=136003 s=0.000 lv=-39.8 pk=-38.4 c0=3.2 c1=6.0 kw=5.90 inf=1.36 iv=0.00 n=0 d=0 sk=4 hf=96148 hm=92132 ht=283156 pf=0 pm=0 pt=0 ru=235400 rp=239416
18:35:41.071 @T t=136089 s=0.000 lv=-40.1 pk=-39.6 c0=3.9 c1=5.1 kw=4.90 inf=1.84 iv=0.00 n=0 d=0 sk=2 hf=96148 hm=92132 ht=283156 pf=0 pm=0 pt=0 ru=235400 rp=239416
18:35:43.567 @T t=136195 s=0.000 lv=-39.0 pk=-36.7 c0=6.3 c1=5.1 kw=4.93 inf=1.52 iv=0.00 n=0 d=0 sk=3 hf=96148 hm=92132 ht=283156 pf=0 pm=0 pt=0 ru=235400 rp=239416
18:35:43.567 @I ww=marvin cut=0.50 win=5 cool=1000 tick=100 wifi=1 srv=1 li=0 ln=0
18:35:43.567 @T t=136287 s=0.000 lv=-39.1 pk=-38.3 c0=13.3 c1=5.9 kw=5.73 inf=1.53 iv=0.00 n=0 d=0 sk=3 hf=96148 hm=92132 ht=283156 pf=0 pm=0 pt=0 ru=235400 rp=239416
18:35:43.567 @T t=136393 s=0.000 lv=-38.2 pk=-37.5 c0=3.1 c1=5.1 kw=4.95 inf=1.52 iv=0.00 n=0 d=0 sk=3 hf=96148 hm=92132 ht=283156 pf=0 pm=0 pt=0 ru=235400 rp=239416
18:35:43.567 @T t=136499 s=0.000 lv=-37.5 pk=-34.4 c0=6.4 c1=14.3 kw=14.12 inf=1.19 iv=0.96 n=10 d=0 sk=2 hf=96148 hm=92132 ht=283156 pf=0 pm=0 pt=0 ru=235400 rp=239416
18:35:43.568 @T t=136605 s=0.000 lv=-37.2 pk=-34.7 c0=4.0 c1=11.0 kw=10.75 inf=2.63 iv=1.18 n=4 d=0 sk=0 hf=96148 hm=92132 ht=283156 pf=0 pm=0 pt=0 ru=235400 rp=239416
18:35:43.568 @T t=136691 s=0.000 lv=-38.0 pk=-37.4 c0=4.3 c1=9.2 kw=9.08 inf=2.42 iv=1.14 n=3 d=0 sk=0 hf=96148 hm=92132 ht=283156 pf=0 pm=0 pt=0 ru=235400 rp=239416
18:35:43.568 @T t=136797 s=0.000 lv=-37.8 pk=-36.1 c0=5.2 c1=8.8 kw=8.58 inf=2.80 iv=1.20 n=3 d=0 sk=0 hf=94588 hm=92132 ht=283156 pf=0 pm=0 pt=0 ru=236960 rp=239416
18:35:43.568 @T t=136902 s=0.000 lv=-36.5 pk=-33.0 c0=5.8 c1=10.8 kw=9.50 inf=3.03 iv=1.37 n=3 d=0 sk=0 hf=96148 hm=92132 ht=283156 pf=0 pm=0 pt=0 ru=235400 rp=239416
18:35:43.568 @T t=136989 s=0.000 lv=-36.5 pk=-35.4 c0=4.3 c1=11.4 kw=12.08 inf=2.49 iv=1.20 n=4 d=0 sk=0 hf=96148 hm=92132 ht=283156 pf=0 pm=0 pt=0 ru=235400 rp=239416
18:35:43.568 @T t=137095 s=0.000 lv=-37.2 pk=-35.3 c0=3.6 c1=8.8 kw=8.65 inf=2.82 iv=1.21 n=3 d=0 sk=0 hf=96148 hm=92132 ht=283156 pf=0 pm=0 pt=0 ru=235400 rp=239416
18:35:43.568 @T t=137201 s=0.000 lv=-38.2 pk=-36.1 c0=3.5 c1=8.8 kw=8.79 inf=2.83 iv=1.22 n=3 d=0 sk=0 hf=96148 hm=92132 ht=283156 pf=0 pm=0 pt=0 ru=235400 rp=239416
18:35:43.568 @I ww=marvin cut=0.50 win=5 cool=1000 tick=100 wifi=1 srv=1 li=0 ln=0
18:35:43.568 @T t=137296 s=0.000 lv=-38.0 pk=-36.3 c0=16.1 c1=11.7 kw=11.25 inf=2.53 iv=1.31 n=4 d=0 sk=0 hf=96148 hm=92132 ht=283156 pf=0 pm=0 pt=0 ru=235400 rp=239416
18:35:43.568 @T t=137402 s=0.000 lv=-38.9 pk=-37.6 c0=3.6 c1=9.7 kw=8.78 inf=2.82 iv=1.21 n=3 d=0 sk=0 hf=96148 hm=92132 ht=283156 pf=0 pm=0 pt=0 ru=235400 rp=239416
18:35:43.568 @T t=137491 s=0.000 lv=-39.0 pk=-37.7 c0=3.9 c1=9.7 kw=10.37 inf=2.89 iv=1.30 n=3 d=0 sk=0 hf=96148 hm=92132 ht=283156 pf=0 pm=0 pt=0 ru=235400 rp=239416
18:35:43.568 @T t=137597 s=0.000 lv=-40.2 pk=-39.0 c0=3.5 c1=9.8 kw=9.61 inf=2.37 iv=1.17 n=4 d=0 sk=0 hf=96148 hm=92132 ht=283156 pf=0 pm=0 pt=0 ru=235400 rp=239416
18:35:43.568 @T t=137703 s=0.000 lv=-39.9 pk=-36.9 c0=3.8 c1=10.9 kw=10.89 inf=2.67 iv=1.22 n=4 d=0 sk=0 hf=96148 hm=92132 ht=283156 pf=0 pm=0 pt=0 ru=235400 rp=239416
18:35:43.568 @T t=137789 s=0.000 lv=-39.4 pk=-38.9 c0=4.3 c1=8.5 kw=8.09 inf=3.19 iv=1.25 n=2 d=0 sk=0 hf=96148 hm=92132 ht=283156 pf=0 pm=0 pt=0 ru=235400 rp=239416
18:35:43.569 @T t=137895 s=0.000 lv=-38.9 pk=-38.1 c0=4.2 c1=10.1 kw=9.94 inf=2.46 iv=1.24 n=4 d=0 sk=0 hf=96148 hm=92132 ht=283156 pf=0 pm=0 pt=0 ru=235400 rp=239416
18:35:43.569 @T t=138001 s=0.000 lv=-39.1 pk=-37.4 c0=3.5 c1=8.5 kw=8.52 inf=2.73 iv=1.14 n=3 d=0 sk=0 hf=96148 hm=92132 ht=283156 pf=0 pm=0 pt=0 ru=235400 rp=239416
18:35:43.569 @T t=138090 s=0.000 lv=-36.9 pk=-35.1 c0=4.2 c1=10.7 kw=10.25 inf=2.85 iv=1.18 n=3 d=0 sk=0 hf=96148 hm=92132 ht=283156 pf=0 pm=0 pt=0 ru=235400 rp=239416
18:35:43.569 @T t=138196 s=0.000 lv=-37.0 pk=-33.6 c0=3.4 c1=9.5 kw=9.30 inf=2.29 iv=1.10 n=4 d=0 sk=0 hf=96148 hm=92132 ht=283156 pf=0 pm=0 pt=0 ru=235400 rp=239416
18:35:43.569 @I ww=marvin cut=0.50 win=5 cool=1000 tick=100 wifi=1 srv=1 li=0 ln=0
18:35:43.569 @T t=138288 s=0.000 lv=-37.0 pk=-34.9 c0=4.8 c1=10.0 kw=9.78 inf=2.77 iv=1.17 n=3 d=0 sk=0 hf=96148 hm=92132 ht=283156 pf=0 pm=0 pt=0 ru=235400 rp=239416
18:35:43.569 @T t=138394 s=0.000 lv=-39.0 pk=-38.2 c0=3.5 c1=8.5 kw=8.38 inf=2.73 iv=1.14 n=3 d=0 sk=0 hf=96148 hm=92132 ht=283156 pf=0 pm=0 pt=0 ru=235400 rp=239416
18:35:43.569 @T t=138500 s=0.000 lv=-39.1 pk=-37.8 c0=3.4 c1=9.4 kw=9.24 inf=2.27 iv=1.09 n=4 d=0 sk=0 hf=96148 hm=92132 ht=283156 pf=0 pm=0 pt=0 ru=235400 rp=239416
18:35:43.569 @T t=138586 s=0.000 lv=-38.3 pk=-36.9 c0=4.1 c1=10.6 kw=10.38 inf=2.73 iv=1.12 n=3 d=0 sk=0 hf=96148 hm=92132 ht=283156 pf=0 pm=0 pt=0 ru=235400 rp=239416
18:35:46.081 @T t=138692 s=0.000 lv=-38.7 pk=-37.6 c0=3.4 c1=8.4 kw=8.24 inf=2.68 iv=1.10 n=3 d=0 sk=0 hf=96148 hm=92132 ht=283156 pf=0 pm=0 pt=0 ru=235400 rp=239416
18:35:46.081 @T t=138798 s=0.000 lv=-39.9 pk=-39.0 c0=3.4 c1=9.4 kw=9.23 inf=2.27 iv=1.08 n=4 d=0 sk=0 hf=96148 hm=92132 ht=283156 pf=0 pm=0 pt=0 ru=235400 rp=239416
18:35:46.081 @T t=138886 s=0.000 lv=-38.8 pk=-37.0 c0=9.4 c1=12.0 kw=10.79 inf=2.92 iv=1.26 n=3 d=0 sk=0 hf=96148 hm=92132 ht=283156 pf=0 pm=0 pt=0 ru=235400 rp=239416
18:35:46.081 @T t=138992 s=0.000 lv=-38.9 pk=-37.7 c0=3.5 c1=8.5 kw=8.31 inf=2.70 iv=1.12 n=3 d=0 sk=0 hf=96148 hm=92132 ht=283156 pf=0 pm=0 pt=0 ru=235400 rp=239416
18:35:46.081 @T t=139098 s=0.000 lv=-39.2 pk=-37.8 c0=3.6 c1=9.5 kw=9.37 inf=2.31 iv=1.10 n=4 d=0 sk=0 hf=96148 hm=92132 ht=283156 pf=0 pm=0 pt=0 ru=235400 rp=239416
18:35:46.081 @T t=139204 s=0.000 lv=-40.0 pk=-38.5 c0=6.5 c1=10.4 kw=10.24 inf=2.51 iv=1.08 n=4 d=0 sk=0 hf=96148 hm=92132 ht=283156 pf=0 pm=0 pt=0 ru=235400 rp=239416
18:35:46.081 @I ww=marvin cut=0.50 win=5 cool=1000 tick=100 wifi=1 srv=1 li=0 ln=0
18:35:46.081 @T t=139295 s=0.000 lv=-38.6 pk=-37.2 c0=4.8 c1=7.6 kw=7.39 inf=3.08 iv=1.18 n=2 d=0 sk=0 hf=96148 hm=92132 ht=283156 pf=0 pm=0 pt=0 ru=235400 rp=239416
18:35:46.081 @T t=139401 s=0.000 lv=-39.2 pk=-37.5 c0=3.5 c1=9.5 kw=9.56 inf=2.33 iv=1.12 n=4 d=0 sk=0 hf=96148 hm=92132 ht=283156 pf=0 pm=0 pt=0 ru=235400 rp=239416
18:35:46.082 @T t=139487 s=0.000 lv=-38.9 pk=-37.0 c0=8.1 c1=10.8 kw=10.36 inf=2.78 iv=1.12 n=3 d=0 sk=0 hf=96148 hm=92132 ht=283156 pf=0 pm=0 pt=0 ru=235400 rp=239416
18:35:46.082 @T t=139593 s=0.000 lv=-39.2 pk=-37.9 c0=3.5 c1=8.5 kw=8.35 inf=2.72 iv=1.12 n=3 d=0 sk=0 hf=96148 hm=92132 ht=283156 pf=0 pm=0 pt=0 ru=235400 rp=239416
18:35:46.082 @T t=139699 s=0.000 lv=-38.8 pk=-37.2 c0=3.4 c1=9.5 kw=9.29 inf=2.29 iv=1.10 n=4 d=0 sk=0 hf=96148 hm=92132 ht=283156 pf=0 pm=0 pt=0 ru=235400 rp=239416
18:35:46.082 @T t=139805 s=0.000 lv=-39.8 pk=-38.8 c0=3.3 c1=6.1 kw=6.00 inf=1.39 iv=0.00 n=0 d=0 sk=4 hf=96148 hm=92132 ht=283156 pf=0 pm=0 pt=0 ru=235400 rp=239416
18:35:46.082 @T t=139891 s=0.000 lv=-39.3 pk=-37.1 c0=8.0 c1=5.1 kw=4.89 inf=1.83 iv=0.00 n=0 d=0 sk=2 hf=96148 hm=92132 ht=283156 pf=0 pm=0 pt=0 ru=235400 rp=239416
18:35:46.082 @T t=139997 s=0.000 lv=-38.1 pk=-37.4 c0=3.6 c1=5.1 kw=4.97 inf=1.53 iv=0.00 n=0 d=0 sk=3 hf=96148 hm=92132 ht=283156 pf=0 pm=0 pt=0 ru=235400 rp=239416
18:35:46.082 @T t=140103 s=0.000 lv=-39.7 pk=-37.7 c0=3.4 c1=6.1 kw=5.96 inf=1.38 iv=0.00 n=0 d=0 sk=4 hf=96148 hm=92132 ht=283156 pf=0 pm=0 pt=0 ru=235400 rp=239416
18:35:46.082 @T t=140189 s=0.000 lv=-38.8 pk=-37.8 c0=3.9 c1=5.1 kw=4.92 inf=1.84 iv=0.00 n=0 d=0 sk=2 hf=96148 hm=92132 ht=283156 pf=0 pm=0 pt=0 ru=235400 rp=239416
18:35:46.082 @I ww=marvin cut=0.50 win=5 cool=1000 tick=100 wifi=1 srv=1 li=0 ln=0
18:35:46.082 @T t=140301 s=0.000 lv=-38.5 pk=-37.3 c0=11.0 c1=4.7 kw=4.79 inf=1.52 iv=0.00 n=0 d=0 sk=3 hf=96148 hm=92132 ht=283156 pf=0 pm=0 pt=0 ru=235400 rp=239416
18:35:46.082 @T t=140387 s=0.000 lv=-38.8 pk=-37.7 c0=3.9 c1=6.6 kw=6.18 inf=1.59 iv=0.00 n=0 d=0 sk=3 hf=96148 hm=92132 ht=283156 pf=0 pm=0 pt=0 ru=235400 rp=239416
18:35:46.082 @T t=140493 s=0.000 lv=-39.0 pk=-37.8 c0=6.3 c1=5.1 kw=4.92 inf=1.52 iv=0.00 n=0 d=0 sk=3 hf=96148 hm=92132 ht=283156 pf=0 pm=0 pt=0 ru=235400 rp=239416
18:35:46.082 @T t=140599 s=0.000 lv=-38.9 pk=-36.6 c0=6.3 c1=5.1 kw=4.93 inf=1.52 iv=0.00 n=0 d=0 sk=3 hf=96148 hm=92132 ht=283156 pf=0 pm=0 pt=0 ru=235400 rp=239416
18:35:46.082 @T t=140705 s=0.000 lv=-37.6 pk=-35.5 c0=3.0 c1=6.1 kw=5.91 inf=1.36 iv=0.00 n=0 d=0 sk=4 hf=96148 hm=92132 ht=283156 pf=0 pm=0 pt=0 ru=235400 rp=239416
18:35:46.082 @T t=140791 s=0.000 lv=-38.6 pk=-38.0 c0=7.7 c1=5.0 kw=4.86 inf=1.82 iv=0.00 n=0 d=0 sk=2 hf=96148 hm=92132 ht=283156 pf=0 pm=0 pt=0 ru=235400 rp=239416
18:35:46.082 @T t=140897 s=0.000 lv=-38.8 pk=-37.0 c0=6.8 c1=5.6 kw=5.08 inf=1.56 iv=0.00 n=0 d=0 sk=3 hf=96148 hm=92132 ht=283156 pf=0 pm=0 pt=0 ru=235400 rp=239416
18:35:46.082 @T t=141003 s=0.000 lv=-37.8 pk=-35.6 c0=3.4 c1=6.1 kw=5.95 inf=1.37 iv=0.00 n=0 d=0 sk=4 hf=96148 hm=92132 ht=283156 pf=0 pm=0 pt=0 ru=235400 rp=239416
18:35:46.082 @T t=141089 s=0.000 lv=-39.5 pk=-37.5 c0=4.4 c1=5.1 kw=4.93 inf=1.85 iv=0.00 n=0 d=0 sk=2 hf=96148 hm=92132 ht=283156 pf=0 pm=0 pt=0 ru=235400 rp=239416
18:35:48.376 @T t=141195 s=0.000 lv=-38.3 pk=-37.6 c0=3.2 c1=5.1 kw=4.99 inf=1.54 iv=0.00 n=0 d=0 sk=3 hf=96148 hm=92132 ht=283156 pf=0 pm=0 pt=0 ru=235400 rp=239416
18:35:48.376 @I ww=marvin cut=0.50 win=5 cool=1000 tick=100 wifi=1 srv=1 li=0 ln=0
18:35:48.376 [status] up 141s | mic -39.0 dBFS (peak -33.0) | score max 0.00 | detections 0 | inferences 226 (22.6/s; model 1.16 ms each, paused in quiet 33%; features 1.40 ms per 30 ms) | CPU core0  4.8% core1  8.3% (wake word pipeline 8.09% of one core) | RAM used 229 KB (peak 233 KB, 93 KB free) | wifi OK, server OK | audio lost since boot: i2s 0 net 0
18:35:48.376 @T t=141289 s=0.000 lv=-39.9 pk=-38.7 c0=28.2 c1=5.8 kw=5.64 inf=1.54 iv=0.00 n=0 d=0 sk=3 hf=96148 hm=92132 ht=283156 pf=0 pm=0 pt=0 ru=235400 rp=239416
18:35:48.376 @T t=141395 s=0.000 lv=-38.9 pk=-37.4 c0=3.2 c1=5.1 kw=4.93 inf=1.52 iv=0.00 n=0 d=0 sk=3 hf=96148 hm=92132 ht=283156 pf=0 pm=0 pt=0 ru=235400 rp=239416
18:35:48.376 @T t=141501 s=0.000 lv=-40.5 pk=-39.1 c0=3.1 c1=5.0 kw=5.06 inf=1.52 iv=0.00 n=0 d=0 sk=3 hf=96148 hm=92132 ht=283156 pf=0 pm=0 pt=0 ru=235400 rp=239416
18:35:48.376 @T t=141587 s=0.000 lv=-40.0 pk=-39.1 c0=7.8 c1=6.6 kw=6.13 inf=1.58 iv=0.00 n=0 d=0 sk=3 hf=96148 hm=92132 ht=283156 pf=0 pm=0 pt=0 ru=235400 rp=239416
18:35:48.376 @T t=141693 s=0.000 lv=-40.4 pk=-38.9 c0=3.0 c1=5.1 kw=4.94 inf=1.52 iv=0.00 n=0 d=0 sk=3 hf=96148 hm=92132 ht=283156 pf=0 pm=0 pt=0 ru=235400 rp=239416
18:35:48.376 @T t=141799 s=0.000 lv=-37.9 pk=-36.4 c0=6.3 c1=5.1 kw=4.92 inf=1.52 iv=0.00 n=0 d=0 sk=3 hf=96148 hm=92132 ht=283156 pf=0 pm=0 pt=0 ru=235400 rp=239416
18:35:48.377 @T t=141905 s=0.000 lv=-39.3 pk=-37.3 c0=3.7 c1=6.1 kw=5.96 inf=1.38 iv=0.00 n=0 d=0 sk=4 hf=96148 hm=92132 ht=283156 pf=0 pm=0 pt=0 ru=235400 rp=239416
18:35:48.377 @T t=141991 s=0.000 lv=-37.8 pk=-36.3 c0=3.9 c1=5.1 kw=4.93 inf=1.85 iv=0.00 n=0 d=0 sk=2 hf=96148 hm=92132 ht=283156 pf=0 pm=0 pt=0 ru=235400 rp=239416
18:35:48.377 @T t=142097 s=0.000 lv=-38.6 pk=-37.5 c0=6.4 c1=5.1 kw=4.94 inf=1.52 iv=0.00 n=0 d=0 sk=3 hf=96148 hm=92132 ht=283156 pf=0 pm=0 pt=0 ru=235400 rp=239416
18:35:48.377 @T t=142203 s=0.000 lv=-38.1 pk=-36.8 c0=3.4 c1=6.1 kw=5.96 inf=1.38 iv=0.00 n=0 d=0 sk=4 hf=96148 hm=92132 ht=283156 pf=0 pm=0 pt=0 ru=235400 rp=239416
18:35:48.377 @I ww=marvin cut=0.50 win=5 cool=1000 tick=100 wifi=1 srv=1 li=0 ln=0
18:35:48.377 @T t=142295 s=0.000 lv=-38.6 pk=-38.0 c0=4.6 c1=4.7 kw=4.60 inf=1.84 iv=0.00 n=0 d=0 sk=2 hf=96148 hm=92132 ht=283156 pf=0 pm=0 pt=0 ru=235400 rp=239416
18:35:48.377 @T t=142401 s=0.000 lv=-39.3 pk=-37.8 c0=3.2 c1=5.0 kw=5.07 inf=1.52 iv=0.00 n=0 d=0 sk=3 hf=96148 hm=92132 ht=283156 pf=0 pm=0 pt=0 ru=235400 rp=239416
18:35:48.377 @T t=142487 s=0.000 lv=-38.8 pk=-37.1 c0=3.8 c1=6.6 kw=6.17 inf=1.59 iv=0.00 n=0 d=0 sk=3 hf=96148 hm=92132 ht=283156 pf=0 pm=0 pt=0 ru=235400 rp=239416
18:35:48.377 @T t=142593 s=0.000 lv=-38.6 pk=-37.3 c0=6.3 c1=5.1 kw=4.93 inf=1.52 iv=0.00 n=0 d=0 sk=3 hf=96148 hm=92132 ht=283156 pf=0 pm=0 pt=0 ru=235400 rp=239416
18:35:48.377 @T t=142699 s=0.000 lv=-38.5 pk=-37.4 c0=3.0 c1=5.1 kw=4.93 inf=1.52 iv=0.00 n=0 d=0 sk=3 hf=96148 hm=92132 ht=283156 pf=0 pm=0 pt=0 ru=235400 rp=239416
18:35:48.377 @T t=142805 s=0.000 lv=-38.1 pk=-37.7 c0=3.0 c1=6.1 kw=5.93 inf=1.37 iv=0.00 n=0 d=0 sk=4 hf=96148 hm=92132 ht=283156 pf=0 pm=0 pt=0 ru=235400 rp=239416
18:35:48.377 @T t=142891 s=0.000 lv=-38.0 pk=-36.8 c0=8.3 c1=6.3 kw=5.52 inf=2.09 iv=0.00 n=0 d=0 sk=2 hf=96148 hm=92132 ht=283156 pf=0 pm=0 pt=0 ru=235400 rp=239416
18:35:48.377 @T t=142998 s=0.000 lv=-36.5 pk=-35.1 c0=6.6 c1=5.0 kw=4.92 inf=1.53 iv=0.00 n=0 d=0 sk=3 hf=96148 hm=92132 ht=283156 pf=0 pm=0 pt=0 ru=235400 rp=239416
18:35:48.377 @T t=143104 s=0.000 lv=-37.9 pk=-35.3 c0=3.2 c1=6.1 kw=5.90 inf=1.36 iv=0.00 n=0 d=0 sk=4 hf=96148 hm=92132 ht=283156 pf=0 pm=0 pt=0 ru=235400 rp=239416
18:35:48.377 @T t=143190 s=0.000 lv=-38.7 pk=-37.5 c0=7.7 c1=5.0 kw=4.87 inf=1.82 iv=0.00 n=0 d=0 sk=2 hf=96148 hm=92132 ht=283156 pf=0 pm=0 pt=0 ru=235400 rp=239416
18:35:48.377 @I ww=marvin cut=0.50 win=5 cool=1000 tick=100 wifi=1 srv=1 li=0 ln=0
18:35:48.377 @T t=143302 s=0.000 lv=-39.4 pk=-37.4 c0=3.6 c1=5.6 kw=5.55 inf=1.35 iv=0.00 n=0 d=0 sk=4 hf=96148 hm=92132 ht=283156 pf=0 pm=0 pt=0 ru=235400 rp=239416
18:35:48.377 @T t=143388 s=0.000 lv=-39.1 pk=-36.9 c0=8.3 c1=5.3 kw=4.94 inf=1.85 iv=0.00 n=0 d=0 sk=2 hf=96148 hm=92132 ht=283156 pf=0 pm=0 pt=0 ru=235400 rp=239416
18:35:50.983 @T t=143494 s=0.000 lv=-37.5 pk=-35.5 c0=3.3 c1=5.1 kw=4.98 inf=1.53 iv=0.00 n=0 d=0 sk=3 hf=96148 hm=92132 ht=283156 pf=0 pm=0 pt=0 ru=235400 rp=239416
18:35:50.984 @T t=143600 s=0.000 lv=-39.2 pk=-37.6 c0=3.1 c1=5.1 kw=4.93 inf=1.52 iv=0.00 n=0 d=0 sk=3 hf=96148 hm=92132 ht=283156 pf=0 pm=0 pt=0 ru=235400 rp=239416
18:35:50.985 @T t=143686 s=0.000 lv=-38.6 pk=-36.9 c0=3.8 c1=6.3 kw=6.09 inf=1.52 iv=0.00 n=0 d=0 sk=3 hf=96148 hm=92132 ht=283156 pf=0 pm=0 pt=0 ru=235400 rp=239416
18:35:50.985 @T t=143792 s=0.000 lv=-38.6 pk=-37.0 c0=3.0 c1=5.1 kw=4.92 inf=1.52 iv=0.00 n=0 d=0 sk=3 hf=96148 hm=92132 ht=283156 pf=0 pm=0 pt=0 ru=235400 rp=239416
18:35:50.985 @T t=143898 s=0.000 lv=-39.4 pk=-38.5 c0=3.7 c1=5.1 kw=4.95 inf=1.52 iv=0.00 n=0 d=0 sk=3 hf=96148 hm=92132 ht=283156 pf=0 pm=0 pt=0 ru=235400 rp=239416
18:35:50.986 @T t=144004 s=0.000 lv=-38.9 pk=-37.0 c0=3.2 c1=6.1 kw=5.96 inf=1.38 iv=0.00 n=0 d=0 sk=4 hf=96148 hm=92132 ht=283156 pf=0 pm=0 pt=0 ru=235400 rp=239416
18:35:50.986 @T t=144090 s=0.000 lv=-38.8 pk=-37.5 c0=3.9 c1=5.0 kw=4.89 inf=1.83 iv=0.00 n=0 d=0 sk=2 hf=96148 hm=92132 ht=283156 pf=0 pm=0 pt=0 ru=235400 rp=239416
18:35:50.986 @T t=144196 s=0.000 lv=-39.4 pk=-38.5 c0=3.1 c1=5.1 kw=4.95 inf=1.52 iv=0.00 n=0 d=0 sk=3 hf=96148 hm=92132 ht=283156 pf=0 pm=0 pt=0 ru=235400 rp=239416
18:35:50.986 @I ww=marvin cut=0.50 win=5 cool=1000 tick=100 wifi=1 srv=1 li=0 ln=0
18:35:50.986 @T t=144288 s=0.000 lv=-38.8 pk=-37.6 c0=13.3 c1=5.9 kw=5.71 inf=1.53 iv=0.00 n=0 d=0 sk=3 hf=96148 hm=92132 ht=283156 pf=0 pm=0 pt=0 ru=235400 rp=239416
18:35:50.987 @T t=144394 s=0.000 lv=-39.0 pk=-38.1 c0=6.4 c1=5.1 kw=4.92 inf=1.52 iv=0.00 n=0 d=0 sk=3 hf=96148 hm=92132 ht=283156 pf=0 pm=0 pt=0 ru=235400 rp=239416
18:35:50.987 @T t=144500 s=0.000 lv=-38.6 pk=-36.1 c0=6.7 c1=5.1 kw=4.97 inf=1.53 iv=0.00 n=0 d=0 sk=3 hf=96148 hm=92132 ht=283156 pf=0 pm=0 pt=0 ru=235400 rp=239416
18:35:50.987 @T t=144586 s=0.000 lv=-38.5 pk=-37.3 c0=4.1 c1=6.4 kw=6.20 inf=1.55 iv=0.00 n=0 d=0 sk=3 hf=96148 hm=92132 ht=283156 pf=0 pm=0 pt=0 ru=235400 rp=239416
18:35:50.987 @T t=144692 s=0.000 lv=-38.0 pk=-36.9 c0=6.3 c1=5.0 kw=4.93 inf=1.52 iv=0.00 n=0 d=0 sk=3 hf=96148 hm=92132 ht=283156 pf=0 pm=0 pt=0 ru=235400 rp=239416
18:35:50.987 @T t=144798 s=0.000 lv=-38.8 pk=-36.7 c0=3.0 c1=5.0 kw=4.90 inf=1.51 iv=0.00 n=0 d=0 sk=3 hf=96148 hm=92132 ht=283156 pf=0 pm=0 pt=0 ru=235400 rp=239416
18:35:50.988 @T t=144905 s=0.000 lv=-38.9 pk=-37.1 c0=6.5 c1=6.6 kw=6.35 inf=1.41 iv=0.00 n=0 d=0 sk=4 hf=96148 hm=92132 ht=283156 pf=0 pm=0 pt=0 ru=235400 rp=239416
18:35:50.988 @T t=144991 s=0.000 lv=-38.6 pk=-37.0 c0=7.4 c1=5.0 kw=4.93 inf=1.84 iv=0.00 n=0 d=0 sk=2 hf=96148 hm=92132 ht=283156 pf=0 pm=0 pt=0 ru=235400 rp=239416
18:35:50.988 @T t=145097 s=0.000 lv=-38.0 pk=-36.1 c0=3.7 c1=5.2 kw=4.97 inf=1.53 iv=0.00 n=0 d=0 sk=3 hf=96148 hm=92132 ht=283156 pf=0 pm=0 pt=0 ru=235400 rp=239416
18:35:50.988 @T t=145203 s=0.000 lv=-39.0 pk=-38.0 c0=3.3 c1=6.1 kw=5.95 inf=1.37 iv=0.00 n=0 d=0 sk=4 hf=96148 hm=92132 ht=283156 pf=0 pm=0 pt=0 ru=235400 rp=239416
18:35:50.988 @I ww=marvin cut=0.50 win=5 cool=1000 tick=100 wifi=1 srv=1 li=0 ln=0
18:35:50.988 @T t=145295 s=0.000 lv=-37.7 pk=-36.9 c0=4.4 c1=4.7 kw=4.55 inf=1.82 iv=0.00 n=0 d=0 sk=2 hf=96148 hm=92132 ht=283156 pf=0 pm=0 pt=0 ru=235400 rp=239416
18:35:50.988 @T t=145401 s=0.000 lv=-38.1 pk=-37.3 c0=3.2 c1=5.0 kw=5.08 inf=1.53 iv=0.00 n=0 d=0 sk=3 hf=96148 hm=92132 ht=283156 pf=0 pm=0 pt=0 ru=235400 rp=239416
18:35:50.988 @T t=145487 s=0.000 lv=-38.5 pk=-37.2 c0=3.8 c1=6.6 kw=6.16 inf=1.59 iv=0.00 n=0 d=0 sk=3 hf=96148 hm=92132 ht=283156 pf=0 pm=0 pt=0 ru=235400 rp=239416
18:35:50.988 @T t=145593 s=0.000 lv=-38.7 pk=-36.1 c0=3.4 c1=5.1 kw=4.95 inf=1.52 iv=0.00 n=0 d=0 sk=3 hf=96148 hm=92132 ht=283156 pf=0 pm=0 pt=0 ru=235400 rp=239416
18:35:50.988 @T t=145699 s=0.000 lv=-38.6 pk=-36.7 c0=3.3 c1=5.1 kw=4.99 inf=1.54 iv=0.00 n=0 d=0 sk=3 hf=96148 hm=92132 ht=283156 pf=0 pm=0 pt=0 ru=235400 rp=239416
18:35:50.988 @T t=145805 s=0.000 lv=-39.1 pk=-37.6 c0=6.2 c1=6.1 kw=5.92 inf=1.37 iv=0.00 n=0 d=0 sk=4 hf=96148 hm=92132 ht=283156 pf=0 pm=0 pt=0 ru=235400 rp=239416
18:35:50.988 @T t=145891 s=0.000 lv=-39.5 pk=-38.8 c0=4.6 c1=5.1 kw=4.91 inf=1.84 iv=0.00 n=0 d=0 sk=2 hf=96148 hm=92132 ht=283156 pf=0 pm=0 pt=0 ru=235400 rp=239416
18:35:50.988 @T t=145997 s=0.000 lv=-36.2 pk=-33.8 c0=3.2 c1=5.1 kw=4.97 inf=1.53 iv=0.00 n=0 d=0 sk=3 hf=96148 hm=92132 ht=283156 pf=0 pm=0 pt=0 ru=235400 rp=239416
18:35:53.465 @T t=146103 s=0.000 lv=-38.1 pk=-36.2 c0=6.5 c1=6.1 kw=5.93 inf=1.37 iv=0.00 n=0 d=0 sk=4 hf=96148 hm=92132 ht=283156 pf=0 pm=0 pt=0 ru=235400 rp=239416
18:35:53.466 @T t=146189 s=0.000 lv=-37.9 pk=-37.7 c0=3.8 c1=5.0 kw=4.90 inf=1.84 iv=0.00 n=0 d=0 sk=2 hf=96148 hm=92132 ht=283156 pf=0 pm=0 pt=0 ru=235400 rp=239416
18:35:53.466 @I ww=marvin cut=0.50 win=5 cool=1000 tick=100 wifi=1 srv=1 li=0 ln=0
18:35:53.466 @T t=146301 s=0.000 lv=-38.2 pk=-36.2 c0=11.0 c1=4.7 kw=4.80 inf=1.52 iv=0.00 n=0 d=0 sk=3 hf=96148 hm=92132 ht=283156 pf=0 pm=0 pt=0 ru=235400 rp=239416
18:35:53.466 @T t=146387 s=0.000 lv=-39.5 pk=-38.5 c0=7.9 c1=6.6 kw=6.17 inf=1.59 iv=0.00 n=0 d=0 sk=3 hf=96148 hm=92132 ht=283156 pf=0 pm=0 pt=0 ru=235400 rp=239416
18:35:53.466 @T t=146493 s=0.000 lv=-36.6 pk=-36.1 c0=3.1 c1=5.1 kw=4.93 inf=1.52 iv=0.00 n=0 d=0 sk=3 hf=96148 hm=92132 ht=283156 pf=0 pm=0 pt=0 ru=235400 rp=239416
18:35:53.466 @T t=146599 s=0.000 lv=-38.9 pk=-37.4 c0=6.3 c1=5.1 kw=4.92 inf=1.52 iv=0.00 n=0 d=0 sk=3 hf=96148 hm=92132 ht=283156 pf=0 pm=0 pt=0 ru=235400 rp=239416
18:35:53.466 I (147017) wifi:[ADDBA]RX DELBA, reason:37, delete tid:0, initiator:1(originator)
18:35:53.466 @T t=146705 s=0.000 lv=-37.1 pk=-34.9 c0=5.3 c1=6.2 kw=6.01 inf=1.39 iv=0.00 n=0 d=0 sk=4 hf=96148 hm=92132 ht=283156 pf=0 pm=0 pt=0 ru=235400 rp=239416
18:35:53.466 @T t=146791 s=0.000 lv=-38.5 pk=-36.4 c0=8.1 c1=5.0 kw=4.94 inf=1.85 iv=0.00 n=0 d=0 sk=2 hf=96148 hm=92132 ht=283156 pf=0 pm=0 pt=0 ru=235400 rp=239416
18:35:53.466 @T t=146897 s=0.000 lv=-38.0 pk=-37.0 c0=9.8 c1=5.6 kw=5.11 inf=1.57 iv=0.00 n=0 d=0 sk=3 hf=96148 hm=92132 ht=283156 pf=0 pm=0 pt=0 ru=235400 rp=239416
18:35:53.466 @T t=147003 s=0.000 lv=-37.3 pk=-36.3 c0=6.5 c1=6.0 kw=5.93 inf=1.37 iv=0.00 n=0 d=0 sk=4 hf=96148 hm=92132 ht=283156 pf=0 pm=0 pt=0 ru=235400 rp=239416
18:35:53.467 @T t=147089 s=0.000 lv=-40.3 pk=-39.1 c0=4.5 c1=5.2 kw=4.97 inf=1.86 iv=0.00 n=0 d=0 sk=2 hf=96148 hm=92132 ht=283156 pf=0 pm=0 pt=0 ru=235400 rp=239416
18:35:53.467 @T t=147195 s=0.000 lv=-37.8 pk=-35.4 c0=3.3 c1=5.1 kw=4.95 inf=1.52 iv=0.00 n=0 d=0 sk=3 hf=96148 hm=92132 ht=283156 pf=0 pm=0 pt=0 ru=235400 rp=239416
18:35:53.467 @I ww=marvin cut=0.50 win=5 cool=1000 tick=100 wifi=1 srv=1 li=0 ln=0
18:35:53.467 @T t=147287 s=0.000 lv=-39.7 pk=-38.8 c0=13.3 c1=5.9 kw=5.70 inf=1.52 iv=0.00 n=0 d=0 sk=3 hf=96148 hm=92132 ht=283156 pf=0 pm=0 pt=0 ru=235400 rp=239416
18:35:53.467 @T t=147393 s=0.000 lv=-39.3 pk=-38.1 c0=3.1 c1=5.1 kw=4.94 inf=1.52 iv=0.00 n=0 d=0 sk=3 hf=96148 hm=92132 ht=283156 pf=0 pm=0 pt=0 ru=235400 rp=239416
18:35:53.467 @T t=147499 s=0.000 lv=-39.2 pk=-37.3 c0=3.1 c1=5.0 kw=4.91 inf=1.51 iv=0.00 n=0 d=0 sk=3 hf=96148 hm=92132 ht=283156 pf=0 pm=0 pt=0 ru=235400 rp=239416
18:35:53.467 @T t=147605 s=0.000 lv=-39.4 pk=-38.0 c0=3.1 c1=6.1 kw=5.91 inf=1.37 iv=0.00 n=0 d=0 sk=4 hf=96148 hm=92132 ht=283156 pf=0 pm=0 pt=0 ru=235400 rp=239416
18:35:53.467 @T t=147691 s=0.000 lv=-39.7 pk=-37.6 c0=3.7 c1=5.0 kw=4.84 inf=1.81 iv=0.00 n=0 d=0 sk=2 hf=96148 hm=92132 ht=283156 pf=0 pm=0 pt=0 ru=235400 rp=239416
18:35:53.467 @T t=147797 s=0.000 lv=-38.9 pk=-37.2 c0=3.0 c1=5.1 kw=4.92 inf=1.51 iv=0.00 n=0 d=0 sk=3 hf=96148 hm=92132 ht=283156 pf=0 pm=0 pt=0 ru=235400 rp=239416
18:35:53.467 @T t=147903 s=0.000 lv=-38.0 pk=-36.0 c0=4.1 c1=6.2 kw=6.02 inf=1.39 iv=0.00 n=0 d=0 sk=4 hf=96148 hm=92132 ht=283156 pf=0 pm=0 pt=0 ru=235400 rp=239416
18:35:53.467 @T t=147989 s=0.000 lv=-38.7 pk=-36.6 c0=4.1 c1=5.0 kw=4.94 inf=1.85 iv=0.00 n=0 d=0 sk=2 hf=96148 hm=92132 ht=283156 pf=0 pm=0 pt=0 ru=235400 rp=239416
18:35:53.467 @T t=148095 s=0.000 lv=-39.0 pk=-37.7 c0=6.4 c1=5.1 kw=4.96 inf=1.53 iv=0.00 n=0 d=0 sk=3 hf=96148 hm=92132 ht=283156 pf=0 pm=0 pt=0 ru=235400 rp=239416
18:35:53.467 @T t=148201 s=0.000 lv=-39.1 pk=-38.3 c0=3.1 c1=5.0 kw=5.10 inf=1.53 iv=0.00 n=0 d=0 sk=3 hf=96148 hm=92132 ht=283156 pf=0 pm=0 pt=0 ru=235400 rp=239416
18:35:53.467 @I ww=marvin cut=0.50 win=5 cool=1000 tick=100 wifi=1 srv=1 li=0 ln=0
18:35:53.467 @T t=148293 s=0.000 lv=-38.5 pk=-36.6 c0=13.3 c1=6.1 kw=5.73 inf=1.58 iv=0.00 n=0 d=0 sk=3 hf=96148 hm=92132 ht=283156 pf=0 pm=0 pt=0 ru=235400 rp=239416
18:35:53.468 @T t=148399 s=0.000 lv=-38.7 pk=-37.1 c0=3.1 c1=5.1 kw=4.93 inf=1.52 iv=0.00 n=0 d=0 sk=3 hf=96148 hm=92132 ht=283156 pf=0 pm=0 pt=0 ru=235400 rp=239416
18:35:53.468 @T t=148505 s=0.000 lv=-39.1 pk=-38.3 c0=6.3 c1=6.1 kw=5.93 inf=1.37 iv=0.00 n=0 d=0 sk=4 hf=96148 hm=92132 ht=283156 pf=0 pm=0 pt=0 ru=235400 rp=239416
18:35:55.976 @T t=148591 s=0.000 lv=-39.3 pk=-38.0 c0=3.7 c1=5.0 kw=4.89 inf=1.83 iv=0.00 n=0 d=0 sk=2 hf=96148 hm=92132 ht=283156 pf=0 pm=0 pt=0 ru=235400 rp=239416
18:35:55.977 @T t=148697 s=0.000 lv=-38.6 pk=-37.6 c0=3.0 c1=5.1 kw=4.94 inf=1.52 iv=0.00 n=0 d=0 sk=3 hf=96148 hm=92132 ht=283156 pf=0 pm=0 pt=0 ru=235400 rp=239416
18:35:55.977 @T t=148803 s=0.000 lv=-38.4 pk=-37.2 c0=3.0 c1=6.0 kw=5.89 inf=1.36 iv=0.00 n=0 d=0 sk=4 hf=96148 hm=92132 ht=283156 pf=0 pm=0 pt=0 ru=235400 rp=239416
18:35:55.977 @T t=148889 s=0.000 lv=-39.5 pk=-39.0 c0=6.1 c1=5.2 kw=5.00 inf=1.87 iv=0.00 n=0 d=0 sk=2 hf=94364 hm=92132 ht=283156 pf=0 pm=0 pt=0 ru=237184 rp=239416
18:35:55.977 @T t=148997 s=0.000 lv=-39.0 pk=-37.3 c0=5.4 c1=5.6 kw=4.94 inf=1.55 iv=0.00 n=0 d=0 sk=3 hf=96148 hm=92132 ht=283156 pf=0 pm=0 pt=0 ru=235400 rp=239416
18:35:55.977 @T t=149103 s=0.000 lv=-39.7 pk=-39.0 c0=3.9 c1=6.1 kw=5.97 inf=1.38 iv=0.00 n=0 d=0 sk=4 hf=95952 hm=92132 ht=283156 pf=0 pm=0 pt=0 ru=235596 rp=239416
18:35:55.977 @T t=149189 s=0.000 lv=-38.7 pk=-36.7 c0=4.2 c1=5.1 kw=4.97 inf=1.86 iv=0.00 n=0 d=0 sk=2 hf=96148 hm=92132 ht=283156 pf=0 pm=0 pt=0 ru=235400 rp=239416
18:35:55.977 @I ww=marvin cut=0.50 win=5 cool=1000 tick=100 wifi=1 srv=1 li=0 ln=0
18:35:55.977 @T t=149301 s=0.000 lv=-39.1 pk=-37.4 c0=11.0 c1=4.7 kw=4.80 inf=1.52 iv=0.00 n=0 d=0 sk=3 hf=96148 hm=92132 ht=283156 pf=0 pm=0 pt=0 ru=235400 rp=239416
18:35:55.977 @T t=149387 s=0.000 lv=-39.5 pk=-38.6 c0=3.9 c1=6.6 kw=6.15 inf=1.58 iv=0.00 n=0 d=0 sk=3 hf=96148 hm=92132 ht=283156 pf=0 pm=0 pt=0 ru=235400 rp=239416
18:35:55.977 @T t=149493 s=0.000 lv=-40.3 pk=-37.7 c0=3.1 c1=5.1 kw=4.93 inf=1.52 iv=0.00 n=0 d=0 sk=3 hf=96148 hm=92132 ht=283156 pf=0 pm=0 pt=0 ru=235400 rp=239416
18:35:55.977 @T t=149599 s=0.000 lv=-40.1 pk=-38.8 c0=6.3 c1=5.0 kw=4.91 inf=1.51 iv=0.00 n=0 d=0 sk=3 hf=96148 hm=92132 ht=283156 pf=0 pm=0 pt=0 ru=235400 rp=239416
18:35:55.977 @T t=149705 s=0.000 lv=-39.4 pk=-38.2 c0=6.2 c1=6.1 kw=5.92 inf=1.37 iv=0.00 n=0 d=0 sk=4 hf=96148 hm=92132 ht=283156 pf=0 pm=0 pt=0 ru=235400 rp=239416
18:35:55.977 @T t=149791 s=0.000 lv=-39.2 pk=-37.8 c0=7.7 c1=5.0 kw=4.85 inf=1.82 iv=0.00 n=0 d=0 sk=2 hf=96148 hm=92132 ht=283156 pf=0 pm=0 pt=0 ru=235400 rp=239416
18:35:55.977 @T t=149897 s=0.000 lv=-39.5 pk=-37.5 c0=3.7 c1=5.1 kw=4.91 inf=1.51 iv=0.00 n=0 d=0 sk=3 hf=96148 hm=92132 ht=283156 pf=0 pm=0 pt=0 ru=235400 rp=239416
18:35:55.977 @T t=150003 s=0.000 lv=-38.1 pk=-33.2 c0=3.3 c1=18.4 kw=18.40 inf=1.44 iv=0.99 n=13 d=0 sk=0 hf=96148 hm=92132 ht=283156 pf=0 pm=0 pt=0 ru=235400 rp=239416
18:35:55.977 @T t=150089 s=0.000 lv=-39.2 pk=-38.3 c0=4.9 c1=8.7 kw=8.25 inf=3.26 iv=1.28 n=2 d=0 sk=0 hf=96148 hm=92132 ht=283156 pf=0 pm=0 pt=0 ru=235400 rp=239416
18:35:55.977 @T t=150195 s=0.000 lv=-39.7 pk=-37.7 c0=3.5 c1=9.8 kw=9.63 inf=2.38 iv=1.17 n=4 d=0 sk=0 hf=96148 hm=92132 ht=283156 pf=0 pm=0 pt=0 ru=235400 rp=239416
18:35:55.977 @I ww=marvin cut=0.50 win=5 cool=1000 tick=100 wifi=1 srv=1 li=0 ln=0
18:35:55.977 @T t=150287 s=0.000 lv=-40.4 pk=-38.8 c0=4.9 c1=10.1 kw=9.93 inf=2.81 iv=1.19 n=3 d=0 sk=0 hf=96148 hm=92132 ht=283156 pf=0 pm=0 pt=0 ru=235400 rp=239416
18:35:55.977 @T t=150393 s=0.000 lv=-39.8 pk=-38.2 c0=3.5 c1=8.7 kw=8.58 inf=2.80 iv=1.19 n=3 d=0 sk=0 hf=96148 hm=92132 ht=283156 pf=0 pm=0 pt=0 ru=235400 rp=239416
18:35:55.978 @T t=150499 s=0.000 lv=-39.6 pk=-38.1 c0=3.4 c1=9.8 kw=9.57 inf=2.36 iv=1.16 n=4 d=0 sk=0 hf=96148 hm=92132 ht=283156 pf=0 pm=0 pt=0 ru=235400 rp=239416
18:35:55.978 @T t=150605 s=0.000 lv=-39.0 pk=-36.4 c0=3.5 c1=10.6 kw=10.40 inf=2.55 iv=1.12 n=4 d=0 sk=0 hf=96148 hm=92132 ht=283156 pf=0 pm=0 pt=0 ru=235400 rp=239416
18:35:55.978 @T t=150691 s=0.000 lv=-39.3 pk=-36.7 c0=4.2 c1=8.2 kw=8.02 inf=3.16 iv=1.23 n=2 d=0 sk=0 hf=96148 hm=92132 ht=283156 pf=0 pm=0 pt=0 ru=235400 rp=239416
18:35:55.978 @T t=150797 s=0.000 lv=-38.6 pk=-37.1 c0=3.4 c1=9.6 kw=9.40 inf=2.32 iv=1.12 n=4 d=0 sk=0 hf=96148 hm=92132 ht=283156 pf=0 pm=0 pt=0 ru=235400 rp=239416
18:35:55.978 @T t=150904 s=0.000 lv=-39.5 pk=-37.5 c0=7.0 c1=11.1 kw=11.36 inf=2.84 iv=1.38 n=4 d=0 sk=0 hf=96148 hm=92132 ht=283156 pf=0 pm=0 pt=0 ru=235400 rp=239416
18:35:55.978 @T t=150990 s=0.000 lv=-38.7 pk=-37.8 c0=4.3 c1=8.9 kw=8.15 inf=3.20 iv=1.28 n=2 d=0 sk=0 hf=96148 hm=92132 ht=283156 pf=0 pm=0 pt=0 ru=235400 rp=239416
18:35:58.278 @T t=151096 s=0.000 lv=-39.4 pk=-38.6 c0=4.1 c1=10.2 kw=10.02 inf=2.47 iv=1.25 n=4 d=0 sk=0 hf=96148 hm=92132 ht=283156 pf=0 pm=0 pt=0 ru=235400 rp=239416
18:35:58.278 @T t=151202 s=0.000 lv=-38.9 pk=-35.5 c0=3.9 c1=9.6 kw=8.69 inf=2.79 iv=1.18 n=3 d=0 sk=0 hf=96148 hm=92132 ht=283156 pf=0 pm=0 pt=0 ru=235400 rp=239416
18:35:58.278 @I ww=marvin cut=0.50 win=5 cool=1000 tick=100 wifi=1 srv=1 li=0 ln=0
18:35:58.278 [status] up 151s | mic -38.7 dBFS (peak -33.2) | score max 0.00 | detections 0 | inferences 52 (5.2/s; model 1.15 ms each, paused in quiet 83%; features 1.48 ms per 30 ms) | CPU core0  5.2% core1  6.1% (wake word pipeline 5.91% of one core) | RAM used 229 KB (peak 233 KB, 93 KB free) | wifi OK, server OK | audio lost since boot: i2s 0 net 0
18:35:58.278 @T t=151298 s=0.000 lv=-38.7 pk=-37.5 c0=28.0 c1=9.8 kw=10.40 inf=3.13 iv=1.47 n=3 d=0 sk=0 hf=96148 hm=92132 ht=283156 pf=0 pm=0 pt=0 ru=235400 rp=239416
18:35:58.279 @T t=151405 s=0.000 lv=-38.5 pk=-37.3 c0=6.8 c1=10.8 kw=10.59 inf=2.62 iv=1.16 n=4 d=0 sk=0 hf=96148 hm=92132 ht=283156 pf=0 pm=0 pt=0 ru=235400 rp=239416
18:35:58.279 @T t=151491 s=0.000 lv=-40.0 pk=-37.8 c0=4.1 c1=9.4 kw=9.24 inf=2.46 iv=1.17 n=3 d=0 sk=0 hf=96148 hm=92132 ht=283156 pf=0 pm=0 pt=0 ru=235400 rp=239416
18:35:58.279 @T t=151597 s=0.000 lv=-40.3 pk=-38.6 c0=3.7 c1=6.6 kw=6.40 inf=2.03 iv=1.40 n=1 d=0 sk=2 hf=96148 hm=92132 ht=283156 pf=0 pm=0 pt=0 ru=235400 rp=239416
18:35:58.279 @T t=151703 s=0.000 lv=-40.0 pk=-38.5 c0=3.3 c1=6.1 kw=5.95 inf=1.37 iv=0.00 n=0 d=0 sk=4 hf=96148 hm=92132 ht=283156 pf=0 pm=0 pt=0 ru=235400 rp=239416
18:35:58.279 @T t=151789 s=0.000 lv=-39.1 pk=-38.0 c0=3.6 c1=5.0 kw=4.88 inf=1.83 iv=0.00 n=0 d=0 sk=2 hf=96148 hm=92132 ht=283156 pf=0 pm=0 pt=0 ru=235400 rp=239416
18:35:58.279 @T t=151895 s=0.000 lv=-38.3 pk=-37.0 c0=3.2 c1=5.1 kw=4.92 inf=1.51 iv=0.00 n=0 d=0 sk=3 hf=96148 hm=92132 ht=283156 pf=0 pm=0 pt=0 ru=235400 rp=239416
18:35:58.279 @T t=152001 s=0.000 lv=-38.3 pk=-37.0 c0=3.6 c1=5.1 kw=5.13 inf=1.54 iv=0.00 n=0 d=0 sk=3 hf=96148 hm=92132 ht=283156 pf=0 pm=0 pt=0 ru=235400 rp=239416
18:35:58.279 @T t=152087 s=0.000 lv=-38.0 pk=-36.7 c0=4.0 c1=6.6 kw=6.17 inf=1.59 iv=0.00 n=0 d=0 sk=3 hf=96148 hm=92132 ht=283156 pf=0 pm=0 pt=0 ru=235400 rp=239416
18:35:58.279 @T t=152193 s=0.000 lv=-40.1 pk=-39.2 c0=6.4 c1=5.1 kw=4.94 inf=1.52 iv=0.00 n=0 d=0 sk=3 hf=96148 hm=92132 ht=283156 pf=0 pm=0 pt=0 ru=235400 rp=239416
18:35:58.279 @I ww=marvin cut=0.50 win=5 cool=1000 tick=100 wifi=1 srv=1 li=0 ln=0
18:35:58.279 @T t=152305 s=0.000 lv=-39.1 pk=-37.2 c0=11.0 c1=5.7 kw=5.59 inf=1.36 iv=0.00 n=0 d=0 sk=4 hf=96148 hm=92132 ht=283156 pf=0 pm=0 pt=0 ru=235400 rp=239416
18:35:58.279 @T t=152391 s=0.000 lv=-39.5 pk=-38.4 c0=4.3 c1=5.1 kw=4.92 inf=1.84 iv=0.00 n=0 d=0 sk=2 hf=96148 hm=92132 ht=283156 pf=0 pm=0 pt=0 ru=235400 rp=239416
18:35:58.279 @T t=152497 s=0.000 lv=-40.3 pk=-38.6 c0=3.3 c1=5.1 kw=4.95 inf=1.52 iv=0.00 n=0 d=0 sk=3 hf=96148 hm=92132 ht=283156 pf=0 pm=0 pt=0 ru=235400 rp=239416
18:35:58.279 @T t=152603 s=0.000 lv=-39.8 pk=-38.8 c0=3.1 c1=6.1 kw=5.92 inf=1.37 iv=0.00 n=0 d=0 sk=4 hf=96148 hm=92132 ht=283156 pf=0 pm=0 pt=0 ru=235400 rp=239416
18:35:58.280 @T t=152689 s=0.000 lv=-39.3 pk=-37.2 c0=3.7 c1=5.0 kw=4.88 inf=1.83 iv=0.00 n=0 d=0 sk=2 hf=96148 hm=92132 ht=283156 pf=0 pm=0 pt=0 ru=235400 rp=239416
18:35:58.280 @T t=152795 s=0.000 lv=-39.2 pk=-37.9 c0=3.0 c1=5.1 kw=4.93 inf=1.52 iv=0.00 n=0 d=0 sk=3 hf=96148 hm=92132 ht=283156 pf=0 pm=0 pt=0 ru=235400 rp=239416
18:35:58.280 @T t=152901 s=0.000 lv=-40.3 pk=-39.3 c0=6.5 c1=5.0 kw=5.05 inf=1.52 iv=0.00 n=0 d=0 sk=3 hf=96148 hm=92132 ht=283156 pf=0 pm=0 pt=0 ru=235400 rp=239416
18:35:58.280 @T t=152988 s=0.000 lv=-38.3 pk=-37.5 c0=8.1 c1=7.6 kw=6.18 inf=1.61 iv=0.00 n=0 d=0 sk=3 hf=96148 hm=92132 ht=283156 pf=0 pm=0 pt=0 ru=235400 rp=239416
18:35:58.280 @T t=153094 s=0.000 lv=-40.4 pk=-39.5 c0=7.4 c1=5.1 kw=5.00 inf=1.54 iv=0.00 n=0 d=0 sk=3 hf=96148 hm=92132 ht=283156 pf=0 pm=0 pt=0 ru=235400 rp=239416
18:35:58.280 @T t=153200 s=0.000 lv=-39.5 pk=-38.2 c0=3.3 c1=5.1 kw=4.96 inf=1.53 iv=0.00 n=0 d=0 sk=3 hf=96148 hm=92132 ht=283156 pf=0 pm=0 pt=0 ru=235400 rp=239416
18:35:58.280 @I ww=marvin cut=0.50 win=5 cool=1000 tick=100 wifi=1 srv=1 li=0 ln=0
18:35:58.280 @T t=153292 s=0.000 lv=-39.8 pk=-38.5 c0=13.3 c1=5.9 kw=5.74 inf=1.53 iv=0.00 n=0 d=0 sk=3 hf=96148 hm=92132 ht=283156 pf=0 pm=0 pt=0 ru=235400 rp=239416
18:36:00.879 @T t=153398 s=0.000 lv=-40.0 pk=-38.8 c0=3.2 c1=5.1 kw=4.95 inf=1.53 iv=0.00 n=0 d=0 sk=3 hf=96148 hm=92132 ht=283156 pf=0 pm=0 pt=0 ru=235400 rp=239416
18:36:00.879 @T t=153504 s=0.000 lv=-40.7 pk=-38.9 c0=3.4 c1=6.1 kw=5.93 inf=1.37 iv=0.00 n=0 d=0 sk=4 hf=96148 hm=92132 ht=283156 pf=0 pm=0 pt=0 ru=235400 rp=239416
18:36:00.879 @T t=153590 s=0.000 lv=-40.2 pk=-39.8 c0=4.1 c1=5.1 kw=4.93 inf=1.85 iv=0.00 n=0 d=0 sk=2 hf=96148 hm=92132 ht=283156 pf=0 pm=0 pt=0 ru=235400 rp=239416
18:36:00.879 @T t=153696 s=0.000 lv=-38.6 pk=-37.4 c0=3.1 c1=5.1 kw=4.96 inf=1.53 iv=0.00 n=0 d=0 sk=3 hf=96148 hm=92132 ht=283156 pf=0 pm=0 pt=0 ru=235400 rp=239416
18:36:00.880 @T t=153802 s=0.000 lv=-39.2 pk=-37.8 c0=3.0 c1=5.9 kw=5.92 inf=1.37 iv=0.00 n=0 d=0 sk=4 hf=96148 hm=92132 ht=283156 pf=0 pm=0 pt=0 ru=235400 rp=239416
18:36:00.880 @T t=153888 s=0.000 lv=-38.4 pk=-36.2 c0=7.9 c1=5.2 kw=4.89 inf=1.83 iv=0.00 n=0 d=0 sk=2 hf=96148 hm=92132 ht=283156 pf=0 pm=0 pt=0 ru=235400 rp=239416
18:36:00.880 @T t=153994 s=0.000 lv=-38.6 pk=-37.8 c0=3.6 c1=5.1 kw=4.95 inf=1.52 iv=0.00 n=0 d=0 sk=3 hf=96148 hm=92132 ht=283156 pf=0 pm=0 pt=0 ru=235400 rp=239416
18:36:00.880 @T t=154100 s=0.000 lv=-38.8 pk=-37.5 c0=3.3 c1=5.1 kw=5.00 inf=1.54 iv=0.00 n=0 d=0 sk=3 hf=96148 hm=92132 ht=283156 pf=0 pm=0 pt=0 ru=235400 rp=239416
18:36:00.880 @T t=154205 s=0.000 lv=-38.6 pk=-35.3 c0=3.1 c1=6.2 kw=6.00 inf=1.37 iv=0.00 n=0 d=0 sk=4 hf=96148 hm=92132 ht=283156 pf=0 pm=0 pt=0 ru=235400 rp=239416
18:36:00.880 @I ww=marvin cut=0.50 win=5 cool=1000 tick=100 wifi=1 srv=1 li=0 ln=0
18:36:00.880 @T t=154297 s=0.000 lv=-38.1 pk=-35.6 c0=4.4 c1=4.7 kw=4.57 inf=1.83 iv=0.00 n=0 d=0 sk=2 hf=96148 hm=92132 ht=283156 pf=0 pm=0 pt=0 ru=235400 rp=239416
18:36:00.880 @T t=154403 s=0.000 lv=-39.5 pk=-38.6 c0=3.1 c1=6.0 kw=5.88 inf=1.36 iv=0.00 n=0 d=0 sk=4 hf=96148 hm=92132 ht=283156 pf=0 pm=0 pt=0 ru=235400 rp=239416
18:36:00.880 @T t=154489 s=0.000 lv=-39.2 pk=-37.7 c0=3.7 c1=5.0 kw=4.87 inf=1.82 iv=0.00 n=0 d=0 sk=2 hf=96148 hm=92132 ht=283156 pf=0 pm=0 pt=0 ru=235400 rp=239416
18:36:00.880 @T t=154595 s=0.000 lv=-39.7 pk=-38.2 c0=6.7 c1=5.1 kw=4.96 inf=1.53 iv=0.00 n=0 d=0 sk=3 hf=96148 hm=92132 ht=283156 pf=0 pm=0 pt=0 ru=235400 rp=239416
18:36:00.880 @T t=154701 s=0.000 lv=-41.0 pk=-38.9 c0=3.3 c1=5.0 kw=5.10 inf=1.53 iv=0.00 n=0 d=0 sk=3 hf=96148 hm=92132 ht=283156 pf=0 pm=0 pt=0 ru=235400 rp=239416
18:36:00.880 @T t=154787 s=0.000 lv=-40.3 pk=-39.4 c0=7.8 c1=6.5 kw=6.13 inf=1.58 iv=0.00 n=0 d=0 sk=3 hf=96148 hm=92132 ht=283156 pf=0 pm=0 pt=0 ru=235400 rp=239416
18:36:00.880 @T t=154893 s=0.000 lv=-39.7 pk=-38.5 c0=6.5 c1=5.1 kw=4.92 inf=1.51 iv=0.00 n=0 d=0 sk=3 hf=96148 hm=92132 ht=283156 pf=0 pm=0 pt=0 ru=235400 rp=239416
18:36:00.880 @T t=154999 s=0.000 lv=-40.7 pk=-40.1 c0=6.4 c1=5.6 kw=5.08 inf=1.56 iv=0.00 n=0 d=0 sk=3 hf=96148 hm=92132 ht=283156 pf=0 pm=0 pt=0 ru=235400 rp=239416
18:36:00.880 @T t=155105 s=0.000 lv=-38.7 pk=-36.8 c0=4.0 c1=6.2 kw=6.01 inf=1.39 iv=0.00 n=0 d=0 sk=4 hf=96148 hm=92132 ht=283156 pf=0 pm=0 pt=0 ru=235400 rp=239416
18:36:00.880 @T t=155191 s=0.000 lv=-38.3 pk=-36.5 c0=4.0 c1=5.0 kw=4.91 inf=1.84 iv=0.00 n=0 d=0 sk=2 hf=96148 hm=92132 ht=283156 pf=0 pm=0 pt=0 ru=235400 rp=239416
18:36:00.880 @I ww=marvin cut=0.50 win=5 cool=1000 tick=100 wifi=1 srv=1 li=0 ln=0
18:36:00.880 @T t=155303 s=0.000 lv=-39.5 pk=-36.8 c0=3.6 c1=5.8 kw=5.60 inf=1.37 iv=0.00 n=0 d=0 sk=4 hf=96148 hm=92132 ht=283156 pf=0 pm=0 pt=0 ru=235400 rp=239416
18:36:00.880 @T t=155389 s=0.000 lv=-41.1 pk=-40.2 c0=3.8 c1=5.0 kw=4.90 inf=1.84 iv=0.00 n=0 d=0 sk=2 hf=96148 hm=92132 ht=283156 pf=0 pm=0 pt=0 ru=235400 rp=239416
18:36:00.880 @T t=155495 s=0.000 lv=-38.0 pk=-36.3 c0=6.3 c1=5.1 kw=4.92 inf=1.52 iv=0.00 n=0 d=0 sk=3 hf=96148 hm=92132 ht=283156 pf=0 pm=0 pt=0 ru=235400 rp=239416
18:36:00.880 @T t=155601 s=0.000 lv=-39.6 pk=-38.8 c0=6.4 c1=5.0 kw=5.09 inf=1.53 iv=0.00 n=0 d=0 sk=3 hf=96148 hm=92132 ht=283156 pf=0 pm=0 pt=0 ru=235400 rp=239416
18:36:00.880 @T t=155687 s=0.000 lv=-39.7 pk=-39.1 c0=3.6 c1=6.6 kw=6.13 inf=1.58 iv=0.00 n=0 d=0 sk=3 hf=96148 hm=92132 ht=283156 pf=0 pm=0 pt=0 ru=235400 rp=239416
18:36:00.880 @T t=155793 s=0.000 lv=-38.7 pk=-37.5 c0=3.4 c1=5.1 kw=4.97 inf=1.53 iv=0.00 n=0 d=0 sk=3 hf=96148 hm=92132 ht=283156 pf=0 pm=0 pt=0 ru=235400 rp=239416
18:36:00.880 @T t=155899 s=0.000 lv=-39.2 pk=-37.9 c0=3.4 c1=5.1 kw=4.94 inf=1.52 iv=0.00 n=0 d=0 sk=3 hf=96148 hm=92132 ht=283156 pf=0 pm=0 pt=0 ru=235400 rp=239416
18:36:03.372 @T t=156005 s=0.000 lv=-39.9 pk=-38.8 c0=3.7 c1=6.1 kw=5.96 inf=1.38 iv=0.00 n=0 d=0 sk=4 hf=96148 hm=92132 ht=283156 pf=0 pm=0 pt=0 ru=235400 rp=239416
18:36:03.372 @T t=156091 s=0.000 lv=-37.1 pk=-35.1 c0=4.0 c1=5.1 kw=4.92 inf=1.84 iv=0.00 n=0 d=0 sk=2 hf=96148 hm=92132 ht=283156 pf=0 pm=0 pt=0 ru=235400 rp=239416
18:36:03.373 @T t=156197 s=0.000 lv=-38.5 pk=-37.2 c0=6.4 c1=5.1 kw=4.94 inf=1.52 iv=0.00 n=0 d=0 sk=3 hf=96148 hm=92132 ht=283156 pf=0 pm=0 pt=0 ru=235400 rp=239416
18:36:03.373 @I ww=marvin cut=0.50 win=5 cool=1000 tick=100 wifi=1 srv=1 li=0 ln=0
18:36:03.373 @T t=156289 s=0.000 lv=-38.6 pk=-36.6 c0=13.3 c1=5.9 kw=5.70 inf=1.52 iv=0.00 n=0 d=0 sk=3 hf=96148 hm=92132 ht=283156 pf=0 pm=0 pt=0 ru=235400 rp=239416
18:36:03.373 @T t=156395 s=0.000 lv=-39.4 pk=-38.6 c0=6.4 c1=5.1 kw=4.95 inf=1.52 iv=0.00 n=0 d=0 sk=3 hf=96148 hm=92132 ht=283156 pf=0 pm=0 pt=0 ru=235400 rp=239416
18:36:03.373 @T t=156501 s=0.000 lv=-38.9 pk=-37.7 c0=3.1 c1=5.0 kw=5.07 inf=1.52 iv=0.00 n=0 d=0 sk=3 hf=96148 hm=92132 ht=283156 pf=0 pm=0 pt=0 ru=235400 rp=239416
18:36:03.373 @T t=156587 s=0.000 lv=-39.7 pk=-38.9 c0=7.8 c1=6.5 kw=6.11 inf=1.57 iv=0.00 n=0 d=0 sk=3 hf=96148 hm=92132 ht=283156 pf=0 pm=0 pt=0 ru=235400 rp=239416
18:36:03.373 @T t=156693 s=0.000 lv=-39.3 pk=-38.4 c0=3.0 c1=5.0 kw=4.91 inf=1.51 iv=0.00 n=0 d=0 sk=3 hf=96148 hm=92132 ht=283156 pf=0 pm=0 pt=0 ru=235400 rp=239416
18:36:03.373 @T t=156799 s=0.000 lv=-40.3 pk=-39.2 c0=3.0 c1=5.0 kw=4.91 inf=1.51 iv=0.00 n=0 d=0 sk=3 hf=96148 hm=92132 ht=283156 pf=0 pm=0 pt=0 ru=235400 rp=239416
18:36:03.373 @T t=156905 s=0.000 lv=-39.9 pk=-38.1 c0=3.5 c1=6.2 kw=5.99 inf=1.38 iv=0.00 n=0 d=0 sk=4 hf=96148 hm=92132 ht=283156 pf=0 pm=0 pt=0 ru=235400 rp=239416
18:36:03.373 @T t=156991 s=0.000 lv=-38.8 pk=-37.5 c0=8.3 c1=5.9 kw=5.27 inf=1.97 iv=0.00 n=0 d=0 sk=2 hf=96148 hm=92132 ht=283156 pf=0 pm=0 pt=0 ru=235400 rp=239416
18:36:03.373 @T t=157097 s=0.000 lv=-39.0 pk=-38.2 c0=4.1 c1=5.2 kw=5.04 inf=1.55 iv=0.00 n=0 d=0 sk=3 hf=96148 hm=92132 ht=283156 pf=0 pm=0 pt=0 ru=235400 rp=239416
18:36:03.373 @T t=157203 s=0.000 lv=-38.2 pk=-37.3 c0=3.3 c1=6.1 kw=5.94 inf=1.37 iv=0.00 n=0 d=0 sk=4 hf=96148 hm=92132 ht=283156 pf=0 pm=0 pt=0 ru=235400 rp=239416
18:36:03.373 @I ww=marvin cut=0.50 win=5 cool=1000 tick=100 wifi=1 srv=1 li=0 ln=0
18:36:03.373 @T t=157295 s=0.000 lv=-37.8 pk=-36.6 c0=13.3 c1=4.7 kw=4.58 inf=1.83 iv=0.00 n=0 d=0 sk=2 hf=96148 hm=92132 ht=283156 pf=0 pm=0 pt=0 ru=235400 rp=239416
18:36:03.373 @T t=157401 s=0.000 lv=-40.1 pk=-39.7 c0=3.2 c1=5.0 kw=5.08 inf=1.53 iv=0.00 n=0 d=0 sk=3 hf=96148 hm=92132 ht=283156 pf=0 pm=0 pt=0 ru=235400 rp=239416
18:36:03.374 @T t=157487 s=0.000 lv=-40.0 pk=-39.4 c0=3.8 c1=6.5 kw=6.13 inf=1.58 iv=0.00 n=0 d=0 sk=3 hf=96148 hm=92132 ht=283156 pf=0 pm=0 pt=0 ru=235400 rp=239416
18:36:03.374 @T t=157593 s=0.000 lv=-39.0 pk=-37.2 c0=6.3 c1=5.1 kw=4.92 inf=1.51 iv=0.00 n=0 d=0 sk=3 hf=96148 hm=92132 ht=283156 pf=0 pm=0 pt=0 ru=235400 rp=239416
18:36:03.374 @T t=157699 s=0.000 lv=-40.2 pk=-37.6 c0=3.0 c1=5.1 kw=4.93 inf=1.52 iv=0.00 n=0 d=0 sk=3 hf=96148 hm=92132 ht=283156 pf=0 pm=0 pt=0 ru=235400 rp=239416
18:36:03.374 @T t=157805 s=0.000 lv=-40.2 pk=-38.6 c0=3.0 c1=6.1 kw=5.93 inf=1.37 iv=0.00 n=0 d=0 sk=4 hf=96148 hm=92132 ht=283156 pf=0 pm=0 pt=0 ru=235400 rp=239416
18:36:03.374 @T t=157891 s=0.000 lv=-38.7 pk=-38.2 c0=7.9 c1=5.0 kw=4.88 inf=1.83 iv=0.00 n=0 d=0 sk=2 hf=96148 hm=92132 ht=283156 pf=0 pm=0 pt=0 ru=235400 rp=239416
18:36:03.374 @T t=157997 s=0.000 lv=-39.7 pk=-37.1 c0=4.0 c1=5.2 kw=5.02 inf=1.54 iv=0.00 n=0 d=0 sk=3 hf=96148 hm=92132 ht=283156 pf=0 pm=0 pt=0 ru=235400 rp=239416
18:36:03.374 @T t=158103 s=0.000 lv=-39.3 pk=-38.2 c0=3.8 c1=6.2 kw=6.02 inf=1.39 iv=0.00 n=0 d=0 sk=4 hf=96148 hm=92132 ht=283156 pf=0 pm=0 pt=0 ru=235400 rp=239416
18:36:03.374 @T t=158189 s=0.000 lv=-38.7 pk=-37.6 c0=4.0 c1=5.0 kw=4.92 inf=1.84 iv=0.00 n=0 d=0 sk=2 hf=96148 hm=92132 ht=283156 pf=0 pm=0 pt=0 ru=235400 rp=239416
18:36:03.374 @I ww=marvin cut=0.50 win=5 cool=1000 tick=100 wifi=1 srv=1 li=0 ln=0
18:36:03.374 @T t=158301 s=0.000 lv=-40.3 pk=-37.2 c0=3.9 c1=4.8 kw=4.83 inf=1.53 iv=0.00 n=0 d=0 sk=3 hf=96148 hm=92132 ht=283156 pf=0 pm=0 pt=0 ru=235400 rp=239416
18:36:03.374 @T t=158387 s=0.000 lv=-40.3 pk=-38.3 c0=4.5 c1=6.7 kw=6.27 inf=1.61 iv=0.00 n=0 d=0 sk=3 hf=96148 hm=92132 ht=283156 pf=0 pm=0 pt=0 ru=235400 rp=239416
18:36:05.979 @T t=158493 s=0.000 lv=-39.5 pk=-38.8 c0=3.2 c1=5.1 kw=4.97 inf=1.53 iv=0.00 n=0 d=0 sk=3 hf=96148 hm=92132 ht=283156 pf=0 pm=0 pt=0 ru=235400 rp=239416
18:36:05.979 @T t=158599 s=0.000 lv=-38.8 pk=-35.8 c0=6.6 c1=5.1 kw=4.97 inf=1.53 iv=0.00 n=0 d=0 sk=3 hf=96148 hm=92132 ht=283156 pf=0 pm=0 pt=0 ru=235400 rp=239416
18:36:05.979 @T t=158705 s=0.000 lv=-39.4 pk=-38.5 c0=3.5 c1=6.2 kw=5.98 inf=1.38 iv=0.00 n=0 d=0 sk=4 hf=96148 hm=92132 ht=283156 pf=0 pm=0 pt=0 ru=235400 rp=239416
18:36:05.979 @T t=158791 s=0.000 lv=-39.2 pk=-37.2 c0=3.9 c1=5.0 kw=4.92 inf=1.84 iv=0.00 n=0 d=0 sk=2 hf=96148 hm=92132 ht=283156 pf=0 pm=0 pt=0 ru=235400 rp=239416
18:36:05.979 @T t=158897 s=0.000 lv=-39.0 pk=-37.2 c0=6.8 c1=5.1 kw=4.97 inf=1.53 iv=0.00 n=0 d=0 sk=3 hf=96148 hm=92132 ht=283156 pf=0 pm=0 pt=0 ru=235400 rp=239416
18:36:05.979 @T t=159003 s=0.000 lv=-39.6 pk=-38.6 c0=7.3 c1=6.7 kw=6.17 inf=1.42 iv=0.00 n=0 d=0 sk=4 hf=96148 hm=92132 ht=283156 pf=0 pm=0 pt=0 ru=235400 rp=239416
18:36:05.979 @T t=159089 s=0.000 lv=-40.5 pk=-39.7 c0=5.3 c1=5.2 kw=5.05 inf=1.89 iv=0.00 n=0 d=0 sk=2 hf=96148 hm=92132 ht=283156 pf=0 pm=0 pt=0 ru=235400 rp=239416
18:36:05.979 @T t=159195 s=0.000 lv=-39.3 pk=-38.7 c0=3.7 c1=5.2 kw=5.02 inf=1.55 iv=0.00 n=0 d=0 sk=3 hf=96148 hm=92132 ht=283156 pf=0 pm=0 pt=0 ru=235400 rp=239416
18:36:05.979 @I ww=marvin cut=0.50 win=5 cool=1000 tick=100 wifi=1 srv=1 li=0 ln=0
18:36:05.979 @T t=159287 s=0.000 lv=-40.5 pk=-39.7 c0=4.9 c1=5.9 kw=5.76 inf=1.54 iv=0.00 n=0 d=0 sk=3 hf=96148 hm=92132 ht=283156 pf=0 pm=0 pt=0 ru=235400 rp=239416
18:36:05.979 @T t=159393 s=0.000 lv=-40.6 pk=-38.8 c0=3.6 c1=5.1 kw=4.97 inf=1.53 iv=0.00 n=0 d=0 sk=3 hf=96148 hm=92132 ht=283156 pf=0 pm=0 pt=0 ru=235400 rp=239416
18:36:05.979 @T t=159499 s=0.000 lv=-42.2 pk=-40.8 c0=3.2 c1=5.1 kw=4.98 inf=1.53 iv=0.00 n=0 d=0 sk=3 hf=96148 hm=92132 ht=283156 pf=0 pm=0 pt=0 ru=235400 rp=239416
18:36:05.979 @T t=159605 s=0.000 lv=-40.6 pk=-39.5 c0=3.4 c1=6.1 kw=5.93 inf=1.37 iv=0.00 n=0 d=0 sk=4 hf=96148 hm=92132 ht=283156 pf=0 pm=0 pt=0 ru=235400 rp=239416
18:36:05.979 @T t=159691 s=0.000 lv=-40.6 pk=-39.5 c0=3.9 c1=5.0 kw=4.92 inf=1.84 iv=0.00 n=0 d=0 sk=2 hf=96148 hm=92132 ht=283156 pf=0 pm=0 pt=0 ru=235400 rp=239416
18:36:05.979 @T t=159797 s=0.000 lv=-40.7 pk=-39.5 c0=6.3 c1=5.1 kw=4.94 inf=1.52 iv=0.00 n=0 d=0 sk=3 hf=96148 hm=92132 ht=283156 pf=0 pm=0 pt=0 ru=235400 rp=239416
18:36:05.979 @T t=159903 s=0.000 lv=-41.1 pk=-40.0 c0=3.6 c1=6.2 kw=5.98 inf=1.38 iv=0.00 n=0 d=0 sk=4 hf=96148 hm=92132 ht=283156 pf=0 pm=0 pt=0 ru=235400 rp=239416
18:36:05.979 @T t=159989 s=0.000 lv=-40.3 pk=-38.7 c0=4.5 c1=5.1 kw=4.94 inf=1.85 iv=0.00 n=0 d=0 sk=2 hf=96148 hm=92132 ht=283156 pf=0 pm=0 pt=0 ru=235400 rp=239416
18:36:05.979 @T t=160095 s=0.000 lv=-39.2 pk=-35.4 c0=3.7 c1=17.9 kw=17.64 inf=1.38 iv=1.00 n=13 d=0 sk=0 hf=96148 hm=92132 ht=283156 pf=0 pm=0 pt=0 ru=235400 rp=239416
18:36:05.979 @T t=160202 s=0.000 lv=-40.3 pk=-38.5 c0=7.2 c1=9.6 kw=8.62 inf=2.79 iv=1.17 n=3 d=0 sk=0 hf=96148 hm=92132 ht=283156 pf=0 pm=0 pt=0 ru=235400 rp=239416
18:36:05.979 @I ww=marvin cut=0.50 win=5 cool=1000 tick=100 wifi=1 srv=1 li=0 ln=0
18:36:05.979 @T t=160294 s=0.000 lv=-40.2 pk=-38.8 c0=4.9 c1=9.3 kw=9.96 inf=2.87 iv=1.28 n=3 d=0 sk=0 hf=96148 hm=92132 ht=283156 pf=0 pm=0 pt=0 ru=235400 rp=239416
18:36:05.979 @T t=160400 s=0.000 lv=-39.7 pk=-38.4 c0=3.5 c1=9.4 kw=9.27 inf=2.28 iv=1.09 n=4 d=0 sk=0 hf=96148 hm=92132 ht=283156 pf=0 pm=0 pt=0 ru=235400 rp=239416
18:36:05.979 @T t=160489 s=0.000 lv=-40.0 pk=-37.2 c0=4.4 c1=10.4 kw=10.17 inf=2.77 iv=1.15 n=3 d=0 sk=0 hf=96148 hm=92132 ht=283156 pf=0 pm=0 pt=0 ru=235400 rp=239416
18:36:05.979 @T t=160595 s=0.000 lv=-40.7 pk=-39.1 c0=3.5 c1=8.7 kw=8.56 inf=2.79 iv=1.19 n=3 d=0 sk=0 hf=96148 hm=92132 ht=283156 pf=0 pm=0 pt=0 ru=235400 rp=239416
18:36:05.979 @T t=160701 s=0.000 lv=-39.8 pk=-38.1 c0=6.7 c1=9.6 kw=9.61 inf=2.34 iv=1.14 n=4 d=0 sk=0 hf=96148 hm=92132 ht=283156 pf=0 pm=0 pt=0 ru=235400 rp=239416
18:36:05.979 @T t=160787 s=0.000 lv=-40.2 pk=-37.8 c0=4.2 c1=11.1 kw=10.62 inf=2.85 iv=1.17 n=3 d=0 sk=0 hf=96148 hm=92132 ht=283156 pf=0 pm=0 pt=0 ru=235400 rp=239416
18:36:05.979 @T t=160893 s=0.000 lv=-40.9 pk=-39.4 c0=3.6 c1=8.8 kw=8.66 inf=2.82 iv=1.21 n=3 d=0 sk=0 hf=96148 hm=92132 ht=283156 pf=0 pm=0 pt=0 ru=235400 rp=239416
18:36:05.979 @T t=160999 s=0.000 lv=-39.6 pk=-38.9 c0=6.7 c1=10.8 kw=10.25 inf=2.53 iv=1.29 n=4 d=0 sk=0 hf=96148 hm=92132 ht=283156 pf=0 pm=0 pt=0 ru=235400 rp=239416
18:36:08.276 @T t=161105 s=0.000 lv=-39.2 pk=-37.2 c0=4.2 c1=11.2 kw=10.97 inf=2.69 iv=1.23 n=4 d=0 sk=0 hf=96148 hm=92132 ht=283156 pf=0 pm=0 pt=0 ru=235400 rp=239416
18:36:08.277 @T t=161191 s=0.000 lv=-39.9 pk=-39.1 c0=4.2 c1=8.3 kw=8.10 inf=3.20 iv=1.26 n=2 d=0 sk=0 hf=96148 hm=92132 ht=283156 pf=0 pm=0 pt=0 ru=235400 rp=239416
18:36:08.277 @I ww=marvin cut=0.50 win=5 cool=1000 tick=100 wifi=1 srv=1 li=0 ln=0
18:36:08.277 [status] up 161s | mic -39.5 dBFS (peak -35.1) | score max 0.00 | detections 0 | inferences 60 (6.0/s; model 1.17 ms each, paused in quiet 81%; features 1.48 ms per 30 ms) | CPU core0  5.1% core1  6.2% (wake word pipeline 6.04% of one core) | RAM used 229 KB (peak 233 KB, 93 KB free) | wifi OK, server OK | audio lost since boot: i2s 0 net 0
18:36:08.277 @T t=161305 s=0.000 lv=-40.7 pk=-39.7 c0=8.4 c1=10.7 kw=10.46 inf=2.76 iv=1.27 n=4 d=0 sk=0 hf=96148 hm=92132 ht=283156 pf=0 pm=0 pt=0 ru=235400 rp=239416
18:36:08.277 @T t=161391 s=0.000 lv=-40.8 pk=-40.0 c0=4.3 c1=9.6 kw=9.45 inf=2.52 iv=1.22 n=3 d=0 sk=0 hf=96148 hm=92132 ht=283156 pf=0 pm=0 pt=0 ru=235400 rp=239416
18:36:08.277 @T t=161497 s=0.000 lv=-40.7 pk=-39.4 c0=3.4 c1=8.8 kw=8.61 inf=2.81 iv=1.20 n=3 d=0 sk=0 hf=96148 hm=92132 ht=283156 pf=0 pm=0 pt=0 ru=235400 rp=239416
18:36:08.277 @T t=161603 s=0.000 lv=-40.3 pk=-38.6 c0=3.5 c1=10.9 kw=10.71 inf=2.63 iv=1.18 n=4 d=0 sk=0 hf=96148 hm=92132 ht=283156 pf=0 pm=0 pt=0 ru=235400 rp=239416
18:36:08.277 @T t=161689 s=0.000 lv=-39.7 pk=-39.4 c0=4.1 c1=5.0 kw=4.91 inf=1.84 iv=0.00 n=0 d=0 sk=2 hf=96148 hm=92132 ht=283156 pf=0 pm=0 pt=0 ru=235400 rp=239416
18:36:08.277 @T t=161795 s=0.000 lv=-39.6 pk=-38.8 c0=6.3 c1=5.0 kw=4.92 inf=1.51 iv=0.00 n=0 d=0 sk=3 hf=96148 hm=92132 ht=283156 pf=0 pm=0 pt=0 ru=235400 rp=239416
18:36:08.277 @T t=161901 s=0.000 lv=-39.8 pk=-38.2 c0=3.2 c1=5.0 kw=5.07 inf=1.52 iv=0.00 n=0 d=0 sk=3 hf=96148 hm=92132 ht=283156 pf=0 pm=0 pt=0 ru=235400 rp=239416
18:36:08.277 @T t=161987 s=0.000 lv=-40.8 pk=-39.5 c0=4.4 c1=6.6 kw=6.15 inf=1.58 iv=0.00 n=0 d=0 sk=3 hf=96148 hm=92132 ht=283156 pf=0 pm=0 pt=0 ru=235400 rp=239416
18:36:08.277 @T t=162093 s=0.000 lv=-39.2 pk=-37.4 c0=3.3 c1=5.1 kw=4.96 inf=1.53 iv=0.00 n=0 d=0 sk=3 hf=96148 hm=92132 ht=283156 pf=0 pm=0 pt=0 ru=235400 rp=239416
18:36:08.277 @T t=162199 s=0.000 lv=-39.3 pk=-37.6 c0=3.1 c1=5.1 kw=4.93 inf=1.52 iv=0.00 n=0 d=0 sk=3 hf=96148 hm=92132 ht=283156 pf=0 pm=0 pt=0 ru=235400 rp=239416
18:36:08.277 @I ww=marvin cut=0.50 win=5 cool=1000 tick=100 wifi=1 srv=1 li=0 ln=0
18:36:08.277 @T t=162291 s=0.000 lv=-39.4 pk=-37.8 c0=13.3 c1=5.9 kw=5.72 inf=1.53 iv=0.00 n=0 d=0 sk=3 hf=96148 hm=92132 ht=283156 pf=0 pm=0 pt=0 ru=235400 rp=239416
18:36:08.277 @T t=162397 s=0.000 lv=-39.0 pk=-37.2 c0=6.8 c1=5.2 kw=4.98 inf=1.53 iv=0.00 n=0 d=0 sk=3 hf=96148 hm=92132 ht=283156 pf=0 pm=0 pt=0 ru=235400 rp=239416
18:36:08.277 @T t=162503 s=0.000 lv=-39.7 pk=-38.2 c0=3.3 c1=6.1 kw=5.95 inf=1.37 iv=0.00 n=0 d=0 sk=4 hf=96148 hm=92132 ht=283156 pf=0 pm=0 pt=0 ru=235400 rp=239416
18:36:08.277 @T t=162589 s=0.000 lv=-39.2 pk=-37.7 c0=7.8 c1=5.0 kw=4.89 inf=1.83 iv=0.00 n=0 d=0 sk=2 hf=96148 hm=92132 ht=283156 pf=0 pm=0 pt=0 ru=235400 rp=239416
18:36:08.277 @T t=162695 s=0.000 lv=-41.0 pk=-40.4 c0=6.3 c1=5.1 kw=4.93 inf=1.52 iv=0.00 n=0 d=0 sk=3 hf=96148 hm=92132 ht=283156 pf=0 pm=0 pt=0 ru=235400 rp=239416
18:36:08.277 @T t=162801 s=0.000 lv=-41.2 pk=-39.6 c0=6.3 c1=5.0 kw=5.08 inf=1.52 iv=0.00 n=0 d=0 sk=3 hf=96148 hm=92132 ht=283156 pf=0 pm=0 pt=0 ru=235400 rp=239416
18:36:08.277 @T t=162887 s=0.000 lv=-39.2 pk=-37.7 c0=7.9 c1=6.6 kw=6.12 inf=1.57 iv=0.00 n=0 d=0 sk=3 hf=96148 hm=92132 ht=283156 pf=0 pm=0 pt=0 ru=235400 rp=239416
18:36:08.277 @T t=162993 s=0.000 lv=-40.1 pk=-38.5 c0=6.4 c1=5.7 kw=5.13 inf=1.57 iv=0.00 n=0 d=0 sk=3 hf=96148 hm=92132 ht=283156 pf=0 pm=0 pt=0 ru=235400 rp=239416
18:36:08.277 @T t=163099 s=0.000 lv=-39.9 pk=-38.0 c0=6.7 c1=5.2 kw=5.03 inf=1.55 iv=0.00 n=0 d=0 sk=3 hf=96148 hm=92132 ht=283156 pf=0 pm=0 pt=0 ru=235400 rp=239416
18:36:08.277 @T t=163205 s=0.000 lv=-39.1 pk=-37.5 c0=3.3 c1=6.1 kw=5.98 inf=1.38 iv=0.00 n=0 d=0 sk=4 hf=96148 hm=92132 ht=283156 pf=0 pm=0 pt=0 ru=235400 rp=239416
18:36:08.277 @I ww=marvin cut=0.50 win=5 cool=1000 tick=100 wifi=1 srv=1 li=0 ln=0
18:36:08.277 @T t=163297 s=0.000 lv=-39.1 pk=-37.8 c0=4.4 c1=4.7 kw=4.58 inf=1.84 iv=0.00 n=0 d=0 sk=2 hf=96148 hm=92132 ht=283156 pf=0 pm=0 pt=0 ru=235400 rp=239416
18:36:10.782 @T t=163403 s=0.000 lv=-40.9 pk=-39.7 c0=6.4 c1=6.1 kw=5.90 inf=1.36 iv=0.00 n=0 d=0 sk=4 hf=96148 hm=92132 ht=283156 pf=0 pm=0 pt=0 ru=235400 rp=239416
18:36:10.782 @T t=163489 s=0.000 lv=-40.9 pk=-39.7 c0=4.2 c1=5.1 kw=4.88 inf=1.83 iv=0.00 n=0 d=0 sk=2 hf=96148 hm=92132 ht=283156 pf=0 pm=0 pt=0 ru=235400 rp=239416
18:36:10.782 @T t=163595 s=0.000 lv=-40.5 pk=-39.2 c0=3.3 c1=5.1 kw=5.00 inf=1.54 iv=0.00 n=0 d=0 sk=3 hf=96148 hm=92132 ht=283156 pf=0 pm=0 pt=0 ru=235400 rp=239416
18:36:10.782 @T t=163701 s=0.000 lv=-41.3 pk=-39.5 c0=3.1 c1=5.0 kw=5.06 inf=1.52 iv=0.00 n=0 d=0 sk=3 hf=96148 hm=92132 ht=283156 pf=0 pm=0 pt=0 ru=235400 rp=239416
18:36:10.782 @T t=163787 s=0.000 lv=-41.6 pk=-40.6 c0=7.7 c1=6.6 kw=6.16 inf=1.58 iv=0.00 n=0 d=0 sk=3 hf=96148 hm=92132 ht=283156 pf=0 pm=0 pt=0 ru=235400 rp=239416
18:36:10.782 @T t=163893 s=0.000 lv=-41.4 pk=-40.4 c0=6.5 c1=5.1 kw=4.91 inf=1.51 iv=0.00 n=0 d=0 sk=3 hf=96148 hm=92132 ht=283156 pf=0 pm=0 pt=0 ru=235400 rp=239416
18:36:10.782 @T t=163999 s=0.000 lv=-40.2 pk=-37.3 c0=3.6 c1=5.1 kw=4.96 inf=1.53 iv=0.00 n=0 d=0 sk=3 hf=96148 hm=92132 ht=283156 pf=0 pm=0 pt=0 ru=235400 rp=239416
18:36:10.782 @T t=164105 s=0.000 lv=-40.3 pk=-39.3 c0=6.5 c1=6.1 kw=5.96 inf=1.38 iv=0.00 n=0 d=0 sk=4 hf=96148 hm=92132 ht=283156 pf=0 pm=0 pt=0 ru=235400 rp=239416
18:36:10.782 @T t=164191 s=0.000 lv=-39.3 pk=-37.6 c0=3.7 c1=5.0 kw=4.92 inf=1.84 iv=0.00 n=0 d=0 sk=2 hf=96148 hm=92132 ht=283156 pf=0 pm=0 pt=0 ru=235400 rp=239416
18:36:10.782 @I ww=marvin cut=0.50 win=5 cool=1000 tick=100 wifi=1 srv=1 li=0 ln=0
18:36:10.782 @T t=164302 s=0.000 lv=-39.7 pk=-38.3 c0=10.6 c1=5.6 kw=5.62 inf=1.36 iv=0.00 n=0 d=0 sk=4 hf=96148 hm=92132 ht=283156 pf=0 pm=0 pt=0 ru=235400 rp=239416
18:36:10.782 @T t=164388 s=0.000 lv=-40.3 pk=-38.7 c0=3.8 c1=5.2 kw=4.85 inf=1.82 iv=0.00 n=0 d=0 sk=2 hf=96148 hm=92132 ht=283156 pf=0 pm=0 pt=0 ru=235400 rp=239416
18:36:10.782 @T t=164494 s=0.000 lv=-41.4 pk=-40.0 c0=3.0 c1=5.1 kw=4.95 inf=1.53 iv=0.00 n=0 d=0 sk=3 hf=96148 hm=92132 ht=283156 pf=0 pm=0 pt=0 ru=235400 rp=239416
18:36:10.782 @T t=164600 s=0.000 lv=-40.4 pk=-39.1 c0=6.3 c1=5.1 kw=4.93 inf=1.52 iv=0.00 n=0 d=0 sk=3 hf=96148 hm=92132 ht=283156 pf=0 pm=0 pt=0 ru=235400 rp=239416
18:36:10.782 @T t=164705 s=0.000 lv=-40.9 pk=-39.7 c0=3.4 c1=6.2 kw=6.03 inf=1.38 iv=0.00 n=0 d=0 sk=4 hf=96148 hm=92132 ht=283156 pf=0 pm=0 pt=0 ru=235400 rp=239416
18:36:10.782 @T t=164791 s=0.000 lv=-41.7 pk=-40.5 c0=3.9 c1=5.0 kw=4.91 inf=1.84 iv=0.00 n=0 d=0 sk=2 hf=96148 hm=92132 ht=283156 pf=0 pm=0 pt=0 ru=235400 rp=239416
18:36:10.783 @T t=164897 s=0.000 lv=-40.7 pk=-38.8 c0=3.2 c1=5.1 kw=4.91 inf=1.51 iv=0.00 n=0 d=0 sk=3 hf=96148 hm=92132 ht=283156 pf=0 pm=0 pt=0 ru=235400 rp=239416
18:36:10.783 @T t=165003 s=0.000 lv=-40.9 pk=-39.2 c0=6.3 c1=6.6 kw=6.07 inf=1.40 iv=0.00 n=0 d=0 sk=4 hf=96148 hm=92132 ht=283156 pf=0 pm=0 pt=0 ru=235400 rp=239416
18:36:10.783 @T t=165089 s=0.000 lv=-42.1 pk=-40.4 c0=5.0 c1=5.1 kw=5.01 inf=1.88 iv=0.00 n=0 d=0 sk=2 hf=96148 hm=92132 ht=283156 pf=0 pm=0 pt=0 ru=235400 rp=239416
18:36:10.783 @T t=165195 s=0.000 lv=-41.6 pk=-40.6 c0=3.3 c1=5.1 kw=4.96 inf=1.53 iv=0.00 n=0 d=0 sk=3 hf=96148 hm=92132 ht=283156 pf=0 pm=0 pt=0 ru=235400 rp=239416
18:36:10.783 @I ww=marvin cut=0.50 win=5 cool=1000 tick=100 wifi=1 srv=1 li=0 ln=0
18:36:10.783 @T t=165287 s=0.000 lv=-40.6 pk=-39.4 c0=4.4 c1=5.9 kw=5.70 inf=1.52 iv=0.00 n=0 d=0 sk=3 hf=96148 hm=92132 ht=283156 pf=0 pm=0 pt=0 ru=235400 rp=239416
18:36:10.783 @T t=165393 s=0.000 lv=-41.7 pk=-40.4 c0=3.1 c1=5.1 kw=4.96 inf=1.53 iv=0.00 n=0 d=0 sk=3 hf=96148 hm=92132 ht=283156 pf=0 pm=0 pt=0 ru=235400 rp=239416
18:36:10.783 @T t=165499 s=0.000 lv=-40.8 pk=-40.0 c0=3.1 c1=5.1 kw=4.95 inf=1.52 iv=0.00 n=0 d=0 sk=3 hf=96148 hm=92132 ht=283156 pf=0 pm=0 pt=0 ru=235400 rp=239416
18:36:10.783 @T t=165605 s=0.000 lv=-41.6 pk=-40.5 c0=3.1 c1=6.1 kw=5.91 inf=1.36 iv=0.00 n=0 d=0 sk=4 hf=96148 hm=92132 ht=283156 pf=0 pm=0 pt=0 ru=235400 rp=239416
18:36:10.783 @T t=165691 s=0.000 lv=-40.1 pk=-38.9 c0=3.7 c1=5.0 kw=4.87 inf=1.82 iv=0.00 n=0 d=0 sk=2 hf=96148 hm=92132 ht=283156 pf=0 pm=0 pt=0 ru=235400 rp=239416
18:36:10.783 @T t=165797 s=0.000 lv=-40.0 pk=-38.8 c0=3.4 c1=5.1 kw=4.97 inf=1.53 iv=0.00 n=0 d=0 sk=3 hf=96148 hm=92132 ht=283156 pf=0 pm=0 pt=0 ru=235400 rp=239416
18:36:13.276 @T t=165903 s=0.000 lv=-41.3 pk=-40.7 c0=3.4 c1=6.1 kw=5.94 inf=1.37 iv=0.00 n=0 d=0 sk=4 hf=96148 hm=92132 ht=283156 pf=0 pm=0 pt=0 ru=235400 rp=239416
18:36:13.276 @T t=165989 s=0.000 lv=-40.4 pk=-38.8 c0=3.8 c1=5.0 kw=4.88 inf=1.83 iv=0.00 n=0 d=0 sk=2 hf=96148 hm=92132 ht=283156 pf=0 pm=0 pt=0 ru=235400 rp=239416
18:36:13.276 @T t=166096 s=0.000 lv=-40.3 pk=-39.5 c0=6.9 c1=5.1 kw=4.92 inf=1.53 iv=0.00 n=0 d=0 sk=3 hf=96148 hm=92132 ht=283156 pf=0 pm=0 pt=0 ru=235400 rp=239416
18:36:13.276 @T t=166202 s=0.000 lv=-41.0 pk=-39.8 c0=3.2 c1=5.9 kw=5.95 inf=1.37 iv=0.00 n=0 d=0 sk=4 hf=96148 hm=92132 ht=283156 pf=0 pm=0 pt=0 ru=235400 rp=239416
18:36:13.277 @I ww=marvin cut=0.50 win=5 cool=1000 tick=100 wifi=1 srv=1 li=0 ln=0
18:36:13.277 @T t=166294 s=0.000 lv=-40.2 pk=-39.0 c0=4.4 c1=4.8 kw=4.54 inf=1.82 iv=0.00 n=0 d=0 sk=2 hf=96148 hm=92132 ht=283156 pf=0 pm=0 pt=0 ru=235400 rp=239416
18:36:13.277 @T t=166400 s=0.000 lv=-40.6 pk=-38.8 c0=3.1 c1=5.1 kw=4.94 inf=1.52 iv=0.00 n=0 d=0 sk=3 hf=96148 hm=92132 ht=283156 pf=0 pm=0 pt=0 ru=235400 rp=239416
18:36:13.277 @T t=166486 s=0.000 lv=-41.5 pk=-40.2 c0=7.7 c1=6.3 kw=6.10 inf=1.52 iv=0.00 n=0 d=0 sk=3 hf=96148 hm=92132 ht=283156 pf=0 pm=0 pt=0 ru=235400 rp=239416
18:36:13.277 @T t=166592 s=0.000 lv=-40.1 pk=-39.2 c0=3.0 c1=5.1 kw=4.95 inf=1.52 iv=0.00 n=0 d=0 sk=3 hf=96148 hm=92132 ht=283156 pf=0 pm=0 pt=0 ru=235400 rp=239416
18:36:13.277 @T t=166698 s=0.000 lv=-40.1 pk=-39.0 c0=3.0 c1=5.0 kw=4.92 inf=1.51 iv=0.00 n=0 d=0 sk=3 hf=96148 hm=92132 ht=283156 pf=0 pm=0 pt=0 ru=235400 rp=239416
18:36:13.277 @T t=166804 s=0.000 lv=-40.2 pk=-38.8 c0=6.3 c1=6.1 kw=5.92 inf=1.37 iv=0.00 n=0 d=0 sk=4 hf=96148 hm=92132 ht=283156 pf=0 pm=0 pt=0 ru=235400 rp=239416
18:36:13.277 @T t=166890 s=0.000 lv=-41.6 pk=-40.5 c0=8.4 c1=5.1 kw=4.93 inf=1.85 iv=0.00 n=0 d=0 sk=2 hf=96148 hm=92132 ht=283156 pf=0 pm=0 pt=0 ru=235400 rp=239416
18:36:13.277 @T t=166997 s=0.000 lv=-40.3 pk=-39.2 c0=4.9 c1=4.8 kw=4.89 inf=1.53 iv=0.00 n=0 d=0 sk=3 hf=94384 hm=92132 ht=283156 pf=0 pm=0 pt=0 ru=237164 rp=239416
18:36:13.277 @T t=167104 s=0.000 lv=-41.0 pk=-39.3 c0=5.6 c1=6.9 kw=6.11 inf=1.41 iv=0.00 n=0 d=0 sk=4 hf=96148 hm=92132 ht=283156 pf=0 pm=0 pt=0 ru=235400 rp=239416
18:36:13.277 @T t=167190 s=0.000 lv=-41.2 pk=-40.2 c0=4.2 c1=5.0 kw=4.94 inf=1.85 iv=0.00 n=0 d=0 sk=2 hf=96148 hm=92132 ht=283156 pf=0 pm=0 pt=0 ru=235400 rp=239416
18:36:13.277 @I ww=marvin cut=0.50 win=5 cool=1000 tick=100 wifi=1 srv=1 li=0 ln=0
18:36:13.277 @T t=167302 s=0.000 lv=-41.3 pk=-40.3 c0=3.6 c1=5.6 kw=5.57 inf=1.36 iv=0.00 n=0 d=0 sk=4 hf=96148 hm=92132 ht=283156 pf=0 pm=0 pt=0 ru=235400 rp=239416
18:36:13.278 @T t=167388 s=0.000 lv=-37.7 pk=-34.5 c0=3.9 c1=17.7 kw=17.36 inf=1.31 iv=0.96 n=11 d=0 sk=0 hf=96148 hm=92132 ht=283156 pf=0 pm=0 pt=0 ru=235400 rp=239416
18:36:13.278 @T t=167494 s=0.000 lv=-40.3 pk=-37.1 c0=3.5 c1=9.4 kw=9.26 inf=2.28 iv=1.09 n=4 d=0 sk=0 hf=96148 hm=92132 ht=283156 pf=0 pm=0 pt=0 ru=235400 rp=239416
18:36:13.278 @T t=167600 s=0.000 lv=-41.4 pk=-40.4 c0=3.5 c1=8.6 kw=8.40 inf=2.74 iv=1.14 n=3 d=0 sk=0 hf=96148 hm=92132 ht=283156 pf=0 pm=0 pt=0 ru=235400 rp=239416
18:36:13.278 @T t=167686 s=0.000 lv=-40.8 pk=-39.9 c0=7.6 c1=10.8 kw=10.56 inf=2.78 iv=1.16 n=3 d=0 sk=0 hf=96148 hm=92132 ht=283156 pf=0 pm=0 pt=0 ru=235400 rp=239416
18:36:13.278 @T t=167792 s=0.000 lv=-40.6 pk=-40.0 c0=3.4 c1=9.7 kw=9.50 inf=2.34 iv=1.15 n=4 d=0 sk=0 hf=96148 hm=92132 ht=283156 pf=0 pm=0 pt=0 ru=235400 rp=239416
18:36:13.278 @T t=167898 s=0.000 lv=-40.1 pk=-38.1 c0=3.6 c1=8.7 kw=8.49 inf=2.77 iv=1.17 n=3 d=0 sk=0 hf=96148 hm=92132 ht=283156 pf=0 pm=0 pt=0 ru=235400 rp=239416
18:36:13.278 @T t=168004 s=0.000 lv=-41.6 pk=-40.9 c0=7.0 c1=11.0 kw=10.79 inf=2.65 iv=1.19 n=4 d=0 sk=0 hf=96148 hm=92132 ht=283156 pf=0 pm=0 pt=0 ru=235400 rp=239416
18:36:13.278 @T t=168090 s=0.000 lv=-39.5 pk=-37.6 c0=5.1 c1=9.4 kw=9.21 inf=2.45 iv=1.17 n=3 d=0 sk=0 hf=96148 hm=92132 ht=283156 pf=0 pm=0 pt=0 ru=235400 rp=239416
18:36:13.278 @T t=168196 s=0.000 lv=-38.6 pk=-36.3 c0=3.4 c1=8.6 kw=8.46 inf=2.76 iv=1.18 n=3 d=0 sk=0 hf=96148 hm=92132 ht=283156 pf=0 pm=0 pt=0 ru=235400 rp=239416
18:36:13.278 @I ww=marvin cut=0.50 win=5 cool=1000 tick=100 wifi=1 srv=1 li=0 ln=0
18:36:13.278 @T t=168288 s=0.000 lv=-42.2 pk=-40.3 c0=13.6 c1=10.2 kw=9.99 inf=2.83 iv=1.22 n=3 d=0 sk=0 hf=96148 hm=92132 ht=283156 pf=0 pm=0 pt=0 ru=235400 rp=239416
18:36:15.869 @T t=168394 s=0.000 lv=-37.8 pk=-36.7 c0=3.6 c1=9.6 kw=9.40 inf=2.32 iv=1.12 n=4 d=0 sk=0 hf=96148 hm=92132 ht=283156 pf=0 pm=0 pt=0 ru=235400 rp=239416
18:36:15.869 @T t=168500 s=0.000 lv=-42.1 pk=-40.4 c0=3.4 c1=8.7 kw=8.49 inf=2.77 iv=1.17 n=3 d=0 sk=0 hf=96148 hm=92132 ht=283156 pf=0 pm=0 pt=0 ru=235400 rp=239416
18:36:15.869 @T t=168589 s=0.000 lv=-42.7 pk=-41.7 c0=10.8 c1=10.7 kw=10.45 inf=2.85 iv=1.21 n=3 d=0 sk=0 hf=96148 hm=92132 ht=283156 pf=0 pm=0 pt=0 ru=235400 rp=239416
18:36:15.869 @T t=168696 s=0.000 lv=-40.5 pk=-39.5 c0=3.5 c1=9.4 kw=9.27 inf=2.30 iv=1.11 n=4 d=0 sk=0 hf=96148 hm=92132 ht=283156 pf=0 pm=0 pt=0 ru=235400 rp=239416
18:36:15.869 @T t=168802 s=0.000 lv=-41.9 pk=-40.4 c0=3.5 c1=9.3 kw=8.42 inf=2.70 iv=1.12 n=3 d=0 sk=0 hf=96148 hm=92132 ht=283156 pf=0 pm=0 pt=0 ru=235400 rp=239416
18:36:15.869 @T t=168888 s=0.000 lv=-42.4 pk=-41.8 c0=4.4 c1=9.9 kw=10.58 inf=2.85 iv=1.25 n=3 d=0 sk=0 hf=96148 hm=92132 ht=283156 pf=0 pm=0 pt=0 ru=235400 rp=239416
18:36:15.870 @T t=168994 s=0.000 lv=-40.9 pk=-38.9 c0=3.4 c1=7.5 kw=7.38 inf=1.78 iv=1.20 n=2 d=0 sk=2 hf=96148 hm=92132 ht=283156 pf=0 pm=0 pt=0 ru=235400 rp=239416
18:36:15.870 @T t=169100 s=0.000 lv=-41.1 pk=-40.5 c0=7.1 c1=5.6 kw=5.10 inf=1.57 iv=0.00 n=0 d=0 sk=3 hf=96148 hm=92132 ht=283156 pf=0 pm=0 pt=0 ru=235400 rp=239416
18:36:15.870 @T t=169186 s=0.000 lv=-41.2 pk=-39.6 c0=4.6 c1=6.4 kw=6.25 inf=1.56 iv=0.00 n=0 d=0 sk=3 hf=96148 hm=92132 ht=283156 pf=0 pm=0 pt=0 ru=235400 rp=239416
18:36:15.870 @I ww=marvin cut=0.50 win=5 cool=1000 tick=100 wifi=1 srv=1 li=0 ln=0
18:36:15.870 @T t=169298 s=0.000 lv=-41.6 pk=-40.1 c0=3.8 c1=4.8 kw=4.67 inf=1.52 iv=0.00 n=0 d=0 sk=3 hf=96148 hm=92132 ht=283156 pf=0 pm=0 pt=0 ru=235400 rp=239416
18:36:15.870 @T t=169404 s=0.000 lv=-40.3 pk=-38.9 c0=6.4 c1=6.1 kw=5.94 inf=1.37 iv=0.00 n=0 d=0 sk=4 hf=96148 hm=92132 ht=283156 pf=0 pm=0 pt=0 ru=235400 rp=239416
18:36:15.870 @T t=169490 s=0.000 lv=-40.6 pk=-38.9 c0=3.8 c1=5.0 kw=4.88 inf=1.83 iv=0.00 n=0 d=0 sk=2 hf=96148 hm=92132 ht=283156 pf=0 pm=0 pt=0 ru=235400 rp=239416
18:36:15.870 @T t=169596 s=0.000 lv=-40.6 pk=-38.6 c0=3.1 c1=5.1 kw=4.92 inf=1.52 iv=0.00 n=0 d=0 sk=3 hf=96148 hm=92132 ht=283156 pf=0 pm=0 pt=0 ru=235400 rp=239416
18:36:15.870 @T t=169702 s=0.000 lv=-39.7 pk=-38.5 c0=3.0 c1=5.9 kw=5.88 inf=1.36 iv=0.00 n=0 d=0 sk=4 hf=96148 hm=92132 ht=283156 pf=0 pm=0 pt=0 ru=235400 rp=239416
18:36:15.870 @T t=169788 s=0.000 lv=-40.4 pk=-38.8 c0=7.8 c1=5.2 kw=4.86 inf=1.82 iv=0.00 n=0 d=0 sk=2 hf=96148 hm=92132 ht=283156 pf=0 pm=0 pt=0 ru=235400 rp=239416
18:36:15.870 @T t=169894 s=0.000 lv=-39.9 pk=-36.8 c0=3.2 c1=5.1 kw=4.93 inf=1.52 iv=0.00 n=0 d=0 sk=3 hf=96148 hm=92132 ht=283156 pf=0 pm=0 pt=0 ru=235400 rp=239416
18:36:15.870 @T t=170000 s=0.000 lv=-39.9 pk=-38.5 c0=3.1 c1=5.0 kw=4.92 inf=1.51 iv=0.00 n=0 d=0 sk=3 hf=96148 hm=92132 ht=283156 pf=0 pm=0 pt=0 ru=235400 rp=239416
18:36:15.870 @T t=170086 s=0.000 lv=-40.4 pk=-38.7 c0=8.5 c1=6.4 kw=6.15 inf=1.53 iv=0.00 n=0 d=0 sk=3 hf=96148 hm=92132 ht=283156 pf=0 pm=0 pt=0 ru=235400 rp=239416
18:36:15.870 @T t=170192 s=0.000 lv=-41.4 pk=-39.3 c0=3.2 c1=5.1 kw=4.95 inf=1.53 iv=0.00 n=0 d=0 sk=3 hf=96148 hm=92132 ht=283156 pf=0 pm=0 pt=0 ru=235400 rp=239416
18:36:15.871 @I ww=marvin cut=0.50 win=5 cool=1000 tick=100 wifi=1 srv=1 li=0 ln=0
18:36:15.871 @T t=170304 s=0.000 lv=-41.3 pk=-40.3 c0=11.3 c1=5.9 kw=5.68 inf=1.39 iv=0.00 n=0 d=0 sk=4 hf=96148 hm=92132 ht=283156 pf=0 pm=0 pt=0 ru=235400 rp=239416
18:36:15.871 @T t=170390 s=0.000 lv=-39.4 pk=-37.9 c0=4.1 c1=5.0 kw=4.88 inf=1.83 iv=0.00 n=0 d=0 sk=2 hf=96148 hm=92132 ht=283156 pf=0 pm=0 pt=0 ru=235400 rp=239416
18:36:15.871 @T t=170496 s=0.000 lv=-40.6 pk=-39.0 c0=3.1 c1=5.0 kw=4.92 inf=1.51 iv=0.00 n=0 d=0 sk=3 hf=96148 hm=92132 ht=283156 pf=0 pm=0 pt=0 ru=235400 rp=239416
18:36:15.871 @T t=170602 s=0.000 lv=-40.8 pk=-39.1 c0=6.3 c1=5.9 kw=5.90 inf=1.36 iv=0.00 n=0 d=0 sk=4 hf=96148 hm=92132 ht=283156 pf=0 pm=0 pt=0 ru=235400 rp=239416
18:36:15.871 @T t=170688 s=0.000 lv=-40.0 pk=-37.9 c0=3.7 c1=5.2 kw=4.86 inf=1.82 iv=0.00 n=0 d=0 sk=2 hf=96148 hm=92132 ht=283156 pf=0 pm=0 pt=0 ru=235400 rp=239416
18:36:15.871 @T t=170794 s=0.000 lv=-40.7 pk=-37.9 c0=3.0 c1=5.1 kw=4.92 inf=1.51 iv=0.00 n=0 d=0 sk=3 hf=96148 hm=92132 ht=283156 pf=0 pm=0 pt=0 ru=235400 rp=239416
18:36:15.871 @T t=170900 s=0.000 lv=-39.1 pk=-35.9 c0=3.2 c1=14.3 kw=14.12 inf=1.19 iv=0.96 n=10 d=0 sk=2 hf=96148 hm=92132 ht=283156 pf=0 pm=0 pt=0 ru=235400 rp=239416
18:36:18.168 @T t=170989 s=0.000 lv=-39.0 pk=-37.5 c0=10.9 c1=10.6 kw=10.43 inf=2.84 iv=1.21 n=3 d=0 sk=0 hf=96148 hm=92132 ht=283156 pf=0 pm=0 pt=0 ru=235400 rp=239416
18:36:18.169 @T t=171095 s=0.000 lv=-37.6 pk=-35.8 c0=10.8 c1=11.6 kw=11.03 inf=2.73 iv=1.45 n=4 d=0 sk=0 hf=96148 hm=92132 ht=283156 pf=0 pm=0 pt=0 ru=235400 rp=239416
18:36:18.169 @T t=171201 s=0.000 lv=-39.5 pk=-37.8 c0=3.5 c1=8.6 kw=8.68 inf=2.79 iv=1.19 n=3 d=0 sk=0 hf=96148 hm=92132 ht=283156 pf=0 pm=0 pt=0 ru=235400 rp=239416
18:36:18.169 @I ww=marvin cut=0.50 win=5 cool=1000 tick=100 wifi=1 srv=1 li=0 ln=0
18:36:18.169 [status] up 171s | mic -40.3 dBFS (peak -34.5) | score max 0.00 | detections 0 | inferences 97 (9.7/s; model 1.14 ms each, paused in quiet 70%; features 1.43 ms per 30 ms) | CPU core0  5.1% core1  6.6% (wake word pipeline 6.43% of one core) | RAM used 229 KB (peak 233 KB, 93 KB free) | wifi OK, server OK | audio lost since boot: i2s 0 net 0
18:36:18.169 @T t=171297 s=0.000 lv=-40.9 pk=-39.5 c0=27.9 c1=10.6 kw=10.11 inf=3.03 iv=1.31 n=3 d=0 sk=0 hf=96148 hm=92132 ht=283156 pf=0 pm=0 pt=0 ru=235400 rp=239416
18:36:18.169 @T t=171403 s=0.000 lv=-41.2 pk=-40.5 c0=3.9 c1=11.1 kw=10.87 inf=2.67 iv=1.21 n=4 d=0 sk=0 hf=96148 hm=92132 ht=283156 pf=0 pm=0 pt=0 ru=235400 rp=239416
18:36:18.169 @T t=171489 s=0.000 lv=-41.4 pk=-40.0 c0=4.3 c1=9.3 kw=9.09 inf=2.42 iv=1.14 n=3 d=0 sk=0 hf=96148 hm=92132 ht=283156 pf=0 pm=0 pt=0 ru=235400 rp=239416
18:36:18.169 @T t=171595 s=0.000 lv=-42.3 pk=-41.0 c0=3.5 c1=8.4 kw=8.28 inf=2.69 iv=1.11 n=3 d=0 sk=0 hf=96148 hm=92132 ht=283156 pf=0 pm=0 pt=0 ru=235400 rp=239416
18:36:18.169 @T t=171701 s=0.000 lv=-39.7 pk=-37.5 c0=3.4 c1=9.4 kw=9.47 inf=2.30 iv=1.11 n=4 d=0 sk=0 hf=96148 hm=92132 ht=283156 pf=0 pm=0 pt=0 ru=235400 rp=239416
18:36:18.169 @T t=171787 s=0.000 lv=-40.3 pk=-39.7 c0=8.1 c1=10.9 kw=10.39 inf=2.79 iv=1.13 n=3 d=0 sk=0 hf=96148 hm=92132 ht=283156 pf=0 pm=0 pt=0 ru=235400 rp=239416
18:36:18.169 @T t=171893 s=0.000 lv=-36.5 pk=-35.3 c0=3.6 c1=8.5 kw=8.31 inf=2.70 iv=1.12 n=3 d=0 sk=0 hf=96148 hm=92132 ht=283156 pf=0 pm=0 pt=0 ru=235400 rp=239416
18:36:18.169 @T t=171999 s=0.000 lv=-41.8 pk=-40.9 c0=3.4 c1=9.5 kw=9.28 inf=2.29 iv=1.10 n=4 d=0 sk=0 hf=96148 hm=92132 ht=283156 pf=0 pm=0 pt=0 ru=235400 rp=239416
18:36:18.169 @T t=172105 s=0.000 lv=-41.5 pk=-40.8 c0=4.1 c1=10.8 kw=10.59 inf=2.60 iv=1.15 n=4 d=0 sk=0 hf=96148 hm=92132 ht=283156 pf=0 pm=0 pt=0 ru=235400 rp=239416
18:36:18.169 @T t=172191 s=0.000 lv=-42.5 pk=-41.7 c0=4.1 c1=8.0 kw=7.85 inf=3.09 iv=1.19 n=2 d=0 sk=0 hf=96148 hm=92132 ht=283156 pf=0 pm=0 pt=0 ru=235400 rp=239416
18:36:18.169 @I ww=marvin cut=0.50 win=5 cool=1000 tick=100 wifi=1 srv=1 li=0 ln=0
18:36:18.170 @T t=172303 s=0.000 lv=-41.4 pk=-39.4 c0=4.0 c1=9.9 kw=9.75 inf=2.52 iv=1.10 n=4 d=0 sk=0 hf=96148 hm=92132 ht=283156 pf=0 pm=0 pt=0 ru=235400 rp=239416
18:36:18.170 @T t=172389 s=0.000 lv=-40.3 pk=-37.9 c0=4.2 c1=9.2 kw=9.01 inf=2.39 iv=1.12 n=3 d=0 sk=0 hf=96148 hm=92132 ht=283156 pf=0 pm=0 pt=0 ru=235400 rp=239416
18:36:18.170 @T t=172495 s=0.000 lv=-41.3 pk=-40.8 c0=3.4 c1=8.4 kw=8.27 inf=2.69 iv=1.12 n=3 d=0 sk=0 hf=96148 hm=92132 ht=283156 pf=0 pm=0 pt=0 ru=235400 rp=239416
18:36:18.170 @T t=172601 s=0.000 lv=-41.0 pk=-40.2 c0=3.9 c1=9.8 kw=9.75 inf=2.37 iv=1.16 n=4 d=0 sk=0 hf=96148 hm=92132 ht=283156 pf=0 pm=0 pt=0 ru=235400 rp=239416
18:36:18.170 @T t=172687 s=0.000 lv=-42.0 pk=-41.5 c0=4.0 c1=10.9 kw=10.43 inf=2.80 iv=1.13 n=3 d=0 sk=0 hf=96148 hm=92132 ht=283156 pf=0 pm=0 pt=0 ru=235400 rp=239416
18:36:18.170 @T t=172793 s=0.000 lv=-41.7 pk=-39.5 c0=3.4 c1=8.4 kw=8.22 inf=2.67 iv=1.09 n=3 d=0 sk=0 hf=96148 hm=92132 ht=283156 pf=0 pm=0 pt=0 ru=235400 rp=239416
18:36:18.170 @T t=172899 s=0.000 lv=-40.4 pk=-39.7 c0=3.7 c1=9.5 kw=9.35 inf=2.30 iv=1.11 n=4 d=0 sk=0 hf=96148 hm=92132 ht=283156 pf=0 pm=0 pt=0 ru=235400 rp=239416
18:36:18.170 @T t=173005 s=0.000 lv=-41.9 pk=-40.7 c0=3.4 c1=10.4 kw=10.23 inf=2.50 iv=1.09 n=4 d=0 sk=0 hf=96148 hm=92132 ht=283156 pf=0 pm=0 pt=0 ru=235400 rp=239416
18:36:18.170 @T t=173091 s=0.000 lv=-41.1 pk=-40.2 c0=13.0 c1=9.5 kw=8.77 inf=3.46 iv=1.42 n=2 d=0 sk=0 hf=96148 hm=92132 ht=283156 pf=0 pm=0 pt=0 ru=235400 rp=239416
18:36:18.170 @T t=173197 s=0.000 lv=-39.8 pk=-37.5 c0=3.6 c1=9.5 kw=9.38 inf=2.31 iv=1.12 n=4 d=0 sk=0 hf=96148 hm=92132 ht=283156 pf=0 pm=0 pt=0 ru=235400 rp=239416
18:36:18.170 @I ww=marvin cut=0.50 win=5 cool=1000 tick=100 wifi=1 srv=1 li=0 ln=0
18:36:20.776 @T t=173289 s=0.000 lv=-41.7 pk=-40.0 c0=4.8 c1=9.7 kw=9.52 inf=2.69 iv=1.11 n=3 d=0 sk=0 hf=96148 hm=92132 ht=283156 pf=0 pm=0 pt=0 ru=235400 rp=239416
18:36:20.776 @T t=173395 s=0.000 lv=-40.3 pk=-39.1 c0=3.5 c1=8.6 kw=8.40 inf=2.73 iv=1.14 n=3 d=0 sk=0 hf=96148 hm=92132 ht=283156 pf=0 pm=0 pt=0 ru=235400 rp=239416
18:36:20.776 @T t=173501 s=0.000 lv=-40.7 pk=-39.8 c0=3.5 c1=7.5 kw=7.58 inf=2.40 iv=1.24 n=2 d=0 sk=1 hf=96148 hm=92132 ht=283156 pf=0 pm=0 pt=0 ru=235400 rp=239416
18:36:20.776 @T t=173587 s=0.000 lv=-40.7 pk=-39.9 c0=4.2 c1=6.6 kw=6.23 inf=1.60 iv=0.00 n=0 d=0 sk=3 hf=96148 hm=92132 ht=283156 pf=0 pm=0 pt=0 ru=235400 rp=239416
18:36:20.776 @T t=173693 s=0.000 lv=-39.7 pk=-38.1 c0=3.4 c1=5.2 kw=4.99 inf=1.54 iv=0.00 n=0 d=0 sk=3 hf=96148 hm=92132 ht=283156 pf=0 pm=0 pt=0 ru=235400 rp=239416
18:36:20.777 @T t=173799 s=0.000 lv=-40.6 pk=-39.6 c0=3.2 c1=5.1 kw=4.94 inf=1.52 iv=0.00 n=0 d=0 sk=3 hf=96148 hm=92132 ht=283156 pf=0 pm=0 pt=0 ru=235400 rp=239416
18:36:20.777 @T t=173905 s=0.000 lv=-40.4 pk=-38.8 c0=6.4 c1=6.1 kw=5.89 inf=1.36 iv=0.00 n=0 d=0 sk=4 hf=96148 hm=92132 ht=283156 pf=0 pm=0 pt=0 ru=235400 rp=239416
18:36:20.777 @T t=173991 s=0.000 lv=-39.0 pk=-37.1 c0=3.8 c1=5.0 kw=4.87 inf=1.82 iv=0.00 n=0 d=0 sk=2 hf=96148 hm=92132 ht=283156 pf=0 pm=0 pt=0 ru=235400 rp=239416
18:36:20.777 @T t=174097 s=0.000 lv=-39.2 pk=-37.3 c0=3.7 c1=5.1 kw=4.96 inf=1.53 iv=0.00 n=0 d=0 sk=3 hf=96148 hm=92132 ht=283156 pf=0 pm=0 pt=0 ru=235400 rp=239416
18:36:20.777 @T t=174203 s=0.000 lv=-37.8 pk=-34.4 c0=3.4 c1=18.6 kw=18.40 inf=1.44 iv=0.99 n=13 d=0 sk=0 hf=96148 hm=92132 ht=283156 pf=0 pm=0 pt=0 ru=235400 rp=239416
18:36:20.777 @I ww=marvin cut=0.50 win=5 cool=1000 tick=100 wifi=1 srv=1 li=0 ln=0
18:36:20.777 @T t=174294 s=0.000 lv=-38.2 pk=-37.8 c0=4.9 c1=8.7 kw=8.58 inf=2.41 iv=1.14 n=3 d=0 sk=0 hf=96148 hm=92132 ht=283156 pf=0 pm=0 pt=0 ru=235400 rp=239416
18:36:20.777 @T t=174400 s=0.000 lv=-39.0 pk=-37.3 c0=3.5 c1=8.6 kw=8.38 inf=2.73 iv=1.14 n=3 d=0 sk=0 hf=96148 hm=92132 ht=283156 pf=0 pm=0 pt=0 ru=235400 rp=239416
18:36:20.777 @T t=174489 s=0.000 lv=-39.1 pk=-36.4 c0=4.0 c1=11.8 kw=11.62 inf=2.40 iv=1.18 n=4 d=0 sk=0 hf=96148 hm=92132 ht=283156 pf=0 pm=0 pt=0 ru=235400 rp=239416
18:36:20.777 @T t=174595 s=0.000 lv=-41.2 pk=-39.5 c0=3.5 c1=8.8 kw=8.62 inf=2.81 iv=1.21 n=3 d=0 sk=0 hf=96148 hm=92132 ht=283156 pf=0 pm=0 pt=0 ru=235400 rp=239416
18:36:20.777 @T t=174701 s=0.000 lv=-41.6 pk=-40.8 c0=6.6 c1=8.7 kw=8.75 inf=2.81 iv=1.21 n=3 d=0 sk=0 hf=96148 hm=92132 ht=283156 pf=0 pm=0 pt=0 ru=235400 rp=239416
18:36:20.777 @T t=174789 s=0.000 lv=-40.5 pk=-38.7 c0=4.5 c1=13.0 kw=12.46 inf=2.60 iv=1.37 n=4 d=0 sk=0 hf=96148 hm=92132 ht=283156 pf=0 pm=0 pt=0 ru=235400 rp=239416
18:36:20.777 @T t=174895 s=0.000 lv=-40.6 pk=-38.0 c0=3.7 c1=8.9 kw=8.70 inf=2.84 iv=1.23 n=3 d=0 sk=0 hf=96148 hm=92132 ht=283156 pf=0 pm=0 pt=0 ru=235400 rp=239416
18:36:20.777 @T t=175001 s=0.000 lv=-40.9 pk=-40.2 c0=6.1 c1=8.8 kw=8.79 inf=2.82 iv=1.21 n=3 d=0 sk=0 hf=96148 hm=92132 ht=283156 pf=0 pm=0 pt=0 ru=235400 rp=239416
18:36:20.777 @T t=175088 s=0.000 lv=-41.9 pk=-39.7 c0=12.4 c1=14.4 kw=13.44 inf=2.77 iv=1.50 n=4 d=0 sk=0 hf=96148 hm=92132 ht=283156 pf=0 pm=0 pt=0 ru=235400 rp=239416
18:36:20.778 @T t=175194 s=0.000 lv=-40.4 pk=-40.1 c0=3.5 c1=8.5 kw=8.34 inf=2.72 iv=1.13 n=3 d=0 sk=0 hf=96148 hm=92132 ht=283156 pf=0 pm=0 pt=0 ru=235400 rp=239416
18:36:20.778 @I ww=marvin cut=0.50 win=5 cool=1000 tick=100 wifi=1 srv=1 li=0 ln=0
18:36:20.778 @T t=175286 s=0.000 lv=-41.1 pk=-40.3 c0=4.9 c1=10.0 kw=9.77 inf=2.76 iv=1.15 n=3 d=0 sk=0 hf=96148 hm=92132 ht=283156 pf=0 pm=0 pt=0 ru=235400 rp=239416
18:36:20.778 @T t=175392 s=0.000 lv=-40.9 pk=-38.3 c0=3.5 c1=9.5 kw=9.31 inf=2.29 iv=1.10 n=4 d=0 sk=0 hf=96148 hm=92132 ht=283156 pf=0 pm=0 pt=0 ru=235400 rp=239416
18:36:20.778 @T t=175498 s=0.000 lv=-41.0 pk=-40.4 c0=3.4 c1=8.5 kw=8.32 inf=2.71 iv=1.13 n=3 d=0 sk=0 hf=96148 hm=92132 ht=283156 pf=0 pm=0 pt=0 ru=235400 rp=239416
18:36:20.778 @T t=175604 s=0.000 lv=-41.1 pk=-40.2 c0=3.5 c1=10.8 kw=10.62 inf=2.60 iv=1.16 n=4 d=0 sk=0 hf=96148 hm=92132 ht=283156 pf=0 pm=0 pt=0 ru=235400 rp=239416
18:36:20.778 @T t=175690 s=0.000 lv=-41.1 pk=-40.4 c0=4.3 c1=9.3 kw=9.09 inf=2.42 iv=1.14 n=3 d=0 sk=0 hf=96148 hm=92132 ht=283156 pf=0 pm=0 pt=0 ru=235400 rp=239416
18:36:20.778 @T t=175796 s=0.000 lv=-40.3 pk=-38.6 c0=3.3 c1=5.1 kw=5.01 inf=1.54 iv=0.00 n=0 d=0 sk=3 hf=96148 hm=92132 ht=283156 pf=0 pm=0 pt=0 ru=235400 rp=239416
18:36:23.264 @T t=175902 s=0.000 lv=-40.1 pk=-39.5 c0=6.9 c1=6.0 kw=5.91 inf=1.36 iv=0.00 n=0 d=0 sk=4 hf=96148 hm=92132 ht=283156 pf=0 pm=0 pt=0 ru=235400 rp=239416
18:36:23.264 @T t=175988 s=0.000 lv=-40.1 pk=-39.1 c0=4.0 c1=5.3 kw=4.96 inf=1.86 iv=0.00 n=0 d=0 sk=2 hf=96148 hm=92132 ht=283156 pf=0 pm=0 pt=0 ru=235400 rp=239416
18:36:23.264 @T t=176094 s=0.000 lv=-39.0 pk=-37.7 c0=3.7 c1=5.1 kw=4.94 inf=1.52 iv=0.00 n=0 d=0 sk=3 hf=96148 hm=92132 ht=283156 pf=0 pm=0 pt=0 ru=235400 rp=239416
18:36:23.264 @T t=176200 s=0.000 lv=-38.8 pk=-37.9 c0=3.2 c1=5.1 kw=4.98 inf=1.53 iv=0.00 n=0 d=0 sk=3 hf=96148 hm=92132 ht=283156 pf=0 pm=0 pt=0 ru=235400 rp=239416
18:36:23.264 @I ww=marvin cut=0.50 win=5 cool=1000 tick=100 wifi=1 srv=1 li=0 ln=0
18:36:23.264 @T t=176292 s=0.000 lv=-39.4 pk=-37.3 c0=4.4 c1=5.9 kw=5.73 inf=1.53 iv=0.00 n=0 d=0 sk=3 hf=96148 hm=92132 ht=283156 pf=0 pm=0 pt=0 ru=235400 rp=239416
18:36:23.264 @T t=176398 s=0.000 lv=-39.5 pk=-37.3 c0=3.1 c1=5.1 kw=4.92 inf=1.52 iv=0.00 n=0 d=0 sk=3 hf=96148 hm=92132 ht=283156 pf=0 pm=0 pt=0 ru=235400 rp=239416
18:36:23.264 @T t=176504 s=0.000 lv=-38.5 pk=-37.3 c0=3.1 c1=6.1 kw=5.92 inf=1.37 iv=0.00 n=0 d=0 sk=4 hf=96148 hm=92132 ht=283156 pf=0 pm=0 pt=0 ru=235400 rp=239416
18:36:23.264 @T t=176590 s=0.000 lv=-40.4 pk=-39.6 c0=3.8 c1=5.0 kw=4.87 inf=1.83 iv=0.00 n=0 d=0 sk=2 hf=96148 hm=92132 ht=283156 pf=0 pm=0 pt=0 ru=235400 rp=239416
18:36:23.265 @T t=176696 s=0.000 lv=-41.0 pk=-39.7 c0=3.0 c1=5.0 kw=4.92 inf=1.51 iv=0.00 n=0 d=0 sk=3 hf=96148 hm=92132 ht=283156 pf=0 pm=0 pt=0 ru=235400 rp=239416
18:36:23.265 @T t=176802 s=0.000 lv=-39.5 pk=-38.9 c0=6.3 c1=5.9 kw=5.91 inf=1.37 iv=0.00 n=0 d=0 sk=4 hf=96148 hm=92132 ht=283156 pf=0 pm=0 pt=0 ru=235400 rp=239416
18:36:23.265 @T t=176888 s=0.000 lv=-40.1 pk=-39.2 c0=7.9 c1=5.2 kw=4.87 inf=1.82 iv=0.00 n=0 d=0 sk=2 hf=96148 hm=92132 ht=283156 pf=0 pm=0 pt=0 ru=235400 rp=239416
18:36:23.265 @T t=176994 s=0.000 lv=-40.4 pk=-38.8 c0=3.1 c1=5.1 kw=4.95 inf=1.52 iv=0.00 n=0 d=0 sk=3 hf=96148 hm=92132 ht=283156 pf=0 pm=0 pt=0 ru=235400 rp=239416
18:36:23.265 @T t=177100 s=0.000 lv=-39.0 pk=-38.0 c0=10.0 c1=5.9 kw=5.13 inf=1.58 iv=0.00 n=0 d=0 sk=3 hf=96148 hm=92132 ht=283156 pf=0 pm=0 pt=0 ru=235400 rp=239416
18:36:23.265 @T t=177186 s=0.000 lv=-41.0 pk=-39.1 c0=7.2 c1=6.2 kw=6.14 inf=1.53 iv=0.00 n=0 d=0 sk=3 hf=96148 hm=92132 ht=283156 pf=0 pm=0 pt=0 ru=235400 rp=239416
18:36:23.265 @I ww=marvin cut=0.50 win=5 cool=1000 tick=100 wifi=1 srv=1 li=0 ln=0
18:36:23.265 @T t=177298 s=0.000 lv=-40.8 pk=-39.4 c0=3.6 c1=4.8 kw=4.66 inf=1.52 iv=0.00 n=0 d=0 sk=3 hf=96148 hm=92132 ht=283156 pf=0 pm=0 pt=0 ru=235400 rp=239416
18:36:23.265 @T t=177404 s=0.000 lv=-38.8 pk=-36.8 c0=3.1 c1=6.1 kw=5.92 inf=1.37 iv=0.00 n=0 d=0 sk=4 hf=96148 hm=92132 ht=283156 pf=0 pm=0 pt=0 ru=235400 rp=239416
18:36:23.265 @T t=177490 s=0.000 lv=-39.4 pk=-38.5 c0=3.7 c1=5.0 kw=4.87 inf=1.82 iv=0.00 n=0 d=0 sk=2 hf=96148 hm=92132 ht=283156 pf=0 pm=0 pt=0 ru=235400 rp=239416
18:36:23.266 @T t=177596 s=0.000 lv=-41.7 pk=-41.1 c0=3.0 c1=5.0 kw=4.91 inf=1.51 iv=0.00 n=0 d=0 sk=3 hf=96148 hm=92132 ht=283156 pf=0 pm=0 pt=0 ru=235400 rp=239416
18:36:23.267 @T t=177702 s=0.000 lv=-41.3 pk=-39.5 c0=3.0 c1=5.9 kw=5.90 inf=1.36 iv=0.00 n=0 d=0 sk=4 hf=96148 hm=92132 ht=283156 pf=0 pm=0 pt=0 ru=235400 rp=239416
18:36:23.267 @T t=177788 s=0.000 lv=-39.7 pk=-38.9 c0=7.7 c1=5.1 kw=4.85 inf=1.82 iv=0.00 n=0 d=0 sk=2 hf=96148 hm=92132 ht=283156 pf=0 pm=0 pt=0 ru=235400 rp=239416
18:36:23.268 @T t=177894 s=0.000 lv=-40.8 pk=-39.8 c0=3.1 c1=5.0 kw=4.91 inf=1.51 iv=0.00 n=0 d=0 sk=3 hf=96148 hm=92132 ht=283156 pf=0 pm=0 pt=0 ru=235400 rp=239416
18:36:23.268 @T t=178000 s=0.000 lv=-41.3 pk=-39.7 c0=3.1 c1=5.1 kw=4.92 inf=1.51 iv=0.00 n=0 d=0 sk=3 hf=96148 hm=92132 ht=283156 pf=0 pm=0 pt=0 ru=235400 rp=239416
18:36:23.268 @T t=178086 s=0.000 lv=-40.4 pk=-38.9 c0=8.5 c1=6.3 kw=6.12 inf=1.52 iv=0.00 n=0 d=0 sk=3 hf=96148 hm=92132 ht=283156 pf=0 pm=0 pt=0 ru=235400 rp=239416
18:36:23.268 @T t=178192 s=0.000 lv=-39.4 pk=-37.6 c0=3.6 c1=5.2 kw=5.01 inf=1.54 iv=0.00 n=0 d=0 sk=3 hf=96148 hm=92132 ht=283156 pf=0 pm=0 pt=0 ru=235400 rp=239416
18:36:23.268 @I ww=marvin cut=0.50 win=5 cool=1000 tick=100 wifi=1 srv=1 li=0 ln=0
18:36:23.268 @T t=178304 s=0.000 lv=-40.7 pk=-38.7 c0=3.8 c1=5.7 kw=5.59 inf=1.37 iv=0.00 n=0 d=0 sk=4 hf=96148 hm=92132 ht=283156 pf=0 pm=0 pt=0 ru=235400 rp=239416
18:36:25.773 @T t=178390 s=0.000 lv=-40.4 pk=-39.4 c0=3.9 c1=5.0 kw=4.90 inf=1.84 iv=0.00 n=0 d=0 sk=2 hf=96148 hm=92132 ht=283156 pf=0 pm=0 pt=0 ru=235400 rp=239416
18:36:25.773 @T t=178496 s=0.000 lv=-40.9 pk=-39.8 c0=3.1 c1=5.1 kw=4.92 inf=1.51 iv=0.00 n=0 d=0 sk=3 hf=96148 hm=92132 ht=283156 pf=0 pm=0 pt=0 ru=235400 rp=239416
18:36:25.774 @T t=178602 s=0.000 lv=-41.2 pk=-39.5 c0=3.1 c1=5.9 kw=5.90 inf=1.36 iv=0.00 n=0 d=0 sk=4 hf=96148 hm=92132 ht=283156 pf=0 pm=0 pt=0 ru=235400 rp=239416
18:36:25.774 @T t=178688 s=0.000 lv=-39.8 pk=-38.1 c0=3.7 c1=5.2 kw=4.87 inf=1.82 iv=0.00 n=0 d=0 sk=2 hf=96148 hm=92132 ht=283156 pf=0 pm=0 pt=0 ru=235400 rp=239416
18:36:25.774 @T t=178794 s=0.000 lv=-38.7 pk=-36.8 c0=6.3 c1=5.1 kw=4.93 inf=1.52 iv=0.00 n=0 d=0 sk=3 hf=96148 hm=92132 ht=283156 pf=0 pm=0 pt=0 ru=235400 rp=239416
18:36:25.774 @T t=178900 s=0.000 lv=-38.6 pk=-36.3 c0=3.2 c1=5.1 kw=4.92 inf=1.51 iv=0.00 n=0 d=0 sk=3 hf=96148 hm=92132 ht=283156 pf=0 pm=0 pt=0 ru=235400 rp=239416
18:36:25.774 @T t=178986 s=0.000 lv=-38.0 pk=-37.2 c0=7.8 c1=6.3 kw=6.09 inf=1.52 iv=0.00 n=0 d=0 sk=3 hf=96148 hm=92132 ht=283156 pf=0 pm=0 pt=0 ru=235400 rp=239416
18:36:25.774 @T t=179092 s=0.000 lv=-37.7 pk=-34.5 c0=10.1 c1=17.7 kw=17.10 inf=1.45 iv=1.04 n=12 d=0 sk=0 hf=96148 hm=92132 ht=283156 pf=0 pm=0 pt=0 ru=235400 rp=239416
18:36:25.774 @T t=179198 s=0.000 lv=-38.4 pk=-36.6 c0=3.5 c1=8.6 kw=8.49 inf=2.77 iv=1.16 n=3 d=0 sk=0 hf=96148 hm=92132 ht=283156 pf=0 pm=0 pt=0 ru=235400 rp=239416
18:36:25.774 @I ww=marvin cut=0.50 win=5 cool=1000 tick=100 wifi=1 srv=1 li=0 ln=0
18:36:25.774 @T t=179290 s=0.000 lv=-38.7 pk=-36.9 c0=5.4 c1=11.9 kw=11.63 inf=2.49 iv=1.26 n=4 d=0 sk=0 hf=96148 hm=92132 ht=283156 pf=0 pm=0 pt=0 ru=235400 rp=239416
18:36:25.775 @T t=179396 s=0.000 lv=-39.2 pk=-38.0 c0=6.7 c1=9.2 kw=9.00 inf=2.94 iv=1.30 n=3 d=0 sk=0 hf=96148 hm=92132 ht=283156 pf=0 pm=0 pt=0 ru=235400 rp=239416
18:36:25.775 @T t=179502 s=0.000 lv=-40.0 pk=-38.3 c0=3.5 c1=9.8 kw=8.86 inf=2.85 iv=1.23 n=3 d=0 sk=0 hf=96148 hm=92132 ht=283156 pf=0 pm=0 pt=0 ru=235400 rp=239416
18:36:25.775 @T t=179588 s=0.000 lv=-39.5 pk=-38.9 c0=4.3 c1=11.4 kw=12.04 inf=2.45 iv=1.17 n=4 d=0 sk=0 hf=96148 hm=92132 ht=283156 pf=0 pm=0 pt=0 ru=235400 rp=239416
18:36:25.775 @T t=179694 s=0.000 lv=-39.1 pk=-38.0 c0=3.4 c1=8.8 kw=8.60 inf=2.81 iv=1.20 n=3 d=0 sk=0 hf=96148 hm=92132 ht=283156 pf=0 pm=0 pt=0 ru=235400 rp=239416
18:36:25.775 @T t=179800 s=0.000 lv=-38.8 pk=-36.9 c0=3.4 c1=8.5 kw=8.38 inf=2.73 iv=1.14 n=3 d=0 sk=0 hf=96148 hm=92132 ht=283156 pf=0 pm=0 pt=0 ru=235400 rp=239416
18:36:25.775 @T t=179886 s=0.000 lv=-39.5 pk=-38.5 c0=4.6 c1=12.5 kw=12.25 inf=2.45 iv=1.20 n=4 d=0 sk=0 hf=96148 hm=92132 ht=283156 pf=0 pm=0 pt=0 ru=235400 rp=239416
18:36:25.775 @T t=179992 s=0.000 lv=-39.0 pk=-37.5 c0=3.4 c1=8.5 kw=8.36 inf=2.72 iv=1.13 n=3 d=0 sk=0 hf=96148 hm=92132 ht=283156 pf=0 pm=0 pt=0 ru=235400 rp=239416
18:36:25.775 @T t=180098 s=0.000 lv=-39.6 pk=-38.4 c0=4.1 c1=8.6 kw=8.46 inf=2.76 iv=1.15 n=3 d=0 sk=0 hf=96148 hm=92132 ht=283156 pf=0 pm=0 pt=0 ru=235400 rp=239416
18:36:25.775 @T t=180204 s=0.000 lv=-37.8 pk=-36.7 c0=3.5 c1=10.8 kw=10.62 inf=2.60 iv=1.17 n=4 d=0 sk=0 hf=96148 hm=92132 ht=283156 pf=0 pm=0 pt=0 ru=235400 rp=239416
18:36:25.775 @I ww=marvin cut=0.50 win=5 cool=1000 tick=100 wifi=1 srv=1 li=0 ln=0
18:36:25.775 @T t=180296 s=0.000 lv=-38.1 pk=-37.2 c0=4.9 c1=8.7 kw=8.52 inf=2.43 iv=1.14 n=3 d=0 sk=0 hf=96148 hm=92132 ht=283156 pf=0 pm=0 pt=0 ru=235400 rp=239416
18:36:25.775 @T t=180402 s=0.000 lv=-38.1 pk=-36.3 c0=3.9 c1=9.8 kw=8.82 inf=2.83 iv=1.20 n=3 d=0 sk=0 hf=96148 hm=92132 ht=283156 pf=0 pm=0 pt=0 ru=235400 rp=239416
18:36:25.775 @T t=180490 s=0.000 lv=-38.3 pk=-37.0 c0=4.0 c1=11.6 kw=12.28 inf=2.56 iv=1.32 n=4 d=0 sk=0 hf=96148 hm=92132 ht=283156 pf=0 pm=0 pt=0 ru=235400 rp=239416
18:36:25.775 @T t=180596 s=0.000 lv=-39.4 pk=-38.4 c0=3.5 c1=8.8 kw=8.61 inf=2.81 iv=1.20 n=3 d=0 sk=0 hf=96148 hm=92132 ht=283156 pf=0 pm=0 pt=0 ru=235400 rp=239416
18:36:25.775 @T t=180702 s=0.000 lv=-39.6 pk=-38.5 c0=3.5 c1=7.5 kw=7.45 inf=1.77 iv=1.46 n=1 d=0 sk=3 hf=96148 hm=92132 ht=283156 pf=0 pm=0 pt=0 ru=235400 rp=239416
18:36:25.775 @T t=180788 s=0.000 lv=-39.3 pk=-38.4 c0=4.0 c1=5.2 kw=4.92 inf=1.84 iv=0.00 n=0 d=0 sk=2 hf=96148 hm=92132 ht=283156 pf=0 pm=0 pt=0 ru=235400 rp=239416
18:36:28.070 @T t=180894 s=0.000 lv=-40.8 pk=-40.3 c0=6.5 c1=5.0 kw=4.90 inf=1.51 iv=0.00 n=0 d=0 sk=3 hf=96148 hm=92132 ht=283156 pf=0 pm=0 pt=0 ru=235400 rp=239416
18:36:28.071 @T t=181000 s=0.000 lv=-39.4 pk=-37.5 c0=3.1 c1=5.1 kw=4.94 inf=1.52 iv=0.00 n=0 d=0 sk=3 hf=96148 hm=92132 ht=283156 pf=0 pm=0 pt=0 ru=235400 rp=239416
18:36:28.071 @T t=181086 s=0.000 lv=-39.2 pk=-36.9 c0=8.7 c1=6.4 kw=6.16 inf=1.54 iv=0.00 n=0 d=0 sk=3 hf=96148 hm=92132 ht=283156 pf=0 pm=0 pt=0 ru=235400 rp=239416
18:36:28.071 @T t=181192 s=0.000 lv=-40.4 pk=-39.6 c0=6.3 c1=5.9 kw=5.04 inf=1.55 iv=0.00 n=0 d=0 sk=3 hf=96148 hm=92132 ht=283156 pf=0 pm=0 pt=0 ru=235400 rp=239416
18:36:28.071 @I ww=marvin cut=0.50 win=5 cool=1000 tick=100 wifi=1 srv=1 li=0 ln=0
18:36:28.071 [status] up 181s | mic -39.9 dBFS (peak -34.4) | score max 0.00 | detections 0 | inferences 201 (20.1/s; model 1.16 ms each, paused in quiet 40%; features 1.41 ms per 30 ms) | CPU core0  4.8% core1  8.0% (wake word pipeline 7.75% of one core) | RAM used 229 KB (peak 233 KB, 93 KB free) | wifi OK, server OK | audio lost since boot: i2s 0 net 0
18:36:28.071 @T t=181306 s=0.000 lv=-40.7 pk=-39.3 c0=30.7 c1=5.7 kw=5.53 inf=1.37 iv=0.00 n=0 d=0 sk=4 hf=96148 hm=92132 ht=283156 pf=0 pm=0 pt=0 ru=235400 rp=239416
18:36:28.071 @T t=181392 s=0.000 lv=-40.2 pk=-39.6 c0=8.5 c1=5.1 kw=4.95 inf=1.85 iv=0.00 n=0 d=0 sk=2 hf=96148 hm=92132 ht=283156 pf=0 pm=0 pt=0 ru=235400 rp=239416
18:36:28.071 @T t=181498 s=0.000 lv=-38.6 pk=-36.7 c0=3.3 c1=5.1 kw=4.95 inf=1.52 iv=0.00 n=0 d=0 sk=3 hf=96148 hm=92132 ht=283156 pf=0 pm=0 pt=0 ru=235400 rp=239416
18:36:28.071 @T t=181604 s=0.000 lv=-39.4 pk=-38.0 c0=3.5 c1=6.2 kw=5.98 inf=1.38 iv=0.00 n=0 d=0 sk=4 hf=96148 hm=92132 ht=283156 pf=0 pm=0 pt=0 ru=235400 rp=239416
18:36:28.071 @T t=181690 s=0.000 lv=-40.2 pk=-38.8 c0=3.9 c1=5.0 kw=4.87 inf=1.82 iv=0.00 n=0 d=0 sk=2 hf=96148 hm=92132 ht=283156 pf=0 pm=0 pt=0 ru=235400 rp=239416
18:36:28.071 @T t=181796 s=0.000 lv=-39.4 pk=-37.5 c0=3.0 c1=5.1 kw=4.93 inf=1.52 iv=0.00 n=0 d=0 sk=3 hf=96148 hm=92132 ht=283156 pf=0 pm=0 pt=0 ru=235400 rp=239416
18:36:28.071 @T t=181902 s=0.000 lv=-38.4 pk=-36.8 c0=3.2 c1=6.0 kw=5.93 inf=1.37 iv=0.00 n=0 d=0 sk=4 hf=96148 hm=92132 ht=283156 pf=0 pm=0 pt=0 ru=235400 rp=239416
18:36:28.071 @T t=181988 s=0.000 lv=-36.8 pk=-35.5 c0=3.8 c1=5.2 kw=4.89 inf=1.83 iv=0.00 n=0 d=0 sk=2 hf=96148 hm=92132 ht=283156 pf=0 pm=0 pt=0 ru=235400 rp=239416
18:36:28.071 @T t=182094 s=0.000 lv=-39.8 pk=-38.9 c0=3.2 c1=5.1 kw=4.93 inf=1.52 iv=0.00 n=0 d=0 sk=3 hf=96148 hm=92132 ht=283156 pf=0 pm=0 pt=0 ru=235400 rp=239416
18:36:28.071 @T t=182200 s=0.000 lv=-40.0 pk=-39.1 c0=6.9 c1=5.1 kw=4.99 inf=1.54 iv=0.00 n=0 d=0 sk=3 hf=96148 hm=92132 ht=283156 pf=0 pm=0 pt=0 ru=235400 rp=239416
18:36:28.071 @I ww=marvin cut=0.50 win=5 cool=1000 tick=100 wifi=1 srv=1 li=0 ln=0
18:36:28.071 @T t=182292 s=0.000 lv=-39.2 pk=-38.2 c0=4.5 c1=5.9 kw=5.78 inf=1.54 iv=0.00 n=0 d=0 sk=3 hf=96148 hm=92132 ht=283156 pf=0 pm=0 pt=0 ru=235400 rp=239416
18:36:28.071 @T t=182398 s=0.000 lv=-39.0 pk=-37.6 c0=6.4 c1=5.1 kw=4.93 inf=1.52 iv=0.00 n=0 d=0 sk=3 hf=96148 hm=92132 ht=283156 pf=0 pm=0 pt=0 ru=235400 rp=239416
18:36:28.071 @T t=182504 s=0.000 lv=-40.6 pk=-39.1 c0=3.1 c1=6.1 kw=5.91 inf=1.37 iv=0.00 n=0 d=0 sk=4 hf=96148 hm=92132 ht=283156 pf=0 pm=0 pt=0 ru=235400 rp=239416
18:36:28.071 @T t=182590 s=0.000 lv=-41.4 pk=-41.0 c0=7.8 c1=5.0 kw=4.86 inf=1.82 iv=0.00 n=0 d=0 sk=2 hf=96148 hm=92132 ht=283156 pf=0 pm=0 pt=0 ru=235400 rp=239416
18:36:28.071 @T t=182696 s=0.000 lv=-39.2 pk=-38.2 c0=3.4 c1=5.2 kw=5.01 inf=1.54 iv=0.00 n=0 d=0 sk=3 hf=96148 hm=92132 ht=283156 pf=0 pm=0 pt=0 ru=235400 rp=239416
18:36:28.071 @T t=182802 s=0.000 lv=-40.5 pk=-38.1 c0=3.2 c1=5.9 kw=5.88 inf=1.36 iv=0.00 n=0 d=0 sk=4 hf=96148 hm=92132 ht=283156 pf=0 pm=0 pt=0 ru=235400 rp=239416
18:36:28.071 @T t=182888 s=0.000 lv=-40.2 pk=-39.1 c0=4.0 c1=5.2 kw=4.89 inf=1.83 iv=0.00 n=0 d=0 sk=2 hf=96148 hm=92132 ht=283156 pf=0 pm=0 pt=0 ru=235400 rp=239416
18:36:28.071 @T t=182994 s=0.000 lv=-39.9 pk=-39.3 c0=3.1 c1=5.1 kw=4.95 inf=1.52 iv=0.00 n=0 d=0 sk=3 hf=96148 hm=92132 ht=283156 pf=0 pm=0 pt=0 ru=235400 rp=239416
18:36:28.071 @T t=183100 s=0.000 lv=-41.7 pk=-40.0 c0=6.4 c1=5.1 kw=4.95 inf=1.52 iv=0.00 n=0 d=0 sk=3 hf=96148 hm=92132 ht=283156 pf=0 pm=0 pt=0 ru=235400 rp=239416
18:36:28.071 @T t=183186 s=0.000 lv=-40.5 pk=-38.8 c0=9.8 c1=7.5 kw=6.31 inf=1.58 iv=0.00 n=0 d=0 sk=3 hf=96148 hm=92132 ht=283156 pf=0 pm=0 pt=0 ru=235400 rp=239416
18:36:30.679 @I ww=marvin cut=0.50 win=5 cool=1000 tick=100 wifi=1 srv=1 li=0 ln=0
18:36:30.679 @T t=183298 s=0.000 lv=-41.6 pk=-40.8 c0=11.2 c1=4.7 kw=4.65 inf=1.51 iv=0.00 n=0 d=0 sk=3 hf=96148 hm=92132 ht=283156 pf=0 pm=0 pt=0 ru=235400 rp=239416
18:36:30.679 @T t=183404 s=0.000 lv=-40.4 pk=-38.7 c0=7.0 c1=6.2 kw=5.99 inf=1.38 iv=0.00 n=0 d=0 sk=4 hf=96148 hm=92132 ht=283156 pf=0 pm=0 pt=0 ru=235400 rp=239416
18:36:30.680 @T t=183490 s=0.000 lv=-41.4 pk=-39.6 c0=4.0 c1=5.0 kw=4.89 inf=1.83 iv=0.00 n=0 d=0 sk=2 hf=96148 hm=92132 ht=283156 pf=0 pm=0 pt=0 ru=235400 rp=239416
18:36:30.680 @T t=183596 s=0.000 lv=-40.3 pk=-38.8 c0=6.4 c1=5.1 kw=4.94 inf=1.52 iv=0.00 n=0 d=0 sk=3 hf=96148 hm=92132 ht=283156 pf=0 pm=0 pt=0 ru=235400 rp=239416
18:36:30.680 @T t=183702 s=0.000 lv=-41.3 pk=-40.2 c0=3.0 c1=5.9 kw=5.89 inf=1.36 iv=0.00 n=0 d=0 sk=4 hf=96148 hm=92132 ht=283156 pf=0 pm=0 pt=0 ru=235400 rp=239416
18:36:30.680 @T t=183788 s=0.000 lv=-40.6 pk=-39.4 c0=8.2 c1=5.3 kw=4.96 inf=1.86 iv=0.00 n=0 d=0 sk=2 hf=96148 hm=92132 ht=283156 pf=0 pm=0 pt=0 ru=235400 rp=239416
18:36:30.680 @T t=183894 s=0.000 lv=-40.2 pk=-39.1 c0=3.4 c1=5.1 kw=4.97 inf=1.53 iv=0.00 n=0 d=0 sk=3 hf=96148 hm=92132 ht=283156 pf=0 pm=0 pt=0 ru=235400 rp=239416
18:36:30.680 @T t=184000 s=0.000 lv=-40.8 pk=-39.9 c0=3.1 c1=5.1 kw=4.93 inf=1.52 iv=0.00 n=0 d=0 sk=3 hf=96148 hm=92132 ht=283156 pf=0 pm=0 pt=0 ru=235400 rp=239416
18:36:30.680 @T t=184086 s=0.000 lv=-40.4 pk=-38.5 c0=7.9 c1=6.3 kw=6.15 inf=1.53 iv=0.00 n=0 d=0 sk=3 hf=96148 hm=92132 ht=283156 pf=0 pm=0 pt=0 ru=235400 rp=239416
18:36:30.680 @T t=184192 s=0.000 lv=-39.0 pk=-36.0 c0=3.9 c1=5.2 kw=5.04 inf=1.55 iv=0.00 n=0 d=0 sk=3 hf=96148 hm=92132 ht=283156 pf=0 pm=0 pt=0 ru=235400 rp=239416
18:36:30.680 @I ww=marvin cut=0.50 win=5 cool=1000 tick=100 wifi=1 srv=1 li=0 ln=0
18:36:30.680 @T t=184304 s=0.000 lv=-40.5 pk=-38.9 c0=4.1 c1=5.8 kw=5.65 inf=1.38 iv=0.00 n=0 d=0 sk=4 hf=96148 hm=92132 ht=283156 pf=0 pm=0 pt=0 ru=235400 rp=239416
18:36:30.680 @T t=184390 s=0.000 lv=-40.7 pk=-40.2 c0=4.1 c1=5.0 kw=4.90 inf=1.84 iv=0.00 n=0 d=0 sk=2 hf=96148 hm=92132 ht=283156 pf=0 pm=0 pt=0 ru=235400 rp=239416
18:36:30.680 @T t=184496 s=0.000 lv=-40.6 pk=-39.9 c0=3.4 c1=5.1 kw=4.99 inf=1.54 iv=0.00 n=0 d=0 sk=3 hf=96148 hm=92132 ht=283156 pf=0 pm=0 pt=0 ru=235400 rp=239416
18:36:30.680 @T t=184602 s=0.000 lv=-40.8 pk=-39.2 c0=3.5 c1=6.0 kw=5.98 inf=1.38 iv=0.00 n=0 d=0 sk=4 hf=96148 hm=92132 ht=283156 pf=0 pm=0 pt=0 ru=235400 rp=239416
18:36:30.680 @T t=184688 s=0.000 lv=-40.3 pk=-39.9 c0=3.9 c1=5.2 kw=4.89 inf=1.83 iv=0.00 n=0 d=0 sk=2 hf=96148 hm=92132 ht=283156 pf=0 pm=0 pt=0 ru=235400 rp=239416
18:36:30.680 @T t=184794 s=0.000 lv=-41.0 pk=-39.3 c0=6.6 c1=5.1 kw=4.94 inf=1.52 iv=0.00 n=0 d=0 sk=3 hf=96148 hm=92132 ht=283156 pf=0 pm=0 pt=0 ru=235400 rp=239416
18:36:30.680 @T t=184900 s=0.000 lv=-41.7 pk=-40.0 c0=3.6 c1=5.1 kw=4.99 inf=1.53 iv=0.00 n=0 d=0 sk=3 hf=96148 hm=92132 ht=283156 pf=0 pm=0 pt=0 ru=235400 rp=239416
18:36:30.680 @T t=184986 s=0.000 lv=-41.7 pk=-40.8 c0=4.0 c1=6.3 kw=6.18 inf=1.54 iv=0.00 n=0 d=0 sk=3 hf=96148 hm=92132 ht=283156 pf=0 pm=0 pt=0 ru=235400 rp=239416
18:36:30.680 @T t=185092 s=0.000 lv=-42.8 pk=-41.7 c0=3.5 c1=5.1 kw=4.94 inf=1.52 iv=0.00 n=0 d=0 sk=3 hf=96148 hm=92132 ht=283156 pf=0 pm=0 pt=0 ru=235400 rp=239416
18:36:30.680 @T t=185198 s=0.000 lv=-40.2 pk=-37.8 c0=6.9 c1=5.7 kw=5.20 inf=1.59 iv=0.00 n=0 d=0 sk=3 hf=96148 hm=92132 ht=283156 pf=0 pm=0 pt=0 ru=235400 rp=239416
18:36:30.680 @I ww=marvin cut=0.50 win=5 cool=1000 tick=100 wifi=1 srv=1 li=0 ln=0
18:36:30.680 @T t=185290 s=0.000 lv=-41.0 pk=-39.6 c0=13.6 c1=5.9 kw=5.79 inf=1.55 iv=0.00 n=0 d=0 sk=3 hf=96148 hm=92132 ht=283156 pf=0 pm=0 pt=0 ru=235400 rp=239416
18:36:30.680 @T t=185396 s=0.000 lv=-40.5 pk=-38.5 c0=4.0 c1=5.2 kw=4.99 inf=1.54 iv=0.00 n=0 d=0 sk=3 hf=96148 hm=92132 ht=283156 pf=0 pm=0 pt=0 ru=235400 rp=239416
18:36:30.680 @T t=185502 s=0.000 lv=-39.8 pk=-37.4 c0=3.7 c1=6.0 kw=5.95 inf=1.37 iv=0.00 n=0 d=0 sk=4 hf=96148 hm=92132 ht=283156 pf=0 pm=0 pt=0 ru=235400 rp=239416
18:36:30.680 @T t=185588 s=0.000 lv=-37.2 pk=-35.6 c0=8.1 c1=19.3 kw=18.95 inf=1.31 iv=0.99 n=12 d=0 sk=0 hf=96148 hm=92132 ht=283156 pf=0 pm=0 pt=0 ru=235400 rp=239416
18:36:30.680 @T t=185694 s=0.000 lv=-38.5 pk=-36.7 c0=6.5 c1=9.0 kw=8.82 inf=2.88 iv=1.26 n=3 d=0 sk=0 hf=96148 hm=92132 ht=283156 pf=0 pm=0 pt=0 ru=235400 rp=239416
18:36:33.167 @T t=185800 s=0.000 lv=-39.0 pk=-35.8 c0=3.8 c1=9.8 kw=9.58 inf=2.36 iv=1.15 n=4 d=0 sk=0 hf=96148 hm=92132 ht=283156 pf=0 pm=0 pt=0 ru=235400 rp=239416
18:36:33.168 @T t=185886 s=0.000 lv=-40.3 pk=-39.5 c0=7.6 c1=10.9 kw=10.70 inf=2.82 iv=1.19 n=3 d=0 sk=0 hf=96148 hm=92132 ht=283156 pf=0 pm=0 pt=0 ru=235400 rp=239416
18:36:33.168 @T t=185992 s=0.000 lv=-40.7 pk=-40.0 c0=7.1 c1=9.1 kw=8.94 inf=2.92 iv=1.30 n=3 d=0 sk=0 hf=96148 hm=92132 ht=283156 pf=0 pm=0 pt=0 ru=235400 rp=239416
18:36:33.168 @T t=186098 s=0.000 lv=-40.9 pk=-39.3 c0=3.6 c1=9.9 kw=9.73 inf=2.40 iv=1.19 n=4 d=0 sk=0 hf=96148 hm=92132 ht=283156 pf=0 pm=0 pt=0 ru=235400 rp=239416
18:36:33.168 @T t=186204 s=0.000 lv=-40.7 pk=-39.3 c0=3.9 c1=10.6 kw=10.43 inf=2.55 iv=1.13 n=4 d=0 sk=0 hf=96148 hm=92132 ht=283156 pf=0 pm=0 pt=0 ru=235400 rp=239416
18:36:33.168 @I ww=marvin cut=0.50 win=5 cool=1000 tick=100 wifi=1 srv=1 li=0 ln=0
18:36:33.168 @T t=186296 s=0.000 lv=-41.2 pk=-40.2 c0=4.9 c1=7.5 kw=7.38 inf=3.11 iv=1.19 n=2 d=0 sk=0 hf=96148 hm=92132 ht=283156 pf=0 pm=0 pt=0 ru=235400 rp=239416
18:36:33.168 @T t=186403 s=0.000 lv=-41.8 pk=-41.1 c0=3.6 c1=10.6 kw=10.40 inf=2.57 iv=1.13 n=4 d=0 sk=0 hf=96148 hm=92132 ht=283156 pf=0 pm=0 pt=0 ru=235400 rp=239416
18:36:33.168 @T t=186489 s=0.000 lv=-41.8 pk=-40.9 c0=4.2 c1=9.3 kw=9.16 inf=2.44 iv=1.15 n=3 d=0 sk=0 hf=96148 hm=92132 ht=283156 pf=0 pm=0 pt=0 ru=235400 rp=239416
18:36:33.176 @T t=186595 s=0.000 lv=-42.8 pk=-41.0 c0=3.5 c1=8.8 kw=8.61 inf=2.81 iv=1.20 n=3 d=0 sk=0 hf=96148 hm=92132 ht=283156 pf=0 pm=0 pt=0 ru=235400 rp=239416
18:36:33.176 @T t=186701 s=0.000 lv=-41.1 pk=-40.3 c0=7.1 c1=10.2 kw=10.21 inf=2.49 iv=1.26 n=4 d=0 sk=0 hf=96148 hm=92132 ht=283156 pf=0 pm=0 pt=0 ru=235400 rp=239416
18:36:33.176 @T t=186787 s=0.000 lv=-41.8 pk=-40.0 c0=4.7 c1=11.6 kw=11.10 inf=2.99 iv=1.26 n=3 d=0 sk=0 hf=96148 hm=92132 ht=283156 pf=0 pm=0 pt=0 ru=235400 rp=239416
18:36:33.176 @T t=186893 s=0.000 lv=-41.9 pk=-40.1 c0=6.7 c1=9.1 kw=8.89 inf=2.90 iv=1.26 n=3 d=0 sk=0 hf=96148 hm=92132 ht=283156 pf=0 pm=0 pt=0 ru=235400 rp=239416
18:36:33.176 @T t=186999 s=0.000 lv=-40.6 pk=-38.2 c0=3.8 c1=10.0 kw=9.81 inf=2.42 iv=1.21 n=4 d=0 sk=0 hf=96148 hm=92132 ht=283156 pf=0 pm=0 pt=0 ru=235400 rp=239416
18:36:33.176 @T t=187105 s=0.000 lv=-41.0 pk=-39.9 c0=3.9 c1=11.0 kw=10.74 inf=2.63 iv=1.18 n=4 d=0 sk=0 hf=96148 hm=92132 ht=283156 pf=0 pm=0 pt=0 ru=235400 rp=239416
18:36:33.176 @T t=187191 s=0.000 lv=-41.5 pk=-39.0 c0=12.4 c1=9.7 kw=8.97 inf=3.55 iv=1.51 n=2 d=0 sk=0 hf=96148 hm=92132 ht=283156 pf=0 pm=0 pt=0 ru=235400 rp=239416
18:36:33.177 @I ww=marvin cut=0.50 win=5 cool=1000 tick=100 wifi=1 srv=1 li=0 ln=0
18:36:33.177 @T t=187302 s=0.000 lv=-41.0 pk=-39.2 c0=10.9 c1=10.3 kw=10.29 inf=2.64 iv=1.18 n=4 d=0 sk=0 hf=96148 hm=92132 ht=283156 pf=0 pm=0 pt=0 ru=235400 rp=239416
18:36:33.177 @T t=187388 s=0.000 lv=-40.8 pk=-40.5 c0=9.4 c1=5.5 kw=5.07 inf=1.90 iv=0.00 n=0 d=0 sk=2 hf=96148 hm=92132 ht=283156 pf=0 pm=0 pt=0 ru=235400 rp=239416
18:36:33.177 @T t=187494 s=0.000 lv=-41.5 pk=-40.1 c0=3.6 c1=5.1 kw=4.99 inf=1.53 iv=0.00 n=0 d=0 sk=3 hf=96148 hm=92132 ht=283156 pf=0 pm=0 pt=0 ru=235400 rp=239416
18:36:33.177 @T t=187600 s=0.000 lv=-42.1 pk=-41.6 c0=3.6 c1=5.1 kw=4.97 inf=1.53 iv=0.00 n=0 d=0 sk=3 hf=96148 hm=92132 ht=283156 pf=0 pm=0 pt=0 ru=235400 rp=239416
18:36:33.177 @T t=187686 s=0.000 lv=-41.2 pk=-39.3 c0=4.3 c1=6.4 kw=6.26 inf=1.56 iv=0.00 n=0 d=0 sk=3 hf=96148 hm=92132 ht=283156 pf=0 pm=0 pt=0 ru=235400 rp=239416
18:36:33.177 @T t=187792 s=0.000 lv=-40.7 pk=-39.5 c0=3.5 c1=5.1 kw=4.98 inf=1.53 iv=0.00 n=0 d=0 sk=3 hf=96148 hm=92132 ht=283156 pf=0 pm=0 pt=0 ru=235400 rp=239416
18:36:33.177 @T t=187898 s=0.000 lv=-40.7 pk=-39.6 c0=3.7 c1=5.1 kw=4.99 inf=1.54 iv=0.00 n=0 d=0 sk=3 hf=96148 hm=92132 ht=283156 pf=0 pm=0 pt=0 ru=235400 rp=239416
18:36:33.177 @T t=188004 s=0.000 lv=-40.3 pk=-39.0 c0=3.6 c1=6.2 kw=5.99 inf=1.38 iv=0.00 n=0 d=0 sk=4 hf=96148 hm=92132 ht=283156 pf=0 pm=0 pt=0 ru=235400 rp=239416
18:36:33.177 @T t=188090 s=0.000 lv=-42.5 pk=-41.4 c0=4.5 c1=5.1 kw=4.97 inf=1.86 iv=0.00 n=0 d=0 sk=2 hf=96148 hm=92132 ht=283156 pf=0 pm=0 pt=0 ru=235400 rp=239416
18:36:33.177 @T t=188196 s=0.000 lv=-40.8 pk=-39.4 c0=3.8 c1=5.1 kw=4.97 inf=1.53 iv=0.00 n=0 d=0 sk=3 hf=96148 hm=92132 ht=283156 pf=0 pm=0 pt=0 ru=235400 rp=239416
18:36:33.177 @I ww=marvin cut=0.50 win=5 cool=1000 tick=100 wifi=1 srv=1 li=0 ln=0
18:36:35.775 @T t=188288 s=0.000 lv=-37.9 pk=-35.3 c0=5.0 c1=17.9 kw=17.68 inf=1.30 iv=0.98 n=11 d=0 sk=1 hf=96148 hm=92132 ht=283156 pf=0 pm=0 pt=0 ru=235400 rp=239416
18:36:35.775 @T t=188394 s=0.000 lv=-39.2 pk=-37.8 c0=4.0 c1=9.9 kw=9.74 inf=2.40 iv=1.19 n=4 d=0 sk=0 hf=96148 hm=92132 ht=283156 pf=0 pm=0 pt=0 ru=235400 rp=239416
18:36:35.775 @T t=188500 s=0.000 lv=-40.2 pk=-39.4 c0=3.5 c1=8.8 kw=8.59 inf=2.80 iv=1.20 n=3 d=0 sk=0 hf=96148 hm=92132 ht=283156 pf=0 pm=0 pt=0 ru=235400 rp=239416
18:36:35.775 @T t=188586 s=0.000 lv=-38.9 pk=-37.3 c0=8.0 c1=10.8 kw=10.60 inf=2.79 iv=1.14 n=3 d=0 sk=0 hf=96148 hm=92132 ht=283156 pf=0 pm=0 pt=0 ru=235400 rp=239416
18:36:35.775 @T t=188692 s=0.000 lv=-38.1 pk=-34.6 c0=3.4 c1=9.4 kw=9.28 inf=2.28 iv=1.10 n=4 d=0 sk=0 hf=96148 hm=92132 ht=283156 pf=0 pm=0 pt=0 ru=235400 rp=239416
18:36:35.775 @T t=188798 s=0.000 lv=-39.6 pk=-36.6 c0=3.8 c1=8.9 kw=8.66 inf=2.82 iv=1.21 n=3 d=0 sk=0 hf=96148 hm=92132 ht=283156 pf=0 pm=0 pt=0 ru=235400 rp=239416
18:36:35.775 @T t=188904 s=0.000 lv=-40.5 pk=-39.1 c0=4.1 c1=11.2 kw=11.01 inf=2.70 iv=1.24 n=4 d=0 sk=0 hf=96148 hm=92132 ht=283156 pf=0 pm=0 pt=0 ru=235400 rp=239416
18:36:35.775 @T t=188990 s=0.000 lv=-40.7 pk=-40.0 c0=4.3 c1=9.5 kw=9.35 inf=2.49 iv=1.21 n=3 d=0 sk=0 hf=96148 hm=92132 ht=283156 pf=0 pm=0 pt=0 ru=235400 rp=239416
18:36:35.775 @T t=189096 s=0.000 lv=-41.1 pk=-40.0 c0=4.0 c1=8.8 kw=8.65 inf=2.82 iv=1.21 n=3 d=0 sk=0 hf=96148 hm=92132 ht=283156 pf=0 pm=0 pt=0 ru=235400 rp=239416
18:36:35.775 @T t=189202 s=0.000 lv=-41.2 pk=-39.4 c0=7.2 c1=10.9 kw=9.59 inf=3.09 iv=1.39 n=3 d=0 sk=0 hf=96148 hm=92132 ht=283156 pf=0 pm=0 pt=0 ru=235400 rp=239416
18:36:35.775 @I ww=marvin cut=0.50 win=5 cool=1000 tick=100 wifi=1 srv=1 li=0 ln=0
18:36:35.775 @T t=189297 s=0.000 lv=-41.9 pk=-41.3 c0=4.7 c1=10.8 kw=11.44 inf=2.58 iv=1.32 n=4 d=0 sk=0 hf=96148 hm=92132 ht=283156 pf=0 pm=0 pt=0 ru=235400 rp=239416
18:36:35.775 @T t=189403 s=0.000 lv=-41.2 pk=-39.2 c0=4.5 c1=11.0 kw=9.06 inf=2.91 iv=1.29 n=3 d=0 sk=0 hf=96148 hm=92132 ht=283156 pf=0 pm=0 pt=0 ru=235400 rp=239416
18:36:35.775 @T t=189490 s=0.000 lv=-40.8 pk=-39.2 c0=8.1 c1=9.5 kw=10.82 inf=2.95 iv=1.32 n=3 d=0 sk=0 hf=96148 hm=92132 ht=283156 pf=0 pm=0 pt=0 ru=235400 rp=239416
18:36:35.775 @T t=189596 s=0.000 lv=-41.9 pk=-40.5 c0=3.8 c1=9.7 kw=9.55 inf=2.35 iv=1.15 n=4 d=0 sk=0 hf=96148 hm=92132 ht=283156 pf=0 pm=0 pt=0 ru=235400 rp=239416
18:36:35.775 @T t=189702 s=0.000 lv=-41.0 pk=-39.9 c0=3.8 c1=9.4 kw=8.47 inf=2.71 iv=1.12 n=3 d=0 sk=0 hf=96148 hm=92132 ht=283156 pf=0 pm=0 pt=0 ru=235400 rp=239416
18:36:35.775 @T t=189790 s=0.000 lv=-41.2 pk=-38.2 c0=3.8 c1=10.0 kw=10.70 inf=2.95 iv=1.34 n=3 d=0 sk=0 hf=96148 hm=92132 ht=283156 pf=0 pm=0 pt=0 ru=235400 rp=239416
18:36:35.775 @T t=189896 s=0.000 lv=-41.6 pk=-40.2 c0=4.0 c1=9.6 kw=9.42 inf=2.32 iv=1.12 n=4 d=0 sk=0 hf=96148 hm=92132 ht=283156 pf=0 pm=0 pt=0 ru=235400 rp=239416
18:36:35.775 @T t=190002 s=0.000 lv=-40.2 pk=-36.8 c0=6.7 c1=9.4 kw=8.45 inf=2.71 iv=1.11 n=3 d=0 sk=0 hf=96148 hm=92132 ht=283156 pf=0 pm=0 pt=0 ru=235400 rp=239416
18:36:35.775 @T t=190088 s=0.000 lv=-41.2 pk=-40.4 c0=4.8 c1=10.0 kw=10.74 inf=2.89 iv=1.29 n=3 d=0 sk=0 hf=96148 hm=92132 ht=283156 pf=0 pm=0 pt=0 ru=235400 rp=239416
18:36:35.775 @T t=190194 s=0.000 lv=-41.8 pk=-40.7 c0=4.3 c1=10.1 kw=9.83 inf=2.42 iv=1.20 n=4 d=0 sk=0 hf=96148 hm=92132 ht=283156 pf=0 pm=0 pt=0 ru=235400 rp=239416
18:36:35.775 @I ww=marvin cut=0.50 win=5 cool=1000 tick=100 wifi=1 srv=1 li=0 ln=0
18:36:35.775 @T t=190286 s=0.000 lv=-42.2 pk=-41.5 c0=13.6 c1=6.0 kw=5.82 inf=2.33 iv=0.00 n=0 d=0 sk=2 hf=96148 hm=92132 ht=283156 pf=0 pm=0 pt=0 ru=235400 rp=239416
18:36:35.775 @T t=190392 s=0.000 lv=-41.1 pk=-40.3 c0=6.8 c1=5.1 kw=4.93 inf=1.52 iv=0.00 n=0 d=0 sk=3 hf=96148 hm=92132 ht=283156 pf=0 pm=0 pt=0 ru=235400 rp=239416
18:36:35.775 @T t=190498 s=0.000 lv=-40.6 pk=-40.2 c0=3.6 c1=5.1 kw=5.00 inf=1.54 iv=0.00 n=0 d=0 sk=3 hf=96148 hm=92132 ht=283156 pf=0 pm=0 pt=0 ru=235400 rp=239416
18:36:35.775 @T t=190604 s=0.000 lv=-41.2 pk=-38.9 c0=3.2 c1=6.1 kw=5.93 inf=1.37 iv=0.00 n=0 d=0 sk=4 hf=96148 hm=92132 ht=283156 pf=0 pm=0 pt=0 ru=235400 rp=239416
18:36:35.775 @T t=190690 s=0.000 lv=-41.4 pk=-40.3 c0=8.1 c1=5.1 kw=4.89 inf=1.83 iv=0.00 n=0 d=0 sk=2 hf=96148 hm=92132 ht=283156 pf=0 pm=0 pt=0 ru=235400 rp=239416
18:36:35.775 @T t=190796 s=0.000 lv=-42.2 pk=-40.7 c0=3.2 c1=5.1 kw=4.96 inf=1.53 iv=0.00 n=0 d=0 sk=3 hf=96148 hm=92132 ht=283156 pf=0 pm=0 pt=0 ru=235400 rp=239416
18:36:37.871 @T t=190902 s=0.000 lv=-40.7 pk=-38.9 c0=6.5 c1=5.9 kw=5.90 inf=1.36 iv=0.00 n=0 d=0 sk=4 hf=96148 hm=92132 ht=283156 pf=0 pm=0 pt=0 ru=235400 rp=239416
18:36:37.871 @T t=190988 s=0.000 lv=-40.7 pk=-40.3 c0=3.8 c1=5.2 kw=4.88 inf=1.83 iv=0.00 n=0 d=0 sk=2 hf=96148 hm=92132 ht=283156 pf=0 pm=0 pt=0 ru=235400 rp=239416
18:36:37.871 @T t=191094 s=0.000 lv=-41.0 pk=-40.4 c0=3.1 c1=5.1 kw=4.93 inf=1.52 iv=0.00 n=0 d=0 sk=3 hf=96148 hm=92132 ht=283156 pf=0 pm=0 pt=0 ru=235400 rp=239416
18:36:37.871 @T t=191200 s=0.000 lv=-40.3 pk=-39.9 c0=5.2 c1=5.2 kw=5.03 inf=1.54 iv=0.00 n=0 d=0 sk=3 hf=94384 hm=92132 ht=283156 pf=0 pm=0 pt=0 ru=237164 rp=239416
18:36:37.871 @I ww=marvin cut=0.50 win=5 cool=1000 tick=100 wifi=1 srv=1 li=0 ln=0
18:36:37.871 [status] up 191s | mic -40.4 dBFS (peak -34.6) | score max 0.00 | detections 0 | inferences 144 (14.4/s; model 1.18 ms each, paused in quiet 56%; features 1.42 ms per 30 ms) | CPU core0  5.4% core1  7.3% (wake word pipeline 7.08% of one core) | RAM used 229 KB (peak 233 KB, 93 KB free) | wifi OK, server OK | audio lost since boot: i2s 0 net 0
18:36:37.871 [tasks] % of one core (free stack): main@0=4.57(1936) IDLE1@1=92.94(720) IDLE0@0=94.95(728) websocket_task@*=0.16(1468) audio_kws@1=7.04(1344) tiT@*=0.09(1956) ipc1@1=0.00(536) esp_timer@0=0.01(3136) streamer@0=0.00(2944) sys_evt@0=0.00(444) wifi@0=0.20(3208) ipc0@0=0.00(528) Tmr Svc@*=0.00(1368)
18:36:37.871 @T t=191345 s=0.000 lv=-40.0 pk=-37.8 c0=39.8 c1=6.7 kw=6.10 inf=1.54 iv=0.00 n=0 d=0 sk=5 hf=96148 hm=92132 ht=283156 pf=0 pm=0 pt=0 ru=235400 rp=239416
18:36:37.871 @T t=191391 s=0.000 lv=-42.3 pk=-41.2 c0=7.4 c1=4.8 kw=4.70 inf=1.88 iv=0.00 n=0 d=0 sk=1 hf=96148 hm=92132 ht=283156 pf=0 pm=0 pt=0 ru=235400 rp=239416
18:36:37.871 @T t=191497 s=0.000 lv=-41.3 pk=-39.8 c0=6.7 c1=5.1 kw=4.97 inf=1.53 iv=0.00 n=0 d=0 sk=3 hf=96148 hm=92132 ht=283156 pf=0 pm=0 pt=0 ru=235400 rp=239416
18:36:37.871 @T t=191603 s=0.000 lv=-41.1 pk=-40.2 c0=3.3 c1=6.1 kw=5.95 inf=1.37 iv=0.00 n=0 d=0 sk=4 hf=96148 hm=92132 ht=283156 pf=0 pm=0 pt=0 ru=235400 rp=239416
18:36:37.871 @T t=191689 s=0.000 lv=-39.9 pk=-38.6 c0=3.8 c1=5.0 kw=4.92 inf=1.84 iv=0.00 n=0 d=0 sk=2 hf=96148 hm=92132 ht=283156 pf=0 pm=0 pt=0 ru=235400 rp=239416
18:36:37.871 @T t=191795 s=0.000 lv=-40.8 pk=-39.4 c0=6.3 c1=5.1 kw=4.92 inf=1.51 iv=0.00 n=0 d=0 sk=3 hf=96148 hm=92132 ht=283156 pf=0 pm=0 pt=0 ru=235400 rp=239416
18:36:37.871 @T t=191901 s=0.000 lv=-40.7 pk=-39.8 c0=3.2 c1=5.0 kw=5.08 inf=1.52 iv=0.00 n=0 d=0 sk=3 hf=96148 hm=92132 ht=283156 pf=0 pm=0 pt=0 ru=235400 rp=239416
18:36:37.871 @T t=191987 s=0.000 lv=-39.1 pk=-37.2 c0=3.8 c1=6.6 kw=6.16 inf=1.58 iv=0.00 n=0 d=0 sk=3 hf=96148 hm=92132 ht=283156 pf=0 pm=0 pt=0 ru=235400 rp=239416
18:36:37.872 @T t=192093 s=0.000 lv=-39.4 pk=-37.6 c0=6.4 c1=5.1 kw=4.94 inf=1.52 iv=0.00 n=0 d=0 sk=3 hf=96148 hm=92132 ht=283156 pf=0 pm=0 pt=0 ru=235400 rp=239416
18:36:37.872 @T t=192199 s=0.000 lv=-39.5 pk=-37.2 c0=3.1 c1=5.1 kw=4.94 inf=1.52 iv=0.00 n=0 d=0 sk=3 hf=96148 hm=92132 ht=283156 pf=0 pm=0 pt=0 ru=235400 rp=239416
18:36:37.872 @I ww=marvin cut=0.50 win=5 cool=1000 tick=100 wifi=1 srv=1 li=0 ln=0
18:36:37.872 @T t=192291 s=0.000 lv=-40.7 pk=-39.3 c0=5.0 c1=5.9 kw=5.71 inf=1.53 iv=0.00 n=0 d=0 sk=3 hf=96148 hm=92132 ht=283156 pf=0 pm=0 pt=0 ru=235400 rp=239416
18:36:37.872 @T t=192397 s=0.000 lv=-41.0 pk=-39.3 c0=3.2 c1=5.1 kw=4.94 inf=1.52 iv=0.00 n=0 d=0 sk=3 hf=96148 hm=92132 ht=283156 pf=0 pm=0 pt=0 ru=235400 rp=239416
18:36:37.872 @T t=192503 s=0.000 lv=-39.4 pk=-38.0 c0=3.1 c1=6.1 kw=5.94 inf=1.37 iv=0.00 n=0 d=0 sk=4 hf=96148 hm=92132 ht=283156 pf=0 pm=0 pt=0 ru=235400 rp=239416
18:36:37.872 @T t=192589 s=0.000 lv=-41.1 pk=-40.5 c0=8.2 c1=5.1 kw=4.91 inf=1.84 iv=0.00 n=0 d=0 sk=2 hf=96148 hm=92132 ht=283156 pf=0 pm=0 pt=0 ru=235400 rp=239416
18:36:37.872 @T t=192695 s=0.000 lv=-40.2 pk=-39.0 c0=3.2 c1=5.1 kw=4.95 inf=1.52 iv=0.00 n=0 d=0 sk=3 hf=96148 hm=92132 ht=283156 pf=0 pm=0 pt=0 ru=235400 rp=239416
18:36:37.872 @T t=192801 s=0.000 lv=-40.2 pk=-39.0 c0=6.3 c1=5.0 kw=5.07 inf=1.52 iv=0.00 n=0 d=0 sk=3 hf=96148 hm=92132 ht=283156 pf=0 pm=0 pt=0 ru=235400 rp=239416
18:36:37.872 @T t=192887 s=0.000 lv=-38.5 pk=-37.9 c0=8.0 c1=6.6 kw=6.15 inf=1.58 iv=0.00 n=0 d=0 sk=3 hf=96148 hm=92132 ht=283156 pf=0 pm=0 pt=0 ru=235400 rp=239416
18:36:40.381 @T t=192993 s=0.000 lv=-39.7 pk=-38.1 c0=3.1 c1=5.0 kw=4.91 inf=1.51 iv=0.00 n=0 d=0 sk=3 hf=96148 hm=92132 ht=283156 pf=0 pm=0 pt=0 ru=235400 rp=239416
18:36:40.382 @T t=193099 s=0.000 lv=-39.5 pk=-37.3 c0=6.4 c1=5.1 kw=4.93 inf=1.52 iv=0.00 n=0 d=0 sk=3 hf=96148 hm=92132 ht=283156 pf=0 pm=0 pt=0 ru=235400 rp=239416
18:36:40.382 @T t=193205 s=0.000 lv=-38.3 pk=-36.0 c0=3.1 c1=6.1 kw=5.92 inf=1.37 iv=0.00 n=0 d=0 sk=4 hf=96148 hm=92132 ht=283156 pf=0 pm=0 pt=0 ru=235400 rp=239416
18:36:40.383 @I ww=marvin cut=0.50 win=5 cool=1000 tick=100 wifi=1 srv=1 li=0 ln=0
18:36:40.383 @T t=193297 s=0.000 lv=-39.3 pk=-38.9 c0=8.5 c1=5.3 kw=4.72 inf=1.89 iv=0.00 n=0 d=0 sk=2 hf=96148 hm=92132 ht=283156 pf=0 pm=0 pt=0 ru=235400 rp=239416
18:36:40.383 @T t=193403 s=0.000 lv=-39.3 pk=-38.0 c0=4.3 c1=6.2 kw=6.03 inf=1.39 iv=0.00 n=0 d=0 sk=4 hf=96148 hm=92132 ht=283156 pf=0 pm=0 pt=0 ru=235400 rp=239416
18:36:40.383 @T t=193489 s=0.000 lv=-39.0 pk=-37.8 c0=4.0 c1=5.1 kw=4.95 inf=1.85 iv=0.00 n=0 d=0 sk=2 hf=96148 hm=92132 ht=283156 pf=0 pm=0 pt=0 ru=235400 rp=239416
18:36:40.383 @T t=193595 s=0.000 lv=-40.3 pk=-39.5 c0=3.1 c1=5.1 kw=4.92 inf=1.51 iv=0.00 n=0 d=0 sk=3 hf=96148 hm=92132 ht=283156 pf=0 pm=0 pt=0 ru=235400 rp=239416
18:36:40.383 @T t=193701 s=0.000 lv=-40.6 pk=-39.6 c0=3.4 c1=5.0 kw=5.06 inf=1.52 iv=0.00 n=0 d=0 sk=3 hf=96148 hm=92132 ht=283156 pf=0 pm=0 pt=0 ru=235400 rp=239416
18:36:40.384 @T t=193787 s=0.000 lv=-40.8 pk=-39.9 c0=3.9 c1=6.7 kw=6.23 inf=1.61 iv=0.00 n=0 d=0 sk=3 hf=96148 hm=92132 ht=283156 pf=0 pm=0 pt=0 ru=235400 rp=239416
18:36:40.384 @T t=193893 s=0.000 lv=-39.7 pk=-38.3 c0=6.5 c1=5.0 kw=4.93 inf=1.52 iv=0.00 n=0 d=0 sk=3 hf=96148 hm=92132 ht=283156 pf=0 pm=0 pt=0 ru=235400 rp=239416
18:36:40.384 @T t=193999 s=0.000 lv=-40.5 pk=-39.4 c0=3.1 c1=5.1 kw=4.93 inf=1.52 iv=0.00 n=0 d=0 sk=3 hf=96148 hm=92132 ht=283156 pf=0 pm=0 pt=0 ru=235400 rp=239416
18:36:40.384 @T t=194105 s=0.000 lv=-39.5 pk=-38.1 c0=6.4 c1=6.1 kw=5.89 inf=1.36 iv=0.00 n=0 d=0 sk=4 hf=96148 hm=92132 ht=283156 pf=0 pm=0 pt=0 ru=235400 rp=239416
18:36:40.384 @T t=194191 s=0.000 lv=-40.0 pk=-39.2 c0=3.7 c1=5.0 kw=4.90 inf=1.83 iv=0.00 n=0 d=0 sk=2 hf=96148 hm=92132 ht=283156 pf=0 pm=0 pt=0 ru=235400 rp=239416
18:36:40.384 @I ww=marvin cut=0.50 win=5 cool=1000 tick=100 wifi=1 srv=1 li=0 ln=0
18:36:40.384 @T t=194303 s=0.000 lv=-40.2 pk=-38.6 c0=4.6 c1=5.8 kw=5.58 inf=1.36 iv=0.00 n=0 d=0 sk=4 hf=96148 hm=92132 ht=283156 pf=0 pm=0 pt=0 ru=235400 rp=239416
18:36:40.384 @T t=194389 s=0.000 lv=-38.9 pk=-37.7 c0=3.9 c1=5.0 kw=4.90 inf=1.83 iv=0.00 n=0 d=0 sk=2 hf=96148 hm=92132 ht=283156 pf=0 pm=0 pt=0 ru=235400 rp=239416
18:36:40.384 @T t=194495 s=0.000 lv=-40.2 pk=-38.9 c0=6.3 c1=5.1 kw=4.93 inf=1.52 iv=0.00 n=0 d=0 sk=3 hf=96148 hm=92132 ht=283156 pf=0 pm=0 pt=0 ru=235400 rp=239416
18:36:40.384 @T t=194601 s=0.000 lv=-40.4 pk=-38.7 c0=6.4 c1=5.0 kw=5.06 inf=1.52 iv=0.00 n=0 d=0 sk=3 hf=96148 hm=92132 ht=283156 pf=0 pm=0 pt=0 ru=235400 rp=239416
18:36:40.384 @T t=194687 s=0.000 lv=-40.0 pk=-38.2 c0=3.7 c1=6.6 kw=6.16 inf=1.59 iv=0.00 n=0 d=0 sk=3 hf=96148 hm=92132 ht=283156 pf=0 pm=0 pt=0 ru=235400 rp=239416
18:36:40.384 @T t=194793 s=0.000 lv=-41.3 pk=-40.4 c0=3.0 c1=5.0 kw=4.90 inf=1.51 iv=0.00 n=0 d=0 sk=3 hf=96148 hm=92132 ht=283156 pf=0 pm=0 pt=0 ru=235400 rp=239416
18:36:40.384 @T t=194899 s=0.000 lv=-41.3 pk=-40.4 c0=3.5 c1=5.1 kw=4.95 inf=1.52 iv=0.00 n=0 d=0 sk=3 hf=96148 hm=92132 ht=283156 pf=0 pm=0 pt=0 ru=235400 rp=239416
18:36:40.384 @T t=195005 s=0.000 lv=-39.1 pk=-37.6 c0=3.3 c1=6.1 kw=5.98 inf=1.38 iv=0.00 n=0 d=0 sk=4 hf=96148 hm=92132 ht=283156 pf=0 pm=0 pt=0 ru=235400 rp=239416
18:36:40.385 @T t=195091 s=0.000 lv=-41.3 pk=-40.2 c0=8.0 c1=5.0 kw=4.85 inf=1.82 iv=0.00 n=0 d=0 sk=2 hf=96148 hm=92132 ht=283156 pf=0 pm=0 pt=0 ru=235400 rp=239416
18:36:40.385 @T t=195197 s=0.000 lv=-40.5 pk=-39.2 c0=3.1 c1=5.1 kw=4.95 inf=1.52 iv=0.00 n=0 d=0 sk=3 hf=96148 hm=92132 ht=283156 pf=0 pm=0 pt=0 ru=235400 rp=239416
18:36:40.385 @I ww=marvin cut=0.50 win=5 cool=1000 tick=100 wifi=1 srv=1 li=0 ln=0
18:36:40.385 @T t=195289 s=0.000 lv=-39.1 pk=-37.6 c0=13.3 c1=5.9 kw=5.69 inf=1.52 iv=0.00 n=0 d=0 sk=3 hf=96148 hm=92132 ht=283156 pf=0 pm=0 pt=0 ru=235400 rp=239416
18:36:40.385 @T t=195396 s=0.000 lv=-38.2 pk=-36.4 c0=9.2 c1=5.6 kw=5.08 inf=1.58 iv=0.00 n=0 d=0 sk=3 hf=96148 hm=92132 ht=283156 pf=0 pm=0 pt=0 ru=235400 rp=239416
18:36:42.964 @T t=195502 s=0.000 lv=-39.5 pk=-38.0 c0=3.4 c1=5.9 kw=5.94 inf=1.37 iv=0.00 n=0 d=0 sk=4 hf=96148 hm=92132 ht=283156 pf=0 pm=0 pt=0 ru=235400 rp=239416
18:36:42.964 @T t=195588 s=0.000 lv=-37.6 pk=-34.9 c0=8.5 c1=12.1 kw=3.83 inf=0.34 iv=0.00 n=6 d=0 sk=2 hf=95952 hm=92132 ht=283156 pf=0 pm=0 pt=0 ru=235596 rp=239416
18:36:42.964 @T t=195694 s=0.000 lv=-37.1 pk=-34.9 c0=4.3 c1=13.3 kw=19.50 inf=2.85 iv=2.01 n=7 d=0 sk=0 hf=96148 hm=92132 ht=283156 pf=0 pm=0 pt=0 ru=235400 rp=239416
18:36:42.964 @T t=195800 s=0.000 lv=-36.4 pk=-33.5 c0=3.5 c1=9.5 kw=9.32 inf=2.30 iv=1.10 n=4 d=0 sk=0 hf=96148 hm=92132 ht=283156 pf=0 pm=0 pt=0 ru=235400 rp=239416
18:36:42.964 @T t=195886 s=0.000 lv=-38.6 pk=-36.9 c0=5.0 c1=11.4 kw=11.10 inf=2.93 iv=1.29 n=3 d=0 sk=0 hf=96148 hm=92132 ht=283156 pf=0 pm=0 pt=0 ru=235400 rp=239416
18:36:42.965 @T t=195992 s=0.000 lv=-38.0 pk=-34.6 c0=6.1 c1=8.6 kw=8.46 inf=2.76 iv=1.16 n=3 d=0 sk=0 hf=96148 hm=92132 ht=283156 pf=0 pm=0 pt=0 ru=235400 rp=239416
18:36:42.965 @T t=196098 s=0.000 lv=-38.0 pk=-36.3 c0=3.6 c1=9.9 kw=9.73 inf=2.40 iv=1.19 n=4 d=0 sk=0 hf=96148 hm=92132 ht=283156 pf=0 pm=0 pt=0 ru=235400 rp=239416
18:36:42.965 @T t=196204 s=0.000 lv=-40.2 pk=-39.0 c0=3.4 c1=10.8 kw=10.60 inf=2.60 iv=1.16 n=4 d=0 sk=0 hf=96148 hm=92132 ht=283156 pf=0 pm=0 pt=0 ru=235400 rp=239416
18:36:42.965 @I ww=marvin cut=0.50 win=5 cool=1000 tick=100 wifi=1 srv=1 li=0 ln=0
18:36:42.965 @T t=196296 s=0.000 lv=-39.4 pk=-38.6 c0=4.8 c1=7.7 kw=7.57 inf=3.20 iv=1.27 n=2 d=0 sk=0 hf=96148 hm=92132 ht=283156 pf=0 pm=0 pt=0 ru=235400 rp=239416
18:36:42.965 @T t=196403 s=0.000 lv=-39.5 pk=-39.0 c0=4.1 c1=11.2 kw=10.95 inf=2.72 iv=1.25 n=4 d=0 sk=0 hf=96148 hm=92132 ht=283156 pf=0 pm=0 pt=0 ru=235400 rp=239416
18:36:42.965 @T t=196489 s=0.000 lv=-40.6 pk=-39.0 c0=4.7 c1=9.9 kw=9.73 inf=2.60 iv=1.28 n=3 d=0 sk=0 hf=96148 hm=92132 ht=283156 pf=0 pm=0 pt=0 ru=235400 rp=239416
18:36:42.965 @T t=196595 s=0.000 lv=-40.0 pk=-38.3 c0=7.1 c1=9.1 kw=8.93 inf=2.92 iv=1.29 n=3 d=0 sk=0 hf=96148 hm=92132 ht=283156 pf=0 pm=0 pt=0 ru=235400 rp=239416
18:36:42.965 @T t=196701 s=0.000 lv=-38.7 pk=-37.9 c0=3.5 c1=9.7 kw=9.76 inf=2.38 iv=1.17 n=4 d=0 sk=0 hf=96148 hm=92132 ht=283156 pf=0 pm=0 pt=0 ru=235400 rp=239416
18:36:42.965 @T t=196787 s=0.000 lv=-37.9 pk=-37.1 c0=4.2 c1=11.1 kw=10.63 inf=2.86 iv=1.17 n=3 d=0 sk=0 hf=96148 hm=92132 ht=283156 pf=0 pm=0 pt=0 ru=235400 rp=239416
18:36:42.965 @T t=196893 s=0.000 lv=-39.4 pk=-38.7 c0=6.8 c1=8.6 kw=8.40 inf=2.74 iv=1.14 n=3 d=0 sk=0 hf=96148 hm=92132 ht=283156 pf=0 pm=0 pt=0 ru=235400 rp=239416
18:36:42.965 @T t=196999 s=0.000 lv=-39.6 pk=-38.5 c0=3.4 c1=9.5 kw=9.31 inf=2.29 iv=1.10 n=4 d=0 sk=0 hf=96148 hm=92132 ht=283156 pf=0 pm=0 pt=0 ru=235400 rp=239416
18:36:42.965 @T t=197105 s=0.000 lv=-40.3 pk=-38.8 c0=3.6 c1=10.5 kw=10.33 inf=2.53 iv=1.11 n=4 d=0 sk=0 hf=96148 hm=92132 ht=283156 pf=0 pm=0 pt=0 ru=235400 rp=239416
18:36:42.965 @T t=197191 s=0.000 lv=-38.9 pk=-37.9 c0=4.2 c1=8.0 kw=7.87 inf=3.11 iv=1.18 n=2 d=0 sk=0 hf=96148 hm=92132 ht=283156 pf=0 pm=0 pt=0 ru=235400 rp=239416
18:36:42.965 @I ww=marvin cut=0.50 win=5 cool=1000 tick=100 wifi=1 srv=1 li=0 ln=0
18:36:42.966 @T t=197303 s=0.000 lv=-39.4 pk=-37.4 c0=4.0 c1=10.0 kw=9.83 inf=2.54 iv=1.11 n=4 d=0 sk=0 hf=96148 hm=92132 ht=283156 pf=0 pm=0 pt=0 ru=235400 rp=239416
18:36:42.966 @T t=197389 s=0.000 lv=-39.4 pk=-38.6 c0=9.2 c1=10.9 kw=10.27 inf=2.75 iv=1.40 n=3 d=0 sk=0 hf=96148 hm=92132 ht=283156 pf=0 pm=0 pt=0 ru=235400 rp=239416
18:36:42.966 @T t=197495 s=0.000 lv=-40.7 pk=-39.8 c0=3.8 c1=8.6 kw=8.40 inf=2.74 iv=1.14 n=3 d=0 sk=0 hf=96148 hm=92132 ht=283156 pf=0 pm=0 pt=0 ru=235400 rp=239416
18:36:42.966 @T t=197601 s=0.000 lv=-40.0 pk=-39.2 c0=4.1 c1=6.6 kw=6.68 inf=2.08 iv=1.47 n=1 d=0 sk=2 hf=96148 hm=92132 ht=283156 pf=0 pm=0 pt=0 ru=235400 rp=239416
18:36:42.966 @T t=197687 s=0.000 lv=-40.6 pk=-38.9 c0=7.4 c1=6.7 kw=6.30 inf=1.62 iv=0.00 n=0 d=0 sk=3 hf=96148 hm=92132 ht=283156 pf=0 pm=0 pt=0 ru=235400 rp=239416
18:36:42.966 @T t=197793 s=0.000 lv=-40.2 pk=-38.9 c0=3.0 c1=5.1 kw=4.92 inf=1.51 iv=0.00 n=0 d=0 sk=3 hf=96148 hm=92132 ht=283156 pf=0 pm=0 pt=0 ru=235400 rp=239416
18:36:42.966 @T t=197899 s=0.000 lv=-41.6 pk=-38.6 c0=3.2 c1=5.1 kw=4.95 inf=1.52 iv=0.00 n=0 d=0 sk=3 hf=96148 hm=92132 ht=283156 pf=0 pm=0 pt=0 ru=235400 rp=239416
18:36:42.966 @T t=198005 s=0.000 lv=-40.9 pk=-39.8 c0=3.1 c1=6.1 kw=5.92 inf=1.37 iv=0.00 n=0 d=0 sk=4 hf=96148 hm=92132 ht=283156 pf=0 pm=0 pt=0 ru=235400 rp=239416
18:36:45.479 @T t=198091 s=0.000 lv=-39.8 pk=-38.6 c0=3.9 c1=5.0 kw=4.87 inf=1.82 iv=0.00 n=0 d=0 sk=2 hf=96148 hm=92132 ht=283156 pf=0 pm=0 pt=0 ru=235400 rp=239416
18:36:45.479 @T t=198197 s=0.000 lv=-39.8 pk=-38.3 c0=6.3 c1=5.1 kw=4.94 inf=1.52 iv=0.00 n=0 d=0 sk=3 hf=96148 hm=92132 ht=283156 pf=0 pm=0 pt=0 ru=235400 rp=239416
18:36:45.479 @I ww=marvin cut=0.50 win=5 cool=1000 tick=100 wifi=1 srv=1 li=0 ln=0
18:36:45.480 @T t=198289 s=0.000 lv=-40.7 pk=-39.2 c0=13.3 c1=5.9 kw=5.70 inf=1.52 iv=0.00 n=0 d=0 sk=3 hf=96148 hm=92132 ht=283156 pf=0 pm=0 pt=0 ru=235400 rp=239416
18:36:45.480 @T t=198395 s=0.000 lv=-39.3 pk=-36.8 c0=3.6 c1=5.1 kw=4.92 inf=1.52 iv=0.00 n=0 d=0 sk=3 hf=96148 hm=92132 ht=283156 pf=0 pm=0 pt=0 ru=235400 rp=239416
18:36:45.480 @T t=198501 s=0.000 lv=-41.7 pk=-39.9 c0=3.2 c1=5.0 kw=5.07 inf=1.52 iv=0.00 n=0 d=0 sk=3 hf=96148 hm=92132 ht=283156 pf=0 pm=0 pt=0 ru=235400 rp=239416
18:36:45.480 @T t=198587 s=0.000 lv=-42.2 pk=-40.4 c0=3.8 c1=6.6 kw=6.16 inf=1.59 iv=0.00 n=0 d=0 sk=3 hf=96148 hm=92132 ht=283156 pf=0 pm=0 pt=0 ru=235400 rp=239416
18:36:45.481 @T t=198693 s=0.000 lv=-41.0 pk=-40.0 c0=6.7 c1=5.1 kw=4.96 inf=1.53 iv=0.00 n=0 d=0 sk=3 hf=96148 hm=92132 ht=283156 pf=0 pm=0 pt=0 ru=235400 rp=239416
18:36:45.481 @T t=198799 s=0.000 lv=-42.2 pk=-41.4 c0=3.2 c1=5.1 kw=4.98 inf=1.53 iv=0.00 n=0 d=0 sk=3 hf=96148 hm=92132 ht=283156 pf=0 pm=0 pt=0 ru=235400 rp=239416
18:36:45.481 @T t=198905 s=0.000 lv=-40.4 pk=-39.2 c0=3.4 c1=6.3 kw=5.95 inf=1.37 iv=0.00 n=0 d=0 sk=4 hf=96148 hm=92132 ht=283156 pf=0 pm=0 pt=0 ru=235400 rp=239416
18:36:45.482 @T t=198991 s=0.000 lv=-39.3 pk=-37.5 c0=3.9 c1=5.1 kw=4.94 inf=1.85 iv=0.00 n=0 d=0 sk=2 hf=96148 hm=92132 ht=283156 pf=0 pm=0 pt=0 ru=235400 rp=239416
18:36:45.482 @T t=199097 s=0.000 lv=-40.8 pk=-39.3 c0=6.5 c1=5.1 kw=4.92 inf=1.51 iv=0.00 n=0 d=0 sk=3 hf=96148 hm=92132 ht=283156 pf=0 pm=0 pt=0 ru=235400 rp=239416
18:36:45.482 @T t=199203 s=0.000 lv=-39.9 pk=-38.3 c0=6.4 c1=6.1 kw=5.93 inf=1.37 iv=0.00 n=0 d=0 sk=4 hf=96148 hm=92132 ht=283156 pf=0 pm=0 pt=0 ru=235400 rp=239416
18:36:45.482 @I ww=marvin cut=0.50 win=5 cool=1000 tick=100 wifi=1 srv=1 li=0 ln=0
18:36:45.482 @T t=199295 s=0.000 lv=-39.3 pk=-37.6 c0=13.3 c1=4.7 kw=4.56 inf=1.83 iv=0.00 n=0 d=0 sk=2 hf=96148 hm=92132 ht=283156 pf=0 pm=0 pt=0 ru=235400 rp=239416
18:36:45.483 @T t=199401 s=0.000 lv=-39.7 pk=-39.0 c0=8.3 c1=5.0 kw=5.08 inf=1.52 iv=0.00 n=0 d=0 sk=3 hf=94384 hm=92132 ht=283156 pf=0 pm=0 pt=0 ru=237164 rp=239416
18:36:45.483 @T t=199487 s=0.000 lv=-40.5 pk=-38.8 c0=6.4 c1=7.5 kw=6.53 inf=1.68 iv=0.00 n=0 d=0 sk=3 hf=96148 hm=92132 ht=283156 pf=0 pm=0 pt=0 ru=235400 rp=239416
18:36:45.483 @T t=199593 s=0.000 lv=-41.1 pk=-40.1 c0=7.4 c1=5.2 kw=5.01 inf=1.54 iv=0.00 n=0 d=0 sk=3 hf=95952 hm=92132 ht=283156 pf=0 pm=0 pt=0 ru=235596 rp=239416
18:36:45.483 @T t=199700 s=0.000 lv=-39.9 pk=-38.1 c0=3.9 c1=5.0 kw=4.93 inf=1.53 iv=0.00 n=0 d=0 sk=3 hf=96148 hm=92132 ht=283156 pf=0 pm=0 pt=0 ru=235400 rp=239416
18:36:45.483 @T t=199786 s=0.000 lv=-40.4 pk=-39.3 c0=8.3 c1=6.5 kw=6.26 inf=1.56 iv=0.00 n=0 d=0 sk=3 hf=96148 hm=92132 ht=283156 pf=0 pm=0 pt=0 ru=235400 rp=239416
18:36:45.484 @T t=199892 s=0.000 lv=-42.0 pk=-41.0 c0=3.7 c1=5.3 kw=4.99 inf=1.54 iv=0.00 n=0 d=0 sk=3 hf=96148 hm=92132 ht=283156 pf=0 pm=0 pt=0 ru=235400 rp=239416
18:36:45.484 @T t=199998 s=0.000 lv=-40.6 pk=-38.3 c0=3.2 c1=5.1 kw=4.95 inf=1.52 iv=0.00 n=0 d=0 sk=3 hf=96148 hm=92132 ht=283156 pf=0 pm=0 pt=0 ru=235400 rp=239416
18:36:45.485 @T t=200104 s=0.000 lv=-40.3 pk=-38.8 c0=3.2 c1=6.1 kw=5.94 inf=1.37 iv=0.00 n=0 d=0 sk=4 hf=96148 hm=92132 ht=283156 pf=0 pm=0 pt=0 ru=235400 rp=239416
18:36:45.485 @T t=200190 s=0.000 lv=-40.5 pk=-39.4 c0=3.8 c1=5.0 kw=4.86 inf=1.82 iv=0.00 n=0 d=0 sk=2 hf=96148 hm=92132 ht=283156 pf=0 pm=0 pt=0 ru=235400 rp=239416
18:36:45.485 @I ww=marvin cut=0.50 win=5 cool=1000 tick=100 wifi=1 srv=1 li=0 ln=0
18:36:45.485 @T t=200302 s=0.000 lv=-38.8 pk=-37.5 c0=11.0 c1=5.6 kw=5.59 inf=1.36 iv=0.00 n=0 d=0 sk=4 hf=96148 hm=92132 ht=283156 pf=0 pm=0 pt=0 ru=235400 rp=239416
18:36:45.485 @T t=200388 s=0.000 lv=-40.0 pk=-38.8 c0=3.9 c1=5.2 kw=4.90 inf=1.84 iv=0.00 n=0 d=0 sk=2 hf=96148 hm=92132 ht=283156 pf=0 pm=0 pt=0 ru=235400 rp=239416
18:36:45.485 @T t=200494 s=0.000 lv=-39.4 pk=-38.4 c0=3.6 c1=5.1 kw=4.97 inf=1.53 iv=0.00 n=0 d=0 sk=3 hf=96148 hm=92132 ht=283156 pf=0 pm=0 pt=0 ru=235400 rp=239416
18:36:47.784 @T t=200600 s=0.000 lv=-39.5 pk=-37.9 c0=3.2 c1=5.1 kw=4.94 inf=1.52 iv=0.00 n=0 d=0 sk=3 hf=96148 hm=92132 ht=283156 pf=0 pm=0 pt=0 ru=235400 rp=239416
18:36:47.784 @T t=200686 s=0.000 lv=-40.8 pk=-39.4 c0=3.8 c1=6.3 kw=6.11 inf=1.52 iv=0.00 n=0 d=0 sk=3 hf=96148 hm=92132 ht=283156 pf=0 pm=0 pt=0 ru=235400 rp=239416
18:36:47.784 @T t=200792 s=0.000 lv=-40.5 pk=-38.7 c0=6.3 c1=5.0 kw=4.91 inf=1.51 iv=0.00 n=0 d=0 sk=3 hf=96148 hm=92132 ht=283156 pf=0 pm=0 pt=0 ru=235400 rp=239416
18:36:47.784 @T t=200898 s=0.000 lv=-40.8 pk=-39.5 c0=6.8 c1=5.2 kw=5.00 inf=1.54 iv=0.00 n=0 d=0 sk=3 hf=96148 hm=92132 ht=283156 pf=0 pm=0 pt=0 ru=235400 rp=239416
18:36:47.784 @T t=201004 s=0.000 lv=-41.1 pk=-39.6 c0=3.3 c1=6.0 kw=5.91 inf=1.36 iv=0.00 n=0 d=0 sk=4 hf=96148 hm=92132 ht=283156 pf=0 pm=0 pt=0 ru=235400 rp=239416
18:36:47.784 @T t=201090 s=0.000 lv=-42.6 pk=-40.8 c0=3.9 c1=5.1 kw=4.92 inf=1.84 iv=0.00 n=0 d=0 sk=2 hf=96148 hm=92132 ht=283156 pf=0 pm=0 pt=0 ru=235400 rp=239416
18:36:47.784 @T t=201196 s=0.000 lv=-41.3 pk=-40.7 c0=3.1 c1=5.1 kw=4.94 inf=1.52 iv=0.00 n=0 d=0 sk=3 hf=96148 hm=92132 ht=283156 pf=0 pm=0 pt=0 ru=235400 rp=239416
18:36:47.785 @I ww=marvin cut=0.50 win=5 cool=1000 tick=100 wifi=1 srv=1 li=0 ln=0
18:36:47.785 @T t=201288 s=0.000 lv=-41.5 pk=-40.2 c0=13.3 c1=5.9 kw=5.69 inf=1.52 iv=0.00 n=0 d=0 sk=3 hf=96148 hm=92132 ht=283156 pf=0 pm=0 pt=0 ru=235400 rp=239416
18:36:47.785 [status] up 201s | mic -39.9 dBFS (peak -33.5) | score max 0.00 | detections 0 | inferences 74 (7.3/s; model 1.17 ms each, paused in quiet 77%; features 1.47 ms per 30 ms) | CPU core0  5.5% core1  6.4% (wake word pipeline 6.20% of one core) | RAM used 229 KB (peak 233 KB, 93 KB free) | wifi OK, server OK | audio lost since boot: i2s 0 net 0
18:36:47.785 @T t=201402 s=0.000 lv=-42.3 pk=-41.1 c0=6.4 c1=5.5 kw=5.52 inf=1.37 iv=0.00 n=0 d=0 sk=4 hf=96148 hm=92132 ht=283156 pf=0 pm=0 pt=0 ru=235400 rp=239416
18:36:47.785 @T t=201488 s=0.000 lv=-42.8 pk=-42.5 c0=8.4 c1=6.0 kw=5.10 inf=1.90 iv=0.00 n=0 d=0 sk=2 hf=96148 hm=92132 ht=283156 pf=0 pm=0 pt=0 ru=235400 rp=239416
18:36:47.785 @T t=201594 s=0.000 lv=-41.8 pk=-41.0 c0=4.0 c1=5.2 kw=5.03 inf=1.55 iv=0.00 n=0 d=0 sk=3 hf=96148 hm=92132 ht=283156 pf=0 pm=0 pt=0 ru=235400 rp=239416
18:36:47.785 @T t=201700 s=0.000 lv=-41.8 pk=-39.6 c0=3.3 c1=5.0 kw=4.94 inf=1.52 iv=0.00 n=0 d=0 sk=3 hf=96148 hm=92132 ht=283156 pf=0 pm=0 pt=0 ru=235400 rp=239416
18:36:47.785 @T t=201786 s=0.000 lv=-41.2 pk=-39.4 c0=7.7 c1=6.3 kw=6.11 inf=1.52 iv=0.00 n=0 d=0 sk=3 hf=96148 hm=92132 ht=283156 pf=0 pm=0 pt=0 ru=235400 rp=239416
18:36:47.785 @T t=201892 s=0.000 lv=-40.2 pk=-38.0 c0=3.4 c1=5.3 kw=4.97 inf=1.53 iv=0.00 n=0 d=0 sk=3 hf=96148 hm=92132 ht=283156 pf=0 pm=0 pt=0 ru=235400 rp=239416
18:36:47.786 @T t=201998 s=0.000 lv=-39.1 pk=-38.2 c0=3.6 c1=5.1 kw=4.94 inf=1.52 iv=0.00 n=0 d=0 sk=3 hf=96148 hm=92132 ht=283156 pf=0 pm=0 pt=0 ru=235400 rp=239416
18:36:47.786 @T t=202104 s=0.000 lv=-41.4 pk=-39.9 c0=3.4 c1=6.1 kw=5.99 inf=1.38 iv=0.00 n=0 d=0 sk=4 hf=96148 hm=92132 ht=283156 pf=0 pm=0 pt=0 ru=235400 rp=239416
18:36:47.786 @T t=202190 s=0.000 lv=-41.2 pk=-40.4 c0=3.8 c1=5.0 kw=4.88 inf=1.83 iv=0.00 n=0 d=0 sk=2 hf=96148 hm=92132 ht=283156 pf=0 pm=0 pt=0 ru=235400 rp=239416
18:36:47.786 @I ww=marvin cut=0.50 win=5 cool=1000 tick=100 wifi=1 srv=1 li=0 ln=0
18:36:47.786 @T t=202305 s=0.000 lv=-42.0 pk=-40.5 c0=3.4 c1=5.6 kw=5.44 inf=1.36 iv=0.00 n=0 d=0 sk=4 hf=96148 hm=92132 ht=283156 pf=0 pm=0 pt=0 ru=235400 rp=239416
18:36:47.786 @T t=202391 s=0.000 lv=-40.7 pk=-39.3 c0=3.8 c1=5.0 kw=4.87 inf=1.82 iv=0.00 n=0 d=0 sk=2 hf=96148 hm=92132 ht=283156 pf=0 pm=0 pt=0 ru=235400 rp=239416
18:36:47.786 @T t=202497 s=0.000 lv=-41.1 pk=-39.0 c0=3.6 c1=5.1 kw=4.97 inf=1.53 iv=0.00 n=0 d=0 sk=3 hf=96148 hm=92132 ht=283156 pf=0 pm=0 pt=0 ru=235400 rp=239416
18:36:47.786 @T t=202605 s=0.000 lv=-40.2 pk=-38.1 c0=3.0 c1=6.0 kw=5.85 inf=1.38 iv=0.00 n=0 d=0 sk=4 hf=96148 hm=92132 ht=283156 pf=0 pm=0 pt=0 ru=235400 rp=239416
18:36:47.786 @T t=202691 s=0.000 lv=-41.0 pk=-39.7 c0=3.7 c1=5.0 kw=4.89 inf=1.83 iv=0.00 n=0 d=0 sk=2 hf=96148 hm=92132 ht=283156 pf=0 pm=0 pt=0 ru=235400 rp=239416
18:36:47.786 @T t=202797 s=0.000 lv=-41.2 pk=-39.6 c0=3.0 c1=5.1 kw=4.91 inf=1.51 iv=0.00 n=0 d=0 sk=3 hf=96148 hm=92132 ht=283156 pf=0 pm=0 pt=0 ru=235400 rp=239416
18:36:50.370 @T t=202903 s=0.000 lv=-42.5 pk=-41.2 c0=6.1 c1=6.1 kw=5.89 inf=1.36 iv=0.00 n=0 d=0 sk=4 hf=96148 hm=92132 ht=283156 pf=0 pm=0 pt=0 ru=235400 rp=239416
18:36:50.370 @T t=202989 s=0.000 lv=-40.9 pk=-39.5 c0=3.7 c1=5.0 kw=4.89 inf=1.83 iv=0.00 n=0 d=0 sk=2 hf=96148 hm=92132 ht=283156 pf=0 pm=0 pt=0 ru=235400 rp=239416
18:36:50.370 @T t=203095 s=0.000 lv=-41.5 pk=-40.0 c0=3.1 c1=5.1 kw=4.92 inf=1.51 iv=0.00 n=0 d=0 sk=3 hf=96148 hm=92132 ht=283156 pf=0 pm=0 pt=0 ru=235400 rp=239416
18:36:50.370 @T t=203201 s=0.000 lv=-40.6 pk=-39.1 c0=6.7 c1=5.1 kw=5.10 inf=1.53 iv=0.00 n=0 d=0 sk=3 hf=96148 hm=92132 ht=283156 pf=0 pm=0 pt=0 ru=235400 rp=239416
18:36:50.370 @I ww=marvin cut=0.50 win=5 cool=1000 tick=100 wifi=1 srv=1 li=0 ln=0
18:36:50.370 @T t=203293 s=0.000 lv=-39.0 pk=-36.4 c0=4.7 c1=6.2 kw=5.79 inf=1.59 iv=0.00 n=0 d=0 sk=3 hf=96148 hm=92132 ht=283156 pf=0 pm=0 pt=0 ru=235400 rp=239416
18:36:50.370 @T t=203399 s=0.000 lv=-40.8 pk=-39.4 c0=6.4 c1=5.1 kw=4.92 inf=1.51 iv=0.00 n=0 d=0 sk=3 hf=96148 hm=92132 ht=283156 pf=0 pm=0 pt=0 ru=235400 rp=239416
18:36:50.370 @T t=203505 s=0.000 lv=-41.6 pk=-40.1 c0=8.1 c1=6.3 kw=6.04 inf=1.39 iv=0.00 n=0 d=0 sk=4 hf=94384 hm=92132 ht=283156 pf=0 pm=0 pt=0 ru=237164 rp=239416
18:36:50.370 @T t=203591 s=0.000 lv=-40.4 pk=-38.7 c0=7.2 c1=5.7 kw=5.03 inf=1.88 iv=0.00 n=0 d=0 sk=2 hf=95952 hm=92132 ht=283156 pf=0 pm=0 pt=0 ru=235596 rp=239416
18:36:50.370 @T t=203697 s=0.000 lv=-40.8 pk=-38.9 c0=3.9 c1=5.1 kw=5.02 inf=1.55 iv=0.00 n=0 d=0 sk=3 hf=96148 hm=92132 ht=283156 pf=0 pm=0 pt=0 ru=235400 rp=239416
18:36:50.370 @T t=203803 s=0.000 lv=-41.5 pk=-40.7 c0=3.1 c1=6.1 kw=5.92 inf=1.37 iv=0.00 n=0 d=0 sk=4 hf=96148 hm=92132 ht=283156 pf=0 pm=0 pt=0 ru=235400 rp=239416
18:36:50.370 @T t=203889 s=0.000 lv=-38.7 pk=-37.2 c0=8.0 c1=5.0 kw=4.86 inf=1.82 iv=0.00 n=0 d=0 sk=2 hf=96148 hm=92132 ht=283156 pf=0 pm=0 pt=0 ru=235400 rp=239416
18:36:50.370 @T t=203995 s=0.000 lv=-38.3 pk=-36.4 c0=3.1 c1=5.1 kw=4.95 inf=1.52 iv=0.00 n=0 d=0 sk=3 hf=96148 hm=92132 ht=283156 pf=0 pm=0 pt=0 ru=235400 rp=239416
18:36:50.370 @T t=204101 s=0.000 lv=-38.2 pk=-36.1 c0=6.5 c1=5.0 kw=5.08 inf=1.53 iv=0.00 n=0 d=0 sk=3 hf=96148 hm=92132 ht=283156 pf=0 pm=0 pt=0 ru=235400 rp=239416
18:36:50.370 @T t=204187 s=0.000 lv=-39.8 pk=-38.2 c0=3.8 c1=6.6 kw=6.17 inf=1.59 iv=0.00 n=0 d=0 sk=3 hf=96148 hm=92132 ht=283156 pf=0 pm=0 pt=0 ru=235400 rp=239416
18:36:50.370 @I ww=marvin cut=0.50 win=5 cool=1000 tick=100 wifi=1 srv=1 li=0 ln=0
18:36:50.370 @T t=204299 s=0.000 lv=-38.7 pk=-36.3 c0=4.0 c1=4.9 kw=4.70 inf=1.53 iv=0.00 n=0 d=0 sk=3 hf=96148 hm=92132 ht=283156 pf=0 pm=0 pt=0 ru=235400 rp=239416
18:36:50.370 @T t=204405 s=0.000 lv=-38.8 pk=-37.1 c0=3.4 c1=6.1 kw=5.97 inf=1.38 iv=0.00 n=0 d=0 sk=4 hf=96148 hm=92132 ht=283156 pf=0 pm=0 pt=0 ru=235400 rp=239416
18:36:50.370 @T t=204491 s=0.000 lv=-37.8 pk=-35.7 c0=3.9 c1=18.8 kw=18.64 inf=1.29 iv=0.97 n=12 d=0 sk=0 hf=96148 hm=92132 ht=283156 pf=0 pm=0 pt=0 ru=235400 rp=239416
18:36:50.370 @T t=204597 s=0.000 lv=-39.5 pk=-37.4 c0=4.0 c1=8.7 kw=8.55 inf=2.78 iv=1.18 n=3 d=0 sk=0 hf=96148 hm=92132 ht=283156 pf=0 pm=0 pt=0 ru=235400 rp=239416
18:36:50.370 @T t=204703 s=0.000 lv=-38.4 pk=-35.4 c0=3.5 c1=10.6 kw=10.44 inf=2.56 iv=1.12 n=4 d=0 sk=0 hf=96148 hm=92132 ht=283156 pf=0 pm=0 pt=0 ru=235400 rp=239416
18:36:50.370 @T t=204789 s=0.000 lv=-39.7 pk=-38.5 c0=4.2 c1=9.3 kw=9.07 inf=2.41 iv=1.13 n=3 d=0 sk=0 hf=96148 hm=92132 ht=283156 pf=0 pm=0 pt=0 ru=235400 rp=239416
18:36:50.370 @T t=204895 s=0.000 lv=-39.8 pk=-38.8 c0=3.6 c1=8.6 kw=8.43 inf=2.75 iv=1.15 n=3 d=0 sk=0 hf=96148 hm=92132 ht=283156 pf=0 pm=0 pt=0 ru=235400 rp=239416
18:36:50.371 @T t=205001 s=0.000 lv=-39.4 pk=-37.8 c0=3.4 c1=9.4 kw=9.48 inf=2.30 iv=1.11 n=4 d=0 sk=0 hf=96148 hm=92132 ht=283156 pf=0 pm=0 pt=0 ru=235400 rp=239416
18:36:50.371 @T t=205087 s=0.000 lv=-38.9 pk=-36.7 c0=4.4 c1=11.0 kw=10.51 inf=2.83 iv=1.15 n=3 d=0 sk=0 hf=96148 hm=92132 ht=283156 pf=0 pm=0 pt=0 ru=235400 rp=239416
18:36:50.371 @T t=205193 s=0.000 lv=-39.4 pk=-37.8 c0=3.4 c1=8.7 kw=8.52 inf=2.78 iv=1.18 n=3 d=0 sk=0 hf=96148 hm=92132 ht=283156 pf=0 pm=0 pt=0 ru=235400 rp=239416
18:36:50.371 @I ww=marvin cut=0.50 win=5 cool=1000 tick=100 wifi=1 srv=1 li=0 ln=0
18:36:50.371 @T t=205305 s=0.000 lv=-39.7 pk=-38.4 c0=4.0 c1=10.3 kw=10.12 inf=2.62 iv=1.17 n=4 d=0 sk=0 hf=96148 hm=92132 ht=283156 pf=0 pm=0 pt=0 ru=235400 rp=239416
18:36:50.371 @T t=205391 s=0.000 lv=-40.0 pk=-39.2 c0=4.8 c1=10.1 kw=9.87 inf=2.64 iv=1.31 n=3 d=0 sk=0 hf=96148 hm=92132 ht=283156 pf=0 pm=0 pt=0 ru=235400 rp=239416
18:36:52.879 @T t=205497 s=0.000 lv=-40.4 pk=-39.5 c0=6.1 c1=8.7 kw=8.58 inf=2.80 iv=1.20 n=3 d=0 sk=0 hf=96148 hm=92132 ht=283156 pf=0 pm=0 pt=0 ru=235400 rp=239416
18:36:52.880 @T t=205604 s=0.000 lv=-39.9 pk=-38.7 c0=11.0 c1=12.3 kw=11.70 inf=2.91 iv=1.40 n=4 d=0 sk=0 hf=96148 hm=92132 ht=283156 pf=0 pm=0 pt=0 ru=235400 rp=239416
18:36:52.880 @T t=205690 s=0.000 lv=-40.2 pk=-39.4 c0=4.3 c1=9.6 kw=9.40 inf=2.51 iv=1.21 n=3 d=0 sk=0 hf=96148 hm=92132 ht=283156 pf=0 pm=0 pt=0 ru=235400 rp=239416
18:36:52.880 @T t=205796 s=0.000 lv=-40.6 pk=-39.6 c0=3.4 c1=8.7 kw=8.50 inf=2.77 iv=1.17 n=3 d=0 sk=0 hf=96148 hm=92132 ht=283156 pf=0 pm=0 pt=0 ru=235400 rp=239416
18:36:52.880 @T t=205903 s=0.000 lv=-40.4 pk=-38.0 c0=3.7 c1=11.0 kw=10.82 inf=2.68 iv=1.23 n=4 d=0 sk=0 hf=96148 hm=92132 ht=283156 pf=0 pm=0 pt=0 ru=235400 rp=239416
18:36:52.880 @T t=205989 s=0.000 lv=-37.6 pk=-36.1 c0=4.2 c1=9.5 kw=9.32 inf=2.48 iv=1.19 n=3 d=0 sk=0 hf=96148 hm=92132 ht=283156 pf=0 pm=0 pt=0 ru=235400 rp=239416
18:36:52.880 @T t=206095 s=0.000 lv=-38.9 pk=-37.8 c0=3.6 c1=8.8 kw=8.60 inf=2.80 iv=1.20 n=3 d=0 sk=0 hf=96148 hm=92132 ht=283156 pf=0 pm=0 pt=0 ru=235400 rp=239416
18:36:52.880 @T t=206201 s=0.000 lv=-40.7 pk=-39.6 c0=3.5 c1=9.7 kw=9.76 inf=2.37 iv=1.18 n=4 d=0 sk=0 hf=96148 hm=92132 ht=283156 pf=0 pm=0 pt=0 ru=235400 rp=239416
18:36:52.880 @I ww=marvin cut=0.50 win=5 cool=1000 tick=100 wifi=1 srv=1 li=0 ln=0
18:36:52.880 @T t=206293 s=0.000 lv=-40.7 pk=-40.5 c0=13.6 c1=6.3 kw=5.92 inf=1.63 iv=0.00 n=0 d=0 sk=3 hf=96148 hm=92132 ht=283156 pf=0 pm=0 pt=0 ru=235400 rp=239416
18:36:52.880 @T t=206399 s=0.000 lv=-41.6 pk=-40.4 c0=3.2 c1=5.1 kw=4.92 inf=1.51 iv=0.00 n=0 d=0 sk=3 hf=96148 hm=92132 ht=283156 pf=0 pm=0 pt=0 ru=235400 rp=239416
18:36:52.880 @T t=206505 s=0.000 lv=-40.0 pk=-38.9 c0=6.6 c1=6.1 kw=5.96 inf=1.38 iv=0.00 n=0 d=0 sk=4 hf=96148 hm=92132 ht=283156 pf=0 pm=0 pt=0 ru=235400 rp=239416
18:36:52.880 @T t=206591 s=0.000 lv=-39.3 pk=-38.2 c0=4.6 c1=5.1 kw=4.92 inf=1.84 iv=0.00 n=0 d=0 sk=2 hf=96148 hm=92132 ht=283156 pf=0 pm=0 pt=0 ru=235400 rp=239416
18:36:52.880 @T t=206697 s=0.000 lv=-39.8 pk=-37.8 c0=3.2 c1=5.1 kw=4.96 inf=1.53 iv=0.00 n=0 d=0 sk=3 hf=96148 hm=92132 ht=283156 pf=0 pm=0 pt=0 ru=235400 rp=239416
18:36:52.880 @T t=206803 s=0.000 lv=-39.9 pk=-39.0 c0=3.0 c1=6.1 kw=5.91 inf=1.37 iv=0.00 n=0 d=0 sk=4 hf=96148 hm=92132 ht=283156 pf=0 pm=0 pt=0 ru=235400 rp=239416
18:36:52.880 @T t=206889 s=0.000 lv=-39.4 pk=-38.3 c0=3.9 c1=5.0 kw=4.89 inf=1.83 iv=0.00 n=0 d=0 sk=2 hf=96148 hm=92132 ht=283156 pf=0 pm=0 pt=0 ru=235400 rp=239416
18:36:52.880 @T t=206995 s=0.000 lv=-40.3 pk=-39.0 c0=3.5 c1=5.1 kw=4.93 inf=1.52 iv=0.00 n=0 d=0 sk=3 hf=96148 hm=92132 ht=283156 pf=0 pm=0 pt=0 ru=235400 rp=239416
18:36:52.880 @T t=207101 s=0.000 lv=-40.1 pk=-38.9 c0=3.2 c1=5.0 kw=5.09 inf=1.53 iv=0.00 n=0 d=0 sk=3 hf=96148 hm=92132 ht=283156 pf=0 pm=0 pt=0 ru=235400 rp=239416
18:36:52.880 @T t=207187 s=0.000 lv=-39.2 pk=-36.8 c0=3.7 c1=6.6 kw=6.18 inf=1.59 iv=0.00 n=0 d=0 sk=3 hf=96148 hm=92132 ht=283156 pf=0 pm=0 pt=0 ru=235400 rp=239416
18:36:52.880 @I ww=marvin cut=0.50 win=5 cool=1000 tick=100 wifi=1 srv=1 li=0 ln=0
18:36:52.880 @T t=207299 s=0.000 lv=-40.0 pk=-38.2 c0=3.6 c1=4.8 kw=4.65 inf=1.51 iv=0.00 n=0 d=0 sk=3 hf=96148 hm=92132 ht=283156 pf=0 pm=0 pt=0 ru=235400 rp=239416
18:36:52.881 @T t=207405 s=0.000 lv=-39.9 pk=-38.0 c0=3.1 c1=6.1 kw=5.95 inf=1.38 iv=0.00 n=0 d=0 sk=4 hf=96148 hm=92132 ht=283156 pf=0 pm=0 pt=0 ru=235400 rp=239416
18:36:52.881 @T t=207491 s=0.000 lv=-40.3 pk=-38.8 c0=3.8 c1=5.0 kw=4.89 inf=1.83 iv=0.00 n=0 d=0 sk=2 hf=96148 hm=92132 ht=283156 pf=0 pm=0 pt=0 ru=235400 rp=239416
18:36:52.881 @T t=207597 s=0.000 lv=-39.9 pk=-38.2 c0=5.1 c1=5.3 kw=5.07 inf=1.56 iv=0.00 n=0 d=0 sk=3 hf=94384 hm=92132 ht=283156 pf=0 pm=0 pt=0 ru=237164 rp=239416
18:36:52.881 @T t=207703 s=0.000 lv=-40.5 pk=-39.4 c0=5.5 c1=6.7 kw=6.12 inf=1.41 iv=0.00 n=0 d=0 sk=4 hf=96148 hm=92132 ht=283156 pf=0 pm=0 pt=0 ru=235400 rp=239416
18:36:52.881 @T t=207789 s=0.000 lv=-40.4 pk=-39.6 c0=4.1 c1=5.0 kw=4.88 inf=1.82 iv=0.00 n=0 d=0 sk=2 hf=96148 hm=92132 ht=283156 pf=0 pm=0 pt=0 ru=235400 rp=239416
18:36:52.881 @T t=207895 s=0.000 lv=-39.6 pk=-37.3 c0=7.0 c1=5.2 kw=4.98 inf=1.53 iv=0.00 n=0 d=0 sk=3 hf=96148 hm=92132 ht=283156 pf=0 pm=0 pt=0 ru=235400 rp=239416
18:36:55.369 @T t=208001 s=0.000 lv=-40.3 pk=-38.8 c0=3.3 c1=5.0 kw=5.07 inf=1.52 iv=0.00 n=0 d=0 sk=3 hf=96148 hm=92132 ht=283156 pf=0 pm=0 pt=0 ru=235400 rp=239416
18:36:55.370 @T t=208087 s=0.000 lv=-40.3 pk=-39.8 c0=7.9 c1=6.6 kw=6.15 inf=1.58 iv=0.00 n=0 d=0 sk=3 hf=96148 hm=92132 ht=283156 pf=0 pm=0 pt=0 ru=235400 rp=239416
18:36:55.370 @T t=208193 s=0.000 lv=-40.2 pk=-38.9 c0=6.4 c1=5.0 kw=4.90 inf=1.51 iv=0.00 n=0 d=0 sk=3 hf=96148 hm=92132 ht=283156 pf=0 pm=0 pt=0 ru=235400 rp=239416
18:36:55.370 @I ww=marvin cut=0.50 win=5 cool=1000 tick=100 wifi=1 srv=1 li=0 ln=0
18:36:55.370 @T t=208305 s=0.000 lv=-40.8 pk=-40.3 c0=11.0 c1=5.7 kw=5.59 inf=1.36 iv=0.00 n=0 d=0 sk=4 hf=96148 hm=92132 ht=283156 pf=0 pm=0 pt=0 ru=235400 rp=239416
18:36:55.370 @T t=208391 s=0.000 lv=-40.0 pk=-39.0 c0=3.8 c1=5.0 kw=4.87 inf=1.82 iv=0.00 n=0 d=0 sk=2 hf=96148 hm=92132 ht=283156 pf=0 pm=0 pt=0 ru=235400 rp=239416
18:36:55.370 @T t=208497 s=0.000 lv=-41.3 pk=-40.1 c0=6.3 c1=5.0 kw=4.91 inf=1.51 iv=0.00 n=0 d=0 sk=3 hf=96148 hm=92132 ht=283156 pf=0 pm=0 pt=0 ru=235400 rp=239416
18:36:55.370 @T t=208603 s=0.000 lv=-40.4 pk=-39.0 c0=3.0 c1=6.1 kw=5.90 inf=1.36 iv=0.00 n=0 d=0 sk=4 hf=96148 hm=92132 ht=283156 pf=0 pm=0 pt=0 ru=235400 rp=239416
18:36:55.370 @T t=208689 s=0.000 lv=-41.3 pk=-40.7 c0=4.4 c1=5.1 kw=4.95 inf=1.86 iv=0.00 n=0 d=0 sk=2 hf=96148 hm=92132 ht=283156 pf=0 pm=0 pt=0 ru=235400 rp=239416
18:36:55.370 @T t=208795 s=0.000 lv=-40.1 pk=-38.1 c0=3.6 c1=5.1 kw=4.99 inf=1.54 iv=0.00 n=0 d=0 sk=3 hf=96148 hm=92132 ht=283156 pf=0 pm=0 pt=0 ru=235400 rp=239416
18:36:55.370 @T t=208901 s=0.000 lv=-40.7 pk=-39.8 c0=3.4 c1=5.0 kw=5.08 inf=1.53 iv=0.00 n=0 d=0 sk=3 hf=96148 hm=92132 ht=283156 pf=0 pm=0 pt=0 ru=235400 rp=239416
18:36:55.370 @T t=208987 s=0.000 lv=-41.1 pk=-39.3 c0=3.8 c1=6.5 kw=6.14 inf=1.58 iv=0.00 n=0 d=0 sk=3 hf=96148 hm=92132 ht=283156 pf=0 pm=0 pt=0 ru=235400 rp=239416
18:36:55.370 @T t=209093 s=0.000 lv=-41.3 pk=-39.5 c0=3.2 c1=5.1 kw=4.95 inf=1.52 iv=0.00 n=0 d=0 sk=3 hf=96148 hm=92132 ht=283156 pf=0 pm=0 pt=0 ru=235400 rp=239416
18:36:55.371 @T t=209199 s=0.000 lv=-40.7 pk=-39.2 c0=3.1 c1=5.0 kw=4.91 inf=1.51 iv=0.00 n=0 d=0 sk=3 hf=96148 hm=92132 ht=283156 pf=0 pm=0 pt=0 ru=235400 rp=239416
18:36:55.371 @I ww=marvin cut=0.50 win=5 cool=1000 tick=100 wifi=1 srv=1 li=0 ln=0
18:36:55.371 @T t=209291 s=0.000 lv=-39.8 pk=-38.1 c0=4.4 c1=5.8 kw=5.68 inf=1.52 iv=0.00 n=0 d=0 sk=3 hf=96148 hm=92132 ht=283156 pf=0 pm=0 pt=0 ru=235400 rp=239416
18:36:55.371 @T t=209397 s=0.000 lv=-40.6 pk=-40.0 c0=6.4 c1=5.1 kw=4.92 inf=1.52 iv=0.00 n=0 d=0 sk=3 hf=96148 hm=92132 ht=283156 pf=0 pm=0 pt=0 ru=235400 rp=239416
18:36:55.371 @T t=209503 s=0.000 lv=-40.4 pk=-39.2 c0=6.3 c1=6.1 kw=5.91 inf=1.37 iv=0.00 n=0 d=0 sk=4 hf=96148 hm=92132 ht=283156 pf=0 pm=0 pt=0 ru=235400 rp=239416
18:36:55.371 @T t=209589 s=0.000 lv=-40.7 pk=-39.6 c0=3.7 c1=5.0 kw=4.88 inf=1.83 iv=0.00 n=0 d=0 sk=2 hf=96148 hm=92132 ht=283156 pf=0 pm=0 pt=0 ru=235400 rp=239416
18:36:55.371 @T t=209695 s=0.000 lv=-40.7 pk=-39.2 c0=7.0 c1=5.7 kw=5.13 inf=1.57 iv=0.00 n=0 d=0 sk=3 hf=96148 hm=92132 ht=283156 pf=0 pm=0 pt=0 ru=235400 rp=239416
18:36:55.371 @T t=209801 s=0.000 lv=-42.1 pk=-41.0 c0=3.4 c1=5.0 kw=5.11 inf=1.54 iv=0.00 n=0 d=0 sk=3 hf=96148 hm=92132 ht=283156 pf=0 pm=0 pt=0 ru=235400 rp=239416
18:36:55.371 @T t=209887 s=0.000 lv=-42.1 pk=-40.8 c0=9.8 c1=6.8 kw=6.29 inf=1.61 iv=0.00 n=0 d=0 sk=3 hf=96148 hm=92132 ht=283156 pf=0 pm=0 pt=0 ru=235400 rp=239416
18:36:55.371 @T t=209993 s=0.000 lv=-42.6 pk=-41.3 c0=6.6 c1=5.1 kw=4.97 inf=1.53 iv=0.00 n=0 d=0 sk=3 hf=96148 hm=92132 ht=283156 pf=0 pm=0 pt=0 ru=235400 rp=239416
18:36:55.371 @T t=210099 s=0.000 lv=-41.6 pk=-40.3 c0=6.4 c1=5.1 kw=4.92 inf=1.51 iv=0.00 n=0 d=0 sk=3 hf=96148 hm=92132 ht=283156 pf=0 pm=0 pt=0 ru=235400 rp=239416
18:36:55.371 @T t=210205 s=0.000 lv=-41.2 pk=-40.3 c0=3.1 c1=6.1 kw=5.93 inf=1.37 iv=0.00 n=0 d=0 sk=4 hf=96148 hm=92132 ht=283156 pf=0 pm=0 pt=0 ru=235400 rp=239416
18:36:55.371 @I ww=marvin cut=0.50 win=5 cool=1000 tick=100 wifi=1 srv=1 li=0 ln=0
18:36:55.371 @T t=210297 s=0.000 lv=-40.6 pk=-39.5 c0=13.3 c1=4.7 kw=4.56 inf=1.83 iv=0.00 n=0 d=0 sk=2 hf=96148 hm=92132 ht=283156 pf=0 pm=0 pt=0 ru=235400 rp=239416
18:36:55.371 @T t=210403 s=0.000 lv=-40.5 pk=-39.3 c0=3.1 c1=6.1 kw=5.90 inf=1.36 iv=0.00 n=0 d=0 sk=4 hf=96148 hm=92132 ht=283156 pf=0 pm=0 pt=0 ru=235400 rp=239416
18:36:57.765 @T t=210489 s=0.000 lv=-40.4 pk=-39.1 c0=3.8 c1=5.0 kw=4.88 inf=1.83 iv=0.00 n=0 d=0 sk=2 hf=96148 hm=92132 ht=283156 pf=0 pm=0 pt=0 ru=235400 rp=239416
18:36:57.766 @T t=210595 s=0.000 lv=-41.5 pk=-40.3 c0=6.3 c1=5.0 kw=4.90 inf=1.51 iv=0.00 n=0 d=0 sk=3 hf=96148 hm=92132 ht=283156 pf=0 pm=0 pt=0 ru=235400 rp=239416
18:36:57.766 @T t=210701 s=0.000 lv=-39.0 pk=-37.9 c0=3.5 c1=5.0 kw=5.07 inf=1.52 iv=0.00 n=0 d=0 sk=3 hf=96148 hm=92132 ht=283156 pf=0 pm=0 pt=0 ru=235400 rp=239416
18:36:57.766 @T t=210787 s=0.000 lv=-40.3 pk=-39.5 c0=3.9 c1=6.6 kw=6.17 inf=1.59 iv=0.00 n=0 d=0 sk=3 hf=96148 hm=92132 ht=283156 pf=0 pm=0 pt=0 ru=235400 rp=239416
18:36:57.766 @T t=210893 s=0.000 lv=-39.8 pk=-38.9 c0=3.2 c1=5.1 kw=4.93 inf=1.52 iv=0.00 n=0 d=0 sk=3 hf=96148 hm=92132 ht=283156 pf=0 pm=0 pt=0 ru=235400 rp=239416
18:36:57.766 @T t=210999 s=0.000 lv=-38.3 pk=-36.6 c0=3.5 c1=5.1 kw=4.94 inf=1.52 iv=0.00 n=0 d=0 sk=3 hf=96148 hm=92132 ht=283156 pf=0 pm=0 pt=0 ru=235400 rp=239416
18:36:57.766 @T t=211105 s=0.000 lv=-39.5 pk=-38.4 c0=3.4 c1=6.1 kw=5.98 inf=1.38 iv=0.00 n=0 d=0 sk=4 hf=96148 hm=92132 ht=283156 pf=0 pm=0 pt=0 ru=235400 rp=239416
18:36:57.766 @T t=211191 s=0.000 lv=-38.8 pk=-38.4 c0=3.7 c1=5.1 kw=4.93 inf=1.85 iv=0.00 n=0 d=0 sk=2 hf=96148 hm=92132 ht=283156 pf=0 pm=0 pt=0 ru=235400 rp=239416
18:36:57.766 @I ww=marvin cut=0.50 win=5 cool=1000 tick=100 wifi=1 srv=1 li=0 ln=0
18:36:57.766 @T t=211303 s=0.000 lv=-39.8 pk=-37.8 c0=3.6 c1=5.7 kw=5.58 inf=1.36 iv=0.00 n=0 d=0 sk=4 hf=96148 hm=92132 ht=283156 pf=0 pm=0 pt=0 ru=235400 rp=239416
18:36:57.766 [status] up 211s | mic -40.2 dBFS (peak -35.4) | score max 0.00 | detections 0 | inferences 69 (6.9/s; model 1.15 ms each, paused in quiet 78%; features 1.47 ms per 30 ms) | CPU core0  4.8% core1  6.3% (wake word pipeline 6.12% of one core) | RAM used 229 KB (peak 233 KB, 93 KB free) | wifi OK, server OK | audio lost since boot: i2s 0 net 0
18:36:57.766 @T t=211397 s=0.000 lv=-39.1 pk=-38.1 c0=7.7 c1=4.6 kw=4.50 inf=1.84 iv=0.00 n=0 d=0 sk=2 hf=96148 hm=92132 ht=283156 pf=0 pm=0 pt=0 ru=235400 rp=239416
18:36:57.766 @T t=211503 s=0.000 lv=-40.7 pk=-38.7 c0=6.3 c1=6.1 kw=5.91 inf=1.37 iv=0.00 n=0 d=0 sk=4 hf=96148 hm=92132 ht=283156 pf=0 pm=0 pt=0 ru=235400 rp=239416
18:36:57.766 @T t=211589 s=0.000 lv=-41.8 pk=-40.5 c0=7.7 c1=5.0 kw=4.86 inf=1.82 iv=0.00 n=0 d=0 sk=2 hf=96148 hm=92132 ht=283156 pf=0 pm=0 pt=0 ru=235400 rp=239416
18:36:57.766 @T t=211695 s=0.000 lv=-40.5 pk=-38.7 c0=5.0 c1=5.2 kw=4.97 inf=1.53 iv=0.00 n=0 d=0 sk=3 hf=94384 hm=92132 ht=283156 pf=0 pm=0 pt=0 ru=237164 rp=239416
18:36:57.766 @T t=211801 s=0.000 lv=-40.8 pk=-39.3 c0=5.2 c1=5.6 kw=5.25 inf=1.58 iv=0.00 n=0 d=0 sk=3 hf=96148 hm=92132 ht=283156 pf=0 pm=0 pt=0 ru=235400 rp=239416
18:36:57.766 @T t=211887 s=0.000 lv=-41.1 pk=-39.5 c0=5.0 c1=6.7 kw=6.29 inf=1.62 iv=0.00 n=0 d=0 sk=3 hf=96148 hm=92132 ht=283156 pf=0 pm=0 pt=0 ru=235400 rp=239416
18:36:57.766 @T t=211993 s=0.000 lv=-40.7 pk=-39.5 c0=3.3 c1=5.0 kw=4.93 inf=1.52 iv=0.00 n=0 d=0 sk=3 hf=96148 hm=92132 ht=283156 pf=0 pm=0 pt=0 ru=235400 rp=239416
18:36:57.766 @T t=212099 s=0.000 lv=-40.0 pk=-39.1 c0=6.5 c1=5.1 kw=4.96 inf=1.53 iv=0.00 n=0 d=0 sk=3 hf=96148 hm=92132 ht=283156 pf=0 pm=0 pt=0 ru=235400 rp=239416
18:36:57.766 @T t=212205 s=0.000 lv=-39.5 pk=-38.5 c0=3.5 c1=6.2 kw=5.99 inf=1.38 iv=0.00 n=0 d=0 sk=4 hf=96148 hm=92132 ht=283156 pf=0 pm=0 pt=0 ru=235400 rp=239416
18:36:57.766 @I ww=marvin cut=0.50 win=5 cool=1000 tick=100 wifi=1 srv=1 li=0 ln=0
18:36:57.766 @T t=212297 s=0.000 lv=-40.5 pk=-38.6 c0=4.6 c1=4.7 kw=4.58 inf=1.83 iv=0.00 n=0 d=0 sk=2 hf=96148 hm=92132 ht=283156 pf=0 pm=0 pt=0 ru=235400 rp=239416
18:36:57.766 @T t=212403 s=0.000 lv=-40.5 pk=-39.2 c0=3.3 c1=6.2 kw=5.95 inf=1.37 iv=0.00 n=0 d=0 sk=4 hf=96148 hm=92132 ht=283156 pf=0 pm=0 pt=0 ru=235400 rp=239416
18:36:57.766 @T t=212489 s=0.000 lv=-41.1 pk=-38.7 c0=4.3 c1=5.2 kw=4.90 inf=1.83 iv=0.00 n=0 d=0 sk=2 hf=96148 hm=92132 ht=283156 pf=0 pm=0 pt=0 ru=235400 rp=239416
18:36:57.766 @T t=212595 s=0.000 lv=-40.9 pk=-38.7 c0=3.2 c1=5.1 kw=4.92 inf=1.51 iv=0.00 n=0 d=0 sk=3 hf=96148 hm=92132 ht=283156 pf=0 pm=0 pt=0 ru=235400 rp=239416
18:36:57.766 @T t=212701 s=0.000 lv=-41.4 pk=-39.9 c0=3.1 c1=5.0 kw=5.09 inf=1.53 iv=0.00 n=0 d=0 sk=3 hf=96148 hm=92132 ht=283156 pf=0 pm=0 pt=0 ru=235400 rp=239416
18:36:57.766 @T t=212787 s=0.000 lv=-40.1 pk=-38.4 c0=8.4 c1=6.7 kw=6.22 inf=1.60 iv=0.00 n=0 d=0 sk=3 hf=96148 hm=92132 ht=283156 pf=0 pm=0 pt=0 ru=235400 rp=239416
18:37:00.267 @T t=212893 s=0.000 lv=-41.4 pk=-41.2 c0=3.5 c1=5.2 kw=4.97 inf=1.53 iv=0.00 n=0 d=0 sk=3 hf=96148 hm=92132 ht=283156 pf=0 pm=0 pt=0 ru=235400 rp=239416
18:37:00.267 @T t=212999 s=0.000 lv=-41.1 pk=-40.2 c0=3.2 c1=5.1 kw=4.94 inf=1.52 iv=0.00 n=0 d=0 sk=3 hf=96148 hm=92132 ht=283156 pf=0 pm=0 pt=0 ru=235400 rp=239416
18:37:00.267 @T t=213105 s=0.000 lv=-40.7 pk=-39.4 c0=3.2 c1=6.1 kw=5.93 inf=1.37 iv=0.00 n=0 d=0 sk=4 hf=96148 hm=92132 ht=283156 pf=0 pm=0 pt=0 ru=235400 rp=239416
18:37:00.267 @T t=213191 s=0.000 lv=-40.1 pk=-38.5 c0=3.8 c1=5.0 kw=4.89 inf=1.83 iv=0.00 n=0 d=0 sk=2 hf=96148 hm=92132 ht=283156 pf=0 pm=0 pt=0 ru=235400 rp=239416
18:37:00.267 @I ww=marvin cut=0.50 win=5 cool=1000 tick=100 wifi=1 srv=1 li=0 ln=0
18:37:00.267 @T t=213303 s=0.000 lv=-40.2 pk=-38.7 c0=3.9 c1=5.8 kw=5.64 inf=1.38 iv=0.00 n=0 d=0 sk=4 hf=96148 hm=92132 ht=283156 pf=0 pm=0 pt=0 ru=235400 rp=239416
18:37:00.267 @T t=213389 s=0.000 lv=-41.4 pk=-40.4 c0=8.1 c1=5.0 kw=4.90 inf=1.83 iv=0.00 n=0 d=0 sk=2 hf=96148 hm=92132 ht=283156 pf=0 pm=0 pt=0 ru=235400 rp=239416
18:37:00.267 @T t=213495 s=0.000 lv=-39.9 pk=-39.1 c0=3.1 c1=5.1 kw=4.93 inf=1.52 iv=0.00 n=0 d=0 sk=3 hf=96148 hm=92132 ht=283156 pf=0 pm=0 pt=0 ru=235400 rp=239416
18:37:00.267 @T t=213601 s=0.000 lv=-40.7 pk=-39.0 c0=6.4 c1=5.0 kw=5.06 inf=1.52 iv=0.00 n=0 d=0 sk=3 hf=96148 hm=92132 ht=283156 pf=0 pm=0 pt=0 ru=235400 rp=239416
18:37:00.267 @T t=213687 s=0.000 lv=-39.1 pk=-37.8 c0=3.7 c1=6.5 kw=6.12 inf=1.57 iv=0.00 n=0 d=0 sk=3 hf=96148 hm=92132 ht=283156 pf=0 pm=0 pt=0 ru=235400 rp=239416
18:37:00.267 @T t=213793 s=0.000 lv=-39.8 pk=-38.5 c0=10.2 c1=5.7 kw=5.13 inf=1.58 iv=0.00 n=0 d=0 sk=3 hf=96148 hm=92132 ht=283156 pf=0 pm=0 pt=0 ru=235400 rp=239416
18:37:00.267 @T t=213899 s=0.000 lv=-38.5 pk=-37.7 c0=4.6 c1=5.2 kw=5.04 inf=1.55 iv=0.00 n=0 d=0 sk=3 hf=96148 hm=92132 ht=283156 pf=0 pm=0 pt=0 ru=235400 rp=239416
18:37:00.267 @T t=214005 s=0.000 lv=-39.9 pk=-39.1 c0=3.3 c1=6.1 kw=5.97 inf=1.38 iv=0.00 n=0 d=0 sk=4 hf=96148 hm=92132 ht=283156 pf=0 pm=0 pt=0 ru=235400 rp=239416
18:37:00.267 @T t=214091 s=0.000 lv=-39.8 pk=-39.5 c0=7.9 c1=5.0 kw=4.89 inf=1.83 iv=0.00 n=0 d=0 sk=2 hf=96148 hm=92132 ht=283156 pf=0 pm=0 pt=0 ru=235400 rp=239416
18:37:00.267 @T t=214197 s=0.000 lv=-41.3 pk=-39.6 c0=3.1 c1=5.0 kw=4.90 inf=1.51 iv=0.00 n=0 d=0 sk=3 hf=96148 hm=92132 ht=283156 pf=0 pm=0 pt=0 ru=235400 rp=239416
18:37:00.267 @I ww=marvin cut=0.50 win=5 cool=1000 tick=100 wifi=1 srv=1 li=0 ln=0
18:37:00.267 @T t=214289 s=0.000 lv=-37.8 pk=-35.6 c0=13.5 c1=18.0 kw=17.81 inf=1.21 iv=1.00 n=11 d=0 sk=2 hf=96148 hm=92132 ht=283156 pf=0 pm=0 pt=0 ru=235400 rp=239416
18:37:00.267 @T t=214395 s=0.000 lv=-38.8 pk=-36.4 c0=3.9 c1=9.0 kw=8.77 inf=2.86 iv=1.24 n=3 d=0 sk=0 hf=96148 hm=92132 ht=283156 pf=0 pm=0 pt=0 ru=235400 rp=239416
18:37:00.267 @T t=214501 s=0.000 lv=-40.7 pk=-38.5 c0=3.4 c1=8.6 kw=8.60 inf=2.76 iv=1.16 n=3 d=0 sk=0 hf=96148 hm=92132 ht=283156 pf=0 pm=0 pt=0 ru=235400 rp=239416
18:37:00.267 @T t=214590 s=0.000 lv=-39.9 pk=-38.7 c0=4.2 c1=12.4 kw=11.91 inf=2.51 iv=1.30 n=4 d=0 sk=0 hf=96148 hm=92132 ht=283156 pf=0 pm=0 pt=0 ru=235400 rp=239416
18:37:00.267 @T t=214696 s=0.000 lv=-40.6 pk=-39.4 c0=3.4 c1=8.5 kw=8.31 inf=2.71 iv=1.13 n=3 d=0 sk=0 hf=96148 hm=92132 ht=283156 pf=0 pm=0 pt=0 ru=235400 rp=239416
18:37:00.267 @T t=214802 s=0.000 lv=-40.6 pk=-39.4 c0=4.0 c1=9.9 kw=8.94 inf=2.88 iv=1.24 n=3 d=0 sk=0 hf=96148 hm=92132 ht=283156 pf=0 pm=0 pt=0 ru=235400 rp=239416
18:37:00.267 @T t=214888 s=0.000 lv=-40.8 pk=-39.0 c0=4.4 c1=11.4 kw=12.13 inf=2.47 iv=1.19 n=4 d=0 sk=0 hf=96148 hm=92132 ht=283156 pf=0 pm=0 pt=0 ru=235400 rp=239416
18:37:00.267 @T t=214994 s=0.000 lv=-39.2 pk=-37.6 c0=6.7 c1=8.6 kw=8.42 inf=2.75 iv=1.15 n=3 d=0 sk=0 hf=96148 hm=92132 ht=283156 pf=0 pm=0 pt=0 ru=235400 rp=239416
18:37:00.267 @T t=215100 s=0.000 lv=-39.3 pk=-37.0 c0=3.6 c1=8.8 kw=8.61 inf=2.80 iv=1.19 n=3 d=0 sk=0 hf=96148 hm=92132 ht=283156 pf=0 pm=0 pt=0 ru=235400 rp=239416
18:37:00.267 @T t=215189 s=0.000 lv=-39.4 pk=-37.6 c0=3.9 c1=11.7 kw=11.48 inf=2.37 iv=1.15 n=4 d=0 sk=0 hf=96148 hm=92132 ht=283156 pf=0 pm=0 pt=0 ru=235400 rp=239416
18:37:00.267 @I ww=marvin cut=0.50 win=5 cool=1000 tick=100 wifi=1 srv=1 li=0 ln=0
18:37:00.267 @T t=215301 s=0.000 lv=-39.4 pk=-38.3 c0=4.1 c1=8.1 kw=8.17 inf=2.77 iv=1.17 n=3 d=0 sk=0 hf=96148 hm=92132 ht=283156 pf=0 pm=0 pt=0 ru=235400 rp=239416
18:37:02.873 @T t=215389 s=0.000 lv=-39.0 pk=-38.2 c0=4.0 c1=11.3 kw=10.79 inf=2.98 iv=1.28 n=3 d=0 sk=0 hf=96148 hm=92132 ht=283156 pf=0 pm=0 pt=0 ru=235400 rp=239416
18:37:02.874 @T t=215495 s=0.000 lv=-40.3 pk=-38.4 c0=3.4 c1=9.7 kw=9.48 inf=2.33 iv=1.13 n=4 d=0 sk=0 hf=96148 hm=92132 ht=283156 pf=0 pm=0 pt=0 ru=235400 rp=239416
18:37:02.874 @T t=215601 s=0.000 lv=-40.5 pk=-38.9 c0=4.0 c1=8.7 kw=8.74 inf=2.80 iv=1.19 n=3 d=0 sk=0 hf=96148 hm=92132 ht=283156 pf=0 pm=0 pt=0 ru=235400 rp=239416
18:37:02.874 @T t=215689 s=0.000 lv=-39.5 pk=-37.0 c0=4.0 c1=11.1 kw=10.62 inf=2.93 iv=1.25 n=3 d=0 sk=0 hf=96148 hm=92132 ht=283156 pf=0 pm=0 pt=0 ru=235400 rp=239416
18:37:02.874 @T t=215795 s=0.000 lv=-40.5 pk=-38.8 c0=5.7 c1=10.3 kw=10.08 inf=2.49 iv=1.26 n=4 d=0 sk=0 hf=94384 hm=92132 ht=283156 pf=0 pm=0 pt=0 ru=237164 rp=239416
18:37:02.874 @T t=215902 s=0.000 lv=-40.6 pk=-39.4 c0=9.2 c1=9.5 kw=9.06 inf=2.21 iv=1.45 n=2 d=0 sk=2 hf=96148 hm=92132 ht=283156 pf=0 pm=0 pt=0 ru=235400 rp=239416
18:37:02.874 @T t=215988 s=0.000 lv=-40.5 pk=-39.6 c0=7.3 c1=5.2 kw=4.92 inf=1.84 iv=0.00 n=0 d=0 sk=2 hf=96148 hm=92132 ht=283156 pf=0 pm=0 pt=0 ru=235400 rp=239416
18:37:02.875 @T t=216094 s=0.000 lv=-39.8 pk=-38.5 c0=3.5 c1=5.2 kw=4.99 inf=1.54 iv=0.00 n=0 d=0 sk=3 hf=96148 hm=92132 ht=283156 pf=0 pm=0 pt=0 ru=235400 rp=239416
18:37:02.875 @T t=216200 s=0.000 lv=-40.2 pk=-39.3 c0=3.3 c1=5.1 kw=4.95 inf=1.52 iv=0.00 n=0 d=0 sk=3 hf=96148 hm=92132 ht=283156 pf=0 pm=0 pt=0 ru=235400 rp=239416
18:37:02.875 @I ww=marvin cut=0.50 win=5 cool=1000 tick=100 wifi=1 srv=1 li=0 ln=0
18:37:02.875 @T t=216292 s=0.000 lv=-40.6 pk=-40.3 c0=13.3 c1=5.9 kw=5.69 inf=1.52 iv=0.00 n=0 d=0 sk=3 hf=96148 hm=92132 ht=283156 pf=0 pm=0 pt=0 ru=235400 rp=239416
18:37:02.875 @T t=216398 s=0.000 lv=-40.7 pk=-39.6 c0=3.1 c1=5.0 kw=4.91 inf=1.51 iv=0.00 n=0 d=0 sk=3 hf=96148 hm=92132 ht=283156 pf=0 pm=0 pt=0 ru=235400 rp=239416
18:37:02.875 @T t=216504 s=0.000 lv=-39.9 pk=-38.9 c0=3.1 c1=6.0 kw=5.89 inf=1.36 iv=0.00 n=0 d=0 sk=4 hf=96148 hm=92132 ht=283156 pf=0 pm=0 pt=0 ru=235400 rp=239416
18:37:02.875 @T t=216590 s=0.000 lv=-39.8 pk=-38.3 c0=3.7 c1=5.0 kw=4.86 inf=1.82 iv=0.00 n=0 d=0 sk=2 hf=96148 hm=92132 ht=283156 pf=0 pm=0 pt=0 ru=235400 rp=239416
18:37:02.875 @T t=216696 s=0.000 lv=-40.6 pk=-39.1 c0=3.0 c1=5.1 kw=4.92 inf=1.52 iv=0.00 n=0 d=0 sk=3 hf=96148 hm=92132 ht=283156 pf=0 pm=0 pt=0 ru=235400 rp=239416
18:37:02.875 @T t=216802 s=0.000 lv=-40.7 pk=-39.4 c0=6.3 c1=5.9 kw=5.91 inf=1.37 iv=0.00 n=0 d=0 sk=4 hf=96148 hm=92132 ht=283156 pf=0 pm=0 pt=0 ru=235400 rp=239416
18:37:02.875 @T t=216888 s=0.000 lv=-41.8 pk=-39.9 c0=8.9 c1=5.2 kw=4.90 inf=1.84 iv=0.00 n=0 d=0 sk=2 hf=96148 hm=92132 ht=283156 pf=0 pm=0 pt=0 ru=235400 rp=239416
18:37:02.875 @T t=216994 s=0.000 lv=-41.2 pk=-40.1 c0=3.2 c1=5.1 kw=4.97 inf=1.53 iv=0.00 n=0 d=0 sk=3 hf=96148 hm=92132 ht=283156 pf=0 pm=0 pt=0 ru=235400 rp=239416
18:37:02.875 @T t=217100 s=0.000 lv=-39.8 pk=-38.7 c0=3.2 c1=5.1 kw=4.95 inf=1.52 iv=0.00 n=0 d=0 sk=3 hf=96148 hm=92132 ht=283156 pf=0 pm=0 pt=0 ru=235400 rp=239416
18:37:02.876 @T t=217186 s=0.000 lv=-40.9 pk=-39.8 c0=8.2 c1=6.4 kw=6.20 inf=1.55 iv=0.00 n=0 d=0 sk=3 hf=96148 hm=92132 ht=283156 pf=0 pm=0 pt=0 ru=235400 rp=239416
18:37:02.876 @I ww=marvin cut=0.50 win=5 cool=1000 tick=100 wifi=1 srv=1 li=0 ln=0
18:37:02.876 @T t=217298 s=0.000 lv=-40.4 pk=-38.7 c0=3.8 c1=4.8 kw=4.70 inf=1.53 iv=0.00 n=0 d=0 sk=3 hf=96148 hm=92132 ht=283156 pf=0 pm=0 pt=0 ru=235400 rp=239416
18:37:02.877 @T t=217404 s=0.000 lv=-40.7 pk=-37.5 c0=3.2 c1=6.1 kw=5.91 inf=1.36 iv=0.00 n=0 d=0 sk=4 hf=96148 hm=92132 ht=283156 pf=0 pm=0 pt=0 ru=235400 rp=239416
18:37:02.877 @T t=217490 s=0.000 lv=-41.0 pk=-40.0 c0=3.8 c1=5.0 kw=4.92 inf=1.84 iv=0.00 n=0 d=0 sk=2 hf=96148 hm=92132 ht=283156 pf=0 pm=0 pt=0 ru=235400 rp=239416
18:37:02.877 @T t=217596 s=0.000 lv=-40.7 pk=-40.0 c0=3.0 c1=5.1 kw=4.94 inf=1.52 iv=0.00 n=0 d=0 sk=3 hf=96148 hm=92132 ht=283156 pf=0 pm=0 pt=0 ru=235400 rp=239416
18:37:02.877 @T t=217702 s=0.000 lv=-40.0 pk=-37.7 c0=3.1 c1=5.9 kw=5.89 inf=1.36 iv=0.00 n=0 d=0 sk=4 hf=96148 hm=92132 ht=283156 pf=0 pm=0 pt=0 ru=235400 rp=239416
18:37:02.877 @T t=217788 s=0.000 lv=-40.8 pk=-38.6 c0=8.1 c1=5.1 kw=4.83 inf=1.81 iv=0.00 n=0 d=0 sk=2 hf=96148 hm=92132 ht=283156 pf=0 pm=0 pt=0 ru=235400 rp=239416
18:37:02.877 @T t=217895 s=0.000 lv=-39.9 pk=-38.9 c0=6.6 c1=5.9 kw=5.08 inf=1.57 iv=0.00 n=0 d=0 sk=3 hf=96148 hm=92132 ht=283156 pf=0 pm=0 pt=0 ru=235400 rp=239416
18:37:05.366 @T t=218001 s=0.000 lv=-39.1 pk=-37.5 c0=3.4 c1=5.0 kw=5.12 inf=1.54 iv=0.00 n=0 d=0 sk=3 hf=96148 hm=92132 ht=283156 pf=0 pm=0 pt=0 ru=235400 rp=239416
18:37:05.366 @T t=218087 s=0.000 lv=-39.7 pk=-38.3 c0=8.6 c1=6.7 kw=6.21 inf=1.60 iv=0.00 n=0 d=0 sk=3 hf=96148 hm=92132 ht=283156 pf=0 pm=0 pt=0 ru=235400 rp=239416
18:37:05.366 @T t=218193 s=0.000 lv=-39.7 pk=-37.8 c0=3.3 c1=5.1 kw=4.97 inf=1.53 iv=0.00 n=0 d=0 sk=3 hf=96148 hm=92132 ht=283156 pf=0 pm=0 pt=0 ru=235400 rp=239416
18:37:05.367 @I ww=marvin cut=0.50 win=5 cool=1000 tick=100 wifi=1 srv=1 li=0 ln=0
18:37:05.367 @T t=218305 s=0.000 lv=-38.7 pk=-36.0 c0=11.3 c1=5.8 kw=5.61 inf=1.37 iv=0.00 n=0 d=0 sk=4 hf=96148 hm=92132 ht=283156 pf=0 pm=0 pt=0 ru=235400 rp=239416
18:37:05.367 @T t=218391 s=0.000 lv=-39.2 pk=-38.3 c0=4.2 c1=5.1 kw=4.94 inf=1.85 iv=0.00 n=0 d=0 sk=2 hf=96148 hm=92132 ht=283156 pf=0 pm=0 pt=0 ru=235400 rp=239416
18:37:05.367 @T t=218497 s=0.000 lv=-40.3 pk=-39.4 c0=3.1 c1=5.0 kw=4.91 inf=1.51 iv=0.00 n=0 d=0 sk=3 hf=96148 hm=92132 ht=283156 pf=0 pm=0 pt=0 ru=235400 rp=239416
18:37:05.368 @T t=218603 s=0.000 lv=-39.2 pk=-37.2 c0=6.3 c1=6.1 kw=5.91 inf=1.36 iv=0.00 n=0 d=0 sk=4 hf=96148 hm=92132 ht=283156 pf=0 pm=0 pt=0 ru=235400 rp=239416
18:37:05.368 @T t=218689 s=0.000 lv=-41.4 pk=-40.4 c0=3.7 c1=5.0 kw=4.84 inf=1.81 iv=0.00 n=0 d=0 sk=2 hf=96148 hm=92132 ht=283156 pf=0 pm=0 pt=0 ru=235400 rp=239416
18:37:05.368 @T t=218795 s=0.000 lv=-41.3 pk=-40.5 c0=6.3 c1=5.0 kw=4.91 inf=1.51 iv=0.00 n=0 d=0 sk=3 hf=96148 hm=92132 ht=283156 pf=0 pm=0 pt=0 ru=235400 rp=239416
18:37:05.369 @T t=218901 s=0.000 lv=-40.7 pk=-39.2 c0=3.7 c1=5.0 kw=5.08 inf=1.53 iv=0.00 n=0 d=0 sk=3 hf=96148 hm=92132 ht=283156 pf=0 pm=0 pt=0 ru=235400 rp=239416
18:37:05.369 @T t=218987 s=0.000 lv=-41.3 pk=-40.9 c0=3.9 c1=6.6 kw=6.21 inf=1.60 iv=0.00 n=0 d=0 sk=3 hf=96148 hm=92132 ht=283156 pf=0 pm=0 pt=0 ru=235400 rp=239416
18:37:05.369 @T t=219093 s=0.000 lv=-40.4 pk=-38.4 c0=3.2 c1=5.1 kw=4.94 inf=1.52 iv=0.00 n=0 d=0 sk=3 hf=96148 hm=92132 ht=283156 pf=0 pm=0 pt=0 ru=235400 rp=239416
18:37:05.369 @T t=219199 s=0.000 lv=-40.9 pk=-39.5 c0=3.4 c1=5.1 kw=4.93 inf=1.52 iv=0.00 n=0 d=0 sk=3 hf=96148 hm=92132 ht=283156 pf=0 pm=0 pt=0 ru=235400 rp=239416
18:37:05.369 @I ww=marvin cut=0.50 win=5 cool=1000 tick=100 wifi=1 srv=1 li=0 ln=0
18:37:05.369 @T t=219291 s=0.000 lv=-40.6 pk=-40.0 c0=4.6 c1=5.9 kw=5.78 inf=1.55 iv=0.00 n=0 d=0 sk=3 hf=96148 hm=92132 ht=283156 pf=0 pm=0 pt=0 ru=235400 rp=239416
18:37:05.369 @T t=219397 s=0.000 lv=-38.5 pk=-35.3 c0=6.3 c1=17.6 kw=17.39 inf=1.36 iv=0.99 n=13 d=0 sk=0 hf=96148 hm=92132 ht=283156 pf=0 pm=0 pt=0 ru=235400 rp=239416
18:37:05.369 @T t=219503 s=0.000 lv=-41.9 pk=-40.5 c0=6.7 c1=10.4 kw=10.39 inf=2.55 iv=1.12 n=4 d=0 sk=0 hf=96148 hm=92132 ht=283156 pf=0 pm=0 pt=0 ru=235400 rp=239416
18:37:05.369 @T t=219589 s=0.000 lv=-40.9 pk=-39.7 c0=4.1 c1=8.5 kw=8.03 inf=3.17 iv=1.25 n=2 d=0 sk=0 hf=96148 hm=92132 ht=283156 pf=0 pm=0 pt=0 ru=235400 rp=239416
18:37:05.370 @T t=219695 s=0.000 lv=-39.7 pk=-37.6 c0=3.4 c1=9.6 kw=9.44 inf=2.33 iv=1.13 n=4 d=0 sk=0 hf=96148 hm=92132 ht=283156 pf=0 pm=0 pt=0 ru=235400 rp=239416
18:37:05.370 @T t=219801 s=0.000 lv=-41.4 pk=-40.0 c0=6.5 c1=8.7 kw=8.75 inf=2.81 iv=1.19 n=3 d=0 sk=0 hf=96148 hm=92132 ht=283156 pf=0 pm=0 pt=0 ru=235400 rp=239416
18:37:05.370 @T t=219889 s=0.000 lv=-41.8 pk=-41.0 c0=7.0 c1=12.0 kw=11.46 inf=3.16 iv=1.43 n=3 d=0 sk=0 hf=94384 hm=92132 ht=283156 pf=0 pm=0 pt=0 ru=237164 rp=239416
18:37:05.370 @T t=219995 s=0.000 lv=-40.2 pk=-39.4 c0=5.5 c1=10.4 kw=9.84 inf=2.43 iv=1.20 n=4 d=0 sk=0 hf=96148 hm=92132 ht=283156 pf=0 pm=0 pt=0 ru=235400 rp=239416
18:37:05.370 @T t=220101 s=0.000 lv=-39.7 pk=-38.3 c0=4.5 c1=8.9 kw=8.95 inf=2.88 iv=1.25 n=3 d=0 sk=0 hf=95952 hm=92132 ht=283156 pf=0 pm=0 pt=0 ru=235596 rp=239416
18:37:05.370 @T t=220190 s=0.000 lv=-41.2 pk=-40.6 c0=4.7 c1=11.3 kw=10.80 inf=3.02 iv=1.35 n=3 d=0 sk=0 hf=96148 hm=92132 ht=283156 pf=0 pm=0 pt=0 ru=235400 rp=239416
18:37:05.370 @I ww=marvin cut=0.50 win=5 cool=1000 tick=100 wifi=1 srv=1 li=0 ln=0
18:37:05.370 @T t=220301 s=0.000 lv=-41.6 pk=-39.3 c0=4.4 c1=9.3 kw=9.32 inf=2.38 iv=1.16 n=4 d=0 sk=0 hf=96148 hm=92132 ht=283156 pf=0 pm=0 pt=0 ru=235400 rp=239416
18:37:05.370 @T t=220387 s=0.000 lv=-41.5 pk=-40.7 c0=4.3 c1=11.1 kw=10.62 inf=2.85 iv=1.18 n=3 d=0 sk=0 hf=96148 hm=92132 ht=283156 pf=0 pm=0 pt=0 ru=235400 rp=239416
18:37:07.667 @T t=220493 s=0.000 lv=-41.1 pk=-39.1 c0=3.4 c1=8.7 kw=8.57 inf=2.79 iv=1.19 n=3 d=0 sk=0 hf=96148 hm=92132 ht=283156 pf=0 pm=0 pt=0 ru=235400 rp=239416
18:37:07.667 @T t=220599 s=0.000 lv=-41.5 pk=-40.9 c0=3.5 c1=9.8 kw=9.62 inf=2.37 iv=1.17 n=4 d=0 sk=0 hf=96148 hm=92132 ht=283156 pf=0 pm=0 pt=0 ru=235400 rp=239416
18:37:07.667 @T t=220705 s=0.000 lv=-40.8 pk=-40.0 c0=3.4 c1=10.4 kw=10.24 inf=2.51 iv=1.08 n=4 d=0 sk=0 hf=96148 hm=92132 ht=283156 pf=0 pm=0 pt=0 ru=235400 rp=239416
18:37:07.667 @T t=220791 s=0.000 lv=-41.5 pk=-39.8 c0=4.2 c1=8.0 kw=7.81 inf=3.08 iv=1.17 n=2 d=0 sk=0 hf=96148 hm=92132 ht=283156 pf=0 pm=0 pt=0 ru=235400 rp=239416
18:37:07.667 @T t=220897 s=0.000 lv=-39.7 pk=-39.1 c0=4.0 c1=10.2 kw=10.03 inf=2.48 iv=1.24 n=4 d=0 sk=0 hf=96148 hm=92132 ht=283156 pf=0 pm=0 pt=0 ru=235400 rp=239416
18:37:07.667 @T t=221003 s=0.000 lv=-38.8 pk=-37.3 c0=6.6 c1=6.1 kw=6.01 inf=1.39 iv=0.00 n=0 d=0 sk=4 hf=96148 hm=92132 ht=283156 pf=0 pm=0 pt=0 ru=235400 rp=239416
18:37:07.667 @T t=221089 s=0.000 lv=-40.3 pk=-39.0 c0=4.0 c1=5.0 kw=4.90 inf=1.83 iv=0.00 n=0 d=0 sk=2 hf=96148 hm=92132 ht=283156 pf=0 pm=0 pt=0 ru=235400 rp=239416
18:37:07.667 @T t=221195 s=0.000 lv=-38.3 pk=-37.3 c0=6.4 c1=5.1 kw=4.95 inf=1.52 iv=0.00 n=0 d=0 sk=3 hf=96148 hm=92132 ht=283156 pf=0 pm=0 pt=0 ru=235400 rp=239416
18:37:07.667 @I ww=marvin cut=0.50 win=5 cool=1000 tick=100 wifi=1 srv=1 li=0 ln=0
18:37:07.667 @T t=221287 s=0.000 lv=-37.5 pk=-35.9 c0=13.3 c1=5.8 kw=5.68 inf=1.51 iv=0.00 n=0 d=0 sk=3 hf=96148 hm=92132 ht=283156 pf=0 pm=0 pt=0 ru=235400 rp=239416
18:37:07.667 [status] up 221s | mic -40.2 dBFS (peak -35.3) | score max 0.00 | detections 0 | inferences 126 (12.6/s; model 1.17 ms each, paused in quiet 62%; features 1.42 ms per 30 ms) | CPU core0  5.1% core1  7.1% (wake word pipeline 6.85% of one core) | RAM used 229 KB (peak 233 KB, 93 KB free) | wifi OK, server OK | audio lost since boot: i2s 0 net 0
18:37:07.667 @T t=221396 s=0.000 lv=-40.6 pk=-39.7 c0=7.8 c1=5.1 kw=4.94 inf=1.56 iv=0.00 n=0 d=0 sk=3 hf=96148 hm=92132 ht=283156 pf=0 pm=0 pt=0 ru=235400 rp=239416
18:37:07.668 @T t=221502 s=0.000 lv=-40.8 pk=-39.4 c0=3.3 c1=5.9 kw=5.95 inf=1.37 iv=0.00 n=0 d=0 sk=4 hf=96148 hm=92132 ht=283156 pf=0 pm=0 pt=0 ru=235400 rp=239416
18:37:07.668 @T t=221588 s=0.000 lv=-35.6 pk=-31.5 c0=7.9 c1=18.2 kw=17.81 inf=1.23 iv=1.00 n=11 d=0 sk=1 hf=96148 hm=92132 ht=283156 pf=0 pm=0 pt=0 ru=235400 rp=239416
18:37:07.668 @T t=221694 s=0.000 lv=-39.6 pk=-38.1 c0=6.7 c1=8.8 kw=8.60 inf=2.81 iv=1.19 n=3 d=0 sk=0 hf=96148 hm=92132 ht=283156 pf=0 pm=0 pt=0 ru=235400 rp=239416
18:37:07.668 @T t=221800 s=0.000 lv=-40.7 pk=-38.9 c0=6.6 c1=8.8 kw=8.65 inf=2.82 iv=1.21 n=3 d=0 sk=0 hf=96148 hm=92132 ht=283156 pf=0 pm=0 pt=0 ru=235400 rp=239416
18:37:07.668 @T t=221889 s=0.000 lv=-41.0 pk=-39.6 c0=11.0 c1=12.0 kw=11.81 inf=2.44 iv=1.21 n=4 d=0 sk=0 hf=96148 hm=92132 ht=283156 pf=0 pm=0 pt=0 ru=235400 rp=239416
18:37:07.668 @T t=221995 s=0.000 lv=-41.8 pk=-39.7 c0=10.8 c1=9.9 kw=9.32 inf=3.05 iv=1.36 n=3 d=0 sk=0 hf=96148 hm=92132 ht=283156 pf=0 pm=0 pt=0 ru=235400 rp=239416
18:37:07.668 @T t=222101 s=0.000 lv=-40.5 pk=-38.9 c0=4.2 c1=9.0 kw=8.98 inf=2.89 iv=1.24 n=3 d=0 sk=0 hf=96148 hm=92132 ht=283156 pf=0 pm=0 pt=0 ru=235400 rp=239416
18:37:07.668 @T t=222187 s=0.000 lv=-40.6 pk=-40.1 c0=7.7 c1=12.6 kw=12.17 inf=2.48 iv=1.28 n=4 d=0 sk=0 hf=96148 hm=92132 ht=283156 pf=0 pm=0 pt=0 ru=235400 rp=239416
18:37:07.668 @I ww=marvin cut=0.50 win=5 cool=1000 tick=100 wifi=1 srv=1 li=0 ln=0
18:37:07.668 @T t=222299 s=0.000 lv=-41.1 pk=-38.7 c0=3.9 c1=8.3 kw=8.11 inf=2.80 iv=1.19 n=3 d=0 sk=0 hf=96148 hm=92132 ht=283156 pf=0 pm=0 pt=0 ru=235400 rp=239416
18:37:07.668 @T t=222405 s=0.000 lv=-40.6 pk=-39.5 c0=3.6 c1=11.0 kw=10.81 inf=2.65 iv=1.19 n=4 d=0 sk=0 hf=96148 hm=92132 ht=283156 pf=0 pm=0 pt=0 ru=235400 rp=239416
18:37:07.668 @T t=222491 s=0.000 lv=-38.3 pk=-36.8 c0=4.7 c1=10.0 kw=9.78 inf=2.61 iv=1.29 n=3 d=0 sk=0 hf=96148 hm=92132 ht=283156 pf=0 pm=0 pt=0 ru=235400 rp=239416
18:37:07.668 @T t=222597 s=0.000 lv=-39.9 pk=-38.7 c0=6.7 c1=8.8 kw=8.64 inf=2.82 iv=1.21 n=3 d=0 sk=0 hf=96148 hm=92132 ht=283156 pf=0 pm=0 pt=0 ru=235400 rp=239416
18:37:07.668 @T t=222703 s=0.000 lv=-39.2 pk=-38.5 c0=3.5 c1=10.6 kw=10.74 inf=2.64 iv=1.19 n=4 d=0 sk=0 hf=96148 hm=92132 ht=283156 pf=0 pm=0 pt=0 ru=235400 rp=239416
18:37:10.180 @T t=222789 s=0.000 lv=-39.5 pk=-38.4 c0=4.2 c1=9.9 kw=9.29 inf=2.47 iv=1.19 n=3 d=0 sk=0 hf=96148 hm=92132 ht=283156 pf=0 pm=0 pt=0 ru=235400 rp=239416
18:37:10.180 @T t=222895 s=0.000 lv=-39.7 pk=-38.9 c0=3.6 c1=8.8 kw=8.63 inf=2.81 iv=1.20 n=3 d=0 sk=0 hf=96148 hm=92132 ht=283156 pf=0 pm=0 pt=0 ru=235400 rp=239416
18:37:10.180 @T t=223001 s=0.000 lv=-40.8 pk=-38.5 c0=3.9 c1=8.5 kw=8.53 inf=2.73 iv=1.12 n=3 d=0 sk=0 hf=96148 hm=92132 ht=283156 pf=0 pm=0 pt=0 ru=235400 rp=239416
18:37:10.180 @T t=223090 s=0.000 lv=-39.8 pk=-38.5 c0=4.3 c1=12.3 kw=11.79 inf=2.48 iv=1.28 n=4 d=0 sk=0 hf=96148 hm=92132 ht=283156 pf=0 pm=0 pt=0 ru=235400 rp=239416
18:37:10.180 @T t=223196 s=0.000 lv=-39.8 pk=-38.4 c0=3.4 c1=7.6 kw=7.42 inf=2.39 iv=1.21 n=2 d=0 sk=1 hf=96148 hm=92132 ht=283156 pf=0 pm=0 pt=0 ru=235400 rp=239416
18:37:10.180 @I ww=marvin cut=0.50 win=5 cool=1000 tick=100 wifi=1 srv=1 li=0 ln=0
18:37:10.180 @T t=223288 s=0.000 lv=-39.6 pk=-38.8 c0=4.7 c1=5.9 kw=5.73 inf=1.53 iv=0.00 n=0 d=0 sk=3 hf=96148 hm=92132 ht=283156 pf=0 pm=0 pt=0 ru=235400 rp=239416
18:37:10.180 @T t=223394 s=0.000 lv=-40.0 pk=-38.6 c0=3.2 c1=5.1 kw=4.93 inf=1.52 iv=0.00 n=0 d=0 sk=3 hf=96148 hm=92132 ht=283156 pf=0 pm=0 pt=0 ru=235400 rp=239416
18:37:10.180 @T t=223500 s=0.000 lv=-39.5 pk=-37.8 c0=6.3 c1=5.1 kw=4.93 inf=1.52 iv=0.00 n=0 d=0 sk=3 hf=96148 hm=92132 ht=283156 pf=0 pm=0 pt=0 ru=235400 rp=239416
18:37:10.180 @T t=223586 s=0.000 lv=-40.0 pk=-39.1 c0=3.7 c1=6.3 kw=6.10 inf=1.52 iv=0.00 n=0 d=0 sk=3 hf=96148 hm=92132 ht=283156 pf=0 pm=0 pt=0 ru=235400 rp=239416
18:37:10.180 @T t=223692 s=0.000 lv=-39.3 pk=-38.5 c0=3.5 c1=5.1 kw=4.98 inf=1.53 iv=0.00 n=0 d=0 sk=3 hf=96148 hm=92132 ht=283156 pf=0 pm=0 pt=0 ru=235400 rp=239416
18:37:10.180 @T t=223798 s=0.000 lv=-38.8 pk=-37.0 c0=3.2 c1=5.1 kw=4.98 inf=1.53 iv=0.00 n=0 d=0 sk=3 hf=96148 hm=92132 ht=283156 pf=0 pm=0 pt=0 ru=235400 rp=239416
18:37:10.180 @T t=223904 s=0.000 lv=-40.4 pk=-38.9 c0=6.5 c1=6.1 kw=5.91 inf=1.36 iv=0.00 n=0 d=0 sk=4 hf=96148 hm=92132 ht=283156 pf=0 pm=0 pt=0 ru=235400 rp=239416
18:37:10.180 @T t=223990 s=0.000 lv=-39.7 pk=-38.6 c0=6.3 c1=5.2 kw=4.99 inf=1.86 iv=0.00 n=0 d=0 sk=2 hf=94384 hm=92132 ht=283156 pf=0 pm=0 pt=0 ru=237164 rp=239416
18:37:10.180 @T t=224097 s=0.000 lv=-40.3 pk=-39.4 c0=9.2 c1=5.6 kw=5.06 inf=1.57 iv=0.00 n=0 d=0 sk=3 hf=95952 hm=92132 ht=283156 pf=0 pm=0 pt=0 ru=235596 rp=239416
18:37:10.180 @T t=224201 s=0.000 lv=-38.5 pk=-36.8 c0=3.6 c1=5.2 kw=5.25 inf=1.55 iv=0.00 n=0 d=0 sk=3 hf=96148 hm=92132 ht=283156 pf=0 pm=0 pt=0 ru=235400 rp=239416
18:37:10.180 @I ww=marvin cut=0.50 win=5 cool=1000 tick=100 wifi=1 srv=1 li=0 ln=0
18:37:10.180 @T t=224293 s=0.000 lv=-40.8 pk=-40.1 c0=4.4 c1=6.2 kw=5.76 inf=1.59 iv=0.00 n=0 d=0 sk=3 hf=96148 hm=92132 ht=283156 pf=0 pm=0 pt=0 ru=235400 rp=239416
18:37:10.180 @T t=224399 s=0.000 lv=-41.3 pk=-39.5 c0=6.4 c1=5.1 kw=4.92 inf=1.51 iv=0.00 n=0 d=0 sk=3 hf=96148 hm=92132 ht=283156 pf=0 pm=0 pt=0 ru=235400 rp=239416
18:37:10.181 @T t=224505 s=0.000 lv=-40.9 pk=-39.3 c0=3.1 c1=6.1 kw=5.91 inf=1.37 iv=0.00 n=0 d=0 sk=4 hf=96148 hm=92132 ht=283156 pf=0 pm=0 pt=0 ru=235400 rp=239416
18:37:10.181 @T t=224591 s=0.000 lv=-39.7 pk=-38.5 c0=7.7 c1=5.0 kw=4.87 inf=1.82 iv=0.00 n=0 d=0 sk=2 hf=96148 hm=92132 ht=283156 pf=0 pm=0 pt=0 ru=235400 rp=239416
18:37:10.181 @T t=224697 s=0.000 lv=-37.9 pk=-35.1 c0=6.3 c1=14.5 kw=14.29 inf=1.21 iv=0.98 n=10 d=0 sk=2 hf=96148 hm=92132 ht=283156 pf=0 pm=0 pt=0 ru=235400 rp=239416
18:37:10.181 @T t=224803 s=0.000 lv=-39.1 pk=-37.5 c0=3.9 c1=10.9 kw=10.88 inf=2.67 iv=1.22 n=4 d=0 sk=0 hf=96148 hm=92132 ht=283156 pf=0 pm=0 pt=0 ru=235400 rp=239416
18:37:10.181 @T t=224889 s=0.000 lv=-39.8 pk=-37.4 c0=4.5 c1=9.9 kw=9.42 inf=2.51 iv=1.21 n=3 d=0 sk=0 hf=96148 hm=92132 ht=283156 pf=0 pm=0 pt=0 ru=235400 rp=239416
18:37:10.181 @T t=224995 s=0.000 lv=-40.3 pk=-39.3 c0=3.4 c1=8.5 kw=8.30 inf=2.70 iv=1.12 n=3 d=0 sk=0 hf=96148 hm=92132 ht=283156 pf=0 pm=0 pt=0 ru=235400 rp=239416
18:37:10.181 @T t=225101 s=0.000 lv=-40.7 pk=-39.4 c0=4.4 c1=8.7 kw=8.73 inf=2.80 iv=1.20 n=3 d=0 sk=0 hf=96148 hm=92132 ht=283156 pf=0 pm=0 pt=0 ru=235400 rp=239416
18:37:10.181 @T t=225190 s=0.000 lv=-39.1 pk=-38.1 c0=10.9 c1=12.0 kw=11.57 inf=2.43 iv=1.23 n=4 d=0 sk=0 hf=96148 hm=92132 ht=283156 pf=0 pm=0 pt=0 ru=235400 rp=239416
18:37:10.181 @I ww=marvin cut=0.50 win=5 cool=1000 tick=100 wifi=1 srv=1 li=0 ln=0
18:37:12.764 @T t=225302 s=0.000 lv=-39.4 pk=-37.8 c0=4.0 c1=8.9 kw=8.01 inf=2.71 iv=1.13 n=3 d=0 sk=0 hf=96148 hm=92132 ht=283156 pf=0 pm=0 pt=0 ru=235400 rp=239416
18:37:12.764 @T t=225388 s=0.000 lv=-40.0 pk=-37.6 c0=4.3 c1=9.8 kw=10.50 inf=2.82 iv=1.24 n=3 d=0 sk=0 hf=96148 hm=92132 ht=283156 pf=0 pm=0 pt=0 ru=235400 rp=239416
18:37:12.764 @T t=225494 s=0.000 lv=-41.0 pk=-39.7 c0=6.7 c1=9.5 kw=9.29 inf=2.29 iv=1.10 n=4 d=0 sk=0 hf=96148 hm=92132 ht=283156 pf=0 pm=0 pt=0 ru=235400 rp=239416
18:37:12.764 @T t=225600 s=0.000 lv=-40.2 pk=-38.5 c0=3.5 c1=8.6 kw=8.39 inf=2.73 iv=1.14 n=3 d=0 sk=0 hf=96148 hm=92132 ht=283156 pf=0 pm=0 pt=0 ru=235400 rp=239416
18:37:12.764 @T t=225686 s=0.000 lv=-39.6 pk=-38.2 c0=4.3 c1=10.8 kw=10.54 inf=2.78 iv=1.15 n=3 d=0 sk=0 hf=96148 hm=92132 ht=283156 pf=0 pm=0 pt=0 ru=235400 rp=239416
18:37:12.764 @T t=225792 s=0.000 lv=-40.1 pk=-38.8 c0=3.4 c1=9.4 kw=9.24 inf=2.27 iv=1.09 n=4 d=0 sk=0 hf=96148 hm=92132 ht=283156 pf=0 pm=0 pt=0 ru=235400 rp=239416
18:37:12.764 @T t=225898 s=0.000 lv=-40.0 pk=-38.4 c0=4.0 c1=9.1 kw=8.86 inf=2.89 iv=1.26 n=3 d=0 sk=0 hf=96148 hm=92132 ht=283156 pf=0 pm=0 pt=0 ru=235400 rp=239416
18:37:12.764 @T t=226004 s=0.000 lv=-39.3 pk=-38.1 c0=6.1 c1=10.7 kw=10.48 inf=2.57 iv=1.12 n=4 d=0 sk=0 hf=96148 hm=92132 ht=283156 pf=0 pm=0 pt=0 ru=235400 rp=239416
18:37:12.764 @T t=226091 s=0.000 lv=-40.4 pk=-38.8 c0=10.7 c1=10.9 kw=10.17 inf=2.74 iv=1.38 n=3 d=0 sk=0 hf=96148 hm=92132 ht=283156 pf=0 pm=0 pt=0 ru=235400 rp=239416
18:37:12.765 @T t=226198 s=0.000 lv=-40.5 pk=-39.8 c0=6.7 c1=8.5 kw=8.30 inf=2.73 iv=1.14 n=3 d=0 sk=0 hf=96148 hm=92132 ht=283156 pf=0 pm=0 pt=0 ru=235400 rp=239416
18:37:12.765 @I ww=marvin cut=0.50 win=5 cool=1000 tick=100 wifi=1 srv=1 li=0 ln=0
18:37:12.765 @T t=226290 s=0.000 lv=-39.8 pk=-39.3 c0=5.0 c1=10.2 kw=9.97 inf=2.82 iv=1.20 n=3 d=0 sk=0 hf=96148 hm=92132 ht=283156 pf=0 pm=0 pt=0 ru=235400 rp=239416
18:37:12.765 @T t=226396 s=0.000 lv=-40.5 pk=-39.7 c0=3.4 c1=5.1 kw=5.00 inf=1.54 iv=0.00 n=0 d=0 sk=3 hf=96148 hm=92132 ht=283156 pf=0 pm=0 pt=0 ru=235400 rp=239416
18:37:12.765 @T t=226502 s=0.000 lv=-40.3 pk=-39.7 c0=3.0 c1=5.9 kw=5.90 inf=1.36 iv=0.00 n=0 d=0 sk=4 hf=96148 hm=92132 ht=283156 pf=0 pm=0 pt=0 ru=235400 rp=239416
18:37:12.765 @T t=226588 s=0.000 lv=-40.9 pk=-39.7 c0=3.7 c1=5.2 kw=4.89 inf=1.83 iv=0.00 n=0 d=0 sk=2 hf=96148 hm=92132 ht=283156 pf=0 pm=0 pt=0 ru=235400 rp=239416
18:37:12.765 @T t=226694 s=0.000 lv=-40.1 pk=-37.6 c0=3.0 c1=5.1 kw=4.92 inf=1.51 iv=0.00 n=0 d=0 sk=3 hf=96148 hm=92132 ht=283156 pf=0 pm=0 pt=0 ru=235400 rp=239416
18:37:12.765 @T t=226800 s=0.000 lv=-39.6 pk=-38.3 c0=6.3 c1=5.0 kw=4.92 inf=1.51 iv=0.00 n=0 d=0 sk=3 hf=96148 hm=92132 ht=283156 pf=0 pm=0 pt=0 ru=235400 rp=239416
18:37:12.765 @T t=226886 s=0.000 lv=-39.8 pk=-38.1 c0=7.9 c1=6.3 kw=6.10 inf=1.52 iv=0.00 n=0 d=0 sk=3 hf=96148 hm=92132 ht=283156 pf=0 pm=0 pt=0 ru=235400 rp=239416
18:37:12.765 @T t=226992 s=0.000 lv=-39.9 pk=-37.0 c0=3.4 c1=5.1 kw=4.96 inf=1.53 iv=0.00 n=0 d=0 sk=3 hf=96148 hm=92132 ht=283156 pf=0 pm=0 pt=0 ru=235400 rp=239416
18:37:12.765 @T t=227098 s=0.000 lv=-39.5 pk=-37.5 c0=3.9 c1=5.1 kw=4.99 inf=1.54 iv=0.00 n=0 d=0 sk=3 hf=96148 hm=92132 ht=283156 pf=0 pm=0 pt=0 ru=235400 rp=239416
18:37:12.765 @T t=227204 s=0.000 lv=-39.0 pk=-38.0 c0=3.2 c1=6.1 kw=5.97 inf=1.38 iv=0.00 n=0 d=0 sk=4 hf=96148 hm=92132 ht=283156 pf=0 pm=0 pt=0 ru=235400 rp=239416
18:37:12.765 @I ww=marvin cut=0.50 win=5 cool=1000 tick=100 wifi=1 srv=1 li=0 ln=0
18:37:12.765 @T t=227296 s=0.000 lv=-40.8 pk=-40.0 c0=13.3 c1=4.7 kw=4.54 inf=1.82 iv=0.00 n=0 d=0 sk=2 hf=96148 hm=92132 ht=283156 pf=0 pm=0 pt=0 ru=235400 rp=239416
18:37:12.765 @T t=227402 s=0.000 lv=-40.4 pk=-39.4 c0=6.4 c1=5.9 kw=5.90 inf=1.36 iv=0.00 n=0 d=0 sk=4 hf=96148 hm=92132 ht=283156 pf=0 pm=0 pt=0 ru=235400 rp=239416
18:37:12.765 @T t=227488 s=0.000 lv=-40.8 pk=-40.1 c0=3.7 c1=5.2 kw=4.87 inf=1.82 iv=0.00 n=0 d=0 sk=2 hf=96148 hm=92132 ht=283156 pf=0 pm=0 pt=0 ru=235400 rp=239416
18:37:12.765 @T t=227594 s=0.000 lv=-40.3 pk=-39.8 c0=3.0 c1=5.1 kw=4.92 inf=1.51 iv=0.00 n=0 d=0 sk=3 hf=96148 hm=92132 ht=283156 pf=0 pm=0 pt=0 ru=235400 rp=239416
18:37:12.765 @T t=227700 s=0.000 lv=-39.6 pk=-36.9 c0=3.0 c1=5.0 kw=4.91 inf=1.51 iv=0.00 n=0 d=0 sk=3 hf=96148 hm=92132 ht=283156 pf=0 pm=0 pt=0 ru=235400 rp=239416
18:37:12.765 @T t=227786 s=0.000 lv=-41.9 pk=-39.8 c0=3.7 c1=6.3 kw=6.10 inf=1.52 iv=0.00 n=0 d=0 sk=3 hf=96148 hm=92132 ht=283156 pf=0 pm=0 pt=0 ru=235400 rp=239416
18:37:15.276 @T t=227892 s=0.000 lv=-40.9 pk=-39.5 c0=3.2 c1=5.1 kw=4.92 inf=1.51 iv=0.00 n=0 d=0 sk=3 hf=96148 hm=92132 ht=283156 pf=0 pm=0 pt=0 ru=235400 rp=239416
18:37:15.276 @T t=227998 s=0.000 lv=-40.2 pk=-38.6 c0=3.1 c1=5.1 kw=4.95 inf=1.53 iv=0.00 n=0 d=0 sk=3 hf=96148 hm=92132 ht=283156 pf=0 pm=0 pt=0 ru=235400 rp=239416
18:37:15.277 @T t=228104 s=0.000 lv=-40.0 pk=-37.1 c0=7.0 c1=6.7 kw=6.09 inf=1.40 iv=0.00 n=0 d=0 sk=4 hf=96148 hm=92132 ht=283156 pf=0 pm=0 pt=0 ru=235400 rp=239416
18:37:15.277 @T t=228190 s=0.000 lv=-41.9 pk=-41.0 c0=4.0 c1=5.6 kw=4.97 inf=1.86 iv=0.00 n=0 d=0 sk=2 hf=96148 hm=92132 ht=283156 pf=0 pm=0 pt=0 ru=235400 rp=239416
18:37:15.277 @I ww=marvin cut=0.50 win=5 cool=1000 tick=100 wifi=1 srv=1 li=0 ln=0
18:37:15.277 @T t=228302 s=0.000 lv=-40.1 pk=-37.4 c0=3.7 c1=5.6 kw=5.56 inf=1.36 iv=0.00 n=0 d=0 sk=4 hf=96148 hm=92132 ht=283156 pf=0 pm=0 pt=0 ru=235400 rp=239416
18:37:15.277 @T t=228388 s=0.000 lv=-40.9 pk=-40.1 c0=4.5 c1=5.2 kw=4.89 inf=1.83 iv=0.00 n=0 d=0 sk=2 hf=96148 hm=92132 ht=283156 pf=0 pm=0 pt=0 ru=235400 rp=239416
18:37:15.277 @T t=228494 s=0.000 lv=-40.4 pk=-39.0 c0=3.3 c1=5.1 kw=5.00 inf=1.54 iv=0.00 n=0 d=0 sk=3 hf=96148 hm=92132 ht=283156 pf=0 pm=0 pt=0 ru=235400 rp=239416
18:37:15.277 @T t=228600 s=0.000 lv=-41.7 pk=-40.9 c0=6.4 c1=5.0 kw=4.90 inf=1.51 iv=0.00 n=0 d=0 sk=3 hf=96148 hm=92132 ht=283156 pf=0 pm=0 pt=0 ru=235400 rp=239416
18:37:15.277 @T t=228705 s=0.000 lv=-40.9 pk=-38.8 c0=3.0 c1=6.1 kw=5.98 inf=1.37 iv=0.00 n=0 d=0 sk=4 hf=96148 hm=92132 ht=283156 pf=0 pm=0 pt=0 ru=235400 rp=239416
18:37:15.277 @T t=228791 s=0.000 lv=-40.5 pk=-38.5 c0=3.7 c1=5.0 kw=4.86 inf=1.82 iv=0.00 n=0 d=0 sk=2 hf=96148 hm=92132 ht=283156 pf=0 pm=0 pt=0 ru=235400 rp=239416
18:37:15.277 @T t=228897 s=0.000 lv=-40.6 pk=-38.9 c0=3.2 c1=5.1 kw=4.91 inf=1.51 iv=0.00 n=0 d=0 sk=3 hf=96148 hm=92132 ht=283156 pf=0 pm=0 pt=0 ru=235400 rp=239416
18:37:15.277 @T t=229003 s=0.000 lv=-40.6 pk=-39.0 c0=3.1 c1=6.1 kw=5.90 inf=1.36 iv=0.00 n=0 d=0 sk=4 hf=96148 hm=92132 ht=283156 pf=0 pm=0 pt=0 ru=235400 rp=239416
18:37:15.277 @T t=229089 s=0.000 lv=-42.5 pk=-42.0 c0=3.9 c1=5.0 kw=4.87 inf=1.82 iv=0.00 n=0 d=0 sk=2 hf=96148 hm=92132 ht=283156 pf=0 pm=0 pt=0 ru=235400 rp=239416
18:37:15.278 @T t=229195 s=0.000 lv=-41.1 pk=-39.1 c0=6.9 c1=5.1 kw=4.96 inf=1.53 iv=0.00 n=0 d=0 sk=3 hf=96148 hm=92132 ht=283156 pf=0 pm=0 pt=0 ru=235400 rp=239416
18:37:15.278 @I ww=marvin cut=0.50 win=5 cool=1000 tick=100 wifi=1 srv=1 li=0 ln=0
18:37:15.278 @T t=229287 s=0.000 lv=-40.3 pk=-39.7 c0=5.0 c1=6.0 kw=5.77 inf=1.54 iv=0.00 n=0 d=0 sk=3 hf=96148 hm=92132 ht=283156 pf=0 pm=0 pt=0 ru=235400 rp=239416
18:37:15.278 @T t=229393 s=0.000 lv=-39.7 pk=-38.2 c0=3.3 c1=5.1 kw=4.98 inf=1.53 iv=0.00 n=0 d=0 sk=3 hf=96148 hm=92132 ht=283156 pf=0 pm=0 pt=0 ru=235400 rp=239416
18:37:15.278 @T t=229499 s=0.000 lv=-40.9 pk=-39.9 c0=6.3 c1=5.1 kw=4.93 inf=1.52 iv=0.00 n=0 d=0 sk=3 hf=96148 hm=92132 ht=283156 pf=0 pm=0 pt=0 ru=235400 rp=239416
18:37:15.278 @T t=229605 s=0.000 lv=-40.3 pk=-39.4 c0=3.1 c1=6.1 kw=5.90 inf=1.36 iv=0.00 n=0 d=0 sk=4 hf=96148 hm=92132 ht=283156 pf=0 pm=0 pt=0 ru=235400 rp=239416
18:37:15.278 @T t=229691 s=0.000 lv=-39.7 pk=-37.8 c0=7.7 c1=5.0 kw=4.86 inf=1.82 iv=0.00 n=0 d=0 sk=2 hf=96148 hm=92132 ht=283156 pf=0 pm=0 pt=0 ru=235400 rp=239416
18:37:15.278 @T t=229797 s=0.000 lv=-39.0 pk=-35.8 c0=6.3 c1=5.0 kw=4.91 inf=1.51 iv=0.00 n=0 d=0 sk=3 hf=96148 hm=92132 ht=283156 pf=0 pm=0 pt=0 ru=235400 rp=239416
18:37:15.278 @T t=229903 s=0.000 lv=-39.5 pk=-37.1 c0=3.2 c1=6.1 kw=5.91 inf=1.37 iv=0.00 n=0 d=0 sk=4 hf=96148 hm=92132 ht=283156 pf=0 pm=0 pt=0 ru=235400 rp=239416
18:37:15.278 @T t=229989 s=0.000 lv=-41.0 pk=-40.4 c0=3.8 c1=5.0 kw=4.87 inf=1.82 iv=0.00 n=0 d=0 sk=2 hf=96148 hm=92132 ht=283156 pf=0 pm=0 pt=0 ru=235400 rp=239416
18:37:15.278 @T t=230095 s=0.000 lv=-41.0 pk=-40.4 c0=3.1 c1=5.1 kw=4.93 inf=1.52 iv=0.00 n=0 d=0 sk=3 hf=96148 hm=92132 ht=283156 pf=0 pm=0 pt=0 ru=235400 rp=239416
18:37:15.278 @T t=230201 s=0.000 lv=-38.5 pk=-35.7 c0=7.0 c1=6.1 kw=5.29 inf=1.59 iv=0.00 n=0 d=0 sk=3 hf=96148 hm=92132 ht=283156 pf=0 pm=0 pt=0 ru=235400 rp=239416
18:37:15.279 @I ww=marvin cut=0.50 win=5 cool=1000 tick=100 wifi=1 srv=1 li=0 ln=0
18:37:15.279 @T t=230292 s=0.000 lv=-40.0 pk=-37.8 c0=13.2 c1=6.3 kw=5.90 inf=1.61 iv=0.00 n=0 d=0 sk=3 hf=96148 hm=92132 ht=283156 pf=0 pm=0 pt=0 ru=235400 rp=239416
18:37:17.572 @T t=230398 s=0.000 lv=-40.4 pk=-39.1 c0=7.7 c1=5.2 kw=5.01 inf=1.54 iv=0.00 n=0 d=0 sk=3 hf=96148 hm=92132 ht=283156 pf=0 pm=0 pt=0 ru=235400 rp=239416
18:37:17.572 @T t=230504 s=0.000 lv=-40.3 pk=-39.1 c0=3.4 c1=6.1 kw=5.94 inf=1.37 iv=0.00 n=0 d=0 sk=4 hf=96148 hm=92132 ht=283156 pf=0 pm=0 pt=0 ru=235400 rp=239416
18:37:17.572 @T t=230590 s=0.000 lv=-40.8 pk=-40.3 c0=7.8 c1=5.0 kw=4.87 inf=1.82 iv=0.00 n=0 d=0 sk=2 hf=96148 hm=92132 ht=283156 pf=0 pm=0 pt=0 ru=235400 rp=239416
18:37:17.572 @T t=230696 s=0.000 lv=-39.6 pk=-37.2 c0=6.3 c1=5.1 kw=4.92 inf=1.52 iv=0.00 n=0 d=0 sk=3 hf=96148 hm=92132 ht=283156 pf=0 pm=0 pt=0 ru=235400 rp=239416
18:37:17.572 @T t=230802 s=0.000 lv=-40.4 pk=-38.5 c0=6.3 c1=5.9 kw=5.88 inf=1.36 iv=0.00 n=0 d=0 sk=4 hf=96148 hm=92132 ht=283156 pf=0 pm=0 pt=0 ru=235400 rp=239416
18:37:17.572 @T t=230888 s=0.000 lv=-40.4 pk=-39.7 c0=3.9 c1=5.2 kw=4.86 inf=1.82 iv=0.00 n=0 d=0 sk=2 hf=96148 hm=92132 ht=283156 pf=0 pm=0 pt=0 ru=235400 rp=239416
18:37:17.572 @T t=230994 s=0.000 lv=-39.3 pk=-38.1 c0=3.1 c1=5.1 kw=4.96 inf=1.53 iv=0.00 n=0 d=0 sk=3 hf=96148 hm=92132 ht=283156 pf=0 pm=0 pt=0 ru=235400 rp=239416
18:37:17.573 @T t=231100 s=0.000 lv=-40.5 pk=-39.0 c0=6.4 c1=5.1 kw=4.93 inf=1.52 iv=0.00 n=0 d=0 sk=3 hf=96148 hm=92132 ht=283156 pf=0 pm=0 pt=0 ru=235400 rp=239416
18:37:17.573 @T t=231186 s=0.000 lv=-41.0 pk=-40.2 c0=8.4 c1=6.4 kw=6.18 inf=1.54 iv=0.00 n=0 d=0 sk=3 hf=96148 hm=92132 ht=283156 pf=0 pm=0 pt=0 ru=235400 rp=239416
18:37:17.573 @I ww=marvin cut=0.50 win=5 cool=1000 tick=100 wifi=1 srv=1 li=0 ln=0
18:37:17.573 @T t=231298 s=0.000 lv=-39.3 pk=-38.0 c0=3.7 c1=4.8 kw=4.71 inf=1.53 iv=0.00 n=0 d=0 sk=3 hf=96148 hm=92132 ht=283156 pf=0 pm=0 pt=0 ru=235400 rp=239416
18:37:17.573 [status] up 231s | mic -40.0 dBFS (peak -31.5) | score max 0.00 | detections 0 | inferences 126 (12.6/s; model 1.17 ms each, paused in quiet 62%; features 1.42 ms per 30 ms) | CPU core0  5.2% core1  7.0% (wake word pipeline 6.82% of one core) | RAM used 229 KB (peak 233 KB, 93 KB free) | wifi OK, server OK | audio lost since boot: i2s 0 net 0
18:37:17.573 @T t=231386 s=0.000 lv=-40.7 pk=-40.0 c0=29.2 c1=6.2 kw=6.03 inf=1.54 iv=0.00 n=0 d=0 sk=3 hf=96148 hm=92132 ht=283156 pf=0 pm=0 pt=0 ru=235400 rp=239416
18:37:17.573 @T t=231492 s=0.000 lv=-40.0 pk=-38.3 c0=6.7 c1=5.1 kw=4.97 inf=1.53 iv=0.00 n=0 d=0 sk=3 hf=96148 hm=92132 ht=283156 pf=0 pm=0 pt=0 ru=235400 rp=239416
18:37:17.573 @T t=231598 s=0.000 lv=-40.8 pk=-38.6 c0=3.3 c1=5.1 kw=4.94 inf=1.52 iv=0.00 n=0 d=0 sk=3 hf=96148 hm=92132 ht=283156 pf=0 pm=0 pt=0 ru=235400 rp=239416
18:37:17.573 @T t=231704 s=0.000 lv=-40.7 pk=-38.3 c0=6.3 c1=6.1 kw=5.90 inf=1.36 iv=0.00 n=0 d=0 sk=4 hf=96148 hm=92132 ht=283156 pf=0 pm=0 pt=0 ru=235400 rp=239416
18:37:17.573 @T t=231790 s=0.000 lv=-41.3 pk=-40.9 c0=3.7 c1=5.0 kw=4.84 inf=1.81 iv=0.00 n=0 d=0 sk=2 hf=96148 hm=92132 ht=283156 pf=0 pm=0 pt=0 ru=235400 rp=239416
18:37:17.573 @T t=231896 s=0.000 lv=-41.3 pk=-39.5 c0=3.2 c1=5.1 kw=4.94 inf=1.52 iv=0.00 n=0 d=0 sk=3 hf=96148 hm=92132 ht=283156 pf=0 pm=0 pt=0 ru=235400 rp=239416
18:37:17.573 @T t=232002 s=0.000 lv=-40.1 pk=-39.0 c0=6.3 c1=5.9 kw=5.91 inf=1.37 iv=0.00 n=0 d=0 sk=4 hf=96148 hm=92132 ht=283156 pf=0 pm=0 pt=0 ru=235400 rp=239416
18:37:17.573 @T t=232088 s=0.000 lv=-40.8 pk=-38.7 c0=7.9 c1=5.2 kw=4.87 inf=1.82 iv=0.00 n=0 d=0 sk=2 hf=96148 hm=92132 ht=283156 pf=0 pm=0 pt=0 ru=235400 rp=239416
18:37:17.573 @T t=232194 s=0.000 lv=-41.2 pk=-39.3 c0=8.5 c1=5.2 kw=5.03 inf=1.55 iv=0.00 n=0 d=0 sk=3 hf=94384 hm=92132 ht=283156 pf=0 pm=0 pt=0 ru=237164 rp=239416
18:37:17.573 @I ww=marvin cut=0.50 win=5 cool=1000 tick=100 wifi=1 srv=1 li=0 ln=0
18:37:17.573 @T t=232288 s=0.000 lv=-40.3 pk=-39.8 c0=6.4 c1=6.3 kw=5.74 inf=1.56 iv=0.00 n=0 d=0 sk=3 hf=96148 hm=92132 ht=283156 pf=0 pm=0 pt=0 ru=235400 rp=239416
18:37:17.573 @T t=232394 s=0.000 lv=-39.5 pk=-38.9 c0=4.0 c1=5.1 kw=5.00 inf=1.54 iv=0.00 n=0 d=0 sk=3 hf=96148 hm=92132 ht=283156 pf=0 pm=0 pt=0 ru=235400 rp=239416
18:37:17.574 @T t=232500 s=0.000 lv=-40.2 pk=-39.0 c0=3.3 c1=5.1 kw=4.94 inf=1.52 iv=0.00 n=0 d=0 sk=3 hf=96148 hm=92132 ht=283156 pf=0 pm=0 pt=0 ru=235400 rp=239416
18:37:17.574 @T t=232586 s=0.000 lv=-40.5 pk=-40.0 c0=7.7 c1=6.3 kw=6.09 inf=1.52 iv=0.00 n=0 d=0 sk=3 hf=96148 hm=92132 ht=283156 pf=0 pm=0 pt=0 ru=235400 rp=239416
18:37:17.574 @T t=232692 s=0.000 lv=-39.7 pk=-38.6 c0=3.4 c1=5.1 kw=4.98 inf=1.53 iv=0.00 n=0 d=0 sk=3 hf=96148 hm=92132 ht=283156 pf=0 pm=0 pt=0 ru=235400 rp=239416
18:37:20.158 @T t=232798 s=0.000 lv=-39.1 pk=-37.7 c0=3.2 c1=5.1 kw=4.94 inf=1.52 iv=0.00 n=0 d=0 sk=3 hf=96148 hm=92132 ht=283156 pf=0 pm=0 pt=0 ru=235400 rp=239416
18:37:20.158 @T t=232904 s=0.000 lv=-40.2 pk=-39.4 c0=3.2 c1=6.1 kw=5.89 inf=1.36 iv=0.00 n=0 d=0 sk=4 hf=96148 hm=92132 ht=283156 pf=0 pm=0 pt=0 ru=235400 rp=239416
18:37:20.158 @T t=232990 s=0.000 lv=-38.7 pk=-37.3 c0=3.8 c1=5.0 kw=4.88 inf=1.83 iv=0.00 n=0 d=0 sk=2 hf=96148 hm=92132 ht=283156 pf=0 pm=0 pt=0 ru=235400 rp=239416
18:37:20.158 @T t=233096 s=0.000 lv=-38.9 pk=-37.9 c0=6.4 c1=5.1 kw=4.94 inf=1.52 iv=0.00 n=0 d=0 sk=3 hf=96148 hm=92132 ht=283156 pf=0 pm=0 pt=0 ru=235400 rp=239416
18:37:20.158 @T t=233202 s=0.000 lv=-39.7 pk=-38.9 c0=3.1 c1=5.9 kw=5.93 inf=1.37 iv=0.00 n=0 d=0 sk=4 hf=96148 hm=92132 ht=283156 pf=0 pm=0 pt=0 ru=235400 rp=239416
18:37:20.158 @I ww=marvin cut=0.50 win=5 cool=1000 tick=100 wifi=1 srv=1 li=0 ln=0
18:37:20.158 @T t=233294 s=0.000 lv=-39.7 pk=-39.0 c0=13.3 c1=4.9 kw=4.59 inf=1.84 iv=0.00 n=0 d=0 sk=2 hf=96148 hm=92132 ht=283156 pf=0 pm=0 pt=0 ru=235400 rp=239416
18:37:20.158 @T t=233400 s=0.000 lv=-38.7 pk=-36.5 c0=3.3 c1=5.1 kw=4.94 inf=1.52 iv=0.00 n=0 d=0 sk=3 hf=96148 hm=92132 ht=283156 pf=0 pm=0 pt=0 ru=235400 rp=239416
18:37:20.159 @T t=233486 s=0.000 lv=-39.1 pk=-38.4 c0=7.7 c1=6.3 kw=6.12 inf=1.53 iv=0.00 n=0 d=0 sk=3 hf=96148 hm=92132 ht=283156 pf=0 pm=0 pt=0 ru=235400 rp=239416
18:37:20.159 @T t=233592 s=0.000 lv=-39.6 pk=-38.3 c0=3.0 c1=5.1 kw=4.91 inf=1.51 iv=0.00 n=0 d=0 sk=3 hf=96148 hm=92132 ht=283156 pf=0 pm=0 pt=0 ru=235400 rp=239416
18:37:20.159 @T t=233698 s=0.000 lv=-40.0 pk=-38.9 c0=3.0 c1=5.1 kw=4.92 inf=1.52 iv=0.00 n=0 d=0 sk=3 hf=96148 hm=92132 ht=283156 pf=0 pm=0 pt=0 ru=235400 rp=239416
18:37:20.159 @T t=233804 s=0.000 lv=-39.0 pk=-37.1 c0=6.6 c1=6.1 kw=5.96 inf=1.38 iv=0.00 n=0 d=0 sk=4 hf=96148 hm=92132 ht=283156 pf=0 pm=0 pt=0 ru=235400 rp=239416
18:37:20.159 @T t=233890 s=0.000 lv=-40.5 pk=-40.0 c0=4.2 c1=5.1 kw=4.93 inf=1.85 iv=0.00 n=0 d=0 sk=2 hf=96148 hm=92132 ht=283156 pf=0 pm=0 pt=0 ru=235400 rp=239416
18:37:20.159 @T t=233996 s=0.000 lv=-40.9 pk=-38.7 c0=3.1 c1=5.1 kw=4.96 inf=1.53 iv=0.00 n=0 d=0 sk=3 hf=96148 hm=92132 ht=283156 pf=0 pm=0 pt=0 ru=235400 rp=239416
18:37:20.159 @T t=234102 s=0.000 lv=-40.5 pk=-39.1 c0=6.4 c1=5.9 kw=5.90 inf=1.36 iv=0.00 n=0 d=0 sk=4 hf=96148 hm=92132 ht=283156 pf=0 pm=0 pt=0 ru=235400 rp=239416
18:37:20.159 @T t=234188 s=0.000 lv=-41.1 pk=-40.1 c0=3.8 c1=5.2 kw=4.88 inf=1.83 iv=0.00 n=0 d=0 sk=2 hf=96148 hm=92132 ht=283156 pf=0 pm=0 pt=0 ru=235400 rp=239416
18:37:20.159 @I ww=marvin cut=0.50 win=5 cool=1000 tick=100 wifi=1 srv=1 li=0 ln=0
18:37:20.159 @T t=234300 s=0.000 lv=-41.2 pk=-40.5 c0=14.6 c1=5.4 kw=4.86 inf=1.58 iv=0.00 n=0 d=0 sk=3 hf=96148 hm=92132 ht=283156 pf=0 pm=0 pt=0 ru=235400 rp=239416
18:37:20.159 @T t=234386 s=0.000 lv=-40.1 pk=-39.3 c0=8.6 c1=6.5 kw=6.30 inf=1.57 iv=0.00 n=0 d=0 sk=3 hf=96148 hm=92132 ht=283156 pf=0 pm=0 pt=0 ru=235400 rp=239416
18:37:20.159 @T t=234492 s=0.000 lv=-41.2 pk=-40.7 c0=3.3 c1=5.0 kw=4.94 inf=1.52 iv=0.00 n=0 d=0 sk=3 hf=96148 hm=92132 ht=283156 pf=0 pm=0 pt=0 ru=235400 rp=239416
18:37:20.159 @T t=234598 s=0.000 lv=-40.6 pk=-39.7 c0=3.1 c1=5.1 kw=4.92 inf=1.52 iv=0.00 n=0 d=0 sk=3 hf=96148 hm=92132 ht=283156 pf=0 pm=0 pt=0 ru=235400 rp=239416
18:37:20.160 @T t=234704 s=0.000 lv=-40.5 pk=-39.4 c0=6.3 c1=6.1 kw=5.90 inf=1.36 iv=0.00 n=0 d=0 sk=4 hf=96148 hm=92132 ht=283156 pf=0 pm=0 pt=0 ru=235400 rp=239416
18:37:20.160 @T t=234790 s=0.000 lv=-39.3 pk=-37.5 c0=3.7 c1=5.0 kw=4.88 inf=1.83 iv=0.00 n=0 d=0 sk=2 hf=96148 hm=92132 ht=283156 pf=0 pm=0 pt=0 ru=235400 rp=239416
18:37:20.160 @T t=234896 s=0.000 lv=-41.6 pk=-41.2 c0=6.8 c1=5.2 kw=5.01 inf=1.54 iv=0.00 n=0 d=0 sk=3 hf=96148 hm=92132 ht=283156 pf=0 pm=0 pt=0 ru=235400 rp=239416
18:37:20.160 @T t=235002 s=0.000 lv=-40.5 pk=-39.4 c0=3.2 c1=5.9 kw=5.93 inf=1.37 iv=0.00 n=0 d=0 sk=4 hf=96148 hm=92132 ht=283156 pf=0 pm=0 pt=0 ru=235400 rp=239416
18:37:20.160 @T t=235088 s=0.000 lv=-41.5 pk=-40.2 c0=3.9 c1=5.2 kw=4.92 inf=1.84 iv=0.00 n=0 d=0 sk=2 hf=96148 hm=92132 ht=283156 pf=0 pm=0 pt=0 ru=235400 rp=239416
18:37:20.160 @T t=235194 s=0.000 lv=-41.8 pk=-40.5 c0=6.4 c1=5.0 kw=4.90 inf=1.51 iv=0.00 n=0 d=0 sk=3 hf=96148 hm=92132 ht=283156 pf=0 pm=0 pt=0 ru=235400 rp=239416
18:37:20.160 @I ww=marvin cut=0.50 win=5 cool=1000 tick=100 wifi=1 srv=1 li=0 ln=0
18:37:22.668 @T t=235286 s=0.000 lv=-42.2 pk=-41.3 c0=13.9 c1=5.9 kw=5.71 inf=1.52 iv=0.00 n=0 d=0 sk=3 hf=96148 hm=92132 ht=283156 pf=0 pm=0 pt=0 ru=235400 rp=239416
18:37:22.668 @T t=235392 s=0.000 lv=-41.2 pk=-40.6 c0=3.3 c1=5.1 kw=4.95 inf=1.52 iv=0.00 n=0 d=0 sk=3 hf=96148 hm=92132 ht=283156 pf=0 pm=0 pt=0 ru=235400 rp=239416
18:37:22.668 @T t=235498 s=0.000 lv=-40.9 pk=-39.0 c0=3.1 c1=5.1 kw=4.95 inf=1.52 iv=0.00 n=0 d=0 sk=3 hf=96148 hm=92132 ht=283156 pf=0 pm=0 pt=0 ru=235400 rp=239416
18:37:22.668 @T t=235604 s=0.000 lv=-40.7 pk=-39.2 c0=3.1 c1=6.1 kw=5.91 inf=1.37 iv=0.00 n=0 d=0 sk=4 hf=96148 hm=92132 ht=283156 pf=0 pm=0 pt=0 ru=235400 rp=239416
18:37:22.668 @T t=235690 s=0.000 lv=-41.5 pk=-39.9 c0=3.7 c1=5.0 kw=4.86 inf=1.82 iv=0.00 n=0 d=0 sk=2 hf=96148 hm=92132 ht=283156 pf=0 pm=0 pt=0 ru=235400 rp=239416
18:37:22.668 @T t=235796 s=0.000 lv=-40.6 pk=-40.1 c0=6.4 c1=5.0 kw=4.91 inf=1.51 iv=0.00 n=0 d=0 sk=3 hf=96148 hm=92132 ht=283156 pf=0 pm=0 pt=0 ru=235400 rp=239416
18:37:22.668 @T t=235902 s=0.000 lv=-41.0 pk=-38.9 c0=3.2 c1=5.9 kw=5.88 inf=1.36 iv=0.00 n=0 d=0 sk=4 hf=96148 hm=92132 ht=283156 pf=0 pm=0 pt=0 ru=235400 rp=239416
18:37:22.668 @T t=235988 s=0.000 lv=-41.3 pk=-40.7 c0=4.2 c1=5.2 kw=4.88 inf=1.83 iv=0.00 n=0 d=0 sk=2 hf=96148 hm=92132 ht=283156 pf=0 pm=0 pt=0 ru=235400 rp=239416
18:37:22.668 @T t=236094 s=0.000 lv=-38.6 pk=-36.9 c0=3.4 c1=5.1 kw=4.99 inf=1.54 iv=0.00 n=0 d=0 sk=3 hf=96148 hm=92132 ht=283156 pf=0 pm=0 pt=0 ru=235400 rp=239416
18:37:22.668 @T t=236200 s=0.000 lv=-39.5 pk=-36.9 c0=3.1 c1=5.1 kw=4.95 inf=1.52 iv=0.00 n=0 d=0 sk=3 hf=96148 hm=92132 ht=283156 pf=0 pm=0 pt=0 ru=235400 rp=239416
18:37:22.668 @I ww=marvin cut=0.50 win=5 cool=1000 tick=100 wifi=1 srv=1 li=0 ln=0
18:37:22.668 @T t=236293 s=0.000 lv=-39.2 pk=-36.6 c0=16.1 c1=5.7 kw=5.82 inf=1.55 iv=0.00 n=0 d=0 sk=3 hf=96148 hm=92132 ht=283156 pf=0 pm=0 pt=0 ru=235400 rp=239416
18:37:22.668 @T t=236399 s=0.000 lv=-38.4 pk=-36.7 c0=6.4 c1=6.4 kw=4.98 inf=1.55 iv=0.00 n=0 d=0 sk=3 hf=96148 hm=92132 ht=283156 pf=0 pm=0 pt=0 ru=235400 rp=239416
18:37:22.668 @T t=236505 s=0.000 lv=-36.9 pk=-34.4 c0=3.5 c1=18.7 kw=18.51 inf=1.44 iv=1.00 n=13 d=0 sk=0 hf=96148 hm=92132 ht=283156 pf=0 pm=0 pt=0 ru=235400 rp=239416
18:37:22.668 @T t=236591 s=0.000 lv=-40.2 pk=-39.4 c0=8.1 c1=9.3 kw=9.11 inf=2.42 iv=1.15 n=3 d=0 sk=0 hf=96148 hm=92132 ht=283156 pf=0 pm=0 pt=0 ru=235400 rp=239416
18:37:22.668 @T t=236697 s=0.000 lv=-39.2 pk=-38.4 c0=3.5 c1=8.7 kw=8.53 inf=2.78 iv=1.17 n=3 d=0 sk=0 hf=96148 hm=92132 ht=283156 pf=0 pm=0 pt=0 ru=235400 rp=239416
18:37:22.668 @T t=236804 s=0.000 lv=-39.7 pk=-38.4 c0=3.5 c1=10.6 kw=10.37 inf=2.56 iv=1.12 n=4 d=0 sk=0 hf=96148 hm=92132 ht=283156 pf=0 pm=0 pt=0 ru=235400 rp=239416
18:37:22.668 @T t=236890 s=0.000 lv=-40.4 pk=-39.2 c0=4.4 c1=9.5 kw=9.37 inf=2.49 iv=1.19 n=3 d=0 sk=0 hf=96148 hm=92132 ht=283156 pf=0 pm=0 pt=0 ru=235400 rp=239416
18:37:22.668 @T t=236996 s=0.000 lv=-39.8 pk=-38.6 c0=6.6 c1=8.5 kw=8.30 inf=2.70 iv=1.12 n=3 d=0 sk=0 hf=96148 hm=92132 ht=283156 pf=0 pm=0 pt=0 ru=235400 rp=239416
18:37:22.668 @T t=237103 s=0.000 lv=-40.9 pk=-40.4 c0=3.7 c1=10.9 kw=10.67 inf=2.64 iv=1.20 n=4 d=0 sk=0 hf=96148 hm=92132 ht=283156 pf=0 pm=0 pt=0 ru=235400 rp=239416
18:37:22.668 @T t=237189 s=0.000 lv=-40.9 pk=-39.8 c0=4.6 c1=9.3 kw=9.14 inf=2.43 iv=1.15 n=3 d=0 sk=0 hf=96148 hm=92132 ht=283156 pf=0 pm=0 pt=0 ru=235400 rp=239416
18:37:22.668 @I ww=marvin cut=0.50 win=5 cool=1000 tick=100 wifi=1 srv=1 li=0 ln=0
18:37:22.668 @T t=237301 s=0.000 lv=-38.2 pk=-35.5 c0=11.8 c1=8.1 kw=8.19 inf=2.78 iv=1.18 n=3 d=0 sk=0 hf=96148 hm=92132 ht=283156 pf=0 pm=0 pt=0 ru=235400 rp=239416
18:37:22.668 @T t=237387 s=0.000 lv=-39.7 pk=-38.5 c0=7.8 c1=12.8 kw=12.36 inf=2.52 iv=1.29 n=4 d=0 sk=0 hf=96148 hm=92132 ht=283156 pf=0 pm=0 pt=0 ru=235400 rp=239416
18:37:22.668 @T t=237493 s=0.000 lv=-39.5 pk=-38.4 c0=6.6 c1=8.6 kw=8.48 inf=2.76 iv=1.17 n=3 d=0 sk=0 hf=96148 hm=92132 ht=283156 pf=0 pm=0 pt=0 ru=235400 rp=239416
18:37:22.668 @T t=237599 s=0.000 lv=-39.1 pk=-37.7 c0=3.5 c1=8.5 kw=8.34 inf=2.71 iv=1.12 n=3 d=0 sk=0 hf=96148 hm=92132 ht=283156 pf=0 pm=0 pt=0 ru=235400 rp=239416
18:37:22.668 @T t=237705 s=0.000 lv=-39.4 pk=-37.6 c0=3.6 c1=10.8 kw=10.55 inf=2.59 iv=1.15 n=4 d=0 sk=0 hf=96148 hm=92132 ht=283156 pf=0 pm=0 pt=0 ru=235400 rp=239416
18:37:25.182 @T t=237791 s=0.000 lv=-38.8 pk=-38.3 c0=8.1 c1=9.1 kw=8.97 inf=2.39 iv=1.12 n=3 d=0 sk=0 hf=96148 hm=92132 ht=283156 pf=0 pm=0 pt=0 ru=235400 rp=239416
18:37:25.182 @T t=237897 s=0.000 lv=-39.5 pk=-38.3 c0=3.6 c1=8.6 kw=8.39 inf=2.73 iv=1.13 n=3 d=0 sk=0 hf=96148 hm=92132 ht=283156 pf=0 pm=0 pt=0 ru=235400 rp=239416
18:37:25.182 @T t=238004 s=0.000 lv=-40.1 pk=-39.2 c0=3.5 c1=10.7 kw=10.49 inf=2.59 iv=1.16 n=4 d=0 sk=0 hf=96148 hm=92132 ht=283156 pf=0 pm=0 pt=0 ru=235400 rp=239416
18:37:25.182 @T t=238090 s=0.000 lv=-39.5 pk=-38.9 c0=8.3 c1=5.1 kw=4.95 inf=1.85 iv=0.00 n=0 d=0 sk=2 hf=96148 hm=92132 ht=283156 pf=0 pm=0 pt=0 ru=235400 rp=239416
18:37:25.182 @T t=238196 s=0.000 lv=-41.7 pk=-40.4 c0=3.1 c1=5.0 kw=4.89 inf=1.50 iv=0.00 n=0 d=0 sk=3 hf=96148 hm=92132 ht=283156 pf=0 pm=0 pt=0 ru=235400 rp=239416
18:37:25.182 @I ww=marvin cut=0.50 win=5 cool=1000 tick=100 wifi=1 srv=1 li=0 ln=0
18:37:25.182 @T t=238288 s=0.000 lv=-40.6 pk=-40.2 c0=13.8 c1=6.0 kw=5.76 inf=1.54 iv=0.00 n=0 d=0 sk=3 hf=96148 hm=92132 ht=283156 pf=0 pm=0 pt=0 ru=235400 rp=239416
18:37:25.182 @T t=238394 s=0.000 lv=-40.7 pk=-40.2 c0=7.4 c1=5.7 kw=5.15 inf=1.59 iv=0.00 n=0 d=0 sk=3 hf=96148 hm=92132 ht=283156 pf=0 pm=0 pt=0 ru=235400 rp=239416
18:37:25.182 @T t=238500 s=0.000 lv=-39.7 pk=-38.5 c0=3.4 c1=5.1 kw=4.97 inf=1.53 iv=0.00 n=0 d=0 sk=3 hf=96148 hm=92132 ht=283156 pf=0 pm=0 pt=0 ru=235400 rp=239416
18:37:25.182 @T t=238586 s=0.000 lv=-39.6 pk=-38.1 c0=8.5 c1=6.4 kw=6.15 inf=1.54 iv=0.00 n=0 d=0 sk=3 hf=95952 hm=92132 ht=283156 pf=0 pm=0 pt=0 ru=235596 rp=239416
18:37:25.182 @T t=238692 s=0.000 lv=-40.7 pk=-39.2 c0=4.0 c1=5.1 kw=4.97 inf=1.53 iv=0.00 n=0 d=0 sk=3 hf=96148 hm=92132 ht=283156 pf=0 pm=0 pt=0 ru=235400 rp=239416
18:37:25.182 @T t=238798 s=0.000 lv=-40.5 pk=-39.5 c0=3.2 c1=5.1 kw=4.95 inf=1.52 iv=0.00 n=0 d=0 sk=3 hf=96148 hm=92132 ht=283156 pf=0 pm=0 pt=0 ru=235400 rp=239416
18:37:25.182 @T t=238904 s=0.000 lv=-41.3 pk=-40.1 c0=6.5 c1=6.1 kw=5.93 inf=1.37 iv=0.00 n=0 d=0 sk=4 hf=96148 hm=92132 ht=283156 pf=0 pm=0 pt=0 ru=235400 rp=239416
18:37:25.182 @T t=238990 s=0.000 lv=-41.2 pk=-39.0 c0=3.8 c1=5.0 kw=4.91 inf=1.84 iv=0.00 n=0 d=0 sk=2 hf=96148 hm=92132 ht=283156 pf=0 pm=0 pt=0 ru=235400 rp=239416
18:37:25.182 @T t=239096 s=0.000 lv=-41.9 pk=-40.5 c0=3.2 c1=5.1 kw=4.97 inf=1.53 iv=0.00 n=0 d=0 sk=3 hf=96148 hm=92132 ht=283156 pf=0 pm=0 pt=0 ru=235400 rp=239416
18:37:25.182 @T t=239202 s=0.000 lv=-39.5 pk=-37.4 c0=3.1 c1=5.9 kw=5.93 inf=1.37 iv=0.00 n=0 d=0 sk=4 hf=96148 hm=92132 ht=283156 pf=0 pm=0 pt=0 ru=235400 rp=239416
18:37:25.182 @I ww=marvin cut=0.50 win=5 cool=1000 tick=100 wifi=1 srv=1 li=0 ln=0
18:37:25.182 @T t=239294 s=0.000 lv=-41.5 pk=-41.2 c0=13.3 c1=4.9 kw=4.55 inf=1.82 iv=0.00 n=0 d=0 sk=2 hf=96148 hm=92132 ht=283156 pf=0 pm=0 pt=0 ru=235400 rp=239416
18:37:25.182 @T t=239400 s=0.000 lv=-39.4 pk=-37.7 c0=4.1 c1=5.2 kw=5.00 inf=1.54 iv=0.00 n=0 d=0 sk=3 hf=96148 hm=92132 ht=283156 pf=0 pm=0 pt=0 ru=235400 rp=239416
18:37:25.182 @T t=239489 s=0.000 lv=-38.0 pk=-36.2 c0=10.6 c1=6.1 kw=6.00 inf=1.55 iv=0.00 n=0 d=0 sk=3 hf=96148 hm=92132 ht=283156 pf=0 pm=0 pt=0 ru=235400 rp=239416
18:37:25.182 @T t=239595 s=0.000 lv=-40.1 pk=-37.7 c0=6.4 c1=5.0 kw=4.90 inf=1.51 iv=0.00 n=0 d=0 sk=3 hf=96148 hm=92132 ht=283156 pf=0 pm=0 pt=0 ru=235400 rp=239416
18:37:25.182 @T t=239701 s=0.000 lv=-39.8 pk=-37.2 c0=6.3 c1=5.0 kw=5.08 inf=1.53 iv=0.00 n=0 d=0 sk=3 hf=96148 hm=92132 ht=283156 pf=0 pm=0 pt=0 ru=235400 rp=239416
18:37:25.182 @T t=239787 s=0.000 lv=-41.0 pk=-40.8 c0=7.7 c1=6.5 kw=6.10 inf=1.57 iv=0.00 n=0 d=0 sk=3 hf=96148 hm=92132 ht=283156 pf=0 pm=0 pt=0 ru=235400 rp=239416
18:37:25.182 @T t=239893 s=0.000 lv=-38.5 pk=-37.3 c0=3.1 c1=5.1 kw=4.94 inf=1.52 iv=0.00 n=0 d=0 sk=3 hf=96148 hm=92132 ht=283156 pf=0 pm=0 pt=0 ru=235400 rp=239416
18:37:25.182 @T t=239999 s=0.000 lv=-40.0 pk=-39.0 c0=3.1 c1=5.1 kw=4.93 inf=1.52 iv=0.00 n=0 d=0 sk=3 hf=96148 hm=92132 ht=283156 pf=0 pm=0 pt=0 ru=235400 rp=239416
18:37:25.182 @T t=240105 s=0.000 lv=-40.0 pk=-38.2 c0=3.2 c1=6.1 kw=5.91 inf=1.36 iv=0.00 n=0 d=0 sk=4 hf=96148 hm=92132 ht=283156 pf=0 pm=0 pt=0 ru=235400 rp=239416
18:37:25.182 @T t=240191 s=0.000 lv=-40.7 pk=-39.3 c0=3.8 c1=5.0 kw=4.89 inf=1.83 iv=0.00 n=0 d=0 sk=2 hf=96148 hm=92132 ht=283156 pf=0 pm=0 pt=0 ru=235400 rp=239416
18:37:25.182 @I ww=marvin cut=0.50 win=5 cool=1000 tick=100 wifi=1 srv=1 li=0 ln=0
18:37:27.573 @T t=240303 s=0.000 lv=-40.2 pk=-38.3 c0=3.6 c1=5.7 kw=5.56 inf=1.36 iv=0.00 n=0 d=0 sk=4 hf=96148 hm=92132 ht=283156 pf=0 pm=0 pt=0 ru=235400 rp=239416
18:37:27.574 @T t=240389 s=0.000 lv=-39.5 pk=-38.8 c0=6.7 c1=5.3 kw=5.03 inf=1.88 iv=0.00 n=0 d=0 sk=2 hf=94384 hm=92132 ht=283156 pf=0 pm=0 pt=0 ru=237164 rp=239416
18:37:27.574 @T t=240494 s=0.000 lv=-40.2 pk=-39.3 c0=3.7 c1=6.9 kw=5.06 inf=1.54 iv=0.00 n=0 d=0 sk=3 hf=96148 hm=92132 ht=283156 pf=0 pm=0 pt=0 ru=235400 rp=239416
18:37:27.574 @T t=240600 s=0.000 lv=-40.3 pk=-39.8 c0=4.6 c1=5.2 kw=4.99 inf=1.54 iv=0.00 n=0 d=0 sk=3 hf=96148 hm=92132 ht=283156 pf=0 pm=0 pt=0 ru=235400 rp=239416
18:37:27.574 @T t=240686 s=0.000 lv=-39.1 pk=-37.3 c0=4.1 c1=6.4 kw=6.30 inf=1.57 iv=0.00 n=0 d=0 sk=3 hf=96148 hm=92132 ht=283156 pf=0 pm=0 pt=0 ru=235400 rp=239416
18:37:27.574 @T t=240792 s=0.000 lv=-40.4 pk=-39.2 c0=3.0 c1=5.0 kw=4.91 inf=1.51 iv=0.00 n=0 d=0 sk=3 hf=96148 hm=92132 ht=283156 pf=0 pm=0 pt=0 ru=235400 rp=239416
18:37:27.574 @T t=240898 s=0.000 lv=-40.2 pk=-39.3 c0=3.2 c1=5.0 kw=4.91 inf=1.51 iv=0.00 n=0 d=0 sk=3 hf=96148 hm=92132 ht=283156 pf=0 pm=0 pt=0 ru=235400 rp=239416
18:37:27.574 @T t=241004 s=0.000 lv=-39.9 pk=-39.2 c0=3.1 c1=6.1 kw=5.90 inf=1.36 iv=0.00 n=0 d=0 sk=4 hf=96148 hm=92132 ht=283156 pf=0 pm=0 pt=0 ru=235400 rp=239416
18:37:27.574 @T t=241091 s=0.000 lv=-40.1 pk=-38.7 c0=4.3 c1=5.0 kw=4.83 inf=1.83 iv=0.00 n=0 d=0 sk=2 hf=96148 hm=92132 ht=283156 pf=0 pm=0 pt=0 ru=235400 rp=239416
18:37:27.574 @T t=241197 s=0.000 lv=-40.4 pk=-39.9 c0=3.2 c1=5.1 kw=4.97 inf=1.53 iv=0.00 n=0 d=0 sk=3 hf=96148 hm=92132 ht=283156 pf=0 pm=0 pt=0 ru=235400 rp=239416
18:37:27.574 @I ww=marvin cut=0.50 win=5 cool=1000 tick=100 wifi=1 srv=1 li=0 ln=0
18:37:27.574 @T t=241289 s=0.000 lv=-40.1 pk=-39.5 c0=4.4 c1=5.8 kw=5.69 inf=1.52 iv=0.00 n=0 d=0 sk=3 hf=96148 hm=92132 ht=283156 pf=0 pm=0 pt=0 ru=235400 rp=239416
18:37:27.574 [status] up 241s | mic -40.0 dBFS (peak -34.4) | score max 0.00 | detections 0 | inferences 63 (6.3/s; model 1.13 ms each, paused in quiet 80%; features 1.47 ms per 30 ms) | CPU core0  5.6% core1  6.2% (wake word pipeline 6.02% of one core) | RAM used 229 KB (peak 233 KB, 93 KB free) | wifi OK, server OK | audio lost since boot: i2s 0 net 0
18:37:27.574 @T t=241397 s=0.000 lv=-40.9 pk=-39.8 c0=27.5 c1=5.1 kw=4.89 inf=1.53 iv=0.00 n=0 d=0 sk=3 hf=96148 hm=92132 ht=283156 pf=0 pm=0 pt=0 ru=235400 rp=239416
18:37:27.574 @T t=241503 s=0.000 lv=-40.8 pk=-39.9 c0=3.2 c1=6.1 kw=5.97 inf=1.38 iv=0.00 n=0 d=0 sk=4 hf=96148 hm=92132 ht=283156 pf=0 pm=0 pt=0 ru=235400 rp=239416
18:37:27.574 @T t=241589 s=0.000 lv=-41.9 pk=-40.4 c0=7.8 c1=5.0 kw=4.84 inf=1.81 iv=0.00 n=0 d=0 sk=2 hf=96148 hm=92132 ht=283156 pf=0 pm=0 pt=0 ru=235400 rp=239416
18:37:27.574 @T t=241695 s=0.000 lv=-36.4 pk=-33.2 c0=3.1 c1=15.4 kw=15.24 inf=1.29 iv=0.98 n=11 d=0 sk=1 hf=96148 hm=92132 ht=283156 pf=0 pm=0 pt=0 ru=235400 rp=239416
18:37:27.574 @T t=241801 s=0.000 lv=-39.6 pk=-38.0 c0=3.8 c1=9.9 kw=9.86 inf=2.40 iv=1.18 n=4 d=0 sk=0 hf=96148 hm=92132 ht=283156 pf=0 pm=0 pt=0 ru=235400 rp=239416
18:37:27.574 @T t=241887 s=0.000 lv=-40.6 pk=-39.4 c0=8.4 c1=11.2 kw=10.67 inf=2.87 iv=1.18 n=3 d=0 sk=0 hf=96148 hm=92132 ht=283156 pf=0 pm=0 pt=0 ru=235400 rp=239416
18:37:27.574 @T t=241993 s=0.000 lv=-39.3 pk=-38.1 c0=6.6 c1=8.8 kw=8.59 inf=2.80 iv=1.20 n=3 d=0 sk=0 hf=96148 hm=92132 ht=283156 pf=0 pm=0 pt=0 ru=235400 rp=239416
18:37:27.574 @T t=242099 s=0.000 lv=-38.5 pk=-36.7 c0=3.6 c1=9.9 kw=9.73 inf=2.40 iv=1.19 n=4 d=0 sk=0 hf=96148 hm=92132 ht=283156 pf=0 pm=0 pt=0 ru=235400 rp=239416
18:37:27.574 @T t=242205 s=0.000 lv=-41.0 pk=-39.9 c0=3.4 c1=10.7 kw=10.50 inf=2.57 iv=1.15 n=4 d=0 sk=0 hf=96148 hm=92132 ht=283156 pf=0 pm=0 pt=0 ru=235400 rp=239416
18:37:27.574 @I ww=marvin cut=0.50 win=5 cool=1000 tick=100 wifi=1 srv=1 li=0 ln=0
18:37:27.574 @T t=242297 s=0.000 lv=-39.5 pk=-38.7 c0=4.8 c1=7.6 kw=7.47 inf=3.15 iv=1.23 n=2 d=0 sk=0 hf=96148 hm=92132 ht=283156 pf=0 pm=0 pt=0 ru=235400 rp=239416
18:37:27.574 @T t=242403 s=0.000 lv=-40.1 pk=-38.7 c0=5.5 c1=10.8 kw=10.59 inf=2.59 iv=1.13 n=4 d=0 sk=0 hf=94384 hm=92132 ht=283156 pf=0 pm=0 pt=0 ru=237164 rp=239416
18:37:27.574 @T t=242489 s=0.000 lv=-40.7 pk=-40.1 c0=6.9 c1=10.5 kw=9.84 inf=2.63 iv=1.30 n=3 d=0 sk=0 hf=96148 hm=92132 ht=283156 pf=0 pm=0 pt=0 ru=235400 rp=239416
18:37:27.574 @T t=242595 s=0.000 lv=-40.4 pk=-39.0 c0=4.2 c1=8.6 kw=8.46 inf=2.75 iv=1.13 n=3 d=0 sk=0 hf=95952 hm=92132 ht=283156 pf=0 pm=0 pt=0 ru=235596 rp=239416
18:37:30.069 @T t=242702 s=0.000 lv=-40.9 pk=-39.6 c0=4.1 c1=10.7 kw=10.65 inf=2.64 iv=1.19 n=4 d=0 sk=0 hf=96148 hm=92132 ht=283156 pf=0 pm=0 pt=0 ru=235400 rp=239416
18:37:30.069 @T t=242788 s=0.000 lv=-40.3 pk=-40.0 c0=8.2 c1=9.5 kw=9.07 inf=2.41 iv=1.13 n=3 d=0 sk=0 hf=96148 hm=92132 ht=283156 pf=0 pm=0 pt=0 ru=235400 rp=239416
18:37:30.069 @T t=242894 s=0.000 lv=-40.1 pk=-38.7 c0=4.0 c1=9.0 kw=8.83 inf=2.88 iv=1.25 n=3 d=0 sk=0 hf=96148 hm=92132 ht=283156 pf=0 pm=0 pt=0 ru=235400 rp=239416
18:37:30.069 @T t=243000 s=0.000 lv=-41.0 pk=-39.5 c0=3.4 c1=9.5 kw=9.34 inf=2.30 iv=1.10 n=4 d=0 sk=0 hf=96148 hm=92132 ht=283156 pf=0 pm=0 pt=0 ru=235400 rp=239416
18:37:30.069 @T t=243089 s=0.000 lv=-40.8 pk=-39.8 c0=10.9 c1=10.4 kw=10.15 inf=2.77 iv=1.15 n=3 d=0 sk=0 hf=96148 hm=92132 ht=283156 pf=0 pm=0 pt=0 ru=235400 rp=239416
18:37:30.069 @T t=243195 s=0.000 lv=-40.9 pk=-40.0 c0=3.4 c1=8.5 kw=8.33 inf=2.71 iv=1.13 n=3 d=0 sk=0 hf=96148 hm=92132 ht=283156 pf=0 pm=0 pt=0 ru=235400 rp=239416
18:37:30.069 @I ww=marvin cut=0.50 win=5 cool=1000 tick=100 wifi=1 srv=1 li=0 ln=0
18:37:30.069 @T t=243287 s=0.000 lv=-40.6 pk=-39.9 c0=5.0 c1=9.0 kw=8.77 inf=2.46 iv=1.30 n=2 d=0 sk=1 hf=96148 hm=92132 ht=283156 pf=0 pm=0 pt=0 ru=235400 rp=239416
18:37:30.069 @T t=243393 s=0.000 lv=-40.9 pk=-40.1 c0=3.4 c1=5.1 kw=4.97 inf=1.53 iv=0.00 n=0 d=0 sk=3 hf=96148 hm=92132 ht=283156 pf=0 pm=0 pt=0 ru=235400 rp=239416
18:37:30.069 @T t=243499 s=0.000 lv=-40.7 pk=-39.6 c0=3.6 c1=5.1 kw=4.95 inf=1.52 iv=0.00 n=0 d=0 sk=3 hf=96148 hm=92132 ht=283156 pf=0 pm=0 pt=0 ru=235400 rp=239416
18:37:30.069 @T t=243605 s=0.000 lv=-40.2 pk=-39.4 c0=3.2 c1=6.1 kw=5.95 inf=1.38 iv=0.00 n=0 d=0 sk=4 hf=96148 hm=92132 ht=283156 pf=0 pm=0 pt=0 ru=235400 rp=239416
18:37:30.069 @T t=243691 s=0.000 lv=-40.1 pk=-39.0 c0=3.8 c1=5.0 kw=4.88 inf=1.83 iv=0.00 n=0 d=0 sk=2 hf=96148 hm=92132 ht=283156 pf=0 pm=0 pt=0 ru=235400 rp=239416
18:37:30.069 @T t=243797 s=0.000 lv=-39.9 pk=-39.3 c0=6.4 c1=5.1 kw=4.93 inf=1.52 iv=0.00 n=0 d=0 sk=3 hf=96148 hm=92132 ht=283156 pf=0 pm=0 pt=0 ru=235400 rp=239416
18:37:30.069 @T t=243903 s=0.000 lv=-40.4 pk=-39.0 c0=6.5 c1=6.1 kw=5.92 inf=1.37 iv=0.00 n=0 d=0 sk=4 hf=96148 hm=92132 ht=283156 pf=0 pm=0 pt=0 ru=235400 rp=239416
18:37:30.069 @T t=243989 s=0.000 lv=-41.3 pk=-40.1 c0=4.2 c1=5.1 kw=4.91 inf=1.84 iv=0.00 n=0 d=0 sk=2 hf=96148 hm=92132 ht=283156 pf=0 pm=0 pt=0 ru=235400 rp=239416
18:37:30.069 @T t=244095 s=0.000 lv=-41.2 pk=-40.4 c0=3.4 c1=5.1 kw=4.95 inf=1.52 iv=0.00 n=0 d=0 sk=3 hf=96148 hm=92132 ht=283156 pf=0 pm=0 pt=0 ru=235400 rp=239416
18:37:30.069 @T t=244201 s=0.000 lv=-39.8 pk=-38.1 c0=3.1 c1=5.0 kw=5.07 inf=1.52 iv=0.00 n=0 d=0 sk=3 hf=96148 hm=92132 ht=283156 pf=0 pm=0 pt=0 ru=235400 rp=239416
18:37:30.069 @I ww=marvin cut=0.50 win=5 cool=1000 tick=100 wifi=1 srv=1 li=0 ln=0
18:37:30.069 @T t=244293 s=0.000 lv=-39.5 pk=-37.9 c0=13.3 c1=6.1 kw=5.72 inf=1.57 iv=0.00 n=0 d=0 sk=3 hf=96148 hm=92132 ht=283156 pf=0 pm=0 pt=0 ru=235400 rp=239416
18:37:30.069 @T t=244399 s=0.000 lv=-40.1 pk=-38.1 c0=6.4 c1=5.1 kw=4.91 inf=1.51 iv=0.00 n=0 d=0 sk=3 hf=96148 hm=92132 ht=283156 pf=0 pm=0 pt=0 ru=235400 rp=239416
18:37:30.069 @T t=244505 s=0.000 lv=-40.5 pk=-39.2 c0=10.2 c1=6.7 kw=6.15 inf=1.42 iv=0.00 n=0 d=0 sk=4 hf=96148 hm=92132 ht=283156 pf=0 pm=0 pt=0 ru=235400 rp=239416
18:37:30.069 @T t=244591 s=0.000 lv=-40.1 pk=-38.9 c0=5.1 c1=5.1 kw=4.98 inf=1.86 iv=0.00 n=0 d=0 sk=2 hf=96148 hm=92132 ht=283156 pf=0 pm=0 pt=0 ru=235400 rp=239416
18:37:30.069 @T t=244697 s=0.000 lv=-40.5 pk=-39.7 c0=3.3 c1=5.1 kw=4.97 inf=1.53 iv=0.00 n=0 d=0 sk=3 hf=96148 hm=92132 ht=283156 pf=0 pm=0 pt=0 ru=235400 rp=239416
18:37:30.069 @T t=244803 s=0.000 lv=-40.3 pk=-39.0 c0=6.3 c1=6.1 kw=5.91 inf=1.37 iv=0.00 n=0 d=0 sk=4 hf=96148 hm=92132 ht=283156 pf=0 pm=0 pt=0 ru=235400 rp=239416
18:37:30.069 @T t=244889 s=0.000 lv=-39.9 pk=-37.1 c0=7.9 c1=5.0 kw=4.88 inf=1.83 iv=0.00 n=0 d=0 sk=2 hf=96148 hm=92132 ht=283156 pf=0 pm=0 pt=0 ru=235400 rp=239416
18:37:30.069 @T t=244995 s=0.000 lv=-41.0 pk=-39.3 c0=3.1 c1=5.0 kw=4.91 inf=1.51 iv=0.00 n=0 d=0 sk=3 hf=96148 hm=92132 ht=283156 pf=0 pm=0 pt=0 ru=235400 rp=239416
18:37:30.069 @T t=245101 s=0.000 lv=-40.4 pk=-39.4 c0=6.9 c1=5.0 kw=5.09 inf=1.53 iv=0.00 n=0 d=0 sk=3 hf=96148 hm=92132 ht=283156 pf=0 pm=0 pt=0 ru=235400 rp=239416
18:37:32.672 @T t=245187 s=0.000 lv=-40.6 pk=-39.4 c0=3.9 c1=6.7 kw=6.27 inf=1.61 iv=0.00 n=0 d=0 sk=3 hf=96148 hm=92132 ht=283156 pf=0 pm=0 pt=0 ru=235400 rp=239416
18:37:32.672 @I ww=marvin cut=0.50 win=5 cool=1000 tick=100 wifi=1 srv=1 li=0 ln=0
18:37:32.672 @T t=245299 s=0.000 lv=-40.2 pk=-39.1 c0=3.7 c1=4.8 kw=4.64 inf=1.51 iv=0.00 n=0 d=0 sk=3 hf=96148 hm=92132 ht=283156 pf=0 pm=0 pt=0 ru=235400 rp=239416
18:37:32.672 @T t=245405 s=0.000 lv=-41.3 pk=-39.0 c0=3.1 c1=6.1 kw=5.93 inf=1.37 iv=0.00 n=0 d=0 sk=4 hf=96148 hm=92132 ht=283156 pf=0 pm=0 pt=0 ru=235400 rp=239416
18:37:32.672 @T t=245491 s=0.000 lv=-41.1 pk=-40.4 c0=4.4 c1=5.0 kw=4.85 inf=1.81 iv=0.00 n=0 d=0 sk=2 hf=96148 hm=92132 ht=283156 pf=0 pm=0 pt=0 ru=235400 rp=239416
18:37:32.672 @T t=245597 s=0.000 lv=-40.4 pk=-38.7 c0=3.2 c1=5.1 kw=4.98 inf=1.53 iv=0.00 n=0 d=0 sk=3 hf=96148 hm=92132 ht=283156 pf=0 pm=0 pt=0 ru=235400 rp=239416
18:37:32.672 @T t=245703 s=0.000 lv=-40.1 pk=-37.5 c0=3.1 c1=6.1 kw=5.93 inf=1.37 iv=0.00 n=0 d=0 sk=4 hf=96148 hm=92132 ht=283156 pf=0 pm=0 pt=0 ru=235400 rp=239416
18:37:32.672 @T t=245789 s=0.000 lv=-39.7 pk=-38.9 c0=3.7 c1=5.0 kw=4.87 inf=1.82 iv=0.00 n=0 d=0 sk=2 hf=96148 hm=92132 ht=283156 pf=0 pm=0 pt=0 ru=235400 rp=239416
18:37:32.672 @T t=245895 s=0.000 lv=-41.4 pk=-40.2 c0=3.2 c1=5.1 kw=4.91 inf=1.51 iv=0.00 n=0 d=0 sk=3 hf=96148 hm=92132 ht=283156 pf=0 pm=0 pt=0 ru=235400 rp=239416
18:37:32.672 @T t=246001 s=0.000 lv=-41.9 pk=-41.1 c0=3.1 c1=5.0 kw=5.05 inf=1.52 iv=0.00 n=0 d=0 sk=3 hf=96148 hm=92132 ht=283156 pf=0 pm=0 pt=0 ru=235400 rp=239416
18:37:32.672 @T t=246087 s=0.000 lv=-40.2 pk=-39.8 c0=7.9 c1=6.5 kw=6.11 inf=1.57 iv=0.00 n=0 d=0 sk=3 hf=96148 hm=92132 ht=283156 pf=0 pm=0 pt=0 ru=235400 rp=239416
18:37:32.673 @T t=246193 s=0.000 lv=-41.4 pk=-39.4 c0=3.1 c1=5.1 kw=4.97 inf=1.53 iv=0.00 n=0 d=0 sk=3 hf=96148 hm=92132 ht=283156 pf=0 pm=0 pt=0 ru=235400 rp=239416
18:37:32.673 @I ww=marvin cut=0.50 win=5 cool=1000 tick=100 wifi=1 srv=1 li=0 ln=0
18:37:32.673 @T t=246305 s=0.000 lv=-41.5 pk=-41.0 c0=11.3 c1=5.8 kw=5.61 inf=1.37 iv=0.00 n=0 d=0 sk=4 hf=96148 hm=92132 ht=283156 pf=0 pm=0 pt=0 ru=235400 rp=239416
18:37:32.673 @T t=246391 s=0.000 lv=-40.1 pk=-39.1 c0=4.2 c1=5.1 kw=4.95 inf=1.85 iv=0.00 n=0 d=0 sk=2 hf=96148 hm=92132 ht=283156 pf=0 pm=0 pt=0 ru=235400 rp=239416
18:37:32.673 @T t=246497 s=0.000 lv=-41.7 pk=-40.8 c0=8.2 c1=5.1 kw=4.93 inf=1.52 iv=0.00 n=0 d=0 sk=3 hf=94384 hm=92132 ht=283156 pf=0 pm=0 pt=0 ru=237164 rp=239416
18:37:32.673 @T t=246603 s=0.000 lv=-40.7 pk=-39.4 c0=6.0 c1=6.7 kw=6.14 inf=1.42 iv=0.00 n=0 d=0 sk=4 hf=95952 hm=92132 ht=283156 pf=0 pm=0 pt=0 ru=235596 rp=239416
18:37:32.673 @T t=246689 s=0.000 lv=-41.5 pk=-40.8 c0=8.0 c1=5.1 kw=4.96 inf=1.86 iv=0.00 n=0 d=0 sk=2 hf=96148 hm=92132 ht=283156 pf=0 pm=0 pt=0 ru=235400 rp=239416
18:37:32.673 @T t=246795 s=0.000 lv=-40.9 pk=-39.8 c0=3.1 c1=5.1 kw=4.94 inf=1.52 iv=0.00 n=0 d=0 sk=3 hf=96148 hm=92132 ht=283156 pf=0 pm=0 pt=0 ru=235400 rp=239416
18:37:32.673 @T t=246901 s=0.000 lv=-39.7 pk=-38.0 c0=6.5 c1=5.0 kw=5.10 inf=1.53 iv=0.00 n=0 d=0 sk=3 hf=96148 hm=92132 ht=283156 pf=0 pm=0 pt=0 ru=235400 rp=239416
18:37:32.673 @T t=246987 s=0.000 lv=-40.0 pk=-38.8 c0=3.8 c1=6.6 kw=6.16 inf=1.59 iv=0.00 n=0 d=0 sk=3 hf=96148 hm=92132 ht=283156 pf=0 pm=0 pt=0 ru=235400 rp=239416
18:37:32.673 @T t=247093 s=0.000 lv=-40.6 pk=-39.7 c0=6.4 c1=5.1 kw=4.92 inf=1.51 iv=0.00 n=0 d=0 sk=3 hf=96148 hm=92132 ht=283156 pf=0 pm=0 pt=0 ru=235400 rp=239416
18:37:32.673 @T t=247199 s=0.000 lv=-39.3 pk=-38.8 c0=3.1 c1=5.1 kw=4.96 inf=1.53 iv=0.00 n=0 d=0 sk=3 hf=96148 hm=92132 ht=283156 pf=0 pm=0 pt=0 ru=235400 rp=239416
18:37:32.673 @I ww=marvin cut=0.50 win=5 cool=1000 tick=100 wifi=1 srv=1 li=0 ln=0
18:37:32.673 @T t=247291 s=0.000 lv=-40.0 pk=-39.0 c0=4.4 c1=5.8 kw=5.68 inf=1.52 iv=0.00 n=0 d=0 sk=3 hf=96148 hm=92132 ht=283156 pf=0 pm=0 pt=0 ru=235400 rp=239416
18:37:32.673 @T t=247397 s=0.000 lv=-40.7 pk=-39.2 c0=6.8 c1=5.2 kw=4.98 inf=1.53 iv=0.00 n=0 d=0 sk=3 hf=96148 hm=92132 ht=283156 pf=0 pm=0 pt=0 ru=235400 rp=239416
18:37:32.673 @T t=247503 s=0.000 lv=-39.7 pk=-37.9 c0=3.3 c1=6.1 kw=5.95 inf=1.37 iv=0.00 n=0 d=0 sk=4 hf=96148 hm=92132 ht=283156 pf=0 pm=0 pt=0 ru=235400 rp=239416
18:37:32.673 @T t=247589 s=0.000 lv=-40.6 pk=-39.6 c0=8.5 c1=5.0 kw=4.87 inf=1.83 iv=0.00 n=0 d=0 sk=2 hf=96148 hm=92132 ht=283156 pf=0 pm=0 pt=0 ru=235400 rp=239416
18:37:32.673 @T t=247695 s=0.000 lv=-40.8 pk=-39.1 c0=3.2 c1=5.1 kw=4.98 inf=1.53 iv=0.00 n=0 d=0 sk=3 hf=96148 hm=92132 ht=283156 pf=0 pm=0 pt=0 ru=235400 rp=239416
18:37:35.164 @T t=247801 s=0.000 lv=-41.2 pk=-40.2 c0=3.0 c1=5.0 kw=5.06 inf=1.52 iv=0.00 n=0 d=0 sk=3 hf=96148 hm=92132 ht=283156 pf=0 pm=0 pt=0 ru=235400 rp=239416
18:37:35.164 @T t=247887 s=0.000 lv=-41.6 pk=-40.5 c0=7.9 c1=6.6 kw=6.14 inf=1.58 iv=0.00 n=0 d=0 sk=3 hf=96148 hm=92132 ht=283156 pf=0 pm=0 pt=0 ru=235400 rp=239416
18:37:35.164 @T t=247993 s=0.000 lv=-41.1 pk=-40.3 c0=3.1 c1=5.0 kw=4.92 inf=1.51 iv=0.00 n=0 d=0 sk=3 hf=96148 hm=92132 ht=283156 pf=0 pm=0 pt=0 ru=235400 rp=239416
18:37:35.164 @T t=248099 s=0.000 lv=-40.6 pk=-38.7 c0=3.2 c1=5.1 kw=4.94 inf=1.52 iv=0.00 n=0 d=0 sk=3 hf=96148 hm=92132 ht=283156 pf=0 pm=0 pt=0 ru=235400 rp=239416
18:37:35.164 @T t=248205 s=0.000 lv=-40.6 pk=-38.7 c0=6.3 c1=6.1 kw=5.92 inf=1.37 iv=0.00 n=0 d=0 sk=4 hf=96148 hm=92132 ht=283156 pf=0 pm=0 pt=0 ru=235400 rp=239416
18:37:35.164 @I ww=marvin cut=0.50 win=5 cool=1000 tick=100 wifi=1 srv=1 li=0 ln=0
18:37:35.164 @T t=248297 s=0.000 lv=-39.4 pk=-38.3 c0=13.3 c1=4.7 kw=4.54 inf=1.82 iv=0.00 n=0 d=0 sk=2 hf=96148 hm=92132 ht=283156 pf=0 pm=0 pt=0 ru=235400 rp=239416
18:37:35.164 @T t=248403 s=0.000 lv=-38.6 pk=-35.5 c0=3.2 c1=16.1 kw=16.05 inf=1.25 iv=0.96 n=11 d=0 sk=2 hf=96148 hm=92132 ht=283156 pf=0 pm=0 pt=0 ru=235400 rp=239416
18:37:35.164 @T t=248489 s=0.000 lv=-40.7 pk=-39.3 c0=8.0 c1=8.2 kw=7.82 inf=3.08 iv=1.15 n=2 d=0 sk=0 hf=96148 hm=92132 ht=283156 pf=0 pm=0 pt=0 ru=235400 rp=239416
18:37:35.164 @T t=248595 s=0.000 lv=-40.9 pk=-40.3 c0=7.6 c1=11.2 kw=10.56 inf=2.61 iv=1.35 n=4 d=0 sk=0 hf=96148 hm=92132 ht=283156 pf=0 pm=0 pt=0 ru=235400 rp=239416
18:37:35.164 @T t=248701 s=0.000 lv=-40.4 pk=-39.0 c0=3.5 c1=8.7 kw=8.73 inf=2.81 iv=1.20 n=3 d=0 sk=0 hf=96148 hm=92132 ht=283156 pf=0 pm=0 pt=0 ru=235400 rp=239416
18:37:35.164 @T t=248790 s=0.000 lv=-39.6 pk=-38.1 c0=4.0 c1=11.0 kw=10.51 inf=2.93 iv=1.24 n=3 d=0 sk=0 hf=96148 hm=92132 ht=283156 pf=0 pm=0 pt=0 ru=235400 rp=239416
18:37:35.164 @T t=248896 s=0.000 lv=-40.4 pk=-39.0 c0=4.8 c1=10.3 kw=10.04 inf=2.48 iv=1.26 n=4 d=0 sk=0 hf=96148 hm=92132 ht=283156 pf=0 pm=0 pt=0 ru=235400 rp=239416
18:37:35.164 @T t=249002 s=0.000 lv=-41.0 pk=-39.8 c0=3.5 c1=9.3 kw=8.40 inf=2.69 iv=1.12 n=3 d=0 sk=0 hf=96148 hm=92132 ht=283156 pf=0 pm=0 pt=0 ru=235400 rp=239416
18:37:35.164 @T t=249088 s=0.000 lv=-41.6 pk=-40.2 c0=4.5 c1=9.9 kw=10.63 inf=2.86 iv=1.26 n=3 d=0 sk=0 hf=96148 hm=92132 ht=283156 pf=0 pm=0 pt=0 ru=235400 rp=239416
18:37:35.164 @T t=249194 s=0.000 lv=-40.6 pk=-40.0 c0=6.6 c1=9.4 kw=9.21 inf=2.27 iv=1.08 n=4 d=0 sk=0 hf=96148 hm=92132 ht=283156 pf=0 pm=0 pt=0 ru=235400 rp=239416
18:37:35.164 @I ww=marvin cut=0.50 win=5 cool=1000 tick=100 wifi=1 srv=1 li=0 ln=0
18:37:35.164 @T t=249286 s=0.000 lv=-41.1 pk=-40.3 c0=4.7 c1=9.8 kw=9.56 inf=2.70 iv=1.11 n=3 d=0 sk=0 hf=96148 hm=92132 ht=283156 pf=0 pm=0 pt=0 ru=235400 rp=239416
18:37:35.164 @T t=249392 s=0.000 lv=-38.4 pk=-37.1 c0=3.5 c1=8.5 kw=8.28 inf=2.70 iv=1.11 n=3 d=0 sk=0 hf=96148 hm=92132 ht=283156 pf=0 pm=0 pt=0 ru=235400 rp=239416
18:37:35.165 @T t=249498 s=0.000 lv=-38.6 pk=-37.7 c0=3.5 c1=9.4 kw=9.26 inf=2.28 iv=1.09 n=4 d=0 sk=0 hf=96148 hm=92132 ht=283156 pf=0 pm=0 pt=0 ru=235400 rp=239416
18:37:35.165 @T t=249604 s=0.000 lv=-40.1 pk=-38.9 c0=4.4 c1=10.1 kw=10.52 inf=2.58 iv=1.14 n=4 d=0 sk=0 hf=96148 hm=92132 ht=283156 pf=0 pm=0 pt=0 ru=235400 rp=239416
18:37:35.165 @T t=249691 s=0.000 lv=-40.3 pk=-39.3 c0=8.0 c1=8.8 kw=7.89 inf=3.15 iv=1.24 n=2 d=0 sk=0 hf=96148 hm=92132 ht=283156 pf=0 pm=0 pt=0 ru=235400 rp=239416
18:37:35.165 @T t=249797 s=0.000 lv=-39.7 pk=-38.6 c0=3.4 c1=9.5 kw=9.30 inf=2.29 iv=1.10 n=4 d=0 sk=0 hf=96148 hm=92132 ht=283156 pf=0 pm=0 pt=0 ru=235400 rp=239416
18:37:35.165 @T t=249903 s=0.000 lv=-39.5 pk=-37.0 c0=3.6 c1=10.4 kw=10.34 inf=2.53 iv=1.10 n=4 d=0 sk=0 hf=96148 hm=92132 ht=283156 pf=0 pm=0 pt=0 ru=235400 rp=239416
18:37:35.165 @T t=249989 s=0.000 lv=-39.2 pk=-37.9 c0=4.1 c1=8.1 kw=7.77 inf=3.06 iv=1.17 n=2 d=0 sk=0 hf=96148 hm=92132 ht=283156 pf=0 pm=0 pt=0 ru=235400 rp=239416
18:37:35.165 @T t=250095 s=0.000 lv=-38.6 pk=-36.2 c0=3.5 c1=5.1 kw=4.99 inf=1.54 iv=0.00 n=0 d=0 sk=3 hf=96148 hm=92132 ht=283156 pf=0 pm=0 pt=0 ru=235400 rp=239416
18:37:35.165 @T t=250201 s=0.000 lv=-39.1 pk=-38.2 c0=6.4 c1=5.0 kw=5.09 inf=1.53 iv=0.00 n=0 d=0 sk=3 hf=96148 hm=92132 ht=283156 pf=0 pm=0 pt=0 ru=235400 rp=239416
18:37:35.165 @I ww=marvin cut=0.50 win=5 cool=1000 tick=100 wifi=1 srv=1 li=0 ln=0
18:37:37.281 @T t=250293 s=0.000 lv=-39.8 pk=-38.8 c0=13.3 c1=6.1 kw=5.72 inf=1.58 iv=0.00 n=0 d=0 sk=3 hf=96148 hm=92132 ht=283156 pf=0 pm=0 pt=0 ru=235400 rp=239416
18:37:37.281 @T t=250399 s=0.000 lv=-39.7 pk=-38.7 c0=6.4 c1=5.0 kw=4.91 inf=1.51 iv=0.00 n=0 d=0 sk=3 hf=96148 hm=92132 ht=283156 pf=0 pm=0 pt=0 ru=235400 rp=239416
18:37:37.281 @T t=250505 s=0.000 lv=-36.1 pk=-33.4 c0=3.1 c1=16.2 kw=15.97 inf=1.24 iv=0.96 n=11 d=0 sk=2 hf=96148 hm=92132 ht=283156 pf=0 pm=0 pt=0 ru=235400 rp=239416
18:37:37.281 @T t=250591 s=0.000 lv=-38.6 pk=-36.8 c0=6.7 c1=8.0 kw=7.83 inf=3.09 iv=1.18 n=2 d=0 sk=0 hf=94384 hm=92132 ht=283156 pf=0 pm=0 pt=0 ru=237164 rp=239416
18:37:37.281 @T t=250697 s=0.000 lv=-39.0 pk=-38.0 c0=5.6 c1=10.9 kw=10.32 inf=2.55 iv=1.31 n=4 d=0 sk=0 hf=96148 hm=92132 ht=283156 pf=0 pm=0 pt=0 ru=235400 rp=239416
18:37:37.281 @T t=250803 s=0.000 lv=-39.7 pk=-37.2 c0=6.5 c1=11.0 kw=10.95 inf=2.69 iv=1.23 n=4 d=0 sk=0 hf=96148 hm=92132 ht=283156 pf=0 pm=0 pt=0 ru=235400 rp=239416
18:37:37.281 @T t=250889 s=0.000 lv=-40.4 pk=-39.2 c0=5.1 c1=8.6 kw=8.19 inf=3.23 iv=1.27 n=2 d=0 sk=0 hf=96148 hm=92132 ht=283156 pf=0 pm=0 pt=0 ru=235400 rp=239416
18:37:37.281 @T t=250995 s=0.000 lv=-41.0 pk=-40.4 c0=3.5 c1=9.7 kw=9.51 inf=2.35 iv=1.14 n=4 d=0 sk=0 hf=96148 hm=92132 ht=283156 pf=0 pm=0 pt=0 ru=235400 rp=239416
18:37:37.281 @T t=251101 s=0.000 lv=-39.8 pk=-39.0 c0=6.8 c1=8.7 kw=8.70 inf=2.80 iv=1.19 n=3 d=0 sk=0 hf=96148 hm=92132 ht=283156 pf=0 pm=0 pt=0 ru=235400 rp=239416
18:37:37.281 @T t=251189 s=0.000 lv=-41.1 pk=-39.8 c0=4.4 c1=11.4 kw=10.94 inf=3.02 iv=1.31 n=3 d=0 sk=0 hf=96148 hm=92132 ht=283156 pf=0 pm=0 pt=0 ru=235400 rp=239416
18:37:37.281 @I ww=marvin cut=0.50 win=5 cool=1000 tick=100 wifi=1 srv=1 li=0 ln=0
18:37:37.281 @T t=251300 s=0.000 lv=-40.2 pk=-39.0 c0=4.0 c1=9.4 kw=9.20 inf=2.38 iv=1.16 n=4 d=0 sk=0 hf=96148 hm=92132 ht=283156 pf=0 pm=0 pt=0 ru=235400 rp=239416
18:37:37.281 [status] up 251s | mic -40.1 dBFS (peak -33.2) | score max 0.00 | detections 0 | inferences 163 (16.3/s; model 1.14 ms each, paused in quiet 52%; features 1.38 ms per 30 ms) | CPU core0  5.5% core1  7.4% (wake word pipeline 7.23% of one core) | RAM used 229 KB (peak 233 KB, 93 KB free) | wifi OK, server OK | audio lost since boot: i2s 0 net 0
18:37:37.282 [tasks] % of one core (free stack): main@0=4.80(1936) IDLE1@1=93.27(720) IDLE0@0=94.75(728) tiT@*=0.09(1956) websocket_task@*=0.15(1468) audio_kws@1=6.71(1344) esp_timer@0=0.01(3136) streamer@0=0.00(2944) sys_evt@0=0.00(444) ipc0@0=0.00(528) wifi@0=0.21(3208) Tmr Svc@*=0.00(1368) ipc1@1=0.00(536)
18:37:37.282 @T t=251419 s=0.000 lv=-41.0 pk=-40.3 c0=45.2 c1=10.3 kw=10.09 inf=2.78 iv=1.26 n=4 d=0 sk=0 hf=96148 hm=92132 ht=283156 pf=0 pm=0 pt=0 ru=235400 rp=239416
18:37:37.282 @T t=251505 s=0.000 lv=-41.2 pk=-40.0 c0=4.2 c1=10.4 kw=10.19 inf=2.69 iv=1.11 n=3 d=0 sk=0 hf=96148 hm=92132 ht=283156 pf=0 pm=0 pt=0 ru=235400 rp=239416
18:37:37.282 @T t=251591 s=0.000 lv=-39.3 pk=-38.6 c0=4.3 c1=9.3 kw=9.16 inf=2.44 iv=1.15 n=3 d=0 sk=0 hf=96148 hm=92132 ht=283156 pf=0 pm=0 pt=0 ru=235400 rp=239416
18:37:37.282 @T t=251697 s=0.000 lv=-39.8 pk=-39.0 c0=4.3 c1=9.4 kw=9.13 inf=2.99 iv=1.34 n=3 d=0 sk=0 hf=96148 hm=92132 ht=283156 pf=0 pm=0 pt=0 ru=235400 rp=239416
18:37:37.282 @T t=251803 s=0.000 lv=-39.6 pk=-38.1 c0=6.7 c1=10.5 kw=10.48 inf=2.57 iv=1.13 n=4 d=0 sk=0 hf=96148 hm=92132 ht=283156 pf=0 pm=0 pt=0 ru=235400 rp=239416
18:37:37.282 @T t=251889 s=0.000 lv=-39.9 pk=-39.0 c0=4.4 c1=9.6 kw=9.23 inf=2.46 iv=1.16 n=3 d=0 sk=0 hf=96148 hm=92132 ht=283156 pf=0 pm=0 pt=0 ru=235400 rp=239416
18:37:37.282 @T t=251995 s=0.000 lv=-40.1 pk=-38.5 c0=3.4 c1=8.5 kw=8.32 inf=2.71 iv=1.13 n=3 d=0 sk=0 hf=96148 hm=92132 ht=283156 pf=0 pm=0 pt=0 ru=235400 rp=239416
18:37:37.282 @T t=252101 s=0.000 lv=-40.8 pk=-39.5 c0=3.6 c1=8.6 kw=8.60 inf=2.76 iv=1.16 n=3 d=0 sk=0 hf=96148 hm=92132 ht=283156 pf=0 pm=0 pt=0 ru=235400 rp=239416
18:37:37.282 @T t=252187 s=0.000 lv=-40.1 pk=-38.9 c0=4.1 c1=6.7 kw=6.28 inf=1.62 iv=0.00 n=0 d=0 sk=3 hf=96148 hm=92132 ht=283156 pf=0 pm=0 pt=0 ru=235400 rp=239416
18:37:37.282 @I ww=marvin cut=0.50 win=5 cool=1000 tick=100 wifi=1 srv=1 li=0 ln=0
18:37:37.282 @T t=252299 s=0.000 lv=-40.4 pk=-38.7 c0=3.6 c1=4.8 kw=4.66 inf=1.51 iv=0.00 n=0 d=0 sk=3 hf=96148 hm=92132 ht=283156 pf=0 pm=0 pt=0 ru=235400 rp=239416
18:37:39.872 @T t=252405 s=0.000 lv=-40.4 pk=-39.1 c0=3.1 c1=6.1 kw=5.91 inf=1.36 iv=0.00 n=0 d=0 sk=4 hf=96148 hm=92132 ht=283156 pf=0 pm=0 pt=0 ru=235400 rp=239416
18:37:39.872 @T t=252491 s=0.000 lv=-39.7 pk=-38.8 c0=7.8 c1=5.0 kw=4.85 inf=1.81 iv=0.00 n=0 d=0 sk=2 hf=96148 hm=92132 ht=283156 pf=0 pm=0 pt=0 ru=235400 rp=239416
18:37:39.872 @T t=252597 s=0.000 lv=-41.2 pk=-39.5 c0=6.3 c1=5.1 kw=4.92 inf=1.51 iv=0.00 n=0 d=0 sk=3 hf=96148 hm=92132 ht=283156 pf=0 pm=0 pt=0 ru=235400 rp=239416
18:37:39.872 @T t=252703 s=0.000 lv=-41.2 pk=-39.7 c0=7.0 c1=6.7 kw=6.08 inf=1.40 iv=0.00 n=0 d=0 sk=4 hf=96148 hm=92132 ht=283156 pf=0 pm=0 pt=0 ru=235400 rp=239416
18:37:39.872 @T t=252789 s=0.000 lv=-40.6 pk=-39.2 c0=4.7 c1=5.1 kw=4.93 inf=1.85 iv=0.00 n=0 d=0 sk=2 hf=96148 hm=92132 ht=283156 pf=0 pm=0 pt=0 ru=235400 rp=239416
18:37:39.873 @T t=252895 s=0.000 lv=-40.8 pk=-39.9 c0=4.6 c1=5.2 kw=5.05 inf=1.55 iv=0.00 n=0 d=0 sk=3 hf=96148 hm=92132 ht=283156 pf=0 pm=0 pt=0 ru=235400 rp=239416
18:37:39.873 @T t=253001 s=0.000 lv=-39.8 pk=-38.9 c0=3.4 c1=5.0 kw=5.10 inf=1.53 iv=0.00 n=0 d=0 sk=3 hf=96148 hm=92132 ht=283156 pf=0 pm=0 pt=0 ru=235400 rp=239416
18:37:39.873 @T t=253087 s=0.000 lv=-40.1 pk=-39.0 c0=7.9 c1=6.6 kw=6.15 inf=1.58 iv=0.00 n=0 d=0 sk=3 hf=96148 hm=92132 ht=283156 pf=0 pm=0 pt=0 ru=235400 rp=239416
18:37:39.873 @T t=253193 s=0.000 lv=-40.1 pk=-39.6 c0=3.1 c1=5.1 kw=4.93 inf=1.52 iv=0.00 n=0 d=0 sk=3 hf=96148 hm=92132 ht=283156 pf=0 pm=0 pt=0 ru=235400 rp=239416
18:37:39.873 @I ww=marvin cut=0.50 win=5 cool=1000 tick=100 wifi=1 srv=1 li=0 ln=0
18:37:39.873 @T t=253305 s=0.000 lv=-40.8 pk=-39.9 c0=11.0 c1=5.7 kw=5.58 inf=1.36 iv=0.00 n=0 d=0 sk=4 hf=96148 hm=92132 ht=283156 pf=0 pm=0 pt=0 ru=235400 rp=239416
18:37:39.873 @T t=253391 s=0.000 lv=-40.5 pk=-38.8 c0=3.8 c1=5.0 kw=4.88 inf=1.83 iv=0.00 n=0 d=0 sk=2 hf=96148 hm=92132 ht=283156 pf=0 pm=0 pt=0 ru=235400 rp=239416
18:37:39.873 @T t=253497 s=0.000 lv=-40.0 pk=-38.3 c0=3.1 c1=5.1 kw=4.93 inf=1.52 iv=0.00 n=0 d=0 sk=3 hf=96148 hm=92132 ht=283156 pf=0 pm=0 pt=0 ru=235400 rp=239416
18:37:39.873 @T t=253603 s=0.000 lv=-40.3 pk=-39.1 c0=6.3 c1=6.1 kw=5.90 inf=1.36 iv=0.00 n=0 d=0 sk=4 hf=96148 hm=92132 ht=283156 pf=0 pm=0 pt=0 ru=235400 rp=239416
18:37:39.873 @T t=253689 s=0.000 lv=-37.2 pk=-34.7 c0=4.3 c1=18.0 kw=17.76 inf=1.23 iv=0.99 n=11 d=0 sk=1 hf=96148 hm=92132 ht=283156 pf=0 pm=0 pt=0 ru=235400 rp=239416
18:37:39.873 @T t=253795 s=0.000 lv=-38.6 pk=-36.7 c0=3.5 c1=8.7 kw=8.53 inf=2.78 iv=1.18 n=3 d=0 sk=0 hf=96148 hm=92132 ht=283156 pf=0 pm=0 pt=0 ru=235400 rp=239416
18:37:39.873 @T t=253901 s=0.000 lv=-40.1 pk=-38.1 c0=3.7 c1=8.7 kw=8.72 inf=2.80 iv=1.18 n=3 d=0 sk=0 hf=96148 hm=92132 ht=283156 pf=0 pm=0 pt=0 ru=235400 rp=239416
18:37:39.873 @T t=253990 s=0.000 lv=-38.3 pk=-35.7 c0=4.4 c1=12.6 kw=12.11 inf=2.55 iv=1.33 n=4 d=0 sk=0 hf=96148 hm=92132 ht=283156 pf=0 pm=0 pt=0 ru=235400 rp=239416
18:37:39.873 @T t=254096 s=0.000 lv=-40.4 pk=-39.5 c0=6.8 c1=8.5 kw=8.36 inf=2.72 iv=1.13 n=3 d=0 sk=0 hf=96148 hm=92132 ht=283156 pf=0 pm=0 pt=0 ru=235400 rp=239416
18:37:39.873 @T t=254203 s=0.000 lv=-38.9 pk=-37.2 c0=3.4 c1=10.3 kw=10.30 inf=2.55 iv=1.12 n=4 d=0 sk=0 hf=96148 hm=92132 ht=283156 pf=0 pm=0 pt=0 ru=235400 rp=239416
18:37:39.873 @I ww=marvin cut=0.50 win=5 cool=1000 tick=100 wifi=1 srv=1 li=0 ln=0
18:37:39.873 @T t=254295 s=0.000 lv=-40.0 pk=-38.8 c0=4.8 c1=8.7 kw=8.38 inf=2.38 iv=1.12 n=3 d=0 sk=0 hf=96148 hm=92132 ht=283156 pf=0 pm=0 pt=0 ru=235400 rp=239416
18:37:39.873 @T t=254401 s=0.000 lv=-38.5 pk=-36.2 c0=3.5 c1=8.4 kw=8.48 inf=2.72 iv=1.12 n=3 d=0 sk=0 hf=96148 hm=92132 ht=283156 pf=0 pm=0 pt=0 ru=235400 rp=239416
18:37:39.873 @T t=254489 s=0.000 lv=-39.5 pk=-37.8 c0=4.0 c1=10.8 kw=10.39 inf=2.86 iv=1.21 n=3 d=0 sk=0 hf=96148 hm=92132 ht=283156 pf=0 pm=0 pt=0 ru=235400 rp=239416
18:37:39.873 @T t=254595 s=0.000 lv=-38.7 pk=-37.3 c0=3.5 c1=9.5 kw=9.32 inf=2.30 iv=1.10 n=4 d=0 sk=0 hf=96148 hm=92132 ht=283156 pf=0 pm=0 pt=0 ru=235400 rp=239416
18:37:39.873 @T t=254703 s=0.000 lv=-41.1 pk=-39.3 c0=5.5 c1=10.9 kw=11.18 inf=2.81 iv=1.34 n=4 d=0 sk=0 hf=94384 hm=92132 ht=283156 pf=0 pm=0 pt=0 ru=237164 rp=239416
18:37:39.873 @T t=254789 s=0.000 lv=-40.4 pk=-39.5 c0=6.2 c1=9.2 kw=8.26 inf=3.27 iv=1.31 n=2 d=0 sk=0 hf=94384 hm=92132 ht=283156 pf=0 pm=0 pt=0 ru=237164 rp=239416
18:37:39.873 @T t=254895 s=0.000 lv=-40.0 pk=-38.7 c0=7.5 c1=11.1 kw=10.52 inf=2.60 iv=1.36 n=4 d=0 sk=0 hf=96148 hm=92132 ht=283156 pf=0 pm=0 pt=0 ru=235400 rp=239416
18:37:42.284 @T t=255001 s=0.000 lv=-40.9 pk=-40.2 c0=3.9 c1=9.1 kw=9.12 inf=2.94 iv=1.29 n=3 d=0 sk=0 hf=96148 hm=92132 ht=283156 pf=0 pm=0 pt=0 ru=235400 rp=239416
18:37:42.284 @T t=255089 s=0.000 lv=-39.7 pk=-38.9 c0=4.3 c1=11.3 kw=10.88 inf=3.00 iv=1.30 n=3 d=0 sk=0 hf=96148 hm=92132 ht=283156 pf=0 pm=0 pt=0 ru=235400 rp=239416
18:37:42.284 I (255520) wifi:[ADDBA]RX DELBA, reason:37, delete tid:0, initiator:1(originator)
18:37:42.284 @T t=255195 s=0.000 lv=-40.0 pk=-39.4 c0=5.5 c1=10.2 kw=10.03 inf=2.48 iv=1.25 n=4 d=0 sk=0 hf=96148 hm=92132 ht=283156 pf=0 pm=0 pt=0 ru=235400 rp=239416
18:37:42.284 @I ww=marvin cut=0.50 win=5 cool=1000 tick=100 wifi=1 srv=1 li=0 ln=0
18:37:42.284 @T t=255287 s=0.000 lv=-40.8 pk=-39.4 c0=14.2 c1=9.4 kw=9.15 inf=2.57 iv=1.41 n=2 d=0 sk=1 hf=96148 hm=92132 ht=283156 pf=0 pm=0 pt=0 ru=235400 rp=239416
18:37:42.284 @T t=255393 s=0.000 lv=-40.2 pk=-39.6 c0=3.4 c1=5.1 kw=5.00 inf=1.54 iv=0.00 n=0 d=0 sk=3 hf=96148 hm=92132 ht=283156 pf=0 pm=0 pt=0 ru=235400 rp=239416
18:37:42.284 @T t=255499 s=0.000 lv=-39.9 pk=-38.6 c0=6.7 c1=5.1 kw=4.98 inf=1.54 iv=0.00 n=0 d=0 sk=3 hf=96148 hm=92132 ht=283156 pf=0 pm=0 pt=0 ru=235400 rp=239416
18:37:42.284 @T t=255605 s=0.000 lv=-39.6 pk=-37.3 c0=3.6 c1=6.2 kw=5.99 inf=1.38 iv=0.00 n=0 d=0 sk=4 hf=96148 hm=92132 ht=283156 pf=0 pm=0 pt=0 ru=235400 rp=239416
18:37:42.284 @T t=255691 s=0.000 lv=-40.2 pk=-39.1 c0=4.3 c1=5.1 kw=4.95 inf=1.85 iv=0.00 n=0 d=0 sk=2 hf=96148 hm=92132 ht=283156 pf=0 pm=0 pt=0 ru=235400 rp=239416
18:37:42.284 @T t=255797 s=0.000 lv=-40.2 pk=-39.0 c0=3.5 c1=5.1 kw=5.00 inf=1.54 iv=0.00 n=0 d=0 sk=3 hf=96148 hm=92132 ht=283156 pf=0 pm=0 pt=0 ru=235400 rp=239416
18:37:42.284 @T t=255903 s=0.000 lv=-40.8 pk=-38.9 c0=4.2 c1=6.2 kw=6.02 inf=1.39 iv=0.00 n=0 d=0 sk=4 hf=96148 hm=92132 ht=283156 pf=0 pm=0 pt=0 ru=235400 rp=239416
18:37:42.284 @T t=255989 s=0.000 lv=-40.4 pk=-38.9 c0=4.5 c1=5.1 kw=4.93 inf=1.84 iv=0.00 n=0 d=0 sk=2 hf=96148 hm=92132 ht=283156 pf=0 pm=0 pt=0 ru=235400 rp=239416
18:37:42.284 @T t=256095 s=0.000 lv=-39.9 pk=-38.1 c0=3.7 c1=5.1 kw=4.99 inf=1.53 iv=0.00 n=0 d=0 sk=3 hf=96148 hm=92132 ht=283156 pf=0 pm=0 pt=0 ru=235400 rp=239416
18:37:42.284 @T t=256201 s=0.000 lv=-40.6 pk=-39.0 c0=3.6 c1=5.0 kw=5.11 inf=1.53 iv=0.00 n=0 d=0 sk=3 hf=96148 hm=92132 ht=283156 pf=0 pm=0 pt=0 ru=235400 rp=239416
18:37:42.284 @I ww=marvin cut=0.50 win=5 cool=1000 tick=100 wifi=1 srv=1 li=0 ln=0
18:37:42.284 @T t=256293 s=0.000 lv=-39.1 pk=-37.8 c0=4.9 c1=6.3 kw=5.83 inf=1.61 iv=0.00 n=0 d=0 sk=3 hf=96148 hm=92132 ht=283156 pf=0 pm=0 pt=0 ru=235400 rp=239416
18:37:42.284 @T t=256399 s=0.000 lv=-38.7 pk=-37.6 c0=3.7 c1=5.1 kw=5.00 inf=1.54 iv=0.00 n=0 d=0 sk=3 hf=96148 hm=92132 ht=283156 pf=0 pm=0 pt=0 ru=235400 rp=239416
18:37:42.284 @T t=256505 s=0.000 lv=-38.0 pk=-36.5 c0=3.5 c1=6.2 kw=5.99 inf=1.38 iv=0.00 n=0 d=0 sk=4 hf=96148 hm=92132 ht=283156 pf=0 pm=0 pt=0 ru=235400 rp=239416
18:37:42.284 @T t=256591 s=0.000 lv=-38.2 pk=-36.9 c0=4.3 c1=5.1 kw=4.97 inf=1.86 iv=0.00 n=0 d=0 sk=2 hf=96148 hm=92132 ht=283156 pf=0 pm=0 pt=0 ru=235400 rp=239416
18:37:42.284 @T t=256697 s=0.000 lv=-38.0 pk=-36.1 c0=3.5 c1=5.1 kw=4.97 inf=1.53 iv=0.00 n=0 d=0 sk=3 hf=96148 hm=92132 ht=283156 pf=0 pm=0 pt=0 ru=235400 rp=239416
18:37:42.284 @T t=256803 s=0.000 lv=-38.0 pk=-36.8 c0=3.5 c1=6.1 kw=5.96 inf=1.38 iv=0.00 n=0 d=0 sk=4 hf=96148 hm=92132 ht=283156 pf=0 pm=0 pt=0 ru=235400 rp=239416
18:37:42.284 @T t=256889 s=0.000 lv=-39.9 pk=-37.8 c0=9.2 c1=5.9 kw=5.24 inf=1.96 iv=0.00 n=0 d=0 sk=2 hf=96148 hm=92132 ht=283156 pf=0 pm=0 pt=0 ru=235400 rp=239416
18:37:42.284 @T t=256995 s=0.000 lv=-39.5 pk=-39.2 c0=3.4 c1=5.0 kw=4.94 inf=1.52 iv=0.00 n=0 d=0 sk=3 hf=96148 hm=92132 ht=283156 pf=0 pm=0 pt=0 ru=235400 rp=239416
18:37:42.284 @T t=257101 s=0.000 lv=-39.1 pk=-37.6 c0=3.8 c1=5.1 kw=5.13 inf=1.54 iv=0.00 n=0 d=0 sk=3 hf=96148 hm=92132 ht=283156 pf=0 pm=0 pt=0 ru=235400 rp=239416
18:37:42.284 @T t=257187 s=0.000 lv=-39.1 pk=-38.0 c0=4.1 c1=6.6 kw=6.22 inf=1.60 iv=0.00 n=0 d=0 sk=3 hf=96148 hm=92132 ht=283156 pf=0 pm=0 pt=0 ru=235400 rp=239416
18:37:42.284 @I ww=marvin cut=0.50 win=5 cool=1000 tick=100 wifi=1 srv=1 li=0 ln=0
18:37:42.284 @T t=257299 s=0.000 lv=-38.0 pk=-35.6 c0=11.0 c1=4.8 kw=4.65 inf=1.51 iv=0.00 n=0 d=0 sk=3 hf=96148 hm=92132 ht=283156 pf=0 pm=0 pt=0 ru=235400 rp=239416
18:37:44.869 @T t=257405 s=0.000 lv=-39.1 pk=-37.8 c0=3.5 c1=6.2 kw=5.99 inf=1.38 iv=0.00 n=0 d=0 sk=4 hf=96148 hm=92132 ht=283156 pf=0 pm=0 pt=0 ru=235400 rp=239416
18:37:44.869 @T t=257491 s=0.000 lv=-39.2 pk=-38.1 c0=4.3 c1=5.0 kw=4.88 inf=1.82 iv=0.00 n=0 d=0 sk=2 hf=96148 hm=92132 ht=283156 pf=0 pm=0 pt=0 ru=235400 rp=239416
18:37:44.869 @T t=257597 s=0.000 lv=-39.4 pk=-37.0 c0=3.4 c1=5.1 kw=4.98 inf=1.53 iv=0.00 n=0 d=0 sk=3 hf=96148 hm=92132 ht=283156 pf=0 pm=0 pt=0 ru=235400 rp=239416
18:37:44.869 @T t=257703 s=0.000 lv=-38.7 pk=-36.3 c0=3.5 c1=6.1 kw=5.96 inf=1.37 iv=0.00 n=0 d=0 sk=4 hf=96148 hm=92132 ht=283156 pf=0 pm=0 pt=0 ru=235400 rp=239416
18:37:44.869 @T t=257789 s=0.000 lv=-40.0 pk=-38.9 c0=3.8 c1=5.0 kw=4.89 inf=1.83 iv=0.00 n=0 d=0 sk=2 hf=96148 hm=92132 ht=283156 pf=0 pm=0 pt=0 ru=235400 rp=239416
18:37:44.869 @T t=257895 s=0.000 lv=-40.3 pk=-38.4 c0=7.0 c1=5.1 kw=4.95 inf=1.53 iv=0.00 n=0 d=0 sk=3 hf=96148 hm=92132 ht=283156 pf=0 pm=0 pt=0 ru=235400 rp=239416
18:37:44.869 @T t=258001 s=0.000 lv=-40.2 pk=-39.2 c0=3.6 c1=5.1 kw=5.13 inf=1.54 iv=0.00 n=0 d=0 sk=3 hf=96148 hm=92132 ht=283156 pf=0 pm=0 pt=0 ru=235400 rp=239416
18:37:44.869 @T t=258087 s=0.000 lv=-38.9 pk=-38.2 c0=8.2 c1=6.6 kw=6.21 inf=1.60 iv=0.00 n=0 d=0 sk=3 hf=96148 hm=92132 ht=283156 pf=0 pm=0 pt=0 ru=235400 rp=239416
18:37:44.869 @T t=258193 s=0.000 lv=-40.5 pk=-39.1 c0=6.3 c1=5.0 kw=4.92 inf=1.51 iv=0.00 n=0 d=0 sk=3 hf=96148 hm=92132 ht=283156 pf=0 pm=0 pt=0 ru=235400 rp=239416
18:37:44.869 @I ww=marvin cut=0.50 win=5 cool=1000 tick=100 wifi=1 srv=1 li=0 ln=0
18:37:44.869 @T t=258305 s=0.000 lv=-40.6 pk=-39.5 c0=11.3 c1=5.8 kw=5.64 inf=1.38 iv=0.00 n=0 d=0 sk=4 hf=96148 hm=92132 ht=283156 pf=0 pm=0 pt=0 ru=235400 rp=239416
18:37:44.869 @T t=258391 s=0.000 lv=-41.4 pk=-40.3 c0=4.3 c1=5.1 kw=4.92 inf=1.84 iv=0.00 n=0 d=0 sk=2 hf=96148 hm=92132 ht=283156 pf=0 pm=0 pt=0 ru=235400 rp=239416
18:37:44.869 @T t=258497 s=0.000 lv=-40.9 pk=-39.9 c0=3.5 c1=5.1 kw=4.97 inf=1.53 iv=0.00 n=0 d=0 sk=3 hf=96148 hm=92132 ht=283156 pf=0 pm=0 pt=0 ru=235400 rp=239416
18:37:44.869 @T t=258603 s=0.000 lv=-40.0 pk=-38.6 c0=3.3 c1=6.0 kw=5.90 inf=1.36 iv=0.00 n=0 d=0 sk=4 hf=96148 hm=92132 ht=283156 pf=0 pm=0 pt=0 ru=235400 rp=239416
18:37:44.869 @T t=258689 s=0.000 lv=-39.0 pk=-38.1 c0=3.7 c1=5.0 kw=4.88 inf=1.83 iv=0.00 n=0 d=0 sk=2 hf=96148 hm=92132 ht=283156 pf=0 pm=0 pt=0 ru=235400 rp=239416
18:37:44.869 @T t=258795 s=0.000 lv=-39.7 pk=-38.5 c0=3.0 c1=5.1 kw=4.94 inf=1.52 iv=0.00 n=0 d=0 sk=3 hf=96148 hm=92132 ht=283156 pf=0 pm=0 pt=0 ru=235400 rp=239416
18:37:44.869 @T t=258901 s=0.000 lv=-39.8 pk=-38.4 c0=8.4 c1=5.1 kw=5.10 inf=1.53 iv=0.00 n=0 d=0 sk=3 hf=94384 hm=92132 ht=283156 pf=0 pm=0 pt=0 ru=237164 rp=239416
18:37:44.869 @T t=258987 s=0.000 lv=-39.8 pk=-38.4 c0=10.0 c1=7.5 kw=6.54 inf=1.69 iv=0.00 n=0 d=0 sk=3 hf=96148 hm=92132 ht=283156 pf=0 pm=0 pt=0 ru=235400 rp=239416
18:37:44.869 @T t=259093 s=0.000 lv=-39.5 pk=-37.5 c0=7.5 c1=5.2 kw=5.03 inf=1.55 iv=0.00 n=0 d=0 sk=3 hf=95952 hm=92132 ht=283156 pf=0 pm=0 pt=0 ru=235596 rp=239416
18:37:44.869 @T t=259199 s=0.000 lv=-39.6 pk=-38.4 c0=3.9 c1=5.1 kw=4.99 inf=1.54 iv=0.00 n=0 d=0 sk=3 hf=96148 hm=92132 ht=283156 pf=0 pm=0 pt=0 ru=235400 rp=239416
18:37:44.869 @I ww=marvin cut=0.50 win=5 cool=1000 tick=100 wifi=1 srv=1 li=0 ln=0
18:37:44.869 @T t=259291 s=0.000 lv=-38.4 pk=-35.2 c0=4.6 c1=5.9 kw=5.70 inf=1.52 iv=0.00 n=0 d=0 sk=3 hf=96148 hm=92132 ht=283156 pf=0 pm=0 pt=0 ru=235400 rp=239416
18:37:44.870 @T t=259397 s=0.000 lv=-40.3 pk=-37.8 c0=3.1 c1=5.1 kw=4.94 inf=1.52 iv=0.00 n=0 d=0 sk=3 hf=96148 hm=92132 ht=283156 pf=0 pm=0 pt=0 ru=235400 rp=239416
18:37:44.870 @T t=259503 s=0.000 lv=-40.6 pk=-39.6 c0=3.1 c1=6.0 kw=5.89 inf=1.36 iv=0.00 n=0 d=0 sk=4 hf=96148 hm=92132 ht=283156 pf=0 pm=0 pt=0 ru=235400 rp=239416
18:37:44.870 @T t=259589 s=0.000 lv=-40.7 pk=-40.2 c0=4.2 c1=5.1 kw=4.94 inf=1.85 iv=0.00 n=0 d=0 sk=2 hf=96148 hm=92132 ht=283156 pf=0 pm=0 pt=0 ru=235400 rp=239416
18:37:44.870 @T t=259695 s=0.000 lv=-39.0 pk=-38.4 c0=3.2 c1=5.1 kw=4.96 inf=1.52 iv=0.00 n=0 d=0 sk=3 hf=96148 hm=92132 ht=283156 pf=0 pm=0 pt=0 ru=235400 rp=239416
18:37:44.870 @T t=259801 s=0.000 lv=-40.5 pk=-38.9 c0=6.3 c1=5.0 kw=5.05 inf=1.51 iv=0.00 n=0 d=0 sk=3 hf=96148 hm=92132 ht=283156 pf=0 pm=0 pt=0 ru=235400 rp=239416
18:37:44.870 @T t=259887 s=0.000 lv=-40.7 pk=-38.7 c0=8.0 c1=6.6 kw=6.14 inf=1.58 iv=0.00 n=0 d=0 sk=3 hf=96148 hm=92132 ht=283156 pf=0 pm=0 pt=0 ru=235400 rp=239416
18:37:47.167 @T t=259993 s=0.000 lv=-38.7 pk=-38.1 c0=3.6 c1=5.1 kw=4.97 inf=1.53 iv=0.00 n=0 d=0 sk=3 hf=96148 hm=92132 ht=283156 pf=0 pm=0 pt=0 ru=235400 rp=239416
18:37:47.167 @T t=260099 s=0.000 lv=-39.6 pk=-38.1 c0=3.3 c1=5.1 kw=4.98 inf=1.54 iv=0.00 n=0 d=0 sk=3 hf=96148 hm=92132 ht=283156 pf=0 pm=0 pt=0 ru=235400 rp=239416
18:37:47.167 @T t=260205 s=0.000 lv=-39.0 pk=-38.1 c0=3.1 c1=6.1 kw=5.94 inf=1.37 iv=0.00 n=0 d=0 sk=4 hf=96148 hm=92132 ht=283156 pf=0 pm=0 pt=0 ru=235400 rp=239416
18:37:47.167 @I ww=marvin cut=0.50 win=5 cool=1000 tick=100 wifi=1 srv=1 li=0 ln=0
18:37:47.167 @T t=260297 s=0.000 lv=-39.9 pk=-38.1 c0=13.3 c1=4.7 kw=4.57 inf=1.83 iv=0.00 n=0 d=0 sk=2 hf=96148 hm=92132 ht=283156 pf=0 pm=0 pt=0 ru=235400 rp=239416
18:37:47.167 @T t=260403 s=0.000 lv=-40.0 pk=-38.6 c0=3.1 c1=6.1 kw=5.92 inf=1.37 iv=0.00 n=0 d=0 sk=4 hf=96148 hm=92132 ht=283156 pf=0 pm=0 pt=0 ru=235400 rp=239416
18:37:47.167 @T t=260489 s=0.000 lv=-40.6 pk=-39.0 c0=3.7 c1=5.0 kw=4.84 inf=1.81 iv=0.00 n=0 d=0 sk=2 hf=96148 hm=92132 ht=283156 pf=0 pm=0 pt=0 ru=235400 rp=239416
18:37:47.167 @T t=260595 s=0.000 lv=-39.9 pk=-38.6 c0=6.3 c1=5.1 kw=4.93 inf=1.52 iv=0.00 n=0 d=0 sk=3 hf=96148 hm=92132 ht=283156 pf=0 pm=0 pt=0 ru=235400 rp=239416
18:37:47.168 @T t=260701 s=0.000 lv=-38.1 pk=-36.5 c0=3.4 c1=5.1 kw=5.11 inf=1.54 iv=0.00 n=0 d=0 sk=3 hf=96148 hm=92132 ht=283156 pf=0 pm=0 pt=0 ru=235400 rp=239416
18:37:47.168 @T t=260787 s=0.000 lv=-38.5 pk=-35.7 c0=4.0 c1=6.6 kw=6.19 inf=1.59 iv=0.00 n=0 d=0 sk=3 hf=96148 hm=92132 ht=283156 pf=0 pm=0 pt=0 ru=235400 rp=239416
18:37:47.168 @T t=260893 s=0.000 lv=-38.5 pk=-37.1 c0=6.5 c1=5.1 kw=4.94 inf=1.52 iv=0.00 n=0 d=0 sk=3 hf=96148 hm=92132 ht=283156 pf=0 pm=0 pt=0 ru=235400 rp=239416
18:37:47.168 @T t=260999 s=0.000 lv=-38.8 pk=-37.2 c0=7.1 c1=5.7 kw=5.15 inf=1.58 iv=0.00 n=0 d=0 sk=3 hf=96148 hm=92132 ht=283156 pf=0 pm=0 pt=0 ru=235400 rp=239416
18:37:47.168 @T t=261105 s=0.000 lv=-39.0 pk=-37.5 c0=4.1 c1=6.2 kw=6.00 inf=1.38 iv=0.00 n=0 d=0 sk=4 hf=96148 hm=92132 ht=283156 pf=0 pm=0 pt=0 ru=235400 rp=239416
18:37:47.168 @T t=261191 s=0.000 lv=-38.6 pk=-37.5 c0=4.1 c1=5.0 kw=4.88 inf=1.82 iv=0.00 n=0 d=0 sk=2 hf=96148 hm=92132 ht=283156 pf=0 pm=0 pt=0 ru=235400 rp=239416
18:37:47.168 @I ww=marvin cut=0.50 win=5 cool=1000 tick=100 wifi=1 srv=1 li=0 ln=0
18:37:47.168 @T t=261303 s=0.000 lv=-38.9 pk=-37.6 c0=3.6 c1=5.8 kw=5.60 inf=1.37 iv=0.00 n=0 d=0 sk=4 hf=96148 hm=92132 ht=283156 pf=0 pm=0 pt=0 ru=235400 rp=239416
18:37:47.168 [status] up 261s | mic -39.6 dBFS (peak -34.7) | score max 0.00 | detections 0 | inferences 89 (8.9/s; model 1.19 ms each, paused in quiet 72%; features 1.47 ms per 30 ms) | CPU core0  5.4% core1  6.6% (wake word pipeline 6.43% of one core) | RAM used 229 KB (peak 233 KB, 93 KB free) | wifi OK, server OK | audio lost since boot: i2s 0 net 0
18:37:47.168 @T t=261391 s=0.000 lv=-37.1 pk=-37.0 c0=29.3 c1=5.0 kw=4.82 inf=1.84 iv=0.00 n=0 d=0 sk=2 hf=96148 hm=92132 ht=283156 pf=0 pm=0 pt=0 ru=235400 rp=239416
18:37:47.168 @T t=261497 s=0.000 lv=-39.2 pk=-37.9 c0=6.3 c1=5.1 kw=4.92 inf=1.51 iv=0.00 n=0 d=0 sk=3 hf=96148 hm=92132 ht=283156 pf=0 pm=0 pt=0 ru=235400 rp=239416
18:37:47.168 @T t=261603 s=0.000 lv=-38.7 pk=-36.6 c0=3.0 c1=6.0 kw=5.88 inf=1.36 iv=0.00 n=0 d=0 sk=4 hf=96148 hm=92132 ht=283156 pf=0 pm=0 pt=0 ru=235400 rp=239416
18:37:47.168 @T t=261689 s=0.000 lv=-40.1 pk=-39.4 c0=3.7 c1=5.0 kw=4.86 inf=1.82 iv=0.00 n=0 d=0 sk=2 hf=96148 hm=92132 ht=283156 pf=0 pm=0 pt=0 ru=235400 rp=239416
18:37:47.168 @T t=261795 s=0.000 lv=-40.5 pk=-39.8 c0=6.7 c1=5.1 kw=4.91 inf=1.51 iv=0.00 n=0 d=0 sk=3 hf=96148 hm=92132 ht=283156 pf=0 pm=0 pt=0 ru=235400 rp=239416
18:37:47.168 @T t=261901 s=0.000 lv=-40.1 pk=-38.0 c0=3.4 c1=5.1 kw=5.15 inf=1.55 iv=0.00 n=0 d=0 sk=3 hf=96148 hm=92132 ht=283156 pf=0 pm=0 pt=0 ru=235400 rp=239416
18:37:47.168 @T t=261987 s=0.000 lv=-40.0 pk=-39.1 c0=4.4 c1=6.6 kw=6.19 inf=1.59 iv=0.00 n=0 d=0 sk=3 hf=96148 hm=92132 ht=283156 pf=0 pm=0 pt=0 ru=235400 rp=239416
18:37:47.168 @T t=262093 s=0.000 lv=-40.0 pk=-39.3 c0=3.4 c1=5.1 kw=4.96 inf=1.53 iv=0.00 n=0 d=0 sk=3 hf=96148 hm=92132 ht=283156 pf=0 pm=0 pt=0 ru=235400 rp=239416
18:37:47.168 @T t=262199 s=0.000 lv=-41.2 pk=-40.3 c0=3.1 c1=5.1 kw=4.94 inf=1.52 iv=0.00 n=0 d=0 sk=3 hf=96148 hm=92132 ht=283156 pf=0 pm=0 pt=0 ru=235400 rp=239416
18:37:47.168 @I ww=marvin cut=0.50 win=5 cool=1000 tick=100 wifi=1 srv=1 li=0 ln=0
18:37:49.769 @T t=262291 s=0.000 lv=-40.4 pk=-39.9 c0=4.4 c1=5.9 kw=5.71 inf=1.53 iv=0.00 n=0 d=0 sk=3 hf=96148 hm=92132 ht=283156 pf=0 pm=0 pt=0 ru=235400 rp=239416
18:37:49.770 @T t=262397 s=0.000 lv=-39.9 pk=-38.6 c0=6.3 c1=5.1 kw=4.93 inf=1.52 iv=0.00 n=0 d=0 sk=3 hf=96148 hm=92132 ht=283156 pf=0 pm=0 pt=0 ru=235400 rp=239416
18:37:49.770 @T t=262503 s=0.000 lv=-40.7 pk=-39.8 c0=3.1 c1=6.1 kw=5.90 inf=1.36 iv=0.00 n=0 d=0 sk=4 hf=96148 hm=92132 ht=283156 pf=0 pm=0 pt=0 ru=235400 rp=239416
18:37:49.770 @T t=262589 s=0.000 lv=-40.5 pk=-39.8 c0=7.7 c1=5.0 kw=4.86 inf=1.82 iv=0.00 n=0 d=0 sk=2 hf=96148 hm=92132 ht=283156 pf=0 pm=0 pt=0 ru=235400 rp=239416
18:37:49.770 @T t=262695 s=0.000 lv=-41.0 pk=-40.1 c0=3.0 c1=5.0 kw=4.91 inf=1.51 iv=0.00 n=0 d=0 sk=3 hf=96148 hm=92132 ht=283156 pf=0 pm=0 pt=0 ru=235400 rp=239416
18:37:49.770 @T t=262801 s=0.000 lv=-40.3 pk=-39.1 c0=6.3 c1=5.0 kw=5.05 inf=1.51 iv=0.00 n=0 d=0 sk=3 hf=96148 hm=92132 ht=283156 pf=0 pm=0 pt=0 ru=235400 rp=239416
18:37:49.770 @T t=262887 s=0.000 lv=-40.5 pk=-39.1 c0=3.9 c1=6.6 kw=6.13 inf=1.58 iv=0.00 n=0 d=0 sk=3 hf=96148 hm=92132 ht=283156 pf=0 pm=0 pt=0 ru=235400 rp=239416
18:37:49.770 @T t=262993 s=0.000 lv=-40.5 pk=-39.2 c0=5.4 c1=5.3 kw=5.07 inf=1.56 iv=0.00 n=0 d=0 sk=3 hf=94384 hm=92132 ht=283156 pf=0 pm=0 pt=0 ru=237164 rp=239416
18:37:49.770 @T t=263099 s=0.000 lv=-41.6 pk=-40.4 c0=9.5 c1=5.7 kw=5.18 inf=1.59 iv=0.00 n=0 d=0 sk=3 hf=95952 hm=92132 ht=283156 pf=0 pm=0 pt=0 ru=235596 rp=239416
18:37:49.770 @T t=263205 s=0.000 lv=-40.6 pk=-39.7 c0=4.0 c1=6.1 kw=5.97 inf=1.38 iv=0.00 n=0 d=0 sk=4 hf=96148 hm=92132 ht=283156 pf=0 pm=0 pt=0 ru=235400 rp=239416
18:37:49.770 @I ww=marvin cut=0.50 win=5 cool=1000 tick=100 wifi=1 srv=1 li=0 ln=0
18:37:49.770 @T t=263297 s=0.000 lv=-40.8 pk=-40.1 c0=4.5 c1=4.7 kw=4.58 inf=1.83 iv=0.00 n=0 d=0 sk=2 hf=96148 hm=92132 ht=283156 pf=0 pm=0 pt=0 ru=235400 rp=239416
18:37:49.770 @T t=263403 s=0.000 lv=-40.5 pk=-38.7 c0=3.5 c1=6.1 kw=5.93 inf=1.37 iv=0.00 n=0 d=0 sk=4 hf=96148 hm=92132 ht=283156 pf=0 pm=0 pt=0 ru=235400 rp=239416
18:37:49.770 @T t=263489 s=0.000 lv=-41.2 pk=-40.7 c0=4.0 c1=5.0 kw=4.93 inf=1.85 iv=0.00 n=0 d=0 sk=2 hf=96148 hm=92132 ht=283156 pf=0 pm=0 pt=0 ru=235400 rp=239416
18:37:49.770 @T t=263595 s=0.000 lv=-41.6 pk=-41.2 c0=6.3 c1=5.1 kw=4.93 inf=1.52 iv=0.00 n=0 d=0 sk=3 hf=96148 hm=92132 ht=283156 pf=0 pm=0 pt=0 ru=235400 rp=239416
18:37:49.770 @T t=263701 s=0.000 lv=-41.4 pk=-39.7 c0=3.0 c1=5.0 kw=5.07 inf=1.52 iv=0.00 n=0 d=0 sk=3 hf=96148 hm=92132 ht=283156 pf=0 pm=0 pt=0 ru=235400 rp=239416
18:37:49.770 @T t=263787 s=0.000 lv=-40.2 pk=-39.4 c0=3.7 c1=6.6 kw=6.14 inf=1.58 iv=0.00 n=0 d=0 sk=3 hf=96148 hm=92132 ht=283156 pf=0 pm=0 pt=0 ru=235400 rp=239416
18:37:49.770 @T t=263893 s=0.000 lv=-41.6 pk=-39.9 c0=6.4 c1=5.1 kw=4.92 inf=1.51 iv=0.00 n=0 d=0 sk=3 hf=96148 hm=92132 ht=283156 pf=0 pm=0 pt=0 ru=235400 rp=239416
18:37:49.770 @T t=263999 s=0.000 lv=-39.4 pk=-36.0 c0=3.1 c1=5.1 kw=4.92 inf=1.51 iv=0.00 n=0 d=0 sk=3 hf=96148 hm=92132 ht=283156 pf=0 pm=0 pt=0 ru=235400 rp=239416
18:37:49.770 @T t=264105 s=0.000 lv=-41.0 pk=-39.3 c0=3.7 c1=6.1 kw=5.94 inf=1.37 iv=0.00 n=0 d=0 sk=4 hf=96148 hm=92132 ht=283156 pf=0 pm=0 pt=0 ru=235400 rp=239416
18:37:49.770 @T t=264191 s=0.000 lv=-42.8 pk=-40.8 c0=4.0 c1=5.0 kw=4.92 inf=1.84 iv=0.00 n=0 d=0 sk=2 hf=96148 hm=92132 ht=283156 pf=0 pm=0 pt=0 ru=235400 rp=239416
18:37:49.770 @I ww=marvin cut=0.50 win=5 cool=1000 tick=100 wifi=1 srv=1 li=0 ln=0
18:37:49.770 @T t=264303 s=0.000 lv=-42.0 pk=-40.9 c0=11.0 c1=5.8 kw=5.62 inf=1.37 iv=0.00 n=0 d=0 sk=4 hf=96148 hm=92132 ht=283156 pf=0 pm=0 pt=0 ru=235400 rp=239416
18:37:49.770 @T t=264389 s=0.000 lv=-41.2 pk=-39.9 c0=3.8 c1=5.0 kw=4.84 inf=1.81 iv=0.00 n=0 d=0 sk=2 hf=96148 hm=92132 ht=283156 pf=0 pm=0 pt=0 ru=235400 rp=239416
18:37:49.770 @T t=264495 s=0.000 lv=-41.5 pk=-40.6 c0=3.4 c1=5.1 kw=4.95 inf=1.52 iv=0.00 n=0 d=0 sk=3 hf=96148 hm=92132 ht=283156 pf=0 pm=0 pt=0 ru=235400 rp=239416
18:37:49.770 @T t=264601 s=0.000 lv=-42.0 pk=-40.5 c0=3.3 c1=5.0 kw=5.11 inf=1.54 iv=0.00 n=0 d=0 sk=3 hf=96148 hm=92132 ht=283156 pf=0 pm=0 pt=0 ru=235400 rp=239416
18:37:49.771 @T t=264687 s=0.000 lv=-41.7 pk=-38.9 c0=3.8 c1=6.6 kw=6.15 inf=1.58 iv=0.00 n=0 d=0 sk=3 hf=96148 hm=92132 ht=283156 pf=0 pm=0 pt=0 ru=235400 rp=239416
18:37:49.771 @T t=264793 s=0.000 lv=-41.4 pk=-39.6 c0=3.0 c1=5.1 kw=4.93 inf=1.52 iv=0.00 n=0 d=0 sk=3 hf=96148 hm=92132 ht=283156 pf=0 pm=0 pt=0 ru=235400 rp=239416
18:37:52.257 @T t=264899 s=0.000 lv=-40.5 pk=-39.5 c0=6.4 c1=5.1 kw=4.93 inf=1.52 iv=0.00 n=0 d=0 sk=3 hf=96148 hm=92132 ht=283156 pf=0 pm=0 pt=0 ru=235400 rp=239416
18:37:52.257 @T t=265005 s=0.000 lv=-41.2 pk=-39.8 c0=6.3 c1=6.1 kw=5.94 inf=1.37 iv=0.00 n=0 d=0 sk=4 hf=96148 hm=92132 ht=283156 pf=0 pm=0 pt=0 ru=235400 rp=239416
18:37:52.257 @T t=265091 s=0.000 lv=-41.4 pk=-39.8 c0=9.0 c1=5.8 kw=5.18 inf=1.94 iv=0.00 n=0 d=0 sk=2 hf=96148 hm=92132 ht=283156 pf=0 pm=0 pt=0 ru=235400 rp=239416
18:37:52.257 @T t=265197 s=0.000 lv=-41.8 pk=-41.0 c0=3.3 c1=5.1 kw=4.98 inf=1.53 iv=0.00 n=0 d=0 sk=3 hf=96148 hm=92132 ht=283156 pf=0 pm=0 pt=0 ru=235400 rp=239416
18:37:52.257 @I ww=marvin cut=0.50 win=5 cool=1000 tick=100 wifi=1 srv=1 li=0 ln=0
18:37:52.257 @T t=265289 s=0.000 lv=-41.5 pk=-40.4 c0=4.4 c1=5.9 kw=5.69 inf=1.52 iv=0.00 n=0 d=0 sk=3 hf=96148 hm=92132 ht=283156 pf=0 pm=0 pt=0 ru=235400 rp=239416
18:37:52.257 @T t=265395 s=0.000 lv=-41.7 pk=-40.3 c0=6.4 c1=5.1 kw=4.94 inf=1.52 iv=0.00 n=0 d=0 sk=3 hf=96148 hm=92132 ht=283156 pf=0 pm=0 pt=0 ru=235400 rp=239416
18:37:52.257 @T t=265501 s=0.000 lv=-40.7 pk=-39.6 c0=3.1 c1=5.0 kw=5.09 inf=1.53 iv=0.00 n=0 d=0 sk=3 hf=96148 hm=92132 ht=283156 pf=0 pm=0 pt=0 ru=235400 rp=239416
18:37:52.257 @T t=265587 s=0.000 lv=-41.0 pk=-40.0 c0=8.2 c1=6.6 kw=6.18 inf=1.59 iv=0.00 n=0 d=0 sk=3 hf=96148 hm=92132 ht=283156 pf=0 pm=0 pt=0 ru=235400 rp=239416
18:37:52.257 @T t=265693 s=0.000 lv=-41.2 pk=-40.5 c0=3.2 c1=5.1 kw=4.95 inf=1.52 iv=0.00 n=0 d=0 sk=3 hf=96148 hm=92132 ht=283156 pf=0 pm=0 pt=0 ru=235400 rp=239416
18:37:52.257 @T t=265799 s=0.000 lv=-41.1 pk=-39.8 c0=3.0 c1=5.0 kw=4.91 inf=1.51 iv=0.00 n=0 d=0 sk=3 hf=96148 hm=92132 ht=283156 pf=0 pm=0 pt=0 ru=235400 rp=239416
18:37:52.257 @T t=265905 s=0.000 lv=-41.4 pk=-40.4 c0=3.2 c1=6.1 kw=5.93 inf=1.37 iv=0.00 n=0 d=0 sk=4 hf=96148 hm=92132 ht=283156 pf=0 pm=0 pt=0 ru=235400 rp=239416
18:37:52.257 @T t=265991 s=0.000 lv=-40.5 pk=-39.5 c0=3.8 c1=5.0 kw=4.88 inf=1.83 iv=0.00 n=0 d=0 sk=2 hf=96148 hm=92132 ht=283156 pf=0 pm=0 pt=0 ru=235400 rp=239416
18:37:52.257 @T t=266097 s=0.000 lv=-41.5 pk=-39.6 c0=3.7 c1=5.1 kw=4.95 inf=1.52 iv=0.00 n=0 d=0 sk=3 hf=96148 hm=92132 ht=283156 pf=0 pm=0 pt=0 ru=235400 rp=239416
18:37:52.257 @T t=266203 s=0.000 lv=-40.3 pk=-38.8 c0=3.2 c1=6.1 kw=5.93 inf=1.37 iv=0.00 n=0 d=0 sk=4 hf=96148 hm=92132 ht=283156 pf=0 pm=0 pt=0 ru=235400 rp=239416
18:37:52.257 @I ww=marvin cut=0.50 win=5 cool=1000 tick=100 wifi=1 srv=1 li=0 ln=0
18:37:52.257 @T t=266295 s=0.000 lv=-39.2 pk=-38.6 c0=13.3 c1=4.7 kw=4.56 inf=1.83 iv=0.00 n=0 d=0 sk=2 hf=96148 hm=92132 ht=283156 pf=0 pm=0 pt=0 ru=235400 rp=239416
18:37:52.257 @T t=266399 s=0.000 lv=-39.3 pk=-38.2 c0=3.0 c1=5.2 kw=5.03 inf=1.52 iv=0.00 n=0 d=0 sk=3 hf=96148 hm=92132 ht=283156 pf=0 pm=0 pt=0 ru=235400 rp=239416
18:37:52.257 @T t=266505 s=0.000 lv=-39.8 pk=-38.7 c0=3.1 c1=6.1 kw=5.90 inf=1.36 iv=0.00 n=0 d=0 sk=4 hf=96148 hm=92132 ht=283156 pf=0 pm=0 pt=0 ru=235400 rp=239416
18:37:52.257 @T t=266591 s=0.000 lv=-40.0 pk=-38.6 c0=3.7 c1=5.0 kw=4.87 inf=1.82 iv=0.00 n=0 d=0 sk=2 hf=96148 hm=92132 ht=283156 pf=0 pm=0 pt=0 ru=235400 rp=239416
18:37:52.257 @T t=266697 s=0.000 lv=-40.2 pk=-38.2 c0=6.3 c1=5.1 kw=4.92 inf=1.51 iv=0.00 n=0 d=0 sk=3 hf=96148 hm=92132 ht=283156 pf=0 pm=0 pt=0 ru=235400 rp=239416
18:37:52.257 @T t=266803 s=0.000 lv=-41.7 pk=-40.4 c0=6.3 c1=6.1 kw=5.92 inf=1.37 iv=0.00 n=0 d=0 sk=4 hf=96148 hm=92132 ht=283156 pf=0 pm=0 pt=0 ru=235400 rp=239416
18:37:52.257 @T t=266889 s=0.000 lv=-42.2 pk=-41.1 c0=4.1 c1=5.1 kw=4.94 inf=1.85 iv=0.00 n=0 d=0 sk=2 hf=96148 hm=92132 ht=283156 pf=0 pm=0 pt=0 ru=235400 rp=239416
18:37:52.257 @T t=266995 s=0.000 lv=-42.1 pk=-41.2 c0=3.1 c1=5.0 kw=4.90 inf=1.51 iv=0.00 n=0 d=0 sk=3 hf=96148 hm=92132 ht=283156 pf=0 pm=0 pt=0 ru=235400 rp=239416
18:37:52.257 @T t=267102 s=0.000 lv=-40.4 pk=-38.9 c0=5.1 c1=6.1 kw=6.00 inf=1.40 iv=0.00 n=0 d=0 sk=4 hf=94384 hm=92132 ht=283156 pf=0 pm=0 pt=0 ru=237164 rp=239416
18:37:52.257 @T t=267188 s=0.000 lv=-40.8 pk=-38.9 c0=6.3 c1=5.8 kw=5.05 inf=1.89 iv=0.00 n=0 d=0 sk=2 hf=96148 hm=92132 ht=283156 pf=0 pm=0 pt=0 ru=235400 rp=239416
18:37:52.257 @I ww=marvin cut=0.50 win=5 cool=1000 tick=100 wifi=1 srv=1 li=0 ln=0
18:37:52.257 @T t=267300 s=0.000 lv=-40.6 pk=-39.7 c0=4.0 c1=4.8 kw=4.70 inf=1.53 iv=0.00 n=0 d=0 sk=3 hf=96148 hm=92132 ht=283156 pf=0 pm=0 pt=0 ru=235400 rp=239416
18:37:54.863 @T t=267386 s=0.000 lv=-40.5 pk=-39.8 c0=8.5 c1=6.4 kw=6.15 inf=1.53 iv=0.00 n=0 d=0 sk=3 hf=96148 hm=92132 ht=283156 pf=0 pm=0 pt=0 ru=235400 rp=239416
18:37:54.864 @T t=267492 s=0.000 lv=-40.4 pk=-39.0 c0=3.3 c1=5.1 kw=4.95 inf=1.52 iv=0.00 n=0 d=0 sk=3 hf=96148 hm=92132 ht=283156 pf=0 pm=0 pt=0 ru=235400 rp=239416
18:37:54.864 @T t=267598 s=0.000 lv=-39.3 pk=-37.9 c0=6.3 c1=5.1 kw=4.92 inf=1.51 iv=0.00 n=0 d=0 sk=3 hf=96148 hm=92132 ht=283156 pf=0 pm=0 pt=0 ru=235400 rp=239416
18:37:54.864 @T t=267704 s=0.000 lv=-38.8 pk=-37.5 c0=6.3 c1=6.1 kw=5.91 inf=1.37 iv=0.00 n=0 d=0 sk=4 hf=96148 hm=92132 ht=283156 pf=0 pm=0 pt=0 ru=235400 rp=239416
18:37:54.864 @T t=267790 s=0.000 lv=-40.3 pk=-39.5 c0=3.7 c1=5.0 kw=4.88 inf=1.83 iv=0.00 n=0 d=0 sk=2 hf=96148 hm=92132 ht=283156 pf=0 pm=0 pt=0 ru=235400 rp=239416
18:37:54.864 @T t=267896 s=0.000 lv=-40.6 pk=-39.0 c0=3.5 c1=5.2 kw=4.98 inf=1.53 iv=0.00 n=0 d=0 sk=3 hf=96148 hm=92132 ht=283156 pf=0 pm=0 pt=0 ru=235400 rp=239416
18:37:54.864 @T t=268002 s=0.000 lv=-40.6 pk=-39.8 c0=3.3 c1=5.9 kw=5.91 inf=1.37 iv=0.00 n=0 d=0 sk=4 hf=96148 hm=92132 ht=283156 pf=0 pm=0 pt=0 ru=235400 rp=239416
18:37:54.864 @T t=268088 s=0.000 lv=-40.3 pk=-39.3 c0=3.9 c1=5.2 kw=4.90 inf=1.83 iv=0.00 n=0 d=0 sk=2 hf=96148 hm=92132 ht=283156 pf=0 pm=0 pt=0 ru=235400 rp=239416
18:37:54.864 @T t=268194 s=0.000 lv=-42.2 pk=-41.6 c0=3.6 c1=5.1 kw=4.94 inf=1.52 iv=0.00 n=0 d=0 sk=3 hf=96148 hm=92132 ht=283156 pf=0 pm=0 pt=0 ru=235400 rp=239416
18:37:54.864 @I ww=marvin cut=0.50 win=5 cool=1000 tick=100 wifi=1 srv=1 li=0 ln=0
18:37:54.864 @T t=268286 s=0.000 lv=-42.1 pk=-41.4 c0=4.6 c1=5.9 kw=5.73 inf=1.53 iv=0.00 n=0 d=0 sk=3 hf=96148 hm=92132 ht=283156 pf=0 pm=0 pt=0 ru=235400 rp=239416
18:37:54.864 @T t=268392 s=0.000 lv=-41.0 pk=-40.3 c0=3.1 c1=5.1 kw=4.95 inf=1.52 iv=0.00 n=0 d=0 sk=3 hf=96148 hm=92132 ht=283156 pf=0 pm=0 pt=0 ru=235400 rp=239416
18:37:54.864 @T t=268498 s=0.000 lv=-40.8 pk=-39.9 c0=6.4 c1=5.0 kw=4.90 inf=1.51 iv=0.00 n=0 d=0 sk=3 hf=96148 hm=92132 ht=283156 pf=0 pm=0 pt=0 ru=235400 rp=239416
18:37:54.864 @T t=268604 s=0.000 lv=-40.1 pk=-38.9 c0=6.3 c1=6.1 kw=5.90 inf=1.36 iv=0.00 n=0 d=0 sk=4 hf=96148 hm=92132 ht=283156 pf=0 pm=0 pt=0 ru=235400 rp=239416
18:37:54.864 @T t=268690 s=0.000 lv=-40.2 pk=-39.5 c0=3.7 c1=5.0 kw=4.89 inf=1.83 iv=0.00 n=0 d=0 sk=2 hf=96148 hm=92132 ht=283156 pf=0 pm=0 pt=0 ru=235400 rp=239416
18:37:54.864 @T t=268796 s=0.000 lv=-39.2 pk=-38.0 c0=6.3 c1=5.1 kw=4.93 inf=1.52 iv=0.00 n=0 d=0 sk=3 hf=96148 hm=92132 ht=283156 pf=0 pm=0 pt=0 ru=235400 rp=239416
18:37:54.864 @T t=268902 s=0.000 lv=-40.9 pk=-40.4 c0=6.5 c1=6.0 kw=5.92 inf=1.37 iv=0.00 n=0 d=0 sk=4 hf=96148 hm=92132 ht=283156 pf=0 pm=0 pt=0 ru=235400 rp=239416
18:37:54.864 @T t=268988 s=0.000 lv=-40.3 pk=-38.7 c0=4.2 c1=5.3 kw=4.97 inf=1.87 iv=0.00 n=0 d=0 sk=2 hf=96148 hm=92132 ht=283156 pf=0 pm=0 pt=0 ru=235400 rp=239416
18:37:54.864 @T t=269094 s=0.000 lv=-39.9 pk=-38.6 c0=3.4 c1=5.1 kw=4.95 inf=1.52 iv=0.00 n=0 d=0 sk=3 hf=96148 hm=92132 ht=283156 pf=0 pm=0 pt=0 ru=235400 rp=239416
18:37:54.864 @T t=269200 s=0.000 lv=-39.2 pk=-38.0 c0=6.9 c1=5.7 kw=5.15 inf=1.58 iv=0.00 n=0 d=0 sk=3 hf=96148 hm=92132 ht=283156 pf=0 pm=0 pt=0 ru=235400 rp=239416
18:37:54.864 @I ww=marvin cut=0.50 win=5 cool=1000 tick=100 wifi=1 srv=1 li=0 ln=0
18:37:54.864 @T t=269291 s=0.000 lv=-40.0 pk=-37.9 c0=13.2 c1=6.0 kw=5.90 inf=1.56 iv=0.00 n=0 d=0 sk=3 hf=96148 hm=92132 ht=283156 pf=0 pm=0 pt=0 ru=235400 rp=239416
18:37:54.864 @T t=269397 s=0.000 lv=-39.9 pk=-38.6 c0=7.4 c1=5.2 kw=4.98 inf=1.53 iv=0.00 n=0 d=0 sk=3 hf=96148 hm=92132 ht=283156 pf=0 pm=0 pt=0 ru=235400 rp=239416
18:37:54.864 @T t=269503 s=0.000 lv=-39.1 pk=-37.2 c0=3.3 c1=6.1 kw=5.92 inf=1.37 iv=0.00 n=0 d=0 sk=4 hf=96148 hm=92132 ht=283156 pf=0 pm=0 pt=0 ru=235400 rp=239416
18:37:54.864 @T t=269589 s=0.000 lv=-38.1 pk=-37.2 c0=7.8 c1=5.0 kw=4.91 inf=1.84 iv=0.00 n=0 d=0 sk=2 hf=96148 hm=92132 ht=283156 pf=0 pm=0 pt=0 ru=235400 rp=239416
18:37:54.864 @T t=269695 s=0.000 lv=-39.8 pk=-39.4 c0=3.0 c1=5.1 kw=4.93 inf=1.52 iv=0.00 n=0 d=0 sk=3 hf=96148 hm=92132 ht=283156 pf=0 pm=0 pt=0 ru=235400 rp=239416
18:37:54.864 @T t=269801 s=0.000 lv=-39.5 pk=-38.8 c0=6.3 c1=5.0 kw=5.08 inf=1.53 iv=0.00 n=0 d=0 sk=3 hf=96148 hm=92132 ht=283156 pf=0 pm=0 pt=0 ru=235400 rp=239416
18:37:54.864 @T t=269887 s=0.000 lv=-40.5 pk=-39.8 c0=7.9 c1=6.6 kw=6.13 inf=1.58 iv=0.00 n=0 d=0 sk=3 hf=96148 hm=92132 ht=283156 pf=0 pm=0 pt=0 ru=235400 rp=239416
18:37:57.086 @T t=269993 s=0.000 lv=-40.4 pk=-37.8 c0=3.1 c1=5.0 kw=4.92 inf=1.51 iv=0.00 n=0 d=0 sk=3 hf=96148 hm=92132 ht=283156 pf=0 pm=0 pt=0 ru=235400 rp=239416
18:37:57.086 @T t=270099 s=0.000 lv=-40.1 pk=-39.3 c0=6.8 c1=5.1 kw=4.94 inf=1.52 iv=0.00 n=0 d=0 sk=3 hf=96148 hm=92132 ht=283156 pf=0 pm=0 pt=0 ru=235400 rp=239416
18:37:57.086 @T t=270205 s=0.000 lv=-38.9 pk=-37.2 c0=3.8 c1=6.2 kw=6.07 inf=1.40 iv=0.00 n=0 d=0 sk=4 hf=96148 hm=92132 ht=283156 pf=0 pm=0 pt=0 ru=235400 rp=239416
18:37:57.086 @I ww=marvin cut=0.50 win=5 cool=1000 tick=100 wifi=1 srv=1 li=0 ln=0
18:37:57.086 @T t=270297 s=0.000 lv=-39.8 pk=-38.7 c0=4.5 c1=4.7 kw=4.60 inf=1.84 iv=0.00 n=0 d=0 sk=2 hf=96148 hm=92132 ht=283156 pf=0 pm=0 pt=0 ru=235400 rp=239416
18:37:57.086 @T t=270403 s=0.000 lv=-40.5 pk=-39.6 c0=3.2 c1=6.1 kw=5.90 inf=1.36 iv=0.00 n=0 d=0 sk=4 hf=96148 hm=92132 ht=283156 pf=0 pm=0 pt=0 ru=235400 rp=239416
18:37:57.086 @T t=270489 s=0.000 lv=-39.1 pk=-37.8 c0=3.8 c1=5.0 kw=4.89 inf=1.83 iv=0.00 n=0 d=0 sk=2 hf=96148 hm=92132 ht=283156 pf=0 pm=0 pt=0 ru=235400 rp=239416
18:37:57.086 @T t=270595 s=0.000 lv=-38.3 pk=-36.1 c0=6.3 c1=5.1 kw=4.93 inf=1.52 iv=0.00 n=0 d=0 sk=3 hf=96148 hm=92132 ht=283156 pf=0 pm=0 pt=0 ru=235400 rp=239416
18:37:57.086 @T t=270701 s=0.000 lv=-39.9 pk=-38.5 c0=3.1 c1=5.0 kw=5.06 inf=1.52 iv=0.00 n=0 d=0 sk=3 hf=96148 hm=92132 ht=283156 pf=0 pm=0 pt=0 ru=235400 rp=239416
18:37:57.086 @T t=270787 s=0.000 lv=-41.7 pk=-40.9 c0=3.6 c1=6.5 kw=6.10 inf=1.57 iv=0.00 n=0 d=0 sk=3 hf=96148 hm=92132 ht=283156 pf=0 pm=0 pt=0 ru=235400 rp=239416
18:37:57.086 @T t=270893 s=0.000 lv=-40.1 pk=-39.0 c0=3.1 c1=5.1 kw=4.91 inf=1.51 iv=0.00 n=0 d=0 sk=3 hf=96148 hm=92132 ht=283156 pf=0 pm=0 pt=0 ru=235400 rp=239416
18:37:57.086 @T t=270999 s=0.000 lv=-39.1 pk=-37.6 c0=3.1 c1=5.1 kw=4.95 inf=1.52 iv=0.00 n=0 d=0 sk=3 hf=96148 hm=92132 ht=283156 pf=0 pm=0 pt=0 ru=235400 rp=239416
18:37:57.086 @T t=271105 s=0.000 lv=-40.7 pk=-39.1 c0=3.2 c1=6.1 kw=5.90 inf=1.36 iv=0.00 n=0 d=0 sk=4 hf=96148 hm=92132 ht=283156 pf=0 pm=0 pt=0 ru=235400 rp=239416
18:37:57.086 @T t=271191 s=0.000 lv=-40.5 pk=-39.4 c0=10.0 c1=5.5 kw=5.00 inf=1.87 iv=0.00 n=0 d=0 sk=2 hf=94384 hm=92132 ht=283156 pf=0 pm=0 pt=0 ru=237164 rp=239416
18:37:57.086 @I ww=marvin cut=0.50 win=5 cool=1000 tick=100 wifi=1 srv=1 li=0 ln=0
18:37:57.086 @T t=271303 s=0.000 lv=-39.3 pk=-38.4 c0=6.0 c1=6.3 kw=5.78 inf=1.41 iv=0.00 n=0 d=0 sk=4 hf=96148 hm=92132 ht=283156 pf=0 pm=0 pt=0 ru=235400 rp=239416
18:37:57.086 [status] up 271s | mic -40.4 dBFS (peak -36.0) | score max 0.00 | detections 0 | inferences 0 (0.0/s; model 0.00 ms each, paused in quiet 100%; features 1.53 ms per 30 ms) | CPU core0  5.2% core1  5.4% (wake word pipeline 5.27% of one core) | RAM used 229 KB (peak 233 KB, 93 KB free) | wifi OK, server OK | audio lost since boot: i2s 0 net 0
18:37:57.086 @T t=271391 s=0.000 lv=-41.3 pk=-40.7 c0=13.8 c1=5.0 kw=4.92 inf=1.88 iv=0.00 n=0 d=0 sk=2 hf=96148 hm=92132 ht=283156 pf=0 pm=0 pt=0 ru=235400 rp=239416
18:37:57.086 @T t=271497 s=0.000 lv=-39.2 pk=-38.3 c0=3.2 c1=5.1 kw=4.92 inf=1.52 iv=0.00 n=0 d=0 sk=3 hf=96148 hm=92132 ht=283156 pf=0 pm=0 pt=0 ru=235400 rp=239416
18:37:57.086 @T t=271603 s=0.000 lv=-35.9 pk=-34.1 c0=6.4 c1=18.4 kw=18.39 inf=1.44 iv=0.99 n=13 d=0 sk=0 hf=96148 hm=92132 ht=283156 pf=0 pm=0 pt=0 ru=235400 rp=239416
18:37:57.086 @T t=271689 s=0.000 lv=-40.3 pk=-39.2 c0=4.6 c1=8.2 kw=7.83 inf=3.09 iv=1.18 n=2 d=0 sk=0 hf=96148 hm=92132 ht=283156 pf=0 pm=0 pt=0 ru=235400 rp=239416
18:37:57.086 @T t=271795 s=0.000 lv=-37.7 pk=-34.9 c0=3.4 c1=9.6 kw=9.42 inf=2.32 iv=1.13 n=4 d=0 sk=0 hf=96148 hm=92132 ht=283156 pf=0 pm=0 pt=0 ru=235400 rp=239416
18:37:57.086 @T t=271901 s=0.000 lv=-40.6 pk=-39.4 c0=3.6 c1=8.7 kw=8.77 inf=2.82 iv=1.20 n=3 d=0 sk=0 hf=96148 hm=92132 ht=283156 pf=0 pm=0 pt=0 ru=235400 rp=239416
18:37:57.086 @T t=271989 s=0.000 lv=-41.5 pk=-40.4 c0=4.1 c1=11.3 kw=10.84 inf=2.99 iv=1.30 n=3 d=0 sk=0 hf=96148 hm=92132 ht=283156 pf=0 pm=0 pt=0 ru=235400 rp=239416
18:37:57.086 @T t=272095 s=0.000 lv=-41.4 pk=-41.0 c0=6.8 c1=9.9 kw=9.72 inf=2.40 iv=1.19 n=4 d=0 sk=0 hf=96148 hm=92132 ht=283156 pf=0 pm=0 pt=0 ru=235400 rp=239416
18:37:57.086 @T t=272201 s=0.000 lv=-40.2 pk=-38.6 c0=6.1 c1=8.7 kw=8.72 inf=2.80 iv=1.20 n=3 d=0 sk=0 hf=96148 hm=92132 ht=283156 pf=0 pm=0 pt=0 ru=235400 rp=239416
18:37:57.086 @I ww=marvin cut=0.50 win=5 cool=1000 tick=100 wifi=1 srv=1 li=0 ln=0
18:37:59.673 @T t=272295 s=0.000 lv=-41.2 pk=-41.0 c0=5.3 c1=10.7 kw=10.28 inf=3.03 iv=1.34 n=3 d=0 sk=0 hf=96148 hm=92132 ht=283156 pf=0 pm=0 pt=0 ru=235400 rp=239416
18:37:59.673 @T t=272401 s=0.000 lv=-40.9 pk=-39.0 c0=3.9 c1=9.8 kw=9.80 inf=2.39 iv=1.17 n=4 d=0 sk=0 hf=96148 hm=92132 ht=283156 pf=0 pm=0 pt=0 ru=235400 rp=239416
18:37:59.673 @T t=272487 s=0.000 lv=-41.2 pk=-40.5 c0=4.3 c1=10.9 kw=10.46 inf=2.81 iv=1.14 n=3 d=0 sk=0 hf=96148 hm=92132 ht=283156 pf=0 pm=0 pt=0 ru=235400 rp=239416
18:37:59.673 @T t=272593 s=0.000 lv=-41.3 pk=-40.4 c0=3.5 c1=8.5 kw=8.32 inf=2.71 iv=1.12 n=3 d=0 sk=0 hf=96148 hm=92132 ht=283156 pf=0 pm=0 pt=0 ru=235400 rp=239416
18:37:59.673 @T t=272699 s=0.000 lv=-40.4 pk=-38.6 c0=3.5 c1=9.5 kw=9.33 inf=2.30 iv=1.10 n=4 d=0 sk=0 hf=96148 hm=92132 ht=283156 pf=0 pm=0 pt=0 ru=235400 rp=239416
18:37:59.673 @T t=272805 s=0.000 lv=-40.9 pk=-39.9 c0=6.5 c1=10.5 kw=10.32 inf=2.53 iv=1.11 n=4 d=0 sk=0 hf=96148 hm=92132 ht=283156 pf=0 pm=0 pt=0 ru=235400 rp=239416
18:37:59.673 @T t=272891 s=0.000 lv=-40.8 pk=-40.3 c0=4.5 c1=8.4 kw=8.20 inf=3.24 iv=1.28 n=2 d=0 sk=0 hf=96148 hm=92132 ht=283156 pf=0 pm=0 pt=0 ru=235400 rp=239416
18:37:59.673 @T t=272997 s=0.000 lv=-40.7 pk=-40.5 c0=3.4 c1=9.6 kw=9.43 inf=2.32 iv=1.13 n=4 d=0 sk=0 hf=96148 hm=92132 ht=283156 pf=0 pm=0 pt=0 ru=235400 rp=239416
18:37:59.673 @T t=273103 s=0.000 lv=-39.6 pk=-37.8 c0=3.6 c1=10.4 kw=10.40 inf=2.55 iv=1.11 n=4 d=0 sk=0 hf=96148 hm=92132 ht=283156 pf=0 pm=0 pt=0 ru=235400 rp=239416
18:37:59.673 @T t=273189 s=0.000 lv=-39.8 pk=-38.2 c0=4.2 c1=8.3 kw=7.92 inf=3.12 iv=1.21 n=2 d=0 sk=0 hf=96148 hm=92132 ht=283156 pf=0 pm=0 pt=0 ru=235400 rp=239416
18:37:59.673 @I ww=marvin cut=0.50 win=5 cool=1000 tick=100 wifi=1 srv=1 li=0 ln=0
18:37:59.673 @T t=273301 s=0.000 lv=-40.8 pk=-39.5 c0=8.3 c1=10.4 kw=9.97 inf=2.57 iv=1.31 n=4 d=0 sk=0 hf=96148 hm=92132 ht=283156 pf=0 pm=0 pt=0 ru=235400 rp=239416
18:37:59.673 @T t=273387 s=0.000 lv=-39.2 pk=-37.1 c0=5.4 c1=6.8 kw=6.36 inf=2.46 iv=0.00 n=0 d=0 sk=2 hf=96148 hm=92132 ht=283156 pf=0 pm=0 pt=0 ru=235400 rp=239416
18:37:59.673 @T t=273493 s=0.000 lv=-39.4 pk=-38.0 c0=3.6 c1=5.2 kw=5.03 inf=1.55 iv=0.00 n=0 d=0 sk=3 hf=96148 hm=92132 ht=283156 pf=0 pm=0 pt=0 ru=235400 rp=239416
18:37:59.673 @T t=273599 s=0.000 lv=-40.4 pk=-38.2 c0=3.3 c1=5.1 kw=4.96 inf=1.52 iv=0.00 n=0 d=0 sk=3 hf=96148 hm=92132 ht=283156 pf=0 pm=0 pt=0 ru=235400 rp=239416
18:37:59.673 @T t=273705 s=0.000 lv=-40.7 pk=-38.7 c0=3.1 c1=6.1 kw=5.92 inf=1.37 iv=0.00 n=0 d=0 sk=4 hf=96148 hm=92132 ht=283156 pf=0 pm=0 pt=0 ru=235400 rp=239416
18:37:59.673 @T t=273791 s=0.000 lv=-39.6 pk=-39.1 c0=3.7 c1=5.0 kw=4.89 inf=1.83 iv=0.00 n=0 d=0 sk=2 hf=96148 hm=92132 ht=283156 pf=0 pm=0 pt=0 ru=235400 rp=239416
18:37:59.673 @T t=273897 s=0.000 lv=-40.0 pk=-38.5 c0=6.5 c1=5.1 kw=4.93 inf=1.52 iv=0.00 n=0 d=0 sk=3 hf=96148 hm=92132 ht=283156 pf=0 pm=0 pt=0 ru=235400 rp=239416
18:37:59.673 @T t=274003 s=0.000 lv=-39.8 pk=-38.5 c0=3.1 c1=6.1 kw=5.91 inf=1.36 iv=0.00 n=0 d=0 sk=4 hf=96148 hm=92132 ht=283156 pf=0 pm=0 pt=0 ru=235400 rp=239416
18:37:59.673 @T t=274089 s=0.000 lv=-41.1 pk=-40.0 c0=7.9 c1=5.0 kw=4.89 inf=1.83 iv=0.00 n=0 d=0 sk=2 hf=96148 hm=92132 ht=283156 pf=0 pm=0 pt=0 ru=235400 rp=239416
18:37:59.673 @T t=274195 s=0.000 lv=-40.8 pk=-38.7 c0=6.4 c1=5.1 kw=4.95 inf=1.52 iv=0.00 n=0 d=0 sk=3 hf=96148 hm=92132 ht=283156 pf=0 pm=0 pt=0 ru=235400 rp=239416
18:37:59.673 @I ww=marvin cut=0.50 win=5 cool=1000 tick=100 wifi=1 srv=1 li=0 ln=0
18:37:59.673 @T t=274287 s=0.000 lv=-40.9 pk=-39.4 c0=13.9 c1=5.9 kw=5.71 inf=1.53 iv=0.00 n=0 d=0 sk=3 hf=96148 hm=92132 ht=283156 pf=0 pm=0 pt=0 ru=235400 rp=239416
18:37:59.673 @T t=274393 s=0.000 lv=-41.0 pk=-40.0 c0=3.2 c1=5.1 kw=4.94 inf=1.52 iv=0.00 n=0 d=0 sk=3 hf=96148 hm=92132 ht=283156 pf=0 pm=0 pt=0 ru=235400 rp=239416
18:37:59.673 @T t=274499 s=0.000 lv=-41.4 pk=-40.9 c0=6.3 c1=5.1 kw=4.93 inf=1.52 iv=0.00 n=0 d=0 sk=3 hf=96148 hm=92132 ht=283156 pf=0 pm=0 pt=0 ru=235400 rp=239416
18:37:59.673 @T t=274605 s=0.000 lv=-41.7 pk=-41.1 c0=3.4 c1=6.2 kw=5.97 inf=1.38 iv=0.00 n=0 d=0 sk=4 hf=96148 hm=92132 ht=283156 pf=0 pm=0 pt=0 ru=235400 rp=239416
18:37:59.673 @T t=274691 s=0.000 lv=-41.3 pk=-40.9 c0=3.9 c1=5.0 kw=4.93 inf=1.84 iv=0.00 n=0 d=0 sk=2 hf=96148 hm=92132 ht=283156 pf=0 pm=0 pt=0 ru=235400 rp=239416
18:38:02.165 @T t=274797 s=0.000 lv=-40.7 pk=-39.4 c0=6.3 c1=5.0 kw=4.90 inf=1.51 iv=0.00 n=0 d=0 sk=3 hf=96148 hm=92132 ht=283156 pf=0 pm=0 pt=0 ru=235400 rp=239416
18:38:02.165 @T t=274903 s=0.000 lv=-40.4 pk=-38.8 c0=6.5 c1=6.1 kw=5.91 inf=1.36 iv=0.00 n=0 d=0 sk=4 hf=96148 hm=92132 ht=283156 pf=0 pm=0 pt=0 ru=235400 rp=239416
18:38:02.165 @T t=274989 s=0.000 lv=-40.3 pk=-39.1 c0=3.7 c1=5.0 kw=4.88 inf=1.83 iv=0.00 n=0 d=0 sk=2 hf=96148 hm=92132 ht=283156 pf=0 pm=0 pt=0 ru=235400 rp=239416
18:38:02.165 @T t=275095 s=0.000 lv=-41.5 pk=-40.7 c0=3.1 c1=5.1 kw=4.92 inf=1.51 iv=0.00 n=0 d=0 sk=3 hf=96148 hm=92132 ht=283156 pf=0 pm=0 pt=0 ru=235400 rp=239416
18:38:02.165 @T t=275201 s=0.000 lv=-40.9 pk=-39.0 c0=3.1 c1=5.0 kw=5.09 inf=1.53 iv=0.00 n=0 d=0 sk=3 hf=96148 hm=92132 ht=283156 pf=0 pm=0 pt=0 ru=235400 rp=239416
18:38:02.165 @I ww=marvin cut=0.50 win=5 cool=1000 tick=100 wifi=1 srv=1 li=0 ln=0
18:38:02.165 @T t=275293 s=0.000 lv=-41.2 pk=-40.6 c0=16.1 c1=6.8 kw=5.86 inf=1.61 iv=0.00 n=0 d=0 sk=3 hf=94384 hm=92132 ht=283156 pf=0 pm=0 pt=0 ru=237164 rp=239416
18:38:02.165 @T t=275402 s=0.000 lv=-40.9 pk=-39.9 c0=9.3 c1=6.4 kw=5.96 inf=1.41 iv=0.00 n=0 d=0 sk=4 hf=96148 hm=92132 ht=283156 pf=0 pm=0 pt=0 ru=235400 rp=239416
18:38:02.165 @T t=275488 s=0.000 lv=-40.9 pk=-39.8 c0=4.1 c1=5.2 kw=4.92 inf=1.84 iv=0.00 n=0 d=0 sk=2 hf=96148 hm=92132 ht=283156 pf=0 pm=0 pt=0 ru=235400 rp=239416
18:38:02.165 @T t=275594 s=0.000 lv=-39.5 pk=-38.9 c0=3.1 c1=5.1 kw=4.93 inf=1.52 iv=0.00 n=0 d=0 sk=3 hf=96148 hm=92132 ht=283156 pf=0 pm=0 pt=0 ru=235400 rp=239416
18:38:02.165 @T t=275700 s=0.000 lv=-40.6 pk=-39.3 c0=3.0 c1=5.1 kw=4.93 inf=1.52 iv=0.00 n=0 d=0 sk=3 hf=96148 hm=92132 ht=283156 pf=0 pm=0 pt=0 ru=235400 rp=239416
18:38:02.165 @T t=275786 s=0.000 lv=-41.5 pk=-39.8 c0=8.1 c1=6.4 kw=6.18 inf=1.54 iv=0.00 n=0 d=0 sk=3 hf=96148 hm=92132 ht=283156 pf=0 pm=0 pt=0 ru=235400 rp=239416
18:38:02.165 @T t=275892 s=0.000 lv=-40.6 pk=-39.5 c0=3.4 c1=5.1 kw=4.96 inf=1.53 iv=0.00 n=0 d=0 sk=3 hf=96148 hm=92132 ht=283156 pf=0 pm=0 pt=0 ru=235400 rp=239416
18:38:02.165 @T t=275998 s=0.000 lv=-39.1 pk=-37.3 c0=3.1 c1=5.1 kw=4.97 inf=1.53 iv=0.00 n=0 d=0 sk=3 hf=96148 hm=92132 ht=283156 pf=0 pm=0 pt=0 ru=235400 rp=239416
18:38:02.165 @T t=276104 s=0.000 lv=-39.9 pk=-38.4 c0=6.5 c1=6.1 kw=5.92 inf=1.37 iv=0.00 n=0 d=0 sk=4 hf=96148 hm=92132 ht=283156 pf=0 pm=0 pt=0 ru=235400 rp=239416
18:38:02.165 @T t=276190 s=0.000 lv=-39.8 pk=-39.1 c0=3.8 c1=5.0 kw=4.90 inf=1.83 iv=0.00 n=0 d=0 sk=2 hf=96148 hm=92132 ht=283156 pf=0 pm=0 pt=0 ru=235400 rp=239416
18:38:02.165 @I ww=marvin cut=0.50 win=5 cool=1000 tick=100 wifi=1 srv=1 li=0 ln=0
18:38:02.165 @T t=276302 s=0.000 lv=-39.2 pk=-37.5 c0=3.6 c1=5.6 kw=5.57 inf=1.36 iv=0.00 n=0 d=0 sk=4 hf=96148 hm=92132 ht=283156 pf=0 pm=0 pt=0 ru=235400 rp=239416
18:38:02.165 @T t=276389 s=0.000 lv=-39.6 pk=-38.9 c0=8.3 c1=5.1 kw=4.84 inf=1.83 iv=0.00 n=0 d=0 sk=2 hf=96148 hm=92132 ht=283156 pf=0 pm=0 pt=0 ru=235400 rp=239416
18:38:02.165 @T t=276495 s=0.000 lv=-38.8 pk=-37.7 c0=3.2 c1=5.1 kw=4.93 inf=1.52 iv=0.00 n=0 d=0 sk=3 hf=96148 hm=92132 ht=283156 pf=0 pm=0 pt=0 ru=235400 rp=239416
18:38:02.165 @T t=276601 s=0.000 lv=-40.3 pk=-38.9 c0=6.4 c1=5.0 kw=5.06 inf=1.52 iv=0.00 n=0 d=0 sk=3 hf=96148 hm=92132 ht=283156 pf=0 pm=0 pt=0 ru=235400 rp=239416
18:38:02.165 @T t=276687 s=0.000 lv=-40.1 pk=-39.2 c0=3.7 c1=6.6 kw=6.15 inf=1.58 iv=0.00 n=0 d=0 sk=3 hf=96148 hm=92132 ht=283156 pf=0 pm=0 pt=0 ru=235400 rp=239416
18:38:02.165 @T t=276793 s=0.000 lv=-39.8 pk=-39.1 c0=3.0 c1=5.1 kw=4.92 inf=1.52 iv=0.00 n=0 d=0 sk=3 hf=96148 hm=92132 ht=283156 pf=0 pm=0 pt=0 ru=235400 rp=239416
18:38:02.165 @T t=276899 s=0.000 lv=-39.6 pk=-38.0 c0=6.8 c1=5.1 kw=4.97 inf=1.53 iv=0.00 n=0 d=0 sk=3 hf=96148 hm=92132 ht=283156 pf=0 pm=0 pt=0 ru=235400 rp=239416
18:38:02.165 @T t=277005 s=0.000 lv=-41.0 pk=-38.5 c0=3.3 c1=6.1 kw=5.97 inf=1.38 iv=0.00 n=0 d=0 sk=4 hf=96148 hm=92132 ht=283156 pf=0 pm=0 pt=0 ru=235400 rp=239416
18:38:02.165 @T t=277091 s=0.000 lv=-39.9 pk=-38.7 c0=3.9 c1=5.0 kw=4.89 inf=1.83 iv=0.00 n=0 d=0 sk=2 hf=96148 hm=92132 ht=283156 pf=0 pm=0 pt=0 ru=235400 rp=239416
18:38:02.165 @T t=277197 s=0.000 lv=-39.9 pk=-37.4 c0=3.1 c1=5.1 kw=4.95 inf=1.52 iv=0.00 n=0 d=0 sk=3 hf=96148 hm=92132 ht=283156 pf=0 pm=0 pt=0 ru=235400 rp=239416
18:38:02.165 @I ww=marvin cut=0.50 win=5 cool=1000 tick=100 wifi=1 srv=1 li=0 ln=0
18:38:04.772 @T t=277289 s=0.000 lv=-41.4 pk=-40.1 c0=13.3 c1=5.9 kw=5.69 inf=1.52 iv=0.00 n=0 d=0 sk=3 hf=96148 hm=92132 ht=283156 pf=0 pm=0 pt=0 ru=235400 rp=239416
18:38:04.773 @T t=277395 s=0.000 lv=-40.1 pk=-38.5 c0=10.7 c1=6.1 kw=5.15 inf=1.59 iv=0.00 n=0 d=0 sk=3 hf=96148 hm=92132 ht=283156 pf=0 pm=0 pt=0 ru=235400 rp=239416
18:38:04.773 @T t=277501 s=0.000 lv=-38.9 pk=-37.9 c0=3.4 c1=5.0 kw=5.12 inf=1.54 iv=0.00 n=0 d=0 sk=3 hf=96148 hm=92132 ht=283156 pf=0 pm=0 pt=0 ru=235400 rp=239416
18:38:04.773 @T t=277587 s=0.000 lv=-40.3 pk=-39.1 c0=8.5 c1=6.7 kw=6.21 inf=1.60 iv=0.00 n=0 d=0 sk=3 hf=96148 hm=92132 ht=283156 pf=0 pm=0 pt=0 ru=235400 rp=239416
18:38:04.773 @T t=277693 s=0.000 lv=-39.6 pk=-38.1 c0=3.3 c1=5.1 kw=4.96 inf=1.53 iv=0.00 n=0 d=0 sk=3 hf=96148 hm=92132 ht=283156 pf=0 pm=0 pt=0 ru=235400 rp=239416
18:38:04.773 @T t=277799 s=0.000 lv=-40.2 pk=-37.9 c0=3.0 c1=5.1 kw=4.93 inf=1.52 iv=0.00 n=0 d=0 sk=3 hf=96148 hm=92132 ht=283156 pf=0 pm=0 pt=0 ru=235400 rp=239416
18:38:04.773 @T t=277905 s=0.000 lv=-39.9 pk=-38.2 c0=3.2 c1=6.1 kw=5.91 inf=1.37 iv=0.00 n=0 d=0 sk=4 hf=96148 hm=92132 ht=283156 pf=0 pm=0 pt=0 ru=235400 rp=239416
18:38:04.773 @T t=277991 s=0.000 lv=-40.1 pk=-39.7 c0=4.3 c1=5.1 kw=4.95 inf=1.85 iv=0.00 n=0 d=0 sk=2 hf=96148 hm=92132 ht=283156 pf=0 pm=0 pt=0 ru=235400 rp=239416
18:38:04.773 @T t=278097 s=0.000 lv=-39.7 pk=-39.2 c0=3.4 c1=5.1 kw=4.98 inf=1.53 iv=0.00 n=0 d=0 sk=3 hf=96148 hm=92132 ht=283156 pf=0 pm=0 pt=0 ru=235400 rp=239416
18:38:04.773 @T t=278203 s=0.000 lv=-39.5 pk=-38.1 c0=3.1 c1=6.1 kw=5.90 inf=1.36 iv=0.00 n=0 d=0 sk=4 hf=96148 hm=92132 ht=283156 pf=0 pm=0 pt=0 ru=235400 rp=239416
18:38:04.773 @I ww=marvin cut=0.50 win=5 cool=1000 tick=100 wifi=1 srv=1 li=0 ln=0
18:38:04.773 @T t=278295 s=0.000 lv=-39.7 pk=-38.6 c0=13.3 c1=4.7 kw=4.57 inf=1.83 iv=0.00 n=0 d=0 sk=2 hf=96148 hm=92132 ht=283156 pf=0 pm=0 pt=0 ru=235400 rp=239416
18:38:04.773 @T t=278401 s=0.000 lv=-40.1 pk=-37.5 c0=3.7 c1=5.1 kw=5.12 inf=1.54 iv=0.00 n=0 d=0 sk=3 hf=96148 hm=92132 ht=283156 pf=0 pm=0 pt=0 ru=235400 rp=239416
18:38:04.773 @T t=278487 s=0.000 lv=-40.2 pk=-39.0 c0=4.0 c1=6.6 kw=6.21 inf=1.60 iv=0.00 n=0 d=0 sk=3 hf=96148 hm=92132 ht=283156 pf=0 pm=0 pt=0 ru=235400 rp=239416
18:38:04.773 @T t=278593 s=0.000 lv=-39.4 pk=-37.5 c0=6.3 c1=5.1 kw=4.92 inf=1.51 iv=0.00 n=0 d=0 sk=3 hf=96148 hm=92132 ht=283156 pf=0 pm=0 pt=0 ru=235400 rp=239416
18:38:04.773 @T t=278699 s=0.000 lv=-40.8 pk=-39.8 c0=3.0 c1=5.1 kw=4.92 inf=1.52 iv=0.00 n=0 d=0 sk=3 hf=96148 hm=92132 ht=283156 pf=0 pm=0 pt=0 ru=235400 rp=239416
18:38:04.773 @T t=278805 s=0.000 lv=-41.4 pk=-40.3 c0=3.0 c1=6.1 kw=5.90 inf=1.36 iv=0.00 n=0 d=0 sk=4 hf=96148 hm=92132 ht=283156 pf=0 pm=0 pt=0 ru=235400 rp=239416
18:38:04.773 @T t=278891 s=0.000 lv=-40.4 pk=-40.0 c0=3.8 c1=5.0 kw=4.88 inf=1.83 iv=0.00 n=0 d=0 sk=2 hf=96148 hm=92132 ht=283156 pf=0 pm=0 pt=0 ru=235400 rp=239416
18:38:04.773 @T t=278997 s=0.000 lv=-39.4 pk=-38.4 c0=3.1 c1=5.0 kw=4.91 inf=1.51 iv=0.00 n=0 d=0 sk=3 hf=96148 hm=92132 ht=283156 pf=0 pm=0 pt=0 ru=235400 rp=239416
18:38:04.773 @T t=279103 s=0.000 lv=-40.7 pk=-38.9 c0=6.8 c1=6.2 kw=6.00 inf=1.39 iv=0.00 n=0 d=0 sk=4 hf=96148 hm=92132 ht=283156 pf=0 pm=0 pt=0 ru=235400 rp=239416
18:38:04.773 @T t=279189 s=0.000 lv=-41.7 pk=-41.2 c0=3.9 c1=5.0 kw=4.90 inf=1.83 iv=0.00 n=0 d=0 sk=2 hf=96148 hm=92132 ht=283156 pf=0 pm=0 pt=0 ru=235400 rp=239416
18:38:04.773 @I ww=marvin cut=0.50 win=5 cool=1000 tick=100 wifi=1 srv=1 li=0 ln=0
18:38:04.773 @T t=279301 s=0.000 lv=-38.9 pk=-37.5 c0=3.7 c1=4.7 kw=4.77 inf=1.51 iv=0.00 n=0 d=0 sk=3 hf=96148 hm=92132 ht=283156 pf=0 pm=0 pt=0 ru=235400 rp=239416
18:38:04.773 @T t=279387 s=0.000 lv=-41.2 pk=-39.8 c0=7.2 c1=6.9 kw=6.31 inf=1.62 iv=0.00 n=0 d=0 sk=3 hf=94384 hm=92132 ht=283156 pf=0 pm=0 pt=0 ru=237164 rp=239416
18:38:04.773 @T t=279493 s=0.000 lv=-40.1 pk=-38.9 c0=5.1 c1=5.6 kw=5.06 inf=1.56 iv=0.00 n=0 d=0 sk=3 hf=96148 hm=92132 ht=283156 pf=0 pm=0 pt=0 ru=235400 rp=239416
18:38:04.773 @T t=279599 s=0.000 lv=-39.7 pk=-38.0 c0=4.1 c1=5.1 kw=4.99 inf=1.54 iv=0.00 n=0 d=0 sk=3 hf=95952 hm=92132 ht=283156 pf=0 pm=0 pt=0 ru=235596 rp=239416
18:38:04.773 @T t=279705 s=0.000 lv=-39.7 pk=-38.1 c0=3.6 c1=6.1 kw=5.98 inf=1.38 iv=0.00 n=0 d=0 sk=4 hf=96148 hm=92132 ht=283156 pf=0 pm=0 pt=0 ru=235400 rp=239416
18:38:04.773 @T t=279791 s=0.000 lv=-39.6 pk=-37.6 c0=3.8 c1=5.0 kw=4.88 inf=1.83 iv=0.00 n=0 d=0 sk=2 hf=96148 hm=92132 ht=283156 pf=0 pm=0 pt=0 ru=235400 rp=239416
18:38:07.072 @T t=279897 s=0.000 lv=-39.3 pk=-37.7 c0=3.2 c1=5.1 kw=4.93 inf=1.52 iv=0.00 n=0 d=0 sk=3 hf=96148 hm=92132 ht=283156 pf=0 pm=0 pt=0 ru=235400 rp=239416
18:38:07.072 @T t=280003 s=0.000 lv=-39.2 pk=-38.0 c0=3.1 c1=6.1 kw=5.90 inf=1.36 iv=0.00 n=0 d=0 sk=4 hf=96148 hm=92132 ht=283156 pf=0 pm=0 pt=0 ru=235400 rp=239416
18:38:07.072 @T t=280089 s=0.000 lv=-40.4 pk=-38.0 c0=7.9 c1=5.0 kw=4.89 inf=1.83 iv=0.00 n=0 d=0 sk=2 hf=96148 hm=92132 ht=283156 pf=0 pm=0 pt=0 ru=235400 rp=239416
18:38:07.072 @T t=280195 s=0.000 lv=-40.3 pk=-38.0 c0=6.4 c1=5.1 kw=4.92 inf=1.51 iv=0.00 n=0 d=0 sk=3 hf=96148 hm=92132 ht=283156 pf=0 pm=0 pt=0 ru=235400 rp=239416
18:38:07.072 @I ww=marvin cut=0.50 win=5 cool=1000 tick=100 wifi=1 srv=1 li=0 ln=0
18:38:07.072 @T t=280287 s=0.000 lv=-40.0 pk=-39.1 c0=4.8 c1=6.0 kw=5.76 inf=1.54 iv=0.00 n=0 d=0 sk=3 hf=96148 hm=92132 ht=283156 pf=0 pm=0 pt=0 ru=235400 rp=239416
18:38:07.072 @T t=280393 s=0.000 lv=-38.6 pk=-36.9 c0=3.4 c1=5.1 kw=4.98 inf=1.53 iv=0.00 n=0 d=0 sk=3 hf=96148 hm=92132 ht=283156 pf=0 pm=0 pt=0 ru=235400 rp=239416
18:38:07.072 @T t=280499 s=0.000 lv=-40.4 pk=-39.4 c0=3.6 c1=5.1 kw=4.94 inf=1.52 iv=0.00 n=0 d=0 sk=3 hf=96148 hm=92132 ht=283156 pf=0 pm=0 pt=0 ru=235400 rp=239416
18:38:07.072 @T t=280605 s=0.000 lv=-39.4 pk=-38.0 c0=3.2 c1=6.1 kw=5.92 inf=1.37 iv=0.00 n=0 d=0 sk=4 hf=96148 hm=92132 ht=283156 pf=0 pm=0 pt=0 ru=235400 rp=239416
18:38:07.072 @T t=280691 s=0.000 lv=-39.3 pk=-38.7 c0=3.7 c1=5.0 kw=4.86 inf=1.82 iv=0.00 n=0 d=0 sk=2 hf=96148 hm=92132 ht=283156 pf=0 pm=0 pt=0 ru=235400 rp=239416
18:38:07.072 @T t=280797 s=0.000 lv=-39.9 pk=-39.2 c0=6.3 c1=5.0 kw=4.90 inf=1.51 iv=0.00 n=0 d=0 sk=3 hf=96148 hm=92132 ht=283156 pf=0 pm=0 pt=0 ru=235400 rp=239416
18:38:07.072 @T t=280903 s=0.000 lv=-40.7 pk=-38.9 c0=3.1 c1=6.1 kw=5.90 inf=1.36 iv=0.00 n=0 d=0 sk=4 hf=96148 hm=92132 ht=283156 pf=0 pm=0 pt=0 ru=235400 rp=239416
18:38:07.072 @T t=280989 s=0.000 lv=-41.0 pk=-40.1 c0=3.8 c1=5.0 kw=4.89 inf=1.83 iv=0.00 n=0 d=0 sk=2 hf=96148 hm=92132 ht=283156 pf=0 pm=0 pt=0 ru=235400 rp=239416
18:38:07.072 @T t=281095 s=0.000 lv=-40.0 pk=-39.2 c0=3.2 c1=5.1 kw=4.95 inf=1.52 iv=0.00 n=0 d=0 sk=3 hf=96148 hm=92132 ht=283156 pf=0 pm=0 pt=0 ru=235400 rp=239416
18:38:07.072 @T t=281201 s=0.000 lv=-41.6 pk=-40.3 c0=3.1 c1=5.0 kw=5.09 inf=1.53 iv=0.00 n=0 d=0 sk=3 hf=96148 hm=92132 ht=283156 pf=0 pm=0 pt=0 ru=235400 rp=239416
18:38:07.072 @I ww=marvin cut=0.50 win=5 cool=1000 tick=100 wifi=1 srv=1 li=0 ln=0
18:38:07.072 @T t=281293 s=0.000 lv=-40.2 pk=-39.2 c0=4.4 c1=6.2 kw=5.76 inf=1.59 iv=0.00 n=0 d=0 sk=3 hf=96148 hm=92132 ht=283156 pf=0 pm=0 pt=0 ru=235400 rp=239416
18:38:07.072 [status] up 281s | mic -40.1 dBFS (peak -34.1) | score max 0.00 | detections 0 | inferences 69 (6.9/s; model 1.15 ms each, paused in quiet 78%; features 1.48 ms per 30 ms) | CPU core0  5.0% core1  6.3% (wake word pipeline 6.11% of one core) | RAM used 229 KB (peak 233 KB, 93 KB free) | wifi OK, server OK | audio lost since boot: i2s 0 net 0
18:38:07.072 @T t=281401 s=0.000 lv=-40.8 pk=-39.0 c0=24.2 c1=5.1 kw=5.13 inf=1.57 iv=0.00 n=0 d=0 sk=3 hf=96148 hm=92132 ht=283156 pf=0 pm=0 pt=0 ru=235400 rp=239416
18:38:07.072 @T t=281489 s=0.000 lv=-41.3 pk=-39.7 c0=12.7 c1=7.7 kw=6.25 inf=1.64 iv=0.00 n=0 d=0 sk=3 hf=96148 hm=92132 ht=283156 pf=0 pm=0 pt=0 ru=235400 rp=239416
18:38:07.072 @T t=281595 s=0.000 lv=-40.8 pk=-39.7 c0=4.0 c1=5.1 kw=5.02 inf=1.54 iv=0.00 n=0 d=0 sk=3 hf=96148 hm=92132 ht=283156 pf=0 pm=0 pt=0 ru=235400 rp=239416
18:38:07.072 @T t=281701 s=0.000 lv=-39.6 pk=-38.7 c0=3.3 c1=5.0 kw=5.14 inf=1.54 iv=0.00 n=0 d=0 sk=3 hf=96148 hm=92132 ht=283156 pf=0 pm=0 pt=0 ru=235400 rp=239416
18:38:07.072 @T t=281787 s=0.000 lv=-40.3 pk=-39.6 c0=7.8 c1=6.5 kw=6.13 inf=1.58 iv=0.00 n=0 d=0 sk=3 hf=96148 hm=92132 ht=283156 pf=0 pm=0 pt=0 ru=235400 rp=239416
18:38:07.072 @T t=281893 s=0.000 lv=-39.8 pk=-38.4 c0=3.2 c1=5.1 kw=4.93 inf=1.52 iv=0.00 n=0 d=0 sk=3 hf=96148 hm=92132 ht=283156 pf=0 pm=0 pt=0 ru=235400 rp=239416
18:38:07.072 @T t=281999 s=0.000 lv=-39.3 pk=-38.2 c0=3.1 c1=5.0 kw=4.92 inf=1.51 iv=0.00 n=0 d=0 sk=3 hf=96148 hm=92132 ht=283156 pf=0 pm=0 pt=0 ru=235400 rp=239416
18:38:07.072 @T t=282105 s=0.000 lv=-40.9 pk=-39.8 c0=3.2 c1=6.1 kw=5.91 inf=1.36 iv=0.00 n=0 d=0 sk=4 hf=96148 hm=92132 ht=283156 pf=0 pm=0 pt=0 ru=235400 rp=239416
18:38:09.658 @T t=282191 s=0.000 lv=-40.5 pk=-39.1 c0=7.8 c1=5.0 kw=4.88 inf=1.83 iv=0.00 n=0 d=0 sk=2 hf=96148 hm=92132 ht=283156 pf=0 pm=0 pt=0 ru=235400 rp=239416
18:38:09.658 @I ww=marvin cut=0.50 win=5 cool=1000 tick=100 wifi=1 srv=1 li=0 ln=0
18:38:09.658 @T t=282303 s=0.000 lv=-41.2 pk=-39.2 c0=3.6 c1=5.7 kw=5.58 inf=1.36 iv=0.00 n=0 d=0 sk=4 hf=96148 hm=92132 ht=283156 pf=0 pm=0 pt=0 ru=235400 rp=239416
18:38:09.658 @T t=282389 s=0.000 lv=-41.3 pk=-39.7 c0=3.8 c1=5.0 kw=4.85 inf=1.82 iv=0.00 n=0 d=0 sk=2 hf=96148 hm=92132 ht=283156 pf=0 pm=0 pt=0 ru=235400 rp=239416
18:38:09.658 @T t=282495 s=0.000 lv=-41.1 pk=-39.1 c0=3.9 c1=5.2 kw=4.99 inf=1.54 iv=0.00 n=0 d=0 sk=3 hf=96148 hm=92132 ht=283156 pf=0 pm=0 pt=0 ru=235400 rp=239416
18:38:09.658 @T t=282601 s=0.000 lv=-38.9 pk=-36.5 c0=3.4 c1=5.1 kw=5.14 inf=1.55 iv=0.00 n=0 d=0 sk=3 hf=96148 hm=92132 ht=283156 pf=0 pm=0 pt=0 ru=235400 rp=239416
18:38:09.658 @T t=282687 s=0.000 lv=-39.5 pk=-37.9 c0=7.8 c1=6.6 kw=6.16 inf=1.59 iv=0.00 n=0 d=0 sk=3 hf=96148 hm=92132 ht=283156 pf=0 pm=0 pt=0 ru=235400 rp=239416
18:38:09.658 @T t=282793 s=0.000 lv=-39.5 pk=-38.1 c0=3.0 c1=5.1 kw=4.92 inf=1.52 iv=0.00 n=0 d=0 sk=3 hf=96148 hm=92132 ht=283156 pf=0 pm=0 pt=0 ru=235400 rp=239416
18:38:09.658 @T t=282899 s=0.000 lv=-39.6 pk=-39.0 c0=6.4 c1=5.1 kw=4.92 inf=1.51 iv=0.00 n=0 d=0 sk=3 hf=96148 hm=92132 ht=283156 pf=0 pm=0 pt=0 ru=235400 rp=239416
18:38:09.658 @T t=283005 s=0.000 lv=-40.3 pk=-38.7 c0=3.1 c1=6.1 kw=5.93 inf=1.37 iv=0.00 n=0 d=0 sk=4 hf=96148 hm=92132 ht=283156 pf=0 pm=0 pt=0 ru=235400 rp=239416
18:38:09.658 @T t=283091 s=0.000 lv=-41.1 pk=-40.1 c0=3.8 c1=5.1 kw=4.92 inf=1.85 iv=0.00 n=0 d=0 sk=2 hf=96148 hm=92132 ht=283156 pf=0 pm=0 pt=0 ru=235400 rp=239416
18:38:09.658 @T t=283197 s=0.000 lv=-39.3 pk=-38.0 c0=3.1 c1=5.1 kw=4.95 inf=1.53 iv=0.00 n=0 d=0 sk=3 hf=96148 hm=92132 ht=283156 pf=0 pm=0 pt=0 ru=235400 rp=239416
18:38:09.658 @I ww=marvin cut=0.50 win=5 cool=1000 tick=100 wifi=1 srv=1 li=0 ln=0
18:38:09.658 @T t=283289 s=0.000 lv=-40.3 pk=-38.3 c0=13.3 c1=5.8 kw=5.68 inf=1.52 iv=0.00 n=0 d=0 sk=3 hf=96148 hm=92132 ht=283156 pf=0 pm=0 pt=0 ru=235400 rp=239416
18:38:09.658 @T t=283395 s=0.000 lv=-39.2 pk=-38.9 c0=3.1 c1=5.1 kw=4.94 inf=1.52 iv=0.00 n=0 d=0 sk=3 hf=96148 hm=92132 ht=283156 pf=0 pm=0 pt=0 ru=235400 rp=239416
18:38:09.658 @T t=283501 s=0.000 lv=-39.7 pk=-39.3 c0=5.7 c1=5.5 kw=5.17 inf=1.55 iv=0.00 n=0 d=0 sk=3 hf=94384 hm=92132 ht=283156 pf=0 pm=0 pt=0 ru=237164 rp=239416
18:38:09.658 @T t=283590 s=0.000 lv=-38.9 pk=-37.9 c0=6.5 c1=7.0 kw=6.19 inf=1.65 iv=0.00 n=0 d=0 sk=3 hf=95952 hm=92132 ht=283156 pf=0 pm=0 pt=0 ru=235596 rp=239416
18:38:09.658 @T t=283696 s=0.000 lv=-40.3 pk=-39.5 c0=3.9 c1=5.2 kw=5.03 inf=1.55 iv=0.00 n=0 d=0 sk=3 hf=96148 hm=92132 ht=283156 pf=0 pm=0 pt=0 ru=235400 rp=239416
18:38:09.658 @T t=283802 s=0.000 lv=-40.8 pk=-39.6 c0=3.2 c1=6.0 kw=5.97 inf=1.38 iv=0.00 n=0 d=0 sk=4 hf=96148 hm=92132 ht=283156 pf=0 pm=0 pt=0 ru=235400 rp=239416
18:38:09.658 @T t=283888 s=0.000 lv=-39.8 pk=-38.5 c0=7.9 c1=5.2 kw=4.89 inf=1.83 iv=0.00 n=0 d=0 sk=2 hf=96148 hm=92132 ht=283156 pf=0 pm=0 pt=0 ru=235400 rp=239416
18:38:09.658 @T t=283994 s=0.000 lv=-39.4 pk=-38.2 c0=3.1 c1=5.1 kw=4.93 inf=1.52 iv=0.00 n=0 d=0 sk=3 hf=96148 hm=92132 ht=283156 pf=0 pm=0 pt=0 ru=235400 rp=239416
18:38:09.658 @T t=284100 s=0.000 lv=-39.7 pk=-38.6 c0=3.2 c1=5.1 kw=4.93 inf=1.52 iv=0.00 n=0 d=0 sk=3 hf=96148 hm=92132 ht=283156 pf=0 pm=0 pt=0 ru=235400 rp=239416
18:38:09.658 @T t=284186 s=0.000 lv=-40.3 pk=-39.9 c0=7.8 c1=6.3 kw=6.16 inf=1.54 iv=0.00 n=0 d=0 sk=3 hf=96148 hm=92132 ht=283156 pf=0 pm=0 pt=0 ru=235400 rp=239416
18:38:09.658 @I ww=marvin cut=0.50 win=5 cool=1000 tick=100 wifi=1 srv=1 li=0 ln=0
18:38:09.658 @T t=284298 s=0.000 lv=-40.1 pk=-39.1 c0=3.6 c1=4.8 kw=4.67 inf=1.52 iv=0.00 n=0 d=0 sk=3 hf=96148 hm=92132 ht=283156 pf=0 pm=0 pt=0 ru=235400 rp=239416
18:38:09.658 @T t=284404 s=0.000 lv=-39.0 pk=-36.2 c0=3.1 c1=6.1 kw=5.90 inf=1.36 iv=0.00 n=0 d=0 sk=4 hf=96148 hm=92132 ht=283156 pf=0 pm=0 pt=0 ru=235400 rp=239416
18:38:09.658 @T t=284490 s=0.000 lv=-40.0 pk=-39.4 c0=7.8 c1=5.0 kw=4.86 inf=1.82 iv=0.00 n=0 d=0 sk=2 hf=96148 hm=92132 ht=283156 pf=0 pm=0 pt=0 ru=235400 rp=239416
18:38:09.658 @T t=284596 s=0.000 lv=-39.6 pk=-38.3 c0=3.6 c1=5.1 kw=4.95 inf=1.52 iv=0.00 n=0 d=0 sk=3 hf=96148 hm=92132 ht=283156 pf=0 pm=0 pt=0 ru=235400 rp=239416
18:38:09.658 @T t=284702 s=0.000 lv=-39.8 pk=-38.0 c0=3.2 c1=6.0 kw=5.94 inf=1.37 iv=0.00 n=0 d=0 sk=4 hf=96148 hm=92132 ht=283156 pf=0 pm=0 pt=0 ru=235400 rp=239416
18:38:12.166 @T t=284788 s=0.000 lv=-38.5 pk=-36.9 c0=8.2 c1=5.2 kw=4.91 inf=1.84 iv=0.00 n=0 d=0 sk=2 hf=96148 hm=92132 ht=283156 pf=0 pm=0 pt=0 ru=235400 rp=239416
18:38:12.166 @T t=284894 s=0.000 lv=-40.6 pk=-39.1 c0=3.4 c1=5.1 kw=4.95 inf=1.52 iv=0.00 n=0 d=0 sk=3 hf=96148 hm=92132 ht=283156 pf=0 pm=0 pt=0 ru=235400 rp=239416
18:38:12.166 @T t=285000 s=0.000 lv=-40.5 pk=-39.1 c0=3.1 c1=5.1 kw=4.94 inf=1.52 iv=0.00 n=0 d=0 sk=3 hf=96148 hm=92132 ht=283156 pf=0 pm=0 pt=0 ru=235400 rp=239416
18:38:12.166 @T t=285086 s=0.000 lv=-40.6 pk=-39.5 c0=3.9 c1=6.3 kw=6.11 inf=1.52 iv=0.00 n=0 d=0 sk=3 hf=96148 hm=92132 ht=283156 pf=0 pm=0 pt=0 ru=235400 rp=239416
18:38:12.166 @T t=285192 s=0.000 lv=-40.5 pk=-39.4 c0=3.1 c1=5.1 kw=4.93 inf=1.52 iv=0.00 n=0 d=0 sk=3 hf=96148 hm=92132 ht=283156 pf=0 pm=0 pt=0 ru=235400 rp=239416
18:38:12.166 @I ww=marvin cut=0.50 win=5 cool=1000 tick=100 wifi=1 srv=1 li=0 ln=0
18:38:12.166 @T t=285304 s=0.000 lv=-40.1 pk=-39.2 c0=11.0 c1=5.8 kw=5.60 inf=1.37 iv=0.00 n=0 d=0 sk=4 hf=96148 hm=92132 ht=283156 pf=0 pm=0 pt=0 ru=235400 rp=239416
18:38:12.166 @T t=285390 s=0.000 lv=-40.0 pk=-38.9 c0=7.9 c1=5.0 kw=4.90 inf=1.83 iv=0.00 n=0 d=0 sk=2 hf=96148 hm=92132 ht=283156 pf=0 pm=0 pt=0 ru=235400 rp=239416
18:38:12.166 @T t=285496 s=0.000 lv=-40.8 pk=-39.7 c0=3.0 c1=5.1 kw=4.92 inf=1.51 iv=0.00 n=0 d=0 sk=3 hf=96148 hm=92132 ht=283156 pf=0 pm=0 pt=0 ru=235400 rp=239416
18:38:12.166 @T t=285602 s=0.000 lv=-40.0 pk=-37.8 c0=10.8 c1=6.9 kw=6.14 inf=1.42 iv=0.00 n=0 d=0 sk=4 hf=96148 hm=92132 ht=283156 pf=0 pm=0 pt=0 ru=235400 rp=239416
18:38:12.166 @T t=285688 s=0.000 lv=-40.4 pk=-39.3 c0=4.1 c1=5.2 kw=4.94 inf=1.85 iv=0.00 n=0 d=0 sk=2 hf=96148 hm=92132 ht=283156 pf=0 pm=0 pt=0 ru=235400 rp=239416
18:38:12.166 @T t=285794 s=0.000 lv=-41.2 pk=-40.3 c0=3.0 c1=5.1 kw=4.92 inf=1.51 iv=0.00 n=0 d=0 sk=3 hf=96148 hm=92132 ht=283156 pf=0 pm=0 pt=0 ru=235400 rp=239416
18:38:12.166 @T t=285900 s=0.000 lv=-40.7 pk=-39.4 c0=3.6 c1=5.1 kw=4.96 inf=1.53 iv=0.00 n=0 d=0 sk=3 hf=96148 hm=92132 ht=283156 pf=0 pm=0 pt=0 ru=235400 rp=239416
18:38:12.166 @T t=285986 s=0.000 lv=-40.4 pk=-37.6 c0=4.0 c1=6.4 kw=6.22 inf=1.55 iv=0.00 n=0 d=0 sk=3 hf=96148 hm=92132 ht=283156 pf=0 pm=0 pt=0 ru=235400 rp=239416
18:38:12.166 @T t=286092 s=0.000 lv=-39.5 pk=-38.9 c0=6.4 c1=5.1 kw=4.95 inf=1.53 iv=0.00 n=0 d=0 sk=3 hf=96148 hm=92132 ht=283156 pf=0 pm=0 pt=0 ru=235400 rp=239416
18:38:12.166 @T t=286198 s=0.000 lv=-40.3 pk=-38.6 c0=3.1 c1=5.1 kw=4.93 inf=1.52 iv=0.00 n=0 d=0 sk=3 hf=96148 hm=92132 ht=283156 pf=0 pm=0 pt=0 ru=235400 rp=239416
18:38:12.166 @I ww=marvin cut=0.50 win=5 cool=1000 tick=100 wifi=1 srv=1 li=0 ln=0
18:38:12.166 @T t=286290 s=0.000 lv=-40.4 pk=-39.4 c0=4.4 c1=5.9 kw=5.69 inf=1.52 iv=0.00 n=0 d=0 sk=3 hf=96148 hm=92132 ht=283156 pf=0 pm=0 pt=0 ru=235400 rp=239416
18:38:12.166 @T t=286396 s=0.000 lv=-41.5 pk=-41.2 c0=3.1 c1=5.1 kw=4.94 inf=1.52 iv=0.00 n=0 d=0 sk=3 hf=96148 hm=92132 ht=283156 pf=0 pm=0 pt=0 ru=235400 rp=239416
18:38:12.166 @T t=286502 s=0.000 lv=-39.9 pk=-38.4 c0=3.1 c1=5.9 kw=5.91 inf=1.37 iv=0.00 n=0 d=0 sk=4 hf=96148 hm=92132 ht=283156 pf=0 pm=0 pt=0 ru=235400 rp=239416
18:38:12.166 @T t=286588 s=0.000 lv=-40.9 pk=-40.6 c0=4.4 c1=5.2 kw=4.87 inf=1.82 iv=0.00 n=0 d=0 sk=2 hf=96148 hm=92132 ht=283156 pf=0 pm=0 pt=0 ru=235400 rp=239416
18:38:12.166 @T t=286694 s=0.000 lv=-40.2 pk=-39.6 c0=3.2 c1=5.1 kw=4.96 inf=1.53 iv=0.00 n=0 d=0 sk=3 hf=96148 hm=92132 ht=283156 pf=0 pm=0 pt=0 ru=235400 rp=239416
18:38:12.166 @T t=286800 s=0.000 lv=-40.5 pk=-38.7 c0=3.0 c1=5.0 kw=4.91 inf=1.51 iv=0.00 n=0 d=0 sk=3 hf=96148 hm=92132 ht=283156 pf=0 pm=0 pt=0 ru=235400 rp=239416
18:38:12.166 @T t=286886 s=0.000 lv=-40.8 pk=-39.2 c0=7.9 c1=6.3 kw=6.14 inf=1.53 iv=0.00 n=0 d=0 sk=3 hf=96148 hm=92132 ht=283156 pf=0 pm=0 pt=0 ru=235400 rp=239416
18:38:12.166 @T t=286992 s=0.000 lv=-40.5 pk=-39.2 c0=3.4 c1=5.1 kw=4.94 inf=1.52 iv=0.00 n=0 d=0 sk=3 hf=96148 hm=92132 ht=283156 pf=0 pm=0 pt=0 ru=235400 rp=239416
18:38:12.166 @T t=287098 s=0.000 lv=-40.5 pk=-38.9 c0=3.4 c1=5.1 kw=4.99 inf=1.54 iv=0.00 n=0 d=0 sk=3 hf=96148 hm=92132 ht=283156 pf=0 pm=0 pt=0 ru=235400 rp=239416
18:38:12.166 @T t=287204 s=0.000 lv=-40.2 pk=-38.3 c0=3.1 c1=6.1 kw=5.92 inf=1.37 iv=0.00 n=0 d=0 sk=4 hf=96148 hm=92132 ht=283156 pf=0 pm=0 pt=0 ru=235400 rp=239416
18:38:12.166 @I ww=marvin cut=0.50 win=5 cool=1000 tick=100 wifi=1 srv=1 li=0 ln=0
18:38:14.677 @T t=287296 s=0.000 lv=-39.6 pk=-38.8 c0=13.3 c1=4.7 kw=4.56 inf=1.83 iv=0.00 n=0 d=0 sk=2 hf=96148 hm=92132 ht=283156 pf=0 pm=0 pt=0 ru=235400 rp=239416
18:38:14.678 @T t=287402 s=0.000 lv=-39.8 pk=-38.0 c0=6.4 c1=6.0 kw=5.93 inf=1.37 iv=0.00 n=0 d=0 sk=4 hf=96148 hm=92132 ht=283156 pf=0 pm=0 pt=0 ru=235400 rp=239416
18:38:14.678 @T t=287488 s=0.000 lv=-39.3 pk=-38.1 c0=3.7 c1=5.2 kw=4.90 inf=1.84 iv=0.00 n=0 d=0 sk=2 hf=96148 hm=92132 ht=283156 pf=0 pm=0 pt=0 ru=235400 rp=239416
18:38:14.678 @T t=287594 s=0.000 lv=-39.1 pk=-37.9 c0=5.6 c1=5.6 kw=5.02 inf=1.54 iv=0.00 n=0 d=0 sk=3 hf=94384 hm=92132 ht=283156 pf=0 pm=0 pt=0 ru=237164 rp=239416
18:38:14.678 @T t=287700 s=0.000 lv=-39.0 pk=-37.6 c0=3.9 c1=6.8 kw=5.04 inf=1.55 iv=0.00 n=0 d=0 sk=3 hf=96148 hm=92132 ht=283156 pf=0 pm=0 pt=0 ru=235400 rp=239416
18:38:14.678 @T t=287786 s=0.000 lv=-41.0 pk=-39.9 c0=7.8 c1=6.2 kw=6.11 inf=1.52 iv=0.00 n=0 d=0 sk=3 hf=96148 hm=92132 ht=283156 pf=0 pm=0 pt=0 ru=235400 rp=239416
18:38:14.678 @T t=287892 s=0.000 lv=-40.3 pk=-38.3 c0=3.7 c1=5.1 kw=4.96 inf=1.53 iv=0.00 n=0 d=0 sk=3 hf=96148 hm=92132 ht=283156 pf=0 pm=0 pt=0 ru=235400 rp=239416
18:38:14.678 @T t=287998 s=0.000 lv=-39.7 pk=-38.2 c0=3.3 c1=5.1 kw=4.94 inf=1.52 iv=0.00 n=0 d=0 sk=3 hf=96148 hm=92132 ht=283156 pf=0 pm=0 pt=0 ru=235400 rp=239416
18:38:14.678 @T t=288104 s=0.000 lv=-40.9 pk=-38.9 c0=6.5 c1=6.1 kw=5.94 inf=1.37 iv=0.00 n=0 d=0 sk=4 hf=96148 hm=92132 ht=283156 pf=0 pm=0 pt=0 ru=235400 rp=239416
18:38:14.678 @T t=288190 s=0.000 lv=-40.5 pk=-38.9 c0=7.8 c1=5.1 kw=4.98 inf=1.86 iv=0.00 n=0 d=0 sk=2 hf=96148 hm=92132 ht=283156 pf=0 pm=0 pt=0 ru=235400 rp=239416
18:38:14.678 @I ww=marvin cut=0.50 win=5 cool=1000 tick=100 wifi=1 srv=1 li=0 ln=0
18:38:14.678 @T t=288302 s=0.000 lv=-40.8 pk=-40.1 c0=3.8 c1=5.6 kw=5.58 inf=1.36 iv=0.00 n=0 d=0 sk=4 hf=96148 hm=92132 ht=283156 pf=0 pm=0 pt=0 ru=235400 rp=239416
18:38:14.678 @T t=288388 s=0.000 lv=-40.3 pk=-38.7 c0=3.9 c1=5.2 kw=4.92 inf=1.84 iv=0.00 n=0 d=0 sk=2 hf=96148 hm=92132 ht=283156 pf=0 pm=0 pt=0 ru=235400 rp=239416
18:38:14.678 @T t=288494 s=0.000 lv=-41.3 pk=-40.0 c0=3.1 c1=5.1 kw=4.92 inf=1.52 iv=0.00 n=0 d=0 sk=3 hf=96148 hm=92132 ht=283156 pf=0 pm=0 pt=0 ru=235400 rp=239416
18:38:14.678 @T t=288600 s=0.000 lv=-40.7 pk=-39.4 c0=6.3 c1=5.1 kw=4.92 inf=1.52 iv=0.00 n=0 d=0 sk=3 hf=96148 hm=92132 ht=283156 pf=0 pm=0 pt=0 ru=235400 rp=239416
18:38:14.678 @T t=288705 s=0.000 lv=-38.9 pk=-37.8 c0=3.6 c1=6.3 kw=6.07 inf=1.39 iv=0.00 n=0 d=0 sk=4 hf=96148 hm=92132 ht=283156 pf=0 pm=0 pt=0 ru=235400 rp=239416
18:38:14.678 @T t=288791 s=0.000 lv=-40.3 pk=-38.9 c0=3.9 c1=5.0 kw=4.89 inf=1.83 iv=0.00 n=0 d=0 sk=2 hf=96148 hm=92132 ht=283156 pf=0 pm=0 pt=0 ru=235400 rp=239416
18:38:14.678 @T t=288897 s=0.000 lv=-41.2 pk=-40.0 c0=3.2 c1=5.1 kw=4.91 inf=1.51 iv=0.00 n=0 d=0 sk=3 hf=96148 hm=92132 ht=283156 pf=0 pm=0 pt=0 ru=235400 rp=239416
18:38:14.678 @T t=289003 s=0.000 lv=-39.9 pk=-38.4 c0=3.1 c1=6.1 kw=5.90 inf=1.36 iv=0.00 n=0 d=0 sk=4 hf=96148 hm=92132 ht=283156 pf=0 pm=0 pt=0 ru=235400 rp=239416
18:38:14.678 @T t=289089 s=0.000 lv=-40.3 pk=-39.3 c0=7.9 c1=5.1 kw=4.91 inf=1.84 iv=0.00 n=0 d=0 sk=2 hf=96148 hm=92132 ht=283156 pf=0 pm=0 pt=0 ru=235400 rp=239416
18:38:14.678 @T t=289195 s=0.000 lv=-40.3 pk=-39.5 c0=3.1 c1=5.1 kw=4.93 inf=1.52 iv=0.00 n=0 d=0 sk=3 hf=96148 hm=92132 ht=283156 pf=0 pm=0 pt=0 ru=235400 rp=239416
18:38:14.678 @I ww=marvin cut=0.50 win=5 cool=1000 tick=100 wifi=1 srv=1 li=0 ln=0
18:38:14.678 @T t=289287 s=0.000 lv=-40.9 pk=-40.1 c0=13.7 c1=6.0 kw=5.82 inf=1.56 iv=0.00 n=0 d=0 sk=3 hf=96148 hm=92132 ht=283156 pf=0 pm=0 pt=0 ru=235400 rp=239416
18:38:14.678 @T t=289393 s=0.000 lv=-40.8 pk=-39.1 c0=3.3 c1=5.1 kw=4.95 inf=1.52 iv=0.00 n=0 d=0 sk=3 hf=96148 hm=92132 ht=283156 pf=0 pm=0 pt=0 ru=235400 rp=239416
18:38:14.678 @T t=289499 s=0.000 lv=-40.8 pk=-39.9 c0=3.1 c1=5.0 kw=4.91 inf=1.51 iv=0.00 n=0 d=0 sk=3 hf=96148 hm=92132 ht=283156 pf=0 pm=0 pt=0 ru=235400 rp=239416
18:38:14.678 @T t=289605 s=0.000 lv=-41.5 pk=-40.1 c0=7.9 c1=6.1 kw=5.89 inf=1.36 iv=0.00 n=0 d=0 sk=4 hf=94196 hm=92132 ht=283156 pf=0 pm=0 pt=0 ru=237352 rp=239416
18:38:14.678 @T t=289694 s=0.000 lv=-39.3 pk=-37.1 c0=6.8 c1=6.0 kw=5.42 inf=2.13 iv=0.00 n=0 d=0 sk=2 hf=96148 hm=92132 ht=283156 pf=0 pm=0 pt=0 ru=235400 rp=239416
18:38:17.059 @T t=289800 s=0.000 lv=-40.2 pk=-38.9 c0=3.3 c1=5.1 kw=4.98 inf=1.53 iv=0.00 n=0 d=0 sk=3 hf=96148 hm=92132 ht=283156 pf=0 pm=0 pt=0 ru=235400 rp=239416
18:38:17.059 @T t=289886 s=0.000 lv=-40.9 pk=-40.0 c0=8.9 c1=6.4 kw=6.17 inf=1.54 iv=0.00 n=0 d=0 sk=3 hf=96148 hm=92132 ht=283156 pf=0 pm=0 pt=0 ru=235400 rp=239416
18:38:17.059 @T t=289992 s=0.000 lv=-37.7 pk=-35.7 c0=3.3 c1=5.1 kw=4.98 inf=1.53 iv=0.00 n=0 d=0 sk=3 hf=96148 hm=92132 ht=283156 pf=0 pm=0 pt=0 ru=235400 rp=239416
18:38:17.059 @T t=290098 s=0.000 lv=-39.4 pk=-38.1 c0=6.5 c1=5.1 kw=4.94 inf=1.52 iv=0.00 n=0 d=0 sk=3 hf=96148 hm=92132 ht=283156 pf=0 pm=0 pt=0 ru=235400 rp=239416
18:38:17.059 @T t=290204 s=0.000 lv=-40.5 pk=-38.7 c0=3.1 c1=6.1 kw=5.92 inf=1.37 iv=0.00 n=0 d=0 sk=4 hf=96148 hm=92132 ht=283156 pf=0 pm=0 pt=0 ru=235400 rp=239416
18:38:17.059 @I ww=marvin cut=0.50 win=5 cool=1000 tick=100 wifi=1 srv=1 li=0 ln=0
18:38:17.059 @T t=290296 s=0.000 lv=-39.4 pk=-38.1 c0=13.3 c1=4.7 kw=4.56 inf=1.83 iv=0.00 n=0 d=0 sk=2 hf=96148 hm=92132 ht=283156 pf=0 pm=0 pt=0 ru=235400 rp=239416
18:38:17.059 @T t=290402 s=0.000 lv=-39.5 pk=-38.0 c0=3.5 c1=6.0 kw=5.97 inf=1.38 iv=0.00 n=0 d=0 sk=4 hf=96148 hm=92132 ht=283156 pf=0 pm=0 pt=0 ru=235400 rp=239416
18:38:17.059 @T t=290488 s=0.000 lv=-39.9 pk=-38.6 c0=4.0 c1=5.2 kw=4.92 inf=1.84 iv=0.00 n=0 d=0 sk=2 hf=96148 hm=92132 ht=283156 pf=0 pm=0 pt=0 ru=235400 rp=239416
18:38:17.059 @T t=290594 s=0.000 lv=-36.1 pk=-34.7 c0=3.2 c1=16.5 kw=16.30 inf=1.38 iv=0.99 n=12 d=0 sk=0 hf=96148 hm=92132 ht=283156 pf=0 pm=0 pt=0 ru=235400 rp=239416
18:38:17.059 @T t=290700 s=0.000 lv=-39.6 pk=-39.1 c0=6.6 c1=8.9 kw=8.72 inf=2.84 iv=1.22 n=3 d=0 sk=0 hf=96148 hm=92132 ht=283156 pf=0 pm=0 pt=0 ru=235400 rp=239416
18:38:17.059 @T t=290789 s=0.000 lv=-41.0 pk=-40.0 c0=4.0 c1=11.7 kw=11.51 inf=2.38 iv=1.16 n=4 d=0 sk=0 hf=96148 hm=92132 ht=283156 pf=0 pm=0 pt=0 ru=235400 rp=239416
18:38:17.059 @T t=290895 s=0.000 lv=-40.2 pk=-38.9 c0=3.6 c1=8.9 kw=8.69 inf=2.84 iv=1.22 n=3 d=0 sk=0 hf=96148 hm=92132 ht=283156 pf=0 pm=0 pt=0 ru=235400 rp=239416
18:38:17.059 @T t=291001 s=0.000 lv=-39.2 pk=-37.8 c0=3.4 c1=8.7 kw=8.71 inf=2.80 iv=1.18 n=3 d=0 sk=0 hf=96148 hm=92132 ht=283156 pf=0 pm=0 pt=0 ru=235400 rp=239416
18:38:17.059 @T t=291090 s=0.001 lv=-39.8 pk=-38.0 c0=4.3 c1=12.5 kw=12.04 inf=2.54 iv=1.32 n=4 d=0 sk=0 hf=96148 hm=92132 ht=283156 pf=0 pm=0 pt=0 ru=235400 rp=239416
18:38:17.059 @T t=291196 s=0.001 lv=-40.1 pk=-39.1 c0=3.4 c1=8.8 kw=8.59 inf=2.80 iv=1.20 n=3 d=0 sk=0 hf=96148 hm=92132 ht=283156 pf=0 pm=0 pt=0 ru=235400 rp=239416
18:38:17.059 @I ww=marvin cut=0.50 win=5 cool=1000 tick=100 wifi=1 srv=1 li=0 ln=0
18:38:17.059 @T t=291288 s=0.000 lv=-40.9 pk=-40.1 c0=5.0 c1=10.3 kw=10.04 inf=2.84 iv=1.23 n=3 d=0 sk=0 hf=96148 hm=92132 ht=283156 pf=0 pm=0 pt=0 ru=235400 rp=239416
18:38:17.059 [status] up 291s | mic -40.0 dBFS (peak -34.7) | score max 0.00 | detections 0 | inferences 35 (3.5/s; model 1.14 ms each, paused in quiet 89%; features 1.48 ms per 30 ms) | CPU core0  5.3% core1  5.9% (wake word pipeline 5.70% of one core) | RAM used 229 KB (peak 233 KB, 93 KB free) | wifi OK, server OK | audio lost since boot: i2s 0 net 0
18:38:17.059 @T t=291416 s=0.000 lv=-40.6 pk=-39.2 c0=6.7 c1=9.4 kw=9.23 inf=2.73 iv=1.25 n=4 d=0 sk=0 hf=96148 hm=92132 ht=283156 pf=0 pm=0 pt=0 ru=235400 rp=239416
18:38:17.059 @T t=291503 s=0.000 lv=-40.4 pk=-39.7 c0=4.7 c1=12.0 kw=12.45 inf=2.53 iv=1.30 n=4 d=0 sk=0 hf=96148 hm=92132 ht=283156 pf=0 pm=0 pt=0 ru=235400 rp=239416
18:38:17.059 @T t=291589 s=0.000 lv=-40.5 pk=-39.7 c0=4.3 c1=9.0 kw=8.08 inf=3.19 iv=1.25 n=2 d=0 sk=0 hf=96148 hm=92132 ht=283156 pf=0 pm=0 pt=0 ru=235400 rp=239416
18:38:17.059 @T t=291695 s=0.000 lv=-40.0 pk=-39.3 c0=8.0 c1=10.9 kw=10.22 inf=2.52 iv=1.29 n=4 d=0 sk=0 hf=96148 hm=92132 ht=283156 pf=0 pm=0 pt=0 ru=235400 rp=239416
18:38:17.059 @T t=291801 s=0.000 lv=-39.6 pk=-38.3 c0=6.7 c1=8.6 kw=8.69 inf=2.79 iv=1.19 n=3 d=0 sk=0 hf=96148 hm=92132 ht=283156 pf=0 pm=0 pt=0 ru=235400 rp=239416
18:38:17.059 @T t=291889 s=0.000 lv=-39.2 pk=-38.8 c0=5.1 c1=11.3 kw=10.86 inf=3.00 iv=1.29 n=3 d=0 sk=0 hf=95952 hm=92132 ht=283156 pf=0 pm=0 pt=0 ru=235596 rp=239416
18:38:17.059 @T t=291995 s=0.000 lv=-40.1 pk=-38.9 c0=3.8 c1=9.5 kw=9.32 inf=2.30 iv=1.11 n=4 d=0 sk=0 hf=96148 hm=92132 ht=283156 pf=0 pm=0 pt=0 ru=235400 rp=239416
18:38:17.059 @T t=292101 s=0.000 lv=-41.5 pk=-39.0 c0=6.8 c1=8.7 kw=8.70 inf=2.79 iv=1.18 n=3 d=0 sk=0 hf=96148 hm=92132 ht=283156 pf=0 pm=0 pt=0 ru=235400 rp=239416
18:38:19.470 @T t=292189 s=0.000 lv=-41.7 pk=-41.2 c0=4.0 c1=8.5 kw=8.09 inf=2.19 iv=1.66 n=1 d=0 sk=2 hf=96148 hm=92132 ht=283156 pf=0 pm=0 pt=0 ru=235400 rp=239416
18:38:19.471 @I ww=marvin cut=0.50 win=5 cool=1000 tick=100 wifi=1 srv=1 li=0 ln=0
18:38:19.471 @T t=292301 s=0.000 lv=-41.0 pk=-40.4 c0=3.8 c1=4.7 kw=4.79 inf=1.52 iv=0.00 n=0 d=0 sk=3 hf=96148 hm=92132 ht=283156 pf=0 pm=0 pt=0 ru=235400 rp=239416
18:38:19.471 @T t=292387 s=0.000 lv=-40.0 pk=-39.1 c0=7.9 c1=6.6 kw=6.14 inf=1.58 iv=0.00 n=0 d=0 sk=3 hf=96148 hm=92132 ht=283156 pf=0 pm=0 pt=0 ru=235400 rp=239416
18:38:19.471 @T t=292493 s=0.000 lv=-40.4 pk=-39.3 c0=6.3 c1=5.1 kw=4.94 inf=1.52 iv=0.00 n=0 d=0 sk=3 hf=96148 hm=92132 ht=283156 pf=0 pm=0 pt=0 ru=235400 rp=239416
18:38:19.471 @T t=292599 s=0.000 lv=-39.3 pk=-37.8 c0=3.1 c1=5.1 kw=4.94 inf=1.52 iv=0.00 n=0 d=0 sk=3 hf=96148 hm=92132 ht=283156 pf=0 pm=0 pt=0 ru=235400 rp=239416
18:38:19.471 @T t=292705 s=0.000 lv=-40.0 pk=-37.7 c0=7.1 c1=6.2 kw=6.02 inf=1.39 iv=0.00 n=0 d=0 sk=4 hf=96148 hm=92132 ht=283156 pf=0 pm=0 pt=0 ru=235400 rp=239416
18:38:19.471 @T t=292791 s=0.000 lv=-39.8 pk=-38.3 c0=4.0 c1=5.0 kw=4.91 inf=1.84 iv=0.00 n=0 d=0 sk=2 hf=96148 hm=92132 ht=283156 pf=0 pm=0 pt=0 ru=235400 rp=239416
18:38:19.471 @T t=292897 s=0.000 lv=-40.6 pk=-39.3 c0=3.2 c1=5.1 kw=4.92 inf=1.52 iv=0.00 n=0 d=0 sk=3 hf=96148 hm=92132 ht=283156 pf=0 pm=0 pt=0 ru=235400 rp=239416
18:38:19.471 @T t=293003 s=0.000 lv=-40.5 pk=-39.0 c0=3.1 c1=6.1 kw=5.90 inf=1.36 iv=0.00 n=0 d=0 sk=4 hf=96148 hm=92132 ht=283156 pf=0 pm=0 pt=0 ru=235400 rp=239416
18:38:19.471 @T t=293089 s=0.000 lv=-40.9 pk=-40.4 c0=3.9 c1=5.0 kw=4.87 inf=1.82 iv=0.00 n=0 d=0 sk=2 hf=96148 hm=92132 ht=283156 pf=0 pm=0 pt=0 ru=235400 rp=239416
18:38:19.471 I (293499) wifi:[ADDBA]RX DELBA, reason:37, delete tid:0, initiator:1(originator)
18:38:19.471 @T t=293195 s=0.000 lv=-41.1 pk=-39.1 c0=5.0 c1=5.2 kw=5.00 inf=1.54 iv=0.00 n=0 d=0 sk=3 hf=96148 hm=92132 ht=283156 pf=0 pm=0 pt=0 ru=235400 rp=239416
18:38:19.471 @I ww=marvin cut=0.50 win=5 cool=1000 tick=100 wifi=1 srv=1 li=0 ln=0
18:38:19.471 @T t=293287 s=0.000 lv=-41.2 pk=-40.0 c0=4.7 c1=5.9 kw=5.73 inf=1.53 iv=0.00 n=0 d=0 sk=3 hf=96148 hm=92132 ht=283156 pf=0 pm=0 pt=0 ru=235400 rp=239416
18:38:19.471 @T t=293393 s=0.000 lv=-40.7 pk=-39.5 c0=3.1 c1=5.1 kw=4.94 inf=1.52 iv=0.00 n=0 d=0 sk=3 hf=96148 hm=92132 ht=283156 pf=0 pm=0 pt=0 ru=235400 rp=239416
18:38:19.471 @T t=293499 s=0.000 lv=-39.7 pk=-38.3 c0=3.0 c1=5.1 kw=4.93 inf=1.52 iv=0.00 n=0 d=0 sk=3 hf=96148 hm=92132 ht=283156 pf=0 pm=0 pt=0 ru=235400 rp=239416
18:38:19.471 @T t=293605 s=0.000 lv=-41.6 pk=-40.8 c0=6.3 c1=6.0 kw=5.90 inf=1.36 iv=0.00 n=0 d=0 sk=4 hf=96148 hm=92132 ht=283156 pf=0 pm=0 pt=0 ru=235400 rp=239416
18:38:19.471 @T t=293691 s=0.000 lv=-40.8 pk=-40.1 c0=3.7 c1=5.0 kw=4.87 inf=1.82 iv=0.00 n=0 d=0 sk=2 hf=96148 hm=92132 ht=283156 pf=0 pm=0 pt=0 ru=235400 rp=239416
18:38:19.471 @T t=293799 s=0.000 lv=-40.6 pk=-39.7 c0=10.7 c1=6.1 kw=5.07 inf=1.59 iv=0.00 n=0 d=0 sk=3 hf=96148 hm=92132 ht=283156 pf=0 pm=0 pt=0 ru=235400 rp=239416
18:38:19.471 @T t=293905 s=0.000 lv=-39.8 pk=-37.0 c0=7.4 c1=6.2 kw=6.04 inf=1.40 iv=0.00 n=0 d=0 sk=4 hf=96148 hm=92132 ht=283156 pf=0 pm=0 pt=0 ru=235400 rp=239416
18:38:19.471 @T t=293991 s=0.000 lv=-41.1 pk=-40.0 c0=4.0 c1=5.0 kw=4.87 inf=1.82 iv=0.00 n=0 d=0 sk=2 hf=96148 hm=92132 ht=283156 pf=0 pm=0 pt=0 ru=235400 rp=239416
18:38:19.471 @T t=294097 s=0.000 lv=-40.8 pk=-40.4 c0=3.2 c1=5.1 kw=4.93 inf=1.52 iv=0.00 n=0 d=0 sk=3 hf=96148 hm=92132 ht=283156 pf=0 pm=0 pt=0 ru=235400 rp=239416
18:38:19.471 @T t=294203 s=0.000 lv=-40.7 pk=-40.0 c0=3.1 c1=6.1 kw=5.90 inf=1.36 iv=0.00 n=0 d=0 sk=4 hf=96148 hm=92132 ht=283156 pf=0 pm=0 pt=0 ru=235400 rp=239416
18:38:19.471 @I ww=marvin cut=0.50 win=5 cool=1000 tick=100 wifi=1 srv=1 li=0 ln=0
18:38:19.471 @T t=294295 s=0.000 lv=-40.3 pk=-39.1 c0=13.3 c1=4.7 kw=4.56 inf=1.83 iv=0.00 n=0 d=0 sk=2 hf=96148 hm=92132 ht=283156 pf=0 pm=0 pt=0 ru=235400 rp=239416
18:38:19.471 @T t=294401 s=0.000 lv=-39.9 pk=-38.4 c0=3.2 c1=5.0 kw=5.07 inf=1.52 iv=0.00 n=0 d=0 sk=3 hf=96148 hm=92132 ht=283156 pf=0 pm=0 pt=0 ru=235400 rp=239416
18:38:19.471 @T t=294487 s=0.000 lv=-40.1 pk=-39.2 c0=3.7 c1=6.6 kw=6.14 inf=1.58 iv=0.00 n=0 d=0 sk=3 hf=96148 hm=92132 ht=283156 pf=0 pm=0 pt=0 ru=235400 rp=239416
18:38:22.077 @T t=294593 s=0.000 lv=-39.1 pk=-37.0 c0=6.3 c1=5.0 kw=4.91 inf=1.51 iv=0.00 n=0 d=0 sk=3 hf=96148 hm=92132 ht=283156 pf=0 pm=0 pt=0 ru=235400 rp=239416
18:38:22.077 @T t=294699 s=0.000 lv=-38.8 pk=-37.2 c0=3.0 c1=5.0 kw=4.90 inf=1.51 iv=0.00 n=0 d=0 sk=3 hf=96148 hm=92132 ht=283156 pf=0 pm=0 pt=0 ru=235400 rp=239416
18:38:22.077 @T t=294805 s=0.000 lv=-40.8 pk=-39.1 c0=3.6 c1=6.1 kw=5.94 inf=1.37 iv=0.00 n=0 d=0 sk=4 hf=96148 hm=92132 ht=283156 pf=0 pm=0 pt=0 ru=235400 rp=239416
18:38:22.077 @T t=294891 s=0.000 lv=-41.3 pk=-39.7 c0=4.5 c1=5.1 kw=4.97 inf=1.86 iv=0.00 n=0 d=0 sk=2 hf=96148 hm=92132 ht=283156 pf=0 pm=0 pt=0 ru=235400 rp=239416
18:38:22.077 @T t=294997 s=0.000 lv=-41.2 pk=-40.5 c0=3.3 c1=5.1 kw=4.95 inf=1.52 iv=0.00 n=0 d=0 sk=3 hf=96148 hm=92132 ht=283156 pf=0 pm=0 pt=0 ru=235400 rp=239416
18:38:22.077 @T t=295103 s=0.000 lv=-39.2 pk=-37.2 c0=3.2 c1=6.1 kw=5.93 inf=1.37 iv=0.00 n=0 d=0 sk=4 hf=96148 hm=92132 ht=283156 pf=0 pm=0 pt=0 ru=235400 rp=239416
18:38:22.077 @T t=295189 s=0.000 lv=-38.0 pk=-35.2 c0=3.8 c1=13.1 kw=3.86 inf=0.31 iv=0.00 n=7 d=0 sk=2 hf=96148 hm=92132 ht=283156 pf=0 pm=0 pt=0 ru=235400 rp=239416
18:38:22.077 @I ww=marvin cut=0.50 win=5 cool=1000 tick=100 wifi=1 srv=1 li=0 ln=0
18:38:22.077 @T t=295300 s=0.000 lv=-41.4 pk=-40.4 c0=10.9 c1=11.5 kw=18.32 inf=3.27 iv=2.30 n=6 d=0 sk=0 hf=96148 hm=92132 ht=283156 pf=0 pm=0 pt=0 ru=235400 rp=239416
18:38:22.077 @T t=295386 s=0.000 lv=-39.9 pk=-38.9 c0=4.4 c1=12.0 kw=11.81 inf=2.36 iv=1.14 n=4 d=0 sk=0 hf=96148 hm=92132 ht=283156 pf=0 pm=0 pt=0 ru=235400 rp=239416
18:38:22.077 @T t=295492 s=0.000 lv=-41.4 pk=-41.0 c0=3.4 c1=8.6 kw=8.38 inf=2.73 iv=1.15 n=3 d=0 sk=0 hf=96148 hm=92132 ht=283156 pf=0 pm=0 pt=0 ru=235400 rp=239416
18:38:22.077 @T t=295598 s=0.000 lv=-39.9 pk=-38.5 c0=6.7 c1=8.7 kw=8.52 inf=2.78 iv=1.17 n=3 d=0 sk=0 hf=96148 hm=92132 ht=283156 pf=0 pm=0 pt=0 ru=235400 rp=239416
18:38:22.077 @T t=295704 s=0.000 lv=-40.2 pk=-39.3 c0=3.5 c1=11.0 kw=10.75 inf=2.63 iv=1.18 n=4 d=0 sk=0 hf=96148 hm=92132 ht=283156 pf=0 pm=0 pt=0 ru=235400 rp=239416
18:38:22.077 @T t=295790 s=0.000 lv=-40.8 pk=-39.2 c0=8.1 c1=10.6 kw=10.27 inf=2.75 iv=1.41 n=3 d=0 sk=0 hf=94588 hm=92132 ht=283156 pf=0 pm=0 pt=0 ru=236960 rp=239416
18:38:22.077 @T t=295896 s=0.000 lv=-40.6 pk=-38.9 c0=6.5 c1=9.7 kw=9.14 inf=2.99 iv=1.33 n=3 d=0 sk=0 hf=96148 hm=92132 ht=283156 pf=0 pm=0 pt=0 ru=235400 rp=239416
18:38:22.077 @T t=296003 s=0.000 lv=-41.3 pk=-40.6 c0=7.1 c1=10.9 kw=10.65 inf=2.63 iv=1.18 n=4 d=0 sk=0 hf=96148 hm=92132 ht=283156 pf=0 pm=0 pt=0 ru=235400 rp=239416
18:38:22.077 @T t=296089 s=0.000 lv=-41.1 pk=-39.8 c0=4.4 c1=9.5 kw=9.31 inf=2.48 iv=1.19 n=3 d=0 sk=0 hf=96148 hm=92132 ht=283156 pf=0 pm=0 pt=0 ru=235400 rp=239416
18:38:22.077 @T t=296195 s=0.000 lv=-40.9 pk=-38.7 c0=3.4 c1=8.7 kw=8.53 inf=2.78 iv=1.18 n=3 d=0 sk=0 hf=96148 hm=92132 ht=283156 pf=0 pm=0 pt=0 ru=235400 rp=239416
18:38:22.077 @I ww=marvin cut=0.50 win=5 cool=1000 tick=100 wifi=1 srv=1 li=0 ln=0
18:38:22.078 @T t=296287 s=0.000 lv=-39.5 pk=-38.9 c0=13.6 c1=11.5 kw=11.30 inf=2.42 iv=1.20 n=4 d=0 sk=0 hf=96148 hm=92132 ht=283156 pf=0 pm=0 pt=0 ru=235400 rp=239416
18:38:22.078 @T t=296394 s=0.000 lv=-39.8 pk=-38.5 c0=3.5 c1=8.5 kw=8.32 inf=2.74 iv=1.14 n=3 d=0 sk=0 hf=96148 hm=92132 ht=283156 pf=0 pm=0 pt=0 ru=235400 rp=239416
18:38:22.078 @T t=296500 s=0.000 lv=-40.5 pk=-39.5 c0=3.4 c1=8.5 kw=8.31 inf=2.70 iv=1.13 n=3 d=0 sk=0 hf=96148 hm=92132 ht=283156 pf=0 pm=0 pt=0 ru=235400 rp=239416
18:38:22.078 @T t=296586 s=0.000 lv=-40.8 pk=-39.9 c0=7.4 c1=12.2 kw=11.97 inf=2.39 iv=1.16 n=4 d=0 sk=0 hf=96148 hm=92132 ht=283156 pf=0 pm=0 pt=0 ru=235400 rp=239416
18:38:22.078 @T t=296692 s=0.000 lv=-39.5 pk=-37.8 c0=3.4 c1=8.6 kw=8.45 inf=2.75 iv=1.16 n=3 d=0 sk=0 hf=96148 hm=92132 ht=283156 pf=0 pm=0 pt=0 ru=235400 rp=239416
18:38:22.078 @T t=296798 s=0.000 lv=-39.7 pk=-39.1 c0=7.1 c1=8.6 kw=8.48 inf=2.76 iv=1.17 n=3 d=0 sk=0 hf=96148 hm=92132 ht=283156 pf=0 pm=0 pt=0 ru=235400 rp=239416
18:38:22.078 @T t=296904 s=0.000 lv=-40.0 pk=-38.4 c0=3.5 c1=6.1 kw=5.98 inf=1.38 iv=0.00 n=0 d=0 sk=4 hf=96148 hm=92132 ht=283156 pf=0 pm=0 pt=0 ru=235400 rp=239416
18:38:22.078 @T t=296990 s=0.000 lv=-39.5 pk=-38.9 c0=3.8 c1=5.0 kw=4.88 inf=1.83 iv=0.00 n=0 d=0 sk=2 hf=96148 hm=92132 ht=283156 pf=0 pm=0 pt=0 ru=235400 rp=239416
18:38:22.078 @T t=297096 s=0.000 lv=-40.2 pk=-38.5 c0=3.2 c1=5.1 kw=4.91 inf=1.51 iv=0.00 n=0 d=0 sk=3 hf=96148 hm=92132 ht=283156 pf=0 pm=0 pt=0 ru=235400 rp=239416
18:38:24.567 @T t=297202 s=0.000 lv=-40.1 pk=-38.9 c0=3.5 c1=6.0 kw=5.95 inf=1.37 iv=0.00 n=0 d=0 sk=4 hf=96148 hm=92132 ht=283156 pf=0 pm=0 pt=0 ru=235400 rp=239416
18:38:24.567 @I ww=marvin cut=0.50 win=5 cool=1000 tick=100 wifi=1 srv=1 li=0 ln=0
18:38:24.567 @T t=297294 s=0.000 lv=-40.5 pk=-39.6 c0=4.7 c1=4.9 kw=4.62 inf=1.85 iv=0.00 n=0 d=0 sk=2 hf=96148 hm=92132 ht=283156 pf=0 pm=0 pt=0 ru=235400 rp=239416
18:38:24.567 @T t=297400 s=0.000 lv=-40.0 pk=-38.5 c0=3.2 c1=5.1 kw=4.94 inf=1.52 iv=0.00 n=0 d=0 sk=3 hf=96148 hm=92132 ht=283156 pf=0 pm=0 pt=0 ru=235400 rp=239416
18:38:24.567 @T t=297505 s=0.000 lv=-40.5 pk=-39.3 c0=5.8 c1=6.2 kw=6.00 inf=1.37 iv=0.00 n=0 d=0 sk=4 hf=96148 hm=92132 ht=283156 pf=0 pm=0 pt=0 ru=235400 rp=239416
18:38:24.567 @T t=297591 s=0.000 lv=-39.0 pk=-38.4 c0=3.7 c1=5.0 kw=4.86 inf=1.82 iv=0.00 n=0 d=0 sk=2 hf=96148 hm=92132 ht=283156 pf=0 pm=0 pt=0 ru=235400 rp=239416
18:38:24.567 @T t=297697 s=0.000 lv=-39.4 pk=-38.0 c0=3.0 c1=5.1 kw=4.94 inf=1.52 iv=0.00 n=0 d=0 sk=3 hf=96148 hm=92132 ht=283156 pf=0 pm=0 pt=0 ru=235400 rp=239416
18:38:24.567 @T t=297803 s=0.000 lv=-39.7 pk=-38.5 c0=5.0 c1=6.6 kw=6.00 inf=1.38 iv=0.00 n=0 d=0 sk=4 hf=94196 hm=92132 ht=283156 pf=0 pm=0 pt=0 ru=237352 rp=239416
18:38:24.567 @T t=297892 s=0.000 lv=-41.1 pk=-39.8 c0=6.7 c1=5.5 kw=4.92 inf=1.90 iv=0.00 n=0 d=0 sk=2 hf=96148 hm=92132 ht=283156 pf=0 pm=0 pt=0 ru=235400 rp=239416
18:38:24.567 @T t=297998 s=0.000 lv=-40.4 pk=-39.6 c0=3.7 c1=5.1 kw=5.00 inf=1.54 iv=0.00 n=0 d=0 sk=3 hf=96148 hm=92132 ht=283156 pf=0 pm=0 pt=0 ru=235400 rp=239416
18:38:24.567 @T t=298104 s=0.000 lv=-38.7 pk=-36.2 c0=3.8 c1=6.1 kw=5.96 inf=1.38 iv=0.00 n=0 d=0 sk=4 hf=95952 hm=92132 ht=283156 pf=0 pm=0 pt=0 ru=235596 rp=239416
18:38:24.567 @T t=298190 s=0.000 lv=-40.4 pk=-37.4 c0=5.1 c1=5.1 kw=4.95 inf=1.86 iv=0.00 n=0 d=0 sk=2 hf=96148 hm=92132 ht=283156 pf=0 pm=0 pt=0 ru=235400 rp=239416
18:38:24.567 @I ww=marvin cut=0.50 win=5 cool=1000 tick=100 wifi=1 srv=1 li=0 ln=0
18:38:24.567 @T t=298302 s=0.000 lv=-39.9 pk=-38.7 c0=3.7 c1=5.6 kw=5.60 inf=1.37 iv=0.00 n=0 d=0 sk=4 hf=96148 hm=92132 ht=283156 pf=0 pm=0 pt=0 ru=235400 rp=239416
18:38:24.567 @T t=298388 s=0.000 lv=-40.2 pk=-38.6 c0=3.9 c1=5.2 kw=4.89 inf=1.83 iv=0.00 n=0 d=0 sk=2 hf=96148 hm=92132 ht=283156 pf=0 pm=0 pt=0 ru=235400 rp=239416
18:38:24.567 @T t=298494 s=0.000 lv=-40.7 pk=-39.1 c0=6.3 c1=5.1 kw=4.94 inf=1.52 iv=0.00 n=0 d=0 sk=3 hf=96148 hm=92132 ht=283156 pf=0 pm=0 pt=0 ru=235400 rp=239416
18:38:24.567 @T t=298600 s=0.000 lv=-40.4 pk=-39.5 c0=6.3 c1=5.1 kw=4.94 inf=1.52 iv=0.00 n=0 d=0 sk=3 hf=96148 hm=92132 ht=283156 pf=0 pm=0 pt=0 ru=235400 rp=239416
18:38:24.567 @T t=298686 s=0.000 lv=-39.2 pk=-37.5 c0=3.7 c1=6.3 kw=6.09 inf=1.52 iv=0.00 n=0 d=0 sk=3 hf=96148 hm=92132 ht=283156 pf=0 pm=0 pt=0 ru=235400 rp=239416
18:38:24.567 @T t=298792 s=0.000 lv=-40.1 pk=-39.5 c0=3.0 c1=5.1 kw=4.93 inf=1.52 iv=0.00 n=0 d=0 sk=3 hf=96148 hm=92132 ht=283156 pf=0 pm=0 pt=0 ru=235400 rp=239416
18:38:24.567 @T t=298898 s=0.000 lv=-40.5 pk=-38.8 c0=3.7 c1=5.1 kw=4.98 inf=1.54 iv=0.00 n=0 d=0 sk=3 hf=96148 hm=92132 ht=283156 pf=0 pm=0 pt=0 ru=235400 rp=239416
18:38:24.567 @T t=299004 s=0.000 lv=-40.6 pk=-39.2 c0=3.2 c1=6.0 kw=5.90 inf=1.36 iv=0.00 n=0 d=0 sk=4 hf=96148 hm=92132 ht=283156 pf=0 pm=0 pt=0 ru=235400 rp=239416
18:38:24.567 @T t=299090 s=0.000 lv=-39.0 pk=-37.7 c0=4.4 c1=5.2 kw=4.97 inf=1.86 iv=0.00 n=0 d=0 sk=2 hf=96148 hm=92132 ht=283156 pf=0 pm=0 pt=0 ru=235400 rp=239416
18:38:24.567 @T t=299196 s=0.000 lv=-40.6 pk=-39.9 c0=3.3 c1=5.1 kw=4.96 inf=1.52 iv=0.00 n=0 d=0 sk=3 hf=96148 hm=92132 ht=283156 pf=0 pm=0 pt=0 ru=235400 rp=239416
18:38:24.568 @I ww=marvin cut=0.50 win=5 cool=1000 tick=100 wifi=1 srv=1 li=0 ln=0
18:38:24.568 @T t=299288 s=0.000 lv=-40.7 pk=-39.4 c0=13.4 c1=5.9 kw=5.70 inf=1.52 iv=0.00 n=0 d=0 sk=3 hf=96148 hm=92132 ht=283156 pf=0 pm=0 pt=0 ru=235400 rp=239416
18:38:24.568 @T t=299394 s=0.000 lv=-40.6 pk=-40.0 c0=3.1 c1=5.1 kw=4.93 inf=1.52 iv=0.00 n=0 d=0 sk=3 hf=96148 hm=92132 ht=283156 pf=0 pm=0 pt=0 ru=235400 rp=239416
18:38:24.568 @T t=299500 s=0.000 lv=-40.3 pk=-39.8 c0=3.1 c1=5.1 kw=4.94 inf=1.52 iv=0.00 n=0 d=0 sk=3 hf=96148 hm=92132 ht=283156 pf=0 pm=0 pt=0 ru=235400 rp=239416
18:38:24.568 @T t=299586 s=0.000 lv=-39.7 pk=-38.9 c0=7.7 c1=6.3 kw=6.11 inf=1.52 iv=0.00 n=0 d=0 sk=3 hf=96148 hm=92132 ht=283156 pf=0 pm=0 pt=0 ru=235400 rp=239416
18:38:26.965 @T t=299692 s=0.000 lv=-39.8 pk=-38.6 c0=3.0 c1=5.0 kw=4.91 inf=1.51 iv=0.00 n=0 d=0 sk=3 hf=96148 hm=92132 ht=283156 pf=0 pm=0 pt=0 ru=235400 rp=239416
18:38:26.965 @T t=299798 s=0.000 lv=-39.2 pk=-37.7 c0=6.3 c1=5.1 kw=4.93 inf=1.52 iv=0.00 n=0 d=0 sk=3 hf=96148 hm=92132 ht=283156 pf=0 pm=0 pt=0 ru=235400 rp=239416
18:38:26.965 @T t=299904 s=0.000 lv=-40.2 pk=-39.1 c0=7.2 c1=7.2 kw=6.21 inf=1.43 iv=0.00 n=0 d=0 sk=4 hf=96148 hm=92132 ht=283156 pf=0 pm=0 pt=0 ru=235400 rp=239416
18:38:26.965 @T t=299990 s=0.000 lv=-39.8 pk=-37.9 c0=4.1 c1=5.0 kw=4.89 inf=1.83 iv=0.00 n=0 d=0 sk=2 hf=96148 hm=92132 ht=283156 pf=0 pm=0 pt=0 ru=235400 rp=239416
18:38:26.965 @T t=300096 s=0.000 lv=-40.5 pk=-38.9 c0=7.0 c1=5.2 kw=4.98 inf=1.53 iv=0.00 n=0 d=0 sk=3 hf=96148 hm=92132 ht=283156 pf=0 pm=0 pt=0 ru=235400 rp=239416
18:38:26.965 @T t=300202 s=0.000 lv=-39.6 pk=-39.2 c0=3.6 c1=6.0 kw=5.99 inf=1.39 iv=0.00 n=0 d=0 sk=4 hf=96148 hm=92132 ht=283156 pf=0 pm=0 pt=0 ru=235400 rp=239416
18:38:26.965 @I ww=marvin cut=0.50 win=5 cool=1000 tick=100 wifi=1 srv=1 li=0 ln=0
18:38:26.965 @T t=300294 s=0.000 lv=-40.6 pk=-39.9 c0=4.6 c1=4.9 kw=4.58 inf=1.83 iv=0.00 n=0 d=0 sk=2 hf=96148 hm=92132 ht=283156 pf=0 pm=0 pt=0 ru=235400 rp=239416
18:38:26.965 @T t=300400 s=0.000 lv=-40.8 pk=-38.8 c0=3.2 c1=5.1 kw=4.96 inf=1.53 iv=0.00 n=0 d=0 sk=3 hf=96148 hm=92132 ht=283156 pf=0 pm=0 pt=0 ru=235400 rp=239416
18:38:26.965 @T t=300486 s=0.000 lv=-40.4 pk=-39.4 c0=7.7 c1=6.2 kw=6.11 inf=1.52 iv=0.00 n=0 d=0 sk=3 hf=96148 hm=92132 ht=283156 pf=0 pm=0 pt=0 ru=235400 rp=239416
18:38:26.965 @T t=300592 s=0.000 lv=-40.0 pk=-38.3 c0=3.0 c1=5.1 kw=4.92 inf=1.51 iv=0.00 n=0 d=0 sk=3 hf=96148 hm=92132 ht=283156 pf=0 pm=0 pt=0 ru=235400 rp=239416
18:38:26.965 @T t=300698 s=0.000 lv=-40.6 pk=-39.6 c0=3.1 c1=5.1 kw=4.94 inf=1.52 iv=0.00 n=0 d=0 sk=3 hf=96148 hm=92132 ht=283156 pf=0 pm=0 pt=0 ru=235400 rp=239416
18:38:26.965 @T t=300804 s=0.000 lv=-40.4 pk=-39.2 c0=3.0 c1=6.1 kw=5.90 inf=1.36 iv=0.00 n=0 d=0 sk=4 hf=96148 hm=92132 ht=283156 pf=0 pm=0 pt=0 ru=235400 rp=239416
18:38:26.965 @T t=300890 s=0.000 lv=-40.3 pk=-39.2 c0=8.5 c1=5.1 kw=4.91 inf=1.84 iv=0.00 n=0 d=0 sk=2 hf=96148 hm=92132 ht=283156 pf=0 pm=0 pt=0 ru=235400 rp=239416
18:38:26.965 @T t=300996 s=0.000 lv=-41.2 pk=-40.5 c0=3.2 c1=5.1 kw=4.95 inf=1.52 iv=0.00 n=0 d=0 sk=3 hf=96148 hm=92132 ht=283156 pf=0 pm=0 pt=0 ru=235400 rp=239416
18:38:26.965 @T t=301102 s=0.000 lv=-39.6 pk=-38.6 c0=7.0 c1=6.0 kw=5.97 inf=1.38 iv=0.00 n=0 d=0 sk=4 hf=96148 hm=92132 ht=283156 pf=0 pm=0 pt=0 ru=235400 rp=239416
18:38:26.965 @T t=301188 s=0.000 lv=-41.1 pk=-40.1 c0=4.0 c1=5.2 kw=4.90 inf=1.83 iv=0.00 n=0 d=0 sk=2 hf=96148 hm=92132 ht=283156 pf=0 pm=0 pt=0 ru=235400 rp=239416
18:38:26.965 @I ww=marvin cut=0.50 win=5 cool=1000 tick=100 wifi=1 srv=1 li=0 ln=0
18:38:26.965 @T t=301300 s=0.000 lv=-40.1 pk=-39.0 c0=11.0 c1=4.8 kw=4.67 inf=1.52 iv=0.00 n=0 d=0 sk=3 hf=96148 hm=92132 ht=283156 pf=0 pm=0 pt=0 ru=235400 rp=239416
18:38:26.965 @T t=301386 s=0.000 lv=-41.8 pk=-39.7 c0=8.3 c1=6.4 kw=6.19 inf=1.54 iv=0.00 n=0 d=0 sk=3 hf=96148 hm=92132 ht=283156 pf=0 pm=0 pt=0 ru=235400 rp=239416
18:38:26.965 [status] up 301s | mic -40.2 dBFS (peak -35.2) | score max 0.00 | detections 0 | inferences 91 (9.0/s; model 1.19 ms each, paused in quiet 72%; features 1.46 ms per 30 ms) | CPU core0  5.1% core1  6.6% (wake word pipeline 6.41% of one core) | RAM used 229 KB (peak 233 KB, 93 KB free) | wifi OK, server OK | audio lost since boot: i2s 0 net 0
18:38:26.966 @T t=301500 s=0.000 lv=-40.5 pk=-39.3 c0=6.5 c1=4.7 kw=4.61 inf=1.52 iv=0.00 n=0 d=0 sk=3 hf=96148 hm=92132 ht=283156 pf=0 pm=0 pt=0 ru=235400 rp=239416
18:38:26.966 @T t=301586 s=0.000 lv=-40.1 pk=-39.0 c0=3.9 c1=6.3 kw=6.14 inf=1.53 iv=0.00 n=0 d=0 sk=3 hf=96148 hm=92132 ht=283156 pf=0 pm=0 pt=0 ru=235400 rp=239416
18:38:26.966 @T t=301692 s=0.000 lv=-41.0 pk=-40.8 c0=6.3 c1=5.1 kw=4.93 inf=1.52 iv=0.00 n=0 d=0 sk=3 hf=96148 hm=92132 ht=283156 pf=0 pm=0 pt=0 ru=235400 rp=239416
18:38:26.966 @T t=301798 s=0.000 lv=-39.6 pk=-37.4 c0=6.3 c1=5.0 kw=4.91 inf=1.51 iv=0.00 n=0 d=0 sk=3 hf=96148 hm=92132 ht=283156 pf=0 pm=0 pt=0 ru=235400 rp=239416
18:38:26.966 @T t=301904 s=0.000 lv=-39.1 pk=-36.8 c0=8.8 c1=6.7 kw=6.04 inf=1.39 iv=0.00 n=0 d=0 sk=4 hf=94384 hm=92132 ht=283156 pf=0 pm=0 pt=0 ru=237164 rp=239416
18:38:26.966 @T t=301989 s=0.000 lv=-39.0 pk=-36.9 c0=6.4 c1=5.7 kw=5.10 inf=1.88 iv=0.00 n=0 d=0 sk=2 hf=96148 hm=92132 ht=283156 pf=0 pm=0 pt=0 ru=235400 rp=239416
18:38:29.472 @T t=302095 s=0.000 lv=-39.9 pk=-38.0 c0=4.1 c1=5.1 kw=4.98 inf=1.53 iv=0.00 n=0 d=0 sk=3 hf=95952 hm=92132 ht=283156 pf=0 pm=0 pt=0 ru=235596 rp=239416
18:38:29.472 @T t=302201 s=0.000 lv=-38.8 pk=-37.8 c0=3.6 c1=5.0 kw=5.13 inf=1.54 iv=0.00 n=0 d=0 sk=3 hf=96148 hm=92132 ht=283156 pf=0 pm=0 pt=0 ru=235400 rp=239416
18:38:29.472 @I ww=marvin cut=0.50 win=5 cool=1000 tick=100 wifi=1 srv=1 li=0 ln=0
18:38:29.472 @T t=302293 s=0.000 lv=-38.0 pk=-35.7 c0=4.5 c1=6.2 kw=5.78 inf=1.59 iv=0.00 n=0 d=0 sk=3 hf=96148 hm=92132 ht=283156 pf=0 pm=0 pt=0 ru=235400 rp=239416
18:38:29.472 @T t=302399 s=0.000 lv=-38.2 pk=-36.6 c0=6.4 c1=5.1 kw=4.94 inf=1.52 iv=0.00 n=0 d=0 sk=3 hf=96148 hm=92132 ht=283156 pf=0 pm=0 pt=0 ru=235400 rp=239416
18:38:29.472 @T t=302505 s=0.000 lv=-38.6 pk=-37.4 c0=3.5 c1=6.2 kw=5.98 inf=1.38 iv=0.00 n=0 d=0 sk=4 hf=96148 hm=92132 ht=283156 pf=0 pm=0 pt=0 ru=235400 rp=239416
18:38:29.472 @T t=302591 s=0.000 lv=-41.1 pk=-39.9 c0=4.1 c1=5.1 kw=4.95 inf=1.86 iv=0.00 n=0 d=0 sk=2 hf=96148 hm=92132 ht=283156 pf=0 pm=0 pt=0 ru=235400 rp=239416
18:38:29.472 @T t=302697 s=0.000 lv=-39.8 pk=-37.7 c0=6.3 c1=5.1 kw=4.96 inf=1.53 iv=0.00 n=0 d=0 sk=3 hf=96148 hm=92132 ht=283156 pf=0 pm=0 pt=0 ru=235400 rp=239416
18:38:29.472 @T t=302803 s=0.000 lv=-39.9 pk=-38.7 c0=3.0 c1=6.1 kw=5.91 inf=1.37 iv=0.00 n=0 d=0 sk=4 hf=96148 hm=92132 ht=283156 pf=0 pm=0 pt=0 ru=235400 rp=239416
18:38:29.473 @T t=302889 s=0.000 lv=-40.7 pk=-39.9 c0=3.9 c1=5.1 kw=4.90 inf=1.84 iv=0.00 n=0 d=0 sk=2 hf=96148 hm=92132 ht=283156 pf=0 pm=0 pt=0 ru=235400 rp=239416
18:38:29.473 @T t=302995 s=0.000 lv=-41.4 pk=-40.5 c0=3.6 c1=5.1 kw=4.96 inf=1.53 iv=0.00 n=0 d=0 sk=3 hf=96148 hm=92132 ht=283156 pf=0 pm=0 pt=0 ru=235400 rp=239416
18:38:29.473 @T t=303101 s=0.000 lv=-40.5 pk=-39.8 c0=3.3 c1=5.0 kw=5.10 inf=1.53 iv=0.00 n=0 d=0 sk=3 hf=96148 hm=92132 ht=283156 pf=0 pm=0 pt=0 ru=235400 rp=239416
18:38:29.473 @T t=303187 s=0.000 lv=-40.1 pk=-38.7 c0=3.8 c1=6.5 kw=6.12 inf=1.57 iv=0.00 n=0 d=0 sk=3 hf=96148 hm=92132 ht=283156 pf=0 pm=0 pt=0 ru=235400 rp=239416
18:38:29.473 @I ww=marvin cut=0.50 win=5 cool=1000 tick=100 wifi=1 srv=1 li=0 ln=0
18:38:29.473 @T t=303299 s=0.000 lv=-39.4 pk=-38.1 c0=11.0 c1=4.8 kw=4.68 inf=1.52 iv=0.00 n=0 d=0 sk=3 hf=96148 hm=92132 ht=283156 pf=0 pm=0 pt=0 ru=235400 rp=239416
18:38:29.473 @T t=303405 s=0.000 lv=-40.6 pk=-39.3 c0=6.3 c1=6.1 kw=5.92 inf=1.37 iv=0.00 n=0 d=0 sk=4 hf=96148 hm=92132 ht=283156 pf=0 pm=0 pt=0 ru=235400 rp=239416
18:38:29.473 @T t=303491 s=0.000 lv=-39.9 pk=-38.3 c0=3.7 c1=5.0 kw=4.85 inf=1.82 iv=0.00 n=0 d=0 sk=2 hf=96148 hm=92132 ht=283156 pf=0 pm=0 pt=0 ru=235400 rp=239416
18:38:29.473 @T t=303597 s=0.000 lv=-40.3 pk=-38.7 c0=6.7 c1=5.1 kw=4.97 inf=1.53 iv=0.00 n=0 d=0 sk=3 hf=96148 hm=92132 ht=283156 pf=0 pm=0 pt=0 ru=235400 rp=239416
18:38:29.473 @T t=303703 s=0.000 lv=-39.3 pk=-38.7 c0=3.3 c1=6.1 kw=5.96 inf=1.38 iv=0.00 n=0 d=0 sk=4 hf=96148 hm=92132 ht=283156 pf=0 pm=0 pt=0 ru=235400 rp=239416
18:38:29.473 @T t=303789 s=0.000 lv=-40.9 pk=-40.6 c0=3.7 c1=5.0 kw=4.87 inf=1.82 iv=0.00 n=0 d=0 sk=2 hf=96148 hm=92132 ht=283156 pf=0 pm=0 pt=0 ru=235400 rp=239416
18:38:29.473 @T t=303895 s=0.000 lv=-40.0 pk=-39.2 c0=3.2 c1=5.1 kw=4.94 inf=1.52 iv=0.00 n=0 d=0 sk=3 hf=96148 hm=92132 ht=283156 pf=0 pm=0 pt=0 ru=235400 rp=239416
18:38:29.473 @T t=304001 s=0.000 lv=-39.9 pk=-38.4 c0=5.7 c1=5.2 kw=5.20 inf=1.56 iv=0.00 n=0 d=0 sk=3 hf=94564 hm=92132 ht=283156 pf=0 pm=0 pt=0 ru=236984 rp=239416
18:38:29.473 @T t=304087 s=0.000 lv=-39.8 pk=-38.0 c0=4.3 c1=6.7 kw=6.28 inf=1.62 iv=0.00 n=0 d=0 sk=3 hf=94564 hm=92132 ht=283156 pf=0 pm=0 pt=0 ru=236984 rp=239416
18:38:29.473 @T t=304193 s=0.000 lv=-40.4 pk=-38.5 c0=3.1 c1=5.0 kw=4.91 inf=1.51 iv=0.00 n=0 d=0 sk=3 hf=94564 hm=92132 ht=283156 pf=0 pm=0 pt=0 ru=236984 rp=239416
18:38:29.473 @I ww=marvin cut=0.50 win=5 cool=1000 tick=100 wifi=1 srv=1 li=0 ln=0
18:38:29.473 @T t=304305 s=0.000 lv=-41.2 pk=-40.3 c0=11.0 c1=5.7 kw=5.59 inf=1.36 iv=0.00 n=0 d=0 sk=4 hf=94564 hm=92132 ht=283156 pf=0 pm=0 pt=0 ru=236984 rp=239416
18:38:29.473 @T t=304391 s=0.000 lv=-41.0 pk=-39.8 c0=3.8 c1=5.0 kw=4.87 inf=1.82 iv=0.00 n=0 d=0 sk=2 hf=94564 hm=92132 ht=283156 pf=0 pm=0 pt=0 ru=236984 rp=239416
18:38:29.473 @T t=304497 s=0.000 lv=-40.6 pk=-40.1 c0=3.1 c1=5.1 kw=4.92 inf=1.51 iv=0.00 n=0 d=0 sk=3 hf=94564 hm=92132 ht=283156 pf=0 pm=0 pt=0 ru=236984 rp=239416
18:38:31.964 @T t=304603 s=0.000 lv=-41.1 pk=-40.0 c0=3.1 c1=6.1 kw=5.90 inf=1.36 iv=0.00 n=0 d=0 sk=4 hf=94564 hm=92132 ht=283156 pf=0 pm=0 pt=0 ru=236984 rp=239416
18:38:31.964 @T t=304689 s=0.000 lv=-40.8 pk=-39.3 c0=3.6 c1=5.0 kw=4.88 inf=1.83 iv=0.00 n=0 d=0 sk=2 hf=94564 hm=92132 ht=283156 pf=0 pm=0 pt=0 ru=236984 rp=239416
18:38:31.964 @T t=304795 s=0.000 lv=-41.0 pk=-39.9 c0=3.4 c1=5.2 kw=5.00 inf=1.54 iv=0.00 n=0 d=0 sk=3 hf=94564 hm=92132 ht=283156 pf=0 pm=0 pt=0 ru=236984 rp=239416
18:38:31.964 @T t=304901 s=0.000 lv=-40.5 pk=-39.1 c0=6.1 c1=5.6 kw=5.18 inf=1.55 iv=0.00 n=0 d=0 sk=3 hf=96148 hm=92132 ht=283156 pf=0 pm=0 pt=0 ru=235400 rp=239416
18:38:31.964 @T t=304987 s=0.000 lv=-39.6 pk=-39.3 c0=4.0 c1=6.9 kw=6.44 inf=1.66 iv=0.00 n=0 d=0 sk=3 hf=96148 hm=92132 ht=283156 pf=0 pm=0 pt=0 ru=235400 rp=239416
18:38:31.964 @T t=305093 s=0.000 lv=-39.2 pk=-36.7 c0=3.9 c1=5.2 kw=4.98 inf=1.54 iv=0.00 n=0 d=0 sk=3 hf=96148 hm=92132 ht=283156 pf=0 pm=0 pt=0 ru=235400 rp=239416
18:38:31.964 I (305577) wifi:[ADDBA]RX DELBA, reason:37, delete tid:0, initiator:1(originator)
18:38:31.964 @T t=305199 s=0.000 lv=-40.5 pk=-40.0 c0=8.3 c1=5.1 kw=4.98 inf=1.53 iv=0.00 n=0 d=0 sk=3 hf=96148 hm=92132 ht=283156 pf=0 pm=0 pt=0 ru=235400 rp=239416
18:38:31.964 @I ww=marvin cut=0.50 win=5 cool=1000 tick=100 wifi=1 srv=1 li=0 ln=0
18:38:31.964 @T t=305294 s=0.000 lv=-40.1 pk=-39.3 c0=16.4 c1=5.8 kw=5.61 inf=1.55 iv=0.00 n=0 d=0 sk=3 hf=96148 hm=92132 ht=283156 pf=0 pm=0 pt=0 ru=235400 rp=239416
18:38:31.964 @T t=305400 s=0.000 lv=-40.2 pk=-37.5 c0=3.2 c1=5.1 kw=4.95 inf=1.52 iv=0.00 n=0 d=0 sk=3 hf=96148 hm=92132 ht=283156 pf=0 pm=0 pt=0 ru=235400 rp=239416
18:38:31.964 @T t=305486 s=0.000 lv=-37.2 pk=-34.9 c0=7.8 c1=19.2 kw=18.96 inf=1.30 iv=0.99 n=11 d=0 sk=1 hf=96148 hm=92132 ht=283156 pf=0 pm=0 pt=0 ru=235400 rp=239416
18:38:31.964 @T t=305592 s=0.000 lv=-37.3 pk=-35.2 c0=3.5 c1=9.5 kw=9.30 inf=2.29 iv=1.10 n=4 d=0 sk=0 hf=96148 hm=92132 ht=283156 pf=0 pm=0 pt=0 ru=235400 rp=239416
18:38:31.964 @T t=305698 s=0.000 lv=-41.2 pk=-39.0 c0=3.4 c1=8.4 kw=8.27 inf=2.69 iv=1.12 n=3 d=0 sk=0 hf=96148 hm=92132 ht=283156 pf=0 pm=0 pt=0 ru=235400 rp=239416
18:38:31.964 @T t=305804 s=0.000 lv=-42.2 pk=-41.2 c0=3.5 c1=10.7 kw=10.49 inf=2.57 iv=1.14 n=4 d=0 sk=0 hf=96148 hm=92132 ht=283156 pf=0 pm=0 pt=0 ru=235400 rp=239416
18:38:31.964 @T t=305890 s=0.000 lv=-41.5 pk=-40.3 c0=8.8 c1=9.8 kw=9.56 inf=2.55 iv=1.23 n=3 d=0 sk=0 hf=96148 hm=92132 ht=283156 pf=0 pm=0 pt=0 ru=235400 rp=239416
18:38:31.964 @T t=305996 s=0.000 lv=-40.5 pk=-38.5 c0=4.0 c1=8.7 kw=8.52 inf=2.78 iv=1.18 n=3 d=0 sk=0 hf=96148 hm=92132 ht=283156 pf=0 pm=0 pt=0 ru=235400 rp=239416
18:38:31.964 @T t=306102 s=0.000 lv=-40.2 pk=-37.3 c0=6.3 c1=9.8 kw=8.88 inf=2.86 iv=1.24 n=3 d=0 sk=0 hf=96148 hm=92132 ht=283156 pf=0 pm=0 pt=0 ru=235400 rp=239416
18:38:31.964 @T t=306188 s=0.000 lv=-41.8 pk=-40.2 c0=8.2 c1=11.4 kw=12.06 inf=2.45 iv=1.17 n=4 d=0 sk=0 hf=96148 hm=92132 ht=283156 pf=0 pm=0 pt=0 ru=235400 rp=239416
18:38:31.964 @I ww=marvin cut=0.50 win=5 cool=1000 tick=100 wifi=1 srv=1 li=0 ln=0
18:38:31.964 @T t=306300 s=0.000 lv=-40.5 pk=-39.3 c0=4.0 c1=8.1 kw=7.92 inf=2.73 iv=1.13 n=3 d=0 sk=0 hf=96148 hm=92132 ht=283156 pf=0 pm=0 pt=0 ru=235400 rp=239416
18:38:31.965 @T t=306386 s=0.000 lv=-39.7 pk=-38.0 c0=4.4 c1=10.9 kw=10.66 inf=2.81 iv=1.17 n=3 d=0 sk=0 hf=96148 hm=92132 ht=283156 pf=0 pm=0 pt=0 ru=235400 rp=239416
18:38:31.965 @T t=306492 s=0.000 lv=-39.6 pk=-37.8 c0=3.4 c1=9.5 kw=9.29 inf=2.29 iv=1.09 n=4 d=0 sk=0 hf=96148 hm=92132 ht=283156 pf=0 pm=0 pt=0 ru=235400 rp=239416
18:38:31.965 @T t=306598 s=0.000 lv=-40.4 pk=-39.3 c0=3.5 c1=8.8 kw=8.58 inf=2.80 iv=1.20 n=3 d=0 sk=0 hf=96148 hm=92132 ht=283156 pf=0 pm=0 pt=0 ru=235400 rp=239416
18:38:31.965 @T t=306704 s=0.000 lv=-40.5 pk=-39.2 c0=3.5 c1=10.6 kw=10.40 inf=2.55 iv=1.11 n=4 d=0 sk=0 hf=96148 hm=92132 ht=283156 pf=0 pm=0 pt=0 ru=235400 rp=239416
18:38:31.965 @T t=306790 s=0.000 lv=-40.6 pk=-39.3 c0=4.2 c1=9.2 kw=9.02 inf=2.40 iv=1.13 n=3 d=0 sk=0 hf=96148 hm=92132 ht=283156 pf=0 pm=0 pt=0 ru=235400 rp=239416
18:38:31.965 @T t=306896 s=0.000 lv=-39.9 pk=-37.8 c0=3.6 c1=8.7 kw=8.50 inf=2.77 iv=1.16 n=3 d=0 sk=0 hf=96148 hm=92132 ht=283156 pf=0 pm=0 pt=0 ru=235400 rp=239416
18:38:31.965 @T t=307003 s=0.000 lv=-40.8 pk=-40.0 c0=7.9 c1=11.9 kw=11.43 inf=2.83 iv=1.32 n=4 d=0 sk=0 hf=96148 hm=92132 ht=283156 pf=0 pm=0 pt=0 ru=235400 rp=239416
18:38:34.472 @T t=307089 s=0.000 lv=-38.9 pk=-37.8 c0=5.2 c1=10.0 kw=9.60 inf=2.56 iv=1.25 n=3 d=0 sk=0 hf=96148 hm=92132 ht=283156 pf=0 pm=0 pt=0 ru=235400 rp=239416
18:38:34.473 @T t=307195 s=0.000 lv=-40.9 pk=-39.8 c0=3.4 c1=6.5 kw=6.40 inf=2.03 iv=1.38 n=1 d=0 sk=2 hf=96148 hm=92132 ht=283156 pf=0 pm=0 pt=0 ru=235400 rp=239416
18:38:34.473 @I ww=marvin cut=0.50 win=5 cool=1000 tick=100 wifi=1 srv=1 li=0 ln=0
18:38:34.473 @T t=307287 s=0.000 lv=-40.1 pk=-39.3 c0=4.7 c1=5.9 kw=5.77 inf=1.54 iv=0.00 n=0 d=0 sk=3 hf=96148 hm=92132 ht=283156 pf=0 pm=0 pt=0 ru=235400 rp=239416
18:38:34.473 @T t=307393 s=0.000 lv=-41.4 pk=-39.7 c0=3.1 c1=5.1 kw=4.92 inf=1.51 iv=0.00 n=0 d=0 sk=3 hf=96148 hm=92132 ht=283156 pf=0 pm=0 pt=0 ru=235400 rp=239416
18:38:34.473 @T t=307499 s=0.000 lv=-40.6 pk=-38.5 c0=3.0 c1=5.1 kw=4.94 inf=1.52 iv=0.00 n=0 d=0 sk=3 hf=96148 hm=92132 ht=283156 pf=0 pm=0 pt=0 ru=235400 rp=239416
18:38:34.473 @T t=307605 s=0.000 lv=-42.2 pk=-40.7 c0=6.3 c1=6.1 kw=5.90 inf=1.36 iv=0.00 n=0 d=0 sk=4 hf=96148 hm=92132 ht=283156 pf=0 pm=0 pt=0 ru=235400 rp=239416
18:38:34.473 @T t=307691 s=0.000 lv=-41.6 pk=-41.1 c0=3.7 c1=5.0 kw=4.86 inf=1.82 iv=0.00 n=0 d=0 sk=2 hf=96148 hm=92132 ht=283156 pf=0 pm=0 pt=0 ru=235400 rp=239416
18:38:34.473 @T t=307797 s=0.000 lv=-40.6 pk=-40.2 c0=6.3 c1=5.1 kw=4.94 inf=1.52 iv=0.00 n=0 d=0 sk=3 hf=96148 hm=92132 ht=283156 pf=0 pm=0 pt=0 ru=235400 rp=239416
18:38:34.473 @T t=307903 s=0.000 lv=-40.2 pk=-39.5 c0=3.2 c1=6.1 kw=5.90 inf=1.36 iv=0.00 n=0 d=0 sk=4 hf=96148 hm=92132 ht=283156 pf=0 pm=0 pt=0 ru=235400 rp=239416
18:38:34.473 @T t=307989 s=0.000 lv=-41.3 pk=-39.0 c0=4.4 c1=5.1 kw=4.92 inf=1.84 iv=0.00 n=0 d=0 sk=2 hf=96148 hm=92132 ht=283156 pf=0 pm=0 pt=0 ru=235400 rp=239416
18:38:34.473 @T t=308095 s=0.000 lv=-40.2 pk=-39.3 c0=3.7 c1=5.2 kw=5.00 inf=1.54 iv=0.00 n=0 d=0 sk=3 hf=96148 hm=92132 ht=283156 pf=0 pm=0 pt=0 ru=235400 rp=239416
18:38:34.473 @T t=308201 s=0.000 lv=-39.9 pk=-38.2 c0=3.3 c1=5.0 kw=5.15 inf=1.55 iv=0.00 n=0 d=0 sk=3 hf=96148 hm=92132 ht=283156 pf=0 pm=0 pt=0 ru=235400 rp=239416
18:38:34.473 @I ww=marvin cut=0.50 win=5 cool=1000 tick=100 wifi=1 srv=1 li=0 ln=0
18:38:34.473 @T t=308293 s=0.000 lv=-41.3 pk=-40.9 c0=4.4 c1=6.1 kw=5.73 inf=1.58 iv=0.00 n=0 d=0 sk=3 hf=96148 hm=92132 ht=283156 pf=0 pm=0 pt=0 ru=235400 rp=239416
18:38:34.473 @T t=308399 s=0.000 lv=-40.0 pk=-38.8 c0=3.1 c1=5.1 kw=4.93 inf=1.52 iv=0.00 n=0 d=0 sk=3 hf=96148 hm=92132 ht=283156 pf=0 pm=0 pt=0 ru=235400 rp=239416
18:38:34.473 @T t=308505 s=0.000 lv=-39.9 pk=-37.9 c0=6.3 c1=6.1 kw=5.93 inf=1.37 iv=0.00 n=0 d=0 sk=4 hf=96148 hm=92132 ht=283156 pf=0 pm=0 pt=0 ru=235400 rp=239416
18:38:34.473 @T t=308591 s=0.000 lv=-39.6 pk=-38.2 c0=7.8 c1=5.0 kw=4.86 inf=1.82 iv=0.00 n=0 d=0 sk=2 hf=96148 hm=92132 ht=283156 pf=0 pm=0 pt=0 ru=235400 rp=239416
18:38:34.473 @T t=308697 s=0.000 lv=-40.0 pk=-38.6 c0=6.3 c1=5.1 kw=4.92 inf=1.52 iv=0.00 n=0 d=0 sk=3 hf=96148 hm=92132 ht=283156 pf=0 pm=0 pt=0 ru=235400 rp=239416
18:38:34.473 @T t=308803 s=0.000 lv=-38.7 pk=-36.0 c0=6.3 c1=6.1 kw=5.92 inf=1.37 iv=0.00 n=0 d=0 sk=4 hf=96148 hm=92132 ht=283156 pf=0 pm=0 pt=0 ru=235400 rp=239416
18:38:34.473 @T t=308889 s=0.000 lv=-39.5 pk=-39.1 c0=3.9 c1=5.0 kw=4.86 inf=1.82 iv=0.00 n=0 d=0 sk=2 hf=96148 hm=92132 ht=283156 pf=0 pm=0 pt=0 ru=235400 rp=239416
18:38:34.473 @T t=308995 s=0.000 lv=-41.1 pk=-39.7 c0=5.4 c1=5.2 kw=5.03 inf=1.55 iv=0.00 n=0 d=0 sk=3 hf=94588 hm=92132 ht=283156 pf=0 pm=0 pt=0 ru=236960 rp=239416
18:38:34.473 @T t=309102 s=0.000 lv=-39.5 pk=-37.0 c0=6.3 c1=6.5 kw=6.12 inf=1.42 iv=0.00 n=0 d=0 sk=4 hf=96148 hm=92132 ht=283156 pf=0 pm=0 pt=0 ru=235400 rp=239416
18:38:34.473 @T t=309188 s=0.000 lv=-39.0 pk=-37.6 c0=4.0 c1=5.2 kw=4.94 inf=1.85 iv=0.00 n=0 d=0 sk=2 hf=96148 hm=92132 ht=283156 pf=0 pm=0 pt=0 ru=235400 rp=239416
18:38:34.473 @I ww=marvin cut=0.50 win=5 cool=1000 tick=100 wifi=1 srv=1 li=0 ln=0
18:38:34.473 @T t=309300 s=0.000 lv=-39.7 pk=-39.3 c0=4.0 c1=4.8 kw=4.68 inf=1.52 iv=0.00 n=0 d=0 sk=3 hf=96148 hm=92132 ht=283156 pf=0 pm=0 pt=0 ru=235400 rp=239416
18:38:34.473 @T t=309386 s=0.000 lv=-40.4 pk=-39.3 c0=4.0 c1=6.3 kw=6.19 inf=1.55 iv=0.00 n=0 d=0 sk=3 hf=96148 hm=92132 ht=283156 pf=0 pm=0 pt=0 ru=235400 rp=239416
18:38:34.473 @T t=309492 s=0.000 lv=-39.3 pk=-38.4 c0=3.0 c1=5.1 kw=4.94 inf=1.52 iv=0.00 n=0 d=0 sk=3 hf=96148 hm=92132 ht=283156 pf=0 pm=0 pt=0 ru=235400 rp=239416
18:38:36.668 @T t=309598 s=0.000 lv=-39.5 pk=-38.0 c0=6.3 c1=5.1 kw=4.93 inf=1.52 iv=0.00 n=0 d=0 sk=3 hf=96148 hm=92132 ht=283156 pf=0 pm=0 pt=0 ru=235400 rp=239416
18:38:36.668 @T t=309704 s=0.000 lv=-39.9 pk=-38.8 c0=3.0 c1=6.0 kw=5.89 inf=1.36 iv=0.00 n=0 d=0 sk=4 hf=96148 hm=92132 ht=283156 pf=0 pm=0 pt=0 ru=235400 rp=239416
18:38:36.668 @T t=309790 s=0.000 lv=-40.4 pk=-38.4 c0=7.7 c1=5.0 kw=4.87 inf=1.82 iv=0.00 n=0 d=0 sk=2 hf=96148 hm=92132 ht=283156 pf=0 pm=0 pt=0 ru=235400 rp=239416
18:38:36.668 @T t=309896 s=0.000 lv=-40.1 pk=-38.8 c0=3.1 c1=5.1 kw=4.93 inf=1.52 iv=0.00 n=0 d=0 sk=3 hf=96148 hm=92132 ht=283156 pf=0 pm=0 pt=0 ru=235400 rp=239416
18:38:36.668 @T t=310002 s=0.000 lv=-39.7 pk=-38.5 c0=3.5 c1=5.6 kw=5.89 inf=1.37 iv=0.00 n=0 d=0 sk=4 hf=96148 hm=92132 ht=283156 pf=0 pm=0 pt=0 ru=235400 rp=239416
18:38:36.668 @T t=310089 s=0.000 lv=-40.9 pk=-40.5 c0=7.9 c1=5.6 kw=4.90 inf=1.85 iv=0.00 n=0 d=0 sk=2 hf=96148 hm=92132 ht=283156 pf=0 pm=0 pt=0 ru=235400 rp=239416
18:38:36.668 @T t=310195 s=0.000 lv=-40.1 pk=-38.4 c0=3.1 c1=5.1 kw=4.93 inf=1.52 iv=0.00 n=0 d=0 sk=3 hf=96148 hm=92132 ht=283156 pf=0 pm=0 pt=0 ru=235400 rp=239416
18:38:36.668 @I ww=marvin cut=0.50 win=5 cool=1000 tick=100 wifi=1 srv=1 li=0 ln=0
18:38:36.668 @T t=310287 s=0.000 lv=-39.6 pk=-38.4 c0=13.4 c1=5.9 kw=5.71 inf=1.52 iv=0.00 n=0 d=0 sk=3 hf=96148 hm=92132 ht=283156 pf=0 pm=0 pt=0 ru=235400 rp=239416
18:38:36.668 @T t=310393 s=0.000 lv=-39.9 pk=-38.7 c0=3.5 c1=5.1 kw=4.96 inf=1.53 iv=0.00 n=0 d=0 sk=3 hf=96148 hm=92132 ht=283156 pf=0 pm=0 pt=0 ru=235400 rp=239416
18:38:36.668 @T t=310499 s=0.000 lv=-40.9 pk=-39.5 c0=3.2 c1=5.1 kw=4.95 inf=1.52 iv=0.00 n=0 d=0 sk=3 hf=96148 hm=92132 ht=283156 pf=0 pm=0 pt=0 ru=235400 rp=239416
18:38:36.668 @T t=310605 s=0.000 lv=-39.1 pk=-38.1 c0=3.1 c1=6.1 kw=5.90 inf=1.36 iv=0.00 n=0 d=0 sk=4 hf=96148 hm=92132 ht=283156 pf=0 pm=0 pt=0 ru=235400 rp=239416
18:38:36.668 @T t=310691 s=0.000 lv=-40.4 pk=-37.9 c0=3.8 c1=5.0 kw=4.88 inf=1.83 iv=0.00 n=0 d=0 sk=2 hf=96148 hm=92132 ht=283156 pf=0 pm=0 pt=0 ru=235400 rp=239416
18:38:36.668 @T t=310797 s=0.000 lv=-40.5 pk=-39.8 c0=3.0 c1=5.1 kw=4.93 inf=1.52 iv=0.00 n=0 d=0 sk=3 hf=96148 hm=92132 ht=283156 pf=0 pm=0 pt=0 ru=235400 rp=239416
18:38:36.668 @T t=310903 s=0.000 lv=-41.2 pk=-40.0 c0=6.4 c1=6.1 kw=5.92 inf=1.37 iv=0.00 n=0 d=0 sk=4 hf=96148 hm=92132 ht=283156 pf=0 pm=0 pt=0 ru=235400 rp=239416
18:38:36.668 @T t=310989 s=0.000 lv=-40.4 pk=-39.8 c0=3.8 c1=5.0 kw=4.88 inf=1.83 iv=0.00 n=0 d=0 sk=2 hf=96148 hm=92132 ht=283156 pf=0 pm=0 pt=0 ru=235400 rp=239416
18:38:36.668 @T t=311095 s=0.000 lv=-41.0 pk=-40.1 c0=10.5 c1=5.8 kw=5.18 inf=1.59 iv=0.00 n=0 d=0 sk=3 hf=96148 hm=92132 ht=283156 pf=0 pm=0 pt=0 ru=235400 rp=239416
18:38:36.668 @T t=311201 s=0.000 lv=-40.6 pk=-38.7 c0=6.1 c1=5.0 kw=5.10 inf=1.53 iv=0.00 n=0 d=0 sk=3 hf=96148 hm=92132 ht=283156 pf=0 pm=0 pt=0 ru=235400 rp=239416
18:38:36.668 @I ww=marvin cut=0.50 win=5 cool=1000 tick=100 wifi=1 srv=1 li=0 ln=0
18:38:36.668 @T t=311293 s=0.000 lv=-40.8 pk=-39.9 c0=4.4 c1=6.1 kw=5.75 inf=1.58 iv=0.00 n=0 d=0 sk=3 hf=96148 hm=92132 ht=283156 pf=0 pm=0 pt=0 ru=235400 rp=239416
18:38:36.668 @T t=311399 s=0.000 lv=-40.9 pk=-39.2 c0=3.1 c1=5.1 kw=4.92 inf=1.51 iv=0.00 n=0 d=0 sk=3 hf=96148 hm=92132 ht=283156 pf=0 pm=0 pt=0 ru=235400 rp=239416
18:38:36.668 [status] up 311s | mic -40.1 dBFS (peak -34.9) | score max 0.00 | detections 0 | inferences 66 (6.6/s; model 1.14 ms each, paused in quiet 79%; features 1.47 ms per 30 ms) | CPU core0  5.0% core1  6.3% (wake word pipeline 6.07% of one core) | RAM used 229 KB (peak 233 KB, 93 KB free) | wifi OK, server OK | audio lost since boot: i2s 0 net 0
18:38:36.668 [tasks] % of one core (free stack): main@0=4.68(1936) IDLE1@1=93.82(720) IDLE0@0=94.84(728) tiT@*=0.09(1956) websocket_task@*=0.15(1468) audio_kws@1=6.15(1344) streamer@0=0.00(2944) sys_evt@0=0.00(444) ipc0@0=0.00(528) wifi@0=0.23(3208) Tmr Svc@*=0.00(1368) ipc1@1=0.00(536) esp_timer@0=0.01(3136)
18:38:36.668 @T t=311501 s=0.000 lv=-38.5 pk=-37.0 c0=60.9 c1=5.4 kw=5.41 inf=1.56 iv=0.00 n=0 d=0 sk=3 hf=96148 hm=92132 ht=283156 pf=0 pm=0 pt=0 ru=235400 rp=239416
18:38:36.668 @T t=311587 s=0.000 lv=-38.9 pk=-37.6 c0=4.1 c1=6.7 kw=6.25 inf=1.61 iv=0.00 n=0 d=0 sk=3 hf=96148 hm=92132 ht=283156 pf=0 pm=0 pt=0 ru=235400 rp=239416
18:38:36.668 @T t=311693 s=0.000 lv=-37.7 pk=-35.9 c0=3.0 c1=5.0 kw=4.90 inf=1.51 iv=0.00 n=0 d=0 sk=3 hf=96148 hm=92132 ht=283156 pf=0 pm=0 pt=0 ru=235400 rp=239416
18:38:39.156 @T t=311799 s=0.000 lv=-40.1 pk=-38.7 c0=6.3 c1=5.1 kw=4.93 inf=1.52 iv=0.00 n=0 d=0 sk=3 hf=96148 hm=92132 ht=283156 pf=0 pm=0 pt=0 ru=235400 rp=239416
18:38:39.156 @T t=311905 s=0.000 lv=-40.2 pk=-38.7 c0=3.2 c1=6.1 kw=5.90 inf=1.36 iv=0.00 n=0 d=0 sk=4 hf=96148 hm=92132 ht=283156 pf=0 pm=0 pt=0 ru=235400 rp=239416
18:38:39.156 @T t=311991 s=0.000 lv=-40.5 pk=-39.3 c0=3.8 c1=5.0 kw=4.87 inf=1.82 iv=0.00 n=0 d=0 sk=2 hf=96148 hm=92132 ht=283156 pf=0 pm=0 pt=0 ru=235400 rp=239416
18:38:39.156 @T t=312097 s=0.000 lv=-40.4 pk=-39.2 c0=3.7 c1=5.1 kw=4.96 inf=1.53 iv=0.00 n=0 d=0 sk=3 hf=96148 hm=92132 ht=283156 pf=0 pm=0 pt=0 ru=235400 rp=239416
18:38:39.156 @T t=312203 s=0.000 lv=-39.5 pk=-38.2 c0=3.2 c1=6.1 kw=5.95 inf=1.37 iv=0.00 n=0 d=0 sk=4 hf=96148 hm=92132 ht=283156 pf=0 pm=0 pt=0 ru=235400 rp=239416
18:38:39.156 @I ww=marvin cut=0.50 win=5 cool=1000 tick=100 wifi=1 srv=1 li=0 ln=0
18:38:39.156 @T t=312295 s=0.000 lv=-39.9 pk=-39.1 c0=13.3 c1=4.7 kw=4.54 inf=1.82 iv=0.00 n=0 d=0 sk=2 hf=96148 hm=92132 ht=283156 pf=0 pm=0 pt=0 ru=235400 rp=239416
18:38:39.156 @T t=312401 s=0.000 lv=-39.9 pk=-38.8 c0=3.1 c1=5.0 kw=5.07 inf=1.52 iv=0.00 n=0 d=0 sk=3 hf=96148 hm=92132 ht=283156 pf=0 pm=0 pt=0 ru=235400 rp=239416
18:38:39.156 @T t=312487 s=0.000 lv=-39.6 pk=-38.6 c0=3.8 c1=6.6 kw=6.17 inf=1.59 iv=0.00 n=0 d=0 sk=3 hf=96148 hm=92132 ht=283156 pf=0 pm=0 pt=0 ru=235400 rp=239416
18:38:39.156 @T t=312593 s=0.000 lv=-39.9 pk=-39.1 c0=3.4 c1=5.1 kw=4.93 inf=1.52 iv=0.00 n=0 d=0 sk=3 hf=96148 hm=92132 ht=283156 pf=0 pm=0 pt=0 ru=235400 rp=239416
18:38:39.156 @T t=312699 s=0.000 lv=-39.2 pk=-37.4 c0=3.2 c1=5.1 kw=5.00 inf=1.54 iv=0.00 n=0 d=0 sk=3 hf=96148 hm=92132 ht=283156 pf=0 pm=0 pt=0 ru=235400 rp=239416
18:38:39.156 @T t=312805 s=0.000 lv=-40.5 pk=-38.7 c0=6.2 c1=6.1 kw=5.91 inf=1.36 iv=0.00 n=0 d=0 sk=4 hf=96148 hm=92132 ht=283156 pf=0 pm=0 pt=0 ru=235400 rp=239416
18:38:39.156 @T t=312891 s=0.000 lv=-40.2 pk=-39.7 c0=8.0 c1=5.0 kw=4.88 inf=1.83 iv=0.00 n=0 d=0 sk=2 hf=96148 hm=92132 ht=283156 pf=0 pm=0 pt=0 ru=235400 rp=239416
18:38:39.156 @T t=312997 s=0.000 lv=-40.9 pk=-38.9 c0=3.1 c1=5.1 kw=4.93 inf=1.52 iv=0.00 n=0 d=0 sk=3 hf=96148 hm=92132 ht=283156 pf=0 pm=0 pt=0 ru=235400 rp=239416
18:38:39.156 @T t=313103 s=0.000 lv=-40.3 pk=-39.3 c0=6.8 c1=6.7 kw=6.16 inf=1.42 iv=0.00 n=0 d=0 sk=4 hf=96148 hm=92132 ht=283156 pf=0 pm=0 pt=0 ru=235400 rp=239416
18:38:39.156 @T t=313189 s=0.000 lv=-40.4 pk=-38.8 c0=4.0 c1=5.0 kw=4.89 inf=1.83 iv=0.00 n=0 d=0 sk=2 hf=96148 hm=92132 ht=283156 pf=0 pm=0 pt=0 ru=235400 rp=239416
18:38:39.156 @I ww=marvin cut=0.50 win=5 cool=1000 tick=100 wifi=1 srv=1 li=0 ln=0
18:38:39.156 @T t=313301 s=0.000 lv=-40.1 pk=-38.5 c0=11.0 c1=4.7 kw=4.79 inf=1.52 iv=0.00 n=0 d=0 sk=3 hf=96148 hm=92132 ht=283156 pf=0 pm=0 pt=0 ru=235400 rp=239416
18:38:39.156 @T t=313387 s=0.000 lv=-41.0 pk=-39.8 c0=8.5 c1=6.6 kw=6.16 inf=1.58 iv=0.00 n=0 d=0 sk=3 hf=96148 hm=92132 ht=283156 pf=0 pm=0 pt=0 ru=235400 rp=239416
18:38:39.156 @T t=313493 s=0.000 lv=-40.1 pk=-38.6 c0=3.3 c1=5.1 kw=4.94 inf=1.52 iv=0.00 n=0 d=0 sk=3 hf=96148 hm=92132 ht=283156 pf=0 pm=0 pt=0 ru=235400 rp=239416
18:38:39.156 @T t=313599 s=0.000 lv=-38.7 pk=-38.0 c0=6.3 c1=5.1 kw=4.93 inf=1.52 iv=0.00 n=0 d=0 sk=3 hf=96148 hm=92132 ht=283156 pf=0 pm=0 pt=0 ru=235400 rp=239416
18:38:39.156 @T t=313705 s=0.000 lv=-40.3 pk=-39.3 c0=3.1 c1=6.1 kw=5.90 inf=1.36 iv=0.00 n=0 d=0 sk=4 hf=96148 hm=92132 ht=283156 pf=0 pm=0 pt=0 ru=235400 rp=239416
18:38:39.156 @T t=313791 s=0.000 lv=-39.6 pk=-38.9 c0=4.1 c1=5.1 kw=4.96 inf=1.86 iv=0.00 n=0 d=0 sk=2 hf=96148 hm=92132 ht=283156 pf=0 pm=0 pt=0 ru=235400 rp=239416
18:38:39.156 @T t=313897 s=0.000 lv=-39.4 pk=-38.6 c0=3.5 c1=5.1 kw=4.97 inf=1.53 iv=0.00 n=0 d=0 sk=3 hf=96148 hm=92132 ht=283156 pf=0 pm=0 pt=0 ru=235400 rp=239416
18:38:39.156 @T t=314003 s=0.000 lv=-40.0 pk=-38.6 c0=3.1 c1=6.1 kw=5.91 inf=1.36 iv=0.00 n=0 d=0 sk=4 hf=96148 hm=92132 ht=283156 pf=0 pm=0 pt=0 ru=235400 rp=239416
18:38:39.156 @T t=314089 s=0.000 lv=-40.9 pk=-40.4 c0=8.5 c1=5.1 kw=4.88 inf=1.83 iv=0.00 n=0 d=0 sk=2 hf=96148 hm=92132 ht=283156 pf=0 pm=0 pt=0 ru=235400 rp=239416
18:38:39.156 @T t=314195 s=0.000 lv=-40.2 pk=-38.3 c0=3.2 c1=5.1 kw=4.96 inf=1.53 iv=0.00 n=0 d=0 sk=3 hf=96148 hm=92132 ht=283156 pf=0 pm=0 pt=0 ru=235400 rp=239416
18:38:39.156 @I ww=marvin cut=0.50 win=5 cool=1000 tick=100 wifi=1 srv=1 li=0 ln=0
18:38:41.665 @T t=314287 s=0.000 lv=-39.3 pk=-37.5 c0=4.5 c1=5.9 kw=5.69 inf=1.52 iv=0.00 n=0 d=0 sk=3 hf=96148 hm=92132 ht=283156 pf=0 pm=0 pt=0 ru=235400 rp=239416
18:38:41.665 @T t=314393 s=0.000 lv=-41.4 pk=-40.4 c0=3.1 c1=5.1 kw=4.95 inf=1.52 iv=0.00 n=0 d=0 sk=3 hf=96148 hm=92132 ht=283156 pf=0 pm=0 pt=0 ru=235400 rp=239416
18:38:41.665 @T t=314499 s=0.000 lv=-40.3 pk=-38.2 c0=6.3 c1=5.1 kw=4.93 inf=1.52 iv=0.00 n=0 d=0 sk=3 hf=96148 hm=92132 ht=283156 pf=0 pm=0 pt=0 ru=235400 rp=239416
18:38:41.665 @T t=314605 s=0.000 lv=-39.8 pk=-38.7 c0=3.1 c1=6.1 kw=5.93 inf=1.37 iv=0.00 n=0 d=0 sk=4 hf=96148 hm=92132 ht=283156 pf=0 pm=0 pt=0 ru=235400 rp=239416
18:38:41.665 @T t=314691 s=0.000 lv=-39.4 pk=-38.9 c0=3.7 c1=5.0 kw=4.87 inf=1.82 iv=0.00 n=0 d=0 sk=2 hf=96148 hm=92132 ht=283156 pf=0 pm=0 pt=0 ru=235400 rp=239416
18:38:41.665 @T t=314797 s=0.000 lv=-40.8 pk=-39.3 c0=3.0 c1=5.1 kw=4.92 inf=1.51 iv=0.00 n=0 d=0 sk=3 hf=96148 hm=92132 ht=283156 pf=0 pm=0 pt=0 ru=235400 rp=239416
18:38:41.665 @T t=314903 s=0.000 lv=-39.9 pk=-37.2 c0=3.5 c1=6.2 kw=5.96 inf=1.38 iv=0.00 n=0 d=0 sk=4 hf=96148 hm=92132 ht=283156 pf=0 pm=0 pt=0 ru=235400 rp=239416
18:38:41.665 @T t=314989 s=0.000 lv=-39.6 pk=-38.3 c0=4.0 c1=5.0 kw=4.91 inf=1.84 iv=0.00 n=0 d=0 sk=2 hf=96148 hm=92132 ht=283156 pf=0 pm=0 pt=0 ru=235400 rp=239416
18:38:41.665 @T t=315095 s=0.000 lv=-40.9 pk=-40.0 c0=8.3 c1=5.1 kw=4.96 inf=1.53 iv=0.00 n=0 d=0 sk=3 hf=94384 hm=92132 ht=283156 pf=0 pm=0 pt=0 ru=237164 rp=239416
18:38:41.665 @T t=315201 s=0.000 lv=-40.3 pk=-39.0 c0=5.2 c1=5.6 kw=5.26 inf=1.58 iv=0.00 n=0 d=0 sk=3 hf=96148 hm=92132 ht=283156 pf=0 pm=0 pt=0 ru=235400 rp=239416
18:38:41.665 @I ww=marvin cut=0.50 win=5 cool=1000 tick=100 wifi=1 srv=1 li=0 ln=0
18:38:41.665 @T t=315292 s=0.000 lv=-39.8 pk=-38.1 c0=4.7 c1=6.3 kw=5.94 inf=1.62 iv=0.00 n=0 d=0 sk=3 hf=96148 hm=92132 ht=283156 pf=0 pm=0 pt=0 ru=235400 rp=239416
18:38:41.665 @T t=315398 s=0.000 lv=-39.0 pk=-37.1 c0=3.8 c1=5.2 kw=4.98 inf=1.53 iv=0.00 n=0 d=0 sk=3 hf=96148 hm=92132 ht=283156 pf=0 pm=0 pt=0 ru=235400 rp=239416
18:38:41.665 @T t=315504 s=0.000 lv=-38.6 pk=-37.7 c0=3.3 c1=6.1 kw=5.94 inf=1.37 iv=0.00 n=0 d=0 sk=4 hf=96148 hm=92132 ht=283156 pf=0 pm=0 pt=0 ru=235400 rp=239416
18:38:41.665 @T t=315590 s=0.000 lv=-38.2 pk=-36.2 c0=3.8 c1=5.0 kw=4.87 inf=1.82 iv=0.00 n=0 d=0 sk=2 hf=96148 hm=92132 ht=283156 pf=0 pm=0 pt=0 ru=235400 rp=239416
18:38:41.665 @T t=315696 s=0.000 lv=-40.3 pk=-39.7 c0=3.0 c1=5.1 kw=4.94 inf=1.52 iv=0.00 n=0 d=0 sk=3 hf=96148 hm=92132 ht=283156 pf=0 pm=0 pt=0 ru=235400 rp=239416
18:38:41.665 @T t=315802 s=0.000 lv=-39.5 pk=-38.0 c0=6.3 c1=5.9 kw=5.91 inf=1.37 iv=0.00 n=0 d=0 sk=4 hf=96148 hm=92132 ht=283156 pf=0 pm=0 pt=0 ru=235400 rp=239416
18:38:41.665 @T t=315888 s=0.000 lv=-39.3 pk=-38.1 c0=3.9 c1=5.2 kw=4.91 inf=1.84 iv=0.00 n=0 d=0 sk=2 hf=96148 hm=92132 ht=283156 pf=0 pm=0 pt=0 ru=235400 rp=239416
18:38:41.665 @T t=315994 s=0.000 lv=-40.3 pk=-39.2 c0=3.4 c1=5.1 kw=4.97 inf=1.53 iv=0.00 n=0 d=0 sk=3 hf=96148 hm=92132 ht=283156 pf=0 pm=0 pt=0 ru=235400 rp=239416
18:38:41.665 @T t=316100 s=0.000 lv=-39.5 pk=-38.2 c0=3.4 c1=5.1 kw=4.99 inf=1.53 iv=0.00 n=0 d=0 sk=3 hf=96148 hm=92132 ht=283156 pf=0 pm=0 pt=0 ru=235400 rp=239416
18:38:41.665 @T t=316186 s=0.000 lv=-40.2 pk=-38.4 c0=4.5 c1=6.4 kw=6.19 inf=1.54 iv=0.00 n=0 d=0 sk=3 hf=96148 hm=92132 ht=283156 pf=0 pm=0 pt=0 ru=235400 rp=239416
18:38:41.665 @I ww=marvin cut=0.50 win=5 cool=1000 tick=100 wifi=1 srv=1 li=0 ln=0
18:38:41.665 @T t=316298 s=0.000 lv=-40.6 pk=-39.2 c0=3.7 c1=4.8 kw=4.68 inf=1.52 iv=0.00 n=0 d=0 sk=3 hf=96148 hm=92132 ht=283156 pf=0 pm=0 pt=0 ru=235400 rp=239416
18:38:41.665 @T t=316404 s=0.000 lv=-41.2 pk=-40.0 c0=3.1 c1=6.1 kw=5.92 inf=1.37 iv=0.00 n=0 d=0 sk=4 hf=96148 hm=92132 ht=283156 pf=0 pm=0 pt=0 ru=235400 rp=239416
18:38:41.665 @T t=316490 s=0.000 lv=-40.6 pk=-39.4 c0=3.8 c1=5.0 kw=4.86 inf=1.82 iv=0.00 n=0 d=0 sk=2 hf=96148 hm=92132 ht=283156 pf=0 pm=0 pt=0 ru=235400 rp=239416
18:38:41.665 @T t=316596 s=0.000 lv=-39.2 pk=-38.4 c0=6.3 c1=5.1 kw=4.95 inf=1.52 iv=0.00 n=0 d=0 sk=3 hf=96148 hm=92132 ht=283156 pf=0 pm=0 pt=0 ru=235400 rp=239416
18:38:41.665 @T t=316702 s=0.000 lv=-40.9 pk=-40.2 c0=3.0 c1=5.9 kw=5.89 inf=1.36 iv=0.00 n=0 d=0 sk=4 hf=96148 hm=92132 ht=283156 pf=0 pm=0 pt=0 ru=235400 rp=239416
18:38:44.271 @T t=316788 s=0.000 lv=-39.5 pk=-38.7 c0=3.7 c1=5.2 kw=4.87 inf=1.82 iv=0.00 n=0 d=0 sk=2 hf=96148 hm=92132 ht=283156 pf=0 pm=0 pt=0 ru=235400 rp=239416
18:38:44.271 @T t=316894 s=0.000 lv=-40.9 pk=-39.5 c0=6.5 c1=5.1 kw=4.91 inf=1.51 iv=0.00 n=0 d=0 sk=3 hf=96148 hm=92132 ht=283156 pf=0 pm=0 pt=0 ru=235400 rp=239416
18:38:44.271 @T t=317000 s=0.000 lv=-41.0 pk=-40.5 c0=3.1 c1=5.1 kw=4.93 inf=1.52 iv=0.00 n=0 d=0 sk=3 hf=96148 hm=92132 ht=283156 pf=0 pm=0 pt=0 ru=235400 rp=239416
18:38:44.271 @T t=317086 s=0.000 lv=-39.1 pk=-38.1 c0=7.8 c1=6.3 kw=6.17 inf=1.54 iv=0.00 n=0 d=0 sk=3 hf=96148 hm=92132 ht=283156 pf=0 pm=0 pt=0 ru=235400 rp=239416
18:38:44.271 @T t=317192 s=0.000 lv=-40.1 pk=-39.1 c0=7.1 c1=5.2 kw=5.04 inf=1.56 iv=0.00 n=0 d=0 sk=3 hf=96148 hm=92132 ht=283156 pf=0 pm=0 pt=0 ru=235400 rp=239416
18:38:44.271 @I ww=marvin cut=0.50 win=5 cool=1000 tick=100 wifi=1 srv=1 li=0 ln=0
18:38:44.271 @T t=317305 s=0.000 lv=-40.5 pk=-39.0 c0=4.0 c1=6.1 kw=5.66 inf=1.39 iv=0.00 n=0 d=0 sk=4 hf=96148 hm=92132 ht=283156 pf=0 pm=0 pt=0 ru=235400 rp=239416
18:38:44.271 @T t=317391 s=0.000 lv=-39.4 pk=-38.5 c0=5.0 c1=5.1 kw=4.91 inf=1.84 iv=0.00 n=0 d=0 sk=2 hf=96148 hm=92132 ht=283156 pf=0 pm=0 pt=0 ru=235400 rp=239416
18:38:44.271 @T t=317497 s=0.000 lv=-39.3 pk=-38.1 c0=3.3 c1=5.1 kw=5.01 inf=1.54 iv=0.00 n=0 d=0 sk=3 hf=96148 hm=92132 ht=283156 pf=0 pm=0 pt=0 ru=235400 rp=239416
18:38:44.271 @T t=317603 s=0.000 lv=-41.1 pk=-40.2 c0=3.1 c1=6.1 kw=5.92 inf=1.37 iv=0.00 n=0 d=0 sk=4 hf=96148 hm=92132 ht=283156 pf=0 pm=0 pt=0 ru=235400 rp=239416
18:38:44.271 @T t=317689 s=0.000 lv=-40.6 pk=-39.3 c0=3.6 c1=5.0 kw=4.85 inf=1.81 iv=0.00 n=0 d=0 sk=2 hf=96148 hm=92132 ht=283156 pf=0 pm=0 pt=0 ru=235400 rp=239416
18:38:44.271 @T t=317795 s=0.000 lv=-40.4 pk=-39.8 c0=3.0 c1=5.0 kw=4.90 inf=1.51 iv=0.00 n=0 d=0 sk=3 hf=96148 hm=92132 ht=283156 pf=0 pm=0 pt=0 ru=235400 rp=239416
18:38:44.271 @T t=317901 s=0.000 lv=-39.2 pk=-37.7 c0=6.5 c1=5.0 kw=5.07 inf=1.52 iv=0.00 n=0 d=0 sk=3 hf=96148 hm=92132 ht=283156 pf=0 pm=0 pt=0 ru=235400 rp=239416
18:38:44.271 @T t=317987 s=0.000 lv=-40.2 pk=-38.5 c0=3.7 c1=6.6 kw=6.16 inf=1.59 iv=0.00 n=0 d=0 sk=3 hf=96148 hm=92132 ht=283156 pf=0 pm=0 pt=0 ru=235400 rp=239416
18:38:44.271 @T t=318093 s=0.000 lv=-39.6 pk=-37.2 c0=3.1 c1=5.1 kw=4.90 inf=1.51 iv=0.00 n=0 d=0 sk=3 hf=96148 hm=92132 ht=283156 pf=0 pm=0 pt=0 ru=235400 rp=239416
18:38:44.271 @T t=318199 s=0.000 lv=-40.1 pk=-38.0 c0=3.6 c1=5.1 kw=4.97 inf=1.53 iv=0.00 n=0 d=0 sk=3 hf=96148 hm=92132 ht=283156 pf=0 pm=0 pt=0 ru=235400 rp=239416
18:38:44.271 @I ww=marvin cut=0.50 win=5 cool=1000 tick=100 wifi=1 srv=1 li=0 ln=0
18:38:44.271 @T t=318291 s=0.000 lv=-40.0 pk=-39.1 c0=13.8 c1=6.0 kw=5.78 inf=1.55 iv=0.00 n=0 d=0 sk=3 hf=96148 hm=92132 ht=283156 pf=0 pm=0 pt=0 ru=235400 rp=239416
18:38:44.271 @T t=318397 s=0.000 lv=-40.7 pk=-40.3 c0=3.4 c1=5.1 kw=4.98 inf=1.53 iv=0.00 n=0 d=0 sk=3 hf=96148 hm=92132 ht=283156 pf=0 pm=0 pt=0 ru=235400 rp=239416
18:38:44.272 @T t=318503 s=0.000 lv=-40.9 pk=-40.3 c0=3.1 c1=6.1 kw=5.90 inf=1.36 iv=0.00 n=0 d=0 sk=4 hf=96148 hm=92132 ht=283156 pf=0 pm=0 pt=0 ru=235400 rp=239416
18:38:44.272 @T t=318589 s=0.000 lv=-41.1 pk=-40.0 c0=7.8 c1=5.0 kw=4.85 inf=1.81 iv=0.00 n=0 d=0 sk=2 hf=96148 hm=92132 ht=283156 pf=0 pm=0 pt=0 ru=235400 rp=239416
18:38:44.272 @T t=318695 s=0.000 lv=-40.0 pk=-38.2 c0=3.0 c1=5.1 kw=4.93 inf=1.52 iv=0.00 n=0 d=0 sk=3 hf=96148 hm=92132 ht=283156 pf=0 pm=0 pt=0 ru=235400 rp=239416
18:38:44.272 @T t=318801 s=0.000 lv=-40.7 pk=-39.7 c0=3.0 c1=5.0 kw=5.07 inf=1.52 iv=0.00 n=0 d=0 sk=3 hf=96148 hm=92132 ht=283156 pf=0 pm=0 pt=0 ru=235400 rp=239416
18:38:44.272 @T t=318887 s=0.000 lv=-40.3 pk=-39.6 c0=3.9 c1=6.6 kw=6.15 inf=1.58 iv=0.00 n=0 d=0 sk=3 hf=96148 hm=92132 ht=283156 pf=0 pm=0 pt=0 ru=235400 rp=239416
18:38:44.272 @T t=318993 s=0.000 lv=-39.8 pk=-38.7 c0=3.1 c1=5.1 kw=4.94 inf=1.52 iv=0.00 n=0 d=0 sk=3 hf=96148 hm=92132 ht=283156 pf=0 pm=0 pt=0 ru=235400 rp=239416
18:38:44.272 @T t=319099 s=0.000 lv=-40.5 pk=-39.3 c0=3.1 c1=5.1 kw=4.91 inf=1.51 iv=0.00 n=0 d=0 sk=3 hf=96148 hm=92132 ht=283156 pf=0 pm=0 pt=0 ru=235400 rp=239416
18:38:44.272 @T t=319205 s=0.000 lv=-39.2 pk=-37.4 c0=5.0 c1=6.3 kw=6.04 inf=1.39 iv=0.00 n=0 d=0 sk=4 hf=94384 hm=92132 ht=283156 pf=0 pm=0 pt=0 ru=237164 rp=239416
18:38:44.272 @I ww=marvin cut=0.50 win=5 cool=1000 tick=100 wifi=1 srv=1 li=0 ln=0
18:38:44.272 @T t=319296 s=0.000 lv=-41.2 pk=-40.4 c0=6.9 c1=5.4 kw=4.86 inf=1.92 iv=0.00 n=0 d=0 sk=2 hf=96148 hm=92132 ht=283156 pf=0 pm=0 pt=0 ru=235400 rp=239416
18:38:46.567 @T t=319402 s=0.000 lv=-39.7 pk=-38.6 c0=7.6 c1=6.1 kw=6.05 inf=1.40 iv=0.00 n=0 d=0 sk=4 hf=96148 hm=92132 ht=283156 pf=0 pm=0 pt=0 ru=235400 rp=239416
18:38:46.568 @T t=319488 s=0.000 lv=-40.0 pk=-39.0 c0=8.1 c1=5.2 kw=4.94 inf=1.85 iv=0.00 n=0 d=0 sk=2 hf=96148 hm=92132 ht=283156 pf=0 pm=0 pt=0 ru=235400 rp=239416
18:38:46.568 @T t=319594 s=0.000 lv=-39.4 pk=-36.5 c0=6.4 c1=5.1 kw=4.92 inf=1.51 iv=0.00 n=0 d=0 sk=3 hf=96148 hm=92132 ht=283156 pf=0 pm=0 pt=0 ru=235400 rp=239416
18:38:46.568 @T t=319700 s=0.000 lv=-40.7 pk=-39.9 c0=6.3 c1=5.1 kw=4.92 inf=1.51 iv=0.00 n=0 d=0 sk=3 hf=96148 hm=92132 ht=283156 pf=0 pm=0 pt=0 ru=235400 rp=239416
18:38:46.568 @T t=319786 s=0.000 lv=-40.1 pk=-37.9 c0=7.7 c1=6.3 kw=6.13 inf=1.53 iv=0.00 n=0 d=0 sk=3 hf=96148 hm=92132 ht=283156 pf=0 pm=0 pt=0 ru=235400 rp=239416
18:38:46.568 @T t=319892 s=0.000 lv=-40.2 pk=-38.9 c0=3.2 c1=5.1 kw=4.93 inf=1.52 iv=0.00 n=0 d=0 sk=3 hf=96148 hm=92132 ht=283156 pf=0 pm=0 pt=0 ru=235400 rp=239416
18:38:46.568 @T t=319998 s=0.000 lv=-39.9 pk=-38.6 c0=3.1 c1=5.1 kw=4.93 inf=1.52 iv=0.00 n=0 d=0 sk=3 hf=96148 hm=92132 ht=283156 pf=0 pm=0 pt=0 ru=235400 rp=239416
18:38:46.568 @T t=320104 s=0.000 lv=-40.9 pk=-38.8 c0=6.4 c1=6.1 kw=5.92 inf=1.37 iv=0.00 n=0 d=0 sk=4 hf=96148 hm=92132 ht=283156 pf=0 pm=0 pt=0 ru=235400 rp=239416
18:38:46.568 @T t=320190 s=0.000 lv=-41.1 pk=-40.3 c0=3.8 c1=5.0 kw=4.87 inf=1.82 iv=0.00 n=0 d=0 sk=2 hf=96148 hm=92132 ht=283156 pf=0 pm=0 pt=0 ru=235400 rp=239416
18:38:46.568 @I ww=marvin cut=0.50 win=5 cool=1000 tick=100 wifi=1 srv=1 li=0 ln=0
18:38:46.568 @T t=320302 s=0.000 lv=-39.0 pk=-37.6 c0=11.5 c1=5.7 kw=5.61 inf=1.37 iv=0.00 n=0 d=0 sk=4 hf=96148 hm=92132 ht=283156 pf=0 pm=0 pt=0 ru=235400 rp=239416
18:38:46.568 @T t=320388 s=0.000 lv=-38.9 pk=-38.1 c0=4.0 c1=5.2 kw=4.93 inf=1.85 iv=0.00 n=0 d=0 sk=2 hf=96148 hm=92132 ht=283156 pf=0 pm=0 pt=0 ru=235400 rp=239416
18:38:46.568 @T t=320494 s=0.000 lv=-37.8 pk=-35.7 c0=3.4 c1=5.1 kw=4.94 inf=1.52 iv=0.00 n=0 d=0 sk=3 hf=96148 hm=92132 ht=283156 pf=0 pm=0 pt=0 ru=235400 rp=239416
18:38:46.568 @T t=320600 s=0.000 lv=-39.3 pk=-38.2 c0=3.3 c1=5.1 kw=4.97 inf=1.53 iv=0.00 n=0 d=0 sk=3 hf=96148 hm=92132 ht=283156 pf=0 pm=0 pt=0 ru=235400 rp=239416
18:38:46.568 @T t=320705 s=0.000 lv=-38.5 pk=-36.9 c0=5.7 c1=6.2 kw=6.00 inf=1.37 iv=0.00 n=0 d=0 sk=4 hf=96148 hm=92132 ht=283156 pf=0 pm=0 pt=0 ru=235400 rp=239416
18:38:46.568 @T t=320791 s=0.000 lv=-38.8 pk=-36.7 c0=3.7 c1=5.0 kw=4.87 inf=1.82 iv=0.00 n=0 d=0 sk=2 hf=96148 hm=92132 ht=283156 pf=0 pm=0 pt=0 ru=235400 rp=239416
18:38:46.568 @T t=320897 s=0.000 lv=-38.9 pk=-36.1 c0=3.2 c1=5.1 kw=4.93 inf=1.52 iv=0.00 n=0 d=0 sk=3 hf=96148 hm=92132 ht=283156 pf=0 pm=0 pt=0 ru=235400 rp=239416
18:38:46.568 @T t=321003 s=0.000 lv=-39.6 pk=-38.3 c0=3.1 c1=6.1 kw=5.93 inf=1.37 iv=0.00 n=0 d=0 sk=4 hf=96148 hm=92132 ht=283156 pf=0 pm=0 pt=0 ru=235400 rp=239416
18:38:46.568 @T t=321089 s=0.000 lv=-38.2 pk=-37.0 c0=3.9 c1=5.0 kw=4.88 inf=1.83 iv=0.00 n=0 d=0 sk=2 hf=96148 hm=92132 ht=283156 pf=0 pm=0 pt=0 ru=235400 rp=239416
18:38:46.568 @T t=321195 s=0.000 lv=-37.4 pk=-36.8 c0=3.1 c1=5.1 kw=4.93 inf=1.52 iv=0.00 n=0 d=0 sk=3 hf=96148 hm=92132 ht=283156 pf=0 pm=0 pt=0 ru=235400 rp=239416
18:38:46.568 @I ww=marvin cut=0.50 win=5 cool=1000 tick=100 wifi=1 srv=1 li=0 ln=0
18:38:46.568 @T t=321287 s=0.000 lv=-39.2 pk=-38.6 c0=15.4 c1=6.4 kw=5.84 inf=1.56 iv=0.00 n=0 d=0 sk=3 hf=94384 hm=92132 ht=283156 pf=0 pm=0 pt=0 ru=237164 rp=239416
18:38:46.568 @T t=321393 s=0.000 lv=-38.2 pk=-36.8 c0=6.1 c1=5.5 kw=5.04 inf=1.55 iv=0.00 n=0 d=0 sk=3 hf=96148 hm=92132 ht=283156 pf=0 pm=0 pt=0 ru=235400 rp=239416
18:38:46.568 [status] up 321s | mic -39.8 dBFS (peak -35.7) | score max 0.00 | detections 0 | inferences 0 (0.0/s; model 0.00 ms each, paused in quiet 100%; features 1.53 ms per 30 ms) | CPU core0  5.4% core1  5.4% (wake word pipeline 5.27% of one core) | RAM used 229 KB (peak 233 KB, 93 KB free) | wifi OK, server OK | audio lost since boot: i2s 0 net 0
18:38:46.568 @T t=321501 s=0.000 lv=-38.6 pk=-36.8 c0=24.0 c1=5.0 kw=5.09 inf=1.56 iv=0.00 n=0 d=0 sk=3 hf=96148 hm=92132 ht=283156 pf=0 pm=0 pt=0 ru=235400 rp=239416
18:38:46.568 @T t=321587 s=0.000 lv=-38.1 pk=-37.5 c0=7.9 c1=6.6 kw=6.17 inf=1.59 iv=0.00 n=0 d=0 sk=3 hf=96148 hm=92132 ht=283156 pf=0 pm=0 pt=0 ru=235400 rp=239416
18:38:49.078 @T t=321693 s=0.000 lv=-37.1 pk=-35.3 c0=3.4 c1=5.1 kw=4.92 inf=1.51 iv=0.00 n=0 d=0 sk=3 hf=96148 hm=92132 ht=283156 pf=0 pm=0 pt=0 ru=235400 rp=239416
18:38:49.078 @T t=321799 s=0.000 lv=-38.9 pk=-37.5 c0=3.2 c1=5.1 kw=4.96 inf=1.53 iv=0.00 n=0 d=0 sk=3 hf=96148 hm=92132 ht=283156 pf=0 pm=0 pt=0 ru=235400 rp=239416
18:38:49.078 @T t=321905 s=0.000 lv=-39.0 pk=-37.9 c0=6.4 c1=6.1 kw=5.92 inf=1.37 iv=0.00 n=0 d=0 sk=4 hf=96148 hm=92132 ht=283156 pf=0 pm=0 pt=0 ru=235400 rp=239416
18:38:49.078 @T t=321991 s=0.000 lv=-39.1 pk=-38.0 c0=3.7 c1=5.0 kw=4.88 inf=1.83 iv=0.00 n=0 d=0 sk=2 hf=96148 hm=92132 ht=283156 pf=0 pm=0 pt=0 ru=235400 rp=239416
18:38:49.078 @T t=322097 s=0.000 lv=-33.0 pk=-29.7 c0=3.2 c1=15.3 kw=15.07 inf=1.27 iv=0.96 n=11 d=0 sk=1 hf=96148 hm=92132 ht=283156 pf=0 pm=0 pt=0 ru=235400 rp=239416
18:38:49.078 @T t=322203 s=0.000 lv=-36.2 pk=-31.8 c0=3.6 c1=10.8 kw=10.55 inf=2.59 iv=1.14 n=4 d=0 sk=0 hf=96148 hm=92132 ht=283156 pf=0 pm=0 pt=0 ru=235400 rp=239416
18:38:49.078 @I ww=marvin cut=0.50 win=5 cool=1000 tick=100 wifi=1 srv=1 li=0 ln=0
18:38:49.078 @T t=322295 s=0.000 lv=-39.2 pk=-37.3 c0=5.3 c1=8.8 kw=8.65 inf=2.46 iv=1.17 n=3 d=0 sk=0 hf=96148 hm=92132 ht=283156 pf=0 pm=0 pt=0 ru=235400 rp=239416
18:38:49.078 @T t=322401 s=0.000 lv=-38.9 pk=-38.1 c0=3.5 c1=8.8 kw=8.86 inf=2.85 iv=1.23 n=3 d=0 sk=0 hf=96148 hm=92132 ht=283156 pf=0 pm=0 pt=0 ru=235400 rp=239416
18:38:49.078 @T t=322487 s=0.000 lv=-38.7 pk=-37.6 c0=7.5 c1=12.6 kw=12.16 inf=2.47 iv=1.26 n=4 d=0 sk=0 hf=96148 hm=92132 ht=283156 pf=0 pm=0 pt=0 ru=235400 rp=239416
18:38:49.078 @T t=322593 s=0.000 lv=-38.7 pk=-37.5 c0=3.4 c1=8.5 kw=8.28 inf=2.69 iv=1.11 n=3 d=0 sk=0 hf=96148 hm=92132 ht=283156 pf=0 pm=0 pt=0 ru=235400 rp=239416
18:38:49.078 @T t=322699 s=0.000 lv=-39.3 pk=-38.4 c0=3.4 c1=8.8 kw=8.60 inf=2.80 iv=1.19 n=3 d=0 sk=0 hf=96148 hm=92132 ht=283156 pf=0 pm=0 pt=0 ru=235400 rp=239416
18:38:49.078 @T t=322805 s=0.000 lv=-40.0 pk=-37.5 c0=3.9 c1=11.1 kw=10.90 inf=2.67 iv=1.21 n=4 d=0 sk=0 hf=96148 hm=92132 ht=283156 pf=0 pm=0 pt=0 ru=235400 rp=239416
18:38:49.078 @T t=322891 s=0.000 lv=-39.7 pk=-38.5 c0=8.4 c1=9.4 kw=9.21 inf=2.45 iv=1.15 n=3 d=0 sk=0 hf=96148 hm=92132 ht=283156 pf=0 pm=0 pt=0 ru=235400 rp=239416
18:38:49.078 @T t=322997 s=0.000 lv=-38.7 pk=-36.5 c0=3.4 c1=8.5 kw=8.33 inf=2.71 iv=1.13 n=3 d=0 sk=0 hf=96148 hm=92132 ht=283156 pf=0 pm=0 pt=0 ru=235400 rp=239416
18:38:49.078 @T t=323103 s=0.000 lv=-39.3 pk=-37.2 c0=3.7 c1=11.0 kw=10.83 inf=2.65 iv=1.19 n=4 d=0 sk=0 hf=96148 hm=92132 ht=283156 pf=0 pm=0 pt=0 ru=235400 rp=239416
18:38:49.078 @T t=323189 s=0.000 lv=-38.9 pk=-37.8 c0=8.2 c1=9.4 kw=9.23 inf=2.46 iv=1.17 n=3 d=0 sk=0 hf=96148 hm=92132 ht=283156 pf=0 pm=0 pt=0 ru=235400 rp=239416
18:38:49.078 @I ww=marvin cut=0.50 win=5 cool=1000 tick=100 wifi=1 srv=1 li=0 ln=0
18:38:49.078 @T t=323301 s=0.000 lv=-38.6 pk=-36.4 c0=5.8 c1=8.0 kw=8.07 inf=2.73 iv=1.13 n=3 d=0 sk=0 hf=94384 hm=92132 ht=283156 pf=0 pm=0 pt=0 ru=237164 rp=239416
18:38:49.078 @T t=323390 s=0.000 lv=-38.4 pk=-36.6 c0=7.5 c1=14.0 kw=13.50 inf=2.86 iv=1.48 n=4 d=0 sk=0 hf=96148 hm=92132 ht=283156 pf=0 pm=0 pt=0 ru=235400 rp=239416
18:38:49.078 @T t=323496 s=0.000 lv=-39.7 pk=-38.0 c0=3.5 c1=8.5 kw=8.38 inf=2.73 iv=1.13 n=3 d=0 sk=0 hf=96148 hm=92132 ht=283156 pf=0 pm=0 pt=0 ru=235400 rp=239416
18:38:49.078 @T t=323602 s=0.000 lv=-41.1 pk=-39.3 c0=3.5 c1=9.5 kw=8.57 inf=2.75 iv=1.16 n=3 d=0 sk=0 hf=96148 hm=92132 ht=283156 pf=0 pm=0 pt=0 ru=235400 rp=239416
18:38:49.078 @T t=323688 s=0.000 lv=-39.2 pk=-38.6 c0=4.1 c1=11.0 kw=11.67 inf=2.37 iv=1.11 n=4 d=0 sk=0 hf=96148 hm=92132 ht=283156 pf=0 pm=0 pt=0 ru=235400 rp=239416
18:38:49.078 @T t=323794 s=0.000 lv=-39.9 pk=-39.2 c0=3.3 c1=5.1 kw=5.00 inf=1.54 iv=0.00 n=0 d=0 sk=3 hf=96148 hm=92132 ht=283156 pf=0 pm=0 pt=0 ru=235400 rp=239416
18:38:49.078 @T t=323900 s=0.000 lv=-39.6 pk=-38.6 c0=6.9 c1=5.2 kw=4.98 inf=1.53 iv=0.00 n=0 d=0 sk=3 hf=96148 hm=92132 ht=283156 pf=0 pm=0 pt=0 ru=235400 rp=239416
18:38:49.078 @T t=323986 s=0.000 lv=-40.5 pk=-39.2 c0=4.0 c1=6.4 kw=6.22 inf=1.55 iv=0.00 n=0 d=0 sk=3 hf=96148 hm=92132 ht=283156 pf=0 pm=0 pt=0 ru=235400 rp=239416
18:38:49.078 @T t=324092 s=0.000 lv=-39.4 pk=-37.6 c0=6.5 c1=5.1 kw=4.94 inf=1.52 iv=0.00 n=0 d=0 sk=3 hf=96148 hm=92132 ht=283156 pf=0 pm=0 pt=0 ru=235400 rp=239416
18:38:49.078 @T t=324198 s=0.000 lv=-39.4 pk=-37.9 c0=3.1 c1=5.1 kw=4.96 inf=1.53 iv=0.00 n=0 d=0 sk=3 hf=96148 hm=92132 ht=283156 pf=0 pm=0 pt=0 ru=235400 rp=239416
18:38:51.659 @I ww=marvin cut=0.50 win=5 cool=1000 tick=100 wifi=1 srv=1 li=0 ln=0
18:38:51.660 @T t=324290 s=0.000 lv=-39.1 pk=-37.6 c0=4.4 c1=5.9 kw=5.69 inf=1.52 iv=0.00 n=0 d=0 sk=3 hf=96148 hm=92132 ht=283156 pf=0 pm=0 pt=0 ru=235400 rp=239416
18:38:51.660 @T t=324396 s=0.000 lv=-40.3 pk=-39.0 c0=6.9 c1=5.1 kw=4.96 inf=1.53 iv=0.00 n=0 d=0 sk=3 hf=96148 hm=92132 ht=283156 pf=0 pm=0 pt=0 ru=235400 rp=239416
18:38:51.660 @T t=324502 s=0.000 lv=-40.1 pk=-38.0 c0=3.2 c1=5.9 kw=5.94 inf=1.37 iv=0.00 n=0 d=0 sk=4 hf=96148 hm=92132 ht=283156 pf=0 pm=0 pt=0 ru=235400 rp=239416
18:38:51.660 @T t=324588 s=0.000 lv=-39.0 pk=-38.1 c0=3.8 c1=5.2 kw=4.88 inf=1.83 iv=0.00 n=0 d=0 sk=2 hf=96148 hm=92132 ht=283156 pf=0 pm=0 pt=0 ru=235400 rp=239416
18:38:51.660 @T t=324694 s=0.000 lv=-40.4 pk=-38.9 c0=3.0 c1=5.0 kw=4.91 inf=1.51 iv=0.00 n=0 d=0 sk=3 hf=96148 hm=92132 ht=283156 pf=0 pm=0 pt=0 ru=235400 rp=239416
18:38:51.660 @T t=324800 s=0.000 lv=-41.5 pk=-40.6 c0=3.0 c1=5.0 kw=4.91 inf=1.51 iv=0.00 n=0 d=0 sk=3 hf=96148 hm=92132 ht=283156 pf=0 pm=0 pt=0 ru=235400 rp=239416
18:38:51.660 @T t=324886 s=0.000 lv=-40.3 pk=-39.3 c0=7.9 c1=6.3 kw=6.12 inf=1.52 iv=0.00 n=0 d=0 sk=3 hf=96148 hm=92132 ht=283156 pf=0 pm=0 pt=0 ru=235400 rp=239416
18:38:51.660 @T t=324992 s=0.000 lv=-39.9 pk=-37.9 c0=3.4 c1=5.1 kw=4.97 inf=1.53 iv=0.00 n=0 d=0 sk=3 hf=96148 hm=92132 ht=283156 pf=0 pm=0 pt=0 ru=235400 rp=239416
18:38:51.660 @T t=325098 s=0.000 lv=-42.5 pk=-42.0 c0=3.4 c1=5.1 kw=4.94 inf=1.52 iv=0.00 n=0 d=0 sk=3 hf=96148 hm=92132 ht=283156 pf=0 pm=0 pt=0 ru=235400 rp=239416
18:38:51.660 @T t=325204 s=0.000 lv=-40.1 pk=-38.4 c0=3.1 c1=6.1 kw=5.93 inf=1.37 iv=0.00 n=0 d=0 sk=4 hf=96148 hm=92132 ht=283156 pf=0 pm=0 pt=0 ru=235400 rp=239416
18:38:51.660 @I ww=marvin cut=0.50 win=5 cool=1000 tick=100 wifi=1 srv=1 li=0 ln=0
18:38:51.660 @T t=325296 s=0.000 lv=-42.6 pk=-41.1 c0=4.4 c1=4.7 kw=4.58 inf=1.84 iv=0.00 n=0 d=0 sk=2 hf=96148 hm=92132 ht=283156 pf=0 pm=0 pt=0 ru=235400 rp=239416
18:38:51.660 @T t=325402 s=0.000 lv=-40.8 pk=-39.7 c0=6.8 c1=6.6 kw=6.14 inf=1.42 iv=0.00 n=0 d=0 sk=4 hf=96148 hm=92132 ht=283156 pf=0 pm=0 pt=0 ru=235400 rp=239416
18:38:51.660 @T t=325488 s=0.000 lv=-40.9 pk=-40.2 c0=7.4 c1=5.2 kw=4.91 inf=1.84 iv=0.00 n=0 d=0 sk=2 hf=96148 hm=92132 ht=283156 pf=0 pm=0 pt=0 ru=235400 rp=239416
18:38:51.660 @T t=325594 s=0.000 lv=-40.0 pk=-38.7 c0=3.6 c1=5.2 kw=4.98 inf=1.53 iv=0.00 n=0 d=0 sk=3 hf=96148 hm=92132 ht=283156 pf=0 pm=0 pt=0 ru=235400 rp=239416
18:38:51.660 @T t=325700 s=0.000 lv=-40.0 pk=-38.9 c0=3.7 c1=5.1 kw=4.95 inf=1.52 iv=0.00 n=0 d=0 sk=3 hf=96148 hm=92132 ht=283156 pf=0 pm=0 pt=0 ru=235400 rp=239416
18:38:51.660 @T t=325786 s=0.000 lv=-40.9 pk=-39.2 c0=3.9 c1=6.4 kw=6.24 inf=1.56 iv=0.00 n=0 d=0 sk=3 hf=96148 hm=92132 ht=283156 pf=0 pm=0 pt=0 ru=235400 rp=239416
18:38:51.660 @T t=325892 s=0.000 lv=-40.0 pk=-38.8 c0=3.2 c1=5.1 kw=4.96 inf=1.53 iv=0.00 n=0 d=0 sk=3 hf=96148 hm=92132 ht=283156 pf=0 pm=0 pt=0 ru=235400 rp=239416
18:38:51.660 @T t=325998 s=0.000 lv=-40.4 pk=-39.0 c0=3.1 c1=5.1 kw=4.93 inf=1.52 iv=0.00 n=0 d=0 sk=3 hf=96148 hm=92132 ht=283156 pf=0 pm=0 pt=0 ru=235400 rp=239416
18:38:51.660 @T t=326104 s=0.000 lv=-40.7 pk=-39.9 c0=3.2 c1=6.1 kw=5.91 inf=1.36 iv=0.00 n=0 d=0 sk=4 hf=96148 hm=92132 ht=283156 pf=0 pm=0 pt=0 ru=235400 rp=239416
18:38:51.660 @T t=326190 s=0.000 lv=-40.8 pk=-40.2 c0=3.7 c1=5.0 kw=4.88 inf=1.83 iv=0.00 n=0 d=0 sk=2 hf=96148 hm=92132 ht=283156 pf=0 pm=0 pt=0 ru=235400 rp=239416
18:38:51.660 @I ww=marvin cut=0.50 win=5 cool=1000 tick=100 wifi=1 srv=1 li=0 ln=0
18:38:51.660 @T t=326302 s=0.000 lv=-40.8 pk=-39.6 c0=3.6 c1=5.6 kw=5.60 inf=1.37 iv=0.00 n=0 d=0 sk=4 hf=96148 hm=92132 ht=283156 pf=0 pm=0 pt=0 ru=235400 rp=239416
18:38:51.660 @T t=326388 s=0.000 lv=-40.3 pk=-39.3 c0=4.4 c1=5.2 kw=4.90 inf=1.84 iv=0.00 n=0 d=0 sk=2 hf=96148 hm=92132 ht=283156 pf=0 pm=0 pt=0 ru=235400 rp=239416
18:38:51.660 @T t=326494 s=0.000 lv=-40.7 pk=-38.9 c0=3.2 c1=5.1 kw=4.94 inf=1.52 iv=0.00 n=0 d=0 sk=3 hf=96148 hm=92132 ht=283156 pf=0 pm=0 pt=0 ru=235400 rp=239416
18:38:51.660 @T t=326600 s=0.000 lv=-41.0 pk=-39.3 c0=3.1 c1=5.1 kw=4.92 inf=1.51 iv=0.00 n=0 d=0 sk=3 hf=96148 hm=92132 ht=283156 pf=0 pm=0 pt=0 ru=235400 rp=239416
18:38:51.660 @T t=326705 s=0.000 lv=-40.9 pk=-39.8 c0=5.7 c1=6.2 kw=6.00 inf=1.37 iv=0.00 n=0 d=0 sk=4 hf=96148 hm=92132 ht=283156 pf=0 pm=0 pt=0 ru=235400 rp=239416
18:38:54.173 @T t=326791 s=0.000 lv=-40.7 pk=-39.8 c0=3.7 c1=5.0 kw=4.85 inf=1.81 iv=0.00 n=0 d=0 sk=2 hf=96148 hm=92132 ht=283156 pf=0 pm=0 pt=0 ru=235400 rp=239416
18:38:54.173 @T t=326897 s=0.000 lv=-40.4 pk=-39.0 c0=6.8 c1=5.2 kw=4.98 inf=1.54 iv=0.00 n=0 d=0 sk=3 hf=96148 hm=92132 ht=283156 pf=0 pm=0 pt=0 ru=235400 rp=239416
18:38:54.173 @T t=327003 s=0.000 lv=-41.4 pk=-40.2 c0=3.3 c1=6.1 kw=5.95 inf=1.37 iv=0.00 n=0 d=0 sk=4 hf=96148 hm=92132 ht=283156 pf=0 pm=0 pt=0 ru=235400 rp=239416
18:38:54.173 @T t=327089 s=0.000 lv=-39.5 pk=-38.4 c0=3.9 c1=5.0 kw=4.89 inf=1.83 iv=0.00 n=0 d=0 sk=2 hf=96148 hm=92132 ht=283156 pf=0 pm=0 pt=0 ru=235400 rp=239416
18:38:54.173 @T t=327195 s=0.000 lv=-39.4 pk=-37.3 c0=3.1 c1=5.1 kw=4.93 inf=1.52 iv=0.00 n=0 d=0 sk=3 hf=96148 hm=92132 ht=283156 pf=0 pm=0 pt=0 ru=235400 rp=239416
18:38:54.173 @I ww=marvin cut=0.50 win=5 cool=1000 tick=100 wifi=1 srv=1 li=0 ln=0
18:38:54.173 @T t=327287 s=0.000 lv=-40.4 pk=-39.4 c0=4.4 c1=5.9 kw=5.73 inf=1.53 iv=0.00 n=0 d=0 sk=3 hf=96148 hm=92132 ht=283156 pf=0 pm=0 pt=0 ru=235400 rp=239416
18:38:54.173 @T t=327393 s=0.000 lv=-39.1 pk=-38.1 c0=5.1 c1=5.3 kw=5.06 inf=1.56 iv=0.00 n=0 d=0 sk=3 hf=94384 hm=92132 ht=283156 pf=0 pm=0 pt=0 ru=237164 rp=239416
18:38:54.173 @T t=327499 s=0.000 lv=-40.9 pk=-39.3 c0=5.3 c1=5.6 kw=5.12 inf=1.57 iv=0.00 n=0 d=0 sk=3 hf=96148 hm=92132 ht=283156 pf=0 pm=0 pt=0 ru=235400 rp=239416
18:38:54.173 @T t=327605 s=0.000 lv=-40.1 pk=-38.6 c0=4.2 c1=6.2 kw=6.04 inf=1.40 iv=0.00 n=0 d=0 sk=4 hf=95952 hm=92132 ht=283156 pf=0 pm=0 pt=0 ru=235596 rp=239416
18:38:54.173 @T t=327691 s=0.000 lv=-40.3 pk=-38.1 c0=4.5 c1=5.0 kw=4.93 inf=1.84 iv=0.00 n=0 d=0 sk=2 hf=96148 hm=92132 ht=283156 pf=0 pm=0 pt=0 ru=235400 rp=239416
18:38:54.173 @T t=327797 s=0.000 lv=-41.3 pk=-40.4 c0=3.1 c1=5.0 kw=4.92 inf=1.51 iv=0.00 n=0 d=0 sk=3 hf=96148 hm=92132 ht=283156 pf=0 pm=0 pt=0 ru=235400 rp=239416
18:38:54.173 @T t=327903 s=0.000 lv=-40.4 pk=-39.6 c0=6.5 c1=6.1 kw=5.96 inf=1.38 iv=0.00 n=0 d=0 sk=4 hf=96148 hm=92132 ht=283156 pf=0 pm=0 pt=0 ru=235400 rp=239416
18:38:54.173 @T t=327989 s=0.000 lv=-41.0 pk=-39.6 c0=4.3 c1=5.1 kw=4.91 inf=1.84 iv=0.00 n=0 d=0 sk=2 hf=96148 hm=92132 ht=283156 pf=0 pm=0 pt=0 ru=235400 rp=239416
18:38:54.173 @T t=328095 s=0.000 lv=-41.8 pk=-39.5 c0=3.4 c1=5.1 kw=5.00 inf=1.54 iv=0.00 n=0 d=0 sk=3 hf=96148 hm=92132 ht=283156 pf=0 pm=0 pt=0 ru=235400 rp=239416
18:38:54.173 @T t=328201 s=0.000 lv=-40.5 pk=-39.8 c0=3.1 c1=5.0 kw=5.10 inf=1.53 iv=0.00 n=0 d=0 sk=3 hf=96148 hm=92132 ht=283156 pf=0 pm=0 pt=0 ru=235400 rp=239416
18:38:54.173 @I ww=marvin cut=0.50 win=5 cool=1000 tick=100 wifi=1 srv=1 li=0 ln=0
18:38:54.173 @T t=328293 s=0.000 lv=-40.0 pk=-39.3 c0=13.3 c1=6.2 kw=5.76 inf=1.59 iv=0.00 n=0 d=0 sk=3 hf=96148 hm=92132 ht=283156 pf=0 pm=0 pt=0 ru=235400 rp=239416
18:38:54.173 @T t=328399 s=0.000 lv=-39.5 pk=-37.7 c0=3.1 c1=5.1 kw=4.95 inf=1.52 iv=0.00 n=0 d=0 sk=3 hf=96148 hm=92132 ht=283156 pf=0 pm=0 pt=0 ru=235400 rp=239416
18:38:54.173 @T t=328505 s=0.000 lv=-38.8 pk=-37.5 c0=3.6 c1=6.1 kw=5.91 inf=1.36 iv=0.00 n=0 d=0 sk=4 hf=96148 hm=92132 ht=283156 pf=0 pm=0 pt=0 ru=235400 rp=239416
18:38:54.173 @T t=328591 s=0.000 lv=-38.8 pk=-37.4 c0=3.9 c1=5.1 kw=4.94 inf=1.85 iv=0.00 n=0 d=0 sk=2 hf=96148 hm=92132 ht=283156 pf=0 pm=0 pt=0 ru=235400 rp=239416
18:38:54.173 @T t=328697 s=0.000 lv=-40.0 pk=-39.3 c0=6.3 c1=5.1 kw=4.92 inf=1.52 iv=0.00 n=0 d=0 sk=3 hf=96148 hm=92132 ht=283156 pf=0 pm=0 pt=0 ru=235400 rp=239416
18:38:54.173 @T t=328803 s=0.000 lv=-39.5 pk=-38.2 c0=3.0 c1=6.1 kw=5.90 inf=1.36 iv=0.00 n=0 d=0 sk=4 hf=96148 hm=92132 ht=283156 pf=0 pm=0 pt=0 ru=235400 rp=239416
18:38:54.173 @T t=328889 s=0.000 lv=-38.9 pk=-38.2 c0=7.9 c1=5.0 kw=4.88 inf=1.83 iv=0.00 n=0 d=0 sk=2 hf=96148 hm=92132 ht=283156 pf=0 pm=0 pt=0 ru=235400 rp=239416
18:38:54.173 @T t=328995 s=0.000 lv=-38.2 pk=-36.6 c0=3.1 c1=5.1 kw=4.92 inf=1.51 iv=0.00 n=0 d=0 sk=3 hf=96148 hm=92132 ht=283156 pf=0 pm=0 pt=0 ru=235400 rp=239416
18:38:54.173 @T t=329101 s=0.000 lv=-40.4 pk=-39.1 c0=6.8 c1=5.1 kw=5.10 inf=1.53 iv=0.00 n=0 d=0 sk=3 hf=96148 hm=92132 ht=283156 pf=0 pm=0 pt=0 ru=235400 rp=239416
18:38:54.173 @T t=329187 s=0.000 lv=-39.9 pk=-38.3 c0=4.0 c1=6.6 kw=6.21 inf=1.60 iv=0.00 n=0 d=0 sk=3 hf=96148 hm=92132 ht=283156 pf=0 pm=0 pt=0 ru=235400 rp=239416
18:38:54.173 @I ww=marvin cut=0.50 win=5 cool=1000 tick=100 wifi=1 srv=1 li=0 ln=0
18:38:56.565 @T t=329299 s=0.000 lv=-40.2 pk=-39.4 c0=11.0 c1=4.8 kw=4.68 inf=1.52 iv=0.00 n=0 d=0 sk=3 hf=96148 hm=92132 ht=283156 pf=0 pm=0 pt=0 ru=235400 rp=239416
18:38:56.566 @T t=329405 s=0.000 lv=-40.4 pk=-39.2 c0=6.4 c1=6.1 kw=5.93 inf=1.37 iv=0.00 n=0 d=0 sk=4 hf=96148 hm=92132 ht=283156 pf=0 pm=0 pt=0 ru=235400 rp=239416
18:38:56.566 @T t=329491 s=0.000 lv=-41.3 pk=-40.0 c0=8.3 c1=5.7 kw=5.01 inf=1.87 iv=0.00 n=0 d=0 sk=2 hf=96148 hm=92132 ht=283156 pf=0 pm=0 pt=0 ru=235400 rp=239416
18:38:56.566 @T t=329597 s=0.000 lv=-40.3 pk=-39.1 c0=6.6 c1=5.2 kw=5.04 inf=1.55 iv=0.00 n=0 d=0 sk=3 hf=96148 hm=92132 ht=283156 pf=0 pm=0 pt=0 ru=235400 rp=239416
18:38:56.566 @T t=329703 s=0.000 lv=-40.6 pk=-39.8 c0=3.3 c1=6.1 kw=5.95 inf=1.37 iv=0.00 n=0 d=0 sk=4 hf=96148 hm=92132 ht=283156 pf=0 pm=0 pt=0 ru=235400 rp=239416
18:38:56.566 @T t=329789 s=0.000 lv=-41.0 pk=-40.0 c0=3.7 c1=5.0 kw=4.85 inf=1.82 iv=0.00 n=0 d=0 sk=2 hf=96148 hm=92132 ht=283156 pf=0 pm=0 pt=0 ru=235400 rp=239416
18:38:56.566 @T t=329895 s=0.000 lv=-40.7 pk=-39.3 c0=6.5 c1=5.1 kw=4.91 inf=1.51 iv=0.00 n=0 d=0 sk=3 hf=96148 hm=92132 ht=283156 pf=0 pm=0 pt=0 ru=235400 rp=239416
18:38:56.566 @T t=330001 s=0.000 lv=-40.4 pk=-39.0 c0=3.1 c1=5.0 kw=5.08 inf=1.53 iv=0.00 n=0 d=0 sk=3 hf=96148 hm=92132 ht=283156 pf=0 pm=0 pt=0 ru=235400 rp=239416
18:38:56.566 @T t=330087 s=0.000 lv=-39.0 pk=-36.3 c0=7.9 c1=6.5 kw=6.12 inf=1.57 iv=0.00 n=0 d=0 sk=3 hf=96148 hm=92132 ht=283156 pf=0 pm=0 pt=0 ru=235400 rp=239416
18:38:56.566 @T t=330193 s=0.000 lv=-39.8 pk=-38.9 c0=3.1 c1=5.1 kw=4.96 inf=1.53 iv=0.00 n=0 d=0 sk=3 hf=96148 hm=92132 ht=283156 pf=0 pm=0 pt=0 ru=235400 rp=239416
18:38:56.566 @I ww=marvin cut=0.50 win=5 cool=1000 tick=100 wifi=1 srv=1 li=0 ln=0
18:38:56.566 @T t=330305 s=0.000 lv=-41.0 pk=-39.9 c0=11.0 c1=5.8 kw=5.64 inf=1.38 iv=0.00 n=0 d=0 sk=4 hf=96148 hm=92132 ht=283156 pf=0 pm=0 pt=0 ru=235400 rp=239416
18:38:56.566 @T t=330391 s=0.000 lv=-39.4 pk=-38.6 c0=3.9 c1=5.1 kw=4.95 inf=1.86 iv=0.00 n=0 d=0 sk=2 hf=96148 hm=92132 ht=283156 pf=0 pm=0 pt=0 ru=235400 rp=239416
18:38:56.566 @T t=330497 s=0.000 lv=-40.0 pk=-38.8 c0=3.6 c1=5.1 kw=4.92 inf=1.51 iv=0.00 n=0 d=0 sk=3 hf=96148 hm=92132 ht=283156 pf=0 pm=0 pt=0 ru=235400 rp=239416
18:38:56.566 @T t=330603 s=0.000 lv=-40.0 pk=-38.2 c0=3.2 c1=6.1 kw=5.95 inf=1.38 iv=0.00 n=0 d=0 sk=4 hf=96148 hm=92132 ht=283156 pf=0 pm=0 pt=0 ru=235400 rp=239416
18:38:56.566 @T t=330689 s=0.000 lv=-40.9 pk=-39.2 c0=3.8 c1=5.0 kw=4.87 inf=1.82 iv=0.00 n=0 d=0 sk=2 hf=96148 hm=92132 ht=283156 pf=0 pm=0 pt=0 ru=235400 rp=239416
18:38:56.566 @T t=330795 s=0.000 lv=-37.8 pk=-36.5 c0=6.3 c1=5.1 kw=4.92 inf=1.51 iv=0.00 n=0 d=0 sk=3 hf=96148 hm=92132 ht=283156 pf=0 pm=0 pt=0 ru=235400 rp=239416
18:38:56.566 @T t=330901 s=0.000 lv=-39.4 pk=-37.4 c0=6.5 c1=5.0 kw=5.03 inf=1.51 iv=0.00 n=0 d=0 sk=3 hf=96148 hm=92132 ht=283156 pf=0 pm=0 pt=0 ru=235400 rp=239416
18:38:56.566 @T t=330987 s=0.000 lv=-40.7 pk=-39.8 c0=3.7 c1=6.5 kw=6.12 inf=1.57 iv=0.00 n=0 d=0 sk=3 hf=96148 hm=92132 ht=283156 pf=0 pm=0 pt=0 ru=235400 rp=239416
18:38:56.566 @T t=331093 s=0.000 lv=-39.9 pk=-38.3 c0=3.1 c1=5.1 kw=4.92 inf=1.51 iv=0.00 n=0 d=0 sk=3 hf=96148 hm=92132 ht=283156 pf=0 pm=0 pt=0 ru=235400 rp=239416
18:38:56.566 @T t=331199 s=0.000 lv=-38.9 pk=-36.4 c0=3.1 c1=5.1 kw=4.94 inf=1.52 iv=0.00 n=0 d=0 sk=3 hf=96148 hm=92132 ht=283156 pf=0 pm=0 pt=0 ru=235400 rp=239416
18:38:56.566 @I ww=marvin cut=0.50 win=5 cool=1000 tick=100 wifi=1 srv=1 li=0 ln=0
18:38:56.566 @T t=331291 s=0.000 lv=-39.8 pk=-37.8 c0=4.4 c1=5.9 kw=5.71 inf=1.53 iv=0.00 n=0 d=0 sk=3 hf=96148 hm=92132 ht=283156 pf=0 pm=0 pt=0 ru=235400 rp=239416
18:38:56.566 @T t=331397 s=0.000 lv=-39.7 pk=-37.7 c0=3.4 c1=5.1 kw=4.94 inf=1.52 iv=0.00 n=0 d=0 sk=3 hf=96148 hm=92132 ht=283156 pf=0 pm=0 pt=0 ru=235400 rp=239416
18:38:56.566 [status] up 331s | mic -39.6 dBFS (peak -29.7) | score max 0.00 | detections 0 | inferences 65 (6.5/s; model 1.15 ms each, paused in quiet 79%; features 1.47 ms per 30 ms) | CPU core0  5.0% core1  6.3% (wake word pipeline 6.07% of one core) | RAM used 229 KB (peak 233 KB, 93 KB free) | wifi OK, server OK | audio lost since boot: i2s 0 net 0
18:38:56.566 @T t=331505 s=0.000 lv=-39.6 pk=-38.0 c0=25.7 c1=6.2 kw=5.99 inf=1.41 iv=0.00 n=0 d=0 sk=4 hf=94384 hm=92132 ht=283156 pf=0 pm=0 pt=0 ru=237164 rp=239416
18:38:56.566 @T t=331591 s=0.000 lv=-40.1 pk=-38.9 c0=7.2 c1=5.7 kw=5.11 inf=1.91 iv=0.00 n=0 d=0 sk=2 hf=95952 hm=92132 ht=283156 pf=0 pm=0 pt=0 ru=235596 rp=239416
18:38:59.073 @T t=331697 s=0.000 lv=-40.0 pk=-38.9 c0=3.6 c1=5.1 kw=5.01 inf=1.54 iv=0.00 n=0 d=0 sk=3 hf=96148 hm=92132 ht=283156 pf=0 pm=0 pt=0 ru=235400 rp=239416
18:38:59.073 @T t=331803 s=0.000 lv=-38.7 pk=-37.1 c0=3.1 c1=6.1 kw=5.91 inf=1.37 iv=0.00 n=0 d=0 sk=4 hf=96148 hm=92132 ht=283156 pf=0 pm=0 pt=0 ru=235400 rp=239416
18:38:59.073 @T t=331889 s=0.000 lv=-39.1 pk=-37.8 c0=8.0 c1=5.1 kw=4.90 inf=1.84 iv=0.00 n=0 d=0 sk=2 hf=96148 hm=92132 ht=283156 pf=0 pm=0 pt=0 ru=235400 rp=239416
18:38:59.073 @T t=331995 s=0.000 lv=-39.1 pk=-37.8 c0=3.1 c1=5.1 kw=4.94 inf=1.52 iv=0.00 n=0 d=0 sk=3 hf=96148 hm=92132 ht=283156 pf=0 pm=0 pt=0 ru=235400 rp=239416
18:38:59.073 @T t=332101 s=0.000 lv=-38.0 pk=-35.1 c0=3.2 c1=5.0 kw=5.05 inf=1.52 iv=0.00 n=0 d=0 sk=3 hf=96148 hm=92132 ht=283156 pf=0 pm=0 pt=0 ru=235400 rp=239416
18:38:59.073 @T t=332187 s=0.000 lv=-40.0 pk=-39.4 c0=7.8 c1=6.6 kw=6.18 inf=1.59 iv=0.00 n=0 d=0 sk=3 hf=96148 hm=92132 ht=283156 pf=0 pm=0 pt=0 ru=235400 rp=239416
18:38:59.073 @I ww=marvin cut=0.50 win=5 cool=1000 tick=100 wifi=1 srv=1 li=0 ln=0
18:38:59.073 @T t=332299 s=0.000 lv=-40.6 pk=-39.8 c0=11.0 c1=4.8 kw=4.67 inf=1.52 iv=0.00 n=0 d=0 sk=3 hf=96148 hm=92132 ht=283156 pf=0 pm=0 pt=0 ru=235400 rp=239416
18:38:59.073 @T t=332405 s=0.000 lv=-40.5 pk=-38.9 c0=3.2 c1=6.1 kw=5.93 inf=1.37 iv=0.00 n=0 d=0 sk=4 hf=96148 hm=92132 ht=283156 pf=0 pm=0 pt=0 ru=235400 rp=239416
18:38:59.073 @T t=332491 s=0.000 lv=-40.8 pk=-40.3 c0=4.2 c1=5.1 kw=4.91 inf=1.84 iv=0.00 n=0 d=0 sk=2 hf=96148 hm=92132 ht=283156 pf=0 pm=0 pt=0 ru=235400 rp=239416
18:38:59.073 @T t=332597 s=0.000 lv=-39.9 pk=-38.9 c0=3.8 c1=5.1 kw=4.98 inf=1.53 iv=0.00 n=0 d=0 sk=3 hf=96148 hm=92132 ht=283156 pf=0 pm=0 pt=0 ru=235400 rp=239416
18:38:59.073 @T t=332703 s=0.000 lv=-40.2 pk=-37.8 c0=3.2 c1=6.1 kw=5.96 inf=1.38 iv=0.00 n=0 d=0 sk=4 hf=96148 hm=92132 ht=283156 pf=0 pm=0 pt=0 ru=235400 rp=239416
18:38:59.073 @T t=332789 s=0.000 lv=-39.9 pk=-39.3 c0=7.7 c1=5.0 kw=4.86 inf=1.82 iv=0.00 n=0 d=0 sk=2 hf=96148 hm=92132 ht=283156 pf=0 pm=0 pt=0 ru=235400 rp=239416
18:38:59.073 @T t=332895 s=0.000 lv=-39.0 pk=-38.0 c0=6.4 c1=5.1 kw=4.94 inf=1.52 iv=0.00 n=0 d=0 sk=3 hf=96148 hm=92132 ht=283156 pf=0 pm=0 pt=0 ru=235400 rp=239416
18:38:59.073 @T t=333001 s=0.000 lv=-39.2 pk=-37.5 c0=3.1 c1=5.0 kw=5.08 inf=1.53 iv=0.00 n=0 d=0 sk=3 hf=96148 hm=92132 ht=283156 pf=0 pm=0 pt=0 ru=235400 rp=239416
18:38:59.073 @T t=333087 s=0.000 lv=-39.9 pk=-37.8 c0=7.9 c1=6.6 kw=6.15 inf=1.58 iv=0.00 n=0 d=0 sk=3 hf=96148 hm=92132 ht=283156 pf=0 pm=0 pt=0 ru=235400 rp=239416
18:38:59.073 @T t=333193 s=0.000 lv=-39.3 pk=-38.1 c0=6.4 c1=5.1 kw=4.96 inf=1.53 iv=0.00 n=0 d=0 sk=3 hf=96148 hm=92132 ht=283156 pf=0 pm=0 pt=0 ru=235400 rp=239416
18:38:59.073 @I ww=marvin cut=0.50 win=5 cool=1000 tick=100 wifi=1 srv=1 li=0 ln=0
18:38:59.073 @T t=333305 s=0.000 lv=-38.4 pk=-35.7 c0=3.6 c1=5.8 kw=5.61 inf=1.37 iv=0.00 n=0 d=0 sk=4 hf=96148 hm=92132 ht=283156 pf=0 pm=0 pt=0 ru=235400 rp=239416
18:38:59.073 @T t=333391 s=0.000 lv=-39.0 pk=-36.5 c0=3.8 c1=5.0 kw=4.90 inf=1.84 iv=0.00 n=0 d=0 sk=2 hf=96148 hm=92132 ht=283156 pf=0 pm=0 pt=0 ru=235400 rp=239416
18:38:59.073 @T t=333497 s=0.000 lv=-37.9 pk=-35.9 c0=6.4 c1=5.1 kw=4.94 inf=1.52 iv=0.00 n=0 d=0 sk=3 hf=96148 hm=92132 ht=283156 pf=0 pm=0 pt=0 ru=235400 rp=239416
18:38:59.073 @T t=333603 s=0.000 lv=-38.5 pk=-36.5 c0=10.7 c1=6.8 kw=6.17 inf=1.42 iv=0.00 n=0 d=0 sk=4 hf=96148 hm=92132 ht=283156 pf=0 pm=0 pt=0 ru=235400 rp=239416
18:38:59.073 @T t=333689 s=0.000 lv=-38.1 pk=-36.1 c0=7.4 c1=5.0 kw=4.88 inf=1.83 iv=0.00 n=0 d=0 sk=2 hf=96148 hm=92132 ht=283156 pf=0 pm=0 pt=0 ru=235400 rp=239416
18:38:59.073 @T t=333795 s=0.000 lv=-40.3 pk=-39.5 c0=6.3 c1=5.1 kw=4.92 inf=1.51 iv=0.00 n=0 d=0 sk=3 hf=96148 hm=92132 ht=283156 pf=0 pm=0 pt=0 ru=235400 rp=239416
18:38:59.073 @T t=333901 s=0.000 lv=-38.8 pk=-38.3 c0=6.5 c1=5.0 kw=5.07 inf=1.52 iv=0.00 n=0 d=0 sk=3 hf=96148 hm=92132 ht=283156 pf=0 pm=0 pt=0 ru=235400 rp=239416
18:38:59.073 @T t=333987 s=0.000 lv=-39.2 pk=-37.8 c0=3.8 c1=6.6 kw=6.14 inf=1.58 iv=0.00 n=0 d=0 sk=3 hf=96148 hm=92132 ht=283156 pf=0 pm=0 pt=0 ru=235400 rp=239416
18:38:59.073 @T t=334093 s=0.000 lv=-39.5 pk=-37.3 c0=6.4 c1=5.1 kw=4.95 inf=1.52 iv=0.00 n=0 d=0 sk=3 hf=96148 hm=92132 ht=283156 pf=0 pm=0 pt=0 ru=235400 rp=239416
18:39:01.564 @T t=334199 s=0.000 lv=-38.7 pk=-37.2 c0=3.1 c1=5.1 kw=4.96 inf=1.53 iv=0.00 n=0 d=0 sk=3 hf=96148 hm=92132 ht=283156 pf=0 pm=0 pt=0 ru=235400 rp=239416
18:39:01.564 @I ww=marvin cut=0.50 win=5 cool=1000 tick=100 wifi=1 srv=1 li=0 ln=0
18:39:01.564 @T t=334291 s=0.000 lv=-40.0 pk=-38.1 c0=4.4 c1=5.9 kw=5.70 inf=1.52 iv=0.00 n=0 d=0 sk=3 hf=96148 hm=92132 ht=283156 pf=0 pm=0 pt=0 ru=235400 rp=239416
18:39:01.564 @T t=334397 s=0.000 lv=-39.5 pk=-37.9 c0=3.1 c1=5.1 kw=4.93 inf=1.52 iv=0.00 n=0 d=0 sk=3 hf=96148 hm=92132 ht=283156 pf=0 pm=0 pt=0 ru=235400 rp=239416
18:39:01.564 @T t=334503 s=0.000 lv=-41.2 pk=-40.0 c0=6.3 c1=6.1 kw=5.91 inf=1.36 iv=0.00 n=0 d=0 sk=4 hf=96148 hm=92132 ht=283156 pf=0 pm=0 pt=0 ru=235400 rp=239416
18:39:01.564 @T t=334589 s=0.000 lv=-39.9 pk=-38.5 c0=4.3 c1=5.1 kw=4.91 inf=1.84 iv=0.00 n=0 d=0 sk=2 hf=96148 hm=92132 ht=283156 pf=0 pm=0 pt=0 ru=235400 rp=239416
18:39:01.564 @T t=334695 s=0.000 lv=-39.8 pk=-39.0 c0=3.2 c1=5.1 kw=4.94 inf=1.52 iv=0.00 n=0 d=0 sk=3 hf=96148 hm=92132 ht=283156 pf=0 pm=0 pt=0 ru=235400 rp=239416
18:39:01.564 @T t=334802 s=0.000 lv=-39.7 pk=-39.0 c0=6.7 c1=6.0 kw=5.96 inf=1.39 iv=0.00 n=0 d=0 sk=4 hf=96148 hm=92132 ht=283156 pf=0 pm=0 pt=0 ru=235400 rp=239416
18:39:01.564 @T t=334888 s=0.000 lv=-39.1 pk=-38.6 c0=4.1 c1=5.2 kw=4.90 inf=1.83 iv=0.00 n=0 d=0 sk=2 hf=96148 hm=92132 ht=283156 pf=0 pm=0 pt=0 ru=235400 rp=239416
18:39:01.564 @T t=334994 s=0.000 lv=-39.7 pk=-38.8 c0=3.1 c1=5.1 kw=4.93 inf=1.52 iv=0.00 n=0 d=0 sk=3 hf=96148 hm=92132 ht=283156 pf=0 pm=0 pt=0 ru=235400 rp=239416
18:39:01.564 @T t=335100 s=0.000 lv=-39.0 pk=-37.3 c0=6.4 c1=5.1 kw=4.95 inf=1.52 iv=0.00 n=0 d=0 sk=3 hf=96148 hm=92132 ht=283156 pf=0 pm=0 pt=0 ru=235400 rp=239416
18:39:01.564 @T t=335186 s=0.000 lv=-41.5 pk=-40.4 c0=8.0 c1=6.3 kw=6.10 inf=1.52 iv=0.00 n=0 d=0 sk=3 hf=96148 hm=92132 ht=283156 pf=0 pm=0 pt=0 ru=235400 rp=239416
18:39:01.564 @I ww=marvin cut=0.50 win=5 cool=1000 tick=100 wifi=1 srv=1 li=0 ln=0
18:39:01.564 @T t=335298 s=0.000 lv=-39.9 pk=-38.7 c0=3.6 c1=4.8 kw=4.67 inf=1.52 iv=0.00 n=0 d=0 sk=3 hf=96148 hm=92132 ht=283156 pf=0 pm=0 pt=0 ru=235400 rp=239416
18:39:01.564 @T t=335404 s=0.000 lv=-40.1 pk=-37.8 c0=6.4 c1=6.0 kw=5.89 inf=1.36 iv=0.00 n=0 d=0 sk=4 hf=96148 hm=92132 ht=283156 pf=0 pm=0 pt=0 ru=235400 rp=239416
18:39:01.565 @T t=335490 s=0.000 lv=-40.6 pk=-39.3 c0=3.7 c1=5.0 kw=4.87 inf=1.82 iv=0.00 n=0 d=0 sk=2 hf=96148 hm=92132 ht=283156 pf=0 pm=0 pt=0 ru=235400 rp=239416
18:39:01.565 @T t=335596 s=0.000 lv=-39.3 pk=-37.4 c0=8.4 c1=5.3 kw=5.08 inf=1.56 iv=0.00 n=0 d=0 sk=3 hf=94384 hm=92132 ht=283156 pf=0 pm=0 pt=0 ru=237164 rp=239416
18:39:01.565 @T t=335702 s=0.000 lv=-37.8 pk=-35.8 c0=5.4 c1=6.4 kw=6.06 inf=1.40 iv=0.00 n=0 d=0 sk=4 hf=96148 hm=92132 ht=283156 pf=0 pm=0 pt=0 ru=235400 rp=239416
18:39:01.565 @T t=335788 s=0.000 lv=-40.5 pk=-40.1 c0=8.0 c1=5.1 kw=4.87 inf=1.83 iv=0.00 n=0 d=0 sk=2 hf=96148 hm=92132 ht=283156 pf=0 pm=0 pt=0 ru=235400 rp=239416
18:39:01.565 @T t=335894 s=0.000 lv=-39.4 pk=-37.4 c0=4.1 c1=5.3 kw=5.05 inf=1.55 iv=0.00 n=0 d=0 sk=3 hf=96148 hm=92132 ht=283156 pf=0 pm=0 pt=0 ru=235400 rp=239416
18:39:01.565 @T t=336000 s=0.000 lv=-39.5 pk=-38.2 c0=6.6 c1=5.0 kw=4.93 inf=1.52 iv=0.00 n=0 d=0 sk=3 hf=96148 hm=92132 ht=283156 pf=0 pm=0 pt=0 ru=235400 rp=239416
18:39:01.565 @T t=336086 s=0.000 lv=-39.9 pk=-39.2 c0=7.9 c1=6.3 kw=6.14 inf=1.53 iv=0.00 n=0 d=0 sk=3 hf=96148 hm=92132 ht=283156 pf=0 pm=0 pt=0 ru=235400 rp=239416
18:39:01.565 @T t=336192 s=0.000 lv=-38.7 pk=-37.8 c0=3.1 c1=5.1 kw=4.94 inf=1.52 iv=0.00 n=0 d=0 sk=3 hf=96148 hm=92132 ht=283156 pf=0 pm=0 pt=0 ru=235400 rp=239416
18:39:01.565 @I ww=marvin cut=0.50 win=5 cool=1000 tick=100 wifi=1 srv=1 li=0 ln=0
18:39:01.565 @T t=336304 s=0.000 lv=-40.0 pk=-38.9 c0=11.0 c1=5.8 kw=5.60 inf=1.37 iv=0.00 n=0 d=0 sk=4 hf=96148 hm=92132 ht=283156 pf=0 pm=0 pt=0 ru=235400 rp=239416
18:39:01.565 @T t=336390 s=0.000 lv=-37.9 pk=-37.1 c0=7.9 c1=5.1 kw=4.93 inf=1.85 iv=0.00 n=0 d=0 sk=2 hf=96148 hm=92132 ht=283156 pf=0 pm=0 pt=0 ru=235400 rp=239416
18:39:01.565 @T t=336496 s=0.000 lv=-39.8 pk=-38.5 c0=3.1 c1=5.0 kw=4.92 inf=1.51 iv=0.00 n=0 d=0 sk=3 hf=96148 hm=92132 ht=283156 pf=0 pm=0 pt=0 ru=235400 rp=239416
18:39:01.565 @T t=336602 s=0.000 lv=-38.4 pk=-37.2 c0=6.3 c1=5.9 kw=5.92 inf=1.37 iv=0.00 n=0 d=0 sk=4 hf=96148 hm=92132 ht=283156 pf=0 pm=0 pt=0 ru=235400 rp=239416
18:39:04.171 @T t=336688 s=0.000 lv=-37.4 pk=-36.3 c0=8.4 c1=5.2 kw=4.90 inf=1.84 iv=0.00 n=0 d=0 sk=2 hf=96148 hm=92132 ht=283156 pf=0 pm=0 pt=0 ru=235400 rp=239416
18:39:04.171 @T t=336794 s=0.000 lv=-38.4 pk=-37.0 c0=3.2 c1=5.1 kw=4.95 inf=1.53 iv=0.00 n=0 d=0 sk=3 hf=96148 hm=92132 ht=283156 pf=0 pm=0 pt=0 ru=235400 rp=239416
18:39:04.171 @T t=336900 s=0.000 lv=-37.2 pk=-34.8 c0=6.5 c1=5.1 kw=4.97 inf=1.53 iv=0.00 n=0 d=0 sk=3 hf=96148 hm=92132 ht=283156 pf=0 pm=0 pt=0 ru=235400 rp=239416
18:39:04.171 @T t=336986 s=0.000 lv=-37.8 pk=-36.3 c0=8.2 c1=6.4 kw=6.23 inf=1.55 iv=0.00 n=0 d=0 sk=3 hf=96148 hm=92132 ht=283156 pf=0 pm=0 pt=0 ru=235400 rp=239416
18:39:04.171 @T t=337092 s=0.000 lv=-37.4 pk=-35.8 c0=3.4 c1=5.1 kw=4.97 inf=1.53 iv=0.00 n=0 d=0 sk=3 hf=96148 hm=92132 ht=283156 pf=0 pm=0 pt=0 ru=235400 rp=239416
18:39:04.171 @T t=337198 s=0.000 lv=-39.6 pk=-38.4 c0=3.1 c1=5.1 kw=4.92 inf=1.51 iv=0.00 n=0 d=0 sk=3 hf=96148 hm=92132 ht=283156 pf=0 pm=0 pt=0 ru=235400 rp=239416
18:39:04.171 @I ww=marvin cut=0.50 win=5 cool=1000 tick=100 wifi=1 srv=1 li=0 ln=0
18:39:04.171 @T t=337290 s=0.000 lv=-39.8 pk=-38.8 c0=13.3 c1=5.9 kw=5.72 inf=1.53 iv=0.00 n=0 d=0 sk=3 hf=96148 hm=92132 ht=283156 pf=0 pm=0 pt=0 ru=235400 rp=239416
18:39:04.171 @T t=337396 s=0.000 lv=-38.7 pk=-38.0 c0=6.4 c1=5.1 kw=4.95 inf=1.52 iv=0.00 n=0 d=0 sk=3 hf=96148 hm=92132 ht=283156 pf=0 pm=0 pt=0 ru=235400 rp=239416
18:39:04.171 @T t=337502 s=0.000 lv=-40.1 pk=-38.3 c0=3.4 c1=6.0 kw=5.96 inf=1.38 iv=0.00 n=0 d=0 sk=4 hf=96148 hm=92132 ht=283156 pf=0 pm=0 pt=0 ru=235400 rp=239416
18:39:04.172 @T t=337588 s=0.000 lv=-39.4 pk=-37.9 c0=4.0 c1=5.2 kw=4.90 inf=1.84 iv=0.00 n=0 d=0 sk=2 hf=96148 hm=92132 ht=283156 pf=0 pm=0 pt=0 ru=235400 rp=239416
18:39:04.172 @T t=337694 s=0.000 lv=-38.7 pk=-37.6 c0=7.2 c1=5.8 kw=5.19 inf=1.59 iv=0.00 n=0 d=0 sk=3 hf=96148 hm=92132 ht=283156 pf=0 pm=0 pt=0 ru=235400 rp=239416
18:39:04.172 @T t=337800 s=0.000 lv=-38.7 pk=-37.5 c0=3.6 c1=5.1 kw=5.01 inf=1.54 iv=0.00 n=0 d=0 sk=3 hf=96148 hm=92132 ht=283156 pf=0 pm=0 pt=0 ru=235400 rp=239416
18:39:04.172 @T t=337886 s=0.000 lv=-39.9 pk=-38.2 c0=9.7 c1=6.6 kw=6.33 inf=1.58 iv=0.00 n=0 d=0 sk=3 hf=96148 hm=92132 ht=283156 pf=0 pm=0 pt=0 ru=235400 rp=239416
18:39:04.172 @T t=337992 s=0.000 lv=-40.2 pk=-39.7 c0=3.7 c1=5.1 kw=5.00 inf=1.54 iv=0.00 n=0 d=0 sk=3 hf=96148 hm=92132 ht=283156 pf=0 pm=0 pt=0 ru=235400 rp=239416
18:39:04.172 @T t=338098 s=0.000 lv=-40.8 pk=-40.3 c0=3.4 c1=5.1 kw=4.94 inf=1.52 iv=0.00 n=0 d=0 sk=3 hf=96148 hm=92132 ht=283156 pf=0 pm=0 pt=0 ru=235400 rp=239416
18:39:04.172 @T t=338204 s=0.000 lv=-39.7 pk=-36.0 c0=3.1 c1=6.1 kw=5.91 inf=1.37 iv=0.00 n=0 d=0 sk=4 hf=96148 hm=92132 ht=283156 pf=0 pm=0 pt=0 ru=235400 rp=239416
18:39:04.172 @I ww=marvin cut=0.50 win=5 cool=1000 tick=100 wifi=1 srv=1 li=0 ln=0
18:39:04.172 @T t=338296 s=0.000 lv=-40.0 pk=-38.9 c0=4.4 c1=4.7 kw=4.58 inf=1.84 iv=0.00 n=0 d=0 sk=2 hf=96148 hm=92132 ht=283156 pf=0 pm=0 pt=0 ru=235400 rp=239416
18:39:04.172 @T t=338402 s=0.000 lv=-38.4 pk=-37.9 c0=3.1 c1=6.0 kw=5.94 inf=1.37 iv=0.00 n=0 d=0 sk=4 hf=96148 hm=92132 ht=283156 pf=0 pm=0 pt=0 ru=235400 rp=239416
18:39:04.172 @T t=338488 s=0.000 lv=-39.7 pk=-37.1 c0=3.7 c1=5.2 kw=4.85 inf=1.82 iv=0.00 n=0 d=0 sk=2 hf=96148 hm=92132 ht=283156 pf=0 pm=0 pt=0 ru=235400 rp=239416
18:39:04.172 @T t=338594 s=0.000 lv=-39.9 pk=-39.1 c0=3.4 c1=5.1 kw=4.98 inf=1.53 iv=0.00 n=0 d=0 sk=3 hf=96148 hm=92132 ht=283156 pf=0 pm=0 pt=0 ru=235400 rp=239416
18:39:04.172 @T t=338700 s=0.000 lv=-40.5 pk=-39.4 c0=4.1 c1=5.1 kw=4.97 inf=1.53 iv=0.00 n=0 d=0 sk=3 hf=96148 hm=92132 ht=283156 pf=0 pm=0 pt=0 ru=235400 rp=239416
18:39:04.172 @T t=338786 s=0.000 lv=-40.1 pk=-39.3 c0=7.9 c1=6.4 kw=6.27 inf=1.56 iv=0.00 n=0 d=0 sk=3 hf=96148 hm=92132 ht=283156 pf=0 pm=0 pt=0 ru=235400 rp=239416
18:39:04.172 @T t=338892 s=0.000 lv=-38.3 pk=-36.4 c0=3.5 c1=5.1 kw=4.95 inf=1.52 iv=0.00 n=0 d=0 sk=3 hf=96148 hm=92132 ht=283156 pf=0 pm=0 pt=0 ru=235400 rp=239416
18:39:04.172 @T t=338999 s=0.000 lv=-39.1 pk=-37.3 c0=7.3 c1=5.1 kw=4.97 inf=1.55 iv=0.00 n=0 d=0 sk=3 hf=96148 hm=92132 ht=283156 pf=0 pm=0 pt=0 ru=235400 rp=239416
18:39:04.172 @T t=339105 s=0.000 lv=-39.8 pk=-37.6 c0=3.9 c1=6.3 kw=5.96 inf=1.37 iv=0.00 n=0 d=0 sk=4 hf=96148 hm=92132 ht=283156 pf=0 pm=0 pt=0 ru=235400 rp=239416
18:39:04.172 @T t=339191 s=0.000 lv=-39.2 pk=-37.6 c0=7.8 c1=4.8 kw=4.93 inf=1.85 iv=0.00 n=0 d=0 sk=2 hf=96148 hm=92132 ht=283156 pf=0 pm=0 pt=0 ru=235400 rp=239416
18:39:04.172 @I ww=marvin cut=0.50 win=5 cool=1000 tick=100 wifi=1 srv=1 li=0 ln=0
18:39:06.473 @T t=339303 s=0.000 lv=-40.6 pk=-39.9 c0=3.9 c1=5.8 kw=5.59 inf=1.36 iv=0.00 n=0 d=0 sk=4 hf=96148 hm=92132 ht=283156 pf=0 pm=0 pt=0 ru=235400 rp=239416
18:39:06.473 @T t=339389 s=0.000 lv=-39.9 pk=-38.1 c0=4.0 c1=5.0 kw=4.91 inf=1.84 iv=0.00 n=0 d=0 sk=2 hf=96148 hm=92132 ht=283156 pf=0 pm=0 pt=0 ru=235400 rp=239416
18:39:06.473 @T t=339495 s=0.000 lv=-39.4 pk=-38.0 c0=3.1 c1=5.0 kw=4.91 inf=1.51 iv=0.00 n=0 d=0 sk=3 hf=96148 hm=92132 ht=283156 pf=0 pm=0 pt=0 ru=235400 rp=239416
18:39:06.473 @T t=339601 s=0.000 lv=-39.8 pk=-38.5 c0=6.7 c1=5.0 kw=5.09 inf=1.53 iv=0.00 n=0 d=0 sk=3 hf=96148 hm=92132 ht=283156 pf=0 pm=0 pt=0 ru=235400 rp=239416
18:39:06.473 @T t=339687 s=0.000 lv=-40.3 pk=-39.5 c0=6.8 c1=6.9 kw=6.36 inf=1.63 iv=0.00 n=0 d=0 sk=3 hf=94384 hm=92132 ht=283156 pf=0 pm=0 pt=0 ru=237164 rp=239416
18:39:06.473 @T t=339793 s=0.000 lv=-39.7 pk=-38.4 c0=6.3 c1=5.2 kw=5.01 inf=1.54 iv=0.00 n=0 d=0 sk=3 hf=94384 hm=92132 ht=283156 pf=0 pm=0 pt=0 ru=237164 rp=239416
18:39:06.473 @T t=339900 s=0.000 lv=-39.1 pk=-37.1 c0=6.5 c1=5.7 kw=5.11 inf=1.59 iv=0.00 n=0 d=0 sk=3 hf=96148 hm=92132 ht=283156 pf=0 pm=0 pt=0 ru=235400 rp=239416
18:39:06.473 @T t=339989 s=0.000 lv=-38.8 pk=-38.0 c0=11.2 c1=6.3 kw=6.12 inf=1.58 iv=0.00 n=0 d=0 sk=3 hf=96148 hm=92132 ht=283156 pf=0 pm=0 pt=0 ru=235400 rp=239416
18:39:06.473 @T t=340095 s=0.000 lv=-39.3 pk=-38.4 c0=3.3 c1=5.1 kw=4.98 inf=1.53 iv=0.00 n=0 d=0 sk=3 hf=96148 hm=92132 ht=283156 pf=0 pm=0 pt=0 ru=235400 rp=239416
18:39:06.473 @T t=340201 s=0.000 lv=-37.8 pk=-36.1 c0=3.4 c1=5.1 kw=5.16 inf=1.55 iv=0.00 n=0 d=0 sk=3 hf=96148 hm=92132 ht=283156 pf=0 pm=0 pt=0 ru=235400 rp=239416
18:39:06.473 @I ww=marvin cut=0.50 win=5 cool=1000 tick=100 wifi=1 srv=1 li=0 ln=0
18:39:06.473 @T t=340293 s=0.000 lv=-37.9 pk=-36.8 c0=4.9 c1=6.3 kw=5.84 inf=1.61 iv=0.00 n=0 d=0 sk=3 hf=96148 hm=92132 ht=283156 pf=0 pm=0 pt=0 ru=235400 rp=239416
18:39:06.473 @T t=340399 s=0.000 lv=-39.0 pk=-37.7 c0=3.3 c1=5.1 kw=4.94 inf=1.52 iv=0.00 n=0 d=0 sk=3 hf=96148 hm=92132 ht=283156 pf=0 pm=0 pt=0 ru=235400 rp=239416
18:39:06.473 @T t=340505 s=0.000 lv=-39.1 pk=-36.6 c0=3.4 c1=6.2 kw=5.97 inf=1.38 iv=0.00 n=0 d=0 sk=4 hf=96148 hm=92132 ht=283156 pf=0 pm=0 pt=0 ru=235400 rp=239416
18:39:06.473 @T t=340591 s=0.000 lv=-38.1 pk=-35.5 c0=4.3 c1=5.1 kw=4.94 inf=1.85 iv=0.00 n=0 d=0 sk=2 hf=96148 hm=92132 ht=283156 pf=0 pm=0 pt=0 ru=235400 rp=239416
18:39:06.473 @T t=340697 s=0.000 lv=-38.3 pk=-35.8 c0=3.5 c1=5.2 kw=5.02 inf=1.55 iv=0.00 n=0 d=0 sk=3 hf=96148 hm=92132 ht=283156 pf=0 pm=0 pt=0 ru=235400 rp=239416
18:39:06.473 @T t=340803 s=0.000 lv=-38.5 pk=-37.1 c0=3.2 c1=6.1 kw=5.96 inf=1.38 iv=0.00 n=0 d=0 sk=4 hf=96148 hm=92132 ht=283156 pf=0 pm=0 pt=0 ru=235400 rp=239416
18:39:06.473 @T t=340889 s=0.000 lv=-39.9 pk=-38.4 c0=8.6 c1=5.1 kw=4.92 inf=1.84 iv=0.00 n=0 d=0 sk=2 hf=96148 hm=92132 ht=283156 pf=0 pm=0 pt=0 ru=235400 rp=239416
18:39:06.473 @T t=340995 s=0.000 lv=-39.1 pk=-38.5 c0=3.6 c1=5.2 kw=5.02 inf=1.55 iv=0.00 n=0 d=0 sk=3 hf=96148 hm=92132 ht=283156 pf=0 pm=0 pt=0 ru=235400 rp=239416
18:39:06.473 @T t=341101 s=0.000 lv=-40.2 pk=-37.6 c0=3.7 c1=5.1 kw=5.14 inf=1.55 iv=0.00 n=0 d=0 sk=3 hf=96148 hm=92132 ht=283156 pf=0 pm=0 pt=0 ru=235400 rp=239416
18:39:06.473 @T t=341187 s=0.000 lv=-39.5 pk=-37.9 c0=4.4 c1=6.7 kw=6.24 inf=1.60 iv=0.00 n=0 d=0 sk=3 hf=96148 hm=92132 ht=283156 pf=0 pm=0 pt=0 ru=235400 rp=239416
18:39:06.473 @I ww=marvin cut=0.50 win=5 cool=1000 tick=100 wifi=1 srv=1 li=0 ln=0
18:39:06.473 @T t=341299 s=0.000 lv=-39.9 pk=-38.8 c0=4.0 c1=4.8 kw=4.71 inf=1.53 iv=0.00 n=0 d=0 sk=3 hf=96148 hm=92132 ht=283156 pf=0 pm=0 pt=0 ru=235400 rp=239416
18:39:06.473 @T t=341405 s=0.000 lv=-40.8 pk=-39.2 c0=3.7 c1=6.2 kw=5.98 inf=1.38 iv=0.00 n=0 d=0 sk=4 hf=96148 hm=92132 ht=283156 pf=0 pm=0 pt=0 ru=235400 rp=239416
18:39:06.473 [status] up 341s | mic -39.3 dBFS (peak -34.8) | score max 0.00 | detections 0 | inferences 0 (0.0/s; model 0.00 ms each, paused in quiet 100%; features 1.53 ms per 30 ms) | CPU core0  5.6% core1  5.5% (wake word pipeline 5.30% of one core) | RAM used 229 KB (peak 233 KB, 93 KB free) | wifi OK, server OK | audio lost since boot: i2s 0 net 0
18:39:06.473 @T t=341493 s=0.000 lv=-40.4 pk=-40.0 c0=9.3 c1=5.1 kw=4.96 inf=1.89 iv=0.00 n=0 d=0 sk=2 hf=96148 hm=92132 ht=283156 pf=0 pm=0 pt=0 ru=235400 rp=239416
18:39:09.057 @T t=341599 s=0.000 lv=-39.6 pk=-37.0 c0=3.6 c1=5.1 kw=4.98 inf=1.53 iv=0.00 n=0 d=0 sk=3 hf=96148 hm=92132 ht=283156 pf=0 pm=0 pt=0 ru=235400 rp=239416
18:39:09.057 @T t=341705 s=0.000 lv=-41.0 pk=-40.1 c0=3.6 c1=6.1 kw=5.97 inf=1.38 iv=0.00 n=0 d=0 sk=4 hf=96148 hm=92132 ht=283156 pf=0 pm=0 pt=0 ru=235400 rp=239416
18:39:09.057 @T t=341791 s=0.000 lv=-39.8 pk=-38.9 c0=4.3 c1=5.1 kw=4.96 inf=1.86 iv=0.00 n=0 d=0 sk=2 hf=96148 hm=92132 ht=283156 pf=0 pm=0 pt=0 ru=235400 rp=239416
18:39:09.057 @T t=341897 s=0.000 lv=-39.8 pk=-38.5 c0=7.7 c1=5.8 kw=5.20 inf=1.60 iv=0.00 n=0 d=0 sk=3 hf=96148 hm=92132 ht=283156 pf=0 pm=0 pt=0 ru=235400 rp=239416
18:39:09.057 @T t=342003 s=0.000 lv=-40.3 pk=-39.0 c0=6.3 c1=6.1 kw=5.98 inf=1.38 iv=0.00 n=0 d=0 sk=4 hf=96148 hm=92132 ht=283156 pf=0 pm=0 pt=0 ru=235400 rp=239416
18:39:09.057 @T t=342089 s=0.000 lv=-40.0 pk=-39.3 c0=5.2 c1=5.2 kw=5.02 inf=1.88 iv=0.00 n=0 d=0 sk=2 hf=96148 hm=92132 ht=283156 pf=0 pm=0 pt=0 ru=235400 rp=239416
18:39:09.057 @T t=342195 s=0.000 lv=-39.7 pk=-38.0 c0=3.7 c1=5.1 kw=5.00 inf=1.54 iv=0.00 n=0 d=0 sk=3 hf=96148 hm=92132 ht=283156 pf=0 pm=0 pt=0 ru=235400 rp=239416
18:39:09.057 @I ww=marvin cut=0.50 win=5 cool=1000 tick=100 wifi=1 srv=1 li=0 ln=0
18:39:09.058 @T t=342287 s=0.000 lv=-39.8 pk=-39.1 c0=4.9 c1=5.9 kw=5.77 inf=1.54 iv=0.00 n=0 d=0 sk=3 hf=96148 hm=92132 ht=283156 pf=0 pm=0 pt=0 ru=235400 rp=239416
18:39:09.058 @T t=342393 s=0.000 lv=-40.1 pk=-39.0 c0=3.6 c1=5.1 kw=4.94 inf=1.52 iv=0.00 n=0 d=0 sk=3 hf=96148 hm=92132 ht=283156 pf=0 pm=0 pt=0 ru=235400 rp=239416
18:39:09.058 @T t=342499 s=0.000 lv=-41.9 pk=-41.0 c0=3.4 c1=5.1 kw=4.98 inf=1.53 iv=0.00 n=0 d=0 sk=3 hf=96148 hm=92132 ht=283156 pf=0 pm=0 pt=0 ru=235400 rp=239416
18:39:09.058 @T t=342605 s=0.000 lv=-40.2 pk=-38.9 c0=3.5 c1=6.2 kw=6.01 inf=1.39 iv=0.00 n=0 d=0 sk=4 hf=96148 hm=92132 ht=283156 pf=0 pm=0 pt=0 ru=235400 rp=239416
18:39:09.058 @T t=342691 s=0.000 lv=-40.0 pk=-39.1 c0=3.9 c1=5.0 kw=4.90 inf=1.83 iv=0.00 n=0 d=0 sk=2 hf=96148 hm=92132 ht=283156 pf=0 pm=0 pt=0 ru=235400 rp=239416
18:39:09.058 @T t=342798 s=0.000 lv=-42.5 pk=-41.0 c0=7.2 c1=5.1 kw=4.90 inf=1.52 iv=0.00 n=0 d=0 sk=3 hf=96148 hm=92132 ht=283156 pf=0 pm=0 pt=0 ru=235400 rp=239416
18:39:09.058 @T t=342904 s=0.000 lv=-40.7 pk=-38.6 c0=3.9 c1=6.1 kw=5.97 inf=1.38 iv=0.00 n=0 d=0 sk=4 hf=96148 hm=92132 ht=283156 pf=0 pm=0 pt=0 ru=235400 rp=239416
18:39:09.058 @T t=342990 s=0.000 lv=-40.1 pk=-38.7 c0=3.9 c1=5.0 kw=4.89 inf=1.83 iv=0.00 n=0 d=0 sk=2 hf=96148 hm=92132 ht=283156 pf=0 pm=0 pt=0 ru=235400 rp=239416
18:39:09.058 @T t=343096 s=0.000 lv=-40.9 pk=-39.5 c0=3.6 c1=5.2 kw=4.99 inf=1.54 iv=0.00 n=0 d=0 sk=3 hf=96148 hm=92132 ht=283156 pf=0 pm=0 pt=0 ru=235400 rp=239416
18:39:09.058 @T t=343202 s=0.000 lv=-41.3 pk=-40.0 c0=3.3 c1=6.0 kw=5.97 inf=1.38 iv=0.00 n=0 d=0 sk=4 hf=96148 hm=92132 ht=283156 pf=0 pm=0 pt=0 ru=235400 rp=239416
18:39:09.058 @I ww=marvin cut=0.50 win=5 cool=1000 tick=100 wifi=1 srv=1 li=0 ln=0
18:39:09.058 @T t=343295 s=0.000 lv=-40.6 pk=-39.5 c0=4.8 c1=4.9 kw=4.56 inf=1.84 iv=0.00 n=0 d=0 sk=2 hf=96148 hm=92132 ht=283156 pf=0 pm=0 pt=0 ru=235400 rp=239416
18:39:09.058 @T t=343401 s=0.000 lv=-41.8 pk=-40.7 c0=3.5 c1=5.0 kw=5.10 inf=1.53 iv=0.00 n=0 d=0 sk=3 hf=96148 hm=92132 ht=283156 pf=0 pm=0 pt=0 ru=235400 rp=239416
18:39:09.058 @T t=343487 s=0.000 lv=-40.9 pk=-39.4 c0=3.9 c1=6.6 kw=6.20 inf=1.59 iv=0.00 n=0 d=0 sk=3 hf=96148 hm=92132 ht=283156 pf=0 pm=0 pt=0 ru=235400 rp=239416
18:39:09.058 @T t=343593 s=0.000 lv=-40.9 pk=-39.5 c0=3.4 c1=5.1 kw=4.95 inf=1.52 iv=0.00 n=0 d=0 sk=3 hf=96148 hm=92132 ht=283156 pf=0 pm=0 pt=0 ru=235400 rp=239416
18:39:09.058 @T t=343699 s=0.000 lv=-40.0 pk=-38.5 c0=3.5 c1=5.1 kw=5.00 inf=1.54 iv=0.00 n=0 d=0 sk=3 hf=96148 hm=92132 ht=283156 pf=0 pm=0 pt=0 ru=235400 rp=239416
18:39:09.058 @T t=343805 s=0.000 lv=-38.6 pk=-35.3 c0=3.2 c1=18.2 kw=17.97 inf=1.40 iv=0.97 n=13 d=0 sk=0 hf=96148 hm=92132 ht=283156 pf=0 pm=0 pt=0 ru=235400 rp=239416
18:39:09.058 @T t=343891 s=0.000 lv=-39.1 pk=-38.0 c0=11.2 c1=8.3 kw=8.05 inf=3.17 iv=1.20 n=2 d=0 sk=0 hf=94384 hm=92132 ht=283156 pf=0 pm=0 pt=0 ru=237164 rp=239416
18:39:09.058 @T t=343997 s=0.000 lv=-38.7 pk=-38.1 c0=5.9 c1=10.9 kw=10.29 inf=2.55 iv=1.30 n=4 d=0 sk=0 hf=96148 hm=92132 ht=283156 pf=0 pm=0 pt=0 ru=235400 rp=239416
18:39:09.058 @T t=344103 s=0.000 lv=-41.2 pk=-40.5 c0=4.9 c1=11.0 kw=11.02 inf=2.70 iv=1.25 n=4 d=0 sk=0 hf=95952 hm=92132 ht=283156 pf=0 pm=0 pt=0 ru=235596 rp=239416
18:39:11.465 @T t=344189 s=0.000 lv=-40.7 pk=-39.9 c0=5.1 c1=8.7 kw=8.13 inf=3.21 iv=1.25 n=2 d=0 sk=0 hf=96148 hm=92132 ht=283156 pf=0 pm=0 pt=0 ru=235400 rp=239416
18:39:11.465 @I ww=marvin cut=0.50 win=5 cool=1000 tick=100 wifi=1 srv=1 li=0 ln=0
18:39:11.465 @T t=344301 s=0.000 lv=-39.6 pk=-37.3 c0=4.4 c1=9.5 kw=9.48 inf=2.44 iv=1.21 n=4 d=0 sk=0 hf=96148 hm=92132 ht=283156 pf=0 pm=0 pt=0 ru=235400 rp=239416
18:39:11.465 @T t=344387 s=0.000 lv=-38.9 pk=-38.1 c0=4.8 c1=11.5 kw=11.02 inf=2.96 iv=1.24 n=3 d=0 sk=0 hf=96148 hm=92132 ht=283156 pf=0 pm=0 pt=0 ru=235400 rp=239416
18:39:11.465 @T t=344493 s=0.000 lv=-40.8 pk=-39.5 c0=3.8 c1=9.1 kw=8.91 inf=2.91 iv=1.29 n=3 d=0 sk=0 hf=96148 hm=92132 ht=283156 pf=0 pm=0 pt=0 ru=235400 rp=239416
18:39:11.465 @T t=344599 s=0.000 lv=-40.3 pk=-38.7 c0=3.9 c1=10.0 kw=9.84 inf=2.43 iv=1.21 n=4 d=0 sk=0 hf=96148 hm=92132 ht=283156 pf=0 pm=0 pt=0 ru=235400 rp=239416
18:39:11.465 @T t=344705 s=0.000 lv=-40.6 pk=-39.4 c0=3.4 c1=10.5 kw=10.27 inf=2.51 iv=1.09 n=4 d=0 sk=0 hf=96148 hm=92132 ht=283156 pf=0 pm=0 pt=0 ru=235400 rp=239416
18:39:11.465 @T t=344791 s=0.000 lv=-39.0 pk=-37.6 c0=8.5 c1=8.2 kw=7.96 inf=3.13 iv=1.20 n=2 d=0 sk=0 hf=96148 hm=92132 ht=283156 pf=0 pm=0 pt=0 ru=235400 rp=239416
18:39:11.465 @T t=344897 s=0.000 lv=-39.7 pk=-38.3 c0=6.3 c1=9.7 kw=9.50 inf=2.34 iv=1.14 n=4 d=0 sk=0 hf=96148 hm=92132 ht=283156 pf=0 pm=0 pt=0 ru=235400 rp=239416
18:39:11.465 I (345315) wifi:[ADDBA]RX DELBA, reason:37, delete tid:0, initiator:1(originator)
18:39:11.465 @T t=345003 s=0.000 lv=-41.4 pk=-39.6 c0=6.2 c1=11.3 kw=11.31 inf=2.78 iv=1.30 n=4 d=0 sk=0 hf=96148 hm=92132 ht=283156 pf=0 pm=0 pt=0 ru=235400 rp=239416
18:39:11.465 @T t=345089 s=0.000 lv=-41.4 pk=-40.2 c0=4.4 c1=8.5 kw=8.12 inf=3.21 iv=1.26 n=2 d=0 sk=0 hf=96148 hm=92132 ht=283156 pf=0 pm=0 pt=0 ru=235400 rp=239416
18:39:11.465 @T t=345195 s=0.000 lv=-41.9 pk=-40.2 c0=3.8 c1=10.1 kw=9.93 inf=2.45 iv=1.23 n=4 d=0 sk=0 hf=96148 hm=92132 ht=283156 pf=0 pm=0 pt=0 ru=235400 rp=239416
18:39:11.465 @I ww=marvin cut=0.50 win=5 cool=1000 tick=100 wifi=1 srv=1 li=0 ln=0
18:39:11.465 @T t=345287 s=0.000 lv=-39.9 pk=-38.6 c0=4.9 c1=10.2 kw=10.01 inf=2.84 iv=1.21 n=3 d=0 sk=0 hf=96148 hm=92132 ht=283156 pf=0 pm=0 pt=0 ru=235400 rp=239416
18:39:11.465 @T t=345393 s=0.000 lv=-40.2 pk=-38.9 c0=3.5 c1=6.5 kw=6.40 inf=2.03 iv=1.40 n=1 d=0 sk=2 hf=96148 hm=92132 ht=283156 pf=0 pm=0 pt=0 ru=235400 rp=239416
18:39:11.465 @T t=345499 s=0.000 lv=-41.1 pk=-40.4 c0=3.6 c1=5.1 kw=5.01 inf=1.54 iv=0.00 n=0 d=0 sk=3 hf=96148 hm=92132 ht=283156 pf=0 pm=0 pt=0 ru=235400 rp=239416
18:39:11.465 @T t=345605 s=0.000 lv=-41.2 pk=-40.3 c0=3.3 c1=6.1 kw=5.94 inf=1.37 iv=0.00 n=0 d=0 sk=4 hf=96148 hm=92132 ht=283156 pf=0 pm=0 pt=0 ru=235400 rp=239416
18:39:11.465 @T t=345691 s=0.000 lv=-41.3 pk=-40.1 c0=4.1 c1=5.1 kw=4.94 inf=1.85 iv=0.00 n=0 d=0 sk=2 hf=96148 hm=92132 ht=283156 pf=0 pm=0 pt=0 ru=235400 rp=239416
18:39:11.465 @T t=345797 s=0.000 lv=-40.9 pk=-38.7 c0=3.5 c1=5.1 kw=5.00 inf=1.54 iv=0.00 n=0 d=0 sk=3 hf=96148 hm=92132 ht=283156 pf=0 pm=0 pt=0 ru=235400 rp=239416
18:39:11.465 @T t=345903 s=0.000 lv=-41.3 pk=-38.5 c0=3.4 c1=6.1 kw=5.95 inf=1.37 iv=0.00 n=0 d=0 sk=4 hf=96148 hm=92132 ht=283156 pf=0 pm=0 pt=0 ru=235400 rp=239416
18:39:11.465 @T t=345989 s=0.000 lv=-40.4 pk=-38.0 c0=9.1 c1=5.8 kw=5.17 inf=1.93 iv=0.00 n=0 d=0 sk=2 hf=96148 hm=92132 ht=283156 pf=0 pm=0 pt=0 ru=235400 rp=239416
18:39:11.465 @T t=346095 s=0.000 lv=-41.2 pk=-39.1 c0=4.3 c1=5.2 kw=5.06 inf=1.55 iv=0.00 n=0 d=0 sk=3 hf=96148 hm=92132 ht=283156 pf=0 pm=0 pt=0 ru=235400 rp=239416
18:39:11.465 @T t=346201 s=0.000 lv=-39.8 pk=-38.6 c0=3.7 c1=5.1 kw=5.16 inf=1.55 iv=0.00 n=0 d=0 sk=3 hf=96148 hm=92132 ht=283156 pf=0 pm=0 pt=0 ru=235400 rp=239416
18:39:11.465 @I ww=marvin cut=0.50 win=5 cool=1000 tick=100 wifi=1 srv=1 li=0 ln=0
18:39:11.465 @T t=346293 s=0.000 lv=-40.0 pk=-39.0 c0=4.6 c1=6.2 kw=5.82 inf=1.60 iv=0.00 n=0 d=0 sk=3 hf=96148 hm=92132 ht=283156 pf=0 pm=0 pt=0 ru=235400 rp=239416
18:39:11.465 @T t=346399 s=0.000 lv=-40.8 pk=-40.1 c0=3.4 c1=5.2 kw=5.01 inf=1.54 iv=0.00 n=0 d=0 sk=3 hf=96148 hm=92132 ht=283156 pf=0 pm=0 pt=0 ru=235400 rp=239416
18:39:11.465 @T t=346505 s=0.000 lv=-39.6 pk=-38.7 c0=3.2 c1=6.1 kw=5.93 inf=1.37 iv=0.00 n=0 d=0 sk=4 hf=96148 hm=92132 ht=283156 pf=0 pm=0 pt=0 ru=235400 rp=239416
18:39:14.074 @T t=346591 s=0.000 lv=-41.4 pk=-39.0 c0=4.1 c1=5.2 kw=4.99 inf=1.86 iv=0.00 n=0 d=0 sk=2 hf=96148 hm=92132 ht=283156 pf=0 pm=0 pt=0 ru=235400 rp=239416
18:39:14.074 @T t=346697 s=0.000 lv=-39.4 pk=-38.0 c0=3.5 c1=5.1 kw=4.96 inf=1.53 iv=0.00 n=0 d=0 sk=3 hf=96148 hm=92132 ht=283156 pf=0 pm=0 pt=0 ru=235400 rp=239416
18:39:14.074 @T t=346803 s=0.000 lv=-40.2 pk=-39.1 c0=3.2 c1=6.1 kw=5.96 inf=1.38 iv=0.00 n=0 d=0 sk=4 hf=96148 hm=92132 ht=283156 pf=0 pm=0 pt=0 ru=235400 rp=239416
18:39:14.074 @T t=346889 s=0.000 lv=-39.3 pk=-38.6 c0=8.4 c1=5.1 kw=4.90 inf=1.83 iv=0.00 n=0 d=0 sk=2 hf=96148 hm=92132 ht=283156 pf=0 pm=0 pt=0 ru=235400 rp=239416
18:39:14.074 @T t=346995 s=0.000 lv=-39.6 pk=-38.1 c0=4.0 c1=5.2 kw=5.01 inf=1.54 iv=0.00 n=0 d=0 sk=3 hf=96148 hm=92132 ht=283156 pf=0 pm=0 pt=0 ru=235400 rp=239416
18:39:14.074 @T t=347101 s=0.000 lv=-40.1 pk=-38.8 c0=3.8 c1=5.1 kw=5.14 inf=1.54 iv=0.00 n=0 d=0 sk=3 hf=96148 hm=92132 ht=283156 pf=0 pm=0 pt=0 ru=235400 rp=239416
18:39:14.074 @T t=347187 s=0.000 lv=-40.3 pk=-39.7 c0=3.9 c1=6.7 kw=6.25 inf=1.61 iv=0.00 n=0 d=0 sk=3 hf=96148 hm=92132 ht=283156 pf=0 pm=0 pt=0 ru=235400 rp=239416
18:39:14.074 @I ww=marvin cut=0.50 win=5 cool=1000 tick=100 wifi=1 srv=1 li=0 ln=0
18:39:14.074 @T t=347299 s=0.000 lv=-40.2 pk=-38.9 c0=4.0 c1=4.8 kw=4.69 inf=1.53 iv=0.00 n=0 d=0 sk=3 hf=96148 hm=92132 ht=283156 pf=0 pm=0 pt=0 ru=235400 rp=239416
18:39:14.074 @T t=347405 s=0.000 lv=-39.9 pk=-39.0 c0=3.3 c1=6.1 kw=5.97 inf=1.38 iv=0.00 n=0 d=0 sk=4 hf=96148 hm=92132 ht=283156 pf=0 pm=0 pt=0 ru=235400 rp=239416
18:39:14.074 @T t=347491 s=0.000 lv=-40.7 pk=-39.0 c0=7.7 c1=5.0 kw=4.88 inf=1.83 iv=0.00 n=0 d=0 sk=2 hf=96148 hm=92132 ht=283156 pf=0 pm=0 pt=0 ru=235400 rp=239416
18:39:14.075 @T t=347597 s=0.000 lv=-41.4 pk=-40.5 c0=3.0 c1=5.0 kw=4.90 inf=1.51 iv=0.00 n=0 d=0 sk=3 hf=96148 hm=92132 ht=283156 pf=0 pm=0 pt=0 ru=235400 rp=239416
18:39:14.075 @T t=347703 s=0.000 lv=-40.8 pk=-39.7 c0=3.1 c1=6.1 kw=5.91 inf=1.37 iv=0.00 n=0 d=0 sk=4 hf=96148 hm=92132 ht=283156 pf=0 pm=0 pt=0 ru=235400 rp=239416
18:39:14.075 @T t=347789 s=0.000 lv=-40.4 pk=-39.3 c0=7.7 c1=5.1 kw=4.93 inf=1.85 iv=0.00 n=0 d=0 sk=2 hf=96148 hm=92132 ht=283156 pf=0 pm=0 pt=0 ru=235400 rp=239416
18:39:14.075 @T t=347895 s=0.000 lv=-40.4 pk=-39.1 c0=3.3 c1=5.1 kw=4.94 inf=1.52 iv=0.00 n=0 d=0 sk=3 hf=96148 hm=92132 ht=283156 pf=0 pm=0 pt=0 ru=235400 rp=239416
18:39:14.075 @T t=348002 s=0.000 lv=-40.5 pk=-39.2 c0=5.5 c1=6.1 kw=6.05 inf=1.41 iv=0.00 n=0 d=0 sk=4 hf=94384 hm=92132 ht=283156 pf=0 pm=0 pt=0 ru=237164 rp=239416
18:39:14.075 @T t=348089 s=0.000 lv=-41.5 pk=-40.7 c0=9.8 c1=5.7 kw=4.94 inf=1.87 iv=0.00 n=0 d=0 sk=2 hf=95952 hm=92132 ht=283156 pf=0 pm=0 pt=0 ru=235596 rp=239416
18:39:14.075 @T t=348195 s=0.000 lv=-40.2 pk=-38.5 c0=3.6 c1=5.1 kw=4.97 inf=1.53 iv=0.00 n=0 d=0 sk=3 hf=96148 hm=92132 ht=283156 pf=0 pm=0 pt=0 ru=235400 rp=239416
18:39:14.075 @I ww=marvin cut=0.50 win=5 cool=1000 tick=100 wifi=1 srv=1 li=0 ln=0
18:39:14.075 @T t=348287 s=0.000 lv=-39.6 pk=-38.2 c0=13.8 c1=6.0 kw=5.76 inf=1.54 iv=0.00 n=0 d=0 sk=3 hf=96148 hm=92132 ht=283156 pf=0 pm=0 pt=0 ru=235400 rp=239416
18:39:14.075 @T t=348393 s=0.000 lv=-40.4 pk=-38.0 c0=3.3 c1=5.1 kw=4.97 inf=1.53 iv=0.00 n=0 d=0 sk=3 hf=96148 hm=92132 ht=283156 pf=0 pm=0 pt=0 ru=235400 rp=239416
18:39:14.075 @T t=348499 s=0.000 lv=-40.3 pk=-38.6 c0=3.4 c1=5.1 kw=4.95 inf=1.52 iv=0.00 n=0 d=0 sk=3 hf=96148 hm=92132 ht=283156 pf=0 pm=0 pt=0 ru=235400 rp=239416
18:39:14.075 @T t=348605 s=0.000 lv=-40.8 pk=-39.8 c0=3.3 c1=6.1 kw=5.96 inf=1.38 iv=0.00 n=0 d=0 sk=4 hf=96148 hm=92132 ht=283156 pf=0 pm=0 pt=0 ru=235400 rp=239416
18:39:14.075 @T t=348691 s=0.000 lv=-41.2 pk=-40.1 c0=3.7 c1=5.0 kw=4.89 inf=1.83 iv=0.00 n=0 d=0 sk=2 hf=96148 hm=92132 ht=283156 pf=0 pm=0 pt=0 ru=235400 rp=239416
18:39:14.075 @T t=348797 s=0.000 lv=-40.4 pk=-39.2 c0=3.0 c1=5.1 kw=4.93 inf=1.52 iv=0.00 n=0 d=0 sk=3 hf=96148 hm=92132 ht=283156 pf=0 pm=0 pt=0 ru=235400 rp=239416
18:39:14.075 @T t=348903 s=0.000 lv=-41.5 pk=-39.8 c0=3.2 c1=6.1 kw=5.91 inf=1.36 iv=0.00 n=0 d=0 sk=4 hf=96148 hm=92132 ht=283156 pf=0 pm=0 pt=0 ru=235400 rp=239416
18:39:14.075 @T t=348989 s=0.000 lv=-41.2 pk=-40.3 c0=3.8 c1=5.0 kw=4.89 inf=1.83 iv=0.00 n=0 d=0 sk=2 hf=96148 hm=92132 ht=283156 pf=0 pm=0 pt=0 ru=235400 rp=239416
18:39:14.075 @T t=349095 s=0.000 lv=-40.8 pk=-39.3 c0=3.7 c1=5.1 kw=4.95 inf=1.52 iv=0.00 n=0 d=0 sk=3 hf=96148 hm=92132 ht=283156 pf=0 pm=0 pt=0 ru=235400 rp=239416
18:39:16.372 @T t=349201 s=0.000 lv=-41.9 pk=-41.2 c0=3.2 c1=5.0 kw=5.13 inf=1.54 iv=0.00 n=0 d=0 sk=3 hf=96148 hm=92132 ht=283156 pf=0 pm=0 pt=0 ru=235400 rp=239416
18:39:16.372 @I ww=marvin cut=0.50 win=5 cool=1000 tick=100 wifi=1 srv=1 li=0 ln=0
18:39:16.372 @T t=349293 s=0.000 lv=-41.0 pk=-39.0 c0=4.4 c1=6.2 kw=5.75 inf=1.58 iv=0.00 n=0 d=0 sk=3 hf=96148 hm=92132 ht=283156 pf=0 pm=0 pt=0 ru=235400 rp=239416
18:39:16.372 @T t=349399 s=0.000 lv=-42.1 pk=-41.5 c0=6.7 c1=5.1 kw=4.95 inf=1.52 iv=0.00 n=0 d=0 sk=3 hf=96148 hm=92132 ht=283156 pf=0 pm=0 pt=0 ru=235400 rp=239416
18:39:16.372 @T t=349505 s=0.000 lv=-40.8 pk=-39.8 c0=3.5 c1=6.2 kw=5.98 inf=1.38 iv=0.00 n=0 d=0 sk=4 hf=96148 hm=92132 ht=283156 pf=0 pm=0 pt=0 ru=235400 rp=239416
18:39:16.372 @T t=349591 s=0.000 lv=-41.8 pk=-40.5 c0=4.0 c1=5.0 kw=4.90 inf=1.84 iv=0.00 n=0 d=0 sk=2 hf=96148 hm=92132 ht=283156 pf=0 pm=0 pt=0 ru=235400 rp=239416
18:39:16.372 @T t=349697 s=0.000 lv=-41.6 pk=-39.6 c0=3.3 c1=5.1 kw=4.94 inf=1.52 iv=0.00 n=0 d=0 sk=3 hf=96148 hm=92132 ht=283156 pf=0 pm=0 pt=0 ru=235400 rp=239416
18:39:16.372 @T t=349803 s=0.000 lv=-41.2 pk=-39.7 c0=3.2 c1=6.1 kw=5.93 inf=1.37 iv=0.00 n=0 d=0 sk=4 hf=96148 hm=92132 ht=283156 pf=0 pm=0 pt=0 ru=235400 rp=239416
18:39:16.372 @T t=349889 s=0.000 lv=-40.8 pk=-39.2 c0=8.4 c1=5.1 kw=4.96 inf=1.86 iv=0.00 n=0 d=0 sk=2 hf=96148 hm=92132 ht=283156 pf=0 pm=0 pt=0 ru=235400 rp=239416
18:39:16.372 @T t=349995 s=0.000 lv=-40.2 pk=-38.8 c0=3.2 c1=5.1 kw=4.97 inf=1.53 iv=0.00 n=0 d=0 sk=3 hf=96148 hm=92132 ht=283156 pf=0 pm=0 pt=0 ru=235400 rp=239416
18:39:16.373 @T t=350101 s=0.000 lv=-39.9 pk=-38.9 c0=10.9 c1=5.7 kw=5.32 inf=1.59 iv=0.00 n=0 d=0 sk=3 hf=96148 hm=92132 ht=283156 pf=0 pm=0 pt=0 ru=235400 rp=239416
18:39:16.373 @T t=350187 s=0.000 lv=-41.8 pk=-41.1 c0=8.6 c1=6.8 kw=6.35 inf=1.64 iv=0.00 n=0 d=0 sk=3 hf=96148 hm=92132 ht=283156 pf=0 pm=0 pt=0 ru=235400 rp=239416
18:39:16.373 @I ww=marvin cut=0.50 win=5 cool=1000 tick=100 wifi=1 srv=1 li=0 ln=0
18:39:16.373 @T t=350299 s=0.000 lv=-39.8 pk=-37.8 c0=3.8 c1=4.8 kw=4.69 inf=1.53 iv=0.00 n=0 d=0 sk=3 hf=96148 hm=92132 ht=283156 pf=0 pm=0 pt=0 ru=235400 rp=239416
18:39:16.373 @T t=350405 s=0.000 lv=-40.8 pk=-39.9 c0=6.6 c1=6.2 kw=5.97 inf=1.38 iv=0.00 n=0 d=0 sk=4 hf=96148 hm=92132 ht=283156 pf=0 pm=0 pt=0 ru=235400 rp=239416
18:39:16.373 @T t=350491 s=0.000 lv=-40.6 pk=-38.9 c0=4.4 c1=5.1 kw=4.94 inf=1.85 iv=0.00 n=0 d=0 sk=2 hf=96148 hm=92132 ht=283156 pf=0 pm=0 pt=0 ru=235400 rp=239416
18:39:16.373 @T t=350597 s=0.000 lv=-39.5 pk=-38.8 c0=3.5 c1=5.1 kw=4.98 inf=1.53 iv=0.00 n=0 d=0 sk=3 hf=96148 hm=92132 ht=283156 pf=0 pm=0 pt=0 ru=235400 rp=239416
18:39:16.373 @T t=350703 s=0.000 lv=-41.4 pk=-40.4 c0=3.5 c1=6.1 kw=5.96 inf=1.38 iv=0.00 n=0 d=0 sk=4 hf=96148 hm=92132 ht=283156 pf=0 pm=0 pt=0 ru=235400 rp=239416
18:39:16.373 @T t=350789 s=0.000 lv=-41.8 pk=-40.5 c0=3.9 c1=5.0 kw=4.91 inf=1.84 iv=0.00 n=0 d=0 sk=2 hf=96148 hm=92132 ht=283156 pf=0 pm=0 pt=0 ru=235400 rp=239416
18:39:16.373 @T t=350895 s=0.000 lv=-40.1 pk=-38.7 c0=6.8 c1=5.2 kw=4.99 inf=1.54 iv=0.00 n=0 d=0 sk=3 hf=96148 hm=92132 ht=283156 pf=0 pm=0 pt=0 ru=235400 rp=239416
18:39:16.373 @T t=351001 s=0.000 lv=-40.8 pk=-38.5 c0=3.6 c1=5.1 kw=5.14 inf=1.54 iv=0.00 n=0 d=0 sk=3 hf=96148 hm=92132 ht=283156 pf=0 pm=0 pt=0 ru=235400 rp=239416
18:39:16.373 @T t=351087 s=0.000 lv=-39.9 pk=-39.1 c0=5.1 c1=6.7 kw=6.23 inf=1.60 iv=0.00 n=0 d=0 sk=3 hf=96148 hm=92132 ht=283156 pf=0 pm=0 pt=0 ru=235400 rp=239416
18:39:16.373 @T t=351193 s=0.000 lv=-39.8 pk=-38.3 c0=3.7 c1=5.2 kw=5.03 inf=1.55 iv=0.00 n=0 d=0 sk=3 hf=96148 hm=92132 ht=283156 pf=0 pm=0 pt=0 ru=235400 rp=239416
18:39:16.373 @I ww=marvin cut=0.50 win=5 cool=1000 tick=100 wifi=1 srv=1 li=0 ln=0
18:39:16.373 @T t=351305 s=0.000 lv=-40.4 pk=-38.7 c0=4.0 c1=5.8 kw=5.65 inf=1.38 iv=0.00 n=0 d=0 sk=4 hf=96148 hm=92132 ht=283156 pf=0 pm=0 pt=0 ru=235400 rp=239416
18:39:16.373 @T t=351391 s=0.000 lv=-40.0 pk=-38.9 c0=4.0 c1=5.1 kw=4.95 inf=1.85 iv=0.00 n=0 d=0 sk=2 hf=96148 hm=92132 ht=283156 pf=0 pm=0 pt=0 ru=235400 rp=239416
18:39:16.373 [status] up 351s | mic -40.5 dBFS (peak -35.3) | score max 0.00 | detections 0 | inferences 63 (6.3/s; model 1.17 ms each, paused in quiet 80%; features 1.49 ms per 30 ms) | CPU core0  4.7% core1  6.3% (wake word pipeline 6.09% of one core) | RAM used 229 KB (peak 233 KB, 93 KB free) | wifi OK, server OK | audio lost since boot: i2s 0 net 0
18:39:18.955 @T t=351499 s=0.000 lv=-41.7 pk=-40.6 c0=7.6 c1=5.1 kw=4.92 inf=1.54 iv=0.00 n=0 d=0 sk=3 hf=96148 hm=92132 ht=283156 pf=0 pm=0 pt=0 ru=235400 rp=239416
18:39:18.955 @T t=351605 s=0.000 lv=-41.1 pk=-39.1 c0=3.5 c1=6.2 kw=5.98 inf=1.38 iv=0.00 n=0 d=0 sk=4 hf=96148 hm=92132 ht=283156 pf=0 pm=0 pt=0 ru=235400 rp=239416
18:39:18.955 @T t=351691 s=0.000 lv=-40.2 pk=-39.2 c0=3.8 c1=5.1 kw=4.93 inf=1.85 iv=0.00 n=0 d=0 sk=2 hf=96148 hm=92132 ht=283156 pf=0 pm=0 pt=0 ru=235400 rp=239416
18:39:18.955 @T t=351797 s=0.000 lv=-41.7 pk=-40.8 c0=3.4 c1=5.1 kw=4.94 inf=1.52 iv=0.00 n=0 d=0 sk=3 hf=96148 hm=92132 ht=283156 pf=0 pm=0 pt=0 ru=235400 rp=239416
18:39:18.955 @T t=351903 s=0.000 lv=-39.9 pk=-38.6 c0=3.6 c1=6.1 kw=5.96 inf=1.38 iv=0.00 n=0 d=0 sk=4 hf=96148 hm=92132 ht=283156 pf=0 pm=0 pt=0 ru=235400 rp=239416
18:39:18.955 @T t=351989 s=0.000 lv=-39.0 pk=-37.9 c0=4.2 c1=5.1 kw=4.98 inf=1.87 iv=0.00 n=0 d=0 sk=2 hf=96148 hm=92132 ht=283156 pf=0 pm=0 pt=0 ru=235400 rp=239416
18:39:18.955 @T t=352095 s=0.000 lv=-40.4 pk=-38.9 c0=5.2 c1=5.3 kw=5.06 inf=1.55 iv=0.00 n=0 d=0 sk=3 hf=94384 hm=92132 ht=283156 pf=0 pm=0 pt=0 ru=237164 rp=239416
18:39:18.955 @T t=352201 s=0.000 lv=-40.6 pk=-39.5 c0=8.1 c1=5.6 kw=5.26 inf=1.58 iv=0.00 n=0 d=0 sk=3 hf=96148 hm=92132 ht=283156 pf=0 pm=0 pt=0 ru=235400 rp=239416
18:39:18.955 @I ww=marvin cut=0.50 win=5 cool=1000 tick=100 wifi=1 srv=1 li=0 ln=0
18:39:18.955 @T t=352293 s=0.000 lv=-42.2 pk=-41.7 c0=5.3 c1=6.2 kw=5.86 inf=1.61 iv=0.00 n=0 d=0 sk=3 hf=96148 hm=92132 ht=283156 pf=0 pm=0 pt=0 ru=235400 rp=239416
18:39:18.955 @T t=352399 s=0.000 lv=-41.0 pk=-39.7 c0=4.1 c1=5.2 kw=5.01 inf=1.54 iv=0.00 n=0 d=0 sk=3 hf=95952 hm=92132 ht=283156 pf=0 pm=0 pt=0 ru=235596 rp=239416
18:39:18.955 @T t=352505 s=0.000 lv=-41.1 pk=-40.2 c0=4.1 c1=6.2 kw=6.00 inf=1.38 iv=0.00 n=0 d=0 sk=4 hf=96148 hm=92132 ht=283156 pf=0 pm=0 pt=0 ru=235400 rp=239416
18:39:18.955 @T t=352591 s=0.000 lv=-41.2 pk=-40.5 c0=5.1 c1=5.7 kw=4.98 inf=1.87 iv=0.00 n=0 d=0 sk=2 hf=96148 hm=92132 ht=283156 pf=0 pm=0 pt=0 ru=235400 rp=239416
18:39:18.955 @T t=352697 s=0.000 lv=-41.5 pk=-39.8 c0=6.6 c1=5.0 kw=4.92 inf=1.51 iv=0.00 n=0 d=0 sk=3 hf=96148 hm=92132 ht=283156 pf=0 pm=0 pt=0 ru=235400 rp=239416
18:39:18.955 @T t=352803 s=0.000 lv=-41.4 pk=-39.3 c0=3.3 c1=6.1 kw=5.96 inf=1.38 iv=0.00 n=0 d=0 sk=4 hf=96148 hm=92132 ht=283156 pf=0 pm=0 pt=0 ru=235400 rp=239416
18:39:18.955 @T t=352889 s=0.000 lv=-41.8 pk=-40.9 c0=4.5 c1=5.1 kw=4.97 inf=1.86 iv=0.00 n=0 d=0 sk=2 hf=96148 hm=92132 ht=283156 pf=0 pm=0 pt=0 ru=235400 rp=239416
18:39:18.955 @T t=352995 s=0.000 lv=-42.3 pk=-41.4 c0=3.6 c1=5.1 kw=4.99 inf=1.53 iv=0.00 n=0 d=0 sk=3 hf=96148 hm=92132 ht=283156 pf=0 pm=0 pt=0 ru=235400 rp=239416
18:39:18.955 @T t=353101 s=0.000 lv=-40.9 pk=-39.6 c0=3.4 c1=5.0 kw=5.09 inf=1.53 iv=0.00 n=0 d=0 sk=3 hf=96148 hm=92132 ht=283156 pf=0 pm=0 pt=0 ru=235400 rp=239416
18:39:18.956 @T t=353187 s=0.000 lv=-41.3 pk=-39.9 c0=8.9 c1=6.7 kw=6.25 inf=1.61 iv=0.00 n=0 d=0 sk=3 hf=96148 hm=92132 ht=283156 pf=0 pm=0 pt=0 ru=235400 rp=239416
18:39:18.956 @I ww=marvin cut=0.50 win=5 cool=1000 tick=100 wifi=1 srv=1 li=0 ln=0
18:39:18.956 @T t=353299 s=0.000 lv=-42.1 pk=-41.1 c0=4.1 c1=4.8 kw=4.69 inf=1.52 iv=0.00 n=0 d=0 sk=3 hf=96148 hm=92132 ht=283156 pf=0 pm=0 pt=0 ru=235400 rp=239416
18:39:18.956 @T t=353405 s=0.000 lv=-40.6 pk=-39.7 c0=3.3 c1=6.1 kw=5.95 inf=1.37 iv=0.00 n=0 d=0 sk=4 hf=96148 hm=92132 ht=283156 pf=0 pm=0 pt=0 ru=235400 rp=239416
18:39:18.956 @T t=353491 s=0.000 lv=-38.5 pk=-37.3 c0=4.1 c1=5.1 kw=4.93 inf=1.84 iv=0.00 n=0 d=0 sk=2 hf=96148 hm=92132 ht=283156 pf=0 pm=0 pt=0 ru=235400 rp=239416
18:39:18.956 @T t=353597 s=0.000 lv=-37.4 pk=-35.2 c0=3.7 c1=15.8 kw=15.60 inf=1.32 iv=1.00 n=11 d=0 sk=1 hf=96148 hm=92132 ht=283156 pf=0 pm=0 pt=0 ru=235400 rp=239416
18:39:18.956 @T t=353703 s=0.000 lv=-38.7 pk=-36.8 c0=3.9 c1=11.0 kw=10.82 inf=2.65 iv=1.19 n=4 d=0 sk=0 hf=96148 hm=92132 ht=283156 pf=0 pm=0 pt=0 ru=235400 rp=239416
18:39:18.956 @T t=353789 s=0.000 lv=-41.5 pk=-40.8 c0=4.6 c1=9.7 kw=9.52 inf=2.54 iv=1.23 n=3 d=0 sk=0 hf=96148 hm=92132 ht=283156 pf=0 pm=0 pt=0 ru=235400 rp=239416
18:39:18.956 @T t=353895 s=0.000 lv=-40.3 pk=-39.3 c0=3.6 c1=8.6 kw=8.48 inf=2.76 iv=1.16 n=3 d=0 sk=0 hf=96148 hm=92132 ht=283156 pf=0 pm=0 pt=0 ru=235400 rp=239416
18:39:18.956 @T t=354001 s=0.000 lv=-40.8 pk=-39.4 c0=3.8 c1=9.8 kw=9.85 inf=2.40 iv=1.18 n=4 d=0 sk=0 hf=96148 hm=92132 ht=283156 pf=0 pm=0 pt=0 ru=235400 rp=239416
18:39:21.464 @T t=354087 s=0.000 lv=-41.0 pk=-39.6 c0=4.8 c1=11.4 kw=10.89 inf=2.93 iv=1.24 n=3 d=0 sk=0 hf=96148 hm=92132 ht=283156 pf=0 pm=0 pt=0 ru=235400 rp=239416
18:39:21.464 @T t=354193 s=0.000 lv=-39.9 pk=-38.7 c0=5.6 c1=9.2 kw=9.01 inf=2.94 iv=1.31 n=3 d=0 sk=0 hf=94384 hm=92132 ht=283156 pf=0 pm=0 pt=0 ru=237164 rp=239416
18:39:21.464 @I ww=marvin cut=0.50 win=5 cool=1000 tick=100 wifi=1 srv=1 li=0 ln=0
18:39:21.465 @T t=354305 s=0.000 lv=-40.6 pk=-38.5 c0=4.9 c1=10.7 kw=10.44 inf=2.71 iv=1.24 n=4 d=0 sk=0 hf=94588 hm=92132 ht=283156 pf=0 pm=0 pt=0 ru=236960 rp=239416
18:39:21.465 @T t=354391 s=0.000 lv=-38.6 pk=-36.8 c0=4.8 c1=10.0 kw=9.78 inf=2.61 iv=1.28 n=3 d=0 sk=0 hf=94588 hm=92132 ht=283156 pf=0 pm=0 pt=0 ru=236960 rp=239416
18:39:21.465 @T t=354497 s=0.000 lv=-38.7 pk=-37.2 c0=3.8 c1=8.8 kw=8.61 inf=2.80 iv=1.18 n=3 d=0 sk=0 hf=94588 hm=92132 ht=283156 pf=0 pm=0 pt=0 ru=236960 rp=239416
18:39:21.465 @T t=354603 s=0.000 lv=-40.0 pk=-38.7 c0=3.6 c1=10.9 kw=10.72 inf=2.63 iv=1.18 n=4 d=0 sk=0 hf=94588 hm=92132 ht=283156 pf=0 pm=0 pt=0 ru=236960 rp=239416
18:39:21.465 @T t=354689 s=0.000 lv=-39.5 pk=-39.0 c0=4.2 c1=9.6 kw=9.39 inf=2.50 iv=1.20 n=3 d=0 sk=0 hf=94588 hm=92132 ht=283156 pf=0 pm=0 pt=0 ru=236960 rp=239416
18:39:21.465 @T t=354795 s=0.000 lv=-37.8 pk=-35.8 c0=6.6 c1=8.4 kw=8.27 inf=2.69 iv=1.12 n=3 d=0 sk=0 hf=94588 hm=92132 ht=283156 pf=0 pm=0 pt=0 ru=236960 rp=239416
18:39:21.465 @T t=354901 s=0.000 lv=-37.3 pk=-35.1 c0=4.2 c1=10.2 kw=10.23 inf=2.49 iv=1.27 n=4 d=0 sk=0 hf=94588 hm=92132 ht=283156 pf=0 pm=0 pt=0 ru=236960 rp=239416
18:39:21.465 @T t=354987 s=0.000 lv=-39.6 pk=-38.9 c0=4.3 c1=11.4 kw=10.95 inf=2.95 iv=1.21 n=3 d=0 sk=0 hf=94588 hm=92132 ht=283156 pf=0 pm=0 pt=0 ru=236960 rp=239416
18:39:21.465 @T t=355093 s=0.000 lv=-42.3 pk=-41.5 c0=3.6 c1=8.7 kw=8.54 inf=2.78 iv=1.18 n=3 d=0 sk=0 hf=94588 hm=92132 ht=283156 pf=0 pm=0 pt=0 ru=236960 rp=239416
18:39:21.465 @T t=355199 s=0.000 lv=-40.1 pk=-39.1 c0=3.9 c1=10.0 kw=9.81 inf=2.42 iv=1.21 n=4 d=0 sk=0 hf=94588 hm=92132 ht=283156 pf=0 pm=0 pt=0 ru=236960 rp=239416
18:39:21.465 @I ww=marvin cut=0.50 win=5 cool=1000 tick=100 wifi=1 srv=1 li=0 ln=0
18:39:21.465 @T t=355290 s=0.000 lv=-41.4 pk=-40.6 c0=13.1 c1=10.3 kw=10.07 inf=2.82 iv=1.20 n=3 d=0 sk=0 hf=94588 hm=92132 ht=283156 pf=0 pm=0 pt=0 ru=236960 rp=239416
18:39:21.465 @T t=355396 s=0.000 lv=-40.7 pk=-39.9 c0=4.8 c1=9.2 kw=9.03 inf=2.95 iv=1.32 n=3 d=0 sk=0 hf=94588 hm=92132 ht=283156 pf=0 pm=0 pt=0 ru=236960 rp=239416
18:39:21.465 @T t=355502 s=0.000 lv=-41.2 pk=-39.5 c0=3.7 c1=10.7 kw=10.68 inf=2.62 iv=1.18 n=4 d=0 sk=0 hf=94588 hm=92132 ht=283156 pf=0 pm=0 pt=0 ru=236960 rp=239416
18:39:21.465 @T t=355588 s=0.000 lv=-40.3 pk=-39.2 c0=4.3 c1=9.6 kw=9.15 inf=2.44 iv=1.15 n=3 d=0 sk=0 hf=94588 hm=92132 ht=283156 pf=0 pm=0 pt=0 ru=236960 rp=239416
18:39:21.465 @T t=355694 s=0.000 lv=-41.1 pk=-39.6 c0=3.4 c1=8.5 kw=8.38 inf=2.73 iv=1.15 n=3 d=0 sk=0 hf=94588 hm=92132 ht=283156 pf=0 pm=0 pt=0 ru=236960 rp=239416
18:39:21.465 @T t=355800 s=0.000 lv=-40.9 pk=-40.1 c0=3.4 c1=9.6 kw=9.38 inf=2.31 iv=1.12 n=4 d=0 sk=0 hf=94588 hm=92132 ht=283156 pf=0 pm=0 pt=0 ru=236960 rp=239416
18:39:21.465 @T t=355889 s=0.000 lv=-40.8 pk=-38.7 c0=10.9 c1=10.5 kw=10.28 inf=2.81 iv=1.17 n=3 d=0 sk=0 hf=94588 hm=92132 ht=283156 pf=0 pm=0 pt=0 ru=236960 rp=239416
18:39:21.465 @T t=355995 s=0.000 lv=-41.5 pk=-40.7 c0=3.5 c1=8.4 kw=8.26 inf=2.69 iv=1.11 n=3 d=0 sk=0 hf=94588 hm=92132 ht=283156 pf=0 pm=0 pt=0 ru=236960 rp=239416
18:39:21.466 @T t=356101 s=0.000 lv=-40.2 pk=-37.5 c0=4.0 c1=9.8 kw=9.83 inf=2.39 iv=1.17 n=4 d=0 sk=0 hf=94588 hm=92132 ht=283156 pf=0 pm=0 pt=0 ru=236960 rp=239416
18:39:21.466 @T t=356187 s=0.000 lv=-38.9 pk=-38.0 c0=6.0 c1=12.3 kw=11.29 inf=3.04 iv=1.28 n=3 d=0 sk=0 hf=93024 hm=92132 ht=283156 pf=0 pm=0 pt=0 ru=238524 rp=239416
18:39:21.466 @I ww=marvin cut=0.50 win=5 cool=1000 tick=100 wifi=1 srv=1 li=0 ln=0
18:39:21.466 @T t=356298 s=0.000 lv=-40.1 pk=-39.1 c0=4.0 c1=8.1 kw=7.97 inf=2.72 iv=1.13 n=3 d=0 sk=0 hf=93024 hm=92132 ht=283156 pf=0 pm=0 pt=0 ru=238524 rp=239416
18:39:21.466 @T t=356404 s=0.000 lv=-40.3 pk=-38.4 c0=3.6 c1=10.7 kw=10.52 inf=2.58 iv=1.14 n=4 d=0 sk=0 hf=93024 hm=92132 ht=283156 pf=0 pm=0 pt=0 ru=238524 rp=239416
18:39:21.466 @T t=356490 s=0.000 lv=-40.1 pk=-39.3 c0=8.1 c1=8.3 kw=7.88 inf=2.07 iv=1.21 n=2 d=0 sk=1 hf=93024 hm=91236 ht=283156 pf=0 pm=0 pt=0 ru=238524 rp=240312
18:39:23.972 @T t=356596 s=0.000 lv=-40.2 pk=-38.3 c0=6.1 c1=5.1 kw=4.99 inf=1.54 iv=0.00 n=0 d=0 sk=3 hf=93024 hm=91236 ht=283156 pf=0 pm=0 pt=0 ru=238524 rp=240312
18:39:23.972 @T t=356702 s=0.000 lv=-41.0 pk=-39.9 c0=3.0 c1=5.9 kw=5.88 inf=1.36 iv=0.00 n=0 d=0 sk=4 hf=93024 hm=91236 ht=283156 pf=0 pm=0 pt=0 ru=238524 rp=240312
18:39:23.972 @T t=356788 s=0.000 lv=-41.1 pk=-39.8 c0=3.7 c1=5.1 kw=4.84 inf=1.81 iv=0.00 n=0 d=0 sk=2 hf=93024 hm=91236 ht=283156 pf=0 pm=0 pt=0 ru=238524 rp=240312
18:39:23.972 @T t=356894 s=0.000 lv=-40.7 pk=-39.0 c0=3.2 c1=5.1 kw=4.93 inf=1.52 iv=0.00 n=0 d=0 sk=3 hf=93024 hm=91236 ht=283156 pf=0 pm=0 pt=0 ru=238524 rp=240312
18:39:23.972 @T t=357000 s=0.000 lv=-40.2 pk=-38.7 c0=3.1 c1=5.1 kw=4.94 inf=1.52 iv=0.00 n=0 d=0 sk=3 hf=93024 hm=91236 ht=283156 pf=0 pm=0 pt=0 ru=238524 rp=240312
18:39:23.972 @T t=357086 s=0.000 lv=-41.1 pk=-41.0 c0=7.9 c1=6.3 kw=6.13 inf=1.53 iv=0.00 n=0 d=0 sk=3 hf=93024 hm=91236 ht=283156 pf=0 pm=0 pt=0 ru=238524 rp=240312
18:39:23.973 @T t=357192 s=0.000 lv=-40.2 pk=-37.7 c0=4.0 c1=5.2 kw=5.00 inf=1.54 iv=0.00 n=0 d=0 sk=3 hf=93024 hm=91236 ht=283156 pf=0 pm=0 pt=0 ru=238524 rp=240312
18:39:23.973 @I ww=marvin cut=0.50 win=5 cool=1000 tick=100 wifi=1 srv=1 li=0 ln=0
18:39:23.973 @T t=357304 s=0.000 lv=-40.9 pk=-39.3 c0=3.9 c1=5.8 kw=5.63 inf=1.37 iv=0.00 n=0 d=0 sk=4 hf=93024 hm=91236 ht=283156 pf=0 pm=0 pt=0 ru=238524 rp=240312
18:39:23.973 @T t=357390 s=0.000 lv=-40.7 pk=-39.5 c0=3.8 c1=5.0 kw=4.84 inf=1.81 iv=0.00 n=0 d=0 sk=2 hf=93024 hm=91236 ht=283156 pf=0 pm=0 pt=0 ru=238524 rp=240312
18:39:23.973 @T t=357496 s=0.000 lv=-40.8 pk=-38.7 c0=3.0 c1=5.1 kw=4.93 inf=1.52 iv=0.00 n=0 d=0 sk=3 hf=93024 hm=91236 ht=283156 pf=0 pm=0 pt=0 ru=238524 rp=240312
18:39:23.973 @T t=357602 s=0.000 lv=-41.0 pk=-39.2 c0=6.3 c1=5.9 kw=5.90 inf=1.36 iv=0.00 n=0 d=0 sk=4 hf=93024 hm=91236 ht=283156 pf=0 pm=0 pt=0 ru=238524 rp=240312
18:39:23.973 @T t=357688 s=0.000 lv=-40.6 pk=-39.2 c0=3.7 c1=5.2 kw=4.86 inf=1.82 iv=0.00 n=0 d=0 sk=2 hf=93024 hm=91236 ht=283156 pf=0 pm=0 pt=0 ru=238524 rp=240312
18:39:23.973 @T t=357794 s=0.000 lv=-41.3 pk=-40.0 c0=6.3 c1=5.0 kw=4.91 inf=1.51 iv=0.00 n=0 d=0 sk=3 hf=93024 hm=91236 ht=283156 pf=0 pm=0 pt=0 ru=238524 rp=240312
18:39:23.973 @T t=357900 s=0.000 lv=-41.3 pk=-40.7 c0=6.4 c1=5.1 kw=4.92 inf=1.51 iv=0.00 n=0 d=0 sk=3 hf=93024 hm=91236 ht=283156 pf=0 pm=0 pt=0 ru=238524 rp=240312
18:39:23.973 @T t=357986 s=0.000 lv=-41.5 pk=-39.4 c0=7.8 c1=6.3 kw=6.12 inf=1.52 iv=0.00 n=0 d=0 sk=3 hf=93024 hm=91236 ht=283156 pf=0 pm=0 pt=0 ru=238524 rp=240312
18:39:23.973 @T t=358092 s=0.000 lv=-38.6 pk=-35.7 c0=3.2 c1=14.3 kw=14.10 inf=1.19 iv=0.96 n=10 d=0 sk=2 hf=93024 hm=91236 ht=283156 pf=0 pm=0 pt=0 ru=238524 rp=240312
18:39:23.973 @T t=358198 s=0.000 lv=-39.8 pk=-38.9 c0=5.6 c1=9.5 kw=9.03 inf=2.94 iv=1.29 n=3 d=0 sk=0 hf=91460 hm=89676 ht=283156 pf=0 pm=0 pt=0 ru=240088 rp=241872
18:39:23.973 @I ww=marvin cut=0.50 win=5 cool=1000 tick=100 wifi=1 srv=1 li=0 ln=0
18:39:23.973 @T t=358290 s=0.000 lv=-41.8 pk=-41.1 c0=5.5 c1=12.0 kw=11.75 inf=2.52 iv=1.29 n=4 d=0 sk=0 hf=91460 hm=89676 ht=283156 pf=0 pm=0 pt=0 ru=240088 rp=241872
18:39:23.974 @T t=358396 s=0.000 lv=-40.5 pk=-39.2 c0=8.0 c1=11.8 kw=9.57 inf=3.14 iv=1.46 n=3 d=0 sk=0 hf=96148 hm=89676 ht=283156 pf=0 pm=0 pt=0 ru=235400 rp=241872
18:39:23.974 @T t=358502 s=0.000 lv=-41.9 pk=-41.1 c0=3.5 c1=9.7 kw=8.82 inf=2.83 iv=1.22 n=3 d=0 sk=0 hf=96148 hm=89676 ht=283156 pf=0 pm=0 pt=0 ru=235400 rp=241872
18:39:23.974 @T t=358588 s=0.000 lv=-41.3 pk=-40.3 c0=4.9 c1=11.9 kw=12.52 inf=2.54 iv=1.25 n=4 d=0 sk=0 hf=96148 hm=89676 ht=283156 pf=0 pm=0 pt=0 ru=235400 rp=241872
18:39:23.974 @T t=358694 s=0.000 lv=-41.4 pk=-39.9 c0=3.4 c1=8.7 kw=8.59 inf=2.80 iv=1.20 n=3 d=0 sk=0 hf=96148 hm=89676 ht=283156 pf=0 pm=0 pt=0 ru=235400 rp=241872
18:39:23.974 @T t=358800 s=0.000 lv=-41.7 pk=-40.3 c0=6.6 c1=8.7 kw=8.49 inf=2.76 iv=1.17 n=3 d=0 sk=0 hf=96148 hm=89676 ht=283156 pf=0 pm=0 pt=0 ru=235400 rp=241872
18:39:23.974 @T t=358886 s=0.000 lv=-40.7 pk=-39.3 c0=7.8 c1=12.5 kw=12.27 inf=2.45 iv=1.20 n=4 d=0 sk=0 hf=96148 hm=89676 ht=283156 pf=0 pm=0 pt=0 ru=235400 rp=241872
18:39:23.974 @T t=358992 s=0.000 lv=-40.9 pk=-39.9 c0=3.4 c1=8.5 kw=8.35 inf=2.72 iv=1.13 n=3 d=0 sk=0 hf=96148 hm=89676 ht=283156 pf=0 pm=0 pt=0 ru=235400 rp=241872
18:39:26.330 @T t=359098 s=0.000 lv=-40.4 pk=-39.1 c0=3.6 c1=8.6 kw=8.40 inf=2.73 iv=1.13 n=3 d=0 sk=0 hf=96148 hm=89676 ht=283156 pf=0 pm=0 pt=0 ru=235400 rp=241872
18:39:26.330 @T t=359204 s=0.000 lv=-42.2 pk=-41.3 c0=3.5 c1=10.7 kw=10.47 inf=2.56 iv=1.13 n=4 d=0 sk=0 hf=96148 hm=89676 ht=283156 pf=0 pm=0 pt=0 ru=235400 rp=241872
18:39:26.330 @I ww=marvin cut=0.50 win=5 cool=1000 tick=100 wifi=1 srv=1 li=0 ln=0
18:39:26.331 @T t=359296 s=0.000 lv=-40.7 pk=-39.1 c0=4.9 c1=9.0 kw=8.79 inf=2.50 iv=1.21 n=3 d=0 sk=0 hf=96148 hm=89676 ht=283156 pf=0 pm=0 pt=0 ru=235400 rp=241872
18:39:26.331 @T t=359402 s=0.000 lv=-41.1 pk=-39.7 c0=4.5 c1=9.8 kw=8.91 inf=2.86 iv=1.22 n=3 d=0 sk=0 hf=96148 hm=89676 ht=283156 pf=0 pm=0 pt=0 ru=235400 rp=241872
18:39:26.331 I (359866) wifi:[ADDBA]RX DELBA, reason:37, delete tid:0, initiator:1(originator)
18:39:26.331 @T t=359491 s=0.000 lv=-42.1 pk=-41.3 c0=13.4 c1=11.9 kw=12.52 inf=2.64 iv=1.41 n=4 d=0 sk=0 hf=96148 hm=89676 ht=283156 pf=0 pm=0 pt=0 ru=235400 rp=241872
18:39:26.331 @T t=359598 s=0.000 lv=-40.5 pk=-39.4 c0=3.4 c1=8.7 kw=8.57 inf=2.83 iv=1.21 n=3 d=0 sk=0 hf=96148 hm=89676 ht=283156 pf=0 pm=0 pt=0 ru=235400 rp=241872
18:39:26.331 @T t=359704 s=0.000 lv=-41.2 pk=-40.1 c0=3.5 c1=9.8 kw=9.63 inf=2.34 iv=1.19 n=3 d=0 sk=1 hf=96148 hm=89676 ht=283156 pf=0 pm=0 pt=0 ru=235400 rp=241872
18:39:26.331 @T t=359790 s=0.000 lv=-41.0 pk=-38.8 c0=4.0 c1=5.0 kw=4.91 inf=1.84 iv=0.00 n=0 d=0 sk=2 hf=96148 hm=89676 ht=283156 pf=0 pm=0 pt=0 ru=235400 rp=241872
18:39:26.331 @T t=359896 s=0.000 lv=-41.3 pk=-40.7 c0=3.2 c1=5.1 kw=4.95 inf=1.53 iv=0.00 n=0 d=0 sk=3 hf=96148 hm=89676 ht=283156 pf=0 pm=0 pt=0 ru=235400 rp=241872
18:39:26.331 @T t=360002 s=0.000 lv=-40.1 pk=-39.1 c0=3.1 c1=5.9 kw=5.92 inf=1.37 iv=0.00 n=0 d=0 sk=4 hf=96148 hm=89676 ht=283156 pf=0 pm=0 pt=0 ru=235400 rp=241872
18:39:26.331 @T t=360088 s=0.000 lv=-41.7 pk=-41.0 c0=3.8 c1=5.2 kw=4.89 inf=1.83 iv=0.00 n=0 d=0 sk=2 hf=96148 hm=89676 ht=283156 pf=0 pm=0 pt=0 ru=235400 rp=241872
18:39:26.331 @T t=360194 s=0.000 lv=-41.1 pk=-39.5 c0=6.3 c1=5.1 kw=4.92 inf=1.51 iv=0.00 n=0 d=0 sk=3 hf=96148 hm=89676 ht=283156 pf=0 pm=0 pt=0 ru=235400 rp=241872
18:39:26.331 @I ww=marvin cut=0.50 win=5 cool=1000 tick=100 wifi=1 srv=1 li=0 ln=0
18:39:26.331 @T t=360286 s=0.000 lv=-40.2 pk=-37.4 c0=13.3 c1=5.8 kw=5.68 inf=1.52 iv=0.00 n=0 d=0 sk=3 hf=96148 hm=89676 ht=283156 pf=0 pm=0 pt=0 ru=235400 rp=241872
18:39:26.331 @T t=360392 s=0.000 lv=-40.5 pk=-40.1 c0=5.0 c1=5.2 kw=4.99 inf=1.53 iv=0.00 n=0 d=0 sk=3 hf=94384 hm=89676 ht=283156 pf=0 pm=0 pt=0 ru=237164 rp=241872
18:39:26.332 @T t=360499 s=0.000 lv=-40.1 pk=-39.3 c0=5.2 c1=5.5 kw=5.02 inf=1.56 iv=0.00 n=0 d=0 sk=3 hf=96148 hm=89676 ht=283156 pf=0 pm=0 pt=0 ru=235400 rp=241872
18:39:26.332 @T t=360586 s=0.000 lv=-40.5 pk=-39.3 c0=5.5 c1=6.4 kw=6.17 inf=1.56 iv=0.00 n=0 d=0 sk=3 hf=95952 hm=89676 ht=283156 pf=0 pm=0 pt=0 ru=235596 rp=241872
18:39:26.332 @T t=360692 s=0.000 lv=-41.5 pk=-40.9 c0=3.5 c1=5.1 kw=4.98 inf=1.53 iv=0.00 n=0 d=0 sk=3 hf=96148 hm=89676 ht=283156 pf=0 pm=0 pt=0 ru=235400 rp=241872
18:39:26.332 @T t=360798 s=0.000 lv=-38.2 pk=-35.2 c0=6.4 c1=15.5 kw=15.34 inf=1.20 iv=0.99 n=11 d=0 sk=2 hf=96148 hm=89676 ht=283156 pf=0 pm=0 pt=0 ru=235400 rp=241872
18:39:26.332 @T t=360904 s=0.000 lv=-38.5 pk=-35.8 c0=3.7 c1=10.8 kw=10.56 inf=2.59 iv=1.15 n=4 d=0 sk=0 hf=96148 hm=89676 ht=283156 pf=0 pm=0 pt=0 ru=235400 rp=241872
18:39:26.332 @T t=360990 s=0.000 lv=-41.8 pk=-41.0 c0=4.2 c1=8.1 kw=7.95 inf=3.14 iv=1.22 n=2 d=0 sk=0 hf=96148 hm=89676 ht=283156 pf=0 pm=0 pt=0 ru=235400 rp=241872
18:39:26.332 @T t=361096 s=0.000 lv=-41.5 pk=-40.3 c0=4.1 c1=9.9 kw=9.74 inf=2.41 iv=1.19 n=4 d=0 sk=0 hf=96148 hm=89676 ht=283156 pf=0 pm=0 pt=0 ru=235400 rp=241872
18:39:26.332 @T t=361202 s=0.000 lv=-40.6 pk=-40.0 c0=3.5 c1=9.5 kw=8.61 inf=2.76 iv=1.17 n=3 d=0 sk=0 hf=96148 hm=89676 ht=283156 pf=0 pm=0 pt=0 ru=235400 rp=241872
18:39:26.332 @I ww=marvin cut=0.50 win=5 cool=1000 tick=100 wifi=1 srv=1 li=0 ln=0
18:39:26.332 @T t=361294 s=0.000 lv=-40.4 pk=-39.5 c0=13.8 c1=9.3 kw=9.98 inf=2.87 iv=1.29 n=3 d=0 sk=0 hf=96148 hm=89676 ht=283156 pf=0 pm=0 pt=0 ru=235400 rp=241872
18:39:26.332 @T t=361400 s=0.000 lv=-40.8 pk=-39.7 c0=3.6 c1=9.7 kw=9.50 inf=2.34 iv=1.14 n=4 d=0 sk=0 hf=96148 hm=89676 ht=283156 pf=0 pm=0 pt=0 ru=235400 rp=241872
18:39:28.767 [status] up 361s | mic -40.5 dBFS (peak -35.1) | score max 0.00 | detections 0 | inferences 201 (20.1/s; model 1.17 ms each, paused in quiet 42%; features 1.37 ms per 30 ms) | CPU core0  5.0% core1  8.0% (wake word pipeline 7.79% of one core) | RAM used 229 KB (peak 236 KB, 93 KB free) | wifi OK, server OK | audio lost since boot: i2s 0 net 0
18:39:28.768 @T t=361488 s=0.000 lv=-40.9 pk=-39.0 c0=33.6 c1=11.1 kw=10.84 inf=2.93 iv=1.26 n=3 d=0 sk=0 hf=96148 hm=89676 ht=283156 pf=0 pm=0 pt=0 ru=235400 rp=241872
18:39:28.768 @T t=361594 s=0.000 lv=-42.0 pk=-40.6 c0=3.5 c1=8.5 kw=8.35 inf=2.72 iv=1.12 n=3 d=0 sk=0 hf=96148 hm=89676 ht=283156 pf=0 pm=0 pt=0 ru=235400 rp=241872
18:39:28.768 @T t=361700 s=0.000 lv=-40.9 pk=-38.8 c0=3.8 c1=9.9 kw=9.64 inf=2.38 iv=1.16 n=4 d=0 sk=0 hf=96148 hm=89676 ht=283156 pf=0 pm=0 pt=0 ru=235400 rp=241872
18:39:28.768 @T t=361789 s=0.000 lv=-40.9 pk=-39.2 c0=10.8 c1=10.3 kw=10.11 inf=2.76 iv=1.14 n=3 d=0 sk=0 hf=96148 hm=89676 ht=283156 pf=0 pm=0 pt=0 ru=235400 rp=241872
18:39:28.768 @T t=361895 s=0.000 lv=-41.3 pk=-40.2 c0=3.6 c1=8.5 kw=8.37 inf=2.72 iv=1.14 n=3 d=0 sk=0 hf=96148 hm=89676 ht=283156 pf=0 pm=0 pt=0 ru=235400 rp=241872
18:39:28.768 @T t=362001 s=0.000 lv=-40.5 pk=-39.1 c0=3.4 c1=9.6 kw=9.62 inf=2.34 iv=1.15 n=4 d=0 sk=0 hf=96148 hm=89676 ht=283156 pf=0 pm=0 pt=0 ru=235400 rp=241872
18:39:28.768 @T t=362087 s=0.000 lv=-41.9 pk=-41.1 c0=4.4 c1=11.4 kw=10.88 inf=2.93 iv=1.22 n=3 d=0 sk=0 hf=96148 hm=89676 ht=283156 pf=0 pm=0 pt=0 ru=235400 rp=241872
18:39:28.768 @T t=362193 s=0.000 lv=-41.7 pk=-40.9 c0=3.5 c1=8.6 kw=8.47 inf=2.76 iv=1.17 n=3 d=0 sk=0 hf=96148 hm=89676 ht=283156 pf=0 pm=0 pt=0 ru=235400 rp=241872
18:39:28.768 @I ww=marvin cut=0.50 win=5 cool=1000 tick=100 wifi=1 srv=1 li=0 ln=0
18:39:28.768 @T t=362305 s=0.000 lv=-38.3 pk=-35.9 c0=4.0 c1=10.0 kw=9.79 inf=2.53 iv=1.10 n=4 d=0 sk=0 hf=96148 hm=89676 ht=283156 pf=0 pm=0 pt=0 ru=235400 rp=241872
18:39:28.768 @T t=362391 s=0.000 lv=-41.8 pk=-40.1 c0=4.3 c1=9.6 kw=9.40 inf=2.51 iv=1.21 n=3 d=0 sk=0 hf=96148 hm=89676 ht=283156 pf=0 pm=0 pt=0 ru=235400 rp=241872
18:39:28.768 @T t=362498 s=0.000 lv=-41.3 pk=-39.9 c0=7.1 c1=9.9 kw=9.29 inf=3.06 iv=1.40 n=3 d=0 sk=0 hf=96148 hm=89676 ht=283156 pf=0 pm=0 pt=0 ru=235400 rp=241872
18:39:28.768 @T t=362604 s=0.000 lv=-40.7 pk=-39.2 c0=4.1 c1=11.2 kw=10.97 inf=2.69 iv=1.24 n=4 d=0 sk=0 hf=96148 hm=89676 ht=283156 pf=0 pm=0 pt=0 ru=235400 rp=241872
18:39:28.768 @T t=362690 s=0.000 lv=-38.6 pk=-37.8 c0=4.2 c1=9.2 kw=9.08 inf=2.42 iv=1.14 n=3 d=0 sk=0 hf=96148 hm=89676 ht=283156 pf=0 pm=0 pt=0 ru=235400 rp=241872
18:39:28.768 @T t=362796 s=0.000 lv=-41.0 pk=-39.8 c0=3.8 c1=8.9 kw=8.67 inf=2.82 iv=1.21 n=3 d=0 sk=0 hf=96148 hm=89676 ht=283156 pf=0 pm=0 pt=0 ru=235400 rp=241872
18:39:28.768 @T t=362902 s=0.000 lv=-40.2 pk=-38.6 c0=6.9 c1=10.6 kw=10.60 inf=2.60 iv=1.15 n=4 d=0 sk=0 hf=96148 hm=89676 ht=283156 pf=0 pm=0 pt=0 ru=235400 rp=241872
18:39:28.768 @T t=362988 s=0.000 lv=-40.6 pk=-40.0 c0=4.2 c1=9.5 kw=9.05 inf=2.41 iv=1.13 n=3 d=0 sk=0 hf=96148 hm=89676 ht=283156 pf=0 pm=0 pt=0 ru=235400 rp=241872
18:39:28.768 @T t=363094 s=0.000 lv=-41.1 pk=-39.7 c0=3.6 c1=8.8 kw=8.62 inf=2.81 iv=1.21 n=3 d=0 sk=0 hf=96148 hm=89676 ht=283156 pf=0 pm=0 pt=0 ru=235400 rp=241872
18:39:28.768 @T t=363200 s=0.000 lv=-40.2 pk=-38.4 c0=3.4 c1=9.5 kw=9.31 inf=2.29 iv=1.10 n=4 d=0 sk=0 hf=96148 hm=89676 ht=283156 pf=0 pm=0 pt=0 ru=235400 rp=241872
18:39:28.768 @I ww=marvin cut=0.50 win=5 cool=1000 tick=100 wifi=1 srv=1 li=0 ln=0
18:39:28.768 @T t=363295 s=0.000 lv=-40.9 pk=-39.2 c0=16.0 c1=9.7 kw=9.53 inf=2.77 iv=1.15 n=3 d=0 sk=0 hf=96148 hm=89676 ht=283156 pf=0 pm=0 pt=0 ru=235400 rp=241872
18:39:28.768 @T t=363401 s=0.000 lv=-41.2 pk=-40.6 c0=3.5 c1=8.7 kw=8.76 inf=2.82 iv=1.20 n=3 d=0 sk=0 hf=96148 hm=89676 ht=283156 pf=0 pm=0 pt=0 ru=235400 rp=241872
18:39:28.768 @T t=363490 s=0.000 lv=-42.4 pk=-41.2 c0=4.7 c1=12.2 kw=11.78 inf=2.48 iv=1.29 n=4 d=0 sk=0 hf=96148 hm=89676 ht=283156 pf=0 pm=0 pt=0 ru=235400 rp=241872
18:39:28.768 @T t=363596 s=0.000 lv=-40.9 pk=-39.9 c0=3.5 c1=8.7 kw=8.56 inf=2.79 iv=1.19 n=3 d=0 sk=0 hf=96148 hm=89676 ht=283156 pf=0 pm=0 pt=0 ru=235400 rp=241872
18:39:28.768 @T t=363702 s=0.000 lv=-41.1 pk=-39.8 c0=6.7 c1=9.5 kw=8.59 inf=2.75 iv=1.16 n=3 d=0 sk=0 hf=96148 hm=89676 ht=283156 pf=0 pm=0 pt=0 ru=235400 rp=241872
18:39:28.768 @T t=363788 s=0.000 lv=-41.5 pk=-40.5 c0=8.2 c1=11.0 kw=11.68 inf=2.37 iv=1.11 n=4 d=0 sk=0 hf=96148 hm=89676 ht=283156 pf=0 pm=0 pt=0 ru=235400 rp=241872
18:39:31.274 @T t=363894 s=0.000 lv=-40.2 pk=-38.7 c0=3.9 c1=6.6 kw=6.45 inf=2.05 iv=1.42 n=1 d=0 sk=2 hf=96148 hm=89676 ht=283156 pf=0 pm=0 pt=0 ru=235400 rp=241872
18:39:31.274 @T t=364000 s=0.000 lv=-42.3 pk=-41.6 c0=3.4 c1=5.1 kw=5.02 inf=1.55 iv=0.00 n=0 d=0 sk=3 hf=96148 hm=89676 ht=283156 pf=0 pm=0 pt=0 ru=235400 rp=241872
18:39:31.274 @T t=364086 s=0.000 lv=-42.1 pk=-40.6 c0=7.9 c1=6.3 kw=6.09 inf=1.52 iv=0.00 n=0 d=0 sk=3 hf=96148 hm=89676 ht=283156 pf=0 pm=0 pt=0 ru=235400 rp=241872
18:39:31.274 @T t=364192 s=0.000 lv=-41.8 pk=-40.0 c0=3.1 c1=5.1 kw=4.96 inf=1.53 iv=0.00 n=0 d=0 sk=3 hf=96148 hm=89676 ht=283156 pf=0 pm=0 pt=0 ru=235400 rp=241872
18:39:31.274 @I ww=marvin cut=0.50 win=5 cool=1000 tick=100 wifi=1 srv=1 li=0 ln=0
18:39:31.275 @T t=364304 s=0.000 lv=-41.5 pk=-40.7 c0=11.0 c1=5.7 kw=5.57 inf=1.36 iv=0.00 n=0 d=0 sk=4 hf=96148 hm=89676 ht=283156 pf=0 pm=0 pt=0 ru=235400 rp=241872
18:39:31.275 @T t=364390 s=0.000 lv=-40.2 pk=-40.0 c0=3.8 c1=5.0 kw=4.87 inf=1.82 iv=0.00 n=0 d=0 sk=2 hf=96148 hm=89676 ht=283156 pf=0 pm=0 pt=0 ru=235400 rp=241872
18:39:31.275 @T t=364496 s=0.000 lv=-40.9 pk=-40.1 c0=8.3 c1=5.2 kw=4.98 inf=1.53 iv=0.00 n=0 d=0 sk=3 hf=94384 hm=89676 ht=283156 pf=0 pm=0 pt=0 ru=237164 rp=241872
18:39:31.275 @T t=364601 s=0.000 lv=-40.3 pk=-38.9 c0=5.8 c1=5.7 kw=5.74 inf=1.73 iv=0.00 n=0 d=0 sk=3 hf=96148 hm=89676 ht=283156 pf=0 pm=0 pt=0 ru=235400 rp=241872
18:39:31.275 @T t=364687 s=0.000 lv=-42.1 pk=-41.4 c0=4.1 c1=6.7 kw=6.32 inf=1.63 iv=0.00 n=0 d=0 sk=3 hf=96148 hm=89676 ht=283156 pf=0 pm=0 pt=0 ru=235400 rp=241872
18:39:31.275 @T t=364793 s=0.000 lv=-41.4 pk=-40.8 c0=3.4 c1=5.1 kw=4.93 inf=1.52 iv=0.00 n=0 d=0 sk=3 hf=96148 hm=89676 ht=283156 pf=0 pm=0 pt=0 ru=235400 rp=241872
18:39:31.275 @T t=364899 s=0.000 lv=-41.1 pk=-40.3 c0=3.4 c1=5.1 kw=4.96 inf=1.53 iv=0.00 n=0 d=0 sk=3 hf=96148 hm=89676 ht=283156 pf=0 pm=0 pt=0 ru=235400 rp=241872
18:39:31.275 @T t=365005 s=0.000 lv=-39.7 pk=-38.5 c0=3.1 c1=6.1 kw=5.96 inf=1.38 iv=0.00 n=0 d=0 sk=4 hf=96148 hm=89676 ht=283156 pf=0 pm=0 pt=0 ru=235400 rp=241872
18:39:31.275 @T t=365089 s=0.000 lv=-39.1 pk=-38.1 c0=5.6 c1=5.1 kw=5.00 inf=1.83 iv=0.00 n=0 d=0 sk=2 hf=96148 hm=89676 ht=283156 pf=0 pm=0 pt=0 ru=235400 rp=241872
18:39:31.275 @T t=365195 s=0.000 lv=-37.6 pk=-36.7 c0=6.4 c1=5.1 kw=4.93 inf=1.52 iv=0.00 n=0 d=0 sk=3 hf=96148 hm=89676 ht=283156 pf=0 pm=0 pt=0 ru=235400 rp=241872
18:39:31.275 @I ww=marvin cut=0.50 win=5 cool=1000 tick=100 wifi=1 srv=1 li=0 ln=0
18:39:31.275 @T t=365287 s=0.000 lv=-37.7 pk=-36.6 c0=13.7 c1=5.9 kw=5.72 inf=1.53 iv=0.00 n=0 d=0 sk=3 hf=96148 hm=89676 ht=283156 pf=0 pm=0 pt=0 ru=235400 rp=241872
18:39:31.275 @T t=365393 s=0.000 lv=-38.7 pk=-37.5 c0=3.3 c1=5.1 kw=4.98 inf=1.53 iv=0.00 n=0 d=0 sk=3 hf=96148 hm=89676 ht=283156 pf=0 pm=0 pt=0 ru=235400 rp=241872
18:39:31.275 @T t=365499 s=0.000 lv=-38.4 pk=-37.2 c0=3.1 c1=5.1 kw=4.94 inf=1.52 iv=0.00 n=0 d=0 sk=3 hf=96148 hm=89676 ht=283156 pf=0 pm=0 pt=0 ru=235400 rp=241872
18:39:31.275 @T t=365605 s=0.000 lv=-40.6 pk=-39.9 c0=3.6 c1=6.1 kw=5.91 inf=1.36 iv=0.00 n=0 d=0 sk=4 hf=96148 hm=89676 ht=283156 pf=0 pm=0 pt=0 ru=235400 rp=241872
18:39:31.275 @T t=365691 s=0.000 lv=-40.6 pk=-40.1 c0=4.3 c1=5.1 kw=4.96 inf=1.86 iv=0.00 n=0 d=0 sk=2 hf=96148 hm=89676 ht=283156 pf=0 pm=0 pt=0 ru=235400 rp=241872
18:39:31.275 @T t=365797 s=0.000 lv=-41.5 pk=-40.3 c0=3.2 c1=5.1 kw=4.95 inf=1.52 iv=0.00 n=0 d=0 sk=3 hf=96148 hm=89676 ht=283156 pf=0 pm=0 pt=0 ru=235400 rp=241872
18:39:31.275 @T t=365903 s=0.000 lv=-39.2 pk=-38.1 c0=6.5 c1=6.1 kw=5.89 inf=1.36 iv=0.00 n=0 d=0 sk=4 hf=96148 hm=89676 ht=283156 pf=0 pm=0 pt=0 ru=235400 rp=241872
18:39:31.275 @T t=365989 s=0.000 lv=-40.5 pk=-40.0 c0=3.8 c1=5.0 kw=4.89 inf=1.83 iv=0.00 n=0 d=0 sk=2 hf=96148 hm=89676 ht=283156 pf=0 pm=0 pt=0 ru=235400 rp=241872
18:39:31.275 @T t=366095 s=0.000 lv=-40.4 pk=-38.9 c0=3.2 c1=5.1 kw=4.95 inf=1.52 iv=0.00 n=0 d=0 sk=3 hf=96148 hm=89676 ht=283156 pf=0 pm=0 pt=0 ru=235400 rp=241872
18:39:31.275 @T t=366201 s=0.000 lv=-40.6 pk=-38.9 c0=3.1 c1=5.0 kw=5.08 inf=1.53 iv=0.00 n=0 d=0 sk=3 hf=96148 hm=89676 ht=283156 pf=0 pm=0 pt=0 ru=235400 rp=241872
18:39:31.275 @I ww=marvin cut=0.50 win=5 cool=1000 tick=100 wifi=1 srv=1 li=0 ln=0
18:39:31.275 @T t=366293 s=0.000 lv=-39.5 pk=-38.5 c0=4.8 c1=6.2 kw=5.79 inf=1.59 iv=0.00 n=0 d=0 sk=3 hf=96148 hm=89676 ht=283156 pf=0 pm=0 pt=0 ru=235400 rp=241872
18:39:33.870 @T t=366399 s=0.000 lv=-38.6 pk=-37.9 c0=3.3 c1=5.1 kw=4.96 inf=1.53 iv=0.00 n=0 d=0 sk=3 hf=96148 hm=89676 ht=283156 pf=0 pm=0 pt=0 ru=235400 rp=241872
18:39:33.871 @T t=366506 s=0.000 lv=-39.4 pk=-37.8 c0=7.9 c1=5.7 kw=5.80 inf=1.36 iv=0.00 n=0 d=0 sk=4 hf=94384 hm=89676 ht=283156 pf=0 pm=0 pt=0 ru=237164 rp=241872
18:39:33.871 @T t=366593 s=0.000 lv=-36.6 pk=-34.8 c0=7.2 c1=19.1 kw=18.16 inf=1.26 iv=1.01 n=11 d=0 sk=1 hf=96148 hm=89676 ht=283156 pf=0 pm=0 pt=0 ru=235400 rp=241872
18:39:33.871 @T t=366699 s=0.000 lv=-39.5 pk=-38.3 c0=3.5 c1=8.8 kw=8.63 inf=2.82 iv=1.21 n=3 d=0 sk=0 hf=96148 hm=89676 ht=283156 pf=0 pm=0 pt=0 ru=235400 rp=241872
18:39:33.871 @T t=366805 s=0.000 lv=-39.7 pk=-38.9 c0=3.5 c1=11.0 kw=10.75 inf=2.64 iv=1.18 n=4 d=0 sk=0 hf=96148 hm=89676 ht=283156 pf=0 pm=0 pt=0 ru=235400 rp=241872
18:39:33.871 @T t=366891 s=0.000 lv=-40.4 pk=-39.7 c0=4.5 c1=9.7 kw=9.52 inf=2.54 iv=1.24 n=3 d=0 sk=0 hf=96148 hm=89676 ht=283156 pf=0 pm=0 pt=0 ru=235400 rp=241872
18:39:33.871 @T t=366997 s=0.000 lv=-41.0 pk=-39.2 c0=3.4 c1=8.8 kw=8.61 inf=2.81 iv=1.20 n=3 d=0 sk=0 hf=96148 hm=89676 ht=283156 pf=0 pm=0 pt=0 ru=235400 rp=241872
18:39:33.871 @T t=367103 s=0.000 lv=-40.7 pk=-39.7 c0=3.7 c1=10.8 kw=10.86 inf=2.67 iv=1.21 n=4 d=0 sk=0 hf=96148 hm=89676 ht=283156 pf=0 pm=0 pt=0 ru=235400 rp=241872
18:39:33.871 @T t=367189 s=0.000 lv=-39.3 pk=-38.4 c0=7.5 c1=9.9 kw=9.39 inf=2.50 iv=1.21 n=3 d=0 sk=0 hf=96148 hm=89676 ht=283156 pf=0 pm=0 pt=0 ru=235400 rp=241872
18:39:33.871 @I ww=marvin cut=0.50 win=5 cool=1000 tick=100 wifi=1 srv=1 li=0 ln=0
18:39:33.871 @T t=367301 s=0.000 lv=-41.6 pk=-39.7 c0=4.0 c1=8.1 kw=8.12 inf=2.75 iv=1.16 n=3 d=0 sk=0 hf=96148 hm=89676 ht=283156 pf=0 pm=0 pt=0 ru=235400 rp=241872
18:39:33.871 @T t=367389 s=0.000 lv=-40.0 pk=-38.9 c0=4.6 c1=11.4 kw=10.93 inf=3.02 iv=1.30 n=3 d=0 sk=0 hf=96148 hm=89676 ht=283156 pf=0 pm=0 pt=0 ru=235400 rp=241872
18:39:33.871 @T t=367495 s=0.000 lv=-39.7 pk=-38.3 c0=6.1 c1=9.7 kw=9.56 inf=2.36 iv=1.16 n=4 d=0 sk=0 hf=96148 hm=89676 ht=283156 pf=0 pm=0 pt=0 ru=235400 rp=241872
18:39:33.871 @T t=367601 s=0.000 lv=-39.4 pk=-37.7 c0=4.0 c1=9.0 kw=9.00 inf=2.90 iv=1.26 n=3 d=0 sk=0 hf=96148 hm=89676 ht=283156 pf=0 pm=0 pt=0 ru=235400 rp=241872
18:39:33.871 @T t=367689 s=0.000 lv=-40.2 pk=-38.9 c0=4.1 c1=11.2 kw=10.76 inf=2.97 iv=1.29 n=3 d=0 sk=0 hf=96148 hm=89676 ht=283156 pf=0 pm=0 pt=0 ru=235400 rp=241872
18:39:33.872 @T t=367795 s=0.000 lv=-39.7 pk=-39.4 c0=3.4 c1=9.6 kw=9.46 inf=2.33 iv=1.13 n=4 d=0 sk=0 hf=96148 hm=89676 ht=283156 pf=0 pm=0 pt=0 ru=235400 rp=241872
18:39:33.872 @T t=367901 s=0.000 lv=-38.1 pk=-35.9 c0=3.6 c1=8.7 kw=8.77 inf=2.82 iv=1.20 n=3 d=0 sk=0 hf=96148 hm=89676 ht=283156 pf=0 pm=0 pt=0 ru=235400 rp=241872
18:39:33.872 @T t=367989 s=0.000 lv=-37.9 pk=-36.2 c0=4.0 c1=11.2 kw=10.71 inf=2.95 iv=1.27 n=3 d=0 sk=0 hf=96148 hm=89676 ht=283156 pf=0 pm=0 pt=0 ru=235400 rp=241872
18:39:33.872 @T t=368095 s=0.000 lv=-39.7 pk=-38.3 c0=3.6 c1=9.6 kw=9.43 inf=2.32 iv=1.13 n=4 d=0 sk=0 hf=96148 hm=89676 ht=283156 pf=0 pm=0 pt=0 ru=235400 rp=241872
18:39:33.872 @T t=368201 s=0.000 lv=-40.0 pk=-38.2 c0=3.5 c1=7.6 kw=7.68 inf=2.44 iv=1.25 n=2 d=0 sk=1 hf=96148 hm=89676 ht=283156 pf=0 pm=0 pt=0 ru=235400 rp=241872
18:39:33.872 @I ww=marvin cut=0.50 win=5 cool=1000 tick=100 wifi=1 srv=1 li=0 ln=0
18:39:33.872 @T t=368293 s=0.000 lv=-41.3 pk=-40.1 c0=4.7 c1=6.2 kw=5.81 inf=1.60 iv=0.00 n=0 d=0 sk=3 hf=96148 hm=89676 ht=283156 pf=0 pm=0 pt=0 ru=235400 rp=241872
18:39:33.872 @T t=368399 s=0.000 lv=-40.9 pk=-39.6 c0=3.1 c1=5.1 kw=4.93 inf=1.52 iv=0.00 n=0 d=0 sk=3 hf=96148 hm=89676 ht=283156 pf=0 pm=0 pt=0 ru=235400 rp=241872
18:39:33.872 @T t=368505 s=0.000 lv=-40.7 pk=-38.9 c0=3.4 c1=6.2 kw=5.98 inf=1.38 iv=0.00 n=0 d=0 sk=4 hf=96148 hm=89676 ht=283156 pf=0 pm=0 pt=0 ru=235400 rp=241872
18:39:33.872 @T t=368591 s=0.000 lv=-39.2 pk=-37.3 c0=7.0 c1=5.2 kw=5.02 inf=1.88 iv=0.00 n=0 d=0 sk=2 hf=94384 hm=89676 ht=283156 pf=0 pm=0 pt=0 ru=237164 rp=241872
18:39:33.872 @T t=368699 s=0.000 lv=-39.3 pk=-38.5 c0=5.0 c1=5.4 kw=4.94 inf=1.55 iv=0.00 n=0 d=0 sk=3 hf=96148 hm=89676 ht=283156 pf=0 pm=0 pt=0 ru=235400 rp=241872
18:39:33.872 @T t=368805 s=0.000 lv=-38.8 pk=-37.2 c0=3.4 c1=6.0 kw=5.91 inf=1.36 iv=0.00 n=0 d=0 sk=4 hf=96148 hm=89676 ht=283156 pf=0 pm=0 pt=0 ru=235400 rp=241872
18:39:33.872 @T t=368891 s=0.000 lv=-39.9 pk=-38.8 c0=4.5 c1=5.1 kw=4.95 inf=1.86 iv=0.00 n=0 d=0 sk=2 hf=96148 hm=89676 ht=283156 pf=0 pm=0 pt=0 ru=235400 rp=241872
18:39:36.322 @T t=368997 s=0.000 lv=-39.7 pk=-37.8 c0=3.3 c1=5.1 kw=4.93 inf=1.52 iv=0.00 n=0 d=0 sk=3 hf=96148 hm=89676 ht=283156 pf=0 pm=0 pt=0 ru=235400 rp=241872
18:39:36.322 @T t=369103 s=0.000 lv=-39.6 pk=-38.4 c0=3.2 c1=6.1 kw=5.92 inf=1.37 iv=0.00 n=0 d=0 sk=4 hf=96148 hm=89676 ht=283156 pf=0 pm=0 pt=0 ru=235400 rp=241872
18:39:36.322 @T t=369189 s=0.000 lv=-39.9 pk=-39.2 c0=3.8 c1=5.0 kw=4.89 inf=1.83 iv=0.00 n=0 d=0 sk=2 hf=96148 hm=89676 ht=283156 pf=0 pm=0 pt=0 ru=235400 rp=241872
18:39:36.322 @I ww=marvin cut=0.50 win=5 cool=1000 tick=100 wifi=1 srv=1 li=0 ln=0
18:39:36.323 @T t=369301 s=0.000 lv=-39.1 pk=-38.2 c0=3.6 c1=4.7 kw=4.80 inf=1.52 iv=0.00 n=0 d=0 sk=3 hf=96148 hm=89676 ht=283156 pf=0 pm=0 pt=0 ru=235400 rp=241872
18:39:36.323 @T t=369387 s=0.000 lv=-40.6 pk=-39.7 c0=7.9 c1=6.6 kw=6.19 inf=1.59 iv=0.00 n=0 d=0 sk=3 hf=96148 hm=89676 ht=283156 pf=0 pm=0 pt=0 ru=235400 rp=241872
18:39:36.323 @T t=369493 s=0.000 lv=-40.1 pk=-39.4 c0=3.1 c1=5.0 kw=4.91 inf=1.51 iv=0.00 n=0 d=0 sk=3 hf=96148 hm=89676 ht=283156 pf=0 pm=0 pt=0 ru=235400 rp=241872
18:39:36.323 @T t=369599 s=0.000 lv=-39.8 pk=-38.4 c0=6.3 c1=5.1 kw=4.92 inf=1.51 iv=0.00 n=0 d=0 sk=3 hf=96148 hm=89676 ht=283156 pf=0 pm=0 pt=0 ru=235400 rp=241872
18:39:36.323 @T t=369705 s=0.000 lv=-39.4 pk=-37.2 c0=6.5 c1=6.2 kw=6.04 inf=1.40 iv=0.00 n=0 d=0 sk=4 hf=96148 hm=89676 ht=283156 pf=0 pm=0 pt=0 ru=235400 rp=241872
18:39:36.324 @T t=369791 s=0.000 lv=-39.7 pk=-39.0 c0=4.1 c1=5.0 kw=4.91 inf=1.84 iv=0.00 n=0 d=0 sk=2 hf=96148 hm=89676 ht=283156 pf=0 pm=0 pt=0 ru=235400 rp=241872
18:39:36.324 @T t=369897 s=0.000 lv=-40.4 pk=-39.5 c0=3.2 c1=5.1 kw=4.92 inf=1.51 iv=0.00 n=0 d=0 sk=3 hf=96148 hm=89676 ht=283156 pf=0 pm=0 pt=0 ru=235400 rp=241872
18:39:36.324 @T t=370003 s=0.000 lv=-37.0 pk=-34.9 c0=3.1 c1=16.6 kw=16.38 inf=1.27 iv=0.99 n=11 d=0 sk=2 hf=96148 hm=89676 ht=283156 pf=0 pm=0 pt=0 ru=235400 rp=241872
18:39:36.324 @T t=370089 s=0.000 lv=-39.4 pk=-38.4 c0=7.7 c1=9.3 kw=9.16 inf=2.44 iv=1.15 n=3 d=0 sk=0 hf=96148 hm=89676 ht=283156 pf=0 pm=0 pt=0 ru=235400 rp=241872
18:39:36.324 @T t=370195 s=0.000 lv=-38.4 pk=-37.4 c0=6.6 c1=8.8 kw=8.62 inf=2.81 iv=1.20 n=3 d=0 sk=0 hf=96148 hm=89676 ht=283156 pf=0 pm=0 pt=0 ru=235400 rp=241872
18:39:36.324 @I ww=marvin cut=0.50 win=5 cool=1000 tick=100 wifi=1 srv=1 li=0 ln=0
18:39:36.324 @T t=370287 s=0.000 lv=-37.2 pk=-35.3 c0=5.1 c1=11.5 kw=11.33 inf=2.43 iv=1.22 n=4 d=0 sk=0 hf=96148 hm=89676 ht=283156 pf=0 pm=0 pt=0 ru=235400 rp=241872
18:39:36.324 @T t=370393 s=0.000 lv=-38.5 pk=-36.1 c0=3.5 c1=8.8 kw=8.64 inf=2.82 iv=1.21 n=3 d=0 sk=0 hf=96148 hm=89676 ht=283156 pf=0 pm=0 pt=0 ru=235400 rp=241872
18:39:36.325 @T t=370499 s=0.000 lv=-38.8 pk=-37.7 c0=6.6 c1=8.8 kw=8.61 inf=2.81 iv=1.21 n=3 d=0 sk=0 hf=96148 hm=89676 ht=283156 pf=0 pm=0 pt=0 ru=235400 rp=241872
18:39:36.326 @T t=370605 s=0.000 lv=-39.1 pk=-36.9 c0=5.4 c1=11.1 kw=10.87 inf=2.67 iv=1.20 n=4 d=0 sk=0 hf=94384 hm=89676 ht=283156 pf=0 pm=0 pt=0 ru=237164 rp=241872
18:39:36.326 @T t=370692 s=0.000 lv=-40.3 pk=-39.3 c0=6.8 c1=10.9 kw=10.24 inf=2.77 iv=1.43 n=3 d=0 sk=0 hf=96148 hm=89676 ht=283156 pf=0 pm=0 pt=0 ru=235400 rp=241872
18:39:36.327 @T t=370798 s=0.000 lv=-41.6 pk=-40.3 c0=3.8 c1=9.2 kw=9.00 inf=2.94 iv=1.31 n=3 d=0 sk=0 hf=96148 hm=89676 ht=283156 pf=0 pm=0 pt=0 ru=235400 rp=241872
18:39:36.327 @T t=370904 s=0.000 lv=-38.2 pk=-36.5 c0=4.4 c1=11.5 kw=11.27 inf=2.77 iv=1.29 n=4 d=0 sk=0 hf=96148 hm=89676 ht=283156 pf=0 pm=0 pt=0 ru=235400 rp=241872
18:39:36.327 @T t=370990 s=0.000 lv=-41.2 pk=-40.1 c0=4.2 c1=9.6 kw=9.38 inf=2.50 iv=1.20 n=3 d=0 sk=0 hf=96148 hm=89676 ht=283156 pf=0 pm=0 pt=0 ru=235400 rp=241872
18:39:36.327 @T t=371096 s=0.000 lv=-39.7 pk=-38.2 c0=6.8 c1=8.9 kw=8.73 inf=2.85 iv=1.23 n=3 d=0 sk=0 hf=96148 hm=89676 ht=283156 pf=0 pm=0 pt=0 ru=235400 rp=241872
18:39:36.328 @T t=371202 s=0.000 lv=-40.3 pk=-38.6 c0=3.5 c1=10.8 kw=10.75 inf=2.64 iv=1.19 n=4 d=0 sk=0 hf=96148 hm=89676 ht=283156 pf=0 pm=0 pt=0 ru=235400 rp=241872
18:39:36.328 @I ww=marvin cut=0.50 win=5 cool=1000 tick=100 wifi=1 srv=1 li=0 ln=0
18:39:36.328 @T t=371294 s=0.000 lv=-40.4 pk=-39.8 c0=4.9 c1=9.2 kw=8.78 inf=2.50 iv=1.20 n=3 d=0 sk=0 hf=96148 hm=89676 ht=283156 pf=0 pm=0 pt=0 ru=235400 rp=241872
18:39:36.328 @T t=371400 s=0.000 lv=-41.1 pk=-39.3 c0=3.5 c1=8.7 kw=8.54 inf=2.78 iv=1.19 n=3 d=0 sk=0 hf=96148 hm=89676 ht=283156 pf=0 pm=0 pt=0 ru=235400 rp=241872
18:39:38.573 [status] up 371s | mic -39.9 dBFS (peak -34.8) | score max 0.00 | detections 0 | inferences 201 (20.1/s; model 1.18 ms each, paused in quiet 40%; features 1.41 ms per 30 ms) | CPU core0  5.2% core1  8.0% (wake word pipeline 7.82% of one core) | RAM used 229 KB (peak 236 KB, 93 KB free) | wifi OK, server OK | audio lost since boot: i2s 0 net 0
18:39:38.574 [tasks] % of one core (free stack): main@0=4.61(1936) IDLE1@1=93.42(720) IDLE0@0=94.96(728) tiT@*=0.09(1956) websocket_task@*=0.15(1468) audio_kws@1=6.56(1344) streamer@0=0.00(2944) sys_evt@0=0.00(444) ipc0@0=0.00(528) Tmr Svc@*=0.00(1368) wifi@0=0.26(3208) ipc1@1=0.00(536) esp_timer@0=0.01(3136)
18:39:38.574 @T t=371519 s=0.000 lv=-39.8 pk=-38.8 c0=10.8 c1=10.4 kw=10.14 inf=2.79 iv=1.27 n=4 d=0 sk=0 hf=96148 hm=89676 ht=283156 pf=0 pm=0 pt=0 ru=235400 rp=241872
18:39:38.574 @T t=371605 s=0.000 lv=-41.1 pk=-39.4 c0=8.2 c1=9.6 kw=9.41 inf=1.85 iv=1.31 n=2 d=0 sk=2 hf=96148 hm=89676 ht=283156 pf=0 pm=0 pt=0 ru=235400 rp=241872
18:39:38.575 @T t=371691 s=0.000 lv=-40.0 pk=-38.8 c0=4.7 c1=5.1 kw=4.94 inf=1.85 iv=0.00 n=0 d=0 sk=2 hf=96148 hm=89676 ht=283156 pf=0 pm=0 pt=0 ru=235400 rp=241872
18:39:38.575 @T t=371797 s=0.000 lv=-39.9 pk=-39.4 c0=3.1 c1=5.1 kw=4.93 inf=1.52 iv=0.00 n=0 d=0 sk=3 hf=96148 hm=89676 ht=283156 pf=0 pm=0 pt=0 ru=235400 rp=241872
18:39:38.575 @T t=371903 s=0.000 lv=-39.2 pk=-35.6 c0=3.6 c1=6.1 kw=5.93 inf=1.37 iv=0.00 n=0 d=0 sk=4 hf=96148 hm=89676 ht=283156 pf=0 pm=0 pt=0 ru=235400 rp=241872
18:39:38.575 @T t=371989 s=0.000 lv=-40.5 pk=-38.8 c0=4.0 c1=5.0 kw=4.91 inf=1.84 iv=0.00 n=0 d=0 sk=2 hf=96148 hm=89676 ht=283156 pf=0 pm=0 pt=0 ru=235400 rp=241872
18:39:38.576 @T t=372095 s=0.000 lv=-39.2 pk=-37.7 c0=3.2 c1=5.1 kw=4.94 inf=1.52 iv=0.00 n=0 d=0 sk=3 hf=96148 hm=89676 ht=283156 pf=0 pm=0 pt=0 ru=235400 rp=241872
18:39:38.576 @T t=372201 s=0.000 lv=-40.8 pk=-38.0 c0=3.1 c1=5.0 kw=5.09 inf=1.53 iv=0.00 n=0 d=0 sk=3 hf=96148 hm=89676 ht=283156 pf=0 pm=0 pt=0 ru=235400 rp=241872
18:39:38.576 @I ww=marvin cut=0.50 win=5 cool=1000 tick=100 wifi=1 srv=1 li=0 ln=0
18:39:38.576 @T t=372293 s=0.000 lv=-41.3 pk=-40.4 c0=13.3 c1=6.1 kw=5.71 inf=1.57 iv=0.00 n=0 d=0 sk=3 hf=96148 hm=89676 ht=283156 pf=0 pm=0 pt=0 ru=235400 rp=241872
18:39:38.577 @T t=372399 s=0.000 lv=-41.8 pk=-41.0 c0=6.4 c1=5.1 kw=4.91 inf=1.51 iv=0.00 n=0 d=0 sk=3 hf=96148 hm=89676 ht=283156 pf=0 pm=0 pt=0 ru=235400 rp=241872
18:39:38.577 @T t=372505 s=0.000 lv=-41.5 pk=-40.8 c0=6.3 c1=6.1 kw=5.94 inf=1.37 iv=0.00 n=0 d=0 sk=4 hf=96148 hm=89676 ht=283156 pf=0 pm=0 pt=0 ru=235400 rp=241872
18:39:38.577 @T t=372591 s=0.000 lv=-40.7 pk=-38.4 c0=7.8 c1=5.0 kw=4.85 inf=1.82 iv=0.00 n=0 d=0 sk=2 hf=96148 hm=89676 ht=283156 pf=0 pm=0 pt=0 ru=235400 rp=241872
18:39:38.577 @T t=372698 s=0.000 lv=-42.1 pk=-40.2 c0=5.4 c1=4.7 kw=5.03 inf=1.54 iv=0.00 n=0 d=0 sk=3 hf=96148 hm=89676 ht=283156 pf=0 pm=0 pt=0 ru=235400 rp=241872
18:39:38.577 @T t=372805 s=0.000 lv=-40.7 pk=-39.1 c0=4.8 c1=7.5 kw=5.92 inf=1.39 iv=0.00 n=0 d=0 sk=4 hf=96148 hm=89676 ht=283156 pf=0 pm=0 pt=0 ru=235400 rp=241872
18:39:38.577 @T t=372891 s=0.000 lv=-41.3 pk=-40.0 c0=9.0 c1=5.0 kw=4.88 inf=1.83 iv=0.00 n=0 d=0 sk=2 hf=95952 hm=89676 ht=283156 pf=0 pm=0 pt=0 ru=235596 rp=241872
18:39:38.577 @T t=372997 s=0.000 lv=-41.6 pk=-39.8 c0=6.7 c1=5.1 kw=4.98 inf=1.53 iv=0.00 n=0 d=0 sk=3 hf=96148 hm=89676 ht=283156 pf=0 pm=0 pt=0 ru=235400 rp=241872
18:39:38.577 @T t=373103 s=0.000 lv=-38.5 pk=-36.4 c0=6.7 c1=6.2 kw=6.02 inf=1.39 iv=0.00 n=0 d=0 sk=4 hf=96148 hm=89676 ht=283156 pf=0 pm=0 pt=0 ru=235400 rp=241872
18:39:38.577 @T t=373189 s=0.000 lv=-38.3 pk=-37.0 c0=3.9 c1=5.0 kw=4.90 inf=1.84 iv=0.00 n=0 d=0 sk=2 hf=96148 hm=89676 ht=283156 pf=0 pm=0 pt=0 ru=235400 rp=241872
18:39:38.577 @I ww=marvin cut=0.50 win=5 cool=1000 tick=100 wifi=1 srv=1 li=0 ln=0
18:39:38.578 @T t=373301 s=0.000 lv=-39.3 pk=-38.3 c0=3.6 c1=4.7 kw=4.77 inf=1.51 iv=0.00 n=0 d=0 sk=3 hf=96148 hm=89676 ht=283156 pf=0 pm=0 pt=0 ru=235400 rp=241872
18:39:38.578 @T t=373387 s=0.000 lv=-39.7 pk=-37.1 c0=3.8 c1=6.6 kw=6.13 inf=1.58 iv=0.00 n=0 d=0 sk=3 hf=96148 hm=89676 ht=283156 pf=0 pm=0 pt=0 ru=235400 rp=241872
18:39:38.578 @T t=373493 s=0.000 lv=-39.3 pk=-37.3 c0=6.3 c1=5.0 kw=4.91 inf=1.51 iv=0.00 n=0 d=0 sk=3 hf=96148 hm=89676 ht=283156 pf=0 pm=0 pt=0 ru=235400 rp=241872
18:39:38.578 @T t=373599 s=0.000 lv=-37.8 pk=-34.2 c0=3.1 c1=15.4 kw=15.23 inf=1.19 iv=0.98 n=11 d=0 sk=2 hf=96148 hm=89676 ht=283156 pf=0 pm=0 pt=0 ru=235400 rp=241872
18:39:41.060 @T t=373705 s=0.000 lv=-41.1 pk=-40.2 c0=4.0 c1=10.8 kw=10.61 inf=2.60 iv=1.17 n=4 d=0 sk=0 hf=96148 hm=89676 ht=283156 pf=0 pm=0 pt=0 ru=235400 rp=241872
18:39:41.060 @T t=373791 s=0.000 lv=-42.0 pk=-40.3 c0=4.2 c1=8.2 kw=8.04 inf=3.18 iv=1.25 n=2 d=0 sk=0 hf=96148 hm=89676 ht=283156 pf=0 pm=0 pt=0 ru=235400 rp=241872
18:39:41.060 @T t=373897 s=0.000 lv=-40.6 pk=-39.4 c0=3.6 c1=9.6 kw=9.45 inf=2.33 iv=1.13 n=4 d=0 sk=0 hf=96148 hm=89676 ht=283156 pf=0 pm=0 pt=0 ru=235400 rp=241872
18:39:41.060 @T t=374003 s=0.000 lv=-40.4 pk=-38.1 c0=3.4 c1=10.4 kw=10.33 inf=2.53 iv=1.11 n=4 d=0 sk=0 hf=96148 hm=89676 ht=283156 pf=0 pm=0 pt=0 ru=235400 rp=241872
18:39:41.060 @T t=374089 s=0.000 lv=-40.5 pk=-40.0 c0=4.4 c1=8.2 kw=7.89 inf=3.11 iv=1.19 n=2 d=0 sk=0 hf=96148 hm=89676 ht=283156 pf=0 pm=0 pt=0 ru=235400 rp=241872
18:39:41.060 @T t=374195 s=0.000 lv=-39.3 pk=-38.0 c0=3.8 c1=10.0 kw=9.83 inf=2.43 iv=1.21 n=4 d=0 sk=0 hf=96148 hm=89676 ht=283156 pf=0 pm=0 pt=0 ru=235400 rp=241872
18:39:41.060 @I ww=marvin cut=0.50 win=5 cool=1000 tick=100 wifi=1 srv=1 li=0 ln=0
18:39:41.060 @T t=374286 s=0.000 lv=-40.0 pk=-38.0 c0=5.0 c1=10.4 kw=10.16 inf=2.85 iv=1.24 n=3 d=0 sk=0 hf=96148 hm=89676 ht=283156 pf=0 pm=0 pt=0 ru=235400 rp=241872
18:39:41.060 @T t=374392 s=0.000 lv=-40.7 pk=-39.4 c0=3.6 c1=8.8 kw=8.67 inf=2.83 iv=1.22 n=3 d=0 sk=0 hf=96148 hm=89676 ht=283156 pf=0 pm=0 pt=0 ru=235400 rp=241872
18:39:41.060 @T t=374498 s=0.000 lv=-41.1 pk=-39.2 c0=3.4 c1=9.8 kw=9.61 inf=2.37 iv=1.16 n=4 d=0 sk=0 hf=96148 hm=89676 ht=283156 pf=0 pm=0 pt=0 ru=235400 rp=241872
18:39:41.060 @T t=374604 s=0.000 lv=-40.9 pk=-39.9 c0=3.5 c1=10.8 kw=10.58 inf=2.59 iv=1.16 n=4 d=0 sk=0 hf=96148 hm=89676 ht=283156 pf=0 pm=0 pt=0 ru=235400 rp=241872
18:39:41.060 @T t=374690 s=0.000 lv=-41.5 pk=-40.0 c0=4.2 c1=8.0 kw=7.87 inf=3.10 iv=1.19 n=2 d=0 sk=0 hf=96148 hm=89676 ht=283156 pf=0 pm=0 pt=0 ru=235400 rp=241872
18:39:41.060 @T t=374796 s=0.000 lv=-40.4 pk=-39.5 c0=7.6 c1=11.1 kw=10.56 inf=2.61 iv=1.36 n=4 d=0 sk=0 hf=96148 hm=89676 ht=283156 pf=0 pm=0 pt=0 ru=235400 rp=241872
18:39:41.060 @T t=374902 s=0.000 lv=-41.6 pk=-40.2 c0=4.5 c1=10.2 kw=9.25 inf=2.98 iv=1.33 n=3 d=0 sk=0 hf=96148 hm=89676 ht=283156 pf=0 pm=0 pt=0 ru=235400 rp=241872
18:39:41.060 @T t=374989 s=0.000 lv=-39.6 pk=-37.1 c0=4.3 c1=9.9 kw=10.61 inf=2.89 iv=1.29 n=3 d=0 sk=0 hf=96148 hm=89676 ht=283156 pf=0 pm=0 pt=0 ru=235400 rp=241872
18:39:41.060 @T t=375095 s=0.000 lv=-41.4 pk=-39.7 c0=6.8 c1=9.6 kw=9.47 inf=2.34 iv=1.13 n=4 d=0 sk=0 hf=96148 hm=89676 ht=283156 pf=0 pm=0 pt=0 ru=235400 rp=241872
18:39:41.060 @T t=375201 s=0.000 lv=-41.1 pk=-40.0 c0=3.4 c1=7.4 kw=7.44 inf=2.35 iv=1.17 n=2 d=0 sk=1 hf=96148 hm=89676 ht=283156 pf=0 pm=0 pt=0 ru=235400 rp=241872
18:39:41.060 @I ww=marvin cut=0.50 win=5 cool=1000 tick=100 wifi=1 srv=1 li=0 ln=0
18:39:41.060 @T t=375293 s=0.000 lv=-41.3 pk=-40.5 c0=5.1 c1=6.3 kw=5.88 inf=1.62 iv=0.00 n=0 d=0 sk=3 hf=96148 hm=89676 ht=283156 pf=0 pm=0 pt=0 ru=235400 rp=241872
18:39:41.060 @T t=375399 s=0.000 lv=-41.9 pk=-40.8 c0=3.3 c1=5.1 kw=4.98 inf=1.53 iv=0.00 n=0 d=0 sk=3 hf=96148 hm=89676 ht=283156 pf=0 pm=0 pt=0 ru=235400 rp=241872
18:39:41.060 @T t=375505 s=0.000 lv=-41.3 pk=-40.1 c0=3.1 c1=6.1 kw=5.93 inf=1.37 iv=0.00 n=0 d=0 sk=4 hf=96148 hm=89676 ht=283156 pf=0 pm=0 pt=0 ru=235400 rp=241872
18:39:41.060 @T t=375591 s=0.000 lv=-41.4 pk=-40.7 c0=7.8 c1=5.0 kw=4.85 inf=1.82 iv=0.00 n=0 d=0 sk=2 hf=96148 hm=89676 ht=283156 pf=0 pm=0 pt=0 ru=235400 rp=241872
18:39:41.060 @T t=375697 s=0.000 lv=-40.5 pk=-39.5 c0=3.0 c1=5.1 kw=4.93 inf=1.52 iv=0.00 n=0 d=0 sk=3 hf=96148 hm=89676 ht=283156 pf=0 pm=0 pt=0 ru=235400 rp=241872
18:39:41.060 @T t=375803 s=0.000 lv=-41.0 pk=-39.3 c0=6.8 c1=6.1 kw=5.94 inf=1.37 iv=0.00 n=0 d=0 sk=4 hf=96148 hm=89676 ht=283156 pf=0 pm=0 pt=0 ru=235400 rp=241872
18:39:41.060 @T t=375889 s=0.000 lv=-41.4 pk=-39.8 c0=4.1 c1=5.0 kw=4.91 inf=1.84 iv=0.00 n=0 d=0 sk=2 hf=96148 hm=89676 ht=283156 pf=0 pm=0 pt=0 ru=235400 rp=241872
18:39:41.060 @T t=375995 s=0.000 lv=-40.9 pk=-39.6 c0=3.1 c1=5.1 kw=4.95 inf=1.52 iv=0.00 n=0 d=0 sk=3 hf=96148 hm=89676 ht=283156 pf=0 pm=0 pt=0 ru=235400 rp=241872
18:39:41.060 @T t=376101 s=0.000 lv=-41.3 pk=-40.9 c0=3.2 c1=5.0 kw=5.08 inf=1.53 iv=0.00 n=0 d=0 sk=3 hf=96148 hm=89676 ht=283156 pf=0 pm=0 pt=0 ru=235400 rp=241872
18:39:43.570 @T t=376187 s=0.000 lv=-39.6 pk=-39.1 c0=3.8 c1=6.6 kw=6.17 inf=1.59 iv=0.00 n=0 d=0 sk=3 hf=96148 hm=89676 ht=283156 pf=0 pm=0 pt=0 ru=235400 rp=241872
18:39:43.571 @I ww=marvin cut=0.50 win=5 cool=1000 tick=100 wifi=1 srv=1 li=0 ln=0
18:39:43.571 @T t=376299 s=0.000 lv=-40.9 pk=-39.1 c0=11.0 c1=4.8 kw=4.65 inf=1.51 iv=0.00 n=0 d=0 sk=3 hf=96148 hm=89676 ht=283156 pf=0 pm=0 pt=0 ru=235400 rp=241872
18:39:43.571 @T t=376405 s=0.000 lv=-40.9 pk=-39.6 c0=3.5 c1=6.1 kw=5.95 inf=1.37 iv=0.00 n=0 d=0 sk=4 hf=96148 hm=89676 ht=283156 pf=0 pm=0 pt=0 ru=235400 rp=241872
18:39:43.571 @T t=376491 s=0.000 lv=-41.9 pk=-39.8 c0=4.0 c1=5.0 kw=4.89 inf=1.83 iv=0.00 n=0 d=0 sk=2 hf=96148 hm=89676 ht=283156 pf=0 pm=0 pt=0 ru=235400 rp=241872
18:39:43.571 @T t=376597 s=0.000 lv=-40.3 pk=-39.4 c0=3.1 c1=5.1 kw=4.93 inf=1.52 iv=0.00 n=0 d=0 sk=3 hf=96148 hm=89676 ht=283156 pf=0 pm=0 pt=0 ru=235400 rp=241872
18:39:43.571 @T t=376703 s=0.000 lv=-41.4 pk=-40.1 c0=3.0 c1=6.1 kw=5.90 inf=1.36 iv=0.00 n=0 d=0 sk=4 hf=96148 hm=89676 ht=283156 pf=0 pm=0 pt=0 ru=235400 rp=241872
18:39:43.571 @T t=376789 s=0.000 lv=-40.7 pk=-40.3 c0=6.4 c1=5.2 kw=4.98 inf=1.86 iv=0.00 n=0 d=0 sk=2 hf=94364 hm=89676 ht=283156 pf=0 pm=0 pt=0 ru=237184 rp=241872
18:39:43.571 @T t=376897 s=0.000 lv=-41.3 pk=-40.8 c0=6.1 c1=5.6 kw=4.94 inf=1.55 iv=0.00 n=0 d=0 sk=3 hf=95952 hm=89676 ht=283156 pf=0 pm=0 pt=0 ru=235596 rp=241872
18:39:43.571 @T t=377003 s=0.000 lv=-40.4 pk=-39.4 c0=6.6 c1=6.1 kw=5.97 inf=1.38 iv=0.00 n=0 d=0 sk=4 hf=96148 hm=89676 ht=283156 pf=0 pm=0 pt=0 ru=235400 rp=241872
18:39:43.571 @T t=377089 s=0.000 lv=-40.9 pk=-39.7 c0=7.9 c1=5.0 kw=4.88 inf=1.83 iv=0.00 n=0 d=0 sk=2 hf=96148 hm=89676 ht=283156 pf=0 pm=0 pt=0 ru=235400 rp=241872
18:39:43.571 @T t=377195 s=0.000 lv=-41.6 pk=-39.9 c0=3.2 c1=5.1 kw=4.94 inf=1.52 iv=0.00 n=0 d=0 sk=3 hf=96148 hm=89676 ht=283156 pf=0 pm=0 pt=0 ru=235400 rp=241872
18:39:43.571 @I ww=marvin cut=0.50 win=5 cool=1000 tick=100 wifi=1 srv=1 li=0 ln=0
18:39:43.571 @T t=377287 s=0.000 lv=-40.6 pk=-38.8 c0=4.4 c1=5.8 kw=5.69 inf=1.52 iv=0.00 n=0 d=0 sk=3 hf=96148 hm=89676 ht=283156 pf=0 pm=0 pt=0 ru=235400 rp=241872
18:39:43.571 @T t=377393 s=0.000 lv=-39.9 pk=-39.0 c0=6.4 c1=5.1 kw=4.92 inf=1.51 iv=0.00 n=0 d=0 sk=3 hf=96148 hm=89676 ht=283156 pf=0 pm=0 pt=0 ru=235400 rp=241872
18:39:43.572 @T t=377499 s=0.000 lv=-40.3 pk=-39.3 c0=3.0 c1=5.1 kw=4.94 inf=1.52 iv=0.00 n=0 d=0 sk=3 hf=96148 hm=89676 ht=283156 pf=0 pm=0 pt=0 ru=235400 rp=241872
18:39:43.572 @T t=377605 s=0.000 lv=-39.6 pk=-38.4 c0=3.6 c1=6.1 kw=5.94 inf=1.37 iv=0.00 n=0 d=0 sk=4 hf=96148 hm=89676 ht=283156 pf=0 pm=0 pt=0 ru=235400 rp=241872
18:39:43.572 @T t=377691 s=0.000 lv=-40.3 pk=-39.8 c0=3.9 c1=5.1 kw=4.94 inf=1.85 iv=0.00 n=0 d=0 sk=2 hf=96148 hm=89676 ht=283156 pf=0 pm=0 pt=0 ru=235400 rp=241872
18:39:43.572 @T t=377797 s=0.000 lv=-40.0 pk=-38.2 c0=3.5 c1=5.1 kw=4.92 inf=1.51 iv=0.00 n=0 d=0 sk=3 hf=96148 hm=89676 ht=283156 pf=0 pm=0 pt=0 ru=235400 rp=241872
18:39:43.572 @T t=377903 s=0.000 lv=-39.9 pk=-39.0 c0=3.3 c1=6.1 kw=5.93 inf=1.37 iv=0.00 n=0 d=0 sk=4 hf=96148 hm=89676 ht=283156 pf=0 pm=0 pt=0 ru=235400 rp=241872
18:39:43.572 @T t=377989 s=0.000 lv=-39.0 pk=-37.9 c0=3.8 c1=5.0 kw=4.89 inf=1.83 iv=0.00 n=0 d=0 sk=2 hf=96148 hm=89676 ht=283156 pf=0 pm=0 pt=0 ru=235400 rp=241872
18:39:43.572 @T t=378095 s=0.000 lv=-41.0 pk=-40.2 c0=6.4 c1=5.1 kw=4.92 inf=1.51 iv=0.00 n=0 d=0 sk=3 hf=96148 hm=89676 ht=283156 pf=0 pm=0 pt=0 ru=235400 rp=241872
18:39:43.572 @T t=378201 s=0.000 lv=-39.9 pk=-38.1 c0=3.1 c1=5.0 kw=5.09 inf=1.53 iv=0.00 n=0 d=0 sk=3 hf=96148 hm=89676 ht=283156 pf=0 pm=0 pt=0 ru=235400 rp=241872
18:39:43.572 @I ww=marvin cut=0.50 win=5 cool=1000 tick=100 wifi=1 srv=1 li=0 ln=0
18:39:43.572 @T t=378293 s=0.000 lv=-38.9 pk=-37.6 c0=4.4 c1=6.1 kw=5.75 inf=1.58 iv=0.00 n=0 d=0 sk=3 hf=96148 hm=89676 ht=283156 pf=0 pm=0 pt=0 ru=235400 rp=241872
18:39:43.573 @T t=378399 s=0.000 lv=-40.3 pk=-38.5 c0=6.4 c1=5.0 kw=4.90 inf=1.51 iv=0.00 n=0 d=0 sk=3 hf=96148 hm=89676 ht=283156 pf=0 pm=0 pt=0 ru=235400 rp=241872
18:39:43.573 @T t=378505 s=0.000 lv=-41.3 pk=-40.1 c0=6.3 c1=6.1 kw=5.93 inf=1.37 iv=0.00 n=0 d=0 sk=4 hf=96148 hm=89676 ht=283156 pf=0 pm=0 pt=0 ru=235400 rp=241872
18:39:43.573 @T t=378591 s=0.000 lv=-40.6 pk=-39.7 c0=7.8 c1=5.0 kw=4.86 inf=1.82 iv=0.00 n=0 d=0 sk=2 hf=96148 hm=89676 ht=283156 pf=0 pm=0 pt=0 ru=235400 rp=241872
18:39:46.159 @T t=378697 s=0.000 lv=-41.4 pk=-40.3 c0=6.7 c1=5.1 kw=4.92 inf=1.51 iv=0.00 n=0 d=0 sk=3 hf=96148 hm=89676 ht=283156 pf=0 pm=0 pt=0 ru=235400 rp=241872
18:39:46.160 @T t=378803 s=0.000 lv=-41.2 pk=-40.0 c0=5.1 c1=6.2 kw=6.03 inf=1.39 iv=0.00 n=0 d=0 sk=4 hf=94384 hm=89676 ht=283156 pf=0 pm=0 pt=0 ru=237164 rp=241872
18:39:46.160 @T t=378889 s=0.000 lv=-40.6 pk=-39.1 c0=6.7 c1=5.7 kw=5.11 inf=1.91 iv=0.00 n=0 d=0 sk=2 hf=96148 hm=89676 ht=283156 pf=0 pm=0 pt=0 ru=235400 rp=241872
18:39:46.160 @T t=378995 s=0.000 lv=-41.3 pk=-40.0 c0=3.4 c1=5.0 kw=4.93 inf=1.52 iv=0.00 n=0 d=0 sk=3 hf=96148 hm=89676 ht=283156 pf=0 pm=0 pt=0 ru=235400 rp=241872
18:39:46.160 @T t=379101 s=0.000 lv=-40.7 pk=-39.0 c0=6.9 c1=5.1 kw=5.13 inf=1.54 iv=0.00 n=0 d=0 sk=3 hf=95952 hm=89676 ht=283156 pf=0 pm=0 pt=0 ru=235596 rp=241872
18:39:46.160 @T t=379187 s=0.000 lv=-39.8 pk=-39.0 c0=4.4 c1=6.7 kw=6.24 inf=1.60 iv=0.00 n=0 d=0 sk=3 hf=96148 hm=89676 ht=283156 pf=0 pm=0 pt=0 ru=235400 rp=241872
18:39:46.160 @I ww=marvin cut=0.50 win=5 cool=1000 tick=100 wifi=1 srv=1 li=0 ln=0
18:39:46.160 @T t=379299 s=0.000 lv=-40.7 pk=-39.8 c0=3.7 c1=4.8 kw=4.68 inf=1.52 iv=0.00 n=0 d=0 sk=3 hf=96148 hm=89676 ht=283156 pf=0 pm=0 pt=0 ru=235400 rp=241872
18:39:46.160 @T t=379405 s=0.000 lv=-40.3 pk=-39.4 c0=3.2 c1=6.1 kw=5.95 inf=1.37 iv=0.00 n=0 d=0 sk=4 hf=96148 hm=89676 ht=283156 pf=0 pm=0 pt=0 ru=235400 rp=241872
18:39:46.160 @T t=379491 s=0.000 lv=-40.2 pk=-39.6 c0=3.8 c1=5.0 kw=4.86 inf=1.82 iv=0.00 n=0 d=0 sk=2 hf=96148 hm=89676 ht=283156 pf=0 pm=0 pt=0 ru=235400 rp=241872
18:39:46.160 @T t=379597 s=0.000 lv=-39.5 pk=-37.6 c0=6.3 c1=5.1 kw=4.92 inf=1.51 iv=0.00 n=0 d=0 sk=3 hf=96148 hm=89676 ht=283156 pf=0 pm=0 pt=0 ru=235400 rp=241872
18:39:46.160 @T t=379703 s=0.000 lv=-38.6 pk=-36.1 c0=3.1 c1=6.0 kw=5.89 inf=1.36 iv=0.00 n=0 d=0 sk=4 hf=96148 hm=89676 ht=283156 pf=0 pm=0 pt=0 ru=235400 rp=241872
18:39:46.160 @T t=379789 s=0.000 lv=-39.5 pk=-38.3 c0=8.2 c1=5.1 kw=4.93 inf=1.85 iv=0.00 n=0 d=0 sk=2 hf=96148 hm=89676 ht=283156 pf=0 pm=0 pt=0 ru=235400 rp=241872
18:39:46.160 @T t=379895 s=0.000 lv=-38.4 pk=-35.8 c0=4.0 c1=5.1 kw=4.98 inf=1.53 iv=0.00 n=0 d=0 sk=3 hf=96148 hm=89676 ht=283156 pf=0 pm=0 pt=0 ru=235400 rp=241872
18:39:46.160 @T t=380001 s=0.000 lv=-40.5 pk=-38.6 c0=3.2 c1=5.0 kw=5.09 inf=1.53 iv=0.00 n=0 d=0 sk=3 hf=96148 hm=89676 ht=283156 pf=0 pm=0 pt=0 ru=235400 rp=241872
18:39:46.160 @T t=380087 s=0.000 lv=-39.9 pk=-38.2 c0=3.9 c1=6.6 kw=6.15 inf=1.58 iv=0.00 n=0 d=0 sk=3 hf=96148 hm=89676 ht=283156 pf=0 pm=0 pt=0 ru=235400 rp=241872
18:39:46.161 @T t=380193 s=0.000 lv=-40.5 pk=-39.6 c0=3.1 c1=5.1 kw=4.94 inf=1.52 iv=0.00 n=0 d=0 sk=3 hf=96148 hm=89676 ht=283156 pf=0 pm=0 pt=0 ru=235400 rp=241872
18:39:46.161 @I ww=marvin cut=0.50 win=5 cool=1000 tick=100 wifi=1 srv=1 li=0 ln=0
18:39:46.161 @T t=380305 s=0.000 lv=-40.3 pk=-38.6 c0=11.0 c1=5.7 kw=5.59 inf=1.36 iv=0.00 n=0 d=0 sk=4 hf=96148 hm=89676 ht=283156 pf=0 pm=0 pt=0 ru=235400 rp=241872
18:39:46.161 @T t=380391 s=0.000 lv=-40.4 pk=-39.7 c0=3.9 c1=5.0 kw=4.88 inf=1.83 iv=0.00 n=0 d=0 sk=2 hf=96148 hm=89676 ht=283156 pf=0 pm=0 pt=0 ru=235400 rp=241872
18:39:46.161 @T t=380497 s=0.000 lv=-39.4 pk=-38.2 c0=3.0 c1=5.1 kw=4.94 inf=1.52 iv=0.00 n=0 d=0 sk=3 hf=96148 hm=89676 ht=283156 pf=0 pm=0 pt=0 ru=235400 rp=241872
18:39:46.161 @T t=380603 s=0.000 lv=-39.1 pk=-36.1 c0=3.1 c1=6.1 kw=5.90 inf=1.36 iv=0.00 n=0 d=0 sk=4 hf=96148 hm=89676 ht=283156 pf=0 pm=0 pt=0 ru=235400 rp=241872
18:39:46.161 @T t=380689 s=0.000 lv=-40.6 pk=-39.4 c0=3.7 c1=5.0 kw=4.87 inf=1.82 iv=0.00 n=0 d=0 sk=2 hf=96148 hm=89676 ht=283156 pf=0 pm=0 pt=0 ru=235400 rp=241872
18:39:46.161 @T t=380795 s=0.000 lv=-40.3 pk=-39.1 c0=6.3 c1=5.1 kw=4.92 inf=1.51 iv=0.00 n=0 d=0 sk=3 hf=96148 hm=89676 ht=283156 pf=0 pm=0 pt=0 ru=235400 rp=241872
18:39:46.161 @T t=380902 s=0.000 lv=-40.3 pk=-39.3 c0=7.4 c1=6.4 kw=6.17 inf=1.44 iv=0.00 n=0 d=0 sk=4 hf=96148 hm=89676 ht=283156 pf=0 pm=0 pt=0 ru=235400 rp=241872
18:39:46.161 @T t=380988 s=0.000 lv=-40.4 pk=-39.0 c0=4.2 c1=5.4 kw=4.88 inf=1.83 iv=0.00 n=0 d=0 sk=2 hf=96148 hm=89676 ht=283156 pf=0 pm=0 pt=0 ru=235400 rp=241872
18:39:46.161 @T t=381094 s=0.000 lv=-42.4 pk=-40.8 c0=7.2 c1=5.2 kw=4.98 inf=1.53 iv=0.00 n=0 d=0 sk=3 hf=96148 hm=89676 ht=283156 pf=0 pm=0 pt=0 ru=235400 rp=241872
18:39:46.161 @T t=381200 s=0.000 lv=-40.9 pk=-40.6 c0=3.3 c1=5.0 kw=4.94 inf=1.52 iv=0.00 n=0 d=0 sk=3 hf=96148 hm=89676 ht=283156 pf=0 pm=0 pt=0 ru=235400 rp=241872
18:39:46.161 @I ww=marvin cut=0.50 win=5 cool=1000 tick=100 wifi=1 srv=1 li=0 ln=0
18:39:48.477 @T t=381292 s=0.000 lv=-41.0 pk=-39.2 c0=13.3 c1=5.9 kw=5.72 inf=1.53 iv=0.00 n=0 d=0 sk=3 hf=96148 hm=89676 ht=283156 pf=0 pm=0 pt=0 ru=235400 rp=241872
18:39:48.477 @T t=381398 s=0.000 lv=-41.1 pk=-39.6 c0=3.2 c1=5.1 kw=4.97 inf=1.53 iv=0.00 n=0 d=0 sk=3 hf=96148 hm=89676 ht=283156 pf=0 pm=0 pt=0 ru=235400 rp=241872
18:39:48.477 [status] up 381s | mic -40.4 dBFS (peak -34.2) | score max 0.00 | detections 0 | inferences 69 (6.9/s; model 1.17 ms each, paused in quiet 78%; features 1.47 ms per 30 ms) | CPU core0  5.1% core1  6.3% (wake word pipeline 6.13% of one core) | RAM used 229 KB (peak 236 KB, 93 KB free) | wifi OK, server OK | audio lost since boot: i2s 0 net 0
18:39:48.477 @T t=381506 s=0.000 lv=-40.5 pk=-39.4 c0=23.8 c1=6.0 kw=5.84 inf=1.37 iv=0.00 n=0 d=0 sk=4 hf=96148 hm=89676 ht=283156 pf=0 pm=0 pt=0 ru=235400 rp=241872
18:39:48.477 @T t=381592 s=0.000 lv=-40.1 pk=-39.1 c0=3.8 c1=5.0 kw=4.89 inf=1.83 iv=0.00 n=0 d=0 sk=2 hf=96148 hm=89676 ht=283156 pf=0 pm=0 pt=0 ru=235400 rp=241872
18:39:48.477 @T t=381698 s=0.000 lv=-41.4 pk=-40.2 c0=3.0 c1=5.1 kw=4.92 inf=1.52 iv=0.00 n=0 d=0 sk=3 hf=96148 hm=89676 ht=283156 pf=0 pm=0 pt=0 ru=235400 rp=241872
18:39:48.477 @T t=381804 s=0.000 lv=-40.4 pk=-38.6 c0=6.3 c1=6.1 kw=5.91 inf=1.37 iv=0.00 n=0 d=0 sk=4 hf=96148 hm=89676 ht=283156 pf=0 pm=0 pt=0 ru=235400 rp=241872
18:39:48.477 @T t=381890 s=0.000 lv=-38.9 pk=-36.6 c0=4.7 c1=5.0 kw=4.88 inf=1.83 iv=0.00 n=0 d=0 sk=2 hf=96148 hm=89676 ht=283156 pf=0 pm=0 pt=0 ru=235400 rp=241872
18:39:48.477 @T t=381996 s=0.000 lv=-39.4 pk=-37.8 c0=3.2 c1=5.1 kw=4.99 inf=1.54 iv=0.00 n=0 d=0 sk=3 hf=96148 hm=89676 ht=283156 pf=0 pm=0 pt=0 ru=235400 rp=241872
18:39:48.477 @T t=382102 s=0.000 lv=-40.4 pk=-38.8 c0=3.6 c1=6.0 kw=5.94 inf=1.37 iv=0.00 n=0 d=0 sk=4 hf=96148 hm=89676 ht=283156 pf=0 pm=0 pt=0 ru=235400 rp=241872
18:39:48.477 @T t=382188 s=0.000 lv=-41.1 pk=-40.5 c0=4.3 c1=5.3 kw=4.96 inf=1.86 iv=0.00 n=0 d=0 sk=2 hf=96148 hm=89676 ht=283156 pf=0 pm=0 pt=0 ru=235400 rp=241872
18:39:48.477 @I ww=marvin cut=0.50 win=5 cool=1000 tick=100 wifi=1 srv=1 li=0 ln=0
18:39:48.477 @T t=382300 s=0.000 lv=-41.5 pk=-39.8 c0=3.7 c1=4.8 kw=4.67 inf=1.52 iv=0.00 n=0 d=0 sk=3 hf=96148 hm=89676 ht=283156 pf=0 pm=0 pt=0 ru=235400 rp=241872
18:39:48.477 @T t=382386 s=0.000 lv=-41.7 pk=-41.1 c0=7.8 c1=6.3 kw=6.10 inf=1.52 iv=0.00 n=0 d=0 sk=3 hf=96148 hm=89676 ht=283156 pf=0 pm=0 pt=0 ru=235400 rp=241872
18:39:48.477 @T t=382492 s=0.000 lv=-40.6 pk=-39.6 c0=3.1 c1=5.1 kw=4.94 inf=1.52 iv=0.00 n=0 d=0 sk=3 hf=96148 hm=89676 ht=283156 pf=0 pm=0 pt=0 ru=235400 rp=241872
18:39:48.477 @T t=382598 s=0.000 lv=-40.7 pk=-39.6 c0=6.3 c1=5.1 kw=4.94 inf=1.52 iv=0.00 n=0 d=0 sk=3 hf=96148 hm=89676 ht=283156 pf=0 pm=0 pt=0 ru=235400 rp=241872
18:39:48.477 @T t=382704 s=0.000 lv=-40.6 pk=-39.4 c0=3.0 c1=6.0 kw=5.87 inf=1.35 iv=0.00 n=0 d=0 sk=4 hf=96148 hm=89676 ht=283156 pf=0 pm=0 pt=0 ru=235400 rp=241872
18:39:48.477 @T t=382790 s=0.000 lv=-39.9 pk=-38.9 c0=7.7 c1=5.0 kw=4.88 inf=1.83 iv=0.00 n=0 d=0 sk=2 hf=96148 hm=89676 ht=283156 pf=0 pm=0 pt=0 ru=235400 rp=241872
18:39:48.477 @T t=382896 s=0.000 lv=-40.2 pk=-39.0 c0=8.2 c1=5.1 kw=4.95 inf=1.52 iv=0.00 n=0 d=0 sk=3 hf=94384 hm=89676 ht=283156 pf=0 pm=0 pt=0 ru=237164 rp=241872
18:39:48.477 @T t=383002 s=0.000 lv=-40.6 pk=-39.1 c0=5.6 c1=6.5 kw=6.10 inf=1.41 iv=0.00 n=0 d=0 sk=4 hf=96148 hm=89676 ht=283156 pf=0 pm=0 pt=0 ru=235400 rp=241872
18:39:48.477 @T t=383088 s=0.000 lv=-41.0 pk=-40.7 c0=4.9 c1=5.2 kw=4.94 inf=1.85 iv=0.00 n=0 d=0 sk=2 hf=95952 hm=89676 ht=283156 pf=0 pm=0 pt=0 ru=235596 rp=241872
18:39:48.478 @T t=383194 s=0.000 lv=-40.2 pk=-39.3 c0=3.7 c1=5.1 kw=4.99 inf=1.54 iv=0.00 n=0 d=0 sk=3 hf=96148 hm=89676 ht=283156 pf=0 pm=0 pt=0 ru=235400 rp=241872
18:39:48.478 @I ww=marvin cut=0.50 win=5 cool=1000 tick=100 wifi=1 srv=1 li=0 ln=0
18:39:48.478 @T t=383286 s=0.000 lv=-41.4 pk=-40.8 c0=13.9 c1=5.9 kw=5.77 inf=1.54 iv=0.00 n=0 d=0 sk=3 hf=96148 hm=89676 ht=283156 pf=0 pm=0 pt=0 ru=235400 rp=241872
18:39:48.478 @T t=383392 s=0.000 lv=-40.6 pk=-40.1 c0=3.4 c1=5.1 kw=4.98 inf=1.53 iv=0.00 n=0 d=0 sk=3 hf=96148 hm=89676 ht=283156 pf=0 pm=0 pt=0 ru=235400 rp=241872
18:39:48.478 @T t=383498 s=0.000 lv=-39.0 pk=-38.4 c0=3.1 c1=5.0 kw=4.92 inf=1.51 iv=0.00 n=0 d=0 sk=3 hf=96148 hm=89676 ht=283156 pf=0 pm=0 pt=0 ru=235400 rp=241872
18:39:51.064 @T t=383604 s=0.000 lv=-38.3 pk=-36.4 c0=3.1 c1=6.1 kw=5.91 inf=1.36 iv=0.00 n=0 d=0 sk=4 hf=96148 hm=89676 ht=283156 pf=0 pm=0 pt=0 ru=235400 rp=241872
18:39:51.065 @T t=383690 s=0.000 lv=-38.8 pk=-37.9 c0=3.7 c1=5.0 kw=4.89 inf=1.83 iv=0.00 n=0 d=0 sk=2 hf=96148 hm=89676 ht=283156 pf=0 pm=0 pt=0 ru=235400 rp=241872
18:39:51.065 @T t=383796 s=0.000 lv=-38.8 pk=-35.0 c0=3.4 c1=17.6 kw=17.37 inf=1.36 iv=0.99 n=13 d=0 sk=0 hf=96148 hm=89676 ht=283156 pf=0 pm=0 pt=0 ru=235400 rp=241872
18:39:51.065 @T t=383902 s=0.000 lv=-40.9 pk=-39.2 c0=3.8 c1=9.7 kw=8.82 inf=2.84 iv=1.22 n=3 d=0 sk=0 hf=96148 hm=89676 ht=283156 pf=0 pm=0 pt=0 ru=235400 rp=241872
18:39:51.065 @T t=383989 s=0.000 lv=-40.9 pk=-39.9 c0=4.9 c1=10.2 kw=10.89 inf=2.97 iv=1.36 n=3 d=0 sk=0 hf=96148 hm=89676 ht=283156 pf=0 pm=0 pt=0 ru=235400 rp=241872
18:39:51.065 @T t=384095 s=0.000 lv=-39.4 pk=-38.2 c0=3.6 c1=9.8 kw=9.58 inf=2.36 iv=1.15 n=4 d=0 sk=0 hf=96148 hm=89676 ht=283156 pf=0 pm=0 pt=0 ru=235400 rp=241872
18:39:51.065 @T t=384201 s=0.000 lv=-39.0 pk=-36.7 c0=3.4 c1=8.6 kw=8.62 inf=2.77 iv=1.17 n=3 d=0 sk=0 hf=96148 hm=89676 ht=283156 pf=0 pm=0 pt=0 ru=235400 rp=241872
18:39:51.065 @I ww=marvin cut=0.50 win=5 cool=1000 tick=100 wifi=1 srv=1 li=0 ln=0
18:39:51.065 @T t=384295 s=0.000 lv=-41.1 pk=-40.5 c0=5.1 c1=10.5 kw=10.01 inf=2.95 iv=1.24 n=3 d=0 sk=0 hf=96148 hm=89676 ht=283156 pf=0 pm=0 pt=0 ru=235400 rp=241872
18:39:51.065 @T t=384401 s=0.000 lv=-40.5 pk=-38.9 c0=3.6 c1=9.6 kw=9.62 inf=2.34 iv=1.14 n=4 d=0 sk=0 hf=96148 hm=89676 ht=283156 pf=0 pm=0 pt=0 ru=235400 rp=241872
18:39:51.065 @T t=384487 s=0.000 lv=-41.8 pk=-41.3 c0=4.2 c1=11.2 kw=10.75 inf=2.89 iv=1.20 n=3 d=0 sk=0 hf=96148 hm=89676 ht=283156 pf=0 pm=0 pt=0 ru=235400 rp=241872
18:39:51.065 @T t=384593 s=0.000 lv=-41.2 pk=-40.2 c0=3.5 c1=8.5 kw=8.34 inf=2.71 iv=1.13 n=3 d=0 sk=0 hf=96148 hm=89676 ht=283156 pf=0 pm=0 pt=0 ru=235400 rp=241872
18:39:51.065 @T t=384699 s=0.000 lv=-42.5 pk=-41.4 c0=3.4 c1=9.7 kw=9.56 inf=2.36 iv=1.16 n=4 d=0 sk=0 hf=96148 hm=89676 ht=283156 pf=0 pm=0 pt=0 ru=235400 rp=241872
18:39:51.065 @T t=384805 s=0.000 lv=-40.0 pk=-37.7 c0=3.4 c1=10.8 kw=10.57 inf=2.59 iv=1.16 n=4 d=0 sk=0 hf=96148 hm=89676 ht=283156 pf=0 pm=0 pt=0 ru=235400 rp=241872
18:39:51.065 @T t=384891 s=0.000 lv=-40.6 pk=-39.6 c0=4.9 c1=8.3 kw=8.09 inf=3.19 iv=1.25 n=2 d=0 sk=0 hf=96148 hm=89676 ht=283156 pf=0 pm=0 pt=0 ru=235400 rp=241872
18:39:51.066 @T t=384999 s=0.000 lv=-40.9 pk=-39.5 c0=7.0 c1=10.7 kw=10.06 inf=2.53 iv=1.30 n=4 d=0 sk=0 hf=96148 hm=89676 ht=283156 pf=0 pm=0 pt=0 ru=235400 rp=241872
18:39:51.066 @T t=385105 s=0.000 lv=-41.5 pk=-40.6 c0=6.8 c1=11.2 kw=11.04 inf=2.71 iv=1.25 n=4 d=0 sk=0 hf=96148 hm=89676 ht=283156 pf=0 pm=0 pt=0 ru=235400 rp=241872
18:39:51.066 @T t=385191 s=0.000 lv=-41.2 pk=-40.1 c0=4.2 c1=8.2 kw=8.07 inf=3.19 iv=1.25 n=2 d=0 sk=0 hf=96148 hm=89676 ht=283156 pf=0 pm=0 pt=0 ru=235400 rp=241872
18:39:51.066 @I ww=marvin cut=0.50 win=5 cool=1000 tick=100 wifi=1 srv=1 li=0 ln=0
18:39:51.066 @T t=385303 s=0.000 lv=-41.2 pk=-39.2 c0=4.3 c1=10.3 kw=10.08 inf=2.61 iv=1.16 n=4 d=0 sk=0 hf=96148 hm=89676 ht=283156 pf=0 pm=0 pt=0 ru=235400 rp=241872
18:39:51.066 @T t=385389 s=0.000 lv=-41.3 pk=-40.6 c0=8.2 c1=5.0 kw=4.91 inf=1.84 iv=0.00 n=0 d=0 sk=2 hf=96148 hm=89676 ht=283156 pf=0 pm=0 pt=0 ru=235400 rp=241872
18:39:51.066 @T t=385495 s=0.000 lv=-40.5 pk=-39.1 c0=6.3 c1=5.1 kw=4.98 inf=1.53 iv=0.00 n=0 d=0 sk=3 hf=96148 hm=89676 ht=283156 pf=0 pm=0 pt=0 ru=235400 rp=241872
18:39:51.066 @T t=385601 s=0.000 lv=-42.0 pk=-40.7 c0=3.6 c1=5.0 kw=5.09 inf=1.53 iv=0.00 n=0 d=0 sk=3 hf=96148 hm=89676 ht=283156 pf=0 pm=0 pt=0 ru=235400 rp=241872
18:39:51.066 @T t=385687 s=0.000 lv=-42.0 pk=-41.1 c0=3.9 c1=6.7 kw=6.27 inf=1.62 iv=0.00 n=0 d=0 sk=3 hf=96148 hm=89676 ht=283156 pf=0 pm=0 pt=0 ru=235400 rp=241872
18:39:51.066 @T t=385793 s=0.000 lv=-41.7 pk=-40.9 c0=3.3 c1=5.1 kw=4.96 inf=1.53 iv=0.00 n=0 d=0 sk=3 hf=96148 hm=89676 ht=283156 pf=0 pm=0 pt=0 ru=235400 rp=241872
18:39:51.066 @T t=385899 s=0.000 lv=-40.9 pk=-39.6 c0=3.4 c1=5.1 kw=4.94 inf=1.52 iv=0.00 n=0 d=0 sk=3 hf=96148 hm=89676 ht=283156 pf=0 pm=0 pt=0 ru=235400 rp=241872
18:39:51.066 @T t=386005 s=0.000 lv=-41.1 pk=-39.1 c0=3.9 c1=6.2 kw=6.01 inf=1.39 iv=0.00 n=0 d=0 sk=4 hf=96148 hm=89676 ht=283156 pf=0 pm=0 pt=0 ru=235400 rp=241872
18:39:51.066 @T t=386091 s=0.000 lv=-40.6 pk=-39.7 c0=4.5 c1=5.1 kw=4.96 inf=1.86 iv=0.00 n=0 d=0 sk=2 hf=96148 hm=89676 ht=283156 pf=0 pm=0 pt=0 ru=235400 rp=241872
18:39:53.572 @T t=386197 s=0.000 lv=-39.6 pk=-37.7 c0=3.5 c1=5.1 kw=4.99 inf=1.54 iv=0.00 n=0 d=0 sk=3 hf=96148 hm=89676 ht=283156 pf=0 pm=0 pt=0 ru=235400 rp=241872
18:39:53.573 @I ww=marvin cut=0.50 win=5 cool=1000 tick=100 wifi=1 srv=1 li=0 ln=0
18:39:53.573 @T t=386289 s=0.000 lv=-40.7 pk=-39.8 c0=5.3 c1=5.9 kw=5.75 inf=1.53 iv=0.00 n=0 d=0 sk=3 hf=96148 hm=89676 ht=283156 pf=0 pm=0 pt=0 ru=235400 rp=241872
18:39:53.573 @T t=386395 s=0.000 lv=-39.6 pk=-38.4 c0=3.6 c1=5.1 kw=4.99 inf=1.53 iv=0.00 n=0 d=0 sk=3 hf=96148 hm=89676 ht=283156 pf=0 pm=0 pt=0 ru=235400 rp=241872
18:39:53.573 @T t=386501 s=0.000 lv=-40.8 pk=-39.5 c0=3.6 c1=5.1 kw=5.14 inf=1.55 iv=0.00 n=0 d=0 sk=3 hf=96148 hm=89676 ht=283156 pf=0 pm=0 pt=0 ru=235400 rp=241872
18:39:53.573 @T t=386587 s=0.000 lv=-40.8 pk=-39.4 c0=4.3 c1=6.7 kw=6.25 inf=1.61 iv=0.00 n=0 d=0 sk=3 hf=96148 hm=89676 ht=283156 pf=0 pm=0 pt=0 ru=235400 rp=241872
18:39:53.573 @T t=386693 s=0.000 lv=-40.4 pk=-39.2 c0=3.5 c1=5.2 kw=5.00 inf=1.54 iv=0.00 n=0 d=0 sk=3 hf=96148 hm=89676 ht=283156 pf=0 pm=0 pt=0 ru=235400 rp=241872
18:39:53.574 @T t=386799 s=0.000 lv=-40.5 pk=-39.5 c0=3.5 c1=5.1 kw=4.98 inf=1.53 iv=0.00 n=0 d=0 sk=3 hf=96148 hm=89676 ht=283156 pf=0 pm=0 pt=0 ru=235400 rp=241872
18:39:53.574 @T t=386905 s=0.000 lv=-40.1 pk=-38.7 c0=3.4 c1=6.1 kw=5.95 inf=1.37 iv=0.00 n=0 d=0 sk=4 hf=96148 hm=89676 ht=283156 pf=0 pm=0 pt=0 ru=235400 rp=241872
18:39:53.574 @T t=386991 s=0.000 lv=-41.2 pk=-40.9 c0=4.2 c1=5.1 kw=4.95 inf=1.85 iv=0.00 n=0 d=0 sk=2 hf=96148 hm=89676 ht=283156 pf=0 pm=0 pt=0 ru=235400 rp=241872
18:39:53.574 @T t=387097 s=0.000 lv=-40.2 pk=-39.2 c0=5.9 c1=5.3 kw=5.10 inf=1.57 iv=0.00 n=0 d=0 sk=3 hf=94384 hm=89676 ht=283156 pf=0 pm=0 pt=0 ru=237164 rp=241872
18:39:53.574 @T t=387203 s=0.000 lv=-39.9 pk=-38.6 c0=7.2 c1=6.2 kw=6.01 inf=1.39 iv=0.00 n=0 d=0 sk=4 hf=94588 hm=89676 ht=283156 pf=0 pm=0 pt=0 ru=236960 rp=241872
18:39:53.574 @I ww=marvin cut=0.50 win=5 cool=1000 tick=100 wifi=1 srv=1 li=0 ln=0
18:39:53.574 @T t=387295 s=0.000 lv=-39.6 pk=-39.0 c0=4.9 c1=4.8 kw=4.64 inf=1.86 iv=0.00 n=0 d=0 sk=2 hf=94588 hm=89676 ht=283156 pf=0 pm=0 pt=0 ru=236960 rp=241872
18:39:53.574 @T t=387401 s=0.000 lv=-39.9 pk=-39.1 c0=3.6 c1=5.1 kw=5.14 inf=1.54 iv=0.00 n=0 d=0 sk=3 hf=94588 hm=89676 ht=283156 pf=0 pm=0 pt=0 ru=236960 rp=241872
18:39:53.574 @T t=387487 s=0.000 lv=-39.8 pk=-38.5 c0=3.9 c1=6.6 kw=6.19 inf=1.59 iv=0.00 n=0 d=0 sk=3 hf=94588 hm=89676 ht=283156 pf=0 pm=0 pt=0 ru=236960 rp=241872
18:39:53.574 @T t=387593 s=0.000 lv=-39.4 pk=-36.9 c0=6.6 c1=5.1 kw=4.97 inf=1.53 iv=0.00 n=0 d=0 sk=3 hf=94588 hm=89676 ht=283156 pf=0 pm=0 pt=0 ru=236960 rp=241872
18:39:53.574 @T t=387699 s=0.000 lv=-37.5 pk=-36.3 c0=3.2 c1=5.1 kw=4.95 inf=1.52 iv=0.00 n=0 d=0 sk=3 hf=94588 hm=89676 ht=283156 pf=0 pm=0 pt=0 ru=236960 rp=241872
18:39:53.574 @T t=387805 s=0.000 lv=-38.6 pk=-37.3 c0=3.0 c1=6.1 kw=5.91 inf=1.36 iv=0.00 n=0 d=0 sk=4 hf=94588 hm=89676 ht=283156 pf=0 pm=0 pt=0 ru=236960 rp=241872
18:39:53.574 @T t=387891 s=0.000 lv=-39.4 pk=-38.0 c0=8.0 c1=5.1 kw=4.91 inf=1.84 iv=0.00 n=0 d=0 sk=2 hf=94588 hm=89676 ht=283156 pf=0 pm=0 pt=0 ru=236960 rp=241872
18:39:53.574 @T t=387997 s=0.000 lv=-39.4 pk=-38.8 c0=3.1 c1=5.1 kw=4.93 inf=1.52 iv=0.00 n=0 d=0 sk=3 hf=94588 hm=89676 ht=283156 pf=0 pm=0 pt=0 ru=236960 rp=241872
18:39:53.574 @T t=388103 s=0.000 lv=-39.5 pk=-37.7 c0=7.0 c1=6.1 kw=5.95 inf=1.38 iv=0.00 n=0 d=0 sk=4 hf=94588 hm=89676 ht=283156 pf=0 pm=0 pt=0 ru=236960 rp=241872
18:39:53.575 @T t=388189 s=0.000 lv=-39.1 pk=-37.9 c0=4.0 c1=5.0 kw=4.92 inf=1.84 iv=0.00 n=0 d=0 sk=2 hf=94588 hm=89676 ht=283156 pf=0 pm=0 pt=0 ru=236960 rp=241872
18:39:53.575 @I ww=marvin cut=0.50 win=5 cool=1000 tick=100 wifi=1 srv=1 li=0 ln=0
18:39:53.575 @T t=388301 s=0.000 lv=-37.4 pk=-36.4 c0=3.6 c1=4.7 kw=4.79 inf=1.52 iv=0.00 n=0 d=0 sk=3 hf=94588 hm=89676 ht=283156 pf=0 pm=0 pt=0 ru=236960 rp=241872
18:39:53.575 @T t=388387 s=0.000 lv=-38.9 pk=-37.0 c0=5.4 c1=6.7 kw=6.22 inf=1.60 iv=0.00 n=0 d=0 sk=3 hf=94588 hm=89676 ht=283156 pf=0 pm=0 pt=0 ru=236960 rp=241872
18:39:53.575 @T t=388493 s=0.000 lv=-38.4 pk=-37.4 c0=3.6 c1=5.1 kw=5.01 inf=1.54 iv=0.00 n=0 d=0 sk=3 hf=94588 hm=89676 ht=283156 pf=0 pm=0 pt=0 ru=236960 rp=241872
18:39:53.575 @T t=388599 s=0.000 lv=-38.4 pk=-37.2 c0=3.5 c1=5.1 kw=4.99 inf=1.54 iv=0.00 n=0 d=0 sk=3 hf=94588 hm=89676 ht=283156 pf=0 pm=0 pt=0 ru=236960 rp=241872
18:39:56.065 @T t=388705 s=0.000 lv=-40.3 pk=-38.8 c0=3.5 c1=6.2 kw=5.99 inf=1.38 iv=0.00 n=0 d=0 sk=4 hf=94588 hm=89676 ht=283156 pf=0 pm=0 pt=0 ru=236960 rp=241872
18:39:56.066 @T t=388791 s=0.000 lv=-39.7 pk=-39.2 c0=3.9 c1=5.0 kw=4.90 inf=1.83 iv=0.00 n=0 d=0 sk=2 hf=94588 hm=89676 ht=283156 pf=0 pm=0 pt=0 ru=236960 rp=241872
18:39:56.066 @T t=388897 s=0.000 lv=-39.9 pk=-37.9 c0=3.5 c1=5.1 kw=4.96 inf=1.53 iv=0.00 n=0 d=0 sk=3 hf=94588 hm=89676 ht=283156 pf=0 pm=0 pt=0 ru=236960 rp=241872
18:39:56.066 @T t=389003 s=0.000 lv=-39.3 pk=-37.2 c0=3.6 c1=6.2 kw=5.99 inf=1.38 iv=0.00 n=0 d=0 sk=4 hf=94588 hm=89676 ht=283156 pf=0 pm=0 pt=0 ru=236960 rp=241872
18:39:56.066 @T t=389089 s=0.000 lv=-40.0 pk=-38.9 c0=6.8 c1=5.8 kw=5.00 inf=1.87 iv=0.00 n=0 d=0 sk=2 hf=93024 hm=89676 ht=283156 pf=0 pm=0 pt=0 ru=238524 rp=241872
18:39:56.066 @T t=389195 s=0.000 lv=-39.9 pk=-37.4 c0=6.5 c1=5.0 kw=4.93 inf=1.52 iv=0.00 n=0 d=0 sk=3 hf=93024 hm=89676 ht=283156 pf=0 pm=0 pt=0 ru=238524 rp=241872
18:39:56.066 @I ww=marvin cut=0.50 win=5 cool=1000 tick=100 wifi=1 srv=1 li=0 ln=0
18:39:56.066 @T t=389287 s=0.000 lv=-39.7 pk=-37.8 c0=4.6 c1=6.2 kw=5.76 inf=1.54 iv=0.00 n=0 d=0 sk=3 hf=93024 hm=89676 ht=283156 pf=0 pm=0 pt=0 ru=238524 rp=241872
18:39:56.066 @T t=389393 s=0.000 lv=-40.4 pk=-39.0 c0=3.3 c1=5.1 kw=4.93 inf=1.52 iv=0.00 n=0 d=0 sk=3 hf=93024 hm=89676 ht=283156 pf=0 pm=0 pt=0 ru=238524 rp=241872
18:39:56.066 @T t=389499 s=0.000 lv=-40.1 pk=-38.2 c0=3.0 c1=5.1 kw=4.93 inf=1.52 iv=0.00 n=0 d=0 sk=3 hf=93024 hm=89676 ht=283156 pf=0 pm=0 pt=0 ru=238524 rp=241872
18:39:56.067 @T t=389605 s=0.000 lv=-39.8 pk=-38.2 c0=6.3 c1=6.1 kw=5.92 inf=1.37 iv=0.00 n=0 d=0 sk=4 hf=93024 hm=89676 ht=283156 pf=0 pm=0 pt=0 ru=238524 rp=241872
18:39:56.067 @T t=389691 s=0.000 lv=-39.7 pk=-38.8 c0=4.2 c1=5.1 kw=4.95 inf=1.85 iv=0.00 n=0 d=0 sk=2 hf=93024 hm=89676 ht=283156 pf=0 pm=0 pt=0 ru=238524 rp=241872
18:39:56.067 @T t=389797 s=0.000 lv=-40.0 pk=-38.5 c0=3.2 c1=5.1 kw=4.97 inf=1.53 iv=0.00 n=0 d=0 sk=3 hf=93024 hm=89676 ht=283156 pf=0 pm=0 pt=0 ru=238524 rp=241872
18:39:56.067 @T t=389903 s=0.000 lv=-40.4 pk=-38.4 c0=3.5 c1=6.2 kw=6.00 inf=1.38 iv=0.00 n=0 d=0 sk=4 hf=93024 hm=89676 ht=283156 pf=0 pm=0 pt=0 ru=238524 rp=241872
18:39:56.067 @T t=389989 s=0.000 lv=-38.6 pk=-37.1 c0=4.0 c1=5.0 kw=4.90 inf=1.84 iv=0.00 n=0 d=0 sk=2 hf=93024 hm=89676 ht=283156 pf=0 pm=0 pt=0 ru=238524 rp=241872
18:39:56.067 @T t=390095 s=0.000 lv=-37.7 pk=-35.8 c0=3.7 c1=5.2 kw=4.99 inf=1.54 iv=0.00 n=0 d=0 sk=3 hf=93024 hm=89676 ht=283156 pf=0 pm=0 pt=0 ru=238524 rp=241872
18:39:56.067 @T t=390201 s=0.000 lv=-38.8 pk=-37.8 c0=3.2 c1=5.0 kw=5.09 inf=1.53 iv=0.00 n=0 d=0 sk=3 hf=93024 hm=89676 ht=283156 pf=0 pm=0 pt=0 ru=238524 rp=241872
18:39:56.067 @I ww=marvin cut=0.50 win=5 cool=1000 tick=100 wifi=1 srv=1 li=0 ln=0
18:39:56.067 @T t=390293 s=0.000 lv=-41.2 pk=-39.8 c0=13.3 c1=6.2 kw=5.77 inf=1.59 iv=0.00 n=0 d=0 sk=3 hf=93024 hm=89676 ht=283156 pf=0 pm=0 pt=0 ru=238524 rp=241872
18:39:56.067 @T t=390399 s=0.000 lv=-40.6 pk=-40.0 c0=3.1 c1=5.1 kw=4.92 inf=1.51 iv=0.00 n=0 d=0 sk=3 hf=93024 hm=89676 ht=283156 pf=0 pm=0 pt=0 ru=238524 rp=241872
18:39:56.067 @T t=390505 s=0.000 lv=-40.2 pk=-38.7 c0=3.1 c1=6.1 kw=5.93 inf=1.37 iv=0.00 n=0 d=0 sk=4 hf=93024 hm=89676 ht=283156 pf=0 pm=0 pt=0 ru=238524 rp=241872
18:39:56.067 @T t=390591 s=0.000 lv=-40.1 pk=-39.3 c0=3.7 c1=5.0 kw=4.87 inf=1.82 iv=0.00 n=0 d=0 sk=2 hf=93024 hm=89676 ht=283156 pf=0 pm=0 pt=0 ru=238524 rp=241872
18:39:56.067 @T t=390697 s=0.000 lv=-40.8 pk=-39.8 c0=3.0 c1=5.1 kw=4.92 inf=1.52 iv=0.00 n=0 d=0 sk=3 hf=93024 hm=89676 ht=283156 pf=0 pm=0 pt=0 ru=238524 rp=241872
18:39:56.067 @T t=390803 s=0.000 lv=-39.0 pk=-36.7 c0=3.0 c1=6.1 kw=5.92 inf=1.37 iv=0.00 n=0 d=0 sk=4 hf=93024 hm=89676 ht=283156 pf=0 pm=0 pt=0 ru=238524 rp=241872
18:39:56.067 @T t=390889 s=0.000 lv=-40.1 pk=-39.1 c0=3.9 c1=5.0 kw=4.89 inf=1.83 iv=0.00 n=0 d=0 sk=2 hf=93024 hm=89676 ht=283156 pf=0 pm=0 pt=0 ru=238524 rp=241872
18:39:56.067 @T t=390995 s=0.000 lv=-39.1 pk=-38.5 c0=3.4 c1=5.2 kw=5.01 inf=1.54 iv=0.00 n=0 d=0 sk=3 hf=93024 hm=89676 ht=283156 pf=0 pm=0 pt=0 ru=238524 rp=241872
18:39:56.068 @T t=391101 s=0.000 lv=-38.2 pk=-36.2 c0=5.6 c1=5.4 kw=5.45 inf=1.65 iv=0.00 n=0 d=0 sk=3 hf=91460 hm=89676 ht=283156 pf=0 pm=0 pt=0 ru=240088 rp=241872
18:39:58.371 @T t=391187 s=0.000 lv=-39.3 pk=-37.6 c0=8.1 c1=6.7 kw=6.32 inf=1.63 iv=0.00 n=0 d=0 sk=3 hf=91460 hm=89676 ht=283156 pf=0 pm=0 pt=0 ru=240088 rp=241872
18:39:58.372 @I ww=marvin cut=0.50 win=5 cool=1000 tick=100 wifi=1 srv=1 li=0 ln=0
18:39:58.372 @T t=391299 s=0.000 lv=-39.1 pk=-36.7 c0=10.9 c1=4.8 kw=4.66 inf=1.52 iv=0.00 n=0 d=0 sk=3 hf=91460 hm=89676 ht=283156 pf=0 pm=0 pt=0 ru=240088 rp=241872
18:39:58.372 @T t=391405 s=0.000 lv=-40.2 pk=-38.4 c0=11.4 c1=7.3 kw=6.11 inf=1.41 iv=0.00 n=0 d=0 sk=4 hf=96148 hm=87944 ht=283156 pf=0 pm=0 pt=0 ru=235400 rp=243604
18:39:58.372 [status] up 391s | mic -40.0 dBFS (peak -35.0) | score max 0.00 | detections 0 | inferences 63 (6.3/s; model 1.16 ms each, paused in quiet 80%; features 1.48 ms per 30 ms) | CPU core0  4.9% core1  6.3% (wake word pipeline 6.07% of one core) | RAM used 229 KB (peak 237 KB, 93 KB free) | wifi OK, server OK | audio lost since boot: i2s 0 net 0
18:39:58.372 @T t=391513 s=0.000 lv=-39.7 pk=-37.3 c0=24.0 c1=5.0 kw=4.93 inf=1.54 iv=0.00 n=0 d=0 sk=3 hf=96148 hm=87944 ht=283156 pf=0 pm=0 pt=0 ru=235400 rp=243604
18:39:58.372 I (391957) wifi:[ADDBA]RX DELBA, reason:37, delete tid:0, initiator:1(originator)
18:39:58.372 @T t=391599 s=0.000 lv=-38.2 pk=-35.8 c0=10.7 c1=5.2 kw=4.97 inf=1.86 iv=0.00 n=0 d=0 sk=2 hf=96148 hm=87944 ht=283156 pf=0 pm=0 pt=0 ru=235400 rp=243604
18:39:58.372 @T t=391705 s=0.000 lv=-38.6 pk=-36.5 c0=3.4 c1=6.1 kw=5.97 inf=1.38 iv=0.00 n=0 d=0 sk=4 hf=96148 hm=87944 ht=283156 pf=0 pm=0 pt=0 ru=235400 rp=243604
18:39:58.372 @T t=391791 s=0.000 lv=-40.0 pk=-39.7 c0=3.7 c1=5.0 kw=4.86 inf=1.82 iv=0.00 n=0 d=0 sk=2 hf=96148 hm=87944 ht=283156 pf=0 pm=0 pt=0 ru=235400 rp=243604
18:39:58.372 @T t=391897 s=0.000 lv=-39.1 pk=-38.7 c0=3.2 c1=5.1 kw=4.94 inf=1.52 iv=0.00 n=0 d=0 sk=3 hf=96148 hm=87944 ht=283156 pf=0 pm=0 pt=0 ru=235400 rp=243604
18:39:58.372 @T t=392003 s=0.000 lv=-40.7 pk=-39.6 c0=3.1 c1=6.1 kw=5.90 inf=1.36 iv=0.00 n=0 d=0 sk=4 hf=96148 hm=87944 ht=283156 pf=0 pm=0 pt=0 ru=235400 rp=243604
18:39:58.372 @T t=392089 s=0.000 lv=-41.0 pk=-40.1 c0=7.9 c1=5.0 kw=4.88 inf=1.83 iv=0.00 n=0 d=0 sk=2 hf=96148 hm=87944 ht=283156 pf=0 pm=0 pt=0 ru=235400 rp=243604
18:39:58.372 @T t=392195 s=0.000 lv=-40.5 pk=-40.0 c0=3.4 c1=5.1 kw=4.96 inf=1.53 iv=0.00 n=0 d=0 sk=3 hf=96148 hm=87944 ht=283156 pf=0 pm=0 pt=0 ru=235400 rp=243604
18:39:58.372 @I ww=marvin cut=0.50 win=5 cool=1000 tick=100 wifi=1 srv=1 li=0 ln=0
18:39:58.372 @T t=392287 s=0.000 lv=-40.8 pk=-39.4 c0=4.7 c1=5.9 kw=5.72 inf=1.53 iv=0.00 n=0 d=0 sk=3 hf=96148 hm=87944 ht=283156 pf=0 pm=0 pt=0 ru=235400 rp=243604
18:39:58.372 @T t=392393 s=0.000 lv=-41.0 pk=-40.4 c0=6.9 c1=5.1 kw=4.95 inf=1.52 iv=0.00 n=0 d=0 sk=3 hf=96148 hm=87944 ht=283156 pf=0 pm=0 pt=0 ru=235400 rp=243604
18:39:58.372 @T t=392499 s=0.000 lv=-41.5 pk=-40.4 c0=3.2 c1=5.1 kw=4.95 inf=1.52 iv=0.00 n=0 d=0 sk=3 hf=96148 hm=87944 ht=283156 pf=0 pm=0 pt=0 ru=235400 rp=243604
18:39:58.372 @T t=392605 s=0.000 lv=-39.7 pk=-38.9 c0=3.1 c1=6.1 kw=5.92 inf=1.37 iv=0.00 n=0 d=0 sk=4 hf=96148 hm=87944 ht=283156 pf=0 pm=0 pt=0 ru=235400 rp=243604
18:39:58.372 @T t=392691 s=0.000 lv=-39.2 pk=-37.7 c0=7.7 c1=5.0 kw=4.87 inf=1.82 iv=0.00 n=0 d=0 sk=2 hf=96148 hm=87944 ht=283156 pf=0 pm=0 pt=0 ru=235400 rp=243604
18:39:58.372 @T t=392797 s=0.000 lv=-40.6 pk=-39.0 c0=3.0 c1=5.1 kw=4.92 inf=1.51 iv=0.00 n=0 d=0 sk=3 hf=96148 hm=87944 ht=283156 pf=0 pm=0 pt=0 ru=235400 rp=243604
18:39:58.372 @T t=392903 s=0.000 lv=-41.1 pk=-39.2 c0=6.4 c1=6.1 kw=5.91 inf=1.37 iv=0.00 n=0 d=0 sk=4 hf=96148 hm=87944 ht=283156 pf=0 pm=0 pt=0 ru=235400 rp=243604
18:39:58.372 @T t=392989 s=0.000 lv=-39.3 pk=-38.2 c0=3.7 c1=5.0 kw=4.88 inf=1.83 iv=0.00 n=0 d=0 sk=2 hf=96148 hm=87944 ht=283156 pf=0 pm=0 pt=0 ru=235400 rp=243604
18:39:58.372 @T t=393095 s=0.000 lv=-40.5 pk=-39.5 c0=3.1 c1=5.1 kw=4.91 inf=1.51 iv=0.00 n=0 d=0 sk=3 hf=96148 hm=87944 ht=283156 pf=0 pm=0 pt=0 ru=235400 rp=243604
18:39:58.372 @T t=393201 s=0.000 lv=-39.6 pk=-38.4 c0=3.1 c1=5.0 kw=5.09 inf=1.53 iv=0.00 n=0 d=0 sk=3 hf=96148 hm=87944 ht=283156 pf=0 pm=0 pt=0 ru=235400 rp=243604
18:39:58.372 @I ww=marvin cut=0.50 win=5 cool=1000 tick=100 wifi=1 srv=1 li=0 ln=0
18:39:58.372 @T t=393293 s=0.000 lv=-38.8 pk=-36.5 c0=13.7 c1=6.2 kw=5.77 inf=1.59 iv=0.00 n=0 d=0 sk=3 hf=96148 hm=87944 ht=283156 pf=0 pm=0 pt=0 ru=235400 rp=243604
18:39:58.372 @T t=393399 s=0.000 lv=-39.2 pk=-38.2 c0=5.1 c1=5.4 kw=4.98 inf=1.53 iv=0.00 n=0 d=0 sk=3 hf=94384 hm=87944 ht=283156 pf=0 pm=0 pt=0 ru=237164 rp=243604
18:40:00.861 @T t=393505 s=0.000 lv=-39.5 pk=-38.1 c0=3.9 c1=6.1 kw=6.02 inf=1.39 iv=0.00 n=0 d=0 sk=4 hf=94588 hm=87944 ht=283156 pf=0 pm=0 pt=0 ru=236960 rp=243604
18:40:00.861 @T t=393591 s=0.000 lv=-40.1 pk=-38.8 c0=7.9 c1=5.0 kw=4.90 inf=1.84 iv=0.00 n=0 d=0 sk=2 hf=94588 hm=87944 ht=283156 pf=0 pm=0 pt=0 ru=236960 rp=243604
18:40:00.861 @T t=393697 s=0.000 lv=-39.4 pk=-37.6 c0=6.3 c1=5.1 kw=4.94 inf=1.52 iv=0.00 n=0 d=0 sk=3 hf=94588 hm=87944 ht=283156 pf=0 pm=0 pt=0 ru=236960 rp=243604
18:40:00.861 @T t=393803 s=0.000 lv=-40.1 pk=-39.6 c0=3.4 c1=6.1 kw=5.92 inf=1.37 iv=0.00 n=0 d=0 sk=4 hf=94588 hm=87944 ht=283156 pf=0 pm=0 pt=0 ru=236960 rp=243604
18:40:00.861 @T t=393889 s=0.000 lv=-40.1 pk=-38.8 c0=4.2 c1=5.1 kw=4.95 inf=1.85 iv=0.00 n=0 d=0 sk=2 hf=94588 hm=87944 ht=283156 pf=0 pm=0 pt=0 ru=236960 rp=243604
18:40:00.861 @T t=393995 s=0.000 lv=-40.2 pk=-39.0 c0=3.1 c1=5.1 kw=4.94 inf=1.52 iv=0.00 n=0 d=0 sk=3 hf=94588 hm=87944 ht=283156 pf=0 pm=0 pt=0 ru=236960 rp=243604
18:40:00.861 @T t=394101 s=0.000 lv=-39.4 pk=-37.4 c0=6.8 c1=5.1 kw=5.09 inf=1.53 iv=0.00 n=0 d=0 sk=3 hf=94588 hm=87944 ht=283156 pf=0 pm=0 pt=0 ru=236960 rp=243604
18:40:00.861 @T t=394187 s=0.000 lv=-40.8 pk=-40.6 c0=4.0 c1=6.7 kw=6.26 inf=1.61 iv=0.00 n=0 d=0 sk=3 hf=94588 hm=87944 ht=283156 pf=0 pm=0 pt=0 ru=236960 rp=243604
18:40:00.861 @I ww=marvin cut=0.50 win=5 cool=1000 tick=100 wifi=1 srv=1 li=0 ln=0
18:40:00.861 @T t=394299 s=0.000 lv=-39.9 pk=-39.1 c0=10.9 c1=4.8 kw=4.65 inf=1.51 iv=0.00 n=0 d=0 sk=3 hf=94588 hm=87944 ht=283156 pf=0 pm=0 pt=0 ru=236960 rp=243604
18:40:00.861 @T t=394405 s=0.000 lv=-39.8 pk=-38.5 c0=6.8 c1=6.1 kw=5.95 inf=1.38 iv=0.00 n=0 d=0 sk=4 hf=94588 hm=87944 ht=283156 pf=0 pm=0 pt=0 ru=236960 rp=243604
18:40:00.861 @T t=394491 s=0.000 lv=-41.5 pk=-40.7 c0=3.9 c1=5.0 kw=4.90 inf=1.84 iv=0.00 n=0 d=0 sk=2 hf=94588 hm=87944 ht=283156 pf=0 pm=0 pt=0 ru=236960 rp=243604
18:40:00.861 @T t=394597 s=0.000 lv=-40.8 pk=-39.3 c0=6.4 c1=5.1 kw=4.93 inf=1.52 iv=0.00 n=0 d=0 sk=3 hf=94588 hm=87944 ht=283156 pf=0 pm=0 pt=0 ru=236960 rp=243604
18:40:00.861 @T t=394703 s=0.000 lv=-40.5 pk=-38.7 c0=3.0 c1=6.1 kw=5.92 inf=1.37 iv=0.00 n=0 d=0 sk=4 hf=94588 hm=87944 ht=283156 pf=0 pm=0 pt=0 ru=236960 rp=243604
18:40:00.861 @T t=394789 s=0.000 lv=-39.0 pk=-37.4 c0=7.7 c1=5.0 kw=4.86 inf=1.82 iv=0.00 n=0 d=0 sk=2 hf=94588 hm=87944 ht=283156 pf=0 pm=0 pt=0 ru=236960 rp=243604
18:40:00.861 @T t=394895 s=0.000 lv=-41.1 pk=-39.2 c0=7.7 c1=5.1 kw=4.93 inf=1.52 iv=0.00 n=0 d=0 sk=3 hf=94588 hm=87944 ht=283156 pf=0 pm=0 pt=0 ru=236960 rp=243604
18:40:00.861 @T t=395001 s=0.000 lv=-40.0 pk=-38.1 c0=3.4 c1=5.0 kw=5.13 inf=1.54 iv=0.00 n=0 d=0 sk=3 hf=94588 hm=87944 ht=283156 pf=0 pm=0 pt=0 ru=236960 rp=243604
18:40:00.861 @T t=395087 s=0.000 lv=-40.6 pk=-39.1 c0=7.9 c1=6.6 kw=6.18 inf=1.59 iv=0.00 n=0 d=0 sk=3 hf=94588 hm=87944 ht=283156 pf=0 pm=0 pt=0 ru=236960 rp=243604
18:40:00.861 @T t=395193 s=0.000 lv=-40.9 pk=-39.4 c0=3.4 c1=5.1 kw=4.99 inf=1.54 iv=0.00 n=0 d=0 sk=3 hf=94588 hm=87944 ht=283156 pf=0 pm=0 pt=0 ru=236960 rp=243604
18:40:00.861 @I ww=marvin cut=0.50 win=5 cool=1000 tick=100 wifi=1 srv=1 li=0 ln=0
18:40:00.862 @T t=395305 s=0.000 lv=-40.4 pk=-39.0 c0=3.8 c1=5.8 kw=5.66 inf=1.38 iv=0.00 n=0 d=0 sk=4 hf=94588 hm=87944 ht=283156 pf=0 pm=0 pt=0 ru=236960 rp=243604
18:40:00.862 @T t=395391 s=0.000 lv=-39.4 pk=-37.8 c0=5.8 c1=5.1 kw=4.88 inf=1.83 iv=0.00 n=0 d=0 sk=2 hf=93024 hm=87944 ht=283156 pf=0 pm=0 pt=0 ru=238524 rp=243604
18:40:00.862 @T t=395497 s=0.000 lv=-41.1 pk=-38.5 c0=3.4 c1=5.4 kw=5.01 inf=1.54 iv=0.00 n=0 d=0 sk=3 hf=93024 hm=87944 ht=283156 pf=0 pm=0 pt=0 ru=238524 rp=243604
18:40:00.862 @T t=395603 s=0.000 lv=-38.9 pk=-38.2 c0=6.6 c1=6.3 kw=5.93 inf=1.37 iv=0.00 n=0 d=0 sk=4 hf=93024 hm=87944 ht=283156 pf=0 pm=0 pt=0 ru=238524 rp=243604
18:40:00.862 @T t=395689 s=0.000 lv=-38.8 pk=-37.9 c0=3.9 c1=5.1 kw=4.96 inf=1.86 iv=0.00 n=0 d=0 sk=2 hf=93024 hm=87944 ht=283156 pf=0 pm=0 pt=0 ru=238524 rp=243604
18:40:00.862 @T t=395795 s=0.000 lv=-40.7 pk=-39.8 c0=3.0 c1=5.1 kw=4.94 inf=1.52 iv=0.00 n=0 d=0 sk=3 hf=93024 hm=87944 ht=283156 pf=0 pm=0 pt=0 ru=238524 rp=243604
18:40:00.862 @T t=395901 s=0.000 lv=-41.0 pk=-39.4 c0=6.5 c1=5.0 kw=5.06 inf=1.52 iv=0.00 n=0 d=0 sk=3 hf=93024 hm=87944 ht=283156 pf=0 pm=0 pt=0 ru=238524 rp=243604
18:40:03.405 @T t=395987 s=0.000 lv=-40.7 pk=-40.3 c0=3.7 c1=6.6 kw=6.16 inf=1.58 iv=0.00 n=0 d=0 sk=3 hf=93024 hm=87944 ht=283156 pf=0 pm=0 pt=0 ru=238524 rp=243604
18:40:03.406 @T t=396092 s=0.000 lv=-39.8 pk=-37.5 c0=5.9 c1=5.1 kw=4.96 inf=1.51 iv=0.00 n=0 d=0 sk=3 hf=93024 hm=87944 ht=283156 pf=0 pm=0 pt=0 ru=238524 rp=243604
18:40:03.406 @T t=396198 s=0.000 lv=-40.0 pk=-39.1 c0=3.3 c1=5.2 kw=4.98 inf=1.53 iv=0.00 n=0 d=0 sk=3 hf=93024 hm=87944 ht=283156 pf=0 pm=0 pt=0 ru=238524 rp=243604
18:40:03.406 @I ww=marvin cut=0.50 win=5 cool=1000 tick=100 wifi=1 srv=1 li=0 ln=0
18:40:03.406 @T t=396290 s=0.000 lv=-39.9 pk=-38.1 c0=4.5 c1=5.9 kw=5.73 inf=1.53 iv=0.00 n=0 d=0 sk=3 hf=93024 hm=87944 ht=283156 pf=0 pm=0 pt=0 ru=238524 rp=243604
18:40:03.406 @T t=396396 s=0.000 lv=-40.0 pk=-38.7 c0=7.2 c1=5.2 kw=4.97 inf=1.53 iv=0.00 n=0 d=0 sk=3 hf=93024 hm=87944 ht=283156 pf=0 pm=0 pt=0 ru=238524 rp=243604
18:40:03.406 @T t=396502 s=0.000 lv=-41.1 pk=-38.8 c0=3.3 c1=6.0 kw=6.00 inf=1.39 iv=0.00 n=0 d=0 sk=4 hf=93024 hm=87944 ht=283156 pf=0 pm=0 pt=0 ru=238524 rp=243604
18:40:03.406 @T t=396588 s=0.000 lv=-39.4 pk=-39.1 c0=7.7 c1=5.2 kw=4.87 inf=1.83 iv=0.00 n=0 d=0 sk=2 hf=93024 hm=87944 ht=283156 pf=0 pm=0 pt=0 ru=238524 rp=243604
18:40:03.406 @T t=396694 s=0.000 lv=-41.0 pk=-40.1 c0=3.0 c1=5.1 kw=4.92 inf=1.51 iv=0.00 n=0 d=0 sk=3 hf=93024 hm=87944 ht=283156 pf=0 pm=0 pt=0 ru=238524 rp=243604
18:40:03.407 @T t=396800 s=0.000 lv=-39.6 pk=-36.9 c0=6.3 c1=5.0 kw=4.91 inf=1.51 iv=0.00 n=0 d=0 sk=3 hf=93024 hm=87944 ht=283156 pf=0 pm=0 pt=0 ru=238524 rp=243604
18:40:03.407 @T t=396886 s=0.000 lv=-39.2 pk=-37.8 c0=7.9 c1=6.3 kw=6.08 inf=1.51 iv=0.00 n=0 d=0 sk=3 hf=93024 hm=87944 ht=283156 pf=0 pm=0 pt=0 ru=238524 rp=243604
18:40:03.407 @T t=396992 s=0.000 lv=-38.6 pk=-37.2 c0=3.1 c1=5.1 kw=4.95 inf=1.52 iv=0.00 n=0 d=0 sk=3 hf=93024 hm=87944 ht=283156 pf=0 pm=0 pt=0 ru=238524 rp=243604
18:40:03.407 @T t=397098 s=0.000 lv=-38.8 pk=-37.5 c0=3.1 c1=5.1 kw=4.92 inf=1.52 iv=0.00 n=0 d=0 sk=3 hf=93024 hm=87944 ht=283156 pf=0 pm=0 pt=0 ru=238524 rp=243604
18:40:03.407 @T t=397204 s=0.000 lv=-40.4 pk=-39.1 c0=3.1 c1=6.1 kw=5.95 inf=1.38 iv=0.00 n=0 d=0 sk=4 hf=93024 hm=87944 ht=283156 pf=0 pm=0 pt=0 ru=238524 rp=243604
18:40:03.407 @I ww=marvin cut=0.50 win=5 cool=1000 tick=100 wifi=1 srv=1 li=0 ln=0
18:40:03.407 @T t=397296 s=0.000 lv=-38.1 pk=-37.6 c0=13.4 c1=4.9 kw=4.58 inf=1.83 iv=0.00 n=0 d=0 sk=2 hf=93024 hm=87944 ht=283156 pf=0 pm=0 pt=0 ru=238524 rp=243604
18:40:03.407 @T t=397402 s=0.000 lv=-39.4 pk=-38.1 c0=5.1 c1=6.0 kw=6.02 inf=1.39 iv=0.00 n=0 d=0 sk=4 hf=91256 hm=87944 ht=283156 pf=0 pm=0 pt=0 ru=240292 rp=243604
18:40:03.407 @T t=397487 s=0.000 lv=-40.8 pk=-40.0 c0=5.2 c1=5.8 kw=5.08 inf=1.88 iv=0.00 n=0 d=0 sk=2 hf=91460 hm=87944 ht=283156 pf=0 pm=0 pt=0 ru=240088 rp=243604
18:40:03.407 @T t=397593 s=0.000 lv=-40.0 pk=-37.0 c0=6.6 c1=5.1 kw=4.98 inf=1.53 iv=0.00 n=0 d=0 sk=3 hf=91460 hm=87944 ht=283156 pf=0 pm=0 pt=0 ru=240088 rp=243604
18:40:03.408 @T t=397699 s=0.000 lv=-40.7 pk=-39.4 c0=6.3 c1=5.0 kw=4.91 inf=1.51 iv=0.00 n=0 d=0 sk=3 hf=91460 hm=87944 ht=283156 pf=0 pm=0 pt=0 ru=240088 rp=243604
18:40:03.408 @T t=397805 s=0.000 lv=-40.7 pk=-38.5 c0=6.2 c1=6.1 kw=5.90 inf=1.36 iv=0.00 n=0 d=0 sk=4 hf=91460 hm=87944 ht=283156 pf=0 pm=0 pt=0 ru=240088 rp=243604
18:40:03.408 @T t=397891 s=0.000 lv=-40.7 pk=-39.9 c0=8.8 c1=7.2 kw=5.03 inf=1.88 iv=0.00 n=0 d=0 sk=2 hf=96148 hm=87944 ht=283156 pf=0 pm=0 pt=0 ru=235400 rp=243604
18:40:03.408 @T t=397997 s=0.000 lv=-40.2 pk=-38.6 c0=3.3 c1=5.0 kw=4.95 inf=1.52 iv=0.00 n=0 d=0 sk=3 hf=96148 hm=87944 ht=283156 pf=0 pm=0 pt=0 ru=235400 rp=243604
18:40:03.408 @T t=398103 s=0.000 lv=-40.8 pk=-39.1 c0=7.3 c1=6.2 kw=5.97 inf=1.38 iv=0.00 n=0 d=0 sk=4 hf=95952 hm=87944 ht=283156 pf=0 pm=0 pt=0 ru=235596 rp=243604
18:40:03.408 @T t=398189 s=0.000 lv=-39.6 pk=-38.4 c0=8.4 c1=5.1 kw=4.93 inf=1.85 iv=0.00 n=0 d=0 sk=2 hf=96148 hm=87944 ht=283156 pf=0 pm=0 pt=0 ru=235400 rp=243604
18:40:03.408 @I ww=marvin cut=0.50 win=5 cool=1000 tick=100 wifi=1 srv=1 li=0 ln=0
18:40:03.408 @T t=398301 s=0.000 lv=-41.2 pk=-40.3 c0=11.5 c1=5.2 kw=4.87 inf=1.55 iv=0.00 n=0 d=0 sk=3 hf=96148 hm=87944 ht=283156 pf=0 pm=0 pt=0 ru=235400 rp=243604
18:40:03.408 @T t=398387 s=0.000 lv=-39.8 pk=-37.9 c0=7.5 c1=6.7 kw=6.28 inf=1.62 iv=0.00 n=0 d=0 sk=3 hf=96148 hm=87944 ht=283156 pf=0 pm=0 pt=0 ru=235400 rp=243604
18:40:03.408 @T t=398493 s=0.000 lv=-39.7 pk=-37.7 c0=3.0 c1=5.1 kw=4.94 inf=1.52 iv=0.00 n=0 d=0 sk=3 hf=96148 hm=87944 ht=283156 pf=0 pm=0 pt=0 ru=235400 rp=243604
18:40:05.967 I (398921) wifi:[ADDBA]RX DELBA, reason:37, delete tid:0, initiator:1(originator)
18:40:05.967 @T t=398599 s=0.000 lv=-40.2 pk=-39.3 c0=8.6 c1=5.2 kw=5.06 inf=1.56 iv=0.00 n=0 d=0 sk=3 hf=96148 hm=87944 ht=283156 pf=0 pm=0 pt=0 ru=235400 rp=243604
18:40:05.967 @T t=398705 s=0.000 lv=-39.8 pk=-39.0 c0=3.4 c1=6.1 kw=5.97 inf=1.38 iv=0.00 n=0 d=0 sk=4 hf=96148 hm=87944 ht=283156 pf=0 pm=0 pt=0 ru=235400 rp=243604
18:40:05.967 @T t=398791 s=0.000 lv=-39.4 pk=-38.7 c0=3.7 c1=5.0 kw=4.90 inf=1.83 iv=0.00 n=0 d=0 sk=2 hf=96148 hm=87944 ht=283156 pf=0 pm=0 pt=0 ru=235400 rp=243604
18:40:05.967 @T t=398897 s=0.000 lv=-39.1 pk=-37.1 c0=3.7 c1=5.1 kw=4.96 inf=1.53 iv=0.00 n=0 d=0 sk=3 hf=96148 hm=87944 ht=283156 pf=0 pm=0 pt=0 ru=235400 rp=243604
18:40:05.967 @T t=399003 s=0.000 lv=-39.6 pk=-38.6 c0=3.2 c1=6.1 kw=5.95 inf=1.37 iv=0.00 n=0 d=0 sk=4 hf=96148 hm=87944 ht=283156 pf=0 pm=0 pt=0 ru=235400 rp=243604
18:40:05.967 @T t=399089 s=0.000 lv=-40.2 pk=-38.6 c0=3.9 c1=5.0 kw=4.86 inf=1.82 iv=0.00 n=0 d=0 sk=2 hf=96148 hm=87944 ht=283156 pf=0 pm=0 pt=0 ru=235400 rp=243604
18:40:05.967 @T t=399195 s=0.000 lv=-39.8 pk=-37.5 c0=6.4 c1=5.1 kw=4.92 inf=1.51 iv=0.00 n=0 d=0 sk=3 hf=96148 hm=87944 ht=283156 pf=0 pm=0 pt=0 ru=235400 rp=243604
18:40:05.967 @I ww=marvin cut=0.50 win=5 cool=1000 tick=100 wifi=1 srv=1 li=0 ln=0
18:40:05.967 @T t=399287 s=0.000 lv=-38.4 pk=-36.5 c0=13.5 c1=6.1 kw=5.90 inf=1.58 iv=0.00 n=0 d=0 sk=3 hf=96148 hm=87944 ht=283156 pf=0 pm=0 pt=0 ru=235400 rp=243604
18:40:05.967 @T t=399393 s=0.000 lv=-40.3 pk=-39.5 c0=3.2 c1=5.1 kw=4.94 inf=1.52 iv=0.00 n=0 d=0 sk=3 hf=96148 hm=87944 ht=283156 pf=0 pm=0 pt=0 ru=235400 rp=243604
18:40:05.967 @T t=399499 s=0.000 lv=-39.6 pk=-37.9 c0=6.3 c1=5.1 kw=4.95 inf=1.52 iv=0.00 n=0 d=0 sk=3 hf=96148 hm=87944 ht=283156 pf=0 pm=0 pt=0 ru=235400 rp=243604
18:40:05.967 @T t=399605 s=0.000 lv=-39.3 pk=-36.6 c0=3.1 c1=6.1 kw=5.93 inf=1.37 iv=0.00 n=0 d=0 sk=4 hf=96148 hm=87944 ht=283156 pf=0 pm=0 pt=0 ru=235400 rp=243604
18:40:05.967 @T t=399691 s=0.000 lv=-41.7 pk=-41.0 c0=4.2 c1=5.0 kw=4.84 inf=1.81 iv=0.00 n=0 d=0 sk=2 hf=96148 hm=87944 ht=283156 pf=0 pm=0 pt=0 ru=235400 rp=243604
18:40:05.967 @T t=399797 s=0.000 lv=-40.6 pk=-38.9 c0=3.2 c1=5.1 kw=5.00 inf=1.54 iv=0.00 n=0 d=0 sk=3 hf=96148 hm=87944 ht=283156 pf=0 pm=0 pt=0 ru=235400 rp=243604
18:40:05.967 @T t=399903 s=0.000 lv=-41.1 pk=-39.0 c0=10.3 c1=6.7 kw=6.12 inf=1.41 iv=0.00 n=0 d=0 sk=4 hf=96148 hm=87944 ht=283156 pf=0 pm=0 pt=0 ru=235400 rp=243604
18:40:05.968 @T t=399989 s=0.000 lv=-40.2 pk=-37.8 c0=4.1 c1=5.0 kw=4.87 inf=1.82 iv=0.00 n=0 d=0 sk=2 hf=96148 hm=87944 ht=283156 pf=0 pm=0 pt=0 ru=235400 rp=243604
18:40:05.968 @T t=400095 s=0.000 lv=-40.9 pk=-39.8 c0=3.7 c1=5.1 kw=4.97 inf=1.53 iv=0.00 n=0 d=0 sk=3 hf=96148 hm=87944 ht=283156 pf=0 pm=0 pt=0 ru=235400 rp=243604
18:40:05.968 @T t=400201 s=0.000 lv=-40.2 pk=-37.7 c0=3.3 c1=5.0 kw=5.12 inf=1.54 iv=0.00 n=0 d=0 sk=3 hf=96148 hm=87944 ht=283156 pf=0 pm=0 pt=0 ru=235400 rp=243604
18:40:05.968 @I ww=marvin cut=0.50 win=5 cool=1000 tick=100 wifi=1 srv=1 li=0 ln=0
18:40:05.968 @T t=400293 s=0.000 lv=-40.4 pk=-38.3 c0=4.4 c1=6.2 kw=5.75 inf=1.58 iv=0.00 n=0 d=0 sk=3 hf=96148 hm=87944 ht=283156 pf=0 pm=0 pt=0 ru=235400 rp=243604
18:40:05.968 @T t=400399 s=0.000 lv=-39.7 pk=-38.0 c0=6.4 c1=5.1 kw=4.92 inf=1.52 iv=0.00 n=0 d=0 sk=3 hf=96148 hm=87944 ht=283156 pf=0 pm=0 pt=0 ru=235400 rp=243604
18:40:05.968 @T t=400505 s=0.000 lv=-39.8 pk=-37.8 c0=3.1 c1=6.1 kw=5.93 inf=1.37 iv=0.00 n=0 d=0 sk=4 hf=96148 hm=87944 ht=283156 pf=0 pm=0 pt=0 ru=235400 rp=243604
18:40:05.968 @T t=400591 s=0.000 lv=-40.1 pk=-39.7 c0=7.7 c1=5.0 kw=4.87 inf=1.82 iv=0.00 n=0 d=0 sk=2 hf=96148 hm=87944 ht=283156 pf=0 pm=0 pt=0 ru=235400 rp=243604
18:40:05.968 @T t=400697 s=0.000 lv=-40.8 pk=-39.6 c0=3.0 c1=5.1 kw=4.94 inf=1.52 iv=0.00 n=0 d=0 sk=3 hf=96148 hm=87944 ht=283156 pf=0 pm=0 pt=0 ru=235400 rp=243604
18:40:05.968 @T t=400803 s=0.000 lv=-39.6 pk=-37.2 c0=3.0 c1=6.0 kw=5.89 inf=1.36 iv=0.00 n=0 d=0 sk=4 hf=96148 hm=87944 ht=283156 pf=0 pm=0 pt=0 ru=235400 rp=243604
18:40:05.968 @T t=400889 s=0.000 lv=-39.9 pk=-38.6 c0=8.5 c1=5.2 kw=4.99 inf=1.87 iv=0.00 n=0 d=0 sk=2 hf=96148 hm=87944 ht=283156 pf=0 pm=0 pt=0 ru=235400 rp=243604
18:40:05.968 @T t=400995 s=0.000 lv=-41.2 pk=-39.9 c0=3.3 c1=5.1 kw=4.96 inf=1.53 iv=0.00 n=0 d=0 sk=3 hf=96148 hm=87944 ht=283156 pf=0 pm=0 pt=0 ru=235400 rp=243604
18:40:08.266 @T t=401101 s=0.000 lv=-40.3 pk=-38.4 c0=6.5 c1=5.0 kw=5.11 inf=1.54 iv=0.00 n=0 d=0 sk=3 hf=96148 hm=87944 ht=283156 pf=0 pm=0 pt=0 ru=235400 rp=243604
18:40:08.266 @T t=401187 s=0.000 lv=-41.0 pk=-39.8 c0=7.8 c1=6.6 kw=6.16 inf=1.58 iv=0.00 n=0 d=0 sk=3 hf=96148 hm=87944 ht=283156 pf=0 pm=0 pt=0 ru=235400 rp=243604
18:40:08.266 @I ww=marvin cut=0.50 win=5 cool=1000 tick=100 wifi=1 srv=1 li=0 ln=0
18:40:08.266 @T t=401299 s=0.000 lv=-40.1 pk=-39.7 c0=11.0 c1=4.8 kw=4.67 inf=1.52 iv=0.00 n=0 d=0 sk=3 hf=96148 hm=87944 ht=283156 pf=0 pm=0 pt=0 ru=235400 rp=243604
18:40:08.266 @T t=401405 s=0.000 lv=-40.9 pk=-39.0 c0=6.3 c1=6.1 kw=5.90 inf=1.36 iv=0.00 n=0 d=0 sk=4 hf=96148 hm=87944 ht=283156 pf=0 pm=0 pt=0 ru=235400 rp=243604
18:40:08.266 [status] up 401s | mic -40.0 dBFS (peak -35.8) | score max 0.00 | detections 0 | inferences 0 (0.0/s; model 0.00 ms each, paused in quiet 100%; features 1.53 ms per 30 ms) | CPU core0  5.7% core1  5.5% (wake word pipeline 5.27% of one core) | RAM used 229 KB (peak 237 KB, 93 KB free) | wifi OK, server OK | audio lost since boot: i2s 0 net 0
18:40:08.266 @T t=401513 s=0.000 lv=-40.4 pk=-39.2 c0=23.7 c1=5.0 kw=4.90 inf=1.54 iv=0.00 n=0 d=0 sk=3 hf=96148 hm=87944 ht=283156 pf=0 pm=0 pt=0 ru=235400 rp=243604
18:40:08.266 @T t=401599 s=0.000 lv=-41.7 pk=-41.3 c0=3.8 c1=5.0 kw=4.85 inf=1.81 iv=0.00 n=0 d=0 sk=2 hf=96148 hm=87944 ht=283156 pf=0 pm=0 pt=0 ru=235400 rp=243604
18:40:08.266 @T t=401705 s=0.000 lv=-40.1 pk=-37.3 c0=6.2 c1=6.1 kw=5.91 inf=1.36 iv=0.00 n=0 d=0 sk=4 hf=96148 hm=87944 ht=283156 pf=0 pm=0 pt=0 ru=235400 rp=243604
18:40:08.266 @T t=401791 s=0.000 lv=-40.1 pk=-39.8 c0=7.7 c1=5.0 kw=4.88 inf=1.83 iv=0.00 n=0 d=0 sk=2 hf=96148 hm=87944 ht=283156 pf=0 pm=0 pt=0 ru=235400 rp=243604
18:40:08.266 @T t=401897 s=0.000 lv=-40.5 pk=-38.9 c0=5.2 c1=5.2 kw=5.01 inf=1.54 iv=0.00 n=0 d=0 sk=3 hf=94384 hm=87944 ht=283156 pf=0 pm=0 pt=0 ru=237164 rp=243604
18:40:08.266 @T t=402003 s=0.000 lv=-40.3 pk=-39.0 c0=5.6 c1=6.7 kw=6.15 inf=1.42 iv=0.00 n=0 d=0 sk=4 hf=96148 hm=87944 ht=283156 pf=0 pm=0 pt=0 ru=235400 rp=243604
18:40:08.266 @T t=402089 s=0.000 lv=-40.5 pk=-39.9 c0=8.4 c1=5.1 kw=4.99 inf=1.86 iv=0.00 n=0 d=0 sk=2 hf=95952 hm=87944 ht=283156 pf=0 pm=0 pt=0 ru=235596 rp=243604
18:40:08.266 @T t=402195 s=0.000 lv=-40.7 pk=-39.6 c0=6.7 c1=5.1 kw=4.97 inf=1.53 iv=0.00 n=0 d=0 sk=3 hf=96148 hm=87944 ht=283156 pf=0 pm=0 pt=0 ru=235400 rp=243604
18:40:08.266 @I ww=marvin cut=0.50 win=5 cool=1000 tick=100 wifi=1 srv=1 li=0 ln=0
18:40:08.266 @T t=402287 s=0.000 lv=-38.6 pk=-37.3 c0=4.5 c1=5.9 kw=5.73 inf=1.53 iv=0.00 n=0 d=0 sk=3 hf=96148 hm=87944 ht=283156 pf=0 pm=0 pt=0 ru=235400 rp=243604
18:40:08.266 @T t=402393 s=0.000 lv=-40.3 pk=-39.5 c0=3.5 c1=5.1 kw=4.97 inf=1.53 iv=0.00 n=0 d=0 sk=3 hf=96148 hm=87944 ht=283156 pf=0 pm=0 pt=0 ru=235400 rp=243604
18:40:08.266 @T t=402499 s=0.000 lv=-40.2 pk=-38.6 c0=3.3 c1=5.1 kw=4.97 inf=1.53 iv=0.00 n=0 d=0 sk=3 hf=96148 hm=87944 ht=283156 pf=0 pm=0 pt=0 ru=235400 rp=243604
18:40:08.266 @T t=402605 s=0.000 lv=-41.5 pk=-40.2 c0=6.3 c1=6.1 kw=5.90 inf=1.36 iv=0.00 n=0 d=0 sk=4 hf=96148 hm=87944 ht=283156 pf=0 pm=0 pt=0 ru=235400 rp=243604
18:40:08.266 @T t=402691 s=0.000 lv=-39.1 pk=-37.0 c0=3.7 c1=5.0 kw=4.85 inf=1.82 iv=0.00 n=0 d=0 sk=2 hf=96148 hm=87944 ht=283156 pf=0 pm=0 pt=0 ru=235400 rp=243604
18:40:08.266 @T t=402797 s=0.000 lv=-40.9 pk=-40.5 c0=6.3 c1=5.0 kw=4.90 inf=1.51 iv=0.00 n=0 d=0 sk=3 hf=96148 hm=87944 ht=283156 pf=0 pm=0 pt=0 ru=235400 rp=243604
18:40:08.266 @T t=402903 s=0.000 lv=-40.9 pk=-39.8 c0=3.2 c1=6.1 kw=5.90 inf=1.36 iv=0.00 n=0 d=0 sk=4 hf=96148 hm=87944 ht=283156 pf=0 pm=0 pt=0 ru=235400 rp=243604
18:40:08.266 @T t=402989 s=0.000 lv=-40.6 pk=-38.2 c0=4.4 c1=5.1 kw=4.91 inf=1.84 iv=0.00 n=0 d=0 sk=2 hf=96148 hm=87944 ht=283156 pf=0 pm=0 pt=0 ru=235400 rp=243604
18:40:08.266 @T t=403095 s=0.000 lv=-39.7 pk=-39.1 c0=3.3 c1=5.1 kw=4.96 inf=1.53 iv=0.00 n=0 d=0 sk=3 hf=96148 hm=87944 ht=283156 pf=0 pm=0 pt=0 ru=235400 rp=243604
18:40:08.266 @T t=403201 s=0.000 lv=-39.6 pk=-37.7 c0=3.1 c1=5.0 kw=5.08 inf=1.53 iv=0.00 n=0 d=0 sk=3 hf=96148 hm=87944 ht=283156 pf=0 pm=0 pt=0 ru=235400 rp=243604
18:40:08.266 @I ww=marvin cut=0.50 win=5 cool=1000 tick=100 wifi=1 srv=1 li=0 ln=0
18:40:08.266 @T t=403293 s=0.000 lv=-40.7 pk=-39.5 c0=4.4 c1=6.1 kw=5.72 inf=1.57 iv=0.00 n=0 d=0 sk=3 hf=96148 hm=87944 ht=283156 pf=0 pm=0 pt=0 ru=235400 rp=243604
18:40:10.775 @T t=403399 s=0.000 lv=-39.4 pk=-37.2 c0=3.1 c1=5.1 kw=4.92 inf=1.51 iv=0.00 n=0 d=0 sk=3 hf=96148 hm=87944 ht=283156 pf=0 pm=0 pt=0 ru=235400 rp=243604
18:40:10.775 @T t=403505 s=0.000 lv=-39.8 pk=-38.0 c0=3.4 c1=6.1 kw=5.94 inf=1.37 iv=0.00 n=0 d=0 sk=4 hf=96148 hm=87944 ht=283156 pf=0 pm=0 pt=0 ru=235400 rp=243604
18:40:10.775 @T t=403591 s=0.000 lv=-40.4 pk=-38.7 c0=4.1 c1=5.1 kw=4.93 inf=1.85 iv=0.00 n=0 d=0 sk=2 hf=96148 hm=87944 ht=283156 pf=0 pm=0 pt=0 ru=235400 rp=243604
18:40:10.775 @T t=403697 s=0.000 lv=-40.7 pk=-40.0 c0=3.1 c1=5.1 kw=4.92 inf=1.51 iv=0.00 n=0 d=0 sk=3 hf=96148 hm=87944 ht=283156 pf=0 pm=0 pt=0 ru=235400 rp=243604
18:40:10.775 @T t=403803 s=0.000 lv=-40.8 pk=-39.5 c0=3.0 c1=6.0 kw=5.89 inf=1.36 iv=0.00 n=0 d=0 sk=4 hf=96148 hm=87944 ht=283156 pf=0 pm=0 pt=0 ru=235400 rp=243604
18:40:10.775 @T t=403889 s=0.000 lv=-40.3 pk=-38.5 c0=7.9 c1=5.0 kw=4.88 inf=1.83 iv=0.00 n=0 d=0 sk=2 hf=96148 hm=87944 ht=283156 pf=0 pm=0 pt=0 ru=235400 rp=243604
18:40:10.775 @T t=403995 s=0.000 lv=-40.4 pk=-39.4 c0=5.6 c1=5.2 kw=5.02 inf=1.54 iv=0.00 n=0 d=0 sk=3 hf=94588 hm=87944 ht=283156 pf=0 pm=0 pt=0 ru=236960 rp=243604
18:40:10.775 @T t=404101 s=0.000 lv=-38.3 pk=-36.7 c0=3.5 c1=5.0 kw=5.14 inf=1.55 iv=0.00 n=0 d=0 sk=3 hf=94588 hm=87944 ht=283156 pf=0 pm=0 pt=0 ru=236960 rp=243604
18:40:10.775 @T t=404187 s=0.000 lv=-39.5 pk=-38.5 c0=3.7 c1=6.6 kw=6.16 inf=1.59 iv=0.00 n=0 d=0 sk=3 hf=94588 hm=87944 ht=283156 pf=0 pm=0 pt=0 ru=236960 rp=243604
18:40:10.775 @I ww=marvin cut=0.50 win=5 cool=1000 tick=100 wifi=1 srv=1 li=0 ln=0
18:40:10.775 @T t=404299 s=0.000 lv=-39.3 pk=-38.4 c0=3.6 c1=4.8 kw=4.67 inf=1.52 iv=0.00 n=0 d=0 sk=3 hf=94588 hm=87944 ht=283156 pf=0 pm=0 pt=0 ru=236960 rp=243604
18:40:10.775 @T t=404405 s=0.000 lv=-41.1 pk=-40.3 c0=6.3 c1=6.1 kw=5.91 inf=1.37 iv=0.00 n=0 d=0 sk=4 hf=94588 hm=87944 ht=283156 pf=0 pm=0 pt=0 ru=236960 rp=243604
18:40:10.775 @T t=404491 s=0.000 lv=-40.0 pk=-38.5 c0=3.7 c1=5.0 kw=4.87 inf=1.83 iv=0.00 n=0 d=0 sk=2 hf=94588 hm=87944 ht=283156 pf=0 pm=0 pt=0 ru=236960 rp=243604
18:40:10.775 @T t=404597 s=0.000 lv=-39.5 pk=-39.1 c0=3.4 c1=5.4 kw=4.91 inf=1.52 iv=0.00 n=0 d=0 sk=3 hf=94588 hm=87944 ht=283156 pf=0 pm=0 pt=0 ru=236960 rp=243604
18:40:10.775 @T t=404703 s=0.000 lv=-39.3 pk=-36.9 c0=6.4 c1=5.9 kw=6.01 inf=1.38 iv=0.00 n=0 d=0 sk=4 hf=94588 hm=87944 ht=283156 pf=0 pm=0 pt=0 ru=236960 rp=243604
18:40:10.775 @T t=404789 s=0.000 lv=-40.9 pk=-40.3 c0=3.7 c1=5.0 kw=4.86 inf=1.82 iv=0.00 n=0 d=0 sk=2 hf=94588 hm=87944 ht=283156 pf=0 pm=0 pt=0 ru=236960 rp=243604
18:40:10.775 @T t=404895 s=0.000 lv=-39.4 pk=-38.2 c0=3.2 c1=5.1 kw=4.94 inf=1.52 iv=0.00 n=0 d=0 sk=3 hf=94588 hm=87944 ht=283156 pf=0 pm=0 pt=0 ru=236960 rp=243604
18:40:10.775 @T t=405001 s=0.000 lv=-39.9 pk=-38.7 c0=3.6 c1=5.0 kw=5.09 inf=1.53 iv=0.00 n=0 d=0 sk=3 hf=94588 hm=87944 ht=283156 pf=0 pm=0 pt=0 ru=236960 rp=243604
18:40:10.775 @T t=405087 s=0.000 lv=-40.7 pk=-39.3 c0=4.0 c1=6.6 kw=6.21 inf=1.60 iv=0.00 n=0 d=0 sk=3 hf=94588 hm=87944 ht=283156 pf=0 pm=0 pt=0 ru=236960 rp=243604
18:40:10.775 @T t=405193 s=0.000 lv=-40.0 pk=-39.3 c0=6.4 c1=5.1 kw=4.95 inf=1.52 iv=0.00 n=0 d=0 sk=3 hf=94588 hm=87944 ht=283156 pf=0 pm=0 pt=0 ru=236960 rp=243604
18:40:10.775 @I ww=marvin cut=0.50 win=5 cool=1000 tick=100 wifi=1 srv=1 li=0 ln=0
18:40:10.775 @T t=405305 s=0.000 lv=-38.7 pk=-37.7 c0=3.6 c1=5.7 kw=5.60 inf=1.37 iv=0.00 n=0 d=0 sk=4 hf=94588 hm=87944 ht=283156 pf=0 pm=0 pt=0 ru=236960 rp=243604
18:40:10.775 @T t=405391 s=0.000 lv=-39.7 pk=-38.4 c0=4.5 c1=5.1 kw=4.92 inf=1.84 iv=0.00 n=0 d=0 sk=2 hf=94588 hm=87944 ht=283156 pf=0 pm=0 pt=0 ru=236960 rp=243604
18:40:10.776 @T t=405497 s=0.000 lv=-38.9 pk=-37.8 c0=3.3 c1=5.1 kw=4.96 inf=1.53 iv=0.00 n=0 d=0 sk=3 hf=94588 hm=87944 ht=283156 pf=0 pm=0 pt=0 ru=236960 rp=243604
18:40:10.776 @T t=405603 s=0.000 lv=-39.8 pk=-37.0 c0=5.4 c1=6.7 kw=6.44 inf=1.50 iv=0.00 n=0 d=0 sk=4 hf=95952 hm=87944 ht=283156 pf=0 pm=0 pt=0 ru=235596 rp=243604
18:40:10.776 @T t=405689 s=0.000 lv=-38.7 pk=-36.7 c0=4.6 c1=5.0 kw=4.97 inf=1.86 iv=0.00 n=0 d=0 sk=2 hf=96148 hm=87944 ht=283156 pf=0 pm=0 pt=0 ru=235400 rp=243604
18:40:10.776 @T t=405795 s=0.000 lv=-39.1 pk=-37.4 c0=6.7 c1=5.1 kw=4.96 inf=1.53 iv=0.00 n=0 d=0 sk=3 hf=96148 hm=87944 ht=283156 pf=0 pm=0 pt=0 ru=235400 rp=243604
18:40:13.362 @T t=405901 s=0.000 lv=-39.4 pk=-38.1 c0=3.4 c1=5.0 kw=5.11 inf=1.53 iv=0.00 n=0 d=0 sk=3 hf=96148 hm=87944 ht=283156 pf=0 pm=0 pt=0 ru=235400 rp=243604
18:40:13.362 @T t=405987 s=0.000 lv=-40.4 pk=-39.4 c0=3.9 c1=6.6 kw=6.18 inf=1.59 iv=0.00 n=0 d=0 sk=3 hf=96148 hm=87944 ht=283156 pf=0 pm=0 pt=0 ru=235400 rp=243604
18:40:13.362 @T t=406093 s=0.000 lv=-40.3 pk=-39.9 c0=3.2 c1=5.1 kw=4.92 inf=1.52 iv=0.00 n=0 d=0 sk=3 hf=96148 hm=87944 ht=283156 pf=0 pm=0 pt=0 ru=235400 rp=243604
18:40:13.362 @T t=406199 s=0.000 lv=-37.4 pk=-36.6 c0=3.1 c1=5.1 kw=4.94 inf=1.52 iv=0.00 n=0 d=0 sk=3 hf=96148 hm=87944 ht=283156 pf=0 pm=0 pt=0 ru=235400 rp=243604
18:40:13.363 @I ww=marvin cut=0.50 win=5 cool=1000 tick=100 wifi=1 srv=1 li=0 ln=0
18:40:13.363 @T t=406291 s=0.000 lv=-39.0 pk=-36.6 c0=13.2 c1=5.9 kw=5.72 inf=1.53 iv=0.00 n=0 d=0 sk=3 hf=96148 hm=87944 ht=283156 pf=0 pm=0 pt=0 ru=235400 rp=243604
18:40:13.363 @T t=406397 s=0.000 lv=-39.8 pk=-37.9 c0=6.4 c1=5.1 kw=4.95 inf=1.52 iv=0.00 n=0 d=0 sk=3 hf=96148 hm=87944 ht=283156 pf=0 pm=0 pt=0 ru=235400 rp=243604
18:40:13.363 @T t=406503 s=0.000 lv=-39.9 pk=-38.1 c0=3.1 c1=6.1 kw=5.91 inf=1.36 iv=0.00 n=0 d=0 sk=4 hf=96148 hm=87944 ht=283156 pf=0 pm=0 pt=0 ru=235400 rp=243604
18:40:13.363 @T t=406589 s=0.000 lv=-39.4 pk=-37.9 c0=9.0 c1=5.8 kw=5.16 inf=1.93 iv=0.00 n=0 d=0 sk=2 hf=95952 hm=87944 ht=283156 pf=0 pm=0 pt=0 ru=235596 rp=243604
18:40:13.363 @T t=406695 s=0.000 lv=-38.7 pk=-37.0 c0=6.5 c1=5.1 kw=4.98 inf=1.53 iv=0.00 n=0 d=0 sk=3 hf=96148 hm=87944 ht=283156 pf=0 pm=0 pt=0 ru=235400 rp=243604
18:40:13.363 @T t=406801 s=0.000 lv=-38.3 pk=-36.8 c0=6.3 c1=5.0 kw=5.07 inf=1.52 iv=0.00 n=0 d=0 sk=3 hf=96148 hm=87944 ht=283156 pf=0 pm=0 pt=0 ru=235400 rp=243604
18:40:13.363 @T t=406887 s=0.000 lv=-39.9 pk=-38.2 c0=8.4 c1=6.6 kw=6.17 inf=1.59 iv=0.00 n=0 d=0 sk=3 hf=96148 hm=87944 ht=283156 pf=0 pm=0 pt=0 ru=235400 rp=243604
18:40:13.363 @T t=406993 s=0.000 lv=-40.5 pk=-38.6 c0=3.8 c1=5.6 kw=5.03 inf=1.55 iv=0.00 n=0 d=0 sk=3 hf=96148 hm=87944 ht=283156 pf=0 pm=0 pt=0 ru=235400 rp=243604
18:40:13.363 @T t=407099 s=0.000 lv=-35.6 pk=-32.1 c0=3.6 c1=15.6 kw=15.43 inf=1.20 iv=0.99 n=11 d=0 sk=2 hf=96148 hm=87944 ht=283156 pf=0 pm=0 pt=0 ru=235400 rp=243604
18:40:13.363 @T t=407205 s=0.000 lv=-38.3 pk=-36.3 c0=6.0 c1=10.5 kw=10.28 inf=2.52 iv=1.09 n=4 d=0 sk=0 hf=96148 hm=87944 ht=283156 pf=0 pm=0 pt=0 ru=235400 rp=243604
18:40:13.363 @I ww=marvin cut=0.50 win=5 cool=1000 tick=100 wifi=1 srv=1 li=0 ln=0
18:40:13.363 @T t=407297 s=0.000 lv=-38.5 pk=-37.9 c0=4.8 c1=7.6 kw=7.39 inf=3.12 iv=1.20 n=2 d=0 sk=0 hf=96148 hm=87944 ht=283156 pf=0 pm=0 pt=0 ru=235400 rp=243604
18:40:13.363 @T t=407403 s=0.000 lv=-38.9 pk=-36.7 c0=3.6 c1=10.9 kw=10.72 inf=2.63 iv=1.17 n=4 d=0 sk=0 hf=96148 hm=87944 ht=283156 pf=0 pm=0 pt=0 ru=235400 rp=243604
18:40:13.363 @T t=407489 s=0.000 lv=-40.2 pk=-39.4 c0=4.2 c1=9.4 kw=9.22 inf=2.46 iv=1.17 n=3 d=0 sk=0 hf=96148 hm=87944 ht=283156 pf=0 pm=0 pt=0 ru=235400 rp=243604
18:40:13.363 @T t=407595 s=0.000 lv=-39.9 pk=-37.6 c0=4.0 c1=8.9 kw=8.69 inf=2.84 iv=1.22 n=3 d=0 sk=0 hf=96148 hm=87944 ht=283156 pf=0 pm=0 pt=0 ru=235400 rp=243604
18:40:13.364 @T t=407701 s=0.000 lv=-40.0 pk=-39.0 c0=3.5 c1=9.8 kw=9.87 inf=2.40 iv=1.19 n=4 d=0 sk=0 hf=96148 hm=87944 ht=283156 pf=0 pm=0 pt=0 ru=235400 rp=243604
18:40:13.364 @T t=407787 s=0.000 lv=-39.6 pk=-38.8 c0=4.2 c1=11.3 kw=10.80 inf=2.91 iv=1.20 n=3 d=0 sk=0 hf=96148 hm=87944 ht=283156 pf=0 pm=0 pt=0 ru=235400 rp=243604
18:40:13.364 @T t=407893 s=0.000 lv=-39.2 pk=-38.2 c0=3.6 c1=8.6 kw=8.41 inf=2.74 iv=1.14 n=3 d=0 sk=0 hf=96148 hm=87944 ht=283156 pf=0 pm=0 pt=0 ru=235400 rp=243604
18:40:13.364 @T t=407999 s=0.000 lv=-39.8 pk=-39.0 c0=3.8 c1=9.8 kw=9.61 inf=2.37 iv=1.16 n=4 d=0 sk=0 hf=96148 hm=87944 ht=283156 pf=0 pm=0 pt=0 ru=235400 rp=243604
18:40:13.364 @T t=408105 s=0.000 lv=-39.7 pk=-38.8 c0=3.6 c1=10.6 kw=10.39 inf=2.55 iv=1.11 n=4 d=0 sk=0 hf=96148 hm=87944 ht=283156 pf=0 pm=0 pt=0 ru=235400 rp=243604
18:40:13.364 @T t=408191 s=0.000 lv=-38.9 pk=-37.4 c0=7.5 c1=8.0 kw=7.86 inf=3.10 iv=1.18 n=2 d=0 sk=0 hf=96148 hm=87944 ht=283156 pf=0 pm=0 pt=0 ru=235400 rp=243604
18:40:13.364 @I ww=marvin cut=0.50 win=5 cool=1000 tick=100 wifi=1 srv=1 li=0 ln=0
18:40:13.364 @T t=408303 s=0.000 lv=-39.8 pk=-39.1 c0=4.0 c1=10.0 kw=9.79 inf=2.53 iv=1.10 n=4 d=0 sk=0 hf=96148 hm=87944 ht=283156 pf=0 pm=0 pt=0 ru=235400 rp=243604
18:40:13.364 @T t=408389 s=0.000 lv=-40.4 pk=-39.0 c0=4.3 c1=9.3 kw=9.17 inf=2.44 iv=1.15 n=3 d=0 sk=0 hf=96148 hm=87944 ht=283156 pf=0 pm=0 pt=0 ru=235400 rp=243604
18:40:15.855 @T t=408495 s=0.000 lv=-40.4 pk=-38.9 c0=3.4 c1=8.4 kw=8.29 inf=2.70 iv=1.11 n=3 d=0 sk=0 hf=96148 hm=87944 ht=283156 pf=0 pm=0 pt=0 ru=235400 rp=243604
18:40:15.855 @T t=408601 s=0.000 lv=-39.7 pk=-38.2 c0=6.0 c1=10.1 kw=10.08 inf=2.46 iv=1.23 n=4 d=0 sk=0 hf=92804 hm=87944 ht=283156 pf=0 pm=0 pt=0 ru=238744 rp=243604
18:40:15.855 @T t=408689 s=0.000 lv=-40.1 pk=-39.4 c0=6.3 c1=10.4 kw=9.89 inf=4.07 iv=1.22 n=2 d=0 sk=0 hf=96148 hm=87944 ht=283156 pf=0 pm=0 pt=0 ru=235400 rp=243604
18:40:15.855 I (409076) wifi:[ADDBA]RX DELBA, reason:37, delete tid:0, initiator:1(originator)
18:40:15.855 @T t=408802 s=0.000 lv=-39.1 pk=-37.5 c0=11.7 c1=5.7 kw=5.64 inf=1.39 iv=0.00 n=0 d=0 sk=4 hf=96148 hm=87944 ht=283156 pf=0 pm=0 pt=0 ru=235400 rp=243604
18:40:15.855 @T t=408888 s=0.000 lv=-41.0 pk=-40.6 c0=4.9 c1=5.3 kw=4.94 inf=1.85 iv=0.00 n=0 d=0 sk=2 hf=95952 hm=87944 ht=283156 pf=0 pm=0 pt=0 ru=235596 rp=243604
18:40:15.855 @T t=408994 s=0.000 lv=-40.6 pk=-39.3 c0=3.5 c1=5.1 kw=4.97 inf=1.53 iv=0.00 n=0 d=0 sk=3 hf=96148 hm=87944 ht=283156 pf=0 pm=0 pt=0 ru=235400 rp=243604
18:40:15.855 @T t=409100 s=0.000 lv=-40.1 pk=-38.4 c0=6.6 c1=5.1 kw=4.96 inf=1.53 iv=0.00 n=0 d=0 sk=3 hf=96148 hm=87944 ht=283156 pf=0 pm=0 pt=0 ru=235400 rp=243604
18:40:15.855 @T t=409186 s=0.000 lv=-40.1 pk=-38.5 c0=7.8 c1=6.4 kw=6.20 inf=1.55 iv=0.00 n=0 d=0 sk=3 hf=96148 hm=87944 ht=283156 pf=0 pm=0 pt=0 ru=235400 rp=243604
18:40:15.855 @I ww=marvin cut=0.50 win=5 cool=1000 tick=100 wifi=1 srv=1 li=0 ln=0
18:40:15.855 @T t=409298 s=0.000 lv=-38.6 pk=-37.9 c0=3.8 c1=4.8 kw=4.69 inf=1.53 iv=0.00 n=0 d=0 sk=3 hf=96148 hm=87944 ht=283156 pf=0 pm=0 pt=0 ru=235400 rp=243604
18:40:15.855 @T t=409404 s=0.000 lv=-38.6 pk=-37.9 c0=3.2 c1=6.1 kw=5.93 inf=1.37 iv=0.00 n=0 d=0 sk=4 hf=96148 hm=87944 ht=283156 pf=0 pm=0 pt=0 ru=235400 rp=243604
18:40:15.855 @T t=409490 s=0.000 lv=-39.0 pk=-37.5 c0=3.7 c1=5.0 kw=4.86 inf=1.82 iv=0.00 n=0 d=0 sk=2 hf=96148 hm=87944 ht=283156 pf=0 pm=0 pt=0 ru=235400 rp=243604
18:40:15.855 @T t=409596 s=0.000 lv=-41.0 pk=-39.7 c0=3.0 c1=5.0 kw=4.90 inf=1.51 iv=0.00 n=0 d=0 sk=3 hf=96148 hm=87944 ht=283156 pf=0 pm=0 pt=0 ru=235400 rp=243604
18:40:15.855 @T t=409702 s=0.000 lv=-40.0 pk=-39.1 c0=3.6 c1=6.0 kw=5.96 inf=1.38 iv=0.00 n=0 d=0 sk=4 hf=96148 hm=87944 ht=283156 pf=0 pm=0 pt=0 ru=235400 rp=243604
18:40:15.855 @T t=409788 s=0.000 lv=-39.9 pk=-38.4 c0=4.1 c1=5.3 kw=4.90 inf=1.83 iv=0.00 n=0 d=0 sk=2 hf=96148 hm=87944 ht=283156 pf=0 pm=0 pt=0 ru=235400 rp=243604
18:40:15.856 @T t=409894 s=0.000 lv=-37.2 pk=-35.0 c0=3.5 c1=5.3 kw=4.98 inf=1.53 iv=0.00 n=0 d=0 sk=3 hf=96148 hm=87944 ht=283156 pf=0 pm=0 pt=0 ru=235400 rp=243604
18:40:15.856 @T t=410000 s=0.000 lv=-37.3 pk=-35.4 c0=3.1 c1=5.1 kw=4.94 inf=1.52 iv=0.00 n=0 d=0 sk=3 hf=96148 hm=87944 ht=283156 pf=0 pm=0 pt=0 ru=235400 rp=243604
18:40:15.856 @T t=410086 s=0.000 lv=-39.9 pk=-38.9 c0=8.0 c1=6.4 kw=6.14 inf=1.53 iv=0.00 n=0 d=0 sk=3 hf=96148 hm=87944 ht=283156 pf=0 pm=0 pt=0 ru=235400 rp=243604
18:40:15.856 @T t=410192 s=0.000 lv=-39.0 pk=-37.6 c0=3.2 c1=5.1 kw=4.93 inf=1.52 iv=0.00 n=0 d=0 sk=3 hf=96148 hm=87944 ht=283156 pf=0 pm=0 pt=0 ru=235400 rp=243604
18:40:15.856 @I ww=marvin cut=0.50 win=5 cool=1000 tick=100 wifi=1 srv=1 li=0 ln=0
18:40:15.856 @T t=410304 s=0.000 lv=-38.4 pk=-37.0 c0=4.1 c1=5.9 kw=5.65 inf=1.38 iv=0.00 n=0 d=0 sk=4 hf=96148 hm=87944 ht=283156 pf=0 pm=0 pt=0 ru=235400 rp=243604
18:40:15.856 @T t=410390 s=0.000 lv=-38.9 pk=-37.5 c0=4.2 c1=5.0 kw=4.93 inf=1.85 iv=0.00 n=0 d=0 sk=2 hf=96148 hm=87944 ht=283156 pf=0 pm=0 pt=0 ru=235400 rp=243604
18:40:15.856 @T t=410496 s=0.000 lv=-39.7 pk=-38.6 c0=3.1 c1=5.0 kw=4.92 inf=1.52 iv=0.00 n=0 d=0 sk=3 hf=96148 hm=87944 ht=283156 pf=0 pm=0 pt=0 ru=235400 rp=243604
18:40:15.856 @T t=410602 s=0.000 lv=-39.4 pk=-37.5 c0=6.3 c1=5.9 kw=5.91 inf=1.36 iv=0.00 n=0 d=0 sk=4 hf=96148 hm=87944 ht=283156 pf=0 pm=0 pt=0 ru=235400 rp=243604
18:40:15.856 @T t=410688 s=0.000 lv=-39.8 pk=-38.6 c0=8.6 c1=5.9 kw=5.15 inf=1.92 iv=0.00 n=0 d=0 sk=2 hf=96148 hm=87944 ht=283156 pf=0 pm=0 pt=0 ru=235400 rp=243604
18:40:15.856 @T t=410794 s=0.000 lv=-39.6 pk=-37.7 c0=3.4 c1=5.1 kw=4.97 inf=1.53 iv=0.00 n=0 d=0 sk=3 hf=96148 hm=87944 ht=283156 pf=0 pm=0 pt=0 ru=235400 rp=243604
18:40:15.856 @T t=410900 s=0.000 lv=-39.9 pk=-38.6 c0=7.2 c1=5.2 kw=5.01 inf=1.54 iv=0.00 n=0 d=0 sk=3 hf=96148 hm=87944 ht=283156 pf=0 pm=0 pt=0 ru=235400 rp=243604
18:40:18.153 @T t=410989 s=0.000 lv=-40.1 pk=-38.9 c0=3.8 c1=6.1 kw=5.97 inf=1.54 iv=0.00 n=0 d=0 sk=3 hf=96148 hm=87944 ht=283156 pf=0 pm=0 pt=0 ru=235400 rp=243604
18:40:18.153 @T t=411095 s=0.000 lv=-39.2 pk=-37.5 c0=3.2 c1=5.1 kw=4.94 inf=1.52 iv=0.00 n=0 d=0 sk=3 hf=96148 hm=87944 ht=283156 pf=0 pm=0 pt=0 ru=235400 rp=243604
18:40:18.153 @T t=411201 s=0.000 lv=-40.4 pk=-39.8 c0=3.1 c1=5.0 kw=5.05 inf=1.52 iv=0.00 n=0 d=0 sk=3 hf=96148 hm=87944 ht=283156 pf=0 pm=0 pt=0 ru=235400 rp=243604
18:40:18.153 @I ww=marvin cut=0.50 win=5 cool=1000 tick=100 wifi=1 srv=1 li=0 ln=0
18:40:18.153 @T t=411293 s=0.000 lv=-40.8 pk=-38.7 c0=13.3 c1=6.1 kw=5.71 inf=1.57 iv=0.00 n=0 d=0 sk=3 hf=96148 hm=87944 ht=283156 pf=0 pm=0 pt=0 ru=235400 rp=243604
18:40:18.153 @T t=411399 s=0.000 lv=-39.9 pk=-37.4 c0=6.8 c1=5.2 kw=5.00 inf=1.54 iv=0.00 n=0 d=0 sk=3 hf=96148 hm=87944 ht=283156 pf=0 pm=0 pt=0 ru=235400 rp=243604
18:40:18.153 [status] up 411s | mic -39.6 dBFS (peak -32.1) | score max 0.00 | detections 0 | inferences 63 (6.3/s; model 1.13 ms each, paused in quiet 80%; features 1.48 ms per 30 ms) | CPU core0  5.1% core1  6.2% (wake word pipeline 6.04% of one core) | RAM used 229 KB (peak 237 KB, 93 KB free) | wifi OK, server OK | audio lost since boot: i2s 0 net 0
18:40:18.153 @T t=411527 s=0.000 lv=-39.0 pk=-36.3 c0=20.3 c1=5.9 kw=5.80 inf=1.62 iv=0.00 n=0 d=0 sk=4 hf=96148 hm=87944 ht=283156 pf=0 pm=0 pt=0 ru=235400 rp=243604
18:40:18.153 @T t=411593 s=0.000 lv=-40.4 pk=-39.9 c0=5.0 c1=4.9 kw=4.79 inf=1.38 iv=0.00 n=0 d=0 sk=2 hf=96148 hm=87944 ht=283156 pf=0 pm=0 pt=0 ru=235400 rp=243604
18:40:18.153 @T t=411699 s=0.000 lv=-39.6 pk=-38.2 c0=6.8 c1=5.1 kw=4.97 inf=1.53 iv=0.00 n=0 d=0 sk=3 hf=96148 hm=87944 ht=283156 pf=0 pm=0 pt=0 ru=235400 rp=243604
18:40:18.153 @T t=411805 s=0.000 lv=-39.3 pk=-38.0 c0=3.2 c1=6.1 kw=5.92 inf=1.37 iv=0.00 n=0 d=0 sk=4 hf=96148 hm=87944 ht=283156 pf=0 pm=0 pt=0 ru=235400 rp=243604
18:40:18.153 @T t=411891 s=0.000 lv=-39.4 pk=-38.4 c0=3.9 c1=5.0 kw=4.88 inf=1.83 iv=0.00 n=0 d=0 sk=2 hf=96148 hm=87944 ht=283156 pf=0 pm=0 pt=0 ru=235400 rp=243604
18:40:18.153 @T t=411997 s=0.000 lv=-38.9 pk=-37.5 c0=3.1 c1=5.1 kw=4.95 inf=1.53 iv=0.00 n=0 d=0 sk=3 hf=96148 hm=87944 ht=283156 pf=0 pm=0 pt=0 ru=235400 rp=243604
18:40:18.153 @T t=412103 s=0.000 lv=-38.5 pk=-37.8 c0=3.2 c1=6.1 kw=5.93 inf=1.37 iv=0.00 n=0 d=0 sk=4 hf=96148 hm=87944 ht=283156 pf=0 pm=0 pt=0 ru=235400 rp=243604
18:40:18.153 @T t=412189 s=0.000 lv=-39.2 pk=-38.7 c0=3.8 c1=5.1 kw=4.91 inf=1.84 iv=0.00 n=0 d=0 sk=2 hf=96148 hm=87944 ht=283156 pf=0 pm=0 pt=0 ru=235400 rp=243604
18:40:18.153 @I ww=marvin cut=0.50 win=5 cool=1000 tick=100 wifi=1 srv=1 li=0 ln=0
18:40:18.153 @T t=412301 s=0.000 lv=-39.7 pk=-37.9 c0=11.0 c1=4.7 kw=4.78 inf=1.52 iv=0.00 n=0 d=0 sk=3 hf=96148 hm=87944 ht=283156 pf=0 pm=0 pt=0 ru=235400 rp=243604
18:40:18.153 @T t=412387 s=0.000 lv=-38.5 pk=-36.3 c0=7.9 c1=6.5 kw=6.12 inf=1.57 iv=0.00 n=0 d=0 sk=3 hf=96148 hm=87944 ht=283156 pf=0 pm=0 pt=0 ru=235400 rp=243604
18:40:18.153 @T t=412493 s=0.000 lv=-39.2 pk=-38.3 c0=3.4 c1=5.1 kw=4.92 inf=1.51 iv=0.00 n=0 d=0 sk=3 hf=96148 hm=87944 ht=283156 pf=0 pm=0 pt=0 ru=235400 rp=243604
18:40:18.153 @T t=412599 s=0.000 lv=-39.7 pk=-38.1 c0=3.5 c1=5.1 kw=4.99 inf=1.54 iv=0.00 n=0 d=0 sk=3 hf=96148 hm=87944 ht=283156 pf=0 pm=0 pt=0 ru=235400 rp=243604
18:40:18.153 @T t=412705 s=0.000 lv=-40.8 pk=-39.9 c0=7.3 c1=6.7 kw=6.17 inf=1.42 iv=0.00 n=0 d=0 sk=4 hf=96148 hm=87944 ht=283156 pf=0 pm=0 pt=0 ru=235400 rp=243604
18:40:18.154 @T t=412791 s=0.000 lv=-41.1 pk=-39.6 c0=4.1 c1=5.0 kw=4.88 inf=1.83 iv=0.00 n=0 d=0 sk=2 hf=96148 hm=87944 ht=283156 pf=0 pm=0 pt=0 ru=235400 rp=243604
18:40:18.154 @T t=412897 s=0.000 lv=-39.0 pk=-37.1 c0=4.4 c1=5.2 kw=4.99 inf=1.54 iv=0.00 n=0 d=0 sk=3 hf=96148 hm=87944 ht=283156 pf=0 pm=0 pt=0 ru=235400 rp=243604
18:40:18.154 @T t=413003 s=0.000 lv=-40.2 pk=-38.1 c0=3.3 c1=6.0 kw=5.90 inf=1.36 iv=0.00 n=0 d=0 sk=4 hf=96148 hm=87944 ht=283156 pf=0 pm=0 pt=0 ru=235400 rp=243604
18:40:18.154 @T t=413089 s=0.000 lv=-40.5 pk=-39.1 c0=7.9 c1=5.1 kw=4.90 inf=1.84 iv=0.00 n=0 d=0 sk=2 hf=96148 hm=87944 ht=283156 pf=0 pm=0 pt=0 ru=235400 rp=243604
18:40:18.154 @T t=413195 s=0.000 lv=-40.0 pk=-38.7 c0=3.3 c1=4.8 kw=4.92 inf=1.51 iv=0.00 n=0 d=0 sk=3 hf=95952 hm=87944 ht=283156 pf=0 pm=0 pt=0 ru=235596 rp=243604
18:40:18.154 @I ww=marvin cut=0.50 win=5 cool=1000 tick=100 wifi=1 srv=1 li=0 ln=0
18:40:20.662 @T t=413287 s=0.000 lv=-39.6 pk=-38.1 c0=13.7 c1=7.5 kw=5.85 inf=1.56 iv=0.00 n=0 d=0 sk=3 hf=96148 hm=87944 ht=283156 pf=0 pm=0 pt=0 ru=235400 rp=243604
18:40:20.662 @T t=413393 s=0.000 lv=-38.7 pk=-37.5 c0=6.5 c1=5.0 kw=4.95 inf=1.52 iv=0.00 n=0 d=0 sk=3 hf=96148 hm=87944 ht=283156 pf=0 pm=0 pt=0 ru=235400 rp=243604
18:40:20.662 @T t=413499 s=0.000 lv=-39.3 pk=-38.3 c0=3.0 c1=5.1 kw=4.92 inf=1.52 iv=0.00 n=0 d=0 sk=3 hf=96148 hm=87944 ht=283156 pf=0 pm=0 pt=0 ru=235400 rp=243604
18:40:20.662 @T t=413586 s=0.000 lv=-38.9 pk=-37.3 c0=3.8 c1=6.2 kw=6.01 inf=1.52 iv=0.00 n=0 d=0 sk=3 hf=96148 hm=87944 ht=283156 pf=0 pm=0 pt=0 ru=235400 rp=243604
18:40:20.663 @T t=413692 s=0.000 lv=-39.7 pk=-38.6 c0=3.5 c1=5.1 kw=4.95 inf=1.53 iv=0.00 n=0 d=0 sk=3 hf=96148 hm=87944 ht=283156 pf=0 pm=0 pt=0 ru=235400 rp=243604
18:40:20.663 @T t=413798 s=0.000 lv=-39.7 pk=-38.7 c0=6.7 c1=5.2 kw=5.02 inf=1.55 iv=0.00 n=0 d=0 sk=3 hf=96148 hm=87944 ht=283156 pf=0 pm=0 pt=0 ru=235400 rp=243604
18:40:20.663 @T t=413904 s=0.000 lv=-38.5 pk=-36.6 c0=3.4 c1=6.1 kw=5.95 inf=1.37 iv=0.00 n=0 d=0 sk=4 hf=96148 hm=87944 ht=283156 pf=0 pm=0 pt=0 ru=235400 rp=243604
18:40:20.663 @T t=413990 s=0.000 lv=-39.9 pk=-38.2 c0=3.8 c1=5.0 kw=4.88 inf=1.83 iv=0.00 n=0 d=0 sk=2 hf=96148 hm=87944 ht=283156 pf=0 pm=0 pt=0 ru=235400 rp=243604
18:40:20.663 @T t=414096 s=0.000 lv=-39.2 pk=-37.9 c0=6.4 c1=5.1 kw=4.95 inf=1.53 iv=0.00 n=0 d=0 sk=3 hf=96148 hm=87944 ht=283156 pf=0 pm=0 pt=0 ru=235400 rp=243604
18:40:20.663 @T t=414202 s=0.000 lv=-40.4 pk=-39.0 c0=3.1 c1=5.9 kw=5.90 inf=1.36 iv=0.00 n=0 d=0 sk=4 hf=96148 hm=87944 ht=283156 pf=0 pm=0 pt=0 ru=235400 rp=243604
18:40:20.663 @I ww=marvin cut=0.50 win=5 cool=1000 tick=100 wifi=1 srv=1 li=0 ln=0
18:40:20.663 @T t=414294 s=0.000 lv=-40.1 pk=-38.9 c0=13.7 c1=4.9 kw=4.62 inf=1.85 iv=0.00 n=0 d=0 sk=2 hf=96148 hm=87944 ht=283156 pf=0 pm=0 pt=0 ru=235400 rp=243604
18:40:20.663 @T t=414400 s=0.000 lv=-39.2 pk=-38.3 c0=3.4 c1=5.1 kw=4.99 inf=1.54 iv=0.00 n=0 d=0 sk=3 hf=96148 hm=87944 ht=283156 pf=0 pm=0 pt=0 ru=235400 rp=243604
18:40:20.663 @T t=414486 s=0.000 lv=-40.5 pk=-39.6 c0=7.8 c1=6.3 kw=6.12 inf=1.52 iv=0.00 n=0 d=0 sk=3 hf=96148 hm=87944 ht=283156 pf=0 pm=0 pt=0 ru=235400 rp=243604
18:40:20.663 @T t=414592 s=0.000 lv=-40.8 pk=-39.6 c0=3.0 c1=5.1 kw=4.93 inf=1.52 iv=0.00 n=0 d=0 sk=3 hf=96148 hm=87944 ht=283156 pf=0 pm=0 pt=0 ru=235400 rp=243604
18:40:20.663 @T t=414698 s=0.000 lv=-40.7 pk=-39.8 c0=4.9 c1=5.1 kw=4.93 inf=1.52 iv=0.00 n=0 d=0 sk=3 hf=94384 hm=87944 ht=283156 pf=0 pm=0 pt=0 ru=237164 rp=243604
18:40:20.663 @T t=414804 s=0.000 lv=-39.5 pk=-38.0 c0=7.9 c1=6.7 kw=6.11 inf=1.41 iv=0.00 n=0 d=0 sk=4 hf=96148 hm=87944 ht=283156 pf=0 pm=0 pt=0 ru=235400 rp=243604
18:40:20.663 @T t=414890 s=0.000 lv=-39.8 pk=-38.3 c0=5.1 c1=5.3 kw=4.99 inf=1.87 iv=0.00 n=0 d=0 sk=2 hf=96148 hm=87944 ht=283156 pf=0 pm=0 pt=0 ru=235400 rp=243604
18:40:20.663 @T t=414996 s=0.000 lv=-38.4 pk=-37.2 c0=3.3 c1=5.1 kw=4.99 inf=1.54 iv=0.00 n=0 d=0 sk=3 hf=96148 hm=87944 ht=283156 pf=0 pm=0 pt=0 ru=235400 rp=243604
18:40:20.664 @T t=415102 s=0.000 lv=-38.7 pk=-36.8 c0=6.5 c1=6.0 kw=5.92 inf=1.37 iv=0.00 n=0 d=0 sk=4 hf=96148 hm=87944 ht=283156 pf=0 pm=0 pt=0 ru=235400 rp=243604
18:40:20.664 @T t=415188 s=0.000 lv=-40.1 pk=-39.3 c0=3.8 c1=5.2 kw=4.86 inf=1.82 iv=0.00 n=0 d=0 sk=2 hf=96148 hm=87944 ht=283156 pf=0 pm=0 pt=0 ru=235400 rp=243604
18:40:20.664 @I ww=marvin cut=0.50 win=5 cool=1000 tick=100 wifi=1 srv=1 li=0 ln=0
18:40:20.664 @T t=415300 s=0.000 lv=-39.7 pk=-38.5 c0=11.0 c1=4.8 kw=4.66 inf=1.51 iv=0.00 n=0 d=0 sk=3 hf=96148 hm=87944 ht=283156 pf=0 pm=0 pt=0 ru=235400 rp=243604
18:40:20.664 @T t=415386 s=0.000 lv=-40.5 pk=-38.8 c0=8.3 c1=6.4 kw=6.16 inf=1.53 iv=0.00 n=0 d=0 sk=3 hf=96148 hm=87944 ht=283156 pf=0 pm=0 pt=0 ru=235400 rp=243604
18:40:20.664 @T t=415492 s=0.000 lv=-40.8 pk=-40.0 c0=3.3 c1=5.1 kw=4.97 inf=1.53 iv=0.00 n=0 d=0 sk=3 hf=96148 hm=87944 ht=283156 pf=0 pm=0 pt=0 ru=235400 rp=243604
18:40:20.664 @T t=415598 s=0.000 lv=-40.1 pk=-39.0 c0=3.1 c1=5.1 kw=4.93 inf=1.52 iv=0.00 n=0 d=0 sk=3 hf=96148 hm=87944 ht=283156 pf=0 pm=0 pt=0 ru=235400 rp=243604
18:40:20.664 @T t=415704 s=0.000 lv=-40.1 pk=-37.5 c0=3.0 c1=6.1 kw=5.91 inf=1.36 iv=0.00 n=0 d=0 sk=4 hf=96148 hm=87944 ht=283156 pf=0 pm=0 pt=0 ru=235400 rp=243604
18:40:23.172 @T t=415790 s=0.000 lv=-39.2 pk=-38.2 c0=4.3 c1=5.1 kw=4.91 inf=1.84 iv=0.00 n=0 d=0 sk=2 hf=96148 hm=87944 ht=283156 pf=0 pm=0 pt=0 ru=235400 rp=243604
18:40:23.173 @T t=415896 s=0.000 lv=-39.0 pk=-38.0 c0=3.3 c1=5.1 kw=4.97 inf=1.53 iv=0.00 n=0 d=0 sk=3 hf=96148 hm=87944 ht=283156 pf=0 pm=0 pt=0 ru=235400 rp=243604
18:40:23.173 @T t=416002 s=0.000 lv=-40.1 pk=-38.7 c0=3.1 c1=5.9 kw=5.91 inf=1.37 iv=0.00 n=0 d=0 sk=4 hf=96148 hm=87944 ht=283156 pf=0 pm=0 pt=0 ru=235400 rp=243604
18:40:23.173 @T t=416088 s=0.000 lv=-40.4 pk=-39.2 c0=3.9 c1=5.2 kw=4.87 inf=1.82 iv=0.00 n=0 d=0 sk=2 hf=96148 hm=87944 ht=283156 pf=0 pm=0 pt=0 ru=235400 rp=243604
18:40:23.174 @T t=416194 s=0.000 lv=-40.1 pk=-38.7 c0=3.1 c1=5.1 kw=4.94 inf=1.52 iv=0.00 n=0 d=0 sk=3 hf=96148 hm=87944 ht=283156 pf=0 pm=0 pt=0 ru=235400 rp=243604
18:40:23.174 @I ww=marvin cut=0.50 win=5 cool=1000 tick=100 wifi=1 srv=1 li=0 ln=0
18:40:23.174 @T t=416286 s=0.000 lv=-40.1 pk=-39.6 c0=13.3 c1=5.9 kw=5.70 inf=1.52 iv=0.00 n=0 d=0 sk=3 hf=96148 hm=87944 ht=283156 pf=0 pm=0 pt=0 ru=235400 rp=243604
18:40:23.174 @T t=416392 s=0.000 lv=-39.4 pk=-37.2 c0=3.2 c1=5.1 kw=4.94 inf=1.52 iv=0.00 n=0 d=0 sk=3 hf=96148 hm=87944 ht=283156 pf=0 pm=0 pt=0 ru=235400 rp=243604
18:40:23.174 @T t=416498 s=0.000 lv=-38.3 pk=-37.3 c0=3.4 c1=5.1 kw=4.99 inf=1.54 iv=0.00 n=0 d=0 sk=3 hf=96148 hm=87944 ht=283156 pf=0 pm=0 pt=0 ru=235400 rp=243604
18:40:23.174 @T t=416604 s=0.000 lv=-38.9 pk=-36.1 c0=3.3 c1=6.1 kw=5.92 inf=1.37 iv=0.00 n=0 d=0 sk=4 hf=96148 hm=87944 ht=283156 pf=0 pm=0 pt=0 ru=235400 rp=243604
18:40:23.174 @T t=416690 s=0.000 lv=-38.8 pk=-37.8 c0=7.8 c1=5.0 kw=4.87 inf=1.83 iv=0.00 n=0 d=0 sk=2 hf=96148 hm=87944 ht=283156 pf=0 pm=0 pt=0 ru=235400 rp=243604
18:40:23.174 @T t=416796 s=0.000 lv=-38.1 pk=-37.2 c0=6.8 c1=5.7 kw=5.15 inf=1.59 iv=0.00 n=0 d=0 sk=3 hf=96148 hm=87944 ht=283156 pf=0 pm=0 pt=0 ru=235400 rp=243604
18:40:23.174 @T t=416902 s=0.000 lv=-38.8 pk=-36.4 c0=4.9 c1=6.1 kw=6.03 inf=1.39 iv=0.00 n=0 d=0 sk=4 hf=96148 hm=87944 ht=283156 pf=0 pm=0 pt=0 ru=235400 rp=243604
18:40:23.174 @T t=416988 s=0.000 lv=-38.2 pk=-36.6 c0=4.0 c1=5.2 kw=4.95 inf=1.86 iv=0.00 n=0 d=0 sk=2 hf=96148 hm=87944 ht=283156 pf=0 pm=0 pt=0 ru=235400 rp=243604
18:40:23.174 @T t=417094 s=0.000 lv=-38.5 pk=-37.3 c0=6.5 c1=5.1 kw=4.94 inf=1.52 iv=0.00 n=0 d=0 sk=3 hf=96148 hm=87944 ht=283156 pf=0 pm=0 pt=0 ru=235400 rp=243604
18:40:23.174 @T t=417200 s=0.000 lv=-39.8 pk=-38.4 c0=3.1 c1=5.1 kw=4.93 inf=1.52 iv=0.00 n=0 d=0 sk=3 hf=96148 hm=87944 ht=283156 pf=0 pm=0 pt=0 ru=235400 rp=243604
18:40:23.175 @I ww=marvin cut=0.50 win=5 cool=1000 tick=100 wifi=1 srv=1 li=0 ln=0
18:40:23.175 @T t=417292 s=0.000 lv=-38.8 pk=-37.8 c0=13.2 c1=5.9 kw=5.73 inf=1.53 iv=0.00 n=0 d=0 sk=3 hf=96148 hm=87944 ht=283156 pf=0 pm=0 pt=0 ru=235400 rp=243604
18:40:23.175 @T t=417398 s=0.000 lv=-40.6 pk=-39.7 c0=6.4 c1=5.1 kw=4.94 inf=1.52 iv=0.00 n=0 d=0 sk=3 hf=96148 hm=87944 ht=283156 pf=0 pm=0 pt=0 ru=235400 rp=243604
18:40:23.175 @T t=417504 s=0.000 lv=-39.4 pk=-36.6 c0=6.3 c1=6.1 kw=5.92 inf=1.37 iv=0.00 n=0 d=0 sk=4 hf=96148 hm=87944 ht=283156 pf=0 pm=0 pt=0 ru=235400 rp=243604
18:40:23.175 @T t=417590 s=0.000 lv=-38.2 pk=-37.5 c0=7.7 c1=5.0 kw=4.86 inf=1.82 iv=0.00 n=0 d=0 sk=2 hf=96148 hm=87944 ht=283156 pf=0 pm=0 pt=0 ru=235400 rp=243604
18:40:23.175 @T t=417696 s=0.000 lv=-38.5 pk=-36.8 c0=3.4 c1=5.1 kw=4.97 inf=1.53 iv=0.00 n=0 d=0 sk=3 hf=96148 hm=87944 ht=283156 pf=0 pm=0 pt=0 ru=235400 rp=243604
18:40:23.175 @T t=417802 s=0.000 lv=-37.7 pk=-36.6 c0=6.4 c1=6.0 kw=5.97 inf=1.38 iv=0.00 n=0 d=0 sk=4 hf=96148 hm=87944 ht=283156 pf=0 pm=0 pt=0 ru=235400 rp=243604
18:40:23.175 @T t=417888 s=0.000 lv=-39.8 pk=-38.5 c0=4.0 c1=5.2 kw=4.90 inf=1.84 iv=0.00 n=0 d=0 sk=2 hf=96148 hm=87944 ht=283156 pf=0 pm=0 pt=0 ru=235400 rp=243604
18:40:23.175 @T t=417994 s=0.000 lv=-40.0 pk=-38.4 c0=3.1 c1=5.1 kw=4.94 inf=1.52 iv=0.00 n=0 d=0 sk=3 hf=96148 hm=87944 ht=283156 pf=0 pm=0 pt=0 ru=235400 rp=243604
18:40:23.175 @T t=418100 s=0.000 lv=-39.8 pk=-38.8 c0=6.5 c1=5.1 kw=4.92 inf=1.51 iv=0.00 n=0 d=0 sk=3 hf=96148 hm=87944 ht=283156 pf=0 pm=0 pt=0 ru=235400 rp=243604
18:40:23.175 @T t=418186 s=0.000 lv=-39.2 pk=-37.3 c0=3.8 c1=6.3 kw=6.15 inf=1.53 iv=0.00 n=0 d=0 sk=3 hf=96148 hm=87944 ht=283156 pf=0 pm=0 pt=0 ru=235400 rp=243604
18:40:23.175 @I ww=marvin cut=0.50 win=5 cool=1000 tick=100 wifi=1 srv=1 li=0 ln=0
18:40:25.758 @T t=418298 s=0.000 lv=-38.2 pk=-35.5 c0=11.3 c1=4.8 kw=4.67 inf=1.52 iv=0.00 n=0 d=0 sk=3 hf=96148 hm=87944 ht=283156 pf=0 pm=0 pt=0 ru=235400 rp=243604
18:40:25.758 @T t=418404 s=0.000 lv=-36.5 pk=-35.6 c0=3.1 c1=6.1 kw=5.94 inf=1.37 iv=0.00 n=0 d=0 sk=4 hf=96148 hm=87944 ht=283156 pf=0 pm=0 pt=0 ru=235400 rp=243604
18:40:25.759 @T t=418490 s=0.000 lv=-41.2 pk=-40.8 c0=3.7 c1=5.0 kw=4.86 inf=1.82 iv=0.00 n=0 d=0 sk=2 hf=96148 hm=87944 ht=283156 pf=0 pm=0 pt=0 ru=235400 rp=243604
18:40:25.759 @T t=418596 s=0.000 lv=-38.8 pk=-37.7 c0=6.3 c1=5.1 kw=4.92 inf=1.51 iv=0.00 n=0 d=0 sk=3 hf=96148 hm=87944 ht=283156 pf=0 pm=0 pt=0 ru=235400 rp=243604
18:40:25.759 @T t=418702 s=0.000 lv=-39.2 pk=-37.4 c0=3.0 c1=5.9 kw=5.91 inf=1.36 iv=0.00 n=0 d=0 sk=4 hf=96148 hm=87944 ht=283156 pf=0 pm=0 pt=0 ru=235400 rp=243604
18:40:25.759 @T t=418788 s=0.000 lv=-38.6 pk=-37.7 c0=10.1 c1=5.6 kw=4.89 inf=1.83 iv=0.00 n=0 d=0 sk=2 hf=94384 hm=87944 ht=283156 pf=0 pm=0 pt=0 ru=237164 rp=243604
18:40:25.759 @T t=418894 s=0.000 lv=-37.9 pk=-35.5 c0=6.1 c1=5.7 kw=5.18 inf=1.59 iv=0.00 n=0 d=0 sk=3 hf=96148 hm=87944 ht=283156 pf=0 pm=0 pt=0 ru=235400 rp=243604
18:40:25.759 @T t=419000 s=0.000 lv=-39.4 pk=-38.1 c0=3.4 c1=5.0 kw=4.94 inf=1.52 iv=0.00 n=0 d=0 sk=3 hf=96148 hm=87944 ht=283156 pf=0 pm=0 pt=0 ru=235400 rp=243604
18:40:25.759 @T t=419086 s=0.000 lv=-38.3 pk=-35.8 c0=9.2 c1=6.5 kw=6.24 inf=1.55 iv=0.00 n=0 d=0 sk=3 hf=95952 hm=87944 ht=283156 pf=0 pm=0 pt=0 ru=235596 rp=243604
18:40:25.759 @T t=419192 s=0.000 lv=-38.9 pk=-35.8 c0=4.2 c1=5.1 kw=5.00 inf=1.54 iv=0.00 n=0 d=0 sk=3 hf=96148 hm=87944 ht=283156 pf=0 pm=0 pt=0 ru=235400 rp=243604
18:40:25.759 @I ww=marvin cut=0.50 win=5 cool=1000 tick=100 wifi=1 srv=1 li=0 ln=0
18:40:25.759 @T t=419304 s=0.000 lv=-39.5 pk=-37.8 c0=11.8 c1=6.3 kw=5.74 inf=1.40 iv=0.00 n=0 d=0 sk=4 hf=96148 hm=87944 ht=283156 pf=0 pm=0 pt=0 ru=235400 rp=243604
18:40:25.759 @T t=419390 s=0.000 lv=-39.9 pk=-39.3 c0=4.8 c1=5.1 kw=4.97 inf=1.86 iv=0.00 n=0 d=0 sk=2 hf=96148 hm=87944 ht=283156 pf=0 pm=0 pt=0 ru=235400 rp=243604
18:40:25.759 @T t=419496 s=0.000 lv=-38.2 pk=-35.9 c0=3.2 c1=5.1 kw=4.99 inf=1.54 iv=0.00 n=0 d=0 sk=3 hf=96148 hm=87944 ht=283156 pf=0 pm=0 pt=0 ru=235400 rp=243604
18:40:25.759 @T t=419602 s=0.000 lv=-39.5 pk=-37.0 c0=6.7 c1=6.0 kw=5.94 inf=1.37 iv=0.00 n=0 d=0 sk=4 hf=96148 hm=87944 ht=283156 pf=0 pm=0 pt=0 ru=235400 rp=243604
18:40:25.759 @T t=419688 s=0.000 lv=-40.1 pk=-39.8 c0=4.3 c1=5.3 kw=4.97 inf=1.86 iv=0.00 n=0 d=0 sk=2 hf=96148 hm=87944 ht=283156 pf=0 pm=0 pt=0 ru=235400 rp=243604
18:40:25.760 @T t=419794 s=0.000 lv=-39.0 pk=-37.7 c0=3.5 c1=5.1 kw=4.99 inf=1.54 iv=0.00 n=0 d=0 sk=3 hf=96148 hm=87944 ht=283156 pf=0 pm=0 pt=0 ru=235400 rp=243604
18:40:25.760 @T t=419900 s=0.000 lv=-40.0 pk=-39.2 c0=4.2 c1=5.2 kw=5.05 inf=1.55 iv=0.00 n=0 d=0 sk=3 hf=96148 hm=87944 ht=283156 pf=0 pm=0 pt=0 ru=235400 rp=243604
18:40:25.760 @T t=419986 s=0.000 lv=-39.9 pk=-38.5 c0=8.4 c1=6.5 kw=6.28 inf=1.56 iv=0.00 n=0 d=0 sk=3 hf=96148 hm=87944 ht=283156 pf=0 pm=0 pt=0 ru=235400 rp=243604
18:40:25.760 @T t=420092 s=0.000 lv=-41.1 pk=-39.7 c0=3.6 c1=5.2 kw=5.00 inf=1.54 iv=0.00 n=0 d=0 sk=3 hf=96148 hm=87944 ht=283156 pf=0 pm=0 pt=0 ru=235400 rp=243604
18:40:25.760 @T t=420198 s=0.000 lv=-39.6 pk=-39.0 c0=3.6 c1=5.1 kw=5.00 inf=1.54 iv=0.00 n=0 d=0 sk=3 hf=96148 hm=87944 ht=283156 pf=0 pm=0 pt=0 ru=235400 rp=243604
18:40:25.760 @I ww=marvin cut=0.50 win=5 cool=1000 tick=100 wifi=1 srv=1 li=0 ln=0
18:40:25.760 @T t=420290 s=0.000 lv=-38.7 pk=-36.9 c0=4.9 c1=6.0 kw=5.78 inf=1.54 iv=0.00 n=0 d=0 sk=3 hf=96148 hm=87944 ht=283156 pf=0 pm=0 pt=0 ru=235400 rp=243604
18:40:25.760 @T t=420396 s=0.000 lv=-39.1 pk=-38.2 c0=3.3 c1=5.1 kw=4.98 inf=1.53 iv=0.00 n=0 d=0 sk=3 hf=96148 hm=87944 ht=283156 pf=0 pm=0 pt=0 ru=235400 rp=243604
18:40:25.760 @T t=420502 s=0.000 lv=-38.9 pk=-37.3 c0=6.6 c1=6.0 kw=5.95 inf=1.37 iv=0.00 n=0 d=0 sk=4 hf=96148 hm=87944 ht=283156 pf=0 pm=0 pt=0 ru=235400 rp=243604
18:40:25.760 @T t=420588 s=0.000 lv=-41.4 pk=-40.5 c0=4.4 c1=5.3 kw=4.94 inf=1.85 iv=0.00 n=0 d=0 sk=2 hf=96148 hm=87944 ht=283156 pf=0 pm=0 pt=0 ru=235400 rp=243604
18:40:25.760 @T t=420694 s=0.000 lv=-39.9 pk=-38.6 c0=3.5 c1=5.1 kw=5.01 inf=1.54 iv=0.00 n=0 d=0 sk=3 hf=96148 hm=87944 ht=283156 pf=0 pm=0 pt=0 ru=235400 rp=243604
18:40:25.760 @T t=420800 s=0.000 lv=-40.3 pk=-38.8 c0=3.5 c1=5.1 kw=4.99 inf=1.53 iv=0.00 n=0 d=0 sk=3 hf=96148 hm=87944 ht=283156 pf=0 pm=0 pt=0 ru=235400 rp=243604
18:40:28.081 @T t=420886 s=0.000 lv=-38.3 pk=-36.8 c0=13.3 c1=7.2 kw=6.50 inf=1.61 iv=0.00 n=0 d=0 sk=3 hf=96148 hm=87944 ht=283156 pf=0 pm=0 pt=0 ru=235400 rp=243604
18:40:28.082 @T t=420992 s=0.000 lv=-38.1 pk=-37.1 c0=6.0 c1=5.0 kw=4.94 inf=1.52 iv=0.00 n=0 d=0 sk=3 hf=96148 hm=87944 ht=283156 pf=0 pm=0 pt=0 ru=235400 rp=243604
18:40:28.082 @T t=421098 s=0.000 lv=-39.0 pk=-37.2 c0=7.6 c1=5.2 kw=4.98 inf=1.53 iv=0.00 n=0 d=0 sk=3 hf=96148 hm=87944 ht=283156 pf=0 pm=0 pt=0 ru=235400 rp=243604
18:40:28.082 @T t=421204 s=0.000 lv=-40.1 pk=-37.6 c0=3.4 c1=6.1 kw=5.98 inf=1.38 iv=0.00 n=0 d=0 sk=4 hf=96148 hm=87944 ht=283156 pf=0 pm=0 pt=0 ru=235400 rp=243604
18:40:28.082 @I ww=marvin cut=0.50 win=5 cool=1000 tick=100 wifi=1 srv=1 li=0 ln=0
18:40:28.083 @T t=421296 s=0.000 lv=-39.2 pk=-38.4 c0=13.7 c1=4.7 kw=4.57 inf=1.83 iv=0.00 n=0 d=0 sk=2 hf=96148 hm=87944 ht=283156 pf=0 pm=0 pt=0 ru=235400 rp=243604
18:40:28.083 @T t=421402 s=0.000 lv=-39.1 pk=-37.9 c0=3.6 c1=6.0 kw=6.00 inf=1.39 iv=0.00 n=0 d=0 sk=4 hf=96148 hm=87944 ht=283156 pf=0 pm=0 pt=0 ru=235400 rp=243604
18:40:28.083 @T t=421488 s=0.000 lv=-39.7 pk=-38.3 c0=4.0 c1=5.3 kw=4.97 inf=1.86 iv=0.00 n=0 d=0 sk=2 hf=96148 hm=87944 ht=283156 pf=0 pm=0 pt=0 ru=235400 rp=243604
18:40:28.083 [status] up 421s | mic -39.3 dBFS (peak -35.5) | score max 0.00 | detections 0 | inferences 0 (0.0/s; model 0.00 ms each, paused in quiet 100%; features 1.53 ms per 30 ms) | CPU core0  5.7% core1  5.5% (wake word pipeline 5.28% of one core) | RAM used 229 KB (peak 237 KB, 93 KB free) | wifi OK, server OK | audio lost since boot: i2s 0 net 0
18:40:28.084 @T t=421602 s=0.000 lv=-39.3 pk=-38.3 c0=30.5 c1=5.6 kw=5.57 inf=1.38 iv=0.00 n=0 d=0 sk=4 hf=96148 hm=87944 ht=283156 pf=0 pm=0 pt=0 ru=235400 rp=243604
18:40:28.085 @T t=421688 s=0.000 lv=-37.8 pk=-36.7 c0=3.7 c1=5.2 kw=4.93 inf=1.85 iv=0.00 n=0 d=0 sk=2 hf=96148 hm=87944 ht=283156 pf=0 pm=0 pt=0 ru=235400 rp=243604
18:40:28.085 @T t=421794 s=0.000 lv=-39.7 pk=-37.6 c0=3.0 c1=5.0 kw=4.89 inf=1.51 iv=0.00 n=0 d=0 sk=3 hf=96148 hm=87944 ht=283156 pf=0 pm=0 pt=0 ru=235400 rp=243604
18:40:28.085 @T t=421900 s=0.000 lv=-39.2 pk=-38.2 c0=4.0 c1=5.2 kw=5.04 inf=1.55 iv=0.00 n=0 d=0 sk=3 hf=96148 hm=87944 ht=283156 pf=0 pm=0 pt=0 ru=235400 rp=243604
18:40:28.086 @T t=421986 s=0.000 lv=-39.2 pk=-37.5 c0=4.5 c1=6.5 kw=6.29 inf=1.57 iv=0.00 n=0 d=0 sk=3 hf=96148 hm=87944 ht=283156 pf=0 pm=0 pt=0 ru=235400 rp=243604
18:40:28.087 @T t=422092 s=0.000 lv=-38.2 pk=-36.7 c0=3.6 c1=5.1 kw=4.98 inf=1.54 iv=0.00 n=0 d=0 sk=3 hf=96148 hm=87944 ht=283156 pf=0 pm=0 pt=0 ru=235400 rp=243604
18:40:28.087 @T t=422198 s=0.000 lv=-38.9 pk=-36.4 c0=3.5 c1=5.1 kw=5.00 inf=1.54 iv=0.00 n=0 d=0 sk=3 hf=96148 hm=87944 ht=283156 pf=0 pm=0 pt=0 ru=235400 rp=243604
18:40:28.087 @I ww=marvin cut=0.50 win=5 cool=1000 tick=100 wifi=1 srv=1 li=0 ln=0
18:40:28.087 @T t=422290 s=0.000 lv=-38.5 pk=-36.3 c0=5.0 c1=6.0 kw=5.78 inf=1.54 iv=0.00 n=0 d=0 sk=3 hf=96148 hm=87944 ht=283156 pf=0 pm=0 pt=0 ru=235400 rp=243604
18:40:28.087 @T t=422396 s=0.000 lv=-40.1 pk=-38.1 c0=3.6 c1=5.1 kw=4.96 inf=1.53 iv=0.00 n=0 d=0 sk=3 hf=96148 hm=87944 ht=283156 pf=0 pm=0 pt=0 ru=235400 rp=243604
18:40:28.087 @T t=422502 s=0.000 lv=-38.9 pk=-36.6 c0=3.2 c1=6.0 kw=5.96 inf=1.38 iv=0.00 n=0 d=0 sk=4 hf=96148 hm=87944 ht=283156 pf=0 pm=0 pt=0 ru=235400 rp=243604
18:40:28.087 @T t=422588 s=0.000 lv=-40.1 pk=-38.4 c0=8.2 c1=5.2 kw=4.90 inf=1.83 iv=0.00 n=0 d=0 sk=2 hf=96148 hm=87944 ht=283156 pf=0 pm=0 pt=0 ru=235400 rp=243604
18:40:28.087 @T t=422694 s=0.000 lv=-40.8 pk=-39.8 c0=3.2 c1=5.1 kw=4.95 inf=1.52 iv=0.00 n=0 d=0 sk=3 hf=96148 hm=87944 ht=283156 pf=0 pm=0 pt=0 ru=235400 rp=243604
18:40:28.088 @T t=422800 s=0.000 lv=-39.4 pk=-38.3 c0=6.3 c1=5.1 kw=4.92 inf=1.51 iv=0.00 n=0 d=0 sk=3 hf=96148 hm=87944 ht=283156 pf=0 pm=0 pt=0 ru=235400 rp=243604
18:40:28.088 @T t=422886 s=0.000 lv=-38.5 pk=-36.7 c0=10.2 c1=6.5 kw=6.27 inf=1.56 iv=0.00 n=0 d=0 sk=3 hf=94384 hm=87944 ht=283156 pf=0 pm=0 pt=0 ru=237164 rp=243604
18:40:28.088 @T t=422992 s=0.000 lv=-39.8 pk=-38.5 c0=5.4 c1=5.6 kw=5.09 inf=1.57 iv=0.00 n=0 d=0 sk=3 hf=96148 hm=87944 ht=283156 pf=0 pm=0 pt=0 ru=235400 rp=243604
18:40:28.088 @T t=423098 s=0.000 lv=-39.8 pk=-39.0 c0=4.2 c1=5.2 kw=5.04 inf=1.55 iv=0.00 n=0 d=0 sk=3 hf=95952 hm=87944 ht=283156 pf=0 pm=0 pt=0 ru=235596 rp=243604
18:40:28.088 @T t=423204 s=0.000 lv=-39.8 pk=-38.1 c0=3.8 c1=6.1 kw=5.93 inf=1.37 iv=0.00 n=0 d=0 sk=4 hf=96148 hm=87944 ht=283156 pf=0 pm=0 pt=0 ru=235400 rp=243604
18:40:30.667 @I ww=marvin cut=0.50 win=5 cool=1000 tick=100 wifi=1 srv=1 li=0 ln=0
18:40:30.668 @T t=423296 s=0.000 lv=-39.9 pk=-39.1 c0=13.9 c1=4.8 kw=4.65 inf=1.86 iv=0.00 n=0 d=0 sk=2 hf=96148 hm=87944 ht=283156 pf=0 pm=0 pt=0 ru=235400 rp=243604
18:40:30.668 @T t=423402 s=0.000 lv=-39.6 pk=-38.5 c0=3.7 c1=6.0 kw=5.98 inf=1.38 iv=0.00 n=0 d=0 sk=4 hf=96148 hm=87944 ht=283156 pf=0 pm=0 pt=0 ru=235400 rp=243604
18:40:30.668 @T t=423488 s=0.000 lv=-40.1 pk=-38.3 c0=4.0 c1=5.2 kw=4.91 inf=1.84 iv=0.00 n=0 d=0 sk=2 hf=96148 hm=87944 ht=283156 pf=0 pm=0 pt=0 ru=235400 rp=243604
18:40:30.668 @T t=423594 s=0.000 lv=-39.4 pk=-38.0 c0=3.4 c1=5.1 kw=4.96 inf=1.53 iv=0.00 n=0 d=0 sk=3 hf=96148 hm=87944 ht=283156 pf=0 pm=0 pt=0 ru=235400 rp=243604
18:40:30.668 @T t=423700 s=0.000 lv=-40.4 pk=-39.0 c0=3.2 c1=5.1 kw=4.94 inf=1.52 iv=0.00 n=0 d=0 sk=3 hf=96148 hm=87944 ht=283156 pf=0 pm=0 pt=0 ru=235400 rp=243604
18:40:30.668 @T t=423786 s=0.000 lv=-40.4 pk=-39.7 c0=7.7 c1=6.3 kw=6.13 inf=1.53 iv=0.00 n=0 d=0 sk=3 hf=96148 hm=87944 ht=283156 pf=0 pm=0 pt=0 ru=235400 rp=243604
18:40:30.668 @T t=423892 s=0.000 lv=-40.4 pk=-38.7 c0=6.5 c1=5.1 kw=4.91 inf=1.51 iv=0.00 n=0 d=0 sk=3 hf=96148 hm=87944 ht=283156 pf=0 pm=0 pt=0 ru=235400 rp=243604
18:40:30.668 @T t=423998 s=0.000 lv=-39.9 pk=-37.8 c0=3.6 c1=5.1 kw=4.94 inf=1.52 iv=0.00 n=0 d=0 sk=3 hf=96148 hm=87944 ht=283156 pf=0 pm=0 pt=0 ru=235400 rp=243604
18:40:30.669 @T t=424104 s=0.000 lv=-33.6 pk=-27.8 c0=3.4 c1=18.3 kw=18.07 inf=1.41 iv=0.97 n=13 d=0 sk=0 hf=96148 hm=87944 ht=283156 pf=0 pm=0 pt=0 ru=235400 rp=243604
18:40:30.669 @T t=424190 s=0.000 lv=-38.2 pk=-36.2 c0=4.2 c1=8.1 kw=7.91 inf=3.12 iv=1.20 n=2 d=0 sk=0 hf=96148 hm=87944 ht=283156 pf=0 pm=0 pt=0 ru=235400 rp=243604
18:40:30.669 @I ww=marvin cut=0.50 win=5 cool=1000 tick=100 wifi=1 srv=1 li=0 ln=0
18:40:30.669 @T t=424302 s=0.000 lv=-37.9 pk=-36.4 c0=4.3 c1=10.2 kw=10.11 inf=2.62 iv=1.17 n=4 d=0 sk=0 hf=96148 hm=87944 ht=283156 pf=0 pm=0 pt=0 ru=235400 rp=243604
18:40:30.669 @T t=424388 s=0.000 lv=-41.5 pk=-40.2 c0=4.8 c1=10.1 kw=9.63 inf=2.57 iv=1.24 n=3 d=0 sk=0 hf=96148 hm=87944 ht=283156 pf=0 pm=0 pt=0 ru=235400 rp=243604
18:40:30.669 @T t=424494 s=0.000 lv=-40.7 pk=-39.7 c0=3.4 c1=8.5 kw=8.35 inf=2.72 iv=1.13 n=3 d=0 sk=0 hf=96148 hm=87944 ht=283156 pf=0 pm=0 pt=0 ru=235400 rp=243604
18:40:30.669 @T t=424600 s=0.000 lv=-38.8 pk=-36.5 c0=3.5 c1=9.6 kw=9.38 inf=2.31 iv=1.11 n=4 d=0 sk=0 hf=96148 hm=87944 ht=283156 pf=0 pm=0 pt=0 ru=235400 rp=243604
18:40:30.669 @T t=424686 s=0.000 lv=-37.6 pk=-35.0 c0=4.7 c1=11.1 kw=10.85 inf=2.86 iv=1.21 n=3 d=0 sk=0 hf=96148 hm=87944 ht=283156 pf=0 pm=0 pt=0 ru=235400 rp=243604
18:40:30.669 @T t=424792 s=0.000 lv=-37.9 pk=-36.1 c0=3.8 c1=8.5 kw=8.34 inf=2.71 iv=1.11 n=3 d=0 sk=0 hf=96148 hm=87944 ht=283156 pf=0 pm=0 pt=0 ru=235400 rp=243604
18:40:30.669 @T t=424898 s=0.000 lv=-38.4 pk=-35.9 c0=4.0 c1=9.9 kw=9.74 inf=2.40 iv=1.19 n=4 d=0 sk=0 hf=96148 hm=87944 ht=283156 pf=0 pm=0 pt=0 ru=235400 rp=243604
18:40:30.669 @T t=425004 s=0.000 lv=-38.9 pk=-37.1 c0=6.1 c1=11.6 kw=11.35 inf=2.79 iv=1.31 n=4 d=0 sk=0 hf=94588 hm=87944 ht=283156 pf=0 pm=0 pt=0 ru=236960 rp=243604
18:40:30.669 @T t=425090 s=0.000 lv=-37.3 pk=-35.7 c0=5.0 c1=8.4 kw=8.17 inf=3.22 iv=1.26 n=2 d=0 sk=0 hf=94588 hm=87944 ht=283156 pf=0 pm=0 pt=0 ru=236960 rp=243604
18:40:30.669 @T t=425196 s=0.000 lv=-39.1 pk=-37.9 c0=3.4 c1=9.8 kw=9.64 inf=2.38 iv=1.17 n=4 d=0 sk=0 hf=94588 hm=87944 ht=283156 pf=0 pm=0 pt=0 ru=236960 rp=243604
18:40:30.670 @I ww=marvin cut=0.50 win=5 cool=1000 tick=100 wifi=1 srv=1 li=0 ln=0
18:40:30.670 @T t=425288 s=0.000 lv=-39.4 pk=-38.1 c0=5.3 c1=10.2 kw=10.01 inf=2.84 iv=1.20 n=3 d=0 sk=0 hf=94588 hm=87944 ht=283156 pf=0 pm=0 pt=0 ru=236960 rp=243604
18:40:30.670 @T t=425394 s=0.000 lv=-38.2 pk=-35.7 c0=3.9 c1=8.7 kw=8.52 inf=2.78 iv=1.17 n=3 d=0 sk=0 hf=94588 hm=87944 ht=283156 pf=0 pm=0 pt=0 ru=236960 rp=243604
18:40:30.670 @T t=425500 s=0.000 lv=-39.2 pk=-37.0 c0=3.4 c1=9.5 kw=9.37 inf=2.31 iv=1.11 n=4 d=0 sk=0 hf=94588 hm=87944 ht=283156 pf=0 pm=0 pt=0 ru=236960 rp=243604
18:40:30.670 @T t=425589 s=0.000 lv=-37.7 pk=-35.6 c0=10.8 c1=10.3 kw=10.06 inf=2.74 iv=1.12 n=3 d=0 sk=0 hf=94588 hm=87944 ht=283156 pf=0 pm=0 pt=0 ru=236960 rp=243604
18:40:30.670 @T t=425695 s=0.000 lv=-37.8 pk=-35.8 c0=3.4 c1=8.4 kw=8.28 inf=2.69 iv=1.12 n=3 d=0 sk=0 hf=94588 hm=87944 ht=283156 pf=0 pm=0 pt=0 ru=236960 rp=243604
18:40:33.156 @T t=425801 s=0.000 lv=-37.4 pk=-35.5 c0=3.4 c1=9.4 kw=9.40 inf=2.28 iv=1.09 n=4 d=0 sk=0 hf=94588 hm=87944 ht=283156 pf=0 pm=0 pt=0 ru=236960 rp=243604
18:40:33.157 @T t=425887 s=0.000 lv=-36.6 pk=-33.9 c0=4.3 c1=11.0 kw=10.52 inf=2.83 iv=1.15 n=3 d=0 sk=0 hf=94588 hm=87944 ht=283156 pf=0 pm=0 pt=0 ru=236960 rp=243604
18:40:33.157 @T t=425993 s=0.000 lv=-39.3 pk=-38.4 c0=4.0 c1=8.6 kw=8.46 inf=2.75 iv=1.16 n=3 d=0 sk=0 hf=94588 hm=87944 ht=283156 pf=0 pm=0 pt=0 ru=236960 rp=243604
18:40:33.157 @T t=426099 s=0.000 lv=-39.1 pk=-38.5 c0=3.6 c1=9.5 kw=9.35 inf=2.30 iv=1.11 n=4 d=0 sk=0 hf=94588 hm=87944 ht=283156 pf=0 pm=0 pt=0 ru=236960 rp=243604
18:40:33.157 @T t=426205 s=0.000 lv=-38.6 pk=-36.6 c0=3.5 c1=10.5 kw=10.30 inf=2.52 iv=1.09 n=4 d=0 sk=0 hf=94588 hm=87944 ht=283156 pf=0 pm=0 pt=0 ru=236960 rp=243604
18:40:33.157 @I ww=marvin cut=0.50 win=5 cool=1000 tick=100 wifi=1 srv=1 li=0 ln=0
18:40:33.157 @T t=426297 s=0.000 lv=-37.6 pk=-37.2 c0=4.7 c1=7.5 kw=7.32 inf=3.09 iv=1.18 n=2 d=0 sk=0 hf=94588 hm=87944 ht=283156 pf=0 pm=0 pt=0 ru=236960 rp=243604
18:40:33.157 @T t=426403 s=0.000 lv=-39.1 pk=-37.5 c0=4.2 c1=11.1 kw=10.82 inf=2.65 iv=1.20 n=4 d=0 sk=0 hf=94588 hm=87944 ht=283156 pf=0 pm=0 pt=0 ru=236960 rp=243604
18:40:33.157 @T t=426489 s=0.000 lv=-40.6 pk=-39.8 c0=4.1 c1=9.4 kw=9.28 inf=2.47 iv=1.18 n=3 d=0 sk=0 hf=94588 hm=87944 ht=283156 pf=0 pm=0 pt=0 ru=236960 rp=243604
18:40:33.157 @T t=426595 s=0.000 lv=-39.5 pk=-38.3 c0=6.1 c1=9.8 kw=9.55 inf=2.98 iv=1.32 n=3 d=0 sk=0 hf=95952 hm=87944 ht=283156 pf=0 pm=0 pt=0 ru=235596 rp=243604
18:40:33.157 @T t=426702 s=0.000 lv=-39.4 pk=-38.7 c0=3.9 c1=10.8 kw=10.77 inf=2.67 iv=1.22 n=4 d=0 sk=0 hf=96148 hm=87944 ht=283156 pf=0 pm=0 pt=0 ru=235400 rp=243604
18:40:33.157 @T t=426788 s=0.000 lv=-38.4 pk=-37.2 c0=4.2 c1=9.7 kw=9.27 inf=2.47 iv=1.18 n=3 d=0 sk=0 hf=96148 hm=87944 ht=283156 pf=0 pm=0 pt=0 ru=235400 rp=243604
18:40:33.157 @T t=426894 s=0.000 lv=-39.2 pk=-38.1 c0=3.6 c1=8.7 kw=8.50 inf=2.77 iv=1.16 n=3 d=0 sk=0 hf=96148 hm=87944 ht=283156 pf=0 pm=0 pt=0 ru=235400 rp=243604
18:40:33.157 @T t=427000 s=0.000 lv=-39.0 pk=-38.3 c0=3.4 c1=9.7 kw=9.53 inf=2.35 iv=1.15 n=4 d=0 sk=0 hf=96148 hm=87944 ht=283156 pf=0 pm=0 pt=0 ru=235400 rp=243604
18:40:33.158 @T t=427086 s=0.000 lv=-40.0 pk=-39.2 c0=4.4 c1=10.9 kw=10.64 inf=2.81 iv=1.17 n=3 d=0 sk=0 hf=96148 hm=87944 ht=283156 pf=0 pm=0 pt=0 ru=235400 rp=243604
18:40:33.158 @T t=427192 s=0.000 lv=-40.4 pk=-39.6 c0=3.4 c1=8.6 kw=8.46 inf=2.76 iv=1.17 n=3 d=0 sk=0 hf=96148 hm=87944 ht=283156 pf=0 pm=0 pt=0 ru=235400 rp=243604
18:40:33.158 @I ww=marvin cut=0.50 win=5 cool=1000 tick=100 wifi=1 srv=1 li=0 ln=0
18:40:33.158 @T t=427304 s=0.000 lv=-40.2 pk=-39.6 c0=4.0 c1=10.0 kw=9.81 inf=2.54 iv=1.10 n=4 d=0 sk=0 hf=96148 hm=87944 ht=283156 pf=0 pm=0 pt=0 ru=235400 rp=243604
18:40:33.158 @T t=427390 s=0.000 lv=-39.7 pk=-38.0 c0=4.3 c1=9.3 kw=9.15 inf=2.44 iv=1.15 n=3 d=0 sk=0 hf=96148 hm=87944 ht=283156 pf=0 pm=0 pt=0 ru=235400 rp=243604
18:40:33.158 @T t=427496 s=0.000 lv=-38.4 pk=-37.7 c0=3.4 c1=6.5 kw=6.38 inf=2.02 iv=1.38 n=1 d=0 sk=2 hf=96148 hm=87944 ht=283156 pf=0 pm=0 pt=0 ru=235400 rp=243604
18:40:33.158 @T t=427602 s=0.000 lv=-39.6 pk=-38.8 c0=7.4 c1=6.5 kw=6.12 inf=1.41 iv=0.00 n=0 d=0 sk=4 hf=95952 hm=87944 ht=283156 pf=0 pm=0 pt=0 ru=235596 rp=243604
18:40:33.158 @T t=427688 s=0.000 lv=-39.1 pk=-38.5 c0=5.2 c1=5.3 kw=4.99 inf=1.87 iv=0.00 n=0 d=0 sk=2 hf=96148 hm=87944 ht=283156 pf=0 pm=0 pt=0 ru=235400 rp=243604
18:40:33.158 @T t=427794 s=0.000 lv=-40.3 pk=-38.5 c0=3.2 c1=5.1 kw=4.96 inf=1.53 iv=0.00 n=0 d=0 sk=3 hf=96148 hm=87944 ht=283156 pf=0 pm=0 pt=0 ru=235400 rp=243604
18:40:33.158 @T t=427900 s=0.000 lv=-39.9 pk=-38.6 c0=3.2 c1=5.1 kw=4.94 inf=1.52 iv=0.00 n=0 d=0 sk=3 hf=96148 hm=87944 ht=283156 pf=0 pm=0 pt=0 ru=235400 rp=243604
18:40:33.158 @T t=427986 s=0.000 lv=-39.4 pk=-38.3 c0=7.8 c1=6.3 kw=6.14 inf=1.53 iv=0.00 n=0 d=0 sk=3 hf=96148 hm=87944 ht=283156 pf=0 pm=0 pt=0 ru=235400 rp=243604
18:40:33.158 @T t=428092 s=0.000 lv=-40.0 pk=-39.6 c0=3.2 c1=5.1 kw=4.96 inf=1.53 iv=0.00 n=0 d=0 sk=3 hf=96148 hm=87944 ht=283156 pf=0 pm=0 pt=0 ru=235400 rp=243604
18:40:33.158 @T t=428198 s=0.000 lv=-38.3 pk=-36.0 c0=3.1 c1=5.1 kw=4.95 inf=1.53 iv=0.00 n=0 d=0 sk=3 hf=96148 hm=87944 ht=283156 pf=0 pm=0 pt=0 ru=235400 rp=243604
18:40:33.158 @I ww=marvin cut=0.50 win=5 cool=1000 tick=100 wifi=1 srv=1 li=0 ln=0
18:40:35.668 @T t=428290 s=0.000 lv=-39.2 pk=-37.5 c0=13.3 c1=5.9 kw=5.73 inf=1.53 iv=0.00 n=0 d=0 sk=3 hf=96148 hm=87944 ht=283156 pf=0 pm=0 pt=0 ru=235400 rp=243604
18:40:35.668 @T t=428396 s=0.000 lv=-39.3 pk=-38.5 c0=6.4 c1=5.1 kw=4.95 inf=1.52 iv=0.00 n=0 d=0 sk=3 hf=96148 hm=87944 ht=283156 pf=0 pm=0 pt=0 ru=235400 rp=243604
18:40:35.668 @T t=428502 s=0.000 lv=-39.7 pk=-38.2 c0=3.1 c1=5.9 kw=5.92 inf=1.37 iv=0.00 n=0 d=0 sk=4 hf=96148 hm=87944 ht=283156 pf=0 pm=0 pt=0 ru=235400 rp=243604
18:40:35.668 @T t=428588 s=0.000 lv=-38.8 pk=-37.7 c0=4.4 c1=5.2 kw=4.91 inf=1.84 iv=0.00 n=0 d=0 sk=2 hf=96148 hm=87944 ht=283156 pf=0 pm=0 pt=0 ru=235400 rp=243604
18:40:35.668 @T t=428694 s=0.000 lv=-40.1 pk=-39.3 c0=3.2 c1=5.1 kw=4.94 inf=1.52 iv=0.00 n=0 d=0 sk=3 hf=96148 hm=87944 ht=283156 pf=0 pm=0 pt=0 ru=235400 rp=243604
18:40:35.668 @T t=428800 s=0.000 lv=-41.2 pk=-39.8 c0=6.6 c1=5.1 kw=4.94 inf=1.52 iv=0.00 n=0 d=0 sk=3 hf=96148 hm=87944 ht=283156 pf=0 pm=0 pt=0 ru=235400 rp=243604
18:40:35.668 @T t=428886 s=0.000 lv=-39.3 pk=-37.2 c0=7.5 c1=6.4 kw=6.22 inf=1.55 iv=0.00 n=0 d=0 sk=3 hf=96148 hm=87944 ht=283156 pf=0 pm=0 pt=0 ru=235400 rp=243604
18:40:35.668 @T t=428992 s=0.000 lv=-38.6 pk=-37.8 c0=3.1 c1=5.1 kw=4.96 inf=1.53 iv=0.00 n=0 d=0 sk=3 hf=96148 hm=87944 ht=283156 pf=0 pm=0 pt=0 ru=235400 rp=243604
18:40:35.668 @T t=429098 s=0.000 lv=-39.3 pk=-37.5 c0=6.4 c1=5.1 kw=4.94 inf=1.52 iv=0.00 n=0 d=0 sk=3 hf=96148 hm=87944 ht=283156 pf=0 pm=0 pt=0 ru=235400 rp=243604
18:40:35.669 @T t=429204 s=0.000 lv=-39.0 pk=-36.8 c0=6.4 c1=6.1 kw=5.93 inf=1.37 iv=0.00 n=0 d=0 sk=4 hf=96148 hm=87944 ht=283156 pf=0 pm=0 pt=0 ru=235400 rp=243604
18:40:35.669 @I ww=marvin cut=0.50 win=5 cool=1000 tick=100 wifi=1 srv=1 li=0 ln=0
18:40:35.669 @T t=429296 s=0.000 lv=-37.2 pk=-36.4 c0=13.3 c1=4.7 kw=4.58 inf=1.84 iv=0.00 n=0 d=0 sk=2 hf=96148 hm=87944 ht=283156 pf=0 pm=0 pt=0 ru=235400 rp=243604
18:40:35.669 @T t=429402 s=0.000 lv=-39.2 pk=-38.3 c0=3.2 c1=5.9 kw=5.91 inf=1.37 iv=0.00 n=0 d=0 sk=4 hf=96148 hm=87944 ht=283156 pf=0 pm=0 pt=0 ru=235400 rp=243604
18:40:35.669 @T t=429488 s=0.000 lv=-40.2 pk=-39.4 c0=3.7 c1=5.2 kw=4.88 inf=1.83 iv=0.00 n=0 d=0 sk=2 hf=96148 hm=87944 ht=283156 pf=0 pm=0 pt=0 ru=235400 rp=243604
18:40:35.669 @T t=429594 s=0.000 lv=-38.6 pk=-37.3 c0=5.2 c1=5.3 kw=5.05 inf=1.55 iv=0.00 n=0 d=0 sk=3 hf=94364 hm=87944 ht=283156 pf=0 pm=0 pt=0 ru=237184 rp=243604
18:40:35.670 @T t=429702 s=0.000 lv=-38.3 pk=-37.5 c0=5.0 c1=6.4 kw=5.92 inf=1.39 iv=0.00 n=0 d=0 sk=4 hf=96148 hm=87944 ht=283156 pf=0 pm=0 pt=0 ru=235400 rp=243604
18:40:35.670 @T t=429788 s=0.000 lv=-39.1 pk=-38.2 c0=3.8 c1=5.1 kw=4.88 inf=1.83 iv=0.00 n=0 d=0 sk=2 hf=96148 hm=87944 ht=283156 pf=0 pm=0 pt=0 ru=235400 rp=243604
18:40:35.670 @T t=429894 s=0.000 lv=-39.5 pk=-36.4 c0=4.4 c1=5.1 kw=4.92 inf=1.51 iv=0.00 n=0 d=0 sk=3 hf=96148 hm=87944 ht=283156 pf=0 pm=0 pt=0 ru=235400 rp=243604
18:40:35.670 @T t=430000 s=0.000 lv=-38.8 pk=-37.1 c0=3.4 c1=5.2 kw=5.04 inf=1.55 iv=0.00 n=0 d=0 sk=3 hf=96148 hm=87944 ht=283156 pf=0 pm=0 pt=0 ru=235400 rp=243604
18:40:35.670 @T t=430086 s=0.000 lv=-39.4 pk=-37.8 c0=7.8 c1=6.3 kw=6.12 inf=1.53 iv=0.00 n=0 d=0 sk=3 hf=96148 hm=87944 ht=283156 pf=0 pm=0 pt=0 ru=235400 rp=243604
18:40:35.670 @T t=430192 s=0.000 lv=-39.8 pk=-38.3 c0=3.1 c1=5.1 kw=4.94 inf=1.52 iv=0.00 n=0 d=0 sk=3 hf=96148 hm=87944 ht=283156 pf=0 pm=0 pt=0 ru=235400 rp=243604
18:40:35.670 @I ww=marvin cut=0.50 win=5 cool=1000 tick=100 wifi=1 srv=1 li=0 ln=0
18:40:35.670 @T t=430304 s=0.000 lv=-38.4 pk=-36.1 c0=11.0 c1=5.7 kw=5.58 inf=1.36 iv=0.00 n=0 d=0 sk=4 hf=96148 hm=87944 ht=283156 pf=0 pm=0 pt=0 ru=235400 rp=243604
18:40:35.670 @T t=430390 s=0.000 lv=-38.6 pk=-36.7 c0=7.8 c1=5.0 kw=4.86 inf=1.82 iv=0.00 n=0 d=0 sk=2 hf=96148 hm=87944 ht=283156 pf=0 pm=0 pt=0 ru=235400 rp=243604
18:40:35.670 @T t=430496 s=0.000 lv=-39.0 pk=-38.6 c0=6.3 c1=5.1 kw=4.94 inf=1.52 iv=0.00 n=0 d=0 sk=3 hf=96148 hm=87944 ht=283156 pf=0 pm=0 pt=0 ru=235400 rp=243604
18:40:35.670 @T t=430602 s=0.000 lv=-39.8 pk=-39.3 c0=6.8 c1=5.9 kw=5.90 inf=1.36 iv=0.00 n=0 d=0 sk=4 hf=96148 hm=87944 ht=283156 pf=0 pm=0 pt=0 ru=235400 rp=243604
18:40:35.671 @T t=430688 s=0.000 lv=-40.4 pk=-39.4 c0=3.8 c1=5.2 kw=4.93 inf=1.85 iv=0.00 n=0 d=0 sk=2 hf=96148 hm=87944 ht=283156 pf=0 pm=0 pt=0 ru=235400 rp=243604
18:40:37.864 @T t=430794 s=0.000 lv=-39.5 pk=-37.7 c0=3.0 c1=5.1 kw=4.91 inf=1.51 iv=0.00 n=0 d=0 sk=3 hf=96148 hm=87944 ht=283156 pf=0 pm=0 pt=0 ru=235400 rp=243604
18:40:37.864 @T t=430900 s=0.000 lv=-38.9 pk=-37.8 c0=6.5 c1=5.0 kw=4.91 inf=1.51 iv=0.00 n=0 d=0 sk=3 hf=96148 hm=87944 ht=283156 pf=0 pm=0 pt=0 ru=235400 rp=243604
18:40:37.864 @T t=431005 s=0.000 lv=-40.2 pk=-39.1 c0=3.1 c1=6.2 kw=6.01 inf=1.37 iv=0.00 n=0 d=0 sk=4 hf=96148 hm=87944 ht=283156 pf=0 pm=0 pt=0 ru=235400 rp=243604
18:40:37.865 @T t=431091 s=0.000 lv=-40.3 pk=-39.1 c0=8.3 c1=5.1 kw=4.90 inf=1.84 iv=0.00 n=0 d=0 sk=2 hf=96148 hm=87944 ht=283156 pf=0 pm=0 pt=0 ru=235400 rp=243604
18:40:37.865 @T t=431197 s=0.000 lv=-40.1 pk=-39.3 c0=3.3 c1=5.1 kw=4.98 inf=1.53 iv=0.00 n=0 d=0 sk=3 hf=96148 hm=87944 ht=283156 pf=0 pm=0 pt=0 ru=235400 rp=243604
18:40:37.865 @I ww=marvin cut=0.50 win=5 cool=1000 tick=100 wifi=1 srv=1 li=0 ln=0
18:40:37.865 @T t=431289 s=0.000 lv=-39.6 pk=-38.5 c0=13.4 c1=5.9 kw=5.72 inf=1.53 iv=0.00 n=0 d=0 sk=3 hf=96148 hm=87944 ht=283156 pf=0 pm=0 pt=0 ru=235400 rp=243604
18:40:37.865 @T t=431395 s=0.000 lv=-40.3 pk=-39.6 c0=3.1 c1=5.1 kw=4.93 inf=1.52 iv=0.00 n=0 d=0 sk=3 hf=96148 hm=87944 ht=283156 pf=0 pm=0 pt=0 ru=235400 rp=243604
18:40:37.865 @T t=431501 s=0.000 lv=-38.6 pk=-37.7 c0=6.4 c1=5.0 kw=5.08 inf=1.53 iv=0.00 n=0 d=0 sk=3 hf=96148 hm=87944 ht=283156 pf=0 pm=0 pt=0 ru=235400 rp=243604
18:40:37.865 [status] up 431s | mic -39.0 dBFS (peak -27.8) | score max 0.00 | detections 0 | inferences 123 (12.3/s; model 1.15 ms each, paused in quiet 62%; features 1.46 ms per 30 ms) | CPU core0  5.3% core1  7.0% (wake word pipeline 6.77% of one core) | RAM used 229 KB (peak 237 KB, 93 KB free) | wifi OK, server OK | audio lost since boot: i2s 0 net 0
18:40:37.865 [tasks] % of one core (free stack): main@0=4.84(1936) IDLE1@1=93.89(720) IDLE0@0=94.68(728) audio_kws@1=6.08(1344) tiT@*=0.10(1956) websocket_task@*=0.15(1468) sys_evt@0=0.00(444) ipc0@0=0.00(528) Tmr Svc@*=0.00(1368) ipc1@1=0.00(536) wifi@0=0.25(3208) esp_timer@0=0.01(3136) streamer@0=0.00(2944)
18:40:37.865 @T t=431603 s=0.000 lv=-38.2 pk=-35.5 c0=62.8 c1=6.9 kw=6.40 inf=1.45 iv=0.00 n=0 d=0 sk=4 hf=94384 hm=87944 ht=283156 pf=0 pm=0 pt=0 ru=237164 rp=243604
18:40:37.865 @T t=431689 s=0.000 lv=-38.1 pk=-36.5 c0=6.3 c1=5.7 kw=5.56 inf=2.11 iv=0.00 n=0 d=0 sk=2 hf=96148 hm=87944 ht=283156 pf=0 pm=0 pt=0 ru=235400 rp=243604
18:40:37.865 @T t=431795 s=0.000 lv=-39.0 pk=-37.9 c0=6.6 c1=5.1 kw=4.97 inf=1.53 iv=0.00 n=0 d=0 sk=3 hf=96148 hm=87944 ht=283156 pf=0 pm=0 pt=0 ru=235400 rp=243604
18:40:37.865 @T t=431901 s=0.000 lv=-39.7 pk=-38.2 c0=7.0 c1=5.1 kw=5.12 inf=1.54 iv=0.00 n=0 d=0 sk=3 hf=96148 hm=87944 ht=283156 pf=0 pm=0 pt=0 ru=235400 rp=243604
18:40:37.865 @T t=431987 s=0.000 lv=-40.5 pk=-40.1 c0=4.1 c1=6.6 kw=6.22 inf=1.60 iv=0.00 n=0 d=0 sk=3 hf=96148 hm=87944 ht=283156 pf=0 pm=0 pt=0 ru=235400 rp=243604
18:40:37.865 @T t=432093 s=0.000 lv=-38.6 pk=-37.7 c0=3.2 c1=5.1 kw=4.96 inf=1.53 iv=0.00 n=0 d=0 sk=3 hf=96148 hm=87944 ht=283156 pf=0 pm=0 pt=0 ru=235400 rp=243604
18:40:37.865 @T t=432199 s=0.000 lv=-40.0 pk=-39.2 c0=3.5 c1=5.2 kw=5.00 inf=1.54 iv=0.00 n=0 d=0 sk=3 hf=96148 hm=87944 ht=283156 pf=0 pm=0 pt=0 ru=235400 rp=243604
18:40:37.865 @I ww=marvin cut=0.50 win=5 cool=1000 tick=100 wifi=1 srv=1 li=0 ln=0
18:40:37.865 @T t=432291 s=0.000 lv=-40.2 pk=-39.2 c0=4.7 c1=5.9 kw=5.72 inf=1.53 iv=0.00 n=0 d=0 sk=3 hf=96148 hm=87944 ht=283156 pf=0 pm=0 pt=0 ru=235400 rp=243604
18:40:37.865 @T t=432397 s=0.000 lv=-39.0 pk=-37.1 c0=3.1 c1=5.1 kw=4.97 inf=1.53 iv=0.00 n=0 d=0 sk=3 hf=96148 hm=87944 ht=283156 pf=0 pm=0 pt=0 ru=235400 rp=243604
18:40:37.865 @T t=432503 s=0.000 lv=-39.2 pk=-38.1 c0=6.4 c1=6.1 kw=5.92 inf=1.37 iv=0.00 n=0 d=0 sk=4 hf=96148 hm=87944 ht=283156 pf=0 pm=0 pt=0 ru=235400 rp=243604
18:40:37.865 @T t=432589 s=0.000 lv=-38.5 pk=-37.2 c0=3.7 c1=5.0 kw=4.87 inf=1.82 iv=0.00 n=0 d=0 sk=2 hf=96148 hm=87944 ht=283156 pf=0 pm=0 pt=0 ru=235400 rp=243604
18:40:37.865 @T t=432695 s=0.000 lv=-38.7 pk=-37.7 c0=6.8 c1=5.1 kw=4.96 inf=1.53 iv=0.00 n=0 d=0 sk=3 hf=96148 hm=87944 ht=283156 pf=0 pm=0 pt=0 ru=235400 rp=243604
18:40:37.866 @T t=432801 s=0.000 lv=-39.6 pk=-38.2 c0=3.2 c1=5.0 kw=5.09 inf=1.53 iv=0.00 n=0 d=0 sk=3 hf=96148 hm=87944 ht=283156 pf=0 pm=0 pt=0 ru=235400 rp=243604
18:40:37.867 @T t=432887 s=0.000 lv=-40.6 pk=-39.7 c0=3.9 c1=6.6 kw=6.13 inf=1.58 iv=0.00 n=0 d=0 sk=3 hf=96148 hm=87944 ht=283156 pf=0 pm=0 pt=0 ru=235400 rp=243604
18:40:40.372 @T t=432993 s=0.000 lv=-38.9 pk=-37.0 c0=3.1 c1=5.1 kw=4.93 inf=1.52 iv=0.00 n=0 d=0 sk=3 hf=96148 hm=87944 ht=283156 pf=0 pm=0 pt=0 ru=235400 rp=243604
18:40:40.372 @T t=433099 s=0.000 lv=-40.1 pk=-39.5 c0=3.1 c1=5.1 kw=4.96 inf=1.53 iv=0.00 n=0 d=0 sk=3 hf=96148 hm=87944 ht=283156 pf=0 pm=0 pt=0 ru=235400 rp=243604
18:40:40.372 @T t=433205 s=0.000 lv=-39.7 pk=-38.1 c0=3.1 c1=6.1 kw=5.93 inf=1.37 iv=0.00 n=0 d=0 sk=4 hf=96148 hm=87944 ht=283156 pf=0 pm=0 pt=0 ru=235400 rp=243604
18:40:40.372 @I ww=marvin cut=0.50 win=5 cool=1000 tick=100 wifi=1 srv=1 li=0 ln=0
18:40:40.372 @T t=433297 s=0.000 lv=-39.7 pk=-38.4 c0=13.7 c1=4.8 kw=4.62 inf=1.85 iv=0.00 n=0 d=0 sk=2 hf=96148 hm=87944 ht=283156 pf=0 pm=0 pt=0 ru=235400 rp=243604
18:40:40.372 @T t=433403 s=0.000 lv=-39.9 pk=-38.4 c0=3.4 c1=6.1 kw=5.95 inf=1.38 iv=0.00 n=0 d=0 sk=4 hf=96148 hm=87944 ht=283156 pf=0 pm=0 pt=0 ru=235400 rp=243604
18:40:40.372 @T t=433489 s=0.000 lv=-40.6 pk=-39.8 c0=3.7 c1=5.0 kw=4.88 inf=1.83 iv=0.00 n=0 d=0 sk=2 hf=96148 hm=87944 ht=283156 pf=0 pm=0 pt=0 ru=235400 rp=243604
18:40:40.372 @T t=433595 s=0.000 lv=-40.2 pk=-39.5 c0=6.3 c1=5.0 kw=4.91 inf=1.51 iv=0.00 n=0 d=0 sk=3 hf=96148 hm=87944 ht=283156 pf=0 pm=0 pt=0 ru=235400 rp=243604
18:40:40.372 @T t=433701 s=0.000 lv=-40.0 pk=-38.8 c0=6.6 c1=5.5 kw=5.20 inf=1.56 iv=0.00 n=0 d=0 sk=3 hf=96148 hm=87944 ht=283156 pf=0 pm=0 pt=0 ru=235400 rp=243604
18:40:40.372 @T t=433787 s=0.000 lv=-38.0 pk=-36.9 c0=4.2 c1=6.8 kw=6.41 inf=1.66 iv=0.00 n=0 d=0 sk=3 hf=96148 hm=87944 ht=283156 pf=0 pm=0 pt=0 ru=235400 rp=243604
18:40:40.372 @T t=433893 s=0.000 lv=-39.1 pk=-38.8 c0=4.0 c1=5.2 kw=4.98 inf=1.53 iv=0.00 n=0 d=0 sk=3 hf=96148 hm=87944 ht=283156 pf=0 pm=0 pt=0 ru=235400 rp=243604
18:40:40.372 @T t=433999 s=0.000 lv=-38.1 pk=-36.8 c0=3.3 c1=5.1 kw=4.98 inf=1.53 iv=0.00 n=0 d=0 sk=3 hf=96148 hm=87944 ht=283156 pf=0 pm=0 pt=0 ru=235400 rp=243604
18:40:40.372 @T t=434105 s=0.000 lv=-37.8 pk=-36.2 c0=6.4 c1=6.1 kw=5.96 inf=1.38 iv=0.00 n=0 d=0 sk=4 hf=96148 hm=87944 ht=283156 pf=0 pm=0 pt=0 ru=235400 rp=243604
18:40:40.373 @T t=434191 s=0.000 lv=-39.7 pk=-39.3 c0=3.8 c1=5.0 kw=4.89 inf=1.83 iv=0.00 n=0 d=0 sk=2 hf=96148 hm=87944 ht=283156 pf=0 pm=0 pt=0 ru=235400 rp=243604
18:40:40.373 @I ww=marvin cut=0.50 win=5 cool=1000 tick=100 wifi=1 srv=1 li=0 ln=0
18:40:40.373 @T t=434303 s=0.000 lv=-40.5 pk=-38.9 c0=11.0 c1=5.8 kw=5.60 inf=1.37 iv=0.00 n=0 d=0 sk=4 hf=96148 hm=87944 ht=283156 pf=0 pm=0 pt=0 ru=235400 rp=243604
18:40:40.373 @T t=434389 s=0.000 lv=-38.6 pk=-36.8 c0=3.8 c1=5.0 kw=4.87 inf=1.83 iv=0.00 n=0 d=0 sk=2 hf=96148 hm=87944 ht=283156 pf=0 pm=0 pt=0 ru=235400 rp=243604
18:40:40.373 @T t=434495 s=0.000 lv=-39.4 pk=-37.5 c0=6.8 c1=5.2 kw=4.99 inf=1.54 iv=0.00 n=0 d=0 sk=3 hf=96148 hm=87944 ht=283156 pf=0 pm=0 pt=0 ru=235400 rp=243604
18:40:40.373 @T t=434601 s=0.000 lv=-38.7 pk=-37.1 c0=3.3 c1=5.0 kw=5.10 inf=1.53 iv=0.00 n=0 d=0 sk=3 hf=96148 hm=87944 ht=283156 pf=0 pm=0 pt=0 ru=235400 rp=243604
18:40:40.373 @T t=434687 s=0.000 lv=-40.0 pk=-38.7 c0=4.3 c1=6.6 kw=6.14 inf=1.58 iv=0.00 n=0 d=0 sk=3 hf=96148 hm=87944 ht=283156 pf=0 pm=0 pt=0 ru=235400 rp=243604
18:40:40.373 @T t=434793 s=0.000 lv=-40.2 pk=-39.6 c0=3.1 c1=5.1 kw=4.97 inf=1.53 iv=0.00 n=0 d=0 sk=3 hf=96148 hm=87944 ht=283156 pf=0 pm=0 pt=0 ru=235400 rp=243604
18:40:40.373 @T t=434899 s=0.000 lv=-39.5 pk=-37.5 c0=3.2 c1=5.1 kw=4.96 inf=1.53 iv=0.00 n=0 d=0 sk=3 hf=96148 hm=87944 ht=283156 pf=0 pm=0 pt=0 ru=235400 rp=243604
18:40:40.373 @T t=435005 s=0.000 lv=-38.8 pk=-35.9 c0=3.2 c1=6.1 kw=5.93 inf=1.37 iv=0.00 n=0 d=0 sk=4 hf=96148 hm=87944 ht=283156 pf=0 pm=0 pt=0 ru=235400 rp=243604
18:40:40.373 @T t=435091 s=0.000 lv=-39.1 pk=-37.0 c0=7.9 c1=5.0 kw=4.88 inf=1.83 iv=0.00 n=0 d=0 sk=2 hf=96148 hm=87944 ht=283156 pf=0 pm=0 pt=0 ru=235400 rp=243604
18:40:40.373 @T t=435197 s=0.000 lv=-38.9 pk=-37.7 c0=3.1 c1=5.1 kw=4.94 inf=1.52 iv=0.00 n=0 d=0 sk=3 hf=96148 hm=87944 ht=283156 pf=0 pm=0 pt=0 ru=235400 rp=243604
18:40:40.373 @I ww=marvin cut=0.50 win=5 cool=1000 tick=100 wifi=1 srv=1 li=0 ln=0
18:40:40.373 @T t=435289 s=0.000 lv=-40.4 pk=-39.9 c0=13.3 c1=5.9 kw=5.69 inf=1.52 iv=0.00 n=0 d=0 sk=3 hf=96148 hm=87944 ht=283156 pf=0 pm=0 pt=0 ru=235400 rp=243604
18:40:40.373 @T t=435395 s=0.000 lv=-39.7 pk=-38.8 c0=3.1 c1=5.1 kw=4.94 inf=1.52 iv=0.00 n=0 d=0 sk=3 hf=96148 hm=87944 ht=283156 pf=0 pm=0 pt=0 ru=235400 rp=243604
18:40:42.954 @T t=435501 s=0.000 lv=-40.3 pk=-39.8 c0=3.1 c1=5.0 kw=5.09 inf=1.53 iv=0.00 n=0 d=0 sk=3 hf=96148 hm=87944 ht=283156 pf=0 pm=0 pt=0 ru=235400 rp=243604
18:40:42.955 @T t=435587 s=0.000 lv=-40.4 pk=-38.4 c0=8.3 c1=6.7 kw=6.20 inf=1.59 iv=0.00 n=0 d=0 sk=3 hf=96148 hm=87944 ht=283156 pf=0 pm=0 pt=0 ru=235400 rp=243604
18:40:42.956 @T t=435693 s=0.000 lv=-38.7 pk=-37.4 c0=4.9 c1=5.1 kw=4.96 inf=1.53 iv=0.00 n=0 d=0 sk=3 hf=94384 hm=87944 ht=283156 pf=0 pm=0 pt=0 ru=237164 rp=243604
18:40:42.956 @T t=435799 s=0.000 lv=-40.2 pk=-39.8 c0=5.4 c1=5.7 kw=5.15 inf=1.59 iv=0.00 n=0 d=0 sk=3 hf=96148 hm=87944 ht=283156 pf=0 pm=0 pt=0 ru=235400 rp=243604
18:40:42.956 @T t=435905 s=0.000 lv=-39.5 pk=-38.3 c0=4.1 c1=6.2 kw=6.01 inf=1.39 iv=0.00 n=0 d=0 sk=4 hf=96148 hm=87944 ht=283156 pf=0 pm=0 pt=0 ru=235400 rp=243604
18:40:42.956 @T t=435991 s=0.000 lv=-40.8 pk=-39.5 c0=4.1 c1=5.0 kw=4.90 inf=1.83 iv=0.00 n=0 d=0 sk=2 hf=96148 hm=87944 ht=283156 pf=0 pm=0 pt=0 ru=235400 rp=243604
18:40:42.956 @T t=436097 s=0.000 lv=-39.5 pk=-36.9 c0=6.4 c1=5.1 kw=4.92 inf=1.51 iv=0.00 n=0 d=0 sk=3 hf=96148 hm=87944 ht=283156 pf=0 pm=0 pt=0 ru=235400 rp=243604
18:40:42.956 @T t=436203 s=0.000 lv=-39.0 pk=-37.2 c0=3.1 c1=6.1 kw=5.92 inf=1.37 iv=0.00 n=0 d=0 sk=4 hf=96148 hm=87944 ht=283156 pf=0 pm=0 pt=0 ru=235400 rp=243604
18:40:42.956 @I ww=marvin cut=0.50 win=5 cool=1000 tick=100 wifi=1 srv=1 li=0 ln=0
18:40:42.956 @T t=436295 s=0.000 lv=-38.9 pk=-37.8 c0=13.3 c1=4.7 kw=4.54 inf=1.82 iv=0.00 n=0 d=0 sk=2 hf=96148 hm=87944 ht=283156 pf=0 pm=0 pt=0 ru=235400 rp=243604
18:40:42.956 @T t=436401 s=0.000 lv=-38.9 pk=-37.6 c0=6.4 c1=5.0 kw=5.10 inf=1.53 iv=0.00 n=0 d=0 sk=3 hf=96148 hm=87944 ht=283156 pf=0 pm=0 pt=0 ru=235400 rp=243604
18:40:42.956 @T t=436487 s=0.000 lv=-38.7 pk=-37.4 c0=3.8 c1=6.6 kw=6.15 inf=1.58 iv=0.00 n=0 d=0 sk=3 hf=96148 hm=87944 ht=283156 pf=0 pm=0 pt=0 ru=235400 rp=243604
18:40:42.957 @T t=436593 s=0.000 lv=-38.7 pk=-37.8 c0=3.0 c1=5.1 kw=4.92 inf=1.52 iv=0.00 n=0 d=0 sk=3 hf=96148 hm=87944 ht=283156 pf=0 pm=0 pt=0 ru=235400 rp=243604
18:40:42.957 @T t=436699 s=0.000 lv=-37.7 pk=-35.6 c0=3.4 c1=5.2 kw=4.98 inf=1.54 iv=0.00 n=0 d=0 sk=3 hf=96148 hm=87944 ht=283156 pf=0 pm=0 pt=0 ru=235400 rp=243604
18:40:42.957 @T t=436805 s=0.000 lv=-38.9 pk=-36.8 c0=3.8 c1=6.2 kw=6.00 inf=1.39 iv=0.00 n=0 d=0 sk=4 hf=96148 hm=87944 ht=283156 pf=0 pm=0 pt=0 ru=235400 rp=243604
18:40:42.957 @T t=436891 s=0.000 lv=-38.5 pk=-37.5 c0=4.1 c1=5.1 kw=4.95 inf=1.86 iv=0.00 n=0 d=0 sk=2 hf=96148 hm=87944 ht=283156 pf=0 pm=0 pt=0 ru=235400 rp=243604
18:40:42.957 @T t=436997 s=0.000 lv=-38.5 pk=-36.9 c0=3.1 c1=5.1 kw=4.94 inf=1.52 iv=0.00 n=0 d=0 sk=3 hf=96148 hm=87944 ht=283156 pf=0 pm=0 pt=0 ru=235400 rp=243604
18:40:42.957 @T t=437103 s=0.000 lv=-39.0 pk=-37.4 c0=6.4 c1=6.1 kw=5.93 inf=1.37 iv=0.00 n=0 d=0 sk=4 hf=96148 hm=87944 ht=283156 pf=0 pm=0 pt=0 ru=235400 rp=243604
18:40:42.957 @T t=437189 s=0.000 lv=-38.6 pk=-37.2 c0=3.8 c1=5.0 kw=4.90 inf=1.84 iv=0.00 n=0 d=0 sk=2 hf=96148 hm=87944 ht=283156 pf=0 pm=0 pt=0 ru=235400 rp=243604
18:40:42.957 @I ww=marvin cut=0.50 win=5 cool=1000 tick=100 wifi=1 srv=1 li=0 ln=0
18:40:42.957 @T t=437301 s=0.000 lv=-39.8 pk=-39.3 c0=3.6 c1=4.7 kw=4.79 inf=1.52 iv=0.00 n=0 d=0 sk=3 hf=96148 hm=87944 ht=283156 pf=0 pm=0 pt=0 ru=235400 rp=243604
18:40:42.957 @T t=437387 s=0.000 lv=-39.6 pk=-38.7 c0=3.8 c1=6.6 kw=6.17 inf=1.59 iv=0.00 n=0 d=0 sk=3 hf=96148 hm=87944 ht=283156 pf=0 pm=0 pt=0 ru=235400 rp=243604
18:40:42.958 @T t=437493 s=0.000 lv=-38.5 pk=-37.3 c0=3.1 c1=5.1 kw=4.96 inf=1.53 iv=0.00 n=0 d=0 sk=3 hf=96148 hm=87944 ht=283156 pf=0 pm=0 pt=0 ru=235400 rp=243604
18:40:42.958 @T t=437599 s=0.000 lv=-39.6 pk=-38.0 c0=3.0 c1=5.1 kw=4.93 inf=1.52 iv=0.00 n=0 d=0 sk=3 hf=96148 hm=87944 ht=283156 pf=0 pm=0 pt=0 ru=235400 rp=243604
18:40:42.958 @T t=437705 s=0.000 lv=-37.7 pk=-36.2 c0=3.1 c1=6.1 kw=5.92 inf=1.37 iv=0.00 n=0 d=0 sk=4 hf=96148 hm=87944 ht=283156 pf=0 pm=0 pt=0 ru=235400 rp=243604
18:40:42.958 @T t=437791 s=0.000 lv=-38.3 pk=-37.2 c0=12.7 c1=5.9 kw=5.19 inf=1.94 iv=0.00 n=0 d=0 sk=2 hf=96148 hm=87944 ht=283156 pf=0 pm=0 pt=0 ru=235400 rp=243604
18:40:42.958 @T t=437897 s=0.000 lv=-38.2 pk=-37.8 c0=4.6 c1=5.1 kw=5.01 inf=1.54 iv=0.00 n=0 d=0 sk=3 hf=96148 hm=87944 ht=283156 pf=0 pm=0 pt=0 ru=235400 rp=243604
18:40:42.958 @T t=438003 s=0.000 lv=-40.6 pk=-39.8 c0=3.3 c1=6.0 kw=5.91 inf=1.36 iv=0.00 n=0 d=0 sk=4 hf=96148 hm=87944 ht=283156 pf=0 pm=0 pt=0 ru=235400 rp=243604
