17:54:04.986 ESP-ROM:esp32s3-20210327
17:54:04.987 Build:Mar 27 2021
17:54:04.987 rst:0x1 (POWERON),boot:0x8 (SPI_FAST_FLASH_BOOT)
17:54:04.987 SPIWP:0xee
17:54:04.987 mode:DIO, clock div:1
17:54:04.987 load:0x3fce2820,len:0x1668
17:54:04.987 load:0x403c8700,len:0xec0
17:54:04.987 load:0x403cb700,len:0x3178
17:54:04.987 entry 0x403c894c
17:54:04.987 I (24) boot: ESP-IDF v5.5.5 2nd stage bootloader
17:54:04.987 I (25) boot: compile time Sep 27 2026 18:23:27
17:54:04.987 I (25) boot: Multicore bootloader
17:54:04.987 I (25) boot: chip revision: v0.2
17:54:04.987 I (28) boot: efuse block revision: v1.4
17:54:04.987 I (31) qio_mode: Enabling default flash chip QIO
17:54:04.987 I (36) boot.esp32s3: Boot SPI Speed : 80MHz
17:54:04.990 I (40) boot.esp32s3: SPI Mode       : QIO
17:54:04.990 I (43) boot.esp32s3: SPI Flash Size : 4MB
17:54:04.990 I (47) boot: Enabling RNG early entropy source...
17:54:04.990 I (52) boot: Partition Table:
17:54:04.990 I (54) boot: ## Label            Usage          Type ST Offset   Length
17:54:04.990 I (60) boot:  0 nvs              WiFi data        01 02 00009000 00006000
17:54:04.990 I (67) boot:  1 phy_init         RF data          01 01 0000f000 00001000
17:54:04.990 I (73) boot:  2 factory          factory app      00 00 00010000 00177000
17:54:04.990 I (80) boot: End of partition table
17:54:04.990 I (83) esp_image: segment 0: paddr=00010020 vaddr=3c0e0020 size=36e30h (224816) map
17:54:04.990 I (125) esp_image: segment 1: paddr=00046e58 vaddr=3fc9ff00 size=050cch ( 20684) load
17:54:04.990 I (130) esp_image: segment 2: paddr=0004bf2c vaddr=40378000 size=040ech ( 16620) load
17:54:04.990 I (133) esp_image: segment 3: paddr=00050020 vaddr=42000020 size=dbf84h (900996) map
17:54:04.990 I (276) esp_image: segment 4: paddr=0012bfac vaddr=4037c0ec size=13d10h ( 81168) load
17:54:04.990 I (293) esp_image: segment 5: paddr=0013fcc4 vaddr=50000000 size=00020h (    32) load
17:54:04.990 I (302) boot: Loaded app from partition at offset 0x10000
17:54:04.990 I (302) boot: Disabling RNG early entropy source...
17:54:04.990 I (312) cpu_start: Multicore app
17:54:04.990 I (321) cpu_start: GPIO 44 and 43 are used as console UART I/O pins
17:54:04.990 I (321) cpu_start: Pro cpu start user code
17:54:04.990 I (321) cpu_start: cpu freq: 240000000 Hz
17:54:04.990 I (323) app_init: Application information:
17:54:04.990 I (327) app_init: Project name:     kws_s3
17:54:04.990 I (331) app_init: App version:      1
17:54:04.990 I (334) app_init: Compile time:     Sep 28 2026 15:07:03
17:54:04.990 I (339) app_init: ELF file SHA256:  debcb2ac6...
17:54:04.990 I (344) app_init: ESP-IDF:          v5.5.5
17:54:04.990 I (347) efuse_init: Min chip rev:     v0.0
17:54:04.991 I (351) efuse_init: Max chip rev:     v0.99
17:54:04.991 I (355) efuse_init: Chip rev:         v0.2
17:54:04.991 I (359) heap_init: Initializing. RAM available for dynamic allocation:
17:54:04.991 I (365) heap_init: At 3FCABAF8 len 0003DC18 (247 KiB): RAM
17:54:04.991 I (370) heap_init: At 3FCE9710 len 00005724 (21 KiB): RAM
17:54:04.991 I (376) heap_init: At 600FE000 len 00001FE8 (7 KiB): RTCRAM
17:54:04.991 I (382) spi_flash: detected chip: boya
17:54:04.991 I (384) spi_flash: flash io: qio
17:54:04.991 W (387) spi_flash: Detected size(16384k) larger than the size in the binary image header(4096k). Using the size in the binary image header.
17:54:04.991 I (400) sleep_gpio: Configure to isolate all GPIO pins in sleep state
17:54:04.991 I (406) sleep_gpio: Enable automatic switching of GPIO sleep configuration
17:54:04.991 I (413) main_task: Started on CPU0
17:54:04.991 I (431) main_task: Calling app_main()
17:54:04.991 
17:54:04.991 ==================== SIH KWS firmware ====================
17:54:04.991  chip      : esp32s3 rev v0.2, 2 cores, flash 4 MB
17:54:04.991  ESP-IDF   : v5.5.5
17:54:04.991  RAM       : 46 KB static data, 248 KB heap free (code in IRAM: 95 KB, not counted)
17:54:04.991  model     : marvin.tflite (60896 bytes, stored in flash)
17:54:04.991 ===========================================================
17:54:04.992 
17:54:04.992 I (489) kws: model ready: wake word "marvin", threshold 0.50 (json), window 5, input 3x40 int8
17:54:04.992 I (490) kws: model RAM: tensor arena 25580 of 30000 bytes used; engine total 41 KB of heap
17:54:04.992 
17:54:04.992 ------------------------ SELF-TEST ------------------------
17:54:04.992  noise only (3 s)   : PASS - stayed quiet  (highest score 0.01, threshold 0.50)
17:54:04.992  wake word recording: skipped - no WAV file in the model folder (optional)
17:54:04.992 -----------------------------------------------------------
17:54:04.992 
17:54:04.992 I (725) audio: I2S running: 16 kHz, 32-bit slots, both channels, SCK=16 WS=15 SD=17, gain x1
17:54:06.971 I (1227) kws: microphones: left (L/R to GND) -20.6 dBFS, right (L/R to 3V3) -19.8 dBFS, similarity -0.09 -> using both (average)
17:54:06.972 I (1233) kws: listening for "marvin" ...
17:54:06.972 I (1234) pp: pp rom version: e7ae62f
17:54:06.972 I (1239) net80211: net80211 rom version: e7ae62f
17:54:06.972 I (1245) wifi:wifi driver task: 3fcca69c, prio:23, stack:6656, core=0
17:54:06.972 I (1256) wifi:wifi firmware version: b9f67df
17:54:06.972 I (1257) wifi:wifi certification version: v7.0
17:54:06.972 I (1258) wifi:config NVS flash: enabled
17:54:06.972 I (1262) wifi:config nano formatting: disabled
17:54:06.972 I (1262) wifi:Init data frame dynamic rx buffer num: 16
17:54:06.972 I (1268) wifi:Init static rx mgmt buffer num: 5
17:54:06.972 I (1273) wifi:Init management short buffer num: 32
17:54:06.972 I (1278) wifi:Init dynamic tx buffer num: 16
17:54:06.972 I (1284) wifi:Init static tx FG buffer num: 2
17:54:06.972 I (1284) wifi:Init static rx buffer size: 1600
17:54:06.972 I (1290) wifi:Init static rx buffer num: 6
17:54:06.972 I (1295) wifi:Init dynamic rx buffer num: 16
17:54:06.972 I (1301) wifi_init: accept mbox: 6
17:54:06.972 I (1301) wifi_init: tcpip mbox: 32
17:54:06.972 I (1306) wifi_init: udp mbox: 6
17:54:06.972 I (1306) wifi_init: tcp mbox: 6
17:54:06.973 I (1312) wifi_init: tcp tx win: 5760
17:54:06.973 I (1312) wifi_init: tcp rx win: 5760
17:54:06.973 I (1317) wifi_init: tcp mss: 1440
17:54:06.973 I (1318) wifi_init: WiFi IRAM OP enabled
17:54:06.973 I (1323) wifi_init: WiFi RX IRAM OP enabled
17:54:06.973 I (1329) phy_init: phy_version 712,87e8c20e,Apr 13 2026,18:51:10
17:54:06.973 I (1367) phy_init: Saving new calibration data due to checksum failure or outdated calibration data, mode(0)
17:54:06.973 I (1409) wifi:mode : sta (e0:72:a1:d5:32:74)
17:54:06.973 I (1410) wifi:enable tsf
17:54:06.973 I (1412) wifi:Set ps type: 0, coexist: 0
17:54:06.973 
17:54:06.973 I (1413) wifi: connecting to "ARYA 9252" ...
17:54:06.973 W (1418) stream: cannot reach the server ws://192.168.137.1:3000/ws (is it running? same network?) - retrying every second
17:54:06.973 @T t=1158 s=0.017 lv=-34.3 pk=-32.5 c0=-1.0 c1=-1.0 kw=27.50 inf=3.39 iv=1.45 n=9 d=0 sk=0 hf=98360 hm=97716 ht=283428 pf=0 pm=0 pt=0 ru=233188 rp=233832
17:54:06.973 @I ww=marvin cut=0.50 win=5 cool=1000 tick=100 wifi=0 srv=0 li=0 ln=0
17:54:06.973 @T t=1250 s=0.013 lv=-36.6 pk=-36.0 c0=13.8 c1=10.2 kw=10.03 inf=2.84 iv=1.22 n=3 d=0 sk=0 hf=98360 hm=97716 ht=283428 pf=0 pm=0 pt=0 ru=233188 rp=233832
17:54:06.973 @T t=1356 s=0.006 lv=-33.7 pk=-33.1 c0=6.8 c1=10.1 kw=9.89 inf=2.44 iv=1.21 n=4 d=0 sk=0 hf=98360 hm=97716 ht=283428 pf=0 pm=0 pt=0 ru=233188 rp=233832
17:54:06.973 @T t=1442 s=0.004 lv=-33.5 pk=-32.9 c0=5.2 c1=8.9 kw=8.64 inf=3.42 iv=1.43 n=2 d=0 sk=0 hf=98360 hm=97716 ht=283428 pf=0 pm=0 pt=0 ru=233188 rp=233832
17:54:06.973 @T t=1548 s=0.004 lv=-33.2 pk=-32.9 c0=4.3 c1=11.4 kw=11.15 inf=2.73 iv=1.25 n=4 d=0 sk=0 hf=98360 hm=97716 ht=283428 pf=0 pm=0 pt=0 ru=233188 rp=233832
17:54:06.973 @T t=1654 s=0.002 lv=-34.1 pk=-33.5 c0=4.2 c1=10.1 kw=9.87 inf=2.43 iv=1.22 n=4 d=0 sk=0 hf=98360 hm=97716 ht=283428 pf=0 pm=0 pt=0 ru=233188 rp=233832
17:54:06.973 @T t=1740 s=0.000 lv=-33.9 pk=-33.4 c0=4.1 c1=8.2 kw=8.10 inf=3.20 iv=1.26 n=2 d=0 sk=0 hf=98360 hm=97716 ht=283428 pf=0 pm=0 pt=0 ru=233188 rp=233832
17:54:06.973 @T t=1846 s=0.000 lv=-34.6 pk=-33.9 c0=4.2 c1=11.2 kw=10.93 inf=2.68 iv=1.22 n=4 d=0 sk=0 hf=98360 hm=97716 ht=283428 pf=0 pm=0 pt=0 ru=233188 rp=233832
17:54:06.973 @T t=1952 s=0.002 lv=-33.8 pk=-33.2 c0=4.6 c1=10.3 kw=10.04 inf=2.48 iv=1.24 n=4 d=0 sk=0 hf=98360 hm=97716 ht=283428 pf=0 pm=0 pt=0 ru=233188 rp=233832
17:54:06.973 @T t=2058 s=0.009 lv=-37.3 pk=-36.1 c0=4.8 c1=10.4 kw=9.45 inf=3.10 iv=1.45 n=3 d=0 sk=0 hf=98360 hm=97628 ht=283428 pf=0 pm=0 pt=0 ru=233188 rp=233920
17:54:06.973 @T t=2144 s=0.009 lv=-38.6 pk=-37.9 c0=5.2 c1=10.1 kw=9.83 inf=2.62 iv=1.32 n=3 d=0 sk=0 hf=98360 hm=97628 ht=283428 pf=0 pm=0 pt=0 ru=233188 rp=233920
17:54:06.973 @I ww=marvin cut=0.50 win=5 cool=1000 tick=100 wifi=0 srv=0 li=0 ln=0
17:54:06.973 @T t=2239 s=0.004 lv=-39.6 pk=-38.5 c0=5.3 c1=9.8 kw=9.60 inf=2.79 iv=1.17 n=3 d=0 sk=0 hf=98360 hm=97528 ht=283428 pf=0 pm=0 pt=0 ru=233188 rp=234020
17:54:06.973 @T t=2344 s=0.003 lv=-39.7 pk=-39.0 c0=3.7 c1=9.0 kw=8.82 inf=2.85 iv=1.23 n=3 d=0 sk=0 hf=98360 hm=97528 ht=283428 pf=0 pm=0 pt=0 ru=233188 rp=234020
17:54:06.973 @T t=2452 s=0.001 lv=-39.1 pk=-37.8 c0=3.7 c1=10.9 kw=10.67 inf=2.66 iv=1.20 n=4 d=0 sk=0 hf=98360 hm=97528 ht=283428 pf=0 pm=0 pt=0 ru=233188 rp=234020
17:54:09.469 @T t=2541 s=0.000 lv=-38.5 pk=-37.4 c0=3.8 c1=6.7 kw=6.51 inf=1.74 iv=1.45 n=1 d=0 sk=2 hf=98360 hm=97528 ht=283428 pf=0 pm=0 pt=0 ru=233188 rp=234020
17:54:09.469 @T t=2647 s=0.000 lv=-39.7 pk=-39.0 c0=3.2 c1=6.0 kw=5.89 inf=1.36 iv=0.00 n=0 d=0 sk=4 hf=98360 hm=97528 ht=283428 pf=0 pm=0 pt=0 ru=233188 rp=234020
17:54:09.469 @T t=2753 s=0.000 lv=-38.7 pk=-37.6 c0=3.5 c1=5.1 kw=4.93 inf=1.52 iv=0.00 n=0 d=0 sk=3 hf=98360 hm=97528 ht=283428 pf=0 pm=0 pt=0 ru=233188 rp=234020
17:54:09.469 @T t=2839 s=0.000 lv=-39.7 pk=-38.0 c0=3.8 c1=5.0 kw=4.88 inf=1.83 iv=0.00 n=0 d=0 sk=2 hf=98360 hm=97528 ht=283428 pf=0 pm=0 pt=0 ru=233188 rp=234020
17:54:09.469 @T t=2945 s=0.000 lv=-40.4 pk=-38.7 c0=6.4 c1=5.4 kw=5.02 inf=1.51 iv=0.00 n=0 d=0 sk=3 hf=98360 hm=97528 ht=283428 pf=0 pm=0 pt=0 ru=233188 rp=234020
17:54:09.469 @T t=3051 s=0.000 lv=-39.0 pk=-37.3 c0=3.6 c1=7.1 kw=5.88 inf=1.85 iv=0.00 n=0 d=0 sk=3 hf=98360 hm=97528 ht=283428 pf=0 pm=0 pt=0 ru=233188 rp=234020
17:54:09.469 @T t=3157 s=0.000 lv=-39.0 pk=-38.4 c0=3.7 c1=5.1 kw=4.97 inf=1.53 iv=0.00 n=0 d=0 sk=3 hf=98360 hm=97528 ht=283428 pf=0 pm=0 pt=0 ru=233188 rp=234020
17:54:09.469 @I ww=marvin cut=0.50 win=5 cool=1000 tick=100 wifi=0 srv=0 li=0 ln=0
17:54:09.469 @T t=3249 s=0.000 lv=-38.0 pk=-35.8 c0=4.4 c1=5.8 kw=5.70 inf=1.53 iv=0.00 n=0 d=0 sk=3 hf=98360 hm=97528 ht=283428 pf=0 pm=0 pt=0 ru=233188 rp=234020
17:54:09.470 @T t=3355 s=0.000 lv=-40.2 pk=-39.5 c0=6.3 c1=5.0 kw=4.87 inf=1.50 iv=0.00 n=0 d=0 sk=3 hf=98360 hm=97528 ht=283428 pf=0 pm=0 pt=0 ru=233188 rp=234020
17:54:09.470 W (3821) wifi: cannot connect (reason 201). Check the name/password in menuconfig; the ESP32 needs a 2.4 GHz network (201 = network not found, 15/204 = wrong password)
17:54:09.470 @T t=3442 s=0.000 lv=-40.4 pk=-39.6 c0=10.6 c1=4.8 kw=4.74 inf=1.81 iv=0.00 n=0 d=0 sk=2 hf=98328 hm=97528 ht=283428 pf=0 pm=0 pt=0 ru=233220 rp=234020
17:54:09.470 @T t=3543 s=0.000 lv=-38.8 pk=-37.8 c0=5.1 c1=5.8 kw=5.42 inf=1.58 iv=0.00 n=0 d=0 sk=3 hf=98340 hm=97528 ht=283428 pf=0 pm=0 pt=0 ru=233208 rp=234020
17:54:09.470 @T t=3649 s=0.000 lv=-39.0 pk=-37.7 c0=3.8 c1=6.2 kw=5.98 inf=1.38 iv=0.00 n=0 d=0 sk=4 hf=98340 hm=97528 ht=283428 pf=0 pm=0 pt=0 ru=233208 rp=234020
17:54:09.470 @T t=3755 s=0.000 lv=-38.5 pk=-36.5 c0=3.8 c1=5.2 kw=5.00 inf=1.54 iv=0.00 n=0 d=0 sk=3 hf=98340 hm=97528 ht=283428 pf=0 pm=0 pt=0 ru=233208 rp=234020
17:54:09.470 @T t=3841 s=0.000 lv=-38.1 pk=-37.9 c0=4.7 c1=5.1 kw=4.96 inf=1.86 iv=0.00 n=0 d=0 sk=2 hf=98340 hm=97528 ht=283428 pf=0 pm=0 pt=0 ru=233208 rp=234020
17:54:09.470 @T t=3947 s=0.000 lv=-38.3 pk=-37.3 c0=4.0 c1=6.2 kw=5.99 inf=1.38 iv=0.00 n=0 d=0 sk=4 hf=98340 hm=97528 ht=283428 pf=0 pm=0 pt=0 ru=233208 rp=234020
17:54:09.470 @T t=4053 s=0.000 lv=-37.3 pk=-35.0 c0=4.6 c1=5.8 kw=5.03 inf=1.55 iv=0.00 n=0 d=0 sk=3 hf=98340 hm=97528 ht=283428 pf=0 pm=0 pt=0 ru=233208 rp=234020
17:54:09.470 @T t=4139 s=0.000 lv=-36.1 pk=-35.2 c0=4.1 c1=5.0 kw=4.95 inf=1.86 iv=0.00 n=0 d=0 sk=2 hf=98340 hm=97528 ht=283428 pf=0 pm=0 pt=0 ru=233208 rp=234020
17:54:09.470 @I ww=marvin cut=0.50 win=5 cool=1000 tick=100 wifi=0 srv=0 li=0 ln=0
17:54:09.470 @T t=4251 s=0.000 lv=-39.1 pk=-37.5 c0=4.3 c1=5.8 kw=5.60 inf=1.37 iv=0.00 n=0 d=0 sk=4 hf=98340 hm=97528 ht=283428 pf=0 pm=0 pt=0 ru=233208 rp=234020
17:54:09.470 @T t=4357 s=0.000 lv=-40.5 pk=-39.5 c0=3.9 c1=5.1 kw=4.97 inf=1.53 iv=0.00 n=0 d=0 sk=3 hf=98340 hm=97528 ht=283428 pf=0 pm=0 pt=0 ru=233208 rp=234020
17:54:09.470 @T t=4443 s=0.000 lv=-38.8 pk=-38.4 c0=4.8 c1=5.2 kw=5.01 inf=1.88 iv=0.00 n=0 d=0 sk=2 hf=98340 hm=97528 ht=283428 pf=0 pm=0 pt=0 ru=233208 rp=234020
17:54:09.470 @T t=4549 s=0.000 lv=-39.7 pk=-38.3 c0=4.0 c1=6.2 kw=6.01 inf=1.38 iv=0.00 n=0 d=0 sk=4 hf=98340 hm=97528 ht=283428 pf=0 pm=0 pt=0 ru=233208 rp=234020
17:54:09.470 @T t=4655 s=0.000 lv=-36.8 pk=-36.3 c0=3.9 c1=5.1 kw=4.97 inf=1.53 iv=0.00 n=0 d=0 sk=3 hf=98340 hm=97528 ht=283428 pf=0 pm=0 pt=0 ru=233208 rp=234020
17:54:09.470 @T t=4741 s=0.000 lv=-38.1 pk=-37.7 c0=4.1 c1=5.1 kw=4.97 inf=1.86 iv=0.00 n=0 d=0 sk=2 hf=98340 hm=97528 ht=283428 pf=0 pm=0 pt=0 ru=233208 rp=234020
17:54:09.470 @T t=4847 s=0.000 lv=-38.4 pk=-36.8 c0=3.4 c1=6.1 kw=5.93 inf=1.37 iv=0.00 n=0 d=0 sk=4 hf=98340 hm=97528 ht=283428 pf=0 pm=0 pt=0 ru=233208 rp=234020
17:54:09.470 @T t=4953 s=0.000 lv=-39.6 pk=-38.6 c0=3.2 c1=5.1 kw=4.95 inf=1.52 iv=0.00 n=0 d=0 sk=3 hf=98340 hm=97528 ht=283428 pf=0 pm=0 pt=0 ru=233208 rp=234020
17:54:12.064 @T t=5039 s=0.000 lv=-39.1 pk=-38.2 c0=7.7 c1=5.0 kw=4.85 inf=1.82 iv=0.00 n=0 d=0 sk=2 hf=98340 hm=97528 ht=283428 pf=0 pm=0 pt=0 ru=233208 rp=234020
17:54:12.064 @T t=5146 s=0.000 lv=-37.5 pk=-35.4 c0=4.7 c1=6.2 kw=5.98 inf=1.39 iv=0.00 n=0 d=0 sk=4 hf=98340 hm=97528 ht=283428 pf=0 pm=0 pt=0 ru=233208 rp=234020
17:54:12.064 @I ww=marvin cut=0.50 win=5 cool=1000 tick=100 wifi=0 srv=0 li=0 ln=0
17:54:12.064 @T t=5257 s=0.000 lv=-37.5 pk=-36.3 c0=3.8 c1=4.8 kw=4.72 inf=1.52 iv=0.00 n=0 d=0 sk=3 hf=98340 hm=97528 ht=283428 pf=0 pm=0 pt=0 ru=233208 rp=234020
17:54:12.064 @T t=5343 s=0.000 lv=-38.7 pk=-38.3 c0=7.7 c1=5.0 kw=4.85 inf=1.82 iv=0.00 n=0 d=0 sk=2 hf=98340 hm=97528 ht=283428 pf=0 pm=0 pt=0 ru=233208 rp=234020
17:54:12.064 @T t=5449 s=0.000 lv=-38.3 pk=-37.0 c0=6.2 c1=6.0 kw=5.88 inf=1.36 iv=0.00 n=0 d=0 sk=4 hf=98340 hm=97528 ht=283428 pf=0 pm=0 pt=0 ru=233208 rp=234020
17:54:12.064 @T t=5555 s=0.000 lv=-38.1 pk=-37.3 c0=6.6 c1=5.1 kw=4.92 inf=1.52 iv=0.00 n=0 d=0 sk=3 hf=98340 hm=97528 ht=283428 pf=0 pm=0 pt=0 ru=233208 rp=234020
17:54:12.064 @T t=5641 s=0.000 lv=-39.7 pk=-37.9 c0=3.8 c1=5.0 kw=4.88 inf=1.83 iv=0.00 n=0 d=0 sk=2 hf=98340 hm=97528 ht=283428 pf=0 pm=0 pt=0 ru=233208 rp=234020
17:54:12.064 @T t=5747 s=0.000 lv=-35.3 pk=-34.4 c0=2.9 c1=6.0 kw=5.89 inf=1.36 iv=0.00 n=0 d=0 sk=4 hf=98340 hm=97528 ht=283428 pf=0 pm=0 pt=0 ru=233208 rp=234020
17:54:12.064 @T t=5855 s=0.000 lv=-35.6 pk=-34.6 c0=3.3 c1=5.4 kw=4.88 inf=1.51 iv=0.00 n=0 d=0 sk=3 hf=98152 hm=97528 ht=283428 pf=0 pm=0 pt=0 ru=233396 rp=234020
17:54:12.064 @T t=5942 s=0.000 lv=-38.0 pk=-35.7 c0=11.2 c1=4.7 kw=4.82 inf=1.86 iv=0.00 n=0 d=0 sk=2 hf=98340 hm=97528 ht=283428 pf=0 pm=0 pt=0 ru=233208 rp=234020
17:54:12.064 @T t=6048 s=0.000 lv=-38.7 pk=-37.5 c0=4.4 c1=6.9 kw=5.98 inf=1.38 iv=0.00 n=0 d=0 sk=4 hf=98340 hm=97528 ht=283428 pf=0 pm=0 pt=0 ru=233208 rp=234020
17:54:12.064 @T t=6154 s=0.000 lv=-38.1 pk=-35.1 c0=4.1 c1=5.2 kw=5.07 inf=1.56 iv=0.00 n=0 d=0 sk=3 hf=98340 hm=97528 ht=283428 pf=0 pm=0 pt=0 ru=233208 rp=234020
17:54:12.064 @I ww=marvin cut=0.50 win=5 cool=1000 tick=100 wifi=0 srv=0 li=0 ln=0
17:54:12.064 @T t=6246 s=0.000 lv=-34.4 pk=-33.0 c0=5.5 c1=18.3 kw=18.10 inf=1.33 iv=1.00 n=11 d=0 sk=1 hf=98340 hm=97528 ht=283428 pf=0 pm=0 pt=0 ru=233208 rp=234020
17:54:12.064 @T t=6352 s=0.000 lv=-36.3 pk=-33.1 c0=4.2 c1=9.9 kw=9.68 inf=2.38 iv=1.17 n=4 d=0 sk=0 hf=98340 hm=97528 ht=283428 pf=0 pm=0 pt=0 ru=233208 rp=234020
17:54:12.064 @T t=6458 s=0.000 lv=-39.3 pk=-38.3 c0=3.9 c1=8.0 kw=8.21 inf=2.68 iv=1.11 n=3 d=0 sk=0 hf=98340 hm=97508 ht=283428 pf=0 pm=0 pt=0 ru=233208 rp=234040
17:54:12.064 @T t=6544 s=0.000 lv=-37.7 pk=-37.1 c0=4.2 c1=9.9 kw=9.19 inf=2.42 iv=1.15 n=3 d=0 sk=0 hf=98340 hm=97508 ht=283428 pf=0 pm=0 pt=0 ru=233208 rp=234040
17:54:12.064 @T t=6650 s=0.000 lv=-38.9 pk=-38.0 c0=4.1 c1=11.0 kw=10.74 inf=2.63 iv=1.15 n=4 d=0 sk=0 hf=98340 hm=97508 ht=283428 pf=0 pm=0 pt=0 ru=233208 rp=234040
17:54:12.064 @T t=6756 s=0.000 lv=-37.6 pk=-36.8 c0=4.2 c1=8.9 kw=8.70 inf=2.84 iv=1.23 n=3 d=0 sk=0 hf=98340 hm=97508 ht=283428 pf=0 pm=0 pt=0 ru=233208 rp=234040
17:54:12.064 @T t=6842 s=0.000 lv=-36.6 pk=-35.3 c0=5.1 c1=9.8 kw=9.52 inf=2.53 iv=1.24 n=3 d=0 sk=0 hf=98340 hm=97508 ht=283428 pf=0 pm=0 pt=0 ru=233208 rp=234040
17:54:12.064 @T t=6948 s=0.000 lv=-37.4 pk=-35.8 c0=4.3 c1=10.9 kw=10.67 inf=2.61 iv=1.17 n=4 d=0 sk=0 hf=98340 hm=97508 ht=283428 pf=0 pm=0 pt=0 ru=233208 rp=234040
17:54:12.064 @T t=7054 s=0.000 lv=-35.4 pk=-34.1 c0=3.8 c1=9.2 kw=8.28 inf=2.69 iv=1.12 n=3 d=0 sk=0 hf=98340 hm=97508 ht=283428 pf=0 pm=0 pt=0 ru=233208 rp=234040
17:54:12.065 @T t=7140 s=0.000 lv=-36.5 pk=-35.6 c0=5.3 c1=9.5 kw=9.30 inf=2.47 iv=1.17 n=3 d=0 sk=0 hf=98340 hm=97508 ht=283428 pf=0 pm=0 pt=0 ru=233208 rp=234040
17:54:12.065 @I ww=marvin cut=0.50 win=5 cool=1000 tick=100 wifi=0 srv=0 li=0 ln=0
17:54:12.065 @T t=7252 s=0.000 lv=-36.7 pk=-34.6 c0=11.6 c1=10.2 kw=9.96 inf=2.57 iv=1.13 n=4 d=0 sk=0 hf=98340 hm=97508 ht=283428 pf=0 pm=0 pt=0 ru=233208 rp=234040
17:54:12.065 @T t=7358 s=0.000 lv=-36.3 pk=-35.2 c0=3.3 c1=8.4 kw=8.26 inf=2.69 iv=1.11 n=3 d=0 sk=0 hf=98340 hm=97508 ht=283428 pf=0 pm=0 pt=0 ru=233208 rp=234040
17:54:12.065 @T t=7444 s=0.000 lv=-37.6 pk=-35.3 c0=4.0 c1=9.2 kw=8.97 inf=2.38 iv=1.11 n=3 d=0 sk=0 hf=98340 hm=97508 ht=283428 pf=0 pm=0 pt=0 ru=233208 rp=234040
17:54:12.065 @T t=7553 s=0.000 lv=-36.5 pk=-34.5 c0=9.1 c1=10.4 kw=10.15 inf=2.55 iv=1.11 n=4 d=0 sk=0 hf=98340 hm=97508 ht=283428 pf=0 pm=0 pt=0 ru=233208 rp=234040
17:54:14.577 @T t=7639 s=0.000 lv=-38.7 pk=-37.9 c0=4.0 c1=8.0 kw=7.84 inf=3.09 iv=1.18 n=2 d=0 sk=0 hf=98340 hm=97508 ht=283428 pf=0 pm=0 pt=0 ru=233208 rp=234040
17:54:14.577 @T t=7745 s=0.000 lv=-38.9 pk=-37.4 c0=3.3 c1=10.1 kw=9.66 inf=2.35 iv=1.14 n=4 d=0 sk=0 hf=98340 hm=97508 ht=283428 pf=0 pm=0 pt=0 ru=233208 rp=234040
17:54:14.577 @T t=7851 s=0.002 lv=-38.0 pk=-36.8 c0=6.5 c1=10.8 kw=10.32 inf=2.56 iv=1.13 n=4 d=0 sk=0 hf=98340 hm=97508 ht=283428 pf=0 pm=0 pt=0 ru=233208 rp=234040
17:54:14.577 @T t=7957 s=0.000 lv=-38.0 pk=-37.5 c0=3.9 c1=5.1 kw=5.01 inf=1.54 iv=0.00 n=0 d=0 sk=3 hf=98340 hm=97508 ht=283428 pf=0 pm=0 pt=0 ru=233208 rp=234040
17:54:14.578 @T t=8043 s=0.000 lv=-38.2 pk=-37.0 c0=3.8 c1=5.0 kw=4.89 inf=1.83 iv=0.00 n=0 d=0 sk=2 hf=98340 hm=97508 ht=283428 pf=0 pm=0 pt=0 ru=233208 rp=234040
17:54:14.578 @T t=8150 s=0.000 lv=-36.0 pk=-34.7 c0=4.2 c1=6.2 kw=5.95 inf=1.39 iv=0.00 n=0 d=0 sk=4 hf=98340 hm=97508 ht=283428 pf=0 pm=0 pt=0 ru=233208 rp=234040
17:54:14.578 @I ww=marvin cut=0.50 win=5 cool=1000 tick=100 wifi=0 srv=0 li=0 ln=0
17:54:14.578 @T t=8242 s=0.000 lv=-35.6 pk=-33.4 c0=4.6 c1=4.7 kw=4.57 inf=1.83 iv=0.00 n=0 d=0 sk=2 hf=98340 hm=97508 ht=283428 pf=0 pm=0 pt=0 ru=233208 rp=234040
17:54:14.578 @T t=8348 s=0.000 lv=-37.3 pk=-33.5 c0=8.0 c1=6.5 kw=6.12 inf=1.41 iv=0.00 n=0 d=0 sk=4 hf=98340 hm=97508 ht=283428 pf=0 pm=0 pt=0 ru=233208 rp=234040
17:54:14.578 @T t=8454 s=0.000 lv=-36.5 pk=-35.4 c0=4.6 c1=5.2 kw=5.06 inf=1.56 iv=0.00 n=0 d=0 sk=3 hf=98340 hm=97508 ht=283428 pf=0 pm=0 pt=0 ru=233208 rp=234040
17:54:14.578 @T t=8540 s=0.000 lv=-38.3 pk=-36.6 c0=4.8 c1=5.1 kw=4.98 inf=1.87 iv=0.00 n=0 d=0 sk=2 hf=98340 hm=97508 ht=283428 pf=0 pm=0 pt=0 ru=233208 rp=234040
17:54:14.578 @T t=8646 s=0.000 lv=-39.0 pk=-38.0 c0=3.9 c1=6.2 kw=5.99 inf=1.38 iv=0.00 n=0 d=0 sk=4 hf=98340 hm=97508 ht=283428 pf=0 pm=0 pt=0 ru=233208 rp=234040
17:54:14.578 @T t=8752 s=0.000 lv=-38.9 pk=-37.6 c0=3.9 c1=5.1 kw=4.95 inf=1.53 iv=0.00 n=0 d=0 sk=3 hf=98340 hm=97508 ht=283428 pf=0 pm=0 pt=0 ru=233208 rp=234040
17:54:14.578 @T t=8858 s=0.000 lv=-38.9 pk=-37.9 c0=3.3 c1=5.0 kw=4.93 inf=1.52 iv=0.00 n=0 d=0 sk=3 hf=98340 hm=97508 ht=283428 pf=0 pm=0 pt=0 ru=233208 rp=234040
17:54:14.578 @T t=8944 s=0.000 lv=-37.8 pk=-36.8 c0=8.6 c1=5.2 kw=4.95 inf=1.85 iv=0.00 n=0 d=0 sk=2 hf=98340 hm=97508 ht=283428 pf=0 pm=0 pt=0 ru=233208 rp=234040
17:54:14.578 @T t=9050 s=0.000 lv=-36.4 pk=-34.8 c0=4.5 c1=6.4 kw=6.08 inf=1.41 iv=0.00 n=0 d=0 sk=4 hf=98340 hm=97508 ht=283428 pf=0 pm=0 pt=0 ru=233208 rp=234040
17:54:14.578 @T t=9156 s=0.000 lv=-37.8 pk=-36.6 c0=4.1 c1=6.6 kw=5.07 inf=1.56 iv=0.00 n=0 d=0 sk=3 hf=98340 hm=97508 ht=283428 pf=0 pm=0 pt=0 ru=233208 rp=234040
17:54:14.578 @I ww=marvin cut=0.50 win=5 cool=1000 tick=100 wifi=0 srv=0 li=0 ln=0
17:54:14.578 @T t=9248 s=0.000 lv=-38.8 pk=-38.2 c0=5.4 c1=5.9 kw=5.76 inf=1.54 iv=0.00 n=0 d=0 sk=3 hf=98340 hm=97508 ht=283428 pf=0 pm=0 pt=0 ru=233208 rp=234040
17:54:14.578 @T t=9354 s=0.000 lv=-37.9 pk=-36.9 c0=4.0 c1=5.2 kw=5.00 inf=1.54 iv=0.00 n=0 d=0 sk=3 hf=98340 hm=97508 ht=283428 pf=0 pm=0 pt=0 ru=233208 rp=234040
17:54:14.578 @T t=9440 s=0.000 lv=-36.4 pk=-36.1 c0=3.9 c1=5.0 kw=4.94 inf=1.85 iv=0.00 n=0 d=0 sk=2 hf=98340 hm=97508 ht=283428 pf=0 pm=0 pt=0 ru=233208 rp=234040
17:54:14.578 @T t=9546 s=0.000 lv=-36.6 pk=-35.6 c0=3.7 c1=6.1 kw=5.91 inf=1.37 iv=0.00 n=0 d=0 sk=4 hf=98340 hm=97508 ht=283428 pf=0 pm=0 pt=0 ru=233208 rp=234040
17:54:14.578 @T t=9652 s=0.000 lv=-37.6 pk=-36.3 c0=3.7 c1=5.1 kw=5.00 inf=1.54 iv=0.00 n=0 d=0 sk=3 hf=98340 hm=97508 ht=283428 pf=0 pm=0 pt=0 ru=233208 rp=234040
17:54:14.578 @T t=9758 s=0.000 lv=-35.1 pk=-33.0 c0=3.1 c1=5.1 kw=4.98 inf=1.53 iv=0.00 n=0 d=0 sk=3 hf=98340 hm=97508 ht=283428 pf=0 pm=0 pt=0 ru=233208 rp=234040
17:54:14.578 @T t=9844 s=0.000 lv=-39.3 pk=-37.1 c0=3.6 c1=5.0 kw=4.82 inf=1.80 iv=0.00 n=0 d=0 sk=2 hf=98340 hm=97508 ht=283428 pf=0 pm=0 pt=0 ru=233208 rp=234040
17:54:14.578 @T t=9950 s=0.000 lv=-38.0 pk=-35.7 c0=3.7 c1=6.3 kw=5.89 inf=1.36 iv=0.00 n=0 d=0 sk=4 hf=98340 hm=97508 ht=283428 pf=0 pm=0 pt=0 ru=233208 rp=234040
17:54:14.578 @T t=10056 s=0.000 lv=-37.4 pk=-35.4 c0=7.0 c1=5.7 kw=4.98 inf=1.53 iv=0.00 n=0 d=0 sk=3 hf=98340 hm=97508 ht=283428 pf=0 pm=0 pt=0 ru=233208 rp=234040
17:54:14.578 @T t=10142 s=0.000 lv=-37.7 pk=-36.8 c0=4.0 c1=5.1 kw=4.97 inf=1.86 iv=0.00 n=0 d=0 sk=2 hf=98340 hm=97508 ht=283428 pf=0 pm=0 pt=0 ru=233208 rp=234040
17:54:16.790 @I ww=marvin cut=0.50 win=5 cool=1000 tick=100 wifi=0 srv=0 li=0 ln=0
17:54:16.790 @T t=10254 s=0.000 lv=-38.2 pk=-36.7 c0=10.9 c1=5.7 kw=5.57 inf=1.36 iv=0.00 n=0 d=0 sk=4 hf=98340 hm=97508 ht=283428 pf=0 pm=0 pt=0 ru=233208 rp=234040
17:54:16.790 @T t=10340 s=0.000 lv=-39.1 pk=-38.6 c0=4.3 c1=5.1 kw=4.88 inf=1.83 iv=0.00 n=0 d=0 sk=2 hf=98340 hm=97508 ht=283428 pf=0 pm=0 pt=0 ru=233208 rp=234040
17:54:16.790 @T t=10446 s=0.000 lv=-39.2 pk=-38.4 c0=3.1 c1=6.1 kw=5.93 inf=1.37 iv=0.00 n=0 d=0 sk=4 hf=98340 hm=97508 ht=283428 pf=0 pm=0 pt=0 ru=233208 rp=234040
17:54:16.790 @T t=10552 s=0.000 lv=-36.7 pk=-34.6 c0=2.9 c1=5.0 kw=4.91 inf=1.51 iv=0.00 n=0 d=0 sk=3 hf=98340 hm=97508 ht=283428 pf=0 pm=0 pt=0 ru=233208 rp=234040
17:54:16.790 @T t=10658 s=0.000 lv=-36.6 pk=-36.0 c0=6.2 c1=5.0 kw=4.90 inf=1.51 iv=0.00 n=0 d=0 sk=3 hf=98340 hm=97508 ht=283428 pf=0 pm=0 pt=0 ru=233208 rp=234040
17:54:16.790 @T t=10744 s=0.000 lv=-38.7 pk=-37.2 c0=6.3 c1=5.4 kw=5.03 inf=1.88 iv=0.00 n=0 d=0 sk=2 hf=98340 hm=97508 ht=283428 pf=0 pm=0 pt=0 ru=233208 rp=234040
17:54:16.790 @T t=10850 s=0.000 lv=-39.7 pk=-38.4 c0=4.1 c1=6.2 kw=6.00 inf=1.38 iv=0.00 n=0 d=0 sk=4 hf=98340 hm=97508 ht=283428 pf=0 pm=0 pt=0 ru=233208 rp=234040
17:54:16.790 @T t=10956 s=0.000 lv=-38.8 pk=-37.2 c0=4.0 c1=5.2 kw=5.00 inf=1.54 iv=0.00 n=0 d=0 sk=3 hf=98340 hm=97508 ht=283428 pf=0 pm=0 pt=0 ru=233208 rp=234040
17:54:16.790 @T t=11042 s=0.000 lv=-40.2 pk=-38.8 c0=4.8 c1=5.0 kw=4.85 inf=1.82 iv=0.00 n=0 d=0 sk=2 hf=98340 hm=97508 ht=283428 pf=0 pm=0 pt=0 ru=233208 rp=234040
17:54:16.790 [status] up 11s | mic -37.3 dBFS (peak -32.5) | score max 0.02 | detections 0 | inferences 118 (11.8/s; model 1.20 ms each, paused in quiet 64%; features 1.48 ms per 30 ms) | CPU core0  4.9% core1  6.9% (wake word pipeline 6.91% of one core) | RAM used 227 KB (peak 228 KB, 96 KB free) | wifi --, server -- | audio lost since boot: i2s 0 net 0
17:54:16.790 [stacks] unused bytes: main=1936 IDLE1=720 IDLE0=728 websocket_task=1460 audio_kws=1344 tiT=2452 Tmr Svc=1368 ipc1=536 wifi=4056 esp_timer=3136 streamer=2952 sys_evt=428 ipc0=528
17:54:16.790 @T t=11153 s=0.000 lv=-36.7 pk=-35.5 c0=9.8 c1=6.7 kw=5.85 inf=1.42 iv=0.00 n=0 d=0 sk=4 hf=98152 hm=97492 ht=283428 pf=0 pm=0 pt=0 ru=233396 rp=234056
17:54:16.790 @I ww=marvin cut=0.50 win=5 cool=1000 tick=100 wifi=0 srv=0 li=0 ln=0
17:54:16.790 @T t=11246 s=0.000 lv=-39.1 pk=-37.6 c0=5.6 c1=5.9 kw=5.70 inf=1.54 iv=0.00 n=0 d=0 sk=3 hf=98340 hm=97492 ht=283428 pf=0 pm=0 pt=0 ru=233208 rp=234056
17:54:16.790 @T t=11353 s=0.000 lv=-37.4 pk=-36.2 c0=3.7 c1=5.1 kw=4.96 inf=1.54 iv=0.00 n=0 d=0 sk=3 hf=98340 hm=97492 ht=283428 pf=0 pm=0 pt=0 ru=233208 rp=234056
17:54:16.790 @T t=11439 s=0.000 lv=-38.7 pk=-38.6 c0=4.7 c1=5.2 kw=5.00 inf=1.88 iv=0.00 n=0 d=0 sk=2 hf=98340 hm=97492 ht=283428 pf=0 pm=0 pt=0 ru=233208 rp=234056
17:54:16.790 @T t=11545 s=0.000 lv=-38.9 pk=-38.4 c0=3.8 c1=5.5 kw=5.14 inf=1.55 iv=0.00 n=0 d=0 sk=3 hf=98340 hm=97492 ht=283428 pf=0 pm=0 pt=0 ru=233208 rp=234056
17:54:16.790 @T t=11651 s=0.000 lv=-35.6 pk=-34.1 c0=3.8 c1=6.4 kw=5.88 inf=1.85 iv=0.00 n=0 d=0 sk=3 hf=98340 hm=97492 ht=283428 pf=0 pm=0 pt=0 ru=233208 rp=234056
17:54:16.790 @T t=11757 s=0.000 lv=-37.0 pk=-35.8 c0=3.8 c1=5.0 kw=4.91 inf=1.51 iv=0.00 n=0 d=0 sk=3 hf=98340 hm=97492 ht=283428 pf=0 pm=0 pt=0 ru=233208 rp=234056
17:54:16.790 @T t=11843 s=0.000 lv=-37.7 pk=-36.2 c0=7.2 c1=5.1 kw=4.93 inf=1.85 iv=0.00 n=0 d=0 sk=2 hf=98340 hm=97492 ht=283428 pf=0 pm=0 pt=0 ru=233208 rp=234056
17:54:16.790 @T t=11948 s=0.000 lv=-36.4 pk=-35.0 c0=4.0 c1=6.3 kw=6.06 inf=1.39 iv=0.00 n=0 d=0 sk=4 hf=98340 hm=97492 ht=283428 pf=0 pm=0 pt=0 ru=233208 rp=234056
17:54:16.790 @T t=12054 s=0.000 lv=-38.2 pk=-37.3 c0=4.2 c1=5.2 kw=4.97 inf=1.53 iv=0.00 n=0 d=0 sk=3 hf=98340 hm=97492 ht=283428 pf=0 pm=0 pt=0 ru=233208 rp=234056
17:54:16.790 @T t=12140 s=0.000 lv=-37.7 pk=-35.5 c0=4.0 c1=6.7 kw=4.98 inf=1.87 iv=0.00 n=0 d=0 sk=2 hf=98340 hm=97492 ht=283428 pf=0 pm=0 pt=0 ru=233208 rp=234056
17:54:16.790 @I ww=marvin cut=0.50 win=5 cool=1000 tick=100 wifi=0 srv=0 li=0 ln=0
17:54:16.790 @T t=12252 s=0.000 lv=-37.4 pk=-35.6 c0=10.9 c1=5.7 kw=5.56 inf=1.36 iv=0.00 n=0 d=0 sk=4 hf=98340 hm=97492 ht=283428 pf=0 pm=0 pt=0 ru=233208 rp=234056
17:54:19.374 @T t=12358 s=0.000 lv=-38.0 pk=-35.3 c0=3.4 c1=5.2 kw=4.92 inf=1.52 iv=0.00 n=0 d=0 sk=3 hf=98340 hm=97492 ht=283428 pf=0 pm=0 pt=0 ru=233208 rp=234056
17:54:19.374 @T t=12444 s=0.000 lv=-37.3 pk=-34.5 c0=3.8 c1=4.9 kw=4.92 inf=1.84 iv=0.00 n=0 d=0 sk=2 hf=98340 hm=97492 ht=283428 pf=0 pm=0 pt=0 ru=233208 rp=234056
17:54:19.374 @T t=12550 s=0.000 lv=-38.6 pk=-36.0 c0=6.2 c1=6.1 kw=5.91 inf=1.36 iv=0.00 n=0 d=0 sk=4 hf=98340 hm=97492 ht=283428 pf=0 pm=0 pt=0 ru=233208 rp=234056
17:54:19.374 @T t=12656 s=0.000 lv=-40.8 pk=-39.3 c0=2.9 c1=5.0 kw=4.86 inf=1.49 iv=0.00 n=0 d=0 sk=3 hf=98340 hm=97492 ht=283428 pf=0 pm=0 pt=0 ru=233208 rp=234056
17:54:19.374 @T t=12742 s=0.000 lv=-37.8 pk=-36.5 c0=4.1 c1=5.0 kw=4.87 inf=1.82 iv=0.00 n=0 d=0 sk=2 hf=98340 hm=97492 ht=283428 pf=0 pm=0 pt=0 ru=233208 rp=234056
17:54:19.374 @T t=12848 s=0.000 lv=-38.3 pk=-36.6 c0=3.1 c1=6.1 kw=5.95 inf=1.38 iv=0.00 n=0 d=0 sk=4 hf=98340 hm=97492 ht=283428 pf=0 pm=0 pt=0 ru=233208 rp=234056
17:54:19.374 @T t=12954 s=0.000 lv=-37.7 pk=-35.8 c0=3.1 c1=5.0 kw=4.89 inf=1.50 iv=0.00 n=0 d=0 sk=3 hf=98272 hm=97492 ht=283428 pf=0 pm=0 pt=0 ru=233276 rp=234056
17:54:19.374 @T t=13041 s=0.000 lv=-37.7 pk=-37.0 c0=3.7 c1=4.9 kw=4.80 inf=1.82 iv=0.00 n=0 d=0 sk=2 hf=98272 hm=97492 ht=283428 pf=0 pm=0 pt=0 ru=233276 rp=234056
17:54:19.374 @T t=13147 s=0.000 lv=-38.1 pk=-37.7 c0=9.1 c1=6.5 kw=6.12 inf=1.41 iv=0.00 n=0 d=0 sk=4 hf=98272 hm=97492 ht=283428 pf=0 pm=0 pt=0 ru=233276 rp=234056
17:54:19.374 @I ww=marvin cut=0.50 win=5 cool=1000 tick=100 wifi=0 srv=0 li=0 ln=0
17:54:19.374 @T t=13258 s=0.000 lv=-34.4 pk=-33.7 c0=5.1 c1=5.0 kw=4.85 inf=1.56 iv=0.00 n=0 d=0 sk=3 hf=98272 hm=97492 ht=283428 pf=0 pm=0 pt=0 ru=233276 rp=234056
17:54:19.374 @T t=13344 s=0.004 lv=-33.8 pk=-33.3 c0=5.0 c1=19.8 kw=19.57 inf=1.35 iv=1.01 n=12 d=0 sk=0 hf=98272 hm=97492 ht=283428 pf=0 pm=0 pt=0 ru=233276 rp=234056
17:54:19.375 @T t=13453 s=0.000 lv=-37.9 pk=-36.8 c0=9.7 c1=11.1 kw=10.84 inf=2.73 iv=1.25 n=4 d=0 sk=0 hf=98272 hm=97492 ht=283428 pf=0 pm=0 pt=0 ru=233276 rp=234056
17:54:19.375 @T t=13542 s=0.000 lv=-38.4 pk=-37.1 c0=3.8 c1=9.1 kw=8.96 inf=2.47 iv=1.20 n=3 d=0 sk=0 hf=98272 hm=97492 ht=283428 pf=0 pm=0 pt=0 ru=233276 rp=234056
17:54:19.375 @T t=13648 s=0.000 lv=-36.3 pk=-35.1 c0=7.3 c1=10.7 kw=10.44 inf=2.55 iv=1.12 n=4 d=0 sk=0 hf=98272 hm=97492 ht=283428 pf=0 pm=0 pt=0 ru=233276 rp=234056
17:54:19.375 @T t=13754 s=0.000 lv=-34.7 pk=-32.9 c0=4.1 c1=8.9 kw=8.66 inf=2.82 iv=1.20 n=3 d=0 sk=0 hf=98272 hm=97492 ht=283428 pf=0 pm=0 pt=0 ru=233276 rp=234056
17:54:19.375 @T t=13840 s=0.000 lv=-35.8 pk=-35.4 c0=5.1 c1=10.0 kw=9.78 inf=2.60 iv=1.29 n=3 d=0 sk=0 hf=98272 hm=97492 ht=283428 pf=0 pm=0 pt=0 ru=233276 rp=234056
17:54:19.375 @T t=13946 s=0.000 lv=-38.3 pk=-35.2 c0=4.3 c1=10.4 kw=9.07 inf=2.92 iv=1.29 n=3 d=0 sk=0 hf=98272 hm=97492 ht=283428 pf=0 pm=0 pt=0 ru=233276 rp=234056
17:54:19.375 @T t=14055 s=0.002 lv=-38.4 pk=-37.4 c0=4.0 c1=10.1 kw=10.53 inf=2.69 iv=1.23 n=4 d=0 sk=0 hf=98272 hm=97492 ht=283428 pf=0 pm=0 pt=0 ru=233276 rp=234056
17:54:19.375 @T t=14144 s=0.002 lv=-39.1 pk=-38.1 c0=10.8 c1=10.5 kw=9.19 inf=2.54 iv=1.23 n=3 d=0 sk=0 hf=98272 hm=97492 ht=283428 pf=0 pm=0 pt=0 ru=233276 rp=234056
17:54:19.375 @I ww=marvin cut=0.50 win=5 cool=1000 tick=100 wifi=0 srv=0 li=0 ln=0
17:54:19.375 @T t=14239 s=0.000 lv=-38.3 pk=-37.3 c0=5.7 c1=10.4 kw=10.19 inf=2.98 iv=1.31 n=3 d=0 sk=0 hf=98272 hm=97492 ht=283428 pf=0 pm=0 pt=0 ru=233276 rp=234056
17:54:19.375 @T t=14345 s=0.000 lv=-37.2 pk=-36.2 c0=4.4 c1=9.7 kw=9.32 inf=3.01 iv=1.36 n=3 d=0 sk=0 hf=98272 hm=97492 ht=283428 pf=0 pm=0 pt=0 ru=233276 rp=234056
17:54:19.375 @T t=14451 s=0.001 lv=-36.2 pk=-35.3 c0=4.2 c1=11.3 kw=11.26 inf=2.80 iv=1.33 n=4 d=0 sk=0 hf=98272 hm=97492 ht=283428 pf=0 pm=0 pt=0 ru=233276 rp=234056
17:54:19.375 @T t=14540 s=0.001 lv=-35.9 pk=-35.2 c0=3.8 c1=9.1 kw=8.97 inf=2.47 iv=1.18 n=3 d=0 sk=0 hf=98272 hm=97492 ht=283428 pf=0 pm=0 pt=0 ru=233276 rp=234056
17:54:19.375 @T t=14646 s=0.000 lv=-37.7 pk=-36.0 c0=3.4 c1=9.9 kw=8.57 inf=2.06 iv=0.86 n=4 d=0 sk=0 hf=98272 hm=97492 ht=283428 pf=0 pm=0 pt=0 ru=233276 rp=234056
17:54:19.375 @T t=14752 s=0.000 lv=-36.6 pk=-33.9 c0=3.2 c1=9.7 kw=10.18 inf=3.36 iv=1.47 n=3 d=0 sk=0 hf=98272 hm=97492 ht=283428 pf=0 pm=0 pt=0 ru=233276 rp=234056
17:54:19.375 @T t=14858 s=0.000 lv=-37.5 pk=-36.8 c0=7.1 c1=9.9 kw=9.65 inf=2.38 iv=1.17 n=4 d=0 sk=0 hf=98272 hm=97492 ht=283428 pf=0 pm=0 pt=0 ru=233276 rp=234056
17:54:21.978 @T t=14944 s=0.000 lv=-35.8 pk=-34.8 c0=4.1 c1=8.2 kw=8.05 inf=3.18 iv=1.25 n=2 d=0 sk=0 hf=98272 hm=97492 ht=283428 pf=0 pm=0 pt=0 ru=233276 rp=234056
17:54:21.978 @T t=15050 s=0.000 lv=-34.1 pk=-33.2 c0=6.0 c1=10.7 kw=10.50 inf=2.57 iv=1.12 n=4 d=0 sk=0 hf=98272 hm=97492 ht=283428 pf=0 pm=0 pt=0 ru=233276 rp=234056
17:54:21.978 @T t=15156 s=0.000 lv=-37.0 pk=-35.1 c0=7.6 c1=10.8 kw=9.86 inf=2.43 iv=1.21 n=4 d=0 sk=0 hf=98272 hm=97492 ht=283428 pf=0 pm=0 pt=0 ru=233276 rp=234056
17:54:21.978 @I ww=marvin cut=0.50 win=5 cool=1000 tick=100 wifi=0 srv=0 li=0 ln=0
17:54:21.978 @T t=15247 s=0.000 lv=-37.0 pk=-34.5 c0=4.8 c1=10.1 kw=9.95 inf=2.78 iv=1.19 n=3 d=0 sk=0 hf=98272 hm=97492 ht=283428 pf=0 pm=0 pt=0 ru=233276 rp=234056
17:54:21.978 @T t=15353 s=0.000 lv=-34.5 pk=-34.0 c0=3.2 c1=8.7 kw=8.51 inf=2.77 iv=1.17 n=3 d=0 sk=0 hf=98272 hm=97492 ht=283428 pf=0 pm=0 pt=0 ru=233276 rp=234056
17:54:21.978 @T t=15439 s=0.000 lv=-35.1 pk=-34.1 c0=7.9 c1=5.1 kw=4.96 inf=1.86 iv=0.00 n=0 d=0 sk=2 hf=98272 hm=97492 ht=283428 pf=0 pm=0 pt=0 ru=233276 rp=234056
17:54:21.978 @T t=15545 s=0.000 lv=-37.5 pk=-35.5 c0=5.3 c1=5.7 kw=5.18 inf=1.56 iv=0.00 n=0 d=0 sk=3 hf=98272 hm=97492 ht=283428 pf=0 pm=0 pt=0 ru=233276 rp=234056
17:54:21.978 @T t=15651 s=0.000 lv=-35.9 pk=-34.2 c0=4.1 c1=6.3 kw=5.84 inf=1.84 iv=0.00 n=0 d=0 sk=3 hf=98272 hm=97492 ht=283428 pf=0 pm=0 pt=0 ru=233276 rp=234056
17:54:21.978 @T t=15757 s=0.000 lv=-38.3 pk=-36.8 c0=3.9 c1=5.2 kw=5.03 inf=1.55 iv=0.00 n=0 d=0 sk=3 hf=98272 hm=97492 ht=283428 pf=0 pm=0 pt=0 ru=233276 rp=234056
17:54:21.978 @T t=15843 s=0.000 lv=-37.5 pk=-36.5 c0=3.9 c1=5.0 kw=4.87 inf=1.83 iv=0.00 n=0 d=0 sk=2 hf=98272 hm=97492 ht=283428 pf=0 pm=0 pt=0 ru=233276 rp=234056
17:54:21.978 @T t=15948 s=0.000 lv=-37.1 pk=-33.3 c0=3.8 c1=6.3 kw=6.06 inf=1.39 iv=0.00 n=0 d=0 sk=4 hf=98272 hm=97492 ht=283428 pf=0 pm=0 pt=0 ru=233276 rp=234056
17:54:21.978 @T t=16054 s=0.000 lv=-37.8 pk=-36.5 c0=3.9 c1=5.2 kw=5.03 inf=1.55 iv=0.00 n=0 d=0 sk=3 hf=98272 hm=97492 ht=283428 pf=0 pm=0 pt=0 ru=233276 rp=234056
17:54:21.978 @T t=16140 s=0.000 lv=-39.1 pk=-38.1 c0=5.6 c1=6.1 kw=5.04 inf=1.89 iv=0.00 n=0 d=0 sk=2 hf=98272 hm=97492 ht=283428 pf=0 pm=0 pt=0 ru=233276 rp=234056
17:54:21.978 @I ww=marvin cut=0.50 win=5 cool=1000 tick=100 wifi=0 srv=0 li=0 ln=0
17:54:21.978 @T t=16252 s=0.000 lv=-36.3 pk=-34.1 c0=11.9 c1=5.9 kw=5.71 inf=1.39 iv=0.00 n=0 d=0 sk=4 hf=98272 hm=97492 ht=283428 pf=0 pm=0 pt=0 ru=233276 rp=234056
17:54:21.978 @T t=16358 s=0.000 lv=-37.2 pk=-36.6 c0=3.9 c1=5.2 kw=5.02 inf=1.55 iv=0.00 n=0 d=0 sk=3 hf=98272 hm=97492 ht=283428 pf=0 pm=0 pt=0 ru=233276 rp=234056
17:54:21.978 @T t=16444 s=0.000 lv=-38.2 pk=-36.8 c0=3.9 c1=5.0 kw=4.93 inf=1.85 iv=0.00 n=0 d=0 sk=2 hf=98272 hm=97492 ht=283428 pf=0 pm=0 pt=0 ru=233276 rp=234056
17:54:21.978 @T t=16550 s=0.000 lv=-39.5 pk=-38.3 c0=3.8 c1=6.1 kw=5.93 inf=1.37 iv=0.00 n=0 d=0 sk=4 hf=98272 hm=97492 ht=283428 pf=0 pm=0 pt=0 ru=233276 rp=234056
17:54:21.978 @T t=16656 s=0.000 lv=-39.5 pk=-38.4 c0=3.9 c1=5.1 kw=4.98 inf=1.53 iv=0.00 n=0 d=0 sk=3 hf=98272 hm=97492 ht=283428 pf=0 pm=0 pt=0 ru=233276 rp=234056
17:54:21.978 @T t=16742 s=0.000 lv=-41.4 pk=-41.1 c0=5.0 c1=5.1 kw=4.95 inf=1.85 iv=0.00 n=0 d=0 sk=2 hf=98272 hm=97492 ht=283428 pf=0 pm=0 pt=0 ru=233276 rp=234056
17:54:21.978 @T t=16848 s=0.000 lv=-37.1 pk=-35.5 c0=3.6 c1=6.1 kw=5.97 inf=1.38 iv=0.00 n=0 d=0 sk=4 hf=98272 hm=97492 ht=283428 pf=0 pm=0 pt=0 ru=233276 rp=234056
17:54:21.978 @T t=16954 s=0.000 lv=-38.2 pk=-36.4 c0=3.2 c1=5.1 kw=4.97 inf=1.53 iv=0.00 n=0 d=0 sk=3 hf=98272 hm=97492 ht=283428 pf=0 pm=0 pt=0 ru=233276 rp=234056
17:54:21.978 @T t=17040 s=0.000 lv=-40.8 pk=-38.9 c0=7.7 c1=4.9 kw=4.82 inf=1.80 iv=0.00 n=0 d=0 sk=2 hf=98272 hm=97492 ht=283428 pf=0 pm=0 pt=0 ru=233276 rp=234056
17:54:21.978 @T t=17146 s=0.000 lv=-40.6 pk=-38.4 c0=3.5 c1=6.9 kw=5.97 inf=1.38 iv=0.00 n=0 d=0 sk=4 hf=98272 hm=97492 ht=283428 pf=0 pm=0 pt=0 ru=233276 rp=234056
17:54:21.978 @I ww=marvin cut=0.50 win=5 cool=1000 tick=100 wifi=0 srv=0 li=0 ln=0
17:54:21.978 @T t=17257 s=0.000 lv=-41.4 pk=-40.0 c0=4.3 c1=4.8 kw=4.72 inf=1.52 iv=0.00 n=0 d=0 sk=3 hf=98272 hm=97492 ht=283428 pf=0 pm=0 pt=0 ru=233276 rp=234056
17:54:21.978 @T t=17343 s=0.000 lv=-41.4 pk=-40.9 c0=3.8 c1=5.0 kw=4.84 inf=1.81 iv=0.00 n=0 d=0 sk=2 hf=98272 hm=97492 ht=283428 pf=0 pm=0 pt=0 ru=233276 rp=234056
17:54:21.978 @T t=17448 s=0.000 lv=-41.3 pk=-39.3 c0=2.9 c1=6.1 kw=5.90 inf=1.35 iv=0.00 n=0 d=0 sk=4 hf=98272 hm=97492 ht=283428 pf=0 pm=0 pt=0 ru=233276 rp=234056
17:54:24.476 @T t=17554 s=0.000 lv=-39.9 pk=-38.1 c0=3.4 c1=5.1 kw=4.95 inf=1.52 iv=0.00 n=0 d=0 sk=3 hf=98272 hm=97492 ht=283428 pf=0 pm=0 pt=0 ru=233276 rp=234056
17:54:24.476 @T t=17640 s=0.000 lv=-38.7 pk=-37.1 c0=3.8 c1=5.0 kw=4.88 inf=1.83 iv=0.00 n=0 d=0 sk=2 hf=98272 hm=97492 ht=283428 pf=0 pm=0 pt=0 ru=233276 rp=234056
17:54:24.476 @T t=17746 s=0.000 lv=-40.5 pk=-39.4 c0=2.9 c1=6.0 kw=5.85 inf=1.35 iv=0.00 n=0 d=0 sk=4 hf=98272 hm=97492 ht=283428 pf=0 pm=0 pt=0 ru=233276 rp=234056
17:54:24.476 @T t=17852 s=0.000 lv=-41.6 pk=-40.4 c0=6.2 c1=5.0 kw=4.89 inf=1.51 iv=0.00 n=0 d=0 sk=3 hf=98272 hm=97492 ht=283428 pf=0 pm=0 pt=0 ru=233276 rp=234056
17:54:24.476 @T t=17958 s=0.000 lv=-41.5 pk=-40.2 c0=4.7 c1=5.4 kw=5.09 inf=1.57 iv=0.00 n=0 d=0 sk=3 hf=98272 hm=97492 ht=283428 pf=0 pm=0 pt=0 ru=233276 rp=234056
17:54:24.476 @T t=18044 s=0.000 lv=-42.5 pk=-41.5 c0=5.6 c1=5.1 kw=4.98 inf=1.86 iv=0.00 n=0 d=0 sk=2 hf=98272 hm=97492 ht=283428 pf=0 pm=0 pt=0 ru=233276 rp=234056
17:54:24.476 @T t=18150 s=0.000 lv=-42.5 pk=-39.4 c0=4.6 c1=7.1 kw=6.12 inf=1.41 iv=0.00 n=0 d=0 sk=4 hf=98272 hm=97492 ht=283428 pf=0 pm=0 pt=0 ru=233276 rp=234056
17:54:24.476 @I ww=marvin cut=0.50 win=5 cool=1000 tick=100 wifi=0 srv=0 li=0 ln=0
17:54:24.476 @T t=18241 s=0.000 lv=-41.5 pk=-40.6 c0=4.7 c1=4.7 kw=4.63 inf=1.83 iv=0.00 n=0 d=0 sk=2 hf=98272 hm=97492 ht=283428 pf=0 pm=0 pt=0 ru=233276 rp=234056
17:54:24.476 @T t=18347 s=0.000 lv=-37.8 pk=-35.2 c0=3.7 c1=16.5 kw=16.29 inf=1.26 iv=0.98 n=11 d=0 sk=2 hf=98272 hm=97492 ht=283428 pf=0 pm=0 pt=0 ru=233276 rp=234056
17:54:24.476 @T t=18453 s=0.000 lv=-36.6 pk=-33.4 c0=4.2 c1=8.9 kw=8.64 inf=2.82 iv=1.20 n=3 d=0 sk=0 hf=98272 hm=97492 ht=283428 pf=0 pm=0 pt=0 ru=233276 rp=234056
17:54:24.476 @T t=18539 s=0.001 lv=-39.4 pk=-38.0 c0=5.1 c1=10.0 kw=9.81 inf=2.61 iv=1.30 n=3 d=0 sk=0 hf=98272 hm=97492 ht=283428 pf=0 pm=0 pt=0 ru=233276 rp=234056
17:54:24.476 @T t=18645 s=0.001 lv=-39.4 pk=-38.7 c0=4.2 c1=9.6 kw=9.15 inf=2.95 iv=1.30 n=3 d=0 sk=0 hf=98272 hm=97492 ht=283428 pf=0 pm=0 pt=0 ru=233276 rp=234056
17:54:24.476 @T t=18754 s=0.002 lv=-41.8 pk=-41.2 c0=4.1 c1=11.0 kw=10.97 inf=2.81 iv=1.37 n=4 d=0 sk=0 hf=98272 hm=97492 ht=283428 pf=0 pm=0 pt=0 ru=233276 rp=234056
17:54:24.476 @T t=18843 s=0.005 lv=-41.7 pk=-41.2 c0=3.8 c1=9.1 kw=8.92 inf=2.46 iv=1.18 n=3 d=0 sk=0 hf=98272 hm=97492 ht=283428 pf=0 pm=0 pt=0 ru=233276 rp=234056
17:54:24.476 @T t=18952 s=0.005 lv=-41.4 pk=-39.1 c0=4.0 c1=10.7 kw=10.42 inf=2.62 iv=1.17 n=4 d=0 sk=0 hf=98272 hm=97492 ht=283428 pf=0 pm=0 pt=0 ru=233276 rp=234056
17:54:24.476 @T t=19058 s=0.000 lv=-37.0 pk=-34.8 c0=4.2 c1=8.8 kw=8.65 inf=2.82 iv=1.20 n=3 d=0 sk=0 hf=98272 hm=97492 ht=283428 pf=0 pm=0 pt=0 ru=233276 rp=234056
17:54:24.476 @T t=19144 s=0.000 lv=-35.1 pk=-32.0 c0=5.8 c1=10.9 kw=9.71 inf=2.59 iv=1.26 n=3 d=0 sk=0 hf=98272 hm=97492 ht=283428 pf=0 pm=0 pt=0 ru=233276 rp=234056
17:54:24.476 @I ww=marvin cut=0.50 win=5 cool=1000 tick=100 wifi=0 srv=0 li=0 ln=0
17:54:24.476 @T t=19258 s=0.000 lv=-38.0 pk=-35.5 c0=4.3 c1=10.2 kw=9.99 inf=2.63 iv=1.16 n=4 d=0 sk=0 hf=98272 hm=97492 ht=283428 pf=0 pm=0 pt=0 ru=233276 rp=234056
17:54:24.476 @T t=19344 s=0.000 lv=-34.3 pk=-30.6 c0=4.1 c1=8.1 kw=7.89 inf=3.11 iv=1.20 n=2 d=0 sk=0 hf=98272 hm=97492 ht=283428 pf=0 pm=0 pt=0 ru=233276 rp=234056
17:54:24.476 @T t=19450 s=0.000 lv=-38.8 pk=-37.3 c0=3.3 c1=10.7 kw=10.49 inf=2.57 iv=1.13 n=4 d=0 sk=0 hf=98272 hm=97492 ht=283428 pf=0 pm=0 pt=0 ru=233276 rp=234056
17:54:24.476 @T t=19556 s=0.000 lv=-41.3 pk=-40.3 c0=6.5 c1=9.4 kw=9.19 inf=2.26 iv=1.07 n=4 d=0 sk=0 hf=98272 hm=97492 ht=283428 pf=0 pm=0 pt=0 ru=233276 rp=234056
17:54:24.476 @T t=19642 s=0.000 lv=-38.4 pk=-36.7 c0=4.5 c1=8.1 kw=7.90 inf=3.12 iv=1.18 n=2 d=0 sk=0 hf=98272 hm=97492 ht=283428 pf=0 pm=0 pt=0 ru=233276 rp=234056
17:54:24.476 @T t=19748 s=0.000 lv=-38.6 pk=-37.3 c0=3.3 c1=10.7 kw=10.47 inf=2.56 iv=1.12 n=4 d=0 sk=0 hf=98272 hm=97492 ht=283428 pf=0 pm=0 pt=0 ru=233276 rp=234056
17:54:24.477 @T t=19854 s=0.000 lv=-38.9 pk=-37.2 c0=6.6 c1=9.5 kw=9.31 inf=2.29 iv=1.10 n=4 d=0 sk=0 hf=98272 hm=97492 ht=283428 pf=0 pm=0 pt=0 ru=233276 rp=234056
17:54:24.477 @T t=19940 s=0.000 lv=-39.4 pk=-38.6 c0=4.1 c1=8.3 kw=8.10 inf=3.20 iv=1.26 n=2 d=0 sk=0 hf=98272 hm=97492 ht=283428 pf=0 pm=0 pt=0 ru=233276 rp=234056
17:54:26.769 @T t=20046 s=0.000 lv=-40.4 pk=-38.1 c0=3.8 c1=10.9 kw=10.66 inf=2.61 iv=1.17 n=4 d=0 sk=0 hf=98272 hm=97492 ht=283428 pf=0 pm=0 pt=0 ru=233276 rp=234056
17:54:26.769 @T t=20152 s=0.000 lv=-41.0 pk=-40.2 c0=7.1 c1=10.6 kw=9.63 inf=2.37 iv=1.17 n=4 d=0 sk=0 hf=98272 hm=97492 ht=283428 pf=0 pm=0 pt=0 ru=233276 rp=234056
17:54:26.769 @I ww=marvin cut=0.50 win=5 cool=1000 tick=100 wifi=0 srv=0 li=0 ln=0
17:54:26.770 @T t=20243 s=0.000 lv=-42.3 pk=-40.3 c0=4.8 c1=7.7 kw=7.51 inf=3.14 iv=1.23 n=2 d=0 sk=0 hf=98272 hm=97492 ht=283428 pf=0 pm=0 pt=0 ru=233276 rp=234056
17:54:26.770 @T t=20352 s=0.000 lv=-41.1 pk=-40.0 c0=11.2 c1=11.8 kw=11.53 inf=2.92 iv=1.38 n=4 d=0 sk=0 hf=98272 hm=97492 ht=283428 pf=0 pm=0 pt=0 ru=233276 rp=234056
17:54:26.770 @T t=20458 s=0.000 lv=-40.2 pk=-39.1 c0=4.3 c1=10.3 kw=10.05 inf=2.48 iv=1.24 n=4 d=0 sk=0 hf=98272 hm=97492 ht=283428 pf=0 pm=0 pt=0 ru=233276 rp=234056
17:54:26.770 @T t=20547 s=0.000 lv=-36.4 pk=-33.7 c0=4.6 c1=10.3 kw=9.93 inf=2.72 iv=1.13 n=3 d=0 sk=0 hf=98272 hm=97440 ht=283428 pf=0 pm=0 pt=0 ru=233276 rp=234108
17:54:26.770 @T t=20652 s=0.000 lv=-40.9 pk=-39.3 c0=3.5 c1=8.6 kw=8.51 inf=2.74 iv=1.14 n=3 d=0 sk=0 hf=98272 hm=97440 ht=283428 pf=0 pm=0 pt=0 ru=233276 rp=234108
17:54:26.770 @T t=20758 s=0.000 lv=-43.4 pk=-42.5 c0=4.1 c1=9.8 kw=9.58 inf=2.36 iv=1.15 n=4 d=0 sk=0 hf=98272 hm=97440 ht=283428 pf=0 pm=0 pt=0 ru=233276 rp=234108
17:54:26.770 @T t=20844 s=0.000 lv=-42.1 pk=-41.4 c0=5.1 c1=8.5 kw=8.32 inf=3.28 iv=1.34 n=2 d=0 sk=0 hf=98272 hm=97440 ht=283428 pf=0 pm=0 pt=0 ru=233276 rp=234108
17:54:26.770 @T t=20952 s=0.000 lv=-40.4 pk=-38.6 c0=4.1 c1=11.0 kw=10.75 inf=2.68 iv=1.20 n=4 d=0 sk=0 hf=98272 hm=97440 ht=283428 pf=0 pm=0 pt=0 ru=233276 rp=234108
17:54:26.770 @T t=21058 s=0.000 lv=-41.4 pk=-39.6 c0=4.2 c1=9.9 kw=9.66 inf=2.38 iv=1.17 n=4 d=0 sk=0 hf=98272 hm=97440 ht=283428 pf=0 pm=0 pt=0 ru=233276 rp=234108
17:54:26.770 [status] up 21s | mic -37.9 dBFS (peak -30.6) | score max 0.01 | detections 0 | inferences 180 (18.0/s; model 1.18 ms each, paused in quiet 46%; features 1.42 ms per 30 ms) | CPU core0  4.9% core1  7.8% (wake word pipeline 7.54% of one core) | RAM used 227 KB (peak 228 KB, 95 KB free) | wifi --, server -- | audio lost since boot: i2s 0 net 0
17:54:26.770 @T t=21157 s=0.000 lv=-40.4 pk=-38.9 c0=10.7 c1=9.7 kw=9.47 inf=2.88 iv=1.19 n=3 d=0 sk=0 hf=98272 hm=97440 ht=283428 pf=0 pm=0 pt=0 ru=233276 rp=234108
17:54:26.770 @I ww=marvin cut=0.50 win=5 cool=1000 tick=100 wifi=0 srv=0 li=0 ln=0
17:54:26.770 @T t=21248 s=0.000 lv=-42.9 pk=-41.1 c0=4.8 c1=10.3 kw=10.10 inf=2.83 iv=1.22 n=3 d=0 sk=0 hf=98272 hm=97440 ht=283428 pf=0 pm=0 pt=0 ru=233276 rp=234108
17:54:26.770 @T t=21354 s=0.000 lv=-42.3 pk=-41.1 c0=4.2 c1=10.1 kw=9.92 inf=2.45 iv=1.23 n=4 d=0 sk=0 hf=98272 hm=97440 ht=283428 pf=0 pm=0 pt=0 ru=233276 rp=234108
17:54:26.770 @T t=21440 s=0.000 lv=-41.2 pk=-39.4 c0=5.1 c1=8.8 kw=8.56 inf=3.39 iv=1.42 n=2 d=0 sk=0 hf=98272 hm=97440 ht=283428 pf=0 pm=0 pt=0 ru=233276 rp=234108
17:54:26.770 @T t=21546 s=0.000 lv=-39.4 pk=-37.3 c0=4.4 c1=11.4 kw=11.12 inf=2.73 iv=1.25 n=4 d=0 sk=0 hf=98272 hm=97440 ht=283428 pf=0 pm=0 pt=0 ru=233276 rp=234108
17:54:26.770 @T t=21652 s=0.000 lv=-39.3 pk=-37.9 c0=3.8 c1=9.9 kw=9.70 inf=2.39 iv=1.19 n=4 d=0 sk=0 hf=98272 hm=97440 ht=283428 pf=0 pm=0 pt=0 ru=233276 rp=234108
17:54:26.770 @T t=21758 s=0.000 lv=-40.7 pk=-39.0 c0=3.3 c1=8.7 kw=8.49 inf=2.77 iv=1.18 n=3 d=0 sk=0 hf=98272 hm=97440 ht=283428 pf=0 pm=0 pt=0 ru=233276 rp=234108
17:54:26.770 @T t=21844 s=0.000 lv=-40.9 pk=-38.9 c0=8.0 c1=9.5 kw=9.27 inf=2.46 iv=1.18 n=3 d=0 sk=0 hf=98272 hm=97440 ht=283428 pf=0 pm=0 pt=0 ru=233276 rp=234108
17:54:26.770 @T t=21950 s=0.000 lv=-40.6 pk=-38.7 c0=3.4 c1=10.8 kw=10.59 inf=2.59 iv=1.13 n=4 d=0 sk=0 hf=98272 hm=97440 ht=283428 pf=0 pm=0 pt=0 ru=233276 rp=234108
17:54:26.770 @T t=22056 s=0.000 lv=-41.2 pk=-39.6 c0=7.0 c1=8.7 kw=8.52 inf=2.78 iv=1.18 n=3 d=0 sk=0 hf=98272 hm=97440 ht=283428 pf=0 pm=0 pt=0 ru=233276 rp=234108
17:54:26.770 @T t=22142 s=0.000 lv=-40.3 pk=-39.7 c0=6.0 c1=9.0 kw=8.84 inf=3.51 iv=1.53 n=2 d=0 sk=0 hf=98272 hm=97440 ht=283428 pf=0 pm=0 pt=0 ru=233276 rp=234108
17:54:26.770 @I ww=marvin cut=0.50 win=5 cool=1000 tick=100 wifi=0 srv=0 li=0 ln=0
17:54:26.770 @T t=22254 s=0.000 lv=-40.3 pk=-39.5 c0=3.9 c1=5.7 kw=5.62 inf=1.37 iv=0.00 n=0 d=0 sk=4 hf=98272 hm=97440 ht=283428 pf=0 pm=0 pt=0 ru=233276 rp=234108
17:54:29.373 @T t=22340 s=0.000 lv=-41.3 pk=-40.4 c0=7.8 c1=5.0 kw=4.84 inf=1.82 iv=0.00 n=0 d=0 sk=2 hf=98272 hm=97440 ht=283428 pf=0 pm=0 pt=0 ru=233276 rp=234108
17:54:29.373 @T t=22446 s=0.000 lv=-42.3 pk=-41.0 c0=6.7 c1=6.1 kw=5.88 inf=1.36 iv=0.00 n=0 d=0 sk=4 hf=98272 hm=97440 ht=283428 pf=0 pm=0 pt=0 ru=233276 rp=234108
17:54:29.373 @T t=22552 s=0.000 lv=-40.2 pk=-37.6 c0=3.1 c1=5.0 kw=4.89 inf=1.51 iv=0.00 n=0 d=0 sk=3 hf=98272 hm=97440 ht=283428 pf=0 pm=0 pt=0 ru=233276 rp=234108
17:54:29.373 @T t=22658 s=0.000 lv=-40.4 pk=-39.1 c0=2.9 c1=5.0 kw=4.91 inf=1.51 iv=0.00 n=0 d=0 sk=3 hf=98272 hm=97440 ht=283428 pf=0 pm=0 pt=0 ru=233276 rp=234108
17:54:29.373 @T t=22744 s=0.000 lv=-37.5 pk=-35.2 c0=5.7 c1=18.1 kw=17.69 inf=1.33 iv=0.97 n=11 d=0 sk=0 hf=98272 hm=97440 ht=283428 pf=0 pm=0 pt=0 ru=233276 rp=234108
17:54:29.373 @T t=22852 s=0.000 lv=-39.4 pk=-38.7 c0=9.6 c1=10.9 kw=10.64 inf=2.66 iv=1.19 n=4 d=0 sk=0 hf=98272 hm=97440 ht=283428 pf=0 pm=0 pt=0 ru=233276 rp=234108
17:54:29.373 @T t=22958 s=0.000 lv=-38.8 pk=-37.3 c0=4.3 c1=9.7 kw=9.45 inf=2.33 iv=1.13 n=4 d=0 sk=0 hf=98272 hm=97440 ht=283428 pf=0 pm=0 pt=0 ru=233276 rp=234108
17:54:29.373 @T t=23047 s=0.000 lv=-39.0 pk=-38.0 c0=3.7 c1=10.2 kw=9.99 inf=2.73 iv=1.15 n=3 d=0 sk=0 hf=98272 hm=97440 ht=283428 pf=0 pm=0 pt=0 ru=233276 rp=234108
17:54:29.373 @T t=23153 s=0.000 lv=-40.4 pk=-39.3 c0=5.5 c1=9.2 kw=8.98 inf=2.93 iv=1.31 n=3 d=0 sk=0 hf=98272 hm=97440 ht=283428 pf=0 pm=0 pt=0 ru=233276 rp=234108
17:54:29.373 @I ww=marvin cut=0.50 win=5 cool=1000 tick=100 wifi=0 srv=0 li=0 ln=0
17:54:29.373 @T t=23244 s=0.000 lv=-40.9 pk=-39.7 c0=5.7 c1=9.4 kw=9.17 inf=2.59 iv=1.27 n=3 d=0 sk=0 hf=98272 hm=97440 ht=283428 pf=0 pm=0 pt=0 ru=233276 rp=234108
17:54:29.373 @T t=23353 s=0.000 lv=-40.6 pk=-39.5 c0=9.6 c1=11.0 kw=10.79 inf=2.72 iv=1.24 n=4 d=0 sk=0 hf=98272 hm=97440 ht=283428 pf=0 pm=0 pt=0 ru=233276 rp=234108
17:54:29.373 @T t=23442 s=0.000 lv=-40.8 pk=-39.3 c0=4.8 c1=8.9 kw=8.70 inf=2.39 iv=1.12 n=3 d=0 sk=0 hf=98272 hm=97440 ht=283428 pf=0 pm=0 pt=0 ru=233276 rp=234108
17:54:29.373 @T t=23548 s=0.000 lv=-40.4 pk=-39.3 c0=3.3 c1=10.8 kw=10.57 inf=2.59 iv=1.16 n=4 d=0 sk=0 hf=98272 hm=97440 ht=283428 pf=0 pm=0 pt=0 ru=233276 rp=234108
17:54:29.373 @T t=23654 s=0.000 lv=-39.8 pk=-38.8 c0=7.1 c1=8.8 kw=8.59 inf=2.80 iv=1.19 n=3 d=0 sk=0 hf=98272 hm=97440 ht=283428 pf=0 pm=0 pt=0 ru=233276 rp=234108
17:54:29.373 @T t=23740 s=0.000 lv=-38.7 pk=-35.6 c0=5.2 c1=10.1 kw=9.87 inf=2.63 iv=1.31 n=3 d=0 sk=0 hf=98272 hm=97440 ht=283428 pf=0 pm=0 pt=0 ru=233276 rp=234108
17:54:29.373 @T t=23846 s=0.000 lv=-34.6 pk=-32.9 c0=4.2 c1=10.4 kw=9.08 inf=2.92 iv=1.28 n=3 d=0 sk=0 hf=98272 hm=97440 ht=283428 pf=0 pm=0 pt=0 ru=233276 rp=234108
17:54:29.373 @T t=23955 s=0.000 lv=-40.0 pk=-39.3 c0=4.0 c1=10.0 kw=10.44 inf=2.67 iv=1.22 n=4 d=0 sk=0 hf=98272 hm=97440 ht=283428 pf=0 pm=0 pt=0 ru=233276 rp=234108
17:54:29.373 @T t=24041 s=0.000 lv=-39.2 pk=-38.2 c0=4.9 c1=9.6 kw=9.37 inf=2.50 iv=1.21 n=3 d=0 sk=0 hf=98272 hm=97440 ht=283428 pf=0 pm=0 pt=0 ru=233276 rp=234108
17:54:29.373 @T t=24150 s=0.000 lv=-38.6 pk=-34.9 c0=3.6 c1=11.7 kw=10.78 inf=2.72 iv=1.27 n=4 d=0 sk=0 hf=98272 hm=97440 ht=283428 pf=0 pm=0 pt=0 ru=233276 rp=234108
17:54:29.373 @I ww=marvin cut=0.50 win=5 cool=1000 tick=100 wifi=0 srv=0 li=0 ln=0
17:54:29.373 @T t=24241 s=0.000 lv=-37.2 pk=-33.2 c0=4.8 c1=7.7 kw=7.56 inf=3.16 iv=1.24 n=2 d=0 sk=0 hf=98272 hm=97440 ht=283428 pf=0 pm=0 pt=0 ru=233276 rp=234108
17:54:29.373 @T t=24347 s=0.000 lv=-40.2 pk=-38.8 c0=3.3 c1=10.8 kw=10.58 inf=2.59 iv=1.15 n=4 d=0 sk=0 hf=98272 hm=97440 ht=283428 pf=0 pm=0 pt=0 ru=233276 rp=234108
17:54:29.373 @T t=24453 s=0.000 lv=-40.8 pk=-40.3 c0=7.0 c1=9.8 kw=9.55 inf=2.35 iv=1.15 n=4 d=0 sk=0 hf=98272 hm=97440 ht=283428 pf=0 pm=0 pt=0 ru=233276 rp=234108
17:54:29.373 @T t=24539 s=0.000 lv=-39.9 pk=-38.2 c0=4.0 c1=8.0 kw=7.83 inf=3.08 iv=1.17 n=2 d=0 sk=0 hf=98272 hm=97440 ht=283428 pf=0 pm=0 pt=0 ru=233276 rp=234108
17:54:29.373 @T t=24645 s=0.000 lv=-39.3 pk=-35.8 c0=3.3 c1=10.0 kw=9.55 inf=2.32 iv=1.12 n=4 d=0 sk=0 hf=98272 hm=97440 ht=283428 pf=0 pm=0 pt=0 ru=233276 rp=234108
17:54:29.373 @T t=24751 s=0.000 lv=-40.9 pk=-39.2 c0=6.6 c1=10.7 kw=10.19 inf=2.52 iv=1.10 n=4 d=0 sk=0 hf=98272 hm=97440 ht=283428 pf=0 pm=0 pt=0 ru=233276 rp=234108
17:54:29.373 @T t=24857 s=0.000 lv=-36.0 pk=-33.2 c0=3.9 c1=8.7 kw=8.46 inf=2.76 iv=1.16 n=3 d=0 sk=0 hf=98272 hm=97440 ht=283428 pf=0 pm=0 pt=0 ru=233276 rp=234108
17:54:31.872 @T t=24943 s=0.000 lv=-37.4 pk=-35.7 c0=4.0 c1=9.3 kw=9.08 inf=2.41 iv=1.13 n=3 d=0 sk=0 hf=98272 hm=97440 ht=283428 pf=0 pm=0 pt=0 ru=233276 rp=234108
17:54:31.872 @T t=25051 s=0.000 lv=-38.1 pk=-37.7 c0=2.9 c1=10.2 kw=10.02 inf=2.49 iv=1.07 n=4 d=0 sk=0 hf=98272 hm=97440 ht=283428 pf=0 pm=0 pt=0 ru=233276 rp=234108
17:54:31.872 @T t=25157 s=0.000 lv=-37.3 pk=-36.5 c0=6.1 c1=10.2 kw=9.14 inf=2.98 iv=1.30 n=3 d=0 sk=0 hf=98272 hm=97440 ht=283428 pf=0 pm=0 pt=0 ru=233276 rp=234108
17:54:31.872 @I ww=marvin cut=0.50 win=5 cool=1000 tick=100 wifi=0 srv=0 li=0 ln=0
17:54:31.872 @T t=25252 s=0.000 lv=-38.2 pk=-38.0 c0=5.6 c1=10.1 kw=9.83 inf=2.87 iv=1.24 n=3 d=0 sk=0 hf=98272 hm=97440 ht=283428 pf=0 pm=0 pt=0 ru=233276 rp=234108
17:54:31.872 @T t=25358 s=0.001 lv=-39.6 pk=-38.7 c0=3.3 c1=9.8 kw=9.60 inf=2.37 iv=1.16 n=4 d=0 sk=0 hf=98272 hm=97440 ht=283428 pf=0 pm=0 pt=0 ru=233276 rp=234108
17:54:31.872 @T t=25445 s=0.002 lv=-38.7 pk=-37.8 c0=5.2 c1=8.9 kw=8.40 inf=3.28 iv=1.27 n=2 d=0 sk=0 hf=98272 hm=97440 ht=283428 pf=0 pm=0 pt=0 ru=233276 rp=234108
17:54:31.872 @T t=25551 s=0.004 lv=-39.2 pk=-38.0 c0=4.4 c1=11.5 kw=11.40 inf=2.84 iv=1.34 n=4 d=0 sk=0 hf=98272 hm=97440 ht=283428 pf=0 pm=0 pt=0 ru=233276 rp=234108
17:54:31.872 @T t=25657 s=0.007 lv=-40.2 pk=-37.8 c0=4.2 c1=10.1 kw=9.93 inf=2.45 iv=1.24 n=4 d=0 sk=0 hf=98272 hm=97440 ht=283428 pf=0 pm=0 pt=0 ru=233276 rp=234108
17:54:31.872 @T t=25743 s=0.008 lv=-38.5 pk=-37.6 c0=5.1 c1=8.2 kw=8.05 inf=3.18 iv=1.24 n=2 d=0 sk=0 hf=98272 hm=97440 ht=283428 pf=0 pm=0 pt=0 ru=233276 rp=234108
17:54:31.872 @T t=25852 s=0.007 lv=-37.9 pk=-37.4 c0=4.0 c1=10.8 kw=10.53 inf=2.65 iv=1.18 n=4 d=0 sk=0 hf=98272 hm=97440 ht=283428 pf=0 pm=0 pt=0 ru=233276 rp=234108
17:54:31.872 @T t=25958 s=0.001 lv=-41.0 pk=-40.2 c0=3.5 c1=9.8 kw=9.60 inf=2.37 iv=1.16 n=4 d=0 sk=0 hf=98272 hm=97440 ht=283428 pf=0 pm=0 pt=0 ru=233276 rp=234108
17:54:31.872 @T t=26044 s=0.000 lv=-40.8 pk=-39.2 c0=9.0 c1=8.4 kw=8.21 inf=3.23 iv=1.27 n=2 d=0 sk=0 hf=98272 hm=97440 ht=283428 pf=0 pm=0 pt=0 ru=233276 rp=234108
17:54:31.872 @T t=26152 s=0.000 lv=-39.3 pk=-37.8 c0=4.6 c1=12.2 kw=11.22 inf=2.81 iv=1.30 n=4 d=0 sk=0 hf=98272 hm=97440 ht=283428 pf=0 pm=0 pt=0 ru=233276 rp=234108
17:54:31.872 @I ww=marvin cut=0.50 win=5 cool=1000 tick=100 wifi=0 srv=0 li=0 ln=0
17:54:31.872 @T t=26243 s=0.000 lv=-37.5 pk=-36.2 c0=5.8 c1=9.7 kw=9.42 inf=2.66 iv=1.32 n=3 d=0 sk=0 hf=98272 hm=97440 ht=283428 pf=0 pm=0 pt=0 ru=233276 rp=234108
17:54:31.872 @T t=26349 s=0.000 lv=-38.0 pk=-37.4 c0=4.5 c1=11.2 kw=10.94 inf=2.68 iv=1.21 n=4 d=0 sk=0 hf=98272 hm=97440 ht=283428 pf=0 pm=0 pt=0 ru=233276 rp=234108
17:54:31.872 @T t=26458 s=0.000 lv=-39.4 pk=-39.1 c0=3.7 c1=8.3 kw=8.12 inf=2.72 iv=1.13 n=3 d=0 sk=0 hf=98272 hm=97440 ht=283428 pf=0 pm=0 pt=0 ru=233276 rp=234108
17:54:31.872 @T t=26544 s=0.000 lv=-41.0 pk=-39.9 c0=4.0 c1=5.1 kw=4.96 inf=1.86 iv=0.00 n=0 d=0 sk=2 hf=98272 hm=97440 ht=283428 pf=0 pm=0 pt=0 ru=233276 rp=234108
17:54:31.873 @T t=26650 s=0.000 lv=-39.5 pk=-38.4 c0=6.2 c1=6.1 kw=5.95 inf=1.38 iv=0.00 n=0 d=0 sk=4 hf=98272 hm=97440 ht=283428 pf=0 pm=0 pt=0 ru=233276 rp=234108
17:54:31.873 @T t=26756 s=0.000 lv=-38.9 pk=-37.9 c0=2.9 c1=5.1 kw=4.93 inf=1.52 iv=0.00 n=0 d=0 sk=3 hf=98272 hm=97440 ht=283428 pf=0 pm=0 pt=0 ru=233276 rp=234108
17:54:31.873 @T t=26842 s=0.000 lv=-38.7 pk=-37.9 c0=4.0 c1=5.1 kw=4.90 inf=1.84 iv=0.00 n=0 d=0 sk=2 hf=98272 hm=97440 ht=283428 pf=0 pm=0 pt=0 ru=233276 rp=234108
17:54:31.873 @T t=26948 s=0.000 lv=-40.4 pk=-38.7 c0=3.2 c1=6.1 kw=5.94 inf=1.37 iv=0.00 n=0 d=0 sk=4 hf=98272 hm=97440 ht=283428 pf=0 pm=0 pt=0 ru=233276 rp=234108
17:54:31.873 @T t=27054 s=0.000 lv=-38.1 pk=-36.8 c0=3.0 c1=5.1 kw=4.94 inf=1.52 iv=0.00 n=0 d=0 sk=3 hf=98272 hm=97440 ht=283428 pf=0 pm=0 pt=0 ru=233276 rp=234108
17:54:31.873 @T t=27140 s=0.000 lv=-40.2 pk=-39.7 c0=8.4 c1=6.0 kw=4.92 inf=1.84 iv=0.00 n=0 d=0 sk=2 hf=98272 hm=97440 ht=283428 pf=0 pm=0 pt=0 ru=233276 rp=234108
17:54:31.873 @I ww=marvin cut=0.50 win=5 cool=1000 tick=100 wifi=0 srv=0 li=0 ln=0
17:54:31.873 @T t=27251 s=0.000 lv=-39.0 pk=-37.9 c0=4.3 c1=5.9 kw=5.73 inf=1.39 iv=0.00 n=0 d=0 sk=4 hf=98272 hm=97440 ht=283428 pf=0 pm=0 pt=0 ru=233276 rp=234108
17:54:31.873 @T t=27357 s=0.000 lv=-38.9 pk=-37.8 c0=3.1 c1=5.1 kw=4.93 inf=1.52 iv=0.00 n=0 d=0 sk=3 hf=98272 hm=97440 ht=283428 pf=0 pm=0 pt=0 ru=233276 rp=234108
17:54:34.379 @T t=27443 s=0.000 lv=-39.2 pk=-38.6 c0=3.6 c1=5.0 kw=4.88 inf=1.83 iv=0.00 n=0 d=0 sk=2 hf=98272 hm=97440 ht=283428 pf=0 pm=0 pt=0 ru=233276 rp=234108
17:54:34.379 W (27912) wifi: cannot connect (reason 201). Check the name/password in menuconfig; the ESP32 needs a 2.4 GHz network (201 = network not found, 15/204 = wrong password)
17:54:34.379 @T t=27548 s=0.000 lv=-40.1 pk=-39.3 c0=6.9 c1=6.5 kw=6.10 inf=1.39 iv=0.00 n=0 d=0 sk=4 hf=98272 hm=97440 ht=283428 pf=0 pm=0 pt=0 ru=233276 rp=234108
17:54:34.379 @T t=27654 s=0.000 lv=-40.3 pk=-39.9 c0=7.0 c1=5.0 kw=4.91 inf=1.51 iv=0.00 n=0 d=0 sk=3 hf=98272 hm=97440 ht=283428 pf=0 pm=0 pt=0 ru=233276 rp=234108
17:54:34.379 @T t=27740 s=0.000 lv=-38.8 pk=-38.0 c0=4.7 c1=5.2 kw=4.99 inf=1.87 iv=0.00 n=0 d=0 sk=2 hf=98272 hm=97440 ht=283428 pf=0 pm=0 pt=0 ru=233276 rp=234108
17:54:34.379 @T t=27846 s=0.000 lv=-39.5 pk=-38.7 c0=3.9 c1=6.2 kw=6.01 inf=1.39 iv=0.00 n=0 d=0 sk=4 hf=98272 hm=97440 ht=283428 pf=0 pm=0 pt=0 ru=233276 rp=234108
17:54:34.379 @T t=27952 s=0.000 lv=-38.9 pk=-38.2 c0=4.0 c1=5.2 kw=5.08 inf=1.57 iv=0.00 n=0 d=0 sk=3 hf=98272 hm=97440 ht=283428 pf=0 pm=0 pt=0 ru=233276 rp=234108
17:54:34.379 @T t=28058 s=0.000 lv=-39.7 pk=-38.8 c0=3.9 c1=5.2 kw=5.02 inf=1.54 iv=0.00 n=0 d=0 sk=3 hf=98272 hm=97440 ht=283428 pf=0 pm=0 pt=0 ru=233276 rp=234108
17:54:34.379 @T t=28144 s=0.000 lv=-40.9 pk=-40.4 c0=5.6 c1=6.1 kw=4.98 inf=1.86 iv=0.00 n=0 d=0 sk=2 hf=98272 hm=97440 ht=283428 pf=0 pm=0 pt=0 ru=233276 rp=234108
17:54:34.379 @I ww=marvin cut=0.50 win=5 cool=1000 tick=100 wifi=0 srv=0 li=0 ln=0
17:54:34.379 @T t=28239 s=0.000 lv=-39.2 pk=-37.5 c0=4.4 c1=5.8 kw=5.70 inf=1.57 iv=0.00 n=0 d=0 sk=3 hf=98272 hm=97440 ht=283428 pf=0 pm=0 pt=0 ru=233276 rp=234108
17:54:34.379 @T t=28345 s=0.000 lv=-39.7 pk=-38.3 c0=7.0 c1=5.5 kw=5.13 inf=1.54 iv=0.00 n=0 d=0 sk=3 hf=98272 hm=97440 ht=283428 pf=0 pm=0 pt=0 ru=233276 rp=234108
17:54:34.379 @T t=28451 s=0.000 lv=-39.5 pk=-38.5 c0=3.9 c1=6.4 kw=5.90 inf=1.86 iv=0.00 n=0 d=0 sk=3 hf=98272 hm=97440 ht=283428 pf=0 pm=0 pt=0 ru=233276 rp=234108
17:54:34.379 @T t=28557 s=0.000 lv=-39.2 pk=-37.6 c0=4.0 c1=5.2 kw=5.00 inf=1.54 iv=0.00 n=0 d=0 sk=3 hf=98272 hm=97440 ht=283428 pf=0 pm=0 pt=0 ru=233276 rp=234108
17:54:34.379 @T t=28643 s=0.000 lv=-38.4 pk=-37.5 c0=4.8 c1=5.1 kw=4.96 inf=1.86 iv=0.00 n=0 d=0 sk=2 hf=98272 hm=97440 ht=283428 pf=0 pm=0 pt=0 ru=233276 rp=234108
17:54:34.379 @T t=28752 s=0.000 lv=-39.9 pk=-38.5 c0=3.6 c1=6.0 kw=5.85 inf=1.39 iv=0.00 n=0 d=0 sk=4 hf=98272 hm=97440 ht=283428 pf=0 pm=0 pt=0 ru=233276 rp=234108
17:54:34.379 @T t=28858 s=0.000 lv=-38.7 pk=-38.0 c0=3.5 c1=5.1 kw=4.94 inf=1.52 iv=0.00 n=0 d=0 sk=3 hf=98272 hm=97440 ht=283428 pf=0 pm=0 pt=0 ru=233276 rp=234108
17:54:34.379 @T t=28944 s=0.000 lv=-40.2 pk=-38.6 c0=4.3 c1=5.1 kw=4.92 inf=1.84 iv=0.00 n=0 d=0 sk=2 hf=98272 hm=97440 ht=283428 pf=0 pm=0 pt=0 ru=233276 rp=234108
17:54:34.379 @T t=29050 s=0.000 lv=-41.2 pk=-40.9 c0=3.1 c1=6.0 kw=5.90 inf=1.36 iv=0.00 n=0 d=0 sk=4 hf=98272 hm=97440 ht=283428 pf=0 pm=0 pt=0 ru=233276 rp=234108
17:54:34.379 @T t=29156 s=0.000 lv=-37.8 pk=-35.3 c0=3.5 c1=5.9 kw=5.00 inf=1.54 iv=0.00 n=0 d=0 sk=3 hf=98272 hm=97440 ht=283428 pf=0 pm=0 pt=0 ru=233276 rp=234108
17:54:34.379 @I ww=marvin cut=0.50 win=5 cool=1000 tick=100 wifi=0 srv=0 li=0 ln=0
17:54:34.379 @T t=29247 s=0.000 lv=-38.0 pk=-34.2 c0=5.3 c1=20.8 kw=20.55 inf=1.38 iv=1.01 n=13 d=0 sk=0 hf=98272 hm=97440 ht=283428 pf=0 pm=0 pt=0 ru=233276 rp=234108
17:54:34.379 @T t=29353 s=0.000 lv=-39.6 pk=-39.0 c0=3.3 c1=8.7 kw=8.57 inf=2.79 iv=1.20 n=3 d=0 sk=0 hf=98272 hm=97440 ht=283428 pf=0 pm=0 pt=0 ru=233276 rp=234108
17:54:34.379 @T t=29439 s=0.000 lv=-39.2 pk=-39.0 c0=4.0 c1=9.4 kw=9.21 inf=2.45 iv=1.17 n=3 d=0 sk=0 hf=98272 hm=97440 ht=283428 pf=0 pm=0 pt=0 ru=233276 rp=234108
17:54:34.379 @T t=29545 s=0.000 lv=-39.6 pk=-38.6 c0=6.6 c1=8.9 kw=8.54 inf=2.74 iv=1.14 n=3 d=0 sk=0 hf=98272 hm=97440 ht=283428 pf=0 pm=0 pt=0 ru=233276 rp=234108
17:54:34.379 @T t=29651 s=0.000 lv=-40.0 pk=-38.5 c0=3.9 c1=11.1 kw=11.03 inf=2.74 iv=1.29 n=4 d=0 sk=0 hf=98272 hm=97440 ht=283428 pf=0 pm=0 pt=0 ru=233276 rp=234108
17:54:34.379 @T t=29757 s=0.000 lv=-40.2 pk=-39.4 c0=3.3 c1=8.7 kw=8.53 inf=2.78 iv=1.19 n=3 d=0 sk=0 hf=98272 hm=97440 ht=283428 pf=0 pm=0 pt=0 ru=233276 rp=234108
17:54:34.380 @T t=29843 s=0.000 lv=-38.3 pk=-35.8 c0=4.0 c1=9.5 kw=9.25 inf=2.46 iv=1.16 n=3 d=0 sk=0 hf=98272 hm=97440 ht=283428 pf=0 pm=0 pt=0 ru=233276 rp=234108
17:54:36.683 @T t=29949 s=0.000 lv=-39.3 pk=-37.4 c0=5.6 c1=11.9 kw=11.58 inf=2.86 iv=1.38 n=4 d=0 sk=0 hf=98272 hm=97440 ht=283428 pf=0 pm=0 pt=0 ru=233276 rp=234108
17:54:36.683 @T t=30058 s=0.000 lv=-39.5 pk=-38.1 c0=3.6 c1=8.3 kw=8.19 inf=2.74 iv=1.14 n=3 d=0 sk=0 hf=98272 hm=97440 ht=283428 pf=0 pm=0 pt=0 ru=233276 rp=234108
17:54:36.683 @T t=30144 s=0.000 lv=-41.0 pk=-39.5 c0=6.4 c1=11.0 kw=9.85 inf=2.63 iv=1.29 n=3 d=0 sk=0 hf=98272 hm=97440 ht=283428 pf=0 pm=0 pt=0 ru=233276 rp=234108
17:54:36.683 @I ww=marvin cut=0.50 win=5 cool=1000 tick=100 wifi=0 srv=0 li=0 ln=0
17:54:36.683 @T t=30258 s=0.000 lv=-40.2 pk=-39.3 c0=4.6 c1=10.4 kw=10.18 inf=2.68 iv=1.21 n=4 d=0 sk=0 hf=98272 hm=97440 ht=283428 pf=0 pm=0 pt=0 ru=233276 rp=234108
17:54:36.683 @T t=30344 s=0.000 lv=-40.8 pk=-40.0 c0=5.1 c1=9.8 kw=9.52 inf=2.54 iv=1.24 n=3 d=0 sk=0 hf=98272 hm=97440 ht=283428 pf=0 pm=0 pt=0 ru=233276 rp=234108
17:54:36.683 @T t=30453 s=0.000 lv=-39.9 pk=-37.3 c0=4.0 c1=10.7 kw=10.47 inf=2.63 iv=1.17 n=4 d=0 sk=0 hf=98272 hm=97440 ht=283428 pf=0 pm=0 pt=0 ru=233276 rp=234108
17:54:36.683 @T t=30539 s=0.000 lv=-39.7 pk=-39.2 c0=4.1 c1=7.9 kw=7.75 inf=3.05 iv=1.16 n=2 d=0 sk=0 hf=98272 hm=97440 ht=283428 pf=0 pm=0 pt=0 ru=233276 rp=234108
17:54:36.683 @T t=30645 s=0.000 lv=-39.7 pk=-38.9 c0=4.1 c1=10.2 kw=9.81 inf=2.39 iv=1.17 n=4 d=0 sk=0 hf=98272 hm=97440 ht=283428 pf=0 pm=0 pt=0 ru=233276 rp=234108
17:54:36.683 @T t=30751 s=0.000 lv=-39.6 pk=-37.9 c0=4.1 c1=11.1 kw=10.58 inf=2.62 iv=1.17 n=4 d=0 sk=0 hf=98272 hm=97440 ht=283428 pf=0 pm=0 pt=0 ru=233276 rp=234108
17:54:36.683 @T t=30857 s=0.000 lv=-40.7 pk=-39.7 c0=4.2 c1=5.2 kw=5.05 inf=1.55 iv=0.00 n=0 d=0 sk=3 hf=98272 hm=97440 ht=283428 pf=0 pm=0 pt=0 ru=233276 rp=234108
17:54:36.683 @T t=30943 s=0.000 lv=-39.6 pk=-38.6 c0=4.8 c1=5.1 kw=4.98 inf=1.87 iv=0.00 n=0 d=0 sk=2 hf=98272 hm=97440 ht=283428 pf=0 pm=0 pt=0 ru=233276 rp=234108
17:54:36.683 @T t=31049 s=0.000 lv=-41.7 pk=-38.8 c0=4.0 c1=6.2 kw=5.99 inf=1.38 iv=0.00 n=0 d=0 sk=4 hf=98272 hm=97440 ht=283428 pf=0 pm=0 pt=0 ru=233276 rp=234108
17:54:36.683 [status] up 31s | mic -39.4 dBFS (peak -32.9) | score max 0.01 | detections 0 | inferences 233 (23.3/s; model 1.19 ms each, paused in quiet 31%; features 1.41 ms per 30 ms) | CPU core0  4.8% core1  8.5% (wake word pipeline 8.25% of one core) | RAM used 227 KB (peak 228 KB, 95 KB free) | wifi --, server -- | audio lost since boot: i2s 0 net 0
17:54:36.683 @T t=31157 s=0.000 lv=-40.6 pk=-39.6 c0=9.0 c1=6.0 kw=5.00 inf=1.57 iv=0.00 n=0 d=0 sk=3 hf=98272 hm=97440 ht=283428 pf=0 pm=0 pt=0 ru=233276 rp=234108
17:54:36.683 @I ww=marvin cut=0.50 win=5 cool=1000 tick=100 wifi=0 srv=0 li=0 ln=0
17:54:36.683 @T t=31248 s=0.000 lv=-36.0 pk=-33.9 c0=4.9 c1=19.2 kw=19.01 inf=1.38 iv=0.98 n=12 d=0 sk=0 hf=98272 hm=97440 ht=283428 pf=0 pm=0 pt=0 ru=233276 rp=234108
17:54:36.683 @T t=31354 s=0.000 lv=-35.3 pk=-33.1 c0=3.9 c1=8.7 kw=8.49 inf=2.76 iv=1.16 n=3 d=0 sk=0 hf=98272 hm=97440 ht=283428 pf=0 pm=0 pt=0 ru=233276 rp=234108
17:54:36.683 @T t=31440 s=0.000 lv=-38.7 pk=-37.3 c0=4.0 c1=9.3 kw=9.09 inf=2.41 iv=1.13 n=3 d=0 sk=0 hf=98272 hm=97440 ht=283428 pf=0 pm=0 pt=0 ru=233276 rp=234108
17:54:36.683 @T t=31546 s=0.000 lv=-39.9 pk=-37.9 c0=3.3 c1=9.9 kw=8.56 inf=2.06 iv=0.87 n=4 d=0 sk=0 hf=98272 hm=97440 ht=283428 pf=0 pm=0 pt=0 ru=233276 rp=234108
17:54:36.683 @T t=31652 s=0.000 lv=-39.5 pk=-38.4 c0=3.7 c1=9.9 kw=10.41 inf=3.44 iv=1.51 n=3 d=0 sk=0 hf=98272 hm=97440 ht=283428 pf=0 pm=0 pt=0 ru=233276 rp=234108
17:54:36.683 @T t=31758 s=0.000 lv=-40.4 pk=-39.3 c0=3.3 c1=9.7 kw=9.54 inf=2.35 iv=1.16 n=4 d=0 sk=0 hf=98272 hm=97440 ht=283428 pf=0 pm=0 pt=0 ru=233276 rp=234108
17:54:36.683 @T t=31844 s=0.000 lv=-40.1 pk=-39.5 c0=8.0 c1=8.1 kw=7.96 inf=3.14 iv=1.22 n=2 d=0 sk=0 hf=98272 hm=97440 ht=283428 pf=0 pm=0 pt=0 ru=233276 rp=234108
17:54:36.683 @T t=31950 s=0.000 lv=-40.0 pk=-38.9 c0=3.5 c1=10.8 kw=10.55 inf=2.58 iv=1.14 n=4 d=0 sk=0 hf=98272 hm=97440 ht=283428 pf=0 pm=0 pt=0 ru=233276 rp=234108
17:54:36.683 @T t=32056 s=0.000 lv=-34.8 pk=-32.6 c0=7.0 c1=9.9 kw=9.68 inf=2.38 iv=1.18 n=4 d=0 sk=0 hf=98272 hm=97440 ht=283428 pf=0 pm=0 pt=0 ru=233276 rp=234108
17:54:36.684 @T t=32142 s=0.000 lv=-38.1 pk=-36.6 c0=4.7 c1=9.2 kw=8.06 inf=3.18 iv=1.24 n=2 d=0 sk=0 hf=98272 hm=97440 ht=283428 pf=0 pm=0 pt=0 ru=233276 rp=234108
17:54:36.684 @I ww=marvin cut=0.50 win=5 cool=1000 tick=100 wifi=0 srv=0 li=0 ln=0
17:54:39.270 @T t=32253 s=0.000 lv=-36.8 pk=-35.3 c0=4.0 c1=10.3 kw=10.07 inf=2.58 iv=1.15 n=4 d=0 sk=0 hf=98272 hm=97440 ht=283428 pf=0 pm=0 pt=0 ru=233276 rp=234108
17:54:39.270 @T t=32339 s=0.000 lv=-41.6 pk=-40.1 c0=4.0 c1=9.4 kw=9.19 inf=2.44 iv=1.17 n=3 d=0 sk=0 hf=98272 hm=97440 ht=283428 pf=0 pm=0 pt=0 ru=233276 rp=234108
17:54:39.270 @T t=32445 s=0.000 lv=-34.8 pk=-33.5 c0=5.4 c1=9.7 kw=9.18 inf=2.96 iv=1.32 n=3 d=0 sk=0 hf=98272 hm=97440 ht=283428 pf=0 pm=0 pt=0 ru=233276 rp=234108
17:54:39.270 @T t=32551 s=0.000 lv=-37.4 pk=-36.3 c0=6.9 c1=11.4 kw=11.38 inf=2.83 iv=1.37 n=4 d=0 sk=0 hf=98272 hm=97440 ht=283428 pf=0 pm=0 pt=0 ru=233276 rp=234108
17:54:39.270 @T t=32657 s=0.001 lv=-39.0 pk=-38.2 c0=4.2 c1=10.2 kw=9.94 inf=2.45 iv=1.23 n=4 d=0 sk=0 hf=98272 hm=97440 ht=283428 pf=0 pm=0 pt=0 ru=233276 rp=234108
17:54:39.270 @T t=32743 s=0.004 lv=-41.7 pk=-40.2 c0=5.1 c1=8.3 kw=8.11 inf=3.19 iv=1.24 n=2 d=0 sk=0 hf=98272 hm=97440 ht=283428 pf=0 pm=0 pt=0 ru=233276 rp=234108
17:54:39.270 @T t=32849 s=0.015 lv=-36.6 pk=-33.0 c0=6.8 c1=11.0 kw=10.70 inf=2.62 iv=1.17 n=4 d=0 sk=0 hf=98272 hm=97440 ht=283428 pf=0 pm=0 pt=0 ru=233276 rp=234108
17:54:39.270 @T t=32955 s=0.022 lv=-39.9 pk=-38.4 c0=3.5 c1=9.7 kw=9.50 inf=2.34 iv=1.15 n=4 d=0 sk=0 hf=98272 hm=97440 ht=283428 pf=0 pm=0 pt=0 ru=233276 rp=234108
17:54:39.270 @T t=33041 s=0.016 lv=-39.7 pk=-38.6 c0=5.1 c1=8.3 kw=8.09 inf=3.19 iv=1.27 n=2 d=0 sk=0 hf=98272 hm=97440 ht=283428 pf=0 pm=0 pt=0 ru=233276 rp=234108
17:54:39.270 @T t=33147 s=0.012 lv=-43.3 pk=-42.3 c0=4.7 c1=12.1 kw=11.13 inf=2.73 iv=1.28 n=4 d=0 sk=0 hf=98272 hm=97440 ht=283428 pf=0 pm=0 pt=0 ru=233276 rp=234108
17:54:39.270 @I ww=marvin cut=0.50 win=5 cool=1000 tick=100 wifi=0 srv=0 li=0 ln=0
17:54:39.270 @T t=33242 s=0.010 lv=-42.9 pk=-41.9 c0=5.4 c1=9.1 kw=8.92 inf=2.63 iv=1.32 n=3 d=0 sk=0 hf=98272 hm=97440 ht=283428 pf=0 pm=0 pt=0 ru=233276 rp=234108
17:54:39.270 @T t=33348 s=0.001 lv=-42.2 pk=-40.6 c0=4.2 c1=11.3 kw=11.06 inf=2.71 iv=1.25 n=4 d=0 sk=0 hf=98272 hm=97440 ht=283428 pf=0 pm=0 pt=0 ru=233276 rp=234108
17:54:39.270 @T t=33457 s=0.000 lv=-41.5 pk=-39.4 c0=4.0 c1=8.6 kw=8.37 inf=2.80 iv=1.18 n=3 d=0 sk=0 hf=98272 hm=97440 ht=283428 pf=0 pm=0 pt=0 ru=233276 rp=234108
17:54:39.270 @T t=33543 s=0.000 lv=-36.1 pk=-35.0 c0=4.0 c1=9.6 kw=9.38 inf=2.50 iv=1.21 n=3 d=0 sk=0 hf=98272 hm=97440 ht=283428 pf=0 pm=0 pt=0 ru=233276 rp=234108
17:54:39.270 @T t=33649 s=0.000 lv=-36.0 pk=-35.2 c0=4.3 c1=11.0 kw=10.73 inf=2.63 iv=1.19 n=4 d=0 sk=0 hf=98272 hm=97440 ht=283428 pf=0 pm=0 pt=0 ru=233276 rp=234108
17:54:39.270 @T t=33755 s=0.000 lv=-36.3 pk=-35.7 c0=3.8 c1=8.8 kw=8.57 inf=2.79 iv=1.18 n=3 d=0 sk=0 hf=98272 hm=97440 ht=283428 pf=0 pm=0 pt=0 ru=233276 rp=234108
17:54:39.270 @T t=33841 s=0.000 lv=-38.5 pk=-37.8 c0=4.0 c1=9.2 kw=9.03 inf=2.40 iv=1.12 n=3 d=0 sk=0 hf=98272 hm=97440 ht=283428 pf=0 pm=0 pt=0 ru=233276 rp=234108
17:54:39.270 @T t=33947 s=0.000 lv=-37.3 pk=-36.5 c0=3.4 c1=10.8 kw=10.51 inf=2.57 iv=1.14 n=4 d=0 sk=0 hf=98272 hm=97440 ht=283428 pf=0 pm=0 pt=0 ru=233276 rp=234108
17:54:39.270 @T t=34053 s=0.000 lv=-35.4 pk=-34.8 c0=3.7 c1=8.6 kw=8.38 inf=2.72 iv=1.11 n=3 d=0 sk=0 hf=98272 hm=97440 ht=283428 pf=0 pm=0 pt=0 ru=233276 rp=234108
17:54:39.270 @T t=34139 s=0.000 lv=-35.4 pk=-34.7 c0=4.6 c1=10.8 kw=9.70 inf=2.59 iv=1.28 n=3 d=0 sk=0 hf=98272 hm=97440 ht=283428 pf=0 pm=0 pt=0 ru=233276 rp=234108
17:54:39.270 @I ww=marvin cut=0.50 win=5 cool=1000 tick=100 wifi=0 srv=0 li=0 ln=0
17:54:39.270 @T t=34250 s=0.000 lv=-32.7 pk=-30.4 c0=4.0 c1=10.1 kw=9.88 inf=2.53 iv=1.11 n=4 d=0 sk=0 hf=98272 hm=97440 ht=283428 pf=0 pm=0 pt=0 ru=233276 rp=234108
17:54:39.270 @T t=34356 s=0.000 lv=-36.2 pk=-33.6 c0=3.3 c1=8.6 kw=8.36 inf=2.72 iv=1.13 n=3 d=0 sk=0 hf=98272 hm=97440 ht=283428 pf=0 pm=0 pt=0 ru=233276 rp=234108
17:54:39.270 @T t=34442 s=0.000 lv=-35.1 pk=-34.0 c0=4.6 c1=9.8 kw=9.58 inf=2.55 iv=1.24 n=3 d=0 sk=0 hf=98272 hm=97440 ht=283428 pf=0 pm=0 pt=0 ru=233276 rp=234108
17:54:39.270 @T t=34548 s=0.000 lv=-34.3 pk=-33.6 c0=3.4 c1=10.9 kw=10.68 inf=2.62 iv=1.16 n=4 d=0 sk=0 hf=98272 hm=97440 ht=283428 pf=0 pm=0 pt=0 ru=233276 rp=234108
17:54:39.270 @T t=34654 s=0.000 lv=-37.6 pk=-36.2 c0=6.5 c1=8.6 kw=8.44 inf=2.74 iv=1.17 n=3 d=0 sk=0 hf=98272 hm=97440 ht=283428 pf=0 pm=0 pt=0 ru=233276 rp=234108
17:54:39.270 @T t=34740 s=0.000 lv=-37.3 pk=-34.6 c0=4.0 c1=9.4 kw=9.17 inf=2.44 iv=1.16 n=3 d=0 sk=0 hf=98272 hm=97440 ht=283428 pf=0 pm=0 pt=0 ru=233276 rp=234108
17:54:41.774 @T t=34846 s=0.000 lv=-37.3 pk=-35.6 c0=5.6 c1=10.7 kw=9.22 inf=2.23 iv=1.00 n=4 d=0 sk=0 hf=98272 hm=97440 ht=283428 pf=0 pm=0 pt=0 ru=233276 rp=234108
17:54:41.774 @T t=34955 s=0.000 lv=-35.9 pk=-35.4 c0=4.6 c1=10.2 kw=10.65 inf=3.62 iv=1.65 n=3 d=0 sk=0 hf=98272 hm=97440 ht=283428 pf=0 pm=0 pt=0 ru=233276 rp=234108
17:54:41.774 @T t=35041 s=0.000 lv=-35.7 pk=-34.7 c0=5.2 c1=10.2 kw=9.93 inf=2.65 iv=1.30 n=3 d=0 sk=0 hf=98272 hm=97440 ht=283428 pf=0 pm=0 pt=0 ru=233276 rp=234108
17:54:41.774 @T t=35147 s=0.000 lv=-35.3 pk=-34.3 c0=4.7 c1=12.2 kw=11.46 inf=2.82 iv=1.34 n=4 d=0 sk=0 hf=98272 hm=97440 ht=283428 pf=0 pm=0 pt=0 ru=233276 rp=234108
17:54:41.774 @I ww=marvin cut=0.50 win=5 cool=1000 tick=100 wifi=0 srv=0 li=0 ln=0
17:54:41.774 @T t=35242 s=0.000 lv=-35.7 pk=-34.9 c0=4.4 c1=8.9 kw=8.43 inf=2.48 iv=1.20 n=3 d=0 sk=0 hf=98272 hm=97440 ht=283428 pf=0 pm=0 pt=0 ru=233276 rp=234108
17:54:41.774 @T t=35348 s=0.000 lv=-38.2 pk=-37.3 c0=4.7 c1=10.9 kw=10.65 inf=2.61 iv=1.16 n=4 d=0 sk=0 hf=98272 hm=97440 ht=283428 pf=0 pm=0 pt=0 ru=233276 rp=234108
17:54:41.774 @T t=35454 s=0.000 lv=-36.5 pk=-34.2 c0=4.1 c1=8.9 kw=8.69 inf=2.83 iv=1.21 n=3 d=0 sk=0 hf=98272 hm=97440 ht=283428 pf=0 pm=0 pt=0 ru=233276 rp=234108
17:54:41.774 @T t=35540 s=0.000 lv=-37.1 pk=-36.6 c0=5.1 c1=10.0 kw=9.75 inf=2.60 iv=1.29 n=3 d=0 sk=0 hf=98272 hm=97440 ht=283428 pf=0 pm=0 pt=0 ru=233276 rp=234108
17:54:41.774 @T t=35646 s=0.000 lv=-37.4 pk=-34.7 c0=4.2 c1=10.4 kw=9.00 inf=2.90 iv=1.27 n=3 d=0 sk=0 hf=98272 hm=97440 ht=283428 pf=0 pm=0 pt=0 ru=233276 rp=234108
17:54:41.774 @T t=35752 s=0.000 lv=-37.9 pk=-37.1 c0=4.2 c1=10.1 kw=10.55 inf=2.62 iv=1.17 n=4 d=0 sk=0 hf=98272 hm=97440 ht=283428 pf=0 pm=0 pt=0 ru=233276 rp=234108
17:54:41.774 @T t=35858 s=0.000 lv=-38.7 pk=-38.1 c0=4.4 c1=8.5 kw=8.35 inf=2.71 iv=1.12 n=3 d=0 sk=0 hf=98272 hm=97440 ht=283428 pf=0 pm=0 pt=0 ru=233276 rp=234108
17:54:41.774 @T t=35944 s=0.000 lv=-37.0 pk=-35.9 c0=4.0 c1=9.3 kw=9.14 inf=2.43 iv=1.15 n=3 d=0 sk=0 hf=98272 hm=97440 ht=283428 pf=0 pm=0 pt=0 ru=233276 rp=234108
17:54:41.774 @T t=36053 s=0.000 lv=-36.5 pk=-35.4 c0=4.0 c1=10.9 kw=10.62 inf=2.67 iv=1.20 n=4 d=0 sk=0 hf=98272 hm=97440 ht=283428 pf=0 pm=0 pt=0 ru=233276 rp=234108
17:54:41.774 @T t=36139 s=0.000 lv=-37.1 pk=-36.2 c0=6.4 c1=10.3 kw=9.96 inf=2.66 iv=1.34 n=3 d=0 sk=0 hf=98272 hm=97440 ht=283428 pf=0 pm=0 pt=0 ru=233276 rp=234108
17:54:41.775 @I ww=marvin cut=0.50 win=5 cool=1000 tick=100 wifi=0 srv=0 li=0 ln=0
17:54:41.775 @T t=36250 s=0.000 lv=-36.7 pk=-36.2 c0=3.9 c1=10.2 kw=9.97 inf=2.56 iv=1.13 n=4 d=0 sk=0 hf=98272 hm=97440 ht=283428 pf=0 pm=0 pt=0 ru=233276 rp=234108
17:54:41.775 @T t=36356 s=0.000 lv=-36.7 pk=-36.2 c0=3.2 c1=8.6 kw=8.43 inf=2.75 iv=1.16 n=3 d=0 sk=0 hf=98272 hm=97440 ht=283428 pf=0 pm=0 pt=0 ru=233276 rp=234108
17:54:41.775 @T t=36442 s=0.000 lv=-37.5 pk=-36.8 c0=8.0 c1=9.4 kw=9.19 inf=2.44 iv=1.18 n=3 d=0 sk=0 hf=98272 hm=97440 ht=283428 pf=0 pm=0 pt=0 ru=233276 rp=234108
17:54:41.775 @T t=36548 s=0.000 lv=-37.4 pk=-36.3 c0=3.8 c1=10.7 kw=10.48 inf=2.56 iv=1.14 n=4 d=0 sk=0 hf=98272 hm=97440 ht=283428 pf=0 pm=0 pt=0 ru=233276 rp=234108
17:54:41.775 @T t=36654 s=0.000 lv=-39.1 pk=-38.2 c0=3.3 c1=8.4 kw=8.27 inf=2.69 iv=1.11 n=3 d=0 sk=0 hf=98272 hm=97440 ht=283428 pf=0 pm=0 pt=0 ru=233276 rp=234108
17:54:41.775 @T t=36740 s=0.000 lv=-38.1 pk=-36.9 c0=4.0 c1=9.1 kw=8.95 inf=2.38 iv=1.11 n=3 d=0 sk=0 hf=98272 hm=97440 ht=283428 pf=0 pm=0 pt=0 ru=233276 rp=234108
17:54:41.775 @T t=36846 s=0.000 lv=-38.1 pk=-37.1 c0=3.8 c1=10.0 kw=8.67 inf=2.78 iv=1.17 n=3 d=0 sk=0 hf=98272 hm=97440 ht=283428 pf=0 pm=0 pt=0 ru=233276 rp=234108
17:54:41.775 @T t=36952 s=0.000 lv=-38.7 pk=-38.1 c0=3.4 c1=9.7 kw=10.22 inf=2.53 iv=1.12 n=4 d=0 sk=0 hf=98272 hm=97440 ht=283428 pf=0 pm=0 pt=0 ru=233276 rp=234108
17:54:41.775 @T t=37058 s=0.000 lv=-36.5 pk=-35.5 c0=3.2 c1=8.5 kw=8.29 inf=2.69 iv=1.11 n=3 d=0 sk=0 hf=98272 hm=97440 ht=283428 pf=0 pm=0 pt=0 ru=233276 rp=234108
17:54:41.775 @T t=37144 s=0.000 lv=-38.0 pk=-37.2 c0=4.6 c1=10.8 kw=9.59 inf=2.56 iv=1.26 n=3 d=0 sk=0 hf=98272 hm=97440 ht=283428 pf=0 pm=0 pt=0 ru=233276 rp=234108
17:54:41.775 @I ww=marvin cut=0.50 win=5 cool=1000 tick=100 wifi=0 srv=0 li=0 ln=0
17:54:41.775 @T t=37239 s=0.000 lv=-37.6 pk=-37.1 c0=18.5 c1=10.5 kw=10.17 inf=2.96 iv=1.28 n=3 d=0 sk=0 hf=98272 hm=97440 ht=283428 pf=0 pm=0 pt=0 ru=233276 rp=234108
17:54:44.375 @T t=37345 s=0.000 lv=-36.5 pk=-35.7 c0=4.2 c1=5.5 kw=5.18 inf=1.56 iv=0.00 n=0 d=0 sk=3 hf=98272 hm=97440 ht=283428 pf=0 pm=0 pt=0 ru=233276 rp=234108
17:54:44.375 @T t=37451 s=0.000 lv=-37.2 pk=-36.3 c0=3.9 c1=6.3 kw=5.86 inf=1.84 iv=0.00 n=0 d=0 sk=3 hf=98272 hm=97440 ht=283428 pf=0 pm=0 pt=0 ru=233276 rp=234108
17:54:44.375 @T t=37557 s=0.000 lv=-37.5 pk=-36.2 c0=3.9 c1=5.2 kw=5.01 inf=1.54 iv=0.00 n=0 d=0 sk=3 hf=98272 hm=97440 ht=283428 pf=0 pm=0 pt=0 ru=233276 rp=234108
17:54:44.375 @T t=37643 s=0.000 lv=-38.8 pk=-38.4 c0=3.9 c1=5.0 kw=4.92 inf=1.85 iv=0.00 n=0 d=0 sk=2 hf=98272 hm=97440 ht=283428 pf=0 pm=0 pt=0 ru=233276 rp=234108
17:54:44.375 @T t=37748 s=0.000 lv=-37.9 pk=-35.2 c0=6.4 c1=6.2 kw=6.00 inf=1.37 iv=0.00 n=0 d=0 sk=4 hf=98272 hm=97440 ht=283428 pf=0 pm=0 pt=0 ru=233276 rp=234108
17:54:44.375 @T t=37854 s=0.000 lv=-34.9 pk=-33.3 c0=4.0 c1=5.2 kw=5.01 inf=1.54 iv=0.00 n=0 d=0 sk=3 hf=98272 hm=97440 ht=283428 pf=0 pm=0 pt=0 ru=233276 rp=234108
17:54:44.375 @T t=37940 s=0.000 lv=-38.0 pk=-36.1 c0=4.8 c1=5.2 kw=4.98 inf=1.87 iv=0.00 n=0 d=0 sk=2 hf=98272 hm=97440 ht=283428 pf=0 pm=0 pt=0 ru=233276 rp=234108
17:54:44.375 @T t=38046 s=0.000 lv=-38.3 pk=-37.3 c0=3.9 c1=6.2 kw=6.00 inf=1.39 iv=0.00 n=0 d=0 sk=4 hf=98272 hm=97440 ht=283428 pf=0 pm=0 pt=0 ru=233276 rp=234108
17:54:44.375 @T t=38152 s=0.000 lv=-35.7 pk=-34.4 c0=4.5 c1=6.1 kw=5.14 inf=1.58 iv=0.00 n=0 d=0 sk=3 hf=98272 hm=97440 ht=283428 pf=0 pm=0 pt=0 ru=233276 rp=234108
17:54:44.375 @I ww=marvin cut=0.50 win=5 cool=1000 tick=100 wifi=0 srv=0 li=0 ln=0
17:54:44.375 @T t=38243 s=0.000 lv=-36.9 pk=-36.1 c0=4.8 c1=4.7 kw=4.62 inf=1.83 iv=0.00 n=0 d=0 sk=2 hf=98272 hm=97440 ht=283428 pf=0 pm=0 pt=0 ru=233276 rp=234108
17:54:44.375 @T t=38348 s=0.000 lv=-36.7 pk=-35.4 c0=3.8 c1=6.2 kw=6.01 inf=1.38 iv=0.00 n=0 d=0 sk=4 hf=98272 hm=97440 ht=283428 pf=0 pm=0 pt=0 ru=233276 rp=234108
17:54:44.375 @T t=38454 s=0.000 lv=-37.2 pk=-35.7 c0=4.1 c1=5.2 kw=4.99 inf=1.54 iv=0.00 n=0 d=0 sk=3 hf=98272 hm=97440 ht=283428 pf=0 pm=0 pt=0 ru=233276 rp=234108
17:54:44.375 @T t=38540 s=0.000 lv=-36.4 pk=-35.8 c0=4.4 c1=5.0 kw=4.90 inf=1.84 iv=0.00 n=0 d=0 sk=2 hf=98272 hm=97440 ht=283428 pf=0 pm=0 pt=0 ru=233276 rp=234108
17:54:44.375 @T t=38646 s=0.000 lv=-37.2 pk=-34.5 c0=3.0 c1=6.0 kw=5.88 inf=1.36 iv=0.00 n=0 d=0 sk=4 hf=98272 hm=97440 ht=283428 pf=0 pm=0 pt=0 ru=233276 rp=234108
17:54:44.375 @T t=38752 s=0.000 lv=-37.0 pk=-35.8 c0=2.9 c1=5.1 kw=4.94 inf=1.52 iv=0.00 n=0 d=0 sk=3 hf=98272 hm=97440 ht=283428 pf=0 pm=0 pt=0 ru=233276 rp=234108
17:54:44.375 @T t=38839 s=0.000 lv=-39.0 pk=-38.6 c0=3.6 c1=4.9 kw=4.79 inf=1.82 iv=0.00 n=0 d=0 sk=2 hf=98272 hm=97440 ht=283428 pf=0 pm=0 pt=0 ru=233276 rp=234108
17:54:44.375 @T t=38945 s=0.000 lv=-39.3 pk=-38.3 c0=3.4 c1=5.5 kw=5.07 inf=1.52 iv=0.00 n=0 d=0 sk=3 hf=98272 hm=97440 ht=283428 pf=0 pm=0 pt=0 ru=233276 rp=234108
17:54:44.375 @T t=39051 s=0.000 lv=-39.8 pk=-38.4 c0=3.1 c1=6.2 kw=5.77 inf=1.82 iv=0.00 n=0 d=0 sk=3 hf=98272 hm=97440 ht=283428 pf=0 pm=0 pt=0 ru=233276 rp=234108
17:54:44.375 @T t=39158 s=0.000 lv=-39.4 pk=-38.3 c0=3.5 c1=5.8 kw=4.91 inf=1.53 iv=0.00 n=0 d=0 sk=3 hf=98272 hm=97440 ht=283428 pf=0 pm=0 pt=0 ru=233276 rp=234108
17:54:44.375 @I ww=marvin cut=0.50 win=5 cool=1000 tick=100 wifi=0 srv=0 li=0 ln=0
17:54:44.375 @T t=39249 s=0.000 lv=-37.8 pk=-37.2 c0=5.3 c1=6.0 kw=5.84 inf=1.54 iv=0.00 n=0 d=0 sk=3 hf=98272 hm=97440 ht=283428 pf=0 pm=0 pt=0 ru=233276 rp=234108
17:54:44.375 @T t=39355 s=0.000 lv=-36.7 pk=-34.4 c0=3.1 c1=5.1 kw=4.95 inf=1.52 iv=0.00 n=0 d=0 sk=3 hf=98272 hm=97440 ht=283428 pf=0 pm=0 pt=0 ru=233276 rp=234108
17:54:44.375 @T t=39441 s=0.000 lv=-37.1 pk=-36.3 c0=3.6 c1=5.0 kw=4.89 inf=1.84 iv=0.00 n=0 d=0 sk=2 hf=98272 hm=97440 ht=283428 pf=0 pm=0 pt=0 ru=233276 rp=234108
17:54:44.375 @T t=39547 s=0.000 lv=-36.7 pk=-35.8 c0=2.9 c1=6.0 kw=5.87 inf=1.36 iv=0.00 n=0 d=0 sk=4 hf=98272 hm=97440 ht=283428 pf=0 pm=0 pt=0 ru=233276 rp=234108
17:54:44.375 @T t=39653 s=0.000 lv=-38.3 pk=-36.8 c0=5.1 c1=5.4 kw=5.08 inf=1.56 iv=0.00 n=0 d=0 sk=3 hf=98272 hm=97440 ht=283428 pf=0 pm=0 pt=0 ru=233276 rp=234108
17:54:44.375 @T t=39739 s=0.000 lv=-37.4 pk=-35.8 c0=5.5 c1=5.2 kw=5.02 inf=1.88 iv=0.00 n=0 d=0 sk=2 hf=98272 hm=97440 ht=283428 pf=0 pm=0 pt=0 ru=233276 rp=234108
17:54:44.375 @T t=39845 s=0.000 lv=-37.9 pk=-36.2 c0=3.9 c1=5.5 kw=5.14 inf=1.54 iv=0.00 n=0 d=0 sk=3 hf=98272 hm=97440 ht=283428 pf=0 pm=0 pt=0 ru=233276 rp=234108
17:54:46.679 @T t=39951 s=0.000 lv=-37.3 pk=-36.1 c0=4.0 c1=6.4 kw=5.89 inf=1.85 iv=0.00 n=0 d=0 sk=3 hf=98272 hm=97440 ht=283428 pf=0 pm=0 pt=0 ru=233276 rp=234108
17:54:46.679 @T t=40057 s=0.000 lv=-38.1 pk=-37.0 c0=3.2 c1=5.0 kw=4.93 inf=1.52 iv=0.00 n=0 d=0 sk=3 hf=98272 hm=97440 ht=283428 pf=0 pm=0 pt=0 ru=233276 rp=234108
17:54:46.679 @T t=40143 s=0.000 lv=-38.5 pk=-38.1 c0=6.6 c1=5.4 kw=5.04 inf=1.88 iv=0.00 n=0 d=0 sk=2 hf=98272 hm=97440 ht=283428 pf=0 pm=0 pt=0 ru=233276 rp=234108
17:54:46.679 @I ww=marvin cut=0.50 win=5 cool=1000 tick=100 wifi=0 srv=0 li=0 ln=0
17:54:46.679 @T t=40257 s=0.000 lv=-38.0 pk=-37.5 c0=4.4 c1=5.8 kw=5.62 inf=1.39 iv=0.00 n=0 d=0 sk=4 hf=98272 hm=97440 ht=283428 pf=0 pm=0 pt=0 ru=233276 rp=234108
17:54:46.680 @T t=40343 s=0.000 lv=-37.7 pk=-36.6 c0=4.8 c1=5.1 kw=4.94 inf=1.85 iv=0.00 n=0 d=0 sk=2 hf=98272 hm=97440 ht=283428 pf=0 pm=0 pt=0 ru=233276 rp=234108
17:54:46.680 @T t=40449 s=0.000 lv=-37.0 pk=-36.4 c0=3.9 c1=6.2 kw=6.04 inf=1.39 iv=0.00 n=0 d=0 sk=4 hf=98272 hm=97440 ht=283428 pf=0 pm=0 pt=0 ru=233276 rp=234108
17:54:46.680 @T t=40555 s=0.000 lv=-37.4 pk=-36.3 c0=3.9 c1=5.2 kw=5.02 inf=1.55 iv=0.00 n=0 d=0 sk=3 hf=98272 hm=97440 ht=283428 pf=0 pm=0 pt=0 ru=233276 rp=234108
17:54:46.680 @T t=40641 s=0.000 lv=-36.6 pk=-35.7 c0=4.0 c1=5.0 kw=4.93 inf=1.84 iv=0.00 n=0 d=0 sk=2 hf=98272 hm=97440 ht=283428 pf=0 pm=0 pt=0 ru=233276 rp=234108
17:54:46.680 @T t=40747 s=0.000 lv=-35.3 pk=-34.2 c0=3.8 c1=6.2 kw=5.99 inf=1.39 iv=0.00 n=0 d=0 sk=4 hf=98272 hm=97440 ht=283428 pf=0 pm=0 pt=0 ru=233276 rp=234108
17:54:46.680 @T t=40853 s=0.000 lv=-36.3 pk=-34.5 c0=4.2 c1=5.3 kw=5.02 inf=1.55 iv=0.00 n=0 d=0 sk=3 hf=98272 hm=97440 ht=283428 pf=0 pm=0 pt=0 ru=233276 rp=234108
17:54:46.680 @T t=40939 s=0.000 lv=-38.8 pk=-38.2 c0=4.5 c1=5.0 kw=4.99 inf=1.87 iv=0.00 n=0 d=0 sk=2 hf=98272 hm=97440 ht=283428 pf=0 pm=0 pt=0 ru=233276 rp=234108
17:54:46.680 @T t=41045 s=0.000 lv=-37.3 pk=-35.1 c0=3.1 c1=5.4 kw=5.04 inf=1.51 iv=0.00 n=0 d=0 sk=3 hf=98272 hm=97440 ht=283428 pf=0 pm=0 pt=0 ru=233276 rp=234108
17:54:46.680 [status] up 41s | mic -37.3 dBFS (peak -30.4) | score max 0.02 | detections 0 | inferences 211 (21.1/s; model 1.18 ms each, paused in quiet 35%; features 1.46 ms per 30 ms) | CPU core0  4.5% core1  8.2% (wake word pipeline 7.94% of one core) | RAM used 227 KB (peak 228 KB, 95 KB free) | wifi --, server -- | audio lost since boot: i2s 0 net 0
17:54:46.680 @T t=41153 s=0.000 lv=-37.8 pk=-35.9 c0=25.1 c1=6.4 kw=5.91 inf=1.89 iv=0.00 n=0 d=0 sk=3 hf=98272 hm=97440 ht=283428 pf=0 pm=0 pt=0 ru=233276 rp=234108
17:54:46.680 @I ww=marvin cut=0.50 win=5 cool=1000 tick=100 wifi=0 srv=0 li=0 ln=0
17:54:46.680 @T t=41245 s=0.000 lv=-37.6 pk=-35.6 c0=4.5 c1=5.1 kw=4.75 inf=1.23 iv=0.00 n=0 d=0 sk=3 hf=98272 hm=97440 ht=283428 pf=0 pm=0 pt=0 ru=233276 rp=234108
17:54:46.680 @T t=41351 s=0.000 lv=-37.2 pk=-36.9 c0=6.7 c1=6.2 kw=5.80 inf=1.83 iv=0.00 n=0 d=0 sk=3 hf=98272 hm=97440 ht=283428 pf=0 pm=0 pt=0 ru=233276 rp=234108
17:54:46.680 @T t=41457 s=0.000 lv=-37.9 pk=-36.1 c0=3.0 c1=5.0 kw=4.91 inf=1.51 iv=0.00 n=0 d=0 sk=3 hf=98272 hm=97440 ht=283428 pf=0 pm=0 pt=0 ru=233276 rp=234108
17:54:46.680 @T t=41543 s=0.000 lv=-38.2 pk=-37.5 c0=3.6 c1=4.9 kw=4.81 inf=1.80 iv=0.00 n=0 d=0 sk=2 hf=98272 hm=97440 ht=283428 pf=0 pm=0 pt=0 ru=233276 rp=234108
17:54:46.680 @T t=41649 s=0.000 lv=-37.2 pk=-35.7 c0=3.4 c1=6.1 kw=5.95 inf=1.38 iv=0.00 n=0 d=0 sk=4 hf=98272 hm=97440 ht=283428 pf=0 pm=0 pt=0 ru=233276 rp=234108
17:54:46.680 @T t=41755 s=0.000 lv=-37.2 pk=-36.5 c0=3.0 c1=5.1 kw=4.94 inf=1.52 iv=0.00 n=0 d=0 sk=3 hf=98272 hm=97440 ht=283428 pf=0 pm=0 pt=0 ru=233276 rp=234108
17:54:46.680 @T t=41841 s=0.000 lv=-35.6 pk=-34.3 c0=7.7 c1=5.0 kw=4.85 inf=1.82 iv=0.00 n=0 d=0 sk=2 hf=98272 hm=97440 ht=283428 pf=0 pm=0 pt=0 ru=233276 rp=234108
17:54:46.680 @T t=41947 s=0.000 lv=-35.3 pk=-34.1 c0=3.1 c1=6.0 kw=5.87 inf=1.36 iv=0.00 n=0 d=0 sk=4 hf=98272 hm=97440 ht=283428 pf=0 pm=0 pt=0 ru=233276 rp=234108
17:54:46.680 @T t=42053 s=0.000 lv=-35.4 pk=-34.4 c0=5.1 c1=5.4 kw=5.08 inf=1.56 iv=0.00 n=0 d=0 sk=3 hf=98272 hm=97440 ht=283428 pf=0 pm=0 pt=0 ru=233276 rp=234108
17:54:46.680 @T t=42139 s=0.000 lv=-35.9 pk=-35.1 c0=5.3 c1=6.5 kw=5.13 inf=1.92 iv=0.00 n=0 d=0 sk=2 hf=98272 hm=97440 ht=283428 pf=0 pm=0 pt=0 ru=233276 rp=234108
17:54:46.680 @I ww=marvin cut=0.50 win=5 cool=1000 tick=100 wifi=0 srv=0 li=0 ln=0
17:54:49.268 @T t=42250 s=0.000 lv=-36.9 pk=-35.2 c0=4.6 c1=5.9 kw=5.73 inf=1.39 iv=0.00 n=0 d=0 sk=4 hf=98272 hm=97440 ht=283428 pf=0 pm=0 pt=0 ru=233276 rp=234108
17:54:49.269 @T t=42356 s=0.000 lv=-36.6 pk=-35.8 c0=3.9 c1=5.1 kw=4.93 inf=1.52 iv=0.00 n=0 d=0 sk=3 hf=98272 hm=97440 ht=283428 pf=0 pm=0 pt=0 ru=233276 rp=234108
17:54:49.269 @T t=42442 s=0.000 lv=-34.9 pk=-31.5 c0=3.9 c1=19.2 kw=19.00 inf=1.31 iv=0.99 n=12 d=0 sk=0 hf=98272 hm=97440 ht=283428 pf=0 pm=0 pt=0 ru=233276 rp=234108
17:54:49.269 @T t=42548 s=0.000 lv=-34.4 pk=-33.2 c0=7.4 c1=11.2 kw=10.91 inf=2.67 iv=1.20 n=4 d=0 sk=0 hf=98272 hm=97440 ht=283428 pf=0 pm=0 pt=0 ru=233276 rp=234108
17:54:49.269 @T t=42654 s=0.000 lv=-34.8 pk=-32.8 c0=4.2 c1=9.2 kw=9.00 inf=2.94 iv=1.30 n=3 d=0 sk=0 hf=98272 hm=97440 ht=283428 pf=0 pm=0 pt=0 ru=233276 rp=234108
17:54:49.269 @T t=42740 s=0.000 lv=-37.2 pk=-36.9 c0=5.1 c1=10.1 kw=9.84 inf=2.63 iv=1.30 n=3 d=0 sk=0 hf=98272 hm=97440 ht=283428 pf=0 pm=0 pt=0 ru=233276 rp=234108
17:54:49.269 @T t=42846 s=0.000 lv=-36.0 pk=-34.8 c0=4.2 c1=10.1 kw=8.74 inf=2.80 iv=1.21 n=3 d=0 sk=0 hf=98272 hm=97440 ht=283428 pf=0 pm=0 pt=0 ru=233276 rp=234108
17:54:49.269 @T t=42952 s=0.000 lv=-37.1 pk=-36.3 c0=3.5 c1=10.3 kw=11.19 inf=2.79 iv=1.24 n=4 d=0 sk=0 hf=98084 hm=97412 ht=283428 pf=0 pm=0 pt=0 ru=233464 rp=234136
17:54:49.269 @T t=43040 s=0.000 lv=-37.1 pk=-36.9 c0=5.3 c1=9.5 kw=9.27 inf=2.53 iv=1.22 n=3 d=0 sk=0 hf=98272 hm=97412 ht=283428 pf=0 pm=0 pt=0 ru=233276 rp=234136
17:54:49.269 @T t=43147 s=0.000 lv=-37.8 pk=-37.2 c0=5.2 c1=12.3 kw=11.62 inf=2.89 iv=1.38 n=4 d=0 sk=0 hf=98272 hm=97412 ht=283428 pf=0 pm=0 pt=0 ru=233276 rp=234136
17:54:49.269 @I ww=marvin cut=0.50 win=5 cool=1000 tick=100 wifi=0 srv=0 li=0 ln=0
17:54:49.269 @T t=43258 s=0.000 lv=-39.4 pk=-39.1 c0=4.9 c1=8.8 kw=8.58 inf=2.93 iv=1.30 n=3 d=0 sk=0 hf=98272 hm=97412 ht=283428 pf=0 pm=0 pt=0 ru=233276 rp=234136
17:54:49.269 @T t=43344 s=0.000 lv=-38.0 pk=-37.1 c0=4.7 c1=9.8 kw=9.59 inf=2.55 iv=1.25 n=3 d=0 sk=0 hf=98272 hm=97412 ht=283428 pf=0 pm=0 pt=0 ru=233276 rp=234136
17:54:49.269 @T t=43453 s=0.000 lv=-36.9 pk=-35.9 c0=3.2 c1=10.7 kw=10.44 inf=2.62 iv=1.16 n=4 d=0 sk=0 hf=98272 hm=97412 ht=283428 pf=0 pm=0 pt=0 ru=233276 rp=234136
17:54:49.269 @T t=43539 s=0.000 lv=-36.5 pk=-36.0 c0=4.0 c1=9.2 kw=8.97 inf=2.38 iv=1.11 n=3 d=0 sk=0 hf=98272 hm=97412 ht=283428 pf=0 pm=0 pt=0 ru=233276 rp=234136
17:54:49.269 @T t=43645 s=0.000 lv=-36.7 pk=-36.3 c0=3.2 c1=8.9 kw=8.51 inf=2.73 iv=1.14 n=3 d=0 sk=0 hf=98272 hm=97412 ht=283428 pf=0 pm=0 pt=0 ru=233276 rp=234136
17:54:49.269 @T t=43754 s=0.000 lv=-37.8 pk=-36.7 c0=3.5 c1=10.4 kw=10.39 inf=2.65 iv=1.22 n=4 d=0 sk=0 hf=98272 hm=97412 ht=283428 pf=0 pm=0 pt=0 ru=233276 rp=234136
17:54:49.269 @T t=43840 s=0.000 lv=-37.1 pk=-35.6 c0=4.1 c1=9.2 kw=8.99 inf=2.39 iv=1.12 n=3 d=0 sk=0 hf=98272 hm=97412 ht=283428 pf=0 pm=0 pt=0 ru=233276 rp=234136
17:54:49.269 @T t=43946 s=0.000 lv=-38.5 pk=-37.6 c0=3.4 c1=9.7 kw=8.40 inf=2.69 iv=1.10 n=3 d=0 sk=0 hf=98272 hm=97412 ht=283428 pf=0 pm=0 pt=0 ru=233276 rp=234136
17:54:49.269 @T t=44052 s=0.000 lv=-36.6 pk=-34.9 c0=7.0 c1=6.3 kw=6.76 inf=1.62 iv=0.98 n=1 d=0 sk=3 hf=98272 hm=97412 ht=283428 pf=0 pm=0 pt=0 ru=233276 rp=234136
17:54:49.269 @T t=44158 s=0.000 lv=-37.3 pk=-36.6 c0=3.7 c1=5.9 kw=5.04 inf=1.56 iv=0.00 n=0 d=0 sk=3 hf=98272 hm=97412 ht=283428 pf=0 pm=0 pt=0 ru=233276 rp=234136
17:54:49.269 @I ww=marvin cut=0.50 win=5 cool=1000 tick=100 wifi=0 srv=0 li=0 ln=0
17:54:49.269 @T t=44249 s=0.000 lv=-37.4 pk=-36.7 c0=13.0 c1=5.9 kw=5.82 inf=1.54 iv=0.00 n=0 d=0 sk=3 hf=98272 hm=97412 ht=283428 pf=0 pm=0 pt=0 ru=233276 rp=234136
17:54:49.269 @T t=44355 s=0.000 lv=-37.3 pk=-36.8 c0=6.2 c1=5.0 kw=4.89 inf=1.51 iv=0.00 n=0 d=0 sk=3 hf=98272 hm=97412 ht=283428 pf=0 pm=0 pt=0 ru=233276 rp=234136
17:54:49.269 @T t=44441 s=0.000 lv=-39.2 pk=-38.5 c0=10.5 c1=5.3 kw=4.99 inf=1.87 iv=0.00 n=0 d=0 sk=2 hf=98272 hm=97412 ht=283428 pf=0 pm=0 pt=0 ru=233276 rp=234136
17:54:49.269 @T t=44547 s=0.000 lv=-38.0 pk=-36.5 c0=4.6 c1=6.2 kw=6.01 inf=1.39 iv=0.00 n=0 d=0 sk=4 hf=98272 hm=97412 ht=283428 pf=0 pm=0 pt=0 ru=233276 rp=234136
17:54:49.269 @T t=44653 s=0.000 lv=-36.1 pk=-35.4 c0=3.9 c1=5.2 kw=5.01 inf=1.54 iv=0.00 n=0 d=0 sk=3 hf=98272 hm=97412 ht=283428 pf=0 pm=0 pt=0 ru=233276 rp=234136
17:54:49.269 @T t=44739 s=0.000 lv=-38.3 pk=-37.5 c0=3.9 c1=5.0 kw=4.90 inf=1.84 iv=0.00 n=0 d=0 sk=2 hf=98272 hm=97412 ht=283428 pf=0 pm=0 pt=0 ru=233276 rp=234136
17:54:51.780 @T t=44845 s=0.000 lv=-37.2 pk=-34.9 c0=3.7 c1=5.5 kw=5.11 inf=1.54 iv=0.00 n=0 d=0 sk=3 hf=98272 hm=97412 ht=283428 pf=0 pm=0 pt=0 ru=233276 rp=234136
17:54:51.780 @T t=44951 s=0.000 lv=-35.6 pk=-34.8 c0=4.0 c1=6.4 kw=5.88 inf=1.85 iv=0.00 n=0 d=0 sk=3 hf=98272 hm=97412 ht=283428 pf=0 pm=0 pt=0 ru=233276 rp=234136
17:54:51.780 @T t=45057 s=0.000 lv=-35.4 pk=-34.1 c0=3.9 c1=5.2 kw=5.02 inf=1.55 iv=0.00 n=0 d=0 sk=3 hf=98272 hm=97412 ht=283428 pf=0 pm=0 pt=0 ru=233276 rp=234136
17:54:51.781 @T t=45143 s=0.000 lv=-35.8 pk=-34.8 c0=5.6 c1=6.2 kw=5.11 inf=1.91 iv=0.00 n=0 d=0 sk=2 hf=98272 hm=97412 ht=283428 pf=0 pm=0 pt=0 ru=233276 rp=234136
17:54:51.781 @I ww=marvin cut=0.50 win=5 cool=1000 tick=100 wifi=0 srv=0 li=0 ln=0
17:54:51.781 @T t=45254 s=0.000 lv=-37.5 pk=-36.5 c0=4.6 c1=5.9 kw=5.74 inf=1.39 iv=0.00 n=0 d=0 sk=4 hf=98272 hm=97412 ht=283428 pf=0 pm=0 pt=0 ru=233276 rp=234136
17:54:51.781 @T t=45340 s=0.000 lv=-39.0 pk=-38.3 c0=3.9 c1=5.0 kw=4.91 inf=1.84 iv=0.00 n=0 d=0 sk=2 hf=98272 hm=97412 ht=283428 pf=0 pm=0 pt=0 ru=233276 rp=234136
17:54:51.781 @T t=45446 s=0.000 lv=-34.6 pk=-33.3 c0=3.8 c1=6.2 kw=6.03 inf=1.40 iv=0.00 n=0 d=0 sk=4 hf=98272 hm=97412 ht=283428 pf=0 pm=0 pt=0 ru=233276 rp=234136
17:54:51.781 @T t=45552 s=0.000 lv=-38.4 pk=-37.3 c0=3.9 c1=5.2 kw=5.00 inf=1.54 iv=0.00 n=0 d=0 sk=3 hf=98272 hm=97412 ht=283428 pf=0 pm=0 pt=0 ru=233276 rp=234136
17:54:51.781 @T t=45658 s=0.000 lv=-36.5 pk=-36.0 c0=3.9 c1=5.1 kw=4.98 inf=1.53 iv=0.00 n=0 d=0 sk=3 hf=98272 hm=97412 ht=283428 pf=0 pm=0 pt=0 ru=233276 rp=234136
17:54:51.781 @T t=45744 s=0.000 lv=-36.2 pk=-35.9 c0=4.6 c1=5.1 kw=4.94 inf=1.85 iv=0.00 n=0 d=0 sk=2 hf=98272 hm=97412 ht=283428 pf=0 pm=0 pt=0 ru=233276 rp=234136
17:54:51.781 @T t=45850 s=0.000 lv=-36.1 pk=-35.5 c0=6.3 c1=6.1 kw=5.94 inf=1.37 iv=0.00 n=0 d=0 sk=4 hf=98272 hm=97412 ht=283428 pf=0 pm=0 pt=0 ru=233276 rp=234136
17:54:51.781 @T t=45956 s=0.000 lv=-38.2 pk=-36.5 c0=6.2 c1=5.0 kw=4.90 inf=1.51 iv=0.00 n=0 d=0 sk=3 hf=98272 hm=97412 ht=283428 pf=0 pm=0 pt=0 ru=233276 rp=234136
17:54:51.781 @T t=46043 s=0.000 lv=-38.1 pk=-36.7 c0=3.7 c1=5.0 kw=4.82 inf=1.83 iv=0.00 n=0 d=0 sk=2 hf=98272 hm=97412 ht=283428 pf=0 pm=0 pt=0 ru=233276 rp=234136
17:54:51.781 @T t=46149 s=0.000 lv=-36.5 pk=-35.6 c0=7.0 c1=7.0 kw=6.05 inf=1.40 iv=0.00 n=0 d=0 sk=4 hf=98272 hm=97412 ht=283428 pf=0 pm=0 pt=0 ru=233276 rp=234136
17:54:51.781 @I ww=marvin cut=0.50 win=5 cool=1000 tick=100 wifi=0 srv=0 li=0 ln=0
17:54:51.781 @T t=46240 s=0.000 lv=-35.8 pk=-35.6 c0=4.7 c1=4.7 kw=4.64 inf=1.84 iv=0.00 n=0 d=0 sk=2 hf=98272 hm=97412 ht=283428 pf=0 pm=0 pt=0 ru=233276 rp=234136
17:54:51.781 @T t=46346 s=0.000 lv=-37.4 pk=-36.3 c0=6.2 c1=6.0 kw=5.85 inf=1.35 iv=0.00 n=0 d=0 sk=4 hf=98272 hm=97412 ht=283428 pf=0 pm=0 pt=0 ru=233276 rp=234136
17:54:51.782 @T t=46452 s=0.000 lv=-35.8 pk=-34.5 c0=3.5 c1=5.1 kw=4.94 inf=1.52 iv=0.00 n=0 d=0 sk=3 hf=98272 hm=97412 ht=283428 pf=0 pm=0 pt=0 ru=233276 rp=234136
17:54:51.782 @T t=46558 s=0.000 lv=-35.6 pk=-33.9 c0=3.1 c1=5.1 kw=4.94 inf=1.52 iv=0.00 n=0 d=0 sk=3 hf=98272 hm=97412 ht=283428 pf=0 pm=0 pt=0 ru=233276 rp=234136
17:54:51.782 @T t=46644 s=0.000 lv=-34.0 pk=-32.8 c0=3.6 c1=5.0 kw=4.88 inf=1.83 iv=0.00 n=0 d=0 sk=2 hf=98272 hm=97412 ht=283428 pf=0 pm=0 pt=0 ru=233276 rp=234136
17:54:51.782 @T t=46750 s=0.000 lv=-37.9 pk=-37.0 c0=3.0 c1=6.0 kw=5.88 inf=1.36 iv=0.00 n=0 d=0 sk=4 hf=98272 hm=97412 ht=283428 pf=0 pm=0 pt=0 ru=233276 rp=234136
17:54:51.782 @T t=46856 s=0.000 lv=-36.8 pk=-35.5 c0=4.8 c1=5.5 kw=5.28 inf=1.63 iv=0.00 n=0 d=0 sk=3 hf=98272 hm=97412 ht=283428 pf=0 pm=0 pt=0 ru=233276 rp=234136
17:54:51.782 @T t=46942 s=0.000 lv=-36.9 pk=-35.3 c0=8.5 c1=5.1 kw=4.91 inf=1.84 iv=0.00 n=0 d=0 sk=2 hf=98272 hm=97412 ht=283428 pf=0 pm=0 pt=0 ru=233276 rp=234136
17:54:51.782 @T t=47048 s=0.000 lv=-38.1 pk=-37.0 c0=3.9 c1=6.2 kw=5.97 inf=1.38 iv=0.00 n=0 d=0 sk=4 hf=98272 hm=97412 ht=283428 pf=0 pm=0 pt=0 ru=233276 rp=234136
17:54:51.782 @T t=47154 s=0.000 lv=-37.5 pk=-36.7 c0=6.9 c1=5.9 kw=5.08 inf=1.57 iv=0.00 n=0 d=0 sk=3 hf=98272 hm=97412 ht=283428 pf=0 pm=0 pt=0 ru=233276 rp=234136
17:54:51.782 @I ww=marvin cut=0.50 win=5 cool=1000 tick=100 wifi=0 srv=0 li=0 ln=0
17:54:51.782 @T t=47245 s=0.000 lv=-38.7 pk=-37.9 c0=14.0 c1=5.3 kw=4.89 inf=1.25 iv=0.00 n=0 d=0 sk=3 hf=98272 hm=97412 ht=283428 pf=0 pm=0 pt=0 ru=233276 rp=234136
17:54:54.368 @T t=47351 s=0.000 lv=-36.5 pk=-34.8 c0=3.9 c1=6.3 kw=5.86 inf=1.84 iv=0.00 n=0 d=0 sk=3 hf=98272 hm=97412 ht=283428 pf=0 pm=0 pt=0 ru=233276 rp=234136
17:54:54.368 @T t=47457 s=0.000 lv=-36.0 pk=-35.1 c0=3.9 c1=5.1 kw=4.98 inf=1.53 iv=0.00 n=0 d=0 sk=3 hf=98272 hm=97412 ht=283428 pf=0 pm=0 pt=0 ru=233276 rp=234136
17:54:54.368 @T t=47543 s=0.000 lv=-36.0 pk=-34.7 c0=4.8 c1=5.0 kw=4.89 inf=1.83 iv=0.00 n=0 d=0 sk=2 hf=98272 hm=97412 ht=283428 pf=0 pm=0 pt=0 ru=233276 rp=234136
17:54:54.368 @T t=47649 s=0.000 lv=-37.3 pk=-35.8 c0=3.7 c1=6.1 kw=5.96 inf=1.37 iv=0.00 n=0 d=0 sk=4 hf=98272 hm=97412 ht=283428 pf=0 pm=0 pt=0 ru=233276 rp=234136
17:54:54.368 @T t=47755 s=0.000 lv=-38.3 pk=-38.1 c0=3.3 c1=5.1 kw=4.97 inf=1.53 iv=0.00 n=0 d=0 sk=3 hf=98272 hm=97412 ht=283428 pf=0 pm=0 pt=0 ru=233276 rp=234136
17:54:54.368 @T t=47841 s=0.000 lv=-36.9 pk=-36.3 c0=8.7 c1=5.1 kw=4.93 inf=1.85 iv=0.00 n=0 d=0 sk=2 hf=98272 hm=97412 ht=283428 pf=0 pm=0 pt=0 ru=233276 rp=234136
17:54:54.368 @T t=47947 s=0.000 lv=-35.9 pk=-32.4 c0=4.1 c1=6.2 kw=6.02 inf=1.39 iv=0.00 n=0 d=0 sk=4 hf=98272 hm=97412 ht=283428 pf=0 pm=0 pt=0 ru=233276 rp=234136
17:54:54.368 @T t=48053 s=0.000 lv=-36.2 pk=-34.6 c0=3.9 c1=5.2 kw=5.02 inf=1.55 iv=0.00 n=0 d=0 sk=3 hf=98272 hm=97412 ht=283428 pf=0 pm=0 pt=0 ru=233276 rp=234136
17:54:54.368 @T t=48139 s=0.000 lv=-37.9 pk=-37.6 c0=5.4 c1=6.0 kw=4.98 inf=1.86 iv=0.00 n=0 d=0 sk=2 hf=98272 hm=97412 ht=283428 pf=0 pm=0 pt=0 ru=233276 rp=234136
17:54:54.368 @I ww=marvin cut=0.50 win=5 cool=1000 tick=100 wifi=0 srv=0 li=0 ln=0
17:54:54.368 @T t=48250 s=0.000 lv=-38.7 pk=-37.4 c0=10.8 c1=5.8 kw=5.67 inf=1.37 iv=0.00 n=0 d=0 sk=4 hf=98272 hm=97412 ht=283428 pf=0 pm=0 pt=0 ru=233276 rp=234136
17:54:54.368 @T t=48356 s=0.000 lv=-38.0 pk=-36.2 c0=6.5 c1=5.0 kw=4.88 inf=1.50 iv=0.00 n=0 d=0 sk=3 hf=98272 hm=97412 ht=283428 pf=0 pm=0 pt=0 ru=233276 rp=234136
17:54:54.368 @T t=48442 s=0.000 lv=-36.0 pk=-35.2 c0=7.7 c1=5.0 kw=4.85 inf=1.82 iv=0.00 n=0 d=0 sk=2 hf=98272 hm=97412 ht=283428 pf=0 pm=0 pt=0 ru=233276 rp=234136
17:54:54.368 @T t=48548 s=0.000 lv=-36.2 pk=-35.1 c0=3.3 c1=6.1 kw=5.88 inf=1.36 iv=0.00 n=0 d=0 sk=4 hf=98272 hm=97412 ht=283428 pf=0 pm=0 pt=0 ru=233276 rp=234136
17:54:54.368 @T t=48654 s=0.000 lv=-35.6 pk=-32.9 c0=3.1 c1=5.1 kw=4.98 inf=1.53 iv=0.00 n=0 d=0 sk=3 hf=98272 hm=97412 ht=283428 pf=0 pm=0 pt=0 ru=233276 rp=234136
17:54:54.368 @T t=48740 s=0.000 lv=-40.8 pk=-39.8 c0=3.6 c1=5.0 kw=4.83 inf=1.81 iv=0.00 n=0 d=0 sk=2 hf=98272 hm=97412 ht=283428 pf=0 pm=0 pt=0 ru=233276 rp=234136
17:54:54.368 @T t=48846 s=0.000 lv=-41.7 pk=-40.5 c0=3.0 c1=6.0 kw=5.85 inf=1.35 iv=0.00 n=0 d=0 sk=4 hf=98272 hm=97412 ht=283428 pf=0 pm=0 pt=0 ru=233276 rp=234136
17:54:54.368 @T t=48952 s=0.000 lv=-39.3 pk=-38.8 c0=3.4 c1=5.1 kw=4.97 inf=1.53 iv=0.00 n=0 d=0 sk=3 hf=98272 hm=97412 ht=283428 pf=0 pm=0 pt=0 ru=233276 rp=234136
17:54:54.368 @T t=49058 s=0.000 lv=-41.5 pk=-39.6 c0=3.1 c1=5.0 kw=4.90 inf=1.51 iv=0.00 n=0 d=0 sk=3 hf=98272 hm=97412 ht=283428 pf=0 pm=0 pt=0 ru=233276 rp=234136
17:54:54.368 @T t=49144 s=0.000 lv=-41.1 pk=-40.3 c0=8.3 c1=6.0 kw=4.92 inf=1.84 iv=0.00 n=0 d=0 sk=2 hf=98272 hm=97412 ht=283428 pf=0 pm=0 pt=0 ru=233276 rp=234136
17:54:54.368 @I ww=marvin cut=0.50 win=5 cool=1000 tick=100 wifi=0 srv=0 li=0 ln=0
17:54:54.368 @T t=49239 s=0.000 lv=-39.0 pk=-38.3 c0=6.9 c1=6.1 kw=5.79 inf=1.60 iv=0.00 n=0 d=0 sk=3 hf=98272 hm=97412 ht=283428 pf=0 pm=0 pt=0 ru=233276 rp=234136
17:54:54.368 @T t=49345 s=0.000 lv=-41.2 pk=-39.8 c0=4.5 c1=5.4 kw=5.07 inf=1.52 iv=0.00 n=0 d=0 sk=3 hf=98272 hm=97412 ht=283428 pf=0 pm=0 pt=0 ru=233276 rp=234136
17:54:54.368 @T t=49451 s=0.000 lv=-39.7 pk=-38.9 c0=3.2 c1=6.3 kw=5.90 inf=1.86 iv=0.00 n=0 d=0 sk=3 hf=98272 hm=97412 ht=283428 pf=0 pm=0 pt=0 ru=233276 rp=234136
17:54:54.368 @T t=49557 s=0.000 lv=-40.4 pk=-39.5 c0=6.3 c1=5.2 kw=4.98 inf=1.53 iv=0.00 n=0 d=0 sk=3 hf=98272 hm=97412 ht=283428 pf=0 pm=0 pt=0 ru=233276 rp=234136
17:54:54.368 @T t=49643 s=0.000 lv=-40.5 pk=-38.2 c0=4.8 c1=5.1 kw=4.95 inf=1.85 iv=0.00 n=0 d=0 sk=2 hf=98272 hm=97412 ht=283428 pf=0 pm=0 pt=0 ru=233276 rp=234136
17:54:54.368 @T t=49752 s=0.000 lv=-36.2 pk=-33.4 c0=9.3 c1=18.2 kw=17.90 inf=1.43 iv=0.99 n=13 d=0 sk=0 hf=98272 hm=97412 ht=283428 pf=0 pm=0 pt=0 ru=233276 rp=234136
17:54:54.368 @T t=49858 s=0.000 lv=-41.5 pk=-40.5 c0=4.3 c1=9.0 kw=8.84 inf=2.89 iv=1.28 n=3 d=0 sk=0 hf=98272 hm=97412 ht=283428 pf=0 pm=0 pt=0 ru=233276 rp=234136
17:54:56.586 @T t=49944 s=0.000 lv=-40.7 pk=-39.1 c0=5.1 c1=9.5 kw=9.28 inf=2.47 iv=1.19 n=3 d=0 sk=0 hf=98272 hm=97412 ht=283428 pf=0 pm=0 pt=0 ru=233276 rp=234136
17:54:56.586 @T t=50053 s=0.004 lv=-42.1 pk=-41.4 c0=3.2 c1=10.6 kw=10.39 inf=2.61 iv=1.15 n=4 d=0 sk=0 hf=98272 hm=97412 ht=283428 pf=0 pm=0 pt=0 ru=233276 rp=234136
17:54:56.586 @T t=50139 s=0.008 lv=-36.9 pk=-35.9 c0=5.8 c1=9.9 kw=8.80 inf=3.49 iv=1.49 n=2 d=0 sk=0 hf=98272 hm=97412 ht=283428 pf=0 pm=0 pt=0 ru=233276 rp=234136
17:54:56.586 @I ww=marvin cut=0.50 win=5 cool=1000 tick=100 wifi=0 srv=0 li=0 ln=0
17:54:56.586 @T t=50250 s=0.008 lv=-39.0 pk=-36.5 c0=4.9 c1=11.0 kw=10.70 inf=2.75 iv=1.29 n=4 d=0 sk=0 hf=98272 hm=97412 ht=283428 pf=0 pm=0 pt=0 ru=233276 rp=234136
17:54:56.586 @T t=50339 s=0.003 lv=-37.9 pk=-36.9 c0=4.8 c1=9.7 kw=9.50 inf=2.62 iv=1.30 n=3 d=0 sk=0 hf=98272 hm=97412 ht=283428 pf=0 pm=0 pt=0 ru=233276 rp=234136
17:54:56.586 @T t=50445 s=0.001 lv=-36.9 pk=-36.4 c0=4.3 c1=9.3 kw=8.83 inf=2.84 iv=1.20 n=3 d=0 sk=0 hf=98272 hm=97412 ht=283428 pf=0 pm=0 pt=0 ru=233276 rp=234136
17:54:56.586 @T t=50553 s=0.002 lv=-38.2 pk=-35.8 c0=8.9 c1=11.1 kw=11.06 inf=2.81 iv=1.37 n=4 d=0 sk=0 hf=98272 hm=97412 ht=283428 pf=0 pm=0 pt=0 ru=233276 rp=234136
17:54:56.586 @T t=50639 s=0.005 lv=-38.5 pk=-36.9 c0=4.1 c1=9.5 kw=9.32 inf=2.48 iv=1.20 n=3 d=0 sk=0 hf=98272 hm=97412 ht=283428 pf=0 pm=0 pt=0 ru=233276 rp=234136
17:54:56.586 @T t=50745 s=0.005 lv=-37.1 pk=-35.2 c0=3.3 c1=9.1 kw=8.66 inf=2.78 iv=1.18 n=3 d=0 sk=0 hf=98272 hm=97412 ht=283428 pf=0 pm=0 pt=0 ru=233276 rp=234136
17:54:56.586 @T t=50851 s=0.002 lv=-36.8 pk=-34.9 c0=5.9 c1=10.8 kw=10.79 inf=2.68 iv=1.23 n=4 d=0 sk=0 hf=98272 hm=97412 ht=283428 pf=0 pm=0 pt=0 ru=233276 rp=234136
17:54:56.586 @T t=50957 s=0.008 lv=-35.5 pk=-34.0 c0=3.9 c1=9.8 kw=9.61 inf=2.37 iv=1.16 n=4 d=0 sk=0 hf=98272 hm=97412 ht=283428 pf=0 pm=0 pt=0 ru=233276 rp=234136
17:54:56.586 @T t=51043 s=0.009 lv=-34.5 pk=-33.1 c0=4.0 c1=8.2 kw=8.06 inf=3.18 iv=1.26 n=2 d=0 sk=0 hf=98272 hm=97412 ht=283428 pf=0 pm=0 pt=0 ru=233276 rp=234136
17:54:56.586 [status] up 51s | mic -37.1 dBFS (peak -31.5) | score max 0.01 | detections 0 | inferences 118 (11.8/s; model 1.18 ms each, paused in quiet 64%; features 1.44 ms per 30 ms) | CPU core0  5.2% core1  7.0% (wake word pipeline 6.76% of one core) | RAM used 227 KB (peak 228 KB, 95 KB free) | wifi --, server -- | audio lost since boot: i2s 0 net 0
17:54:56.586 @T t=51151 s=0.013 lv=-35.6 pk=-34.5 c0=8.2 c1=12.4 kw=11.35 inf=2.84 iv=1.34 n=4 d=0 sk=0 hf=98272 hm=97412 ht=283428 pf=0 pm=0 pt=0 ru=233276 rp=234136
17:54:56.586 @I ww=marvin cut=0.50 win=5 cool=1000 tick=100 wifi=0 srv=0 li=0 ln=0
17:54:56.586 @T t=51243 s=0.012 lv=-37.2 pk=-36.0 c0=4.8 c1=9.0 kw=8.77 inf=2.50 iv=1.20 n=3 d=0 sk=0 hf=98272 hm=97412 ht=283428 pf=0 pm=0 pt=0 ru=233276 rp=234136
17:54:56.586 @T t=51349 s=0.002 lv=-39.1 pk=-36.8 c0=3.9 c1=11.0 kw=10.74 inf=2.63 iv=1.19 n=4 d=0 sk=0 hf=98272 hm=97412 ht=283428 pf=0 pm=0 pt=0 ru=233276 rp=234136
17:54:56.586 @T t=51455 s=0.000 lv=-37.7 pk=-37.0 c0=3.3 c1=8.7 kw=8.51 inf=2.77 iv=1.18 n=3 d=0 sk=0 hf=98272 hm=97412 ht=283428 pf=0 pm=0 pt=0 ru=233276 rp=234136
17:54:56.586 @T t=51541 s=0.000 lv=-38.0 pk=-37.6 c0=4.0 c1=9.5 kw=9.29 inf=2.47 iv=1.18 n=3 d=0 sk=0 hf=98272 hm=97412 ht=283428 pf=0 pm=0 pt=0 ru=233276 rp=234136
17:54:56.586 W (52001) wifi: cannot connect (reason 201). Check the name/password in menuconfig; the ESP32 needs a 2.4 GHz network (201 = network not found, 15/204 = wrong password)
17:54:56.586 @T t=51647 s=0.000 lv=-36.5 pk=-35.8 c0=10.6 c1=11.2 kw=11.26 inf=2.76 iv=1.28 n=4 d=0 sk=0 hf=98272 hm=97412 ht=283428 pf=0 pm=0 pt=0 ru=233276 rp=234136
17:54:56.586 @T t=51753 s=0.000 lv=-38.1 pk=-36.8 c0=4.7 c1=9.2 kw=8.60 inf=2.80 iv=1.21 n=3 d=0 sk=0 hf=98272 hm=97412 ht=283428 pf=0 pm=0 pt=0 ru=233276 rp=234136
17:54:56.586 @T t=51839 s=0.000 lv=-37.1 pk=-36.3 c0=4.0 c1=9.6 kw=9.42 inf=2.51 iv=1.21 n=3 d=0 sk=0 hf=98272 hm=97412 ht=283428 pf=0 pm=0 pt=0 ru=233276 rp=234136
17:54:56.586 @T t=51945 s=0.000 lv=-38.7 pk=-37.6 c0=4.3 c1=9.6 kw=9.15 inf=2.95 iv=1.30 n=3 d=0 sk=0 hf=98272 hm=97412 ht=283428 pf=0 pm=0 pt=0 ru=233276 rp=234136
17:54:56.586 @T t=52051 s=0.000 lv=-38.2 pk=-37.5 c0=4.3 c1=11.4 kw=11.38 inf=2.83 iv=1.36 n=4 d=0 sk=0 hf=98272 hm=97412 ht=283428 pf=0 pm=0 pt=0 ru=233276 rp=234136
17:54:59.177 @T t=52157 s=0.000 lv=-38.0 pk=-36.7 c0=4.7 c1=11.2 kw=10.21 inf=2.52 iv=1.27 n=4 d=0 sk=0 hf=98272 hm=97412 ht=283428 pf=0 pm=0 pt=0 ru=233276 rp=234136
17:54:59.177 @I ww=marvin cut=0.50 win=5 cool=1000 tick=100 wifi=0 srv=0 li=0 ln=0
17:54:59.177 @T t=52248 s=0.000 lv=-39.8 pk=-38.4 c0=5.8 c1=10.7 kw=10.42 inf=2.92 iv=1.30 n=3 d=0 sk=0 hf=98272 hm=97412 ht=283428 pf=0 pm=0 pt=0 ru=233276 rp=234136
17:54:59.177 @T t=52357 s=0.000 lv=-38.2 pk=-36.9 c0=3.9 c1=8.5 kw=8.28 inf=2.77 iv=1.17 n=3 d=0 sk=0 hf=98272 hm=97412 ht=283428 pf=0 pm=0 pt=0 ru=233276 rp=234136
17:54:59.177 @T t=52443 s=0.000 lv=-38.4 pk=-36.5 c0=4.0 c1=9.7 kw=9.47 inf=2.52 iv=1.21 n=3 d=0 sk=0 hf=98272 hm=97412 ht=283428 pf=0 pm=0 pt=0 ru=233276 rp=234136
17:54:59.177 @T t=52549 s=0.000 lv=-36.4 pk=-35.3 c0=4.2 c1=11.3 kw=11.01 inf=2.70 iv=1.23 n=4 d=0 sk=0 hf=98272 hm=97412 ht=283428 pf=0 pm=0 pt=0 ru=233276 rp=234136
17:54:59.177 @T t=52655 s=0.000 lv=-36.8 pk=-36.0 c0=4.3 c1=9.2 kw=9.00 inf=2.94 iv=1.30 n=3 d=0 sk=0 hf=98272 hm=97412 ht=283428 pf=0 pm=0 pt=0 ru=233276 rp=234136
17:54:59.177 @T t=52741 s=0.000 lv=-38.3 pk=-38.0 c0=5.1 c1=7.0 kw=6.86 inf=1.78 iv=1.47 n=1 d=0 sk=2 hf=98272 hm=97412 ht=283428 pf=0 pm=0 pt=0 ru=233276 rp=234136
17:54:59.177 @T t=52847 s=0.000 lv=-37.9 pk=-35.7 c0=4.0 c1=6.2 kw=6.02 inf=1.39 iv=0.00 n=0 d=0 sk=4 hf=98272 hm=97412 ht=283428 pf=0 pm=0 pt=0 ru=233276 rp=234136
17:54:59.177 @T t=52953 s=0.000 lv=-35.4 pk=-33.7 c0=3.9 c1=5.3 kw=4.99 inf=1.54 iv=0.00 n=0 d=0 sk=3 hf=98272 hm=97412 ht=283428 pf=0 pm=0 pt=0 ru=233276 rp=234136
17:54:59.177 @T t=53039 s=0.000 lv=-37.0 pk=-36.0 c0=7.8 c1=4.9 kw=4.93 inf=1.84 iv=0.00 n=0 d=0 sk=2 hf=98272 hm=97412 ht=283428 pf=0 pm=0 pt=0 ru=233276 rp=234136
17:54:59.177 @T t=53145 s=0.000 lv=-37.3 pk=-36.8 c0=6.8 c1=6.2 kw=5.10 inf=1.53 iv=0.00 n=0 d=0 sk=3 hf=98272 hm=97412 ht=283428 pf=0 pm=0 pt=0 ru=233276 rp=234136
17:54:59.177 @I ww=marvin cut=0.50 win=5 cool=1000 tick=100 wifi=0 srv=0 li=0 ln=0
17:54:59.177 @T t=53256 s=0.000 lv=-36.7 pk=-35.4 c0=10.7 c1=5.9 kw=5.52 inf=1.82 iv=0.00 n=0 d=0 sk=3 hf=98272 hm=97412 ht=283428 pf=0 pm=0 pt=0 ru=233276 rp=234136
17:54:59.177 @T t=53342 s=0.000 lv=-37.7 pk=-37.4 c0=4.2 c1=5.0 kw=4.83 inf=1.81 iv=0.00 n=0 d=0 sk=2 hf=98272 hm=97412 ht=283428 pf=0 pm=0 pt=0 ru=233276 rp=234136
17:54:59.177 @T t=53448 s=0.000 lv=-38.7 pk=-37.7 c0=3.1 c1=6.1 kw=5.93 inf=1.37 iv=0.00 n=0 d=0 sk=4 hf=98272 hm=97412 ht=283428 pf=0 pm=0 pt=0 ru=233276 rp=234136
17:54:59.177 @T t=53554 s=0.000 lv=-39.0 pk=-37.5 c0=2.9 c1=5.1 kw=4.95 inf=1.53 iv=0.00 n=0 d=0 sk=3 hf=98272 hm=97412 ht=283428 pf=0 pm=0 pt=0 ru=233276 rp=234136
17:54:59.177 @T t=53640 s=0.000 lv=-37.8 pk=-36.9 c0=7.7 c1=5.0 kw=4.87 inf=1.83 iv=0.00 n=0 d=0 sk=2 hf=98272 hm=97412 ht=283428 pf=0 pm=0 pt=0 ru=233276 rp=234136
17:54:59.177 @T t=53746 s=0.000 lv=-39.0 pk=-37.6 c0=6.6 c1=6.1 kw=5.94 inf=1.37 iv=0.00 n=0 d=0 sk=4 hf=98272 hm=97412 ht=283428 pf=0 pm=0 pt=0 ru=233276 rp=234136
17:54:59.177 @T t=53852 s=0.000 lv=-38.7 pk=-37.4 c0=3.1 c1=5.1 kw=4.96 inf=1.53 iv=0.00 n=0 d=0 sk=3 hf=98272 hm=97412 ht=283428 pf=0 pm=0 pt=0 ru=233276 rp=234136
17:54:59.177 @T t=53958 s=0.000 lv=-39.5 pk=-38.6 c0=3.1 c1=5.1 kw=4.94 inf=1.52 iv=0.00 n=0 d=0 sk=3 hf=98272 hm=97412 ht=283428 pf=0 pm=0 pt=0 ru=233276 rp=234136
17:54:59.177 @T t=54044 s=0.000 lv=-39.1 pk=-38.1 c0=9.7 c1=5.2 kw=4.88 inf=1.83 iv=0.00 n=0 d=0 sk=2 hf=98272 hm=97412 ht=283428 pf=0 pm=0 pt=0 ru=233276 rp=234136
17:54:59.177 @T t=54153 s=0.000 lv=-38.7 pk=-37.5 c0=4.2 c1=6.9 kw=6.04 inf=1.43 iv=0.00 n=0 d=0 sk=4 hf=98272 hm=97412 ht=283428 pf=0 pm=0 pt=0 ru=233276 rp=234136
17:54:59.178 @I ww=marvin cut=0.50 win=5 cool=1000 tick=100 wifi=0 srv=0 li=0 ln=0
17:54:59.178 @T t=54244 s=0.000 lv=-39.2 pk=-38.5 c0=5.7 c1=4.9 kw=4.73 inf=1.87 iv=0.00 n=0 d=0 sk=2 hf=98272 hm=97412 ht=283428 pf=0 pm=0 pt=0 ru=233276 rp=234136
17:54:59.178 @T t=54350 s=0.000 lv=-36.8 pk=-35.7 c0=3.9 c1=6.2 kw=5.99 inf=1.38 iv=0.00 n=0 d=0 sk=4 hf=98272 hm=97412 ht=283428 pf=0 pm=0 pt=0 ru=233276 rp=234136
17:54:59.178 @T t=54456 s=0.000 lv=-39.0 pk=-37.1 c0=3.9 c1=5.2 kw=5.01 inf=1.54 iv=0.00 n=0 d=0 sk=3 hf=98272 hm=97412 ht=283428 pf=0 pm=0 pt=0 ru=233276 rp=234136
17:54:59.178 @T t=54542 s=0.000 lv=-37.5 pk=-36.0 c0=4.8 c1=5.1 kw=4.97 inf=1.86 iv=0.00 n=0 d=0 sk=2 hf=98272 hm=97412 ht=283428 pf=0 pm=0 pt=0 ru=233276 rp=234136
17:54:59.178 @T t=54648 s=0.000 lv=-38.9 pk=-37.1 c0=3.9 c1=6.2 kw=5.99 inf=1.38 iv=0.00 n=0 d=0 sk=4 hf=98272 hm=97412 ht=283428 pf=0 pm=0 pt=0 ru=233276 rp=234136
17:55:01.665 @T t=54754 s=0.000 lv=-39.9 pk=-37.6 c0=3.2 c1=5.0 kw=4.90 inf=1.51 iv=0.00 n=0 d=0 sk=3 hf=98272 hm=97412 ht=283428 pf=0 pm=0 pt=0 ru=233276 rp=234136
17:55:01.665 @T t=54840 s=0.000 lv=-37.9 pk=-35.8 c0=4.5 c1=5.2 kw=4.98 inf=1.87 iv=0.00 n=0 d=0 sk=2 hf=98272 hm=97412 ht=283428 pf=0 pm=0 pt=0 ru=233276 rp=234136
17:55:01.665 @T t=54946 s=0.000 lv=-39.6 pk=-38.1 c0=4.0 c1=6.2 kw=6.00 inf=1.39 iv=0.00 n=0 d=0 sk=4 hf=98272 hm=97412 ht=283428 pf=0 pm=0 pt=0 ru=233276 rp=234136
17:55:01.666 @T t=55052 s=0.000 lv=-40.2 pk=-38.7 c0=4.0 c1=5.2 kw=5.00 inf=1.54 iv=0.00 n=0 d=0 sk=3 hf=98272 hm=97412 ht=283428 pf=0 pm=0 pt=0 ru=233276 rp=234136
17:55:01.666 @T t=55158 s=0.000 lv=-38.5 pk=-36.2 c0=4.6 c1=6.0 kw=5.10 inf=1.57 iv=0.00 n=0 d=0 sk=3 hf=98272 hm=97412 ht=283428 pf=0 pm=0 pt=0 ru=233276 rp=234136
17:55:01.666 @I ww=marvin cut=0.50 win=5 cool=1000 tick=100 wifi=0 srv=0 li=0 ln=0
17:55:01.666 @T t=55249 s=0.000 lv=-40.3 pk=-39.0 c0=5.6 c1=6.0 kw=5.82 inf=1.54 iv=0.00 n=0 d=0 sk=3 hf=98272 hm=97412 ht=283428 pf=0 pm=0 pt=0 ru=233276 rp=234136
17:55:01.666 @T t=55355 s=0.000 lv=-38.8 pk=-37.3 c0=3.3 c1=5.1 kw=4.97 inf=1.53 iv=0.00 n=0 d=0 sk=3 hf=98272 hm=97412 ht=283428 pf=0 pm=0 pt=0 ru=233276 rp=234136
17:55:01.666 @T t=55441 s=0.000 lv=-37.2 pk=-36.0 c0=4.8 c1=5.1 kw=4.91 inf=1.84 iv=0.00 n=0 d=0 sk=2 hf=98272 hm=97412 ht=283428 pf=0 pm=0 pt=0 ru=233276 rp=234136
17:55:01.666 @T t=55547 s=0.000 lv=-37.9 pk=-36.6 c0=3.1 c1=6.1 kw=5.93 inf=1.37 iv=0.00 n=0 d=0 sk=4 hf=98272 hm=97412 ht=283428 pf=0 pm=0 pt=0 ru=233276 rp=234136
17:55:01.666 @T t=55653 s=0.000 lv=-38.7 pk=-37.0 c0=2.9 c1=5.1 kw=4.92 inf=1.52 iv=0.00 n=0 d=0 sk=3 hf=98272 hm=97412 ht=283428 pf=0 pm=0 pt=0 ru=233276 rp=234136
17:55:01.666 @T t=55739 s=0.000 lv=-38.3 pk=-36.6 c0=8.1 c1=5.1 kw=4.90 inf=1.84 iv=0.00 n=0 d=0 sk=2 hf=98272 hm=97412 ht=283428 pf=0 pm=0 pt=0 ru=233276 rp=234136
17:55:01.666 @T t=55845 s=0.000 lv=-37.6 pk=-35.9 c0=3.1 c1=5.4 kw=5.05 inf=1.52 iv=0.00 n=0 d=0 sk=3 hf=98272 hm=97412 ht=283428 pf=0 pm=0 pt=0 ru=233276 rp=234136
17:55:01.666 @T t=55951 s=0.000 lv=-38.0 pk=-37.4 c0=6.4 c1=6.3 kw=5.84 inf=1.84 iv=0.00 n=0 d=0 sk=3 hf=98272 hm=97412 ht=283428 pf=0 pm=0 pt=0 ru=233276 rp=234136
17:55:01.666 @T t=56057 s=0.000 lv=-40.0 pk=-38.7 c0=6.3 c1=5.1 kw=4.93 inf=1.52 iv=0.00 n=0 d=0 sk=3 hf=98272 hm=97412 ht=283428 pf=0 pm=0 pt=0 ru=233276 rp=234136
17:55:01.666 @T t=56143 s=0.000 lv=-40.5 pk=-39.8 c0=4.8 c1=6.1 kw=4.98 inf=1.86 iv=0.00 n=0 d=0 sk=2 hf=98272 hm=97412 ht=283428 pf=0 pm=0 pt=0 ru=233276 rp=234136
17:55:01.666 @I ww=marvin cut=0.50 win=5 cool=1000 tick=100 wifi=0 srv=0 li=0 ln=0
17:55:01.666 @T t=56258 s=0.000 lv=-40.6 pk=-39.9 c0=13.1 c1=5.6 kw=5.50 inf=1.38 iv=0.00 n=0 d=0 sk=4 hf=98272 hm=97412 ht=283428 pf=0 pm=0 pt=0 ru=233276 rp=234136
17:55:01.666 @T t=56344 s=0.000 lv=-40.4 pk=-39.6 c0=3.6 c1=5.0 kw=4.85 inf=1.82 iv=0.00 n=0 d=0 sk=2 hf=98272 hm=97412 ht=283428 pf=0 pm=0 pt=0 ru=233276 rp=234136
17:55:01.666 @T t=56450 s=0.000 lv=-39.2 pk=-38.0 c0=4.7 c1=6.4 kw=6.08 inf=1.41 iv=0.00 n=0 d=0 sk=4 hf=98272 hm=97412 ht=283428 pf=0 pm=0 pt=0 ru=233276 rp=234136
17:55:01.666 @T t=56556 s=0.000 lv=-39.1 pk=-38.1 c0=3.8 c1=5.0 kw=4.94 inf=1.52 iv=0.00 n=0 d=0 sk=3 hf=98272 hm=97412 ht=283428 pf=0 pm=0 pt=0 ru=233276 rp=234136
17:55:01.666 @T t=56642 s=0.000 lv=-39.5 pk=-38.8 c0=4.7 c1=5.2 kw=4.95 inf=1.86 iv=0.00 n=0 d=0 sk=2 hf=98272 hm=97412 ht=283428 pf=0 pm=0 pt=0 ru=233276 rp=234136
17:55:01.666 @T t=56748 s=0.000 lv=-39.2 pk=-37.6 c0=4.0 c1=6.2 kw=6.03 inf=1.39 iv=0.00 n=0 d=0 sk=4 hf=98272 hm=97412 ht=283428 pf=0 pm=0 pt=0 ru=233276 rp=234136
17:55:01.666 @T t=56854 s=0.000 lv=-36.8 pk=-35.1 c0=4.0 c1=5.3 kw=5.11 inf=1.58 iv=0.00 n=0 d=0 sk=3 hf=98272 hm=97412 ht=283428 pf=0 pm=0 pt=0 ru=233276 rp=234136
17:55:01.666 @T t=56940 s=0.000 lv=-39.9 pk=-39.1 c0=4.8 c1=5.1 kw=4.94 inf=1.85 iv=0.00 n=0 d=0 sk=2 hf=98272 hm=97412 ht=283428 pf=0 pm=0 pt=0 ru=233276 rp=234136
17:55:01.666 @T t=57046 s=0.000 lv=-39.5 pk=-37.9 c0=3.7 c1=6.3 kw=5.99 inf=1.39 iv=0.00 n=0 d=0 sk=4 hf=98272 hm=97412 ht=283428 pf=0 pm=0 pt=0 ru=233276 rp=234136
17:55:01.666 @T t=57151 s=0.000 lv=-38.8 pk=-38.0 c0=3.8 c1=5.9 kw=5.10 inf=1.56 iv=0.00 n=0 d=0 sk=3 hf=98272 hm=97412 ht=283428 pf=0 pm=0 pt=0 ru=233276 rp=234136
17:55:01.666 @I ww=marvin cut=0.50 win=5 cool=1000 tick=100 wifi=0 srv=0 li=0 ln=0
17:55:04.278 @T t=57242 s=0.000 lv=-36.7 pk=-34.5 c0=6.1 c1=4.9 kw=4.78 inf=1.90 iv=0.00 n=0 d=0 sk=2 hf=98272 hm=97412 ht=283428 pf=0 pm=0 pt=0 ru=233276 rp=234136
17:55:04.279 @T t=57348 s=0.001 lv=-36.3 pk=-33.0 c0=4.1 c1=19.3 kw=19.00 inf=1.48 iv=1.03 n=13 d=0 sk=0 hf=98272 hm=97412 ht=283428 pf=0 pm=0 pt=0 ru=233276 rp=234136
17:55:04.279 @T t=57454 s=0.000 lv=-35.8 pk=-34.2 c0=4.3 c1=10.3 kw=10.06 inf=2.48 iv=1.25 n=4 d=0 sk=0 hf=98272 hm=97412 ht=283428 pf=0 pm=0 pt=0 ru=233276 rp=234136
17:55:04.279 @T t=57540 s=0.000 lv=-36.7 pk=-36.1 c0=5.1 c1=8.1 kw=7.91 inf=3.12 iv=1.19 n=2 d=0 sk=0 hf=98272 hm=97412 ht=283428 pf=0 pm=0 pt=0 ru=233276 rp=234136
17:55:04.279 @T t=57646 s=0.000 lv=-36.2 pk=-35.3 c0=3.3 c1=10.8 kw=10.56 inf=2.59 iv=1.15 n=4 d=0 sk=0 hf=98272 hm=97412 ht=283428 pf=0 pm=0 pt=0 ru=233276 rp=234136
17:55:04.279 @T t=57752 s=0.000 lv=-36.2 pk=-34.6 c0=6.7 c1=9.9 kw=9.66 inf=2.38 iv=1.17 n=4 d=0 sk=0 hf=98272 hm=97412 ht=283428 pf=0 pm=0 pt=0 ru=233276 rp=234136
17:55:04.279 @T t=57858 s=0.000 lv=-34.9 pk=-34.1 c0=3.9 c1=8.9 kw=8.65 inf=2.82 iv=1.20 n=3 d=0 sk=0 hf=98272 hm=97412 ht=283428 pf=0 pm=0 pt=0 ru=233276 rp=234136
17:55:04.279 @T t=57944 s=0.000 lv=-35.6 pk=-34.9 c0=4.1 c1=9.4 kw=9.26 inf=2.46 iv=1.18 n=3 d=0 sk=0 hf=98272 hm=97412 ht=283428 pf=0 pm=0 pt=0 ru=233276 rp=234136
17:55:04.279 @T t=58050 s=0.000 lv=-36.3 pk=-35.1 c0=5.9 c1=10.8 kw=10.55 inf=2.58 iv=1.13 n=4 d=0 sk=0 hf=98272 hm=97412 ht=283428 pf=0 pm=0 pt=0 ru=233276 rp=234136
17:55:04.279 @T t=58156 s=0.000 lv=-37.2 pk=-35.4 c0=4.3 c1=10.2 kw=9.20 inf=3.01 iv=1.37 n=3 d=0 sk=0 hf=98272 hm=97412 ht=283428 pf=0 pm=0 pt=0 ru=233276 rp=234136
17:55:04.279 @I ww=marvin cut=0.50 win=5 cool=1000 tick=100 wifi=0 srv=0 li=0 ln=0
17:55:04.279 @T t=58247 s=0.000 lv=-37.6 pk=-36.6 c0=4.8 c1=10.3 kw=10.06 inf=2.82 iv=1.21 n=3 d=0 sk=0 hf=98272 hm=97412 ht=283428 pf=0 pm=0 pt=0 ru=233276 rp=234136
17:55:04.280 @T t=58353 s=0.000 lv=-38.0 pk=-37.0 c0=3.2 c1=9.7 kw=9.47 inf=2.33 iv=1.13 n=4 d=0 sk=0 hf=98272 hm=97412 ht=283428 pf=0 pm=0 pt=0 ru=233276 rp=234136
17:55:04.280 @T t=58439 s=0.000 lv=-36.0 pk=-34.9 c0=4.0 c1=8.0 kw=7.80 inf=3.07 iv=1.16 n=2 d=0 sk=0 hf=98272 hm=97412 ht=283428 pf=0 pm=0 pt=0 ru=233276 rp=234136
17:55:04.280 @T t=58545 s=0.000 lv=-35.1 pk=-33.6 c0=3.9 c1=10.4 kw=9.93 inf=2.42 iv=1.19 n=4 d=0 sk=0 hf=98272 hm=97412 ht=283428 pf=0 pm=0 pt=0 ru=233276 rp=234136
17:55:04.280 @T t=58651 s=0.000 lv=-36.3 pk=-34.7 c0=3.3 c1=10.8 kw=10.30 inf=2.55 iv=1.12 n=4 d=0 sk=0 hf=98272 hm=97412 ht=283428 pf=0 pm=0 pt=0 ru=233276 rp=234136
17:55:04.280 @T t=58757 s=0.000 lv=-36.1 pk=-34.8 c0=3.3 c1=8.4 kw=8.22 inf=2.67 iv=1.10 n=3 d=0 sk=0 hf=98272 hm=97412 ht=283428 pf=0 pm=0 pt=0 ru=233276 rp=234136
17:55:04.280 @T t=58843 s=0.000 lv=-34.8 pk=-33.6 c0=4.0 c1=9.2 kw=9.03 inf=2.40 iv=1.13 n=3 d=0 sk=0 hf=98272 hm=97412 ht=283428 pf=0 pm=0 pt=0 ru=233276 rp=234136
17:55:04.280 @T t=58952 s=0.000 lv=-35.1 pk=-33.4 c0=9.2 c1=6.3 kw=5.99 inf=1.42 iv=0.00 n=0 d=0 sk=4 hf=98272 hm=97412 ht=283428 pf=0 pm=0 pt=0 ru=233276 rp=234136
17:55:04.280 @T t=59058 s=0.000 lv=-37.2 pk=-35.6 c0=7.8 c1=5.2 kw=5.03 inf=1.55 iv=0.00 n=0 d=0 sk=3 hf=98272 hm=97412 ht=283428 pf=0 pm=0 pt=0 ru=233276 rp=234136
17:55:04.280 @T t=59144 s=0.000 lv=-38.3 pk=-37.2 c0=5.5 c1=6.2 kw=5.07 inf=1.89 iv=0.00 n=0 d=0 sk=2 hf=98272 hm=97412 ht=283428 pf=0 pm=0 pt=0 ru=233276 rp=234136
17:55:04.280 @I ww=marvin cut=0.50 win=5 cool=1000 tick=100 wifi=0 srv=0 li=0 ln=0
17:55:04.280 @T t=59239 s=0.000 lv=-38.2 pk=-37.7 c0=16.8 c1=5.8 kw=5.65 inf=1.56 iv=0.00 n=0 d=0 sk=3 hf=98272 hm=97412 ht=283428 pf=0 pm=0 pt=0 ru=233276 rp=234136
17:55:04.280 @T t=59345 s=0.000 lv=-38.6 pk=-37.0 c0=3.9 c1=5.4 kw=5.05 inf=1.51 iv=0.00 n=0 d=0 sk=3 hf=98272 hm=97412 ht=283428 pf=0 pm=0 pt=0 ru=233276 rp=234136
17:55:04.280 @T t=59451 s=0.000 lv=-35.4 pk=-34.2 c0=3.2 c1=6.2 kw=5.85 inf=1.85 iv=0.00 n=0 d=0 sk=3 hf=98272 hm=97412 ht=283428 pf=0 pm=0 pt=0 ru=233276 rp=234136
17:55:04.280 @T t=59557 s=0.000 lv=-36.6 pk=-35.1 c0=3.7 c1=5.2 kw=4.99 inf=1.54 iv=0.00 n=0 d=0 sk=3 hf=98272 hm=97412 ht=283428 pf=0 pm=0 pt=0 ru=233276 rp=234136
17:55:04.281 @T t=59643 s=0.000 lv=-34.3 pk=-32.8 c0=4.8 c1=5.1 kw=4.93 inf=1.84 iv=0.00 n=0 d=0 sk=2 hf=98272 hm=97412 ht=283428 pf=0 pm=0 pt=0 ru=233276 rp=234136
17:55:04.281 @T t=59749 s=0.000 lv=-36.9 pk=-36.1 c0=3.9 c1=6.2 kw=6.02 inf=1.39 iv=0.00 n=0 d=0 sk=4 hf=98272 hm=97412 ht=283428 pf=0 pm=0 pt=0 ru=233276 rp=234136
17:55:06.581 @T t=59855 s=0.000 lv=-38.4 pk=-37.6 c0=4.1 c1=5.1 kw=4.98 inf=1.53 iv=0.00 n=0 d=0 sk=3 hf=98272 hm=97412 ht=283428 pf=0 pm=0 pt=0 ru=233276 rp=234136
17:55:06.581 @T t=59941 s=0.000 lv=-37.0 pk=-36.2 c0=4.9 c1=5.0 kw=4.88 inf=1.83 iv=0.00 n=0 d=0 sk=2 hf=98272 hm=97412 ht=283428 pf=0 pm=0 pt=0 ru=233276 rp=234136
17:55:06.581 @T t=60047 s=0.000 lv=-36.3 pk=-35.5 c0=3.2 c1=6.1 kw=5.94 inf=1.37 iv=0.00 n=0 d=0 sk=4 hf=98272 hm=97412 ht=283428 pf=0 pm=0 pt=0 ru=233276 rp=234136
17:55:06.581 @T t=60153 s=0.000 lv=-38.6 pk=-35.8 c0=7.8 c1=5.9 kw=5.05 inf=1.55 iv=0.00 n=0 d=0 sk=3 hf=98272 hm=97412 ht=283428 pf=0 pm=0 pt=0 ru=233276 rp=234136
17:55:06.581 @I ww=marvin cut=0.50 win=5 cool=1000 tick=100 wifi=0 srv=0 li=0 ln=0
17:55:06.581 @T t=60244 s=0.000 lv=-36.7 pk=-35.7 c0=13.6 c1=4.8 kw=4.71 inf=1.87 iv=0.00 n=0 d=0 sk=2 hf=98272 hm=97412 ht=283428 pf=0 pm=0 pt=0 ru=233276 rp=234136
17:55:06.582 @T t=60350 s=0.000 lv=-38.5 pk=-37.5 c0=6.3 c1=6.1 kw=5.98 inf=1.38 iv=0.00 n=0 d=0 sk=4 hf=98272 hm=97412 ht=283428 pf=0 pm=0 pt=0 ru=233276 rp=234136
17:55:06.582 @T t=60456 s=0.000 lv=-36.7 pk=-35.8 c0=6.2 c1=5.0 kw=4.90 inf=1.51 iv=0.00 n=0 d=0 sk=3 hf=98272 hm=97412 ht=283428 pf=0 pm=0 pt=0 ru=233276 rp=234136
17:55:06.582 @T t=60542 s=0.000 lv=-37.1 pk=-36.6 c0=4.0 c1=5.0 kw=4.86 inf=1.83 iv=0.00 n=0 d=0 sk=2 hf=98272 hm=97412 ht=283428 pf=0 pm=0 pt=0 ru=233276 rp=234136
17:55:06.582 @T t=60648 s=0.000 lv=-36.9 pk=-35.6 c0=3.0 c1=6.1 kw=5.92 inf=1.37 iv=0.00 n=0 d=0 sk=4 hf=98272 hm=97412 ht=283428 pf=0 pm=0 pt=0 ru=233276 rp=234136
17:55:06.582 @T t=60754 s=0.000 lv=-36.8 pk=-34.0 c0=6.2 c1=5.1 kw=4.91 inf=1.52 iv=0.00 n=0 d=0 sk=3 hf=98272 hm=97412 ht=283428 pf=0 pm=0 pt=0 ru=233276 rp=234136
17:55:06.582 @T t=60840 s=0.000 lv=-38.5 pk=-37.7 c0=3.6 c1=5.0 kw=4.84 inf=1.81 iv=0.00 n=0 d=0 sk=2 hf=98272 hm=97412 ht=283428 pf=0 pm=0 pt=0 ru=233276 rp=234136
17:55:06.582 @T t=60946 s=0.000 lv=-36.5 pk=-35.2 c0=6.8 c1=6.1 kw=5.92 inf=1.37 iv=0.00 n=0 d=0 sk=4 hf=98272 hm=97412 ht=283428 pf=0 pm=0 pt=0 ru=233276 rp=234136
17:55:06.582 @T t=61052 s=0.000 lv=-34.1 pk=-32.9 c0=3.2 c1=5.1 kw=4.98 inf=1.53 iv=0.00 n=0 d=0 sk=3 hf=98272 hm=97412 ht=283428 pf=0 pm=0 pt=0 ru=233276 rp=234136
17:55:06.582 [status] up 61s | mic -37.5 dBFS (peak -32.8) | score max 0.01 | detections 0 | inferences 118 (11.8/s; model 1.20 ms each, paused in quiet 63%; features 1.47 ms per 30 ms) | CPU core0  5.1% core1  7.0% (wake word pipeline 6.80% of one core) | RAM used 227 KB (peak 228 KB, 95 KB free) | wifi --, server -- | audio lost since boot: i2s 0 net 0
17:55:06.582 @T t=61159 s=0.000 lv=-34.7 pk=-33.5 c0=7.8 c1=6.0 kw=5.07 inf=1.58 iv=0.00 n=0 d=0 sk=3 hf=98272 hm=97412 ht=283428 pf=0 pm=0 pt=0 ru=233276 rp=234136
17:55:06.582 @I ww=marvin cut=0.50 win=5 cool=1000 tick=100 wifi=0 srv=0 li=0 ln=0
17:55:06.582 @T t=61251 s=0.000 lv=-36.8 pk=-33.5 c0=13.4 c1=5.8 kw=5.65 inf=1.51 iv=0.00 n=0 d=0 sk=3 hf=98272 hm=97412 ht=283428 pf=0 pm=0 pt=0 ru=233276 rp=234136
17:55:06.582 @T t=61357 s=0.000 lv=-36.8 pk=-35.6 c0=5.2 c1=5.3 kw=5.01 inf=1.54 iv=0.00 n=0 d=0 sk=3 hf=98272 hm=97412 ht=283428 pf=0 pm=0 pt=0 ru=233276 rp=234136
17:55:06.582 @T t=61443 s=0.000 lv=-36.3 pk=-34.8 c0=5.0 c1=5.1 kw=4.96 inf=1.86 iv=0.00 n=0 d=0 sk=2 hf=98272 hm=97412 ht=283428 pf=0 pm=0 pt=0 ru=233276 rp=234136
17:55:06.582 @T t=61552 s=0.000 lv=-37.3 pk=-35.3 c0=3.6 c1=6.0 kw=5.87 inf=1.39 iv=0.00 n=0 d=0 sk=4 hf=98272 hm=97412 ht=283428 pf=0 pm=0 pt=0 ru=233276 rp=234136
17:55:06.582 @T t=61658 s=0.000 lv=-36.8 pk=-33.8 c0=3.9 c1=5.2 kw=5.02 inf=1.55 iv=0.00 n=0 d=0 sk=3 hf=98272 hm=97412 ht=283428 pf=0 pm=0 pt=0 ru=233276 rp=234136
17:55:06.582 @T t=61744 s=0.000 lv=-37.9 pk=-37.0 c0=4.8 c1=4.4 kw=4.87 inf=1.82 iv=0.00 n=0 d=0 sk=2 hf=98272 hm=97412 ht=283428 pf=0 pm=0 pt=0 ru=233276 rp=234136
17:55:06.582 @T t=61850 s=0.000 lv=-38.9 pk=-37.7 c0=3.2 c1=7.0 kw=6.32 inf=1.47 iv=0.00 n=0 d=0 sk=4 hf=98272 hm=97412 ht=283428 pf=0 pm=0 pt=0 ru=233276 rp=234136
17:55:06.582 @T t=61957 s=0.000 lv=-39.0 pk=-37.7 c0=3.8 c1=5.1 kw=4.93 inf=1.53 iv=0.00 n=0 d=0 sk=3 hf=98272 hm=97412 ht=283428 pf=0 pm=0 pt=0 ru=233276 rp=234136
17:55:06.582 @T t=62043 s=0.000 lv=-36.5 pk=-35.3 c0=4.8 c1=5.1 kw=4.97 inf=1.86 iv=0.00 n=0 d=0 sk=2 hf=98272 hm=97412 ht=283428 pf=0 pm=0 pt=0 ru=233276 rp=234136
17:55:09.172 @T t=62152 s=0.000 lv=-37.9 pk=-36.4 c0=9.7 c1=6.9 kw=5.95 inf=1.41 iv=0.00 n=0 d=0 sk=4 hf=98272 hm=97412 ht=283428 pf=0 pm=0 pt=0 ru=233276 rp=234136
17:55:09.172 @I ww=marvin cut=0.50 win=5 cool=1000 tick=100 wifi=0 srv=0 li=0 ln=0
17:55:09.172 @T t=62243 s=0.000 lv=-38.3 pk=-37.0 c0=14.1 c1=4.9 kw=4.74 inf=1.87 iv=0.00 n=0 d=0 sk=2 hf=98272 hm=97412 ht=283428 pf=0 pm=0 pt=0 ru=233276 rp=234136
17:55:09.172 @T t=62352 s=0.000 lv=-38.6 pk=-37.1 c0=3.7 c1=6.0 kw=5.86 inf=1.39 iv=0.00 n=0 d=0 sk=4 hf=98272 hm=97412 ht=283428 pf=0 pm=0 pt=0 ru=233276 rp=234136
17:55:09.172 @T t=62458 s=0.000 lv=-37.4 pk=-36.0 c0=3.2 c1=5.1 kw=4.98 inf=1.53 iv=0.00 n=0 d=0 sk=3 hf=98272 hm=97412 ht=283428 pf=0 pm=0 pt=0 ru=233276 rp=234136
17:55:09.172 @T t=62544 s=0.000 lv=-38.3 pk=-37.0 c0=4.8 c1=5.2 kw=5.01 inf=1.87 iv=0.00 n=0 d=0 sk=2 hf=98272 hm=97412 ht=283428 pf=0 pm=0 pt=0 ru=233276 rp=234136
17:55:09.172 @T t=62650 s=0.000 lv=-37.9 pk=-36.4 c0=3.6 c1=6.2 kw=6.03 inf=1.39 iv=0.00 n=0 d=0 sk=4 hf=98272 hm=97412 ht=283428 pf=0 pm=0 pt=0 ru=233276 rp=234136
17:55:09.172 @T t=62756 s=0.000 lv=-37.4 pk=-36.6 c0=3.0 c1=5.0 kw=4.89 inf=1.51 iv=0.00 n=0 d=0 sk=3 hf=98272 hm=97412 ht=283428 pf=0 pm=0 pt=0 ru=233276 rp=234136
17:55:09.172 @T t=62842 s=0.000 lv=-37.3 pk=-36.4 c0=3.6 c1=5.0 kw=4.85 inf=1.82 iv=0.00 n=0 d=0 sk=2 hf=98272 hm=97412 ht=283428 pf=0 pm=0 pt=0 ru=233276 rp=234136
17:55:09.172 @T t=62948 s=0.000 lv=-38.2 pk=-36.6 c0=3.4 c1=6.1 kw=5.91 inf=1.36 iv=0.00 n=0 d=0 sk=4 hf=98272 hm=97412 ht=283428 pf=0 pm=0 pt=0 ru=233276 rp=234136
17:55:09.172 @T t=63054 s=0.000 lv=-38.2 pk=-37.5 c0=3.1 c1=5.1 kw=4.98 inf=1.54 iv=0.00 n=0 d=0 sk=3 hf=98272 hm=97412 ht=283428 pf=0 pm=0 pt=0 ru=233276 rp=234136
17:55:09.172 @T t=63140 s=0.000 lv=-38.5 pk=-38.0 c0=4.3 c1=6.1 kw=5.03 inf=1.89 iv=0.00 n=0 d=0 sk=2 hf=98272 hm=97412 ht=283428 pf=0 pm=0 pt=0 ru=233276 rp=234136
17:55:09.172 @I ww=marvin cut=0.50 win=5 cool=1000 tick=100 wifi=0 srv=0 li=0 ln=0
17:55:09.172 @T t=63251 s=0.000 lv=-39.1 pk=-38.5 c0=10.7 c1=5.8 kw=5.67 inf=1.37 iv=0.00 n=0 d=0 sk=4 hf=98272 hm=97412 ht=283428 pf=0 pm=0 pt=0 ru=233276 rp=234136
17:55:09.172 @T t=63357 s=0.000 lv=-39.2 pk=-37.9 c0=3.5 c1=5.1 kw=4.89 inf=1.51 iv=0.00 n=0 d=0 sk=3 hf=98272 hm=97412 ht=283428 pf=0 pm=0 pt=0 ru=233276 rp=234136
17:55:09.172 @T t=63443 s=0.000 lv=-40.5 pk=-39.9 c0=3.8 c1=5.0 kw=4.87 inf=1.82 iv=0.00 n=0 d=0 sk=2 hf=98272 hm=97412 ht=283428 pf=0 pm=0 pt=0 ru=233276 rp=234136
17:55:09.172 @T t=63548 s=0.000 lv=-37.9 pk=-37.0 c0=2.9 c1=6.2 kw=5.99 inf=1.37 iv=0.00 n=0 d=0 sk=4 hf=98272 hm=97412 ht=283428 pf=0 pm=0 pt=0 ru=233276 rp=234136
17:55:09.172 @T t=63654 s=0.000 lv=-38.0 pk=-37.5 c0=2.9 c1=5.1 kw=4.95 inf=1.53 iv=0.00 n=0 d=0 sk=3 hf=98272 hm=97412 ht=283428 pf=0 pm=0 pt=0 ru=233276 rp=234136
17:55:09.172 @T t=63740 s=0.000 lv=-36.5 pk=-35.2 c0=5.6 c1=5.4 kw=5.04 inf=1.89 iv=0.00 n=0 d=0 sk=2 hf=98272 hm=97412 ht=283428 pf=0 pm=0 pt=0 ru=233276 rp=234136
17:55:09.172 @T t=63846 s=0.000 lv=-38.3 pk=-37.2 c0=4.6 c1=6.2 kw=6.03 inf=1.39 iv=0.00 n=0 d=0 sk=4 hf=98272 hm=97412 ht=283428 pf=0 pm=0 pt=0 ru=233276 rp=234136
17:55:09.172 @T t=63952 s=0.000 lv=-39.3 pk=-37.4 c0=4.1 c1=5.2 kw=5.02 inf=1.54 iv=0.00 n=0 d=0 sk=3 hf=98272 hm=97412 ht=283428 pf=0 pm=0 pt=0 ru=233276 rp=234136
17:55:09.172 @T t=64058 s=0.000 lv=-38.0 pk=-36.6 c0=3.9 c1=5.2 kw=5.02 inf=1.55 iv=0.00 n=0 d=0 sk=3 hf=98272 hm=97412 ht=283428 pf=0 pm=0 pt=0 ru=233276 rp=234136
17:55:09.172 @T t=64144 s=0.000 lv=-37.7 pk=-36.9 c0=4.6 c1=6.1 kw=5.03 inf=1.88 iv=0.00 n=0 d=0 sk=2 hf=98272 hm=97412 ht=283428 pf=0 pm=0 pt=0 ru=233276 rp=234136
17:55:09.172 @I ww=marvin cut=0.50 win=5 cool=1000 tick=100 wifi=0 srv=0 li=0 ln=0
17:55:09.172 @T t=64239 s=0.000 lv=-38.2 pk=-36.7 c0=15.9 c1=5.9 kw=5.71 inf=1.57 iv=0.00 n=0 d=0 sk=3 hf=98272 hm=97412 ht=283428 pf=0 pm=0 pt=0 ru=233276 rp=234136
17:55:09.172 @T t=64345 s=0.000 lv=-38.3 pk=-37.5 c0=3.9 c1=5.5 kw=5.14 inf=1.55 iv=0.00 n=0 d=0 sk=3 hf=98272 hm=97412 ht=283428 pf=0 pm=0 pt=0 ru=233276 rp=234136
17:55:09.172 @T t=64451 s=0.000 lv=-37.7 pk=-36.2 c0=3.9 c1=6.3 kw=5.86 inf=1.85 iv=0.00 n=0 d=0 sk=3 hf=98272 hm=97412 ht=283428 pf=0 pm=0 pt=0 ru=233276 rp=234136
17:55:09.172 @T t=64557 s=0.000 lv=-36.4 pk=-33.6 c0=3.9 c1=5.2 kw=5.06 inf=1.56 iv=0.00 n=0 d=0 sk=3 hf=98272 hm=97412 ht=283428 pf=0 pm=0 pt=0 ru=233276 rp=234136
17:55:09.172 @T t=64643 s=0.000 lv=-38.5 pk=-37.6 c0=4.8 c1=5.0 kw=4.89 inf=1.83 iv=0.00 n=0 d=0 sk=2 hf=98272 hm=97412 ht=283428 pf=0 pm=0 pt=0 ru=233276 rp=234136
17:55:11.668 @T t=64749 s=0.000 lv=-38.4 pk=-37.4 c0=6.4 c1=6.2 kw=6.00 inf=1.39 iv=0.00 n=0 d=0 sk=4 hf=98272 hm=97412 ht=283428 pf=0 pm=0 pt=0 ru=233276 rp=234136
17:55:11.668 @T t=64855 s=0.000 lv=-37.3 pk=-36.6 c0=3.9 c1=5.1 kw=4.94 inf=1.52 iv=0.00 n=0 d=0 sk=3 hf=98272 hm=97412 ht=283428 pf=0 pm=0 pt=0 ru=233276 rp=234136
17:55:11.668 @T t=64941 s=0.000 lv=-37.1 pk=-35.6 c0=5.0 c1=5.2 kw=5.01 inf=1.87 iv=0.00 n=0 d=0 sk=2 hf=98272 hm=97412 ht=283428 pf=0 pm=0 pt=0 ru=233276 rp=234136
17:55:11.668 @T t=65047 s=0.000 lv=-38.0 pk=-36.1 c0=3.7 c1=6.1 kw=5.96 inf=1.38 iv=0.00 n=0 d=0 sk=4 hf=98272 hm=97412 ht=283428 pf=0 pm=0 pt=0 ru=233276 rp=234136
17:55:11.668 @T t=65153 s=0.000 lv=-35.9 pk=-34.2 c0=3.6 c1=6.0 kw=5.05 inf=1.56 iv=0.00 n=0 d=0 sk=3 hf=98272 hm=97412 ht=283428 pf=0 pm=0 pt=0 ru=233276 rp=234136
17:55:11.668 @I ww=marvin cut=0.50 win=5 cool=1000 tick=100 wifi=0 srv=0 li=0 ln=0
17:55:11.668 @T t=65245 s=0.000 lv=-34.4 pk=-33.6 c0=4.7 c1=5.1 kw=4.75 inf=1.23 iv=0.00 n=0 d=0 sk=3 hf=98272 hm=97412 ht=283428 pf=0 pm=0 pt=0 ru=233276 rp=234136
17:55:11.668 @T t=65351 s=0.000 lv=-38.7 pk=-36.1 c0=6.2 c1=6.2 kw=5.73 inf=1.80 iv=0.00 n=0 d=0 sk=3 hf=98272 hm=97412 ht=283428 pf=0 pm=0 pt=0 ru=233276 rp=234136
17:55:11.668 @T t=65457 s=0.000 lv=-38.0 pk=-37.4 c0=6.2 c1=5.1 kw=4.94 inf=1.52 iv=0.00 n=0 d=0 sk=3 hf=98272 hm=97412 ht=283428 pf=0 pm=0 pt=0 ru=233276 rp=234136
17:55:11.668 @T t=65543 s=0.000 lv=-38.6 pk=-36.1 c0=3.7 c1=4.9 kw=4.83 inf=1.81 iv=0.00 n=0 d=0 sk=2 hf=98272 hm=97412 ht=283428 pf=0 pm=0 pt=0 ru=233276 rp=234136
17:55:11.668 @T t=65649 s=0.000 lv=-37.2 pk=-35.3 c0=3.0 c1=6.0 kw=5.87 inf=1.36 iv=0.00 n=0 d=0 sk=4 hf=98272 hm=97412 ht=283428 pf=0 pm=0 pt=0 ru=233276 rp=234136
17:55:11.668 @T t=65755 s=0.000 lv=-37.1 pk=-36.5 c0=3.4 c1=5.1 kw=4.95 inf=1.53 iv=0.00 n=0 d=0 sk=3 hf=98272 hm=97412 ht=283428 pf=0 pm=0 pt=0 ru=233276 rp=234136
17:55:11.668 @T t=65841 s=0.000 lv=-39.1 pk=-38.6 c0=3.8 c1=5.0 kw=4.85 inf=1.82 iv=0.00 n=0 d=0 sk=2 hf=98272 hm=97412 ht=283428 pf=0 pm=0 pt=0 ru=233276 rp=234136
17:55:11.668 @T t=65947 s=0.000 lv=-36.2 pk=-33.8 c0=3.1 c1=6.1 kw=5.92 inf=1.37 iv=0.00 n=0 d=0 sk=4 hf=98272 hm=97412 ht=283428 pf=0 pm=0 pt=0 ru=233276 rp=234136
17:55:11.668 @T t=66053 s=0.000 lv=-37.3 pk=-35.9 c0=3.0 c1=5.1 kw=4.92 inf=1.52 iv=0.00 n=0 d=0 sk=3 hf=98272 hm=97412 ht=283428 pf=0 pm=0 pt=0 ru=233276 rp=234136
17:55:11.668 @T t=66139 s=0.000 lv=-37.9 pk=-36.6 c0=7.9 c1=5.5 kw=5.12 inf=1.92 iv=0.00 n=0 d=0 sk=2 hf=98272 hm=97412 ht=283428 pf=0 pm=0 pt=0 ru=233276 rp=234136
17:55:11.668 @I ww=marvin cut=0.50 win=5 cool=1000 tick=100 wifi=0 srv=0 li=0 ln=0
17:55:11.668 @T t=66250 s=0.000 lv=-35.1 pk=-34.1 c0=4.7 c1=6.0 kw=5.81 inf=1.41 iv=0.00 n=0 d=0 sk=4 hf=98272 hm=97412 ht=283428 pf=0 pm=0 pt=0 ru=233276 rp=234136
17:55:11.668 @T t=66356 s=0.000 lv=-36.9 pk=-35.7 c0=3.9 c1=5.2 kw=5.00 inf=1.54 iv=0.00 n=0 d=0 sk=3 hf=98272 hm=97412 ht=283428 pf=0 pm=0 pt=0 ru=233276 rp=234136
17:55:11.668 @T t=66442 s=0.000 lv=-36.0 pk=-34.8 c0=4.8 c1=5.0 kw=4.85 inf=1.81 iv=0.00 n=0 d=0 sk=2 hf=98272 hm=97412 ht=283428 pf=0 pm=0 pt=0 ru=233276 rp=234136
17:55:11.668 @T t=66548 s=0.000 lv=-35.0 pk=-33.6 c0=3.1 c1=6.1 kw=5.97 inf=1.38 iv=0.00 n=0 d=0 sk=4 hf=98272 hm=97412 ht=283428 pf=0 pm=0 pt=0 ru=233276 rp=234136
17:55:11.668 @T t=66654 s=0.000 lv=-36.3 pk=-35.4 c0=7.0 c1=5.1 kw=4.95 inf=1.52 iv=0.00 n=0 d=0 sk=3 hf=98272 hm=97412 ht=283428 pf=0 pm=0 pt=0 ru=233276 rp=234136
17:55:11.668 @T t=66740 s=0.000 lv=-36.4 pk=-35.4 c0=4.8 c1=5.1 kw=4.96 inf=1.86 iv=0.00 n=0 d=0 sk=2 hf=98272 hm=97412 ht=283428 pf=0 pm=0 pt=0 ru=233276 rp=234136
17:55:11.668 @T t=66846 s=0.000 lv=-35.9 pk=-34.2 c0=3.9 c1=6.1 kw=5.96 inf=1.38 iv=0.00 n=0 d=0 sk=4 hf=98272 hm=97412 ht=283428 pf=0 pm=0 pt=0 ru=233276 rp=234136
17:55:11.668 @T t=66952 s=0.000 lv=-36.9 pk=-36.6 c0=4.0 c1=5.1 kw=4.98 inf=1.53 iv=0.00 n=0 d=0 sk=3 hf=98272 hm=97412 ht=283428 pf=0 pm=0 pt=0 ru=233276 rp=234136
17:55:11.668 @T t=67058 s=0.000 lv=-35.4 pk=-34.6 c0=3.9 c1=5.2 kw=5.01 inf=1.54 iv=0.00 n=0 d=0 sk=3 hf=98272 hm=97412 ht=283428 pf=0 pm=0 pt=0 ru=233276 rp=234136
17:55:11.668 @T t=67144 s=0.000 lv=-36.1 pk=-35.6 c0=4.7 c1=6.1 kw=5.02 inf=1.88 iv=0.00 n=0 d=0 sk=2 hf=98272 hm=97412 ht=283428 pf=0 pm=0 pt=0 ru=233276 rp=234136
17:55:11.668 @I ww=marvin cut=0.50 win=5 cool=1000 tick=100 wifi=0 srv=0 li=0 ln=0
17:55:14.266 @T t=67239 s=0.000 lv=-36.7 pk=-35.6 c0=5.3 c1=5.8 kw=5.67 inf=1.56 iv=0.00 n=0 d=0 sk=3 hf=98272 hm=97412 ht=283428 pf=0 pm=0 pt=0 ru=233276 rp=234136
17:55:14.266 @T t=67345 s=0.000 lv=-36.4 pk=-35.2 c0=4.1 c1=5.5 kw=5.10 inf=1.53 iv=0.00 n=0 d=0 sk=3 hf=98272 hm=97412 ht=283428 pf=0 pm=0 pt=0 ru=233276 rp=234136
17:55:14.266 @T t=67451 s=0.000 lv=-36.0 pk=-33.7 c0=3.6 c1=6.3 kw=5.84 inf=1.84 iv=0.00 n=0 d=0 sk=3 hf=98272 hm=97412 ht=283428 pf=0 pm=0 pt=0 ru=233276 rp=234136
17:55:14.266 @T t=67557 s=0.000 lv=-36.8 pk=-35.9 c0=3.0 c1=5.1 kw=4.93 inf=1.52 iv=0.00 n=0 d=0 sk=3 hf=98272 hm=97412 ht=283428 pf=0 pm=0 pt=0 ru=233276 rp=234136
17:55:14.266 @T t=67643 s=0.000 lv=-36.5 pk=-35.9 c0=3.6 c1=5.0 kw=4.84 inf=1.81 iv=0.00 n=0 d=0 sk=2 hf=98272 hm=97412 ht=283428 pf=0 pm=0 pt=0 ru=233276 rp=234136
17:55:14.266 @T t=67748 s=0.000 lv=-37.6 pk=-36.0 c0=5.6 c1=6.1 kw=5.92 inf=1.36 iv=0.00 n=0 d=0 sk=4 hf=98272 hm=97412 ht=283428 pf=0 pm=0 pt=0 ru=233276 rp=234136
17:55:14.266 @T t=67854 s=0.000 lv=-38.9 pk=-37.8 c0=3.4 c1=5.1 kw=4.91 inf=1.51 iv=0.00 n=0 d=0 sk=3 hf=98272 hm=97412 ht=283428 pf=0 pm=0 pt=0 ru=233276 rp=234136
17:55:14.266 @T t=67940 s=0.000 lv=-40.3 pk=-38.9 c0=3.8 c1=5.0 kw=4.89 inf=1.83 iv=0.00 n=0 d=0 sk=2 hf=98272 hm=97412 ht=283428 pf=0 pm=0 pt=0 ru=233276 rp=234136
17:55:14.266 @T t=68046 s=0.000 lv=-40.1 pk=-39.3 c0=6.2 c1=6.0 kw=5.87 inf=1.36 iv=0.00 n=0 d=0 sk=4 hf=98272 hm=97412 ht=283428 pf=0 pm=0 pt=0 ru=233276 rp=234136
17:55:14.266 @T t=68152 s=0.000 lv=-38.3 pk=-36.6 c0=4.0 c1=6.0 kw=5.07 inf=1.56 iv=0.00 n=0 d=0 sk=3 hf=98272 hm=97412 ht=283428 pf=0 pm=0 pt=0 ru=233276 rp=234136
17:55:14.266 @I ww=marvin cut=0.50 win=5 cool=1000 tick=100 wifi=0 srv=0 li=0 ln=0
17:55:14.266 @T t=68243 s=0.000 lv=-36.8 pk=-36.4 c0=13.0 c1=4.7 kw=4.57 inf=1.81 iv=0.00 n=0 d=0 sk=2 hf=98272 hm=97412 ht=283428 pf=0 pm=0 pt=0 ru=233276 rp=234136
17:55:14.266 @T t=68348 s=0.000 lv=-34.6 pk=-32.4 c0=3.0 c1=16.7 kw=16.43 inf=1.26 iv=0.98 n=11 d=0 sk=2 hf=98272 hm=97412 ht=283428 pf=0 pm=0 pt=0 ru=233276 rp=234136
17:55:14.266 @T t=68454 s=0.000 lv=-35.3 pk=-32.9 c0=3.3 c1=9.7 kw=9.49 inf=2.34 iv=1.14 n=4 d=0 sk=0 hf=98272 hm=97412 ht=283428 pf=0 pm=0 pt=0 ru=233276 rp=234136
17:55:14.266 @T t=68540 s=0.000 lv=-38.0 pk=-37.2 c0=6.2 c1=8.7 kw=8.29 inf=3.26 iv=1.30 n=2 d=0 sk=0 hf=98272 hm=97412 ht=283428 pf=0 pm=0 pt=0 ru=233276 rp=234136
17:55:14.266 @T t=68646 s=0.000 lv=-39.7 pk=-38.8 c0=4.8 c1=11.4 kw=11.16 inf=2.74 iv=1.27 n=4 d=0 sk=0 hf=98272 hm=97412 ht=283428 pf=0 pm=0 pt=0 ru=233276 rp=234136
17:55:14.266 @T t=68752 s=0.000 lv=-38.7 pk=-37.6 c0=4.3 c1=10.3 kw=10.06 inf=2.48 iv=1.25 n=4 d=0 sk=0 hf=98272 hm=97412 ht=283428 pf=0 pm=0 pt=0 ru=233276 rp=234136
17:55:14.266 @T t=68858 s=0.000 lv=-36.7 pk=-35.8 c0=4.5 c1=9.2 kw=9.03 inf=2.96 iv=1.31 n=3 d=0 sk=0 hf=98272 hm=97412 ht=283428 pf=0 pm=0 pt=0 ru=233276 rp=234136
17:55:14.266 @T t=68944 s=0.000 lv=-35.8 pk=-34.8 c0=4.1 c1=9.5 kw=9.37 inf=2.49 iv=1.20 n=3 d=0 sk=0 hf=98272 hm=97412 ht=283428 pf=0 pm=0 pt=0 ru=233276 rp=234136
17:55:14.266 @T t=69050 s=0.000 lv=-37.9 pk=-36.6 c0=4.3 c1=11.2 kw=10.98 inf=2.69 iv=1.23 n=4 d=0 sk=0 hf=98272 hm=97412 ht=283428 pf=0 pm=0 pt=0 ru=233276 rp=234136
17:55:14.266 @T t=69156 s=0.000 lv=-35.7 pk=-34.5 c0=4.8 c1=10.4 kw=9.45 inf=3.10 iv=1.41 n=3 d=0 sk=0 hf=98272 hm=97412 ht=283428 pf=0 pm=0 pt=0 ru=233276 rp=234136
17:55:14.267 @I ww=marvin cut=0.50 win=5 cool=1000 tick=100 wifi=0 srv=0 li=0 ln=0
17:55:14.267 @T t=69247 s=0.000 lv=-38.0 pk=-37.6 c0=5.8 c1=10.8 kw=10.55 inf=2.96 iv=1.32 n=3 d=0 sk=0 hf=98272 hm=97412 ht=283428 pf=0 pm=0 pt=0 ru=233276 rp=234136
17:55:14.267 @T t=69353 s=0.000 lv=-39.6 pk=-39.0 c0=4.2 c1=10.2 kw=9.93 inf=2.45 iv=1.24 n=4 d=0 sk=0 hf=98272 hm=97412 ht=283428 pf=0 pm=0 pt=0 ru=233276 rp=234136
17:55:14.267 @T t=69439 s=0.000 lv=-38.4 pk=-37.8 c0=4.1 c1=8.1 kw=7.98 inf=3.15 iv=1.22 n=2 d=0 sk=0 hf=98272 hm=97412 ht=283428 pf=0 pm=0 pt=0 ru=233276 rp=234136
17:55:14.267 @T t=69545 s=0.000 lv=-36.4 pk=-34.9 c0=4.2 c1=10.7 kw=10.22 inf=2.49 iv=1.25 n=4 d=0 sk=0 hf=98272 hm=97412 ht=283428 pf=0 pm=0 pt=0 ru=233276 rp=234136
17:55:14.267 @T t=69651 s=0.000 lv=-38.2 pk=-36.7 c0=4.2 c1=11.4 kw=10.89 inf=2.71 iv=1.23 n=4 d=0 sk=0 hf=98272 hm=97412 ht=283428 pf=0 pm=0 pt=0 ru=233276 rp=234136
17:55:14.267 @T t=69757 s=0.000 lv=-38.4 pk=-36.8 c0=4.2 c1=9.1 kw=8.92 inf=2.91 iv=1.29 n=3 d=0 sk=0 hf=98272 hm=97412 ht=283428 pf=0 pm=0 pt=0 ru=233276 rp=234136
17:55:16.472 @T t=69843 s=0.000 lv=-37.4 pk=-36.1 c0=4.9 c1=9.9 kw=9.63 inf=2.57 iv=1.26 n=3 d=0 sk=0 hf=98272 hm=97412 ht=283428 pf=0 pm=0 pt=0 ru=233276 rp=234136
17:55:16.473 @T t=69951 s=0.000 lv=-38.3 pk=-37.8 c0=3.2 c1=10.4 kw=10.18 inf=2.53 iv=1.09 n=4 d=0 sk=0 hf=98272 hm=97412 ht=283428 pf=0 pm=0 pt=0 ru=233276 rp=234136
17:55:16.473 @T t=70057 s=0.000 lv=-36.9 pk=-35.1 c0=3.2 c1=5.1 kw=4.99 inf=1.54 iv=0.00 n=0 d=0 sk=3 hf=98272 hm=97412 ht=283428 pf=0 pm=0 pt=0 ru=233276 rp=234136
17:55:16.473 @T t=70143 s=0.000 lv=-38.5 pk=-37.3 c0=8.3 c1=6.0 kw=4.92 inf=1.85 iv=0.00 n=0 d=0 sk=2 hf=98272 hm=97412 ht=283428 pf=0 pm=0 pt=0 ru=233276 rp=234136
17:55:16.473 @I ww=marvin cut=0.50 win=5 cool=1000 tick=100 wifi=0 srv=0 li=0 ln=0
17:55:16.473 @T t=70254 s=0.000 lv=-37.0 pk=-36.2 c0=4.3 c1=5.9 kw=5.72 inf=1.38 iv=0.00 n=0 d=0 sk=4 hf=98272 hm=97412 ht=283428 pf=0 pm=0 pt=0 ru=233276 rp=234136
17:55:16.473 @T t=70340 s=0.000 lv=-40.3 pk=-40.1 c0=3.8 c1=5.0 kw=4.86 inf=1.82 iv=0.00 n=0 d=0 sk=2 hf=98272 hm=97412 ht=283428 pf=0 pm=0 pt=0 ru=233276 rp=234136
17:55:16.473 @T t=70446 s=0.000 lv=-38.2 pk=-36.7 c0=2.9 c1=6.0 kw=5.85 inf=1.35 iv=0.00 n=0 d=0 sk=4 hf=98272 hm=97412 ht=283428 pf=0 pm=0 pt=0 ru=233276 rp=234136
17:55:16.473 @T t=70552 s=0.000 lv=-38.0 pk=-36.8 c0=3.4 c1=5.1 kw=4.93 inf=1.52 iv=0.00 n=0 d=0 sk=3 hf=98272 hm=97412 ht=283428 pf=0 pm=0 pt=0 ru=233276 rp=234136
17:55:16.473 @T t=70658 s=0.000 lv=-38.6 pk=-37.3 c0=3.1 c1=5.1 kw=4.94 inf=1.52 iv=0.00 n=0 d=0 sk=3 hf=98272 hm=97412 ht=283428 pf=0 pm=0 pt=0 ru=233276 rp=234136
17:55:16.473 @T t=70744 s=0.000 lv=-39.2 pk=-38.4 c0=3.6 c1=4.9 kw=4.80 inf=1.80 iv=0.00 n=0 d=0 sk=2 hf=98272 hm=97412 ht=283428 pf=0 pm=0 pt=0 ru=233276 rp=234136
17:55:16.473 @T t=70850 s=0.000 lv=-39.1 pk=-37.3 c0=3.0 c1=6.0 kw=5.88 inf=1.36 iv=0.00 n=0 d=0 sk=4 hf=98272 hm=97412 ht=283428 pf=0 pm=0 pt=0 ru=233276 rp=234136
17:55:16.473 @T t=70956 s=0.000 lv=-37.8 pk=-36.7 c0=8.4 c1=5.4 kw=5.10 inf=1.57 iv=0.00 n=0 d=0 sk=3 hf=98272 hm=97412 ht=283428 pf=0 pm=0 pt=0 ru=233276 rp=234136
17:55:16.473 @T t=71042 s=0.000 lv=-38.3 pk=-37.8 c0=5.0 c1=5.2 kw=5.01 inf=1.88 iv=0.00 n=0 d=0 sk=2 hf=98272 hm=97412 ht=283428 pf=0 pm=0 pt=0 ru=233276 rp=234136
17:55:16.473 [status] up 71s | mic -37.4 dBFS (peak -32.4) | score max 0.00 | detections 0 | inferences 65 (6.5/s; model 1.20 ms each, paused in quiet 79%; features 1.49 ms per 30 ms) | CPU core0  4.8% core1  6.4% (wake word pipeline 6.12% of one core) | RAM used 227 KB (peak 228 KB, 95 KB free) | wifi --, server -- | audio lost since boot: i2s 0 net 0
17:55:16.473 [stacks] unused bytes: main=1936 IDLE1=720 IDLE0=728 websocket_task=1460 audio_kws=1248 tiT=2452 sys_evt=428 streamer=2952 ipc0=528 wifi=4056 esp_timer=3136 Tmr Svc=1368 ipc1=536
17:55:16.473 @T t=71184 s=0.000 lv=-37.2 pk=-36.2 c0=8.5 c1=6.1 kw=5.33 inf=1.65 iv=0.00 n=0 d=0 sk=4 hf=98272 hm=97412 ht=283428 pf=0 pm=0 pt=0 ru=233276 rp=234136
17:55:16.473 @I ww=marvin cut=0.50 win=5 cool=1000 tick=100 wifi=0 srv=0 li=0 ln=0
17:55:16.473 @T t=71256 s=0.000 lv=-36.7 pk=-35.8 c0=18.2 c1=6.1 kw=5.89 inf=1.85 iv=0.00 n=0 d=0 sk=2 hf=98272 hm=97412 ht=283428 pf=0 pm=0 pt=0 ru=233276 rp=234136
17:55:16.473 @T t=71342 s=0.000 lv=-36.0 pk=-34.2 c0=3.8 c1=5.1 kw=4.97 inf=1.87 iv=0.00 n=0 d=0 sk=2 hf=98272 hm=97412 ht=283428 pf=0 pm=0 pt=0 ru=233276 rp=234136
17:55:16.473 @T t=71448 s=0.000 lv=-38.7 pk=-37.6 c0=3.7 c1=6.2 kw=5.97 inf=1.38 iv=0.00 n=0 d=0 sk=4 hf=98272 hm=97412 ht=283428 pf=0 pm=0 pt=0 ru=233276 rp=234136
17:55:16.473 @T t=71554 s=0.000 lv=-38.9 pk=-37.8 c0=3.8 c1=5.2 kw=5.01 inf=1.54 iv=0.00 n=0 d=0 sk=3 hf=98272 hm=97412 ht=283428 pf=0 pm=0 pt=0 ru=233276 rp=234136
17:55:16.473 @T t=71640 s=0.000 lv=-36.3 pk=-35.6 c0=4.7 c1=5.1 kw=4.95 inf=1.85 iv=0.00 n=0 d=0 sk=2 hf=98272 hm=97412 ht=283428 pf=0 pm=0 pt=0 ru=233276 rp=234136
17:55:16.473 @T t=71746 s=0.000 lv=-36.5 pk=-34.0 c0=3.8 c1=6.2 kw=5.99 inf=1.39 iv=0.00 n=0 d=0 sk=4 hf=98272 hm=97412 ht=283428 pf=0 pm=0 pt=0 ru=233276 rp=234136
17:55:16.473 @T t=71852 s=0.000 lv=-36.4 pk=-34.2 c0=3.2 c1=5.1 kw=4.94 inf=1.52 iv=0.00 n=0 d=0 sk=3 hf=98272 hm=97412 ht=283428 pf=0 pm=0 pt=0 ru=233276 rp=234136
17:55:16.473 @T t=71958 s=0.000 lv=-38.9 pk=-36.8 c0=4.0 c1=5.1 kw=4.96 inf=1.53 iv=0.00 n=0 d=0 sk=3 hf=98272 hm=97412 ht=283428 pf=0 pm=0 pt=0 ru=233276 rp=234136
17:55:18.985 @T t=72044 s=0.000 lv=-39.1 pk=-38.0 c0=4.8 c1=5.1 kw=4.98 inf=1.86 iv=0.00 n=0 d=0 sk=2 hf=98272 hm=97412 ht=283428 pf=0 pm=0 pt=0 ru=233276 rp=234136
17:55:18.985 @T t=72153 s=0.000 lv=-36.3 pk=-34.9 c0=9.9 c1=6.9 kw=5.99 inf=1.42 iv=0.00 n=0 d=0 sk=4 hf=98272 hm=97412 ht=283428 pf=0 pm=0 pt=0 ru=233276 rp=234136
17:55:18.985 @I ww=marvin cut=0.50 win=5 cool=1000 tick=100 wifi=0 srv=0 li=0 ln=0
17:55:18.985 @T t=72244 s=0.000 lv=-36.4 pk=-34.8 c0=5.2 c1=4.8 kw=4.65 inf=1.84 iv=0.00 n=0 d=0 sk=2 hf=98272 hm=97412 ht=283428 pf=0 pm=0 pt=0 ru=233276 rp=234136
17:55:18.985 @T t=72350 s=0.000 lv=-37.8 pk=-36.8 c0=3.0 c1=6.1 kw=5.97 inf=1.38 iv=0.00 n=0 d=0 sk=4 hf=98272 hm=97412 ht=283428 pf=0 pm=0 pt=0 ru=233276 rp=234136
17:55:18.985 @T t=72456 s=0.000 lv=-38.4 pk=-36.4 c0=6.2 c1=5.0 kw=4.90 inf=1.51 iv=0.00 n=0 d=0 sk=3 hf=98272 hm=97412 ht=283428 pf=0 pm=0 pt=0 ru=233276 rp=234136
17:55:18.985 @T t=72542 s=0.000 lv=-39.4 pk=-37.6 c0=7.6 c1=5.0 kw=4.80 inf=1.80 iv=0.00 n=0 d=0 sk=2 hf=98272 hm=97412 ht=283428 pf=0 pm=0 pt=0 ru=233276 rp=234136
17:55:18.985 @T t=72648 s=0.000 lv=-37.9 pk=-36.7 c0=3.3 c1=6.1 kw=5.92 inf=1.37 iv=0.00 n=0 d=0 sk=4 hf=98272 hm=97412 ht=283428 pf=0 pm=0 pt=0 ru=233276 rp=234136
17:55:18.985 @T t=72754 s=0.000 lv=-37.2 pk=-36.2 c0=3.0 c1=5.1 kw=4.94 inf=1.52 iv=0.00 n=0 d=0 sk=3 hf=98272 hm=97412 ht=283428 pf=0 pm=0 pt=0 ru=233276 rp=234136
17:55:18.986 @T t=72840 s=0.000 lv=-38.6 pk=-38.0 c0=7.7 c1=5.0 kw=4.85 inf=1.82 iv=0.00 n=0 d=0 sk=2 hf=98272 hm=97412 ht=283428 pf=0 pm=0 pt=0 ru=233276 rp=234136
17:55:18.986 @T t=72946 s=0.000 lv=-39.0 pk=-36.9 c0=3.5 c1=6.1 kw=5.90 inf=1.36 iv=0.00 n=0 d=0 sk=4 hf=98272 hm=97412 ht=283428 pf=0 pm=0 pt=0 ru=233276 rp=234136
17:55:18.986 @T t=73052 s=0.000 lv=-38.9 pk=-38.5 c0=3.1 c1=5.1 kw=4.94 inf=1.52 iv=0.00 n=0 d=0 sk=3 hf=98272 hm=97412 ht=283428 pf=0 pm=0 pt=0 ru=233276 rp=234136
17:55:18.986 @T t=73158 s=0.000 lv=-37.6 pk=-36.2 c0=3.5 c1=6.0 kw=5.05 inf=1.56 iv=0.00 n=0 d=0 sk=3 hf=98272 hm=97412 ht=283428 pf=0 pm=0 pt=0 ru=233276 rp=234136
17:55:18.986 @I ww=marvin cut=0.50 win=5 cool=1000 tick=100 wifi=0 srv=0 li=0 ln=0
17:55:18.986 @T t=73250 s=0.000 lv=-36.3 pk=-35.0 c0=13.5 c1=5.9 kw=5.75 inf=1.54 iv=0.00 n=0 d=0 sk=3 hf=98272 hm=97412 ht=283428 pf=0 pm=0 pt=0 ru=233276 rp=234136
17:55:18.986 @T t=73356 s=0.000 lv=-35.3 pk=-33.3 c0=8.0 c1=5.4 kw=5.05 inf=1.56 iv=0.00 n=0 d=0 sk=3 hf=98272 hm=97412 ht=283428 pf=0 pm=0 pt=0 ru=233276 rp=234136
17:55:18.986 @T t=73442 s=0.000 lv=-39.4 pk=-38.7 c0=5.6 c1=5.1 kw=4.97 inf=1.86 iv=0.00 n=0 d=0 sk=2 hf=98272 hm=97412 ht=283428 pf=0 pm=0 pt=0 ru=233276 rp=234136
17:55:18.986 @T t=73548 s=0.000 lv=-38.8 pk=-37.7 c0=3.9 c1=6.2 kw=5.99 inf=1.38 iv=0.00 n=0 d=0 sk=4 hf=98272 hm=97412 ht=283428 pf=0 pm=0 pt=0 ru=233276 rp=234136
17:55:18.986 @T t=73654 s=0.000 lv=-39.3 pk=-37.8 c0=3.2 c1=5.0 kw=4.93 inf=1.52 iv=0.00 n=0 d=0 sk=3 hf=98272 hm=97412 ht=283428 pf=0 pm=0 pt=0 ru=233276 rp=234136
17:55:18.986 @T t=73740 s=0.000 lv=-36.1 pk=-34.6 c0=4.5 c1=5.2 kw=4.96 inf=1.86 iv=0.00 n=0 d=0 sk=2 hf=98272 hm=97412 ht=283428 pf=0 pm=0 pt=0 ru=233276 rp=234136
17:55:18.986 @T t=73846 s=0.000 lv=-36.8 pk=-35.2 c0=7.1 c1=6.2 kw=6.01 inf=1.39 iv=0.00 n=0 d=0 sk=4 hf=98272 hm=97412 ht=283428 pf=0 pm=0 pt=0 ru=233276 rp=234136
17:55:18.986 @T t=73952 s=0.000 lv=-36.9 pk=-36.1 c0=4.0 c1=5.2 kw=5.04 inf=1.55 iv=0.00 n=0 d=0 sk=3 hf=98272 hm=97412 ht=283428 pf=0 pm=0 pt=0 ru=233276 rp=234136
17:55:18.986 @T t=74058 s=0.000 lv=-38.2 pk=-37.7 c0=3.9 c1=5.1 kw=4.98 inf=1.53 iv=0.00 n=0 d=0 sk=3 hf=98272 hm=97412 ht=283428 pf=0 pm=0 pt=0 ru=233276 rp=234136
17:55:18.986 @T t=74144 s=0.000 lv=-37.5 pk=-37.1 c0=5.4 c1=6.1 kw=5.01 inf=1.88 iv=0.00 n=0 d=0 sk=2 hf=98272 hm=97412 ht=283428 pf=0 pm=0 pt=0 ru=233276 rp=234136
17:55:18.986 @I ww=marvin cut=0.50 win=5 cool=1000 tick=100 wifi=0 srv=0 li=0 ln=0
17:55:18.986 @T t=74255 s=0.000 lv=-37.1 pk=-35.1 c0=10.2 c1=6.0 kw=5.83 inf=1.41 iv=0.00 n=0 d=0 sk=4 hf=98272 hm=97412 ht=283428 pf=0 pm=0 pt=0 ru=233276 rp=234136
17:55:18.986 @T t=74342 s=0.000 lv=-34.9 pk=-33.5 c0=4.7 c1=5.1 kw=4.87 inf=1.85 iv=0.00 n=0 d=0 sk=2 hf=98272 hm=97412 ht=283428 pf=0 pm=0 pt=0 ru=233276 rp=234136
17:55:18.986 @T t=74448 s=0.000 lv=-34.4 pk=-31.8 c0=4.2 c1=19.4 kw=19.10 inf=1.49 iv=1.03 n=13 d=0 sk=0 hf=98272 hm=97412 ht=283428 pf=0 pm=0 pt=0 ru=233276 rp=234136
17:55:21.473 @T t=74554 s=0.000 lv=-36.5 pk=-34.1 c0=4.2 c1=10.2 kw=10.02 inf=2.47 iv=1.24 n=4 d=0 sk=0 hf=98272 hm=97412 ht=283428 pf=0 pm=0 pt=0 ru=233276 rp=234136
17:55:21.474 @T t=74640 s=0.000 lv=-37.8 pk=-35.9 c0=4.9 c1=8.3 kw=8.12 inf=3.21 iv=1.27 n=2 d=0 sk=0 hf=98272 hm=97412 ht=283428 pf=0 pm=0 pt=0 ru=233276 rp=234136
17:55:21.474 @T t=74746 s=0.000 lv=-36.4 pk=-34.5 c0=3.3 c1=10.9 kw=10.70 inf=2.62 iv=1.17 n=4 d=0 sk=0 hf=98272 hm=97412 ht=283428 pf=0 pm=0 pt=0 ru=233276 rp=234136
17:55:21.474 @T t=74852 s=0.002 lv=-35.4 pk=-33.6 c0=6.5 c1=9.7 kw=9.48 inf=2.33 iv=1.13 n=4 d=0 sk=0 hf=98272 hm=97412 ht=283428 pf=0 pm=0 pt=0 ru=233276 rp=234136
17:55:21.474 @T t=74958 s=0.002 lv=-35.4 pk=-34.7 c0=3.3 c1=8.6 kw=8.41 inf=2.74 iv=1.15 n=3 d=0 sk=0 hf=98272 hm=97412 ht=283428 pf=0 pm=0 pt=0 ru=233276 rp=234136
17:55:21.474 @T t=75044 s=0.001 lv=-37.4 pk=-36.7 c0=4.6 c1=9.7 kw=9.44 inf=2.51 iv=1.22 n=3 d=0 sk=0 hf=98272 hm=97412 ht=283428 pf=0 pm=0 pt=0 ru=233276 rp=234136
17:55:21.474 @T t=75152 s=0.001 lv=-36.8 pk=-35.8 c0=3.6 c1=12.0 kw=10.99 inf=2.75 iv=1.26 n=4 d=0 sk=0 hf=98272 hm=97412 ht=283428 pf=0 pm=0 pt=0 ru=233276 rp=234136
17:55:21.474 @I ww=marvin cut=0.50 win=5 cool=1000 tick=100 wifi=0 srv=0 li=0 ln=0
17:55:21.474 @T t=75247 s=0.001 lv=-35.8 pk=-34.9 c0=4.4 c1=9.7 kw=9.48 inf=2.77 iv=1.18 n=3 d=0 sk=0 hf=98272 hm=97412 ht=283428 pf=0 pm=0 pt=0 ru=233276 rp=234136
17:55:21.474 @T t=75353 s=0.001 lv=-35.6 pk=-34.9 c0=3.8 c1=8.8 kw=8.55 inf=2.79 iv=1.19 n=3 d=0 sk=0 hf=98272 hm=97412 ht=283428 pf=0 pm=0 pt=0 ru=233276 rp=234136
17:55:21.474 @T t=75439 s=0.000 lv=-36.5 pk=-35.9 c0=4.1 c1=9.6 kw=9.38 inf=2.50 iv=1.20 n=3 d=0 sk=0 hf=98272 hm=97412 ht=283428 pf=0 pm=0 pt=0 ru=233276 rp=234136
17:55:21.474 @T t=75545 s=0.000 lv=-37.3 pk=-36.1 c0=3.3 c1=9.0 kw=8.61 inf=2.76 iv=1.17 n=3 d=0 sk=0 hf=98272 hm=97412 ht=283428 pf=0 pm=0 pt=0 ru=233276 rp=234136
17:55:21.474 @T t=75651 s=0.000 lv=-39.4 pk=-38.7 c0=3.3 c1=10.5 kw=10.47 inf=2.60 iv=1.17 n=4 d=0 sk=0 hf=98272 hm=97412 ht=283428 pf=0 pm=0 pt=0 ru=233276 rp=234136
17:55:21.474 W (76088) wifi: cannot connect (reason 201). Check the name/password in menuconfig; the ESP32 needs a 2.4 GHz network (201 = network not found, 15/204 = wrong password)
17:55:21.474 @T t=75757 s=0.000 lv=-38.4 pk=-36.3 c0=7.2 c1=10.2 kw=9.81 inf=2.42 iv=1.19 n=4 d=0 sk=0 hf=98272 hm=97412 ht=283428 pf=0 pm=0 pt=0 ru=233276 rp=234136
17:55:21.474 @T t=75843 s=0.000 lv=-37.9 pk=-37.3 c0=5.8 c1=8.1 kw=7.93 inf=3.13 iv=1.19 n=2 d=0 sk=0 hf=98272 hm=97412 ht=283428 pf=0 pm=0 pt=0 ru=233276 rp=234136
17:55:21.474 @T t=75951 s=0.000 lv=-36.4 pk=-35.5 c0=3.3 c1=10.7 kw=10.42 inf=2.60 iv=1.14 n=4 d=0 sk=0 hf=98272 hm=97412 ht=283428 pf=0 pm=0 pt=0 ru=233276 rp=234136
17:55:21.474 @T t=76057 s=0.000 lv=-36.7 pk=-36.0 c0=6.8 c1=5.1 kw=4.97 inf=1.53 iv=0.00 n=0 d=0 sk=3 hf=98272 hm=97412 ht=283428 pf=0 pm=0 pt=0 ru=233276 rp=234136
17:55:21.474 @T t=76143 s=0.000 lv=-37.0 pk=-36.5 c0=5.5 c1=6.2 kw=5.05 inf=1.89 iv=0.00 n=0 d=0 sk=2 hf=98272 hm=97412 ht=283428 pf=0 pm=0 pt=0 ru=233276 rp=234136
17:55:21.474 @I ww=marvin cut=0.50 win=5 cool=1000 tick=100 wifi=0 srv=0 li=0 ln=0
17:55:21.474 @T t=76257 s=0.000 lv=-38.1 pk=-37.6 c0=4.4 c1=5.9 kw=5.68 inf=1.41 iv=0.00 n=0 d=0 sk=4 hf=98272 hm=97412 ht=283428 pf=0 pm=0 pt=0 ru=233276 rp=234136
17:55:21.474 @T t=76343 s=0.000 lv=-37.5 pk=-36.1 c0=4.7 c1=5.1 kw=4.97 inf=1.86 iv=0.00 n=0 d=0 sk=2 hf=98272 hm=97412 ht=283428 pf=0 pm=0 pt=0 ru=233276 rp=234136
17:55:21.474 @T t=76449 s=0.000 lv=-37.1 pk=-35.6 c0=3.9 c1=6.2 kw=6.04 inf=1.39 iv=0.00 n=0 d=0 sk=4 hf=98272 hm=97412 ht=283428 pf=0 pm=0 pt=0 ru=233276 rp=234136
17:55:21.474 @T t=76555 s=0.000 lv=-37.3 pk=-36.0 c0=3.2 c1=5.1 kw=4.98 inf=1.54 iv=0.00 n=0 d=0 sk=3 hf=98272 hm=97412 ht=283428 pf=0 pm=0 pt=0 ru=233276 rp=234136
17:55:21.474 @T t=76641 s=0.000 lv=-39.7 pk=-39.4 c0=4.5 c1=5.1 kw=4.93 inf=1.85 iv=0.00 n=0 d=0 sk=2 hf=98272 hm=97412 ht=283428 pf=0 pm=0 pt=0 ru=233276 rp=234136
17:55:21.474 @T t=76747 s=0.000 lv=-39.2 pk=-38.1 c0=4.0 c1=6.2 kw=6.00 inf=1.38 iv=0.00 n=0 d=0 sk=4 hf=98272 hm=97412 ht=283428 pf=0 pm=0 pt=0 ru=233276 rp=234136
17:55:21.474 @T t=76853 s=0.000 lv=-38.2 pk=-36.6 c0=4.1 c1=5.3 kw=5.01 inf=1.55 iv=0.00 n=0 d=0 sk=3 hf=98272 hm=97412 ht=283428 pf=0 pm=0 pt=0 ru=233276 rp=234136
17:55:21.474 @T t=76939 s=0.000 lv=-37.1 pk=-35.4 c0=4.9 c1=5.0 kw=4.99 inf=1.87 iv=0.00 n=0 d=0 sk=2 hf=98272 hm=97412 ht=283428 pf=0 pm=0 pt=0 ru=233276 rp=234136
17:55:23.984 @T t=77045 s=0.000 lv=-35.0 pk=-33.2 c0=3.9 c1=17.8 kw=17.41 inf=1.35 iv=0.98 n=13 d=0 sk=0 hf=98272 hm=97412 ht=283428 pf=0 pm=0 pt=0 ru=233276 rp=234136
17:55:23.984 @T t=77151 s=0.000 lv=-37.7 pk=-37.0 c0=3.9 c1=12.3 kw=11.05 inf=2.75 iv=1.27 n=4 d=0 sk=0 hf=98272 hm=97412 ht=283428 pf=0 pm=0 pt=0 ru=233276 rp=234136
17:55:23.984 @I ww=marvin cut=0.50 win=5 cool=1000 tick=100 wifi=0 srv=0 li=0 ln=0
17:55:23.984 @T t=77242 s=0.000 lv=-37.2 pk=-36.2 c0=4.8 c1=7.8 kw=7.63 inf=3.19 iv=1.24 n=2 d=0 sk=0 hf=98272 hm=97412 ht=283428 pf=0 pm=0 pt=0 ru=233276 rp=234136
17:55:23.984 @T t=77348 s=0.000 lv=-38.6 pk=-35.9 c0=3.3 c1=10.6 kw=10.39 inf=2.54 iv=1.11 n=4 d=0 sk=0 hf=98272 hm=97412 ht=283428 pf=0 pm=0 pt=0 ru=233276 rp=234136
17:55:23.984 @T t=77454 s=0.000 lv=-38.3 pk=-37.8 c0=3.7 c1=9.7 kw=9.47 inf=2.33 iv=1.13 n=4 d=0 sk=0 hf=98272 hm=97412 ht=283428 pf=0 pm=0 pt=0 ru=233276 rp=234136
17:55:23.984 @T t=77540 s=0.000 lv=-36.6 pk=-35.7 c0=4.0 c1=8.1 kw=7.88 inf=3.11 iv=1.20 n=2 d=0 sk=0 hf=98272 hm=97412 ht=283428 pf=0 pm=0 pt=0 ru=233276 rp=234136
17:55:23.984 @T t=77646 s=0.000 lv=-38.0 pk=-36.9 c0=3.3 c1=10.7 kw=10.51 inf=2.57 iv=1.14 n=4 d=0 sk=0 hf=98272 hm=97412 ht=283428 pf=0 pm=0 pt=0 ru=233276 rp=234136
17:55:23.984 @T t=77752 s=0.000 lv=-39.4 pk=-38.8 c0=3.4 c1=9.8 kw=9.56 inf=2.35 iv=1.15 n=4 d=0 sk=0 hf=98272 hm=97412 ht=283428 pf=0 pm=0 pt=0 ru=233276 rp=234136
17:55:23.984 @T t=77858 s=0.000 lv=-40.0 pk=-39.5 c0=3.8 c1=8.8 kw=8.57 inf=2.80 iv=1.19 n=3 d=0 sk=0 hf=98272 hm=97412 ht=283428 pf=0 pm=0 pt=0 ru=233276 rp=234136
17:55:23.984 @T t=77944 s=0.000 lv=-38.6 pk=-37.5 c0=4.1 c1=9.5 kw=9.28 inf=2.47 iv=1.19 n=3 d=0 sk=0 hf=98272 hm=97412 ht=283428 pf=0 pm=0 pt=0 ru=233276 rp=234136
17:55:23.984 @T t=78050 s=0.000 lv=-38.4 pk=-37.4 c0=3.3 c1=10.7 kw=10.47 inf=2.56 iv=1.11 n=4 d=0 sk=0 hf=98272 hm=97412 ht=283428 pf=0 pm=0 pt=0 ru=233276 rp=234136
17:55:23.984 @T t=78156 s=0.000 lv=-37.2 pk=-36.6 c0=5.7 c1=10.3 kw=9.29 inf=3.03 iv=1.28 n=3 d=0 sk=0 hf=98272 hm=97412 ht=283428 pf=0 pm=0 pt=0 ru=233276 rp=234136
17:55:23.984 @I ww=marvin cut=0.50 win=5 cool=1000 tick=100 wifi=0 srv=0 li=0 ln=0
17:55:23.984 @T t=78247 s=0.000 lv=-38.4 pk=-38.1 c0=6.3 c1=10.2 kw=9.94 inf=2.78 iv=1.16 n=3 d=0 sk=0 hf=98272 hm=97412 ht=283428 pf=0 pm=0 pt=0 ru=233276 rp=234136
17:55:23.984 @T t=78353 s=0.000 lv=-39.6 pk=-38.7 c0=3.4 c1=9.6 kw=9.41 inf=2.32 iv=1.11 n=4 d=0 sk=0 hf=98272 hm=97412 ht=283428 pf=0 pm=0 pt=0 ru=233276 rp=234136
17:55:23.984 @T t=78439 s=0.000 lv=-40.6 pk=-39.2 c0=5.0 c1=8.2 kw=7.98 inf=3.14 iv=1.20 n=2 d=0 sk=0 hf=98272 hm=97412 ht=283428 pf=0 pm=0 pt=0 ru=233276 rp=234136
17:55:23.984 @T t=78545 s=0.000 lv=-39.7 pk=-37.7 c0=4.2 c1=10.3 kw=9.89 inf=2.41 iv=1.19 n=4 d=0 sk=0 hf=98272 hm=97412 ht=283428 pf=0 pm=0 pt=0 ru=233276 rp=234136
17:55:23.984 @T t=78651 s=0.000 lv=-37.8 pk=-36.7 c0=4.1 c1=6.4 kw=5.99 inf=1.89 iv=0.00 n=0 d=0 sk=3 hf=98272 hm=97412 ht=283428 pf=0 pm=0 pt=0 ru=233276 rp=234136
17:55:23.984 @T t=78757 s=0.000 lv=-42.2 pk=-41.6 c0=4.1 c1=5.2 kw=4.99 inf=1.53 iv=0.00 n=0 d=0 sk=3 hf=98272 hm=97412 ht=283428 pf=0 pm=0 pt=0 ru=233276 rp=234136
17:55:23.984 @T t=78843 s=0.000 lv=-40.7 pk=-39.5 c0=3.9 c1=5.0 kw=4.85 inf=1.82 iv=0.00 n=0 d=0 sk=2 hf=98272 hm=97412 ht=283428 pf=0 pm=0 pt=0 ru=233276 rp=234136
17:55:23.984 @T t=78949 s=0.000 lv=-37.9 pk=-36.5 c0=3.8 c1=6.2 kw=6.00 inf=1.38 iv=0.00 n=0 d=0 sk=4 hf=98272 hm=97412 ht=283428 pf=0 pm=0 pt=0 ru=233276 rp=234136
17:55:23.984 @T t=79055 s=0.000 lv=-38.3 pk=-36.9 c0=3.9 c1=5.2 kw=5.02 inf=1.55 iv=0.00 n=0 d=0 sk=3 hf=98272 hm=97412 ht=283428 pf=0 pm=0 pt=0 ru=233276 rp=234136
17:55:23.984 @T t=79141 s=0.000 lv=-41.4 pk=-40.1 c0=5.7 c1=6.1 kw=5.09 inf=1.91 iv=0.00 n=0 d=0 sk=2 hf=98272 hm=97412 ht=283428 pf=0 pm=0 pt=0 ru=233276 rp=234136
17:55:23.984 @I ww=marvin cut=0.50 win=5 cool=1000 tick=100 wifi=0 srv=0 li=0 ln=0
17:55:23.984 @T t=79252 s=0.000 lv=-40.1 pk=-39.0 c0=4.7 c1=5.9 kw=5.73 inf=1.39 iv=0.00 n=0 d=0 sk=4 hf=98272 hm=97412 ht=283428 pf=0 pm=0 pt=0 ru=233276 rp=234136
17:55:23.984 @T t=79358 s=0.000 lv=-39.9 pk=-39.0 c0=3.9 c1=5.2 kw=5.00 inf=1.54 iv=0.00 n=0 d=0 sk=3 hf=98272 hm=97412 ht=283428 pf=0 pm=0 pt=0 ru=233276 rp=234136
17:55:23.984 @T t=79444 s=0.000 lv=-36.9 pk=-34.3 c0=4.2 c1=16.4 kw=16.27 inf=1.12 iv=0.96 n=10 d=0 sk=2 hf=98272 hm=97412 ht=283428 pf=0 pm=0 pt=0 ru=233276 rp=234136
17:55:26.373 @T t=79553 s=0.000 lv=-34.7 pk=-33.0 c0=3.6 c1=10.6 kw=10.35 inf=2.60 iv=1.13 n=4 d=0 sk=0 hf=98272 hm=97412 ht=283428 pf=0 pm=0 pt=0 ru=233276 rp=234136
17:55:26.373 @T t=79639 s=0.000 lv=-39.8 pk=-37.7 c0=4.1 c1=9.1 kw=8.94 inf=2.37 iv=1.11 n=3 d=0 sk=0 hf=98272 hm=97412 ht=283428 pf=0 pm=0 pt=0 ru=233276 rp=234136
17:55:26.373 @T t=79745 s=0.000 lv=-37.9 pk=-36.5 c0=3.2 c1=8.8 kw=8.41 inf=2.69 iv=1.10 n=3 d=0 sk=0 hf=98272 hm=97412 ht=283428 pf=0 pm=0 pt=0 ru=233276 rp=234136
17:55:26.373 @T t=79853 s=0.000 lv=-39.2 pk=-37.6 c0=3.6 c1=10.9 kw=10.74 inf=2.73 iv=1.28 n=4 d=0 sk=0 hf=98272 hm=97412 ht=283428 pf=0 pm=0 pt=0 ru=233276 rp=234136
17:55:26.373 @T t=79939 s=0.000 lv=-38.8 pk=-38.0 c0=4.1 c1=9.3 kw=9.26 inf=2.46 iv=1.18 n=3 d=0 sk=0 hf=98272 hm=97412 ht=283428 pf=0 pm=0 pt=0 ru=233276 rp=234136
17:55:26.373 @T t=80045 s=0.000 lv=-36.5 pk=-35.0 c0=3.3 c1=9.0 kw=8.58 inf=2.75 iv=1.15 n=3 d=0 sk=0 hf=98272 hm=97412 ht=283428 pf=0 pm=0 pt=0 ru=233276 rp=234136
17:55:26.373 @T t=80154 s=0.000 lv=-37.2 pk=-35.6 c0=3.8 c1=11.5 kw=10.77 inf=2.76 iv=1.29 n=4 d=0 sk=0 hf=98272 hm=97412 ht=283428 pf=0 pm=0 pt=0 ru=233276 rp=234136
17:55:26.373 @I ww=marvin cut=0.50 win=5 cool=1000 tick=100 wifi=0 srv=0 li=0 ln=0
17:55:26.373 @T t=80245 s=0.000 lv=-37.8 pk=-36.9 c0=5.4 c1=9.4 kw=8.97 inf=2.48 iv=1.19 n=3 d=0 sk=0 hf=98272 hm=97412 ht=283428 pf=0 pm=0 pt=0 ru=233276 rp=234136
17:55:26.373 @T t=80351 s=0.000 lv=-40.1 pk=-39.0 c0=3.3 c1=10.6 kw=10.14 inf=2.51 iv=1.08 n=4 d=0 sk=0 hf=98272 hm=97412 ht=283428 pf=0 pm=0 pt=0 ru=233276 rp=234136
17:55:26.373 @T t=80457 s=0.000 lv=-39.3 pk=-37.5 c0=3.2 c1=8.4 kw=8.22 inf=2.67 iv=1.09 n=3 d=0 sk=0 hf=98272 hm=97412 ht=283428 pf=0 pm=0 pt=0 ru=233276 rp=234136
17:55:26.373 @T t=80543 s=0.000 lv=-39.0 pk=-38.5 c0=6.1 c1=9.4 kw=9.02 inf=2.40 iv=1.11 n=3 d=0 sk=0 hf=98272 hm=97412 ht=283428 pf=0 pm=0 pt=0 ru=233276 rp=234136
17:55:26.374 @T t=80651 s=0.000 lv=-37.6 pk=-35.8 c0=3.6 c1=10.5 kw=10.24 inf=2.55 iv=1.11 n=4 d=0 sk=0 hf=98272 hm=97412 ht=283428 pf=0 pm=0 pt=0 ru=233276 rp=234136
17:55:26.374 @T t=80757 s=0.000 lv=-39.3 pk=-37.7 c0=4.7 c1=8.6 kw=8.38 inf=2.73 iv=1.13 n=3 d=0 sk=0 hf=98272 hm=97412 ht=283428 pf=0 pm=0 pt=0 ru=233276 rp=234136
17:55:26.374 @T t=80843 s=0.000 lv=-38.7 pk=-37.9 c0=5.1 c1=9.8 kw=9.55 inf=2.54 iv=1.23 n=3 d=0 sk=0 hf=98272 hm=97412 ht=283428 pf=0 pm=0 pt=0 ru=233276 rp=234136
17:55:26.374 @T t=80951 s=0.000 lv=-37.6 pk=-36.6 c0=4.0 c1=10.8 kw=10.56 inf=2.63 iv=1.16 n=4 d=0 sk=0 hf=98272 hm=97412 ht=283428 pf=0 pm=0 pt=0 ru=233276 rp=234136
17:55:26.374 @T t=81057 s=0.000 lv=-37.5 pk=-36.3 c0=4.2 c1=8.9 kw=8.69 inf=2.83 iv=1.23 n=3 d=0 sk=0 hf=98272 hm=97412 ht=283428 pf=0 pm=0 pt=0 ru=233276 rp=234136
17:55:26.374 @T t=81143 s=0.000 lv=-37.1 pk=-35.6 c0=5.7 c1=7.7 kw=6.63 inf=2.57 iv=1.37 n=1 d=0 sk=1 hf=98272 hm=97412 ht=283428 pf=0 pm=0 pt=0 ru=233276 rp=234136
17:55:26.374 @I ww=marvin cut=0.50 win=5 cool=1000 tick=100 wifi=0 srv=0 li=0 ln=0
17:55:26.374 [status] up 81s | mic -37.6 dBFS (peak -31.8) | score max 0.00 | detections 0 | inferences 191 (18.9/s; model 1.14 ms each, paused in quiet 45%; features 1.38 ms per 30 ms) | CPU core0  4.7% core1  7.8% (wake word pipeline 7.59% of one core) | RAM used 227 KB (peak 228 KB, 95 KB free) | wifi --, server -- | audio lost since boot: i2s 0 net 0
17:55:26.374 @T t=81245 s=0.000 lv=-39.0 pk=-37.2 c0=41.6 c1=5.8 kw=5.49 inf=1.59 iv=0.00 n=0 d=0 sk=3 hf=98272 hm=97412 ht=283428 pf=0 pm=0 pt=0 ru=233276 rp=234136
17:55:26.374 @T t=81352 s=0.000 lv=-39.0 pk=-38.5 c0=3.9 c1=6.2 kw=5.76 inf=1.83 iv=0.00 n=0 d=0 sk=3 hf=98272 hm=97412 ht=283428 pf=0 pm=0 pt=0 ru=233276 rp=234136
17:55:26.374 @T t=81458 s=0.000 lv=-39.3 pk=-38.2 c0=3.9 c1=5.2 kw=5.03 inf=1.55 iv=0.00 n=0 d=0 sk=3 hf=98272 hm=97412 ht=283428 pf=0 pm=0 pt=0 ru=233276 rp=234136
17:55:26.374 @T t=81544 s=0.000 lv=-40.8 pk=-40.2 c0=4.9 c1=5.1 kw=4.98 inf=1.86 iv=0.00 n=0 d=0 sk=2 hf=98272 hm=97412 ht=283428 pf=0 pm=0 pt=0 ru=233276 rp=234136
17:55:26.374 @T t=81653 s=0.000 lv=-38.6 pk=-37.5 c0=9.3 c1=6.1 kw=5.91 inf=1.40 iv=0.00 n=0 d=0 sk=4 hf=98272 hm=97412 ht=283428 pf=0 pm=0 pt=0 ru=233276 rp=234136
17:55:26.374 @T t=81739 s=0.000 lv=-38.8 pk=-37.6 c0=3.9 c1=5.0 kw=4.92 inf=1.85 iv=0.00 n=0 d=0 sk=2 hf=98084 hm=97412 ht=283428 pf=0 pm=0 pt=0 ru=233464 rp=234136
17:55:26.374 @T t=81845 s=0.000 lv=-39.0 pk=-37.8 c0=6.3 c1=5.6 kw=5.16 inf=1.55 iv=0.00 n=0 d=0 sk=3 hf=98272 hm=97412 ht=283428 pf=0 pm=0 pt=0 ru=233276 rp=234136
17:55:28.874 @T t=81951 s=0.000 lv=-39.7 pk=-38.3 c0=3.7 c1=6.3 kw=5.83 inf=1.84 iv=0.00 n=0 d=0 sk=3 hf=98272 hm=97412 ht=283428 pf=0 pm=0 pt=0 ru=233276 rp=234136
17:55:28.874 @T t=82057 s=0.000 lv=-38.6 pk=-36.5 c0=3.1 c1=5.1 kw=4.93 inf=1.52 iv=0.00 n=0 d=0 sk=3 hf=98272 hm=97412 ht=283428 pf=0 pm=0 pt=0 ru=233276 rp=234136
17:55:28.874 @T t=82143 s=0.000 lv=-36.0 pk=-33.3 c0=9.5 c1=17.2 kw=17.02 inf=1.18 iv=1.02 n=10 d=0 sk=2 hf=98272 hm=97412 ht=283428 pf=0 pm=0 pt=0 ru=233276 rp=234136
17:55:28.874 @I ww=marvin cut=0.50 win=5 cool=1000 tick=100 wifi=0 srv=0 li=0 ln=0
17:55:28.874 @T t=82258 s=0.000 lv=-36.3 pk=-33.3 c0=13.6 c1=10.1 kw=9.89 inf=2.62 iv=1.19 n=4 d=0 sk=0 hf=98272 hm=97412 ht=283428 pf=0 pm=0 pt=0 ru=233276 rp=234136
17:55:28.874 @T t=82344 s=0.000 lv=-37.9 pk=-37.0 c0=4.1 c1=9.5 kw=9.27 inf=2.46 iv=1.19 n=3 d=0 sk=0 hf=98272 hm=97412 ht=283428 pf=0 pm=0 pt=0 ru=233276 rp=234136
17:55:28.874 @T t=82450 s=0.000 lv=-36.7 pk=-34.6 c0=3.3 c1=10.8 kw=10.59 inf=2.59 iv=1.13 n=4 d=0 sk=0 hf=98272 hm=97412 ht=283428 pf=0 pm=0 pt=0 ru=233276 rp=234136
17:55:28.874 @T t=82556 s=0.000 lv=-38.7 pk=-36.9 c0=3.4 c1=8.7 kw=8.51 inf=2.77 iv=1.18 n=3 d=0 sk=0 hf=98272 hm=97412 ht=283428 pf=0 pm=0 pt=0 ru=233276 rp=234136
17:55:28.874 @T t=82642 s=0.000 lv=-36.6 pk=-34.5 c0=8.6 c1=9.7 kw=9.44 inf=2.51 iv=1.22 n=3 d=0 sk=0 hf=98272 hm=97412 ht=283428 pf=0 pm=0 pt=0 ru=233276 rp=234136
17:55:28.874 @T t=82748 s=0.000 lv=-36.4 pk=-35.3 c0=3.3 c1=10.7 kw=10.50 inf=2.57 iv=1.14 n=4 d=0 sk=0 hf=98272 hm=97412 ht=283428 pf=0 pm=0 pt=0 ru=233276 rp=234136
17:55:28.874 @T t=82854 s=0.000 lv=-38.5 pk=-35.5 c0=6.6 c1=8.6 kw=8.44 inf=2.75 iv=1.16 n=3 d=0 sk=0 hf=98272 hm=97412 ht=283428 pf=0 pm=0 pt=0 ru=233276 rp=234136
17:55:28.874 @T t=82940 s=0.002 lv=-38.2 pk=-35.9 c0=8.0 c1=9.4 kw=9.24 inf=2.46 iv=1.18 n=3 d=0 sk=0 hf=98272 hm=97412 ht=283428 pf=0 pm=0 pt=0 ru=233276 rp=234136
17:55:28.874 @T t=83048 s=0.002 lv=-39.5 pk=-36.6 c0=5.7 c1=10.9 kw=10.55 inf=2.63 iv=1.18 n=4 d=0 sk=0 hf=98272 hm=97412 ht=283428 pf=0 pm=0 pt=0 ru=233276 rp=234136
17:55:28.874 @T t=83154 s=0.001 lv=-38.9 pk=-37.6 c0=4.7 c1=10.1 kw=9.16 inf=3.00 iv=1.35 n=3 d=0 sk=0 hf=98272 hm=97412 ht=283428 pf=0 pm=0 pt=0 ru=233276 rp=234136
17:55:28.874 @I ww=marvin cut=0.50 win=5 cool=1000 tick=100 wifi=0 srv=0 li=0 ln=0
17:55:28.874 @T t=83249 s=0.001 lv=-37.7 pk=-36.5 c0=5.5 c1=10.3 kw=10.03 inf=2.93 iv=1.29 n=3 d=0 sk=0 hf=98272 hm=97412 ht=283428 pf=0 pm=0 pt=0 ru=233276 rp=234136
17:55:28.874 @T t=83355 s=0.001 lv=-36.6 pk=-35.7 c0=4.3 c1=10.2 kw=9.95 inf=2.46 iv=1.21 n=4 d=0 sk=0 hf=98272 hm=97412 ht=283428 pf=0 pm=0 pt=0 ru=233276 rp=234136
17:55:28.874 @T t=83441 s=0.000 lv=-39.7 pk=-38.8 c0=5.1 c1=8.2 kw=7.98 inf=3.15 iv=1.21 n=2 d=0 sk=0 hf=98272 hm=97412 ht=283428 pf=0 pm=0 pt=0 ru=233276 rp=234136
17:55:28.874 @T t=83547 s=0.000 lv=-40.1 pk=-38.8 c0=4.1 c1=11.0 kw=10.70 inf=2.62 iv=1.18 n=4 d=0 sk=0 hf=98272 hm=97412 ht=283428 pf=0 pm=0 pt=0 ru=233276 rp=234136
17:55:28.874 @T t=83653 s=0.000 lv=-39.5 pk=-38.9 c0=3.4 c1=9.5 kw=9.34 inf=2.30 iv=1.10 n=4 d=0 sk=0 hf=98272 hm=97412 ht=283428 pf=0 pm=0 pt=0 ru=233276 rp=234136
17:55:28.874 @T t=83739 s=0.000 lv=-39.0 pk=-37.8 c0=8.2 c1=8.5 kw=8.22 inf=3.24 iv=1.27 n=2 d=0 sk=0 hf=98272 hm=97412 ht=283428 pf=0 pm=0 pt=0 ru=233276 rp=234136
17:55:28.874 @T t=83845 s=0.000 lv=-39.0 pk=-36.8 c0=4.1 c1=5.5 kw=5.19 inf=1.56 iv=0.00 n=0 d=0 sk=3 hf=98272 hm=97412 ht=283428 pf=0 pm=0 pt=0 ru=233276 rp=234136
17:55:28.874 @T t=83951 s=0.000 lv=-40.0 pk=-38.6 c0=4.1 c1=6.4 kw=5.89 inf=1.85 iv=0.00 n=0 d=0 sk=3 hf=98272 hm=97412 ht=283428 pf=0 pm=0 pt=0 ru=233276 rp=234136
17:55:28.874 @T t=84057 s=0.000 lv=-37.6 pk=-36.2 c0=4.0 c1=5.2 kw=5.01 inf=1.54 iv=0.00 n=0 d=0 sk=3 hf=98272 hm=97412 ht=283428 pf=0 pm=0 pt=0 ru=233276 rp=234136
17:55:28.874 @T t=84143 s=0.000 lv=-38.6 pk=-38.0 c0=4.6 c1=6.0 kw=4.91 inf=1.84 iv=0.00 n=0 d=0 sk=2 hf=98272 hm=97412 ht=283428 pf=0 pm=0 pt=0 ru=233276 rp=234136
17:55:28.874 @I ww=marvin cut=0.50 win=5 cool=1000 tick=100 wifi=0 srv=0 li=0 ln=0
17:55:28.874 @T t=84254 s=0.000 lv=-39.9 pk=-38.6 c0=4.9 c1=6.1 kw=5.88 inf=1.42 iv=0.00 n=0 d=0 sk=4 hf=98272 hm=97412 ht=283428 pf=0 pm=0 pt=0 ru=233276 rp=234136
17:55:28.874 @T t=84340 s=0.000 lv=-34.8 pk=-32.0 c0=8.5 c1=17.9 kw=17.66 inf=1.22 iv=0.98 n=11 d=0 sk=1 hf=98272 hm=97412 ht=283428 pf=0 pm=0 pt=0 ru=233276 rp=234136
17:55:31.469 @T t=84446 s=0.000 lv=-36.4 pk=-33.9 c0=3.4 c1=10.0 kw=8.63 inf=2.77 iv=1.16 n=3 d=0 sk=0 hf=98272 hm=97412 ht=283428 pf=0 pm=0 pt=0 ru=233276 rp=234136
17:55:31.470 @T t=84552 s=0.000 lv=-38.6 pk=-37.4 c0=6.5 c1=9.8 kw=10.33 inf=2.56 iv=1.13 n=4 d=0 sk=0 hf=98272 hm=97412 ht=283428 pf=0 pm=0 pt=0 ru=233276 rp=234136
17:55:31.470 @T t=84658 s=0.000 lv=-39.5 pk=-38.2 c0=7.0 c1=8.7 kw=8.54 inf=2.78 iv=1.17 n=3 d=0 sk=0 hf=98272 hm=97412 ht=283428 pf=0 pm=0 pt=0 ru=233276 rp=234136
17:55:31.470 @T t=84744 s=0.000 lv=-40.9 pk=-39.7 c0=4.1 c1=9.6 kw=9.35 inf=2.49 iv=1.21 n=3 d=0 sk=0 hf=98272 hm=97412 ht=283428 pf=0 pm=0 pt=0 ru=233276 rp=234136
17:55:31.470 @T t=84853 s=0.000 lv=-39.1 pk=-37.8 c0=3.3 c1=10.7 kw=10.31 inf=2.60 iv=1.14 n=4 d=0 sk=0 hf=98272 hm=97412 ht=283428 pf=0 pm=0 pt=0 ru=233276 rp=234136
17:55:31.470 @T t=84942 s=0.000 lv=-35.6 pk=-35.0 c0=3.7 c1=9.0 kw=8.98 inf=2.47 iv=1.18 n=3 d=0 sk=0 hf=98272 hm=97412 ht=283428 pf=0 pm=0 pt=0 ru=233276 rp=234136
17:55:31.470 @T t=85048 s=0.000 lv=-36.9 pk=-36.2 c0=7.0 c1=10.9 kw=10.63 inf=2.60 iv=1.15 n=4 d=0 sk=0 hf=98272 hm=97412 ht=283428 pf=0 pm=0 pt=0 ru=233276 rp=234136
17:55:31.470 @T t=85154 s=0.000 lv=-39.6 pk=-38.6 c0=3.8 c1=9.8 kw=8.88 inf=2.90 iv=1.29 n=3 d=0 sk=0 hf=98272 hm=97412 ht=283428 pf=0 pm=0 pt=0 ru=233276 rp=234136
17:55:31.470 @I ww=marvin cut=0.50 win=5 cool=1000 tick=100 wifi=0 srv=0 li=0 ln=0
17:55:31.470 @T t=85245 s=0.000 lv=-39.1 pk=-38.4 c0=4.8 c1=9.4 kw=9.00 inf=2.49 iv=1.20 n=3 d=0 sk=0 hf=98272 hm=97412 ht=283428 pf=0 pm=0 pt=0 ru=233276 rp=234136
17:55:31.470 @T t=85352 s=0.000 lv=-39.6 pk=-38.6 c0=4.8 c1=10.3 kw=10.33 inf=2.57 iv=1.14 n=4 d=0 sk=0 hf=98272 hm=97412 ht=283428 pf=0 pm=0 pt=0 ru=233276 rp=234136
17:55:31.470 @T t=85442 s=0.000 lv=-36.9 pk=-34.7 c0=4.6 c1=8.7 kw=7.75 inf=3.22 iv=1.28 n=2 d=0 sk=0 hf=98272 hm=97412 ht=283428 pf=0 pm=0 pt=0 ru=233276 rp=234136
17:55:31.470 @T t=85548 s=0.000 lv=-39.5 pk=-36.8 c0=7.4 c1=11.3 kw=10.99 inf=2.70 iv=1.22 n=4 d=0 sk=0 hf=98272 hm=97412 ht=283428 pf=0 pm=0 pt=0 ru=233276 rp=234136
17:55:31.470 @T t=85654 s=0.000 lv=-39.9 pk=-38.3 c0=4.2 c1=9.9 kw=9.70 inf=2.39 iv=1.17 n=4 d=0 sk=0 hf=98272 hm=97412 ht=283428 pf=0 pm=0 pt=0 ru=233276 rp=234136
17:55:31.470 @T t=85740 s=0.000 lv=-39.2 pk=-38.7 c0=5.1 c1=8.2 kw=8.00 inf=3.15 iv=1.19 n=2 d=0 sk=0 hf=98272 hm=97412 ht=283428 pf=0 pm=0 pt=0 ru=233276 rp=234136
17:55:31.470 @T t=85846 s=0.000 lv=-39.4 pk=-38.4 c0=6.8 c1=10.7 kw=10.46 inf=2.56 iv=1.12 n=4 d=0 sk=0 hf=98272 hm=97412 ht=283428 pf=0 pm=0 pt=0 ru=233276 rp=234136
17:55:31.470 @T t=85952 s=0.000 lv=-40.2 pk=-38.2 c0=3.4 c1=9.5 kw=9.35 inf=2.30 iv=1.12 n=4 d=0 sk=0 hf=98272 hm=97412 ht=283428 pf=0 pm=0 pt=0 ru=233276 rp=234136
17:55:31.470 @T t=86058 s=0.000 lv=-37.4 pk=-35.8 c0=6.8 c1=6.6 kw=6.45 inf=2.05 iv=1.43 n=1 d=0 sk=2 hf=98272 hm=97412 ht=283428 pf=0 pm=0 pt=0 ru=233276 rp=234136
17:55:31.470 @T t=86144 s=0.000 lv=-40.7 pk=-38.5 c0=5.7 c1=6.1 kw=4.99 inf=1.87 iv=0.00 n=0 d=0 sk=2 hf=98272 hm=97412 ht=283428 pf=0 pm=0 pt=0 ru=233276 rp=234136
17:55:31.470 @I ww=marvin cut=0.50 win=5 cool=1000 tick=100 wifi=0 srv=0 li=0 ln=0
17:55:31.470 @T t=86239 s=0.000 lv=-37.6 pk=-36.2 c0=16.9 c1=6.0 kw=5.80 inf=1.59 iv=0.00 n=0 d=0 sk=3 hf=98272 hm=97412 ht=283428 pf=0 pm=0 pt=0 ru=233276 rp=234136
17:55:31.470 @T t=86345 s=0.000 lv=-38.7 pk=-37.2 c0=7.1 c1=5.5 kw=5.12 inf=1.54 iv=0.00 n=0 d=0 sk=3 hf=98272 hm=97412 ht=283428 pf=0 pm=0 pt=0 ru=233276 rp=234136
17:55:31.470 @T t=86451 s=0.000 lv=-38.1 pk=-36.3 c0=4.0 c1=6.4 kw=5.89 inf=1.85 iv=0.00 n=0 d=0 sk=3 hf=98272 hm=97412 ht=283428 pf=0 pm=0 pt=0 ru=233276 rp=234136
17:55:31.470 @T t=86557 s=0.000 lv=-37.1 pk=-35.6 c0=3.2 c1=5.1 kw=4.98 inf=1.54 iv=0.00 n=0 d=0 sk=3 hf=98084 hm=97412 ht=283428 pf=0 pm=0 pt=0 ru=233464 rp=234136
17:55:31.470 @T t=86643 s=0.000 lv=-38.8 pk=-38.0 c0=7.6 c1=5.1 kw=4.95 inf=1.86 iv=0.00 n=0 d=0 sk=2 hf=98272 hm=97412 ht=283428 pf=0 pm=0 pt=0 ru=233276 rp=234136
17:55:31.470 @T t=86749 s=0.000 lv=-39.9 pk=-39.1 c0=6.8 c1=6.1 kw=5.93 inf=1.37 iv=0.00 n=0 d=0 sk=4 hf=98272 hm=97412 ht=283428 pf=0 pm=0 pt=0 ru=233276 rp=234136
17:55:31.470 @T t=86855 s=0.000 lv=-42.3 pk=-41.2 c0=3.2 c1=5.0 kw=4.88 inf=1.50 iv=0.00 n=0 d=0 sk=3 hf=98272 hm=97412 ht=283428 pf=0 pm=0 pt=0 ru=233276 rp=234136
17:55:31.470 @T t=86941 s=0.000 lv=-40.5 pk=-39.8 c0=7.7 c1=5.0 kw=4.88 inf=1.83 iv=0.00 n=0 d=0 sk=2 hf=98272 hm=97412 ht=283428 pf=0 pm=0 pt=0 ru=233276 rp=234136
17:55:33.968 @T t=87047 s=0.000 lv=-38.2 pk=-36.4 c0=3.3 c1=6.1 kw=5.92 inf=1.37 iv=0.00 n=0 d=0 sk=4 hf=98272 hm=97412 ht=283428 pf=0 pm=0 pt=0 ru=233276 rp=234136
17:55:33.968 @T t=87153 s=0.000 lv=-38.1 pk=-36.2 c0=3.6 c1=5.9 kw=5.03 inf=1.55 iv=0.00 n=0 d=0 sk=3 hf=98272 hm=97412 ht=283428 pf=0 pm=0 pt=0 ru=233276 rp=234136
17:55:33.968 @I ww=marvin cut=0.50 win=5 cool=1000 tick=100 wifi=0 srv=0 li=0 ln=0
17:55:33.968 @T t=87245 s=0.000 lv=-40.9 pk=-40.0 c0=13.6 c1=5.0 kw=4.69 inf=1.21 iv=0.00 n=0 d=0 sk=3 hf=98272 hm=97412 ht=283428 pf=0 pm=0 pt=0 ru=233276 rp=234136
17:55:33.968 @T t=87351 s=0.000 lv=-39.5 pk=-38.9 c0=6.2 c1=6.2 kw=5.77 inf=1.82 iv=0.00 n=0 d=0 sk=3 hf=98272 hm=97412 ht=283428 pf=0 pm=0 pt=0 ru=233276 rp=234136
17:55:33.968 @T t=87457 s=0.000 lv=-39.3 pk=-38.9 c0=6.8 c1=5.1 kw=4.96 inf=1.53 iv=0.00 n=0 d=0 sk=3 hf=98272 hm=97412 ht=283428 pf=0 pm=0 pt=0 ru=233276 rp=234136
17:55:33.968 @T t=87543 s=0.000 lv=-37.8 pk=-36.5 c0=3.8 c1=5.0 kw=4.89 inf=1.83 iv=0.00 n=0 d=0 sk=2 hf=98272 hm=97412 ht=283428 pf=0 pm=0 pt=0 ru=233276 rp=234136
17:55:33.968 @T t=87648 s=0.000 lv=-38.2 pk=-36.9 c0=2.9 c1=6.1 kw=5.93 inf=1.36 iv=0.00 n=0 d=0 sk=4 hf=98272 hm=97412 ht=283428 pf=0 pm=0 pt=0 ru=233276 rp=234136
17:55:33.968 @T t=87754 s=0.000 lv=-41.2 pk=-40.4 c0=2.9 c1=5.0 kw=4.87 inf=1.50 iv=0.00 n=0 d=0 sk=3 hf=98272 hm=97412 ht=283428 pf=0 pm=0 pt=0 ru=233276 rp=234136
17:55:33.968 @T t=87841 s=0.000 lv=-39.3 pk=-37.8 c0=6.9 c1=5.3 kw=4.98 inf=1.89 iv=0.00 n=0 d=0 sk=2 hf=98272 hm=97412 ht=283428 pf=0 pm=0 pt=0 ru=233276 rp=234136
17:55:33.968 @T t=87947 s=0.000 lv=-39.6 pk=-37.5 c0=4.1 c1=6.2 kw=6.04 inf=1.40 iv=0.00 n=0 d=0 sk=4 hf=98272 hm=97412 ht=283428 pf=0 pm=0 pt=0 ru=233276 rp=234136
17:55:33.968 @T t=88053 s=0.000 lv=-39.7 pk=-38.0 c0=3.9 c1=5.2 kw=5.01 inf=1.54 iv=0.00 n=0 d=0 sk=3 hf=98272 hm=97412 ht=283428 pf=0 pm=0 pt=0 ru=233276 rp=234136
17:55:33.968 @T t=88139 s=0.000 lv=-35.9 pk=-34.1 c0=5.5 c1=18.7 kw=17.58 inf=1.32 iv=0.97 n=11 d=0 sk=0 hf=98272 hm=97412 ht=283428 pf=0 pm=0 pt=0 ru=233276 rp=234136
17:55:33.968 @I ww=marvin cut=0.50 win=5 cool=1000 tick=100 wifi=0 srv=0 li=0 ln=0
17:55:33.968 @T t=88254 s=0.000 lv=-37.3 pk=-35.9 c0=4.6 c1=10.1 kw=9.87 inf=2.62 iv=1.15 n=4 d=0 sk=0 hf=98272 hm=97412 ht=283428 pf=0 pm=0 pt=0 ru=233276 rp=234136
17:55:33.968 @T t=88340 s=0.000 lv=-38.8 pk=-38.1 c0=4.0 c1=9.3 kw=9.16 inf=2.44 iv=1.15 n=3 d=0 sk=0 hf=98272 hm=97412 ht=283428 pf=0 pm=0 pt=0 ru=233276 rp=234136
17:55:33.969 @T t=88446 s=0.000 lv=-39.1 pk=-38.1 c0=4.1 c1=10.2 kw=8.78 inf=2.12 iv=0.90 n=4 d=0 sk=0 hf=98272 hm=97412 ht=283428 pf=0 pm=0 pt=0 ru=233276 rp=234136
17:55:33.969 @T t=88552 s=0.000 lv=-36.5 pk=-34.4 c0=4.2 c1=10.3 kw=10.69 inf=3.53 iv=1.56 n=3 d=0 sk=0 hf=98272 hm=97412 ht=283428 pf=0 pm=0 pt=0 ru=233276 rp=234136
17:55:33.969 @T t=88658 s=0.000 lv=-36.6 pk=-35.3 c0=4.2 c1=10.2 kw=9.95 inf=2.46 iv=1.20 n=4 d=0 sk=0 hf=98272 hm=97412 ht=283428 pf=0 pm=0 pt=0 ru=233276 rp=234136
17:55:33.969 @T t=88744 s=0.000 lv=-37.6 pk=-36.6 c0=5.1 c1=8.1 kw=7.85 inf=3.09 iv=1.19 n=2 d=0 sk=0 hf=98272 hm=97412 ht=283428 pf=0 pm=0 pt=0 ru=233276 rp=234136
17:55:33.969 @T t=88853 s=0.000 lv=-37.2 pk=-36.4 c0=9.8 c1=10.8 kw=10.42 inf=2.62 iv=1.15 n=4 d=0 sk=0 hf=98272 hm=97412 ht=283428 pf=0 pm=0 pt=0 ru=233276 rp=234136
17:55:33.969 @T t=88939 s=0.000 lv=-38.5 pk=-38.0 c0=4.1 c1=9.5 kw=9.44 inf=2.51 iv=1.20 n=3 d=0 sk=0 hf=98272 hm=97412 ht=283428 pf=0 pm=0 pt=0 ru=233276 rp=234136
17:55:33.969 @T t=89045 s=0.000 lv=-39.4 pk=-37.8 c0=7.5 c1=9.4 kw=8.92 inf=2.86 iv=1.22 n=3 d=0 sk=0 hf=98272 hm=97412 ht=283428 pf=0 pm=0 pt=0 ru=233276 rp=234136
17:55:33.969 @T t=89151 s=0.000 lv=-37.8 pk=-36.6 c0=4.4 c1=11.9 kw=11.07 inf=2.75 iv=1.28 n=4 d=0 sk=0 hf=98272 hm=97412 ht=283428 pf=0 pm=0 pt=0 ru=233276 rp=234136
17:55:33.969 @I ww=marvin cut=0.50 win=5 cool=1000 tick=100 wifi=0 srv=0 li=0 ln=0
17:55:33.969 @T t=89242 s=0.000 lv=-38.2 pk=-37.5 c0=4.8 c1=8.9 kw=8.68 inf=2.45 iv=1.17 n=3 d=0 sk=0 hf=98272 hm=97412 ht=283428 pf=0 pm=0 pt=0 ru=233276 rp=234136
17:55:33.969 @T t=89348 s=0.000 lv=-37.4 pk=-36.5 c0=5.9 c1=10.5 kw=10.31 inf=2.52 iv=1.09 n=4 d=0 sk=0 hf=98272 hm=97412 ht=283428 pf=0 pm=0 pt=0 ru=233276 rp=234136
17:55:33.969 @T t=89454 s=0.000 lv=-38.5 pk=-37.2 c0=3.7 c1=8.4 kw=8.24 inf=2.68 iv=1.10 n=3 d=0 sk=0 hf=98272 hm=97412 ht=283428 pf=0 pm=0 pt=0 ru=233276 rp=234136
17:55:36.373 @T t=89540 s=0.000 lv=-37.8 pk=-37.0 c0=4.0 c1=9.3 kw=9.13 inf=2.43 iv=1.14 n=3 d=0 sk=0 hf=98272 hm=97412 ht=283428 pf=0 pm=0 pt=0 ru=233276 rp=234136
17:55:36.373 @T t=89646 s=0.000 lv=-39.3 pk=-38.9 c0=3.2 c1=9.8 kw=8.46 inf=2.03 iv=0.84 n=4 d=0 sk=0 hf=98272 hm=97412 ht=283428 pf=0 pm=0 pt=0 ru=233276 rp=234136
17:55:36.373 @T t=89752 s=0.000 lv=-37.9 pk=-37.3 c0=3.2 c1=9.6 kw=10.10 inf=3.33 iv=1.43 n=3 d=0 sk=0 hf=98272 hm=97412 ht=283428 pf=0 pm=0 pt=0 ru=233276 rp=234136
17:55:36.373 @T t=89858 s=0.000 lv=-38.7 pk=-38.4 c0=3.9 c1=9.6 kw=9.37 inf=2.30 iv=1.11 n=4 d=0 sk=0 hf=98272 hm=97412 ht=283428 pf=0 pm=0 pt=0 ru=233276 rp=234136
17:55:36.373 @T t=89944 s=0.000 lv=-38.8 pk=-38.1 c0=4.0 c1=8.2 kw=8.00 inf=3.15 iv=1.24 n=2 d=0 sk=0 hf=98272 hm=97412 ht=283428 pf=0 pm=0 pt=0 ru=233276 rp=234136
17:55:36.373 @T t=90050 s=0.000 lv=-38.4 pk=-37.7 c0=3.3 c1=10.8 kw=10.59 inf=2.59 iv=1.14 n=4 d=0 sk=0 hf=98272 hm=97412 ht=283428 pf=0 pm=0 pt=0 ru=233276 rp=234136
17:55:36.373 @T t=90156 s=0.000 lv=-39.9 pk=-37.8 c0=7.0 c1=9.5 kw=8.53 inf=2.77 iv=1.17 n=3 d=0 sk=0 hf=98272 hm=97412 ht=283428 pf=0 pm=0 pt=0 ru=233276 rp=234136
17:55:36.373 @I ww=marvin cut=0.50 win=5 cool=1000 tick=100 wifi=0 srv=0 li=0 ln=0
17:55:36.373 @T t=90247 s=0.000 lv=-38.9 pk=-37.9 c0=7.3 c1=6.3 kw=6.00 inf=1.59 iv=0.00 n=0 d=0 sk=3 hf=98272 hm=97412 ht=283428 pf=0 pm=0 pt=0 ru=233276 rp=234136
17:55:36.373 @T t=90353 s=0.000 lv=-37.7 pk=-36.9 c0=4.5 c1=5.2 kw=5.01 inf=1.54 iv=0.00 n=0 d=0 sk=3 hf=98272 hm=97412 ht=283428 pf=0 pm=0 pt=0 ru=233276 rp=234136
17:55:36.373 @T t=90439 s=0.000 lv=-39.7 pk=-37.3 c0=4.8 c1=5.1 kw=4.95 inf=1.85 iv=0.00 n=0 d=0 sk=2 hf=98272 hm=97412 ht=283428 pf=0 pm=0 pt=0 ru=233276 rp=234136
17:55:36.373 @T t=90545 s=0.000 lv=-38.6 pk=-36.8 c0=3.9 c1=5.4 kw=5.11 inf=1.54 iv=0.00 n=0 d=0 sk=3 hf=98272 hm=97412 ht=283428 pf=0 pm=0 pt=0 ru=233276 rp=234136
17:55:36.373 @T t=90651 s=0.000 lv=-36.2 pk=-35.0 c0=3.2 c1=6.2 kw=5.87 inf=1.85 iv=0.00 n=0 d=0 sk=3 hf=98084 hm=97412 ht=283428 pf=0 pm=0 pt=0 ru=233464 rp=234136
17:55:36.373 @T t=90757 s=0.000 lv=-40.4 pk=-38.7 c0=3.7 c1=5.1 kw=4.94 inf=1.52 iv=0.00 n=0 d=0 sk=3 hf=98272 hm=97412 ht=283428 pf=0 pm=0 pt=0 ru=233276 rp=234136
17:55:36.373 @T t=90843 s=0.000 lv=-37.8 pk=-36.7 c0=8.7 c1=5.1 kw=4.98 inf=1.86 iv=0.00 n=0 d=0 sk=2 hf=98272 hm=97412 ht=283428 pf=0 pm=0 pt=0 ru=233276 rp=234136
17:55:36.374 @T t=90952 s=0.000 lv=-37.3 pk=-36.0 c0=9.3 c1=6.1 kw=5.87 inf=1.39 iv=0.00 n=0 d=0 sk=4 hf=98272 hm=97412 ht=283428 pf=0 pm=0 pt=0 ru=233276 rp=234136
17:55:36.374 @T t=91058 s=0.000 lv=-38.7 pk=-37.0 c0=3.9 c1=5.2 kw=5.00 inf=1.54 iv=0.00 n=0 d=0 sk=3 hf=98272 hm=97412 ht=283428 pf=0 pm=0 pt=0 ru=233276 rp=234136
17:55:36.374 @T t=91144 s=0.000 lv=-40.9 pk=-39.8 c0=6.3 c1=5.0 kw=4.86 inf=1.82 iv=0.00 n=0 d=0 sk=2 hf=98272 hm=97412 ht=283428 pf=0 pm=0 pt=0 ru=233276 rp=234136
17:55:36.374 @I ww=marvin cut=0.50 win=5 cool=1000 tick=100 wifi=0 srv=0 li=0 ln=0
17:55:36.374 [status] up 91s | mic -38.4 dBFS (peak -32.0) | score max 0.00 | detections 0 | inferences 207 (20.7/s; model 1.15 ms each, paused in quiet 39%; features 1.39 ms per 30 ms) | CPU core0  5.8% core1  8.1% (wake word pipeline 7.81% of one core) | RAM used 227 KB (peak 228 KB, 95 KB free) | wifi --, server -- | audio lost since boot: i2s 0 net 0
17:55:36.374 @T t=91248 s=0.000 lv=-40.3 pk=-38.8 c0=43.1 c1=6.5 kw=6.31 inf=1.43 iv=0.00 n=0 d=0 sk=4 hf=98272 hm=97412 ht=283428 pf=0 pm=0 pt=0 ru=233276 rp=234136
17:55:36.374 @T t=91355 s=0.000 lv=-38.5 pk=-36.8 c0=4.3 c1=5.1 kw=4.96 inf=1.54 iv=0.00 n=0 d=0 sk=3 hf=98272 hm=97412 ht=283428 pf=0 pm=0 pt=0 ru=233276 rp=234136
17:55:36.374 @T t=91441 s=0.000 lv=-36.7 pk=-35.8 c0=4.8 c1=5.1 kw=4.96 inf=1.86 iv=0.00 n=0 d=0 sk=2 hf=98272 hm=97412 ht=283428 pf=0 pm=0 pt=0 ru=233276 rp=234136
17:55:36.374 @T t=91547 s=0.000 lv=-38.4 pk=-37.1 c0=3.7 c1=6.1 kw=5.97 inf=1.38 iv=0.00 n=0 d=0 sk=4 hf=98272 hm=97412 ht=283428 pf=0 pm=0 pt=0 ru=233276 rp=234136
17:55:36.374 @T t=91653 s=0.000 lv=-38.3 pk=-37.0 c0=3.1 c1=5.1 kw=4.96 inf=1.53 iv=0.00 n=0 d=0 sk=3 hf=98272 hm=97412 ht=283428 pf=0 pm=0 pt=0 ru=233276 rp=234136
17:55:36.374 @T t=91739 s=0.000 lv=-39.7 pk=-38.4 c0=7.7 c1=5.0 kw=4.87 inf=1.83 iv=0.00 n=0 d=0 sk=2 hf=98272 hm=97412 ht=283428 pf=0 pm=0 pt=0 ru=233276 rp=234136
17:55:36.374 @T t=91845 s=0.000 lv=-39.3 pk=-38.7 c0=6.2 c1=5.4 kw=5.07 inf=1.53 iv=0.00 n=0 d=0 sk=3 hf=98272 hm=97412 ht=283428 pf=0 pm=0 pt=0 ru=233276 rp=234136
17:55:38.881 @T t=91951 s=0.000 lv=-37.9 pk=-37.4 c0=3.7 c1=6.3 kw=5.83 inf=1.84 iv=0.00 n=0 d=0 sk=3 hf=98272 hm=97412 ht=283428 pf=0 pm=0 pt=0 ru=233276 rp=234136
17:55:38.882 @T t=92057 s=0.000 lv=-38.6 pk=-37.7 c0=3.1 c1=5.1 kw=4.95 inf=1.52 iv=0.00 n=0 d=0 sk=3 hf=98272 hm=97412 ht=283428 pf=0 pm=0 pt=0 ru=233276 rp=234136
17:55:38.882 @T t=92143 s=0.000 lv=-39.6 pk=-38.9 c0=4.3 c1=5.9 kw=4.82 inf=1.81 iv=0.00 n=0 d=0 sk=2 hf=98272 hm=97412 ht=283428 pf=0 pm=0 pt=0 ru=233276 rp=234136
17:55:38.882 @I ww=marvin cut=0.50 win=5 cool=1000 tick=100 wifi=0 srv=0 li=0 ln=0
17:55:38.882 @T t=92254 s=0.000 lv=-39.3 pk=-38.3 c0=11.2 c1=6.0 kw=5.81 inf=1.40 iv=0.00 n=0 d=0 sk=4 hf=98272 hm=97412 ht=283428 pf=0 pm=0 pt=0 ru=233276 rp=234136
17:55:38.882 @T t=92340 s=0.000 lv=-37.9 pk=-36.7 c0=3.8 c1=5.0 kw=4.91 inf=1.84 iv=0.00 n=0 d=0 sk=2 hf=98272 hm=97412 ht=283428 pf=0 pm=0 pt=0 ru=233276 rp=234136
17:55:38.882 @T t=92446 s=0.000 lv=-39.1 pk=-37.1 c0=3.0 c1=6.0 kw=5.86 inf=1.36 iv=0.00 n=0 d=0 sk=4 hf=98272 hm=97412 ht=283428 pf=0 pm=0 pt=0 ru=233276 rp=234136
17:55:38.882 @T t=92552 s=0.000 lv=-37.4 pk=-36.2 c0=2.9 c1=5.1 kw=4.92 inf=1.52 iv=0.00 n=0 d=0 sk=3 hf=98272 hm=97412 ht=283428 pf=0 pm=0 pt=0 ru=233276 rp=234136
17:55:38.882 @T t=92658 s=0.000 lv=-36.8 pk=-35.5 c0=5.0 c1=5.4 kw=5.12 inf=1.58 iv=0.00 n=0 d=0 sk=3 hf=98272 hm=97412 ht=283428 pf=0 pm=0 pt=0 ru=233276 rp=234136
17:55:38.882 @T t=92744 s=0.000 lv=-40.8 pk=-39.3 c0=5.0 c1=5.1 kw=4.97 inf=1.86 iv=0.00 n=0 d=0 sk=2 hf=98272 hm=97412 ht=283428 pf=0 pm=0 pt=0 ru=233276 rp=234136
17:55:38.882 @T t=92850 s=0.000 lv=-38.7 pk=-35.6 c0=3.9 c1=6.2 kw=6.01 inf=1.39 iv=0.00 n=0 d=0 sk=4 hf=98272 hm=97412 ht=283428 pf=0 pm=0 pt=0 ru=233276 rp=234136
17:55:38.882 @T t=92956 s=0.000 lv=-38.1 pk=-35.9 c0=4.0 c1=5.2 kw=5.00 inf=1.54 iv=0.00 n=0 d=0 sk=3 hf=98272 hm=97412 ht=283428 pf=0 pm=0 pt=0 ru=233276 rp=234136
17:55:38.882 @T t=93042 s=0.000 lv=-37.4 pk=-35.6 c0=3.9 c1=5.0 kw=4.88 inf=1.83 iv=0.00 n=0 d=0 sk=2 hf=98272 hm=97412 ht=283428 pf=0 pm=0 pt=0 ru=233276 rp=234136
17:55:38.882 @T t=93148 s=0.000 lv=-37.8 pk=-36.8 c0=4.2 c1=7.0 kw=6.00 inf=1.39 iv=0.00 n=0 d=0 sk=4 hf=98272 hm=97412 ht=283428 pf=0 pm=0 pt=0 ru=233276 rp=234136
17:55:38.882 @I ww=marvin cut=0.50 win=5 cool=1000 tick=100 wifi=0 srv=0 li=0 ln=0
17:55:38.882 @T t=93239 s=0.000 lv=-37.6 pk=-37.0 c0=5.7 c1=4.9 kw=4.72 inf=1.87 iv=0.00 n=0 d=0 sk=2 hf=98272 hm=97412 ht=283428 pf=0 pm=0 pt=0 ru=233276 rp=234136
17:55:38.882 @T t=93345 s=0.000 lv=-39.0 pk=-37.5 c0=3.9 c1=5.5 kw=5.12 inf=1.54 iv=0.00 n=0 d=0 sk=3 hf=98272 hm=97412 ht=283428 pf=0 pm=0 pt=0 ru=233276 rp=234136
17:55:38.882 @T t=93451 s=0.000 lv=-38.3 pk=-36.4 c0=3.9 c1=6.4 kw=5.91 inf=1.86 iv=0.00 n=0 d=0 sk=3 hf=98272 hm=97412 ht=283428 pf=0 pm=0 pt=0 ru=233276 rp=234136
17:55:38.882 @T t=93557 s=0.000 lv=-37.8 pk=-36.6 c0=3.9 c1=5.1 kw=4.99 inf=1.53 iv=0.00 n=0 d=0 sk=3 hf=98272 hm=97412 ht=283428 pf=0 pm=0 pt=0 ru=233276 rp=234136
17:55:38.882 @T t=93643 s=0.000 lv=-37.8 pk=-36.5 c0=8.0 c1=5.0 kw=4.93 inf=1.85 iv=0.00 n=0 d=0 sk=2 hf=98272 hm=97412 ht=283428 pf=0 pm=0 pt=0 ru=233276 rp=234136
17:55:38.882 @T t=93748 s=0.000 lv=-40.5 pk=-39.0 c0=3.7 c1=6.2 kw=6.02 inf=1.38 iv=0.00 n=0 d=0 sk=4 hf=98272 hm=97412 ht=283428 pf=0 pm=0 pt=0 ru=233276 rp=234136
17:55:38.882 @T t=93854 s=0.000 lv=-41.7 pk=-39.8 c0=4.2 c1=5.2 kw=5.05 inf=1.56 iv=0.00 n=0 d=0 sk=3 hf=98272 hm=97412 ht=283428 pf=0 pm=0 pt=0 ru=233276 rp=234136
17:55:38.882 @T t=93940 s=0.000 lv=-40.2 pk=-38.3 c0=4.5 c1=5.1 kw=4.97 inf=1.86 iv=0.00 n=0 d=0 sk=2 hf=98272 hm=97412 ht=283428 pf=0 pm=0 pt=0 ru=233276 rp=234136
17:55:38.882 @T t=94046 s=0.000 lv=-39.2 pk=-37.7 c0=3.0 c1=6.1 kw=5.97 inf=1.38 iv=0.00 n=0 d=0 sk=4 hf=98272 hm=97412 ht=283428 pf=0 pm=0 pt=0 ru=233276 rp=234136
17:55:38.882 @T t=94152 s=0.000 lv=-37.7 pk=-36.8 c0=3.5 c1=5.9 kw=4.99 inf=1.54 iv=0.00 n=0 d=0 sk=3 hf=98272 hm=97412 ht=283428 pf=0 pm=0 pt=0 ru=233276 rp=234136
17:55:38.882 @I ww=marvin cut=0.50 win=5 cool=1000 tick=100 wifi=0 srv=0 li=0 ln=0
17:55:38.882 @T t=94243 s=0.000 lv=-39.8 pk=-38.4 c0=4.7 c1=4.7 kw=4.65 inf=1.85 iv=0.00 n=0 d=0 sk=2 hf=98272 hm=97412 ht=283428 pf=0 pm=0 pt=0 ru=233276 rp=234136
17:55:38.882 @T t=94348 s=0.000 lv=-41.2 pk=-40.6 c0=3.4 c1=6.2 kw=5.99 inf=1.37 iv=0.00 n=0 d=0 sk=4 hf=98272 hm=97412 ht=283428 pf=0 pm=0 pt=0 ru=233276 rp=234136
17:55:41.476 @T t=94454 s=0.000 lv=-41.0 pk=-38.5 c0=3.0 c1=5.0 kw=4.93 inf=1.52 iv=0.00 n=0 d=0 sk=3 hf=98272 hm=97412 ht=283428 pf=0 pm=0 pt=0 ru=233276 rp=234136
17:55:41.477 @T t=94540 s=0.000 lv=-40.7 pk=-39.1 c0=7.7 c1=5.0 kw=4.86 inf=1.83 iv=0.00 n=0 d=0 sk=2 hf=98272 hm=97412 ht=283428 pf=0 pm=0 pt=0 ru=233276 rp=234136
17:55:41.477 @T t=94646 s=0.000 lv=-37.2 pk=-35.9 c0=3.4 c1=6.1 kw=5.93 inf=1.37 iv=0.00 n=0 d=0 sk=4 hf=98272 hm=97412 ht=283428 pf=0 pm=0 pt=0 ru=233276 rp=234136
17:55:41.477 @T t=94752 s=0.000 lv=-39.0 pk=-37.2 c0=3.1 c1=5.1 kw=4.95 inf=1.53 iv=0.00 n=0 d=0 sk=3 hf=98272 hm=97412 ht=283428 pf=0 pm=0 pt=0 ru=233276 rp=234136
17:55:41.477 @T t=94858 s=0.000 lv=-39.5 pk=-39.4 c0=3.1 c1=5.1 kw=4.96 inf=1.53 iv=0.00 n=0 d=0 sk=3 hf=98272 hm=97412 ht=283428 pf=0 pm=0 pt=0 ru=233276 rp=234136
17:55:41.477 @T t=94944 s=0.000 lv=-38.3 pk=-37.5 c0=3.7 c1=5.0 kw=4.89 inf=1.83 iv=0.00 n=0 d=0 sk=2 hf=98272 hm=97412 ht=283428 pf=0 pm=0 pt=0 ru=233276 rp=234136
17:55:41.477 @T t=95050 s=0.000 lv=-39.5 pk=-36.7 c0=8.4 c1=6.4 kw=6.12 inf=1.41 iv=0.00 n=0 d=0 sk=4 hf=98272 hm=97412 ht=283428 pf=0 pm=0 pt=0 ru=233276 rp=234136
17:55:41.477 @T t=95156 s=0.000 lv=-37.1 pk=-34.1 c0=5.2 c1=17.0 kw=16.00 inf=1.35 iv=1.03 n=11 d=0 sk=1 hf=98272 hm=97412 ht=283428 pf=0 pm=0 pt=0 ru=233276 rp=234136
17:55:41.477 @I ww=marvin cut=0.50 win=5 cool=1000 tick=100 wifi=0 srv=0 li=0 ln=0
17:55:41.477 @T t=95251 s=0.000 lv=-40.4 pk=-39.7 c0=5.5 c1=11.3 kw=11.08 inf=2.45 iv=1.24 n=4 d=0 sk=0 hf=98272 hm=97412 ht=283428 pf=0 pm=0 pt=0 ru=233276 rp=234136
17:55:41.477 @T t=95357 s=0.000 lv=-41.0 pk=-40.2 c0=4.2 c1=8.4 kw=8.26 inf=2.69 iv=1.12 n=3 d=0 sk=0 hf=98272 hm=97412 ht=283428 pf=0 pm=0 pt=0 ru=233276 rp=234136
17:55:41.477 @T t=95443 s=0.000 lv=-41.0 pk=-40.0 c0=4.0 c1=9.3 kw=9.15 inf=2.43 iv=1.15 n=3 d=0 sk=0 hf=98272 hm=97412 ht=283428 pf=0 pm=0 pt=0 ru=233276 rp=234136
17:55:41.477 @T t=95552 s=0.000 lv=-38.2 pk=-35.1 c0=9.4 c1=10.6 kw=10.34 inf=2.60 iv=1.15 n=4 d=0 sk=0 hf=98272 hm=97412 ht=283428 pf=0 pm=0 pt=0 ru=233276 rp=234136
17:55:41.477 @T t=95658 s=0.000 lv=-35.6 pk=-34.5 c0=4.2 c1=8.9 kw=8.74 inf=2.85 iv=1.23 n=3 d=0 sk=0 hf=98272 hm=97412 ht=283428 pf=0 pm=0 pt=0 ru=233276 rp=234136
17:55:41.477 @T t=95744 s=0.000 lv=-39.1 pk=-37.5 c0=5.1 c1=9.8 kw=9.58 inf=2.55 iv=1.24 n=3 d=0 sk=0 hf=98272 hm=97412 ht=283428 pf=0 pm=0 pt=0 ru=233276 rp=234136
17:55:41.477 @T t=95853 s=0.000 lv=-39.8 pk=-37.9 c0=9.7 c1=11.1 kw=10.72 inf=2.70 iv=1.23 n=4 d=0 sk=0 hf=98272 hm=97412 ht=283428 pf=0 pm=0 pt=0 ru=233276 rp=234136
17:55:41.477 @T t=95939 s=0.001 lv=-39.3 pk=-38.1 c0=4.1 c1=8.0 kw=8.04 inf=3.17 iv=1.25 n=2 d=0 sk=0 hf=98272 hm=97412 ht=283428 pf=0 pm=0 pt=0 ru=233276 rp=234136
17:55:41.477 @T t=96045 s=0.001 lv=-39.2 pk=-37.4 c0=7.5 c1=10.6 kw=10.13 inf=2.47 iv=1.24 n=4 d=0 sk=0 hf=98272 hm=97412 ht=283428 pf=0 pm=0 pt=0 ru=233276 rp=234136
17:55:41.477 @T t=96151 s=0.000 lv=-38.8 pk=-36.8 c0=4.7 c1=12.7 kw=11.38 inf=2.83 iv=1.35 n=4 d=0 sk=0 hf=98272 hm=97412 ht=283428 pf=0 pm=0 pt=0 ru=233276 rp=234136
17:55:41.477 @I ww=marvin cut=0.50 win=5 cool=1000 tick=100 wifi=0 srv=0 li=0 ln=0
17:55:41.477 @T t=96246 s=0.000 lv=-36.6 pk=-33.3 c0=5.4 c1=9.4 kw=7.89 inf=2.26 iv=0.94 n=3 d=0 sk=0 hf=98272 hm=97412 ht=283428 pf=0 pm=0 pt=0 ru=233276 rp=234136
17:55:41.477 @T t=96352 s=0.000 lv=-39.6 pk=-38.2 c0=3.9 c1=10.1 kw=10.56 inf=3.49 iv=1.57 n=3 d=0 sk=0 hf=98272 hm=97412 ht=283428 pf=0 pm=0 pt=0 ru=233276 rp=234136
17:55:41.477 @T t=96458 s=0.000 lv=-38.6 pk=-36.0 c0=3.3 c1=9.4 kw=9.26 inf=2.28 iv=1.09 n=4 d=0 sk=0 hf=98272 hm=97412 ht=283428 pf=0 pm=0 pt=0 ru=233276 rp=234136
17:55:41.477 @T t=96544 s=0.000 lv=-40.3 pk=-40.0 c0=4.0 c1=7.9 kw=7.75 inf=3.05 iv=1.15 n=2 d=0 sk=0 hf=98272 hm=97412 ht=283428 pf=0 pm=0 pt=0 ru=233276 rp=234136
17:55:41.477 @T t=96650 s=0.000 lv=-36.4 pk=-34.1 c0=3.3 c1=10.8 kw=10.54 inf=2.58 iv=1.12 n=4 d=0 sk=0 hf=98272 hm=97412 ht=283428 pf=0 pm=0 pt=0 ru=233276 rp=234136
17:55:41.477 @T t=96756 s=0.000 lv=-36.8 pk=-35.8 c0=3.8 c1=9.9 kw=9.66 inf=2.38 iv=1.17 n=4 d=0 sk=0 hf=98272 hm=97412 ht=283428 pf=0 pm=0 pt=0 ru=233276 rp=234136
17:55:41.477 @T t=96842 s=0.000 lv=-38.2 pk=-37.0 c0=4.0 c1=8.2 kw=8.05 inf=3.18 iv=1.25 n=2 d=0 sk=0 hf=98272 hm=97412 ht=283428 pf=0 pm=0 pt=0 ru=233276 rp=234136
17:55:41.477 @T t=96948 s=0.000 lv=-37.5 pk=-36.4 c0=6.7 c1=10.8 kw=10.61 inf=2.60 iv=1.15 n=4 d=0 sk=0 hf=98272 hm=97412 ht=283428 pf=0 pm=0 pt=0 ru=233276 rp=234136
17:55:43.975 @T t=97054 s=0.000 lv=-37.1 pk=-34.9 c0=3.9 c1=10.0 kw=9.78 inf=2.41 iv=1.19 n=4 d=0 sk=0 hf=98272 hm=97412 ht=283428 pf=0 pm=0 pt=0 ru=233276 rp=234136
17:55:43.975 @T t=97140 s=0.000 lv=-36.6 pk=-35.4 c0=4.1 c1=8.2 kw=8.02 inf=3.17 iv=1.25 n=2 d=0 sk=0 hf=98272 hm=97412 ht=283428 pf=0 pm=0 pt=0 ru=233276 rp=234136
17:55:43.975 @I ww=marvin cut=0.50 win=5 cool=1000 tick=100 wifi=0 srv=0 li=0 ln=0
17:55:43.975 @T t=97252 s=0.000 lv=-36.9 pk=-35.6 c0=11.1 c1=10.6 kw=10.33 inf=2.68 iv=1.22 n=4 d=0 sk=0 hf=98272 hm=97412 ht=283428 pf=0 pm=0 pt=0 ru=233276 rp=234136
17:55:43.975 @T t=97358 s=0.000 lv=-36.7 pk=-35.6 c0=6.5 c1=9.6 kw=9.39 inf=2.31 iv=1.12 n=4 d=0 sk=0 hf=98272 hm=97412 ht=283428 pf=0 pm=0 pt=0 ru=233276 rp=234136
17:55:43.975 @T t=97444 s=0.000 lv=-36.7 pk=-34.3 c0=6.1 c1=8.8 kw=8.39 inf=3.31 iv=1.35 n=2 d=0 sk=0 hf=98272 hm=97412 ht=283428 pf=0 pm=0 pt=0 ru=233276 rp=234136
17:55:43.975 @T t=97551 s=0.000 lv=-36.9 pk=-35.2 c0=7.4 c1=11.1 kw=10.86 inf=2.69 iv=1.22 n=4 d=0 sk=0 hf=98272 hm=97412 ht=283428 pf=0 pm=0 pt=0 ru=233276 rp=234136
17:55:43.975 @T t=97657 s=0.000 lv=-36.8 pk=-35.4 c0=4.2 c1=10.1 kw=9.91 inf=2.45 iv=1.24 n=4 d=0 sk=0 hf=98272 hm=97412 ht=283428 pf=0 pm=0 pt=0 ru=233276 rp=234136
17:55:43.975 @T t=97743 s=0.000 lv=-38.3 pk=-37.9 c0=4.1 c1=8.0 kw=7.87 inf=3.10 iv=1.17 n=2 d=0 sk=0 hf=98272 hm=97412 ht=283428 pf=0 pm=0 pt=0 ru=233276 rp=234136
17:55:43.975 @T t=97852 s=0.000 lv=-38.5 pk=-37.5 c0=3.9 c1=10.9 kw=10.63 inf=2.68 iv=1.21 n=4 d=0 sk=0 hf=98272 hm=97412 ht=283428 pf=0 pm=0 pt=0 ru=233276 rp=234136
17:55:43.975 @T t=97958 s=0.000 lv=-36.2 pk=-34.8 c0=4.3 c1=9.9 kw=9.67 inf=2.38 iv=1.17 n=4 d=0 sk=0 hf=98272 hm=97412 ht=283428 pf=0 pm=0 pt=0 ru=233276 rp=234136
17:55:43.975 @T t=98044 s=0.000 lv=-39.4 pk=-38.4 c0=5.1 c1=8.7 kw=8.47 inf=3.35 iv=1.38 n=2 d=0 sk=0 hf=98272 hm=97412 ht=283428 pf=0 pm=0 pt=0 ru=233276 rp=234136
17:55:43.975 @T t=98153 s=0.000 lv=-38.0 pk=-36.7 c0=4.7 c1=11.7 kw=10.85 inf=2.73 iv=1.23 n=4 d=0 sk=0 hf=98272 hm=97412 ht=283428 pf=0 pm=0 pt=0 ru=233276 rp=234136
17:55:43.975 @I ww=marvin cut=0.50 win=5 cool=1000 tick=100 wifi=0 srv=0 li=0 ln=0
17:55:43.976 @T t=98244 s=0.000 lv=-36.9 pk=-36.3 c0=5.7 c1=4.8 kw=4.62 inf=1.83 iv=0.00 n=0 d=0 sk=2 hf=98272 hm=97412 ht=283428 pf=0 pm=0 pt=0 ru=233276 rp=234136
17:55:43.976 @T t=98350 s=0.000 lv=-37.0 pk=-36.0 c0=3.2 c1=6.2 kw=6.07 inf=1.40 iv=0.00 n=0 d=0 sk=4 hf=98272 hm=97412 ht=283428 pf=0 pm=0 pt=0 ru=233276 rp=234136
17:55:43.976 @T t=98457 s=0.000 lv=-37.3 pk=-36.4 c0=3.8 c1=5.1 kw=4.92 inf=1.53 iv=0.00 n=0 d=0 sk=3 hf=98272 hm=97412 ht=283428 pf=0 pm=0 pt=0 ru=233276 rp=234136
17:55:43.976 @T t=98543 s=0.000 lv=-36.7 pk=-35.6 c0=4.8 c1=5.1 kw=4.96 inf=1.86 iv=0.00 n=0 d=0 sk=2 hf=98272 hm=97412 ht=283428 pf=0 pm=0 pt=0 ru=233276 rp=234136
17:55:43.976 @T t=98649 s=0.000 lv=-36.7 pk=-35.3 c0=4.0 c1=6.2 kw=6.02 inf=1.39 iv=0.00 n=0 d=0 sk=4 hf=98272 hm=97412 ht=283428 pf=0 pm=0 pt=0 ru=233276 rp=234136
17:55:43.976 @T t=98755 s=0.000 lv=-36.8 pk=-36.1 c0=3.6 c1=5.1 kw=4.99 inf=1.54 iv=0.00 n=0 d=0 sk=3 hf=98272 hm=97412 ht=283428 pf=0 pm=0 pt=0 ru=233276 rp=234136
17:55:43.976 @T t=98841 s=0.000 lv=-36.3 pk=-35.4 c0=3.7 c1=5.0 kw=4.85 inf=1.82 iv=0.00 n=0 d=0 sk=2 hf=98272 hm=97412 ht=283428 pf=0 pm=0 pt=0 ru=233276 rp=234136
17:55:43.976 @T t=98947 s=0.000 lv=-38.3 pk=-37.6 c0=3.1 c1=6.1 kw=5.88 inf=1.36 iv=0.00 n=0 d=0 sk=4 hf=98272 hm=97412 ht=283428 pf=0 pm=0 pt=0 ru=233276 rp=234136
17:55:43.976 @T t=99053 s=0.000 lv=-36.7 pk=-36.0 c0=6.3 c1=5.0 kw=4.89 inf=1.51 iv=0.00 n=0 d=0 sk=3 hf=98272 hm=97412 ht=283428 pf=0 pm=0 pt=0 ru=233276 rp=234136
17:55:43.976 @T t=99139 s=0.000 lv=-37.3 pk=-36.8 c0=4.1 c1=5.0 kw=4.88 inf=1.83 iv=0.00 n=0 d=0 sk=2 hf=98272 hm=97412 ht=283428 pf=0 pm=0 pt=0 ru=233276 rp=234136
17:55:43.976 @I ww=marvin cut=0.50 win=5 cool=1000 tick=100 wifi=0 srv=0 li=0 ln=0
17:55:43.976 @T t=99251 s=0.000 lv=-36.2 pk=-35.2 c0=4.2 c1=7.0 kw=5.72 inf=1.40 iv=0.00 n=0 d=0 sk=4 hf=98272 hm=97412 ht=283428 pf=0 pm=0 pt=0 ru=233276 rp=234136
17:55:43.976 @T t=99357 s=0.000 lv=-38.0 pk=-37.0 c0=3.2 c1=5.0 kw=4.91 inf=1.51 iv=0.00 n=0 d=0 sk=3 hf=98272 hm=97412 ht=283428 pf=0 pm=0 pt=0 ru=233276 rp=234136
17:55:43.976 @T t=99443 s=0.000 lv=-36.4 pk=-35.5 c0=4.3 c1=5.0 kw=4.85 inf=1.82 iv=0.00 n=0 d=0 sk=2 hf=98272 hm=97412 ht=283428 pf=0 pm=0 pt=0 ru=233276 rp=234136
17:55:46.176 @T t=99548 s=0.000 lv=-38.6 pk=-38.4 c0=3.0 c1=6.1 kw=5.99 inf=1.37 iv=0.00 n=0 d=0 sk=4 hf=98272 hm=97412 ht=283428 pf=0 pm=0 pt=0 ru=233276 rp=234136
17:55:46.176 @T t=99654 s=0.000 lv=-37.0 pk=-36.1 c0=6.3 c1=5.0 kw=4.88 inf=1.50 iv=0.00 n=0 d=0 sk=3 hf=98272 hm=97412 ht=283428 pf=0 pm=0 pt=0 ru=233276 rp=234136
17:55:46.176 @T t=99740 s=0.000 lv=-37.2 pk=-36.3 c0=7.6 c1=5.0 kw=4.84 inf=1.82 iv=0.00 n=0 d=0 sk=2 hf=98272 hm=97412 ht=283428 pf=0 pm=0 pt=0 ru=233276 rp=234136
17:55:46.176 W (100184) wifi: cannot connect (reason 201). Check the name/password in menuconfig; the ESP32 needs a 2.4 GHz network (201 = network not found, 15/204 = wrong password)
17:55:46.176 @T t=99846 s=0.000 lv=-35.6 pk=-34.1 c0=10.2 c1=6.4 kw=6.08 inf=1.40 iv=0.00 n=0 d=0 sk=4 hf=98272 hm=97412 ht=283428 pf=0 pm=0 pt=0 ru=233276 rp=234136
17:55:46.176 @T t=99952 s=0.000 lv=-36.2 pk=-35.5 c0=4.8 c1=5.2 kw=5.03 inf=1.55 iv=0.00 n=0 d=0 sk=3 hf=98272 hm=97412 ht=283428 pf=0 pm=0 pt=0 ru=233276 rp=234136
17:55:46.176 @T t=100058 s=0.000 lv=-37.0 pk=-36.0 c0=4.0 c1=5.1 kw=4.94 inf=1.52 iv=0.00 n=0 d=0 sk=3 hf=98272 hm=97412 ht=283428 pf=0 pm=0 pt=0 ru=233276 rp=234136
17:55:46.177 @T t=100144 s=0.000 lv=-36.5 pk=-34.8 c0=3.9 c1=5.0 kw=4.93 inf=1.84 iv=0.00 n=0 d=0 sk=2 hf=98272 hm=97412 ht=283428 pf=0 pm=0 pt=0 ru=233276 rp=234136
17:55:46.177 @I ww=marvin cut=0.50 win=5 cool=1000 tick=100 wifi=0 srv=0 li=0 ln=0
17:55:46.177 @T t=100256 s=0.000 lv=-37.8 pk=-36.1 c0=5.0 c1=6.8 kw=5.77 inf=1.41 iv=0.00 n=0 d=0 sk=4 hf=98272 hm=97412 ht=283428 pf=0 pm=0 pt=0 ru=233276 rp=234136
17:55:46.177 @T t=100342 s=0.000 lv=-36.1 pk=-34.8 c0=4.8 c1=5.1 kw=4.98 inf=1.87 iv=0.00 n=0 d=0 sk=2 hf=98272 hm=97412 ht=283428 pf=0 pm=0 pt=0 ru=233276 rp=234136
17:55:46.177 @T t=100448 s=0.000 lv=-39.4 pk=-38.0 c0=3.9 c1=6.2 kw=5.97 inf=1.38 iv=0.00 n=0 d=0 sk=4 hf=98272 hm=97412 ht=283428 pf=0 pm=0 pt=0 ru=233276 rp=234136
17:55:46.177 @T t=100554 s=0.000 lv=-38.8 pk=-38.1 c0=3.9 c1=5.1 kw=4.98 inf=1.53 iv=0.00 n=0 d=0 sk=3 hf=98272 hm=97412 ht=283428 pf=0 pm=0 pt=0 ru=233276 rp=234136
17:55:46.177 @T t=100640 s=0.000 lv=-37.9 pk=-37.6 c0=3.9 c1=5.0 kw=4.89 inf=1.83 iv=0.00 n=0 d=0 sk=2 hf=98272 hm=97412 ht=283428 pf=0 pm=0 pt=0 ru=233276 rp=234136
17:55:46.177 @T t=100746 s=0.000 lv=-38.9 pk=-37.1 c0=3.7 c1=6.1 kw=5.90 inf=1.36 iv=0.00 n=0 d=0 sk=4 hf=98272 hm=97412 ht=283428 pf=0 pm=0 pt=0 ru=233276 rp=234136
17:55:46.177 @T t=100852 s=0.000 lv=-37.1 pk=-36.0 c0=4.0 c1=5.2 kw=5.01 inf=1.55 iv=0.00 n=0 d=0 sk=3 hf=98272 hm=97412 ht=283428 pf=0 pm=0 pt=0 ru=233276 rp=234136
17:55:46.177 @T t=100958 s=0.000 lv=-38.8 pk=-38.0 c0=4.0 c1=5.2 kw=5.01 inf=1.54 iv=0.00 n=0 d=0 sk=3 hf=98272 hm=97412 ht=283428 pf=0 pm=0 pt=0 ru=233276 rp=234136
17:55:46.177 @T t=101044 s=0.000 lv=-36.6 pk=-35.6 c0=4.8 c1=5.2 kw=5.00 inf=1.87 iv=0.00 n=0 d=0 sk=2 hf=98272 hm=97412 ht=283428 pf=0 pm=0 pt=0 ru=233276 rp=234136
17:55:46.177 @T t=101153 s=0.000 lv=-36.1 pk=-35.5 c0=4.0 c1=6.8 kw=5.85 inf=1.39 iv=0.00 n=0 d=0 sk=4 hf=98272 hm=97412 ht=283428 pf=0 pm=0 pt=0 ru=233276 rp=234136
17:55:46.177 @I ww=marvin cut=0.50 win=5 cool=1000 tick=100 wifi=0 srv=0 li=0 ln=0
17:55:46.177 [status] up 101s | mic -37.9 dBFS (peak -33.3) | score max 0.00 | detections 0 | inferences 111 (11.1/s; model 1.19 ms each, paused in quiet 65%; features 1.48 ms per 30 ms) | CPU core0  5.1% core1  6.9% (wake word pipeline 6.70% of one core) | RAM used 227 KB (peak 228 KB, 95 KB free) | wifi --, server -- | audio lost since boot: i2s 0 net 0
17:55:46.177 @T t=101257 s=0.000 lv=-36.4 pk=-35.1 c0=8.0 c1=5.3 kw=5.21 inf=1.58 iv=0.00 n=0 d=0 sk=3 hf=98192 hm=97412 ht=283428 pf=0 pm=0 pt=0 ru=233356 rp=234136
17:55:46.177 @T t=101343 s=0.000 lv=-37.4 pk=-36.8 c0=3.7 c1=5.0 kw=4.90 inf=1.84 iv=0.00 n=0 d=0 sk=2 hf=98192 hm=97412 ht=283428 pf=0 pm=0 pt=0 ru=233356 rp=234136
17:55:46.177 @T t=101449 s=0.000 lv=-37.7 pk=-36.3 c0=3.0 c1=6.0 kw=5.88 inf=1.36 iv=0.00 n=0 d=0 sk=4 hf=98192 hm=97412 ht=283428 pf=0 pm=0 pt=0 ru=233356 rp=234136
17:55:46.177 @T t=101555 s=0.000 lv=-39.9 pk=-38.5 c0=6.7 c1=5.1 kw=4.93 inf=1.52 iv=0.00 n=0 d=0 sk=3 hf=98192 hm=97412 ht=283428 pf=0 pm=0 pt=0 ru=233356 rp=234136
17:55:46.177 @T t=101641 s=0.000 lv=-36.4 pk=-35.4 c0=3.8 c1=5.1 kw=4.93 inf=1.85 iv=0.00 n=0 d=0 sk=2 hf=98192 hm=97412 ht=283428 pf=0 pm=0 pt=0 ru=233356 rp=234136
17:55:48.774 @T t=101747 s=0.000 lv=-38.6 pk=-36.9 c0=3.0 c1=6.0 kw=5.88 inf=1.36 iv=0.00 n=0 d=0 sk=4 hf=98192 hm=97412 ht=283428 pf=0 pm=0 pt=0 ru=233356 rp=234136
17:55:48.774 @T t=101853 s=0.000 lv=-36.5 pk=-34.7 c0=3.2 c1=5.2 kw=4.93 inf=1.52 iv=0.00 n=0 d=0 sk=3 hf=98192 hm=97412 ht=283428 pf=0 pm=0 pt=0 ru=233356 rp=234136
17:55:48.774 @T t=101939 s=0.000 lv=-36.2 pk=-35.3 c0=4.2 c1=4.9 kw=4.92 inf=1.84 iv=0.00 n=0 d=0 sk=2 hf=98192 hm=97412 ht=283428 pf=0 pm=0 pt=0 ru=233356 rp=234136
17:55:48.774 @T t=102045 s=0.000 lv=-38.6 pk=-37.6 c0=3.1 c1=5.4 kw=5.04 inf=1.51 iv=0.00 n=0 d=0 sk=3 hf=98192 hm=97412 ht=283428 pf=0 pm=0 pt=0 ru=233356 rp=234136
17:55:48.774 @T t=102151 s=0.000 lv=-39.3 pk=-38.5 c0=3.5 c1=7.0 kw=5.76 inf=1.81 iv=0.00 n=0 d=0 sk=3 hf=98192 hm=97412 ht=283428 pf=0 pm=0 pt=0 ru=233356 rp=234136
17:55:48.774 @I ww=marvin cut=0.50 win=5 cool=1000 tick=100 wifi=0 srv=0 li=0 ln=0
17:55:48.774 @T t=102243 s=0.000 lv=-37.4 pk=-36.3 c0=15.5 c1=5.1 kw=4.83 inf=1.93 iv=0.00 n=0 d=0 sk=2 hf=98192 hm=97412 ht=283428 pf=0 pm=0 pt=0 ru=233356 rp=234136
17:55:48.774 @T t=102349 s=0.000 lv=-37.0 pk=-34.8 c0=4.7 c1=6.2 kw=6.05 inf=1.40 iv=0.00 n=0 d=0 sk=4 hf=98192 hm=97412 ht=283428 pf=0 pm=0 pt=0 ru=233356 rp=234136
17:55:48.774 @T t=102455 s=0.000 lv=-38.2 pk=-37.1 c0=3.2 c1=5.0 kw=4.94 inf=1.52 iv=0.00 n=0 d=0 sk=3 hf=98192 hm=97412 ht=283428 pf=0 pm=0 pt=0 ru=233356 rp=234136
17:55:48.774 @T t=102541 s=0.000 lv=-37.7 pk=-37.2 c0=4.6 c1=5.1 kw=4.92 inf=1.85 iv=0.00 n=0 d=0 sk=2 hf=98192 hm=97412 ht=283428 pf=0 pm=0 pt=0 ru=233356 rp=234136
17:55:48.774 @T t=102647 s=0.000 lv=-39.3 pk=-37.6 c0=3.9 c1=6.2 kw=5.98 inf=1.38 iv=0.00 n=0 d=0 sk=4 hf=98192 hm=97412 ht=283428 pf=0 pm=0 pt=0 ru=233356 rp=234136
17:55:48.774 @T t=102753 s=0.000 lv=-39.4 pk=-37.8 c0=3.9 c1=5.1 kw=4.98 inf=1.53 iv=0.00 n=0 d=0 sk=3 hf=98192 hm=97412 ht=283428 pf=0 pm=0 pt=0 ru=233356 rp=234136
17:55:48.774 @T t=102839 s=0.000 lv=-38.9 pk=-37.1 c0=4.8 c1=5.2 kw=4.99 inf=1.87 iv=0.00 n=0 d=0 sk=2 hf=98192 hm=97412 ht=283428 pf=0 pm=0 pt=0 ru=233356 rp=234136
17:55:48.774 @T t=102945 s=0.000 lv=-39.8 pk=-37.2 c0=4.1 c1=5.4 kw=5.08 inf=1.52 iv=0.00 n=0 d=0 sk=3 hf=98192 hm=97412 ht=283428 pf=0 pm=0 pt=0 ru=233356 rp=234136
17:55:48.774 @T t=103051 s=0.000 lv=-38.2 pk=-37.3 c0=3.2 c1=6.3 kw=5.92 inf=1.87 iv=0.00 n=0 d=0 sk=3 hf=98192 hm=97412 ht=283428 pf=0 pm=0 pt=0 ru=233356 rp=234136
17:55:48.774 @T t=103157 s=0.000 lv=-34.0 pk=-32.9 c0=4.2 c1=18.2 kw=17.24 inf=1.35 iv=0.98 n=13 d=0 sk=0 hf=98192 hm=97412 ht=283428 pf=0 pm=0 pt=0 ru=233356 rp=234136
17:55:48.774 @I ww=marvin cut=0.50 win=5 cool=1000 tick=100 wifi=0 srv=0 li=0 ln=0
17:55:48.774 @T t=103252 s=0.000 lv=-38.2 pk=-35.9 c0=5.5 c1=10.1 kw=9.82 inf=2.87 iv=1.23 n=3 d=0 sk=0 hf=98192 hm=97412 ht=283428 pf=0 pm=0 pt=0 ru=233356 rp=234136
17:55:48.774 @T t=103358 s=0.000 lv=-39.2 pk=-37.6 c0=4.2 c1=9.2 kw=9.01 inf=2.94 iv=1.30 n=3 d=0 sk=0 hf=98192 hm=97412 ht=283428 pf=0 pm=0 pt=0 ru=233356 rp=234136
17:55:48.774 @T t=103444 s=0.000 lv=-39.0 pk=-37.9 c0=5.1 c1=10.2 kw=9.92 inf=2.65 iv=1.31 n=3 d=0 sk=0 hf=98192 hm=97412 ht=283428 pf=0 pm=0 pt=0 ru=233356 rp=234136
17:55:48.774 @T t=103553 s=0.000 lv=-39.3 pk=-37.0 c0=9.4 c1=11.0 kw=10.71 inf=2.70 iv=1.22 n=4 d=0 sk=0 hf=98192 hm=97412 ht=283428 pf=0 pm=0 pt=0 ru=233356 rp=234136
17:55:48.774 @T t=103639 s=0.000 lv=-37.2 pk=-35.2 c0=4.1 c1=9.5 kw=9.28 inf=2.47 iv=1.20 n=3 d=0 sk=0 hf=98192 hm=97412 ht=283428 pf=0 pm=0 pt=0 ru=233356 rp=234136
17:55:48.774 @T t=103745 s=0.000 lv=-38.5 pk=-37.5 c0=6.5 c1=9.0 kw=8.62 inf=2.76 iv=1.16 n=3 d=0 sk=0 hf=98192 hm=97412 ht=283428 pf=0 pm=0 pt=0 ru=233356 rp=234136
17:55:48.774 @T t=103851 s=0.000 lv=-38.1 pk=-37.3 c0=3.3 c1=10.8 kw=10.75 inf=2.67 iv=1.24 n=4 d=0 sk=0 hf=98192 hm=97412 ht=283428 pf=0 pm=0 pt=0 ru=233356 rp=234136
17:55:48.774 @T t=103957 s=0.000 lv=-38.7 pk=-38.4 c0=3.9 c1=8.9 kw=8.67 inf=2.82 iv=1.22 n=3 d=0 sk=0 hf=98192 hm=97412 ht=283428 pf=0 pm=0 pt=0 ru=233356 rp=234136
17:55:48.774 @T t=104043 s=0.000 lv=-37.3 pk=-34.9 c0=4.1 c1=9.4 kw=9.26 inf=2.46 iv=1.17 n=3 d=0 sk=0 hf=98192 hm=97412 ht=283428 pf=0 pm=0 pt=0 ru=233356 rp=234136
17:55:48.774 @T t=104152 s=0.000 lv=-37.9 pk=-36.7 c0=9.2 c1=11.2 kw=10.22 inf=2.57 iv=1.13 n=4 d=0 sk=0 hf=98192 hm=97412 ht=283428 pf=0 pm=0 pt=0 ru=233356 rp=234136
17:55:48.774 @I ww=marvin cut=0.50 win=5 cool=1000 tick=100 wifi=0 srv=0 li=0 ln=0
17:55:48.774 @T t=104243 s=0.000 lv=-40.9 pk=-38.8 c0=4.9 c1=9.2 kw=8.97 inf=2.53 iv=1.24 n=3 d=0 sk=0 hf=98192 hm=97412 ht=283428 pf=0 pm=0 pt=0 ru=233356 rp=234136
17:55:51.285 @T t=104352 s=0.000 lv=-36.7 pk=-32.5 c0=9.2 c1=10.5 kw=10.26 inf=2.58 iv=1.11 n=4 d=0 sk=0 hf=98192 hm=97412 ht=283428 pf=0 pm=0 pt=0 ru=233356 rp=234136
17:55:51.285 @T t=104458 s=0.000 lv=-34.2 pk=-32.9 c0=3.3 c1=8.5 kw=8.35 inf=2.72 iv=1.13 n=3 d=0 sk=0 hf=98192 hm=97412 ht=283428 pf=0 pm=0 pt=0 ru=233356 rp=234136
17:55:51.285 @T t=104544 s=0.000 lv=-38.6 pk=-36.3 c0=4.0 c1=9.3 kw=9.13 inf=2.42 iv=1.15 n=3 d=0 sk=0 hf=98192 hm=97412 ht=283428 pf=0 pm=0 pt=0 ru=233356 rp=234136
17:55:51.285 @T t=104650 s=0.000 lv=-40.0 pk=-37.8 c0=8.1 c1=12.2 kw=11.93 inf=2.94 iv=1.44 n=4 d=0 sk=0 hf=98192 hm=97412 ht=283428 pf=0 pm=0 pt=0 ru=233356 rp=234136
17:55:51.285 @T t=104756 s=0.000 lv=-40.4 pk=-39.7 c0=4.8 c1=8.8 kw=8.61 inf=2.81 iv=1.19 n=3 d=0 sk=0 hf=98192 hm=97412 ht=283428 pf=0 pm=0 pt=0 ru=233356 rp=234136
17:55:51.285 @T t=104842 s=0.000 lv=-39.3 pk=-38.4 c0=4.1 c1=9.3 kw=9.15 inf=2.43 iv=1.15 n=3 d=0 sk=0 hf=98192 hm=97412 ht=283428 pf=0 pm=0 pt=0 ru=233356 rp=234136
17:55:51.286 @T t=104948 s=0.000 lv=-36.8 pk=-33.7 c0=4.2 c1=11.0 kw=10.76 inf=2.64 iv=1.18 n=4 d=0 sk=0 hf=98192 hm=97412 ht=283428 pf=0 pm=0 pt=0 ru=233356 rp=234136
17:55:51.286 @T t=105054 s=0.000 lv=-34.5 pk=-32.8 c0=4.2 c1=9.0 kw=8.77 inf=2.86 iv=1.23 n=3 d=0 sk=0 hf=98192 hm=97412 ht=283428 pf=0 pm=0 pt=0 ru=233356 rp=234136
17:55:51.286 @T t=105140 s=0.000 lv=-38.3 pk=-37.2 c0=5.1 c1=9.8 kw=9.55 inf=2.54 iv=1.23 n=3 d=0 sk=0 hf=98192 hm=97412 ht=283428 pf=0 pm=0 pt=0 ru=233356 rp=234136
17:55:51.286 @I ww=marvin cut=0.50 win=5 cool=1000 tick=100 wifi=0 srv=0 li=0 ln=0
17:55:51.286 @T t=105253 s=0.000 lv=-40.8 pk=-39.3 c0=5.8 c1=10.3 kw=10.09 inf=2.63 iv=1.18 n=4 d=0 sk=0 hf=98192 hm=97412 ht=283428 pf=0 pm=0 pt=0 ru=233356 rp=234136
17:55:51.286 @T t=105342 s=0.000 lv=-38.3 pk=-36.7 c0=3.8 c1=7.8 kw=7.67 inf=3.13 iv=1.23 n=2 d=0 sk=0 hf=98192 hm=97412 ht=283428 pf=0 pm=0 pt=0 ru=233356 rp=234136
17:55:51.286 @T t=105448 s=0.000 lv=-38.6 pk=-37.5 c0=4.2 c1=11.0 kw=10.74 inf=2.63 iv=1.18 n=4 d=0 sk=0 hf=98192 hm=97412 ht=283428 pf=0 pm=0 pt=0 ru=233356 rp=234136
17:55:51.286 @T t=105554 s=0.000 lv=-39.5 pk=-38.1 c0=4.2 c1=9.9 kw=9.65 inf=2.38 iv=1.17 n=4 d=0 sk=0 hf=98192 hm=97412 ht=283428 pf=0 pm=0 pt=0 ru=233356 rp=234136
17:55:51.286 @T t=105640 s=0.000 lv=-39.1 pk=-38.4 c0=5.2 c1=8.6 kw=8.39 inf=3.31 iv=1.35 n=2 d=0 sk=0 hf=98192 hm=97412 ht=283428 pf=0 pm=0 pt=0 ru=233356 rp=234136
17:55:51.286 @T t=105746 s=0.000 lv=-36.3 pk=-34.6 c0=4.2 c1=11.3 kw=10.99 inf=2.70 iv=1.23 n=4 d=0 sk=0 hf=98192 hm=97412 ht=283428 pf=0 pm=0 pt=0 ru=233356 rp=234136
17:55:51.286 @T t=105852 s=0.000 lv=-38.7 pk=-36.5 c0=4.2 c1=10.1 kw=9.85 inf=2.43 iv=1.22 n=4 d=0 sk=0 hf=98192 hm=97412 ht=283428 pf=0 pm=0 pt=0 ru=233356 rp=234136
17:55:51.286 @T t=105958 s=0.000 lv=-33.5 pk=-30.0 c0=4.1 c1=8.7 kw=8.55 inf=2.79 iv=1.17 n=3 d=0 sk=0 hf=98192 hm=97412 ht=283428 pf=0 pm=0 pt=0 ru=233356 rp=234136
17:55:51.286 @T t=106044 s=0.000 lv=-39.2 pk=-37.1 c0=4.1 c1=9.4 kw=9.23 inf=2.45 iv=1.18 n=3 d=0 sk=0 hf=98192 hm=97412 ht=283428 pf=0 pm=0 pt=0 ru=233356 rp=234136
17:55:51.286 @T t=106150 s=0.000 lv=-34.7 pk=-32.4 c0=3.3 c1=10.6 kw=10.34 inf=2.52 iv=1.07 n=4 d=0 sk=0 hf=98192 hm=97412 ht=283428 pf=0 pm=0 pt=0 ru=233356 rp=234136
17:55:51.286 @I ww=marvin cut=0.50 win=5 cool=1000 tick=100 wifi=0 srv=0 li=0 ln=0
17:55:51.286 @T t=106242 s=0.000 lv=-35.0 pk=-33.3 c0=6.3 c1=7.7 kw=7.49 inf=3.16 iv=1.23 n=2 d=0 sk=0 hf=98192 hm=97412 ht=283428 pf=0 pm=0 pt=0 ru=233356 rp=234136
17:55:51.286 @T t=106348 s=0.000 lv=-38.5 pk=-36.7 c0=3.8 c1=10.8 kw=10.58 inf=2.59 iv=1.15 n=4 d=0 sk=0 hf=98192 hm=97412 ht=283428 pf=0 pm=0 pt=0 ru=233356 rp=234136
17:55:51.286 @T t=106454 s=0.000 lv=-33.4 pk=-31.4 c0=3.3 c1=9.7 kw=9.53 inf=2.35 iv=1.15 n=4 d=0 sk=0 hf=98192 hm=97412 ht=283428 pf=0 pm=0 pt=0 ru=233356 rp=234136
17:55:51.286 @T t=106540 s=0.000 lv=-39.3 pk=-38.9 c0=4.0 c1=8.1 kw=7.94 inf=3.13 iv=1.21 n=2 d=0 sk=0 hf=98192 hm=97412 ht=283428 pf=0 pm=0 pt=0 ru=233356 rp=234136
17:55:51.286 @T t=106646 s=0.000 lv=-34.4 pk=-31.5 c0=3.5 c1=10.9 kw=10.67 inf=2.61 iv=1.16 n=4 d=0 sk=0 hf=98192 hm=97412 ht=283428 pf=0 pm=0 pt=0 ru=233356 rp=234136
17:55:51.286 @T t=106752 s=0.000 lv=-36.9 pk=-36.1 c0=7.0 c1=9.8 kw=9.58 inf=2.36 iv=1.17 n=4 d=0 sk=0 hf=98192 hm=97412 ht=283428 pf=0 pm=0 pt=0 ru=233356 rp=234136
17:55:53.781 @T t=106858 s=0.000 lv=-37.1 pk=-35.4 c0=3.4 c1=8.7 kw=8.52 inf=2.78 iv=1.17 n=3 d=0 sk=0 hf=98192 hm=97412 ht=283428 pf=0 pm=0 pt=0 ru=233356 rp=234136
17:55:53.781 @T t=106944 s=0.000 lv=-38.0 pk=-37.2 c0=8.0 c1=9.5 kw=9.26 inf=2.46 iv=1.18 n=3 d=0 sk=0 hf=98192 hm=97412 ht=283428 pf=0 pm=0 pt=0 ru=233356 rp=234136
17:55:53.781 @T t=107050 s=0.000 lv=-37.5 pk=-34.7 c0=7.6 c1=11.5 kw=11.14 inf=2.73 iv=1.24 n=4 d=0 sk=0 hf=98192 hm=97412 ht=283428 pf=0 pm=0 pt=0 ru=233356 rp=234136
17:55:53.781 @T t=107156 s=0.000 lv=-34.2 pk=-33.0 c0=5.1 c1=9.3 kw=8.38 inf=2.73 iv=1.12 n=3 d=0 sk=0 hf=98004 hm=97360 ht=283428 pf=0 pm=0 pt=0 ru=233544 rp=234188
17:55:53.781 @I ww=marvin cut=0.50 win=5 cool=1000 tick=100 wifi=0 srv=0 li=0 ln=0
17:55:53.781 @T t=107249 s=0.000 lv=-37.6 pk=-35.4 c0=14.5 c1=10.1 kw=9.90 inf=2.83 iv=1.22 n=3 d=0 sk=0 hf=98192 hm=97360 ht=283428 pf=0 pm=0 pt=0 ru=233356 rp=234188
17:55:53.781 @T t=107355 s=0.000 lv=-35.9 pk=-31.2 c0=4.2 c1=10.1 kw=9.90 inf=2.44 iv=1.22 n=4 d=0 sk=0 hf=98192 hm=97360 ht=283428 pf=0 pm=0 pt=0 ru=233356 rp=234188
17:55:53.781 @T t=107441 s=0.000 lv=-38.8 pk=-37.9 c0=5.1 c1=8.7 kw=8.50 inf=3.36 iv=1.39 n=2 d=0 sk=0 hf=98192 hm=97360 ht=283428 pf=0 pm=0 pt=0 ru=233356 rp=234188
17:55:53.781 @T t=107547 s=0.000 lv=-34.9 pk=-31.8 c0=4.2 c1=11.3 kw=11.00 inf=2.70 iv=1.23 n=4 d=0 sk=0 hf=98192 hm=97360 ht=283428 pf=0 pm=0 pt=0 ru=233356 rp=234188
17:55:53.781 @T t=107653 s=0.000 lv=-36.3 pk=-34.9 c0=4.2 c1=10.2 kw=9.92 inf=2.45 iv=1.23 n=4 d=0 sk=0 hf=98192 hm=97360 ht=283428 pf=0 pm=0 pt=0 ru=233356 rp=234188
17:55:53.781 @T t=107742 s=0.000 lv=-37.2 pk=-35.8 c0=3.8 c1=7.9 kw=7.72 inf=3.15 iv=1.24 n=2 d=0 sk=0 hf=98192 hm=97360 ht=283428 pf=0 pm=0 pt=0 ru=233356 rp=234188
17:55:53.782 @T t=107848 s=0.000 lv=-35.9 pk=-33.4 c0=7.4 c1=11.2 kw=10.91 inf=2.67 iv=1.22 n=4 d=0 sk=0 hf=98192 hm=97360 ht=283428 pf=0 pm=0 pt=0 ru=233356 rp=234188
17:55:53.782 @T t=107954 s=0.000 lv=-34.6 pk=-33.4 c0=4.3 c1=10.2 kw=9.99 inf=2.46 iv=1.23 n=4 d=0 sk=0 hf=98192 hm=97360 ht=283428 pf=0 pm=0 pt=0 ru=233356 rp=234188
17:55:53.782 @T t=108040 s=0.000 lv=-35.6 pk=-34.9 c0=5.2 c1=8.7 kw=8.52 inf=3.37 iv=1.40 n=2 d=0 sk=0 hf=98192 hm=97360 ht=283428 pf=0 pm=0 pt=0 ru=233356 rp=234188
17:55:53.782 @T t=108146 s=0.000 lv=-39.2 pk=-38.6 c0=4.2 c1=11.2 kw=10.93 inf=2.68 iv=1.23 n=4 d=0 sk=0 hf=98192 hm=97360 ht=283428 pf=0 pm=0 pt=0 ru=233356 rp=234188
17:55:53.782 @I ww=marvin cut=0.50 win=5 cool=1000 tick=100 wifi=0 srv=0 li=0 ln=0
17:55:53.782 @T t=108257 s=0.000 lv=-37.4 pk=-35.3 c0=5.2 c1=10.4 kw=9.52 inf=2.46 iv=1.24 n=4 d=0 sk=0 hf=98192 hm=97360 ht=283428 pf=0 pm=0 pt=0 ru=233356 rp=234188
17:55:53.782 @T t=108346 s=0.000 lv=-39.1 pk=-37.2 c0=3.8 c1=9.3 kw=7.75 inf=2.07 iv=0.79 n=3 d=0 sk=0 hf=98192 hm=97360 ht=283428 pf=0 pm=0 pt=0 ru=233356 rp=234188
17:55:53.782 @T t=108452 s=0.000 lv=-34.4 pk=-29.5 c0=3.7 c1=9.7 kw=10.16 inf=3.35 iv=1.46 n=3 d=0 sk=0 hf=98192 hm=97360 ht=283428 pf=0 pm=0 pt=0 ru=233356 rp=234188
17:55:53.782 @T t=108558 s=0.000 lv=-34.1 pk=-29.7 c0=3.3 c1=9.5 kw=9.32 inf=2.29 iv=1.10 n=4 d=0 sk=0 hf=98192 hm=97360 ht=283428 pf=0 pm=0 pt=0 ru=233356 rp=234188
17:55:53.782 @T t=108644 s=0.000 lv=-37.7 pk=-37.1 c0=4.0 c1=8.1 kw=7.91 inf=3.12 iv=1.21 n=2 d=0 sk=0 hf=98192 hm=97360 ht=283428 pf=0 pm=0 pt=0 ru=233356 rp=234188
17:55:53.782 @T t=108753 s=0.000 lv=-30.2 pk=-28.8 c0=9.1 c1=10.9 kw=10.62 inf=2.67 iv=1.19 n=4 d=0 sk=0 hf=98192 hm=97360 ht=283428 pf=0 pm=0 pt=0 ru=233356 rp=234188
17:55:53.782 @T t=108839 s=0.000 lv=-34.1 pk=-32.9 c0=4.1 c1=9.5 kw=9.30 inf=2.48 iv=1.19 n=3 d=0 sk=0 hf=98192 hm=97360 ht=283428 pf=0 pm=0 pt=0 ru=233356 rp=234188
17:55:53.782 @T t=108945 s=0.000 lv=-31.2 pk=-29.2 c0=6.6 c1=9.1 kw=8.70 inf=2.79 iv=1.19 n=3 d=0 sk=0 hf=98192 hm=97360 ht=283428 pf=0 pm=0 pt=0 ru=233356 rp=234188
17:55:53.782 @T t=109051 s=0.000 lv=-31.5 pk=-30.0 c0=6.1 c1=10.8 kw=10.77 inf=2.68 iv=1.24 n=4 d=0 sk=0 hf=98192 hm=97360 ht=283428 pf=0 pm=0 pt=0 ru=233356 rp=234188
17:55:53.782 @T t=109157 s=0.000 lv=-26.4 pk=-23.3 c0=4.3 c1=10.7 kw=9.70 inf=2.39 iv=1.18 n=4 d=0 sk=0 hf=98192 hm=97360 ht=283428 pf=0 pm=0 pt=0 ru=233356 rp=234188
17:55:53.782 @I ww=marvin cut=0.50 win=5 cool=1000 tick=100 wifi=0 srv=0 li=0 ln=0
17:55:53.782 @T t=109248 s=0.000 lv=-27.9 pk=-26.0 c0=4.8 c1=10.2 kw=10.00 inf=2.80 iv=1.20 n=3 d=0 sk=0 hf=98192 hm=97360 ht=283428 pf=0 pm=0 pt=0 ru=233356 rp=234188
17:55:56.174 @T t=109354 s=0.000 lv=-28.6 pk=-26.3 c0=3.3 c1=8.6 kw=8.45 inf=2.75 iv=1.17 n=3 d=0 sk=0 hf=98192 hm=97360 ht=283428 pf=0 pm=0 pt=0 ru=233356 rp=234188
17:55:56.175 @T t=109440 s=0.000 lv=-27.0 pk=-25.1 c0=4.0 c1=9.3 kw=9.13 inf=2.43 iv=1.15 n=3 d=0 sk=0 hf=98192 hm=97360 ht=283428 pf=0 pm=0 pt=0 ru=233356 rp=234188
17:55:56.175 @T t=109547 s=0.000 lv=-33.7 pk=-31.1 c0=7.2 c1=11.1 kw=10.71 inf=2.65 iv=1.20 n=4 d=0 sk=0 hf=98192 hm=97360 ht=283428 pf=0 pm=0 pt=0 ru=233356 rp=234188
17:55:56.175 @T t=109653 s=0.000 lv=-23.4 pk=-21.5 c0=4.2 c1=8.9 kw=8.74 inf=2.84 iv=1.19 n=3 d=0 sk=0 hf=98192 hm=97360 ht=283428 pf=0 pm=0 pt=0 ru=233356 rp=234188
17:55:56.175 @T t=109739 s=0.000 lv=-30.5 pk=-28.6 c0=5.2 c1=9.9 kw=9.71 inf=2.59 iv=1.25 n=3 d=0 sk=0 hf=98192 hm=97360 ht=283428 pf=0 pm=0 pt=0 ru=233356 rp=234188
17:55:56.175 @T t=109845 s=0.000 lv=-26.1 pk=-21.3 c0=4.3 c1=9.5 kw=9.08 inf=2.93 iv=1.29 n=3 d=0 sk=0 hf=98192 hm=97360 ht=283428 pf=0 pm=0 pt=0 ru=233356 rp=234188
17:55:56.175 @T t=109953 s=0.000 lv=-28.6 pk=-25.3 c0=4.2 c1=11.0 kw=10.98 inf=2.78 iv=1.33 n=4 d=0 sk=0 hf=98192 hm=97360 ht=283428 pf=0 pm=0 pt=0 ru=233356 rp=234188
17:55:56.175 @T t=110039 s=0.000 lv=-32.5 pk=-30.7 c0=4.1 c1=9.6 kw=9.38 inf=2.50 iv=1.21 n=3 d=0 sk=0 hf=98192 hm=97360 ht=283428 pf=0 pm=0 pt=0 ru=233356 rp=234188
17:55:56.175 @T t=110145 s=0.000 lv=-22.4 pk=-20.1 c0=4.7 c1=9.6 kw=9.17 inf=2.96 iv=1.31 n=3 d=0 sk=0 hf=98192 hm=97360 ht=283428 pf=0 pm=0 pt=0 ru=233356 rp=234188
17:55:56.175 @I ww=marvin cut=0.50 win=5 cool=1000 tick=100 wifi=0 srv=0 li=0 ln=0
17:55:56.175 @T t=110258 s=0.002 lv=-30.6 pk=-29.5 c0=12.6 c1=10.7 kw=10.69 inf=2.84 iv=1.37 n=4 d=0 sk=0 hf=98192 hm=97360 ht=283428 pf=0 pm=0 pt=0 ru=233356 rp=234188
17:55:56.175 @T t=110347 s=0.004 lv=-24.0 pk=-22.1 c0=4.9 c1=12.2 kw=11.93 inf=2.47 iv=1.24 n=4 d=0 sk=0 hf=98192 hm=97360 ht=283428 pf=0 pm=0 pt=0 ru=233356 rp=234188
17:55:56.175 @T t=110453 s=0.002 lv=-31.6 pk=-29.7 c0=4.3 c1=9.2 kw=8.98 inf=2.93 iv=1.31 n=3 d=0 sk=0 hf=98192 hm=97360 ht=283428 pf=0 pm=0 pt=0 ru=233356 rp=234188
17:55:56.175 @T t=110539 s=0.000 lv=-25.5 pk=-22.2 c0=5.1 c1=9.5 kw=9.27 inf=2.47 iv=1.19 n=3 d=0 sk=0 hf=98192 hm=97360 ht=283428 pf=0 pm=0 pt=0 ru=233356 rp=234188
17:55:56.175 @T t=110645 s=0.000 lv=-32.3 pk=-30.8 c0=3.3 c1=9.1 kw=8.72 inf=2.80 iv=1.20 n=3 d=0 sk=0 hf=98192 hm=97360 ht=283428 pf=0 pm=0 pt=0 ru=233356 rp=234188
17:55:56.175 @T t=110751 s=0.001 lv=-29.1 pk=-23.8 c0=4.9 c1=11.1 kw=11.02 inf=2.75 iv=1.30 n=4 d=0 sk=0 hf=98192 hm=97360 ht=283428 pf=0 pm=0 pt=0 ru=233356 rp=234188
17:55:56.175 @T t=110857 s=0.001 lv=-26.1 pk=-22.4 c0=3.9 c1=8.9 kw=8.72 inf=2.84 iv=1.23 n=3 d=0 sk=0 hf=98192 hm=97360 ht=283428 pf=0 pm=0 pt=0 ru=233356 rp=234188
17:55:56.175 @T t=110943 s=0.000 lv=-36.8 pk=-33.8 c0=4.1 c1=9.6 kw=9.38 inf=2.50 iv=1.20 n=3 d=0 sk=0 hf=98192 hm=97360 ht=283428 pf=0 pm=0 pt=0 ru=233356 rp=234188
17:55:56.175 @T t=111052 s=0.000 lv=-31.8 pk=-27.9 c0=3.1 c1=10.5 kw=10.26 inf=2.58 iv=1.14 n=4 d=0 sk=0 hf=98192 hm=97360 ht=283428 pf=0 pm=0 pt=0 ru=233356 rp=234188
17:55:56.175 @T t=111158 s=0.000 lv=-38.1 pk=-37.5 c0=4.4 c1=8.7 kw=8.43 inf=2.74 iv=1.15 n=3 d=0 sk=0 hf=98192 hm=97360 ht=283428 pf=0 pm=0 pt=0 ru=233356 rp=234188
17:55:56.175 @I ww=marvin cut=0.50 win=5 cool=1000 tick=100 wifi=0 srv=0 li=0 ln=0
17:55:56.175 [status] up 111s | mic -32.6 dBFS (peak -20.1) | score max 0.00 | detections 0 | inferences 279 (27.9/s; model 1.20 ms each, paused in quiet 16%; features 1.44 ms per 30 ms) | CPU core0  5.0% core1  9.1% (wake word pipeline 8.85% of one core) | RAM used 227 KB (peak 228 KB, 95 KB free) | wifi --, server -- | audio lost since boot: i2s 0 net 0
17:55:56.175 @T t=111243 s=0.000 lv=-25.2 pk=-22.1 c0=10.3 c1=12.1 kw=10.20 inf=2.69 iv=1.34 n=3 d=0 sk=0 hf=98192 hm=97360 ht=283428 pf=0 pm=0 pt=0 ru=233356 rp=234188
17:55:56.175 @T t=111349 s=0.000 lv=-28.1 pk=-25.2 c0=3.3 c1=10.6 kw=10.36 inf=2.53 iv=1.10 n=4 d=0 sk=0 hf=98192 hm=97360 ht=283428 pf=0 pm=0 pt=0 ru=233356 rp=234188
17:55:56.175 @T t=111455 s=0.000 lv=-27.4 pk=-23.7 c0=3.3 c1=8.6 kw=8.40 inf=2.73 iv=1.14 n=3 d=0 sk=0 hf=98192 hm=97360 ht=283428 pf=0 pm=0 pt=0 ru=233356 rp=234188
17:55:56.175 @T t=111541 s=0.000 lv=-28.8 pk=-28.4 c0=4.6 c1=9.7 kw=9.51 inf=2.53 iv=1.23 n=3 d=0 sk=0 hf=98192 hm=97360 ht=283428 pf=0 pm=0 pt=0 ru=233356 rp=234188
17:55:56.175 @T t=111647 s=0.000 lv=-28.2 pk=-27.3 c0=3.4 c1=10.9 kw=10.70 inf=2.62 iv=1.18 n=4 d=0 sk=0 hf=98192 hm=97360 ht=283428 pf=0 pm=0 pt=0 ru=233356 rp=234188
17:55:58.679 @T t=111753 s=0.000 lv=-20.8 pk=-18.9 c0=6.5 c1=8.7 kw=8.54 inf=2.78 iv=1.17 n=3 d=0 sk=0 hf=98192 hm=97360 ht=283428 pf=0 pm=0 pt=0 ru=233356 rp=234188
17:55:58.679 @T t=111839 s=0.000 lv=-26.2 pk=-22.4 c0=4.0 c1=9.5 kw=9.26 inf=2.46 iv=1.16 n=3 d=0 sk=0 hf=98192 hm=97360 ht=283428 pf=0 pm=0 pt=0 ru=233356 rp=234188
17:55:58.679 @T t=111945 s=0.001 lv=-20.6 pk=-17.2 c0=8.9 c1=9.9 kw=9.24 inf=2.97 iv=1.33 n=3 d=0 sk=0 hf=98192 hm=97360 ht=283428 pf=0 pm=0 pt=0 ru=233356 rp=234188
17:55:58.679 @T t=112054 s=0.001 lv=-31.2 pk=-26.8 c0=4.0 c1=10.9 kw=10.89 inf=2.79 iv=1.33 n=4 d=0 sk=0 hf=98192 hm=97360 ht=283428 pf=0 pm=0 pt=0 ru=233356 rp=234188
17:55:58.679 @T t=112143 s=0.000 lv=-39.9 pk=-37.6 c0=4.8 c1=9.7 kw=9.49 inf=2.62 iv=1.31 n=3 d=0 sk=0 hf=98192 hm=97360 ht=283428 pf=0 pm=0 pt=0 ru=233356 rp=234188
17:55:58.679 @I ww=marvin cut=0.50 win=5 cool=1000 tick=100 wifi=0 srv=0 li=0 ln=0
17:55:58.679 @T t=112257 s=0.000 lv=-31.1 pk=-27.0 c0=5.1 c1=11.6 kw=10.70 inf=2.83 iv=1.35 n=4 d=0 sk=0 hf=98192 hm=97360 ht=283428 pf=0 pm=0 pt=0 ru=233356 rp=234188
17:55:58.679 @T t=112343 s=0.004 lv=-30.8 pk=-29.0 c0=5.2 c1=9.6 kw=9.34 inf=2.49 iv=1.20 n=3 d=0 sk=0 hf=98192 hm=97360 ht=283428 pf=0 pm=0 pt=0 ru=233356 rp=234188
17:55:58.679 @T t=112451 s=0.005 lv=-24.0 pk=-18.7 c0=8.2 c1=10.7 kw=10.49 inf=2.61 iv=1.15 n=4 d=0 sk=0 hf=98192 hm=97360 ht=283428 pf=0 pm=0 pt=0 ru=233356 rp=234188
17:55:58.679 @T t=112557 s=0.002 lv=-25.4 pk=-21.9 c0=5.0 c1=8.9 kw=8.65 inf=2.82 iv=1.21 n=3 d=0 sk=0 hf=98192 hm=97360 ht=283428 pf=0 pm=0 pt=0 ru=233356 rp=234188
17:55:58.679 @T t=112643 s=0.000 lv=-24.6 pk=-19.2 c0=5.1 c1=10.0 kw=9.79 inf=2.61 iv=1.30 n=3 d=0 sk=0 hf=98192 hm=97360 ht=283428 pf=0 pm=0 pt=0 ru=233356 rp=234188
17:55:58.679 @T t=112751 s=0.000 lv=-20.9 pk=-18.0 c0=4.0 c1=11.1 kw=10.82 inf=2.70 iv=1.23 n=4 d=0 sk=0 hf=98192 hm=97360 ht=283428 pf=0 pm=0 pt=0 ru=233356 rp=234188
17:55:58.679 @T t=112857 s=0.000 lv=-27.3 pk=-23.4 c0=4.4 c1=9.1 kw=8.91 inf=2.91 iv=1.29 n=3 d=0 sk=0 hf=98192 hm=97360 ht=283428 pf=0 pm=0 pt=0 ru=233356 rp=234188
17:55:58.679 @T t=112943 s=0.000 lv=-19.4 pk=-18.0 c0=5.1 c1=9.6 kw=9.37 inf=2.50 iv=1.20 n=3 d=0 sk=0 hf=98192 hm=97360 ht=283428 pf=0 pm=0 pt=0 ru=233356 rp=234188
17:55:58.679 @T t=113052 s=0.000 lv=-28.2 pk=-26.1 c0=3.1 c1=10.5 kw=10.32 inf=2.60 iv=1.15 n=4 d=0 sk=0 hf=98192 hm=97360 ht=283428 pf=0 pm=0 pt=0 ru=233356 rp=234188
17:55:58.679 @T t=113158 s=0.000 lv=-22.8 pk=-20.3 c0=4.3 c1=8.8 kw=8.60 inf=2.80 iv=1.19 n=3 d=0 sk=0 hf=98192 hm=97360 ht=283428 pf=0 pm=0 pt=0 ru=233356 rp=234188
17:55:58.679 @I ww=marvin cut=0.50 win=5 cool=1000 tick=100 wifi=0 srv=0 li=0 ln=0
17:55:58.679 @T t=113249 s=0.000 lv=-28.5 pk=-28.0 c0=5.9 c1=11.8 kw=10.34 inf=2.89 iv=1.26 n=3 d=0 sk=0 hf=98192 hm=97360 ht=283428 pf=0 pm=0 pt=0 ru=233356 rp=234188
17:55:58.679 @T t=113355 s=0.000 lv=-19.3 pk=-15.4 c0=3.3 c1=9.8 kw=9.62 inf=2.37 iv=1.16 n=4 d=0 sk=0 hf=98192 hm=97360 ht=283428 pf=0 pm=0 pt=0 ru=233356 rp=234188
17:55:58.679 @T t=113441 s=0.000 lv=-20.7 pk=-18.4 c0=4.0 c1=8.2 kw=7.96 inf=3.14 iv=1.21 n=2 d=0 sk=0 hf=98192 hm=97360 ht=283428 pf=0 pm=0 pt=0 ru=233356 rp=234188
17:55:58.679 @T t=113547 s=0.000 lv=-24.4 pk=-17.8 c0=3.8 c1=10.9 kw=10.61 inf=2.59 iv=1.15 n=4 d=0 sk=0 hf=98192 hm=97360 ht=283428 pf=0 pm=0 pt=0 ru=233356 rp=234188
17:55:58.679 @T t=113653 s=0.000 lv=-26.5 pk=-21.4 c0=6.6 c1=9.7 kw=9.56 inf=2.36 iv=1.16 n=4 d=0 sk=0 hf=98192 hm=97360 ht=283428 pf=0 pm=0 pt=0 ru=233356 rp=234188
17:55:58.679 @T t=113739 s=0.000 lv=-33.0 pk=-32.1 c0=4.0 c1=8.1 kw=7.91 inf=3.12 iv=1.21 n=2 d=0 sk=0 hf=98192 hm=97360 ht=283428 pf=0 pm=0 pt=0 ru=233356 rp=234188
17:55:58.679 @T t=113845 s=0.000 lv=-19.3 pk=-14.9 c0=3.3 c1=10.1 kw=9.70 inf=2.36 iv=1.14 n=4 d=0 sk=0 hf=98192 hm=97360 ht=283428 pf=0 pm=0 pt=0 ru=233356 rp=234188
17:55:58.679 @T t=113951 s=0.000 lv=-26.0 pk=-24.6 c0=4.0 c1=11.0 kw=10.53 inf=2.61 iv=1.17 n=4 d=0 sk=0 hf=98192 hm=97360 ht=283428 pf=0 pm=0 pt=0 ru=233356 rp=234188
17:55:58.679 @T t=114057 s=0.000 lv=-22.5 pk=-19.4 c0=3.3 c1=8.7 kw=8.54 inf=2.79 iv=1.18 n=3 d=0 sk=0 hf=98192 hm=97360 ht=283428 pf=0 pm=0 pt=0 ru=233356 rp=234188
17:55:58.679 @T t=114143 s=0.000 lv=-26.6 pk=-26.4 c0=3.9 c1=9.1 kw=8.96 inf=2.38 iv=1.12 n=3 d=0 sk=0 hf=98192 hm=97360 ht=283428 pf=0 pm=0 pt=0 ru=233356 rp=234188
17:55:58.679 @I ww=marvin cut=0.50 win=5 cool=1000 tick=100 wifi=0 srv=0 li=0 ln=0
17:56:01.179 @T t=114257 s=0.000 lv=-21.3 pk=-15.0 c0=4.1 c1=10.8 kw=9.84 inf=2.59 iv=1.14 n=4 d=0 sk=0 hf=98192 hm=97360 ht=283428 pf=0 pm=0 pt=0 ru=233356 rp=234188
17:56:01.179 @T t=114344 s=0.000 lv=-18.5 pk=-16.4 c0=6.9 c1=8.5 kw=8.16 inf=3.26 iv=1.27 n=2 d=0 sk=0 hf=98192 hm=97360 ht=283428 pf=0 pm=0 pt=0 ru=233356 rp=234188
17:56:01.179 @T t=114453 s=0.000 lv=-23.9 pk=-19.8 c0=10.1 c1=11.0 kw=10.77 inf=2.71 iv=1.23 n=4 d=0 sk=0 hf=98192 hm=97360 ht=283428 pf=0 pm=0 pt=0 ru=233356 rp=234188
17:56:01.179 @T t=114539 s=0.000 lv=-24.0 pk=-20.6 c0=5.3 c1=10.2 kw=9.93 inf=2.65 iv=1.30 n=3 d=0 sk=0 hf=98192 hm=97360 ht=283428 pf=0 pm=0 pt=0 ru=233356 rp=234188
17:56:01.179 @T t=114645 s=0.000 lv=-27.5 pk=-26.3 c0=4.3 c1=8.9 kw=8.51 inf=2.72 iv=1.12 n=3 d=0 sk=0 hf=98192 hm=97360 ht=283428 pf=0 pm=0 pt=0 ru=233356 rp=234188
17:56:01.179 @T t=114754 s=0.000 lv=-17.6 pk=-13.7 c0=4.1 c1=10.9 kw=10.86 inf=2.78 iv=1.34 n=4 d=0 sk=0 hf=98192 hm=97360 ht=283428 pf=0 pm=0 pt=0 ru=233356 rp=234188
17:56:01.179 @T t=114840 s=0.000 lv=-25.4 pk=-23.0 c0=4.1 c1=9.5 kw=9.37 inf=2.49 iv=1.20 n=3 d=0 sk=0 hf=98192 hm=97360 ht=283428 pf=0 pm=0 pt=0 ru=233356 rp=234188
17:56:01.179 @T t=114946 s=0.000 lv=-22.2 pk=-17.8 c0=4.5 c1=10.5 kw=9.15 inf=2.21 iv=0.97 n=4 d=0 sk=0 hf=98192 hm=97360 ht=283428 pf=0 pm=0 pt=0 ru=233356 rp=234188
17:56:01.179 @T t=115052 s=0.000 lv=-20.1 pk=-16.6 c0=4.2 c1=10.4 kw=11.00 inf=3.65 iv=1.68 n=3 d=0 sk=0 hf=98192 hm=97360 ht=283428 pf=0 pm=0 pt=0 ru=233356 rp=234188
17:56:01.179 @T t=115158 s=0.000 lv=-26.5 pk=-23.4 c0=4.2 c1=10.2 kw=9.95 inf=2.45 iv=1.24 n=4 d=0 sk=0 hf=98192 hm=97360 ht=283428 pf=0 pm=0 pt=0 ru=233356 rp=234188
17:56:01.179 @I ww=marvin cut=0.50 win=5 cool=1000 tick=100 wifi=0 srv=0 li=0 ln=0
17:56:01.179 @T t=115249 s=0.000 lv=-39.4 pk=-37.3 c0=6.6 c1=11.7 kw=10.53 inf=2.95 iv=1.31 n=3 d=0 sk=0 hf=98192 hm=97360 ht=283428 pf=0 pm=0 pt=0 ru=233356 rp=234188
17:56:01.179 @T t=115355 s=0.000 lv=-40.1 pk=-38.6 c0=4.3 c1=8.7 kw=8.50 inf=2.77 iv=1.19 n=3 d=0 sk=0 hf=98192 hm=97360 ht=283428 pf=0 pm=0 pt=0 ru=233356 rp=234188
17:56:01.179 @T t=115441 s=0.000 lv=-39.3 pk=-38.6 c0=4.1 c1=9.5 kw=9.35 inf=2.49 iv=1.20 n=3 d=0 sk=0 hf=98192 hm=97360 ht=283428 pf=0 pm=0 pt=0 ru=233356 rp=234188
17:56:01.179 @T t=115547 s=0.000 lv=-32.5 pk=-28.9 c0=4.4 c1=11.3 kw=11.02 inf=2.70 iv=1.24 n=4 d=0 sk=0 hf=98192 hm=97360 ht=283428 pf=0 pm=0 pt=0 ru=233356 rp=234188
17:56:01.179 @T t=115653 s=0.000 lv=-34.4 pk=-33.3 c0=3.8 c1=8.9 kw=8.75 inf=2.85 iv=1.24 n=3 d=0 sk=0 hf=98192 hm=97360 ht=283428 pf=0 pm=0 pt=0 ru=233356 rp=234188
17:56:01.179 @T t=115739 s=0.000 lv=-32.4 pk=-30.8 c0=4.1 c1=9.4 kw=9.20 inf=2.45 iv=1.16 n=3 d=0 sk=0 hf=98192 hm=97360 ht=283428 pf=0 pm=0 pt=0 ru=233356 rp=234188
17:56:01.179 @T t=115845 s=0.000 lv=-37.8 pk=-35.0 c0=6.5 c1=8.8 kw=8.46 inf=2.71 iv=1.13 n=3 d=0 sk=0 hf=98192 hm=97360 ht=283428 pf=0 pm=0 pt=0 ru=233356 rp=234188
17:56:01.179 @T t=115951 s=0.000 lv=-39.2 pk=-37.8 c0=6.5 c1=10.4 kw=10.36 inf=2.57 iv=1.16 n=4 d=0 sk=0 hf=98192 hm=97360 ht=283428 pf=0 pm=0 pt=0 ru=233356 rp=234188
17:56:01.179 @T t=116057 s=0.000 lv=-34.5 pk=-30.3 c0=3.3 c1=9.5 kw=9.33 inf=2.30 iv=1.10 n=4 d=0 sk=0 hf=98192 hm=97360 ht=283428 pf=0 pm=0 pt=0 ru=233356 rp=234188
17:56:01.179 @T t=116143 s=0.000 lv=-31.4 pk=-26.3 c0=3.9 c1=8.0 kw=7.78 inf=3.06 iv=1.15 n=2 d=0 sk=0 hf=98192 hm=97360 ht=283428 pf=0 pm=0 pt=0 ru=233356 rp=234188
17:56:01.179 @I ww=marvin cut=0.50 win=5 cool=1000 tick=100 wifi=0 srv=0 li=0 ln=0
17:56:01.179 @T t=116257 s=0.000 lv=-36.3 pk=-35.3 c0=4.3 c1=10.9 kw=10.06 inf=2.65 iv=1.19 n=4 d=0 sk=0 hf=98192 hm=97360 ht=283428 pf=0 pm=0 pt=0 ru=233356 rp=234188
17:56:01.179 @T t=116343 s=0.000 lv=-37.9 pk=-37.0 c0=4.8 c1=9.6 kw=9.36 inf=2.49 iv=1.19 n=3 d=0 sk=0 hf=98192 hm=97360 ht=283428 pf=0 pm=0 pt=0 ru=233356 rp=234188
17:56:01.179 @T t=116451 s=0.000 lv=-39.6 pk=-37.7 c0=3.1 c1=10.4 kw=10.16 inf=2.53 iv=1.11 n=4 d=0 sk=0 hf=98192 hm=97360 ht=283428 pf=0 pm=0 pt=0 ru=233356 rp=234188
17:56:01.179 @T t=116557 s=0.000 lv=-29.8 pk=-25.3 c0=3.2 c1=8.5 kw=8.28 inf=2.69 iv=1.10 n=3 d=0 sk=0 hf=98192 hm=97360 ht=283428 pf=0 pm=0 pt=0 ru=233356 rp=234188
17:56:01.179 @T t=116643 s=0.000 lv=-36.7 pk=-33.5 c0=4.0 c1=9.2 kw=8.98 inf=2.39 iv=1.11 n=3 d=0 sk=0 hf=98192 hm=97360 ht=283428 pf=0 pm=0 pt=0 ru=233356 rp=234188
17:56:03.676 @T t=116752 s=0.000 lv=-26.2 pk=-21.9 c0=5.2 c1=11.3 kw=10.88 inf=2.74 iv=1.26 n=4 d=0 sk=0 hf=98192 hm=97360 ht=283428 pf=0 pm=0 pt=0 ru=233356 rp=234188
17:56:03.676 @T t=116858 s=0.000 lv=-34.4 pk=-32.1 c0=4.3 c1=9.0 kw=8.78 inf=2.86 iv=1.25 n=3 d=0 sk=0 hf=98192 hm=97360 ht=283428 pf=0 pm=0 pt=0 ru=233356 rp=234188
17:56:03.676 @T t=116944 s=0.000 lv=-38.8 pk=-37.4 c0=5.1 c1=9.8 kw=9.55 inf=2.54 iv=1.24 n=3 d=0 sk=0 hf=98192 hm=97360 ht=283428 pf=0 pm=0 pt=0 ru=233356 rp=234188
17:56:03.676 @T t=117053 s=0.000 lv=-33.1 pk=-27.2 c0=4.0 c1=10.8 kw=10.54 inf=2.65 iv=1.18 n=4 d=0 sk=0 hf=98192 hm=97360 ht=283428 pf=0 pm=0 pt=0 ru=233356 rp=234188
17:56:03.676 @T t=117139 s=0.000 lv=-38.1 pk=-37.0 c0=4.1 c1=9.1 kw=8.96 inf=2.38 iv=1.12 n=3 d=0 sk=0 hf=98192 hm=97360 ht=283428 pf=0 pm=0 pt=0 ru=233356 rp=234188
17:56:03.676 @I ww=marvin cut=0.50 win=5 cool=1000 tick=100 wifi=0 srv=0 li=0 ln=0
17:56:03.676 @T t=117251 s=0.000 lv=-36.1 pk=-30.5 c0=6.1 c1=10.7 kw=10.50 inf=2.72 iv=1.28 n=4 d=0 sk=0 hf=98192 hm=97360 ht=283428 pf=0 pm=0 pt=0 ru=233356 rp=234188
17:56:03.676 @T t=117357 s=0.000 lv=-32.8 pk=-26.3 c0=4.5 c1=8.7 kw=8.46 inf=2.75 iv=1.15 n=3 d=0 sk=0 hf=98192 hm=97360 ht=283428 pf=0 pm=0 pt=0 ru=233356 rp=234188
17:56:03.676 @T t=117443 s=0.000 lv=-41.9 pk=-40.3 c0=5.1 c1=9.8 kw=9.55 inf=2.54 iv=1.24 n=3 d=0 sk=0 hf=98192 hm=97360 ht=283428 pf=0 pm=0 pt=0 ru=233356 rp=234188
17:56:03.676 @T t=117552 s=0.000 lv=-39.3 pk=-37.3 c0=9.6 c1=10.6 kw=10.40 inf=2.61 iv=1.17 n=4 d=0 sk=0 hf=98192 hm=97360 ht=283428 pf=0 pm=0 pt=0 ru=233356 rp=234188
17:56:03.676 @T t=117658 s=0.000 lv=-31.6 pk=-27.0 c0=4.2 c1=9.1 kw=8.85 inf=2.89 iv=1.26 n=3 d=0 sk=0 hf=98192 hm=97360 ht=283428 pf=0 pm=0 pt=0 ru=233356 rp=234188
17:56:03.676 @T t=117744 s=0.000 lv=-37.8 pk=-35.6 c0=4.2 c1=9.3 kw=9.10 inf=2.42 iv=1.14 n=3 d=0 sk=0 hf=98192 hm=97360 ht=283428 pf=0 pm=0 pt=0 ru=233356 rp=234188
17:56:03.676 @T t=117850 s=0.000 lv=-34.1 pk=-30.6 c0=4.1 c1=10.8 kw=10.51 inf=2.57 iv=1.10 n=4 d=0 sk=0 hf=98192 hm=97360 ht=283428 pf=0 pm=0 pt=0 ru=233356 rp=234188
17:56:03.676 @T t=117956 s=0.000 lv=-27.0 pk=-22.7 c0=4.4 c1=8.8 kw=8.60 inf=2.80 iv=1.16 n=3 d=0 sk=0 hf=98192 hm=97360 ht=283428 pf=0 pm=0 pt=0 ru=233356 rp=234188
17:56:03.676 @T t=118042 s=0.000 lv=-33.6 pk=-33.3 c0=4.8 c1=9.6 kw=9.43 inf=2.51 iv=1.21 n=3 d=0 sk=0 hf=98192 hm=97360 ht=283428 pf=0 pm=0 pt=0 ru=233356 rp=234188
17:56:03.676 @T t=118148 s=0.000 lv=-35.4 pk=-33.9 c0=3.3 c1=10.4 kw=10.18 inf=2.49 iv=1.08 n=4 d=0 sk=0 hf=98192 hm=97360 ht=283428 pf=0 pm=0 pt=0 ru=233356 rp=234188
17:56:03.676 @I ww=marvin cut=0.50 win=5 cool=1000 tick=100 wifi=0 srv=0 li=0 ln=0
17:56:03.676 @T t=118240 s=0.000 lv=-38.5 pk=-37.9 c0=5.3 c1=8.6 kw=7.52 inf=3.17 iv=1.23 n=2 d=0 sk=0 hf=98192 hm=97360 ht=283428 pf=0 pm=0 pt=0 ru=233356 rp=234188
17:56:03.676 @T t=118346 s=0.000 lv=-38.8 pk=-37.0 c0=3.4 c1=10.5 kw=10.27 inf=2.51 iv=1.10 n=4 d=0 sk=0 hf=98192 hm=97360 ht=283428 pf=0 pm=0 pt=0 ru=233356 rp=234188
17:56:03.676 @T t=118452 s=0.000 lv=-34.3 pk=-29.7 c0=3.7 c1=9.7 kw=9.50 inf=2.34 iv=1.14 n=4 d=0 sk=0 hf=98192 hm=97360 ht=283428 pf=0 pm=0 pt=0 ru=233356 rp=234188
17:56:03.676 @T t=118558 s=0.000 lv=-31.9 pk=-26.9 c0=3.3 c1=8.4 kw=8.28 inf=2.69 iv=1.11 n=3 d=0 sk=0 hf=98192 hm=97360 ht=283428 pf=0 pm=0 pt=0 ru=233356 rp=234188
17:56:03.676 @T t=118644 s=0.000 lv=-33.7 pk=-31.5 c0=4.0 c1=9.4 kw=9.22 inf=2.45 iv=1.17 n=3 d=0 sk=0 hf=98192 hm=97360 ht=283428 pf=0 pm=0 pt=0 ru=233356 rp=234188
17:56:03.676 @T t=118750 s=0.000 lv=-36.2 pk=-34.0 c0=3.9 c1=10.9 kw=10.66 inf=2.60 iv=1.14 n=4 d=0 sk=0 hf=98192 hm=97360 ht=283428 pf=0 pm=0 pt=0 ru=233356 rp=234188
17:56:03.676 @T t=118856 s=0.000 lv=-35.8 pk=-34.7 c0=3.4 c1=8.4 kw=8.26 inf=2.69 iv=1.12 n=3 d=0 sk=0 hf=98192 hm=97360 ht=283428 pf=0 pm=0 pt=0 ru=233356 rp=234188
17:56:03.676 @T t=118942 s=0.000 lv=-32.4 pk=-28.5 c0=4.0 c1=9.2 kw=8.98 inf=2.38 iv=1.12 n=3 d=0 sk=0 hf=98192 hm=97360 ht=283428 pf=0 pm=0 pt=0 ru=233356 rp=234188
17:56:03.676 @T t=119048 s=0.000 lv=-34.4 pk=-32.7 c0=3.3 c1=10.4 kw=10.15 inf=2.48 iv=1.07 n=4 d=0 sk=0 hf=98192 hm=97360 ht=283428 pf=0 pm=0 pt=0 ru=233356 rp=234188
17:56:03.676 @T t=119154 s=0.000 lv=-27.6 pk=-23.2 c0=5.0 c1=8.9 kw=8.55 inf=2.78 iv=1.15 n=3 d=0 sk=0 hf=98192 hm=97360 ht=283428 pf=0 pm=0 pt=0 ru=233356 rp=234188
17:56:03.676 @I ww=marvin cut=0.50 win=5 cool=1000 tick=100 wifi=0 srv=0 li=0 ln=0
17:56:06.060 @T t=119249 s=0.000 lv=-35.4 pk=-34.0 c0=6.6 c1=11.2 kw=10.08 inf=2.95 iv=1.29 n=3 d=0 sk=0 hf=98192 hm=97360 ht=283428 pf=0 pm=0 pt=0 ru=233356 rp=234188
17:56:06.061 @T t=119355 s=0.000 lv=-38.0 pk=-36.7 c0=4.2 c1=9.9 kw=9.65 inf=2.38 iv=1.17 n=4 d=0 sk=0 hf=98192 hm=97360 ht=283428 pf=0 pm=0 pt=0 ru=233356 rp=234188
17:56:06.061 @T t=119441 s=0.000 lv=-31.3 pk=-27.7 c0=4.1 c1=8.0 kw=7.84 inf=3.09 iv=1.16 n=2 d=0 sk=0 hf=98192 hm=97360 ht=283428 pf=0 pm=0 pt=0 ru=233356 rp=234188
17:56:06.061 @T t=119550 s=0.000 lv=-37.9 pk=-36.6 c0=8.6 c1=10.7 kw=10.48 inf=2.64 iv=1.19 n=4 d=0 sk=0 hf=98192 hm=97360 ht=283428 pf=0 pm=0 pt=0 ru=233356 rp=234188
17:56:06.061 @T t=119656 s=0.000 lv=-33.6 pk=-28.8 c0=4.2 c1=9.7 kw=9.50 inf=2.34 iv=1.14 n=4 d=0 sk=0 hf=98192 hm=97360 ht=283428 pf=0 pm=0 pt=0 ru=233356 rp=234188
17:56:06.061 @T t=119742 s=0.000 lv=-31.4 pk=-26.1 c0=5.4 c1=8.5 kw=8.29 inf=3.27 iv=1.29 n=2 d=0 sk=0 hf=98192 hm=97360 ht=283428 pf=0 pm=0 pt=0 ru=233356 rp=234188
17:56:06.061 @T t=119848 s=0.000 lv=-38.5 pk=-36.8 c0=4.4 c1=11.3 kw=11.04 inf=2.71 iv=1.25 n=4 d=0 sk=0 hf=98192 hm=97360 ht=283428 pf=0 pm=0 pt=0 ru=233356 rp=234188
17:56:06.061 @T t=119954 s=0.000 lv=-37.6 pk=-35.6 c0=4.4 c1=10.1 kw=9.87 inf=2.44 iv=1.23 n=4 d=0 sk=0 hf=98192 hm=97360 ht=283428 pf=0 pm=0 pt=0 ru=233356 rp=234188
17:56:06.061 @T t=120040 s=0.000 lv=-30.2 pk=-27.2 c0=4.1 c1=8.3 kw=8.09 inf=3.19 iv=1.24 n=2 d=0 sk=0 hf=98192 hm=97360 ht=283428 pf=0 pm=0 pt=0 ru=233356 rp=234188
17:56:06.061 @T t=120147 s=0.000 lv=-34.3 pk=-32.5 c0=7.5 c1=11.3 kw=10.99 inf=2.72 iv=1.24 n=4 d=0 sk=0 hf=98192 hm=97360 ht=283428 pf=0 pm=0 pt=0 ru=233356 rp=234188
17:56:06.061 @I ww=marvin cut=0.50 win=5 cool=1000 tick=100 wifi=0 srv=0 li=0 ln=0
17:56:06.061 @T t=120239 s=0.000 lv=-38.9 pk=-36.2 c0=15.3 c1=10.6 kw=9.39 inf=2.69 iv=1.36 n=3 d=0 sk=0 hf=98192 hm=97256 ht=283428 pf=0 pm=0 pt=0 ru=233356 rp=234292
17:56:06.061 @T t=120345 s=0.000 lv=-27.0 pk=-22.2 c0=4.2 c1=9.6 kw=9.21 inf=2.97 iv=1.31 n=3 d=0 sk=0 hf=98192 hm=97256 ht=283428 pf=0 pm=0 pt=0 ru=233356 rp=234292
17:56:06.061 @T t=120451 s=0.000 lv=-35.6 pk=-33.8 c0=3.9 c1=10.8 kw=10.83 inf=2.69 iv=1.25 n=4 d=0 sk=0 hf=98192 hm=97256 ht=283428 pf=0 pm=0 pt=0 ru=233356 rp=234292
17:56:06.061 @T t=120557 s=0.000 lv=-37.8 pk=-35.3 c0=6.0 c1=9.4 kw=9.20 inf=2.26 iv=1.08 n=4 d=0 sk=0 hf=98192 hm=97256 ht=283428 pf=0 pm=0 pt=0 ru=233356 rp=234292
17:56:06.061 @T t=120643 s=0.000 lv=-29.1 pk=-24.6 c0=4.0 c1=8.0 kw=7.78 inf=3.06 iv=1.15 n=2 d=0 sk=0 hf=98192 hm=97256 ht=283428 pf=0 pm=0 pt=0 ru=233356 rp=234292
17:56:06.061 @T t=120752 s=0.000 lv=-40.2 pk=-39.0 c0=3.0 c1=10.2 kw=9.97 inf=2.50 iv=1.09 n=4 d=0 sk=0 hf=98192 hm=97256 ht=283428 pf=0 pm=0 pt=0 ru=233356 rp=234292
17:56:06.061 @T t=120858 s=0.000 lv=-35.7 pk=-30.2 c0=3.8 c1=9.6 kw=9.41 inf=2.31 iv=1.12 n=4 d=0 sk=0 hf=98192 hm=97256 ht=283428 pf=0 pm=0 pt=0 ru=233356 rp=234292
17:56:06.061 @T t=120944 s=0.000 lv=-32.3 pk=-26.8 c0=7.3 c1=7.9 kw=7.77 inf=3.06 iv=1.16 n=2 d=0 sk=0 hf=98192 hm=97256 ht=283428 pf=0 pm=0 pt=0 ru=233356 rp=234292
17:56:06.061 @T t=121053 s=0.000 lv=-40.6 pk=-39.3 c0=8.7 c1=10.4 kw=10.15 inf=2.55 iv=1.11 n=4 d=0 sk=0 hf=98192 hm=97256 ht=283428 pf=0 pm=0 pt=0 ru=233356 rp=234292
17:56:06.061 @T t=121139 s=0.000 lv=-41.3 pk=-39.3 c0=4.7 c1=9.5 kw=9.24 inf=2.46 iv=1.17 n=3 d=0 sk=0 hf=98192 hm=97256 ht=283428 pf=0 pm=0 pt=0 ru=233356 rp=234292
17:56:06.061 @I ww=marvin cut=0.50 win=5 cool=1000 tick=100 wifi=0 srv=0 li=0 ln=0
17:56:06.061 [status] up 121s | mic -26.6 dBFS (peak -13.7) | score max 0.01 | detections 0 | inferences 333 (33.4/s; model 1.19 ms each, paused in quiet 0%; features 1.45 ms per 30 ms) | CPU core0  4.9% core1  9.8% (wake word pipeline 9.53% of one core) | RAM used 227 KB (peak 228 KB, 95 KB free) | wifi --, server -- | audio lost since boot: i2s 0 net 0
17:56:06.061 @T t=121253 s=0.000 lv=-41.2 pk=-39.1 c0=24.2 c1=11.3 kw=10.40 inf=2.74 iv=1.27 n=4 d=0 sk=0 hf=98192 hm=97256 ht=283428 pf=0 pm=0 pt=0 ru=233356 rp=234292
17:56:06.061 @T t=121339 s=0.000 lv=-32.3 pk=-28.7 c0=8.0 c1=9.2 kw=8.98 inf=2.38 iv=1.10 n=3 d=0 sk=0 hf=98192 hm=97256 ht=283428 pf=0 pm=0 pt=0 ru=233356 rp=234292
17:56:06.061 @T t=121445 s=0.000 lv=-37.2 pk=-34.4 c0=3.2 c1=8.8 kw=8.39 inf=2.68 iv=1.10 n=3 d=0 sk=0 hf=98192 hm=97256 ht=283428 pf=0 pm=0 pt=0 ru=233356 rp=234292
17:56:06.061 @T t=121553 s=0.000 lv=-26.7 pk=-22.3 c0=5.2 c1=11.1 kw=10.98 inf=2.78 iv=1.31 n=4 d=0 sk=0 hf=98192 hm=97256 ht=283428 pf=0 pm=0 pt=0 ru=233356 rp=234292
17:56:08.475 @T t=121639 s=0.000 lv=-36.9 pk=-34.2 c0=5.1 c1=9.8 kw=9.61 inf=2.56 iv=1.25 n=3 d=0 sk=0 hf=98192 hm=97256 ht=283428 pf=0 pm=0 pt=0 ru=233356 rp=234292
17:56:08.475 @T t=121745 s=0.000 lv=-41.6 pk=-38.8 c0=4.2 c1=8.8 kw=8.41 inf=2.69 iv=1.11 n=3 d=0 sk=0 hf=98192 hm=97256 ht=283428 pf=0 pm=0 pt=0 ru=233356 rp=234292
17:56:08.475 @T t=121854 s=0.000 lv=-41.2 pk=-39.7 c0=4.1 c1=10.6 kw=10.57 inf=2.71 iv=1.28 n=4 d=0 sk=0 hf=98192 hm=97256 ht=283428 pf=0 pm=0 pt=0 ru=233356 rp=234292
17:56:08.475 @T t=121941 s=0.000 lv=-40.5 pk=-39.4 c0=8.1 c1=9.2 kw=9.01 inf=2.42 iv=1.15 n=3 d=0 sk=0 hf=98192 hm=97256 ht=283428 pf=0 pm=0 pt=0 ru=233356 rp=234292
17:56:08.475 @T t=122047 s=0.000 lv=-41.8 pk=-40.8 c0=4.1 c1=10.8 kw=10.57 inf=2.59 iv=1.15 n=4 d=0 sk=0 hf=98192 hm=97256 ht=283428 pf=0 pm=0 pt=0 ru=233356 rp=234292
17:56:08.475 @T t=122153 s=0.000 lv=-39.5 pk=-39.1 c0=4.2 c1=8.9 kw=8.74 inf=2.85 iv=1.23 n=3 d=0 sk=0 hf=98192 hm=97256 ht=283428 pf=0 pm=0 pt=0 ru=233356 rp=234292
17:56:08.475 @I ww=marvin cut=0.50 win=5 cool=1000 tick=100 wifi=0 srv=0 li=0 ln=0
17:56:08.475 @T t=122244 s=0.000 lv=-40.1 pk=-39.4 c0=6.7 c1=10.8 kw=9.68 inf=2.73 iv=1.39 n=3 d=0 sk=0 hf=98192 hm=97256 ht=283428 pf=0 pm=0 pt=0 ru=233356 rp=234292
17:56:08.475 @T t=122353 s=0.000 lv=-40.5 pk=-39.5 c0=4.0 c1=10.7 kw=10.47 inf=2.63 iv=1.17 n=4 d=0 sk=0 hf=98192 hm=97256 ht=283428 pf=0 pm=0 pt=0 ru=233356 rp=234292
17:56:08.475 @T t=122439 s=0.000 lv=-39.6 pk=-39.4 c0=4.1 c1=8.0 kw=7.88 inf=3.11 iv=1.19 n=2 d=0 sk=0 hf=98192 hm=97256 ht=283428 pf=0 pm=0 pt=0 ru=233356 rp=234292
17:56:08.475 @T t=122545 s=0.000 lv=-30.0 pk=-25.8 c0=4.2 c1=10.3 kw=9.89 inf=2.41 iv=1.18 n=4 d=0 sk=0 hf=98192 hm=97256 ht=283428 pf=0 pm=0 pt=0 ru=233356 rp=234292
17:56:08.475 @T t=122651 s=0.000 lv=-31.7 pk=-29.0 c0=4.2 c1=11.1 kw=10.60 inf=2.63 iv=1.17 n=4 d=0 sk=0 hf=98192 hm=97256 ht=283428 pf=0 pm=0 pt=0 ru=233356 rp=234292
17:56:08.475 @T t=122757 s=0.000 lv=-39.0 pk=-37.4 c0=4.3 c1=9.0 kw=8.82 inf=2.88 iv=1.26 n=3 d=0 sk=0 hf=98192 hm=97256 ht=283428 pf=0 pm=0 pt=0 ru=233356 rp=234292
17:56:08.475 @T t=122843 s=0.000 lv=-31.4 pk=-28.1 c0=4.8 c1=9.7 kw=9.48 inf=2.52 iv=1.22 n=3 d=0 sk=0 hf=98192 hm=97256 ht=283428 pf=0 pm=0 pt=0 ru=233356 rp=234292
17:56:08.475 @T t=122951 s=0.000 lv=-28.6 pk=-26.7 c0=3.2 c1=10.3 kw=10.12 inf=2.52 iv=1.08 n=4 d=0 sk=0 hf=98192 hm=97256 ht=283428 pf=0 pm=0 pt=0 ru=233356 rp=234292
17:56:08.475 @T t=123057 s=0.000 lv=-32.1 pk=-25.6 c0=3.3 c1=8.4 kw=8.20 inf=2.66 iv=1.10 n=3 d=0 sk=0 hf=98192 hm=97256 ht=283428 pf=0 pm=0 pt=0 ru=233356 rp=234292
17:56:08.475 @T t=123143 s=0.000 lv=-26.3 pk=-25.6 c0=4.0 c1=9.2 kw=8.99 inf=2.39 iv=1.11 n=3 d=0 sk=0 hf=98192 hm=97256 ht=283428 pf=0 pm=0 pt=0 ru=233356 rp=234292
17:56:08.475 @I ww=marvin cut=0.50 win=5 cool=1000 tick=100 wifi=0 srv=0 li=0 ln=0
17:56:08.475 @T t=123257 s=0.000 lv=-31.9 pk=-26.7 c0=4.5 c1=11.2 kw=10.24 inf=2.70 iv=1.25 n=4 d=0 sk=0 hf=98192 hm=97256 ht=283428 pf=0 pm=0 pt=0 ru=233356 rp=234292
17:56:08.475 @T t=123343 s=0.000 lv=-38.9 pk=-35.7 c0=4.1 c1=8.0 kw=7.82 inf=3.08 iv=1.17 n=2 d=0 sk=0 hf=98192 hm=97256 ht=283428 pf=0 pm=0 pt=0 ru=233356 rp=234292
17:56:08.475 @T t=123451 s=0.000 lv=-34.7 pk=-32.8 c0=3.1 c1=10.6 kw=10.39 inf=2.59 iv=1.13 n=4 d=0 sk=0 hf=98212 hm=97256 ht=283428 pf=0 pm=0 pt=0 ru=233336 rp=234292
17:56:08.475 @T t=123557 s=0.000 lv=-32.9 pk=-29.7 c0=7.1 c1=10.1 kw=9.85 inf=2.43 iv=1.21 n=4 d=0 sk=0 hf=98212 hm=97256 ht=283428 pf=0 pm=0 pt=0 ru=233336 rp=234292
17:56:08.475 @T t=123643 s=0.000 lv=-34.3 pk=-31.9 c0=4.1 c1=8.2 kw=8.00 inf=3.16 iv=1.24 n=2 d=0 sk=0 hf=98212 hm=97256 ht=283428 pf=0 pm=0 pt=0 ru=233336 rp=234292
17:56:08.475 @T t=123749 s=0.000 lv=-26.9 pk=-24.7 c0=3.3 c1=10.8 kw=10.55 inf=2.58 iv=1.14 n=4 d=0 sk=0 hf=98212 hm=97256 ht=283428 pf=0 pm=0 pt=0 ru=233336 rp=234292
17:56:08.475 @T t=123855 s=0.000 lv=-30.3 pk=-28.4 c0=3.4 c1=9.5 kw=9.27 inf=2.28 iv=1.09 n=4 d=0 sk=0 hf=98204 hm=97256 ht=283428 pf=0 pm=0 pt=0 ru=233344 rp=234292
17:56:08.475 W (124280) wifi: cannot connect (reason 201). Check the name/password in menuconfig; the ESP32 needs a 2.4 GHz network (201 = network not found, 15/204 = wrong password)
17:56:08.475 @T t=123941 s=0.000 lv=-32.3 pk=-29.5 c0=9.2 c1=9.5 kw=9.06 inf=3.60 iv=1.52 n=2 d=0 sk=0 hf=98184 hm=97256 ht=283428 pf=0 pm=0 pt=0 ru=233364 rp=234292
17:56:10.967 @T t=124048 s=0.002 lv=-30.7 pk=-27.6 c0=4.9 c1=11.4 kw=11.12 inf=2.76 iv=1.30 n=4 d=0 sk=0 hf=98184 hm=97256 ht=283428 pf=0 pm=0 pt=0 ru=233364 rp=234292
17:56:10.967 @T t=124154 s=0.002 lv=-34.1 pk=-31.9 c0=4.2 c1=9.8 kw=9.58 inf=2.36 iv=1.17 n=4 d=0 sk=0 hf=98184 hm=97256 ht=283428 pf=0 pm=0 pt=0 ru=233364 rp=234292
17:56:10.967 @I ww=marvin cut=0.50 win=5 cool=1000 tick=100 wifi=0 srv=0 li=0 ln=0
17:56:10.967 @T t=124245 s=0.002 lv=-35.9 pk=-33.2 c0=5.4 c1=9.3 kw=8.01 inf=3.28 iv=1.31 n=2 d=0 sk=0 hf=98184 hm=97256 ht=283428 pf=0 pm=0 pt=0 ru=233364 rp=234292
17:56:10.967 @T t=124351 s=0.001 lv=-28.4 pk=-25.9 c0=4.3 c1=11.3 kw=11.26 inf=2.80 iv=1.35 n=4 d=0 sk=0 hf=98184 hm=97256 ht=283428 pf=0 pm=0 pt=0 ru=233364 rp=234292
17:56:10.967 @T t=124440 s=0.000 lv=-38.1 pk=-36.3 c0=4.8 c1=9.7 kw=9.49 inf=2.62 iv=1.30 n=3 d=0 sk=0 hf=98184 hm=97256 ht=283428 pf=0 pm=0 pt=0 ru=233364 rp=234292
17:56:10.967 @T t=124546 s=0.000 lv=-39.1 pk=-37.7 c0=4.5 c1=10.2 kw=8.77 inf=2.81 iv=1.19 n=3 d=0 sk=0 hf=98184 hm=97256 ht=283428 pf=0 pm=0 pt=0 ru=233364 rp=234292
17:56:10.967 @T t=124652 s=0.000 lv=-29.4 pk=-26.2 c0=4.8 c1=10.5 kw=11.42 inf=2.84 iv=1.28 n=4 d=0 sk=0 hf=98184 hm=97256 ht=283428 pf=0 pm=0 pt=0 ru=233364 rp=234292
17:56:10.967 @T t=124758 s=0.000 lv=-31.4 pk=-28.8 c0=4.1 c1=9.8 kw=9.58 inf=2.36 iv=1.16 n=4 d=0 sk=0 hf=98184 hm=97256 ht=283428 pf=0 pm=0 pt=0 ru=233364 rp=234292
17:56:10.967 @T t=124844 s=0.000 lv=-32.1 pk=-28.9 c0=4.1 c1=8.1 kw=7.94 inf=3.13 iv=1.22 n=2 d=0 sk=0 hf=98184 hm=97256 ht=283428 pf=0 pm=0 pt=0 ru=233364 rp=234292
17:56:10.967 @T t=124950 s=0.000 lv=-32.5 pk=-29.7 c0=4.4 c1=11.1 kw=10.86 inf=2.66 iv=1.19 n=4 d=0 sk=0 hf=98184 hm=97256 ht=283428 pf=0 pm=0 pt=0 ru=233364 rp=234292
17:56:10.967 @T t=125056 s=0.000 lv=-30.8 pk=-25.9 c0=4.2 c1=9.9 kw=9.65 inf=2.37 iv=1.17 n=4 d=0 sk=0 hf=98184 hm=97256 ht=283428 pf=0 pm=0 pt=0 ru=233364 rp=234292
17:56:10.967 @T t=125142 s=0.000 lv=-30.4 pk=-25.3 c0=5.1 c1=8.1 kw=7.93 inf=3.12 iv=1.17 n=2 d=0 sk=0 hf=98184 hm=97256 ht=283428 pf=0 pm=0 pt=0 ru=233364 rp=234292
17:56:10.967 @I ww=marvin cut=0.50 win=5 cool=1000 tick=100 wifi=0 srv=0 li=0 ln=0
17:56:10.967 @T t=125253 s=0.000 lv=-30.1 pk=-27.6 c0=5.8 c1=11.0 kw=10.65 inf=2.74 iv=1.27 n=4 d=0 sk=0 hf=98184 hm=97256 ht=283428 pf=0 pm=0 pt=0 ru=233364 rp=234292
17:56:10.967 @T t=125339 s=0.000 lv=-37.4 pk=-36.2 c0=4.1 c1=9.2 kw=9.07 inf=2.41 iv=1.14 n=3 d=0 sk=0 hf=98184 hm=97256 ht=283428 pf=0 pm=0 pt=0 ru=233364 rp=234292
17:56:10.967 @T t=125445 s=0.000 lv=-33.4 pk=-29.7 c0=3.3 c1=9.0 kw=8.62 inf=2.77 iv=1.18 n=3 d=0 sk=0 hf=98184 hm=97256 ht=283428 pf=0 pm=0 pt=0 ru=233364 rp=234292
17:56:10.967 @T t=125551 s=0.000 lv=-27.2 pk=-22.8 c0=3.3 c1=10.7 kw=10.65 inf=2.65 iv=1.22 n=4 d=0 sk=0 hf=98184 hm=97256 ht=283428 pf=0 pm=0 pt=0 ru=233364 rp=234292
17:56:10.967 @T t=125657 s=0.000 lv=-31.6 pk=-28.3 c0=7.0 c1=9.9 kw=9.63 inf=2.37 iv=1.16 n=4 d=0 sk=0 hf=98184 hm=97256 ht=283428 pf=0 pm=0 pt=0 ru=233364 rp=234292
17:56:10.967 @T t=125743 s=0.000 lv=-30.0 pk=-28.8 c0=4.1 c1=8.3 kw=8.14 inf=3.22 iv=1.26 n=2 d=0 sk=0 hf=98184 hm=97256 ht=283428 pf=0 pm=0 pt=0 ru=233364 rp=234292
17:56:10.967 @T t=125849 s=0.000 lv=-26.6 pk=-24.7 c0=3.3 c1=10.8 kw=10.56 inf=2.58 iv=1.14 n=4 d=0 sk=0 hf=98184 hm=97256 ht=283428 pf=0 pm=0 pt=0 ru=233364 rp=234292
17:56:10.967 @T t=125955 s=0.000 lv=-29.8 pk=-25.9 c0=4.0 c1=9.7 kw=9.49 inf=2.34 iv=1.14 n=4 d=0 sk=0 hf=98184 hm=97256 ht=283428 pf=0 pm=0 pt=0 ru=233364 rp=234292
17:56:10.967 @T t=126041 s=0.000 lv=-33.2 pk=-31.2 c0=4.1 c1=8.1 kw=7.93 inf=3.12 iv=1.21 n=2 d=0 sk=0 hf=98184 hm=97256 ht=283428 pf=0 pm=0 pt=0 ru=233364 rp=234292
17:56:10.967 @T t=126147 s=0.000 lv=-28.4 pk=-25.5 c0=6.6 c1=10.6 kw=10.33 inf=2.53 iv=1.09 n=4 d=0 sk=0 hf=98144 hm=97256 ht=283428 pf=0 pm=0 pt=0 ru=233404 rp=234292
17:56:10.967 @I ww=marvin cut=0.50 win=5 cool=1000 tick=100 wifi=0 srv=0 li=0 ln=0
17:56:10.967 @T t=126239 s=0.000 lv=-33.7 pk=-32.4 c0=5.3 c1=10.1 kw=9.07 inf=2.59 iv=1.29 n=3 d=0 sk=0 hf=98144 hm=97256 ht=283428 pf=0 pm=0 pt=0 ru=233404 rp=234292
17:56:10.967 @T t=126345 s=0.000 lv=-31.6 pk=-29.6 c0=5.7 c1=9.4 kw=8.81 inf=2.83 iv=1.19 n=3 d=0 sk=0 hf=98144 hm=97256 ht=283428 pf=0 pm=0 pt=0 ru=233404 rp=234292
17:56:10.967 @T t=126454 s=0.000 lv=-27.1 pk=-23.5 c0=4.5 c1=11.1 kw=11.09 inf=2.84 iv=1.39 n=4 d=0 sk=0 hf=98144 hm=97256 ht=283428 pf=0 pm=0 pt=0 ru=233404 rp=234292
17:56:13.566 @T t=126540 s=0.000 lv=-30.3 pk=-27.1 c0=4.1 c1=9.5 kw=9.32 inf=2.48 iv=1.20 n=3 d=0 sk=0 hf=98144 hm=97256 ht=283428 pf=0 pm=0 pt=0 ru=233404 rp=234292
17:56:13.566 @T t=126646 s=0.000 lv=-31.6 pk=-30.6 c0=7.5 c1=10.4 kw=9.02 inf=2.18 iv=0.97 n=4 d=0 sk=0 hf=98144 hm=97256 ht=283428 pf=0 pm=0 pt=0 ru=233404 rp=234292
17:56:13.566 @T t=126755 s=0.000 lv=-30.3 pk=-28.7 c0=3.9 c1=9.8 kw=10.29 inf=3.50 iv=1.56 n=3 d=0 sk=0 hf=98144 hm=97256 ht=283428 pf=0 pm=0 pt=0 ru=233404 rp=234292
17:56:13.566 @T t=126841 s=0.000 lv=-30.3 pk=-25.9 c0=5.1 c1=9.8 kw=9.54 inf=2.54 iv=1.24 n=3 d=0 sk=0 hf=98144 hm=97256 ht=283428 pf=0 pm=0 pt=0 ru=233404 rp=234292
17:56:13.566 @T t=126947 s=0.000 lv=-28.4 pk=-25.9 c0=4.3 c1=11.0 kw=10.84 inf=2.66 iv=1.20 n=4 d=0 sk=0 hf=98144 hm=97256 ht=283428 pf=0 pm=0 pt=0 ru=233404 rp=234292
17:56:13.566 @T t=127053 s=0.000 lv=-29.0 pk=-25.8 c0=4.6 c1=8.8 kw=8.51 inf=2.76 iv=1.15 n=3 d=0 sk=0 hf=98144 hm=97256 ht=283428 pf=0 pm=0 pt=0 ru=233404 rp=234292
17:56:13.566 @T t=127139 s=0.000 lv=-31.7 pk=-26.5 c0=4.0 c1=9.3 kw=9.10 inf=2.42 iv=1.15 n=3 d=0 sk=0 hf=98144 hm=97256 ht=283428 pf=0 pm=0 pt=0 ru=233404 rp=234292
17:56:13.566 @I ww=marvin cut=0.50 win=5 cool=1000 tick=100 wifi=0 srv=0 li=0 ln=0
17:56:13.566 @T t=127251 s=0.000 lv=-29.2 pk=-26.0 c0=5.2 c1=11.3 kw=10.30 inf=2.67 iv=1.21 n=4 d=0 sk=0 hf=98144 hm=97256 ht=283428 pf=0 pm=0 pt=0 ru=233404 rp=234292
17:56:13.566 @T t=127357 s=0.000 lv=-35.7 pk=-33.5 c0=4.3 c1=9.0 kw=8.79 inf=2.87 iv=1.25 n=3 d=0 sk=0 hf=98144 hm=97256 ht=283428 pf=0 pm=0 pt=0 ru=233404 rp=234292
17:56:13.566 @T t=127443 s=0.000 lv=-33.7 pk=-30.7 c0=5.1 c1=9.8 kw=9.57 inf=2.55 iv=1.24 n=3 d=0 sk=0 hf=98144 hm=97256 ht=283428 pf=0 pm=0 pt=0 ru=233404 rp=234292
17:56:13.567 @T t=127551 s=0.000 lv=-27.5 pk=-25.3 c0=4.0 c1=11.0 kw=10.76 inf=2.69 iv=1.21 n=4 d=0 sk=0 hf=98144 hm=97256 ht=283428 pf=0 pm=0 pt=0 ru=233404 rp=234292
17:56:13.567 @T t=127640 s=0.000 lv=-32.7 pk=-29.9 c0=4.0 c1=9.0 kw=8.82 inf=2.43 iv=1.14 n=3 d=0 sk=0 hf=98144 hm=97256 ht=283428 pf=0 pm=0 pt=0 ru=233404 rp=234292
17:56:13.567 @T t=127746 s=0.000 lv=-31.1 pk=-28.0 c0=6.4 c1=10.1 kw=8.71 inf=2.80 iv=1.20 n=3 d=0 sk=0 hf=98144 hm=97256 ht=283428 pf=0 pm=0 pt=0 ru=233404 rp=234292
17:56:13.567 @T t=127852 s=0.000 lv=-30.0 pk=-27.1 c0=3.3 c1=9.6 kw=10.14 inf=2.51 iv=1.10 n=4 d=0 sk=0 hf=98144 hm=97256 ht=283428 pf=0 pm=0 pt=0 ru=233404 rp=234292
17:56:13.567 @T t=127958 s=0.000 lv=-34.2 pk=-31.6 c0=3.4 c1=8.7 kw=8.49 inf=2.76 iv=1.17 n=3 d=0 sk=0 hf=98144 hm=97256 ht=283428 pf=0 pm=0 pt=0 ru=233404 rp=234292
17:56:13.567 @T t=128044 s=0.000 lv=-31.3 pk=-28.8 c0=8.6 c1=9.8 kw=9.58 inf=2.55 iv=1.23 n=3 d=0 sk=0 hf=98144 hm=97256 ht=283428 pf=0 pm=0 pt=0 ru=233404 rp=234292
17:56:13.567 @T t=128153 s=0.000 lv=-30.5 pk=-27.4 c0=8.8 c1=10.6 kw=10.41 inf=2.62 iv=1.16 n=4 d=0 sk=0 hf=98144 hm=97256 ht=283428 pf=0 pm=0 pt=0 ru=233404 rp=234292
17:56:13.567 @I ww=marvin cut=0.50 win=5 cool=1000 tick=100 wifi=0 srv=0 li=0 ln=0
17:56:13.567 @T t=128245 s=0.000 lv=-34.3 pk=-29.4 c0=14.2 c1=10.7 kw=9.36 inf=2.63 iv=1.32 n=3 d=0 sk=0 hf=98144 hm=97256 ht=283428 pf=0 pm=0 pt=0 ru=233404 rp=234292
17:56:13.567 @T t=128354 s=0.000 lv=-31.2 pk=-28.5 c0=3.2 c1=10.6 kw=10.13 inf=2.58 iv=1.15 n=4 d=0 sk=0 hf=98144 hm=97256 ht=283428 pf=0 pm=0 pt=0 ru=233404 rp=234292
17:56:13.567 @T t=128440 s=0.000 lv=-29.4 pk=-26.5 c0=8.6 c1=8.4 kw=8.16 inf=3.23 iv=1.28 n=2 d=0 sk=0 hf=98144 hm=97256 ht=283428 pf=0 pm=0 pt=0 ru=233404 rp=234292
17:56:13.567 @T t=128546 s=0.000 lv=-31.9 pk=-27.0 c0=3.4 c1=10.8 kw=10.54 inf=2.58 iv=1.14 n=4 d=0 sk=0 hf=98144 hm=97256 ht=283428 pf=0 pm=0 pt=0 ru=233404 rp=234292
17:56:13.567 @T t=128652 s=0.000 lv=-28.0 pk=-25.7 c0=6.5 c1=9.6 kw=9.44 inf=2.32 iv=1.13 n=4 d=0 sk=0 hf=98144 hm=97256 ht=283428 pf=0 pm=0 pt=0 ru=233404 rp=234292
17:56:13.567 @T t=128758 s=0.000 lv=-33.8 pk=-33.0 c0=8.2 c1=9.4 kw=9.08 inf=2.97 iv=1.32 n=3 d=0 sk=0 hf=98144 hm=97256 ht=283428 pf=0 pm=0 pt=0 ru=233404 rp=234292
17:56:13.567 @T t=128844 s=0.000 lv=-33.1 pk=-27.9 c0=5.6 c1=9.3 kw=9.61 inf=2.51 iv=1.22 n=3 d=0 sk=0 hf=98144 hm=97256 ht=283428 pf=0 pm=0 pt=0 ru=233404 rp=234292
17:56:13.567 @T t=128953 s=0.000 lv=-27.2 pk=-24.3 c0=3.4 c1=11.0 kw=10.34 inf=2.63 iv=1.16 n=4 d=0 sk=0 hf=98144 hm=97256 ht=283428 pf=0 pm=0 pt=0 ru=233404 rp=234292
17:56:13.567 @T t=129039 s=0.000 lv=-36.3 pk=-33.7 c0=5.2 c1=8.5 kw=8.27 inf=3.25 iv=1.27 n=2 d=0 sk=0 hf=98144 hm=97256 ht=283428 pf=0 pm=0 pt=0 ru=233404 rp=234292
17:56:15.683 @T t=129145 s=0.000 lv=-35.3 pk=-32.1 c0=4.2 c1=10.6 kw=10.15 inf=2.47 iv=1.24 n=4 d=0 sk=0 hf=98144 hm=97256 ht=283428 pf=0 pm=0 pt=0 ru=233404 rp=234292
17:56:15.683 @I ww=marvin cut=0.50 win=5 cool=1000 tick=100 wifi=0 srv=0 li=0 ln=0
17:56:15.683 @T t=129256 s=0.000 lv=-30.4 pk=-27.7 c0=5.2 c1=12.1 kw=10.86 inf=2.83 iv=1.34 n=4 d=0 sk=0 hf=98144 hm=97256 ht=283428 pf=0 pm=0 pt=0 ru=233404 rp=234292
17:56:15.683 @T t=129342 s=0.000 lv=-30.2 pk=-28.1 c0=5.6 c1=8.3 kw=8.06 inf=3.18 iv=1.24 n=2 d=0 sk=0 hf=98144 hm=97256 ht=283428 pf=0 pm=0 pt=0 ru=233404 rp=234292
17:56:15.683 @T t=129448 s=0.000 lv=-33.9 pk=-30.0 c0=4.3 c1=10.8 kw=10.47 inf=2.56 iv=1.13 n=4 d=0 sk=0 hf=98144 hm=97256 ht=283428 pf=0 pm=0 pt=0 ru=233404 rp=234292
17:56:15.683 @T t=129554 s=0.000 lv=-28.8 pk=-26.1 c0=3.4 c1=9.7 kw=9.58 inf=2.36 iv=1.16 n=4 d=0 sk=0 hf=98144 hm=97256 ht=283428 pf=0 pm=0 pt=0 ru=233404 rp=234292
17:56:15.683 @T t=129640 s=0.000 lv=-31.7 pk=-27.8 c0=9.0 c1=8.4 kw=8.18 inf=3.23 iv=1.26 n=2 d=0 sk=0 hf=98144 hm=97256 ht=283428 pf=0 pm=0 pt=0 ru=233404 rp=234292
17:56:15.683 @T t=129746 s=0.000 lv=-35.1 pk=-30.7 c0=4.3 c1=11.4 kw=11.12 inf=2.73 iv=1.26 n=4 d=0 sk=0 hf=98144 hm=97256 ht=283428 pf=0 pm=0 pt=0 ru=233404 rp=234292
17:56:15.683 @T t=129852 s=0.000 lv=-32.1 pk=-30.1 c0=4.2 c1=10.2 kw=9.93 inf=2.45 iv=1.23 n=4 d=0 sk=0 hf=98144 hm=97256 ht=283428 pf=0 pm=0 pt=0 ru=233404 rp=234292
17:56:15.683 @T t=129958 s=0.000 lv=-39.6 pk=-38.5 c0=4.3 c1=9.1 kw=8.93 inf=2.92 iv=1.29 n=3 d=0 sk=0 hf=98144 hm=97256 ht=283428 pf=0 pm=0 pt=0 ru=233404 rp=234292
17:56:15.683 @T t=130044 s=0.000 lv=-37.8 pk=-33.9 c0=4.3 c1=9.6 kw=9.39 inf=2.50 iv=1.22 n=3 d=0 sk=0 hf=98144 hm=97256 ht=283428 pf=0 pm=0 pt=0 ru=233404 rp=234292
17:56:15.683 @T t=130153 s=0.000 lv=-33.0 pk=-31.9 c0=8.8 c1=10.7 kw=10.45 inf=2.62 iv=1.16 n=4 d=0 sk=0 hf=98144 hm=97256 ht=283428 pf=0 pm=0 pt=0 ru=233404 rp=234292
17:56:15.683 @I ww=marvin cut=0.50 win=5 cool=1000 tick=100 wifi=0 srv=0 li=0 ln=0
17:56:15.683 @T t=130245 s=0.000 lv=-36.6 pk=-32.9 c0=5.4 c1=9.0 kw=7.71 inf=3.19 iv=1.24 n=2 d=0 sk=0 hf=98144 hm=97256 ht=283428 pf=0 pm=0 pt=0 ru=233404 rp=234292
17:56:15.683 @T t=130354 s=0.000 lv=-31.7 pk=-31.2 c0=3.2 c1=10.2 kw=10.19 inf=2.60 iv=1.17 n=4 d=0 sk=0 hf=98144 hm=97256 ht=283428 pf=0 pm=0 pt=0 ru=233404 rp=234292
17:56:15.683 @T t=130440 s=0.000 lv=-33.4 pk=-31.1 c0=4.6 c1=9.5 kw=9.29 inf=2.47 iv=1.17 n=3 d=0 sk=0 hf=98144 hm=97256 ht=283428 pf=0 pm=0 pt=0 ru=233404 rp=234292
17:56:15.683 @T t=130546 s=0.000 lv=-37.2 pk=-35.2 c0=3.3 c1=9.8 kw=8.46 inf=2.03 iv=0.85 n=4 d=0 sk=0 hf=98144 hm=97256 ht=283428 pf=0 pm=0 pt=0 ru=233404 rp=234292
17:56:15.683 @T t=130652 s=0.000 lv=-38.8 pk=-37.1 c0=3.2 c1=9.6 kw=10.04 inf=3.31 iv=1.43 n=3 d=0 sk=0 hf=98144 hm=97256 ht=283428 pf=0 pm=0 pt=0 ru=233404 rp=234292
17:56:15.683 @T t=130758 s=0.000 lv=-33.8 pk=-31.8 c0=3.3 c1=9.5 kw=9.31 inf=2.29 iv=1.09 n=4 d=0 sk=0 hf=98144 hm=97256 ht=283428 pf=0 pm=0 pt=0 ru=233404 rp=234292
17:56:15.683 @T t=130844 s=0.000 lv=-29.6 pk=-29.4 c0=8.5 c1=8.2 kw=7.96 inf=3.13 iv=1.20 n=2 d=0 sk=0 hf=98144 hm=97256 ht=283428 pf=0 pm=0 pt=0 ru=233404 rp=234292
17:56:15.683 @T t=130953 s=0.000 lv=-33.0 pk=-29.9 c0=3.3 c1=10.5 kw=10.26 inf=2.58 iv=1.13 n=4 d=0 sk=0 hf=98144 hm=97256 ht=283428 pf=0 pm=0 pt=0 ru=233404 rp=234292
17:56:15.683 @T t=131039 s=0.000 lv=-37.9 pk=-35.7 c0=4.0 c1=9.4 kw=9.21 inf=2.45 iv=1.17 n=3 d=0 sk=0 hf=98144 hm=97256 ht=283428 pf=0 pm=0 pt=0 ru=233404 rp=234292
17:56:15.683 @T t=131145 s=0.000 lv=-35.6 pk=-34.2 c0=8.8 c1=9.3 kw=8.68 inf=2.78 iv=1.18 n=3 d=0 sk=0 hf=98144 hm=97256 ht=283428 pf=0 pm=0 pt=0 ru=233404 rp=234292
17:56:15.683 @I ww=marvin cut=0.50 win=5 cool=1000 tick=100 wifi=0 srv=0 li=0 ln=0
17:56:15.683 [status] up 131s | mic -31.5 dBFS (peak -22.3) | score max 0.00 | detections 0 | inferences 333 (33.3/s; model 1.20 ms each, paused in quiet 0%; features 1.46 ms per 30 ms) | CPU core0  5.2% core1  9.8% (wake word pipeline 9.55% of one core) | RAM used 227 KB (peak 228 KB, 95 KB free) | wifi --, server -- | audio lost since boot: i2s 0 net 0
17:56:15.683 [stacks] unused bytes: main=1936 IDLE1=720 IDLE0=728 websocket_task=1460 audio_kws=1248 tiT=2452 streamer=2952 sys_evt=428 esp_timer=3136 wifi=4056 ipc0=528 Tmr Svc=1368 ipc1=536
17:56:18.260 @T t=131256 s=0.000 lv=-30.9 pk=-27.9 c0=13.0 c1=12.5 kw=11.73 inf=3.07 iv=1.55 n=4 d=0 sk=0 hf=98144 hm=97256 ht=283428 pf=0 pm=0 pt=0 ru=233404 rp=234292
17:56:18.260 @T t=131342 s=0.000 lv=-32.8 pk=-28.8 c0=4.1 c1=9.7 kw=9.47 inf=2.52 iv=1.22 n=3 d=0 sk=0 hf=98144 hm=97256 ht=283428 pf=0 pm=0 pt=0 ru=233404 rp=234292
17:56:18.260 @T t=131448 s=0.000 lv=-26.9 pk=-22.0 c0=7.4 c1=11.1 kw=10.87 inf=2.66 iv=1.19 n=4 d=0 sk=0 hf=98144 hm=97256 ht=283428 pf=0 pm=0 pt=0 ru=233404 rp=234292
17:56:18.260 @T t=131554 s=0.000 lv=-33.3 pk=-28.3 c0=4.2 c1=8.9 kw=8.74 inf=2.85 iv=1.23 n=3 d=0 sk=0 hf=98144 hm=97256 ht=283428 pf=0 pm=0 pt=0 ru=233404 rp=234292
17:56:18.260 @T t=131640 s=0.000 lv=-38.6 pk=-37.5 c0=5.1 c1=9.7 kw=9.51 inf=2.53 iv=1.23 n=3 d=0 sk=0 hf=98144 hm=97256 ht=283428 pf=0 pm=0 pt=0 ru=233404 rp=234292
17:56:18.260 @T t=131746 s=0.000 lv=-38.9 pk=-37.7 c0=4.2 c1=9.9 kw=8.53 inf=2.73 iv=1.14 n=3 d=0 sk=0 hf=98144 hm=97256 ht=283428 pf=0 pm=0 pt=0 ru=233404 rp=234292
17:56:18.260 @T t=131852 s=0.000 lv=-34.6 pk=-31.6 c0=3.6 c1=10.1 kw=11.00 inf=2.74 iv=1.20 n=4 d=0 sk=0 hf=98144 hm=97256 ht=283428 pf=0 pm=0 pt=0 ru=233404 rp=234292
17:56:18.260 @T t=131941 s=0.000 lv=-35.3 pk=-32.2 c0=4.9 c1=9.3 kw=9.10 inf=2.51 iv=1.21 n=3 d=0 sk=0 hf=98144 hm=97256 ht=283428 pf=0 pm=0 pt=0 ru=233404 rp=234292
17:56:18.260 @T t=132048 s=0.000 lv=-29.8 pk=-26.1 c0=4.2 c1=10.9 kw=10.67 inf=2.64 iv=1.18 n=4 d=0 sk=0 hf=98144 hm=97256 ht=283428 pf=0 pm=0 pt=0 ru=233404 rp=234292
17:56:18.260 @T t=132154 s=0.000 lv=-33.4 pk=-32.3 c0=4.3 c1=8.9 kw=8.73 inf=2.84 iv=1.23 n=3 d=0 sk=0 hf=98144 hm=97256 ht=283428 pf=0 pm=0 pt=0 ru=233404 rp=234292
17:56:18.260 @I ww=marvin cut=0.50 win=5 cool=1000 tick=100 wifi=0 srv=0 li=0 ln=0
17:56:18.260 @T t=132245 s=0.000 lv=-32.6 pk=-29.5 c0=6.4 c1=11.2 kw=9.82 inf=2.73 iv=1.38 n=3 d=0 sk=0 hf=98144 hm=97256 ht=283428 pf=0 pm=0 pt=0 ru=233404 rp=234292
17:56:18.260 @T t=132354 s=0.000 lv=-34.5 pk=-32.9 c0=9.7 c1=10.9 kw=10.88 inf=2.79 iv=1.33 n=4 d=0 sk=0 hf=98144 hm=97256 ht=283428 pf=0 pm=0 pt=0 ru=233404 rp=234292
17:56:18.260 @T t=132440 s=0.000 lv=-35.8 pk=-34.7 c0=4.5 c1=9.6 kw=9.36 inf=2.49 iv=1.22 n=3 d=0 sk=0 hf=98144 hm=97256 ht=283428 pf=0 pm=0 pt=0 ru=233404 rp=234292
17:56:18.260 @T t=132546 s=0.000 lv=-34.8 pk=-32.4 c0=3.8 c1=9.9 kw=8.53 inf=2.73 iv=1.13 n=3 d=0 sk=0 hf=98144 hm=97256 ht=283428 pf=0 pm=0 pt=0 ru=233404 rp=234292
17:56:18.260 @T t=132652 s=0.000 lv=-36.0 pk=-33.7 c0=3.3 c1=9.6 kw=10.04 inf=2.49 iv=1.08 n=4 d=0 sk=0 hf=98144 hm=97256 ht=283428 pf=0 pm=0 pt=0 ru=233404 rp=234292
17:56:18.260 @T t=132758 s=0.000 lv=-32.2 pk=-30.9 c0=3.2 c1=8.5 kw=8.29 inf=2.69 iv=1.10 n=3 d=0 sk=0 hf=98144 hm=97256 ht=283428 pf=0 pm=0 pt=0 ru=233404 rp=234292
17:56:18.260 @T t=132844 s=0.000 lv=-34.3 pk=-33.1 c0=4.5 c1=9.6 kw=9.34 inf=2.48 iv=1.18 n=3 d=0 sk=0 hf=98144 hm=97256 ht=283428 pf=0 pm=0 pt=0 ru=233404 rp=234292
17:56:18.260 @T t=132953 s=0.000 lv=-34.5 pk=-32.7 c0=8.9 c1=10.4 kw=10.13 inf=2.54 iv=1.10 n=4 d=0 sk=0 hf=98144 hm=97256 ht=283428 pf=0 pm=0 pt=0 ru=233404 rp=234292
17:56:18.261 @T t=133039 s=0.000 lv=-30.7 pk=-29.2 c0=4.0 c1=9.1 kw=8.95 inf=2.38 iv=1.10 n=3 d=0 sk=0 hf=98144 hm=97256 ht=283428 pf=0 pm=0 pt=0 ru=233404 rp=234292
17:56:18.261 @T t=133145 s=0.000 lv=-36.3 pk=-34.0 c0=3.3 c1=8.7 kw=8.36 inf=2.67 iv=1.10 n=3 d=0 sk=0 hf=98144 hm=97256 ht=283428 pf=0 pm=0 pt=0 ru=233404 rp=234292
17:56:18.261 @I ww=marvin cut=0.50 win=5 cool=1000 tick=100 wifi=0 srv=0 li=0 ln=0
17:56:18.261 @T t=133240 s=0.000 lv=-30.6 pk=-30.2 c0=17.0 c1=11.1 kw=10.20 inf=3.03 iv=1.39 n=3 d=0 sk=0 hf=98144 hm=97256 ht=283428 pf=0 pm=0 pt=0 ru=233404 rp=234292
17:56:18.261 @T t=133346 s=0.000 lv=-36.0 pk=-32.6 c0=3.4 c1=10.5 kw=10.27 inf=2.51 iv=1.09 n=4 d=0 sk=0 hf=98144 hm=97256 ht=283428 pf=0 pm=0 pt=0 ru=233404 rp=234292
17:56:18.261 @T t=133452 s=0.000 lv=-40.4 pk=-38.9 c0=3.3 c1=9.3 kw=9.15 inf=2.25 iv=1.07 n=4 d=0 sk=0 hf=98144 hm=97256 ht=283428 pf=0 pm=0 pt=0 ru=233404 rp=234292
17:56:18.261 @T t=133558 s=0.000 lv=-41.3 pk=-40.6 c0=5.0 c1=9.1 kw=8.79 inf=2.86 iv=1.25 n=3 d=0 sk=0 hf=98144 hm=97256 ht=283428 pf=0 pm=0 pt=0 ru=233404 rp=234292
17:56:18.261 @T t=133647 s=0.000 lv=-37.5 pk=-34.2 c0=4.5 c1=10.5 kw=10.27 inf=2.81 iv=1.20 n=3 d=0 sk=0 hf=98144 hm=97256 ht=283428 pf=0 pm=0 pt=0 ru=233404 rp=234292
17:56:18.261 @T t=133753 s=0.000 lv=-40.1 pk=-38.4 c0=4.1 c1=9.7 kw=9.48 inf=2.33 iv=1.14 n=4 d=0 sk=0 hf=98144 hm=97256 ht=283428 pf=0 pm=0 pt=0 ru=233404 rp=234292
17:56:20.774 @T t=133839 s=0.000 lv=-40.9 pk=-38.6 c0=5.1 c1=8.5 kw=8.26 inf=3.26 iv=1.30 n=2 d=0 sk=0 hf=98144 hm=97256 ht=283428 pf=0 pm=0 pt=0 ru=233404 rp=234292
17:56:20.775 @T t=133945 s=0.000 lv=-36.0 pk=-34.6 c0=4.4 c1=10.5 kw=10.12 inf=2.46 iv=1.23 n=4 d=0 sk=0 hf=98144 hm=97256 ht=283428 pf=0 pm=0 pt=0 ru=233404 rp=234292
17:56:20.775 @T t=134051 s=0.000 lv=-35.5 pk=-34.2 c0=4.3 c1=11.4 kw=10.89 inf=2.70 iv=1.23 n=4 d=0 sk=0 hf=98144 hm=97256 ht=283428 pf=0 pm=0 pt=0 ru=233404 rp=234292
17:56:20.775 @T t=134157 s=0.000 lv=-34.4 pk=-33.3 c0=4.4 c1=9.0 kw=8.81 inf=2.88 iv=1.24 n=3 d=0 sk=0 hf=98144 hm=97256 ht=283428 pf=0 pm=0 pt=0 ru=233404 rp=234292
17:56:20.775 @I ww=marvin cut=0.50 win=5 cool=1000 tick=100 wifi=0 srv=0 li=0 ln=0
17:56:20.775 @T t=134248 s=0.000 lv=-32.6 pk=-28.3 c0=5.8 c1=11.4 kw=10.31 inf=2.89 iv=1.28 n=3 d=0 sk=0 hf=98144 hm=97256 ht=283428 pf=0 pm=0 pt=0 ru=233404 rp=234292
17:56:20.775 @T t=134354 s=0.000 lv=-38.7 pk=-36.9 c0=4.4 c1=9.9 kw=9.73 inf=2.40 iv=1.19 n=4 d=0 sk=0 hf=98144 hm=97256 ht=283428 pf=0 pm=0 pt=0 ru=233404 rp=234292
17:56:20.775 @T t=134440 s=0.000 lv=-34.3 pk=-32.7 c0=5.3 c1=8.7 kw=8.53 inf=3.38 iv=1.41 n=2 d=0 sk=0 hf=98144 hm=97256 ht=283428 pf=0 pm=0 pt=0 ru=233404 rp=234292
17:56:20.775 @T t=134546 s=0.000 lv=-34.2 pk=-30.1 c0=4.3 c1=11.0 kw=10.79 inf=2.64 iv=1.19 n=4 d=0 sk=0 hf=98144 hm=97256 ht=283428 pf=0 pm=0 pt=0 ru=233404 rp=234292
17:56:20.775 @T t=134652 s=0.000 lv=-34.9 pk=-32.7 c0=4.2 c1=10.1 kw=9.87 inf=2.44 iv=1.22 n=4 d=0 sk=0 hf=98144 hm=97256 ht=283428 pf=0 pm=0 pt=0 ru=233404 rp=234292
17:56:20.775 @T t=134758 s=0.000 lv=-37.7 pk=-36.3 c0=4.2 c1=8.4 kw=8.23 inf=2.68 iv=1.11 n=3 d=0 sk=0 hf=98144 hm=97256 ht=283428 pf=0 pm=0 pt=0 ru=233404 rp=234292
17:56:20.775 @T t=134844 s=0.000 lv=-37.3 pk=-35.0 c0=4.2 c1=9.4 kw=9.22 inf=2.45 iv=1.17 n=3 d=0 sk=0 hf=98144 hm=97256 ht=283428 pf=0 pm=0 pt=0 ru=233404 rp=234292
17:56:20.775 @T t=134953 s=0.000 lv=-28.9 pk=-25.3 c0=3.7 c1=10.5 kw=10.29 inf=2.59 iv=1.12 n=4 d=0 sk=0 hf=98144 hm=97256 ht=283428 pf=0 pm=0 pt=0 ru=233404 rp=234292
17:56:20.775 @T t=135039 s=0.000 lv=-25.7 pk=-22.9 c0=7.4 c1=8.2 kw=8.00 inf=3.16 iv=1.25 n=2 d=0 sk=0 hf=98144 hm=97256 ht=283428 pf=0 pm=0 pt=0 ru=233404 rp=234292
17:56:20.775 @T t=135145 s=0.000 lv=-30.8 pk=-28.0 c0=6.5 c1=9.8 kw=9.42 inf=2.29 iv=1.09 n=4 d=0 sk=0 hf=98144 hm=97256 ht=283428 pf=0 pm=0 pt=0 ru=233404 rp=234292
17:56:20.775 @I ww=marvin cut=0.50 win=5 cool=1000 tick=100 wifi=0 srv=0 li=0 ln=0
17:56:20.775 @T t=135257 s=0.000 lv=-37.9 pk=-35.9 c0=4.9 c1=11.4 kw=10.29 inf=2.70 iv=1.24 n=4 d=0 sk=0 hf=98144 hm=97256 ht=283428 pf=0 pm=0 pt=0 ru=233404 rp=234292
17:56:20.775 @T t=135343 s=0.000 lv=-37.4 pk=-36.8 c0=4.1 c1=8.2 kw=7.99 inf=3.15 iv=1.24 n=2 d=0 sk=0 hf=98144 hm=97256 ht=283428 pf=0 pm=0 pt=0 ru=233404 rp=234292
17:56:20.775 @T t=135449 s=0.000 lv=-37.9 pk=-35.6 c0=3.3 c1=10.8 kw=10.53 inf=2.57 iv=1.14 n=4 d=0 sk=0 hf=98144 hm=97256 ht=283428 pf=0 pm=0 pt=0 ru=233404 rp=234292
17:56:20.775 @T t=135555 s=0.000 lv=-36.8 pk=-35.1 c0=3.4 c1=9.7 kw=9.50 inf=2.34 iv=1.14 n=4 d=0 sk=0 hf=98144 hm=97256 ht=283428 pf=0 pm=0 pt=0 ru=233404 rp=234292
17:56:20.775 @T t=135641 s=0.000 lv=-34.3 pk=-32.6 c0=4.6 c1=8.5 kw=8.31 inf=3.28 iv=1.32 n=2 d=0 sk=0 hf=98144 hm=97256 ht=283428 pf=0 pm=0 pt=0 ru=233404 rp=234292
17:56:20.775 @T t=135747 s=0.000 lv=-32.7 pk=-31.3 c0=3.4 c1=10.7 kw=10.53 inf=2.58 iv=1.13 n=4 d=0 sk=0 hf=98144 hm=97256 ht=283428 pf=0 pm=0 pt=0 ru=233404 rp=234292
17:56:20.775 @T t=135853 s=0.000 lv=-34.0 pk=-31.9 c0=3.4 c1=9.5 kw=9.17 inf=2.26 iv=1.08 n=4 d=0 sk=0 hf=98144 hm=97256 ht=283428 pf=0 pm=0 pt=0 ru=233404 rp=234292
17:56:20.775 @T t=135939 s=0.000 lv=-33.1 pk=-31.2 c0=4.0 c1=7.8 kw=7.80 inf=3.07 iv=1.16 n=2 d=0 sk=0 hf=98144 hm=97256 ht=283428 pf=0 pm=0 pt=0 ru=233404 rp=234292
17:56:20.775 @T t=136045 s=0.000 lv=-30.7 pk=-29.2 c0=5.3 c1=10.5 kw=10.00 inf=2.43 iv=1.20 n=4 d=0 sk=0 hf=98144 hm=97256 ht=283428 pf=0 pm=0 pt=0 ru=233404 rp=234292
17:56:20.775 @T t=136151 s=0.000 lv=-31.2 pk=-30.4 c0=4.8 c1=11.3 kw=10.75 inf=2.67 iv=1.21 n=4 d=0 sk=0 hf=98144 hm=97256 ht=283428 pf=0 pm=0 pt=0 ru=233404 rp=234292
17:56:20.775 @I ww=marvin cut=0.50 win=5 cool=1000 tick=100 wifi=0 srv=0 li=0 ln=0
17:56:20.775 @T t=136242 s=0.000 lv=-30.5 pk=-28.8 c0=7.5 c1=8.9 kw=8.65 inf=3.64 iv=1.63 n=2 d=0 sk=0 hf=98144 hm=97256 ht=283428 pf=0 pm=0 pt=0 ru=233404 rp=234292
17:56:23.268 @T t=136348 s=0.000 lv=-28.0 pk=-24.5 c0=4.2 c1=11.1 kw=10.80 inf=2.64 iv=1.19 n=4 d=0 sk=0 hf=98144 hm=97256 ht=283428 pf=0 pm=0 pt=0 ru=233404 rp=234292
17:56:23.268 @T t=136454 s=0.000 lv=-21.9 pk=-20.6 c0=4.2 c1=9.9 kw=9.66 inf=2.38 iv=1.17 n=4 d=0 sk=0 hf=98144 hm=97256 ht=283428 pf=0 pm=0 pt=0 ru=233404 rp=234292
17:56:23.268 @T t=136540 s=0.000 lv=-20.7 pk=-20.5 c0=4.1 c1=8.0 kw=7.82 inf=3.08 iv=1.16 n=2 d=0 sk=0 hf=98144 hm=97256 ht=283428 pf=0 pm=0 pt=0 ru=233404 rp=234292
17:56:23.268 @T t=136646 s=0.000 lv=-28.4 pk=-22.3 c0=4.5 c1=11.2 kw=10.91 inf=2.67 iv=1.22 n=4 d=0 sk=0 hf=98144 hm=97256 ht=283428 pf=0 pm=0 pt=0 ru=233404 rp=234292
17:56:23.268 @T t=136752 s=0.002 lv=-26.0 pk=-25.2 c0=4.2 c1=10.2 kw=9.99 inf=2.47 iv=1.23 n=4 d=0 sk=0 hf=98144 hm=97256 ht=283428 pf=0 pm=0 pt=0 ru=233404 rp=234292
17:56:23.268 @T t=136858 s=0.002 lv=-24.8 pk=-23.4 c0=4.3 c1=9.2 kw=8.99 inf=2.94 iv=1.30 n=3 d=0 sk=0 hf=98144 hm=97256 ht=283428 pf=0 pm=0 pt=0 ru=233404 rp=234292
17:56:23.268 @T t=136944 s=0.000 lv=-21.9 pk=-20.9 c0=5.2 c1=10.1 kw=9.88 inf=2.64 iv=1.31 n=3 d=0 sk=0 hf=98144 hm=97256 ht=283428 pf=0 pm=0 pt=0 ru=233404 rp=234292
17:56:23.268 @T t=137053 s=0.000 lv=-19.3 pk=-18.2 c0=4.1 c1=11.1 kw=10.86 inf=2.74 iv=1.23 n=4 d=0 sk=0 hf=98144 hm=97256 ht=283428 pf=0 pm=0 pt=0 ru=233404 rp=234292
17:56:23.268 @T t=137139 s=0.000 lv=-17.4 pk=-16.9 c0=4.1 c1=8.2 kw=8.02 inf=3.16 iv=1.24 n=2 d=0 sk=0 hf=98144 hm=97256 ht=283428 pf=0 pm=0 pt=0 ru=233404 rp=234292
17:56:23.268 @I ww=marvin cut=0.50 win=5 cool=1000 tick=100 wifi=0 srv=0 li=0 ln=0
17:56:23.268 @T t=137251 s=0.000 lv=-17.3 pk=-16.5 c0=12.6 c1=11.9 kw=10.96 inf=2.85 iv=1.35 n=4 d=0 sk=0 hf=98144 hm=97256 ht=283428 pf=0 pm=0 pt=0 ru=233404 rp=234292
17:56:23.268 @T t=137340 s=0.000 lv=-19.0 pk=-18.3 c0=4.4 c1=9.5 kw=9.24 inf=2.55 iv=1.24 n=3 d=0 sk=0 hf=98144 hm=97256 ht=283428 pf=0 pm=0 pt=0 ru=233404 rp=234292
17:56:23.268 @T t=137446 s=0.000 lv=-23.9 pk=-19.6 c0=3.3 c1=9.9 kw=8.62 inf=2.07 iv=0.88 n=4 d=0 sk=0 hf=98144 hm=97256 ht=283428 pf=0 pm=0 pt=0 ru=233404 rp=234292
17:56:23.268 @T t=137552 s=0.000 lv=-40.3 pk=-38.9 c0=3.3 c1=9.8 kw=10.32 inf=3.41 iv=1.51 n=3 d=0 sk=0 hf=98144 hm=97256 ht=283428 pf=0 pm=0 pt=0 ru=233404 rp=234292
17:56:23.268 @T t=137658 s=0.000 lv=-31.2 pk=-29.5 c0=3.8 c1=9.9 kw=9.65 inf=2.38 iv=1.17 n=4 d=0 sk=0 hf=98144 hm=97256 ht=283428 pf=0 pm=0 pt=0 ru=233404 rp=234292
17:56:23.268 @T t=137744 s=0.000 lv=-39.7 pk=-37.3 c0=4.1 c1=8.1 kw=7.96 inf=3.14 iv=1.23 n=2 d=0 sk=0 hf=98144 hm=97256 ht=283428 pf=0 pm=0 pt=0 ru=233404 rp=234292
17:56:23.268 @T t=137850 s=0.000 lv=-38.2 pk=-34.7 c0=3.3 c1=10.8 kw=10.53 inf=2.57 iv=1.13 n=4 d=0 sk=0 hf=98144 hm=97256 ht=283428 pf=0 pm=0 pt=0 ru=233404 rp=234292
17:56:23.268 @T t=137956 s=0.000 lv=-33.8 pk=-29.6 c0=3.5 c1=9.6 kw=9.36 inf=2.30 iv=1.12 n=4 d=0 sk=0 hf=98144 hm=97256 ht=283428 pf=0 pm=0 pt=0 ru=233404 rp=234292
17:56:23.268 @T t=138042 s=0.000 lv=-38.6 pk=-38.2 c0=8.6 c1=8.3 kw=8.11 inf=3.20 iv=1.26 n=2 d=0 sk=0 hf=98144 hm=97256 ht=283428 pf=0 pm=0 pt=0 ru=233404 rp=234292
17:56:23.268 @T t=138148 s=0.000 lv=-38.1 pk=-35.1 c0=3.3 c1=10.6 kw=10.35 inf=2.53 iv=1.10 n=4 d=0 sk=0 hf=98144 hm=97256 ht=283428 pf=0 pm=0 pt=0 ru=233404 rp=234292
17:56:23.268 @I ww=marvin cut=0.50 win=5 cool=1000 tick=100 wifi=0 srv=0 li=0 ln=0
17:56:23.268 @T t=138240 s=0.000 lv=-40.7 pk=-38.4 c0=5.3 c1=10.0 kw=8.93 inf=2.55 iv=1.25 n=3 d=0 sk=0 hf=98144 hm=97256 ht=283428 pf=0 pm=0 pt=0 ru=233404 rp=234292
17:56:23.268 @T t=138346 s=0.000 lv=-41.5 pk=-40.9 c0=3.4 c1=9.8 kw=8.49 inf=2.04 iv=0.86 n=4 d=0 sk=0 hf=98144 hm=97256 ht=283428 pf=0 pm=0 pt=0 ru=233404 rp=234292
17:56:23.268 @T t=138452 s=0.000 lv=-39.0 pk=-37.4 c0=5.5 c1=10.0 kw=10.32 inf=3.41 iv=1.50 n=3 d=0 sk=0 hf=98144 hm=97256 ht=283428 pf=0 pm=0 pt=0 ru=233404 rp=234292
17:56:23.268 @T t=138558 s=0.000 lv=-39.7 pk=-38.2 c0=4.2 c1=9.9 kw=9.69 inf=2.39 iv=1.18 n=4 d=0 sk=0 hf=98144 hm=97256 ht=283428 pf=0 pm=0 pt=0 ru=233404 rp=234292
17:56:23.268 @T t=138644 s=0.000 lv=-38.9 pk=-38.1 c0=5.1 c1=8.6 kw=8.35 inf=3.30 iv=1.35 n=2 d=0 sk=0 hf=98144 hm=97256 ht=283428 pf=0 pm=0 pt=0 ru=233404 rp=234292
17:56:23.268 @T t=138753 s=0.000 lv=-41.1 pk=-39.5 c0=4.0 c1=10.8 kw=10.52 inf=2.65 iv=1.18 n=4 d=0 sk=0 hf=98144 hm=97256 ht=283428 pf=0 pm=0 pt=0 ru=233404 rp=234292
17:56:25.631 @T t=138839 s=0.000 lv=-36.6 pk=-35.0 c0=4.1 c1=9.2 kw=9.04 inf=2.40 iv=1.12 n=3 d=0 sk=0 hf=98144 hm=97256 ht=283428 pf=0 pm=0 pt=0 ru=233404 rp=234292
17:56:25.631 @T t=138946 s=0.000 lv=-37.6 pk=-35.4 c0=4.4 c1=10.0 kw=8.69 inf=2.11 iv=0.90 n=4 d=0 sk=0 hf=98144 hm=97256 ht=283428 pf=0 pm=0 pt=0 ru=233404 rp=234292
17:56:25.631 @T t=139052 s=0.000 lv=-41.1 pk=-38.7 c0=4.2 c1=9.8 kw=10.24 inf=3.38 iv=1.48 n=3 d=0 sk=0 hf=98144 hm=97256 ht=283428 pf=0 pm=0 pt=0 ru=233404 rp=234292
17:56:25.631 @T t=139158 s=0.000 lv=-40.2 pk=-39.0 c0=4.3 c1=9.9 kw=9.71 inf=2.39 iv=1.18 n=4 d=0 sk=0 hf=98144 hm=97256 ht=283428 pf=0 pm=0 pt=0 ru=233404 rp=234292
17:56:25.631 @I ww=marvin cut=0.50 win=5 cool=1000 tick=100 wifi=0 srv=0 li=0 ln=0
17:56:25.631 @T t=139249 s=0.000 lv=-41.0 pk=-39.9 c0=6.5 c1=11.6 kw=10.48 inf=2.93 iv=1.29 n=3 d=0 sk=0 hf=98144 hm=97256 ht=283428 pf=0 pm=0 pt=0 ru=233404 rp=234292
17:56:25.631 @T t=139355 s=0.000 lv=-38.1 pk=-36.7 c0=4.3 c1=9.0 kw=8.81 inf=2.87 iv=1.21 n=3 d=0 sk=0 hf=98144 hm=97256 ht=283428 pf=0 pm=0 pt=0 ru=233404 rp=234292
17:56:25.631 @T t=139441 s=0.000 lv=-38.8 pk=-37.1 c0=4.2 c1=9.2 kw=9.06 inf=2.41 iv=1.12 n=3 d=0 sk=0 hf=98144 hm=97256 ht=283428 pf=0 pm=0 pt=0 ru=233404 rp=234292
17:56:25.631 @T t=139548 s=0.000 lv=-40.9 pk=-40.2 c0=4.4 c1=7.8 kw=7.62 inf=2.44 iv=1.69 n=1 d=0 sk=2 hf=98144 hm=97256 ht=283428 pf=0 pm=0 pt=0 ru=233404 rp=234292
17:56:25.631 @T t=139654 s=0.000 lv=-41.1 pk=-39.6 c0=7.4 c1=5.1 kw=4.98 inf=1.53 iv=0.00 n=0 d=0 sk=3 hf=98144 hm=97256 ht=283428 pf=0 pm=0 pt=0 ru=233404 rp=234292
17:56:25.632 @T t=139740 s=0.000 lv=-40.0 pk=-39.2 c0=4.4 c1=5.1 kw=4.96 inf=1.86 iv=0.00 n=0 d=0 sk=2 hf=98144 hm=97256 ht=283428 pf=0 pm=0 pt=0 ru=233404 rp=234292
17:56:25.632 @T t=139846 s=0.000 lv=-40.9 pk=-39.4 c0=3.1 c1=6.0 kw=5.86 inf=1.35 iv=0.00 n=0 d=0 sk=4 hf=98144 hm=97256 ht=283428 pf=0 pm=0 pt=0 ru=233404 rp=234292
17:56:25.632 @T t=139952 s=0.000 lv=-39.3 pk=-38.9 c0=3.1 c1=5.1 kw=4.93 inf=1.52 iv=0.00 n=0 d=0 sk=3 hf=98144 hm=97256 ht=283428 pf=0 pm=0 pt=0 ru=233404 rp=234292
17:56:25.632 @T t=140039 s=0.000 lv=-41.9 pk=-39.8 c0=3.7 c1=4.9 kw=4.76 inf=1.80 iv=0.00 n=0 d=0 sk=2 hf=98144 hm=97256 ht=283428 pf=0 pm=0 pt=0 ru=233404 rp=234292
17:56:25.632 @T t=140145 s=0.000 lv=-41.1 pk=-38.4 c0=3.3 c1=5.4 kw=5.04 inf=1.51 iv=0.00 n=0 d=0 sk=3 hf=98144 hm=97256 ht=283428 pf=0 pm=0 pt=0 ru=233404 rp=234292
17:56:25.632 @I ww=marvin cut=0.50 win=5 cool=1000 tick=100 wifi=0 srv=0 li=0 ln=0
17:56:25.632 @T t=140257 s=0.000 lv=-38.6 pk=-36.4 c0=4.1 c1=6.7 kw=5.52 inf=1.84 iv=0.00 n=0 d=0 sk=3 hf=98144 hm=97256 ht=283428 pf=0 pm=0 pt=0 ru=233404 rp=234292
17:56:25.632 @T t=140343 s=0.000 lv=-37.2 pk=-36.0 c0=4.0 c1=5.0 kw=4.90 inf=1.84 iv=0.00 n=0 d=0 sk=2 hf=98144 hm=97256 ht=283428 pf=0 pm=0 pt=0 ru=233404 rp=234292
17:56:25.632 @T t=140448 s=0.000 lv=-41.1 pk=-39.1 c0=3.5 c1=6.2 kw=5.97 inf=1.37 iv=0.00 n=0 d=0 sk=4 hf=98144 hm=97256 ht=283428 pf=0 pm=0 pt=0 ru=233404 rp=234292
17:56:25.632 @T t=140554 s=0.000 lv=-38.2 pk=-36.5 c0=3.1 c1=5.1 kw=4.94 inf=1.52 iv=0.00 n=0 d=0 sk=3 hf=98144 hm=97256 ht=283428 pf=0 pm=0 pt=0 ru=233404 rp=234292
17:56:25.632 @T t=140640 s=0.000 lv=-34.8 pk=-34.2 c0=3.7 c1=17.7 kw=17.44 inf=1.31 iv=0.97 n=11 d=0 sk=0 hf=98144 hm=97256 ht=283428 pf=0 pm=0 pt=0 ru=233404 rp=234292
17:56:25.632 @T t=140746 s=0.000 lv=-37.6 pk=-36.1 c0=3.4 c1=10.5 kw=10.30 inf=2.52 iv=1.10 n=4 d=0 sk=0 hf=98144 hm=97256 ht=283428 pf=0 pm=0 pt=0 ru=233404 rp=234292
17:56:25.632 @T t=140852 s=0.000 lv=-35.4 pk=-33.5 c0=5.0 c1=10.2 kw=9.84 inf=2.43 iv=1.20 n=4 d=0 sk=0 hf=98144 hm=97256 ht=283428 pf=0 pm=0 pt=0 ru=233404 rp=234292
17:56:25.632 @T t=140958 s=0.000 lv=-36.4 pk=-35.1 c0=4.3 c1=8.9 kw=8.70 inf=2.83 iv=1.23 n=3 d=0 sk=0 hf=98144 hm=97256 ht=283428 pf=0 pm=0 pt=0 ru=233404 rp=234292
17:56:25.632 @T t=141044 s=0.000 lv=-35.6 pk=-34.6 c0=5.1 c1=9.9 kw=9.65 inf=2.57 iv=1.27 n=3 d=0 sk=0 hf=98144 hm=97256 ht=283428 pf=0 pm=0 pt=0 ru=233404 rp=234292
17:56:25.632 @T t=141152 s=0.000 lv=-33.4 pk=-31.6 c0=4.0 c1=11.1 kw=10.85 inf=2.71 iv=1.23 n=4 d=0 sk=0 hf=98144 hm=97256 ht=283428 pf=0 pm=0 pt=0 ru=233404 rp=234292
17:56:25.632 @I ww=marvin cut=0.50 win=5 cool=1000 tick=100 wifi=0 srv=0 li=0 ln=0
17:56:28.183 [status] up 141s | mic -29.0 dBFS (peak -16.5) | score max 0.00 | detections 0 | inferences 307 (30.7/s; model 1.19 ms each, paused in quiet 9%; features 1.43 ms per 30 ms) | CPU core0  4.8% core1  9.5% (wake word pipeline 9.19% of one core) | RAM used 227 KB (peak 228 KB, 95 KB free) | wifi --, server -- | audio lost since boot: i2s 0 net 0
17:56:28.183 @T t=141249 s=0.000 lv=-38.2 pk=-34.7 c0=9.9 c1=11.0 kw=10.02 inf=3.00 iv=1.36 n=3 d=0 sk=0 hf=98144 hm=97256 ht=283428 pf=0 pm=0 pt=0 ru=233404 rp=234292
17:56:28.183 @T t=141354 s=0.000 lv=-37.5 pk=-37.1 c0=4.1 c1=8.9 kw=8.72 inf=2.82 iv=1.20 n=3 d=0 sk=0 hf=98144 hm=97256 ht=283428 pf=0 pm=0 pt=0 ru=233404 rp=234292
17:56:28.183 @T t=141440 s=0.001 lv=-35.7 pk=-35.0 c0=5.3 c1=10.2 kw=9.95 inf=2.66 iv=1.32 n=3 d=0 sk=0 hf=98144 hm=97256 ht=283428 pf=0 pm=0 pt=0 ru=233404 rp=234292
17:56:28.183 @T t=141546 s=0.002 lv=-38.7 pk=-37.3 c0=4.2 c1=10.6 kw=9.22 inf=2.23 iv=1.00 n=4 d=0 sk=0 hf=98144 hm=97256 ht=283428 pf=0 pm=0 pt=0 ru=233404 rp=234292
17:56:28.183 @T t=141652 s=0.002 lv=-38.8 pk=-38.2 c0=4.2 c1=10.4 kw=10.85 inf=3.59 iv=1.65 n=3 d=0 sk=0 hf=98144 hm=97256 ht=283428 pf=0 pm=0 pt=0 ru=233404 rp=234292
17:56:28.183 @T t=141758 s=0.002 lv=-39.4 pk=-38.6 c0=4.2 c1=10.2 kw=9.95 inf=2.45 iv=1.24 n=4 d=0 sk=0 hf=98144 hm=97256 ht=283428 pf=0 pm=0 pt=0 ru=233404 rp=234292
17:56:28.183 @T t=141844 s=0.000 lv=-36.7 pk=-36.0 c0=4.2 c1=8.2 kw=8.05 inf=3.18 iv=1.24 n=2 d=0 sk=0 hf=98144 hm=97256 ht=283428 pf=0 pm=0 pt=0 ru=233404 rp=234292
17:56:28.183 @T t=141953 s=0.002 lv=-39.0 pk=-35.9 c0=9.6 c1=10.9 kw=10.68 inf=2.69 iv=1.23 n=4 d=0 sk=0 hf=98144 hm=97256 ht=283428 pf=0 pm=0 pt=0 ru=233404 rp=234292
17:56:28.183 @T t=142039 s=0.003 lv=-40.3 pk=-39.7 c0=5.2 c1=10.0 kw=9.76 inf=2.61 iv=1.30 n=3 d=0 sk=0 hf=98144 hm=97256 ht=283428 pf=0 pm=0 pt=0 ru=233404 rp=234292
17:56:28.183 @T t=142145 s=0.002 lv=-36.5 pk=-35.3 c0=4.0 c1=9.5 kw=9.11 inf=2.93 iv=1.29 n=3 d=0 sk=0 hf=98144 hm=97256 ht=283428 pf=0 pm=0 pt=0 ru=233404 rp=234292
17:56:28.183 @I ww=marvin cut=0.50 win=5 cool=1000 tick=100 wifi=0 srv=0 li=0 ln=0
17:56:28.183 @T t=142257 s=0.000 lv=-38.8 pk=-38.0 c0=11.3 c1=11.6 kw=10.88 inf=2.87 iv=1.39 n=4 d=0 sk=0 hf=98144 hm=97256 ht=283428 pf=0 pm=0 pt=0 ru=233404 rp=234292
17:56:28.184 @T t=142343 s=0.000 lv=-39.8 pk=-38.6 c0=4.1 c1=9.5 kw=9.29 inf=2.47 iv=1.18 n=3 d=0 sk=0 hf=98144 hm=97256 ht=283428 pf=0 pm=0 pt=0 ru=233404 rp=234292
17:56:28.184 @T t=142452 s=0.000 lv=-38.3 pk=-37.8 c0=8.6 c1=10.6 kw=10.35 inf=2.60 iv=1.15 n=4 d=0 sk=0 hf=98144 hm=97256 ht=283428 pf=0 pm=0 pt=0 ru=233404 rp=234292
17:56:28.184 @T t=142558 s=0.000 lv=-40.8 pk=-39.1 c0=3.8 c1=8.8 kw=8.61 inf=2.81 iv=1.20 n=3 d=0 sk=0 hf=98144 hm=97256 ht=283428 pf=0 pm=0 pt=0 ru=233404 rp=234292
17:56:28.184 @T t=142644 s=0.000 lv=-40.8 pk=-39.8 c0=8.1 c1=9.5 kw=9.28 inf=2.47 iv=1.18 n=3 d=0 sk=0 hf=98144 hm=97256 ht=283428 pf=0 pm=0 pt=0 ru=233404 rp=234292
17:56:28.184 @T t=142750 s=0.000 lv=-37.4 pk=-35.8 c0=3.4 c1=10.9 kw=10.65 inf=2.60 iv=1.14 n=4 d=0 sk=0 hf=98144 hm=97256 ht=283428 pf=0 pm=0 pt=0 ru=233404 rp=234292
17:56:28.184 @T t=142856 s=0.000 lv=-39.3 pk=-38.1 c0=3.9 c1=5.2 kw=5.01 inf=1.54 iv=0.00 n=0 d=0 sk=3 hf=98144 hm=97256 ht=283428 pf=0 pm=0 pt=0 ru=233404 rp=234292
17:56:28.184 @T t=142942 s=0.000 lv=-38.4 pk=-37.2 c0=3.8 c1=5.0 kw=4.90 inf=1.84 iv=0.00 n=0 d=0 sk=2 hf=98144 hm=97256 ht=283428 pf=0 pm=0 pt=0 ru=233404 rp=234292
17:56:28.184 @T t=143048 s=0.000 lv=-40.8 pk=-39.5 c0=3.0 c1=6.0 kw=5.86 inf=1.35 iv=0.00 n=0 d=0 sk=4 hf=98144 hm=97256 ht=283428 pf=0 pm=0 pt=0 ru=233404 rp=234292
17:56:28.184 @T t=143154 s=0.000 lv=-39.7 pk=-39.0 c0=2.9 c1=5.1 kw=4.93 inf=1.52 iv=0.00 n=0 d=0 sk=3 hf=98144 hm=97256 ht=283428 pf=0 pm=0 pt=0 ru=233404 rp=234292
17:56:28.184 @I ww=marvin cut=0.50 win=5 cool=1000 tick=100 wifi=0 srv=0 li=0 ln=0
17:56:28.184 @T t=143246 s=0.000 lv=-42.0 pk=-40.6 c0=8.2 c1=6.2 kw=5.86 inf=1.57 iv=0.00 n=0 d=0 sk=3 hf=98144 hm=97256 ht=283428 pf=0 pm=0 pt=0 ru=233404 rp=234292
17:56:28.184 @T t=143352 s=0.000 lv=-36.4 pk=-35.7 c0=4.1 c1=5.2 kw=5.05 inf=1.56 iv=0.00 n=0 d=0 sk=3 hf=98144 hm=97256 ht=283428 pf=0 pm=0 pt=0 ru=233404 rp=234292
17:56:28.184 @T t=143458 s=0.000 lv=-36.7 pk=-36.2 c0=3.9 c1=5.1 kw=4.99 inf=1.54 iv=0.00 n=0 d=0 sk=3 hf=98144 hm=97256 ht=283428 pf=0 pm=0 pt=0 ru=233404 rp=234292
17:56:28.184 @T t=143544 s=0.000 lv=-36.3 pk=-35.6 c0=4.8 c1=5.1 kw=4.91 inf=1.84 iv=0.00 n=0 d=0 sk=2 hf=98144 hm=97256 ht=283428 pf=0 pm=0 pt=0 ru=233404 rp=234292
17:56:28.184 @T t=143650 s=0.000 lv=-38.4 pk=-36.2 c0=3.2 c1=6.2 kw=6.01 inf=1.39 iv=0.00 n=0 d=0 sk=4 hf=98144 hm=97256 ht=283428 pf=0 pm=0 pt=0 ru=233404 rp=234292
17:56:30.676 @T t=143757 s=0.000 lv=-42.1 pk=-40.2 c0=3.7 c1=5.0 kw=4.86 inf=1.51 iv=0.00 n=0 d=0 sk=3 hf=98144 hm=97256 ht=283428 pf=0 pm=0 pt=0 ru=233404 rp=234292
17:56:30.676 @T t=143843 s=0.000 lv=-41.9 pk=-41.3 c0=4.8 c1=5.1 kw=4.93 inf=1.85 iv=0.00 n=0 d=0 sk=2 hf=98144 hm=97256 ht=283428 pf=0 pm=0 pt=0 ru=233404 rp=234292
17:56:30.676 @T t=143952 s=0.000 lv=-38.4 pk=-36.2 c0=9.4 c1=6.1 kw=5.87 inf=1.39 iv=0.00 n=0 d=0 sk=4 hf=98144 hm=97256 ht=283428 pf=0 pm=0 pt=0 ru=233404 rp=234292
17:56:30.676 @T t=144058 s=0.000 lv=-38.5 pk=-38.0 c0=4.0 c1=5.2 kw=5.06 inf=1.56 iv=0.00 n=0 d=0 sk=3 hf=98144 hm=97256 ht=283428 pf=0 pm=0 pt=0 ru=233404 rp=234292
17:56:30.676 @T t=144144 s=0.000 lv=-40.2 pk=-39.6 c0=4.8 c1=5.0 kw=4.88 inf=1.83 iv=0.00 n=0 d=0 sk=2 hf=98144 hm=97256 ht=283428 pf=0 pm=0 pt=0 ru=233404 rp=234292
17:56:30.676 @I ww=marvin cut=0.50 win=5 cool=1000 tick=100 wifi=0 srv=0 li=0 ln=0
17:56:30.677 @T t=144255 s=0.000 lv=-38.5 pk=-37.6 c0=4.4 c1=6.8 kw=5.87 inf=1.42 iv=0.00 n=0 d=0 sk=4 hf=98144 hm=97256 ht=283428 pf=0 pm=0 pt=0 ru=233404 rp=234292
17:56:30.677 @T t=144341 s=0.000 lv=-36.9 pk=-35.7 c0=5.1 c1=5.1 kw=5.00 inf=1.88 iv=0.00 n=0 d=0 sk=2 hf=98144 hm=97256 ht=283428 pf=0 pm=0 pt=0 ru=233404 rp=234292
17:56:30.677 @T t=144447 s=0.000 lv=-37.2 pk=-35.1 c0=4.2 c1=19.1 kw=18.86 inf=1.47 iv=1.02 n=13 d=0 sk=0 hf=98144 hm=97256 ht=283428 pf=0 pm=0 pt=0 ru=233404 rp=234292
17:56:30.677 @T t=144553 s=0.000 lv=-35.1 pk=-33.7 c0=3.8 c1=9.9 kw=9.68 inf=2.38 iv=1.17 n=4 d=0 sk=0 hf=98144 hm=97256 ht=283428 pf=0 pm=0 pt=0 ru=233404 rp=234292
17:56:30.677 @T t=144639 s=0.000 lv=-41.1 pk=-40.2 c0=4.1 c1=8.1 kw=7.90 inf=3.11 iv=1.22 n=2 d=0 sk=0 hf=98144 hm=97256 ht=283428 pf=0 pm=0 pt=0 ru=233404 rp=234292
17:56:30.677 @T t=144745 s=0.000 lv=-39.7 pk=-38.1 c0=6.5 c1=10.1 kw=9.68 inf=2.35 iv=1.15 n=4 d=0 sk=0 hf=98144 hm=97256 ht=283428 pf=0 pm=0 pt=0 ru=233404 rp=234292
17:56:30.677 @T t=144851 s=0.000 lv=-37.8 pk=-37.5 c0=3.3 c1=10.9 kw=10.36 inf=2.57 iv=1.13 n=4 d=0 sk=0 hf=98144 hm=97256 ht=283428 pf=0 pm=0 pt=0 ru=233404 rp=234292
17:56:30.677 @T t=144957 s=0.000 lv=-37.6 pk=-36.5 c0=3.9 c1=8.7 kw=8.51 inf=2.77 iv=1.18 n=3 d=0 sk=0 hf=98144 hm=97256 ht=283428 pf=0 pm=0 pt=0 ru=233404 rp=234292
17:56:30.677 @T t=145043 s=0.000 lv=-39.7 pk=-39.2 c0=4.1 c1=9.5 kw=9.28 inf=2.47 iv=1.19 n=3 d=0 sk=0 hf=98144 hm=97256 ht=283428 pf=0 pm=0 pt=0 ru=233404 rp=234292
17:56:30.677 @T t=145152 s=0.002 lv=-38.8 pk=-37.3 c0=3.0 c1=10.4 kw=10.16 inf=2.55 iv=1.13 n=4 d=0 sk=0 hf=98144 hm=97256 ht=283428 pf=0 pm=0 pt=0 ru=233404 rp=234292
17:56:30.677 @I ww=marvin cut=0.50 win=5 cool=1000 tick=100 wifi=0 srv=0 li=0 ln=0
17:56:30.677 @T t=145244 s=0.002 lv=-40.0 pk=-38.9 c0=6.0 c1=9.3 kw=8.21 inf=3.47 iv=1.47 n=2 d=0 sk=0 hf=98144 hm=97256 ht=283428 pf=0 pm=0 pt=0 ru=233404 rp=234292
17:56:30.677 @T t=145352 s=0.000 lv=-38.3 pk=-36.0 c0=8.2 c1=10.7 kw=10.50 inf=2.62 iv=1.17 n=4 d=0 sk=0 hf=98144 hm=97256 ht=283428 pf=0 pm=0 pt=0 ru=233404 rp=234292
17:56:30.677 @T t=145458 s=0.000 lv=-39.2 pk=-38.0 c0=3.3 c1=9.6 kw=9.41 inf=2.32 iv=1.13 n=4 d=0 sk=0 hf=98144 hm=97256 ht=283428 pf=0 pm=0 pt=0 ru=233404 rp=234292
17:56:30.677 @T t=145544 s=0.000 lv=-37.1 pk=-35.8 c0=4.0 c1=8.1 kw=7.95 inf=3.13 iv=1.21 n=2 d=0 sk=0 hf=98144 hm=97256 ht=283428 pf=0 pm=0 pt=0 ru=233404 rp=234292
17:56:30.677 @T t=145650 s=0.000 lv=-38.1 pk=-37.4 c0=7.8 c1=11.6 kw=11.24 inf=2.76 iv=1.24 n=4 d=0 sk=0 hf=98144 hm=97256 ht=283428 pf=0 pm=0 pt=0 ru=233404 rp=234292
17:56:30.677 @T t=145756 s=0.000 lv=-30.1 pk=-27.2 c0=4.7 c1=10.1 kw=9.88 inf=2.43 iv=1.20 n=4 d=0 sk=0 hf=98144 hm=97256 ht=283428 pf=0 pm=0 pt=0 ru=233404 rp=234292
17:56:30.677 @T t=145842 s=0.000 lv=-30.8 pk=-30.2 c0=5.1 c1=8.1 kw=7.89 inf=3.11 iv=1.18 n=2 d=0 sk=0 hf=98144 hm=97256 ht=283428 pf=0 pm=0 pt=0 ru=233404 rp=234292
17:56:30.677 @T t=145948 s=0.000 lv=-36.0 pk=-32.3 c0=6.8 c1=10.9 kw=10.68 inf=2.62 iv=1.17 n=4 d=0 sk=0 hf=98144 hm=97256 ht=283428 pf=0 pm=0 pt=0 ru=233404 rp=234292
17:56:30.677 @T t=146053 s=0.001 lv=-33.5 pk=-32.1 c0=5.5 c1=9.9 kw=9.68 inf=2.36 iv=1.16 n=4 d=0 sk=0 hf=98144 hm=97256 ht=283428 pf=0 pm=0 pt=0 ru=233404 rp=234292
17:56:30.677 @T t=146139 s=0.002 lv=-31.3 pk=-30.6 c0=8.3 c1=8.4 kw=8.21 inf=3.24 iv=1.27 n=2 d=0 sk=0 hf=98144 hm=97256 ht=283428 pf=0 pm=0 pt=0 ru=233404 rp=234292
17:56:30.677 @I ww=marvin cut=0.50 win=5 cool=1000 tick=100 wifi=0 srv=0 li=0 ln=0
17:56:33.068 @T t=146250 s=0.002 lv=-29.2 pk=-28.6 c0=5.6 c1=11.9 kw=10.89 inf=2.80 iv=1.31 n=4 d=0 sk=0 hf=98144 hm=97256 ht=283428 pf=0 pm=0 pt=0 ru=233404 rp=234292
17:56:33.069 @T t=146339 s=0.000 lv=-28.1 pk=-27.3 c0=4.8 c1=9.8 kw=9.55 inf=2.64 iv=1.31 n=3 d=0 sk=0 hf=98144 hm=97256 ht=283428 pf=0 pm=0 pt=0 ru=233404 rp=234292
17:56:33.069 @T t=146445 s=0.000 lv=-28.1 pk=-26.5 c0=4.2 c1=9.1 kw=8.64 inf=2.77 iv=1.16 n=3 d=0 sk=0 hf=98144 hm=97256 ht=283428 pf=0 pm=0 pt=0 ru=233404 rp=234292
17:56:33.069 @T t=146554 s=0.000 lv=-32.7 pk=-30.5 c0=4.1 c1=10.7 kw=10.71 inf=2.74 iv=1.31 n=4 d=0 sk=0 hf=98144 hm=97256 ht=283428 pf=0 pm=0 pt=0 ru=233404 rp=234292
17:56:33.069 @T t=146640 s=0.000 lv=-33.5 pk=-33.0 c0=4.2 c1=9.4 kw=9.20 inf=2.45 iv=1.16 n=3 d=0 sk=0 hf=98144 hm=97256 ht=283428 pf=0 pm=0 pt=0 ru=233404 rp=234292
17:56:33.069 @T t=146746 s=0.000 lv=-32.9 pk=-32.7 c0=4.2 c1=10.5 kw=9.11 inf=2.20 iv=0.96 n=4 d=0 sk=0 hf=98144 hm=97256 ht=283428 pf=0 pm=0 pt=0 ru=233404 rp=234292
17:56:33.069 @T t=146852 s=0.000 lv=-34.0 pk=-32.3 c0=4.4 c1=10.4 kw=10.86 inf=3.59 iv=1.64 n=3 d=0 sk=0 hf=98144 hm=97256 ht=283428 pf=0 pm=0 pt=0 ru=233404 rp=234292
17:56:33.069 @T t=146958 s=0.000 lv=-29.9 pk=-26.1 c0=4.1 c1=10.1 kw=9.90 inf=2.44 iv=1.22 n=4 d=0 sk=0 hf=98144 hm=97256 ht=283428 pf=0 pm=0 pt=0 ru=233404 rp=234292
17:56:33.069 @T t=147044 s=0.000 lv=-28.7 pk=-26.9 c0=4.1 c1=8.1 kw=7.94 inf=3.12 iv=1.20 n=2 d=0 sk=0 hf=98144 hm=97256 ht=283428 pf=0 pm=0 pt=0 ru=233404 rp=234292
17:56:33.069 @T t=147153 s=0.000 lv=-33.0 pk=-30.6 c0=8.6 c1=10.2 kw=9.99 inf=2.51 iv=1.09 n=4 d=0 sk=0 hf=98144 hm=97256 ht=283428 pf=0 pm=0 pt=0 ru=233404 rp=234292
17:56:33.069 @I ww=marvin cut=0.50 win=5 cool=1000 tick=100 wifi=0 srv=0 li=0 ln=0
17:56:33.069 @T t=147245 s=0.000 lv=-35.0 pk=-31.4 c0=5.3 c1=10.5 kw=9.20 inf=2.58 iv=1.27 n=3 d=0 sk=0 hf=98144 hm=97256 ht=283428 pf=0 pm=0 pt=0 ru=233404 rp=234292
17:56:33.069 @T t=147354 s=0.000 lv=-30.1 pk=-28.6 c0=3.7 c1=10.5 kw=10.50 inf=2.68 iv=1.24 n=4 d=0 sk=0 hf=98144 hm=97256 ht=283428 pf=0 pm=0 pt=0 ru=233404 rp=234292
17:56:33.069 @T t=147440 s=0.000 lv=-32.5 pk=-30.5 c0=4.1 c1=9.1 kw=8.92 inf=2.37 iv=1.11 n=3 d=0 sk=0 hf=98144 hm=97256 ht=283428 pf=0 pm=0 pt=0 ru=233404 rp=234292
17:56:33.069 @T t=147546 s=0.000 lv=-31.4 pk=-26.7 c0=3.3 c1=9.6 kw=8.31 inf=2.66 iv=1.10 n=3 d=0 sk=0 hf=98144 hm=97256 ht=283428 pf=0 pm=0 pt=0 ru=233404 rp=234292
17:56:33.069 @T t=147652 s=0.000 lv=-29.5 pk=-27.3 c0=3.8 c1=10.0 kw=10.36 inf=2.57 iv=1.13 n=4 d=0 sk=0 hf=98144 hm=97256 ht=283428 pf=0 pm=0 pt=0 ru=233404 rp=234292
17:56:33.069 @T t=147758 s=0.000 lv=-35.6 pk=-31.8 c0=3.3 c1=8.5 kw=8.31 inf=2.70 iv=1.12 n=3 d=0 sk=0 hf=98144 hm=97256 ht=283428 pf=0 pm=0 pt=0 ru=233404 rp=234292
17:56:33.069 @T t=147844 s=0.000 lv=-37.8 pk=-36.6 c0=4.0 c1=9.5 kw=9.26 inf=2.46 iv=1.18 n=3 d=0 sk=0 hf=98144 hm=97256 ht=283428 pf=0 pm=0 pt=0 ru=233404 rp=234292
17:56:33.069 @T t=147950 s=0.000 lv=-34.7 pk=-32.7 c0=6.1 c1=10.6 kw=10.40 inf=2.54 iv=1.10 n=4 d=0 sk=0 hf=98144 hm=97256 ht=283428 pf=0 pm=0 pt=0 ru=233404 rp=234292
17:56:33.069 W (148375) wifi: cannot connect (reason 201). Check the name/password in menuconfig; the ESP32 needs a 2.4 GHz network (201 = network not found, 15/204 = wrong password)
17:56:33.069 @T t=148056 s=0.000 lv=-38.5 pk=-37.0 c0=7.9 c1=9.4 kw=9.02 inf=2.94 iv=1.29 n=3 d=0 sk=0 hf=98144 hm=97256 ht=283428 pf=0 pm=0 pt=0 ru=233404 rp=234292
17:56:33.069 @T t=148142 s=0.000 lv=-42.7 pk=-41.8 c0=9.1 c1=9.8 kw=9.57 inf=2.55 iv=1.25 n=3 d=0 sk=0 hf=98144 hm=97256 ht=283428 pf=0 pm=0 pt=0 ru=233404 rp=234292
17:56:33.069 @I ww=marvin cut=0.50 win=5 cool=1000 tick=100 wifi=0 srv=0 li=0 ln=0
17:56:33.069 @T t=148253 s=0.000 lv=-34.9 pk=-33.5 c0=5.3 c1=11.9 kw=10.91 inf=2.81 iv=1.32 n=4 d=0 sk=0 hf=98144 hm=97256 ht=283428 pf=0 pm=0 pt=0 ru=233404 rp=234292
17:56:33.069 @T t=148342 s=0.000 lv=-39.2 pk=-37.9 c0=3.8 c1=9.0 kw=8.80 inf=2.42 iv=1.14 n=3 d=0 sk=0 hf=98144 hm=97256 ht=283428 pf=0 pm=0 pt=0 ru=233404 rp=234292
17:56:33.069 @T t=148448 s=0.000 lv=-40.7 pk=-40.3 c0=4.1 c1=10.6 kw=10.33 inf=2.52 iv=1.09 n=4 d=0 sk=0 hf=98144 hm=97256 ht=283428 pf=0 pm=0 pt=0 ru=233404 rp=234292
17:56:33.069 @T t=148554 s=0.000 lv=-41.4 pk=-40.2 c0=4.1 c1=8.6 kw=8.45 inf=2.75 iv=1.15 n=3 d=0 sk=0 hf=98144 hm=97256 ht=283428 pf=0 pm=0 pt=0 ru=233404 rp=234292
17:56:35.622 @T t=148640 s=0.000 lv=-41.1 pk=-39.5 c0=5.1 c1=9.7 kw=9.49 inf=2.52 iv=1.23 n=3 d=0 sk=0 hf=98144 hm=97256 ht=283428 pf=0 pm=0 pt=0 ru=233404 rp=234292
17:56:35.622 @T t=148746 s=0.000 lv=-38.8 pk=-37.9 c0=4.3 c1=10.3 kw=8.98 inf=2.89 iv=1.25 n=3 d=0 sk=0 hf=98144 hm=97256 ht=283428 pf=0 pm=0 pt=0 ru=233404 rp=234292
17:56:35.622 @T t=148852 s=0.000 lv=-38.5 pk=-37.7 c0=4.3 c1=10.2 kw=10.59 inf=2.62 iv=1.17 n=4 d=0 sk=0 hf=98144 hm=97256 ht=283428 pf=0 pm=0 pt=0 ru=233404 rp=234292
17:56:35.622 @T t=148958 s=0.000 lv=-41.0 pk=-39.2 c0=3.5 c1=8.5 kw=8.30 inf=2.70 iv=1.13 n=3 d=0 sk=0 hf=98144 hm=97256 ht=283428 pf=0 pm=0 pt=0 ru=233404 rp=234292
17:56:35.622 @T t=149045 s=0.000 lv=-42.5 pk=-41.5 c0=5.4 c1=10.1 kw=9.67 inf=2.55 iv=1.22 n=3 d=0 sk=0 hf=98144 hm=97256 ht=283428 pf=0 pm=0 pt=0 ru=233404 rp=234292
17:56:35.622 @T t=149152 s=0.000 lv=-42.6 pk=-41.7 c0=7.6 c1=11.2 kw=11.18 inf=2.81 iv=1.36 n=4 d=0 sk=0 hf=98144 hm=97256 ht=283428 pf=0 pm=0 pt=0 ru=233404 rp=234292
17:56:35.622 @I ww=marvin cut=0.50 win=5 cool=1000 tick=100 wifi=0 srv=0 li=0 ln=0
17:56:35.622 @T t=149243 s=0.000 lv=-40.5 pk=-39.0 c0=6.6 c1=10.8 kw=9.71 inf=2.75 iv=1.39 n=3 d=0 sk=0 hf=98144 hm=97256 ht=283428 pf=0 pm=0 pt=0 ru=233404 rp=234292
17:56:35.622 @T t=149352 s=0.000 lv=-40.7 pk=-39.5 c0=9.7 c1=10.7 kw=10.42 inf=2.62 iv=1.18 n=4 d=0 sk=0 hf=98144 hm=97256 ht=283428 pf=0 pm=0 pt=0 ru=233404 rp=234292
17:56:35.622 @T t=149458 s=0.000 lv=-37.4 pk=-36.2 c0=3.3 c1=8.5 kw=8.34 inf=2.71 iv=1.12 n=3 d=0 sk=0 hf=98144 hm=97256 ht=283428 pf=0 pm=0 pt=0 ru=233404 rp=234292
17:56:35.622 @T t=149544 s=0.000 lv=-38.3 pk=-37.4 c0=4.0 c1=9.2 kw=9.01 inf=2.39 iv=1.11 n=3 d=0 sk=0 hf=98144 hm=97256 ht=283428 pf=0 pm=0 pt=0 ru=233404 rp=234292
17:56:35.622 @T t=149653 s=0.000 lv=-38.5 pk=-36.2 c0=8.6 c1=10.2 kw=9.98 inf=2.50 iv=1.07 n=4 d=0 sk=0 hf=98144 hm=97256 ht=283428 pf=0 pm=0 pt=0 ru=233404 rp=234292
17:56:35.622 @T t=149739 s=0.000 lv=-38.9 pk=-37.2 c0=4.6 c1=8.2 kw=8.01 inf=3.15 iv=1.23 n=2 d=0 sk=0 hf=98144 hm=97256 ht=283428 pf=0 pm=0 pt=0 ru=233404 rp=234292
17:56:35.622 @T t=149845 s=0.000 lv=-40.4 pk=-38.7 c0=3.3 c1=7.9 kw=7.54 inf=1.79 iv=1.21 n=2 d=0 sk=2 hf=98144 hm=97256 ht=283428 pf=0 pm=0 pt=0 ru=233404 rp=234292
17:56:35.622 @T t=149951 s=0.000 lv=-39.5 pk=-37.8 c0=3.3 c1=6.3 kw=5.87 inf=1.85 iv=0.00 n=0 d=0 sk=3 hf=98144 hm=97256 ht=283428 pf=0 pm=0 pt=0 ru=233404 rp=234292
17:56:35.622 @T t=150057 s=0.000 lv=-39.7 pk=-39.4 c0=6.8 c1=5.1 kw=4.93 inf=1.52 iv=0.00 n=0 d=0 sk=3 hf=98144 hm=97256 ht=283428 pf=0 pm=0 pt=0 ru=233404 rp=234292
17:56:35.622 @T t=150143 s=0.000 lv=-40.9 pk=-39.8 c0=3.9 c1=5.0 kw=4.90 inf=1.83 iv=0.00 n=0 d=0 sk=2 hf=98144 hm=97256 ht=283428 pf=0 pm=0 pt=0 ru=233404 rp=234292
17:56:35.622 @I ww=marvin cut=0.50 win=5 cool=1000 tick=100 wifi=0 srv=0 li=0 ln=0
17:56:35.622 @T t=150254 s=0.000 lv=-40.3 pk=-37.7 c0=4.1 c1=6.6 kw=5.68 inf=1.37 iv=0.00 n=0 d=0 sk=4 hf=98144 hm=97256 ht=283428 pf=0 pm=0 pt=0 ru=233404 rp=234292
17:56:35.622 @T t=150340 s=0.000 lv=-38.8 pk=-37.6 c0=7.3 c1=5.0 kw=4.89 inf=1.83 iv=0.00 n=0 d=0 sk=2 hf=98144 hm=97256 ht=283428 pf=0 pm=0 pt=0 ru=233404 rp=234292
17:56:35.622 @T t=150446 s=0.000 lv=-39.2 pk=-37.5 c0=4.7 c1=6.4 kw=6.04 inf=1.39 iv=0.00 n=0 d=0 sk=4 hf=98144 hm=97256 ht=283428 pf=0 pm=0 pt=0 ru=233404 rp=234292
17:56:35.622 @T t=150552 s=0.000 lv=-39.3 pk=-37.7 c0=4.6 c1=5.2 kw=5.01 inf=1.54 iv=0.00 n=0 d=0 sk=3 hf=98144 hm=97256 ht=283428 pf=0 pm=0 pt=0 ru=233404 rp=234292
17:56:35.622 @T t=150658 s=0.000 lv=-40.8 pk=-39.8 c0=3.9 c1=5.1 kw=4.93 inf=1.52 iv=0.00 n=0 d=0 sk=3 hf=98144 hm=97256 ht=283428 pf=0 pm=0 pt=0 ru=233404 rp=234292
17:56:35.622 @T t=150744 s=0.000 lv=-40.2 pk=-38.8 c0=3.9 c1=5.1 kw=4.95 inf=1.85 iv=0.00 n=0 d=0 sk=2 hf=98144 hm=97256 ht=283428 pf=0 pm=0 pt=0 ru=233404 rp=234292
17:56:35.622 @T t=150850 s=0.000 lv=-41.6 pk=-39.5 c0=3.8 c1=6.2 kw=5.98 inf=1.38 iv=0.00 n=0 d=0 sk=4 hf=98144 hm=97256 ht=283428 pf=0 pm=0 pt=0 ru=233404 rp=234292
17:56:35.622 @T t=150956 s=0.000 lv=-38.8 pk=-37.9 c0=4.0 c1=5.2 kw=5.01 inf=1.54 iv=0.00 n=0 d=0 sk=3 hf=98144 hm=97256 ht=283428 pf=0 pm=0 pt=0 ru=233404 rp=234292
17:56:35.622 @T t=151042 s=0.000 lv=-37.9 pk=-35.1 c0=5.0 c1=17.9 kw=17.68 inf=1.33 iv=0.98 n=11 d=0 sk=0 hf=98144 hm=97256 ht=283428 pf=0 pm=0 pt=0 ru=233404 rp=234292
17:56:35.622 @T t=151151 s=0.000 lv=-38.2 pk=-37.0 c0=4.0 c1=10.5 kw=10.28 inf=2.59 iv=1.14 n=4 d=0 sk=0 hf=98144 hm=97256 ht=283428 pf=0 pm=0 pt=0 ru=233404 rp=234292
17:56:35.622 @I ww=marvin cut=0.50 win=5 cool=1000 tick=100 wifi=0 srv=0 li=0 ln=0
17:56:37.981 [status] up 151s | mic -35.7 dBFS (peak -26.1) | score max 0.00 | detections 0 | inferences 259 (25.9/s; model 1.19 ms each, paused in quiet 24%; features 1.40 ms per 30 ms) | CPU core0  5.1% core1  8.8% (wake word pipeline 8.57% of one core) | RAM used 227 KB (peak 228 KB, 95 KB free) | wifi --, server -- | audio lost since boot: i2s 0 net 0
17:56:37.981 @T t=151244 s=0.000 lv=-39.4 pk=-36.8 c0=10.4 c1=10.5 kw=9.39 inf=2.72 iv=1.38 n=3 d=0 sk=0 hf=98144 hm=97256 ht=283428 pf=0 pm=0 pt=0 ru=233404 rp=234292
17:56:37.981 @T t=151350 s=0.000 lv=-38.9 pk=-37.4 c0=6.8 c1=11.3 kw=11.01 inf=2.70 iv=1.22 n=4 d=0 sk=0 hf=98144 hm=97256 ht=283428 pf=0 pm=0 pt=0 ru=233404 rp=234292
17:56:37.981 @T t=151456 s=0.000 lv=-41.2 pk=-39.5 c0=4.2 c1=9.2 kw=8.98 inf=2.93 iv=1.31 n=3 d=0 sk=0 hf=98144 hm=97256 ht=283428 pf=0 pm=0 pt=0 ru=233404 rp=234292
17:56:37.981 @T t=151542 s=0.000 lv=-38.8 pk=-38.1 c0=5.1 c1=9.9 kw=9.63 inf=2.56 iv=1.25 n=3 d=0 sk=0 hf=98144 hm=97256 ht=283428 pf=0 pm=0 pt=0 ru=233404 rp=234292
17:56:37.981 @T t=151648 s=0.000 lv=-35.9 pk=-32.3 c0=4.2 c1=11.1 kw=10.82 inf=2.65 iv=1.19 n=4 d=0 sk=0 hf=98144 hm=97256 ht=283428 pf=0 pm=0 pt=0 ru=233404 rp=234292
17:56:37.981 @T t=151754 s=0.000 lv=-38.7 pk=-37.2 c0=3.9 c1=8.7 kw=8.50 inf=2.76 iv=1.15 n=3 d=0 sk=0 hf=98144 hm=97256 ht=283428 pf=0 pm=0 pt=0 ru=233404 rp=234292
17:56:37.981 @T t=151840 s=0.000 lv=-39.5 pk=-37.9 c0=4.0 c1=9.4 kw=9.24 inf=2.46 iv=1.18 n=3 d=0 sk=0 hf=98144 hm=97256 ht=283428 pf=0 pm=0 pt=0 ru=233404 rp=234292
17:56:37.981 @T t=151946 s=0.000 lv=-39.8 pk=-38.3 c0=6.7 c1=10.1 kw=8.76 inf=2.11 iv=0.91 n=4 d=0 sk=0 hf=98144 hm=97256 ht=283428 pf=0 pm=0 pt=0 ru=233404 rp=234292
17:56:37.981 @T t=152052 s=0.000 lv=-40.9 pk=-39.3 c0=5.9 c1=9.8 kw=10.35 inf=3.42 iv=1.52 n=3 d=0 sk=0 hf=98144 hm=97256 ht=283428 pf=0 pm=0 pt=0 ru=233404 rp=234292
17:56:37.981 @T t=152158 s=0.000 lv=-41.1 pk=-40.0 c0=7.0 c1=9.7 kw=9.52 inf=2.34 iv=1.14 n=4 d=0 sk=0 hf=98144 hm=97256 ht=283428 pf=0 pm=0 pt=0 ru=233404 rp=234292
17:56:37.981 @I ww=marvin cut=0.50 win=5 cool=1000 tick=100 wifi=0 srv=0 li=0 ln=0
17:56:37.981 @T t=152249 s=0.000 lv=-38.8 pk=-37.8 c0=5.4 c1=11.5 kw=10.42 inf=2.92 iv=1.28 n=3 d=0 sk=0 hf=98144 hm=97256 ht=283428 pf=0 pm=0 pt=0 ru=233404 rp=234292
17:56:37.981 @T t=152355 s=0.000 lv=-39.8 pk=-39.0 c0=3.3 c1=8.4 kw=8.27 inf=2.69 iv=1.11 n=3 d=0 sk=0 hf=98144 hm=97256 ht=283428 pf=0 pm=0 pt=0 ru=233404 rp=234292
17:56:37.981 @T t=152441 s=0.000 lv=-40.0 pk=-39.3 c0=4.1 c1=9.4 kw=9.13 inf=2.43 iv=1.14 n=3 d=0 sk=0 hf=98144 hm=97256 ht=283428 pf=0 pm=0 pt=0 ru=233404 rp=234292
17:56:37.981 @T t=152547 s=0.000 lv=-39.7 pk=-38.9 c0=3.8 c1=10.8 kw=10.52 inf=2.58 iv=1.13 n=4 d=0 sk=0 hf=98144 hm=97256 ht=283428 pf=0 pm=0 pt=0 ru=233404 rp=234292
17:56:37.981 @T t=152653 s=0.000 lv=-38.5 pk=-37.6 c0=6.0 c1=8.5 kw=8.35 inf=2.72 iv=1.11 n=3 d=0 sk=0 hf=98144 hm=97256 ht=283428 pf=0 pm=0 pt=0 ru=233404 rp=234292
17:56:37.981 @T t=152739 s=0.000 lv=-41.4 pk=-41.1 c0=4.0 c1=9.1 kw=8.94 inf=2.37 iv=1.10 n=3 d=0 sk=0 hf=98144 hm=97256 ht=283428 pf=0 pm=0 pt=0 ru=233404 rp=234292
17:56:37.981 @T t=152845 s=0.000 lv=-39.4 pk=-38.4 c0=5.0 c1=9.2 kw=8.60 inf=2.75 iv=1.12 n=3 d=0 sk=0 hf=98144 hm=97256 ht=283428 pf=0 pm=0 pt=0 ru=233404 rp=234292
17:56:37.981 @T t=152954 s=0.000 lv=-38.7 pk=-37.0 c0=9.6 c1=10.9 kw=10.94 inf=2.80 iv=1.35 n=4 d=0 sk=0 hf=98144 hm=97256 ht=283428 pf=0 pm=0 pt=0 ru=233404 rp=234292
17:56:37.981 @T t=153040 s=0.000 lv=-39.8 pk=-38.7 c0=4.1 c1=9.3 kw=9.11 inf=2.42 iv=1.15 n=3 d=0 sk=0 hf=98144 hm=97256 ht=283428 pf=0 pm=0 pt=0 ru=233404 rp=234292
17:56:37.981 @T t=153146 s=0.000 lv=-39.1 pk=-37.4 c0=4.2 c1=10.2 kw=8.81 inf=2.12 iv=0.92 n=4 d=0 sk=0 hf=98144 hm=97256 ht=283428 pf=0 pm=0 pt=0 ru=233404 rp=234292
17:56:37.981 @I ww=marvin cut=0.50 win=5 cool=1000 tick=100 wifi=0 srv=0 li=0 ln=0
17:56:37.981 @T t=153257 s=0.000 lv=-41.3 pk=-40.2 c0=5.2 c1=10.7 kw=10.42 inf=3.61 iv=1.64 n=3 d=0 sk=0 hf=98144 hm=97256 ht=283428 pf=0 pm=0 pt=0 ru=233404 rp=234292
17:56:37.981 @T t=153343 s=0.000 lv=-42.4 pk=-41.4 c0=5.1 c1=5.1 kw=4.95 inf=1.85 iv=0.00 n=0 d=0 sk=2 hf=98144 hm=97256 ht=283428 pf=0 pm=0 pt=0 ru=233404 rp=234292
17:56:37.981 @T t=153449 s=0.000 lv=-41.4 pk=-40.1 c0=3.9 c1=6.2 kw=5.96 inf=1.37 iv=0.00 n=0 d=0 sk=4 hf=98144 hm=97256 ht=283428 pf=0 pm=0 pt=0 ru=233404 rp=234292
17:56:40.481 @T t=153555 s=0.000 lv=-41.2 pk=-40.8 c0=4.0 c1=5.2 kw=4.99 inf=1.54 iv=0.00 n=0 d=0 sk=3 hf=98144 hm=97256 ht=283428 pf=0 pm=0 pt=0 ru=233404 rp=234292
17:56:40.481 @T t=153641 s=0.000 lv=-41.2 pk=-40.0 c0=4.0 c1=5.0 kw=4.89 inf=1.83 iv=0.00 n=0 d=0 sk=2 hf=98144 hm=97256 ht=283428 pf=0 pm=0 pt=0 ru=233404 rp=234292
17:56:40.481 @T t=153747 s=0.000 lv=-41.6 pk=-40.6 c0=3.7 c1=6.1 kw=5.93 inf=1.37 iv=0.00 n=0 d=0 sk=4 hf=98144 hm=97256 ht=283428 pf=0 pm=0 pt=0 ru=233404 rp=234292
17:56:40.481 @T t=153853 s=0.000 lv=-41.3 pk=-40.2 c0=4.1 c1=5.3 kw=5.00 inf=1.54 iv=0.00 n=0 d=0 sk=3 hf=98144 hm=97256 ht=283428 pf=0 pm=0 pt=0 ru=233404 rp=234292
17:56:40.481 @T t=153939 s=0.000 lv=-40.0 pk=-38.4 c0=4.8 c1=5.0 kw=5.03 inf=1.88 iv=0.00 n=0 d=0 sk=2 hf=98144 hm=97256 ht=283428 pf=0 pm=0 pt=0 ru=233404 rp=234292
17:56:40.481 @T t=154045 s=0.000 lv=-41.0 pk=-38.6 c0=4.1 c1=5.5 kw=5.14 inf=1.54 iv=0.00 n=0 d=0 sk=3 hf=98144 hm=97256 ht=283428 pf=0 pm=0 pt=0 ru=233404 rp=234292
17:56:40.481 @T t=154151 s=0.000 lv=-42.0 pk=-39.7 c0=3.6 c1=6.3 kw=5.83 inf=1.84 iv=0.00 n=0 d=0 sk=3 hf=98144 hm=97256 ht=283428 pf=0 pm=0 pt=0 ru=233404 rp=234292
17:56:40.481 @I ww=marvin cut=0.50 win=5 cool=1000 tick=100 wifi=0 srv=0 li=0 ln=0
17:56:40.481 @T t=154243 s=0.000 lv=-41.9 pk=-39.8 c0=5.8 c1=4.9 kw=4.65 inf=1.86 iv=0.00 n=0 d=0 sk=2 hf=98144 hm=97256 ht=283428 pf=0 pm=0 pt=0 ru=233404 rp=234292
17:56:40.481 @T t=154352 s=0.000 lv=-35.9 pk=-29.5 c0=3.2 c1=18.3 kw=18.08 inf=1.45 iv=1.00 n=13 d=0 sk=0 hf=98144 hm=97256 ht=283428 pf=0 pm=0 pt=0 ru=233404 rp=234292
17:56:40.481 @T t=154458 s=0.000 lv=-40.6 pk=-39.3 c0=3.3 c1=9.7 kw=9.48 inf=2.34 iv=1.14 n=4 d=0 sk=0 hf=98144 hm=97256 ht=283428 pf=0 pm=0 pt=0 ru=233404 rp=234292
17:56:40.481 @T t=154544 s=0.000 lv=-42.1 pk=-40.1 c0=4.6 c1=8.4 kw=8.16 inf=3.21 iv=1.28 n=2 d=0 sk=0 hf=98144 hm=97256 ht=283428 pf=0 pm=0 pt=0 ru=233404 rp=234292
17:56:40.482 @T t=154652 s=0.000 lv=-42.1 pk=-41.3 c0=8.2 c1=10.7 kw=10.48 inf=2.61 iv=1.17 n=4 d=0 sk=0 hf=98144 hm=97256 ht=283428 pf=0 pm=0 pt=0 ru=233404 rp=234292
17:56:40.482 @T t=154758 s=0.000 lv=-40.9 pk=-40.2 c0=3.3 c1=9.6 kw=9.44 inf=2.32 iv=1.13 n=4 d=0 sk=0 hf=98144 hm=97256 ht=283428 pf=0 pm=0 pt=0 ru=233404 rp=234292
17:56:40.482 @T t=154844 s=0.000 lv=-40.3 pk=-38.4 c0=4.1 c1=8.2 kw=7.97 inf=3.14 iv=1.21 n=2 d=0 sk=0 hf=98144 hm=97256 ht=283428 pf=0 pm=0 pt=0 ru=233404 rp=234292
17:56:40.482 @T t=154953 s=0.000 lv=-37.4 pk=-33.1 c0=3.7 c1=10.6 kw=10.37 inf=2.60 iv=1.15 n=4 d=0 sk=0 hf=98144 hm=97256 ht=283428 pf=0 pm=0 pt=0 ru=233404 rp=234292
17:56:40.482 @T t=155039 s=0.000 lv=-41.5 pk=-41.3 c0=7.4 c1=9.2 kw=9.03 inf=2.40 iv=1.13 n=3 d=0 sk=0 hf=98144 hm=97256 ht=283428 pf=0 pm=0 pt=0 ru=233404 rp=234292
17:56:40.482 @T t=155145 s=0.000 lv=-36.0 pk=-34.4 c0=3.3 c1=8.9 kw=8.49 inf=2.72 iv=1.14 n=3 d=0 sk=0 hf=98144 hm=97256 ht=283428 pf=0 pm=0 pt=0 ru=233404 rp=234292
17:56:40.482 @I ww=marvin cut=0.50 win=5 cool=1000 tick=100 wifi=0 srv=0 li=0 ln=0
17:56:40.482 @T t=155256 s=0.000 lv=-34.6 pk=-32.8 c0=14.2 c1=12.3 kw=12.20 inf=3.20 iv=1.66 n=4 d=0 sk=0 hf=98144 hm=97256 ht=283428 pf=0 pm=0 pt=0 ru=233404 rp=234292
17:56:40.482 @T t=155345 s=0.000 lv=-37.7 pk=-36.9 c0=4.5 c1=9.8 kw=9.35 inf=2.54 iv=1.24 n=3 d=0 sk=0 hf=98144 hm=97256 ht=283428 pf=0 pm=0 pt=0 ru=233404 rp=234292
17:56:40.482 @T t=155452 s=0.001 lv=-40.1 pk=-38.5 c0=4.7 c1=11.4 kw=11.34 inf=2.86 iv=1.42 n=4 d=0 sk=0 hf=98144 hm=97256 ht=283428 pf=0 pm=0 pt=0 ru=233404 rp=234292
17:56:40.482 @T t=155558 s=0.005 lv=-35.8 pk=-30.5 c0=7.4 c1=9.1 kw=8.88 inf=2.90 iv=1.28 n=3 d=0 sk=0 hf=98144 hm=97256 ht=283428 pf=0 pm=0 pt=0 ru=233404 rp=234292
17:56:40.482 @T t=155644 s=0.006 lv=-39.7 pk=-38.8 c0=5.1 c1=10.1 kw=9.84 inf=2.63 iv=1.31 n=3 d=0 sk=0 hf=98144 hm=97256 ht=283428 pf=0 pm=0 pt=0 ru=233404 rp=234292
17:56:40.482 @T t=155753 s=0.005 lv=-40.9 pk=-39.3 c0=4.1 c1=11.0 kw=10.76 inf=2.71 iv=1.24 n=4 d=0 sk=0 hf=98144 hm=97256 ht=283428 pf=0 pm=0 pt=0 ru=233404 rp=234292
17:56:40.482 @T t=155842 s=0.002 lv=-39.4 pk=-38.5 c0=4.8 c1=9.2 kw=9.01 inf=2.48 iv=1.19 n=3 d=0 sk=0 hf=98144 hm=97256 ht=283428 pf=0 pm=0 pt=0 ru=233404 rp=234292
17:56:40.482 @T t=155948 s=0.002 lv=-41.6 pk=-40.7 c0=3.6 c1=10.8 kw=10.60 inf=2.60 iv=1.16 n=4 d=0 sk=0 hf=98144 hm=97256 ht=283428 pf=0 pm=0 pt=0 ru=233404 rp=234292
17:56:43.071 @T t=156053 s=0.000 lv=-41.5 pk=-39.6 c0=4.1 c1=8.8 kw=8.62 inf=2.79 iv=1.20 n=3 d=0 sk=0 hf=98144 hm=97256 ht=283428 pf=0 pm=0 pt=0 ru=233404 rp=234292
17:56:43.071 @T t=156139 s=0.000 lv=-34.6 pk=-30.1 c0=5.1 c1=10.0 kw=9.76 inf=2.60 iv=1.29 n=3 d=0 sk=0 hf=98144 hm=97256 ht=283428 pf=0 pm=0 pt=0 ru=233404 rp=234292
17:56:43.071 @I ww=marvin cut=0.50 win=5 cool=1000 tick=100 wifi=0 srv=0 li=0 ln=0
17:56:43.071 @T t=156250 s=0.000 lv=-39.2 pk=-38.6 c0=6.0 c1=11.1 kw=10.83 inf=2.79 iv=1.28 n=4 d=0 sk=0 hf=98144 hm=97256 ht=283428 pf=0 pm=0 pt=0 ru=233404 rp=234292
17:56:43.072 @T t=156356 s=0.000 lv=-40.8 pk=-39.7 c0=4.2 c1=9.2 kw=8.96 inf=2.93 iv=1.30 n=3 d=0 sk=0 hf=98144 hm=97256 ht=283428 pf=0 pm=0 pt=0 ru=233404 rp=234292
17:56:43.072 @T t=156442 s=0.000 lv=-41.1 pk=-40.2 c0=5.1 c1=9.5 kw=9.25 inf=2.46 iv=1.18 n=3 d=0 sk=0 hf=98144 hm=97256 ht=283428 pf=0 pm=0 pt=0 ru=233404 rp=234292
17:56:43.072 @T t=156548 s=0.000 lv=-40.4 pk=-39.3 c0=3.5 c1=10.9 kw=10.65 inf=2.61 iv=1.17 n=4 d=0 sk=0 hf=98144 hm=97256 ht=283428 pf=0 pm=0 pt=0 ru=233404 rp=234292
17:56:43.072 @T t=156654 s=0.000 lv=-39.5 pk=-36.8 c0=4.3 c1=8.8 kw=8.58 inf=2.80 iv=1.19 n=3 d=0 sk=0 hf=98144 hm=97256 ht=283428 pf=0 pm=0 pt=0 ru=233404 rp=234292
17:56:43.072 @T t=156740 s=0.000 lv=-34.1 pk=-28.8 c0=4.1 c1=9.4 kw=9.24 inf=2.46 iv=1.17 n=3 d=0 sk=0 hf=98144 hm=97256 ht=283428 pf=0 pm=0 pt=0 ru=233404 rp=234292
17:56:43.072 @T t=156846 s=0.000 lv=-39.9 pk=-38.8 c0=6.5 c1=9.9 kw=8.62 inf=2.76 iv=1.16 n=3 d=0 sk=0 hf=98144 hm=97256 ht=283428 pf=0 pm=0 pt=0 ru=233404 rp=234292
17:56:43.072 @T t=156952 s=0.000 lv=-38.7 pk=-37.3 c0=3.9 c1=10.1 kw=10.56 inf=2.62 iv=1.18 n=4 d=0 sk=0 hf=98144 hm=97256 ht=283428 pf=0 pm=0 pt=0 ru=233404 rp=234292
17:56:43.072 @T t=157058 s=0.000 lv=-39.1 pk=-37.8 c0=3.3 c1=8.7 kw=8.50 inf=2.77 iv=1.17 n=3 d=0 sk=0 hf=98144 hm=97256 ht=283428 pf=0 pm=0 pt=0 ru=233404 rp=234292
17:56:43.072 @T t=157144 s=0.000 lv=-38.9 pk=-38.4 c0=8.0 c1=9.5 kw=9.29 inf=2.47 iv=1.18 n=3 d=0 sk=0 hf=98144 hm=97256 ht=283428 pf=0 pm=0 pt=0 ru=233404 rp=234292
17:56:43.072 @I ww=marvin cut=0.50 win=5 cool=1000 tick=100 wifi=0 srv=0 li=0 ln=0
17:56:43.072 @T t=157255 s=0.000 lv=-39.4 pk=-38.1 c0=5.3 c1=11.2 kw=10.90 inf=2.80 iv=1.32 n=4 d=0 sk=0 hf=98144 hm=97256 ht=283428 pf=0 pm=0 pt=0 ru=233404 rp=234292
17:56:43.072 @T t=157341 s=0.000 lv=-38.7 pk=-37.2 c0=4.7 c1=9.8 kw=9.55 inf=2.54 iv=1.23 n=3 d=0 sk=0 hf=98144 hm=97256 ht=283428 pf=0 pm=0 pt=0 ru=233404 rp=234292
17:56:43.072 @T t=157447 s=0.000 lv=-35.1 pk=-30.0 c0=3.3 c1=10.6 kw=10.41 inf=2.55 iv=1.13 n=4 d=0 sk=0 hf=98144 hm=97256 ht=283428 pf=0 pm=0 pt=0 ru=233404 rp=234292
17:56:43.072 @T t=157553 s=0.000 lv=-41.1 pk=-40.3 c0=6.5 c1=8.6 kw=8.37 inf=2.72 iv=1.14 n=3 d=0 sk=0 hf=98144 hm=97256 ht=283428 pf=0 pm=0 pt=0 ru=233404 rp=234292
17:56:43.072 @T t=157639 s=0.000 lv=-41.8 pk=-40.6 c0=10.1 c1=9.5 kw=9.18 inf=2.44 iv=1.17 n=3 d=0 sk=0 hf=98144 hm=97256 ht=283428 pf=0 pm=0 pt=0 ru=233404 rp=234292
17:56:43.072 @T t=157748 s=0.000 lv=-39.3 pk=-38.1 c0=3.6 c1=10.6 kw=10.36 inf=2.61 iv=1.16 n=4 d=0 sk=0 hf=98144 hm=97256 ht=283428 pf=0 pm=0 pt=0 ru=233404 rp=234292
17:56:43.072 @T t=157854 s=0.000 lv=-39.6 pk=-38.5 c0=4.6 c1=8.8 kw=8.57 inf=2.79 iv=1.19 n=3 d=0 sk=0 hf=98144 hm=97256 ht=283428 pf=0 pm=0 pt=0 ru=233404 rp=234292
17:56:43.072 @T t=157940 s=0.000 lv=-39.7 pk=-38.7 c0=5.1 c1=10.0 kw=9.75 inf=2.60 iv=1.29 n=3 d=0 sk=0 hf=98144 hm=97256 ht=283428 pf=0 pm=0 pt=0 ru=233404 rp=234292
17:56:43.072 @T t=158046 s=0.000 lv=-34.2 pk=-28.8 c0=4.2 c1=10.4 kw=9.08 inf=2.92 iv=1.29 n=3 d=0 sk=0 hf=98144 hm=97256 ht=283428 pf=0 pm=0 pt=0 ru=233404 rp=234292
17:56:43.072 @T t=158152 s=0.000 lv=-41.0 pk=-40.2 c0=4.2 c1=10.3 kw=10.77 inf=2.68 iv=1.23 n=4 d=0 sk=0 hf=98144 hm=97256 ht=283428 pf=0 pm=0 pt=0 ru=233404 rp=234292
17:56:43.072 @I ww=marvin cut=0.50 win=5 cool=1000 tick=100 wifi=0 srv=0 li=0 ln=0
17:56:43.072 @T t=158243 s=0.000 lv=-41.1 pk=-40.1 c0=6.4 c1=10.5 kw=9.43 inf=2.67 iv=1.35 n=3 d=0 sk=0 hf=98144 hm=97256 ht=283428 pf=0 pm=0 pt=0 ru=233404 rp=234292
17:56:43.072 @T t=158351 s=0.000 lv=-42.0 pk=-40.9 c0=3.4 c1=10.7 kw=10.51 inf=2.62 iv=1.18 n=4 d=0 sk=0 hf=98144 hm=97256 ht=283428 pf=0 pm=0 pt=0 ru=233404 rp=234292
17:56:43.072 @T t=158457 s=0.000 lv=-42.6 pk=-41.6 c0=4.1 c1=8.7 kw=8.54 inf=2.78 iv=1.19 n=3 d=0 sk=0 hf=98144 hm=97256 ht=283428 pf=0 pm=0 pt=0 ru=233404 rp=234292
17:56:43.072 @T t=158543 s=0.000 lv=-34.9 pk=-29.9 c0=5.1 c1=10.0 kw=9.73 inf=2.60 iv=1.29 n=3 d=0 sk=0 hf=98144 hm=97256 ht=283428 pf=0 pm=0 pt=0 ru=233404 rp=234292
17:56:45.565 @T t=158651 s=0.000 lv=-40.8 pk=-40.1 c0=4.0 c1=11.1 kw=10.81 inf=2.70 iv=1.24 n=4 d=0 sk=0 hf=98144 hm=97256 ht=283428 pf=0 pm=0 pt=0 ru=233404 rp=234292
17:56:45.565 @T t=158757 s=0.000 lv=-40.9 pk=-40.1 c0=4.2 c1=9.0 kw=8.80 inf=2.87 iv=1.25 n=3 d=0 sk=0 hf=98144 hm=97256 ht=283428 pf=0 pm=0 pt=0 ru=233404 rp=234292
17:56:45.565 @T t=158843 s=0.000 lv=-41.6 pk=-40.5 c0=4.9 c1=9.4 kw=9.16 inf=2.44 iv=1.16 n=3 d=0 sk=0 hf=98144 hm=97256 ht=283428 pf=0 pm=0 pt=0 ru=233404 rp=234292
17:56:45.565 @T t=158948 s=0.000 lv=-41.8 pk=-40.0 c0=4.1 c1=10.8 kw=10.52 inf=2.54 iv=1.10 n=4 d=0 sk=0 hf=98144 hm=97256 ht=283428 pf=0 pm=0 pt=0 ru=233404 rp=234292
17:56:45.565 @T t=159054 s=0.000 lv=-41.0 pk=-39.8 c0=3.7 c1=8.6 kw=8.45 inf=2.75 iv=1.16 n=3 d=0 sk=0 hf=98144 hm=97256 ht=283428 pf=0 pm=0 pt=0 ru=233404 rp=234292
17:56:45.565 @T t=159140 s=0.000 lv=-39.2 pk=-37.0 c0=4.1 c1=9.3 kw=9.10 inf=2.42 iv=1.14 n=3 d=0 sk=0 hf=98144 hm=97256 ht=283428 pf=0 pm=0 pt=0 ru=233404 rp=234292
17:56:45.565 @I ww=marvin cut=0.50 win=5 cool=1000 tick=100 wifi=0 srv=0 li=0 ln=0
17:56:45.565 @T t=159252 s=0.000 lv=-38.9 pk=-37.2 c0=11.6 c1=11.4 kw=10.46 inf=2.72 iv=1.24 n=4 d=0 sk=0 hf=98144 hm=97256 ht=283428 pf=0 pm=0 pt=0 ru=233404 rp=234292
17:56:45.565 @T t=159358 s=0.000 lv=-37.0 pk=-34.6 c0=3.8 c1=8.8 kw=8.62 inf=2.81 iv=1.20 n=3 d=0 sk=0 hf=98144 hm=97256 ht=283428 pf=0 pm=0 pt=0 ru=233404 rp=234292
17:56:45.565 @T t=159444 s=0.000 lv=-38.3 pk=-37.9 c0=4.1 c1=9.2 kw=9.08 inf=2.41 iv=1.13 n=3 d=0 sk=0 hf=98144 hm=97256 ht=283428 pf=0 pm=0 pt=0 ru=233404 rp=234292
17:56:45.565 @T t=159553 s=0.000 lv=-40.3 pk=-38.7 c0=8.6 c1=10.3 kw=10.04 inf=2.52 iv=1.08 n=4 d=0 sk=0 hf=98144 hm=97256 ht=283428 pf=0 pm=0 pt=0 ru=233404 rp=234292
17:56:45.565 @T t=159639 s=0.000 lv=-39.9 pk=-39.6 c0=4.2 c1=8.1 kw=7.96 inf=3.14 iv=1.21 n=2 d=0 sk=0 hf=98144 hm=97256 ht=283428 pf=0 pm=0 pt=0 ru=233404 rp=234292
17:56:45.565 @T t=159745 s=0.000 lv=-39.5 pk=-39.1 c0=3.8 c1=10.3 kw=9.83 inf=2.39 iv=1.17 n=4 d=0 sk=0 hf=98144 hm=97256 ht=283428 pf=0 pm=0 pt=0 ru=233404 rp=234292
17:56:45.565 @T t=159851 s=0.000 lv=-40.5 pk=-38.5 c0=3.3 c1=10.6 kw=10.16 inf=2.52 iv=1.09 n=4 d=0 sk=0 hf=98144 hm=97256 ht=283428 pf=0 pm=0 pt=0 ru=233404 rp=234292
17:56:45.565 @T t=159957 s=0.000 lv=-40.0 pk=-38.4 c0=3.4 c1=8.6 kw=8.40 inf=2.73 iv=1.15 n=3 d=0 sk=0 hf=98144 hm=97256 ht=283428 pf=0 pm=0 pt=0 ru=233404 rp=234292
17:56:45.565 @T t=160045 s=0.000 lv=-40.3 pk=-39.0 c0=8.0 c1=9.4 kw=9.23 inf=2.45 iv=1.18 n=3 d=0 sk=0 hf=97956 hm=97256 ht=283428 pf=0 pm=0 pt=0 ru=233592 rp=234292
17:56:45.565 @T t=160151 s=0.000 lv=-38.3 pk=-36.4 c0=5.8 c1=11.2 kw=10.93 inf=2.73 iv=1.18 n=4 d=0 sk=0 hf=98144 hm=97256 ht=283428 pf=0 pm=0 pt=0 ru=233404 rp=234292
17:56:45.565 @I ww=marvin cut=0.50 win=5 cool=1000 tick=100 wifi=0 srv=0 li=0 ln=0
17:56:45.565 @T t=160242 s=0.000 lv=-38.8 pk=-37.7 c0=6.3 c1=9.0 kw=7.90 inf=3.29 iv=1.28 n=2 d=0 sk=0 hf=98144 hm=97256 ht=283428 pf=0 pm=0 pt=0 ru=233404 rp=234292
17:56:45.565 @T t=160348 s=0.000 lv=-41.6 pk=-39.7 c0=4.2 c1=11.2 kw=10.98 inf=2.69 iv=1.24 n=4 d=0 sk=0 hf=98144 hm=97256 ht=283428 pf=0 pm=0 pt=0 ru=233404 rp=234292
17:56:45.565 @T t=160454 s=0.000 lv=-38.9 pk=-38.4 c0=4.2 c1=10.3 kw=10.04 inf=2.48 iv=1.24 n=4 d=0 sk=0 hf=98144 hm=97256 ht=283428 pf=0 pm=0 pt=0 ru=233404 rp=234292
17:56:45.565 @T t=160540 s=0.000 lv=-40.4 pk=-39.5 c0=5.1 c1=8.1 kw=7.87 inf=3.10 iv=1.19 n=2 d=0 sk=0 hf=98144 hm=97256 ht=283428 pf=0 pm=0 pt=0 ru=233404 rp=234292
17:56:45.565 @T t=160646 s=0.000 lv=-40.4 pk=-38.2 c0=3.4 c1=10.8 kw=10.61 inf=2.60 iv=1.16 n=4 d=0 sk=0 hf=98144 hm=97256 ht=283428 pf=0 pm=0 pt=0 ru=233404 rp=234292
17:56:45.565 @T t=160752 s=0.000 lv=-38.6 pk=-37.4 c0=4.5 c1=10.0 kw=9.75 inf=2.41 iv=1.17 n=4 d=0 sk=0 hf=98144 hm=97256 ht=283428 pf=0 pm=0 pt=0 ru=233404 rp=234292
17:56:45.565 @T t=160858 s=0.000 lv=-39.8 pk=-38.6 c0=4.3 c1=8.9 kw=8.73 inf=2.85 iv=1.21 n=3 d=0 sk=0 hf=98144 hm=97256 ht=283428 pf=0 pm=0 pt=0 ru=233404 rp=234292
17:56:45.565 @T t=160944 s=0.000 lv=-41.3 pk=-40.5 c0=5.1 c1=6.9 kw=6.75 inf=2.62 iv=1.44 n=1 d=0 sk=1 hf=98144 hm=97256 ht=283428 pf=0 pm=0 pt=0 ru=233404 rp=234292
17:56:45.565 @T t=161053 s=0.000 lv=-38.8 pk=-37.4 c0=3.8 c1=6.1 kw=5.95 inf=1.41 iv=0.00 n=0 d=0 sk=4 hf=98144 hm=97256 ht=283428 pf=0 pm=0 pt=0 ru=233404 rp=234292
17:56:47.872 @T t=161139 s=0.000 lv=-38.9 pk=-37.7 c0=4.9 c1=5.1 kw=4.93 inf=1.85 iv=0.00 n=0 d=0 sk=2 hf=98144 hm=97256 ht=283428 pf=0 pm=0 pt=0 ru=233404 rp=234292
17:56:47.872 @I ww=marvin cut=0.50 win=5 cool=1000 tick=100 wifi=0 srv=0 li=0 ln=0
17:56:47.872 [status] up 161s | mic -39.1 dBFS (peak -28.8) | score max 0.01 | detections 0 | inferences 301 (30.1/s; model 1.20 ms each, paused in quiet 10%; features 1.43 ms per 30 ms) | CPU core0  5.0% core1  9.4% (wake word pipeline 9.14% of one core) | RAM used 227 KB (peak 228 KB, 95 KB free) | wifi --, server -- | audio lost since boot: i2s 0 net 0
17:56:47.872 @T t=161253 s=0.000 lv=-39.9 pk=-38.6 c0=24.9 c1=6.7 kw=5.69 inf=1.41 iv=0.00 n=0 d=0 sk=4 hf=98144 hm=97256 ht=283428 pf=0 pm=0 pt=0 ru=233404 rp=234292
17:56:47.872 @T t=161339 s=0.000 lv=-40.8 pk=-39.5 c0=4.5 c1=5.0 kw=4.94 inf=1.85 iv=0.00 n=0 d=0 sk=2 hf=98144 hm=97256 ht=283428 pf=0 pm=0 pt=0 ru=233404 rp=234292
17:56:47.872 @T t=161445 s=0.000 lv=-38.3 pk=-35.2 c0=3.6 c1=17.1 kw=16.65 inf=1.40 iv=1.00 n=12 d=0 sk=0 hf=98144 hm=97256 ht=283428 pf=0 pm=0 pt=0 ru=233404 rp=234292
17:56:47.872 @T t=161554 s=0.000 lv=-40.9 pk=-39.8 c0=3.3 c1=10.4 kw=10.42 inf=2.66 iv=1.25 n=4 d=0 sk=0 hf=98144 hm=97256 ht=283428 pf=0 pm=0 pt=0 ru=233404 rp=234292
17:56:47.872 @T t=161640 s=0.000 lv=-39.1 pk=-37.1 c0=4.0 c1=9.1 kw=8.93 inf=2.37 iv=1.11 n=3 d=0 sk=0 hf=98144 hm=97256 ht=283428 pf=0 pm=0 pt=0 ru=233404 rp=234292
17:56:47.872 @T t=161746 s=0.000 lv=-37.3 pk=-35.8 c0=3.7 c1=9.9 kw=8.53 inf=2.73 iv=1.13 n=3 d=0 sk=0 hf=98144 hm=97256 ht=283428 pf=0 pm=0 pt=0 ru=233404 rp=234292
17:56:47.872 @T t=161855 s=0.000 lv=-40.0 pk=-39.5 c0=3.2 c1=9.4 kw=10.30 inf=2.63 iv=1.14 n=4 d=0 sk=0 hf=98144 hm=97256 ht=283428 pf=0 pm=0 pt=0 ru=233404 rp=234292
17:56:47.872 @T t=161941 s=0.000 lv=-41.2 pk=-39.4 c0=4.0 c1=9.1 kw=8.95 inf=2.38 iv=1.11 n=3 d=0 sk=0 hf=98144 hm=97256 ht=283428 pf=0 pm=0 pt=0 ru=233404 rp=234292
17:56:47.872 @T t=162047 s=0.000 lv=-38.3 pk=-35.1 c0=3.3 c1=10.5 kw=10.25 inf=2.51 iv=1.08 n=4 d=0 sk=0 hf=98144 hm=97256 ht=283428 pf=0 pm=0 pt=0 ru=233404 rp=234292
17:56:47.872 @T t=162153 s=0.000 lv=-38.8 pk=-37.5 c0=7.0 c1=8.7 kw=8.48 inf=2.76 iv=1.16 n=3 d=0 sk=0 hf=98144 hm=97256 ht=283428 pf=0 pm=0 pt=0 ru=233404 rp=234292
17:56:47.872 @I ww=marvin cut=0.50 win=5 cool=1000 tick=100 wifi=0 srv=0 li=0 ln=0
17:56:47.872 @T t=162244 s=0.000 lv=-41.6 pk=-40.7 c0=5.3 c1=10.4 kw=9.31 inf=2.63 iv=1.33 n=3 d=0 sk=0 hf=98144 hm=97256 ht=283428 pf=0 pm=0 pt=0 ru=233404 rp=234292
17:56:47.872 @T t=162352 s=0.000 lv=-40.8 pk=-39.9 c0=3.2 c1=10.7 kw=10.43 inf=2.60 iv=1.14 n=4 d=0 sk=0 hf=98144 hm=97256 ht=283428 pf=0 pm=0 pt=0 ru=233404 rp=234292
17:56:47.872 @T t=162458 s=0.000 lv=-40.6 pk=-39.8 c0=5.0 c1=8.8 kw=8.44 inf=2.75 iv=1.16 n=3 d=0 sk=0 hf=98144 hm=97256 ht=283428 pf=0 pm=0 pt=0 ru=233404 rp=234292
17:56:47.872 @T t=162547 s=0.000 lv=-40.2 pk=-38.9 c0=4.4 c1=10.6 kw=10.44 inf=2.86 iv=1.25 n=3 d=0 sk=0 hf=98144 hm=97256 ht=283428 pf=0 pm=0 pt=0 ru=233404 rp=234292
17:56:47.872 @T t=162653 s=0.000 lv=-36.7 pk=-34.2 c0=4.1 c1=10.2 kw=9.96 inf=2.46 iv=1.23 n=4 d=0 sk=0 hf=98144 hm=97256 ht=283428 pf=0 pm=0 pt=0 ru=233404 rp=234292
17:56:47.872 @T t=162739 s=0.000 lv=-39.0 pk=-38.3 c0=5.1 c1=8.8 kw=8.58 inf=3.40 iv=1.43 n=2 d=0 sk=0 hf=98144 hm=97256 ht=283428 pf=0 pm=0 pt=0 ru=233404 rp=234292
17:56:47.872 @T t=162845 s=0.000 lv=-40.0 pk=-37.7 c0=4.2 c1=10.6 kw=10.16 inf=2.48 iv=1.25 n=4 d=0 sk=0 hf=98144 hm=97256 ht=283428 pf=0 pm=0 pt=0 ru=233404 rp=234292
17:56:47.872 @T t=162951 s=0.000 lv=-34.7 pk=-33.6 c0=4.3 c1=11.3 kw=10.81 inf=2.68 iv=1.21 n=4 d=0 sk=0 hf=98144 hm=97256 ht=283428 pf=0 pm=0 pt=0 ru=233404 rp=234292
17:56:47.872 @T t=163057 s=0.000 lv=-36.9 pk=-35.6 c0=4.0 c1=8.0 kw=8.24 inf=2.70 iv=1.12 n=3 d=0 sk=0 hf=98144 hm=97256 ht=283428 pf=0 pm=0 pt=0 ru=233404 rp=234292
17:56:47.872 @T t=163143 s=0.000 lv=-38.3 pk=-36.4 c0=6.7 c1=10.1 kw=9.39 inf=2.48 iv=1.19 n=3 d=0 sk=0 hf=98144 hm=97256 ht=283428 pf=0 pm=0 pt=0 ru=233404 rp=234292
17:56:47.872 @I ww=marvin cut=0.50 win=5 cool=1000 tick=100 wifi=0 srv=0 li=0 ln=0
17:56:47.872 @T t=163254 s=0.000 lv=-38.2 pk=-37.1 c0=5.2 c1=11.7 kw=10.71 inf=2.75 iv=1.28 n=4 d=0 sk=0 hf=98144 hm=97256 ht=283428 pf=0 pm=0 pt=0 ru=233404 rp=234292
17:56:47.872 @T t=163340 s=0.000 lv=-39.3 pk=-38.1 c0=5.1 c1=8.6 kw=8.41 inf=3.33 iv=1.36 n=2 d=0 sk=0 hf=98144 hm=97256 ht=283428 pf=0 pm=0 pt=0 ru=233404 rp=234292
17:56:50.381 @T t=163446 s=0.000 lv=-40.7 pk=-39.4 c0=4.2 c1=11.0 kw=10.78 inf=2.64 iv=1.19 n=4 d=0 sk=0 hf=98144 hm=97256 ht=283428 pf=0 pm=0 pt=0 ru=233404 rp=234292
17:56:50.381 @T t=163552 s=0.000 lv=-38.8 pk=-36.9 c0=4.3 c1=10.2 kw=9.94 inf=2.45 iv=1.22 n=4 d=0 sk=0 hf=98144 hm=97256 ht=283428 pf=0 pm=0 pt=0 ru=233404 rp=234292
17:56:50.381 @T t=163641 s=0.000 lv=-36.3 pk=-34.7 c0=3.8 c1=7.8 kw=7.67 inf=3.13 iv=1.20 n=2 d=0 sk=0 hf=98144 hm=97256 ht=283428 pf=0 pm=0 pt=0 ru=233404 rp=234292
17:56:50.381 @T t=163747 s=0.000 lv=-38.7 pk=-36.8 c0=4.3 c1=11.3 kw=11.04 inf=2.71 iv=1.25 n=4 d=0 sk=0 hf=98144 hm=97256 ht=283428 pf=0 pm=0 pt=0 ru=233404 rp=234292
17:56:50.381 @T t=163853 s=0.000 lv=-36.0 pk=-35.5 c0=4.1 c1=10.2 kw=9.82 inf=2.42 iv=1.21 n=4 d=0 sk=0 hf=98144 hm=97256 ht=283428 pf=0 pm=0 pt=0 ru=233404 rp=234292
17:56:50.381 @T t=163939 s=0.000 lv=-37.9 pk=-36.5 c0=4.1 c1=8.0 kw=7.98 inf=3.14 iv=1.24 n=2 d=0 sk=0 hf=98144 hm=97256 ht=283428 pf=0 pm=0 pt=0 ru=233404 rp=234292
17:56:50.381 @T t=164045 s=0.000 lv=-37.5 pk=-32.5 c0=6.5 c1=10.0 kw=9.64 inf=2.34 iv=1.14 n=4 d=0 sk=0 hf=98144 hm=97256 ht=283428 pf=0 pm=0 pt=0 ru=233404 rp=234292
17:56:50.381 @T t=164151 s=0.000 lv=-35.7 pk=-33.9 c0=7.0 c1=11.1 kw=10.57 inf=2.62 iv=1.17 n=4 d=0 sk=0 hf=98144 hm=97256 ht=283428 pf=0 pm=0 pt=0 ru=233404 rp=234292
17:56:50.381 @I ww=marvin cut=0.50 win=5 cool=1000 tick=100 wifi=0 srv=0 li=0 ln=0
17:56:50.381 @T t=164242 s=0.000 lv=-33.9 pk=-33.3 c0=5.4 c1=8.8 kw=7.74 inf=3.23 iv=1.25 n=2 d=0 sk=0 hf=98144 hm=97256 ht=283428 pf=0 pm=0 pt=0 ru=233404 rp=234292
17:56:50.381 @T t=164348 s=0.000 lv=-33.4 pk=-31.8 c0=3.4 c1=10.9 kw=10.66 inf=2.61 iv=1.18 n=4 d=0 sk=0 hf=98144 hm=97256 ht=283428 pf=0 pm=0 pt=0 ru=233404 rp=234292
17:56:50.382 @T t=164454 s=0.000 lv=-41.8 pk=-41.0 c0=3.3 c1=9.6 kw=9.44 inf=2.32 iv=1.14 n=4 d=0 sk=0 hf=98144 hm=97256 ht=283428 pf=0 pm=0 pt=0 ru=233404 rp=234292
17:56:50.382 @T t=164540 s=0.001 lv=-41.8 pk=-39.0 c0=8.7 c1=8.4 kw=8.21 inf=3.24 iv=1.30 n=2 d=0 sk=0 hf=98144 hm=97256 ht=283428 pf=0 pm=0 pt=0 ru=233404 rp=234292
17:56:50.382 @T t=164646 s=0.002 lv=-40.3 pk=-39.1 c0=3.4 c1=10.9 kw=10.65 inf=2.61 iv=1.16 n=4 d=0 sk=0 hf=98144 hm=97256 ht=283428 pf=0 pm=0 pt=0 ru=233404 rp=234292
17:56:50.382 @T t=164752 s=0.001 lv=-40.1 pk=-39.1 c0=3.3 c1=9.7 kw=9.47 inf=2.33 iv=1.14 n=4 d=0 sk=0 hf=98144 hm=97256 ht=283428 pf=0 pm=0 pt=0 ru=233404 rp=234292
17:56:50.382 @T t=164858 s=0.000 lv=-39.5 pk=-38.8 c0=3.4 c1=8.7 kw=8.47 inf=2.76 iv=1.16 n=3 d=0 sk=0 hf=98144 hm=97256 ht=283428 pf=0 pm=0 pt=0 ru=233404 rp=234292
17:56:50.382 @T t=164945 s=0.000 lv=-41.8 pk=-39.8 c0=9.1 c1=10.0 kw=9.45 inf=2.49 iv=1.19 n=3 d=0 sk=0 hf=98144 hm=97256 ht=283428 pf=0 pm=0 pt=0 ru=233404 rp=234292
17:56:50.382 @T t=165051 s=0.000 lv=-38.1 pk=-36.6 c0=4.2 c1=11.2 kw=10.68 inf=2.65 iv=1.19 n=4 d=0 sk=0 hf=98144 hm=97256 ht=283428 pf=0 pm=0 pt=0 ru=233404 rp=234292
17:56:50.382 @T t=165157 s=0.000 lv=-40.8 pk=-38.6 c0=4.3 c1=9.0 kw=8.82 inf=2.87 iv=1.24 n=3 d=0 sk=0 hf=98144 hm=97256 ht=283428 pf=0 pm=0 pt=0 ru=233404 rp=234292
17:56:50.382 @I ww=marvin cut=0.50 win=5 cool=1000 tick=100 wifi=0 srv=0 li=0 ln=0
17:56:50.382 @T t=165248 s=0.000 lv=-38.8 pk=-37.7 c0=6.5 c1=11.9 kw=10.75 inf=3.02 iv=1.33 n=3 d=0 sk=0 hf=98144 hm=97256 ht=283428 pf=0 pm=0 pt=0 ru=233404 rp=234292
17:56:50.382 @T t=165354 s=0.000 lv=-40.8 pk=-39.7 c0=4.4 c1=10.1 kw=9.89 inf=2.44 iv=1.25 n=4 d=0 sk=0 hf=98144 hm=97256 ht=283428 pf=0 pm=0 pt=0 ru=233404 rp=234292
17:56:50.382 @T t=165440 s=0.000 lv=-37.3 pk=-36.0 c0=4.1 c1=8.1 kw=7.93 inf=3.13 iv=1.20 n=2 d=0 sk=0 hf=98144 hm=97256 ht=283428 pf=0 pm=0 pt=0 ru=233404 rp=234292
17:56:50.382 @T t=165546 s=0.000 lv=-36.9 pk=-35.9 c0=4.2 c1=11.1 kw=10.80 inf=2.65 iv=1.19 n=4 d=0 sk=0 hf=98144 hm=97256 ht=283428 pf=0 pm=0 pt=0 ru=233404 rp=234292
17:56:50.382 @T t=165652 s=0.000 lv=-39.3 pk=-37.6 c0=4.2 c1=9.9 kw=9.68 inf=2.38 iv=1.17 n=4 d=0 sk=0 hf=98144 hm=97256 ht=283428 pf=0 pm=0 pt=0 ru=233404 rp=234292
17:56:50.382 @T t=165758 s=0.000 lv=-35.7 pk=-34.3 c0=4.1 c1=9.1 kw=8.86 inf=2.89 iv=1.27 n=3 d=0 sk=0 hf=98144 hm=97256 ht=283428 pf=0 pm=0 pt=0 ru=233404 rp=234292
17:56:50.382 @T t=165844 s=0.000 lv=-37.1 pk=-35.0 c0=5.1 c1=9.5 kw=9.34 inf=2.48 iv=1.19 n=3 d=0 sk=0 hf=98144 hm=97256 ht=283428 pf=0 pm=0 pt=0 ru=233404 rp=234292
17:56:52.977 @T t=165953 s=0.000 lv=-39.0 pk=-38.4 c0=4.2 c1=10.7 kw=10.45 inf=2.62 iv=1.16 n=4 d=0 sk=0 hf=98144 hm=97256 ht=283428 pf=0 pm=0 pt=0 ru=233404 rp=234292
17:56:52.977 @T t=166042 s=0.000 lv=-39.3 pk=-38.7 c0=3.8 c1=7.8 kw=7.66 inf=3.13 iv=1.22 n=2 d=0 sk=0 hf=98144 hm=97256 ht=283428 pf=0 pm=0 pt=0 ru=233404 rp=234292
17:56:52.977 @T t=166148 s=0.000 lv=-37.0 pk=-36.2 c0=4.3 c1=10.9 kw=10.68 inf=2.61 iv=1.16 n=4 d=0 sk=0 hf=98144 hm=97256 ht=283428 pf=0 pm=0 pt=0 ru=233404 rp=234292
17:56:52.977 @I ww=marvin cut=0.50 win=5 cool=1000 tick=100 wifi=0 srv=0 li=0 ln=0
17:56:52.977 @T t=166239 s=0.000 lv=-36.7 pk=-36.1 c0=5.9 c1=10.7 kw=9.57 inf=2.71 iv=1.36 n=3 d=0 sk=0 hf=98144 hm=97256 ht=283428 pf=0 pm=0 pt=0 ru=233404 rp=234292
17:56:52.977 @T t=166345 s=0.000 lv=-38.5 pk=-36.7 c0=3.4 c1=8.9 kw=8.56 inf=2.75 iv=1.16 n=3 d=0 sk=0 hf=98144 hm=97256 ht=283428 pf=0 pm=0 pt=0 ru=233404 rp=234292
17:56:52.977 @T t=166451 s=0.000 lv=-38.0 pk=-36.8 c0=3.3 c1=10.4 kw=10.43 inf=2.59 iv=1.17 n=4 d=0 sk=0 hf=98144 hm=97256 ht=283428 pf=0 pm=0 pt=0 ru=233404 rp=234292
17:56:52.977 @T t=166557 s=0.000 lv=-38.1 pk=-37.5 c0=3.7 c1=9.3 kw=9.12 inf=2.24 iv=1.07 n=4 d=0 sk=0 hf=98144 hm=97256 ht=283428 pf=0 pm=0 pt=0 ru=233404 rp=234292
17:56:52.977 @T t=166643 s=0.000 lv=-37.9 pk=-37.0 c0=4.0 c1=8.1 kw=7.89 inf=3.11 iv=1.21 n=2 d=0 sk=0 hf=98144 hm=97256 ht=283428 pf=0 pm=0 pt=0 ru=233404 rp=234292
17:56:52.977 @T t=166752 s=0.000 lv=-37.0 pk=-34.4 c0=8.6 c1=10.2 kw=9.99 inf=2.51 iv=1.09 n=4 d=0 sk=0 hf=98144 hm=97256 ht=283428 pf=0 pm=0 pt=0 ru=233404 rp=234292
17:56:52.977 @T t=166858 s=0.000 lv=-34.9 pk=-33.6 c0=3.4 c1=9.7 kw=9.46 inf=2.33 iv=1.13 n=4 d=0 sk=0 hf=98144 hm=97256 ht=283428 pf=0 pm=0 pt=0 ru=233404 rp=234292
17:56:52.977 @T t=166944 s=0.000 lv=-38.7 pk=-36.1 c0=8.6 c1=8.1 kw=7.92 inf=3.11 iv=1.19 n=2 d=0 sk=0 hf=98144 hm=97256 ht=283428 pf=0 pm=0 pt=0 ru=233404 rp=234292
17:56:52.977 @T t=167053 s=0.000 lv=-42.7 pk=-41.3 c0=8.7 c1=10.5 kw=10.24 inf=2.58 iv=1.15 n=4 d=0 sk=0 hf=98144 hm=97256 ht=283428 pf=0 pm=0 pt=0 ru=233404 rp=234292
17:56:52.977 @T t=167139 s=0.000 lv=-41.8 pk=-40.9 c0=4.0 c1=9.4 kw=9.17 inf=2.44 iv=1.16 n=3 d=0 sk=0 hf=98144 hm=97256 ht=283428 pf=0 pm=0 pt=0 ru=233404 rp=234292
17:56:52.977 @I ww=marvin cut=0.50 win=5 cool=1000 tick=100 wifi=0 srv=0 li=0 ln=0
17:56:52.977 @T t=167251 s=0.000 lv=-40.3 pk=-39.1 c0=4.5 c1=11.5 kw=10.54 inf=2.74 iv=1.28 n=4 d=0 sk=0 hf=98144 hm=97256 ht=283428 pf=0 pm=0 pt=0 ru=233404 rp=234292
17:56:52.977 @T t=167357 s=0.002 lv=-41.1 pk=-40.1 c0=5.5 c1=9.4 kw=9.07 inf=2.96 iv=1.34 n=3 d=0 sk=0 hf=98144 hm=97256 ht=283428 pf=0 pm=0 pt=0 ru=233404 rp=234292
17:56:52.977 @T t=167443 s=0.002 lv=-39.4 pk=-38.6 c0=5.1 c1=10.1 kw=9.87 inf=2.64 iv=1.31 n=3 d=0 sk=0 hf=98144 hm=97256 ht=283428 pf=0 pm=0 pt=0 ru=233404 rp=234292
17:56:52.977 @T t=167549 s=0.002 lv=-41.1 pk=-39.5 c0=4.3 c1=11.3 kw=11.03 inf=2.70 iv=1.25 n=4 d=0 sk=0 hf=98144 hm=97256 ht=283428 pf=0 pm=0 pt=0 ru=233404 rp=234292
17:56:52.977 @T t=167658 s=0.000 lv=-39.8 pk=-38.2 c0=3.9 c1=8.5 kw=8.34 inf=2.79 iv=1.17 n=3 d=0 sk=0 hf=98144 hm=97256 ht=283428 pf=0 pm=0 pt=0 ru=233404 rp=234292
17:56:52.977 @T t=167744 s=0.000 lv=-39.1 pk=-37.6 c0=7.3 c1=9.5 kw=9.26 inf=2.47 iv=1.18 n=3 d=0 sk=0 hf=98144 hm=97256 ht=283428 pf=0 pm=0 pt=0 ru=233404 rp=234292
17:56:52.977 @T t=167850 s=0.000 lv=-39.4 pk=-38.0 c0=7.2 c1=10.9 kw=10.67 inf=2.61 iv=1.17 n=4 d=0 sk=0 hf=98144 hm=97256 ht=283428 pf=0 pm=0 pt=0 ru=233404 rp=234292
17:56:52.977 @T t=167956 s=0.000 lv=-40.2 pk=-39.1 c0=4.4 c1=8.9 kw=8.72 inf=2.84 iv=1.23 n=3 d=0 sk=0 hf=98144 hm=97256 ht=283428 pf=0 pm=0 pt=0 ru=233404 rp=234292
17:56:52.977 @T t=168042 s=0.000 lv=-41.0 pk=-39.9 c0=5.1 c1=9.9 kw=9.63 inf=2.57 iv=1.25 n=3 d=0 sk=0 hf=98144 hm=97256 ht=283428 pf=0 pm=0 pt=0 ru=233404 rp=234292
17:56:52.977 @T t=168148 s=0.000 lv=-40.3 pk=-39.1 c0=4.2 c1=11.1 kw=10.80 inf=2.65 iv=1.19 n=4 d=0 sk=0 hf=98144 hm=97256 ht=283428 pf=0 pm=0 pt=0 ru=233404 rp=234292
17:56:52.977 @I ww=marvin cut=0.50 win=5 cool=1000 tick=100 wifi=0 srv=0 li=0 ln=0
17:56:52.977 @T t=168239 s=0.000 lv=-40.5 pk=-39.4 c0=6.3 c1=10.3 kw=9.21 inf=2.60 iv=1.28 n=3 d=0 sk=0 hf=98144 hm=97256 ht=283428 pf=0 pm=0 pt=0 ru=233404 rp=234292
17:56:52.977 @T t=168345 s=0.000 lv=-40.3 pk=-37.5 c0=3.5 c1=9.0 kw=8.60 inf=2.76 iv=1.17 n=3 d=0 sk=0 hf=98144 hm=97256 ht=283428 pf=0 pm=0 pt=0 ru=233404 rp=234292
17:56:52.977 @T t=168451 s=0.000 lv=-40.5 pk=-39.3 c0=4.2 c1=9.7 kw=9.71 inf=2.40 iv=1.31 n=3 d=0 sk=1 hf=98144 hm=97256 ht=283428 pf=0 pm=0 pt=0 ru=233404 rp=234292
17:56:55.469 @T t=168557 s=0.000 lv=-37.3 pk=-36.0 c0=4.2 c1=5.2 kw=5.05 inf=1.55 iv=0.00 n=0 d=0 sk=3 hf=98144 hm=97256 ht=283428 pf=0 pm=0 pt=0 ru=233404 rp=234292
17:56:55.470 @T t=168643 s=0.000 lv=-37.4 pk=-36.0 c0=4.5 c1=5.0 kw=4.91 inf=1.84 iv=0.00 n=0 d=0 sk=2 hf=98144 hm=97256 ht=283428 pf=0 pm=0 pt=0 ru=233404 rp=234292
17:56:55.470 @T t=168749 s=0.000 lv=-40.3 pk=-39.8 c0=3.0 c1=6.0 kw=5.88 inf=1.36 iv=0.00 n=0 d=0 sk=4 hf=98144 hm=97256 ht=283428 pf=0 pm=0 pt=0 ru=233404 rp=234292
17:56:55.470 @T t=168855 s=0.000 lv=-39.8 pk=-37.0 c0=3.1 c1=5.0 kw=4.90 inf=1.51 iv=0.00 n=0 d=0 sk=3 hf=98144 hm=97256 ht=283428 pf=0 pm=0 pt=0 ru=233404 rp=234292
17:56:55.470 @T t=168942 s=0.000 lv=-41.6 pk=-40.2 c0=3.7 c1=4.9 kw=4.81 inf=1.82 iv=0.00 n=0 d=0 sk=2 hf=98144 hm=97256 ht=283428 pf=0 pm=0 pt=0 ru=233404 rp=234292
17:56:55.470 @T t=169048 s=0.000 lv=-39.7 pk=-38.3 c0=3.3 c1=6.1 kw=5.93 inf=1.37 iv=0.00 n=0 d=0 sk=4 hf=98144 hm=97256 ht=283428 pf=0 pm=0 pt=0 ru=233404 rp=234292
17:56:55.470 @T t=169154 s=0.000 lv=-38.3 pk=-37.1 c0=3.1 c1=5.1 kw=4.95 inf=1.53 iv=0.00 n=0 d=0 sk=3 hf=98144 hm=97256 ht=283428 pf=0 pm=0 pt=0 ru=233404 rp=234292
17:56:55.470 @I ww=marvin cut=0.50 win=5 cool=1000 tick=100 wifi=0 srv=0 li=0 ln=0
17:56:55.470 @T t=169246 s=0.000 lv=-40.2 pk=-38.8 c0=4.9 c1=6.8 kw=5.73 inf=1.53 iv=0.00 n=0 d=0 sk=3 hf=98144 hm=97256 ht=283428 pf=0 pm=0 pt=0 ru=233404 rp=234292
17:56:55.470 @T t=169352 s=0.000 lv=-40.9 pk=-39.2 c0=3.8 c1=5.1 kw=4.96 inf=1.53 iv=0.00 n=0 d=0 sk=3 hf=98144 hm=97256 ht=283428 pf=0 pm=0 pt=0 ru=233404 rp=234292
17:56:55.470 @T t=169458 s=0.000 lv=-41.7 pk=-40.3 c0=3.1 c1=5.0 kw=4.91 inf=1.51 iv=0.00 n=0 d=0 sk=3 hf=98144 hm=97256 ht=283428 pf=0 pm=0 pt=0 ru=233404 rp=234292
17:56:55.470 @T t=169544 s=0.000 lv=-38.7 pk=-37.4 c0=3.6 c1=5.0 kw=4.84 inf=1.81 iv=0.00 n=0 d=0 sk=2 hf=98144 hm=97256 ht=283428 pf=0 pm=0 pt=0 ru=233404 rp=234292
17:56:55.470 @T t=169650 s=0.000 lv=-38.5 pk=-36.3 c0=3.0 c1=6.1 kw=5.92 inf=1.37 iv=0.00 n=0 d=0 sk=4 hf=98144 hm=97256 ht=283428 pf=0 pm=0 pt=0 ru=233404 rp=234292
17:56:55.470 @T t=169756 s=0.000 lv=-40.2 pk=-39.0 c0=5.1 c1=5.4 kw=5.09 inf=1.57 iv=0.00 n=0 d=0 sk=3 hf=98144 hm=97256 ht=283428 pf=0 pm=0 pt=0 ru=233404 rp=234292
17:56:55.470 @T t=169842 s=0.000 lv=-40.3 pk=-39.4 c0=5.0 c1=5.1 kw=4.97 inf=1.86 iv=0.00 n=0 d=0 sk=2 hf=98144 hm=97256 ht=283428 pf=0 pm=0 pt=0 ru=233404 rp=234292
17:56:55.470 @T t=169948 s=0.000 lv=-39.4 pk=-38.5 c0=4.0 c1=6.2 kw=6.03 inf=1.39 iv=0.00 n=0 d=0 sk=4 hf=98144 hm=97256 ht=283428 pf=0 pm=0 pt=0 ru=233404 rp=234292
17:56:55.470 @T t=170054 s=0.000 lv=-40.8 pk=-39.3 c0=3.9 c1=5.2 kw=5.00 inf=1.54 iv=0.00 n=0 d=0 sk=3 hf=98144 hm=97256 ht=283428 pf=0 pm=0 pt=0 ru=233404 rp=234292
17:56:55.470 @T t=170140 s=0.000 lv=-38.8 pk=-38.1 c0=3.9 c1=5.0 kw=4.93 inf=1.85 iv=0.00 n=0 d=0 sk=2 hf=98144 hm=97256 ht=283428 pf=0 pm=0 pt=0 ru=233404 rp=234292
17:56:55.470 @I ww=marvin cut=0.50 win=5 cool=1000 tick=100 wifi=0 srv=0 li=0 ln=0
17:56:55.470 @T t=170252 s=0.000 lv=-39.2 pk=-38.6 c0=4.7 c1=6.7 kw=5.74 inf=1.40 iv=0.00 n=0 d=0 sk=4 hf=98144 hm=97256 ht=283428 pf=0 pm=0 pt=0 ru=233404 rp=234292
17:56:55.470 @T t=170358 s=0.000 lv=-36.5 pk=-35.3 c0=4.2 c1=14.5 kw=14.28 inf=1.20 iv=0.96 n=10 d=0 sk=2 hf=98144 hm=97256 ht=283428 pf=0 pm=0 pt=0 ru=233404 rp=234292
17:56:55.470 @T t=170444 s=0.000 lv=-37.2 pk=-36.2 c0=5.5 c1=10.0 kw=9.76 inf=2.59 iv=1.27 n=3 d=0 sk=0 hf=98144 hm=97256 ht=283428 pf=0 pm=0 pt=0 ru=233404 rp=234292
17:56:55.470 @T t=170553 s=0.000 lv=-36.9 pk=-35.4 c0=4.2 c1=11.1 kw=10.86 inf=2.74 iv=1.26 n=4 d=0 sk=0 hf=98144 hm=97256 ht=283428 pf=0 pm=0 pt=0 ru=233404 rp=234292
17:56:55.470 @T t=170639 s=0.000 lv=-41.5 pk=-40.0 c0=4.1 c1=8.1 kw=7.94 inf=3.13 iv=1.23 n=2 d=0 sk=0 hf=98144 hm=97256 ht=283428 pf=0 pm=0 pt=0 ru=233404 rp=234292
17:56:55.470 @T t=170746 s=0.000 lv=-39.5 pk=-38.5 c0=4.5 c1=11.4 kw=11.12 inf=2.76 iv=1.29 n=4 d=0 sk=0 hf=98144 hm=97256 ht=283428 pf=0 pm=0 pt=0 ru=233404 rp=234292
17:56:55.470 @T t=170852 s=0.000 lv=-38.4 pk=-37.4 c0=7.5 c1=10.3 kw=10.08 inf=2.49 iv=1.24 n=4 d=0 sk=0 hf=98144 hm=97256 ht=283428 pf=0 pm=0 pt=0 ru=233404 rp=234292
17:56:55.470 @T t=170958 s=0.000 lv=-39.7 pk=-37.9 c0=4.5 c1=9.3 kw=9.05 inf=2.96 iv=1.32 n=3 d=0 sk=0 hf=98144 hm=97256 ht=283428 pf=0 pm=0 pt=0 ru=233404 rp=234292
17:56:57.661 @T t=171044 s=0.001 lv=-39.9 pk=-38.3 c0=4.7 c1=9.8 kw=9.52 inf=2.53 iv=1.25 n=3 d=0 sk=0 hf=98144 hm=97256 ht=283428 pf=0 pm=0 pt=0 ru=233404 rp=234292
17:56:57.661 @T t=171152 s=0.001 lv=-36.3 pk=-33.8 c0=3.1 c1=10.7 kw=10.49 inf=2.61 iv=1.15 n=4 d=0 sk=0 hf=98144 hm=97256 ht=283428 pf=0 pm=0 pt=0 ru=233404 rp=234292
17:56:57.661 @I ww=marvin cut=0.50 win=5 cool=1000 tick=100 wifi=0 srv=0 li=0 ln=0
17:56:57.661 [status] up 171s | mic -38.6 dBFS (peak -31.8) | score max 0.00 | detections 0 | inferences 282 (28.2/s; model 1.19 ms each, paused in quiet 18%; features 1.39 ms per 30 ms) | CPU core0  4.8% core1  9.1% (wake word pipeline 8.85% of one core) | RAM used 227 KB (peak 228 KB, 95 KB free) | wifi --, server -- | audio lost since boot: i2s 0 net 0
17:56:57.661 @T t=171266 s=0.000 lv=-39.0 pk=-37.2 c0=30.8 c1=10.6 kw=8.65 inf=2.99 iv=1.33 n=3 d=0 sk=0 hf=98144 hm=97256 ht=283428 pf=0 pm=0 pt=0 ru=233404 rp=234292
17:56:57.661 @T t=171352 s=0.000 lv=-39.6 pk=-39.0 c0=8.0 c1=9.6 kw=10.23 inf=2.75 iv=1.16 n=3 d=0 sk=0 hf=98144 hm=97256 ht=283428 pf=0 pm=0 pt=0 ru=233404 rp=234292
17:56:57.661 @T t=171458 s=0.000 lv=-35.0 pk=-33.7 c0=3.7 c1=9.9 kw=9.68 inf=2.39 iv=1.17 n=4 d=0 sk=0 hf=98144 hm=97256 ht=283428 pf=0 pm=0 pt=0 ru=233404 rp=234292
17:56:57.661 @T t=171544 s=0.000 lv=-35.4 pk=-34.9 c0=7.4 c1=8.1 kw=7.89 inf=3.11 iv=1.19 n=2 d=0 sk=0 hf=98144 hm=97256 ht=283428 pf=0 pm=0 pt=0 ru=233404 rp=234292
17:56:57.661 @T t=171650 s=0.000 lv=-37.7 pk=-37.0 c0=3.3 c1=10.7 kw=10.49 inf=2.56 iv=1.12 n=4 d=0 sk=0 hf=98144 hm=97256 ht=283428 pf=0 pm=0 pt=0 ru=233404 rp=234292
17:56:57.661 @T t=171756 s=0.001 lv=-36.1 pk=-35.5 c0=7.0 c1=10.0 kw=9.74 inf=2.40 iv=1.20 n=4 d=0 sk=0 hf=98144 hm=97256 ht=283428 pf=0 pm=0 pt=0 ru=233404 rp=234292
17:56:57.661 @T t=171842 s=0.001 lv=-35.2 pk=-34.2 c0=4.1 c1=8.2 kw=8.07 inf=3.19 iv=1.25 n=2 d=0 sk=0 hf=98144 hm=97256 ht=283428 pf=0 pm=0 pt=0 ru=233404 rp=234292
17:56:57.661 @T t=171948 s=0.002 lv=-35.8 pk=-34.5 c0=6.7 c1=10.8 kw=10.59 inf=2.59 iv=1.15 n=4 d=0 sk=0 hf=98144 hm=97256 ht=283428 pf=0 pm=0 pt=0 ru=233404 rp=234292
17:56:57.661 @T t=172054 s=0.002 lv=-37.5 pk=-36.1 c0=3.3 c1=9.7 kw=9.46 inf=2.33 iv=1.14 n=4 d=0 sk=0 hf=98144 hm=97256 ht=283428 pf=0 pm=0 pt=0 ru=233404 rp=234292
17:56:57.661 W (172470) wifi: cannot connect (reason 201). Check the name/password in menuconfig; the ESP32 needs a 2.4 GHz network (201 = network not found, 15/204 = wrong password)
17:56:57.661 @T t=172140 s=0.002 lv=-36.2 pk=-35.6 c0=9.8 c1=9.1 kw=8.73 inf=3.46 iv=1.48 n=2 d=0 sk=0 hf=98144 hm=97256 ht=283428 pf=0 pm=0 pt=0 ru=233404 rp=234292
17:56:57.661 @I ww=marvin cut=0.50 win=5 cool=1000 tick=100 wifi=0 srv=0 li=0 ln=0
17:56:57.661 @T t=172251 s=0.005 lv=-36.6 pk=-35.6 c0=5.8 c1=12.0 kw=11.00 inf=2.83 iv=1.34 n=4 d=0 sk=0 hf=98144 hm=97256 ht=283428 pf=0 pm=0 pt=0 ru=233404 rp=234292
17:56:57.661 @T t=172340 s=0.005 lv=-38.2 pk=-37.5 c0=4.8 c1=9.1 kw=8.94 inf=2.46 iv=1.17 n=3 d=0 sk=0 hf=98144 hm=97256 ht=283428 pf=0 pm=0 pt=0 ru=233404 rp=234292
17:56:57.661 @T t=172446 s=0.001 lv=-38.1 pk=-36.8 c0=3.4 c1=10.2 kw=8.87 inf=2.14 iv=0.93 n=4 d=0 sk=0 hf=98144 hm=97256 ht=283428 pf=0 pm=0 pt=0 ru=233404 rp=234292
17:56:57.661 @T t=172552 s=0.000 lv=-37.9 pk=-37.0 c0=4.1 c1=10.0 kw=10.47 inf=3.46 iv=1.55 n=3 d=0 sk=0 hf=98144 hm=97256 ht=283428 pf=0 pm=0 pt=0 ru=233404 rp=234292
17:56:57.661 @T t=172658 s=0.000 lv=-37.8 pk=-36.9 c0=4.2 c1=10.2 kw=9.93 inf=2.45 iv=1.23 n=4 d=0 sk=0 hf=98144 hm=97256 ht=283428 pf=0 pm=0 pt=0 ru=233404 rp=234292
17:56:57.661 @T t=172744 s=0.000 lv=-37.1 pk=-35.5 c0=5.2 c1=8.8 kw=8.55 inf=3.38 iv=1.42 n=2 d=0 sk=0 hf=98144 hm=97256 ht=283428 pf=0 pm=0 pt=0 ru=233404 rp=234292
17:56:57.661 @T t=172852 s=0.000 lv=-36.8 pk=-34.3 c0=4.0 c1=11.2 kw=10.93 inf=2.73 iv=1.25 n=4 d=0 sk=0 hf=98144 hm=97256 ht=283428 pf=0 pm=0 pt=0 ru=233404 rp=234292
17:56:57.661 @T t=172958 s=0.000 lv=-35.7 pk=-34.4 c0=4.3 c1=10.0 kw=9.80 inf=2.42 iv=1.20 n=4 d=0 sk=0 hf=98144 hm=97256 ht=283428 pf=0 pm=0 pt=0 ru=233404 rp=234292
17:56:57.661 @T t=173044 s=0.000 lv=-35.8 pk=-34.2 c0=4.1 c1=8.0 kw=7.82 inf=3.08 iv=1.17 n=2 d=0 sk=0 hf=98144 hm=97256 ht=283428 pf=0 pm=0 pt=0 ru=233404 rp=234292
17:56:57.661 @T t=173150 s=0.000 lv=-37.8 pk=-37.0 c0=4.2 c1=11.0 kw=10.73 inf=2.63 iv=1.17 n=4 d=0 sk=0 hf=98144 hm=97256 ht=283428 pf=0 pm=0 pt=0 ru=233404 rp=234292
17:56:57.661 @I ww=marvin cut=0.50 win=5 cool=1000 tick=100 wifi=0 srv=0 li=0 ln=0
17:57:00.181 @T t=173241 s=0.000 lv=-38.2 pk=-37.1 c0=6.4 c1=11.0 kw=9.85 inf=2.79 iv=1.43 n=3 d=0 sk=0 hf=98144 hm=97256 ht=283428 pf=0 pm=0 pt=0 ru=233404 rp=234292
17:57:00.181 @T t=173347 s=0.000 lv=-38.4 pk=-36.8 c0=4.2 c1=11.3 kw=11.07 inf=2.72 iv=1.26 n=4 d=0 sk=0 hf=98144 hm=97256 ht=283428 pf=0 pm=0 pt=0 ru=233404 rp=234292
17:57:00.181 @T t=173453 s=0.000 lv=-36.4 pk=-35.2 c0=3.9 c1=6.6 kw=6.47 inf=2.05 iv=1.42 n=1 d=0 sk=2 hf=98144 hm=97256 ht=283428 pf=0 pm=0 pt=0 ru=233404 rp=234292
17:57:00.181 @T t=173539 s=0.000 lv=-36.2 pk=-36.1 c0=4.0 c1=5.0 kw=4.88 inf=1.83 iv=0.00 n=0 d=0 sk=2 hf=98144 hm=97256 ht=283428 pf=0 pm=0 pt=0 ru=233404 rp=234292
17:57:00.181 @T t=173645 s=0.000 lv=-37.7 pk=-36.2 c0=3.0 c1=5.4 kw=5.02 inf=1.51 iv=0.00 n=0 d=0 sk=3 hf=98144 hm=97256 ht=283428 pf=0 pm=0 pt=0 ru=233404 rp=234292
17:57:00.181 @T t=173751 s=0.000 lv=-36.9 pk=-36.1 c0=2.9 c1=6.2 kw=5.76 inf=1.81 iv=0.00 n=0 d=0 sk=3 hf=98144 hm=97256 ht=283428 pf=0 pm=0 pt=0 ru=233404 rp=234292
17:57:00.181 @T t=173857 s=0.000 lv=-34.3 pk=-32.6 c0=6.7 c1=15.4 kw=15.21 inf=1.19 iv=0.97 n=11 d=0 sk=2 hf=98144 hm=97256 ht=283428 pf=0 pm=0 pt=0 ru=233404 rp=234292
17:57:00.181 @T t=173943 s=0.000 lv=-35.3 pk=-34.8 c0=4.1 c1=8.0 kw=7.85 inf=3.09 iv=1.18 n=2 d=0 sk=0 hf=98144 hm=97256 ht=283428 pf=0 pm=0 pt=0 ru=233404 rp=234292
17:57:00.181 @T t=174051 s=0.000 lv=-34.4 pk=-31.1 c0=3.0 c1=10.4 kw=10.16 inf=2.53 iv=1.09 n=4 d=0 sk=0 hf=98144 hm=97256 ht=283428 pf=0 pm=0 pt=0 ru=233404 rp=234292
17:57:00.181 @T t=174157 s=0.000 lv=-37.1 pk=-35.7 c0=3.8 c1=9.7 kw=9.50 inf=2.34 iv=1.14 n=4 d=0 sk=0 hf=98144 hm=97256 ht=283428 pf=0 pm=0 pt=0 ru=233404 rp=234292
17:57:00.181 @I ww=marvin cut=0.50 win=5 cool=1000 tick=100 wifi=0 srv=0 li=0 ln=0
17:57:00.181 @T t=174248 s=0.000 lv=-38.3 pk=-37.7 c0=5.5 c1=11.3 kw=10.34 inf=2.90 iv=1.29 n=3 d=0 sk=0 hf=98144 hm=97256 ht=283428 pf=0 pm=0 pt=0 ru=233404 rp=234292
17:57:00.181 @T t=174357 s=0.000 lv=-39.6 pk=-38.8 c0=3.1 c1=8.3 kw=8.15 inf=2.72 iv=1.14 n=3 d=0 sk=0 hf=98144 hm=97256 ht=283428 pf=0 pm=0 pt=0 ru=233404 rp=234292
17:57:00.181 @T t=174443 s=0.000 lv=-40.1 pk=-39.8 c0=4.0 c1=9.4 kw=9.18 inf=2.44 iv=1.16 n=3 d=0 sk=0 hf=98144 hm=97256 ht=283428 pf=0 pm=0 pt=0 ru=233404 rp=234292
17:57:00.181 @T t=174552 s=0.000 lv=-38.2 pk=-36.6 c0=10.5 c1=11.3 kw=11.03 inf=2.78 iv=1.23 n=4 d=0 sk=0 hf=98144 hm=97256 ht=283428 pf=0 pm=0 pt=0 ru=233404 rp=234292
17:57:00.181 @T t=174658 s=0.000 lv=-36.3 pk=-35.6 c0=4.3 c1=9.1 kw=8.92 inf=2.91 iv=1.29 n=3 d=0 sk=0 hf=98144 hm=97256 ht=283428 pf=0 pm=0 pt=0 ru=233404 rp=234292
17:57:00.181 @T t=174744 s=0.000 lv=-35.8 pk=-35.0 c0=4.1 c1=9.5 kw=9.34 inf=2.49 iv=1.20 n=3 d=0 sk=0 hf=98144 hm=97256 ht=283428 pf=0 pm=0 pt=0 ru=233404 rp=234292
17:57:00.181 @T t=174850 s=0.000 lv=-37.2 pk=-35.9 c0=5.0 c1=11.4 kw=11.11 inf=2.73 iv=1.28 n=4 d=0 sk=0 hf=98144 hm=97256 ht=283428 pf=0 pm=0 pt=0 ru=233404 rp=234292
17:57:00.181 @T t=174956 s=0.000 lv=-37.6 pk=-36.7 c0=4.3 c1=8.9 kw=8.72 inf=2.84 iv=1.24 n=3 d=0 sk=0 hf=98144 hm=97256 ht=283428 pf=0 pm=0 pt=0 ru=233404 rp=234292
17:57:00.181 @T t=175042 s=0.000 lv=-36.8 pk=-36.0 c0=5.1 c1=9.8 kw=9.56 inf=2.55 iv=1.24 n=3 d=0 sk=0 hf=98144 hm=97256 ht=283428 pf=0 pm=0 pt=0 ru=233404 rp=234292
17:57:00.181 @T t=175148 s=0.000 lv=-36.2 pk=-35.4 c0=4.2 c1=11.1 kw=10.85 inf=2.66 iv=1.21 n=4 d=0 sk=0 hf=98144 hm=97256 ht=283428 pf=0 pm=0 pt=0 ru=233404 rp=234292
17:57:00.181 @I ww=marvin cut=0.50 win=5 cool=1000 tick=100 wifi=0 srv=0 li=0 ln=0
17:57:00.181 @T t=175239 s=0.000 lv=-37.8 pk=-37.3 c0=7.7 c1=9.8 kw=9.58 inf=2.71 iv=1.41 n=3 d=0 sk=0 hf=98144 hm=97256 ht=283428 pf=0 pm=0 pt=0 ru=233404 rp=234292
17:57:00.181 @T t=175348 s=0.000 lv=-38.8 pk=-38.0 c0=3.1 c1=10.3 kw=10.16 inf=2.56 iv=1.14 n=4 d=0 sk=0 hf=98144 hm=97256 ht=283428 pf=0 pm=0 pt=0 ru=233404 rp=234292
17:57:00.181 @T t=175455 s=0.000 lv=-38.9 pk=-38.3 c0=7.1 c1=8.4 kw=8.25 inf=2.71 iv=1.13 n=3 d=0 sk=0 hf=98144 hm=97256 ht=283428 pf=0 pm=0 pt=0 ru=233404 rp=234292
17:57:00.181 @T t=175541 s=0.000 lv=-37.8 pk=-37.1 c0=9.2 c1=10.1 kw=9.85 inf=2.63 iv=1.30 n=3 d=0 sk=0 hf=98144 hm=97256 ht=283428 pf=0 pm=0 pt=0 ru=233404 rp=234292
17:57:00.181 @T t=175647 s=0.000 lv=-37.1 pk=-36.1 c0=4.1 c1=6.2 kw=6.04 inf=1.86 iv=0.00 n=0 d=0 sk=3 hf=98144 hm=97256 ht=283428 pf=0 pm=0 pt=0 ru=233404 rp=234292
17:57:02.771 @T t=175753 s=0.000 lv=-38.6 pk=-37.7 c0=3.9 c1=5.2 kw=5.03 inf=1.55 iv=0.00 n=0 d=0 sk=3 hf=98144 hm=97256 ht=283428 pf=0 pm=0 pt=0 ru=233404 rp=234292
17:57:02.771 @T t=175839 s=0.000 lv=-38.8 pk=-37.3 c0=4.6 c1=5.0 kw=4.88 inf=1.83 iv=0.00 n=0 d=0 sk=2 hf=98144 hm=97256 ht=283428 pf=0 pm=0 pt=0 ru=233404 rp=234292
17:57:02.771 @T t=175945 s=0.000 lv=-38.9 pk=-36.9 c0=3.2 c1=5.4 kw=5.10 inf=1.53 iv=0.00 n=0 d=0 sk=3 hf=98144 hm=97256 ht=283428 pf=0 pm=0 pt=0 ru=233404 rp=234292
17:57:02.771 @T t=176051 s=0.000 lv=-37.3 pk=-36.7 c0=3.0 c1=6.2 kw=5.79 inf=1.82 iv=0.00 n=0 d=0 sk=3 hf=98144 hm=97256 ht=283428 pf=0 pm=0 pt=0 ru=233404 rp=234292
17:57:02.771 @T t=176157 s=0.000 lv=-38.0 pk=-36.8 c0=6.2 c1=5.0 kw=4.88 inf=1.50 iv=0.00 n=0 d=0 sk=3 hf=98144 hm=97256 ht=283428 pf=0 pm=0 pt=0 ru=233404 rp=234292
17:57:02.771 @I ww=marvin cut=0.50 win=5 cool=1000 tick=100 wifi=0 srv=0 li=0 ln=0
17:57:02.771 @T t=176249 s=0.000 lv=-38.6 pk=-37.1 c0=14.3 c1=6.9 kw=5.79 inf=1.54 iv=0.00 n=0 d=0 sk=3 hf=98144 hm=97256 ht=283428 pf=0 pm=0 pt=0 ru=233404 rp=234292
17:57:02.771 @T t=176355 s=0.000 lv=-37.0 pk=-35.7 c0=6.0 c1=5.0 kw=4.93 inf=1.52 iv=0.00 n=0 d=0 sk=3 hf=98144 hm=97256 ht=283428 pf=0 pm=0 pt=0 ru=233404 rp=234292
17:57:02.771 @T t=176441 s=0.000 lv=-37.2 pk=-36.1 c0=7.7 c1=5.0 kw=4.87 inf=1.83 iv=0.00 n=0 d=0 sk=2 hf=98144 hm=97256 ht=283428 pf=0 pm=0 pt=0 ru=233404 rp=234292
17:57:02.771 @T t=176547 s=0.000 lv=-36.1 pk=-34.7 c0=3.0 c1=6.1 kw=5.91 inf=1.37 iv=0.00 n=0 d=0 sk=4 hf=98144 hm=97256 ht=283428 pf=0 pm=0 pt=0 ru=233404 rp=234292
17:57:02.771 @T t=176653 s=0.000 lv=-37.0 pk=-35.5 c0=3.9 c1=5.1 kw=4.92 inf=1.52 iv=0.00 n=0 d=0 sk=3 hf=98144 hm=97256 ht=283428 pf=0 pm=0 pt=0 ru=233404 rp=234292
17:57:02.771 @T t=176739 s=0.000 lv=-38.3 pk=-38.1 c0=3.8 c1=5.0 kw=4.89 inf=1.84 iv=0.00 n=0 d=0 sk=2 hf=98144 hm=97256 ht=283428 pf=0 pm=0 pt=0 ru=233404 rp=234292
17:57:02.771 @T t=176845 s=0.000 lv=-37.8 pk=-36.7 c0=3.0 c1=5.4 kw=5.04 inf=1.52 iv=0.00 n=0 d=0 sk=3 hf=98144 hm=97256 ht=283428 pf=0 pm=0 pt=0 ru=233404 rp=234292
17:57:02.771 @T t=176951 s=0.000 lv=-37.6 pk=-36.5 c0=8.0 c1=6.5 kw=5.92 inf=1.86 iv=0.00 n=0 d=0 sk=3 hf=98144 hm=97256 ht=283428 pf=0 pm=0 pt=0 ru=233404 rp=234292
17:57:02.771 @T t=177057 s=0.000 lv=-35.7 pk=-33.5 c0=4.6 c1=5.2 kw=5.07 inf=1.56 iv=0.00 n=0 d=0 sk=3 hf=98144 hm=97256 ht=283428 pf=0 pm=0 pt=0 ru=233404 rp=234292
17:57:02.771 @T t=177143 s=0.000 lv=-35.5 pk=-34.0 c0=4.0 c1=5.0 kw=4.89 inf=1.83 iv=0.00 n=0 d=0 sk=2 hf=98144 hm=97256 ht=283428 pf=0 pm=0 pt=0 ru=233404 rp=234292
17:57:02.771 @I ww=marvin cut=0.50 win=5 cool=1000 tick=100 wifi=0 srv=0 li=0 ln=0
17:57:02.771 @T t=177254 s=0.000 lv=-40.3 pk=-39.6 c0=11.6 c1=6.6 kw=5.72 inf=1.38 iv=0.00 n=0 d=0 sk=4 hf=98144 hm=97256 ht=283428 pf=0 pm=0 pt=0 ru=233404 rp=234292
17:57:02.771 @T t=177340 s=0.000 lv=-35.3 pk=-33.1 c0=5.1 c1=16.7 kw=16.48 inf=1.13 iv=0.97 n=10 d=0 sk=2 hf=98144 hm=97256 ht=283428 pf=0 pm=0 pt=0 ru=233404 rp=234292
17:57:02.771 @T t=177449 s=0.002 lv=-31.3 pk=-30.4 c0=4.0 c1=11.0 kw=10.73 inf=2.71 iv=1.24 n=4 d=0 sk=0 hf=98144 hm=97256 ht=283428 pf=0 pm=0 pt=0 ru=233404 rp=234292
17:57:02.771 @T t=177555 s=0.004 lv=-35.2 pk=-33.7 c0=4.2 c1=9.1 kw=8.94 inf=2.92 iv=1.30 n=3 d=0 sk=0 hf=98144 hm=97256 ht=283428 pf=0 pm=0 pt=0 ru=233404 rp=234292
17:57:02.771 @T t=177641 s=0.004 lv=-35.4 pk=-32.3 c0=5.1 c1=9.4 kw=9.23 inf=2.46 iv=1.17 n=3 d=0 sk=0 hf=98144 hm=97256 ht=283428 pf=0 pm=0 pt=0 ru=233404 rp=234292
17:57:02.771 @T t=177747 s=0.002 lv=-33.0 pk=-32.0 c0=3.4 c1=11.0 kw=10.77 inf=2.64 iv=1.19 n=4 d=0 sk=0 hf=98144 hm=97256 ht=283428 pf=0 pm=0 pt=0 ru=233404 rp=234292
17:57:02.771 @T t=177853 s=0.000 lv=-35.5 pk=-33.8 c0=4.2 c1=8.9 kw=8.57 inf=2.79 iv=1.20 n=3 d=0 sk=0 hf=98144 hm=97256 ht=283428 pf=0 pm=0 pt=0 ru=233404 rp=234292
17:57:02.771 @T t=177939 s=0.002 lv=-39.0 pk=-38.5 c0=5.2 c1=10.0 kw=9.94 inf=2.65 iv=1.32 n=3 d=0 sk=0 hf=98144 hm=97256 ht=283428 pf=0 pm=0 pt=0 ru=233404 rp=234292
17:57:02.771 @T t=178045 s=0.003 lv=-36.0 pk=-33.6 c0=4.2 c1=9.6 kw=9.16 inf=2.95 iv=1.32 n=3 d=0 sk=0 hf=98144 hm=97256 ht=283428 pf=0 pm=0 pt=0 ru=233404 rp=234292
17:57:02.771 @T t=178151 s=0.002 lv=-35.9 pk=-34.3 c0=6.9 c1=11.3 kw=11.30 inf=2.81 iv=1.35 n=4 d=0 sk=0 hf=98144 hm=97256 ht=283428 pf=0 pm=0 pt=0 ru=233404 rp=234292
17:57:02.771 @I ww=marvin cut=0.50 win=5 cool=1000 tick=100 wifi=0 srv=0 li=0 ln=0
17:57:02.771 @T t=178242 s=0.000 lv=-35.9 pk=-33.8 c0=6.1 c1=10.0 kw=8.95 inf=2.52 iv=1.22 n=3 d=0 sk=0 hf=98144 hm=97256 ht=283428 pf=0 pm=0 pt=0 ru=233404 rp=234292
17:57:05.270 @T t=178351 s=0.000 lv=-34.9 pk=-33.7 c0=3.1 c1=10.6 kw=10.36 inf=2.61 iv=1.17 n=4 d=0 sk=0 hf=98144 hm=97256 ht=283428 pf=0 pm=0 pt=0 ru=233404 rp=234292
17:57:05.270 @T t=178457 s=0.000 lv=-37.1 pk=-36.0 c0=3.3 c1=8.6 kw=8.37 inf=2.72 iv=1.14 n=3 d=0 sk=0 hf=98144 hm=97256 ht=283428 pf=0 pm=0 pt=0 ru=233404 rp=234292
17:57:05.270 @T t=178543 s=0.000 lv=-37.6 pk=-37.0 c0=4.0 c1=9.4 kw=9.16 inf=2.44 iv=1.15 n=3 d=0 sk=0 hf=98144 hm=97256 ht=283428 pf=0 pm=0 pt=0 ru=233404 rp=234292
17:57:05.270 @T t=178652 s=0.000 lv=-38.7 pk=-36.8 c0=3.5 c1=10.5 kw=10.29 inf=2.59 iv=1.14 n=4 d=0 sk=0 hf=98144 hm=97256 ht=283428 pf=0 pm=0 pt=0 ru=233404 rp=234292
17:57:05.270 @T t=178758 s=0.000 lv=-38.2 pk=-37.3 c0=6.0 c1=8.5 kw=8.36 inf=2.72 iv=1.13 n=3 d=0 sk=0 hf=98144 hm=97256 ht=283428 pf=0 pm=0 pt=0 ru=233404 rp=234292
17:57:05.270 @T t=178844 s=0.000 lv=-39.7 pk=-38.3 c0=4.0 c1=9.2 kw=8.98 inf=2.38 iv=1.11 n=3 d=0 sk=0 hf=98144 hm=97256 ht=283428 pf=0 pm=0 pt=0 ru=233404 rp=234292
17:57:05.270 @T t=178953 s=0.000 lv=-40.4 pk=-38.1 c0=8.9 c1=10.6 kw=10.40 inf=2.62 iv=1.16 n=4 d=0 sk=0 hf=98144 hm=97256 ht=283428 pf=0 pm=0 pt=0 ru=233404 rp=234292
17:57:05.270 @T t=179039 s=0.000 lv=-39.7 pk=-38.5 c0=7.9 c1=9.5 kw=9.31 inf=2.48 iv=1.19 n=3 d=0 sk=0 hf=98144 hm=97256 ht=283428 pf=0 pm=0 pt=0 ru=233404 rp=234292
17:57:05.270 @T t=179145 s=0.000 lv=-36.4 pk=-34.8 c0=6.6 c1=9.1 kw=8.69 inf=2.79 iv=1.18 n=3 d=0 sk=0 hf=98144 hm=97256 ht=283428 pf=0 pm=0 pt=0 ru=233404 rp=234292
17:57:05.270 @I ww=marvin cut=0.50 win=5 cool=1000 tick=100 wifi=0 srv=0 li=0 ln=0
17:57:05.270 @T t=179240 s=0.000 lv=-33.9 pk=-33.0 c0=16.5 c1=10.7 kw=9.90 inf=2.94 iv=1.33 n=3 d=0 sk=0 hf=98144 hm=97256 ht=283428 pf=0 pm=0 pt=0 ru=233404 rp=234292
17:57:05.270 @T t=179346 s=0.000 lv=-32.7 pk=-31.9 c0=5.2 c1=11.9 kw=11.52 inf=2.83 iv=1.32 n=4 d=0 sk=0 hf=98144 hm=97256 ht=283428 pf=0 pm=0 pt=0 ru=233404 rp=234292
17:57:05.270 @T t=179452 s=0.000 lv=-34.8 pk=-33.7 c0=4.8 c1=10.3 kw=10.09 inf=2.49 iv=1.26 n=4 d=0 sk=0 hf=98144 hm=97256 ht=283428 pf=0 pm=0 pt=0 ru=233404 rp=234292
17:57:05.270 @T t=179541 s=0.000 lv=-35.5 pk=-33.7 c0=3.8 c1=7.9 kw=7.72 inf=3.15 iv=1.24 n=2 d=0 sk=0 hf=98144 hm=97256 ht=283428 pf=0 pm=0 pt=0 ru=233404 rp=234292
17:57:05.270 @T t=179647 s=0.000 lv=-37.4 pk=-35.9 c0=4.4 c1=11.4 kw=11.12 inf=2.72 iv=1.24 n=4 d=0 sk=0 hf=98144 hm=97256 ht=283428 pf=0 pm=0 pt=0 ru=233404 rp=234292
17:57:05.270 @T t=179753 s=0.000 lv=-36.7 pk=-33.8 c0=4.4 c1=10.3 kw=10.03 inf=2.48 iv=1.25 n=4 d=0 sk=0 hf=98144 hm=97256 ht=283428 pf=0 pm=0 pt=0 ru=233404 rp=234292
17:57:05.271 @T t=179839 s=0.000 lv=-34.3 pk=-33.9 c0=5.3 c1=8.5 kw=8.30 inf=3.28 iv=1.31 n=2 d=0 sk=0 hf=98144 hm=97256 ht=283428 pf=0 pm=0 pt=0 ru=233404 rp=234292
17:57:05.271 @T t=179945 s=0.000 lv=-38.4 pk=-35.6 c0=4.3 c1=9.9 kw=9.52 inf=2.31 iv=1.12 n=4 d=0 sk=0 hf=98144 hm=97256 ht=283428 pf=0 pm=0 pt=0 ru=233404 rp=234292
17:57:05.271 @T t=180051 s=0.000 lv=-35.4 pk=-33.7 c0=4.2 c1=10.9 kw=10.46 inf=2.59 iv=1.16 n=4 d=0 sk=0 hf=98144 hm=97256 ht=283428 pf=0 pm=0 pt=0 ru=233404 rp=234292
17:57:05.271 @T t=180157 s=0.000 lv=-33.9 pk=-32.9 c0=3.3 c1=8.7 kw=8.50 inf=2.77 iv=1.17 n=3 d=0 sk=0 hf=98144 hm=97256 ht=283428 pf=0 pm=0 pt=0 ru=233404 rp=234292
17:57:05.271 @I ww=marvin cut=0.50 win=5 cool=1000 tick=100 wifi=0 srv=0 li=0 ln=0
17:57:05.271 @T t=180249 s=0.000 lv=-35.7 pk=-33.5 c0=14.5 c1=11.5 kw=10.34 inf=2.93 iv=1.28 n=3 d=0 sk=0 hf=98144 hm=97256 ht=283428 pf=0 pm=0 pt=0 ru=233404 rp=234292
17:57:05.271 @T t=180355 s=0.000 lv=-38.2 pk=-36.2 c0=4.3 c1=10.2 kw=9.97 inf=2.46 iv=1.23 n=4 d=0 sk=0 hf=98144 hm=97256 ht=283428 pf=0 pm=0 pt=0 ru=233404 rp=234292
17:57:05.271 @T t=180441 s=0.000 lv=-38.7 pk=-38.2 c0=5.1 c1=8.3 kw=8.06 inf=3.18 iv=1.25 n=2 d=0 sk=0 hf=98144 hm=97256 ht=283428 pf=0 pm=0 pt=0 ru=233404 rp=234292
17:57:05.271 @T t=180547 s=0.000 lv=-38.6 pk=-37.5 c0=6.9 c1=10.8 kw=10.59 inf=2.59 iv=1.15 n=4 d=0 sk=0 hf=98144 hm=97256 ht=283428 pf=0 pm=0 pt=0 ru=233404 rp=234292
17:57:05.271 @T t=180653 s=0.000 lv=-38.4 pk=-38.0 c0=3.9 c1=9.7 kw=9.47 inf=2.33 iv=1.14 n=4 d=0 sk=0 hf=98144 hm=97256 ht=283428 pf=0 pm=0 pt=0 ru=233404 rp=234292
17:57:05.271 @T t=180739 s=0.000 lv=-40.1 pk=-39.2 c0=4.1 c1=8.3 kw=8.10 inf=3.20 iv=1.27 n=2 d=0 sk=0 hf=98144 hm=97256 ht=283428 pf=0 pm=0 pt=0 ru=233404 rp=234292
17:57:07.584 @T t=180845 s=0.000 lv=-38.4 pk=-34.8 c0=6.5 c1=10.0 kw=9.64 inf=2.34 iv=1.15 n=4 d=0 sk=0 hf=98144 hm=97256 ht=283428 pf=0 pm=0 pt=0 ru=233404 rp=234292
17:57:07.584 @T t=180951 s=0.000 lv=-33.5 pk=-33.0 c0=6.6 c1=10.8 kw=10.32 inf=2.56 iv=1.12 n=4 d=0 sk=0 hf=98144 hm=97256 ht=283428 pf=0 pm=0 pt=0 ru=233404 rp=234292
17:57:07.584 @T t=181057 s=0.000 lv=-35.1 pk=-34.3 c0=7.1 c1=8.8 kw=8.55 inf=2.78 iv=1.18 n=3 d=0 sk=0 hf=98144 hm=97256 ht=283428 pf=0 pm=0 pt=0 ru=233404 rp=234292
17:57:07.584 @T t=181143 s=0.000 lv=-37.1 pk=-36.6 c0=4.0 c1=9.4 kw=9.22 inf=2.45 iv=1.19 n=3 d=0 sk=0 hf=98144 hm=97256 ht=283428 pf=0 pm=0 pt=0 ru=233404 rp=234292
17:57:07.584 @I ww=marvin cut=0.50 win=5 cool=1000 tick=100 wifi=0 srv=0 li=0 ln=0
17:57:07.584 [status] up 181s | mic -36.6 dBFS (peak -30.4) | score max 0.01 | detections 0 | inferences 278 (27.8/s; model 1.20 ms each, paused in quiet 18%; features 1.40 ms per 30 ms) | CPU core0  5.6% core1  9.1% (wake word pipeline 8.83% of one core) | RAM used 227 KB (peak 228 KB, 95 KB free) | wifi --, server -- | audio lost since boot: i2s 0 net 0
17:57:07.584 @T t=181279 s=0.000 lv=-35.8 pk=-33.2 c0=15.0 c1=10.3 kw=9.50 inf=2.97 iv=1.26 n=4 d=0 sk=0 hf=98144 hm=97256 ht=283428 pf=0 pm=0 pt=0 ru=233404 rp=234292
17:57:07.584 @T t=181345 s=0.000 lv=-31.9 pk=-30.8 c0=5.4 c1=9.7 kw=9.14 inf=2.74 iv=1.27 n=2 d=0 sk=0 hf=98144 hm=97256 ht=283428 pf=0 pm=0 pt=0 ru=233404 rp=234292
17:57:07.584 @T t=181451 s=0.000 lv=-35.1 pk=-34.0 c0=6.4 c1=10.8 kw=10.78 inf=2.68 iv=1.24 n=4 d=0 sk=0 hf=98144 hm=97256 ht=283428 pf=0 pm=0 pt=0 ru=233404 rp=234292
17:57:07.584 @T t=181557 s=0.000 lv=-35.4 pk=-33.6 c0=3.3 c1=9.6 kw=9.39 inf=2.31 iv=1.12 n=4 d=0 sk=0 hf=98144 hm=97256 ht=283428 pf=0 pm=0 pt=0 ru=233404 rp=234292
17:57:07.584 @T t=181643 s=0.000 lv=-34.7 pk=-34.1 c0=4.0 c1=8.1 kw=7.94 inf=3.13 iv=1.21 n=2 d=0 sk=0 hf=98144 hm=97256 ht=283428 pf=0 pm=0 pt=0 ru=233404 rp=234292
17:57:07.584 @T t=181752 s=0.000 lv=-35.6 pk=-34.3 c0=10.3 c1=10.8 kw=10.38 inf=2.61 iv=1.14 n=4 d=0 sk=0 hf=98144 hm=97256 ht=283428 pf=0 pm=0 pt=0 ru=233404 rp=234292
17:57:07.584 @T t=181858 s=0.000 lv=-34.3 pk=-33.0 c0=4.8 c1=9.8 kw=9.56 inf=2.36 iv=1.16 n=4 d=0 sk=0 hf=98144 hm=97256 ht=283428 pf=0 pm=0 pt=0 ru=233404 rp=234292
17:57:07.584 @T t=181947 s=0.000 lv=-34.4 pk=-32.4 c0=3.8 c1=10.2 kw=10.00 inf=2.73 iv=1.15 n=3 d=0 sk=0 hf=98144 hm=97256 ht=283428 pf=0 pm=0 pt=0 ru=233404 rp=234292
17:57:07.584 @T t=182053 s=0.000 lv=-32.3 pk=-31.0 c0=4.1 c1=9.1 kw=8.85 inf=2.89 iv=1.25 n=3 d=0 sk=0 hf=98144 hm=97256 ht=283428 pf=0 pm=0 pt=0 ru=233404 rp=234292
17:57:07.584 @T t=182139 s=0.000 lv=-33.7 pk=-32.6 c0=5.1 c1=10.0 kw=9.74 inf=2.60 iv=1.28 n=3 d=0 sk=0 hf=98144 hm=97256 ht=283428 pf=0 pm=0 pt=0 ru=233404 rp=234292
17:57:07.584 @I ww=marvin cut=0.50 win=5 cool=1000 tick=100 wifi=0 srv=0 li=0 ln=0
17:57:07.584 @T t=182250 s=0.000 lv=-35.7 pk=-33.8 c0=5.3 c1=11.8 kw=10.81 inf=2.78 iv=1.30 n=4 d=0 sk=0 hf=98144 hm=97256 ht=283428 pf=0 pm=0 pt=0 ru=233404 rp=234292
17:57:07.584 @T t=182339 s=0.000 lv=-37.0 pk=-36.3 c0=4.8 c1=9.0 kw=8.78 inf=2.41 iv=1.15 n=3 d=0 sk=0 hf=98144 hm=97256 ht=283428 pf=0 pm=0 pt=0 ru=233404 rp=234292
17:57:07.584 @T t=182445 s=0.000 lv=-36.1 pk=-34.3 c0=3.3 c1=9.1 kw=8.74 inf=2.81 iv=1.20 n=3 d=0 sk=0 hf=98144 hm=97256 ht=283428 pf=0 pm=0 pt=0 ru=233404 rp=234292
17:57:07.584 @T t=182554 s=0.000 lv=-39.1 pk=-37.6 c0=4.0 c1=10.7 kw=10.61 inf=2.72 iv=1.30 n=4 d=0 sk=0 hf=98144 hm=97256 ht=283428 pf=0 pm=0 pt=0 ru=233404 rp=234292
17:57:07.584 @T t=182640 s=0.000 lv=-37.1 pk=-33.7 c0=5.1 c1=10.0 kw=9.74 inf=2.60 iv=1.29 n=3 d=0 sk=0 hf=98144 hm=97256 ht=283428 pf=0 pm=0 pt=0 ru=233404 rp=234292
17:57:07.584 @T t=182746 s=0.000 lv=-37.2 pk=-35.0 c0=4.3 c1=10.4 kw=9.04 inf=2.91 iv=1.28 n=3 d=0 sk=0 hf=98144 hm=97256 ht=283428 pf=0 pm=0 pt=0 ru=233404 rp=234292
17:57:07.584 @T t=182852 s=0.000 lv=-34.2 pk=-33.7 c0=4.2 c1=10.3 kw=10.89 inf=2.71 iv=1.24 n=4 d=0 sk=0 hf=98144 hm=97256 ht=283428 pf=0 pm=0 pt=0 ru=233404 rp=234292
17:57:07.584 @T t=182938 s=0.000 lv=-35.8 pk=-33.6 c0=5.1 c1=8.7 kw=8.94 inf=2.39 iv=1.12 n=3 d=0 sk=0 hf=98144 hm=97256 ht=283428 pf=0 pm=0 pt=0 ru=233404 rp=234292
17:57:07.584 @T t=183044 s=0.000 lv=-38.4 pk=-36.8 c0=5.6 c1=9.1 kw=8.55 inf=2.77 iv=1.17 n=3 d=0 sk=0 hf=98144 hm=97256 ht=283428 pf=0 pm=0 pt=0 ru=233404 rp=234292
17:57:10.080 @T t=183153 s=0.000 lv=-37.1 pk=-35.7 c0=3.7 c1=10.5 kw=10.31 inf=2.59 iv=1.14 n=4 d=0 sk=0 hf=98144 hm=97256 ht=283428 pf=0 pm=0 pt=0 ru=233404 rp=234292
17:57:10.080 @I ww=marvin cut=0.50 win=5 cool=1000 tick=100 wifi=0 srv=0 li=0 ln=0
17:57:10.080 @T t=183244 s=0.000 lv=-38.4 pk=-37.3 c0=5.4 c1=9.6 kw=8.54 inf=2.40 iv=1.13 n=3 d=0 sk=0 hf=98144 hm=97256 ht=283428 pf=0 pm=0 pt=0 ru=233404 rp=234292
17:57:10.080 @T t=183353 s=0.000 lv=-36.5 pk=-33.8 c0=8.8 c1=10.4 kw=10.20 inf=2.56 iv=1.10 n=4 d=0 sk=0 hf=98144 hm=97256 ht=283428 pf=0 pm=0 pt=0 ru=233404 rp=234292
17:57:10.080 @T t=183439 s=0.000 lv=-36.9 pk=-35.2 c0=4.6 c1=8.0 kw=7.75 inf=3.05 iv=1.14 n=2 d=0 sk=0 hf=98144 hm=97256 ht=283428 pf=0 pm=0 pt=0 ru=233404 rp=234292
17:57:10.080 @T t=183545 s=0.000 lv=-37.2 pk=-35.0 c0=3.3 c1=9.8 kw=9.46 inf=2.30 iv=1.11 n=4 d=0 sk=0 hf=98144 hm=97256 ht=283428 pf=0 pm=0 pt=0 ru=233404 rp=234292
17:57:10.080 @T t=183651 s=0.000 lv=-38.7 pk=-38.3 c0=3.2 c1=10.5 kw=10.08 inf=2.50 iv=1.07 n=4 d=0 sk=0 hf=98144 hm=97256 ht=283428 pf=0 pm=0 pt=0 ru=233404 rp=234292
17:57:10.080 @T t=183757 s=0.000 lv=-36.9 pk=-34.9 c0=3.3 c1=7.4 kw=7.23 inf=2.32 iv=1.14 n=2 d=0 sk=1 hf=98144 hm=97256 ht=283428 pf=0 pm=0 pt=0 ru=233404 rp=234292
17:57:10.080 @T t=183843 s=0.000 lv=-35.8 pk=-35.1 c0=4.5 c1=5.1 kw=4.94 inf=1.85 iv=0.00 n=0 d=0 sk=2 hf=98144 hm=97256 ht=283428 pf=0 pm=0 pt=0 ru=233404 rp=234292
17:57:10.081 @T t=183949 s=0.000 lv=-37.6 pk=-34.3 c0=6.4 c1=6.1 kw=5.91 inf=1.36 iv=0.00 n=0 d=0 sk=4 hf=98144 hm=97256 ht=283428 pf=0 pm=0 pt=0 ru=233404 rp=234292
17:57:10.081 @T t=184055 s=0.000 lv=-35.2 pk=-33.9 c0=3.0 c1=5.0 kw=4.91 inf=1.51 iv=0.00 n=0 d=0 sk=3 hf=98144 hm=97256 ht=283428 pf=0 pm=0 pt=0 ru=233404 rp=234292
17:57:10.081 @T t=184141 s=0.000 lv=-37.6 pk=-36.4 c0=9.4 c1=4.5 kw=4.81 inf=1.82 iv=0.00 n=0 d=0 sk=2 hf=98144 hm=97256 ht=283428 pf=0 pm=0 pt=0 ru=233404 rp=234292
17:57:10.081 @I ww=marvin cut=0.50 win=5 cool=1000 tick=100 wifi=0 srv=0 li=0 ln=0
17:57:10.081 @T t=184256 s=0.000 lv=-37.8 pk=-35.0 c0=4.8 c1=6.9 kw=5.62 inf=1.40 iv=0.00 n=0 d=0 sk=4 hf=98144 hm=97256 ht=283428 pf=0 pm=0 pt=0 ru=233404 rp=234292
17:57:10.081 @T t=184343 s=0.000 lv=-37.8 pk=-36.5 c0=8.3 c1=5.1 kw=4.92 inf=1.86 iv=0.00 n=0 d=0 sk=2 hf=98144 hm=97256 ht=283428 pf=0 pm=0 pt=0 ru=233404 rp=234292
17:57:10.081 @T t=184449 s=0.000 lv=-39.0 pk=-36.3 c0=3.9 c1=6.2 kw=5.99 inf=1.38 iv=0.00 n=0 d=0 sk=4 hf=98144 hm=97256 ht=283428 pf=0 pm=0 pt=0 ru=233404 rp=234292
17:57:10.081 @T t=184555 s=0.000 lv=-37.9 pk=-35.3 c0=3.9 c1=5.1 kw=4.97 inf=1.52 iv=0.00 n=0 d=0 sk=3 hf=98144 hm=97256 ht=283428 pf=0 pm=0 pt=0 ru=233404 rp=234292
17:57:10.081 @T t=184641 s=0.000 lv=-35.8 pk=-35.4 c0=4.8 c1=5.1 kw=4.96 inf=1.86 iv=0.00 n=0 d=0 sk=2 hf=98144 hm=97256 ht=283428 pf=0 pm=0 pt=0 ru=233404 rp=234292
17:57:10.081 @T t=184747 s=0.000 lv=-36.3 pk=-33.4 c0=4.0 c1=7.3 kw=5.06 inf=1.14 iv=0.00 n=1 d=0 sk=3 hf=98144 hm=97256 ht=283428 pf=0 pm=0 pt=0 ru=233404 rp=234292
17:57:10.081 @T t=184856 s=0.000 lv=-36.0 pk=-32.5 c0=3.4 c1=16.8 kw=18.62 inf=1.63 iv=1.15 n=12 d=0 sk=0 hf=98144 hm=97256 ht=283428 pf=0 pm=0 pt=0 ru=233404 rp=234292
17:57:10.081 @T t=184942 s=0.000 lv=-32.6 pk=-31.9 c0=5.3 c1=9.8 kw=9.55 inf=2.55 iv=1.20 n=3 d=0 sk=0 hf=98144 hm=97256 ht=283428 pf=0 pm=0 pt=0 ru=233404 rp=234292
17:57:10.081 @T t=185049 s=0.000 lv=-37.2 pk=-35.2 c0=4.4 c1=11.1 kw=10.84 inf=2.68 iv=1.23 n=4 d=0 sk=0 hf=98144 hm=97256 ht=283428 pf=0 pm=0 pt=0 ru=233404 rp=234292
17:57:10.081 @T t=185155 s=0.000 lv=-36.3 pk=-34.3 c0=4.4 c1=9.3 kw=9.04 inf=2.95 iv=1.29 n=3 d=0 sk=0 hf=98144 hm=97256 ht=283428 pf=0 pm=0 pt=0 ru=233404 rp=234292
17:57:10.081 @I ww=marvin cut=0.50 win=5 cool=1000 tick=100 wifi=0 srv=0 li=0 ln=0
17:57:10.081 @T t=185246 s=0.000 lv=-36.9 pk=-34.9 c0=6.5 c1=11.6 kw=9.08 inf=2.51 iv=1.20 n=3 d=0 sk=0 hf=98144 hm=97256 ht=283428 pf=0 pm=0 pt=0 ru=233404 rp=234292
17:57:10.081 @T t=185352 s=0.000 lv=-38.9 pk=-38.2 c0=4.3 c1=10.5 kw=11.43 inf=2.85 iv=1.40 n=4 d=0 sk=0 hf=98144 hm=97256 ht=283428 pf=0 pm=0 pt=0 ru=233404 rp=234292
17:57:10.081 @T t=185458 s=0.000 lv=-37.0 pk=-34.8 c0=3.5 c1=8.9 kw=8.69 inf=2.83 iv=1.23 n=3 d=0 sk=0 hf=98144 hm=97256 ht=283428 pf=0 pm=0 pt=0 ru=233404 rp=234292
17:57:10.081 @T t=185544 s=0.000 lv=-36.4 pk=-35.7 c0=4.6 c1=9.8 kw=9.57 inf=2.55 iv=1.24 n=3 d=0 sk=0 hf=98144 hm=97256 ht=283428 pf=0 pm=0 pt=0 ru=233404 rp=234292
17:57:12.665 @T t=185653 s=0.000 lv=-35.2 pk=-34.1 c0=8.8 c1=10.4 kw=10.20 inf=2.56 iv=1.11 n=4 d=0 sk=0 hf=98144 hm=97256 ht=283428 pf=0 pm=0 pt=0 ru=233404 rp=234292
17:57:12.665 @T t=185739 s=0.000 lv=-38.3 pk=-36.9 c0=4.0 c1=9.1 kw=8.89 inf=2.36 iv=1.10 n=3 d=0 sk=0 hf=98144 hm=97256 ht=283428 pf=0 pm=0 pt=0 ru=233404 rp=234292
17:57:12.665 @T t=185845 s=0.000 lv=-37.1 pk=-33.7 c0=3.7 c1=8.8 kw=8.38 inf=2.68 iv=1.10 n=3 d=0 sk=0 hf=98144 hm=97256 ht=283428 pf=0 pm=0 pt=0 ru=233404 rp=234292
17:57:12.665 @T t=185951 s=0.000 lv=-36.9 pk=-36.1 c0=6.2 c1=10.8 kw=10.78 inf=2.68 iv=1.26 n=4 d=0 sk=0 hf=98144 hm=97256 ht=283428 pf=0 pm=0 pt=0 ru=233404 rp=234292
17:57:12.665 @T t=186057 s=0.000 lv=-37.7 pk=-37.0 c0=3.3 c1=8.4 kw=8.23 inf=2.67 iv=1.10 n=3 d=0 sk=0 hf=98144 hm=97256 ht=283428 pf=0 pm=0 pt=0 ru=233404 rp=234292
17:57:12.665 @T t=186143 s=0.000 lv=-38.4 pk=-37.0 c0=4.1 c1=9.1 kw=8.92 inf=2.37 iv=1.10 n=3 d=0 sk=0 hf=98144 hm=97256 ht=283428 pf=0 pm=0 pt=0 ru=233404 rp=234292
17:57:12.665 @I ww=marvin cut=0.50 win=5 cool=1000 tick=100 wifi=0 srv=0 li=0 ln=0
17:57:12.666 @T t=186255 s=0.000 lv=-38.5 pk=-35.1 c0=4.9 c1=11.6 kw=10.60 inf=2.75 iv=1.28 n=4 d=0 sk=0 hf=98144 hm=97256 ht=283428 pf=0 pm=0 pt=0 ru=233404 rp=234292
17:57:12.666 @T t=186344 s=0.000 lv=-38.5 pk=-37.3 c0=3.8 c1=8.9 kw=8.70 inf=2.39 iv=1.12 n=3 d=0 sk=0 hf=98144 hm=97256 ht=283428 pf=0 pm=0 pt=0 ru=233404 rp=234292
17:57:12.666 @T t=186453 s=0.000 lv=-37.6 pk=-36.1 c0=8.6 c1=10.4 kw=10.16 inf=2.55 iv=1.10 n=4 d=0 sk=0 hf=98144 hm=97256 ht=283428 pf=0 pm=0 pt=0 ru=233404 rp=234292
17:57:12.666 @T t=186539 s=0.000 lv=-37.1 pk=-35.5 c0=4.1 c1=6.9 kw=6.72 inf=2.61 iv=1.39 n=1 d=0 sk=1 hf=98144 hm=97256 ht=283428 pf=0 pm=0 pt=0 ru=233404 rp=234292
17:57:12.666 @T t=186645 s=0.000 lv=-34.9 pk=-32.2 c0=5.8 c1=9.8 kw=9.35 inf=1.51 iv=1.06 n=4 d=0 sk=2 hf=98144 hm=97256 ht=283428 pf=0 pm=0 pt=0 ru=233404 rp=234292
17:57:12.666 @T t=186753 s=0.000 lv=-33.4 pk=-31.6 c0=4.1 c1=11.2 kw=11.18 inf=2.84 iv=1.36 n=4 d=0 sk=0 hf=98144 hm=97256 ht=283428 pf=0 pm=0 pt=0 ru=233404 rp=234292
17:57:12.666 @T t=186839 s=0.000 lv=-38.5 pk=-38.2 c0=5.2 c1=10.0 kw=9.79 inf=2.61 iv=1.30 n=3 d=0 sk=0 hf=98144 hm=97256 ht=283428 pf=0 pm=0 pt=0 ru=233404 rp=234292
17:57:12.666 @T t=186945 s=0.000 lv=-35.4 pk=-34.6 c0=4.3 c1=9.3 kw=8.84 inf=2.83 iv=1.20 n=3 d=0 sk=0 hf=98144 hm=97256 ht=283428 pf=0 pm=0 pt=0 ru=233404 rp=234292
17:57:12.666 @T t=187053 s=0.000 lv=-37.9 pk=-36.2 c0=9.1 c1=11.0 kw=10.98 inf=2.78 iv=1.35 n=4 d=0 sk=0 hf=98144 hm=97256 ht=283428 pf=0 pm=0 pt=0 ru=233404 rp=234292
17:57:12.666 @T t=187139 s=0.000 lv=-37.4 pk=-35.1 c0=4.1 c1=9.5 kw=9.33 inf=2.49 iv=1.20 n=3 d=0 sk=0 hf=98144 hm=97256 ht=283428 pf=0 pm=0 pt=0 ru=233404 rp=234292
17:57:12.666 @I ww=marvin cut=0.50 win=5 cool=1000 tick=100 wifi=0 srv=0 li=0 ln=0
17:57:12.666 @T t=187251 s=0.000 lv=-38.2 pk=-37.2 c0=5.3 c1=11.8 kw=10.83 inf=2.82 iv=1.36 n=4 d=0 sk=0 hf=98144 hm=97256 ht=283428 pf=0 pm=0 pt=0 ru=233404 rp=234292
17:57:12.666 @T t=187357 s=0.000 lv=-37.1 pk=-35.9 c0=4.2 c1=9.2 kw=8.97 inf=2.93 iv=1.30 n=3 d=0 sk=0 hf=98144 hm=97256 ht=283428 pf=0 pm=0 pt=0 ru=233404 rp=234292
17:57:12.666 @T t=187443 s=0.000 lv=-37.7 pk=-36.4 c0=5.1 c1=10.1 kw=9.84 inf=2.63 iv=1.31 n=3 d=0 sk=0 hf=98144 hm=97256 ht=283428 pf=0 pm=0 pt=0 ru=233404 rp=234292
17:57:12.666 @T t=187552 s=0.000 lv=-36.5 pk=-33.8 c0=4.1 c1=11.0 kw=10.77 inf=2.71 iv=1.25 n=4 d=0 sk=0 hf=98144 hm=97256 ht=283428 pf=0 pm=0 pt=0 ru=233404 rp=234292
17:57:12.666 @T t=187641 s=0.000 lv=-35.6 pk=-34.1 c0=4.8 c1=9.1 kw=8.94 inf=2.46 iv=1.18 n=3 d=0 sk=0 hf=98144 hm=97256 ht=283428 pf=0 pm=0 pt=0 ru=233404 rp=234292
17:57:12.666 @T t=187747 s=0.000 lv=-37.8 pk=-36.0 c0=3.3 c1=10.7 kw=10.52 inf=2.58 iv=1.16 n=4 d=0 sk=0 hf=98144 hm=97256 ht=283428 pf=0 pm=0 pt=0 ru=233404 rp=234292
17:57:12.666 @T t=187853 s=0.000 lv=-36.4 pk=-35.5 c0=4.4 c1=8.9 kw=8.60 inf=2.81 iv=1.20 n=3 d=0 sk=0 hf=98144 hm=97256 ht=283428 pf=0 pm=0 pt=0 ru=233404 rp=234292
17:57:12.666 @T t=187939 s=0.000 lv=-37.5 pk=-36.0 c0=4.7 c1=9.5 kw=9.47 inf=2.51 iv=1.23 n=3 d=0 sk=0 hf=98144 hm=97256 ht=283428 pf=0 pm=0 pt=0 ru=233404 rp=234292
17:57:12.666 @T t=188045 s=0.000 lv=-37.9 pk=-35.6 c0=3.3 c1=9.0 kw=8.66 inf=2.78 iv=1.18 n=3 d=0 sk=0 hf=98144 hm=97256 ht=283428 pf=0 pm=0 pt=0 ru=233404 rp=234292
17:57:12.666 @T t=188154 s=0.002 lv=-36.2 pk=-34.2 c0=3.1 c1=10.5 kw=10.47 inf=2.68 iv=1.24 n=4 d=0 sk=0 hf=98144 hm=97256 ht=283428 pf=0 pm=0 pt=0 ru=233404 rp=234292
17:57:12.666 @I ww=marvin cut=0.50 win=5 cool=1000 tick=100 wifi=0 srv=0 li=0 ln=0
17:57:15.177 @T t=188246 s=0.002 lv=-33.9 pk=-32.6 c0=14.7 c1=11.2 kw=10.04 inf=2.84 iv=1.19 n=3 d=0 sk=0 hf=98144 hm=97256 ht=283428 pf=0 pm=0 pt=0 ru=233404 rp=234292
17:57:15.177 @T t=188352 s=0.000 lv=-35.4 pk=-33.8 c0=3.4 c1=9.6 kw=9.42 inf=2.32 iv=1.13 n=4 d=0 sk=0 hf=98144 hm=97256 ht=283428 pf=0 pm=0 pt=0 ru=233404 rp=234292
17:57:15.177 @T t=188458 s=0.000 lv=-35.0 pk=-32.2 c0=3.3 c1=8.7 kw=8.47 inf=2.76 iv=1.15 n=3 d=0 sk=0 hf=98144 hm=97256 ht=283428 pf=0 pm=0 pt=0 ru=233404 rp=234292
17:57:15.177 @T t=188544 s=0.000 lv=-32.5 pk=-32.0 c0=4.0 c1=9.4 kw=9.17 inf=2.44 iv=1.15 n=3 d=0 sk=0 hf=98144 hm=97256 ht=283428 pf=0 pm=0 pt=0 ru=233404 rp=234292
17:57:15.177 @T t=188650 s=0.000 lv=-35.8 pk=-34.4 c0=3.9 c1=11.0 kw=10.72 inf=2.62 iv=1.16 n=4 d=0 sk=0 hf=98144 hm=97256 ht=283428 pf=0 pm=0 pt=0 ru=233404 rp=234292
17:57:15.177 @T t=188756 s=0.000 lv=-35.6 pk=-34.4 c0=3.3 c1=8.7 kw=8.53 inf=2.78 iv=1.19 n=3 d=0 sk=0 hf=98144 hm=97256 ht=283428 pf=0 pm=0 pt=0 ru=233404 rp=234292
17:57:15.177 @T t=188842 s=0.001 lv=-39.0 pk=-38.4 c0=4.0 c1=9.4 kw=9.21 inf=2.45 iv=1.17 n=3 d=0 sk=0 hf=98144 hm=97256 ht=283428 pf=0 pm=0 pt=0 ru=233404 rp=234292
17:57:15.177 @T t=188948 s=0.002 lv=-37.9 pk=-36.5 c0=3.4 c1=10.7 kw=10.43 inf=2.55 iv=1.13 n=4 d=0 sk=0 hf=98144 hm=97256 ht=283428 pf=0 pm=0 pt=0 ru=233404 rp=234292
17:57:15.177 @T t=189054 s=0.001 lv=-35.9 pk=-33.9 c0=5.9 c1=9.0 kw=8.66 inf=2.82 iv=1.22 n=3 d=0 sk=0 hf=98144 hm=97256 ht=283428 pf=0 pm=0 pt=0 ru=233404 rp=234292
17:57:15.177 @T t=189140 s=0.000 lv=-39.4 pk=-37.9 c0=5.1 c1=9.9 kw=9.71 inf=2.59 iv=1.28 n=3 d=0 sk=0 hf=98144 hm=97256 ht=283428 pf=0 pm=0 pt=0 ru=233404 rp=234292
17:57:15.177 @I ww=marvin cut=0.50 win=5 cool=1000 tick=100 wifi=0 srv=0 li=0 ln=0
17:57:15.177 @T t=189251 s=0.000 lv=-38.2 pk=-34.9 c0=5.2 c1=11.9 kw=10.92 inf=2.81 iv=1.34 n=4 d=0 sk=0 hf=98144 hm=97256 ht=283428 pf=0 pm=0 pt=0 ru=233404 rp=234292
17:57:15.177 @T t=189356 s=0.000 lv=-34.6 pk=-32.9 c0=4.1 c1=9.2 kw=9.02 inf=2.92 iv=1.29 n=3 d=0 sk=0 hf=98144 hm=97256 ht=283428 pf=0 pm=0 pt=0 ru=233404 rp=234292
17:57:15.177 @T t=189442 s=0.001 lv=-34.9 pk=-33.0 c0=4.9 c1=8.9 kw=9.20 inf=2.46 iv=1.18 n=3 d=0 sk=0 hf=98144 hm=97256 ht=283428 pf=0 pm=0 pt=0 ru=233404 rp=234292
17:57:15.177 @T t=189548 s=0.001 lv=-34.6 pk=-31.9 c0=3.5 c1=11.3 kw=10.63 inf=2.59 iv=1.15 n=4 d=0 sk=0 hf=98144 hm=97256 ht=283428 pf=0 pm=0 pt=0 ru=233404 rp=234292
17:57:15.177 @T t=189654 s=0.000 lv=-35.1 pk=-34.0 c0=4.2 c1=8.7 kw=8.54 inf=2.78 iv=1.18 n=3 d=0 sk=0 hf=98144 hm=97256 ht=283428 pf=0 pm=0 pt=0 ru=233404 rp=234292
17:57:15.177 @T t=189740 s=0.000 lv=-35.5 pk=-35.1 c0=5.2 c1=10.0 kw=9.78 inf=2.61 iv=1.29 n=3 d=0 sk=0 hf=98144 hm=97256 ht=283428 pf=0 pm=0 pt=0 ru=233404 rp=234292
17:57:15.177 @T t=189846 s=0.000 lv=-35.9 pk=-33.4 c0=4.2 c1=10.4 kw=9.08 inf=2.91 iv=1.28 n=3 d=0 sk=0 hf=98144 hm=97256 ht=283428 pf=0 pm=0 pt=0 ru=233404 rp=234292
17:57:15.177 @T t=189952 s=0.000 lv=-38.7 pk=-37.2 c0=4.4 c1=10.2 kw=10.61 inf=2.63 iv=1.17 n=4 d=0 sk=0 hf=98144 hm=97256 ht=283428 pf=0 pm=0 pt=0 ru=233404 rp=234292
17:57:15.177 @T t=190058 s=0.000 lv=-37.1 pk=-36.1 c0=4.3 c1=8.5 kw=8.34 inf=2.71 iv=1.12 n=3 d=0 sk=0 hf=98144 hm=97256 ht=283428 pf=0 pm=0 pt=0 ru=233404 rp=234292
17:57:15.177 @T t=190144 s=0.000 lv=-37.0 pk=-35.0 c0=7.3 c1=9.3 kw=9.16 inf=2.44 iv=1.15 n=3 d=0 sk=0 hf=98144 hm=97256 ht=283428 pf=0 pm=0 pt=0 ru=233404 rp=234292
17:57:15.177 @I ww=marvin cut=0.50 win=5 cool=1000 tick=100 wifi=0 srv=0 li=0 ln=0
17:57:15.177 @T t=190239 s=0.000 lv=-33.4 pk=-32.2 c0=17.0 c1=10.3 kw=9.99 inf=2.91 iv=1.24 n=3 d=0 sk=0 hf=98144 hm=97256 ht=283428 pf=0 pm=0 pt=0 ru=233404 rp=234292
17:57:15.177 @T t=190348 s=0.000 lv=-35.8 pk=-34.7 c0=9.2 c1=11.7 kw=10.58 inf=2.67 iv=1.20 n=4 d=0 sk=0 hf=98144 hm=97256 ht=283428 pf=0 pm=0 pt=0 ru=233404 rp=234292
17:57:15.177 @T t=190454 s=0.000 lv=-40.3 pk=-37.9 c0=3.3 c1=9.7 kw=9.53 inf=2.35 iv=1.16 n=4 d=0 sk=0 hf=98144 hm=97256 ht=283428 pf=0 pm=0 pt=0 ru=233404 rp=234292
17:57:15.177 @T t=190540 s=0.000 lv=-31.3 pk=-29.1 c0=4.0 c1=8.2 kw=7.97 inf=3.15 iv=1.21 n=2 d=0 sk=0 hf=98144 hm=97256 ht=283428 pf=0 pm=0 pt=0 ru=233404 rp=234292
17:57:15.177 @T t=190646 s=0.000 lv=-32.9 pk=-29.5 c0=6.6 c1=10.8 kw=10.53 inf=2.58 iv=1.13 n=4 d=0 sk=0 hf=98144 hm=97256 ht=283428 pf=0 pm=0 pt=0 ru=233404 rp=234292
17:57:17.369 @T t=190752 s=0.000 lv=-33.4 pk=-31.2 c0=6.5 c1=9.7 kw=9.51 inf=2.34 iv=1.14 n=4 d=0 sk=0 hf=98144 hm=97256 ht=283428 pf=0 pm=0 pt=0 ru=233404 rp=234292
17:57:17.369 @T t=190858 s=0.000 lv=-36.3 pk=-34.9 c0=6.6 c1=8.6 kw=8.43 inf=2.75 iv=1.16 n=3 d=0 sk=0 hf=98144 hm=97256 ht=283428 pf=0 pm=0 pt=0 ru=233404 rp=234292
17:57:17.369 @T t=190944 s=0.000 lv=-36.3 pk=-33.3 c0=4.0 c1=9.5 kw=9.25 inf=2.46 iv=1.18 n=3 d=0 sk=0 hf=98144 hm=97256 ht=283428 pf=0 pm=0 pt=0 ru=233404 rp=234292
17:57:17.369 @T t=191053 s=0.000 lv=-35.9 pk=-32.3 c0=3.6 c1=10.7 kw=10.48 inf=2.63 iv=1.17 n=4 d=0 sk=0 hf=98144 hm=97256 ht=283428 pf=0 pm=0 pt=0 ru=233404 rp=234292
17:57:17.369 @T t=191139 s=0.000 lv=-36.9 pk=-35.6 c0=4.1 c1=8.3 kw=8.08 inf=3.19 iv=1.27 n=2 d=0 sk=0 hf=98144 hm=97256 ht=283428 pf=0 pm=0 pt=0 ru=233404 rp=234292
17:57:17.369 @I ww=marvin cut=0.50 win=5 cool=1000 tick=100 wifi=0 srv=0 li=0 ln=0
17:57:17.369 @T t=191251 s=0.000 lv=-33.4 pk=-32.6 c0=4.4 c1=11.1 kw=10.15 inf=2.63 iv=1.16 n=4 d=0 sk=0 hf=98144 hm=97256 ht=283428 pf=0 pm=0 pt=0 ru=233404 rp=234292
17:57:17.369 [status] up 191s | mic -35.9 dBFS (peak -29.1) | score max 0.00 | detections 0 | inferences 312 (30.9/s; model 1.20 ms each, paused in quiet 10%; features 1.41 ms per 30 ms) | CPU core0  5.1% core1  9.5% (wake word pipeline 9.22% of one core) | RAM used 227 KB (peak 228 KB, 95 KB free) | wifi --, server -- | audio lost since boot: i2s 0 net 0
17:57:17.369 [stacks] unused bytes: main=1936 IDLE1=720 IDLE0=728 audio_kws=1248 tiT=2452 websocket_task=1460 wifi=4056 esp_timer=3136 Tmr Svc=1368 ipc1=536 streamer=2952 ipc0=528 sys_evt=428
17:57:17.369 @T t=191341 s=0.000 lv=-37.6 pk=-35.6 c0=11.6 c1=9.3 kw=9.11 inf=2.54 iv=1.24 n=3 d=0 sk=0 hf=98144 hm=97256 ht=283428 pf=0 pm=0 pt=0 ru=233404 rp=234292
17:57:17.369 @T t=191447 s=0.000 lv=-40.4 pk=-38.7 c0=5.0 c1=11.3 kw=10.89 inf=2.67 iv=1.21 n=4 d=0 sk=0 hf=98144 hm=97256 ht=283428 pf=0 pm=0 pt=0 ru=233404 rp=234292
17:57:17.369 @T t=191553 s=0.000 lv=-41.3 pk=-39.9 c0=4.7 c1=9.2 kw=8.98 inf=2.93 iv=1.31 n=3 d=0 sk=0 hf=98144 hm=97256 ht=283428 pf=0 pm=0 pt=0 ru=233404 rp=234292
17:57:17.369 @T t=191639 s=0.000 lv=-41.4 pk=-40.2 c0=5.1 c1=10.0 kw=9.78 inf=2.61 iv=1.30 n=3 d=0 sk=0 hf=98144 hm=97256 ht=283428 pf=0 pm=0 pt=0 ru=233404 rp=234292
17:57:17.369 @T t=191748 s=0.000 lv=-41.8 pk=-40.5 c0=3.9 c1=10.9 kw=10.65 inf=2.69 iv=1.23 n=4 d=0 sk=0 hf=98144 hm=97256 ht=283428 pf=0 pm=0 pt=0 ru=233404 rp=234292
17:57:17.369 @T t=191854 s=0.000 lv=-41.1 pk=-39.6 c0=4.3 c1=8.5 kw=8.27 inf=2.69 iv=1.11 n=3 d=0 sk=0 hf=98144 hm=97256 ht=283428 pf=0 pm=0 pt=0 ru=233404 rp=234292
17:57:17.369 @T t=191940 s=0.000 lv=-41.8 pk=-40.8 c0=7.3 c1=9.3 kw=9.10 inf=2.42 iv=1.15 n=3 d=0 sk=0 hf=98144 hm=97256 ht=283428 pf=0 pm=0 pt=0 ru=233404 rp=234292
17:57:17.369 @T t=192046 s=0.000 lv=-41.1 pk=-39.8 c0=7.4 c1=10.3 kw=8.91 inf=2.15 iv=0.92 n=4 d=0 sk=0 hf=98144 hm=97256 ht=283428 pf=0 pm=0 pt=0 ru=233404 rp=234292
17:57:17.369 @T t=192152 s=0.000 lv=-36.8 pk=-33.4 c0=4.2 c1=10.1 kw=10.57 inf=3.49 iv=1.56 n=3 d=0 sk=0 hf=98144 hm=97256 ht=283428 pf=0 pm=0 pt=0 ru=233404 rp=234292
17:57:17.369 @I ww=marvin cut=0.50 win=5 cool=1000 tick=100 wifi=0 srv=0 li=0 ln=0
17:57:17.369 @T t=192243 s=0.000 lv=-37.2 pk=-34.6 c0=6.4 c1=9.4 kw=9.06 inf=2.55 iv=1.24 n=3 d=0 sk=0 hf=98144 hm=97256 ht=283428 pf=0 pm=0 pt=0 ru=233404 rp=234292
17:57:17.369 @T t=192349 s=0.000 lv=-33.1 pk=-30.5 c0=4.3 c1=12.6 kw=10.95 inf=2.68 iv=1.20 n=4 d=0 sk=0 hf=98144 hm=97256 ht=283428 pf=0 pm=0 pt=0 ru=233404 rp=234292
17:57:17.369 @T t=192455 s=0.000 lv=-35.8 pk=-35.2 c0=4.1 c1=8.6 kw=8.42 inf=2.74 iv=1.15 n=3 d=0 sk=0 hf=98144 hm=97256 ht=283428 pf=0 pm=0 pt=0 ru=233404 rp=234292
17:57:17.369 @T t=192540 s=0.000 lv=-38.2 pk=-36.7 c0=4.3 c1=9.5 kw=9.26 inf=2.43 iv=1.15 n=3 d=0 sk=0 hf=98144 hm=97256 ht=283428 pf=0 pm=0 pt=0 ru=233404 rp=234292
17:57:17.369 @T t=192646 s=0.000 lv=-36.7 pk=-33.6 c0=4.2 c1=10.2 kw=8.83 inf=2.12 iv=0.91 n=4 d=0 sk=0 hf=98144 hm=97256 ht=283428 pf=0 pm=0 pt=0 ru=233404 rp=234292
17:57:17.369 @T t=192752 s=0.000 lv=-35.8 pk=-33.0 c0=3.9 c1=9.9 kw=10.37 inf=3.43 iv=1.51 n=3 d=0 sk=0 hf=98144 hm=97256 ht=283428 pf=0 pm=0 pt=0 ru=233404 rp=234292
17:57:17.369 @T t=192858 s=0.000 lv=-36.2 pk=-33.7 c0=3.4 c1=9.4 kw=9.27 inf=2.28 iv=1.09 n=4 d=0 sk=0 hf=98144 hm=97256 ht=283428 pf=0 pm=0 pt=0 ru=233404 rp=234292
17:57:19.879 @T t=192944 s=0.000 lv=-39.0 pk=-36.6 c0=4.0 c1=8.0 kw=7.78 inf=3.06 iv=1.16 n=2 d=0 sk=0 hf=98144 hm=97256 ht=283428 pf=0 pm=0 pt=0 ru=233404 rp=234292
17:57:19.880 @T t=193050 s=0.000 lv=-40.9 pk=-39.5 c0=6.0 c1=10.5 kw=10.26 inf=2.51 iv=1.08 n=4 d=0 sk=0 hf=98144 hm=97256 ht=283428 pf=0 pm=0 pt=0 ru=233404 rp=234292
17:57:19.880 @T t=193156 s=0.000 lv=-40.5 pk=-39.4 c0=4.2 c1=9.4 kw=9.23 inf=2.27 iv=1.08 n=4 d=0 sk=0 hf=98144 hm=97256 ht=283428 pf=0 pm=0 pt=0 ru=233404 rp=234292
17:57:19.880 @I ww=marvin cut=0.50 win=5 cool=1000 tick=100 wifi=0 srv=0 li=0 ln=0
17:57:19.880 @T t=193247 s=0.000 lv=-40.3 pk=-39.4 c0=6.4 c1=10.2 kw=10.47 inf=2.94 iv=1.29 n=3 d=0 sk=0 hf=98144 hm=97256 ht=283428 pf=0 pm=0 pt=0 ru=233404 rp=234292
17:57:19.880 @T t=193356 s=0.000 lv=-39.1 pk=-36.6 c0=3.1 c1=8.7 kw=8.10 inf=2.71 iv=1.13 n=3 d=0 sk=0 hf=98144 hm=97256 ht=283428 pf=0 pm=0 pt=0 ru=233404 rp=234292
17:57:19.880 @T t=193442 s=0.000 lv=-40.1 pk=-38.5 c0=4.7 c1=9.6 kw=9.35 inf=2.49 iv=1.19 n=3 d=0 sk=0 hf=98144 hm=97256 ht=283428 pf=0 pm=0 pt=0 ru=233404 rp=234292
17:57:19.880 @T t=193548 s=0.000 lv=-38.8 pk=-36.3 c0=3.3 c1=10.5 kw=10.33 inf=2.53 iv=1.11 n=4 d=0 sk=0 hf=98144 hm=97256 ht=283428 pf=0 pm=0 pt=0 ru=233404 rp=234292
17:57:19.880 @T t=193654 s=0.000 lv=-39.6 pk=-38.5 c0=3.3 c1=8.4 kw=8.25 inf=2.68 iv=1.10 n=3 d=0 sk=0 hf=98144 hm=97256 ht=283428 pf=0 pm=0 pt=0 ru=233404 rp=234292
17:57:19.880 @T t=193740 s=0.000 lv=-38.5 pk=-37.3 c0=4.0 c1=9.1 kw=8.93 inf=2.37 iv=1.11 n=3 d=0 sk=0 hf=98144 hm=97256 ht=283428 pf=0 pm=0 pt=0 ru=233404 rp=234292
17:57:19.880 @T t=193846 s=0.000 lv=-37.3 pk=-35.2 c0=5.5 c1=10.9 kw=9.37 inf=2.26 iv=1.01 n=4 d=0 sk=0 hf=98144 hm=97256 ht=283428 pf=0 pm=0 pt=0 ru=233404 rp=234292
17:57:19.880 @T t=193952 s=0.000 lv=-39.2 pk=-38.4 c0=4.3 c1=10.5 kw=11.01 inf=3.65 iv=1.68 n=3 d=0 sk=0 hf=98144 hm=97256 ht=283428 pf=0 pm=0 pt=0 ru=233404 rp=234292
17:57:19.880 @T t=194058 s=0.000 lv=-37.4 pk=-35.6 c0=4.2 c1=10.2 kw=9.99 inf=2.46 iv=1.24 n=4 d=0 sk=0 hf=98144 hm=97256 ht=283428 pf=0 pm=0 pt=0 ru=233404 rp=234292
17:57:19.880 @T t=194144 s=0.000 lv=-37.6 pk=-37.2 c0=5.1 c1=8.2 kw=8.02 inf=3.16 iv=1.24 n=2 d=0 sk=0 hf=98144 hm=97256 ht=283428 pf=0 pm=0 pt=0 ru=233404 rp=234292
17:57:19.880 @I ww=marvin cut=0.50 win=5 cool=1000 tick=100 wifi=0 srv=0 li=0 ln=0
17:57:19.880 @T t=194239 s=0.000 lv=-38.3 pk=-36.8 c0=4.6 c1=11.3 kw=11.03 inf=2.43 iv=1.19 n=4 d=0 sk=0 hf=98144 hm=97256 ht=283428 pf=0 pm=0 pt=0 ru=233404 rp=234292
17:57:19.880 @T t=194345 s=0.000 lv=-38.7 pk=-37.8 c0=4.6 c1=10.3 kw=8.93 inf=2.87 iv=1.22 n=3 d=0 sk=0 hf=98144 hm=97256 ht=283428 pf=0 pm=0 pt=0 ru=233404 rp=234292
17:57:19.880 @T t=194451 s=0.000 lv=-34.8 pk=-32.2 c0=4.3 c1=10.2 kw=10.14 inf=3.34 iv=1.39 n=3 d=0 sk=0 hf=98144 hm=97256 ht=283428 pf=0 pm=0 pt=0 ru=233404 rp=234292
17:57:19.880 @T t=194557 s=0.000 lv=-34.7 pk=-32.2 c0=4.2 c1=10.2 kw=9.96 inf=2.46 iv=1.23 n=4 d=0 sk=0 hf=98144 hm=97256 ht=283428 pf=0 pm=0 pt=0 ru=233404 rp=234292
17:57:19.880 @T t=194643 s=0.000 lv=-39.1 pk=-37.9 c0=5.1 c1=8.1 kw=7.93 inf=3.12 iv=1.17 n=2 d=0 sk=0 hf=98144 hm=97256 ht=283428 pf=0 pm=0 pt=0 ru=233404 rp=234292
17:57:19.880 @T t=194749 s=0.000 lv=-40.9 pk=-40.1 c0=6.9 c1=11.0 kw=10.76 inf=2.63 iv=1.17 n=4 d=0 sk=0 hf=98144 hm=97256 ht=283428 pf=0 pm=0 pt=0 ru=233404 rp=234292
17:57:19.880 @T t=194855 s=0.000 lv=-39.1 pk=-37.5 c0=3.5 c1=9.8 kw=9.61 inf=2.37 iv=1.17 n=4 d=0 sk=0 hf=98144 hm=97256 ht=283428 pf=0 pm=0 pt=0 ru=233404 rp=234292
17:57:19.880 @T t=194941 s=0.000 lv=-38.9 pk=-37.8 c0=5.1 c1=8.3 kw=8.13 inf=3.21 iv=1.27 n=2 d=0 sk=0 hf=98144 hm=97256 ht=283428 pf=0 pm=0 pt=0 ru=233404 rp=234292
17:57:19.880 @T t=195047 s=0.000 lv=-39.1 pk=-37.0 c0=4.4 c1=11.2 kw=10.98 inf=2.69 iv=1.21 n=4 d=0 sk=0 hf=98144 hm=97256 ht=283428 pf=0 pm=0 pt=0 ru=233404 rp=234292
17:57:19.880 @T t=195153 s=0.000 lv=-38.4 pk=-35.5 c0=3.8 c1=9.7 kw=9.51 inf=2.34 iv=1.13 n=4 d=0 sk=0 hf=98144 hm=97256 ht=283428 pf=0 pm=0 pt=0 ru=233404 rp=234292
17:57:19.880 @I ww=marvin cut=0.50 win=5 cool=1000 tick=100 wifi=0 srv=0 li=0 ln=0
17:57:19.880 @T t=195244 s=0.000 lv=-38.5 pk=-37.8 c0=4.7 c1=7.6 kw=7.46 inf=3.11 iv=1.18 n=2 d=0 sk=0 hf=98144 hm=97256 ht=283428 pf=0 pm=0 pt=0 ru=233404 rp=234292
17:57:19.880 @T t=195349 s=0.000 lv=-36.7 pk=-35.5 c0=4.9 c1=11.5 kw=11.23 inf=2.73 iv=1.25 n=4 d=0 sk=0 hf=98144 hm=97256 ht=283428 pf=0 pm=0 pt=0 ru=233404 rp=234292
17:57:22.361 @T t=195455 s=0.000 lv=-36.3 pk=-33.9 c0=3.3 c1=9.3 kw=9.13 inf=2.24 iv=1.07 n=4 d=0 sk=0 hf=98144 hm=97256 ht=283428 pf=0 pm=0 pt=0 ru=233404 rp=234292
17:57:22.361 @T t=195541 s=0.000 lv=-35.4 pk=-34.7 c0=4.6 c1=8.3 kw=8.11 inf=3.20 iv=1.25 n=2 d=0 sk=0 hf=98144 hm=97256 ht=283428 pf=0 pm=0 pt=0 ru=233404 rp=234292
17:57:22.361 @T t=195647 s=0.000 lv=-37.6 pk=-35.5 c0=3.3 c1=10.6 kw=10.41 inf=2.55 iv=1.12 n=4 d=0 sk=0 hf=98144 hm=97256 ht=283428 pf=0 pm=0 pt=0 ru=233404 rp=234292
17:57:22.361 @T t=195753 s=0.000 lv=-39.7 pk=-38.6 c0=3.3 c1=9.4 kw=9.19 inf=2.26 iv=1.08 n=4 d=0 sk=0 hf=98144 hm=97256 ht=283428 pf=0 pm=0 pt=0 ru=233404 rp=234292
17:57:22.361 @T t=195839 s=0.000 lv=-40.5 pk=-39.3 c0=4.6 c1=8.0 kw=7.78 inf=3.06 iv=1.17 n=2 d=0 sk=0 hf=98144 hm=97256 ht=283428 pf=0 pm=0 pt=0 ru=233404 rp=234292
17:57:22.361 @T t=195945 s=0.000 lv=-39.8 pk=-39.0 c0=3.4 c1=10.0 kw=9.63 inf=2.34 iv=1.14 n=4 d=0 sk=0 hf=98144 hm=97256 ht=283428 pf=0 pm=0 pt=0 ru=233404 rp=234292
17:57:22.361 @T t=196051 s=0.000 lv=-37.8 pk=-36.8 c0=3.3 c1=10.6 kw=10.13 inf=2.51 iv=1.08 n=4 d=0 sk=0 hf=98144 hm=97256 ht=283428 pf=0 pm=0 pt=0 ru=233404 rp=234292
17:57:22.361 @T t=196157 s=0.000 lv=-37.7 pk=-35.6 c0=3.3 c1=8.4 kw=8.26 inf=2.68 iv=1.10 n=3 d=0 sk=0 hf=98144 hm=97256 ht=283428 pf=0 pm=0 pt=0 ru=233404 rp=234292
17:57:22.361 @I ww=marvin cut=0.50 win=5 cool=1000 tick=100 wifi=0 srv=0 li=0 ln=0
17:57:22.361 W (196567) wifi: cannot connect (reason 201). Check the name/password in menuconfig; the ESP32 needs a 2.4 GHz network (201 = network not found, 15/204 = wrong password)
17:57:22.361 @T t=196249 s=0.000 lv=-37.4 pk=-34.9 c0=9.7 c1=11.5 kw=10.29 inf=2.91 iv=1.27 n=3 d=0 sk=0 hf=98144 hm=97256 ht=283428 pf=0 pm=0 pt=0 ru=233404 rp=234292
17:57:22.361 @T t=196355 s=0.000 lv=-36.7 pk=-35.0 c0=4.6 c1=10.2 kw=9.95 inf=2.45 iv=1.22 n=4 d=0 sk=0 hf=98144 hm=97256 ht=283428 pf=0 pm=0 pt=0 ru=233404 rp=234292
17:57:22.361 @T t=196441 s=0.000 lv=-38.1 pk=-35.0 c0=5.1 c1=8.0 kw=7.86 inf=3.09 iv=1.19 n=2 d=0 sk=0 hf=98144 hm=97256 ht=283428 pf=0 pm=0 pt=0 ru=233404 rp=234292
17:57:22.361 @T t=196547 s=0.000 lv=-40.3 pk=-37.9 c0=3.3 c1=10.7 kw=10.44 inf=2.55 iv=1.12 n=4 d=0 sk=0 hf=98144 hm=97256 ht=283428 pf=0 pm=0 pt=0 ru=233404 rp=234292
17:57:22.361 @T t=196653 s=0.000 lv=-39.0 pk=-37.8 c0=4.1 c1=9.6 kw=9.42 inf=2.32 iv=1.12 n=4 d=0 sk=0 hf=98144 hm=97256 ht=283428 pf=0 pm=0 pt=0 ru=233404 rp=234292
17:57:22.361 @T t=196739 s=0.000 lv=-38.4 pk=-37.9 c0=5.1 c1=8.5 kw=8.25 inf=3.25 iv=1.26 n=2 d=0 sk=0 hf=98144 hm=97256 ht=283428 pf=0 pm=0 pt=0 ru=233404 rp=234292
17:57:22.361 @T t=196845 s=0.000 lv=-38.6 pk=-37.3 c0=4.2 c1=10.5 kw=10.11 inf=2.46 iv=1.24 n=4 d=0 sk=0 hf=98144 hm=97256 ht=283428 pf=0 pm=0 pt=0 ru=233404 rp=234292
17:57:22.361 @T t=196954 s=0.000 lv=-38.8 pk=-37.6 c0=4.1 c1=10.9 kw=10.42 inf=2.66 iv=1.20 n=4 d=0 sk=0 hf=98144 hm=97256 ht=283428 pf=0 pm=0 pt=0 ru=233404 rp=234292
17:57:22.361 @T t=197040 s=0.000 lv=-40.7 pk=-39.3 c0=4.9 c1=8.2 kw=7.82 inf=3.08 iv=1.18 n=2 d=0 sk=0 hf=98144 hm=97256 ht=283428 pf=0 pm=0 pt=0 ru=233404 rp=234292
17:57:22.361 @T t=197145 s=0.000 lv=-37.3 pk=-35.0 c0=3.4 c1=5.4 kw=5.21 inf=1.55 iv=0.00 n=0 d=0 sk=3 hf=98144 hm=97256 ht=283428 pf=0 pm=0 pt=0 ru=233404 rp=234292
17:57:22.361 @I ww=marvin cut=0.50 win=5 cool=1000 tick=100 wifi=0 srv=0 li=0 ln=0
17:57:22.361 @T t=197257 s=0.000 lv=-37.7 pk=-35.4 c0=4.8 c1=6.7 kw=5.51 inf=1.83 iv=0.00 n=0 d=0 sk=3 hf=98144 hm=97256 ht=283428 pf=0 pm=0 pt=0 ru=233404 rp=234292
17:57:22.361 @T t=197343 s=0.000 lv=-39.8 pk=-38.3 c0=5.1 c1=5.2 kw=5.02 inf=1.88 iv=0.00 n=0 d=0 sk=2 hf=98144 hm=97256 ht=283428 pf=0 pm=0 pt=0 ru=233404 rp=234292
17:57:22.361 @T t=197452 s=0.000 lv=-40.7 pk=-39.6 c0=9.3 c1=6.0 kw=5.82 inf=1.38 iv=0.00 n=0 d=0 sk=4 hf=98144 hm=97256 ht=283428 pf=0 pm=0 pt=0 ru=233404 rp=234292
17:57:22.361 @T t=197558 s=0.000 lv=-40.0 pk=-38.3 c0=7.0 c1=5.1 kw=4.97 inf=1.53 iv=0.00 n=0 d=0 sk=3 hf=98144 hm=97256 ht=283428 pf=0 pm=0 pt=0 ru=233404 rp=234292
17:57:22.361 @T t=197644 s=0.000 lv=-39.7 pk=-39.2 c0=3.9 c1=5.0 kw=4.87 inf=1.82 iv=0.00 n=0 d=0 sk=2 hf=98144 hm=97256 ht=283428 pf=0 pm=0 pt=0 ru=233404 rp=234292
17:57:22.361 @T t=197750 s=0.000 lv=-40.2 pk=-38.7 c0=3.0 c1=6.0 kw=5.88 inf=1.36 iv=0.00 n=0 d=0 sk=4 hf=98144 hm=97256 ht=283428 pf=0 pm=0 pt=0 ru=233404 rp=234292
17:57:22.361 @T t=197856 s=0.000 lv=-39.8 pk=-38.0 c0=6.4 c1=5.0 kw=4.90 inf=1.51 iv=0.00 n=0 d=0 sk=3 hf=98144 hm=97256 ht=283428 pf=0 pm=0 pt=0 ru=233404 rp=234292
17:57:24.858 @T t=197942 s=0.000 lv=-36.3 pk=-35.4 c0=8.2 c1=5.1 kw=4.91 inf=1.84 iv=0.00 n=0 d=0 sk=2 hf=98144 hm=97256 ht=283428 pf=0 pm=0 pt=0 ru=233404 rp=234292
17:57:24.858 @T t=198048 s=0.000 lv=-38.8 pk=-37.0 c0=3.1 c1=6.1 kw=5.90 inf=1.36 iv=0.00 n=0 d=0 sk=4 hf=98144 hm=97256 ht=283428 pf=0 pm=0 pt=0 ru=233404 rp=234292
17:57:24.858 @T t=198154 s=0.002 lv=-32.6 pk=-31.5 c0=3.0 c1=16.5 kw=16.28 inf=1.38 iv=0.98 n=12 d=0 sk=0 hf=98144 hm=97256 ht=283428 pf=0 pm=0 pt=0 ru=233404 rp=234292
17:57:24.858 @I ww=marvin cut=0.50 win=5 cool=1000 tick=100 wifi=0 srv=0 li=0 ln=0
17:57:24.858 @T t=198246 s=0.002 lv=-36.1 pk=-33.7 c0=5.4 c1=10.2 kw=9.93 inf=2.81 iv=1.19 n=3 d=0 sk=0 hf=98144 hm=97256 ht=283428 pf=0 pm=0 pt=0 ru=233404 rp=234292
17:57:24.858 @T t=198352 s=0.001 lv=-39.5 pk=-39.0 c0=6.6 c1=10.6 kw=9.64 inf=2.38 iv=1.17 n=4 d=0 sk=0 hf=98144 hm=97256 ht=283428 pf=0 pm=0 pt=0 ru=233404 rp=234292
17:57:24.858 @T t=198458 s=0.001 lv=-37.5 pk=-34.5 c0=3.3 c1=8.6 kw=8.44 inf=2.75 iv=1.17 n=3 d=0 sk=0 hf=98144 hm=97256 ht=283428 pf=0 pm=0 pt=0 ru=233404 rp=234292
17:57:24.858 @T t=198544 s=0.001 lv=-39.7 pk=-38.1 c0=8.0 c1=9.4 kw=9.23 inf=2.45 iv=1.18 n=3 d=0 sk=0 hf=98144 hm=97256 ht=283428 pf=0 pm=0 pt=0 ru=233404 rp=234292
17:57:24.858 @T t=198650 s=0.000 lv=-41.0 pk=-40.2 c0=8.2 c1=11.7 kw=11.31 inf=2.76 iv=1.26 n=4 d=0 sk=0 hf=98144 hm=97256 ht=283428 pf=0 pm=0 pt=0 ru=233404 rp=234292
17:57:24.858 @T t=198756 s=0.002 lv=-37.7 pk=-35.4 c0=4.2 c1=9.3 kw=9.06 inf=2.96 iv=1.29 n=3 d=0 sk=0 hf=98144 hm=97256 ht=283428 pf=0 pm=0 pt=0 ru=233404 rp=234292
17:57:24.858 @T t=198842 s=0.004 lv=-40.9 pk=-38.2 c0=4.1 c1=9.4 kw=9.19 inf=2.44 iv=1.18 n=3 d=0 sk=0 hf=98144 hm=97256 ht=283428 pf=0 pm=0 pt=0 ru=233404 rp=234292
17:57:24.858 @T t=198948 s=0.003 lv=-38.0 pk=-35.6 c0=4.4 c1=11.0 kw=10.71 inf=2.62 iv=1.16 n=4 d=0 sk=0 hf=98144 hm=97256 ht=283428 pf=0 pm=0 pt=0 ru=233404 rp=234292
17:57:24.858 @T t=199054 s=0.000 lv=-39.8 pk=-39.0 c0=4.2 c1=8.9 kw=8.67 inf=2.82 iv=1.20 n=3 d=0 sk=0 hf=98144 hm=97256 ht=283428 pf=0 pm=0 pt=0 ru=233404 rp=234292
17:57:24.858 @T t=199140 s=0.002 lv=-39.2 pk=-38.3 c0=5.1 c1=10.0 kw=9.81 inf=2.62 iv=1.30 n=3 d=0 sk=0 hf=98144 hm=97256 ht=283428 pf=0 pm=0 pt=0 ru=233404 rp=234292
17:57:24.858 @I ww=marvin cut=0.50 win=5 cool=1000 tick=100 wifi=0 srv=0 li=0 ln=0
17:57:24.858 @T t=199251 s=0.004 lv=-39.9 pk=-37.9 c0=5.3 c1=10.8 kw=10.51 inf=2.70 iv=1.24 n=4 d=0 sk=0 hf=98144 hm=97256 ht=283428 pf=0 pm=0 pt=0 ru=233404 rp=234292
17:57:24.858 @T t=199357 s=0.003 lv=-36.4 pk=-35.2 c0=4.3 c1=10.6 kw=9.06 inf=2.96 iv=1.31 n=3 d=0 sk=0 hf=98144 hm=97256 ht=283428 pf=0 pm=0 pt=0 ru=233404 rp=234292
17:57:24.858 @T t=199446 s=0.001 lv=-40.0 pk=-38.1 c0=3.8 c1=10.4 kw=10.22 inf=2.79 iv=1.20 n=3 d=0 sk=0 hf=98144 hm=97256 ht=283428 pf=0 pm=0 pt=0 ru=233404 rp=234292
17:57:24.858 @T t=199552 s=0.000 lv=-38.2 pk=-37.6 c0=4.2 c1=9.8 kw=9.59 inf=2.36 iv=1.15 n=4 d=0 sk=0 hf=98144 hm=97256 ht=283428 pf=0 pm=0 pt=0 ru=233404 rp=234292
17:57:24.858 @T t=199658 s=0.000 lv=-41.4 pk=-40.2 c0=4.2 c1=8.9 kw=8.70 inf=2.83 iv=1.21 n=3 d=0 sk=0 hf=98144 hm=97256 ht=283428 pf=0 pm=0 pt=0 ru=233404 rp=234292
17:57:24.858 @T t=199744 s=0.000 lv=-38.5 pk=-37.2 c0=5.1 c1=10.0 kw=9.81 inf=2.61 iv=1.30 n=3 d=0 sk=0 hf=98144 hm=97256 ht=283428 pf=0 pm=0 pt=0 ru=233404 rp=234292
17:57:24.858 @T t=199853 s=0.000 lv=-39.4 pk=-38.2 c0=4.1 c1=11.1 kw=10.77 inf=2.72 iv=1.23 n=4 d=0 sk=0 hf=98144 hm=97256 ht=283428 pf=0 pm=0 pt=0 ru=233404 rp=234292
17:57:24.858 @T t=199939 s=0.000 lv=-40.4 pk=-39.4 c0=4.9 c1=8.0 kw=7.99 inf=3.14 iv=1.23 n=2 d=0 sk=0 hf=98144 hm=97256 ht=283428 pf=0 pm=0 pt=0 ru=233404 rp=234292
17:57:24.858 @T t=200045 s=0.000 lv=-39.6 pk=-38.8 c0=6.0 c1=7.0 kw=6.61 inf=1.55 iv=1.47 n=1 d=0 sk=3 hf=98144 hm=97256 ht=283428 pf=0 pm=0 pt=0 ru=233404 rp=234292
17:57:24.858 @T t=200151 s=0.000 lv=-40.3 pk=-39.2 c0=3.2 c1=6.2 kw=5.80 inf=1.83 iv=0.00 n=0 d=0 sk=3 hf=98144 hm=97256 ht=283428 pf=0 pm=0 pt=0 ru=233404 rp=234292
17:57:24.858 @I ww=marvin cut=0.50 win=5 cool=1000 tick=100 wifi=0 srv=0 li=0 ln=0
17:57:24.858 @T t=200243 s=0.000 lv=-34.7 pk=-30.8 c0=4.3 c1=14.3 kw=14.14 inf=1.25 iv=0.96 n=9 d=0 sk=1 hf=98144 hm=97256 ht=283428 pf=0 pm=0 pt=0 ru=233404 rp=234292
17:57:24.858 @T t=200353 s=0.000 lv=-28.4 pk=-27.7 c0=10.2 c1=11.0 kw=10.62 inf=2.70 iv=1.23 n=4 d=0 sk=0 hf=98144 hm=97256 ht=283428 pf=0 pm=0 pt=0 ru=233404 rp=234292
17:57:27.182 @T t=200439 s=0.000 lv=-33.7 pk=-30.9 c0=4.1 c1=9.2 kw=9.05 inf=2.40 iv=1.13 n=3 d=0 sk=0 hf=98144 hm=97256 ht=283428 pf=0 pm=0 pt=0 ru=233404 rp=234292
17:57:27.182 @T t=200545 s=0.000 lv=-35.5 pk=-33.0 c0=3.2 c1=8.7 kw=8.36 inf=2.67 iv=1.10 n=3 d=0 sk=0 hf=98144 hm=97256 ht=283428 pf=0 pm=0 pt=0 ru=233404 rp=234292
17:57:27.182 @T t=200654 s=0.000 lv=-37.5 pk=-36.0 c0=3.6 c1=10.3 kw=10.25 inf=2.62 iv=1.19 n=4 d=0 sk=0 hf=98144 hm=97256 ht=283428 pf=0 pm=0 pt=0 ru=233404 rp=234292
17:57:27.182 @T t=200740 s=0.000 lv=-32.5 pk=-29.9 c0=4.1 c1=9.3 kw=9.13 inf=2.43 iv=1.14 n=3 d=0 sk=0 hf=98144 hm=97256 ht=283428 pf=0 pm=0 pt=0 ru=233404 rp=234292
17:57:27.182 @T t=200846 s=0.000 lv=-36.1 pk=-32.2 c0=3.2 c1=9.7 kw=8.36 inf=2.67 iv=1.10 n=3 d=0 sk=0 hf=98144 hm=97256 ht=283428 pf=0 pm=0 pt=0 ru=233404 rp=234292
17:57:27.183 @T t=200952 s=0.000 lv=-33.2 pk=-29.8 c0=3.4 c1=9.6 kw=10.04 inf=2.49 iv=1.07 n=4 d=0 sk=0 hf=98144 hm=97256 ht=283428 pf=0 pm=0 pt=0 ru=233404 rp=234292
17:57:27.183 @T t=201058 s=0.000 lv=-30.6 pk=-28.1 c0=5.0 c1=9.2 kw=8.91 inf=2.90 iv=1.27 n=3 d=0 sk=0 hf=98144 hm=97256 ht=283428 pf=0 pm=0 pt=0 ru=233404 rp=234292
17:57:27.183 @T t=201144 s=0.000 lv=-29.5 pk=-27.1 c0=5.7 c1=9.4 kw=9.21 inf=2.45 iv=1.15 n=3 d=0 sk=0 hf=98144 hm=97256 ht=283428 pf=0 pm=0 pt=0 ru=233404 rp=234292
17:57:27.183 @I ww=marvin cut=0.50 win=5 cool=1000 tick=100 wifi=0 srv=0 li=0 ln=0
17:57:27.183 @T t=201239 s=0.000 lv=-33.0 pk=-30.6 c0=16.0 c1=9.9 kw=9.70 inf=2.82 iv=1.19 n=3 d=0 sk=0 hf=98144 hm=97256 ht=283428 pf=0 pm=0 pt=0 ru=233404 rp=234292
17:57:27.183 [status] up 201s | mic -37.0 dBFS (peak -27.1) | score max 0.00 | detections 0 | inferences 306 (30.6/s; model 1.17 ms each, paused in quiet 11%; features 1.40 ms per 30 ms) | CPU core0  4.9% core1  9.4% (wake word pipeline 9.11% of one core) | RAM used 227 KB (peak 228 KB, 95 KB free) | wifi --, server -- | audio lost since boot: i2s 0 net 0
17:57:27.183 @T t=201349 s=0.000 lv=-37.9 pk=-36.5 c0=26.8 c1=11.8 kw=10.75 inf=2.74 iv=1.25 n=4 d=0 sk=0 hf=98144 hm=97256 ht=283428 pf=0 pm=0 pt=0 ru=233404 rp=234292
17:57:27.183 @T t=201455 s=0.000 lv=-35.8 pk=-35.0 c0=4.2 c1=10.0 kw=9.78 inf=2.41 iv=1.20 n=4 d=0 sk=0 hf=98144 hm=97256 ht=283428 pf=0 pm=0 pt=0 ru=233404 rp=234292
17:57:27.183 @T t=201541 s=0.000 lv=-35.1 pk=-32.7 c0=5.1 c1=8.6 kw=8.38 inf=3.31 iv=1.35 n=2 d=0 sk=0 hf=98144 hm=97256 ht=283428 pf=0 pm=0 pt=0 ru=233404 rp=234292
17:57:27.183 @T t=201647 s=0.000 lv=-33.8 pk=-31.0 c0=4.2 c1=11.0 kw=10.77 inf=2.64 iv=1.19 n=4 d=0 sk=0 hf=98144 hm=97256 ht=283428 pf=0 pm=0 pt=0 ru=233404 rp=234292
17:57:27.183 @T t=201753 s=0.000 lv=-35.5 pk=-31.5 c0=4.2 c1=9.9 kw=9.65 inf=2.38 iv=1.17 n=4 d=0 sk=0 hf=98144 hm=97256 ht=283428 pf=0 pm=0 pt=0 ru=233404 rp=234292
17:57:27.183 @T t=201839 s=0.000 lv=-36.0 pk=-34.8 c0=4.1 c1=8.1 kw=7.99 inf=3.15 iv=1.22 n=2 d=0 sk=0 hf=98144 hm=97256 ht=283428 pf=0 pm=0 pt=0 ru=233404 rp=234292
17:57:27.183 @T t=201945 s=0.000 lv=-38.0 pk=-35.6 c0=4.3 c1=10.3 kw=9.84 inf=2.39 iv=1.18 n=4 d=0 sk=0 hf=98144 hm=97256 ht=283428 pf=0 pm=0 pt=0 ru=233404 rp=234292
17:57:27.183 @T t=202051 s=0.000 lv=-35.6 pk=-35.1 c0=4.2 c1=11.2 kw=10.70 inf=2.65 iv=1.21 n=4 d=0 sk=0 hf=98144 hm=97256 ht=283428 pf=0 pm=0 pt=0 ru=233404 rp=234292
17:57:27.183 @T t=202157 s=0.000 lv=-36.0 pk=-32.1 c0=4.2 c1=9.0 kw=8.81 inf=2.87 iv=1.25 n=3 d=0 sk=0 hf=98144 hm=97256 ht=283428 pf=0 pm=0 pt=0 ru=233404 rp=234292
17:57:27.183 @I ww=marvin cut=0.50 win=5 cool=1000 tick=100 wifi=0 srv=0 li=0 ln=0
17:57:27.183 @T t=202248 s=0.000 lv=-34.4 pk=-31.3 c0=5.7 c1=10.5 kw=10.27 inf=2.87 iv=1.25 n=3 d=0 sk=0 hf=98144 hm=97256 ht=283428 pf=0 pm=0 pt=0 ru=233404 rp=234292
17:57:27.183 @T t=202354 s=0.000 lv=-40.2 pk=-39.7 c0=4.9 c1=10.3 kw=9.69 inf=2.38 iv=1.17 n=4 d=0 sk=0 hf=98144 hm=97256 ht=283428 pf=0 pm=0 pt=0 ru=233404 rp=234292
17:57:27.183 @T t=202440 s=0.000 lv=-34.9 pk=-33.4 c0=4.1 c1=8.0 kw=7.89 inf=3.11 iv=1.19 n=2 d=0 sk=0 hf=98144 hm=97256 ht=283428 pf=0 pm=0 pt=0 ru=233404 rp=234292
17:57:27.183 @T t=202546 s=0.000 lv=-39.5 pk=-36.4 c0=3.3 c1=10.6 kw=10.35 inf=2.53 iv=1.11 n=4 d=0 sk=0 hf=98144 hm=97256 ht=283428 pf=0 pm=0 pt=0 ru=233404 rp=234292
17:57:27.183 @T t=202652 s=0.000 lv=-38.8 pk=-36.6 c0=3.3 c1=9.6 kw=9.45 inf=2.33 iv=1.13 n=4 d=0 sk=0 hf=98144 hm=97256 ht=283428 pf=0 pm=0 pt=0 ru=233404 rp=234292
17:57:29.667 @T t=202758 s=0.000 lv=-38.2 pk=-37.9 c0=6.9 c1=8.9 kw=8.66 inf=2.82 iv=1.21 n=3 d=0 sk=0 hf=98144 hm=97256 ht=283428 pf=0 pm=0 pt=0 ru=233404 rp=234292
17:57:29.667 @T t=202844 s=0.000 lv=-37.0 pk=-35.7 c0=4.1 c1=9.5 kw=9.33 inf=2.48 iv=1.20 n=3 d=0 sk=0 hf=98144 hm=97256 ht=283428 pf=0 pm=0 pt=0 ru=233404 rp=234292
17:57:29.668 @T t=202950 s=0.000 lv=-39.3 pk=-37.8 c0=6.1 c1=10.7 kw=10.44 inf=2.54 iv=1.10 n=4 d=0 sk=0 hf=98144 hm=97256 ht=283428 pf=0 pm=0 pt=0 ru=233404 rp=234292
17:57:29.668 @T t=203056 s=0.000 lv=-34.9 pk=-33.3 c0=3.4 c1=8.6 kw=8.38 inf=2.73 iv=1.13 n=3 d=0 sk=0 hf=98144 hm=97256 ht=283428 pf=0 pm=0 pt=0 ru=233404 rp=234292
17:57:29.668 @T t=203142 s=0.000 lv=-38.5 pk=-36.2 c0=8.0 c1=9.3 kw=9.12 inf=2.42 iv=1.16 n=3 d=0 sk=0 hf=98144 hm=97256 ht=283428 pf=0 pm=0 pt=0 ru=233404 rp=234292
17:57:29.668 @I ww=marvin cut=0.50 win=5 cool=1000 tick=100 wifi=0 srv=0 li=0 ln=0
17:57:29.668 @T t=203254 s=0.000 lv=-33.6 pk=-31.0 c0=11.2 c1=10.2 kw=9.97 inf=2.58 iv=1.14 n=4 d=0 sk=0 hf=98144 hm=97256 ht=283428 pf=0 pm=0 pt=0 ru=233404 rp=234292
17:57:29.668 @T t=203343 s=0.000 lv=-38.3 pk=-36.4 c0=4.4 c1=9.1 kw=7.85 inf=3.21 iv=1.27 n=2 d=0 sk=0 hf=98144 hm=97256 ht=283428 pf=0 pm=0 pt=0 ru=233404 rp=234292
17:57:29.668 @T t=203452 s=0.000 lv=-35.9 pk=-33.3 c0=5.4 c1=11.1 kw=10.74 inf=2.70 iv=1.22 n=4 d=0 sk=0 hf=98144 hm=97256 ht=283428 pf=0 pm=0 pt=0 ru=233404 rp=234292
17:57:29.668 @T t=203558 s=0.000 lv=-33.7 pk=-31.3 c0=4.6 c1=10.0 kw=9.78 inf=2.41 iv=1.20 n=4 d=0 sk=0 hf=98144 hm=97256 ht=283428 pf=0 pm=0 pt=0 ru=233404 rp=234292
17:57:29.668 @T t=203644 s=0.000 lv=-39.9 pk=-38.9 c0=4.1 c1=7.9 kw=7.75 inf=3.05 iv=1.16 n=2 d=0 sk=0 hf=98144 hm=97256 ht=283428 pf=0 pm=0 pt=0 ru=233404 rp=234292
17:57:29.668 @T t=203750 s=0.000 lv=-35.5 pk=-33.2 c0=4.2 c1=11.3 kw=11.00 inf=2.70 iv=1.21 n=4 d=0 sk=0 hf=98144 hm=97256 ht=283428 pf=0 pm=0 pt=0 ru=233404 rp=234292
17:57:29.668 @T t=203856 s=0.000 lv=-35.0 pk=-33.5 c0=4.4 c1=10.2 kw=10.01 inf=2.46 iv=1.24 n=4 d=0 sk=0 hf=98144 hm=97256 ht=283428 pf=0 pm=0 pt=0 ru=233404 rp=234292
17:57:29.668 @T t=203942 s=0.000 lv=-33.7 pk=-32.5 c0=5.3 c1=8.7 kw=8.53 inf=3.38 iv=1.34 n=2 d=0 sk=0 hf=98144 hm=97256 ht=283428 pf=0 pm=0 pt=0 ru=233404 rp=234292
17:57:29.668 @T t=204051 s=0.000 lv=-40.0 pk=-38.0 c0=4.1 c1=10.9 kw=10.67 inf=2.69 iv=1.23 n=4 d=0 sk=0 hf=98144 hm=97256 ht=283428 pf=0 pm=0 pt=0 ru=233404 rp=234292
17:57:29.668 @T t=204157 s=0.000 lv=-39.1 pk=-37.3 c0=4.4 c1=10.2 kw=9.95 inf=2.46 iv=1.25 n=4 d=0 sk=0 hf=98144 hm=97256 ht=283428 pf=0 pm=0 pt=0 ru=233404 rp=234292
17:57:29.668 @I ww=marvin cut=0.50 win=5 cool=1000 tick=100 wifi=0 srv=0 li=0 ln=0
17:57:29.668 @T t=204252 s=0.000 lv=-38.9 pk=-37.5 c0=4.4 c1=9.8 kw=9.57 inf=2.80 iv=1.19 n=3 d=0 sk=0 hf=98144 hm=97256 ht=283428 pf=0 pm=0 pt=0 ru=233404 rp=234292
17:57:29.668 @T t=204358 s=0.000 lv=-38.9 pk=-37.9 c0=4.8 c1=10.2 kw=9.23 inf=3.02 iv=1.38 n=3 d=0 sk=0 hf=98144 hm=97256 ht=283428 pf=0 pm=0 pt=0 ru=233404 rp=234292
17:57:29.668 @T t=204444 s=0.000 lv=-40.2 pk=-39.4 c0=5.3 c1=10.2 kw=9.92 inf=2.65 iv=1.32 n=3 d=0 sk=0 hf=98144 hm=97256 ht=283428 pf=0 pm=0 pt=0 ru=233404 rp=234292
17:57:29.668 @T t=204553 s=0.000 lv=-35.9 pk=-31.1 c0=9.6 c1=10.9 kw=10.69 inf=2.69 iv=1.21 n=4 d=0 sk=0 hf=98144 hm=97256 ht=283428 pf=0 pm=0 pt=0 ru=233404 rp=234292
17:57:29.668 @T t=204639 s=0.000 lv=-34.8 pk=-32.1 c0=5.3 c1=9.3 kw=9.08 inf=2.41 iv=1.13 n=3 d=0 sk=0 hf=98144 hm=97256 ht=283428 pf=0 pm=0 pt=0 ru=233404 rp=234292
17:57:29.668 @T t=204745 s=0.000 lv=-38.2 pk=-35.6 c0=3.5 c1=8.9 kw=8.52 inf=2.73 iv=1.15 n=3 d=0 sk=0 hf=98144 hm=97256 ht=283428 pf=0 pm=0 pt=0 ru=233404 rp=234292
17:57:29.668 @T t=204854 s=0.000 lv=-37.3 pk=-35.1 c0=8.9 c1=10.6 kw=10.52 inf=2.69 iv=1.26 n=4 d=0 sk=0 hf=98144 hm=97256 ht=283428 pf=0 pm=0 pt=0 ru=233404 rp=234292
17:57:29.668 @T t=204940 s=0.000 lv=-37.1 pk=-36.0 c0=4.1 c1=9.4 kw=9.22 inf=2.45 iv=1.18 n=3 d=0 sk=0 hf=98144 hm=97256 ht=283428 pf=0 pm=0 pt=0 ru=233404 rp=234292
17:57:29.668 @T t=205046 s=0.000 lv=-38.2 pk=-36.9 c0=3.3 c1=9.9 kw=8.56 inf=2.75 iv=1.16 n=3 d=0 sk=0 hf=98144 hm=97256 ht=283428 pf=0 pm=0 pt=0 ru=233404 rp=234292
17:57:29.668 @T t=205152 s=0.000 lv=-32.5 pk=-30.6 c0=6.9 c1=10.1 kw=10.51 inf=2.61 iv=1.17 n=4 d=0 sk=0 hf=98144 hm=97256 ht=283428 pf=0 pm=0 pt=0 ru=233404 rp=234292
17:57:29.668 @I ww=marvin cut=0.50 win=5 cool=1000 tick=100 wifi=0 srv=0 li=0 ln=0
17:57:32.260 @T t=205243 s=0.000 lv=-37.8 pk=-36.0 c0=4.8 c1=9.0 kw=8.80 inf=2.48 iv=1.20 n=3 d=0 sk=0 hf=98144 hm=97256 ht=283428 pf=0 pm=0 pt=0 ru=233404 rp=234292
17:57:32.260 @T t=205349 s=0.000 lv=-35.6 pk=-31.9 c0=4.1 c1=11.7 kw=10.73 inf=2.62 iv=1.16 n=4 d=0 sk=0 hf=98144 hm=97256 ht=283428 pf=0 pm=0 pt=0 ru=233404 rp=234292
17:57:32.260 @T t=205455 s=0.002 lv=-37.3 pk=-33.6 c0=3.4 c1=8.7 kw=8.52 inf=2.78 iv=1.18 n=3 d=0 sk=0 hf=98144 hm=97256 ht=283428 pf=0 pm=0 pt=0 ru=233404 rp=234292
17:57:32.260 @T t=205541 s=0.002 lv=-30.3 pk=-29.7 c0=4.7 c1=9.8 kw=9.55 inf=2.54 iv=1.24 n=3 d=0 sk=0 hf=98144 hm=97256 ht=283428 pf=0 pm=0 pt=0 ru=233404 rp=234292
17:57:32.260 @T t=205647 s=0.002 lv=-36.1 pk=-33.6 c0=3.3 c1=10.6 kw=10.43 inf=2.55 iv=1.13 n=4 d=0 sk=0 hf=98144 hm=97256 ht=283428 pf=0 pm=0 pt=0 ru=233404 rp=234292
17:57:32.260 @T t=205753 s=0.000 lv=-32.7 pk=-30.3 c0=3.3 c1=8.7 kw=8.47 inf=2.76 iv=1.17 n=3 d=0 sk=0 hf=98144 hm=97256 ht=283428 pf=0 pm=0 pt=0 ru=233404 rp=234292
17:57:32.260 @T t=205839 s=0.000 lv=-34.0 pk=-32.7 c0=10.1 c1=9.6 kw=9.20 inf=2.45 iv=1.17 n=3 d=0 sk=0 hf=98144 hm=97256 ht=283428 pf=0 pm=0 pt=0 ru=233404 rp=234292
17:57:32.260 @T t=205948 s=0.000 lv=-36.6 pk=-34.4 c0=3.8 c1=10.5 kw=10.30 inf=2.60 iv=1.16 n=4 d=0 sk=0 hf=98144 hm=97256 ht=283428 pf=0 pm=0 pt=0 ru=233404 rp=234292
17:57:32.260 @T t=206054 s=0.000 lv=-38.0 pk=-34.9 c0=4.2 c1=8.8 kw=8.59 inf=2.80 iv=1.20 n=3 d=0 sk=0 hf=98144 hm=97256 ht=283428 pf=0 pm=0 pt=0 ru=233404 rp=234292
17:57:32.260 @T t=206140 s=0.000 lv=-38.8 pk=-38.6 c0=5.1 c1=10.0 kw=9.77 inf=2.61 iv=1.29 n=3 d=0 sk=0 hf=98144 hm=97256 ht=283428 pf=0 pm=0 pt=0 ru=233404 rp=234292
17:57:32.260 @I ww=marvin cut=0.50 win=5 cool=1000 tick=100 wifi=0 srv=0 li=0 ln=0
17:57:32.260 @T t=206251 s=0.000 lv=-35.5 pk=-31.8 c0=4.7 c1=10.7 kw=10.46 inf=2.69 iv=1.23 n=4 d=0 sk=0 hf=98144 hm=97256 ht=283428 pf=0 pm=0 pt=0 ru=233404 rp=234292
17:57:32.260 @T t=206357 s=0.000 lv=-39.3 pk=-37.7 c0=4.7 c1=10.0 kw=9.00 inf=2.94 iv=1.32 n=3 d=0 sk=0 hf=98144 hm=97256 ht=283428 pf=0 pm=0 pt=0 ru=233404 rp=234292
17:57:32.260 @T t=206443 s=0.000 lv=-39.5 pk=-38.8 c0=5.1 c1=9.4 kw=9.23 inf=2.46 iv=1.18 n=3 d=0 sk=0 hf=98144 hm=97256 ht=283428 pf=0 pm=0 pt=0 ru=233404 rp=234292
17:57:32.260 @T t=206551 s=0.000 lv=-31.7 pk=-29.9 c0=8.2 c1=10.5 kw=10.28 inf=2.56 iv=1.11 n=4 d=0 sk=0 hf=98144 hm=97256 ht=283428 pf=0 pm=0 pt=0 ru=233404 rp=234292
17:57:32.260 @T t=206658 s=0.000 lv=-34.8 pk=-31.1 c0=4.1 c1=8.5 kw=8.26 inf=2.71 iv=1.13 n=3 d=0 sk=0 hf=98144 hm=97256 ht=283428 pf=0 pm=0 pt=0 ru=233404 rp=234292
17:57:32.260 @T t=206744 s=0.000 lv=-41.3 pk=-40.9 c0=5.1 c1=9.7 kw=9.46 inf=2.52 iv=1.22 n=3 d=0 sk=0 hf=98144 hm=97256 ht=283428 pf=0 pm=0 pt=0 ru=233404 rp=234292
17:57:32.260 @T t=206852 s=0.000 lv=-39.4 pk=-37.5 c0=4.0 c1=10.9 kw=10.63 inf=2.65 iv=1.18 n=4 d=0 sk=0 hf=98144 hm=97256 ht=283428 pf=0 pm=0 pt=0 ru=233404 rp=234292
17:57:32.260 @T t=206958 s=0.000 lv=-38.6 pk=-36.9 c0=4.3 c1=9.0 kw=8.77 inf=2.86 iv=1.25 n=3 d=0 sk=0 hf=98144 hm=97256 ht=283428 pf=0 pm=0 pt=0 ru=233404 rp=234292
17:57:32.260 @T t=207044 s=0.000 lv=-39.8 pk=-38.0 c0=5.1 c1=9.5 kw=9.27 inf=2.46 iv=1.19 n=3 d=0 sk=0 hf=98144 hm=97256 ht=283428 pf=0 pm=0 pt=0 ru=233404 rp=234292
17:57:32.260 @T t=207153 s=0.000 lv=-38.8 pk=-37.4 c0=3.3 c1=10.7 kw=10.43 inf=2.62 iv=1.15 n=4 d=0 sk=0 hf=98144 hm=97256 ht=283428 pf=0 pm=0 pt=0 ru=233404 rp=234292
17:57:32.260 @I ww=marvin cut=0.50 win=5 cool=1000 tick=100 wifi=0 srv=0 li=0 ln=0
17:57:32.260 @T t=207245 s=0.000 lv=-31.5 pk=-30.0 c0=5.3 c1=8.1 kw=7.64 inf=3.16 iv=1.22 n=2 d=0 sk=0 hf=98144 hm=97256 ht=283428 pf=0 pm=0 pt=0 ru=233404 rp=234292
17:57:32.260 @T t=207351 s=0.000 lv=-33.1 pk=-30.2 c0=3.9 c1=11.5 kw=10.72 inf=2.66 iv=1.20 n=4 d=0 sk=0 hf=98144 hm=97256 ht=283428 pf=0 pm=0 pt=0 ru=233404 rp=234292
17:57:32.260 @T t=207457 s=0.000 lv=-35.7 pk=-33.5 c0=3.3 c1=9.5 kw=9.34 inf=2.30 iv=1.11 n=4 d=0 sk=0 hf=98144 hm=97256 ht=283428 pf=0 pm=0 pt=0 ru=233404 rp=234292
17:57:32.260 @T t=207543 s=0.000 lv=-39.1 pk=-38.3 c0=4.6 c1=8.2 kw=7.96 inf=3.13 iv=1.21 n=2 d=0 sk=0 hf=98144 hm=97256 ht=283428 pf=0 pm=0 pt=0 ru=233404 rp=234292
17:57:32.260 @T t=207649 s=0.002 lv=-36.0 pk=-32.9 c0=3.4 c1=10.9 kw=10.65 inf=2.61 iv=1.17 n=4 d=0 sk=0 hf=98144 hm=97256 ht=283428 pf=0 pm=0 pt=0 ru=233404 rp=234292
17:57:32.260 @T t=207755 s=0.002 lv=-34.5 pk=-28.8 c0=3.3 c1=9.6 kw=9.45 inf=2.33 iv=1.14 n=4 d=0 sk=0 hf=98144 hm=97256 ht=283428 pf=0 pm=0 pt=0 ru=233404 rp=234292
17:57:34.762 @T t=207841 s=0.000 lv=-33.2 pk=-29.3 c0=4.1 c1=8.1 kw=7.96 inf=3.14 iv=1.21 n=2 d=0 sk=0 hf=98144 hm=97256 ht=283428 pf=0 pm=0 pt=0 ru=233404 rp=234292
17:57:34.762 @T t=207947 s=0.000 lv=-34.9 pk=-29.0 c0=7.2 c1=11.2 kw=10.94 inf=2.68 iv=1.22 n=4 d=0 sk=0 hf=98144 hm=97256 ht=283428 pf=0 pm=0 pt=0 ru=233404 rp=234292
17:57:34.762 @T t=208053 s=0.000 lv=-30.7 pk=-29.0 c0=3.3 c1=9.7 kw=9.55 inf=2.35 iv=1.15 n=4 d=0 sk=0 hf=98144 hm=97256 ht=283428 pf=0 pm=0 pt=0 ru=233404 rp=234292
17:57:34.762 @T t=208139 s=0.000 lv=-37.4 pk=-34.0 c0=4.0 c1=8.1 kw=7.94 inf=3.13 iv=1.21 n=2 d=0 sk=0 hf=98144 hm=97256 ht=283428 pf=0 pm=0 pt=0 ru=233404 rp=234292
17:57:34.762 @I ww=marvin cut=0.50 win=5 cool=1000 tick=100 wifi=0 srv=0 li=0 ln=0
17:57:34.762 @T t=208251 s=0.001 lv=-32.4 pk=-28.8 c0=13.2 c1=10.5 kw=10.18 inf=2.63 iv=1.17 n=4 d=0 sk=0 hf=98144 hm=97256 ht=283428 pf=0 pm=0 pt=0 ru=233404 rp=234292
17:57:34.762 @T t=208340 s=0.002 lv=-31.6 pk=-29.8 c0=4.7 c1=10.0 kw=9.23 inf=2.55 iv=1.23 n=3 d=0 sk=0 hf=98144 hm=97256 ht=283428 pf=0 pm=0 pt=0 ru=233404 rp=234292
17:57:34.762 @T t=208447 s=0.002 lv=-36.9 pk=-34.7 c0=7.8 c1=10.9 kw=10.68 inf=2.65 iv=1.21 n=4 d=0 sk=0 hf=98144 hm=97256 ht=283428 pf=0 pm=0 pt=0 ru=233404 rp=234292
17:57:34.762 @T t=208556 s=0.000 lv=-36.9 pk=-35.0 c0=3.9 c1=8.7 kw=8.46 inf=2.83 iv=1.22 n=3 d=0 sk=0 hf=98144 hm=97256 ht=283428 pf=0 pm=0 pt=0 ru=233404 rp=234292
17:57:34.762 @T t=208642 s=0.000 lv=-39.7 pk=-38.7 c0=5.1 c1=9.8 kw=9.54 inf=2.54 iv=1.24 n=3 d=0 sk=0 hf=98144 hm=97256 ht=283428 pf=0 pm=0 pt=0 ru=233404 rp=234292
17:57:34.762 @T t=208748 s=0.000 lv=-40.1 pk=-38.2 c0=4.2 c1=11.2 kw=10.98 inf=2.69 iv=1.24 n=4 d=0 sk=0 hf=98144 hm=97256 ht=283428 pf=0 pm=0 pt=0 ru=233404 rp=234292
17:57:34.762 @T t=208857 s=0.000 lv=-30.5 pk=-29.2 c0=4.1 c1=8.6 kw=8.40 inf=2.81 iv=1.17 n=3 d=0 sk=0 hf=98144 hm=97256 ht=283428 pf=0 pm=0 pt=0 ru=233404 rp=234292
17:57:34.762 @T t=208943 s=0.000 lv=-36.5 pk=-35.3 c0=4.0 c1=9.6 kw=9.41 inf=2.51 iv=1.21 n=3 d=0 sk=0 hf=98144 hm=97256 ht=283428 pf=0 pm=0 pt=0 ru=233404 rp=234292
17:57:34.762 @T t=209049 s=0.000 lv=-36.4 pk=-33.6 c0=4.2 c1=11.1 kw=10.83 inf=2.65 iv=1.20 n=4 d=0 sk=0 hf=98144 hm=97256 ht=283428 pf=0 pm=0 pt=0 ru=233404 rp=234292
17:57:34.762 @T t=209155 s=0.000 lv=-41.0 pk=-40.1 c0=4.3 c1=9.2 kw=8.99 inf=2.93 iv=1.29 n=3 d=0 sk=0 hf=98144 hm=97256 ht=283428 pf=0 pm=0 pt=0 ru=233404 rp=234292
17:57:34.762 @I ww=marvin cut=0.50 win=5 cool=1000 tick=100 wifi=0 srv=0 li=0 ln=0
17:57:34.762 @T t=209246 s=0.000 lv=-40.8 pk=-40.1 c0=5.9 c1=11.1 kw=9.51 inf=2.64 iv=1.30 n=3 d=0 sk=0 hf=98144 hm=97256 ht=283428 pf=0 pm=0 pt=0 ru=233404 rp=234292
17:57:34.762 @T t=209352 s=0.000 lv=-41.5 pk=-40.5 c0=4.7 c1=11.1 kw=10.89 inf=2.71 iv=1.26 n=4 d=0 sk=0 hf=98144 hm=97256 ht=283428 pf=0 pm=0 pt=0 ru=233404 rp=234292
17:57:34.762 @T t=209458 s=0.000 lv=-38.6 pk=-37.5 c0=4.2 c1=8.6 kw=8.46 inf=2.75 iv=1.17 n=3 d=0 sk=0 hf=98144 hm=97256 ht=283428 pf=0 pm=0 pt=0 ru=233404 rp=234292
17:57:34.762 @T t=209544 s=0.000 lv=-34.7 pk=-34.1 c0=4.1 c1=9.4 kw=9.23 inf=2.45 iv=1.16 n=3 d=0 sk=0 hf=98144 hm=97256 ht=283428 pf=0 pm=0 pt=0 ru=233404 rp=234292
17:57:34.762 @T t=209653 s=0.000 lv=-36.6 pk=-34.5 c0=9.1 c1=10.6 kw=10.37 inf=2.61 iv=1.14 n=4 d=0 sk=0 hf=98144 hm=97256 ht=283428 pf=0 pm=0 pt=0 ru=233404 rp=234292
17:57:34.762 @T t=209739 s=0.000 lv=-40.2 pk=-39.1 c0=4.1 c1=9.2 kw=9.03 inf=2.40 iv=1.13 n=3 d=0 sk=0 hf=98144 hm=97256 ht=283428 pf=0 pm=0 pt=0 ru=233404 rp=234292
17:57:34.762 @T t=209845 s=0.000 lv=-40.1 pk=-39.0 c0=3.3 c1=8.9 kw=8.54 inf=2.74 iv=1.14 n=3 d=0 sk=0 hf=98144 hm=97256 ht=283428 pf=0 pm=0 pt=0 ru=233404 rp=234292
17:57:34.762 @T t=209951 s=0.000 lv=-40.0 pk=-38.0 c0=4.0 c1=11.1 kw=11.05 inf=2.75 iv=1.30 n=4 d=0 sk=0 hf=98144 hm=97256 ht=283428 pf=0 pm=0 pt=0 ru=233404 rp=234292
17:57:34.762 @T t=210057 s=0.000 lv=-42.0 pk=-40.9 c0=3.3 c1=8.6 kw=8.39 inf=2.73 iv=1.16 n=3 d=0 sk=0 hf=98144 hm=97256 ht=283428 pf=0 pm=0 pt=0 ru=233404 rp=234292
17:57:34.762 @T t=210143 s=0.000 lv=-32.1 pk=-29.2 c0=4.0 c1=9.3 kw=9.08 inf=2.41 iv=1.12 n=3 d=0 sk=0 hf=98144 hm=97256 ht=283428 pf=0 pm=0 pt=0 ru=233404 rp=234292
17:57:34.762 @I ww=marvin cut=0.50 win=5 cool=1000 tick=100 wifi=0 srv=0 li=0 ln=0
17:57:34.762 @T t=210257 s=0.000 lv=-32.9 pk=-29.3 c0=13.2 c1=10.0 kw=9.78 inf=2.57 iv=1.13 n=4 d=0 sk=0 hf=98144 hm=97256 ht=283428 pf=0 pm=0 pt=0 ru=233404 rp=234292
17:57:37.074 @T t=210343 s=0.000 lv=-40.0 pk=-39.6 c0=5.7 c1=10.2 kw=9.42 inf=2.50 iv=1.20 n=3 d=0 sk=0 hf=98144 hm=97256 ht=283428 pf=0 pm=0 pt=0 ru=233404 rp=234292
17:57:37.074 @T t=210451 s=0.000 lv=-40.9 pk=-39.1 c0=3.1 c1=10.3 kw=10.12 inf=2.52 iv=1.09 n=4 d=0 sk=0 hf=98144 hm=97256 ht=283428 pf=0 pm=0 pt=0 ru=233404 rp=234292
17:57:37.074 @T t=210557 s=0.000 lv=-41.4 pk=-40.9 c0=3.3 c1=8.4 kw=8.27 inf=2.69 iv=1.12 n=3 d=0 sk=0 hf=98144 hm=97256 ht=283428 pf=0 pm=0 pt=0 ru=233404 rp=234292
17:57:37.074 @T t=210643 s=0.000 lv=-41.6 pk=-41.0 c0=4.0 c1=9.4 kw=9.19 inf=2.44 iv=1.17 n=3 d=0 sk=0 hf=98144 hm=97256 ht=283428 pf=0 pm=0 pt=0 ru=233404 rp=234292
17:57:37.074 @T t=210752 s=0.000 lv=-41.6 pk=-39.8 c0=9.3 c1=10.9 kw=10.52 inf=2.64 iv=1.18 n=4 d=0 sk=0 hf=98144 hm=97256 ht=283428 pf=0 pm=0 pt=0 ru=233404 rp=234292
17:57:37.074 @T t=210858 s=0.000 lv=-40.7 pk=-39.5 c0=4.3 c1=8.7 kw=8.49 inf=2.76 iv=1.15 n=3 d=0 sk=0 hf=98144 hm=97256 ht=283428 pf=0 pm=0 pt=0 ru=233404 rp=234292
17:57:37.074 @T t=210944 s=0.000 lv=-30.7 pk=-27.9 c0=5.1 c1=9.8 kw=9.59 inf=2.55 iv=1.23 n=3 d=0 sk=0 hf=98144 hm=97256 ht=283428 pf=0 pm=0 pt=0 ru=233404 rp=234292
17:57:37.074 @T t=211053 s=0.000 lv=-31.4 pk=-28.0 c0=4.0 c1=10.8 kw=10.52 inf=2.65 iv=1.17 n=4 d=0 sk=0 hf=98144 hm=97256 ht=283428 pf=0 pm=0 pt=0 ru=233404 rp=234292
17:57:37.074 @T t=211139 s=0.000 lv=-34.1 pk=-31.9 c0=5.1 c1=8.0 kw=7.82 inf=3.08 iv=1.17 n=2 d=0 sk=0 hf=98144 hm=97256 ht=283428 pf=0 pm=0 pt=0 ru=233404 rp=234292
17:57:37.074 @I ww=marvin cut=0.50 win=5 cool=1000 tick=100 wifi=0 srv=0 li=0 ln=0
17:57:37.074 @T t=211250 s=0.000 lv=-36.1 pk=-34.0 c0=4.0 c1=10.2 kw=10.04 inf=2.57 iv=1.13 n=4 d=0 sk=0 hf=98144 hm=97256 ht=283428 pf=0 pm=0 pt=0 ru=233404 rp=234292
17:57:37.074 [status] up 211s | mic -35.7 dBFS (peak -27.9) | score max 0.00 | detections 0 | inferences 334 (33.4/s; model 1.19 ms each, paused in quiet 0%; features 1.45 ms per 30 ms) | CPU core0  5.2% core1  9.8% (wake word pipeline 9.54% of one core) | RAM used 227 KB (peak 228 KB, 95 KB free) | wifi --, server -- | audio lost since boot: i2s 0 net 0
17:57:37.074 @T t=211358 s=0.000 lv=-35.1 pk=-32.0 c0=10.0 c1=10.3 kw=10.06 inf=2.53 iv=1.26 n=4 d=0 sk=0 hf=98144 hm=97256 ht=283428 pf=0 pm=0 pt=0 ru=233404 rp=234292
17:57:37.074 @T t=211444 s=0.000 lv=-28.6 pk=-25.8 c0=5.1 c1=8.3 kw=8.09 inf=3.19 iv=1.22 n=2 d=0 sk=0 hf=98144 hm=97256 ht=283428 pf=0 pm=0 pt=0 ru=233404 rp=234292
17:57:37.074 @T t=211552 s=0.000 lv=-34.0 pk=-31.6 c0=4.0 c1=10.9 kw=10.63 inf=2.65 iv=1.19 n=4 d=0 sk=0 hf=98144 hm=97256 ht=283428 pf=0 pm=0 pt=0 ru=233404 rp=234292
17:57:37.074 @T t=211658 s=0.000 lv=-31.7 pk=-30.4 c0=4.3 c1=9.9 kw=9.70 inf=2.39 iv=1.17 n=4 d=0 sk=0 hf=98144 hm=97256 ht=283428 pf=0 pm=0 pt=0 ru=233404 rp=234292
17:57:37.074 @T t=211744 s=0.000 lv=-36.0 pk=-34.1 c0=5.1 c1=8.0 kw=7.81 inf=3.08 iv=1.17 n=2 d=0 sk=0 hf=98144 hm=97256 ht=283428 pf=0 pm=0 pt=0 ru=233404 rp=234292
17:57:37.074 @T t=211853 s=0.000 lv=-38.5 pk=-36.0 c0=3.3 c1=10.5 kw=10.19 inf=2.56 iv=1.11 n=4 d=0 sk=0 hf=98144 hm=97256 ht=283428 pf=0 pm=0 pt=0 ru=233404 rp=234292
17:57:37.074 @T t=211939 s=0.000 lv=-36.7 pk=-32.8 c0=5.1 c1=9.2 kw=9.13 inf=2.42 iv=1.15 n=3 d=0 sk=0 hf=98144 hm=97256 ht=283428 pf=0 pm=0 pt=0 ru=233404 rp=234292
17:57:37.074 @T t=212045 s=0.000 lv=-35.3 pk=-32.1 c0=7.1 c1=9.3 kw=8.87 inf=2.85 iv=1.23 n=3 d=0 sk=0 hf=98144 hm=97256 ht=283428 pf=0 pm=0 pt=0 ru=233404 rp=234292
17:57:37.074 @T t=212151 s=0.000 lv=-37.1 pk=-35.8 c0=3.4 c1=10.7 kw=10.68 inf=2.65 iv=1.23 n=4 d=0 sk=0 hf=98144 hm=97256 ht=283428 pf=0 pm=0 pt=0 ru=233404 rp=234292
17:57:37.074 @I ww=marvin cut=0.50 win=5 cool=1000 tick=100 wifi=0 srv=0 li=0 ln=0
17:57:37.074 @T t=212243 s=0.000 lv=-38.6 pk=-36.6 c0=4.7 c1=8.6 kw=8.40 inf=2.39 iv=1.12 n=3 d=0 sk=0 hf=98144 hm=97256 ht=283428 pf=0 pm=0 pt=0 ru=233404 rp=234292
17:57:37.074 @T t=212352 s=0.000 lv=-35.2 pk=-33.1 c0=3.9 c1=11.8 kw=10.73 inf=2.70 iv=1.22 n=4 d=0 sk=0 hf=98144 hm=97256 ht=283428 pf=0 pm=0 pt=0 ru=233404 rp=234292
17:57:37.074 @T t=212458 s=0.000 lv=-36.7 pk=-35.6 c0=3.3 c1=8.5 kw=8.33 inf=2.71 iv=1.13 n=3 d=0 sk=0 hf=98144 hm=97256 ht=283428 pf=0 pm=0 pt=0 ru=233404 rp=234292
17:57:37.074 @T t=212544 s=0.000 lv=-39.2 pk=-37.7 c0=4.0 c1=9.4 kw=9.22 inf=2.45 iv=1.17 n=3 d=0 sk=0 hf=98144 hm=97256 ht=283428 pf=0 pm=0 pt=0 ru=233404 rp=234292
17:57:39.572 @T t=212650 s=0.000 lv=-35.4 pk=-33.1 c0=6.0 c1=10.6 kw=10.37 inf=2.53 iv=1.09 n=4 d=0 sk=0 hf=98144 hm=97256 ht=283428 pf=0 pm=0 pt=0 ru=233404 rp=234292
17:57:39.572 @T t=212756 s=0.000 lv=-37.6 pk=-34.1 c0=3.8 c1=8.7 kw=8.47 inf=2.75 iv=1.16 n=3 d=0 sk=0 hf=98144 hm=97256 ht=283428 pf=0 pm=0 pt=0 ru=233404 rp=234292
17:57:39.572 @T t=212842 s=0.000 lv=-34.6 pk=-31.1 c0=4.0 c1=9.3 kw=9.11 inf=2.42 iv=1.14 n=3 d=0 sk=0 hf=98144 hm=97256 ht=283428 pf=0 pm=0 pt=0 ru=233404 rp=234292
17:57:39.572 @T t=212948 s=0.000 lv=-35.7 pk=-32.7 c0=3.4 c1=10.5 kw=10.31 inf=2.52 iv=1.10 n=4 d=0 sk=0 hf=98144 hm=97256 ht=283428 pf=0 pm=0 pt=0 ru=233404 rp=234292
17:57:39.572 @T t=213054 s=0.000 lv=-39.4 pk=-38.4 c0=3.3 c1=8.5 kw=8.27 inf=2.69 iv=1.11 n=3 d=0 sk=0 hf=98144 hm=97256 ht=283428 pf=0 pm=0 pt=0 ru=233404 rp=234292
17:57:39.572 @T t=213141 s=0.000 lv=-37.9 pk=-36.6 c0=6.8 c1=9.5 kw=9.09 inf=2.45 iv=1.16 n=3 d=0 sk=0 hf=98144 hm=97256 ht=283428 pf=0 pm=0 pt=0 ru=233404 rp=234292
17:57:39.572 @I ww=marvin cut=0.50 win=5 cool=1000 tick=100 wifi=0 srv=0 li=0 ln=0
17:57:39.572 @T t=213253 s=0.000 lv=-39.2 pk=-38.5 c0=12.5 c1=10.7 kw=10.48 inf=2.71 iv=1.24 n=4 d=0 sk=0 hf=98144 hm=97256 ht=283428 pf=0 pm=0 pt=0 ru=233404 rp=234292
17:57:39.572 @T t=213339 s=0.000 lv=-39.4 pk=-38.1 c0=6.9 c1=10.4 kw=10.17 inf=2.72 iv=1.38 n=3 d=0 sk=0 hf=98144 hm=97256 ht=283428 pf=0 pm=0 pt=0 ru=233404 rp=234292
17:57:39.572 @T t=213445 s=0.000 lv=-39.2 pk=-36.5 c0=4.2 c1=9.5 kw=9.09 inf=2.92 iv=1.29 n=3 d=0 sk=0 hf=98144 hm=97256 ht=283428 pf=0 pm=0 pt=0 ru=233404 rp=234292
17:57:39.572 @T t=213551 s=0.000 lv=-41.1 pk=-39.6 c0=4.4 c1=11.3 kw=11.27 inf=2.81 iv=1.36 n=4 d=0 sk=0 hf=98144 hm=97256 ht=283428 pf=0 pm=0 pt=0 ru=233404 rp=234292
17:57:39.572 @T t=213640 s=0.000 lv=-36.1 pk=-34.2 c0=3.8 c1=9.1 kw=8.96 inf=2.47 iv=1.17 n=3 d=0 sk=0 hf=98144 hm=97256 ht=283428 pf=0 pm=0 pt=0 ru=233404 rp=234292
17:57:39.572 @T t=213746 s=0.000 lv=-38.6 pk=-35.3 c0=7.3 c1=10.2 kw=8.78 inf=2.82 iv=1.20 n=3 d=0 sk=0 hf=98144 hm=97256 ht=283428 pf=0 pm=0 pt=0 ru=233404 rp=234292
17:57:39.572 @T t=213852 s=0.000 lv=-31.1 pk=-29.8 c0=4.2 c1=10.1 kw=10.60 inf=2.63 iv=1.16 n=4 d=0 sk=0 hf=98144 hm=97256 ht=283428 pf=0 pm=0 pt=0 ru=233404 rp=234292
17:57:39.572 @T t=213958 s=0.000 lv=-31.1 pk=-29.1 c0=4.3 c1=9.2 kw=9.02 inf=2.95 iv=1.31 n=3 d=0 sk=0 hf=98144 hm=97256 ht=283428 pf=0 pm=0 pt=0 ru=233404 rp=234292
17:57:39.572 @T t=214044 s=0.000 lv=-33.7 pk=-31.9 c0=5.2 c1=10.1 kw=9.89 inf=2.64 iv=1.31 n=3 d=0 sk=0 hf=98144 hm=97256 ht=283428 pf=0 pm=0 pt=0 ru=233404 rp=234292
17:57:39.572 @T t=214153 s=0.000 lv=-37.8 pk=-35.9 c0=9.8 c1=11.2 kw=10.95 inf=2.76 iv=1.28 n=4 d=0 sk=0 hf=98144 hm=97256 ht=283428 pf=0 pm=0 pt=0 ru=233404 rp=234292
17:57:39.572 @I ww=marvin cut=0.50 win=5 cool=1000 tick=100 wifi=0 srv=0 li=0 ln=0
17:57:39.572 @T t=214248 s=0.000 lv=-36.3 pk=-35.1 c0=4.4 c1=9.8 kw=9.58 inf=2.80 iv=1.20 n=3 d=0 sk=0 hf=98144 hm=97256 ht=283428 pf=0 pm=0 pt=0 ru=233404 rp=234292
17:57:39.572 @T t=214354 s=0.000 lv=-41.3 pk=-39.1 c0=5.5 c1=10.5 kw=10.27 inf=2.54 iv=1.28 n=4 d=0 sk=0 hf=98144 hm=97256 ht=283428 pf=0 pm=0 pt=0 ru=233404 rp=234292
17:57:39.572 @T t=214440 s=0.000 lv=-41.6 pk=-40.4 c0=5.0 c1=8.6 kw=8.39 inf=3.32 iv=1.38 n=2 d=0 sk=0 hf=98144 hm=97256 ht=283428 pf=0 pm=0 pt=0 ru=233404 rp=234292
17:57:39.572 @T t=214546 s=0.000 lv=-36.5 pk=-33.7 c0=3.4 c1=10.8 kw=10.56 inf=2.59 iv=1.15 n=4 d=0 sk=0 hf=98144 hm=97256 ht=283428 pf=0 pm=0 pt=0 ru=233404 rp=234292
17:57:39.572 @T t=214652 s=0.000 lv=-36.8 pk=-35.6 c0=6.5 c1=9.4 kw=9.21 inf=2.26 iv=1.08 n=4 d=0 sk=0 hf=98144 hm=97256 ht=283428 pf=0 pm=0 pt=0 ru=233404 rp=234292
17:57:39.572 @T t=214758 s=0.000 lv=-33.0 pk=-31.5 c0=3.7 c1=8.6 kw=8.38 inf=2.73 iv=1.12 n=3 d=0 sk=0 hf=98144 hm=97256 ht=283428 pf=0 pm=0 pt=0 ru=233404 rp=234292
17:57:39.572 @T t=214844 s=0.000 lv=-33.2 pk=-31.3 c0=4.0 c1=9.3 kw=9.12 inf=2.42 iv=1.14 n=3 d=0 sk=0 hf=98144 hm=97256 ht=283428 pf=0 pm=0 pt=0 ru=233404 rp=234292
17:57:39.572 @T t=214950 s=0.000 lv=-35.8 pk=-30.8 c0=3.4 c1=10.6 kw=10.36 inf=2.53 iv=1.08 n=4 d=0 sk=0 hf=98144 hm=97256 ht=283428 pf=0 pm=0 pt=0 ru=233404 rp=234292
17:57:39.572 @T t=215056 s=0.000 lv=-35.5 pk=-33.9 c0=3.3 c1=8.4 kw=8.25 inf=2.68 iv=1.10 n=3 d=0 sk=0 hf=98144 hm=97256 ht=283428 pf=0 pm=0 pt=0 ru=233404 rp=234292
17:57:39.572 @T t=215142 s=0.000 lv=-38.0 pk=-35.8 c0=4.7 c1=9.5 kw=9.29 inf=2.47 iv=1.17 n=3 d=0 sk=0 hf=98144 hm=97256 ht=283428 pf=0 pm=0 pt=0 ru=233404 rp=234292
17:57:42.157 @I ww=marvin cut=0.50 win=5 cool=1000 tick=100 wifi=0 srv=0 li=0 ln=0
17:57:42.157 @T t=215253 s=0.000 lv=-40.0 pk=-39.2 c0=3.9 c1=10.0 kw=9.79 inf=2.51 iv=1.09 n=4 d=0 sk=0 hf=98144 hm=97256 ht=283428 pf=0 pm=0 pt=0 ru=233404 rp=234292
17:57:42.157 @T t=215339 s=0.000 lv=-40.1 pk=-39.5 c0=4.6 c1=9.2 kw=8.04 inf=3.17 iv=1.23 n=2 d=0 sk=0 hf=98144 hm=97256 ht=283428 pf=0 pm=0 pt=0 ru=233404 rp=234292
17:57:42.157 @T t=215445 s=0.000 lv=-39.7 pk=-38.7 c0=3.4 c1=10.0 kw=9.61 inf=2.33 iv=1.14 n=4 d=0 sk=0 hf=98144 hm=97256 ht=283428 pf=0 pm=0 pt=0 ru=233404 rp=234292
17:57:42.157 @T t=215551 s=0.000 lv=-39.9 pk=-38.8 c0=8.8 c1=11.8 kw=11.11 inf=2.76 iv=1.27 n=4 d=0 sk=0 hf=98144 hm=97256 ht=283428 pf=0 pm=0 pt=0 ru=233404 rp=234292
17:57:42.157 @T t=215657 s=0.000 lv=-30.7 pk=-27.8 c0=4.2 c1=9.0 kw=8.82 inf=2.88 iv=1.24 n=3 d=0 sk=0 hf=98144 hm=97256 ht=283428 pf=0 pm=0 pt=0 ru=233404 rp=234292
17:57:42.157 @T t=215743 s=0.000 lv=-30.7 pk=-29.3 c0=5.1 c1=9.8 kw=9.61 inf=2.56 iv=1.24 n=3 d=0 sk=0 hf=98144 hm=97256 ht=283428 pf=0 pm=0 pt=0 ru=233404 rp=234292
17:57:42.157 @T t=215851 s=0.000 lv=-34.5 pk=-30.0 c0=3.9 c1=11.0 kw=10.72 inf=2.68 iv=1.21 n=4 d=0 sk=0 hf=98144 hm=97256 ht=283428 pf=0 pm=0 pt=0 ru=233404 rp=234292
17:57:42.157 @T t=215957 s=0.002 lv=-36.8 pk=-34.8 c0=4.3 c1=8.6 kw=8.45 inf=2.75 iv=1.17 n=3 d=0 sk=0 hf=98144 hm=97256 ht=283428 pf=0 pm=0 pt=0 ru=233404 rp=234292
17:57:42.157 @T t=216043 s=0.002 lv=-38.4 pk=-35.8 c0=4.0 c1=9.6 kw=9.39 inf=2.50 iv=1.21 n=3 d=0 sk=0 hf=98144 hm=97256 ht=283428 pf=0 pm=0 pt=0 ru=233404 rp=234292
17:57:42.157 @T t=216149 s=0.001 lv=-37.1 pk=-35.5 c0=6.9 c1=11.3 kw=11.00 inf=2.70 iv=1.23 n=4 d=0 sk=0 hf=98144 hm=97256 ht=283428 pf=0 pm=0 pt=0 ru=233404 rp=234292
17:57:42.157 @I ww=marvin cut=0.50 win=5 cool=1000 tick=100 wifi=0 srv=0 li=0 ln=0
17:57:42.157 @T t=216240 s=0.000 lv=-39.3 pk=-38.0 c0=5.9 c1=8.3 kw=8.12 inf=3.40 iv=1.44 n=2 d=0 sk=0 hf=98144 hm=97256 ht=283428 pf=0 pm=0 pt=0 ru=233404 rp=234292
17:57:42.157 @T t=216346 s=0.000 lv=-40.0 pk=-38.9 c0=4.7 c1=12.6 kw=11.59 inf=2.85 iv=1.37 n=4 d=0 sk=0 hf=98144 hm=97256 ht=283428 pf=0 pm=0 pt=0 ru=233404 rp=234292
17:57:42.157 @T t=216452 s=0.000 lv=-30.1 pk=-29.4 c0=4.2 c1=10.2 kw=10.00 inf=2.47 iv=1.23 n=4 d=0 sk=0 hf=98144 hm=97256 ht=283428 pf=0 pm=0 pt=0 ru=233404 rp=234292
17:57:42.157 @T t=216558 s=0.000 lv=-36.8 pk=-34.3 c0=4.3 c1=8.8 kw=8.56 inf=2.79 iv=1.19 n=3 d=0 sk=0 hf=98144 hm=97256 ht=283428 pf=0 pm=0 pt=0 ru=233404 rp=234292
17:57:42.157 @T t=216644 s=0.000 lv=-39.0 pk=-35.7 c0=4.1 c1=9.6 kw=9.42 inf=2.51 iv=1.22 n=3 d=0 sk=0 hf=98144 hm=97256 ht=283428 pf=0 pm=0 pt=0 ru=233404 rp=234292
17:57:42.157 @T t=216750 s=0.001 lv=-29.8 pk=-27.6 c0=6.9 c1=11.4 kw=11.12 inf=2.73 iv=1.24 n=4 d=0 sk=0 hf=98144 hm=97256 ht=283428 pf=0 pm=0 pt=0 ru=233404 rp=234292
17:57:42.157 @T t=216839 s=0.001 lv=-39.9 pk=-38.9 c0=4.4 c1=8.2 kw=7.97 inf=3.26 iv=1.32 n=2 d=0 sk=0 hf=98144 hm=97256 ht=283428 pf=0 pm=0 pt=0 ru=233404 rp=234292
17:57:42.157 @T t=216945 s=0.000 lv=-35.1 pk=-31.4 c0=3.5 c1=9.9 kw=9.52 inf=2.31 iv=1.11 n=4 d=0 sk=0 hf=98144 hm=97256 ht=283428 pf=0 pm=0 pt=0 ru=233404 rp=234292
17:57:42.157 @T t=217051 s=0.000 lv=-35.8 pk=-32.8 c0=6.5 c1=10.6 kw=10.10 inf=2.50 iv=1.08 n=4 d=0 sk=0 hf=98144 hm=97256 ht=283428 pf=0 pm=0 pt=0 ru=233404 rp=234292
17:57:42.157 @T t=217157 s=0.000 lv=-38.5 pk=-35.3 c0=3.7 c1=8.5 kw=8.29 inf=2.70 iv=1.12 n=3 d=0 sk=0 hf=98144 hm=97256 ht=283428 pf=0 pm=0 pt=0 ru=233404 rp=234292
17:57:42.158 @I ww=marvin cut=0.50 win=5 cool=1000 tick=100 wifi=0 srv=0 li=0 ln=0
17:57:42.158 @T t=217249 s=0.000 lv=-37.0 pk=-34.6 c0=4.7 c1=10.2 kw=10.01 inf=2.83 iv=1.22 n=3 d=0 sk=0 hf=98144 hm=97256 ht=283428 pf=0 pm=0 pt=0 ru=233404 rp=234292
17:57:42.158 @T t=217355 s=0.000 lv=-39.3 pk=-35.9 c0=3.8 c1=11.0 kw=9.98 inf=2.47 iv=1.25 n=4 d=0 sk=0 hf=98144 hm=97256 ht=283428 pf=0 pm=0 pt=0 ru=233404 rp=234292
17:57:42.158 @T t=217441 s=0.000 lv=-35.3 pk=-34.5 c0=4.1 c1=8.1 kw=7.98 inf=3.15 iv=1.22 n=2 d=0 sk=0 hf=98144 hm=97256 ht=283428 pf=0 pm=0 pt=0 ru=233404 rp=234292
17:57:42.158 @T t=217547 s=0.000 lv=-39.3 pk=-36.0 c0=7.1 c1=11.2 kw=10.97 inf=2.69 iv=1.23 n=4 d=0 sk=0 hf=98144 hm=97256 ht=283428 pf=0 pm=0 pt=0 ru=233404 rp=234292
17:57:42.158 @T t=217653 s=0.000 lv=-38.6 pk=-37.5 c0=3.3 c1=9.7 kw=9.48 inf=2.33 iv=1.14 n=4 d=0 sk=0 hf=98144 hm=97256 ht=283428 pf=0 pm=0 pt=0 ru=233404 rp=234292
17:57:44.669 @T t=217739 s=0.000 lv=-36.8 pk=-35.4 c0=4.0 c1=8.2 kw=7.99 inf=3.15 iv=1.22 n=2 d=0 sk=0 hf=98144 hm=97256 ht=283428 pf=0 pm=0 pt=0 ru=233404 rp=234292
17:57:44.669 @T t=217845 s=0.000 lv=-35.9 pk=-33.2 c0=6.5 c1=9.8 kw=9.45 inf=2.29 iv=1.09 n=4 d=0 sk=0 hf=98144 hm=97256 ht=283428 pf=0 pm=0 pt=0 ru=233404 rp=234292
17:57:44.669 @T t=217951 s=0.000 lv=-39.5 pk=-39.0 c0=5.1 c1=11.3 kw=10.69 inf=2.65 iv=1.20 n=4 d=0 sk=0 hf=98144 hm=97256 ht=283428 pf=0 pm=0 pt=0 ru=233404 rp=234292
17:57:44.669 @T t=218057 s=0.000 lv=-30.1 pk=-27.4 c0=4.7 c1=9.0 kw=8.80 inf=2.87 iv=1.24 n=3 d=0 sk=0 hf=98144 hm=97256 ht=283428 pf=0 pm=0 pt=0 ru=233404 rp=234292
17:57:44.669 @T t=218143 s=0.000 lv=-32.2 pk=-28.6 c0=5.1 c1=9.8 kw=9.56 inf=2.55 iv=1.24 n=3 d=0 sk=0 hf=98144 hm=97256 ht=283428 pf=0 pm=0 pt=0 ru=233404 rp=234292
17:57:44.669 @I ww=marvin cut=0.50 win=5 cool=1000 tick=100 wifi=0 srv=0 li=0 ln=0
17:57:44.669 @T t=218257 s=0.000 lv=-40.2 pk=-39.0 c0=4.4 c1=10.2 kw=9.94 inf=2.62 iv=1.17 n=4 d=0 sk=0 hf=98144 hm=97256 ht=283428 pf=0 pm=0 pt=0 ru=233404 rp=234292
17:57:44.669 @T t=218343 s=0.000 lv=-40.3 pk=-38.8 c0=4.7 c1=9.2 kw=8.07 inf=3.18 iv=1.23 n=2 d=0 sk=0 hf=98144 hm=97256 ht=283428 pf=0 pm=0 pt=0 ru=233404 rp=234292
17:57:44.669 @T t=218449 s=0.000 lv=-35.2 pk=-32.8 c0=6.9 c1=11.2 kw=10.96 inf=2.68 iv=1.22 n=4 d=0 sk=0 hf=98144 hm=97256 ht=283428 pf=0 pm=0 pt=0 ru=233404 rp=234292
17:57:44.669 @T t=218555 s=0.000 lv=-36.2 pk=-34.5 c0=4.3 c1=10.2 kw=10.00 inf=2.47 iv=1.24 n=4 d=0 sk=0 hf=98144 hm=97256 ht=283428 pf=0 pm=0 pt=0 ru=233404 rp=234292
17:57:44.669 @T t=218641 s=0.000 lv=-38.2 pk=-35.5 c0=5.1 c1=8.6 kw=8.38 inf=3.31 iv=1.36 n=2 d=0 sk=0 hf=98144 hm=97256 ht=283428 pf=0 pm=0 pt=0 ru=233404 rp=234292
17:57:44.670 @T t=218747 s=0.000 lv=-34.1 pk=-33.0 c0=4.2 c1=11.1 kw=10.83 inf=2.65 iv=1.19 n=4 d=0 sk=0 hf=98144 hm=97256 ht=283428 pf=0 pm=0 pt=0 ru=233404 rp=234292
17:57:44.670 @T t=218853 s=0.000 lv=-35.4 pk=-33.6 c0=4.3 c1=10.0 kw=9.63 inf=2.38 iv=1.17 n=4 d=0 sk=0 hf=98144 hm=97256 ht=283428 pf=0 pm=0 pt=0 ru=233404 rp=234292
17:57:44.670 @T t=218939 s=0.000 lv=-31.1 pk=-30.7 c0=4.2 c1=7.9 kw=7.93 inf=3.12 iv=1.19 n=2 d=0 sk=0 hf=98144 hm=97256 ht=283428 pf=0 pm=0 pt=0 ru=233404 rp=234292
17:57:44.670 @T t=219045 s=0.000 lv=-32.9 pk=-31.3 c0=4.2 c1=10.2 kw=9.76 inf=2.37 iv=1.16 n=4 d=0 sk=0 hf=98144 hm=97256 ht=283428 pf=0 pm=0 pt=0 ru=233404 rp=234292
17:57:44.670 @T t=219151 s=0.000 lv=-38.7 pk=-37.2 c0=4.2 c1=11.1 kw=10.53 inf=2.61 iv=1.17 n=4 d=0 sk=0 hf=98144 hm=97256 ht=283428 pf=0 pm=0 pt=0 ru=233404 rp=234292
17:57:44.670 @I ww=marvin cut=0.50 win=5 cool=1000 tick=100 wifi=0 srv=0 li=0 ln=0
17:57:44.670 @T t=219242 s=0.000 lv=-41.4 pk=-40.5 c0=5.5 c1=7.9 kw=7.66 inf=3.20 iv=1.27 n=2 d=0 sk=0 hf=98144 hm=97256 ht=283428 pf=0 pm=0 pt=0 ru=233404 rp=234292
17:57:44.670 @T t=219348 s=0.000 lv=-41.2 pk=-39.7 c0=3.9 c1=11.9 kw=10.89 inf=2.67 iv=1.22 n=4 d=0 sk=0 hf=98144 hm=97256 ht=283428 pf=0 pm=0 pt=0 ru=233404 rp=234292
17:57:44.670 @T t=219454 s=0.000 lv=-40.3 pk=-39.2 c0=3.3 c1=9.4 kw=9.21 inf=2.27 iv=1.08 n=4 d=0 sk=0 hf=98144 hm=97256 ht=283428 pf=0 pm=0 pt=0 ru=233404 rp=234292
17:57:44.670 @T t=219540 s=0.000 lv=-34.9 pk=-33.3 c0=4.0 c1=8.1 kw=7.89 inf=3.11 iv=1.19 n=2 d=0 sk=0 hf=98144 hm=97256 ht=283428 pf=0 pm=0 pt=0 ru=233404 rp=234292
17:57:44.670 @T t=219646 s=0.000 lv=-36.7 pk=-33.7 c0=3.8 c1=10.9 kw=10.61 inf=2.60 iv=1.16 n=4 d=0 sk=0 hf=98144 hm=97256 ht=283428 pf=0 pm=0 pt=0 ru=233404 rp=234292
17:57:44.670 @T t=219752 s=0.000 lv=-39.7 pk=-37.8 c0=3.3 c1=9.4 kw=9.20 inf=2.26 iv=1.08 n=4 d=0 sk=0 hf=98144 hm=97256 ht=283428 pf=0 pm=0 pt=0 ru=233404 rp=234292
17:57:44.670 @T t=219858 s=0.000 lv=-41.2 pk=-40.2 c0=3.4 c1=8.5 kw=8.31 inf=2.70 iv=1.13 n=3 d=0 sk=0 hf=98144 hm=97256 ht=283428 pf=0 pm=0 pt=0 ru=233404 rp=234292
17:57:44.670 @T t=219944 s=0.000 lv=-41.4 pk=-39.6 c0=8.7 c1=9.6 kw=9.40 inf=2.50 iv=1.20 n=3 d=0 sk=0 hf=98144 hm=97256 ht=283428 pf=0 pm=0 pt=0 ru=233404 rp=234292
17:57:44.670 @T t=220053 s=0.000 lv=-42.5 pk=-41.6 c0=3.1 c1=10.2 kw=10.03 inf=2.52 iv=1.08 n=4 d=0 sk=0 hf=98144 hm=97256 ht=283428 pf=0 pm=0 pt=0 ru=233404 rp=234292
17:57:44.670 @T t=220139 s=0.000 lv=-42.8 pk=-42.2 c0=4.0 c1=7.9 kw=7.72 inf=3.04 iv=1.15 n=2 d=0 sk=0 hf=98144 hm=97256 ht=283428 pf=0 pm=0 pt=0 ru=233404 rp=234292
17:57:44.670 @I ww=marvin cut=0.50 win=5 cool=1000 tick=100 wifi=0 srv=0 li=0 ln=0
17:57:46.866 @T t=220251 s=0.000 lv=-41.2 pk=-40.2 c0=3.9 c1=10.0 kw=9.81 inf=2.54 iv=1.11 n=4 d=0 sk=0 hf=98144 hm=97256 ht=283428 pf=0 pm=0 pt=0 ru=233404 rp=234292
17:57:46.866 W (220666) wifi: cannot connect (reason 201). Check the name/password in menuconfig; the ESP32 needs a 2.4 GHz network (201 = network not found, 15/204 = wrong password)
17:57:46.866 @T t=220357 s=0.000 lv=-36.3 pk=-32.9 c0=11.2 c1=11.6 kw=10.63 inf=2.63 iv=1.31 n=4 d=0 sk=0 hf=98144 hm=97256 ht=283428 pf=0 pm=0 pt=0 ru=233404 rp=234292
17:57:46.866 @T t=220446 s=0.000 lv=-38.2 pk=-37.7 c0=4.8 c1=9.5 kw=7.90 inf=2.11 iv=0.80 n=3 d=0 sk=0 hf=98144 hm=97256 ht=283428 pf=0 pm=0 pt=0 ru=233404 rp=234292
17:57:46.866 @T t=220552 s=0.000 lv=-38.6 pk=-37.2 c0=4.2 c1=9.9 kw=10.84 inf=3.59 iv=1.57 n=3 d=0 sk=0 hf=98144 hm=97256 ht=283428 pf=0 pm=0 pt=0 ru=233404 rp=234292
17:57:46.866 @T t=220658 s=0.000 lv=-41.2 pk=-40.4 c0=4.1 c1=9.5 kw=9.29 inf=2.28 iv=1.10 n=4 d=0 sk=0 hf=98144 hm=97256 ht=283428 pf=0 pm=0 pt=0 ru=233404 rp=234292
17:57:46.866 @T t=220744 s=0.000 lv=-39.5 pk=-38.9 c0=4.1 c1=8.1 kw=7.98 inf=3.14 iv=1.21 n=2 d=0 sk=0 hf=98144 hm=97256 ht=283428 pf=0 pm=0 pt=0 ru=233404 rp=234292
17:57:46.866 @T t=220850 s=0.000 lv=-34.4 pk=-32.6 c0=4.2 c1=11.1 kw=10.81 inf=2.65 iv=1.16 n=4 d=0 sk=0 hf=98144 hm=97256 ht=283428 pf=0 pm=0 pt=0 ru=233404 rp=234292
17:57:46.866 @T t=220956 s=0.000 lv=-40.4 pk=-38.9 c0=4.3 c1=9.9 kw=9.65 inf=2.38 iv=1.17 n=4 d=0 sk=0 hf=98144 hm=97256 ht=283428 pf=0 pm=0 pt=0 ru=233404 rp=234292
17:57:46.866 @T t=221042 s=0.000 lv=-36.5 pk=-35.7 c0=5.3 c1=8.3 kw=8.06 inf=3.18 iv=1.22 n=2 d=0 sk=0 hf=98144 hm=97256 ht=283428 pf=0 pm=0 pt=0 ru=233404 rp=234292
17:57:46.866 @T t=221148 s=0.000 lv=-37.9 pk=-36.4 c0=4.2 c1=11.0 kw=10.71 inf=2.62 iv=1.18 n=4 d=0 sk=0 hf=98144 hm=97256 ht=283428 pf=0 pm=0 pt=0 ru=233404 rp=234292
17:57:46.866 @I ww=marvin cut=0.50 win=5 cool=1000 tick=100 wifi=0 srv=0 li=0 ln=0
17:57:46.866 @T t=221239 s=0.000 lv=-41.6 pk=-41.1 c0=4.8 c1=9.0 kw=8.78 inf=2.47 iv=1.20 n=3 d=0 sk=0 hf=98144 hm=97256 ht=283428 pf=0 pm=0 pt=0 ru=233404 rp=234292
17:57:46.866 [status] up 221s | mic -35.7 dBFS (peak -25.8) | score max 0.00 | detections 0 | inferences 333 (33.3/s; model 1.19 ms each, paused in quiet 0%; features 1.45 ms per 30 ms) | CPU core0  4.9% core1  9.8% (wake word pipeline 9.53% of one core) | RAM used 227 KB (peak 228 KB, 95 KB free) | wifi --, server -- | audio lost since boot: i2s 0 net 0
17:57:46.866 @T t=221350 s=0.000 lv=-39.3 pk=-37.2 c0=8.9 c1=12.2 kw=11.22 inf=2.89 iv=1.40 n=4 d=0 sk=0 hf=98144 hm=97256 ht=283428 pf=0 pm=0 pt=0 ru=233404 rp=234292
17:57:46.866 @T t=221456 s=0.000 lv=-42.9 pk=-41.6 c0=7.3 c1=9.0 kw=8.81 inf=2.87 iv=1.28 n=3 d=0 sk=0 hf=98144 hm=97256 ht=283428 pf=0 pm=0 pt=0 ru=233404 rp=234292
17:57:46.866 @T t=221542 s=0.000 lv=-40.5 pk=-38.8 c0=5.3 c1=10.1 kw=9.83 inf=2.62 iv=1.30 n=3 d=0 sk=0 hf=98144 hm=97256 ht=283428 pf=0 pm=0 pt=0 ru=233404 rp=234292
17:57:46.866 @T t=221648 s=0.000 lv=-40.6 pk=-39.1 c0=3.9 c1=10.9 kw=10.62 inf=2.60 iv=1.16 n=4 d=0 sk=0 hf=98144 hm=97256 ht=283428 pf=0 pm=0 pt=0 ru=233404 rp=234292
17:57:46.866 @T t=221754 s=0.000 lv=-36.4 pk=-35.8 c0=3.3 c1=8.5 kw=8.32 inf=2.70 iv=1.12 n=3 d=0 sk=0 hf=98144 hm=97256 ht=283428 pf=0 pm=0 pt=0 ru=233404 rp=234292
17:57:46.866 @T t=221840 s=0.000 lv=-38.3 pk=-36.9 c0=4.0 c1=9.3 kw=9.04 inf=2.40 iv=1.13 n=3 d=0 sk=0 hf=98144 hm=97256 ht=283428 pf=0 pm=0 pt=0 ru=233404 rp=234292
17:57:46.866 @T t=221946 s=0.000 lv=-35.2 pk=-33.7 c0=3.5 c1=10.1 kw=8.76 inf=2.11 iv=0.90 n=4 d=0 sk=0 hf=98144 hm=97256 ht=283428 pf=0 pm=0 pt=0 ru=233404 rp=234292
17:57:46.866 @T t=222052 s=0.000 lv=-40.2 pk=-38.9 c0=7.0 c1=10.0 kw=10.53 inf=3.48 iv=1.57 n=3 d=0 sk=0 hf=98144 hm=97256 ht=283428 pf=0 pm=0 pt=0 ru=233404 rp=234292
17:57:46.866 @T t=222158 s=0.000 lv=-35.8 pk=-34.4 c0=3.3 c1=9.7 kw=9.48 inf=2.34 iv=1.13 n=4 d=0 sk=0 hf=98144 hm=97256 ht=283428 pf=0 pm=0 pt=0 ru=233404 rp=234292
17:57:46.866 @I ww=marvin cut=0.50 win=5 cool=1000 tick=100 wifi=0 srv=0 li=0 ln=0
17:57:46.866 @T t=222250 s=0.000 lv=-40.0 pk=-37.4 c0=13.5 c1=9.8 kw=9.55 inf=2.69 iv=1.11 n=3 d=0 sk=0 hf=98144 hm=97256 ht=283428 pf=0 pm=0 pt=0 ru=233404 rp=234292
17:57:46.866 @T t=222356 s=0.000 lv=-40.9 pk=-39.3 c0=4.3 c1=10.0 kw=9.02 inf=2.94 iv=1.31 n=3 d=0 sk=0 hf=98144 hm=97256 ht=283428 pf=0 pm=0 pt=0 ru=233404 rp=234292
17:57:49.463 @T t=222442 s=0.000 lv=-38.9 pk=-37.7 c0=4.1 c1=9.6 kw=9.37 inf=2.50 iv=1.20 n=3 d=0 sk=0 hf=98144 hm=97256 ht=283428 pf=0 pm=0 pt=0 ru=233404 rp=234292
17:57:49.463 @T t=222548 s=0.000 lv=-36.3 pk=-34.0 c0=6.5 c1=10.8 kw=10.53 inf=2.58 iv=1.15 n=4 d=0 sk=0 hf=98144 hm=97256 ht=283428 pf=0 pm=0 pt=0 ru=233404 rp=234292
17:57:49.463 @T t=222654 s=0.000 lv=-40.2 pk=-38.7 c0=6.5 c1=8.5 kw=8.28 inf=2.69 iv=1.11 n=3 d=0 sk=0 hf=98144 hm=97256 ht=283428 pf=0 pm=0 pt=0 ru=233404 rp=234292
17:57:49.463 @T t=222740 s=0.000 lv=-39.1 pk=-36.3 c0=6.1 c1=10.0 kw=9.67 inf=2.58 iv=1.27 n=3 d=0 sk=0 hf=98144 hm=97256 ht=283428 pf=0 pm=0 pt=0 ru=233404 rp=234292
17:57:49.463 @T t=222846 s=0.000 lv=-40.8 pk=-39.5 c0=4.7 c1=10.1 kw=8.69 inf=2.78 iv=1.17 n=3 d=0 sk=0 hf=98144 hm=97256 ht=283428 pf=0 pm=0 pt=0 ru=233404 rp=234292
17:57:49.463 @T t=222952 s=0.000 lv=-41.0 pk=-39.8 c0=4.4 c1=10.1 kw=11.04 inf=2.74 iv=1.21 n=4 d=0 sk=0 hf=98144 hm=97256 ht=283428 pf=0 pm=0 pt=0 ru=233404 rp=234292
17:57:49.463 @T t=223058 s=0.000 lv=-40.2 pk=-38.2 c0=3.3 c1=9.7 kw=9.57 inf=2.36 iv=1.16 n=4 d=0 sk=0 hf=98144 hm=97256 ht=283428 pf=0 pm=0 pt=0 ru=233404 rp=234292
17:57:49.463 @T t=223144 s=0.000 lv=-40.3 pk=-39.8 c0=8.3 c1=8.2 kw=8.02 inf=3.16 iv=1.21 n=2 d=0 sk=0 hf=98144 hm=97256 ht=283428 pf=0 pm=0 pt=0 ru=233404 rp=234292
17:57:49.463 @I ww=marvin cut=0.50 win=5 cool=1000 tick=100 wifi=0 srv=0 li=0 ln=0
17:57:49.463 @T t=223239 s=0.000 lv=-40.4 pk=-38.9 c0=5.5 c1=11.4 kw=11.16 inf=2.46 iv=1.22 n=4 d=0 sk=0 hf=98144 hm=97256 ht=283428 pf=0 pm=0 pt=0 ru=233404 rp=234292
17:57:49.463 @T t=223345 s=0.000 lv=-39.1 pk=-37.6 c0=4.7 c1=10.5 kw=9.37 inf=3.02 iv=1.37 n=3 d=0 sk=0 hf=98144 hm=97256 ht=283428 pf=0 pm=0 pt=0 ru=233404 rp=234292
17:57:49.463 @T t=223454 s=0.000 lv=-40.0 pk=-36.7 c0=9.7 c1=11.0 kw=10.99 inf=2.81 iv=1.36 n=4 d=0 sk=0 hf=98144 hm=97256 ht=283428 pf=0 pm=0 pt=0 ru=233404 rp=234292
17:57:49.463 @T t=223540 s=0.000 lv=-38.0 pk=-36.9 c0=4.1 c1=9.5 kw=9.30 inf=2.48 iv=1.18 n=3 d=0 sk=0 hf=98144 hm=97256 ht=283428 pf=0 pm=0 pt=0 ru=233404 rp=234292
17:57:49.463 @T t=223647 s=0.000 lv=-34.4 pk=-29.9 c0=4.2 c1=10.7 kw=10.43 inf=2.58 iv=1.12 n=4 d=0 sk=0 hf=98144 hm=97256 ht=283428 pf=0 pm=0 pt=0 ru=233404 rp=234292
17:57:49.463 @T t=223753 s=0.000 lv=-32.5 pk=-30.6 c0=4.3 c1=9.0 kw=8.76 inf=2.85 iv=1.20 n=3 d=0 sk=0 hf=98144 hm=97256 ht=283428 pf=0 pm=0 pt=0 ru=233404 rp=234292
17:57:49.463 @T t=223839 s=0.000 lv=-39.0 pk=-37.3 c0=5.2 c1=9.9 kw=9.72 inf=2.59 iv=1.25 n=3 d=0 sk=0 hf=98144 hm=97256 ht=283428 pf=0 pm=0 pt=0 ru=233404 rp=234292
17:57:49.463 @T t=223945 s=0.000 lv=-39.6 pk=-38.2 c0=4.3 c1=9.5 kw=9.12 inf=2.93 iv=1.29 n=3 d=0 sk=0 hf=98144 hm=97256 ht=283428 pf=0 pm=0 pt=0 ru=233404 rp=234292
17:57:49.463 @T t=224054 s=0.000 lv=-42.1 pk=-39.8 c0=3.9 c1=11.0 kw=10.98 inf=2.81 iv=1.37 n=4 d=0 sk=0 hf=98144 hm=97256 ht=283428 pf=0 pm=0 pt=0 ru=233404 rp=234292
17:57:49.463 @T t=224140 s=0.002 lv=-39.8 pk=-38.7 c0=4.1 c1=9.5 kw=9.29 inf=2.47 iv=1.19 n=3 d=0 sk=0 hf=98144 hm=97256 ht=283428 pf=0 pm=0 pt=0 ru=233404 rp=234292
17:57:49.463 @I ww=marvin cut=0.50 win=5 cool=1000 tick=100 wifi=0 srv=0 li=0 ln=0
17:57:49.463 @T t=224252 s=0.015 lv=-38.4 pk=-36.3 c0=11.1 c1=10.1 kw=9.91 inf=2.56 iv=1.13 n=4 d=0 sk=0 hf=98144 hm=97256 ht=283428 pf=0 pm=0 pt=0 ru=233404 rp=234292
17:57:49.463 @T t=224358 s=0.015 lv=-40.6 pk=-37.9 c0=3.8 c1=9.6 kw=8.64 inf=2.82 iv=1.20 n=3 d=0 sk=0 hf=98144 hm=97256 ht=283428 pf=0 pm=0 pt=0 ru=233404 rp=234292
17:57:49.463 @T t=224444 s=0.006 lv=-38.8 pk=-36.9 c0=4.7 c1=9.7 kw=9.51 inf=2.53 iv=1.24 n=3 d=0 sk=0 hf=98144 hm=97256 ht=283428 pf=0 pm=0 pt=0 ru=233404 rp=234292
17:57:49.463 @T t=224552 s=0.000 lv=-39.7 pk=-38.1 c0=3.1 c1=10.6 kw=10.42 inf=2.60 iv=1.14 n=4 d=0 sk=0 hf=98144 hm=97256 ht=283428 pf=0 pm=0 pt=0 ru=233404 rp=234292
17:57:49.463 @T t=224658 s=0.000 lv=-43.2 pk=-40.2 c0=6.5 c1=8.6 kw=8.42 inf=2.74 iv=1.16 n=3 d=0 sk=0 hf=98144 hm=97256 ht=283428 pf=0 pm=0 pt=0 ru=233404 rp=234292
17:57:49.463 @T t=224744 s=0.000 lv=-41.0 pk=-40.8 c0=8.1 c1=9.5 kw=9.29 inf=2.47 iv=1.19 n=3 d=0 sk=0 hf=98144 hm=97256 ht=283428 pf=0 pm=0 pt=0 ru=233404 rp=234292
17:57:49.464 @T t=224853 s=0.000 lv=-36.8 pk=-34.4 c0=4.1 c1=10.7 kw=10.29 inf=2.59 iv=1.12 n=4 d=0 sk=0 hf=98144 hm=97256 ht=283428 pf=0 pm=0 pt=0 ru=233404 rp=234292
17:57:49.464 @T t=224939 s=0.000 lv=-40.3 pk=-38.8 c0=4.1 c1=7.8 kw=7.84 inf=3.08 iv=1.18 n=2 d=0 sk=0 hf=98144 hm=97256 ht=283428 pf=0 pm=0 pt=0 ru=233404 rp=234292
17:57:51.966 @T t=225045 s=0.000 lv=-41.5 pk=-40.1 c0=3.3 c1=9.8 kw=9.42 inf=2.29 iv=1.10 n=4 d=0 sk=0 hf=98144 hm=97256 ht=283428 pf=0 pm=0 pt=0 ru=233404 rp=234292
17:57:51.966 @T t=225151 s=0.000 lv=-41.1 pk=-40.6 c0=8.7 c1=11.7 kw=11.02 inf=2.74 iv=1.27 n=4 d=0 sk=0 hf=98144 hm=97256 ht=283428 pf=0 pm=0 pt=0 ru=233404 rp=234292
17:57:51.966 @I ww=marvin cut=0.50 win=5 cool=1000 tick=100 wifi=0 srv=0 li=0 ln=0
17:57:51.966 @T t=225246 s=0.001 lv=-38.7 pk=-38.3 c0=5.4 c1=8.9 kw=7.47 inf=3.19 iv=1.25 n=2 d=0 sk=0 hf=98144 hm=97256 ht=283428 pf=0 pm=0 pt=0 ru=233404 rp=234292
17:57:51.966 @T t=225352 s=0.014 lv=-40.3 pk=-39.2 c0=4.8 c1=11.6 kw=11.72 inf=2.93 iv=1.35 n=4 d=0 sk=0 hf=98144 hm=97256 ht=283428 pf=0 pm=0 pt=0 ru=233404 rp=234292
17:57:51.966 @T t=225458 s=0.022 lv=-41.1 pk=-39.6 c0=3.4 c1=9.8 kw=9.62 inf=2.37 iv=1.16 n=4 d=0 sk=0 hf=98144 hm=97256 ht=283428 pf=0 pm=0 pt=0 ru=233404 rp=234292
17:57:51.966 @T t=225544 s=0.016 lv=-41.7 pk=-40.4 c0=9.1 c1=8.4 kw=8.16 inf=3.21 iv=1.25 n=2 d=0 sk=0 hf=98144 hm=97256 ht=283428 pf=0 pm=0 pt=0 ru=233404 rp=234292
17:57:51.966 @T t=225652 s=0.009 lv=-40.1 pk=-38.4 c0=4.0 c1=11.2 kw=10.94 inf=2.73 iv=1.25 n=4 d=0 sk=0 hf=98144 hm=97256 ht=283428 pf=0 pm=0 pt=0 ru=233404 rp=234292
17:57:51.966 @T t=225758 s=0.001 lv=-39.2 pk=-35.8 c0=4.2 c1=10.2 kw=9.99 inf=2.46 iv=1.24 n=4 d=0 sk=0 hf=98144 hm=97256 ht=283428 pf=0 pm=0 pt=0 ru=233404 rp=234292
17:57:51.966 @T t=225844 s=0.000 lv=-28.3 pk=-26.6 c0=5.2 c1=8.3 kw=8.12 inf=3.21 iv=1.26 n=2 d=0 sk=0 hf=98144 hm=97256 ht=283428 pf=0 pm=0 pt=0 ru=233404 rp=234292
17:57:51.966 @T t=225953 s=0.001 lv=-30.9 pk=-28.7 c0=9.6 c1=11.0 kw=10.56 inf=2.66 iv=1.18 n=4 d=0 sk=0 hf=98144 hm=97256 ht=283428 pf=0 pm=0 pt=0 ru=233404 rp=234292
17:57:51.966 @T t=226058 s=0.002 lv=-38.7 pk=-35.6 c0=3.5 c1=9.7 kw=9.68 inf=2.36 iv=1.16 n=4 d=0 sk=0 hf=98144 hm=97256 ht=283428 pf=0 pm=0 pt=0 ru=233404 rp=234292
17:57:51.967 @T t=226144 s=0.003 lv=-37.3 pk=-35.6 c0=5.2 c1=8.4 kw=8.16 inf=3.21 iv=1.26 n=2 d=0 sk=0 hf=98144 hm=97256 ht=283428 pf=0 pm=0 pt=0 ru=233404 rp=234292
17:57:51.967 @I ww=marvin cut=0.50 win=5 cool=1000 tick=100 wifi=0 srv=0 li=0 ln=0
17:57:51.967 @T t=226258 s=0.003 lv=-36.3 pk=-31.0 c0=4.6 c1=10.8 kw=10.52 inf=2.78 iv=1.29 n=4 d=0 sk=0 hf=98144 hm=97256 ht=283428 pf=0 pm=0 pt=0 ru=233404 rp=234292
17:57:51.967 @T t=226344 s=0.002 lv=-33.0 pk=-29.7 c0=6.0 c1=11.7 kw=10.51 inf=2.81 iv=1.46 n=3 d=0 sk=0 hf=98144 hm=97256 ht=283428 pf=0 pm=0 pt=0 ru=233404 rp=234292
17:57:51.967 @T t=226453 s=0.004 lv=-35.5 pk=-30.6 c0=9.3 c1=10.9 kw=10.66 inf=2.68 iv=1.21 n=4 d=0 sk=0 hf=98144 hm=97256 ht=283428 pf=0 pm=0 pt=0 ru=233404 rp=234292
17:57:51.967 @T t=226539 s=0.002 lv=-35.0 pk=-33.3 c0=4.1 c1=9.4 kw=9.25 inf=2.46 iv=1.19 n=3 d=0 sk=0 hf=98144 hm=97256 ht=283428 pf=0 pm=0 pt=0 ru=233404 rp=234292
17:57:51.967 @T t=226645 s=0.000 lv=-30.2 pk=-27.8 c0=6.5 c1=8.8 kw=8.44 inf=2.70 iv=1.11 n=3 d=0 sk=0 hf=98144 hm=97256 ht=283428 pf=0 pm=0 pt=0 ru=233404 rp=234292
17:57:51.967 @T t=226754 s=0.000 lv=-31.3 pk=-28.9 c0=8.6 c1=10.2 kw=10.21 inf=2.61 iv=1.18 n=4 d=0 sk=0 hf=98144 hm=97256 ht=283428 pf=0 pm=0 pt=0 ru=233404 rp=234292
17:57:51.967 @T t=226840 s=0.000 lv=-39.9 pk=-39.5 c0=4.6 c1=9.4 kw=9.20 inf=2.44 iv=1.17 n=3 d=0 sk=0 hf=98144 hm=97256 ht=283428 pf=0 pm=0 pt=0 ru=233404 rp=234292
17:57:51.967 @T t=226946 s=0.000 lv=-39.2 pk=-38.7 c0=3.4 c1=10.0 kw=8.63 inf=2.77 iv=1.18 n=3 d=0 sk=0 hf=98144 hm=97256 ht=283428 pf=0 pm=0 pt=0 ru=233404 rp=234292
17:57:51.967 @T t=227052 s=0.000 lv=-37.6 pk=-36.2 c0=3.3 c1=9.6 kw=10.05 inf=2.49 iv=1.08 n=4 d=0 sk=0 hf=98144 hm=97256 ht=283428 pf=0 pm=0 pt=0 ru=233404 rp=234292
17:57:51.967 @T t=227158 s=0.000 lv=-38.3 pk=-38.0 c0=3.8 c1=8.6 kw=8.35 inf=2.72 iv=1.13 n=3 d=0 sk=0 hf=98144 hm=97256 ht=283428 pf=0 pm=0 pt=0 ru=233404 rp=234292
17:57:51.967 @I ww=marvin cut=0.50 win=5 cool=1000 tick=100 wifi=0 srv=0 li=0 ln=0
17:57:51.967 @T t=227250 s=0.000 lv=-32.5 pk=-30.4 c0=4.7 c1=11.3 kw=11.06 inf=2.37 iv=1.16 n=4 d=0 sk=0 hf=98144 hm=97256 ht=283428 pf=0 pm=0 pt=0 ru=233404 rp=234292
17:57:51.967 @T t=227356 s=0.000 lv=-39.2 pk=-37.8 c0=3.8 c1=9.7 kw=8.70 inf=2.84 iv=1.21 n=3 d=0 sk=0 hf=98144 hm=97256 ht=283428 pf=0 pm=0 pt=0 ru=233404 rp=234292
17:57:51.967 @T t=227442 s=0.000 lv=-38.9 pk=-38.0 c0=4.1 c1=9.4 kw=9.23 inf=2.46 iv=1.17 n=3 d=0 sk=0 hf=98144 hm=97256 ht=283428 pf=0 pm=0 pt=0 ru=233404 rp=234292
17:57:54.467 @T t=227548 s=0.000 lv=-34.8 pk=-33.0 c0=8.2 c1=11.2 kw=10.87 inf=2.66 iv=1.20 n=4 d=0 sk=0 hf=98144 hm=97256 ht=283428 pf=0 pm=0 pt=0 ru=233404 rp=234292
17:57:54.467 @T t=227654 s=0.000 lv=-37.5 pk=-34.5 c0=4.7 c1=9.3 kw=9.09 inf=2.97 iv=1.33 n=3 d=0 sk=0 hf=98144 hm=97256 ht=283428 pf=0 pm=0 pt=0 ru=233404 rp=234292
17:57:54.467 @T t=227743 s=0.000 lv=-35.8 pk=-34.6 c0=3.8 c1=9.1 kw=8.97 inf=2.47 iv=1.18 n=3 d=0 sk=0 hf=98144 hm=97256 ht=283428 pf=0 pm=0 pt=0 ru=233404 rp=234292
17:57:54.467 @T t=227852 s=0.000 lv=-40.9 pk=-38.0 c0=3.8 c1=10.3 kw=10.10 inf=2.53 iv=1.10 n=4 d=0 sk=0 hf=98144 hm=97256 ht=283428 pf=0 pm=0 pt=0 ru=233404 rp=234292
17:57:54.467 @T t=227958 s=0.000 lv=-36.0 pk=-33.0 c0=4.3 c1=8.6 kw=8.44 inf=2.74 iv=1.14 n=3 d=0 sk=0 hf=98144 hm=97256 ht=283428 pf=0 pm=0 pt=0 ru=233404 rp=234292
17:57:54.467 @T t=228044 s=0.000 lv=-35.2 pk=-32.8 c0=5.1 c1=9.8 kw=9.57 inf=2.55 iv=1.23 n=3 d=0 sk=0 hf=98144 hm=97256 ht=283428 pf=0 pm=0 pt=0 ru=233404 rp=234292
17:57:54.467 @T t=228153 s=0.000 lv=-39.3 pk=-38.6 c0=4.0 c1=10.8 kw=10.50 inf=2.64 iv=1.17 n=4 d=0 sk=0 hf=98144 hm=97256 ht=283428 pf=0 pm=0 pt=0 ru=233404 rp=234292
17:57:54.467 @I ww=marvin cut=0.50 win=5 cool=1000 tick=100 wifi=0 srv=0 li=0 ln=0
17:57:54.467 @T t=228244 s=0.000 lv=-38.0 pk=-35.9 c0=5.8 c1=7.6 kw=7.41 inf=3.08 iv=1.17 n=2 d=0 sk=0 hf=98144 hm=97256 ht=283428 pf=0 pm=0 pt=0 ru=233404 rp=234292
17:57:54.467 @T t=228353 s=0.000 lv=-38.4 pk=-36.5 c0=9.3 c1=11.8 kw=10.80 inf=2.72 iv=1.23 n=4 d=0 sk=0 hf=98144 hm=97256 ht=283428 pf=0 pm=0 pt=0 ru=233404 rp=234292
17:57:54.467 @T t=228439 s=0.000 lv=-39.0 pk=-37.0 c0=5.1 c1=9.4 kw=9.24 inf=2.46 iv=1.17 n=3 d=0 sk=0 hf=98144 hm=97256 ht=283428 pf=0 pm=0 pt=0 ru=233404 rp=234292
17:57:54.467 @T t=228545 s=0.000 lv=-33.7 pk=-31.2 c0=7.6 c1=9.6 kw=9.15 inf=2.94 iv=1.31 n=3 d=0 sk=0 hf=98144 hm=97256 ht=283428 pf=0 pm=0 pt=0 ru=233404 rp=234292
17:57:54.467 @T t=228651 s=0.000 lv=-37.7 pk=-35.2 c0=6.9 c1=11.4 kw=11.37 inf=2.83 iv=1.37 n=4 d=0 sk=0 hf=98144 hm=97256 ht=283428 pf=0 pm=0 pt=0 ru=233404 rp=234292
17:57:54.467 @T t=228757 s=0.000 lv=-38.3 pk=-35.9 c0=4.2 c1=10.2 kw=9.98 inf=2.46 iv=1.24 n=4 d=0 sk=0 hf=98144 hm=97256 ht=283428 pf=0 pm=0 pt=0 ru=233404 rp=234292
17:57:54.467 @T t=228843 s=0.000 lv=-36.5 pk=-34.2 c0=4.3 c1=8.3 kw=8.15 inf=3.22 iv=1.29 n=2 d=0 sk=0 hf=98144 hm=97256 ht=283428 pf=0 pm=0 pt=0 ru=233404 rp=234292
17:57:54.467 @T t=228952 s=0.001 lv=-39.3 pk=-35.8 c0=8.7 c1=10.7 kw=10.49 inf=2.64 iv=1.18 n=4 d=0 sk=0 hf=98144 hm=97256 ht=283428 pf=0 pm=0 pt=0 ru=233404 rp=234292
17:57:54.467 @T t=229058 s=0.004 lv=-35.0 pk=-33.5 c0=6.5 c1=9.7 kw=9.50 inf=2.34 iv=1.14 n=4 d=0 sk=0 hf=98144 hm=97256 ht=283428 pf=0 pm=0 pt=0 ru=233404 rp=234292
17:57:54.467 @T t=229144 s=0.004 lv=-39.1 pk=-37.7 c0=4.0 c1=8.2 kw=7.97 inf=3.14 iv=1.22 n=2 d=0 sk=0 hf=98144 hm=97256 ht=283428 pf=0 pm=0 pt=0 ru=233404 rp=234292
17:57:54.467 @I ww=marvin cut=0.50 win=5 cool=1000 tick=100 wifi=0 srv=0 li=0 ln=0
17:57:54.467 @T t=229255 s=0.003 lv=-42.0 pk=-40.7 c0=4.5 c1=10.7 kw=10.43 inf=2.68 iv=1.22 n=4 d=0 sk=0 hf=98144 hm=97256 ht=283428 pf=0 pm=0 pt=0 ru=233404 rp=234292
17:57:54.467 @T t=229341 s=0.001 lv=-42.9 pk=-41.4 c0=4.8 c1=11.0 kw=9.90 inf=2.65 iv=1.34 n=3 d=0 sk=0 hf=98144 hm=97256 ht=283428 pf=0 pm=0 pt=0 ru=233404 rp=234292
17:57:54.467 @T t=229447 s=0.000 lv=-36.6 pk=-34.9 c0=3.4 c1=10.8 kw=10.63 inf=2.60 iv=1.16 n=4 d=0 sk=0 hf=98144 hm=97256 ht=283428 pf=0 pm=0 pt=0 ru=233404 rp=234292
17:57:54.467 @T t=229553 s=0.000 lv=-39.6 pk=-38.3 c0=6.6 c1=8.7 kw=8.49 inf=2.77 iv=1.18 n=3 d=0 sk=0 hf=98144 hm=97256 ht=283428 pf=0 pm=0 pt=0 ru=233404 rp=234292
17:57:54.467 @T t=229639 s=0.000 lv=-41.8 pk=-40.0 c0=8.8 c1=9.7 kw=9.52 inf=2.54 iv=1.24 n=3 d=0 sk=0 hf=98144 hm=97256 ht=283428 pf=0 pm=0 pt=0 ru=233404 rp=234292
17:57:54.467 @T t=229745 s=0.000 lv=-38.6 pk=-37.2 c0=6.6 c1=8.9 kw=8.54 inf=2.74 iv=1.14 n=3 d=0 sk=0 hf=98144 hm=97256 ht=283428 pf=0 pm=0 pt=0 ru=233404 rp=234292
17:57:54.467 @T t=229851 s=0.000 lv=-39.6 pk=-38.1 c0=3.3 c1=10.4 kw=10.44 inf=2.59 iv=1.16 n=4 d=0 sk=0 hf=98144 hm=97256 ht=283428 pf=0 pm=0 pt=0 ru=233404 rp=234292
17:57:54.467 @T t=229957 s=0.000 lv=-40.0 pk=-38.7 c0=5.3 c1=10.4 kw=10.14 inf=2.51 iv=1.22 n=4 d=0 sk=0 hf=98144 hm=97256 ht=283428 pf=0 pm=0 pt=0 ru=233404 rp=234292
17:57:56.775 @T t=230043 s=0.000 lv=-41.7 pk=-40.3 c0=7.3 c1=8.0 kw=7.85 inf=3.09 iv=1.19 n=2 d=0 sk=0 hf=98144 hm=97256 ht=283428 pf=0 pm=0 pt=0 ru=233404 rp=234292
17:57:56.776 @T t=230152 s=0.000 lv=-35.1 pk=-31.9 c0=8.7 c1=11.0 kw=10.73 inf=2.70 iv=1.23 n=4 d=0 sk=0 hf=98144 hm=97256 ht=283428 pf=0 pm=0 pt=0 ru=233404 rp=234292
17:57:56.776 @I ww=marvin cut=0.50 win=5 cool=1000 tick=100 wifi=0 srv=0 li=0 ln=0
17:57:56.776 @T t=230243 s=0.000 lv=-38.4 pk=-37.3 c0=6.2 c1=9.3 kw=9.06 inf=2.55 iv=1.24 n=3 d=0 sk=0 hf=98144 hm=97256 ht=283428 pf=0 pm=0 pt=0 ru=233404 rp=234292
17:57:56.776 @T t=230351 s=0.000 lv=-37.9 pk=-36.6 c0=4.7 c1=12.0 kw=11.13 inf=2.78 iv=1.29 n=4 d=0 sk=0 hf=98144 hm=97256 ht=283428 pf=0 pm=0 pt=0 ru=233404 rp=234292
17:57:56.776 @T t=230457 s=0.000 lv=-39.2 pk=-37.7 c0=4.2 c1=9.0 kw=8.76 inf=2.85 iv=1.23 n=3 d=0 sk=0 hf=98144 hm=97256 ht=283428 pf=0 pm=0 pt=0 ru=233404 rp=234292
17:57:56.776 @T t=230543 s=0.000 lv=-41.7 pk=-40.4 c0=5.1 c1=9.4 kw=9.17 inf=2.44 iv=1.16 n=3 d=0 sk=0 hf=98144 hm=97256 ht=283428 pf=0 pm=0 pt=0 ru=233404 rp=234292
17:57:56.776 @T t=230651 s=0.000 lv=-34.8 pk=-31.5 c0=8.8 c1=10.8 kw=10.55 inf=2.63 iv=1.17 n=4 d=0 sk=0 hf=98144 hm=97256 ht=283428 pf=0 pm=0 pt=0 ru=233404 rp=234292
17:57:56.776 @T t=230756 s=0.000 lv=-36.6 pk=-33.8 c0=3.5 c1=8.9 kw=8.72 inf=2.82 iv=1.20 n=3 d=0 sk=0 hf=98144 hm=97256 ht=283428 pf=0 pm=0 pt=0 ru=233404 rp=234292
17:57:56.776 @T t=230842 s=0.000 lv=-36.1 pk=-33.4 c0=5.1 c1=10.0 kw=9.75 inf=2.60 iv=1.28 n=3 d=0 sk=0 hf=98144 hm=97256 ht=283428 pf=0 pm=0 pt=0 ru=233404 rp=234292
17:57:56.776 @T t=230948 s=0.000 lv=-39.1 pk=-36.7 c0=4.4 c1=11.3 kw=11.06 inf=2.72 iv=1.25 n=4 d=0 sk=0 hf=98144 hm=97256 ht=283428 pf=0 pm=0 pt=0 ru=233404 rp=234292
17:57:56.776 @T t=231054 s=0.000 lv=-32.6 pk=-30.1 c0=4.2 c1=9.2 kw=8.95 inf=2.92 iv=1.30 n=3 d=0 sk=0 hf=98144 hm=97256 ht=283428 pf=0 pm=0 pt=0 ru=233404 rp=234292
17:57:56.776 @T t=231140 s=0.000 lv=-34.3 pk=-31.2 c0=5.1 c1=9.5 kw=9.30 inf=2.47 iv=1.18 n=3 d=0 sk=0 hf=98144 hm=97256 ht=283428 pf=0 pm=0 pt=0 ru=233404 rp=234292
17:57:56.776 @I ww=marvin cut=0.50 win=5 cool=1000 tick=100 wifi=0 srv=0 li=0 ln=0
17:57:56.776 @T t=231251 s=0.000 lv=-34.7 pk=-31.5 c0=4.2 c1=10.6 kw=10.42 inf=2.68 iv=1.23 n=4 d=0 sk=0 hf=98144 hm=97256 ht=283428 pf=0 pm=0 pt=0 ru=233404 rp=234292
17:57:56.776 [status] up 231s | mic -36.9 dBFS (peak -26.6) | score max 0.02 | detections 0 | inferences 334 (33.4/s; model 1.21 ms each, paused in quiet 0%; features 1.46 ms per 30 ms) | CPU core0  5.5% core1  9.9% (wake word pipeline 9.63% of one core) | RAM used 227 KB (peak 228 KB, 95 KB free) | wifi --, server -- | audio lost since boot: i2s 0 net 0
17:57:56.776 @T t=231339 s=0.000 lv=-36.5 pk=-34.7 c0=14.0 c1=11.2 kw=10.06 inf=2.75 iv=1.39 n=3 d=0 sk=0 hf=98144 hm=97256 ht=283428 pf=0 pm=0 pt=0 ru=233404 rp=234292
17:57:56.776 @T t=231445 s=0.000 lv=-33.6 pk=-31.9 c0=6.5 c1=9.0 kw=8.63 inf=2.77 iv=1.16 n=3 d=0 sk=0 hf=98144 hm=97256 ht=283428 pf=0 pm=0 pt=0 ru=233404 rp=234292
17:57:56.776 @T t=231553 s=0.002 lv=-37.8 pk=-35.9 c0=3.0 c1=10.6 kw=10.53 inf=2.67 iv=1.24 n=4 d=0 sk=0 hf=98144 hm=97256 ht=283428 pf=0 pm=0 pt=0 ru=233404 rp=234292
17:57:56.776 @T t=231639 s=0.003 lv=-37.6 pk=-35.9 c0=4.6 c1=9.7 kw=9.44 inf=2.51 iv=1.21 n=3 d=0 sk=0 hf=98144 hm=97256 ht=283428 pf=0 pm=0 pt=0 ru=233404 rp=234292
17:57:56.776 @T t=231745 s=0.002 lv=-34.3 pk=-31.3 c0=3.3 c1=9.0 kw=8.67 inf=2.78 iv=1.19 n=3 d=0 sk=0 hf=98144 hm=97256 ht=283428 pf=0 pm=0 pt=0 ru=233404 rp=234292
17:57:56.776 @T t=231851 s=0.002 lv=-38.9 pk=-37.0 c0=6.6 c1=10.8 kw=10.74 inf=2.67 iv=1.24 n=4 d=0 sk=0 hf=98144 hm=97256 ht=283428 pf=0 pm=0 pt=0 ru=233404 rp=234292
17:57:56.776 @T t=231957 s=0.000 lv=-41.4 pk=-39.7 c0=3.5 c1=8.6 kw=8.42 inf=2.74 iv=1.15 n=3 d=0 sk=0 hf=98144 hm=97256 ht=283428 pf=0 pm=0 pt=0 ru=233404 rp=234292
17:57:56.776 @T t=232043 s=0.000 lv=-39.8 pk=-38.8 c0=4.6 c1=9.7 kw=9.47 inf=2.52 iv=1.23 n=3 d=0 sk=0 hf=98144 hm=97256 ht=283428 pf=0 pm=0 pt=0 ru=233404 rp=234292
17:57:56.776 @T t=232151 s=0.000 lv=-40.3 pk=-39.7 c0=3.1 c1=10.7 kw=10.43 inf=2.60 iv=1.16 n=4 d=0 sk=0 hf=98144 hm=97256 ht=283428 pf=0 pm=0 pt=0 ru=233404 rp=234292
17:57:56.776 @I ww=marvin cut=0.50 win=5 cool=1000 tick=100 wifi=0 srv=0 li=0 ln=0
17:57:56.776 @T t=232243 s=0.000 lv=-38.8 pk=-37.2 c0=4.7 c1=8.6 kw=8.43 inf=2.40 iv=1.12 n=3 d=0 sk=0 hf=98144 hm=97256 ht=283428 pf=0 pm=0 pt=0 ru=233404 rp=234292
17:57:59.358 @T t=232352 s=0.000 lv=-39.1 pk=-37.4 c0=5.9 c1=11.5 kw=11.07 inf=2.79 iv=1.32 n=4 d=0 sk=0 hf=98144 hm=97256 ht=283428 pf=0 pm=0 pt=0 ru=233404 rp=234292
17:57:59.358 @T t=232457 s=0.000 lv=-41.3 pk=-38.7 c0=4.5 c1=8.6 kw=8.43 inf=2.72 iv=1.14 n=3 d=0 sk=0 hf=98144 hm=97256 ht=283428 pf=0 pm=0 pt=0 ru=233404 rp=234292
17:57:59.358 @T t=232542 s=0.000 lv=-40.8 pk=-39.4 c0=4.3 c1=9.4 kw=9.27 inf=2.43 iv=1.16 n=3 d=0 sk=0 hf=98144 hm=97256 ht=283428 pf=0 pm=0 pt=0 ru=233404 rp=234292
17:57:59.358 @T t=232648 s=0.000 lv=-41.6 pk=-39.8 c0=7.3 c1=10.9 kw=10.62 inf=2.60 iv=1.16 n=4 d=0 sk=0 hf=98144 hm=97256 ht=283428 pf=0 pm=0 pt=0 ru=233404 rp=234292
17:57:59.358 @T t=232754 s=0.000 lv=-40.0 pk=-38.5 c0=4.2 c1=8.9 kw=8.71 inf=2.84 iv=1.23 n=3 d=0 sk=0 hf=98144 hm=97256 ht=283428 pf=0 pm=0 pt=0 ru=233404 rp=234292
17:57:59.358 @T t=232840 s=0.000 lv=-36.5 pk=-34.0 c0=5.1 c1=9.8 kw=9.58 inf=2.55 iv=1.23 n=3 d=0 sk=0 hf=98144 hm=97256 ht=283428 pf=0 pm=0 pt=0 ru=233404 rp=234292
17:57:59.358 @T t=232946 s=0.000 lv=-40.6 pk=-38.7 c0=4.3 c1=9.8 kw=8.49 inf=2.72 iv=1.12 n=3 d=0 sk=0 hf=98144 hm=97256 ht=283428 pf=0 pm=0 pt=0 ru=233404 rp=234292
17:57:59.358 @T t=233052 s=0.000 lv=-35.0 pk=-30.7 c0=3.4 c1=9.9 kw=10.85 inf=2.70 iv=1.26 n=4 d=0 sk=0 hf=98144 hm=97256 ht=283428 pf=0 pm=0 pt=0 ru=233404 rp=234292
17:57:59.358 @T t=233158 s=0.000 lv=-31.9 pk=-26.9 c0=4.1 c1=8.6 kw=8.38 inf=2.73 iv=1.14 n=3 d=0 sk=0 hf=98144 hm=97256 ht=283428 pf=0 pm=0 pt=0 ru=233404 rp=234292
17:57:59.358 @I ww=marvin cut=0.50 win=5 cool=1000 tick=100 wifi=0 srv=0 li=0 ln=0
17:57:59.358 @T t=233250 s=0.000 lv=-35.6 pk=-33.6 c0=14.6 c1=11.4 kw=11.18 inf=2.39 iv=1.18 n=4 d=0 sk=0 hf=98144 hm=97256 ht=283428 pf=0 pm=0 pt=0 ru=233404 rp=234292
17:57:59.358 @T t=233356 s=0.000 lv=-37.1 pk=-35.7 c0=4.8 c1=9.9 kw=8.99 inf=2.94 iv=1.30 n=3 d=0 sk=0 hf=98144 hm=97256 ht=283428 pf=0 pm=0 pt=0 ru=233404 rp=234292
17:57:59.358 @T t=233442 s=0.000 lv=-41.3 pk=-39.5 c0=5.1 c1=9.8 kw=9.58 inf=2.55 iv=1.24 n=3 d=0 sk=0 hf=98144 hm=97256 ht=283428 pf=0 pm=0 pt=0 ru=233404 rp=234292
17:57:59.358 @T t=233548 s=0.000 lv=-36.5 pk=-34.4 c0=4.2 c1=10.9 kw=10.69 inf=2.62 iv=1.18 n=4 d=0 sk=0 hf=98144 hm=97256 ht=283428 pf=0 pm=0 pt=0 ru=233404 rp=234292
17:57:59.358 @T t=233654 s=0.000 lv=-40.7 pk=-39.6 c0=3.5 c1=8.7 kw=8.56 inf=2.79 iv=1.20 n=3 d=0 sk=0 hf=98144 hm=97256 ht=283428 pf=0 pm=0 pt=0 ru=233404 rp=234292
17:57:59.358 @T t=233740 s=0.000 lv=-39.6 pk=-37.2 c0=7.9 c1=9.5 kw=9.32 inf=2.48 iv=1.20 n=3 d=0 sk=0 hf=98144 hm=97256 ht=283428 pf=0 pm=0 pt=0 ru=233404 rp=234292
17:57:59.358 @T t=233846 s=0.000 lv=-38.4 pk=-37.1 c0=6.6 c1=9.9 kw=8.62 inf=2.76 iv=1.16 n=3 d=0 sk=0 hf=98144 hm=97256 ht=283428 pf=0 pm=0 pt=0 ru=233404 rp=234292
17:57:59.358 @T t=233952 s=0.000 lv=-40.3 pk=-39.2 c0=3.4 c1=9.9 kw=10.34 inf=2.57 iv=1.13 n=4 d=0 sk=0 hf=98144 hm=97256 ht=283428 pf=0 pm=0 pt=0 ru=233404 rp=234292
17:57:59.358 @T t=234058 s=0.000 lv=-39.5 pk=-38.6 c0=7.0 c1=9.0 kw=8.76 inf=2.85 iv=1.24 n=3 d=0 sk=0 hf=98144 hm=97256 ht=283428 pf=0 pm=0 pt=0 ru=233404 rp=234292
17:57:59.358 @T t=234144 s=0.000 lv=-39.0 pk=-38.0 c0=4.1 c1=9.5 kw=9.32 inf=2.48 iv=1.18 n=3 d=0 sk=0 hf=98144 hm=97256 ht=283428 pf=0 pm=0 pt=0 ru=233404 rp=234292
17:57:59.358 @I ww=marvin cut=0.50 win=5 cool=1000 tick=100 wifi=0 srv=0 li=0 ln=0
17:57:59.358 @T t=234255 s=0.000 lv=-38.3 pk=-36.0 c0=4.0 c1=10.5 kw=10.25 inf=2.62 iv=1.17 n=4 d=0 sk=0 hf=98144 hm=97256 ht=283428 pf=0 pm=0 pt=0 ru=233404 rp=234292
17:57:59.358 @T t=234341 s=0.000 lv=-36.8 pk=-34.9 c0=4.8 c1=11.1 kw=9.96 inf=2.66 iv=1.34 n=3 d=0 sk=0 hf=98144 hm=97256 ht=283428 pf=0 pm=0 pt=0 ru=233404 rp=234292
17:57:59.358 @T t=234447 s=0.000 lv=-37.8 pk=-35.9 c0=3.8 c1=11.0 kw=10.76 inf=2.64 iv=1.19 n=4 d=0 sk=0 hf=98144 hm=97256 ht=283428 pf=0 pm=0 pt=0 ru=233404 rp=234292
17:57:59.358 @T t=234553 s=0.000 lv=-39.5 pk=-38.7 c0=3.3 c1=8.6 kw=8.47 inf=2.76 iv=1.17 n=3 d=0 sk=0 hf=98144 hm=97256 ht=283428 pf=0 pm=0 pt=0 ru=233404 rp=234292
17:57:59.358 @T t=234639 s=0.000 lv=-36.4 pk=-33.7 c0=4.0 c1=9.2 kw=9.00 inf=2.39 iv=1.11 n=3 d=0 sk=0 hf=98144 hm=97256 ht=283428 pf=0 pm=0 pt=0 ru=233404 rp=234292
17:57:59.358 @T t=234745 s=0.000 lv=-36.5 pk=-33.7 c0=4.9 c1=9.3 kw=8.49 inf=2.72 iv=1.13 n=3 d=0 sk=0 hf=98144 hm=97256 ht=283428 pf=0 pm=0 pt=0 ru=233404 rp=234292
17:57:59.358 @T t=234854 s=0.000 lv=-40.8 pk=-38.2 c0=8.9 c1=10.8 kw=11.13 inf=2.85 iv=1.31 n=4 d=0 sk=0 hf=98144 hm=97256 ht=283428 pf=0 pm=0 pt=0 ru=233404 rp=234292
17:58:01.858 @T t=234940 s=0.000 lv=-39.6 pk=-38.4 c0=5.7 c1=10.1 kw=9.88 inf=2.64 iv=1.34 n=3 d=0 sk=0 hf=98144 hm=97256 ht=283428 pf=0 pm=0 pt=0 ru=233404 rp=234292
17:58:01.858 @T t=235046 s=0.000 lv=-41.4 pk=-38.9 c0=4.2 c1=10.4 kw=9.08 inf=2.92 iv=1.29 n=3 d=0 sk=0 hf=98144 hm=97256 ht=283428 pf=0 pm=0 pt=0 ru=233404 rp=234292
17:58:01.858 @T t=235152 s=0.000 lv=-42.8 pk=-41.6 c0=4.2 c1=10.1 kw=10.53 inf=2.61 iv=1.18 n=4 d=0 sk=0 hf=98144 hm=97256 ht=283428 pf=0 pm=0 pt=0 ru=233404 rp=234292
17:58:01.858 @I ww=marvin cut=0.50 win=5 cool=1000 tick=100 wifi=0 srv=0 li=0 ln=0
17:58:01.858 @T t=235243 s=0.000 lv=-38.6 pk=-35.9 c0=5.7 c1=8.8 kw=8.64 inf=2.43 iv=1.15 n=3 d=0 sk=0 hf=98144 hm=97256 ht=283428 pf=0 pm=0 pt=0 ru=233404 rp=234292
17:58:01.858 @T t=235352 s=0.000 lv=-41.6 pk=-38.4 c0=10.0 c1=11.8 kw=10.81 inf=2.73 iv=1.26 n=4 d=0 sk=0 hf=98144 hm=97256 ht=283428 pf=0 pm=0 pt=0 ru=233404 rp=234292
17:58:01.858 @T t=235441 s=0.000 lv=-41.2 pk=-39.5 c0=3.8 c1=7.8 kw=7.69 inf=3.14 iv=1.23 n=2 d=0 sk=0 hf=98144 hm=97256 ht=283428 pf=0 pm=0 pt=0 ru=233404 rp=234292
17:58:01.858 @T t=235547 s=0.000 lv=-40.6 pk=-39.6 c0=4.1 c1=10.9 kw=10.68 inf=2.61 iv=1.16 n=4 d=0 sk=0 hf=98144 hm=97256 ht=283428 pf=0 pm=0 pt=0 ru=233404 rp=234292
17:58:01.858 @T t=235653 s=0.000 lv=-41.5 pk=-40.4 c0=4.2 c1=9.9 kw=9.65 inf=2.38 iv=1.17 n=4 d=0 sk=0 hf=98144 hm=97256 ht=283428 pf=0 pm=0 pt=0 ru=233404 rp=234292
17:58:01.858 @T t=235739 s=0.000 lv=-40.8 pk=-39.8 c0=5.1 c1=8.2 kw=7.97 inf=3.14 iv=1.19 n=2 d=0 sk=0 hf=98144 hm=97256 ht=283428 pf=0 pm=0 pt=0 ru=233404 rp=234292
17:58:01.858 @T t=235845 s=0.000 lv=-41.6 pk=-40.6 c0=4.4 c1=10.0 kw=9.60 inf=2.33 iv=1.14 n=4 d=0 sk=0 hf=98144 hm=97256 ht=283428 pf=0 pm=0 pt=0 ru=233404 rp=234292
17:58:01.858 @T t=235951 s=0.000 lv=-41.1 pk=-39.3 c0=3.4 c1=10.7 kw=10.30 inf=2.55 iv=1.11 n=4 d=0 sk=0 hf=97956 hm=97256 ht=283428 pf=0 pm=0 pt=0 ru=233592 rp=234292
17:58:01.858 @T t=236058 s=0.000 lv=-39.5 pk=-39.1 c0=4.3 c1=8.6 kw=8.37 inf=2.75 iv=1.14 n=3 d=0 sk=0 hf=98144 hm=97256 ht=283428 pf=0 pm=0 pt=0 ru=233404 rp=234292
17:58:01.858 @T t=236144 s=0.000 lv=-35.2 pk=-31.3 c0=4.8 c1=9.5 kw=9.30 inf=2.47 iv=1.18 n=3 d=0 sk=0 hf=98144 hm=97256 ht=283428 pf=0 pm=0 pt=0 ru=233404 rp=234292
17:58:01.858 @I ww=marvin cut=0.50 win=5 cool=1000 tick=100 wifi=0 srv=0 li=0 ln=0
17:58:01.858 @T t=236239 s=0.000 lv=-36.5 pk=-35.0 c0=15.9 c1=9.7 kw=9.47 inf=2.76 iv=1.12 n=3 d=0 sk=0 hf=98144 hm=97256 ht=283428 pf=0 pm=0 pt=0 ru=233404 rp=234292
17:58:01.858 @T t=236345 s=0.000 lv=-34.7 pk=-33.4 c0=3.8 c1=10.1 kw=8.96 inf=2.88 iv=1.25 n=3 d=0 sk=0 hf=98144 hm=97256 ht=283428 pf=0 pm=0 pt=0 ru=233404 rp=234292
17:58:01.858 @T t=236451 s=0.000 lv=-32.8 pk=-30.0 c0=3.9 c1=10.6 kw=10.62 inf=2.64 iv=1.18 n=4 d=0 sk=0 hf=98144 hm=97256 ht=283428 pf=0 pm=0 pt=0 ru=233404 rp=234292
17:58:01.858 @T t=236557 s=0.000 lv=-30.4 pk=-29.6 c0=3.3 c1=9.5 kw=9.30 inf=2.29 iv=1.09 n=4 d=0 sk=0 hf=98144 hm=97256 ht=283428 pf=0 pm=0 pt=0 ru=233404 rp=234292
17:58:01.858 @T t=236643 s=0.000 lv=-30.9 pk=-30.5 c0=4.0 c1=7.9 kw=7.78 inf=3.06 iv=1.15 n=2 d=0 sk=0 hf=98144 hm=97256 ht=283428 pf=0 pm=0 pt=0 ru=233404 rp=234292
17:58:01.858 @T t=236752 s=0.000 lv=-32.0 pk=-31.6 c0=3.1 c1=10.2 kw=10.01 inf=2.51 iv=1.09 n=4 d=0 sk=0 hf=98144 hm=97256 ht=283428 pf=0 pm=0 pt=0 ru=233404 rp=234292
17:58:01.858 @T t=236858 s=0.000 lv=-32.0 pk=-31.4 c0=3.9 c1=9.9 kw=9.71 inf=2.39 iv=1.19 n=4 d=0 sk=0 hf=98144 hm=97256 ht=283428 pf=0 pm=0 pt=0 ru=233404 rp=234292
17:58:01.858 @T t=236944 s=0.000 lv=-32.5 pk=-32.0 c0=4.1 c1=8.2 kw=8.01 inf=3.16 iv=1.24 n=2 d=0 sk=0 hf=98144 hm=97256 ht=283428 pf=0 pm=0 pt=0 ru=233404 rp=234292
17:58:01.858 @T t=237050 s=0.000 lv=-33.7 pk=-31.7 c0=3.3 c1=10.8 kw=10.56 inf=2.58 iv=1.14 n=4 d=0 sk=0 hf=98144 hm=97256 ht=283428 pf=0 pm=0 pt=0 ru=233404 rp=234292
17:58:01.858 @T t=237156 s=0.000 lv=-39.2 pk=-37.4 c0=5.0 c1=9.8 kw=9.39 inf=2.31 iv=1.13 n=4 d=0 sk=0 hf=98144 hm=97256 ht=283428 pf=0 pm=0 pt=0 ru=233404 rp=234292
17:58:01.858 @I ww=marvin cut=0.50 win=5 cool=1000 tick=100 wifi=0 srv=0 li=0 ln=0
17:58:01.858 @T t=237248 s=0.000 lv=-37.7 pk=-36.8 c0=4.8 c1=10.0 kw=9.88 inf=2.80 iv=1.20 n=3 d=0 sk=0 hf=98144 hm=97256 ht=283428 pf=0 pm=0 pt=0 ru=233404 rp=234292
17:58:01.858 @T t=237354 s=0.000 lv=-36.6 pk=-32.4 c0=4.6 c1=10.1 kw=9.14 inf=2.99 iv=1.33 n=3 d=0 sk=0 hf=98144 hm=97256 ht=283428 pf=0 pm=0 pt=0 ru=233404 rp=234292
17:58:04.380 @T t=237440 s=0.000 lv=-32.4 pk=-31.9 c0=5.1 c1=10.1 kw=9.85 inf=2.63 iv=1.30 n=3 d=0 sk=0 hf=98144 hm=97256 ht=283428 pf=0 pm=0 pt=0 ru=233404 rp=234292
17:58:04.380 @T t=237546 s=0.000 lv=-33.2 pk=-29.3 c0=4.3 c1=10.1 kw=8.72 inf=2.80 iv=1.18 n=3 d=0 sk=0 hf=98144 hm=97256 ht=283428 pf=0 pm=0 pt=0 ru=233404 rp=234292
17:58:04.380 @T t=237652 s=0.000 lv=-33.3 pk=-29.6 c0=4.3 c1=10.3 kw=11.28 inf=2.81 iv=1.25 n=4 d=0 sk=0 hf=98144 hm=97256 ht=283428 pf=0 pm=0 pt=0 ru=233404 rp=234292
17:58:04.380 @T t=237758 s=0.000 lv=-30.7 pk=-29.2 c0=4.0 c1=10.1 kw=9.60 inf=2.37 iv=1.16 n=4 d=0 sk=0 hf=98144 hm=97256 ht=283428 pf=0 pm=0 pt=0 ru=233404 rp=234292
17:58:04.380 @T t=237844 s=0.000 lv=-33.9 pk=-28.9 c0=4.3 c1=7.7 kw=7.92 inf=3.11 iv=1.21 n=2 d=0 sk=0 hf=98144 hm=97256 ht=283428 pf=0 pm=0 pt=0 ru=233404 rp=234292
17:58:04.380 @T t=237953 s=0.000 lv=-40.0 pk=-38.7 c0=9.6 c1=10.9 kw=10.68 inf=2.69 iv=1.23 n=4 d=0 sk=0 hf=98144 hm=97256 ht=283428 pf=0 pm=0 pt=0 ru=233404 rp=234292
17:58:04.380 @T t=238039 s=0.000 lv=-41.5 pk=-39.4 c0=5.2 c1=10.0 kw=9.76 inf=2.61 iv=1.30 n=3 d=0 sk=0 hf=98144 hm=97256 ht=283428 pf=0 pm=0 pt=0 ru=233404 rp=234292
17:58:04.380 @T t=238145 s=0.000 lv=-40.7 pk=-39.7 c0=4.2 c1=9.1 kw=8.69 inf=2.78 iv=1.17 n=3 d=0 sk=0 hf=98144 hm=97256 ht=283428 pf=0 pm=0 pt=0 ru=233404 rp=234292
17:58:04.381 @I ww=marvin cut=0.50 win=5 cool=1000 tick=100 wifi=0 srv=0 li=0 ln=0
17:58:04.381 @T t=238240 s=0.000 lv=-33.0 pk=-31.9 c0=5.4 c1=10.7 kw=11.04 inf=2.50 iv=1.30 n=4 d=0 sk=0 hf=98144 hm=97256 ht=283428 pf=0 pm=0 pt=0 ru=233404 rp=234292
17:58:04.381 @T t=238346 s=0.000 lv=-38.3 pk=-36.6 c0=4.0 c1=11.5 kw=9.08 inf=2.90 iv=1.28 n=3 d=0 sk=0 hf=98144 hm=97256 ht=283428 pf=0 pm=0 pt=0 ru=233404 rp=234292
17:58:04.381 @T t=238455 s=0.000 lv=-40.9 pk=-39.5 c0=4.1 c1=9.6 kw=10.01 inf=2.55 iv=1.12 n=4 d=0 sk=0 hf=98144 hm=97256 ht=283428 pf=0 pm=0 pt=0 ru=233404 rp=234292
17:58:04.381 @T t=238541 s=0.000 lv=-40.9 pk=-38.2 c0=4.7 c1=9.5 kw=9.27 inf=2.46 iv=1.18 n=3 d=0 sk=0 hf=98144 hm=97256 ht=283428 pf=0 pm=0 pt=0 ru=233404 rp=234292
17:58:04.381 @T t=238647 s=0.000 lv=-41.6 pk=-40.0 c0=3.3 c1=10.4 kw=10.16 inf=2.48 iv=1.08 n=4 d=0 sk=0 hf=98144 hm=97256 ht=283428 pf=0 pm=0 pt=0 ru=233404 rp=234292
17:58:04.381 @T t=238753 s=0.000 lv=-40.5 pk=-39.5 c0=3.3 c1=8.4 kw=8.21 inf=2.67 iv=1.10 n=3 d=0 sk=0 hf=98144 hm=97256 ht=283428 pf=0 pm=0 pt=0 ru=233404 rp=234292
17:58:04.381 @T t=238839 s=0.000 lv=-35.4 pk=-34.1 c0=4.0 c1=9.2 kw=8.97 inf=2.38 iv=1.10 n=3 d=0 sk=0 hf=98144 hm=97256 ht=283428 pf=0 pm=0 pt=0 ru=233404 rp=234292
17:58:04.381 @T t=238945 s=0.000 lv=-36.9 pk=-34.6 c0=3.9 c1=8.9 kw=8.52 inf=2.73 iv=1.13 n=3 d=0 sk=0 hf=98144 hm=97256 ht=283428 pf=0 pm=0 pt=0 ru=233404 rp=234292
17:58:04.381 @T t=239054 s=0.000 lv=-36.6 pk=-35.6 c0=8.8 c1=10.3 kw=10.25 inf=2.62 iv=1.20 n=4 d=0 sk=0 hf=98144 hm=97256 ht=283428 pf=0 pm=0 pt=0 ru=233404 rp=234292
17:58:04.381 @T t=239140 s=0.000 lv=-37.7 pk=-37.1 c0=4.0 c1=9.1 kw=8.95 inf=2.38 iv=1.10 n=3 d=0 sk=0 hf=98144 hm=97256 ht=283428 pf=0 pm=0 pt=0 ru=233404 rp=234292
17:58:04.381 @I ww=marvin cut=0.50 win=5 cool=1000 tick=100 wifi=0 srv=0 li=0 ln=0
17:58:04.381 @T t=239252 s=0.000 lv=-40.5 pk=-39.1 c0=4.3 c1=10.1 kw=9.88 inf=2.55 iv=1.12 n=4 d=0 sk=0 hf=98144 hm=97256 ht=283428 pf=0 pm=0 pt=0 ru=233404 rp=234292
17:58:04.381 @T t=239341 s=0.000 lv=-40.9 pk=-39.7 c0=4.4 c1=9.3 kw=8.21 inf=3.36 iv=1.41 n=2 d=0 sk=0 hf=98144 hm=97256 ht=283428 pf=0 pm=0 pt=0 ru=233404 rp=234292
17:58:04.381 @T t=239447 s=0.000 lv=-38.8 pk=-37.9 c0=3.4 c1=10.5 kw=10.32 inf=2.52 iv=1.10 n=4 d=0 sk=0 hf=98144 hm=97256 ht=283428 pf=0 pm=0 pt=0 ru=233404 rp=234292
17:58:04.381 @T t=239553 s=0.000 lv=-39.2 pk=-37.6 c0=3.3 c1=9.4 kw=9.18 inf=2.26 iv=1.07 n=4 d=0 sk=0 hf=98144 hm=97256 ht=283428 pf=0 pm=0 pt=0 ru=233404 rp=234292
17:58:04.381 @T t=239639 s=0.000 lv=-37.9 pk=-37.1 c0=6.5 c1=8.5 kw=8.11 inf=3.20 iv=1.24 n=2 d=0 sk=0 hf=98144 hm=97256 ht=283428 pf=0 pm=0 pt=0 ru=233404 rp=234292
17:58:04.381 @T t=239745 s=0.000 lv=-41.4 pk=-38.4 c0=4.2 c1=10.3 kw=9.88 inf=2.40 iv=1.18 n=4 d=0 sk=0 hf=98144 hm=97256 ht=283428 pf=0 pm=0 pt=0 ru=233404 rp=234292
17:58:04.381 @T t=239851 s=0.000 lv=-38.1 pk=-37.5 c0=4.2 c1=11.2 kw=10.68 inf=2.65 iv=1.17 n=4 d=0 sk=0 hf=98144 hm=97256 ht=283428 pf=0 pm=0 pt=0 ru=233404 rp=234292
17:58:06.666 @T t=239957 s=0.000 lv=-38.0 pk=-35.8 c0=4.3 c1=8.9 kw=8.72 inf=2.84 iv=1.22 n=3 d=0 sk=0 hf=98144 hm=97256 ht=283428 pf=0 pm=0 pt=0 ru=233404 rp=234292
17:58:06.666 @T t=240043 s=0.000 lv=-40.7 pk=-38.6 c0=4.1 c1=9.2 kw=8.99 inf=2.39 iv=1.12 n=3 d=0 sk=0 hf=98144 hm=97256 ht=283428 pf=0 pm=0 pt=0 ru=233404 rp=234292
17:58:06.666 @T t=240152 s=0.000 lv=-37.5 pk=-33.5 c0=8.6 c1=10.4 kw=10.11 inf=2.54 iv=1.10 n=4 d=0 sk=0 hf=98144 hm=97256 ht=283428 pf=0 pm=0 pt=0 ru=233404 rp=234292
17:58:06.666 @I ww=marvin cut=0.50 win=5 cool=1000 tick=100 wifi=0 srv=0 li=0 ln=0
17:58:06.666 @T t=240243 s=0.000 lv=-39.9 pk=-38.7 c0=6.2 c1=7.8 kw=7.64 inf=3.19 iv=1.23 n=2 d=0 sk=0 hf=98144 hm=97256 ht=283428 pf=0 pm=0 pt=0 ru=233404 rp=234292
17:58:06.666 @T t=240352 s=0.000 lv=-37.0 pk=-34.6 c0=10.0 c1=11.7 kw=10.73 inf=2.70 iv=1.21 n=4 d=0 sk=0 hf=98144 hm=97256 ht=283428 pf=0 pm=0 pt=0 ru=233404 rp=234292
17:58:06.666 @T t=240458 s=0.000 lv=-39.8 pk=-38.5 c0=4.2 c1=9.9 kw=9.69 inf=2.39 iv=1.17 n=4 d=0 sk=0 hf=98144 hm=97256 ht=283428 pf=0 pm=0 pt=0 ru=233404 rp=234292
17:58:06.666 @T t=240544 s=0.000 lv=-40.9 pk=-39.2 c0=5.1 c1=7.9 kw=7.75 inf=3.05 iv=1.15 n=2 d=0 sk=0 hf=98144 hm=97256 ht=283428 pf=0 pm=0 pt=0 ru=233404 rp=234292
17:58:06.667 @T t=240650 s=0.000 lv=-38.0 pk=-35.3 c0=4.2 c1=10.9 kw=10.65 inf=2.60 iv=1.14 n=4 d=0 sk=0 hf=98144 hm=97256 ht=283428 pf=0 pm=0 pt=0 ru=233404 rp=234292
17:58:06.667 @T t=240755 s=0.000 lv=-40.0 pk=-39.0 c0=3.5 c1=9.8 kw=9.65 inf=2.36 iv=1.15 n=4 d=0 sk=0 hf=98144 hm=97256 ht=283428 pf=0 pm=0 pt=0 ru=233404 rp=234292
17:58:06.667 @T t=240841 s=0.000 lv=-40.9 pk=-40.1 c0=5.2 c1=8.3 kw=8.05 inf=3.17 iv=1.21 n=2 d=0 sk=0 hf=98144 hm=97256 ht=283428 pf=0 pm=0 pt=0 ru=233404 rp=234292
17:58:06.667 @T t=240947 s=0.000 lv=-40.2 pk=-38.7 c0=4.1 c1=11.3 kw=11.05 inf=2.71 iv=1.24 n=4 d=0 sk=0 hf=98144 hm=97256 ht=283428 pf=0 pm=0 pt=0 ru=233404 rp=234292
17:58:06.667 @T t=241053 s=0.000 lv=-40.8 pk=-39.4 c0=3.4 c1=9.6 kw=9.37 inf=2.31 iv=1.12 n=4 d=0 sk=0 hf=98144 hm=97256 ht=283428 pf=0 pm=0 pt=0 ru=233404 rp=234292
17:58:06.667 @T t=241139 s=0.000 lv=-39.5 pk=-38.1 c0=4.0 c1=8.0 kw=7.80 inf=3.07 iv=1.16 n=2 d=0 sk=0 hf=98144 hm=97256 ht=283428 pf=0 pm=0 pt=0 ru=233404 rp=234292
17:58:06.667 @I ww=marvin cut=0.50 win=5 cool=1000 tick=100 wifi=0 srv=0 li=0 ln=0
17:58:06.667 @T t=241251 s=0.000 lv=-40.0 pk=-38.8 c0=4.3 c1=9.5 kw=9.78 inf=2.54 iv=1.11 n=4 d=0 sk=0 hf=98144 hm=97256 ht=283428 pf=0 pm=0 pt=0 ru=233404 rp=234292
17:58:06.667 [status] up 241s | mic -36.9 dBFS (peak -26.9) | score max 0.00 | detections 0 | inferences 333 (33.3/s; model 1.19 ms each, paused in quiet 0%; features 1.45 ms per 30 ms) | CPU core0  5.0% core1  9.8% (wake word pipeline 9.50% of one core) | RAM used 227 KB (peak 228 KB, 95 KB free) | wifi --, server -- | audio lost since boot: i2s 0 net 0
17:58:06.667 @T t=241339 s=0.000 lv=-41.3 pk=-40.1 c0=13.2 c1=11.4 kw=9.65 inf=2.62 iv=1.30 n=3 d=0 sk=0 hf=98144 hm=97256 ht=283428 pf=0 pm=0 pt=0 ru=233404 rp=234292
17:58:06.667 @T t=241445 s=0.000 lv=-39.5 pk=-35.4 c0=6.6 c1=8.9 kw=8.48 inf=2.72 iv=1.13 n=3 d=0 sk=0 hf=98144 hm=97256 ht=283428 pf=0 pm=0 pt=0 ru=233404 rp=234292
17:58:06.667 @T t=241551 s=0.000 lv=-38.9 pk=-38.3 c0=3.3 c1=10.5 kw=10.47 inf=2.60 iv=1.16 n=4 d=0 sk=0 hf=98144 hm=97256 ht=283428 pf=0 pm=0 pt=0 ru=233404 rp=234292
17:58:06.667 @T t=241657 s=0.000 lv=-35.7 pk=-34.7 c0=3.8 c1=9.7 kw=9.43 inf=2.32 iv=1.11 n=4 d=0 sk=0 hf=98144 hm=97256 ht=283428 pf=0 pm=0 pt=0 ru=233404 rp=234292
17:58:06.667 @T t=241743 s=0.000 lv=-31.8 pk=-29.8 c0=4.0 c1=8.1 kw=7.88 inf=3.11 iv=1.18 n=2 d=0 sk=0 hf=98144 hm=97256 ht=283428 pf=0 pm=0 pt=0 ru=233404 rp=234292
17:58:06.667 @T t=241852 s=0.000 lv=-32.3 pk=-30.9 c0=3.0 c1=10.3 kw=10.05 inf=2.52 iv=1.09 n=4 d=0 sk=0 hf=98144 hm=97256 ht=283428 pf=0 pm=0 pt=0 ru=233404 rp=234292
17:58:06.667 @T t=241958 s=0.000 lv=-30.7 pk=-30.1 c0=3.3 c1=9.4 kw=9.24 inf=2.27 iv=1.08 n=4 d=0 sk=0 hf=98144 hm=97256 ht=283428 pf=0 pm=0 pt=0 ru=233404 rp=234292
17:58:06.667 @T t=242044 s=0.000 lv=-29.8 pk=-29.0 c0=6.8 c1=8.5 kw=8.13 inf=3.20 iv=1.23 n=2 d=0 sk=0 hf=98144 hm=97256 ht=283428 pf=0 pm=0 pt=0 ru=233404 rp=234292
17:58:06.667 @T t=242152 s=0.000 lv=-31.3 pk=-30.8 c0=9.1 c1=11.0 kw=10.72 inf=2.68 iv=1.20 n=4 d=0 sk=0 hf=98144 hm=97256 ht=283428 pf=0 pm=0 pt=0 ru=233404 rp=234292
17:58:06.667 @I ww=marvin cut=0.50 win=5 cool=1000 tick=100 wifi=0 srv=0 li=0 ln=0
17:58:09.157 @T t=242243 s=0.000 lv=-32.7 pk=-32.5 c0=5.7 c1=9.3 kw=9.05 inf=2.55 iv=1.24 n=3 d=0 sk=0 hf=98144 hm=97256 ht=283428 pf=0 pm=0 pt=0 ru=233404 rp=234292
17:58:09.158 @T t=242349 s=0.000 lv=-34.4 pk=-32.6 c0=4.8 c1=12.3 kw=11.29 inf=2.77 iv=1.29 n=4 d=0 sk=0 hf=98144 hm=97256 ht=283428 pf=0 pm=0 pt=0 ru=233404 rp=234292
17:58:09.158 @T t=242458 s=0.000 lv=-40.8 pk=-37.4 c0=3.9 c1=8.2 kw=8.08 inf=2.70 iv=1.13 n=3 d=0 sk=0 hf=98144 hm=97256 ht=283428 pf=0 pm=0 pt=0 ru=233404 rp=234292
17:58:09.158 @T t=242544 s=0.000 lv=-42.2 pk=-40.3 c0=4.1 c1=9.4 kw=9.21 inf=2.45 iv=1.17 n=3 d=0 sk=0 hf=98144 hm=97256 ht=283428 pf=0 pm=0 pt=0 ru=233404 rp=234292
17:58:09.158 @T t=242653 s=0.000 lv=-40.5 pk=-39.1 c0=9.7 c1=11.0 kw=10.69 inf=2.69 iv=1.21 n=4 d=0 sk=0 hf=98144 hm=97256 ht=283428 pf=0 pm=0 pt=0 ru=233404 rp=234292
17:58:09.158 @T t=242739 s=0.000 lv=-33.2 pk=-32.5 c0=5.2 c1=10.0 kw=9.79 inf=2.61 iv=1.28 n=3 d=0 sk=0 hf=98144 hm=97256 ht=283428 pf=0 pm=0 pt=0 ru=233404 rp=234292
17:58:09.158 @T t=242845 s=0.000 lv=-32.0 pk=-29.8 c0=4.2 c1=9.3 kw=8.90 inf=2.86 iv=1.23 n=3 d=0 sk=0 hf=98144 hm=97256 ht=283428 pf=0 pm=0 pt=0 ru=233404 rp=234292
17:58:09.158 @T t=242954 s=0.000 lv=-31.8 pk=-28.0 c0=4.2 c1=11.1 kw=11.00 inf=2.82 iv=1.36 n=4 d=0 sk=0 hf=98144 hm=97256 ht=283428 pf=0 pm=0 pt=0 ru=233404 rp=234292
17:58:09.158 @T t=243040 s=0.000 lv=-31.0 pk=-28.9 c0=4.2 c1=9.5 kw=9.35 inf=2.49 iv=1.19 n=3 d=0 sk=0 hf=98144 hm=97256 ht=283428 pf=0 pm=0 pt=0 ru=233404 rp=234292
17:58:09.158 @T t=243146 s=0.000 lv=-30.4 pk=-28.5 c0=4.2 c1=10.0 kw=8.64 inf=2.76 iv=1.14 n=3 d=0 sk=0 hf=98144 hm=97256 ht=283428 pf=0 pm=0 pt=0 ru=233404 rp=234292
17:58:09.158 @I ww=marvin cut=0.50 win=5 cool=1000 tick=100 wifi=0 srv=0 li=0 ln=0
17:58:09.158 @T t=243257 s=0.000 lv=-37.0 pk=-35.2 c0=4.8 c1=9.5 kw=9.86 inf=2.56 iv=1.12 n=4 d=0 sk=0 hf=98144 hm=97256 ht=283428 pf=0 pm=0 pt=0 ru=233404 rp=234292
17:58:09.158 @T t=243343 s=0.000 lv=-38.5 pk=-37.4 c0=5.3 c1=11.2 kw=10.01 inf=2.67 iv=1.34 n=3 d=0 sk=0 hf=98144 hm=97256 ht=283428 pf=0 pm=0 pt=0 ru=233404 rp=234292
17:58:09.158 @T t=243452 s=0.000 lv=-38.9 pk=-37.4 c0=8.8 c1=10.2 kw=10.03 inf=2.52 iv=1.10 n=4 d=0 sk=0 hf=98144 hm=97256 ht=283428 pf=0 pm=0 pt=0 ru=233404 rp=234292
17:58:09.158 @T t=243558 s=0.000 lv=-37.7 pk=-36.0 c0=6.5 c1=8.5 kw=8.34 inf=2.71 iv=1.14 n=3 d=0 sk=0 hf=98144 hm=97256 ht=283428 pf=0 pm=0 pt=0 ru=233404 rp=234292
17:58:09.158 @T t=243644 s=0.000 lv=-33.0 pk=-31.6 c0=8.0 c1=9.2 kw=9.04 inf=2.40 iv=1.12 n=3 d=0 sk=0 hf=98144 hm=97256 ht=283428 pf=0 pm=0 pt=0 ru=233404 rp=234292
17:58:09.158 @T t=243753 s=0.000 lv=-36.1 pk=-33.0 c0=9.1 c1=10.4 kw=10.15 inf=2.54 iv=1.10 n=4 d=0 sk=0 hf=98144 hm=97256 ht=283428 pf=0 pm=0 pt=0 ru=233404 rp=234292
17:58:09.158 @T t=243839 s=0.000 lv=-40.3 pk=-39.7 c0=4.1 c1=7.9 kw=7.77 inf=3.06 iv=1.16 n=2 d=0 sk=0 hf=98144 hm=97256 ht=283428 pf=0 pm=0 pt=0 ru=233404 rp=234292
17:58:09.158 @T t=243945 s=0.000 lv=-34.7 pk=-33.9 c0=3.5 c1=9.9 kw=9.54 inf=2.32 iv=1.12 n=4 d=0 sk=0 hf=98164 hm=97256 ht=283428 pf=0 pm=0 pt=0 ru=233384 rp=234292
17:58:09.158 @T t=244051 s=0.000 lv=-37.5 pk=-36.0 c0=3.8 c1=11.0 kw=10.48 inf=2.60 iv=1.15 n=4 d=0 sk=0 hf=98164 hm=97256 ht=283428 pf=0 pm=0 pt=0 ru=233384 rp=234292
17:58:09.158 @T t=244157 s=0.000 lv=-38.5 pk=-37.8 c0=3.3 c1=8.4 kw=8.27 inf=2.69 iv=1.12 n=3 d=0 sk=0 hf=98164 hm=97256 ht=283428 pf=0 pm=0 pt=0 ru=233384 rp=234292
17:58:09.158 @I ww=marvin cut=0.50 win=5 cool=1000 tick=100 wifi=0 srv=0 li=0 ln=0
17:58:09.158 @T t=244249 s=0.000 lv=-38.4 pk=-37.2 c0=4.6 c1=9.8 kw=9.60 inf=2.71 iv=1.12 n=3 d=0 sk=0 hf=98164 hm=97256 ht=283428 pf=0 pm=0 pt=0 ru=233384 rp=234292
17:58:09.158 @T t=244355 s=0.000 lv=-37.7 pk=-37.0 c0=6.4 c1=10.8 kw=9.79 inf=2.41 iv=1.19 n=4 d=0 sk=0 hf=98164 hm=97256 ht=283428 pf=0 pm=0 pt=0 ru=233384 rp=234292
17:58:09.158 W (244762) wifi: cannot connect (reason 201). Check the name/password in menuconfig; the ESP32 needs a 2.4 GHz network (201 = network not found, 15/204 = wrong password)
17:58:09.158 @T t=244441 s=0.000 lv=-34.3 pk=-32.4 c0=9.3 c1=9.1 kw=8.71 inf=3.44 iv=1.42 n=2 d=0 sk=0 hf=98144 hm=97256 ht=283428 pf=0 pm=0 pt=0 ru=233404 rp=234292
17:58:09.158 @T t=244548 s=0.000 lv=-38.9 pk=-37.5 c0=4.8 c1=11.1 kw=10.85 inf=2.69 iv=1.22 n=4 d=0 sk=0 hf=98144 hm=97256 ht=283428 pf=0 pm=0 pt=0 ru=233404 rp=234292
17:58:09.158 @T t=244654 s=0.000 lv=-39.9 pk=-38.2 c0=4.2 c1=9.9 kw=9.68 inf=2.38 iv=1.17 n=4 d=0 sk=0 hf=98144 hm=97256 ht=283428 pf=0 pm=0 pt=0 ru=233404 rp=234292
17:58:11.657 @T t=244740 s=0.000 lv=-34.8 pk=-30.9 c0=4.1 c1=8.1 kw=7.98 inf=3.15 iv=1.23 n=2 d=0 sk=0 hf=98144 hm=97256 ht=283428 pf=0 pm=0 pt=0 ru=233404 rp=234292
17:58:11.657 @T t=244846 s=0.000 lv=-32.6 pk=-31.1 c0=4.2 c1=11.1 kw=10.81 inf=2.65 iv=1.17 n=4 d=0 sk=0 hf=98144 hm=97256 ht=283428 pf=0 pm=0 pt=0 ru=233404 rp=234292
17:58:11.657 @T t=244952 s=0.000 lv=-35.1 pk=-32.3 c0=4.3 c1=9.9 kw=9.67 inf=2.38 iv=1.17 n=4 d=0 sk=0 hf=98144 hm=97256 ht=283428 pf=0 pm=0 pt=0 ru=233404 rp=234292
17:58:11.657 @T t=245058 s=0.000 lv=-36.4 pk=-34.1 c0=4.1 c1=8.9 kw=8.72 inf=2.84 iv=1.23 n=3 d=0 sk=0 hf=98144 hm=97256 ht=283428 pf=0 pm=0 pt=0 ru=233404 rp=234292
17:58:11.657 @T t=245144 s=0.000 lv=-37.7 pk=-36.7 c0=5.1 c1=9.9 kw=9.63 inf=2.56 iv=1.24 n=3 d=0 sk=0 hf=98144 hm=97256 ht=283428 pf=0 pm=0 pt=0 ru=233404 rp=234292
17:58:11.657 @I ww=marvin cut=0.50 win=5 cool=1000 tick=100 wifi=0 srv=0 li=0 ln=0
17:58:11.657 @T t=245239 s=0.000 lv=-37.0 pk=-33.7 c0=5.4 c1=9.7 kw=9.48 inf=2.76 iv=1.12 n=3 d=0 sk=0 hf=98144 hm=97256 ht=283428 pf=0 pm=0 pt=0 ru=233404 rp=234292
17:58:11.657 @T t=245345 s=0.000 lv=-35.9 pk=-34.1 c0=3.9 c1=10.3 kw=9.18 inf=2.96 iv=1.30 n=3 d=0 sk=0 hf=98144 hm=97256 ht=283428 pf=0 pm=0 pt=0 ru=233404 rp=234292
17:58:11.657 @T t=245451 s=0.000 lv=-39.1 pk=-35.5 c0=4.4 c1=10.8 kw=10.75 inf=2.67 iv=1.22 n=4 d=0 sk=0 hf=98144 hm=97256 ht=283428 pf=0 pm=0 pt=0 ru=233404 rp=234292
17:58:11.657 @T t=245557 s=0.000 lv=-38.6 pk=-36.2 c0=4.2 c1=9.8 kw=9.63 inf=2.37 iv=1.17 n=4 d=0 sk=0 hf=98144 hm=97256 ht=283428 pf=0 pm=0 pt=0 ru=233404 rp=234292
17:58:11.657 @T t=245643 s=0.000 lv=-36.1 pk=-34.2 c0=5.1 c1=8.7 kw=8.50 inf=3.36 iv=1.39 n=2 d=0 sk=0 hf=98144 hm=97256 ht=283428 pf=0 pm=0 pt=0 ru=233404 rp=234292
17:58:11.657 @T t=245749 s=0.000 lv=-40.0 pk=-37.7 c0=6.6 c1=11.1 kw=10.83 inf=2.65 iv=1.20 n=4 d=0 sk=0 hf=98144 hm=97256 ht=283428 pf=0 pm=0 pt=0 ru=233404 rp=234292
17:58:11.657 @T t=245855 s=0.000 lv=-36.9 pk=-35.8 c0=3.5 c1=9.7 kw=9.55 inf=2.35 iv=1.15 n=4 d=0 sk=0 hf=98144 hm=97256 ht=283428 pf=0 pm=0 pt=0 ru=233404 rp=234292
17:58:11.657 @T t=245941 s=0.000 lv=-41.7 pk=-39.9 c0=8.0 c1=8.1 kw=7.92 inf=3.12 iv=1.22 n=2 d=0 sk=0 hf=98144 hm=97256 ht=283428 pf=0 pm=0 pt=0 ru=233404 rp=234292
17:58:11.657 @T t=246047 s=0.000 lv=-41.0 pk=-39.5 c0=3.4 c1=10.5 kw=10.27 inf=2.51 iv=1.10 n=4 d=0 sk=0 hf=98144 hm=97256 ht=283428 pf=0 pm=0 pt=0 ru=233404 rp=234292
17:58:11.657 @T t=246153 s=0.000 lv=-42.5 pk=-41.3 c0=4.1 c1=9.6 kw=9.36 inf=2.30 iv=1.11 n=4 d=0 sk=0 hf=98144 hm=97256 ht=283428 pf=0 pm=0 pt=0 ru=233404 rp=234292
17:58:11.657 @I ww=marvin cut=0.50 win=5 cool=1000 tick=100 wifi=0 srv=0 li=0 ln=0
17:58:11.657 @T t=246247 s=0.000 lv=-41.0 pk=-39.5 c0=4.6 c1=9.5 kw=9.32 inf=2.69 iv=1.12 n=3 d=0 sk=0 hf=98144 hm=97256 ht=283428 pf=0 pm=0 pt=0 ru=233404 rp=234292
17:58:11.657 @T t=246353 s=0.000 lv=-36.8 pk=-33.9 c0=3.7 c1=9.9 kw=8.98 inf=2.93 iv=1.30 n=3 d=0 sk=0 hf=98144 hm=97256 ht=283428 pf=0 pm=0 pt=0 ru=233404 rp=234292
17:58:11.657 @T t=246439 s=0.000 lv=-37.7 pk=-36.5 c0=4.8 c1=9.5 kw=9.26 inf=2.46 iv=1.17 n=3 d=0 sk=0 hf=98144 hm=97256 ht=283428 pf=0 pm=0 pt=0 ru=233404 rp=234292
17:58:11.657 @T t=246545 s=0.000 lv=-32.5 pk=-29.9 c0=3.4 c1=9.0 kw=8.65 inf=2.78 iv=1.17 n=3 d=0 sk=0 hf=98144 hm=97256 ht=283428 pf=0 pm=0 pt=0 ru=233404 rp=234292
17:58:11.657 @T t=246651 s=0.000 lv=-33.9 pk=-29.3 c0=3.3 c1=10.4 kw=10.44 inf=2.59 iv=1.16 n=4 d=0 sk=0 hf=98144 hm=97256 ht=283428 pf=0 pm=0 pt=0 ru=233404 rp=234292
17:58:11.657 @T t=246757 s=0.000 lv=-39.8 pk=-38.5 c0=3.3 c1=9.3 kw=9.15 inf=2.25 iv=1.07 n=4 d=0 sk=0 hf=98144 hm=97256 ht=283428 pf=0 pm=0 pt=0 ru=233404 rp=234292
17:58:11.657 @T t=246843 s=0.000 lv=-40.5 pk=-39.0 c0=6.1 c1=8.9 kw=8.51 inf=3.37 iv=1.40 n=2 d=0 sk=0 hf=98144 hm=97256 ht=283428 pf=0 pm=0 pt=0 ru=233404 rp=234292
17:58:11.657 @T t=246952 s=0.000 lv=-34.2 pk=-31.6 c0=10.2 c1=11.0 kw=10.70 inf=2.69 iv=1.22 n=4 d=0 sk=0 hf=98144 hm=97256 ht=283428 pf=0 pm=0 pt=0 ru=233404 rp=234292
17:58:11.657 @T t=247038 s=0.000 lv=-32.3 pk=-31.5 c0=4.9 c1=8.6 kw=9.00 inf=2.41 iv=1.13 n=3 d=0 sk=0 hf=98144 hm=97256 ht=283428 pf=0 pm=0 pt=0 ru=233404 rp=234292
17:58:11.657 @T t=247144 s=0.000 lv=-39.1 pk=-37.4 c0=5.4 c1=9.1 kw=8.46 inf=2.74 iv=1.15 n=3 d=0 sk=0 hf=98144 hm=97256 ht=283428 pf=0 pm=0 pt=0 ru=233404 rp=234292
17:58:11.657 @I ww=marvin cut=0.50 win=5 cool=1000 tick=100 wifi=0 srv=0 li=0 ln=0
17:58:14.181 @T t=247239 s=0.000 lv=-37.0 pk=-36.2 c0=16.8 c1=11.2 kw=10.96 inf=2.42 iv=1.19 n=4 d=0 sk=0 hf=98144 hm=97256 ht=283428 pf=0 pm=0 pt=0 ru=233404 rp=234292
17:58:14.181 @T t=247345 s=0.000 lv=-37.5 pk=-34.2 c0=4.7 c1=10.8 kw=9.62 inf=3.11 iv=1.44 n=3 d=0 sk=0 hf=98144 hm=97256 ht=283428 pf=0 pm=0 pt=0 ru=233404 rp=234292
17:58:14.181 @T t=247454 s=0.002 lv=-40.1 pk=-36.9 c0=9.8 c1=11.1 kw=11.07 inf=2.84 iv=1.38 n=4 d=0 sk=0 hf=98144 hm=97256 ht=283428 pf=0 pm=0 pt=0 ru=233404 rp=234292
17:58:14.181 @T t=247543 s=0.004 lv=-39.0 pk=-37.7 c0=4.8 c1=9.8 kw=9.53 inf=2.63 iv=1.32 n=3 d=0 sk=0 hf=98144 hm=97256 ht=283428 pf=0 pm=0 pt=0 ru=233404 rp=234292
17:58:14.181 @T t=247652 s=0.004 lv=-35.8 pk=-35.2 c0=9.6 c1=10.9 kw=10.70 inf=2.70 iv=1.23 n=4 d=0 sk=0 hf=98144 hm=97256 ht=283428 pf=0 pm=0 pt=0 ru=233404 rp=234292
17:58:14.181 @T t=247741 s=0.002 lv=-41.0 pk=-39.1 c0=3.8 c1=7.7 kw=7.55 inf=3.07 iv=1.18 n=2 d=0 sk=0 hf=98144 hm=97256 ht=283428 pf=0 pm=0 pt=0 ru=233404 rp=234292
17:58:14.181 @T t=247847 s=0.000 lv=-39.9 pk=-39.1 c0=4.3 c1=11.2 kw=10.94 inf=2.68 iv=1.23 n=4 d=0 sk=0 hf=98144 hm=97256 ht=283428 pf=0 pm=0 pt=0 ru=233404 rp=234292
17:58:14.181 @T t=247953 s=0.000 lv=-39.9 pk=-38.7 c0=4.3 c1=10.1 kw=9.87 inf=2.44 iv=1.21 n=4 d=0 sk=0 hf=98144 hm=97256 ht=283428 pf=0 pm=0 pt=0 ru=233404 rp=234292
17:58:14.181 @T t=248039 s=0.000 lv=-39.7 pk=-39.2 c0=5.2 c1=8.8 kw=8.62 inf=3.41 iv=1.42 n=2 d=0 sk=0 hf=98144 hm=97256 ht=283428 pf=0 pm=0 pt=0 ru=233404 rp=234292
17:58:14.181 @T t=248145 s=0.000 lv=-39.9 pk=-37.6 c0=4.0 c1=10.3 kw=9.91 inf=2.41 iv=1.20 n=4 d=0 sk=0 hf=98144 hm=97256 ht=283428 pf=0 pm=0 pt=0 ru=233404 rp=234292
17:58:14.181 @I ww=marvin cut=0.50 win=5 cool=1000 tick=100 wifi=0 srv=0 li=0 ln=0
17:58:14.181 @T t=248256 s=0.000 lv=-30.7 pk=-26.9 c0=3.9 c1=10.3 kw=9.79 inf=2.54 iv=1.10 n=4 d=0 sk=0 hf=98144 hm=97256 ht=283428 pf=0 pm=0 pt=0 ru=233404 rp=234292
17:58:14.181 @T t=248342 s=0.000 lv=-31.3 pk=-27.5 c0=4.6 c1=9.6 kw=8.50 inf=3.36 iv=1.38 n=2 d=0 sk=0 hf=98144 hm=97256 ht=283428 pf=0 pm=0 pt=0 ru=233404 rp=234292
17:58:14.181 @T t=248448 s=0.000 lv=-31.6 pk=-26.6 c0=3.4 c1=10.6 kw=10.35 inf=2.53 iv=1.09 n=4 d=0 sk=0 hf=98144 hm=97256 ht=283428 pf=0 pm=0 pt=0 ru=233404 rp=234292
17:58:14.181 @T t=248554 s=0.000 lv=-31.5 pk=-26.4 c0=3.8 c1=10.0 kw=9.72 inf=2.39 iv=1.17 n=4 d=0 sk=0 hf=98144 hm=97256 ht=283428 pf=0 pm=0 pt=0 ru=233404 rp=234292
17:58:14.181 @T t=248640 s=0.000 lv=-26.2 pk=-24.9 c0=4.1 c1=8.2 kw=8.01 inf=3.16 iv=1.23 n=2 d=0 sk=0 hf=98144 hm=97256 ht=283428 pf=0 pm=0 pt=0 ru=233404 rp=234292
17:58:14.181 @T t=248746 s=0.000 lv=-34.5 pk=-32.2 c0=6.6 c1=10.8 kw=10.57 inf=2.59 iv=1.15 n=4 d=0 sk=0 hf=98144 hm=97256 ht=283428 pf=0 pm=0 pt=0 ru=233404 rp=234292
17:58:14.181 @T t=248852 s=0.000 lv=-37.8 pk=-36.4 c0=7.1 c1=9.9 kw=9.65 inf=2.38 iv=1.16 n=4 d=0 sk=0 hf=98144 hm=97256 ht=283428 pf=0 pm=0 pt=0 ru=233404 rp=234292
17:58:14.181 @T t=248958 s=0.000 lv=-35.6 pk=-34.7 c0=3.4 c1=8.4 kw=8.27 inf=2.69 iv=1.12 n=3 d=0 sk=0 hf=98144 hm=97256 ht=283428 pf=0 pm=0 pt=0 ru=233404 rp=234292
17:58:14.181 @T t=249044 s=0.000 lv=-41.5 pk=-40.4 c0=4.0 c1=9.2 kw=9.00 inf=2.39 iv=1.11 n=3 d=0 sk=0 hf=98144 hm=97256 ht=283428 pf=0 pm=0 pt=0 ru=233404 rp=234292
17:58:14.181 @T t=249153 s=0.000 lv=-42.2 pk=-41.1 c0=3.0 c1=10.2 kw=9.93 inf=2.49 iv=1.07 n=4 d=0 sk=0 hf=98144 hm=97256 ht=283428 pf=0 pm=0 pt=0 ru=233404 rp=234292
17:58:14.181 @I ww=marvin cut=0.50 win=5 cool=1000 tick=100 wifi=0 srv=0 li=0 ln=0
17:58:14.181 @T t=249245 s=0.000 lv=-39.3 pk=-38.5 c0=7.7 c1=9.2 kw=8.72 inf=3.65 iv=1.65 n=2 d=0 sk=0 hf=98144 hm=97256 ht=283428 pf=0 pm=0 pt=0 ru=233404 rp=234292
17:58:14.182 @T t=249354 s=0.000 lv=-39.6 pk=-39.2 c0=4.7 c1=11.8 kw=11.22 inf=2.87 iv=1.41 n=4 d=0 sk=0 hf=98144 hm=97256 ht=283428 pf=0 pm=0 pt=0 ru=233404 rp=234292
17:58:14.182 @T t=249440 s=0.000 lv=-41.4 pk=-40.9 c0=4.1 c1=9.3 kw=9.09 inf=2.42 iv=1.15 n=3 d=0 sk=0 hf=98144 hm=97256 ht=283428 pf=0 pm=0 pt=0 ru=233404 rp=234292
17:58:14.182 @T t=249546 s=0.000 lv=-34.6 pk=-28.5 c0=4.2 c1=10.2 kw=8.79 inf=2.12 iv=0.91 n=4 d=0 sk=0 hf=98144 hm=97256 ht=283428 pf=0 pm=0 pt=0 ru=233404 rp=234292
17:58:14.182 @T t=249652 s=0.000 lv=-35.0 pk=-29.6 c0=7.4 c1=10.1 kw=10.52 inf=3.48 iv=1.55 n=3 d=0 sk=0 hf=98144 hm=97256 ht=283428 pf=0 pm=0 pt=0 ru=233404 rp=234292
17:58:16.367 @T t=249758 s=0.000 lv=-30.3 pk=-28.4 c0=4.2 c1=9.9 kw=9.72 inf=2.39 iv=1.17 n=4 d=0 sk=0 hf=98144 hm=97256 ht=283428 pf=0 pm=0 pt=0 ru=233404 rp=234292
17:58:16.367 @T t=249844 s=0.000 lv=-39.0 pk=-37.0 c0=5.1 c1=8.2 kw=7.97 inf=3.13 iv=1.19 n=2 d=0 sk=0 hf=98144 hm=97256 ht=283428 pf=0 pm=0 pt=0 ru=233404 rp=234292
17:58:16.367 @T t=249952 s=0.000 lv=-39.4 pk=-37.3 c0=4.3 c1=10.7 kw=10.50 inf=2.62 iv=1.17 n=4 d=0 sk=0 hf=98144 hm=97256 ht=283428 pf=0 pm=0 pt=0 ru=233404 rp=234292
17:58:16.367 @T t=250058 s=0.000 lv=-37.9 pk=-36.0 c0=4.2 c1=9.5 kw=9.33 inf=2.30 iv=1.10 n=4 d=0 sk=0 hf=98144 hm=97256 ht=283428 pf=0 pm=0 pt=0 ru=233404 rp=234292
17:58:16.367 @T t=250144 s=0.000 lv=-32.7 pk=-31.3 c0=4.1 c1=8.1 kw=7.99 inf=3.15 iv=1.22 n=2 d=0 sk=0 hf=98144 hm=97256 ht=283428 pf=0 pm=0 pt=0 ru=233404 rp=234292
17:58:16.367 @I ww=marvin cut=0.50 win=5 cool=1000 tick=100 wifi=0 srv=0 li=0 ln=0
17:58:16.367 @T t=250255 s=0.000 lv=-34.4 pk=-32.1 c0=4.8 c1=10.9 kw=10.62 inf=2.73 iv=1.24 n=4 d=0 sk=0 hf=98144 hm=97256 ht=283428 pf=0 pm=0 pt=0 ru=233404 rp=234292
17:58:16.367 @T t=250341 s=0.000 lv=-39.7 pk=-39.0 c0=5.8 c1=11.2 kw=10.06 inf=2.69 iv=1.32 n=3 d=0 sk=0 hf=98144 hm=97256 ht=283428 pf=0 pm=0 pt=0 ru=233404 rp=234292
17:58:16.367 @T t=250447 s=0.000 lv=-39.8 pk=-39.2 c0=4.2 c1=10.8 kw=10.71 inf=2.63 iv=1.19 n=4 d=0 sk=0 hf=98144 hm=97256 ht=283428 pf=0 pm=0 pt=0 ru=233404 rp=234292
17:58:16.367 @T t=250553 s=0.000 lv=-38.5 pk=-37.8 c0=3.9 c1=8.8 kw=8.47 inf=2.75 iv=1.14 n=3 d=0 sk=0 hf=98144 hm=97256 ht=283428 pf=0 pm=0 pt=0 ru=233404 rp=234292
17:58:16.367 @T t=250639 s=0.000 lv=-39.8 pk=-38.6 c0=7.3 c1=9.5 kw=9.34 inf=2.49 iv=1.20 n=3 d=0 sk=0 hf=98144 hm=97256 ht=283428 pf=0 pm=0 pt=0 ru=233404 rp=234292
17:58:16.367 @T t=250745 s=0.000 lv=-39.1 pk=-37.1 c0=3.3 c1=9.0 kw=8.64 inf=2.77 iv=1.17 n=3 d=0 sk=0 hf=98144 hm=97256 ht=283428 pf=0 pm=0 pt=0 ru=233404 rp=234292
17:58:16.367 @T t=250851 s=0.000 lv=-38.3 pk=-37.4 c0=3.3 c1=10.7 kw=10.73 inf=2.67 iv=1.23 n=4 d=0 sk=0 hf=98144 hm=97256 ht=283428 pf=0 pm=0 pt=0 ru=233404 rp=234292
17:58:16.367 @T t=250957 s=0.000 lv=-37.4 pk=-35.3 c0=3.9 c1=9.9 kw=9.67 inf=2.38 iv=1.17 n=4 d=0 sk=0 hf=98144 hm=97256 ht=283428 pf=0 pm=0 pt=0 ru=233404 rp=234292
17:58:16.367 @T t=251043 s=0.000 lv=-41.4 pk=-40.2 c0=4.1 c1=8.1 kw=7.96 inf=3.14 iv=1.23 n=2 d=0 sk=0 hf=98144 hm=97256 ht=283428 pf=0 pm=0 pt=0 ru=233404 rp=234292
17:58:16.367 @T t=251149 s=0.000 lv=-35.5 pk=-34.0 c0=3.3 c1=10.7 kw=10.48 inf=2.56 iv=1.12 n=4 d=0 sk=0 hf=98144 hm=97256 ht=283428 pf=0 pm=0 pt=0 ru=233404 rp=234292
17:58:16.367 @I ww=marvin cut=0.50 win=5 cool=1000 tick=100 wifi=0 srv=0 li=0 ln=0
17:58:16.367 @T t=251241 s=0.000 lv=-38.5 pk=-38.1 c0=4.8 c1=8.9 kw=8.74 inf=2.49 iv=1.19 n=3 d=0 sk=0 hf=98144 hm=97256 ht=283428 pf=0 pm=0 pt=0 ru=233404 rp=234292
17:58:16.367 [status] up 251s | mic -35.2 dBFS (peak -24.9) | score max 0.00 | detections 0 | inferences 333 (33.3/s; model 1.19 ms each, paused in quiet 0%; features 1.45 ms per 30 ms) | CPU core0  5.2% core1  9.8% (wake word pipeline 9.53% of one core) | RAM used 227 KB (peak 228 KB, 95 KB free) | wifi --, server -- | audio lost since boot: i2s 0 net 0
17:58:16.367 [stacks] unused bytes: main=1936 IDLE1=720 IDLE0=728 websocket_task=1460 audio_kws=1248 tiT=2452 ipc1=536 streamer=2952 sys_evt=428 wifi=4056 esp_timer=3136 ipc0=528 Tmr Svc=1368
17:58:16.367 @T t=251365 s=0.000 lv=-39.6 pk=-38.7 c0=38.2 c1=10.1 kw=9.69 inf=2.75 iv=1.27 n=4 d=0 sk=0 hf=98144 hm=97256 ht=283428 pf=0 pm=0 pt=0 ru=233404 rp=234292
17:58:16.367 @T t=251454 s=0.000 lv=-38.3 pk=-37.6 c0=3.8 c1=10.2 kw=10.21 inf=2.84 iv=1.25 n=3 d=0 sk=0 hf=98144 hm=97256 ht=283428 pf=0 pm=0 pt=0 ru=233404 rp=234292
17:58:16.367 @T t=251540 s=0.000 lv=-40.4 pk=-39.7 c0=4.0 c1=9.2 kw=8.96 inf=2.38 iv=1.11 n=3 d=0 sk=0 hf=98144 hm=97256 ht=283428 pf=0 pm=0 pt=0 ru=233404 rp=234292
17:58:16.367 @T t=251646 s=0.000 lv=-37.3 pk=-34.6 c0=5.0 c1=10.2 kw=8.65 inf=2.77 iv=1.13 n=3 d=0 sk=0 hf=98144 hm=97256 ht=283428 pf=0 pm=0 pt=0 ru=233404 rp=234292
17:58:16.368 @T t=251752 s=0.000 lv=-38.2 pk=-36.1 c0=4.8 c1=10.2 kw=11.11 inf=2.76 iv=1.23 n=4 d=0 sk=0 hf=98144 hm=97256 ht=283428 pf=0 pm=0 pt=0 ru=233404 rp=234292
17:58:16.368 @T t=251858 s=0.000 lv=-38.8 pk=-37.5 c0=4.2 c1=9.5 kw=9.34 inf=2.30 iv=1.11 n=4 d=0 sk=0 hf=98144 hm=97256 ht=283428 pf=0 pm=0 pt=0 ru=233404 rp=234292
17:58:18.877 @T t=251944 s=0.000 lv=-36.5 pk=-34.5 c0=4.2 c1=8.1 kw=7.97 inf=3.14 iv=1.21 n=2 d=0 sk=0 hf=98144 hm=97256 ht=283428 pf=0 pm=0 pt=0 ru=233404 rp=234292
17:58:18.877 @T t=252050 s=0.000 lv=-40.0 pk=-38.1 c0=4.2 c1=11.0 kw=10.73 inf=2.63 iv=1.17 n=4 d=0 sk=0 hf=98144 hm=97256 ht=283428 pf=0 pm=0 pt=0 ru=233404 rp=234292
17:58:18.877 @T t=252156 s=0.000 lv=-40.2 pk=-38.4 c0=4.2 c1=9.9 kw=9.67 inf=2.38 iv=1.17 n=4 d=0 sk=0 hf=98144 hm=97256 ht=283428 pf=0 pm=0 pt=0 ru=233404 rp=234292
17:58:18.878 @I ww=marvin cut=0.50 win=5 cool=1000 tick=100 wifi=0 srv=0 li=0 ln=0
17:58:18.878 @T t=252247 s=0.000 lv=-38.9 pk=-37.4 c0=5.7 c1=10.3 kw=10.16 inf=2.85 iv=1.23 n=3 d=0 sk=0 hf=98144 hm=97256 ht=283428 pf=0 pm=0 pt=0 ru=233404 rp=234292
17:58:18.878 @T t=252353 s=0.000 lv=-37.2 pk=-35.2 c0=4.7 c1=10.0 kw=8.97 inf=2.92 iv=1.27 n=3 d=0 sk=0 hf=98144 hm=97256 ht=283428 pf=0 pm=0 pt=0 ru=233404 rp=234292
17:58:18.878 @T t=252439 s=0.000 lv=-38.5 pk=-35.9 c0=4.1 c1=9.3 kw=9.13 inf=2.43 iv=1.15 n=3 d=0 sk=0 hf=98144 hm=97256 ht=283428 pf=0 pm=0 pt=0 ru=233404 rp=234292
17:58:18.878 @T t=252545 s=0.000 lv=-40.5 pk=-39.0 c0=4.1 c1=9.1 kw=8.70 inf=2.79 iv=1.21 n=3 d=0 sk=0 hf=98144 hm=97256 ht=283428 pf=0 pm=0 pt=0 ru=233404 rp=234292
17:58:18.878 @T t=252654 s=0.000 lv=-35.7 pk=-35.3 c0=9.7 c1=10.8 kw=10.80 inf=2.76 iv=1.30 n=4 d=0 sk=0 hf=98144 hm=97256 ht=283428 pf=0 pm=0 pt=0 ru=233404 rp=234292
17:58:18.878 @T t=252740 s=0.000 lv=-37.3 pk=-36.1 c0=5.1 c1=9.8 kw=9.52 inf=2.54 iv=1.23 n=3 d=0 sk=0 hf=98144 hm=97256 ht=283428 pf=0 pm=0 pt=0 ru=233404 rp=234292
17:58:18.878 @T t=252846 s=0.000 lv=-41.8 pk=-38.7 c0=4.2 c1=10.0 kw=8.60 inf=2.07 iv=0.86 n=4 d=0 sk=0 hf=98144 hm=97256 ht=283428 pf=0 pm=0 pt=0 ru=233404 rp=234292
17:58:18.878 @T t=252952 s=0.000 lv=-42.9 pk=-42.1 c0=4.1 c1=9.9 kw=10.86 inf=3.60 iv=1.59 n=3 d=0 sk=0 hf=98144 hm=97256 ht=283428 pf=0 pm=0 pt=0 ru=233404 rp=234292
17:58:18.878 @T t=253058 s=0.000 lv=-39.4 pk=-35.4 c0=3.3 c1=9.5 kw=9.32 inf=2.29 iv=1.10 n=4 d=0 sk=0 hf=98144 hm=97256 ht=283428 pf=0 pm=0 pt=0 ru=233404 rp=234292
17:58:18.878 @T t=253144 s=0.000 lv=-34.5 pk=-33.6 c0=4.0 c1=8.0 kw=7.82 inf=3.08 iv=1.15 n=2 d=0 sk=0 hf=98144 hm=97256 ht=283428 pf=0 pm=0 pt=0 ru=233404 rp=234292
17:58:18.878 @I ww=marvin cut=0.50 win=5 cool=1000 tick=100 wifi=0 srv=0 li=0 ln=0
17:58:18.878 @T t=253255 s=0.000 lv=-39.6 pk=-37.7 c0=3.9 c1=10.2 kw=9.95 inf=2.55 iv=1.10 n=4 d=0 sk=0 hf=98144 hm=97256 ht=283428 pf=0 pm=0 pt=0 ru=233404 rp=234292
17:58:18.878 @T t=253341 s=0.000 lv=-38.7 pk=-36.6 c0=8.4 c1=11.0 kw=9.79 inf=2.61 iv=1.29 n=3 d=0 sk=0 hf=98144 hm=97256 ht=283428 pf=0 pm=0 pt=0 ru=233404 rp=234292
17:58:18.878 @T t=253447 s=0.000 lv=-42.9 pk=-41.3 c0=3.4 c1=10.5 kw=10.26 inf=2.51 iv=1.10 n=4 d=0 sk=0 hf=98144 hm=97256 ht=283428 pf=0 pm=0 pt=0 ru=233404 rp=234292
17:58:18.878 @T t=253553 s=0.000 lv=-40.2 pk=-38.5 c0=3.3 c1=8.5 kw=8.32 inf=2.70 iv=1.12 n=3 d=0 sk=0 hf=98144 hm=97256 ht=283428 pf=0 pm=0 pt=0 ru=233404 rp=234292
17:58:18.878 @T t=253639 s=0.000 lv=-42.2 pk=-40.6 c0=8.1 c1=9.5 kw=9.31 inf=2.48 iv=1.19 n=3 d=0 sk=0 hf=98144 hm=97256 ht=283428 pf=0 pm=0 pt=0 ru=233404 rp=234292
17:58:18.878 @T t=253745 s=0.000 lv=-41.0 pk=-40.0 c0=7.0 c1=9.3 kw=8.89 inf=2.86 iv=1.25 n=3 d=0 sk=0 hf=98144 hm=97256 ht=283428 pf=0 pm=0 pt=0 ru=233404 rp=234292
17:58:18.878 @T t=253851 s=0.000 lv=-40.0 pk=-38.3 c0=3.5 c1=10.8 kw=10.79 inf=2.68 iv=1.25 n=4 d=0 sk=0 hf=98144 hm=97256 ht=283428 pf=0 pm=0 pt=0 ru=233404 rp=234292
17:58:18.878 @T t=253957 s=0.000 lv=-32.3 pk=-30.3 c0=3.4 c1=9.7 kw=9.53 inf=2.35 iv=1.13 n=4 d=0 sk=0 hf=98144 hm=97256 ht=283428 pf=0 pm=0 pt=0 ru=233404 rp=234292
17:58:18.878 @T t=254043 s=0.000 lv=-39.4 pk=-39.2 c0=10.2 c1=8.6 kw=8.18 inf=3.21 iv=1.20 n=2 d=0 sk=0 hf=98144 hm=97256 ht=283428 pf=0 pm=0 pt=0 ru=233404 rp=234292
17:58:18.878 @T t=254149 s=0.000 lv=-39.7 pk=-38.3 c0=7.5 c1=11.0 kw=10.69 inf=2.62 iv=1.15 n=4 d=0 sk=0 hf=98144 hm=97256 ht=283428 pf=0 pm=0 pt=0 ru=233404 rp=234292
17:58:18.878 @I ww=marvin cut=0.50 win=5 cool=1000 tick=100 wifi=0 srv=0 li=0 ln=0
17:58:18.878 @T t=254240 s=0.000 lv=-38.4 pk=-36.6 c0=4.8 c1=9.0 kw=8.78 inf=2.47 iv=1.19 n=3 d=0 sk=0 hf=98144 hm=97256 ht=283428 pf=0 pm=0 pt=0 ru=233404 rp=234292
17:58:18.878 @T t=254346 s=0.000 lv=-38.0 pk=-35.1 c0=4.7 c1=11.1 kw=8.98 inf=2.88 iv=1.23 n=3 d=0 sk=0 hf=98144 hm=97256 ht=283428 pf=0 pm=0 pt=0 ru=233404 rp=234292
17:58:21.471 @T t=254452 s=0.000 lv=-40.2 pk=-36.6 c0=4.2 c1=10.4 kw=11.33 inf=2.82 iv=1.29 n=4 d=0 sk=0 hf=98144 hm=97256 ht=283428 pf=0 pm=0 pt=0 ru=233404 rp=234292
17:58:21.471 @T t=254558 s=0.000 lv=-33.6 pk=-30.1 c0=4.2 c1=9.9 kw=9.72 inf=2.39 iv=1.17 n=4 d=0 sk=0 hf=98144 hm=97256 ht=283428 pf=0 pm=0 pt=0 ru=233404 rp=234292
17:58:21.471 @T t=254644 s=0.000 lv=-42.0 pk=-41.4 c0=5.1 c1=8.0 kw=7.77 inf=3.06 iv=1.16 n=2 d=0 sk=0 hf=98144 hm=97256 ht=283428 pf=0 pm=0 pt=0 ru=233404 rp=234292
17:58:21.471 @T t=254750 s=0.000 lv=-38.9 pk=-36.1 c0=4.3 c1=10.8 kw=10.49 inf=2.56 iv=1.12 n=4 d=0 sk=0 hf=98144 hm=97256 ht=283428 pf=0 pm=0 pt=0 ru=233404 rp=234292
17:58:21.471 @T t=254856 s=0.000 lv=-40.6 pk=-39.3 c0=3.5 c1=9.4 kw=9.28 inf=2.28 iv=1.10 n=4 d=0 sk=0 hf=98144 hm=97256 ht=283428 pf=0 pm=0 pt=0 ru=233404 rp=234292
17:58:21.471 @T t=254942 s=0.000 lv=-40.9 pk=-38.1 c0=5.0 c1=8.4 kw=8.18 inf=3.22 iv=1.26 n=2 d=0 sk=0 hf=98144 hm=97256 ht=283428 pf=0 pm=0 pt=0 ru=233404 rp=234292
17:58:21.471 @T t=255048 s=0.000 lv=-39.3 pk=-35.7 c0=4.3 c1=11.3 kw=11.03 inf=2.70 iv=1.24 n=4 d=0 sk=0 hf=98144 hm=97256 ht=283428 pf=0 pm=0 pt=0 ru=233404 rp=234292
17:58:21.471 @T t=255154 s=0.000 lv=-37.1 pk=-35.8 c0=4.2 c1=10.1 kw=9.90 inf=2.44 iv=1.21 n=4 d=0 sk=0 hf=98144 hm=97256 ht=283428 pf=0 pm=0 pt=0 ru=233404 rp=234292
17:58:21.471 @I ww=marvin cut=0.50 win=5 cool=1000 tick=100 wifi=0 srv=0 li=0 ln=0
17:58:21.471 @T t=255245 s=0.000 lv=-37.9 pk=-36.7 c0=5.8 c1=8.1 kw=7.63 inf=3.11 iv=1.18 n=2 d=0 sk=0 hf=98144 hm=97256 ht=283428 pf=0 pm=0 pt=0 ru=233404 rp=234292
17:58:21.471 @T t=255354 s=0.000 lv=-32.4 pk=-30.5 c0=4.3 c1=12.1 kw=11.37 inf=2.92 iv=1.44 n=4 d=0 sk=0 hf=98144 hm=97256 ht=283428 pf=0 pm=0 pt=0 ru=233404 rp=234292
17:58:21.471 @T t=255440 s=0.000 lv=-33.9 pk=-31.8 c0=4.1 c1=9.3 kw=9.16 inf=2.43 iv=1.15 n=3 d=0 sk=0 hf=98144 hm=97256 ht=283428 pf=0 pm=0 pt=0 ru=233404 rp=234292
17:58:21.471 @T t=255546 s=0.000 lv=-40.1 pk=-37.7 c0=3.3 c1=9.8 kw=8.46 inf=2.03 iv=0.85 n=4 d=0 sk=0 hf=98144 hm=97256 ht=283428 pf=0 pm=0 pt=0 ru=233404 rp=234292
17:58:21.471 @T t=255652 s=0.000 lv=-38.4 pk=-36.8 c0=3.2 c1=9.6 kw=10.09 inf=3.33 iv=1.43 n=3 d=0 sk=0 hf=98144 hm=97256 ht=283428 pf=0 pm=0 pt=0 ru=233404 rp=234292
17:58:21.471 @T t=255758 s=0.000 lv=-40.3 pk=-38.4 c0=3.7 c1=9.6 kw=9.33 inf=2.29 iv=1.10 n=4 d=0 sk=0 hf=98144 hm=97256 ht=283428 pf=0 pm=0 pt=0 ru=233404 rp=234292
17:58:21.471 @T t=255844 s=0.000 lv=-38.9 pk=-37.3 c0=4.1 c1=8.1 kw=7.92 inf=3.12 iv=1.20 n=2 d=0 sk=0 hf=98144 hm=97256 ht=283428 pf=0 pm=0 pt=0 ru=233404 rp=234292
17:58:21.471 @T t=255953 s=0.000 lv=-36.8 pk=-35.7 c0=8.7 c1=10.3 kw=10.06 inf=2.53 iv=1.09 n=4 d=0 sk=0 hf=98144 hm=97256 ht=283428 pf=0 pm=0 pt=0 ru=233404 rp=234292
17:58:21.471 @T t=256039 s=0.000 lv=-39.2 pk=-38.7 c0=4.1 c1=9.2 kw=9.00 inf=2.39 iv=1.12 n=3 d=0 sk=0 hf=98144 hm=97256 ht=283428 pf=0 pm=0 pt=0 ru=233404 rp=234292
17:58:21.471 @T t=256145 s=0.000 lv=-41.6 pk=-40.7 c0=7.0 c1=9.0 kw=8.60 inf=2.76 iv=1.17 n=3 d=0 sk=0 hf=98144 hm=97256 ht=283428 pf=0 pm=0 pt=0 ru=233404 rp=234292
17:58:21.471 @I ww=marvin cut=0.50 win=5 cool=1000 tick=100 wifi=0 srv=0 li=0 ln=0
17:58:21.471 @T t=256257 s=0.000 lv=-38.9 pk=-37.3 c0=4.0 c1=10.1 kw=10.10 inf=2.65 iv=1.22 n=4 d=0 sk=0 hf=98144 hm=97256 ht=283428 pf=0 pm=0 pt=0 ru=233404 rp=234292
17:58:21.471 @T t=256343 s=0.000 lv=-39.6 pk=-39.0 c0=4.7 c1=10.8 kw=9.62 inf=2.57 iv=1.25 n=3 d=0 sk=0 hf=98144 hm=97256 ht=283428 pf=0 pm=0 pt=0 ru=233404 rp=234292
17:58:21.471 @T t=256452 s=0.000 lv=-39.2 pk=-37.9 c0=10.4 c1=11.1 kw=10.70 inf=2.69 iv=1.22 n=4 d=0 sk=0 hf=98144 hm=97256 ht=283428 pf=0 pm=0 pt=0 ru=233404 rp=234292
17:58:21.471 @T t=256558 s=0.000 lv=-39.3 pk=-38.0 c0=4.6 c1=8.6 kw=8.45 inf=2.75 iv=1.15 n=3 d=0 sk=0 hf=98144 hm=97256 ht=283428 pf=0 pm=0 pt=0 ru=233404 rp=234292
17:58:21.471 @T t=256644 s=0.000 lv=-35.1 pk=-33.6 c0=7.4 c1=9.4 kw=9.21 inf=2.45 iv=1.15 n=3 d=0 sk=0 hf=98144 hm=97256 ht=283428 pf=0 pm=0 pt=0 ru=233404 rp=234292
17:58:21.471 @T t=256750 s=0.000 lv=-36.4 pk=-33.8 c0=6.8 c1=11.0 kw=10.77 inf=2.63 iv=1.15 n=4 d=0 sk=0 hf=98144 hm=97256 ht=283428 pf=0 pm=0 pt=0 ru=233404 rp=234292
17:58:21.471 @T t=256856 s=0.000 lv=-40.1 pk=-39.0 c0=4.3 c1=9.1 kw=8.89 inf=2.90 iv=1.28 n=3 d=0 sk=0 hf=98144 hm=97256 ht=283428 pf=0 pm=0 pt=0 ru=233404 rp=234292
17:58:21.471 @T t=256942 s=0.001 lv=-39.9 pk=-38.9 c0=5.1 c1=10.0 kw=9.80 inf=2.62 iv=1.30 n=3 d=0 sk=0 hf=98144 hm=97256 ht=283428 pf=0 pm=0 pt=0 ru=233404 rp=234292
17:58:23.970 @T t=257048 s=0.004 lv=-40.2 pk=-38.8 c0=4.3 c1=11.3 kw=11.06 inf=2.71 iv=1.25 n=4 d=0 sk=0 hf=98144 hm=97256 ht=283428 pf=0 pm=0 pt=0 ru=233404 rp=234292
17:58:23.971 @T t=257157 s=0.010 lv=-36.5 pk=-32.8 c0=3.9 c1=8.6 kw=8.26 inf=2.77 iv=1.17 n=3 d=0 sk=0 hf=98144 hm=97256 ht=283428 pf=0 pm=0 pt=0 ru=233404 rp=234292
17:58:23.971 @I ww=marvin cut=0.50 win=5 cool=1000 tick=100 wifi=0 srv=0 li=0 ln=0
17:58:23.971 @T t=257248 s=0.013 lv=-36.6 pk=-34.7 c0=5.0 c1=11.4 kw=11.28 inf=2.38 iv=1.17 n=4 d=0 sk=0 hf=98144 hm=97256 ht=283428 pf=0 pm=0 pt=0 ru=233404 rp=234292
17:58:23.971 @T t=257354 s=0.004 lv=-34.7 pk=-33.1 c0=4.7 c1=10.2 kw=9.21 inf=3.01 iv=1.34 n=3 d=0 sk=0 hf=98144 hm=97256 ht=283428 pf=0 pm=0 pt=0 ru=233404 rp=234292
17:58:23.971 @T t=257440 s=0.000 lv=-39.8 pk=-38.7 c0=5.3 c1=10.1 kw=9.84 inf=2.62 iv=1.31 n=3 d=0 sk=0 hf=98144 hm=97256 ht=283428 pf=0 pm=0 pt=0 ru=233404 rp=234292
17:58:23.971 @T t=257546 s=0.000 lv=-40.6 pk=-39.1 c0=4.2 c1=10.4 kw=9.06 inf=2.92 iv=1.30 n=3 d=0 sk=0 hf=98144 hm=97256 ht=283428 pf=0 pm=0 pt=0 ru=233404 rp=234292
17:58:23.971 @T t=257651 s=0.000 lv=-42.6 pk=-41.8 c0=4.1 c1=10.4 kw=10.85 inf=2.67 iv=1.24 n=4 d=0 sk=0 hf=98144 hm=97256 ht=283428 pf=0 pm=0 pt=0 ru=233404 rp=234292
17:58:23.971 @T t=257740 s=0.000 lv=-39.9 pk=-38.8 c0=4.0 c1=9.2 kw=9.04 inf=2.49 iv=1.20 n=3 d=0 sk=0 hf=98144 hm=97256 ht=283428 pf=0 pm=0 pt=0 ru=233404 rp=234292
17:58:23.971 @T t=257846 s=0.000 lv=-40.5 pk=-38.3 c0=3.8 c1=9.9 kw=8.55 inf=2.74 iv=1.14 n=3 d=0 sk=0 hf=98144 hm=97256 ht=283428 pf=0 pm=0 pt=0 ru=233404 rp=234292
17:58:23.971 @T t=257952 s=0.000 lv=-41.9 pk=-40.3 c0=3.4 c1=9.6 kw=10.04 inf=2.49 iv=1.08 n=4 d=0 sk=0 hf=98144 hm=97256 ht=283428 pf=0 pm=0 pt=0 ru=233404 rp=234292
17:58:23.971 @T t=258058 s=0.000 lv=-37.8 pk=-36.9 c0=3.3 c1=8.5 kw=8.27 inf=2.69 iv=1.11 n=3 d=0 sk=0 hf=98144 hm=97256 ht=283428 pf=0 pm=0 pt=0 ru=233404 rp=234292
17:58:23.971 @T t=258144 s=0.000 lv=-39.5 pk=-37.7 c0=4.6 c1=9.6 kw=9.33 inf=2.48 iv=1.18 n=3 d=0 sk=0 hf=98144 hm=97256 ht=283428 pf=0 pm=0 pt=0 ru=233404 rp=234292
17:58:23.971 @I ww=marvin cut=0.50 win=5 cool=1000 tick=100 wifi=0 srv=0 li=0 ln=0
17:58:23.971 @T t=258239 s=0.000 lv=-39.7 pk=-37.7 c0=15.9 c1=9.7 kw=9.54 inf=2.77 iv=1.15 n=3 d=0 sk=0 hf=98144 hm=97256 ht=283428 pf=0 pm=0 pt=0 ru=233404 rp=234292
17:58:23.971 @T t=258345 s=0.000 lv=-40.9 pk=-40.4 c0=3.8 c1=11.1 kw=9.92 inf=2.41 iv=1.20 n=4 d=0 sk=0 hf=98144 hm=97256 ht=283428 pf=0 pm=0 pt=0 ru=233404 rp=234292
17:58:23.971 @T t=258451 s=0.000 lv=-40.0 pk=-37.3 c0=3.4 c1=10.7 kw=10.20 inf=2.53 iv=1.10 n=4 d=0 sk=0 hf=98144 hm=97256 ht=283428 pf=0 pm=0 pt=0 ru=233404 rp=234292
17:58:23.971 @T t=258557 s=0.000 lv=-38.9 pk=-38.1 c0=7.0 c1=8.6 kw=8.44 inf=2.74 iv=1.13 n=3 d=0 sk=0 hf=98144 hm=97256 ht=283428 pf=0 pm=0 pt=0 ru=233404 rp=234292
17:58:23.971 @T t=258643 s=0.000 lv=-40.3 pk=-39.5 c0=4.0 c1=9.1 kw=8.96 inf=2.38 iv=1.11 n=3 d=0 sk=0 hf=98144 hm=97256 ht=283428 pf=0 pm=0 pt=0 ru=233404 rp=234292
17:58:23.971 @T t=258752 s=0.000 lv=-39.9 pk=-36.9 c0=8.6 c1=10.1 kw=9.89 inf=2.48 iv=1.07 n=4 d=0 sk=0 hf=98144 hm=97256 ht=283428 pf=0 pm=0 pt=0 ru=233404 rp=234292
17:58:23.971 @T t=258858 s=0.000 lv=-39.4 pk=-38.1 c0=5.1 c1=9.3 kw=8.92 inf=2.91 iv=1.27 n=3 d=0 sk=0 hf=98144 hm=97256 ht=283428 pf=0 pm=0 pt=0 ru=233404 rp=234292
17:58:23.971 @T t=258947 s=0.000 lv=-38.9 pk=-37.8 c0=4.3 c1=9.0 kw=8.86 inf=2.39 iv=1.19 n=2 d=0 sk=1 hf=98144 hm=97256 ht=283428 pf=0 pm=0 pt=0 ru=233404 rp=234292
17:58:23.971 @T t=259053 s=0.000 lv=-40.7 pk=-40.0 c0=4.0 c1=5.2 kw=5.00 inf=1.54 iv=0.00 n=0 d=0 sk=3 hf=98144 hm=97256 ht=283428 pf=0 pm=0 pt=0 ru=233404 rp=234292
17:58:23.971 @T t=259139 s=0.000 lv=-40.2 pk=-39.5 c0=4.8 c1=5.1 kw=4.98 inf=1.86 iv=0.00 n=0 d=0 sk=2 hf=98144 hm=97256 ht=283428 pf=0 pm=0 pt=0 ru=233404 rp=234292
17:58:23.971 @I ww=marvin cut=0.50 win=5 cool=1000 tick=100 wifi=0 srv=0 li=0 ln=0
17:58:23.971 @T t=259251 s=0.000 lv=-41.5 pk=-39.9 c0=4.5 c1=5.8 kw=5.67 inf=1.38 iv=0.00 n=0 d=0 sk=4 hf=98144 hm=97256 ht=283428 pf=0 pm=0 pt=0 ru=233404 rp=234292
17:58:23.971 @T t=259357 s=0.000 lv=-38.7 pk=-37.2 c0=4.6 c1=6.1 kw=5.17 inf=1.59 iv=0.00 n=0 d=0 sk=3 hf=98144 hm=97256 ht=283428 pf=0 pm=0 pt=0 ru=233404 rp=234292
17:58:23.971 @T t=259443 s=0.000 lv=-39.9 pk=-38.6 c0=4.0 c1=5.0 kw=4.87 inf=1.82 iv=0.00 n=0 d=0 sk=2 hf=98144 hm=97256 ht=283428 pf=0 pm=0 pt=0 ru=233404 rp=234292
17:58:26.279 @T t=259548 s=0.000 lv=-42.4 pk=-40.2 c0=3.8 c1=6.3 kw=6.09 inf=1.40 iv=0.00 n=0 d=0 sk=4 hf=98144 hm=97256 ht=283428 pf=0 pm=0 pt=0 ru=233404 rp=234292
17:58:26.279 @T t=259654 s=0.000 lv=-41.6 pk=-40.5 c0=3.8 c1=5.1 kw=4.97 inf=1.53 iv=0.00 n=0 d=0 sk=3 hf=98144 hm=97256 ht=283428 pf=0 pm=0 pt=0 ru=233404 rp=234292
17:58:26.279 @T t=259740 s=0.000 lv=-39.7 pk=-39.0 c0=4.8 c1=5.1 kw=4.97 inf=1.86 iv=0.00 n=0 d=0 sk=2 hf=98144 hm=97256 ht=283428 pf=0 pm=0 pt=0 ru=233404 rp=234292
17:58:26.279 @T t=259846 s=0.000 lv=-40.3 pk=-38.7 c0=3.9 c1=6.2 kw=5.98 inf=1.38 iv=0.00 n=0 d=0 sk=4 hf=98144 hm=97256 ht=283428 pf=0 pm=0 pt=0 ru=233404 rp=234292
17:58:26.279 @T t=259952 s=0.000 lv=-40.6 pk=-39.1 c0=4.1 c1=5.2 kw=5.03 inf=1.55 iv=0.00 n=0 d=0 sk=3 hf=98144 hm=97256 ht=283428 pf=0 pm=0 pt=0 ru=233404 rp=234292
17:58:26.279 @T t=260058 s=0.000 lv=-39.0 pk=-35.0 c0=4.1 c1=14.8 kw=14.56 inf=1.23 iv=1.00 n=10 d=0 sk=2 hf=98144 hm=97256 ht=283428 pf=0 pm=0 pt=0 ru=233404 rp=234292
17:58:26.279 @T t=260144 s=0.000 lv=-35.5 pk=-34.3 c0=4.3 c1=9.3 kw=9.15 inf=2.43 iv=1.14 n=3 d=0 sk=0 hf=98144 hm=97256 ht=283428 pf=0 pm=0 pt=0 ru=233404 rp=234292
17:58:26.279 @I ww=marvin cut=0.50 win=5 cool=1000 tick=100 wifi=0 srv=0 li=0 ln=0
17:58:26.279 @T t=260239 s=0.000 lv=-37.9 pk=-35.3 c0=16.4 c1=9.8 kw=9.59 inf=2.79 iv=1.16 n=3 d=0 sk=0 hf=98144 hm=97256 ht=283428 pf=0 pm=0 pt=0 ru=233404 rp=234292
17:58:26.279 @T t=260345 s=0.000 lv=-41.7 pk=-39.8 c0=3.9 c1=9.7 kw=8.55 inf=2.74 iv=1.14 n=3 d=0 sk=0 hf=98144 hm=97256 ht=283428 pf=0 pm=0 pt=0 ru=233404 rp=234292
17:58:26.279 @T t=260453 s=0.000 lv=-37.4 pk=-34.6 c0=3.2 c1=10.7 kw=10.71 inf=2.72 iv=1.30 n=4 d=0 sk=0 hf=98144 hm=97256 ht=283428 pf=0 pm=0 pt=0 ru=233404 rp=234292
17:58:26.279 @T t=260539 s=0.000 lv=-37.7 pk=-34.9 c0=4.5 c1=9.2 kw=8.99 inf=2.39 iv=1.12 n=3 d=0 sk=0 hf=98144 hm=97256 ht=283428 pf=0 pm=0 pt=0 ru=233404 rp=234292
17:58:26.279 @T t=260645 s=0.000 lv=-38.7 pk=-36.9 c0=3.3 c1=9.1 kw=8.70 inf=2.79 iv=1.20 n=3 d=0 sk=0 hf=98144 hm=97256 ht=283428 pf=0 pm=0 pt=0 ru=233404 rp=234292
17:58:26.279 @T t=260751 s=0.000 lv=-38.6 pk=-36.7 c0=3.3 c1=10.6 kw=10.58 inf=2.63 iv=1.19 n=4 d=0 sk=0 hf=98144 hm=97256 ht=283428 pf=0 pm=0 pt=0 ru=233404 rp=234292
17:58:26.279 @T t=260857 s=0.000 lv=-39.4 pk=-37.1 c0=3.5 c1=9.6 kw=9.34 inf=2.30 iv=1.11 n=4 d=0 sk=0 hf=98144 hm=97256 ht=283428 pf=0 pm=0 pt=0 ru=233404 rp=234292
17:58:26.279 @T t=260943 s=0.000 lv=-39.4 pk=-38.5 c0=4.6 c1=8.3 kw=8.10 inf=3.19 iv=1.25 n=2 d=0 sk=0 hf=98144 hm=97256 ht=283428 pf=0 pm=0 pt=0 ru=233404 rp=234292
17:58:26.279 @T t=261051 s=0.000 lv=-33.8 pk=-32.0 c0=3.1 c1=10.4 kw=10.20 inf=2.54 iv=1.10 n=4 d=0 sk=0 hf=98144 hm=97256 ht=283428 pf=0 pm=0 pt=0 ru=233404 rp=234292
17:58:26.279 @T t=261157 s=0.000 lv=-34.1 pk=-32.9 c0=3.3 c1=9.7 kw=9.48 inf=2.33 iv=1.13 n=4 d=0 sk=0 hf=98144 hm=97256 ht=283428 pf=0 pm=0 pt=0 ru=233404 rp=234292
17:58:26.279 @I ww=marvin cut=0.50 win=5 cool=1000 tick=100 wifi=0 srv=0 li=0 ln=0
17:58:26.279 @T t=261250 s=0.000 lv=-37.4 pk=-35.4 c0=4.7 c1=9.9 kw=9.71 inf=2.74 iv=1.16 n=3 d=0 sk=0 hf=97956 hm=97256 ht=283428 pf=0 pm=0 pt=0 ru=233592 rp=234292
17:58:26.279 [status] up 261s | mic -38.3 dBFS (peak -30.1) | score max 0.01 | detections 0 | inferences 306 (30.6/s; model 1.18 ms each, paused in quiet 10%; features 1.42 ms per 30 ms) | CPU core0  5.3% core1  9.4% (wake word pipeline 9.14% of one core) | RAM used 227 KB (peak 228 KB, 95 KB free) | wifi --, server -- | audio lost since boot: i2s 0 net 0
17:58:26.279 @T t=261360 s=0.001 lv=-39.0 pk=-35.8 c0=13.9 c1=10.0 kw=8.95 inf=3.06 iv=1.40 n=3 d=0 sk=0 hf=98144 hm=97256 ht=283428 pf=0 pm=0 pt=0 ru=233404 rp=234292
17:58:26.279 @T t=261446 s=0.001 lv=-35.0 pk=-34.1 c0=5.5 c1=11.7 kw=10.03 inf=2.64 iv=1.31 n=3 d=0 sk=0 hf=98144 hm=97256 ht=283428 pf=0 pm=0 pt=0 ru=233404 rp=234292
17:58:26.279 @T t=261555 s=0.000 lv=-39.4 pk=-38.7 c0=3.9 c1=10.1 kw=10.52 inf=2.69 iv=1.24 n=4 d=0 sk=0 hf=98144 hm=97256 ht=283428 pf=0 pm=0 pt=0 ru=233404 rp=234292
17:58:26.279 @T t=261641 s=0.000 lv=-40.5 pk=-39.5 c0=5.2 c1=9.9 kw=9.64 inf=2.57 iv=1.27 n=3 d=0 sk=0 hf=98144 hm=97256 ht=283428 pf=0 pm=0 pt=0 ru=233404 rp=234292
17:58:26.279 @T t=261747 s=0.000 lv=-41.9 pk=-40.0 c0=4.1 c1=10.6 kw=10.58 inf=2.59 iv=1.16 n=4 d=0 sk=0 hf=98144 hm=97256 ht=283428 pf=0 pm=0 pt=0 ru=233404 rp=234292
17:58:28.778 @T t=261853 s=0.000 lv=-41.4 pk=-40.3 c0=3.4 c1=8.7 kw=8.19 inf=2.66 iv=1.10 n=3 d=0 sk=0 hf=98144 hm=97256 ht=283428 pf=0 pm=0 pt=0 ru=233404 rp=234292
17:58:28.778 @T t=261939 s=0.000 lv=-39.3 pk=-37.6 c0=7.9 c1=9.2 kw=9.16 inf=2.43 iv=1.15 n=3 d=0 sk=0 hf=98144 hm=97256 ht=283428 pf=0 pm=0 pt=0 ru=233404 rp=234292
17:58:28.778 @T t=262045 s=0.000 lv=-40.4 pk=-38.0 c0=4.1 c1=9.2 kw=8.83 inf=2.83 iv=1.23 n=3 d=0 sk=0 hf=98144 hm=97256 ht=283428 pf=0 pm=0 pt=0 ru=233404 rp=234292
17:58:28.778 @T t=262151 s=0.000 lv=-40.2 pk=-39.0 c0=4.3 c1=11.0 kw=10.97 inf=2.73 iv=1.29 n=4 d=0 sk=0 hf=98144 hm=97256 ht=283428 pf=0 pm=0 pt=0 ru=233404 rp=234292
17:58:28.778 @I ww=marvin cut=0.50 win=5 cool=1000 tick=100 wifi=0 srv=0 li=0 ln=0
17:58:28.778 @T t=262242 s=0.000 lv=-43.5 pk=-42.1 c0=5.7 c1=9.3 kw=9.05 inf=2.55 iv=1.24 n=3 d=0 sk=0 hf=98144 hm=97256 ht=283428 pf=0 pm=0 pt=0 ru=233404 rp=234292
17:58:28.778 @T t=262348 s=0.000 lv=-41.0 pk=-40.5 c0=4.8 c1=12.2 kw=11.16 inf=2.74 iv=1.27 n=4 d=0 sk=0 hf=98144 hm=97256 ht=283428 pf=0 pm=0 pt=0 ru=233404 rp=234292
17:58:28.778 @T t=262458 s=0.000 lv=-38.0 pk=-33.7 c0=3.7 c1=7.9 kw=8.09 inf=2.71 iv=1.12 n=3 d=0 sk=0 hf=98144 hm=97256 ht=283428 pf=0 pm=0 pt=0 ru=233404 rp=234292
17:58:28.778 @T t=262543 s=0.000 lv=-34.8 pk=-33.2 c0=6.9 c1=9.9 kw=9.28 inf=2.47 iv=1.18 n=3 d=0 sk=0 hf=98144 hm=97256 ht=283428 pf=0 pm=0 pt=0 ru=233404 rp=234292
17:58:28.778 @T t=262649 s=0.000 lv=-34.6 pk=-33.6 c0=3.8 c1=10.7 kw=10.50 inf=2.56 iv=1.12 n=4 d=0 sk=0 hf=98144 hm=97256 ht=283428 pf=0 pm=0 pt=0 ru=233404 rp=234292
17:58:28.778 @T t=262755 s=0.000 lv=-39.2 pk=-38.7 c0=3.3 c1=8.5 kw=8.30 inf=2.70 iv=1.13 n=3 d=0 sk=0 hf=98144 hm=97256 ht=283428 pf=0 pm=0 pt=0 ru=233404 rp=234292
17:58:28.778 @T t=262841 s=0.000 lv=-40.2 pk=-38.9 c0=4.0 c1=9.2 kw=8.96 inf=2.38 iv=1.11 n=3 d=0 sk=0 hf=98144 hm=97256 ht=283428 pf=0 pm=0 pt=0 ru=233404 rp=234292
17:58:28.778 @T t=262947 s=0.000 lv=-39.9 pk=-37.3 c0=3.8 c1=10.6 kw=10.42 inf=2.55 iv=1.12 n=4 d=0 sk=0 hf=98144 hm=97256 ht=283428 pf=0 pm=0 pt=0 ru=233404 rp=234292
17:58:28.778 @T t=263053 s=0.001 lv=-37.1 pk=-35.7 c0=3.3 c1=8.8 kw=8.57 inf=2.80 iv=1.18 n=3 d=0 sk=0 hf=98144 hm=97256 ht=283428 pf=0 pm=0 pt=0 ru=233404 rp=234292
17:58:28.778 @T t=263139 s=0.002 lv=-40.2 pk=-39.4 c0=4.0 c1=9.4 kw=9.19 inf=2.44 iv=1.17 n=3 d=0 sk=0 hf=98144 hm=97256 ht=283428 pf=0 pm=0 pt=0 ru=233404 rp=234292
17:58:28.778 @I ww=marvin cut=0.50 win=5 cool=1000 tick=100 wifi=0 srv=0 li=0 ln=0
17:58:28.778 @T t=263251 s=0.002 lv=-41.2 pk=-38.8 c0=11.2 c1=10.2 kw=9.87 inf=2.55 iv=1.13 n=4 d=0 sk=0 hf=98144 hm=97256 ht=283428 pf=0 pm=0 pt=0 ru=233404 rp=234292
17:58:28.778 @T t=263340 s=0.000 lv=-40.9 pk=-38.9 c0=4.9 c1=9.0 kw=8.04 inf=3.28 iv=1.30 n=2 d=0 sk=0 hf=98144 hm=97256 ht=283428 pf=0 pm=0 pt=0 ru=233404 rp=234292
17:58:28.778 @T t=263446 s=0.000 lv=-40.3 pk=-38.5 c0=3.4 c1=10.7 kw=10.54 inf=2.58 iv=1.15 n=4 d=0 sk=0 hf=98144 hm=97256 ht=283428 pf=0 pm=0 pt=0 ru=233404 rp=234292
17:58:28.778 @T t=263552 s=0.000 lv=-37.8 pk=-36.2 c0=3.3 c1=9.6 kw=9.44 inf=2.33 iv=1.13 n=4 d=0 sk=0 hf=98144 hm=97256 ht=283428 pf=0 pm=0 pt=0 ru=233404 rp=234292
17:58:28.778 @T t=263658 s=0.000 lv=-37.1 pk=-35.7 c0=3.3 c1=8.6 kw=8.37 inf=2.73 iv=1.15 n=3 d=0 sk=0 hf=98144 hm=97256 ht=283428 pf=0 pm=0 pt=0 ru=233404 rp=234292
17:58:28.778 @T t=263745 s=0.000 lv=-35.8 pk=-33.9 c0=6.2 c1=9.9 kw=9.28 inf=2.45 iv=1.16 n=3 d=0 sk=0 hf=98144 hm=97256 ht=283428 pf=0 pm=0 pt=0 ru=233404 rp=234292
17:58:28.778 @T t=263851 s=0.000 lv=-39.3 pk=-35.2 c0=4.6 c1=11.1 kw=10.60 inf=2.63 iv=1.17 n=4 d=0 sk=0 hf=98144 hm=97256 ht=283428 pf=0 pm=0 pt=0 ru=233404 rp=234292
17:58:28.778 @T t=263957 s=0.000 lv=-39.1 pk=-36.9 c0=4.3 c1=8.9 kw=8.72 inf=2.84 iv=1.23 n=3 d=0 sk=0 hf=98144 hm=97256 ht=283428 pf=0 pm=0 pt=0 ru=233404 rp=234292
17:58:28.778 @T t=264043 s=0.000 lv=-38.5 pk=-37.0 c0=5.1 c1=10.0 kw=9.75 inf=2.60 iv=1.29 n=3 d=0 sk=0 hf=98144 hm=97256 ht=283428 pf=0 pm=0 pt=0 ru=233404 rp=234292
17:58:28.778 @T t=264152 s=0.000 lv=-39.5 pk=-37.2 c0=4.0 c1=10.9 kw=10.66 inf=2.69 iv=1.23 n=4 d=0 sk=0 hf=98144 hm=97256 ht=283428 pf=0 pm=0 pt=0 ru=233404 rp=234292
17:58:28.778 @I ww=marvin cut=0.50 win=5 cool=1000 tick=100 wifi=0 srv=0 li=0 ln=0
17:58:28.778 @T t=264247 s=0.000 lv=-38.5 pk=-37.7 c0=4.4 c1=9.7 kw=9.49 inf=2.77 iv=1.18 n=3 d=0 sk=0 hf=98144 hm=97256 ht=283428 pf=0 pm=0 pt=0 ru=233404 rp=234292
17:58:31.365 @T t=264353 s=0.000 lv=-40.0 pk=-38.9 c0=4.7 c1=10.2 kw=9.20 inf=3.01 iv=1.36 n=3 d=0 sk=0 hf=98144 hm=97256 ht=283428 pf=0 pm=0 pt=0 ru=233404 rp=234292
17:58:31.366 @T t=264439 s=0.000 lv=-41.3 pk=-40.1 c0=5.2 c1=10.1 kw=9.83 inf=2.62 iv=1.31 n=3 d=0 sk=0 hf=98144 hm=97256 ht=283428 pf=0 pm=0 pt=0 ru=233404 rp=234292
17:58:31.366 @T t=264545 s=0.000 lv=-38.3 pk=-36.0 c0=4.3 c1=9.6 kw=9.19 inf=2.95 iv=1.30 n=3 d=0 sk=0 hf=98144 hm=97256 ht=283428 pf=0 pm=0 pt=0 ru=233404 rp=234292
17:58:31.366 @T t=264651 s=0.000 lv=-39.0 pk=-38.1 c0=7.1 c1=11.5 kw=11.50 inf=2.87 iv=1.38 n=4 d=0 sk=0 hf=98144 hm=97256 ht=283428 pf=0 pm=0 pt=0 ru=233404 rp=234292
17:58:31.366 @T t=264757 s=0.000 lv=-40.7 pk=-39.1 c0=4.4 c1=9.9 kw=9.72 inf=2.40 iv=1.20 n=4 d=0 sk=0 hf=98144 hm=97256 ht=283428 pf=0 pm=0 pt=0 ru=233404 rp=234292
17:58:31.366 @T t=264843 s=0.000 lv=-40.4 pk=-39.2 c0=4.1 c1=8.1 kw=7.89 inf=3.11 iv=1.20 n=2 d=0 sk=0 hf=98144 hm=97256 ht=283428 pf=0 pm=0 pt=0 ru=233404 rp=234292
17:58:31.366 @T t=264952 s=0.000 lv=-39.3 pk=-37.2 c0=9.7 c1=10.8 kw=10.51 inf=2.64 iv=1.19 n=4 d=0 sk=0 hf=98144 hm=97256 ht=283428 pf=0 pm=0 pt=0 ru=233404 rp=234292
17:58:31.366 @T t=265058 s=0.000 lv=-38.5 pk=-38.2 c0=3.8 c1=9.7 kw=9.49 inf=2.33 iv=1.14 n=4 d=0 sk=0 hf=98144 hm=97256 ht=283428 pf=0 pm=0 pt=0 ru=233404 rp=234292
17:58:31.366 @T t=265144 s=0.000 lv=-39.4 pk=-38.9 c0=7.4 c1=8.2 kw=8.02 inf=3.16 iv=1.25 n=2 d=0 sk=0 hf=98144 hm=97256 ht=283428 pf=0 pm=0 pt=0 ru=233404 rp=234292
17:58:31.366 @I ww=marvin cut=0.50 win=5 cool=1000 tick=100 wifi=0 srv=0 li=0 ln=0
17:58:31.366 @T t=265255 s=0.000 lv=-36.6 pk=-35.2 c0=4.0 c1=10.3 kw=10.05 inf=2.57 iv=1.13 n=4 d=0 sk=0 hf=98144 hm=97256 ht=283428 pf=0 pm=0 pt=0 ru=233404 rp=234292
17:58:31.366 @T t=265341 s=0.000 lv=-40.0 pk=-38.6 c0=4.6 c1=10.9 kw=9.69 inf=2.59 iv=1.28 n=3 d=0 sk=0 hf=98144 hm=97256 ht=283428 pf=0 pm=0 pt=0 ru=233404 rp=234292
17:58:31.366 @T t=265447 s=0.000 lv=-39.8 pk=-38.7 c0=3.9 c1=10.8 kw=10.59 inf=2.60 iv=1.17 n=4 d=0 sk=0 hf=98144 hm=97256 ht=283428 pf=0 pm=0 pt=0 ru=233404 rp=234292
17:58:31.366 @T t=265553 s=0.000 lv=-38.9 pk=-34.9 c0=3.3 c1=8.7 kw=8.49 inf=2.76 iv=1.18 n=3 d=0 sk=0 hf=98144 hm=97256 ht=283428 pf=0 pm=0 pt=0 ru=233404 rp=234292
17:58:31.366 @T t=265639 s=0.000 lv=-38.0 pk=-34.3 c0=8.0 c1=9.4 kw=9.22 inf=2.45 iv=1.17 n=3 d=0 sk=0 hf=98144 hm=97256 ht=283428 pf=0 pm=0 pt=0 ru=233404 rp=234292
17:58:31.366 @T t=265745 s=0.000 lv=-36.1 pk=-34.4 c0=7.1 c1=9.2 kw=8.81 inf=2.83 iv=1.20 n=3 d=0 sk=0 hf=98144 hm=97256 ht=283428 pf=0 pm=0 pt=0 ru=233404 rp=234292
17:58:31.366 @T t=265853 s=0.000 lv=-37.8 pk=-36.6 c0=3.3 c1=10.9 kw=10.78 inf=2.74 iv=1.30 n=4 d=0 sk=0 hf=98144 hm=97256 ht=283428 pf=0 pm=0 pt=0 ru=233404 rp=234292
17:58:31.366 @T t=265939 s=0.000 lv=-38.8 pk=-36.2 c0=8.0 c1=9.2 kw=9.18 inf=2.44 iv=1.16 n=3 d=0 sk=0 hf=98144 hm=97256 ht=283428 pf=0 pm=0 pt=0 ru=233404 rp=234292
17:58:31.366 @T t=266045 s=0.000 lv=-37.2 pk=-35.3 c0=3.3 c1=9.0 kw=8.59 inf=2.75 iv=1.16 n=3 d=0 sk=0 hf=98144 hm=97256 ht=283428 pf=0 pm=0 pt=0 ru=233404 rp=234292
17:58:31.366 @T t=266151 s=0.000 lv=-37.1 pk=-33.5 c0=8.2 c1=11.6 kw=11.39 inf=2.83 iv=1.37 n=4 d=0 sk=0 hf=98144 hm=97256 ht=283428 pf=0 pm=0 pt=0 ru=233404 rp=234292
17:58:31.366 @I ww=marvin cut=0.50 win=5 cool=1000 tick=100 wifi=0 srv=0 li=0 ln=0
17:58:31.366 @T t=266242 s=0.000 lv=-36.6 pk=-35.2 c0=5.8 c1=9.6 kw=9.38 inf=2.65 iv=1.32 n=3 d=0 sk=0 hf=98144 hm=97256 ht=283428 pf=0 pm=0 pt=0 ru=233404 rp=234292
17:58:31.366 @T t=266348 s=0.000 lv=-40.1 pk=-39.2 c0=4.7 c1=12.1 kw=11.09 inf=2.72 iv=1.26 n=4 d=0 sk=0 hf=98144 hm=97256 ht=283428 pf=0 pm=0 pt=0 ru=233404 rp=234292
17:58:31.366 @T t=266454 s=0.000 lv=-40.0 pk=-38.6 c0=4.2 c1=8.6 kw=8.39 inf=2.72 iv=1.11 n=3 d=0 sk=0 hf=98144 hm=97256 ht=283428 pf=0 pm=0 pt=0 ru=233404 rp=234292
17:58:31.366 @T t=266540 s=0.000 lv=-40.1 pk=-39.1 c0=4.0 c1=9.3 kw=9.08 inf=2.42 iv=1.15 n=3 d=0 sk=0 hf=98144 hm=97256 ht=283428 pf=0 pm=0 pt=0 ru=233404 rp=234292
17:58:31.366 @T t=266646 s=0.000 lv=-36.8 pk=-35.8 c0=4.2 c1=10.3 kw=8.92 inf=2.15 iv=0.96 n=4 d=0 sk=0 hf=98144 hm=97256 ht=283428 pf=0 pm=0 pt=0 ru=233404 rp=234292
17:58:31.366 @T t=266751 s=0.000 lv=-38.6 pk=-37.2 c0=4.1 c1=10.3 kw=10.75 inf=3.52 iv=1.60 n=3 d=0 sk=0 hf=98144 hm=97256 ht=283428 pf=0 pm=0 pt=0 ru=233404 rp=234292
17:58:31.366 @T t=266857 s=0.000 lv=-38.4 pk=-37.5 c0=4.3 c1=9.9 kw=9.65 inf=2.38 iv=1.17 n=4 d=0 sk=0 hf=98144 hm=97256 ht=283428 pf=0 pm=0 pt=0 ru=233404 rp=234292
17:58:33.778 @T t=266943 s=0.000 lv=-40.3 pk=-39.2 c0=5.1 c1=8.1 kw=7.92 inf=3.11 iv=1.17 n=2 d=0 sk=0 hf=98144 hm=97256 ht=283428 pf=0 pm=0 pt=0 ru=233404 rp=234292
17:58:33.778 @T t=267052 s=0.000 lv=-38.6 pk=-36.6 c0=9.5 c1=10.4 kw=10.21 inf=2.57 iv=1.12 n=4 d=0 sk=0 hf=98144 hm=97256 ht=283428 pf=0 pm=0 pt=0 ru=233404 rp=234292
17:58:33.778 @T t=267158 s=0.000 lv=-35.0 pk=-34.1 c0=4.2 c1=9.6 kw=9.36 inf=2.31 iv=1.11 n=4 d=0 sk=0 hf=98144 hm=97256 ht=283428 pf=0 pm=0 pt=0 ru=233404 rp=234292
17:58:33.779 @I ww=marvin cut=0.50 win=5 cool=1000 tick=100 wifi=0 srv=0 li=0 ln=0
17:58:33.779 @T t=267249 s=0.000 lv=-35.6 pk=-32.6 c0=4.8 c1=10.3 kw=10.04 inf=2.81 iv=1.20 n=3 d=0 sk=0 hf=98144 hm=97256 ht=283428 pf=0 pm=0 pt=0 ru=233404 rp=234292
17:58:33.779 @T t=267355 s=0.000 lv=-33.1 pk=-31.3 c0=4.8 c1=10.5 kw=9.52 inf=3.12 iv=1.45 n=3 d=0 sk=0 hf=98144 hm=97256 ht=283428 pf=0 pm=0 pt=0 ru=233404 rp=234292
17:58:33.779 @T t=267441 s=0.000 lv=-38.3 pk=-37.8 c0=4.7 c1=9.8 kw=9.59 inf=2.56 iv=1.24 n=3 d=0 sk=0 hf=98144 hm=97256 ht=283428 pf=0 pm=0 pt=0 ru=233404 rp=234292
17:58:33.779 @T t=267547 s=0.000 lv=-38.1 pk=-35.9 c0=3.3 c1=10.7 kw=10.53 inf=2.58 iv=1.15 n=4 d=0 sk=0 hf=98144 hm=97256 ht=283428 pf=0 pm=0 pt=0 ru=233404 rp=234292
17:58:33.779 @T t=267653 s=0.000 lv=-37.4 pk=-36.2 c0=6.5 c1=8.7 kw=8.47 inf=2.76 iv=1.17 n=3 d=0 sk=0 hf=98144 hm=97256 ht=283428 pf=0 pm=0 pt=0 ru=233404 rp=234292
17:58:33.779 @T t=267739 s=0.002 lv=-35.3 pk=-33.9 c0=4.0 c1=9.4 kw=9.21 inf=2.45 iv=1.16 n=3 d=0 sk=0 hf=98144 hm=97256 ht=283428 pf=0 pm=0 pt=0 ru=233404 rp=234292
17:58:33.779 @T t=267845 s=0.003 lv=-39.8 pk=-37.3 c0=3.8 c1=9.3 kw=8.85 inf=2.84 iv=1.24 n=3 d=0 sk=0 hf=98144 hm=97256 ht=283428 pf=0 pm=0 pt=0 ru=233404 rp=234292
17:58:33.779 @T t=267951 s=0.002 lv=-36.4 pk=-35.0 c0=6.2 c1=10.9 kw=10.90 inf=2.71 iv=1.26 n=4 d=0 sk=0 hf=98144 hm=97256 ht=283428 pf=0 pm=0 pt=0 ru=233404 rp=234292
17:58:33.779 @T t=268057 s=0.000 lv=-38.1 pk=-35.9 c0=3.3 c1=9.6 kw=9.38 inf=2.31 iv=1.11 n=4 d=0 sk=0 hf=98144 hm=97256 ht=283428 pf=0 pm=0 pt=0 ru=233404 rp=234292
17:58:33.779 @T t=268143 s=0.000 lv=-39.0 pk=-38.8 c0=4.7 c1=8.2 kw=7.95 inf=3.13 iv=1.19 n=2 d=0 sk=0 hf=98144 hm=97256 ht=283428 pf=0 pm=0 pt=0 ru=233404 rp=234292
17:58:33.779 @I ww=marvin cut=0.50 win=5 cool=1000 tick=100 wifi=0 srv=0 li=0 ln=0
17:58:33.779 @T t=268258 s=0.000 lv=-39.4 pk=-37.6 c0=3.8 c1=10.1 kw=9.83 inf=2.61 iv=1.17 n=4 d=0 sk=0 hf=98144 hm=97256 ht=283428 pf=0 pm=0 pt=0 ru=233404 rp=234292
17:58:33.779 @T t=268344 s=0.000 lv=-40.6 pk=-39.7 c0=4.9 c1=11.0 kw=9.97 inf=2.67 iv=1.34 n=3 d=0 sk=0 hf=98144 hm=97256 ht=283428 pf=0 pm=0 pt=0 ru=233404 rp=234292
17:58:33.779 @T t=268453 s=0.000 lv=-38.5 pk=-34.2 c0=3.2 c1=10.6 kw=10.39 inf=2.61 iv=1.15 n=4 d=0 sk=0 hf=98144 hm=97256 ht=283428 pf=0 pm=0 pt=0 ru=233404 rp=234292
17:58:33.779 W (268859) wifi: cannot connect (reason 201). Check the name/password in menuconfig; the ESP32 needs a 2.4 GHz network (201 = network not found, 15/204 = wrong password)
17:58:33.779 @T t=268540 s=0.000 lv=-35.3 pk=-33.4 c0=9.6 c1=10.2 kw=9.82 inf=2.65 iv=1.27 n=3 d=0 sk=0 hf=98144 hm=97256 ht=283428 pf=0 pm=0 pt=0 ru=233404 rp=234292
17:58:33.779 @T t=268646 s=0.000 lv=-40.1 pk=-37.4 c0=4.7 c1=10.3 kw=8.96 inf=2.88 iv=1.24 n=3 d=0 sk=0 hf=98144 hm=97256 ht=283428 pf=0 pm=0 pt=0 ru=233404 rp=234292
17:58:33.779 @T t=268752 s=0.000 lv=-38.4 pk=-36.0 c0=4.2 c1=10.1 kw=10.54 inf=2.61 iv=1.17 n=4 d=0 sk=0 hf=98144 hm=97256 ht=283428 pf=0 pm=0 pt=0 ru=233404 rp=234292
17:58:33.779 @T t=268858 s=0.000 lv=-39.7 pk=-37.5 c0=4.3 c1=8.6 kw=8.42 inf=2.74 iv=1.14 n=3 d=0 sk=0 hf=98144 hm=97256 ht=283428 pf=0 pm=0 pt=0 ru=233404 rp=234292
17:58:33.779 @T t=268944 s=0.000 lv=-40.2 pk=-39.0 c0=4.1 c1=9.6 kw=9.44 inf=2.52 iv=1.21 n=3 d=0 sk=0 hf=98144 hm=97256 ht=283428 pf=0 pm=0 pt=0 ru=233404 rp=234292
17:58:33.779 @T t=269053 s=0.000 lv=-40.8 pk=-38.4 c0=9.5 c1=10.9 kw=10.67 inf=2.68 iv=1.22 n=4 d=0 sk=0 hf=98144 hm=97256 ht=283428 pf=0 pm=0 pt=0 ru=233404 rp=234292
17:58:33.779 @T t=269139 s=0.000 lv=-39.5 pk=-38.5 c0=5.3 c1=9.9 kw=9.68 inf=2.58 iv=1.27 n=3 d=0 sk=0 hf=98144 hm=97256 ht=283428 pf=0 pm=0 pt=0 ru=233404 rp=234292
17:58:33.779 @I ww=marvin cut=0.50 win=5 cool=1000 tick=100 wifi=0 srv=0 li=0 ln=0
17:58:33.779 @T t=269250 s=0.000 lv=-40.4 pk=-39.3 c0=4.7 c1=10.5 kw=10.25 inf=2.63 iv=1.18 n=4 d=0 sk=0 hf=98144 hm=97256 ht=283428 pf=0 pm=0 pt=0 ru=233404 rp=234292
17:58:36.061 @T t=269356 s=0.000 lv=-41.2 pk=-39.6 c0=4.7 c1=9.9 kw=8.90 inf=2.90 iv=1.27 n=3 d=0 sk=0 hf=98144 hm=97256 ht=283428 pf=0 pm=0 pt=0 ru=233404 rp=234292
17:58:36.061 @T t=269442 s=0.000 lv=-42.8 pk=-42.2 c0=4.1 c1=9.2 kw=8.99 inf=2.39 iv=1.11 n=3 d=0 sk=0 hf=98144 hm=97256 ht=283428 pf=0 pm=0 pt=0 ru=233404 rp=234292
17:58:36.061 @T t=269548 s=0.000 lv=-39.0 pk=-35.1 c0=4.2 c1=10.8 kw=10.53 inf=2.57 iv=1.12 n=4 d=0 sk=0 hf=98144 hm=97256 ht=283428 pf=0 pm=0 pt=0 ru=233404 rp=234292
17:58:36.061 @T t=269654 s=0.000 lv=-41.7 pk=-41.0 c0=4.2 c1=8.6 kw=8.44 inf=2.74 iv=1.15 n=3 d=0 sk=0 hf=98144 hm=97256 ht=283428 pf=0 pm=0 pt=0 ru=233404 rp=234292
17:58:36.061 @T t=269740 s=0.000 lv=-40.2 pk=-39.2 c0=5.4 c1=9.9 kw=9.69 inf=2.58 iv=1.26 n=3 d=0 sk=0 hf=98144 hm=97256 ht=283428 pf=0 pm=0 pt=0 ru=233404 rp=234292
17:58:36.062 @T t=269846 s=0.000 lv=-40.7 pk=-39.3 c0=3.8 c1=10.0 kw=8.65 inf=2.77 iv=1.17 n=3 d=0 sk=0 hf=98144 hm=97256 ht=283428 pf=0 pm=0 pt=0 ru=233404 rp=234292
17:58:36.062 @T t=269952 s=0.000 lv=-40.7 pk=-40.0 c0=3.4 c1=9.7 kw=10.13 inf=2.51 iv=1.10 n=4 d=0 sk=0 hf=98144 hm=97256 ht=283428 pf=0 pm=0 pt=0 ru=233404 rp=234292
17:58:36.062 @T t=270058 s=0.000 lv=-41.6 pk=-40.1 c0=3.3 c1=8.5 kw=8.29 inf=2.69 iv=1.10 n=3 d=0 sk=0 hf=98144 hm=97256 ht=283428 pf=0 pm=0 pt=0 ru=233404 rp=234292
17:58:36.062 @T t=270144 s=0.000 lv=-42.5 pk=-41.9 c0=4.0 c1=9.2 kw=8.99 inf=2.39 iv=1.11 n=3 d=0 sk=0 hf=98144 hm=97256 ht=283428 pf=0 pm=0 pt=0 ru=233404 rp=234292
17:58:36.062 @I ww=marvin cut=0.50 win=5 cool=1000 tick=100 wifi=0 srv=0 li=0 ln=0
17:58:36.062 @T t=270239 s=0.000 lv=-40.3 pk=-39.5 c0=5.0 c1=10.2 kw=9.95 inf=2.90 iv=1.26 n=3 d=0 sk=0 hf=98144 hm=97256 ht=283428 pf=0 pm=0 pt=0 ru=233404 rp=234292
17:58:36.062 @T t=270345 s=0.000 lv=-40.9 pk=-38.9 c0=4.6 c1=10.3 kw=9.80 inf=2.38 iv=1.18 n=4 d=0 sk=0 hf=98144 hm=97256 ht=283428 pf=0 pm=0 pt=0 ru=233404 rp=234292
17:58:36.062 @T t=270451 s=0.000 lv=-38.8 pk=-38.3 c0=3.3 c1=11.0 kw=10.56 inf=2.62 iv=1.16 n=4 d=0 sk=0 hf=98144 hm=97256 ht=283428 pf=0 pm=0 pt=0 ru=233404 rp=234292
17:58:36.062 @T t=270557 s=0.000 lv=-38.3 pk=-35.4 c0=7.1 c1=9.0 kw=8.73 inf=2.85 iv=1.21 n=3 d=0 sk=0 hf=98144 hm=97256 ht=283428 pf=0 pm=0 pt=0 ru=233404 rp=234292
17:58:36.062 @T t=270643 s=0.000 lv=-41.0 pk=-39.0 c0=4.1 c1=9.3 kw=9.13 inf=2.43 iv=1.14 n=3 d=0 sk=0 hf=98144 hm=97256 ht=283428 pf=0 pm=0 pt=0 ru=233404 rp=234292
17:58:36.062 @T t=270752 s=0.000 lv=-39.9 pk=-38.9 c0=3.0 c1=10.2 kw=9.98 inf=2.50 iv=1.09 n=4 d=0 sk=0 hf=98144 hm=97256 ht=283428 pf=0 pm=0 pt=0 ru=233404 rp=234292
17:58:36.062 @T t=270858 s=0.000 lv=-39.2 pk=-38.7 c0=3.4 c1=8.6 kw=8.45 inf=2.75 iv=1.15 n=3 d=0 sk=0 hf=98144 hm=97256 ht=283428 pf=0 pm=0 pt=0 ru=233404 rp=234292
17:58:36.062 @T t=270944 s=0.000 lv=-41.3 pk=-40.7 c0=6.8 c1=10.2 kw=9.83 inf=2.62 iv=1.30 n=3 d=0 sk=0 hf=98144 hm=97256 ht=283428 pf=0 pm=0 pt=0 ru=233404 rp=234292
17:58:36.062 @T t=271053 s=0.000 lv=-40.8 pk=-40.1 c0=4.0 c1=11.1 kw=10.84 inf=2.73 iv=1.24 n=4 d=0 sk=0 hf=98144 hm=97256 ht=283428 pf=0 pm=0 pt=0 ru=233404 rp=234292
17:58:36.062 @T t=271139 s=0.000 lv=-37.5 pk=-36.1 c0=5.1 c1=8.3 kw=8.08 inf=3.19 iv=1.24 n=2 d=0 sk=0 hf=98144 hm=97256 ht=283428 pf=0 pm=0 pt=0 ru=233404 rp=234292
17:58:36.062 @I ww=marvin cut=0.50 win=5 cool=1000 tick=100 wifi=0 srv=0 li=0 ln=0
17:58:36.062 @T t=271250 s=0.000 lv=-40.5 pk=-38.9 c0=10.8 c1=10.5 kw=10.29 inf=2.64 iv=1.19 n=4 d=0 sk=0 hf=98144 hm=97256 ht=283428 pf=0 pm=0 pt=0 ru=233404 rp=234292
17:58:36.062 [status] up 271s | mic -38.6 dBFS (peak -31.3) | score max 0.00 | detections 0 | inferences 333 (33.3/s; model 1.20 ms each, paused in quiet 0%; features 1.45 ms per 30 ms) | CPU core0  5.0% core1  9.9% (wake word pipeline 9.55% of one core) | RAM used 227 KB (peak 228 KB, 95 KB free) | wifi --, server -- | audio lost since boot: i2s 0 net 0
17:58:36.062 @T t=271378 s=0.000 lv=-42.2 pk=-41.5 c0=10.2 c1=10.2 kw=9.32 inf=2.76 iv=1.29 n=4 d=0 sk=0 hf=98144 hm=97256 ht=283428 pf=0 pm=0 pt=0 ru=233404 rp=234292
17:58:36.062 @T t=271444 s=0.000 lv=-41.1 pk=-40.0 c0=5.5 c1=9.3 kw=9.11 inf=2.78 iv=1.31 n=2 d=0 sk=0 hf=98144 hm=97256 ht=283428 pf=0 pm=0 pt=0 ru=233404 rp=234292
17:58:36.062 @T t=271553 s=0.000 lv=-41.2 pk=-40.3 c0=9.5 c1=11.0 kw=10.75 inf=2.71 iv=1.23 n=4 d=0 sk=0 hf=98144 hm=97256 ht=283428 pf=0 pm=0 pt=0 ru=233404 rp=234292
17:58:38.584 @T t=271639 s=0.000 lv=-40.3 pk=-39.0 c0=5.3 c1=10.3 kw=10.02 inf=2.68 iv=1.34 n=3 d=0 sk=0 hf=98144 hm=97256 ht=283428 pf=0 pm=0 pt=0 ru=233404 rp=234292
17:58:38.585 @T t=271745 s=0.000 lv=-36.6 pk=-35.2 c0=4.3 c1=9.2 kw=8.81 inf=2.83 iv=1.20 n=3 d=0 sk=0 hf=98144 hm=97256 ht=283428 pf=0 pm=0 pt=0 ru=233404 rp=234292
17:58:38.585 @T t=271854 s=0.000 lv=-40.6 pk=-38.7 c0=8.9 c1=10.9 kw=10.95 inf=2.81 iv=1.36 n=4 d=0 sk=0 hf=98144 hm=97256 ht=283428 pf=0 pm=0 pt=0 ru=233404 rp=234292
17:58:38.585 @T t=271941 s=0.000 lv=-40.1 pk=-37.0 c0=5.2 c1=9.3 kw=9.12 inf=2.45 iv=1.17 n=3 d=0 sk=0 hf=98144 hm=97256 ht=283428 pf=0 pm=0 pt=0 ru=233404 rp=234292
17:58:38.585 @T t=272048 s=0.000 lv=-38.5 pk=-36.4 c0=4.2 c1=10.8 kw=10.61 inf=2.62 iv=1.17 n=4 d=0 sk=0 hf=98144 hm=97256 ht=283428 pf=0 pm=0 pt=0 ru=233404 rp=234292
17:58:38.585 @T t=272154 s=0.000 lv=-39.9 pk=-38.7 c0=4.4 c1=9.2 kw=9.02 inf=2.95 iv=1.29 n=3 d=0 sk=0 hf=98144 hm=97256 ht=283428 pf=0 pm=0 pt=0 ru=233404 rp=234292
17:58:38.585 @I ww=marvin cut=0.50 win=5 cool=1000 tick=100 wifi=0 srv=0 li=0 ln=0
17:58:38.585 @T t=272245 s=0.000 lv=-39.2 pk=-37.4 c0=5.7 c1=10.0 kw=9.53 inf=2.65 iv=1.32 n=3 d=0 sk=0 hf=98144 hm=97256 ht=283428 pf=0 pm=0 pt=0 ru=233404 rp=234292
17:58:38.585 @T t=272351 s=0.000 lv=-39.9 pk=-38.0 c0=6.6 c1=12.2 kw=11.42 inf=2.85 iv=1.39 n=4 d=0 sk=0 hf=98144 hm=97256 ht=283428 pf=0 pm=0 pt=0 ru=233404 rp=234292
17:58:38.585 @T t=272457 s=0.000 lv=-39.8 pk=-38.3 c0=3.3 c1=8.5 kw=8.38 inf=2.73 iv=1.15 n=3 d=0 sk=0 hf=98144 hm=97256 ht=283428 pf=0 pm=0 pt=0 ru=233404 rp=234292
17:58:38.585 @T t=272543 s=0.000 lv=-41.3 pk=-40.0 c0=8.0 c1=9.3 kw=9.13 inf=2.43 iv=1.14 n=3 d=0 sk=0 hf=98144 hm=97256 ht=283428 pf=0 pm=0 pt=0 ru=233404 rp=234292
17:58:38.585 @T t=272652 s=0.000 lv=-42.2 pk=-40.0 c0=9.1 c1=10.7 kw=10.47 inf=2.63 iv=1.18 n=4 d=0 sk=0 hf=98144 hm=97256 ht=283428 pf=0 pm=0 pt=0 ru=233404 rp=234292
17:58:38.585 @T t=272758 s=0.000 lv=-40.0 pk=-39.2 c0=3.3 c1=8.6 kw=8.42 inf=2.74 iv=1.15 n=3 d=0 sk=0 hf=98144 hm=97256 ht=283428 pf=0 pm=0 pt=0 ru=233404 rp=234292
17:58:38.585 @T t=272844 s=0.000 lv=-39.1 pk=-38.5 c0=4.0 c1=9.3 kw=9.09 inf=2.41 iv=1.12 n=3 d=0 sk=0 hf=98144 hm=97256 ht=283428 pf=0 pm=0 pt=0 ru=233404 rp=234292
17:58:38.585 @T t=272953 s=0.000 lv=-40.3 pk=-39.0 c0=9.3 c1=10.8 kw=10.53 inf=2.65 iv=1.18 n=4 d=0 sk=0 hf=98144 hm=97256 ht=283428 pf=0 pm=0 pt=0 ru=233404 rp=234292
17:58:38.585 @T t=273039 s=0.000 lv=-41.0 pk=-40.2 c0=4.1 c1=9.2 kw=8.99 inf=2.39 iv=1.12 n=3 d=0 sk=0 hf=98144 hm=97256 ht=283428 pf=0 pm=0 pt=0 ru=233404 rp=234292
17:58:38.585 @T t=273145 s=0.000 lv=-40.8 pk=-39.7 c0=3.2 c1=8.7 kw=8.36 inf=2.67 iv=1.10 n=3 d=0 sk=0 hf=98144 hm=97256 ht=283428 pf=0 pm=0 pt=0 ru=233404 rp=234292
17:58:38.585 @I ww=marvin cut=0.50 win=5 cool=1000 tick=100 wifi=0 srv=0 li=0 ln=0
17:58:38.585 @T t=273240 s=0.000 lv=-40.5 pk=-39.3 c0=4.4 c1=9.6 kw=9.56 inf=2.84 iv=1.26 n=3 d=0 sk=0 hf=98144 hm=97256 ht=283428 pf=0 pm=0 pt=0 ru=233404 rp=234292
17:58:38.585 @T t=273346 s=0.000 lv=-39.6 pk=-37.4 c0=5.6 c1=12.2 kw=11.09 inf=2.72 iv=1.21 n=4 d=0 sk=0 hf=98144 hm=97256 ht=283428 pf=0 pm=0 pt=0 ru=233404 rp=234292
17:58:38.585 @T t=273452 s=0.000 lv=-39.7 pk=-37.7 c0=4.7 c1=5.2 kw=5.07 inf=1.56 iv=0.00 n=0 d=0 sk=3 hf=98144 hm=97256 ht=283428 pf=0 pm=0 pt=0 ru=233404 rp=234292
17:58:38.585 @T t=273558 s=0.000 lv=-40.2 pk=-38.8 c0=4.0 c1=5.2 kw=5.01 inf=1.54 iv=0.00 n=0 d=0 sk=3 hf=98144 hm=97256 ht=283428 pf=0 pm=0 pt=0 ru=233404 rp=234292
17:58:38.585 @T t=273644 s=0.000 lv=-41.5 pk=-39.6 c0=3.9 c1=5.0 kw=4.89 inf=1.83 iv=0.00 n=0 d=0 sk=2 hf=98144 hm=97256 ht=283428 pf=0 pm=0 pt=0 ru=233404 rp=234292
17:58:38.585 @T t=273750 s=0.000 lv=-41.8 pk=-40.5 c0=3.7 c1=6.2 kw=5.97 inf=1.38 iv=0.00 n=0 d=0 sk=4 hf=98144 hm=97256 ht=283428 pf=0 pm=0 pt=0 ru=233404 rp=234292
17:58:38.585 @T t=273856 s=0.000 lv=-42.7 pk=-40.8 c0=4.0 c1=5.2 kw=5.04 inf=1.55 iv=0.00 n=0 d=0 sk=3 hf=98144 hm=97256 ht=283428 pf=0 pm=0 pt=0 ru=233404 rp=234292
17:58:38.585 @T t=273942 s=0.000 lv=-39.5 pk=-38.9 c0=5.2 c1=5.2 kw=5.07 inf=1.90 iv=0.00 n=0 d=0 sk=2 hf=98144 hm=97256 ht=283428 pf=0 pm=0 pt=0 ru=233404 rp=234292
17:58:38.585 @T t=274048 s=0.000 lv=-40.1 pk=-37.5 c0=4.0 c1=6.2 kw=6.01 inf=1.39 iv=0.00 n=0 d=0 sk=4 hf=98144 hm=97256 ht=283428 pf=0 pm=0 pt=0 ru=233404 rp=234292
17:58:38.585 @T t=274154 s=0.000 lv=-41.2 pk=-39.3 c0=4.0 c1=5.1 kw=4.93 inf=1.52 iv=0.00 n=0 d=0 sk=3 hf=98144 hm=97256 ht=283428 pf=0 pm=0 pt=0 ru=233404 rp=234292
17:58:41.176 @I ww=marvin cut=0.50 win=5 cool=1000 tick=100 wifi=0 srv=0 li=0 ln=0
17:58:41.176 @T t=274246 s=0.000 lv=-40.3 pk=-39.0 c0=4.5 c1=5.9 kw=5.76 inf=1.54 iv=0.00 n=0 d=0 sk=3 hf=98144 hm=97256 ht=283428 pf=0 pm=0 pt=0 ru=233404 rp=234292
17:58:41.176 @T t=274352 s=0.000 lv=-40.8 pk=-39.4 c0=4.3 c1=6.0 kw=5.07 inf=1.56 iv=0.00 n=0 d=0 sk=3 hf=98144 hm=97256 ht=283428 pf=0 pm=0 pt=0 ru=233404 rp=234292
17:58:41.176 @T t=274458 s=0.000 lv=-38.8 pk=-36.5 c0=4.1 c1=5.2 kw=5.04 inf=1.55 iv=0.00 n=0 d=0 sk=3 hf=98144 hm=97256 ht=283428 pf=0 pm=0 pt=0 ru=233404 rp=234292
17:58:41.176 @T t=274544 s=0.000 lv=-40.0 pk=-38.8 c0=5.3 c1=5.2 kw=5.00 inf=1.87 iv=0.00 n=0 d=0 sk=2 hf=98144 hm=97256 ht=283428 pf=0 pm=0 pt=0 ru=233404 rp=234292
17:58:41.176 @T t=274653 s=0.000 lv=-39.4 pk=-37.9 c0=9.0 c1=6.1 kw=5.91 inf=1.40 iv=0.00 n=0 d=0 sk=4 hf=98144 hm=97256 ht=283428 pf=0 pm=0 pt=0 ru=233404 rp=234292
17:58:41.176 @T t=274739 s=0.000 lv=-39.8 pk=-38.9 c0=3.7 c1=5.0 kw=4.86 inf=1.82 iv=0.00 n=0 d=0 sk=2 hf=98144 hm=97256 ht=283428 pf=0 pm=0 pt=0 ru=233404 rp=234292
17:58:41.176 @T t=274845 s=0.000 lv=-39.3 pk=-37.8 c0=3.0 c1=5.4 kw=5.07 inf=1.52 iv=0.00 n=0 d=0 sk=3 hf=98144 hm=97256 ht=283428 pf=0 pm=0 pt=0 ru=233404 rp=234292
17:58:41.176 @T t=274951 s=0.000 lv=-41.4 pk=-40.6 c0=6.4 c1=6.2 kw=5.76 inf=1.81 iv=0.00 n=0 d=0 sk=3 hf=98144 hm=97256 ht=283428 pf=0 pm=0 pt=0 ru=233404 rp=234292
17:58:41.176 @T t=275057 s=0.000 lv=-41.6 pk=-40.6 c0=6.7 c1=5.1 kw=4.92 inf=1.52 iv=0.00 n=0 d=0 sk=3 hf=98144 hm=97256 ht=283428 pf=0 pm=0 pt=0 ru=233404 rp=234292
17:58:41.176 @T t=275143 s=0.000 lv=-38.8 pk=-37.7 c0=3.7 c1=5.0 kw=4.90 inf=1.84 iv=0.00 n=0 d=0 sk=2 hf=98144 hm=97256 ht=283428 pf=0 pm=0 pt=0 ru=233404 rp=234292
17:58:41.177 @I ww=marvin cut=0.50 win=5 cool=1000 tick=100 wifi=0 srv=0 li=0 ln=0
17:58:41.177 @T t=275255 s=0.000 lv=-39.5 pk=-38.0 c0=3.6 c1=5.8 kw=5.60 inf=1.37 iv=0.00 n=0 d=0 sk=4 hf=98144 hm=97256 ht=283428 pf=0 pm=0 pt=0 ru=233404 rp=234292
17:58:41.177 @T t=275341 s=0.000 lv=-37.4 pk=-35.3 c0=8.5 c1=20.1 kw=18.94 inf=1.31 iv=0.98 n=12 d=0 sk=0 hf=98144 hm=97256 ht=283428 pf=0 pm=0 pt=0 ru=233404 rp=234292
17:58:41.177 @T t=275447 s=0.000 lv=-36.5 pk=-33.7 c0=3.9 c1=10.8 kw=10.61 inf=2.60 iv=1.16 n=4 d=0 sk=0 hf=98144 hm=97256 ht=283428 pf=0 pm=0 pt=0 ru=233404 rp=234292
17:58:41.177 @T t=275553 s=0.000 lv=-37.7 pk=-35.6 c0=3.3 c1=8.5 kw=8.33 inf=2.71 iv=1.13 n=3 d=0 sk=0 hf=98144 hm=97256 ht=283428 pf=0 pm=0 pt=0 ru=233404 rp=234292
17:58:41.177 @T t=275639 s=0.000 lv=-38.9 pk=-38.2 c0=4.0 c1=9.2 kw=8.97 inf=2.38 iv=1.10 n=3 d=0 sk=0 hf=98144 hm=97256 ht=283428 pf=0 pm=0 pt=0 ru=233404 rp=234292
17:58:41.177 @T t=275745 s=0.000 lv=-38.9 pk=-37.3 c0=5.6 c1=9.2 kw=8.60 inf=2.75 iv=1.12 n=3 d=0 sk=0 hf=98144 hm=97256 ht=283428 pf=0 pm=0 pt=0 ru=233404 rp=234292
17:58:41.177 @T t=275854 s=0.000 lv=-36.5 pk=-35.7 c0=4.1 c1=11.0 kw=11.02 inf=2.82 iv=1.37 n=4 d=0 sk=0 hf=98144 hm=97256 ht=283428 pf=0 pm=0 pt=0 ru=233404 rp=234292
17:58:41.177 @T t=275940 s=0.000 lv=-38.9 pk=-37.1 c0=7.4 c1=9.5 kw=9.33 inf=2.48 iv=1.20 n=3 d=0 sk=0 hf=98144 hm=97256 ht=283428 pf=0 pm=0 pt=0 ru=233404 rp=234292
17:58:41.177 @T t=276046 s=0.000 lv=-39.9 pk=-37.4 c0=4.2 c1=10.4 kw=9.01 inf=2.18 iv=0.97 n=4 d=0 sk=0 hf=98144 hm=97256 ht=283428 pf=0 pm=0 pt=0 ru=233404 rp=234292
17:58:41.177 @T t=276152 s=0.000 lv=-38.1 pk=-35.7 c0=4.2 c1=10.3 kw=10.78 inf=3.57 iv=1.64 n=3 d=0 sk=0 hf=98144 hm=97256 ht=283428 pf=0 pm=0 pt=0 ru=233404 rp=234292
17:58:41.177 @I ww=marvin cut=0.50 win=5 cool=1000 tick=100 wifi=0 srv=0 li=0 ln=0
17:58:41.177 @T t=276243 s=0.000 lv=-35.5 pk=-34.3 c0=5.8 c1=9.6 kw=9.34 inf=2.64 iv=1.30 n=3 d=0 sk=0 hf=98144 hm=97256 ht=283428 pf=0 pm=0 pt=0 ru=233404 rp=234292
17:58:41.177 @T t=276351 s=0.000 lv=-33.7 pk=-32.6 c0=4.5 c1=12.2 kw=11.21 inf=2.80 iv=1.29 n=4 d=0 sk=0 hf=98144 hm=97256 ht=283428 pf=0 pm=0 pt=0 ru=233404 rp=234292
17:58:41.177 @T t=276456 s=0.000 lv=-39.3 pk=-38.1 c0=4.6 c1=9.0 kw=8.78 inf=2.83 iv=1.21 n=3 d=0 sk=0 hf=98144 hm=97256 ht=283428 pf=0 pm=0 pt=0 ru=233404 rp=234292
17:58:41.177 @T t=276542 s=0.000 lv=-37.8 pk=-36.7 c0=4.0 c1=9.6 kw=9.44 inf=2.52 iv=1.21 n=3 d=0 sk=0 hf=98144 hm=97256 ht=283428 pf=0 pm=0 pt=0 ru=233404 rp=234292
17:58:41.177 @T t=276648 s=0.000 lv=-37.0 pk=-35.0 c0=4.2 c1=10.9 kw=10.63 inf=2.61 iv=1.18 n=4 d=0 sk=0 hf=98144 hm=97256 ht=283428 pf=0 pm=0 pt=0 ru=233404 rp=234292
17:58:43.672 @T t=276754 s=0.000 lv=-40.7 pk=-39.3 c0=4.3 c1=9.2 kw=8.99 inf=2.93 iv=1.31 n=3 d=0 sk=0 hf=98144 hm=97256 ht=283428 pf=0 pm=0 pt=0 ru=233404 rp=234292
17:58:43.672 @T t=276840 s=0.000 lv=-38.8 pk=-37.1 c0=5.1 c1=10.1 kw=9.88 inf=2.64 iv=1.31 n=3 d=0 sk=0 hf=98144 hm=97256 ht=283428 pf=0 pm=0 pt=0 ru=233404 rp=234292
17:58:43.672 @T t=276946 s=0.000 lv=-39.9 pk=-37.3 c0=4.6 c1=10.3 kw=8.83 inf=2.83 iv=1.21 n=3 d=0 sk=0 hf=98144 hm=97256 ht=283428 pf=0 pm=0 pt=0 ru=233404 rp=234292
17:58:43.672 @T t=277052 s=0.000 lv=-37.2 pk=-35.2 c0=4.2 c1=10.5 kw=11.44 inf=2.85 iv=1.29 n=4 d=0 sk=0 hf=98144 hm=97256 ht=283428 pf=0 pm=0 pt=0 ru=233404 rp=234292
17:58:43.672 @T t=277158 s=0.000 lv=-35.3 pk=-33.1 c0=3.3 c1=9.6 kw=9.42 inf=2.32 iv=1.13 n=4 d=0 sk=0 hf=98144 hm=97256 ht=283428 pf=0 pm=0 pt=0 ru=233404 rp=234292
17:58:43.672 @I ww=marvin cut=0.50 win=5 cool=1000 tick=100 wifi=0 srv=0 li=0 ln=0
17:58:43.672 @T t=277250 s=0.000 lv=-34.9 pk=-33.8 c0=13.6 c1=9.9 kw=9.72 inf=2.75 iv=1.13 n=3 d=0 sk=0 hf=98144 hm=97256 ht=283428 pf=0 pm=0 pt=0 ru=233404 rp=234292
17:58:43.672 @T t=277356 s=0.000 lv=-37.5 pk=-35.6 c0=3.8 c1=9.5 kw=8.53 inf=2.77 iv=1.17 n=3 d=0 sk=0 hf=98144 hm=97256 ht=283428 pf=0 pm=0 pt=0 ru=233404 rp=234292
17:58:43.672 @T t=277442 s=0.000 lv=-38.6 pk=-37.3 c0=4.6 c1=9.8 kw=9.56 inf=2.55 iv=1.25 n=3 d=0 sk=0 hf=98144 hm=97256 ht=283428 pf=0 pm=0 pt=0 ru=233404 rp=234292
17:58:43.672 @T t=277548 s=0.000 lv=-40.6 pk=-39.4 c0=3.4 c1=10.6 kw=10.40 inf=2.55 iv=1.12 n=4 d=0 sk=0 hf=98144 hm=97256 ht=283428 pf=0 pm=0 pt=0 ru=233404 rp=234292
17:58:43.672 @T t=277654 s=0.000 lv=-38.5 pk=-37.6 c0=3.3 c1=8.4 kw=8.26 inf=2.68 iv=1.11 n=3 d=0 sk=0 hf=98144 hm=97256 ht=283428 pf=0 pm=0 pt=0 ru=233404 rp=234292
17:58:43.672 @T t=277740 s=0.000 lv=-37.1 pk=-36.3 c0=4.1 c1=9.3 kw=9.05 inf=2.40 iv=1.12 n=3 d=0 sk=0 hf=98144 hm=97256 ht=283428 pf=0 pm=0 pt=0 ru=233404 rp=234292
17:58:43.672 @T t=277846 s=0.000 lv=-39.5 pk=-37.5 c0=3.8 c1=10.0 kw=8.64 inf=2.08 iv=0.89 n=4 d=0 sk=0 hf=98144 hm=97256 ht=283428 pf=0 pm=0 pt=0 ru=233404 rp=234292
17:58:43.672 @T t=277952 s=0.000 lv=-38.3 pk=-35.9 c0=3.4 c1=9.7 kw=10.17 inf=3.36 iv=1.46 n=3 d=0 sk=0 hf=98144 hm=97256 ht=283428 pf=0 pm=0 pt=0 ru=233404 rp=234292
17:58:43.672 @T t=278058 s=0.000 lv=-38.5 pk=-37.8 c0=3.2 c1=9.4 kw=9.17 inf=2.25 iv=1.07 n=4 d=0 sk=0 hf=98144 hm=97256 ht=283428 pf=0 pm=0 pt=0 ru=233404 rp=234292
17:58:43.672 @T t=278144 s=0.000 lv=-38.0 pk=-36.0 c0=6.1 c1=8.3 kw=7.90 inf=3.10 iv=1.15 n=2 d=0 sk=0 hf=98144 hm=97256 ht=283428 pf=0 pm=0 pt=0 ru=233404 rp=234292
17:58:43.672 @I ww=marvin cut=0.50 win=5 cool=1000 tick=100 wifi=0 srv=0 li=0 ln=0
17:58:43.672 @T t=278258 s=0.000 lv=-37.1 pk=-35.2 c0=5.1 c1=10.4 kw=10.18 inf=2.69 iv=1.21 n=4 d=0 sk=0 hf=98144 hm=97256 ht=283428 pf=0 pm=0 pt=0 ru=233404 rp=234292
17:58:43.672 @T t=278344 s=0.000 lv=-35.5 pk=-34.8 c0=4.8 c1=10.3 kw=9.17 inf=2.44 iv=1.15 n=3 d=0 sk=0 hf=98144 hm=97256 ht=283428 pf=0 pm=0 pt=0 ru=233404 rp=234292
17:58:43.672 @T t=278452 s=0.000 lv=-39.6 pk=-37.1 c0=4.0 c1=10.9 kw=10.63 inf=2.65 iv=1.19 n=4 d=0 sk=0 hf=98144 hm=97256 ht=283428 pf=0 pm=0 pt=0 ru=233404 rp=234292
17:58:43.672 @T t=278558 s=0.000 lv=-38.6 pk=-36.7 c0=4.2 c1=8.9 kw=8.71 inf=2.84 iv=1.23 n=3 d=0 sk=0 hf=98144 hm=97256 ht=283428 pf=0 pm=0 pt=0 ru=233404 rp=234292
17:58:43.672 @T t=278644 s=0.000 lv=-37.7 pk=-35.4 c0=5.1 c1=9.8 kw=9.55 inf=2.54 iv=1.24 n=3 d=0 sk=0 hf=98144 hm=97256 ht=283428 pf=0 pm=0 pt=0 ru=233404 rp=234292
17:58:43.672 @T t=278753 s=0.000 lv=-38.7 pk=-36.8 c0=4.0 c1=10.8 kw=10.54 inf=2.65 iv=1.18 n=4 d=0 sk=0 hf=98144 hm=97256 ht=283428 pf=0 pm=0 pt=0 ru=233404 rp=234292
17:58:43.673 @T t=278839 s=0.000 lv=-37.2 pk=-35.0 c0=4.1 c1=9.5 kw=9.31 inf=2.48 iv=1.19 n=3 d=0 sk=0 hf=98144 hm=97256 ht=283428 pf=0 pm=0 pt=0 ru=233404 rp=234292
17:58:43.673 @T t=278946 s=0.000 lv=-38.6 pk=-35.5 c0=4.5 c1=6.1 kw=5.94 inf=1.39 iv=0.00 n=0 d=0 sk=4 hf=98144 hm=97256 ht=283428 pf=0 pm=0 pt=0 ru=233404 rp=234292
17:58:43.673 @T t=279052 s=0.000 lv=-38.5 pk=-37.4 c0=7.2 c1=5.2 kw=5.05 inf=1.56 iv=0.00 n=0 d=0 sk=3 hf=98144 hm=97256 ht=283428 pf=0 pm=0 pt=0 ru=233404 rp=234292
17:58:43.673 @T t=279158 s=0.000 lv=-38.2 pk=-37.5 c0=4.0 c1=5.3 kw=5.09 inf=1.57 iv=0.00 n=0 d=0 sk=3 hf=98144 hm=97256 ht=283428 pf=0 pm=0 pt=0 ru=233404 rp=234292
17:58:43.673 @I ww=marvin cut=0.50 win=5 cool=1000 tick=100 wifi=0 srv=0 li=0 ln=0
17:58:45.981 @T t=279250 s=0.000 lv=-37.5 pk=-36.7 c0=5.5 c1=6.0 kw=5.86 inf=1.56 iv=0.00 n=0 d=0 sk=3 hf=98144 hm=97256 ht=283428 pf=0 pm=0 pt=0 ru=233404 rp=234292
17:58:45.981 @T t=279356 s=0.000 lv=-38.9 pk=-36.1 c0=4.4 c1=6.0 kw=5.06 inf=1.56 iv=0.00 n=0 d=0 sk=3 hf=98144 hm=97256 ht=283428 pf=0 pm=0 pt=0 ru=233404 rp=234292
17:58:45.981 @T t=279442 s=0.000 lv=-39.7 pk=-38.3 c0=4.2 c1=5.0 kw=4.87 inf=1.83 iv=0.00 n=0 d=0 sk=2 hf=98144 hm=97256 ht=283428 pf=0 pm=0 pt=0 ru=233404 rp=234292
17:58:45.981 @T t=279548 s=0.000 lv=-37.9 pk=-36.4 c0=3.5 c1=6.1 kw=5.94 inf=1.37 iv=0.00 n=0 d=0 sk=4 hf=98144 hm=97256 ht=283428 pf=0 pm=0 pt=0 ru=233404 rp=234292
17:58:45.981 @T t=279654 s=0.000 lv=-38.6 pk=-37.5 c0=3.1 c1=5.0 kw=4.92 inf=1.52 iv=0.00 n=0 d=0 sk=3 hf=98144 hm=97256 ht=283428 pf=0 pm=0 pt=0 ru=233404 rp=234292
17:58:45.981 @T t=279740 s=0.000 lv=-39.5 pk=-38.1 c0=3.6 c1=5.0 kw=4.84 inf=1.81 iv=0.00 n=0 d=0 sk=2 hf=98144 hm=97256 ht=283428 pf=0 pm=0 pt=0 ru=233404 rp=234292
17:58:45.981 @T t=279846 s=0.000 lv=-38.7 pk=-37.7 c0=3.3 c1=6.1 kw=5.87 inf=1.35 iv=0.00 n=0 d=0 sk=4 hf=98144 hm=97256 ht=283428 pf=0 pm=0 pt=0 ru=233404 rp=234292
17:58:45.981 @T t=279952 s=0.000 lv=-38.4 pk=-37.0 c0=3.2 c1=5.1 kw=4.93 inf=1.52 iv=0.00 n=0 d=0 sk=3 hf=98144 hm=97256 ht=283428 pf=0 pm=0 pt=0 ru=233404 rp=234292
17:58:45.981 @T t=280058 s=0.000 lv=-38.7 pk=-36.1 c0=6.3 c1=5.1 kw=4.92 inf=1.52 iv=0.00 n=0 d=0 sk=3 hf=98144 hm=97256 ht=283428 pf=0 pm=0 pt=0 ru=233404 rp=234292
17:58:45.982 @T t=280144 s=0.000 lv=-39.1 pk=-38.0 c0=3.7 c1=5.0 kw=4.86 inf=1.82 iv=0.00 n=0 d=0 sk=2 hf=98144 hm=97256 ht=283428 pf=0 pm=0 pt=0 ru=233404 rp=234292
17:58:45.982 @I ww=marvin cut=0.50 win=5 cool=1000 tick=100 wifi=0 srv=0 li=0 ln=0
17:58:45.982 @T t=280256 s=0.000 lv=-40.5 pk=-38.2 c0=11.3 c1=5.8 kw=5.64 inf=1.38 iv=0.00 n=0 d=0 sk=4 hf=98144 hm=97256 ht=283428 pf=0 pm=0 pt=0 ru=233404 rp=234292
17:58:45.982 @T t=280342 s=0.000 lv=-38.5 pk=-36.3 c0=4.5 c1=5.9 kw=4.88 inf=1.83 iv=0.00 n=0 d=0 sk=2 hf=98144 hm=97256 ht=283428 pf=0 pm=0 pt=0 ru=233404 rp=234292
17:58:45.982 @T t=280448 s=0.000 lv=-35.3 pk=-34.1 c0=6.6 c1=18.6 kw=18.44 inf=1.44 iv=0.99 n=13 d=0 sk=0 hf=98144 hm=97256 ht=283428 pf=0 pm=0 pt=0 ru=233404 rp=234292
17:58:45.982 @T t=280554 s=0.000 lv=-35.3 pk=-34.7 c0=5.6 c1=10.3 kw=9.95 inf=2.45 iv=1.23 n=4 d=0 sk=0 hf=98144 hm=97256 ht=283428 pf=0 pm=0 pt=0 ru=233404 rp=234292
17:58:45.982 @T t=280640 s=0.000 lv=-37.9 pk=-35.0 c0=4.1 c1=8.1 kw=7.99 inf=3.15 iv=1.23 n=2 d=0 sk=0 hf=98144 hm=97256 ht=283428 pf=0 pm=0 pt=0 ru=233404 rp=234292
17:58:45.982 @T t=280746 s=0.000 lv=-38.0 pk=-37.5 c0=4.3 c1=10.9 kw=10.69 inf=2.62 iv=1.18 n=4 d=0 sk=0 hf=98144 hm=97256 ht=283428 pf=0 pm=0 pt=0 ru=233404 rp=234292
17:58:45.982 @T t=280852 s=0.000 lv=-40.3 pk=-39.5 c0=4.2 c1=9.9 kw=9.66 inf=2.38 iv=1.17 n=4 d=0 sk=0 hf=98144 hm=97256 ht=283428 pf=0 pm=0 pt=0 ru=233404 rp=234292
17:58:45.982 @T t=280958 s=0.000 lv=-39.6 pk=-37.5 c0=4.3 c1=9.1 kw=8.87 inf=2.90 iv=1.28 n=3 d=0 sk=0 hf=98144 hm=97256 ht=283428 pf=0 pm=0 pt=0 ru=233404 rp=234292
17:58:45.982 @T t=281044 s=0.000 lv=-39.6 pk=-37.7 c0=5.1 c1=10.1 kw=9.84 inf=2.62 iv=1.30 n=3 d=0 sk=0 hf=98144 hm=97256 ht=283428 pf=0 pm=0 pt=0 ru=233404 rp=234292
17:58:45.982 @T t=281152 s=0.000 lv=-37.7 pk=-36.2 c0=4.0 c1=11.1 kw=10.80 inf=2.69 iv=1.21 n=4 d=0 sk=0 hf=98144 hm=97256 ht=283428 pf=0 pm=0 pt=0 ru=233404 rp=234292
17:58:45.982 @I ww=marvin cut=0.50 win=5 cool=1000 tick=100 wifi=0 srv=0 li=0 ln=0
17:58:45.982 @T t=281243 s=0.000 lv=-39.1 pk=-38.5 c0=5.0 c1=7.7 kw=7.53 inf=3.14 iv=1.21 n=2 d=0 sk=0 hf=98144 hm=97256 ht=283428 pf=0 pm=0 pt=0 ru=233404 rp=234292
17:58:45.982 @T t=281352 s=0.000 lv=-40.1 pk=-37.5 c0=9.4 c1=11.6 kw=10.58 inf=2.66 iv=1.18 n=4 d=0 sk=0 hf=98144 hm=97256 ht=283428 pf=0 pm=0 pt=0 ru=233404 rp=234292
17:58:45.982 [status] up 281s | mic -38.6 dBFS (peak -32.6) | score max 0.00 | detections 0 | inferences 242 (24.0/s; model 1.18 ms each, paused in quiet 29%; features 1.41 ms per 30 ms) | CPU core0  5.0% core1  8.6% (wake word pipeline 8.32% of one core) | RAM used 227 KB (peak 228 KB, 95 KB free) | wifi --, server -- | audio lost since boot: i2s 0 net 0
17:58:45.982 @T t=281451 s=0.000 lv=-35.9 pk=-35.3 c0=8.7 c1=10.9 kw=10.70 inf=2.47 iv=1.23 n=4 d=0 sk=0 hf=98144 hm=97256 ht=283428 pf=0 pm=0 pt=0 ru=233404 rp=234292
17:58:48.574 @T t=281557 s=0.000 lv=-38.6 pk=-36.5 c0=7.5 c1=9.1 kw=8.84 inf=2.89 iv=1.26 n=3 d=0 sk=0 hf=98144 hm=97256 ht=283428 pf=0 pm=0 pt=0 ru=233404 rp=234292
17:58:48.574 @T t=281643 s=0.000 lv=-39.3 pk=-37.6 c0=5.1 c1=9.8 kw=9.55 inf=2.54 iv=1.24 n=3 d=0 sk=0 hf=98144 hm=97256 ht=283428 pf=0 pm=0 pt=0 ru=233404 rp=234292
17:58:48.574 @T t=281751 s=0.000 lv=-40.0 pk=-39.5 c0=4.0 c1=10.8 kw=10.53 inf=2.62 iv=1.18 n=4 d=0 sk=0 hf=98144 hm=97256 ht=283428 pf=0 pm=0 pt=0 ru=233404 rp=234292
17:58:48.574 @T t=281857 s=0.000 lv=-39.0 pk=-37.5 c0=4.3 c1=8.7 kw=8.48 inf=2.76 iv=1.17 n=3 d=0 sk=0 hf=98144 hm=97256 ht=283428 pf=0 pm=0 pt=0 ru=233404 rp=234292
17:58:48.574 @T t=281943 s=0.000 lv=-40.0 pk=-37.7 c0=4.0 c1=9.3 kw=9.12 inf=2.43 iv=1.15 n=3 d=0 sk=0 hf=98144 hm=97256 ht=283428 pf=0 pm=0 pt=0 ru=233404 rp=234292
17:58:48.574 @T t=282052 s=0.000 lv=-37.7 pk=-35.4 c0=3.0 c1=8.4 kw=8.23 inf=2.71 iv=1.22 n=2 d=0 sk=1 hf=98144 hm=97256 ht=283428 pf=0 pm=0 pt=0 ru=233404 rp=234292
17:58:48.574 @T t=282158 s=0.000 lv=-37.4 pk=-35.3 c0=3.2 c1=5.1 kw=4.98 inf=1.53 iv=0.00 n=0 d=0 sk=3 hf=98144 hm=97256 ht=283428 pf=0 pm=0 pt=0 ru=233404 rp=234292
17:58:48.574 @I ww=marvin cut=0.50 win=5 cool=1000 tick=100 wifi=0 srv=0 li=0 ln=0
17:58:48.574 @T t=282250 s=0.000 lv=-37.0 pk=-35.9 c0=4.9 c1=5.9 kw=5.71 inf=1.53 iv=0.00 n=0 d=0 sk=3 hf=98144 hm=97256 ht=283428 pf=0 pm=0 pt=0 ru=233404 rp=234292
17:58:48.574 @T t=282356 s=0.000 lv=-39.6 pk=-37.4 c0=3.7 c1=5.9 kw=5.03 inf=1.55 iv=0.00 n=0 d=0 sk=3 hf=98144 hm=97256 ht=283428 pf=0 pm=0 pt=0 ru=233404 rp=234292
17:58:48.574 @T t=282442 s=0.000 lv=-40.9 pk=-40.1 c0=7.3 c1=5.0 kw=4.92 inf=1.84 iv=0.00 n=0 d=0 sk=2 hf=98144 hm=97256 ht=283428 pf=0 pm=0 pt=0 ru=233404 rp=234292
17:58:48.574 @T t=282548 s=0.000 lv=-38.8 pk=-38.0 c0=3.0 c1=6.1 kw=5.95 inf=1.38 iv=0.00 n=0 d=0 sk=4 hf=98144 hm=97256 ht=283428 pf=0 pm=0 pt=0 ru=233404 rp=234292
17:58:48.574 @T t=282654 s=0.000 lv=-40.3 pk=-39.1 c0=3.5 c1=5.1 kw=4.95 inf=1.53 iv=0.00 n=0 d=0 sk=3 hf=98144 hm=97256 ht=283428 pf=0 pm=0 pt=0 ru=233404 rp=234292
17:58:48.574 @T t=282740 s=0.000 lv=-41.9 pk=-40.4 c0=3.8 c1=4.9 kw=4.82 inf=1.80 iv=0.00 n=0 d=0 sk=2 hf=98144 hm=97256 ht=283428 pf=0 pm=0 pt=0 ru=233404 rp=234292
17:58:48.574 @T t=282846 s=0.000 lv=-39.2 pk=-37.7 c0=3.0 c1=6.1 kw=5.89 inf=1.36 iv=0.00 n=0 d=0 sk=4 hf=98144 hm=97256 ht=283428 pf=0 pm=0 pt=0 ru=233404 rp=234292
17:58:48.574 @T t=282952 s=0.000 lv=-38.8 pk=-36.9 c0=4.7 c1=5.4 kw=5.07 inf=1.56 iv=0.00 n=0 d=0 sk=3 hf=98144 hm=97256 ht=283428 pf=0 pm=0 pt=0 ru=233404 rp=234292
17:58:48.574 @T t=283058 s=0.000 lv=-39.9 pk=-38.9 c0=4.6 c1=5.1 kw=4.94 inf=1.52 iv=0.00 n=0 d=0 sk=3 hf=98144 hm=97256 ht=283428 pf=0 pm=0 pt=0 ru=233404 rp=234292
17:58:48.574 @T t=283144 s=0.000 lv=-38.6 pk=-38.0 c0=8.0 c1=5.0 kw=4.98 inf=1.87 iv=0.00 n=0 d=0 sk=2 hf=98144 hm=97256 ht=283428 pf=0 pm=0 pt=0 ru=233404 rp=234292
17:58:48.574 @I ww=marvin cut=0.50 win=5 cool=1000 tick=100 wifi=0 srv=0 li=0 ln=0
17:58:48.574 @T t=283256 s=0.000 lv=-38.7 pk=-36.7 c0=11.6 c1=5.9 kw=5.67 inf=1.38 iv=0.00 n=0 d=0 sk=4 hf=98144 hm=97256 ht=283428 pf=0 pm=0 pt=0 ru=233404 rp=234292
17:58:48.574 @T t=283342 s=0.000 lv=-37.2 pk=-35.4 c0=5.5 c1=6.0 kw=4.94 inf=1.85 iv=0.00 n=0 d=0 sk=2 hf=98144 hm=97256 ht=283428 pf=0 pm=0 pt=0 ru=233404 rp=234292
17:58:48.575 @T t=283448 s=0.000 lv=-37.9 pk=-34.3 c0=4.1 c1=17.8 kw=17.52 inf=1.36 iv=0.99 n=12 d=0 sk=1 hf=98144 hm=97256 ht=283428 pf=0 pm=0 pt=0 ru=233404 rp=234292
17:58:48.575 @T t=283554 s=0.000 lv=-41.7 pk=-40.6 c0=4.2 c1=8.6 kw=8.43 inf=2.74 iv=1.13 n=3 d=0 sk=0 hf=98144 hm=97256 ht=283428 pf=0 pm=0 pt=0 ru=233404 rp=234292
17:58:48.575 @T t=283640 s=0.000 lv=-39.2 pk=-37.8 c0=4.3 c1=9.3 kw=9.10 inf=2.42 iv=1.15 n=3 d=0 sk=0 hf=98144 hm=97256 ht=283428 pf=0 pm=0 pt=0 ru=233404 rp=234292
17:58:48.575 @T t=283746 s=0.000 lv=-36.6 pk=-33.6 c0=4.3 c1=10.2 kw=8.83 inf=2.13 iv=0.92 n=4 d=0 sk=0 hf=98144 hm=97256 ht=283428 pf=0 pm=0 pt=0 ru=233404 rp=234292
17:58:48.575 @T t=283852 s=0.000 lv=-40.9 pk=-39.1 c0=4.2 c1=10.1 kw=10.50 inf=3.47 iv=1.55 n=3 d=0 sk=0 hf=98144 hm=97256 ht=283428 pf=0 pm=0 pt=0 ru=233404 rp=234292
17:58:48.575 @T t=283958 s=0.000 lv=-42.1 pk=-40.2 c0=4.4 c1=10.0 kw=9.75 inf=2.40 iv=1.19 n=4 d=0 sk=0 hf=98144 hm=97256 ht=283428 pf=0 pm=0 pt=0 ru=233404 rp=234292
17:58:48.575 @T t=284044 s=0.000 lv=-39.6 pk=-39.2 c0=5.1 c1=8.4 kw=8.17 inf=3.22 iv=1.25 n=2 d=0 sk=0 hf=98144 hm=97256 ht=283428 pf=0 pm=0 pt=0 ru=233404 rp=234292
17:58:51.076 @T t=284152 s=0.000 lv=-41.9 pk=-40.2 c0=9.0 c1=10.7 kw=10.48 inf=2.61 iv=1.16 n=4 d=0 sk=0 hf=98144 hm=97256 ht=283428 pf=0 pm=0 pt=0 ru=233404 rp=234292
17:58:51.076 @I ww=marvin cut=0.50 win=5 cool=1000 tick=100 wifi=0 srv=0 li=0 ln=0
17:58:51.076 @T t=284243 s=0.000 lv=-42.2 pk=-40.6 c0=5.0 c1=9.1 kw=8.95 inf=2.52 iv=1.23 n=3 d=0 sk=0 hf=98144 hm=97256 ht=283428 pf=0 pm=0 pt=0 ru=233404 rp=234292
17:58:51.076 @T t=284352 s=0.000 lv=-40.2 pk=-38.9 c0=9.7 c1=12.0 kw=11.03 inf=2.78 iv=1.30 n=4 d=0 sk=0 hf=98144 hm=97256 ht=283428 pf=0 pm=0 pt=0 ru=233404 rp=234292
17:58:51.076 @T t=284458 s=0.000 lv=-39.8 pk=-37.8 c0=3.3 c1=8.7 kw=8.52 inf=2.77 iv=1.18 n=3 d=0 sk=0 hf=98144 hm=97256 ht=283428 pf=0 pm=0 pt=0 ru=233404 rp=234292
17:58:51.076 @T t=284544 s=0.000 lv=-41.7 pk=-40.4 c0=8.0 c1=9.5 kw=9.26 inf=2.46 iv=1.18 n=3 d=0 sk=0 hf=98144 hm=97256 ht=283428 pf=0 pm=0 pt=0 ru=233404 rp=234292
17:58:51.076 @T t=284650 s=0.000 lv=-37.1 pk=-33.2 c0=3.8 c1=11.2 kw=10.96 inf=2.68 iv=1.20 n=4 d=0 sk=0 hf=98144 hm=97256 ht=283428 pf=0 pm=0 pt=0 ru=233404 rp=234292
17:58:51.076 @T t=284756 s=0.000 lv=-34.1 pk=-33.4 c0=3.3 c1=8.7 kw=8.55 inf=2.79 iv=1.17 n=3 d=0 sk=0 hf=98144 hm=97256 ht=283428 pf=0 pm=0 pt=0 ru=233404 rp=234292
17:58:51.076 @T t=284842 s=0.000 lv=-37.7 pk=-35.9 c0=8.0 c1=9.3 kw=9.09 inf=2.42 iv=1.14 n=3 d=0 sk=0 hf=98144 hm=97256 ht=283428 pf=0 pm=0 pt=0 ru=233404 rp=234292
17:58:51.076 @T t=284948 s=0.000 lv=-39.7 pk=-37.8 c0=3.6 c1=10.9 kw=10.63 inf=2.60 iv=1.17 n=4 d=0 sk=0 hf=98144 hm=97256 ht=283428 pf=0 pm=0 pt=0 ru=233404 rp=234292
17:58:51.076 @T t=285054 s=0.000 lv=-37.7 pk=-35.6 c0=3.8 c1=8.9 kw=8.72 inf=2.84 iv=1.23 n=3 d=0 sk=0 hf=98144 hm=97256 ht=283428 pf=0 pm=0 pt=0 ru=233404 rp=234292
17:58:51.076 @T t=285140 s=0.000 lv=-40.1 pk=-37.5 c0=4.1 c1=9.3 kw=9.11 inf=2.42 iv=1.15 n=3 d=0 sk=0 hf=98144 hm=97256 ht=283428 pf=0 pm=0 pt=0 ru=233404 rp=234292
17:58:51.076 @I ww=marvin cut=0.50 win=5 cool=1000 tick=100 wifi=0 srv=0 li=0 ln=0
17:58:51.076 @T t=285252 s=0.000 lv=-39.9 pk=-37.8 c0=11.1 c1=10.3 kw=10.10 inf=2.62 iv=1.19 n=4 d=0 sk=0 hf=98144 hm=97256 ht=283428 pf=0 pm=0 pt=0 ru=233404 rp=234292
17:58:51.076 @T t=285358 s=0.000 lv=-40.7 pk=-39.8 c0=5.7 c1=9.9 kw=8.87 inf=2.88 iv=1.17 n=3 d=0 sk=0 hf=98144 hm=97256 ht=283428 pf=0 pm=0 pt=0 ru=233404 rp=234292
17:58:51.076 @T t=285445 s=0.000 lv=-41.9 pk=-40.9 c0=4.9 c1=10.0 kw=9.54 inf=2.53 iv=1.23 n=3 d=0 sk=0 hf=98144 hm=97256 ht=283428 pf=0 pm=0 pt=0 ru=233404 rp=234292
17:58:51.076 @T t=285554 s=0.000 lv=-39.5 pk=-38.0 c0=4.5 c1=10.9 kw=10.82 inf=2.77 iv=1.30 n=4 d=0 sk=0 hf=98144 hm=97256 ht=283428 pf=0 pm=0 pt=0 ru=233404 rp=234292
17:58:51.076 @T t=285640 s=0.000 lv=-37.5 pk=-35.9 c0=5.2 c1=10.1 kw=9.85 inf=2.63 iv=1.30 n=3 d=0 sk=0 hf=98144 hm=97256 ht=283428 pf=0 pm=0 pt=0 ru=233404 rp=234292
17:58:51.076 @T t=285746 s=0.000 lv=-36.3 pk=-33.8 c0=4.2 c1=10.5 kw=9.12 inf=2.94 iv=1.29 n=3 d=0 sk=0 hf=98144 hm=97256 ht=283428 pf=0 pm=0 pt=0 ru=233404 rp=234292
17:58:51.076 @T t=285855 s=0.000 lv=-39.6 pk=-37.7 c0=4.0 c1=10.1 kw=10.50 inf=2.68 iv=1.24 n=4 d=0 sk=0 hf=98144 hm=97256 ht=283428 pf=0 pm=0 pt=0 ru=233404 rp=234292
17:58:51.076 @T t=285944 s=0.000 lv=-39.6 pk=-37.5 c0=3.8 c1=9.1 kw=8.98 inf=2.47 iv=1.19 n=3 d=0 sk=0 hf=98144 hm=97256 ht=283428 pf=0 pm=0 pt=0 ru=233404 rp=234292
17:58:51.076 @T t=286050 s=0.000 lv=-39.0 pk=-37.9 c0=6.1 c1=10.9 kw=10.66 inf=2.60 iv=1.14 n=4 d=0 sk=0 hf=98144 hm=97256 ht=283428 pf=0 pm=0 pt=0 ru=233404 rp=234292
17:58:51.076 @T t=286156 s=0.001 lv=-40.7 pk=-38.2 c0=4.2 c1=8.9 kw=8.68 inf=2.83 iv=1.21 n=3 d=0 sk=0 hf=98144 hm=97256 ht=283428 pf=0 pm=0 pt=0 ru=233404 rp=234292
17:58:51.076 @I ww=marvin cut=0.50 win=5 cool=1000 tick=100 wifi=0 srv=0 li=0 ln=0
17:58:51.076 @T t=286247 s=0.002 lv=-40.9 pk=-39.3 c0=5.8 c1=10.7 kw=10.42 inf=2.92 iv=1.29 n=3 d=0 sk=0 hf=98144 hm=97256 ht=283428 pf=0 pm=0 pt=0 ru=233404 rp=234292
17:58:51.076 @T t=286353 s=0.002 lv=-39.6 pk=-36.9 c0=4.8 c1=11.4 kw=10.42 inf=2.58 iv=1.34 n=4 d=0 sk=0 hf=98144 hm=97256 ht=283428 pf=0 pm=0 pt=0 ru=233404 rp=234292
17:58:51.076 @T t=286442 s=0.000 lv=-38.3 pk=-37.5 c0=4.8 c1=7.7 kw=7.57 inf=3.09 iv=1.17 n=2 d=0 sk=0 hf=98144 hm=97256 ht=283428 pf=0 pm=0 pt=0 ru=233404 rp=234292
17:58:51.076 @T t=286548 s=0.000 lv=-41.5 pk=-39.8 c0=3.3 c1=10.6 kw=10.43 inf=2.55 iv=1.12 n=4 d=0 sk=0 hf=98144 hm=97256 ht=283428 pf=0 pm=0 pt=0 ru=233404 rp=234292
17:58:53.571 @T t=286654 s=0.000 lv=-39.7 pk=-38.6 c0=4.6 c1=9.7 kw=9.45 inf=2.33 iv=1.12 n=4 d=0 sk=0 hf=98144 hm=97256 ht=283428 pf=0 pm=0 pt=0 ru=233404 rp=234292
17:58:53.571 @T t=286740 s=0.000 lv=-39.0 pk=-37.7 c0=4.6 c1=8.2 kw=8.02 inf=3.16 iv=1.21 n=2 d=0 sk=0 hf=98144 hm=97256 ht=283428 pf=0 pm=0 pt=0 ru=233404 rp=234292
17:58:53.571 @T t=286846 s=0.000 lv=-41.4 pk=-40.4 c0=3.4 c1=10.5 kw=10.31 inf=2.52 iv=1.10 n=4 d=0 sk=0 hf=98144 hm=97256 ht=283428 pf=0 pm=0 pt=0 ru=233404 rp=234292
17:58:53.571 @T t=286952 s=0.000 lv=-39.5 pk=-38.4 c0=3.4 c1=9.4 kw=9.23 inf=2.27 iv=1.08 n=4 d=0 sk=0 hf=98144 hm=97256 ht=283428 pf=0 pm=0 pt=0 ru=233404 rp=234292
17:58:53.571 @T t=287058 s=0.000 lv=-40.3 pk=-39.3 c0=3.7 c1=8.7 kw=8.46 inf=2.75 iv=1.16 n=3 d=0 sk=0 hf=98144 hm=97256 ht=283428 pf=0 pm=0 pt=0 ru=233404 rp=234292
17:58:53.571 @T t=287144 s=0.000 lv=-40.1 pk=-39.4 c0=7.3 c1=9.2 kw=8.99 inf=2.38 iv=1.11 n=3 d=0 sk=0 hf=98144 hm=97256 ht=283428 pf=0 pm=0 pt=0 ru=233404 rp=234292
17:58:53.571 @I ww=marvin cut=0.50 win=5 cool=1000 tick=100 wifi=0 srv=0 li=0 ln=0
17:58:53.571 @T t=287239 s=0.000 lv=-42.7 pk=-42.0 c0=4.4 c1=9.7 kw=9.46 inf=2.75 iv=1.15 n=3 d=0 sk=0 hf=98144 hm=97256 ht=283428 pf=0 pm=0 pt=0 ru=233404 rp=234292
17:58:53.571 @T t=287345 s=0.000 lv=-42.8 pk=-41.7 c0=4.0 c1=7.7 kw=7.42 inf=2.35 iv=1.39 n=1 d=0 sk=2 hf=98144 hm=97256 ht=283428 pf=0 pm=0 pt=0 ru=233404 rp=234292
17:58:53.571 @T t=287452 s=0.000 lv=-43.0 pk=-42.4 c0=6.9 c1=5.6 kw=4.93 inf=1.53 iv=0.00 n=0 d=0 sk=3 hf=98144 hm=97256 ht=283428 pf=0 pm=0 pt=0 ru=233404 rp=234292
17:58:53.571 @T t=287558 s=0.000 lv=-42.3 pk=-41.3 c0=3.1 c1=5.0 kw=4.91 inf=1.51 iv=0.00 n=0 d=0 sk=3 hf=98144 hm=97256 ht=283428 pf=0 pm=0 pt=0 ru=233404 rp=234292
17:58:53.571 @T t=287644 s=0.000 lv=-42.1 pk=-41.6 c0=7.7 c1=5.0 kw=4.82 inf=1.81 iv=0.00 n=0 d=0 sk=2 hf=98144 hm=97256 ht=283428 pf=0 pm=0 pt=0 ru=233404 rp=234292
17:58:53.571 @T t=287750 s=0.000 lv=-41.3 pk=-39.5 c0=3.0 c1=6.0 kw=5.88 inf=1.36 iv=0.00 n=0 d=0 sk=4 hf=98144 hm=97256 ht=283428 pf=0 pm=0 pt=0 ru=233404 rp=234292
17:58:53.571 @T t=287856 s=0.000 lv=-39.6 pk=-38.4 c0=5.4 c1=5.3 kw=5.03 inf=1.55 iv=0.00 n=0 d=0 sk=3 hf=98144 hm=97256 ht=283428 pf=0 pm=0 pt=0 ru=233404 rp=234292
17:58:53.571 @T t=287942 s=0.000 lv=-41.1 pk=-40.4 c0=8.9 c1=5.1 kw=4.99 inf=1.87 iv=0.00 n=0 d=0 sk=2 hf=98144 hm=97256 ht=283428 pf=0 pm=0 pt=0 ru=233404 rp=234292
17:58:53.571 @T t=288048 s=0.000 lv=-39.8 pk=-38.9 c0=3.8 c1=6.2 kw=6.00 inf=1.39 iv=0.00 n=0 d=0 sk=4 hf=98144 hm=97256 ht=283428 pf=0 pm=0 pt=0 ru=233404 rp=234292
17:58:53.571 @T t=288154 s=0.000 lv=-41.0 pk=-39.8 c0=3.9 c1=5.1 kw=4.97 inf=1.53 iv=0.00 n=0 d=0 sk=3 hf=98144 hm=97256 ht=283428 pf=0 pm=0 pt=0 ru=233404 rp=234292
17:58:53.571 @I ww=marvin cut=0.50 win=5 cool=1000 tick=100 wifi=0 srv=0 li=0 ln=0
17:58:53.571 @T t=288246 s=0.000 lv=-41.0 pk=-40.1 c0=5.3 c1=5.9 kw=5.74 inf=1.53 iv=0.00 n=0 d=0 sk=3 hf=98144 hm=97256 ht=283428 pf=0 pm=0 pt=0 ru=233404 rp=234292
17:58:53.571 @T t=288352 s=0.000 lv=-41.3 pk=-40.2 c0=3.4 c1=6.1 kw=4.96 inf=1.53 iv=0.00 n=0 d=0 sk=3 hf=98144 hm=97256 ht=283428 pf=0 pm=0 pt=0 ru=233404 rp=234292
17:58:53.571 @T t=288439 s=0.000 lv=-41.8 pk=-41.0 c0=5.0 c1=5.1 kw=4.92 inf=1.86 iv=0.00 n=0 d=0 sk=2 hf=98144 hm=97256 ht=283428 pf=0 pm=0 pt=0 ru=233404 rp=234292
17:58:53.571 @T t=288545 s=0.000 lv=-41.5 pk=-40.4 c0=3.9 c1=5.5 kw=5.10 inf=1.53 iv=0.00 n=0 d=0 sk=3 hf=98144 hm=97256 ht=283428 pf=0 pm=0 pt=0 ru=233404 rp=234292
17:58:53.571 @T t=288651 s=0.000 lv=-42.1 pk=-40.9 c0=3.9 c1=6.3 kw=5.83 inf=1.83 iv=0.00 n=0 d=0 sk=3 hf=98144 hm=97256 ht=283428 pf=0 pm=0 pt=0 ru=233404 rp=234292
17:58:53.571 @T t=288757 s=0.000 lv=-41.6 pk=-41.0 c0=4.0 c1=5.2 kw=5.01 inf=1.54 iv=0.00 n=0 d=0 sk=3 hf=98144 hm=97256 ht=283428 pf=0 pm=0 pt=0 ru=233404 rp=234292
17:58:53.571 @T t=288843 s=0.000 lv=-42.9 pk=-42.4 c0=4.9 c1=5.0 kw=4.86 inf=1.82 iv=0.00 n=0 d=0 sk=2 hf=98144 hm=97256 ht=283428 pf=0 pm=0 pt=0 ru=233404 rp=234292
17:58:53.571 @T t=288949 s=0.000 lv=-41.1 pk=-39.9 c0=3.3 c1=6.2 kw=6.01 inf=1.39 iv=0.00 n=0 d=0 sk=4 hf=98144 hm=97256 ht=283428 pf=0 pm=0 pt=0 ru=233404 rp=234292
17:58:53.571 @T t=289055 s=0.000 lv=-40.3 pk=-38.9 c0=4.2 c1=5.2 kw=4.97 inf=1.53 iv=0.00 n=0 d=0 sk=3 hf=98144 hm=97256 ht=283428 pf=0 pm=0 pt=0 ru=233404 rp=234292
17:58:53.571 @T t=289141 s=0.000 lv=-40.7 pk=-39.4 c0=4.9 c1=5.1 kw=4.97 inf=1.86 iv=0.00 n=0 d=0 sk=2 hf=98144 hm=97256 ht=283428 pf=0 pm=0 pt=0 ru=233404 rp=234292
17:58:55.955 @I ww=marvin cut=0.50 win=5 cool=1000 tick=100 wifi=0 srv=0 li=0 ln=0
17:58:55.955 @T t=289253 s=0.000 lv=-38.8 pk=-36.9 c0=3.7 c1=5.8 kw=5.65 inf=1.38 iv=0.00 n=0 d=0 sk=4 hf=98144 hm=97256 ht=283428 pf=0 pm=0 pt=0 ru=233404 rp=234292
17:58:55.955 @T t=289339 s=0.000 lv=-38.6 pk=-35.9 c0=7.7 c1=16.5 kw=16.31 inf=1.12 iv=0.97 n=10 d=0 sk=2 hf=98144 hm=97256 ht=283428 pf=0 pm=0 pt=0 ru=233404 rp=234292
17:58:55.955 @T t=289445 s=0.000 lv=-38.8 pk=-36.9 c0=4.9 c1=10.0 kw=9.20 inf=2.97 iv=1.34 n=3 d=0 sk=0 hf=98144 hm=97256 ht=283428 pf=0 pm=0 pt=0 ru=233404 rp=234292
17:58:55.955 @T t=289553 s=0.000 lv=-36.6 pk=-32.1 c0=8.2 c1=10.5 kw=10.50 inf=2.66 iv=1.22 n=4 d=0 sk=0 hf=98144 hm=97256 ht=283428 pf=0 pm=0 pt=0 ru=233404 rp=234292
17:58:55.955 @T t=289639 s=0.000 lv=-40.2 pk=-39.6 c0=4.0 c1=9.1 kw=8.95 inf=2.38 iv=1.10 n=3 d=0 sk=0 hf=98144 hm=97256 ht=283428 pf=0 pm=0 pt=0 ru=233404 rp=234292
17:58:55.955 @T t=289745 s=0.000 lv=-42.3 pk=-40.1 c0=3.3 c1=8.8 kw=8.40 inf=2.69 iv=1.11 n=3 d=0 sk=0 hf=98144 hm=97256 ht=283428 pf=0 pm=0 pt=0 ru=233404 rp=234292
17:58:55.955 @T t=289851 s=0.000 lv=-41.7 pk=-40.2 c0=3.8 c1=10.9 kw=10.85 inf=2.69 iv=1.24 n=4 d=0 sk=0 hf=98144 hm=97256 ht=283428 pf=0 pm=0 pt=0 ru=233404 rp=234292
17:58:55.955 @T t=289957 s=0.000 lv=-40.9 pk=-39.4 c0=5.9 c1=9.7 kw=9.53 inf=2.35 iv=1.15 n=4 d=0 sk=0 hf=98144 hm=97256 ht=283428 pf=0 pm=0 pt=0 ru=233404 rp=234292
17:58:55.955 @T t=290043 s=0.000 lv=-41.6 pk=-41.0 c0=8.0 c1=8.1 kw=7.94 inf=3.13 iv=1.22 n=2 d=0 sk=0 hf=98144 hm=97256 ht=283428 pf=0 pm=0 pt=0 ru=233404 rp=234292
17:58:55.955 @T t=290149 s=0.000 lv=-41.9 pk=-41.1 c0=3.3 c1=10.8 kw=10.53 inf=2.57 iv=1.14 n=4 d=0 sk=0 hf=98144 hm=97256 ht=283428 pf=0 pm=0 pt=0 ru=233404 rp=234292
17:58:55.955 @I ww=marvin cut=0.50 win=5 cool=1000 tick=100 wifi=0 srv=0 li=0 ln=0
17:58:55.955 @T t=290243 s=0.000 lv=-42.6 pk=-41.5 c0=7.8 c1=9.0 kw=8.66 inf=2.52 iv=1.22 n=3 d=0 sk=0 hf=98144 hm=97256 ht=283428 pf=0 pm=0 pt=0 ru=233404 rp=234292
17:58:55.955 @T t=290352 s=0.000 lv=-42.0 pk=-40.9 c0=4.5 c1=11.5 kw=10.55 inf=2.65 iv=1.19 n=4 d=0 sk=0 hf=98144 hm=97256 ht=283428 pf=0 pm=0 pt=0 ru=233404 rp=234292
17:58:55.955 @T t=290458 s=0.000 lv=-40.6 pk=-38.5 c0=4.2 c1=9.1 kw=8.91 inf=2.91 iv=1.26 n=3 d=0 sk=0 hf=98144 hm=97256 ht=283428 pf=0 pm=0 pt=0 ru=233404 rp=234292
17:58:55.955 @T t=290544 s=0.000 lv=-41.0 pk=-39.3 c0=5.3 c1=10.0 kw=9.78 inf=2.60 iv=1.26 n=3 d=0 sk=0 hf=98144 hm=97256 ht=283428 pf=0 pm=0 pt=0 ru=233404 rp=234292
17:58:55.955 @T t=290652 s=0.000 lv=-41.1 pk=-39.5 c0=4.1 c1=11.0 kw=10.77 inf=2.69 iv=1.19 n=4 d=0 sk=0 hf=98144 hm=97256 ht=283428 pf=0 pm=0 pt=0 ru=233404 rp=234292
17:58:55.955 @T t=290758 s=0.000 lv=-39.4 pk=-38.4 c0=3.3 c1=8.5 kw=8.38 inf=2.73 iv=1.14 n=3 d=0 sk=0 hf=98144 hm=97256 ht=283428 pf=0 pm=0 pt=0 ru=233404 rp=234292
17:58:55.955 @T t=290845 s=0.000 lv=-39.0 pk=-37.4 c0=5.5 c1=10.2 kw=9.75 inf=2.58 iv=1.26 n=3 d=0 sk=0 hf=98144 hm=97256 ht=283428 pf=0 pm=0 pt=0 ru=233404 rp=234292
17:58:55.955 @T t=290954 s=0.000 lv=-39.0 pk=-37.3 c0=9.9 c1=11.3 kw=11.24 inf=2.88 iv=1.41 n=4 d=0 sk=0 hf=98144 hm=97256 ht=283428 pf=0 pm=0 pt=0 ru=233404 rp=234292
17:58:55.955 @T t=291040 s=0.000 lv=-41.5 pk=-40.9 c0=5.1 c1=9.9 kw=9.72 inf=2.59 iv=1.30 n=3 d=0 sk=0 hf=98144 hm=97256 ht=283428 pf=0 pm=0 pt=0 ru=233404 rp=234292
17:58:55.955 @T t=291146 s=0.000 lv=-41.8 pk=-39.5 c0=4.2 c1=8.8 kw=8.56 inf=2.06 iv=1.24 n=2 d=0 sk=2 hf=98144 hm=97256 ht=283428 pf=0 pm=0 pt=0 ru=233404 rp=234292
17:58:55.955 @I ww=marvin cut=0.50 win=5 cool=1000 tick=100 wifi=0 srv=0 li=0 ln=0
17:58:55.955 @T t=291257 s=0.000 lv=-39.2 pk=-37.7 c0=4.7 c1=4.9 kw=4.77 inf=1.54 iv=0.00 n=0 d=0 sk=3 hf=98144 hm=97256 ht=283428 pf=0 pm=0 pt=0 ru=233404 rp=234292
17:58:55.955 @T t=291343 s=0.000 lv=-38.8 pk=-37.3 c0=3.9 c1=5.1 kw=4.97 inf=1.86 iv=0.00 n=0 d=0 sk=2 hf=98144 hm=97256 ht=283428 pf=0 pm=0 pt=0 ru=233404 rp=234292
17:58:55.955 [status] up 291s | mic -39.6 dBFS (peak -32.1) | score max 0.00 | detections 0 | inferences 230 (23.0/s; model 1.18 ms each, paused in quiet 32%; features 1.41 ms per 30 ms) | CPU core0  5.0% core1  8.4% (wake word pipeline 8.18% of one core) | RAM used 227 KB (peak 228 KB, 95 KB free) | wifi --, server -- | audio lost since boot: i2s 0 net 0
17:58:55.955 @T t=291453 s=0.000 lv=-39.4 pk=-37.4 c0=26.5 c1=6.2 kw=5.95 inf=1.43 iv=0.00 n=0 d=0 sk=4 hf=98144 hm=97256 ht=283428 pf=0 pm=0 pt=0 ru=233404 rp=234292
17:58:58.378 @T t=291539 s=0.000 lv=-41.1 pk=-39.2 c0=4.4 c1=5.0 kw=4.88 inf=1.83 iv=0.00 n=0 d=0 sk=2 hf=98144 hm=97256 ht=283428 pf=0 pm=0 pt=0 ru=233404 rp=234292
17:58:58.379 @T t=291645 s=0.000 lv=-42.2 pk=-40.9 c0=3.1 c1=5.4 kw=5.07 inf=1.52 iv=0.00 n=0 d=0 sk=3 hf=98144 hm=97256 ht=283428 pf=0 pm=0 pt=0 ru=233404 rp=234292
17:58:58.379 @T t=291751 s=0.000 lv=-40.9 pk=-40.4 c0=6.2 c1=6.2 kw=5.73 inf=1.80 iv=0.00 n=0 d=0 sk=3 hf=98144 hm=97256 ht=283428 pf=0 pm=0 pt=0 ru=233404 rp=234292
17:58:58.379 @T t=291857 s=0.000 lv=-40.2 pk=-37.9 c0=6.6 c1=5.1 kw=4.92 inf=1.52 iv=0.00 n=0 d=0 sk=3 hf=98144 hm=97256 ht=283428 pf=0 pm=0 pt=0 ru=233404 rp=234292
17:58:58.379 @T t=291943 s=0.000 lv=-39.9 pk=-39.3 c0=3.8 c1=5.0 kw=4.92 inf=1.84 iv=0.00 n=0 d=0 sk=2 hf=98144 hm=97256 ht=283428 pf=0 pm=0 pt=0 ru=233404 rp=234292
17:58:58.379 @T t=292048 s=0.000 lv=-40.5 pk=-39.1 c0=3.0 c1=6.1 kw=5.93 inf=1.36 iv=0.00 n=0 d=0 sk=4 hf=98144 hm=97256 ht=283428 pf=0 pm=0 pt=0 ru=233404 rp=234292
17:58:58.379 @T t=292154 s=0.000 lv=-42.5 pk=-41.6 c0=2.9 c1=5.0 kw=4.88 inf=1.50 iv=0.00 n=0 d=0 sk=3 hf=98144 hm=97256 ht=283428 pf=0 pm=0 pt=0 ru=233404 rp=234292
17:58:58.379 @I ww=marvin cut=0.50 win=5 cool=1000 tick=100 wifi=0 srv=0 li=0 ln=0
17:58:58.379 @T t=292246 s=0.000 lv=-42.7 pk=-41.9 c0=4.8 c1=5.9 kw=5.69 inf=1.52 iv=0.00 n=0 d=0 sk=3 hf=98144 hm=97256 ht=283428 pf=0 pm=0 pt=0 ru=233404 rp=234292
17:58:58.379 @T t=292352 s=0.000 lv=-42.0 pk=-40.9 c0=4.4 c1=5.1 kw=4.93 inf=1.52 iv=0.00 n=0 d=0 sk=3 hf=98144 hm=97256 ht=283428 pf=0 pm=0 pt=0 ru=233404 rp=234292
17:58:58.379 @T t=292458 s=0.000 lv=-42.0 pk=-40.7 c0=6.4 c1=5.1 kw=4.99 inf=1.54 iv=0.00 n=0 d=0 sk=3 hf=98144 hm=97256 ht=283428 pf=0 pm=0 pt=0 ru=233404 rp=234292
17:58:58.379 @T t=292544 s=0.000 lv=-42.4 pk=-40.5 c0=3.7 c1=5.0 kw=4.83 inf=1.81 iv=0.00 n=0 d=0 sk=2 hf=98144 hm=97256 ht=283428 pf=0 pm=0 pt=0 ru=233404 rp=234292
17:58:58.379 W (292951) wifi: cannot connect (reason 201). Check the name/password in menuconfig; the ESP32 needs a 2.4 GHz network (201 = network not found, 15/204 = wrong password)
17:58:58.379 @T t=292650 s=0.000 lv=-41.2 pk=-39.8 c0=7.5 c1=6.4 kw=6.05 inf=1.40 iv=0.00 n=0 d=0 sk=4 hf=98144 hm=97256 ht=283428 pf=0 pm=0 pt=0 ru=233404 rp=234292
17:58:58.379 @T t=292756 s=0.000 lv=-40.2 pk=-38.6 c0=4.0 c1=5.2 kw=5.03 inf=1.55 iv=0.00 n=0 d=0 sk=3 hf=98144 hm=97256 ht=283428 pf=0 pm=0 pt=0 ru=233404 rp=234292
17:58:58.379 @T t=292842 s=0.000 lv=-43.0 pk=-42.1 c0=4.8 c1=5.1 kw=4.94 inf=1.85 iv=0.00 n=0 d=0 sk=2 hf=98144 hm=97256 ht=283428 pf=0 pm=0 pt=0 ru=233404 rp=234292
17:58:58.379 @T t=292948 s=0.000 lv=-41.9 pk=-40.7 c0=4.1 c1=6.2 kw=6.03 inf=1.39 iv=0.00 n=0 d=0 sk=4 hf=98144 hm=97256 ht=283428 pf=0 pm=0 pt=0 ru=233404 rp=234292
17:58:58.379 @T t=293054 s=0.000 lv=-40.7 pk=-39.2 c0=3.2 c1=5.0 kw=4.94 inf=1.52 iv=0.00 n=0 d=0 sk=3 hf=98144 hm=97256 ht=283428 pf=0 pm=0 pt=0 ru=233404 rp=234292
17:58:58.379 @T t=293140 s=0.000 lv=-41.8 pk=-41.2 c0=7.9 c1=5.1 kw=4.93 inf=1.85 iv=0.00 n=0 d=0 sk=2 hf=98144 hm=97256 ht=283428 pf=0 pm=0 pt=0 ru=233404 rp=234292
17:58:58.379 @I ww=marvin cut=0.50 win=5 cool=1000 tick=100 wifi=0 srv=0 li=0 ln=0
17:58:58.379 @T t=293252 s=0.000 lv=-41.0 pk=-38.9 c0=4.5 c1=5.9 kw=5.67 inf=1.38 iv=0.00 n=0 d=0 sk=4 hf=98144 hm=97256 ht=283428 pf=0 pm=0 pt=0 ru=233404 rp=234292
17:58:58.379 @T t=293358 s=0.000 lv=-40.4 pk=-39.6 c0=4.6 c1=5.9 kw=5.00 inf=1.54 iv=0.00 n=0 d=0 sk=3 hf=98144 hm=97256 ht=283428 pf=0 pm=0 pt=0 ru=233404 rp=234292
17:58:58.379 @T t=293444 s=0.000 lv=-42.4 pk=-41.6 c0=5.0 c1=5.2 kw=5.07 inf=1.90 iv=0.00 n=0 d=0 sk=2 hf=98144 hm=97256 ht=283428 pf=0 pm=0 pt=0 ru=233404 rp=234292
17:58:58.379 @T t=293553 s=0.000 lv=-43.4 pk=-42.2 c0=9.3 c1=6.1 kw=5.87 inf=1.39 iv=0.00 n=0 d=0 sk=4 hf=98144 hm=97256 ht=283428 pf=0 pm=0 pt=0 ru=233404 rp=234292
17:58:58.379 @T t=293639 s=0.000 lv=-40.7 pk=-39.6 c0=4.0 c1=5.1 kw=4.97 inf=1.87 iv=0.00 n=0 d=0 sk=2 hf=98144 hm=97256 ht=283428 pf=0 pm=0 pt=0 ru=233404 rp=234292
17:58:58.379 @T t=293745 s=0.000 lv=-41.3 pk=-39.4 c0=3.8 c1=5.5 kw=5.12 inf=1.54 iv=0.00 n=0 d=0 sk=3 hf=98144 hm=97256 ht=283428 pf=0 pm=0 pt=0 ru=233404 rp=234292
17:58:58.379 @T t=293851 s=0.000 lv=-41.8 pk=-40.4 c0=4.1 c1=6.4 kw=5.86 inf=1.84 iv=0.00 n=0 d=0 sk=3 hf=98144 hm=97256 ht=283428 pf=0 pm=0 pt=0 ru=233404 rp=234292
17:59:00.871 @T t=293957 s=0.000 lv=-41.6 pk=-40.5 c0=4.1 c1=5.1 kw=4.98 inf=1.53 iv=0.00 n=0 d=0 sk=3 hf=98144 hm=97256 ht=283428 pf=0 pm=0 pt=0 ru=233404 rp=234292
17:59:00.871 @T t=294043 s=0.000 lv=-43.2 pk=-42.1 c0=3.8 c1=5.0 kw=4.88 inf=1.83 iv=0.00 n=0 d=0 sk=2 hf=98144 hm=97256 ht=283428 pf=0 pm=0 pt=0 ru=233404 rp=234292
17:59:00.871 @T t=294148 s=0.000 lv=-42.7 pk=-41.3 c0=2.9 c1=6.1 kw=5.95 inf=1.36 iv=0.00 n=0 d=0 sk=4 hf=98144 hm=97256 ht=283428 pf=0 pm=0 pt=0 ru=233404 rp=234292
17:59:00.871 @I ww=marvin cut=0.50 win=5 cool=1000 tick=100 wifi=0 srv=0 li=0 ln=0
17:59:00.871 @T t=294240 s=0.000 lv=-40.0 pk=-39.2 c0=4.3 c1=4.7 kw=4.61 inf=1.85 iv=0.00 n=0 d=0 sk=2 hf=98144 hm=97256 ht=283428 pf=0 pm=0 pt=0 ru=233404 rp=234292
17:59:00.871 @T t=294346 s=0.000 lv=-42.5 pk=-41.6 c0=6.6 c1=6.1 kw=5.88 inf=1.36 iv=0.00 n=0 d=0 sk=4 hf=98144 hm=97256 ht=283428 pf=0 pm=0 pt=0 ru=233404 rp=234292
17:59:00.871 @T t=294452 s=0.000 lv=-41.5 pk=-40.4 c0=3.7 c1=5.9 kw=5.00 inf=1.54 iv=0.00 n=0 d=0 sk=3 hf=98144 hm=97256 ht=283428 pf=0 pm=0 pt=0 ru=233404 rp=234292
17:59:00.871 @T t=294558 s=0.000 lv=-40.4 pk=-38.9 c0=3.2 c1=5.0 kw=4.92 inf=1.52 iv=0.00 n=0 d=0 sk=3 hf=98144 hm=97256 ht=283428 pf=0 pm=0 pt=0 ru=233404 rp=234292
17:59:00.871 @T t=294644 s=0.000 lv=-41.4 pk=-41.1 c0=4.3 c1=5.1 kw=4.91 inf=1.84 iv=0.00 n=0 d=0 sk=2 hf=98144 hm=97256 ht=283428 pf=0 pm=0 pt=0 ru=233404 rp=234292
17:59:00.871 @T t=294750 s=0.000 lv=-42.1 pk=-41.0 c0=6.3 c1=6.1 kw=5.91 inf=1.36 iv=0.00 n=0 d=0 sk=4 hf=98144 hm=97256 ht=283428 pf=0 pm=0 pt=0 ru=233404 rp=234292
17:59:00.871 @T t=294857 s=0.000 lv=-42.8 pk=-41.8 c0=3.1 c1=4.9 kw=4.81 inf=1.49 iv=0.00 n=0 d=0 sk=3 hf=98144 hm=97256 ht=283428 pf=0 pm=0 pt=0 ru=233404 rp=234292
17:59:00.871 @T t=294943 s=0.000 lv=-43.9 pk=-43.0 c0=7.6 c1=5.1 kw=4.90 inf=1.84 iv=0.00 n=0 d=0 sk=2 hf=98144 hm=97256 ht=283428 pf=0 pm=0 pt=0 ru=233404 rp=234292
17:59:00.871 @T t=295049 s=0.000 lv=-41.2 pk=-39.6 c0=5.2 c1=6.5 kw=6.18 inf=1.42 iv=0.00 n=0 d=0 sk=4 hf=98144 hm=97256 ht=283428 pf=0 pm=0 pt=0 ru=233404 rp=234292
17:59:00.871 @T t=295155 s=0.000 lv=-42.5 pk=-41.1 c0=4.6 c1=5.2 kw=5.06 inf=1.56 iv=0.00 n=0 d=0 sk=3 hf=98144 hm=97256 ht=283428 pf=0 pm=0 pt=0 ru=233404 rp=234292
17:59:00.871 @I ww=marvin cut=0.50 win=5 cool=1000 tick=100 wifi=0 srv=0 li=0 ln=0
17:59:00.871 @T t=295247 s=0.000 lv=-43.0 pk=-41.9 c0=5.4 c1=6.0 kw=5.81 inf=1.56 iv=0.00 n=0 d=0 sk=3 hf=98144 hm=97256 ht=283428 pf=0 pm=0 pt=0 ru=233404 rp=234292
17:59:00.871 @T t=295353 s=0.000 lv=-43.3 pk=-42.3 c0=4.5 c1=5.2 kw=4.92 inf=1.51 iv=0.00 n=0 d=0 sk=3 hf=98144 hm=97256 ht=283428 pf=0 pm=0 pt=0 ru=233404 rp=234292
17:59:00.871 @T t=295439 s=0.000 lv=-43.1 pk=-42.7 c0=4.0 c1=6.8 kw=5.01 inf=1.88 iv=0.00 n=0 d=0 sk=2 hf=98144 hm=97256 ht=283428 pf=0 pm=0 pt=0 ru=233404 rp=234292
17:59:00.871 @T t=295545 s=0.000 lv=-40.9 pk=-38.0 c0=3.9 c1=5.5 kw=5.11 inf=1.54 iv=0.00 n=0 d=0 sk=3 hf=98144 hm=97256 ht=283428 pf=0 pm=0 pt=0 ru=233404 rp=234292
17:59:00.871 @T t=295651 s=0.000 lv=-40.4 pk=-39.4 c0=4.2 c1=6.4 kw=5.90 inf=1.86 iv=0.00 n=0 d=0 sk=3 hf=98144 hm=97256 ht=283428 pf=0 pm=0 pt=0 ru=233404 rp=234292
17:59:00.871 @T t=295757 s=0.000 lv=-41.8 pk=-41.1 c0=4.0 c1=5.2 kw=5.01 inf=1.54 iv=0.00 n=0 d=0 sk=3 hf=98144 hm=97256 ht=283428 pf=0 pm=0 pt=0 ru=233404 rp=234292
17:59:00.871 @T t=295843 s=0.000 lv=-42.2 pk=-40.6 c0=4.8 c1=5.1 kw=4.89 inf=1.83 iv=0.00 n=0 d=0 sk=2 hf=98144 hm=97256 ht=283428 pf=0 pm=0 pt=0 ru=233404 rp=234292
17:59:00.871 @T t=295952 s=0.000 lv=-42.2 pk=-40.8 c0=3.7 c1=6.0 kw=5.84 inf=1.39 iv=0.00 n=0 d=0 sk=4 hf=98144 hm=97256 ht=283428 pf=0 pm=0 pt=0 ru=233404 rp=234292
17:59:00.871 @T t=296058 s=0.000 lv=-42.8 pk=-41.8 c0=3.3 c1=5.1 kw=4.96 inf=1.53 iv=0.00 n=0 d=0 sk=3 hf=98144 hm=97256 ht=283428 pf=0 pm=0 pt=0 ru=233404 rp=234292
17:59:00.871 @T t=296144 s=0.000 lv=-43.5 pk=-42.5 c0=4.6 c1=5.2 kw=4.96 inf=1.86 iv=0.00 n=0 d=0 sk=2 hf=98144 hm=97256 ht=283428 pf=0 pm=0 pt=0 ru=233404 rp=234292
17:59:00.871 @I ww=marvin cut=0.50 win=5 cool=1000 tick=100 wifi=0 srv=0 li=0 ln=0
17:59:00.871 @T t=296255 s=0.000 lv=-43.3 pk=-42.3 c0=4.7 c1=5.9 kw=5.75 inf=1.39 iv=0.00 n=0 d=0 sk=4 hf=98144 hm=97256 ht=283428 pf=0 pm=0 pt=0 ru=233404 rp=234292
17:59:00.871 @T t=296341 s=0.000 lv=-42.6 pk=-41.4 c0=4.5 c1=5.1 kw=4.97 inf=1.86 iv=0.00 n=0 d=0 sk=2 hf=98144 hm=97256 ht=283428 pf=0 pm=0 pt=0 ru=233404 rp=234292
17:59:03.468 @T t=296447 s=0.000 lv=-43.1 pk=-41.2 c0=3.6 c1=6.9 kw=5.93 inf=1.37 iv=0.00 n=0 d=0 sk=4 hf=98144 hm=97256 ht=283428 pf=0 pm=0 pt=0 ru=233404 rp=234292
17:59:03.468 @T t=296553 s=0.000 lv=-41.3 pk=-40.6 c0=3.2 c1=5.0 kw=4.94 inf=1.52 iv=0.00 n=0 d=0 sk=3 hf=98144 hm=97256 ht=283428 pf=0 pm=0 pt=0 ru=233404 rp=234292
17:59:03.468 @T t=296639 s=0.000 lv=-41.5 pk=-40.6 c0=7.7 c1=5.0 kw=4.83 inf=1.81 iv=0.00 n=0 d=0 sk=2 hf=98144 hm=97256 ht=283428 pf=0 pm=0 pt=0 ru=233404 rp=234292
17:59:03.468 @T t=296745 s=0.000 lv=-41.9 pk=-40.5 c0=3.4 c1=5.4 kw=5.04 inf=1.51 iv=0.00 n=0 d=0 sk=3 hf=98144 hm=97256 ht=283428 pf=0 pm=0 pt=0 ru=233404 rp=234292
17:59:03.468 @T t=296851 s=0.000 lv=-42.4 pk=-41.6 c0=3.1 c1=6.2 kw=5.76 inf=1.81 iv=0.00 n=0 d=0 sk=3 hf=98144 hm=97256 ht=283428 pf=0 pm=0 pt=0 ru=233404 rp=234292
17:59:03.469 @T t=296958 s=0.000 lv=-41.6 pk=-39.7 c0=3.1 c1=5.0 kw=4.87 inf=1.52 iv=0.00 n=0 d=0 sk=3 hf=98144 hm=97256 ht=283428 pf=0 pm=0 pt=0 ru=233404 rp=234292
17:59:03.469 @T t=297044 s=0.000 lv=-40.1 pk=-38.2 c0=4.2 c1=5.1 kw=4.89 inf=1.83 iv=0.00 n=0 d=0 sk=2 hf=98144 hm=97256 ht=283428 pf=0 pm=0 pt=0 ru=233404 rp=234292
17:59:03.469 @T t=297150 s=0.000 lv=-42.0 pk=-40.5 c0=3.1 c1=6.1 kw=5.96 inf=1.37 iv=0.00 n=0 d=0 sk=4 hf=98144 hm=97256 ht=283428 pf=0 pm=0 pt=0 ru=233404 rp=234292
17:59:03.469 @I ww=marvin cut=0.50 win=5 cool=1000 tick=100 wifi=0 srv=0 li=0 ln=0
17:59:03.469 @T t=297242 s=0.000 lv=-42.8 pk=-41.2 c0=4.3 c1=4.6 kw=4.52 inf=1.81 iv=0.00 n=0 d=0 sk=2 hf=98144 hm=97256 ht=283428 pf=0 pm=0 pt=0 ru=233404 rp=234292
17:59:03.469 @T t=297348 s=0.000 lv=-42.0 pk=-40.0 c0=6.2 c1=6.1 kw=5.90 inf=1.37 iv=0.00 n=0 d=0 sk=4 hf=98144 hm=97256 ht=283428 pf=0 pm=0 pt=0 ru=233404 rp=234292
17:59:03.469 @T t=297454 s=0.000 lv=-40.4 pk=-39.0 c0=8.4 c1=6.2 kw=5.17 inf=1.59 iv=0.00 n=0 d=0 sk=3 hf=98144 hm=97256 ht=283428 pf=0 pm=0 pt=0 ru=233404 rp=234292
17:59:03.469 @T t=297540 s=0.000 lv=-42.9 pk=-41.5 c0=5.0 c1=5.1 kw=4.98 inf=1.86 iv=0.00 n=0 d=0 sk=2 hf=98144 hm=97256 ht=283428 pf=0 pm=0 pt=0 ru=233404 rp=234292
17:59:03.469 @T t=297646 s=0.000 lv=-40.4 pk=-36.3 c0=3.9 c1=6.4 kw=5.06 inf=1.52 iv=0.00 n=0 d=0 sk=3 hf=98144 hm=97256 ht=283428 pf=0 pm=0 pt=0 ru=233404 rp=234292
17:59:03.469 @T t=297754 s=0.000 lv=-41.0 pk=-40.1 c0=3.8 c1=18.0 kw=18.89 inf=1.51 iv=1.07 n=13 d=0 sk=0 hf=98144 hm=97256 ht=283428 pf=0 pm=0 pt=0 ru=233404 rp=234292
17:59:03.469 @T t=297839 s=0.000 lv=-40.3 pk=-39.7 c0=4.3 c1=9.7 kw=9.53 inf=2.51 iv=1.20 n=3 d=0 sk=0 hf=98144 hm=97256 ht=283428 pf=0 pm=0 pt=0 ru=233404 rp=234292
17:59:03.469 @T t=297945 s=0.000 lv=-41.4 pk=-40.4 c0=7.0 c1=9.5 kw=9.11 inf=2.93 iv=1.30 n=3 d=0 sk=0 hf=98144 hm=97256 ht=283428 pf=0 pm=0 pt=0 ru=233404 rp=234292
17:59:03.469 @T t=298051 s=0.000 lv=-39.5 pk=-37.4 c0=4.3 c1=11.4 kw=11.39 inf=2.84 iv=1.35 n=4 d=0 sk=0 hf=98144 hm=97256 ht=283428 pf=0 pm=0 pt=0 ru=233404 rp=234292
17:59:03.469 @T t=298157 s=0.000 lv=-40.6 pk=-39.2 c0=4.2 c1=10.2 kw=9.97 inf=2.46 iv=1.24 n=4 d=0 sk=0 hf=98144 hm=97256 ht=283428 pf=0 pm=0 pt=0 ru=233404 rp=234292
17:59:03.469 @I ww=marvin cut=0.50 win=5 cool=1000 tick=100 wifi=0 srv=0 li=0 ln=0
17:59:03.469 @T t=298248 s=0.001 lv=-40.6 pk=-37.1 c0=5.8 c1=10.7 kw=10.43 inf=2.93 iv=1.30 n=3 d=0 sk=0 hf=98144 hm=97256 ht=283428 pf=0 pm=0 pt=0 ru=233404 rp=234292
17:59:03.469 @T t=298357 s=0.002 lv=-39.5 pk=-38.0 c0=4.1 c1=8.5 kw=8.23 inf=2.75 iv=1.17 n=3 d=0 sk=0 hf=97932 hm=96888 ht=283428 pf=0 pm=0 pt=0 ru=233616 rp=234660
17:59:03.469 @T t=298445 s=0.002 lv=-39.5 pk=-37.2 c0=5.0 c1=12.6 kw=9.54 inf=2.56 iv=1.24 n=3 d=0 sk=0 hf=98144 hm=96888 ht=283428 pf=0 pm=0 pt=0 ru=233404 rp=234660
17:59:03.469 @T t=298554 s=0.000 lv=-41.0 pk=-40.0 c0=4.0 c1=10.9 kw=10.83 inf=2.77 iv=1.31 n=4 d=0 sk=0 hf=98144 hm=96888 ht=283428 pf=0 pm=0 pt=0 ru=233404 rp=234660
17:59:03.469 @T t=298640 s=0.004 lv=-40.6 pk=-38.5 c0=5.3 c1=10.1 kw=9.85 inf=2.63 iv=1.30 n=3 d=0 sk=0 hf=98144 hm=96888 ht=283428 pf=0 pm=0 pt=0 ru=233404 rp=234660
17:59:03.469 @T t=298746 s=0.005 lv=-42.1 pk=-39.9 c0=3.8 c1=10.2 kw=8.85 inf=2.84 iv=1.23 n=3 d=0 sk=0 hf=98144 hm=96888 ht=283428 pf=0 pm=0 pt=0 ru=233404 rp=234660
17:59:03.469 @T t=298855 s=0.002 lv=-40.9 pk=-39.8 c0=3.2 c1=9.6 kw=10.13 inf=2.59 iv=1.16 n=4 d=0 sk=0 hf=98144 hm=96888 ht=283428 pf=0 pm=0 pt=0 ru=233404 rp=234660
17:59:03.469 @T t=298941 s=0.000 lv=-40.8 pk=-39.6 c0=8.0 c1=9.5 kw=9.27 inf=2.47 iv=1.18 n=3 d=0 sk=0 hf=98144 hm=96888 ht=283428 pf=0 pm=0 pt=0 ru=233404 rp=234660
17:59:05.815 @T t=299047 s=0.000 lv=-36.7 pk=-33.8 c0=3.3 c1=10.6 kw=10.42 inf=2.55 iv=1.12 n=4 d=0 sk=0 hf=98144 hm=96888 ht=283428 pf=0 pm=0 pt=0 ru=233404 rp=234660
17:59:05.815 @T t=299153 s=0.000 lv=-40.0 pk=-38.6 c0=7.0 c1=8.8 kw=8.58 inf=2.79 iv=1.18 n=3 d=0 sk=0 hf=98144 hm=96888 ht=283428 pf=0 pm=0 pt=0 ru=233404 rp=234660
17:59:05.815 @I ww=marvin cut=0.50 win=5 cool=1000 tick=100 wifi=0 srv=0 li=0 ln=0
17:59:05.815 @T t=299244 s=0.002 lv=-39.8 pk=-39.4 c0=4.8 c1=9.0 kw=8.79 inf=2.48 iv=1.19 n=3 d=0 sk=0 hf=98144 hm=96888 ht=283428 pf=0 pm=0 pt=0 ru=233404 rp=234660
17:59:05.815 @T t=299350 s=0.004 lv=-38.2 pk=-36.5 c0=3.3 c1=10.8 kw=10.53 inf=2.57 iv=1.13 n=4 d=0 sk=0 hf=98144 hm=96888 ht=283428 pf=0 pm=0 pt=0 ru=233404 rp=234660
17:59:05.815 @T t=299456 s=0.003 lv=-40.2 pk=-38.8 c0=4.4 c1=9.8 kw=8.89 inf=2.90 iv=1.27 n=3 d=0 sk=0 hf=98144 hm=96888 ht=283428 pf=0 pm=0 pt=0 ru=233404 rp=234660
17:59:05.815 @T t=299542 s=0.013 lv=-41.7 pk=-39.9 c0=4.1 c1=9.6 kw=9.38 inf=2.50 iv=1.21 n=3 d=0 sk=0 hf=98144 hm=96888 ht=283428 pf=0 pm=0 pt=0 ru=233404 rp=234660
17:59:05.815 @T t=299648 s=0.016 lv=-38.9 pk=-37.5 c0=3.3 c1=10.7 kw=10.50 inf=2.57 iv=1.13 n=4 d=0 sk=0 hf=98144 hm=96888 ht=283428 pf=0 pm=0 pt=0 ru=233404 rp=234660
17:59:05.815 @T t=299754 s=0.006 lv=-38.1 pk=-36.2 c0=6.5 c1=8.7 kw=8.49 inf=2.77 iv=1.16 n=3 d=0 sk=0 hf=98144 hm=96888 ht=283428 pf=0 pm=0 pt=0 ru=233404 rp=234660
17:59:05.815 @T t=299840 s=0.002 lv=-42.9 pk=-42.1 c0=10.1 c1=10.3 kw=9.95 inf=2.65 iv=1.33 n=3 d=0 sk=0 hf=98144 hm=96888 ht=283428 pf=0 pm=0 pt=0 ru=233404 rp=234660
17:59:05.815 @T t=299946 s=0.003 lv=-38.7 pk=-35.3 c0=4.3 c1=10.4 kw=9.09 inf=2.92 iv=1.30 n=3 d=0 sk=0 hf=98144 hm=96888 ht=283428 pf=0 pm=0 pt=0 ru=233404 rp=234660
17:59:05.815 @T t=300055 s=0.003 lv=-40.2 pk=-38.2 c0=3.9 c1=10.1 kw=10.50 inf=2.68 iv=1.24 n=4 d=0 sk=0 hf=98144 hm=96888 ht=283428 pf=0 pm=0 pt=0 ru=233404 rp=234660
17:59:05.815 @T t=300144 s=0.000 lv=-39.3 pk=-38.0 c0=3.8 c1=8.9 kw=8.71 inf=2.39 iv=1.12 n=3 d=0 sk=0 hf=98144 hm=96888 ht=283428 pf=0 pm=0 pt=0 ru=233404 rp=234660
17:59:05.815 @I ww=marvin cut=0.50 win=5 cool=1000 tick=100 wifi=0 srv=0 li=0 ln=0
17:59:05.815 @T t=300239 s=0.000 lv=-41.3 pk=-40.5 c0=5.3 c1=9.8 kw=9.52 inf=2.77 iv=1.13 n=3 d=0 sk=0 hf=98144 hm=96888 ht=283428 pf=0 pm=0 pt=0 ru=233404 rp=234660
17:59:05.815 @T t=300345 s=0.000 lv=-37.7 pk=-36.1 c0=4.2 c1=9.4 kw=8.97 inf=2.88 iv=1.24 n=3 d=0 sk=0 hf=98144 hm=96888 ht=283428 pf=0 pm=0 pt=0 ru=233404 rp=234660
17:59:05.815 @T t=300451 s=0.000 lv=-40.1 pk=-38.9 c0=7.7 c1=12.1 kw=11.28 inf=2.81 iv=1.32 n=4 d=0 sk=0 hf=98144 hm=96888 ht=283428 pf=0 pm=0 pt=0 ru=233404 rp=234660
17:59:05.815 @T t=300540 s=0.000 lv=-40.9 pk=-39.6 c0=4.9 c1=9.5 kw=9.30 inf=2.56 iv=1.24 n=3 d=0 sk=0 hf=98144 hm=96888 ht=283428 pf=0 pm=0 pt=0 ru=233404 rp=234660
17:59:05.815 @T t=300646 s=0.000 lv=-40.3 pk=-36.2 c0=4.4 c1=10.1 kw=8.57 inf=2.06 iv=0.88 n=4 d=0 sk=0 hf=98144 hm=96888 ht=283428 pf=0 pm=0 pt=0 ru=233404 rp=234660
17:59:05.815 @T t=300752 s=0.000 lv=-41.4 pk=-40.0 c0=6.2 c1=10.2 kw=11.29 inf=3.75 iv=1.64 n=3 d=0 sk=0 hf=98144 hm=96888 ht=283428 pf=0 pm=0 pt=0 ru=233404 rp=234660
17:59:05.816 @T t=300858 s=0.000 lv=-41.7 pk=-41.0 c0=4.5 c1=10.0 kw=9.79 inf=2.41 iv=1.20 n=4 d=0 sk=0 hf=98144 hm=96888 ht=283428 pf=0 pm=0 pt=0 ru=233404 rp=234660
17:59:05.816 @T t=300944 s=0.000 lv=-42.3 pk=-41.0 c0=9.3 c1=8.7 kw=8.52 inf=3.38 iv=1.36 n=2 d=0 sk=0 hf=98144 hm=96888 ht=283428 pf=0 pm=0 pt=0 ru=233404 rp=234660
17:59:05.816 @T t=301052 s=0.000 lv=-36.3 pk=-33.1 c0=4.3 c1=11.0 kw=10.73 inf=2.67 iv=1.20 n=4 d=0 sk=0 hf=98144 hm=96888 ht=283428 pf=0 pm=0 pt=0 ru=233404 rp=234660
17:59:05.816 @T t=301158 s=0.000 lv=-35.7 pk=-32.2 c0=3.9 c1=10.0 kw=9.76 inf=2.41 iv=1.20 n=4 d=0 sk=0 hf=98144 hm=96888 ht=283428 pf=0 pm=0 pt=0 ru=233404 rp=234660
17:59:05.816 @I ww=marvin cut=0.50 win=5 cool=1000 tick=100 wifi=0 srv=0 li=0 ln=0
17:59:05.816 @T t=301249 s=0.000 lv=-38.5 pk=-37.8 c0=4.8 c1=9.9 kw=9.72 inf=2.71 iv=1.12 n=3 d=0 sk=0 hf=98144 hm=96888 ht=283428 pf=0 pm=0 pt=0 ru=233404 rp=234660
17:59:05.816 @T t=301355 s=0.000 lv=-41.8 pk=-41.2 c0=3.2 c1=8.7 kw=8.47 inf=2.76 iv=1.17 n=3 d=0 sk=0 hf=98144 hm=96888 ht=283428 pf=0 pm=0 pt=0 ru=233404 rp=234660
17:59:08.273 [status] up 301s | mic -40.8 dBFS (peak -32.2) | score max 0.02 | detections 0 | inferences 133 (13.3/s; model 1.20 ms each, paused in quiet 58%; features 1.48 ms per 30 ms) | CPU core0  5.0% core1  7.3% (wake word pipeline 7.00% of one core) | RAM used 227 KB (peak 229 KB, 95 KB free) | wifi --, server -- | audio lost since boot: i2s 0 net 0
17:59:08.273 @T t=301446 s=0.000 lv=-40.5 pk=-39.2 c0=14.5 c1=11.3 kw=9.74 inf=2.71 iv=1.35 n=3 d=0 sk=0 hf=98144 hm=96888 ht=283428 pf=0 pm=0 pt=0 ru=233404 rp=234660
17:59:08.274 @T t=301552 s=0.000 lv=-43.3 pk=-41.2 c0=7.0 c1=10.1 kw=10.54 inf=2.62 iv=1.18 n=4 d=0 sk=0 hf=98144 hm=96888 ht=283428 pf=0 pm=0 pt=0 ru=233404 rp=234660
17:59:08.274 @T t=301658 s=0.000 lv=-41.2 pk=-40.1 c0=3.3 c1=8.7 kw=8.51 inf=2.77 iv=1.18 n=3 d=0 sk=0 hf=98144 hm=96888 ht=283428 pf=0 pm=0 pt=0 ru=233404 rp=234660
17:59:08.274 @T t=301744 s=0.000 lv=-40.6 pk=-39.6 c0=8.0 c1=9.5 kw=9.31 inf=2.48 iv=1.18 n=3 d=0 sk=0 hf=98144 hm=96888 ht=283428 pf=0 pm=0 pt=0 ru=233404 rp=234660
17:59:08.274 @T t=301853 s=0.000 lv=-37.5 pk=-35.9 c0=9.3 c1=10.8 kw=10.44 inf=2.63 iv=1.16 n=4 d=0 sk=0 hf=98144 hm=96888 ht=283428 pf=0 pm=0 pt=0 ru=233404 rp=234660
17:59:08.274 @T t=301939 s=0.000 lv=-36.8 pk=-35.2 c0=4.1 c1=9.4 kw=9.35 inf=2.48 iv=1.19 n=3 d=0 sk=0 hf=98144 hm=96888 ht=283428 pf=0 pm=0 pt=0 ru=233404 rp=234660
17:59:08.274 @T t=302045 s=0.000 lv=-41.4 pk=-39.9 c0=3.3 c1=9.0 kw=8.59 inf=2.76 iv=1.16 n=3 d=0 sk=0 hf=98144 hm=96888 ht=283428 pf=0 pm=0 pt=0 ru=233404 rp=234660
17:59:08.274 @T t=302151 s=0.000 lv=-41.1 pk=-39.7 c0=3.3 c1=10.8 kw=10.73 inf=2.67 iv=1.25 n=4 d=0 sk=0 hf=98144 hm=96888 ht=283428 pf=0 pm=0 pt=0 ru=233404 rp=234660
17:59:08.274 @I ww=marvin cut=0.50 win=5 cool=1000 tick=100 wifi=0 srv=0 li=0 ln=0
17:59:08.274 @T t=302243 s=0.000 lv=-42.7 pk=-41.9 c0=6.7 c1=9.7 kw=9.32 inf=2.66 iv=1.34 n=3 d=0 sk=0 hf=98144 hm=96888 ht=283428 pf=0 pm=0 pt=0 ru=233404 rp=234660
17:59:08.274 @T t=302351 s=0.000 lv=-42.6 pk=-42.1 c0=4.4 c1=11.1 kw=10.81 inf=2.70 iv=1.24 n=4 d=0 sk=0 hf=98144 hm=96888 ht=283428 pf=0 pm=0 pt=0 ru=233404 rp=234660
17:59:08.274 @T t=302440 s=0.000 lv=-40.8 pk=-40.1 c0=4.4 c1=8.9 kw=7.86 inf=3.22 iv=1.29 n=2 d=0 sk=0 hf=98144 hm=96888 ht=283428 pf=0 pm=0 pt=0 ru=233404 rp=234660
17:59:08.274 @T t=302546 s=0.000 lv=-38.9 pk=-36.6 c0=4.6 c1=11.2 kw=10.96 inf=2.69 iv=1.23 n=4 d=0 sk=0 hf=98144 hm=96888 ht=283428 pf=0 pm=0 pt=0 ru=233404 rp=234660
17:59:08.274 @T t=302652 s=0.000 lv=-41.7 pk=-39.9 c0=4.2 c1=10.1 kw=9.90 inf=2.44 iv=1.23 n=4 d=0 sk=0 hf=98144 hm=96888 ht=283428 pf=0 pm=0 pt=0 ru=233404 rp=234660
17:59:08.274 @T t=302758 s=0.000 lv=-43.3 pk=-41.3 c0=4.2 c1=9.2 kw=8.96 inf=2.93 iv=1.30 n=3 d=0 sk=0 hf=98144 hm=96888 ht=283428 pf=0 pm=0 pt=0 ru=233404 rp=234660
17:59:08.274 @T t=302844 s=0.000 lv=-41.8 pk=-40.6 c0=5.1 c1=10.0 kw=9.80 inf=2.61 iv=1.31 n=3 d=0 sk=0 hf=98144 hm=96888 ht=283428 pf=0 pm=0 pt=0 ru=233404 rp=234660
17:59:08.274 @T t=302953 s=0.000 lv=-40.8 pk=-40.4 c0=4.6 c1=11.0 kw=10.70 inf=2.69 iv=1.21 n=4 d=0 sk=0 hf=98144 hm=96888 ht=283428 pf=0 pm=0 pt=0 ru=233404 rp=234660
17:59:08.274 @T t=303039 s=0.000 lv=-42.3 pk=-41.1 c0=4.1 c1=7.9 kw=7.75 inf=3.05 iv=1.16 n=2 d=0 sk=0 hf=98144 hm=96888 ht=283428 pf=0 pm=0 pt=0 ru=233404 rp=234660
17:59:08.274 @T t=303145 s=0.000 lv=-41.4 pk=-40.0 c0=4.1 c1=10.2 kw=9.79 inf=2.38 iv=1.17 n=4 d=0 sk=0 hf=98144 hm=96888 ht=283428 pf=0 pm=0 pt=0 ru=233404 rp=234660
17:59:08.274 @I ww=marvin cut=0.50 win=5 cool=1000 tick=100 wifi=0 srv=0 li=0 ln=0
17:59:08.274 @T t=303256 s=0.000 lv=-41.6 pk=-41.1 c0=4.8 c1=10.7 kw=10.16 inf=2.64 iv=1.19 n=4 d=0 sk=0 hf=98144 hm=96888 ht=283428 pf=0 pm=0 pt=0 ru=233404 rp=234660
17:59:08.274 @T t=303342 s=0.000 lv=-36.5 pk=-34.1 c0=5.1 c1=8.7 kw=8.45 inf=3.34 iv=1.35 n=2 d=0 sk=0 hf=98144 hm=96888 ht=283428 pf=0 pm=0 pt=0 ru=233404 rp=234660
17:59:08.274 @T t=303448 s=0.000 lv=-35.1 pk=-33.8 c0=4.9 c1=12.2 kw=11.28 inf=2.77 iv=1.28 n=4 d=0 sk=0 hf=98144 hm=96888 ht=283428 pf=0 pm=0 pt=0 ru=233404 rp=234660
17:59:08.274 @T t=303554 s=0.000 lv=-38.8 pk=-38.0 c0=4.0 c1=10.0 kw=9.80 inf=2.42 iv=1.20 n=4 d=0 sk=0 hf=98144 hm=96888 ht=283428 pf=0 pm=0 pt=0 ru=233404 rp=234660
17:59:08.274 @T t=303640 s=0.000 lv=-40.5 pk=-39.5 c0=4.1 c1=8.2 kw=8.05 inf=3.18 iv=1.26 n=2 d=0 sk=0 hf=98144 hm=96888 ht=283428 pf=0 pm=0 pt=0 ru=233404 rp=234660
17:59:08.274 @T t=303746 s=0.000 lv=-40.5 pk=-39.3 c0=3.3 c1=10.6 kw=10.42 inf=2.55 iv=1.12 n=4 d=0 sk=0 hf=98144 hm=96888 ht=283428 pf=0 pm=0 pt=0 ru=233404 rp=234660
17:59:10.781 @T t=303852 s=0.000 lv=-39.1 pk=-37.7 c0=3.3 c1=9.7 kw=9.48 inf=2.33 iv=1.13 n=4 d=0 sk=0 hf=98144 hm=96888 ht=283428 pf=0 pm=0 pt=0 ru=233404 rp=234660
17:59:10.781 @T t=303941 s=0.000 lv=-41.3 pk=-39.9 c0=4.4 c1=8.1 kw=7.90 inf=3.22 iv=1.29 n=2 d=0 sk=0 hf=98144 hm=96888 ht=283428 pf=0 pm=0 pt=0 ru=233404 rp=234660
17:59:10.781 @T t=304047 s=0.000 lv=-40.5 pk=-39.5 c0=3.4 c1=10.7 kw=10.53 inf=2.58 iv=1.14 n=4 d=0 sk=0 hf=98144 hm=96888 ht=283428 pf=0 pm=0 pt=0 ru=233404 rp=234660
17:59:10.781 @T t=304153 s=0.000 lv=-43.0 pk=-40.9 c0=3.3 c1=9.4 kw=9.22 inf=2.27 iv=1.09 n=4 d=0 sk=0 hf=98144 hm=96888 ht=283428 pf=0 pm=0 pt=0 ru=233404 rp=234660
17:59:10.781 @I ww=marvin cut=0.50 win=5 cool=1000 tick=100 wifi=0 srv=0 li=0 ln=0
17:59:10.781 @T t=304245 s=0.000 lv=-39.2 pk=-38.3 c0=4.8 c1=8.0 kw=7.60 inf=3.15 iv=1.21 n=2 d=0 sk=0 hf=98144 hm=96888 ht=283428 pf=0 pm=0 pt=0 ru=233404 rp=234660
17:59:10.781 @T t=304351 s=0.000 lv=-40.8 pk=-39.4 c0=6.5 c1=10.9 kw=10.90 inf=2.71 iv=1.26 n=4 d=0 sk=0 hf=98144 hm=96888 ht=283428 pf=0 pm=0 pt=0 ru=233404 rp=234660
17:59:10.781 @T t=304457 s=0.000 lv=-41.5 pk=-40.4 c0=4.9 c1=10.4 kw=10.21 inf=2.53 iv=1.32 n=4 d=0 sk=0 hf=98144 hm=96888 ht=283428 pf=0 pm=0 pt=0 ru=233404 rp=234660
17:59:10.781 @T t=304543 s=0.000 lv=-41.8 pk=-40.7 c0=4.1 c1=8.0 kw=7.85 inf=3.09 iv=1.18 n=2 d=0 sk=0 hf=98144 hm=96888 ht=283428 pf=0 pm=0 pt=0 ru=233404 rp=234660
17:59:10.781 @T t=304652 s=0.000 lv=-42.9 pk=-41.3 c0=4.7 c1=11.0 kw=10.62 inf=2.67 iv=1.21 n=4 d=0 sk=0 hf=98144 hm=96888 ht=283428 pf=0 pm=0 pt=0 ru=233404 rp=234660
17:59:10.781 @T t=304758 s=0.000 lv=-40.9 pk=-39.9 c0=4.7 c1=10.1 kw=9.81 inf=2.42 iv=1.20 n=4 d=0 sk=0 hf=98144 hm=96888 ht=283428 pf=0 pm=0 pt=0 ru=233404 rp=234660
17:59:10.781 @T t=304844 s=0.000 lv=-40.2 pk=-38.4 c0=4.1 c1=8.2 kw=8.00 inf=3.16 iv=1.24 n=2 d=0 sk=0 hf=98144 hm=96888 ht=283428 pf=0 pm=0 pt=0 ru=233404 rp=234660
17:59:10.781 @T t=304953 s=0.000 lv=-40.6 pk=-39.8 c0=9.7 c1=11.0 kw=10.70 inf=2.70 iv=1.21 n=4 d=0 sk=0 hf=98144 hm=96888 ht=283428 pf=0 pm=0 pt=0 ru=233404 rp=234660
17:59:10.781 @T t=305039 s=0.000 lv=-40.9 pk=-40.3 c0=5.2 c1=10.0 kw=9.79 inf=2.61 iv=1.30 n=3 d=0 sk=0 hf=98144 hm=96888 ht=283428 pf=0 pm=0 pt=0 ru=233404 rp=234660
17:59:10.781 @T t=305145 s=0.000 lv=-39.6 pk=-39.2 c0=4.1 c1=5.6 kw=5.22 inf=1.57 iv=0.00 n=0 d=0 sk=3 hf=98144 hm=96888 ht=283428 pf=0 pm=0 pt=0 ru=233404 rp=234660
17:59:10.781 @I ww=marvin cut=0.50 win=5 cool=1000 tick=100 wifi=0 srv=0 li=0 ln=0
17:59:10.781 @T t=305257 s=0.000 lv=-39.3 pk=-38.4 c0=4.5 c1=6.0 kw=5.58 inf=1.86 iv=0.00 n=0 d=0 sk=3 hf=98144 hm=96888 ht=283428 pf=0 pm=0 pt=0 ru=233404 rp=234660
17:59:10.781 @T t=305343 s=0.000 lv=-35.7 pk=-31.4 c0=4.8 c1=16.6 kw=16.35 inf=1.13 iv=0.97 n=10 d=0 sk=2 hf=98144 hm=96888 ht=283428 pf=0 pm=0 pt=0 ru=233404 rp=234660
17:59:10.781 @T t=305448 s=0.000 lv=-35.6 pk=-32.7 c0=5.0 c1=11.5 kw=11.20 inf=2.72 iv=1.22 n=4 d=0 sk=0 hf=98144 hm=96888 ht=283428 pf=0 pm=0 pt=0 ru=233404 rp=234660
17:59:10.781 @T t=305554 s=0.000 lv=-38.3 pk=-35.3 c0=4.2 c1=8.8 kw=8.57 inf=2.79 iv=1.20 n=3 d=0 sk=0 hf=98144 hm=96888 ht=283428 pf=0 pm=0 pt=0 ru=233404 rp=234660
17:59:10.781 @T t=305640 s=0.000 lv=-40.5 pk=-39.5 c0=5.3 c1=10.1 kw=9.88 inf=2.63 iv=1.31 n=3 d=0 sk=0 hf=98144 hm=96888 ht=283428 pf=0 pm=0 pt=0 ru=233404 rp=234660
17:59:10.781 @T t=305746 s=0.002 lv=-39.9 pk=-37.5 c0=4.2 c1=10.5 kw=9.17 inf=2.95 iv=1.30 n=3 d=0 sk=0 hf=98144 hm=96888 ht=283428 pf=0 pm=0 pt=0 ru=233404 rp=234660
17:59:10.781 @T t=305855 s=0.003 lv=-39.6 pk=-38.2 c0=4.1 c1=10.2 kw=10.60 inf=2.71 iv=1.23 n=4 d=0 sk=0 hf=98144 hm=96888 ht=283428 pf=0 pm=0 pt=0 ru=233404 rp=234660
17:59:10.781 @T t=305944 s=0.002 lv=-38.9 pk=-36.8 c0=3.8 c1=9.1 kw=8.97 inf=2.47 iv=1.19 n=3 d=0 sk=0 hf=98144 hm=96888 ht=283428 pf=0 pm=0 pt=0 ru=233404 rp=234660
17:59:10.781 @T t=306053 s=0.000 lv=-39.9 pk=-39.1 c0=9.2 c1=10.7 kw=10.44 inf=2.62 iv=1.15 n=4 d=0 sk=0 hf=98144 hm=96888 ht=283428 pf=0 pm=0 pt=0 ru=233404 rp=234660
17:59:10.781 @T t=306139 s=0.000 lv=-38.1 pk=-37.5 c0=4.1 c1=8.2 kw=8.02 inf=3.17 iv=1.23 n=2 d=0 sk=0 hf=98144 hm=96888 ht=283428 pf=0 pm=0 pt=0 ru=233404 rp=234660
17:59:10.781 @I ww=marvin cut=0.50 win=5 cool=1000 tick=100 wifi=0 srv=0 li=0 ln=0
17:59:10.781 @T t=306251 s=0.000 lv=-39.5 pk=-38.5 c0=3.9 c1=10.3 kw=10.08 inf=2.61 iv=1.17 n=4 d=0 sk=0 hf=98144 hm=96888 ht=283428 pf=0 pm=0 pt=0 ru=233404 rp=234660
17:59:13.374 @T t=306357 s=0.000 lv=-41.1 pk=-40.6 c0=4.1 c1=9.9 kw=9.65 inf=2.38 iv=1.18 n=4 d=0 sk=0 hf=98144 hm=96888 ht=283428 pf=0 pm=0 pt=0 ru=233404 rp=234660
17:59:13.374 @T t=306443 s=0.000 lv=-42.8 pk=-41.6 c0=5.1 c1=9.3 kw=8.21 inf=3.24 iv=1.30 n=2 d=0 sk=0 hf=98144 hm=96888 ht=283428 pf=0 pm=0 pt=0 ru=233404 rp=234660
17:59:13.374 @T t=306549 s=0.000 lv=-37.5 pk=-35.2 c0=6.0 c1=10.8 kw=10.63 inf=2.60 iv=1.14 n=4 d=0 sk=0 hf=98144 hm=96888 ht=283428 pf=0 pm=0 pt=0 ru=233404 rp=234660
17:59:13.374 @T t=306655 s=0.000 lv=-39.4 pk=-36.5 c0=3.4 c1=9.5 kw=9.34 inf=2.30 iv=1.10 n=4 d=0 sk=0 hf=98144 hm=96888 ht=283428 pf=0 pm=0 pt=0 ru=233404 rp=234660
17:59:13.374 @T t=306741 s=0.000 lv=-41.0 pk=-39.5 c0=4.9 c1=8.1 kw=7.92 inf=3.12 iv=1.21 n=2 d=0 sk=0 hf=98144 hm=96888 ht=283428 pf=0 pm=0 pt=0 ru=233404 rp=234660
17:59:13.374 @T t=306847 s=0.000 lv=-41.0 pk=-39.4 c0=3.3 c1=10.5 kw=10.28 inf=2.51 iv=1.09 n=4 d=0 sk=0 hf=98144 hm=96888 ht=283428 pf=0 pm=0 pt=0 ru=233404 rp=234660
17:59:13.374 @T t=306954 s=0.000 lv=-38.8 pk=-37.8 c0=3.4 c1=9.4 kw=9.21 inf=2.29 iv=1.10 n=4 d=0 sk=0 hf=98144 hm=96888 ht=283428 pf=0 pm=0 pt=0 ru=233404 rp=234660
17:59:13.374 @T t=307040 s=0.000 lv=-41.3 pk=-40.4 c0=10.1 c1=8.2 kw=7.89 inf=3.11 iv=1.21 n=2 d=0 sk=0 hf=98144 hm=96888 ht=283428 pf=0 pm=0 pt=0 ru=233404 rp=234660
17:59:13.374 @T t=307149 s=0.000 lv=-42.4 pk=-41.6 c0=4.3 c1=10.9 kw=10.46 inf=2.64 iv=1.19 n=4 d=0 sk=0 hf=98144 hm=96888 ht=283428 pf=0 pm=0 pt=0 ru=233404 rp=234660
17:59:13.374 @I ww=marvin cut=0.50 win=5 cool=1000 tick=100 wifi=0 srv=0 li=0 ln=0
17:59:13.374 @T t=307240 s=0.000 lv=-41.8 pk=-40.0 c0=5.0 c1=8.7 kw=8.84 inf=2.48 iv=1.19 n=3 d=0 sk=0 hf=98144 hm=96888 ht=283428 pf=0 pm=0 pt=0 ru=233404 rp=234660
17:59:13.374 @T t=307346 s=0.000 lv=-42.4 pk=-39.1 c0=4.2 c1=10.2 kw=8.87 inf=2.14 iv=0.92 n=4 d=0 sk=0 hf=98144 hm=96888 ht=283428 pf=0 pm=0 pt=0 ru=233404 rp=234660
17:59:13.374 @T t=307455 s=0.000 lv=-41.3 pk=-40.0 c0=4.4 c1=10.9 kw=10.54 inf=3.58 iv=1.62 n=3 d=0 sk=0 hf=98144 hm=96888 ht=283428 pf=0 pm=0 pt=0 ru=233404 rp=234660
17:59:13.374 @T t=307541 s=0.000 lv=-40.6 pk=-37.5 c0=5.1 c1=9.7 kw=9.51 inf=2.53 iv=1.24 n=3 d=0 sk=0 hf=98144 hm=96888 ht=283428 pf=0 pm=0 pt=0 ru=233404 rp=234660
17:59:13.374 @T t=307647 s=0.000 lv=-40.1 pk=-37.8 c0=4.2 c1=10.7 kw=10.74 inf=2.63 iv=1.19 n=4 d=0 sk=0 hf=98144 hm=96888 ht=283428 pf=0 pm=0 pt=0 ru=233404 rp=234660
17:59:13.374 @T t=307753 s=0.000 lv=-39.6 pk=-37.4 c0=4.0 c1=8.7 kw=8.26 inf=2.68 iv=1.11 n=3 d=0 sk=0 hf=97956 hm=96888 ht=283428 pf=0 pm=0 pt=0 ru=233592 rp=234660
17:59:13.374 @T t=307842 s=0.000 lv=-42.2 pk=-41.4 c0=3.9 c1=9.0 kw=8.83 inf=2.43 iv=1.15 n=3 d=0 sk=0 hf=98144 hm=96888 ht=283428 pf=0 pm=0 pt=0 ru=233404 rp=234660
17:59:13.374 @T t=307948 s=0.000 lv=-41.9 pk=-39.4 c0=4.3 c1=11.0 kw=10.79 inf=2.64 iv=1.19 n=4 d=0 sk=0 hf=98144 hm=96888 ht=283428 pf=0 pm=0 pt=0 ru=233404 rp=234660
17:59:13.374 @T t=308054 s=0.000 lv=-43.6 pk=-42.7 c0=4.3 c1=9.1 kw=8.91 inf=2.91 iv=1.29 n=3 d=0 sk=0 hf=98144 hm=96888 ht=283428 pf=0 pm=0 pt=0 ru=233404 rp=234660
17:59:13.374 @T t=308140 s=0.000 lv=-41.8 pk=-39.6 c0=5.1 c1=8.4 kw=8.15 inf=2.14 iv=1.25 n=2 d=0 sk=1 hf=98144 hm=96888 ht=283428 pf=0 pm=0 pt=0 ru=233404 rp=234660
17:59:13.374 @I ww=marvin cut=0.50 win=5 cool=1000 tick=100 wifi=0 srv=0 li=0 ln=0
17:59:13.374 @T t=308251 s=0.000 lv=-43.0 pk=-41.8 c0=11.4 c1=5.9 kw=5.74 inf=1.39 iv=0.00 n=0 d=0 sk=4 hf=98144 hm=96888 ht=283428 pf=0 pm=0 pt=0 ru=233404 rp=234660
17:59:13.374 @T t=308357 s=0.000 lv=-42.8 pk=-41.5 c0=7.1 c1=5.1 kw=4.92 inf=1.51 iv=0.00 n=0 d=0 sk=3 hf=98144 hm=96888 ht=283428 pf=0 pm=0 pt=0 ru=233404 rp=234660
17:59:13.374 @T t=308443 s=0.000 lv=-43.8 pk=-43.2 c0=4.5 c1=6.1 kw=4.97 inf=1.86 iv=0.00 n=0 d=0 sk=2 hf=98144 hm=96888 ht=283428 pf=0 pm=0 pt=0 ru=233404 rp=234660
17:59:13.374 @T t=308549 s=0.000 lv=-41.8 pk=-40.6 c0=3.3 c1=6.1 kw=5.96 inf=1.37 iv=0.00 n=0 d=0 sk=4 hf=98144 hm=96888 ht=283428 pf=0 pm=0 pt=0 ru=233404 rp=234660
17:59:13.374 @T t=308655 s=0.000 lv=-41.6 pk=-38.4 c0=6.2 c1=5.1 kw=4.93 inf=1.52 iv=0.00 n=0 d=0 sk=3 hf=98144 hm=96888 ht=283428 pf=0 pm=0 pt=0 ru=233404 rp=234660
17:59:13.374 @T t=308741 s=0.000 lv=-42.5 pk=-40.0 c0=4.2 c1=5.0 kw=4.87 inf=1.83 iv=0.00 n=0 d=0 sk=2 hf=98144 hm=96888 ht=283428 pf=0 pm=0 pt=0 ru=233404 rp=234660
17:59:13.374 @T t=308847 s=0.000 lv=-41.4 pk=-39.1 c0=3.1 c1=6.0 kw=5.91 inf=1.37 iv=0.00 n=0 d=0 sk=4 hf=98144 hm=96888 ht=283428 pf=0 pm=0 pt=0 ru=233404 rp=234660
17:59:15.813 @T t=308953 s=0.000 lv=-41.5 pk=-38.8 c0=3.1 c1=5.0 kw=4.90 inf=1.51 iv=0.00 n=0 d=0 sk=3 hf=98144 hm=96888 ht=283428 pf=0 pm=0 pt=0 ru=233404 rp=234660
17:59:15.813 @T t=309040 s=0.000 lv=-43.1 pk=-42.0 c0=3.8 c1=4.9 kw=4.76 inf=1.80 iv=0.00 n=0 d=0 sk=2 hf=98144 hm=96888 ht=283428 pf=0 pm=0 pt=0 ru=233404 rp=234660
17:59:15.813 @T t=309146 s=0.000 lv=-42.2 pk=-40.4 c0=6.6 c1=6.1 kw=5.91 inf=1.37 iv=0.00 n=0 d=0 sk=4 hf=98144 hm=96888 ht=283428 pf=0 pm=0 pt=0 ru=233404 rp=234660
17:59:15.814 @I ww=marvin cut=0.50 win=5 cool=1000 tick=100 wifi=0 srv=0 li=0 ln=0
17:59:15.814 @T t=309258 s=0.000 lv=-41.2 pk=-39.2 c0=3.7 c1=4.8 kw=4.70 inf=1.53 iv=0.00 n=0 d=0 sk=3 hf=98144 hm=96888 ht=283428 pf=0 pm=0 pt=0 ru=233404 rp=234660
17:59:15.814 @T t=309344 s=0.000 lv=-39.4 pk=-38.0 c0=3.7 c1=5.0 kw=4.87 inf=1.83 iv=0.00 n=0 d=0 sk=2 hf=98144 hm=96888 ht=283428 pf=0 pm=0 pt=0 ru=233404 rp=234660
17:59:15.814 @T t=309450 s=0.000 lv=-39.3 pk=-35.6 c0=8.6 c1=20.1 kw=18.99 inf=1.48 iv=1.02 n=13 d=0 sk=0 hf=98144 hm=96888 ht=283428 pf=0 pm=0 pt=0 ru=233404 rp=234660
17:59:15.814 @T t=309539 s=0.000 lv=-38.5 pk=-35.4 c0=4.5 c1=9.0 kw=8.82 inf=2.43 iv=1.15 n=3 d=0 sk=0 hf=98144 hm=96888 ht=283428 pf=0 pm=0 pt=0 ru=233404 rp=234660
17:59:15.814 @T t=309645 s=0.000 lv=-39.2 pk=-36.6 c0=6.8 c1=9.3 kw=8.89 inf=2.86 iv=1.25 n=3 d=0 sk=0 hf=98144 hm=96888 ht=283428 pf=0 pm=0 pt=0 ru=233404 rp=234660
17:59:15.814 @T t=309751 s=0.000 lv=-37.8 pk=-33.7 c0=4.3 c1=11.3 kw=11.30 inf=2.81 iv=1.36 n=4 d=0 sk=0 hf=98144 hm=96888 ht=283428 pf=0 pm=0 pt=0 ru=233404 rp=234660
17:59:15.814 @T t=309857 s=0.000 lv=-36.7 pk=-34.1 c0=4.3 c1=10.2 kw=9.93 inf=2.45 iv=1.23 n=4 d=0 sk=0 hf=98144 hm=96888 ht=283428 pf=0 pm=0 pt=0 ru=233404 rp=234660
17:59:15.814 @T t=309943 s=0.000 lv=-38.4 pk=-36.4 c0=5.1 c1=8.3 kw=8.12 inf=3.20 iv=1.24 n=2 d=0 sk=0 hf=98144 hm=96888 ht=283428 pf=0 pm=0 pt=0 ru=233404 rp=234660
17:59:15.814 @T t=310049 s=0.000 lv=-39.8 pk=-38.4 c0=6.8 c1=11.0 kw=10.73 inf=2.63 iv=1.17 n=4 d=0 sk=0 hf=98144 hm=96888 ht=283428 pf=0 pm=0 pt=0 ru=233404 rp=234660
17:59:15.814 @T t=310155 s=0.000 lv=-41.1 pk=-39.1 c0=3.5 c1=9.8 kw=9.62 inf=2.37 iv=1.18 n=4 d=0 sk=0 hf=98144 hm=96888 ht=283428 pf=0 pm=0 pt=0 ru=233404 rp=234660
17:59:15.814 @I ww=marvin cut=0.50 win=5 cool=1000 tick=100 wifi=0 srv=0 li=0 ln=0
17:59:15.814 @T t=310246 s=0.000 lv=-41.4 pk=-39.4 c0=6.4 c1=9.4 kw=7.85 inf=2.15 iv=0.85 n=3 d=0 sk=0 hf=98144 hm=96888 ht=283428 pf=0 pm=0 pt=0 ru=233404 rp=234660
17:59:15.814 @T t=310352 s=0.002 lv=-41.8 pk=-40.0 c0=4.1 c1=10.3 kw=10.78 inf=3.57 iv=1.63 n=3 d=0 sk=0 hf=98144 hm=96888 ht=283428 pf=0 pm=0 pt=0 ru=233404 rp=234660
17:59:15.814 @T t=310458 s=0.002 lv=-41.3 pk=-39.2 c0=4.8 c1=11.5 kw=10.48 inf=2.59 iv=1.35 n=4 d=0 sk=0 hf=98144 hm=96888 ht=283428 pf=0 pm=0 pt=0 ru=233404 rp=234660
17:59:15.814 @T t=310547 s=0.000 lv=-40.0 pk=-38.9 c0=4.8 c1=10.8 kw=10.63 inf=2.91 iv=1.28 n=3 d=0 sk=0 hf=98144 hm=96888 ht=283428 pf=0 pm=0 pt=0 ru=233404 rp=234660
17:59:15.814 @T t=310653 s=0.000 lv=-38.6 pk=-37.0 c0=4.2 c1=8.7 kw=8.43 inf=2.74 iv=1.12 n=3 d=0 sk=0 hf=98144 hm=96888 ht=283428 pf=0 pm=0 pt=0 ru=233404 rp=234660
17:59:15.814 @T t=310739 s=0.000 lv=-41.3 pk=-40.4 c0=7.3 c1=9.3 kw=9.17 inf=2.44 iv=1.17 n=3 d=0 sk=0 hf=98144 hm=96888 ht=283428 pf=0 pm=0 pt=0 ru=233404 rp=234660
17:59:15.814 @T t=310845 s=0.000 lv=-41.2 pk=-39.1 c0=7.0 c1=9.2 kw=8.78 inf=2.82 iv=1.22 n=3 d=0 sk=0 hf=98144 hm=96888 ht=283428 pf=0 pm=0 pt=0 ru=233404 rp=234660
17:59:15.814 @T t=310951 s=0.000 lv=-40.7 pk=-40.0 c0=3.6 c1=10.9 kw=10.91 inf=2.71 iv=1.27 n=4 d=0 sk=0 hf=98144 hm=96888 ht=283428 pf=0 pm=0 pt=0 ru=233404 rp=234660
17:59:15.814 @T t=311057 s=0.000 lv=-41.2 pk=-40.1 c0=6.5 c1=9.6 kw=9.43 inf=2.32 iv=1.13 n=4 d=0 sk=0 hf=98144 hm=96888 ht=283428 pf=0 pm=0 pt=0 ru=233404 rp=234660
17:59:15.814 @T t=311143 s=0.000 lv=-41.1 pk=-40.1 c0=4.6 c1=8.2 kw=8.02 inf=3.15 iv=1.21 n=2 d=0 sk=0 hf=98144 hm=96888 ht=283428 pf=0 pm=0 pt=0 ru=233404 rp=234660
17:59:15.814 @I ww=marvin cut=0.50 win=5 cool=1000 tick=100 wifi=0 srv=0 li=0 ln=0
17:59:15.814 @T t=311258 s=0.000 lv=-40.3 pk=-38.6 c0=3.8 c1=10.1 kw=9.91 inf=2.63 iv=1.18 n=4 d=0 sk=0 hf=98144 hm=96888 ht=283428 pf=0 pm=0 pt=0 ru=233404 rp=234660
17:59:15.814 @T t=311344 s=0.000 lv=-41.8 pk=-40.4 c0=4.0 c1=9.4 kw=9.22 inf=2.45 iv=1.16 n=3 d=0 sk=0 hf=98144 hm=96888 ht=283428 pf=0 pm=0 pt=0 ru=233404 rp=234660
17:59:18.066 [status] up 311s | mic -40.1 dBFS (peak -31.4) | score max 0.00 | detections 0 | inferences 301 (30.1/s; model 1.19 ms each, paused in quiet 13%; features 1.39 ms per 30 ms) | CPU core0  5.0% core1  9.4% (wake word pipeline 9.12% of one core) | RAM used 227 KB (peak 229 KB, 95 KB free) | wifi --, server -- | audio lost since boot: i2s 0 net 0
17:59:18.066 [stacks] unused bytes: main=1936 IDLE1=720 IDLE0=728 websocket_task=1460 audio_kws=1248 tiT=2452 wifi=4056 esp_timer=3136 streamer=2952 ipc0=528 sys_evt=428 Tmr Svc=1368 ipc1=536
17:59:18.066 @T t=311451 s=0.000 lv=-39.7 pk=-38.2 c0=10.9 c1=12.7 kw=11.64 inf=2.89 iv=1.37 n=4 d=0 sk=0 hf=98144 hm=96888 ht=283428 pf=0 pm=0 pt=0 ru=233404 rp=234660
17:59:18.066 @T t=311557 s=0.000 lv=-40.1 pk=-38.6 c0=7.0 c1=6.7 kw=6.52 inf=2.07 iv=1.45 n=1 d=0 sk=2 hf=98144 hm=96888 ht=283428 pf=0 pm=0 pt=0 ru=233404 rp=234660
17:59:18.066 @T t=311643 s=0.000 lv=-41.4 pk=-40.7 c0=4.0 c1=5.0 kw=4.88 inf=1.83 iv=0.00 n=0 d=0 sk=2 hf=98144 hm=96888 ht=283428 pf=0 pm=0 pt=0 ru=233404 rp=234660
17:59:18.066 @T t=311748 s=0.000 lv=-41.8 pk=-40.9 c0=5.6 c1=6.1 kw=5.92 inf=1.36 iv=0.00 n=0 d=0 sk=4 hf=98144 hm=96888 ht=283428 pf=0 pm=0 pt=0 ru=233404 rp=234660
17:59:18.066 @T t=311854 s=0.000 lv=-41.0 pk=-39.8 c0=4.7 c1=5.2 kw=4.94 inf=1.52 iv=0.00 n=0 d=0 sk=3 hf=98144 hm=96888 ht=283428 pf=0 pm=0 pt=0 ru=233404 rp=234660
17:59:18.066 @T t=311940 s=0.000 lv=-43.7 pk=-43.0 c0=8.0 c1=5.0 kw=4.94 inf=1.85 iv=0.00 n=0 d=0 sk=2 hf=98144 hm=96888 ht=283428 pf=0 pm=0 pt=0 ru=233404 rp=234660
17:59:18.066 @T t=312046 s=0.000 lv=-40.0 pk=-39.0 c0=3.8 c1=6.2 kw=5.95 inf=1.37 iv=0.00 n=0 d=0 sk=4 hf=98144 hm=96888 ht=283428 pf=0 pm=0 pt=0 ru=233404 rp=234660
17:59:18.066 @T t=312152 s=0.000 lv=-41.0 pk=-39.4 c0=4.0 c1=5.1 kw=5.00 inf=1.54 iv=0.00 n=0 d=0 sk=3 hf=98144 hm=96888 ht=283428 pf=0 pm=0 pt=0 ru=233404 rp=234660
17:59:18.066 @I ww=marvin cut=0.50 win=5 cool=1000 tick=100 wifi=0 srv=0 li=0 ln=0
17:59:18.066 @T t=312244 s=0.000 lv=-39.0 pk=-38.0 c0=5.4 c1=4.8 kw=4.64 inf=1.86 iv=0.00 n=0 d=0 sk=2 hf=98144 hm=96888 ht=283428 pf=0 pm=0 pt=0 ru=233404 rp=234660
17:59:18.066 @T t=312350 s=0.000 lv=-39.6 pk=-38.7 c0=3.9 c1=6.3 kw=6.10 inf=1.41 iv=0.00 n=0 d=0 sk=4 hf=98144 hm=96888 ht=283428 pf=0 pm=0 pt=0 ru=233404 rp=234660
17:59:18.066 @T t=312456 s=0.000 lv=-41.5 pk=-39.7 c0=4.5 c1=5.9 kw=5.04 inf=1.55 iv=0.00 n=0 d=0 sk=3 hf=98144 hm=96888 ht=283428 pf=0 pm=0 pt=0 ru=233404 rp=234660
17:59:18.066 @T t=312542 s=0.000 lv=-41.0 pk=-39.6 c0=4.2 c1=5.1 kw=4.96 inf=1.86 iv=0.00 n=0 d=0 sk=2 hf=98144 hm=96888 ht=283428 pf=0 pm=0 pt=0 ru=233404 rp=234660
17:59:18.066 @T t=312648 s=0.000 lv=-39.6 pk=-38.6 c0=3.8 c1=6.2 kw=5.97 inf=1.38 iv=0.00 n=0 d=0 sk=4 hf=98144 hm=96888 ht=283428 pf=0 pm=0 pt=0 ru=233404 rp=234660
17:59:18.066 @T t=312754 s=0.000 lv=-38.0 pk=-35.9 c0=4.0 c1=13.0 kw=4.15 inf=0.34 iv=0.00 n=9 d=0 sk=2 hf=98144 hm=96888 ht=283428 pf=0 pm=0 pt=0 ru=233404 rp=234660
17:59:18.066 @T t=312843 s=0.000 lv=-36.7 pk=-33.9 c0=4.9 c1=11.9 kw=21.93 inf=4.73 iv=3.47 n=4 d=0 sk=0 hf=98144 hm=96888 ht=283428 pf=0 pm=0 pt=0 ru=233404 rp=234660
17:59:18.067 @T t=312952 s=0.000 lv=-39.9 pk=-39.0 c0=9.7 c1=11.0 kw=10.77 inf=2.72 iv=1.24 n=4 d=0 sk=0 hf=98144 hm=96888 ht=283428 pf=0 pm=0 pt=0 ru=233404 rp=234660
17:59:18.067 @T t=313041 s=0.000 lv=-37.3 pk=-36.2 c0=3.8 c1=8.0 kw=7.84 inf=3.20 iv=1.25 n=2 d=0 sk=0 hf=98144 hm=96888 ht=283428 pf=0 pm=0 pt=0 ru=233404 rp=234660
17:59:18.067 @T t=313147 s=0.000 lv=-39.1 pk=-37.7 c0=7.6 c1=11.3 kw=11.08 inf=2.72 iv=1.24 n=4 d=0 sk=0 hf=98144 hm=96888 ht=283428 pf=0 pm=0 pt=0 ru=233404 rp=234660
17:59:18.067 @I ww=marvin cut=0.50 win=5 cool=1000 tick=100 wifi=0 srv=0 li=0 ln=0
17:59:18.067 @T t=313258 s=0.000 lv=-41.8 pk=-39.6 c0=4.4 c1=9.5 kw=9.28 inf=2.39 iv=1.19 n=4 d=0 sk=0 hf=98144 hm=96888 ht=283428 pf=0 pm=0 pt=0 ru=233404 rp=234660
17:59:18.067 @T t=313344 s=0.000 lv=-41.5 pk=-40.2 c0=4.1 c1=8.2 kw=8.03 inf=3.16 iv=1.25 n=2 d=0 sk=0 hf=98144 hm=96888 ht=283428 pf=0 pm=0 pt=0 ru=233404 rp=234660
17:59:18.067 @T t=313453 s=0.000 lv=-39.9 pk=-38.7 c0=9.2 c1=11.9 kw=10.90 inf=2.75 iv=1.26 n=4 d=0 sk=0 hf=98144 hm=96888 ht=283428 pf=0 pm=0 pt=0 ru=233404 rp=234660
17:59:18.067 @T t=313539 s=0.000 lv=-38.7 pk=-37.7 c0=4.7 c1=9.4 kw=9.24 inf=2.46 iv=1.17 n=3 d=0 sk=0 hf=98144 hm=96888 ht=283428 pf=0 pm=0 pt=0 ru=233404 rp=234660
17:59:20.583 @T t=313645 s=0.000 lv=-40.4 pk=-39.3 c0=3.3 c1=9.2 kw=8.78 inf=2.82 iv=1.21 n=3 d=0 sk=0 hf=98144 hm=96888 ht=283428 pf=0 pm=0 pt=0 ru=233404 rp=234660
17:59:20.583 @T t=313751 s=0.000 lv=-39.6 pk=-38.2 c0=3.4 c1=10.7 kw=10.74 inf=2.67 iv=1.23 n=4 d=0 sk=0 hf=98144 hm=96888 ht=283428 pf=0 pm=0 pt=0 ru=233404 rp=234660
17:59:20.583 @T t=313857 s=0.000 lv=-41.9 pk=-39.7 c0=6.8 c1=9.7 kw=9.48 inf=2.34 iv=1.14 n=4 d=0 sk=0 hf=98144 hm=96888 ht=283428 pf=0 pm=0 pt=0 ru=233404 rp=234660
17:59:20.583 @T t=313943 s=0.000 lv=-42.0 pk=-41.6 c0=4.6 c1=8.5 kw=8.28 inf=3.27 iv=1.33 n=2 d=0 sk=0 hf=98144 hm=96888 ht=283428 pf=0 pm=0 pt=0 ru=233404 rp=234660
17:59:20.583 @T t=314049 s=0.000 lv=-37.5 pk=-34.8 c0=6.0 c1=10.9 kw=10.66 inf=2.61 iv=1.15 n=4 d=0 sk=0 hf=98144 hm=96888 ht=283428 pf=0 pm=0 pt=0 ru=233404 rp=234660
17:59:20.583 @T t=314155 s=0.000 lv=-37.2 pk=-36.2 c0=3.3 c1=9.4 kw=9.20 inf=2.26 iv=1.08 n=4 d=0 sk=0 hf=98144 hm=96888 ht=283428 pf=0 pm=0 pt=0 ru=233404 rp=234660
17:59:20.583 @I ww=marvin cut=0.50 win=5 cool=1000 tick=100 wifi=0 srv=0 li=0 ln=0
17:59:20.583 @T t=314247 s=0.000 lv=-42.4 pk=-41.4 c0=4.6 c1=9.6 kw=9.43 inf=2.66 iv=1.10 n=3 d=0 sk=0 hf=98144 hm=96888 ht=283428 pf=0 pm=0 pt=0 ru=233404 rp=234660
17:59:20.583 @T t=314354 s=0.000 lv=-40.7 pk=-39.7 c0=5.5 c1=8.7 kw=8.36 inf=2.74 iv=1.15 n=3 d=0 sk=0 hf=98144 hm=96888 ht=283428 pf=0 pm=0 pt=0 ru=233404 rp=234660
17:59:20.583 @T t=314440 s=0.000 lv=-41.5 pk=-40.4 c0=5.7 c1=11.0 kw=9.71 inf=2.59 iv=1.29 n=3 d=0 sk=0 hf=98144 hm=96888 ht=283428 pf=0 pm=0 pt=0 ru=233404 rp=234660
17:59:20.583 @T t=314546 s=0.000 lv=-40.7 pk=-39.1 c0=4.2 c1=10.3 kw=8.96 inf=2.16 iv=0.95 n=4 d=0 sk=0 hf=98144 hm=96888 ht=283428 pf=0 pm=0 pt=0 ru=233404 rp=234660
17:59:20.583 @T t=314652 s=0.000 lv=-37.5 pk=-34.0 c0=4.2 c1=10.2 kw=10.57 inf=3.49 iv=1.56 n=3 d=0 sk=0 hf=98144 hm=96888 ht=283428 pf=0 pm=0 pt=0 ru=233404 rp=234660
17:59:20.583 @T t=314758 s=0.000 lv=-39.8 pk=-38.9 c0=4.2 c1=9.9 kw=9.68 inf=2.39 iv=1.17 n=4 d=0 sk=0 hf=98144 hm=96888 ht=283428 pf=0 pm=0 pt=0 ru=233404 rp=234660
17:59:20.583 @T t=314844 s=0.000 lv=-42.7 pk=-41.6 c0=4.1 c1=8.0 kw=7.80 inf=3.07 iv=1.15 n=2 d=0 sk=0 hf=98144 hm=96888 ht=283428 pf=0 pm=0 pt=0 ru=233404 rp=234660
17:59:20.583 @T t=314950 s=0.000 lv=-39.8 pk=-36.9 c0=7.2 c1=11.1 kw=10.84 inf=2.65 iv=1.19 n=4 d=0 sk=0 hf=98144 hm=96888 ht=283428 pf=0 pm=0 pt=0 ru=233404 rp=234660
17:59:20.584 @T t=315056 s=0.000 lv=-39.2 pk=-36.1 c0=4.2 c1=10.0 kw=9.74 inf=2.40 iv=1.19 n=4 d=0 sk=0 hf=98144 hm=96888 ht=283428 pf=0 pm=0 pt=0 ru=233404 rp=234660
17:59:20.584 @T t=315142 s=0.000 lv=-38.9 pk=-37.5 c0=5.1 c1=8.8 kw=8.55 inf=3.38 iv=1.42 n=2 d=0 sk=0 hf=98144 hm=96888 ht=283428 pf=0 pm=0 pt=0 ru=233404 rp=234660
17:59:20.584 @I ww=marvin cut=0.50 win=5 cool=1000 tick=100 wifi=0 srv=0 li=0 ln=0
17:59:20.584 @T t=315253 s=0.000 lv=-38.5 pk=-36.8 c0=4.8 c1=10.7 kw=10.41 inf=2.67 iv=1.21 n=4 d=0 sk=0 hf=98144 hm=96888 ht=283428 pf=0 pm=0 pt=0 ru=233404 rp=234660
17:59:20.584 @T t=315340 s=0.000 lv=-40.5 pk=-39.6 c0=5.2 c1=9.4 kw=8.93 inf=2.41 iv=1.13 n=3 d=0 sk=0 hf=98144 hm=96888 ht=283428 pf=0 pm=0 pt=0 ru=233404 rp=234660
17:59:20.584 @T t=315446 s=0.000 lv=-41.1 pk=-39.1 c0=4.0 c1=11.0 kw=9.17 inf=2.21 iv=0.98 n=4 d=0 sk=0 hf=98144 hm=96888 ht=283428 pf=0 pm=0 pt=0 ru=233404 rp=234660
17:59:20.584 @T t=315555 s=0.000 lv=-38.9 pk=-37.2 c0=4.2 c1=9.6 kw=10.05 inf=3.41 iv=1.50 n=3 d=0 sk=0 hf=98144 hm=96888 ht=283428 pf=0 pm=0 pt=0 ru=233404 rp=234660
17:59:20.584 @T t=315641 s=0.000 lv=-42.1 pk=-41.1 c0=4.7 c1=9.5 kw=9.28 inf=2.47 iv=1.18 n=3 d=0 sk=0 hf=98144 hm=96888 ht=283428 pf=0 pm=0 pt=0 ru=233404 rp=234660
17:59:20.584 @T t=315747 s=0.000 lv=-42.5 pk=-40.2 c0=3.3 c1=10.6 kw=10.34 inf=2.53 iv=1.11 n=4 d=0 sk=0 hf=98144 hm=96888 ht=283428 pf=0 pm=0 pt=0 ru=233404 rp=234660
17:59:20.584 @T t=315853 s=0.000 lv=-40.8 pk=-39.7 c0=3.4 c1=8.8 kw=8.52 inf=2.78 iv=1.17 n=3 d=0 sk=0 hf=98144 hm=96888 ht=283428 pf=0 pm=0 pt=0 ru=233404 rp=234660
17:59:20.584 @T t=315942 s=0.000 lv=-39.2 pk=-38.3 c0=4.2 c1=9.1 kw=9.04 inf=2.49 iv=1.18 n=3 d=0 sk=0 hf=98144 hm=96888 ht=283428 pf=0 pm=0 pt=0 ru=233404 rp=234660
17:59:20.584 @T t=316048 s=0.000 lv=-39.6 pk=-38.0 c0=6.0 c1=10.9 kw=10.63 inf=2.61 iv=1.16 n=4 d=0 sk=0 hf=98144 hm=96888 ht=283428 pf=0 pm=0 pt=0 ru=233404 rp=234660
17:59:20.584 @T t=316154 s=0.000 lv=-41.5 pk=-40.2 c0=3.3 c1=8.6 kw=8.40 inf=2.73 iv=1.15 n=3 d=0 sk=0 hf=98144 hm=96888 ht=283428 pf=0 pm=0 pt=0 ru=233404 rp=234660
17:59:23.066 @I ww=marvin cut=0.50 win=5 cool=1000 tick=100 wifi=0 srv=0 li=0 ln=0
17:59:23.066 @T t=316246 s=0.000 lv=-40.6 pk=-39.7 c0=4.7 c1=10.4 kw=8.87 inf=2.48 iv=1.18 n=3 d=0 sk=0 hf=98144 hm=96888 ht=283428 pf=0 pm=0 pt=0 ru=233404 rp=234660
17:59:23.066 @T t=316352 s=0.000 lv=-40.5 pk=-39.3 c0=3.8 c1=10.1 kw=10.55 inf=2.62 iv=1.18 n=4 d=0 sk=0 hf=98144 hm=96888 ht=283428 pf=0 pm=0 pt=0 ru=233404 rp=234660
17:59:23.066 @T t=316458 s=0.000 lv=-40.8 pk=-38.7 c0=4.5 c1=9.3 kw=9.05 inf=2.96 iv=1.34 n=3 d=0 sk=0 hf=98144 hm=96888 ht=283428 pf=0 pm=0 pt=0 ru=233404 rp=234660
17:59:23.066 @T t=316544 s=0.001 lv=-42.6 pk=-41.3 c0=4.1 c1=9.5 kw=9.31 inf=2.48 iv=1.19 n=3 d=0 sk=0 hf=98144 hm=96888 ht=283428 pf=0 pm=0 pt=0 ru=233404 rp=234660
17:59:23.066 @T t=316650 s=0.001 lv=-40.8 pk=-39.8 c0=3.4 c1=7.7 kw=7.48 inf=1.77 iv=1.38 n=1 d=0 sk=3 hf=98144 hm=96888 ht=283428 pf=0 pm=0 pt=0 ru=233404 rp=234660
17:59:23.066 W (317044) wifi: cannot connect (reason 201). Check the name/password in menuconfig; the ESP32 needs a 2.4 GHz network (201 = network not found, 15/204 = wrong password)
17:59:23.066 @T t=316756 s=0.000 lv=-42.4 pk=-40.6 c0=7.4 c1=5.4 kw=5.09 inf=1.57 iv=0.00 n=0 d=0 sk=3 hf=98144 hm=96888 ht=283428 pf=0 pm=0 pt=0 ru=233404 rp=234660
17:59:23.066 @T t=316842 s=0.000 lv=-40.1 pk=-39.0 c0=5.0 c1=5.1 kw=4.99 inf=1.87 iv=0.00 n=0 d=0 sk=2 hf=98144 hm=96888 ht=283428 pf=0 pm=0 pt=0 ru=233404 rp=234660
17:59:23.066 @T t=316948 s=0.000 lv=-40.6 pk=-38.1 c0=4.0 c1=6.2 kw=6.00 inf=1.39 iv=0.00 n=0 d=0 sk=4 hf=98144 hm=96888 ht=283428 pf=0 pm=0 pt=0 ru=233404 rp=234660
17:59:23.066 @T t=317054 s=0.000 lv=-41.3 pk=-39.8 c0=3.9 c1=5.2 kw=5.00 inf=1.54 iv=0.00 n=0 d=0 sk=3 hf=98144 hm=96888 ht=283428 pf=0 pm=0 pt=0 ru=233404 rp=234660
17:59:23.066 @T t=317140 s=0.000 lv=-41.7 pk=-39.1 c0=3.9 c1=5.0 kw=4.91 inf=1.84 iv=0.00 n=0 d=0 sk=2 hf=98144 hm=96888 ht=283428 pf=0 pm=0 pt=0 ru=233404 rp=234660
17:59:23.066 @I ww=marvin cut=0.50 win=5 cool=1000 tick=100 wifi=0 srv=0 li=0 ln=0
17:59:23.067 @T t=317252 s=0.000 lv=-38.7 pk=-37.9 c0=4.2 c1=5.9 kw=5.68 inf=1.39 iv=0.00 n=0 d=0 sk=4 hf=98144 hm=96888 ht=283428 pf=0 pm=0 pt=0 ru=233404 rp=234660
17:59:23.067 @T t=317358 s=0.000 lv=-40.2 pk=-38.5 c0=4.2 c1=5.1 kw=4.97 inf=1.53 iv=0.00 n=0 d=0 sk=3 hf=98144 hm=96888 ht=283428 pf=0 pm=0 pt=0 ru=233404 rp=234660
17:59:23.067 @T t=317444 s=0.000 lv=-40.4 pk=-38.5 c0=5.6 c1=6.2 kw=5.11 inf=1.91 iv=0.00 n=0 d=0 sk=2 hf=98144 hm=96888 ht=283428 pf=0 pm=0 pt=0 ru=233404 rp=234660
17:59:23.067 @T t=317550 s=0.001 lv=-38.1 pk=-34.7 c0=4.2 c1=19.1 kw=18.84 inf=1.47 iv=1.01 n=13 d=0 sk=0 hf=98144 hm=96888 ht=283428 pf=0 pm=0 pt=0 ru=233404 rp=234660
17:59:23.067 @T t=317639 s=0.000 lv=-38.6 pk=-38.0 c0=4.8 c1=8.0 kw=7.81 inf=3.19 iv=1.26 n=2 d=0 sk=0 hf=98144 hm=96888 ht=283428 pf=0 pm=0 pt=0 ru=233404 rp=234660
17:59:23.067 @T t=317745 s=0.000 lv=-39.2 pk=-38.1 c0=3.4 c1=10.3 kw=9.85 inf=2.40 iv=1.18 n=4 d=0 sk=0 hf=98144 hm=96888 ht=283428 pf=0 pm=0 pt=0 ru=233404 rp=234660
17:59:23.067 @T t=317851 s=0.000 lv=-38.0 pk=-36.4 c0=4.1 c1=11.0 kw=10.48 inf=2.60 iv=1.15 n=4 d=0 sk=0 hf=98144 hm=96888 ht=283428 pf=0 pm=0 pt=0 ru=233404 rp=234660
17:59:23.067 @T t=317957 s=0.000 lv=-39.1 pk=-36.7 c0=4.6 c1=8.9 kw=8.69 inf=2.83 iv=1.20 n=3 d=0 sk=0 hf=98144 hm=96888 ht=283428 pf=0 pm=0 pt=0 ru=233404 rp=234660
17:59:23.067 @T t=318043 s=0.000 lv=-40.5 pk=-38.2 c0=4.8 c1=9.9 kw=9.67 inf=2.58 iv=1.27 n=3 d=0 sk=0 hf=98144 hm=96888 ht=283428 pf=0 pm=0 pt=0 ru=233404 rp=234660
17:59:23.067 @T t=318152 s=0.000 lv=-42.0 pk=-41.2 c0=8.7 c1=10.4 kw=10.22 inf=2.57 iv=1.14 n=4 d=0 sk=0 hf=98144 hm=96888 ht=283428 pf=0 pm=0 pt=0 ru=233404 rp=234660
17:59:23.067 @I ww=marvin cut=0.50 win=5 cool=1000 tick=100 wifi=0 srv=0 li=0 ln=0
17:59:23.067 @T t=318244 s=0.000 lv=-40.7 pk=-40.1 c0=4.7 c1=7.6 kw=7.43 inf=3.14 iv=1.22 n=2 d=0 sk=0 hf=98144 hm=96888 ht=283428 pf=0 pm=0 pt=0 ru=233404 rp=234660
17:59:23.067 @T t=318353 s=0.000 lv=-40.6 pk=-39.5 c0=8.7 c1=10.5 kw=10.31 inf=2.59 iv=1.14 n=4 d=0 sk=0 hf=98144 hm=96888 ht=283428 pf=0 pm=0 pt=0 ru=233404 rp=234660
17:59:23.067 @T t=318439 s=0.000 lv=-43.4 pk=-42.4 c0=8.7 c1=11.1 kw=9.95 inf=2.66 iv=1.34 n=3 d=0 sk=0 hf=98144 hm=96888 ht=283428 pf=0 pm=0 pt=0 ru=233404 rp=234660
17:59:23.067 @T t=318545 s=0.000 lv=-42.8 pk=-41.4 c0=3.4 c1=9.1 kw=8.70 inf=2.79 iv=1.19 n=3 d=0 sk=0 hf=98144 hm=96888 ht=283428 pf=0 pm=0 pt=0 ru=233404 rp=234660
17:59:25.571 @T t=318651 s=0.000 lv=-42.3 pk=-41.9 c0=3.3 c1=10.8 kw=10.76 inf=2.68 iv=1.23 n=4 d=0 sk=0 hf=98144 hm=96888 ht=283428 pf=0 pm=0 pt=0 ru=233404 rp=234660
17:59:25.571 @T t=318757 s=0.000 lv=-44.3 pk=-43.7 c0=7.1 c1=10.0 kw=9.75 inf=2.40 iv=1.20 n=4 d=0 sk=0 hf=98144 hm=96888 ht=283428 pf=0 pm=0 pt=0 ru=233404 rp=234660
17:59:25.571 @T t=318843 s=0.000 lv=-42.6 pk=-42.1 c0=4.1 c1=8.2 kw=8.03 inf=3.17 iv=1.25 n=2 d=0 sk=0 hf=98144 hm=96888 ht=283428 pf=0 pm=0 pt=0 ru=233404 rp=234660
17:59:25.571 @T t=318949 s=0.000 lv=-38.7 pk=-35.1 c0=3.4 c1=10.6 kw=10.38 inf=2.54 iv=1.10 n=4 d=0 sk=0 hf=98144 hm=96888 ht=283428 pf=0 pm=0 pt=0 ru=233404 rp=234660
17:59:25.571 @T t=319055 s=0.000 lv=-33.2 pk=-31.3 c0=3.3 c1=9.6 kw=9.40 inf=2.31 iv=1.13 n=4 d=0 sk=0 hf=98144 hm=96888 ht=283428 pf=0 pm=0 pt=0 ru=233404 rp=234660
17:59:25.571 @T t=319141 s=0.000 lv=-36.1 pk=-34.6 c0=6.2 c1=8.7 kw=8.35 inf=3.29 iv=1.29 n=2 d=0 sk=0 hf=98144 hm=96888 ht=283428 pf=0 pm=0 pt=0 ru=233404 rp=234660
17:59:25.571 @I ww=marvin cut=0.50 win=5 cool=1000 tick=100 wifi=0 srv=0 li=0 ln=0
17:59:25.571 @T t=319253 s=0.000 lv=-40.4 pk=-37.5 c0=5.3 c1=10.9 kw=10.67 inf=2.77 iv=1.30 n=4 d=0 sk=0 hf=98144 hm=96888 ht=283428 pf=0 pm=0 pt=0 ru=233404 rp=234660
17:59:25.571 @T t=319339 s=0.000 lv=-39.0 pk=-37.5 c0=5.2 c1=10.1 kw=9.85 inf=2.63 iv=1.30 n=3 d=0 sk=0 hf=98144 hm=96888 ht=283428 pf=0 pm=0 pt=0 ru=233404 rp=234660
17:59:25.571 @T t=319445 s=0.000 lv=-39.6 pk=-37.6 c0=4.8 c1=10.4 kw=9.22 inf=2.96 iv=1.34 n=3 d=0 sk=0 hf=98144 hm=96888 ht=283428 pf=0 pm=0 pt=0 ru=233404 rp=234660
17:59:25.571 @T t=319554 s=0.000 lv=-40.5 pk=-39.5 c0=3.3 c1=11.0 kw=11.01 inf=2.82 iv=1.38 n=4 d=0 sk=0 hf=98144 hm=96888 ht=283428 pf=0 pm=0 pt=0 ru=233404 rp=234660
17:59:25.573 @T t=319640 s=0.000 lv=-39.0 pk=-38.4 c0=5.0 c1=9.7 kw=9.42 inf=2.51 iv=1.20 n=3 d=0 sk=0 hf=98144 hm=96888 ht=283428 pf=0 pm=0 pt=0 ru=233404 rp=234660
17:59:25.574 @T t=319747 s=0.000 lv=-39.1 pk=-37.9 c0=4.3 c1=11.2 kw=10.99 inf=2.72 iv=1.25 n=4 d=0 sk=0 hf=98144 hm=96888 ht=283428 pf=0 pm=0 pt=0 ru=233404 rp=234660
17:59:25.574 @T t=319853 s=0.000 lv=-39.9 pk=-38.4 c0=4.7 c1=9.3 kw=8.97 inf=2.93 iv=1.28 n=3 d=0 sk=0 hf=98144 hm=96888 ht=283428 pf=0 pm=0 pt=0 ru=233404 rp=234660
17:59:25.574 @T t=319939 s=0.000 lv=-42.3 pk=-39.3 c0=5.3 c1=9.9 kw=9.81 inf=2.61 iv=1.28 n=3 d=0 sk=0 hf=98144 hm=96888 ht=283428 pf=0 pm=0 pt=0 ru=233404 rp=234660
17:59:25.574 @T t=320045 s=0.000 lv=-42.8 pk=-40.8 c0=4.1 c1=9.3 kw=8.57 inf=2.76 iv=1.17 n=3 d=0 sk=0 hf=98144 hm=96888 ht=283428 pf=0 pm=0 pt=0 ru=233404 rp=234660
17:59:25.574 @T t=320153 s=0.000 lv=-40.3 pk=-39.5 c0=7.6 c1=11.2 kw=11.52 inf=2.92 iv=1.48 n=4 d=0 sk=0 hf=98144 hm=96888 ht=283428 pf=0 pm=0 pt=0 ru=233404 rp=234660
17:59:25.574 @I ww=marvin cut=0.50 win=5 cool=1000 tick=100 wifi=0 srv=0 li=0 ln=0
17:59:25.574 @T t=320246 s=0.000 lv=-39.7 pk=-38.5 c0=14.8 c1=10.7 kw=9.24 inf=2.62 iv=1.30 n=3 d=0 sk=0 hf=98144 hm=96888 ht=283428 pf=0 pm=0 pt=0 ru=233404 rp=234660
17:59:25.574 @T t=320353 s=0.000 lv=-41.3 pk=-40.7 c0=7.8 c1=10.2 kw=10.63 inf=2.67 iv=1.20 n=4 d=0 sk=0 hf=98144 hm=96888 ht=283428 pf=0 pm=0 pt=0 ru=233404 rp=234660
17:59:25.574 @T t=320439 s=0.000 lv=-40.4 pk=-38.8 c0=5.4 c1=11.0 kw=9.86 inf=2.63 iv=1.31 n=3 d=0 sk=0 hf=98144 hm=96888 ht=283428 pf=0 pm=0 pt=0 ru=233404 rp=234660
17:59:25.574 @T t=320545 s=0.000 lv=-42.0 pk=-40.6 c0=3.4 c1=8.8 kw=8.43 inf=2.70 iv=1.13 n=3 d=0 sk=0 hf=98144 hm=96888 ht=283428 pf=0 pm=0 pt=0 ru=233404 rp=234660
17:59:25.574 @T t=320654 s=0.000 lv=-41.5 pk=-39.7 c0=8.7 c1=10.2 kw=10.16 inf=2.59 iv=1.18 n=4 d=0 sk=0 hf=98144 hm=96888 ht=283428 pf=0 pm=0 pt=0 ru=233404 rp=234660
17:59:25.574 @T t=320740 s=0.000 lv=-39.8 pk=-38.6 c0=4.0 c1=8.2 kw=8.00 inf=3.16 iv=1.23 n=2 d=0 sk=0 hf=98144 hm=96888 ht=283428 pf=0 pm=0 pt=0 ru=233404 rp=234660
17:59:25.574 @T t=320846 s=0.000 lv=-39.1 pk=-36.9 c0=6.9 c1=6.1 kw=5.94 inf=1.37 iv=0.00 n=0 d=0 sk=4 hf=98144 hm=96888 ht=283428 pf=0 pm=0 pt=0 ru=233404 rp=234660
17:59:25.574 @T t=320952 s=0.000 lv=-39.6 pk=-38.1 c0=3.2 c1=5.1 kw=4.94 inf=1.52 iv=0.00 n=0 d=0 sk=3 hf=98144 hm=96888 ht=283428 pf=0 pm=0 pt=0 ru=233404 rp=234660
17:59:25.574 @T t=321058 s=0.000 lv=-40.5 pk=-38.4 c0=6.3 c1=5.0 kw=4.89 inf=1.51 iv=0.00 n=0 d=0 sk=3 hf=98144 hm=96888 ht=283428 pf=0 pm=0 pt=0 ru=233404 rp=234660
17:59:27.872 @T t=321144 s=0.000 lv=-36.1 pk=-33.9 c0=4.3 c1=17.8 kw=17.56 inf=1.32 iv=0.97 n=11 d=0 sk=0 hf=98144 hm=96888 ht=283428 pf=0 pm=0 pt=0 ru=233404 rp=234660
17:59:27.872 @I ww=marvin cut=0.50 win=5 cool=1000 tick=100 wifi=0 srv=0 li=0 ln=0
17:59:27.872 @T t=321258 s=0.000 lv=-36.8 pk=-34.6 c0=3.8 c1=10.1 kw=9.88 inf=2.60 iv=1.13 n=4 d=0 sk=0 hf=98144 hm=96888 ht=283428 pf=0 pm=0 pt=0 ru=233404 rp=234660
17:59:27.872 @T t=321344 s=0.000 lv=-39.2 pk=-37.6 c0=7.2 c1=9.2 kw=9.05 inf=2.40 iv=1.12 n=3 d=0 sk=0 hf=98144 hm=96888 ht=283428 pf=0 pm=0 pt=0 ru=233404 rp=234660
17:59:27.872 [status] up 321s | mic -39.8 dBFS (peak -31.3) | score max 0.00 | detections 0 | inferences 278 (27.8/s; model 1.19 ms each, paused in quiet 21%; features 1.37 ms per 30 ms) | CPU core0  5.1% core1  9.1% (wake word pipeline 8.81% of one core) | RAM used 227 KB (peak 229 KB, 95 KB free) | wifi --, server -- | audio lost since boot: i2s 0 net 0
17:59:27.872 @T t=321452 s=0.000 lv=-40.3 pk=-38.1 c0=8.4 c1=12.2 kw=11.34 inf=2.84 iv=1.35 n=4 d=0 sk=0 hf=98144 hm=96888 ht=283428 pf=0 pm=0 pt=0 ru=233404 rp=234660
17:59:27.872 @T t=321558 s=0.000 lv=-38.0 pk=-35.6 c0=8.8 c1=9.6 kw=9.24 inf=3.02 iv=1.36 n=3 d=0 sk=0 hf=98144 hm=96888 ht=283428 pf=0 pm=0 pt=0 ru=233404 rp=234660
17:59:27.872 @T t=321644 s=0.000 lv=-40.7 pk=-39.8 c0=5.3 c1=10.1 kw=9.85 inf=2.63 iv=1.30 n=3 d=0 sk=0 hf=98144 hm=96888 ht=283428 pf=0 pm=0 pt=0 ru=233404 rp=234660
17:59:27.872 @T t=321753 s=0.000 lv=-43.4 pk=-41.9 c0=9.6 c1=10.9 kw=10.67 inf=2.69 iv=1.22 n=4 d=0 sk=0 hf=98144 hm=96888 ht=283428 pf=0 pm=0 pt=0 ru=233404 rp=234660
17:59:27.872 @T t=321839 s=0.000 lv=-40.7 pk=-38.9 c0=4.1 c1=9.1 kw=8.98 inf=2.39 iv=1.12 n=3 d=0 sk=0 hf=98144 hm=96888 ht=283428 pf=0 pm=0 pt=0 ru=233404 rp=234660
17:59:27.872 @T t=321945 s=0.000 lv=-39.2 pk=-38.2 c0=4.2 c1=9.1 kw=8.67 inf=2.78 iv=1.14 n=3 d=0 sk=0 hf=98144 hm=96888 ht=283428 pf=0 pm=0 pt=0 ru=233404 rp=234660
17:59:27.872 @T t=322051 s=0.000 lv=-41.5 pk=-39.5 c0=4.3 c1=10.9 kw=10.85 inf=2.70 iv=1.25 n=4 d=0 sk=0 hf=98144 hm=96888 ht=283428 pf=0 pm=0 pt=0 ru=233404 rp=234660
17:59:27.872 @T t=322157 s=0.000 lv=-42.1 pk=-41.0 c0=4.2 c1=8.9 kw=8.72 inf=2.84 iv=1.23 n=3 d=0 sk=0 hf=98144 hm=96888 ht=283428 pf=0 pm=0 pt=0 ru=233404 rp=234660
17:59:27.872 @I ww=marvin cut=0.50 win=5 cool=1000 tick=100 wifi=0 srv=0 li=0 ln=0
17:59:27.872 @T t=322248 s=0.000 lv=-41.6 pk=-39.8 c0=5.8 c1=11.6 kw=11.34 inf=2.40 iv=1.18 n=4 d=0 sk=0 hf=98144 hm=96888 ht=283428 pf=0 pm=0 pt=0 ru=233404 rp=234660
17:59:27.872 @T t=322354 s=0.000 lv=-40.7 pk=-39.2 c0=4.2 c1=8.9 kw=8.67 inf=2.83 iv=1.22 n=3 d=0 sk=0 hf=98144 hm=96888 ht=283428 pf=0 pm=0 pt=0 ru=233404 rp=234660
17:59:27.872 @T t=322440 s=0.000 lv=-42.3 pk=-41.1 c0=4.7 c1=10.8 kw=9.68 inf=2.58 iv=1.26 n=3 d=0 sk=0 hf=98144 hm=96888 ht=283428 pf=0 pm=0 pt=0 ru=233404 rp=234660
17:59:27.872 @T t=322546 s=0.000 lv=-42.4 pk=-40.4 c0=4.3 c1=10.0 kw=8.67 inf=2.78 iv=1.16 n=3 d=0 sk=0 hf=98144 hm=96888 ht=283428 pf=0 pm=0 pt=0 ru=233404 rp=234660
17:59:27.872 @T t=322652 s=0.000 lv=-41.3 pk=-40.6 c0=4.2 c1=9.9 kw=10.30 inf=2.55 iv=1.11 n=4 d=0 sk=0 hf=98144 hm=96888 ht=283428 pf=0 pm=0 pt=0 ru=233404 rp=234660
17:59:27.872 @T t=322758 s=0.000 lv=-42.2 pk=-40.7 c0=4.3 c1=8.9 kw=8.73 inf=2.84 iv=1.24 n=3 d=0 sk=0 hf=98144 hm=96888 ht=283428 pf=0 pm=0 pt=0 ru=233404 rp=234660
17:59:27.872 @T t=322844 s=0.000 lv=-43.8 pk=-43.2 c0=4.9 c1=9.6 kw=9.41 inf=2.50 iv=1.20 n=3 d=0 sk=0 hf=98144 hm=96888 ht=283428 pf=0 pm=0 pt=0 ru=233404 rp=234660
17:59:27.872 @T t=322953 s=0.000 lv=-41.4 pk=-39.9 c0=8.9 c1=10.3 kw=10.12 inf=2.54 iv=1.10 n=4 d=0 sk=0 hf=98144 hm=96888 ht=283428 pf=0 pm=0 pt=0 ru=233404 rp=234660
17:59:27.872 @T t=323039 s=0.000 lv=-42.8 pk=-42.5 c0=4.0 c1=9.1 kw=8.91 inf=2.36 iv=1.11 n=3 d=0 sk=0 hf=98144 hm=96888 ht=283428 pf=0 pm=0 pt=0 ru=233404 rp=234660
17:59:27.872 @T t=323145 s=0.000 lv=-38.9 pk=-36.5 c0=3.2 c1=8.8 kw=8.42 inf=2.70 iv=1.10 n=3 d=0 sk=0 hf=98144 hm=96888 ht=283428 pf=0 pm=0 pt=0 ru=233404 rp=234660
17:59:27.872 @I ww=marvin cut=0.50 win=5 cool=1000 tick=100 wifi=0 srv=0 li=0 ln=0
17:59:27.872 @T t=323239 s=0.000 lv=-40.3 pk=-39.8 c0=4.9 c1=9.9 kw=9.91 inf=2.92 iv=1.31 n=3 d=0 sk=0 hf=98144 hm=96888 ht=283428 pf=0 pm=0 pt=0 ru=233404 rp=234660
17:59:27.872 @T t=323345 s=0.000 lv=-39.8 pk=-38.4 c0=3.3 c1=9.7 kw=9.36 inf=2.27 iv=1.08 n=4 d=0 sk=0 hf=98144 hm=96888 ht=283428 pf=0 pm=0 pt=0 ru=233404 rp=234660
17:59:30.463 @T t=323451 s=0.000 lv=-40.2 pk=-39.7 c0=4.6 c1=11.3 kw=10.83 inf=2.69 iv=1.23 n=4 d=0 sk=0 hf=98144 hm=96888 ht=283428 pf=0 pm=0 pt=0 ru=233404 rp=234660
17:59:30.463 @T t=323557 s=0.000 lv=-41.4 pk=-40.5 c0=3.9 c1=9.0 kw=8.83 inf=2.89 iv=1.26 n=3 d=0 sk=0 hf=98144 hm=96888 ht=283428 pf=0 pm=0 pt=0 ru=233404 rp=234660
17:59:30.463 @T t=323643 s=0.000 lv=-41.8 pk=-39.4 c0=4.1 c1=9.4 kw=9.25 inf=2.46 iv=1.19 n=3 d=0 sk=0 hf=98144 hm=96888 ht=283428 pf=0 pm=0 pt=0 ru=233404 rp=234660
17:59:30.463 @T t=323752 s=0.000 lv=-37.8 pk=-35.5 c0=8.6 c1=10.3 kw=10.06 inf=2.53 iv=1.10 n=4 d=0 sk=0 hf=98144 hm=96888 ht=283428 pf=0 pm=0 pt=0 ru=233404 rp=234660
17:59:30.463 @T t=323858 s=0.000 lv=-37.3 pk=-35.3 c0=3.4 c1=8.4 kw=8.25 inf=2.68 iv=1.10 n=3 d=0 sk=0 hf=98144 hm=96888 ht=283428 pf=0 pm=0 pt=0 ru=233404 rp=234660
17:59:30.463 @T t=323944 s=0.000 lv=-41.7 pk=-40.9 c0=6.2 c1=10.1 kw=9.74 inf=2.59 iv=1.27 n=3 d=0 sk=0 hf=98144 hm=96888 ht=283428 pf=0 pm=0 pt=0 ru=233404 rp=234660
17:59:30.463 @T t=324053 s=0.000 lv=-38.6 pk=-36.9 c0=4.6 c1=11.0 kw=10.73 inf=2.70 iv=1.21 n=4 d=0 sk=0 hf=98144 hm=96888 ht=283428 pf=0 pm=0 pt=0 ru=233404 rp=234660
17:59:30.463 @T t=324139 s=0.000 lv=-36.4 pk=-34.8 c0=4.9 c1=7.6 kw=7.82 inf=3.10 iv=1.18 n=2 d=0 sk=0 hf=98144 hm=96888 ht=283428 pf=0 pm=0 pt=0 ru=233404 rp=234660
17:59:30.464 @I ww=marvin cut=0.50 win=5 cool=1000 tick=100 wifi=0 srv=0 li=0 ln=0
17:59:30.464 @T t=324251 s=0.000 lv=-37.7 pk=-34.2 c0=10.2 c1=10.7 kw=10.16 inf=2.62 iv=1.17 n=4 d=0 sk=0 hf=98144 hm=96888 ht=283428 pf=0 pm=0 pt=0 ru=233404 rp=234660
17:59:30.464 @T t=324357 s=0.000 lv=-43.2 pk=-40.8 c0=4.1 c1=9.8 kw=9.55 inf=2.35 iv=1.16 n=4 d=0 sk=0 hf=98144 hm=96888 ht=283428 pf=0 pm=0 pt=0 ru=233404 rp=234660
17:59:30.464 @T t=324443 s=0.000 lv=-40.4 pk=-39.2 c0=5.8 c1=10.0 kw=8.88 inf=3.52 iv=1.50 n=2 d=0 sk=0 hf=98144 hm=96888 ht=283428 pf=0 pm=0 pt=0 ru=233404 rp=234660
17:59:30.464 @T t=324549 s=0.000 lv=-40.2 pk=-38.4 c0=4.5 c1=11.3 kw=11.07 inf=2.71 iv=1.24 n=4 d=0 sk=0 hf=98144 hm=96888 ht=283428 pf=0 pm=0 pt=0 ru=233404 rp=234660
17:59:30.464 @T t=324655 s=0.000 lv=-41.8 pk=-40.6 c0=4.4 c1=10.1 kw=9.92 inf=2.45 iv=1.23 n=4 d=0 sk=0 hf=98144 hm=96888 ht=283428 pf=0 pm=0 pt=0 ru=233404 rp=234660
17:59:30.464 @T t=324741 s=0.000 lv=-43.1 pk=-41.6 c0=4.1 c1=8.2 kw=7.99 inf=3.15 iv=1.23 n=2 d=0 sk=0 hf=98144 hm=96888 ht=283428 pf=0 pm=0 pt=0 ru=233404 rp=234660
17:59:30.464 @T t=324847 s=0.000 lv=-44.1 pk=-42.7 c0=4.2 c1=11.0 kw=10.73 inf=2.63 iv=1.18 n=4 d=0 sk=0 hf=98144 hm=96888 ht=283428 pf=0 pm=0 pt=0 ru=233404 rp=234660
17:59:30.464 @T t=324954 s=0.000 lv=-42.2 pk=-40.3 c0=7.6 c1=9.8 kw=9.61 inf=2.39 iv=1.17 n=4 d=0 sk=0 hf=98144 hm=96888 ht=283428 pf=0 pm=0 pt=0 ru=233404 rp=234660
17:59:30.464 @T t=325040 s=0.000 lv=-42.7 pk=-42.3 c0=5.1 c1=8.3 kw=8.13 inf=3.21 iv=1.25 n=2 d=0 sk=0 hf=98144 hm=96888 ht=283428 pf=0 pm=0 pt=0 ru=233404 rp=234660
17:59:30.464 @T t=325146 s=0.000 lv=-42.6 pk=-40.1 c0=4.5 c1=11.3 kw=11.03 inf=2.70 iv=1.24 n=4 d=0 sk=0 hf=98144 hm=96888 ht=283428 pf=0 pm=0 pt=0 ru=233404 rp=234660
17:59:30.464 @I ww=marvin cut=0.50 win=5 cool=1000 tick=100 wifi=0 srv=0 li=0 ln=0
17:59:30.464 @T t=325257 s=0.000 lv=-38.7 pk=-38.2 c0=4.4 c1=9.4 kw=9.19 inf=2.37 iv=1.13 n=4 d=0 sk=0 hf=98144 hm=96888 ht=283428 pf=0 pm=0 pt=0 ru=233404 rp=234660
17:59:30.464 @T t=325343 s=0.000 lv=-41.4 pk=-39.5 c0=4.0 c1=8.0 kw=7.87 inf=3.10 iv=1.18 n=2 d=0 sk=0 hf=98144 hm=96888 ht=283428 pf=0 pm=0 pt=0 ru=233404 rp=234660
17:59:30.464 @T t=325451 s=0.000 lv=-41.6 pk=-38.7 c0=3.5 c1=11.7 kw=10.68 inf=2.66 iv=1.21 n=4 d=0 sk=0 hf=98144 hm=96888 ht=283428 pf=0 pm=0 pt=0 ru=233404 rp=234660
17:59:30.464 @T t=325557 s=0.000 lv=-42.4 pk=-40.7 c0=3.3 c1=9.4 kw=9.20 inf=2.26 iv=1.08 n=4 d=0 sk=0 hf=98144 hm=96888 ht=283428 pf=0 pm=0 pt=0 ru=233404 rp=234660
17:59:30.464 @T t=325643 s=0.000 lv=-40.7 pk=-39.8 c0=4.7 c1=8.4 kw=8.15 inf=3.22 iv=1.29 n=2 d=0 sk=0 hf=98144 hm=96888 ht=283428 pf=0 pm=0 pt=0 ru=233404 rp=234660
17:59:30.464 @T t=325751 s=0.000 lv=-38.5 pk=-37.7 c0=3.1 c1=10.6 kw=10.40 inf=2.59 iv=1.14 n=4 d=0 sk=0 hf=98144 hm=96888 ht=283428 pf=0 pm=0 pt=0 ru=233404 rp=234660
17:59:30.464 @T t=325857 s=0.000 lv=-40.6 pk=-38.3 c0=6.6 c1=5.0 kw=4.94 inf=1.52 iv=0.00 n=0 d=0 sk=3 hf=98144 hm=96888 ht=283428 pf=0 pm=0 pt=0 ru=233404 rp=234660
17:59:30.464 @T t=325943 s=0.000 lv=-40.9 pk=-40.7 c0=3.8 c1=5.0 kw=4.86 inf=1.82 iv=0.00 n=0 d=0 sk=2 hf=98144 hm=96888 ht=283428 pf=0 pm=0 pt=0 ru=233404 rp=234660
17:59:32.973 @T t=326048 s=0.000 lv=-40.7 pk=-39.6 c0=3.5 c1=6.2 kw=6.01 inf=1.37 iv=0.00 n=0 d=0 sk=4 hf=98144 hm=96888 ht=283428 pf=0 pm=0 pt=0 ru=233404 rp=234660
17:59:32.973 @T t=326154 s=0.000 lv=-37.5 pk=-36.5 c0=3.2 c1=15.4 kw=15.25 inf=1.29 iv=0.97 n=11 d=0 sk=1 hf=98144 hm=96888 ht=283428 pf=0 pm=0 pt=0 ru=233404 rp=234660
17:59:32.973 @I ww=marvin cut=0.50 win=5 cool=1000 tick=100 wifi=0 srv=0 li=0 ln=0
17:59:32.973 @T t=326246 s=0.000 lv=-37.6 pk=-36.0 c0=4.8 c1=10.2 kw=8.69 inf=2.43 iv=1.13 n=3 d=0 sk=0 hf=98144 hm=96888 ht=283428 pf=0 pm=0 pt=0 ru=233404 rp=234660
17:59:32.973 @T t=326352 s=0.000 lv=-37.1 pk=-33.5 c0=5.6 c1=10.5 kw=10.75 inf=2.67 iv=1.23 n=4 d=0 sk=0 hf=98144 hm=96888 ht=283428 pf=0 pm=0 pt=0 ru=233404 rp=234660
17:59:32.973 @T t=326458 s=0.000 lv=-38.7 pk=-36.8 c0=5.3 c1=10.0 kw=9.03 inf=2.94 iv=1.28 n=3 d=0 sk=0 hf=98144 hm=96888 ht=283428 pf=0 pm=0 pt=0 ru=233404 rp=234660
17:59:32.973 @T t=326544 s=0.000 lv=-41.0 pk=-39.6 c0=4.1 c1=9.3 kw=9.10 inf=2.42 iv=1.15 n=3 d=0 sk=0 hf=98144 hm=96888 ht=283428 pf=0 pm=0 pt=0 ru=233404 rp=234660
17:59:32.973 @T t=326650 s=0.000 lv=-42.6 pk=-41.0 c0=4.2 c1=10.8 kw=10.57 inf=2.59 iv=1.16 n=4 d=0 sk=0 hf=98144 hm=96888 ht=283428 pf=0 pm=0 pt=0 ru=233404 rp=234660
17:59:32.973 @T t=326756 s=0.000 lv=-42.4 pk=-41.6 c0=4.2 c1=9.1 kw=8.85 inf=2.89 iv=1.27 n=3 d=0 sk=0 hf=98144 hm=96888 ht=283428 pf=0 pm=0 pt=0 ru=233404 rp=234660
17:59:32.973 @T t=326842 s=0.000 lv=-41.9 pk=-41.8 c0=5.1 c1=10.0 kw=9.72 inf=2.59 iv=1.29 n=3 d=0 sk=0 hf=98144 hm=96888 ht=283428 pf=0 pm=0 pt=0 ru=233404 rp=234660
17:59:32.973 @T t=326948 s=0.000 lv=-41.3 pk=-39.8 c0=4.4 c1=11.1 kw=10.85 inf=2.66 iv=1.20 n=4 d=0 sk=0 hf=98144 hm=96888 ht=283428 pf=0 pm=0 pt=0 ru=233404 rp=234660
17:59:32.973 @T t=327054 s=0.000 lv=-42.9 pk=-42.1 c0=4.3 c1=8.7 kw=8.51 inf=2.77 iv=1.15 n=3 d=0 sk=0 hf=98144 hm=96888 ht=283428 pf=0 pm=0 pt=0 ru=233404 rp=234660
17:59:32.973 @T t=327140 s=0.000 lv=-42.9 pk=-42.1 c0=4.0 c1=9.3 kw=9.08 inf=2.41 iv=1.15 n=3 d=0 sk=0 hf=98144 hm=96888 ht=283428 pf=0 pm=0 pt=0 ru=233404 rp=234660
17:59:32.973 @I ww=marvin cut=0.50 win=5 cool=1000 tick=100 wifi=0 srv=0 li=0 ln=0
17:59:32.973 @T t=327252 s=0.000 lv=-41.7 pk=-38.6 c0=5.2 c1=10.2 kw=9.99 inf=2.59 iv=1.16 n=4 d=0 sk=0 hf=98144 hm=96888 ht=283428 pf=0 pm=0 pt=0 ru=233404 rp=234660
17:59:32.973 @T t=327358 s=0.000 lv=-42.4 pk=-41.2 c0=4.2 c1=9.1 kw=8.83 inf=2.88 iv=1.25 n=3 d=0 sk=0 hf=98144 hm=96888 ht=283428 pf=0 pm=0 pt=0 ru=233404 rp=234660
17:59:32.973 @T t=327444 s=0.000 lv=-41.6 pk=-39.7 c0=5.8 c1=10.9 kw=9.77 inf=2.60 iv=1.29 n=3 d=0 sk=0 hf=98144 hm=96888 ht=283428 pf=0 pm=0 pt=0 ru=233404 rp=234660
17:59:32.973 @T t=327552 s=0.000 lv=-39.4 pk=-38.0 c0=4.0 c1=10.9 kw=10.66 inf=2.66 iv=1.19 n=4 d=0 sk=0 hf=98144 hm=96888 ht=283428 pf=0 pm=0 pt=0 ru=233404 rp=234660
17:59:32.973 @T t=327658 s=0.000 lv=-39.6 pk=-36.8 c0=4.3 c1=8.8 kw=8.55 inf=2.78 iv=1.16 n=3 d=0 sk=0 hf=98144 hm=96888 ht=283428 pf=0 pm=0 pt=0 ru=233404 rp=234660
17:59:32.973 @T t=327744 s=0.000 lv=-37.3 pk=-35.9 c0=4.0 c1=9.4 kw=9.18 inf=2.44 iv=1.14 n=3 d=0 sk=0 hf=98144 hm=96888 ht=283428 pf=0 pm=0 pt=0 ru=233404 rp=234660
17:59:32.973 @T t=327850 s=0.000 lv=-41.5 pk=-39.7 c0=6.0 c1=10.7 kw=10.48 inf=2.56 iv=1.12 n=4 d=0 sk=0 hf=98144 hm=96888 ht=283428 pf=0 pm=0 pt=0 ru=233404 rp=234660
17:59:32.973 @T t=327956 s=0.000 lv=-40.5 pk=-39.4 c0=3.4 c1=8.6 kw=8.45 inf=2.75 iv=1.16 n=3 d=0 sk=0 hf=98144 hm=96888 ht=283428 pf=0 pm=0 pt=0 ru=233404 rp=234660
17:59:32.973 @T t=328042 s=0.000 lv=-41.5 pk=-39.4 c0=4.6 c1=9.6 kw=9.38 inf=2.50 iv=1.19 n=3 d=0 sk=0 hf=98144 hm=96888 ht=283428 pf=0 pm=0 pt=0 ru=233404 rp=234660
17:59:32.973 @T t=328148 s=0.000 lv=-39.9 pk=-38.0 c0=6.0 c1=10.8 kw=10.59 inf=2.60 iv=1.16 n=4 d=0 sk=0 hf=98144 hm=96888 ht=283428 pf=0 pm=0 pt=0 ru=233404 rp=234660
17:59:32.973 @I ww=marvin cut=0.50 win=5 cool=1000 tick=100 wifi=0 srv=0 li=0 ln=0
17:59:32.973 @T t=328240 s=0.000 lv=-41.4 pk=-40.7 c0=4.7 c1=8.7 kw=8.56 inf=2.44 iv=1.16 n=3 d=0 sk=0 hf=98144 hm=96888 ht=283428 pf=0 pm=0 pt=0 ru=233404 rp=234660
17:59:32.973 @T t=328346 s=0.000 lv=-41.5 pk=-40.5 c0=3.4 c1=9.9 kw=8.59 inf=2.75 iv=1.16 n=3 d=0 sk=0 hf=98144 hm=96888 ht=283428 pf=0 pm=0 pt=0 ru=233404 rp=234660
17:59:32.973 @T t=328452 s=0.000 lv=-40.5 pk=-39.4 c0=4.2 c1=11.0 kw=10.67 inf=2.65 iv=1.22 n=4 d=0 sk=0 hf=98144 hm=96888 ht=283428 pf=0 pm=0 pt=0 ru=233404 rp=234660
17:59:35.471 @T t=328558 s=0.000 lv=-42.3 pk=-40.9 c0=3.3 c1=8.5 kw=8.30 inf=2.70 iv=1.11 n=3 d=0 sk=0 hf=98144 hm=96888 ht=283428 pf=0 pm=0 pt=0 ru=233404 rp=234660
17:59:35.471 @T t=328644 s=0.000 lv=-42.5 pk=-40.5 c0=4.0 c1=9.2 kw=8.98 inf=2.38 iv=1.11 n=3 d=0 sk=0 hf=98144 hm=96888 ht=283428 pf=0 pm=0 pt=0 ru=233404 rp=234660
17:59:35.471 @T t=328753 s=0.000 lv=-40.5 pk=-39.6 c0=10.3 c1=11.0 kw=10.66 inf=2.68 iv=1.21 n=4 d=0 sk=0 hf=98144 hm=96888 ht=283428 pf=0 pm=0 pt=0 ru=233404 rp=234660
17:59:35.471 @T t=328839 s=0.000 lv=-37.7 pk=-34.8 c0=5.7 c1=9.3 kw=9.12 inf=2.42 iv=1.14 n=3 d=0 sk=0 hf=98144 hm=96888 ht=283428 pf=0 pm=0 pt=0 ru=233404 rp=234660
17:59:35.471 @T t=328945 s=0.000 lv=-40.6 pk=-38.9 c0=3.5 c1=8.9 kw=8.55 inf=2.74 iv=1.15 n=3 d=0 sk=0 hf=98144 hm=96888 ht=283428 pf=0 pm=0 pt=0 ru=233404 rp=234660
17:59:35.471 @T t=329054 s=0.000 lv=-40.2 pk=-38.4 c0=3.9 c1=10.4 kw=10.37 inf=2.65 iv=1.23 n=4 d=0 sk=0 hf=98144 hm=96888 ht=283428 pf=0 pm=0 pt=0 ru=233404 rp=234660
17:59:35.471 @T t=329140 s=0.000 lv=-41.1 pk=-39.8 c0=5.1 c1=9.7 kw=9.49 inf=2.52 iv=1.22 n=3 d=0 sk=0 hf=98144 hm=96888 ht=283428 pf=0 pm=0 pt=0 ru=233404 rp=234660
17:59:35.471 @I ww=marvin cut=0.50 win=5 cool=1000 tick=100 wifi=0 srv=0 li=0 ln=0
17:59:35.471 @T t=329251 s=0.000 lv=-43.4 pk=-42.1 c0=4.7 c1=10.4 kw=10.19 inf=2.62 iv=1.17 n=4 d=0 sk=0 hf=98144 hm=96888 ht=283428 pf=0 pm=0 pt=0 ru=233404 rp=234660
17:59:35.471 @T t=329357 s=0.000 lv=-42.2 pk=-39.2 c0=4.3 c1=9.1 kw=8.93 inf=2.92 iv=1.29 n=3 d=0 sk=0 hf=98144 hm=96888 ht=283428 pf=0 pm=0 pt=0 ru=233404 rp=234660
17:59:35.471 @T t=329443 s=0.000 lv=-40.6 pk=-39.2 c0=6.0 c1=11.0 kw=9.91 inf=2.64 iv=1.33 n=3 d=0 sk=0 hf=98144 hm=96888 ht=283428 pf=0 pm=0 pt=0 ru=233404 rp=234660
17:59:35.471 @T t=329551 s=0.000 lv=-39.1 pk=-36.2 c0=8.2 c1=10.7 kw=10.43 inf=2.60 iv=1.16 n=4 d=0 sk=0 hf=98144 hm=96888 ht=283428 pf=0 pm=0 pt=0 ru=233404 rp=234660
17:59:35.471 @T t=329657 s=0.000 lv=-40.4 pk=-38.8 c0=7.3 c1=8.7 kw=8.48 inf=2.76 iv=1.17 n=3 d=0 sk=0 hf=98144 hm=96888 ht=283428 pf=0 pm=0 pt=0 ru=233404 rp=234660
17:59:35.471 @T t=329743 s=0.000 lv=-41.2 pk=-39.7 c0=5.3 c1=9.9 kw=9.65 inf=2.57 iv=1.26 n=3 d=0 sk=0 hf=98144 hm=96888 ht=283428 pf=0 pm=0 pt=0 ru=233404 rp=234660
17:59:35.471 @T t=329851 s=0.000 lv=-40.2 pk=-36.3 c0=3.9 c1=10.7 kw=10.51 inf=2.62 iv=1.16 n=4 d=0 sk=0 hf=98144 hm=96888 ht=283428 pf=0 pm=0 pt=0 ru=233404 rp=234660
17:59:35.471 @T t=329957 s=0.000 lv=-37.3 pk=-35.6 c0=4.3 c1=8.9 kw=8.74 inf=2.85 iv=1.23 n=3 d=0 sk=0 hf=98144 hm=96888 ht=283428 pf=0 pm=0 pt=0 ru=233404 rp=234660
17:59:35.471 @T t=330043 s=0.000 lv=-37.3 pk=-35.2 c0=4.8 c1=9.8 kw=9.36 inf=2.50 iv=1.20 n=3 d=0 sk=0 hf=98144 hm=96888 ht=283428 pf=0 pm=0 pt=0 ru=233404 rp=234660
17:59:35.471 @T t=330149 s=0.000 lv=-37.2 pk=-33.9 c0=6.0 c1=10.4 kw=10.39 inf=2.53 iv=1.09 n=4 d=0 sk=0 hf=98144 hm=96888 ht=283428 pf=0 pm=0 pt=0 ru=233404 rp=234660
17:59:35.471 @I ww=marvin cut=0.50 win=5 cool=1000 tick=100 wifi=0 srv=0 li=0 ln=0
17:59:35.471 @T t=330240 s=0.000 lv=-37.5 pk=-36.5 c0=4.7 c1=7.5 kw=7.31 inf=3.04 iv=1.15 n=2 d=0 sk=0 hf=98144 hm=96888 ht=283428 pf=0 pm=0 pt=0 ru=233404 rp=234660
17:59:35.471 @T t=330346 s=0.000 lv=-40.2 pk=-38.1 c0=3.2 c1=10.7 kw=10.42 inf=2.55 iv=1.12 n=4 d=0 sk=0 hf=98144 hm=96888 ht=283428 pf=0 pm=0 pt=0 ru=233404 rp=234660
17:59:35.471 @T t=330452 s=0.000 lv=-40.6 pk=-38.6 c0=7.5 c1=11.0 kw=10.04 inf=2.48 iv=1.25 n=4 d=0 sk=0 hf=98144 hm=96888 ht=283428 pf=0 pm=0 pt=0 ru=233404 rp=234660
17:59:35.471 @T t=330558 s=0.002 lv=-39.7 pk=-38.6 c0=3.3 c1=8.6 kw=8.43 inf=2.75 iv=1.16 n=3 d=0 sk=0 hf=98144 hm=96888 ht=283428 pf=0 pm=0 pt=0 ru=233404 rp=234660
17:59:35.471 @T t=330644 s=0.002 lv=-39.6 pk=-38.4 c0=4.0 c1=9.5 kw=9.27 inf=2.46 iv=1.18 n=3 d=0 sk=0 hf=98144 hm=96888 ht=283428 pf=0 pm=0 pt=0 ru=233404 rp=234660
17:59:35.471 @T t=330750 s=0.004 lv=-41.4 pk=-38.9 c0=3.4 c1=10.9 kw=10.64 inf=2.60 iv=1.15 n=4 d=0 sk=0 hf=98144 hm=96888 ht=283428 pf=0 pm=0 pt=0 ru=233404 rp=234660
17:59:35.471 @T t=330856 s=0.005 lv=-42.3 pk=-40.2 c0=3.9 c1=8.8 kw=8.58 inf=2.80 iv=1.20 n=3 d=0 sk=0 hf=98144 hm=96888 ht=283428 pf=0 pm=0 pt=0 ru=233404 rp=234660
17:59:35.471 @T t=330942 s=0.005 lv=-39.5 pk=-38.9 c0=4.1 c1=9.5 kw=9.31 inf=2.48 iv=1.18 n=3 d=0 sk=0 hf=98144 hm=96888 ht=283428 pf=0 pm=0 pt=0 ru=233404 rp=234660
17:59:37.772 @T t=331048 s=0.001 lv=-39.2 pk=-38.3 c0=6.5 c1=10.7 kw=10.47 inf=2.56 iv=1.13 n=4 d=0 sk=0 hf=98144 hm=96888 ht=283428 pf=0 pm=0 pt=0 ru=233404 rp=234660
17:59:37.773 @T t=331154 s=0.000 lv=-38.9 pk=-37.0 c0=5.7 c1=9.7 kw=9.43 inf=3.08 iv=1.33 n=3 d=0 sk=0 hf=98144 hm=96888 ht=283428 pf=0 pm=0 pt=0 ru=233404 rp=234660
17:59:37.773 @I ww=marvin cut=0.50 win=5 cool=1000 tick=100 wifi=0 srv=0 li=0 ln=0
17:59:37.773 @T t=331245 s=0.000 lv=-41.3 pk=-40.1 c0=5.4 c1=9.3 kw=8.91 inf=2.46 iv=1.18 n=3 d=0 sk=0 hf=97956 hm=96888 ht=283428 pf=0 pm=0 pt=0 ru=233592 rp=234660
17:59:37.773 @T t=331353 s=0.000 lv=-43.4 pk=-41.1 c0=4.2 c1=10.7 kw=10.19 inf=2.57 iv=1.15 n=4 d=0 sk=0 hf=98144 hm=96888 ht=283428 pf=0 pm=0 pt=0 ru=233404 rp=234660
17:59:37.773 [status] up 331s | mic -40.3 dBFS (peak -33.5) | score max 0.01 | detections 0 | inferences 332 (33.2/s; model 1.18 ms each, paused in quiet 3%; features 1.42 ms per 30 ms) | CPU core0  4.9% core1  9.8% (wake word pipeline 9.48% of one core) | RAM used 227 KB (peak 229 KB, 95 KB free) | wifi --, server -- | audio lost since boot: i2s 0 net 0
17:59:37.773 @T t=331461 s=0.000 lv=-39.9 pk=-39.4 c0=9.0 c1=10.4 kw=9.43 inf=3.15 iv=1.46 n=3 d=0 sk=0 hf=98144 hm=96888 ht=283428 pf=0 pm=0 pt=0 ru=233404 rp=234660
17:59:37.773 @T t=331547 s=0.000 lv=-39.1 pk=-37.8 c0=5.1 c1=11.4 kw=11.10 inf=2.94 iv=1.29 n=3 d=0 sk=0 hf=98144 hm=96888 ht=283428 pf=0 pm=0 pt=0 ru=233404 rp=234660
17:59:37.773 @T t=331653 s=0.000 lv=-36.7 pk=-35.7 c0=4.2 c1=10.2 kw=10.02 inf=2.47 iv=1.23 n=4 d=0 sk=0 hf=98144 hm=96888 ht=283428 pf=0 pm=0 pt=0 ru=233404 rp=234660
17:59:37.773 @T t=331739 s=0.000 lv=-40.8 pk=-40.4 c0=5.1 c1=8.2 kw=7.98 inf=3.15 iv=1.23 n=2 d=0 sk=0 hf=98144 hm=96888 ht=283428 pf=0 pm=0 pt=0 ru=233404 rp=234660
17:59:37.773 @T t=331845 s=0.000 lv=-41.4 pk=-39.0 c0=3.5 c1=10.3 kw=9.88 inf=2.40 iv=1.19 n=4 d=0 sk=0 hf=98144 hm=96888 ht=283428 pf=0 pm=0 pt=0 ru=233404 rp=234660
17:59:37.773 @T t=331951 s=0.001 lv=-40.3 pk=-37.1 c0=4.3 c1=11.0 kw=10.50 inf=2.60 iv=1.16 n=4 d=0 sk=0 hf=98144 hm=96888 ht=283428 pf=0 pm=0 pt=0 ru=233404 rp=234660
17:59:37.773 @T t=332057 s=0.001 lv=-40.3 pk=-38.6 c0=4.2 c1=8.9 kw=8.66 inf=2.82 iv=1.20 n=3 d=0 sk=0 hf=98144 hm=96888 ht=283428 pf=0 pm=0 pt=0 ru=233404 rp=234660
17:59:37.773 @T t=332143 s=0.002 lv=-39.7 pk=-37.2 c0=5.2 c1=10.0 kw=9.81 inf=2.62 iv=1.30 n=3 d=0 sk=0 hf=98144 hm=96888 ht=283428 pf=0 pm=0 pt=0 ru=233404 rp=234660
17:59:37.773 @I ww=marvin cut=0.50 win=5 cool=1000 tick=100 wifi=0 srv=0 li=0 ln=0
17:59:37.773 @T t=332254 s=0.002 lv=-38.2 pk=-34.9 c0=4.8 c1=10.8 kw=10.59 inf=2.72 iv=1.24 n=4 d=0 sk=0 hf=98144 hm=96888 ht=283428 pf=0 pm=0 pt=0 ru=233404 rp=234660
17:59:37.773 @T t=332340 s=0.000 lv=-34.6 pk=-33.7 c0=5.2 c1=8.2 kw=8.04 inf=3.17 iv=1.23 n=2 d=0 sk=0 hf=98144 hm=96888 ht=283428 pf=0 pm=0 pt=0 ru=233404 rp=234660
17:59:37.773 @T t=332446 s=0.000 lv=-36.1 pk=-32.7 c0=4.2 c1=12.3 kw=11.33 inf=2.78 iv=1.30 n=4 d=0 sk=0 hf=98144 hm=96888 ht=283428 pf=0 pm=0 pt=0 ru=233404 rp=234660
17:59:37.773 @T t=332552 s=0.000 lv=-36.7 pk=-34.2 c0=3.8 c1=9.7 kw=9.53 inf=2.35 iv=1.16 n=4 d=0 sk=0 hf=98144 hm=96888 ht=283428 pf=0 pm=0 pt=0 ru=233404 rp=234660
17:59:37.773 @T t=332658 s=0.000 lv=-40.8 pk=-39.8 c0=3.3 c1=8.6 kw=8.45 inf=2.75 iv=1.16 n=3 d=0 sk=0 hf=98144 hm=96888 ht=283428 pf=0 pm=0 pt=0 ru=233404 rp=234660
17:59:37.773 @T t=332744 s=0.000 lv=-40.2 pk=-39.2 c0=8.0 c1=9.4 kw=9.23 inf=2.45 iv=1.18 n=3 d=0 sk=0 hf=98144 hm=96888 ht=283428 pf=0 pm=0 pt=0 ru=233404 rp=234660
17:59:37.773 @T t=332853 s=0.000 lv=-40.1 pk=-39.1 c0=9.2 c1=10.9 kw=10.52 inf=2.65 iv=1.18 n=4 d=0 sk=0 hf=98144 hm=96888 ht=283428 pf=0 pm=0 pt=0 ru=233404 rp=234660
17:59:37.773 @T t=332939 s=0.000 lv=-40.8 pk=-39.6 c0=4.1 c1=8.0 kw=8.00 inf=3.15 iv=1.23 n=2 d=0 sk=0 hf=98144 hm=96888 ht=283428 pf=0 pm=0 pt=0 ru=233404 rp=234660
17:59:37.773 @T t=333045 s=0.000 lv=-40.3 pk=-38.6 c0=6.5 c1=9.9 kw=9.48 inf=2.30 iv=1.11 n=4 d=0 sk=0 hf=98144 hm=96888 ht=283428 pf=0 pm=0 pt=0 ru=233404 rp=234660
17:59:37.773 @T t=333151 s=0.000 lv=-41.9 pk=-39.1 c0=3.4 c1=10.7 kw=10.21 inf=2.53 iv=1.10 n=4 d=0 sk=0 hf=98144 hm=96888 ht=283428 pf=0 pm=0 pt=0 ru=233404 rp=234660
17:59:37.773 @I ww=marvin cut=0.50 win=5 cool=1000 tick=100 wifi=0 srv=0 li=0 ln=0
17:59:37.773 @T t=333243 s=0.000 lv=-42.2 pk=-40.6 c0=14.1 c1=7.7 kw=7.45 inf=3.14 iv=1.20 n=2 d=0 sk=0 hf=98144 hm=96888 ht=283428 pf=0 pm=0 pt=0 ru=233404 rp=234660
17:59:40.363 @T t=333352 s=0.000 lv=-40.2 pk=-39.0 c0=8.7 c1=10.3 kw=10.05 inf=2.53 iv=1.09 n=4 d=0 sk=0 hf=98144 hm=96888 ht=283428 pf=0 pm=0 pt=0 ru=233404 rp=234660
17:59:40.363 @T t=333458 s=0.000 lv=-39.0 pk=-37.3 c0=3.8 c1=10.7 kw=9.77 inf=2.41 iv=1.19 n=4 d=0 sk=0 hf=98144 hm=96888 ht=283428 pf=0 pm=0 pt=0 ru=233404 rp=234660
17:59:40.363 @T t=333544 s=0.000 lv=-39.6 pk=-38.7 c0=6.2 c1=8.2 kw=7.82 inf=3.08 iv=1.16 n=2 d=0 sk=0 hf=98144 hm=96888 ht=283428 pf=0 pm=0 pt=0 ru=233404 rp=234660
17:59:40.363 @T t=333653 s=0.000 lv=-40.7 pk=-39.4 c0=9.4 c1=10.7 kw=10.45 inf=2.62 iv=1.14 n=4 d=0 sk=0 hf=98144 hm=96888 ht=283428 pf=0 pm=0 pt=0 ru=233404 rp=234660
17:59:40.363 @T t=333742 s=0.000 lv=-39.5 pk=-38.3 c0=10.8 c1=9.1 kw=8.88 inf=2.44 iv=1.14 n=3 d=0 sk=0 hf=98144 hm=96888 ht=283428 pf=0 pm=0 pt=0 ru=233404 rp=234660
17:59:40.363 @T t=333849 s=0.000 lv=-39.9 pk=-38.6 c0=4.2 c1=10.9 kw=10.69 inf=2.64 iv=1.17 n=4 d=0 sk=0 hf=98144 hm=96888 ht=283428 pf=0 pm=0 pt=0 ru=233404 rp=234660
17:59:40.363 @T t=333955 s=0.000 lv=-39.7 pk=-38.3 c0=4.3 c1=9.0 kw=8.76 inf=2.85 iv=1.23 n=3 d=0 sk=0 hf=98144 hm=96888 ht=283428 pf=0 pm=0 pt=0 ru=233404 rp=234660
17:59:40.363 @T t=334041 s=0.000 lv=-38.3 pk=-37.6 c0=5.1 c1=9.8 kw=9.57 inf=2.55 iv=1.23 n=3 d=0 sk=0 hf=98144 hm=96888 ht=283428 pf=0 pm=0 pt=0 ru=233404 rp=234660
17:59:40.363 @T t=334147 s=0.000 lv=-39.8 pk=-38.8 c0=4.4 c1=7.6 kw=7.42 inf=2.34 iv=1.37 n=1 d=0 sk=2 hf=98144 hm=96888 ht=283428 pf=0 pm=0 pt=0 ru=233404 rp=234660
17:59:40.363 @I ww=marvin cut=0.50 win=5 cool=1000 tick=100 wifi=0 srv=0 li=0 ln=0
17:59:40.363 @T t=334258 s=0.000 lv=-38.8 pk=-37.4 c0=4.6 c1=4.3 kw=4.68 inf=1.51 iv=0.00 n=0 d=0 sk=3 hf=98144 hm=96888 ht=283428 pf=0 pm=0 pt=0 ru=233404 rp=234660
17:59:40.363 @T t=334344 s=0.000 lv=-39.2 pk=-38.0 c0=7.2 c1=5.8 kw=4.97 inf=1.85 iv=0.00 n=0 d=0 sk=2 hf=98144 hm=96888 ht=283428 pf=0 pm=0 pt=0 ru=233404 rp=234660
17:59:40.363 @T t=334450 s=0.000 lv=-39.6 pk=-38.4 c0=4.3 c1=7.0 kw=6.07 inf=1.40 iv=0.00 n=0 d=0 sk=4 hf=98144 hm=96888 ht=283428 pf=0 pm=0 pt=0 ru=233404 rp=234660
17:59:40.363 @T t=334556 s=0.000 lv=-38.7 pk=-37.7 c0=4.2 c1=5.2 kw=5.09 inf=1.57 iv=0.00 n=0 d=0 sk=3 hf=98144 hm=96888 ht=283428 pf=0 pm=0 pt=0 ru=233404 rp=234660
17:59:40.363 @T t=334642 s=0.000 lv=-38.3 pk=-37.5 c0=4.9 c1=5.2 kw=4.99 inf=1.87 iv=0.00 n=0 d=0 sk=2 hf=98144 hm=96888 ht=283428 pf=0 pm=0 pt=0 ru=233404 rp=234660
17:59:40.363 @T t=334748 s=0.000 lv=-39.1 pk=-36.6 c0=3.9 c1=6.2 kw=5.98 inf=1.38 iv=0.00 n=0 d=0 sk=4 hf=98144 hm=96888 ht=283428 pf=0 pm=0 pt=0 ru=233404 rp=234660
17:59:40.363 @T t=334854 s=0.000 lv=-39.8 pk=-38.6 c0=3.5 c1=5.0 kw=4.93 inf=1.52 iv=0.00 n=0 d=0 sk=3 hf=98144 hm=96888 ht=283428 pf=0 pm=0 pt=0 ru=233404 rp=234660
17:59:40.363 @T t=334941 s=0.000 lv=-39.9 pk=-39.0 c0=4.2 c1=5.1 kw=4.90 inf=1.86 iv=0.00 n=0 d=0 sk=2 hf=98144 hm=96888 ht=283428 pf=0 pm=0 pt=0 ru=233404 rp=234660
17:59:40.363 @T t=335047 s=0.000 lv=-39.3 pk=-38.3 c0=3.1 c1=6.0 kw=5.88 inf=1.36 iv=0.00 n=0 d=0 sk=4 hf=98144 hm=96888 ht=283428 pf=0 pm=0 pt=0 ru=233404 rp=234660
17:59:40.363 @T t=335153 s=0.000 lv=-41.1 pk=-40.1 c0=6.2 c1=5.0 kw=4.90 inf=1.51 iv=0.00 n=0 d=0 sk=3 hf=98144 hm=96888 ht=283428 pf=0 pm=0 pt=0 ru=233404 rp=234660
17:59:40.363 @I ww=marvin cut=0.50 win=5 cool=1000 tick=100 wifi=0 srv=0 li=0 ln=0
17:59:40.363 @T t=335245 s=0.000 lv=-40.3 pk=-38.4 c0=13.7 c1=5.1 kw=4.72 inf=1.22 iv=0.00 n=0 d=0 sk=3 hf=98144 hm=96888 ht=283428 pf=0 pm=0 pt=0 ru=233404 rp=234660
17:59:40.363 @T t=335351 s=0.000 lv=-40.5 pk=-39.5 c0=3.1 c1=6.2 kw=5.73 inf=1.80 iv=0.00 n=0 d=0 sk=3 hf=98144 hm=96888 ht=283428 pf=0 pm=0 pt=0 ru=233404 rp=234660
17:59:40.363 @T t=335458 s=0.000 lv=-38.5 pk=-36.3 c0=3.6 c1=5.9 kw=4.99 inf=1.55 iv=0.00 n=0 d=0 sk=3 hf=98144 hm=96888 ht=283428 pf=0 pm=0 pt=0 ru=233404 rp=234660
17:59:40.363 @T t=335544 s=0.000 lv=-39.5 pk=-38.6 c0=4.1 c1=4.9 kw=4.84 inf=1.81 iv=0.00 n=0 d=0 sk=2 hf=98144 hm=96888 ht=283428 pf=0 pm=0 pt=0 ru=233404 rp=234660
17:59:40.363 @T t=335650 s=0.000 lv=-40.1 pk=-38.0 c0=3.5 c1=6.2 kw=5.99 inf=1.38 iv=0.00 n=0 d=0 sk=4 hf=98144 hm=96888 ht=283428 pf=0 pm=0 pt=0 ru=233404 rp=234660
17:59:40.363 @T t=335756 s=0.000 lv=-42.6 pk=-41.7 c0=3.1 c1=5.0 kw=4.88 inf=1.50 iv=0.00 n=0 d=0 sk=3 hf=98144 hm=96888 ht=283428 pf=0 pm=0 pt=0 ru=233404 rp=234660
17:59:40.363 @T t=335842 s=0.000 lv=-42.5 pk=-41.9 c0=7.7 c1=4.9 kw=4.81 inf=1.80 iv=0.00 n=0 d=0 sk=2 hf=98144 hm=96888 ht=283428 pf=0 pm=0 pt=0 ru=233404 rp=234660
17:59:42.861 @T t=335948 s=0.000 lv=-40.6 pk=-39.4 c0=5.2 c1=6.4 kw=6.04 inf=1.40 iv=0.00 n=0 d=0 sk=4 hf=98144 hm=96888 ht=283428 pf=0 pm=0 pt=0 ru=233404 rp=234660
17:59:42.861 @T t=336054 s=0.000 lv=-41.8 pk=-41.0 c0=3.7 c1=4.9 kw=4.92 inf=1.51 iv=0.00 n=0 d=0 sk=3 hf=98144 hm=96888 ht=283428 pf=0 pm=0 pt=0 ru=233404 rp=234660
17:59:42.861 @T t=336140 s=0.000 lv=-40.4 pk=-40.0 c0=4.7 c1=5.2 kw=4.96 inf=1.85 iv=0.00 n=0 d=0 sk=2 hf=98144 hm=96888 ht=283428 pf=0 pm=0 pt=0 ru=233404 rp=234660
17:59:42.861 @I ww=marvin cut=0.50 win=5 cool=1000 tick=100 wifi=0 srv=0 li=0 ln=0
17:59:42.861 @T t=336252 s=0.000 lv=-40.7 pk=-39.0 c0=4.5 c1=5.9 kw=5.70 inf=1.39 iv=0.00 n=0 d=0 sk=4 hf=98144 hm=96888 ht=283428 pf=0 pm=0 pt=0 ru=233404 rp=234660
17:59:42.861 @T t=336358 s=0.000 lv=-41.4 pk=-40.6 c0=3.9 c1=5.2 kw=5.03 inf=1.55 iv=0.00 n=0 d=0 sk=3 hf=98144 hm=96888 ht=283428 pf=0 pm=0 pt=0 ru=233404 rp=234660
17:59:42.861 @T t=336444 s=0.000 lv=-42.0 pk=-40.3 c0=5.6 c1=6.2 kw=5.10 inf=1.92 iv=0.00 n=0 d=0 sk=2 hf=98144 hm=96888 ht=283428 pf=0 pm=0 pt=0 ru=233404 rp=234660
17:59:42.861 @T t=336553 s=0.000 lv=-39.3 pk=-38.1 c0=3.9 c1=6.1 kw=5.97 inf=1.42 iv=0.00 n=0 d=0 sk=4 hf=98144 hm=96888 ht=283428 pf=0 pm=0 pt=0 ru=233404 rp=234660
17:59:42.861 @T t=336639 s=0.000 lv=-38.4 pk=-36.5 c0=4.6 c1=5.1 kw=5.00 inf=1.88 iv=0.00 n=0 d=0 sk=2 hf=98144 hm=96888 ht=283428 pf=0 pm=0 pt=0 ru=233404 rp=234660
17:59:42.861 @T t=336745 s=0.000 lv=-38.7 pk=-34.8 c0=4.0 c1=18.4 kw=17.91 inf=1.39 iv=1.02 n=13 d=0 sk=0 hf=98144 hm=96888 ht=283428 pf=0 pm=0 pt=0 ru=233404 rp=234660
17:59:42.861 @T t=336851 s=0.000 lv=-39.5 pk=-38.5 c0=4.2 c1=11.2 kw=10.69 inf=2.65 iv=1.20 n=4 d=0 sk=0 hf=98144 hm=96888 ht=283428 pf=0 pm=0 pt=0 ru=233404 rp=234660
17:59:42.861 @T t=336957 s=0.000 lv=-39.6 pk=-38.1 c0=6.7 c1=9.2 kw=8.98 inf=2.94 iv=1.30 n=3 d=0 sk=0 hf=98144 hm=96888 ht=283428 pf=0 pm=0 pt=0 ru=233404 rp=234660
17:59:42.861 @T t=337043 s=0.000 lv=-39.7 pk=-38.4 c0=5.1 c1=9.5 kw=9.32 inf=2.48 iv=1.19 n=3 d=0 sk=0 hf=98144 hm=96888 ht=283428 pf=0 pm=0 pt=0 ru=233404 rp=234660
17:59:42.861 @T t=337152 s=0.000 lv=-41.0 pk=-39.9 c0=9.5 c1=10.5 kw=10.29 inf=2.59 iv=1.16 n=4 d=0 sk=0 hf=98144 hm=96888 ht=283428 pf=0 pm=0 pt=0 ru=233404 rp=234660
17:59:42.861 @I ww=marvin cut=0.50 win=5 cool=1000 tick=100 wifi=0 srv=0 li=0 ln=0
17:59:42.861 @T t=337243 s=0.000 lv=-40.6 pk=-39.7 c0=4.8 c1=7.8 kw=7.59 inf=3.17 iv=1.26 n=2 d=0 sk=0 hf=98144 hm=96888 ht=283428 pf=0 pm=0 pt=0 ru=233404 rp=234660
17:59:42.861 @T t=337352 s=0.000 lv=-39.8 pk=-37.8 c0=9.1 c1=10.6 kw=10.32 inf=2.60 iv=1.14 n=4 d=0 sk=0 hf=98144 hm=96888 ht=283428 pf=0 pm=0 pt=0 ru=233404 rp=234660
17:59:42.861 @T t=337458 s=0.000 lv=-41.4 pk=-40.5 c0=3.9 c1=10.9 kw=9.98 inf=2.46 iv=1.25 n=4 d=0 sk=0 hf=98144 hm=96888 ht=283428 pf=0 pm=0 pt=0 ru=233404 rp=234660
17:59:42.861 @T t=337544 s=0.000 lv=-36.6 pk=-34.4 c0=4.1 c1=8.2 kw=7.99 inf=3.15 iv=1.21 n=2 d=0 sk=0 hf=98144 hm=96888 ht=283428 pf=0 pm=0 pt=0 ru=233404 rp=234660
17:59:42.861 @T t=337653 s=0.000 lv=-37.3 pk=-35.6 c0=9.1 c1=10.4 kw=10.19 inf=2.56 iv=1.09 n=4 d=0 sk=0 hf=98144 hm=96888 ht=283428 pf=0 pm=0 pt=0 ru=233404 rp=234660
17:59:42.861 @T t=337739 s=0.000 lv=-39.3 pk=-38.9 c0=8.0 c1=9.2 kw=9.03 inf=2.40 iv=1.13 n=3 d=0 sk=0 hf=98144 hm=96888 ht=283428 pf=0 pm=0 pt=0 ru=233404 rp=234660
17:59:42.861 @T t=337845 s=0.000 lv=-36.1 pk=-33.3 c0=3.3 c1=8.9 kw=8.51 inf=2.73 iv=1.14 n=3 d=0 sk=0 hf=98144 hm=96888 ht=283428 pf=0 pm=0 pt=0 ru=233404 rp=234660
17:59:42.861 @T t=337951 s=0.000 lv=-34.1 pk=-30.9 c0=3.6 c1=10.6 kw=10.63 inf=2.64 iv=1.21 n=4 d=0 sk=0 hf=98144 hm=96888 ht=283428 pf=0 pm=0 pt=0 ru=233404 rp=234660
17:59:42.861 @T t=338057 s=0.000 lv=-41.1 pk=-40.4 c0=3.7 c1=9.9 kw=9.68 inf=2.38 iv=1.18 n=4 d=0 sk=0 hf=98144 hm=96888 ht=283428 pf=0 pm=0 pt=0 ru=233404 rp=234660
17:59:42.861 @T t=338143 s=0.000 lv=-40.0 pk=-38.9 c0=4.1 c1=8.2 kw=7.98 inf=3.15 iv=1.24 n=2 d=0 sk=0 hf=98144 hm=96888 ht=283428 pf=0 pm=0 pt=0 ru=233404 rp=234660
17:59:42.861 @I ww=marvin cut=0.50 win=5 cool=1000 tick=100 wifi=0 srv=0 li=0 ln=0
17:59:42.861 @T t=338254 s=0.000 lv=-41.5 pk=-39.9 c0=4.0 c1=10.4 kw=10.19 inf=2.61 iv=1.17 n=4 d=0 sk=0 hf=98144 hm=96888 ht=283428 pf=0 pm=0 pt=0 ru=233404 rp=234660
17:59:42.861 @T t=338340 s=0.000 lv=-42.1 pk=-41.4 c0=4.0 c1=9.4 kw=9.17 inf=2.44 iv=1.17 n=3 d=0 sk=0 hf=98144 hm=96888 ht=283428 pf=0 pm=0 pt=0 ru=233404 rp=234660
17:59:45.273 @T t=338446 s=0.000 lv=-40.0 pk=-38.5 c0=6.5 c1=12.0 kw=9.75 inf=2.36 iv=1.12 n=4 d=0 sk=0 hf=98144 hm=96888 ht=283428 pf=0 pm=0 pt=0 ru=233404 rp=234660
17:59:45.274 @T t=338552 s=0.000 lv=-39.6 pk=-36.8 c0=4.2 c1=10.1 kw=10.64 inf=3.52 iv=1.58 n=3 d=0 sk=0 hf=98144 hm=96888 ht=283428 pf=0 pm=0 pt=0 ru=233404 rp=234660
17:59:45.274 @T t=338658 s=0.000 lv=-38.7 pk=-36.4 c0=4.2 c1=9.9 kw=9.65 inf=2.38 iv=1.17 n=4 d=0 sk=0 hf=98144 hm=96888 ht=283428 pf=0 pm=0 pt=0 ru=233404 rp=234660
17:59:45.274 @T t=338744 s=0.000 lv=-34.2 pk=-32.9 c0=5.1 c1=8.1 kw=7.94 inf=3.12 iv=1.17 n=2 d=0 sk=0 hf=98144 hm=96888 ht=283428 pf=0 pm=0 pt=0 ru=233404 rp=234660
17:59:45.274 @T t=338852 s=0.000 lv=-41.1 pk=-38.9 c0=3.9 c1=10.5 kw=10.24 inf=2.55 iv=1.12 n=4 d=0 sk=0 hf=98144 hm=96888 ht=283428 pf=0 pm=0 pt=0 ru=233404 rp=234660
17:59:45.274 @T t=338958 s=0.000 lv=-41.2 pk=-40.1 c0=4.3 c1=9.5 kw=9.26 inf=2.28 iv=1.10 n=4 d=0 sk=0 hf=98144 hm=96888 ht=283428 pf=0 pm=0 pt=0 ru=233404 rp=234660
17:59:45.274 @T t=339044 s=0.000 lv=-39.4 pk=-38.0 c0=4.1 c1=8.1 kw=7.94 inf=3.13 iv=1.22 n=2 d=0 sk=0 hf=98144 hm=96888 ht=283428 pf=0 pm=0 pt=0 ru=233404 rp=234660
17:59:45.274 @T t=339153 s=0.000 lv=-40.7 pk=-39.7 c0=9.5 c1=10.8 kw=10.58 inf=2.66 iv=1.20 n=4 d=0 sk=0 hf=98144 hm=96888 ht=283428 pf=0 pm=0 pt=0 ru=233404 rp=234660
17:59:45.274 @I ww=marvin cut=0.50 win=5 cool=1000 tick=100 wifi=0 srv=0 li=0 ln=0
17:59:45.274 @T t=339244 s=0.000 lv=-40.0 pk=-39.4 c0=5.8 c1=9.4 kw=9.17 inf=2.59 iv=1.28 n=3 d=0 sk=0 hf=98144 hm=96888 ht=283428 pf=0 pm=0 pt=0 ru=233404 rp=234660
17:59:45.274 @T t=339353 s=0.000 lv=-41.2 pk=-40.2 c0=4.1 c1=10.8 kw=10.55 inf=2.65 iv=1.19 n=4 d=0 sk=0 hf=98144 hm=96888 ht=283428 pf=0 pm=0 pt=0 ru=233404 rp=234660
17:59:45.274 @T t=339439 s=0.000 lv=-38.9 pk=-37.5 c0=5.7 c1=10.8 kw=9.72 inf=2.59 iv=1.27 n=3 d=0 sk=0 hf=98144 hm=96888 ht=283428 pf=0 pm=0 pt=0 ru=233404 rp=234660
17:59:45.274 @T t=339545 s=0.000 lv=-41.6 pk=-40.7 c0=3.4 c1=8.9 kw=8.53 inf=2.73 iv=1.15 n=3 d=0 sk=0 hf=98144 hm=96888 ht=283428 pf=0 pm=0 pt=0 ru=233404 rp=234660
17:59:45.274 @T t=339654 s=0.000 lv=-41.0 pk=-39.4 c0=4.0 c1=10.6 kw=10.53 inf=2.70 iv=1.26 n=4 d=0 sk=0 hf=98144 hm=96888 ht=283428 pf=0 pm=0 pt=0 ru=233404 rp=234660
17:59:45.274 @T t=339740 s=0.000 lv=-40.7 pk=-38.5 c0=4.7 c1=9.7 kw=9.48 inf=2.52 iv=1.23 n=3 d=0 sk=0 hf=98144 hm=96888 ht=283428 pf=0 pm=0 pt=0 ru=233404 rp=234660
17:59:45.274 @T t=339846 s=0.000 lv=-41.0 pk=-38.7 c0=3.3 c1=10.0 kw=8.64 inf=2.77 iv=1.18 n=3 d=0 sk=0 hf=98144 hm=96888 ht=283428 pf=0 pm=0 pt=0 ru=233404 rp=234660
17:59:45.274 @T t=339952 s=0.000 lv=-40.5 pk=-38.3 c0=3.4 c1=9.8 kw=10.31 inf=2.56 iv=1.13 n=4 d=0 sk=0 hf=98144 hm=96888 ht=283428 pf=0 pm=0 pt=0 ru=233404 rp=234660
17:59:45.274 @T t=340058 s=0.000 lv=-41.2 pk=-40.2 c0=7.0 c1=8.7 kw=8.54 inf=2.78 iv=1.17 n=3 d=0 sk=0 hf=98144 hm=96888 ht=283428 pf=0 pm=0 pt=0 ru=233404 rp=234660
17:59:45.274 @T t=340144 s=0.000 lv=-39.9 pk=-38.5 c0=7.3 c1=9.5 kw=9.28 inf=2.47 iv=1.19 n=3 d=0 sk=0 hf=98144 hm=96888 ht=283428 pf=0 pm=0 pt=0 ru=233404 rp=234660
17:59:45.274 @I ww=marvin cut=0.50 win=5 cool=1000 tick=100 wifi=0 srv=0 li=0 ln=0
17:59:45.274 @T t=340255 s=0.000 lv=-39.1 pk=-38.7 c0=10.7 c1=10.4 kw=10.23 inf=2.62 iv=1.16 n=4 d=0 sk=0 hf=98144 hm=96888 ht=283428 pf=0 pm=0 pt=0 ru=233404 rp=234660
17:59:45.274 @T t=340341 s=0.000 lv=-38.6 pk=-37.9 c0=4.0 c1=6.9 kw=6.71 inf=2.61 iv=1.43 n=1 d=0 sk=1 hf=98144 hm=96888 ht=283428 pf=0 pm=0 pt=0 ru=233404 rp=234660
17:59:45.274 @T t=340447 s=0.000 lv=-39.1 pk=-37.5 c0=4.5 c1=6.9 kw=6.08 inf=1.40 iv=0.00 n=0 d=0 sk=4 hf=98144 hm=96888 ht=283428 pf=0 pm=0 pt=0 ru=233404 rp=234660
17:59:45.274 @T t=340553 s=0.000 lv=-39.5 pk=-38.2 c0=3.3 c1=5.0 kw=4.94 inf=1.52 iv=0.00 n=0 d=0 sk=3 hf=98144 hm=96888 ht=283428 pf=0 pm=0 pt=0 ru=233404 rp=234660
17:59:45.274 @T t=340639 s=0.000 lv=-42.2 pk=-41.6 c0=3.6 c1=4.9 kw=4.79 inf=1.79 iv=0.00 n=0 d=0 sk=2 hf=98144 hm=96888 ht=283428 pf=0 pm=0 pt=0 ru=233404 rp=234660
17:59:45.274 @T t=340745 s=0.000 lv=-39.7 pk=-39.3 c0=3.0 c1=5.4 kw=5.05 inf=1.52 iv=0.00 n=0 d=0 sk=3 hf=98144 hm=96888 ht=283428 pf=0 pm=0 pt=0 ru=233404 rp=234660
17:59:45.274 W (341141) wifi: cannot connect (reason 201). Check the name/password in menuconfig; the ESP32 needs a 2.4 GHz network (201 = network not found, 15/204 = wrong password)
17:59:47.572 @T t=340851 s=0.000 lv=-38.9 pk=-38.3 c0=7.6 c1=6.6 kw=5.96 inf=1.88 iv=0.00 n=0 d=0 sk=3 hf=98144 hm=96888 ht=283428 pf=0 pm=0 pt=0 ru=233404 rp=234660
17:59:47.572 @T t=340957 s=0.000 lv=-39.6 pk=-38.7 c0=7.2 c1=5.2 kw=5.02 inf=1.54 iv=0.00 n=0 d=0 sk=3 hf=98144 hm=96888 ht=283428 pf=0 pm=0 pt=0 ru=233404 rp=234660
17:59:47.572 @T t=341043 s=0.000 lv=-41.1 pk=-40.2 c0=4.8 c1=5.1 kw=4.94 inf=1.85 iv=0.00 n=0 d=0 sk=2 hf=98144 hm=96888 ht=283428 pf=0 pm=0 pt=0 ru=233404 rp=234660
17:59:47.572 @T t=341149 s=0.000 lv=-40.2 pk=-39.3 c0=3.9 c1=6.2 kw=6.00 inf=1.38 iv=0.00 n=0 d=0 sk=4 hf=98144 hm=96888 ht=283428 pf=0 pm=0 pt=0 ru=233404 rp=234660
17:59:47.572 @I ww=marvin cut=0.50 win=5 cool=1000 tick=100 wifi=0 srv=0 li=0 ln=0
17:59:47.572 @T t=341241 s=0.000 lv=-41.5 pk=-40.1 c0=4.6 c1=4.7 kw=4.57 inf=1.83 iv=0.00 n=0 d=0 sk=2 hf=98144 hm=96888 ht=283428 pf=0 pm=0 pt=0 ru=233404 rp=234660
17:59:47.572 @T t=341347 s=0.000 lv=-40.5 pk=-39.6 c0=7.0 c1=6.1 kw=5.93 inf=1.37 iv=0.00 n=0 d=0 sk=4 hf=98144 hm=96888 ht=283428 pf=0 pm=0 pt=0 ru=233404 rp=234660
17:59:47.572 [status] up 341s | mic -39.4 dBFS (peak -30.9) | score max 0.00 | detections 0 | inferences 221 (22.1/s; model 1.19 ms each, paused in quiet 33%; features 1.45 ms per 30 ms) | CPU core0  5.3% core1  8.3% (wake word pipeline 8.09% of one core) | RAM used 227 KB (peak 229 KB, 95 KB free) | wifi --, server -- | audio lost since boot: i2s 0 net 0
17:59:47.572 @T t=341475 s=0.000 lv=-41.4 pk=-40.3 c0=7.4 c1=6.1 kw=5.09 inf=1.42 iv=0.00 n=0 d=0 sk=4 hf=98144 hm=96888 ht=283428 pf=0 pm=0 pt=0 ru=233404 rp=234660
17:59:47.572 @T t=341542 s=0.000 lv=-40.8 pk=-40.5 c0=6.2 c1=5.0 kw=4.84 inf=1.41 iv=0.00 n=0 d=0 sk=2 hf=98144 hm=96888 ht=283428 pf=0 pm=0 pt=0 ru=233404 rp=234660
17:59:47.573 @T t=341648 s=0.000 lv=-41.1 pk=-39.7 c0=3.8 c1=6.1 kw=5.95 inf=1.38 iv=0.00 n=0 d=0 sk=4 hf=98144 hm=96888 ht=283428 pf=0 pm=0 pt=0 ru=233404 rp=234660
17:59:47.573 @T t=341754 s=0.000 lv=-41.5 pk=-40.9 c0=3.8 c1=5.1 kw=4.99 inf=1.53 iv=0.00 n=0 d=0 sk=3 hf=98144 hm=96888 ht=283428 pf=0 pm=0 pt=0 ru=233404 rp=234660
17:59:47.573 @T t=341840 s=0.000 lv=-41.5 pk=-40.3 c0=4.0 c1=5.0 kw=4.86 inf=1.82 iv=0.00 n=0 d=0 sk=2 hf=98144 hm=96888 ht=283428 pf=0 pm=0 pt=0 ru=233404 rp=234660
17:59:47.573 @T t=341946 s=0.000 lv=-41.1 pk=-39.9 c0=7.2 c1=6.2 kw=6.01 inf=1.39 iv=0.00 n=0 d=0 sk=4 hf=98144 hm=96888 ht=283428 pf=0 pm=0 pt=0 ru=233404 rp=234660
17:59:47.573 @T t=342052 s=0.000 lv=-39.9 pk=-39.6 c0=3.9 c1=5.2 kw=5.00 inf=1.54 iv=0.00 n=0 d=0 sk=3 hf=98144 hm=96888 ht=283428 pf=0 pm=0 pt=0 ru=233404 rp=234660
17:59:47.573 @T t=342158 s=0.000 lv=-41.4 pk=-39.3 c0=3.5 c1=5.1 kw=4.92 inf=1.51 iv=0.00 n=0 d=0 sk=3 hf=98144 hm=96888 ht=283428 pf=0 pm=0 pt=0 ru=233404 rp=234660
17:59:47.573 @I ww=marvin cut=0.50 win=5 cool=1000 tick=100 wifi=0 srv=0 li=0 ln=0
17:59:47.573 @T t=342250 s=0.000 lv=-41.6 pk=-41.1 c0=4.4 c1=5.8 kw=5.64 inf=1.51 iv=0.00 n=0 d=0 sk=3 hf=98144 hm=96888 ht=283428 pf=0 pm=0 pt=0 ru=233404 rp=234660
17:59:47.573 @T t=342356 s=0.000 lv=-41.3 pk=-40.7 c0=6.2 c1=5.0 kw=4.89 inf=1.51 iv=0.00 n=0 d=0 sk=3 hf=98144 hm=96888 ht=283428 pf=0 pm=0 pt=0 ru=233404 rp=234660
17:59:47.573 @T t=342442 s=0.000 lv=-42.3 pk=-40.8 c0=8.3 c1=6.1 kw=4.96 inf=1.86 iv=0.00 n=0 d=0 sk=2 hf=98144 hm=96888 ht=283428 pf=0 pm=0 pt=0 ru=233404 rp=234660
17:59:47.573 @T t=342548 s=0.000 lv=-41.4 pk=-38.9 c0=7.0 c1=6.1 kw=6.00 inf=1.39 iv=0.00 n=0 d=0 sk=4 hf=98144 hm=96888 ht=283428 pf=0 pm=0 pt=0 ru=233404 rp=234660
17:59:47.573 @T t=342654 s=0.000 lv=-42.5 pk=-41.6 c0=3.1 c1=5.0 kw=4.90 inf=1.51 iv=0.00 n=0 d=0 sk=3 hf=98144 hm=96888 ht=283428 pf=0 pm=0 pt=0 ru=233404 rp=234660
17:59:47.573 @T t=342740 s=0.000 lv=-41.1 pk=-40.0 c0=3.6 c1=5.0 kw=4.84 inf=1.82 iv=0.00 n=0 d=0 sk=2 hf=98144 hm=96888 ht=283428 pf=0 pm=0 pt=0 ru=233404 rp=234660
17:59:47.573 @T t=342846 s=0.000 lv=-40.9 pk=-39.8 c0=6.6 c1=6.1 kw=5.92 inf=1.37 iv=0.00 n=0 d=0 sk=4 hf=98144 hm=96888 ht=283428 pf=0 pm=0 pt=0 ru=233404 rp=234660
17:59:47.573 @T t=342952 s=0.000 lv=-42.1 pk=-40.5 c0=3.2 c1=5.0 kw=4.90 inf=1.51 iv=0.00 n=0 d=0 sk=3 hf=98144 hm=96888 ht=283428 pf=0 pm=0 pt=0 ru=233404 rp=234660
17:59:47.573 @T t=343058 s=0.000 lv=-41.5 pk=-39.5 c0=6.3 c1=5.0 kw=4.91 inf=1.51 iv=0.00 n=0 d=0 sk=3 hf=98144 hm=96888 ht=283428 pf=0 pm=0 pt=0 ru=233404 rp=234660
17:59:47.573 @T t=343144 s=0.000 lv=-40.3 pk=-39.1 c0=3.6 c1=5.0 kw=4.84 inf=1.81 iv=0.00 n=0 d=0 sk=2 hf=98144 hm=96888 ht=283428 pf=0 pm=0 pt=0 ru=233404 rp=234660
17:59:50.163 @I ww=marvin cut=0.50 win=5 cool=1000 tick=100 wifi=0 srv=0 li=0 ln=0
17:59:50.164 @T t=343256 s=0.000 lv=-40.2 pk=-38.4 c0=5.6 c1=6.1 kw=5.75 inf=1.40 iv=0.00 n=0 d=0 sk=4 hf=98144 hm=96888 ht=283428 pf=0 pm=0 pt=0 ru=233404 rp=234660
17:59:50.164 @T t=343342 s=0.000 lv=-37.9 pk=-35.7 c0=5.0 c1=18.0 kw=17.76 inf=1.23 iv=0.98 n=11 d=0 sk=1 hf=98144 hm=96888 ht=283428 pf=0 pm=0 pt=0 ru=233404 rp=234660
17:59:50.164 @T t=343448 s=0.000 lv=-39.7 pk=-38.2 c0=4.7 c1=12.1 kw=11.14 inf=2.73 iv=1.26 n=4 d=0 sk=0 hf=98144 hm=96888 ht=283428 pf=0 pm=0 pt=0 ru=233404 rp=234660
17:59:50.164 @T t=343554 s=0.001 lv=-39.6 pk=-38.9 c0=4.2 c1=9.2 kw=8.95 inf=2.92 iv=1.29 n=3 d=0 sk=0 hf=98144 hm=96888 ht=283428 pf=0 pm=0 pt=0 ru=233404 rp=234660
17:59:50.164 @T t=343640 s=0.002 lv=-39.8 pk=-37.8 c0=4.1 c1=9.4 kw=9.19 inf=2.44 iv=1.17 n=3 d=0 sk=0 hf=98144 hm=96888 ht=283428 pf=0 pm=0 pt=0 ru=233404 rp=234660
17:59:50.164 @T t=343746 s=0.002 lv=-41.2 pk=-39.1 c0=4.1 c1=10.2 kw=8.82 inf=2.83 iv=1.20 n=3 d=0 sk=0 hf=98144 hm=96888 ht=283428 pf=0 pm=0 pt=0 ru=233404 rp=234660
17:59:50.164 @T t=343855 s=0.000 lv=-40.2 pk=-39.2 c0=4.0 c1=9.7 kw=10.15 inf=2.59 iv=1.16 n=4 d=0 sk=0 hf=98144 hm=96888 ht=283428 pf=0 pm=0 pt=0 ru=233404 rp=234660
17:59:50.164 @T t=343941 s=0.000 lv=-38.1 pk=-37.0 c0=5.1 c1=9.8 kw=9.61 inf=2.56 iv=1.24 n=3 d=0 sk=0 hf=98144 hm=96888 ht=283428 pf=0 pm=0 pt=0 ru=233404 rp=234660
17:59:50.164 @T t=344047 s=0.000 lv=-37.5 pk=-36.7 c0=4.1 c1=11.0 kw=10.75 inf=2.63 iv=1.19 n=4 d=0 sk=0 hf=98144 hm=96888 ht=283428 pf=0 pm=0 pt=0 ru=233404 rp=234660
17:59:50.164 @T t=344153 s=0.000 lv=-35.7 pk=-34.9 c0=4.2 c1=9.2 kw=8.97 inf=2.93 iv=1.29 n=3 d=0 sk=0 hf=98144 hm=96888 ht=283428 pf=0 pm=0 pt=0 ru=233404 rp=234660
17:59:50.164 @I ww=marvin cut=0.50 win=5 cool=1000 tick=100 wifi=0 srv=0 li=0 ln=0
17:59:50.164 @T t=344244 s=0.000 lv=-37.2 pk=-35.1 c0=4.9 c1=9.0 kw=8.82 inf=2.48 iv=1.20 n=3 d=0 sk=0 hf=98144 hm=96888 ht=283428 pf=0 pm=0 pt=0 ru=233404 rp=234660
17:59:50.164 @T t=344353 s=0.000 lv=-39.5 pk=-38.4 c0=9.5 c1=10.7 kw=10.45 inf=2.62 iv=1.16 n=4 d=0 sk=0 hf=98144 hm=96888 ht=283428 pf=0 pm=0 pt=0 ru=233404 rp=234660
17:59:50.164 @T t=344439 s=0.000 lv=-39.4 pk=-37.2 c0=6.0 c1=9.4 kw=8.30 inf=3.27 iv=1.29 n=2 d=0 sk=0 hf=98144 hm=96888 ht=283428 pf=0 pm=0 pt=0 ru=233404 rp=234660
17:59:50.164 @T t=344545 s=0.000 lv=-37.7 pk=-36.0 c0=3.8 c1=10.4 kw=9.97 inf=2.43 iv=1.21 n=4 d=0 sk=0 hf=98144 hm=96888 ht=283428 pf=0 pm=0 pt=0 ru=233404 rp=234660
17:59:50.164 @T t=344651 s=0.000 lv=-40.1 pk=-38.1 c0=3.3 c1=10.7 kw=10.24 inf=2.54 iv=1.12 n=4 d=0 sk=0 hf=98144 hm=96888 ht=283428 pf=0 pm=0 pt=0 ru=233404 rp=234660
17:59:50.164 @T t=344757 s=0.000 lv=-40.9 pk=-40.0 c0=3.3 c1=8.5 kw=8.35 inf=2.72 iv=1.14 n=3 d=0 sk=0 hf=98144 hm=96888 ht=283428 pf=0 pm=0 pt=0 ru=233404 rp=234660
17:59:50.164 @T t=344843 s=0.000 lv=-38.4 pk=-37.4 c0=8.0 c1=9.2 kw=9.01 inf=2.39 iv=1.12 n=3 d=0 sk=0 hf=98144 hm=96888 ht=283428 pf=0 pm=0 pt=0 ru=233404 rp=234660
17:59:50.164 @T t=344952 s=0.000 lv=-40.0 pk=-39.4 c0=9.1 c1=10.3 kw=10.05 inf=2.52 iv=1.09 n=4 d=0 sk=0 hf=98144 hm=96888 ht=283428 pf=0 pm=0 pt=0 ru=233404 rp=234660
17:59:50.164 @T t=345058 s=0.000 lv=-39.9 pk=-39.0 c0=3.3 c1=8.6 kw=8.48 inf=2.76 iv=1.17 n=3 d=0 sk=0 hf=98144 hm=96888 ht=283428 pf=0 pm=0 pt=0 ru=233404 rp=234660
17:59:50.164 @T t=345144 s=0.000 lv=-40.6 pk=-39.1 c0=4.0 c1=9.2 kw=8.99 inf=2.39 iv=1.12 n=3 d=0 sk=0 hf=98144 hm=96888 ht=283428 pf=0 pm=0 pt=0 ru=233404 rp=234660
17:59:50.164 @I ww=marvin cut=0.50 win=5 cool=1000 tick=100 wifi=0 srv=0 li=0 ln=0
17:59:50.164 @T t=345239 s=0.000 lv=-40.4 pk=-39.0 c0=5.0 c1=10.0 kw=9.72 inf=2.83 iv=1.20 n=3 d=0 sk=0 hf=98144 hm=96888 ht=283428 pf=0 pm=0 pt=0 ru=233404 rp=234660
17:59:50.164 @T t=345345 s=0.000 lv=-41.3 pk=-39.2 c0=3.3 c1=8.9 kw=8.55 inf=2.74 iv=1.15 n=3 d=0 sk=0 hf=98144 hm=96888 ht=283428 pf=0 pm=0 pt=0 ru=233404 rp=234660
17:59:50.164 @T t=345451 s=0.000 lv=-41.4 pk=-40.1 c0=3.8 c1=11.7 kw=10.95 inf=2.72 iv=1.27 n=4 d=0 sk=0 hf=98144 hm=96888 ht=283428 pf=0 pm=0 pt=0 ru=233404 rp=234660
17:59:50.164 @T t=345557 s=0.000 lv=-40.8 pk=-38.9 c0=3.3 c1=9.6 kw=9.44 inf=2.32 iv=1.13 n=4 d=0 sk=0 hf=98144 hm=96888 ht=283428 pf=0 pm=0 pt=0 ru=233404 rp=234660
17:59:50.164 @T t=345643 s=0.000 lv=-40.3 pk=-38.7 c0=10.2 c1=8.6 kw=8.26 inf=3.26 iv=1.29 n=2 d=0 sk=0 hf=98144 hm=96888 ht=283428 pf=0 pm=0 pt=0 ru=233404 rp=234660
17:59:52.678 @T t=345749 s=0.000 lv=-42.1 pk=-40.7 c0=4.9 c1=11.3 kw=11.01 inf=2.70 iv=1.22 n=4 d=0 sk=0 hf=98144 hm=96888 ht=283428 pf=0 pm=0 pt=0 ru=233404 rp=234660
17:59:52.678 @T t=345855 s=0.000 lv=-41.0 pk=-38.9 c0=4.3 c1=5.2 kw=5.06 inf=1.56 iv=0.00 n=0 d=0 sk=3 hf=98144 hm=96888 ht=283428 pf=0 pm=0 pt=0 ru=233404 rp=234660
17:59:52.678 @T t=345941 s=0.000 lv=-42.3 pk=-42.0 c0=3.9 c1=5.0 kw=4.88 inf=1.83 iv=0.00 n=0 d=0 sk=2 hf=98144 hm=96888 ht=283428 pf=0 pm=0 pt=0 ru=233404 rp=234660
17:59:52.678 @T t=346047 s=0.000 lv=-41.1 pk=-40.3 c0=3.8 c1=6.2 kw=5.95 inf=1.37 iv=0.00 n=0 d=0 sk=4 hf=98144 hm=96888 ht=283428 pf=0 pm=0 pt=0 ru=233404 rp=234660
17:59:52.678 @T t=346153 s=0.000 lv=-41.3 pk=-40.0 c0=3.8 c1=5.1 kw=4.96 inf=1.53 iv=0.00 n=0 d=0 sk=3 hf=98144 hm=96888 ht=283428 pf=0 pm=0 pt=0 ru=233404 rp=234660
17:59:52.678 @I ww=marvin cut=0.50 win=5 cool=1000 tick=100 wifi=0 srv=0 li=0 ln=0
17:59:52.678 @T t=346245 s=0.000 lv=-38.9 pk=-38.2 c0=5.6 c1=5.2 kw=4.85 inf=1.26 iv=0.00 n=0 d=0 sk=3 hf=98144 hm=96888 ht=283428 pf=0 pm=0 pt=0 ru=233404 rp=234660
17:59:52.678 @T t=346351 s=0.000 lv=-37.9 pk=-37.3 c0=4.0 c1=6.4 kw=5.88 inf=1.85 iv=0.00 n=0 d=0 sk=3 hf=98144 hm=96888 ht=283428 pf=0 pm=0 pt=0 ru=233404 rp=234660
17:59:52.678 @T t=346457 s=0.000 lv=-37.8 pk=-36.1 c0=4.5 c1=6.1 kw=5.13 inf=1.58 iv=0.00 n=0 d=0 sk=3 hf=98144 hm=96888 ht=283428 pf=0 pm=0 pt=0 ru=233404 rp=234660
17:59:52.678 @T t=346543 s=0.000 lv=-40.0 pk=-37.2 c0=4.0 c1=5.0 kw=4.87 inf=1.83 iv=0.00 n=0 d=0 sk=2 hf=98144 hm=96888 ht=283428 pf=0 pm=0 pt=0 ru=233404 rp=234660
17:59:52.678 @T t=346649 s=0.000 lv=-43.1 pk=-42.4 c0=4.3 c1=6.2 kw=5.94 inf=1.37 iv=0.00 n=0 d=0 sk=4 hf=98144 hm=96888 ht=283428 pf=0 pm=0 pt=0 ru=233404 rp=234660
17:59:52.678 @T t=346755 s=0.000 lv=-42.0 pk=-39.5 c0=3.9 c1=5.1 kw=4.98 inf=1.53 iv=0.00 n=0 d=0 sk=3 hf=98144 hm=96888 ht=283428 pf=0 pm=0 pt=0 ru=233404 rp=234660
17:59:52.678 @T t=346841 s=0.000 lv=-40.7 pk=-39.3 c0=5.2 c1=5.2 kw=4.99 inf=1.87 iv=0.00 n=0 d=0 sk=2 hf=98144 hm=96888 ht=283428 pf=0 pm=0 pt=0 ru=233404 rp=234660
17:59:52.678 @T t=346947 s=0.000 lv=-39.7 pk=-38.7 c0=3.8 c1=6.2 kw=6.01 inf=1.39 iv=0.00 n=0 d=0 sk=4 hf=98144 hm=96888 ht=283428 pf=0 pm=0 pt=0 ru=233404 rp=234660
17:59:52.678 @T t=347053 s=0.000 lv=-41.2 pk=-40.4 c0=3.1 c1=5.0 kw=4.91 inf=1.51 iv=0.00 n=0 d=0 sk=3 hf=98144 hm=96888 ht=283428 pf=0 pm=0 pt=0 ru=233404 rp=234660
17:59:52.678 @T t=347139 s=0.000 lv=-41.9 pk=-41.2 c0=3.6 c1=5.0 kw=4.83 inf=1.81 iv=0.00 n=0 d=0 sk=2 hf=98144 hm=96888 ht=283428 pf=0 pm=0 pt=0 ru=233404 rp=234660
17:59:52.678 @I ww=marvin cut=0.50 win=5 cool=1000 tick=100 wifi=0 srv=0 li=0 ln=0
17:59:52.678 @T t=347251 s=0.000 lv=-42.8 pk=-40.6 c0=3.5 c1=5.7 kw=5.53 inf=1.35 iv=0.00 n=0 d=0 sk=4 hf=98144 hm=96888 ht=283428 pf=0 pm=0 pt=0 ru=233404 rp=234660
17:59:52.678 @T t=347357 s=0.000 lv=-39.5 pk=-38.7 c0=6.6 c1=5.1 kw=4.97 inf=1.53 iv=0.00 n=0 d=0 sk=3 hf=98144 hm=96888 ht=283428 pf=0 pm=0 pt=0 ru=233404 rp=234660
17:59:52.678 @T t=347443 s=0.000 lv=-41.0 pk=-40.2 c0=4.4 c1=6.0 kw=4.95 inf=1.86 iv=0.00 n=0 d=0 sk=2 hf=98144 hm=96888 ht=283428 pf=0 pm=0 pt=0 ru=233404 rp=234660
17:59:52.678 @T t=347551 s=0.000 lv=-38.8 pk=-37.3 c0=3.0 c1=6.0 kw=5.85 inf=1.37 iv=0.00 n=0 d=0 sk=4 hf=98144 hm=96888 ht=283428 pf=0 pm=0 pt=0 ru=233404 rp=234660
17:59:52.678 @T t=347657 s=0.000 lv=-40.3 pk=-39.5 c0=3.5 c1=5.1 kw=4.93 inf=1.52 iv=0.00 n=0 d=0 sk=3 hf=98144 hm=96888 ht=283428 pf=0 pm=0 pt=0 ru=233404 rp=234660
17:59:52.678 @T t=347743 s=0.000 lv=-40.6 pk=-39.5 c0=3.8 c1=5.0 kw=4.86 inf=1.82 iv=0.00 n=0 d=0 sk=2 hf=98144 hm=96888 ht=283428 pf=0 pm=0 pt=0 ru=233404 rp=234660
17:59:52.678 @T t=347848 s=0.000 lv=-41.2 pk=-38.8 c0=5.6 c1=6.1 kw=5.92 inf=1.36 iv=0.00 n=0 d=0 sk=4 hf=98144 hm=96888 ht=283428 pf=0 pm=0 pt=0 ru=233404 rp=234660
17:59:52.678 @T t=347954 s=0.000 lv=-40.3 pk=-38.8 c0=3.1 c1=5.1 kw=4.91 inf=1.51 iv=0.00 n=0 d=0 sk=3 hf=98144 hm=96888 ht=283428 pf=0 pm=0 pt=0 ru=233404 rp=234660
17:59:52.678 @T t=348040 s=0.000 lv=-38.7 pk=-38.2 c0=10.4 c1=5.4 kw=5.09 inf=1.91 iv=0.00 n=0 d=0 sk=2 hf=98144 hm=96888 ht=283428 pf=0 pm=0 pt=0 ru=233404 rp=234660
17:59:52.678 @T t=348146 s=0.000 lv=-38.9 pk=-38.0 c0=4.1 c1=6.2 kw=6.05 inf=1.40 iv=0.00 n=0 d=0 sk=4 hf=98144 hm=96888 ht=283428 pf=0 pm=0 pt=0 ru=233404 rp=234660
17:59:52.678 @I ww=marvin cut=0.50 win=5 cool=1000 tick=100 wifi=0 srv=0 li=0 ln=0
17:59:55.253 @T t=348258 s=0.000 lv=-41.8 pk=-40.8 c0=4.4 c1=4.9 kw=4.75 inf=1.55 iv=0.00 n=0 d=0 sk=3 hf=98144 hm=96888 ht=283428 pf=0 pm=0 pt=0 ru=233404 rp=234660
17:59:55.253 @T t=348344 s=0.000 lv=-44.1 pk=-43.5 c0=3.9 c1=5.0 kw=4.86 inf=1.82 iv=0.00 n=0 d=0 sk=2 hf=98144 hm=96888 ht=283428 pf=0 pm=0 pt=0 ru=233404 rp=234660
17:59:55.253 @T t=348450 s=0.000 lv=-41.8 pk=-40.1 c0=4.2 c1=7.0 kw=6.00 inf=1.38 iv=0.00 n=0 d=0 sk=4 hf=98144 hm=96888 ht=283428 pf=0 pm=0 pt=0 ru=233404 rp=234660
17:59:55.253 @T t=348556 s=0.000 lv=-41.2 pk=-39.6 c0=4.1 c1=5.2 kw=5.03 inf=1.55 iv=0.00 n=0 d=0 sk=3 hf=98144 hm=96888 ht=283428 pf=0 pm=0 pt=0 ru=233404 rp=234660
17:59:55.253 @T t=348642 s=0.000 lv=-40.4 pk=-38.0 c0=4.8 c1=5.2 kw=5.00 inf=1.88 iv=0.00 n=0 d=0 sk=2 hf=98144 hm=96888 ht=283428 pf=0 pm=0 pt=0 ru=233404 rp=234660
17:59:55.253 @T t=348748 s=0.000 lv=-41.1 pk=-38.8 c0=4.4 c1=6.2 kw=5.98 inf=1.38 iv=0.00 n=0 d=0 sk=4 hf=98144 hm=96888 ht=283428 pf=0 pm=0 pt=0 ru=233404 rp=234660
17:59:55.254 @T t=348854 s=0.000 lv=-40.3 pk=-39.0 c0=4.1 c1=5.2 kw=5.04 inf=1.55 iv=0.00 n=0 d=0 sk=3 hf=98144 hm=96888 ht=283428 pf=0 pm=0 pt=0 ru=233404 rp=234660
17:59:55.254 @T t=348940 s=0.000 lv=-41.2 pk=-39.3 c0=3.9 c1=5.0 kw=4.93 inf=1.85 iv=0.00 n=0 d=0 sk=2 hf=98144 hm=96888 ht=283428 pf=0 pm=0 pt=0 ru=233404 rp=234660
17:59:55.254 @T t=349046 s=0.000 lv=-42.4 pk=-41.5 c0=7.1 c1=6.1 kw=5.93 inf=1.37 iv=0.00 n=0 d=0 sk=4 hf=98144 hm=96888 ht=283428 pf=0 pm=0 pt=0 ru=233404 rp=234660
17:59:55.254 @T t=349152 s=0.000 lv=-41.5 pk=-40.4 c0=4.0 c1=5.1 kw=4.98 inf=1.53 iv=0.00 n=0 d=0 sk=3 hf=98144 hm=96888 ht=283428 pf=0 pm=0 pt=0 ru=233404 rp=234660
17:59:55.254 @I ww=marvin cut=0.50 win=5 cool=1000 tick=100 wifi=0 srv=0 li=0 ln=0
17:59:55.254 @T t=349244 s=0.000 lv=-41.6 pk=-40.2 c0=5.4 c1=4.8 kw=4.62 inf=1.85 iv=0.00 n=0 d=0 sk=2 hf=98144 hm=96888 ht=283428 pf=0 pm=0 pt=0 ru=233404 rp=234660
17:59:55.254 @T t=349353 s=0.000 lv=-40.7 pk=-39.8 c0=3.5 c1=6.0 kw=5.83 inf=1.38 iv=0.00 n=0 d=0 sk=4 hf=98144 hm=96888 ht=283428 pf=0 pm=0 pt=0 ru=233404 rp=234660
17:59:55.254 @T t=349439 s=0.000 lv=-36.3 pk=-35.2 c0=5.7 c1=18.7 kw=18.51 inf=1.28 iv=1.04 n=11 d=0 sk=1 hf=98144 hm=96888 ht=283428 pf=0 pm=0 pt=0 ru=233404 rp=234660
17:59:55.254 @T t=349545 s=0.000 lv=-38.4 pk=-36.1 c0=3.4 c1=8.8 kw=8.46 inf=2.71 iv=1.12 n=3 d=0 sk=0 hf=98144 hm=96888 ht=283428 pf=0 pm=0 pt=0 ru=233404 rp=234660
17:59:55.254 @T t=349653 s=0.000 lv=-37.9 pk=-35.7 c0=3.0 c1=10.5 kw=10.49 inf=2.66 iv=1.23 n=4 d=0 sk=0 hf=98144 hm=96888 ht=283428 pf=0 pm=0 pt=0 ru=233404 rp=234660
17:59:55.254 @T t=349739 s=0.000 lv=-39.8 pk=-37.9 c0=4.6 c1=9.6 kw=9.41 inf=2.50 iv=1.21 n=3 d=0 sk=0 hf=98144 hm=96888 ht=283428 pf=0 pm=0 pt=0 ru=233404 rp=234660
17:59:55.254 @T t=349845 s=0.000 lv=-39.1 pk=-38.0 c0=3.3 c1=9.0 kw=8.66 inf=2.78 iv=1.17 n=3 d=0 sk=0 hf=98144 hm=96888 ht=283428 pf=0 pm=0 pt=0 ru=233404 rp=234660
17:59:55.254 @T t=349954 s=0.000 lv=-39.4 pk=-37.6 c0=3.2 c1=10.5 kw=10.52 inf=2.69 iv=1.26 n=4 d=0 sk=0 hf=98144 hm=96888 ht=283428 pf=0 pm=0 pt=0 ru=233404 rp=234660
17:59:55.254 @T t=350040 s=0.000 lv=-38.8 pk=-37.5 c0=8.7 c1=9.5 kw=9.32 inf=2.48 iv=1.19 n=3 d=0 sk=0 hf=98144 hm=96888 ht=283428 pf=0 pm=0 pt=0 ru=233404 rp=234660
17:59:55.254 @T t=350146 s=0.000 lv=-38.3 pk=-36.3 c0=3.3 c1=10.0 kw=8.71 inf=2.80 iv=1.18 n=3 d=0 sk=0 hf=98144 hm=96888 ht=283428 pf=0 pm=0 pt=0 ru=233404 rp=234660
17:59:55.254 @I ww=marvin cut=0.50 win=5 cool=1000 tick=100 wifi=0 srv=0 li=0 ln=0
17:59:55.254 @T t=350257 s=0.000 lv=-40.3 pk=-38.9 c0=3.9 c1=9.2 kw=9.67 inf=2.51 iv=1.10 n=4 d=0 sk=0 hf=98144 hm=96888 ht=283428 pf=0 pm=0 pt=0 ru=233404 rp=234660
17:59:55.254 @T t=350343 s=0.000 lv=-38.9 pk=-37.9 c0=4.0 c1=9.4 kw=9.16 inf=2.44 iv=1.15 n=3 d=0 sk=0 hf=98144 hm=96888 ht=283428 pf=0 pm=0 pt=0 ru=233404 rp=234660
17:59:55.254 @T t=350452 s=0.000 lv=-40.1 pk=-39.0 c0=11.4 c1=11.1 kw=10.66 inf=2.68 iv=1.20 n=4 d=0 sk=0 hf=98144 hm=96888 ht=283428 pf=0 pm=0 pt=0 ru=233404 rp=234660
17:59:55.254 @T t=350541 s=0.000 lv=-40.2 pk=-39.0 c0=5.5 c1=8.0 kw=7.83 inf=3.19 iv=1.22 n=2 d=0 sk=0 hf=98144 hm=96888 ht=283428 pf=0 pm=0 pt=0 ru=233404 rp=234660
17:59:55.254 @T t=350647 s=0.000 lv=-38.7 pk=-37.0 c0=6.9 c1=10.8 kw=10.53 inf=2.58 iv=1.12 n=4 d=0 sk=0 hf=98144 hm=96888 ht=283428 pf=0 pm=0 pt=0 ru=233404 rp=234660
17:59:55.254 @T t=350753 s=0.000 lv=-37.7 pk=-36.7 c0=3.3 c1=9.5 kw=9.30 inf=2.29 iv=1.10 n=4 d=0 sk=0 hf=98144 hm=96888 ht=283428 pf=0 pm=0 pt=0 ru=233404 rp=234660
17:59:57.566 @T t=350839 s=0.000 lv=-41.4 pk=-40.3 c0=5.0 c1=8.1 kw=7.87 inf=3.10 iv=1.20 n=2 d=0 sk=0 hf=98144 hm=96888 ht=283428 pf=0 pm=0 pt=0 ru=233404 rp=234660
17:59:57.566 @T t=350945 s=0.000 lv=-40.7 pk=-38.7 c0=4.3 c1=10.7 kw=10.21 inf=2.49 iv=1.26 n=4 d=0 sk=0 hf=98144 hm=96888 ht=283428 pf=0 pm=0 pt=0 ru=233404 rp=234660
17:59:57.566 @T t=351051 s=0.000 lv=-40.8 pk=-39.9 c0=4.4 c1=11.4 kw=10.92 inf=2.71 iv=1.25 n=4 d=0 sk=0 hf=98144 hm=96888 ht=283428 pf=0 pm=0 pt=0 ru=233404 rp=234660
17:59:57.566 @T t=351157 s=0.000 lv=-38.6 pk=-35.8 c0=4.2 c1=9.2 kw=8.96 inf=2.93 iv=1.30 n=3 d=0 sk=0 hf=98144 hm=96888 ht=283428 pf=0 pm=0 pt=0 ru=233404 rp=234660
17:59:57.566 @I ww=marvin cut=0.50 win=5 cool=1000 tick=100 wifi=0 srv=0 li=0 ln=0
17:59:57.566 @T t=351248 s=0.000 lv=-40.9 pk=-39.7 c0=5.8 c1=10.4 kw=10.17 inf=2.83 iv=1.20 n=3 d=0 sk=0 hf=98144 hm=96888 ht=283428 pf=0 pm=0 pt=0 ru=233404 rp=234660
17:59:57.566 @T t=351354 s=0.000 lv=-42.4 pk=-40.7 c0=3.3 c1=5.0 kw=4.95 inf=1.52 iv=0.00 n=0 d=0 sk=3 hf=98144 hm=96888 ht=283428 pf=0 pm=0 pt=0 ru=233404 rp=234660
17:59:57.566 @T t=351440 s=0.000 lv=-41.4 pk=-39.9 c0=5.3 c1=6.3 kw=5.12 inf=1.92 iv=0.00 n=0 d=0 sk=2 hf=98144 hm=96888 ht=283428 pf=0 pm=0 pt=0 ru=233404 rp=234660
17:59:57.566 [status] up 351s | mic -40.0 dBFS (peak -34.9) | score max 0.00 | detections 0 | inferences 162 (16.1/s; model 1.17 ms each, paused in quiet 52%; features 1.42 ms per 30 ms) | CPU core0  4.8% core1  7.6% (wake word pipeline 7.27% of one core) | RAM used 227 KB (peak 229 KB, 95 KB free) | wifi --, server -- | audio lost since boot: i2s 0 net 0
17:59:57.566 @T t=351539 s=0.000 lv=-38.7 pk=-36.1 c0=40.5 c1=5.6 kw=5.47 inf=1.57 iv=0.00 n=0 d=0 sk=3 hf=98144 hm=96888 ht=283428 pf=0 pm=0 pt=0 ru=233404 rp=234660
17:59:57.566 @T t=351645 s=0.000 lv=-40.6 pk=-39.4 c0=4.2 c1=5.5 kw=5.15 inf=1.55 iv=0.00 n=0 d=0 sk=3 hf=98144 hm=96888 ht=283428 pf=0 pm=0 pt=0 ru=233404 rp=234660
17:59:57.566 @T t=351751 s=0.000 lv=-35.9 pk=-34.2 c0=3.8 c1=17.9 kw=17.37 inf=1.36 iv=0.99 n=12 d=0 sk=1 hf=98144 hm=96888 ht=283428 pf=0 pm=0 pt=0 ru=233404 rp=234660
17:59:57.566 @T t=351857 s=0.000 lv=-38.7 pk=-35.4 c0=3.5 c1=8.5 kw=8.34 inf=2.71 iv=1.13 n=3 d=0 sk=0 hf=98144 hm=96888 ht=283428 pf=0 pm=0 pt=0 ru=233404 rp=234660
17:59:57.566 @T t=351943 s=0.000 lv=-38.7 pk=-36.3 c0=4.0 c1=9.2 kw=8.99 inf=2.39 iv=1.12 n=3 d=0 sk=0 hf=98144 hm=96888 ht=283428 pf=0 pm=0 pt=0 ru=233404 rp=234660
17:59:57.566 @T t=352052 s=0.000 lv=-38.2 pk=-36.8 c0=3.0 c1=10.4 kw=10.13 inf=2.54 iv=1.12 n=4 d=0 sk=0 hf=98144 hm=96888 ht=283428 pf=0 pm=0 pt=0 ru=233404 rp=234660
17:59:57.566 @T t=352158 s=0.000 lv=-38.1 pk=-36.2 c0=7.0 c1=8.7 kw=8.50 inf=2.76 iv=1.18 n=3 d=0 sk=0 hf=98144 hm=96888 ht=283428 pf=0 pm=0 pt=0 ru=233404 rp=234660
17:59:57.566 @I ww=marvin cut=0.50 win=5 cool=1000 tick=100 wifi=0 srv=0 li=0 ln=0
17:59:57.566 @T t=352249 s=0.000 lv=-39.1 pk=-37.1 c0=4.8 c1=11.4 kw=11.18 inf=2.36 iv=1.16 n=4 d=0 sk=0 hf=98144 hm=96888 ht=283428 pf=0 pm=0 pt=0 ru=233404 rp=234660
17:59:57.566 @T t=352355 s=0.000 lv=-36.4 pk=-35.5 c0=3.3 c1=8.7 kw=8.48 inf=2.77 iv=1.15 n=3 d=0 sk=0 hf=98144 hm=96888 ht=283428 pf=0 pm=0 pt=0 ru=233404 rp=234660
17:59:57.566 @T t=352441 s=0.000 lv=-37.0 pk=-34.6 c0=4.8 c1=10.9 kw=9.74 inf=2.60 iv=1.29 n=3 d=0 sk=0 hf=98144 hm=96888 ht=283428 pf=0 pm=0 pt=0 ru=233404 rp=234660
17:59:57.566 @T t=352547 s=0.002 lv=-38.3 pk=-36.7 c0=3.8 c1=10.9 kw=10.64 inf=2.61 iv=1.16 n=4 d=0 sk=0 hf=98144 hm=96888 ht=283428 pf=0 pm=0 pt=0 ru=233404 rp=234660
17:59:57.566 @T t=352653 s=0.002 lv=-41.4 pk=-39.7 c0=3.3 c1=8.6 kw=8.45 inf=2.75 iv=1.16 n=3 d=0 sk=0 hf=98144 hm=96888 ht=283428 pf=0 pm=0 pt=0 ru=233404 rp=234660
17:59:57.566 @T t=352739 s=0.002 lv=-40.1 pk=-39.0 c0=4.0 c1=9.4 kw=9.19 inf=2.45 iv=1.17 n=3 d=0 sk=0 hf=98144 hm=96888 ht=283428 pf=0 pm=0 pt=0 ru=233404 rp=234660
17:59:57.566 @T t=352845 s=0.002 lv=-40.8 pk=-39.9 c0=8.8 c1=9.8 kw=9.24 inf=2.97 iv=1.33 n=3 d=0 sk=0 hf=98144 hm=96888 ht=283428 pf=0 pm=0 pt=0 ru=233404 rp=234660
17:59:57.566 @T t=352954 s=0.002 lv=-41.2 pk=-40.0 c0=4.2 c1=11.2 kw=11.09 inf=2.85 iv=1.39 n=4 d=0 sk=0 hf=98144 hm=96888 ht=283428 pf=0 pm=0 pt=0 ru=233404 rp=234660
17:59:57.566 @T t=353040 s=0.000 lv=-42.8 pk=-41.9 c0=4.1 c1=9.4 kw=9.22 inf=2.45 iv=1.18 n=3 d=0 sk=0 hf=98144 hm=96888 ht=283428 pf=0 pm=0 pt=0 ru=233404 rp=234660
18:00:00.063 @T t=353146 s=0.000 lv=-37.9 pk=-35.4 c0=4.1 c1=10.1 kw=8.74 inf=2.80 iv=1.19 n=3 d=0 sk=0 hf=98144 hm=96888 ht=283428 pf=0 pm=0 pt=0 ru=233404 rp=234660
18:00:00.063 @I ww=marvin cut=0.50 win=5 cool=1000 tick=100 wifi=0 srv=0 li=0 ln=0
18:00:00.063 @T t=353257 s=0.000 lv=-37.4 pk=-36.1 c0=4.7 c1=9.5 kw=9.96 inf=2.59 iv=1.15 n=4 d=0 sk=0 hf=98144 hm=96888 ht=283428 pf=0 pm=0 pt=0 ru=233404 rp=234660
18:00:00.063 @T t=353343 s=0.000 lv=-39.1 pk=-37.0 c0=5.1 c1=9.7 kw=9.52 inf=2.53 iv=1.23 n=3 d=0 sk=0 hf=98144 hm=96888 ht=283428 pf=0 pm=0 pt=0 ru=233404 rp=234660
18:00:00.063 @T t=353452 s=0.000 lv=-38.1 pk=-34.0 c0=4.4 c1=11.6 kw=10.60 inf=2.67 iv=1.21 n=4 d=0 sk=0 hf=98144 hm=96888 ht=283428 pf=0 pm=0 pt=0 ru=233404 rp=234660
18:00:00.063 @T t=353558 s=0.000 lv=-36.5 pk=-34.5 c0=4.7 c1=9.1 kw=8.91 inf=2.91 iv=1.27 n=3 d=0 sk=0 hf=98144 hm=96888 ht=283428 pf=0 pm=0 pt=0 ru=233404 rp=234660
18:00:00.063 @T t=353644 s=0.000 lv=-38.4 pk=-36.3 c0=4.1 c1=9.2 kw=9.00 inf=2.39 iv=1.12 n=3 d=0 sk=0 hf=98144 hm=96888 ht=283428 pf=0 pm=0 pt=0 ru=233404 rp=234660
18:00:00.063 @T t=353753 s=0.000 lv=-35.8 pk=-34.3 c0=4.3 c1=10.5 kw=10.20 inf=2.56 iv=1.10 n=4 d=0 sk=0 hf=98144 hm=96888 ht=283428 pf=0 pm=0 pt=0 ru=233404 rp=234660
18:00:00.063 @T t=353839 s=0.000 lv=-39.1 pk=-36.9 c0=5.2 c1=8.3 kw=8.06 inf=3.17 iv=1.22 n=2 d=0 sk=0 hf=98144 hm=96888 ht=283428 pf=0 pm=0 pt=0 ru=233404 rp=234660
18:00:00.063 @T t=353945 s=0.000 lv=-39.1 pk=-36.5 c0=4.3 c1=10.6 kw=10.16 inf=2.48 iv=1.25 n=4 d=0 sk=0 hf=98144 hm=96888 ht=283428 pf=0 pm=0 pt=0 ru=233404 rp=234660
18:00:00.063 @T t=354054 s=0.000 lv=-39.4 pk=-38.0 c0=4.1 c1=11.1 kw=10.65 inf=2.72 iv=1.25 n=4 d=0 sk=0 hf=98144 hm=96888 ht=283428 pf=0 pm=0 pt=0 ru=233404 rp=234660
18:00:00.063 @T t=354140 s=0.000 lv=-40.1 pk=-38.4 c0=5.1 c1=8.4 kw=8.16 inf=3.22 iv=1.29 n=2 d=0 sk=0 hf=98144 hm=96888 ht=283428 pf=0 pm=0 pt=0 ru=233404 rp=234660
18:00:00.063 @I ww=marvin cut=0.50 win=5 cool=1000 tick=100 wifi=0 srv=0 li=0 ln=0
18:00:00.063 @T t=354251 s=0.000 lv=-40.8 pk=-39.1 c0=4.1 c1=10.6 kw=10.35 inf=2.66 iv=1.20 n=4 d=0 sk=0 hf=98144 hm=96888 ht=283428 pf=0 pm=0 pt=0 ru=233404 rp=234660
18:00:00.063 @T t=354357 s=0.000 lv=-40.6 pk=-39.2 c0=3.3 c1=9.7 kw=9.48 inf=2.33 iv=1.14 n=4 d=0 sk=0 hf=98144 hm=96888 ht=283428 pf=0 pm=0 pt=0 ru=233404 rp=234660
18:00:00.063 @T t=354443 s=0.000 lv=-39.0 pk=-37.9 c0=4.7 c1=9.2 kw=8.07 inf=3.18 iv=1.21 n=2 d=0 sk=0 hf=98144 hm=96888 ht=283428 pf=0 pm=0 pt=0 ru=233404 rp=234660
18:00:00.063 @T t=354549 s=0.000 lv=-40.1 pk=-37.9 c0=3.9 c1=11.2 kw=10.92 inf=2.67 iv=1.22 n=4 d=0 sk=0 hf=98144 hm=96888 ht=283428 pf=0 pm=0 pt=0 ru=233404 rp=234660
18:00:00.063 @T t=354655 s=0.000 lv=-41.0 pk=-38.4 c0=3.3 c1=9.6 kw=9.43 inf=2.32 iv=1.13 n=4 d=0 sk=0 hf=98144 hm=96888 ht=283428 pf=0 pm=0 pt=0 ru=233404 rp=234660
18:00:00.063 @T t=354741 s=0.000 lv=-40.2 pk=-39.2 c0=4.0 c1=8.0 kw=7.82 inf=3.08 iv=1.16 n=2 d=0 sk=0 hf=98144 hm=96888 ht=283428 pf=0 pm=0 pt=0 ru=233404 rp=234660
18:00:00.063 @T t=354847 s=0.000 lv=-38.5 pk=-36.3 c0=3.4 c1=10.6 kw=10.36 inf=2.53 iv=1.11 n=4 d=0 sk=0 hf=98144 hm=96888 ht=283428 pf=0 pm=0 pt=0 ru=233404 rp=234660
18:00:00.063 @T t=354953 s=0.000 lv=-36.8 pk=-32.8 c0=3.8 c1=9.8 kw=9.46 inf=2.33 iv=1.12 n=4 d=0 sk=0 hf=98144 hm=96888 ht=283428 pf=0 pm=0 pt=0 ru=233404 rp=234660
18:00:00.063 @T t=355039 s=0.000 lv=-37.3 pk=-36.1 c0=4.1 c1=8.0 kw=7.87 inf=3.10 iv=1.19 n=2 d=0 sk=0 hf=98144 hm=96888 ht=283428 pf=0 pm=0 pt=0 ru=233404 rp=234660
18:00:00.063 @T t=355145 s=0.000 lv=-37.7 pk=-36.7 c0=3.3 c1=9.8 kw=9.38 inf=2.27 iv=1.09 n=4 d=0 sk=0 hf=98144 hm=96888 ht=283428 pf=0 pm=0 pt=0 ru=233404 rp=234660
18:00:00.063 @I ww=marvin cut=0.50 win=5 cool=1000 tick=100 wifi=0 srv=0 li=0 ln=0
18:00:00.063 @T t=355257 s=0.000 lv=-38.3 pk=-36.9 c0=5.5 c1=10.8 kw=10.25 inf=2.68 iv=1.22 n=4 d=0 sk=0 hf=98144 hm=96888 ht=283428 pf=0 pm=0 pt=0 ru=233404 rp=234660
18:00:00.063 @T t=355343 s=0.000 lv=-39.0 pk=-37.7 c0=5.8 c1=8.2 kw=8.01 inf=3.16 iv=1.22 n=2 d=0 sk=0 hf=98144 hm=96888 ht=283428 pf=0 pm=0 pt=0 ru=233404 rp=234660
18:00:00.063 @T t=355451 s=0.000 lv=-35.5 pk=-33.5 c0=3.7 c1=12.1 kw=11.16 inf=2.79 iv=1.30 n=4 d=0 sk=0 hf=98144 hm=96888 ht=283428 pf=0 pm=0 pt=0 ru=233404 rp=234660
18:00:00.063 @T t=355557 s=0.001 lv=-40.6 pk=-39.7 c0=4.2 c1=9.8 kw=9.61 inf=2.37 iv=1.17 n=4 d=0 sk=0 hf=98144 hm=96888 ht=283428 pf=0 pm=0 pt=0 ru=233404 rp=234660
18:00:02.581 @T t=355643 s=0.001 lv=-37.6 pk=-36.5 c0=9.1 c1=8.4 kw=8.22 inf=3.24 iv=1.28 n=2 d=0 sk=0 hf=98144 hm=96888 ht=283428 pf=0 pm=0 pt=0 ru=233404 rp=234660
18:00:02.581 @T t=355752 s=0.001 lv=-37.4 pk=-35.5 c0=9.6 c1=11.0 kw=10.78 inf=2.72 iv=1.25 n=4 d=0 sk=0 hf=98144 hm=96888 ht=283428 pf=0 pm=0 pt=0 ru=233404 rp=234660
18:00:02.581 @T t=355841 s=0.000 lv=-42.1 pk=-41.1 c0=4.8 c1=9.7 kw=9.48 inf=2.62 iv=1.31 n=3 d=0 sk=0 hf=98144 hm=96888 ht=283428 pf=0 pm=0 pt=0 ru=233404 rp=234660
18:00:02.581 @T t=355947 s=0.000 lv=-40.0 pk=-39.5 c0=4.3 c1=11.0 kw=11.04 inf=2.71 iv=1.25 n=4 d=0 sk=0 hf=98144 hm=96888 ht=283428 pf=0 pm=0 pt=0 ru=233404 rp=234660
18:00:02.581 @T t=356056 s=0.000 lv=-41.6 pk=-40.8 c0=3.1 c1=8.7 kw=8.22 inf=2.75 iv=1.17 n=3 d=0 sk=0 hf=98144 hm=96888 ht=283428 pf=0 pm=0 pt=0 ru=233404 rp=234660
18:00:02.581 @T t=356143 s=0.000 lv=-41.2 pk=-40.2 c0=5.7 c1=9.3 kw=9.08 inf=2.44 iv=1.16 n=3 d=0 sk=0 hf=98144 hm=96888 ht=283428 pf=0 pm=0 pt=0 ru=233404 rp=234660
18:00:02.581 @I ww=marvin cut=0.50 win=5 cool=1000 tick=100 wifi=0 srv=0 li=0 ln=0
18:00:02.581 @T t=356254 s=0.000 lv=-38.9 pk=-36.3 c0=11.6 c1=10.7 kw=10.50 inf=2.69 iv=1.20 n=4 d=0 sk=0 hf=98144 hm=96888 ht=283428 pf=0 pm=0 pt=0 ru=233404 rp=234660
18:00:02.581 @T t=356340 s=0.000 lv=-40.5 pk=-39.4 c0=5.3 c1=9.9 kw=9.68 inf=2.57 iv=1.26 n=3 d=0 sk=0 hf=98144 hm=96888 ht=283428 pf=0 pm=0 pt=0 ru=233404 rp=234660
18:00:02.581 @T t=356446 s=0.000 lv=-40.0 pk=-38.6 c0=4.9 c1=11.3 kw=9.25 inf=2.98 iv=1.29 n=3 d=0 sk=0 hf=98144 hm=96888 ht=283428 pf=0 pm=0 pt=0 ru=233404 rp=234660
18:00:02.581 @T t=356555 s=0.000 lv=-38.4 pk=-37.9 c0=3.7 c1=9.7 kw=10.20 inf=2.61 iv=1.17 n=4 d=0 sk=0 hf=98144 hm=96888 ht=283428 pf=0 pm=0 pt=0 ru=233404 rp=234660
18:00:02.581 @T t=356641 s=0.000 lv=-39.3 pk=-37.2 c0=4.1 c1=9.2 kw=9.01 inf=2.39 iv=1.13 n=3 d=0 sk=0 hf=98144 hm=96888 ht=283428 pf=0 pm=0 pt=0 ru=233404 rp=234660
18:00:02.581 @T t=356747 s=0.000 lv=-38.7 pk=-37.1 c0=3.3 c1=10.4 kw=10.18 inf=2.49 iv=1.07 n=4 d=0 sk=0 hf=98144 hm=96888 ht=283428 pf=0 pm=0 pt=0 ru=233404 rp=234660
18:00:02.581 @T t=356853 s=0.000 lv=-41.1 pk=-38.6 c0=3.4 c1=8.5 kw=8.20 inf=2.67 iv=1.10 n=3 d=0 sk=0 hf=98144 hm=96888 ht=283428 pf=0 pm=0 pt=0 ru=233404 rp=234660
18:00:02.581 @T t=356939 s=0.000 lv=-39.4 pk=-38.8 c0=4.6 c1=9.3 kw=9.28 inf=2.46 iv=1.17 n=3 d=0 sk=0 hf=98144 hm=96888 ht=283428 pf=0 pm=0 pt=0 ru=233404 rp=234660
18:00:02.581 @T t=357045 s=0.000 lv=-40.8 pk=-39.1 c0=3.3 c1=7.9 kw=7.49 inf=2.37 iv=1.20 n=2 d=0 sk=1 hf=98144 hm=96888 ht=283428 pf=0 pm=0 pt=0 ru=233404 rp=234660
18:00:02.581 @T t=357151 s=0.000 lv=-40.6 pk=-38.2 c0=3.2 c1=6.3 kw=5.82 inf=1.83 iv=0.00 n=0 d=0 sk=3 hf=98144 hm=96888 ht=283428 pf=0 pm=0 pt=0 ru=233404 rp=234660
18:00:02.581 @I ww=marvin cut=0.50 win=5 cool=1000 tick=100 wifi=0 srv=0 li=0 ln=0
18:00:02.581 @T t=357243 s=0.000 lv=-38.0 pk=-36.8 c0=4.4 c1=4.7 kw=4.55 inf=1.83 iv=0.00 n=0 d=0 sk=2 hf=98144 hm=96888 ht=283428 pf=0 pm=0 pt=0 ru=233404 rp=234660
18:00:02.581 @T t=357348 s=0.000 lv=-42.5 pk=-40.6 c0=3.5 c1=6.1 kw=5.93 inf=1.36 iv=0.00 n=0 d=0 sk=4 hf=98144 hm=96888 ht=283428 pf=0 pm=0 pt=0 ru=233404 rp=234660
18:00:02.581 @T t=357454 s=0.000 lv=-41.1 pk=-40.4 c0=3.7 c1=5.9 kw=5.01 inf=1.54 iv=0.00 n=0 d=0 sk=3 hf=98144 hm=96888 ht=283428 pf=0 pm=0 pt=0 ru=233404 rp=234660
18:00:02.581 @T t=357540 s=0.000 lv=-40.8 pk=-38.5 c0=4.0 c1=5.0 kw=4.88 inf=1.83 iv=0.00 n=0 d=0 sk=2 hf=98144 hm=96888 ht=283428 pf=0 pm=0 pt=0 ru=233404 rp=234660
18:00:02.581 @T t=357646 s=0.000 lv=-39.9 pk=-39.0 c0=4.7 c1=6.4 kw=6.04 inf=1.39 iv=0.00 n=0 d=0 sk=4 hf=98144 hm=96888 ht=283428 pf=0 pm=0 pt=0 ru=233404 rp=234660
18:00:02.581 @T t=357752 s=0.000 lv=-41.1 pk=-39.7 c0=4.6 c1=5.1 kw=4.93 inf=1.52 iv=0.00 n=0 d=0 sk=3 hf=98144 hm=96888 ht=283428 pf=0 pm=0 pt=0 ru=233404 rp=234660
18:00:02.581 @T t=357858 s=0.000 lv=-40.8 pk=-40.0 c0=3.3 c1=5.1 kw=4.98 inf=1.53 iv=0.00 n=0 d=0 sk=3 hf=98144 hm=96888 ht=283428 pf=0 pm=0 pt=0 ru=233404 rp=234660
18:00:02.581 @T t=357944 s=0.000 lv=-40.6 pk=-38.1 c0=4.6 c1=5.2 kw=4.98 inf=1.86 iv=0.00 n=0 d=0 sk=2 hf=98144 hm=96888 ht=283428 pf=0 pm=0 pt=0 ru=233404 rp=234660
18:00:02.581 @T t=358050 s=0.000 lv=-41.3 pk=-39.3 c0=6.6 c1=6.2 kw=6.03 inf=1.39 iv=0.00 n=0 d=0 sk=4 hf=98144 hm=96888 ht=283428 pf=0 pm=0 pt=0 ru=233404 rp=234660
18:00:02.581 @T t=358156 s=0.000 lv=-38.5 pk=-37.0 c0=3.9 c1=5.2 kw=5.00 inf=1.54 iv=0.00 n=0 d=0 sk=3 hf=98144 hm=96888 ht=283428 pf=0 pm=0 pt=0 ru=233404 rp=234660
18:00:05.167 @I ww=marvin cut=0.50 win=5 cool=1000 tick=100 wifi=0 srv=0 li=0 ln=0
18:00:05.167 @T t=358248 s=0.000 lv=-40.0 pk=-38.7 c0=5.4 c1=6.0 kw=5.79 inf=1.55 iv=0.00 n=0 d=0 sk=3 hf=98144 hm=96888 ht=283428 pf=0 pm=0 pt=0 ru=233404 rp=234660
18:00:05.167 @T t=358354 s=0.000 lv=-38.3 pk=-36.2 c0=4.1 c1=5.1 kw=4.96 inf=1.53 iv=0.00 n=0 d=0 sk=3 hf=98144 hm=96888 ht=283428 pf=0 pm=0 pt=0 ru=233404 rp=234660
18:00:05.167 @T t=358440 s=0.000 lv=-39.8 pk=-38.3 c0=4.6 c1=6.1 kw=5.00 inf=1.88 iv=0.00 n=0 d=0 sk=2 hf=98144 hm=96888 ht=283428 pf=0 pm=0 pt=0 ru=233404 rp=234660
18:00:05.167 @T t=358546 s=0.000 lv=-40.7 pk=-40.0 c0=4.1 c1=6.2 kw=6.01 inf=1.39 iv=0.00 n=0 d=0 sk=4 hf=98144 hm=96888 ht=283428 pf=0 pm=0 pt=0 ru=233404 rp=234660
18:00:05.167 @T t=358652 s=0.000 lv=-40.1 pk=-38.5 c0=4.0 c1=5.2 kw=5.01 inf=1.54 iv=0.00 n=0 d=0 sk=3 hf=98144 hm=96888 ht=283428 pf=0 pm=0 pt=0 ru=233404 rp=234660
18:00:05.167 @T t=358758 s=0.000 lv=-40.8 pk=-37.9 c0=3.9 c1=5.2 kw=5.00 inf=1.54 iv=0.00 n=0 d=0 sk=3 hf=98144 hm=96888 ht=283428 pf=0 pm=0 pt=0 ru=233404 rp=234660
18:00:05.167 @T t=358844 s=0.000 lv=-37.8 pk=-36.7 c0=4.8 c1=5.1 kw=4.91 inf=1.84 iv=0.00 n=0 d=0 sk=2 hf=98144 hm=96888 ht=283428 pf=0 pm=0 pt=0 ru=233404 rp=234660
18:00:05.167 @T t=358950 s=0.000 lv=-38.0 pk=-37.1 c0=3.6 c1=6.2 kw=6.02 inf=1.39 iv=0.00 n=0 d=0 sk=4 hf=98144 hm=96888 ht=283428 pf=0 pm=0 pt=0 ru=233404 rp=234660
18:00:05.167 @T t=359056 s=0.000 lv=-39.7 pk=-38.5 c0=3.5 c1=5.1 kw=4.94 inf=1.52 iv=0.00 n=0 d=0 sk=3 hf=98144 hm=96888 ht=283428 pf=0 pm=0 pt=0 ru=233404 rp=234660
18:00:05.167 @T t=359142 s=0.000 lv=-41.3 pk=-40.5 c0=3.8 c1=5.0 kw=4.86 inf=1.82 iv=0.00 n=0 d=0 sk=2 hf=98144 hm=96888 ht=283428 pf=0 pm=0 pt=0 ru=233404 rp=234660
18:00:05.167 @I ww=marvin cut=0.50 win=5 cool=1000 tick=100 wifi=0 srv=0 li=0 ln=0
18:00:05.167 @T t=359254 s=0.000 lv=-40.0 pk=-38.4 c0=3.6 c1=5.7 kw=5.56 inf=1.36 iv=0.00 n=0 d=0 sk=4 hf=98144 hm=96888 ht=283428 pf=0 pm=0 pt=0 ru=233404 rp=234660
18:00:05.167 @T t=359340 s=0.000 lv=-39.4 pk=-38.6 c0=4.1 c1=5.1 kw=4.93 inf=1.85 iv=0.00 n=0 d=0 sk=2 hf=98144 hm=96888 ht=283428 pf=0 pm=0 pt=0 ru=233404 rp=234660
18:00:05.167 @T t=359446 s=0.000 lv=-39.4 pk=-37.6 c0=3.7 c1=6.9 kw=6.04 inf=1.40 iv=0.00 n=0 d=0 sk=4 hf=98144 hm=96888 ht=283428 pf=0 pm=0 pt=0 ru=233404 rp=234660
18:00:05.167 @T t=359552 s=0.000 lv=-40.8 pk=-39.4 c0=3.2 c1=5.0 kw=4.90 inf=1.51 iv=0.00 n=0 d=0 sk=3 hf=98144 hm=96888 ht=283428 pf=0 pm=0 pt=0 ru=233404 rp=234660
18:00:05.167 @T t=359658 s=0.000 lv=-41.8 pk=-38.9 c0=3.0 c1=5.0 kw=4.88 inf=1.50 iv=0.00 n=0 d=0 sk=3 hf=98144 hm=96888 ht=283428 pf=0 pm=0 pt=0 ru=233404 rp=234660
18:00:05.167 @T t=359744 s=0.000 lv=-39.7 pk=-39.2 c0=8.3 c1=5.1 kw=4.94 inf=1.85 iv=0.00 n=0 d=0 sk=2 hf=98144 hm=96888 ht=283428 pf=0 pm=0 pt=0 ru=233404 rp=234660
18:00:05.167 @T t=359850 s=0.000 lv=-40.0 pk=-38.7 c0=3.1 c1=6.1 kw=5.94 inf=1.37 iv=0.00 n=0 d=0 sk=4 hf=98144 hm=96888 ht=283428 pf=0 pm=0 pt=0 ru=233404 rp=234660
18:00:05.167 @T t=359957 s=0.000 lv=-37.6 pk=-36.2 c0=3.1 c1=5.0 kw=4.89 inf=1.52 iv=0.00 n=0 d=0 sk=3 hf=98144 hm=96888 ht=283428 pf=0 pm=0 pt=0 ru=233404 rp=234660
18:00:05.167 @T t=360044 s=0.000 lv=-40.2 pk=-38.6 c0=5.5 c1=5.1 kw=4.76 inf=1.80 iv=0.00 n=0 d=0 sk=2 hf=98144 hm=96888 ht=283428 pf=0 pm=0 pt=0 ru=233404 rp=234660
18:00:05.167 @T t=360151 s=0.000 lv=-39.7 pk=-38.5 c0=7.9 c1=6.2 kw=6.11 inf=1.42 iv=0.00 n=0 d=0 sk=4 hf=98144 hm=96888 ht=283428 pf=0 pm=0 pt=0 ru=233404 rp=234660
18:00:05.167 @I ww=marvin cut=0.50 win=5 cool=1000 tick=100 wifi=0 srv=0 li=0 ln=0
18:00:05.167 @T t=360243 s=0.000 lv=-42.2 pk=-41.1 c0=5.4 c1=4.7 kw=4.57 inf=1.83 iv=0.00 n=0 d=0 sk=2 hf=98144 hm=96888 ht=283428 pf=0 pm=0 pt=0 ru=233404 rp=234660
18:00:05.167 @T t=360349 s=0.000 lv=-39.0 pk=-37.2 c0=7.0 c1=6.2 kw=5.98 inf=1.38 iv=0.00 n=0 d=0 sk=4 hf=98144 hm=96888 ht=283428 pf=0 pm=0 pt=0 ru=233404 rp=234660
18:00:05.167 @T t=360455 s=0.000 lv=-38.3 pk=-37.8 c0=4.4 c1=6.0 kw=5.11 inf=1.57 iv=0.00 n=0 d=0 sk=3 hf=98144 hm=96888 ht=283428 pf=0 pm=0 pt=0 ru=233404 rp=234660
18:00:05.167 @T t=360541 s=0.000 lv=-40.6 pk=-39.3 c0=5.0 c1=5.2 kw=5.02 inf=1.88 iv=0.00 n=0 d=0 sk=2 hf=98144 hm=96888 ht=283428 pf=0 pm=0 pt=0 ru=233404 rp=234660
18:00:05.167 @T t=360647 s=0.000 lv=-40.3 pk=-38.9 c0=3.9 c1=6.2 kw=5.98 inf=1.38 iv=0.00 n=0 d=0 sk=4 hf=98144 hm=96888 ht=283428 pf=0 pm=0 pt=0 ru=233404 rp=234660
18:00:07.458 @T t=360753 s=0.000 lv=-42.3 pk=-41.9 c0=3.2 c1=5.0 kw=4.93 inf=1.52 iv=0.00 n=0 d=0 sk=3 hf=98144 hm=96888 ht=283428 pf=0 pm=0 pt=0 ru=233404 rp=234660
18:00:07.458 @T t=360839 s=0.000 lv=-41.2 pk=-40.6 c0=5.2 c1=5.1 kw=4.89 inf=1.83 iv=0.00 n=0 d=0 sk=2 hf=98144 hm=96888 ht=283428 pf=0 pm=0 pt=0 ru=233404 rp=234660
18:00:07.458 @T t=360945 s=0.000 lv=-40.9 pk=-39.2 c0=4.0 c1=5.5 kw=5.12 inf=1.54 iv=0.00 n=0 d=0 sk=3 hf=98144 hm=96888 ht=283428 pf=0 pm=0 pt=0 ru=233404 rp=234660
18:00:07.458 @T t=361051 s=0.000 lv=-39.5 pk=-38.6 c0=4.1 c1=6.4 kw=5.91 inf=1.86 iv=0.00 n=0 d=0 sk=3 hf=98144 hm=96888 ht=283428 pf=0 pm=0 pt=0 ru=233404 rp=234660
18:00:07.458 @T t=361157 s=0.000 lv=-41.3 pk=-40.0 c0=4.0 c1=5.1 kw=4.99 inf=1.54 iv=0.00 n=0 d=0 sk=3 hf=98144 hm=96888 ht=283428 pf=0 pm=0 pt=0 ru=233404 rp=234660
18:00:07.458 @I ww=marvin cut=0.50 win=5 cool=1000 tick=100 wifi=0 srv=0 li=0 ln=0
18:00:07.458 @T t=361249 s=0.000 lv=-40.1 pk=-38.8 c0=5.4 c1=6.0 kw=5.77 inf=1.54 iv=0.00 n=0 d=0 sk=3 hf=98144 hm=96888 ht=283428 pf=0 pm=0 pt=0 ru=233404 rp=234660
18:00:07.458 @T t=361355 s=0.000 lv=-41.3 pk=-39.9 c0=3.5 c1=5.1 kw=4.95 inf=1.52 iv=0.00 n=0 d=0 sk=3 hf=98144 hm=96888 ht=283428 pf=0 pm=0 pt=0 ru=233404 rp=234660
18:00:07.458 @T t=361442 s=0.000 lv=-42.2 pk=-40.8 c0=4.9 c1=5.9 kw=4.81 inf=1.82 iv=0.00 n=0 d=0 sk=2 hf=98144 hm=96888 ht=283428 pf=0 pm=0 pt=0 ru=233404 rp=234660
18:00:07.458 [status] up 361s | mic -39.3 dBFS (peak -32.8) | score max 0.00 | detections 0 | inferences 187 (18.7/s; model 1.18 ms each, paused in quiet 42%; features 1.46 ms per 30 ms) | CPU core0  4.9% core1  7.9% (wake word pipeline 7.63% of one core) | RAM used 227 KB (peak 229 KB, 95 KB free) | wifi --, server -- | audio lost since boot: i2s 0 net 0
18:00:07.458 @T t=361541 s=0.000 lv=-39.3 pk=-38.4 c0=7.5 c1=5.6 kw=5.46 inf=1.57 iv=0.00 n=0 d=0 sk=3 hf=98144 hm=96888 ht=283428 pf=0 pm=0 pt=0 ru=233404 rp=234660
18:00:07.458 @T t=361647 s=0.000 lv=-39.3 pk=-38.4 c0=3.0 c1=6.1 kw=5.90 inf=1.36 iv=0.00 n=0 d=0 sk=4 hf=98144 hm=96888 ht=283428 pf=0 pm=0 pt=0 ru=233404 rp=234660
18:00:07.458 @T t=361753 s=0.000 lv=-41.8 pk=-40.6 c0=3.4 c1=5.0 kw=4.88 inf=1.50 iv=0.00 n=0 d=0 sk=3 hf=98144 hm=96888 ht=283428 pf=0 pm=0 pt=0 ru=233404 rp=234660
18:00:07.458 @T t=361839 s=0.000 lv=-40.8 pk=-39.9 c0=3.8 c1=5.0 kw=4.89 inf=1.83 iv=0.00 n=0 d=0 sk=2 hf=98144 hm=96888 ht=283428 pf=0 pm=0 pt=0 ru=233404 rp=234660
18:00:07.458 @T t=361945 s=0.000 lv=-41.9 pk=-40.9 c0=3.1 c1=5.3 kw=4.99 inf=1.50 iv=0.00 n=0 d=0 sk=3 hf=98144 hm=96888 ht=283428 pf=0 pm=0 pt=0 ru=233404 rp=234660
18:00:07.458 @T t=362051 s=0.000 lv=-42.9 pk=-42.5 c0=6.4 c1=6.2 kw=5.77 inf=1.82 iv=0.00 n=0 d=0 sk=3 hf=98144 hm=96888 ht=283428 pf=0 pm=0 pt=0 ru=233404 rp=234660
18:00:07.458 @T t=362157 s=0.000 lv=-42.3 pk=-41.0 c0=6.6 c1=5.1 kw=4.94 inf=1.52 iv=0.00 n=0 d=0 sk=3 hf=98144 hm=96888 ht=283428 pf=0 pm=0 pt=0 ru=233404 rp=234660
18:00:07.459 @I ww=marvin cut=0.50 win=5 cool=1000 tick=100 wifi=0 srv=0 li=0 ln=0
18:00:07.459 @T t=362249 s=0.000 lv=-41.8 pk=-40.6 c0=4.4 c1=5.8 kw=5.69 inf=1.52 iv=0.00 n=0 d=0 sk=3 hf=98144 hm=96888 ht=283428 pf=0 pm=0 pt=0 ru=233404 rp=234660
18:00:07.459 @T t=362355 s=0.000 lv=-41.2 pk=-40.2 c0=3.0 c1=5.1 kw=4.92 inf=1.52 iv=0.00 n=0 d=0 sk=3 hf=98144 hm=96888 ht=283428 pf=0 pm=0 pt=0 ru=233404 rp=234660
18:00:07.459 @T t=362441 s=0.000 lv=-40.8 pk=-39.9 c0=4.3 c1=6.0 kw=4.89 inf=1.83 iv=0.00 n=0 d=0 sk=2 hf=98144 hm=96888 ht=283428 pf=0 pm=0 pt=0 ru=233404 rp=234660
18:00:07.459 @T t=362549 s=0.000 lv=-41.4 pk=-39.4 c0=5.7 c1=6.2 kw=5.93 inf=1.39 iv=0.00 n=0 d=0 sk=4 hf=98144 hm=96888 ht=283428 pf=0 pm=0 pt=0 ru=233404 rp=234660
18:00:07.459 @T t=362655 s=0.000 lv=-43.1 pk=-41.1 c0=4.1 c1=5.2 kw=5.08 inf=1.56 iv=0.00 n=0 d=0 sk=3 hf=98144 hm=96888 ht=283428 pf=0 pm=0 pt=0 ru=233404 rp=234660
18:00:07.459 @T t=362741 s=0.000 lv=-42.0 pk=-40.8 c0=4.6 c1=5.2 kw=5.00 inf=1.88 iv=0.00 n=0 d=0 sk=2 hf=98144 hm=96888 ht=283428 pf=0 pm=0 pt=0 ru=233404 rp=234660
18:00:07.459 @T t=362847 s=0.000 lv=-42.3 pk=-40.0 c0=3.8 c1=6.2 kw=5.98 inf=1.38 iv=0.00 n=0 d=0 sk=4 hf=98144 hm=96888 ht=283428 pf=0 pm=0 pt=0 ru=233404 rp=234660
18:00:07.459 @T t=362953 s=0.000 lv=-39.7 pk=-39.4 c0=3.9 c1=5.2 kw=5.05 inf=1.56 iv=0.00 n=0 d=0 sk=3 hf=98144 hm=96888 ht=283428 pf=0 pm=0 pt=0 ru=233404 rp=234660
18:00:09.877 @T t=363039 s=0.000 lv=-41.6 pk=-39.6 c0=3.9 c1=5.0 kw=4.90 inf=1.84 iv=0.00 n=0 d=0 sk=2 hf=98144 hm=96888 ht=283428 pf=0 pm=0 pt=0 ru=233404 rp=234660
18:00:09.877 @T t=363145 s=0.000 lv=-42.9 pk=-41.3 c0=3.7 c1=5.5 kw=5.07 inf=1.52 iv=0.00 n=0 d=0 sk=3 hf=98144 hm=96888 ht=283428 pf=0 pm=0 pt=0 ru=233404 rp=234660
18:00:09.877 @I ww=marvin cut=0.50 win=5 cool=1000 tick=100 wifi=0 srv=0 li=0 ln=0
18:00:09.877 @T t=363257 s=0.000 lv=-41.0 pk=-40.4 c0=4.4 c1=6.0 kw=5.52 inf=1.84 iv=0.00 n=0 d=0 sk=3 hf=98144 hm=96888 ht=283428 pf=0 pm=0 pt=0 ru=233404 rp=234660
18:00:09.877 @T t=363343 s=0.000 lv=-42.6 pk=-41.5 c0=4.8 c1=5.1 kw=4.93 inf=1.85 iv=0.00 n=0 d=0 sk=2 hf=98144 hm=96888 ht=283428 pf=0 pm=0 pt=0 ru=233404 rp=234660
18:00:09.877 @T t=363449 s=0.000 lv=-42.6 pk=-40.4 c0=4.4 c1=7.1 kw=6.11 inf=1.41 iv=0.00 n=0 d=0 sk=4 hf=98144 hm=96888 ht=283428 pf=0 pm=0 pt=0 ru=233404 rp=234660
18:00:09.877 @T t=363555 s=0.000 lv=-43.5 pk=-42.5 c0=4.1 c1=5.2 kw=5.04 inf=1.55 iv=0.00 n=0 d=0 sk=3 hf=98144 hm=96888 ht=283428 pf=0 pm=0 pt=0 ru=233404 rp=234660
18:00:09.877 @T t=363641 s=0.000 lv=-43.0 pk=-41.6 c0=3.9 c1=4.9 kw=4.84 inf=1.81 iv=0.00 n=0 d=0 sk=2 hf=98144 hm=96888 ht=283428 pf=0 pm=0 pt=0 ru=233404 rp=234660
18:00:09.877 @T t=363747 s=0.000 lv=-41.0 pk=-39.0 c0=7.3 c1=6.2 kw=5.99 inf=1.38 iv=0.00 n=0 d=0 sk=4 hf=98144 hm=96888 ht=283428 pf=0 pm=0 pt=0 ru=233404 rp=234660
18:00:09.877 @T t=363853 s=0.000 lv=-42.0 pk=-39.8 c0=3.8 c1=5.2 kw=4.98 inf=1.53 iv=0.00 n=0 d=0 sk=3 hf=98144 hm=96888 ht=283428 pf=0 pm=0 pt=0 ru=233404 rp=234660
18:00:09.877 @T t=363939 s=0.000 lv=-43.5 pk=-42.0 c0=3.8 c1=4.8 kw=4.84 inf=1.81 iv=0.00 n=0 d=0 sk=2 hf=98144 hm=96888 ht=283428 pf=0 pm=0 pt=0 ru=233404 rp=234660
18:00:09.877 @T t=364045 s=0.000 lv=-41.7 pk=-40.4 c0=3.0 c1=5.4 kw=5.04 inf=1.52 iv=0.00 n=0 d=0 sk=3 hf=98144 hm=96888 ht=283428 pf=0 pm=0 pt=0 ru=233404 rp=234660
18:00:09.877 @T t=364151 s=0.000 lv=-39.4 pk=-37.1 c0=6.7 c1=17.8 kw=17.30 inf=1.36 iv=0.99 n=12 d=0 sk=1 hf=98144 hm=96888 ht=283428 pf=0 pm=0 pt=0 ru=233404 rp=234660
18:00:09.877 @I ww=marvin cut=0.50 win=5 cool=1000 tick=100 wifi=0 srv=0 li=0 ln=0
18:00:09.877 @T t=364242 s=0.000 lv=-42.0 pk=-41.2 c0=4.8 c1=8.9 kw=8.74 inf=2.46 iv=1.19 n=3 d=0 sk=0 hf=98144 hm=96888 ht=283428 pf=0 pm=0 pt=0 ru=233404 rp=234660
18:00:09.877 @T t=364348 s=0.000 lv=-41.0 pk=-39.6 c0=3.2 c1=10.5 kw=10.34 inf=2.53 iv=1.11 n=4 d=0 sk=0 hf=98144 hm=96888 ht=283428 pf=0 pm=0 pt=0 ru=233404 rp=234660
18:00:09.877 @T t=364454 s=0.000 lv=-41.7 pk=-40.4 c0=8.0 c1=9.2 kw=9.01 inf=2.95 iv=1.32 n=3 d=0 sk=0 hf=98164 hm=96888 ht=283428 pf=0 pm=0 pt=0 ru=233384 rp=234660
18:00:09.877 @T t=364540 s=0.000 lv=-40.2 pk=-38.7 c0=4.7 c1=9.7 kw=9.55 inf=2.54 iv=1.24 n=3 d=0 sk=0 hf=98164 hm=96888 ht=283428 pf=0 pm=0 pt=0 ru=233384 rp=234660
18:00:09.877 @T t=364646 s=0.000 lv=-40.5 pk=-39.1 c0=3.3 c1=9.9 kw=8.62 inf=2.77 iv=1.17 n=3 d=0 sk=0 hf=98164 hm=96888 ht=283428 pf=0 pm=0 pt=0 ru=233384 rp=234660
18:00:09.877 @T t=364752 s=0.000 lv=-40.3 pk=-39.7 c0=3.3 c1=9.8 kw=10.30 inf=2.56 iv=1.13 n=4 d=0 sk=0 hf=98164 hm=96888 ht=283428 pf=0 pm=0 pt=0 ru=233384 rp=234660
18:00:09.877 W (365232) wifi: cannot connect (reason 201). Check the name/password in menuconfig; the ESP32 needs a 2.4 GHz network (201 = network not found, 15/204 = wrong password)
18:00:09.877 @T t=364858 s=0.000 lv=-41.7 pk=-41.0 c0=10.6 c1=8.8 kw=8.37 inf=2.72 iv=1.14 n=3 d=0 sk=0 hf=98144 hm=96888 ht=283428 pf=0 pm=0 pt=0 ru=233404 rp=234660
18:00:09.877 @T t=364952 s=0.000 lv=-44.4 pk=-44.1 c0=4.0 c1=11.0 kw=10.83 inf=2.36 iv=1.15 n=4 d=0 sk=0 hf=98144 hm=96888 ht=283428 pf=0 pm=0 pt=0 ru=233404 rp=234660
18:00:09.877 @T t=365058 s=0.000 lv=-39.4 pk=-38.1 c0=7.3 c1=8.7 kw=8.48 inf=2.76 iv=1.13 n=3 d=0 sk=0 hf=98144 hm=96888 ht=283428 pf=0 pm=0 pt=0 ru=233404 rp=234660
18:00:09.877 @T t=365144 s=0.000 lv=-39.5 pk=-38.0 c0=5.1 c1=9.8 kw=9.58 inf=2.55 iv=1.23 n=3 d=0 sk=0 hf=98144 hm=96888 ht=283428 pf=0 pm=0 pt=0 ru=233404 rp=234660
18:00:09.877 @I ww=marvin cut=0.50 win=5 cool=1000 tick=100 wifi=0 srv=0 li=0 ln=0
18:00:09.877 @T t=365239 s=0.000 lv=-42.2 pk=-40.5 c0=5.4 c1=10.3 kw=10.08 inf=2.95 iv=1.30 n=3 d=0 sk=0 hf=98144 hm=96888 ht=283428 pf=0 pm=0 pt=0 ru=233404 rp=234660
18:00:09.877 @T t=365348 s=0.000 lv=-40.7 pk=-38.7 c0=3.9 c1=11.0 kw=10.73 inf=2.71 iv=1.25 n=4 d=0 sk=0 hf=98144 hm=96888 ht=283428 pf=0 pm=0 pt=0 ru=233404 rp=234660
18:00:12.467 @T t=365457 s=0.000 lv=-42.0 pk=-40.9 c0=3.6 c1=9.2 kw=8.35 inf=2.79 iv=1.18 n=3 d=0 sk=0 hf=98144 hm=96888 ht=283428 pf=0 pm=0 pt=0 ru=233404 rp=234660
18:00:12.467 @T t=365543 s=0.000 lv=-41.0 pk=-39.7 c0=5.3 c1=9.8 kw=9.57 inf=2.55 iv=1.24 n=3 d=0 sk=0 hf=98144 hm=96888 ht=283428 pf=0 pm=0 pt=0 ru=233404 rp=234660
18:00:12.467 @T t=365652 s=0.000 lv=-41.0 pk=-39.6 c0=9.9 c1=11.0 kw=10.78 inf=2.71 iv=1.24 n=4 d=0 sk=0 hf=98144 hm=96888 ht=283428 pf=0 pm=0 pt=0 ru=233404 rp=234660
18:00:12.467 @T t=365758 s=0.000 lv=-41.3 pk=-40.6 c0=4.2 c1=6.7 kw=6.48 inf=2.05 iv=1.43 n=1 d=0 sk=2 hf=98144 hm=96888 ht=283428 pf=0 pm=0 pt=0 ru=233404 rp=234660
18:00:12.467 @T t=365844 s=0.000 lv=-41.7 pk=-40.7 c0=4.9 c1=5.1 kw=4.97 inf=1.86 iv=0.00 n=0 d=0 sk=2 hf=98144 hm=96888 ht=283428 pf=0 pm=0 pt=0 ru=233404 rp=234660
18:00:12.467 @T t=365950 s=0.000 lv=-42.0 pk=-40.6 c0=4.1 c1=6.3 kw=6.07 inf=1.40 iv=0.00 n=0 d=0 sk=4 hf=98144 hm=96888 ht=283428 pf=0 pm=0 pt=0 ru=233404 rp=234660
18:00:12.467 @T t=366056 s=0.000 lv=-42.3 pk=-41.7 c0=3.2 c1=5.0 kw=4.93 inf=1.52 iv=0.00 n=0 d=0 sk=3 hf=98144 hm=96888 ht=283428 pf=0 pm=0 pt=0 ru=233404 rp=234660
18:00:12.467 @T t=366143 s=0.000 lv=-43.7 pk=-43.1 c0=4.8 c1=5.1 kw=4.91 inf=1.86 iv=0.00 n=0 d=0 sk=2 hf=98144 hm=96888 ht=283428 pf=0 pm=0 pt=0 ru=233404 rp=234660
18:00:12.467 @I ww=marvin cut=0.50 win=5 cool=1000 tick=100 wifi=0 srv=0 li=0 ln=0
18:00:12.467 @T t=366254 s=0.000 lv=-40.7 pk=-38.9 c0=4.2 c1=5.9 kw=5.78 inf=1.40 iv=0.00 n=0 d=0 sk=4 hf=98144 hm=96888 ht=283428 pf=0 pm=0 pt=0 ru=233404 rp=234660
18:00:12.467 @T t=366340 s=0.000 lv=-40.1 pk=-39.0 c0=3.8 c1=5.0 kw=4.92 inf=1.85 iv=0.00 n=0 d=0 sk=2 hf=98144 hm=96888 ht=283428 pf=0 pm=0 pt=0 ru=233404 rp=234660
18:00:12.467 @T t=366446 s=0.000 lv=-41.9 pk=-40.1 c0=3.5 c1=6.9 kw=5.96 inf=1.38 iv=0.00 n=0 d=0 sk=4 hf=98144 hm=96888 ht=283428 pf=0 pm=0 pt=0 ru=233404 rp=234660
18:00:12.467 @T t=366552 s=0.000 lv=-40.9 pk=-39.2 c0=7.0 c1=5.1 kw=4.99 inf=1.54 iv=0.00 n=0 d=0 sk=3 hf=98144 hm=96888 ht=283428 pf=0 pm=0 pt=0 ru=233404 rp=234660
18:00:12.467 @T t=366658 s=0.000 lv=-40.3 pk=-40.1 c0=3.1 c1=5.1 kw=4.94 inf=1.52 iv=0.00 n=0 d=0 sk=3 hf=98144 hm=96888 ht=283428 pf=0 pm=0 pt=0 ru=233404 rp=234660
18:00:12.467 @T t=366744 s=0.000 lv=-39.6 pk=-38.8 c0=3.6 c1=5.0 kw=4.85 inf=1.82 iv=0.00 n=0 d=0 sk=2 hf=98144 hm=96888 ht=283428 pf=0 pm=0 pt=0 ru=233404 rp=234660
18:00:12.467 @T t=366850 s=0.000 lv=-37.6 pk=-34.9 c0=3.0 c1=10.1 kw=5.02 inf=0.57 iv=0.00 n=5 d=0 sk=3 hf=98144 hm=96888 ht=283428 pf=0 pm=0 pt=0 ru=233404 rp=234660
18:00:12.467 @T t=366956 s=0.000 lv=-40.1 pk=-38.9 c0=4.1 c1=14.8 kw=19.50 inf=2.49 iv=1.76 n=8 d=0 sk=0 hf=98144 hm=96888 ht=283428 pf=0 pm=0 pt=0 ru=233404 rp=234660
18:00:12.467 @T t=367042 s=0.000 lv=-40.6 pk=-39.0 c0=4.1 c1=9.5 kw=9.32 inf=2.48 iv=1.19 n=3 d=0 sk=0 hf=98144 hm=96888 ht=283428 pf=0 pm=0 pt=0 ru=233404 rp=234660
18:00:12.467 @T t=367148 s=0.000 lv=-39.4 pk=-38.9 c0=3.3 c1=10.8 kw=10.61 inf=2.60 iv=1.15 n=4 d=0 sk=0 hf=98144 hm=96888 ht=283428 pf=0 pm=0 pt=0 ru=233404 rp=234660
18:00:12.467 @I ww=marvin cut=0.50 win=5 cool=1000 tick=100 wifi=0 srv=0 li=0 ln=0
18:00:12.467 @T t=367240 s=0.000 lv=-40.3 pk=-38.4 c0=13.6 c1=8.8 kw=8.60 inf=2.45 iv=1.17 n=3 d=0 sk=0 hf=98144 hm=96888 ht=283428 pf=0 pm=0 pt=0 ru=233404 rp=234660
18:00:12.467 @T t=367346 s=0.000 lv=-41.9 pk=-40.2 c0=5.9 c1=11.1 kw=9.70 inf=3.14 iv=1.50 n=3 d=0 sk=0 hf=98144 hm=96888 ht=283428 pf=0 pm=0 pt=0 ru=233404 rp=234660
18:00:12.467 @T t=367455 s=0.000 lv=-40.5 pk=-39.4 c0=4.6 c1=11.5 kw=11.19 inf=2.87 iv=1.37 n=4 d=0 sk=0 hf=98144 hm=96888 ht=283428 pf=0 pm=0 pt=0 ru=233404 rp=234660
18:00:12.467 @T t=367541 s=0.000 lv=-41.1 pk=-39.7 c0=5.2 c1=10.0 kw=9.79 inf=2.61 iv=1.31 n=3 d=0 sk=0 hf=98144 hm=96888 ht=283428 pf=0 pm=0 pt=0 ru=233404 rp=234660
18:00:12.467 @T t=367647 s=0.000 lv=-39.7 pk=-37.1 c0=4.2 c1=10.9 kw=10.93 inf=2.68 iv=1.23 n=4 d=0 sk=0 hf=98144 hm=96888 ht=283428 pf=0 pm=0 pt=0 ru=233404 rp=234660
18:00:12.467 @T t=367752 s=0.000 lv=-39.4 pk=-37.3 c0=4.1 c1=9.0 kw=8.56 inf=2.76 iv=1.16 n=3 d=0 sk=0 hf=98144 hm=96888 ht=283428 pf=0 pm=0 pt=0 ru=233404 rp=234660
18:00:12.467 @T t=367858 s=0.000 lv=-39.0 pk=-38.2 c0=3.4 c1=8.8 kw=8.62 inf=2.81 iv=1.21 n=3 d=0 sk=0 hf=98144 hm=96888 ht=283428 pf=0 pm=0 pt=0 ru=233404 rp=234660
18:00:12.467 @T t=367944 s=0.000 lv=-37.8 pk=-36.7 c0=9.5 c1=10.1 kw=9.82 inf=2.62 iv=1.30 n=3 d=0 sk=0 hf=98144 hm=96888 ht=283428 pf=0 pm=0 pt=0 ru=233404 rp=234660
18:00:14.966 @T t=368053 s=0.000 lv=-38.6 pk=-37.2 c0=9.6 c1=11.0 kw=10.79 inf=2.71 iv=1.23 n=4 d=0 sk=0 hf=98144 hm=96888 ht=283428 pf=0 pm=0 pt=0 ru=233404 rp=234660
18:00:14.966 @T t=368139 s=0.000 lv=-38.2 pk=-37.6 c0=5.1 c1=9.7 kw=9.50 inf=2.53 iv=1.24 n=3 d=0 sk=0 hf=98144 hm=96888 ht=283428 pf=0 pm=0 pt=0 ru=233404 rp=234660
18:00:14.966 @I ww=marvin cut=0.50 win=5 cool=1000 tick=100 wifi=0 srv=0 li=0 ln=0
18:00:14.966 @T t=368250 s=0.000 lv=-33.9 pk=-31.2 c0=4.7 c1=10.4 kw=10.16 inf=2.61 iv=1.17 n=4 d=0 sk=0 hf=98144 hm=96888 ht=283428 pf=0 pm=0 pt=0 ru=233404 rp=234660
18:00:14.966 @T t=368356 s=0.000 lv=-35.3 pk=-33.8 c0=4.3 c1=8.5 kw=8.35 inf=2.72 iv=1.12 n=3 d=0 sk=0 hf=98144 hm=96888 ht=283428 pf=0 pm=0 pt=0 ru=233404 rp=234660
18:00:14.966 @T t=368442 s=0.000 lv=-40.1 pk=-38.7 c0=4.7 c1=10.5 kw=9.39 inf=2.50 iv=1.22 n=3 d=0 sk=0 hf=98144 hm=96888 ht=283428 pf=0 pm=0 pt=0 ru=233404 rp=234660
18:00:14.966 @T t=368548 s=0.000 lv=-41.0 pk=-39.6 c0=4.4 c1=11.4 kw=11.10 inf=2.72 iv=1.27 n=4 d=0 sk=0 hf=98144 hm=96888 ht=283428 pf=0 pm=0 pt=0 ru=233404 rp=234660
18:00:14.966 @T t=368654 s=0.000 lv=-39.5 pk=-37.3 c0=4.0 c1=9.0 kw=8.78 inf=2.86 iv=1.24 n=3 d=0 sk=0 hf=98144 hm=96888 ht=283428 pf=0 pm=0 pt=0 ru=233404 rp=234660
18:00:14.966 @T t=368740 s=0.000 lv=-40.5 pk=-39.1 c0=4.1 c1=9.5 kw=9.30 inf=2.48 iv=1.20 n=3 d=0 sk=0 hf=98144 hm=96888 ht=283428 pf=0 pm=0 pt=0 ru=233404 rp=234660
18:00:14.967 @T t=368846 s=0.000 lv=-40.9 pk=-38.6 c0=6.5 c1=9.9 kw=8.62 inf=2.77 iv=1.16 n=3 d=0 sk=0 hf=98144 hm=96888 ht=283428 pf=0 pm=0 pt=0 ru=233404 rp=234660
18:00:14.967 @T t=368952 s=0.000 lv=-40.8 pk=-39.3 c0=6.6 c1=9.8 kw=10.29 inf=2.55 iv=1.13 n=4 d=0 sk=0 hf=98144 hm=96888 ht=283428 pf=0 pm=0 pt=0 ru=233404 rp=234660
18:00:14.967 @T t=369058 s=0.000 lv=-40.8 pk=-38.8 c0=6.4 c1=8.7 kw=8.49 inf=2.76 iv=1.17 n=3 d=0 sk=0 hf=98144 hm=96888 ht=283428 pf=0 pm=0 pt=0 ru=233404 rp=234660
18:00:14.967 @T t=369144 s=0.000 lv=-41.7 pk=-40.3 c0=4.0 c1=9.2 kw=9.02 inf=2.40 iv=1.12 n=3 d=0 sk=0 hf=98144 hm=96888 ht=283428 pf=0 pm=0 pt=0 ru=233404 rp=234660
18:00:14.967 @I ww=marvin cut=0.50 win=5 cool=1000 tick=100 wifi=0 srv=0 li=0 ln=0
18:00:14.967 @T t=369258 s=0.000 lv=-41.2 pk=-39.5 c0=13.2 c1=9.9 kw=9.68 inf=2.54 iv=1.10 n=4 d=0 sk=0 hf=98144 hm=96888 ht=283428 pf=0 pm=0 pt=0 ru=233404 rp=234660
18:00:14.967 @T t=369344 s=0.000 lv=-42.4 pk=-40.9 c0=8.0 c1=9.5 kw=9.28 inf=2.47 iv=1.18 n=3 d=0 sk=0 hf=98144 hm=96888 ht=283428 pf=0 pm=0 pt=0 ru=233404 rp=234660
18:00:14.967 @T t=369453 s=0.000 lv=-39.3 pk=-38.6 c0=3.7 c1=11.6 kw=10.65 inf=2.68 iv=1.20 n=4 d=0 sk=0 hf=98144 hm=96888 ht=283428 pf=0 pm=0 pt=0 ru=233404 rp=234660
18:00:14.967 @T t=369539 s=0.000 lv=-38.7 pk=-36.9 c0=4.1 c1=8.0 kw=7.88 inf=3.11 iv=1.17 n=2 d=0 sk=0 hf=98144 hm=96888 ht=283428 pf=0 pm=0 pt=0 ru=233404 rp=234660
18:00:14.967 @T t=369645 s=0.000 lv=-40.5 pk=-38.7 c0=3.3 c1=9.8 kw=9.42 inf=2.28 iv=1.09 n=4 d=0 sk=0 hf=98144 hm=96888 ht=283428 pf=0 pm=0 pt=0 ru=233404 rp=234660
18:00:14.967 @T t=369751 s=0.000 lv=-40.7 pk=-39.4 c0=5.5 c1=11.6 kw=10.94 inf=2.71 iv=1.25 n=4 d=0 sk=0 hf=98144 hm=96888 ht=283428 pf=0 pm=0 pt=0 ru=233404 rp=234660
18:00:14.967 @T t=369840 s=0.000 lv=-38.8 pk=-38.3 c0=4.8 c1=8.6 kw=8.38 inf=3.43 iv=1.44 n=2 d=0 sk=0 hf=98144 hm=96888 ht=283428 pf=0 pm=0 pt=0 ru=233404 rp=234660
18:00:14.967 @T t=369946 s=0.000 lv=-41.5 pk=-40.2 c0=4.3 c1=9.9 kw=9.67 inf=2.35 iv=1.21 n=3 d=0 sk=1 hf=98144 hm=96888 ht=283428 pf=0 pm=0 pt=0 ru=233404 rp=234660
18:00:14.967 @T t=370052 s=0.000 lv=-39.7 pk=-38.0 c0=4.0 c1=5.1 kw=4.99 inf=1.54 iv=0.00 n=0 d=0 sk=3 hf=98144 hm=96888 ht=283428 pf=0 pm=0 pt=0 ru=233404 rp=234660
18:00:14.967 @T t=370158 s=0.000 lv=-35.5 pk=-32.3 c0=3.9 c1=12.8 kw=12.59 inf=1.27 iv=1.00 n=8 d=0 sk=2 hf=98144 hm=96888 ht=283428 pf=0 pm=0 pt=0 ru=233404 rp=234660
18:00:14.967 @I ww=marvin cut=0.50 win=5 cool=1000 tick=100 wifi=0 srv=0 li=0 ln=0
18:00:14.967 @T t=370249 s=0.000 lv=-38.9 pk=-36.1 c0=4.9 c1=10.0 kw=9.75 inf=2.73 iv=1.14 n=3 d=0 sk=0 hf=98144 hm=96888 ht=283428 pf=0 pm=0 pt=0 ru=233404 rp=234660
18:00:14.967 @T t=370355 s=0.000 lv=-41.7 pk=-39.3 c0=4.3 c1=9.0 kw=8.76 inf=2.85 iv=1.22 n=3 d=0 sk=0 hf=98144 hm=96888 ht=283428 pf=0 pm=0 pt=0 ru=233404 rp=234660
18:00:14.967 @T t=370441 s=0.000 lv=-41.7 pk=-40.5 c0=5.9 c1=10.9 kw=9.77 inf=2.61 iv=1.30 n=3 d=0 sk=0 hf=98144 hm=96888 ht=283428 pf=0 pm=0 pt=0 ru=233404 rp=234660
18:00:17.162 @T t=370547 s=0.000 lv=-40.8 pk=-40.0 c0=4.2 c1=11.3 kw=11.17 inf=2.74 iv=1.28 n=4 d=0 sk=0 hf=98144 hm=96888 ht=283428 pf=0 pm=0 pt=0 ru=233404 rp=234660
18:00:17.162 @T t=370653 s=0.000 lv=-36.0 pk=-34.0 c0=4.2 c1=8.9 kw=8.58 inf=2.79 iv=1.17 n=3 d=0 sk=0 hf=98144 hm=96888 ht=283428 pf=0 pm=0 pt=0 ru=233404 rp=234660
18:00:17.162 @T t=370739 s=0.000 lv=-38.2 pk=-35.9 c0=4.2 c1=9.4 kw=9.22 inf=2.45 iv=1.16 n=3 d=0 sk=0 hf=98144 hm=96888 ht=283428 pf=0 pm=0 pt=0 ru=233404 rp=234660
18:00:17.162 @T t=370845 s=0.000 lv=-39.9 pk=-37.2 c0=4.2 c1=9.1 kw=8.70 inf=2.79 iv=1.21 n=3 d=0 sk=0 hf=98144 hm=96888 ht=283428 pf=0 pm=0 pt=0 ru=233404 rp=234660
18:00:17.162 @T t=370954 s=0.000 lv=-37.4 pk=-35.6 c0=4.5 c1=10.8 kw=10.77 inf=2.75 iv=1.29 n=4 d=0 sk=0 hf=98144 hm=96888 ht=283428 pf=0 pm=0 pt=0 ru=233404 rp=234660
18:00:17.162 @T t=371040 s=0.000 lv=-40.6 pk=-39.6 c0=4.7 c1=9.5 kw=9.30 inf=2.47 iv=1.18 n=3 d=0 sk=0 hf=98144 hm=96888 ht=283428 pf=0 pm=0 pt=0 ru=233404 rp=234660
18:00:17.162 @T t=371146 s=0.000 lv=-41.6 pk=-40.4 c0=3.3 c1=9.8 kw=8.45 inf=2.03 iv=0.85 n=4 d=0 sk=0 hf=98144 hm=96888 ht=283428 pf=0 pm=0 pt=0 ru=233404 rp=234660
18:00:17.162 @I ww=marvin cut=0.50 win=5 cool=1000 tick=100 wifi=0 srv=0 li=0 ln=0
18:00:17.162 @T t=371258 s=0.000 lv=-40.4 pk=-39.8 c0=3.8 c1=9.4 kw=9.80 inf=3.42 iv=1.51 n=3 d=0 sk=0 hf=98144 hm=96888 ht=283428 pf=0 pm=0 pt=0 ru=233404 rp=234660
18:00:17.162 @T t=371344 s=0.000 lv=-39.1 pk=-38.3 c0=4.0 c1=9.5 kw=9.33 inf=2.48 iv=1.18 n=3 d=0 sk=0 hf=98144 hm=96888 ht=283428 pf=0 pm=0 pt=0 ru=233404 rp=234660
18:00:17.162 @T t=371450 s=0.000 lv=-40.6 pk=-38.9 c0=7.0 c1=12.4 kw=11.36 inf=2.79 iv=1.30 n=4 d=0 sk=0 hf=98144 hm=96888 ht=283428 pf=0 pm=0 pt=0 ru=233404 rp=234660
18:00:17.162 [status] up 371s | mic -40.2 dBFS (peak -31.2) | score max 0.00 | detections 0 | inferences 226 (22.6/s; model 1.18 ms each, paused in quiet 34%; features 1.39 ms per 30 ms) | CPU core0  4.9% core1  8.4% (wake word pipeline 8.13% of one core) | RAM used 227 KB (peak 229 KB, 95 KB free) | wifi --, server -- | audio lost since boot: i2s 0 net 0
18:00:17.163 [stacks] unused bytes: main=1936 IDLE1=720 IDLE0=728 audio_kws=1248 tiT=2452 websocket_task=1460 sys_evt=428 ipc0=528 wifi=4056 esp_timer=3136 Tmr Svc=1368 ipc1=536 streamer=2952
18:00:17.163 @T t=371544 s=0.000 lv=-39.2 pk=-36.1 c0=10.9 c1=9.0 kw=8.78 inf=2.56 iv=1.26 n=3 d=0 sk=0 hf=98144 hm=96888 ht=283428 pf=0 pm=0 pt=0 ru=233404 rp=234660
18:00:17.163 @T t=371650 s=0.000 lv=-37.5 pk=-36.4 c0=6.0 c1=10.8 kw=10.59 inf=2.59 iv=1.13 n=4 d=0 sk=0 hf=98144 hm=96888 ht=283428 pf=0 pm=0 pt=0 ru=233404 rp=234660
18:00:17.163 @T t=371756 s=0.000 lv=-40.7 pk=-39.8 c0=4.0 c1=8.9 kw=8.69 inf=2.83 iv=1.23 n=3 d=0 sk=0 hf=98144 hm=96888 ht=283428 pf=0 pm=0 pt=0 ru=233404 rp=234660
18:00:17.163 @T t=371842 s=0.000 lv=-41.9 pk=-40.4 c0=4.1 c1=9.5 kw=9.28 inf=2.47 iv=1.19 n=3 d=0 sk=0 hf=98144 hm=96888 ht=283428 pf=0 pm=0 pt=0 ru=233404 rp=234660
18:00:17.163 @T t=371948 s=0.000 lv=-40.8 pk=-40.1 c0=6.6 c1=10.6 kw=10.40 inf=2.55 iv=1.12 n=4 d=0 sk=0 hf=98144 hm=96888 ht=283428 pf=0 pm=0 pt=0 ru=233404 rp=234660
18:00:17.163 @T t=372054 s=0.000 lv=-39.9 pk=-38.9 c0=3.3 c1=8.4 kw=8.27 inf=2.69 iv=1.11 n=3 d=0 sk=0 hf=98144 hm=96888 ht=283428 pf=0 pm=0 pt=0 ru=233404 rp=234660
18:00:17.163 @T t=372140 s=0.000 lv=-39.7 pk=-38.8 c0=6.8 c1=10.2 kw=9.83 inf=2.62 iv=1.30 n=3 d=0 sk=0 hf=98144 hm=96888 ht=283428 pf=0 pm=0 pt=0 ru=233404 rp=234660
18:00:17.163 @I ww=marvin cut=0.50 win=5 cool=1000 tick=100 wifi=0 srv=0 li=0 ln=0
18:00:17.163 @T t=372251 s=0.000 lv=-37.7 pk=-36.8 c0=5.3 c1=10.8 kw=10.53 inf=2.70 iv=1.21 n=4 d=0 sk=0 hf=98144 hm=96888 ht=283428 pf=0 pm=0 pt=0 ru=233404 rp=234660
18:00:17.163 @T t=372340 s=0.000 lv=-39.5 pk=-37.7 c0=4.8 c1=7.9 kw=7.72 inf=3.16 iv=1.19 n=2 d=0 sk=0 hf=98144 hm=96888 ht=283428 pf=0 pm=0 pt=0 ru=233404 rp=234660
18:00:17.163 @T t=372446 s=0.000 lv=-39.8 pk=-38.3 c0=4.6 c1=11.7 kw=10.71 inf=2.62 iv=1.16 n=4 d=0 sk=0 hf=98144 hm=96888 ht=283428 pf=0 pm=0 pt=0 ru=233404 rp=234660
18:00:17.163 @T t=372551 s=0.000 lv=-32.6 pk=-30.3 c0=3.5 c1=9.7 kw=9.48 inf=2.31 iv=1.12 n=4 d=0 sk=0 hf=98144 hm=96888 ht=283428 pf=0 pm=0 pt=0 ru=233404 rp=234660
18:00:17.163 @T t=372657 s=0.000 lv=-35.4 pk=-32.8 c0=4.1 c1=8.6 kw=8.42 inf=2.74 iv=1.12 n=3 d=0 sk=0 hf=98144 hm=96888 ht=283428 pf=0 pm=0 pt=0 ru=233404 rp=234660
18:00:19.677 @T t=372743 s=0.000 lv=-32.7 pk=-31.6 c0=5.1 c1=10.1 kw=9.84 inf=2.62 iv=1.30 n=3 d=0 sk=0 hf=98144 hm=96888 ht=283428 pf=0 pm=0 pt=0 ru=233404 rp=234660
18:00:19.677 @T t=372849 s=0.009 lv=-35.9 pk=-33.2 c0=4.3 c1=11.3 kw=11.00 inf=2.70 iv=1.23 n=4 d=0 sk=0 hf=98144 hm=96888 ht=283428 pf=0 pm=0 pt=0 ru=233404 rp=234660
18:00:19.677 @T t=372958 s=0.031 lv=-40.5 pk=-39.2 c0=4.1 c1=8.9 kw=8.65 inf=2.90 iv=1.29 n=3 d=0 sk=0 hf=98144 hm=96888 ht=283428 pf=0 pm=0 pt=0 ru=233404 rp=234660
18:00:19.677 @T t=373047 s=0.034 lv=-39.6 pk=-39.2 c0=3.8 c1=10.4 kw=10.20 inf=2.79 iv=1.20 n=3 d=0 sk=0 hf=98144 hm=96888 ht=283428 pf=0 pm=0 pt=0 ru=233404 rp=234660
18:00:19.677 @T t=373153 s=0.018 lv=-39.6 pk=-37.9 c0=6.5 c1=9.8 kw=9.61 inf=2.37 iv=1.16 n=4 d=0 sk=0 hf=98144 hm=96888 ht=283428 pf=0 pm=0 pt=0 ru=233404 rp=234660
18:00:19.677 @I ww=marvin cut=0.50 win=5 cool=1000 tick=100 wifi=0 srv=0 li=0 ln=0
18:00:19.677 @T t=373244 s=0.009 lv=-40.4 pk=-40.1 c0=6.2 c1=8.0 kw=7.81 inf=3.25 iv=1.28 n=2 d=0 sk=0 hf=98144 hm=96888 ht=283428 pf=0 pm=0 pt=0 ru=233404 rp=234660
18:00:19.677 @T t=373352 s=0.006 lv=-40.3 pk=-38.5 c0=4.3 c1=11.2 kw=10.92 inf=2.73 iv=1.26 n=4 d=0 sk=0 hf=98144 hm=96888 ht=283428 pf=0 pm=0 pt=0 ru=233404 rp=234660
18:00:19.677 @T t=373441 s=0.002 lv=-40.7 pk=-39.8 c0=5.1 c1=10.3 kw=9.16 inf=2.53 iv=1.21 n=3 d=0 sk=0 hf=98144 hm=96888 ht=283428 pf=0 pm=0 pt=0 ru=233404 rp=234660
18:00:19.677 @T t=373550 s=0.000 lv=-42.4 pk=-41.1 c0=3.1 c1=10.3 kw=10.11 inf=2.55 iv=1.13 n=4 d=0 sk=0 hf=98144 hm=96888 ht=283428 pf=0 pm=0 pt=0 ru=233404 rp=234660
18:00:19.677 @T t=373656 s=0.000 lv=-38.8 pk=-37.4 c0=3.3 c1=8.5 kw=8.28 inf=2.69 iv=1.10 n=3 d=0 sk=0 hf=98144 hm=96888 ht=283428 pf=0 pm=0 pt=0 ru=233404 rp=234660
18:00:19.677 @T t=373742 s=0.000 lv=-38.5 pk=-37.0 c0=4.0 c1=9.2 kw=9.00 inf=2.39 iv=1.11 n=3 d=0 sk=0 hf=98144 hm=96888 ht=283428 pf=0 pm=0 pt=0 ru=233404 rp=234660
18:00:19.677 @T t=373848 s=0.000 lv=-42.1 pk=-40.4 c0=3.8 c1=10.7 kw=10.40 inf=2.54 iv=1.11 n=4 d=0 sk=0 hf=98144 hm=96888 ht=283428 pf=0 pm=0 pt=0 ru=233404 rp=234660
18:00:19.677 @T t=373954 s=0.000 lv=-39.8 pk=-38.7 c0=3.4 c1=8.5 kw=8.37 inf=2.72 iv=1.14 n=3 d=0 sk=0 hf=98144 hm=96888 ht=283428 pf=0 pm=0 pt=0 ru=233404 rp=234660
18:00:19.677 @T t=374040 s=0.000 lv=-38.9 pk=-36.0 c0=4.0 c1=9.1 kw=8.93 inf=2.37 iv=1.10 n=3 d=0 sk=0 hf=98144 hm=96888 ht=283428 pf=0 pm=0 pt=0 ru=233404 rp=234660
18:00:19.677 @T t=374146 s=0.000 lv=-36.9 pk=-34.8 c0=3.9 c1=9.9 kw=8.58 inf=2.06 iv=0.86 n=4 d=0 sk=0 hf=98144 hm=96888 ht=283428 pf=0 pm=0 pt=0 ru=233404 rp=234660
18:00:19.677 @I ww=marvin cut=0.50 win=5 cool=1000 tick=100 wifi=0 srv=0 li=0 ln=0
18:00:19.677 @T t=374241 s=0.000 lv=-38.6 pk=-38.0 c0=4.4 c1=9.9 kw=10.98 inf=3.29 iv=1.58 n=3 d=0 sk=0 hf=98144 hm=96888 ht=283428 pf=0 pm=0 pt=0 ru=233404 rp=234660
18:00:19.677 @T t=374347 s=0.000 lv=-40.1 pk=-39.3 c0=3.2 c1=10.6 kw=10.43 inf=2.55 iv=1.12 n=4 d=0 sk=0 hf=98144 hm=96888 ht=283428 pf=0 pm=0 pt=0 ru=233404 rp=234660
18:00:19.677 @T t=374453 s=0.000 lv=-41.1 pk=-39.3 c0=7.0 c1=9.9 kw=8.97 inf=2.93 iv=1.31 n=3 d=0 sk=0 hf=98144 hm=96888 ht=283428 pf=0 pm=0 pt=0 ru=233404 rp=234660
18:00:19.677 @T t=374539 s=0.000 lv=-43.0 pk=-42.3 c0=6.2 c1=10.3 kw=9.98 inf=2.66 iv=1.34 n=3 d=0 sk=0 hf=98144 hm=96888 ht=283428 pf=0 pm=0 pt=0 ru=233404 rp=234660
18:00:19.677 @T t=374645 s=0.000 lv=-36.2 pk=-31.5 c0=4.2 c1=9.5 kw=9.08 inf=2.92 iv=1.30 n=3 d=0 sk=0 hf=98144 hm=96888 ht=283428 pf=0 pm=0 pt=0 ru=233404 rp=234660
18:00:19.677 @T t=374754 s=0.000 lv=-35.7 pk=-33.7 c0=9.6 c1=11.0 kw=10.97 inf=2.81 iv=1.35 n=4 d=0 sk=0 hf=98144 hm=96888 ht=283428 pf=0 pm=0 pt=0 ru=233404 rp=234660
18:00:19.678 @T t=374843 s=0.000 lv=-37.0 pk=-35.9 c0=3.8 c1=8.9 kw=8.70 inf=2.39 iv=1.12 n=3 d=0 sk=0 hf=98144 hm=96888 ht=283428 pf=0 pm=0 pt=0 ru=233404 rp=234660
18:00:19.678 @T t=374952 s=0.000 lv=-40.2 pk=-36.5 c0=3.9 c1=10.6 kw=10.35 inf=2.60 iv=1.16 n=4 d=0 sk=0 hf=98144 hm=96888 ht=283428 pf=0 pm=0 pt=0 ru=233404 rp=234660
18:00:19.678 @T t=375058 s=0.004 lv=-39.8 pk=-38.7 c0=4.2 c1=8.9 kw=8.65 inf=2.82 iv=1.20 n=3 d=0 sk=0 hf=98144 hm=96888 ht=283428 pf=0 pm=0 pt=0 ru=233404 rp=234660
18:00:19.678 @T t=375144 s=0.005 lv=-41.0 pk=-40.1 c0=5.5 c1=10.1 kw=9.82 inf=2.62 iv=1.31 n=3 d=0 sk=0 hf=98144 hm=96888 ht=283428 pf=0 pm=0 pt=0 ru=233404 rp=234660
18:00:19.678 @I ww=marvin cut=0.50 win=5 cool=1000 tick=100 wifi=0 srv=0 li=0 ln=0
18:00:22.252 @T t=375258 s=0.002 lv=-42.4 pk=-40.6 c0=4.6 c1=10.6 kw=10.36 inf=2.73 iv=1.25 n=4 d=0 sk=0 hf=98144 hm=96888 ht=283428 pf=0 pm=0 pt=0 ru=233404 rp=234660
18:00:22.253 @T t=375344 s=0.000 lv=-40.3 pk=-39.4 c0=5.2 c1=8.2 kw=7.97 inf=3.14 iv=1.23 n=2 d=0 sk=0 hf=98144 hm=96888 ht=283428 pf=0 pm=0 pt=0 ru=233404 rp=234660
18:00:22.253 @T t=375453 s=0.000 lv=-38.8 pk=-37.3 c0=3.7 c1=11.5 kw=10.59 inf=2.67 iv=1.17 n=4 d=0 sk=0 hf=98144 hm=96888 ht=283428 pf=0 pm=0 pt=0 ru=233404 rp=234660
18:00:22.253 @T t=375539 s=0.000 lv=-40.3 pk=-38.1 c0=5.3 c1=9.6 kw=9.39 inf=2.50 iv=1.21 n=3 d=0 sk=0 hf=98144 hm=96888 ht=283428 pf=0 pm=0 pt=0 ru=233404 rp=234660
18:00:22.253 @T t=375645 s=0.000 lv=-37.8 pk=-35.0 c0=7.5 c1=9.4 kw=8.99 inf=2.89 iv=1.25 n=3 d=0 sk=0 hf=98144 hm=96888 ht=283428 pf=0 pm=0 pt=0 ru=233404 rp=234660
18:00:22.253 @T t=375754 s=0.000 lv=-38.3 pk=-37.7 c0=9.9 c1=11.0 kw=10.94 inf=2.80 iv=1.33 n=4 d=0 sk=0 hf=98144 hm=96888 ht=283428 pf=0 pm=0 pt=0 ru=233404 rp=234660
18:00:22.253 @T t=375840 s=0.000 lv=-39.0 pk=-37.0 c0=4.7 c1=9.5 kw=9.33 inf=2.48 iv=1.18 n=3 d=0 sk=0 hf=98144 hm=96888 ht=283428 pf=0 pm=0 pt=0 ru=233404 rp=234660
18:00:22.253 @T t=375946 s=0.000 lv=-40.0 pk=-39.4 c0=3.5 c1=9.8 kw=8.51 inf=2.04 iv=0.86 n=4 d=0 sk=0 hf=98144 hm=96888 ht=283428 pf=0 pm=0 pt=0 ru=233404 rp=234660
18:00:22.253 @T t=376052 s=0.000 lv=-38.7 pk=-38.4 c0=6.5 c1=9.7 kw=10.12 inf=3.34 iv=1.44 n=3 d=0 sk=0 hf=98144 hm=96888 ht=283428 pf=0 pm=0 pt=0 ru=233404 rp=234660
18:00:22.253 @T t=376158 s=0.000 lv=-39.6 pk=-38.1 c0=3.3 c1=9.7 kw=9.44 inf=2.32 iv=1.13 n=4 d=0 sk=0 hf=98144 hm=96888 ht=283428 pf=0 pm=0 pt=0 ru=233404 rp=234660
18:00:22.253 @I ww=marvin cut=0.50 win=5 cool=1000 tick=100 wifi=0 srv=0 li=0 ln=0
18:00:22.253 @T t=376250 s=0.000 lv=-39.5 pk=-38.1 c0=5.2 c1=10.2 kw=9.94 inf=2.81 iv=1.19 n=3 d=0 sk=0 hf=98144 hm=96888 ht=283428 pf=0 pm=0 pt=0 ru=233404 rp=234660
18:00:22.253 @T t=376356 s=0.000 lv=-42.0 pk=-40.9 c0=3.3 c1=8.6 kw=8.47 inf=2.76 iv=1.17 n=3 d=0 sk=0 hf=98144 hm=96888 ht=283428 pf=0 pm=0 pt=0 ru=233404 rp=234660
18:00:22.253 @T t=376442 s=0.000 lv=-40.0 pk=-38.6 c0=8.7 c1=9.5 kw=9.26 inf=2.47 iv=1.17 n=3 d=0 sk=0 hf=98144 hm=96888 ht=283428 pf=0 pm=0 pt=0 ru=233404 rp=234660
18:00:22.253 @T t=376549 s=0.000 lv=-40.3 pk=-38.8 c0=7.1 c1=12.6 kw=10.97 inf=2.72 iv=1.25 n=4 d=0 sk=0 hf=98144 hm=96888 ht=283428 pf=0 pm=0 pt=0 ru=233404 rp=234660
18:00:22.253 @T t=376655 s=0.000 lv=-37.1 pk=-35.3 c0=3.3 c1=8.8 kw=8.62 inf=2.81 iv=1.20 n=3 d=0 sk=0 hf=98144 hm=96888 ht=283428 pf=0 pm=0 pt=0 ru=233404 rp=234660
18:00:22.253 @T t=376741 s=0.000 lv=-38.7 pk=-36.7 c0=4.0 c1=9.4 kw=9.22 inf=2.45 iv=1.17 n=3 d=0 sk=0 hf=98144 hm=96888 ht=283428 pf=0 pm=0 pt=0 ru=233404 rp=234660
18:00:22.253 @T t=376847 s=0.000 lv=-41.2 pk=-39.8 c0=6.5 c1=10.5 kw=10.29 inf=2.52 iv=1.10 n=4 d=0 sk=0 hf=98144 hm=96888 ht=283428 pf=0 pm=0 pt=0 ru=233404 rp=234660
18:00:22.253 @T t=376954 s=0.000 lv=-42.4 pk=-40.8 c0=5.6 c1=9.2 kw=8.88 inf=2.92 iv=1.28 n=3 d=0 sk=0 hf=98144 hm=96888 ht=283428 pf=0 pm=0 pt=0 ru=233404 rp=234660
18:00:22.253 @T t=377040 s=0.000 lv=-41.4 pk=-41.1 c0=5.8 c1=10.0 kw=9.79 inf=2.61 iv=1.29 n=3 d=0 sk=0 hf=98144 hm=96888 ht=283428 pf=0 pm=0 pt=0 ru=233404 rp=234660
18:00:22.253 @T t=377146 s=0.000 lv=-39.6 pk=-37.6 c0=4.2 c1=10.1 kw=8.74 inf=2.80 iv=1.20 n=3 d=0 sk=0 hf=98144 hm=96888 ht=283428 pf=0 pm=0 pt=0 ru=233404 rp=234660
18:00:22.253 @I ww=marvin cut=0.50 win=5 cool=1000 tick=100 wifi=0 srv=0 li=0 ln=0
18:00:22.253 @T t=377258 s=0.000 lv=-35.9 pk=-34.5 c0=4.0 c1=9.8 kw=10.67 inf=2.81 iv=1.24 n=4 d=0 sk=0 hf=98144 hm=96888 ht=283428 pf=0 pm=0 pt=0 ru=233404 rp=234660
18:00:22.253 @T t=377345 s=0.000 lv=-40.1 pk=-38.8 c0=5.2 c1=10.1 kw=9.57 inf=2.53 iv=1.22 n=3 d=0 sk=0 hf=98144 hm=96888 ht=283428 pf=0 pm=0 pt=0 ru=233404 rp=234660
18:00:22.253 @T t=377452 s=0.000 lv=-39.6 pk=-38.6 c0=5.1 c1=12.3 kw=11.66 inf=2.94 iv=1.46 n=4 d=0 sk=0 hf=98144 hm=96888 ht=283428 pf=0 pm=0 pt=0 ru=233404 rp=234660
18:00:22.253 @T t=377558 s=0.002 lv=-42.1 pk=-41.2 c0=4.3 c1=9.2 kw=9.04 inf=2.95 iv=1.32 n=3 d=0 sk=0 hf=98144 hm=96888 ht=283428 pf=0 pm=0 pt=0 ru=233404 rp=234660
18:00:22.253 @T t=377644 s=0.003 lv=-41.5 pk=-40.5 c0=5.4 c1=10.1 kw=9.86 inf=2.64 iv=1.31 n=3 d=0 sk=0 hf=98144 hm=96888 ht=283428 pf=0 pm=0 pt=0 ru=233404 rp=234660
18:00:22.253 @T t=377753 s=0.005 lv=-39.4 pk=-38.0 c0=9.7 c1=10.9 kw=10.69 inf=2.69 iv=1.21 n=4 d=0 sk=0 hf=98144 hm=96888 ht=283428 pf=0 pm=0 pt=0 ru=233404 rp=234660
18:00:24.769 @T t=377839 s=0.003 lv=-38.5 pk=-37.9 c0=4.1 c1=9.5 kw=9.33 inf=2.49 iv=1.20 n=3 d=0 sk=0 hf=98144 hm=96888 ht=283428 pf=0 pm=0 pt=0 ru=233404 rp=234660
18:00:24.769 @T t=377945 s=0.000 lv=-37.5 pk=-35.9 c0=7.7 c1=9.6 kw=9.18 inf=2.96 iv=1.28 n=3 d=0 sk=0 hf=98144 hm=96888 ht=283428 pf=0 pm=0 pt=0 ru=233404 rp=234660
18:00:24.769 @T t=378051 s=0.000 lv=-40.4 pk=-39.6 c0=4.3 c1=11.1 kw=11.04 inf=2.75 iv=1.30 n=4 d=0 sk=0 hf=98144 hm=96888 ht=283428 pf=0 pm=0 pt=0 ru=233404 rp=234660
18:00:24.769 @T t=378157 s=0.000 lv=-39.9 pk=-39.4 c0=4.2 c1=8.9 kw=8.71 inf=2.84 iv=1.23 n=3 d=0 sk=0 hf=98144 hm=96888 ht=283428 pf=0 pm=0 pt=0 ru=233404 rp=234660
18:00:24.769 @I ww=marvin cut=0.50 win=5 cool=1000 tick=100 wifi=0 srv=0 li=0 ln=0
18:00:24.769 @T t=378248 s=0.000 lv=-40.3 pk=-39.3 c0=5.3 c1=11.4 kw=11.09 inf=2.34 iv=1.14 n=4 d=0 sk=0 hf=98144 hm=96888 ht=283428 pf=0 pm=0 pt=0 ru=233404 rp=234660
18:00:24.769 @T t=378354 s=0.000 lv=-39.2 pk=-37.8 c0=6.0 c1=8.4 kw=8.27 inf=2.69 iv=1.11 n=3 d=0 sk=0 hf=98144 hm=96888 ht=283428 pf=0 pm=0 pt=0 ru=233404 rp=234660
18:00:24.769 @T t=378440 s=0.000 lv=-39.9 pk=-38.2 c0=4.0 c1=9.2 kw=8.99 inf=2.39 iv=1.11 n=3 d=0 sk=0 hf=98144 hm=96888 ht=283428 pf=0 pm=0 pt=0 ru=233404 rp=234660
18:00:24.769 @T t=378547 s=0.000 lv=-39.4 pk=-38.5 c0=5.0 c1=10.7 kw=10.43 inf=2.57 iv=1.11 n=4 d=0 sk=0 hf=98144 hm=96888 ht=283428 pf=0 pm=0 pt=0 ru=233404 rp=234660
18:00:24.769 @T t=378653 s=0.000 lv=-39.9 pk=-38.4 c0=3.8 c1=8.7 kw=8.50 inf=2.77 iv=1.17 n=3 d=0 sk=0 hf=98144 hm=96888 ht=283428 pf=0 pm=0 pt=0 ru=233404 rp=234660
18:00:24.769 @T t=378739 s=0.000 lv=-42.6 pk=-42.4 c0=4.0 c1=9.2 kw=9.05 inf=2.40 iv=1.14 n=3 d=0 sk=0 hf=98144 hm=96888 ht=283428 pf=0 pm=0 pt=0 ru=233404 rp=234660
18:00:24.769 @T t=378845 s=0.000 lv=-41.3 pk=-40.3 c0=3.3 c1=9.0 kw=8.57 inf=2.75 iv=1.15 n=3 d=0 sk=0 hf=98144 hm=96888 ht=283428 pf=0 pm=0 pt=0 ru=233404 rp=234660
18:00:24.769 @T t=378951 s=0.000 lv=-40.3 pk=-39.2 c0=7.1 c1=6.3 kw=5.80 inf=1.83 iv=0.00 n=0 d=0 sk=3 hf=98144 hm=96888 ht=283428 pf=0 pm=0 pt=0 ru=233404 rp=234660
18:00:24.769 @T t=379057 s=0.000 lv=-40.5 pk=-39.4 c0=3.1 c1=5.1 kw=4.96 inf=1.53 iv=0.00 n=0 d=0 sk=3 hf=98144 hm=96888 ht=283428 pf=0 pm=0 pt=0 ru=233404 rp=234660
18:00:24.769 @T t=379143 s=0.000 lv=-39.8 pk=-38.5 c0=7.7 c1=5.0 kw=4.86 inf=1.82 iv=0.00 n=0 d=0 sk=2 hf=98144 hm=96888 ht=283428 pf=0 pm=0 pt=0 ru=233404 rp=234660
18:00:24.769 @I ww=marvin cut=0.50 win=5 cool=1000 tick=100 wifi=0 srv=0 li=0 ln=0
18:00:24.769 @T t=379255 s=0.000 lv=-39.9 pk=-39.0 c0=10.8 c1=5.7 kw=5.58 inf=1.36 iv=0.00 n=0 d=0 sk=4 hf=98144 hm=96888 ht=283428 pf=0 pm=0 pt=0 ru=233404 rp=234660
18:00:24.769 @T t=379341 s=0.000 lv=-41.4 pk=-40.3 c0=9.7 c1=5.4 kw=5.01 inf=1.88 iv=0.00 n=0 d=0 sk=2 hf=98144 hm=96888 ht=283428 pf=0 pm=0 pt=0 ru=233404 rp=234660
18:00:24.769 @T t=379447 s=0.000 lv=-40.3 pk=-38.4 c0=5.1 c1=5.8 kw=6.00 inf=1.39 iv=0.00 n=0 d=0 sk=4 hf=97732 hm=96888 ht=283428 pf=0 pm=0 pt=0 ru=233816 rp=234660
18:00:24.769 @T t=379556 s=0.000 lv=-40.2 pk=-37.9 c0=4.1 c1=7.1 kw=4.89 inf=1.54 iv=0.00 n=0 d=0 sk=3 hf=98144 hm=96888 ht=283428 pf=0 pm=0 pt=0 ru=233404 rp=234660
18:00:24.769 @T t=379642 s=0.000 lv=-43.0 pk=-40.6 c0=3.9 c1=5.0 kw=4.91 inf=1.84 iv=0.00 n=0 d=0 sk=2 hf=98144 hm=96888 ht=283428 pf=0 pm=0 pt=0 ru=233404 rp=234660
18:00:24.769 @T t=379748 s=0.000 lv=-42.5 pk=-41.2 c0=3.7 c1=6.1 kw=5.88 inf=1.36 iv=0.00 n=0 d=0 sk=4 hf=98144 hm=96888 ht=283428 pf=0 pm=0 pt=0 ru=233404 rp=234660
18:00:24.769 @T t=379854 s=0.000 lv=-40.5 pk=-39.2 c0=4.0 c1=5.2 kw=5.01 inf=1.54 iv=0.00 n=0 d=0 sk=3 hf=98144 hm=96888 ht=283428 pf=0 pm=0 pt=0 ru=233404 rp=234660
18:00:24.769 @T t=379940 s=0.000 lv=-40.8 pk=-39.5 c0=4.8 c1=5.1 kw=4.98 inf=1.86 iv=0.00 n=0 d=0 sk=2 hf=98144 hm=96888 ht=283428 pf=0 pm=0 pt=0 ru=233404 rp=234660
18:00:24.769 @T t=380046 s=0.000 lv=-40.3 pk=-39.1 c0=3.9 c1=6.1 kw=5.96 inf=1.38 iv=0.00 n=0 d=0 sk=4 hf=98144 hm=96888 ht=283428 pf=0 pm=0 pt=0 ru=233404 rp=234660
18:00:24.769 @T t=380152 s=0.000 lv=-41.5 pk=-40.6 c0=3.2 c1=5.0 kw=4.93 inf=1.52 iv=0.00 n=0 d=0 sk=3 hf=98144 hm=96888 ht=283428 pf=0 pm=0 pt=0 ru=233404 rp=234660
18:00:24.769 @I ww=marvin cut=0.50 win=5 cool=1000 tick=100 wifi=0 srv=0 li=0 ln=0
18:00:24.769 @T t=380244 s=0.000 lv=-40.2 pk=-39.3 c0=5.3 c1=4.8 kw=4.61 inf=1.85 iv=0.00 n=0 d=0 sk=2 hf=98144 hm=96888 ht=283428 pf=0 pm=0 pt=0 ru=233404 rp=234660
18:00:27.072 @T t=380350 s=0.000 lv=-38.9 pk=-38.1 c0=3.9 c1=6.2 kw=6.04 inf=1.40 iv=0.00 n=0 d=0 sk=4 hf=98144 hm=96888 ht=283428 pf=0 pm=0 pt=0 ru=233404 rp=234660
18:00:27.072 @T t=380456 s=0.000 lv=-39.6 pk=-38.3 c0=7.7 c1=5.9 kw=5.01 inf=1.54 iv=0.00 n=0 d=0 sk=3 hf=98144 hm=96888 ht=283428 pf=0 pm=0 pt=0 ru=233404 rp=234660
18:00:27.072 @T t=380542 s=0.000 lv=-37.9 pk=-37.0 c0=8.3 c1=5.2 kw=5.07 inf=1.90 iv=0.00 n=0 d=0 sk=2 hf=98144 hm=96888 ht=283428 pf=0 pm=0 pt=0 ru=233404 rp=234660
18:00:27.072 @T t=380648 s=0.000 lv=-38.3 pk=-36.6 c0=3.9 c1=6.1 kw=5.95 inf=1.37 iv=0.00 n=0 d=0 sk=4 hf=98144 hm=96888 ht=283428 pf=0 pm=0 pt=0 ru=233404 rp=234660
18:00:27.072 @T t=380754 s=0.000 lv=-38.1 pk=-37.5 c0=3.1 c1=5.0 kw=4.92 inf=1.51 iv=0.00 n=0 d=0 sk=3 hf=98144 hm=96888 ht=283428 pf=0 pm=0 pt=0 ru=233404 rp=234660
18:00:27.072 @T t=380840 s=0.000 lv=-38.2 pk=-37.4 c0=7.7 c1=5.0 kw=4.87 inf=1.83 iv=0.00 n=0 d=0 sk=2 hf=98144 hm=96888 ht=283428 pf=0 pm=0 pt=0 ru=233404 rp=234660
18:00:27.072 @T t=380946 s=0.000 lv=-35.5 pk=-33.6 c0=3.1 c1=16.7 kw=15.38 inf=1.19 iv=0.89 n=12 d=0 sk=1 hf=98144 hm=96888 ht=283428 pf=0 pm=0 pt=0 ru=233404 rp=234660
18:00:27.072 @T t=381052 s=0.000 lv=-39.9 pk=-38.6 c0=3.8 c1=10.0 kw=10.48 inf=3.46 iv=1.54 n=3 d=0 sk=0 hf=98144 hm=96888 ht=283428 pf=0 pm=0 pt=0 ru=233404 rp=234660
18:00:27.072 @T t=381158 s=0.002 lv=-40.8 pk=-39.5 c0=3.3 c1=9.7 kw=9.48 inf=2.34 iv=1.14 n=4 d=0 sk=0 hf=98144 hm=96888 ht=283428 pf=0 pm=0 pt=0 ru=233404 rp=234660
18:00:27.072 @I ww=marvin cut=0.50 win=5 cool=1000 tick=100 wifi=0 srv=0 li=0 ln=0
18:00:27.073 @T t=381250 s=0.003 lv=-39.5 pk=-38.2 c0=4.7 c1=10.1 kw=9.83 inf=2.78 iv=1.17 n=3 d=0 sk=0 hf=98144 hm=96888 ht=283428 pf=0 pm=0 pt=0 ru=233404 rp=234660
18:00:27.073 @T t=381356 s=0.002 lv=-38.6 pk=-36.5 c0=3.3 c1=8.7 kw=8.54 inf=2.78 iv=1.19 n=3 d=0 sk=0 hf=98144 hm=96888 ht=283428 pf=0 pm=0 pt=0 ru=233404 rp=234660
18:00:27.073 @T t=381442 s=0.004 lv=-41.0 pk=-39.9 c0=7.9 c1=9.6 kw=9.37 inf=2.49 iv=1.20 n=3 d=0 sk=0 hf=98144 hm=96888 ht=283428 pf=0 pm=0 pt=0 ru=233404 rp=234660
18:00:27.073 [status] up 381s | mic -39.1 dBFS (peak -30.3) | score max 0.03 | detections 0 | inferences 274 (27.4/s; model 1.19 ms each, paused in quiet 18%; features 1.43 ms per 30 ms) | CPU core0  5.1% core1  9.0% (wake word pipeline 8.77% of one core) | RAM used 227 KB (peak 229 KB, 95 KB free) | wifi --, server -- | audio lost since boot: i2s 0 net 0
18:00:27.073 @T t=381551 s=0.003 lv=-36.6 pk=-33.9 c0=25.2 c1=12.0 kw=11.01 inf=2.78 iv=1.29 n=4 d=0 sk=0 hf=98144 hm=96888 ht=283428 pf=0 pm=0 pt=0 ru=233404 rp=234660
18:00:27.073 @T t=381657 s=0.000 lv=-35.8 pk=-33.7 c0=6.5 c1=8.6 kw=8.44 inf=2.75 iv=1.15 n=3 d=0 sk=0 hf=98144 hm=96888 ht=283428 pf=0 pm=0 pt=0 ru=233404 rp=234660
18:00:27.073 @T t=381743 s=0.000 lv=-36.6 pk=-36.1 c0=6.8 c1=10.3 kw=9.94 inf=2.65 iv=1.32 n=3 d=0 sk=0 hf=98144 hm=96888 ht=283428 pf=0 pm=0 pt=0 ru=233404 rp=234660
18:00:27.073 @T t=381851 s=0.000 lv=-40.0 pk=-38.1 c0=4.6 c1=11.2 kw=10.97 inf=2.74 iv=1.27 n=4 d=0 sk=0 hf=98144 hm=96888 ht=283428 pf=0 pm=0 pt=0 ru=233404 rp=234660
18:00:27.073 @T t=381940 s=0.000 lv=-40.8 pk=-38.7 c0=4.0 c1=9.1 kw=8.92 inf=2.46 iv=1.18 n=3 d=0 sk=0 hf=98144 hm=96888 ht=283428 pf=0 pm=0 pt=0 ru=233404 rp=234660
18:00:27.073 @T t=382046 s=0.000 lv=-39.1 pk=-37.2 c0=7.4 c1=10.1 kw=8.71 inf=2.79 iv=1.18 n=3 d=0 sk=0 hf=98144 hm=96888 ht=283428 pf=0 pm=0 pt=0 ru=233404 rp=234660
18:00:27.073 @T t=382152 s=0.000 lv=-41.1 pk=-38.8 c0=4.2 c1=9.9 kw=10.29 inf=2.55 iv=1.11 n=4 d=0 sk=0 hf=98144 hm=96888 ht=283428 pf=0 pm=0 pt=0 ru=233404 rp=234660
18:00:27.073 @I ww=marvin cut=0.50 win=5 cool=1000 tick=100 wifi=0 srv=0 li=0 ln=0
18:00:27.073 @T t=382243 s=0.000 lv=-41.4 pk=-40.6 c0=5.7 c1=9.2 kw=9.02 inf=2.54 iv=1.24 n=3 d=0 sk=0 hf=98144 hm=96888 ht=283428 pf=0 pm=0 pt=0 ru=233404 rp=234660
18:00:27.073 @T t=382352 s=0.000 lv=-39.5 pk=-38.2 c0=3.9 c1=10.8 kw=10.59 inf=2.67 iv=1.20 n=4 d=0 sk=0 hf=98144 hm=96888 ht=283428 pf=0 pm=0 pt=0 ru=233404 rp=234660
18:00:27.073 @T t=382458 s=0.000 lv=-41.5 pk=-40.9 c0=4.9 c1=9.7 kw=8.72 inf=2.84 iv=1.23 n=3 d=0 sk=0 hf=98144 hm=96888 ht=283428 pf=0 pm=0 pt=0 ru=233404 rp=234660
18:00:27.073 @T t=382547 s=0.000 lv=-40.0 pk=-38.0 c0=3.8 c1=10.3 kw=10.14 inf=2.77 iv=1.17 n=3 d=0 sk=0 hf=98144 hm=96888 ht=283428 pf=0 pm=0 pt=0 ru=233404 rp=234660
18:00:29.568 @T t=382653 s=0.000 lv=-39.7 pk=-38.0 c0=4.1 c1=9.6 kw=9.34 inf=2.30 iv=1.10 n=4 d=0 sk=0 hf=98144 hm=96888 ht=283428 pf=0 pm=0 pt=0 ru=233404 rp=234660
18:00:29.568 @T t=382739 s=0.000 lv=-37.0 pk=-36.0 c0=5.2 c1=8.4 kw=8.16 inf=3.21 iv=1.24 n=2 d=0 sk=0 hf=98144 hm=96888 ht=283428 pf=0 pm=0 pt=0 ru=233404 rp=234660
18:00:29.568 @T t=382845 s=0.000 lv=-38.3 pk=-37.0 c0=4.3 c1=10.4 kw=10.00 inf=2.43 iv=1.20 n=4 d=0 sk=0 hf=98144 hm=96888 ht=283428 pf=0 pm=0 pt=0 ru=233404 rp=234660
18:00:29.568 @T t=382951 s=0.000 lv=-40.8 pk=-39.4 c0=4.5 c1=11.3 kw=10.77 inf=2.67 iv=1.21 n=4 d=0 sk=0 hf=98144 hm=96888 ht=283428 pf=0 pm=0 pt=0 ru=233404 rp=234660
18:00:29.568 @T t=383057 s=0.000 lv=-40.7 pk=-39.0 c0=4.3 c1=9.0 kw=8.74 inf=2.85 iv=1.25 n=3 d=0 sk=0 hf=98144 hm=96888 ht=283428 pf=0 pm=0 pt=0 ru=233404 rp=234660
18:00:29.568 @T t=383143 s=0.000 lv=-38.1 pk=-37.5 c0=4.1 c1=9.3 kw=9.16 inf=2.44 iv=1.15 n=3 d=0 sk=0 hf=98144 hm=96888 ht=283428 pf=0 pm=0 pt=0 ru=233404 rp=234660
18:00:29.568 @I ww=marvin cut=0.50 win=5 cool=1000 tick=100 wifi=0 srv=0 li=0 ln=0
18:00:29.568 @T t=383257 s=0.000 lv=-38.2 pk=-37.5 c0=3.6 c1=7.9 kw=7.75 inf=1.99 iv=1.16 n=2 d=0 sk=2 hf=98144 hm=96888 ht=283428 pf=0 pm=0 pt=0 ru=233404 rp=234660
18:00:29.568 @T t=383343 s=0.000 lv=-40.1 pk=-39.6 c0=7.2 c1=5.0 kw=4.87 inf=1.82 iv=0.00 n=0 d=0 sk=2 hf=98144 hm=96888 ht=283428 pf=0 pm=0 pt=0 ru=233404 rp=234660
18:00:29.568 @T t=383449 s=0.000 lv=-40.2 pk=-39.1 c0=6.6 c1=6.1 kw=5.92 inf=1.37 iv=0.00 n=0 d=0 sk=4 hf=98144 hm=96888 ht=283428 pf=0 pm=0 pt=0 ru=233404 rp=234660
18:00:29.568 @T t=383555 s=0.000 lv=-39.7 pk=-38.9 c0=3.7 c1=6.0 kw=5.05 inf=1.56 iv=0.00 n=0 d=0 sk=3 hf=98144 hm=96888 ht=283428 pf=0 pm=0 pt=0 ru=233404 rp=234660
18:00:29.568 @T t=383641 s=0.000 lv=-40.8 pk=-39.3 c0=7.9 c1=4.9 kw=4.82 inf=1.80 iv=0.00 n=0 d=0 sk=2 hf=98144 hm=96888 ht=283428 pf=0 pm=0 pt=0 ru=233404 rp=234660
18:00:29.568 @T t=383747 s=0.000 lv=-38.0 pk=-35.1 c0=3.1 c1=7.3 kw=5.03 inf=1.13 iv=0.00 n=1 d=0 sk=3 hf=98144 hm=96888 ht=283428 pf=0 pm=0 pt=0 ru=233404 rp=234660
18:00:29.568 @T t=383853 s=0.000 lv=-36.8 pk=-33.4 c0=3.9 c1=17.5 kw=19.18 inf=1.64 iv=1.15 n=12 d=0 sk=0 hf=98144 hm=96888 ht=283428 pf=0 pm=0 pt=0 ru=233404 rp=234660
18:00:29.568 @T t=383939 s=0.000 lv=-41.4 pk=-40.5 c0=4.1 c1=9.3 kw=9.23 inf=2.45 iv=1.18 n=3 d=0 sk=0 hf=98144 hm=96888 ht=283428 pf=0 pm=0 pt=0 ru=233404 rp=234660
18:00:29.568 @T t=384045 s=0.000 lv=-40.7 pk=-39.1 c0=3.3 c1=9.0 kw=8.64 inf=2.77 iv=1.18 n=3 d=0 sk=0 hf=98144 hm=96888 ht=283428 pf=0 pm=0 pt=0 ru=233404 rp=234660
18:00:29.568 @T t=384151 s=0.000 lv=-42.0 pk=-40.1 c0=5.1 c1=10.8 kw=10.64 inf=2.64 iv=1.19 n=4 d=0 sk=0 hf=98144 hm=96888 ht=283428 pf=0 pm=0 pt=0 ru=233404 rp=234660
18:00:29.568 @I ww=marvin cut=0.50 win=5 cool=1000 tick=100 wifi=0 srv=0 li=0 ln=0
18:00:29.568 @T t=384242 s=0.000 lv=-41.7 pk=-40.5 c0=4.8 c1=8.8 kw=8.63 inf=2.43 iv=1.16 n=3 d=0 sk=0 hf=98144 hm=96888 ht=283428 pf=0 pm=0 pt=0 ru=233404 rp=234660
18:00:29.568 @T t=384349 s=0.000 lv=-42.5 pk=-40.6 c0=4.1 c1=10.7 kw=10.44 inf=2.58 iv=1.16 n=4 d=0 sk=0 hf=98144 hm=96888 ht=283428 pf=0 pm=0 pt=0 ru=233404 rp=234660
18:00:29.568 @T t=384455 s=0.000 lv=-41.2 pk=-40.5 c0=4.7 c1=9.7 kw=8.73 inf=2.84 iv=1.23 n=3 d=0 sk=0 hf=98144 hm=96888 ht=283428 pf=0 pm=0 pt=0 ru=233404 rp=234660
18:00:29.568 @T t=384541 s=0.000 lv=-40.7 pk=-39.4 c0=5.1 c1=9.9 kw=9.66 inf=2.57 iv=1.26 n=3 d=0 sk=0 hf=98144 hm=96888 ht=283428 pf=0 pm=0 pt=0 ru=233404 rp=234660
18:00:29.568 @T t=384647 s=0.000 lv=-41.7 pk=-40.5 c0=4.2 c1=11.0 kw=10.80 inf=2.65 iv=1.19 n=4 d=0 sk=0 hf=98144 hm=96888 ht=283428 pf=0 pm=0 pt=0 ru=233404 rp=234660
18:00:29.568 @T t=384753 s=0.000 lv=-42.2 pk=-41.2 c0=4.2 c1=8.6 kw=8.40 inf=2.73 iv=1.13 n=3 d=0 sk=0 hf=98144 hm=96888 ht=283428 pf=0 pm=0 pt=0 ru=233404 rp=234660
18:00:29.568 @T t=384839 s=0.000 lv=-41.4 pk=-40.1 c0=4.4 c1=9.3 kw=9.10 inf=2.42 iv=1.14 n=3 d=0 sk=0 hf=98144 hm=96888 ht=283428 pf=0 pm=0 pt=0 ru=233404 rp=234660
18:00:29.568 @T t=384945 s=0.000 lv=-40.6 pk=-39.6 c0=4.2 c1=9.3 kw=8.84 inf=2.84 iv=1.24 n=3 d=0 sk=0 hf=98144 hm=96888 ht=283428 pf=0 pm=0 pt=0 ru=233404 rp=234660
18:00:29.568 @T t=385054 s=0.000 lv=-40.3 pk=-39.3 c0=4.0 c1=10.7 kw=10.68 inf=2.73 iv=1.27 n=4 d=0 sk=0 hf=98144 hm=96888 ht=283428 pf=0 pm=0 pt=0 ru=233404 rp=234660
18:00:29.568 @T t=385140 s=0.000 lv=-38.4 pk=-37.0 c0=5.2 c1=9.7 kw=9.52 inf=2.53 iv=1.23 n=3 d=0 sk=0 hf=98144 hm=96888 ht=283428 pf=0 pm=0 pt=0 ru=233404 rp=234660
18:00:32.177 @I ww=marvin cut=0.50 win=5 cool=1000 tick=100 wifi=0 srv=0 li=0 ln=0
18:00:32.177 @T t=385251 s=0.000 lv=-39.9 pk=-39.1 c0=4.8 c1=10.7 kw=10.43 inf=2.68 iv=1.22 n=4 d=0 sk=0 hf=98144 hm=96888 ht=283428 pf=0 pm=0 pt=0 ru=233404 rp=234660
18:00:32.177 @T t=385357 s=0.000 lv=-41.1 pk=-39.0 c0=4.2 c1=8.8 kw=8.56 inf=2.78 iv=1.16 n=3 d=0 sk=0 hf=98144 hm=96888 ht=283428 pf=0 pm=0 pt=0 ru=233404 rp=234660
18:00:32.177 @T t=385443 s=0.000 lv=-41.1 pk=-40.2 c0=4.2 c1=5.0 kw=4.87 inf=1.83 iv=0.00 n=0 d=0 sk=2 hf=98144 hm=96888 ht=283428 pf=0 pm=0 pt=0 ru=233404 rp=234660
18:00:32.177 @T t=385548 s=0.000 lv=-39.4 pk=-37.4 c0=4.7 c1=6.3 kw=6.12 inf=1.40 iv=0.00 n=0 d=0 sk=4 hf=98144 hm=96888 ht=283428 pf=0 pm=0 pt=0 ru=233404 rp=234660
18:00:32.177 @T t=385654 s=0.000 lv=-39.1 pk=-37.3 c0=3.2 c1=5.0 kw=4.92 inf=1.52 iv=0.00 n=0 d=0 sk=3 hf=98144 hm=96888 ht=283428 pf=0 pm=0 pt=0 ru=233404 rp=234660
18:00:32.177 @T t=385740 s=0.000 lv=-42.3 pk=-41.8 c0=3.6 c1=4.9 kw=4.80 inf=1.80 iv=0.00 n=0 d=0 sk=2 hf=98144 hm=96888 ht=283428 pf=0 pm=0 pt=0 ru=233404 rp=234660
18:00:32.177 @T t=385846 s=0.000 lv=-41.3 pk=-39.5 c0=3.4 c1=6.1 kw=5.89 inf=1.36 iv=0.00 n=0 d=0 sk=4 hf=98144 hm=96888 ht=283428 pf=0 pm=0 pt=0 ru=233404 rp=234660
18:00:32.177 @T t=385952 s=0.000 lv=-39.3 pk=-36.6 c0=3.2 c1=5.1 kw=4.93 inf=1.52 iv=0.00 n=0 d=0 sk=3 hf=98144 hm=96888 ht=283428 pf=0 pm=0 pt=0 ru=233404 rp=234660
18:00:32.177 @T t=386058 s=0.000 lv=-39.2 pk=-38.2 c0=6.3 c1=5.1 kw=4.95 inf=1.53 iv=0.00 n=0 d=0 sk=3 hf=98144 hm=96888 ht=283428 pf=0 pm=0 pt=0 ru=233404 rp=234660
18:00:32.177 @T t=386144 s=0.000 lv=-39.5 pk=-39.0 c0=7.8 c1=5.0 kw=4.86 inf=1.82 iv=0.00 n=0 d=0 sk=2 hf=98144 hm=96888 ht=283428 pf=0 pm=0 pt=0 ru=233404 rp=234660
18:00:32.177 @I ww=marvin cut=0.50 win=5 cool=1000 tick=100 wifi=0 srv=0 li=0 ln=0
18:00:32.177 @T t=386256 s=0.000 lv=-41.4 pk=-40.8 c0=11.2 c1=5.8 kw=5.65 inf=1.38 iv=0.00 n=0 d=0 sk=4 hf=98144 hm=96888 ht=283428 pf=0 pm=0 pt=0 ru=233404 rp=234660
18:00:32.177 @T t=386342 s=0.000 lv=-43.2 pk=-41.8 c0=3.8 c1=5.0 kw=4.85 inf=1.81 iv=0.00 n=0 d=0 sk=2 hf=98144 hm=96888 ht=283428 pf=0 pm=0 pt=0 ru=233404 rp=234660
18:00:32.177 @T t=386448 s=0.000 lv=-40.8 pk=-39.7 c0=3.0 c1=6.0 kw=5.85 inf=1.35 iv=0.00 n=0 d=0 sk=4 hf=98144 hm=96888 ht=283428 pf=0 pm=0 pt=0 ru=233404 rp=234660
18:00:32.177 @T t=386554 s=0.002 lv=-37.3 pk=-35.0 c0=5.6 c1=17.0 kw=15.94 inf=1.25 iv=1.02 n=11 d=0 sk=2 hf=98144 hm=96888 ht=283428 pf=0 pm=0 pt=0 ru=233404 rp=234660
18:00:32.177 @T t=386643 s=0.002 lv=-36.8 pk=-35.3 c0=4.5 c1=7.9 kw=7.75 inf=3.16 iv=1.23 n=2 d=0 sk=0 hf=98144 hm=96888 ht=283428 pf=0 pm=0 pt=0 ru=233404 rp=234660
18:00:32.177 @T t=386749 s=0.002 lv=-36.4 pk=-33.9 c0=4.2 c1=11.3 kw=11.05 inf=2.71 iv=1.24 n=4 d=0 sk=0 hf=98144 hm=96888 ht=283428 pf=0 pm=0 pt=0 ru=233404 rp=234660
18:00:32.177 @T t=386854 s=0.000 lv=-39.9 pk=-37.8 c0=4.2 c1=10.3 kw=10.04 inf=2.45 iv=1.23 n=4 d=0 sk=0 hf=98144 hm=96888 ht=283428 pf=0 pm=0 pt=0 ru=233404 rp=234660
18:00:32.177 @T t=386940 s=0.000 lv=-36.3 pk=-34.2 c0=5.1 c1=8.6 kw=8.43 inf=3.33 iv=1.35 n=2 d=0 sk=0 hf=98144 hm=96888 ht=283428 pf=0 pm=0 pt=0 ru=233404 rp=234660
18:00:32.177 @T t=387046 s=0.000 lv=-38.3 pk=-36.7 c0=4.2 c1=11.1 kw=10.83 inf=2.66 iv=1.19 n=4 d=0 sk=0 hf=98144 hm=96888 ht=283428 pf=0 pm=0 pt=0 ru=233404 rp=234660
18:00:32.177 @T t=387152 s=0.000 lv=-39.5 pk=-38.5 c0=4.2 c1=10.1 kw=9.88 inf=2.44 iv=1.22 n=4 d=0 sk=0 hf=98144 hm=96888 ht=283428 pf=0 pm=0 pt=0 ru=233404 rp=234660
18:00:32.177 @I ww=marvin cut=0.50 win=5 cool=1000 tick=100 wifi=0 srv=0 li=0 ln=0
18:00:32.177 @T t=387243 s=0.000 lv=-39.1 pk=-38.4 c0=5.1 c1=7.9 kw=7.70 inf=3.22 iv=1.27 n=2 d=0 sk=0 hf=98144 hm=96888 ht=283428 pf=0 pm=0 pt=0 ru=233404 rp=234660
18:00:32.177 @T t=387352 s=0.000 lv=-38.5 pk=-35.7 c0=9.5 c1=10.9 kw=10.68 inf=2.69 iv=1.23 n=4 d=0 sk=0 hf=98144 hm=96888 ht=283428 pf=0 pm=0 pt=0 ru=233404 rp=234660
18:00:32.177 @T t=387458 s=0.000 lv=-39.4 pk=-38.1 c0=4.7 c1=10.9 kw=9.93 inf=2.45 iv=1.23 n=4 d=0 sk=0 hf=98144 hm=96888 ht=283428 pf=0 pm=0 pt=0 ru=233404 rp=234660
18:00:32.177 @T t=387544 s=0.000 lv=-41.7 pk=-40.8 c0=5.3 c1=8.9 kw=8.65 inf=3.43 iv=1.46 n=2 d=0 sk=0 hf=98144 hm=96888 ht=283428 pf=0 pm=0 pt=0 ru=233404 rp=234660
18:00:32.177 @T t=387652 s=0.000 lv=-39.0 pk=-37.6 c0=4.0 c1=11.3 kw=11.00 inf=2.75 iv=1.25 n=4 d=0 sk=0 hf=98144 hm=96888 ht=283428 pf=0 pm=0 pt=0 ru=233404 rp=234660
18:00:34.563 @T t=387758 s=0.000 lv=-40.0 pk=-38.2 c0=4.2 c1=10.2 kw=9.94 inf=2.46 iv=1.24 n=4 d=0 sk=0 hf=98144 hm=96888 ht=283428 pf=0 pm=0 pt=0 ru=233404 rp=234660
18:00:34.563 @T t=387843 s=0.000 lv=-40.1 pk=-39.1 c0=4.6 c1=8.5 kw=8.33 inf=3.26 iv=1.33 n=2 d=0 sk=0 hf=98144 hm=96888 ht=283428 pf=0 pm=0 pt=0 ru=233404 rp=234660
18:00:34.563 @T t=387952 s=0.000 lv=-39.0 pk=-36.8 c0=3.7 c1=10.9 kw=10.62 inf=2.68 iv=1.21 n=4 d=0 sk=0 hf=98144 hm=96888 ht=283428 pf=0 pm=0 pt=0 ru=233404 rp=234660
18:00:34.563 @T t=388058 s=0.000 lv=-39.0 pk=-37.1 c0=3.3 c1=9.7 kw=9.53 inf=2.35 iv=1.15 n=4 d=0 sk=0 hf=98144 hm=96888 ht=283428 pf=0 pm=0 pt=0 ru=233404 rp=234660
18:00:34.563 @T t=388144 s=0.000 lv=-41.3 pk=-40.5 c0=8.0 c1=8.1 kw=7.92 inf=3.12 iv=1.22 n=2 d=0 sk=0 hf=98144 hm=96888 ht=283428 pf=0 pm=0 pt=0 ru=233404 rp=234660
18:00:34.563 @I ww=marvin cut=0.50 win=5 cool=1000 tick=100 wifi=0 srv=0 li=0 ln=0
18:00:34.563 @T t=388239 s=0.000 lv=-39.7 pk=-37.4 c0=16.4 c1=11.2 kw=10.90 inf=2.40 iv=1.18 n=4 d=0 sk=0 hf=98144 hm=96888 ht=283428 pf=0 pm=0 pt=0 ru=233404 rp=234660
18:00:34.563 @T t=388345 s=0.000 lv=-40.1 pk=-38.4 c0=3.3 c1=8.8 kw=8.44 inf=2.70 iv=1.12 n=3 d=0 sk=0 hf=98144 hm=96888 ht=283428 pf=0 pm=0 pt=0 ru=233404 rp=234660
18:00:34.563 @T t=388451 s=0.000 lv=-41.0 pk=-39.3 c0=3.3 c1=10.5 kw=10.44 inf=2.59 iv=1.18 n=4 d=0 sk=0 hf=98144 hm=96888 ht=283428 pf=0 pm=0 pt=0 ru=233404 rp=234660
18:00:34.563 @T t=388539 s=0.000 lv=-39.6 pk=-38.5 c0=5.6 c1=9.2 kw=8.94 inf=2.43 iv=1.15 n=3 d=0 sk=0 hf=98144 hm=96888 ht=283428 pf=0 pm=0 pt=0 ru=233404 rp=234660
18:00:34.564 @T t=388645 s=0.000 lv=-37.1 pk=-34.3 c0=3.8 c1=9.1 kw=8.68 inf=2.78 iv=1.17 n=3 d=0 sk=0 hf=98144 hm=96888 ht=283428 pf=0 pm=0 pt=0 ru=233404 rp=234660
18:00:34.564 @T t=388753 s=0.000 lv=-38.5 pk=-37.2 c0=8.2 c1=10.5 kw=10.44 inf=2.64 iv=1.22 n=4 d=0 sk=0 hf=98144 hm=96888 ht=283428 pf=0 pm=0 pt=0 ru=233404 rp=234660
18:00:34.564 @T t=388839 s=0.000 lv=-38.6 pk=-37.6 c0=4.0 c1=9.1 kw=8.94 inf=2.37 iv=1.10 n=3 d=0 sk=0 hf=98144 hm=96888 ht=283428 pf=0 pm=0 pt=0 ru=233404 rp=234660
18:00:34.564 W (389325) wifi: cannot connect (reason 201). Check the name/password in menuconfig; the ESP32 needs a 2.4 GHz network (201 = network not found, 15/204 = wrong password)
18:00:34.564 @T t=388947 s=0.000 lv=-38.1 pk=-35.8 c0=6.0 c1=10.4 kw=8.29 inf=2.69 iv=1.09 n=3 d=0 sk=0 hf=98132 hm=96888 ht=283428 pf=0 pm=0 pt=0 ru=233416 rp=234660
18:00:34.564 @T t=389046 s=0.000 lv=-39.9 pk=-38.5 c0=5.5 c1=9.8 kw=9.88 inf=2.27 iv=0.99 n=4 d=0 sk=0 hf=98144 hm=96888 ht=283428 pf=0 pm=0 pt=0 ru=233404 rp=234660
18:00:34.564 @T t=389152 s=0.000 lv=-38.5 pk=-36.4 c0=4.1 c1=10.3 kw=10.68 inf=3.53 iv=1.61 n=3 d=0 sk=0 hf=98144 hm=96888 ht=283428 pf=0 pm=0 pt=0 ru=233404 rp=234660
18:00:34.564 @I ww=marvin cut=0.50 win=5 cool=1000 tick=100 wifi=0 srv=0 li=0 ln=0
18:00:34.564 @T t=389243 s=0.000 lv=-39.1 pk=-37.9 c0=5.8 c1=9.3 kw=9.04 inf=2.54 iv=1.24 n=3 d=0 sk=0 hf=98144 hm=96888 ht=283428 pf=0 pm=0 pt=0 ru=233404 rp=234660
18:00:34.564 @T t=389351 s=0.000 lv=-39.9 pk=-39.5 c0=9.0 c1=11.0 kw=10.79 inf=2.69 iv=1.22 n=4 d=0 sk=0 hf=98144 hm=96888 ht=283428 pf=0 pm=0 pt=0 ru=233404 rp=234660
18:00:34.564 @T t=389457 s=0.000 lv=-40.6 pk=-39.5 c0=4.2 c1=8.8 kw=8.55 inf=2.78 iv=1.18 n=3 d=0 sk=0 hf=98144 hm=96888 ht=283428 pf=0 pm=0 pt=0 ru=233404 rp=234660
18:00:34.564 @T t=389543 s=0.000 lv=-41.7 pk=-40.7 c0=4.8 c1=10.5 kw=9.46 inf=2.52 iv=1.22 n=3 d=0 sk=0 hf=98144 hm=96888 ht=283428 pf=0 pm=0 pt=0 ru=233404 rp=234660
18:00:34.564 @T t=389649 s=0.000 lv=-41.0 pk=-39.0 c0=7.4 c1=11.3 kw=11.03 inf=2.71 iv=1.24 n=4 d=0 sk=0 hf=98144 hm=96888 ht=283428 pf=0 pm=0 pt=0 ru=233404 rp=234660
18:00:34.564 @T t=389755 s=0.000 lv=-40.6 pk=-39.1 c0=4.2 c1=9.2 kw=8.96 inf=2.92 iv=1.31 n=3 d=0 sk=0 hf=98144 hm=96888 ht=283428 pf=0 pm=0 pt=0 ru=233404 rp=234660
18:00:34.564 @T t=389841 s=0.000 lv=-40.7 pk=-38.9 c0=5.1 c1=10.1 kw=9.84 inf=2.62 iv=1.31 n=3 d=0 sk=0 hf=98144 hm=96888 ht=283428 pf=0 pm=0 pt=0 ru=233404 rp=234660
18:00:34.564 @T t=389947 s=0.000 lv=-38.1 pk=-36.9 c0=4.4 c1=11.2 kw=11.12 inf=2.73 iv=1.26 n=4 d=0 sk=0 hf=98144 hm=96888 ht=283428 pf=0 pm=0 pt=0 ru=233404 rp=234660
18:00:34.564 @T t=390053 s=0.000 lv=-39.0 pk=-37.4 c0=4.3 c1=8.8 kw=8.43 inf=2.74 iv=1.13 n=3 d=0 sk=0 hf=98144 hm=96888 ht=283428 pf=0 pm=0 pt=0 ru=233404 rp=234660
18:00:36.859 @T t=390139 s=0.000 lv=-38.7 pk=-37.8 c0=4.0 c1=9.3 kw=9.10 inf=2.42 iv=1.14 n=3 d=0 sk=0 hf=98144 hm=96888 ht=283428 pf=0 pm=0 pt=0 ru=233404 rp=234660
18:00:36.859 @I ww=marvin cut=0.50 win=5 cool=1000 tick=100 wifi=0 srv=0 li=0 ln=0
18:00:36.859 @T t=390251 s=0.000 lv=-38.1 pk=-36.3 c0=4.9 c1=8.5 kw=8.27 inf=2.11 iv=1.37 n=2 d=0 sk=2 hf=98144 hm=96888 ht=283428 pf=0 pm=0 pt=0 ru=233404 rp=234660
18:00:36.859 @T t=390357 s=0.000 lv=-39.4 pk=-37.9 c0=3.7 c1=5.1 kw=5.01 inf=1.55 iv=0.00 n=0 d=0 sk=3 hf=98144 hm=96888 ht=283428 pf=0 pm=0 pt=0 ru=233404 rp=234660
18:00:36.859 @T t=390443 s=0.000 lv=-38.2 pk=-37.8 c0=3.7 c1=5.0 kw=4.91 inf=1.84 iv=0.00 n=0 d=0 sk=2 hf=98144 hm=96888 ht=283428 pf=0 pm=0 pt=0 ru=233404 rp=234660
18:00:36.859 @T t=390549 s=0.000 lv=-36.9 pk=-35.7 c0=6.7 c1=6.9 kw=5.97 inf=1.38 iv=0.00 n=0 d=0 sk=4 hf=98144 hm=96888 ht=283428 pf=0 pm=0 pt=0 ru=233404 rp=234660
18:00:36.859 @T t=390655 s=0.000 lv=-39.9 pk=-38.1 c0=3.7 c1=5.1 kw=4.96 inf=1.53 iv=0.00 n=0 d=0 sk=3 hf=98144 hm=96888 ht=283428 pf=0 pm=0 pt=0 ru=233404 rp=234660
18:00:36.859 @T t=390741 s=0.000 lv=-40.2 pk=-38.4 c0=3.7 c1=5.0 kw=4.86 inf=1.82 iv=0.00 n=0 d=0 sk=2 hf=98144 hm=96888 ht=283428 pf=0 pm=0 pt=0 ru=233404 rp=234660
18:00:36.859 @T t=390847 s=0.000 lv=-40.0 pk=-39.0 c0=3.0 c1=6.0 kw=5.88 inf=1.36 iv=0.00 n=0 d=0 sk=4 hf=98144 hm=96888 ht=283428 pf=0 pm=0 pt=0 ru=233404 rp=234660
18:00:36.859 @T t=390953 s=0.000 lv=-40.3 pk=-38.8 c0=3.2 c1=5.0 kw=4.89 inf=1.51 iv=0.00 n=0 d=0 sk=3 hf=98144 hm=96888 ht=283428 pf=0 pm=0 pt=0 ru=233404 rp=234660
18:00:36.859 @T t=391039 s=0.000 lv=-39.9 pk=-38.5 c0=8.2 c1=5.0 kw=4.88 inf=1.83 iv=0.00 n=0 d=0 sk=2 hf=98144 hm=96888 ht=283428 pf=0 pm=0 pt=0 ru=233404 rp=234660
18:00:36.859 @T t=391145 s=0.000 lv=-39.6 pk=-37.2 c0=3.1 c1=5.4 kw=5.05 inf=1.52 iv=0.00 n=0 d=0 sk=3 hf=98144 hm=96888 ht=283428 pf=0 pm=0 pt=0 ru=233404 rp=234660
18:00:36.859 @I ww=marvin cut=0.50 win=5 cool=1000 tick=100 wifi=0 srv=0 li=0 ln=0
18:00:36.859 @T t=391257 s=0.000 lv=-39.4 pk=-38.8 c0=3.5 c1=5.9 kw=5.49 inf=1.83 iv=0.00 n=0 d=0 sk=3 hf=98144 hm=96888 ht=283428 pf=0 pm=0 pt=0 ru=233404 rp=234660
18:00:36.859 @T t=391343 s=0.000 lv=-39.9 pk=-38.5 c0=7.7 c1=5.0 kw=4.84 inf=1.82 iv=0.00 n=0 d=0 sk=2 hf=98144 hm=96888 ht=283428 pf=0 pm=0 pt=0 ru=233404 rp=234660
18:00:36.859 @T t=391449 s=0.000 lv=-39.1 pk=-36.1 c0=7.8 c1=6.4 kw=6.05 inf=1.40 iv=0.00 n=0 d=0 sk=4 hf=98144 hm=96888 ht=283428 pf=0 pm=0 pt=0 ru=233404 rp=234660
18:00:36.859 [status] up 391s | mic -39.4 dBFS (peak -33.4) | score max 0.00 | detections 0 | inferences 254 (25.4/s; model 1.20 ms each, paused in quiet 26%; features 1.40 ms per 30 ms) | CPU core0  5.2% core1  8.8% (wake word pipeline 8.52% of one core) | RAM used 227 KB (peak 229 KB, 95 KB free) | wifi --, server -- | audio lost since boot: i2s 0 net 0
18:00:36.859 @T t=391557 s=0.000 lv=-39.5 pk=-36.8 c0=25.2 c1=5.9 kw=5.04 inf=1.58 iv=0.00 n=0 d=0 sk=3 hf=98144 hm=96888 ht=283428 pf=0 pm=0 pt=0 ru=233404 rp=234660
18:00:36.859 @T t=391644 s=0.000 lv=-38.5 pk=-37.5 c0=4.8 c1=5.1 kw=4.94 inf=1.87 iv=0.00 n=0 d=0 sk=2 hf=98144 hm=96888 ht=283428 pf=0 pm=0 pt=0 ru=233404 rp=234660
18:00:36.859 @T t=391753 s=0.000 lv=-40.3 pk=-38.9 c0=9.2 c1=6.0 kw=5.84 inf=1.39 iv=0.00 n=0 d=0 sk=4 hf=98144 hm=96888 ht=283428 pf=0 pm=0 pt=0 ru=233404 rp=234660
18:00:36.859 @T t=391839 s=0.000 lv=-41.2 pk=-40.7 c0=3.9 c1=4.9 kw=4.83 inf=1.81 iv=0.00 n=0 d=0 sk=2 hf=98144 hm=96888 ht=283428 pf=0 pm=0 pt=0 ru=233404 rp=234660
18:00:36.859 @T t=391945 s=0.000 lv=-40.6 pk=-39.9 c0=3.9 c1=5.5 kw=5.13 inf=1.54 iv=0.00 n=0 d=0 sk=3 hf=98144 hm=96888 ht=283428 pf=0 pm=0 pt=0 ru=233404 rp=234660
18:00:36.859 @T t=392051 s=0.000 lv=-39.8 pk=-38.8 c0=7.5 c1=6.4 kw=5.87 inf=1.85 iv=0.00 n=0 d=0 sk=3 hf=98144 hm=96888 ht=283428 pf=0 pm=0 pt=0 ru=233404 rp=234660
18:00:36.859 @T t=392157 s=0.000 lv=-39.9 pk=-38.6 c0=4.0 c1=5.2 kw=5.04 inf=1.55 iv=0.00 n=0 d=0 sk=3 hf=98144 hm=96888 ht=283428 pf=0 pm=0 pt=0 ru=233404 rp=234660
18:00:36.859 @I ww=marvin cut=0.50 win=5 cool=1000 tick=100 wifi=0 srv=0 li=0 ln=0
18:00:36.859 @T t=392249 s=0.000 lv=-40.5 pk=-39.4 c0=5.4 c1=6.0 kw=5.78 inf=1.55 iv=0.00 n=0 d=0 sk=3 hf=98144 hm=96888 ht=283428 pf=0 pm=0 pt=0 ru=233404 rp=234660
18:00:36.859 @T t=392355 s=0.000 lv=-40.0 pk=-37.9 c0=3.9 c1=5.2 kw=5.05 inf=1.55 iv=0.00 n=0 d=0 sk=3 hf=98144 hm=96888 ht=283428 pf=0 pm=0 pt=0 ru=233404 rp=234660
18:00:39.468 @T t=392441 s=0.000 lv=-41.3 pk=-39.1 c0=4.0 c1=5.0 kw=4.86 inf=1.82 iv=0.00 n=0 d=0 sk=2 hf=98144 hm=96888 ht=283428 pf=0 pm=0 pt=0 ru=233404 rp=234660
18:00:39.469 @T t=392547 s=0.000 lv=-40.8 pk=-38.8 c0=7.0 c1=7.1 kw=6.11 inf=1.41 iv=0.00 n=0 d=0 sk=4 hf=98144 hm=96888 ht=283428 pf=0 pm=0 pt=0 ru=233404 rp=234660
18:00:39.469 @T t=392653 s=0.000 lv=-39.9 pk=-38.5 c0=4.3 c1=5.2 kw=5.04 inf=1.55 iv=0.00 n=0 d=0 sk=3 hf=98144 hm=96888 ht=283428 pf=0 pm=0 pt=0 ru=233404 rp=234660
18:00:39.469 @T t=392739 s=0.000 lv=-38.2 pk=-35.8 c0=4.4 c1=5.1 kw=4.98 inf=1.87 iv=0.00 n=0 d=0 sk=2 hf=98144 hm=96888 ht=283428 pf=0 pm=0 pt=0 ru=233404 rp=234660
18:00:39.469 @T t=392845 s=0.000 lv=-38.5 pk=-37.4 c0=3.1 c1=5.4 kw=5.07 inf=1.53 iv=0.00 n=0 d=0 sk=3 hf=98144 hm=96888 ht=283428 pf=0 pm=0 pt=0 ru=233404 rp=234660
18:00:39.469 @T t=392951 s=0.000 lv=-39.5 pk=-38.5 c0=6.4 c1=6.2 kw=5.78 inf=1.82 iv=0.00 n=0 d=0 sk=3 hf=98144 hm=96888 ht=283428 pf=0 pm=0 pt=0 ru=233404 rp=234660
18:00:39.469 @T t=393058 s=0.000 lv=-40.8 pk=-40.2 c0=3.4 c1=5.0 kw=4.83 inf=1.50 iv=0.00 n=0 d=0 sk=3 hf=98144 hm=96888 ht=283428 pf=0 pm=0 pt=0 ru=233404 rp=234660
18:00:39.469 @T t=393144 s=0.000 lv=-38.7 pk=-37.5 c0=3.7 c1=5.1 kw=4.96 inf=1.86 iv=0.00 n=0 d=0 sk=2 hf=98144 hm=96888 ht=283428 pf=0 pm=0 pt=0 ru=233404 rp=234660
18:00:39.469 @I ww=marvin cut=0.50 win=5 cool=1000 tick=100 wifi=0 srv=0 li=0 ln=0
18:00:39.469 @T t=393256 s=0.000 lv=-39.9 pk=-38.7 c0=10.9 c1=5.8 kw=5.60 inf=1.37 iv=0.00 n=0 d=0 sk=4 hf=98144 hm=96888 ht=283428 pf=0 pm=0 pt=0 ru=233404 rp=234660
18:00:39.469 @T t=393342 s=0.000 lv=-37.2 pk=-36.1 c0=3.7 c1=5.0 kw=4.86 inf=1.82 iv=0.00 n=0 d=0 sk=2 hf=98144 hm=96888 ht=283428 pf=0 pm=0 pt=0 ru=233404 rp=234660
18:00:39.469 @T t=393448 s=0.000 lv=-39.1 pk=-37.0 c0=3.4 c1=6.1 kw=5.94 inf=1.37 iv=0.00 n=0 d=0 sk=4 hf=98144 hm=96888 ht=283428 pf=0 pm=0 pt=0 ru=233404 rp=234660
18:00:39.469 @T t=393554 s=0.000 lv=-40.1 pk=-38.6 c0=3.8 c1=5.8 kw=4.98 inf=1.53 iv=0.00 n=0 d=0 sk=3 hf=98144 hm=96888 ht=283428 pf=0 pm=0 pt=0 ru=233404 rp=234660
18:00:39.469 @T t=393640 s=0.000 lv=-40.8 pk=-39.4 c0=4.0 c1=4.9 kw=4.84 inf=1.82 iv=0.00 n=0 d=0 sk=2 hf=98144 hm=96888 ht=283428 pf=0 pm=0 pt=0 ru=233404 rp=234660
18:00:39.469 @T t=393746 s=0.000 lv=-41.5 pk=-40.6 c0=3.0 c1=6.0 kw=5.87 inf=1.36 iv=0.00 n=0 d=0 sk=4 hf=98144 hm=96888 ht=283428 pf=0 pm=0 pt=0 ru=233404 rp=234660
18:00:39.469 @T t=393852 s=0.000 lv=-38.9 pk=-38.4 c0=5.2 c1=5.4 kw=5.09 inf=1.57 iv=0.00 n=0 d=0 sk=3 hf=98144 hm=96888 ht=283428 pf=0 pm=0 pt=0 ru=233404 rp=234660
18:00:39.469 @T t=393958 s=0.000 lv=-39.6 pk=-37.4 c0=4.2 c1=5.2 kw=5.04 inf=1.55 iv=0.00 n=0 d=0 sk=3 hf=98144 hm=96888 ht=283428 pf=0 pm=0 pt=0 ru=233404 rp=234660
18:00:39.469 @T t=394044 s=0.000 lv=-42.0 pk=-40.9 c0=4.8 c1=5.1 kw=4.97 inf=1.86 iv=0.00 n=0 d=0 sk=2 hf=98144 hm=96888 ht=283428 pf=0 pm=0 pt=0 ru=233404 rp=234660
18:00:39.469 @T t=394150 s=0.000 lv=-41.6 pk=-40.2 c0=3.9 c1=6.2 kw=6.03 inf=1.39 iv=0.00 n=0 d=0 sk=4 hf=98144 hm=96888 ht=283428 pf=0 pm=0 pt=0 ru=233404 rp=234660
18:00:39.469 @I ww=marvin cut=0.50 win=5 cool=1000 tick=100 wifi=0 srv=0 li=0 ln=0
18:00:39.469 @T t=394242 s=0.000 lv=-40.4 pk=-39.4 c0=4.6 c1=4.6 kw=4.53 inf=1.82 iv=0.00 n=0 d=0 sk=2 hf=98144 hm=96888 ht=283428 pf=0 pm=0 pt=0 ru=233404 rp=234660
18:00:39.469 @T t=394348 s=0.000 lv=-40.6 pk=-39.1 c0=3.7 c1=6.2 kw=6.00 inf=1.39 iv=0.00 n=0 d=0 sk=4 hf=98144 hm=96888 ht=283428 pf=0 pm=0 pt=0 ru=233404 rp=234660
18:00:39.469 @T t=394454 s=0.000 lv=-41.0 pk=-40.3 c0=3.9 c1=5.1 kw=4.99 inf=1.54 iv=0.00 n=0 d=0 sk=3 hf=98144 hm=96888 ht=283428 pf=0 pm=0 pt=0 ru=233404 rp=234660
18:00:39.469 @T t=394540 s=0.000 lv=-39.8 pk=-37.4 c0=6.8 c1=5.3 kw=5.14 inf=1.93 iv=0.00 n=0 d=0 sk=2 hf=98144 hm=96888 ht=283428 pf=0 pm=0 pt=0 ru=233404 rp=234660
18:00:39.469 @T t=394646 s=0.000 lv=-39.1 pk=-37.8 c0=4.0 c1=6.2 kw=6.00 inf=1.39 iv=0.00 n=0 d=0 sk=4 hf=98144 hm=96888 ht=283428 pf=0 pm=0 pt=0 ru=233404 rp=234660
18:00:39.469 @T t=394752 s=0.000 lv=-38.7 pk=-38.1 c0=3.9 c1=5.2 kw=5.04 inf=1.55 iv=0.00 n=0 d=0 sk=3 hf=98144 hm=96888 ht=283428 pf=0 pm=0 pt=0 ru=233404 rp=234660
18:00:39.469 @T t=394858 s=0.000 lv=-39.8 pk=-37.9 c0=4.1 c1=5.1 kw=4.98 inf=1.54 iv=0.00 n=0 d=0 sk=3 hf=98144 hm=96888 ht=283428 pf=0 pm=0 pt=0 ru=233404 rp=234660
18:00:39.469 @T t=394944 s=0.000 lv=-40.1 pk=-38.1 c0=3.9 c1=5.1 kw=4.97 inf=1.86 iv=0.00 n=0 d=0 sk=2 hf=98144 hm=96888 ht=283428 pf=0 pm=0 pt=0 ru=233404 rp=234660
18:00:41.965 @T t=395050 s=0.000 lv=-39.6 pk=-37.8 c0=3.9 c1=6.2 kw=5.98 inf=1.38 iv=0.00 n=0 d=0 sk=4 hf=98144 hm=96888 ht=283428 pf=0 pm=0 pt=0 ru=233404 rp=234660
18:00:41.965 @T t=395156 s=0.000 lv=-39.8 pk=-38.4 c0=3.7 c1=5.1 kw=4.96 inf=1.53 iv=0.00 n=0 d=0 sk=3 hf=98144 hm=96888 ht=283428 pf=0 pm=0 pt=0 ru=233404 rp=234660
18:00:41.965 @I ww=marvin cut=0.50 win=5 cool=1000 tick=100 wifi=0 srv=0 li=0 ln=0
18:00:41.965 @T t=395248 s=0.000 lv=-39.0 pk=-38.3 c0=4.4 c1=5.8 kw=5.70 inf=1.52 iv=0.00 n=0 d=0 sk=3 hf=98144 hm=96888 ht=283428 pf=0 pm=0 pt=0 ru=233404 rp=234660
18:00:41.965 @T t=395354 s=0.000 lv=-35.1 pk=-32.1 c0=6.3 c1=15.4 kw=15.21 inf=1.19 iv=0.97 n=11 d=0 sk=2 hf=98144 hm=96888 ht=283428 pf=0 pm=0 pt=0 ru=233404 rp=234660
18:00:41.965 @T t=395440 s=0.000 lv=-38.1 pk=-36.7 c0=7.4 c1=8.0 kw=7.80 inf=3.07 iv=1.17 n=2 d=0 sk=0 hf=98144 hm=96888 ht=283428 pf=0 pm=0 pt=0 ru=233404 rp=234660
18:00:41.965 @T t=395546 s=0.000 lv=-35.6 pk=-34.2 c0=5.1 c1=11.5 kw=11.20 inf=2.75 iv=1.29 n=4 d=0 sk=0 hf=98144 hm=96888 ht=283428 pf=0 pm=0 pt=0 ru=233404 rp=234660
18:00:41.965 @T t=395652 s=0.000 lv=-38.4 pk=-38.0 c0=3.3 c1=9.4 kw=9.24 inf=2.27 iv=1.08 n=4 d=0 sk=0 hf=98144 hm=96888 ht=283428 pf=0 pm=0 pt=0 ru=233404 rp=234660
18:00:41.965 @T t=395758 s=0.000 lv=-40.6 pk=-39.6 c0=3.2 c1=8.4 kw=8.18 inf=2.66 iv=1.10 n=3 d=0 sk=0 hf=98144 hm=96888 ht=283428 pf=0 pm=0 pt=0 ru=233404 rp=234660
18:00:41.965 @T t=395844 s=0.000 lv=-37.9 pk=-35.8 c0=4.7 c1=9.6 kw=9.36 inf=2.49 iv=1.19 n=3 d=0 sk=0 hf=98144 hm=96888 ht=283428 pf=0 pm=0 pt=0 ru=233404 rp=234660
18:00:41.965 @T t=395953 s=0.000 lv=-40.3 pk=-38.6 c0=3.3 c1=10.3 kw=10.10 inf=2.53 iv=1.09 n=4 d=0 sk=0 hf=98144 hm=96888 ht=283428 pf=0 pm=0 pt=0 ru=233404 rp=234660
18:00:41.965 @T t=396039 s=0.000 lv=-39.2 pk=-37.7 c0=4.0 c1=8.2 kw=7.99 inf=3.15 iv=1.22 n=2 d=0 sk=0 hf=98144 hm=96888 ht=283428 pf=0 pm=0 pt=0 ru=233404 rp=234660
18:00:41.965 @T t=396145 s=0.000 lv=-39.4 pk=-38.1 c0=3.3 c1=10.1 kw=9.66 inf=2.35 iv=1.15 n=4 d=0 sk=0 hf=98144 hm=96888 ht=283428 pf=0 pm=0 pt=0 ru=233404 rp=234660
18:00:41.965 @I ww=marvin cut=0.50 win=5 cool=1000 tick=100 wifi=0 srv=0 li=0 ln=0
18:00:41.965 @T t=396257 s=0.000 lv=-38.6 pk=-37.1 c0=12.8 c1=11.0 kw=10.38 inf=2.73 iv=1.25 n=4 d=0 sk=0 hf=98144 hm=96888 ht=283428 pf=0 pm=0 pt=0 ru=233404 rp=234660
18:00:41.965 @T t=396343 s=0.000 lv=-40.0 pk=-39.0 c0=5.9 c1=8.9 kw=8.64 inf=3.42 iv=1.43 n=2 d=0 sk=0 hf=98144 hm=96888 ht=283428 pf=0 pm=0 pt=0 ru=233404 rp=234660
18:00:41.965 @T t=396452 s=0.000 lv=-39.7 pk=-38.0 c0=9.6 c1=11.1 kw=10.80 inf=2.72 iv=1.25 n=4 d=0 sk=0 hf=98144 hm=96888 ht=283428 pf=0 pm=0 pt=0 ru=233404 rp=234660
18:00:41.965 @T t=396558 s=0.000 lv=-38.9 pk=-37.9 c0=4.7 c1=11.5 kw=10.48 inf=2.60 iv=1.35 n=4 d=0 sk=0 hf=98144 hm=96888 ht=283428 pf=0 pm=0 pt=0 ru=233404 rp=234660
18:00:41.965 @T t=396647 s=0.000 lv=-39.7 pk=-39.1 c0=3.8 c1=10.3 kw=10.15 inf=2.78 iv=1.18 n=3 d=0 sk=0 hf=98144 hm=96888 ht=283428 pf=0 pm=0 pt=0 ru=233404 rp=234660
18:00:41.965 @T t=396753 s=0.000 lv=-39.4 pk=-37.6 c0=4.4 c1=8.7 kw=8.52 inf=2.77 iv=1.18 n=3 d=0 sk=0 hf=98144 hm=96888 ht=283428 pf=0 pm=0 pt=0 ru=233404 rp=234660
18:00:41.965 @T t=396839 s=0.000 lv=-41.1 pk=-40.1 c0=5.5 c1=9.9 kw=9.70 inf=2.59 iv=1.27 n=3 d=0 sk=0 hf=98144 hm=96888 ht=283428 pf=0 pm=0 pt=0 ru=233404 rp=234660
18:00:41.965 @T t=396945 s=0.000 lv=-40.6 pk=-39.3 c0=4.3 c1=9.7 kw=9.27 inf=2.99 iv=1.33 n=3 d=0 sk=0 hf=98144 hm=96888 ht=283428 pf=0 pm=0 pt=0 ru=233404 rp=234660
18:00:41.965 @T t=397051 s=0.000 lv=-38.3 pk=-36.9 c0=6.9 c1=11.4 kw=11.34 inf=2.82 iv=1.35 n=4 d=0 sk=0 hf=98144 hm=96888 ht=283428 pf=0 pm=0 pt=0 ru=233404 rp=234660
18:00:41.965 @T t=397157 s=0.000 lv=-39.3 pk=-35.8 c0=4.2 c1=7.8 kw=7.56 inf=2.43 iv=1.25 n=2 d=0 sk=1 hf=98144 hm=96888 ht=283428 pf=0 pm=0 pt=0 ru=233404 rp=234660
18:00:41.965 @I ww=marvin cut=0.50 win=5 cool=1000 tick=100 wifi=0 srv=0 li=0 ln=0
18:00:41.965 @T t=397248 s=0.000 lv=-38.2 pk=-36.4 c0=4.8 c1=5.9 kw=5.79 inf=1.53 iv=0.00 n=0 d=0 sk=3 hf=98144 hm=96888 ht=283428 pf=0 pm=0 pt=0 ru=233404 rp=234660
18:00:41.965 @T t=397354 s=0.000 lv=-38.8 pk=-37.2 c0=7.0 c1=5.1 kw=4.95 inf=1.53 iv=0.00 n=0 d=0 sk=3 hf=98144 hm=96888 ht=283428 pf=0 pm=0 pt=0 ru=233404 rp=234660
18:00:41.965 @T t=397440 s=0.000 lv=-37.7 pk=-36.8 c0=4.8 c1=5.1 kw=4.98 inf=1.86 iv=0.00 n=0 d=0 sk=2 hf=98144 hm=96888 ht=283428 pf=0 pm=0 pt=0 ru=233404 rp=234660
18:00:44.560 @T t=397546 s=0.000 lv=-38.3 pk=-34.6 c0=4.4 c1=7.3 kw=5.23 inf=1.57 iv=0.00 n=0 d=0 sk=3 hf=98144 hm=96888 ht=283428 pf=0 pm=0 pt=0 ru=233404 rp=234660
18:00:44.560 @T t=397655 s=0.002 lv=-35.6 pk=-34.4 c0=3.2 c1=17.8 kw=18.72 inf=1.52 iv=1.07 n=13 d=0 sk=0 hf=98144 hm=96888 ht=283428 pf=0 pm=0 pt=0 ru=233404 rp=234660
18:00:44.560 @T t=397741 s=0.000 lv=-38.8 pk=-37.8 c0=4.0 c1=9.2 kw=9.00 inf=2.39 iv=1.12 n=3 d=0 sk=0 hf=98144 hm=96888 ht=283428 pf=0 pm=0 pt=0 ru=233404 rp=234660
18:00:44.560 @T t=397847 s=0.000 lv=-42.0 pk=-40.0 c0=3.3 c1=10.6 kw=10.37 inf=2.54 iv=1.12 n=4 d=0 sk=0 hf=98144 hm=96888 ht=283428 pf=0 pm=0 pt=0 ru=233404 rp=234660
18:00:44.560 @T t=397954 s=0.000 lv=-40.4 pk=-37.8 c0=3.8 c1=8.5 kw=8.30 inf=2.72 iv=1.14 n=3 d=0 sk=0 hf=98144 hm=96888 ht=283428 pf=0 pm=0 pt=0 ru=233404 rp=234660
18:00:44.560 @T t=398040 s=0.000 lv=-39.0 pk=-37.9 c0=7.3 c1=9.1 kw=8.96 inf=2.38 iv=1.10 n=3 d=0 sk=0 hf=98144 hm=96888 ht=283428 pf=0 pm=0 pt=0 ru=233404 rp=234660
18:00:44.560 @T t=398146 s=0.000 lv=-39.7 pk=-38.5 c0=3.3 c1=9.9 kw=8.53 inf=2.05 iv=0.85 n=4 d=0 sk=0 hf=98144 hm=96888 ht=283428 pf=0 pm=0 pt=0 ru=233404 rp=234660
18:00:44.560 @I ww=marvin cut=0.50 win=5 cool=1000 tick=100 wifi=0 srv=0 li=0 ln=0
18:00:44.560 @T t=398258 s=0.000 lv=-40.0 pk=-38.9 c0=4.3 c1=9.5 kw=9.89 inf=3.45 iv=1.53 n=3 d=0 sk=0 hf=98144 hm=96888 ht=283428 pf=0 pm=0 pt=0 ru=233404 rp=234660
18:00:44.560 @T t=398344 s=0.000 lv=-39.5 pk=-38.2 c0=7.4 c1=9.3 kw=9.07 inf=2.41 iv=1.13 n=3 d=0 sk=0 hf=98144 hm=96888 ht=283428 pf=0 pm=0 pt=0 ru=233404 rp=234660
18:00:44.560 @T t=398453 s=0.000 lv=-41.0 pk=-39.1 c0=8.6 c1=10.3 kw=10.04 inf=2.52 iv=1.09 n=4 d=0 sk=0 hf=98144 hm=96888 ht=283428 pf=0 pm=0 pt=0 ru=233404 rp=234660
18:00:44.560 @T t=398539 s=0.000 lv=-40.6 pk=-39.5 c0=4.7 c1=10.7 kw=9.59 inf=2.56 iv=1.25 n=3 d=0 sk=0 hf=98144 hm=96888 ht=283428 pf=0 pm=0 pt=0 ru=233404 rp=234660
18:00:44.560 @T t=398645 s=0.000 lv=-41.3 pk=-40.4 c0=5.8 c1=9.9 kw=9.49 inf=3.06 iv=1.32 n=3 d=0 sk=0 hf=98144 hm=96888 ht=283428 pf=0 pm=0 pt=0 ru=233404 rp=234660
18:00:44.560 @T t=398754 s=0.000 lv=-40.4 pk=-38.9 c0=9.8 c1=11.0 kw=10.96 inf=2.81 iv=1.36 n=4 d=0 sk=0 hf=98144 hm=96888 ht=283428 pf=0 pm=0 pt=0 ru=233404 rp=234660
18:00:44.560 @T t=398840 s=0.000 lv=-39.8 pk=-39.2 c0=5.2 c1=9.3 kw=9.05 inf=2.41 iv=1.13 n=3 d=0 sk=0 hf=98144 hm=96888 ht=283428 pf=0 pm=0 pt=0 ru=233404 rp=234660
18:00:44.560 @T t=398946 s=0.000 lv=-38.9 pk=-37.5 c0=3.4 c1=9.9 kw=8.55 inf=2.74 iv=1.14 n=3 d=0 sk=0 hf=97956 hm=96888 ht=283428 pf=0 pm=0 pt=0 ru=233592 rp=234660
18:00:44.560 @T t=399054 s=0.000 lv=-39.0 pk=-38.0 c0=4.2 c1=9.7 kw=10.12 inf=2.56 iv=1.13 n=4 d=0 sk=0 hf=98144 hm=96888 ht=283428 pf=0 pm=0 pt=0 ru=233404 rp=234660
18:00:44.560 @T t=399140 s=0.000 lv=-39.9 pk=-39.1 c0=8.3 c1=9.8 kw=9.58 inf=2.55 iv=1.24 n=3 d=0 sk=0 hf=98144 hm=96888 ht=283428 pf=0 pm=0 pt=0 ru=233404 rp=234660
18:00:44.560 @I ww=marvin cut=0.50 win=5 cool=1000 tick=100 wifi=0 srv=0 li=0 ln=0
18:00:44.560 @T t=399251 s=0.000 lv=-39.4 pk=-37.9 c0=4.7 c1=8.3 kw=8.05 inf=2.02 iv=1.18 n=2 d=0 sk=2 hf=98144 hm=96888 ht=283428 pf=0 pm=0 pt=0 ru=233404 rp=234660
18:00:44.560 @T t=399357 s=0.000 lv=-38.5 pk=-36.8 c0=4.0 c1=5.2 kw=5.03 inf=1.55 iv=0.00 n=0 d=0 sk=3 hf=98144 hm=96888 ht=283428 pf=0 pm=0 pt=0 ru=233404 rp=234660
18:00:44.560 @T t=399443 s=0.000 lv=-41.1 pk=-39.3 c0=4.8 c1=5.0 kw=4.85 inf=1.82 iv=0.00 n=0 d=0 sk=2 hf=98144 hm=96888 ht=283428 pf=0 pm=0 pt=0 ru=233404 rp=234660
18:00:44.560 @T t=399549 s=0.000 lv=-40.7 pk=-39.2 c0=3.7 c1=7.0 kw=6.02 inf=1.39 iv=0.00 n=0 d=0 sk=4 hf=97956 hm=96888 ht=283428 pf=0 pm=0 pt=0 ru=233592 rp=234660
18:00:44.560 @T t=399657 s=0.000 lv=-38.2 pk=-36.7 c0=7.9 c1=5.1 kw=4.97 inf=1.56 iv=0.00 n=0 d=0 sk=3 hf=98144 hm=96888 ht=283428 pf=0 pm=0 pt=0 ru=233404 rp=234660
18:00:44.560 @T t=399743 s=0.000 lv=-40.8 pk=-39.1 c0=8.6 c1=5.0 kw=4.87 inf=1.82 iv=0.00 n=0 d=0 sk=2 hf=98144 hm=96888 ht=283428 pf=0 pm=0 pt=0 ru=233404 rp=234660
18:00:44.560 @T t=399849 s=0.000 lv=-37.3 pk=-35.4 c0=4.0 c1=6.2 kw=5.98 inf=1.38 iv=0.00 n=0 d=0 sk=4 hf=98144 hm=96888 ht=283428 pf=0 pm=0 pt=0 ru=233404 rp=234660
18:00:44.560 @T t=399955 s=0.000 lv=-39.8 pk=-38.0 c0=3.7 c1=5.1 kw=4.96 inf=1.53 iv=0.00 n=0 d=0 sk=3 hf=98144 hm=96888 ht=283428 pf=0 pm=0 pt=0 ru=233404 rp=234660
18:00:44.560 @T t=400041 s=0.000 lv=-38.3 pk=-35.5 c0=3.8 c1=5.0 kw=4.87 inf=1.83 iv=0.00 n=0 d=0 sk=2 hf=98144 hm=96888 ht=283428 pf=0 pm=0 pt=0 ru=233404 rp=234660
18:00:46.863 @T t=400147 s=0.000 lv=-39.6 pk=-38.4 c0=3.0 c1=6.0 kw=5.86 inf=1.35 iv=0.00 n=0 d=0 sk=4 hf=98144 hm=96888 ht=283428 pf=0 pm=0 pt=0 ru=233404 rp=234660
18:00:46.863 @I ww=marvin cut=0.50 win=5 cool=1000 tick=100 wifi=0 srv=0 li=0 ln=0
18:00:46.863 @T t=400239 s=0.000 lv=-39.5 pk=-39.1 c0=4.3 c1=4.7 kw=4.56 inf=1.83 iv=0.00 n=0 d=0 sk=2 hf=98144 hm=96888 ht=283428 pf=0 pm=0 pt=0 ru=233404 rp=234660
18:00:46.863 @T t=400345 s=0.000 lv=-37.6 pk=-35.7 c0=6.6 c1=5.4 kw=5.05 inf=1.52 iv=0.00 n=0 d=0 sk=3 hf=98144 hm=96888 ht=283428 pf=0 pm=0 pt=0 ru=233404 rp=234660
18:00:46.863 @T t=400451 s=0.000 lv=-37.6 pk=-36.6 c0=3.1 c1=6.2 kw=5.76 inf=1.81 iv=0.00 n=0 d=0 sk=3 hf=98144 hm=96888 ht=283428 pf=0 pm=0 pt=0 ru=233404 rp=234660
18:00:46.863 @T t=400557 s=0.000 lv=-37.4 pk=-35.0 c0=3.5 c1=5.9 kw=5.03 inf=1.55 iv=0.00 n=0 d=0 sk=3 hf=98144 hm=96888 ht=283428 pf=0 pm=0 pt=0 ru=233404 rp=234660
18:00:46.863 @T t=400643 s=0.000 lv=-39.3 pk=-38.7 c0=4.7 c1=5.1 kw=4.93 inf=1.85 iv=0.00 n=0 d=0 sk=2 hf=98144 hm=96888 ht=283428 pf=0 pm=0 pt=0 ru=233404 rp=234660
18:00:46.863 @T t=400752 s=0.000 lv=-39.3 pk=-36.6 c0=2.8 c1=5.9 kw=5.77 inf=1.37 iv=0.00 n=0 d=0 sk=4 hf=98144 hm=96888 ht=283428 pf=0 pm=0 pt=0 ru=233404 rp=234660
18:00:46.863 @T t=400858 s=0.000 lv=-38.2 pk=-37.0 c0=6.4 c1=5.0 kw=4.90 inf=1.51 iv=0.00 n=0 d=0 sk=3 hf=98144 hm=96888 ht=283428 pf=0 pm=0 pt=0 ru=233404 rp=234660
18:00:46.863 @T t=400945 s=0.000 lv=-39.3 pk=-37.2 c0=3.7 c1=5.4 kw=4.96 inf=1.22 iv=0.00 n=0 d=0 sk=3 hf=98144 hm=96888 ht=283428 pf=0 pm=0 pt=0 ru=233404 rp=234660
18:00:46.863 @T t=401051 s=0.000 lv=-39.0 pk=-37.5 c0=4.6 c1=6.5 kw=5.90 inf=1.85 iv=0.00 n=0 d=0 sk=3 hf=98144 hm=96888 ht=283428 pf=0 pm=0 pt=0 ru=233404 rp=234660
18:00:46.863 @T t=401157 s=0.000 lv=-39.3 pk=-38.6 c0=4.5 c1=5.2 kw=5.02 inf=1.55 iv=0.00 n=0 d=0 sk=3 hf=98144 hm=96888 ht=283428 pf=0 pm=0 pt=0 ru=233404 rp=234660
18:00:46.863 @I ww=marvin cut=0.50 win=5 cool=1000 tick=100 wifi=0 srv=0 li=0 ln=0
18:00:46.863 @T t=401249 s=0.000 lv=-39.2 pk=-36.7 c0=5.4 c1=6.0 kw=5.78 inf=1.55 iv=0.00 n=0 d=0 sk=3 hf=98144 hm=96888 ht=283428 pf=0 pm=0 pt=0 ru=233404 rp=234660
18:00:46.863 @T t=401355 s=0.000 lv=-40.4 pk=-39.4 c0=3.8 c1=4.5 kw=4.90 inf=1.52 iv=0.00 n=0 d=0 sk=3 hf=98144 hm=96888 ht=283428 pf=0 pm=0 pt=0 ru=233404 rp=234660
18:00:46.863 @T t=401441 s=0.000 lv=-39.7 pk=-38.9 c0=4.0 c1=5.7 kw=4.98 inf=1.86 iv=0.00 n=0 d=0 sk=2 hf=98144 hm=96888 ht=283428 pf=0 pm=0 pt=0 ru=233404 rp=234660
18:00:46.863 [status] up 401s | mic -39.2 dBFS (peak -32.1) | score max 0.00 | detections 0 | inferences 134 (13.4/s; model 1.17 ms each, paused in quiet 59%; features 1.44 ms per 30 ms) | CPU core0  5.1% core1  7.2% (wake word pipeline 6.94% of one core) | RAM used 227 KB (peak 229 KB, 95 KB free) | wifi --, server -- | audio lost since boot: i2s 0 net 0
18:00:46.863 @T t=401549 s=0.000 lv=-41.0 pk=-39.3 c0=8.6 c1=6.8 kw=5.92 inf=1.39 iv=0.00 n=0 d=0 sk=4 hf=98144 hm=96888 ht=283428 pf=0 pm=0 pt=0 ru=233404 rp=234660
18:00:46.863 @T t=401656 s=0.000 lv=-39.7 pk=-38.1 c0=4.1 c1=5.1 kw=4.97 inf=1.54 iv=0.00 n=0 d=0 sk=3 hf=98144 hm=96888 ht=283428 pf=0 pm=0 pt=0 ru=233404 rp=234660
18:00:46.863 @T t=401742 s=0.000 lv=-40.0 pk=-39.0 c0=4.7 c1=5.1 kw=4.97 inf=1.86 iv=0.00 n=0 d=0 sk=2 hf=98144 hm=96888 ht=283428 pf=0 pm=0 pt=0 ru=233404 rp=234660
18:00:46.863 @T t=401848 s=0.000 lv=-42.0 pk=-40.0 c0=3.9 c1=6.1 kw=5.95 inf=1.37 iv=0.00 n=0 d=0 sk=4 hf=98144 hm=96888 ht=283428 pf=0 pm=0 pt=0 ru=233404 rp=234660
18:00:46.863 @T t=401954 s=0.000 lv=-40.0 pk=-39.2 c0=3.3 c1=5.0 kw=4.93 inf=1.52 iv=0.00 n=0 d=0 sk=3 hf=98144 hm=96888 ht=283428 pf=0 pm=0 pt=0 ru=233404 rp=234660
18:00:46.863 @T t=402040 s=0.000 lv=-41.5 pk=-40.8 c0=4.7 c1=5.1 kw=4.95 inf=1.85 iv=0.00 n=0 d=0 sk=2 hf=98144 hm=96888 ht=283428 pf=0 pm=0 pt=0 ru=233404 rp=234660
18:00:46.863 @T t=402146 s=0.000 lv=-41.6 pk=-40.6 c0=3.9 c1=6.2 kw=5.98 inf=1.38 iv=0.00 n=0 d=0 sk=4 hf=98144 hm=96888 ht=283428 pf=0 pm=0 pt=0 ru=233404 rp=234660
18:00:46.863 @I ww=marvin cut=0.50 win=5 cool=1000 tick=100 wifi=0 srv=0 li=0 ln=0
18:00:46.863 @T t=402258 s=0.000 lv=-38.9 pk=-37.4 c0=4.8 c1=4.9 kw=4.79 inf=1.56 iv=0.00 n=0 d=0 sk=3 hf=98144 hm=96888 ht=283428 pf=0 pm=0 pt=0 ru=233404 rp=234660
18:00:46.863 @T t=402344 s=0.000 lv=-39.3 pk=-38.3 c0=4.5 c1=5.1 kw=4.97 inf=1.86 iv=0.00 n=0 d=0 sk=2 hf=98144 hm=96888 ht=283428 pf=0 pm=0 pt=0 ru=233404 rp=234660
18:00:49.370 @T t=402450 s=0.000 lv=-40.1 pk=-38.7 c0=6.3 c1=6.1 kw=5.97 inf=1.38 iv=0.00 n=0 d=0 sk=4 hf=98144 hm=96888 ht=283428 pf=0 pm=0 pt=0 ru=233404 rp=234660
18:00:49.370 @T t=402556 s=0.000 lv=-39.3 pk=-38.5 c0=3.5 c1=5.9 kw=5.00 inf=1.54 iv=0.00 n=0 d=0 sk=3 hf=98144 hm=96888 ht=283428 pf=0 pm=0 pt=0 ru=233404 rp=234660
18:00:49.370 @T t=402642 s=0.000 lv=-39.5 pk=-37.9 c0=8.0 c1=5.0 kw=4.88 inf=1.83 iv=0.00 n=0 d=0 sk=2 hf=98144 hm=96888 ht=283428 pf=0 pm=0 pt=0 ru=233404 rp=234660
18:00:49.370 @T t=402748 s=0.000 lv=-40.3 pk=-39.2 c0=6.7 c1=6.1 kw=5.92 inf=1.37 iv=0.00 n=0 d=0 sk=4 hf=98144 hm=96888 ht=283428 pf=0 pm=0 pt=0 ru=233404 rp=234660
18:00:49.370 @T t=402854 s=0.000 lv=-40.5 pk=-39.4 c0=3.2 c1=5.0 kw=4.90 inf=1.51 iv=0.00 n=0 d=0 sk=3 hf=98144 hm=96888 ht=283428 pf=0 pm=0 pt=0 ru=233404 rp=234660
18:00:49.370 @T t=402940 s=0.000 lv=-40.4 pk=-39.3 c0=3.7 c1=5.0 kw=4.88 inf=1.83 iv=0.00 n=0 d=0 sk=2 hf=98144 hm=96888 ht=283428 pf=0 pm=0 pt=0 ru=233404 rp=234660
18:00:49.370 @T t=403046 s=0.000 lv=-40.1 pk=-38.2 c0=6.7 c1=6.2 kw=5.97 inf=1.38 iv=0.00 n=0 d=0 sk=4 hf=98144 hm=96888 ht=283428 pf=0 pm=0 pt=0 ru=233404 rp=234660
18:00:49.370 @T t=403152 s=0.000 lv=-39.4 pk=-38.5 c0=3.1 c1=5.0 kw=4.93 inf=1.52 iv=0.00 n=0 d=0 sk=3 hf=98144 hm=96888 ht=283428 pf=0 pm=0 pt=0 ru=233404 rp=234660
18:00:49.370 @I ww=marvin cut=0.50 win=5 cool=1000 tick=100 wifi=0 srv=0 li=0 ln=0
18:00:49.370 @T t=403244 s=0.000 lv=-39.8 pk=-39.2 c0=13.3 c1=4.7 kw=4.54 inf=1.82 iv=0.00 n=0 d=0 sk=2 hf=98144 hm=96888 ht=283428 pf=0 pm=0 pt=0 ru=233404 rp=234660
18:00:49.370 @T t=403350 s=0.000 lv=-39.9 pk=-38.8 c0=3.0 c1=6.1 kw=5.92 inf=1.37 iv=0.00 n=0 d=0 sk=4 hf=98144 hm=96888 ht=283428 pf=0 pm=0 pt=0 ru=233404 rp=234660
18:00:49.370 @T t=403456 s=0.000 lv=-40.6 pk=-39.1 c0=4.6 c1=5.3 kw=5.03 inf=1.55 iv=0.00 n=0 d=0 sk=3 hf=98144 hm=96888 ht=283428 pf=0 pm=0 pt=0 ru=233404 rp=234660
18:00:49.370 @T t=403542 s=0.000 lv=-41.4 pk=-40.2 c0=5.7 c1=6.2 kw=5.07 inf=1.90 iv=0.00 n=0 d=0 sk=2 hf=98144 hm=96888 ht=283428 pf=0 pm=0 pt=0 ru=233404 rp=234660
18:00:49.370 @T t=403648 s=0.000 lv=-41.0 pk=-38.8 c0=4.0 c1=6.2 kw=5.99 inf=1.38 iv=0.00 n=0 d=0 sk=4 hf=98144 hm=96888 ht=283428 pf=0 pm=0 pt=0 ru=233404 rp=234660
18:00:49.370 @T t=403754 s=0.000 lv=-41.5 pk=-40.8 c0=3.2 c1=5.0 kw=4.93 inf=1.52 iv=0.00 n=0 d=0 sk=3 hf=98144 hm=96888 ht=283428 pf=0 pm=0 pt=0 ru=233404 rp=234660
18:00:49.370 @T t=403840 s=0.000 lv=-37.9 pk=-36.6 c0=4.5 c1=5.1 kw=4.90 inf=1.84 iv=0.00 n=0 d=0 sk=2 hf=98144 hm=96888 ht=283428 pf=0 pm=0 pt=0 ru=233404 rp=234660
18:00:49.370 @T t=403946 s=0.000 lv=-40.4 pk=-38.6 c0=4.1 c1=6.2 kw=6.01 inf=1.39 iv=0.00 n=0 d=0 sk=4 hf=98144 hm=96888 ht=283428 pf=0 pm=0 pt=0 ru=233404 rp=234660
18:00:49.370 @T t=404052 s=0.000 lv=-39.6 pk=-37.4 c0=4.0 c1=5.2 kw=5.01 inf=1.54 iv=0.00 n=0 d=0 sk=3 hf=98144 hm=96888 ht=283428 pf=0 pm=0 pt=0 ru=233404 rp=234660
18:00:49.370 @T t=404158 s=0.000 lv=-41.3 pk=-40.0 c0=4.1 c1=5.2 kw=5.07 inf=1.56 iv=0.00 n=0 d=0 sk=3 hf=98144 hm=96888 ht=283428 pf=0 pm=0 pt=0 ru=233404 rp=234660
18:00:49.370 @I ww=marvin cut=0.50 win=5 cool=1000 tick=100 wifi=0 srv=0 li=0 ln=0
18:00:49.370 @T t=404250 s=0.000 lv=-41.9 pk=-40.9 c0=5.5 c1=5.9 kw=5.74 inf=1.54 iv=0.00 n=0 d=0 sk=3 hf=98144 hm=96888 ht=283428 pf=0 pm=0 pt=0 ru=233404 rp=234660
18:00:49.370 @T t=404356 s=0.000 lv=-41.2 pk=-38.9 c0=3.2 c1=5.1 kw=4.97 inf=1.53 iv=0.00 n=0 d=0 sk=3 hf=98144 hm=96888 ht=283428 pf=0 pm=0 pt=0 ru=233404 rp=234660
18:00:49.370 @T t=404442 s=0.000 lv=-38.7 pk=-38.3 c0=4.6 c1=5.2 kw=5.01 inf=1.88 iv=0.00 n=0 d=0 sk=2 hf=98144 hm=96888 ht=283428 pf=0 pm=0 pt=0 ru=233404 rp=234660
18:00:49.370 @T t=404548 s=0.000 lv=-40.3 pk=-38.4 c0=4.6 c1=7.0 kw=6.09 inf=1.41 iv=0.00 n=0 d=0 sk=4 hf=98144 hm=96888 ht=283428 pf=0 pm=0 pt=0 ru=233404 rp=234660
18:00:49.370 @T t=404654 s=0.000 lv=-40.8 pk=-39.0 c0=4.0 c1=5.2 kw=5.02 inf=1.55 iv=0.00 n=0 d=0 sk=3 hf=98144 hm=96888 ht=283428 pf=0 pm=0 pt=0 ru=233404 rp=234660
18:00:49.370 @T t=404740 s=0.000 lv=-40.0 pk=-39.1 c0=8.6 c1=5.0 kw=4.89 inf=1.83 iv=0.00 n=0 d=0 sk=2 hf=98144 hm=96888 ht=283428 pf=0 pm=0 pt=0 ru=233404 rp=234660
18:00:49.370 @T t=404846 s=0.000 lv=-38.8 pk=-37.4 c0=3.1 c1=6.1 kw=5.94 inf=1.37 iv=0.00 n=0 d=0 sk=4 hf=98144 hm=96888 ht=283428 pf=0 pm=0 pt=0 ru=233404 rp=234660
18:00:51.869 @T t=404952 s=0.000 lv=-39.4 pk=-37.7 c0=6.4 c1=5.1 kw=4.92 inf=1.52 iv=0.00 n=0 d=0 sk=3 hf=98144 hm=96888 ht=283428 pf=0 pm=0 pt=0 ru=233404 rp=234660
18:00:51.869 @T t=405039 s=0.000 lv=-39.9 pk=-39.1 c0=3.7 c1=4.9 kw=4.81 inf=1.82 iv=0.00 n=0 d=0 sk=2 hf=98144 hm=96888 ht=283428 pf=0 pm=0 pt=0 ru=233404 rp=234660
18:00:51.869 @T t=405145 s=0.000 lv=-38.2 pk=-37.1 c0=6.6 c1=5.4 kw=5.07 inf=1.53 iv=0.00 n=0 d=0 sk=3 hf=98144 hm=96888 ht=283428 pf=0 pm=0 pt=0 ru=233404 rp=234660
18:00:51.869 @I ww=marvin cut=0.50 win=5 cool=1000 tick=100 wifi=0 srv=0 li=0 ln=0
18:00:51.869 @T t=405257 s=0.000 lv=-40.1 pk=-39.1 c0=3.7 c1=5.9 kw=5.48 inf=1.82 iv=0.00 n=0 d=0 sk=3 hf=98144 hm=96888 ht=283428 pf=0 pm=0 pt=0 ru=233404 rp=234660
18:00:51.869 @T t=405343 s=0.000 lv=-38.4 pk=-35.7 c0=7.7 c1=5.0 kw=4.82 inf=1.81 iv=0.00 n=0 d=0 sk=2 hf=98144 hm=96888 ht=283428 pf=0 pm=0 pt=0 ru=233404 rp=234660
18:00:51.869 @T t=405449 s=0.000 lv=-38.9 pk=-37.2 c0=3.4 c1=6.1 kw=5.92 inf=1.37 iv=0.00 n=0 d=0 sk=4 hf=98144 hm=96888 ht=283428 pf=0 pm=0 pt=0 ru=233404 rp=234660
18:00:51.869 @T t=405555 s=0.000 lv=-39.2 pk=-37.6 c0=3.6 c1=5.9 kw=5.03 inf=1.55 iv=0.00 n=0 d=0 sk=3 hf=98144 hm=96888 ht=283428 pf=0 pm=0 pt=0 ru=233404 rp=234660
18:00:51.869 @T t=405641 s=0.000 lv=-38.1 pk=-37.6 c0=4.0 c1=5.1 kw=4.97 inf=1.86 iv=0.00 n=0 d=0 sk=2 hf=98144 hm=96888 ht=283428 pf=0 pm=0 pt=0 ru=233404 rp=234660
18:00:51.869 @T t=405747 s=0.000 lv=-40.0 pk=-39.2 c0=3.0 c1=6.0 kw=5.87 inf=1.36 iv=0.00 n=0 d=0 sk=4 hf=98144 hm=96888 ht=283428 pf=0 pm=0 pt=0 ru=233404 rp=234660
18:00:51.869 @T t=405853 s=0.000 lv=-38.3 pk=-37.9 c0=4.8 c1=5.5 kw=5.04 inf=1.55 iv=0.00 n=0 d=0 sk=3 hf=98144 hm=96888 ht=283428 pf=0 pm=0 pt=0 ru=233404 rp=234660
18:00:51.869 @T t=405939 s=0.000 lv=-38.3 pk=-37.3 c0=5.6 c1=4.9 kw=4.93 inf=1.84 iv=0.00 n=0 d=0 sk=2 hf=98144 hm=96888 ht=283428 pf=0 pm=0 pt=0 ru=233404 rp=234660
18:00:51.869 @T t=406045 s=0.000 lv=-39.5 pk=-38.1 c0=3.2 c1=5.4 kw=5.13 inf=1.54 iv=0.00 n=0 d=0 sk=3 hf=98144 hm=96888 ht=283428 pf=0 pm=0 pt=0 ru=233404 rp=234660
18:00:51.869 @T t=406151 s=0.000 lv=-36.4 pk=-34.1 c0=3.8 c1=11.3 kw=4.95 inf=0.51 iv=0.00 n=6 d=0 sk=3 hf=98144 hm=96888 ht=283428 pf=0 pm=0 pt=0 ru=233404 rp=234660
18:00:51.869 @I ww=marvin cut=0.50 win=5 cool=1000 tick=100 wifi=0 srv=0 li=0 ln=0
18:00:51.869 @T t=406246 s=0.000 lv=-34.6 pk=-32.5 c0=17.0 c1=15.4 kw=21.64 inf=2.83 iv=1.99 n=7 d=0 sk=0 hf=98144 hm=96888 ht=283428 pf=0 pm=0 pt=0 ru=233404 rp=234660
18:00:51.869 @T t=406352 s=0.000 lv=-37.2 pk=-35.7 c0=4.2 c1=10.1 kw=9.87 inf=2.43 iv=1.22 n=4 d=0 sk=0 hf=98144 hm=96888 ht=283428 pf=0 pm=0 pt=0 ru=233404 rp=234660
18:00:51.869 @T t=406458 s=0.000 lv=-34.9 pk=-33.4 c0=4.7 c1=9.2 kw=8.97 inf=2.93 iv=1.31 n=3 d=0 sk=0 hf=98144 hm=96888 ht=283428 pf=0 pm=0 pt=0 ru=233404 rp=234660
18:00:51.869 @T t=406544 s=0.000 lv=-35.4 pk=-33.6 c0=5.8 c1=11.0 kw=9.83 inf=2.62 iv=1.32 n=3 d=0 sk=0 hf=98144 hm=96888 ht=283428 pf=0 pm=0 pt=0 ru=233404 rp=234660
18:00:51.869 @T t=406653 s=0.000 lv=-40.2 pk=-38.6 c0=9.4 c1=10.1 kw=10.36 inf=2.62 iv=1.15 n=4 d=0 sk=0 hf=98144 hm=96888 ht=283428 pf=0 pm=0 pt=0 ru=233404 rp=234660
18:00:51.869 @T t=406739 s=0.000 lv=-40.5 pk=-38.3 c0=4.3 c1=8.9 kw=8.15 inf=3.20 iv=1.28 n=2 d=0 sk=0 hf=98144 hm=96888 ht=283428 pf=0 pm=0 pt=0 ru=233404 rp=234660
18:00:51.869 @T t=406845 s=0.000 lv=-38.3 pk=-37.5 c0=4.3 c1=10.6 kw=10.18 inf=2.48 iv=1.25 n=4 d=0 sk=0 hf=98144 hm=96888 ht=283428 pf=0 pm=0 pt=0 ru=233404 rp=234660
18:00:51.869 @T t=406950 s=0.000 lv=-37.4 pk=-36.6 c0=4.3 c1=11.5 kw=10.98 inf=2.70 iv=1.23 n=4 d=0 sk=0 hf=98144 hm=96888 ht=283428 pf=0 pm=0 pt=0 ru=233404 rp=234660
18:00:51.869 @T t=407056 s=0.000 lv=-39.6 pk=-38.6 c0=4.5 c1=9.2 kw=9.00 inf=2.94 iv=1.31 n=3 d=0 sk=0 hf=98144 hm=96888 ht=283428 pf=0 pm=0 pt=0 ru=233404 rp=234660
18:00:51.869 @T t=407145 s=0.000 lv=-39.3 pk=-38.1 c0=4.5 c1=9.5 kw=9.08 inf=2.45 iv=1.17 n=3 d=0 sk=0 hf=98144 hm=96888 ht=283428 pf=0 pm=0 pt=0 ru=233404 rp=234660
18:00:51.869 @I ww=marvin cut=0.50 win=5 cool=1000 tick=100 wifi=0 srv=0 li=0 ln=0
18:00:51.869 @T t=407256 s=0.000 lv=-38.5 pk=-35.9 c0=10.7 c1=10.2 kw=9.75 inf=2.53 iv=1.10 n=4 d=0 sk=0 hf=98144 hm=96888 ht=283428 pf=0 pm=0 pt=0 ru=233404 rp=234660
18:00:51.869 @T t=407342 s=0.000 lv=-40.0 pk=-39.0 c0=4.0 c1=7.9 kw=7.74 inf=3.05 iv=1.15 n=2 d=0 sk=0 hf=98144 hm=96888 ht=283428 pf=0 pm=0 pt=0 ru=233404 rp=234660
18:00:54.475 @T t=407448 s=0.000 lv=-40.4 pk=-39.3 c0=3.3 c1=10.5 kw=10.27 inf=2.51 iv=1.09 n=4 d=0 sk=0 hf=98144 hm=96888 ht=283428 pf=0 pm=0 pt=0 ru=233404 rp=234660
18:00:54.475 @T t=407554 s=0.000 lv=-39.4 pk=-38.0 c0=4.2 c1=10.9 kw=9.91 inf=2.44 iv=1.22 n=4 d=0 sk=0 hf=98144 hm=96888 ht=283428 pf=0 pm=0 pt=0 ru=233404 rp=234660
18:00:54.475 @T t=407640 s=0.000 lv=-40.1 pk=-39.3 c0=4.1 c1=8.0 kw=7.88 inf=3.11 iv=1.19 n=2 d=0 sk=0 hf=98144 hm=96888 ht=283428 pf=0 pm=0 pt=0 ru=233404 rp=234660
18:00:54.475 @T t=407746 s=0.000 lv=-39.3 pk=-37.8 c0=3.3 c1=10.6 kw=10.36 inf=2.53 iv=1.09 n=4 d=0 sk=0 hf=98144 hm=96888 ht=283428 pf=0 pm=0 pt=0 ru=233404 rp=234660
18:00:54.475 @T t=407852 s=0.000 lv=-40.5 pk=-38.4 c0=3.3 c1=9.5 kw=9.26 inf=2.28 iv=1.09 n=4 d=0 sk=0 hf=98144 hm=96888 ht=283428 pf=0 pm=0 pt=0 ru=233404 rp=234660
18:00:54.475 @T t=407958 s=0.000 lv=-41.6 pk=-40.4 c0=3.8 c1=8.5 kw=8.31 inf=2.70 iv=1.13 n=3 d=0 sk=0 hf=98144 hm=96888 ht=283428 pf=0 pm=0 pt=0 ru=233404 rp=234660
18:00:54.475 @T t=408044 s=0.000 lv=-41.1 pk=-39.2 c0=4.0 c1=9.2 kw=9.03 inf=2.40 iv=1.12 n=3 d=0 sk=0 hf=98144 hm=96888 ht=283428 pf=0 pm=0 pt=0 ru=233404 rp=234660
18:00:54.475 @T t=408150 s=0.000 lv=-38.8 pk=-37.7 c0=3.3 c1=7.6 kw=7.43 inf=2.34 iv=1.33 n=1 d=0 sk=2 hf=98144 hm=96888 ht=283428 pf=0 pm=0 pt=0 ru=233404 rp=234660
18:00:54.475 @I ww=marvin cut=0.50 win=5 cool=1000 tick=100 wifi=0 srv=0 li=0 ln=0
18:00:54.475 @T t=408242 s=0.000 lv=-37.8 pk=-37.0 c0=6.6 c1=5.1 kw=4.78 inf=1.92 iv=0.00 n=0 d=0 sk=2 hf=98144 hm=96888 ht=283428 pf=0 pm=0 pt=0 ru=233404 rp=234660
18:00:54.475 @T t=408348 s=0.000 lv=-39.5 pk=-38.9 c0=6.7 c1=6.2 kw=5.98 inf=1.38 iv=0.00 n=0 d=0 sk=4 hf=98144 hm=96888 ht=283428 pf=0 pm=0 pt=0 ru=233404 rp=234660
18:00:54.475 @T t=408454 s=0.000 lv=-39.2 pk=-38.3 c0=3.2 c1=5.0 kw=4.93 inf=1.52 iv=0.00 n=0 d=0 sk=3 hf=98144 hm=96888 ht=283428 pf=0 pm=0 pt=0 ru=233404 rp=234660
18:00:54.475 @T t=408540 s=0.000 lv=-40.3 pk=-38.4 c0=5.2 c1=6.1 kw=5.00 inf=1.87 iv=0.00 n=0 d=0 sk=2 hf=98144 hm=96888 ht=283428 pf=0 pm=0 pt=0 ru=233404 rp=234660
18:00:54.475 @T t=408646 s=0.000 lv=-41.3 pk=-40.1 c0=7.4 c1=6.2 kw=6.01 inf=1.39 iv=0.00 n=0 d=0 sk=4 hf=98144 hm=96888 ht=283428 pf=0 pm=0 pt=0 ru=233404 rp=234660
18:00:54.475 @T t=408752 s=0.000 lv=-40.7 pk=-39.3 c0=3.9 c1=5.1 kw=4.97 inf=1.53 iv=0.00 n=0 d=0 sk=3 hf=98144 hm=96888 ht=283428 pf=0 pm=0 pt=0 ru=233404 rp=234660
18:00:54.475 @T t=408858 s=0.000 lv=-39.0 pk=-37.5 c0=4.0 c1=5.2 kw=5.03 inf=1.55 iv=0.00 n=0 d=0 sk=3 hf=98144 hm=96888 ht=283428 pf=0 pm=0 pt=0 ru=233404 rp=234660
18:00:54.475 @T t=408944 s=0.000 lv=-38.3 pk=-36.9 c0=4.8 c1=5.1 kw=4.94 inf=1.85 iv=0.00 n=0 d=0 sk=2 hf=98144 hm=96888 ht=283428 pf=0 pm=0 pt=0 ru=233404 rp=234660
18:00:54.475 @T t=409050 s=0.000 lv=-40.2 pk=-37.7 c0=3.2 c1=6.2 kw=6.03 inf=1.39 iv=0.00 n=0 d=0 sk=4 hf=98144 hm=96888 ht=283428 pf=0 pm=0 pt=0 ru=233404 rp=234660
18:00:54.475 @T t=409157 s=0.000 lv=-41.6 pk=-41.0 c0=3.7 c1=5.1 kw=4.89 inf=1.52 iv=0.00 n=0 d=0 sk=3 hf=98144 hm=96888 ht=283428 pf=0 pm=0 pt=0 ru=233404 rp=234660
18:00:54.475 @I ww=marvin cut=0.50 win=5 cool=1000 tick=100 wifi=0 srv=0 li=0 ln=0
18:00:54.475 @T t=409249 s=0.000 lv=-40.6 pk=-38.9 c0=5.5 c1=6.0 kw=5.77 inf=1.54 iv=0.00 n=0 d=0 sk=3 hf=98144 hm=96888 ht=283428 pf=0 pm=0 pt=0 ru=233404 rp=234660
18:00:54.475 @T t=409355 s=0.000 lv=-40.2 pk=-38.9 c0=4.0 c1=5.2 kw=5.03 inf=1.55 iv=0.00 n=0 d=0 sk=3 hf=98144 hm=96888 ht=283428 pf=0 pm=0 pt=0 ru=233404 rp=234660
18:00:54.475 @T t=409441 s=0.000 lv=-38.4 pk=-37.1 c0=4.8 c1=5.2 kw=5.00 inf=1.87 iv=0.00 n=0 d=0 sk=2 hf=98144 hm=96888 ht=283428 pf=0 pm=0 pt=0 ru=233404 rp=234660
18:00:54.475 @T t=409547 s=0.000 lv=-39.3 pk=-37.8 c0=4.4 c1=7.0 kw=6.09 inf=1.41 iv=0.00 n=0 d=0 sk=4 hf=98144 hm=96888 ht=283428 pf=0 pm=0 pt=0 ru=233404 rp=234660
18:00:54.475 @T t=409653 s=0.000 lv=-40.4 pk=-39.7 c0=3.3 c1=5.0 kw=4.95 inf=1.53 iv=0.00 n=0 d=0 sk=3 hf=98144 hm=96888 ht=283428 pf=0 pm=0 pt=0 ru=233404 rp=234660
18:00:54.475 @T t=409739 s=0.000 lv=-41.1 pk=-39.1 c0=3.6 c1=5.0 kw=4.82 inf=1.80 iv=0.00 n=0 d=0 sk=2 hf=98144 hm=96888 ht=283428 pf=0 pm=0 pt=0 ru=233404 rp=234660
18:00:54.475 @T t=409845 s=0.000 lv=-42.0 pk=-41.2 c0=3.0 c1=5.4 kw=5.00 inf=1.50 iv=0.00 n=0 d=0 sk=3 hf=98144 hm=96888 ht=283428 pf=0 pm=0 pt=0 ru=233404 rp=234660
18:00:54.475 @T t=409951 s=0.000 lv=-41.4 pk=-40.8 c0=3.4 c1=6.2 kw=5.75 inf=1.81 iv=0.00 n=0 d=0 sk=3 hf=98144 hm=96888 ht=283428 pf=0 pm=0 pt=0 ru=233404 rp=234660
18:00:56.758 @T t=410057 s=0.000 lv=-39.4 pk=-37.8 c0=3.1 c1=5.1 kw=4.96 inf=1.53 iv=0.00 n=0 d=0 sk=3 hf=98144 hm=96888 ht=283428 pf=0 pm=0 pt=0 ru=233404 rp=234660
18:00:56.758 @T t=410143 s=0.000 lv=-38.5 pk=-37.7 c0=7.7 c1=5.0 kw=4.86 inf=1.82 iv=0.00 n=0 d=0 sk=2 hf=98144 hm=96888 ht=283428 pf=0 pm=0 pt=0 ru=233404 rp=234660
18:00:56.758 @I ww=marvin cut=0.50 win=5 cool=1000 tick=100 wifi=0 srv=0 li=0 ln=0
18:00:56.758 @T t=410255 s=0.000 lv=-39.7 pk=-38.5 c0=10.9 c1=5.8 kw=5.60 inf=1.37 iv=0.00 n=0 d=0 sk=4 hf=98144 hm=96888 ht=283428 pf=0 pm=0 pt=0 ru=233404 rp=234660
18:00:56.758 @T t=410341 s=0.000 lv=-35.3 pk=-34.4 c0=8.2 c1=17.9 kw=17.68 inf=1.33 iv=0.98 n=11 d=0 sk=0 hf=98144 hm=96888 ht=283428 pf=0 pm=0 pt=0 ru=233404 rp=234660
18:00:56.759 @T t=410447 s=0.000 lv=-35.5 pk=-32.8 c0=3.4 c1=10.7 kw=10.50 inf=2.57 iv=1.13 n=4 d=0 sk=0 hf=98144 hm=96888 ht=283428 pf=0 pm=0 pt=0 ru=233404 rp=234660
18:00:56.759 @T t=410553 s=0.000 lv=-40.9 pk=-39.1 c0=3.8 c1=10.9 kw=9.97 inf=2.46 iv=1.25 n=4 d=0 sk=0 hf=98144 hm=96888 ht=283428 pf=0 pm=0 pt=0 ru=233404 rp=234660
18:00:56.759 @T t=410639 s=0.000 lv=-37.8 pk=-34.4 c0=6.3 c1=8.5 kw=8.29 inf=3.28 iv=1.22 n=2 d=0 sk=0 hf=98144 hm=96888 ht=283428 pf=0 pm=0 pt=0 ru=233404 rp=234660
18:00:56.759 @T t=410745 s=0.000 lv=-38.1 pk=-37.1 c0=3.9 c1=10.3 kw=9.92 inf=2.42 iv=1.20 n=4 d=0 sk=0 hf=98144 hm=96888 ht=283428 pf=0 pm=0 pt=0 ru=233404 rp=234660
18:00:56.759 @T t=410851 s=0.000 lv=-38.2 pk=-36.9 c0=4.1 c1=11.0 kw=10.50 inf=2.60 iv=1.15 n=4 d=0 sk=0 hf=98144 hm=96888 ht=283428 pf=0 pm=0 pt=0 ru=233404 rp=234660
18:00:56.759 @T t=410957 s=0.000 lv=-38.7 pk=-38.0 c0=6.8 c1=8.7 kw=8.50 inf=2.76 iv=1.15 n=3 d=0 sk=0 hf=98144 hm=96888 ht=283428 pf=0 pm=0 pt=0 ru=233404 rp=234660
18:00:56.759 @T t=411043 s=0.000 lv=-38.5 pk=-37.4 c0=5.1 c1=9.8 kw=9.53 inf=2.54 iv=1.23 n=3 d=0 sk=0 hf=98144 hm=96888 ht=283428 pf=0 pm=0 pt=0 ru=233404 rp=234660
18:00:56.759 @T t=411152 s=0.000 lv=-40.3 pk=-39.3 c0=9.5 c1=10.6 kw=10.37 inf=2.61 iv=1.17 n=4 d=0 sk=0 hf=98144 hm=96888 ht=283428 pf=0 pm=0 pt=0 ru=233404 rp=234660
18:00:56.759 @I ww=marvin cut=0.50 win=5 cool=1000 tick=100 wifi=0 srv=0 li=0 ln=0
18:00:56.759 @T t=411243 s=0.000 lv=-40.3 pk=-40.0 c0=5.7 c1=7.6 kw=7.38 inf=3.08 iv=1.17 n=2 d=0 sk=0 hf=98144 hm=96888 ht=283428 pf=0 pm=0 pt=0 ru=233404 rp=234660
18:00:56.759 @T t=411352 s=0.000 lv=-39.9 pk=-38.8 c0=9.6 c1=10.6 kw=10.31 inf=2.59 iv=1.14 n=4 d=0 sk=0 hf=98144 hm=96888 ht=283428 pf=0 pm=0 pt=0 ru=233404 rp=234660
18:00:56.759 @T t=411458 s=0.000 lv=-39.0 pk=-38.6 c0=3.3 c1=9.6 kw=9.40 inf=2.31 iv=1.10 n=4 d=0 sk=0 hf=98144 hm=96888 ht=283428 pf=0 pm=0 pt=0 ru=233404 rp=234660
18:00:56.759 [status] up 411s | mic -39.2 dBFS (peak -32.5) | score max 0.00 | detections 0 | inferences 123 (12.3/s; model 1.15 ms each, paused in quiet 62%; features 1.43 ms per 30 ms) | CPU core0  5.1% core1  7.1% (wake word pipeline 6.78% of one core) | RAM used 227 KB (peak 229 KB, 95 KB free) | wifi --, server -- | audio lost since boot: i2s 0 net 0
18:00:56.759 @T t=411549 s=0.000 lv=-40.1 pk=-38.7 c0=33.1 c1=11.8 kw=10.59 inf=2.95 iv=1.28 n=3 d=0 sk=0 hf=98144 hm=96888 ht=283428 pf=0 pm=0 pt=0 ru=233404 rp=234660
18:00:56.759 @T t=411655 s=0.000 lv=-40.0 pk=-39.4 c0=7.5 c1=9.0 kw=8.80 inf=2.87 iv=1.23 n=3 d=0 sk=0 hf=98144 hm=96888 ht=283428 pf=0 pm=0 pt=0 ru=233404 rp=234660
18:00:56.759 @T t=411741 s=0.000 lv=-41.7 pk=-41.1 c0=5.1 c1=9.8 kw=9.55 inf=2.55 iv=1.24 n=3 d=0 sk=0 hf=98144 hm=96888 ht=283428 pf=0 pm=0 pt=0 ru=233404 rp=234660
18:00:56.759 @T t=411847 s=0.000 lv=-39.3 pk=-36.5 c0=4.2 c1=10.9 kw=10.95 inf=2.69 iv=1.22 n=4 d=0 sk=0 hf=98144 hm=96888 ht=283428 pf=0 pm=0 pt=0 ru=233404 rp=234660
18:00:56.759 @T t=411956 s=0.000 lv=-40.8 pk=-38.2 c0=3.8 c1=8.9 kw=8.41 inf=2.82 iv=1.21 n=3 d=0 sk=0 hf=98144 hm=96888 ht=283428 pf=0 pm=0 pt=0 ru=233404 rp=234660
18:00:56.759 @T t=412042 s=0.000 lv=-40.9 pk=-39.5 c0=4.1 c1=9.6 kw=9.43 inf=2.51 iv=1.21 n=3 d=0 sk=0 hf=98144 hm=96888 ht=283428 pf=0 pm=0 pt=0 ru=233404 rp=234660
18:00:56.759 @T t=412148 s=0.000 lv=-42.1 pk=-40.7 c0=3.3 c1=10.7 kw=10.53 inf=2.58 iv=1.15 n=4 d=0 sk=0 hf=98144 hm=96888 ht=283428 pf=0 pm=0 pt=0 ru=233404 rp=234660
18:00:56.759 @I ww=marvin cut=0.50 win=5 cool=1000 tick=100 wifi=0 srv=0 li=0 ln=0
18:00:56.759 @T t=412240 s=0.000 lv=-40.4 pk=-39.9 c0=13.6 c1=7.5 kw=7.34 inf=3.09 iv=1.18 n=2 d=0 sk=0 hf=98144 hm=96888 ht=283428 pf=0 pm=0 pt=0 ru=233404 rp=234660
18:00:59.171 @T t=412346 s=0.000 lv=-40.0 pk=-38.3 c0=3.6 c1=6.1 kw=5.96 inf=1.38 iv=0.00 n=0 d=0 sk=4 hf=98144 hm=96888 ht=283428 pf=0 pm=0 pt=0 ru=233404 rp=234660
18:00:59.171 @T t=412452 s=0.000 lv=-40.6 pk=-38.7 c0=3.1 c1=5.1 kw=4.96 inf=1.53 iv=0.00 n=0 d=0 sk=3 hf=98144 hm=96888 ht=283428 pf=0 pm=0 pt=0 ru=233404 rp=234660
18:00:59.171 @T t=412558 s=0.000 lv=-41.2 pk=-39.2 c0=3.7 c1=5.8 kw=4.96 inf=1.53 iv=0.00 n=0 d=0 sk=3 hf=98144 hm=96888 ht=283428 pf=0 pm=0 pt=0 ru=233404 rp=234660
18:00:59.171 @T t=412644 s=0.000 lv=-40.1 pk=-38.8 c0=4.1 c1=5.0 kw=4.90 inf=1.83 iv=0.00 n=0 d=0 sk=2 hf=98144 hm=96888 ht=283428 pf=0 pm=0 pt=0 ru=233404 rp=234660
18:00:59.171 @T t=412750 s=0.000 lv=-39.2 pk=-36.9 c0=3.5 c1=6.1 kw=5.93 inf=1.37 iv=0.00 n=0 d=0 sk=4 hf=98144 hm=96888 ht=283428 pf=0 pm=0 pt=0 ru=233404 rp=234660
18:00:59.171 @T t=412856 s=0.000 lv=-38.5 pk=-37.7 c0=3.2 c1=5.1 kw=4.95 inf=1.53 iv=0.00 n=0 d=0 sk=3 hf=98144 hm=96888 ht=283428 pf=0 pm=0 pt=0 ru=233404 rp=234660
18:00:59.171 @T t=412942 s=0.000 lv=-38.9 pk=-37.7 c0=3.7 c1=5.0 kw=4.87 inf=1.83 iv=0.00 n=0 d=0 sk=2 hf=98144 hm=96888 ht=283428 pf=0 pm=0 pt=0 ru=233404 rp=234660
18:00:59.171 W (413415) wifi: cannot connect (reason 201). Check the name/password in menuconfig; the ESP32 needs a 2.4 GHz network (201 = network not found, 15/204 = wrong password)
18:00:59.171 @T t=413048 s=0.000 lv=-38.2 pk=-36.5 c0=6.9 c1=6.4 kw=6.04 inf=1.40 iv=0.00 n=0 d=0 sk=4 hf=98144 hm=96888 ht=283428 pf=0 pm=0 pt=0 ru=233404 rp=234660
18:00:59.171 @T t=413154 s=0.000 lv=-36.3 pk=-35.2 c0=3.9 c1=16.4 kw=16.25 inf=1.38 iv=0.98 n=12 d=0 sk=0 hf=98144 hm=96888 ht=283428 pf=0 pm=0 pt=0 ru=233404 rp=234660
18:00:59.171 @I ww=marvin cut=0.50 win=5 cool=1000 tick=100 wifi=0 srv=0 li=0 ln=0
18:00:59.171 @T t=413246 s=0.000 lv=-36.5 pk=-35.2 c0=5.8 c1=10.1 kw=9.85 inf=2.78 iv=1.17 n=3 d=0 sk=0 hf=98144 hm=96888 ht=283428 pf=0 pm=0 pt=0 ru=233404 rp=234660
18:00:59.171 @T t=413352 s=0.000 lv=-39.5 pk=-37.6 c0=4.2 c1=10.1 kw=9.84 inf=2.43 iv=1.21 n=4 d=0 sk=0 hf=98144 hm=96888 ht=283428 pf=0 pm=0 pt=0 ru=233404 rp=234660
18:00:59.171 @T t=413458 s=0.000 lv=-36.4 pk=-35.3 c0=4.2 c1=9.2 kw=9.00 inf=2.94 iv=1.30 n=3 d=0 sk=0 hf=98144 hm=96888 ht=283428 pf=0 pm=0 pt=0 ru=233404 rp=234660
18:00:59.171 @T t=413544 s=0.000 lv=-37.2 pk=-36.7 c0=5.8 c1=11.6 kw=10.44 inf=2.79 iv=1.44 n=3 d=0 sk=0 hf=98144 hm=96888 ht=283428 pf=0 pm=0 pt=0 ru=233404 rp=234660
18:00:59.171 @T t=413653 s=0.000 lv=-37.6 pk=-35.9 c0=4.0 c1=10.8 kw=10.51 inf=2.64 iv=1.17 n=4 d=0 sk=0 hf=98144 hm=96888 ht=283428 pf=0 pm=0 pt=0 ru=233404 rp=234660
18:00:59.171 @T t=413739 s=0.000 lv=-39.3 pk=-38.2 c0=4.5 c1=8.0 kw=7.86 inf=3.10 iv=1.19 n=2 d=0 sk=0 hf=98144 hm=96888 ht=283428 pf=0 pm=0 pt=0 ru=233404 rp=234660
18:00:59.171 @T t=413845 s=0.000 lv=-40.6 pk=-39.2 c0=4.2 c1=10.6 kw=10.11 inf=2.46 iv=1.23 n=4 d=0 sk=0 hf=98144 hm=96888 ht=283428 pf=0 pm=0 pt=0 ru=233404 rp=234660
18:00:59.171 @T t=413954 s=0.000 lv=-42.6 pk=-41.1 c0=4.1 c1=11.1 kw=10.63 inf=2.72 iv=1.24 n=4 d=0 sk=0 hf=98144 hm=96888 ht=283428 pf=0 pm=0 pt=0 ru=233404 rp=234660
18:00:59.171 @T t=414040 s=0.000 lv=-39.0 pk=-36.7 c0=5.4 c1=8.8 kw=8.62 inf=3.42 iv=1.44 n=2 d=0 sk=0 hf=98144 hm=96888 ht=283428 pf=0 pm=0 pt=0 ru=233404 rp=234660
18:00:59.171 @T t=414146 s=0.000 lv=-41.0 pk=-39.7 c0=4.5 c1=11.1 kw=10.86 inf=2.66 iv=1.21 n=4 d=0 sk=0 hf=98144 hm=96888 ht=283428 pf=0 pm=0 pt=0 ru=233404 rp=234660
18:00:59.171 @I ww=marvin cut=0.50 win=5 cool=1000 tick=100 wifi=0 srv=0 li=0 ln=0
18:00:59.171 @T t=414257 s=0.000 lv=-39.7 pk=-38.7 c0=4.9 c1=9.3 kw=9.14 inf=2.36 iv=1.16 n=4 d=0 sk=0 hf=98144 hm=96888 ht=283428 pf=0 pm=0 pt=0 ru=233404 rp=234660
18:00:59.171 @T t=414343 s=0.000 lv=-40.0 pk=-39.4 c0=4.3 c1=8.2 kw=8.00 inf=3.15 iv=1.22 n=2 d=0 sk=0 hf=98144 hm=96888 ht=283428 pf=0 pm=0 pt=0 ru=233404 rp=234660
18:00:59.171 @T t=414452 s=0.000 lv=-40.5 pk=-37.0 c0=9.2 c1=10.8 kw=10.50 inf=2.64 iv=1.18 n=4 d=0 sk=0 hf=98144 hm=96888 ht=283428 pf=0 pm=0 pt=0 ru=233404 rp=234660
18:00:59.171 @T t=414558 s=0.000 lv=-40.9 pk=-38.8 c0=4.6 c1=10.3 kw=10.03 inf=2.48 iv=1.25 n=4 d=0 sk=0 hf=98144 hm=96888 ht=283428 pf=0 pm=0 pt=0 ru=233404 rp=234660
18:00:59.171 @T t=414644 s=0.000 lv=-41.6 pk=-40.4 c0=4.1 c1=8.0 kw=7.80 inf=3.07 iv=1.16 n=2 d=0 sk=0 hf=98144 hm=96888 ht=283428 pf=0 pm=0 pt=0 ru=233404 rp=234660
18:01:01.663 @T t=414750 s=0.000 lv=-38.7 pk=-37.6 c0=6.5 c1=10.8 kw=10.60 inf=2.59 iv=1.12 n=4 d=0 sk=0 hf=98144 hm=96888 ht=283428 pf=0 pm=0 pt=0 ru=233404 rp=234660
18:01:01.663 @T t=414856 s=0.000 lv=-39.3 pk=-37.5 c0=3.4 c1=5.1 kw=4.97 inf=1.53 iv=0.00 n=0 d=0 sk=3 hf=98144 hm=96888 ht=283428 pf=0 pm=0 pt=0 ru=233404 rp=234660
18:01:01.663 @T t=414942 s=0.000 lv=-40.8 pk=-38.6 c0=7.7 c1=5.0 kw=4.87 inf=1.83 iv=0.00 n=0 d=0 sk=2 hf=98144 hm=96888 ht=283428 pf=0 pm=0 pt=0 ru=233404 rp=234660
18:01:01.663 @T t=415048 s=0.000 lv=-40.3 pk=-38.3 c0=3.1 c1=6.1 kw=5.90 inf=1.36 iv=0.00 n=0 d=0 sk=4 hf=98144 hm=96888 ht=283428 pf=0 pm=0 pt=0 ru=233404 rp=234660
18:01:01.663 @T t=415154 s=0.000 lv=-38.4 pk=-36.2 c0=6.6 c1=5.1 kw=4.98 inf=1.54 iv=0.00 n=0 d=0 sk=3 hf=98144 hm=96888 ht=283428 pf=0 pm=0 pt=0 ru=233404 rp=234660
18:01:01.663 @I ww=marvin cut=0.50 win=5 cool=1000 tick=100 wifi=0 srv=0 li=0 ln=0
18:01:01.663 @T t=415246 s=0.000 lv=-39.6 pk=-37.4 c0=4.5 c1=5.8 kw=5.68 inf=1.52 iv=0.00 n=0 d=0 sk=3 hf=98144 hm=96888 ht=283428 pf=0 pm=0 pt=0 ru=233404 rp=234660
18:01:01.663 @T t=415352 s=0.000 lv=-38.4 pk=-37.4 c0=3.0 c1=5.1 kw=4.92 inf=1.52 iv=0.00 n=0 d=0 sk=3 hf=98144 hm=96888 ht=283428 pf=0 pm=0 pt=0 ru=233404 rp=234660
18:01:01.663 @T t=415458 s=0.000 lv=-39.2 pk=-38.4 c0=7.9 c1=5.2 kw=4.91 inf=1.51 iv=0.00 n=0 d=0 sk=3 hf=98144 hm=96888 ht=283428 pf=0 pm=0 pt=0 ru=233404 rp=234660
18:01:01.663 @T t=415544 s=0.000 lv=-39.7 pk=-39.0 c0=5.3 c1=6.1 kw=5.09 inf=1.91 iv=0.00 n=0 d=0 sk=2 hf=98144 hm=96888 ht=283428 pf=0 pm=0 pt=0 ru=233404 rp=234660
18:01:01.663 @T t=415653 s=0.000 lv=-40.8 pk=-38.6 c0=9.5 c1=6.2 kw=5.98 inf=1.42 iv=0.00 n=0 d=0 sk=4 hf=98144 hm=96888 ht=283428 pf=0 pm=0 pt=0 ru=233404 rp=234660
18:01:01.663 @T t=415739 s=0.000 lv=-40.2 pk=-38.8 c0=4.7 c1=5.1 kw=4.97 inf=1.86 iv=0.00 n=0 d=0 sk=2 hf=98144 hm=96888 ht=283428 pf=0 pm=0 pt=0 ru=233404 rp=234660
18:01:01.663 @T t=415845 s=0.000 lv=-40.4 pk=-39.4 c0=3.9 c1=5.5 kw=5.11 inf=1.53 iv=0.00 n=0 d=0 sk=3 hf=98144 hm=96888 ht=283428 pf=0 pm=0 pt=0 ru=233404 rp=234660
18:01:01.663 @T t=415951 s=0.000 lv=-36.3 pk=-34.6 c0=4.1 c1=16.8 kw=16.25 inf=1.38 iv=0.98 n=11 d=0 sk=1 hf=98144 hm=96888 ht=283428 pf=0 pm=0 pt=0 ru=233404 rp=234660
18:01:01.663 @T t=416057 s=0.000 lv=-40.4 pk=-39.3 c0=4.2 c1=9.6 kw=9.42 inf=2.32 iv=1.13 n=4 d=0 sk=0 hf=98144 hm=96888 ht=283428 pf=0 pm=0 pt=0 ru=233404 rp=234660
18:01:01.663 @T t=416143 s=0.000 lv=-38.1 pk=-36.7 c0=4.0 c1=8.3 kw=8.14 inf=3.22 iv=1.28 n=2 d=0 sk=0 hf=98144 hm=96888 ht=283428 pf=0 pm=0 pt=0 ru=233404 rp=234660
18:01:01.663 @I ww=marvin cut=0.50 win=5 cool=1000 tick=100 wifi=0 srv=0 li=0 ln=0
18:01:01.663 @T t=416254 s=0.000 lv=-38.6 pk=-35.8 c0=5.0 c1=10.9 kw=10.65 inf=2.73 iv=1.27 n=4 d=0 sk=0 hf=98144 hm=96888 ht=283428 pf=0 pm=0 pt=0 ru=233404 rp=234660
18:01:01.663 @T t=416340 s=0.000 lv=-40.7 pk=-39.6 c0=5.2 c1=9.8 kw=9.53 inf=2.54 iv=1.24 n=3 d=0 sk=0 hf=98144 hm=96888 ht=283428 pf=0 pm=0 pt=0 ru=233404 rp=234660
18:01:01.663 @T t=416446 s=0.000 lv=-40.2 pk=-39.2 c0=4.2 c1=10.0 kw=8.62 inf=2.07 iv=0.86 n=4 d=0 sk=0 hf=98144 hm=96888 ht=283428 pf=0 pm=0 pt=0 ru=233404 rp=234660
18:01:01.664 @T t=416552 s=0.000 lv=-38.0 pk=-36.8 c0=4.8 c1=11.4 kw=11.57 inf=3.84 iv=1.75 n=3 d=0 sk=0 hf=98144 hm=96888 ht=283428 pf=0 pm=0 pt=0 ru=233404 rp=234660
18:01:01.664 @T t=416641 s=0.000 lv=-38.9 pk=-37.7 c0=3.8 c1=9.2 kw=9.07 inf=2.50 iv=1.21 n=3 d=0 sk=0 hf=98144 hm=96888 ht=283428 pf=0 pm=0 pt=0 ru=233404 rp=234660
18:01:01.664 @T t=416747 s=0.000 lv=-39.9 pk=-38.8 c0=4.5 c1=11.1 kw=10.83 inf=2.66 iv=1.22 n=4 d=0 sk=0 hf=98144 hm=96888 ht=283428 pf=0 pm=0 pt=0 ru=233404 rp=234660
18:01:01.664 @T t=416853 s=0.000 lv=-39.3 pk=-37.5 c0=3.9 c1=8.9 kw=8.54 inf=2.78 iv=1.19 n=3 d=0 sk=0 hf=98144 hm=96888 ht=283428 pf=0 pm=0 pt=0 ru=233404 rp=234660
18:01:01.664 @T t=416939 s=0.000 lv=-40.0 pk=-39.3 c0=4.0 c1=9.1 kw=9.05 inf=2.40 iv=1.12 n=3 d=0 sk=0 hf=98144 hm=96888 ht=283428 pf=0 pm=0 pt=0 ru=233404 rp=234660
18:01:01.664 @T t=417045 s=0.000 lv=-39.4 pk=-37.7 c0=3.3 c1=8.9 kw=8.47 inf=2.71 iv=1.12 n=3 d=0 sk=0 hf=98144 hm=96888 ht=283428 pf=0 pm=0 pt=0 ru=233404 rp=234660
18:01:01.664 @T t=417151 s=0.000 lv=-39.1 pk=-37.3 c0=6.4 c1=10.7 kw=10.64 inf=2.64 iv=1.20 n=4 d=0 sk=0 hf=98144 hm=96888 ht=283428 pf=0 pm=0 pt=0 ru=233404 rp=234660
18:01:01.664 @I ww=marvin cut=0.50 win=5 cool=1000 tick=100 wifi=0 srv=0 li=0 ln=0
18:01:04.274 @T t=417243 s=0.000 lv=-38.8 pk=-38.5 c0=4.8 c1=8.7 kw=8.56 inf=2.44 iv=1.15 n=3 d=0 sk=0 hf=98144 hm=96888 ht=283428 pf=0 pm=0 pt=0 ru=233404 rp=234660
18:01:04.274 @T t=417349 s=0.000 lv=-41.0 pk=-39.4 c0=3.3 c1=10.7 kw=10.42 inf=2.55 iv=1.12 n=4 d=0 sk=0 hf=98144 hm=96888 ht=283428 pf=0 pm=0 pt=0 ru=233404 rp=234660
18:01:04.274 @T t=417455 s=0.000 lv=-39.8 pk=-38.9 c0=3.4 c1=8.6 kw=8.43 inf=2.74 iv=1.16 n=3 d=0 sk=0 hf=98144 hm=96888 ht=283428 pf=0 pm=0 pt=0 ru=233404 rp=234660
18:01:04.274 @T t=417541 s=0.000 lv=-39.5 pk=-38.2 c0=9.2 c1=11.0 kw=9.80 inf=2.61 iv=1.29 n=3 d=0 sk=0 hf=98144 hm=96888 ht=283428 pf=0 pm=0 pt=0 ru=233404 rp=234660
18:01:04.274 @T t=417647 s=0.000 lv=-37.7 pk=-35.7 c0=3.3 c1=6.1 kw=5.96 inf=1.38 iv=0.00 n=0 d=0 sk=4 hf=98144 hm=96888 ht=283428 pf=0 pm=0 pt=0 ru=233404 rp=234660
18:01:04.274 @T t=417753 s=0.000 lv=-36.3 pk=-35.4 c0=2.9 c1=5.0 kw=4.88 inf=1.50 iv=0.00 n=0 d=0 sk=3 hf=98144 hm=96888 ht=283428 pf=0 pm=0 pt=0 ru=233404 rp=234660
18:01:04.274 @T t=417839 s=0.000 lv=-38.2 pk=-36.4 c0=3.6 c1=5.0 kw=4.83 inf=1.81 iv=0.00 n=0 d=0 sk=2 hf=98144 hm=96888 ht=283428 pf=0 pm=0 pt=0 ru=233404 rp=234660
18:01:04.274 @T t=417945 s=0.000 lv=-38.4 pk=-37.3 c0=5.4 c1=5.7 kw=5.19 inf=1.56 iv=0.00 n=0 d=0 sk=3 hf=98144 hm=96888 ht=283428 pf=0 pm=0 pt=0 ru=233404 rp=234660
18:01:04.274 @T t=418051 s=0.000 lv=-37.8 pk=-34.4 c0=4.5 c1=16.8 kw=16.22 inf=1.37 iv=0.98 n=11 d=0 sk=1 hf=98144 hm=96888 ht=283428 pf=0 pm=0 pt=0 ru=233404 rp=234660
18:01:04.274 @T t=418157 s=0.000 lv=-38.4 pk=-37.1 c0=4.2 c1=10.1 kw=9.90 inf=2.44 iv=1.22 n=4 d=0 sk=0 hf=98144 hm=96888 ht=283428 pf=0 pm=0 pt=0 ru=233404 rp=234660
18:01:04.274 @I ww=marvin cut=0.50 win=5 cool=1000 tick=100 wifi=0 srv=0 li=0 ln=0
18:01:04.274 @T t=418248 s=0.000 lv=-37.9 pk=-36.1 c0=5.8 c1=10.4 kw=10.17 inf=2.85 iv=1.23 n=3 d=0 sk=0 hf=98144 hm=96888 ht=283428 pf=0 pm=0 pt=0 ru=233404 rp=234660
18:01:04.274 @T t=418354 s=0.000 lv=-39.4 pk=-37.5 c0=4.2 c1=8.6 kw=8.40 inf=2.73 iv=1.12 n=3 d=0 sk=0 hf=98144 hm=96888 ht=283428 pf=0 pm=0 pt=0 ru=233404 rp=234660
18:01:04.274 @T t=418440 s=0.000 lv=-39.2 pk=-38.9 c0=4.0 c1=9.3 kw=9.13 inf=2.43 iv=1.14 n=3 d=0 sk=0 hf=98144 hm=96888 ht=283428 pf=0 pm=0 pt=0 ru=233404 rp=234660
18:01:04.274 @T t=418546 s=0.000 lv=-38.2 pk=-34.9 c0=5.0 c1=11.5 kw=9.33 inf=2.26 iv=1.03 n=4 d=0 sk=0 hf=98144 hm=96888 ht=283428 pf=0 pm=0 pt=0 ru=233404 rp=234660
18:01:04.274 @T t=418655 s=0.000 lv=-34.6 pk=-31.5 c0=3.9 c1=9.9 kw=10.36 inf=3.52 iv=1.60 n=3 d=0 sk=0 hf=98144 hm=96888 ht=283428 pf=0 pm=0 pt=0 ru=233404 rp=234660
18:01:04.274 @T t=418741 s=0.000 lv=-34.7 pk=-33.2 c0=5.1 c1=9.8 kw=9.59 inf=2.55 iv=1.24 n=3 d=0 sk=0 hf=98144 hm=96888 ht=283428 pf=0 pm=0 pt=0 ru=233404 rp=234660
18:01:04.274 @T t=418847 s=0.000 lv=-37.0 pk=-34.9 c0=4.2 c1=11.1 kw=11.07 inf=2.72 iv=1.26 n=4 d=0 sk=0 hf=98144 hm=96888 ht=283428 pf=0 pm=0 pt=0 ru=233404 rp=234660
18:01:04.274 @T t=418953 s=0.000 lv=-36.3 pk=-33.2 c0=4.4 c1=9.0 kw=8.63 inf=2.81 iv=1.18 n=3 d=0 sk=0 hf=98144 hm=96888 ht=283428 pf=0 pm=0 pt=0 ru=233404 rp=234660
18:01:04.274 @T t=419039 s=0.000 lv=-39.8 pk=-39.3 c0=7.4 c1=9.6 kw=9.36 inf=2.49 iv=1.21 n=3 d=0 sk=0 hf=98144 hm=96888 ht=283428 pf=0 pm=0 pt=0 ru=233404 rp=234660
18:01:04.274 @T t=419145 s=0.000 lv=-40.0 pk=-38.6 c0=7.6 c1=9.6 kw=9.14 inf=2.94 iv=1.31 n=3 d=0 sk=0 hf=98144 hm=96888 ht=283428 pf=0 pm=0 pt=0 ru=233404 rp=234660
18:01:04.274 @I ww=marvin cut=0.50 win=5 cool=1000 tick=100 wifi=0 srv=0 li=0 ln=0
18:01:04.274 @T t=419257 s=0.000 lv=-39.5 pk=-38.3 c0=4.7 c1=10.7 kw=10.72 inf=2.82 iv=1.34 n=4 d=0 sk=0 hf=98144 hm=96888 ht=283428 pf=0 pm=0 pt=0 ru=233404 rp=234660
18:01:04.274 @T t=419343 s=0.000 lv=-39.9 pk=-38.1 c0=4.1 c1=9.5 kw=9.30 inf=2.48 iv=1.18 n=3 d=0 sk=0 hf=98144 hm=96888 ht=283428 pf=0 pm=0 pt=0 ru=233404 rp=234660
18:01:04.274 @T t=419452 s=0.000 lv=-38.8 pk=-38.3 c0=8.6 c1=10.6 kw=10.38 inf=2.61 iv=1.15 n=4 d=0 sk=0 hf=98144 hm=96888 ht=283428 pf=0 pm=0 pt=0 ru=233404 rp=234660
18:01:04.274 @T t=419558 s=0.000 lv=-42.0 pk=-41.1 c0=4.3 c1=10.0 kw=9.03 inf=2.95 iv=1.32 n=3 d=0 sk=0 hf=98144 hm=96888 ht=283428 pf=0 pm=0 pt=0 ru=233404 rp=234660
18:01:04.274 @T t=419644 s=0.000 lv=-41.6 pk=-40.6 c0=4.1 c1=9.6 kw=9.35 inf=2.49 iv=1.20 n=3 d=0 sk=0 hf=98144 hm=96888 ht=283428 pf=0 pm=0 pt=0 ru=233404 rp=234660
18:01:04.274 @T t=419750 s=0.000 lv=-40.0 pk=-37.9 c0=3.4 c1=10.8 kw=10.60 inf=2.59 iv=1.14 n=4 d=0 sk=0 hf=98144 hm=96888 ht=283428 pf=0 pm=0 pt=0 ru=233404 rp=234660
18:01:06.580 @T t=419856 s=0.000 lv=-38.5 pk=-36.2 c0=3.4 c1=8.7 kw=8.47 inf=2.76 iv=1.17 n=3 d=0 sk=0 hf=98144 hm=96888 ht=283428 pf=0 pm=0 pt=0 ru=233404 rp=234660
18:01:06.580 @T t=419942 s=0.000 lv=-40.9 pk=-39.5 c0=7.9 c1=9.8 kw=9.56 inf=2.55 iv=1.23 n=3 d=0 sk=0 hf=98144 hm=96888 ht=283428 pf=0 pm=0 pt=0 ru=233404 rp=234660
18:01:06.580 @T t=420048 s=0.000 lv=-39.7 pk=-38.7 c0=3.4 c1=10.8 kw=10.63 inf=2.60 iv=1.17 n=4 d=0 sk=0 hf=98144 hm=96888 ht=283428 pf=0 pm=0 pt=0 ru=233404 rp=234660
18:01:06.580 @T t=420154 s=0.000 lv=-40.3 pk=-39.1 c0=6.5 c1=8.6 kw=8.43 inf=2.74 iv=1.16 n=3 d=0 sk=0 hf=98144 hm=96888 ht=283428 pf=0 pm=0 pt=0 ru=233404 rp=234660
18:01:06.580 @I ww=marvin cut=0.50 win=5 cool=1000 tick=100 wifi=0 srv=0 li=0 ln=0
18:01:06.580 @T t=420246 s=0.000 lv=-42.0 pk=-40.7 c0=4.7 c1=10.2 kw=8.67 inf=2.42 iv=1.14 n=3 d=0 sk=0 hf=98144 hm=96888 ht=283428 pf=0 pm=0 pt=0 ru=233404 rp=234660
18:01:06.580 @T t=420352 s=0.000 lv=-41.7 pk=-39.0 c0=5.5 c1=10.4 kw=10.71 inf=2.66 iv=1.18 n=4 d=0 sk=0 hf=98144 hm=96888 ht=283428 pf=0 pm=0 pt=0 ru=233404 rp=234660
18:01:06.580 @T t=420458 s=0.000 lv=-40.1 pk=-39.1 c0=4.2 c1=9.2 kw=9.02 inf=2.94 iv=1.31 n=3 d=0 sk=0 hf=98144 hm=96888 ht=283428 pf=0 pm=0 pt=0 ru=233404 rp=234660
18:01:06.580 @T t=420544 s=0.000 lv=-38.9 pk=-37.9 c0=5.8 c1=8.0 kw=6.89 inf=1.78 iv=1.38 n=1 d=0 sk=2 hf=98144 hm=96888 ht=283428 pf=0 pm=0 pt=0 ru=233404 rp=234660
18:01:06.580 @T t=420653 s=0.000 lv=-38.2 pk=-36.0 c0=9.4 c1=6.1 kw=5.93 inf=1.41 iv=0.00 n=0 d=0 sk=4 hf=98144 hm=96888 ht=283428 pf=0 pm=0 pt=0 ru=233404 rp=234660
18:01:06.580 @T t=420739 s=0.000 lv=-38.6 pk=-37.0 c0=3.9 c1=5.0 kw=4.90 inf=1.84 iv=0.00 n=0 d=0 sk=2 hf=98144 hm=96888 ht=283428 pf=0 pm=0 pt=0 ru=233404 rp=234660
18:01:06.580 @T t=420845 s=0.000 lv=-40.7 pk=-40.1 c0=4.0 c1=5.5 kw=5.08 inf=1.53 iv=0.00 n=0 d=0 sk=3 hf=98144 hm=96888 ht=283428 pf=0 pm=0 pt=0 ru=233404 rp=234660
18:01:06.580 @T t=420951 s=0.000 lv=-41.7 pk=-40.5 c0=4.3 c1=6.4 kw=5.87 inf=1.84 iv=0.00 n=0 d=0 sk=3 hf=98144 hm=96888 ht=283428 pf=0 pm=0 pt=0 ru=233404 rp=234660
18:01:06.580 @T t=421057 s=0.000 lv=-42.6 pk=-41.8 c0=4.1 c1=5.2 kw=4.99 inf=1.54 iv=0.00 n=0 d=0 sk=3 hf=98144 hm=96888 ht=283428 pf=0 pm=0 pt=0 ru=233404 rp=234660
18:01:06.580 @T t=421143 s=0.000 lv=-40.7 pk=-39.1 c0=4.9 c1=5.1 kw=4.98 inf=1.87 iv=0.00 n=0 d=0 sk=2 hf=98144 hm=96888 ht=283428 pf=0 pm=0 pt=0 ru=233404 rp=234660
18:01:06.580 @I ww=marvin cut=0.50 win=5 cool=1000 tick=100 wifi=0 srv=0 li=0 ln=0
18:01:06.580 @T t=421257 s=0.000 lv=-41.1 pk=-39.9 c0=13.8 c1=5.8 kw=5.61 inf=1.39 iv=0.00 n=0 d=0 sk=4 hf=98144 hm=96888 ht=283428 pf=0 pm=0 pt=0 ru=233404 rp=234660
18:01:06.580 @T t=421343 s=0.000 lv=-40.0 pk=-38.7 c0=4.1 c1=5.0 kw=4.92 inf=1.84 iv=0.00 n=0 d=0 sk=2 hf=98144 hm=96888 ht=283428 pf=0 pm=0 pt=0 ru=233404 rp=234660
18:01:06.580 @T t=421448 s=0.000 lv=-41.6 pk=-40.3 c0=6.4 c1=6.2 kw=6.03 inf=1.38 iv=0.00 n=0 d=0 sk=4 hf=98144 hm=96888 ht=283428 pf=0 pm=0 pt=0 ru=233404 rp=234660
18:01:06.580 [status] up 421s | mic -39.2 dBFS (peak -31.5) | score max 0.00 | detections 0 | inferences 246 (24.6/s; model 1.18 ms each, paused in quiet 29%; features 1.38 ms per 30 ms) | CPU core0  5.3% core1  8.7% (wake word pipeline 8.40% of one core) | RAM used 227 KB (peak 229 KB, 95 KB free) | wifi --, server -- | audio lost since boot: i2s 0 net 0
18:01:06.580 @T t=421556 s=0.000 lv=-40.7 pk=-39.7 c0=9.1 c1=6.0 kw=5.08 inf=1.59 iv=0.00 n=0 d=0 sk=3 hf=98144 hm=96888 ht=283428 pf=0 pm=0 pt=0 ru=233404 rp=234660
18:01:06.580 @T t=421643 s=0.000 lv=-37.3 pk=-36.7 c0=4.3 c1=5.0 kw=4.86 inf=1.85 iv=0.00 n=0 d=0 sk=2 hf=98144 hm=96888 ht=283428 pf=0 pm=0 pt=0 ru=233404 rp=234660
18:01:06.580 @T t=421752 s=0.000 lv=-39.8 pk=-38.8 c0=8.4 c1=5.9 kw=5.75 inf=1.37 iv=0.00 n=0 d=0 sk=4 hf=98144 hm=96888 ht=283428 pf=0 pm=0 pt=0 ru=233404 rp=234660
18:01:06.580 @T t=421858 s=0.000 lv=-39.9 pk=-39.0 c0=3.1 c1=5.0 kw=4.88 inf=1.50 iv=0.00 n=0 d=0 sk=3 hf=98144 hm=96888 ht=283428 pf=0 pm=0 pt=0 ru=233404 rp=234660
18:01:06.580 @T t=421945 s=0.000 lv=-40.5 pk=-38.9 c0=3.7 c1=5.4 kw=4.97 inf=1.22 iv=0.00 n=0 d=0 sk=3 hf=98144 hm=96888 ht=283428 pf=0 pm=0 pt=0 ru=233404 rp=234660
18:01:06.581 @T t=422051 s=0.000 lv=-40.4 pk=-38.8 c0=6.6 c1=6.2 kw=5.75 inf=1.81 iv=0.00 n=0 d=0 sk=3 hf=98144 hm=96888 ht=283428 pf=0 pm=0 pt=0 ru=233404 rp=234660
18:01:09.151 @T t=422157 s=0.000 lv=-37.4 pk=-36.6 c0=3.0 c1=5.1 kw=4.96 inf=1.53 iv=0.00 n=0 d=0 sk=3 hf=98144 hm=96888 ht=283428 pf=0 pm=0 pt=0 ru=233404 rp=234660
18:01:09.151 @I ww=marvin cut=0.50 win=5 cool=1000 tick=100 wifi=0 srv=0 li=0 ln=0
18:01:09.151 @T t=422249 s=0.000 lv=-40.1 pk=-38.7 c0=13.3 c1=5.8 kw=5.69 inf=1.52 iv=0.00 n=0 d=0 sk=3 hf=98144 hm=96888 ht=283428 pf=0 pm=0 pt=0 ru=233404 rp=234660
18:01:09.151 @T t=422355 s=0.000 lv=-39.5 pk=-38.2 c0=6.7 c1=5.1 kw=4.97 inf=1.53 iv=0.00 n=0 d=0 sk=3 hf=98144 hm=96888 ht=283428 pf=0 pm=0 pt=0 ru=233404 rp=234660
18:01:09.151 @T t=422441 s=0.000 lv=-40.4 pk=-39.2 c0=3.8 c1=5.0 kw=4.85 inf=1.82 iv=0.00 n=0 d=0 sk=2 hf=98144 hm=96888 ht=283428 pf=0 pm=0 pt=0 ru=233404 rp=234660
18:01:09.151 @T t=422547 s=0.000 lv=-38.1 pk=-35.9 c0=3.5 c1=6.9 kw=6.00 inf=1.39 iv=0.00 n=0 d=0 sk=4 hf=98144 hm=96888 ht=283428 pf=0 pm=0 pt=0 ru=233404 rp=234660
18:01:09.151 @T t=422653 s=0.000 lv=-40.0 pk=-38.2 c0=6.5 c1=5.0 kw=4.91 inf=1.51 iv=0.00 n=0 d=0 sk=3 hf=98144 hm=96888 ht=283428 pf=0 pm=0 pt=0 ru=233404 rp=234660
18:01:09.151 @T t=422739 s=0.000 lv=-39.7 pk=-38.9 c0=6.5 c1=5.4 kw=5.07 inf=1.90 iv=0.00 n=0 d=0 sk=2 hf=98144 hm=96888 ht=283428 pf=0 pm=0 pt=0 ru=233404 rp=234660
18:01:09.151 @T t=422845 s=0.000 lv=-42.3 pk=-41.7 c0=4.5 c1=5.5 kw=5.12 inf=1.54 iv=0.00 n=0 d=0 sk=3 hf=98144 hm=96888 ht=283428 pf=0 pm=0 pt=0 ru=233404 rp=234660
18:01:09.151 @T t=422951 s=0.000 lv=-40.1 pk=-39.1 c0=4.0 c1=6.4 kw=5.91 inf=1.86 iv=0.00 n=0 d=0 sk=3 hf=98144 hm=96888 ht=283428 pf=0 pm=0 pt=0 ru=233404 rp=234660
18:01:09.151 @T t=423057 s=0.000 lv=-39.9 pk=-38.9 c0=3.9 c1=5.2 kw=5.02 inf=1.55 iv=0.00 n=0 d=0 sk=3 hf=98144 hm=96888 ht=283428 pf=0 pm=0 pt=0 ru=233404 rp=234660
18:01:09.151 @T t=423143 s=0.000 lv=-39.8 pk=-37.6 c0=3.9 c1=5.0 kw=4.87 inf=1.83 iv=0.00 n=0 d=0 sk=2 hf=98144 hm=96888 ht=283428 pf=0 pm=0 pt=0 ru=233404 rp=234660
18:01:09.151 @I ww=marvin cut=0.50 win=5 cool=1000 tick=100 wifi=0 srv=0 li=0 ln=0
18:01:09.151 @T t=423255 s=0.000 lv=-39.1 pk=-37.5 c0=4.3 c1=5.9 kw=5.67 inf=1.38 iv=0.00 n=0 d=0 sk=4 hf=98144 hm=96888 ht=283428 pf=0 pm=0 pt=0 ru=233404 rp=234660
18:01:09.151 @T t=423341 s=0.000 lv=-38.9 pk=-37.1 c0=5.0 c1=5.1 kw=4.98 inf=1.86 iv=0.00 n=0 d=0 sk=2 hf=98144 hm=96888 ht=283428 pf=0 pm=0 pt=0 ru=233404 rp=234660
18:01:09.151 @T t=423447 s=0.000 lv=-39.0 pk=-37.5 c0=4.0 c1=6.1 kw=5.96 inf=1.38 iv=0.00 n=0 d=0 sk=4 hf=98144 hm=96888 ht=283428 pf=0 pm=0 pt=0 ru=233404 rp=234660
18:01:09.151 @T t=423553 s=0.000 lv=-41.4 pk=-39.5 c0=4.5 c1=6.0 kw=5.09 inf=1.56 iv=0.00 n=0 d=0 sk=3 hf=98144 hm=96888 ht=283428 pf=0 pm=0 pt=0 ru=233404 rp=234660
18:01:09.151 @T t=423639 s=0.000 lv=-39.0 pk=-38.1 c0=4.7 c1=5.4 kw=4.92 inf=1.85 iv=0.00 n=0 d=0 sk=2 hf=98144 hm=96888 ht=283428 pf=0 pm=0 pt=0 ru=233404 rp=234660
18:01:09.151 @T t=423745 s=0.000 lv=-36.4 pk=-34.0 c0=3.4 c1=15.6 kw=15.53 inf=1.20 iv=0.98 n=11 d=0 sk=2 hf=98144 hm=96888 ht=283428 pf=0 pm=0 pt=0 ru=233404 rp=234660
18:01:09.151 @T t=423851 s=0.000 lv=-36.8 pk=-33.1 c0=6.8 c1=11.0 kw=10.51 inf=2.61 iv=1.16 n=4 d=0 sk=0 hf=98144 hm=96888 ht=283428 pf=0 pm=0 pt=0 ru=233404 rp=234660
18:01:09.151 @T t=423957 s=0.000 lv=-40.5 pk=-39.2 c0=6.9 c1=9.0 kw=8.78 inf=2.86 iv=1.23 n=3 d=0 sk=0 hf=98144 hm=96888 ht=283428 pf=0 pm=0 pt=0 ru=233404 rp=234660
18:01:09.151 @T t=424043 s=0.000 lv=-40.8 pk=-40.1 c0=4.7 c1=9.7 kw=9.49 inf=2.53 iv=1.24 n=3 d=0 sk=0 hf=98144 hm=96888 ht=283428 pf=0 pm=0 pt=0 ru=233404 rp=234660
18:01:09.152 @T t=424151 s=0.000 lv=-39.0 pk=-37.3 c0=3.1 c1=10.6 kw=10.40 inf=2.59 iv=1.15 n=4 d=0 sk=0 hf=98144 hm=96888 ht=283428 pf=0 pm=0 pt=0 ru=233404 rp=234660
18:01:09.152 @I ww=marvin cut=0.50 win=5 cool=1000 tick=100 wifi=0 srv=0 li=0 ln=0
18:01:09.152 @T t=424243 s=0.000 lv=-39.7 pk=-38.3 c0=4.7 c1=7.6 kw=7.45 inf=3.14 iv=1.22 n=2 d=0 sk=0 hf=98144 hm=96888 ht=283428 pf=0 pm=0 pt=0 ru=233404 rp=234660
18:01:09.152 @T t=424352 s=0.000 lv=-40.4 pk=-39.2 c0=8.6 c1=10.5 kw=10.26 inf=2.58 iv=1.14 n=4 d=0 sk=0 hf=98144 hm=96888 ht=283428 pf=0 pm=0 pt=0 ru=233404 rp=234660
18:01:09.152 @T t=424458 s=0.000 lv=-40.7 pk=-39.8 c0=3.8 c1=9.5 kw=9.26 inf=2.28 iv=1.09 n=4 d=0 sk=0 hf=98144 hm=96888 ht=283428 pf=0 pm=0 pt=0 ru=233404 rp=234660
18:01:09.152 @T t=424544 s=0.000 lv=-39.4 pk=-38.7 c0=4.7 c1=9.7 kw=8.55 inf=3.39 iv=1.40 n=2 d=0 sk=0 hf=98144 hm=96888 ht=283428 pf=0 pm=0 pt=0 ru=233404 rp=234660
18:01:09.152 @T t=424653 s=0.000 lv=-39.7 pk=-38.7 c0=3.2 c1=10.3 kw=10.12 inf=2.54 iv=1.09 n=4 d=0 sk=0 hf=98144 hm=96888 ht=283428 pf=0 pm=0 pt=0 ru=233404 rp=234660
18:01:11.666 @T t=424739 s=0.000 lv=-42.3 pk=-40.7 c0=4.7 c1=9.6 kw=9.36 inf=2.49 iv=1.19 n=3 d=0 sk=0 hf=98144 hm=96888 ht=283428 pf=0 pm=0 pt=0 ru=233404 rp=234660
18:01:11.666 @T t=424845 s=0.000 lv=-41.3 pk=-40.2 c0=3.3 c1=9.0 kw=8.59 inf=2.75 iv=1.16 n=3 d=0 sk=0 hf=98144 hm=96888 ht=283428 pf=0 pm=0 pt=0 ru=233404 rp=234660
18:01:11.666 @T t=424951 s=0.000 lv=-37.8 pk=-36.6 c0=6.1 c1=10.5 kw=10.53 inf=2.62 iv=1.18 n=4 d=0 sk=0 hf=98144 hm=96888 ht=283428 pf=0 pm=0 pt=0 ru=233404 rp=234660
18:01:11.666 @T t=425057 s=0.000 lv=-39.0 pk=-37.4 c0=6.5 c1=9.4 kw=9.21 inf=2.26 iv=1.08 n=4 d=0 sk=0 hf=98144 hm=96888 ht=283428 pf=0 pm=0 pt=0 ru=233404 rp=234660
18:01:11.666 @T t=425143 s=0.000 lv=-39.4 pk=-37.8 c0=6.5 c1=8.6 kw=8.18 inf=3.21 iv=1.24 n=2 d=0 sk=0 hf=98144 hm=96888 ht=283428 pf=0 pm=0 pt=0 ru=233404 rp=234660
18:01:11.666 @I ww=marvin cut=0.50 win=5 cool=1000 tick=100 wifi=0 srv=0 li=0 ln=0
18:01:11.666 @T t=425258 s=0.000 lv=-39.4 pk=-37.4 c0=14.2 c1=10.4 kw=10.18 inf=2.71 iv=1.22 n=4 d=0 sk=0 hf=98144 hm=96888 ht=283428 pf=0 pm=0 pt=0 ru=233404 rp=234660
18:01:11.666 @T t=425344 s=0.000 lv=-42.0 pk=-41.6 c0=5.3 c1=9.8 kw=9.62 inf=2.56 iv=1.24 n=3 d=0 sk=0 hf=98144 hm=96888 ht=283428 pf=0 pm=0 pt=0 ru=233404 rp=234660
18:01:11.666 @T t=425452 s=0.000 lv=-40.6 pk=-39.2 c0=4.0 c1=7.6 kw=7.37 inf=2.37 iv=1.37 n=1 d=0 sk=2 hf=98144 hm=96888 ht=283428 pf=0 pm=0 pt=0 ru=233404 rp=234660
18:01:11.666 @T t=425558 s=0.000 lv=-39.5 pk=-38.7 c0=3.8 c1=6.0 kw=5.08 inf=1.57 iv=0.00 n=0 d=0 sk=3 hf=98144 hm=96888 ht=283428 pf=0 pm=0 pt=0 ru=233404 rp=234660
18:01:11.666 @T t=425644 s=0.000 lv=-41.4 pk=-39.5 c0=5.1 c1=5.2 kw=5.08 inf=1.90 iv=0.00 n=0 d=0 sk=2 hf=98144 hm=96888 ht=283428 pf=0 pm=0 pt=0 ru=233404 rp=234660
18:01:11.666 @T t=425750 s=0.000 lv=-42.3 pk=-41.4 c0=7.5 c1=6.2 kw=6.03 inf=1.39 iv=0.00 n=0 d=0 sk=4 hf=98144 hm=96888 ht=283428 pf=0 pm=0 pt=0 ru=233404 rp=234660
18:01:11.666 @T t=425856 s=0.000 lv=-41.8 pk=-41.2 c0=4.2 c1=5.1 kw=4.98 inf=1.53 iv=0.00 n=0 d=0 sk=3 hf=98144 hm=96888 ht=283428 pf=0 pm=0 pt=0 ru=233404 rp=234660
18:01:11.666 @T t=425942 s=0.000 lv=-41.9 pk=-39.9 c0=4.8 c1=5.1 kw=4.91 inf=1.84 iv=0.00 n=0 d=0 sk=2 hf=98144 hm=96888 ht=283428 pf=0 pm=0 pt=0 ru=233404 rp=234660
18:01:11.666 @T t=426048 s=0.000 lv=-39.5 pk=-38.0 c0=3.8 c1=6.2 kw=5.99 inf=1.39 iv=0.00 n=0 d=0 sk=4 hf=98144 hm=96888 ht=283428 pf=0 pm=0 pt=0 ru=233404 rp=234660
18:01:11.666 @T t=426153 s=0.000 lv=-39.9 pk=-38.5 c0=5.4 c1=5.2 kw=5.04 inf=1.54 iv=0.00 n=0 d=0 sk=3 hf=98144 hm=96888 ht=283428 pf=0 pm=0 pt=0 ru=233404 rp=234660
18:01:11.666 @I ww=marvin cut=0.50 win=5 cool=1000 tick=100 wifi=0 srv=0 li=0 ln=0
18:01:11.666 @T t=426245 s=0.000 lv=-40.5 pk=-39.1 c0=14.2 c1=5.2 kw=4.80 inf=1.24 iv=0.00 n=0 d=0 sk=3 hf=98144 hm=96888 ht=283428 pf=0 pm=0 pt=0 ru=233404 rp=234660
18:01:11.666 @T t=426351 s=0.000 lv=-39.4 pk=-37.6 c0=4.1 c1=6.4 kw=5.87 inf=1.85 iv=0.00 n=0 d=0 sk=3 hf=98144 hm=96888 ht=283428 pf=0 pm=0 pt=0 ru=233404 rp=234660
18:01:11.666 @T t=426457 s=0.000 lv=-40.7 pk=-38.2 c0=3.6 c1=5.1 kw=4.94 inf=1.52 iv=0.00 n=0 d=0 sk=3 hf=98144 hm=96888 ht=283428 pf=0 pm=0 pt=0 ru=233404 rp=234660
18:01:11.666 @T t=426543 s=0.000 lv=-42.8 pk=-42.0 c0=4.4 c1=6.1 kw=4.98 inf=1.87 iv=0.00 n=0 d=0 sk=2 hf=98144 hm=96888 ht=283428 pf=0 pm=0 pt=0 ru=233404 rp=234660
18:01:11.666 @T t=426652 s=0.000 lv=-42.1 pk=-41.0 c0=3.0 c1=5.9 kw=5.75 inf=1.36 iv=0.00 n=0 d=0 sk=4 hf=98144 hm=96888 ht=283428 pf=0 pm=0 pt=0 ru=233404 rp=234660
18:01:11.666 @T t=426758 s=0.000 lv=-39.8 pk=-38.5 c0=2.9 c1=5.1 kw=4.94 inf=1.52 iv=0.00 n=0 d=0 sk=3 hf=98144 hm=96888 ht=283428 pf=0 pm=0 pt=0 ru=233404 rp=234660
18:01:11.666 @T t=426844 s=0.000 lv=-41.9 pk=-40.4 c0=8.5 c1=5.0 kw=4.87 inf=1.82 iv=0.00 n=0 d=0 sk=2 hf=98144 hm=96888 ht=283428 pf=0 pm=0 pt=0 ru=233404 rp=234660
18:01:11.666 @T t=426950 s=0.000 lv=-41.8 pk=-40.5 c0=6.4 c1=6.1 kw=5.96 inf=1.37 iv=0.00 n=0 d=0 sk=4 hf=98144 hm=96888 ht=283428 pf=0 pm=0 pt=0 ru=233404 rp=234660
18:01:11.666 @T t=427056 s=0.000 lv=-42.2 pk=-40.7 c0=3.0 c1=5.0 kw=4.88 inf=1.50 iv=0.00 n=0 d=0 sk=3 hf=98144 hm=96888 ht=283428 pf=0 pm=0 pt=0 ru=233404 rp=234660
18:01:11.666 @T t=427142 s=0.000 lv=-42.4 pk=-41.8 c0=8.2 c1=5.0 kw=4.81 inf=1.80 iv=0.00 n=0 d=0 sk=2 hf=98144 hm=96888 ht=283428 pf=0 pm=0 pt=0 ru=233404 rp=234660
18:01:11.666 @I ww=marvin cut=0.50 win=5 cool=1000 tick=100 wifi=0 srv=0 li=0 ln=0
18:01:14.159 @T t=427254 s=0.000 lv=-39.4 pk=-37.7 c0=3.7 c1=5.8 kw=5.61 inf=1.37 iv=0.00 n=0 d=0 sk=4 hf=98144 hm=96888 ht=283428 pf=0 pm=0 pt=0 ru=233404 rp=234660
18:01:14.159 @T t=427340 s=0.000 lv=-40.3 pk=-39.5 c0=7.7 c1=5.0 kw=4.86 inf=1.82 iv=0.00 n=0 d=0 sk=2 hf=98144 hm=96888 ht=283428 pf=0 pm=0 pt=0 ru=233404 rp=234660
18:01:14.159 @T t=427446 s=0.000 lv=-40.9 pk=-39.2 c0=2.9 c1=6.0 kw=5.85 inf=1.35 iv=0.00 n=0 d=0 sk=4 hf=98144 hm=96888 ht=283428 pf=0 pm=0 pt=0 ru=233404 rp=234660
18:01:14.159 @T t=427552 s=0.000 lv=-40.0 pk=-39.5 c0=6.3 c1=5.4 kw=5.08 inf=1.56 iv=0.00 n=0 d=0 sk=3 hf=98144 hm=96888 ht=283428 pf=0 pm=0 pt=0 ru=233404 rp=234660
18:01:14.159 @T t=427658 s=0.000 lv=-40.1 pk=-39.1 c0=4.7 c1=5.2 kw=5.02 inf=1.55 iv=0.00 n=0 d=0 sk=3 hf=98144 hm=96888 ht=283428 pf=0 pm=0 pt=0 ru=233404 rp=234660
18:01:14.159 @T t=427744 s=0.000 lv=-42.4 pk=-41.9 c0=4.9 c1=5.0 kw=4.83 inf=1.81 iv=0.00 n=0 d=0 sk=2 hf=98144 hm=96888 ht=283428 pf=0 pm=0 pt=0 ru=233404 rp=234660
18:01:14.159 @T t=427850 s=0.000 lv=-40.3 pk=-39.6 c0=5.8 c1=6.2 kw=6.03 inf=1.39 iv=0.00 n=0 d=0 sk=4 hf=98144 hm=96888 ht=283428 pf=0 pm=0 pt=0 ru=233404 rp=234660
18:01:14.159 @T t=427957 s=0.000 lv=-40.3 pk=-39.3 c0=3.9 c1=5.1 kw=4.92 inf=1.53 iv=0.00 n=0 d=0 sk=3 hf=98144 hm=96888 ht=283428 pf=0 pm=0 pt=0 ru=233404 rp=234660
18:01:14.159 @T t=428043 s=0.000 lv=-42.1 pk=-39.6 c0=4.8 c1=5.1 kw=4.92 inf=1.84 iv=0.00 n=0 d=0 sk=2 hf=98144 hm=96888 ht=283428 pf=0 pm=0 pt=0 ru=233404 rp=234660
18:01:14.159 @T t=428149 s=0.000 lv=-39.1 pk=-38.3 c0=4.0 c1=6.2 kw=6.03 inf=1.39 iv=0.00 n=0 d=0 sk=4 hf=98144 hm=96888 ht=283428 pf=0 pm=0 pt=0 ru=233404 rp=234660
18:01:14.159 @I ww=marvin cut=0.50 win=5 cool=1000 tick=100 wifi=0 srv=0 li=0 ln=0
18:01:14.159 @T t=428241 s=0.000 lv=-40.7 pk=-39.7 c0=5.4 c1=4.8 kw=4.64 inf=1.86 iv=0.00 n=0 d=0 sk=2 hf=98144 hm=96888 ht=283428 pf=0 pm=0 pt=0 ru=233404 rp=234660
18:01:14.159 @T t=428347 s=0.000 lv=-39.6 pk=-37.7 c0=4.0 c1=6.1 kw=5.96 inf=1.38 iv=0.00 n=0 d=0 sk=4 hf=98144 hm=96888 ht=283428 pf=0 pm=0 pt=0 ru=233404 rp=234660
18:01:14.159 @T t=428453 s=0.000 lv=-40.0 pk=-39.6 c0=3.2 c1=5.0 kw=4.94 inf=1.52 iv=0.00 n=0 d=0 sk=3 hf=98144 hm=96888 ht=283428 pf=0 pm=0 pt=0 ru=233404 rp=234660
18:01:14.159 @T t=428539 s=0.000 lv=-42.0 pk=-41.7 c0=5.3 c1=6.2 kw=5.03 inf=1.88 iv=0.00 n=0 d=0 sk=2 hf=98144 hm=96888 ht=283428 pf=0 pm=0 pt=0 ru=233404 rp=234660
18:01:14.159 @T t=428645 s=0.000 lv=-40.8 pk=-39.4 c0=6.8 c1=5.5 kw=5.14 inf=1.54 iv=0.00 n=0 d=0 sk=3 hf=98144 hm=96888 ht=283428 pf=0 pm=0 pt=0 ru=233404 rp=234660
18:01:14.159 @T t=428751 s=0.000 lv=-40.6 pk=-39.3 c0=4.3 c1=6.3 kw=5.86 inf=1.84 iv=0.00 n=0 d=0 sk=3 hf=98144 hm=96888 ht=283428 pf=0 pm=0 pt=0 ru=233404 rp=234660
18:01:14.159 @T t=428857 s=0.000 lv=-39.5 pk=-38.8 c0=3.8 c1=5.1 kw=4.99 inf=1.54 iv=0.00 n=0 d=0 sk=3 hf=98144 hm=96888 ht=283428 pf=0 pm=0 pt=0 ru=233404 rp=234660
18:01:14.159 @T t=428943 s=0.000 lv=-41.1 pk=-40.3 c0=3.8 c1=5.0 kw=4.87 inf=1.82 iv=0.00 n=0 d=0 sk=2 hf=98144 hm=96888 ht=283428 pf=0 pm=0 pt=0 ru=233404 rp=234660
18:01:14.159 @T t=429048 s=0.000 lv=-40.6 pk=-39.9 c0=2.9 c1=6.1 kw=5.92 inf=1.36 iv=0.00 n=0 d=0 sk=4 hf=98144 hm=96888 ht=283428 pf=0 pm=0 pt=0 ru=233404 rp=234660
18:01:14.159 @T t=429154 s=0.000 lv=-41.7 pk=-39.3 c0=2.9 c1=5.0 kw=4.91 inf=1.51 iv=0.00 n=0 d=0 sk=3 hf=98144 hm=96888 ht=283428 pf=0 pm=0 pt=0 ru=233404 rp=234660
18:01:14.159 @I ww=marvin cut=0.50 win=5 cool=1000 tick=100 wifi=0 srv=0 li=0 ln=0
18:01:14.159 @T t=429246 s=0.000 lv=-41.8 pk=-39.6 c0=4.7 c1=5.9 kw=5.68 inf=1.52 iv=0.00 n=0 d=0 sk=3 hf=98144 hm=96888 ht=283428 pf=0 pm=0 pt=0 ru=233404 rp=234660
18:01:14.159 @T t=429352 s=0.000 lv=-41.0 pk=-39.8 c0=3.1 c1=5.0 kw=4.91 inf=1.51 iv=0.00 n=0 d=0 sk=3 hf=98144 hm=96888 ht=283428 pf=0 pm=0 pt=0 ru=233404 rp=234660
18:01:14.159 @T t=429458 s=0.000 lv=-41.0 pk=-39.6 c0=3.0 c1=5.0 kw=4.87 inf=1.50 iv=0.00 n=0 d=0 sk=3 hf=98144 hm=96888 ht=283428 pf=0 pm=0 pt=0 ru=233404 rp=234660
18:01:14.159 @T t=429544 s=0.000 lv=-39.4 pk=-37.3 c0=4.9 c1=6.1 kw=4.97 inf=1.86 iv=0.00 n=0 d=0 sk=2 hf=98144 hm=96888 ht=283428 pf=0 pm=0 pt=0 ru=233404 rp=234660
18:01:14.159 @T t=429653 s=0.000 lv=-39.3 pk=-35.4 c0=8.8 c1=18.1 kw=17.85 inf=1.43 iv=0.98 n=13 d=0 sk=0 hf=98144 hm=96888 ht=283428 pf=0 pm=0 pt=0 ru=233404 rp=234660
18:01:16.373 @T t=429739 s=0.000 lv=-39.9 pk=-39.3 c0=4.0 c1=9.2 kw=8.99 inf=2.39 iv=1.10 n=3 d=0 sk=0 hf=98144 hm=96888 ht=283428 pf=0 pm=0 pt=0 ru=233404 rp=234660
18:01:16.373 @T t=429845 s=0.000 lv=-38.0 pk=-36.9 c0=3.3 c1=8.9 kw=8.46 inf=2.71 iv=1.11 n=3 d=0 sk=0 hf=98144 hm=96888 ht=283428 pf=0 pm=0 pt=0 ru=233404 rp=234660
18:01:16.373 @T t=429951 s=0.000 lv=-41.1 pk=-39.4 c0=7.8 c1=11.3 kw=11.12 inf=2.77 iv=1.29 n=4 d=0 sk=0 hf=98144 hm=96888 ht=283428 pf=0 pm=0 pt=0 ru=233404 rp=234660
18:01:16.373 @T t=430057 s=0.000 lv=-39.5 pk=-37.9 c0=4.7 c1=10.2 kw=9.93 inf=2.45 iv=1.23 n=4 d=0 sk=0 hf=98144 hm=96888 ht=283428 pf=0 pm=0 pt=0 ru=233404 rp=234660
18:01:16.373 @T t=430143 s=0.000 lv=-39.0 pk=-38.4 c0=5.1 c1=8.1 kw=7.87 inf=3.10 iv=1.18 n=2 d=0 sk=0 hf=98144 hm=96888 ht=283428 pf=0 pm=0 pt=0 ru=233404 rp=234660
18:01:16.373 @I ww=marvin cut=0.50 win=5 cool=1000 tick=100 wifi=0 srv=0 li=0 ln=0
18:01:16.373 @T t=430258 s=0.000 lv=-40.8 pk=-39.4 c0=13.1 c1=10.0 kw=9.79 inf=2.60 iv=1.16 n=4 d=0 sk=0 hf=98144 hm=96888 ht=283428 pf=0 pm=0 pt=0 ru=233404 rp=234660
18:01:16.373 @T t=430344 s=0.000 lv=-37.8 pk=-36.9 c0=5.1 c1=9.6 kw=9.41 inf=2.51 iv=1.21 n=3 d=0 sk=0 hf=98144 hm=96888 ht=283428 pf=0 pm=0 pt=0 ru=233404 rp=234660
18:01:16.373 @T t=430451 s=0.000 lv=-39.1 pk=-35.6 c0=4.3 c1=10.9 kw=10.71 inf=2.64 iv=1.17 n=4 d=0 sk=0 hf=98144 hm=96888 ht=283428 pf=0 pm=0 pt=0 ru=233404 rp=234660
18:01:16.373 @T t=430557 s=0.000 lv=-37.1 pk=-36.1 c0=4.3 c1=10.6 kw=9.09 inf=2.97 iv=1.30 n=3 d=0 sk=0 hf=98144 hm=96888 ht=283428 pf=0 pm=0 pt=0 ru=233404 rp=234660
18:01:16.373 @T t=430643 s=0.000 lv=-35.8 pk=-32.7 c0=5.4 c1=10.2 kw=9.97 inf=2.66 iv=1.32 n=3 d=0 sk=0 hf=98144 hm=96888 ht=283428 pf=0 pm=0 pt=0 ru=233404 rp=234660
18:01:16.373 @T t=430749 s=0.000 lv=-40.5 pk=-40.0 c0=4.3 c1=11.2 kw=10.96 inf=2.69 iv=1.22 n=4 d=0 sk=0 hf=98144 hm=96888 ht=283428 pf=0 pm=0 pt=0 ru=233404 rp=234660
18:01:16.373 @T t=430858 s=0.000 lv=-40.3 pk=-38.6 c0=3.2 c1=8.4 kw=8.24 inf=2.76 iv=1.17 n=3 d=0 sk=0 hf=98144 hm=96888 ht=283428 pf=0 pm=0 pt=0 ru=233404 rp=234660
18:01:16.373 @T t=430945 s=0.000 lv=-38.9 pk=-37.4 c0=8.9 c1=10.3 kw=9.83 inf=2.60 iv=1.26 n=3 d=0 sk=0 hf=98144 hm=96888 ht=283428 pf=0 pm=0 pt=0 ru=233404 rp=234660
18:01:16.373 @T t=431052 s=0.000 lv=-37.1 pk=-36.2 c0=4.7 c1=11.5 kw=11.43 inf=2.88 iv=1.43 n=4 d=0 sk=0 hf=98144 hm=96888 ht=283428 pf=0 pm=0 pt=0 ru=233404 rp=234660
18:01:16.373 @T t=431158 s=0.000 lv=-38.2 pk=-36.4 c0=4.4 c1=9.1 kw=8.93 inf=2.91 iv=1.27 n=3 d=0 sk=0 hf=98144 hm=96888 ht=283428 pf=0 pm=0 pt=0 ru=233404 rp=234660
18:01:16.373 @I ww=marvin cut=0.50 win=5 cool=1000 tick=100 wifi=0 srv=0 li=0 ln=0
18:01:16.373 @T t=431249 s=0.000 lv=-41.5 pk=-39.6 c0=5.6 c1=11.9 kw=11.62 inf=2.46 iv=1.24 n=4 d=0 sk=0 hf=98144 hm=96888 ht=283428 pf=0 pm=0 pt=0 ru=233404 rp=234660
18:01:16.373 @T t=431355 s=0.000 lv=-40.5 pk=-38.8 c0=3.3 c1=8.7 kw=8.52 inf=2.78 iv=1.18 n=3 d=0 sk=0 hf=98144 hm=96888 ht=283428 pf=0 pm=0 pt=0 ru=233404 rp=234660
18:01:16.373 @T t=431441 s=0.000 lv=-42.5 pk=-41.6 c0=8.0 c1=9.4 kw=9.24 inf=2.46 iv=1.18 n=3 d=0 sk=0 hf=98144 hm=96888 ht=283428 pf=0 pm=0 pt=0 ru=233404 rp=234660
18:01:16.373 [status] up 431s | mic -39.8 dBFS (peak -32.7) | score max 0.00 | detections 0 | inferences 138 (13.8/s; model 1.17 ms each, paused in quiet 58%; features 1.43 ms per 30 ms) | CPU core0  5.3% core1  7.2% (wake word pipeline 6.99% of one core) | RAM used 227 KB (peak 229 KB, 95 KB free) | wifi --, server -- | audio lost since boot: i2s 0 net 0
18:01:16.373 [stacks] unused bytes: main=1936 IDLE1=720 IDLE0=728 websocket_task=1460 audio_kws=1248 tiT=2452 wifi=4056 esp_timer=3136 ipc0=528 sys_evt=428 Tmr Svc=1368 ipc1=536 streamer=2952
18:01:16.373 @T t=431585 s=0.000 lv=-40.7 pk=-37.3 c0=11.0 c1=9.7 kw=9.34 inf=3.07 iv=1.32 n=4 d=0 sk=0 hf=98144 hm=96888 ht=283428 pf=0 pm=0 pt=0 ru=233404 rp=234660
18:01:16.373 @T t=431652 s=0.000 lv=-39.3 pk=-38.5 c0=11.2 c1=12.7 kw=12.69 inf=2.69 iv=1.36 n=3 d=0 sk=0 hf=98144 hm=96888 ht=283428 pf=0 pm=0 pt=0 ru=233404 rp=234660
18:01:16.373 @T t=431758 s=0.000 lv=-36.9 pk=-35.5 c0=3.3 c1=8.5 kw=8.34 inf=2.71 iv=1.11 n=3 d=0 sk=0 hf=98144 hm=96888 ht=283428 pf=0 pm=0 pt=0 ru=233404 rp=234660
18:01:16.373 @T t=431844 s=0.000 lv=-37.2 pk=-34.5 c0=4.0 c1=9.2 kw=9.02 inf=2.39 iv=1.11 n=3 d=0 sk=0 hf=98144 hm=96888 ht=283428 pf=0 pm=0 pt=0 ru=233404 rp=234660
18:01:18.968 @T t=431953 s=0.000 lv=-41.3 pk=-39.7 c0=3.7 c1=10.6 kw=10.33 inf=2.60 iv=1.16 n=4 d=0 sk=0 hf=98144 hm=96888 ht=283428 pf=0 pm=0 pt=0 ru=233404 rp=234660
18:01:18.968 @T t=432039 s=0.000 lv=-39.1 pk=-37.4 c0=4.1 c1=9.5 kw=9.33 inf=2.48 iv=1.20 n=3 d=0 sk=0 hf=98144 hm=96888 ht=283428 pf=0 pm=0 pt=0 ru=233404 rp=234660
18:01:18.968 @T t=432145 s=0.000 lv=-40.5 pk=-39.2 c0=3.3 c1=9.0 kw=8.57 inf=2.75 iv=1.16 n=3 d=0 sk=0 hf=98144 hm=96888 ht=283428 pf=0 pm=0 pt=0 ru=233404 rp=234660
18:01:18.968 @I ww=marvin cut=0.50 win=5 cool=1000 tick=100 wifi=0 srv=0 li=0 ln=0
18:01:18.968 @T t=432240 s=0.000 lv=-39.7 pk=-37.3 c0=4.5 c1=9.8 kw=9.85 inf=2.93 iv=1.33 n=3 d=0 sk=0 hf=98144 hm=96888 ht=283428 pf=0 pm=0 pt=0 ru=233404 rp=234660
18:01:18.968 @T t=432347 s=0.000 lv=-41.2 pk=-38.8 c0=5.5 c1=11.4 kw=11.07 inf=2.74 iv=1.28 n=4 d=0 sk=0 hf=98144 hm=96888 ht=283428 pf=0 pm=0 pt=0 ru=233404 rp=234660
18:01:18.968 @T t=432453 s=0.000 lv=-40.8 pk=-40.1 c0=4.7 c1=10.3 kw=10.09 inf=2.49 iv=1.26 n=4 d=0 sk=0 hf=98144 hm=96888 ht=283428 pf=0 pm=0 pt=0 ru=233404 rp=234660
18:01:18.968 @T t=432558 s=0.000 lv=-38.7 pk=-38.0 c0=5.6 c1=9.7 kw=9.49 inf=3.08 iv=1.43 n=3 d=0 sk=0 hf=98144 hm=96888 ht=283428 pf=0 pm=0 pt=0 ru=233404 rp=234660
18:01:18.968 @T t=432644 s=0.000 lv=-41.8 pk=-41.5 c0=4.1 c1=9.3 kw=9.15 inf=2.43 iv=1.16 n=3 d=0 sk=0 hf=98144 hm=96888 ht=283428 pf=0 pm=0 pt=0 ru=233404 rp=234660
18:01:18.968 @T t=432753 s=0.000 lv=-39.2 pk=-38.3 c0=9.5 c1=10.8 kw=10.54 inf=2.65 iv=1.18 n=4 d=0 sk=0 hf=98144 hm=96888 ht=283428 pf=0 pm=0 pt=0 ru=233404 rp=234660
18:01:18.968 @T t=432839 s=0.000 lv=-39.5 pk=-37.9 c0=5.1 c1=8.7 kw=8.48 inf=3.36 iv=1.38 n=2 d=0 sk=0 hf=98144 hm=96888 ht=283428 pf=0 pm=0 pt=0 ru=233404 rp=234660
18:01:18.968 @T t=432945 s=0.000 lv=-38.2 pk=-37.0 c0=4.3 c1=10.4 kw=9.97 inf=2.43 iv=1.20 n=4 d=0 sk=0 hf=98144 hm=96888 ht=283428 pf=0 pm=0 pt=0 ru=233404 rp=234660
18:01:18.968 @T t=433051 s=0.000 lv=-39.4 pk=-38.2 c0=4.1 c1=11.1 kw=10.56 inf=2.62 iv=1.17 n=4 d=0 sk=0 hf=98144 hm=96888 ht=283428 pf=0 pm=0 pt=0 ru=233404 rp=234660
18:01:18.968 @T t=433157 s=0.000 lv=-42.4 pk=-41.3 c0=4.2 c1=8.4 kw=8.26 inf=2.69 iv=1.11 n=3 d=0 sk=0 hf=98144 hm=96888 ht=283428 pf=0 pm=0 pt=0 ru=233404 rp=234660
18:01:18.968 @I ww=marvin cut=0.50 win=5 cool=1000 tick=100 wifi=0 srv=0 li=0 ln=0
18:01:18.968 @T t=433248 s=0.000 lv=-43.3 pk=-42.4 c0=4.8 c1=10.1 kw=9.86 inf=2.75 iv=1.17 n=3 d=0 sk=0 hf=98144 hm=96888 ht=283428 pf=0 pm=0 pt=0 ru=233404 rp=234660
18:01:18.968 @T t=433354 s=0.000 lv=-40.6 pk=-39.5 c0=4.1 c1=10.0 kw=9.75 inf=2.40 iv=1.19 n=4 d=0 sk=0 hf=98144 hm=96888 ht=283428 pf=0 pm=0 pt=0 ru=233404 rp=234660
18:01:18.968 @T t=433440 s=0.000 lv=-41.2 pk=-40.7 c0=5.1 c1=5.2 kw=5.05 inf=1.89 iv=0.00 n=0 d=0 sk=2 hf=98144 hm=96888 ht=283428 pf=0 pm=0 pt=0 ru=233404 rp=234660
18:01:18.968 @T t=433546 s=0.000 lv=-36.9 pk=-35.1 c0=4.5 c1=14.0 kw=12.84 inf=1.82 iv=1.14 n=6 d=0 sk=1 hf=98144 hm=96888 ht=283428 pf=0 pm=0 pt=0 ru=233404 rp=234660
18:01:18.968 @T t=433655 s=0.000 lv=-37.5 pk=-34.2 c0=3.8 c1=9.6 kw=9.40 inf=2.38 iv=1.18 n=4 d=0 sk=0 hf=98144 hm=96888 ht=283428 pf=0 pm=0 pt=0 ru=233404 rp=234660
18:01:18.968 @T t=433741 s=0.000 lv=-39.9 pk=-38.8 c0=4.1 c1=8.0 kw=7.85 inf=3.09 iv=1.19 n=2 d=0 sk=0 hf=98144 hm=96888 ht=283428 pf=0 pm=0 pt=0 ru=233404 rp=234660
18:01:18.968 @T t=433847 s=0.000 lv=-36.4 pk=-33.8 c0=3.3 c1=10.5 kw=10.29 inf=2.52 iv=1.09 n=4 d=0 sk=0 hf=98144 hm=96888 ht=283428 pf=0 pm=0 pt=0 ru=233404 rp=234660
18:01:18.968 @T t=433954 s=0.000 lv=-38.8 pk=-38.3 c0=3.4 c1=9.3 kw=9.14 inf=2.27 iv=1.08 n=4 d=0 sk=0 hf=98144 hm=96888 ht=283428 pf=0 pm=0 pt=0 ru=233404 rp=234660
18:01:18.968 @T t=434040 s=0.000 lv=-38.6 pk=-37.6 c0=4.6 c1=8.3 kw=8.08 inf=3.18 iv=1.23 n=2 d=0 sk=0 hf=98144 hm=96888 ht=283428 pf=0 pm=0 pt=0 ru=233404 rp=234660
18:01:18.968 @T t=434146 s=0.000 lv=-40.1 pk=-38.6 c0=3.3 c1=10.8 kw=10.53 inf=2.58 iv=1.14 n=4 d=0 sk=0 hf=98144 hm=96888 ht=283428 pf=0 pm=0 pt=0 ru=233404 rp=234660
18:01:18.968 @I ww=marvin cut=0.50 win=5 cool=1000 tick=100 wifi=0 srv=0 li=0 ln=0
18:01:18.968 @T t=434258 s=0.000 lv=-40.7 pk=-40.5 c0=3.9 c1=9.0 kw=8.85 inf=2.30 iv=1.11 n=4 d=0 sk=0 hf=98144 hm=96888 ht=283428 pf=0 pm=0 pt=0 ru=233404 rp=234660
18:01:18.968 @T t=434344 s=0.000 lv=-40.7 pk=-39.6 c0=4.1 c1=8.0 kw=7.81 inf=3.07 iv=1.17 n=2 d=0 sk=0 hf=98144 hm=96888 ht=283428 pf=0 pm=0 pt=0 ru=233404 rp=234660
18:01:18.968 @T t=434450 s=0.000 lv=-35.1 pk=-31.9 c0=3.8 c1=10.9 kw=10.62 inf=2.60 iv=1.13 n=4 d=0 sk=0 hf=98144 hm=96888 ht=283428 pf=0 pm=0 pt=0 ru=233404 rp=234660
18:01:21.467 @T t=434556 s=0.000 lv=-36.7 pk=-33.4 c0=3.8 c1=10.8 kw=9.80 inf=2.42 iv=1.20 n=4 d=0 sk=0 hf=98144 hm=96888 ht=283428 pf=0 pm=0 pt=0 ru=233404 rp=234660
18:01:21.467 @T t=434642 s=0.000 lv=-40.3 pk=-40.0 c0=4.1 c1=8.2 kw=7.98 inf=3.15 iv=1.24 n=2 d=0 sk=0 hf=98144 hm=96888 ht=283428 pf=0 pm=0 pt=0 ru=233404 rp=234660
18:01:21.467 @T t=434748 s=0.000 lv=-38.6 pk=-37.3 c0=8.3 c1=11.4 kw=11.05 inf=2.71 iv=1.25 n=4 d=0 sk=0 hf=98144 hm=96888 ht=283428 pf=0 pm=0 pt=0 ru=233404 rp=234660
18:01:21.467 @T t=434854 s=0.000 lv=-38.2 pk=-37.2 c0=4.8 c1=10.1 kw=9.82 inf=2.42 iv=1.20 n=4 d=0 sk=0 hf=98144 hm=96888 ht=283428 pf=0 pm=0 pt=0 ru=233404 rp=234660
18:01:21.467 @T t=434943 s=0.000 lv=-39.6 pk=-38.0 c0=3.8 c1=7.7 kw=7.53 inf=3.07 iv=1.17 n=2 d=0 sk=0 hf=98144 hm=96888 ht=283428 pf=0 pm=0 pt=0 ru=233404 rp=234660
18:01:21.467 @T t=435051 s=0.000 lv=-40.5 pk=-39.4 c0=3.8 c1=10.9 kw=10.63 inf=2.65 iv=1.19 n=4 d=0 sk=0 hf=98144 hm=96888 ht=283428 pf=0 pm=0 pt=0 ru=233404 rp=234660
18:01:21.468 @T t=435157 s=0.000 lv=-40.9 pk=-38.7 c0=4.2 c1=9.9 kw=9.64 inf=2.37 iv=1.17 n=4 d=0 sk=0 hf=98144 hm=96888 ht=283428 pf=0 pm=0 pt=0 ru=233404 rp=234660
18:01:21.468 @I ww=marvin cut=0.50 win=5 cool=1000 tick=100 wifi=0 srv=0 li=0 ln=0
18:01:21.468 @T t=435248 s=0.000 lv=-40.0 pk=-39.0 c0=5.7 c1=10.5 kw=10.21 inf=2.86 iv=1.24 n=3 d=0 sk=0 hf=98144 hm=96888 ht=283428 pf=0 pm=0 pt=0 ru=233404 rp=234660
18:01:21.468 @T t=435354 s=0.000 lv=-41.5 pk=-40.0 c0=4.2 c1=8.9 kw=8.70 inf=2.83 iv=1.23 n=3 d=0 sk=0 hf=98144 hm=96888 ht=283428 pf=0 pm=0 pt=0 ru=233404 rp=234660
18:01:21.468 @T t=435440 s=0.000 lv=-38.0 pk=-36.0 c0=4.5 c1=9.4 kw=9.20 inf=2.45 iv=1.15 n=3 d=0 sk=0 hf=98144 hm=96888 ht=283428 pf=0 pm=0 pt=0 ru=233404 rp=234660
18:01:21.468 @T t=435546 s=0.000 lv=-40.1 pk=-39.0 c0=4.7 c1=11.0 kw=8.82 inf=2.83 iv=1.19 n=3 d=0 sk=0 hf=98144 hm=96888 ht=283428 pf=0 pm=0 pt=0 ru=233404 rp=234660
18:01:21.468 @T t=435652 s=0.000 lv=-39.9 pk=-38.7 c0=4.3 c1=10.2 kw=11.14 inf=2.77 iv=1.25 n=4 d=0 sk=0 hf=98144 hm=96888 ht=283428 pf=0 pm=0 pt=0 ru=233404 rp=234660
18:01:21.468 @T t=435758 s=0.000 lv=-40.1 pk=-38.7 c0=4.3 c1=10.0 kw=9.77 inf=2.41 iv=1.19 n=4 d=0 sk=0 hf=98144 hm=96888 ht=283428 pf=0 pm=0 pt=0 ru=233404 rp=234660
18:01:21.468 @T t=435844 s=0.000 lv=-37.5 pk=-35.4 c0=5.2 c1=8.6 kw=8.41 inf=3.31 iv=1.36 n=2 d=0 sk=0 hf=98144 hm=96888 ht=283428 pf=0 pm=0 pt=0 ru=233404 rp=234660
18:01:21.468 @T t=435952 s=0.000 lv=-39.8 pk=-38.3 c0=4.2 c1=11.3 kw=11.01 inf=2.75 iv=1.26 n=4 d=0 sk=0 hf=98144 hm=96888 ht=283428 pf=0 pm=0 pt=0 ru=233404 rp=234660
18:01:21.468 @T t=436058 s=0.000 lv=-39.2 pk=-38.3 c0=3.8 c1=10.0 kw=9.77 inf=2.41 iv=1.19 n=4 d=0 sk=0 hf=98144 hm=96888 ht=283428 pf=0 pm=0 pt=0 ru=233404 rp=234660
18:01:21.468 @T t=436144 s=0.000 lv=-37.3 pk=-36.2 c0=4.1 c1=8.2 kw=8.00 inf=3.15 iv=1.22 n=2 d=0 sk=0 hf=98144 hm=96888 ht=283428 pf=0 pm=0 pt=0 ru=233404 rp=234660
18:01:21.468 @I ww=marvin cut=0.50 win=5 cool=1000 tick=100 wifi=0 srv=0 li=0 ln=0
18:01:21.468 @T t=436239 s=0.000 lv=-39.0 pk=-36.1 c0=15.8 c1=10.8 kw=10.58 inf=2.33 iv=1.11 n=4 d=0 sk=0 hf=98144 hm=96888 ht=283428 pf=0 pm=0 pt=0 ru=233404 rp=234660
18:01:21.468 @T t=436345 s=0.000 lv=-39.1 pk=-36.9 c0=3.2 c1=8.9 kw=8.49 inf=2.72 iv=1.13 n=3 d=0 sk=0 hf=98144 hm=96888 ht=283428 pf=0 pm=0 pt=0 ru=233404 rp=234660
18:01:21.468 @T t=436451 s=0.000 lv=-37.7 pk=-36.4 c0=3.8 c1=11.1 kw=11.03 inf=2.74 iv=1.30 n=4 d=0 sk=0 hf=98144 hm=96888 ht=283428 pf=0 pm=0 pt=0 ru=233404 rp=234660
18:01:21.468 @T t=436557 s=0.000 lv=-39.8 pk=-38.4 c0=3.9 c1=10.0 kw=9.06 inf=2.96 iv=1.33 n=3 d=0 sk=0 hf=98144 hm=96888 ht=283428 pf=0 pm=0 pt=0 ru=233404 rp=234660
18:01:21.468 @T t=436643 s=0.000 lv=-41.7 pk=-40.5 c0=4.1 c1=9.5 kw=9.26 inf=2.47 iv=1.18 n=3 d=0 sk=0 hf=98144 hm=96888 ht=283428 pf=0 pm=0 pt=0 ru=233404 rp=234660
18:01:21.468 @T t=436752 s=0.000 lv=-42.4 pk=-40.6 c0=8.7 c1=10.6 kw=10.34 inf=2.60 iv=1.16 n=4 d=0 sk=0 hf=98144 hm=96888 ht=283428 pf=0 pm=0 pt=0 ru=233404 rp=234660
18:01:21.468 @T t=436858 s=0.000 lv=-44.0 pk=-43.4 c0=7.2 c1=8.9 kw=8.71 inf=2.84 iv=1.23 n=3 d=0 sk=0 hf=98144 hm=96888 ht=283428 pf=0 pm=0 pt=0 ru=233404 rp=234660
18:01:21.468 @T t=436944 s=0.000 lv=-42.4 pk=-41.7 c0=4.1 c1=9.5 kw=9.27 inf=2.47 iv=1.18 n=3 d=0 sk=0 hf=98144 hm=96888 ht=283428 pf=0 pm=0 pt=0 ru=233404 rp=234660
18:01:23.875 @T t=437050 s=0.000 lv=-36.2 pk=-33.2 c0=3.4 c1=10.9 kw=10.63 inf=2.60 iv=1.14 n=4 d=0 sk=0 hf=98144 hm=96888 ht=283428 pf=0 pm=0 pt=0 ru=233404 rp=234660
18:01:23.875 W (437507) wifi: cannot connect (reason 201). Check the name/password in menuconfig; the ESP32 needs a 2.4 GHz network (201 = network not found, 15/204 = wrong password)
18:01:23.875 @T t=437156 s=0.000 lv=-42.3 pk=-40.9 c0=8.0 c1=9.2 kw=8.94 inf=2.92 iv=1.30 n=3 d=0 sk=0 hf=98144 hm=96888 ht=283428 pf=0 pm=0 pt=0 ru=233404 rp=234660
18:01:23.875 @I ww=marvin cut=0.50 win=5 cool=1000 tick=100 wifi=0 srv=0 li=0 ln=0
18:01:23.875 @T t=437248 s=0.000 lv=-43.2 pk=-42.0 c0=5.4 c1=11.3 kw=11.09 inf=2.37 iv=1.18 n=4 d=0 sk=0 hf=98144 hm=96888 ht=283428 pf=0 pm=0 pt=0 ru=233404 rp=234660
18:01:23.875 @T t=437354 s=0.000 lv=-41.8 pk=-40.0 c0=7.4 c1=8.6 kw=8.36 inf=2.72 iv=1.14 n=3 d=0 sk=0 hf=98144 hm=96888 ht=283428 pf=0 pm=0 pt=0 ru=233404 rp=234660
18:01:23.875 @T t=437440 s=0.000 lv=-42.4 pk=-40.1 c0=5.1 c1=9.7 kw=9.49 inf=2.53 iv=1.22 n=3 d=0 sk=0 hf=98144 hm=96888 ht=283428 pf=0 pm=0 pt=0 ru=233404 rp=234660
18:01:23.875 @T t=437546 s=0.000 lv=-43.0 pk=-42.1 c0=4.7 c1=11.2 kw=9.13 inf=2.94 iv=1.29 n=3 d=0 sk=0 hf=98144 hm=96888 ht=283428 pf=0 pm=0 pt=0 ru=233404 rp=234660
18:01:23.876 @T t=437655 s=0.000 lv=-42.8 pk=-40.5 c0=3.9 c1=10.0 kw=10.40 inf=2.66 iv=1.21 n=4 d=0 sk=0 hf=98144 hm=96888 ht=283428 pf=0 pm=0 pt=0 ru=233404 rp=234660
18:01:23.876 @T t=437741 s=0.000 lv=-41.7 pk=-41.3 c0=5.1 c1=9.2 kw=8.96 inf=2.38 iv=1.11 n=3 d=0 sk=0 hf=98144 hm=96888 ht=283428 pf=0 pm=0 pt=0 ru=233404 rp=234660
18:01:23.876 @T t=437847 s=0.000 lv=-40.2 pk=-39.2 c0=3.5 c1=10.6 kw=10.41 inf=2.55 iv=1.12 n=4 d=0 sk=0 hf=98144 hm=96888 ht=283428 pf=0 pm=0 pt=0 ru=233404 rp=234660
18:01:23.876 @T t=437953 s=0.000 lv=-37.8 pk=-36.5 c0=4.3 c1=8.6 kw=8.40 inf=2.73 iv=1.14 n=3 d=0 sk=0 hf=98144 hm=96888 ht=283428 pf=0 pm=0 pt=0 ru=233404 rp=234660
18:01:23.876 @T t=438039 s=0.000 lv=-38.8 pk=-37.4 c0=5.1 c1=9.8 kw=9.55 inf=2.54 iv=1.23 n=3 d=0 sk=0 hf=98144 hm=96888 ht=283428 pf=0 pm=0 pt=0 ru=233404 rp=234660
18:01:23.876 @T t=438145 s=0.000 lv=-39.7 pk=-38.3 c0=4.2 c1=9.3 kw=8.88 inf=2.85 iv=1.22 n=3 d=0 sk=0 hf=98144 hm=96888 ht=283428 pf=0 pm=0 pt=0 ru=233404 rp=234660
18:01:23.876 @I ww=marvin cut=0.50 win=5 cool=1000 tick=100 wifi=0 srv=0 li=0 ln=0
18:01:23.876 @T t=438240 s=0.000 lv=-39.2 pk=-36.3 c0=17.0 c1=9.9 kw=9.85 inf=2.92 iv=1.30 n=3 d=0 sk=0 hf=98144 hm=96888 ht=283428 pf=0 pm=0 pt=0 ru=233404 rp=234660
18:01:23.876 @T t=438346 s=0.000 lv=-38.3 pk=-34.8 c0=4.2 c1=10.7 kw=10.49 inf=2.57 iv=1.12 n=4 d=0 sk=0 hf=98144 hm=96888 ht=283428 pf=0 pm=0 pt=0 ru=233404 rp=234660
18:01:23.876 @T t=438452 s=0.000 lv=-42.2 pk=-41.1 c0=3.8 c1=9.6 kw=9.40 inf=2.31 iv=1.13 n=4 d=0 sk=0 hf=98144 hm=96888 ht=283428 pf=0 pm=0 pt=0 ru=233404 rp=234660
18:01:23.876 @T t=438558 s=0.000 lv=-41.9 pk=-40.3 c0=4.2 c1=9.8 kw=8.83 inf=2.88 iv=1.27 n=3 d=0 sk=0 hf=98144 hm=96888 ht=283428 pf=0 pm=0 pt=0 ru=233404 rp=234660
18:01:23.876 @T t=438644 s=0.000 lv=-40.8 pk=-39.9 c0=4.1 c1=9.2 kw=9.05 inf=2.40 iv=1.12 n=3 d=0 sk=0 hf=98144 hm=96888 ht=283428 pf=0 pm=0 pt=0 ru=233404 rp=234660
18:01:23.876 @T t=438750 s=0.000 lv=-40.4 pk=-38.6 c0=3.3 c1=10.5 kw=10.29 inf=2.51 iv=1.07 n=4 d=0 sk=0 hf=98144 hm=96888 ht=283428 pf=0 pm=0 pt=0 ru=233404 rp=234660
18:01:23.876 @T t=438856 s=0.000 lv=-41.6 pk=-40.5 c0=3.9 c1=8.7 kw=8.44 inf=2.75 iv=1.16 n=3 d=0 sk=0 hf=98144 hm=96888 ht=283428 pf=0 pm=0 pt=0 ru=233404 rp=234660
18:01:23.876 @T t=438942 s=0.000 lv=-43.0 pk=-42.2 c0=4.0 c1=9.2 kw=8.99 inf=2.39 iv=1.12 n=3 d=0 sk=0 hf=98144 hm=96888 ht=283428 pf=0 pm=0 pt=0 ru=233404 rp=234660
18:01:23.876 @T t=439048 s=0.000 lv=-41.1 pk=-39.9 c0=3.3 c1=10.4 kw=10.19 inf=2.49 iv=1.07 n=4 d=0 sk=0 hf=98144 hm=96888 ht=283428 pf=0 pm=0 pt=0 ru=233404 rp=234660
18:01:23.876 @T t=439154 s=0.000 lv=-40.5 pk=-39.4 c0=3.4 c1=8.5 kw=8.31 inf=2.70 iv=1.12 n=3 d=0 sk=0 hf=98144 hm=96888 ht=283428 pf=0 pm=0 pt=0 ru=233404 rp=234660
18:01:23.876 @I ww=marvin cut=0.50 win=5 cool=1000 tick=100 wifi=0 srv=0 li=0 ln=0
18:01:23.876 @T t=439246 s=0.000 lv=-40.7 pk=-40.0 c0=14.1 c1=10.1 kw=9.86 inf=2.78 iv=1.17 n=3 d=0 sk=0 hf=98144 hm=96888 ht=283428 pf=0 pm=0 pt=0 ru=233404 rp=234660
18:01:23.876 @T t=439352 s=0.000 lv=-40.6 pk=-38.9 c0=3.3 c1=9.4 kw=9.25 inf=2.28 iv=1.09 n=4 d=0 sk=0 hf=98144 hm=96888 ht=283428 pf=0 pm=0 pt=0 ru=233404 rp=234660
18:01:26.162 @T t=439458 s=0.000 lv=-41.9 pk=-40.3 c0=3.2 c1=8.4 kw=8.22 inf=2.67 iv=1.10 n=3 d=0 sk=0 hf=98144 hm=96888 ht=283428 pf=0 pm=0 pt=0 ru=233404 rp=234660
18:01:26.162 @T t=439545 s=0.000 lv=-37.3 pk=-36.5 c0=6.7 c1=11.1 kw=9.67 inf=2.58 iv=1.26 n=3 d=0 sk=0 hf=98144 hm=96888 ht=283428 pf=0 pm=0 pt=0 ru=233404 rp=234660
18:01:26.162 @T t=439654 s=0.000 lv=-37.6 pk=-34.8 c0=3.8 c1=10.7 kw=10.54 inf=2.67 iv=1.13 n=4 d=0 sk=0 hf=98144 hm=96888 ht=283428 pf=0 pm=0 pt=0 ru=233404 rp=234660
18:01:26.162 @T t=439740 s=0.000 lv=-40.5 pk=-38.8 c0=5.5 c1=8.2 kw=8.03 inf=3.16 iv=1.21 n=2 d=0 sk=0 hf=98144 hm=96888 ht=283428 pf=0 pm=0 pt=0 ru=233404 rp=234660
18:01:26.162 @T t=439846 s=0.000 lv=-40.0 pk=-39.2 c0=4.2 c1=11.2 kw=10.93 inf=2.68 iv=1.22 n=4 d=0 sk=0 hf=98144 hm=96888 ht=283428 pf=0 pm=0 pt=0 ru=233404 rp=234660
18:01:26.162 @T t=439952 s=0.000 lv=-40.4 pk=-38.9 c0=4.3 c1=10.0 kw=9.80 inf=2.42 iv=1.20 n=4 d=0 sk=0 hf=98144 hm=96888 ht=283428 pf=0 pm=0 pt=0 ru=233404 rp=234660
18:01:26.162 @T t=440058 s=0.000 lv=-41.4 pk=-40.3 c0=4.2 c1=9.0 kw=8.81 inf=2.88 iv=1.26 n=3 d=0 sk=0 hf=98144 hm=96888 ht=283428 pf=0 pm=0 pt=0 ru=233404 rp=234660
18:01:26.162 @T t=440144 s=0.000 lv=-40.9 pk=-40.4 c0=4.2 c1=9.4 kw=9.25 inf=2.46 iv=1.18 n=3 d=0 sk=0 hf=98144 hm=96888 ht=283428 pf=0 pm=0 pt=0 ru=233404 rp=234660
18:01:26.162 @I ww=marvin cut=0.50 win=5 cool=1000 tick=100 wifi=0 srv=0 li=0 ln=0
18:01:26.162 @T t=440239 s=0.000 lv=-40.5 pk=-39.8 c0=16.1 c1=9.8 kw=9.58 inf=2.79 iv=1.15 n=3 d=0 sk=0 hf=98144 hm=96888 ht=283428 pf=0 pm=0 pt=0 ru=233404 rp=234660
18:01:26.162 @T t=440345 s=0.000 lv=-40.8 pk=-39.3 c0=4.2 c1=9.4 kw=8.97 inf=2.88 iv=1.25 n=3 d=0 sk=0 hf=98144 hm=96888 ht=283428 pf=0 pm=0 pt=0 ru=233404 rp=234660
18:01:26.162 @T t=440454 s=0.000 lv=-40.9 pk=-39.1 c0=4.0 c1=10.7 kw=10.68 inf=2.73 iv=1.28 n=4 d=0 sk=0 hf=98144 hm=96888 ht=283428 pf=0 pm=0 pt=0 ru=233404 rp=234660
18:01:26.162 @T t=440540 s=0.000 lv=-39.1 pk=-38.5 c0=5.8 c1=10.9 kw=9.78 inf=2.61 iv=1.27 n=3 d=0 sk=0 hf=98144 hm=96888 ht=283428 pf=0 pm=0 pt=0 ru=233404 rp=234660
18:01:26.162 @T t=440646 s=0.000 lv=-42.2 pk=-40.7 c0=4.3 c1=9.9 kw=8.54 inf=2.73 iv=1.15 n=3 d=0 sk=0 hf=98144 hm=96888 ht=283428 pf=0 pm=0 pt=0 ru=233404 rp=234660
18:01:26.162 @T t=440752 s=0.000 lv=-40.7 pk=-37.8 c0=4.1 c1=10.0 kw=10.89 inf=2.71 iv=1.17 n=4 d=0 sk=0 hf=98144 hm=96888 ht=283428 pf=0 pm=0 pt=0 ru=233404 rp=234660
18:01:26.162 @T t=440857 s=0.000 lv=-36.9 pk=-36.1 c0=4.0 c1=9.9 kw=9.65 inf=2.35 iv=1.14 n=4 d=0 sk=0 hf=98144 hm=96888 ht=283428 pf=0 pm=0 pt=0 ru=233404 rp=234660
18:01:26.162 @T t=440943 s=0.000 lv=-37.4 pk=-33.2 c0=4.6 c1=8.2 kw=7.97 inf=3.14 iv=1.21 n=2 d=0 sk=0 hf=98144 hm=96888 ht=283428 pf=0 pm=0 pt=0 ru=233404 rp=234660
18:01:26.162 @T t=441052 s=0.000 lv=-38.4 pk=-37.3 c0=3.1 c1=10.2 kw=10.04 inf=2.52 iv=1.08 n=4 d=0 sk=0 hf=98144 hm=96888 ht=283428 pf=0 pm=0 pt=0 ru=233404 rp=234660
18:01:26.162 @T t=441158 s=0.000 lv=-40.3 pk=-38.2 c0=3.3 c1=9.6 kw=9.38 inf=2.31 iv=1.11 n=4 d=0 sk=0 hf=98144 hm=96888 ht=283428 pf=0 pm=0 pt=0 ru=233404 rp=234660
18:01:26.162 @I ww=marvin cut=0.50 win=5 cool=1000 tick=100 wifi=0 srv=0 li=0 ln=0
18:01:26.162 @T t=441250 s=0.000 lv=-40.1 pk=-37.9 c0=14.1 c1=10.2 kw=9.99 inf=2.83 iv=1.22 n=3 d=0 sk=0 hf=98144 hm=96888 ht=283428 pf=0 pm=0 pt=0 ru=233404 rp=234660
18:01:26.162 @T t=441356 s=0.000 lv=-39.3 pk=-38.7 c0=3.3 c1=8.7 kw=8.53 inf=2.78 iv=1.17 n=3 d=0 sk=0 hf=98144 hm=96888 ht=283428 pf=0 pm=0 pt=0 ru=233404 rp=234660
18:01:26.162 @T t=441442 s=0.000 lv=-40.8 pk=-39.5 c0=4.0 c1=9.2 kw=9.02 inf=2.40 iv=1.12 n=3 d=0 sk=0 hf=98144 hm=96888 ht=283428 pf=0 pm=0 pt=0 ru=233404 rp=234660
18:01:26.162 [status] up 441s | mic -39.6 dBFS (peak -31.9) | score max 0.00 | detections 0 | inferences 333 (33.3/s; model 1.19 ms each, paused in quiet 1%; features 1.44 ms per 30 ms) | CPU core0  5.1% core1  9.8% (wake word pipeline 9.51% of one core) | RAM used 227 KB (peak 229 KB, 95 KB free) | wifi --, server -- | audio lost since boot: i2s 0 net 0
18:01:26.162 @T t=441570 s=0.000 lv=-40.0 pk=-37.6 c0=7.0 c1=11.9 kw=10.97 inf=2.60 iv=1.23 n=5 d=0 sk=0 hf=98144 hm=96888 ht=283428 pf=0 pm=0 pt=0 ru=233404 rp=234660
18:01:26.162 @T t=441656 s=0.000 lv=-40.2 pk=-37.8 c0=4.7 c1=8.2 kw=8.00 inf=3.16 iv=1.24 n=2 d=0 sk=0 hf=98144 hm=96888 ht=283428 pf=0 pm=0 pt=0 ru=233404 rp=234660
18:01:28.663 @T t=441742 s=0.000 lv=-41.0 pk=-39.8 c0=4.0 c1=9.2 kw=9.06 inf=2.41 iv=1.13 n=3 d=0 sk=0 hf=98144 hm=96888 ht=283428 pf=0 pm=0 pt=0 ru=233404 rp=234660
18:01:28.664 @T t=441848 s=0.000 lv=-41.2 pk=-40.4 c0=3.3 c1=10.7 kw=10.50 inf=2.57 iv=1.14 n=4 d=0 sk=0 hf=98144 hm=96888 ht=283428 pf=0 pm=0 pt=0 ru=233404 rp=234660
18:01:28.664 @T t=441954 s=0.000 lv=-40.6 pk=-39.9 c0=5.0 c1=8.3 kw=8.47 inf=2.77 iv=1.17 n=3 d=0 sk=0 hf=98144 hm=96888 ht=283428 pf=0 pm=0 pt=0 ru=233404 rp=234660
18:01:28.664 @T t=442043 s=0.000 lv=-41.7 pk=-39.5 c0=4.5 c1=10.1 kw=9.17 inf=2.52 iv=1.22 n=3 d=0 sk=0 hf=98144 hm=96888 ht=283428 pf=0 pm=0 pt=0 ru=233404 rp=234660
18:01:28.664 @T t=442149 s=0.000 lv=-41.1 pk=-40.0 c0=7.0 c1=11.3 kw=11.04 inf=2.70 iv=1.23 n=4 d=0 sk=0 hf=98144 hm=96888 ht=283428 pf=0 pm=0 pt=0 ru=233404 rp=234660
18:01:28.664 @I ww=marvin cut=0.50 win=5 cool=1000 tick=100 wifi=0 srv=0 li=0 ln=0
18:01:28.664 @T t=442240 s=0.000 lv=-41.4 pk=-40.3 c0=5.8 c1=9.5 kw=9.26 inf=2.61 iv=1.31 n=3 d=0 sk=0 hf=98144 hm=96888 ht=283428 pf=0 pm=0 pt=0 ru=233404 rp=234660
18:01:28.664 @T t=442346 s=0.000 lv=-40.3 pk=-37.6 c0=4.2 c1=10.4 kw=9.08 inf=2.92 iv=1.29 n=3 d=0 sk=0 hf=98144 hm=96888 ht=283428 pf=0 pm=0 pt=0 ru=233404 rp=234660
18:01:28.664 @T t=442452 s=0.000 lv=-42.0 pk=-40.8 c0=4.2 c1=10.3 kw=10.77 inf=2.68 iv=1.23 n=4 d=0 sk=0 hf=98144 hm=96888 ht=283428 pf=0 pm=0 pt=0 ru=233404 rp=234660
18:01:28.664 @T t=442541 s=0.000 lv=-41.0 pk=-39.3 c0=4.4 c1=8.9 kw=7.84 inf=3.20 iv=1.25 n=2 d=0 sk=0 hf=98144 hm=96888 ht=283428 pf=0 pm=0 pt=0 ru=233404 rp=234660
18:01:28.664 @T t=442647 s=0.000 lv=-41.3 pk=-40.2 c0=7.1 c1=6.2 kw=6.01 inf=1.39 iv=0.00 n=0 d=0 sk=4 hf=98144 hm=96888 ht=283428 pf=0 pm=0 pt=0 ru=233404 rp=234660
18:01:28.664 @T t=442753 s=0.000 lv=-41.9 pk=-40.5 c0=4.0 c1=5.2 kw=5.00 inf=1.54 iv=0.00 n=0 d=0 sk=3 hf=98144 hm=96888 ht=283428 pf=0 pm=0 pt=0 ru=233404 rp=234660
18:01:28.664 @T t=442839 s=0.000 lv=-41.6 pk=-39.5 c0=4.8 c1=5.2 kw=5.00 inf=1.88 iv=0.00 n=0 d=0 sk=2 hf=98144 hm=96888 ht=283428 pf=0 pm=0 pt=0 ru=233404 rp=234660
18:01:28.664 @T t=442945 s=0.000 lv=-36.9 pk=-35.9 c0=7.5 c1=18.4 kw=17.94 inf=1.40 iv=1.01 n=13 d=0 sk=0 hf=98144 hm=96888 ht=283428 pf=0 pm=0 pt=0 ru=233404 rp=234660
18:01:28.664 @T t=443054 s=0.000 lv=-37.2 pk=-33.4 c0=4.5 c1=10.8 kw=10.27 inf=2.62 iv=1.17 n=4 d=0 sk=0 hf=98144 hm=96888 ht=283428 pf=0 pm=0 pt=0 ru=233404 rp=234660
18:01:28.664 @T t=443140 s=0.000 lv=-39.4 pk=-37.6 c0=4.1 c1=7.9 kw=7.80 inf=3.07 iv=1.17 n=2 d=0 sk=0 hf=98144 hm=96888 ht=283428 pf=0 pm=0 pt=0 ru=233404 rp=234660
18:01:28.664 @I ww=marvin cut=0.50 win=5 cool=1000 tick=100 wifi=0 srv=0 li=0 ln=0
18:01:28.664 @T t=443252 s=0.000 lv=-41.1 pk=-39.5 c0=5.0 c1=10.5 kw=10.24 inf=2.65 iv=1.19 n=4 d=0 sk=0 hf=98144 hm=96888 ht=283428 pf=0 pm=0 pt=0 ru=233404 rp=234660
18:01:28.664 @T t=443358 s=0.000 lv=-40.8 pk=-39.0 c0=3.8 c1=9.7 kw=9.49 inf=2.34 iv=1.13 n=4 d=0 sk=0 hf=98144 hm=96888 ht=283428 pf=0 pm=0 pt=0 ru=233404 rp=234660
18:01:28.664 @T t=443444 s=0.000 lv=-39.4 pk=-39.0 c0=4.1 c1=8.0 kw=7.85 inf=3.09 iv=1.18 n=2 d=0 sk=0 hf=98144 hm=96888 ht=283428 pf=0 pm=0 pt=0 ru=233404 rp=234660
18:01:28.664 @T t=443550 s=0.000 lv=-39.5 pk=-37.3 c0=3.8 c1=12.0 kw=10.99 inf=2.70 iv=1.23 n=4 d=0 sk=0 hf=98144 hm=96888 ht=283428 pf=0 pm=0 pt=0 ru=233404 rp=234660
18:01:28.664 @T t=443656 s=0.000 lv=-39.7 pk=-38.3 c0=3.8 c1=9.7 kw=9.46 inf=2.33 iv=1.13 n=4 d=0 sk=0 hf=98144 hm=96888 ht=283428 pf=0 pm=0 pt=0 ru=233404 rp=234660
18:01:28.664 @T t=443742 s=0.000 lv=-38.1 pk=-37.5 c0=4.0 c1=8.0 kw=7.83 inf=3.08 iv=1.16 n=2 d=0 sk=0 hf=98144 hm=96888 ht=283428 pf=0 pm=0 pt=0 ru=233404 rp=234660
18:01:28.664 @T t=443848 s=0.000 lv=-38.4 pk=-35.7 c0=3.3 c1=10.5 kw=10.25 inf=2.50 iv=1.09 n=4 d=0 sk=0 hf=98144 hm=96888 ht=283428 pf=0 pm=0 pt=0 ru=233404 rp=234660
18:01:28.664 @T t=443954 s=0.000 lv=-38.0 pk=-36.1 c0=3.5 c1=9.7 kw=9.39 inf=2.31 iv=1.12 n=4 d=0 sk=0 hf=98144 hm=96888 ht=283428 pf=0 pm=0 pt=0 ru=233404 rp=234660
18:01:28.664 @T t=444043 s=0.000 lv=-36.6 pk=-34.0 c0=4.2 c1=8.1 kw=8.04 inf=3.28 iv=1.33 n=2 d=0 sk=0 hf=98144 hm=96888 ht=283428 pf=0 pm=0 pt=0 ru=233404 rp=234660
18:01:28.664 @T t=444152 s=0.000 lv=-37.4 pk=-35.1 c0=8.7 c1=10.6 kw=10.37 inf=2.61 iv=1.15 n=4 d=0 sk=0 hf=98144 hm=96888 ht=283428 pf=0 pm=0 pt=0 ru=233404 rp=234660
18:01:28.664 @I ww=marvin cut=0.50 win=5 cool=1000 tick=100 wifi=0 srv=0 li=0 ln=0
18:01:31.260 @T t=444244 s=0.000 lv=-35.8 pk=-34.7 c0=13.6 c1=8.9 kw=8.69 inf=2.48 iv=1.18 n=3 d=0 sk=0 hf=98144 hm=96888 ht=283428 pf=0 pm=0 pt=0 ru=233404 rp=234660
18:01:31.260 @T t=444350 s=0.000 lv=-37.6 pk=-35.4 c0=3.4 c1=10.8 kw=10.58 inf=2.59 iv=1.14 n=4 d=0 sk=0 hf=98144 hm=96888 ht=283428 pf=0 pm=0 pt=0 ru=233404 rp=234660
18:01:31.260 @T t=444456 s=0.000 lv=-38.3 pk=-36.2 c0=5.9 c1=9.1 kw=8.82 inf=2.88 iv=1.26 n=3 d=0 sk=0 hf=98144 hm=96888 ht=283428 pf=0 pm=0 pt=0 ru=233404 rp=234660
18:01:31.260 @T t=444542 s=0.002 lv=-40.2 pk=-38.3 c0=5.9 c1=11.7 kw=10.50 inf=2.81 iv=1.46 n=3 d=0 sk=0 hf=98144 hm=96888 ht=283428 pf=0 pm=0 pt=0 ru=233404 rp=234660
18:01:31.260 @T t=444651 s=0.002 lv=-39.9 pk=-38.6 c0=4.1 c1=11.1 kw=10.82 inf=2.73 iv=1.27 n=4 d=0 sk=0 hf=98144 hm=96888 ht=283428 pf=0 pm=0 pt=0 ru=233404 rp=234660
18:01:31.260 @T t=444757 s=0.002 lv=-33.9 pk=-31.0 c0=4.3 c1=9.2 kw=9.00 inf=2.94 iv=1.29 n=3 d=0 sk=0 hf=98144 hm=96888 ht=283428 pf=0 pm=0 pt=0 ru=233404 rp=234660
18:01:31.260 @T t=444843 s=0.002 lv=-35.3 pk=-33.3 c0=4.1 c1=9.4 kw=9.25 inf=2.46 iv=1.18 n=3 d=0 sk=0 hf=98144 hm=96888 ht=283428 pf=0 pm=0 pt=0 ru=233404 rp=234660
18:01:31.260 @T t=444949 s=0.002 lv=-35.1 pk=-34.1 c0=4.7 c1=11.5 kw=11.24 inf=2.76 iv=1.32 n=4 d=0 sk=0 hf=98144 hm=96888 ht=283428 pf=0 pm=0 pt=0 ru=233404 rp=234660
18:01:31.260 @T t=445055 s=0.002 lv=-35.6 pk=-33.9 c0=4.6 c1=9.3 kw=9.07 inf=2.96 iv=1.34 n=3 d=0 sk=0 hf=98144 hm=96888 ht=283428 pf=0 pm=0 pt=0 ru=233404 rp=234660
18:01:31.260 @T t=445141 s=0.002 lv=-35.5 pk=-31.0 c0=5.1 c1=10.0 kw=9.80 inf=2.61 iv=1.31 n=3 d=0 sk=0 hf=98144 hm=96888 ht=283428 pf=0 pm=0 pt=0 ru=233404 rp=234660
18:01:31.260 @I ww=marvin cut=0.50 win=5 cool=1000 tick=100 wifi=0 srv=0 li=0 ln=0
18:01:31.260 @T t=445256 s=0.000 lv=-36.2 pk=-33.0 c0=4.6 c1=10.5 kw=10.28 inf=2.74 iv=1.28 n=4 d=0 sk=0 hf=98144 hm=96888 ht=283428 pf=0 pm=0 pt=0 ru=233404 rp=234660
18:01:31.260 @T t=445342 s=0.000 lv=-38.8 pk=-37.0 c0=5.1 c1=9.5 kw=9.30 inf=2.48 iv=1.20 n=3 d=0 sk=0 hf=98144 hm=96888 ht=283428 pf=0 pm=0 pt=0 ru=233404 rp=234660
18:01:31.260 @T t=445448 s=0.000 lv=-39.7 pk=-37.8 c0=3.4 c1=10.8 kw=10.59 inf=2.59 iv=1.16 n=4 d=0 sk=0 hf=97956 hm=96888 ht=283428 pf=0 pm=0 pt=0 ru=233592 rp=234660
18:01:31.260 @T t=445555 s=0.000 lv=-40.0 pk=-38.8 c0=4.7 c1=9.9 kw=9.00 inf=2.97 iv=1.34 n=3 d=0 sk=0 hf=98144 hm=96888 ht=283428 pf=0 pm=0 pt=0 ru=233404 rp=234660
18:01:31.260 @T t=445641 s=0.000 lv=-38.7 pk=-37.5 c0=5.1 c1=10.0 kw=9.79 inf=2.61 iv=1.30 n=3 d=0 sk=0 hf=98144 hm=96888 ht=283428 pf=0 pm=0 pt=0 ru=233404 rp=234660
18:01:31.260 @T t=445747 s=0.003 lv=-39.1 pk=-36.9 c0=4.0 c1=11.0 kw=10.81 inf=2.65 iv=1.20 n=4 d=0 sk=0 hf=98144 hm=96888 ht=283428 pf=0 pm=0 pt=0 ru=233404 rp=234660
18:01:31.260 @T t=445853 s=0.004 lv=-40.7 pk=-39.1 c0=3.5 c1=8.8 kw=8.45 inf=2.76 iv=1.17 n=3 d=0 sk=0 hf=98144 hm=96888 ht=283428 pf=0 pm=0 pt=0 ru=233404 rp=234660
18:01:31.260 @T t=445942 s=0.002 lv=-41.8 pk=-40.2 c0=3.7 c1=9.0 kw=8.97 inf=2.47 iv=1.19 n=3 d=0 sk=0 hf=98144 hm=96888 ht=283428 pf=0 pm=0 pt=0 ru=233404 rp=234660
18:01:31.260 @T t=446048 s=0.000 lv=-40.4 pk=-38.6 c0=3.3 c1=10.6 kw=10.37 inf=2.54 iv=1.11 n=4 d=0 sk=0 hf=98144 hm=96888 ht=283428 pf=0 pm=0 pt=0 ru=233404 rp=234660
18:01:31.260 @T t=446154 s=0.000 lv=-37.4 pk=-36.8 c0=3.8 c1=8.6 kw=8.38 inf=2.73 iv=1.14 n=3 d=0 sk=0 hf=98144 hm=96888 ht=283428 pf=0 pm=0 pt=0 ru=233404 rp=234660
18:01:31.260 @I ww=marvin cut=0.50 win=5 cool=1000 tick=100 wifi=0 srv=0 li=0 ln=0
18:01:31.260 @T t=446245 s=0.000 lv=-39.5 pk=-37.1 c0=4.8 c1=9.2 kw=8.75 inf=2.42 iv=1.13 n=3 d=0 sk=0 hf=98144 hm=96888 ht=283428 pf=0 pm=0 pt=0 ru=233404 rp=234660
18:01:31.260 @T t=446351 s=0.000 lv=-41.2 pk=-39.6 c0=3.2 c1=10.6 kw=10.10 inf=2.50 iv=1.09 n=4 d=0 sk=0 hf=98144 hm=96888 ht=283428 pf=0 pm=0 pt=0 ru=233404 rp=234660
18:01:31.260 @T t=446457 s=0.000 lv=-40.4 pk=-38.9 c0=3.9 c1=8.9 kw=8.65 inf=2.82 iv=1.22 n=3 d=0 sk=0 hf=98144 hm=96888 ht=283428 pf=0 pm=0 pt=0 ru=233404 rp=234660
18:01:31.260 @T t=446543 s=0.000 lv=-39.1 pk=-38.0 c0=4.7 c1=11.1 kw=9.95 inf=2.66 iv=1.35 n=3 d=0 sk=0 hf=98144 hm=96888 ht=283428 pf=0 pm=0 pt=0 ru=233404 rp=234660
18:01:31.260 @T t=446651 s=0.000 lv=-38.8 pk=-37.5 c0=3.1 c1=10.5 kw=10.30 inf=2.56 iv=1.13 n=4 d=0 sk=0 hf=98144 hm=96888 ht=283428 pf=0 pm=0 pt=0 ru=233404 rp=234660
18:01:31.260 @T t=446757 s=0.000 lv=-36.9 pk=-35.2 c0=3.3 c1=8.6 kw=8.37 inf=2.73 iv=1.13 n=3 d=0 sk=0 hf=98144 hm=96888 ht=283428 pf=0 pm=0 pt=0 ru=233404 rp=234660
18:01:33.771 @T t=446843 s=0.000 lv=-38.6 pk=-36.6 c0=10.1 c1=10.0 kw=9.68 inf=2.58 iv=1.27 n=3 d=0 sk=0 hf=98144 hm=96888 ht=283428 pf=0 pm=0 pt=0 ru=233404 rp=234660
18:01:33.771 @T t=446952 s=0.000 lv=-39.9 pk=-38.8 c0=4.6 c1=10.8 kw=10.50 inf=2.64 iv=1.17 n=4 d=0 sk=0 hf=98144 hm=96888 ht=283428 pf=0 pm=0 pt=0 ru=233404 rp=234660
18:01:33.771 @T t=447058 s=0.000 lv=-40.2 pk=-39.6 c0=4.2 c1=9.1 kw=8.88 inf=2.90 iv=1.28 n=3 d=0 sk=0 hf=98144 hm=96888 ht=283428 pf=0 pm=0 pt=0 ru=233404 rp=234660
18:01:33.771 @T t=447144 s=0.000 lv=-40.6 pk=-40.1 c0=5.1 c1=9.5 kw=9.29 inf=2.47 iv=1.19 n=3 d=0 sk=0 hf=98144 hm=96888 ht=283428 pf=0 pm=0 pt=0 ru=233404 rp=234660
18:01:33.771 @I ww=marvin cut=0.50 win=5 cool=1000 tick=100 wifi=0 srv=0 li=0 ln=0
18:01:33.771 @T t=447239 s=0.000 lv=-40.0 pk=-39.3 c0=4.5 c1=10.0 kw=9.77 inf=2.84 iv=1.20 n=3 d=0 sk=0 hf=98144 hm=96888 ht=283428 pf=0 pm=0 pt=0 ru=233404 rp=234660
18:01:33.771 @T t=447345 s=0.000 lv=-42.6 pk=-42.2 c0=4.1 c1=9.4 kw=8.96 inf=2.89 iv=1.28 n=3 d=0 sk=0 hf=98144 hm=96888 ht=283428 pf=0 pm=0 pt=0 ru=233404 rp=234660
18:01:33.771 @T t=447451 s=0.000 lv=-41.2 pk=-40.3 c0=4.7 c1=11.4 kw=11.33 inf=2.82 iv=1.36 n=4 d=0 sk=0 hf=98144 hm=96888 ht=283428 pf=0 pm=0 pt=0 ru=233404 rp=234660
18:01:33.771 @T t=447557 s=0.000 lv=-40.0 pk=-38.7 c0=4.7 c1=11.0 kw=10.05 inf=2.48 iv=1.23 n=4 d=0 sk=0 hf=98144 hm=96888 ht=283428 pf=0 pm=0 pt=0 ru=233404 rp=234660
18:01:33.771 @T t=447643 s=0.000 lv=-38.9 pk=-38.4 c0=5.1 c1=8.1 kw=7.92 inf=3.12 iv=1.15 n=2 d=0 sk=0 hf=98144 hm=96888 ht=283428 pf=0 pm=0 pt=0 ru=233404 rp=234660
18:01:33.771 @T t=447752 s=0.000 lv=-37.5 pk=-36.4 c0=3.9 c1=10.7 kw=10.41 inf=2.62 iv=1.16 n=4 d=0 sk=0 hf=98144 hm=96888 ht=283428 pf=0 pm=0 pt=0 ru=233404 rp=234660
18:01:33.771 @T t=447858 s=0.000 lv=-37.4 pk=-36.7 c0=4.2 c1=9.9 kw=9.35 inf=2.31 iv=1.11 n=4 d=0 sk=0 hf=98144 hm=96888 ht=283428 pf=0 pm=0 pt=0 ru=233404 rp=234660
18:01:33.771 @T t=447944 s=0.000 lv=-38.7 pk=-38.1 c0=4.2 c1=7.7 kw=8.00 inf=3.14 iv=1.22 n=2 d=0 sk=0 hf=98144 hm=96888 ht=283428 pf=0 pm=0 pt=0 ru=233404 rp=234660
18:01:33.771 @T t=448053 s=0.000 lv=-40.1 pk=-37.8 c0=9.9 c1=10.8 kw=10.53 inf=2.65 iv=1.19 n=4 d=0 sk=0 hf=98144 hm=96888 ht=283428 pf=0 pm=0 pt=0 ru=233404 rp=234660
18:01:33.771 @T t=448139 s=0.000 lv=-38.1 pk=-36.1 c0=4.7 c1=9.5 kw=9.31 inf=2.48 iv=1.18 n=3 d=0 sk=0 hf=98144 hm=96888 ht=283428 pf=0 pm=0 pt=0 ru=233404 rp=234660
18:01:33.771 @I ww=marvin cut=0.50 win=5 cool=1000 tick=100 wifi=0 srv=0 li=0 ln=0
18:01:33.771 @T t=448250 s=0.000 lv=-35.3 pk=-33.5 c0=10.8 c1=10.4 kw=10.20 inf=2.62 iv=1.16 n=4 d=0 sk=0 hf=98144 hm=96888 ht=283428 pf=0 pm=0 pt=0 ru=233404 rp=234660
18:01:33.771 @T t=448356 s=0.000 lv=-39.1 pk=-38.4 c0=3.3 c1=8.7 kw=8.47 inf=2.76 iv=1.17 n=3 d=0 sk=0 hf=98144 hm=96888 ht=283428 pf=0 pm=0 pt=0 ru=233404 rp=234660
18:01:33.771 @T t=448442 s=0.000 lv=-39.3 pk=-38.6 c0=4.0 c1=9.4 kw=9.17 inf=2.44 iv=1.17 n=3 d=0 sk=0 hf=98144 hm=96888 ht=283428 pf=0 pm=0 pt=0 ru=233404 rp=234660
18:01:33.771 @T t=448548 s=0.000 lv=-38.1 pk=-35.1 c0=7.5 c1=12.1 kw=11.05 inf=2.71 iv=1.26 n=4 d=0 sk=0 hf=98144 hm=96888 ht=283428 pf=0 pm=0 pt=0 ru=233404 rp=234660
18:01:33.771 @T t=448657 s=0.000 lv=-40.9 pk=-40.5 c0=3.1 c1=8.4 kw=8.26 inf=2.76 iv=1.18 n=3 d=0 sk=0 hf=98144 hm=96888 ht=283428 pf=0 pm=0 pt=0 ru=233404 rp=234660
18:01:33.771 @T t=448743 s=0.000 lv=-43.4 pk=-42.6 c0=8.0 c1=9.4 kw=9.23 inf=2.45 iv=1.17 n=3 d=0 sk=0 hf=98144 hm=96888 ht=283428 pf=0 pm=0 pt=0 ru=233404 rp=234660
18:01:33.771 @T t=448852 s=0.000 lv=-41.2 pk=-40.5 c0=9.2 c1=10.8 kw=10.52 inf=2.65 iv=1.20 n=4 d=0 sk=0 hf=98144 hm=96888 ht=283428 pf=0 pm=0 pt=0 ru=233404 rp=234660
18:01:33.771 @T t=448958 s=0.000 lv=-40.8 pk=-39.3 c0=3.5 c1=8.5 kw=8.34 inf=2.71 iv=1.13 n=3 d=0 sk=0 hf=98144 hm=96888 ht=283428 pf=0 pm=0 pt=0 ru=233404 rp=234660
18:01:33.771 @T t=449044 s=0.000 lv=-38.4 pk=-37.1 c0=4.0 c1=9.2 kw=9.01 inf=2.39 iv=1.11 n=3 d=0 sk=0 hf=98144 hm=96888 ht=283428 pf=0 pm=0 pt=0 ru=233404 rp=234660
18:01:33.771 @T t=449153 s=0.000 lv=-39.6 pk=-38.6 c0=3.1 c1=10.5 kw=10.30 inf=2.59 iv=1.13 n=4 d=0 sk=0 hf=98144 hm=96888 ht=283428 pf=0 pm=0 pt=0 ru=233404 rp=234660
18:01:33.771 @I ww=marvin cut=0.50 win=5 cool=1000 tick=100 wifi=0 srv=0 li=0 ln=0
18:01:33.771 @T t=449245 s=0.000 lv=-39.4 pk=-38.3 c0=16.2 c1=9.9 kw=9.30 inf=2.61 iv=1.29 n=3 d=0 sk=0 hf=98144 hm=96888 ht=283428 pf=0 pm=0 pt=0 ru=233404 rp=234660
18:01:36.076 @T t=449354 s=0.000 lv=-37.3 pk=-35.9 c0=3.9 c1=11.0 kw=10.46 inf=2.67 iv=1.21 n=4 d=0 sk=0 hf=98144 hm=96888 ht=283428 pf=0 pm=0 pt=0 ru=233404 rp=234660
18:01:36.076 @T t=449440 s=0.000 lv=-38.5 pk=-36.9 c0=5.2 c1=8.2 kw=7.94 inf=3.12 iv=1.17 n=2 d=0 sk=0 hf=98144 hm=96888 ht=283428 pf=0 pm=0 pt=0 ru=233404 rp=234660
18:01:36.076 @T t=449546 s=0.000 lv=-41.3 pk=-40.1 c0=4.7 c1=12.0 kw=11.04 inf=2.71 iv=1.24 n=4 d=0 sk=0 hf=98144 hm=96888 ht=283428 pf=0 pm=0 pt=0 ru=233404 rp=234660
18:01:36.076 @T t=449652 s=0.000 lv=-40.5 pk=-38.6 c0=3.3 c1=9.5 kw=9.33 inf=2.29 iv=1.11 n=4 d=0 sk=0 hf=98144 hm=96888 ht=283428 pf=0 pm=0 pt=0 ru=233404 rp=234660
18:01:36.076 @T t=449758 s=0.000 lv=-40.1 pk=-38.4 c0=4.2 c1=8.6 kw=8.36 inf=2.71 iv=1.12 n=3 d=0 sk=0 hf=98144 hm=96888 ht=283428 pf=0 pm=0 pt=0 ru=233404 rp=234660
18:01:36.076 @T t=449844 s=0.000 lv=-41.1 pk=-40.4 c0=5.2 c1=7.0 kw=6.85 inf=2.66 iv=1.40 n=1 d=0 sk=1 hf=98144 hm=96888 ht=283428 pf=0 pm=0 pt=0 ru=233404 rp=234660
18:01:36.076 @T t=449953 s=0.000 lv=-43.3 pk=-41.5 c0=9.7 c1=6.1 kw=5.93 inf=1.41 iv=0.00 n=0 d=0 sk=4 hf=98144 hm=96888 ht=283428 pf=0 pm=0 pt=0 ru=233404 rp=234660
18:01:36.076 @T t=450039 s=0.000 lv=-40.3 pk=-38.8 c0=4.9 c1=5.0 kw=4.90 inf=1.84 iv=0.00 n=0 d=0 sk=2 hf=98144 hm=96888 ht=283428 pf=0 pm=0 pt=0 ru=233404 rp=234660
18:01:36.076 @T t=450145 s=0.000 lv=-41.6 pk=-39.2 c0=3.2 c1=5.4 kw=5.10 inf=1.54 iv=0.00 n=0 d=0 sk=3 hf=98144 hm=96888 ht=283428 pf=0 pm=0 pt=0 ru=233404 rp=234660
18:01:36.076 @I ww=marvin cut=0.50 win=5 cool=1000 tick=100 wifi=0 srv=0 li=0 ln=0
18:01:36.077 @T t=450258 s=0.000 lv=-41.8 pk=-40.8 c0=4.5 c1=5.9 kw=5.43 inf=1.82 iv=0.00 n=0 d=0 sk=3 hf=98144 hm=96888 ht=283428 pf=0 pm=0 pt=0 ru=233404 rp=234660
18:01:36.077 @T t=450344 s=0.000 lv=-41.7 pk=-40.9 c0=4.7 c1=5.1 kw=4.95 inf=1.85 iv=0.00 n=0 d=0 sk=2 hf=98144 hm=96888 ht=283428 pf=0 pm=0 pt=0 ru=233404 rp=234660
18:01:36.077 @T t=450450 s=0.000 lv=-40.4 pk=-39.6 c0=4.1 c1=6.2 kw=6.05 inf=1.39 iv=0.00 n=0 d=0 sk=4 hf=98144 hm=96888 ht=283428 pf=0 pm=0 pt=0 ru=233404 rp=234660
18:01:36.077 @T t=450556 s=0.000 lv=-40.0 pk=-39.8 c0=4.3 c1=5.9 kw=5.10 inf=1.57 iv=0.00 n=0 d=0 sk=3 hf=98144 hm=96888 ht=283428 pf=0 pm=0 pt=0 ru=233404 rp=234660
18:01:36.077 @T t=450642 s=0.000 lv=-41.6 pk=-40.8 c0=4.0 c1=4.9 kw=4.84 inf=1.81 iv=0.00 n=0 d=0 sk=2 hf=98144 hm=96888 ht=283428 pf=0 pm=0 pt=0 ru=233404 rp=234660
18:01:36.077 @T t=450748 s=0.000 lv=-41.2 pk=-39.5 c0=3.0 c1=6.0 kw=5.88 inf=1.36 iv=0.00 n=0 d=0 sk=4 hf=98144 hm=96888 ht=283428 pf=0 pm=0 pt=0 ru=233404 rp=234660
18:01:36.077 @T t=450854 s=0.000 lv=-40.6 pk=-38.6 c0=3.1 c1=5.1 kw=4.93 inf=1.52 iv=0.00 n=0 d=0 sk=3 hf=98144 hm=96888 ht=283428 pf=0 pm=0 pt=0 ru=233404 rp=234660
18:01:36.077 @T t=450940 s=0.000 lv=-42.6 pk=-41.3 c0=4.2 c1=5.1 kw=4.88 inf=1.83 iv=0.00 n=0 d=0 sk=2 hf=98144 hm=96888 ht=283428 pf=0 pm=0 pt=0 ru=233404 rp=234660
18:01:36.077 @T t=451046 s=0.000 lv=-40.5 pk=-39.3 c0=3.1 c1=6.0 kw=5.90 inf=1.36 iv=0.00 n=0 d=0 sk=4 hf=98144 hm=96888 ht=283428 pf=0 pm=0 pt=0 ru=233404 rp=234660
18:01:36.077 @T t=451152 s=0.000 lv=-39.5 pk=-38.5 c0=2.9 c1=5.1 kw=4.92 inf=1.52 iv=0.00 n=0 d=0 sk=3 hf=98144 hm=96888 ht=283428 pf=0 pm=0 pt=0 ru=233404 rp=234660
18:01:36.077 @I ww=marvin cut=0.50 win=5 cool=1000 tick=100 wifi=0 srv=0 li=0 ln=0
18:01:36.077 @T t=451244 s=0.000 lv=-39.7 pk=-38.5 c0=4.8 c1=4.7 kw=4.53 inf=1.82 iv=0.00 n=0 d=0 sk=2 hf=98144 hm=96888 ht=283428 pf=0 pm=0 pt=0 ru=233404 rp=234660
18:01:36.077 @T t=451350 s=0.000 lv=-41.6 pk=-39.5 c0=3.1 c1=6.1 kw=5.94 inf=1.37 iv=0.00 n=0 d=0 sk=4 hf=98144 hm=96888 ht=283428 pf=0 pm=0 pt=0 ru=233404 rp=234660
18:01:36.077 @T t=451457 s=0.000 lv=-41.9 pk=-40.5 c0=3.0 c1=4.9 kw=4.81 inf=1.50 iv=0.00 n=0 d=0 sk=3 hf=98144 hm=96888 ht=283428 pf=0 pm=0 pt=0 ru=233404 rp=234660
18:01:36.077 @T t=451543 s=0.000 lv=-42.0 pk=-40.5 c0=7.9 c1=6.3 kw=4.84 inf=1.82 iv=0.00 n=0 d=0 sk=2 hf=98144 hm=96888 ht=283428 pf=0 pm=0 pt=0 ru=233404 rp=234660
18:01:36.077 [status] up 451s | mic -39.2 dBFS (peak -31.0) | score max 0.00 | detections 0 | inferences 277 (27.4/s; model 1.19 ms each, paused in quiet 18%; features 1.44 ms per 30 ms) | CPU core0  4.9% core1  9.0% (wake word pipeline 8.77% of one core) | RAM used 227 KB (peak 229 KB, 95 KB free) | wifi --, server -- | audio lost since boot: i2s 0 net 0
18:01:38.651 @T t=451657 s=0.000 lv=-38.8 pk=-36.4 c0=8.2 c1=14.7 kw=14.36 inf=1.19 iv=0.97 n=10 d=0 sk=3 hf=98144 hm=96888 ht=283428 pf=0 pm=0 pt=0 ru=233404 rp=234660
18:01:38.651 @T t=451746 s=0.000 lv=-38.5 pk=-38.1 c0=5.5 c1=11.0 kw=10.73 inf=2.94 iv=1.29 n=3 d=0 sk=0 hf=98144 hm=96888 ht=283428 pf=0 pm=0 pt=0 ru=233404 rp=234660
18:01:38.651 @T t=451852 s=0.000 lv=-42.9 pk=-42.1 c0=4.2 c1=9.9 kw=9.65 inf=2.37 iv=1.17 n=4 d=0 sk=0 hf=98144 hm=96888 ht=283428 pf=0 pm=0 pt=0 ru=233404 rp=234660
18:01:38.651 @T t=451958 s=0.000 lv=-42.5 pk=-40.7 c0=4.3 c1=8.4 kw=8.25 inf=2.68 iv=1.11 n=3 d=0 sk=0 hf=98144 hm=96888 ht=283428 pf=0 pm=0 pt=0 ru=233404 rp=234660
18:01:38.651 @T t=452044 s=0.000 lv=-42.1 pk=-41.5 c0=4.0 c1=9.4 kw=9.18 inf=2.44 iv=1.16 n=3 d=0 sk=0 hf=98144 hm=96888 ht=283428 pf=0 pm=0 pt=0 ru=233404 rp=234660
18:01:38.651 @T t=452150 s=0.000 lv=-40.5 pk=-39.1 c0=6.8 c1=11.1 kw=10.82 inf=2.65 iv=1.18 n=4 d=0 sk=0 hf=98144 hm=96888 ht=283428 pf=0 pm=0 pt=0 ru=233404 rp=234660
18:01:38.651 @I ww=marvin cut=0.50 win=5 cool=1000 tick=100 wifi=0 srv=0 li=0 ln=0
18:01:38.651 @T t=452241 s=0.000 lv=-39.0 pk=-37.7 c0=6.0 c1=8.2 kw=8.01 inf=3.35 iv=1.36 n=2 d=0 sk=0 hf=98144 hm=96888 ht=283428 pf=0 pm=0 pt=0 ru=233404 rp=234660
18:01:38.651 @T t=452347 s=0.000 lv=-41.9 pk=-40.7 c0=4.2 c1=11.1 kw=10.81 inf=2.65 iv=1.20 n=4 d=0 sk=0 hf=98144 hm=96888 ht=283428 pf=0 pm=0 pt=0 ru=233404 rp=234660
18:01:38.651 @T t=452453 s=0.000 lv=-41.1 pk=-40.3 c0=4.2 c1=9.9 kw=9.65 inf=2.38 iv=1.17 n=4 d=0 sk=0 hf=98144 hm=96888 ht=283428 pf=0 pm=0 pt=0 ru=233404 rp=234660
18:01:38.651 @T t=452539 s=0.000 lv=-39.3 pk=-38.1 c0=4.7 c1=8.9 kw=7.84 inf=3.09 iv=1.18 n=2 d=0 sk=0 hf=98144 hm=96888 ht=283428 pf=0 pm=0 pt=0 ru=233404 rp=234660
18:01:38.651 @T t=452645 s=0.000 lv=-38.8 pk=-37.4 c0=4.3 c1=10.5 kw=10.11 inf=2.46 iv=1.22 n=4 d=0 sk=0 hf=98144 hm=96888 ht=283428 pf=0 pm=0 pt=0 ru=233404 rp=234660
18:01:38.651 @T t=452754 s=0.000 lv=-41.0 pk=-39.5 c0=3.9 c1=10.8 kw=10.26 inf=2.61 iv=1.17 n=4 d=0 sk=0 hf=98144 hm=96888 ht=283428 pf=0 pm=0 pt=0 ru=233404 rp=234660
18:01:38.651 @T t=452840 s=0.000 lv=-41.6 pk=-40.2 c0=5.5 c1=8.6 kw=8.37 inf=3.31 iv=1.35 n=2 d=0 sk=0 hf=98144 hm=96888 ht=283428 pf=0 pm=0 pt=0 ru=233404 rp=234660
18:01:38.652 @T t=452946 s=0.000 lv=-40.3 pk=-39.6 c0=4.1 c1=11.1 kw=10.82 inf=2.65 iv=1.20 n=4 d=0 sk=0 hf=98144 hm=96888 ht=283428 pf=0 pm=0 pt=0 ru=233404 rp=234660
18:01:38.652 @T t=453052 s=0.000 lv=-41.5 pk=-40.1 c0=3.3 c1=9.4 kw=9.23 inf=2.27 iv=1.09 n=4 d=0 sk=0 hf=98144 hm=96888 ht=283428 pf=0 pm=0 pt=0 ru=233404 rp=234660
18:01:38.652 @T t=453158 s=0.000 lv=-41.8 pk=-41.0 c0=3.2 c1=8.4 kw=8.18 inf=2.66 iv=1.10 n=3 d=0 sk=0 hf=98144 hm=96888 ht=283428 pf=0 pm=0 pt=0 ru=233404 rp=234660
18:01:38.652 @I ww=marvin cut=0.50 win=5 cool=1000 tick=100 wifi=0 srv=0 li=0 ln=0
18:01:38.652 @T t=453250 s=0.000 lv=-40.4 pk=-39.1 c0=4.7 c1=9.9 kw=9.63 inf=2.71 iv=1.12 n=3 d=0 sk=0 hf=98144 hm=96888 ht=283428 pf=0 pm=0 pt=0 ru=233404 rp=234660
18:01:38.652 @T t=453356 s=0.000 lv=-40.0 pk=-38.7 c0=3.6 c1=5.1 kw=4.95 inf=1.52 iv=0.00 n=0 d=0 sk=3 hf=98144 hm=96888 ht=283428 pf=0 pm=0 pt=0 ru=233404 rp=234660
18:01:38.652 @T t=453442 s=0.000 lv=-39.0 pk=-38.2 c0=3.8 c1=5.0 kw=4.92 inf=1.84 iv=0.00 n=0 d=0 sk=2 hf=98144 hm=96888 ht=283428 pf=0 pm=0 pt=0 ru=233404 rp=234660
18:01:38.652 @T t=453548 s=0.000 lv=-38.1 pk=-35.3 c0=3.5 c1=16.4 kw=15.38 inf=1.55 iv=0.97 n=10 d=0 sk=0 hf=98144 hm=96888 ht=283428 pf=0 pm=0 pt=0 ru=233404 rp=234660
18:01:38.652 @T t=453654 s=0.000 lv=-41.1 pk=-40.3 c0=3.9 c1=9.9 kw=9.72 inf=2.40 iv=1.20 n=4 d=0 sk=0 hf=98144 hm=96888 ht=283428 pf=0 pm=0 pt=0 ru=233404 rp=234660
18:01:38.652 @T t=453740 s=0.000 lv=-37.6 pk=-35.1 c0=4.1 c1=8.3 kw=8.09 inf=3.20 iv=1.27 n=2 d=0 sk=0 hf=98144 hm=96888 ht=283428 pf=0 pm=0 pt=0 ru=233404 rp=234660
18:01:38.652 @T t=453846 s=0.000 lv=-37.7 pk=-35.1 c0=6.6 c1=10.9 kw=10.65 inf=2.61 iv=1.15 n=4 d=0 sk=0 hf=98144 hm=96888 ht=283428 pf=0 pm=0 pt=0 ru=233404 rp=234660
18:01:38.652 @T t=453952 s=0.000 lv=-41.3 pk=-40.2 c0=6.6 c1=9.6 kw=9.41 inf=2.32 iv=1.13 n=4 d=0 sk=0 hf=98144 hm=96888 ht=283428 pf=0 pm=0 pt=0 ru=233404 rp=234660
18:01:38.652 @T t=454058 s=0.000 lv=-38.7 pk=-37.0 c0=8.8 c1=9.4 kw=9.11 inf=2.98 iv=1.34 n=3 d=0 sk=0 hf=98144 hm=96888 ht=283428 pf=0 pm=0 pt=0 ru=233404 rp=234660
18:01:38.652 @T t=454144 s=0.000 lv=-40.7 pk=-39.6 c0=5.1 c1=10.1 kw=9.88 inf=2.63 iv=1.32 n=3 d=0 sk=0 hf=98144 hm=96888 ht=283428 pf=0 pm=0 pt=0 ru=233404 rp=234660
18:01:38.652 @I ww=marvin cut=0.50 win=5 cool=1000 tick=100 wifi=0 srv=0 li=0 ln=0
18:01:41.161 @T t=454239 s=0.000 lv=-40.8 pk=-38.9 c0=4.5 c1=9.9 kw=9.69 inf=2.82 iv=1.18 n=3 d=0 sk=0 hf=97956 hm=96888 ht=283428 pf=0 pm=0 pt=0 ru=233592 rp=234660
18:01:41.161 @T t=454347 s=0.000 lv=-40.2 pk=-38.9 c0=7.9 c1=10.7 kw=10.50 inf=2.62 iv=1.18 n=4 d=0 sk=0 hf=98144 hm=96888 ht=283428 pf=0 pm=0 pt=0 ru=233404 rp=234660
18:01:41.161 @T t=454453 s=0.000 lv=-41.9 pk=-40.4 c0=7.4 c1=8.8 kw=8.56 inf=2.79 iv=1.20 n=3 d=0 sk=0 hf=98144 hm=96888 ht=283428 pf=0 pm=0 pt=0 ru=233404 rp=234660
18:01:41.161 @T t=454539 s=0.000 lv=-41.8 pk=-40.8 c0=5.7 c1=10.9 kw=9.76 inf=2.60 iv=1.30 n=3 d=0 sk=0 hf=98144 hm=96888 ht=283428 pf=0 pm=0 pt=0 ru=233404 rp=234660
18:01:41.161 @T t=454645 s=0.000 lv=-39.8 pk=-38.3 c0=4.2 c1=9.7 kw=9.24 inf=2.98 iv=1.33 n=3 d=0 sk=0 hf=98144 hm=96888 ht=283428 pf=0 pm=0 pt=0 ru=233404 rp=234660
18:01:41.161 @T t=454751 s=0.000 lv=-41.6 pk=-40.9 c0=7.3 c1=11.2 kw=11.19 inf=2.78 iv=1.32 n=4 d=0 sk=0 hf=98144 hm=96888 ht=283428 pf=0 pm=0 pt=0 ru=233404 rp=234660
18:01:41.161 @T t=454857 s=0.000 lv=-42.1 pk=-40.5 c0=4.3 c1=9.9 kw=9.66 inf=2.38 iv=1.17 n=4 d=0 sk=0 hf=98144 hm=96888 ht=283428 pf=0 pm=0 pt=0 ru=233404 rp=234660
18:01:41.161 @T t=454943 s=0.000 lv=-41.1 pk=-39.9 c0=4.1 c1=7.9 kw=7.79 inf=3.07 iv=1.18 n=2 d=0 sk=0 hf=98144 hm=96888 ht=283428 pf=0 pm=0 pt=0 ru=233404 rp=234660
18:01:41.161 @T t=455051 s=0.000 lv=-41.0 pk=-39.8 c0=3.9 c1=10.9 kw=10.62 inf=2.65 iv=1.18 n=4 d=0 sk=0 hf=98144 hm=96888 ht=283428 pf=0 pm=0 pt=0 ru=233404 rp=234660
18:01:41.161 @T t=455157 s=0.000 lv=-40.4 pk=-38.2 c0=4.3 c1=10.0 kw=9.80 inf=2.41 iv=1.19 n=4 d=0 sk=0 hf=98144 hm=96888 ht=283428 pf=0 pm=0 pt=0 ru=233404 rp=234660
18:01:41.161 @I ww=marvin cut=0.50 win=5 cool=1000 tick=100 wifi=0 srv=0 li=0 ln=0
18:01:41.161 @T t=455248 s=0.000 lv=-36.6 pk=-34.6 c0=6.0 c1=10.7 kw=10.49 inf=2.95 iv=1.28 n=3 d=0 sk=0 hf=98144 hm=96888 ht=283428 pf=0 pm=0 pt=0 ru=233404 rp=234660
18:01:41.161 @T t=455354 s=0.000 lv=-36.2 pk=-33.1 c0=4.0 c1=8.9 kw=8.70 inf=2.84 iv=1.21 n=3 d=0 sk=0 hf=98144 hm=96888 ht=283428 pf=0 pm=0 pt=0 ru=233404 rp=234660
18:01:41.162 @T t=455440 s=0.000 lv=-39.9 pk=-37.8 c0=4.0 c1=9.2 kw=9.00 inf=2.39 iv=1.13 n=3 d=0 sk=0 hf=98144 hm=96888 ht=283428 pf=0 pm=0 pt=0 ru=233404 rp=234660
18:01:41.162 @T t=455546 s=0.000 lv=-40.2 pk=-38.5 c0=3.8 c1=10.6 kw=8.50 inf=2.72 iv=1.13 n=3 d=0 sk=0 hf=98144 hm=96888 ht=283428 pf=0 pm=0 pt=0 ru=233404 rp=234660
18:01:41.162 @T t=455652 s=0.000 lv=-41.3 pk=-40.4 c0=3.4 c1=10.0 kw=10.94 inf=2.72 iv=1.20 n=4 d=0 sk=0 hf=98144 hm=96888 ht=283428 pf=0 pm=0 pt=0 ru=233404 rp=234660
18:01:41.162 @T t=455758 s=0.000 lv=-40.5 pk=-38.8 c0=3.7 c1=9.8 kw=9.57 inf=2.35 iv=1.16 n=4 d=0 sk=0 hf=98144 hm=96888 ht=283428 pf=0 pm=0 pt=0 ru=233404 rp=234660
18:01:41.162 @T t=455844 s=0.000 lv=-41.3 pk=-39.8 c0=7.4 c1=8.0 kw=7.80 inf=3.07 iv=1.17 n=2 d=0 sk=0 hf=98144 hm=96888 ht=283428 pf=0 pm=0 pt=0 ru=233404 rp=234660
18:01:41.162 @T t=455950 s=0.000 lv=-40.3 pk=-39.3 c0=3.4 c1=10.5 kw=10.32 inf=2.52 iv=1.09 n=4 d=0 sk=0 hf=98144 hm=96888 ht=283428 pf=0 pm=0 pt=0 ru=233404 rp=234660
18:01:41.162 @T t=456056 s=0.000 lv=-39.4 pk=-37.3 c0=3.9 c1=9.5 kw=9.31 inf=2.29 iv=1.10 n=4 d=0 sk=0 hf=98144 hm=96888 ht=283428 pf=0 pm=0 pt=0 ru=233404 rp=234660
18:01:41.162 @T t=456142 s=0.000 lv=-41.8 pk=-40.8 c0=4.0 c1=8.0 kw=7.87 inf=3.10 iv=1.20 n=2 d=0 sk=0 hf=98144 hm=96888 ht=283428 pf=0 pm=0 pt=0 ru=233404 rp=234660
18:01:41.162 @I ww=marvin cut=0.50 win=5 cool=1000 tick=100 wifi=0 srv=0 li=0 ln=0
18:01:41.162 @T t=456254 s=0.000 lv=-40.7 pk=-39.8 c0=3.9 c1=10.1 kw=9.85 inf=2.55 iv=1.11 n=4 d=0 sk=0 hf=98144 hm=96888 ht=283428 pf=0 pm=0 pt=0 ru=233404 rp=234660
18:01:41.162 @T t=456340 s=0.000 lv=-42.9 pk=-42.9 c0=3.9 c1=9.2 kw=8.96 inf=2.38 iv=1.11 n=3 d=0 sk=0 hf=98144 hm=96888 ht=283428 pf=0 pm=0 pt=0 ru=233404 rp=234660
18:01:41.162 @T t=456446 s=0.000 lv=-39.7 pk=-38.5 c0=5.0 c1=10.1 kw=8.59 inf=2.75 iv=1.13 n=3 d=0 sk=0 hf=98144 hm=96888 ht=283428 pf=0 pm=0 pt=0 ru=233404 rp=234660
18:01:41.162 @T t=456552 s=0.000 lv=-40.2 pk=-39.3 c0=5.9 c1=10.5 kw=11.16 inf=2.77 iv=1.23 n=4 d=0 sk=0 hf=98144 hm=96888 ht=283428 pf=0 pm=0 pt=0 ru=233404 rp=234660
18:01:41.162 @T t=456658 s=0.000 lv=-41.5 pk=-40.3 c0=4.2 c1=9.5 kw=9.31 inf=2.29 iv=1.11 n=4 d=0 sk=0 hf=98144 hm=96888 ht=283428 pf=0 pm=0 pt=0 ru=233404 rp=234660
18:01:43.674 @T t=456744 s=0.000 lv=-44.2 pk=-43.1 c0=4.1 c1=8.1 kw=7.94 inf=3.13 iv=1.22 n=2 d=0 sk=0 hf=98144 hm=96888 ht=283428 pf=0 pm=0 pt=0 ru=233404 rp=234660
18:01:43.674 @T t=456850 s=0.000 lv=-43.4 pk=-42.2 c0=4.2 c1=11.2 kw=10.92 inf=2.67 iv=1.20 n=4 d=0 sk=0 hf=98144 hm=96888 ht=283428 pf=0 pm=0 pt=0 ru=233404 rp=234660
18:01:43.674 @T t=456956 s=0.000 lv=-41.5 pk=-40.8 c0=4.3 c1=7.7 kw=7.55 inf=1.82 iv=1.26 n=2 d=0 sk=2 hf=98144 hm=96888 ht=283428 pf=0 pm=0 pt=0 ru=233404 rp=234660
18:01:43.674 @T t=457042 s=0.000 lv=-41.3 pk=-40.4 c0=5.2 c1=5.2 kw=4.99 inf=1.87 iv=0.00 n=0 d=0 sk=2 hf=98144 hm=96888 ht=283428 pf=0 pm=0 pt=0 ru=233404 rp=234660
18:01:43.674 @T t=457148 s=0.000 lv=-41.8 pk=-40.1 c0=4.3 c1=6.2 kw=5.96 inf=1.38 iv=0.00 n=0 d=0 sk=4 hf=98144 hm=96888 ht=283428 pf=0 pm=0 pt=0 ru=233404 rp=234660
18:01:43.674 @I ww=marvin cut=0.50 win=5 cool=1000 tick=100 wifi=0 srv=0 li=0 ln=0
18:01:43.674 @T t=457240 s=0.000 lv=-41.7 pk=-40.3 c0=4.6 c1=4.6 kw=4.54 inf=1.82 iv=0.00 n=0 d=0 sk=2 hf=98144 hm=96888 ht=283428 pf=0 pm=0 pt=0 ru=233404 rp=234660
18:01:43.674 @T t=457346 s=0.000 lv=-40.6 pk=-38.8 c0=3.7 c1=6.2 kw=5.99 inf=1.39 iv=0.00 n=0 d=0 sk=4 hf=98144 hm=96888 ht=283428 pf=0 pm=0 pt=0 ru=233404 rp=234660
18:01:43.674 @T t=457452 s=0.000 lv=-40.4 pk=-38.7 c0=4.0 c1=5.2 kw=5.01 inf=1.54 iv=0.00 n=0 d=0 sk=3 hf=98144 hm=96888 ht=283428 pf=0 pm=0 pt=0 ru=233404 rp=234660
18:01:43.674 @T t=457558 s=0.000 lv=-41.3 pk=-38.9 c0=4.5 c1=6.0 kw=5.07 inf=1.56 iv=0.00 n=0 d=0 sk=3 hf=98144 hm=96888 ht=283428 pf=0 pm=0 pt=0 ru=233404 rp=234660
18:01:43.674 @T t=457644 s=0.000 lv=-40.5 pk=-39.9 c0=5.1 c1=5.2 kw=5.07 inf=1.90 iv=0.00 n=0 d=0 sk=2 hf=98144 hm=96888 ht=283428 pf=0 pm=0 pt=0 ru=233404 rp=234660
18:01:43.674 @T t=457753 s=0.000 lv=-40.0 pk=-38.6 c0=3.5 c1=6.1 kw=5.92 inf=1.41 iv=0.00 n=0 d=0 sk=4 hf=98144 hm=96888 ht=283428 pf=0 pm=0 pt=0 ru=233404 rp=234660
18:01:43.674 @T t=457839 s=0.000 lv=-41.7 pk=-40.6 c0=3.8 c1=5.0 kw=4.84 inf=1.81 iv=0.00 n=0 d=0 sk=2 hf=98144 hm=96888 ht=283428 pf=0 pm=0 pt=0 ru=233404 rp=234660
18:01:43.674 @T t=457945 s=0.000 lv=-39.0 pk=-36.1 c0=3.1 c1=15.8 kw=15.42 inf=1.29 iv=0.98 n=11 d=0 sk=1 hf=98144 hm=96888 ht=283428 pf=0 pm=0 pt=0 ru=233404 rp=234660
18:01:43.674 @T t=458051 s=0.000 lv=-39.9 pk=-39.3 c0=3.5 c1=10.8 kw=10.77 inf=2.68 iv=1.23 n=4 d=0 sk=0 hf=98144 hm=96888 ht=283428 pf=0 pm=0 pt=0 ru=233404 rp=234660
18:01:43.674 @T t=458157 s=0.000 lv=-37.9 pk=-34.1 c0=7.0 c1=9.6 kw=9.42 inf=2.32 iv=1.12 n=4 d=0 sk=0 hf=98144 hm=96888 ht=283428 pf=0 pm=0 pt=0 ru=233404 rp=234660
18:01:43.674 @I ww=marvin cut=0.50 win=5 cool=1000 tick=100 wifi=0 srv=0 li=0 ln=0
18:01:43.674 @T t=458248 s=0.000 lv=-40.2 pk=-37.1 c0=4.7 c1=10.0 kw=9.79 inf=2.74 iv=1.15 n=3 d=0 sk=0 hf=98144 hm=96888 ht=283428 pf=0 pm=0 pt=0 ru=233404 rp=234660
18:01:43.674 @T t=458354 s=0.000 lv=-35.2 pk=-34.1 c0=3.3 c1=8.6 kw=8.44 inf=2.75 iv=1.17 n=3 d=0 sk=0 hf=98144 hm=96888 ht=283428 pf=0 pm=0 pt=0 ru=233404 rp=234660
18:01:43.674 @T t=458440 s=0.000 lv=-36.8 pk=-33.2 c0=8.1 c1=9.3 kw=9.08 inf=2.41 iv=1.14 n=3 d=0 sk=0 hf=98144 hm=96888 ht=283428 pf=0 pm=0 pt=0 ru=233404 rp=234660
18:01:43.674 @T t=458546 s=0.000 lv=-41.6 pk=-40.6 c0=4.4 c1=10.8 kw=8.67 inf=2.78 iv=1.19 n=3 d=0 sk=0 hf=98144 hm=96888 ht=283428 pf=0 pm=0 pt=0 ru=233404 rp=234660
18:01:43.674 @T t=458652 s=0.000 lv=-40.6 pk=-39.6 c0=3.4 c1=10.0 kw=10.93 inf=2.72 iv=1.19 n=4 d=0 sk=0 hf=98144 hm=96888 ht=283428 pf=0 pm=0 pt=0 ru=233404 rp=234660
18:01:43.674 @T t=458758 s=0.000 lv=-39.8 pk=-37.7 c0=3.2 c1=9.3 kw=9.15 inf=2.25 iv=1.06 n=4 d=0 sk=0 hf=98144 hm=96888 ht=283428 pf=0 pm=0 pt=0 ru=233404 rp=234660
18:01:43.674 @T t=458844 s=0.000 lv=-41.6 pk=-40.0 c0=6.1 c1=8.3 kw=7.91 inf=3.10 iv=1.14 n=2 d=0 sk=0 hf=98144 hm=96888 ht=283428 pf=0 pm=0 pt=0 ru=233404 rp=234660
18:01:43.674 @T t=458952 s=0.000 lv=-41.9 pk=-40.7 c0=4.1 c1=10.5 kw=10.30 inf=2.57 iv=1.14 n=4 d=0 sk=0 hf=98144 hm=96888 ht=283428 pf=0 pm=0 pt=0 ru=233404 rp=234660
18:01:43.674 @T t=459058 s=0.000 lv=-41.5 pk=-40.2 c0=4.0 c1=9.5 kw=9.28 inf=2.28 iv=1.10 n=4 d=0 sk=0 hf=98144 hm=96888 ht=283428 pf=0 pm=0 pt=0 ru=233404 rp=234660
18:01:43.674 @T t=459143 s=0.000 lv=-42.8 pk=-42.3 c0=4.3 c1=8.2 kw=8.03 inf=3.13 iv=1.22 n=2 d=0 sk=0 hf=98144 hm=96888 ht=283428 pf=0 pm=0 pt=0 ru=233404 rp=234660
18:01:43.674 @I ww=marvin cut=0.50 win=5 cool=1000 tick=100 wifi=0 srv=0 li=0 ln=0
18:01:45.992 @T t=459257 s=0.000 lv=-40.7 pk=-38.1 c0=13.9 c1=10.4 kw=10.19 inf=2.68 iv=1.22 n=4 d=0 sk=0 hf=98144 hm=96888 ht=283428 pf=0 pm=0 pt=0 ru=233404 rp=234660
18:01:45.992 @T t=459343 s=0.000 lv=-40.3 pk=-38.1 c0=5.2 c1=10.1 kw=9.86 inf=2.63 iv=1.30 n=3 d=0 sk=0 hf=98144 hm=96888 ht=283428 pf=0 pm=0 pt=0 ru=233404 rp=234660
18:01:45.992 @T t=459452 s=0.000 lv=-40.9 pk=-38.9 c0=9.6 c1=11.0 kw=10.77 inf=2.72 iv=1.24 n=4 d=0 sk=0 hf=98144 hm=96888 ht=283428 pf=0 pm=0 pt=0 ru=233404 rp=234660
18:01:45.992 @T t=459558 s=0.000 lv=-39.9 pk=-39.2 c0=4.9 c1=9.8 kw=8.80 inf=2.87 iv=1.22 n=3 d=0 sk=0 hf=98144 hm=96888 ht=283428 pf=0 pm=0 pt=0 ru=233404 rp=234660
18:01:45.992 @T t=459644 s=0.000 lv=-38.4 pk=-36.1 c0=4.1 c1=9.6 kw=9.38 inf=2.50 iv=1.22 n=3 d=0 sk=0 hf=98144 hm=96888 ht=283428 pf=0 pm=0 pt=0 ru=233404 rp=234660
18:01:45.992 @T t=459750 s=0.000 lv=-38.3 pk=-36.4 c0=4.2 c1=11.1 kw=10.85 inf=2.66 iv=1.21 n=4 d=0 sk=0 hf=98144 hm=96888 ht=283428 pf=0 pm=0 pt=0 ru=233404 rp=234660
18:01:45.992 @T t=459856 s=0.000 lv=-39.5 pk=-38.7 c0=4.4 c1=9.3 kw=9.05 inf=2.96 iv=1.32 n=3 d=0 sk=0 hf=98144 hm=96888 ht=283428 pf=0 pm=0 pt=0 ru=233404 rp=234660
18:01:45.992 @T t=459942 s=0.000 lv=-40.1 pk=-39.3 c0=5.1 c1=10.1 kw=9.86 inf=2.63 iv=1.32 n=3 d=0 sk=0 hf=98144 hm=96888 ht=283428 pf=0 pm=0 pt=0 ru=233404 rp=234660
18:01:45.992 @T t=460048 s=0.000 lv=-41.2 pk=-39.3 c0=4.3 c1=11.3 kw=11.05 inf=2.71 iv=1.25 n=4 d=0 sk=0 hf=98144 hm=96888 ht=283428 pf=0 pm=0 pt=0 ru=233404 rp=234660
18:01:45.993 @T t=460154 s=0.000 lv=-39.3 pk=-38.3 c0=4.1 c1=9.0 kw=8.76 inf=2.85 iv=1.22 n=3 d=0 sk=0 hf=98144 hm=96888 ht=283428 pf=0 pm=0 pt=0 ru=233404 rp=234660
18:01:45.993 @I ww=marvin cut=0.50 win=5 cool=1000 tick=100 wifi=0 srv=0 li=0 ln=0
18:01:45.993 @T t=460245 s=0.000 lv=-39.7 pk=-39.1 c0=4.8 c1=9.5 kw=9.08 inf=2.52 iv=1.21 n=3 d=0 sk=0 hf=98144 hm=96888 ht=283428 pf=0 pm=0 pt=0 ru=233404 rp=234660
18:01:45.993 @T t=460353 s=0.000 lv=-39.9 pk=-39.0 c0=3.1 c1=10.6 kw=10.62 inf=2.69 iv=1.26 n=4 d=0 sk=0 hf=98144 hm=96888 ht=283428 pf=0 pm=0 pt=0 ru=233404 rp=234660
18:01:45.993 @T t=460439 s=0.002 lv=-42.3 pk=-40.3 c0=4.0 c1=9.4 kw=9.16 inf=2.43 iv=1.17 n=3 d=0 sk=0 hf=98144 hm=96888 ht=283428 pf=0 pm=0 pt=0 ru=233404 rp=234660
18:01:45.993 @T t=460545 s=0.002 lv=-39.6 pk=-38.0 c0=4.3 c1=9.9 kw=8.76 inf=2.81 iv=1.21 n=3 d=0 sk=0 hf=98144 hm=96888 ht=283428 pf=0 pm=0 pt=0 ru=233404 rp=234660
18:01:45.993 @T t=460654 s=0.001 lv=-38.3 pk=-37.1 c0=3.3 c1=11.0 kw=10.95 inf=2.81 iv=1.35 n=4 d=0 sk=0 hf=98144 hm=96888 ht=283428 pf=0 pm=0 pt=0 ru=233404 rp=234660
18:01:45.993 @T t=460740 s=0.000 lv=-41.4 pk=-40.1 c0=4.0 c1=9.2 kw=9.04 inf=2.40 iv=1.14 n=3 d=0 sk=0 hf=98144 hm=96888 ht=283428 pf=0 pm=0 pt=0 ru=233404 rp=234660
18:01:45.993 @T t=460846 s=0.000 lv=-39.9 pk=-38.8 c0=3.3 c1=9.8 kw=8.42 inf=2.69 iv=1.11 n=3 d=0 sk=0 hf=98144 hm=96888 ht=283428 pf=0 pm=0 pt=0 ru=233404 rp=234660
18:01:45.993 @T t=460952 s=0.000 lv=-41.0 pk=-39.8 c0=3.9 c1=9.9 kw=10.37 inf=2.57 iv=1.14 n=4 d=0 sk=0 hf=98144 hm=96888 ht=283428 pf=0 pm=0 pt=0 ru=233404 rp=234660
18:01:45.993 @T t=461058 s=0.000 lv=-41.2 pk=-39.4 c0=3.3 c1=8.5 kw=8.30 inf=2.70 iv=1.12 n=3 d=0 sk=0 hf=98144 hm=96888 ht=283428 pf=0 pm=0 pt=0 ru=233404 rp=234660
18:01:45.993 @T t=461144 s=0.000 lv=-41.0 pk=-39.6 c0=4.0 c1=9.2 kw=8.97 inf=2.38 iv=1.11 n=3 d=0 sk=0 hf=98144 hm=96888 ht=283428 pf=0 pm=0 pt=0 ru=233404 rp=234660
18:01:45.993 @I ww=marvin cut=0.50 win=5 cool=1000 tick=100 wifi=0 srv=0 li=0 ln=0
18:01:45.993 W (461605) wifi: cannot connect (reason 201). Check the name/password in menuconfig; the ESP32 needs a 2.4 GHz network (201 = network not found, 15/204 = wrong password)
18:01:45.993 @T t=461255 s=0.000 lv=-40.7 pk=-39.4 c0=20.0 c1=9.7 kw=9.42 inf=2.39 iv=1.14 n=3 d=0 sk=1 hf=98144 hm=96888 ht=283428 pf=0 pm=0 pt=0 ru=233404 rp=234660
18:01:45.993 @T t=461341 s=0.000 lv=-40.4 pk=-39.9 c0=8.5 c1=5.0 kw=4.90 inf=1.84 iv=0.00 n=0 d=0 sk=2 hf=98144 hm=96888 ht=283428 pf=0 pm=0 pt=0 ru=233404 rp=234660
18:01:45.993 @T t=461447 s=0.000 lv=-42.6 pk=-40.7 c0=3.8 c1=6.1 kw=5.94 inf=1.37 iv=0.00 n=0 d=0 sk=4 hf=98144 hm=96888 ht=283428 pf=0 pm=0 pt=0 ru=233404 rp=234660
18:01:45.993 @T t=461553 s=0.000 lv=-42.2 pk=-39.5 c0=4.4 c1=6.0 kw=5.08 inf=1.57 iv=0.00 n=0 d=0 sk=3 hf=98144 hm=96888 ht=283428 pf=0 pm=0 pt=0 ru=233404 rp=234660
18:01:48.461 [status] up 461s | mic -40.1 dBFS (peak -33.1) | score max 0.00 | detections 0 | inferences 306 (30.6/s; model 1.17 ms each, paused in quiet 13%; features 1.37 ms per 30 ms) | CPU core0  4.9% core1  9.3% (wake word pipeline 9.10% of one core) | RAM used 227 KB (peak 229 KB, 95 KB free) | wifi --, server -- | audio lost since boot: i2s 0 net 0
18:01:48.462 @T t=461652 s=0.000 lv=-41.7 pk=-40.3 c0=8.4 c1=5.6 kw=5.40 inf=1.55 iv=0.00 n=0 d=0 sk=3 hf=98144 hm=96888 ht=283428 pf=0 pm=0 pt=0 ru=233404 rp=234660
18:01:48.462 @T t=461758 s=0.000 lv=-42.7 pk=-41.8 c0=3.9 c1=5.1 kw=4.99 inf=1.54 iv=0.00 n=0 d=0 sk=3 hf=98144 hm=96888 ht=283428 pf=0 pm=0 pt=0 ru=233404 rp=234660
18:01:48.462 @T t=461844 s=0.000 lv=-43.9 pk=-42.5 c0=5.0 c1=5.0 kw=4.83 inf=1.80 iv=0.00 n=0 d=0 sk=2 hf=98144 hm=96888 ht=283428 pf=0 pm=0 pt=0 ru=233404 rp=234660
18:01:48.462 @T t=461950 s=0.000 lv=-40.2 pk=-36.6 c0=3.8 c1=16.6 kw=16.32 inf=1.26 iv=0.97 n=11 d=0 sk=2 hf=98144 hm=96888 ht=283428 pf=0 pm=0 pt=0 ru=233404 rp=234660
18:01:48.462 @T t=462056 s=0.000 lv=-36.9 pk=-34.9 c0=4.2 c1=8.6 kw=8.40 inf=2.74 iv=1.14 n=3 d=0 sk=0 hf=98144 hm=96888 ht=283428 pf=0 pm=0 pt=0 ru=233404 rp=234660
18:01:48.462 @T t=462142 s=0.000 lv=-40.0 pk=-38.1 c0=5.1 c1=9.8 kw=9.62 inf=2.56 iv=1.26 n=3 d=0 sk=0 hf=98144 hm=96888 ht=283428 pf=0 pm=0 pt=0 ru=233404 rp=234660
18:01:48.462 @I ww=marvin cut=0.50 win=5 cool=1000 tick=100 wifi=0 srv=0 li=0 ln=0
18:01:48.462 @T t=462253 s=0.000 lv=-40.1 pk=-39.1 c0=4.8 c1=10.6 kw=10.33 inf=2.65 iv=1.21 n=4 d=0 sk=0 hf=98144 hm=96888 ht=283428 pf=0 pm=0 pt=0 ru=233404 rp=234660
18:01:48.462 @T t=462339 s=0.000 lv=-41.2 pk=-39.1 c0=5.1 c1=8.3 kw=8.05 inf=3.17 iv=1.23 n=2 d=0 sk=0 hf=98144 hm=96888 ht=283428 pf=0 pm=0 pt=0 ru=233404 rp=234660
18:01:48.462 @T t=462445 s=0.000 lv=-37.6 pk=-36.2 c0=6.8 c1=10.2 kw=9.81 inf=2.39 iv=1.17 n=4 d=0 sk=0 hf=98144 hm=96888 ht=283428 pf=0 pm=0 pt=0 ru=233404 rp=234660
18:01:48.462 @T t=462554 s=0.000 lv=-40.3 pk=-38.3 c0=3.8 c1=12.0 kw=10.82 inf=2.76 iv=1.29 n=4 d=0 sk=0 hf=98144 hm=96888 ht=283428 pf=0 pm=0 pt=0 ru=233404 rp=234660
18:01:48.462 @T t=462643 s=0.000 lv=-40.2 pk=-38.7 c0=4.4 c1=8.0 kw=7.80 inf=3.19 iv=1.28 n=2 d=0 sk=0 hf=98144 hm=96888 ht=283428 pf=0 pm=0 pt=0 ru=233404 rp=234660
18:01:48.462 @T t=462752 s=0.000 lv=-38.8 pk=-37.3 c0=3.2 c1=10.5 kw=10.31 inf=2.59 iv=1.14 n=4 d=0 sk=0 hf=98144 hm=96888 ht=283428 pf=0 pm=0 pt=0 ru=233404 rp=234660
18:01:48.462 @T t=462858 s=0.000 lv=-39.3 pk=-38.5 c0=6.6 c1=9.6 kw=9.36 inf=2.30 iv=1.11 n=4 d=0 sk=0 hf=98144 hm=96888 ht=283428 pf=0 pm=0 pt=0 ru=233404 rp=234660
18:01:48.462 @T t=462944 s=0.000 lv=-39.6 pk=-38.8 c0=8.6 c1=8.2 kw=8.04 inf=3.16 iv=1.23 n=2 d=0 sk=0 hf=98144 hm=96888 ht=283428 pf=0 pm=0 pt=0 ru=233404 rp=234660
18:01:48.462 @T t=463053 s=0.000 lv=-40.9 pk=-37.7 c0=3.1 c1=10.6 kw=10.36 inf=2.61 iv=1.16 n=4 d=0 sk=0 hf=98144 hm=96888 ht=283428 pf=0 pm=0 pt=0 ru=233404 rp=234660
18:01:48.462 @T t=463139 s=0.000 lv=-40.7 pk=-40.0 c0=4.0 c1=9.4 kw=9.19 inf=2.44 iv=1.16 n=3 d=0 sk=0 hf=98144 hm=96888 ht=283428 pf=0 pm=0 pt=0 ru=233404 rp=234660
18:01:48.462 @I ww=marvin cut=0.50 win=5 cool=1000 tick=100 wifi=0 srv=0 li=0 ln=0
18:01:48.462 @T t=463251 s=0.000 lv=-40.5 pk=-38.8 c0=4.0 c1=10.2 kw=10.00 inf=2.59 iv=1.16 n=4 d=0 sk=0 hf=98144 hm=96888 ht=283428 pf=0 pm=0 pt=0 ru=233404 rp=234660
18:01:48.462 @T t=463357 s=0.000 lv=-40.9 pk=-38.0 c0=3.8 c1=8.9 kw=8.68 inf=2.83 iv=1.23 n=3 d=0 sk=0 hf=98144 hm=96888 ht=283428 pf=0 pm=0 pt=0 ru=233404 rp=234660
18:01:48.462 @T t=463443 s=0.000 lv=-41.4 pk=-39.4 c0=4.0 c1=9.5 kw=9.28 inf=2.47 iv=1.19 n=3 d=0 sk=0 hf=98144 hm=96888 ht=283428 pf=0 pm=0 pt=0 ru=233404 rp=234660
18:01:48.462 @T t=463549 s=0.000 lv=-40.3 pk=-39.3 c0=3.9 c1=12.2 kw=11.17 inf=2.74 iv=1.26 n=4 d=0 sk=0 hf=98144 hm=96888 ht=283428 pf=0 pm=0 pt=0 ru=233404 rp=234660
18:01:48.462 @T t=463658 s=0.000 lv=-40.2 pk=-36.4 c0=5.3 c1=8.7 kw=8.36 inf=2.79 iv=1.17 n=3 d=0 sk=0 hf=98144 hm=96888 ht=283428 pf=0 pm=0 pt=0 ru=233404 rp=234660
18:01:48.462 @T t=463747 s=0.000 lv=-40.5 pk=-39.0 c0=3.8 c1=11.5 kw=11.29 inf=2.34 iv=1.14 n=4 d=0 sk=0 hf=98144 hm=96888 ht=283428 pf=0 pm=0 pt=0 ru=233404 rp=234660
18:01:48.462 @T t=463853 s=0.000 lv=-43.4 pk=-42.3 c0=4.7 c1=8.9 kw=8.55 inf=2.78 iv=1.18 n=3 d=0 sk=0 hf=98144 hm=96888 ht=283428 pf=0 pm=0 pt=0 ru=233404 rp=234660
18:01:48.462 @T t=463939 s=0.000 lv=-39.8 pk=-38.9 c0=5.2 c1=9.9 kw=9.80 inf=2.61 iv=1.29 n=3 d=0 sk=0 hf=98144 hm=96888 ht=283428 pf=0 pm=0 pt=0 ru=233404 rp=234660
18:01:50.961 @T t=464045 s=0.000 lv=-41.0 pk=-40.3 c0=4.2 c1=8.1 kw=7.69 inf=2.43 iv=1.22 n=2 d=0 sk=1 hf=98144 hm=96888 ht=283428 pf=0 pm=0 pt=0 ru=233404 rp=234660
18:01:50.961 @T t=464151 s=0.000 lv=-40.4 pk=-38.6 c0=4.0 c1=6.4 kw=5.91 inf=1.86 iv=0.00 n=0 d=0 sk=3 hf=98144 hm=96888 ht=283428 pf=0 pm=0 pt=0 ru=233404 rp=234660
18:01:50.961 @I ww=marvin cut=0.50 win=5 cool=1000 tick=100 wifi=0 srv=0 li=0 ln=0
18:01:50.961 @T t=464243 s=0.000 lv=-40.3 pk=-39.0 c0=4.6 c1=4.7 kw=4.55 inf=1.82 iv=0.00 n=0 d=0 sk=2 hf=98144 hm=96888 ht=283428 pf=0 pm=0 pt=0 ru=233404 rp=234660
18:01:50.961 @T t=464348 s=0.000 lv=-42.0 pk=-40.1 c0=3.8 c1=6.3 kw=6.06 inf=1.39 iv=0.00 n=0 d=0 sk=4 hf=98144 hm=96888 ht=283428 pf=0 pm=0 pt=0 ru=233404 rp=234660
18:01:50.961 @T t=464454 s=0.000 lv=-42.2 pk=-41.6 c0=3.9 c1=5.1 kw=4.98 inf=1.54 iv=0.00 n=0 d=0 sk=3 hf=98144 hm=96888 ht=283428 pf=0 pm=0 pt=0 ru=233404 rp=234660
18:01:50.961 @T t=464540 s=0.000 lv=-40.0 pk=-39.2 c0=5.4 c1=6.1 kw=4.96 inf=1.86 iv=0.00 n=0 d=0 sk=2 hf=98144 hm=96888 ht=283428 pf=0 pm=0 pt=0 ru=233404 rp=234660
18:01:50.961 @T t=464646 s=0.000 lv=-40.1 pk=-39.2 c0=6.8 c1=6.2 kw=6.07 inf=1.40 iv=0.00 n=0 d=0 sk=4 hf=98144 hm=96888 ht=283428 pf=0 pm=0 pt=0 ru=233404 rp=234660
18:01:50.961 @T t=464752 s=0.000 lv=-40.0 pk=-38.8 c0=3.9 c1=5.2 kw=5.02 inf=1.55 iv=0.00 n=0 d=0 sk=3 hf=98144 hm=96888 ht=283428 pf=0 pm=0 pt=0 ru=233404 rp=234660
18:01:50.962 @T t=464858 s=0.000 lv=-40.9 pk=-38.8 c0=4.0 c1=5.0 kw=4.90 inf=1.51 iv=0.00 n=0 d=0 sk=3 hf=98144 hm=96888 ht=283428 pf=0 pm=0 pt=0 ru=233404 rp=234660
18:01:50.962 @T t=464944 s=0.000 lv=-39.7 pk=-39.0 c0=4.1 c1=5.1 kw=4.99 inf=1.87 iv=0.00 n=0 d=0 sk=2 hf=98144 hm=96888 ht=283428 pf=0 pm=0 pt=0 ru=233404 rp=234660
18:01:50.962 @T t=465050 s=0.000 lv=-38.6 pk=-36.2 c0=6.7 c1=10.2 kw=5.10 inf=0.57 iv=0.00 n=5 d=0 sk=3 hf=98144 hm=96888 ht=283428 pf=0 pm=0 pt=0 ru=233404 rp=234660
18:01:50.962 @T t=465139 s=0.000 lv=-38.3 pk=-37.7 c0=3.9 c1=15.7 kw=21.32 inf=2.30 iv=1.70 n=8 d=0 sk=0 hf=98144 hm=96888 ht=283428 pf=0 pm=0 pt=0 ru=233404 rp=234660
18:01:50.962 @I ww=marvin cut=0.50 win=5 cool=1000 tick=100 wifi=0 srv=0 li=0 ln=0
18:01:50.962 @T t=465251 s=0.000 lv=-38.2 pk=-35.7 c0=3.8 c1=9.9 kw=9.66 inf=2.49 iv=1.08 n=4 d=0 sk=0 hf=98144 hm=96888 ht=283428 pf=0 pm=0 pt=0 ru=233404 rp=234660
18:01:50.962 @T t=465357 s=0.000 lv=-37.6 pk=-35.5 c0=3.7 c1=8.7 kw=8.49 inf=2.76 iv=1.16 n=3 d=0 sk=0 hf=98144 hm=96888 ht=283428 pf=0 pm=0 pt=0 ru=233404 rp=234660
18:01:50.962 @T t=465443 s=0.000 lv=-39.1 pk=-36.5 c0=7.3 c1=9.1 kw=8.96 inf=2.38 iv=1.11 n=3 d=0 sk=0 hf=98144 hm=96888 ht=283428 pf=0 pm=0 pt=0 ru=233404 rp=234660
18:01:50.962 @T t=465552 s=0.000 lv=-40.2 pk=-39.1 c0=3.5 c1=11.4 kw=10.39 inf=2.62 iv=1.18 n=4 d=0 sk=0 hf=98144 hm=96888 ht=283428 pf=0 pm=0 pt=0 ru=233404 rp=234660
18:01:50.962 @T t=465641 s=0.000 lv=-39.8 pk=-38.2 c0=3.8 c1=7.8 kw=7.63 inf=3.11 iv=1.19 n=2 d=0 sk=0 hf=98144 hm=96888 ht=283428 pf=0 pm=0 pt=0 ru=233404 rp=234660
18:01:50.962 @T t=465747 s=0.000 lv=-37.5 pk=-34.3 c0=3.8 c1=11.1 kw=10.88 inf=2.66 iv=1.21 n=4 d=0 sk=0 hf=98144 hm=96888 ht=283428 pf=0 pm=0 pt=0 ru=233404 rp=234660
18:01:50.962 @T t=465853 s=0.000 lv=-40.6 pk=-38.5 c0=3.5 c1=9.8 kw=9.48 inf=2.34 iv=1.15 n=4 d=0 sk=0 hf=98144 hm=96888 ht=283428 pf=0 pm=0 pt=0 ru=233404 rp=234660
18:01:50.962 @T t=465939 s=0.001 lv=-40.3 pk=-39.1 c0=4.0 c1=8.0 kw=7.96 inf=3.13 iv=1.22 n=2 d=0 sk=0 hf=98144 hm=96888 ht=283428 pf=0 pm=0 pt=0 ru=233404 rp=234660
18:01:50.962 @T t=466045 s=0.001 lv=-42.1 pk=-39.6 c0=3.3 c1=10.0 kw=9.62 inf=2.34 iv=1.15 n=4 d=0 sk=0 hf=98144 hm=96888 ht=283428 pf=0 pm=0 pt=0 ru=233404 rp=234660
18:01:50.962 @T t=466152 s=0.000 lv=-42.3 pk=-40.4 c0=6.1 c1=11.1 kw=10.47 inf=2.62 iv=1.18 n=4 d=0 sk=0 hf=98144 hm=96888 ht=283428 pf=0 pm=0 pt=0 ru=233404 rp=234660
18:01:50.962 @I ww=marvin cut=0.50 win=5 cool=1000 tick=100 wifi=0 srv=0 li=0 ln=0
18:01:50.962 @T t=466243 s=0.000 lv=-40.0 pk=-38.7 c0=5.8 c1=8.1 kw=7.87 inf=3.29 iv=1.29 n=2 d=0 sk=0 hf=98144 hm=96888 ht=283428 pf=0 pm=0 pt=0 ru=233404 rp=234660
18:01:50.962 @T t=466352 s=0.000 lv=-39.5 pk=-38.3 c0=9.6 c1=11.0 kw=10.71 inf=2.70 iv=1.22 n=4 d=0 sk=0 hf=98144 hm=96888 ht=283428 pf=0 pm=0 pt=0 ru=233404 rp=234660
18:01:50.962 @T t=466458 s=0.000 lv=-41.6 pk=-39.8 c0=4.2 c1=9.9 kw=9.70 inf=2.39 iv=1.17 n=4 d=0 sk=0 hf=98144 hm=96888 ht=283428 pf=0 pm=0 pt=0 ru=233404 rp=234660
18:01:53.554 @T t=466544 s=0.000 lv=-42.7 pk=-40.5 c0=5.7 c1=8.9 kw=7.74 inf=3.04 iv=1.15 n=2 d=0 sk=0 hf=98144 hm=96888 ht=283428 pf=0 pm=0 pt=0 ru=233404 rp=234660
18:01:53.554 @T t=466653 s=0.000 lv=-41.9 pk=-40.6 c0=3.2 c1=10.5 kw=10.26 inf=2.58 iv=1.12 n=4 d=0 sk=0 hf=97956 hm=96888 ht=283428 pf=0 pm=0 pt=0 ru=233592 rp=234660
18:01:53.554 @T t=466740 s=0.000 lv=-41.2 pk=-40.4 c0=8.3 c1=9.2 kw=9.02 inf=2.43 iv=1.14 n=3 d=0 sk=0 hf=98144 hm=96888 ht=283428 pf=0 pm=0 pt=0 ru=233404 rp=234660
18:01:53.554 @T t=466846 s=0.000 lv=-40.0 pk=-37.6 c0=7.5 c1=10.3 kw=8.92 inf=2.15 iv=0.92 n=4 d=0 sk=0 hf=98144 hm=96888 ht=283428 pf=0 pm=0 pt=0 ru=233404 rp=234660
18:01:53.554 @T t=466955 s=0.000 lv=-41.5 pk=-40.4 c0=4.0 c1=9.9 kw=10.28 inf=3.49 iv=1.57 n=3 d=0 sk=0 hf=98144 hm=96888 ht=283428 pf=0 pm=0 pt=0 ru=233404 rp=234660
18:01:53.554 @T t=467041 s=0.000 lv=-41.4 pk=-40.6 c0=5.1 c1=9.8 kw=9.55 inf=2.54 iv=1.23 n=3 d=0 sk=0 hf=98144 hm=96888 ht=283428 pf=0 pm=0 pt=0 ru=233404 rp=234660
18:01:53.554 @T t=467147 s=0.000 lv=-41.5 pk=-40.2 c0=4.3 c1=10.8 kw=10.83 inf=2.65 iv=1.21 n=4 d=0 sk=0 hf=98144 hm=96888 ht=283428 pf=0 pm=0 pt=0 ru=233404 rp=234660
18:01:53.554 @I ww=marvin cut=0.50 win=5 cool=1000 tick=100 wifi=0 srv=0 li=0 ln=0
18:01:53.554 @T t=467258 s=0.000 lv=-40.7 pk=-38.7 c0=4.7 c1=8.4 kw=7.94 inf=2.70 iv=1.13 n=3 d=0 sk=0 hf=98144 hm=96888 ht=283428 pf=0 pm=0 pt=0 ru=233404 rp=234660
18:01:53.554 @T t=467344 s=0.000 lv=-41.2 pk=-39.7 c0=4.4 c1=6.8 kw=6.78 inf=1.75 iv=1.45 n=1 d=0 sk=2 hf=98144 hm=96888 ht=283428 pf=0 pm=0 pt=0 ru=233404 rp=234660
18:01:53.554 @T t=467453 s=0.000 lv=-42.1 pk=-40.9 c0=9.1 c1=6.0 kw=5.88 inf=1.39 iv=0.00 n=0 d=0 sk=4 hf=98144 hm=96888 ht=283428 pf=0 pm=0 pt=0 ru=233404 rp=234660
18:01:53.554 @T t=467539 s=0.000 lv=-42.9 pk=-42.5 c0=3.8 c1=5.0 kw=4.88 inf=1.83 iv=0.00 n=0 d=0 sk=2 hf=98144 hm=96888 ht=283428 pf=0 pm=0 pt=0 ru=233404 rp=234660
18:01:53.554 @T t=467645 s=0.000 lv=-41.8 pk=-40.8 c0=4.4 c1=5.6 kw=5.14 inf=1.55 iv=0.00 n=0 d=0 sk=3 hf=98144 hm=96888 ht=283428 pf=0 pm=0 pt=0 ru=233404 rp=234660
18:01:53.554 @T t=467751 s=0.000 lv=-42.7 pk=-41.4 c0=3.6 c1=6.3 kw=5.80 inf=1.82 iv=0.00 n=0 d=0 sk=3 hf=98144 hm=96888 ht=283428 pf=0 pm=0 pt=0 ru=233404 rp=234660
18:01:53.554 @T t=467857 s=0.000 lv=-42.5 pk=-40.6 c0=3.2 c1=5.1 kw=4.92 inf=1.52 iv=0.00 n=0 d=0 sk=3 hf=98144 hm=96888 ht=283428 pf=0 pm=0 pt=0 ru=233404 rp=234660
18:01:53.554 @T t=467943 s=0.000 lv=-41.1 pk=-40.7 c0=7.7 c1=5.0 kw=4.86 inf=1.82 iv=0.00 n=0 d=0 sk=2 hf=98144 hm=96888 ht=283428 pf=0 pm=0 pt=0 ru=233404 rp=234660
18:01:53.554 @T t=468048 s=0.000 lv=-38.9 pk=-36.9 c0=3.0 c1=6.1 kw=5.95 inf=1.36 iv=0.00 n=0 d=0 sk=4 hf=98144 hm=96888 ht=283428 pf=0 pm=0 pt=0 ru=233404 rp=234660
18:01:53.554 @T t=468154 s=0.000 lv=-39.1 pk=-36.9 c0=3.4 c1=5.1 kw=4.98 inf=1.53 iv=0.00 n=0 d=0 sk=3 hf=98144 hm=96888 ht=283428 pf=0 pm=0 pt=0 ru=233404 rp=234660
18:01:53.554 @I ww=marvin cut=0.50 win=5 cool=1000 tick=100 wifi=0 srv=0 li=0 ln=0
18:01:53.554 @T t=468246 s=0.000 lv=-41.4 pk=-39.7 c0=4.4 c1=5.8 kw=5.66 inf=1.51 iv=0.00 n=0 d=0 sk=3 hf=98144 hm=96888 ht=283428 pf=0 pm=0 pt=0 ru=233404 rp=234660
18:01:53.554 @T t=468352 s=0.000 lv=-43.5 pk=-42.1 c0=6.3 c1=5.0 kw=4.87 inf=1.50 iv=0.00 n=0 d=0 sk=3 hf=98144 hm=96888 ht=283428 pf=0 pm=0 pt=0 ru=233404 rp=234660
18:01:53.554 @T t=468459 s=0.000 lv=-40.3 pk=-38.7 c0=2.9 c1=5.1 kw=4.93 inf=1.52 iv=0.00 n=0 d=0 sk=3 hf=97956 hm=96888 ht=283428 pf=0 pm=0 pt=0 ru=233592 rp=234660
18:01:53.554 @T t=468546 s=0.000 lv=-40.3 pk=-39.0 c0=11.3 c1=6.6 kw=6.17 inf=1.58 iv=0.00 n=0 d=0 sk=3 hf=98144 hm=96888 ht=283428 pf=0 pm=0 pt=0 ru=233404 rp=234660
18:01:53.554 @T t=468652 s=0.000 lv=-41.7 pk=-39.0 c0=4.1 c1=5.2 kw=5.05 inf=1.56 iv=0.00 n=0 d=0 sk=3 hf=98144 hm=96888 ht=283428 pf=0 pm=0 pt=0 ru=233404 rp=234660
18:01:53.554 @T t=468758 s=0.000 lv=-42.5 pk=-41.3 c0=3.9 c1=5.1 kw=4.97 inf=1.53 iv=0.00 n=0 d=0 sk=3 hf=98144 hm=96888 ht=283428 pf=0 pm=0 pt=0 ru=233404 rp=234660
18:01:53.554 @T t=468844 s=0.000 lv=-42.0 pk=-41.3 c0=4.8 c1=5.1 kw=4.95 inf=1.85 iv=0.00 n=0 d=0 sk=2 hf=98144 hm=96888 ht=283428 pf=0 pm=0 pt=0 ru=233404 rp=234660
18:01:53.554 @T t=468950 s=0.000 lv=-41.5 pk=-40.3 c0=4.0 c1=6.3 kw=6.06 inf=1.40 iv=0.00 n=0 d=0 sk=4 hf=98144 hm=96888 ht=283428 pf=0 pm=0 pt=0 ru=233404 rp=234660
18:01:53.554 @T t=469056 s=0.000 lv=-42.0 pk=-39.7 c0=3.2 c1=5.0 kw=4.93 inf=1.52 iv=0.00 n=0 d=0 sk=3 hf=98144 hm=96888 ht=283428 pf=0 pm=0 pt=0 ru=233404 rp=234660
18:01:55.987 @T t=469143 s=0.000 lv=-41.5 pk=-40.6 c0=4.5 c1=5.0 kw=4.83 inf=1.83 iv=0.00 n=0 d=0 sk=2 hf=98144 hm=96888 ht=283428 pf=0 pm=0 pt=0 ru=233404 rp=234660
18:01:55.987 @I ww=marvin cut=0.50 win=5 cool=1000 tick=100 wifi=0 srv=0 li=0 ln=0
18:01:55.987 @T t=469254 s=0.000 lv=-41.6 pk=-39.4 c0=4.4 c1=5.9 kw=5.76 inf=1.39 iv=0.00 n=0 d=0 sk=4 hf=98144 hm=96888 ht=283428 pf=0 pm=0 pt=0 ru=233404 rp=234660
18:01:55.987 @T t=469340 s=0.000 lv=-41.1 pk=-39.0 c0=4.8 c1=5.2 kw=5.01 inf=1.88 iv=0.00 n=0 d=0 sk=2 hf=98144 hm=96888 ht=283428 pf=0 pm=0 pt=0 ru=233404 rp=234660
18:01:55.987 @T t=469446 s=0.000 lv=-42.5 pk=-41.4 c0=3.9 c1=6.2 kw=5.96 inf=1.37 iv=0.00 n=0 d=0 sk=4 hf=98144 hm=96888 ht=283428 pf=0 pm=0 pt=0 ru=233404 rp=234660
18:01:55.987 @T t=469552 s=0.000 lv=-44.2 pk=-43.0 c0=4.8 c1=6.0 kw=5.14 inf=1.59 iv=0.00 n=0 d=0 sk=3 hf=98144 hm=96888 ht=283428 pf=0 pm=0 pt=0 ru=233404 rp=234660
18:01:55.987 @T t=469658 s=0.000 lv=-42.5 pk=-40.7 c0=3.3 c1=5.1 kw=4.97 inf=1.53 iv=0.00 n=0 d=0 sk=3 hf=98144 hm=96888 ht=283428 pf=0 pm=0 pt=0 ru=233404 rp=234660
18:01:55.987 @T t=469744 s=0.000 lv=-42.4 pk=-41.4 c0=9.0 c1=5.2 kw=4.98 inf=1.86 iv=0.00 n=0 d=0 sk=2 hf=98144 hm=96888 ht=283428 pf=0 pm=0 pt=0 ru=233404 rp=234660
18:01:55.987 @T t=469850 s=0.000 lv=-41.4 pk=-39.8 c0=3.6 c1=6.2 kw=5.99 inf=1.38 iv=0.00 n=0 d=0 sk=4 hf=98144 hm=96888 ht=283428 pf=0 pm=0 pt=0 ru=233404 rp=234660
18:01:55.987 @T t=469956 s=0.000 lv=-41.9 pk=-41.2 c0=3.2 c1=5.1 kw=4.95 inf=1.52 iv=0.00 n=0 d=0 sk=3 hf=98144 hm=96888 ht=283428 pf=0 pm=0 pt=0 ru=233404 rp=234660
18:01:55.987 @T t=470042 s=0.000 lv=-42.2 pk=-41.6 c0=7.7 c1=5.0 kw=4.83 inf=1.81 iv=0.00 n=0 d=0 sk=2 hf=98144 hm=96888 ht=283428 pf=0 pm=0 pt=0 ru=233404 rp=234660
18:01:55.987 @T t=470148 s=0.000 lv=-42.2 pk=-41.4 c0=3.3 c1=6.0 kw=5.84 inf=1.35 iv=0.00 n=0 d=0 sk=4 hf=98144 hm=96888 ht=283428 pf=0 pm=0 pt=0 ru=233404 rp=234660
18:01:55.987 @I ww=marvin cut=0.50 win=5 cool=1000 tick=100 wifi=0 srv=0 li=0 ln=0
18:01:55.987 @T t=470240 s=0.000 lv=-44.8 pk=-43.8 c0=4.4 c1=4.7 kw=4.58 inf=1.84 iv=0.00 n=0 d=0 sk=2 hf=98144 hm=96888 ht=283428 pf=0 pm=0 pt=0 ru=233404 rp=234660
18:01:55.987 @T t=470346 s=0.000 lv=-43.0 pk=-40.8 c0=6.3 c1=6.0 kw=5.87 inf=1.36 iv=0.00 n=0 d=0 sk=4 hf=98144 hm=96888 ht=283428 pf=0 pm=0 pt=0 ru=233404 rp=234660
18:01:55.987 @T t=470452 s=0.000 lv=-42.0 pk=-40.7 c0=6.2 c1=5.0 kw=4.88 inf=1.50 iv=0.00 n=0 d=0 sk=3 hf=98144 hm=96888 ht=283428 pf=0 pm=0 pt=0 ru=233404 rp=234660
18:01:55.987 @T t=470558 s=0.000 lv=-41.5 pk=-40.4 c0=3.6 c1=6.1 kw=4.93 inf=1.52 iv=0.00 n=0 d=0 sk=3 hf=98144 hm=96888 ht=283428 pf=0 pm=0 pt=0 ru=233404 rp=234660
18:01:55.987 @T t=470644 s=0.000 lv=-41.8 pk=-40.3 c0=4.0 c1=5.1 kw=4.98 inf=1.87 iv=0.00 n=0 d=0 sk=2 hf=98144 hm=96888 ht=283428 pf=0 pm=0 pt=0 ru=233404 rp=234660
18:01:55.987 @T t=470750 s=0.000 lv=-40.4 pk=-39.4 c0=3.0 c1=6.1 kw=5.92 inf=1.37 iv=0.00 n=0 d=0 sk=4 hf=98144 hm=96888 ht=283428 pf=0 pm=0 pt=0 ru=233404 rp=234660
18:01:55.987 @T t=470856 s=0.000 lv=-40.7 pk=-38.3 c0=3.1 c1=5.1 kw=4.93 inf=1.52 iv=0.00 n=0 d=0 sk=3 hf=98144 hm=96888 ht=283428 pf=0 pm=0 pt=0 ru=233404 rp=234660
18:01:55.987 @T t=470942 s=0.000 lv=-40.9 pk=-39.2 c0=6.1 c1=5.4 kw=5.02 inf=1.88 iv=0.00 n=0 d=0 sk=2 hf=98144 hm=96888 ht=283428 pf=0 pm=0 pt=0 ru=233404 rp=234660
18:01:55.987 @T t=471048 s=0.000 lv=-41.5 pk=-40.2 c0=7.3 c1=6.1 kw=5.98 inf=1.38 iv=0.00 n=0 d=0 sk=4 hf=98144 hm=96888 ht=283428 pf=0 pm=0 pt=0 ru=233404 rp=234660
18:01:55.987 @T t=471154 s=0.000 lv=-39.3 pk=-37.0 c0=3.9 c1=13.0 kw=4.17 inf=0.34 iv=0.00 n=9 d=0 sk=2 hf=98144 hm=96888 ht=283428 pf=0 pm=0 pt=0 ru=233404 rp=234660
18:01:55.987 @I ww=marvin cut=0.50 win=5 cool=1000 tick=100 wifi=0 srv=0 li=0 ln=0
18:01:55.987 @T t=471246 s=0.000 lv=-37.4 pk=-35.2 c0=5.7 c1=12.0 kw=21.71 inf=4.81 iv=3.25 n=4 d=0 sk=0 hf=98144 hm=96888 ht=283428 pf=0 pm=0 pt=0 ru=233404 rp=234660
18:01:55.987 @T t=471352 s=0.000 lv=-40.3 pk=-39.5 c0=6.7 c1=9.6 kw=9.42 inf=2.32 iv=1.13 n=4 d=0 sk=0 hf=98144 hm=96888 ht=283428 pf=0 pm=0 pt=0 ru=233404 rp=234660
18:01:55.987 @T t=471458 s=0.000 lv=-38.5 pk=-37.5 c0=3.4 c1=8.8 kw=8.58 inf=2.80 iv=1.19 n=3 d=0 sk=0 hf=98144 hm=96888 ht=283428 pf=0 pm=0 pt=0 ru=233404 rp=234660
18:01:55.987 @T t=471544 s=0.000 lv=-42.5 pk=-40.7 c0=5.1 c1=9.8 kw=9.60 inf=2.56 iv=1.27 n=3 d=0 sk=0 hf=98144 hm=96888 ht=283428 pf=0 pm=0 pt=0 ru=233404 rp=234660
18:01:58.369 [status] up 471s | mic -40.6 dBFS (peak -34.3) | score max 0.00 | detections 0 | inferences 186 (18.6/s; model 1.15 ms each, paused in quiet 45%; features 1.38 ms per 30 ms) | CPU core0  4.9% core1  7.8% (wake word pipeline 7.55% of one core) | RAM used 227 KB (peak 229 KB, 95 KB free) | wifi --, server -- | audio lost since boot: i2s 0 net 0
18:01:58.369 @T t=471653 s=0.000 lv=-41.5 pk=-40.4 c0=10.0 c1=11.7 kw=11.38 inf=2.87 iv=1.34 n=4 d=0 sk=0 hf=98144 hm=96888 ht=283428 pf=0 pm=0 pt=0 ru=233404 rp=234660
18:01:58.369 @T t=471739 s=0.000 lv=-41.2 pk=-40.6 c0=5.1 c1=8.3 kw=8.07 inf=3.18 iv=1.23 n=2 d=0 sk=0 hf=98144 hm=96888 ht=283428 pf=0 pm=0 pt=0 ru=233404 rp=234660
18:01:58.369 @T t=471845 s=0.000 lv=-41.9 pk=-40.5 c0=4.1 c1=10.2 kw=9.78 inf=2.38 iv=1.17 n=4 d=0 sk=0 hf=98144 hm=96888 ht=283428 pf=0 pm=0 pt=0 ru=233404 rp=234660
18:01:58.369 @T t=471951 s=0.000 lv=-41.7 pk=-39.5 c0=3.6 c1=11.0 kw=10.53 inf=2.61 iv=1.17 n=4 d=0 sk=0 hf=98144 hm=96888 ht=283428 pf=0 pm=0 pt=0 ru=233404 rp=234660
18:01:58.369 @T t=472056 s=0.000 lv=-38.0 pk=-35.2 c0=5.7 c1=8.7 kw=8.55 inf=2.76 iv=1.14 n=3 d=0 sk=0 hf=98144 hm=96888 ht=283428 pf=0 pm=0 pt=0 ru=233404 rp=234660
18:01:58.369 @T t=472142 s=0.000 lv=-41.3 pk=-39.1 c0=5.3 c1=9.8 kw=9.60 inf=2.56 iv=1.25 n=3 d=0 sk=0 hf=98144 hm=96888 ht=283428 pf=0 pm=0 pt=0 ru=233404 rp=234660
18:01:58.369 @I ww=marvin cut=0.50 win=5 cool=1000 tick=100 wifi=0 srv=0 li=0 ln=0
18:01:58.369 @T t=472253 s=0.000 lv=-37.5 pk=-34.6 c0=4.5 c1=10.3 kw=10.11 inf=2.59 iv=1.16 n=4 d=0 sk=0 hf=98144 hm=96888 ht=283428 pf=0 pm=0 pt=0 ru=233404 rp=234660
18:01:58.369 @T t=472339 s=0.000 lv=-40.2 pk=-39.3 c0=4.1 c1=8.0 kw=7.82 inf=3.08 iv=1.17 n=2 d=0 sk=0 hf=98144 hm=96888 ht=283428 pf=0 pm=0 pt=0 ru=233404 rp=234660
18:01:58.369 @T t=472445 s=0.000 lv=-43.9 pk=-42.7 c0=3.3 c1=9.9 kw=9.53 inf=2.31 iv=1.12 n=4 d=0 sk=0 hf=98144 hm=96888 ht=283428 pf=0 pm=0 pt=0 ru=233404 rp=234660
18:01:58.369 @T t=472551 s=0.000 lv=-42.4 pk=-42.0 c0=3.8 c1=11.6 kw=10.32 inf=2.56 iv=1.13 n=4 d=0 sk=0 hf=98144 hm=96888 ht=283428 pf=0 pm=0 pt=0 ru=233404 rp=234660
18:01:58.369 @T t=472657 s=0.000 lv=-40.2 pk=-37.8 c0=3.8 c1=8.7 kw=8.56 inf=2.79 iv=1.19 n=3 d=0 sk=0 hf=98144 hm=96888 ht=283428 pf=0 pm=0 pt=0 ru=233404 rp=234660
18:01:58.369 @T t=472743 s=0.000 lv=-39.5 pk=-36.4 c0=4.0 c1=9.2 kw=9.00 inf=2.39 iv=1.12 n=3 d=0 sk=0 hf=98144 hm=96888 ht=283428 pf=0 pm=0 pt=0 ru=233404 rp=234660
18:01:58.369 @T t=472852 s=0.000 lv=-39.0 pk=-37.8 c0=3.0 c1=10.3 kw=10.04 inf=2.52 iv=1.09 n=4 d=0 sk=0 hf=98144 hm=96888 ht=283428 pf=0 pm=0 pt=0 ru=233404 rp=234660
18:01:58.369 @T t=472958 s=0.000 lv=-38.6 pk=-36.6 c0=3.9 c1=9.0 kw=8.74 inf=2.85 iv=1.23 n=3 d=0 sk=0 hf=98144 hm=96888 ht=283428 pf=0 pm=0 pt=0 ru=233404 rp=234660
18:01:58.369 @T t=473044 s=0.000 lv=-40.0 pk=-38.8 c0=4.1 c1=9.2 kw=9.04 inf=2.40 iv=1.13 n=3 d=0 sk=0 hf=98144 hm=96888 ht=283428 pf=0 pm=0 pt=0 ru=233404 rp=234660
18:01:58.369 @T t=473153 s=0.000 lv=-38.8 pk=-35.1 c0=8.6 c1=10.5 kw=10.25 inf=2.57 iv=1.12 n=4 d=0 sk=0 hf=98144 hm=96888 ht=283428 pf=0 pm=0 pt=0 ru=233404 rp=234660
18:01:58.369 @I ww=marvin cut=0.50 win=5 cool=1000 tick=100 wifi=0 srv=0 li=0 ln=0
18:01:58.369 @T t=473245 s=0.000 lv=-35.3 pk=-33.8 c0=13.6 c1=8.1 kw=7.72 inf=3.20 iv=1.24 n=2 d=0 sk=0 hf=98144 hm=96888 ht=283428 pf=0 pm=0 pt=0 ru=233404 rp=234660
18:01:58.369 @T t=473351 s=0.000 lv=-38.1 pk=-34.8 c0=5.1 c1=11.2 kw=11.10 inf=2.76 iv=1.30 n=4 d=0 sk=0 hf=98144 hm=96888 ht=283428 pf=0 pm=0 pt=0 ru=233404 rp=234660
18:01:58.369 @T t=473457 s=0.000 lv=-40.4 pk=-38.5 c0=4.2 c1=10.1 kw=9.91 inf=2.44 iv=1.23 n=4 d=0 sk=0 hf=98144 hm=96888 ht=283428 pf=0 pm=0 pt=0 ru=233404 rp=234660
18:01:58.369 @T t=473543 s=0.000 lv=-41.3 pk=-40.2 c0=5.1 c1=8.2 kw=8.02 inf=3.15 iv=1.22 n=2 d=0 sk=0 hf=98144 hm=96888 ht=283428 pf=0 pm=0 pt=0 ru=233404 rp=234660
18:01:58.369 @T t=473652 s=0.000 lv=-40.6 pk=-40.3 c0=9.6 c1=11.9 kw=10.93 inf=2.76 iv=1.28 n=4 d=0 sk=0 hf=98144 hm=96888 ht=283428 pf=0 pm=0 pt=0 ru=233404 rp=234660
18:01:58.369 @T t=473758 s=0.000 lv=-41.5 pk=-41.0 c0=3.3 c1=9.8 kw=9.58 inf=2.36 iv=1.17 n=4 d=0 sk=0 hf=98144 hm=96888 ht=283428 pf=0 pm=0 pt=0 ru=233404 rp=234660
18:01:58.369 @T t=473844 s=0.000 lv=-40.7 pk=-40.1 c0=5.0 c1=8.3 kw=8.10 inf=3.20 iv=1.27 n=2 d=0 sk=0 hf=98144 hm=96888 ht=283428 pf=0 pm=0 pt=0 ru=233404 rp=234660
18:02:00.876 @T t=473953 s=0.000 lv=-38.8 pk=-37.9 c0=9.7 c1=10.9 kw=10.65 inf=2.68 iv=1.21 n=4 d=0 sk=0 hf=98144 hm=96888 ht=283428 pf=0 pm=0 pt=0 ru=233404 rp=234660
18:02:00.877 @T t=474039 s=0.000 lv=-41.8 pk=-39.6 c0=5.1 c1=9.7 kw=9.50 inf=2.53 iv=1.23 n=3 d=0 sk=0 hf=98144 hm=96888 ht=283428 pf=0 pm=0 pt=0 ru=233404 rp=234660
18:02:00.877 @T t=474145 s=0.000 lv=-41.3 pk=-38.7 c0=4.2 c1=9.0 kw=8.57 inf=2.74 iv=1.12 n=3 d=0 sk=0 hf=98144 hm=96888 ht=283428 pf=0 pm=0 pt=0 ru=233404 rp=234660
18:02:00.877 @I ww=marvin cut=0.50 win=5 cool=1000 tick=100 wifi=0 srv=0 li=0 ln=0
18:02:00.877 @T t=474239 s=0.000 lv=-41.1 pk=-39.7 c0=4.6 c1=11.1 kw=11.15 inf=2.48 iv=1.29 n=4 d=0 sk=0 hf=98144 hm=96888 ht=283428 pf=0 pm=0 pt=0 ru=233404 rp=234660
18:02:00.877 @T t=474345 s=0.000 lv=-40.7 pk=-38.6 c0=4.3 c1=9.0 kw=8.61 inf=2.76 iv=1.16 n=3 d=0 sk=0 hf=98144 hm=96888 ht=283428 pf=0 pm=0 pt=0 ru=233404 rp=234660
18:02:00.877 @T t=474451 s=0.000 lv=-38.6 pk=-36.5 c0=4.3 c1=10.7 kw=10.70 inf=2.66 iv=1.24 n=4 d=0 sk=0 hf=98144 hm=96888 ht=283428 pf=0 pm=0 pt=0 ru=233404 rp=234660
18:02:00.877 @T t=474557 s=0.000 lv=-42.2 pk=-41.4 c0=5.1 c1=9.8 kw=8.80 inf=2.87 iv=1.25 n=3 d=0 sk=0 hf=98144 hm=96888 ht=283428 pf=0 pm=0 pt=0 ru=233404 rp=234660
18:02:00.877 @T t=474643 s=0.000 lv=-41.3 pk=-40.6 c0=4.7 c1=9.6 kw=9.43 inf=2.51 iv=1.20 n=3 d=0 sk=0 hf=98144 hm=96888 ht=283428 pf=0 pm=0 pt=0 ru=233404 rp=234660
18:02:00.877 @T t=474752 s=0.000 lv=-39.3 pk=-37.1 c0=3.1 c1=10.4 kw=10.16 inf=2.55 iv=1.12 n=4 d=0 sk=0 hf=98144 hm=96888 ht=283428 pf=0 pm=0 pt=0 ru=233404 rp=234660
18:02:00.877 @T t=474858 s=0.000 lv=-38.7 pk=-34.9 c0=3.4 c1=8.5 kw=8.27 inf=2.69 iv=1.10 n=3 d=0 sk=0 hf=98144 hm=96888 ht=283428 pf=0 pm=0 pt=0 ru=233404 rp=234660
18:02:00.877 @T t=474944 s=0.000 lv=-36.0 pk=-34.5 c0=4.0 c1=9.3 kw=9.05 inf=2.40 iv=1.12 n=3 d=0 sk=0 hf=98144 hm=96888 ht=283428 pf=0 pm=0 pt=0 ru=233404 rp=234660
18:02:00.877 @T t=475053 s=0.000 lv=-35.2 pk=-33.9 c0=9.1 c1=10.5 kw=10.21 inf=2.57 iv=1.11 n=4 d=0 sk=0 hf=98144 hm=96888 ht=283428 pf=0 pm=0 pt=0 ru=233404 rp=234660
18:02:00.877 @T t=475139 s=0.000 lv=-39.5 pk=-37.8 c0=7.4 c1=9.2 kw=9.03 inf=2.40 iv=1.13 n=3 d=0 sk=0 hf=98144 hm=96888 ht=283428 pf=0 pm=0 pt=0 ru=233404 rp=234660
18:02:00.877 @I ww=marvin cut=0.50 win=5 cool=1000 tick=100 wifi=0 srv=0 li=0 ln=0
18:02:00.877 @T t=475251 s=0.000 lv=-41.9 pk=-40.8 c0=3.8 c1=9.9 kw=9.65 inf=2.49 iv=1.09 n=4 d=0 sk=0 hf=98144 hm=96888 ht=283428 pf=0 pm=0 pt=0 ru=233404 rp=234660
18:02:00.877 @T t=475357 s=0.000 lv=-40.8 pk=-39.3 c0=3.8 c1=8.9 kw=8.68 inf=2.83 iv=1.21 n=3 d=0 sk=0 hf=98144 hm=96888 ht=283428 pf=0 pm=0 pt=0 ru=233404 rp=234660
18:02:00.877 @T t=475443 s=0.000 lv=-41.8 pk=-41.1 c0=4.1 c1=9.5 kw=9.32 inf=2.48 iv=1.20 n=3 d=0 sk=0 hf=98144 hm=96888 ht=283428 pf=0 pm=0 pt=0 ru=233404 rp=234660
18:02:00.877 @T t=475552 s=0.000 lv=-40.7 pk=-39.5 c0=9.1 c1=11.0 kw=10.06 inf=2.53 iv=1.10 n=4 d=0 sk=0 hf=98144 hm=96888 ht=283428 pf=0 pm=0 pt=0 ru=233404 rp=234660
18:02:00.877 @T t=475658 s=0.000 lv=-41.4 pk=-39.9 c0=3.3 c1=8.6 kw=8.41 inf=2.74 iv=1.15 n=3 d=0 sk=0 hf=98144 hm=96888 ht=283428 pf=0 pm=0 pt=0 ru=233404 rp=234660
18:02:00.877 @T t=475744 s=0.000 lv=-41.0 pk=-39.7 c0=6.8 c1=10.2 kw=9.85 inf=2.62 iv=1.26 n=3 d=0 sk=0 hf=98144 hm=96888 ht=283428 pf=0 pm=0 pt=0 ru=233404 rp=234660
18:02:00.877 @T t=475852 s=0.000 lv=-38.4 pk=-35.6 c0=4.0 c1=11.1 kw=10.81 inf=2.70 iv=1.21 n=4 d=0 sk=0 hf=98144 hm=96888 ht=283428 pf=0 pm=0 pt=0 ru=233404 rp=234660
18:02:00.877 @T t=475958 s=0.000 lv=-40.7 pk=-39.0 c0=4.3 c1=8.9 kw=8.69 inf=2.83 iv=1.23 n=3 d=0 sk=0 hf=98144 hm=96888 ht=283428 pf=0 pm=0 pt=0 ru=233404 rp=234660
18:02:00.877 @T t=476044 s=0.000 lv=-37.9 pk=-35.1 c0=4.1 c1=9.2 kw=9.08 inf=2.41 iv=1.13 n=3 d=0 sk=0 hf=98144 hm=96888 ht=283428 pf=0 pm=0 pt=0 ru=233404 rp=234660
18:02:00.877 @T t=476153 s=0.000 lv=-39.8 pk=-38.9 c0=8.7 c1=10.4 kw=10.18 inf=2.56 iv=1.10 n=4 d=0 sk=0 hf=98144 hm=96888 ht=283428 pf=0 pm=0 pt=0 ru=233404 rp=234660
18:02:00.877 @I ww=marvin cut=0.50 win=5 cool=1000 tick=100 wifi=0 srv=0 li=0 ln=0
18:02:00.877 @T t=476244 s=0.000 lv=-39.0 pk=-37.3 c0=5.7 c1=7.8 kw=7.62 inf=3.17 iv=1.23 n=2 d=0 sk=0 hf=98144 hm=96888 ht=283428 pf=0 pm=0 pt=0 ru=233404 rp=234660
18:02:00.877 @T t=476352 s=0.000 lv=-34.6 pk=-32.8 c0=4.0 c1=10.9 kw=10.64 inf=2.66 iv=1.18 n=4 d=0 sk=0 hf=98144 hm=96888 ht=283428 pf=0 pm=0 pt=0 ru=233404 rp=234660
18:02:03.454 @T t=476458 s=0.000 lv=-35.3 pk=-33.6 c0=4.5 c1=10.1 kw=9.90 inf=2.44 iv=1.20 n=4 d=0 sk=0 hf=98144 hm=96888 ht=283428 pf=0 pm=0 pt=0 ru=233404 rp=234660
18:02:03.455 @T t=476544 s=0.000 lv=-36.7 pk=-34.7 c0=5.2 c1=8.0 kw=7.85 inf=3.09 iv=1.18 n=2 d=0 sk=0 hf=98144 hm=96888 ht=283428 pf=0 pm=0 pt=0 ru=233404 rp=234660
18:02:03.455 @T t=476653 s=0.000 lv=-38.2 pk=-35.6 c0=9.6 c1=11.7 kw=10.70 inf=2.69 iv=1.22 n=4 d=0 sk=0 hf=98144 hm=96888 ht=283428 pf=0 pm=0 pt=0 ru=233404 rp=234660
18:02:03.455 @T t=476739 s=0.000 lv=-33.9 pk=-32.9 c0=4.3 c1=9.4 kw=9.19 inf=2.44 iv=1.16 n=3 d=0 sk=0 hf=98144 hm=96888 ht=283428 pf=0 pm=0 pt=0 ru=233404 rp=234660
18:02:03.455 @T t=476845 s=0.000 lv=-37.9 pk=-34.6 c0=4.2 c1=9.3 kw=8.81 inf=2.83 iv=1.22 n=3 d=0 sk=0 hf=98144 hm=96888 ht=283428 pf=0 pm=0 pt=0 ru=233404 rp=234660
18:02:03.455 @T t=476951 s=0.000 lv=-34.9 pk=-31.5 c0=4.6 c1=11.5 kw=11.51 inf=2.87 iv=1.39 n=4 d=0 sk=0 hf=98144 hm=96888 ht=283428 pf=0 pm=0 pt=0 ru=233404 rp=234660
18:02:03.455 @T t=477057 s=0.000 lv=-38.1 pk=-34.3 c0=4.0 c1=10.1 kw=9.87 inf=2.43 iv=1.22 n=4 d=0 sk=0 hf=98144 hm=96888 ht=283428 pf=0 pm=0 pt=0 ru=233404 rp=234660
18:02:03.455 @T t=477143 s=0.000 lv=-40.8 pk=-39.3 c0=4.1 c1=8.0 kw=7.86 inf=3.10 iv=1.19 n=2 d=0 sk=0 hf=98144 hm=96888 ht=283428 pf=0 pm=0 pt=0 ru=233404 rp=234660
18:02:03.455 @I ww=marvin cut=0.50 win=5 cool=1000 tick=100 wifi=0 srv=0 li=0 ln=0
18:02:03.455 @T t=477257 s=0.000 lv=-41.0 pk=-38.3 c0=3.7 c1=9.9 kw=9.70 inf=2.55 iv=1.11 n=4 d=0 sk=0 hf=98144 hm=96888 ht=283428 pf=0 pm=0 pt=0 ru=233404 rp=234660
18:02:03.455 @T t=477343 s=0.000 lv=-41.7 pk=-39.6 c0=3.9 c1=9.2 kw=8.95 inf=2.38 iv=1.11 n=3 d=0 sk=0 hf=98144 hm=96888 ht=283428 pf=0 pm=0 pt=0 ru=233404 rp=234660
18:02:03.455 @T t=477452 s=0.000 lv=-41.4 pk=-40.7 c0=9.0 c1=10.4 kw=10.17 inf=2.55 iv=1.12 n=4 d=0 sk=0 hf=98144 hm=96888 ht=283428 pf=0 pm=0 pt=0 ru=233404 rp=234660
18:02:03.455 @T t=477558 s=0.000 lv=-40.1 pk=-38.6 c0=3.8 c1=9.2 kw=8.27 inf=2.69 iv=1.11 n=3 d=0 sk=0 hf=98144 hm=96888 ht=283428 pf=0 pm=0 pt=0 ru=233404 rp=234660
18:02:03.455 @T t=477644 s=0.000 lv=-42.7 pk=-41.9 c0=7.4 c1=9.4 kw=9.23 inf=2.45 iv=1.16 n=3 d=0 sk=0 hf=98144 hm=96888 ht=283428 pf=0 pm=0 pt=0 ru=233404 rp=234660
18:02:03.455 @T t=477753 s=0.000 lv=-41.1 pk=-39.0 c0=3.6 c1=10.7 kw=10.39 inf=2.61 iv=1.15 n=4 d=0 sk=0 hf=98144 hm=96888 ht=283428 pf=0 pm=0 pt=0 ru=233404 rp=234660
18:02:03.455 @T t=477839 s=0.000 lv=-41.1 pk=-39.4 c0=4.1 c1=9.2 kw=9.03 inf=2.40 iv=1.13 n=3 d=0 sk=0 hf=98144 hm=96888 ht=283428 pf=0 pm=0 pt=0 ru=233404 rp=234660
18:02:03.455 @T t=477945 s=0.000 lv=-41.0 pk=-39.1 c0=3.4 c1=8.8 kw=8.40 inf=2.69 iv=1.10 n=3 d=0 sk=0 hf=98144 hm=96888 ht=283428 pf=0 pm=0 pt=0 ru=233404 rp=234660
18:02:03.455 @T t=478053 s=0.000 lv=-39.9 pk=-38.8 c0=3.0 c1=10.4 kw=10.36 inf=2.62 iv=1.19 n=4 d=0 sk=0 hf=98144 hm=96888 ht=283428 pf=0 pm=0 pt=0 ru=233404 rp=234660
18:02:03.455 @T t=478139 s=0.000 lv=-39.3 pk=-38.1 c0=6.8 c1=10.1 kw=9.75 inf=2.60 iv=1.26 n=3 d=0 sk=0 hf=98144 hm=96888 ht=283428 pf=0 pm=0 pt=0 ru=233404 rp=234660
18:02:03.455 @I ww=marvin cut=0.50 win=5 cool=1000 tick=100 wifi=0 srv=0 li=0 ln=0
18:02:03.455 @T t=478250 s=0.000 lv=-41.2 pk=-40.1 c0=5.3 c1=10.5 kw=10.25 inf=2.63 iv=1.18 n=4 d=0 sk=0 hf=98144 hm=96888 ht=283428 pf=0 pm=0 pt=0 ru=233404 rp=234660
18:02:03.455 @T t=478356 s=0.000 lv=-40.5 pk=-38.2 c0=4.2 c1=8.9 kw=8.71 inf=2.84 iv=1.23 n=3 d=0 sk=0 hf=98144 hm=96888 ht=283428 pf=0 pm=0 pt=0 ru=233404 rp=234660
18:02:03.455 @T t=478442 s=0.000 lv=-40.4 pk=-39.3 c0=4.1 c1=9.1 kw=8.95 inf=2.38 iv=1.11 n=3 d=0 sk=0 hf=98144 hm=96888 ht=283428 pf=0 pm=0 pt=0 ru=233404 rp=234660
18:02:03.455 @T t=478548 s=0.000 lv=-39.5 pk=-38.5 c0=4.1 c1=10.7 kw=10.40 inf=2.54 iv=1.10 n=4 d=0 sk=0 hf=98144 hm=96888 ht=283428 pf=0 pm=0 pt=0 ru=233404 rp=234660
18:02:03.455 @T t=478655 s=0.000 lv=-39.8 pk=-37.3 c0=5.9 c1=7.7 kw=7.51 inf=2.44 iv=1.24 n=2 d=0 sk=1 hf=98144 hm=96888 ht=283428 pf=0 pm=0 pt=0 ru=233404 rp=234660
18:02:03.455 @T t=478741 s=0.000 lv=-41.1 pk=-39.8 c0=5.5 c1=5.1 kw=4.98 inf=1.87 iv=0.00 n=0 d=0 sk=2 hf=98144 hm=96888 ht=283428 pf=0 pm=0 pt=0 ru=233404 rp=234660
18:02:03.455 @T t=478847 s=0.000 lv=-39.7 pk=-37.9 c0=4.0 c1=6.2 kw=6.00 inf=1.39 iv=0.00 n=0 d=0 sk=4 hf=98144 hm=96888 ht=283428 pf=0 pm=0 pt=0 ru=233404 rp=234660
18:02:03.455 @T t=478953 s=0.000 lv=-39.6 pk=-39.2 c0=4.0 c1=5.2 kw=5.04 inf=1.55 iv=0.00 n=0 d=0 sk=3 hf=98144 hm=96888 ht=283428 pf=0 pm=0 pt=0 ru=233404 rp=234660
18:02:05.964 @T t=479039 s=0.000 lv=-39.1 pk=-38.4 c0=3.9 c1=5.0 kw=4.91 inf=1.84 iv=0.00 n=0 d=0 sk=2 hf=98144 hm=96888 ht=283428 pf=0 pm=0 pt=0 ru=233404 rp=234660
18:02:05.964 @T t=479145 s=0.000 lv=-38.4 pk=-37.4 c0=3.8 c1=5.5 kw=5.13 inf=1.54 iv=0.00 n=0 d=0 sk=3 hf=98144 hm=96888 ht=283428 pf=0 pm=0 pt=0 ru=233404 rp=234660
18:02:05.964 @I ww=marvin cut=0.50 win=5 cool=1000 tick=100 wifi=0 srv=0 li=0 ln=0
18:02:05.964 @T t=479257 s=0.000 lv=-40.1 pk=-39.5 c0=4.5 c1=6.0 kw=5.54 inf=1.84 iv=0.00 n=0 d=0 sk=3 hf=98144 hm=96888 ht=283428 pf=0 pm=0 pt=0 ru=233404 rp=234660
18:02:05.964 @T t=479343 s=0.000 lv=-39.9 pk=-38.0 c0=5.1 c1=5.1 kw=4.94 inf=1.85 iv=0.00 n=0 d=0 sk=2 hf=98144 hm=96888 ht=283428 pf=0 pm=0 pt=0 ru=233404 rp=234660
18:02:05.964 @T t=479452 s=0.000 lv=-37.6 pk=-36.8 c0=9.0 c1=6.0 kw=5.81 inf=1.38 iv=0.00 n=0 d=0 sk=4 hf=98144 hm=96888 ht=283428 pf=0 pm=0 pt=0 ru=233404 rp=234660
18:02:05.964 @T t=479558 s=0.000 lv=-40.0 pk=-38.5 c0=3.6 c1=5.8 kw=4.89 inf=1.51 iv=0.00 n=0 d=0 sk=3 hf=98144 hm=96888 ht=283428 pf=0 pm=0 pt=0 ru=233404 rp=234660
18:02:05.964 @T t=479644 s=0.000 lv=-40.7 pk=-39.6 c0=4.0 c1=5.1 kw=4.99 inf=1.87 iv=0.00 n=0 d=0 sk=2 hf=98144 hm=96888 ht=283428 pf=0 pm=0 pt=0 ru=233404 rp=234660
18:02:05.964 @T t=479750 s=0.000 lv=-39.4 pk=-37.1 c0=3.0 c1=6.1 kw=5.92 inf=1.37 iv=0.00 n=0 d=0 sk=4 hf=98144 hm=96888 ht=283428 pf=0 pm=0 pt=0 ru=233404 rp=234660
18:02:05.964 @T t=479856 s=0.000 lv=-37.5 pk=-34.9 c0=3.6 c1=17.4 kw=17.17 inf=1.35 iv=0.98 n=13 d=0 sk=0 hf=98144 hm=96888 ht=283428 pf=0 pm=0 pt=0 ru=233404 rp=234660
18:02:05.964 @T t=479942 s=0.000 lv=-39.0 pk=-38.1 c0=4.1 c1=8.1 kw=7.90 inf=3.11 iv=1.20 n=2 d=0 sk=0 hf=98144 hm=96888 ht=283428 pf=0 pm=0 pt=0 ru=233404 rp=234660
18:02:05.964 @T t=480048 s=0.000 lv=-38.7 pk=-36.2 c0=3.3 c1=10.5 kw=10.32 inf=2.52 iv=1.09 n=4 d=0 sk=0 hf=98144 hm=96888 ht=283428 pf=0 pm=0 pt=0 ru=233404 rp=234660
18:02:05.964 @T t=480154 s=0.000 lv=-41.3 pk=-40.5 c0=3.8 c1=9.6 kw=9.41 inf=2.31 iv=1.12 n=4 d=0 sk=0 hf=98144 hm=96888 ht=283428 pf=0 pm=0 pt=0 ru=233404 rp=234660
18:02:05.964 @I ww=marvin cut=0.50 win=5 cool=1000 tick=100 wifi=0 srv=0 li=0 ln=0
18:02:05.964 @T t=480245 s=0.000 lv=-39.1 pk=-36.0 c0=4.7 c1=8.0 kw=7.61 inf=3.11 iv=1.20 n=2 d=0 sk=0 hf=98144 hm=96888 ht=283428 pf=0 pm=0 pt=0 ru=233404 rp=234660
18:02:05.964 @T t=480351 s=0.000 lv=-39.8 pk=-39.0 c0=3.3 c1=10.4 kw=10.43 inf=2.59 iv=1.16 n=4 d=0 sk=0 hf=98144 hm=96888 ht=283428 pf=0 pm=0 pt=0 ru=233404 rp=234660
18:02:05.964 @T t=480457 s=0.000 lv=-39.8 pk=-38.3 c0=3.3 c1=9.5 kw=9.31 inf=2.29 iv=1.11 n=4 d=0 sk=0 hf=98144 hm=96888 ht=283428 pf=0 pm=0 pt=0 ru=233404 rp=234660
18:02:05.964 @T t=480543 s=0.000 lv=-38.9 pk=-38.0 c0=6.2 c1=9.2 kw=8.84 inf=3.50 iv=1.49 n=2 d=0 sk=0 hf=98144 hm=96888 ht=283428 pf=0 pm=0 pt=0 ru=233404 rp=234660
18:02:05.964 @T t=480649 s=0.000 lv=-41.1 pk=-39.9 c0=6.1 c1=11.6 kw=11.28 inf=2.76 iv=1.27 n=4 d=0 sk=0 hf=98144 hm=96888 ht=283428 pf=0 pm=0 pt=0 ru=233404 rp=234660
18:02:05.964 @T t=480755 s=0.000 lv=-40.6 pk=-38.4 c0=4.3 c1=10.0 kw=9.75 inf=2.41 iv=1.17 n=4 d=0 sk=0 hf=98144 hm=96888 ht=283428 pf=0 pm=0 pt=0 ru=233404 rp=234660
18:02:05.964 @T t=480841 s=0.000 lv=-39.3 pk=-38.4 c0=4.1 c1=8.1 kw=7.92 inf=3.12 iv=1.19 n=2 d=0 sk=0 hf=98144 hm=96888 ht=283428 pf=0 pm=0 pt=0 ru=233404 rp=234660
18:02:05.964 @T t=480947 s=0.000 lv=-41.3 pk=-39.4 c0=4.4 c1=11.1 kw=10.85 inf=2.66 iv=1.20 n=4 d=0 sk=0 hf=98144 hm=96888 ht=283428 pf=0 pm=0 pt=0 ru=233404 rp=234660
18:02:05.964 @T t=481053 s=0.000 lv=-40.9 pk=-40.2 c0=4.3 c1=10.1 kw=9.85 inf=2.43 iv=1.22 n=4 d=0 sk=0 hf=98144 hm=96888 ht=283428 pf=0 pm=0 pt=0 ru=233404 rp=234660
18:02:05.964 @T t=481139 s=0.000 lv=-40.2 pk=-39.3 c0=5.1 c1=8.2 kw=7.96 inf=3.13 iv=1.19 n=2 d=0 sk=0 hf=98144 hm=96888 ht=283428 pf=0 pm=0 pt=0 ru=233404 rp=234660
18:02:05.964 @I ww=marvin cut=0.50 win=5 cool=1000 tick=100 wifi=0 srv=0 li=0 ln=0
18:02:05.964 @T t=481250 s=0.000 lv=-39.9 pk=-37.6 c0=5.2 c1=10.4 kw=10.17 inf=2.61 iv=1.16 n=4 d=0 sk=0 hf=98144 hm=96888 ht=283428 pf=0 pm=0 pt=0 ru=233404 rp=234660
18:02:05.964 @T t=481356 s=0.000 lv=-39.7 pk=-38.3 c0=4.2 c1=9.6 kw=9.38 inf=2.31 iv=1.12 n=4 d=0 sk=0 hf=98144 hm=96888 ht=283428 pf=0 pm=0 pt=0 ru=233404 rp=234660
18:02:05.964 @T t=481442 s=0.000 lv=-40.2 pk=-39.6 c0=4.0 c1=5.1 kw=4.99 inf=1.87 iv=0.00 n=0 d=0 sk=2 hf=98144 hm=96888 ht=283428 pf=0 pm=0 pt=0 ru=233404 rp=234660
18:02:08.257 @T t=481548 s=0.000 lv=-39.0 pk=-36.9 c0=7.0 c1=6.1 kw=5.92 inf=1.37 iv=0.00 n=0 d=0 sk=4 hf=98144 hm=96888 ht=283428 pf=0 pm=0 pt=0 ru=233404 rp=234660
18:02:08.257 [status] up 481s | mic -39.3 dBFS (peak -31.5) | score max 0.00 | detections 0 | inferences 299 (29.9/s; model 1.17 ms each, paused in quiet 12%; features 1.42 ms per 30 ms) | CPU core0  5.0% core1  9.2% (wake word pipeline 9.03% of one core) | RAM used 227 KB (peak 229 KB, 95 KB free) | wifi --, server -- | audio lost since boot: i2s 0 net 0
18:02:08.257 @T t=481656 s=0.000 lv=-40.5 pk=-39.2 c0=24.6 c1=6.0 kw=5.08 inf=1.59 iv=0.00 n=0 d=0 sk=3 hf=98144 hm=96888 ht=283428 pf=0 pm=0 pt=0 ru=233404 rp=234660
18:02:08.257 @T t=481742 s=0.000 lv=-42.3 pk=-41.0 c0=5.0 c1=5.1 kw=4.94 inf=1.85 iv=0.00 n=0 d=0 sk=2 hf=98144 hm=96888 ht=283428 pf=0 pm=0 pt=0 ru=233404 rp=234660
18:02:08.257 @T t=481848 s=0.000 lv=-41.7 pk=-40.3 c0=3.6 c1=6.0 kw=5.89 inf=1.36 iv=0.00 n=0 d=0 sk=4 hf=98144 hm=96888 ht=283428 pf=0 pm=0 pt=0 ru=233404 rp=234660
18:02:08.257 @T t=481954 s=0.000 lv=-41.0 pk=-40.6 c0=3.2 c1=5.0 kw=4.91 inf=1.51 iv=0.00 n=0 d=0 sk=3 hf=98144 hm=96888 ht=283428 pf=0 pm=0 pt=0 ru=233404 rp=234660
18:02:08.257 @T t=482040 s=0.000 lv=-43.2 pk=-42.5 c0=7.7 c1=5.0 kw=4.84 inf=1.81 iv=0.00 n=0 d=0 sk=2 hf=98144 hm=96888 ht=283428 pf=0 pm=0 pt=0 ru=233404 rp=234660
18:02:08.257 @T t=482146 s=0.000 lv=-43.1 pk=-42.8 c0=3.0 c1=6.0 kw=5.88 inf=1.36 iv=0.00 n=0 d=0 sk=4 hf=98144 hm=96888 ht=283428 pf=0 pm=0 pt=0 ru=233404 rp=234660
18:02:08.257 @I ww=marvin cut=0.50 win=5 cool=1000 tick=100 wifi=0 srv=0 li=0 ln=0
18:02:08.257 @T t=482258 s=0.000 lv=-41.9 pk=-39.4 c0=3.9 c1=4.8 kw=4.66 inf=1.52 iv=0.00 n=0 d=0 sk=3 hf=98144 hm=96888 ht=283428 pf=0 pm=0 pt=0 ru=233404 rp=234660
18:02:08.257 @T t=482344 s=0.000 lv=-41.8 pk=-40.2 c0=3.8 c1=5.0 kw=4.87 inf=1.83 iv=0.00 n=0 d=0 sk=2 hf=98144 hm=96888 ht=283428 pf=0 pm=0 pt=0 ru=233404 rp=234660
18:02:08.257 @T t=482450 s=0.000 lv=-41.0 pk=-39.6 c0=6.2 c1=6.1 kw=5.92 inf=1.37 iv=0.00 n=0 d=0 sk=4 hf=98144 hm=96888 ht=283428 pf=0 pm=0 pt=0 ru=233404 rp=234660
18:02:08.257 @T t=482556 s=0.000 lv=-42.1 pk=-39.8 c0=3.4 c1=5.0 kw=4.88 inf=1.50 iv=0.00 n=0 d=0 sk=3 hf=98144 hm=96888 ht=283428 pf=0 pm=0 pt=0 ru=233404 rp=234660
18:02:08.257 @T t=482642 s=0.000 lv=-41.7 pk=-40.0 c0=5.4 c1=5.2 kw=4.97 inf=1.86 iv=0.00 n=0 d=0 sk=2 hf=98144 hm=96888 ht=283428 pf=0 pm=0 pt=0 ru=233404 rp=234660
18:02:08.257 @T t=482748 s=0.000 lv=-40.3 pk=-38.9 c0=6.5 c1=6.0 kw=5.91 inf=1.37 iv=0.00 n=0 d=0 sk=4 hf=98144 hm=96888 ht=283428 pf=0 pm=0 pt=0 ru=233404 rp=234660
18:02:08.257 @T t=482854 s=0.000 lv=-42.4 pk=-40.7 c0=3.1 c1=5.0 kw=4.85 inf=1.49 iv=0.00 n=0 d=0 sk=3 hf=98144 hm=96888 ht=283428 pf=0 pm=0 pt=0 ru=233404 rp=234660
18:02:08.258 @T t=482940 s=0.000 lv=-41.3 pk=-40.6 c0=9.8 c1=5.4 kw=5.05 inf=1.89 iv=0.00 n=0 d=0 sk=2 hf=98144 hm=96888 ht=283428 pf=0 pm=0 pt=0 ru=233404 rp=234660
18:02:08.258 @T t=483046 s=0.000 lv=-40.8 pk=-38.8 c0=4.6 c1=6.2 kw=5.97 inf=1.38 iv=0.00 n=0 d=0 sk=4 hf=98144 hm=96888 ht=283428 pf=0 pm=0 pt=0 ru=233404 rp=234660
18:02:08.258 @T t=483152 s=0.000 lv=-38.6 pk=-37.3 c0=3.2 c1=5.0 kw=4.92 inf=1.52 iv=0.00 n=0 d=0 sk=3 hf=98144 hm=96888 ht=283428 pf=0 pm=0 pt=0 ru=233404 rp=234660
18:02:08.258 @I ww=marvin cut=0.50 win=5 cool=1000 tick=100 wifi=0 srv=0 li=0 ln=0
18:02:08.258 @T t=483243 s=0.000 lv=-41.6 pk=-40.7 c0=13.2 c1=4.8 kw=4.64 inf=1.84 iv=0.00 n=0 d=0 sk=2 hf=98144 hm=96888 ht=283428 pf=0 pm=0 pt=0 ru=233404 rp=234660
18:02:08.258 @T t=483349 s=0.000 lv=-42.3 pk=-41.1 c0=3.9 c1=6.2 kw=5.97 inf=1.38 iv=0.00 n=0 d=0 sk=4 hf=98144 hm=96888 ht=283428 pf=0 pm=0 pt=0 ru=233404 rp=234660
18:02:08.258 @T t=483455 s=0.000 lv=-40.9 pk=-39.3 c0=3.9 c1=5.2 kw=5.00 inf=1.54 iv=0.00 n=0 d=0 sk=3 hf=98144 hm=96888 ht=283428 pf=0 pm=0 pt=0 ru=233404 rp=234660
18:02:08.258 @T t=483541 s=0.000 lv=-39.7 pk=-38.0 c0=4.8 c1=5.1 kw=4.98 inf=1.87 iv=0.00 n=0 d=0 sk=2 hf=98144 hm=96888 ht=283428 pf=0 pm=0 pt=0 ru=233404 rp=234660
18:02:08.258 @T t=483647 s=0.000 lv=-39.0 pk=-36.7 c0=4.5 c1=8.1 kw=5.15 inf=1.16 iv=0.00 n=1 d=0 sk=3 hf=98144 hm=96888 ht=283428 pf=0 pm=0 pt=0 ru=233404 rp=234660
18:02:08.258 @T t=483753 s=0.000 lv=-35.3 pk=-33.7 c0=3.5 c1=17.2 kw=19.09 inf=1.63 iv=1.14 n=12 d=0 sk=0 hf=98144 hm=96888 ht=283428 pf=0 pm=0 pt=0 ru=233404 rp=234660
18:02:10.669 @T t=483839 s=0.000 lv=-34.9 pk=-33.5 c0=5.1 c1=9.6 kw=9.36 inf=2.49 iv=1.18 n=3 d=0 sk=0 hf=98144 hm=96888 ht=283428 pf=0 pm=0 pt=0 ru=233404 rp=234660
18:02:10.670 @T t=483945 s=0.000 lv=-34.2 pk=-31.2 c0=7.7 c1=9.6 kw=9.13 inf=2.94 iv=1.31 n=3 d=0 sk=0 hf=98144 hm=96888 ht=283428 pf=0 pm=0 pt=0 ru=233404 rp=234660
18:02:10.670 @T t=484051 s=0.000 lv=-39.4 pk=-38.9 c0=6.9 c1=11.4 kw=11.35 inf=2.83 iv=1.36 n=4 d=0 sk=0 hf=98144 hm=96888 ht=283428 pf=0 pm=0 pt=0 ru=233404 rp=234660
18:02:10.670 @T t=484157 s=0.000 lv=-40.5 pk=-39.1 c0=4.2 c1=10.2 kw=10.01 inf=2.47 iv=1.24 n=4 d=0 sk=0 hf=98144 hm=96888 ht=283428 pf=0 pm=0 pt=0 ru=233404 rp=234660
18:02:10.670 @I ww=marvin cut=0.50 win=5 cool=1000 tick=100 wifi=0 srv=0 li=0 ln=0
18:02:10.670 @T t=484248 s=0.000 lv=-38.9 pk=-37.6 c0=5.5 c1=10.6 kw=10.39 inf=2.91 iv=1.28 n=3 d=0 sk=0 hf=98144 hm=96888 ht=283428 pf=0 pm=0 pt=0 ru=233404 rp=234660
18:02:10.670 @T t=484354 s=0.000 lv=-39.5 pk=-38.8 c0=3.3 c1=8.7 kw=8.55 inf=2.79 iv=1.19 n=3 d=0 sk=0 hf=98144 hm=96888 ht=283428 pf=0 pm=0 pt=0 ru=233404 rp=234660
18:02:10.670 @T t=484440 s=0.000 lv=-41.6 pk=-40.8 c0=4.0 c1=9.4 kw=9.20 inf=2.45 iv=1.17 n=3 d=0 sk=0 hf=98144 hm=96888 ht=283428 pf=0 pm=0 pt=0 ru=233404 rp=234660
18:02:10.670 @T t=484547 s=0.000 lv=-40.8 pk=-39.2 c0=3.4 c1=10.8 kw=10.56 inf=2.61 iv=1.17 n=4 d=0 sk=0 hf=98144 hm=96888 ht=283428 pf=0 pm=0 pt=0 ru=233404 rp=234660
18:02:10.670 @T t=484653 s=0.000 lv=-40.9 pk=-38.6 c0=4.3 c1=9.6 kw=8.62 inf=2.81 iv=1.20 n=3 d=0 sk=0 hf=98144 hm=96888 ht=283428 pf=0 pm=0 pt=0 ru=233404 rp=234660
18:02:10.670 @T t=484739 s=0.000 lv=-41.1 pk=-39.0 c0=4.1 c1=9.2 kw=9.03 inf=2.40 iv=1.13 n=3 d=0 sk=0 hf=98144 hm=96888 ht=283428 pf=0 pm=0 pt=0 ru=233404 rp=234660
18:02:10.670 @T t=484845 s=0.000 lv=-38.5 pk=-35.5 c0=3.3 c1=9.0 kw=8.63 inf=2.77 iv=1.17 n=3 d=0 sk=0 hf=98144 hm=96888 ht=283428 pf=0 pm=0 pt=0 ru=233404 rp=234660
18:02:10.670 @T t=484951 s=0.000 lv=-42.7 pk=-41.0 c0=6.3 c1=10.8 kw=10.80 inf=2.68 iv=1.24 n=4 d=0 sk=0 hf=98164 hm=96888 ht=283428 pf=0 pm=0 pt=0 ru=233384 rp=234660
18:02:10.670 @T t=485057 s=0.000 lv=-43.3 pk=-41.8 c0=3.8 c1=9.5 kw=9.28 inf=2.28 iv=1.09 n=4 d=0 sk=0 hf=98164 hm=96888 ht=283428 pf=0 pm=0 pt=0 ru=233384 rp=234660
18:02:10.670 @T t=485143 s=0.000 lv=-40.6 pk=-39.2 c0=8.1 c1=8.0 kw=7.82 inf=3.08 iv=1.17 n=2 d=0 sk=0 hf=98164 hm=96888 ht=283428 pf=0 pm=0 pt=0 ru=233384 rp=234660
18:02:10.670 @I ww=marvin cut=0.50 win=5 cool=1000 tick=100 wifi=0 srv=0 li=0 ln=0
18:02:10.670 @T t=485257 s=0.000 lv=-42.0 pk=-40.4 c0=3.7 c1=10.2 kw=9.94 inf=2.61 iv=1.17 n=4 d=0 sk=0 hf=98164 hm=96888 ht=283428 pf=0 pm=0 pt=0 ru=233384 rp=234660
18:02:10.670 W (485701) wifi: cannot connect (reason 201). Check the name/password in menuconfig; the ESP32 needs a 2.4 GHz network (201 = network not found, 15/204 = wrong password)
18:02:10.670 @T t=485343 s=0.000 lv=-40.2 pk=-39.4 c0=9.4 c1=10.9 kw=10.47 inf=2.81 iv=1.44 n=3 d=0 sk=0 hf=98144 hm=96888 ht=283428 pf=0 pm=0 pt=0 ru=233404 rp=234660
18:02:10.670 @T t=485450 s=0.000 lv=-41.5 pk=-39.6 c0=4.9 c1=10.9 kw=10.69 inf=2.64 iv=1.19 n=4 d=0 sk=0 hf=98144 hm=96888 ht=283428 pf=0 pm=0 pt=0 ru=233404 rp=234660
18:02:10.670 @T t=485539 s=0.000 lv=-41.6 pk=-39.9 c0=3.8 c1=9.2 kw=9.03 inf=2.49 iv=1.21 n=3 d=0 sk=0 hf=98144 hm=96888 ht=283428 pf=0 pm=0 pt=0 ru=233404 rp=234660
18:02:10.670 @T t=485645 s=0.000 lv=-43.1 pk=-41.7 c0=4.7 c1=10.4 kw=9.25 inf=2.98 iv=1.32 n=3 d=0 sk=0 hf=98144 hm=96888 ht=283428 pf=0 pm=0 pt=0 ru=233404 rp=234660
18:02:10.670 @T t=485754 s=0.000 lv=-39.1 pk=-37.0 c0=4.1 c1=11.1 kw=11.08 inf=2.84 iv=1.37 n=4 d=0 sk=0 hf=98144 hm=96888 ht=283428 pf=0 pm=0 pt=0 ru=233404 rp=234660
18:02:10.670 @T t=485840 s=0.000 lv=-39.7 pk=-38.8 c0=5.1 c1=9.9 kw=9.71 inf=2.59 iv=1.28 n=3 d=0 sk=0 hf=98144 hm=96888 ht=283428 pf=0 pm=0 pt=0 ru=233404 rp=234660
18:02:10.670 @T t=485946 s=0.000 lv=-40.7 pk=-38.8 c0=4.3 c1=9.8 kw=8.51 inf=2.72 iv=1.12 n=3 d=0 sk=0 hf=98144 hm=96888 ht=283428 pf=0 pm=0 pt=0 ru=233404 rp=234660
18:02:10.670 @T t=486052 s=0.000 lv=-41.0 pk=-39.7 c0=4.5 c1=10.1 kw=11.01 inf=2.74 iv=1.30 n=4 d=0 sk=0 hf=98144 hm=96888 ht=283428 pf=0 pm=0 pt=0 ru=233404 rp=234660
18:02:10.670 @T t=486158 s=0.000 lv=-41.4 pk=-40.7 c0=3.3 c1=8.7 kw=8.48 inf=2.76 iv=1.17 n=3 d=0 sk=0 hf=98144 hm=96888 ht=283428 pf=0 pm=0 pt=0 ru=233404 rp=234660
18:02:10.670 @I ww=marvin cut=0.50 win=5 cool=1000 tick=100 wifi=0 srv=0 li=0 ln=0
18:02:13.262 @T t=486251 s=0.000 lv=-39.6 pk=-39.3 c0=5.7 c1=11.6 kw=11.35 inf=2.46 iv=1.22 n=4 d=0 sk=0 hf=98144 hm=96888 ht=283428 pf=0 pm=0 pt=0 ru=233404 rp=234660
18:02:13.262 @T t=486357 s=0.000 lv=-41.4 pk=-39.8 c0=4.3 c1=8.0 kw=7.79 inf=3.77 iv=1.36 n=2 d=0 sk=0 hf=98144 hm=96888 ht=283428 pf=0 pm=0 pt=0 ru=233404 rp=234660
18:02:13.262 @T t=486443 s=0.000 lv=-40.3 pk=-39.5 c0=5.0 c1=5.1 kw=4.97 inf=1.86 iv=0.00 n=0 d=0 sk=2 hf=98144 hm=96888 ht=283428 pf=0 pm=0 pt=0 ru=233404 rp=234660
18:02:13.262 @T t=486549 s=0.000 lv=-40.8 pk=-38.8 c0=4.0 c1=6.3 kw=5.97 inf=1.38 iv=0.00 n=0 d=0 sk=4 hf=98144 hm=96888 ht=283428 pf=0 pm=0 pt=0 ru=233404 rp=234660
18:02:13.262 @T t=486655 s=0.000 lv=-41.9 pk=-41.4 c0=4.3 c1=5.8 kw=4.97 inf=1.53 iv=0.00 n=0 d=0 sk=3 hf=98144 hm=96888 ht=283428 pf=0 pm=0 pt=0 ru=233404 rp=234660
18:02:13.262 @T t=486741 s=0.000 lv=-41.8 pk=-39.8 c0=4.0 c1=5.0 kw=4.92 inf=1.84 iv=0.00 n=0 d=0 sk=2 hf=98144 hm=96888 ht=283428 pf=0 pm=0 pt=0 ru=233404 rp=234660
18:02:13.262 @T t=486847 s=0.000 lv=-42.5 pk=-40.7 c0=6.2 c1=6.0 kw=5.86 inf=1.35 iv=0.00 n=0 d=0 sk=4 hf=98144 hm=96888 ht=283428 pf=0 pm=0 pt=0 ru=233404 rp=234660
18:02:13.262 @T t=486953 s=0.000 lv=-39.3 pk=-37.4 c0=3.1 c1=5.1 kw=4.93 inf=1.52 iv=0.00 n=0 d=0 sk=3 hf=98144 hm=96888 ht=283428 pf=0 pm=0 pt=0 ru=233404 rp=234660
18:02:13.262 @T t=487039 s=0.000 lv=-39.6 pk=-37.7 c0=4.1 c1=5.1 kw=4.89 inf=1.83 iv=0.00 n=0 d=0 sk=2 hf=98144 hm=96888 ht=283428 pf=0 pm=0 pt=0 ru=233404 rp=234660
18:02:13.262 @T t=487145 s=0.000 lv=-41.6 pk=-39.3 c0=3.1 c1=5.4 kw=5.07 inf=1.52 iv=0.00 n=0 d=0 sk=3 hf=98144 hm=96888 ht=283428 pf=0 pm=0 pt=0 ru=233404 rp=234660
18:02:13.262 @I ww=marvin cut=0.50 win=5 cool=1000 tick=100 wifi=0 srv=0 li=0 ln=0
18:02:13.262 @T t=487257 s=0.000 lv=-39.9 pk=-38.0 c0=3.5 c1=5.9 kw=5.50 inf=1.83 iv=0.00 n=0 d=0 sk=3 hf=98144 hm=96888 ht=283428 pf=0 pm=0 pt=0 ru=233404 rp=234660
18:02:13.262 @T t=487343 s=0.000 lv=-40.2 pk=-38.5 c0=7.8 c1=5.0 kw=4.85 inf=1.82 iv=0.00 n=0 d=0 sk=2 hf=98144 hm=96888 ht=283428 pf=0 pm=0 pt=0 ru=233404 rp=234660
18:02:13.262 @T t=487448 s=0.000 lv=-40.2 pk=-38.2 c0=3.3 c1=6.1 kw=5.92 inf=1.36 iv=0.00 n=0 d=0 sk=4 hf=98144 hm=96888 ht=283428 pf=0 pm=0 pt=0 ru=233404 rp=234660
18:02:13.262 @T t=487554 s=0.000 lv=-40.6 pk=-38.7 c0=3.1 c1=5.0 kw=4.93 inf=1.52 iv=0.00 n=0 d=0 sk=3 hf=98144 hm=96888 ht=283428 pf=0 pm=0 pt=0 ru=233404 rp=234660
18:02:13.262 @T t=487640 s=0.000 lv=-39.0 pk=-37.7 c0=4.4 c1=5.9 kw=4.96 inf=1.86 iv=0.00 n=0 d=0 sk=2 hf=98144 hm=96888 ht=283428 pf=0 pm=0 pt=0 ru=233404 rp=234660
18:02:13.262 @T t=487746 s=0.000 lv=-39.4 pk=-37.3 c0=5.0 c1=6.4 kw=6.10 inf=1.41 iv=0.00 n=0 d=0 sk=4 hf=98144 hm=96888 ht=283428 pf=0 pm=0 pt=0 ru=233404 rp=234660
18:02:13.262 @T t=487852 s=0.000 lv=-38.3 pk=-35.8 c0=3.9 c1=16.6 kw=16.38 inf=1.39 iv=0.99 n=12 d=0 sk=0 hf=98144 hm=96888 ht=283428 pf=0 pm=0 pt=0 ru=233404 rp=234660
18:02:13.262 @T t=487958 s=0.000 lv=-36.5 pk=-35.5 c0=4.8 c1=8.8 kw=8.62 inf=2.81 iv=1.20 n=3 d=0 sk=0 hf=98144 hm=96888 ht=283428 pf=0 pm=0 pt=0 ru=233404 rp=234660
18:02:13.262 @T t=488044 s=0.000 lv=-40.5 pk=-39.7 c0=9.1 c1=10.0 kw=9.80 inf=2.62 iv=1.30 n=3 d=0 sk=0 hf=98144 hm=96888 ht=283428 pf=0 pm=0 pt=0 ru=233404 rp=234660
18:02:13.262 @T t=488153 s=0.000 lv=-40.0 pk=-39.1 c0=4.0 c1=11.0 kw=10.80 inf=2.72 iv=1.24 n=4 d=0 sk=0 hf=98144 hm=96888 ht=283428 pf=0 pm=0 pt=0 ru=233404 rp=234660
18:02:13.262 @I ww=marvin cut=0.50 win=5 cool=1000 tick=100 wifi=0 srv=0 li=0 ln=0
18:02:13.262 @T t=488244 s=0.000 lv=-38.9 pk=-37.1 c0=5.8 c1=9.5 kw=9.26 inf=2.61 iv=1.31 n=3 d=0 sk=0 hf=98144 hm=96888 ht=283428 pf=0 pm=0 pt=0 ru=233404 rp=234660
18:02:13.262 @T t=488353 s=0.000 lv=-38.1 pk=-35.0 c0=4.0 c1=11.0 kw=10.80 inf=2.72 iv=1.23 n=4 d=0 sk=0 hf=98144 hm=96888 ht=283428 pf=0 pm=0 pt=0 ru=233404 rp=234660
18:02:13.262 @T t=488442 s=0.000 lv=-37.9 pk=-36.0 c0=4.0 c1=8.0 kw=7.80 inf=3.19 iv=1.25 n=2 d=0 sk=0 hf=98144 hm=96888 ht=283428 pf=0 pm=0 pt=0 ru=233404 rp=234660
18:02:13.262 @T t=488548 s=0.000 lv=-41.3 pk=-39.3 c0=6.9 c1=11.2 kw=10.91 inf=2.67 iv=1.23 n=4 d=0 sk=0 hf=98144 hm=96888 ht=283428 pf=0 pm=0 pt=0 ru=233404 rp=234660
18:02:13.262 @T t=488654 s=0.000 lv=-40.0 pk=-38.5 c0=5.7 c1=10.7 kw=10.46 inf=2.59 iv=1.36 n=4 d=0 sk=0 hf=98144 hm=96888 ht=283428 pf=0 pm=0 pt=0 ru=233404 rp=234660
18:02:13.262 @T t=488740 s=0.000 lv=-39.7 pk=-39.2 c0=5.2 c1=8.6 kw=8.36 inf=3.30 iv=1.35 n=2 d=0 sk=0 hf=98144 hm=96888 ht=283428 pf=0 pm=0 pt=0 ru=233404 rp=234660
18:02:15.754 @T t=488846 s=0.000 lv=-39.0 pk=-38.1 c0=4.2 c1=11.2 kw=10.94 inf=2.68 iv=1.21 n=4 d=0 sk=0 hf=98144 hm=96888 ht=283428 pf=0 pm=0 pt=0 ru=233404 rp=234660
18:02:15.754 @T t=488952 s=0.000 lv=-38.9 pk=-37.1 c0=4.3 c1=10.1 kw=9.91 inf=2.44 iv=1.23 n=4 d=0 sk=0 hf=98144 hm=96888 ht=283428 pf=0 pm=0 pt=0 ru=233404 rp=234660
18:02:15.754 @T t=489058 s=0.000 lv=-37.0 pk=-33.9 c0=3.5 c1=8.8 kw=8.60 inf=2.81 iv=1.20 n=3 d=0 sk=0 hf=98144 hm=96888 ht=283428 pf=0 pm=0 pt=0 ru=233404 rp=234660
18:02:15.754 @T t=489144 s=0.000 lv=-40.0 pk=-37.8 c0=4.6 c1=9.6 kw=9.40 inf=2.50 iv=1.21 n=3 d=0 sk=0 hf=98144 hm=96888 ht=283428 pf=0 pm=0 pt=0 ru=233404 rp=234660
18:02:15.754 @I ww=marvin cut=0.50 win=5 cool=1000 tick=100 wifi=0 srv=0 li=0 ln=0
18:02:15.754 @T t=489256 s=0.000 lv=-39.1 pk=-37.0 c0=4.0 c1=10.3 kw=10.06 inf=2.60 iv=1.14 n=4 d=0 sk=0 hf=98144 hm=96888 ht=283428 pf=0 pm=0 pt=0 ru=233404 rp=234660
18:02:15.754 @T t=489342 s=0.000 lv=-40.3 pk=-39.4 c0=4.1 c1=8.2 kw=7.98 inf=3.15 iv=1.22 n=2 d=0 sk=0 hf=98144 hm=96888 ht=283428 pf=0 pm=0 pt=0 ru=233404 rp=234660
18:02:15.754 @T t=489448 s=0.000 lv=-40.7 pk=-40.0 c0=3.8 c1=11.1 kw=10.82 inf=2.65 iv=1.20 n=4 d=0 sk=0 hf=98144 hm=96888 ht=283428 pf=0 pm=0 pt=0 ru=233404 rp=234660
18:02:15.754 @T t=489554 s=0.000 lv=-40.0 pk=-38.9 c0=3.3 c1=9.7 kw=9.51 inf=2.34 iv=1.14 n=4 d=0 sk=0 hf=98144 hm=96888 ht=283428 pf=0 pm=0 pt=0 ru=233404 rp=234660
18:02:15.754 @T t=489640 s=0.000 lv=-39.8 pk=-38.6 c0=4.7 c1=9.4 kw=8.24 inf=3.25 iv=1.29 n=2 d=0 sk=0 hf=98144 hm=96888 ht=283428 pf=0 pm=0 pt=0 ru=233404 rp=234660
18:02:15.754 @T t=489746 s=0.000 lv=-38.5 pk=-36.1 c0=3.5 c1=10.8 kw=10.58 inf=2.59 iv=1.15 n=4 d=0 sk=0 hf=98144 hm=96888 ht=283428 pf=0 pm=0 pt=0 ru=233404 rp=234660
18:02:15.754 @T t=489852 s=0.000 lv=-39.0 pk=-36.9 c0=3.8 c1=9.9 kw=9.72 inf=2.40 iv=1.19 n=4 d=0 sk=0 hf=98144 hm=96888 ht=283428 pf=0 pm=0 pt=0 ru=233404 rp=234660
18:02:15.754 @T t=489958 s=0.000 lv=-39.5 pk=-39.2 c0=3.5 c1=8.6 kw=8.46 inf=2.76 iv=1.17 n=3 d=0 sk=0 hf=98144 hm=96888 ht=283428 pf=0 pm=0 pt=0 ru=233404 rp=234660
18:02:15.754 @T t=490044 s=0.001 lv=-40.8 pk=-40.0 c0=8.0 c1=9.5 kw=9.26 inf=2.46 iv=1.18 n=3 d=0 sk=0 hf=98144 hm=96888 ht=283428 pf=0 pm=0 pt=0 ru=233404 rp=234660
18:02:15.754 @T t=490150 s=0.002 lv=-39.6 pk=-38.4 c0=5.1 c1=11.7 kw=11.32 inf=2.78 iv=1.27 n=4 d=0 sk=0 hf=98144 hm=96888 ht=283428 pf=0 pm=0 pt=0 ru=233404 rp=234660
18:02:15.754 @I ww=marvin cut=0.50 win=5 cool=1000 tick=100 wifi=0 srv=0 li=0 ln=0
18:02:15.754 @T t=490245 s=0.002 lv=-40.0 pk=-38.7 c0=4.4 c1=7.8 kw=7.45 inf=3.19 iv=1.24 n=2 d=0 sk=0 hf=98144 hm=96888 ht=283428 pf=0 pm=0 pt=0 ru=233404 rp=234660
18:02:15.754 @T t=490351 s=0.000 lv=-40.4 pk=-37.2 c0=6.9 c1=11.0 kw=10.97 inf=2.72 iv=1.27 n=4 d=0 sk=0 hf=98144 hm=96888 ht=283428 pf=0 pm=0 pt=0 ru=233404 rp=234660
18:02:15.754 @T t=490457 s=0.000 lv=-38.6 pk=-37.7 c0=4.3 c1=10.3 kw=10.09 inf=2.49 iv=1.25 n=4 d=0 sk=0 hf=98144 hm=96888 ht=283428 pf=0 pm=0 pt=0 ru=233404 rp=234660
18:02:15.754 @T t=490543 s=0.000 lv=-39.8 pk=-38.7 c0=5.4 c1=8.9 kw=8.67 inf=3.44 iv=1.46 n=2 d=0 sk=0 hf=98144 hm=96888 ht=283428 pf=0 pm=0 pt=0 ru=233404 rp=234660
18:02:15.754 @T t=490652 s=0.000 lv=-40.6 pk=-38.8 c0=10.0 c1=9.4 kw=8.45 inf=2.09 iv=1.29 n=2 d=0 sk=2 hf=98144 hm=96888 ht=283428 pf=0 pm=0 pt=0 ru=233404 rp=234660
18:02:15.754 @T t=490758 s=0.000 lv=-42.0 pk=-40.5 c0=4.0 c1=5.1 kw=4.93 inf=1.52 iv=0.00 n=0 d=0 sk=3 hf=98144 hm=96888 ht=283428 pf=0 pm=0 pt=0 ru=233404 rp=234660
18:02:15.754 @T t=490844 s=0.000 lv=-41.3 pk=-39.8 c0=4.1 c1=5.1 kw=4.96 inf=1.86 iv=0.00 n=0 d=0 sk=2 hf=98144 hm=96888 ht=283428 pf=0 pm=0 pt=0 ru=233404 rp=234660
18:02:15.754 @T t=490949 s=0.000 lv=-42.0 pk=-40.5 c0=6.6 c1=6.2 kw=6.01 inf=1.37 iv=0.00 n=0 d=0 sk=4 hf=98144 hm=96888 ht=283428 pf=0 pm=0 pt=0 ru=233404 rp=234660
18:02:15.754 @T t=491055 s=0.000 lv=-43.0 pk=-41.7 c0=4.0 c1=5.1 kw=4.99 inf=1.54 iv=0.00 n=0 d=0 sk=3 hf=98144 hm=96888 ht=283428 pf=0 pm=0 pt=0 ru=233404 rp=234660
18:02:15.754 @T t=491141 s=0.000 lv=-42.1 pk=-41.4 c0=4.8 c1=5.1 kw=4.96 inf=1.86 iv=0.00 n=0 d=0 sk=2 hf=98144 hm=96888 ht=283428 pf=0 pm=0 pt=0 ru=233404 rp=234660
18:02:15.754 @I ww=marvin cut=0.50 win=5 cool=1000 tick=100 wifi=0 srv=0 li=0 ln=0
18:02:15.754 @T t=491253 s=0.000 lv=-40.8 pk=-39.8 c0=4.6 c1=5.9 kw=5.69 inf=1.39 iv=0.00 n=0 d=0 sk=4 hf=98144 hm=96888 ht=283428 pf=0 pm=0 pt=0 ru=233404 rp=234660
18:02:17.963 @T t=491339 s=0.000 lv=-41.6 pk=-39.3 c0=4.0 c1=5.0 kw=4.90 inf=1.84 iv=0.00 n=0 d=0 sk=2 hf=98144 hm=96888 ht=283428 pf=0 pm=0 pt=0 ru=233404 rp=234660
18:02:17.963 @T t=491445 s=0.000 lv=-40.7 pk=-38.5 c0=3.8 c1=5.5 kw=5.13 inf=1.54 iv=0.00 n=0 d=0 sk=3 hf=98144 hm=96888 ht=283428 pf=0 pm=0 pt=0 ru=233404 rp=234660
18:02:17.963 @T t=491551 s=0.000 lv=-40.5 pk=-39.3 c0=3.7 c1=6.3 kw=5.91 inf=1.86 iv=0.00 n=0 d=0 sk=3 hf=98144 hm=96888 ht=283428 pf=0 pm=0 pt=0 ru=233404 rp=234660
18:02:17.963 [status] up 491s | mic -40.0 dBFS (peak -31.2) | score max 0.00 | detections 0 | inferences 202 (20.2/s; model 1.21 ms each, paused in quiet 39%; features 1.42 ms per 30 ms) | CPU core0  5.0% core1  8.1% (wake word pipeline 7.88% of one core) | RAM used 227 KB (peak 229 KB, 95 KB free) | wifi --, server -- | audio lost since boot: i2s 0 net 0
18:02:17.963 [stacks] unused bytes: main=1936 IDLE1=720 IDLE0=728 websocket_task=1460 audio_kws=1248 tiT=2452 Tmr Svc=1368 ipc1=536 wifi=4056 esp_timer=3136 sys_evt=428 streamer=2952 ipc0=528
18:02:17.963 @T t=491655 s=0.000 lv=-40.1 pk=-37.6 c0=10.8 c1=6.1 kw=5.16 inf=1.56 iv=0.00 n=0 d=0 sk=3 hf=98144 hm=96888 ht=283428 pf=0 pm=0 pt=0 ru=233404 rp=234660
18:02:17.963 @T t=491741 s=0.000 lv=-40.8 pk=-38.2 c0=7.8 c1=5.0 kw=4.87 inf=1.83 iv=0.00 n=0 d=0 sk=2 hf=98144 hm=96888 ht=283428 pf=0 pm=0 pt=0 ru=233404 rp=234660
18:02:17.963 @T t=491847 s=0.000 lv=-40.2 pk=-38.5 c0=3.4 c1=6.1 kw=5.89 inf=1.36 iv=0.00 n=0 d=0 sk=4 hf=98144 hm=96888 ht=283428 pf=0 pm=0 pt=0 ru=233404 rp=234660
18:02:17.963 @T t=491953 s=0.000 lv=-39.4 pk=-37.6 c0=3.2 c1=5.0 kw=4.92 inf=1.51 iv=0.00 n=0 d=0 sk=3 hf=98144 hm=96888 ht=283428 pf=0 pm=0 pt=0 ru=233404 rp=234660
18:02:17.963 @T t=492039 s=0.000 lv=-41.9 pk=-41.1 c0=7.7 c1=5.0 kw=4.82 inf=1.81 iv=0.00 n=0 d=0 sk=2 hf=98144 hm=96888 ht=283428 pf=0 pm=0 pt=0 ru=233404 rp=234660
18:02:17.963 @T t=492145 s=0.000 lv=-40.5 pk=-40.0 c0=3.1 c1=5.4 kw=5.05 inf=1.52 iv=0.00 n=0 d=0 sk=3 hf=98144 hm=96888 ht=283428 pf=0 pm=0 pt=0 ru=233404 rp=234660
18:02:17.963 @I ww=marvin cut=0.50 win=5 cool=1000 tick=100 wifi=0 srv=0 li=0 ln=0
18:02:17.963 @T t=492257 s=0.000 lv=-40.9 pk=-39.4 c0=3.9 c1=5.9 kw=5.50 inf=1.83 iv=0.00 n=0 d=0 sk=3 hf=98144 hm=96888 ht=283428 pf=0 pm=0 pt=0 ru=233404 rp=234660
18:02:17.963 @T t=492343 s=0.000 lv=-41.4 pk=-40.7 c0=3.8 c1=5.0 kw=4.89 inf=1.83 iv=0.00 n=0 d=0 sk=2 hf=98144 hm=96888 ht=283428 pf=0 pm=0 pt=0 ru=233404 rp=234660
18:02:17.963 @T t=492448 s=0.000 lv=-40.2 pk=-38.9 c0=3.0 c1=6.1 kw=5.95 inf=1.36 iv=0.00 n=0 d=0 sk=4 hf=98144 hm=96888 ht=283428 pf=0 pm=0 pt=0 ru=233404 rp=234660
18:02:17.963 @T t=492554 s=0.000 lv=-37.4 pk=-35.3 c0=4.7 c1=15.5 kw=15.21 inf=1.19 iv=0.98 n=11 d=0 sk=2 hf=98144 hm=96888 ht=283428 pf=0 pm=0 pt=0 ru=233404 rp=234660
18:02:17.963 @T t=492643 s=0.000 lv=-38.4 pk=-36.9 c0=5.1 c1=9.1 kw=8.05 inf=3.29 iv=1.30 n=2 d=0 sk=0 hf=98144 hm=96888 ht=283428 pf=0 pm=0 pt=0 ru=233404 rp=234660
18:02:17.963 @T t=492752 s=0.000 lv=-38.1 pk=-37.0 c0=9.6 c1=10.8 kw=10.57 inf=2.66 iv=1.19 n=4 d=0 sk=0 hf=98144 hm=96888 ht=283428 pf=0 pm=0 pt=0 ru=233404 rp=234660
18:02:17.963 @T t=492858 s=0.000 lv=-40.9 pk=-39.5 c0=4.3 c1=10.0 kw=9.80 inf=2.41 iv=1.20 n=4 d=0 sk=0 hf=98144 hm=96888 ht=283428 pf=0 pm=0 pt=0 ru=233404 rp=234660
18:02:17.963 @T t=492944 s=0.000 lv=-37.0 pk=-35.7 c0=5.1 c1=8.3 kw=8.07 inf=3.18 iv=1.23 n=2 d=0 sk=0 hf=98144 hm=96888 ht=283428 pf=0 pm=0 pt=0 ru=233404 rp=234660
18:02:17.963 @T t=493052 s=0.000 lv=-39.4 pk=-38.4 c0=3.9 c1=10.7 kw=10.50 inf=2.62 iv=1.17 n=4 d=0 sk=0 hf=98144 hm=96888 ht=283428 pf=0 pm=0 pt=0 ru=233404 rp=234660
18:02:17.963 @T t=493158 s=0.000 lv=-38.6 pk=-36.6 c0=4.2 c1=9.8 kw=9.58 inf=2.36 iv=1.16 n=4 d=0 sk=0 hf=98144 hm=96888 ht=283428 pf=0 pm=0 pt=0 ru=233404 rp=234660
18:02:17.963 @I ww=marvin cut=0.50 win=5 cool=1000 tick=100 wifi=0 srv=0 li=0 ln=0
18:02:17.963 @T t=493249 s=0.000 lv=-39.3 pk=-36.8 c0=5.0 c1=10.3 kw=10.06 inf=2.82 iv=1.20 n=3 d=0 sk=0 hf=98144 hm=96888 ht=283428 pf=0 pm=0 pt=0 ru=233404 rp=234660
18:02:17.963 @T t=493355 s=0.000 lv=-39.3 pk=-37.8 c0=4.4 c1=9.1 kw=8.93 inf=2.91 iv=1.30 n=3 d=0 sk=0 hf=98144 hm=96888 ht=283428 pf=0 pm=0 pt=0 ru=233404 rp=234660
18:02:17.963 @T t=493441 s=0.000 lv=-41.2 pk=-40.3 c0=5.1 c1=10.0 kw=9.75 inf=2.60 iv=1.29 n=3 d=0 sk=0 hf=98144 hm=96888 ht=283428 pf=0 pm=0 pt=0 ru=233404 rp=234660
18:02:20.552 @T t=493547 s=0.000 lv=-41.4 pk=-39.6 c0=4.2 c1=11.2 kw=11.00 inf=2.70 iv=1.24 n=4 d=0 sk=0 hf=98144 hm=96888 ht=283428 pf=0 pm=0 pt=0 ru=233404 rp=234660
18:02:20.552 @T t=493653 s=0.000 lv=-40.1 pk=-39.0 c0=4.8 c1=10.1 kw=9.03 inf=2.94 iv=1.29 n=3 d=0 sk=0 hf=98144 hm=96888 ht=283428 pf=0 pm=0 pt=0 ru=233404 rp=234660
18:02:20.552 @T t=493739 s=0.000 lv=-40.7 pk=-40.0 c0=4.1 c1=9.6 kw=9.37 inf=2.50 iv=1.21 n=3 d=0 sk=0 hf=98144 hm=96888 ht=283428 pf=0 pm=0 pt=0 ru=233404 rp=234660
18:02:20.552 @T t=493845 s=0.000 lv=-42.3 pk=-41.4 c0=4.3 c1=9.4 kw=9.00 inf=2.90 iv=1.28 n=3 d=0 sk=0 hf=98144 hm=96888 ht=283428 pf=0 pm=0 pt=0 ru=233404 rp=234660
18:02:20.552 @T t=493951 s=0.000 lv=-40.9 pk=-39.2 c0=4.5 c1=11.4 kw=11.35 inf=2.83 iv=1.36 n=4 d=0 sk=0 hf=98144 hm=96888 ht=283428 pf=0 pm=0 pt=0 ru=233404 rp=234660
18:02:20.552 @T t=494057 s=0.000 lv=-40.3 pk=-37.5 c0=3.3 c1=9.7 kw=9.49 inf=2.34 iv=1.15 n=4 d=0 sk=0 hf=98144 hm=96888 ht=283428 pf=0 pm=0 pt=0 ru=233404 rp=234660
18:02:20.552 @T t=494143 s=0.000 lv=-40.8 pk=-39.8 c0=8.0 c1=8.1 kw=7.94 inf=3.13 iv=1.22 n=2 d=0 sk=0 hf=98144 hm=96888 ht=283428 pf=0 pm=0 pt=0 ru=233404 rp=234660
18:02:20.552 @I ww=marvin cut=0.50 win=5 cool=1000 tick=100 wifi=0 srv=0 li=0 ln=0
18:02:20.552 @T t=494254 s=0.000 lv=-40.0 pk=-38.6 c0=4.4 c1=10.5 kw=10.29 inf=2.63 iv=1.17 n=4 d=0 sk=0 hf=98144 hm=96888 ht=283428 pf=0 pm=0 pt=0 ru=233404 rp=234660
18:02:20.552 @T t=494340 s=0.000 lv=-40.5 pk=-39.8 c0=4.1 c1=9.5 kw=9.35 inf=2.49 iv=1.20 n=3 d=0 sk=0 hf=98144 hm=96888 ht=283428 pf=0 pm=0 pt=0 ru=233404 rp=234660
18:02:20.552 @T t=494446 s=0.000 lv=-36.3 pk=-33.9 c0=6.6 c1=9.9 kw=8.57 inf=2.06 iv=0.88 n=4 d=0 sk=0 hf=98144 hm=96888 ht=283428 pf=0 pm=0 pt=0 ru=233404 rp=234660
18:02:20.552 @T t=494552 s=0.000 lv=-40.5 pk=-39.3 c0=3.4 c1=9.8 kw=10.32 inf=3.41 iv=1.51 n=3 d=0 sk=0 hf=98144 hm=96888 ht=283428 pf=0 pm=0 pt=0 ru=233404 rp=234660
18:02:20.552 @T t=494658 s=0.000 lv=-39.4 pk=-35.6 c0=7.5 c1=11.2 kw=10.20 inf=2.52 iv=1.29 n=4 d=0 sk=0 hf=98144 hm=96888 ht=283428 pf=0 pm=0 pt=0 ru=233404 rp=234660
18:02:20.552 @T t=494744 s=0.000 lv=-38.4 pk=-36.0 c0=4.1 c1=8.2 kw=8.07 inf=3.19 iv=1.25 n=2 d=0 sk=0 hf=98144 hm=96888 ht=283428 pf=0 pm=0 pt=0 ru=233404 rp=234660
18:02:20.552 @T t=494853 s=0.000 lv=-39.1 pk=-36.5 c0=8.8 c1=10.6 kw=10.22 inf=2.58 iv=1.13 n=4 d=0 sk=0 hf=98144 hm=96888 ht=283428 pf=0 pm=0 pt=0 ru=233404 rp=234660
18:02:20.552 @T t=494939 s=0.000 lv=-40.3 pk=-39.7 c0=4.0 c1=9.3 kw=9.25 inf=2.46 iv=1.17 n=3 d=0 sk=0 hf=98144 hm=96888 ht=283428 pf=0 pm=0 pt=0 ru=233404 rp=234660
18:02:20.552 @T t=495045 s=0.000 lv=-38.8 pk=-36.1 c0=5.6 c1=9.8 kw=9.27 inf=2.98 iv=1.35 n=3 d=0 sk=0 hf=98144 hm=96888 ht=283428 pf=0 pm=0 pt=0 ru=233404 rp=234660
18:02:20.552 @T t=495151 s=0.000 lv=-38.9 pk=-36.6 c0=4.3 c1=11.4 kw=11.37 inf=2.83 iv=1.35 n=4 d=0 sk=0 hf=98144 hm=96888 ht=283428 pf=0 pm=0 pt=0 ru=233404 rp=234660
18:02:20.552 @I ww=marvin cut=0.50 win=5 cool=1000 tick=100 wifi=0 srv=0 li=0 ln=0
18:02:20.552 @T t=495242 s=0.000 lv=-40.9 pk=-39.2 c0=5.8 c1=9.5 kw=9.30 inf=2.63 iv=1.31 n=3 d=0 sk=0 hf=98144 hm=96888 ht=283428 pf=0 pm=0 pt=0 ru=233404 rp=234660
18:02:20.552 @T t=495348 s=0.000 lv=-40.6 pk=-39.7 c0=4.2 c1=11.3 kw=11.06 inf=2.71 iv=1.25 n=4 d=0 sk=0 hf=98144 hm=96888 ht=283428 pf=0 pm=0 pt=0 ru=233404 rp=234660
18:02:20.553 @T t=495454 s=0.000 lv=-38.1 pk=-37.0 c0=4.2 c1=8.6 kw=8.40 inf=2.73 iv=1.12 n=3 d=0 sk=0 hf=98144 hm=96888 ht=283428 pf=0 pm=0 pt=0 ru=233404 rp=234660
18:02:20.553 @T t=495540 s=0.000 lv=-38.5 pk=-37.2 c0=4.0 c1=9.5 kw=9.31 inf=2.48 iv=1.20 n=3 d=0 sk=0 hf=98144 hm=96888 ht=283428 pf=0 pm=0 pt=0 ru=233404 rp=234660
18:02:20.553 @T t=495646 s=0.000 lv=-39.9 pk=-38.0 c0=8.4 c1=11.2 kw=9.13 inf=2.20 iv=0.96 n=4 d=0 sk=0 hf=98144 hm=96888 ht=283428 pf=0 pm=0 pt=0 ru=233404 rp=234660
18:02:20.553 @T t=495755 s=0.000 lv=-38.7 pk=-37.8 c0=4.0 c1=10.1 kw=10.61 inf=3.61 iv=1.64 n=3 d=0 sk=0 hf=98144 hm=96888 ht=283428 pf=0 pm=0 pt=0 ru=233404 rp=234660
18:02:20.553 @T t=495841 s=0.000 lv=-35.3 pk=-34.5 c0=5.2 c1=10.2 kw=9.93 inf=2.65 iv=1.28 n=3 d=0 sk=0 hf=98144 hm=96888 ht=283428 pf=0 pm=0 pt=0 ru=233404 rp=234660
18:02:20.553 @T t=495947 s=0.000 lv=-36.3 pk=-34.2 c0=4.4 c1=11.1 kw=11.13 inf=2.73 iv=1.26 n=4 d=0 sk=0 hf=98144 hm=96888 ht=283428 pf=0 pm=0 pt=0 ru=233404 rp=234660
18:02:20.553 @T t=496056 s=0.000 lv=-38.0 pk=-36.8 c0=4.0 c1=8.8 kw=8.29 inf=2.78 iv=1.18 n=3 d=0 sk=0 hf=98144 hm=96888 ht=283428 pf=0 pm=0 pt=0 ru=233404 rp=234660
18:02:23.068 @T t=496142 s=0.000 lv=-36.4 pk=-35.8 c0=4.1 c1=9.6 kw=9.42 inf=2.51 iv=1.21 n=3 d=0 sk=0 hf=98144 hm=96888 ht=283428 pf=0 pm=0 pt=0 ru=233404 rp=234660
18:02:23.068 @I ww=marvin cut=0.50 win=5 cool=1000 tick=100 wifi=0 srv=0 li=0 ln=0
18:02:23.068 @T t=496254 s=0.000 lv=-37.8 pk=-36.6 c0=12.1 c1=10.7 kw=10.47 inf=2.71 iv=1.23 n=4 d=0 sk=0 hf=98144 hm=96888 ht=283428 pf=0 pm=0 pt=0 ru=233404 rp=234660
18:02:23.068 @T t=496340 s=0.000 lv=-37.5 pk=-36.6 c0=4.9 c1=9.6 kw=9.42 inf=2.51 iv=1.20 n=3 d=0 sk=0 hf=98144 hm=96888 ht=283428 pf=0 pm=0 pt=0 ru=233404 rp=234660
18:02:23.068 @T t=496446 s=0.000 lv=-37.2 pk=-35.7 c0=3.3 c1=9.7 kw=8.43 inf=2.70 iv=1.12 n=3 d=0 sk=0 hf=98144 hm=96888 ht=283428 pf=0 pm=0 pt=0 ru=233404 rp=234660
18:02:23.068 @T t=496552 s=0.000 lv=-37.4 pk=-35.4 c0=3.2 c1=9.6 kw=10.10 inf=2.50 iv=1.09 n=4 d=0 sk=0 hf=98144 hm=96888 ht=283428 pf=0 pm=0 pt=0 ru=233404 rp=234660
18:02:23.069 @T t=496658 s=0.000 lv=-37.9 pk=-36.3 c0=4.3 c1=9.9 kw=8.98 inf=2.93 iv=1.31 n=3 d=0 sk=0 hf=98144 hm=96888 ht=283428 pf=0 pm=0 pt=0 ru=233404 rp=234660
18:02:23.069 @T t=496744 s=0.000 lv=-36.4 pk=-34.9 c0=4.1 c1=9.3 kw=9.15 inf=2.43 iv=1.15 n=3 d=0 sk=0 hf=98144 hm=96888 ht=283428 pf=0 pm=0 pt=0 ru=233404 rp=234660
18:02:23.069 @T t=496850 s=0.000 lv=-39.5 pk=-38.6 c0=3.3 c1=10.6 kw=10.37 inf=2.53 iv=1.09 n=4 d=0 sk=0 hf=98144 hm=96888 ht=283428 pf=0 pm=0 pt=0 ru=233404 rp=234660
18:02:23.069 @T t=496956 s=0.000 lv=-40.9 pk=-39.3 c0=3.4 c1=8.4 kw=8.24 inf=2.67 iv=1.10 n=3 d=0 sk=0 hf=98144 hm=96888 ht=283428 pf=0 pm=0 pt=0 ru=233404 rp=234660
18:02:23.069 @T t=497042 s=0.000 lv=-35.7 pk=-34.0 c0=4.7 c1=9.5 kw=9.29 inf=2.47 iv=1.17 n=3 d=0 sk=0 hf=98144 hm=96888 ht=283428 pf=0 pm=0 pt=0 ru=233404 rp=234660
18:02:23.069 @T t=497148 s=0.000 lv=-33.7 pk=-31.9 c0=3.3 c1=10.7 kw=10.44 inf=2.56 iv=1.11 n=4 d=0 sk=0 hf=98144 hm=96888 ht=283428 pf=0 pm=0 pt=0 ru=233404 rp=234660
18:02:23.069 @I ww=marvin cut=0.50 win=5 cool=1000 tick=100 wifi=0 srv=0 li=0 ln=0
18:02:23.069 @T t=497240 s=0.000 lv=-38.0 pk=-36.2 c0=4.6 c1=8.6 kw=8.43 inf=2.40 iv=1.13 n=3 d=0 sk=0 hf=98144 hm=96888 ht=283428 pf=0 pm=0 pt=0 ru=233404 rp=234660
18:02:23.069 @T t=497346 s=0.000 lv=-34.0 pk=-31.8 c0=3.2 c1=9.8 kw=8.51 inf=2.73 iv=1.14 n=3 d=0 sk=0 hf=98144 hm=96888 ht=283428 pf=0 pm=0 pt=0 ru=233404 rp=234660
18:02:23.069 @T t=497452 s=0.000 lv=-38.7 pk=-36.3 c0=8.2 c1=10.0 kw=10.32 inf=2.55 iv=1.11 n=4 d=0 sk=0 hf=98144 hm=96888 ht=283428 pf=0 pm=0 pt=0 ru=233404 rp=234660
18:02:23.069 @T t=497558 s=0.000 lv=-39.4 pk=-38.1 c0=7.1 c1=9.1 kw=8.93 inf=2.91 iv=1.29 n=3 d=0 sk=0 hf=98144 hm=96888 ht=283428 pf=0 pm=0 pt=0 ru=233404 rp=234660
18:02:23.069 @T t=497644 s=0.000 lv=-39.2 pk=-37.1 c0=5.8 c1=11.6 kw=10.44 inf=2.79 iv=1.44 n=3 d=0 sk=0 hf=98144 hm=96888 ht=283428 pf=0 pm=0 pt=0 ru=233404 rp=234660
18:02:23.069 @T t=497753 s=0.000 lv=-39.7 pk=-39.2 c0=4.1 c1=11.1 kw=10.83 inf=2.73 iv=1.24 n=4 d=0 sk=0 hf=98144 hm=96888 ht=283428 pf=0 pm=0 pt=0 ru=233404 rp=234660
18:02:23.069 @T t=497839 s=0.000 lv=-38.3 pk=-36.7 c0=4.1 c1=9.4 kw=9.21 inf=2.45 iv=1.17 n=3 d=0 sk=0 hf=98144 hm=96888 ht=283428 pf=0 pm=0 pt=0 ru=233404 rp=234660
18:02:23.069 @T t=497945 s=0.000 lv=-36.6 pk=-34.4 c0=7.5 c1=9.0 kw=8.62 inf=2.76 iv=1.14 n=3 d=0 sk=0 hf=98144 hm=96888 ht=283428 pf=0 pm=0 pt=0 ru=233404 rp=234660
18:02:23.069 @T t=498054 s=0.000 lv=-37.9 pk=-36.4 c0=9.8 c1=10.7 kw=10.70 inf=2.74 iv=1.28 n=4 d=0 sk=0 hf=98144 hm=96888 ht=283428 pf=0 pm=0 pt=0 ru=233404 rp=234660
18:02:23.069 @T t=498140 s=0.000 lv=-39.1 pk=-36.9 c0=5.5 c1=9.9 kw=9.63 inf=2.56 iv=1.25 n=3 d=0 sk=0 hf=98144 hm=96888 ht=283428 pf=0 pm=0 pt=0 ru=233404 rp=234660
18:02:23.069 @I ww=marvin cut=0.50 win=5 cool=1000 tick=100 wifi=0 srv=0 li=0 ln=0
18:02:23.069 @T t=498251 s=0.000 lv=-39.4 pk=-35.9 c0=4.7 c1=10.4 kw=10.17 inf=2.61 iv=1.17 n=4 d=0 sk=0 hf=98144 hm=96888 ht=283428 pf=0 pm=0 pt=0 ru=233404 rp=234660
18:02:23.069 @T t=498357 s=0.000 lv=-38.1 pk=-35.4 c0=4.2 c1=8.9 kw=8.73 inf=2.85 iv=1.22 n=3 d=0 sk=0 hf=98144 hm=96888 ht=283428 pf=0 pm=0 pt=0 ru=233404 rp=234660
18:02:23.069 @T t=498443 s=0.000 lv=-34.5 pk=-33.4 c0=4.2 c1=9.3 kw=9.11 inf=2.42 iv=1.13 n=3 d=0 sk=0 hf=98144 hm=96888 ht=283428 pf=0 pm=0 pt=0 ru=233404 rp=234660
18:02:23.069 @T t=498552 s=0.000 lv=-36.3 pk=-32.5 c0=9.4 c1=10.4 kw=10.18 inf=2.55 iv=1.10 n=4 d=0 sk=0 hf=98144 hm=96888 ht=283428 pf=0 pm=0 pt=0 ru=233404 rp=234660
18:02:25.570 @T t=498658 s=0.000 lv=-39.7 pk=-38.9 c0=5.1 c1=9.9 kw=8.79 inf=2.86 iv=1.23 n=3 d=0 sk=0 hf=98144 hm=96888 ht=283428 pf=0 pm=0 pt=0 ru=233404 rp=234660
18:02:25.570 @T t=498744 s=0.000 lv=-40.4 pk=-38.5 c0=5.1 c1=9.9 kw=9.68 inf=2.58 iv=1.27 n=3 d=0 sk=0 hf=98144 hm=96888 ht=283428 pf=0 pm=0 pt=0 ru=233404 rp=234660
18:02:25.570 @T t=498853 s=0.000 lv=-36.4 pk=-32.3 c0=3.3 c1=10.6 kw=10.22 inf=2.57 iv=1.12 n=4 d=0 sk=0 hf=98144 hm=96888 ht=283428 pf=0 pm=0 pt=0 ru=233404 rp=234660
18:02:25.570 @T t=498940 s=0.000 lv=-38.5 pk=-37.4 c0=7.9 c1=7.9 kw=7.89 inf=3.14 iv=1.21 n=2 d=0 sk=0 hf=98144 hm=96888 ht=283428 pf=0 pm=0 pt=0 ru=233404 rp=234660
18:02:25.570 @T t=499046 s=0.000 lv=-39.6 pk=-38.1 c0=6.6 c1=10.7 kw=10.47 inf=2.56 iv=1.13 n=4 d=0 sk=0 hf=98144 hm=96888 ht=283428 pf=0 pm=0 pt=0 ru=233404 rp=234660
18:02:25.571 @T t=499152 s=0.000 lv=-40.2 pk=-38.5 c0=3.8 c1=9.6 kw=9.41 inf=2.32 iv=1.12 n=4 d=0 sk=0 hf=98144 hm=96888 ht=283428 pf=0 pm=0 pt=0 ru=233404 rp=234660
18:02:25.571 @I ww=marvin cut=0.50 win=5 cool=1000 tick=100 wifi=0 srv=0 li=0 ln=0
18:02:25.571 @T t=499243 s=0.000 lv=-39.4 pk=-38.4 c0=4.7 c1=7.6 kw=7.46 inf=3.11 iv=1.19 n=2 d=0 sk=0 hf=98144 hm=96888 ht=283428 pf=0 pm=0 pt=0 ru=233404 rp=234660
18:02:25.571 @T t=499352 s=0.000 lv=-39.3 pk=-37.5 c0=8.6 c1=10.4 kw=10.18 inf=2.55 iv=1.12 n=4 d=0 sk=0 hf=98144 hm=96888 ht=283428 pf=0 pm=0 pt=0 ru=233404 rp=234660
18:02:25.571 @T t=499458 s=0.000 lv=-37.7 pk=-36.9 c0=7.1 c1=10.0 kw=9.73 inf=2.40 iv=1.18 n=4 d=0 sk=0 hf=98144 hm=96888 ht=283428 pf=0 pm=0 pt=0 ru=233404 rp=234660
18:02:25.571 @T t=499544 s=0.000 lv=-37.7 pk=-36.5 c0=4.1 c1=8.2 kw=8.05 inf=3.17 iv=1.25 n=2 d=0 sk=0 hf=98144 hm=96888 ht=283428 pf=0 pm=0 pt=0 ru=233404 rp=234660
18:02:25.571 @T t=499650 s=0.000 lv=-39.1 pk=-37.4 c0=3.9 c1=12.2 kw=11.22 inf=2.75 iv=1.27 n=4 d=0 sk=0 hf=98144 hm=96888 ht=283428 pf=0 pm=0 pt=0 ru=233404 rp=234660
18:02:25.571 @T t=499756 s=0.000 lv=-41.2 pk=-39.7 c0=3.3 c1=9.6 kw=9.46 inf=2.33 iv=1.14 n=4 d=0 sk=0 hf=98144 hm=96888 ht=283428 pf=0 pm=0 pt=0 ru=233404 rp=234660
18:02:25.571 @T t=499842 s=0.000 lv=-39.8 pk=-38.5 c0=6.8 c1=8.7 kw=8.38 inf=3.30 iv=1.29 n=2 d=0 sk=0 hf=98144 hm=96888 ht=283428 pf=0 pm=0 pt=0 ru=233404 rp=234660
18:02:25.571 @T t=499948 s=0.000 lv=-39.0 pk=-37.2 c0=4.4 c1=11.4 kw=11.10 inf=2.72 iv=1.26 n=4 d=0 sk=0 hf=98144 hm=96888 ht=283428 pf=0 pm=0 pt=0 ru=233404 rp=234660
18:02:25.571 @T t=500054 s=0.000 lv=-39.7 pk=-38.4 c0=4.2 c1=10.1 kw=9.93 inf=2.45 iv=1.23 n=4 d=0 sk=0 hf=98144 hm=96888 ht=283428 pf=0 pm=0 pt=0 ru=233404 rp=234660
18:02:25.571 @T t=500140 s=0.000 lv=-34.9 pk=-33.1 c0=4.9 c1=7.6 kw=7.87 inf=3.12 iv=1.19 n=2 d=0 sk=0 hf=98144 hm=96888 ht=283428 pf=0 pm=0 pt=0 ru=233404 rp=234660
18:02:25.571 @I ww=marvin cut=0.50 win=5 cool=1000 tick=100 wifi=0 srv=0 li=0 ln=0
18:02:25.571 @T t=500251 s=0.000 lv=-38.5 pk=-37.1 c0=4.2 c1=10.9 kw=10.32 inf=2.63 iv=1.18 n=4 d=0 sk=0 hf=98144 hm=96888 ht=283428 pf=0 pm=0 pt=0 ru=233404 rp=234660
18:02:25.571 @T t=500357 s=0.000 lv=-39.4 pk=-38.4 c0=7.4 c1=9.6 kw=9.38 inf=2.31 iv=1.12 n=4 d=0 sk=0 hf=98144 hm=96888 ht=283428 pf=0 pm=0 pt=0 ru=233404 rp=234660
18:02:25.571 @T t=500443 s=0.000 lv=-41.8 pk=-41.2 c0=9.4 c1=8.4 kw=8.19 inf=3.23 iv=1.28 n=2 d=0 sk=0 hf=98144 hm=96888 ht=283428 pf=0 pm=0 pt=0 ru=233404 rp=234660
18:02:25.571 @T t=500552 s=0.000 lv=-39.6 pk=-38.1 c0=9.7 c1=11.0 kw=10.75 inf=2.71 iv=1.23 n=4 d=0 sk=0 hf=98144 hm=96888 ht=283428 pf=0 pm=0 pt=0 ru=233404 rp=234660
18:02:25.571 @T t=500658 s=0.000 lv=-38.1 pk=-36.8 c0=5.4 c1=10.6 kw=10.30 inf=2.55 iv=1.30 n=4 d=0 sk=0 hf=98144 hm=96888 ht=283428 pf=0 pm=0 pt=0 ru=233404 rp=234660
18:02:25.571 @T t=500744 s=0.000 lv=-37.9 pk=-36.7 c0=5.0 c1=8.1 kw=7.87 inf=3.10 iv=1.19 n=2 d=0 sk=0 hf=98144 hm=96888 ht=283428 pf=0 pm=0 pt=0 ru=233404 rp=234660
18:02:25.571 @T t=500851 s=0.000 lv=-37.9 pk=-36.0 c0=3.9 c1=10.9 kw=10.67 inf=2.63 iv=1.16 n=4 d=0 sk=0 hf=98144 hm=96888 ht=283428 pf=0 pm=0 pt=0 ru=233404 rp=234660
18:02:25.571 @T t=500957 s=0.000 lv=-38.7 pk=-38.0 c0=4.3 c1=9.6 kw=9.42 inf=2.32 iv=1.11 n=4 d=0 sk=0 hf=98144 hm=96888 ht=283428 pf=0 pm=0 pt=0 ru=233404 rp=234660
18:02:25.571 @T t=501043 s=0.000 lv=-37.9 pk=-35.7 c0=9.4 c1=8.5 kw=8.32 inf=3.29 iv=1.30 n=2 d=0 sk=0 hf=98144 hm=96888 ht=283428 pf=0 pm=0 pt=0 ru=233404 rp=234660
18:02:27.873 @T t=501149 s=0.000 lv=-42.5 pk=-41.6 c0=6.7 c1=11.0 kw=10.78 inf=2.64 iv=1.19 n=4 d=0 sk=0 hf=98144 hm=96888 ht=283428 pf=0 pm=0 pt=0 ru=233404 rp=234660
18:02:27.873 @I ww=marvin cut=0.50 win=5 cool=1000 tick=100 wifi=0 srv=0 li=0 ln=0
18:02:27.874 @T t=501240 s=0.000 lv=-38.6 pk=-37.1 c0=4.7 c1=8.8 kw=8.61 inf=2.42 iv=1.13 n=3 d=0 sk=0 hf=98144 hm=96888 ht=283428 pf=0 pm=0 pt=0 ru=233404 rp=234660
18:02:27.874 @T t=501346 s=0.000 lv=-39.4 pk=-38.4 c0=3.2 c1=9.8 kw=8.51 inf=2.04 iv=0.85 n=4 d=0 sk=0 hf=98144 hm=96888 ht=283428 pf=0 pm=0 pt=0 ru=233404 rp=234660
18:02:27.874 @T t=501452 s=0.000 lv=-40.3 pk=-38.9 c0=3.2 c1=9.6 kw=10.03 inf=3.31 iv=1.43 n=3 d=0 sk=0 hf=98144 hm=96888 ht=283428 pf=0 pm=0 pt=0 ru=233404 rp=234660
18:02:27.874 @T t=501558 s=0.000 lv=-38.7 pk=-37.4 c0=3.8 c1=9.7 kw=9.53 inf=2.35 iv=1.16 n=4 d=0 sk=0 hf=98144 hm=96888 ht=283428 pf=0 pm=0 pt=0 ru=233404 rp=234660
18:02:27.874 [status] up 501s | mic -38.5 dBFS (peak -31.8) | score max 0.00 | detections 0 | inferences 311 (31.1/s; model 1.19 ms each, paused in quiet 8%; features 1.42 ms per 30 ms) | CPU core0  5.3% core1  9.5% (wake word pipeline 9.24% of one core) | RAM used 227 KB (peak 229 KB, 95 KB free) | wifi --, server -- | audio lost since boot: i2s 0 net 0
18:02:27.875 @T t=501649 s=0.000 lv=-40.2 pk=-39.5 c0=13.5 c1=11.7 kw=10.58 inf=2.96 iv=1.29 n=3 d=0 sk=0 hf=98144 hm=96888 ht=283428 pf=0 pm=0 pt=0 ru=233404 rp=234660
18:02:27.875 @T t=501755 s=0.000 lv=-39.0 pk=-38.0 c0=3.3 c1=7.6 kw=7.43 inf=2.39 iv=1.22 n=2 d=0 sk=1 hf=98144 hm=96888 ht=283428 pf=0 pm=0 pt=0 ru=233404 rp=234660
18:02:27.875 @T t=501841 s=0.000 lv=-41.8 pk=-40.4 c0=4.6 c1=5.0 kw=4.89 inf=1.83 iv=0.00 n=0 d=0 sk=2 hf=98144 hm=96888 ht=283428 pf=0 pm=0 pt=0 ru=233404 rp=234660
18:02:27.875 @T t=501947 s=0.000 lv=-41.4 pk=-40.0 c0=3.2 c1=6.1 kw=5.91 inf=1.37 iv=0.00 n=0 d=0 sk=4 hf=98144 hm=96888 ht=283428 pf=0 pm=0 pt=0 ru=233404 rp=234660
18:02:27.875 @T t=502053 s=0.000 lv=-40.1 pk=-38.9 c0=6.3 c1=5.0 kw=4.91 inf=1.51 iv=0.00 n=0 d=0 sk=3 hf=98144 hm=96888 ht=283428 pf=0 pm=0 pt=0 ru=233404 rp=234660
18:02:27.875 @T t=502139 s=0.000 lv=-40.1 pk=-38.2 c0=7.6 c1=4.9 kw=4.80 inf=1.80 iv=0.00 n=0 d=0 sk=2 hf=98144 hm=96888 ht=283428 pf=0 pm=0 pt=0 ru=233404 rp=234660
18:02:27.875 @I ww=marvin cut=0.50 win=5 cool=1000 tick=100 wifi=0 srv=0 li=0 ln=0
18:02:27.875 @T t=502251 s=0.000 lv=-40.7 pk=-40.0 c0=12.5 c1=6.0 kw=5.69 inf=1.39 iv=0.00 n=0 d=0 sk=4 hf=98144 hm=96888 ht=283428 pf=0 pm=0 pt=0 ru=233404 rp=234660
18:02:27.875 @T t=502357 s=0.000 lv=-38.4 pk=-36.4 c0=4.6 c1=5.2 kw=5.03 inf=1.55 iv=0.00 n=0 d=0 sk=3 hf=98144 hm=96888 ht=283428 pf=0 pm=0 pt=0 ru=233404 rp=234660
18:02:27.875 @T t=502443 s=0.000 lv=-37.5 pk=-35.0 c0=5.0 c1=19.1 kw=18.84 inf=1.30 iv=0.98 n=12 d=0 sk=0 hf=98144 hm=96888 ht=283428 pf=0 pm=0 pt=0 ru=233404 rp=234660
18:02:27.875 @T t=502552 s=0.000 lv=-39.5 pk=-37.1 c0=4.1 c1=10.4 kw=10.19 inf=2.56 iv=1.12 n=4 d=0 sk=0 hf=98144 hm=96888 ht=283428 pf=0 pm=0 pt=0 ru=233404 rp=234660
18:02:27.875 @T t=502658 s=0.000 lv=-40.9 pk=-40.3 c0=3.9 c1=9.9 kw=8.91 inf=2.91 iv=1.29 n=3 d=0 sk=0 hf=98144 hm=96888 ht=283428 pf=0 pm=0 pt=0 ru=233404 rp=234660
18:02:27.875 @T t=502744 s=0.000 lv=-40.9 pk=-40.2 c0=5.1 c1=10.0 kw=9.72 inf=2.59 iv=1.28 n=3 d=0 sk=0 hf=98144 hm=96888 ht=283428 pf=0 pm=0 pt=0 ru=233404 rp=234660
18:02:27.875 @T t=502853 s=0.000 lv=-40.8 pk=-39.7 c0=9.9 c1=11.2 kw=10.83 inf=2.73 iv=1.25 n=4 d=0 sk=0 hf=98144 hm=96888 ht=283428 pf=0 pm=0 pt=0 ru=233404 rp=234660
18:02:27.875 @T t=502939 s=0.000 lv=-40.3 pk=-37.7 c0=5.5 c1=9.8 kw=9.74 inf=2.59 iv=1.27 n=3 d=0 sk=0 hf=98144 hm=96888 ht=283428 pf=0 pm=0 pt=0 ru=233404 rp=234660
18:02:27.875 @T t=503045 s=0.000 lv=-41.7 pk=-40.4 c0=4.2 c1=8.8 kw=8.41 inf=2.69 iv=1.11 n=3 d=0 sk=0 hf=98144 hm=96888 ht=283428 pf=0 pm=0 pt=0 ru=233404 rp=234660
18:02:27.875 @T t=503154 s=0.000 lv=-40.3 pk=-39.6 c0=4.1 c1=11.0 kw=10.89 inf=2.79 iv=1.33 n=4 d=0 sk=0 hf=98144 hm=96888 ht=283428 pf=0 pm=0 pt=0 ru=233404 rp=234660
18:02:27.875 @I ww=marvin cut=0.50 win=5 cool=1000 tick=100 wifi=0 srv=0 li=0 ln=0
18:02:27.875 @T t=503246 s=0.000 lv=-41.2 pk=-39.6 c0=5.0 c1=10.2 kw=10.04 inf=2.84 iv=1.23 n=3 d=0 sk=0 hf=98144 hm=96888 ht=283428 pf=0 pm=0 pt=0 ru=233404 rp=234660
18:02:27.875 @T t=503352 s=0.000 lv=-41.0 pk=-40.7 c0=6.8 c1=10.1 kw=9.89 inf=2.44 iv=1.23 n=4 d=0 sk=0 hf=98144 hm=96888 ht=283428 pf=0 pm=0 pt=0 ru=233404 rp=234660
18:02:30.451 @T t=503458 s=0.000 lv=-41.0 pk=-40.0 c0=4.3 c1=9.2 kw=8.99 inf=2.94 iv=1.31 n=3 d=0 sk=0 hf=98144 hm=96888 ht=283428 pf=0 pm=0 pt=0 ru=233404 rp=234660
18:02:30.451 @T t=503544 s=0.000 lv=-41.4 pk=-39.9 c0=5.0 c1=10.0 kw=9.73 inf=2.59 iv=1.28 n=3 d=0 sk=0 hf=98144 hm=96888 ht=283428 pf=0 pm=0 pt=0 ru=233404 rp=234660
18:02:30.451 @T t=503653 s=0.000 lv=-42.9 pk=-41.1 c0=3.7 c1=11.7 kw=10.79 inf=2.72 iv=1.24 n=4 d=0 sk=0 hf=98144 hm=96888 ht=283428 pf=0 pm=0 pt=0 ru=233404 rp=234660
18:02:30.451 @T t=503739 s=0.000 lv=-40.9 pk=-39.4 c0=4.1 c1=8.1 kw=7.97 inf=3.14 iv=1.23 n=2 d=0 sk=0 hf=98144 hm=96888 ht=283428 pf=0 pm=0 pt=0 ru=233404 rp=234660
18:02:30.451 @T t=503845 s=0.000 lv=-41.3 pk=-40.8 c0=6.5 c1=10.1 kw=9.67 inf=2.35 iv=1.15 n=4 d=0 sk=0 hf=98144 hm=96888 ht=283428 pf=0 pm=0 pt=0 ru=233404 rp=234660
18:02:30.451 @T t=503951 s=0.000 lv=-43.7 pk=-42.3 c0=7.1 c1=11.1 kw=10.56 inf=2.62 iv=1.17 n=4 d=0 sk=0 hf=98144 hm=96888 ht=283428 pf=0 pm=0 pt=0 ru=233404 rp=234660
18:02:30.451 @T t=504057 s=0.000 lv=-39.8 pk=-39.6 c0=3.3 c1=5.1 kw=5.04 inf=1.55 iv=0.00 n=0 d=0 sk=3 hf=98144 hm=96888 ht=283428 pf=0 pm=0 pt=0 ru=233404 rp=234660
18:02:30.451 @T t=504143 s=0.000 lv=-40.3 pk=-39.2 c0=7.7 c1=5.0 kw=4.87 inf=1.83 iv=0.00 n=0 d=0 sk=2 hf=98144 hm=96888 ht=283428 pf=0 pm=0 pt=0 ru=233404 rp=234660
18:02:30.451 @I ww=marvin cut=0.50 win=5 cool=1000 tick=100 wifi=0 srv=0 li=0 ln=0
18:02:30.451 @T t=504255 s=0.000 lv=-39.5 pk=-39.1 c0=11.3 c1=5.8 kw=5.67 inf=1.39 iv=0.00 n=0 d=0 sk=4 hf=98144 hm=96888 ht=283428 pf=0 pm=0 pt=0 ru=233404 rp=234660
18:02:30.451 @T t=504341 s=0.000 lv=-39.6 pk=-38.7 c0=3.8 c1=5.0 kw=4.91 inf=1.84 iv=0.00 n=0 d=0 sk=2 hf=98144 hm=96888 ht=283428 pf=0 pm=0 pt=0 ru=233404 rp=234660
18:02:30.451 @T t=504447 s=0.000 lv=-40.7 pk=-38.4 c0=2.9 c1=6.0 kw=5.86 inf=1.35 iv=0.00 n=0 d=0 sk=4 hf=98144 hm=96888 ht=283428 pf=0 pm=0 pt=0 ru=233404 rp=234660
18:02:30.451 @T t=504553 s=0.000 lv=-38.0 pk=-36.8 c0=6.2 c1=5.1 kw=4.94 inf=1.52 iv=0.00 n=0 d=0 sk=3 hf=98144 hm=96888 ht=283428 pf=0 pm=0 pt=0 ru=233404 rp=234660
18:02:30.451 @T t=504639 s=0.000 lv=-39.7 pk=-38.8 c0=7.0 c1=6.4 kw=5.09 inf=1.91 iv=0.00 n=0 d=0 sk=2 hf=98144 hm=96888 ht=283428 pf=0 pm=0 pt=0 ru=233404 rp=234660
18:02:30.451 @T t=504745 s=0.000 lv=-38.8 pk=-36.7 c0=4.1 c1=5.5 kw=5.14 inf=1.55 iv=0.00 n=0 d=0 sk=3 hf=98144 hm=96888 ht=283428 pf=0 pm=0 pt=0 ru=233404 rp=234660
18:02:30.451 @T t=504851 s=0.000 lv=-39.5 pk=-38.8 c0=3.9 c1=6.4 kw=5.87 inf=1.85 iv=0.00 n=0 d=0 sk=3 hf=98144 hm=96888 ht=283428 pf=0 pm=0 pt=0 ru=233404 rp=234660
18:02:30.451 @T t=504957 s=0.000 lv=-37.3 pk=-35.6 c0=3.4 c1=15.4 kw=15.24 inf=1.19 iv=0.97 n=11 d=0 sk=2 hf=97956 hm=96888 ht=283428 pf=0 pm=0 pt=0 ru=233592 rp=234660
18:02:30.451 @T t=505044 s=0.000 lv=-38.3 pk=-36.5 c0=5.1 c1=8.0 kw=7.86 inf=3.13 iv=1.22 n=2 d=0 sk=0 hf=98144 hm=96888 ht=283428 pf=0 pm=0 pt=0 ru=233404 rp=234660
18:02:30.451 @T t=505153 s=0.000 lv=-41.7 pk=-40.2 c0=9.5 c1=10.7 kw=10.46 inf=2.63 iv=1.18 n=4 d=0 sk=0 hf=98144 hm=96888 ht=283428 pf=0 pm=0 pt=0 ru=233404 rp=234660
18:02:30.451 @I ww=marvin cut=0.50 win=5 cool=1000 tick=100 wifi=0 srv=0 li=0 ln=0
18:02:30.451 @T t=505244 s=0.000 lv=-35.9 pk=-32.5 c0=5.8 c1=9.5 kw=9.31 inf=2.63 iv=1.31 n=3 d=0 sk=0 hf=98144 hm=96888 ht=283428 pf=0 pm=0 pt=0 ru=233404 rp=234660
18:02:30.451 @T t=505353 s=0.000 lv=-39.1 pk=-36.3 c0=9.6 c1=11.1 kw=10.81 inf=2.72 iv=1.24 n=4 d=0 sk=0 hf=98144 hm=96888 ht=283428 pf=0 pm=0 pt=0 ru=233404 rp=234660
18:02:30.451 @T t=505439 s=0.000 lv=-40.5 pk=-39.4 c0=4.1 c1=9.4 kw=9.22 inf=2.45 iv=1.18 n=3 d=0 sk=0 hf=98144 hm=96888 ht=283428 pf=0 pm=0 pt=0 ru=233404 rp=234660
18:02:30.451 @T t=505545 s=0.000 lv=-40.0 pk=-39.2 c0=6.5 c1=9.2 kw=8.76 inf=2.81 iv=1.20 n=3 d=0 sk=0 hf=98144 hm=96888 ht=283428 pf=0 pm=0 pt=0 ru=233404 rp=234660
18:02:30.451 @T t=505654 s=0.000 lv=-37.5 pk=-35.0 c0=4.8 c1=11.6 kw=11.00 inf=2.82 iv=1.35 n=4 d=0 sk=0 hf=98144 hm=96888 ht=283428 pf=0 pm=0 pt=0 ru=233404 rp=234660
18:02:30.451 @T t=505740 s=0.000 lv=-37.9 pk=-35.8 c0=5.2 c1=10.0 kw=9.74 inf=2.60 iv=1.30 n=3 d=0 sk=0 hf=98144 hm=96888 ht=283428 pf=0 pm=0 pt=0 ru=233404 rp=234660
18:02:30.451 @T t=505846 s=0.000 lv=-37.4 pk=-33.8 c0=4.2 c1=10.4 kw=9.08 inf=2.92 iv=1.29 n=3 d=0 sk=0 hf=98144 hm=96888 ht=283428 pf=0 pm=0 pt=0 ru=233404 rp=234660
18:02:30.452 @T t=505955 s=0.000 lv=-38.5 pk=-35.9 c0=4.0 c1=9.9 kw=10.39 inf=2.65 iv=1.21 n=4 d=0 sk=0 hf=98144 hm=96888 ht=283428 pf=0 pm=0 pt=0 ru=233404 rp=234660
18:02:32.948 @T t=506041 s=0.000 lv=-39.6 pk=-38.8 c0=4.1 c1=9.5 kw=9.32 inf=2.48 iv=1.19 n=3 d=0 sk=0 hf=98144 hm=96888 ht=283428 pf=0 pm=0 pt=0 ru=233404 rp=234660
18:02:32.948 @T t=506147 s=0.000 lv=-38.2 pk=-36.7 c0=6.5 c1=10.7 kw=10.47 inf=2.57 iv=1.13 n=4 d=0 sk=0 hf=98144 hm=96888 ht=283428 pf=0 pm=0 pt=0 ru=233404 rp=234660
18:02:32.949 @I ww=marvin cut=0.50 win=5 cool=1000 tick=100 wifi=0 srv=0 li=0 ln=0
18:02:32.949 @T t=506239 s=0.000 lv=-39.1 pk=-38.4 c0=13.6 c1=7.7 kw=7.47 inf=3.15 iv=1.23 n=2 d=0 sk=0 hf=98144 hm=96888 ht=283428 pf=0 pm=0 pt=0 ru=233404 rp=234660
18:02:32.949 @T t=506345 s=0.000 lv=-41.4 pk=-40.4 c0=3.8 c1=10.2 kw=9.81 inf=2.38 iv=1.18 n=4 d=0 sk=0 hf=98144 hm=96888 ht=283428 pf=0 pm=0 pt=0 ru=233404 rp=234660
18:02:32.949 @T t=506451 s=0.000 lv=-42.1 pk=-40.9 c0=3.3 c1=10.9 kw=10.40 inf=2.58 iv=1.15 n=4 d=0 sk=0 hf=98144 hm=96888 ht=283428 pf=0 pm=0 pt=0 ru=233404 rp=234660
18:02:32.949 @T t=506557 s=0.000 lv=-37.4 pk=-36.4 c0=3.3 c1=8.6 kw=8.40 inf=2.74 iv=1.14 n=3 d=0 sk=0 hf=98144 hm=96888 ht=283428 pf=0 pm=0 pt=0 ru=233404 rp=234660
18:02:32.949 @T t=506643 s=0.000 lv=-39.9 pk=-38.0 c0=4.8 c1=11.2 kw=9.93 inf=2.65 iv=1.32 n=3 d=0 sk=0 hf=98144 hm=96888 ht=283428 pf=0 pm=0 pt=0 ru=233404 rp=234660
18:02:32.949 @T t=506749 s=0.000 lv=-39.6 pk=-38.1 c0=3.9 c1=10.9 kw=10.69 inf=2.61 iv=1.16 n=4 d=0 sk=0 hf=98144 hm=96888 ht=283428 pf=0 pm=0 pt=0 ru=233404 rp=234660
18:02:32.949 @T t=506855 s=0.000 lv=-38.9 pk=-37.7 c0=6.6 c1=8.6 kw=8.46 inf=2.76 iv=1.16 n=3 d=0 sk=0 hf=98144 hm=96888 ht=283428 pf=0 pm=0 pt=0 ru=233404 rp=234660
18:02:32.949 @T t=506941 s=0.000 lv=-37.8 pk=-36.4 c0=8.0 c1=9.3 kw=9.14 inf=2.43 iv=1.15 n=3 d=0 sk=0 hf=98144 hm=96888 ht=283428 pf=0 pm=0 pt=0 ru=233404 rp=234660
18:02:32.949 @T t=507047 s=0.000 lv=-37.4 pk=-35.4 c0=5.1 c1=11.7 kw=11.38 inf=2.80 iv=1.25 n=4 d=0 sk=0 hf=98144 hm=96888 ht=283428 pf=0 pm=0 pt=0 ru=233404 rp=234660
18:02:32.949 @T t=507153 s=0.000 lv=-40.2 pk=-38.8 c0=4.7 c1=9.2 kw=8.98 inf=2.93 iv=1.30 n=3 d=0 sk=0 hf=98144 hm=96888 ht=283428 pf=0 pm=0 pt=0 ru=233404 rp=234660
18:02:32.949 @I ww=marvin cut=0.50 win=5 cool=1000 tick=100 wifi=0 srv=0 li=0 ln=0
18:02:32.949 @T t=507244 s=0.001 lv=-40.7 pk=-39.6 c0=4.8 c1=9.0 kw=8.78 inf=2.47 iv=1.20 n=3 d=0 sk=0 hf=98144 hm=96888 ht=283428 pf=0 pm=0 pt=0 ru=233404 rp=234660
18:02:32.949 @T t=507353 s=0.002 lv=-39.9 pk=-37.8 c0=8.7 c1=10.7 kw=10.47 inf=2.63 iv=1.16 n=4 d=0 sk=0 hf=98144 hm=96888 ht=283428 pf=0 pm=0 pt=0 ru=233404 rp=234660
18:02:32.949 @T t=507439 s=0.001 lv=-42.9 pk=-42.1 c0=5.1 c1=8.4 kw=8.17 inf=3.22 iv=1.28 n=2 d=0 sk=0 hf=98144 hm=96888 ht=283428 pf=0 pm=0 pt=0 ru=233404 rp=234660
18:02:32.949 @T t=507545 s=0.000 lv=-38.4 pk=-34.9 c0=4.2 c1=10.6 kw=10.15 inf=2.47 iv=1.24 n=4 d=0 sk=0 hf=98144 hm=96888 ht=283428 pf=0 pm=0 pt=0 ru=233404 rp=234660
18:02:32.949 @T t=507651 s=0.000 lv=-39.6 pk=-37.1 c0=5.3 c1=12.2 kw=11.12 inf=2.76 iv=1.28 n=4 d=0 sk=0 hf=98144 hm=96888 ht=283428 pf=0 pm=0 pt=0 ru=233404 rp=234660
18:02:32.949 @T t=507757 s=0.000 lv=-36.7 pk=-35.4 c0=4.4 c1=9.0 kw=8.81 inf=2.87 iv=1.25 n=3 d=0 sk=0 hf=98144 hm=96888 ht=283428 pf=0 pm=0 pt=0 ru=233404 rp=234660
18:02:32.949 @T t=507843 s=0.000 lv=-36.8 pk=-35.7 c0=4.1 c1=9.4 kw=9.21 inf=2.45 iv=1.16 n=3 d=0 sk=0 hf=98144 hm=96888 ht=283428 pf=0 pm=0 pt=0 ru=233404 rp=234660
18:02:32.949 @T t=507952 s=0.000 lv=-40.6 pk=-38.8 c0=8.9 c1=10.6 kw=10.32 inf=2.59 iv=1.14 n=4 d=0 sk=0 hf=98144 hm=96888 ht=283428 pf=0 pm=0 pt=0 ru=233404 rp=234660
18:02:32.949 @T t=508058 s=0.000 lv=-40.1 pk=-38.2 c0=4.3 c1=8.8 kw=8.63 inf=2.81 iv=1.19 n=3 d=0 sk=0 hf=98144 hm=96888 ht=283428 pf=0 pm=0 pt=0 ru=233404 rp=234660
18:02:32.949 @T t=508144 s=0.000 lv=-36.8 pk=-35.9 c0=5.1 c1=10.1 kw=9.83 inf=2.62 iv=1.29 n=3 d=0 sk=0 hf=98144 hm=96888 ht=283428 pf=0 pm=0 pt=0 ru=233404 rp=234660
18:02:32.949 @I ww=marvin cut=0.50 win=5 cool=1000 tick=100 wifi=0 srv=0 li=0 ln=0
18:02:32.949 @T t=508239 s=0.000 lv=-39.3 pk=-38.0 c0=16.9 c1=10.1 kw=9.90 inf=2.89 iv=1.24 n=3 d=0 sk=0 hf=98144 hm=96888 ht=283428 pf=0 pm=0 pt=0 ru=233404 rp=234660
18:02:32.949 @T t=508345 s=0.000 lv=-35.6 pk=-33.2 c0=4.0 c1=9.0 kw=8.59 inf=2.75 iv=1.15 n=3 d=0 sk=0 hf=98144 hm=96888 ht=283428 pf=0 pm=0 pt=0 ru=233404 rp=234660
18:02:32.949 @T t=508453 s=0.000 lv=-33.4 pk=-32.7 c0=3.2 c1=10.7 kw=10.66 inf=2.70 iv=1.26 n=4 d=0 sk=0 hf=98144 hm=96888 ht=283428 pf=0 pm=0 pt=0 ru=233404 rp=234660
18:02:35.358 @T t=508539 s=0.000 lv=-35.5 pk=-34.5 c0=4.0 c1=9.3 kw=9.08 inf=2.41 iv=1.14 n=3 d=0 sk=0 hf=98144 hm=96888 ht=283428 pf=0 pm=0 pt=0 ru=233404 rp=234660
18:02:35.358 @T t=508645 s=0.000 lv=-36.0 pk=-33.2 c0=3.8 c1=10.3 kw=9.14 inf=2.94 iv=1.32 n=3 d=0 sk=0 hf=98144 hm=96888 ht=283428 pf=0 pm=0 pt=0 ru=233404 rp=234660
18:02:35.358 @T t=508751 s=0.000 lv=-38.1 pk=-36.4 c0=4.0 c1=11.0 kw=11.02 inf=2.74 iv=1.30 n=4 d=0 sk=0 hf=98144 hm=96888 ht=283428 pf=0 pm=0 pt=0 ru=233404 rp=234660
18:02:35.358 @T t=508857 s=0.000 lv=-39.5 pk=-38.3 c0=3.4 c1=9.6 kw=9.46 inf=2.33 iv=1.14 n=4 d=0 sk=0 hf=98144 hm=96888 ht=283428 pf=0 pm=0 pt=0 ru=233404 rp=234660
18:02:35.358 @T t=508943 s=0.000 lv=-40.1 pk=-38.8 c0=4.0 c1=8.1 kw=7.95 inf=3.14 iv=1.23 n=2 d=0 sk=0 hf=98144 hm=96888 ht=283428 pf=0 pm=0 pt=0 ru=233404 rp=234660
18:02:35.358 @T t=509049 s=0.000 lv=-37.6 pk=-36.0 c0=3.4 c1=10.9 kw=10.69 inf=2.62 iv=1.17 n=4 d=0 sk=0 hf=98144 hm=96888 ht=283428 pf=0 pm=0 pt=0 ru=233404 rp=234660
18:02:35.358 @T t=509155 s=0.000 lv=-35.0 pk=-31.6 c0=6.6 c1=9.7 kw=9.53 inf=2.35 iv=1.16 n=4 d=0 sk=0 hf=98144 hm=96888 ht=283428 pf=0 pm=0 pt=0 ru=233404 rp=234660
18:02:35.358 @I ww=marvin cut=0.50 win=5 cool=1000 tick=100 wifi=0 srv=0 li=0 ln=0
18:02:35.358 @T t=509246 s=0.000 lv=-39.8 pk=-38.8 c0=4.8 c1=9.2 kw=7.66 inf=2.09 iv=0.82 n=3 d=0 sk=0 hf=98144 hm=96888 ht=283428 pf=0 pm=0 pt=0 ru=233404 rp=234660
18:02:35.358 @T t=509352 s=0.000 lv=-36.1 pk=-33.0 c0=3.2 c1=9.7 kw=10.11 inf=3.34 iv=1.45 n=3 d=0 sk=0 hf=98144 hm=96888 ht=283428 pf=0 pm=0 pt=0 ru=233404 rp=234660
18:02:35.358 W (509795) wifi: cannot connect (reason 201). Check the name/password in menuconfig; the ESP32 needs a 2.4 GHz network (201 = network not found, 15/204 = wrong password)
18:02:35.358 @T t=509458 s=0.000 lv=-36.1 pk=-34.5 c0=7.8 c1=10.3 kw=9.92 inf=2.44 iv=1.21 n=4 d=0 sk=0 hf=98144 hm=96888 ht=283428 pf=0 pm=0 pt=0 ru=233404 rp=234660
18:02:35.358 @T t=509544 s=0.000 lv=-33.8 pk=-31.0 c0=9.8 c1=8.1 kw=7.87 inf=3.10 iv=1.19 n=2 d=0 sk=0 hf=98144 hm=96888 ht=283428 pf=0 pm=0 pt=0 ru=233404 rp=234660
18:02:35.358 @T t=509653 s=0.000 lv=-35.9 pk=-33.3 c0=3.7 c1=11.8 kw=10.84 inf=2.73 iv=1.23 n=4 d=0 sk=0 hf=98144 hm=96888 ht=283428 pf=0 pm=0 pt=0 ru=233404 rp=234660
18:02:35.358 @T t=509739 s=0.000 lv=-37.2 pk=-35.9 c0=5.1 c1=9.4 kw=9.17 inf=2.44 iv=1.14 n=3 d=0 sk=0 hf=98144 hm=96888 ht=283428 pf=0 pm=0 pt=0 ru=233404 rp=234660
18:02:35.358 @T t=509845 s=0.000 lv=-37.8 pk=-34.2 c0=4.2 c1=9.3 kw=8.93 inf=2.87 iv=1.24 n=3 d=0 sk=0 hf=98144 hm=96888 ht=283428 pf=0 pm=0 pt=0 ru=233404 rp=234660
18:02:35.358 @T t=509951 s=0.000 lv=-37.4 pk=-35.3 c0=7.0 c1=11.0 kw=10.99 inf=2.73 iv=1.28 n=4 d=0 sk=0 hf=98144 hm=96888 ht=283428 pf=0 pm=0 pt=0 ru=233404 rp=234660
18:02:35.358 @T t=510057 s=0.000 lv=-37.2 pk=-36.0 c0=4.2 c1=9.9 kw=9.68 inf=2.38 iv=1.17 n=4 d=0 sk=0 hf=98144 hm=96888 ht=283428 pf=0 pm=0 pt=0 ru=233404 rp=234660
18:02:35.358 @T t=510144 s=0.000 lv=-38.9 pk=-37.6 c0=5.5 c1=7.7 kw=7.88 inf=3.10 iv=1.20 n=2 d=0 sk=0 hf=98144 hm=96888 ht=283428 pf=0 pm=0 pt=0 ru=233404 rp=234660
18:02:35.358 @I ww=marvin cut=0.50 win=5 cool=1000 tick=100 wifi=0 srv=0 li=0 ln=0
18:02:35.358 @T t=510255 s=0.000 lv=-38.7 pk=-36.7 c0=4.4 c1=10.9 kw=10.37 inf=2.68 iv=1.21 n=4 d=0 sk=0 hf=98144 hm=96888 ht=283428 pf=0 pm=0 pt=0 ru=233404 rp=234660
18:02:35.358 @T t=510341 s=0.000 lv=-40.2 pk=-38.2 c0=5.2 c1=9.8 kw=9.55 inf=2.54 iv=1.24 n=3 d=0 sk=0 hf=98144 hm=96888 ht=283428 pf=0 pm=0 pt=0 ru=233404 rp=234660
18:02:35.358 @T t=510448 s=0.000 lv=-41.0 pk=-39.0 c0=4.4 c1=11.1 kw=10.85 inf=2.69 iv=1.22 n=4 d=0 sk=0 hf=98144 hm=96888 ht=283428 pf=0 pm=0 pt=0 ru=233404 rp=234660
18:02:35.358 @T t=510554 s=0.000 lv=-40.0 pk=-38.9 c0=4.3 c1=9.4 kw=9.16 inf=3.00 iv=1.37 n=3 d=0 sk=0 hf=98144 hm=96888 ht=283428 pf=0 pm=0 pt=0 ru=233404 rp=234660
18:02:35.358 @T t=510640 s=0.000 lv=-39.9 pk=-38.8 c0=5.9 c1=11.3 kw=10.18 inf=2.73 iv=1.38 n=3 d=0 sk=0 hf=98144 hm=96888 ht=283428 pf=0 pm=0 pt=0 ru=233404 rp=234660
18:02:35.358 @T t=510749 s=0.000 lv=-40.0 pk=-38.6 c0=3.6 c1=10.3 kw=10.08 inf=2.54 iv=1.12 n=4 d=0 sk=0 hf=98144 hm=96888 ht=283428 pf=0 pm=0 pt=0 ru=233404 rp=234660
18:02:35.358 @T t=510855 s=0.000 lv=-37.7 pk=-36.4 c0=3.4 c1=8.6 kw=8.39 inf=2.73 iv=1.13 n=3 d=0 sk=0 hf=98144 hm=96888 ht=283428 pf=0 pm=0 pt=0 ru=233404 rp=234660
18:02:37.655 @T t=510941 s=0.000 lv=-39.0 pk=-38.6 c0=4.0 c1=9.3 kw=9.07 inf=2.41 iv=1.12 n=3 d=0 sk=0 hf=98144 hm=96888 ht=283428 pf=0 pm=0 pt=0 ru=233404 rp=234660
18:02:37.655 @T t=511047 s=0.000 lv=-40.7 pk=-38.6 c0=3.3 c1=10.5 kw=10.28 inf=2.51 iv=1.09 n=4 d=0 sk=0 hf=98144 hm=96888 ht=283428 pf=0 pm=0 pt=0 ru=233404 rp=234660
18:02:37.655 @T t=511153 s=0.000 lv=-39.1 pk=-36.9 c0=3.7 c1=8.7 kw=8.49 inf=2.76 iv=1.17 n=3 d=0 sk=0 hf=98144 hm=96888 ht=283428 pf=0 pm=0 pt=0 ru=233404 rp=234660
18:02:37.655 @I ww=marvin cut=0.50 win=5 cool=1000 tick=100 wifi=0 srv=0 li=0 ln=0
18:02:37.655 @T t=511244 s=0.000 lv=-41.7 pk=-40.8 c0=4.7 c1=4.7 kw=4.62 inf=1.83 iv=0.00 n=0 d=0 sk=2 hf=98144 hm=96888 ht=283428 pf=0 pm=0 pt=0 ru=233404 rp=234660
18:02:37.655 @T t=511350 s=0.000 lv=-37.2 pk=-35.9 c0=3.0 c1=6.1 kw=5.90 inf=1.36 iv=0.00 n=0 d=0 sk=4 hf=98144 hm=96888 ht=283428 pf=0 pm=0 pt=0 ru=233404 rp=234660
18:02:37.655 @T t=511456 s=0.000 lv=-37.3 pk=-37.1 c0=3.0 c1=5.0 kw=4.88 inf=1.50 iv=0.00 n=0 d=0 sk=3 hf=98144 hm=96888 ht=283428 pf=0 pm=0 pt=0 ru=233404 rp=234660
18:02:37.655 @T t=511542 s=0.000 lv=-36.2 pk=-34.6 c0=8.6 c1=17.8 kw=17.60 inf=1.32 iv=0.97 n=11 d=0 sk=0 hf=98144 hm=96888 ht=283428 pf=0 pm=0 pt=0 ru=233404 rp=234660
18:02:37.655 [status] up 511s | mic -38.6 dBFS (peak -31.0) | score max 0.00 | detections 0 | inferences 296 (29.6/s; model 1.19 ms each, paused in quiet 16%; features 1.36 ms per 30 ms) | CPU core0  5.5% core1  9.3% (wake word pipeline 9.03% of one core) | RAM used 227 KB (peak 229 KB, 95 KB free) | wifi --, server -- | audio lost since boot: i2s 0 net 0
18:02:37.655 @T t=511650 s=0.000 lv=-39.9 pk=-38.6 c0=8.4 c1=11.8 kw=10.82 inf=2.70 iv=1.23 n=4 d=0 sk=0 hf=98144 hm=96888 ht=283428 pf=0 pm=0 pt=0 ru=233404 rp=234660
18:02:37.655 @T t=511756 s=0.000 lv=-39.9 pk=-38.6 c0=3.3 c1=9.3 kw=9.14 inf=2.24 iv=1.07 n=4 d=0 sk=0 hf=98144 hm=96888 ht=283428 pf=0 pm=0 pt=0 ru=233404 rp=234660
18:02:37.655 @T t=511842 s=0.000 lv=-38.7 pk=-37.2 c0=6.1 c1=8.1 kw=7.79 inf=3.07 iv=1.15 n=2 d=0 sk=0 hf=98144 hm=96888 ht=283428 pf=0 pm=0 pt=0 ru=233404 rp=234660
18:02:37.656 @T t=511947 s=0.000 lv=-40.5 pk=-38.8 c0=4.0 c1=10.9 kw=10.71 inf=2.60 iv=1.15 n=4 d=0 sk=0 hf=98144 hm=96888 ht=283428 pf=0 pm=0 pt=0 ru=233404 rp=234660
18:02:37.656 @T t=512053 s=0.000 lv=-37.1 pk=-35.5 c0=4.2 c1=9.5 kw=9.33 inf=2.30 iv=1.10 n=4 d=0 sk=0 hf=98144 hm=96888 ht=283428 pf=0 pm=0 pt=0 ru=233404 rp=234660
18:02:37.656 @T t=512139 s=0.000 lv=-39.3 pk=-37.6 c0=5.1 c1=8.3 kw=8.04 inf=3.16 iv=1.22 n=2 d=0 sk=0 hf=98144 hm=96888 ht=283428 pf=0 pm=0 pt=0 ru=233404 rp=234660
18:02:37.656 @I ww=marvin cut=0.50 win=5 cool=1000 tick=100 wifi=0 srv=0 li=0 ln=0
18:02:37.656 @T t=512250 s=0.000 lv=-39.0 pk=-37.3 c0=4.8 c1=10.6 kw=10.39 inf=2.67 iv=1.22 n=4 d=0 sk=0 hf=98144 hm=96888 ht=283428 pf=0 pm=0 pt=0 ru=233404 rp=234660
18:02:37.656 @T t=512356 s=0.000 lv=-36.7 pk=-32.8 c0=4.2 c1=10.2 kw=9.97 inf=2.46 iv=1.24 n=4 d=0 sk=0 hf=98144 hm=96888 ht=283428 pf=0 pm=0 pt=0 ru=233404 rp=234660
18:02:37.656 @T t=512442 s=0.000 lv=-38.8 pk=-36.8 c0=5.1 c1=8.2 kw=8.02 inf=3.16 iv=1.23 n=2 d=0 sk=0 hf=98144 hm=96888 ht=283428 pf=0 pm=0 pt=0 ru=233404 rp=234660
18:02:37.656 @T t=512548 s=0.000 lv=-37.6 pk=-34.9 c0=6.2 c1=11.0 kw=10.75 inf=2.63 iv=1.18 n=4 d=0 sk=0 hf=98144 hm=96888 ht=283428 pf=0 pm=0 pt=0 ru=233404 rp=234660
18:02:37.656 @T t=512654 s=0.000 lv=-38.0 pk=-35.6 c0=4.7 c1=11.1 kw=10.17 inf=2.51 iv=1.27 n=4 d=0 sk=0 hf=98144 hm=96888 ht=283428 pf=0 pm=0 pt=0 ru=233404 rp=234660
18:02:37.656 @T t=512740 s=0.000 lv=-41.4 pk=-39.2 c0=5.2 c1=8.4 kw=8.19 inf=3.23 iv=1.28 n=2 d=0 sk=0 hf=98144 hm=96888 ht=283428 pf=0 pm=0 pt=0 ru=233404 rp=234660
18:02:37.656 @T t=512846 s=0.000 lv=-40.5 pk=-39.5 c0=4.3 c1=11.3 kw=11.09 inf=2.72 iv=1.25 n=4 d=0 sk=0 hf=98144 hm=96888 ht=283428 pf=0 pm=0 pt=0 ru=233404 rp=234660
18:02:37.656 @T t=512952 s=0.000 lv=-43.3 pk=-42.2 c0=4.3 c1=10.2 kw=9.95 inf=2.45 iv=1.24 n=4 d=0 sk=0 hf=98144 hm=96888 ht=283428 pf=0 pm=0 pt=0 ru=233404 rp=234660
18:02:37.656 @T t=513058 s=0.000 lv=-41.7 pk=-40.5 c0=4.2 c1=9.1 kw=8.92 inf=2.91 iv=1.30 n=3 d=0 sk=0 hf=98144 hm=96888 ht=283428 pf=0 pm=0 pt=0 ru=233404 rp=234660
18:02:37.656 @T t=513144 s=0.000 lv=-42.4 pk=-41.8 c0=4.4 c1=9.6 kw=9.38 inf=2.50 iv=1.22 n=3 d=0 sk=0 hf=98144 hm=96888 ht=283428 pf=0 pm=0 pt=0 ru=233404 rp=234660
18:02:37.656 @I ww=marvin cut=0.50 win=5 cool=1000 tick=100 wifi=0 srv=0 li=0 ln=0
18:02:40.255 @T t=513239 s=0.000 lv=-39.9 pk=-38.9 c0=16.0 c1=10.1 kw=9.83 inf=2.86 iv=1.20 n=3 d=0 sk=0 hf=98144 hm=96888 ht=283428 pf=0 pm=0 pt=0 ru=233404 rp=234660
18:02:40.255 @T t=513345 s=0.000 lv=-38.7 pk=-36.3 c0=3.4 c1=9.0 kw=8.66 inf=2.78 iv=1.17 n=3 d=0 sk=0 hf=98144 hm=96888 ht=283428 pf=0 pm=0 pt=0 ru=233404 rp=234660
18:02:40.255 @T t=513451 s=0.000 lv=-39.4 pk=-37.9 c0=3.4 c1=10.5 kw=10.53 inf=2.62 iv=1.19 n=4 d=0 sk=0 hf=98144 hm=96888 ht=283428 pf=0 pm=0 pt=0 ru=233404 rp=234660
18:02:40.256 @T t=513557 s=0.000 lv=-38.8 pk=-36.2 c0=7.0 c1=9.9 kw=9.69 inf=2.39 iv=1.18 n=4 d=0 sk=0 hf=98144 hm=96888 ht=283428 pf=0 pm=0 pt=0 ru=233404 rp=234660
18:02:40.256 @T t=513643 s=0.000 lv=-39.9 pk=-39.1 c0=4.7 c1=9.8 kw=8.69 inf=3.45 iv=1.47 n=2 d=0 sk=0 hf=98144 hm=96888 ht=283428 pf=0 pm=0 pt=0 ru=233404 rp=234660
18:02:40.256 @T t=513749 s=0.000 lv=-39.3 pk=-37.8 c0=6.0 c1=10.7 kw=10.51 inf=2.57 iv=1.12 n=4 d=0 sk=0 hf=98144 hm=96888 ht=283428 pf=0 pm=0 pt=0 ru=233404 rp=234660
18:02:40.256 @T t=513855 s=0.000 lv=-39.0 pk=-38.3 c0=3.5 c1=9.7 kw=9.53 inf=2.35 iv=1.15 n=4 d=0 sk=0 hf=98144 hm=96888 ht=283428 pf=0 pm=0 pt=0 ru=233404 rp=234660
18:02:40.256 @T t=513941 s=0.000 lv=-40.1 pk=-39.1 c0=8.6 c1=8.4 kw=8.15 inf=3.22 iv=1.28 n=2 d=0 sk=0 hf=98144 hm=96888 ht=283428 pf=0 pm=0 pt=0 ru=233404 rp=234660
18:02:40.256 @T t=514047 s=0.000 lv=-39.9 pk=-38.5 c0=3.4 c1=10.7 kw=10.48 inf=2.57 iv=1.13 n=4 d=0 sk=0 hf=98144 hm=96888 ht=283428 pf=0 pm=0 pt=0 ru=233404 rp=234660
18:02:40.256 @T t=514153 s=0.000 lv=-39.7 pk=-37.7 c0=3.3 c1=7.6 kw=7.38 inf=2.38 iv=1.21 n=2 d=0 sk=1 hf=98144 hm=96888 ht=283428 pf=0 pm=0 pt=0 ru=233404 rp=234660
18:02:40.256 @I ww=marvin cut=0.50 win=5 cool=1000 tick=100 wifi=0 srv=0 li=0 ln=0
18:02:40.256 @T t=514245 s=0.000 lv=-38.5 pk=-38.0 c0=15.5 c1=5.3 kw=4.79 inf=1.24 iv=0.00 n=0 d=0 sk=3 hf=98144 hm=96888 ht=283428 pf=0 pm=0 pt=0 ru=233404 rp=234660
18:02:40.256 @T t=514351 s=0.000 lv=-40.9 pk=-40.5 c0=3.7 c1=6.2 kw=5.90 inf=1.86 iv=0.00 n=0 d=0 sk=3 hf=98144 hm=96888 ht=283428 pf=0 pm=0 pt=0 ru=233404 rp=234660
18:02:40.256 @T t=514457 s=0.000 lv=-39.1 pk=-35.8 c0=7.1 c1=5.1 kw=4.99 inf=1.54 iv=0.00 n=0 d=0 sk=3 hf=98144 hm=96888 ht=283428 pf=0 pm=0 pt=0 ru=233404 rp=234660
18:02:40.256 @T t=514543 s=0.000 lv=-38.5 pk=-37.9 c0=4.8 c1=5.2 kw=5.01 inf=1.88 iv=0.00 n=0 d=0 sk=2 hf=98144 hm=96888 ht=283428 pf=0 pm=0 pt=0 ru=233404 rp=234660
18:02:40.256 @T t=514649 s=0.000 lv=-41.6 pk=-40.2 c0=4.5 c1=7.0 kw=6.03 inf=1.39 iv=0.00 n=0 d=0 sk=4 hf=98144 hm=96888 ht=283428 pf=0 pm=0 pt=0 ru=233404 rp=234660
18:02:40.256 @T t=514755 s=0.000 lv=-37.9 pk=-36.9 c0=4.0 c1=5.2 kw=5.03 inf=1.55 iv=0.00 n=0 d=0 sk=3 hf=98144 hm=96888 ht=283428 pf=0 pm=0 pt=0 ru=233404 rp=234660
18:02:40.256 @T t=514841 s=0.000 lv=-38.9 pk=-37.9 c0=4.6 c1=5.0 kw=4.82 inf=1.81 iv=0.00 n=0 d=0 sk=2 hf=98144 hm=96888 ht=283428 pf=0 pm=0 pt=0 ru=233404 rp=234660
18:02:40.256 @T t=514947 s=0.000 lv=-40.0 pk=-38.1 c0=6.4 c1=6.1 kw=5.97 inf=1.38 iv=0.00 n=0 d=0 sk=4 hf=98144 hm=96888 ht=283428 pf=0 pm=0 pt=0 ru=233404 rp=234660
18:02:40.256 @T t=515053 s=0.000 lv=-36.4 pk=-35.0 c0=3.9 c1=15.4 kw=15.18 inf=1.19 iv=0.97 n=11 d=0 sk=2 hf=98144 hm=96888 ht=283428 pf=0 pm=0 pt=0 ru=233404 rp=234660
18:02:40.256 @T t=515139 s=0.000 lv=-36.3 pk=-35.3 c0=5.1 c1=8.3 kw=8.08 inf=3.18 iv=1.22 n=2 d=0 sk=0 hf=98144 hm=96888 ht=283428 pf=0 pm=0 pt=0 ru=233404 rp=234660
18:02:40.256 @I ww=marvin cut=0.50 win=5 cool=1000 tick=100 wifi=0 srv=0 li=0 ln=0
18:02:40.256 @T t=515250 s=0.000 lv=-37.3 pk=-35.5 c0=4.9 c1=10.6 kw=10.39 inf=2.67 iv=1.22 n=4 d=0 sk=0 hf=98144 hm=96888 ht=283428 pf=0 pm=0 pt=0 ru=233404 rp=234660
18:02:40.256 @T t=515356 s=0.000 lv=-39.2 pk=-37.8 c0=4.2 c1=10.1 kw=9.90 inf=2.44 iv=1.23 n=4 d=0 sk=0 hf=98144 hm=96888 ht=283428 pf=0 pm=0 pt=0 ru=233404 rp=234660
18:02:40.256 @T t=515442 s=0.000 lv=-40.6 pk=-39.7 c0=4.1 c1=8.2 kw=8.03 inf=3.17 iv=1.25 n=2 d=0 sk=0 hf=98144 hm=96888 ht=283428 pf=0 pm=0 pt=0 ru=233404 rp=234660
18:02:40.256 @T t=515548 s=0.000 lv=-35.5 pk=-32.5 c0=4.2 c1=11.1 kw=10.82 inf=2.65 iv=1.20 n=4 d=0 sk=0 hf=98144 hm=96888 ht=283428 pf=0 pm=0 pt=0 ru=233404 rp=234660
18:02:40.256 @T t=515654 s=0.002 lv=-39.4 pk=-37.5 c0=7.5 c1=11.1 kw=10.14 inf=2.51 iv=1.27 n=4 d=0 sk=0 hf=98144 hm=96888 ht=283428 pf=0 pm=0 pt=0 ru=233404 rp=234660
18:02:40.256 @T t=515740 s=0.004 lv=-40.7 pk=-39.4 c0=4.1 c1=8.2 kw=7.98 inf=3.15 iv=1.24 n=2 d=0 sk=0 hf=98144 hm=96888 ht=283428 pf=0 pm=0 pt=0 ru=233404 rp=234660
