23:22:49.500 ESP-ROM:esp32s3-20210327
23:22:49.500 Build:Mar 27 2021
23:22:49.500 rst:0x1 (POWERON),boot:0x8 (SPI_FAST_FLASH_BOOT)
23:22:49.500 SPIWP:0xee
23:22:49.500 mode:DIO, clock div:1
23:22:49.500 load:0x3fce2820,len:0x1668
23:22:49.501 load:0x403c8700,len:0xec0
23:22:49.501 load:0x403cb700,len:0x3178
23:22:49.501 entry 0x403c894c
23:22:49.501 I (24) boot: ESP-IDF v5.5.5 2nd stage bootloader
23:22:49.501 I (25) boot: compile time Sep 27 2026 18:23:27
23:22:49.501 I (25) boot: Multicore bootloader
23:22:49.501 I (25) boot: chip revision: v0.2
23:22:49.501 I (28) boot: efuse block revision: v1.4
23:22:49.501 I (31) qio_mode: Enabling default flash chip QIO
23:22:49.504 I (36) boot.esp32s3: Boot SPI Speed : 80MHz
23:22:49.504 I (40) boot.esp32s3: SPI Mode       : QIO
23:22:49.504 I (43) boot.esp32s3: SPI Flash Size : 4MB
23:22:49.504 I (47) boot: Enabling RNG early entropy source...
23:22:49.504 I (52) boot: Partition Table:
23:22:49.504 I (54) boot: ## Label            Usage          Type ST Offset   Length
23:22:49.504 I (60) boot:  0 nvs              WiFi data        01 02 00009000 00006000
23:22:49.504 I (67) boot:  1 phy_init         RF data          01 01 0000f000 00001000
23:22:49.504 I (73) boot:  2 factory          factory app      00 00 00010000 00177000
23:22:49.504 I (80) boot: End of partition table
23:22:49.504 I (83) esp_image: segment 0: paddr=00010020 vaddr=3c0e0020 size=36e30h (224816) map
23:22:49.504 I (125) esp_image: segment 1: paddr=00046e58 vaddr=3fc9ff00 size=050cch ( 20684) load
23:22:49.504 I (130) esp_image: segment 2: paddr=0004bf2c vaddr=40378000 size=040ech ( 16620) load
23:22:49.504 I (133) esp_image: segment 3: paddr=00050020 vaddr=42000020 size=dbf84h (900996) map
23:22:49.504 I (276) esp_image: segment 4: paddr=0012bfac vaddr=4037c0ec size=13d10h ( 81168) load
23:22:49.504 I (293) esp_image: segment 5: paddr=0013fcc4 vaddr=50000000 size=00020h (    32) load
23:22:49.504 I (302) boot: Loaded app from partition at offset 0x10000
23:22:49.504 I (302) boot: Disabling RNG early entropy source...
23:22:49.504 I (312) cpu_start: Multicore app
23:22:49.505 I (321) cpu_start: GPIO 44 and 43 are used as console UART I/O pins
23:22:49.505 I (321) cpu_start: Pro cpu start user code
23:22:49.505 I (321) cpu_start: cpu freq: 240000000 Hz
23:22:49.505 I (323) app_init: Application information:
23:22:49.505 I (327) app_init: Project name:     kws_s3
23:22:49.505 I (331) app_init: App version:      1
23:22:49.505 I (334) app_init: Compile time:     Sep 28 2026 15:07:03
23:22:49.505 I (339) app_init: ELF file SHA256:  debcb2ac6...
23:22:49.505 I (344) app_init: ESP-IDF:          v5.5.5
23:22:49.505 I (347) efuse_init: Min chip rev:     v0.0
23:22:49.505 I (351) efuse_init: Max chip rev:     v0.99
23:22:49.505 I (355) efuse_init: Chip rev:         v0.2
23:22:49.505 I (359) heap_init: Initializing. RAM available for dynamic allocation:
23:22:49.505 I (365) heap_init: At 3FCABAF8 len 0003DC18 (247 KiB): RAM
23:22:49.505 I (370) heap_init: At 3FCE9710 len 00005724 (21 KiB): RAM
23:22:49.505 I (376) heap_init: At 600FE000 len 00001FE8 (7 KiB): RTCRAM
23:22:49.505 I (382) spi_flash: detected chip: boya
23:22:49.505 I (384) spi_flash: flash io: qio
23:22:49.505 W (387) spi_flash: Detected size(16384k) larger than the size in the binary image header(4096k). Using the size in the binary image header.
23:22:49.505 I (400) sleep_gpio: Configure to isolate all GPIO pins in sleep state
23:22:49.505 I (406) sleep_gpio: Enable automatic switching of GPIO sleep configuration
23:22:49.505 I (413) main_task: Started on CPU0
23:22:49.505 I (431) main_task: Calling app_main()
23:22:49.505 
23:22:49.505 ==================== SIH KWS firmware ====================
23:22:49.505  chip      : esp32s3 rev v0.2, 2 cores, flash 4 MB
23:22:49.505  ESP-IDF   : v5.5.5
23:22:49.505  RAM       : 46 KB static data, 248 KB heap free (code in IRAM: 95 KB, not counted)
23:22:49.505  model     : marvin.tflite (60896 bytes, stored in flash)
23:22:49.505 ===========================================================
23:22:49.505 
23:22:49.505 I (489) kws: model ready: wake word "marvin", threshold 0.50 (json), window 5, input 3x40 int8
23:22:49.505 I (490) kws: model RAM: tensor arena 25580 of 30000 bytes used; engine total 41 KB of heap
23:22:49.734 
23:22:49.734 ------------------------ SELF-TEST ------------------------
23:22:49.734  noise only (3 s)   : PASS - stayed quiet  (highest score 0.01, threshold 0.50)
23:22:49.734  wake word recording: skipped - no WAV file in the model folder (optional)
23:22:49.734 -----------------------------------------------------------
23:22:49.734 
23:22:49.734 I (725) audio: I2S running: 16 kHz, 32-bit slots, both channels, SCK=16 WS=15 SD=17, gain x1
23:22:51.383 I (1227) kws: microphones: left (L/R to GND) -20.8 dBFS, right (L/R to 3V3) -16.6 dBFS, similarity 0.10 -> using both (average)
23:22:51.384 I (1233) kws: listening for "marvin" ...
23:22:51.384 I (1234) pp: pp rom version: e7ae62f
23:22:51.384 I (1239) net80211: net80211 rom version: e7ae62f
23:22:51.384 I (1245) wifi:wifi driver task: 3fcca69c, prio:23, stack:6656, core=0
23:22:51.384 I (1256) wifi:wifi firmware version: b9f67df
23:22:51.384 I (1257) wifi:wifi certification version: v7.0
23:22:51.384 I (1258) wifi:config NVS flash: enabled
23:22:51.384 I (1262) wifi:config nano formatting: disabled
23:22:51.384 I (1262) wifi:Init data frame dynamic rx buffer num: 16
23:22:51.384 I (1268) wifi:Init static rx mgmt buffer num: 5
23:22:51.384 I (1273) wifi:Init management short buffer num: 32
23:22:51.384 I (1278) wifi:Init dynamic tx buffer num: 16
23:22:51.384 I (1284) wifi:Init static tx FG buffer num: 2
23:22:51.384 I (1284) wifi:Init static rx buffer size: 1600
23:22:51.384 I (1290) wifi:Init static rx buffer num: 6
23:22:51.384 I (1295) wifi:Init dynamic rx buffer num: 16
23:22:51.384 I (1301) wifi_init: accept mbox: 6
23:22:51.384 I (1301) wifi_init: tcpip mbox: 32
23:22:51.384 I (1306) wifi_init: udp mbox: 6
23:22:51.384 I (1306) wifi_init: tcp mbox: 6
23:22:51.384 I (1312) wifi_init: tcp tx win: 5760
23:22:51.384 I (1312) wifi_init: tcp rx win: 5760
23:22:51.384 I (1317) wifi_init: tcp mss: 1440
23:22:51.384 I (1318) wifi_init: WiFi IRAM OP enabled
23:22:51.384 I (1323) wifi_init: WiFi RX IRAM OP enabled
23:22:51.385 I (1329) phy_init: phy_version 712,87e8c20e,Apr 13 2026,18:51:10
23:22:51.385 I (1367) wifi:mode : sta (e0:72:a1:d5:32:74)
23:22:51.385 I (1368) wifi:enable tsf
23:22:51.385 I (1370) wifi:Set ps type: 0, coexist: 0
23:22:51.385 
23:22:51.385 I (1371) wifi: connecting to "ARYA 9252" ...
23:22:51.385 W (1376) stream: cannot reach the server ws://192.168.137.1:3000/ws (is it running? same network?) - retrying every second
23:22:51.385 I (1456) wifi:state: init -> auth (0xb0)
23:22:51.385 I (1461) wifi:state: auth -> assoc (0x0)
23:22:51.385 I (1465) wifi:state: assoc -> run (0x10)
23:22:51.385 @T t=1096 s=0.017 lv=-37.2 pk=-34.1 c0=-1.0 c1=-1.0 kw=24.86 inf=3.33 iv=1.66 n=7 d=0 sk=0 hf=98004 hm=97360 ht=283428 pf=0 pm=0 pt=0 ru=233544 rp=234188
23:22:51.386 @I ww=marvin cut=0.50 win=5 cool=1000 tick=100 wifi=0 srv=0 li=0 ln=0
23:22:51.386 I (1501) wifi:connected with ARYA 9252, aid = 10, channel 1, BW20, bssid = 9a:5f:41:45:73:c9
23:22:51.386 I (1503) wifi:security: WPA2-PSK, phy: bgn, rssi: -17, cipher(pairwise:0x3, group:0x3), pmf:0
23:22:51.386 I (1512) wifi:pm start, type: 0
23:22:51.386 
23:22:51.386 I (1512) wifi:dp: 1, bi: 102400, li: 3, scale listen interval from 307200 us to 307200 us
23:22:51.386 I (1523) wifi:set rx beacon pti, rx_bcn_pti: 0, bcn_timeout: 25000, mt_pti: 0, mt_time: 10000
23:22:51.387 I (1529) wifi:AP's beacon interval = 102400 us, DTIM period = 3
23:22:51.387 @T t=1214 s=0.021 lv=-40.0 pk=-38.3 c0=41.3 c1=11.6 kw=10.94 inf=3.01 iv=1.47 n=4 d=0 sk=0 hf=97284 hm=95752 ht=283428 pf=0 pm=0 pt=0 ru=234264 rp=235796
23:22:51.387 @T t=1301 s=0.009 lv=-40.9 pk=-40.6 c0=5.3 c1=10.8 kw=9.87 inf=2.66 iv=1.33 n=3 d=0 sk=0 hf=97264 hm=94580 ht=283428 pf=0 pm=0 pt=0 ru=234284 rp=236968
23:22:51.387 @T t=1407 s=0.007 lv=-40.0 pk=-38.1 c0=3.5 c1=10.8 kw=10.60 inf=2.60 iv=1.15 n=4 d=0 sk=0 hf=97264 hm=94580 ht=283428 pf=0 pm=0 pt=0 ru=234284 rp=236968
23:22:51.388 @T t=1513 s=0.002 lv=-40.8 pk=-39.6 c0=3.4 c1=8.7 kw=8.56 inf=2.79 iv=1.18 n=3 d=0 sk=0 hf=97264 hm=94580 ht=283428 pf=0 pm=0 pt=0 ru=234284 rp=236968
23:22:51.388 @T t=1599 s=0.000 lv=-38.8 pk=-37.6 c0=4.2 c1=9.5 kw=9.33 inf=2.48 iv=1.20 n=3 d=0 sk=0 hf=97264 hm=94580 ht=283428 pf=0 pm=0 pt=0 ru=234284 rp=236968
23:22:51.388 @T t=1705 s=0.000 lv=-40.7 pk=-39.2 c0=6.1 c1=9.2 kw=8.77 inf=2.82 iv=1.20 n=3 d=0 sk=0 hf=97284 hm=94580 ht=283428 pf=0 pm=0 pt=0 ru=234264 rp=236968
23:22:51.388 @T t=1811 s=0.002 lv=-40.8 pk=-40.1 c0=4.0 c1=11.3 kw=11.25 inf=2.80 iv=1.35 n=4 d=0 sk=0 hf=97284 hm=94580 ht=283428 pf=0 pm=0 pt=0 ru=234264 rp=236968
23:22:51.388 @T t=1897 s=0.002 lv=-41.5 pk=-40.3 c0=5.2 c1=10.1 kw=9.85 inf=2.63 iv=1.32 n=3 d=0 sk=0 hf=97284 hm=94580 ht=283428 pf=0 pm=0 pt=0 ru=234264 rp=236968
23:22:51.389 @T t=2006 s=0.002 lv=-40.6 pk=-39.4 c0=3.9 c1=10.5 kw=8.49 inf=2.80 iv=1.19 n=3 d=0 sk=0 hf=97284 hm=94580 ht=283428 pf=0 pm=0 pt=0 ru=234264 rp=236968
23:22:51.389 @T t=2112 s=0.005 lv=-39.3 pk=-38.9 c0=3.7 c1=10.5 kw=11.49 inf=2.87 iv=1.41 n=4 d=0 sk=0 hf=97284 hm=94580 ht=283428 pf=0 pm=0 pt=0 ru=234264 rp=236968
23:22:51.389 @I ww=marvin cut=0.50 win=5 cool=1000 tick=100 wifi=0 srv=0 li=0 ln=0
23:22:53.786 @T t=2203 s=0.003 lv=-40.1 pk=-39.2 c0=4.9 c1=9.1 kw=8.88 inf=2.50 iv=1.20 n=3 d=0 sk=0 hf=97284 hm=94580 ht=283428 pf=0 pm=0 pt=0 ru=234264 rp=236968
23:22:53.786 I (2633) esp_netif_handlers: sta ip: 192.168.137.250, mask: 255.255.255.0, gw: 192.168.137.1
23:22:53.786 I (2634) wifi: connected, IP address 192.168.137.250
23:22:53.787 @T t=2309 s=0.001 lv=-40.4 pk=-39.2 c0=11.6 c1=11.3 kw=11.08 inf=2.71 iv=1.24 n=4 d=0 sk=0 hf=97304 hm=94580 ht=283428 pf=0 pm=0 pt=0 ru=234244 rp=236968
23:22:53.787 @T t=2395 s=0.000 lv=-40.9 pk=-40.2 c0=4.2 c1=8.3 kw=8.12 inf=3.21 iv=1.26 n=2 d=0 sk=0 hf=97304 hm=94580 ht=283428 pf=0 pm=0 pt=0 ru=234244 rp=236968
23:22:53.787 @T t=2501 s=0.000 lv=-40.8 pk=-39.6 c0=3.3 c1=8.8 kw=8.60 inf=2.80 iv=1.20 n=3 d=0 sk=0 hf=97304 hm=94580 ht=283428 pf=0 pm=0 pt=0 ru=234244 rp=236968
23:22:53.787 @T t=2607 s=0.000 lv=-41.7 pk=-40.3 c0=3.3 c1=6.1 kw=5.94 inf=1.37 iv=0.00 n=0 d=0 sk=4 hf=97304 hm=94580 ht=283428 pf=0 pm=0 pt=0 ru=234244 rp=236968
23:22:53.787 @T t=2713 s=0.000 lv=-40.6 pk=-39.6 c0=3.0 c1=5.1 kw=4.93 inf=1.52 iv=0.00 n=0 d=0 sk=3 hf=97304 hm=94580 ht=283428 pf=0 pm=0 pt=0 ru=234244 rp=236968
23:22:53.787 @T t=2799 s=0.000 lv=-41.2 pk=-40.5 c0=3.7 c1=5.0 kw=4.84 inf=1.81 iv=0.00 n=0 d=0 sk=2 hf=97304 hm=94580 ht=283428 pf=0 pm=0 pt=0 ru=234244 rp=236968
23:22:53.787 @T t=2905 s=0.000 lv=-40.0 pk=-38.9 c0=3.6 c1=5.5 kw=5.08 inf=1.53 iv=0.00 n=0 d=0 sk=3 hf=97304 hm=94580 ht=283428 pf=0 pm=0 pt=0 ru=234244 rp=236968
23:22:53.787 I (3392) stream: connected to the server ws://192.168.137.1:3000/ws
23:22:53.787 @T t=3013 s=0.000 lv=-40.2 pk=-38.7 c0=8.6 c1=8.6 kw=6.77 inf=2.15 iv=0.00 n=0 d=0 sk=3 hf=96584 hm=93240 ht=283428 pf=0 pm=0 pt=0 ru=234964 rp=238308
23:22:53.787 @T t=3102 s=0.000 lv=-40.0 pk=-39.2 c0=3.4 c1=5.5 kw=4.74 inf=1.88 iv=0.00 n=0 d=0 sk=2 hf=96584 hm=93240 ht=283428 pf=0 pm=0 pt=0 ru=234964 rp=238308
23:22:53.787 @I ww=marvin cut=0.50 win=5 cool=1000 tick=100 wifi=1 srv=1 li=0 ln=0
23:22:53.787 @T t=3214 s=0.000 lv=-40.0 pk=-37.7 c0=3.6 c1=5.7 kw=5.56 inf=1.36 iv=0.00 n=0 d=0 sk=4 hf=96584 hm=93240 ht=283428 pf=0 pm=0 pt=0 ru=234964 rp=238308
23:22:53.787 @T t=3300 s=0.000 lv=-39.7 pk=-38.9 c0=8.1 c1=5.6 kw=4.94 inf=1.86 iv=0.00 n=0 d=0 sk=2 hf=96584 hm=93240 ht=283428 pf=0 pm=0 pt=0 ru=234964 rp=238308
23:22:53.787 @T t=3406 s=0.000 lv=-38.6 pk=-36.5 c0=3.6 c1=6.1 kw=5.97 inf=1.38 iv=0.00 n=0 d=0 sk=4 hf=96584 hm=93240 ht=283428 pf=0 pm=0 pt=0 ru=234964 rp=238308
23:22:53.787 @T t=3512 s=0.000 lv=-40.0 pk=-38.2 c0=3.2 c1=5.1 kw=4.95 inf=1.52 iv=0.00 n=0 d=0 sk=3 hf=96584 hm=93240 ht=283428 pf=0 pm=0 pt=0 ru=234964 rp=238308
23:22:53.787 @T t=3598 s=0.000 lv=-37.6 pk=-36.7 c0=3.8 c1=5.0 kw=4.87 inf=1.83 iv=0.00 n=0 d=0 sk=2 hf=96584 hm=93240 ht=283428 pf=0 pm=0 pt=0 ru=234964 rp=238308
23:22:53.787 @T t=3704 s=0.000 lv=-39.5 pk=-38.4 c0=3.0 c1=5.1 kw=4.92 inf=1.51 iv=0.00 n=0 d=0 sk=3 hf=96584 hm=93240 ht=283428 pf=0 pm=0 pt=0 ru=234964 rp=238308
23:22:53.787 @T t=3810 s=0.000 lv=-37.8 pk=-34.4 c0=6.3 c1=10.2 kw=5.06 inf=0.57 iv=0.00 n=5 d=0 sk=3 hf=96584 hm=93240 ht=283428 pf=0 pm=0 pt=0 ru=234964 rp=238308
23:22:53.787 @T t=3896 s=0.000 lv=-37.6 pk=-36.3 c0=5.0 c1=16.9 kw=22.75 inf=2.37 iv=1.76 n=8 d=0 sk=0 hf=96572 hm=93240 ht=283428 pf=0 pm=0 pt=0 ru=234976 rp=238308
23:22:53.787 @T t=4002 s=0.000 lv=-38.5 pk=-37.4 c0=3.6 c1=8.7 kw=8.53 inf=2.78 iv=1.18 n=3 d=0 sk=0 hf=96572 hm=93240 ht=283428 pf=0 pm=0 pt=0 ru=234976 rp=238308
23:22:53.787 @T t=4108 s=0.000 lv=-39.4 pk=-38.0 c0=6.7 c1=11.7 kw=11.15 inf=2.74 iv=1.28 n=4 d=0 sk=0 hf=96572 hm=93228 ht=283428 pf=0 pm=0 pt=0 ru=234976 rp=238320
23:22:53.787 @I ww=marvin cut=0.50 win=5 cool=1000 tick=100 wifi=1 srv=1 li=0 ln=0
23:22:53.787 I (4506) wifi:[ADDBA]RX DELBA, reason:37, delete tid:0, initiator:1(originator)
23:22:53.787 @T t=4199 s=0.000 lv=-40.8 pk=-40.0 c0=7.1 c1=9.2 kw=9.02 inf=2.54 iv=1.22 n=3 d=0 sk=0 hf=96572 hm=93228 ht=283428 pf=0 pm=0 pt=0 ru=234976 rp=238320
23:22:53.787 @T t=4305 s=0.000 lv=-38.5 pk=-35.6 c0=7.2 c1=10.1 kw=9.66 inf=3.13 iv=1.33 n=3 d=0 sk=0 hf=96572 hm=93228 ht=283428 pf=0 pm=0 pt=0 ru=234976 rp=238320
23:22:53.787 @T t=4414 s=0.000 lv=-34.5 pk=-32.2 c0=9.0 c1=10.6 kw=10.61 inf=2.72 iv=1.29 n=4 d=0 sk=0 hf=96572 hm=93228 ht=283428 pf=0 pm=0 pt=0 ru=234976 rp=238320
23:22:53.787 @T t=4500 s=0.000 lv=-35.4 pk=-33.3 c0=4.0 c1=9.3 kw=8.97 inf=2.38 iv=1.12 n=3 d=0 sk=0 hf=96572 hm=93228 ht=283428 pf=0 pm=0 pt=0 ru=234976 rp=238320
23:22:56.300 @T t=4606 s=0.000 lv=-38.0 pk=-34.7 c0=3.8 c1=9.8 kw=8.53 inf=2.73 iv=1.13 n=3 d=0 sk=0 hf=96572 hm=93228 ht=283428 pf=0 pm=0 pt=0 ru=234976 rp=238320
23:22:56.300 @T t=4712 s=0.000 lv=-40.2 pk=-38.8 c0=3.4 c1=9.7 kw=10.18 inf=2.52 iv=1.11 n=4 d=0 sk=0 hf=96572 hm=93228 ht=283428 pf=0 pm=0 pt=0 ru=234976 rp=238320
23:22:56.300 @T t=4798 s=0.000 lv=-39.5 pk=-38.0 c0=4.1 c1=9.4 kw=9.24 inf=2.46 iv=1.18 n=3 d=0 sk=0 hf=96572 hm=93228 ht=283428 pf=0 pm=0 pt=0 ru=234976 rp=238320
23:22:56.300 @T t=4904 s=0.000 lv=-39.8 pk=-39.0 c0=7.1 c1=9.0 kw=8.81 inf=2.88 iv=1.26 n=3 d=0 sk=0 hf=96584 hm=93228 ht=283428 pf=0 pm=0 pt=0 ru=234964 rp=238320
23:22:56.301 @T t=5013 s=0.000 lv=-40.6 pk=-38.9 c0=3.5 c1=10.8 kw=10.58 inf=2.66 iv=1.20 n=4 d=0 sk=0 hf=96584 hm=93228 ht=283428 pf=0 pm=0 pt=0 ru=234964 rp=238320
23:22:56.301 @T t=5099 s=0.000 lv=-40.2 pk=-40.0 c0=4.7 c1=9.5 kw=9.32 inf=2.48 iv=1.20 n=3 d=0 sk=0 hf=96584 hm=93228 ht=283428 pf=0 pm=0 pt=0 ru=234964 rp=238320
23:22:56.301 @I ww=marvin cut=0.50 win=5 cool=1000 tick=100 wifi=1 srv=1 li=0 ln=0
23:22:56.301 @T t=5211 s=0.000 lv=-40.1 pk=-39.5 c0=11.3 c1=10.2 kw=9.99 inf=2.59 iv=1.14 n=4 d=0 sk=0 hf=96584 hm=93228 ht=283428 pf=0 pm=0 pt=0 ru=234964 rp=238320
23:22:56.301 @T t=5297 s=0.000 lv=-40.1 pk=-38.4 c0=4.3 c1=8.3 kw=8.08 inf=3.19 iv=1.26 n=2 d=0 sk=0 hf=96584 hm=93228 ht=283428 pf=0 pm=0 pt=0 ru=234964 rp=238320
23:22:56.301 @T t=5403 s=0.000 lv=-39.9 pk=-38.9 c0=3.4 c1=9.8 kw=9.60 inf=2.37 iv=1.16 n=4 d=0 sk=0 hf=96584 hm=93228 ht=283428 pf=0 pm=0 pt=0 ru=234964 rp=238320
23:22:56.301 @T t=5507 s=0.000 lv=-39.5 pk=-38.3 c0=3.3 c1=11.0 kw=10.76 inf=2.58 iv=1.14 n=4 d=0 sk=0 hf=96584 hm=93228 ht=283428 pf=0 pm=0 pt=0 ru=234964 rp=238320
23:22:56.302 @T t=5613 s=0.000 lv=-39.8 pk=-38.3 c0=3.4 c1=8.7 kw=8.54 inf=2.79 iv=1.17 n=3 d=0 sk=0 hf=96584 hm=93228 ht=283428 pf=0 pm=0 pt=0 ru=234964 rp=238320
23:22:56.302 @T t=5699 s=0.000 lv=-40.2 pk=-40.0 c0=4.6 c1=10.0 kw=9.72 inf=2.59 iv=1.29 n=3 d=0 sk=0 hf=96584 hm=93228 ht=283428 pf=0 pm=0 pt=0 ru=234964 rp=238320
23:22:56.302 @T t=5805 s=0.000 lv=-40.4 pk=-39.2 c0=3.5 c1=9.0 kw=8.65 inf=2.78 iv=1.17 n=3 d=0 sk=0 hf=96584 hm=93228 ht=283428 pf=0 pm=0 pt=0 ru=234964 rp=238320
23:22:56.302 @T t=5914 s=0.000 lv=-39.9 pk=-38.6 c0=9.2 c1=10.7 kw=10.64 inf=2.72 iv=1.28 n=4 d=0 sk=0 hf=96572 hm=93228 ht=283428 pf=0 pm=0 pt=0 ru=234976 rp=238320
23:22:56.303 @T t=6000 s=0.000 lv=-39.9 pk=-38.2 c0=7.7 c1=9.6 kw=9.33 inf=2.49 iv=1.20 n=3 d=0 sk=0 hf=96572 hm=93228 ht=283428 pf=0 pm=0 pt=0 ru=234976 rp=238320
23:22:56.303 @T t=6106 s=0.000 lv=-40.2 pk=-39.1 c0=6.6 c1=9.1 kw=8.63 inf=2.76 iv=1.25 n=2 d=0 sk=1 hf=96572 hm=93228 ht=283428 pf=0 pm=0 pt=0 ru=234976 rp=238320
23:22:56.303 @I ww=marvin cut=0.50 win=5 cool=1000 tick=100 wifi=1 srv=1 li=0 ln=0
23:22:56.303 @T t=6197 s=0.000 lv=-38.9 pk=-38.7 c0=4.7 c1=4.7 kw=4.66 inf=1.85 iv=0.00 n=0 d=0 sk=2 hf=96572 hm=93228 ht=283428 pf=0 pm=0 pt=0 ru=234976 rp=238320
23:22:56.303 @T t=6303 s=0.000 lv=-39.9 pk=-39.3 c0=3.6 c1=5.6 kw=4.99 inf=1.54 iv=0.00 n=0 d=0 sk=3 hf=96572 hm=93228 ht=283428 pf=0 pm=0 pt=0 ru=234976 rp=238320
23:22:56.303 @T t=6409 s=0.000 lv=-39.9 pk=-38.6 c0=3.3 c1=6.1 kw=5.95 inf=1.37 iv=0.00 n=0 d=0 sk=4 hf=96572 hm=93228 ht=283428 pf=0 pm=0 pt=0 ru=234976 rp=238320
23:22:56.303 @T t=6495 s=0.000 lv=-39.2 pk=-38.4 c0=3.6 c1=5.0 kw=4.85 inf=1.82 iv=0.00 n=0 d=0 sk=2 hf=96572 hm=93228 ht=283428 pf=0 pm=0 pt=0 ru=234976 rp=238320
23:22:56.304 @T t=6601 s=0.000 lv=-38.6 pk=-37.7 c0=3.0 c1=5.1 kw=4.92 inf=1.52 iv=0.00 n=0 d=0 sk=3 hf=96572 hm=93228 ht=283428 pf=0 pm=0 pt=0 ru=234976 rp=238320
23:22:56.304 @T t=6707 s=0.000 lv=-39.0 pk=-37.7 c0=6.3 c1=6.1 kw=5.92 inf=1.37 iv=0.00 n=0 d=0 sk=4 hf=96572 hm=93228 ht=283428 pf=0 pm=0 pt=0 ru=234976 rp=238320
23:22:56.304 @T t=6813 s=0.000 lv=-39.6 pk=-39.2 c0=3.4 c1=5.1 kw=4.98 inf=1.54 iv=0.00 n=0 d=0 sk=3 hf=96572 hm=93228 ht=283428 pf=0 pm=0 pt=0 ru=234976 rp=238320
23:22:56.304 @T t=6899 s=0.000 lv=-39.4 pk=-38.3 c0=4.1 c1=5.1 kw=4.95 inf=1.85 iv=0.00 n=0 d=0 sk=2 hf=96584 hm=93228 ht=283428 pf=0 pm=0 pt=0 ru=234964 rp=238320
23:22:56.304 @T t=7005 s=0.000 lv=-39.5 pk=-38.0 c0=6.5 c1=5.4 kw=5.06 inf=1.52 iv=0.00 n=0 d=0 sk=3 hf=96584 hm=93228 ht=283428 pf=0 pm=0 pt=0 ru=234964 rp=238320
23:22:56.304 @T t=7111 s=0.000 lv=-38.5 pk=-37.8 c0=6.9 c1=6.3 kw=5.87 inf=1.85 iv=0.00 n=0 d=0 sk=3 hf=96584 hm=93228 ht=283428 pf=0 pm=0 pt=0 ru=234964 rp=238320
23:22:58.887 @I ww=marvin cut=0.50 win=5 cool=1000 tick=100 wifi=1 srv=1 li=0 ln=0
23:22:58.887 @T t=7203 s=0.000 lv=-37.4 pk=-35.6 c0=4.5 c1=4.7 kw=4.57 inf=1.83 iv=0.00 n=0 d=0 sk=2 hf=96584 hm=93228 ht=283428 pf=0 pm=0 pt=0 ru=234964 rp=238320
23:22:58.887 @T t=7308 s=0.000 lv=-37.8 pk=-37.1 c0=3.1 c1=6.2 kw=6.00 inf=1.37 iv=0.00 n=0 d=0 sk=4 hf=96584 hm=93228 ht=283428 pf=0 pm=0 pt=0 ru=234964 rp=238320
23:22:58.887 @T t=7414 s=0.000 lv=-38.5 pk=-37.7 c0=6.3 c1=5.1 kw=4.93 inf=1.52 iv=0.00 n=0 d=0 sk=3 hf=96584 hm=93228 ht=283428 pf=0 pm=0 pt=0 ru=234964 rp=238320
23:22:58.887 @T t=7500 s=0.000 lv=-38.6 pk=-37.1 c0=3.7 c1=5.1 kw=4.87 inf=1.83 iv=0.00 n=0 d=0 sk=2 hf=96584 hm=93228 ht=283428 pf=0 pm=0 pt=0 ru=234964 rp=238320
23:22:58.887 @T t=7606 s=0.000 lv=-39.1 pk=-38.3 c0=6.3 c1=6.1 kw=5.94 inf=1.37 iv=0.00 n=0 d=0 sk=4 hf=96584 hm=93228 ht=283428 pf=0 pm=0 pt=0 ru=234964 rp=238320
23:22:58.887 @T t=7712 s=0.000 lv=-38.5 pk=-36.1 c0=6.3 c1=5.0 kw=4.90 inf=1.51 iv=0.00 n=0 d=0 sk=3 hf=96584 hm=93228 ht=283428 pf=0 pm=0 pt=0 ru=234964 rp=238320
23:22:58.887 @T t=7798 s=0.000 lv=-39.2 pk=-38.7 c0=3.7 c1=5.0 kw=4.90 inf=1.84 iv=0.00 n=0 d=0 sk=2 hf=96584 hm=93228 ht=283428 pf=0 pm=0 pt=0 ru=234964 rp=238320
23:22:58.887 @T t=7904 s=0.000 lv=-39.0 pk=-37.8 c0=6.8 c1=5.1 kw=4.93 inf=1.52 iv=0.00 n=0 d=0 sk=3 hf=96584 hm=93228 ht=283428 pf=0 pm=0 pt=0 ru=234964 rp=238320
23:22:58.887 @T t=8010 s=0.000 lv=-39.3 pk=-38.0 c0=6.6 c1=6.3 kw=6.09 inf=1.40 iv=0.00 n=0 d=0 sk=4 hf=96584 hm=93228 ht=283428 pf=0 pm=0 pt=0 ru=234964 rp=238320
23:22:58.887 @T t=8096 s=0.000 lv=-39.5 pk=-38.3 c0=11.9 c1=5.7 kw=5.09 inf=1.91 iv=0.00 n=0 d=0 sk=2 hf=96584 hm=93228 ht=283428 pf=0 pm=0 pt=0 ru=234964 rp=238320
23:22:58.887 @I ww=marvin cut=0.50 win=5 cool=1000 tick=100 wifi=1 srv=1 li=0 ln=0
23:22:58.887 @T t=8207 s=0.000 lv=-39.4 pk=-38.3 c0=3.9 c1=5.8 kw=5.65 inf=1.37 iv=0.00 n=0 d=0 sk=4 hf=96584 hm=93228 ht=283428 pf=0 pm=0 pt=0 ru=234964 rp=238320
23:22:58.887 @T t=8313 s=0.000 lv=-38.6 pk=-36.8 c0=3.6 c1=5.6 kw=5.44 inf=1.70 iv=0.00 n=0 d=0 sk=3 hf=96584 hm=93228 ht=283428 pf=0 pm=0 pt=0 ru=234964 rp=238320
23:22:58.887 @T t=8399 s=0.000 lv=-39.2 pk=-38.2 c0=4.0 c1=5.0 kw=4.89 inf=1.83 iv=0.00 n=0 d=0 sk=2 hf=96584 hm=93228 ht=283428 pf=0 pm=0 pt=0 ru=234964 rp=238320
23:22:58.887 @T t=8505 s=0.000 lv=-39.3 pk=-37.5 c0=3.1 c1=5.4 kw=5.05 inf=1.52 iv=0.00 n=0 d=0 sk=3 hf=96584 hm=93228 ht=283428 pf=0 pm=0 pt=0 ru=234964 rp=238320
23:22:58.887 @T t=8611 s=0.000 lv=-38.6 pk=-37.0 c0=6.3 c1=6.2 kw=5.78 inf=1.82 iv=0.00 n=0 d=0 sk=3 hf=96584 hm=93228 ht=283428 pf=0 pm=0 pt=0 ru=234964 rp=238320
23:22:58.887 @T t=8697 s=0.000 lv=-39.6 pk=-38.9 c0=7.6 c1=5.0 kw=4.87 inf=1.82 iv=0.00 n=0 d=0 sk=2 hf=96584 hm=93228 ht=283428 pf=0 pm=0 pt=0 ru=234964 rp=238320
23:22:58.887 @T t=8803 s=0.000 lv=-38.8 pk=-38.0 c0=3.1 c1=5.1 kw=4.95 inf=1.52 iv=0.00 n=0 d=0 sk=3 hf=96584 hm=93228 ht=283428 pf=0 pm=0 pt=0 ru=234964 rp=238320
23:22:58.887 @T t=8908 s=0.000 lv=-40.2 pk=-38.9 c0=5.8 c1=6.1 kw=5.97 inf=1.37 iv=0.00 n=0 d=0 sk=4 hf=96584 hm=93228 ht=283428 pf=0 pm=0 pt=0 ru=234964 rp=238320
23:22:58.888 @T t=9014 s=0.000 lv=-39.4 pk=-38.7 c0=3.2 c1=5.1 kw=4.94 inf=1.52 iv=0.00 n=0 d=0 sk=3 hf=96584 hm=93228 ht=283428 pf=0 pm=0 pt=0 ru=234964 rp=238320
23:22:58.888 @T t=9102 s=0.000 lv=-40.2 pk=-39.5 c0=4.4 c1=5.0 kw=4.84 inf=1.85 iv=0.00 n=0 d=0 sk=2 hf=96584 hm=93228 ht=283428 pf=0 pm=0 pt=0 ru=234964 rp=238320
23:22:58.888 @I ww=marvin cut=0.50 win=5 cool=1000 tick=100 wifi=1 srv=1 li=0 ln=0
23:22:58.888 @T t=9214 s=0.000 lv=-39.2 pk=-37.9 c0=3.9 c1=5.8 kw=5.66 inf=1.38 iv=0.00 n=0 d=0 sk=4 hf=96584 hm=93228 ht=283428 pf=0 pm=0 pt=0 ru=234964 rp=238320
23:22:58.888 @T t=9300 s=0.000 lv=-39.1 pk=-38.6 c0=7.8 c1=5.0 kw=4.88 inf=1.83 iv=0.00 n=0 d=0 sk=2 hf=96584 hm=93228 ht=283428 pf=0 pm=0 pt=0 ru=234964 rp=238320
23:22:58.888 @T t=9407 s=0.000 lv=-39.2 pk=-38.1 c0=3.1 c1=6.0 kw=5.84 inf=1.36 iv=0.00 n=0 d=0 sk=4 hf=96584 hm=93228 ht=283428 pf=0 pm=0 pt=0 ru=234964 rp=238320
23:22:58.888 @T t=9513 s=0.000 lv=-40.2 pk=-38.2 c0=3.0 c1=5.0 kw=4.89 inf=1.51 iv=0.00 n=0 d=0 sk=3 hf=96584 hm=93228 ht=283428 pf=0 pm=0 pt=0 ru=234964 rp=238320
23:22:58.888 @T t=9599 s=0.000 lv=-39.8 pk=-38.7 c0=3.7 c1=5.0 kw=4.87 inf=1.82 iv=0.00 n=0 d=0 sk=2 hf=96584 hm=93228 ht=283428 pf=0 pm=0 pt=0 ru=234964 rp=238320
23:23:01.093 @T t=9705 s=0.000 lv=-40.7 pk=-38.7 c0=3.0 c1=5.4 kw=5.04 inf=1.52 iv=0.00 n=0 d=0 sk=3 hf=96584 hm=93228 ht=283428 pf=0 pm=0 pt=0 ru=234964 rp=238320
23:23:01.093 @T t=9811 s=0.000 lv=-39.9 pk=-37.3 c0=3.0 c1=6.2 kw=5.75 inf=1.81 iv=0.00 n=0 d=0 sk=3 hf=96584 hm=93228 ht=283428 pf=0 pm=0 pt=0 ru=234964 rp=238320
23:23:01.093 @T t=9897 s=0.000 lv=-39.5 pk=-38.5 c0=8.1 c1=5.1 kw=4.90 inf=1.84 iv=0.00 n=0 d=0 sk=2 hf=96572 hm=93228 ht=283428 pf=0 pm=0 pt=0 ru=234976 rp=238320
23:23:01.093 @T t=10003 s=0.000 lv=-39.5 pk=-38.0 c0=6.6 c1=5.1 kw=4.95 inf=1.53 iv=0.00 n=0 d=0 sk=3 hf=96572 hm=93228 ht=283428 pf=0 pm=0 pt=0 ru=234976 rp=238320
23:23:01.093 @T t=10108 s=0.000 lv=-39.3 pk=-38.4 c0=6.3 c1=6.7 kw=6.16 inf=1.41 iv=0.00 n=0 d=0 sk=4 hf=96572 hm=93228 ht=283428 pf=0 pm=0 pt=0 ru=234976 rp=238320
23:23:01.093 @I ww=marvin cut=0.50 win=5 cool=1000 tick=100 wifi=1 srv=1 li=0 ln=0
23:23:01.093 @T t=10199 s=0.000 lv=-39.1 pk=-37.4 c0=5.2 c1=4.8 kw=4.69 inf=1.86 iv=0.00 n=0 d=0 sk=2 hf=96572 hm=93228 ht=283428 pf=0 pm=0 pt=0 ru=234976 rp=238320
23:23:01.093 @T t=10305 s=0.000 lv=-40.6 pk=-38.9 c0=4.1 c1=5.8 kw=5.16 inf=1.55 iv=0.00 n=0 d=0 sk=3 hf=96572 hm=93228 ht=283428 pf=0 pm=0 pt=0 ru=234976 rp=238320
23:23:01.093 @T t=10411 s=0.000 lv=-40.2 pk=-38.9 c0=6.6 c1=6.2 kw=5.78 inf=1.82 iv=0.00 n=0 d=0 sk=3 hf=96572 hm=93228 ht=283428 pf=0 pm=0 pt=0 ru=234976 rp=238320
23:23:01.093 @T t=10497 s=0.000 lv=-40.1 pk=-38.6 c0=3.7 c1=5.0 kw=4.85 inf=1.82 iv=0.00 n=0 d=0 sk=2 hf=96572 hm=93228 ht=283428 pf=0 pm=0 pt=0 ru=234976 rp=238320
23:23:01.093 @T t=10603 s=0.000 lv=-40.1 pk=-39.1 c0=3.1 c1=5.1 kw=4.94 inf=1.52 iv=0.00 n=0 d=0 sk=3 hf=96572 hm=93228 ht=283428 pf=0 pm=0 pt=0 ru=234976 rp=238320
23:23:01.093 @T t=10708 s=0.000 lv=-39.9 pk=-38.3 c0=3.0 c1=6.1 kw=5.96 inf=1.36 iv=0.00 n=0 d=0 sk=4 hf=96572 hm=93228 ht=283428 pf=0 pm=0 pt=0 ru=234976 rp=238320
23:23:01.093 @T t=10814 s=0.000 lv=-40.3 pk=-39.2 c0=3.1 c1=5.1 kw=4.91 inf=1.51 iv=0.00 n=0 d=0 sk=3 hf=96572 hm=93228 ht=283428 pf=0 pm=0 pt=0 ru=234976 rp=238320
23:23:01.093 @T t=10900 s=0.000 lv=-38.9 pk=-37.1 c0=7.9 c1=5.0 kw=4.89 inf=1.83 iv=0.00 n=0 d=0 sk=2 hf=96584 hm=93228 ht=283428 pf=0 pm=0 pt=0 ru=234964 rp=238320
23:23:01.093 @T t=11006 s=0.000 lv=-39.1 pk=-36.7 c0=6.5 c1=6.1 kw=5.92 inf=1.37 iv=0.00 n=0 d=0 sk=4 hf=96584 hm=93228 ht=283428 pf=0 pm=0 pt=0 ru=234964 rp=238320
23:23:01.093 [status] up 11s | mic -39.3 dBFS (peak -32.2) | score max 0.02 | detections 0 | inferences 138 (13.8/s; model 1.24 ms each, paused in quiet 57%; features 1.49 ms per 30 ms) | CPU core0  5.3% core1  7.2% (wake word pipeline 7.18% of one core) | RAM used 229 KB (peak 232 KB, 94 KB free) | wifi OK, server OK | audio lost since boot: i2s 0 net 0
23:23:01.093 [stacks] unused bytes: main=1936 IDLE1=720 IDLE0=728 websocket_task=1460 tiT=1956 audio_kws=1344 Tmr Svc=1368 ipc1=536 wifi=3304 esp_timer=3136 streamer=2952 sys_evt=444 ipc0=528
23:23:01.093 @T t=11097 s=0.000 lv=-38.4 pk=-38.0 c0=11.6 c1=4.9 kw=4.72 inf=1.87 iv=0.00 n=0 d=0 sk=2 hf=96584 hm=93228 ht=283428 pf=0 pm=0 pt=0 ru=234964 rp=238320
23:23:01.093 @I ww=marvin cut=0.50 win=5 cool=1000 tick=100 wifi=1 srv=1 li=0 ln=0
23:23:01.093 @T t=11209 s=0.000 lv=-38.9 pk=-37.4 c0=3.7 c1=5.7 kw=5.60 inf=1.37 iv=0.00 n=0 d=0 sk=4 hf=96584 hm=93228 ht=283428 pf=0 pm=0 pt=0 ru=234964 rp=238320
23:23:01.093 @T t=11295 s=0.000 lv=-40.3 pk=-39.8 c0=8.3 c1=5.1 kw=4.95 inf=1.85 iv=0.00 n=0 d=0 sk=2 hf=96584 hm=93228 ht=283428 pf=0 pm=0 pt=0 ru=234964 rp=238320
23:23:01.093 I (11733) wifi:[ADDBA]RX DELBA, reason:37, delete tid:0, initiator:1(originator)
23:23:01.093 @T t=11401 s=0.000 lv=-39.8 pk=-38.5 c0=5.1 c1=5.2 kw=5.02 inf=1.55 iv=0.00 n=0 d=0 sk=3 hf=96584 hm=93228 ht=283428 pf=0 pm=0 pt=0 ru=234964 rp=238320
23:23:01.094 @T t=11507 s=0.000 lv=-39.7 pk=-38.5 c0=3.3 c1=6.1 kw=5.92 inf=1.37 iv=0.00 n=0 d=0 sk=4 hf=96584 hm=93228 ht=283428 pf=0 pm=0 pt=0 ru=234964 rp=238320
23:23:01.094 @T t=11613 s=0.000 lv=-39.6 pk=-38.1 c0=6.3 c1=5.1 kw=4.94 inf=1.52 iv=0.00 n=0 d=0 sk=3 hf=96584 hm=93228 ht=283428 pf=0 pm=0 pt=0 ru=234964 rp=238320
23:23:01.094 @T t=11699 s=0.000 lv=-38.3 pk=-37.3 c0=3.7 c1=5.0 kw=4.86 inf=1.82 iv=0.00 n=0 d=0 sk=2 hf=96584 hm=93228 ht=283428 pf=0 pm=0 pt=0 ru=234964 rp=238320
23:23:01.094 @T t=11805 s=0.000 lv=-38.8 pk=-37.7 c0=3.1 c1=5.4 kw=5.08 inf=1.53 iv=0.00 n=0 d=0 sk=3 hf=96584 hm=93228 ht=283428 pf=0 pm=0 pt=0 ru=234964 rp=238320
23:23:03.685 @T t=11911 s=0.000 lv=-38.4 pk=-37.0 c0=6.4 c1=6.2 kw=5.80 inf=1.82 iv=0.00 n=0 d=0 sk=3 hf=96584 hm=93228 ht=283428 pf=0 pm=0 pt=0 ru=234964 rp=238320
23:23:03.685 @T t=11997 s=0.000 lv=-39.9 pk=-38.0 c0=7.9 c1=5.0 kw=4.89 inf=1.83 iv=0.00 n=0 d=0 sk=2 hf=96584 hm=93228 ht=283428 pf=0 pm=0 pt=0 ru=234964 rp=238320
23:23:03.685 @T t=12103 s=0.000 lv=-38.4 pk=-37.0 c0=9.6 c1=5.7 kw=5.15 inf=1.59 iv=0.00 n=0 d=0 sk=3 hf=96584 hm=93228 ht=283428 pf=0 pm=0 pt=0 ru=234964 rp=238320
23:23:03.685 @I ww=marvin cut=0.50 win=5 cool=1000 tick=100 wifi=1 srv=1 li=0 ln=0
23:23:03.685 @T t=12198 s=0.000 lv=-38.3 pk=-37.2 c0=15.9 c1=5.7 kw=5.57 inf=1.53 iv=0.00 n=0 d=0 sk=3 hf=96584 hm=93228 ht=283428 pf=0 pm=0 pt=0 ru=234964 rp=238320
23:23:03.685 @T t=12304 s=0.000 lv=-39.8 pk=-38.4 c0=4.0 c1=5.4 kw=4.99 inf=1.53 iv=0.00 n=0 d=0 sk=3 hf=96584 hm=93228 ht=283428 pf=0 pm=0 pt=0 ru=234964 rp=238320
23:23:03.685 @T t=12410 s=0.000 lv=-39.0 pk=-37.9 c0=3.3 c1=6.1 kw=5.98 inf=1.38 iv=0.00 n=0 d=0 sk=4 hf=96584 hm=93228 ht=283428 pf=0 pm=0 pt=0 ru=234964 rp=238320
23:23:03.685 @T t=12496 s=0.000 lv=-39.3 pk=-38.1 c0=4.1 c1=5.1 kw=4.91 inf=1.84 iv=0.00 n=0 d=0 sk=2 hf=96584 hm=93228 ht=283428 pf=0 pm=0 pt=0 ru=234964 rp=238320
23:23:03.685 @T t=12602 s=0.000 lv=-38.5 pk=-37.5 c0=3.2 c1=5.1 kw=4.97 inf=1.53 iv=0.00 n=0 d=0 sk=3 hf=96584 hm=93228 ht=283428 pf=0 pm=0 pt=0 ru=234964 rp=238320
23:23:03.686 @T t=12708 s=0.000 lv=-39.7 pk=-39.2 c0=6.3 c1=6.1 kw=5.90 inf=1.36 iv=0.00 n=0 d=0 sk=4 hf=96584 hm=93228 ht=283428 pf=0 pm=0 pt=0 ru=234964 rp=238320
23:23:03.686 @T t=12814 s=0.000 lv=-39.4 pk=-37.6 c0=3.1 c1=5.1 kw=4.94 inf=1.52 iv=0.00 n=0 d=0 sk=3 hf=96584 hm=93228 ht=283428 pf=0 pm=0 pt=0 ru=234964 rp=238320
23:23:03.686 @T t=12900 s=0.000 lv=-40.6 pk=-40.0 c0=7.9 c1=5.0 kw=4.87 inf=1.82 iv=0.00 n=0 d=0 sk=2 hf=96584 hm=93228 ht=283428 pf=0 pm=0 pt=0 ru=234964 rp=238320
23:23:03.686 @T t=13006 s=0.000 lv=-40.5 pk=-39.2 c0=6.5 c1=6.1 kw=5.94 inf=1.37 iv=0.00 n=0 d=0 sk=4 hf=96584 hm=93228 ht=283428 pf=0 pm=0 pt=0 ru=234964 rp=238320
23:23:03.686 @T t=13112 s=0.000 lv=-38.5 pk=-35.5 c0=6.9 c1=5.1 kw=4.92 inf=1.51 iv=0.00 n=0 d=0 sk=3 hf=96584 hm=93228 ht=283428 pf=0 pm=0 pt=0 ru=234964 rp=238320
23:23:03.686 @I ww=marvin cut=0.50 win=5 cool=1000 tick=100 wifi=1 srv=1 li=0 ln=0
23:23:03.686 @T t=13207 s=0.000 lv=-39.4 pk=-38.0 c0=16.0 c1=5.6 kw=5.50 inf=1.52 iv=0.00 n=0 d=0 sk=3 hf=96584 hm=93228 ht=283428 pf=0 pm=0 pt=0 ru=234964 rp=238320
23:23:03.686 @T t=13313 s=0.000 lv=-39.6 pk=-38.7 c0=6.4 c1=5.1 kw=4.94 inf=1.52 iv=0.00 n=0 d=0 sk=3 hf=96584 hm=93228 ht=283428 pf=0 pm=0 pt=0 ru=234964 rp=238320
23:23:03.686 @T t=13399 s=0.000 lv=-40.2 pk=-39.0 c0=7.7 c1=5.0 kw=4.85 inf=1.82 iv=0.00 n=0 d=0 sk=2 hf=96584 hm=93228 ht=283428 pf=0 pm=0 pt=0 ru=234964 rp=238320
23:23:03.686 @T t=13505 s=0.000 lv=-39.4 pk=-37.6 c0=3.0 c1=5.4 kw=5.05 inf=1.52 iv=0.00 n=0 d=0 sk=3 hf=96584 hm=93228 ht=283428 pf=0 pm=0 pt=0 ru=234964 rp=238320
23:23:03.686 @T t=13611 s=0.000 lv=-40.3 pk=-39.3 c0=3.0 c1=6.2 kw=5.78 inf=1.82 iv=0.00 n=0 d=0 sk=3 hf=96584 hm=93228 ht=283428 pf=0 pm=0 pt=0 ru=234964 rp=238320
23:23:03.686 @T t=13697 s=0.000 lv=-40.2 pk=-39.6 c0=4.1 c1=5.1 kw=4.93 inf=1.85 iv=0.00 n=0 d=0 sk=2 hf=96584 hm=93228 ht=283428 pf=0 pm=0 pt=0 ru=234964 rp=238320
23:23:03.686 @T t=13803 s=0.000 lv=-40.9 pk=-40.1 c0=3.3 c1=5.1 kw=4.94 inf=1.52 iv=0.00 n=0 d=0 sk=3 hf=96584 hm=93228 ht=283428 pf=0 pm=0 pt=0 ru=234964 rp=238320
23:23:03.686 @T t=13908 s=0.000 lv=-39.1 pk=-36.7 c0=3.2 c1=6.1 kw=5.99 inf=1.37 iv=0.00 n=0 d=0 sk=4 hf=96584 hm=93228 ht=283428 pf=0 pm=0 pt=0 ru=234964 rp=238320
23:23:03.686 @T t=14014 s=0.000 lv=-36.6 pk=-34.3 c0=3.2 c1=12.9 kw=4.07 inf=0.33 iv=0.00 n=9 d=0 sk=2 hf=96584 hm=93228 ht=283428 pf=0 pm=0 pt=0 ru=234964 rp=238320
23:23:03.686 @T t=14102 s=0.000 lv=-37.0 pk=-34.8 c0=8.2 c1=12.7 kw=22.46 inf=4.79 iv=3.49 n=4 d=0 sk=0 hf=96584 hm=93228 ht=283428 pf=0 pm=0 pt=0 ru=234964 rp=238320
23:23:03.686 @I ww=marvin cut=0.50 win=5 cool=1000 tick=100 wifi=1 srv=1 li=0 ln=0
23:23:03.686 @T t=14213 s=0.000 lv=-35.1 pk=-30.5 c0=10.9 c1=10.3 kw=10.13 inf=2.60 iv=1.16 n=4 d=0 sk=0 hf=96584 hm=93228 ht=283428 pf=0 pm=0 pt=0 ru=234964 rp=238320
23:23:03.686 @T t=14299 s=0.000 lv=-39.2 pk=-36.9 c0=5.1 c1=8.8 kw=8.57 inf=3.39 iv=1.43 n=2 d=0 sk=0 hf=96584 hm=93228 ht=283428 pf=0 pm=0 pt=0 ru=234964 rp=238320
23:23:03.686 @T t=14405 s=0.000 lv=-38.9 pk=-36.6 c0=3.5 c1=10.1 kw=9.75 inf=2.37 iv=1.17 n=4 d=0 sk=0 hf=96584 hm=93228 ht=283428 pf=0 pm=0 pt=0 ru=234964 rp=238320
23:23:06.196 @T t=14511 s=0.000 lv=-38.3 pk=-36.9 c0=3.4 c1=11.0 kw=10.50 inf=2.61 iv=1.17 n=4 d=0 sk=0 hf=96584 hm=93228 ht=283428 pf=0 pm=0 pt=0 ru=234964 rp=238320
23:23:06.197 @T t=14597 s=0.000 lv=-37.5 pk=-36.1 c0=4.1 c1=8.2 kw=8.01 inf=3.16 iv=1.24 n=2 d=0 sk=0 hf=96584 hm=93228 ht=283428 pf=0 pm=0 pt=0 ru=234964 rp=238320
23:23:06.197 @T t=14703 s=0.000 lv=-38.9 pk=-37.1 c0=3.4 c1=9.8 kw=9.61 inf=2.37 iv=1.16 n=4 d=0 sk=0 hf=96584 hm=93228 ht=283428 pf=0 pm=0 pt=0 ru=234964 rp=238320
23:23:06.197 @T t=14809 s=0.000 lv=-39.5 pk=-37.5 c0=3.9 c1=11.3 kw=11.01 inf=2.70 iv=1.24 n=4 d=0 sk=0 hf=96584 hm=93228 ht=283428 pf=0 pm=0 pt=0 ru=234964 rp=238320
23:23:06.197 @T t=14895 s=0.000 lv=-40.5 pk=-39.7 c0=4.4 c1=8.3 kw=8.13 inf=3.21 iv=1.27 n=2 d=0 sk=0 hf=96584 hm=93228 ht=283428 pf=0 pm=0 pt=0 ru=234964 rp=238320
23:23:06.197 @T t=15001 s=0.000 lv=-39.3 pk=-38.4 c0=3.5 c1=9.8 kw=9.58 inf=2.36 iv=1.16 n=4 d=0 sk=0 hf=96584 hm=93228 ht=283428 pf=0 pm=0 pt=0 ru=234964 rp=238320
23:23:06.197 @T t=15107 s=0.000 lv=-39.7 pk=-37.8 c0=3.9 c1=11.0 kw=10.74 inf=2.64 iv=1.19 n=4 d=0 sk=0 hf=96584 hm=93228 ht=283428 pf=0 pm=0 pt=0 ru=234964 rp=238320
23:23:06.197 @I ww=marvin cut=0.50 win=5 cool=1000 tick=100 wifi=1 srv=1 li=0 ln=0
23:23:06.197 @T t=15198 s=0.000 lv=-40.9 pk=-38.9 c0=4.9 c1=7.8 kw=7.60 inf=3.17 iv=1.25 n=2 d=0 sk=0 hf=96584 hm=93228 ht=283428 pf=0 pm=0 pt=0 ru=234964 rp=238320
23:23:06.197 @T t=15304 s=0.000 lv=-40.7 pk=-39.6 c0=3.5 c1=9.9 kw=9.66 inf=2.38 iv=1.17 n=4 d=0 sk=0 hf=96584 hm=93228 ht=283428 pf=0 pm=0 pt=0 ru=234964 rp=238320
23:23:06.197 @T t=15413 s=0.000 lv=-39.9 pk=-38.5 c0=8.8 c1=10.4 kw=10.17 inf=2.55 iv=1.10 n=4 d=0 sk=0 hf=96584 hm=93228 ht=283428 pf=0 pm=0 pt=0 ru=234964 rp=238320
23:23:06.197 @T t=15499 s=0.000 lv=-41.4 pk=-40.6 c0=4.1 c1=8.1 kw=7.89 inf=3.11 iv=1.19 n=2 d=0 sk=0 hf=96584 hm=93228 ht=283428 pf=0 pm=0 pt=0 ru=234964 rp=238320
23:23:06.197 @T t=15605 s=0.000 lv=-41.0 pk=-40.2 c0=3.4 c1=9.9 kw=9.51 inf=2.31 iv=1.11 n=4 d=0 sk=0 hf=96584 hm=93228 ht=283428 pf=0 pm=0 pt=0 ru=234964 rp=238320
23:23:06.197 @T t=15711 s=0.000 lv=-41.0 pk=-40.3 c0=3.3 c1=10.6 kw=10.19 inf=2.52 iv=1.10 n=4 d=0 sk=0 hf=96584 hm=93228 ht=283428 pf=0 pm=0 pt=0 ru=234964 rp=238320
23:23:06.197 @T t=15797 s=0.000 lv=-40.8 pk=-40.2 c0=4.3 c1=8.2 kw=7.99 inf=3.15 iv=1.23 n=2 d=0 sk=0 hf=96584 hm=93228 ht=283428 pf=0 pm=0 pt=0 ru=234964 rp=238320
23:23:06.197 @T t=15903 s=0.000 lv=-39.7 pk=-38.2 c0=3.8 c1=5.1 kw=5.01 inf=1.54 iv=0.00 n=0 d=0 sk=3 hf=96584 hm=93228 ht=283428 pf=0 pm=0 pt=0 ru=234964 rp=238320
23:23:06.197 @T t=16009 s=0.000 lv=-40.9 pk=-39.8 c0=6.6 c1=6.1 kw=5.95 inf=1.37 iv=0.00 n=0 d=0 sk=4 hf=96584 hm=93228 ht=283428 pf=0 pm=0 pt=0 ru=234964 rp=238320
23:23:06.197 @T t=16095 s=0.000 lv=-40.9 pk=-39.9 c0=12.0 c1=5.7 kw=5.08 inf=1.90 iv=0.00 n=0 d=0 sk=2 hf=96584 hm=93228 ht=283428 pf=0 pm=0 pt=0 ru=234964 rp=238320
23:23:06.197 @I ww=marvin cut=0.50 win=5 cool=1000 tick=100 wifi=1 srv=1 li=0 ln=0
23:23:06.197 @T t=16206 s=0.000 lv=-41.0 pk=-39.6 c0=3.9 c1=5.7 kw=5.62 inf=1.36 iv=0.00 n=0 d=0 sk=4 hf=96584 hm=93228 ht=283428 pf=0 pm=0 pt=0 ru=234964 rp=238320
23:23:06.197 @T t=16312 s=0.000 lv=-40.4 pk=-39.5 c0=7.0 c1=5.2 kw=4.99 inf=1.54 iv=0.00 n=0 d=0 sk=3 hf=96584 hm=93228 ht=283428 pf=0 pm=0 pt=0 ru=234964 rp=238320
23:23:06.197 @T t=16398 s=0.000 lv=-38.4 pk=-36.6 c0=4.0 c1=5.0 kw=4.87 inf=1.83 iv=0.00 n=0 d=0 sk=2 hf=96584 hm=93228 ht=283428 pf=0 pm=0 pt=0 ru=234964 rp=238320
23:23:06.197 @T t=16504 s=0.000 lv=-39.4 pk=-38.8 c0=3.1 c1=5.0 kw=4.91 inf=1.51 iv=0.00 n=0 d=0 sk=3 hf=96584 hm=93228 ht=283428 pf=0 pm=0 pt=0 ru=234964 rp=238320
23:23:06.197 @T t=16610 s=0.000 lv=-40.3 pk=-38.7 c0=3.0 c1=6.1 kw=5.93 inf=1.37 iv=0.00 n=0 d=0 sk=4 hf=96584 hm=93228 ht=283428 pf=0 pm=0 pt=0 ru=234964 rp=238320
23:23:06.197 @T t=16696 s=0.000 lv=-38.8 pk=-36.8 c0=7.7 c1=5.0 kw=4.87 inf=1.83 iv=0.00 n=0 d=0 sk=2 hf=96584 hm=93228 ht=283428 pf=0 pm=0 pt=0 ru=234964 rp=238320
23:23:06.197 @T t=16802 s=0.000 lv=-38.9 pk=-36.8 c0=3.0 c1=5.1 kw=4.93 inf=1.52 iv=0.00 n=0 d=0 sk=3 hf=96584 hm=93228 ht=283428 pf=0 pm=0 pt=0 ru=234964 rp=238320
23:23:06.197 @T t=16908 s=0.000 lv=-39.8 pk=-38.2 c0=6.4 c1=6.1 kw=5.91 inf=1.36 iv=0.00 n=0 d=0 sk=4 hf=96584 hm=93228 ht=283428 pf=0 pm=0 pt=0 ru=234964 rp=238320
23:23:08.788 @T t=17014 s=0.000 lv=-37.3 pk=-33.4 c0=6.5 c1=12.9 kw=4.06 inf=0.33 iv=0.00 n=9 d=0 sk=2 hf=96584 hm=93228 ht=283428 pf=0 pm=0 pt=0 ru=234964 rp=238320
23:23:08.789 @T t=17102 s=0.000 lv=-36.9 pk=-36.4 c0=5.6 c1=11.8 kw=21.96 inf=4.69 iv=3.42 n=4 d=0 sk=0 hf=96584 hm=93228 ht=283428 pf=0 pm=0 pt=0 ru=234964 rp=238320
23:23:08.789 @I ww=marvin cut=0.50 win=5 cool=1000 tick=100 wifi=1 srv=1 li=0 ln=0
23:23:08.789 @T t=17214 s=0.000 lv=-39.5 pk=-38.1 c0=11.3 c1=10.2 kw=10.01 inf=2.59 iv=1.16 n=4 d=0 sk=0 hf=96584 hm=93228 ht=283428 pf=0 pm=0 pt=0 ru=234964 rp=238320
23:23:08.790 @T t=17300 s=0.000 lv=-39.3 pk=-38.2 c0=4.2 c1=8.1 kw=7.97 inf=3.14 iv=1.21 n=2 d=0 sk=0 hf=96584 hm=93228 ht=283428 pf=0 pm=0 pt=0 ru=234964 rp=238320
23:23:08.790 @T t=17407 s=0.000 lv=-40.6 pk=-39.7 c0=3.5 c1=10.6 kw=10.35 inf=2.56 iv=1.12 n=4 d=0 sk=0 hf=96584 hm=93228 ht=283428 pf=0 pm=0 pt=0 ru=234964 rp=238320
23:23:08.790 @T t=17513 s=0.000 lv=-40.4 pk=-38.2 c0=3.5 c1=9.8 kw=9.55 inf=2.35 iv=1.16 n=4 d=0 sk=0 hf=96584 hm=93228 ht=283428 pf=0 pm=0 pt=0 ru=234964 rp=238320
23:23:08.790 @T t=17599 s=0.000 lv=-39.6 pk=-39.3 c0=4.0 c1=8.2 kw=8.03 inf=3.17 iv=1.24 n=2 d=0 sk=0 hf=96584 hm=93228 ht=283428 pf=0 pm=0 pt=0 ru=234964 rp=238320
23:23:08.790 @T t=17705 s=0.000 lv=-40.3 pk=-39.0 c0=3.4 c1=10.1 kw=9.73 inf=2.37 iv=1.16 n=4 d=0 sk=0 hf=96584 hm=93228 ht=283428 pf=0 pm=0 pt=0 ru=234964 rp=238320
23:23:08.791 @T t=17811 s=0.000 lv=-39.0 pk=-37.6 c0=3.4 c1=10.8 kw=10.37 inf=2.57 iv=1.13 n=4 d=0 sk=0 hf=96584 hm=93228 ht=283428 pf=0 pm=0 pt=0 ru=234964 rp=238320
23:23:08.791 @T t=17896 s=0.000 lv=-38.3 pk=-37.3 c0=7.2 c1=8.2 kw=8.05 inf=3.14 iv=1.21 n=2 d=0 sk=0 hf=96584 hm=93228 ht=283428 pf=0 pm=0 pt=0 ru=234964 rp=238320
23:23:08.791 @T t=18002 s=0.000 lv=-38.5 pk=-37.1 c0=3.5 c1=9.5 kw=9.34 inf=2.30 iv=1.10 n=4 d=0 sk=0 hf=96584 hm=93228 ht=283428 pf=0 pm=0 pt=0 ru=234964 rp=238320
23:23:08.791 @T t=18108 s=0.000 lv=-39.4 pk=-37.8 c0=6.6 c1=11.5 kw=10.90 inf=2.67 iv=1.21 n=4 d=0 sk=0 hf=96584 hm=93228 ht=283428 pf=0 pm=0 pt=0 ru=234964 rp=238320
23:23:08.791 @I ww=marvin cut=0.50 win=5 cool=1000 tick=100 wifi=1 srv=1 li=0 ln=0
23:23:08.791 @T t=18199 s=0.000 lv=-36.7 pk=-35.3 c0=5.3 c1=7.8 kw=7.60 inf=3.17 iv=1.21 n=2 d=0 sk=0 hf=96584 hm=93228 ht=283428 pf=0 pm=0 pt=0 ru=234964 rp=238320
23:23:08.792 @T t=18305 s=0.000 lv=-37.1 pk=-36.0 c0=4.1 c1=10.4 kw=9.95 inf=2.42 iv=1.19 n=4 d=0 sk=0 hf=96584 hm=93228 ht=283428 pf=0 pm=0 pt=0 ru=234964 rp=238320
23:23:08.792 @T t=18411 s=0.000 lv=-35.8 pk=-34.3 c0=3.5 c1=10.7 kw=10.22 inf=2.53 iv=1.10 n=4 d=0 sk=0 hf=96584 hm=93228 ht=283428 pf=0 pm=0 pt=0 ru=234964 rp=238320
23:23:08.792 @T t=18497 s=0.000 lv=-37.6 pk=-36.5 c0=4.1 c1=8.0 kw=7.83 inf=3.08 iv=1.17 n=2 d=0 sk=0 hf=96584 hm=93228 ht=283428 pf=0 pm=0 pt=0 ru=234964 rp=238320
23:23:08.792 @T t=18603 s=0.000 lv=-38.6 pk=-37.1 c0=6.0 c1=9.5 kw=9.34 inf=2.30 iv=1.10 n=4 d=0 sk=0 hf=96584 hm=93228 ht=283428 pf=0 pm=0 pt=0 ru=234964 rp=238320
23:23:08.792 @T t=18712 s=0.000 lv=-38.9 pk=-38.0 c0=8.7 c1=10.5 kw=10.29 inf=2.59 iv=1.15 n=4 d=0 sk=0 hf=96584 hm=93228 ht=283428 pf=0 pm=0 pt=0 ru=234964 rp=238320
23:23:08.792 @T t=18798 s=0.000 lv=-36.3 pk=-32.8 c0=4.2 c1=8.3 kw=8.11 inf=3.20 iv=1.27 n=2 d=0 sk=0 hf=96584 hm=93228 ht=283428 pf=0 pm=0 pt=0 ru=234964 rp=238320
23:23:08.793 @T t=18904 s=0.000 lv=-37.6 pk=-36.6 c0=3.5 c1=9.9 kw=9.68 inf=2.39 iv=1.18 n=4 d=0 sk=0 hf=96584 hm=93228 ht=283428 pf=0 pm=0 pt=0 ru=234964 rp=238320
23:23:08.793 @T t=19013 s=0.000 lv=-38.9 pk=-36.4 c0=9.0 c1=10.8 kw=10.52 inf=2.65 iv=1.18 n=4 d=0 sk=0 hf=96584 hm=93228 ht=283428 pf=0 pm=0 pt=0 ru=234964 rp=238320
23:23:08.793 @T t=19099 s=0.000 lv=-38.5 pk=-36.9 c0=4.8 c1=8.2 kw=8.06 inf=3.18 iv=1.24 n=2 d=0 sk=0 hf=96584 hm=93228 ht=283428 pf=0 pm=0 pt=0 ru=234964 rp=238320
23:23:08.793 @I ww=marvin cut=0.50 win=5 cool=1000 tick=100 wifi=1 srv=1 li=0 ln=0
23:23:08.794 @T t=19210 s=0.000 lv=-39.6 pk=-37.9 c0=4.1 c1=10.5 kw=10.23 inf=2.63 iv=1.19 n=4 d=0 sk=0 hf=96584 hm=93228 ht=283428 pf=0 pm=0 pt=0 ru=234964 rp=238320
23:23:08.794 @T t=19296 s=0.000 lv=-39.9 pk=-39.7 c0=8.1 c1=10.0 kw=9.77 inf=2.61 iv=1.30 n=3 d=0 sk=0 hf=96584 hm=93228 ht=283428 pf=0 pm=0 pt=0 ru=234964 rp=238320
23:23:08.794 @T t=19402 s=0.000 lv=-40.1 pk=-39.2 c0=6.1 c1=8.8 kw=8.63 inf=2.81 iv=1.20 n=3 d=0 sk=0 hf=96584 hm=93228 ht=283428 pf=0 pm=0 pt=0 ru=234964 rp=238320
23:23:08.794 @T t=19508 s=0.000 lv=-40.9 pk=-40.0 c0=3.5 c1=10.6 kw=10.41 inf=2.55 iv=1.12 n=4 d=0 sk=0 hf=96584 hm=93228 ht=283428 pf=0 pm=0 pt=0 ru=234964 rp=238320
23:23:11.085 @T t=19614 s=0.000 lv=-39.9 pk=-38.7 c0=3.3 c1=9.5 kw=9.31 inf=2.29 iv=1.10 n=4 d=0 sk=0 hf=96584 hm=93228 ht=283428 pf=0 pm=0 pt=0 ru=234964 rp=238320
23:23:11.086 @T t=19700 s=0.000 lv=-40.1 pk=-39.4 c0=4.1 c1=8.1 kw=7.88 inf=3.10 iv=1.19 n=2 d=0 sk=0 hf=96584 hm=93228 ht=283428 pf=0 pm=0 pt=0 ru=234964 rp=238320
23:23:11.086 @T t=19806 s=0.000 lv=-40.5 pk=-39.5 c0=3.5 c1=10.7 kw=10.51 inf=2.57 iv=1.13 n=4 d=0 sk=0 hf=96584 hm=93228 ht=283428 pf=0 pm=0 pt=0 ru=234964 rp=238320
23:23:11.086 @T t=19912 s=0.000 lv=-40.4 pk=-39.7 c0=3.5 c1=9.6 kw=9.40 inf=2.31 iv=1.12 n=4 d=0 sk=0 hf=96584 hm=93228 ht=283428 pf=0 pm=0 pt=0 ru=234964 rp=238320
23:23:11.086 @T t=19998 s=0.000 lv=-38.1 pk=-37.0 c0=4.2 c1=8.3 kw=8.09 inf=3.19 iv=1.25 n=2 d=0 sk=0 hf=96584 hm=93228 ht=283428 pf=0 pm=0 pt=0 ru=234964 rp=238320
23:23:11.086 @T t=20106 s=0.000 lv=-35.8 pk=-32.4 c0=7.0 c1=11.8 kw=11.52 inf=2.89 iv=1.40 n=4 d=0 sk=0 hf=96584 hm=93228 ht=283428 pf=0 pm=0 pt=0 ru=234964 rp=238320
23:23:11.086 @I ww=marvin cut=0.50 win=5 cool=1000 tick=100 wifi=1 srv=1 li=0 ln=0
23:23:11.087 @T t=20197 s=0.000 lv=-38.3 pk=-36.4 c0=4.9 c1=9.0 kw=8.82 inf=2.49 iv=1.20 n=3 d=0 sk=0 hf=96584 hm=93228 ht=283428 pf=0 pm=0 pt=0 ru=234964 rp=238320
23:23:11.087 @T t=20303 s=0.000 lv=-38.1 pk=-35.6 c0=4.0 c1=9.1 kw=8.93 inf=2.91 iv=1.29 n=3 d=0 sk=0 hf=96584 hm=93228 ht=283428 pf=0 pm=0 pt=0 ru=234964 rp=238320
23:23:11.087 @T t=20412 s=0.000 lv=-38.9 pk=-38.2 c0=9.2 c1=11.0 kw=10.73 inf=2.71 iv=1.24 n=4 d=0 sk=0 hf=96584 hm=93228 ht=283428 pf=0 pm=0 pt=0 ru=234964 rp=238320
23:23:11.087 @T t=20498 s=0.000 lv=-38.4 pk=-37.4 c0=7.5 c1=9.6 kw=9.38 inf=2.50 iv=1.20 n=3 d=0 sk=0 hf=96584 hm=93228 ht=283428 pf=0 pm=0 pt=0 ru=234964 rp=238320
23:23:11.087 @T t=20604 s=0.000 lv=-38.3 pk=-36.6 c0=3.4 c1=8.7 kw=8.55 inf=2.79 iv=1.19 n=3 d=0 sk=0 hf=96584 hm=93228 ht=283428 pf=0 pm=0 pt=0 ru=234964 rp=238320
23:23:11.088 @T t=20713 s=0.000 lv=-38.4 pk=-36.3 c0=8.8 c1=10.7 kw=10.43 inf=2.63 iv=1.17 n=4 d=0 sk=0 hf=96584 hm=93228 ht=283428 pf=0 pm=0 pt=0 ru=234964 rp=238320
23:23:11.088 @T t=20799 s=0.000 lv=-35.8 pk=-33.3 c0=4.3 c1=9.6 kw=9.42 inf=2.51 iv=1.22 n=3 d=0 sk=0 hf=96584 hm=93228 ht=283428 pf=0 pm=0 pt=0 ru=234964 rp=238320
23:23:11.088 @T t=20905 s=0.000 lv=-38.5 pk=-37.2 c0=3.5 c1=9.2 kw=8.80 inf=2.83 iv=1.21 n=3 d=0 sk=0 hf=96584 hm=93228 ht=283428 pf=0 pm=0 pt=0 ru=234964 rp=238320
23:23:11.088 @T t=21013 s=0.000 lv=-37.3 pk=-35.8 c0=3.4 c1=10.7 kw=10.66 inf=2.70 iv=1.26 n=4 d=0 sk=0 hf=96584 hm=93228 ht=283428 pf=0 pm=0 pt=0 ru=234964 rp=238320
23:23:11.088 [status] up 21s | mic -38.9 dBFS (peak -30.5) | score max 0.00 | detections 0 | inferences 212 (21.2/s; model 1.17 ms each, paused in quiet 37%; features 1.41 ms per 30 ms) | CPU core0  5.4% core1  8.1% (wake word pipeline 7.90% of one core) | RAM used 229 KB (peak 232 KB, 94 KB free) | wifi OK, server OK | audio lost since boot: i2s 0 net 0
23:23:11.089 @T t=21112 s=0.000 lv=-40.2 pk=-39.4 c0=8.3 c1=11.1 kw=10.83 inf=2.50 iv=1.27 n=4 d=0 sk=0 hf=96584 hm=93228 ht=283428 pf=0 pm=0 pt=0 ru=234964 rp=238320
23:23:11.089 @I ww=marvin cut=0.50 win=5 cool=1000 tick=100 wifi=1 srv=1 li=0 ln=0
23:23:11.089 @T t=21203 s=0.000 lv=-40.9 pk=-40.3 c0=4.8 c1=7.7 kw=7.58 inf=3.17 iv=1.25 n=2 d=0 sk=0 hf=96584 hm=93228 ht=283428 pf=0 pm=0 pt=0 ru=234964 rp=238320
23:23:11.089 @T t=21309 s=0.000 lv=-39.6 pk=-38.2 c0=3.5 c1=10.9 kw=10.69 inf=2.62 iv=1.17 n=4 d=0 sk=0 hf=96584 hm=93228 ht=283428 pf=0 pm=0 pt=0 ru=234964 rp=238320
23:23:11.089 @T t=21395 s=0.000 lv=-40.1 pk=-39.2 c0=4.0 c1=9.4 kw=9.25 inf=2.46 iv=1.18 n=3 d=0 sk=0 hf=96584 hm=93228 ht=283428 pf=0 pm=0 pt=0 ru=234964 rp=238320
23:23:11.089 @T t=21501 s=0.000 lv=-36.3 pk=-33.4 c0=3.5 c1=8.7 kw=8.52 inf=2.77 iv=1.18 n=3 d=0 sk=0 hf=96584 hm=93228 ht=283428 pf=0 pm=0 pt=0 ru=234964 rp=238320
23:23:11.090 @T t=21607 s=0.000 lv=-35.7 pk=-32.6 c0=3.8 c1=11.1 kw=10.88 inf=2.67 iv=1.21 n=4 d=0 sk=0 hf=96584 hm=93228 ht=283428 pf=0 pm=0 pt=0 ru=234964 rp=238320
23:23:11.090 @T t=21713 s=0.000 lv=-38.2 pk=-36.8 c0=3.4 c1=9.8 kw=9.56 inf=2.35 iv=1.15 n=4 d=0 sk=0 hf=96584 hm=93228 ht=283428 pf=0 pm=0 pt=0 ru=234964 rp=238320
23:23:11.090 @T t=21799 s=0.000 lv=-39.2 pk=-38.5 c0=4.1 c1=8.3 kw=8.08 inf=3.19 iv=1.26 n=2 d=0 sk=0 hf=96584 hm=93228 ht=283428 pf=0 pm=0 pt=0 ru=234964 rp=238320
23:23:13.583 @T t=21905 s=0.000 lv=-39.3 pk=-37.0 c0=3.6 c1=10.3 kw=9.88 inf=2.41 iv=1.19 n=4 d=0 sk=0 hf=96584 hm=93228 ht=283428 pf=0 pm=0 pt=0 ru=234964 rp=238320
23:23:13.583 @T t=22011 s=0.000 lv=-39.7 pk=-38.7 c0=3.5 c1=11.0 kw=10.51 inf=2.61 iv=1.16 n=4 d=0 sk=0 hf=96584 hm=93228 ht=283428 pf=0 pm=0 pt=0 ru=234964 rp=238320
23:23:13.583 @T t=22100 s=0.000 lv=-37.1 pk=-35.2 c0=7.7 c1=8.3 kw=7.73 inf=3.16 iv=1.24 n=2 d=0 sk=0 hf=96584 hm=93228 ht=283428 pf=0 pm=0 pt=0 ru=234964 rp=238320
23:23:13.583 @I ww=marvin cut=0.50 win=5 cool=1000 tick=100 wifi=1 srv=1 li=0 ln=0
23:23:13.583 @T t=22211 s=0.000 lv=-36.8 pk=-34.8 c0=4.2 c1=10.4 kw=10.18 inf=2.61 iv=1.16 n=4 d=0 sk=0 hf=96584 hm=93228 ht=283428 pf=0 pm=0 pt=0 ru=234964 rp=238320
23:23:13.583 @T t=22297 s=0.000 lv=-38.3 pk=-37.8 c0=4.9 c1=9.7 kw=9.43 inf=2.51 iv=1.21 n=3 d=0 sk=0 hf=96584 hm=93228 ht=283428 pf=0 pm=0 pt=0 ru=234964 rp=238320
23:23:13.583 @T t=22403 s=0.000 lv=-39.5 pk=-38.5 c0=3.4 c1=8.8 kw=8.59 inf=2.80 iv=1.20 n=3 d=0 sk=0 hf=96584 hm=93228 ht=283428 pf=0 pm=0 pt=0 ru=234964 rp=238320
23:23:13.583 @T t=22512 s=0.000 lv=-37.8 pk=-35.1 c0=3.3 c1=10.6 kw=10.40 inf=2.62 iv=1.16 n=4 d=0 sk=0 hf=96584 hm=93228 ht=283428 pf=0 pm=0 pt=0 ru=234964 rp=238320
23:23:13.584 @T t=22598 s=0.000 lv=-40.0 pk=-39.4 c0=4.1 c1=9.5 kw=9.26 inf=2.47 iv=1.18 n=3 d=0 sk=0 hf=96584 hm=93228 ht=283428 pf=0 pm=0 pt=0 ru=234964 rp=238320
23:23:13.584 @T t=22704 s=0.000 lv=-40.2 pk=-38.7 c0=3.7 c1=9.1 kw=8.87 inf=2.89 iv=1.26 n=3 d=0 sk=0 hf=96584 hm=93228 ht=283428 pf=0 pm=0 pt=0 ru=234964 rp=238320
23:23:13.584 @T t=22813 s=0.000 lv=-39.9 pk=-39.3 c0=3.4 c1=10.7 kw=10.51 inf=2.65 iv=1.19 n=4 d=0 sk=0 hf=96584 hm=93228 ht=283428 pf=0 pm=0 pt=0 ru=234964 rp=238320
23:23:13.584 @T t=22899 s=0.000 lv=-39.1 pk=-36.9 c0=4.3 c1=9.5 kw=9.31 inf=2.48 iv=1.19 n=3 d=0 sk=0 hf=96584 hm=93228 ht=283428 pf=0 pm=0 pt=0 ru=234964 rp=238320
23:23:13.584 @T t=23005 s=0.000 lv=-39.1 pk=-36.8 c0=3.5 c1=9.0 kw=8.62 inf=2.76 iv=1.17 n=3 d=0 sk=0 hf=96584 hm=93228 ht=283428 pf=0 pm=0 pt=0 ru=234964 rp=238320
23:23:13.584 @T t=23114 s=0.000 lv=-36.5 pk=-35.7 c0=3.8 c1=10.7 kw=10.62 inf=2.72 iv=1.26 n=4 d=0 sk=0 hf=96584 hm=93228 ht=283428 pf=0 pm=0 pt=0 ru=234964 rp=238320
23:23:13.584 @I ww=marvin cut=0.50 win=5 cool=1000 tick=100 wifi=1 srv=1 li=0 ln=0
23:23:13.584 @T t=23205 s=0.000 lv=-38.9 pk=-37.6 c0=4.8 c1=5.1 kw=4.80 inf=1.23 iv=0.00 n=0 d=0 sk=3 hf=96584 hm=93228 ht=283428 pf=0 pm=0 pt=0 ru=234964 rp=238320
23:23:13.584 @T t=23311 s=0.000 lv=-40.2 pk=-38.7 c0=6.4 c1=6.1 kw=5.75 inf=1.81 iv=0.00 n=0 d=0 sk=3 hf=96584 hm=93228 ht=283428 pf=0 pm=0 pt=0 ru=234964 rp=238320
23:23:13.585 @T t=23397 s=0.000 lv=-39.6 pk=-38.4 c0=3.8 c1=5.0 kw=4.90 inf=1.84 iv=0.00 n=0 d=0 sk=2 hf=96584 hm=93228 ht=283428 pf=0 pm=0 pt=0 ru=234964 rp=238320
23:23:13.585 @T t=23503 s=0.000 lv=-39.8 pk=-38.2 c0=3.0 c1=5.0 kw=4.91 inf=1.51 iv=0.00 n=0 d=0 sk=3 hf=96584 hm=93228 ht=283428 pf=0 pm=0 pt=0 ru=234964 rp=238320
23:23:13.585 @T t=23608 s=0.000 lv=-39.3 pk=-38.0 c0=3.0 c1=6.1 kw=5.97 inf=1.37 iv=0.00 n=0 d=0 sk=4 hf=96584 hm=93228 ht=283428 pf=0 pm=0 pt=0 ru=234964 rp=238320
23:23:13.585 @T t=23714 s=0.000 lv=-36.2 pk=-34.9 c0=6.3 c1=5.0 kw=4.91 inf=1.51 iv=0.00 n=0 d=0 sk=3 hf=96584 hm=93228 ht=283428 pf=0 pm=0 pt=0 ru=234964 rp=238320
23:23:13.585 @T t=23800 s=0.000 lv=-37.5 pk=-35.9 c0=4.2 c1=5.1 kw=4.92 inf=1.84 iv=0.00 n=0 d=0 sk=2 hf=96584 hm=93228 ht=283428 pf=0 pm=0 pt=0 ru=234964 rp=238320
23:23:13.586 @T t=23906 s=0.000 lv=-36.8 pk=-33.1 c0=3.4 c1=17.9 kw=16.54 inf=1.39 iv=0.99 n=12 d=0 sk=0 hf=96584 hm=93228 ht=283428 pf=0 pm=0 pt=0 ru=234964 rp=238320
23:23:13.586 @T t=24012 s=0.000 lv=-39.3 pk=-37.9 c0=3.6 c1=10.0 kw=10.56 inf=2.62 iv=1.18 n=4 d=0 sk=0 hf=96584 hm=93228 ht=283428 pf=0 pm=0 pt=0 ru=234964 rp=238320
23:23:13.586 @T t=24098 s=0.000 lv=-38.8 pk=-36.8 c0=4.2 c1=9.5 kw=9.35 inf=2.49 iv=1.20 n=3 d=0 sk=0 hf=96584 hm=93228 ht=283428 pf=0 pm=0 pt=0 ru=234964 rp=238320
23:23:13.586 @I ww=marvin cut=0.50 win=5 cool=1000 tick=100 wifi=1 srv=1 li=0 ln=0
23:23:13.586 @T t=24209 s=0.000 lv=-38.9 pk=-36.6 c0=7.3 c1=10.9 kw=10.36 inf=2.66 iv=1.17 n=4 d=0 sk=0 hf=96584 hm=93228 ht=283428 pf=0 pm=0 pt=0 ru=234964 rp=238320
23:23:13.586 @T t=24295 s=0.000 lv=-40.0 pk=-38.4 c0=8.3 c1=8.8 kw=8.61 inf=3.40 iv=1.43 n=2 d=0 sk=0 hf=96584 hm=93228 ht=283428 pf=0 pm=0 pt=0 ru=234964 rp=238320
23:23:16.191 @T t=24401 s=0.000 lv=-38.5 pk=-37.4 c0=3.4 c1=9.8 kw=9.61 inf=2.37 iv=1.16 n=4 d=0 sk=0 hf=96584 hm=93228 ht=283428 pf=0 pm=0 pt=0 ru=234964 rp=238320
23:23:16.192 @T t=24507 s=0.000 lv=-39.4 pk=-37.2 c0=3.4 c1=10.8 kw=10.58 inf=2.59 iv=1.16 n=4 d=0 sk=0 hf=96584 hm=93228 ht=283428 pf=0 pm=0 pt=0 ru=234964 rp=238320
23:23:16.192 @T t=24613 s=0.000 lv=-38.8 pk=-36.8 c0=3.4 c1=8.6 kw=8.43 inf=2.75 iv=1.16 n=3 d=0 sk=0 hf=96584 hm=93228 ht=283428 pf=0 pm=0 pt=0 ru=234964 rp=238320
23:23:16.192 @T t=24699 s=0.000 lv=-39.9 pk=-39.4 c0=4.1 c1=9.3 kw=9.11 inf=2.42 iv=1.14 n=3 d=0 sk=0 hf=96584 hm=93228 ht=283428 pf=0 pm=0 pt=0 ru=234964 rp=238320
23:23:16.192 @T t=24805 s=0.000 lv=-40.6 pk=-39.1 c0=3.5 c1=9.0 kw=8.59 inf=2.76 iv=1.16 n=3 d=0 sk=0 hf=96584 hm=93228 ht=283428 pf=0 pm=0 pt=0 ru=234964 rp=238320
23:23:16.192 @T t=24914 s=0.000 lv=-39.8 pk=-38.4 c0=9.3 c1=10.8 kw=10.72 inf=2.74 iv=1.29 n=4 d=0 sk=0 hf=96584 hm=93228 ht=283428 pf=0 pm=0 pt=0 ru=234964 rp=238320
23:23:16.192 @T t=25000 s=0.000 lv=-41.1 pk=-39.1 c0=4.4 c1=9.4 kw=9.13 inf=2.43 iv=1.15 n=3 d=0 sk=0 hf=96584 hm=93228 ht=283428 pf=0 pm=0 pt=0 ru=234964 rp=238320
23:23:16.192 @T t=25106 s=0.000 lv=-40.3 pk=-38.9 c0=6.0 c1=9.8 kw=8.52 inf=2.73 iv=1.13 n=3 d=0 sk=0 hf=96584 hm=93228 ht=283428 pf=0 pm=0 pt=0 ru=234964 rp=238320
23:23:16.192 @I ww=marvin cut=0.50 win=5 cool=1000 tick=100 wifi=1 srv=1 li=0 ln=0
23:23:16.192 @T t=25197 s=0.000 lv=-40.8 pk=-39.3 c0=5.4 c1=9.0 kw=9.59 inf=2.72 iv=1.13 n=3 d=0 sk=0 hf=96584 hm=93228 ht=283428 pf=0 pm=0 pt=0 ru=234964 rp=238320
23:23:16.192 @T t=25303 s=0.000 lv=-40.6 pk=-39.8 c0=3.5 c1=9.8 kw=9.55 inf=2.35 iv=1.15 n=4 d=0 sk=0 hf=96584 hm=93228 ht=283428 pf=0 pm=0 pt=0 ru=234964 rp=238320
23:23:16.193 @T t=25409 s=0.000 lv=-40.8 pk=-39.1 c0=3.4 c1=10.7 kw=10.48 inf=2.56 iv=1.13 n=4 d=0 sk=0 hf=96584 hm=93228 ht=283428 pf=0 pm=0 pt=0 ru=234964 rp=238320
23:23:16.193 @T t=25495 s=0.000 lv=-40.8 pk=-40.3 c0=4.0 c1=5.1 kw=4.98 inf=1.87 iv=0.00 n=0 d=0 sk=2 hf=96584 hm=93228 ht=283428 pf=0 pm=0 pt=0 ru=234964 rp=238320
23:23:16.193 @T t=25601 s=0.000 lv=-40.1 pk=-38.9 c0=3.1 c1=5.1 kw=4.92 inf=1.51 iv=0.00 n=0 d=0 sk=3 hf=96584 hm=93228 ht=283428 pf=0 pm=0 pt=0 ru=234964 rp=238320
23:23:16.193 @T t=25707 s=0.000 lv=-38.9 pk=-37.1 c0=6.3 c1=6.1 kw=5.90 inf=1.36 iv=0.00 n=0 d=0 sk=4 hf=96584 hm=93228 ht=283428 pf=0 pm=0 pt=0 ru=234964 rp=238320
23:23:16.193 @T t=25813 s=0.000 lv=-41.1 pk=-39.6 c0=6.4 c1=5.1 kw=4.91 inf=1.51 iv=0.00 n=0 d=0 sk=3 hf=96584 hm=93228 ht=283428 pf=0 pm=0 pt=0 ru=234964 rp=238320
23:23:16.193 @T t=25899 s=0.000 lv=-40.1 pk=-39.4 c0=7.8 c1=5.0 kw=4.87 inf=1.82 iv=0.00 n=0 d=0 sk=2 hf=96584 hm=93228 ht=283428 pf=0 pm=0 pt=0 ru=234964 rp=238320
23:23:16.193 @T t=26005 s=0.000 lv=-40.4 pk=-39.3 c0=3.2 c1=5.4 kw=5.06 inf=1.52 iv=0.00 n=0 d=0 sk=3 hf=96584 hm=93228 ht=283428 pf=0 pm=0 pt=0 ru=234964 rp=238320
23:23:16.193 @T t=26111 s=0.000 lv=-40.2 pk=-39.4 c0=8.6 c1=6.3 kw=5.84 inf=1.84 iv=0.00 n=0 d=0 sk=3 hf=93228 hm=93228 ht=283428 pf=0 pm=0 pt=0 ru=238320 rp=238320
23:23:16.193 @I ww=marvin cut=0.50 win=5 cool=1000 tick=100 wifi=1 srv=1 li=0 ln=0
23:23:16.193 @T t=26204 s=0.000 lv=-41.0 pk=-40.5 c0=6.6 c1=5.3 kw=4.64 inf=1.88 iv=0.00 n=0 d=0 sk=2 hf=96584 hm=93228 ht=283428 pf=0 pm=0 pt=0 ru=234964 rp=238320
23:23:16.193 @T t=26310 s=0.000 lv=-39.6 pk=-38.7 c0=3.8 c1=6.1 kw=5.97 inf=1.38 iv=0.00 n=0 d=0 sk=4 hf=96584 hm=93228 ht=283428 pf=0 pm=0 pt=0 ru=234964 rp=238320
23:23:16.194 @T t=26396 s=0.000 lv=-40.6 pk=-39.4 c0=4.0 c1=5.0 kw=4.90 inf=1.83 iv=0.00 n=0 d=0 sk=2 hf=96584 hm=93228 ht=283428 pf=0 pm=0 pt=0 ru=234964 rp=238320
23:23:16.194 @T t=26502 s=0.000 lv=-41.1 pk=-39.6 c0=6.3 c1=5.1 kw=4.93 inf=1.52 iv=0.00 n=0 d=0 sk=3 hf=96584 hm=93228 ht=283428 pf=0 pm=0 pt=0 ru=234964 rp=238320
23:23:16.194 @T t=26608 s=0.000 lv=-39.4 pk=-38.4 c0=3.0 c1=6.1 kw=5.89 inf=1.36 iv=0.00 n=0 d=0 sk=4 hf=96584 hm=93228 ht=283428 pf=0 pm=0 pt=0 ru=234964 rp=238320
23:23:16.194 @T t=26714 s=0.000 lv=-40.6 pk=-39.9 c0=3.0 c1=5.0 kw=4.91 inf=1.51 iv=0.00 n=0 d=0 sk=3 hf=96584 hm=93228 ht=283428 pf=0 pm=0 pt=0 ru=234964 rp=238320
23:23:16.194 @T t=26800 s=0.000 lv=-39.8 pk=-37.8 c0=3.7 c1=5.0 kw=4.87 inf=1.82 iv=0.00 n=0 d=0 sk=2 hf=96584 hm=93228 ht=283428 pf=0 pm=0 pt=0 ru=234964 rp=238320
23:23:16.194 @T t=26906 s=0.000 lv=-39.9 pk=-38.2 c0=6.4 c1=6.1 kw=5.92 inf=1.37 iv=0.00 n=0 d=0 sk=4 hf=96584 hm=93228 ht=283428 pf=0 pm=0 pt=0 ru=234964 rp=238320
23:23:18.781 @T t=27012 s=0.000 lv=-40.1 pk=-38.9 c0=3.2 c1=5.1 kw=4.94 inf=1.52 iv=0.00 n=0 d=0 sk=3 hf=96584 hm=93228 ht=283428 pf=0 pm=0 pt=0 ru=234964 rp=238320
23:23:18.781 @T t=27098 s=0.000 lv=-40.0 pk=-38.5 c0=7.9 c1=5.0 kw=4.88 inf=1.83 iv=0.00 n=0 d=0 sk=2 hf=96584 hm=93228 ht=283428 pf=0 pm=0 pt=0 ru=234964 rp=238320
23:23:18.781 @I ww=marvin cut=0.50 win=5 cool=1000 tick=100 wifi=1 srv=1 li=0 ln=0
23:23:18.781 @T t=27210 s=0.000 lv=-39.7 pk=-38.5 c0=4.4 c1=5.8 kw=5.64 inf=1.38 iv=0.00 n=0 d=0 sk=4 hf=96584 hm=93228 ht=283428 pf=0 pm=0 pt=0 ru=234964 rp=238320
23:23:18.781 @T t=27296 s=0.000 lv=-40.9 pk=-40.5 c0=4.3 c1=5.0 kw=4.90 inf=1.84 iv=0.00 n=0 d=0 sk=2 hf=96584 hm=93228 ht=283428 pf=0 pm=0 pt=0 ru=234964 rp=238320
23:23:18.781 @T t=27402 s=0.000 lv=-38.8 pk=-36.5 c0=6.4 c1=5.1 kw=4.93 inf=1.52 iv=0.00 n=0 d=0 sk=3 hf=96584 hm=93228 ht=283428 pf=0 pm=0 pt=0 ru=234964 rp=238320
23:23:18.781 @T t=27508 s=0.000 lv=-39.9 pk=-38.3 c0=3.0 c1=6.0 kw=5.88 inf=1.36 iv=0.00 n=0 d=0 sk=4 hf=96584 hm=93228 ht=283428 pf=0 pm=0 pt=0 ru=234964 rp=238320
23:23:18.781 @T t=27614 s=0.000 lv=-38.3 pk=-37.2 c0=6.3 c1=5.1 kw=4.93 inf=1.52 iv=0.00 n=0 d=0 sk=3 hf=96584 hm=93228 ht=283428 pf=0 pm=0 pt=0 ru=234964 rp=238320
23:23:18.782 @T t=27700 s=0.000 lv=-38.5 pk=-38.0 c0=3.7 c1=5.0 kw=4.83 inf=1.81 iv=0.00 n=0 d=0 sk=2 hf=96584 hm=93228 ht=283428 pf=0 pm=0 pt=0 ru=234964 rp=238320
23:23:18.782 @T t=27806 s=0.000 lv=-39.3 pk=-38.4 c0=3.1 c1=6.0 kw=5.87 inf=1.36 iv=0.00 n=0 d=0 sk=4 hf=96584 hm=93228 ht=283428 pf=0 pm=0 pt=0 ru=234964 rp=238320
23:23:18.782 @T t=27912 s=0.000 lv=-39.5 pk=-37.8 c0=6.4 c1=5.0 kw=4.91 inf=1.51 iv=0.00 n=0 d=0 sk=3 hf=96584 hm=93228 ht=283428 pf=0 pm=0 pt=0 ru=234964 rp=238320
23:23:18.782 @T t=27998 s=0.000 lv=-38.8 pk=-38.0 c0=7.9 c1=5.0 kw=4.87 inf=1.82 iv=0.00 n=0 d=0 sk=2 hf=96584 hm=93228 ht=283428 pf=0 pm=0 pt=0 ru=234964 rp=238320
23:23:18.782 @T t=28104 s=0.000 lv=-41.2 pk=-40.3 c0=6.4 c1=5.1 kw=4.93 inf=1.52 iv=0.00 n=0 d=0 sk=3 hf=96584 hm=93228 ht=283428 pf=0 pm=0 pt=0 ru=234964 rp=238320
23:23:18.782 @I ww=marvin cut=0.50 win=5 cool=1000 tick=100 wifi=1 srv=1 li=0 ln=0
23:23:18.782 @T t=28197 s=0.000 lv=-41.2 pk=-40.1 c0=8.4 c1=6.8 kw=5.78 inf=1.56 iv=0.00 n=0 d=0 sk=3 hf=96584 hm=93228 ht=283428 pf=0 pm=0 pt=0 ru=234964 rp=238320
23:23:18.782 @T t=28303 s=0.000 lv=-41.0 pk=-40.5 c0=4.4 c1=5.2 kw=5.03 inf=1.55 iv=0.00 n=0 d=0 sk=3 hf=96584 hm=93228 ht=283428 pf=0 pm=0 pt=0 ru=234964 rp=238320
23:23:18.782 @T t=28409 s=0.000 lv=-38.5 pk=-37.4 c0=3.3 c1=6.1 kw=5.95 inf=1.37 iv=0.00 n=0 d=0 sk=4 hf=96584 hm=93228 ht=283428 pf=0 pm=0 pt=0 ru=234964 rp=238320
23:23:18.782 @T t=28495 s=0.000 lv=-39.2 pk=-37.5 c0=3.7 c1=5.0 kw=4.84 inf=1.81 iv=0.00 n=0 d=0 sk=2 hf=96584 hm=93228 ht=283428 pf=0 pm=0 pt=0 ru=234964 rp=238320
23:23:18.782 @T t=28601 s=0.000 lv=-39.6 pk=-38.0 c0=3.1 c1=5.1 kw=4.94 inf=1.52 iv=0.00 n=0 d=0 sk=3 hf=96584 hm=93228 ht=283428 pf=0 pm=0 pt=0 ru=234964 rp=238320
23:23:18.783 @T t=28707 s=0.000 lv=-40.2 pk=-39.1 c0=6.3 c1=6.1 kw=5.92 inf=1.37 iv=0.00 n=0 d=0 sk=4 hf=96584 hm=93228 ht=283428 pf=0 pm=0 pt=0 ru=234964 rp=238320
23:23:18.783 @T t=28813 s=0.000 lv=-40.2 pk=-38.5 c0=3.0 c1=5.1 kw=4.93 inf=1.52 iv=0.00 n=0 d=0 sk=3 hf=96584 hm=93228 ht=283428 pf=0 pm=0 pt=0 ru=234964 rp=238320
23:23:18.783 @T t=28899 s=0.000 lv=-40.0 pk=-39.7 c0=7.8 c1=5.0 kw=4.90 inf=1.84 iv=0.00 n=0 d=0 sk=2 hf=96584 hm=93228 ht=283428 pf=0 pm=0 pt=0 ru=234964 rp=238320
23:23:18.783 @T t=29005 s=0.000 lv=-40.2 pk=-37.8 c0=6.5 c1=5.4 kw=5.04 inf=1.51 iv=0.00 n=0 d=0 sk=3 hf=96584 hm=93228 ht=283428 pf=0 pm=0 pt=0 ru=234964 rp=238320
23:23:18.784 @T t=29111 s=0.000 lv=-39.7 pk=-39.2 c0=6.4 c1=6.2 kw=5.82 inf=1.83 iv=0.00 n=0 d=0 sk=3 hf=96584 hm=93228 ht=283428 pf=0 pm=0 pt=0 ru=234964 rp=238320
23:23:18.784 @I ww=marvin cut=0.50 win=5 cool=1000 tick=100 wifi=1 srv=1 li=0 ln=0
23:23:18.784 @T t=29203 s=0.000 lv=-39.0 pk=-37.7 c0=5.0 c1=4.7 kw=4.57 inf=1.84 iv=0.00 n=0 d=0 sk=2 hf=96584 hm=93228 ht=283428 pf=0 pm=0 pt=0 ru=234964 rp=238320
23:23:18.784 @T t=29309 s=0.000 lv=-40.9 pk=-39.3 c0=6.5 c1=6.1 kw=5.93 inf=1.37 iv=0.00 n=0 d=0 sk=4 hf=96584 hm=93228 ht=283428 pf=0 pm=0 pt=0 ru=234964 rp=238320
23:23:18.784 @T t=29395 s=0.000 lv=-39.4 pk=-37.6 c0=8.2 c1=5.3 kw=4.88 inf=1.84 iv=0.00 n=0 d=0 sk=2 hf=96584 hm=93228 ht=283428 pf=0 pm=0 pt=0 ru=234964 rp=238320
23:23:18.785 @T t=29501 s=0.000 lv=-39.6 pk=-37.9 c0=3.2 c1=4.9 kw=5.02 inf=1.54 iv=0.00 n=0 d=0 sk=3 hf=96584 hm=93228 ht=283428 pf=0 pm=0 pt=0 ru=234964 rp=238320
23:23:21.079 @T t=29607 s=0.000 lv=-39.8 pk=-37.7 c0=6.4 c1=6.1 kw=5.93 inf=1.37 iv=0.00 n=0 d=0 sk=4 hf=96584 hm=93228 ht=283428 pf=0 pm=0 pt=0 ru=234964 rp=238320
23:23:21.080 @T t=29713 s=0.000 lv=-41.4 pk=-40.4 c0=3.0 c1=5.0 kw=4.90 inf=1.51 iv=0.00 n=0 d=0 sk=3 hf=96584 hm=93228 ht=283428 pf=0 pm=0 pt=0 ru=234964 rp=238320
23:23:21.080 @T t=29799 s=0.000 lv=-41.9 pk=-40.9 c0=3.7 c1=5.0 kw=4.83 inf=1.81 iv=0.00 n=0 d=0 sk=2 hf=96584 hm=93228 ht=283428 pf=0 pm=0 pt=0 ru=234964 rp=238320
23:23:21.080 @T t=29905 s=0.000 lv=-41.0 pk=-39.7 c0=6.4 c1=5.4 kw=5.08 inf=1.53 iv=0.00 n=0 d=0 sk=3 hf=96584 hm=93228 ht=283428 pf=0 pm=0 pt=0 ru=234964 rp=238320
23:23:21.080 @T t=30011 s=0.000 lv=-41.0 pk=-39.4 c0=6.4 c1=6.2 kw=5.76 inf=1.81 iv=0.00 n=0 d=0 sk=3 hf=96584 hm=93228 ht=283428 pf=0 pm=0 pt=0 ru=234964 rp=238320
23:23:21.080 @T t=30097 s=0.000 lv=-41.9 pk=-39.7 c0=7.8 c1=5.0 kw=4.90 inf=1.84 iv=0.00 n=0 d=0 sk=2 hf=96584 hm=93228 ht=283428 pf=0 pm=0 pt=0 ru=234964 rp=238320
23:23:21.080 @I ww=marvin cut=0.50 win=5 cool=1000 tick=100 wifi=1 srv=1 li=0 ln=0
23:23:21.080 @T t=30209 s=0.000 lv=-40.3 pk=-39.6 c0=6.8 c1=6.3 kw=5.78 inf=1.41 iv=0.00 n=0 d=0 sk=4 hf=96584 hm=93228 ht=283428 pf=0 pm=0 pt=0 ru=234964 rp=238320
23:23:21.080 @T t=30295 s=0.000 lv=-40.4 pk=-40.2 c0=4.8 c1=5.1 kw=4.94 inf=1.85 iv=0.00 n=0 d=0 sk=2 hf=96584 hm=93228 ht=283428 pf=0 pm=0 pt=0 ru=234964 rp=238320
23:23:21.080 @T t=30401 s=0.000 lv=-39.8 pk=-37.8 c0=6.5 c1=5.0 kw=4.91 inf=1.51 iv=0.00 n=0 d=0 sk=3 hf=96584 hm=93228 ht=283428 pf=0 pm=0 pt=0 ru=234964 rp=238320
23:23:21.080 @T t=30507 s=0.000 lv=-41.2 pk=-39.7 c0=6.3 c1=6.0 kw=5.88 inf=1.36 iv=0.00 n=0 d=0 sk=4 hf=96584 hm=93228 ht=283428 pf=0 pm=0 pt=0 ru=234964 rp=238320
23:23:21.080 @T t=30613 s=0.000 lv=-40.7 pk=-39.9 c0=6.6 c1=5.1 kw=4.98 inf=1.53 iv=0.00 n=0 d=0 sk=3 hf=96584 hm=93228 ht=283428 pf=0 pm=0 pt=0 ru=234964 rp=238320
23:23:21.081 @T t=30699 s=0.000 lv=-41.5 pk=-40.9 c0=4.0 c1=5.0 kw=4.87 inf=1.83 iv=0.00 n=0 d=0 sk=2 hf=96584 hm=93228 ht=283428 pf=0 pm=0 pt=0 ru=234964 rp=238320
23:23:21.081 @T t=30805 s=0.000 lv=-40.1 pk=-38.6 c0=3.1 c1=5.4 kw=5.06 inf=1.52 iv=0.00 n=0 d=0 sk=3 hf=96584 hm=93228 ht=283428 pf=0 pm=0 pt=0 ru=234964 rp=238320
23:23:21.081 @T t=30911 s=0.000 lv=-41.1 pk=-40.1 c0=6.4 c1=6.2 kw=5.77 inf=1.81 iv=0.00 n=0 d=0 sk=3 hf=96584 hm=93228 ht=283428 pf=0 pm=0 pt=0 ru=234964 rp=238320
23:23:21.081 @T t=30997 s=0.000 lv=-41.0 pk=-39.3 c0=3.8 c1=5.0 kw=4.86 inf=1.82 iv=0.00 n=0 d=0 sk=2 hf=96584 hm=93228 ht=283428 pf=0 pm=0 pt=0 ru=234964 rp=238320
23:23:21.081 [status] up 31s | mic -39.5 dBFS (peak -32.6) | score max 0.00 | detections 0 | inferences 133 (13.3/s; model 1.17 ms each, paused in quiet 58%; features 1.47 ms per 30 ms) | CPU core0  4.9% core1  7.1% (wake word pipeline 6.91% of one core) | RAM used 229 KB (peak 232 KB, 94 KB free) | wifi OK, server OK | audio lost since boot: i2s 0 net 0
23:23:21.081 @T t=31106 s=0.000 lv=-42.2 pk=-41.4 c0=24.1 c1=6.0 kw=5.82 inf=1.38 iv=0.00 n=0 d=0 sk=4 hf=96584 hm=93228 ht=283428 pf=0 pm=0 pt=0 ru=234964 rp=238320
23:23:21.081 @I ww=marvin cut=0.50 win=5 cool=1000 tick=100 wifi=1 srv=1 li=0 ln=0
23:23:21.081 @T t=31198 s=0.000 lv=-40.3 pk=-39.4 c0=5.1 c1=4.8 kw=4.62 inf=1.85 iv=0.00 n=0 d=0 sk=2 hf=96584 hm=93228 ht=283428 pf=0 pm=0 pt=0 ru=234964 rp=238320
23:23:21.081 @T t=31304 s=0.000 lv=-39.7 pk=-39.0 c0=6.5 c1=5.1 kw=4.97 inf=1.53 iv=0.00 n=0 d=0 sk=3 hf=96584 hm=93228 ht=283428 pf=0 pm=0 pt=0 ru=234964 rp=238320
23:23:21.081 @T t=31410 s=0.000 lv=-40.9 pk=-39.5 c0=6.3 c1=6.0 kw=5.88 inf=1.36 iv=0.00 n=0 d=0 sk=4 hf=96584 hm=93228 ht=283428 pf=0 pm=0 pt=0 ru=234964 rp=238320
23:23:21.081 @T t=31496 s=0.000 lv=-40.7 pk=-39.6 c0=3.7 c1=5.0 kw=4.84 inf=1.81 iv=0.00 n=0 d=0 sk=2 hf=96584 hm=93228 ht=283428 pf=0 pm=0 pt=0 ru=234964 rp=238320
23:23:21.081 @T t=31602 s=0.000 lv=-40.1 pk=-39.7 c0=3.0 c1=5.0 kw=4.91 inf=1.51 iv=0.00 n=0 d=0 sk=3 hf=96584 hm=93228 ht=283428 pf=0 pm=0 pt=0 ru=234964 rp=238320
23:23:21.081 @T t=31708 s=0.000 lv=-40.2 pk=-39.2 c0=3.4 c1=6.2 kw=5.97 inf=1.38 iv=0.00 n=0 d=0 sk=4 hf=96584 hm=93228 ht=283428 pf=0 pm=0 pt=0 ru=234964 rp=238320
23:23:21.081 @T t=31814 s=0.000 lv=-40.2 pk=-38.8 c0=3.3 c1=5.1 kw=4.94 inf=1.52 iv=0.00 n=0 d=0 sk=3 hf=96584 hm=93228 ht=283428 pf=0 pm=0 pt=0 ru=234964 rp=238320
23:23:23.668 @T t=31900 s=0.000 lv=-41.1 pk=-40.2 c0=7.9 c1=5.0 kw=4.84 inf=1.81 iv=0.00 n=0 d=0 sk=2 hf=96584 hm=93228 ht=283428 pf=0 pm=0 pt=0 ru=234964 rp=238320
23:23:23.669 @T t=32006 s=0.000 lv=-41.0 pk=-39.4 c0=6.5 c1=6.1 kw=5.91 inf=1.36 iv=0.00 n=0 d=0 sk=4 hf=96584 hm=93228 ht=283428 pf=0 pm=0 pt=0 ru=234964 rp=238320
23:23:23.669 @T t=32112 s=0.000 lv=-40.9 pk=-40.2 c0=6.4 c1=5.1 kw=4.92 inf=1.52 iv=0.00 n=0 d=0 sk=3 hf=96584 hm=93228 ht=283428 pf=0 pm=0 pt=0 ru=234964 rp=238320
23:23:23.669 @I ww=marvin cut=0.50 win=5 cool=1000 tick=100 wifi=1 srv=1 li=0 ln=0
23:23:23.669 @T t=32205 s=0.000 lv=-40.1 pk=-39.1 c0=7.7 c1=6.3 kw=4.94 inf=1.30 iv=0.00 n=0 d=0 sk=3 hf=96584 hm=93228 ht=283428 pf=0 pm=0 pt=0 ru=234964 rp=238320
23:23:23.669 @T t=32311 s=0.000 lv=-40.6 pk=-39.6 c0=4.0 c1=6.3 kw=5.85 inf=1.84 iv=0.00 n=0 d=0 sk=3 hf=96584 hm=93228 ht=283428 pf=0 pm=0 pt=0 ru=234964 rp=238320
23:23:23.669 @T t=32397 s=0.000 lv=-41.1 pk=-40.5 c0=3.9 c1=5.0 kw=4.87 inf=1.83 iv=0.00 n=0 d=0 sk=2 hf=96584 hm=93228 ht=283428 pf=0 pm=0 pt=0 ru=234964 rp=238320
23:23:23.669 @T t=32503 s=0.000 lv=-41.0 pk=-40.5 c0=3.0 c1=5.0 kw=4.92 inf=1.51 iv=0.00 n=0 d=0 sk=3 hf=96584 hm=93228 ht=283428 pf=0 pm=0 pt=0 ru=234964 rp=238320
23:23:23.670 @T t=32609 s=0.000 lv=-39.7 pk=-37.3 c0=3.0 c1=6.1 kw=5.89 inf=1.36 iv=0.00 n=0 d=0 sk=4 hf=96584 hm=93228 ht=283428 pf=0 pm=0 pt=0 ru=234964 rp=238320
23:23:23.670 @T t=32695 s=0.000 lv=-40.2 pk=-39.3 c0=7.8 c1=5.0 kw=4.83 inf=1.81 iv=0.00 n=0 d=0 sk=2 hf=96584 hm=93228 ht=283428 pf=0 pm=0 pt=0 ru=234964 rp=238320
23:23:23.670 @T t=32801 s=0.000 lv=-38.8 pk=-37.4 c0=3.4 c1=5.1 kw=4.98 inf=1.53 iv=0.00 n=0 d=0 sk=3 hf=96584 hm=93228 ht=283428 pf=0 pm=0 pt=0 ru=234964 rp=238320
23:23:23.670 @T t=32907 s=0.000 lv=-40.2 pk=-38.3 c0=3.4 c1=6.1 kw=5.93 inf=1.37 iv=0.00 n=0 d=0 sk=4 hf=96584 hm=93228 ht=283428 pf=0 pm=0 pt=0 ru=234964 rp=238320
23:23:23.670 @T t=33013 s=0.000 lv=-39.9 pk=-38.8 c0=6.5 c1=5.1 kw=4.94 inf=1.52 iv=0.00 n=0 d=0 sk=3 hf=96584 hm=93228 ht=283428 pf=0 pm=0 pt=0 ru=234964 rp=238320
23:23:23.671 @T t=33099 s=0.000 lv=-40.1 pk=-39.2 c0=7.8 c1=5.0 kw=4.89 inf=1.83 iv=0.00 n=0 d=0 sk=2 hf=96584 hm=93228 ht=283428 pf=0 pm=0 pt=0 ru=234964 rp=238320
23:23:23.671 @I ww=marvin cut=0.50 win=5 cool=1000 tick=100 wifi=1 srv=1 li=0 ln=0
23:23:23.671 @T t=33211 s=0.000 lv=-40.0 pk=-38.3 c0=11.4 c1=5.8 kw=5.62 inf=1.37 iv=0.00 n=0 d=0 sk=4 hf=96584 hm=93228 ht=283428 pf=0 pm=0 pt=0 ru=234964 rp=238320
23:23:23.671 @T t=33297 s=0.000 lv=-38.9 pk=-37.6 c0=4.0 c1=5.0 kw=4.91 inf=1.84 iv=0.00 n=0 d=0 sk=2 hf=96584 hm=93228 ht=283428 pf=0 pm=0 pt=0 ru=234964 rp=238320
23:23:23.671 @T t=33403 s=0.000 lv=-39.5 pk=-37.2 c0=6.3 c1=5.1 kw=4.96 inf=1.53 iv=0.00 n=0 d=0 sk=3 hf=96584 hm=93228 ht=283428 pf=0 pm=0 pt=0 ru=234964 rp=238320
23:23:23.672 @T t=33509 s=0.000 lv=-40.5 pk=-38.1 c0=3.0 c1=6.0 kw=5.89 inf=1.36 iv=0.00 n=0 d=0 sk=4 hf=96584 hm=93228 ht=283428 pf=0 pm=0 pt=0 ru=234964 rp=238320
23:23:23.672 @T t=33595 s=0.000 lv=-39.3 pk=-38.0 c0=7.7 c1=5.0 kw=4.91 inf=1.84 iv=0.00 n=0 d=0 sk=2 hf=96584 hm=93228 ht=283428 pf=0 pm=0 pt=0 ru=234964 rp=238320
23:23:23.672 @T t=33701 s=0.000 lv=-38.7 pk=-37.3 c0=6.3 c1=5.0 kw=4.91 inf=1.51 iv=0.00 n=0 d=0 sk=3 hf=96584 hm=93228 ht=283428 pf=0 pm=0 pt=0 ru=234964 rp=238320
23:23:23.672 @T t=33807 s=0.000 lv=-38.6 pk=-37.3 c0=3.1 c1=6.1 kw=5.90 inf=1.36 iv=0.00 n=0 d=0 sk=4 hf=96584 hm=93228 ht=283428 pf=0 pm=0 pt=0 ru=234964 rp=238320
23:23:23.672 @T t=33913 s=0.000 lv=-39.9 pk=-39.0 c0=3.5 c1=5.2 kw=5.00 inf=1.54 iv=0.00 n=0 d=0 sk=3 hf=96584 hm=93228 ht=283428 pf=0 pm=0 pt=0 ru=234964 rp=238320
23:23:23.672 @T t=33999 s=0.000 lv=-40.6 pk=-40.3 c0=4.1 c1=5.0 kw=4.90 inf=1.84 iv=0.00 n=0 d=0 sk=2 hf=96584 hm=93228 ht=283428 pf=0 pm=0 pt=0 ru=234964 rp=238320
23:23:23.673 @T t=34105 s=0.000 lv=-40.3 pk=-39.5 c0=6.4 c1=5.4 kw=5.06 inf=1.52 iv=0.00 n=0 d=0 sk=3 hf=96584 hm=93228 ht=283428 pf=0 pm=0 pt=0 ru=234964 rp=238320
23:23:23.673 @I ww=marvin cut=0.50 win=5 cool=1000 tick=100 wifi=1 srv=1 li=0 ln=0
23:23:23.673 @T t=34197 s=0.000 lv=-40.2 pk=-39.9 c0=16.8 c1=6.9 kw=6.06 inf=1.67 iv=0.00 n=0 d=0 sk=3 hf=96584 hm=93228 ht=283428 pf=0 pm=0 pt=0 ru=234964 rp=238320
23:23:23.673 @T t=34303 s=0.000 lv=-40.1 pk=-39.1 c0=4.1 c1=5.1 kw=4.99 inf=1.54 iv=0.00 n=0 d=0 sk=3 hf=96584 hm=93228 ht=283428 pf=0 pm=0 pt=0 ru=234964 rp=238320
23:23:23.673 @T t=34409 s=0.000 lv=-39.3 pk=-38.2 c0=3.2 c1=6.1 kw=5.98 inf=1.38 iv=0.00 n=0 d=0 sk=4 hf=96584 hm=93228 ht=283428 pf=0 pm=0 pt=0 ru=234964 rp=238320
23:23:26.178 @T t=34495 s=0.000 lv=-39.8 pk=-39.2 c0=3.6 c1=5.0 kw=4.85 inf=1.82 iv=0.00 n=0 d=0 sk=2 hf=96584 hm=93228 ht=283428 pf=0 pm=0 pt=0 ru=234964 rp=238320
23:23:26.179 @T t=34601 s=0.000 lv=-39.0 pk=-38.3 c0=3.0 c1=5.0 kw=4.91 inf=1.51 iv=0.00 n=0 d=0 sk=3 hf=96584 hm=93228 ht=283428 pf=0 pm=0 pt=0 ru=234964 rp=238320
23:23:26.179 @T t=34707 s=0.000 lv=-39.1 pk=-37.7 c0=3.0 c1=6.1 kw=5.90 inf=1.36 iv=0.00 n=0 d=0 sk=4 hf=96584 hm=93228 ht=283428 pf=0 pm=0 pt=0 ru=234964 rp=238320
23:23:26.179 @T t=34813 s=0.000 lv=-40.2 pk=-39.4 c0=3.1 c1=5.0 kw=4.91 inf=1.51 iv=0.00 n=0 d=0 sk=3 hf=96584 hm=93228 ht=283428 pf=0 pm=0 pt=0 ru=234964 rp=238320
23:23:26.179 @T t=34899 s=0.000 lv=-39.2 pk=-38.3 c0=3.8 c1=5.0 kw=4.88 inf=1.83 iv=0.00 n=0 d=0 sk=2 hf=96584 hm=93228 ht=283428 pf=0 pm=0 pt=0 ru=234964 rp=238320
23:23:26.180 @T t=35005 s=0.000 lv=-39.8 pk=-38.9 c0=3.2 c1=5.4 kw=5.07 inf=1.52 iv=0.00 n=0 d=0 sk=3 hf=96584 hm=93228 ht=283428 pf=0 pm=0 pt=0 ru=234964 rp=238320
23:23:26.180 @T t=35111 s=0.000 lv=-40.7 pk=-39.8 c0=6.7 c1=6.2 kw=5.82 inf=1.83 iv=0.00 n=0 d=0 sk=3 hf=96584 hm=93228 ht=283428 pf=0 pm=0 pt=0 ru=234964 rp=238320
23:23:26.180 @I ww=marvin cut=0.50 win=5 cool=1000 tick=100 wifi=1 srv=1 li=0 ln=0
23:23:26.180 @T t=35203 s=0.000 lv=-40.1 pk=-37.9 c0=5.2 c1=4.7 kw=4.58 inf=1.83 iv=0.00 n=0 d=0 sk=2 hf=96584 hm=93228 ht=283428 pf=0 pm=0 pt=0 ru=234964 rp=238320
23:23:26.180 @T t=35309 s=0.000 lv=-39.1 pk=-37.1 c0=3.2 c1=6.1 kw=5.96 inf=1.38 iv=0.00 n=0 d=0 sk=4 hf=96584 hm=93228 ht=283428 pf=0 pm=0 pt=0 ru=234964 rp=238320
23:23:26.181 @T t=35395 s=0.000 lv=-38.6 pk=-37.4 c0=7.8 c1=5.0 kw=4.91 inf=1.84 iv=0.00 n=0 d=0 sk=2 hf=96584 hm=93228 ht=283428 pf=0 pm=0 pt=0 ru=234964 rp=238320
23:23:26.181 @T t=35501 s=0.000 lv=-39.3 pk=-37.8 c0=3.0 c1=5.1 kw=4.93 inf=1.52 iv=0.00 n=0 d=0 sk=3 hf=96584 hm=93228 ht=283428 pf=0 pm=0 pt=0 ru=234964 rp=238320
23:23:26.181 @T t=35607 s=0.000 lv=-39.3 pk=-38.3 c0=6.3 c1=6.0 kw=5.88 inf=1.36 iv=0.00 n=0 d=0 sk=4 hf=96584 hm=93228 ht=283428 pf=0 pm=0 pt=0 ru=234964 rp=238320
23:23:26.181 @T t=35713 s=0.000 lv=-38.5 pk=-36.5 c0=3.0 c1=5.0 kw=4.91 inf=1.51 iv=0.00 n=0 d=0 sk=3 hf=96584 hm=93228 ht=283428 pf=0 pm=0 pt=0 ru=234964 rp=238320
23:23:26.181 @T t=35799 s=0.000 lv=-38.5 pk=-37.2 c0=3.7 c1=5.0 kw=4.83 inf=1.81 iv=0.00 n=0 d=0 sk=2 hf=96584 hm=93228 ht=283428 pf=0 pm=0 pt=0 ru=234964 rp=238320
23:23:26.182 @T t=35905 s=0.000 lv=-38.6 pk=-37.0 c0=3.2 c1=5.4 kw=5.08 inf=1.53 iv=0.00 n=0 d=0 sk=3 hf=96584 hm=93228 ht=283428 pf=0 pm=0 pt=0 ru=234964 rp=238320
23:23:26.182 @T t=36011 s=0.000 lv=-39.4 pk=-37.3 c0=6.4 c1=6.2 kw=5.78 inf=1.82 iv=0.00 n=0 d=0 sk=3 hf=96584 hm=93228 ht=283428 pf=0 pm=0 pt=0 ru=234964 rp=238320
23:23:26.182 @T t=36097 s=0.000 lv=-39.9 pk=-39.5 c0=7.9 c1=5.0 kw=4.88 inf=1.83 iv=0.00 n=0 d=0 sk=2 hf=96584 hm=93228 ht=283428 pf=0 pm=0 pt=0 ru=234964 rp=238320
23:23:26.182 @I ww=marvin cut=0.50 win=5 cool=1000 tick=100 wifi=1 srv=1 li=0 ln=0
23:23:26.182 @T t=36209 s=0.000 lv=-40.5 pk=-39.4 c0=14.3 c1=6.3 kw=5.74 inf=1.40 iv=0.00 n=0 d=0 sk=4 hf=96584 hm=93228 ht=283428 pf=0 pm=0 pt=0 ru=234964 rp=238320
23:23:26.182 @T t=36295 s=0.000 lv=-40.2 pk=-39.6 c0=4.9 c1=5.1 kw=4.95 inf=1.85 iv=0.00 n=0 d=0 sk=2 hf=96584 hm=93228 ht=283428 pf=0 pm=0 pt=0 ru=234964 rp=238320
23:23:26.183 @T t=36401 s=0.000 lv=-40.4 pk=-39.9 c0=3.3 c1=5.0 kw=4.90 inf=1.51 iv=0.00 n=0 d=0 sk=3 hf=96584 hm=93228 ht=283428 pf=0 pm=0 pt=0 ru=234964 rp=238320
23:23:26.183 @T t=36507 s=0.000 lv=-39.8 pk=-38.9 c0=3.1 c1=6.1 kw=5.90 inf=1.36 iv=0.00 n=0 d=0 sk=4 hf=96584 hm=93228 ht=283428 pf=0 pm=0 pt=0 ru=234964 rp=238320
23:23:26.183 @T t=36613 s=0.000 lv=-40.5 pk=-39.0 c0=6.3 c1=5.0 kw=4.92 inf=1.51 iv=0.00 n=0 d=0 sk=3 hf=96584 hm=93228 ht=283428 pf=0 pm=0 pt=0 ru=234964 rp=238320
23:23:26.183 @T t=36699 s=0.000 lv=-40.7 pk=-40.0 c0=3.7 c1=5.0 kw=4.86 inf=1.82 iv=0.00 n=0 d=0 sk=2 hf=96584 hm=93228 ht=283428 pf=0 pm=0 pt=0 ru=234964 rp=238320
23:23:26.184 @T t=36805 s=0.000 lv=-40.4 pk=-39.2 c0=3.1 c1=5.4 kw=5.07 inf=1.52 iv=0.00 n=0 d=0 sk=3 hf=96584 hm=93228 ht=283428 pf=0 pm=0 pt=0 ru=234964 rp=238320
23:23:26.184 @T t=36911 s=0.000 lv=-40.3 pk=-39.3 c0=6.4 c1=6.2 kw=5.77 inf=1.82 iv=0.00 n=0 d=0 sk=3 hf=96584 hm=93228 ht=283428 pf=0 pm=0 pt=0 ru=234964 rp=238320
23:23:28.772 @T t=36997 s=0.000 lv=-39.8 pk=-38.9 c0=7.9 c1=5.0 kw=4.86 inf=1.82 iv=0.00 n=0 d=0 sk=2 hf=96584 hm=93228 ht=283428 pf=0 pm=0 pt=0 ru=234964 rp=238320
23:23:28.772 @T t=37103 s=0.000 lv=-39.8 pk=-38.7 c0=3.1 c1=5.1 kw=4.96 inf=1.53 iv=0.00 n=0 d=0 sk=3 hf=96584 hm=93228 ht=283428 pf=0 pm=0 pt=0 ru=234964 rp=238320
23:23:28.772 @I ww=marvin cut=0.50 win=5 cool=1000 tick=100 wifi=1 srv=1 li=0 ln=0
23:23:28.772 @T t=37214 s=0.000 lv=-40.3 pk=-39.1 c0=4.1 c1=5.9 kw=5.72 inf=1.38 iv=0.00 n=0 d=0 sk=4 hf=96584 hm=93228 ht=283428 pf=0 pm=0 pt=0 ru=234964 rp=238320
23:23:28.773 @T t=37300 s=0.000 lv=-41.3 pk=-40.4 c0=4.5 c1=5.1 kw=4.98 inf=1.87 iv=0.00 n=0 d=0 sk=2 hf=96584 hm=93228 ht=283428 pf=0 pm=0 pt=0 ru=234964 rp=238320
23:23:28.773 @T t=37406 s=0.000 lv=-39.4 pk=-37.4 c0=3.3 c1=6.0 kw=5.91 inf=1.36 iv=0.00 n=0 d=0 sk=4 hf=96584 hm=93228 ht=283428 pf=0 pm=0 pt=0 ru=234964 rp=238320
23:23:28.773 @T t=37512 s=0.000 lv=-40.0 pk=-39.0 c0=3.1 c1=5.0 kw=4.89 inf=1.50 iv=0.00 n=0 d=0 sk=3 hf=96584 hm=93228 ht=283428 pf=0 pm=0 pt=0 ru=234964 rp=238320
23:23:28.773 @T t=37598 s=0.000 lv=-39.9 pk=-37.9 c0=7.8 c1=5.0 kw=4.85 inf=1.81 iv=0.00 n=0 d=0 sk=2 hf=96584 hm=93228 ht=283428 pf=0 pm=0 pt=0 ru=234964 rp=238320
23:23:28.773 @T t=37704 s=0.000 lv=-39.3 pk=-36.4 c0=3.0 c1=5.0 kw=4.89 inf=1.50 iv=0.00 n=0 d=0 sk=3 hf=96584 hm=93228 ht=283428 pf=0 pm=0 pt=0 ru=234964 rp=238320
23:23:28.774 @T t=37810 s=0.000 lv=-39.9 pk=-39.1 c0=6.3 c1=6.1 kw=5.92 inf=1.37 iv=0.00 n=0 d=0 sk=4 hf=96584 hm=93228 ht=283428 pf=0 pm=0 pt=0 ru=234964 rp=238320
23:23:28.774 @T t=37896 s=0.000 lv=-39.9 pk=-38.8 c0=7.9 c1=5.0 kw=4.86 inf=1.82 iv=0.00 n=0 d=0 sk=2 hf=96584 hm=93228 ht=283428 pf=0 pm=0 pt=0 ru=234964 rp=238320
23:23:28.774 @T t=38002 s=0.000 lv=-37.1 pk=-33.4 c0=3.2 c1=14.4 kw=14.24 inf=1.20 iv=0.97 n=10 d=0 sk=2 hf=96584 hm=93228 ht=283428 pf=0 pm=0 pt=0 ru=234964 rp=238320
23:23:28.774 @T t=38108 s=0.000 lv=-38.7 pk=-36.0 c0=3.5 c1=10.6 kw=10.42 inf=2.55 iv=1.13 n=4 d=0 sk=0 hf=96584 hm=93228 ht=283428 pf=0 pm=0 pt=0 ru=234964 rp=238320
23:23:28.775 @I ww=marvin cut=0.50 win=5 cool=1000 tick=100 wifi=1 srv=1 li=0 ln=0
23:23:28.775 @T t=38199 s=0.000 lv=-40.2 pk=-39.7 c0=6.9 c1=8.8 kw=8.58 inf=2.41 iv=1.14 n=3 d=0 sk=0 hf=95012 hm=93228 ht=283428 pf=0 pm=0 pt=0 ru=236536 rp=238320
23:23:28.775 @T t=38305 s=0.000 lv=-38.9 pk=-37.8 c0=4.4 c1=11.2 kw=9.17 inf=2.95 iv=1.31 n=3 d=0 sk=0 hf=96584 hm=93228 ht=283428 pf=0 pm=0 pt=0 ru=234964 rp=238320
23:23:28.775 @T t=38414 s=0.000 lv=-38.9 pk=-38.2 c0=9.4 c1=11.0 kw=10.96 inf=2.81 iv=1.35 n=4 d=0 sk=0 hf=96584 hm=93228 ht=283428 pf=0 pm=0 pt=0 ru=234964 rp=238320
23:23:28.775 @T t=38500 s=0.000 lv=-39.1 pk=-37.8 c0=4.2 c1=9.5 kw=9.22 inf=2.45 iv=1.18 n=3 d=0 sk=0 hf=96584 hm=93228 ht=283428 pf=0 pm=0 pt=0 ru=234964 rp=238320
23:23:28.776 @T t=38606 s=0.000 lv=-37.1 pk=-33.6 c0=3.4 c1=9.7 kw=8.43 inf=2.70 iv=1.12 n=3 d=0 sk=0 hf=96584 hm=93228 ht=283428 pf=0 pm=0 pt=0 ru=234964 rp=238320
23:23:28.776 @T t=38712 s=0.000 lv=-38.8 pk=-37.9 c0=3.3 c1=9.7 kw=10.27 inf=2.55 iv=1.11 n=4 d=0 sk=0 hf=96584 hm=93228 ht=283428 pf=0 pm=0 pt=0 ru=234964 rp=238320
23:23:28.776 @T t=38798 s=0.000 lv=-38.5 pk=-37.6 c0=4.1 c1=9.5 kw=9.30 inf=2.48 iv=1.18 n=3 d=0 sk=0 hf=96584 hm=93228 ht=283428 pf=0 pm=0 pt=0 ru=234964 rp=238320
23:23:28.776 @T t=38904 s=0.000 lv=-38.8 pk=-36.3 c0=6.7 c1=8.8 kw=8.56 inf=2.79 iv=1.19 n=3 d=0 sk=0 hf=96584 hm=93228 ht=283428 pf=0 pm=0 pt=0 ru=234964 rp=238320
23:23:28.776 @T t=39013 s=0.000 lv=-38.5 pk=-37.2 c0=9.0 c1=10.8 kw=10.54 inf=2.65 iv=1.19 n=4 d=0 sk=0 hf=96584 hm=93228 ht=283428 pf=0 pm=0 pt=0 ru=234964 rp=238320
23:23:28.776 @T t=39099 s=0.000 lv=-39.0 pk=-38.0 c0=4.0 c1=9.4 kw=9.23 inf=2.46 iv=1.18 n=3 d=0 sk=0 hf=96584 hm=93228 ht=283428 pf=0 pm=0 pt=0 ru=234964 rp=238320
23:23:28.777 @I ww=marvin cut=0.50 win=5 cool=1000 tick=100 wifi=1 srv=1 li=0 ln=0
23:23:28.777 @T t=39211 s=0.000 lv=-38.5 pk=-37.4 c0=4.4 c1=10.2 kw=9.92 inf=2.57 iv=1.13 n=4 d=0 sk=0 hf=96584 hm=93228 ht=283428 pf=0 pm=0 pt=0 ru=234964 rp=238320
23:23:28.777 @T t=39297 s=0.000 lv=-38.3 pk=-37.2 c0=4.3 c1=8.3 kw=8.10 inf=3.20 iv=1.26 n=2 d=0 sk=0 hf=96584 hm=93228 ht=283428 pf=0 pm=0 pt=0 ru=234964 rp=238320
23:23:28.777 @T t=39403 s=0.000 lv=-37.1 pk=-36.6 c0=3.4 c1=9.7 kw=9.54 inf=2.35 iv=1.15 n=4 d=0 sk=0 hf=96584 hm=93228 ht=283428 pf=0 pm=0 pt=0 ru=234964 rp=238320
23:23:28.777 @T t=39512 s=0.000 lv=-38.8 pk=-37.8 c0=3.2 c1=10.5 kw=10.29 inf=2.59 iv=1.14 n=4 d=0 sk=0 hf=96584 hm=93228 ht=283428 pf=0 pm=0 pt=0 ru=234964 rp=238320
23:23:31.086 @T t=39598 s=0.000 lv=-38.6 pk=-38.3 c0=4.6 c1=8.4 kw=8.14 inf=3.21 iv=1.26 n=2 d=0 sk=0 hf=96584 hm=93228 ht=283428 pf=0 pm=0 pt=0 ru=234964 rp=238320
23:23:31.087 @T t=39704 s=0.000 lv=-37.0 pk=-34.7 c0=3.4 c1=9.8 kw=9.61 inf=2.37 iv=1.16 n=4 d=0 sk=0 hf=96584 hm=93228 ht=283428 pf=0 pm=0 pt=0 ru=234964 rp=238320
23:23:31.087 @T t=39813 s=0.000 lv=-37.8 pk=-35.1 c0=8.9 c1=10.7 kw=10.46 inf=2.63 iv=1.17 n=4 d=0 sk=0 hf=96584 hm=93228 ht=283428 pf=0 pm=0 pt=0 ru=234964 rp=238320
23:23:31.087 @T t=39899 s=0.000 lv=-38.6 pk=-37.0 c0=4.3 c1=8.3 kw=8.14 inf=3.22 iv=1.28 n=2 d=0 sk=0 hf=96584 hm=93228 ht=283428 pf=0 pm=0 pt=0 ru=234964 rp=238320
23:23:31.087 @T t=40005 s=0.000 lv=-39.7 pk=-37.7 c0=3.6 c1=10.1 kw=9.73 inf=2.37 iv=1.16 n=4 d=0 sk=0 hf=96584 hm=93228 ht=283428 pf=0 pm=0 pt=0 ru=234964 rp=238320
23:23:31.087 @T t=40111 s=0.000 lv=-38.1 pk=-36.6 c0=3.4 c1=11.0 kw=10.52 inf=2.61 iv=1.16 n=4 d=0 sk=0 hf=96584 hm=93228 ht=283428 pf=0 pm=0 pt=0 ru=234964 rp=238320
23:23:31.087 @I ww=marvin cut=0.50 win=5 cool=1000 tick=100 wifi=1 srv=1 li=0 ln=0
23:23:31.087 @T t=40202 s=0.000 lv=-40.1 pk=-39.1 c0=4.7 c1=4.8 kw=4.69 inf=1.86 iv=0.00 n=0 d=0 sk=2 hf=96584 hm=93228 ht=283428 pf=0 pm=0 pt=0 ru=234964 rp=238320
23:23:31.087 @T t=40308 s=0.000 lv=-39.5 pk=-38.1 c0=7.1 c1=8.5 kw=6.12 inf=1.41 iv=0.00 n=0 d=0 sk=4 hf=96584 hm=93228 ht=283428 pf=0 pm=0 pt=0 ru=234964 rp=238320
23:23:31.087 @T t=40414 s=0.000 lv=-40.4 pk=-39.1 c0=6.6 c1=5.1 kw=4.99 inf=1.54 iv=0.00 n=0 d=0 sk=3 hf=96584 hm=93228 ht=283428 pf=0 pm=0 pt=0 ru=234964 rp=238320
23:23:31.088 @T t=40500 s=0.000 lv=-39.9 pk=-38.8 c0=3.7 c1=5.1 kw=4.85 inf=1.82 iv=0.00 n=0 d=0 sk=2 hf=96584 hm=93228 ht=283428 pf=0 pm=0 pt=0 ru=234964 rp=238320
23:23:31.088 I (40919) wifi:[ADDBA]RX DELBA, reason:37, delete tid:0, initiator:1(originator)
23:23:31.088 @T t=40606 s=0.000 lv=-40.4 pk=-38.2 c0=8.2 c1=6.1 kw=5.99 inf=1.38 iv=0.00 n=0 d=0 sk=4 hf=96584 hm=93228 ht=283428 pf=0 pm=0 pt=0 ru=234964 rp=238320
23:23:31.088 @T t=40712 s=0.000 lv=-40.4 pk=-39.6 c0=3.5 c1=5.1 kw=4.98 inf=1.53 iv=0.00 n=0 d=0 sk=3 hf=96584 hm=93228 ht=283428 pf=0 pm=0 pt=0 ru=234964 rp=238320
23:23:31.089 @T t=40798 s=0.000 lv=-39.2 pk=-38.3 c0=4.0 c1=5.1 kw=4.94 inf=1.85 iv=0.00 n=0 d=0 sk=2 hf=96584 hm=93228 ht=283428 pf=0 pm=0 pt=0 ru=234964 rp=238320
23:23:31.089 @T t=40904 s=0.000 lv=-39.9 pk=-39.3 c0=3.2 c1=5.1 kw=4.93 inf=1.52 iv=0.00 n=0 d=0 sk=3 hf=96584 hm=93228 ht=283428 pf=0 pm=0 pt=0 ru=234964 rp=238320
23:23:31.089 @T t=41010 s=0.000 lv=-39.3 pk=-37.5 c0=3.2 c1=6.1 kw=5.97 inf=1.38 iv=0.00 n=0 d=0 sk=4 hf=96584 hm=93228 ht=283428 pf=0 pm=0 pt=0 ru=234964 rp=238320
23:23:31.089 [status] up 41s | mic -39.5 dBFS (peak -33.4) | score max 0.00 | detections 0 | inferences 81 (8.1/s; model 1.16 ms each, paused in quiet 74%; features 1.48 ms per 30 ms) | CPU core0  5.3% core1  6.5% (wake word pipeline 6.25% of one core) | RAM used 229 KB (peak 232 KB, 94 KB free) | wifi OK, server OK | audio lost since boot: i2s 0 net 0
23:23:31.089 @T t=41099 s=0.000 lv=-38.6 pk=-37.4 c0=12.6 c1=4.9 kw=4.76 inf=1.85 iv=0.00 n=0 d=0 sk=2 hf=96584 hm=93228 ht=283428 pf=0 pm=0 pt=0 ru=234964 rp=238320
23:23:31.089 @I ww=marvin cut=0.50 win=5 cool=1000 tick=100 wifi=1 srv=1 li=0 ln=0
23:23:31.089 @T t=41211 s=0.000 lv=-39.4 pk=-37.4 c0=11.5 c1=5.8 kw=5.59 inf=1.36 iv=0.00 n=0 d=0 sk=4 hf=96584 hm=93228 ht=283428 pf=0 pm=0 pt=0 ru=234964 rp=238320
23:23:31.089 @T t=41297 s=0.000 lv=-38.7 pk=-37.3 c0=4.0 c1=5.1 kw=4.93 inf=1.85 iv=0.00 n=0 d=0 sk=2 hf=96584 hm=93228 ht=283428 pf=0 pm=0 pt=0 ru=234964 rp=238320
23:23:31.089 @T t=41403 s=0.000 lv=-37.4 pk=-36.2 c0=6.4 c1=5.1 kw=4.94 inf=1.52 iv=0.00 n=0 d=0 sk=3 hf=96584 hm=93228 ht=283428 pf=0 pm=0 pt=0 ru=234964 rp=238320
23:23:31.090 @T t=41509 s=0.000 lv=-38.1 pk=-36.5 c0=3.0 c1=6.1 kw=5.93 inf=1.37 iv=0.00 n=0 d=0 sk=4 hf=96584 hm=93228 ht=283428 pf=0 pm=0 pt=0 ru=234964 rp=238320
23:23:31.090 @T t=41595 s=0.000 lv=-38.4 pk=-37.6 c0=7.7 c1=5.0 kw=4.87 inf=1.82 iv=0.00 n=0 d=0 sk=2 hf=96584 hm=93228 ht=283428 pf=0 pm=0 pt=0 ru=234964 rp=238320
23:23:31.090 @T t=41701 s=0.000 lv=-39.5 pk=-38.8 c0=6.3 c1=5.0 kw=4.92 inf=1.52 iv=0.00 n=0 d=0 sk=3 hf=96584 hm=93228 ht=283428 pf=0 pm=0 pt=0 ru=234964 rp=238320
23:23:31.090 @T t=41807 s=0.000 lv=-40.0 pk=-38.1 c0=3.4 c1=6.1 kw=5.95 inf=1.38 iv=0.00 n=0 d=0 sk=4 hf=96584 hm=93228 ht=283428 pf=0 pm=0 pt=0 ru=234964 rp=238320
23:23:33.586 @T t=41913 s=0.000 lv=-39.6 pk=-38.8 c0=3.3 c1=5.1 kw=4.97 inf=1.53 iv=0.00 n=0 d=0 sk=3 hf=96584 hm=93228 ht=283428 pf=0 pm=0 pt=0 ru=234964 rp=238320
23:23:33.586 @T t=41999 s=0.000 lv=-40.4 pk=-40.1 c0=7.9 c1=5.0 kw=4.89 inf=1.83 iv=0.00 n=0 d=0 sk=2 hf=96584 hm=93228 ht=283428 pf=0 pm=0 pt=0 ru=234964 rp=238320
23:23:33.586 @T t=42105 s=0.000 lv=-39.0 pk=-38.1 c0=6.4 c1=5.4 kw=5.10 inf=1.53 iv=0.00 n=0 d=0 sk=3 hf=96584 hm=93228 ht=283428 pf=0 pm=0 pt=0 ru=234964 rp=238320
23:23:33.586 @I ww=marvin cut=0.50 win=5 cool=1000 tick=100 wifi=1 srv=1 li=0 ln=0
23:23:33.586 @T t=42197 s=0.000 lv=-37.9 pk=-36.0 c0=4.4 c1=6.0 kw=5.53 inf=1.52 iv=0.00 n=0 d=0 sk=3 hf=96584 hm=93228 ht=283428 pf=0 pm=0 pt=0 ru=234964 rp=238320
23:23:33.587 @T t=42303 s=0.000 lv=-35.5 pk=-32.6 c0=10.8 c1=19.7 kw=19.43 inf=1.53 iv=1.15 n=13 d=0 sk=0 hf=96584 hm=93228 ht=283428 pf=0 pm=0 pt=0 ru=234964 rp=238320
23:23:33.587 @T t=42411 s=0.000 lv=-38.6 pk=-37.8 c0=3.2 c1=10.5 kw=10.31 inf=2.57 iv=1.13 n=4 d=0 sk=0 hf=96584 hm=93228 ht=283428 pf=0 pm=0 pt=0 ru=234964 rp=238320
23:23:33.587 @T t=42497 s=0.000 lv=-40.3 pk=-39.3 c0=4.1 c1=8.0 kw=7.82 inf=3.08 iv=1.17 n=2 d=0 sk=0 hf=96584 hm=93228 ht=283428 pf=0 pm=0 pt=0 ru=234964 rp=238320
23:23:33.587 @T t=42603 s=0.000 lv=-39.9 pk=-38.5 c0=3.4 c1=9.7 kw=9.51 inf=2.34 iv=1.14 n=4 d=0 sk=0 hf=96584 hm=93228 ht=283428 pf=0 pm=0 pt=0 ru=234964 rp=238320
23:23:33.587 @T t=42712 s=0.000 lv=-39.4 pk=-38.8 c0=3.2 c1=10.4 kw=10.18 inf=2.56 iv=1.12 n=4 d=0 sk=0 hf=96584 hm=93228 ht=283428 pf=0 pm=0 pt=0 ru=234964 rp=238320
23:23:33.587 @T t=42798 s=0.000 lv=-40.6 pk=-39.7 c0=4.1 c1=8.2 kw=8.04 inf=3.18 iv=1.24 n=2 d=0 sk=0 hf=96584 hm=93228 ht=283428 pf=0 pm=0 pt=0 ru=234964 rp=238320
23:23:33.587 @T t=42905 s=0.000 lv=-40.4 pk=-39.3 c0=3.7 c1=10.0 kw=9.63 inf=2.36 iv=1.16 n=4 d=0 sk=0 hf=96584 hm=93228 ht=283428 pf=0 pm=0 pt=0 ru=234964 rp=238320
23:23:33.587 @T t=43011 s=0.000 lv=-40.3 pk=-39.5 c0=3.9 c1=11.1 kw=10.62 inf=2.63 iv=1.18 n=4 d=0 sk=0 hf=96584 hm=93228 ht=283428 pf=0 pm=0 pt=0 ru=234964 rp=238320
23:23:33.588 @T t=43097 s=0.000 lv=-38.8 pk=-36.5 c0=4.1 c1=8.1 kw=7.91 inf=3.12 iv=1.20 n=2 d=0 sk=0 hf=96584 hm=93228 ht=283428 pf=0 pm=0 pt=0 ru=234964 rp=238320
23:23:33.588 @I ww=marvin cut=0.50 win=5 cool=1000 tick=100 wifi=1 srv=1 li=0 ln=0
23:23:33.588 @T t=43209 s=0.000 lv=-38.0 pk=-36.1 c0=4.0 c1=10.1 kw=9.89 inf=2.56 iv=1.12 n=4 d=0 sk=0 hf=96584 hm=93228 ht=283428 pf=0 pm=0 pt=0 ru=234964 rp=238320
23:23:33.588 @T t=43295 s=0.000 lv=-39.3 pk=-38.5 c0=4.8 c1=9.4 kw=9.26 inf=2.46 iv=1.17 n=3 d=0 sk=0 hf=96584 hm=93228 ht=283428 pf=0 pm=0 pt=0 ru=234964 rp=238320
23:23:33.588 @T t=43401 s=0.000 lv=-40.0 pk=-38.8 c0=3.4 c1=8.6 kw=8.39 inf=2.73 iv=1.15 n=3 d=0 sk=0 hf=96584 hm=93228 ht=283428 pf=0 pm=0 pt=0 ru=234964 rp=238320
23:23:33.588 @T t=43507 s=0.000 lv=-40.5 pk=-39.2 c0=3.4 c1=10.8 kw=10.53 inf=2.58 iv=1.14 n=4 d=0 sk=0 hf=96584 hm=93228 ht=283428 pf=0 pm=0 pt=0 ru=234964 rp=238320
23:23:33.588 @T t=43613 s=0.000 lv=-39.0 pk=-38.7 c0=3.3 c1=9.5 kw=9.28 inf=2.28 iv=1.09 n=4 d=0 sk=0 hf=96584 hm=93228 ht=283428 pf=0 pm=0 pt=0 ru=234964 rp=238320
23:23:33.588 @T t=43699 s=0.000 lv=-39.6 pk=-38.9 c0=7.4 c1=8.0 kw=7.81 inf=3.07 iv=1.16 n=2 d=0 sk=0 hf=96584 hm=93228 ht=283428 pf=0 pm=0 pt=0 ru=234964 rp=238320
23:23:33.588 @T t=43805 s=0.000 lv=-40.4 pk=-38.6 c0=6.1 c1=10.0 kw=9.55 inf=2.32 iv=1.12 n=4 d=0 sk=0 hf=96584 hm=93228 ht=283428 pf=0 pm=0 pt=0 ru=234964 rp=238320
23:23:33.589 @T t=43911 s=0.000 lv=-39.8 pk=-39.5 c0=3.4 c1=6.3 kw=5.89 inf=1.85 iv=0.00 n=0 d=0 sk=3 hf=96584 hm=93228 ht=283428 pf=0 pm=0 pt=0 ru=234964 rp=238320
23:23:33.589 @T t=43997 s=0.000 lv=-39.8 pk=-39.0 c0=3.9 c1=5.0 kw=4.90 inf=1.83 iv=0.00 n=0 d=0 sk=2 hf=96584 hm=93228 ht=283428 pf=0 pm=0 pt=0 ru=234964 rp=238320
23:23:33.589 @T t=44103 s=0.000 lv=-39.4 pk=-37.9 c0=6.7 c1=5.1 kw=4.98 inf=1.53 iv=0.00 n=0 d=0 sk=3 hf=96584 hm=93228 ht=283428 pf=0 pm=0 pt=0 ru=234964 rp=238320
23:23:33.589 @I ww=marvin cut=0.50 win=5 cool=1000 tick=100 wifi=1 srv=1 li=0 ln=0
23:23:33.589 @T t=44195 s=0.000 lv=-39.5 pk=-38.4 c0=13.5 c1=5.9 kw=5.77 inf=1.54 iv=0.00 n=0 d=0 sk=3 hf=96584 hm=93228 ht=283428 pf=0 pm=0 pt=0 ru=234964 rp=238320
23:23:33.589 @T t=44301 s=0.000 lv=-39.3 pk=-38.2 c0=9.7 c1=5.6 kw=5.13 inf=1.58 iv=0.00 n=0 d=0 sk=3 hf=96584 hm=93228 ht=283428 pf=0 pm=0 pt=0 ru=234964 rp=238320
23:23:36.171 @T t=44407 s=0.000 lv=-39.7 pk=-38.7 c0=3.4 c1=6.0 kw=5.92 inf=1.37 iv=0.00 n=0 d=0 sk=4 hf=96584 hm=93228 ht=283428 pf=0 pm=0 pt=0 ru=234964 rp=238320
23:23:36.171 @T t=44513 s=0.000 lv=-41.1 pk=-40.0 c0=3.6 c1=5.1 kw=4.94 inf=1.52 iv=0.00 n=0 d=0 sk=3 hf=96584 hm=93228 ht=283428 pf=0 pm=0 pt=0 ru=234964 rp=238320
23:23:36.171 @T t=44599 s=0.000 lv=-40.0 pk=-39.2 c0=4.0 c1=5.0 kw=4.88 inf=1.83 iv=0.00 n=0 d=0 sk=2 hf=96584 hm=93228 ht=283428 pf=0 pm=0 pt=0 ru=234964 rp=238320
23:23:36.172 @T t=44705 s=0.000 lv=-39.8 pk=-38.4 c0=3.0 c1=5.4 kw=5.06 inf=1.52 iv=0.00 n=0 d=0 sk=3 hf=96584 hm=93228 ht=283428 pf=0 pm=0 pt=0 ru=234964 rp=238320
23:23:36.172 @T t=44811 s=0.000 lv=-40.9 pk=-39.2 c0=3.1 c1=6.2 kw=5.80 inf=1.83 iv=0.00 n=0 d=0 sk=3 hf=96584 hm=93228 ht=283428 pf=0 pm=0 pt=0 ru=234964 rp=238320
23:23:36.172 @T t=44897 s=0.000 lv=-39.8 pk=-38.4 c0=7.9 c1=5.0 kw=4.89 inf=1.83 iv=0.00 n=0 d=0 sk=2 hf=96584 hm=93228 ht=283428 pf=0 pm=0 pt=0 ru=234964 rp=238320
23:23:36.172 @T t=45003 s=0.000 lv=-39.5 pk=-37.6 c0=3.2 c1=5.1 kw=4.92 inf=1.51 iv=0.00 n=0 d=0 sk=3 hf=96584 hm=93228 ht=283428 pf=0 pm=0 pt=0 ru=234964 rp=238320
23:23:36.173 @T t=45108 s=0.000 lv=-39.4 pk=-38.9 c0=3.1 c1=6.2 kw=6.03 inf=1.38 iv=0.00 n=0 d=0 sk=4 hf=96584 hm=93228 ht=283428 pf=0 pm=0 pt=0 ru=234964 rp=238320
23:23:36.173 @I ww=marvin cut=0.50 win=5 cool=1000 tick=100 wifi=1 srv=1 li=0 ln=0
23:23:36.173 @T t=45200 s=0.000 lv=-39.0 pk=-38.2 c0=13.8 c1=4.8 kw=4.65 inf=1.86 iv=0.00 n=0 d=0 sk=2 hf=96584 hm=93228 ht=283428 pf=0 pm=0 pt=0 ru=234964 rp=238320
23:23:36.173 @T t=45306 s=0.000 lv=-38.4 pk=-36.3 c0=3.9 c1=6.2 kw=6.00 inf=1.39 iv=0.00 n=0 d=0 sk=4 hf=96584 hm=93228 ht=283428 pf=0 pm=0 pt=0 ru=234964 rp=238320
23:23:36.173 @T t=45412 s=0.000 lv=-39.5 pk=-37.0 c0=6.5 c1=5.0 kw=4.92 inf=1.51 iv=0.00 n=0 d=0 sk=3 hf=96584 hm=93228 ht=283428 pf=0 pm=0 pt=0 ru=234964 rp=238320
23:23:36.174 @T t=45498 s=0.000 lv=-41.1 pk=-39.9 c0=3.7 c1=5.0 kw=4.84 inf=1.81 iv=0.00 n=0 d=0 sk=2 hf=96584 hm=93228 ht=283428 pf=0 pm=0 pt=0 ru=234964 rp=238320
23:23:36.174 @T t=45604 s=0.000 lv=-38.5 pk=-37.0 c0=3.1 c1=5.1 kw=4.93 inf=1.52 iv=0.00 n=0 d=0 sk=3 hf=96584 hm=93228 ht=283428 pf=0 pm=0 pt=0 ru=234964 rp=238320
23:23:36.174 @T t=45710 s=0.000 lv=-36.2 pk=-34.7 c0=6.3 c1=18.3 kw=18.09 inf=1.41 iv=0.97 n=13 d=0 sk=0 hf=96584 hm=93228 ht=283428 pf=0 pm=0 pt=0 ru=234964 rp=238320
23:23:36.174 @T t=45796 s=0.000 lv=-35.6 pk=-33.4 c0=4.3 c1=8.1 kw=7.91 inf=3.12 iv=1.20 n=2 d=0 sk=0 hf=96584 hm=93228 ht=283428 pf=0 pm=0 pt=0 ru=234964 rp=238320
23:23:36.174 @T t=45902 s=0.000 lv=-37.0 pk=-35.4 c0=3.5 c1=9.6 kw=9.43 inf=2.32 iv=1.12 n=4 d=0 sk=0 hf=96584 hm=93228 ht=283428 pf=0 pm=0 pt=0 ru=234964 rp=238320
23:23:36.174 @T t=46008 s=0.000 lv=-38.6 pk=-35.8 c0=3.5 c1=10.7 kw=10.44 inf=2.56 iv=1.12 n=4 d=0 sk=0 hf=96584 hm=93228 ht=283428 pf=0 pm=0 pt=0 ru=234964 rp=238320
23:23:36.174 @T t=46114 s=0.000 lv=-39.0 pk=-37.5 c0=3.4 c1=8.5 kw=8.34 inf=2.72 iv=1.13 n=3 d=0 sk=0 hf=96584 hm=93228 ht=283428 pf=0 pm=0 pt=0 ru=234964 rp=238320
23:23:36.175 @I ww=marvin cut=0.50 win=5 cool=1000 tick=100 wifi=1 srv=1 li=0 ln=0
23:23:36.175 @T t=46205 s=0.000 lv=-40.0 pk=-38.3 c0=4.8 c1=9.3 kw=8.83 inf=2.44 iv=1.15 n=3 d=0 sk=0 hf=96584 hm=93228 ht=283428 pf=0 pm=0 pt=0 ru=234964 rp=238320
23:23:36.175 @T t=46312 s=0.000 lv=-38.9 pk=-37.7 c0=7.0 c1=11.8 kw=10.92 inf=2.73 iv=1.25 n=4 d=0 sk=0 hf=96584 hm=93228 ht=283428 pf=0 pm=0 pt=0 ru=234964 rp=238320
23:23:36.175 @T t=46398 s=0.000 lv=-40.0 pk=-38.6 c0=4.2 c1=8.1 kw=7.91 inf=3.12 iv=1.19 n=2 d=0 sk=0 hf=96584 hm=93228 ht=283428 pf=0 pm=0 pt=0 ru=234964 rp=238320
23:23:36.175 @T t=46504 s=0.000 lv=-38.9 pk=-37.6 c0=3.9 c1=9.5 kw=9.30 inf=2.29 iv=1.09 n=4 d=0 sk=0 hf=96584 hm=93228 ht=283428 pf=0 pm=0 pt=0 ru=234964 rp=238320
23:23:36.175 @T t=46613 s=0.000 lv=-40.1 pk=-38.7 c0=8.9 c1=10.4 kw=10.21 inf=2.56 iv=1.10 n=4 d=0 sk=0 hf=96584 hm=93228 ht=283428 pf=0 pm=0 pt=0 ru=234964 rp=238320
23:23:36.176 @T t=46699 s=0.000 lv=-39.8 pk=-38.4 c0=4.1 c1=8.0 kw=7.80 inf=3.08 iv=1.17 n=2 d=0 sk=0 hf=96584 hm=93228 ht=283428 pf=0 pm=0 pt=0 ru=234964 rp=238320
23:23:36.176 @T t=46805 s=0.000 lv=-40.6 pk=-39.5 c0=3.5 c1=9.9 kw=9.54 inf=2.32 iv=1.12 n=4 d=0 sk=0 hf=96584 hm=93228 ht=283428 pf=0 pm=0 pt=0 ru=234964 rp=238320
23:23:36.176 @T t=46911 s=0.000 lv=-40.8 pk=-39.7 c0=3.5 c1=11.0 kw=10.53 inf=2.61 iv=1.17 n=4 d=0 sk=0 hf=96584 hm=93228 ht=283428 pf=0 pm=0 pt=0 ru=234964 rp=238320
23:23:38.686 @T t=46997 s=0.000 lv=-40.6 pk=-39.8 c0=4.1 c1=8.0 kw=7.85 inf=3.09 iv=1.19 n=2 d=0 sk=0 hf=96584 hm=93228 ht=283428 pf=0 pm=0 pt=0 ru=234964 rp=238320
23:23:38.686 @T t=47103 s=0.000 lv=-40.1 pk=-39.1 c0=6.6 c1=9.5 kw=9.28 inf=2.28 iv=1.09 n=4 d=0 sk=0 hf=96584 hm=93228 ht=283428 pf=0 pm=0 pt=0 ru=234964 rp=238320
23:23:38.686 @I ww=marvin cut=0.50 win=5 cool=1000 tick=100 wifi=1 srv=1 li=0 ln=0
23:23:38.686 @T t=47197 s=0.000 lv=-39.9 pk=-39.0 c0=4.4 c1=9.6 kw=9.41 inf=2.71 iv=1.12 n=3 d=0 sk=0 hf=96584 hm=93228 ht=283428 pf=0 pm=0 pt=0 ru=234964 rp=238320
23:23:38.686 @T t=47303 s=0.000 lv=-40.9 pk=-39.9 c0=3.9 c1=8.6 kw=8.40 inf=2.73 iv=1.12 n=3 d=0 sk=0 hf=96584 hm=93228 ht=283428 pf=0 pm=0 pt=0 ru=234964 rp=238320
23:23:38.686 @T t=47409 s=0.000 lv=-40.5 pk=-39.8 c0=3.6 c1=8.7 kw=8.53 inf=2.05 iv=1.27 n=2 d=0 sk=2 hf=96584 hm=93228 ht=283428 pf=0 pm=0 pt=0 ru=234964 rp=238320
23:23:38.686 @T t=47495 s=0.000 lv=-40.3 pk=-39.6 c0=4.4 c1=5.1 kw=4.93 inf=1.85 iv=0.00 n=0 d=0 sk=2 hf=96584 hm=93228 ht=283428 pf=0 pm=0 pt=0 ru=234964 rp=238320
23:23:38.686 @T t=47601 s=0.000 lv=-40.2 pk=-39.1 c0=3.3 c1=5.1 kw=4.94 inf=1.52 iv=0.00 n=0 d=0 sk=3 hf=96584 hm=93228 ht=283428 pf=0 pm=0 pt=0 ru=234964 rp=238320
23:23:38.686 @T t=47707 s=0.000 lv=-40.8 pk=-40.2 c0=6.4 c1=6.0 kw=5.88 inf=1.36 iv=0.00 n=0 d=0 sk=4 hf=96584 hm=93228 ht=283428 pf=0 pm=0 pt=0 ru=234964 rp=238320
23:23:38.686 @T t=47813 s=0.000 lv=-39.7 pk=-37.9 c0=3.0 c1=5.1 kw=4.94 inf=1.52 iv=0.00 n=0 d=0 sk=3 hf=96584 hm=93228 ht=283428 pf=0 pm=0 pt=0 ru=234964 rp=238320
23:23:38.686 @T t=47899 s=0.000 lv=-39.8 pk=-39.4 c0=7.8 c1=5.0 kw=4.88 inf=1.83 iv=0.00 n=0 d=0 sk=2 hf=96584 hm=93228 ht=283428 pf=0 pm=0 pt=0 ru=234964 rp=238320
23:23:38.686 @T t=48005 s=0.000 lv=-39.8 pk=-38.9 c0=3.2 c1=5.4 kw=5.08 inf=1.53 iv=0.00 n=0 d=0 sk=3 hf=96584 hm=93228 ht=283428 pf=0 pm=0 pt=0 ru=234964 rp=238320
23:23:38.686 @T t=48111 s=0.000 lv=-39.9 pk=-39.1 c0=3.1 c1=6.2 kw=5.81 inf=1.83 iv=0.00 n=0 d=0 sk=3 hf=96584 hm=93228 ht=283428 pf=0 pm=0 pt=0 ru=234964 rp=238320
23:23:38.686 @I ww=marvin cut=0.50 win=5 cool=1000 tick=100 wifi=1 srv=1 li=0 ln=0
23:23:38.686 @T t=48203 s=0.000 lv=-39.9 pk=-38.7 c0=13.3 c1=4.7 kw=4.57 inf=1.83 iv=0.00 n=0 d=0 sk=2 hf=96584 hm=93228 ht=283428 pf=0 pm=0 pt=0 ru=234964 rp=238320
23:23:38.686 @T t=48308 s=0.000 lv=-39.4 pk=-38.2 c0=9.1 c1=6.8 kw=6.20 inf=1.42 iv=0.00 n=0 d=0 sk=4 hf=96584 hm=93228 ht=283428 pf=0 pm=0 pt=0 ru=234964 rp=238320
23:23:38.686 @T t=48414 s=0.000 lv=-40.3 pk=-39.3 c0=6.0 c1=5.0 kw=4.95 inf=1.52 iv=0.00 n=0 d=0 sk=3 hf=96584 hm=93228 ht=283428 pf=0 pm=0 pt=0 ru=234964 rp=238320
23:23:38.686 @T t=48500 s=0.000 lv=-39.9 pk=-38.8 c0=4.3 c1=4.4 kw=4.84 inf=1.82 iv=0.00 n=0 d=0 sk=2 hf=96584 hm=93228 ht=283428 pf=0 pm=0 pt=0 ru=234964 rp=238320
23:23:38.686 @T t=48607 s=0.000 lv=-40.2 pk=-37.2 c0=3.7 c1=6.6 kw=5.96 inf=1.38 iv=0.00 n=0 d=0 sk=4 hf=96584 hm=93228 ht=283428 pf=0 pm=0 pt=0 ru=234964 rp=238320
23:23:38.686 @T t=48713 s=0.000 lv=-41.1 pk=-40.1 c0=3.3 c1=5.1 kw=4.96 inf=1.52 iv=0.00 n=0 d=0 sk=3 hf=96584 hm=93228 ht=283428 pf=0 pm=0 pt=0 ru=234964 rp=238320
23:23:38.686 @T t=48799 s=0.000 lv=-39.2 pk=-38.2 c0=3.8 c1=5.0 kw=4.89 inf=1.83 iv=0.00 n=0 d=0 sk=2 hf=96584 hm=93228 ht=283428 pf=0 pm=0 pt=0 ru=234964 rp=238320
23:23:38.686 @T t=48905 s=0.000 lv=-39.5 pk=-37.7 c0=6.5 c1=5.4 kw=5.08 inf=1.53 iv=0.00 n=0 d=0 sk=3 hf=96584 hm=93228 ht=283428 pf=0 pm=0 pt=0 ru=234964 rp=238320
23:23:38.686 @T t=49011 s=0.000 lv=-39.1 pk=-37.5 c0=3.2 c1=6.2 kw=5.83 inf=1.83 iv=0.00 n=0 d=0 sk=3 hf=96584 hm=93228 ht=283428 pf=0 pm=0 pt=0 ru=234964 rp=238320
23:23:38.686 @T t=49097 s=0.000 lv=-39.8 pk=-39.0 c0=3.8 c1=5.0 kw=4.91 inf=1.84 iv=0.00 n=0 d=0 sk=2 hf=96584 hm=93228 ht=283428 pf=0 pm=0 pt=0 ru=234964 rp=238320
23:23:38.686 @I ww=marvin cut=0.50 win=5 cool=1000 tick=100 wifi=1 srv=1 li=0 ln=0
23:23:38.686 @T t=49209 s=0.000 lv=-39.9 pk=-39.5 c0=3.6 c1=5.7 kw=5.58 inf=1.36 iv=0.00 n=0 d=0 sk=4 hf=96584 hm=93228 ht=283428 pf=0 pm=0 pt=0 ru=234964 rp=238320
23:23:38.686 @T t=49295 s=0.000 lv=-40.0 pk=-39.0 c0=8.5 c1=5.0 kw=4.88 inf=1.83 iv=0.00 n=0 d=0 sk=2 hf=96584 hm=93228 ht=283428 pf=0 pm=0 pt=0 ru=234964 rp=238320
23:23:38.686 @T t=49401 s=0.000 lv=-39.3 pk=-38.1 c0=3.2 c1=5.1 kw=4.97 inf=1.53 iv=0.00 n=0 d=0 sk=3 hf=96584 hm=93228 ht=283428 pf=0 pm=0 pt=0 ru=234964 rp=238320
23:23:41.078 @T t=49507 s=0.000 lv=-38.7 pk=-37.6 c0=6.3 c1=6.1 kw=5.91 inf=1.37 iv=0.00 n=0 d=0 sk=4 hf=96584 hm=93228 ht=283428 pf=0 pm=0 pt=0 ru=234964 rp=238320
23:23:41.078 @T t=49613 s=0.000 lv=-39.1 pk=-38.2 c0=6.3 c1=5.1 kw=4.94 inf=1.52 iv=0.00 n=0 d=0 sk=3 hf=96584 hm=93228 ht=283428 pf=0 pm=0 pt=0 ru=234964 rp=238320
23:23:41.078 @T t=49699 s=0.000 lv=-39.2 pk=-38.1 c0=4.1 c1=5.1 kw=4.93 inf=1.85 iv=0.00 n=0 d=0 sk=2 hf=96584 hm=93228 ht=283428 pf=0 pm=0 pt=0 ru=234964 rp=238320
23:23:41.078 @T t=49805 s=0.000 lv=-39.4 pk=-37.8 c0=3.4 c1=5.4 kw=5.11 inf=1.54 iv=0.00 n=0 d=0 sk=3 hf=96584 hm=93228 ht=283428 pf=0 pm=0 pt=0 ru=234964 rp=238320
23:23:41.078 @T t=49911 s=0.000 lv=-39.3 pk=-36.4 c0=3.2 c1=6.2 kw=5.78 inf=1.82 iv=0.00 n=0 d=0 sk=3 hf=96584 hm=93228 ht=283428 pf=0 pm=0 pt=0 ru=234964 rp=238320
23:23:41.079 @T t=49997 s=0.000 lv=-39.7 pk=-38.7 c0=7.9 c1=5.0 kw=4.89 inf=1.83 iv=0.00 n=0 d=0 sk=2 hf=96584 hm=93228 ht=283428 pf=0 pm=0 pt=0 ru=234964 rp=238320
23:23:41.079 @T t=50103 s=0.000 lv=-38.5 pk=-37.0 c0=6.4 c1=5.1 kw=4.95 inf=1.52 iv=0.00 n=0 d=0 sk=3 hf=96584 hm=93228 ht=283428 pf=0 pm=0 pt=0 ru=234964 rp=238320
23:23:41.079 @I ww=marvin cut=0.50 win=5 cool=1000 tick=100 wifi=1 srv=1 li=0 ln=0
23:23:41.079 @T t=50214 s=0.000 lv=-40.1 pk=-38.5 c0=3.6 c1=5.8 kw=5.67 inf=1.37 iv=0.00 n=0 d=0 sk=4 hf=96584 hm=93228 ht=283428 pf=0 pm=0 pt=0 ru=234964 rp=238320
23:23:41.079 @T t=50300 s=0.000 lv=-38.2 pk=-36.6 c0=7.8 c1=5.5 kw=4.92 inf=1.85 iv=0.00 n=0 d=0 sk=2 hf=96584 hm=93228 ht=283428 pf=0 pm=0 pt=0 ru=234964 rp=238320
23:23:41.079 @T t=50406 s=0.000 lv=-39.7 pk=-38.0 c0=3.4 c1=6.1 kw=5.99 inf=1.38 iv=0.00 n=0 d=0 sk=4 hf=96584 hm=93228 ht=283428 pf=0 pm=0 pt=0 ru=234964 rp=238320
23:23:41.079 @T t=50512 s=0.000 lv=-40.6 pk=-39.5 c0=3.6 c1=5.1 kw=4.91 inf=1.51 iv=0.00 n=0 d=0 sk=3 hf=96584 hm=93228 ht=283428 pf=0 pm=0 pt=0 ru=234964 rp=238320
23:23:41.079 @T t=50598 s=0.000 lv=-40.0 pk=-39.5 c0=8.0 c1=5.0 kw=4.93 inf=1.85 iv=0.00 n=0 d=0 sk=2 hf=96584 hm=93228 ht=283428 pf=0 pm=0 pt=0 ru=234964 rp=238320
23:23:41.079 @T t=50704 s=0.000 lv=-41.1 pk=-38.9 c0=3.0 c1=5.0 kw=4.92 inf=1.51 iv=0.00 n=0 d=0 sk=3 hf=96584 hm=93228 ht=283428 pf=0 pm=0 pt=0 ru=234964 rp=238320
23:23:41.079 @T t=50810 s=0.000 lv=-41.2 pk=-40.7 c0=6.7 c1=6.2 kw=5.96 inf=1.38 iv=0.00 n=0 d=0 sk=4 hf=96584 hm=93228 ht=283428 pf=0 pm=0 pt=0 ru=234964 rp=238320
23:23:41.080 @T t=50896 s=0.000 lv=-40.4 pk=-39.9 c0=4.2 c1=5.1 kw=4.93 inf=1.85 iv=0.00 n=0 d=0 sk=2 hf=96584 hm=93228 ht=283428 pf=0 pm=0 pt=0 ru=234964 rp=238320
23:23:41.080 @T t=51002 s=0.000 lv=-39.6 pk=-37.9 c0=6.4 c1=5.1 kw=4.94 inf=1.52 iv=0.00 n=0 d=0 sk=3 hf=96584 hm=93228 ht=283428 pf=0 pm=0 pt=0 ru=234964 rp=238320
23:23:41.080 [status] up 51s | mic -39.4 dBFS (peak -32.6) | score max 0.00 | detections 0 | inferences 130 (13.0/s; model 1.13 ms each, paused in quiet 60%; features 1.44 ms per 30 ms) | CPU core0  5.2% core1  7.0% (wake word pipeline 6.81% of one core) | RAM used 229 KB (peak 232 KB, 94 KB free) | wifi OK, server OK | audio lost since boot: i2s 0 net 0
23:23:41.080 @T t=51111 s=0.000 lv=-40.8 pk=-40.4 c0=10.3 c1=6.0 kw=5.84 inf=1.39 iv=0.00 n=0 d=0 sk=4 hf=96584 hm=93228 ht=283428 pf=0 pm=0 pt=0 ru=234964 rp=238320
23:23:41.081 @I ww=marvin cut=0.50 win=5 cool=1000 tick=100 wifi=1 srv=1 li=0 ln=0
23:23:41.081 @T t=51203 s=0.000 lv=-40.5 pk=-38.9 c0=13.4 c1=4.7 kw=4.55 inf=1.82 iv=0.00 n=0 d=0 sk=2 hf=96584 hm=93228 ht=283428 pf=0 pm=0 pt=0 ru=234964 rp=238320
23:23:41.081 @T t=51309 s=0.000 lv=-40.8 pk=-39.4 c0=3.7 c1=6.1 kw=5.91 inf=1.37 iv=0.00 n=0 d=0 sk=4 hf=96584 hm=93228 ht=283428 pf=0 pm=0 pt=0 ru=234964 rp=238320
23:23:41.081 @T t=51395 s=0.000 lv=-39.5 pk=-38.1 c0=3.8 c1=5.0 kw=4.94 inf=1.85 iv=0.00 n=0 d=0 sk=2 hf=96584 hm=93228 ht=283428 pf=0 pm=0 pt=0 ru=234964 rp=238320
23:23:41.081 @T t=51501 s=0.000 lv=-41.0 pk=-40.4 c0=3.1 c1=5.0 kw=4.90 inf=1.51 iv=0.00 n=0 d=0 sk=3 hf=96584 hm=93228 ht=283428 pf=0 pm=0 pt=0 ru=234964 rp=238320
23:23:41.081 @T t=51607 s=0.000 lv=-40.6 pk=-39.9 c0=6.3 c1=6.1 kw=5.90 inf=1.36 iv=0.00 n=0 d=0 sk=4 hf=96584 hm=93228 ht=283428 pf=0 pm=0 pt=0 ru=234964 rp=238320
23:23:41.082 @T t=51713 s=0.000 lv=-39.3 pk=-37.9 c0=3.0 c1=5.1 kw=4.94 inf=1.52 iv=0.00 n=0 d=0 sk=3 hf=96584 hm=93228 ht=283428 pf=0 pm=0 pt=0 ru=234964 rp=238320
23:23:41.082 @T t=51799 s=0.000 lv=-39.8 pk=-39.3 c0=3.7 c1=5.0 kw=4.83 inf=1.81 iv=0.00 n=0 d=0 sk=2 hf=96584 hm=93228 ht=283428 pf=0 pm=0 pt=0 ru=234964 rp=238320
23:23:43.579 @T t=51905 s=0.000 lv=-38.7 pk=-37.5 c0=3.1 c1=5.4 kw=5.07 inf=1.53 iv=0.00 n=0 d=0 sk=3 hf=96584 hm=93228 ht=283428 pf=0 pm=0 pt=0 ru=234964 rp=238320
23:23:43.580 @T t=52011 s=0.000 lv=-40.4 pk=-39.1 c0=6.8 c1=6.2 kw=5.80 inf=1.82 iv=0.00 n=0 d=0 sk=3 hf=96584 hm=93228 ht=283428 pf=0 pm=0 pt=0 ru=234964 rp=238320
23:23:43.580 @T t=52097 s=0.000 lv=-39.6 pk=-38.3 c0=4.0 c1=5.1 kw=4.96 inf=1.86 iv=0.00 n=0 d=0 sk=2 hf=96584 hm=93228 ht=283428 pf=0 pm=0 pt=0 ru=234964 rp=238320
23:23:43.580 @I ww=marvin cut=0.50 win=5 cool=1000 tick=100 wifi=1 srv=1 li=0 ln=0
23:23:43.580 @T t=52209 s=0.000 lv=-35.3 pk=-29.2 c0=3.6 c1=15.4 kw=15.20 inf=1.25 iv=0.96 n=11 d=0 sk=2 hf=96584 hm=93228 ht=283428 pf=0 pm=0 pt=0 ru=234964 rp=238320
23:23:43.580 @T t=52295 s=0.000 lv=-40.4 pk=-39.3 c0=4.3 c1=8.1 kw=7.93 inf=3.13 iv=1.20 n=2 d=0 sk=0 hf=96584 hm=93228 ht=283428 pf=0 pm=0 pt=0 ru=234964 rp=238320
23:23:43.580 @T t=52403 s=0.000 lv=-39.2 pk=-37.7 c0=6.7 c1=10.0 kw=9.47 inf=2.38 iv=1.17 n=4 d=0 sk=0 hf=96584 hm=93228 ht=283428 pf=0 pm=0 pt=0 ru=234964 rp=238320
23:23:43.580 @T t=52509 s=0.000 lv=-39.6 pk=-37.3 c0=6.7 c1=11.2 kw=10.98 inf=2.69 iv=1.23 n=4 d=0 sk=0 hf=96584 hm=93228 ht=283428 pf=0 pm=0 pt=0 ru=234964 rp=238320
23:23:43.580 @T t=52595 s=0.000 lv=-37.2 pk=-34.6 c0=4.2 c1=8.1 kw=7.93 inf=3.13 iv=1.18 n=2 d=0 sk=0 hf=96584 hm=93228 ht=283428 pf=0 pm=0 pt=0 ru=234964 rp=238320
23:23:43.580 @T t=52701 s=0.000 lv=-39.6 pk=-37.8 c0=3.3 c1=9.8 kw=9.56 inf=2.36 iv=1.15 n=4 d=0 sk=0 hf=96584 hm=93228 ht=283428 pf=0 pm=0 pt=0 ru=234964 rp=238320
23:23:43.580 @T t=52807 s=0.000 lv=-40.4 pk=-39.2 c0=3.5 c1=10.8 kw=10.55 inf=2.59 iv=1.15 n=4 d=0 sk=0 hf=96584 hm=93228 ht=283428 pf=0 pm=0 pt=0 ru=234964 rp=238320
23:23:43.580 @T t=52913 s=0.000 lv=-39.4 pk=-38.0 c0=3.5 c1=8.8 kw=8.61 inf=2.81 iv=1.20 n=3 d=0 sk=0 hf=96584 hm=93228 ht=283428 pf=0 pm=0 pt=0 ru=234964 rp=238320
23:23:43.580 @T t=52999 s=0.000 lv=-40.1 pk=-38.4 c0=4.3 c1=9.5 kw=9.31 inf=2.48 iv=1.20 n=3 d=0 sk=0 hf=96584 hm=93228 ht=283428 pf=0 pm=0 pt=0 ru=234964 rp=238320
23:23:43.580 @T t=53105 s=0.000 lv=-38.9 pk=-37.4 c0=3.8 c1=9.5 kw=9.11 inf=2.93 iv=1.29 n=3 d=0 sk=0 hf=96584 hm=93228 ht=283428 pf=0 pm=0 pt=0 ru=234964 rp=238320
23:23:43.580 @I ww=marvin cut=0.50 win=5 cool=1000 tick=100 wifi=1 srv=1 li=0 ln=0
23:23:43.580 @T t=53200 s=0.000 lv=-34.1 pk=-32.6 c0=4.7 c1=10.0 kw=9.98 inf=2.97 iv=1.36 n=3 d=0 sk=0 hf=96584 hm=93228 ht=283428 pf=0 pm=0 pt=0 ru=234964 rp=238320
23:23:43.580 @T t=53307 s=0.000 lv=-34.4 pk=-32.8 c0=4.1 c1=10.9 kw=10.70 inf=2.65 iv=1.18 n=4 d=0 sk=0 hf=96584 hm=93228 ht=283428 pf=0 pm=0 pt=0 ru=234964 rp=238320
23:23:43.580 @T t=53413 s=0.000 lv=-34.2 pk=-31.4 c0=3.4 c1=9.5 kw=9.32 inf=2.29 iv=1.10 n=4 d=0 sk=0 hf=96584 hm=93228 ht=283428 pf=0 pm=0 pt=0 ru=234964 rp=238320
23:23:43.580 @T t=53499 s=0.000 lv=-38.7 pk=-37.3 c0=4.1 c1=8.2 kw=7.97 inf=3.14 iv=1.23 n=2 d=0 sk=0 hf=96584 hm=93228 ht=283428 pf=0 pm=0 pt=0 ru=234964 rp=238320
23:23:43.580 @T t=53605 s=0.000 lv=-37.4 pk=-35.4 c0=6.7 c1=10.0 kw=9.57 inf=2.33 iv=1.13 n=4 d=0 sk=0 hf=96584 hm=93228 ht=283428 pf=0 pm=0 pt=0 ru=234964 rp=238320
23:23:43.580 @T t=53711 s=0.000 lv=-39.1 pk=-38.2 c0=6.6 c1=10.6 kw=10.20 inf=2.53 iv=1.10 n=4 d=0 sk=0 hf=96584 hm=93228 ht=283428 pf=0 pm=0 pt=0 ru=234964 rp=238320
23:23:43.580 @T t=53797 s=0.000 lv=-40.6 pk=-39.8 c0=4.2 c1=8.2 kw=7.96 inf=3.14 iv=1.22 n=2 d=0 sk=0 hf=96584 hm=93228 ht=283428 pf=0 pm=0 pt=0 ru=234964 rp=238320
23:23:43.580 @T t=53903 s=0.000 lv=-39.9 pk=-39.4 c0=3.5 c1=9.6 kw=9.44 inf=2.32 iv=1.12 n=4 d=0 sk=0 hf=96584 hm=93228 ht=283428 pf=0 pm=0 pt=0 ru=234964 rp=238320
23:23:43.580 @T t=54012 s=0.000 lv=-39.4 pk=-38.1 c0=8.9 c1=10.4 kw=10.20 inf=2.57 iv=1.13 n=4 d=0 sk=0 hf=96584 hm=93228 ht=283428 pf=0 pm=0 pt=0 ru=234964 rp=238320
23:23:43.580 @T t=54098 s=0.000 lv=-39.7 pk=-38.6 c0=4.2 c1=8.1 kw=7.92 inf=3.12 iv=1.20 n=2 d=0 sk=0 hf=96584 hm=93228 ht=283428 pf=0 pm=0 pt=0 ru=234964 rp=238320
23:23:43.580 @I ww=marvin cut=0.50 win=5 cool=1000 tick=100 wifi=1 srv=1 li=0 ln=0
23:23:43.580 @T t=54209 s=0.000 lv=-38.1 pk=-36.6 c0=4.4 c1=10.6 kw=10.31 inf=2.64 iv=1.18 n=4 d=0 sk=0 hf=96520 hm=93228 ht=283428 pf=0 pm=0 pt=0 ru=235028 rp=238320
23:23:43.580 @T t=54295 s=0.000 lv=-35.8 pk=-32.9 c0=4.4 c1=9.5 kw=9.27 inf=2.47 iv=1.17 n=3 d=0 sk=0 hf=96520 hm=93228 ht=283428 pf=0 pm=0 pt=0 ru=235028 rp=238320
23:23:46.170 @T t=54401 s=0.000 lv=-38.5 pk=-37.9 c0=7.0 c1=9.9 kw=9.68 inf=3.17 iv=1.37 n=3 d=0 sk=0 hf=96520 hm=93176 ht=283428 pf=0 pm=0 pt=0 ru=235028 rp=238372
23:23:46.170 @T t=54507 s=0.000 lv=-39.5 pk=-37.5 c0=4.1 c1=10.9 kw=10.65 inf=2.61 iv=1.16 n=4 d=0 sk=0 hf=96520 hm=93176 ht=283428 pf=0 pm=0 pt=0 ru=235028 rp=238372
23:23:46.170 @T t=54613 s=0.000 lv=-38.8 pk=-36.3 c0=6.5 c1=10.2 kw=10.03 inf=2.48 iv=1.26 n=4 d=0 sk=0 hf=96520 hm=93176 ht=283428 pf=0 pm=0 pt=0 ru=235028 rp=238372
23:23:46.170 @T t=54699 s=0.000 lv=-39.2 pk=-38.6 c0=4.7 c1=8.3 kw=8.08 inf=3.19 iv=1.25 n=2 d=0 sk=0 hf=96520 hm=93176 ht=283428 pf=0 pm=0 pt=0 ru=235028 rp=238372
23:23:46.170 @T t=54805 s=0.000 lv=-39.7 pk=-39.3 c0=3.9 c1=10.3 kw=9.93 inf=2.41 iv=1.19 n=4 d=0 sk=0 hf=96520 hm=93176 ht=283428 pf=0 pm=0 pt=0 ru=235028 rp=238372
23:23:46.170 @T t=54911 s=0.000 lv=-38.7 pk=-37.0 c0=3.6 c1=11.1 kw=10.68 inf=2.65 iv=1.18 n=4 d=0 sk=0 hf=96520 hm=93176 ht=283428 pf=0 pm=0 pt=0 ru=235028 rp=238372
23:23:46.170 @T t=54997 s=0.000 lv=-38.0 pk=-36.8 c0=4.3 c1=8.2 kw=7.98 inf=3.15 iv=1.23 n=2 d=0 sk=0 hf=96520 hm=93176 ht=283428 pf=0 pm=0 pt=0 ru=235028 rp=238372
23:23:46.170 @T t=55103 s=0.000 lv=-40.2 pk=-38.8 c0=3.4 c1=9.5 kw=9.31 inf=2.29 iv=1.10 n=4 d=0 sk=0 hf=96520 hm=93176 ht=283428 pf=0 pm=0 pt=0 ru=235028 rp=238372
23:23:46.170 @I ww=marvin cut=0.50 win=5 cool=1000 tick=100 wifi=1 srv=1 li=0 ln=0
23:23:46.170 @T t=55197 s=0.000 lv=-38.7 pk=-36.5 c0=16.1 c1=9.7 kw=9.50 inf=2.74 iv=1.14 n=3 d=0 sk=0 hf=96520 hm=93176 ht=283428 pf=0 pm=0 pt=0 ru=235028 rp=238372
23:23:46.170 @T t=55303 s=0.000 lv=-38.9 pk=-37.9 c0=3.5 c1=8.8 kw=8.60 inf=2.80 iv=1.20 n=3 d=0 sk=0 hf=96520 hm=93176 ht=283428 pf=0 pm=0 pt=0 ru=235028 rp=238372
23:23:46.170 @T t=55412 s=0.000 lv=-37.8 pk=-35.5 c0=9.3 c1=10.8 kw=10.52 inf=2.65 iv=1.19 n=4 d=0 sk=0 hf=96520 hm=93176 ht=283428 pf=0 pm=0 pt=0 ru=235028 rp=238372
23:23:46.170 @T t=55498 s=0.000 lv=-38.4 pk=-37.2 c0=4.1 c1=9.5 kw=9.30 inf=2.48 iv=1.19 n=3 d=0 sk=0 hf=96520 hm=93176 ht=283428 pf=0 pm=0 pt=0 ru=235028 rp=238372
23:23:46.170 @T t=55604 s=0.000 lv=-40.0 pk=-39.2 c0=3.4 c1=8.8 kw=8.58 inf=2.79 iv=1.19 n=3 d=0 sk=0 hf=96520 hm=93176 ht=283428 pf=0 pm=0 pt=0 ru=235028 rp=238372
23:23:46.170 @T t=55713 s=0.000 lv=-40.7 pk=-39.8 c0=3.3 c1=10.6 kw=10.35 inf=2.61 iv=1.15 n=4 d=0 sk=0 hf=96520 hm=93176 ht=283428 pf=0 pm=0 pt=0 ru=235028 rp=238372
23:23:46.170 @T t=55799 s=0.000 lv=-40.5 pk=-39.1 c0=4.1 c1=9.5 kw=9.28 inf=2.47 iv=1.18 n=3 d=0 sk=0 hf=96520 hm=93176 ht=283428 pf=0 pm=0 pt=0 ru=235028 rp=238372
23:23:46.170 @T t=55905 s=0.000 lv=-41.2 pk=-40.5 c0=3.6 c1=7.9 kw=7.55 inf=2.39 iv=1.21 n=2 d=0 sk=1 hf=96520 hm=93176 ht=283428 pf=0 pm=0 pt=0 ru=235028 rp=238372
23:23:46.170 @T t=56011 s=0.000 lv=-40.4 pk=-38.9 c0=3.9 c1=6.3 kw=5.90 inf=1.86 iv=0.00 n=0 d=0 sk=3 hf=96520 hm=93176 ht=283428 pf=0 pm=0 pt=0 ru=235028 rp=238372
23:23:46.170 @T t=56097 s=0.000 lv=-40.3 pk=-39.8 c0=3.9 c1=5.0 kw=4.89 inf=1.83 iv=0.00 n=0 d=0 sk=2 hf=96520 hm=93176 ht=283428 pf=0 pm=0 pt=0 ru=235028 rp=238372
23:23:46.170 @I ww=marvin cut=0.50 win=5 cool=1000 tick=100 wifi=1 srv=1 li=0 ln=0
23:23:46.170 @T t=56209 s=0.000 lv=-40.5 pk=-38.5 c0=3.6 c1=5.7 kw=5.57 inf=1.36 iv=0.00 n=0 d=0 sk=4 hf=96520 hm=93176 ht=283428 pf=0 pm=0 pt=0 ru=235028 rp=238372
23:23:46.170 @T t=56295 s=0.000 lv=-40.9 pk=-40.3 c0=7.8 c1=5.0 kw=4.86 inf=1.82 iv=0.00 n=0 d=0 sk=2 hf=96520 hm=93176 ht=283428 pf=0 pm=0 pt=0 ru=235028 rp=238372
23:23:46.170 @T t=56401 s=0.000 lv=-41.0 pk=-40.1 c0=6.3 c1=5.6 kw=5.07 inf=1.56 iv=0.00 n=0 d=0 sk=3 hf=96520 hm=93176 ht=283428 pf=0 pm=0 pt=0 ru=235028 rp=238372
23:23:46.170 @T t=56507 s=0.000 lv=-41.0 pk=-39.8 c0=3.8 c1=6.1 kw=5.93 inf=1.37 iv=0.00 n=0 d=0 sk=4 hf=96324 hm=93176 ht=283428 pf=0 pm=0 pt=0 ru=235224 rp=238372
23:23:46.170 @T t=56613 s=0.000 lv=-40.2 pk=-39.0 c0=3.3 c1=5.1 kw=4.95 inf=1.52 iv=0.00 n=0 d=0 sk=3 hf=96520 hm=93176 ht=283428 pf=0 pm=0 pt=0 ru=235028 rp=238372
23:23:46.170 @T t=56699 s=0.000 lv=-36.8 pk=-35.6 c0=3.7 c1=5.0 kw=4.83 inf=1.81 iv=0.00 n=0 d=0 sk=2 hf=96520 hm=93176 ht=283428 pf=0 pm=0 pt=0 ru=235028 rp=238372
23:23:46.170 @T t=56805 s=0.000 lv=-38.8 pk=-37.2 c0=3.1 c1=5.4 kw=5.06 inf=1.52 iv=0.00 n=0 d=0 sk=3 hf=96520 hm=93176 ht=283428 pf=0 pm=0 pt=0 ru=235028 rp=238372
23:23:46.170 @T t=56911 s=0.000 lv=-38.5 pk=-37.8 c0=3.2 c1=6.2 kw=5.78 inf=1.82 iv=0.00 n=0 d=0 sk=3 hf=96520 hm=93176 ht=283428 pf=0 pm=0 pt=0 ru=235028 rp=238372
23:23:48.686 @T t=56997 s=0.000 lv=-37.7 pk=-36.8 c0=7.9 c1=5.0 kw=4.85 inf=1.82 iv=0.00 n=0 d=0 sk=2 hf=96520 hm=93176 ht=283428 pf=0 pm=0 pt=0 ru=235028 rp=238372
23:23:48.686 @T t=57103 s=0.000 lv=-38.6 pk=-38.3 c0=6.7 c1=5.2 kw=5.00 inf=1.54 iv=0.00 n=0 d=0 sk=3 hf=96520 hm=93176 ht=283428 pf=0 pm=0 pt=0 ru=235028 rp=238372
23:23:48.686 @I ww=marvin cut=0.50 win=5 cool=1000 tick=100 wifi=1 srv=1 li=0 ln=0
23:23:48.686 @T t=57195 s=0.000 lv=-39.5 pk=-38.6 c0=4.7 c1=5.9 kw=5.72 inf=1.52 iv=0.00 n=0 d=0 sk=3 hf=96520 hm=93176 ht=283428 pf=0 pm=0 pt=0 ru=235028 rp=238372
23:23:48.686 @T t=57301 s=0.000 lv=-38.3 pk=-35.5 c0=3.1 c1=5.0 kw=4.89 inf=1.51 iv=0.00 n=0 d=0 sk=3 hf=96520 hm=93176 ht=283428 pf=0 pm=0 pt=0 ru=235028 rp=238372
23:23:48.687 @T t=57407 s=0.000 lv=-32.7 pk=-29.7 c0=7.0 c1=18.9 kw=18.64 inf=1.45 iv=1.00 n=13 d=0 sk=0 hf=96520 hm=93176 ht=283428 pf=0 pm=0 pt=0 ru=235028 rp=238372
23:23:48.687 @T t=57513 s=0.000 lv=-38.4 pk=-36.8 c0=6.2 c1=9.8 kw=9.64 inf=2.38 iv=1.17 n=4 d=0 sk=0 hf=96520 hm=93176 ht=283428 pf=0 pm=0 pt=0 ru=235028 rp=238372
23:23:48.687 @T t=57599 s=0.000 lv=-40.4 pk=-39.5 c0=4.1 c1=8.3 kw=8.07 inf=3.19 iv=1.27 n=2 d=0 sk=0 hf=96520 hm=93176 ht=283428 pf=0 pm=0 pt=0 ru=235028 rp=238372
23:23:48.687 @T t=57705 s=0.000 lv=-41.0 pk=-40.2 c0=3.4 c1=10.1 kw=9.74 inf=2.37 iv=1.16 n=4 d=0 sk=0 hf=96520 hm=93176 ht=283428 pf=0 pm=0 pt=0 ru=235028 rp=238372
23:23:48.687 @T t=57811 s=0.000 lv=-39.8 pk=-38.0 c0=3.5 c1=11.0 kw=10.51 inf=2.61 iv=1.17 n=4 d=0 sk=0 hf=96520 hm=93176 ht=283428 pf=0 pm=0 pt=0 ru=235028 rp=238372
23:23:48.687 @T t=57897 s=0.000 lv=-39.2 pk=-37.5 c0=4.3 c1=8.4 kw=8.21 inf=3.24 iv=1.30 n=2 d=0 sk=0 hf=96520 hm=93176 ht=283428 pf=0 pm=0 pt=0 ru=235028 rp=238372
23:23:48.687 @T t=58003 s=0.000 lv=-37.9 pk=-36.6 c0=3.5 c1=9.8 kw=9.58 inf=2.36 iv=1.16 n=4 d=0 sk=0 hf=96520 hm=93176 ht=283428 pf=0 pm=0 pt=0 ru=235028 rp=238372
23:23:48.687 @T t=58112 s=0.000 lv=-38.3 pk=-36.4 c0=8.8 c1=10.5 kw=10.32 inf=2.60 iv=1.16 n=4 d=0 sk=0 hf=96520 hm=93176 ht=283428 pf=0 pm=0 pt=0 ru=235028 rp=238372
23:23:48.687 @I ww=marvin cut=0.50 win=5 cool=1000 tick=100 wifi=1 srv=1 li=0 ln=0
23:23:48.687 @T t=58203 s=0.000 lv=-38.9 pk=-38.2 c0=5.3 c1=7.9 kw=7.73 inf=3.23 iv=1.26 n=2 d=0 sk=0 hf=96520 hm=93176 ht=283428 pf=0 pm=0 pt=0 ru=235028 rp=238372
23:23:48.687 @T t=58309 s=0.000 lv=-34.6 pk=-32.4 c0=3.6 c1=11.0 kw=10.75 inf=2.63 iv=1.20 n=4 d=0 sk=0 hf=96520 hm=93176 ht=283428 pf=0 pm=0 pt=0 ru=235028 rp=238372
23:23:48.687 @T t=58395 s=0.000 lv=-37.6 pk=-36.8 c0=8.3 c1=10.6 kw=10.00 inf=2.67 iv=1.32 n=3 d=0 sk=0 hf=96520 hm=93176 ht=283428 pf=0 pm=0 pt=0 ru=235028 rp=238372
23:23:48.687 @T t=58501 s=0.000 lv=-37.8 pk=-36.6 c0=3.9 c1=8.5 kw=8.30 inf=2.70 iv=1.11 n=3 d=0 sk=0 hf=96324 hm=93176 ht=283428 pf=0 pm=0 pt=0 ru=235224 rp=238372
23:23:48.687 @T t=58607 s=0.000 lv=-37.4 pk=-35.9 c0=3.6 c1=10.8 kw=10.52 inf=2.57 iv=1.14 n=4 d=0 sk=0 hf=96520 hm=93176 ht=283428 pf=0 pm=0 pt=0 ru=235028 rp=238372
23:23:48.687 @T t=58713 s=0.000 lv=-37.8 pk=-36.4 c0=3.4 c1=9.5 kw=9.33 inf=2.30 iv=1.10 n=4 d=0 sk=0 hf=96520 hm=93176 ht=283428 pf=0 pm=0 pt=0 ru=235028 rp=238372
23:23:48.687 @T t=58799 s=0.000 lv=-35.3 pk=-33.8 c0=4.2 c1=8.1 kw=7.90 inf=3.11 iv=1.19 n=2 d=0 sk=0 hf=96520 hm=93176 ht=283428 pf=0 pm=0 pt=0 ru=235028 rp=238372
23:23:48.687 @T t=58905 s=0.000 lv=-38.7 pk=-36.4 c0=3.6 c1=10.0 kw=9.60 inf=2.33 iv=1.14 n=4 d=0 sk=0 hf=96520 hm=93176 ht=283428 pf=0 pm=0 pt=0 ru=235028 rp=238372
23:23:48.687 @T t=59011 s=0.000 lv=-38.9 pk=-37.6 c0=3.5 c1=10.8 kw=10.39 inf=2.58 iv=1.13 n=4 d=0 sk=0 hf=96520 hm=93176 ht=283428 pf=0 pm=0 pt=0 ru=235028 rp=238372
23:23:48.687 @T t=59097 s=0.000 lv=-40.1 pk=-39.4 c0=4.1 c1=8.0 kw=7.81 inf=3.08 iv=1.17 n=2 d=0 sk=0 hf=96520 hm=93176 ht=283428 pf=0 pm=0 pt=0 ru=235028 rp=238372
23:23:48.687 @I ww=marvin cut=0.50 win=5 cool=1000 tick=100 wifi=1 srv=1 li=0 ln=0
23:23:48.687 @T t=59209 s=0.000 lv=-40.0 pk=-39.2 c0=4.0 c1=10.1 kw=9.85 inf=2.55 iv=1.11 n=4 d=0 sk=0 hf=96520 hm=93176 ht=283428 pf=0 pm=0 pt=0 ru=235028 rp=238372
23:23:48.687 @T t=59295 s=0.000 lv=-38.4 pk=-36.4 c0=4.2 c1=9.3 kw=9.13 inf=2.43 iv=1.14 n=3 d=0 sk=0 hf=96520 hm=93176 ht=283428 pf=0 pm=0 pt=0 ru=235028 rp=238372
23:23:48.687 @T t=59401 s=0.000 lv=-39.0 pk=-38.0 c0=4.3 c1=8.6 kw=8.44 inf=2.74 iv=1.15 n=3 d=0 sk=0 hf=96520 hm=93176 ht=283428 pf=0 pm=0 pt=0 ru=235028 rp=238372
23:23:50.982 @T t=59507 s=0.000 lv=-41.1 pk=-39.4 c0=6.8 c1=10.6 kw=10.42 inf=2.55 iv=1.12 n=4 d=0 sk=0 hf=96520 hm=93176 ht=283428 pf=0 pm=0 pt=0 ru=235028 rp=238372
23:23:50.982 @T t=59613 s=0.000 lv=-38.8 pk=-37.2 c0=6.6 c1=9.5 kw=9.33 inf=2.30 iv=1.10 n=4 d=0 sk=0 hf=96520 hm=93176 ht=283428 pf=0 pm=0 pt=0 ru=235028 rp=238372
23:23:50.983 @T t=59699 s=0.000 lv=-40.2 pk=-39.4 c0=4.0 c1=8.0 kw=7.82 inf=3.08 iv=1.17 n=2 d=0 sk=0 hf=96520 hm=93176 ht=283428 pf=0 pm=0 pt=0 ru=235028 rp=238372
23:23:50.983 @T t=59805 s=0.000 lv=-39.6 pk=-37.6 c0=3.5 c1=9.9 kw=9.53 inf=2.31 iv=1.11 n=4 d=0 sk=0 hf=96520 hm=93176 ht=283428 pf=0 pm=0 pt=0 ru=235028 rp=238372
23:23:50.983 @T t=59911 s=0.000 lv=-39.2 pk=-38.4 c0=3.5 c1=10.8 kw=10.37 inf=2.57 iv=1.13 n=4 d=0 sk=0 hf=96520 hm=93176 ht=283428 pf=0 pm=0 pt=0 ru=235028 rp=238372
23:23:50.983 @T t=59997 s=0.000 lv=-38.9 pk=-37.7 c0=4.1 c1=8.0 kw=7.85 inf=3.09 iv=1.18 n=2 d=0 sk=0 hf=96520 hm=93176 ht=283428 pf=0 pm=0 pt=0 ru=235028 rp=238372
23:23:50.983 @T t=60103 s=0.000 lv=-40.1 pk=-38.9 c0=3.5 c1=9.5 kw=9.27 inf=2.28 iv=1.09 n=4 d=0 sk=0 hf=96520 hm=93176 ht=283428 pf=0 pm=0 pt=0 ru=235028 rp=238372
23:23:50.983 @I ww=marvin cut=0.50 win=5 cool=1000 tick=100 wifi=1 srv=1 li=0 ln=0
23:23:50.983 @T t=60197 s=0.000 lv=-38.8 pk=-37.5 c0=16.3 c1=9.7 kw=9.47 inf=2.72 iv=1.13 n=3 d=0 sk=0 hf=96520 hm=93176 ht=283428 pf=0 pm=0 pt=0 ru=235028 rp=238372
23:23:50.983 @T t=60303 s=0.000 lv=-37.7 pk=-36.1 c0=6.1 c1=8.6 kw=8.41 inf=2.73 iv=1.15 n=3 d=0 sk=0 hf=96520 hm=93176 ht=283428 pf=0 pm=0 pt=0 ru=235028 rp=238372
23:23:50.983 @T t=60409 s=0.000 lv=-39.7 pk=-38.3 c0=6.7 c1=8.1 kw=7.52 inf=1.78 iv=1.37 n=1 d=0 sk=3 hf=96520 hm=93176 ht=283428 pf=0 pm=0 pt=0 ru=235028 rp=238372
23:23:50.983 @T t=60495 s=0.000 lv=-38.1 pk=-36.2 c0=4.6 c1=5.1 kw=4.95 inf=1.86 iv=0.00 n=0 d=0 sk=2 hf=96520 hm=93176 ht=283428 pf=0 pm=0 pt=0 ru=235028 rp=238372
23:23:50.983 @T t=60601 s=0.000 lv=-39.9 pk=-38.1 c0=3.8 c1=5.1 kw=4.98 inf=1.53 iv=0.00 n=0 d=0 sk=3 hf=96520 hm=93176 ht=283428 pf=0 pm=0 pt=0 ru=235028 rp=238372
23:23:50.983 @T t=60707 s=0.000 lv=-40.0 pk=-38.5 c0=3.3 c1=6.0 kw=5.88 inf=1.36 iv=0.00 n=0 d=0 sk=4 hf=96520 hm=93176 ht=283428 pf=0 pm=0 pt=0 ru=235028 rp=238372
23:23:50.983 @T t=60813 s=0.000 lv=-39.1 pk=-38.0 c0=3.1 c1=5.1 kw=4.94 inf=1.52 iv=0.00 n=0 d=0 sk=3 hf=96520 hm=93176 ht=283428 pf=0 pm=0 pt=0 ru=235028 rp=238372
23:23:50.983 @T t=60899 s=0.000 lv=-39.6 pk=-39.4 c0=3.8 c1=5.0 kw=4.88 inf=1.83 iv=0.00 n=0 d=0 sk=2 hf=96520 hm=93176 ht=283428 pf=0 pm=0 pt=0 ru=235028 rp=238372
23:23:50.983 @T t=61005 s=0.000 lv=-39.6 pk=-37.5 c0=6.9 c1=5.4 kw=5.06 inf=1.52 iv=0.00 n=0 d=0 sk=3 hf=96520 hm=93176 ht=283428 pf=0 pm=0 pt=0 ru=235028 rp=238372
23:23:50.983 [status] up 61s | mic -38.6 dBFS (peak -29.2) | score max 0.00 | detections 0 | inferences 242 (24.2/s; model 1.15 ms each, paused in quiet 28%; features 1.41 ms per 30 ms) | CPU core0  5.0% core1  8.4% (wake word pipeline 8.24% of one core) | RAM used 229 KB (peak 232 KB, 94 KB free) | wifi OK, server OK | audio lost since boot: i2s 0 net 0
23:23:50.983 @T t=61114 s=0.000 lv=-40.6 pk=-39.4 c0=7.3 c1=6.1 kw=5.75 inf=1.86 iv=0.00 n=0 d=0 sk=3 hf=96520 hm=93176 ht=283428 pf=0 pm=0 pt=0 ru=235028 rp=238372
23:23:50.983 @I ww=marvin cut=0.50 win=5 cool=1000 tick=100 wifi=1 srv=1 li=0 ln=0
23:23:50.983 @T t=61206 s=0.000 lv=-40.4 pk=-38.6 c0=13.4 c1=5.8 kw=5.68 inf=1.52 iv=0.00 n=0 d=0 sk=3 hf=96520 hm=93176 ht=283428 pf=0 pm=0 pt=0 ru=235028 rp=238372
23:23:50.983 @T t=61312 s=0.000 lv=-40.2 pk=-39.4 c0=3.1 c1=5.1 kw=4.94 inf=1.52 iv=0.00 n=0 d=0 sk=3 hf=96520 hm=93176 ht=283428 pf=0 pm=0 pt=0 ru=235028 rp=238372
23:23:50.983 @T t=61398 s=0.000 lv=-40.5 pk=-39.5 c0=8.4 c1=5.1 kw=4.91 inf=1.84 iv=0.00 n=0 d=0 sk=2 hf=96520 hm=93176 ht=283428 pf=0 pm=0 pt=0 ru=235028 rp=238372
23:23:50.983 @T t=61504 s=0.000 lv=-39.5 pk=-39.0 c0=3.2 c1=5.0 kw=4.93 inf=1.52 iv=0.00 n=0 d=0 sk=3 hf=96520 hm=93176 ht=283428 pf=0 pm=0 pt=0 ru=235028 rp=238372
23:23:50.983 @T t=61610 s=0.000 lv=-40.2 pk=-38.4 c0=3.4 c1=6.2 kw=5.98 inf=1.38 iv=0.00 n=0 d=0 sk=4 hf=96520 hm=93176 ht=283428 pf=0 pm=0 pt=0 ru=235028 rp=238372
23:23:50.983 @T t=61696 s=0.000 lv=-40.1 pk=-38.9 c0=4.0 c1=5.0 kw=4.87 inf=1.82 iv=0.00 n=0 d=0 sk=2 hf=96520 hm=93176 ht=283428 pf=0 pm=0 pt=0 ru=235028 rp=238372
23:23:50.983 @T t=61802 s=0.000 lv=-40.0 pk=-38.9 c0=6.4 c1=5.1 kw=4.94 inf=1.52 iv=0.00 n=0 d=0 sk=3 hf=96520 hm=93176 ht=283428 pf=0 pm=0 pt=0 ru=235028 rp=238372
23:23:53.569 @T t=61908 s=0.000 lv=-37.6 pk=-36.0 c0=3.2 c1=6.1 kw=5.91 inf=1.37 iv=0.00 n=0 d=0 sk=4 hf=96520 hm=93176 ht=283428 pf=0 pm=0 pt=0 ru=235028 rp=238372
23:23:53.569 @T t=62014 s=0.000 lv=-36.5 pk=-35.4 c0=3.2 c1=5.1 kw=4.95 inf=1.52 iv=0.00 n=0 d=0 sk=3 hf=96520 hm=93176 ht=283428 pf=0 pm=0 pt=0 ru=235028 rp=238372
23:23:53.569 @T t=62100 s=0.000 lv=-32.2 pk=-28.4 c0=3.9 c1=17.7 kw=17.50 inf=1.32 iv=0.97 n=11 d=0 sk=0 hf=96520 hm=93176 ht=283428 pf=0 pm=0 pt=0 ru=235028 rp=238372
23:23:53.569 @I ww=marvin cut=0.50 win=5 cool=1000 tick=100 wifi=1 srv=1 li=0 ln=0
23:23:53.569 @T t=62211 s=0.000 lv=-37.1 pk=-35.3 c0=4.1 c1=10.3 kw=10.06 inf=2.58 iv=1.14 n=4 d=0 sk=0 hf=96520 hm=93176 ht=283428 pf=0 pm=0 pt=0 ru=235028 rp=238372
23:23:53.569 @T t=62297 s=0.000 lv=-38.8 pk=-36.5 c0=4.3 c1=9.4 kw=9.18 inf=2.44 iv=1.16 n=3 d=0 sk=0 hf=96520 hm=93176 ht=283428 pf=0 pm=0 pt=0 ru=235028 rp=238372
23:23:53.569 @T t=62403 s=0.000 lv=-39.6 pk=-38.6 c0=6.7 c1=9.3 kw=8.74 inf=2.84 iv=1.20 n=3 d=0 sk=0 hf=96520 hm=93176 ht=283428 pf=0 pm=0 pt=0 ru=235028 rp=238372
23:23:53.569 @T t=62509 s=0.000 lv=-38.3 pk=-35.8 c0=6.7 c1=10.8 kw=10.54 inf=2.58 iv=1.14 n=4 d=0 sk=0 hf=96520 hm=93176 ht=283428 pf=0 pm=0 pt=0 ru=235028 rp=238372
23:23:53.569 @T t=62595 s=0.000 lv=-35.6 pk=-34.3 c0=4.2 c1=9.5 kw=9.29 inf=2.48 iv=1.19 n=3 d=0 sk=0 hf=96520 hm=93176 ht=283428 pf=0 pm=0 pt=0 ru=235028 rp=238372
23:23:53.569 @T t=62701 s=0.000 lv=-38.0 pk=-35.8 c0=3.7 c1=8.8 kw=8.61 inf=2.80 iv=1.19 n=3 d=0 sk=0 hf=96520 hm=93176 ht=283428 pf=0 pm=0 pt=0 ru=235028 rp=238372
23:23:53.570 @T t=62807 s=0.000 lv=-39.8 pk=-38.7 c0=3.6 c1=11.1 kw=10.81 inf=2.65 iv=1.20 n=4 d=0 sk=0 hf=96520 hm=93176 ht=283428 pf=0 pm=0 pt=0 ru=235028 rp=238372
23:23:53.570 @T t=62913 s=0.000 lv=-39.6 pk=-37.8 c0=3.5 c1=9.8 kw=9.61 inf=2.37 iv=1.16 n=4 d=0 sk=0 hf=96520 hm=93176 ht=283428 pf=0 pm=0 pt=0 ru=235028 rp=238372
23:23:53.570 @T t=62999 s=0.000 lv=-39.5 pk=-37.6 c0=4.3 c1=8.2 kw=8.03 inf=3.17 iv=1.24 n=2 d=0 sk=0 hf=96520 hm=93176 ht=283428 pf=0 pm=0 pt=0 ru=235028 rp=238372
23:23:53.570 @T t=63105 s=0.000 lv=-40.4 pk=-39.1 c0=3.5 c1=10.2 kw=9.80 inf=2.38 iv=1.17 n=4 d=0 sk=0 hf=96520 hm=93176 ht=283428 pf=0 pm=0 pt=0 ru=235028 rp=238372
23:23:53.570 @I ww=marvin cut=0.50 win=5 cool=1000 tick=100 wifi=1 srv=1 li=0 ln=0
23:23:53.570 @T t=63196 s=0.000 lv=-38.9 pk=-37.1 c0=4.8 c1=10.4 kw=9.86 inf=2.80 iv=1.19 n=3 d=0 sk=0 hf=96520 hm=93176 ht=283428 pf=0 pm=0 pt=0 ru=235028 rp=238372
23:23:53.570 @T t=63302 s=0.000 lv=-39.3 pk=-37.2 c0=3.5 c1=8.7 kw=8.47 inf=2.76 iv=1.15 n=3 d=0 sk=0 hf=96520 hm=93176 ht=283428 pf=0 pm=0 pt=0 ru=235028 rp=238372
23:23:53.570 @T t=63408 s=0.000 lv=-40.3 pk=-39.0 c0=3.9 c1=10.9 kw=10.62 inf=2.60 iv=1.15 n=4 d=0 sk=0 hf=96520 hm=93176 ht=283428 pf=0 pm=0 pt=0 ru=235028 rp=238372
23:23:53.570 @T t=63514 s=0.000 lv=-39.1 pk=-37.9 c0=3.4 c1=9.6 kw=9.42 inf=2.32 iv=1.12 n=4 d=0 sk=0 hf=96520 hm=93176 ht=283428 pf=0 pm=0 pt=0 ru=235028 rp=238372
23:23:53.570 @T t=63600 s=0.000 lv=-40.2 pk=-39.7 c0=4.1 c1=8.1 kw=7.89 inf=3.11 iv=1.20 n=2 d=0 sk=0 hf=96520 hm=93176 ht=283428 pf=0 pm=0 pt=0 ru=235028 rp=238372
23:23:53.570 @T t=63706 s=0.000 lv=-40.0 pk=-38.3 c0=3.4 c1=10.8 kw=10.62 inf=2.60 iv=1.16 n=4 d=0 sk=0 hf=96520 hm=93176 ht=283428 pf=0 pm=0 pt=0 ru=235028 rp=238372
23:23:53.570 @T t=63812 s=0.000 lv=-39.6 pk=-39.1 c0=3.8 c1=10.0 kw=9.83 inf=2.42 iv=1.21 n=4 d=0 sk=0 hf=96520 hm=93176 ht=283428 pf=0 pm=0 pt=0 ru=235028 rp=238372
23:23:53.570 @T t=63898 s=0.000 lv=-38.8 pk=-37.6 c0=4.3 c1=8.1 kw=7.96 inf=3.14 iv=1.22 n=2 d=0 sk=0 hf=96520 hm=93176 ht=283428 pf=0 pm=0 pt=0 ru=235028 rp=238372
23:23:53.570 @T t=64004 s=0.000 lv=-39.6 pk=-37.5 c0=3.5 c1=9.5 kw=9.28 inf=2.28 iv=1.09 n=4 d=0 sk=0 hf=96520 hm=93176 ht=283428 pf=0 pm=0 pt=0 ru=235028 rp=238372
23:23:53.570 @T t=64113 s=0.000 lv=-39.7 pk=-38.0 c0=8.8 c1=10.3 kw=10.12 inf=2.54 iv=1.09 n=4 d=0 sk=0 hf=96520 hm=93176 ht=283428 pf=0 pm=0 pt=0 ru=235028 rp=238372
23:23:53.570 @I ww=marvin cut=0.50 win=5 cool=1000 tick=100 wifi=1 srv=1 li=0 ln=0
23:23:53.570 @T t=64204 s=0.000 lv=-38.0 pk=-35.8 c0=4.8 c1=6.5 kw=6.32 inf=2.59 iv=1.37 n=1 d=0 sk=1 hf=96520 hm=93176 ht=283428 pf=0 pm=0 pt=0 ru=235028 rp=238372
23:23:53.570 @T t=64310 s=0.000 lv=-40.5 pk=-38.5 c0=3.4 c1=6.2 kw=6.02 inf=1.39 iv=0.00 n=0 d=0 sk=4 hf=96520 hm=93176 ht=283428 pf=0 pm=0 pt=0 ru=235028 rp=238372
23:23:56.176 @T t=64396 s=0.000 lv=-40.5 pk=-40.3 c0=11.7 c1=5.5 kw=4.87 inf=1.83 iv=0.00 n=0 d=0 sk=2 hf=96520 hm=93176 ht=283428 pf=0 pm=0 pt=0 ru=235028 rp=238372
23:23:56.176 @T t=64502 s=0.000 lv=-38.7 pk=-37.0 c0=3.8 c1=5.1 kw=5.02 inf=1.55 iv=0.00 n=0 d=0 sk=3 hf=96520 hm=93176 ht=283428 pf=0 pm=0 pt=0 ru=235028 rp=238372
23:23:56.176 @T t=64608 s=0.000 lv=-38.6 pk=-37.2 c0=3.4 c1=6.1 kw=5.94 inf=1.37 iv=0.00 n=0 d=0 sk=4 hf=96520 hm=93176 ht=283428 pf=0 pm=0 pt=0 ru=235028 rp=238372
23:23:56.176 @T t=64714 s=0.000 lv=-38.7 pk=-37.8 c0=3.0 c1=5.0 kw=4.92 inf=1.51 iv=0.00 n=0 d=0 sk=3 hf=96520 hm=93176 ht=283428 pf=0 pm=0 pt=0 ru=235028 rp=238372
23:23:56.176 @T t=64800 s=0.000 lv=-40.7 pk=-40.1 c0=4.2 c1=5.4 kw=5.21 inf=1.97 iv=0.00 n=0 d=0 sk=2 hf=96520 hm=93176 ht=283428 pf=0 pm=0 pt=0 ru=235028 rp=238372
23:23:56.176 @T t=64906 s=0.000 lv=-39.6 pk=-37.0 c0=3.4 c1=6.1 kw=5.96 inf=1.38 iv=0.00 n=0 d=0 sk=4 hf=96520 hm=93176 ht=283428 pf=0 pm=0 pt=0 ru=235028 rp=238372
23:23:56.176 @T t=65012 s=0.000 lv=-39.9 pk=-37.7 c0=6.8 c1=5.1 kw=4.97 inf=1.53 iv=0.00 n=0 d=0 sk=3 hf=96520 hm=93176 ht=283428 pf=0 pm=0 pt=0 ru=235028 rp=238372
23:23:56.176 @T t=65098 s=0.000 lv=-40.1 pk=-39.2 c0=4.0 c1=5.0 kw=4.93 inf=1.85 iv=0.00 n=0 d=0 sk=2 hf=96520 hm=93176 ht=283428 pf=0 pm=0 pt=0 ru=235028 rp=238372
23:23:56.176 @I ww=marvin cut=0.50 win=5 cool=1000 tick=100 wifi=1 srv=1 li=0 ln=0
23:23:56.176 @T t=65210 s=0.000 lv=-40.7 pk=-39.6 c0=11.0 c1=5.7 kw=5.58 inf=1.36 iv=0.00 n=0 d=0 sk=4 hf=96520 hm=93176 ht=283428 pf=0 pm=0 pt=0 ru=235028 rp=238372
23:23:56.176 @T t=65296 s=0.000 lv=-39.9 pk=-38.8 c0=7.8 c1=5.0 kw=4.86 inf=1.82 iv=0.00 n=0 d=0 sk=2 hf=96520 hm=93176 ht=283428 pf=0 pm=0 pt=0 ru=235028 rp=238372
23:23:56.176 @T t=65402 s=0.000 lv=-38.9 pk=-38.1 c0=3.6 c1=5.1 kw=4.97 inf=1.53 iv=0.00 n=0 d=0 sk=3 hf=96520 hm=93176 ht=283428 pf=0 pm=0 pt=0 ru=235028 rp=238372
23:23:56.176 @T t=65508 s=0.000 lv=-39.7 pk=-37.8 c0=3.2 c1=6.1 kw=5.97 inf=1.38 iv=0.00 n=0 d=0 sk=4 hf=96520 hm=93176 ht=283428 pf=0 pm=0 pt=0 ru=235028 rp=238372
23:23:56.176 @T t=65614 s=0.000 lv=-38.8 pk=-36.5 c0=3.0 c1=5.1 kw=4.94 inf=1.52 iv=0.00 n=0 d=0 sk=3 hf=96520 hm=93176 ht=283428 pf=0 pm=0 pt=0 ru=235028 rp=238372
23:23:56.176 @T t=65700 s=0.000 lv=-39.9 pk=-39.0 c0=3.7 c1=5.0 kw=4.88 inf=1.83 iv=0.00 n=0 d=0 sk=2 hf=96520 hm=93176 ht=283428 pf=0 pm=0 pt=0 ru=235028 rp=238372
23:23:56.176 @T t=65806 s=0.000 lv=-40.1 pk=-38.4 c0=3.5 c1=6.4 kw=5.93 inf=1.37 iv=0.00 n=0 d=0 sk=4 hf=96520 hm=93176 ht=283428 pf=0 pm=0 pt=0 ru=235028 rp=238372
23:23:56.176 @T t=65912 s=0.000 lv=-39.5 pk=-38.1 c0=3.5 c1=5.1 kw=4.98 inf=1.54 iv=0.00 n=0 d=0 sk=3 hf=96520 hm=93176 ht=283428 pf=0 pm=0 pt=0 ru=235028 rp=238372
23:23:56.176 @T t=65998 s=0.000 lv=-39.7 pk=-38.4 c0=7.9 c1=5.0 kw=4.88 inf=1.83 iv=0.00 n=0 d=0 sk=2 hf=96520 hm=93176 ht=283428 pf=0 pm=0 pt=0 ru=235028 rp=238372
23:23:56.176 @T t=66104 s=0.000 lv=-39.9 pk=-38.6 c0=3.5 c1=5.1 kw=4.97 inf=1.53 iv=0.00 n=0 d=0 sk=3 hf=96520 hm=93176 ht=283428 pf=0 pm=0 pt=0 ru=235028 rp=238372
23:23:56.176 @I ww=marvin cut=0.50 win=5 cool=1000 tick=100 wifi=1 srv=1 li=0 ln=0
23:23:56.176 @T t=66195 s=0.000 lv=-40.9 pk=-39.7 c0=4.7 c1=6.0 kw=5.85 inf=1.54 iv=0.00 n=0 d=0 sk=3 hf=96520 hm=93176 ht=283428 pf=0 pm=0 pt=0 ru=235028 rp=238372
23:23:56.176 @T t=66301 s=0.000 lv=-39.0 pk=-38.0 c0=3.1 c1=5.1 kw=4.93 inf=1.52 iv=0.00 n=0 d=0 sk=3 hf=96520 hm=93176 ht=283428 pf=0 pm=0 pt=0 ru=235028 rp=238372
23:23:56.176 @T t=66407 s=0.000 lv=-40.2 pk=-38.9 c0=6.3 c1=6.6 kw=6.05 inf=1.40 iv=0.00 n=0 d=0 sk=4 hf=96520 hm=93176 ht=283428 pf=0 pm=0 pt=0 ru=235028 rp=238372
23:23:56.176 @T t=66513 s=0.000 lv=-38.5 pk=-35.8 c0=3.8 c1=5.1 kw=4.97 inf=1.53 iv=0.00 n=0 d=0 sk=3 hf=96324 hm=93176 ht=283428 pf=0 pm=0 pt=0 ru=235224 rp=238372
23:23:56.176 @T t=66599 s=0.000 lv=-36.7 pk=-33.6 c0=4.2 c1=16.5 kw=16.33 inf=1.12 iv=0.97 n=10 d=0 sk=2 hf=96520 hm=93176 ht=283428 pf=0 pm=0 pt=0 ru=235028 rp=238372
23:23:56.176 @T t=66705 s=0.000 lv=-37.8 pk=-36.5 c0=3.5 c1=9.1 kw=8.73 inf=2.80 iv=1.20 n=3 d=0 sk=0 hf=96520 hm=93176 ht=283428 pf=0 pm=0 pt=0 ru=235028 rp=238372
23:23:56.176 @T t=66811 s=0.000 lv=-38.4 pk=-36.1 c0=6.6 c1=11.5 kw=11.23 inf=2.80 iv=1.33 n=4 d=0 sk=0 hf=96520 hm=93176 ht=283428 pf=0 pm=0 pt=0 ru=235028 rp=238372
23:23:56.176 @T t=66897 s=0.000 lv=-38.8 pk=-38.3 c0=4.4 c1=9.5 kw=9.27 inf=2.46 iv=1.17 n=3 d=0 sk=0 hf=96520 hm=93176 ht=283428 pf=0 pm=0 pt=0 ru=235028 rp=238372
23:23:58.589 @T t=67003 s=0.000 lv=-38.9 pk=-37.7 c0=3.5 c1=8.5 kw=8.34 inf=2.71 iv=1.12 n=3 d=0 sk=0 hf=96520 hm=93176 ht=283428 pf=0 pm=0 pt=0 ru=235028 rp=238372
23:23:58.589 @T t=67111 s=0.000 lv=-38.4 pk=-36.4 c0=3.1 c1=10.5 kw=10.31 inf=2.57 iv=1.13 n=4 d=0 sk=0 hf=96520 hm=93176 ht=283428 pf=0 pm=0 pt=0 ru=235028 rp=238372
23:23:58.589 @I ww=marvin cut=0.50 win=5 cool=1000 tick=100 wifi=1 srv=1 li=0 ln=0
23:23:58.589 @T t=67202 s=0.000 lv=-39.6 pk=-38.0 c0=5.3 c1=9.2 kw=9.02 inf=2.54 iv=1.22 n=3 d=0 sk=0 hf=96520 hm=93176 ht=283428 pf=0 pm=0 pt=0 ru=235028 rp=238372
23:23:58.589 @T t=67308 s=0.000 lv=-37.2 pk=-34.7 c0=3.6 c1=10.8 kw=10.57 inf=2.59 iv=1.15 n=4 d=0 sk=0 hf=96520 hm=93176 ht=283428 pf=0 pm=0 pt=0 ru=235028 rp=238372
23:23:58.590 @T t=67414 s=0.000 lv=-38.1 pk=-36.0 c0=3.9 c1=8.6 kw=8.45 inf=2.75 iv=1.14 n=3 d=0 sk=0 hf=96520 hm=93176 ht=283428 pf=0 pm=0 pt=0 ru=235028 rp=238372
23:23:58.590 I (67827) wifi:[ADDBA]RX DELBA, reason:37, delete tid:0, initiator:1(originator)
23:23:58.590 @T t=67500 s=0.000 lv=-38.9 pk=-38.5 c0=6.6 c1=10.1 kw=9.74 inf=2.60 iv=1.28 n=3 d=0 sk=0 hf=96520 hm=93176 ht=283428 pf=0 pm=0 pt=0 ru=235028 rp=238372
23:23:58.590 @T t=67609 s=0.000 lv=-37.7 pk=-36.4 c0=3.2 c1=10.3 kw=10.14 inf=2.55 iv=1.12 n=4 d=0 sk=0 hf=96520 hm=93176 ht=283428 pf=0 pm=0 pt=0 ru=235028 rp=238372
23:23:58.590 @T t=67695 s=0.000 lv=-37.7 pk=-36.1 c0=4.1 c1=9.2 kw=9.05 inf=2.40 iv=1.13 n=3 d=0 sk=0 hf=96520 hm=93176 ht=283428 pf=0 pm=0 pt=0 ru=235028 rp=238372
23:23:58.590 @T t=67801 s=0.000 lv=-37.2 pk=-34.5 c0=3.7 c1=8.8 kw=8.32 inf=2.71 iv=1.12 n=3 d=0 sk=0 hf=96300 hm=93176 ht=283428 pf=0 pm=0 pt=0 ru=235248 rp=238372
23:23:58.590 @T t=67907 s=0.000 lv=-40.2 pk=-38.8 c0=6.4 c1=11.1 kw=10.86 inf=2.67 iv=1.21 n=4 d=0 sk=0 hf=96520 hm=93176 ht=283428 pf=0 pm=0 pt=0 ru=235028 rp=238372
23:23:58.590 @T t=68013 s=0.000 lv=-39.0 pk=-37.5 c0=3.6 c1=8.7 kw=8.55 inf=2.79 iv=1.17 n=3 d=0 sk=0 hf=96520 hm=93176 ht=283428 pf=0 pm=0 pt=0 ru=235028 rp=238372
23:23:58.590 @T t=68099 s=0.000 lv=-39.9 pk=-39.1 c0=4.1 c1=9.5 kw=9.29 inf=2.47 iv=1.19 n=3 d=0 sk=0 hf=96520 hm=93176 ht=283428 pf=0 pm=0 pt=0 ru=235028 rp=238372
23:23:58.590 @I ww=marvin cut=0.50 win=5 cool=1000 tick=100 wifi=1 srv=1 li=0 ln=0
23:23:58.590 @T t=68210 s=0.000 lv=-39.6 pk=-38.6 c0=4.0 c1=9.4 kw=9.19 inf=2.34 iv=1.20 n=3 d=0 sk=1 hf=96520 hm=93176 ht=283428 pf=0 pm=0 pt=0 ru=235028 rp=238372
23:23:58.590 @T t=68296 s=0.000 lv=-38.5 pk=-37.3 c0=4.1 c1=5.0 kw=4.93 inf=1.85 iv=0.00 n=0 d=0 sk=2 hf=96520 hm=93176 ht=283428 pf=0 pm=0 pt=0 ru=235028 rp=238372
23:23:58.590 @T t=68404 s=0.000 lv=-38.1 pk=-36.7 c0=8.5 c1=4.8 kw=4.86 inf=1.52 iv=0.00 n=0 d=0 sk=3 hf=94960 hm=93176 ht=283428 pf=0 pm=0 pt=0 ru=236588 rp=238372
23:23:58.590 @T t=68512 s=0.000 lv=-37.5 pk=-35.9 c0=8.4 c1=7.1 kw=6.12 inf=1.44 iv=0.00 n=0 d=0 sk=4 hf=96324 hm=91152 ht=283428 pf=0 pm=0 pt=0 ru=235224 rp=240396
23:23:58.590 @T t=68599 s=0.000 lv=-38.5 pk=-38.0 c0=4.3 c1=5.0 kw=4.88 inf=1.85 iv=0.00 n=0 d=0 sk=2 hf=96520 hm=91152 ht=283428 pf=0 pm=0 pt=0 ru=235028 rp=240396
23:23:58.590 @T t=68705 s=0.000 lv=-38.9 pk=-38.0 c0=3.1 c1=5.4 kw=5.07 inf=1.52 iv=0.00 n=0 d=0 sk=3 hf=96520 hm=91152 ht=283428 pf=0 pm=0 pt=0 ru=235028 rp=240396
23:23:58.590 @T t=68811 s=0.000 lv=-38.5 pk=-37.1 c0=6.8 c1=6.5 kw=5.82 inf=1.83 iv=0.00 n=0 d=0 sk=3 hf=96520 hm=91152 ht=283428 pf=0 pm=0 pt=0 ru=235028 rp=240396
23:23:58.590 @T t=68897 s=0.000 lv=-38.3 pk=-37.2 c0=4.1 c1=5.0 kw=4.88 inf=1.83 iv=0.00 n=0 d=0 sk=2 hf=96520 hm=91152 ht=283428 pf=0 pm=0 pt=0 ru=235028 rp=240396
23:23:58.590 @T t=69003 s=0.000 lv=-40.3 pk=-38.4 c0=3.2 c1=5.1 kw=4.91 inf=1.51 iv=0.00 n=0 d=0 sk=3 hf=96520 hm=91152 ht=283428 pf=0 pm=0 pt=0 ru=235028 rp=240396
23:23:58.590 @T t=69108 s=0.000 lv=-36.2 pk=-33.0 c0=3.1 c1=18.7 kw=18.44 inf=1.42 iv=0.98 n=13 d=0 sk=0 hf=96520 hm=91152 ht=283428 pf=0 pm=0 pt=0 ru=235028 rp=240396
23:23:58.590 @I ww=marvin cut=0.50 win=5 cool=1000 tick=100 wifi=1 srv=1 li=0 ln=0
23:23:58.590 @T t=69199 s=0.000 lv=-38.4 pk=-37.9 c0=4.9 c1=7.8 kw=7.57 inf=3.16 iv=1.24 n=2 d=0 sk=0 hf=96520 hm=91152 ht=283428 pf=0 pm=0 pt=0 ru=235028 rp=240396
23:23:58.590 @T t=69305 s=0.000 lv=-37.4 pk=-34.8 c0=3.5 c1=10.3 kw=9.87 inf=2.40 iv=1.19 n=4 d=0 sk=0 hf=96520 hm=91152 ht=283428 pf=0 pm=0 pt=0 ru=235028 rp=240396
23:24:00.776 @T t=69411 s=0.000 lv=-37.8 pk=-36.5 c0=3.4 c1=10.6 kw=10.15 inf=2.51 iv=1.09 n=4 d=0 sk=0 hf=96520 hm=91152 ht=283428 pf=0 pm=0 pt=0 ru=235028 rp=240396
23:24:00.776 @T t=69497 s=0.000 lv=-37.5 pk=-36.4 c0=5.2 c1=8.4 kw=8.18 inf=3.23 iv=1.27 n=2 d=0 sk=0 hf=96520 hm=91152 ht=283428 pf=0 pm=0 pt=0 ru=235028 rp=240396
23:24:00.776 @T t=69603 s=0.000 lv=-39.3 pk=-38.5 c0=3.5 c1=9.5 kw=9.35 inf=2.30 iv=1.11 n=4 d=0 sk=0 hf=96520 hm=91152 ht=283428 pf=0 pm=0 pt=0 ru=235028 rp=240396
23:24:00.776 @T t=69712 s=0.000 lv=-39.1 pk=-37.6 c0=8.7 c1=10.2 kw=10.01 inf=2.52 iv=1.09 n=4 d=0 sk=0 hf=96520 hm=91152 ht=283428 pf=0 pm=0 pt=0 ru=235028 rp=240396
23:24:00.776 @T t=69798 s=0.000 lv=-39.3 pk=-37.5 c0=4.2 c1=8.1 kw=7.95 inf=3.14 iv=1.20 n=2 d=0 sk=0 hf=96520 hm=91152 ht=283428 pf=0 pm=0 pt=0 ru=235028 rp=240396
23:24:00.776 @T t=69904 s=0.000 lv=-39.8 pk=-38.7 c0=3.9 c1=10.5 kw=9.99 inf=2.47 iv=1.24 n=4 d=0 sk=0 hf=96520 hm=91152 ht=283428 pf=0 pm=0 pt=0 ru=235028 rp=240396
23:24:00.776 @T t=70012 s=0.000 lv=-39.3 pk=-37.5 c0=3.4 c1=10.7 kw=10.42 inf=2.60 iv=1.13 n=4 d=0 sk=0 hf=96520 hm=91152 ht=283428 pf=0 pm=0 pt=0 ru=235028 rp=240396
23:24:00.776 @T t=70098 s=0.000 lv=-37.2 pk=-36.1 c0=4.1 c1=8.0 kw=7.83 inf=3.09 iv=1.18 n=2 d=0 sk=0 hf=96520 hm=91152 ht=283428 pf=0 pm=0 pt=0 ru=235028 rp=240396
23:24:00.776 @I ww=marvin cut=0.50 win=5 cool=1000 tick=100 wifi=1 srv=1 li=0 ln=0
23:24:00.776 @T t=70209 s=0.000 lv=-38.7 pk=-37.6 c0=10.8 c1=10.2 kw=10.01 inf=2.56 iv=1.13 n=4 d=0 sk=0 hf=96520 hm=91152 ht=283428 pf=0 pm=0 pt=0 ru=235028 rp=240396
23:24:00.776 @T t=70295 s=0.000 lv=-39.0 pk=-38.3 c0=4.3 c1=9.4 kw=9.22 inf=2.45 iv=1.17 n=3 d=0 sk=0 hf=96520 hm=91152 ht=283428 pf=0 pm=0 pt=0 ru=235028 rp=240396
23:24:00.776 @T t=70401 s=0.000 lv=-37.3 pk=-35.9 c0=3.4 c1=8.6 kw=8.42 inf=2.74 iv=1.14 n=3 d=0 sk=0 hf=96520 hm=91152 ht=283428 pf=0 pm=0 pt=0 ru=235028 rp=240396
23:24:00.776 @T t=70507 s=0.000 lv=-38.7 pk=-37.4 c0=7.2 c1=12.3 kw=11.67 inf=2.87 iv=1.36 n=4 d=0 sk=0 hf=96324 hm=91152 ht=283428 pf=0 pm=0 pt=0 ru=235224 rp=240396
23:24:00.776 @T t=70613 s=0.000 lv=-37.3 pk=-35.9 c0=3.9 c1=10.2 kw=9.95 inf=2.46 iv=1.23 n=4 d=0 sk=0 hf=96520 hm=91152 ht=283428 pf=0 pm=0 pt=0 ru=235028 rp=240396
23:24:00.776 @T t=70699 s=0.000 lv=-37.5 pk=-35.9 c0=7.4 c1=5.0 kw=4.94 inf=1.85 iv=0.00 n=0 d=0 sk=2 hf=96520 hm=91152 ht=283428 pf=0 pm=0 pt=0 ru=235028 rp=240396
23:24:00.776 @T t=70805 s=0.000 lv=-37.7 pk=-36.3 c0=3.1 c1=5.4 kw=5.05 inf=1.52 iv=0.00 n=0 d=0 sk=3 hf=96520 hm=91152 ht=283428 pf=0 pm=0 pt=0 ru=235028 rp=240396
23:24:00.776 I (71202) wifi:[ADDBA]RX DELBA, reason:37, delete tid:0, initiator:1(originator)
23:24:00.776 @T t=70911 s=0.000 lv=-37.9 pk=-37.3 c0=8.7 c1=6.6 kw=5.86 inf=1.84 iv=0.00 n=0 d=0 sk=3 hf=96520 hm=91152 ht=283428 pf=0 pm=0 pt=0 ru=235028 rp=240396
23:24:00.776 @T t=70997 s=0.000 lv=-38.6 pk=-37.0 c0=4.1 c1=5.0 kw=4.86 inf=1.82 iv=0.00 n=0 d=0 sk=2 hf=96520 hm=91152 ht=283428 pf=0 pm=0 pt=0 ru=235028 rp=240396
23:24:00.776 [status] up 71s | mic -38.6 dBFS (peak -28.4) | score max 0.00 | detections 0 | inferences 206 (20.6/s; model 1.14 ms each, paused in quiet 40%; features 1.38 ms per 30 ms) | CPU core0  4.8% core1  8.0% (wake word pipeline 7.77% of one core) | RAM used 229 KB (peak 234 KB, 94 KB free) | wifi OK, server OK | audio lost since boot: i2s 0 net 0
23:24:00.776 [stacks] unused bytes: main=1936 IDLE1=720 IDLE0=728 tiT=1956 websocket_task=1460 audio_kws=1344 Tmr Svc=1368 ipc1=536 esp_timer=3136 streamer=2952 wifi=3304 sys_evt=444 ipc0=528
23:24:00.776 @T t=71122 s=0.000 lv=-38.1 pk=-37.1 c0=11.2 c1=5.2 kw=5.07 inf=1.38 iv=0.00 n=0 d=0 sk=4 hf=96520 hm=91152 ht=283428 pf=0 pm=0 pt=0 ru=235028 rp=240396
23:24:00.776 @I ww=marvin cut=0.50 win=5 cool=1000 tick=100 wifi=1 srv=1 li=0 ln=0
23:24:00.776 @T t=71214 s=0.000 lv=-38.2 pk=-37.6 c0=4.4 c1=5.8 kw=5.67 inf=1.51 iv=0.00 n=0 d=0 sk=3 hf=96520 hm=91152 ht=283428 pf=0 pm=0 pt=0 ru=235028 rp=240396
23:24:00.776 @T t=71300 s=0.000 lv=-38.9 pk=-38.0 c0=3.8 c1=5.0 kw=4.89 inf=1.83 iv=0.00 n=0 d=0 sk=2 hf=96520 hm=91152 ht=283428 pf=0 pm=0 pt=0 ru=235028 rp=240396
23:24:00.776 @T t=71406 s=0.000 lv=-39.2 pk=-36.4 c0=3.1 c1=6.0 kw=5.89 inf=1.36 iv=0.00 n=0 d=0 sk=4 hf=96520 hm=91152 ht=283428 pf=0 pm=0 pt=0 ru=235028 rp=240396
23:24:00.776 @T t=71512 s=0.000 lv=-37.1 pk=-35.2 c0=3.5 c1=5.1 kw=4.97 inf=1.53 iv=0.00 n=0 d=0 sk=3 hf=96520 hm=91152 ht=283428 pf=0 pm=0 pt=0 ru=235028 rp=240396
23:24:03.296 @T t=71598 s=0.000 lv=-38.6 pk=-37.4 c0=3.9 c1=5.0 kw=4.91 inf=1.84 iv=0.00 n=0 d=0 sk=2 hf=96520 hm=91152 ht=283428 pf=0 pm=0 pt=0 ru=235028 rp=240396
23:24:03.296 @T t=71704 s=0.000 lv=-38.9 pk=-38.0 c0=3.4 c1=5.1 kw=4.94 inf=1.52 iv=0.00 n=0 d=0 sk=3 hf=96520 hm=91152 ht=283428 pf=0 pm=0 pt=0 ru=235028 rp=240396
23:24:03.296 @T t=71813 s=0.000 lv=-39.1 pk=-37.4 c0=3.1 c1=6.1 kw=5.88 inf=1.40 iv=0.00 n=0 d=0 sk=4 hf=96520 hm=91152 ht=283428 pf=0 pm=0 pt=0 ru=235028 rp=240396
23:24:03.296 @T t=71899 s=0.000 lv=-38.6 pk=-37.1 c0=4.5 c1=5.4 kw=4.96 inf=1.86 iv=0.00 n=0 d=0 sk=2 hf=96520 hm=91152 ht=283428 pf=0 pm=0 pt=0 ru=235028 rp=240396
23:24:03.296 @T t=72005 s=0.000 lv=-40.2 pk=-39.3 c0=3.5 c1=5.4 kw=5.07 inf=1.52 iv=0.00 n=0 d=0 sk=3 hf=96520 hm=91152 ht=283428 pf=0 pm=0 pt=0 ru=235028 rp=240396
23:24:03.296 @T t=72111 s=0.000 lv=-39.4 pk=-38.7 c0=6.3 c1=6.2 kw=5.79 inf=1.82 iv=0.00 n=0 d=0 sk=3 hf=96520 hm=91152 ht=283428 pf=0 pm=0 pt=0 ru=235028 rp=240396
23:24:03.296 @I ww=marvin cut=0.50 win=5 cool=1000 tick=100 wifi=1 srv=1 li=0 ln=0
23:24:03.296 @T t=72203 s=0.000 lv=-35.3 pk=-32.8 c0=4.4 c1=15.4 kw=15.25 inf=1.12 iv=0.97 n=10 d=0 sk=2 hf=96520 hm=91152 ht=283428 pf=0 pm=0 pt=0 ru=235028 rp=240396
23:24:03.296 @T t=72312 s=0.000 lv=-34.7 pk=-33.0 c0=8.9 c1=10.7 kw=10.49 inf=2.64 iv=1.19 n=4 d=0 sk=0 hf=96520 hm=91152 ht=283428 pf=0 pm=0 pt=0 ru=235028 rp=240396
23:24:03.296 @T t=72398 s=0.000 lv=-36.7 pk=-34.3 c0=4.1 c1=9.4 kw=9.25 inf=2.46 iv=1.18 n=3 d=0 sk=0 hf=96520 hm=91152 ht=283428 pf=0 pm=0 pt=0 ru=235028 rp=240396
23:24:03.296 @T t=72504 s=0.000 lv=-39.0 pk=-38.0 c0=7.2 c1=9.7 kw=9.14 inf=2.99 iv=1.33 n=3 d=0 sk=0 hf=96520 hm=91152 ht=283428 pf=0 pm=0 pt=0 ru=235028 rp=240396
23:24:03.297 @T t=72612 s=0.000 lv=-39.4 pk=-38.5 c0=3.4 c1=11.0 kw=10.73 inf=2.68 iv=1.19 n=4 d=0 sk=0 hf=96520 hm=91152 ht=283428 pf=0 pm=0 pt=0 ru=235028 rp=240396
23:24:03.297 @T t=72698 s=0.000 lv=-39.9 pk=-38.8 c0=4.0 c1=9.4 kw=9.25 inf=2.46 iv=1.18 n=3 d=0 sk=0 hf=96520 hm=91152 ht=283428 pf=0 pm=0 pt=0 ru=235028 rp=240396
23:24:03.297 @T t=72804 s=0.000 lv=-37.7 pk=-35.5 c0=3.5 c1=8.7 kw=8.50 inf=2.77 iv=1.17 n=3 d=0 sk=0 hf=96520 hm=91152 ht=283428 pf=0 pm=0 pt=0 ru=235028 rp=240396
23:24:03.297 @T t=72913 s=0.000 lv=-38.3 pk=-35.1 c0=4.2 c1=11.4 kw=10.85 inf=2.74 iv=1.24 n=4 d=0 sk=0 hf=96520 hm=91152 ht=283428 pf=0 pm=0 pt=0 ru=235028 rp=240396
23:24:03.297 @T t=72999 s=0.000 lv=-40.0 pk=-38.9 c0=4.2 c1=9.5 kw=9.29 inf=2.47 iv=1.19 n=3 d=0 sk=0 hf=96520 hm=91152 ht=283428 pf=0 pm=0 pt=0 ru=235028 rp=240396
23:24:03.297 @T t=73105 s=0.000 lv=-38.9 pk=-37.7 c0=3.4 c1=9.1 kw=8.69 inf=2.79 iv=1.18 n=3 d=0 sk=0 hf=96520 hm=91152 ht=283428 pf=0 pm=0 pt=0 ru=235028 rp=240396
23:24:03.297 @I ww=marvin cut=0.50 win=5 cool=1000 tick=100 wifi=1 srv=1 li=0 ln=0
23:24:03.297 @T t=73196 s=0.000 lv=-40.8 pk=-40.0 c0=5.1 c1=10.4 kw=10.38 inf=2.96 iv=1.37 n=3 d=0 sk=0 hf=96520 hm=91152 ht=283428 pf=0 pm=0 pt=0 ru=235028 rp=240396
23:24:03.297 @T t=73302 s=0.000 lv=-38.9 pk=-38.0 c0=3.5 c1=9.9 kw=9.65 inf=2.38 iv=1.17 n=4 d=0 sk=0 hf=96520 hm=91152 ht=283428 pf=0 pm=0 pt=0 ru=235028 rp=240396
23:24:03.297 @T t=73408 s=0.000 lv=-38.0 pk=-37.3 c0=3.4 c1=10.7 kw=10.50 inf=2.57 iv=1.14 n=4 d=0 sk=0 hf=96520 hm=91152 ht=283428 pf=0 pm=0 pt=0 ru=235028 rp=240396
23:24:03.297 @T t=73514 s=0.000 lv=-38.6 pk=-37.0 c0=3.9 c1=8.7 kw=8.54 inf=2.79 iv=1.18 n=3 d=0 sk=0 hf=96520 hm=91152 ht=283428 pf=0 pm=0 pt=0 ru=235028 rp=240396
23:24:03.297 @T t=73600 s=0.000 lv=-39.4 pk=-38.1 c0=7.4 c1=9.3 kw=9.07 inf=2.41 iv=1.13 n=3 d=0 sk=0 hf=96520 hm=91152 ht=283428 pf=0 pm=0 pt=0 ru=235028 rp=240396
23:24:03.297 @T t=73706 s=0.000 lv=-38.1 pk=-34.3 c0=6.0 c1=9.8 kw=8.47 inf=2.72 iv=1.12 n=3 d=0 sk=0 hf=96520 hm=91152 ht=283428 pf=0 pm=0 pt=0 ru=235028 rp=240396
23:24:03.297 @T t=73812 s=0.000 lv=-37.4 pk=-36.6 c0=3.4 c1=9.9 kw=10.38 inf=2.57 iv=1.14 n=4 d=0 sk=0 hf=96520 hm=91152 ht=283428 pf=0 pm=0 pt=0 ru=235028 rp=240396
23:24:03.297 @T t=73898 s=0.000 lv=-37.7 pk=-35.6 c0=4.8 c1=7.3 kw=6.81 inf=1.76 iv=1.43 n=1 d=0 sk=2 hf=96520 hm=91152 ht=283428 pf=0 pm=0 pt=0 ru=235028 rp=240396
23:24:03.297 @T t=74004 s=0.000 lv=-40.0 pk=-39.2 c0=7.2 c1=5.2 kw=5.01 inf=1.54 iv=0.00 n=0 d=0 sk=3 hf=96520 hm=91152 ht=283428 pf=0 pm=0 pt=0 ru=235028 rp=240396
23:24:03.297 @T t=74110 s=0.000 lv=-39.8 pk=-38.9 c0=3.3 c1=6.2 kw=6.04 inf=1.39 iv=0.00 n=0 d=0 sk=4 hf=96520 hm=91152 ht=283428 pf=0 pm=0 pt=0 ru=235028 rp=240396
23:24:05.888 @I ww=marvin cut=0.50 win=5 cool=1000 tick=100 wifi=1 srv=1 li=0 ln=0
23:24:05.888 @T t=74202 s=0.000 lv=-40.1 pk=-38.8 c0=13.3 c1=4.7 kw=4.55 inf=1.82 iv=0.00 n=0 d=0 sk=2 hf=96520 hm=91152 ht=283428 pf=0 pm=0 pt=0 ru=235028 rp=240396
23:24:05.888 @T t=74308 s=0.000 lv=-40.3 pk=-39.3 c0=3.1 c1=6.1 kw=5.89 inf=1.36 iv=0.00 n=0 d=0 sk=4 hf=96520 hm=91152 ht=283428 pf=0 pm=0 pt=0 ru=235028 rp=240396
23:24:05.888 @T t=74414 s=0.000 lv=-38.6 pk=-38.0 c0=6.3 c1=5.1 kw=4.93 inf=1.52 iv=0.00 n=0 d=0 sk=3 hf=96520 hm=91152 ht=283428 pf=0 pm=0 pt=0 ru=235028 rp=240396
23:24:05.888 @T t=74500 s=0.000 lv=-38.9 pk=-38.3 c0=8.1 c1=6.0 kw=5.00 inf=1.88 iv=0.00 n=0 d=0 sk=2 hf=96324 hm=91152 ht=283428 pf=0 pm=0 pt=0 ru=235224 rp=240396
23:24:05.888 @T t=74606 s=0.000 lv=-37.8 pk=-36.2 c0=6.2 c1=5.8 kw=6.03 inf=1.39 iv=0.00 n=0 d=0 sk=4 hf=96520 hm=91152 ht=283428 pf=0 pm=0 pt=0 ru=235028 rp=240396
23:24:05.888 @T t=74712 s=0.000 lv=-38.5 pk=-37.6 c0=6.3 c1=5.0 kw=4.92 inf=1.51 iv=0.00 n=0 d=0 sk=3 hf=96520 hm=91152 ht=283428 pf=0 pm=0 pt=0 ru=235028 rp=240396
23:24:05.888 @T t=74798 s=0.000 lv=-39.2 pk=-38.1 c0=3.8 c1=5.0 kw=4.88 inf=1.83 iv=0.00 n=0 d=0 sk=2 hf=96520 hm=91152 ht=283428 pf=0 pm=0 pt=0 ru=235028 rp=240396
23:24:05.888 @T t=74904 s=0.000 lv=-38.5 pk=-37.6 c0=6.4 c1=5.1 kw=4.96 inf=1.53 iv=0.00 n=0 d=0 sk=3 hf=96520 hm=91152 ht=283428 pf=0 pm=0 pt=0 ru=235028 rp=240396
23:24:05.888 @T t=75010 s=0.000 lv=-39.4 pk=-38.2 c0=3.2 c1=6.1 kw=5.94 inf=1.37 iv=0.00 n=0 d=0 sk=4 hf=96520 hm=91152 ht=283428 pf=0 pm=0 pt=0 ru=235028 rp=240396
23:24:05.888 @T t=75096 s=0.000 lv=-38.5 pk=-37.6 c0=4.8 c1=5.6 kw=5.05 inf=1.89 iv=0.00 n=0 d=0 sk=2 hf=96520 hm=91152 ht=283428 pf=0 pm=0 pt=0 ru=235028 rp=240396
23:24:05.888 @I ww=marvin cut=0.50 win=5 cool=1000 tick=100 wifi=1 srv=1 li=0 ln=0
23:24:05.888 @T t=75207 s=0.000 lv=-39.0 pk=-36.8 c0=3.9 c1=5.8 kw=5.69 inf=1.38 iv=0.00 n=0 d=0 sk=4 hf=96520 hm=91152 ht=283428 pf=0 pm=0 pt=0 ru=235028 rp=240396
23:24:05.888 @T t=75313 s=0.000 lv=-36.6 pk=-33.9 c0=6.5 c1=12.0 kw=4.08 inf=0.37 iv=0.00 n=8 d=0 sk=2 hf=96520 hm=91152 ht=283428 pf=0 pm=0 pt=0 ru=235028 rp=240396
23:24:05.888 @T t=75402 s=0.000 lv=-35.1 pk=-33.6 c0=4.0 c1=12.3 kw=21.32 inf=3.68 iv=2.72 n=5 d=0 sk=0 hf=96520 hm=91152 ht=283428 pf=0 pm=0 pt=0 ru=235028 rp=240396
23:24:05.888 @T t=75508 s=0.000 lv=-34.8 pk=-32.9 c0=3.9 c1=10.7 kw=10.49 inf=2.57 iv=1.14 n=4 d=0 sk=0 hf=96520 hm=91152 ht=283428 pf=0 pm=0 pt=0 ru=235028 rp=240396
23:24:05.888 @T t=75614 s=0.000 lv=-35.3 pk=-33.1 c0=3.4 c1=8.6 kw=8.44 inf=2.75 iv=1.16 n=3 d=0 sk=0 hf=96520 hm=91152 ht=283428 pf=0 pm=0 pt=0 ru=235028 rp=240396
23:24:05.888 @T t=75700 s=0.000 lv=-37.5 pk=-35.4 c0=4.1 c1=9.5 kw=9.25 inf=2.46 iv=1.18 n=3 d=0 sk=0 hf=96520 hm=91152 ht=283428 pf=0 pm=0 pt=0 ru=235028 rp=240396
23:24:05.888 @T t=75806 s=0.000 lv=-38.4 pk=-35.9 c0=3.4 c1=9.9 kw=8.58 inf=2.75 iv=1.16 n=3 d=0 sk=0 hf=96520 hm=91152 ht=283428 pf=0 pm=0 pt=0 ru=235028 rp=240396
23:24:05.888 @T t=75912 s=0.000 lv=-38.2 pk=-36.5 c0=3.9 c1=10.4 kw=10.62 inf=2.63 iv=1.19 n=4 d=0 sk=0 hf=96520 hm=91152 ht=283428 pf=0 pm=0 pt=0 ru=235028 rp=240396
23:24:05.888 @T t=75998 s=0.000 lv=-38.4 pk=-37.2 c0=4.4 c1=9.6 kw=9.40 inf=2.50 iv=1.20 n=3 d=0 sk=0 hf=96520 hm=91152 ht=283428 pf=0 pm=0 pt=0 ru=235028 rp=240396
23:24:05.888 @T t=76104 s=0.000 lv=-39.7 pk=-37.9 c0=3.5 c1=8.7 kw=8.51 inf=2.77 iv=1.17 n=3 d=0 sk=0 hf=96520 hm=91152 ht=283428 pf=0 pm=0 pt=0 ru=235028 rp=240396
23:24:05.888 @I ww=marvin cut=0.50 win=5 cool=1000 tick=100 wifi=1 srv=1 li=0 ln=0
23:24:05.888 @T t=76199 s=0.000 lv=-40.2 pk=-39.5 c0=16.5 c1=9.8 kw=9.61 inf=2.79 iv=1.16 n=3 d=0 sk=0 hf=96520 hm=91152 ht=283428 pf=0 pm=0 pt=0 ru=235028 rp=240396
23:24:05.888 @T t=76305 s=0.000 lv=-39.4 pk=-38.3 c0=3.5 c1=10.1 kw=9.70 inf=2.36 iv=1.15 n=4 d=0 sk=0 hf=96520 hm=91152 ht=283428 pf=0 pm=0 pt=0 ru=235028 rp=240396
23:24:05.888 @T t=76411 s=0.000 lv=-40.5 pk=-39.6 c0=3.4 c1=10.8 kw=10.37 inf=2.57 iv=1.13 n=4 d=0 sk=0 hf=96520 hm=91152 ht=283428 pf=0 pm=0 pt=0 ru=235028 rp=240396
23:24:05.888 @T t=76497 s=0.000 lv=-40.7 pk=-39.4 c0=4.1 c1=8.2 kw=7.98 inf=3.15 iv=1.23 n=2 d=0 sk=0 hf=96520 hm=91152 ht=283428 pf=0 pm=0 pt=0 ru=235028 rp=240396
23:24:05.888 @T t=76604 s=0.000 lv=-41.2 pk=-40.1 c0=6.9 c1=10.6 kw=9.62 inf=2.39 iv=1.17 n=4 d=0 sk=0 hf=96520 hm=91152 ht=283428 pf=0 pm=0 pt=0 ru=235028 rp=240396
23:24:08.382 @T t=76710 s=0.000 lv=-40.5 pk=-39.2 c0=3.6 c1=10.7 kw=10.48 inf=2.56 iv=1.10 n=4 d=0 sk=0 hf=96520 hm=91152 ht=283428 pf=0 pm=0 pt=0 ru=235028 rp=240396
23:24:08.382 @T t=76796 s=0.000 lv=-40.0 pk=-37.8 c0=4.8 c1=8.5 kw=8.28 inf=3.26 iv=1.32 n=2 d=0 sk=0 hf=96520 hm=91152 ht=283428 pf=0 pm=0 pt=0 ru=235028 rp=240396
23:24:08.382 @T t=76903 s=0.000 lv=-39.2 pk=-38.0 c0=7.9 c1=10.2 kw=9.70 inf=2.41 iv=1.19 n=4 d=0 sk=0 hf=96520 hm=91152 ht=283428 pf=0 pm=0 pt=0 ru=235028 rp=240396
23:24:08.382 @T t=77012 s=0.000 lv=-37.9 pk=-36.2 c0=9.0 c1=10.5 kw=10.25 inf=2.58 iv=1.14 n=4 d=0 sk=0 hf=96520 hm=91152 ht=283428 pf=0 pm=0 pt=0 ru=235028 rp=240396
23:24:08.382 @T t=77098 s=0.000 lv=-38.2 pk=-37.0 c0=4.0 c1=8.2 kw=8.02 inf=3.16 iv=1.23 n=2 d=0 sk=0 hf=96520 hm=91152 ht=283428 pf=0 pm=0 pt=0 ru=235028 rp=240396
23:24:08.382 @I ww=marvin cut=0.50 win=5 cool=1000 tick=100 wifi=1 srv=1 li=0 ln=0
23:24:08.382 @T t=77210 s=0.000 lv=-38.0 pk=-35.7 c0=4.1 c1=7.2 kw=7.01 inf=1.75 iv=1.43 n=1 d=0 sk=3 hf=96520 hm=91152 ht=283428 pf=0 pm=0 pt=0 ru=235028 rp=240396
23:24:08.382 @T t=77296 s=0.000 lv=-39.5 pk=-37.5 c0=4.0 c1=5.0 kw=4.92 inf=1.84 iv=0.00 n=0 d=0 sk=2 hf=96520 hm=91152 ht=283428 pf=0 pm=0 pt=0 ru=235028 rp=240396
23:24:08.382 @T t=77402 s=0.000 lv=-39.0 pk=-37.6 c0=3.4 c1=5.1 kw=4.95 inf=1.53 iv=0.00 n=0 d=0 sk=3 hf=96520 hm=91152 ht=283428 pf=0 pm=0 pt=0 ru=235028 rp=240396
23:24:08.382 @T t=77508 s=0.000 lv=-37.9 pk=-36.2 c0=3.8 c1=6.2 kw=5.99 inf=1.38 iv=0.00 n=0 d=0 sk=4 hf=96520 hm=91152 ht=283428 pf=0 pm=0 pt=0 ru=235028 rp=240396
23:24:08.382 @T t=77614 s=0.000 lv=-38.4 pk=-37.8 c0=6.4 c1=5.1 kw=4.94 inf=1.52 iv=0.00 n=0 d=0 sk=3 hf=96520 hm=91152 ht=283428 pf=0 pm=0 pt=0 ru=235028 rp=240396
23:24:08.382 @T t=77700 s=0.000 lv=-39.5 pk=-37.7 c0=3.8 c1=5.0 kw=4.86 inf=1.82 iv=0.00 n=0 d=0 sk=2 hf=96520 hm=91152 ht=283428 pf=0 pm=0 pt=0 ru=235028 rp=240396
23:24:08.382 @T t=77806 s=0.000 lv=-39.5 pk=-38.2 c0=3.1 c1=6.1 kw=5.90 inf=1.36 iv=0.00 n=0 d=0 sk=4 hf=96520 hm=91152 ht=283428 pf=0 pm=0 pt=0 ru=235028 rp=240396
23:24:08.382 @T t=77912 s=0.000 lv=-40.9 pk=-39.6 c0=3.6 c1=5.4 kw=4.97 inf=1.53 iv=0.00 n=0 d=0 sk=3 hf=96520 hm=91152 ht=283428 pf=0 pm=0 pt=0 ru=235028 rp=240396
23:24:08.382 @T t=77998 s=0.000 lv=-40.3 pk=-39.5 c0=8.2 c1=5.0 kw=4.93 inf=1.85 iv=0.00 n=0 d=0 sk=2 hf=96520 hm=91152 ht=283428 pf=0 pm=0 pt=0 ru=235028 rp=240396
23:24:08.382 @T t=78104 s=0.000 lv=-40.5 pk=-39.3 c0=6.4 c1=5.1 kw=4.95 inf=1.52 iv=0.00 n=0 d=0 sk=3 hf=96520 hm=91152 ht=283428 pf=0 pm=0 pt=0 ru=235028 rp=240396
23:24:08.382 @I ww=marvin cut=0.50 win=5 cool=1000 tick=100 wifi=1 srv=1 li=0 ln=0
23:24:08.382 @T t=78196 s=0.000 lv=-40.3 pk=-38.2 c0=13.3 c1=5.9 kw=5.70 inf=1.52 iv=0.00 n=0 d=0 sk=3 hf=96520 hm=91152 ht=283428 pf=0 pm=0 pt=0 ru=235028 rp=240396
23:24:08.382 @T t=78302 s=0.000 lv=-40.6 pk=-38.6 c0=3.1 c1=5.1 kw=4.92 inf=1.52 iv=0.00 n=0 d=0 sk=3 hf=96520 hm=91152 ht=283428 pf=0 pm=0 pt=0 ru=235028 rp=240396
23:24:08.382 @T t=78408 s=0.000 lv=-39.7 pk=-38.9 c0=6.3 c1=6.1 kw=5.93 inf=1.37 iv=0.00 n=0 d=0 sk=4 hf=96520 hm=91152 ht=283428 pf=0 pm=0 pt=0 ru=235028 rp=240396
23:24:08.382 @T t=78514 s=0.000 lv=-38.5 pk=-37.6 c0=9.7 c1=5.8 kw=5.00 inf=1.54 iv=0.00 n=0 d=0 sk=3 hf=96520 hm=91152 ht=283428 pf=0 pm=0 pt=0 ru=235028 rp=240396
23:24:08.382 @T t=78600 s=0.000 lv=-39.4 pk=-38.3 c0=4.1 c1=5.1 kw=5.01 inf=1.88 iv=0.00 n=0 d=0 sk=2 hf=96520 hm=91152 ht=283428 pf=0 pm=0 pt=0 ru=235028 rp=240396
23:24:08.382 @T t=78706 s=0.000 lv=-39.0 pk=-36.4 c0=3.0 c1=6.0 kw=5.87 inf=1.36 iv=0.00 n=0 d=0 sk=4 hf=96520 hm=91152 ht=283428 pf=0 pm=0 pt=0 ru=235028 rp=240396
23:24:08.382 @T t=78812 s=0.000 lv=-39.2 pk=-37.8 c0=3.6 c1=5.1 kw=4.92 inf=1.52 iv=0.00 n=0 d=0 sk=3 hf=96520 hm=91152 ht=283428 pf=0 pm=0 pt=0 ru=235028 rp=240396
23:24:08.382 @T t=78898 s=0.000 lv=-38.1 pk=-36.1 c0=4.2 c1=5.1 kw=4.92 inf=1.84 iv=0.00 n=0 d=0 sk=2 hf=96520 hm=91152 ht=283428 pf=0 pm=0 pt=0 ru=235028 rp=240396
23:24:08.382 @T t=79004 s=0.000 lv=-40.3 pk=-39.4 c0=6.7 c1=5.4 kw=4.99 inf=1.53 iv=0.00 n=0 d=0 sk=3 hf=96520 hm=91152 ht=283428 pf=0 pm=0 pt=0 ru=235028 rp=240396
23:24:08.382 @T t=79110 s=0.000 lv=-39.9 pk=-39.0 c0=3.3 c1=6.2 kw=6.01 inf=1.39 iv=0.00 n=0 d=0 sk=4 hf=96520 hm=91152 ht=283428 pf=0 pm=0 pt=0 ru=235028 rp=240396
23:24:08.382 @I ww=marvin cut=0.50 win=5 cool=1000 tick=100 wifi=1 srv=1 li=0 ln=0
23:24:10.677 @T t=79202 s=0.000 lv=-40.6 pk=-39.7 c0=4.3 c1=4.7 kw=4.51 inf=1.81 iv=0.00 n=0 d=0 sk=2 hf=96520 hm=91152 ht=283428 pf=0 pm=0 pt=0 ru=235028 rp=240396
23:24:10.677 @T t=79308 s=0.000 lv=-41.1 pk=-39.7 c0=6.4 c1=6.1 kw=5.90 inf=1.36 iv=0.00 n=0 d=0 sk=4 hf=96520 hm=91152 ht=283428 pf=0 pm=0 pt=0 ru=235028 rp=240396
23:24:10.677 @T t=79414 s=0.000 lv=-39.8 pk=-38.5 c0=6.3 c1=5.1 kw=4.93 inf=1.52 iv=0.00 n=0 d=0 sk=3 hf=96520 hm=91152 ht=283428 pf=0 pm=0 pt=0 ru=235028 rp=240396
23:24:10.677 @T t=79500 s=0.000 lv=-41.0 pk=-39.9 c0=3.7 c1=5.0 kw=4.85 inf=1.82 iv=0.00 n=0 d=0 sk=2 hf=96520 hm=91152 ht=283428 pf=0 pm=0 pt=0 ru=235028 rp=240396
23:24:10.677 @T t=79606 s=0.000 lv=-40.5 pk=-38.5 c0=7.2 c1=6.1 kw=5.94 inf=1.37 iv=0.00 n=0 d=0 sk=4 hf=96520 hm=91152 ht=283428 pf=0 pm=0 pt=0 ru=235028 rp=240396
23:24:10.677 @T t=79712 s=0.000 lv=-39.1 pk=-37.6 c0=3.3 c1=5.1 kw=4.98 inf=1.54 iv=0.00 n=0 d=0 sk=3 hf=96520 hm=91152 ht=283428 pf=0 pm=0 pt=0 ru=235028 rp=240396
23:24:10.677 @T t=79798 s=0.000 lv=-37.3 pk=-34.5 c0=8.0 c1=19.2 kw=18.96 inf=1.31 iv=0.99 n=12 d=0 sk=0 hf=96520 hm=91152 ht=283428 pf=0 pm=0 pt=0 ru=235028 rp=240396
23:24:10.677 @T t=79904 s=0.000 lv=-38.4 pk=-37.0 c0=6.8 c1=8.6 kw=8.44 inf=2.75 iv=1.14 n=3 d=0 sk=0 hf=96520 hm=91152 ht=283428 pf=0 pm=0 pt=0 ru=235028 rp=240396
23:24:10.677 @T t=80010 s=0.000 lv=-38.8 pk=-38.0 c0=4.2 c1=11.4 kw=10.92 inf=2.68 iv=1.19 n=4 d=0 sk=0 hf=96520 hm=91152 ht=283428 pf=0 pm=0 pt=0 ru=235028 rp=240396
23:24:10.677 @T t=80096 s=0.000 lv=-39.2 pk=-38.6 c0=4.2 c1=9.3 kw=9.16 inf=2.44 iv=1.15 n=3 d=0 sk=0 hf=96520 hm=91152 ht=283428 pf=0 pm=0 pt=0 ru=235028 rp=240396
23:24:10.677 @I ww=marvin cut=0.50 win=5 cool=1000 tick=100 wifi=1 srv=1 li=0 ln=0
23:24:10.677 @T t=80207 s=0.000 lv=-40.3 pk=-39.0 c0=3.9 c1=10.1 kw=9.93 inf=2.54 iv=1.11 n=4 d=0 sk=0 hf=96520 hm=91152 ht=283428 pf=0 pm=0 pt=0 ru=235028 rp=240396
23:24:10.677 @T t=80313 s=0.000 lv=-39.5 pk=-39.0 c0=3.5 c1=8.7 kw=8.51 inf=2.77 iv=1.16 n=3 d=0 sk=0 hf=96520 hm=91152 ht=283428 pf=0 pm=0 pt=0 ru=235028 rp=240396
23:24:10.677 @T t=80399 s=0.000 lv=-40.1 pk=-39.5 c0=4.1 c1=9.4 kw=9.24 inf=2.46 iv=1.17 n=3 d=0 sk=0 hf=96520 hm=91152 ht=283428 pf=0 pm=0 pt=0 ru=235028 rp=240396
23:24:10.677 I (80876) wifi:[ADDBA]RX DELBA, reason:37, delete tid:0, initiator:1(originator)
23:24:10.677 @T t=80505 s=0.000 lv=-38.5 pk=-35.7 c0=5.4 c1=9.2 kw=8.71 inf=2.79 iv=1.19 n=3 d=0 sk=0 hf=96520 hm=91152 ht=283428 pf=0 pm=0 pt=0 ru=235028 rp=240396
23:24:10.677 @T t=80613 s=0.000 lv=-40.0 pk=-39.0 c0=7.1 c1=12.6 kw=11.88 inf=3.03 iv=1.53 n=4 d=0 sk=0 hf=96520 hm=91152 ht=283428 pf=0 pm=0 pt=0 ru=235028 rp=240396
23:24:10.677 @T t=80699 s=0.000 lv=-39.5 pk=-38.8 c0=4.2 c1=9.5 kw=9.31 inf=2.48 iv=1.19 n=3 d=0 sk=0 hf=96520 hm=91152 ht=283428 pf=0 pm=0 pt=0 ru=235028 rp=240396
23:24:10.677 @T t=80805 s=0.000 lv=-39.7 pk=-39.2 c0=4.4 c1=9.9 kw=9.43 inf=3.04 iv=1.39 n=3 d=0 sk=0 hf=96520 hm=91152 ht=283428 pf=0 pm=0 pt=0 ru=235028 rp=240396
23:24:10.677 @T t=80911 s=0.000 lv=-40.3 pk=-39.7 c0=3.7 c1=11.0 kw=10.98 inf=2.73 iv=1.28 n=4 d=0 sk=0 hf=96520 hm=91152 ht=283428 pf=0 pm=0 pt=0 ru=235028 rp=240396
23:24:10.677 @T t=80998 s=0.000 lv=-39.7 pk=-38.1 c0=8.7 c1=9.8 kw=9.30 inf=2.51 iv=1.21 n=3 d=0 sk=0 hf=96520 hm=91152 ht=283428 pf=0 pm=0 pt=0 ru=235028 rp=240396
23:24:10.677 [status] up 81s | mic -38.7 dBFS (peak -32.8) | score max 0.00 | detections 0 | inferences 187 (18.7/s; model 1.16 ms each, paused in quiet 46%; features 1.37 ms per 30 ms) | CPU core0  5.2% core1  7.8% (wake word pipeline 7.57% of one core) | RAM used 229 KB (peak 234 KB, 94 KB free) | wifi OK, server OK | audio lost since boot: i2s 0 net 0
23:24:10.677 @T t=81106 s=0.000 lv=-40.0 pk=-39.1 c0=8.0 c1=10.3 kw=8.91 inf=2.18 iv=0.95 n=4 d=0 sk=0 hf=96520 hm=91152 ht=283428 pf=0 pm=0 pt=0 ru=235028 rp=240396
23:24:10.678 @I ww=marvin cut=0.50 win=5 cool=1000 tick=100 wifi=1 srv=1 li=0 ln=0
23:24:10.678 @T t=81197 s=0.000 lv=-40.7 pk=-39.7 c0=4.7 c1=10.1 kw=10.93 inf=3.13 iv=1.53 n=3 d=0 sk=0 hf=96520 hm=91152 ht=283428 pf=0 pm=0 pt=0 ru=235028 rp=240396
23:24:10.678 @T t=81303 s=0.000 lv=-38.7 pk=-37.3 c0=3.4 c1=8.5 kw=8.33 inf=2.71 iv=1.12 n=3 d=0 sk=0 hf=96520 hm=91152 ht=283428 pf=0 pm=0 pt=0 ru=235028 rp=240396
23:24:10.678 @T t=81411 s=0.000 lv=-39.0 pk=-37.9 c0=3.3 c1=7.5 kw=7.33 inf=1.77 iv=1.42 n=1 d=0 sk=3 hf=96520 hm=91152 ht=283428 pf=0 pm=0 pt=0 ru=235028 rp=240396
23:24:13.289 @T t=81497 s=0.000 lv=-34.5 pk=-31.2 c0=4.0 c1=12.1 kw=11.96 inf=1.39 iv=1.00 n=6 d=0 sk=1 hf=96520 hm=91152 ht=283428 pf=0 pm=0 pt=0 ru=235028 rp=240396
23:24:13.289 @T t=81603 s=0.000 lv=-35.9 pk=-32.9 c0=6.5 c1=8.8 kw=8.64 inf=2.82 iv=1.21 n=3 d=0 sk=0 hf=96520 hm=91152 ht=283428 pf=0 pm=0 pt=0 ru=235028 rp=240396
23:24:13.289 @T t=81712 s=0.000 lv=-37.3 pk=-35.4 c0=8.7 c1=10.6 kw=10.37 inf=2.61 iv=1.17 n=4 d=0 sk=0 hf=96520 hm=91152 ht=283428 pf=0 pm=0 pt=0 ru=235028 rp=240396
23:24:13.289 @T t=81798 s=0.001 lv=-38.0 pk=-35.8 c0=4.2 c1=9.5 kw=9.31 inf=2.48 iv=1.19 n=3 d=0 sk=0 hf=96520 hm=91152 ht=283428 pf=0 pm=0 pt=0 ru=235028 rp=240396
23:24:13.289 @T t=81904 s=0.002 lv=-38.4 pk=-37.0 c0=3.5 c1=8.8 kw=8.62 inf=2.81 iv=1.20 n=3 d=0 sk=0 hf=96520 hm=91152 ht=283428 pf=0 pm=0 pt=0 ru=235028 rp=240396
23:24:13.289 @T t=82013 s=0.002 lv=-38.3 pk=-36.3 c0=9.8 c1=11.5 kw=11.00 inf=2.77 iv=1.27 n=4 d=0 sk=0 hf=96520 hm=91152 ht=283428 pf=0 pm=0 pt=0 ru=235028 rp=240396
23:24:13.289 @T t=82099 s=0.000 lv=-38.6 pk=-36.8 c0=4.2 c1=9.5 kw=9.28 inf=2.47 iv=1.19 n=3 d=0 sk=0 hf=96520 hm=91152 ht=283428 pf=0 pm=0 pt=0 ru=235028 rp=240396
23:24:13.289 @I ww=marvin cut=0.50 win=5 cool=1000 tick=100 wifi=1 srv=1 li=0 ln=0
23:24:13.289 @T t=82210 s=0.000 lv=-38.9 pk=-38.0 c0=4.0 c1=10.3 kw=10.06 inf=2.58 iv=1.14 n=4 d=0 sk=0 hf=96520 hm=91152 ht=283428 pf=0 pm=0 pt=0 ru=235028 rp=240396
23:24:13.289 @T t=82296 s=0.000 lv=-38.8 pk=-38.0 c0=4.3 c1=8.3 kw=8.15 inf=3.22 iv=1.26 n=2 d=0 sk=0 hf=96520 hm=91152 ht=283428 pf=0 pm=0 pt=0 ru=235028 rp=240396
23:24:13.289 @T t=82402 s=0.000 lv=-37.5 pk=-35.6 c0=3.4 c1=9.8 kw=9.58 inf=2.36 iv=1.16 n=4 d=0 sk=0 hf=96520 hm=91152 ht=283428 pf=0 pm=0 pt=0 ru=235028 rp=240396
23:24:13.289 @T t=82508 s=0.000 lv=-38.0 pk=-37.2 c0=3.4 c1=10.8 kw=10.60 inf=2.60 iv=1.16 n=4 d=0 sk=0 hf=96520 hm=91152 ht=283428 pf=0 pm=0 pt=0 ru=235028 rp=240396
23:24:13.289 @T t=82614 s=0.000 lv=-38.1 pk=-37.3 c0=6.6 c1=9.2 kw=8.71 inf=2.84 iv=1.21 n=3 d=0 sk=0 hf=96520 hm=91152 ht=283428 pf=0 pm=0 pt=0 ru=235028 rp=240396
23:24:13.289 @T t=82700 s=0.000 lv=-38.9 pk=-37.2 c0=4.2 c1=9.5 kw=9.34 inf=2.49 iv=1.20 n=3 d=0 sk=0 hf=96520 hm=91152 ht=283428 pf=0 pm=0 pt=0 ru=235028 rp=240396
23:24:13.289 @T t=82806 s=0.000 lv=-40.0 pk=-38.6 c0=4.1 c1=10.5 kw=9.18 inf=2.96 iv=1.33 n=3 d=0 sk=0 hf=96520 hm=91152 ht=283428 pf=0 pm=0 pt=0 ru=235028 rp=240396
23:24:13.289 @T t=82912 s=0.000 lv=-41.1 pk=-40.0 c0=3.6 c1=9.8 kw=10.37 inf=2.57 iv=1.14 n=4 d=0 sk=0 hf=96520 hm=91152 ht=283428 pf=0 pm=0 pt=0 ru=235028 rp=240396
23:24:13.289 @T t=82998 s=0.000 lv=-40.0 pk=-39.2 c0=4.8 c1=9.9 kw=9.32 inf=2.48 iv=1.18 n=3 d=0 sk=0 hf=96520 hm=91152 ht=283428 pf=0 pm=0 pt=0 ru=235028 rp=240396
23:24:13.289 @T t=83104 s=0.000 lv=-40.0 pk=-39.0 c0=3.9 c1=9.2 kw=8.96 inf=2.93 iv=1.29 n=3 d=0 sk=0 hf=96520 hm=91152 ht=283428 pf=0 pm=0 pt=0 ru=235028 rp=240396
23:24:13.289 @I ww=marvin cut=0.50 win=5 cool=1000 tick=100 wifi=1 srv=1 li=0 ln=0
23:24:13.290 @T t=83199 s=0.000 lv=-39.3 pk=-38.5 c0=4.7 c1=7.5 kw=7.36 inf=2.09 iv=1.45 n=1 d=0 sk=2 hf=96520 hm=91152 ht=283428 pf=0 pm=0 pt=0 ru=235028 rp=240396
23:24:13.290 @T t=83305 s=0.000 lv=-38.1 pk=-35.2 c0=3.3 c1=5.4 kw=5.05 inf=1.52 iv=0.00 n=0 d=0 sk=3 hf=96520 hm=91152 ht=283428 pf=0 pm=0 pt=0 ru=235028 rp=240396
23:24:13.290 @T t=83411 s=0.000 lv=-39.4 pk=-37.9 c0=3.0 c1=6.1 kw=5.75 inf=1.81 iv=0.00 n=0 d=0 sk=3 hf=96520 hm=91152 ht=283428 pf=0 pm=0 pt=0 ru=235028 rp=240396
23:24:13.290 @T t=83497 s=0.000 lv=-40.1 pk=-39.0 c0=3.7 c1=5.0 kw=4.84 inf=1.81 iv=0.00 n=0 d=0 sk=2 hf=96520 hm=91152 ht=283428 pf=0 pm=0 pt=0 ru=235028 rp=240396
23:24:13.290 @T t=83603 s=0.000 lv=-40.2 pk=-39.5 c0=3.6 c1=5.1 kw=4.94 inf=1.52 iv=0.00 n=0 d=0 sk=3 hf=96520 hm=91152 ht=283428 pf=0 pm=0 pt=0 ru=235028 rp=240396
23:24:13.290 @T t=83708 s=0.000 lv=-37.4 pk=-35.8 c0=3.1 c1=6.1 kw=5.96 inf=1.36 iv=0.00 n=0 d=0 sk=4 hf=96520 hm=91152 ht=283428 pf=0 pm=0 pt=0 ru=235028 rp=240396
23:24:13.290 @T t=83814 s=0.000 lv=-39.0 pk=-37.8 c0=3.1 c1=5.0 kw=4.90 inf=1.51 iv=0.00 n=0 d=0 sk=3 hf=96520 hm=91152 ht=283428 pf=0 pm=0 pt=0 ru=235028 rp=240396
23:24:13.290 @T t=83900 s=0.000 lv=-38.2 pk=-36.5 c0=3.8 c1=5.0 kw=4.88 inf=1.83 iv=0.00 n=0 d=0 sk=2 hf=96520 hm=91152 ht=283428 pf=0 pm=0 pt=0 ru=235028 rp=240396
23:24:13.290 @T t=84006 s=0.000 lv=-38.8 pk=-37.7 c0=3.7 c1=6.5 kw=6.28 inf=1.46 iv=0.00 n=0 d=0 sk=4 hf=96520 hm=91152 ht=283428 pf=0 pm=0 pt=0 ru=235028 rp=240396
23:24:15.782 @T t=84112 s=0.000 lv=-38.4 pk=-37.6 c0=3.3 c1=5.1 kw=4.97 inf=1.53 iv=0.00 n=0 d=0 sk=3 hf=96520 hm=91152 ht=283428 pf=0 pm=0 pt=0 ru=235028 rp=240396
23:24:15.782 @I ww=marvin cut=0.50 win=5 cool=1000 tick=100 wifi=1 srv=1 li=0 ln=0
23:24:15.782 @T t=84204 s=0.000 lv=-36.4 pk=-34.5 c0=13.8 c1=4.7 kw=4.55 inf=1.82 iv=0.00 n=0 d=0 sk=2 hf=96520 hm=91152 ht=283428 pf=0 pm=0 pt=0 ru=235028 rp=240396
23:24:15.782 @T t=84313 s=0.000 lv=-36.0 pk=-34.9 c0=3.1 c1=6.0 kw=5.84 inf=1.38 iv=0.00 n=0 d=0 sk=4 hf=96520 hm=91152 ht=283428 pf=0 pm=0 pt=0 ru=235028 rp=240396
23:24:15.782 @T t=84399 s=0.000 lv=-35.3 pk=-34.2 c0=3.8 c1=5.0 kw=4.86 inf=1.82 iv=0.00 n=0 d=0 sk=2 hf=96520 hm=91152 ht=283428 pf=0 pm=0 pt=0 ru=235028 rp=240396
23:24:15.782 @T t=84505 s=0.000 lv=-35.4 pk=-31.7 c0=3.1 c1=5.4 kw=5.03 inf=1.51 iv=0.00 n=0 d=0 sk=3 hf=96520 hm=91152 ht=283428 pf=0 pm=0 pt=0 ru=235028 rp=240396
23:24:15.782 @T t=84611 s=0.000 lv=-34.9 pk=-33.2 c0=6.6 c1=19.9 kw=19.50 inf=1.53 iv=1.08 n=13 d=0 sk=0 hf=96520 hm=91152 ht=283428 pf=0 pm=0 pt=0 ru=235028 rp=240396
23:24:15.782 @T t=84697 s=0.000 lv=-37.9 pk=-37.2 c0=7.5 c1=9.5 kw=9.35 inf=2.49 iv=1.20 n=3 d=0 sk=0 hf=96520 hm=91152 ht=283428 pf=0 pm=0 pt=0 ru=235028 rp=240396
23:24:15.782 @T t=84803 s=0.000 lv=-39.1 pk=-37.9 c0=4.0 c1=9.2 kw=8.96 inf=2.93 iv=1.30 n=3 d=0 sk=0 hf=96520 hm=91152 ht=283428 pf=0 pm=0 pt=0 ru=235028 rp=240396
23:24:15.782 @T t=84911 s=0.000 lv=-38.8 pk=-37.2 c0=3.4 c1=10.7 kw=10.52 inf=2.62 iv=1.17 n=4 d=0 sk=0 hf=96520 hm=91152 ht=283428 pf=0 pm=0 pt=0 ru=235028 rp=240396
23:24:15.782 @T t=84997 s=0.000 lv=-38.2 pk=-35.7 c0=4.2 c1=9.4 kw=9.17 inf=2.44 iv=1.15 n=3 d=0 sk=0 hf=96520 hm=91152 ht=283428 pf=0 pm=0 pt=0 ru=235028 rp=240396
23:24:15.782 @T t=85103 s=0.000 lv=-35.6 pk=-30.7 c0=3.5 c1=8.8 kw=8.58 inf=2.79 iv=1.20 n=3 d=0 sk=0 hf=96520 hm=91152 ht=283428 pf=0 pm=0 pt=0 ru=235028 rp=240396
23:24:15.782 @I ww=marvin cut=0.50 win=5 cool=1000 tick=100 wifi=1 srv=1 li=0 ln=0
23:24:15.782 @T t=85214 s=0.000 lv=-36.8 pk=-34.6 c0=4.1 c1=10.5 kw=10.26 inf=2.63 iv=1.18 n=4 d=0 sk=0 hf=96520 hm=91152 ht=283428 pf=0 pm=0 pt=0 ru=235028 rp=240396
23:24:15.782 @T t=85300 s=0.000 lv=-36.0 pk=-34.9 c0=4.3 c1=9.6 kw=9.36 inf=2.49 iv=1.20 n=3 d=0 sk=0 hf=96520 hm=91152 ht=283428 pf=0 pm=0 pt=0 ru=235028 rp=240396
23:24:15.782 @T t=85406 s=0.000 lv=-36.5 pk=-35.2 c0=3.9 c1=10.5 kw=9.13 inf=2.20 iv=0.99 n=4 d=0 sk=0 hf=96520 hm=91152 ht=283428 pf=0 pm=0 pt=0 ru=235028 rp=240396
23:24:15.782 @T t=85512 s=0.000 lv=-36.6 pk=-34.7 c0=3.5 c1=9.8 kw=10.45 inf=3.46 iv=1.54 n=3 d=0 sk=0 hf=96520 hm=91152 ht=283428 pf=0 pm=0 pt=0 ru=235028 rp=240396
23:24:15.782 @T t=85598 s=0.000 lv=-39.1 pk=-37.5 c0=4.6 c1=9.7 kw=9.47 inf=2.52 iv=1.22 n=3 d=0 sk=0 hf=96520 hm=91152 ht=283428 pf=0 pm=0 pt=0 ru=235028 rp=240396
23:24:15.782 @T t=85704 s=0.000 lv=-39.8 pk=-39.4 c0=3.4 c1=8.8 kw=8.62 inf=2.80 iv=1.20 n=3 d=0 sk=0 hf=96520 hm=91152 ht=283428 pf=0 pm=0 pt=0 ru=235028 rp=240396
23:24:15.782 @T t=85810 s=0.000 lv=-38.6 pk=-37.2 c0=6.7 c1=11.0 kw=10.76 inf=2.63 iv=1.17 n=4 d=0 sk=0 hf=96520 hm=91152 ht=283428 pf=0 pm=0 pt=0 ru=235028 rp=240396
23:24:15.782 @T t=85896 s=0.000 lv=-40.0 pk=-39.3 c0=4.2 c1=9.3 kw=9.10 inf=2.42 iv=1.14 n=3 d=0 sk=0 hf=96520 hm=91152 ht=283428 pf=0 pm=0 pt=0 ru=235028 rp=240396
23:24:15.782 @T t=86002 s=0.000 lv=-40.9 pk=-39.5 c0=3.5 c1=8.5 kw=8.32 inf=2.70 iv=1.13 n=3 d=0 sk=0 hf=96520 hm=91152 ht=283428 pf=0 pm=0 pt=0 ru=235028 rp=240396
23:24:15.782 I (86405) wifi:[ADDBA]RX DELBA, reason:37, delete tid:0, initiator:1(originator)
23:24:15.782 @T t=86108 s=0.000 lv=-39.0 pk=-38.2 c0=5.3 c1=11.1 kw=10.83 inf=2.65 iv=1.19 n=4 d=0 sk=0 hf=96520 hm=91152 ht=283428 pf=0 pm=0 pt=0 ru=235028 rp=240396
23:24:15.782 @I ww=marvin cut=0.50 win=5 cool=1000 tick=100 wifi=1 srv=1 li=0 ln=0
23:24:15.783 @T t=86200 s=0.000 lv=-39.0 pk=-37.9 c0=4.8 c1=8.7 kw=8.50 inf=2.42 iv=1.13 n=3 d=0 sk=0 hf=96520 hm=91152 ht=283428 pf=0 pm=0 pt=0 ru=235028 rp=240396
23:24:15.783 @T t=86306 s=0.000 lv=-38.6 pk=-36.8 c0=3.6 c1=10.0 kw=8.69 inf=2.09 iv=0.89 n=4 d=0 sk=0 hf=96520 hm=91152 ht=283428 pf=0 pm=0 pt=0 ru=235028 rp=240396
23:24:15.783 @T t=86412 s=0.000 lv=-39.2 pk=-37.3 c0=6.0 c1=9.7 kw=10.15 inf=3.35 iv=1.46 n=3 d=0 sk=0 hf=96520 hm=91152 ht=283428 pf=0 pm=0 pt=0 ru=235028 rp=240396
23:24:15.783 @T t=86498 s=0.000 lv=-39.6 pk=-39.1 c0=4.5 c1=9.6 kw=9.39 inf=2.50 iv=1.19 n=3 d=0 sk=0 hf=96520 hm=91152 ht=283428 pf=0 pm=0 pt=0 ru=235028 rp=240396
23:24:18.174 @T t=86604 s=0.000 lv=-39.5 pk=-37.9 c0=6.9 c1=9.7 kw=9.12 inf=2.98 iv=1.33 n=3 d=0 sk=0 hf=96520 hm=91152 ht=283428 pf=0 pm=0 pt=0 ru=235028 rp=240396
23:24:18.174 @T t=86713 s=0.000 lv=-39.4 pk=-38.6 c0=3.2 c1=6.0 kw=5.89 inf=1.40 iv=0.00 n=0 d=0 sk=4 hf=96520 hm=91152 ht=283428 pf=0 pm=0 pt=0 ru=235028 rp=240396
23:24:18.174 @T t=86799 s=0.000 lv=-39.5 pk=-38.4 c0=4.4 c1=5.1 kw=4.91 inf=1.84 iv=0.00 n=0 d=0 sk=2 hf=96520 hm=91152 ht=283428 pf=0 pm=0 pt=0 ru=235028 rp=240396
23:24:18.174 @T t=86905 s=0.000 lv=-39.0 pk=-38.4 c0=3.4 c1=5.4 kw=5.09 inf=1.53 iv=0.00 n=0 d=0 sk=3 hf=96520 hm=91152 ht=283428 pf=0 pm=0 pt=0 ru=235028 rp=240396
23:24:18.174 @T t=87011 s=0.000 lv=-37.9 pk=-34.6 c0=6.4 c1=6.2 kw=5.77 inf=1.81 iv=0.00 n=0 d=0 sk=3 hf=96520 hm=91152 ht=283428 pf=0 pm=0 pt=0 ru=235028 rp=240396
23:24:18.174 @T t=87097 s=0.000 lv=-35.8 pk=-35.2 c0=3.8 c1=5.0 kw=4.87 inf=1.83 iv=0.00 n=0 d=0 sk=2 hf=96520 hm=91152 ht=283428 pf=0 pm=0 pt=0 ru=235028 rp=240396
23:24:18.174 @I ww=marvin cut=0.50 win=5 cool=1000 tick=100 wifi=1 srv=1 li=0 ln=0
23:24:18.174 @T t=87209 s=0.000 lv=-37.0 pk=-35.4 c0=3.6 c1=5.7 kw=5.56 inf=1.36 iv=0.00 n=0 d=0 sk=4 hf=96520 hm=91152 ht=283428 pf=0 pm=0 pt=0 ru=235028 rp=240396
23:24:18.174 @T t=87295 s=0.000 lv=-39.3 pk=-38.7 c0=3.8 c1=5.0 kw=4.88 inf=1.83 iv=0.00 n=0 d=0 sk=2 hf=96520 hm=91152 ht=283428 pf=0 pm=0 pt=0 ru=235028 rp=240396
23:24:18.174 @T t=87401 s=0.000 lv=-39.0 pk=-38.3 c0=6.4 c1=5.1 kw=4.94 inf=1.52 iv=0.00 n=0 d=0 sk=3 hf=96520 hm=91152 ht=283428 pf=0 pm=0 pt=0 ru=235028 rp=240396
23:24:18.174 @T t=87507 s=0.000 lv=-39.1 pk=-36.3 c0=3.0 c1=6.0 kw=5.88 inf=1.36 iv=0.00 n=0 d=0 sk=4 hf=96520 hm=91152 ht=283428 pf=0 pm=0 pt=0 ru=235028 rp=240396
23:24:18.174 @T t=87613 s=0.000 lv=-39.5 pk=-37.5 c0=7.2 c1=5.2 kw=5.00 inf=1.54 iv=0.00 n=0 d=0 sk=3 hf=96520 hm=91152 ht=283428 pf=0 pm=0 pt=0 ru=235028 rp=240396
23:24:18.174 @T t=87699 s=0.000 lv=-40.1 pk=-39.0 c0=4.1 c1=5.0 kw=4.92 inf=1.84 iv=0.00 n=0 d=0 sk=2 hf=96520 hm=91152 ht=283428 pf=0 pm=0 pt=0 ru=235028 rp=240396
23:24:18.174 @T t=87805 s=0.000 lv=-28.4 pk=-23.5 c0=3.2 c1=16.9 kw=16.45 inf=1.38 iv=0.98 n=12 d=0 sk=0 hf=96520 hm=91152 ht=283428 pf=0 pm=0 pt=0 ru=235028 rp=240396
23:24:18.174 @T t=87914 s=0.000 lv=-26.1 pk=-24.6 c0=9.0 c1=10.5 kw=10.46 inf=2.67 iv=1.24 n=4 d=0 sk=0 hf=96520 hm=91152 ht=283428 pf=0 pm=0 pt=0 ru=235028 rp=240396
23:24:18.174 @T t=88000 s=0.003 lv=-36.8 pk=-33.2 c0=4.3 c1=9.6 kw=9.28 inf=2.47 iv=1.19 n=3 d=0 sk=0 hf=96520 hm=91152 ht=283428 pf=0 pm=0 pt=0 ru=235028 rp=240396
23:24:18.174 @T t=88106 s=0.061 lv=-37.9 pk=-36.0 c0=3.4 c1=10.0 kw=8.70 inf=2.79 iv=1.20 n=3 d=0 sk=0 hf=96520 hm=91152 ht=283428 pf=0 pm=0 pt=0 ru=235028 rp=240396
23:24:18.174 @I ww=marvin cut=0.50 win=5 cool=1000 tick=100 wifi=1 srv=1 li=0 ln=0
23:24:18.174 @T t=88197 s=0.295 lv=-40.8 pk=-40.4 c0=4.8 c1=9.2 kw=9.86 inf=2.80 iv=1.20 n=3 d=0 sk=0 hf=96520 hm=91152 ht=283428 pf=0 pm=0 pt=0 ru=235028 rp=240396
23:24:18.174 @T t=88303 s=0.434 lv=-41.2 pk=-39.0 c0=3.5 c1=9.9 kw=9.73 inf=2.40 iv=1.19 n=4 d=0 sk=0 hf=96520 hm=91152 ht=283428 pf=0 pm=0 pt=0 ru=235028 rp=240396
23:24:18.174 I (88727) kws: >>> WAKE WORD "marvin" DETECTED  (score 0.52, t = 88.35 s)
23:24:18.174 I (88747) stream: first audio sent 18 ms after the detection
23:24:18.174 @T t=88412 s=0.517 lv=-40.8 pk=-38.9 c0=18.5 c1=13.3 kw=11.48 inf=2.90 iv=1.38 n=4 d=1 sk=0 hf=95920 hm=87896 ht=283428 pf=0 pm=0 pt=0 ru=235628 rp=243652
23:24:18.174 @T t=88498 s=0.759 lv=-39.8 pk=-39.3 c0=14.8 c1=11.0 kw=9.48 inf=3.78 iv=1.70 n=2 d=1 sk=0 hf=95920 hm=87896 ht=283428 pf=0 pm=0 pt=0 ru=235628 rp=243652
23:24:18.174 @T t=88607 s=0.948 lv=-29.5 pk=-28.0 c0=19.0 c1=13.3 kw=12.25 inf=3.12 iv=1.55 n=4 d=1 sk=0 hf=95920 hm=85604 ht=283428 pf=0 pm=0 pt=0 ru=235628 rp=245944
23:24:18.174 @T t=88713 s=0.899 lv=-36.1 pk=-35.0 c0=16.3 c1=13.7 kw=11.82 inf=2.95 iv=1.63 n=4 d=1 sk=0 hf=80552 hm=79908 ht=283428 pf=0 pm=0 pt=0 ru=250996 rp=251640
23:24:18.174 I (89152) wifi:[ADDBA]RX DELBA, reason:37, delete tid:0, initiator:1(originator)
23:24:18.174 @T t=88799 s=0.707 lv=-29.9 pk=-28.4 c0=17.8 c1=11.0 kw=9.16 inf=3.64 iv=1.55 n=2 d=1 sk=0 hf=95920 hm=79908 ht=283428 pf=0 pm=0 pt=0 ru=235628 rp=251640
23:24:18.174 @T t=88910 s=0.453 lv=-34.4 pk=-30.1 c0=16.0 c1=14.2 kw=12.69 inf=3.30 iv=1.67 n=4 d=1 sk=0 hf=92080 hm=79908 ht=283428 pf=0 pm=0 pt=0 ru=239468 rp=251640
23:24:20.390 @T t=88996 s=0.095 lv=-32.8 pk=-31.6 c0=14.9 c1=12.5 kw=10.90 inf=2.93 iv=1.53 n=3 d=1 sk=0 hf=95920 hm=79908 ht=283428 pf=0 pm=0 pt=0 ru=235628 rp=251640
23:24:20.391 I (89427) wake_word: score event: peak 0.95 over 780 ms -> detected
23:24:20.391 @T t=89102 s=0.005 lv=-33.6 pk=-29.7 c0=17.1 c1=12.3 kw=10.93 inf=3.62 iv=1.50 n=3 d=1 sk=0 hf=95920 hm=79908 ht=283428 pf=0 pm=0 pt=0 ru=235628 rp=251640
23:24:20.391 @I ww=marvin cut=0.50 win=5 cool=1000 tick=100 wifi=1 srv=1 li=0 ln=0
23:24:20.391 @T t=89214 s=0.000 lv=-28.0 pk=-25.6 c0=16.0 c1=13.5 kw=11.59 inf=3.02 iv=1.46 n=4 d=1 sk=0 hf=95920 hm=79908 ht=283428 pf=0 pm=0 pt=0 ru=235628 rp=251640
23:24:20.391 @T t=89300 s=0.000 lv=-38.9 pk=-36.7 c0=15.3 c1=12.5 kw=11.32 inf=3.05 iv=1.57 n=3 d=1 sk=0 hf=95920 hm=79908 ht=283428 pf=0 pm=0 pt=0 ru=235628 rp=251640
23:24:20.391 @T t=89410 s=0.000 lv=-39.2 pk=-37.2 c0=16.6 c1=13.7 kw=12.21 inf=3.14 iv=1.58 n=4 d=1 sk=0 hf=92800 hm=79908 ht=283428 pf=0 pm=0 pt=0 ru=238748 rp=251640
23:24:20.391 @T t=89496 s=0.000 lv=-38.4 pk=-37.5 c0=16.2 c1=13.3 kw=11.58 inf=3.12 iv=1.71 n=3 d=1 sk=0 hf=95920 hm=79908 ht=283428 pf=0 pm=0 pt=0 ru=235628 rp=251640
23:24:20.391 @T t=89602 s=0.000 lv=-38.0 pk=-35.3 c0=15.0 c1=11.5 kw=9.99 inf=3.29 iv=1.56 n=3 d=1 sk=0 hf=95920 hm=79908 ht=283428 pf=0 pm=0 pt=0 ru=235628 rp=251640
23:24:20.391 @T t=89710 s=0.000 lv=-37.2 pk=-36.0 c0=16.2 c1=13.8 kw=12.95 inf=3.27 iv=1.71 n=4 d=1 sk=0 hf=94136 hm=79908 ht=283428 pf=0 pm=0 pt=0 ru=237412 rp=251640
23:24:20.391 @T t=89796 s=0.000 lv=-36.5 pk=-33.9 c0=15.4 c1=12.6 kw=10.87 inf=2.92 iv=1.52 n=3 d=1 sk=0 hf=95920 hm=79908 ht=283428 pf=0 pm=0 pt=0 ru=235628 rp=251640
23:24:20.391 @T t=89902 s=0.000 lv=-35.7 pk=-31.0 c0=15.3 c1=11.9 kw=10.38 inf=3.42 iv=1.61 n=3 d=1 sk=0 hf=95920 hm=79908 ht=283428 pf=0 pm=0 pt=0 ru=235628 rp=251640
23:24:20.391 @T t=90011 s=0.000 lv=-39.1 pk=-37.6 c0=16.1 c1=13.3 kw=12.34 inf=3.14 iv=1.58 n=4 d=1 sk=0 hf=94136 hm=79908 ht=283428 pf=0 pm=0 pt=0 ru=237412 rp=251640
23:24:20.391 @T t=90097 s=0.000 lv=-39.9 pk=-39.3 c0=15.7 c1=13.0 kw=11.15 inf=3.00 iv=1.60 n=3 d=1 sk=0 hf=95920 hm=79908 ht=283428 pf=0 pm=0 pt=0 ru=235628 rp=251640
23:24:20.391 @I ww=marvin cut=0.50 win=5 cool=1000 tick=100 wifi=1 srv=1 li=0 ln=0
23:24:20.391 @T t=90211 s=0.000 lv=-38.8 pk=-36.3 c0=16.8 c1=13.2 kw=11.63 inf=3.09 iv=1.53 n=4 d=1 sk=0 hf=95920 hm=79908 ht=283428 pf=0 pm=0 pt=0 ru=235628 rp=251640
23:24:20.391 @T t=90297 s=0.000 lv=-38.3 pk=-37.8 c0=14.6 c1=10.0 kw=8.87 inf=3.52 iv=1.44 n=2 d=1 sk=0 hf=95920 hm=79908 ht=283428 pf=0 pm=0 pt=0 ru=235648 rp=251640
23:24:20.391 @T t=90403 s=0.000 lv=-38.4 pk=-37.0 c0=15.7 c1=13.7 kw=11.83 inf=2.95 iv=1.64 n=4 d=1 sk=0 hf=95920 hm=79908 ht=283428 pf=0 pm=0 pt=0 ru=235628 rp=251640
23:24:20.391 I (90891) stream: stream finished (silence): 2160 ms of audio sent (33 KB)
23:24:20.391 @T t=90512 s=0.000 lv=-40.1 pk=-38.4 c0=23.2 c1=14.1 kw=12.19 inf=3.10 iv=1.53 n=4 d=1 sk=0 hf=95920 hm=79908 ht=283428 pf=0 pm=0 pt=0 ru=235628 rp=251640
23:24:20.391 @T t=90603 s=0.000 lv=-40.4 pk=-38.9 c0=5.7 c1=7.7 kw=7.55 inf=3.15 iv=1.23 n=2 d=1 sk=0 hf=94152 hm=79908 ht=283428 pf=0 pm=0 pt=0 ru=237396 rp=251640
23:24:20.391 @T t=90712 s=0.000 lv=-41.0 pk=-40.3 c0=10.4 c1=11.4 kw=11.16 inf=2.81 iv=1.23 n=4 d=1 sk=0 hf=95920 hm=79908 ht=283428 pf=0 pm=0 pt=0 ru=235628 rp=251640
23:24:20.391 @T t=90798 s=0.000 lv=-39.8 pk=-38.7 c0=5.0 c1=9.7 kw=9.52 inf=2.54 iv=1.22 n=3 d=1 sk=0 hf=95920 hm=79908 ht=283428 pf=0 pm=0 pt=0 ru=235628 rp=251640
23:24:20.391 @T t=90904 s=0.000 lv=-41.2 pk=-39.2 c0=6.2 c1=8.7 kw=8.50 inf=2.76 iv=1.17 n=3 d=1 sk=0 hf=95920 hm=79908 ht=283428 pf=0 pm=0 pt=0 ru=235628 rp=251640
23:24:20.391 @T t=91013 s=0.000 lv=-40.5 pk=-39.4 c0=3.7 c1=10.7 kw=10.49 inf=2.64 iv=1.18 n=4 d=1 sk=0 hf=95920 hm=79908 ht=283428 pf=0 pm=0 pt=0 ru=235628 rp=251640
23:24:20.391 [status] up 91s | mic -36.4 dBFS (peak -23.5) | score max 0.95 | detections 1 | inferences 269 (26.9/s; model 1.28 ms each, paused in quiet 22%; features 1.42 ms per 30 ms) | CPU core0  7.3% core1  9.5% (wake word pipeline 9.03% of one core) | RAM used 230 KB (peak 245 KB, 93 KB free) | wifi OK, server OK | audio lost since boot: i2s 0 net 0
23:24:20.391 @T t=91121 s=0.000 lv=-40.6 pk=-40.2 c0=24.2 c1=9.9 kw=9.70 inf=2.44 iv=1.21 n=4 d=1 sk=0 hf=95920 hm=79908 ht=283428 pf=0 pm=0 pt=0 ru=235628 rp=251640
23:24:20.391 @I ww=marvin cut=0.50 win=5 cool=1000 tick=100 wifi=1 srv=1 li=0 ln=0
23:24:22.891 @T t=91213 s=0.000 lv=-40.1 pk=-38.8 c0=4.7 c1=9.8 kw=9.63 inf=2.72 iv=1.12 n=3 d=1 sk=0 hf=95920 hm=79908 ht=283428 pf=0 pm=0 pt=0 ru=235628 rp=251640
23:24:22.891 @T t=91299 s=0.000 lv=-39.4 pk=-38.3 c0=4.1 c1=9.4 kw=9.20 inf=2.45 iv=1.16 n=3 d=1 sk=0 hf=95920 hm=79908 ht=283428 pf=0 pm=0 pt=0 ru=235628 rp=251640
23:24:22.891 @T t=91405 s=0.000 lv=-38.4 pk=-37.2 c0=6.0 c1=8.9 kw=8.55 inf=2.74 iv=1.13 n=3 d=1 sk=0 hf=95920 hm=79908 ht=283428 pf=0 pm=0 pt=0 ru=235628 rp=251640
23:24:22.891 @T t=91511 s=0.000 lv=-39.6 pk=-38.8 c0=3.3 c1=6.2 kw=5.88 inf=1.85 iv=0.00 n=0 d=1 sk=3 hf=95920 hm=79908 ht=283428 pf=0 pm=0 pt=0 ru=235628 rp=251640
23:24:22.891 @T t=91596 s=0.000 lv=-39.1 pk=-38.1 c0=3.7 c1=5.0 kw=4.89 inf=1.83 iv=0.00 n=0 d=1 sk=2 hf=95920 hm=79908 ht=283428 pf=0 pm=0 pt=0 ru=235628 rp=251640
23:24:22.891 @T t=91703 s=0.000 lv=-40.1 pk=-39.1 c0=3.5 c1=5.1 kw=4.94 inf=1.52 iv=0.00 n=0 d=1 sk=3 hf=95920 hm=79908 ht=283428 pf=0 pm=0 pt=0 ru=235628 rp=251640
23:24:22.891 @T t=91808 s=0.000 lv=-40.6 pk=-39.9 c0=3.1 c1=6.1 kw=5.99 inf=1.37 iv=0.00 n=0 d=1 sk=4 hf=95920 hm=79908 ht=283428 pf=0 pm=0 pt=0 ru=235628 rp=251640
23:24:22.891 @T t=91914 s=0.000 lv=-38.7 pk=-35.8 c0=3.1 c1=5.1 kw=4.95 inf=1.52 iv=0.00 n=0 d=1 sk=3 hf=95920 hm=79908 ht=283428 pf=0 pm=0 pt=0 ru=235628 rp=251640
23:24:22.891 @T t=92000 s=0.000 lv=-40.7 pk=-40.0 c0=3.9 c1=5.0 kw=4.84 inf=1.81 iv=0.00 n=0 d=1 sk=2 hf=95920 hm=79908 ht=283428 pf=0 pm=0 pt=0 ru=235628 rp=251640
23:24:22.891 @T t=92106 s=0.000 lv=-40.1 pk=-38.9 c0=3.4 c1=6.1 kw=6.00 inf=1.39 iv=0.00 n=0 d=1 sk=4 hf=95920 hm=79908 ht=283428 pf=0 pm=0 pt=0 ru=235628 rp=251640
23:24:22.891 @I ww=marvin cut=0.50 win=5 cool=1000 tick=100 wifi=1 srv=1 li=0 ln=0
23:24:22.891 @T t=92197 s=0.000 lv=-38.8 pk=-38.0 c0=4.6 c1=4.7 kw=4.59 inf=1.84 iv=0.00 n=0 d=1 sk=2 hf=95920 hm=79908 ht=283428 pf=0 pm=0 pt=0 ru=235628 rp=251640
23:24:22.891 @T t=92304 s=0.000 lv=-38.8 pk=-38.0 c0=3.1 c1=5.1 kw=4.92 inf=1.52 iv=0.00 n=0 d=1 sk=3 hf=95920 hm=79908 ht=283428 pf=0 pm=0 pt=0 ru=235628 rp=251640
23:24:22.891 @T t=92409 s=0.000 lv=-37.8 pk=-35.2 c0=3.0 c1=6.1 kw=5.92 inf=1.36 iv=0.00 n=0 d=1 sk=4 hf=95920 hm=79908 ht=283428 pf=0 pm=0 pt=0 ru=235628 rp=251640
23:24:22.891 I (92827) stream: server: {"type":"response","text":"Turn on the lights.","saved":"20260928_232417_549_e072a1d53274_marvin.wav"}
23:24:22.891 @T t=92496 s=0.000 lv=-39.0 pk=-38.6 c0=7.8 c1=6.3 kw=5.42 inf=2.05 iv=0.00 n=0 d=1 sk=2 hf=95920 hm=79908 ht=283428 pf=0 pm=0 pt=0 ru=235628 rp=251640
23:24:22.892 @T t=92602 s=0.000 lv=-38.9 pk=-37.4 c0=3.9 c1=5.1 kw=4.98 inf=1.53 iv=0.00 n=0 d=1 sk=3 hf=95920 hm=79908 ht=283428 pf=0 pm=0 pt=0 ru=235628 rp=251640
23:24:22.892 @T t=92707 s=0.000 lv=-40.5 pk=-38.4 c0=3.2 c1=6.0 kw=5.87 inf=1.36 iv=0.00 n=0 d=1 sk=4 hf=95920 hm=79908 ht=283428 pf=0 pm=0 pt=0 ru=235628 rp=251640
23:24:22.892 @T t=92813 s=0.000 lv=-40.3 pk=-38.3 c0=3.0 c1=5.1 kw=4.92 inf=1.51 iv=0.00 n=0 d=1 sk=3 hf=95920 hm=79908 ht=283428 pf=0 pm=0 pt=0 ru=235628 rp=251640
23:24:22.892 @T t=92900 s=0.000 lv=-40.9 pk=-39.4 c0=3.8 c1=5.0 kw=4.88 inf=1.82 iv=0.00 n=0 d=1 sk=2 hf=95920 hm=79908 ht=283428 pf=0 pm=0 pt=0 ru=235628 rp=251640
23:24:22.892 @T t=93006 s=0.000 lv=-40.7 pk=-38.5 c0=6.4 c1=6.1 kw=5.92 inf=1.37 iv=0.00 n=0 d=1 sk=4 hf=95920 hm=79908 ht=283428 pf=0 pm=0 pt=0 ru=235628 rp=251640
23:24:22.892 @T t=93112 s=0.000 lv=-40.8 pk=-39.1 c0=3.0 c1=5.0 kw=4.90 inf=1.51 iv=0.00 n=0 d=1 sk=3 hf=95920 hm=79908 ht=283428 pf=0 pm=0 pt=0 ru=235628 rp=251640
23:24:22.892 @I ww=marvin cut=0.50 win=5 cool=1000 tick=100 wifi=1 srv=1 li=0 ln=0
23:24:22.892 @T t=93204 s=0.000 lv=-39.3 pk=-36.8 c0=4.8 c1=4.7 kw=4.54 inf=1.82 iv=0.00 n=0 d=1 sk=2 hf=95920 hm=79908 ht=283428 pf=0 pm=0 pt=0 ru=235628 rp=251640
23:24:22.892 @T t=93310 s=0.000 lv=-39.4 pk=-38.5 c0=6.5 c1=6.2 kw=6.07 inf=1.40 iv=0.00 n=0 d=1 sk=4 hf=95920 hm=79908 ht=283428 pf=0 pm=0 pt=0 ru=235628 rp=251640
23:24:22.892 @T t=93396 s=0.000 lv=-35.7 pk=-31.6 c0=3.8 c1=16.4 kw=16.22 inf=1.12 iv=0.96 n=10 d=1 sk=2 hf=95920 hm=79908 ht=283428 pf=0 pm=0 pt=0 ru=235628 rp=251640
23:24:22.892 @T t=93502 s=0.000 lv=-25.8 pk=-22.8 c0=7.1 c1=9.4 kw=8.91 inf=2.91 iv=1.27 n=3 d=1 sk=0 hf=95724 hm=79908 ht=283428 pf=0 pm=0 pt=0 ru=235824 rp=251640
23:24:22.892 @T t=93608 s=0.000 lv=-26.7 pk=-23.8 c0=3.6 c1=10.7 kw=10.52 inf=2.58 iv=1.13 n=4 d=1 sk=0 hf=95920 hm=79908 ht=283428 pf=0 pm=0 pt=0 ru=235628 rp=251640
23:24:25.189 @T t=93714 s=0.114 lv=-37.6 pk=-36.5 c0=3.4 c1=9.7 kw=9.52 inf=2.35 iv=1.15 n=4 d=1 sk=0 hf=95920 hm=79908 ht=283428 pf=0 pm=0 pt=0 ru=235628 rp=251640
23:24:25.189 @T t=93800 s=0.182 lv=-39.0 pk=-36.9 c0=4.2 c1=8.3 kw=8.07 inf=3.19 iv=1.26 n=2 d=1 sk=0 hf=95920 hm=79908 ht=283428 pf=0 pm=0 pt=0 ru=235628 rp=251640
23:24:25.189 I (94247) kws: >>> WAKE WORD "marvin" DETECTED  (score 0.53, t = 93.87 s)
23:24:25.189 I (94268) stream: first audio sent 19 ms after the detection
23:24:25.189 @T t=93911 s=0.532 lv=-39.8 pk=-37.0 c0=11.6 c1=13.4 kw=11.38 inf=2.94 iv=1.43 n=4 d=2 sk=0 hf=94136 hm=79908 ht=283428 pf=0 pm=0 pt=0 ru=237412 rp=251640
23:24:25.189 @T t=93998 s=0.673 lv=-39.3 pk=-37.8 c0=19.2 c1=12.9 kw=11.32 inf=3.08 iv=1.54 n=3 d=2 sk=0 hf=95920 hm=79908 ht=283428 pf=0 pm=0 pt=0 ru=235628 rp=251640
23:24:25.189 @T t=94104 s=0.914 lv=-38.8 pk=-37.3 c0=14.4 c1=11.3 kw=9.95 inf=3.27 iv=1.51 n=3 d=2 sk=0 hf=95920 hm=79908 ht=283428 pf=0 pm=0 pt=0 ru=235628 rp=251640
23:24:25.189 @I ww=marvin cut=0.50 win=5 cool=1000 tick=100 wifi=1 srv=1 li=0 ln=0
23:24:25.189 I (94495) wifi:[ADDBA]RX DELBA, reason:37, delete tid:0, initiator:1(originator)
23:24:25.189 @T t=94198 s=0.987 lv=-41.3 pk=-40.3 c0=19.9 c1=15.1 kw=13.40 inf=2.96 iv=1.56 n=4 d=2 sk=0 hf=95920 hm=79908 ht=283428 pf=0 pm=0 pt=0 ru=235628 rp=251640
23:24:25.189 @T t=94304 s=0.949 lv=-39.2 pk=-36.9 c0=14.6 c1=11.8 kw=10.36 inf=3.41 iv=1.62 n=3 d=2 sk=0 hf=95920 hm=79908 ht=283428 pf=0 pm=0 pt=0 ru=235628 rp=251640
23:24:25.189 @T t=94412 s=0.863 lv=-28.7 pk=-25.2 c0=16.6 c1=13.6 kw=12.89 inf=3.25 iv=1.55 n=4 d=2 sk=0 hf=95920 hm=79908 ht=283428 pf=0 pm=0 pt=0 ru=235628 rp=251640
23:24:25.189 @T t=94498 s=0.821 lv=-40.2 pk=-37.5 c0=15.6 c1=14.2 kw=11.06 inf=2.97 iv=1.57 n=3 d=2 sk=0 hf=95920 hm=79908 ht=283428 pf=0 pm=0 pt=0 ru=235628 rp=251640
23:24:25.189 @T t=94604 s=0.648 lv=-39.9 pk=-38.8 c0=14.8 c1=11.9 kw=10.66 inf=3.52 iv=1.73 n=3 d=2 sk=0 hf=92080 hm=79908 ht=283428 pf=0 pm=0 pt=0 ru=239468 rp=251640
23:24:25.189 @T t=94713 s=0.258 lv=-39.1 pk=-37.3 c0=16.7 c1=14.3 kw=12.61 inf=3.21 iv=1.55 n=4 d=2 sk=0 hf=95920 hm=79908 ht=283428 pf=0 pm=0 pt=0 ru=235628 rp=251640
23:24:25.189 I (95167) wake_word: score event: peak 0.99 over 870 ms -> detected
23:24:25.189 @T t=94799 s=0.001 lv=-35.2 pk=-34.1 c0=16.4 c1=13.9 kw=12.42 inf=3.36 iv=1.50 n=3 d=2 sk=0 hf=95920 hm=79908 ht=283428 pf=0 pm=0 pt=0 ru=235628 rp=251640
23:24:25.189 @T t=94909 s=0.000 lv=-33.8 pk=-29.9 c0=19.2 c1=13.5 kw=11.97 inf=3.07 iv=1.49 n=4 d=2 sk=0 hf=94136 hm=79908 ht=283428 pf=0 pm=0 pt=0 ru=237412 rp=251640
23:24:25.189 @T t=94995 s=0.000 lv=-34.4 pk=-30.9 c0=14.7 c1=10.8 kw=9.78 inf=3.90 iv=1.54 n=2 d=2 sk=0 hf=92080 hm=79908 ht=283428 pf=0 pm=0 pt=0 ru=239468 rp=251640
23:24:25.189 @T t=95101 s=0.000 lv=-36.8 pk=-34.9 c0=14.0 c1=12.5 kw=11.25 inf=2.80 iv=1.51 n=4 d=2 sk=0 hf=95920 hm=79908 ht=283428 pf=0 pm=0 pt=0 ru=235628 rp=251640
23:24:25.189 @I ww=marvin cut=0.50 win=5 cool=1000 tick=100 wifi=1 srv=1 li=0 ln=0
23:24:25.189 @T t=95213 s=0.000 lv=-37.0 pk=-34.7 c0=16.5 c1=12.8 kw=11.37 inf=2.96 iv=1.41 n=4 d=2 sk=0 hf=92080 hm=79908 ht=283428 pf=0 pm=0 pt=0 ru=239468 rp=251640
23:24:25.190 @T t=95299 s=0.000 lv=-38.3 pk=-37.0 c0=14.7 c1=10.3 kw=8.88 inf=3.53 iv=1.43 n=2 d=2 sk=0 hf=95920 hm=79908 ht=283428 pf=0 pm=0 pt=0 ru=235628 rp=251640
23:24:25.190 @T t=95410 s=0.000 lv=-37.1 pk=-35.4 c0=15.2 c1=13.1 kw=11.68 inf=3.02 iv=1.44 n=4 d=2 sk=0 hf=92080 hm=79908 ht=283428 pf=0 pm=0 pt=0 ru=239468 rp=251640
23:24:25.190 @T t=95495 s=0.000 lv=-35.9 pk=-35.1 c0=20.2 c1=13.2 kw=11.51 inf=3.06 iv=1.57 n=3 d=2 sk=0 hf=95920 hm=79908 ht=283428 pf=0 pm=0 pt=0 ru=235628 rp=251640
23:24:25.190 @T t=95601 s=0.000 lv=-38.8 pk=-37.4 c0=16.4 c1=11.0 kw=9.62 inf=3.15 iv=1.43 n=3 d=2 sk=0 hf=95920 hm=79908 ht=283428 pf=0 pm=0 pt=0 ru=235628 rp=251640
23:24:25.190 I (95991) stream: stream finished (silence): 1740 ms of audio sent (27 KB)
23:24:25.190 @T t=95711 s=0.000 lv=-38.2 pk=-37.1 c0=9.1 c1=12.0 kw=10.90 inf=2.78 iv=1.29 n=4 d=2 sk=0 hf=95920 hm=79908 ht=283428 pf=0 pm=0 pt=0 ru=235628 rp=251640
23:24:25.190 @T t=95797 s=0.000 lv=-37.1 pk=-35.5 c0=4.3 c1=9.4 kw=9.22 inf=2.45 iv=1.16 n=3 d=2 sk=0 hf=95920 hm=79908 ht=283428 pf=0 pm=0 pt=0 ru=235628 rp=251640
23:24:25.190 @T t=95903 s=0.000 lv=-37.6 pk=-36.7 c0=3.4 c1=8.7 kw=8.50 inf=2.77 iv=1.17 n=3 d=2 sk=0 hf=95920 hm=79908 ht=283428 pf=0 pm=0 pt=0 ru=235628 rp=251640
23:24:27.674 @T t=96012 s=0.000 lv=-38.6 pk=-37.7 c0=3.3 c1=10.6 kw=10.37 inf=2.61 iv=1.16 n=4 d=2 sk=0 hf=95920 hm=79908 ht=283428 pf=0 pm=0 pt=0 ru=235628 rp=251640
23:24:27.674 @T t=96098 s=0.000 lv=-38.9 pk=-37.0 c0=7.4 c1=9.6 kw=9.37 inf=2.50 iv=1.20 n=3 d=2 sk=0 hf=95920 hm=79908 ht=283428 pf=0 pm=0 pt=0 ru=235628 rp=251640
23:24:27.674 @I ww=marvin cut=0.50 win=5 cool=1000 tick=100 wifi=1 srv=1 li=0 ln=0
23:24:27.674 @T t=96209 s=0.000 lv=-39.2 pk=-38.4 c0=4.0 c1=10.1 kw=9.93 inf=2.54 iv=1.12 n=4 d=2 sk=0 hf=95920 hm=79908 ht=283428 pf=0 pm=0 pt=0 ru=235628 rp=251640
23:24:27.674 @T t=96295 s=0.000 lv=-38.9 pk=-37.8 c0=4.2 c1=9.4 kw=9.21 inf=2.45 iv=1.16 n=3 d=2 sk=0 hf=95920 hm=79908 ht=283428 pf=0 pm=0 pt=0 ru=235628 rp=251640
23:24:27.674 @T t=96401 s=0.000 lv=-38.7 pk=-36.9 c0=6.0 c1=8.6 kw=8.38 inf=2.73 iv=1.14 n=3 d=2 sk=0 hf=95920 hm=79908 ht=283428 pf=0 pm=0 pt=0 ru=235628 rp=251640
23:24:27.674 @T t=96507 s=0.000 lv=-39.1 pk=-37.2 c0=3.9 c1=10.9 kw=10.68 inf=2.62 iv=1.17 n=4 d=2 sk=0 hf=95920 hm=79908 ht=283428 pf=0 pm=0 pt=0 ru=235628 rp=251640
23:24:27.674 @T t=96613 s=0.000 lv=-40.5 pk=-39.8 c0=3.7 c1=6.6 kw=6.41 inf=2.03 iv=1.37 n=1 d=2 sk=2 hf=95920 hm=79908 ht=283428 pf=0 pm=0 pt=0 ru=235628 rp=251640
23:24:27.674 @T t=96698 s=0.000 lv=-39.7 pk=-38.1 c0=4.0 c1=5.0 kw=4.91 inf=1.84 iv=0.00 n=0 d=2 sk=2 hf=95920 hm=79908 ht=283428 pf=0 pm=0 pt=0 ru=235628 rp=251640
23:24:27.674 @T t=96805 s=0.000 lv=-39.5 pk=-37.9 c0=3.1 c1=5.4 kw=5.06 inf=1.52 iv=0.00 n=0 d=2 sk=3 hf=95920 hm=79908 ht=283428 pf=0 pm=0 pt=0 ru=235628 rp=251640
23:24:27.674 @T t=96911 s=0.000 lv=-38.7 pk=-37.6 c0=3.1 c1=6.2 kw=5.80 inf=1.83 iv=0.00 n=0 d=2 sk=3 hf=95920 hm=79908 ht=283428 pf=0 pm=0 pt=0 ru=235628 rp=251640
23:24:27.674 @T t=96997 s=0.000 lv=-39.3 pk=-37.3 c0=3.8 c1=5.0 kw=4.88 inf=1.83 iv=0.00 n=0 d=2 sk=2 hf=95920 hm=79908 ht=283428 pf=0 pm=0 pt=0 ru=235628 rp=251640
23:24:27.674 @T t=97103 s=0.000 lv=-40.4 pk=-39.6 c0=6.3 c1=5.1 kw=4.95 inf=1.52 iv=0.00 n=0 d=2 sk=3 hf=95920 hm=79908 ht=283428 pf=0 pm=0 pt=0 ru=235628 rp=251640
23:24:27.674 @I ww=marvin cut=0.50 win=5 cool=1000 tick=100 wifi=1 srv=1 li=0 ln=0
23:24:27.674 @T t=97213 s=0.000 lv=-40.5 pk=-40.0 c0=3.6 c1=5.8 kw=5.64 inf=1.36 iv=0.00 n=0 d=2 sk=4 hf=95920 hm=79908 ht=283428 pf=0 pm=0 pt=0 ru=235628 rp=251640
23:24:27.674 @T t=97300 s=0.000 lv=-40.2 pk=-39.5 c0=3.7 c1=5.0 kw=4.88 inf=1.83 iv=0.00 n=0 d=2 sk=2 hf=95920 hm=79908 ht=283428 pf=0 pm=0 pt=0 ru=235628 rp=251640
23:24:27.674 @T t=97405 s=0.000 lv=-39.4 pk=-38.4 c0=3.0 c1=6.0 kw=5.88 inf=1.36 iv=0.00 n=0 d=2 sk=4 hf=95920 hm=79908 ht=283428 pf=0 pm=0 pt=0 ru=235628 rp=251640
23:24:27.674 I (97888) stream: server: {"type":"response","text":"What is the weather today?","saved":"20260928_232423_036_e072a1d53274_marvin.wav"}
23:24:27.674 @T t=97513 s=0.000 lv=-39.5 pk=-38.6 c0=9.5 c1=6.3 kw=5.13 inf=1.58 iv=0.00 n=0 d=2 sk=3 hf=95920 hm=79908 ht=283428 pf=0 pm=0 pt=0 ru=235628 rp=251640
23:24:27.674 @T t=97603 s=0.000 lv=-41.2 pk=-39.9 c0=4.4 c1=4.7 kw=4.63 inf=1.85 iv=0.00 n=0 d=2 sk=2 hf=95920 hm=79908 ht=283428 pf=0 pm=0 pt=0 ru=235628 rp=251640
23:24:27.674 @T t=97709 s=0.000 lv=-40.6 pk=-39.0 c0=3.3 c1=6.2 kw=6.00 inf=1.37 iv=0.00 n=0 d=2 sk=4 hf=95920 hm=79908 ht=283428 pf=0 pm=0 pt=0 ru=235628 rp=251640
23:24:27.674 @T t=97795 s=0.000 lv=-40.3 pk=-38.8 c0=4.6 c1=5.1 kw=4.94 inf=1.85 iv=0.00 n=0 d=2 sk=2 hf=95920 hm=79908 ht=283428 pf=0 pm=0 pt=0 ru=235628 rp=251640
23:24:27.674 @T t=97901 s=0.000 lv=-40.4 pk=-38.7 c0=3.3 c1=5.1 kw=4.99 inf=1.54 iv=0.00 n=0 d=2 sk=3 hf=95920 hm=79908 ht=283428 pf=0 pm=0 pt=0 ru=235628 rp=251640
23:24:27.674 @T t=98007 s=0.000 lv=-40.6 pk=-39.1 c0=6.5 c1=6.1 kw=5.94 inf=1.37 iv=0.00 n=0 d=2 sk=4 hf=95920 hm=79908 ht=283428 pf=0 pm=0 pt=0 ru=235628 rp=251640
23:24:27.675 @T t=98112 s=0.000 lv=-40.5 pk=-39.9 c0=6.3 c1=5.1 kw=4.94 inf=1.52 iv=0.00 n=0 d=2 sk=3 hf=95920 hm=79908 ht=283428 pf=0 pm=0 pt=0 ru=235628 rp=251640
23:24:27.675 @I ww=marvin cut=0.50 win=5 cool=1000 tick=100 wifi=1 srv=1 li=0 ln=0
23:24:27.675 @T t=98205 s=0.000 lv=-39.9 pk=-38.7 c0=4.3 c1=5.1 kw=4.71 inf=1.22 iv=0.00 n=0 d=2 sk=3 hf=95920 hm=79908 ht=283428 pf=0 pm=0 pt=0 ru=235628 rp=251640
23:24:27.675 @T t=98311 s=0.000 lv=-40.2 pk=-38.8 c0=3.0 c1=6.2 kw=5.81 inf=1.83 iv=0.00 n=0 d=2 sk=3 hf=95920 hm=79908 ht=283428 pf=0 pm=0 pt=0 ru=235628 rp=251640
23:24:27.675 @T t=98396 s=0.000 lv=-40.7 pk=-39.4 c0=3.7 c1=5.0 kw=4.86 inf=1.82 iv=0.00 n=0 d=2 sk=2 hf=95920 hm=79908 ht=283428 pf=0 pm=0 pt=0 ru=235628 rp=251640
23:24:30.183 @T t=98502 s=0.000 lv=-41.2 pk=-40.5 c0=3.0 c1=5.0 kw=4.91 inf=1.51 iv=0.00 n=0 d=2 sk=3 hf=95920 hm=79908 ht=283428 pf=0 pm=0 pt=0 ru=235628 rp=251640
23:24:30.183 @T t=98609 s=0.000 lv=-40.1 pk=-39.1 c0=3.8 c1=6.1 kw=5.95 inf=1.37 iv=0.00 n=0 d=2 sk=4 hf=95920 hm=79908 ht=283428 pf=0 pm=0 pt=0 ru=235628 rp=251640
23:24:30.183 @T t=98694 s=0.000 lv=-39.6 pk=-38.7 c0=3.8 c1=5.0 kw=4.89 inf=1.83 iv=0.00 n=0 d=2 sk=2 hf=95920 hm=79908 ht=283428 pf=0 pm=0 pt=0 ru=235628 rp=251640
23:24:30.183 @T t=98801 s=0.000 lv=-39.1 pk=-36.1 c0=3.0 c1=5.1 kw=4.94 inf=1.52 iv=0.00 n=0 d=2 sk=3 hf=95920 hm=79908 ht=283428 pf=0 pm=0 pt=0 ru=235628 rp=251640
23:24:30.183 @T t=98907 s=0.000 lv=-26.1 pk=-23.1 c0=3.7 c1=18.9 kw=18.65 inf=1.45 iv=1.00 n=13 d=2 sk=0 hf=95920 hm=79908 ht=283428 pf=0 pm=0 pt=0 ru=235628 rp=251640
23:24:30.183 @T t=99013 s=0.000 lv=-30.1 pk=-25.2 c0=3.5 c1=9.6 kw=9.38 inf=2.31 iv=1.12 n=4 d=2 sk=0 hf=95920 hm=79908 ht=283428 pf=0 pm=0 pt=0 ru=235628 rp=251640
23:24:30.183 @T t=99099 s=0.000 lv=-36.5 pk=-35.4 c0=4.1 c1=8.2 kw=8.02 inf=3.16 iv=1.25 n=2 d=2 sk=0 hf=95920 hm=79908 ht=283428 pf=0 pm=0 pt=0 ru=235628 rp=251640
23:24:30.183 @I ww=marvin cut=0.50 win=5 cool=1000 tick=100 wifi=1 srv=1 li=0 ln=0
23:24:30.183 @T t=99210 s=0.000 lv=-39.3 pk=-38.0 c0=10.8 c1=10.4 kw=10.13 inf=2.60 iv=1.16 n=4 d=2 sk=0 hf=95920 hm=79908 ht=283428 pf=0 pm=0 pt=0 ru=235628 rp=251640
23:24:30.183 @T t=99296 s=0.002 lv=-40.6 pk=-40.1 c0=4.2 c1=9.5 kw=9.30 inf=2.48 iv=1.19 n=3 d=2 sk=0 hf=95920 hm=79908 ht=283428 pf=0 pm=0 pt=0 ru=235628 rp=251640
23:24:30.183 @T t=99402 s=0.020 lv=-39.6 pk=-38.8 c0=3.3 c1=8.8 kw=8.63 inf=2.81 iv=1.21 n=3 d=2 sk=0 hf=95920 hm=79908 ht=283428 pf=0 pm=0 pt=0 ru=235628 rp=251640
23:24:30.183 @T t=99508 s=0.065 lv=-32.7 pk=-29.2 c0=6.1 c1=10.9 kw=10.68 inf=2.62 iv=1.17 n=4 d=2 sk=0 hf=95920 hm=79908 ht=283428 pf=0 pm=0 pt=0 ru=235628 rp=251640
23:24:30.183 @T t=99614 s=0.053 lv=-37.1 pk=-34.8 c0=6.7 c1=10.8 kw=10.24 inf=2.53 iv=1.29 n=4 d=2 sk=0 hf=95920 hm=79908 ht=283428 pf=0 pm=0 pt=0 ru=235628 rp=251640
23:24:30.183 @T t=99700 s=0.005 lv=-33.2 pk=-30.6 c0=4.2 c1=8.3 kw=8.09 inf=3.20 iv=1.26 n=2 d=2 sk=0 hf=95920 hm=79908 ht=283428 pf=0 pm=0 pt=0 ru=235628 rp=251640
23:24:30.183 I (100104) wifi:[ADDBA]RX DELBA, reason:37, delete tid:0, initiator:1(originator)
23:24:30.183 @T t=99806 s=0.005 lv=-31.4 pk=-28.3 c0=5.9 c1=11.7 kw=11.43 inf=2.81 iv=1.33 n=4 d=2 sk=0 hf=95920 hm=79908 ht=283428 pf=0 pm=0 pt=0 ru=235628 rp=251640
23:24:30.183 @T t=99912 s=0.009 lv=-31.9 pk=-29.4 c0=3.5 c1=9.9 kw=9.69 inf=2.39 iv=1.18 n=4 d=2 sk=0 hf=95920 hm=79908 ht=283428 pf=0 pm=0 pt=0 ru=235628 rp=251640
23:24:30.183 @T t=99998 s=0.008 lv=-32.7 pk=-30.5 c0=4.6 c1=8.7 kw=8.45 inf=3.34 iv=1.37 n=2 d=2 sk=0 hf=95920 hm=79908 ht=283428 pf=0 pm=0 pt=0 ru=235628 rp=251640
23:24:30.183 @T t=100104 s=0.004 lv=-31.5 pk=-28.7 c0=6.1 c1=9.7 kw=9.52 inf=2.35 iv=1.14 n=4 d=2 sk=0 hf=95920 hm=79908 ht=283428 pf=0 pm=0 pt=0 ru=235628 rp=251640
23:24:30.183 @I ww=marvin cut=0.50 win=5 cool=1000 tick=100 wifi=1 srv=1 li=0 ln=0
23:24:30.183 @T t=100199 s=0.000 lv=-32.3 pk=-30.4 c0=16.0 c1=9.8 kw=9.54 inf=2.78 iv=1.15 n=3 d=2 sk=0 hf=95920 hm=79908 ht=283428 pf=0 pm=0 pt=0 ru=235628 rp=251640
23:24:30.183 @T t=100305 s=0.000 lv=-32.2 pk=-29.3 c0=3.4 c1=9.0 kw=8.60 inf=2.76 iv=1.16 n=3 d=2 sk=0 hf=95920 hm=79908 ht=283428 pf=0 pm=0 pt=0 ru=235628 rp=251640
23:24:30.183 @T t=100411 s=0.000 lv=-34.6 pk=-31.7 c0=3.4 c1=10.5 kw=10.48 inf=2.60 iv=1.18 n=4 d=2 sk=0 hf=95920 hm=79908 ht=283428 pf=0 pm=0 pt=0 ru=235628 rp=251640
23:24:30.183 @T t=100497 s=0.000 lv=-35.8 pk=-33.9 c0=7.4 c1=9.3 kw=9.11 inf=2.42 iv=1.13 n=3 d=2 sk=0 hf=95920 hm=79908 ht=283428 pf=0 pm=0 pt=0 ru=235628 rp=251640
23:24:30.183 @T t=100603 s=0.000 lv=-38.1 pk=-37.1 c0=3.9 c1=8.8 kw=8.63 inf=2.81 iv=1.20 n=3 d=2 sk=0 hf=95920 hm=79908 ht=283428 pf=0 pm=0 pt=0 ru=235628 rp=251640
23:24:30.183 @T t=100711 s=0.000 lv=-37.9 pk=-35.6 c0=3.1 c1=10.5 kw=10.26 inf=2.55 iv=1.12 n=4 d=2 sk=0 hf=95920 hm=79908 ht=283428 pf=0 pm=0 pt=0 ru=235628 rp=251640
23:24:30.183 @T t=100797 s=0.000 lv=-39.2 pk=-38.1 c0=4.2 c1=9.4 kw=9.15 inf=2.43 iv=1.15 n=3 d=2 sk=0 hf=95920 hm=79908 ht=283428 pf=0 pm=0 pt=0 ru=235628 rp=251640
23:24:30.183 @T t=100903 s=0.000 lv=-39.9 pk=-37.7 c0=3.4 c1=8.7 kw=8.47 inf=2.76 iv=1.17 n=3 d=2 sk=0 hf=95920 hm=79908 ht=283428 pf=0 pm=0 pt=0 ru=235628 rp=251640
23:24:32.477 @T t=101011 s=0.000 lv=-40.1 pk=-38.8 c0=3.3 c1=10.6 kw=10.33 inf=2.57 iv=1.13 n=4 d=2 sk=0 hf=95920 hm=79908 ht=283428 pf=0 pm=0 pt=0 ru=235628 rp=251640
23:24:32.477 @T t=101097 s=0.000 lv=-41.2 pk=-40.1 c0=4.5 c1=9.7 kw=9.48 inf=2.53 iv=1.22 n=3 d=2 sk=0 hf=95920 hm=79908 ht=283428 pf=0 pm=0 pt=0 ru=235628 rp=251640
23:24:32.477 @I ww=marvin cut=0.50 win=5 cool=1000 tick=100 wifi=1 srv=1 li=0 ln=0
23:24:32.477 [status] up 101s | mic -35.9 dBFS (peak -22.8) | score max 0.99 | detections 2 | inferences 214 (21.2/s; model 1.26 ms each, paused in quiet 37%; features 1.44 ms per 30 ms) | CPU core0  6.8% core1  8.6% (wake word pipeline 8.21% of one core) | RAM used 230 KB (peak 245 KB, 93 KB free) | wifi OK, server OK | audio lost since boot: i2s 0 net 0
23:24:32.477 @T t=101201 s=0.000 lv=-40.0 pk=-38.8 c0=8.2 c1=9.1 kw=8.86 inf=2.83 iv=1.22 n=3 d=2 sk=0 hf=95920 hm=79908 ht=283428 pf=0 pm=0 pt=0 ru=235628 rp=251640
23:24:32.477 @T t=101307 s=0.000 lv=-40.5 pk=-39.7 c0=3.5 c1=10.8 kw=10.53 inf=2.58 iv=1.14 n=4 d=2 sk=0 hf=95920 hm=79908 ht=283428 pf=0 pm=0 pt=0 ru=235628 rp=251640
23:24:32.477 @T t=101413 s=0.000 lv=-39.7 pk=-38.2 c0=3.4 c1=9.5 kw=9.34 inf=2.30 iv=1.10 n=4 d=2 sk=0 hf=95920 hm=79908 ht=283428 pf=0 pm=0 pt=0 ru=235628 rp=251640
23:24:32.477 @T t=101499 s=0.000 lv=-41.0 pk=-40.2 c0=7.3 c1=8.0 kw=7.80 inf=3.07 iv=1.16 n=2 d=2 sk=0 hf=95920 hm=79908 ht=283428 pf=0 pm=0 pt=0 ru=235628 rp=251640
23:24:32.477 @T t=101606 s=0.000 lv=-39.4 pk=-37.7 c0=6.5 c1=12.1 kw=11.10 inf=2.75 iv=1.25 n=4 d=2 sk=0 hf=95920 hm=79908 ht=283428 pf=0 pm=0 pt=0 ru=235628 rp=251640
23:24:32.477 @T t=101712 s=0.000 lv=-39.2 pk=-38.3 c0=3.4 c1=9.5 kw=9.33 inf=2.30 iv=1.10 n=4 d=2 sk=0 hf=95920 hm=79908 ht=283428 pf=0 pm=0 pt=0 ru=235628 rp=251640
23:24:32.477 @T t=101798 s=0.000 lv=-39.9 pk=-38.1 c0=4.8 c1=8.6 kw=8.35 inf=3.30 iv=1.32 n=2 d=2 sk=0 hf=95920 hm=79908 ht=283428 pf=0 pm=0 pt=0 ru=235628 rp=251640
23:24:32.477 @T t=101904 s=0.000 lv=-40.4 pk=-39.8 c0=3.5 c1=9.6 kw=9.36 inf=2.30 iv=1.11 n=4 d=2 sk=0 hf=95920 hm=79908 ht=283428 pf=0 pm=0 pt=0 ru=235628 rp=251640
23:24:32.477 @T t=102013 s=0.000 lv=-40.1 pk=-38.8 c0=8.9 c1=10.5 kw=10.24 inf=2.57 iv=1.12 n=4 d=2 sk=0 hf=95920 hm=79908 ht=283428 pf=0 pm=0 pt=0 ru=235628 rp=251640
23:24:32.477 @T t=102098 s=0.000 lv=-40.8 pk=-39.0 c0=4.0 c1=5.0 kw=4.94 inf=1.85 iv=0.00 n=0 d=2 sk=2 hf=95920 hm=79908 ht=283428 pf=0 pm=0 pt=0 ru=235628 rp=251640
23:24:32.477 @I ww=marvin cut=0.50 win=5 cool=1000 tick=100 wifi=1 srv=1 li=0 ln=0
23:24:32.477 @T t=102210 s=0.000 lv=-38.2 pk=-36.3 c0=4.0 c1=5.8 kw=5.65 inf=1.37 iv=0.00 n=0 d=2 sk=4 hf=95920 hm=79908 ht=283428 pf=0 pm=0 pt=0 ru=235628 rp=251640
23:24:32.477 @T t=102296 s=0.000 lv=-36.3 pk=-33.7 c0=4.1 c1=15.8 kw=15.51 inf=1.42 iv=0.99 n=9 d=2 sk=0 hf=95920 hm=79908 ht=283428 pf=0 pm=0 pt=0 ru=235628 rp=251640
23:24:32.477 @T t=102402 s=0.000 lv=-39.2 pk=-38.3 c0=3.4 c1=8.5 kw=8.38 inf=2.72 iv=1.14 n=3 d=2 sk=0 hf=95920 hm=79908 ht=283428 pf=0 pm=0 pt=0 ru=235628 rp=251640
23:24:32.477 @T t=102508 s=0.000 lv=-38.9 pk=-37.8 c0=6.1 c1=10.6 kw=10.38 inf=2.54 iv=1.10 n=4 d=2 sk=0 hf=95920 hm=79908 ht=283428 pf=0 pm=0 pt=0 ru=235628 rp=251640
23:24:32.477 @T t=102614 s=0.000 lv=-39.1 pk=-37.1 c0=6.5 c1=9.8 kw=9.55 inf=2.35 iv=1.15 n=4 d=2 sk=0 hf=95920 hm=79908 ht=283428 pf=0 pm=0 pt=0 ru=235628 rp=251640
23:24:32.477 @T t=102700 s=0.000 lv=-38.9 pk=-38.4 c0=7.2 c1=8.1 kw=7.89 inf=3.11 iv=1.19 n=2 d=2 sk=0 hf=95920 hm=79908 ht=283428 pf=0 pm=0 pt=0 ru=235628 rp=251640
23:24:32.477 @T t=102806 s=0.000 lv=-40.0 pk=-38.6 c0=3.5 c1=10.7 kw=10.49 inf=2.57 iv=1.13 n=4 d=2 sk=0 hf=95920 hm=79908 ht=283428 pf=0 pm=0 pt=0 ru=235628 rp=251640
23:24:32.477 @T t=102912 s=0.000 lv=-40.4 pk=-38.9 c0=3.5 c1=9.6 kw=9.44 inf=2.32 iv=1.13 n=4 d=2 sk=0 hf=95920 hm=79908 ht=283428 pf=0 pm=0 pt=0 ru=235628 rp=251640
23:24:32.477 @T t=102998 s=0.000 lv=-37.7 pk=-37.0 c0=4.1 c1=8.2 kw=7.99 inf=3.15 iv=1.24 n=2 d=2 sk=0 hf=95920 hm=79908 ht=283428 pf=0 pm=0 pt=0 ru=235628 rp=251640
23:24:32.477 @T t=103104 s=0.000 lv=-41.1 pk=-40.3 c0=3.5 c1=9.8 kw=9.61 inf=2.37 iv=1.16 n=4 d=2 sk=0 hf=95920 hm=79908 ht=283428 pf=0 pm=0 pt=0 ru=235628 rp=251640
23:24:32.477 @I ww=marvin cut=0.50 win=5 cool=1000 tick=100 wifi=1 srv=1 li=0 ln=0
23:24:32.477 @T t=103199 s=0.000 lv=-40.6 pk=-39.7 c0=4.5 c1=9.9 kw=9.69 inf=2.82 iv=1.18 n=3 d=2 sk=0 hf=95920 hm=79908 ht=283428 pf=0 pm=0 pt=0 ru=235628 rp=251640
23:24:34.777 @T t=103305 s=0.000 lv=-41.0 pk=-40.0 c0=6.1 c1=9.2 kw=8.76 inf=2.81 iv=1.21 n=3 d=2 sk=0 hf=95920 hm=79908 ht=283428 pf=0 pm=0 pt=0 ru=235628 rp=251640
23:24:34.777 @T t=103411 s=0.000 lv=-39.9 pk=-38.8 c0=3.8 c1=11.2 kw=11.13 inf=2.77 iv=1.31 n=4 d=2 sk=0 hf=95920 hm=79908 ht=283428 pf=0 pm=0 pt=0 ru=235628 rp=251640
23:24:34.777 @T t=103497 s=0.000 lv=-35.3 pk=-31.7 c0=4.6 c1=9.5 kw=9.27 inf=2.47 iv=1.18 n=3 d=2 sk=0 hf=95920 hm=79908 ht=283428 pf=0 pm=0 pt=0 ru=235628 rp=251640
23:24:34.777 @T t=103603 s=0.000 lv=-25.5 pk=-23.5 c0=6.7 c1=9.1 kw=8.56 inf=2.78 iv=1.14 n=3 d=2 sk=0 hf=95920 hm=79908 ht=283428 pf=0 pm=0 pt=0 ru=235628 rp=251640
23:24:34.777 @T t=103712 s=0.005 lv=-32.1 pk=-27.3 c0=8.8 c1=10.7 kw=10.44 inf=2.63 iv=1.19 n=4 d=2 sk=0 hf=95920 hm=79908 ht=283428 pf=0 pm=0 pt=0 ru=235628 rp=251640
23:24:34.777 @T t=103798 s=0.072 lv=-36.2 pk=-35.0 c0=4.9 c1=10.0 kw=9.80 inf=2.62 iv=1.31 n=3 d=2 sk=0 hf=95920 hm=79908 ht=283428 pf=0 pm=0 pt=0 ru=235628 rp=251640
23:24:34.777 @T t=103904 s=0.244 lv=-40.4 pk=-39.6 c0=3.6 c1=8.9 kw=8.70 inf=2.84 iv=1.23 n=3 d=2 sk=0 hf=95920 hm=79908 ht=283428 pf=0 pm=0 pt=0 ru=235628 rp=251640
23:24:34.777 I (104307) kws: >>> WAKE WORD "marvin" DETECTED  (score 0.57, t = 103.93 s)
23:24:34.777 I (104327) stream: first audio sent 18 ms after the detection
23:24:34.777 @T t=104013 s=0.571 lv=-40.3 pk=-39.0 c0=15.9 c1=14.7 kw=12.10 inf=3.07 iv=1.51 n=4 d=3 sk=0 hf=95920 hm=79908 ht=283428 pf=0 pm=0 pt=0 ru=235628 rp=251640
23:24:34.777 @T t=104099 s=0.985 lv=-39.2 pk=-37.3 c0=13.6 c1=11.5 kw=10.65 inf=2.86 iv=1.50 n=3 d=3 sk=0 hf=88240 hm=79908 ht=283428 pf=0 pm=0 pt=0 ru=243308 rp=251640
23:24:34.777 @I ww=marvin cut=0.50 win=5 cool=1000 tick=100 wifi=1 srv=1 li=0 ln=0
23:24:34.777 @T t=104211 s=0.988 lv=-37.5 pk=-36.2 c0=15.8 c1=13.5 kw=12.11 inf=3.17 iv=1.60 n=4 d=3 sk=0 hf=94136 hm=79908 ht=283428 pf=0 pm=0 pt=0 ru=237412 rp=251640
23:24:34.777 @T t=104297 s=0.977 lv=-37.1 pk=-36.2 c0=15.7 c1=13.0 kw=11.12 inf=2.99 iv=1.58 n=3 d=3 sk=0 hf=95920 hm=79908 ht=283428 pf=0 pm=0 pt=0 ru=235628 rp=251640
23:24:34.777 @T t=104403 s=0.927 lv=-37.2 pk=-35.2 c0=17.6 c1=12.2 kw=10.72 inf=3.54 iv=1.71 n=3 d=3 sk=0 hf=95920 hm=79908 ht=283428 pf=0 pm=0 pt=0 ru=235628 rp=251640
23:24:34.777 @T t=104512 s=0.894 lv=-32.7 pk=-32.0 c0=16.9 c1=13.8 kw=12.65 inf=3.22 iv=1.62 n=4 d=3 sk=0 hf=95920 hm=79908 ht=283428 pf=0 pm=0 pt=0 ru=235628 rp=251640
23:24:34.777 @T t=104601 s=0.609 lv=-32.9 pk=-31.2 c0=16.0 c1=14.2 kw=11.23 inf=3.13 iv=1.72 n=3 d=3 sk=0 hf=95920 hm=79908 ht=283428 pf=0 pm=0 pt=0 ru=235628 rp=251640
23:24:34.777 @T t=104711 s=0.319 lv=-30.5 pk=-28.7 c0=15.4 c1=13.4 kw=11.91 inf=3.05 iv=1.49 n=4 d=3 sk=0 hf=92800 hm=79908 ht=283428 pf=0 pm=0 pt=0 ru=238748 rp=251640
23:24:34.777 @T t=104800 s=0.003 lv=-26.5 pk=-23.7 c0=14.2 c1=10.1 kw=8.57 inf=3.52 iv=1.43 n=2 d=3 sk=0 hf=92800 hm=79908 ht=283428 pf=0 pm=0 pt=0 ru=238748 rp=251640
23:24:34.777 I (105207) wake_word: score event: peak 0.99 over 840 ms -> detected
23:24:34.777 @T t=104910 s=0.000 lv=-26.7 pk=-24.1 c0=15.5 c1=14.1 kw=12.70 inf=3.29 iv=1.43 n=4 d=3 sk=0 hf=92080 hm=79908 ht=283428 pf=0 pm=0 pt=0 ru=239468 rp=251640
23:24:34.777 I (105305) wifi:[ADDBA]RX DELBA, reason:37, delete tid:0, initiator:1(originator)
23:24:34.777 @T t=104996 s=0.000 lv=-36.7 pk=-35.1 c0=21.0 c1=13.5 kw=11.09 inf=2.96 iv=1.50 n=3 d=3 sk=0 hf=95920 hm=79908 ht=283428 pf=0 pm=0 pt=0 ru=235628 rp=251640
23:24:34.777 @T t=105102 s=0.000 lv=-35.5 pk=-32.3 c0=14.0 c1=11.3 kw=9.88 inf=3.24 iv=1.49 n=3 d=3 sk=0 hf=95920 hm=79908 ht=283428 pf=0 pm=0 pt=0 ru=235628 rp=251640
23:24:34.777 @I ww=marvin cut=0.50 win=5 cool=1000 tick=100 wifi=1 srv=1 li=0 ln=0
23:24:34.777 @T t=105213 s=0.000 lv=-35.0 pk=-31.8 c0=16.8 c1=13.5 kw=12.44 inf=3.23 iv=1.58 n=4 d=3 sk=0 hf=95920 hm=79908 ht=283428 pf=0 pm=0 pt=0 ru=235628 rp=251640
23:24:34.777 @T t=105299 s=0.000 lv=-37.6 pk=-35.6 c0=15.0 c1=12.8 kw=10.90 inf=2.93 iv=1.53 n=3 d=3 sk=0 hf=95920 hm=79908 ht=283428 pf=0 pm=0 pt=0 ru=235628 rp=251640
23:24:34.777 @T t=105405 s=0.000 lv=-32.4 pk=-29.5 c0=14.4 c1=12.0 kw=10.31 inf=3.35 iv=1.60 n=3 d=3 sk=0 hf=95920 hm=79908 ht=283428 pf=0 pm=0 pt=0 ru=235628 rp=251640
23:24:34.777 @T t=105514 s=0.000 lv=-30.6 pk=-28.9 c0=18.9 c1=13.7 kw=12.59 inf=3.25 iv=1.67 n=4 d=3 sk=0 hf=95920 hm=79908 ht=283428 pf=0 pm=0 pt=0 ru=235628 rp=251640
23:24:37.175 @T t=105600 s=0.000 lv=-31.3 pk=-29.3 c0=19.2 c1=14.2 kw=12.81 inf=3.47 iv=1.96 n=3 d=3 sk=0 hf=95920 hm=79908 ht=283428 pf=0 pm=0 pt=0 ru=235628 rp=251640
23:24:37.175 @T t=105709 s=0.000 lv=-38.2 pk=-35.0 c0=17.7 c1=13.3 kw=11.94 inf=3.03 iv=1.49 n=4 d=3 sk=0 hf=92276 hm=79908 ht=283428 pf=0 pm=0 pt=0 ru=239272 rp=251640
23:24:37.175 @T t=105795 s=0.000 lv=-37.3 pk=-36.0 c0=15.0 c1=11.9 kw=10.49 inf=2.81 iv=1.42 n=3 d=3 sk=0 hf=95920 hm=79908 ht=283428 pf=0 pm=0 pt=0 ru=235628 rp=251640
23:24:37.175 @T t=105901 s=0.000 lv=-38.3 pk=-36.0 c0=14.3 c1=11.2 kw=10.17 inf=3.35 iv=1.64 n=3 d=3 sk=0 hf=95916 hm=79908 ht=283428 pf=0 pm=0 pt=0 ru=235632 rp=251640
23:24:37.175 @T t=106010 s=0.000 lv=-36.3 pk=-33.1 c0=15.3 c1=13.3 kw=11.84 inf=3.00 iv=1.43 n=4 d=3 sk=0 hf=95916 hm=79908 ht=283428 pf=0 pm=0 pt=0 ru=235632 rp=251640
23:24:37.175 @T t=106096 s=0.000 lv=-32.6 pk=-30.0 c0=14.6 c1=12.0 kw=10.91 inf=2.93 iv=1.53 n=3 d=3 sk=0 hf=92072 hm=79908 ht=283428 pf=0 pm=0 pt=0 ru=239476 rp=251640
23:24:37.175 @I ww=marvin cut=0.50 win=5 cool=1000 tick=100 wifi=1 srv=1 li=0 ln=0
23:24:37.175 @T t=106211 s=0.000 lv=-40.0 pk=-39.1 c0=15.7 c1=12.8 kw=11.47 inf=3.07 iv=1.52 n=4 d=3 sk=0 hf=92072 hm=79908 ht=283428 pf=0 pm=0 pt=0 ru=239476 rp=251640
23:24:37.175 @T t=106296 s=0.000 lv=-37.8 pk=-36.7 c0=15.0 c1=10.7 kw=8.99 inf=3.53 iv=1.42 n=2 d=3 sk=0 hf=95916 hm=79908 ht=283428 pf=0 pm=0 pt=0 ru=235632 rp=251640
23:24:37.175 @T t=106402 s=0.000 lv=-39.4 pk=-38.2 c0=15.1 c1=13.1 kw=11.62 inf=2.90 iv=1.58 n=4 d=3 sk=0 hf=95916 hm=79908 ht=283428 pf=0 pm=0 pt=0 ru=235632 rp=251640
23:24:37.175 @T t=106511 s=0.000 lv=-37.9 pk=-35.8 c0=15.6 c1=12.7 kw=11.83 inf=3.00 iv=1.46 n=4 d=3 sk=0 hf=92276 hm=79908 ht=283428 pf=0 pm=0 pt=0 ru=239476 rp=251640
23:24:37.175 @T t=106597 s=0.000 lv=-38.1 pk=-36.8 c0=15.4 c1=10.7 kw=9.21 inf=3.67 iv=1.42 n=2 d=3 sk=0 hf=95916 hm=79908 ht=283428 pf=0 pm=0 pt=0 ru=235632 rp=251640
23:24:37.175 @T t=106703 s=0.000 lv=-39.4 pk=-38.5 c0=14.3 c1=12.5 kw=11.53 inf=2.87 iv=1.48 n=4 d=3 sk=0 hf=95916 hm=79908 ht=283428 pf=0 pm=0 pt=0 ru=235632 rp=251640
23:24:37.175 I (107131) stream: stream finished (silence): 2820 ms of audio sent (44 KB)
23:24:37.175 @T t=106812 s=0.000 lv=-39.3 pk=-38.0 c0=13.1 c1=12.7 kw=11.60 inf=2.94 iv=1.39 n=4 d=3 sk=0 hf=95916 hm=79908 ht=283428 pf=0 pm=0 pt=0 ru=235632 rp=251640
23:24:37.175 @T t=106898 s=0.000 lv=-39.8 pk=-38.1 c0=4.2 c1=8.1 kw=7.94 inf=3.13 iv=1.21 n=2 d=3 sk=0 hf=95916 hm=79908 ht=283428 pf=0 pm=0 pt=0 ru=235632 rp=251640
23:24:37.175 @T t=107004 s=0.000 lv=-38.5 pk=-36.9 c0=3.5 c1=9.5 kw=9.25 inf=2.27 iv=1.08 n=4 d=3 sk=0 hf=95916 hm=79908 ht=283428 pf=0 pm=0 pt=0 ru=235632 rp=251640
23:24:37.175 @T t=107113 s=0.000 lv=-38.4 pk=-37.2 c0=8.7 c1=10.3 kw=10.08 inf=2.53 iv=1.08 n=4 d=3 sk=0 hf=95916 hm=79908 ht=283428 pf=0 pm=0 pt=0 ru=235632 rp=251640
23:24:37.175 @I ww=marvin cut=0.50 win=5 cool=1000 tick=100 wifi=1 srv=1 li=0 ln=0
23:24:37.175 @T t=107204 s=0.000 lv=-37.8 pk=-37.0 c0=13.0 c1=7.5 kw=7.38 inf=3.08 iv=1.17 n=2 d=3 sk=0 hf=95916 hm=79908 ht=283428 pf=0 pm=0 pt=0 ru=235632 rp=251640
23:24:37.175 @T t=107313 s=0.000 lv=-38.8 pk=-37.6 c0=8.7 c1=10.4 kw=10.22 inf=2.57 iv=1.12 n=4 d=3 sk=0 hf=95916 hm=79908 ht=283428 pf=0 pm=0 pt=0 ru=235632 rp=251640
23:24:37.175 @T t=107399 s=0.000 lv=-40.3 pk=-39.4 c0=4.1 c1=9.2 kw=9.01 inf=2.39 iv=1.12 n=3 d=3 sk=0 hf=95916 hm=79908 ht=283428 pf=0 pm=0 pt=0 ru=235632 rp=251640
23:24:37.175 @T t=107505 s=0.000 lv=-39.8 pk=-38.8 c0=3.3 c1=8.8 kw=8.44 inf=2.70 iv=1.12 n=3 d=3 sk=0 hf=95916 hm=79908 ht=283428 pf=0 pm=0 pt=0 ru=235632 rp=251640
23:24:37.175 I (107946) wifi:[ADDBA]RX DELBA, reason:37, delete tid:0, initiator:1(originator)
23:24:37.175 @T t=107612 s=0.000 lv=-39.4 pk=-38.9 c0=8.5 c1=11.6 kw=11.19 inf=2.81 iv=1.31 n=4 d=3 sk=0 hf=95916 hm=79908 ht=283428 pf=0 pm=0 pt=0 ru=235632 rp=251640
23:24:37.175 @T t=107698 s=0.000 lv=-39.5 pk=-38.9 c0=4.2 c1=6.9 kw=6.75 inf=1.75 iv=1.47 n=1 d=3 sk=2 hf=95916 hm=79908 ht=283428 pf=0 pm=0 pt=0 ru=235632 rp=251640
23:24:37.175 @T t=107804 s=0.000 lv=-40.2 pk=-39.7 c0=3.9 c1=5.2 kw=5.01 inf=1.54 iv=0.00 n=0 d=3 sk=3 hf=95916 hm=79908 ht=283428 pf=0 pm=0 pt=0 ru=235632 rp=251640
23:24:37.175 @T t=107910 s=0.000 lv=-38.6 pk=-37.3 c0=7.0 c1=6.3 kw=6.08 inf=1.40 iv=0.00 n=0 d=3 sk=4 hf=95920 hm=79908 ht=283428 pf=0 pm=0 pt=0 ru=235628 rp=251640
23:24:39.677 @T t=107996 s=0.000 lv=-38.1 pk=-37.5 c0=4.1 c1=5.1 kw=4.93 inf=1.85 iv=0.00 n=0 d=3 sk=2 hf=95920 hm=79908 ht=283428 pf=0 pm=0 pt=0 ru=235628 rp=251640
23:24:39.677 @T t=108102 s=0.000 lv=-39.7 pk=-38.2 c0=6.3 c1=5.1 kw=4.94 inf=1.52 iv=0.00 n=0 d=3 sk=3 hf=95920 hm=79908 ht=283428 pf=0 pm=0 pt=0 ru=235628 rp=251640
23:24:39.677 @I ww=marvin cut=0.50 win=5 cool=1000 tick=100 wifi=1 srv=1 li=0 ln=0
23:24:39.677 @T t=108214 s=0.000 lv=-31.6 pk=-28.7 c0=3.7 c1=17.4 kw=17.12 inf=1.41 iv=0.97 n=13 d=3 sk=0 hf=95920 hm=79908 ht=283428 pf=0 pm=0 pt=0 ru=235628 rp=251640
23:24:39.677 @T t=108300 s=0.000 lv=-38.8 pk=-37.6 c0=4.3 c1=8.1 kw=7.95 inf=3.14 iv=1.21 n=2 d=3 sk=0 hf=95920 hm=79908 ht=283428 pf=0 pm=0 pt=0 ru=235628 rp=251640
23:24:39.677 @T t=108406 s=0.000 lv=-34.6 pk=-32.5 c0=3.4 c1=10.9 kw=10.67 inf=2.62 iv=1.17 n=4 d=3 sk=0 hf=95920 hm=79908 ht=283428 pf=0 pm=0 pt=0 ru=235628 rp=251640
23:24:39.677 @T t=108512 s=0.000 lv=-39.0 pk=-36.3 c0=6.1 c1=9.8 kw=9.61 inf=2.37 iv=1.16 n=4 d=3 sk=0 hf=95920 hm=79908 ht=283428 pf=0 pm=0 pt=0 ru=235628 rp=251640
23:24:39.677 @T t=108598 s=0.000 lv=-36.9 pk=-34.8 c0=8.0 c1=8.2 kw=8.02 inf=3.17 iv=1.24 n=2 d=3 sk=0 hf=95920 hm=79908 ht=283428 pf=0 pm=0 pt=0 ru=235628 rp=251640
23:24:39.677 @T t=108704 s=0.000 lv=-36.8 pk=-34.7 c0=3.3 c1=9.9 kw=9.64 inf=2.38 iv=1.17 n=4 d=3 sk=0 hf=95920 hm=79908 ht=283428 pf=0 pm=0 pt=0 ru=235628 rp=251640
23:24:39.677 @T t=108813 s=0.000 lv=-33.7 pk=-31.7 c0=3.3 c1=10.7 kw=10.48 inf=2.64 iv=1.17 n=4 d=3 sk=0 hf=95920 hm=79908 ht=283428 pf=0 pm=0 pt=0 ru=235628 rp=251640
23:24:39.677 @T t=108899 s=0.000 lv=-35.3 pk=-34.6 c0=4.3 c1=8.4 kw=8.21 inf=3.25 iv=1.30 n=2 d=3 sk=0 hf=95920 hm=79908 ht=283428 pf=0 pm=0 pt=0 ru=235628 rp=251640
23:24:39.677 @T t=109005 s=0.000 lv=-39.8 pk=-38.6 c0=3.9 c1=10.5 kw=10.04 inf=2.45 iv=1.23 n=4 d=3 sk=0 hf=95920 hm=79908 ht=283428 pf=0 pm=0 pt=0 ru=235628 rp=251640
23:24:39.677 I (109478) stream: server: {"type":"response","text":"I'll send an alarm for 7.","saved":"20260928_232433_095_e072a1d53274_marvin.wav"}
23:24:39.677 @T t=109111 s=0.000 lv=-37.9 pk=-35.9 c0=7.3 c1=11.8 kw=11.04 inf=2.74 iv=1.26 n=4 d=3 sk=0 hf=95920 hm=79908 ht=283428 pf=0 pm=0 pt=0 ru=235628 rp=251640
23:24:39.677 @I ww=marvin cut=0.50 win=5 cool=1000 tick=100 wifi=1 srv=1 li=0 ln=0
23:24:39.677 @T t=109203 s=0.000 lv=-34.6 pk=-33.5 c0=4.8 c1=7.7 kw=7.52 inf=3.18 iv=1.24 n=2 d=3 sk=0 hf=95920 hm=79908 ht=283428 pf=0 pm=0 pt=0 ru=235628 rp=251640
23:24:39.677 @T t=109309 s=0.000 lv=-38.7 pk=-36.1 c0=4.0 c1=11.1 kw=10.80 inf=2.65 iv=1.19 n=4 d=3 sk=0 hf=95920 hm=79908 ht=283428 pf=0 pm=0 pt=0 ru=235628 rp=251640
23:24:39.677 @T t=109395 s=0.000 lv=-38.1 pk=-36.4 c0=4.2 c1=9.6 kw=9.37 inf=2.50 iv=1.20 n=3 d=3 sk=0 hf=95920 hm=79908 ht=283428 pf=0 pm=0 pt=0 ru=235628 rp=251640
23:24:39.677 @T t=109501 s=0.000 lv=-35.9 pk=-33.0 c0=3.4 c1=8.8 kw=8.58 inf=2.79 iv=1.19 n=3 d=3 sk=0 hf=95920 hm=79908 ht=283428 pf=0 pm=0 pt=0 ru=235628 rp=251640
23:24:39.677 @T t=109607 s=0.000 lv=-38.0 pk=-36.5 c0=3.4 c1=10.8 kw=10.59 inf=2.59 iv=1.15 n=4 d=3 sk=0 hf=95920 hm=79908 ht=283428 pf=0 pm=0 pt=0 ru=235628 rp=251640
23:24:39.677 @T t=109713 s=0.000 lv=-37.4 pk=-35.2 c0=3.3 c1=9.6 kw=9.41 inf=2.32 iv=1.12 n=4 d=3 sk=0 hf=95920 hm=79908 ht=283428 pf=0 pm=0 pt=0 ru=235628 rp=251640
23:24:39.677 @T t=109799 s=0.000 lv=-40.0 pk=-38.4 c0=7.5 c1=8.1 kw=7.93 inf=3.13 iv=1.20 n=2 d=3 sk=0 hf=95920 hm=79908 ht=283428 pf=0 pm=0 pt=0 ru=235628 rp=251640
23:24:39.677 @T t=109905 s=0.000 lv=-39.0 pk=-37.4 c0=3.5 c1=10.3 kw=9.84 inf=2.40 iv=1.18 n=4 d=3 sk=0 hf=95920 hm=79908 ht=283428 pf=0 pm=0 pt=0 ru=235628 rp=251640
23:24:39.677 @T t=110011 s=0.000 lv=-39.8 pk=-38.2 c0=3.5 c1=10.8 kw=10.36 inf=2.57 iv=1.13 n=4 d=3 sk=0 hf=95920 hm=79908 ht=283428 pf=0 pm=0 pt=0 ru=235628 rp=251640
23:24:39.677 @T t=110097 s=0.000 lv=-27.5 pk=-25.1 c0=4.6 c1=8.0 kw=7.86 inf=3.10 iv=1.17 n=2 d=3 sk=0 hf=95920 hm=79908 ht=283428 pf=0 pm=0 pt=0 ru=235628 rp=251640
23:24:39.677 @I ww=marvin cut=0.50 win=5 cool=1000 tick=100 wifi=1 srv=1 li=0 ln=0
23:24:39.678 @T t=110208 s=0.000 lv=-31.8 pk=-27.4 c0=7.5 c1=11.7 kw=11.10 inf=2.86 iv=1.36 n=4 d=3 sk=0 hf=95920 hm=79908 ht=283428 pf=0 pm=0 pt=0 ru=235628 rp=251640
23:24:39.678 @T t=110314 s=0.000 lv=-38.3 pk=-36.4 c0=4.0 c1=10.1 kw=9.92 inf=2.45 iv=1.23 n=4 d=3 sk=0 hf=95920 hm=79908 ht=283428 pf=0 pm=0 pt=0 ru=235628 rp=251640
23:24:39.678 @T t=110400 s=0.009 lv=-39.6 pk=-38.1 c0=4.1 c1=8.2 kw=8.02 inf=3.16 iv=1.23 n=2 d=3 sk=0 hf=95920 hm=79908 ht=283428 pf=0 pm=0 pt=0 ru=235628 rp=251640
23:24:41.691 @T t=110506 s=0.412 lv=-40.2 pk=-39.1 c0=3.4 c1=10.9 kw=10.64 inf=2.61 iv=1.16 n=4 d=3 sk=0 hf=95920 hm=79908 ht=283428 pf=0 pm=0 pt=0 ru=235628 rp=251640
23:24:41.691 I (110908) kws: >>> WAKE WORD "marvin" DETECTED  (score 0.56, t = 110.53 s)
23:24:41.691 I (110929) stream: first audio sent 19 ms after the detection
23:24:41.691 @T t=110612 s=0.560 lv=-25.3 pk=-21.5 c0=16.5 c1=13.2 kw=11.70 inf=2.92 iv=1.60 n=4 d=4 sk=0 hf=83260 hm=79908 ht=283428 pf=0 pm=0 pt=0 ru=248288 rp=251640
23:24:41.691 @T t=110698 s=0.379 lv=-25.4 pk=-21.8 c0=12.1 c1=10.2 kw=8.86 inf=3.52 iv=1.49 n=2 d=4 sk=0 hf=83432 hm=79908 ht=283428 pf=0 pm=0 pt=0 ru=248116 rp=251640
23:24:41.691 @T t=110804 s=0.251 lv=-28.7 pk=-25.9 c0=4.1 c1=10.2 kw=9.95 inf=2.45 iv=1.23 n=4 d=4 sk=0 hf=83248 hm=79908 ht=283428 pf=0 pm=0 pt=0 ru=248300 rp=251640
23:24:41.691 I (111266) wake_word: score event: peak 0.56 over 300 ms -> detected
23:24:41.691 @T t=110913 s=0.012 lv=-31.4 pk=-28.1 c0=11.0 c1=13.0 kw=12.28 inf=3.13 iv=1.37 n=4 d=4 sk=0 hf=82092 hm=79908 ht=283428 pf=0 pm=0 pt=0 ru=249456 rp=251640
23:24:41.691 @T t=110999 s=0.000 lv=-38.9 pk=-37.8 c0=4.2 c1=8.3 kw=8.10 inf=3.20 iv=1.27 n=2 d=4 sk=0 hf=83248 hm=79908 ht=283428 pf=0 pm=0 pt=0 ru=248300 rp=251640
23:24:41.691 I (111486) wifi:[ADDBA]RX DELBA, reason:37, delete tid:0, initiator:1(originator)
23:24:41.691 @T t=111106 s=0.000 lv=-40.3 pk=-39.2 c0=14.8 c1=12.3 kw=11.26 inf=2.81 iv=1.30 n=4 d=4 sk=0 hf=79304 hm=78660 ht=283428 pf=0 pm=0 pt=0 ru=252244 rp=252888
23:24:41.691 @I ww=marvin cut=0.50 win=5 cool=1000 tick=100 wifi=1 srv=1 li=0 ln=0
23:24:41.691 [status] up 111s | mic -34.4 dBFS (peak -21.5) | score max 0.99 | detections 4 | inferences 327 (32.7/s; model 1.29 ms each, paused in quiet 6%; features 1.44 ms per 30 ms) | CPU core0  8.5% core1 10.5% (wake word pipeline 9.92% of one core) | RAM used 246 KB (peak 246 KB, 77 KB free) | wifi OK, server OK | audio lost since boot: i2s 0 net 0
23:24:41.691 @T t=111214 s=0.000 lv=-40.1 pk=-39.0 c0=8.1 c1=10.5 kw=10.07 inf=2.52 iv=1.26 n=4 d=4 sk=0 hf=83432 hm=78660 ht=283428 pf=0 pm=0 pt=0 ru=248116 rp=252888
23:24:41.691 @T t=111305 s=0.000 lv=-40.4 pk=-39.4 c0=18.4 c1=11.9 kw=7.88 inf=3.22 iv=1.23 n=2 d=4 sk=0 hf=95920 hm=78660 ht=283428 pf=0 pm=0 pt=0 ru=235628 rp=252888
23:24:41.691 @T t=111414 s=0.000 lv=-39.7 pk=-38.2 c0=17.4 c1=12.7 kw=12.43 inf=3.20 iv=1.66 n=4 d=4 sk=0 hf=83260 hm=78660 ht=283428 pf=0 pm=0 pt=0 ru=248288 rp=252888
23:24:41.691 @T t=111500 s=0.000 lv=-38.9 pk=-37.3 c0=13.2 c1=12.6 kw=10.31 inf=2.76 iv=1.38 n=3 d=4 sk=0 hf=95920 hm=78660 ht=283428 pf=0 pm=0 pt=0 ru=235628 rp=252888
23:24:41.691 @T t=111609 s=0.000 lv=-39.4 pk=-37.5 c0=17.7 c1=13.0 kw=11.98 inf=3.07 iv=1.52 n=4 d=4 sk=0 hf=88436 hm=78660 ht=283428 pf=0 pm=0 pt=0 ru=243112 rp=252888
23:24:41.691 @T t=111696 s=0.000 lv=-41.0 pk=-40.5 c0=17.6 c1=12.1 kw=10.47 inf=2.81 iv=1.42 n=3 d=4 sk=0 hf=94356 hm=78660 ht=283428 pf=0 pm=0 pt=0 ru=237192 rp=252888
23:24:41.691 @T t=111802 s=0.000 lv=-39.3 pk=-38.4 c0=14.1 c1=11.0 kw=9.74 inf=3.20 iv=1.48 n=3 d=4 sk=0 hf=94356 hm=78660 ht=283428 pf=0 pm=0 pt=0 ru=237192 rp=252888
23:24:41.691 @T t=111910 s=0.000 lv=-41.2 pk=-39.1 c0=16.7 c1=13.8 kw=12.40 inf=3.13 iv=1.57 n=4 d=4 sk=0 hf=92076 hm=78660 ht=283428 pf=0 pm=0 pt=0 ru=239472 rp=252888
23:24:41.692 @T t=111996 s=0.000 lv=-40.7 pk=-39.7 c0=18.0 c1=12.1 kw=10.50 inf=2.81 iv=1.42 n=3 d=4 sk=0 hf=95920 hm=78660 ht=283428 pf=0 pm=0 pt=0 ru=235628 rp=252888
23:24:41.692 I (112410) stream: stream finished (silence): 1500 ms of audio sent (23 KB)
23:24:41.692 @T t=112102 s=0.000 lv=-40.2 pk=-38.4 c0=11.7 c1=10.5 kw=9.54 inf=3.13 iv=1.40 n=3 d=4 sk=0 hf=95920 hm=78660 ht=283428 pf=0 pm=0 pt=0 ru=235628 rp=252888
23:24:41.692 @I ww=marvin cut=0.50 win=5 cool=1000 tick=100 wifi=1 srv=1 li=0 ln=0
23:24:41.692 @T t=112213 s=0.000 lv=-40.9 pk=-40.5 c0=4.2 c1=10.2 kw=10.01 inf=2.57 iv=1.13 n=4 d=4 sk=0 hf=95920 hm=78660 ht=283428 pf=0 pm=0 pt=0 ru=235628 rp=252888
23:24:41.692 @T t=112299 s=0.000 lv=-39.2 pk=-37.2 c0=11.4 c1=11.1 kw=10.55 inf=2.83 iv=1.50 n=3 d=4 sk=0 hf=95920 hm=78660 ht=283428 pf=0 pm=0 pt=0 ru=235628 rp=252888
23:24:41.692 @T t=112405 s=0.000 lv=-39.2 pk=-36.3 c0=3.8 c1=9.3 kw=8.86 inf=2.85 iv=1.23 n=3 d=4 sk=0 hf=95920 hm=78660 ht=283428 pf=0 pm=0 pt=0 ru=235628 rp=252888
23:24:44.174 @T t=112514 s=0.000 lv=-37.6 pk=-36.0 c0=9.4 c1=9.4 kw=9.43 inf=2.39 iv=1.27 n=3 d=4 sk=1 hf=95920 hm=78660 ht=283428 pf=0 pm=0 pt=0 ru=235628 rp=252888
23:24:44.174 @T t=112599 s=0.000 lv=-39.7 pk=-38.8 c0=8.1 c1=5.0 kw=4.93 inf=1.85 iv=0.00 n=0 d=4 sk=2 hf=95920 hm=78660 ht=283428 pf=0 pm=0 pt=0 ru=235628 rp=252888
23:24:44.174 @T t=112705 s=0.000 lv=-39.1 pk=-37.8 c0=3.0 c1=6.0 kw=5.85 inf=1.35 iv=0.00 n=0 d=4 sk=4 hf=95920 hm=78660 ht=283428 pf=0 pm=0 pt=0 ru=235628 rp=252888
23:24:44.174 @T t=112811 s=0.000 lv=-38.4 pk=-37.5 c0=3.0 c1=5.1 kw=4.91 inf=1.51 iv=0.00 n=0 d=4 sk=3 hf=95920 hm=78660 ht=283428 pf=0 pm=0 pt=0 ru=235628 rp=252888
23:24:44.174 @T t=112898 s=0.000 lv=-39.1 pk=-37.4 c0=3.8 c1=5.0 kw=4.89 inf=1.83 iv=0.00 n=0 d=4 sk=2 hf=95920 hm=78660 ht=283428 pf=0 pm=0 pt=0 ru=235628 rp=252888
23:24:44.174 @T t=113004 s=0.000 lv=-38.5 pk=-36.6 c0=3.2 c1=5.1 kw=4.93 inf=1.52 iv=0.00 n=0 d=4 sk=3 hf=95920 hm=78660 ht=283428 pf=0 pm=0 pt=0 ru=235628 rp=252888
23:24:44.174 @T t=113109 s=0.000 lv=-37.9 pk=-37.3 c0=3.1 c1=6.2 kw=6.02 inf=1.39 iv=0.00 n=0 d=4 sk=4 hf=95920 hm=78660 ht=283428 pf=0 pm=0 pt=0 ru=235628 rp=252888
23:24:44.174 @I ww=marvin cut=0.50 win=5 cool=1000 tick=100 wifi=1 srv=1 li=0 ln=0
23:24:44.174 I (113523) wifi:[ADDBA]RX DELBA, reason:37, delete tid:0, initiator:1(originator)
23:24:44.174 @T t=113202 s=0.000 lv=-38.7 pk=-37.0 c0=6.5 c1=4.8 kw=4.63 inf=1.85 iv=0.00 n=0 d=4 sk=2 hf=95920 hm=78660 ht=283428 pf=0 pm=0 pt=0 ru=235628 rp=252888
23:24:44.174 @T t=113308 s=0.000 lv=-38.7 pk=-37.5 c0=3.9 c1=6.1 kw=5.96 inf=1.38 iv=0.00 n=0 d=4 sk=4 hf=95920 hm=78660 ht=283428 pf=0 pm=0 pt=0 ru=235628 rp=252888
23:24:44.174 @T t=113413 s=0.000 lv=-39.0 pk=-37.0 c0=3.1 c1=5.1 kw=4.95 inf=1.52 iv=0.00 n=0 d=4 sk=3 hf=95920 hm=78660 ht=283428 pf=0 pm=0 pt=0 ru=235628 rp=252888
23:24:44.174 @T t=113500 s=0.000 lv=-39.2 pk=-38.7 c0=4.2 c1=5.2 kw=4.90 inf=1.84 iv=0.00 n=0 d=4 sk=2 hf=95920 hm=78660 ht=283428 pf=0 pm=0 pt=0 ru=235628 rp=252888
23:24:44.174 @T t=113605 s=0.000 lv=-40.2 pk=-39.3 c0=3.2 c1=6.0 kw=5.95 inf=1.37 iv=0.00 n=0 d=4 sk=4 hf=95920 hm=78660 ht=283428 pf=0 pm=0 pt=0 ru=235628 rp=252888
23:24:44.174 @T t=113711 s=0.000 lv=-40.6 pk=-39.3 c0=3.0 c1=5.0 kw=4.90 inf=1.51 iv=0.00 n=0 d=4 sk=3 hf=95920 hm=78660 ht=283428 pf=0 pm=0 pt=0 ru=235628 rp=252888
23:24:44.174 @T t=113797 s=0.000 lv=-40.1 pk=-38.7 c0=3.7 c1=5.0 kw=4.84 inf=1.81 iv=0.00 n=0 d=4 sk=2 hf=95920 hm=78660 ht=283428 pf=0 pm=0 pt=0 ru=235628 rp=252888
23:24:44.174 @T t=113904 s=0.000 lv=-39.4 pk=-38.0 c0=3.1 c1=5.0 kw=4.91 inf=1.51 iv=0.00 n=0 d=4 sk=3 hf=95920 hm=78660 ht=283428 pf=0 pm=0 pt=0 ru=235628 rp=252888
23:24:44.174 @T t=114010 s=0.000 lv=-34.2 pk=-31.0 c0=6.4 c1=17.4 kw=17.16 inf=1.34 iv=0.97 n=12 d=4 sk=1 hf=95920 hm=78660 ht=283428 pf=0 pm=0 pt=0 ru=235628 rp=252888
23:24:44.174 I (114467) stream: server: {"type":"response","text":"Call my mother.","saved":"20260928_232439_699_e072a1d53274_marvin.wav"}
23:24:44.174 @T t=114096 s=0.000 lv=-35.3 pk=-33.5 c0=12.5 c1=10.3 kw=10.11 inf=2.71 iv=1.29 n=3 d=4 sk=0 hf=95920 hm=78660 ht=283428 pf=0 pm=0 pt=0 ru=235628 rp=252888
23:24:44.174 @I ww=marvin cut=0.50 win=5 cool=1000 tick=100 wifi=1 srv=1 li=0 ln=0
23:24:44.174 @T t=114212 s=0.000 lv=-34.0 pk=-31.8 c0=14.1 c1=9.6 kw=9.45 inf=2.53 iv=1.11 n=4 d=4 sk=0 hf=95920 hm=78660 ht=283428 pf=0 pm=0 pt=0 ru=235628 rp=252888
23:24:44.174 @T t=114298 s=0.000 lv=-37.0 pk=-36.3 c0=4.8 c1=8.4 kw=8.22 inf=3.25 iv=1.30 n=2 d=4 sk=0 hf=95920 hm=78660 ht=283428 pf=0 pm=0 pt=0 ru=235628 rp=252888
23:24:44.174 @T t=114404 s=0.000 lv=-39.5 pk=-38.4 c0=3.4 c1=9.5 kw=9.35 inf=2.30 iv=1.11 n=4 d=4 sk=0 hf=95920 hm=78660 ht=283428 pf=0 pm=0 pt=0 ru=235628 rp=252888
23:24:44.174 @T t=114513 s=0.000 lv=-39.1 pk=-38.0 c0=3.2 c1=10.4 kw=10.18 inf=2.56 iv=1.11 n=4 d=4 sk=0 hf=95920 hm=78660 ht=283428 pf=0 pm=0 pt=0 ru=235628 rp=252888
23:24:44.174 @T t=114599 s=0.000 lv=-38.9 pk=-36.6 c0=7.8 c1=8.1 kw=7.86 inf=3.10 iv=1.18 n=2 d=4 sk=0 hf=95920 hm=78660 ht=283428 pf=0 pm=0 pt=0 ru=235628 rp=252888
23:24:44.174 @T t=114705 s=0.000 lv=-40.4 pk=-39.5 c0=3.4 c1=10.2 kw=9.78 inf=2.38 iv=1.17 n=4 d=4 sk=0 hf=95920 hm=78660 ht=283428 pf=0 pm=0 pt=0 ru=235628 rp=252888
23:24:44.174 @T t=114811 s=0.000 lv=-40.4 pk=-38.9 c0=3.4 c1=11.0 kw=10.57 inf=2.62 iv=1.17 n=4 d=4 sk=0 hf=95920 hm=78660 ht=283428 pf=0 pm=0 pt=0 ru=235628 rp=252888
23:24:44.174 @T t=114897 s=0.000 lv=-40.5 pk=-38.6 c0=4.3 c1=8.3 kw=8.13 inf=3.21 iv=1.27 n=2 d=4 sk=0 hf=95920 hm=78660 ht=283428 pf=0 pm=0 pt=0 ru=235628 rp=252888
23:24:46.395 @T t=115003 s=0.000 lv=-25.9 pk=-23.4 c0=3.5 c1=9.8 kw=9.59 inf=2.36 iv=1.16 n=4 d=4 sk=0 hf=95920 hm=78660 ht=283428 pf=0 pm=0 pt=0 ru=235628 rp=252888
23:24:46.396 @T t=115111 s=0.002 lv=-31.8 pk=-26.8 c0=5.3 c1=12.5 kw=10.92 inf=2.73 iv=1.27 n=4 d=4 sk=0 hf=95920 hm=78660 ht=283428 pf=0 pm=0 pt=0 ru=235628 rp=252888
23:24:46.396 @I ww=marvin cut=0.50 win=5 cool=1000 tick=100 wifi=1 srv=1 li=0 ln=0
23:24:46.396 @T t=115202 s=0.112 lv=-36.4 pk=-34.1 c0=4.8 c1=7.7 kw=7.53 inf=3.14 iv=1.24 n=2 d=4 sk=0 hf=95920 hm=78660 ht=283428 pf=0 pm=0 pt=0 ru=235628 rp=252888
23:24:46.396 I (115667) kws: >>> WAKE WORD "marvin" DETECTED  (score 0.59, t = 115.29 s)
23:24:46.396 I (115687) stream: first audio sent 18 ms after the detection
23:24:46.396 @T t=115310 s=0.595 lv=-35.4 pk=-33.2 c0=9.8 c1=13.0 kw=10.97 inf=2.74 iv=1.25 n=4 d=5 sk=0 hf=95920 hm=78660 ht=283428 pf=0 pm=0 pt=0 ru=235628 rp=252888
23:24:46.396 @T t=115398 s=0.570 lv=-39.3 pk=-38.6 c0=14.5 c1=12.6 kw=11.15 inf=3.07 iv=1.67 n=3 d=5 sk=0 hf=95920 hm=78660 ht=283428 pf=0 pm=0 pt=0 ru=235628 rp=252888
23:24:46.396 @T t=115504 s=0.936 lv=-36.5 pk=-35.0 c0=17.8 c1=12.3 kw=10.84 inf=3.58 iv=1.84 n=3 d=5 sk=0 hf=95920 hm=78660 ht=283428 pf=0 pm=0 pt=0 ru=235628 rp=252888
23:24:46.396 @T t=115612 s=0.925 lv=-38.1 pk=-34.4 c0=16.9 c1=14.9 kw=13.37 inf=3.38 iv=1.77 n=4 d=5 sk=0 hf=92080 hm=78660 ht=283428 pf=0 pm=0 pt=0 ru=239468 rp=252888
23:24:46.396 @T t=115698 s=0.536 lv=-29.6 pk=-26.9 c0=15.4 c1=13.0 kw=11.90 inf=3.21 iv=1.78 n=3 d=5 sk=0 hf=92080 hm=78660 ht=283428 pf=0 pm=0 pt=0 ru=239468 rp=252888
23:24:46.396 @T t=115804 s=0.099 lv=-35.8 pk=-34.6 c0=17.3 c1=11.1 kw=9.94 inf=3.26 iv=1.51 n=3 d=5 sk=0 hf=95920 hm=78660 ht=283428 pf=0 pm=0 pt=0 ru=235628 rp=252888
23:24:46.396 I (116207) wake_word: score event: peak 0.94 over 480 ms -> detected
23:24:46.396 @T t=115912 s=0.059 lv=-36.8 pk=-35.7 c0=17.1 c1=15.2 kw=13.74 inf=3.48 iv=1.56 n=4 d=5 sk=0 hf=95920 hm=78660 ht=283428 pf=0 pm=0 pt=0 ru=235628 rp=252888
23:24:46.396 @T t=115998 s=0.028 lv=-31.6 pk=-28.8 c0=16.1 c1=13.7 kw=11.91 inf=3.22 iv=1.75 n=3 d=5 sk=0 hf=95920 hm=78660 ht=283428 pf=0 pm=0 pt=0 ru=235628 rp=252888
23:24:46.396 @T t=116104 s=0.012 lv=-30.4 pk=-28.1 c0=14.1 c1=10.8 kw=9.76 inf=3.20 iv=1.51 n=3 d=5 sk=0 hf=95920 hm=78660 ht=283428 pf=0 pm=0 pt=0 ru=235628 rp=252888
23:24:46.396 @I ww=marvin cut=0.50 win=5 cool=1000 tick=100 wifi=1 srv=1 li=0 ln=0
23:24:46.396 @T t=116198 s=0.002 lv=-37.7 pk=-36.1 c0=17.6 c1=15.1 kw=13.23 inf=2.92 iv=1.57 n=4 d=5 sk=0 hf=94360 hm=78660 ht=283428 pf=0 pm=0 pt=0 ru=237188 rp=252888
23:24:46.396 @T t=116304 s=0.000 lv=-38.6 pk=-37.3 c0=14.9 c1=11.4 kw=9.98 inf=3.28 iv=1.55 n=3 d=5 sk=0 hf=94360 hm=78660 ht=283428 pf=0 pm=0 pt=0 ru=237188 rp=252888
23:24:46.396 @T t=116395 s=0.000 lv=-37.5 pk=-35.5 c0=17.6 c1=14.4 kw=12.57 inf=3.56 iv=1.79 n=3 d=5 sk=0 hf=94360 hm=78660 ht=283428 pf=0 pm=0 pt=0 ru=237188 rp=252888
23:24:46.396 @T t=116501 s=0.000 lv=-35.9 pk=-33.2 c0=14.6 c1=12.8 kw=11.33 inf=2.82 iv=1.53 n=4 d=5 sk=0 hf=94360 hm=78660 ht=283428 pf=0 pm=0 pt=0 ru=237188 rp=252888
23:24:46.396 @T t=116611 s=0.000 lv=-37.8 pk=-34.9 c0=16.3 c1=12.9 kw=11.62 inf=2.98 iv=1.42 n=4 d=5 sk=0 hf=92576 hm=78660 ht=283428 pf=0 pm=0 pt=0 ru=238972 rp=252888
23:24:46.396 @T t=116697 s=0.000 lv=-37.8 pk=-36.7 c0=14.9 c1=10.6 kw=8.84 inf=3.50 iv=1.43 n=2 d=5 sk=0 hf=94360 hm=78660 ht=283428 pf=0 pm=0 pt=0 ru=237188 rp=252888
23:24:46.396 I (117172) stream: stream finished (silence): 1500 ms of audio sent (23 KB)
23:24:46.396 @T t=116803 s=0.000 lv=-34.7 pk=-33.6 c0=17.7 c1=12.6 kw=10.93 inf=2.71 iv=1.42 n=4 d=5 sk=0 hf=94360 hm=78660 ht=283428 pf=0 pm=0 pt=0 ru=237188 rp=252888
23:24:46.396 @T t=116909 s=0.000 lv=-36.1 pk=-34.3 c0=4.0 c1=11.5 kw=11.02 inf=2.70 iv=1.24 n=4 d=5 sk=0 hf=95920 hm=78660 ht=283428 pf=0 pm=0 pt=0 ru=235628 rp=252888
23:24:46.396 @T t=116995 s=0.000 lv=-36.0 pk=-32.8 c0=4.3 c1=8.1 kw=7.89 inf=3.11 iv=1.20 n=2 d=5 sk=0 hf=95920 hm=78660 ht=283428 pf=0 pm=0 pt=0 ru=235628 rp=252888
23:24:46.396 @T t=117101 s=0.000 lv=-37.7 pk=-36.4 c0=5.1 c1=9.6 kw=9.35 inf=2.30 iv=1.11 n=4 d=5 sk=0 hf=94356 hm=78660 ht=283428 pf=0 pm=0 pt=0 ru=237192 rp=252888
23:24:46.396 @I ww=marvin cut=0.50 win=5 cool=1000 tick=100 wifi=1 srv=1 li=0 ln=0
23:24:46.396 @T t=117213 s=0.000 lv=-37.0 pk=-34.9 c0=5.7 c1=10.5 kw=9.96 inf=2.57 iv=1.12 n=4 d=5 sk=0 hf=95920 hm=78660 ht=283428 pf=0 pm=0 pt=0 ru=235628 rp=252888
23:24:48.884 I (117596) wifi:[ADDBA]RX DELBA, reason:37, delete tid:0, initiator:1(originator)
23:24:48.885 @T t=117309 s=0.000 lv=-37.2 pk=-35.6 c0=18.2 c1=9.9 kw=9.67 inf=2.86 iv=1.25 n=3 d=5 sk=0 hf=95920 hm=78660 ht=283428 pf=0 pm=0 pt=0 ru=235628 rp=252888
23:24:48.885 @T t=117395 s=0.000 lv=-37.8 pk=-36.8 c0=4.2 c1=9.3 kw=9.14 inf=2.43 iv=1.15 n=3 d=5 sk=0 hf=95920 hm=78660 ht=283428 pf=0 pm=0 pt=0 ru=235628 rp=252888
23:24:48.885 @T t=117501 s=0.000 lv=-38.7 pk=-36.8 c0=3.4 c1=8.5 kw=8.33 inf=2.71 iv=1.13 n=3 d=5 sk=0 hf=95920 hm=78660 ht=283428 pf=0 pm=0 pt=0 ru=235628 rp=252888
23:24:48.885 @T t=117607 s=0.000 lv=-36.5 pk=-34.9 c0=3.3 c1=10.7 kw=10.46 inf=2.56 iv=1.12 n=4 d=5 sk=0 hf=95920 hm=78660 ht=283428 pf=0 pm=0 pt=0 ru=235628 rp=252888
23:24:48.885 @T t=117713 s=0.000 lv=-36.6 pk=-35.8 c0=3.3 c1=8.6 kw=8.39 inf=2.73 iv=1.14 n=3 d=5 sk=0 hf=95920 hm=78660 ht=283428 pf=0 pm=0 pt=0 ru=235628 rp=252888
23:24:48.885 @T t=117799 s=0.000 lv=-37.6 pk=-36.5 c0=7.5 c1=9.4 kw=9.23 inf=2.46 iv=1.16 n=3 d=5 sk=0 hf=95920 hm=78660 ht=283428 pf=0 pm=0 pt=0 ru=235628 rp=252888
23:24:48.885 @T t=117905 s=0.000 lv=-38.4 pk=-37.2 c0=6.2 c1=9.1 kw=8.68 inf=2.78 iv=1.17 n=3 d=5 sk=0 hf=95920 hm=78660 ht=283428 pf=0 pm=0 pt=0 ru=235628 rp=252888
23:24:48.885 @T t=118011 s=0.000 lv=-36.4 pk=-35.5 c0=6.6 c1=10.9 kw=10.89 inf=2.70 iv=1.25 n=4 d=5 sk=0 hf=95920 hm=78660 ht=283428 pf=0 pm=0 pt=0 ru=235628 rp=252888
23:24:48.885 @T t=118097 s=0.000 lv=-37.4 pk=-35.6 c0=4.2 c1=9.4 kw=9.20 inf=2.45 iv=1.15 n=3 d=5 sk=0 hf=95920 hm=78660 ht=283428 pf=0 pm=0 pt=0 ru=235628 rp=252888
23:24:48.885 @I ww=marvin cut=0.50 win=5 cool=1000 tick=100 wifi=1 srv=1 li=0 ln=0
23:24:48.885 @T t=118209 s=0.000 lv=-33.1 pk=-29.9 c0=4.4 c1=10.2 kw=10.01 inf=2.59 iv=1.16 n=4 d=5 sk=0 hf=95920 hm=78660 ht=283428 pf=0 pm=0 pt=0 ru=235628 rp=252888
23:24:48.885 @T t=118295 s=0.000 lv=-33.0 pk=-32.4 c0=4.2 c1=9.4 kw=9.22 inf=2.45 iv=1.17 n=3 d=5 sk=0 hf=95920 hm=78660 ht=283428 pf=0 pm=0 pt=0 ru=235628 rp=252888
23:24:48.885 @T t=118401 s=0.000 lv=-35.3 pk=-34.2 c0=3.3 c1=8.5 kw=8.33 inf=2.71 iv=1.13 n=3 d=5 sk=0 hf=95920 hm=78660 ht=283428 pf=0 pm=0 pt=0 ru=235628 rp=252888
23:24:48.885 @T t=118507 s=0.000 lv=-38.7 pk=-36.9 c0=3.4 c1=10.7 kw=10.47 inf=2.57 iv=1.13 n=4 d=5 sk=0 hf=95920 hm=78660 ht=283428 pf=0 pm=0 pt=0 ru=235628 rp=252888
23:24:48.885 @T t=118613 s=0.000 lv=-39.3 pk=-38.7 c0=6.0 c1=8.6 kw=8.40 inf=2.73 iv=1.14 n=3 d=5 sk=0 hf=95920 hm=78660 ht=283428 pf=0 pm=0 pt=0 ru=235628 rp=252888
23:24:48.885 @T t=118699 s=0.000 lv=-39.8 pk=-38.5 c0=4.0 c1=9.3 kw=9.09 inf=2.42 iv=1.13 n=3 d=5 sk=0 hf=95920 hm=78660 ht=283428 pf=0 pm=0 pt=0 ru=235628 rp=252888
23:24:48.885 I (119109) stream: server: {"type":"response","text":"Open the door.","saved":"20260928_232444_454_e072a1d53274_marvin.wav"}
23:24:48.885 @T t=118805 s=0.000 lv=-40.1 pk=-38.0 c0=11.0 c1=10.2 kw=9.43 inf=3.04 iv=1.37 n=3 d=5 sk=0 hf=95920 hm=78660 ht=283428 pf=0 pm=0 pt=0 ru=235628 rp=252888
23:24:48.885 @T t=118911 s=0.000 lv=-37.7 pk=-36.8 c0=3.7 c1=10.7 kw=10.68 inf=2.65 iv=1.21 n=4 d=5 sk=0 hf=95920 hm=78660 ht=283428 pf=0 pm=0 pt=0 ru=235628 rp=252888
23:24:48.885 @T t=118997 s=0.000 lv=-40.0 pk=-39.6 c0=4.2 c1=9.2 kw=9.01 inf=2.39 iv=1.12 n=3 d=5 sk=0 hf=95920 hm=78660 ht=283428 pf=0 pm=0 pt=0 ru=235628 rp=252888
23:24:48.885 @T t=119103 s=0.000 lv=-38.7 pk=-38.1 c0=3.7 c1=8.6 kw=8.36 inf=2.72 iv=1.14 n=3 d=5 sk=0 hf=95920 hm=78660 ht=283428 pf=0 pm=0 pt=0 ru=235628 rp=252888
23:24:48.885 @I ww=marvin cut=0.50 win=5 cool=1000 tick=100 wifi=1 srv=1 li=0 ln=0
23:24:48.885 @T t=119197 s=0.000 lv=-38.3 pk=-36.5 c0=4.6 c1=11.0 kw=10.77 inf=2.35 iv=1.14 n=4 d=5 sk=0 hf=95920 hm=78660 ht=283428 pf=0 pm=0 pt=0 ru=235628 rp=252888
23:24:48.885 @T t=119303 s=0.000 lv=-38.5 pk=-36.8 c0=3.4 c1=8.5 kw=8.35 inf=2.72 iv=1.13 n=3 d=5 sk=0 hf=95920 hm=78660 ht=283428 pf=0 pm=0 pt=0 ru=235628 rp=252888
23:24:48.885 @T t=119412 s=0.000 lv=-37.9 pk=-37.2 c0=3.2 c1=10.4 kw=10.22 inf=2.57 iv=1.12 n=4 d=5 sk=0 hf=95920 hm=78660 ht=283428 pf=0 pm=0 pt=0 ru=235628 rp=252888
23:24:48.885 @T t=119498 s=0.000 lv=-39.0 pk=-37.4 c0=7.2 c1=9.2 kw=9.01 inf=2.39 iv=1.12 n=3 d=5 sk=0 hf=95920 hm=78660 ht=283428 pf=0 pm=0 pt=0 ru=235628 rp=252888
23:24:48.886 @T t=119604 s=0.000 lv=-38.6 pk=-37.2 c0=3.4 c1=8.4 kw=8.23 inf=2.68 iv=1.10 n=3 d=5 sk=0 hf=95920 hm=78660 ht=283428 pf=0 pm=0 pt=0 ru=235628 rp=252888
23:24:50.971 @T t=119713 s=0.000 lv=-26.9 pk=-24.1 c0=8.7 c1=10.5 kw=10.27 inf=2.58 iv=1.11 n=4 d=5 sk=0 hf=95920 hm=78660 ht=283428 pf=0 pm=0 pt=0 ru=235628 rp=252888
23:24:50.971 @T t=119799 s=0.000 lv=-26.2 pk=-24.7 c0=8.5 c1=10.4 kw=9.77 inf=2.61 iv=1.27 n=3 d=5 sk=0 hf=95920 hm=78660 ht=283428 pf=0 pm=0 pt=0 ru=235628 rp=252888
23:24:50.971 @T t=119905 s=0.002 lv=-35.8 pk=-30.6 c0=3.6 c1=9.1 kw=8.70 inf=2.79 iv=1.18 n=3 d=5 sk=0 hf=95920 hm=78660 ht=283428 pf=0 pm=0 pt=0 ru=235628 rp=252888
23:24:50.971 @T t=120014 s=0.046 lv=-34.4 pk=-33.0 c0=8.9 c1=10.7 kw=10.63 inf=2.72 iv=1.28 n=4 d=5 sk=0 hf=95920 hm=78660 ht=283428 pf=0 pm=0 pt=0 ru=235628 rp=252888
23:24:50.971 @T t=120100 s=0.046 lv=-36.9 pk=-36.0 c0=4.0 c1=9.4 kw=9.22 inf=2.45 iv=1.18 n=3 d=5 sk=0 hf=95920 hm=78660 ht=283428 pf=0 pm=0 pt=0 ru=235628 rp=252888
23:24:50.971 @I ww=marvin cut=0.50 win=5 cool=1000 tick=100 wifi=1 srv=1 li=0 ln=0
23:24:50.971 @T t=120211 s=0.251 lv=-36.5 pk=-33.6 c0=3.9 c1=10.3 kw=10.08 inf=2.59 iv=1.14 n=4 d=5 sk=0 hf=95920 hm=78660 ht=283428 pf=0 pm=0 pt=0 ru=235628 rp=252888
23:24:50.971 I (120647) kws: >>> WAKE WORD "marvin" DETECTED  (score 0.58, t = 120.27 s)
23:24:50.971 I (120667) stream: first audio sent 18 ms after the detection
23:24:50.971 @T t=120297 s=0.580 lv=-40.2 pk=-39.9 c0=11.7 c1=10.5 kw=8.42 inf=3.32 iv=1.30 n=2 d=6 sk=0 hf=92080 hm=78660 ht=283428 pf=0 pm=0 pt=0 ru=239468 rp=252888
23:24:50.971 I (120749) wifi:[ADDBA]RX DELBA, reason:37, delete tid:0, initiator:1(originator)
23:24:50.971 @T t=120403 s=0.685 lv=-38.4 pk=-36.4 c0=20.3 c1=13.7 kw=11.90 inf=2.97 iv=1.65 n=4 d=6 sk=0 hf=95920 hm=78660 ht=283428 pf=0 pm=0 pt=0 ru=235628 rp=252888
23:24:50.971 @T t=120511 s=0.794 lv=-39.9 pk=-38.4 c0=16.5 c1=14.7 kw=12.92 inf=3.26 iv=1.65 n=4 d=6 sk=0 hf=95920 hm=78660 ht=283428 pf=0 pm=0 pt=0 ru=235628 rp=252888
23:24:50.971 @T t=120597 s=0.534 lv=-32.3 pk=-27.6 c0=18.2 c1=10.6 kw=9.54 inf=3.81 iv=1.53 n=2 d=6 sk=0 hf=95920 hm=78660 ht=283428 pf=0 pm=0 pt=0 ru=235628 rp=252888
23:24:50.971 @T t=120703 s=0.503 lv=-31.6 pk=-27.5 c0=14.2 c1=12.9 kw=11.71 inf=2.92 iv=1.58 n=4 d=6 sk=0 hf=95920 hm=78660 ht=283428 pf=0 pm=0 pt=0 ru=235628 rp=252888
23:24:50.971 @T t=120812 s=0.217 lv=-36.6 pk=-35.8 c0=19.3 c1=13.5 kw=12.51 inf=3.18 iv=1.59 n=4 d=6 sk=0 hf=84400 hm=78660 ht=283428 pf=0 pm=0 pt=0 ru=247148 rp=252888
23:24:50.971 @T t=120898 s=0.070 lv=-28.0 pk=-25.7 c0=15.5 c1=11.2 kw=9.49 inf=3.79 iv=1.64 n=2 d=6 sk=0 hf=95920 hm=78660 ht=283428 pf=0 pm=0 pt=0 ru=235628 rp=252888
23:24:50.971 I (121347) wake_word: score event: peak 0.79 over 630 ms -> detected
23:24:50.971 @T t=121004 s=0.003 lv=-29.4 pk=-26.7 c0=15.4 c1=13.6 kw=12.78 inf=3.20 iv=1.57 n=4 d=6 sk=0 hf=95920 hm=78660 ht=283428 pf=0 pm=0 pt=0 ru=235628 rp=252888
23:24:50.971 @T t=121113 s=0.000 lv=-35.8 pk=-34.3 c0=16.4 c1=14.6 kw=12.46 inf=3.17 iv=1.56 n=4 d=6 sk=0 hf=95920 hm=78660 ht=283428 pf=0 pm=0 pt=0 ru=235628 rp=252888
23:24:50.971 @I ww=marvin cut=0.50 win=5 cool=1000 tick=100 wifi=1 srv=1 li=0 ln=0
23:24:50.971 [status] up 121s | mic -35.3 dBFS (peak -23.4) | score max 0.94 | detections 6 | inferences 295 (29.5/s; model 1.31 ms each, paused in quiet 13%; features 1.47 ms per 30 ms) | CPU core0  9.0% core1 10.2% (wake word pipeline 9.55% of one core) | RAM used 230 KB (peak 246 KB, 88 KB free) | wifi OK, server OK | audio lost since boot: i2s 0 net 0
23:24:50.971 @T t=121197 s=0.000 lv=-34.6 pk=-33.5 c0=22.8 c1=10.9 kw=9.30 inf=3.60 iv=1.46 n=2 d=6 sk=0 hf=95940 hm=78660 ht=283428 pf=0 pm=0 pt=0 ru=235608 rp=252888
23:24:50.971 @T t=121303 s=0.000 lv=-35.9 pk=-34.3 c0=14.4 c1=12.3 kw=11.12 inf=2.76 iv=1.43 n=4 d=6 sk=0 hf=92100 hm=78660 ht=283428 pf=0 pm=0 pt=0 ru=239448 rp=252888
23:24:50.971 @T t=121412 s=0.000 lv=-34.3 pk=-32.3 c0=15.5 c1=13.3 kw=12.39 inf=3.15 iv=1.52 n=4 d=6 sk=0 hf=92304 hm=78660 ht=283428 pf=0 pm=0 pt=0 ru=239244 rp=252888
23:24:50.971 @T t=121498 s=0.000 lv=-35.7 pk=-34.6 c0=14.0 c1=9.6 kw=8.91 inf=3.54 iv=1.46 n=2 d=6 sk=0 hf=86580 hm=78660 ht=283428 pf=0 pm=0 pt=0 ru=244968 rp=252888
23:24:50.971 @T t=121604 s=0.000 lv=-35.8 pk=-35.1 c0=15.1 c1=12.9 kw=11.60 inf=2.89 iv=1.57 n=4 d=6 sk=0 hf=89700 hm=78660 ht=283428 pf=0 pm=0 pt=0 ru=241848 rp=252888
23:24:50.971 @T t=121712 s=0.000 lv=-37.0 pk=-34.2 c0=11.4 c1=12.3 kw=11.54 inf=2.89 iv=1.34 n=4 d=6 sk=0 hf=80380 hm=78176 ht=283428 pf=0 pm=0 pt=0 ru=251188 rp=253372
23:24:50.971 I (122150) stream: stream finished (silence): 1500 ms of audio sent (23 KB)
23:24:53.376 @T t=121800 s=0.000 lv=-39.3 pk=-38.8 c0=25.3 c1=12.2 kw=9.29 inf=3.78 iv=1.68 n=2 d=6 sk=0 hf=95940 hm=78176 ht=283428 pf=0 pm=0 pt=0 ru=235608 rp=253372
23:24:53.377 @T t=121906 s=0.000 lv=-39.0 pk=-37.4 c0=3.6 c1=10.8 kw=10.60 inf=2.60 iv=1.15 n=4 d=6 sk=0 hf=95940 hm=78176 ht=283428 pf=0 pm=0 pt=0 ru=235608 rp=253372
23:24:53.377 @T t=122012 s=0.000 lv=-35.0 pk=-32.5 c0=4.1 c1=9.9 kw=9.68 inf=2.39 iv=1.18 n=4 d=6 sk=0 hf=95744 hm=78176 ht=283428 pf=0 pm=0 pt=0 ru=235804 rp=253372
23:24:53.377 @T t=122098 s=0.000 lv=-37.8 pk=-37.3 c0=4.4 c1=8.1 kw=7.95 inf=3.13 iv=1.21 n=2 d=6 sk=0 hf=95940 hm=78176 ht=283428 pf=0 pm=0 pt=0 ru=235608 rp=253372
23:24:53.377 @I ww=marvin cut=0.50 win=5 cool=1000 tick=100 wifi=1 srv=1 li=0 ln=0
23:24:53.377 @T t=122209 s=0.000 lv=-37.5 pk=-36.1 c0=3.9 c1=10.2 kw=9.93 inf=2.54 iv=1.11 n=4 d=6 sk=0 hf=95940 hm=78176 ht=283428 pf=0 pm=0 pt=0 ru=235608 rp=253372
23:24:53.377 @T t=122295 s=0.000 lv=-36.4 pk=-35.8 c0=4.2 c1=9.5 kw=9.26 inf=2.47 iv=1.16 n=3 d=6 sk=0 hf=95940 hm=78176 ht=283428 pf=0 pm=0 pt=0 ru=235608 rp=253372
23:24:53.377 @T t=122401 s=0.000 lv=-37.3 pk=-34.6 c0=6.0 c1=8.5 kw=8.32 inf=2.70 iv=1.12 n=3 d=6 sk=0 hf=95940 hm=78176 ht=283428 pf=0 pm=0 pt=0 ru=235608 rp=253372
23:24:53.377 @T t=122507 s=0.000 lv=-39.6 pk=-38.1 c0=6.1 c1=10.7 kw=10.44 inf=2.56 iv=1.12 n=4 d=6 sk=0 hf=95940 hm=78176 ht=283428 pf=0 pm=0 pt=0 ru=235608 rp=253372
23:24:53.377 @T t=122613 s=0.000 lv=-37.5 pk=-36.3 c0=6.0 c1=9.5 kw=9.33 inf=2.30 iv=1.10 n=4 d=6 sk=0 hf=95940 hm=78176 ht=283428 pf=0 pm=0 pt=0 ru=235608 rp=253372
23:24:53.377 @T t=122699 s=0.000 lv=-40.5 pk=-40.4 c0=4.0 c1=8.0 kw=7.86 inf=3.09 iv=1.18 n=2 d=6 sk=0 hf=95940 hm=78176 ht=283428 pf=0 pm=0 pt=0 ru=235608 rp=253372
23:24:53.377 @T t=122805 s=0.000 lv=-37.5 pk=-35.1 c0=3.9 c1=10.2 kw=9.81 inf=2.38 iv=1.17 n=4 d=6 sk=0 hf=95940 hm=78176 ht=283428 pf=0 pm=0 pt=0 ru=235608 rp=253372
23:24:53.377 @T t=122911 s=0.000 lv=-37.8 pk=-34.6 c0=3.8 c1=11.1 kw=10.67 inf=2.65 iv=1.19 n=4 d=6 sk=0 hf=95940 hm=78176 ht=283428 pf=0 pm=0 pt=0 ru=235608 rp=253372
23:24:53.377 @T t=122997 s=0.000 lv=-37.6 pk=-36.0 c0=4.3 c1=8.1 kw=7.89 inf=3.11 iv=1.19 n=2 d=6 sk=0 hf=95940 hm=78176 ht=283428 pf=0 pm=0 pt=0 ru=235608 rp=253372
23:24:53.377 @T t=123103 s=0.000 lv=-38.5 pk=-37.8 c0=3.4 c1=9.5 kw=9.35 inf=2.30 iv=1.11 n=4 d=6 sk=0 hf=95940 hm=78176 ht=283428 pf=0 pm=0 pt=0 ru=235608 rp=253372
23:24:53.377 @I ww=marvin cut=0.50 win=5 cool=1000 tick=100 wifi=1 srv=1 li=0 ln=0
23:24:53.377 @T t=123197 s=0.000 lv=-38.1 pk=-36.5 c0=4.5 c1=9.6 kw=9.39 inf=2.70 iv=1.12 n=3 d=6 sk=0 hf=95940 hm=78176 ht=283428 pf=0 pm=0 pt=0 ru=235608 rp=253372
23:24:53.377 @T t=123303 s=0.000 lv=-37.2 pk=-35.7 c0=3.4 c1=8.6 kw=8.39 inf=2.73 iv=1.14 n=3 d=6 sk=0 hf=95940 hm=78176 ht=283428 pf=0 pm=0 pt=0 ru=235608 rp=253372
23:24:53.377 @T t=123411 s=0.000 lv=-38.3 pk=-36.6 c0=3.1 c1=10.4 kw=10.17 inf=2.53 iv=1.10 n=4 d=6 sk=0 hf=95940 hm=78176 ht=283428 pf=0 pm=0 pt=0 ru=235608 rp=253372
23:24:53.377 @T t=123497 s=0.000 lv=-40.2 pk=-39.9 c0=4.0 c1=9.2 kw=9.01 inf=2.39 iv=1.12 n=3 d=6 sk=0 hf=95940 hm=78176 ht=283428 pf=0 pm=0 pt=0 ru=235608 rp=253372
23:24:53.377 @T t=123603 s=0.000 lv=-39.2 pk=-38.3 c0=6.0 c1=6.5 kw=6.36 inf=2.02 iv=1.38 n=1 d=6 sk=2 hf=95940 hm=78176 ht=283428 pf=0 pm=0 pt=0 ru=235608 rp=253372
23:24:53.377 I (124046) stream: server: {"type":"response","text":"What time is it?","saved":"20260928_232449_434_e072a1d53274_marvin.wav"}
23:24:53.377 @T t=123711 s=0.000 lv=-37.6 pk=-35.8 c0=10.2 c1=6.5 kw=6.33 inf=1.41 iv=0.00 n=0 d=6 sk=4 hf=95940 hm=78176 ht=283428 pf=0 pm=0 pt=0 ru=235608 rp=253372
23:24:53.377 @T t=123797 s=0.000 lv=-36.4 pk=-35.1 c0=4.7 c1=5.1 kw=4.95 inf=1.85 iv=0.00 n=0 d=6 sk=2 hf=95940 hm=78176 ht=283428 pf=0 pm=0 pt=0 ru=235608 rp=253372
23:24:53.377 @T t=123903 s=0.000 lv=-37.8 pk=-36.8 c0=3.3 c1=5.1 kw=4.96 inf=1.53 iv=0.00 n=0 d=6 sk=3 hf=95940 hm=78176 ht=283428 pf=0 pm=0 pt=0 ru=235608 rp=253372
23:24:53.377 @T t=124008 s=0.000 lv=-39.5 pk=-38.8 c0=3.2 c1=6.2 kw=6.03 inf=1.38 iv=0.00 n=0 d=6 sk=4 hf=95940 hm=78176 ht=283428 pf=0 pm=0 pt=0 ru=235608 rp=253372
23:24:53.377 @T t=124114 s=0.000 lv=-39.9 pk=-39.0 c0=6.7 c1=5.1 kw=4.98 inf=1.53 iv=0.00 n=0 d=6 sk=3 hf=95940 hm=78176 ht=283428 pf=0 pm=0 pt=0 ru=235608 rp=253372
23:24:53.377 @I ww=marvin cut=0.50 win=5 cool=1000 tick=100 wifi=1 srv=1 li=0 ln=0
23:24:55.884 @T t=124205 s=0.000 lv=-39.4 pk=-38.5 c0=4.5 c1=5.8 kw=5.70 inf=1.52 iv=0.00 n=0 d=6 sk=3 hf=95940 hm=78176 ht=283428 pf=0 pm=0 pt=0 ru=235608 rp=253372
23:24:55.884 @T t=124312 s=0.000 lv=-38.1 pk=-36.0 c0=3.1 c1=5.1 kw=4.91 inf=1.51 iv=0.00 n=0 d=6 sk=3 hf=95940 hm=78176 ht=283428 pf=0 pm=0 pt=0 ru=235608 rp=253372
23:24:55.884 @T t=124397 s=0.000 lv=-37.9 pk=-36.9 c0=3.7 c1=5.0 kw=4.87 inf=1.83 iv=0.00 n=0 d=6 sk=2 hf=95940 hm=78176 ht=283428 pf=0 pm=0 pt=0 ru=235608 rp=253372
23:24:55.884 @T t=124503 s=0.000 lv=-38.7 pk=-37.6 c0=3.0 c1=5.1 kw=4.92 inf=1.51 iv=0.00 n=0 d=6 sk=3 hf=95940 hm=78176 ht=283428 pf=0 pm=0 pt=0 ru=235608 rp=253372
23:24:55.884 @T t=124609 s=0.000 lv=-38.2 pk=-36.9 c0=3.0 c1=6.1 kw=5.91 inf=1.36 iv=0.00 n=0 d=6 sk=4 hf=95940 hm=78176 ht=283428 pf=0 pm=0 pt=0 ru=235608 rp=253372
23:24:55.884 @T t=124696 s=0.000 lv=-37.3 pk=-35.0 c0=7.3 c1=6.0 kw=5.01 inf=1.87 iv=0.00 n=0 d=6 sk=2 hf=95940 hm=78176 ht=283428 pf=0 pm=0 pt=0 ru=235608 rp=253372
23:24:55.884 @T t=124802 s=0.000 lv=-30.8 pk=-26.8 c0=4.0 c1=15.3 kw=15.16 inf=1.18 iv=0.96 n=11 d=6 sk=2 hf=95940 hm=78176 ht=283428 pf=0 pm=0 pt=0 ru=235608 rp=253372
23:24:55.884 @T t=124908 s=0.000 lv=-26.5 pk=-25.3 c0=6.3 c1=10.7 kw=10.47 inf=2.56 iv=1.12 n=4 d=6 sk=0 hf=95940 hm=78176 ht=283428 pf=0 pm=0 pt=0 ru=235608 rp=253372
23:24:55.884 @T t=125014 s=0.002 lv=-35.3 pk=-31.5 c0=6.2 c1=8.8 kw=8.57 inf=2.80 iv=1.19 n=3 d=6 sk=0 hf=95940 hm=78176 ht=283428 pf=0 pm=0 pt=0 ru=235608 rp=253372
23:24:55.884 @T t=125100 s=0.010 lv=-34.7 pk=-32.8 c0=4.1 c1=9.5 kw=9.33 inf=2.49 iv=1.20 n=3 d=6 sk=0 hf=95940 hm=78176 ht=283428 pf=0 pm=0 pt=0 ru=235608 rp=253372
23:24:55.884 @I ww=marvin cut=0.50 win=5 cool=1000 tick=100 wifi=1 srv=1 li=0 ln=0
23:24:55.884 @T t=125211 s=0.015 lv=-36.7 pk=-34.4 c0=4.3 c1=10.7 kw=10.42 inf=2.68 iv=1.22 n=4 d=6 sk=0 hf=95940 hm=78176 ht=283428 pf=0 pm=0 pt=0 ru=235608 rp=253372
23:24:55.884 @T t=125297 s=0.059 lv=-37.2 pk=-35.3 c0=4.3 c1=8.3 kw=8.14 inf=3.22 iv=1.28 n=2 d=6 sk=0 hf=95940 hm=78176 ht=283428 pf=0 pm=0 pt=0 ru=235608 rp=253372
23:24:55.884 @T t=125403 s=0.192 lv=-38.0 pk=-35.4 c0=3.4 c1=9.8 kw=9.60 inf=2.37 iv=1.16 n=4 d=6 sk=0 hf=95940 hm=78176 ht=283428 pf=0 pm=0 pt=0 ru=235608 rp=253372
23:24:55.884 @T t=125509 s=0.267 lv=-37.4 pk=-36.0 c0=3.4 c1=11.0 kw=10.73 inf=2.62 iv=1.18 n=4 d=6 sk=0 hf=95940 hm=78176 ht=283428 pf=0 pm=0 pt=0 ru=235608 rp=253372
23:24:55.884 @T t=125595 s=0.144 lv=-35.9 pk=-34.8 c0=4.2 c1=8.3 kw=8.11 inf=3.20 iv=1.27 n=2 d=6 sk=0 hf=95940 hm=78176 ht=283428 pf=0 pm=0 pt=0 ru=235608 rp=253372
23:24:55.884 I (126067) wake_word: score event: peak 0.27 over 150 ms -> not detected (below threshold or in cool-down)
23:24:55.884 @T t=125701 s=0.030 lv=-36.2 pk=-34.7 c0=3.8 c1=11.5 kw=11.61 inf=2.90 iv=1.21 n=4 d=6 sk=0 hf=95940 hm=78176 ht=283428 pf=0 pm=0 pt=0 ru=235608 rp=253372
23:24:55.884 @T t=125807 s=0.036 lv=-37.3 pk=-35.7 c0=6.6 c1=10.9 kw=10.67 inf=2.62 iv=1.18 n=4 d=6 sk=0 hf=95940 hm=78176 ht=283428 pf=0 pm=0 pt=0 ru=235608 rp=253372
23:24:55.884 @T t=125913 s=0.034 lv=-34.6 pk=-29.8 c0=6.1 c1=8.8 kw=8.62 inf=2.81 iv=1.21 n=3 d=6 sk=0 hf=95940 hm=78176 ht=283428 pf=0 pm=0 pt=0 ru=235608 rp=253372
23:24:55.884 @T t=125999 s=0.016 lv=-38.1 pk=-37.7 c0=4.3 c1=9.5 kw=9.31 inf=2.48 iv=1.19 n=3 d=6 sk=0 hf=95940 hm=78176 ht=283428 pf=0 pm=0 pt=0 ru=235608 rp=253372
23:24:55.884 @T t=126105 s=0.000 lv=-32.1 pk=-26.2 c0=3.4 c1=8.9 kw=8.53 inf=2.74 iv=1.13 n=3 d=6 sk=0 hf=95940 hm=78176 ht=283428 pf=0 pm=0 pt=0 ru=235608 rp=253372
23:24:55.884 @I ww=marvin cut=0.50 win=5 cool=1000 tick=100 wifi=1 srv=1 li=0 ln=0
23:24:55.884 @T t=126200 s=0.000 lv=-18.8 pk=-18.1 c0=4.6 c1=9.7 kw=9.71 inf=2.88 iv=1.28 n=3 d=6 sk=0 hf=95940 hm=78176 ht=283428 pf=0 pm=0 pt=0 ru=235608 rp=253372
23:24:55.884 @T t=126306 s=0.000 lv=-27.3 pk=-20.2 c0=3.8 c1=11.1 kw=10.82 inf=2.65 iv=1.20 n=4 d=6 sk=0 hf=95940 hm=78176 ht=283428 pf=0 pm=0 pt=0 ru=235608 rp=253372
23:24:55.884 @T t=126412 s=0.000 lv=-37.9 pk=-35.4 c0=3.4 c1=9.5 kw=9.32 inf=2.29 iv=1.11 n=4 d=6 sk=0 hf=95940 hm=78176 ht=283428 pf=0 pm=0 pt=0 ru=235608 rp=253372
23:24:55.884 @T t=126498 s=0.000 lv=-38.9 pk=-37.0 c0=4.0 c1=8.1 kw=7.88 inf=3.11 iv=1.19 n=2 d=6 sk=0 hf=95940 hm=78176 ht=283428 pf=0 pm=0 pt=0 ru=235608 rp=253372
23:24:55.884 @T t=126604 s=0.000 lv=-38.9 pk=-37.2 c0=3.4 c1=9.6 kw=9.38 inf=2.31 iv=1.11 n=4 d=6 sk=0 hf=95940 hm=78176 ht=283428 pf=0 pm=0 pt=0 ru=235608 rp=253372
23:24:58.373 @T t=126713 s=0.000 lv=-38.8 pk=-36.6 c0=11.9 c1=11.2 kw=10.65 inf=2.68 iv=1.20 n=4 d=6 sk=0 hf=95940 hm=78176 ht=283428 pf=0 pm=0 pt=0 ru=235608 rp=253372
23:24:58.373 @T t=126799 s=0.000 lv=-38.5 pk=-37.7 c0=5.0 c1=8.5 kw=8.31 inf=3.28 iv=1.32 n=2 d=6 sk=0 hf=95940 hm=78176 ht=283428 pf=0 pm=0 pt=0 ru=235608 rp=253372
23:24:58.373 @T t=126905 s=0.000 lv=-37.7 pk=-35.9 c0=3.5 c1=10.0 kw=9.61 inf=2.34 iv=1.13 n=4 d=6 sk=0 hf=95940 hm=78176 ht=283428 pf=0 pm=0 pt=0 ru=235608 rp=253372
23:24:58.373 @T t=127011 s=0.000 lv=-39.8 pk=-37.9 c0=3.5 c1=10.8 kw=10.36 inf=2.57 iv=1.13 n=4 d=6 sk=0 hf=95940 hm=78176 ht=283428 pf=0 pm=0 pt=0 ru=235608 rp=253372
23:24:58.373 @T t=127097 s=0.000 lv=-40.0 pk=-39.1 c0=7.4 c1=8.0 kw=7.84 inf=3.09 iv=1.18 n=2 d=6 sk=0 hf=95940 hm=78176 ht=283428 pf=0 pm=0 pt=0 ru=235608 rp=253372
23:24:58.373 @I ww=marvin cut=0.50 win=5 cool=1000 tick=100 wifi=1 srv=1 li=0 ln=0
23:24:58.373 @T t=127208 s=0.000 lv=-40.9 pk=-40.4 c0=10.8 c1=10.1 kw=9.92 inf=2.54 iv=1.11 n=4 d=6 sk=0 hf=95940 hm=78176 ht=283428 pf=0 pm=0 pt=0 ru=235608 rp=253372
23:24:58.373 @T t=127314 s=0.000 lv=-40.9 pk=-40.1 c0=6.1 c1=9.7 kw=9.47 inf=2.33 iv=1.13 n=4 d=6 sk=0 hf=95940 hm=78176 ht=283428 pf=0 pm=0 pt=0 ru=235608 rp=253372
23:24:58.373 @T t=127400 s=0.000 lv=-41.1 pk=-40.1 c0=4.5 c1=8.0 kw=7.85 inf=3.09 iv=1.18 n=2 d=6 sk=0 hf=95940 hm=78176 ht=283428 pf=0 pm=0 pt=0 ru=235608 rp=253372
23:24:58.373 @T t=127506 s=0.000 lv=-40.4 pk=-39.8 c0=6.1 c1=10.7 kw=10.45 inf=2.56 iv=1.12 n=4 d=6 sk=0 hf=95940 hm=78176 ht=283428 pf=0 pm=0 pt=0 ru=235608 rp=253372
23:24:58.373 @T t=127612 s=0.000 lv=-40.6 pk=-40.2 c0=3.4 c1=9.5 kw=9.30 inf=2.29 iv=1.10 n=4 d=6 sk=0 hf=95940 hm=78176 ht=283428 pf=0 pm=0 pt=0 ru=235608 rp=253372
23:24:58.373 @T t=127698 s=0.000 lv=-40.8 pk=-39.1 c0=4.6 c1=8.0 kw=7.84 inf=3.09 iv=1.17 n=2 d=6 sk=0 hf=95940 hm=78176 ht=283428 pf=0 pm=0 pt=0 ru=235608 rp=253372
23:24:58.373 @T t=127804 s=0.000 lv=-40.6 pk=-39.8 c0=3.4 c1=9.6 kw=9.38 inf=2.31 iv=1.11 n=4 d=6 sk=0 hf=95940 hm=78176 ht=283428 pf=0 pm=0 pt=0 ru=235608 rp=253372
23:24:58.373 @T t=127913 s=0.000 lv=-40.2 pk=-38.5 c0=8.8 c1=6.1 kw=5.93 inf=1.87 iv=0.00 n=0 d=6 sk=3 hf=95940 hm=78176 ht=283428 pf=0 pm=0 pt=0 ru=235608 rp=253372
23:24:58.373 @T t=127999 s=0.000 lv=-40.1 pk=-39.3 c0=3.7 c1=5.0 kw=4.89 inf=1.83 iv=0.00 n=0 d=6 sk=2 hf=95940 hm=78176 ht=283428 pf=0 pm=0 pt=0 ru=235608 rp=253372
23:24:58.373 @T t=128105 s=0.000 lv=-40.3 pk=-39.2 c0=6.4 c1=5.4 kw=5.07 inf=1.53 iv=0.00 n=0 d=6 sk=3 hf=95940 hm=78176 ht=283428 pf=0 pm=0 pt=0 ru=235608 rp=253372
23:24:58.373 @I ww=marvin cut=0.50 win=5 cool=1000 tick=100 wifi=1 srv=1 li=0 ln=0
23:24:58.373 @T t=128196 s=0.000 lv=-39.8 pk=-37.4 c0=4.3 c1=5.9 kw=5.52 inf=1.51 iv=0.00 n=0 d=6 sk=3 hf=95940 hm=78176 ht=283428 pf=0 pm=0 pt=0 ru=235608 rp=253372
23:24:58.373 @T t=128302 s=0.000 lv=-39.0 pk=-38.0 c0=3.0 c1=5.1 kw=4.91 inf=1.51 iv=0.00 n=0 d=6 sk=3 hf=95940 hm=78176 ht=283428 pf=0 pm=0 pt=0 ru=235608 rp=253372
23:24:58.373 @T t=128408 s=0.000 lv=-40.7 pk=-40.1 c0=3.0 c1=6.1 kw=5.95 inf=1.38 iv=0.00 n=0 d=6 sk=4 hf=95940 hm=78176 ht=283428 pf=0 pm=0 pt=0 ru=235608 rp=253372
23:24:58.373 @T t=128494 s=0.000 lv=-40.0 pk=-38.2 c0=3.6 c1=5.0 kw=4.85 inf=1.82 iv=0.00 n=0 d=6 sk=2 hf=95940 hm=78176 ht=283428 pf=0 pm=0 pt=0 ru=235608 rp=253372
23:24:58.373 @T t=128601 s=0.000 lv=-39.2 pk=-37.8 c0=3.4 c1=5.2 kw=4.98 inf=1.54 iv=0.00 n=0 d=6 sk=3 hf=95940 hm=78176 ht=283428 pf=0 pm=0 pt=0 ru=235608 rp=253372
23:24:58.373 @T t=128707 s=0.000 lv=-38.5 pk=-37.8 c0=6.4 c1=6.6 kw=6.11 inf=1.41 iv=0.00 n=0 d=6 sk=4 hf=95940 hm=78176 ht=283428 pf=0 pm=0 pt=0 ru=235608 rp=253372
23:24:58.373 @T t=128813 s=0.000 lv=-38.4 pk=-37.8 c0=3.9 c1=5.2 kw=5.03 inf=1.55 iv=0.00 n=0 d=6 sk=3 hf=95940 hm=78176 ht=283428 pf=0 pm=0 pt=0 ru=235608 rp=253372
23:24:58.373 @T t=128899 s=0.000 lv=-40.0 pk=-39.2 c0=4.1 c1=5.0 kw=4.92 inf=1.84 iv=0.00 n=0 d=6 sk=2 hf=95940 hm=78176 ht=283428 pf=0 pm=0 pt=0 ru=235608 rp=253372
23:24:58.373 @T t=129005 s=0.000 lv=-39.4 pk=-38.5 c0=3.2 c1=5.4 kw=5.04 inf=1.51 iv=0.00 n=0 d=6 sk=3 hf=95940 hm=78176 ht=283428 pf=0 pm=0 pt=0 ru=235608 rp=253372
23:24:58.373 @T t=129110 s=0.000 lv=-38.2 pk=-35.1 c0=6.3 c1=6.1 kw=5.78 inf=1.82 iv=0.00 n=0 d=6 sk=3 hf=95940 hm=78176 ht=283428 pf=0 pm=0 pt=0 ru=235608 rp=253372
23:24:58.374 @I ww=marvin cut=0.50 win=5 cool=1000 tick=100 wifi=1 srv=1 li=0 ln=0
23:25:00.372 @T t=129202 s=0.000 lv=-39.4 pk=-38.5 c0=4.3 c1=4.7 kw=4.56 inf=1.83 iv=0.00 n=0 d=6 sk=2 hf=95940 hm=78176 ht=283428 pf=0 pm=0 pt=0 ru=235608 rp=253372
23:25:00.372 @T t=129309 s=0.000 lv=-38.5 pk=-37.3 c0=3.1 c1=6.1 kw=5.92 inf=1.37 iv=0.00 n=0 d=6 sk=4 hf=95940 hm=78176 ht=283428 pf=0 pm=0 pt=0 ru=235608 rp=253372
23:25:00.372 @T t=129394 s=0.000 lv=-37.2 pk=-35.8 c0=7.8 c1=5.0 kw=4.83 inf=1.81 iv=0.00 n=0 d=6 sk=2 hf=95940 hm=78176 ht=283428 pf=0 pm=0 pt=0 ru=235608 rp=253372
23:25:00.372 @T t=129500 s=0.000 lv=-36.4 pk=-35.3 c0=3.0 c1=5.0 kw=4.91 inf=1.51 iv=0.00 n=0 d=6 sk=3 hf=95940 hm=78176 ht=283428 pf=0 pm=0 pt=0 ru=235608 rp=253372
23:25:00.372 @T t=129606 s=0.000 lv=-38.6 pk=-37.2 c0=3.0 c1=6.0 kw=5.89 inf=1.36 iv=0.00 n=0 d=6 sk=4 hf=95940 hm=78176 ht=283428 pf=0 pm=0 pt=0 ru=235608 rp=253372
23:25:00.372 @T t=129713 s=0.000 lv=-39.8 pk=-39.0 c0=3.9 c1=5.2 kw=5.00 inf=1.54 iv=0.00 n=0 d=6 sk=3 hf=95940 hm=78176 ht=283428 pf=0 pm=0 pt=0 ru=235608 rp=253372
23:25:00.372 @T t=129799 s=0.000 lv=-40.1 pk=-39.0 c0=4.2 c1=5.0 kw=4.92 inf=1.84 iv=0.00 n=0 d=6 sk=2 hf=95940 hm=78176 ht=283428 pf=0 pm=0 pt=0 ru=235608 rp=253372
23:25:00.372 @T t=129905 s=0.000 lv=-40.3 pk=-38.7 c0=6.4 c1=5.4 kw=5.06 inf=1.52 iv=0.00 n=0 d=6 sk=3 hf=95940 hm=78176 ht=283428 pf=0 pm=0 pt=0 ru=235608 rp=253372
23:25:00.372 @T t=130011 s=0.000 lv=-40.6 pk=-39.5 c0=3.1 c1=6.2 kw=5.81 inf=1.83 iv=0.00 n=0 d=6 sk=3 hf=95940 hm=78176 ht=283428 pf=0 pm=0 pt=0 ru=235608 rp=253372
23:25:00.372 @T t=130096 s=0.000 lv=-40.1 pk=-38.7 c0=7.8 c1=5.0 kw=4.88 inf=1.83 iv=0.00 n=0 d=6 sk=2 hf=95940 hm=78176 ht=283428 pf=0 pm=0 pt=0 ru=235608 rp=253372
23:25:00.372 @I ww=marvin cut=0.50 win=5 cool=1000 tick=100 wifi=1 srv=1 li=0 ln=0
23:25:00.372 @T t=130208 s=0.000 lv=-39.9 pk=-39.1 c0=3.5 c1=5.7 kw=5.57 inf=1.36 iv=0.00 n=0 d=6 sk=4 hf=95940 hm=78176 ht=283428 pf=0 pm=0 pt=0 ru=235608 rp=253372
23:25:00.372 @T t=130295 s=0.000 lv=-32.4 pk=-27.7 c0=3.8 c1=15.8 kw=16.17 inf=1.11 iv=0.96 n=10 d=6 sk=2 hf=95940 hm=78176 ht=283428 pf=0 pm=0 pt=0 ru=235608 rp=253372
23:25:00.372 @T t=130401 s=0.000 lv=-25.9 pk=-24.1 c0=3.4 c1=9.0 kw=8.43 inf=2.74 iv=1.14 n=3 d=6 sk=0 hf=95940 hm=78176 ht=283428 pf=0 pm=0 pt=0 ru=235608 rp=253372
23:25:00.372 @T t=130507 s=0.000 lv=-34.8 pk=-29.3 c0=3.4 c1=10.8 kw=10.52 inf=2.58 iv=1.13 n=4 d=6 sk=0 hf=95940 hm=78176 ht=283428 pf=0 pm=0 pt=0 ru=235608 rp=253372
23:25:00.372 @T t=130613 s=0.013 lv=-35.6 pk=-34.1 c0=3.3 c1=9.8 kw=9.58 inf=2.36 iv=1.15 n=4 d=6 sk=0 hf=95940 hm=78176 ht=283428 pf=0 pm=0 pt=0 ru=235608 rp=253372
23:25:00.372 @T t=130699 s=0.022 lv=-37.2 pk=-35.2 c0=4.1 c1=8.3 kw=8.08 inf=3.19 iv=1.27 n=2 d=6 sk=0 hf=95940 hm=78176 ht=283428 pf=0 pm=0 pt=0 ru=235608 rp=253372
23:25:00.372 @T t=130806 s=0.488 lv=-38.2 pk=-36.7 c0=8.8 c1=12.7 kw=12.09 inf=3.01 iv=1.47 n=4 d=6 sk=0 hf=95940 hm=78176 ht=283428 pf=0 pm=0 pt=0 ru=235608 rp=253372
23:25:00.372 I (131208) kws: >>> WAKE WORD "marvin" DETECTED  (score 0.61, t = 130.83 s)
23:25:00.373 I (131229) stream: first audio sent 19 ms after the detection
23:25:00.373 I (131274) wifi:[ADDBA]RX DELBA, reason:37, delete tid:0, initiator:1(originator)
23:25:00.373 I (131276) wifi:[ADDBA]RX DELBA, reason:37, delete tid:0, initiator:1(originator)
23:25:00.373 @T t=130912 s=0.615 lv=-39.3 pk=-37.4 c0=21.5 c1=14.2 kw=11.70 inf=2.91 iv=1.57 n=4 d=7 sk=0 hf=92820 hm=78176 ht=283428 pf=0 pm=0 pt=0 ru=238728 rp=253372
23:25:00.373 @T t=130997 s=0.859 lv=-40.3 pk=-38.1 c0=17.4 c1=11.0 kw=9.26 inf=3.64 iv=1.52 n=2 d=7 sk=0 hf=95940 hm=78176 ht=283428 pf=0 pm=0 pt=0 ru=235608 rp=253372
23:25:00.373 @T t=131103 s=0.888 lv=-37.5 pk=-35.2 c0=13.6 c1=12.2 kw=11.52 inf=2.87 iv=1.54 n=4 d=7 sk=0 hf=92304 hm=78176 ht=283428 pf=0 pm=0 pt=0 ru=239244 rp=253372
23:25:00.373 @I ww=marvin cut=0.50 win=5 cool=1000 tick=100 wifi=1 srv=1 li=0 ln=0
23:25:00.373 [status] up 131s | mic -34.3 dBFS (peak -18.1) | score max 0.89 | detections 7 | inferences 228 (22.8/s; model 1.20 ms each, paused in quiet 32%; features 1.42 ms per 30 ms) | CPU core0  5.9% core1  8.5% (wake word pipeline 8.23% of one core) | RAM used 230 KB (peak 247 KB, 93 KB free) | wifi OK, server OK | audio lost since boot: i2s 0 net 0
23:25:00.373 [stacks] unused bytes: main=1936 IDLE1=720 IDLE0=728 tiT=1924 websocket_task=1460 audio_kws=1248 streamer=1432 esp_timer=3136 ipc1=536 sys_evt=444 wifi=3304 ipc0=528 Tmr Svc=1368
23:25:02.786 @T t=131196 s=0.614 lv=-36.8 pk=-35.3 c0=27.1 c1=13.9 kw=12.11 inf=3.50 iv=1.66 n=3 d=7 sk=0 hf=92100 hm=78176 ht=283428 pf=0 pm=0 pt=0 ru=239448 rp=253372
23:25:02.786 @T t=131302 s=0.777 lv=-37.2 pk=-34.9 c0=14.4 c1=11.6 kw=9.97 inf=3.27 iv=1.50 n=3 d=7 sk=0 hf=95940 hm=78176 ht=283428 pf=0 pm=0 pt=0 ru=235608 rp=253372
23:25:02.786 @T t=131411 s=0.765 lv=-38.5 pk=-37.9 c0=17.1 c1=13.7 kw=12.36 inf=3.14 iv=1.52 n=4 d=7 sk=0 hf=95940 hm=78176 ht=283428 pf=0 pm=0 pt=0 ru=235608 rp=253372
23:25:02.786 @T t=131497 s=0.444 lv=-39.7 pk=-39.2 c0=16.1 c1=13.9 kw=11.85 inf=3.21 iv=1.74 n=3 d=7 sk=0 hf=95940 hm=78176 ht=283428 pf=0 pm=0 pt=0 ru=235608 rp=253372
23:25:02.786 @T t=131603 s=0.016 lv=-37.8 pk=-35.9 c0=14.6 c1=11.3 kw=9.95 inf=3.27 iv=1.51 n=3 d=7 sk=0 hf=95940 hm=78176 ht=283428 pf=0 pm=0 pt=0 ru=235608 rp=253372
23:25:02.786 I (132007) wake_word: score event: peak 0.89 over 750 ms -> detected
23:25:02.786 @T t=131712 s=0.000 lv=-26.5 pk=-21.5 c0=20.4 c1=15.0 kw=13.35 inf=3.41 iv=1.49 n=4 d=7 sk=0 hf=95940 hm=78176 ht=283428 pf=0 pm=0 pt=0 ru=235608 rp=253372
23:25:02.786 @T t=131798 s=0.000 lv=-21.8 pk=-20.6 c0=18.7 c1=12.5 kw=11.02 inf=2.96 iv=1.56 n=3 d=7 sk=0 hf=95940 hm=78176 ht=283428 pf=0 pm=0 pt=0 ru=235608 rp=253372
23:25:02.786 @T t=131904 s=0.000 lv=-34.1 pk=-30.2 c0=14.3 c1=11.2 kw=10.05 inf=3.30 iv=1.57 n=3 d=7 sk=0 hf=92100 hm=78176 ht=283428 pf=0 pm=0 pt=0 ru=239448 rp=253372
23:25:02.786 @T t=132013 s=0.000 lv=-35.4 pk=-34.1 c0=16.8 c1=14.3 kw=12.59 inf=3.21 iv=1.58 n=4 d=7 sk=0 hf=95940 hm=78176 ht=283428 pf=0 pm=0 pt=0 ru=235608 rp=253372
23:25:02.786 @T t=132099 s=0.000 lv=-34.7 pk=-33.0 c0=15.8 c1=13.1 kw=11.63 inf=3.14 iv=1.66 n=3 d=7 sk=0 hf=95940 hm=78176 ht=283428 pf=0 pm=0 pt=0 ru=235608 rp=253372
23:25:02.786 @I ww=marvin cut=0.50 win=5 cool=1000 tick=100 wifi=1 srv=1 li=0 ln=0
23:25:02.786 @T t=132211 s=0.000 lv=-37.9 pk=-35.7 c0=15.7 c1=13.1 kw=12.04 inf=3.15 iv=1.59 n=4 d=7 sk=0 hf=85860 hm=78176 ht=283428 pf=0 pm=0 pt=0 ru=245688 rp=253372
23:25:02.786 @T t=132297 s=0.000 lv=-38.4 pk=-35.9 c0=15.8 c1=13.3 kw=11.26 inf=3.03 iv=1.63 n=3 d=7 sk=0 hf=95940 hm=78176 ht=283428 pf=0 pm=0 pt=0 ru=235608 rp=253372
23:25:02.786 @T t=132403 s=0.000 lv=-40.0 pk=-37.2 c0=14.5 c1=11.8 kw=10.51 inf=3.47 iv=1.69 n=3 d=7 sk=0 hf=95940 hm=78176 ht=283428 pf=0 pm=0 pt=0 ru=235608 rp=253372
23:25:02.786 I (132890) stream: stream finished (silence): 1680 ms of audio sent (26 KB)
23:25:02.786 @T t=132511 s=0.000 lv=-41.2 pk=-39.8 c0=19.7 c1=14.1 kw=12.90 inf=3.25 iv=1.66 n=4 d=7 sk=0 hf=88468 hm=78176 ht=283428 pf=0 pm=0 pt=0 ru=243080 rp=253372
23:25:02.786 @T t=132600 s=0.000 lv=-39.8 pk=-39.2 c0=3.8 c1=9.8 kw=9.09 inf=2.51 iv=1.20 n=3 d=7 sk=0 hf=95940 hm=78176 ht=283428 pf=0 pm=0 pt=0 ru=235608 rp=253372
23:25:02.786 @T t=132706 s=0.000 lv=-39.5 pk=-38.9 c0=6.6 c1=9.8 kw=8.49 inf=2.72 iv=1.12 n=3 d=7 sk=0 hf=95940 hm=78176 ht=283428 pf=0 pm=0 pt=0 ru=235608 rp=253372
23:25:02.786 @T t=132814 s=0.000 lv=-39.2 pk=-38.0 c0=6.9 c1=10.6 kw=10.35 inf=2.62 iv=1.17 n=4 d=7 sk=0 hf=95940 hm=78176 ht=283428 pf=0 pm=0 pt=0 ru=235608 rp=253372
23:25:02.786 @T t=132900 s=0.000 lv=-39.4 pk=-38.5 c0=4.2 c1=9.4 kw=9.19 inf=2.44 iv=1.15 n=3 d=7 sk=0 hf=95940 hm=78176 ht=283428 pf=0 pm=0 pt=0 ru=235608 rp=253372
23:25:02.786 @T t=133006 s=0.000 lv=-39.0 pk=-37.8 c0=3.5 c1=9.8 kw=8.47 inf=2.71 iv=1.11 n=3 d=7 sk=0 hf=95940 hm=78176 ht=283428 pf=0 pm=0 pt=0 ru=235608 rp=253372
23:25:02.786 @T t=133112 s=0.000 lv=-39.5 pk=-38.9 c0=3.7 c1=9.8 kw=10.40 inf=2.58 iv=1.13 n=4 d=7 sk=0 hf=95940 hm=78176 ht=283428 pf=0 pm=0 pt=0 ru=235608 rp=253372
23:25:02.786 @I ww=marvin cut=0.50 win=5 cool=1000 tick=100 wifi=1 srv=1 li=0 ln=0
23:25:02.786 @T t=133203 s=0.000 lv=-38.8 pk=-37.8 c0=4.8 c1=8.7 kw=8.55 inf=2.40 iv=1.13 n=3 d=7 sk=0 hf=95940 hm=78176 ht=283428 pf=0 pm=0 pt=0 ru=235608 rp=253372
23:25:02.786 @T t=133309 s=0.000 lv=-36.9 pk=-35.1 c0=3.4 c1=10.6 kw=10.37 inf=2.53 iv=1.10 n=4 d=7 sk=0 hf=95940 hm=78176 ht=283428 pf=0 pm=0 pt=0 ru=235608 rp=253372
23:25:02.786 @T t=133395 s=0.000 lv=-35.8 pk=-34.5 c0=4.1 c1=8.0 kw=7.83 inf=3.08 iv=1.18 n=2 d=7 sk=0 hf=95940 hm=78176 ht=283428 pf=0 pm=0 pt=0 ru=235608 rp=253372
23:25:02.786 @T t=133501 s=0.000 lv=-34.3 pk=-31.8 c0=6.0 c1=9.5 kw=9.27 inf=2.28 iv=1.09 n=4 d=7 sk=0 hf=95940 hm=78176 ht=283428 pf=0 pm=0 pt=0 ru=235608 rp=253372
23:25:05.080 @T t=133607 s=0.000 lv=-38.4 pk=-36.9 c0=3.3 c1=10.5 kw=10.29 inf=2.52 iv=1.10 n=4 d=7 sk=0 hf=95940 hm=78176 ht=283428 pf=0 pm=0 pt=0 ru=235608 rp=253372
23:25:05.080 I (134090) wifi:[ADDBA]RX DELBA, reason:37, delete tid:0, initiator:1(originator)
23:25:05.080 @T t=133713 s=0.000 lv=-38.8 pk=-38.1 c0=5.2 c1=8.8 kw=8.55 inf=2.79 iv=1.18 n=3 d=7 sk=0 hf=95940 hm=78176 ht=283428 pf=0 pm=0 pt=0 ru=235608 rp=253372
23:25:05.080 @T t=133803 s=0.000 lv=-37.7 pk=-36.0 c0=5.0 c1=9.1 kw=8.89 inf=2.48 iv=1.18 n=3 d=7 sk=0 hf=95940 hm=78176 ht=283428 pf=0 pm=0 pt=0 ru=235608 rp=253372
23:25:05.080 @T t=133909 s=0.000 lv=-38.9 pk=-37.0 c0=3.5 c1=10.7 kw=10.41 inf=2.54 iv=1.11 n=4 d=7 sk=0 hf=95940 hm=78176 ht=283428 pf=0 pm=0 pt=0 ru=235608 rp=253372
23:25:05.080 @T t=133995 s=0.000 lv=-37.8 pk=-36.8 c0=4.1 c1=8.1 kw=7.91 inf=3.12 iv=1.18 n=2 d=7 sk=0 hf=95940 hm=78176 ht=283428 pf=0 pm=0 pt=0 ru=235608 rp=253372
23:25:05.080 @T t=134101 s=0.000 lv=-39.8 pk=-37.1 c0=3.4 c1=9.6 kw=9.35 inf=2.30 iv=1.11 n=4 d=7 sk=0 hf=95940 hm=78176 ht=283428 pf=0 pm=0 pt=0 ru=235608 rp=253372
23:25:05.080 @I ww=marvin cut=0.50 win=5 cool=1000 tick=100 wifi=1 srv=1 li=0 ln=0
23:25:05.080 @T t=134213 s=0.000 lv=-39.4 pk=-38.1 c0=4.3 c1=10.3 kw=10.10 inf=2.61 iv=1.17 n=4 d=7 sk=0 hf=95940 hm=78176 ht=283428 pf=0 pm=0 pt=0 ru=235608 rp=253372
23:25:05.080 @T t=134299 s=0.000 lv=-38.5 pk=-38.2 c0=4.4 c1=8.3 kw=8.14 inf=3.22 iv=1.28 n=2 d=7 sk=0 hf=95940 hm=78176 ht=283428 pf=0 pm=0 pt=0 ru=235608 rp=253372
23:25:05.080 @T t=134405 s=0.000 lv=-38.9 pk=-38.1 c0=3.3 c1=9.9 kw=9.53 inf=2.31 iv=1.11 n=4 d=7 sk=0 hf=95940 hm=78176 ht=283428 pf=0 pm=0 pt=0 ru=235608 rp=253372
23:25:05.080 I (134808) stream: server: {"type":"response","text":"Increase the volume.","saved":"20260928_232500_004_e072a1d53274_marvin.wav"}
23:25:05.080 @T t=134511 s=0.000 lv=-40.7 pk=-39.2 c0=7.8 c1=12.2 kw=11.71 inf=2.92 iv=1.43 n=4 d=7 sk=0 hf=95940 hm=78176 ht=283428 pf=0 pm=0 pt=0 ru=235608 rp=253372
23:25:05.080 @T t=134597 s=0.000 lv=-39.1 pk=-37.2 c0=4.2 c1=8.3 kw=8.15 inf=3.22 iv=1.28 n=2 d=7 sk=0 hf=95940 hm=78176 ht=283428 pf=0 pm=0 pt=0 ru=235608 rp=253372
23:25:05.080 @T t=134703 s=0.000 lv=-40.3 pk=-39.3 c0=3.3 c1=9.8 kw=9.64 inf=2.38 iv=1.16 n=4 d=7 sk=0 hf=95940 hm=78176 ht=283428 pf=0 pm=0 pt=0 ru=235608 rp=253372
23:25:05.080 @T t=134809 s=0.000 lv=-39.4 pk=-38.6 c0=3.4 c1=10.9 kw=10.68 inf=2.61 iv=1.17 n=4 d=7 sk=0 hf=95940 hm=78176 ht=283428 pf=0 pm=0 pt=0 ru=235608 rp=253372
23:25:05.080 @T t=134895 s=0.000 lv=-37.6 pk=-35.9 c0=4.3 c1=8.2 kw=8.03 inf=3.16 iv=1.24 n=2 d=7 sk=0 hf=95940 hm=78176 ht=283428 pf=0 pm=0 pt=0 ru=235608 rp=253372
23:25:05.080 @T t=135001 s=0.000 lv=-38.5 pk=-36.9 c0=6.1 c1=9.5 kw=9.33 inf=2.30 iv=1.10 n=4 d=7 sk=0 hf=95940 hm=78176 ht=283428 pf=0 pm=0 pt=0 ru=235608 rp=253372
23:25:05.080 @T t=135106 s=0.000 lv=-37.9 pk=-36.6 c0=5.9 c1=6.2 kw=6.02 inf=1.86 iv=0.00 n=0 d=7 sk=3 hf=95940 hm=78176 ht=283428 pf=0 pm=0 pt=0 ru=235608 rp=253372
23:25:05.080 @I ww=marvin cut=0.50 win=5 cool=1000 tick=100 wifi=1 srv=1 li=0 ln=0
23:25:05.080 @T t=135198 s=0.000 lv=-39.9 pk=-38.2 c0=4.3 c1=4.7 kw=4.52 inf=1.81 iv=0.00 n=0 d=7 sk=2 hf=95940 hm=78176 ht=283428 pf=0 pm=0 pt=0 ru=235608 rp=253372
23:25:05.080 @T t=135305 s=0.000 lv=-39.4 pk=-38.0 c0=3.4 c1=5.4 kw=5.07 inf=1.52 iv=0.00 n=0 d=7 sk=3 hf=95940 hm=78176 ht=283428 pf=0 pm=0 pt=0 ru=235608 rp=253372
23:25:05.080 @T t=135410 s=0.000 lv=-38.2 pk=-37.3 c0=3.2 c1=6.2 kw=5.80 inf=1.82 iv=0.00 n=0 d=7 sk=3 hf=95940 hm=78176 ht=283428 pf=0 pm=0 pt=0 ru=235608 rp=253372
23:25:05.080 @T t=135497 s=0.000 lv=-26.9 pk=-24.2 c0=8.1 c1=19.3 kw=19.03 inf=1.43 iv=1.07 n=11 d=7 sk=0 hf=95940 hm=78176 ht=283428 pf=0 pm=0 pt=0 ru=235608 rp=253372
23:25:05.080 @T t=135603 s=0.000 lv=-26.1 pk=-24.0 c0=4.0 c1=10.0 kw=9.76 inf=2.41 iv=1.18 n=4 d=7 sk=0 hf=95940 hm=78176 ht=283428 pf=0 pm=0 pt=0 ru=235608 rp=253372
23:25:05.081 @T t=135712 s=0.345 lv=-35.0 pk=-32.0 c0=3.2 c1=10.5 kw=10.25 inf=2.58 iv=1.15 n=4 d=7 sk=0 hf=95940 hm=78176 ht=283428 pf=0 pm=0 pt=0 ru=235608 rp=253372
23:25:05.081 I (136147) kws: >>> WAKE WORD "marvin" DETECTED  (score 0.59, t = 135.77 s)
23:25:05.081 I (136167) stream: first audio sent 18 ms after the detection
23:25:05.081 @T t=135798 s=0.585 lv=-34.5 pk=-33.2 c0=15.0 c1=10.6 kw=8.28 inf=3.26 iv=1.27 n=2 d=8 sk=0 hf=95940 hm=78176 ht=283428 pf=0 pm=0 pt=0 ru=235608 rp=253372
23:25:05.081 I (136234) wifi:[ADDBA]RX DELBA, reason:37, delete tid:0, initiator:1(originator)
23:25:07.492 @T t=135904 s=0.684 lv=-36.0 pk=-33.7 c0=19.9 c1=13.6 kw=12.21 inf=3.05 iv=1.72 n=4 d=8 sk=0 hf=95940 hm=78176 ht=283428 pf=0 pm=0 pt=0 ru=235608 rp=253372
23:25:07.492 @T t=136013 s=0.990 lv=-38.6 pk=-37.9 c0=16.6 c1=14.1 kw=12.34 inf=3.14 iv=1.54 n=4 d=8 sk=0 hf=95940 hm=78176 ht=283428 pf=0 pm=0 pt=0 ru=235608 rp=253372
23:25:07.492 @T t=136099 s=0.988 lv=-38.3 pk=-37.6 c0=15.4 c1=10.9 kw=9.55 inf=3.81 iv=1.66 n=2 d=8 sk=0 hf=95940 hm=78176 ht=283428 pf=0 pm=0 pt=0 ru=235608 rp=253372
23:25:07.492 @I ww=marvin cut=0.50 win=5 cool=1000 tick=100 wifi=1 srv=1 li=0 ln=0
23:25:07.492 @T t=136211 s=0.995 lv=-39.8 pk=-38.6 c0=15.4 c1=13.0 kw=12.17 inf=3.19 iv=1.52 n=4 d=8 sk=0 hf=92100 hm=78176 ht=283428 pf=0 pm=0 pt=0 ru=239448 rp=253372
23:25:07.492 @T t=136297 s=0.983 lv=-39.3 pk=-36.8 c0=15.5 c1=13.1 kw=11.36 inf=3.06 iv=1.65 n=3 d=8 sk=0 hf=95940 hm=78176 ht=283428 pf=0 pm=0 pt=0 ru=235608 rp=253372
23:25:07.492 @T t=136403 s=0.986 lv=-38.4 pk=-37.5 c0=15.3 c1=12.3 kw=10.90 inf=3.60 iv=1.85 n=3 d=8 sk=0 hf=95940 hm=78176 ht=283428 pf=0 pm=0 pt=0 ru=235608 rp=253372
23:25:07.492 @T t=136512 s=0.984 lv=-25.8 pk=-19.9 c0=19.3 c1=14.1 kw=12.74 inf=3.25 iv=1.65 n=4 d=8 sk=0 hf=95940 hm=78176 ht=283428 pf=0 pm=0 pt=0 ru=235608 rp=253372
23:25:07.492 @T t=136598 s=0.920 lv=-21.7 pk=-19.7 c0=18.1 c1=12.6 kw=11.06 inf=2.97 iv=1.52 n=3 d=8 sk=0 hf=95940 hm=78176 ht=283428 pf=0 pm=0 pt=0 ru=235608 rp=253372
23:25:07.492 @T t=136704 s=0.446 lv=-37.0 pk=-33.9 c0=14.4 c1=11.3 kw=9.98 inf=3.28 iv=1.51 n=3 d=8 sk=0 hf=95940 hm=78176 ht=283428 pf=0 pm=0 pt=0 ru=235608 rp=253372
23:25:07.492 I (137167) wake_word: score event: peak 0.99 over 960 ms -> detected
23:25:07.492 @T t=136812 s=0.013 lv=-37.4 pk=-36.2 c0=17.3 c1=15.3 kw=13.76 inf=3.49 iv=1.57 n=4 d=8 sk=0 hf=92100 hm=78176 ht=283428 pf=0 pm=0 pt=0 ru=239448 rp=253372
23:25:07.492 @T t=136898 s=0.000 lv=-38.6 pk=-36.3 c0=15.9 c1=12.9 kw=11.36 inf=3.06 iv=1.61 n=3 d=8 sk=0 hf=95940 hm=78176 ht=283428 pf=0 pm=0 pt=0 ru=235608 rp=253372
23:25:07.492 @T t=137007 s=0.000 lv=-32.1 pk=-28.0 c0=14.6 c1=11.2 kw=9.97 inf=3.27 iv=1.52 n=3 d=8 sk=0 hf=92820 hm=78176 ht=283428 pf=0 pm=0 pt=0 ru=238728 rp=253372
23:25:07.492 @T t=137096 s=0.000 lv=-31.9 pk=-29.0 c0=23.4 c1=15.9 kw=14.09 inf=3.05 iv=1.70 n=4 d=8 sk=0 hf=95940 hm=78176 ht=283428 pf=0 pm=0 pt=0 ru=235608 rp=253372
23:25:07.492 @I ww=marvin cut=0.50 win=5 cool=1000 tick=100 wifi=1 srv=1 li=0 ln=0
23:25:07.492 @T t=137210 s=0.000 lv=-35.7 pk=-33.5 c0=15.6 c1=12.5 kw=11.32 inf=3.00 iv=1.42 n=4 d=8 sk=0 hf=92304 hm=78176 ht=283428 pf=0 pm=0 pt=0 ru=239244 rp=253372
23:25:07.492 @T t=137297 s=0.000 lv=-38.8 pk=-37.2 c0=15.1 c1=10.4 kw=9.10 inf=3.66 iv=1.43 n=2 d=8 sk=0 hf=95940 hm=78176 ht=283428 pf=0 pm=0 pt=0 ru=235608 rp=253372
23:25:07.492 @T t=137403 s=0.000 lv=-39.3 pk=-37.9 c0=15.0 c1=13.1 kw=11.65 inf=2.90 iv=1.57 n=4 d=8 sk=0 hf=95940 hm=78176 ht=283428 pf=0 pm=0 pt=0 ru=235608 rp=253372
23:25:07.492 @T t=137512 s=0.000 lv=-38.8 pk=-37.1 c0=20.8 c1=13.3 kw=11.75 inf=2.98 iv=1.43 n=4 d=8 sk=0 hf=94380 hm=78176 ht=283428 pf=0 pm=0 pt=0 ru=237168 rp=253372
23:25:07.492 @T t=137598 s=0.000 lv=-38.9 pk=-37.9 c0=18.2 c1=10.5 kw=8.87 inf=3.52 iv=1.43 n=2 d=8 sk=0 hf=90540 hm=78176 ht=283428 pf=0 pm=0 pt=0 ru=241008 rp=253372
23:25:07.492 @T t=137704 s=0.000 lv=-33.5 pk=-29.8 c0=17.3 c1=12.7 kw=11.14 inf=2.76 iv=1.45 n=4 d=8 sk=0 hf=94380 hm=78176 ht=283428 pf=0 pm=0 pt=0 ru=237168 rp=253372
23:25:07.492 @T t=137812 s=0.000 lv=-37.2 pk=-35.1 c0=15.3 c1=13.0 kw=11.82 inf=2.97 iv=1.41 n=4 d=8 sk=0 hf=88260 hm=78176 ht=283428 pf=0 pm=0 pt=0 ru=243288 rp=253372
23:25:07.492 @T t=137898 s=0.000 lv=-38.5 pk=-37.6 c0=18.5 c1=10.5 kw=8.92 inf=3.54 iv=1.44 n=2 d=8 sk=0 hf=94380 hm=78176 ht=283428 pf=0 pm=0 pt=0 ru=237168 rp=253372
23:25:07.492 @T t=138004 s=0.000 lv=-38.8 pk=-37.5 c0=18.0 c1=13.3 kw=11.66 inf=2.90 iv=1.56 n=4 d=8 sk=0 hf=94380 hm=78176 ht=283428 pf=0 pm=0 pt=0 ru=237168 rp=253372
23:25:07.492 @T t=138113 s=0.000 lv=-40.6 pk=-39.5 c0=15.8 c1=13.6 kw=11.92 inf=3.02 iv=1.42 n=4 d=8 sk=0 hf=94380 hm=78176 ht=283428 pf=0 pm=0 pt=0 ru=237168 rp=253372
23:25:07.492 @I ww=marvin cut=0.50 win=5 cool=1000 tick=100 wifi=1 srv=1 li=0 ln=0
23:25:07.492 @T t=138204 s=0.000 lv=-39.6 pk=-38.0 c0=14.8 c1=9.5 kw=8.42 inf=3.54 iv=1.43 n=2 d=8 sk=0 hf=95940 hm=78176 ht=283428 pf=0 pm=0 pt=0 ru=235608 rp=253372
23:25:07.492 @T t=138313 s=0.000 lv=-38.2 pk=-33.2 c0=15.8 c1=13.6 kw=11.97 inf=3.03 iv=1.45 n=4 d=8 sk=0 hf=95940 hm=78176 ht=283428 pf=0 pm=0 pt=0 ru=235608 rp=253372
23:25:09.975 I (138730) stream: stream finished (silence): 2580 ms of audio sent (40 KB)
23:25:09.976 @T t=138399 s=0.000 lv=-38.5 pk=-36.9 c0=13.3 c1=11.7 kw=10.49 inf=2.81 iv=1.46 n=3 d=8 sk=0 hf=95940 hm=78176 ht=283428 pf=0 pm=0 pt=0 ru=235608 rp=253372
23:25:09.976 @T t=138505 s=0.000 lv=-40.3 pk=-39.0 c0=4.0 c1=9.0 kw=8.63 inf=2.77 iv=1.14 n=3 d=8 sk=0 hf=95940 hm=78176 ht=283428 pf=0 pm=0 pt=0 ru=235608 rp=253372
23:25:09.976 @T t=138614 s=0.000 lv=-40.0 pk=-39.4 c0=8.8 c1=10.4 kw=10.42 inf=2.66 iv=1.23 n=4 d=8 sk=0 hf=95940 hm=78176 ht=283428 pf=0 pm=0 pt=0 ru=235608 rp=253372
23:25:09.976 @T t=138700 s=0.000 lv=-40.2 pk=-39.6 c0=7.8 c1=9.7 kw=9.48 inf=2.52 iv=1.22 n=3 d=8 sk=0 hf=95940 hm=78176 ht=283428 pf=0 pm=0 pt=0 ru=235608 rp=253372
23:25:09.976 @T t=138806 s=0.000 lv=-40.4 pk=-39.2 c0=3.5 c1=10.0 kw=8.68 inf=2.09 iv=0.89 n=4 d=8 sk=0 hf=95940 hm=78176 ht=283428 pf=0 pm=0 pt=0 ru=235608 rp=253372
23:25:09.976 @T t=138912 s=0.000 lv=-40.8 pk=-39.4 c0=3.5 c1=9.8 kw=10.31 inf=3.41 iv=1.49 n=3 d=8 sk=0 hf=95940 hm=78176 ht=283428 pf=0 pm=0 pt=0 ru=235608 rp=253372
23:25:09.976 @T t=138998 s=0.000 lv=-40.4 pk=-39.8 c0=7.5 c1=9.3 kw=9.07 inf=2.41 iv=1.13 n=3 d=8 sk=0 hf=95940 hm=78176 ht=283428 pf=0 pm=0 pt=0 ru=235608 rp=253372
23:25:09.976 @T t=139104 s=0.000 lv=-36.9 pk=-35.4 c0=3.4 c1=8.7 kw=8.48 inf=2.76 iv=1.15 n=3 d=8 sk=0 hf=95940 hm=78176 ht=283428 pf=0 pm=0 pt=0 ru=235608 rp=253372
23:25:09.976 @I ww=marvin cut=0.50 win=5 cool=1000 tick=100 wifi=1 srv=1 li=0 ln=0
23:25:09.976 @T t=139198 s=0.000 lv=-37.7 pk=-36.9 c0=4.6 c1=11.1 kw=10.85 inf=2.37 iv=1.13 n=4 d=8 sk=0 hf=95940 hm=78176 ht=283428 pf=0 pm=0 pt=0 ru=235608 rp=253372
23:25:09.976 @T t=139304 s=0.000 lv=-39.3 pk=-37.7 c0=3.4 c1=8.6 kw=8.46 inf=2.76 iv=1.16 n=3 d=8 sk=0 hf=95940 hm=78176 ht=283428 pf=0 pm=0 pt=0 ru=235608 rp=253372
23:25:09.976 @T t=139413 s=0.000 lv=-36.9 pk=-34.5 c0=8.8 c1=10.4 kw=10.21 inf=2.56 iv=1.12 n=4 d=8 sk=0 hf=95940 hm=78176 ht=283428 pf=0 pm=0 pt=0 ru=235608 rp=253372
23:25:09.976 @T t=139499 s=0.000 lv=-37.2 pk=-35.1 c0=8.2 c1=10.4 kw=10.16 inf=2.72 iv=1.42 n=3 d=8 sk=0 hf=95940 hm=78176 ht=283428 pf=0 pm=0 pt=0 ru=235608 rp=253372
23:25:09.976 @T t=139605 s=0.000 lv=-37.2 pk=-35.0 c0=6.7 c1=9.0 kw=8.60 inf=2.76 iv=1.16 n=3 d=8 sk=0 hf=95940 hm=78176 ht=283428 pf=0 pm=0 pt=0 ru=235608 rp=253372
23:25:09.976 @T t=139714 s=0.000 lv=-38.6 pk=-37.2 c0=8.8 c1=10.3 kw=10.27 inf=2.62 iv=1.20 n=4 d=8 sk=0 hf=95940 hm=78176 ht=283428 pf=0 pm=0 pt=0 ru=235608 rp=253372
23:25:09.976 @T t=139800 s=0.000 lv=-37.9 pk=-36.5 c0=4.8 c1=9.9 kw=9.70 inf=2.59 iv=1.29 n=3 d=8 sk=0 hf=95940 hm=78176 ht=283428 pf=0 pm=0 pt=0 ru=235608 rp=253372
23:25:09.976 @T t=139906 s=0.000 lv=-37.1 pk=-35.5 c0=3.5 c1=10.1 kw=8.75 inf=2.81 iv=1.20 n=3 d=8 sk=0 hf=95940 hm=78176 ht=283428 pf=0 pm=0 pt=0 ru=235608 rp=253372
23:25:09.976 @T t=140012 s=0.000 lv=-36.7 pk=-35.8 c0=3.5 c1=9.8 kw=10.33 inf=2.56 iv=1.13 n=4 d=8 sk=0 hf=95940 hm=78176 ht=283428 pf=0 pm=0 pt=0 ru=235608 rp=253372
23:25:09.976 @T t=140098 s=0.000 lv=-39.3 pk=-38.0 c0=7.4 c1=9.5 kw=9.33 inf=2.49 iv=1.20 n=3 d=8 sk=0 hf=95940 hm=78176 ht=283428 pf=0 pm=0 pt=0 ru=235608 rp=253372
23:25:09.976 @I ww=marvin cut=0.50 win=5 cool=1000 tick=100 wifi=1 srv=1 li=0 ln=0
23:25:09.976 @T t=140209 s=0.000 lv=-39.5 pk=-38.0 c0=3.9 c1=10.2 kw=9.96 inf=2.55 iv=1.13 n=4 d=8 sk=0 hf=95940 hm=78176 ht=283428 pf=0 pm=0 pt=0 ru=235608 rp=253372
23:25:09.976 @T t=140295 s=0.000 lv=-39.8 pk=-39.0 c0=7.5 c1=8.1 kw=7.92 inf=3.12 iv=1.21 n=2 d=8 sk=0 hf=95940 hm=78176 ht=283428 pf=0 pm=0 pt=0 ru=235608 rp=253372
23:25:09.976 I (140684) stream: server: {"type":"response","text":"Tell me a joke.","saved":"20260928_232504_934_e072a1d53274_marvin.wav"}
23:25:09.976 @T t=140401 s=0.000 lv=-39.4 pk=-38.6 c0=5.9 c1=11.0 kw=9.56 inf=2.35 iv=1.14 n=4 d=8 sk=0 hf=95940 hm=78176 ht=283428 pf=0 pm=0 pt=0 ru=235608 rp=253372
23:25:09.976 @T t=140507 s=0.000 lv=-39.4 pk=-38.3 c0=3.9 c1=10.7 kw=10.65 inf=2.61 iv=1.16 n=4 d=8 sk=0 hf=95744 hm=78176 ht=283428 pf=0 pm=0 pt=0 ru=235804 rp=253372
23:25:09.976 @T t=140613 s=0.000 lv=-35.4 pk=-31.2 c0=3.5 c1=8.7 kw=8.33 inf=2.71 iv=1.13 n=3 d=8 sk=0 hf=95940 hm=78176 ht=283428 pf=0 pm=0 pt=0 ru=235608 rp=253372
23:25:09.976 @T t=140699 s=0.000 lv=-37.7 pk=-37.0 c0=4.0 c1=9.2 kw=9.00 inf=2.39 iv=1.12 n=3 d=8 sk=0 hf=95940 hm=78176 ht=283428 pf=0 pm=0 pt=0 ru=235608 rp=253372
23:25:12.169 @T t=140805 s=0.000 lv=-35.8 pk=-33.3 c0=6.1 c1=8.9 kw=8.50 inf=2.73 iv=1.14 n=3 d=8 sk=0 hf=95940 hm=78176 ht=283428 pf=0 pm=0 pt=0 ru=235608 rp=253372
23:25:12.169 @T t=140914 s=0.000 lv=-37.2 pk=-35.3 c0=9.3 c1=10.5 kw=10.42 inf=2.66 iv=1.24 n=4 d=8 sk=0 hf=95940 hm=78176 ht=283428 pf=0 pm=0 pt=0 ru=235608 rp=253372
23:25:12.169 @T t=141000 s=0.000 lv=-38.0 pk=-36.3 c0=4.2 c1=9.4 kw=9.11 inf=2.42 iv=1.14 n=3 d=8 sk=0 hf=95940 hm=78176 ht=283428 pf=0 pm=0 pt=0 ru=235608 rp=253372
23:25:12.169 @T t=141106 s=0.000 lv=-36.9 pk=-34.7 c0=3.3 c1=9.7 kw=8.45 inf=2.71 iv=1.12 n=3 d=8 sk=0 hf=95940 hm=78176 ht=283428 pf=0 pm=0 pt=0 ru=235608 rp=253372
23:25:12.169 @I ww=marvin cut=0.50 win=5 cool=1000 tick=100 wifi=1 srv=1 li=0 ln=0
23:25:12.169 [status] up 141s | mic -34.1 dBFS (peak -19.7) | score max 0.99 | detections 8 | inferences 328 (32.8/s; model 1.32 ms each, paused in quiet 3%; features 1.49 ms per 30 ms) | CPU core0  9.9% core1 10.9% (wake word pipeline 10.10% of one core) | RAM used 230 KB (peak 247 KB, 93 KB free) | wifi OK, server OK | audio lost since boot: i2s 0 net 0
23:25:12.170 @T t=141199 s=0.000 lv=-25.5 pk=-24.1 c0=9.7 c1=9.1 kw=9.76 inf=2.83 iv=1.19 n=3 d=8 sk=0 hf=95940 hm=78176 ht=283428 pf=0 pm=0 pt=0 ru=235608 rp=253372
23:25:12.170 I (141682) wifi:[ADDBA]RX DELBA, reason:37, delete tid:0, initiator:1(originator)
23:25:12.170 @T t=141305 s=0.000 lv=-33.5 pk=-28.7 c0=5.4 c1=10.1 kw=9.68 inf=2.35 iv=1.16 n=4 d=8 sk=0 hf=95940 hm=78176 ht=283428 pf=0 pm=0 pt=0 ru=235608 rp=253372
23:25:12.170 @T t=141414 s=0.006 lv=-35.3 pk=-33.3 c0=3.5 c1=10.6 kw=10.24 inf=2.61 iv=1.16 n=4 d=8 sk=0 hf=95940 hm=78176 ht=283428 pf=0 pm=0 pt=0 ru=235608 rp=253372
23:25:12.170 @T t=141500 s=0.009 lv=-36.9 pk=-35.9 c0=4.2 c1=8.3 kw=8.01 inf=3.16 iv=1.23 n=2 d=8 sk=0 hf=95940 hm=78176 ht=283428 pf=0 pm=0 pt=0 ru=235608 rp=253372
23:25:12.170 @T t=141606 s=0.358 lv=-39.0 pk=-36.2 c0=3.3 c1=10.8 kw=10.64 inf=2.61 iv=1.17 n=4 d=8 sk=0 hf=95940 hm=78176 ht=283428 pf=0 pm=0 pt=0 ru=235608 rp=253372
23:25:12.170 @T t=141712 s=0.499 lv=-39.2 pk=-38.2 c0=3.3 c1=9.8 kw=9.55 inf=2.35 iv=1.15 n=4 d=8 sk=0 hf=95940 hm=78176 ht=283428 pf=0 pm=0 pt=0 ru=235608 rp=253372
23:25:12.170 @T t=141798 s=0.251 lv=-38.6 pk=-37.9 c0=4.1 c1=8.3 kw=8.12 inf=3.21 iv=1.26 n=2 d=8 sk=0 hf=95940 hm=78176 ht=283428 pf=0 pm=0 pt=0 ru=235608 rp=253372
23:25:12.170 @T t=141904 s=0.126 lv=-33.6 pk=-31.5 c0=3.5 c1=9.9 kw=9.73 inf=2.40 iv=1.18 n=4 d=8 sk=0 hf=95940 hm=78176 ht=283428 pf=0 pm=0 pt=0 ru=235608 rp=253372
23:25:12.170 I (142327) wake_word: score event: peak 0.50 over 270 ms -> not detected (below threshold or in cool-down)
23:25:12.170 @T t=142010 s=0.130 lv=-31.8 pk=-28.3 c0=3.6 c1=12.8 kw=12.90 inf=3.20 iv=1.25 n=4 d=8 sk=0 hf=95940 hm=78176 ht=283428 pf=0 pm=0 pt=0 ru=235608 rp=253372
23:25:12.170 @T t=142096 s=0.151 lv=-33.8 pk=-31.7 c0=4.6 c1=8.4 kw=8.16 inf=3.22 iv=1.27 n=2 d=8 sk=0 hf=95940 hm=78176 ht=283428 pf=0 pm=0 pt=0 ru=235608 rp=253372
23:25:12.170 @I ww=marvin cut=0.50 win=5 cool=1000 tick=100 wifi=1 srv=1 li=0 ln=0
23:25:12.170 @T t=142207 s=0.135 lv=-25.6 pk=-22.1 c0=4.0 c1=10.4 kw=10.14 inf=2.60 iv=1.16 n=4 d=8 sk=0 hf=95940 hm=78176 ht=283428 pf=0 pm=0 pt=0 ru=235608 rp=253372
23:25:12.170 @T t=142313 s=0.011 lv=-32.7 pk=-26.9 c0=3.5 c1=9.8 kw=9.64 inf=2.38 iv=1.18 n=4 d=8 sk=0 hf=95940 hm=78176 ht=283428 pf=0 pm=0 pt=0 ru=235608 rp=253372
23:25:12.170 @T t=142400 s=0.001 lv=-39.2 pk=-37.5 c0=8.1 c1=8.5 kw=7.93 inf=3.16 iv=1.23 n=2 d=8 sk=0 hf=95940 hm=78176 ht=283428 pf=0 pm=0 pt=0 ru=235608 rp=253372
23:25:12.170 @T t=142506 s=0.000 lv=-39.6 pk=-37.8 c0=4.0 c1=10.7 kw=10.49 inf=2.57 iv=1.12 n=4 d=8 sk=0 hf=95940 hm=78176 ht=283428 pf=0 pm=0 pt=0 ru=235608 rp=253372
23:25:12.170 @T t=142612 s=0.000 lv=-41.4 pk=-41.0 c0=3.4 c1=9.5 kw=9.31 inf=2.29 iv=1.11 n=4 d=8 sk=0 hf=95940 hm=78176 ht=283428 pf=0 pm=0 pt=0 ru=235608 rp=253372
23:25:12.170 @T t=142698 s=0.000 lv=-40.3 pk=-38.6 c0=4.0 c1=8.0 kw=7.83 inf=3.09 iv=1.18 n=2 d=8 sk=0 hf=95940 hm=78176 ht=283428 pf=0 pm=0 pt=0 ru=235608 rp=253372
23:25:12.170 @T t=142804 s=0.000 lv=-40.6 pk=-39.5 c0=6.0 c1=9.5 kw=9.32 inf=2.29 iv=1.10 n=4 d=8 sk=0 hf=95940 hm=78176 ht=283428 pf=0 pm=0 pt=0 ru=235608 rp=253372
23:25:12.170 @T t=142913 s=0.000 lv=-37.9 pk=-35.2 c0=3.2 c1=10.4 kw=10.17 inf=2.55 iv=1.11 n=4 d=8 sk=0 hf=95940 hm=78176 ht=283428 pf=0 pm=0 pt=0 ru=235608 rp=253372
23:25:14.690 @T t=142999 s=0.000 lv=-38.9 pk=-37.2 c0=4.2 c1=8.1 kw=7.89 inf=3.11 iv=1.19 n=2 d=8 sk=0 hf=95940 hm=78176 ht=283428 pf=0 pm=0 pt=0 ru=235608 rp=253372
23:25:14.690 @T t=143105 s=0.000 lv=-36.8 pk=-34.8 c0=3.4 c1=10.0 kw=9.55 inf=2.32 iv=1.12 n=4 d=8 sk=0 hf=95940 hm=78176 ht=283428 pf=0 pm=0 pt=0 ru=235608 rp=253372
23:25:14.690 @I ww=marvin cut=0.50 win=5 cool=1000 tick=100 wifi=1 srv=1 li=0 ln=0
23:25:14.690 @T t=143196 s=0.000 lv=-36.3 pk=-35.5 c0=13.6 c1=10.5 kw=10.06 inf=2.86 iv=1.22 n=3 d=8 sk=0 hf=95940 hm=78176 ht=283428 pf=0 pm=0 pt=0 ru=235608 rp=253372
23:25:14.690 @T t=143302 s=0.000 lv=-38.4 pk=-37.4 c0=3.5 c1=8.7 kw=8.52 inf=2.77 iv=1.18 n=3 d=8 sk=0 hf=95940 hm=78176 ht=283428 pf=0 pm=0 pt=0 ru=235608 rp=253372
23:25:14.690 @T t=143408 s=0.000 lv=-39.4 pk=-38.3 c0=6.6 c1=10.9 kw=10.64 inf=2.61 iv=1.16 n=4 d=8 sk=0 hf=95940 hm=78176 ht=283428 pf=0 pm=0 pt=0 ru=235608 rp=253372
23:25:14.690 @T t=143514 s=0.000 lv=-39.4 pk=-38.7 c0=6.1 c1=9.6 kw=9.39 inf=2.31 iv=1.12 n=4 d=8 sk=0 hf=95940 hm=78176 ht=283428 pf=0 pm=0 pt=0 ru=235608 rp=253372
23:25:14.690 @T t=143600 s=0.000 lv=-38.0 pk=-37.2 c0=4.1 c1=8.1 kw=7.92 inf=3.12 iv=1.19 n=2 d=8 sk=0 hf=95940 hm=78176 ht=283428 pf=0 pm=0 pt=0 ru=235608 rp=253372
23:25:14.690 @T t=143706 s=0.000 lv=-38.6 pk=-37.6 c0=6.0 c1=10.6 kw=10.38 inf=2.54 iv=1.11 n=4 d=8 sk=0 hf=95940 hm=78176 ht=283428 pf=0 pm=0 pt=0 ru=235608 rp=253372
23:25:14.690 @T t=143812 s=0.000 lv=-38.5 pk=-37.1 c0=6.1 c1=9.6 kw=9.40 inf=2.31 iv=1.11 n=4 d=8 sk=0 hf=95940 hm=78176 ht=283428 pf=0 pm=0 pt=0 ru=235608 rp=253372
23:25:14.690 @T t=143898 s=0.000 lv=-38.4 pk=-36.7 c0=7.5 c1=8.2 kw=7.98 inf=3.15 iv=1.21 n=2 d=8 sk=0 hf=95940 hm=78176 ht=283428 pf=0 pm=0 pt=0 ru=235608 rp=253372
23:25:14.690 @T t=144004 s=0.000 lv=-39.9 pk=-38.9 c0=3.5 c1=9.5 kw=9.33 inf=2.30 iv=1.10 n=4 d=8 sk=0 hf=95940 hm=78176 ht=283428 pf=0 pm=0 pt=0 ru=235608 rp=253372
23:25:14.690 @T t=144113 s=0.000 lv=-39.0 pk=-36.6 c0=3.2 c1=10.3 kw=10.12 inf=2.54 iv=1.10 n=4 d=8 sk=0 hf=95940 hm=78176 ht=283428 pf=0 pm=0 pt=0 ru=235608 rp=253372
23:25:14.690 @I ww=marvin cut=0.50 win=5 cool=1000 tick=100 wifi=1 srv=1 li=0 ln=0
23:25:14.690 @T t=144204 s=0.000 lv=-39.5 pk=-38.5 c0=13.1 c1=7.6 kw=7.40 inf=3.09 iv=1.18 n=2 d=8 sk=0 hf=95940 hm=78176 ht=283428 pf=0 pm=0 pt=0 ru=235608 rp=253372
23:25:14.690 @T t=144313 s=0.000 lv=-39.1 pk=-37.9 c0=9.2 c1=10.5 kw=10.29 inf=2.59 iv=1.13 n=4 d=8 sk=0 hf=95940 hm=78176 ht=283428 pf=0 pm=0 pt=0 ru=235608 rp=253372
23:25:14.690 @T t=144399 s=0.000 lv=-37.4 pk=-35.2 c0=8.6 c1=9.8 kw=9.25 inf=2.46 iv=1.17 n=3 d=8 sk=0 hf=95940 hm=78176 ht=283428 pf=0 pm=0 pt=0 ru=235608 rp=253372
23:25:14.690 @T t=144505 s=0.000 lv=-40.6 pk=-40.4 c0=4.1 c1=9.0 kw=8.49 inf=2.71 iv=1.13 n=3 d=8 sk=0 hf=95940 hm=78176 ht=283428 pf=0 pm=0 pt=0 ru=235608 rp=253372
23:25:14.690 @T t=144614 s=0.000 lv=-41.0 pk=-39.9 c0=8.9 c1=10.6 kw=10.65 inf=2.73 iv=1.29 n=4 d=8 sk=0 hf=95940 hm=78176 ht=283428 pf=0 pm=0 pt=0 ru=235608 rp=253372
23:25:14.690 @T t=144700 s=0.000 lv=-39.6 pk=-38.7 c0=4.0 c1=8.0 kw=7.80 inf=2.05 iv=1.17 n=2 d=8 sk=1 hf=95940 hm=78176 ht=283428 pf=0 pm=0 pt=0 ru=235608 rp=253372
23:25:14.690 @T t=144806 s=0.000 lv=-39.2 pk=-38.0 c0=3.4 c1=6.1 kw=5.94 inf=1.37 iv=0.00 n=0 d=8 sk=4 hf=95940 hm=78176 ht=283428 pf=0 pm=0 pt=0 ru=235608 rp=253372
23:25:14.690 @T t=144912 s=0.000 lv=-39.8 pk=-38.9 c0=3.1 c1=5.1 kw=4.94 inf=1.52 iv=0.00 n=0 d=8 sk=3 hf=95940 hm=78176 ht=283428 pf=0 pm=0 pt=0 ru=235608 rp=253372
23:25:14.690 @T t=144998 s=0.000 lv=-40.3 pk=-39.3 c0=3.7 c1=5.0 kw=4.88 inf=1.83 iv=0.00 n=0 d=8 sk=2 hf=95940 hm=78176 ht=283428 pf=0 pm=0 pt=0 ru=235608 rp=253372
23:25:14.690 @T t=145104 s=0.000 lv=-38.7 pk=-37.5 c0=6.3 c1=5.1 kw=4.96 inf=1.53 iv=0.00 n=0 d=8 sk=3 hf=95940 hm=78176 ht=283428 pf=0 pm=0 pt=0 ru=235608 rp=253372
23:25:14.690 @I ww=marvin cut=0.50 win=5 cool=1000 tick=100 wifi=1 srv=1 li=0 ln=0
23:25:14.690 @T t=145195 s=0.000 lv=-39.4 pk=-38.3 c0=4.3 c1=5.9 kw=5.72 inf=1.53 iv=0.00 n=0 d=8 sk=3 hf=95940 hm=78176 ht=283428 pf=0 pm=0 pt=0 ru=235608 rp=253372
23:25:14.690 @T t=145301 s=0.000 lv=-38.8 pk=-37.7 c0=3.0 c1=5.1 kw=4.94 inf=1.52 iv=0.00 n=0 d=8 sk=3 hf=95940 hm=78176 ht=283428 pf=0 pm=0 pt=0 ru=235608 rp=253372
23:25:14.690 @T t=145408 s=0.000 lv=-39.4 pk=-38.2 c0=3.6 c1=6.2 kw=5.95 inf=1.38 iv=0.00 n=0 d=8 sk=4 hf=95940 hm=78176 ht=283428 pf=0 pm=0 pt=0 ru=235608 rp=253372
23:25:17.069 @T t=145514 s=0.000 lv=-39.2 pk=-37.0 c0=3.6 c1=5.1 kw=5.02 inf=1.55 iv=0.00 n=0 d=8 sk=3 hf=95940 hm=78176 ht=283428 pf=0 pm=0 pt=0 ru=235608 rp=253372
23:25:17.069 @T t=145599 s=0.000 lv=-40.5 pk=-40.0 c0=3.9 c1=5.0 kw=4.89 inf=1.83 iv=0.00 n=0 d=8 sk=2 hf=95940 hm=78176 ht=283428 pf=0 pm=0 pt=0 ru=235608 rp=253372
23:25:17.069 @T t=145706 s=0.000 lv=-30.7 pk=-24.8 c0=3.0 c1=15.6 kw=14.32 inf=1.20 iv=0.97 n=10 d=8 sk=2 hf=95940 hm=78176 ht=283428 pf=0 pm=0 pt=0 ru=235608 rp=253372
23:25:17.069 @T t=145812 s=0.000 lv=-26.0 pk=-23.8 c0=3.5 c1=9.7 kw=10.22 inf=2.53 iv=1.10 n=4 d=8 sk=0 hf=95940 hm=78176 ht=283428 pf=0 pm=0 pt=0 ru=235608 rp=253372
23:25:17.069 @T t=145898 s=0.000 lv=-35.7 pk=-32.4 c0=4.3 c1=9.5 kw=9.27 inf=2.47 iv=1.19 n=3 d=8 sk=0 hf=95940 hm=78176 ht=283428 pf=0 pm=0 pt=0 ru=235608 rp=253372
23:25:17.069 @T t=146004 s=0.035 lv=-35.4 pk=-33.4 c0=3.5 c1=8.7 kw=8.48 inf=2.76 iv=1.17 n=3 d=8 sk=0 hf=95940 hm=78176 ht=283428 pf=0 pm=0 pt=0 ru=235608 rp=253372
23:25:17.069 @T t=146113 s=0.280 lv=-36.8 pk=-33.2 c0=3.2 c1=10.7 kw=10.49 inf=2.64 iv=1.17 n=4 d=8 sk=0 hf=95940 hm=78176 ht=283428 pf=0 pm=0 pt=0 ru=235608 rp=253372
23:25:17.069 @I ww=marvin cut=0.50 win=5 cool=1000 tick=100 wifi=1 srv=1 li=0 ln=0
23:25:17.069 I (146547) kws: >>> WAKE WORD "marvin" DETECTED  (score 0.63, t = 146.17 s)
23:25:17.069 I (146568) stream: first audio sent 19 ms after the detection
23:25:17.069 @T t=146204 s=0.632 lv=-39.1 pk=-37.7 c0=12.2 c1=12.1 kw=10.04 inf=2.85 iv=1.51 n=3 d=9 sk=0 hf=95940 hm=78176 ht=283428 pf=0 pm=0 pt=0 ru=235608 rp=253372
23:25:17.069 @T t=146311 s=0.962 lv=-39.9 pk=-38.6 c0=18.1 c1=14.5 kw=12.81 inf=3.20 iv=1.57 n=4 d=9 sk=0 hf=95940 hm=78176 ht=283428 pf=0 pm=0 pt=0 ru=235608 rp=253372
23:25:17.069 @T t=146397 s=0.956 lv=-39.3 pk=-37.1 c0=16.7 c1=12.9 kw=9.30 inf=3.70 iv=1.57 n=2 d=9 sk=0 hf=95940 hm=78176 ht=283428 pf=0 pm=0 pt=0 ru=235608 rp=253372
23:25:17.069 @T t=146503 s=0.936 lv=-38.3 pk=-36.9 c0=14.4 c1=13.3 kw=12.28 inf=3.07 iv=1.77 n=4 d=9 sk=0 hf=95940 hm=78176 ht=283428 pf=0 pm=0 pt=0 ru=235608 rp=253372
23:25:17.069 @T t=146610 s=0.613 lv=-33.4 pk=-29.8 c0=17.1 c1=14.0 kw=12.54 inf=3.13 iv=1.51 n=4 d=9 sk=0 hf=92100 hm=78176 ht=283428 pf=0 pm=0 pt=0 ru=239448 rp=253372
23:25:17.069 @T t=146696 s=0.430 lv=-37.6 pk=-36.3 c0=15.0 c1=10.8 kw=9.37 inf=3.73 iv=1.61 n=2 d=9 sk=0 hf=92100 hm=78176 ht=283428 pf=0 pm=0 pt=0 ru=239448 rp=253372
23:25:17.069 @T t=146802 s=0.230 lv=-36.9 pk=-34.4 c0=17.7 c1=13.6 kw=12.10 inf=3.02 iv=1.62 n=4 d=9 sk=0 hf=95940 hm=78176 ht=283428 pf=0 pm=0 pt=0 ru=235608 rp=253372
23:25:17.069 I (147267) wake_word: score event: peak 0.96 over 660 ms -> detected
23:25:17.069 @T t=146910 s=0.031 lv=-29.1 pk=-25.4 c0=16.9 c1=15.2 kw=13.68 inf=3.47 iv=1.54 n=4 d=9 sk=0 hf=92304 hm=78176 ht=283428 pf=0 pm=0 pt=0 ru=239244 rp=253372
23:25:17.069 @T t=146996 s=0.000 lv=-35.6 pk=-33.6 c0=15.0 c1=10.6 kw=9.17 inf=3.64 iv=1.54 n=2 d=9 sk=0 hf=92820 hm=78176 ht=283428 pf=0 pm=0 pt=0 ru=238728 rp=253372
23:25:17.069 @T t=147108 s=0.000 lv=-38.9 pk=-36.6 c0=15.5 c1=13.4 kw=11.86 inf=3.12 iv=1.55 n=4 d=9 sk=0 hf=92100 hm=78176 ht=283428 pf=0 pm=0 pt=0 ru=239448 rp=253372
23:25:17.069 @I ww=marvin cut=0.50 win=5 cool=1000 tick=100 wifi=1 srv=1 li=0 ln=0
23:25:17.069 @T t=147204 s=0.000 lv=-37.8 pk=-37.5 c0=26.9 c1=11.8 kw=9.99 inf=2.97 iv=1.57 n=3 d=9 sk=0 hf=95940 hm=78176 ht=283428 pf=0 pm=0 pt=0 ru=235608 rp=253372
23:25:17.069 @T t=147313 s=0.000 lv=-32.2 pk=-29.6 c0=15.3 c1=13.4 kw=11.98 inf=3.04 iv=1.43 n=4 d=9 sk=0 hf=92100 hm=78176 ht=283428 pf=0 pm=0 pt=0 ru=239448 rp=253372
23:25:17.069 @T t=147399 s=0.000 lv=-39.4 pk=-37.0 c0=14.2 c1=11.4 kw=10.52 inf=2.82 iv=1.45 n=3 d=9 sk=0 hf=84420 hm=78176 ht=283428 pf=0 pm=0 pt=0 ru=247128 rp=253372
23:25:17.069 @T t=147510 s=0.000 lv=-40.4 pk=-39.5 c0=16.4 c1=14.1 kw=12.28 inf=3.19 iv=1.63 n=4 d=9 sk=0 hf=95940 hm=78176 ht=283428 pf=0 pm=0 pt=0 ru=235608 rp=253372
23:25:17.069 @T t=147596 s=0.000 lv=-39.8 pk=-38.4 c0=16.4 c1=9.3 kw=8.79 inf=3.49 iv=1.42 n=2 d=9 sk=0 hf=84420 hm=78176 ht=283428 pf=0 pm=0 pt=0 ru=247128 rp=253372
23:25:17.069 @T t=147702 s=0.000 lv=-39.1 pk=-38.0 c0=15.0 c1=13.0 kw=11.36 inf=2.82 iv=1.50 n=4 d=9 sk=0 hf=92304 hm=78176 ht=283428 pf=0 pm=0 pt=0 ru=239244 rp=253372
23:25:17.069 @T t=147810 s=0.000 lv=-39.5 pk=-38.4 c0=16.6 c1=14.0 kw=12.71 inf=3.21 iv=1.57 n=4 d=9 sk=0 hf=92304 hm=78176 ht=283428 pf=0 pm=0 pt=0 ru=239244 rp=253372
23:25:19.370 @T t=147899 s=0.000 lv=-39.1 pk=-37.5 c0=19.9 c1=9.9 kw=8.66 inf=3.56 iv=1.47 n=2 d=9 sk=0 hf=88260 hm=78176 ht=283428 pf=0 pm=0 pt=0 ru=243288 rp=253372
23:25:19.370 I (148332) stream: stream finished (silence): 1780 ms of audio sent (27 KB)
23:25:19.370 @T t=148005 s=0.000 lv=-39.2 pk=-38.3 c0=14.6 c1=12.5 kw=10.94 inf=2.68 iv=1.37 n=4 d=9 sk=0 hf=95940 hm=78176 ht=283428 pf=0 pm=0 pt=0 ru=235608 rp=253372
23:25:19.370 @T t=148111 s=0.000 lv=-40.0 pk=-38.4 c0=3.4 c1=10.6 kw=10.23 inf=2.53 iv=1.10 n=4 d=9 sk=0 hf=95940 hm=78176 ht=283428 pf=0 pm=0 pt=0 ru=235608 rp=253372
23:25:19.370 @I ww=marvin cut=0.50 win=5 cool=1000 tick=100 wifi=1 srv=1 li=0 ln=0
23:25:19.370 @T t=148202 s=0.000 lv=-36.4 pk=-33.3 c0=4.7 c1=7.6 kw=7.44 inf=3.10 iv=1.19 n=2 d=9 sk=0 hf=95940 hm=78176 ht=283428 pf=0 pm=0 pt=0 ru=235608 rp=253372
23:25:19.370 @T t=148308 s=0.000 lv=-40.4 pk=-39.6 c0=6.3 c1=10.8 kw=10.52 inf=2.58 iv=1.14 n=4 d=9 sk=0 hf=95940 hm=78176 ht=283428 pf=0 pm=0 pt=0 ru=235608 rp=253372
23:25:19.370 @T t=148414 s=0.000 lv=-40.6 pk=-39.7 c0=6.7 c1=10.9 kw=10.28 inf=2.54 iv=1.29 n=4 d=9 sk=0 hf=95940 hm=78176 ht=283428 pf=0 pm=0 pt=0 ru=235608 rp=253372
23:25:19.370 I (148863) wifi:[ADDBA]RX DELBA, reason:37, delete tid:0, initiator:1(originator)
23:25:19.370 @T t=148500 s=0.000 lv=-38.5 pk=-37.1 c0=10.3 c1=7.5 kw=7.91 inf=3.12 iv=1.16 n=2 d=9 sk=0 hf=95744 hm=78176 ht=283428 pf=0 pm=0 pt=0 ru=235804 rp=253372
23:25:19.370 @T t=148606 s=0.000 lv=-40.9 pk=-39.6 c0=3.6 c1=11.3 kw=10.58 inf=2.58 iv=1.14 n=4 d=9 sk=0 hf=95940 hm=78176 ht=283428 pf=0 pm=0 pt=0 ru=235608 rp=253372
23:25:19.371 @T t=148712 s=0.000 lv=-40.6 pk=-39.5 c0=3.4 c1=9.5 kw=9.30 inf=2.29 iv=1.10 n=4 d=9 sk=0 hf=95940 hm=78176 ht=283428 pf=0 pm=0 pt=0 ru=235608 rp=253372
23:25:19.371 @T t=148798 s=0.000 lv=-37.9 pk=-36.7 c0=4.6 c1=7.3 kw=7.86 inf=3.10 iv=1.19 n=2 d=9 sk=0 hf=95940 hm=78176 ht=283428 pf=0 pm=0 pt=0 ru=235608 rp=253372
23:25:19.371 @T t=148904 s=0.000 lv=-38.8 pk=-37.3 c0=3.5 c1=10.3 kw=9.48 inf=2.33 iv=1.12 n=4 d=9 sk=0 hf=95940 hm=78176 ht=283428 pf=0 pm=0 pt=0 ru=235608 rp=253372
23:25:19.371 @T t=149013 s=0.000 lv=-39.3 pk=-38.0 c0=8.9 c1=10.5 kw=10.26 inf=2.58 iv=1.12 n=4 d=9 sk=0 hf=95940 hm=78176 ht=283428 pf=0 pm=0 pt=0 ru=235608 rp=253372
23:25:19.371 @T t=149099 s=0.000 lv=-37.7 pk=-36.3 c0=7.4 c1=8.1 kw=7.89 inf=3.11 iv=1.19 n=2 d=9 sk=0 hf=95940 hm=78176 ht=283428 pf=0 pm=0 pt=0 ru=235608 rp=253372
23:25:19.371 @I ww=marvin cut=0.50 win=5 cool=1000 tick=100 wifi=1 srv=1 li=0 ln=0
23:25:19.371 @T t=149210 s=0.000 lv=-38.1 pk=-37.0 c0=4.0 c1=10.1 kw=9.92 inf=2.54 iv=1.10 n=4 d=9 sk=0 hf=95940 hm=78176 ht=283428 pf=0 pm=0 pt=0 ru=235608 rp=253372
23:25:19.371 @T t=149296 s=0.000 lv=-37.8 pk=-36.5 c0=7.3 c1=9.3 kw=9.07 inf=2.41 iv=1.14 n=3 d=9 sk=0 hf=95940 hm=78176 ht=283428 pf=0 pm=0 pt=0 ru=235608 rp=253372
23:25:19.371 @T t=149402 s=0.000 lv=-39.8 pk=-38.7 c0=3.9 c1=8.6 kw=8.37 inf=2.72 iv=1.13 n=3 d=9 sk=0 hf=95940 hm=78176 ht=283428 pf=0 pm=0 pt=0 ru=235608 rp=253372
23:25:19.371 @T t=149508 s=0.000 lv=-40.5 pk=-38.8 c0=3.5 c1=10.7 kw=10.43 inf=2.55 iv=1.11 n=4 d=9 sk=0 hf=95940 hm=78176 ht=283428 pf=0 pm=0 pt=0 ru=235608 rp=253372
23:25:19.371 @T t=149614 s=0.000 lv=-38.4 pk=-35.8 c0=3.4 c1=9.4 kw=9.26 inf=2.28 iv=1.09 n=4 d=9 sk=0 hf=95940 hm=78176 ht=283428 pf=0 pm=0 pt=0 ru=235608 rp=253372
23:25:19.371 @T t=149700 s=0.000 lv=-40.0 pk=-38.7 c0=3.9 c1=8.0 kw=7.80 inf=3.07 iv=1.16 n=2 d=9 sk=0 hf=95940 hm=78176 ht=283428 pf=0 pm=0 pt=0 ru=235608 rp=253372
23:25:19.371 @T t=149806 s=0.000 lv=-37.9 pk=-35.5 c0=3.5 c1=8.7 kw=8.45 inf=2.03 iv=1.22 n=2 d=9 sk=2 hf=95940 hm=78176 ht=283428 pf=0 pm=0 pt=0 ru=235608 rp=253372
23:25:19.371 @T t=149911 s=0.000 lv=-38.3 pk=-38.0 c0=6.0 c1=5.1 kw=4.99 inf=1.54 iv=0.00 n=0 d=9 sk=3 hf=95940 hm=78176 ht=283428 pf=0 pm=0 pt=0 ru=235608 rp=253372
23:25:19.371 I (150300) stream: server: {"type":"response","text":"What is the weather today?","saved":"20260928_232515_350_e072a1d53274_marvin.wav"}
23:25:19.371 @T t=149998 s=0.000 lv=-38.2 pk=-37.5 c0=6.7 c1=9.1 kw=5.10 inf=1.89 iv=0.00 n=0 d=9 sk=2 hf=95940 hm=78176 ht=283428 pf=0 pm=0 pt=0 ru=235608 rp=253372
23:25:19.371 @T t=150104 s=0.000 lv=-39.2 pk=-38.7 c0=4.0 c1=5.2 kw=5.04 inf=1.55 iv=0.00 n=0 d=9 sk=3 hf=95940 hm=78176 ht=283428 pf=0 pm=0 pt=0 ru=235608 rp=253372
23:25:19.371 @I ww=marvin cut=0.50 win=5 cool=1000 tick=100 wifi=1 srv=1 li=0 ln=0
23:25:21.566 @T t=150194 s=0.000 lv=-37.7 pk=-35.0 c0=4.5 c1=6.0 kw=5.85 inf=1.55 iv=0.00 n=0 d=9 sk=3 hf=95940 hm=78176 ht=283428 pf=0 pm=0 pt=0 ru=235608 rp=253372
23:25:21.566 @T t=150300 s=0.000 lv=-39.3 pk=-38.2 c0=3.1 c1=5.1 kw=4.93 inf=1.52 iv=0.00 n=0 d=9 sk=3 hf=95940 hm=78176 ht=283428 pf=0 pm=0 pt=0 ru=235608 rp=253372
23:25:21.566 @T t=150406 s=0.000 lv=-38.4 pk=-37.0 c0=3.0 c1=6.0 kw=5.89 inf=1.36 iv=0.00 n=0 d=9 sk=4 hf=95940 hm=78176 ht=283428 pf=0 pm=0 pt=0 ru=235608 rp=253372
23:25:21.566 @T t=150512 s=0.000 lv=-39.3 pk=-36.9 c0=3.0 c1=5.0 kw=4.90 inf=1.51 iv=0.00 n=0 d=9 sk=3 hf=95940 hm=78176 ht=283428 pf=0 pm=0 pt=0 ru=235608 rp=253372
23:25:21.566 @T t=150598 s=0.000 lv=-40.7 pk=-39.5 c0=3.7 c1=5.0 kw=4.83 inf=1.81 iv=0.00 n=0 d=9 sk=2 hf=95940 hm=78176 ht=283428 pf=0 pm=0 pt=0 ru=235608 rp=253372
23:25:21.566 @T t=150704 s=0.000 lv=-39.2 pk=-38.5 c0=3.0 c1=5.4 kw=5.05 inf=1.52 iv=0.00 n=0 d=9 sk=3 hf=95940 hm=78176 ht=283428 pf=0 pm=0 pt=0 ru=235608 rp=253372
23:25:21.566 @T t=150810 s=0.000 lv=-38.0 pk=-35.4 c0=3.0 c1=6.1 kw=5.80 inf=1.82 iv=0.00 n=0 d=9 sk=3 hf=95940 hm=78176 ht=283428 pf=0 pm=0 pt=0 ru=235608 rp=253372
23:25:21.566 @T t=150897 s=0.000 lv=-30.5 pk=-28.1 c0=3.9 c1=19.0 kw=18.76 inf=1.30 iv=0.97 n=12 d=9 sk=0 hf=95940 hm=78176 ht=283428 pf=0 pm=0 pt=0 ru=235608 rp=253372
23:25:21.566 @T t=151003 s=0.000 lv=-24.1 pk=-22.1 c0=7.2 c1=9.5 kw=8.95 inf=2.92 iv=1.27 n=3 d=9 sk=0 hf=95744 hm=78176 ht=283428 pf=0 pm=0 pt=0 ru=235804 rp=253372
23:25:21.566 @T t=151109 s=0.006 lv=-33.3 pk=-28.0 c0=4.0 c1=11.4 kw=11.13 inf=2.73 iv=1.25 n=4 d=9 sk=0 hf=95940 hm=78176 ht=283428 pf=0 pm=0 pt=0 ru=235608 rp=253372
23:25:21.566 @I ww=marvin cut=0.50 win=5 cool=1000 tick=100 wifi=1 srv=1 li=0 ln=0
23:25:21.566 [status] up 151s | mic -35.1 dBFS (peak -22.1) | score max 0.96 | detections 9 | inferences 283 (28.3/s; model 1.23 ms each, paused in quiet 18%; features 1.43 ms per 30 ms) | CPU core0  7.1% core1  9.5% (wake word pipeline 9.09% of one core) | RAM used 230 KB (peak 247 KB, 93 KB free) | wifi OK, server OK | audio lost since boot: i2s 0 net 0
23:25:21.566 @T t=151201 s=0.199 lv=-36.8 pk=-36.6 c0=9.9 c1=9.5 kw=9.27 inf=2.65 iv=1.32 n=3 d=9 sk=0 hf=95940 hm=78176 ht=283428 pf=0 pm=0 pt=0 ru=235608 rp=253372
23:25:21.566 I (151647) kws: >>> WAKE WORD "marvin" DETECTED  (score 0.55, t = 151.27 s)
23:25:21.566 I (151667) stream: first audio sent 18 ms after the detection
23:25:21.566 @T t=151310 s=0.545 lv=-38.7 pk=-37.1 c0=11.0 c1=13.1 kw=11.18 inf=2.83 iv=1.32 n=4 d=10 sk=0 hf=92100 hm=78176 ht=283428 pf=0 pm=0 pt=0 ru=239448 rp=253372
23:25:21.566 @T t=151396 s=0.729 lv=-37.5 pk=-36.2 c0=13.9 c1=11.4 kw=10.78 inf=2.89 iv=1.49 n=3 d=10 sk=0 hf=85860 hm=78176 ht=283428 pf=0 pm=0 pt=0 ru=245688 rp=253372
23:25:21.566 @T t=151509 s=0.945 lv=-38.3 pk=-36.9 c0=16.2 c1=14.0 kw=12.11 inf=3.20 iv=1.60 n=4 d=10 sk=0 hf=92100 hm=78176 ht=283428 pf=0 pm=0 pt=0 ru=239448 rp=253372
23:25:21.566 @T t=151595 s=0.977 lv=-34.5 pk=-31.2 c0=15.3 c1=10.7 kw=9.48 inf=3.78 iv=1.70 n=2 d=10 sk=0 hf=92100 hm=78176 ht=283428 pf=0 pm=0 pt=0 ru=239448 rp=253372
23:25:21.566 @T t=151701 s=0.973 lv=-30.7 pk=-28.2 c0=14.2 c1=12.9 kw=11.62 inf=2.89 iv=1.58 n=4 d=10 sk=0 hf=94156 hm=78176 ht=283428 pf=0 pm=0 pt=0 ru=237392 rp=253372
23:25:21.566 @T t=151811 s=0.894 lv=-36.3 pk=-35.5 c0=16.2 c1=13.7 kw=11.91 inf=3.05 iv=1.49 n=4 d=10 sk=0 hf=92304 hm=78176 ht=283428 pf=0 pm=0 pt=0 ru=239244 rp=253372
23:25:21.566 @T t=151897 s=0.877 lv=-35.0 pk=-33.3 c0=15.4 c1=10.6 kw=9.28 inf=3.69 iv=1.60 n=2 d=10 sk=0 hf=95940 hm=78176 ht=283428 pf=0 pm=0 pt=0 ru=235608 rp=253372
23:25:21.566 @T t=152003 s=0.813 lv=-30.0 pk=-28.3 c0=14.4 c1=12.8 kw=11.99 inf=2.97 iv=1.65 n=4 d=10 sk=0 hf=88464 hm=78176 ht=283428 pf=0 pm=0 pt=0 ru=243084 rp=253372
23:25:21.566 @T t=152112 s=0.363 lv=-36.6 pk=-36.4 c0=19.5 c1=14.0 kw=12.33 inf=3.13 iv=1.58 n=4 d=10 sk=0 hf=92100 hm=78176 ht=283428 pf=0 pm=0 pt=0 ru=239448 rp=253372
23:25:21.566 @I ww=marvin cut=0.50 win=5 cool=1000 tick=100 wifi=1 srv=1 li=0 ln=0
23:25:21.566 @T t=152203 s=0.002 lv=-36.3 pk=-34.9 c0=15.1 c1=9.7 kw=8.54 inf=3.59 iv=1.45 n=2 d=10 sk=0 hf=92100 hm=78176 ht=283428 pf=0 pm=0 pt=0 ru=239448 rp=253372
23:25:21.566 I (152587) wake_word: score event: peak 0.98 over 870 ms -> detected
23:25:21.566 @T t=152310 s=0.000 lv=-37.5 pk=-36.3 c0=15.8 c1=14.9 kw=20.12 inf=5.16 iv=1.55 n=4 d=10 sk=0 hf=92100 hm=78176 ht=283428 pf=0 pm=0 pt=0 ru=239448 rp=253372
23:25:23.883 @T t=152396 s=0.000 lv=-37.6 pk=-36.5 c0=15.1 c1=12.2 kw=10.53 inf=2.82 iv=1.44 n=3 d=10 sk=0 hf=95940 hm=78176 ht=283428 pf=0 pm=0 pt=0 ru=235608 rp=253372
23:25:23.883 @T t=152502 s=0.000 lv=-35.9 pk=-33.5 c0=14.4 c1=11.1 kw=9.75 inf=3.20 iv=1.47 n=3 d=10 sk=0 hf=95940 hm=78176 ht=283428 pf=0 pm=0 pt=0 ru=235608 rp=253372
23:25:23.883 @T t=152611 s=0.000 lv=-38.8 pk=-37.4 c0=15.7 c1=13.2 kw=11.88 inf=3.02 iv=1.46 n=4 d=10 sk=0 hf=95940 hm=78176 ht=283428 pf=0 pm=0 pt=0 ru=235608 rp=253372
23:25:23.883 @T t=152697 s=0.000 lv=-38.6 pk=-37.0 c0=13.5 c1=11.5 kw=10.47 inf=2.81 iv=1.44 n=3 d=10 sk=0 hf=84624 hm=78176 ht=283428 pf=0 pm=0 pt=0 ru=246924 rp=253372
23:25:23.883 I (153150) stream: stream finished (silence): 1500 ms of audio sent (23 KB)
23:25:23.883 @T t=152803 s=0.000 lv=-38.6 pk=-37.0 c0=16.8 c1=12.7 kw=10.85 inf=3.59 iv=1.84 n=3 d=10 sk=0 hf=94380 hm=78176 ht=283428 pf=0 pm=0 pt=0 ru=237168 rp=253372
23:25:23.883 @T t=152909 s=0.000 lv=-40.0 pk=-38.6 c0=3.8 c1=11.4 kw=10.87 inf=2.66 iv=1.22 n=4 d=10 sk=0 hf=95940 hm=78176 ht=283428 pf=0 pm=0 pt=0 ru=235608 rp=253372
23:25:23.883 @T t=152995 s=0.000 lv=-38.8 pk=-37.6 c0=8.5 c1=10.7 kw=10.50 inf=2.81 iv=1.35 n=3 d=10 sk=0 hf=95940 hm=78176 ht=283428 pf=0 pm=0 pt=0 ru=235608 rp=253372
23:25:23.883 @T t=153101 s=0.000 lv=-39.5 pk=-38.6 c0=4.6 c1=8.8 kw=8.57 inf=2.79 iv=1.19 n=3 d=10 sk=0 hf=95940 hm=78176 ht=283428 pf=0 pm=0 pt=0 ru=235608 rp=253372
23:25:23.883 @I ww=marvin cut=0.50 win=5 cool=1000 tick=100 wifi=1 srv=1 li=0 ln=0
23:25:23.883 @T t=153212 s=0.000 lv=-39.1 pk=-38.0 c0=4.1 c1=10.3 kw=10.07 inf=2.58 iv=1.14 n=4 d=10 sk=0 hf=95940 hm=78176 ht=283428 pf=0 pm=0 pt=0 ru=235608 rp=253372
23:25:23.884 @T t=153298 s=0.000 lv=-39.7 pk=-38.3 c0=4.2 c1=9.3 kw=9.11 inf=2.42 iv=1.14 n=3 d=10 sk=0 hf=95940 hm=78176 ht=283428 pf=0 pm=0 pt=0 ru=235608 rp=253372
23:25:23.884 @T t=153404 s=0.000 lv=-40.3 pk=-39.0 c0=3.7 c1=8.6 kw=8.44 inf=2.74 iv=1.15 n=3 d=10 sk=0 hf=95940 hm=78176 ht=283428 pf=0 pm=0 pt=0 ru=235608 rp=253372
23:25:23.884 @T t=153510 s=0.000 lv=-40.0 pk=-38.4 c0=3.6 c1=10.7 kw=10.49 inf=2.56 iv=1.10 n=4 d=10 sk=0 hf=95940 hm=78176 ht=283428 pf=0 pm=0 pt=0 ru=235608 rp=253372
23:25:23.884 @T t=153596 s=0.000 lv=-41.1 pk=-40.1 c0=3.9 c1=8.0 kw=7.83 inf=2.06 iv=1.19 n=2 d=10 sk=1 hf=95940 hm=78176 ht=283428 pf=0 pm=0 pt=0 ru=235608 rp=253372
23:25:23.884 @T t=153702 s=0.000 lv=-39.8 pk=-38.4 c0=3.3 c1=5.1 kw=4.97 inf=1.53 iv=0.00 n=0 d=10 sk=3 hf=95940 hm=78176 ht=283428 pf=0 pm=0 pt=0 ru=235608 rp=253372
23:25:23.884 @T t=153807 s=0.000 lv=-39.5 pk=-36.7 c0=6.4 c1=6.1 kw=5.93 inf=1.37 iv=0.00 n=0 d=10 sk=4 hf=95940 hm=78176 ht=283428 pf=0 pm=0 pt=0 ru=235608 rp=253372
23:25:23.884 @T t=153913 s=0.000 lv=-40.1 pk=-39.4 c0=3.1 c1=5.1 kw=4.93 inf=1.52 iv=0.00 n=0 d=10 sk=3 hf=95940 hm=78176 ht=283428 pf=0 pm=0 pt=0 ru=235608 rp=253372
23:25:23.884 @T t=154000 s=0.000 lv=-40.2 pk=-39.5 c0=4.4 c1=5.1 kw=4.92 inf=1.84 iv=0.00 n=0 d=10 sk=2 hf=95940 hm=78176 ht=283428 pf=0 pm=0 pt=0 ru=235608 rp=253372
23:25:23.884 @T t=154105 s=0.000 lv=-39.0 pk=-37.8 c0=3.2 c1=6.1 kw=5.94 inf=1.37 iv=0.00 n=0 d=10 sk=4 hf=95940 hm=78176 ht=283428 pf=0 pm=0 pt=0 ru=235608 rp=253372
23:25:23.884 @I ww=marvin cut=0.50 win=5 cool=1000 tick=100 wifi=1 srv=1 li=0 ln=0
23:25:23.884 @T t=154197 s=0.000 lv=-39.9 pk=-38.2 c0=4.3 c1=4.7 kw=4.54 inf=1.82 iv=0.00 n=0 d=10 sk=2 hf=95940 hm=78176 ht=283428 pf=0 pm=0 pt=0 ru=235608 rp=253372
23:25:23.884 @T t=154304 s=0.000 lv=-37.8 pk=-35.0 c0=3.1 c1=5.1 kw=4.91 inf=1.51 iv=0.00 n=0 d=10 sk=3 hf=95940 hm=78176 ht=283428 pf=0 pm=0 pt=0 ru=235608 rp=253372
23:25:23.884 @T t=154410 s=0.000 lv=-32.1 pk=-30.2 c0=3.1 c1=17.3 kw=17.04 inf=1.33 iv=0.97 n=12 d=10 sk=1 hf=95940 hm=78176 ht=283428 pf=0 pm=0 pt=0 ru=235608 rp=253372
23:25:23.884 @T t=154496 s=0.000 lv=-35.8 pk=-34.6 c0=4.6 c1=9.5 kw=9.33 inf=2.48 iv=1.19 n=3 d=10 sk=0 hf=95940 hm=78176 ht=283428 pf=0 pm=0 pt=0 ru=235608 rp=253372
23:25:23.884 @T t=154602 s=0.000 lv=-36.3 pk=-34.0 c0=3.5 c1=8.5 kw=8.31 inf=2.70 iv=1.13 n=3 d=10 sk=0 hf=95940 hm=78176 ht=283428 pf=0 pm=0 pt=0 ru=235608 rp=253372
23:25:23.884 I (155044) wifi:[ADDBA]RX DELBA, reason:37, delete tid:0, initiator:1(originator)
23:25:23.884 I (155052) stream: server: {"type":"response","text":"Play some music.","saved":"20260928_232520_433_e072a1d53274_marvin.wav"}
23:25:26.271 @T t=154708 s=0.000 lv=-35.9 pk=-34.3 c0=8.7 c1=12.4 kw=11.32 inf=2.78 iv=1.30 n=4 d=10 sk=0 hf=95940 hm=78176 ht=283428 pf=0 pm=0 pt=0 ru=235608 rp=253372
23:25:26.271 @T t=154814 s=0.000 lv=-35.4 pk=-32.8 c0=4.1 c1=8.9 kw=8.72 inf=2.84 iv=1.23 n=3 d=10 sk=0 hf=95940 hm=78176 ht=283428 pf=0 pm=0 pt=0 ru=235608 rp=253372
23:25:26.271 @T t=154900 s=0.000 lv=-38.0 pk=-37.2 c0=4.3 c1=9.4 kw=9.25 inf=2.46 iv=1.16 n=3 d=10 sk=0 hf=95940 hm=78176 ht=283428 pf=0 pm=0 pt=0 ru=235608 rp=253372
23:25:26.271 @T t=155006 s=0.000 lv=-34.9 pk=-31.0 c0=6.2 c1=9.9 kw=8.56 inf=2.06 iv=0.87 n=4 d=10 sk=0 hf=95940 hm=78176 ht=283428 pf=0 pm=0 pt=0 ru=235608 rp=253372
23:25:26.271 @T t=155112 s=0.000 lv=-36.2 pk=-33.6 c0=3.3 c1=9.7 kw=10.36 inf=3.42 iv=1.51 n=3 d=10 sk=0 hf=95940 hm=78176 ht=283428 pf=0 pm=0 pt=0 ru=235608 rp=253372
23:25:26.271 @I ww=marvin cut=0.50 win=5 cool=1000 tick=100 wifi=1 srv=1 li=0 ln=0
23:25:26.271 @T t=155203 s=0.000 lv=-34.3 pk=-31.9 c0=13.1 c1=8.8 kw=8.61 inf=2.42 iv=1.14 n=3 d=10 sk=0 hf=95940 hm=78176 ht=283428 pf=0 pm=0 pt=0 ru=235608 rp=253372
23:25:26.271 @T t=155309 s=0.000 lv=-36.6 pk=-32.8 c0=3.5 c1=10.8 kw=10.54 inf=2.58 iv=1.14 n=4 d=10 sk=0 hf=95940 hm=78176 ht=283428 pf=0 pm=0 pt=0 ru=235608 rp=253372
23:25:26.271 @T t=155395 s=0.000 lv=-38.1 pk=-36.7 c0=4.1 c1=9.3 kw=9.14 inf=2.43 iv=1.16 n=3 d=10 sk=0 hf=95940 hm=78176 ht=283428 pf=0 pm=0 pt=0 ru=235608 rp=253372
23:25:26.271 @T t=155501 s=0.000 lv=-38.6 pk=-36.5 c0=6.1 c1=8.7 kw=8.50 inf=2.77 iv=1.18 n=3 d=10 sk=0 hf=95940 hm=78176 ht=283428 pf=0 pm=0 pt=0 ru=235608 rp=253372
23:25:26.271 @T t=155607 s=0.000 lv=-40.0 pk=-38.1 c0=6.4 c1=11.0 kw=10.78 inf=2.64 iv=1.19 n=4 d=10 sk=0 hf=95940 hm=78176 ht=283428 pf=0 pm=0 pt=0 ru=235608 rp=253372
23:25:26.271 @T t=155713 s=0.000 lv=-38.4 pk=-36.5 c0=6.8 c1=9.8 kw=9.54 inf=3.12 iv=1.34 n=3 d=10 sk=0 hf=95940 hm=78176 ht=283428 pf=0 pm=0 pt=0 ru=235608 rp=253372
23:25:26.271 @T t=155799 s=0.000 lv=-38.0 pk=-34.4 c0=5.0 c1=10.0 kw=9.83 inf=2.62 iv=1.30 n=3 d=10 sk=0 hf=95940 hm=78176 ht=283428 pf=0 pm=0 pt=0 ru=235608 rp=253372
23:25:26.271 @T t=155905 s=0.000 lv=-26.1 pk=-22.9 c0=3.6 c1=9.1 kw=8.75 inf=2.81 iv=1.21 n=3 d=10 sk=0 hf=95940 hm=78176 ht=283428 pf=0 pm=0 pt=0 ru=235608 rp=253372
23:25:26.271 @T t=156011 s=0.000 lv=-28.1 pk=-25.5 c0=3.6 c1=10.8 kw=10.75 inf=2.67 iv=1.23 n=4 d=10 sk=0 hf=95940 hm=78176 ht=283428 pf=0 pm=0 pt=0 ru=235608 rp=253372
23:25:26.271 @T t=156097 s=0.048 lv=-38.1 pk=-36.9 c0=4.1 c1=9.5 kw=9.33 inf=2.48 iv=1.20 n=3 d=10 sk=0 hf=95940 hm=78176 ht=283428 pf=0 pm=0 pt=0 ru=235608 rp=253372
23:25:26.271 @I ww=marvin cut=0.50 win=5 cool=1000 tick=100 wifi=1 srv=1 li=0 ln=0
23:25:26.271 @T t=156208 s=0.276 lv=-38.3 pk=-36.5 c0=4.0 c1=10.4 kw=10.17 inf=2.61 iv=1.17 n=4 d=10 sk=0 hf=95940 hm=78176 ht=283428 pf=0 pm=0 pt=0 ru=235608 rp=253372
23:25:26.272 I (156647) kws: >>> WAKE WORD "marvin" DETECTED  (score 0.51, t = 156.27 s)
23:25:26.272 I (156668) stream: first audio sent 19 ms after the detection
23:25:26.272 @T t=156314 s=0.509 lv=-40.6 pk=-39.9 c0=14.7 c1=11.8 kw=9.90 inf=3.25 iv=1.57 n=3 d=11 sk=0 hf=92304 hm=78176 ht=283428 pf=0 pm=0 pt=0 ru=239244 rp=253372
23:25:26.272 @T t=156400 s=0.749 lv=-40.2 pk=-38.2 c0=19.8 c1=13.2 kw=11.94 inf=3.23 iv=1.74 n=3 d=11 sk=0 hf=89700 hm=78176 ht=283428 pf=0 pm=0 pt=0 ru=241848 rp=253372
23:25:26.272 @T t=156506 s=0.984 lv=-40.0 pk=-38.7 c0=8.1 c1=10.8 kw=9.39 inf=2.27 iv=1.04 n=4 d=11 sk=0 hf=83280 hm=78176 ht=283428 pf=0 pm=0 pt=0 ru=248268 rp=253372
23:25:26.272 @T t=156597 s=0.984 lv=-39.9 pk=-38.6 c0=20.1 c1=13.2 kw=12.48 inf=3.59 iv=1.89 n=3 d=11 sk=0 hf=92304 hm=78176 ht=283428 pf=0 pm=0 pt=0 ru=239244 rp=253372
23:25:26.272 @T t=156703 s=0.952 lv=-38.8 pk=-37.4 c0=14.6 c1=11.8 kw=10.45 inf=3.44 iv=1.65 n=3 d=11 sk=0 hf=86572 hm=78176 ht=283428 pf=0 pm=0 pt=0 ru=244976 rp=253372
23:25:26.272 @T t=156812 s=0.924 lv=-37.1 pk=-35.0 c0=15.2 c1=13.1 kw=12.53 inf=3.19 iv=1.54 n=4 d=11 sk=0 hf=83280 hm=78176 ht=283428 pf=0 pm=0 pt=0 ru=248268 rp=253372
23:25:26.272 I (157223) wifi:[ADDBA]RX DELBA, reason:37, delete tid:0, initiator:1(originator)
23:25:26.272 @T t=156898 s=0.860 lv=-33.7 pk=-30.8 c0=23.4 c1=14.0 kw=12.25 inf=3.31 iv=1.89 n=3 d=11 sk=0 hf=92820 hm=78176 ht=283428 pf=0 pm=0 pt=0 ru=238728 rp=253372
23:25:26.272 @T t=157010 s=0.664 lv=-35.9 pk=-32.5 c0=20.6 c1=13.5 kw=12.23 inf=3.20 iv=1.64 n=4 d=11 sk=0 hf=92304 hm=78176 ht=283428 pf=0 pm=0 pt=0 ru=239244 rp=253372
23:25:28.673 @T t=157096 s=0.105 lv=-36.5 pk=-35.7 c0=14.5 c1=10.5 kw=9.06 inf=3.60 iv=1.53 n=2 d=11 sk=0 hf=92100 hm=78176 ht=283428 pf=0 pm=0 pt=0 ru=239448 rp=253372
23:25:28.673 @I ww=marvin cut=0.50 win=5 cool=1000 tick=100 wifi=1 srv=1 li=0 ln=0
23:25:28.673 I (157567) wake_word: score event: peak 0.98 over 900 ms -> detected
23:25:28.673 @T t=157211 s=0.002 lv=-32.0 pk=-29.2 c0=15.2 c1=13.1 kw=12.11 inf=3.26 iv=1.43 n=4 d=11 sk=0 hf=85344 hm=78176 ht=283428 pf=0 pm=0 pt=0 ru=246204 rp=253372
23:25:28.673 @T t=157297 s=0.000 lv=-30.4 pk=-27.0 c0=14.9 c1=12.5 kw=10.86 inf=2.92 iv=1.48 n=3 d=11 sk=0 hf=86572 hm=78176 ht=283428 pf=0 pm=0 pt=0 ru=244976 rp=253372
23:25:28.673 @T t=157403 s=0.000 lv=-24.6 pk=-23.4 c0=14.1 c1=11.5 kw=9.72 inf=3.19 iv=1.45 n=3 d=11 sk=0 hf=95940 hm=78176 ht=283428 pf=0 pm=0 pt=0 ru=235608 rp=253372
23:25:28.673 @T t=157510 s=0.000 lv=-32.1 pk=-29.3 c0=16.6 c1=14.1 kw=12.56 inf=3.14 iv=1.55 n=4 d=11 sk=0 hf=92304 hm=78176 ht=283428 pf=0 pm=0 pt=0 ru=239244 rp=253372
23:25:28.673 @T t=157596 s=0.000 lv=-37.8 pk=-37.2 c0=14.7 c1=10.9 kw=10.54 inf=2.83 iv=1.44 n=3 d=11 sk=0 hf=95940 hm=78176 ht=283428 pf=0 pm=0 pt=0 ru=235608 rp=253372
23:25:28.673 @T t=157702 s=0.000 lv=-34.6 pk=-30.8 c0=16.4 c1=14.3 kw=10.58 inf=3.49 iv=1.68 n=3 d=11 sk=0 hf=95940 hm=78176 ht=283428 pf=0 pm=0 pt=0 ru=235608 rp=253372
23:25:28.673 @T t=157810 s=0.000 lv=-36.2 pk=-32.8 c0=16.4 c1=13.6 kw=12.16 inf=3.06 iv=1.51 n=4 d=11 sk=0 hf=95940 hm=78176 ht=283428 pf=0 pm=0 pt=0 ru=235608 rp=253372
23:25:28.673 @T t=157896 s=0.000 lv=-37.7 pk=-37.4 c0=14.8 c1=12.4 kw=11.43 inf=3.08 iv=1.63 n=3 d=11 sk=0 hf=92100 hm=78176 ht=283428 pf=0 pm=0 pt=0 ru=239448 rp=253372
23:25:28.673 @T t=158002 s=0.000 lv=-33.1 pk=-30.0 c0=14.0 c1=11.1 kw=10.47 inf=3.45 iv=1.73 n=3 d=11 sk=0 hf=84624 hm=78176 ht=283428 pf=0 pm=0 pt=0 ru=246924 rp=253372
23:25:28.673 @T t=158110 s=0.000 lv=-37.5 pk=-34.6 c0=18.5 c1=14.0 kw=12.84 inf=3.25 iv=1.62 n=4 d=11 sk=0 hf=94380 hm=78176 ht=283428 pf=0 pm=0 pt=0 ru=237168 rp=253372
23:25:28.673 @I ww=marvin cut=0.50 win=5 cool=1000 tick=100 wifi=1 srv=1 li=0 ln=0
23:25:28.673 @T t=158202 s=0.000 lv=-37.5 pk=-36.3 c0=14.5 c1=12.6 kw=10.17 inf=2.92 iv=1.43 n=3 d=11 sk=0 hf=94380 hm=78176 ht=283428 pf=0 pm=0 pt=0 ru=237168 rp=253372
23:25:28.673 @T t=158311 s=0.000 lv=-38.6 pk=-36.6 c0=14.8 c1=12.9 kw=11.64 inf=2.96 iv=1.41 n=4 d=11 sk=0 hf=92304 hm=78176 ht=283428 pf=0 pm=0 pt=0 ru=239244 rp=253372
23:25:28.673 @T t=158397 s=0.000 lv=-39.9 pk=-39.4 c0=15.5 c1=12.7 kw=11.17 inf=3.00 iv=1.61 n=3 d=11 sk=0 hf=95940 hm=78176 ht=283428 pf=0 pm=0 pt=0 ru=235608 rp=253372
23:25:28.673 @T t=158503 s=0.000 lv=-40.1 pk=-38.8 c0=14.4 c1=11.2 kw=10.23 inf=3.37 iv=1.54 n=3 d=11 sk=0 hf=95940 hm=78176 ht=283428 pf=0 pm=0 pt=0 ru=235608 rp=253372
23:25:28.673 @T t=158612 s=0.000 lv=-39.3 pk=-38.0 c0=19.1 c1=13.3 kw=11.84 inf=3.00 iv=1.43 n=4 d=11 sk=0 hf=95940 hm=78176 ht=283428 pf=0 pm=0 pt=0 ru=235608 rp=253372
23:25:28.673 I (159053) stream: stream finished (silence): 2400 ms of audio sent (37 KB)
23:25:28.673 @T t=158698 s=0.000 lv=-36.9 pk=-34.4 c0=15.9 c1=11.8 kw=10.58 inf=2.83 iv=1.45 n=3 d=11 sk=0 hf=95940 hm=78176 ht=283428 pf=0 pm=0 pt=0 ru=235608 rp=253372
23:25:28.673 @T t=158804 s=0.000 lv=-36.4 pk=-35.0 c0=4.1 c1=8.6 kw=8.39 inf=2.73 iv=1.15 n=3 d=11 sk=0 hf=95940 hm=78176 ht=283428 pf=0 pm=0 pt=0 ru=235608 rp=253372
23:25:28.673 @T t=158913 s=0.000 lv=-36.8 pk=-33.1 c0=3.4 c1=10.5 kw=10.29 inf=2.58 iv=1.13 n=4 d=11 sk=0 hf=95940 hm=78176 ht=283428 pf=0 pm=0 pt=0 ru=235608 rp=253372
23:25:28.673 @T t=158999 s=0.000 lv=-38.8 pk=-38.2 c0=7.9 c1=9.6 kw=9.38 inf=2.50 iv=1.20 n=3 d=11 sk=0 hf=95940 hm=78176 ht=283428 pf=0 pm=0 pt=0 ru=235608 rp=253372
23:25:28.673 @T t=159105 s=0.000 lv=-38.3 pk=-36.1 c0=3.5 c1=8.9 kw=8.53 inf=2.74 iv=1.14 n=3 d=11 sk=0 hf=95940 hm=78176 ht=283428 pf=0 pm=0 pt=0 ru=235608 rp=253372
23:25:28.674 @I ww=marvin cut=0.50 win=5 cool=1000 tick=100 wifi=1 srv=1 li=0 ln=0
23:25:28.674 @T t=159200 s=0.000 lv=-36.3 pk=-32.7 c0=4.5 c1=9.6 kw=9.61 inf=2.85 iv=1.26 n=3 d=11 sk=0 hf=95940 hm=78176 ht=283428 pf=0 pm=0 pt=0 ru=235608 rp=253372
23:25:28.674 @T t=159306 s=0.000 lv=-36.9 pk=-34.1 c0=6.1 c1=10.7 kw=10.47 inf=2.56 iv=1.13 n=4 d=11 sk=0 hf=95940 hm=78176 ht=283428 pf=0 pm=0 pt=0 ru=235608 rp=253372
23:25:28.674 @T t=159412 s=0.000 lv=-33.8 pk=-31.2 c0=6.0 c1=9.5 kw=9.28 inf=2.28 iv=1.09 n=4 d=11 sk=0 hf=95940 hm=78176 ht=283428 pf=0 pm=0 pt=0 ru=235608 rp=253372
23:25:30.878 @T t=159498 s=0.000 lv=-36.9 pk=-35.8 c0=4.0 c1=8.0 kw=7.83 inf=3.08 iv=1.18 n=2 d=11 sk=0 hf=95940 hm=78176 ht=283428 pf=0 pm=0 pt=0 ru=235608 rp=253372
23:25:30.878 @T t=159604 s=0.000 lv=-39.6 pk=-39.1 c0=3.4 c1=9.5 kw=9.31 inf=2.29 iv=1.10 n=4 d=11 sk=0 hf=95940 hm=78176 ht=283428 pf=0 pm=0 pt=0 ru=235608 rp=253372
23:25:30.878 @T t=159713 s=0.000 lv=-38.5 pk=-36.6 c0=12.1 c1=11.3 kw=11.05 inf=2.79 iv=1.32 n=4 d=11 sk=0 hf=95940 hm=78176 ht=283428 pf=0 pm=0 pt=0 ru=235608 rp=253372
23:25:30.878 I (160163) wifi:[ADDBA]RX DELBA, reason:37, delete tid:0, initiator:1(originator)
23:25:30.878 @T t=159799 s=0.000 lv=-38.1 pk=-36.0 c0=10.3 c1=8.7 kw=8.53 inf=3.37 iv=1.35 n=2 d=11 sk=0 hf=95940 hm=78176 ht=283428 pf=0 pm=0 pt=0 ru=235608 rp=253372
23:25:30.878 @T t=159905 s=0.000 lv=-35.6 pk=-33.2 c0=3.6 c1=10.1 kw=9.69 inf=2.36 iv=1.16 n=4 d=11 sk=0 hf=95940 hm=78176 ht=283428 pf=0 pm=0 pt=0 ru=235608 rp=253372
23:25:30.878 @T t=160011 s=0.000 lv=-38.4 pk=-36.7 c0=3.5 c1=10.7 kw=10.27 inf=2.54 iv=1.12 n=4 d=11 sk=0 hf=95940 hm=78176 ht=283428 pf=0 pm=0 pt=0 ru=235608 rp=253372
23:25:30.878 @T t=160097 s=0.000 lv=-37.1 pk=-35.5 c0=4.6 c1=8.5 kw=8.24 inf=3.25 iv=1.32 n=2 d=11 sk=0 hf=95940 hm=78176 ht=283428 pf=0 pm=0 pt=0 ru=235608 rp=253372
23:25:30.878 @I ww=marvin cut=0.50 win=5 cool=1000 tick=100 wifi=1 srv=1 li=0 ln=0
23:25:30.878 @T t=160208 s=0.000 lv=-38.0 pk=-36.5 c0=4.0 c1=10.2 kw=9.96 inf=2.55 iv=1.12 n=4 d=11 sk=0 hf=95940 hm=78176 ht=283428 pf=0 pm=0 pt=0 ru=235608 rp=253372
23:25:30.878 @T t=160314 s=0.000 lv=-36.9 pk=-34.7 c0=6.1 c1=9.6 kw=9.38 inf=2.31 iv=1.12 n=4 d=11 sk=0 hf=95940 hm=78176 ht=283428 pf=0 pm=0 pt=0 ru=235608 rp=253372
23:25:30.878 @T t=160400 s=0.000 lv=-36.7 pk=-35.8 c0=4.1 c1=8.1 kw=7.89 inf=3.11 iv=1.19 n=2 d=11 sk=0 hf=95940 hm=78176 ht=283428 pf=0 pm=0 pt=0 ru=235608 rp=253372
23:25:30.878 @T t=160506 s=0.000 lv=-37.3 pk=-36.5 c0=6.1 c1=10.7 kw=10.44 inf=2.56 iv=1.12 n=4 d=11 sk=0 hf=95940 hm=78176 ht=283428 pf=0 pm=0 pt=0 ru=235608 rp=253372
23:25:30.878 I (160963) stream: server: {"type":"response","text":"Set an alarm for 7.","saved":"20260928_232525_455_e072a1d53274_marvin.wav"}
23:25:30.878 @T t=160612 s=0.000 lv=-38.3 pk=-36.3 c0=10.0 c1=10.5 kw=9.99 inf=2.46 iv=1.23 n=4 d=11 sk=0 hf=95940 hm=78176 ht=283428 pf=0 pm=0 pt=0 ru=235608 rp=253372
23:25:30.878 @T t=160698 s=0.000 lv=-36.9 pk=-34.7 c0=4.2 c1=8.1 kw=7.87 inf=3.10 iv=1.19 n=2 d=11 sk=0 hf=95940 hm=78176 ht=283428 pf=0 pm=0 pt=0 ru=235608 rp=253372
23:25:30.878 @T t=160804 s=0.000 lv=-39.0 pk=-37.6 c0=6.6 c1=10.0 kw=9.74 inf=2.40 iv=1.18 n=4 d=11 sk=0 hf=95940 hm=78176 ht=283428 pf=0 pm=0 pt=0 ru=235608 rp=253372
23:25:30.878 @T t=160913 s=0.000 lv=-39.3 pk=-38.6 c0=9.0 c1=10.6 kw=10.39 inf=2.61 iv=1.15 n=4 d=11 sk=0 hf=95940 hm=78176 ht=283428 pf=0 pm=0 pt=0 ru=235608 rp=253372
23:25:30.878 @T t=160999 s=0.000 lv=-38.3 pk=-36.0 c0=4.2 c1=8.0 kw=7.85 inf=3.09 iv=1.18 n=2 d=11 sk=0 hf=95940 hm=78176 ht=283428 pf=0 pm=0 pt=0 ru=235608 rp=253372
23:25:30.878 @T t=161105 s=0.000 lv=-39.3 pk=-38.1 c0=3.4 c1=10.0 kw=9.60 inf=2.33 iv=1.13 n=4 d=11 sk=0 hf=95940 hm=78176 ht=283428 pf=0 pm=0 pt=0 ru=235608 rp=253372
23:25:30.878 @I ww=marvin cut=0.50 win=5 cool=1000 tick=100 wifi=1 srv=1 li=0 ln=0
23:25:30.878 [status] up 161s | mic -35.4 dBFS (peak -22.9) | score max 0.98 | detections 11 | inferences 317 (31.7/s; model 1.33 ms each, paused in quiet 7%; features 1.49 ms per 30 ms) | CPU core0  9.5% core1 10.6% (wake word pipeline 10.01% of one core) | RAM used 230 KB (peak 247 KB, 93 KB free) | wifi OK, server OK | audio lost since boot: i2s 0 net 0
23:25:30.878 @T t=161218 s=0.000 lv=-39.7 pk=-37.3 c0=8.5 c1=10.9 kw=10.45 inf=2.76 iv=1.29 n=4 d=11 sk=0 hf=95940 hm=78176 ht=283428 pf=0 pm=0 pt=0 ru=235608 rp=253372
23:25:30.878 @T t=161304 s=0.000 lv=-36.8 pk=-34.8 c0=4.3 c1=8.1 kw=7.95 inf=3.13 iv=1.20 n=2 d=11 sk=0 hf=95940 hm=78176 ht=283428 pf=0 pm=0 pt=0 ru=235608 rp=253372
23:25:30.878 @T t=161410 s=0.000 lv=-35.5 pk=-33.9 c0=6.1 c1=10.7 kw=10.45 inf=2.55 iv=1.11 n=4 d=11 sk=0 hf=95940 hm=78176 ht=283428 pf=0 pm=0 pt=0 ru=235608 rp=253372
23:25:30.878 @T t=161496 s=0.000 lv=-35.1 pk=-33.3 c0=4.1 c1=9.2 kw=8.99 inf=2.39 iv=1.12 n=3 d=11 sk=0 hf=95940 hm=78176 ht=283428 pf=0 pm=0 pt=0 ru=235608 rp=253372
23:25:30.878 @T t=161602 s=0.000 lv=-27.0 pk=-23.8 c0=3.9 c1=8.5 kw=8.33 inf=2.71 iv=1.13 n=3 d=11 sk=0 hf=95940 hm=78176 ht=283428 pf=0 pm=0 pt=0 ru=235608 rp=253372
23:25:33.090 @T t=161708 s=0.004 lv=-29.9 pk=-27.5 c0=3.4 c1=10.9 kw=10.62 inf=2.60 iv=1.15 n=4 d=11 sk=0 hf=95940 hm=78176 ht=283428 pf=0 pm=0 pt=0 ru=235608 rp=253372
23:25:33.090 @T t=161814 s=0.170 lv=-36.8 pk=-34.7 c0=6.1 c1=9.8 kw=9.62 inf=2.37 iv=1.17 n=4 d=11 sk=0 hf=95940 hm=78176 ht=283428 pf=0 pm=0 pt=0 ru=235608 rp=253372
23:25:33.090 @T t=161900 s=0.190 lv=-37.4 pk=-35.4 c0=4.3 c1=8.3 kw=8.10 inf=3.20 iv=1.27 n=2 d=11 sk=0 hf=95940 hm=78176 ht=283428 pf=0 pm=0 pt=0 ru=235608 rp=253372
23:25:33.090 @T t=162006 s=0.230 lv=-39.5 pk=-37.8 c0=3.6 c1=10.9 kw=10.63 inf=2.60 iv=1.16 n=4 d=11 sk=0 hf=95940 hm=78176 ht=283428 pf=0 pm=0 pt=0 ru=235608 rp=253372
23:25:33.090 I (162467) kws: >>> WAKE WORD "marvin" DETECTED  (score 0.52, t = 162.09 s)
23:25:33.090 I (162488) stream: first audio sent 19 ms after the detection
23:25:33.090 @T t=162112 s=0.517 lv=-38.0 pk=-35.8 c0=10.0 c1=12.4 kw=10.74 inf=2.67 iv=1.42 n=4 d=12 sk=0 hf=92304 hm=78176 ht=283428 pf=0 pm=0 pt=0 ru=239244 rp=253372
23:25:33.090 @I ww=marvin cut=0.50 win=5 cool=1000 tick=100 wifi=1 srv=1 li=0 ln=0
23:25:33.090 I (162537) wifi:[ADDBA]RX DELBA, reason:37, delete tid:0, initiator:1(originator)
23:25:33.090 @T t=162210 s=0.679 lv=-25.5 pk=-22.1 c0=17.9 c1=12.8 kw=11.37 inf=3.47 iv=1.69 n=3 d=12 sk=0 hf=92100 hm=78176 ht=283428 pf=0 pm=0 pt=0 ru=239448 rp=253372
23:25:33.090 @T t=162296 s=0.770 lv=-22.9 pk=-21.0 c0=15.0 c1=12.5 kw=10.74 inf=2.89 iv=1.49 n=3 d=12 sk=0 hf=95940 hm=78176 ht=283428 pf=0 pm=0 pt=0 ru=235608 rp=253372
23:25:33.090 @T t=162402 s=0.387 lv=-29.7 pk=-26.8 c0=15.5 c1=11.9 kw=10.40 inf=3.43 iv=1.67 n=3 d=12 sk=0 hf=95940 hm=78176 ht=283428 pf=0 pm=0 pt=0 ru=235608 rp=253372
23:25:33.090 @T t=162510 s=0.245 lv=-30.5 pk=-25.2 c0=18.6 c1=14.0 kw=12.32 inf=3.11 iv=1.51 n=4 d=12 sk=0 hf=95940 hm=78176 ht=283428 pf=0 pm=0 pt=0 ru=235608 rp=253372
23:25:33.090 @T t=162596 s=0.102 lv=-28.3 pk=-27.2 c0=18.3 c1=12.2 kw=10.86 inf=2.92 iv=1.51 n=3 d=12 sk=0 hf=95940 hm=78176 ht=283428 pf=0 pm=0 pt=0 ru=235608 rp=253372
23:25:33.090 I (163067) wake_word: score event: peak 0.77 over 570 ms -> detected
23:25:33.090 @T t=162702 s=0.027 lv=-36.7 pk=-32.9 c0=15.3 c1=13.0 kw=11.52 inf=3.82 iv=1.62 n=3 d=12 sk=0 hf=95940 hm=78176 ht=283428 pf=0 pm=0 pt=0 ru=235608 rp=253372
23:25:33.090 @T t=162810 s=0.009 lv=-38.4 pk=-37.0 c0=17.3 c1=14.5 kw=12.80 inf=3.23 iv=1.63 n=4 d=12 sk=0 hf=95940 hm=78176 ht=283428 pf=0 pm=0 pt=0 ru=235608 rp=253372
23:25:33.090 @T t=162896 s=0.000 lv=-38.4 pk=-37.5 c0=14.6 c1=11.5 kw=10.72 inf=2.88 iv=1.49 n=3 d=12 sk=0 hf=88980 hm=78176 ht=283428 pf=0 pm=0 pt=0 ru=242568 rp=253372
23:25:33.090 @T t=163002 s=0.000 lv=-39.9 pk=-39.0 c0=17.5 c1=11.9 kw=10.20 inf=3.36 iv=1.57 n=3 d=12 sk=0 hf=95940 hm=78176 ht=283428 pf=0 pm=0 pt=0 ru=235608 rp=253372
23:25:33.090 @T t=163110 s=0.000 lv=-40.0 pk=-37.6 c0=17.1 c1=14.2 kw=12.51 inf=3.15 iv=1.56 n=4 d=12 sk=0 hf=95940 hm=78176 ht=283428 pf=0 pm=0 pt=0 ru=235608 rp=253372
23:25:33.090 @I ww=marvin cut=0.50 win=5 cool=1000 tick=100 wifi=1 srv=1 li=0 ln=0
23:25:33.090 @T t=163201 s=0.000 lv=-39.2 pk=-38.6 c0=13.9 c1=10.7 kw=9.90 inf=2.81 iv=1.44 n=3 d=12 sk=0 hf=92100 hm=78176 ht=283428 pf=0 pm=0 pt=0 ru=239448 rp=253372
23:25:33.090 @T t=163310 s=0.000 lv=-39.5 pk=-37.8 c0=17.0 c1=14.2 kw=12.58 inf=3.21 iv=1.65 n=4 d=12 sk=0 hf=95940 hm=78176 ht=283428 pf=0 pm=0 pt=0 ru=235608 rp=253372
23:25:33.090 @T t=163396 s=0.000 lv=-39.4 pk=-38.2 c0=14.7 c1=9.6 kw=8.90 inf=3.53 iv=1.45 n=2 d=12 sk=0 hf=95940 hm=78176 ht=283428 pf=0 pm=0 pt=0 ru=235608 rp=253372
23:25:33.090 @T t=163502 s=0.000 lv=-39.8 pk=-37.3 c0=14.5 c1=13.6 kw=10.93 inf=2.71 iv=1.42 n=4 d=12 sk=0 hf=95940 hm=78176 ht=283428 pf=0 pm=0 pt=0 ru=235608 rp=253372
23:25:33.090 I (163970) stream: stream finished (silence): 1500 ms of audio sent (23 KB)
23:25:33.090 @T t=163611 s=0.000 lv=-38.7 pk=-37.0 c0=16.8 c1=13.8 kw=11.94 inf=3.03 iv=1.44 n=4 d=12 sk=0 hf=95940 hm=78176 ht=283428 pf=0 pm=0 pt=0 ru=235608 rp=253372
23:25:33.090 @T t=163697 s=0.000 lv=-39.9 pk=-39.1 c0=7.5 c1=8.0 kw=7.87 inf=3.10 iv=1.18 n=2 d=12 sk=0 hf=95940 hm=78176 ht=283428 pf=0 pm=0 pt=0 ru=235608 rp=253372
23:25:33.090 @T t=163803 s=0.000 lv=-40.1 pk=-38.6 c0=3.4 c1=9.6 kw=9.42 inf=2.32 iv=1.12 n=4 d=12 sk=0 hf=95940 hm=78176 ht=283428 pf=0 pm=0 pt=0 ru=235608 rp=253372
23:25:35.581 @T t=163912 s=0.000 lv=-38.3 pk=-36.4 c0=3.2 c1=10.4 kw=10.14 inf=2.55 iv=1.11 n=4 d=12 sk=0 hf=95940 hm=78176 ht=283428 pf=0 pm=0 pt=0 ru=235608 rp=253372
23:25:35.582 @T t=163998 s=0.000 lv=-37.9 pk=-36.3 c0=7.5 c1=8.1 kw=7.87 inf=3.10 iv=1.18 n=2 d=12 sk=0 hf=95940 hm=78176 ht=283428 pf=0 pm=0 pt=0 ru=235608 rp=253372
23:25:35.582 @T t=164104 s=0.000 lv=-38.9 pk=-36.8 c0=6.0 c1=9.6 kw=9.38 inf=2.31 iv=1.11 n=4 d=12 sk=0 hf=95940 hm=78176 ht=283428 pf=0 pm=0 pt=0 ru=235608 rp=253372
23:25:35.582 @I ww=marvin cut=0.50 win=5 cool=1000 tick=100 wifi=1 srv=1 li=0 ln=0
23:25:35.582 @T t=164199 s=0.000 lv=-38.3 pk=-36.1 c0=16.0 c1=9.8 kw=9.54 inf=2.78 iv=1.14 n=3 d=12 sk=0 hf=95940 hm=78176 ht=283428 pf=0 pm=0 pt=0 ru=235608 rp=253372
23:25:35.582 @T t=164305 s=0.000 lv=-39.0 pk=-37.6 c0=6.1 c1=5.4 kw=5.11 inf=1.53 iv=0.00 n=0 d=12 sk=3 hf=95940 hm=78176 ht=283428 pf=0 pm=0 pt=0 ru=235608 rp=253372
23:25:35.582 @T t=164410 s=0.000 lv=-38.8 pk=-37.6 c0=3.0 c1=6.1 kw=5.78 inf=1.82 iv=0.00 n=0 d=12 sk=3 hf=95940 hm=78176 ht=283428 pf=0 pm=0 pt=0 ru=235608 rp=253372
23:25:35.582 @T t=164496 s=0.000 lv=-37.7 pk=-36.7 c0=3.7 c1=5.0 kw=4.87 inf=1.83 iv=0.00 n=0 d=12 sk=2 hf=95940 hm=78176 ht=283428 pf=0 pm=0 pt=0 ru=235608 rp=253372
23:25:35.582 @T t=164603 s=0.000 lv=-36.6 pk=-35.6 c0=5.2 c1=5.2 kw=4.96 inf=1.53 iv=0.00 n=0 d=12 sk=3 hf=94380 hm=78176 ht=283428 pf=0 pm=0 pt=0 ru=237168 rp=253372
23:25:35.582 @T t=164712 s=0.000 lv=-37.5 pk=-35.2 c0=10.3 c1=6.4 kw=5.90 inf=1.40 iv=0.00 n=0 d=12 sk=4 hf=95940 hm=78176 ht=283428 pf=0 pm=0 pt=0 ru=235608 rp=253372
23:25:35.582 @T t=164798 s=0.000 lv=-38.4 pk=-36.8 c0=4.8 c1=5.1 kw=4.95 inf=1.86 iv=0.00 n=0 d=12 sk=2 hf=95940 hm=78176 ht=283428 pf=0 pm=0 pt=0 ru=235608 rp=253372
23:25:35.582 @T t=164904 s=0.000 lv=-39.3 pk=-37.9 c0=3.4 c1=5.1 kw=4.98 inf=1.53 iv=0.00 n=0 d=12 sk=3 hf=95940 hm=78176 ht=283428 pf=0 pm=0 pt=0 ru=235608 rp=253372
23:25:35.582 @T t=165010 s=0.000 lv=-40.0 pk=-39.2 c0=3.2 c1=6.1 kw=5.94 inf=1.37 iv=0.00 n=0 d=12 sk=4 hf=95940 hm=78176 ht=283428 pf=0 pm=0 pt=0 ru=235608 rp=253372
23:25:35.582 @T t=165095 s=0.000 lv=-40.4 pk=-38.9 c0=3.7 c1=5.0 kw=4.88 inf=1.83 iv=0.00 n=0 d=12 sk=2 hf=95940 hm=78176 ht=283428 pf=0 pm=0 pt=0 ru=235608 rp=253372
23:25:35.582 @I ww=marvin cut=0.50 win=5 cool=1000 tick=100 wifi=1 srv=1 li=0 ln=0
23:25:35.582 @T t=165207 s=0.000 lv=-40.1 pk=-38.0 c0=3.6 c1=5.7 kw=5.57 inf=1.36 iv=0.00 n=0 d=12 sk=4 hf=95940 hm=78176 ht=283428 pf=0 pm=0 pt=0 ru=235608 rp=253372
23:25:35.582 @T t=165314 s=0.000 lv=-39.9 pk=-38.3 c0=3.1 c1=5.1 kw=4.94 inf=1.52 iv=0.00 n=0 d=12 sk=3 hf=95940 hm=78176 ht=283428 pf=0 pm=0 pt=0 ru=235608 rp=253372
23:25:35.582 @T t=165399 s=0.000 lv=-39.2 pk=-38.3 c0=7.8 c1=5.0 kw=4.85 inf=1.82 iv=0.00 n=0 d=12 sk=2 hf=95940 hm=78176 ht=283428 pf=0 pm=0 pt=0 ru=235608 rp=253372
23:25:35.582 @T t=165505 s=0.000 lv=-39.3 pk=-38.2 c0=3.0 c1=6.1 kw=5.91 inf=1.37 iv=0.00 n=0 d=12 sk=4 hf=95940 hm=78176 ht=283428 pf=0 pm=0 pt=0 ru=235608 rp=253372
23:25:35.582 @T t=165611 s=0.000 lv=-39.5 pk=-38.0 c0=3.0 c1=5.0 kw=4.90 inf=1.51 iv=0.00 n=0 d=12 sk=3 hf=95940 hm=78176 ht=283428 pf=0 pm=0 pt=0 ru=235608 rp=253372
23:25:35.582 I (165996) stream: server: {"type":"response","text":"All my mother.","saved":"20260928_232531_253_e072a1d53274_marvin.wav"}
23:25:35.582 @T t=165701 s=0.000 lv=-37.9 pk=-36.0 c0=7.1 c1=7.2 kw=4.84 inf=1.88 iv=0.00 n=0 d=12 sk=2 hf=95940 hm=78176 ht=283428 pf=0 pm=0 pt=0 ru=235608 rp=253372
23:25:35.582 @T t=165806 s=0.000 lv=-37.7 pk=-35.5 c0=3.4 c1=6.1 kw=5.96 inf=1.38 iv=0.00 n=0 d=12 sk=4 hf=95940 hm=78176 ht=283428 pf=0 pm=0 pt=0 ru=235608 rp=253372
23:25:35.582 @T t=165913 s=0.000 lv=-38.5 pk=-35.9 c0=3.1 c1=5.1 kw=4.92 inf=1.52 iv=0.00 n=0 d=12 sk=3 hf=95940 hm=78176 ht=283428 pf=0 pm=0 pt=0 ru=235608 rp=253372
23:25:35.582 @T t=165999 s=0.000 lv=-38.7 pk=-37.5 c0=3.8 c1=5.0 kw=4.88 inf=1.83 iv=0.00 n=0 d=12 sk=2 hf=95940 hm=78176 ht=283428 pf=0 pm=0 pt=0 ru=235608 rp=253372
23:25:35.582 @T t=166105 s=0.000 lv=-38.8 pk=-37.3 c0=6.4 c1=5.4 kw=5.07 inf=1.52 iv=0.00 n=0 d=12 sk=3 hf=95940 hm=78176 ht=283428 pf=0 pm=0 pt=0 ru=235608 rp=253372
23:25:35.582 @I ww=marvin cut=0.50 win=5 cool=1000 tick=100 wifi=1 srv=1 li=0 ln=0
23:25:35.582 @T t=166196 s=0.000 lv=-38.7 pk=-37.3 c0=4.3 c1=5.9 kw=5.51 inf=1.51 iv=0.00 n=0 d=12 sk=3 hf=95940 hm=78176 ht=283428 pf=0 pm=0 pt=0 ru=235608 rp=253372
23:25:35.582 @T t=166303 s=0.000 lv=-36.7 pk=-33.5 c0=3.1 c1=14.3 kw=14.08 inf=1.19 iv=0.96 n=10 d=12 sk=2 hf=95940 hm=78176 ht=283428 pf=0 pm=0 pt=0 ru=235608 rp=253372
23:25:37.872 @T t=166412 s=0.000 lv=-39.4 pk=-37.6 c0=3.2 c1=10.4 kw=10.15 inf=2.55 iv=1.12 n=4 d=12 sk=0 hf=95940 hm=78176 ht=283428 pf=0 pm=0 pt=0 ru=235608 rp=253372
23:25:37.872 @T t=166498 s=0.000 lv=-34.4 pk=-32.5 c0=3.9 c1=9.2 kw=9.02 inf=2.39 iv=1.11 n=3 d=12 sk=0 hf=95940 hm=78176 ht=283428 pf=0 pm=0 pt=0 ru=235608 rp=253372
23:25:37.872 @T t=166604 s=0.000 lv=-24.4 pk=-22.1 c0=3.4 c1=8.5 kw=8.29 inf=2.69 iv=1.11 n=3 d=12 sk=0 hf=95940 hm=78176 ht=283428 pf=0 pm=0 pt=0 ru=235608 rp=253372
23:25:37.872 @T t=166712 s=0.000 lv=-30.6 pk=-26.1 c0=11.0 c1=11.4 kw=10.84 inf=2.70 iv=1.21 n=4 d=12 sk=0 hf=95940 hm=78176 ht=283428 pf=0 pm=0 pt=0 ru=235608 rp=253372
23:25:37.872 @T t=166798 s=0.002 lv=-36.5 pk=-35.2 c0=4.9 c1=9.9 kw=9.70 inf=2.59 iv=1.29 n=3 d=12 sk=0 hf=95940 hm=78176 ht=283428 pf=0 pm=0 pt=0 ru=235608 rp=253372
23:25:37.872 @T t=166904 s=0.004 lv=-39.1 pk=-38.1 c0=6.6 c1=8.9 kw=8.72 inf=2.84 iv=1.21 n=3 d=12 sk=0 hf=95940 hm=78176 ht=283428 pf=0 pm=0 pt=0 ru=235608 rp=253372
23:25:37.872 @T t=167013 s=0.048 lv=-38.6 pk=-36.6 c0=8.9 c1=10.8 kw=10.55 inf=2.66 iv=1.20 n=4 d=12 sk=0 hf=95940 hm=78176 ht=283428 pf=0 pm=0 pt=0 ru=235608 rp=253372
23:25:37.872 @T t=167099 s=0.294 lv=-39.5 pk=-38.3 c0=4.1 c1=9.4 kw=9.24 inf=2.46 iv=1.18 n=3 d=12 sk=0 hf=95940 hm=78176 ht=283428 pf=0 pm=0 pt=0 ru=235608 rp=253372
23:25:37.872 @I ww=marvin cut=0.50 win=5 cool=1000 tick=100 wifi=1 srv=1 li=0 ln=0
23:25:37.872 I (167527) kws: >>> WAKE WORD "marvin" DETECTED  (score 0.57, t = 167.15 s)
23:25:37.872 I (167547) stream: first audio sent 18 ms after the detection
23:25:37.872 @T t=167211 s=0.570 lv=-39.9 pk=-38.3 c0=13.5 c1=13.4 kw=11.14 inf=2.90 iv=1.38 n=4 d=13 sk=0 hf=94156 hm=78176 ht=283428 pf=0 pm=0 pt=0 ru=237392 rp=253372
23:25:37.872 @T t=167297 s=0.252 lv=-33.7 pk=-28.8 c0=15.0 c1=10.8 kw=9.07 inf=3.60 iv=1.50 n=2 d=13 sk=0 hf=95940 hm=78176 ht=283428 pf=0 pm=0 pt=0 ru=235608 rp=253372
23:25:37.872 @T t=167403 s=0.263 lv=-29.9 pk=-27.1 c0=15.0 c1=12.7 kw=11.81 inf=2.95 iv=1.60 n=4 d=13 sk=0 hf=95940 hm=78176 ht=283428 pf=0 pm=0 pt=0 ru=235608 rp=253372
23:25:37.872 I (167887) wake_word: score event: peak 0.57 over 300 ms -> detected
23:25:37.872 @T t=167512 s=0.045 lv=-36.5 pk=-35.1 c0=16.3 c1=15.7 kw=13.53 inf=3.46 iv=1.52 n=4 d=13 sk=0 hf=92100 hm=78176 ht=283428 pf=0 pm=0 pt=0 ru=239448 rp=253372
23:25:37.872 @T t=167598 s=0.005 lv=-37.6 pk=-35.9 c0=19.0 c1=10.9 kw=9.40 inf=3.75 iv=1.56 n=2 d=13 sk=0 hf=95940 hm=78176 ht=283428 pf=0 pm=0 pt=0 ru=235608 rp=253372
23:25:37.872 I (168017) wifi:[ADDBA]RX DELBA, reason:37, delete tid:0, initiator:1(originator)
23:25:37.872 @T t=167704 s=0.004 lv=-39.1 pk=-36.6 c0=16.6 c1=12.6 kw=11.80 inf=2.94 iv=1.55 n=4 d=13 sk=0 hf=92820 hm=78176 ht=283428 pf=0 pm=0 pt=0 ru=238728 rp=253372
23:25:37.872 @T t=167813 s=0.000 lv=-29.6 pk=-27.3 c0=15.7 c1=13.5 kw=12.15 inf=3.09 iv=1.51 n=4 d=13 sk=0 hf=92100 hm=78176 ht=283428 pf=0 pm=0 pt=0 ru=239448 rp=253372
23:25:37.872 @T t=167899 s=0.000 lv=-31.1 pk=-27.9 c0=14.2 c1=9.5 kw=8.90 inf=3.52 iv=1.42 n=2 d=13 sk=0 hf=85860 hm=78176 ht=283428 pf=0 pm=0 pt=0 ru=245688 rp=253372
23:25:37.872 @T t=168010 s=0.000 lv=-35.9 pk=-31.9 c0=19.7 c1=13.8 kw=12.26 inf=3.18 iv=1.58 n=4 d=13 sk=0 hf=92100 hm=78176 ht=283428 pf=0 pm=0 pt=0 ru=239448 rp=253372
23:25:37.872 @T t=168096 s=0.000 lv=-36.2 pk=-34.0 c0=14.0 c1=11.6 kw=10.97 inf=2.95 iv=1.48 n=3 d=13 sk=0 hf=84420 hm=78176 ht=283428 pf=0 pm=0 pt=0 ru=247128 rp=253372
23:25:37.872 @I ww=marvin cut=0.50 win=5 cool=1000 tick=100 wifi=1 srv=1 li=0 ln=0
23:25:37.872 @T t=168210 s=0.000 lv=-40.3 pk=-39.4 c0=21.3 c1=13.6 kw=11.89 inf=3.17 iv=1.57 n=4 d=13 sk=0 hf=94156 hm=78176 ht=283428 pf=0 pm=0 pt=0 ru=237392 rp=253372
23:25:37.872 @T t=168296 s=0.000 lv=-39.2 pk=-38.4 c0=14.9 c1=12.1 kw=10.88 inf=2.92 iv=1.55 n=3 d=13 sk=0 hf=89700 hm=78176 ht=283428 pf=0 pm=0 pt=0 ru=241848 rp=253372
23:25:37.872 @T t=168402 s=0.000 lv=-39.7 pk=-38.9 c0=14.0 c1=11.2 kw=9.93 inf=3.26 iv=1.55 n=3 d=13 sk=0 hf=88464 hm=78176 ht=283428 pf=0 pm=0 pt=0 ru=243084 rp=253372
23:25:37.872 @T t=168510 s=0.000 lv=-39.5 pk=-37.2 c0=15.3 c1=13.5 kw=12.37 inf=3.09 iv=1.50 n=4 d=13 sk=0 hf=84504 hm=78176 ht=283428 pf=0 pm=0 pt=0 ru=247044 rp=253372
23:25:37.872 @T t=168596 s=0.000 lv=-40.2 pk=-38.3 c0=15.2 c1=12.5 kw=10.94 inf=2.94 iv=1.55 n=3 d=13 sk=0 hf=88464 hm=78176 ht=283428 pf=0 pm=0 pt=0 ru=243084 rp=253372
23:25:37.872 I (169030) stream: stream finished (silence): 1500 ms of audio sent (23 KB)
23:25:40.282 @T t=168702 s=0.000 lv=-38.1 pk=-35.2 c0=17.1 c1=11.0 kw=9.81 inf=3.22 iv=1.48 n=3 d=13 sk=0 hf=94004 hm=78176 ht=283428 pf=0 pm=0 pt=0 ru=237544 rp=253372
23:25:40.282 I (169084) stream: server: {"type":"response","text":"","saved":"20260928_232536_313_e072a1d53274_marvin.wav"}
23:25:40.282 @T t=168799 s=0.000 lv=-39.5 pk=-38.7 c0=18.5 c1=12.4 kw=9.75 inf=2.91 iv=1.27 n=3 d=13 sk=0 hf=95940 hm=78176 ht=283428 pf=0 pm=0 pt=0 ru=235608 rp=253372
23:25:40.282 @T t=168905 s=0.000 lv=-39.5 pk=-38.1 c0=3.5 c1=10.0 kw=9.63 inf=2.34 iv=1.14 n=4 d=13 sk=0 hf=95940 hm=78176 ht=283428 pf=0 pm=0 pt=0 ru=235608 rp=253372
23:25:40.282 @T t=169011 s=0.000 lv=-39.7 pk=-39.1 c0=3.5 c1=10.7 kw=10.32 inf=2.56 iv=1.13 n=4 d=13 sk=0 hf=95940 hm=78176 ht=283428 pf=0 pm=0 pt=0 ru=235608 rp=253372
23:25:40.282 @T t=169097 s=0.000 lv=-39.2 pk=-38.5 c0=4.6 c1=8.2 kw=8.04 inf=3.17 iv=1.20 n=2 d=13 sk=0 hf=95940 hm=78176 ht=283428 pf=0 pm=0 pt=0 ru=235608 rp=253372
23:25:40.282 @I ww=marvin cut=0.50 win=5 cool=1000 tick=100 wifi=1 srv=1 li=0 ln=0
23:25:40.282 @T t=169208 s=0.000 lv=-40.1 pk=-38.9 c0=4.0 c1=10.3 kw=10.03 inf=2.57 iv=1.14 n=4 d=13 sk=0 hf=95940 hm=78176 ht=283428 pf=0 pm=0 pt=0 ru=235608 rp=253372
23:25:40.282 @T t=169314 s=0.000 lv=-39.5 pk=-38.5 c0=6.1 c1=9.6 kw=9.43 inf=2.32 iv=1.12 n=4 d=13 sk=0 hf=95940 hm=78176 ht=283428 pf=0 pm=0 pt=0 ru=235608 rp=253372
23:25:40.282 @T t=169400 s=0.000 lv=-41.1 pk=-40.3 c0=4.1 c1=8.1 kw=7.87 inf=3.10 iv=1.19 n=2 d=13 sk=0 hf=95940 hm=78176 ht=283428 pf=0 pm=0 pt=0 ru=235608 rp=253372
23:25:40.282 @T t=169506 s=0.000 lv=-38.9 pk=-37.0 c0=3.4 c1=10.6 kw=10.40 inf=2.55 iv=1.11 n=4 d=13 sk=0 hf=95940 hm=78176 ht=283428 pf=0 pm=0 pt=0 ru=235608 rp=253372
23:25:40.282 @T t=169612 s=0.000 lv=-40.6 pk=-39.5 c0=6.0 c1=8.5 kw=8.36 inf=2.72 iv=1.14 n=3 d=13 sk=0 hf=95940 hm=78176 ht=283428 pf=0 pm=0 pt=0 ru=235608 rp=253372
23:25:40.282 @T t=169697 s=0.000 lv=-39.2 pk=-37.8 c0=7.2 c1=5.0 kw=4.88 inf=1.83 iv=0.00 n=0 d=13 sk=2 hf=95940 hm=78176 ht=283428 pf=0 pm=0 pt=0 ru=235608 rp=253372
23:25:40.282 @T t=169804 s=0.000 lv=-38.7 pk=-35.5 c0=3.6 c1=5.1 kw=4.97 inf=1.53 iv=0.00 n=0 d=13 sk=3 hf=95940 hm=78176 ht=283428 pf=0 pm=0 pt=0 ru=235608 rp=253372
23:25:40.282 @T t=169910 s=0.000 lv=-40.1 pk=-38.9 c0=6.5 c1=6.1 kw=5.94 inf=1.37 iv=0.00 n=0 d=13 sk=4 hf=95940 hm=78176 ht=283428 pf=0 pm=0 pt=0 ru=235608 rp=253372
23:25:40.282 @T t=169995 s=0.000 lv=-40.6 pk=-39.8 c0=3.8 c1=5.0 kw=4.86 inf=1.82 iv=0.00 n=0 d=13 sk=2 hf=95940 hm=78176 ht=283428 pf=0 pm=0 pt=0 ru=235608 rp=253372
23:25:40.282 @T t=170102 s=0.000 lv=-40.7 pk=-40.1 c0=3.1 c1=5.1 kw=4.92 inf=1.52 iv=0.00 n=0 d=13 sk=3 hf=95940 hm=78176 ht=283428 pf=0 pm=0 pt=0 ru=235608 rp=253372
23:25:40.282 @I ww=marvin cut=0.50 win=5 cool=1000 tick=100 wifi=1 srv=1 li=0 ln=0
23:25:40.282 @T t=170214 s=0.000 lv=-40.7 pk=-39.2 c0=4.0 c1=5.8 kw=5.64 inf=1.38 iv=0.00 n=0 d=13 sk=4 hf=95940 hm=78176 ht=283428 pf=0 pm=0 pt=0 ru=235608 rp=253372
23:25:40.282 @T t=170300 s=0.000 lv=-40.0 pk=-39.4 c0=4.0 c1=5.1 kw=4.93 inf=1.85 iv=0.00 n=0 d=13 sk=2 hf=95940 hm=78176 ht=283428 pf=0 pm=0 pt=0 ru=235608 rp=253372
23:25:40.282 @T t=170405 s=0.000 lv=-39.9 pk=-38.9 c0=3.1 c1=6.1 kw=5.92 inf=1.37 iv=0.00 n=0 d=13 sk=4 hf=95940 hm=78176 ht=283428 pf=0 pm=0 pt=0 ru=235608 rp=253372
23:25:40.282 @T t=170511 s=0.000 lv=-40.7 pk=-38.9 c0=3.0 c1=5.1 kw=4.92 inf=1.52 iv=0.00 n=0 d=13 sk=3 hf=95940 hm=78176 ht=283428 pf=0 pm=0 pt=0 ru=235608 rp=253372
23:25:40.282 @T t=170597 s=0.000 lv=-41.7 pk=-40.8 c0=3.6 c1=5.0 kw=4.83 inf=1.81 iv=0.00 n=0 d=13 sk=2 hf=95940 hm=78176 ht=283428 pf=0 pm=0 pt=0 ru=235608 rp=253372
23:25:40.282 @T t=170704 s=0.000 lv=-40.4 pk=-38.9 c0=3.0 c1=5.1 kw=4.92 inf=1.51 iv=0.00 n=0 d=13 sk=3 hf=95940 hm=78176 ht=283428 pf=0 pm=0 pt=0 ru=235608 rp=253372
23:25:40.282 @T t=170809 s=0.000 lv=-41.3 pk=-40.0 c0=6.8 c1=6.7 kw=6.20 inf=1.42 iv=0.00 n=0 d=13 sk=4 hf=95940 hm=78176 ht=283428 pf=0 pm=0 pt=0 ru=235608 rp=253372
23:25:40.282 @T t=170894 s=0.000 lv=-40.5 pk=-39.3 c0=4.1 c1=5.0 kw=4.92 inf=1.84 iv=0.00 n=0 d=13 sk=2 hf=95940 hm=78176 ht=283428 pf=0 pm=0 pt=0 ru=235608 rp=253372
23:25:40.282 @T t=171001 s=0.000 lv=-40.6 pk=-40.3 c0=3.1 c1=5.0 kw=4.90 inf=1.51 iv=0.00 n=0 d=13 sk=3 hf=95940 hm=78176 ht=283428 pf=0 pm=0 pt=0 ru=235608 rp=253372
23:25:42.383 @T t=171106 s=0.000 lv=-40.9 pk=-39.7 c0=3.0 c1=6.1 kw=5.92 inf=1.37 iv=0.00 n=0 d=13 sk=4 hf=95940 hm=78176 ht=283428 pf=0 pm=0 pt=0 ru=235608 rp=253372
23:25:42.383 @I ww=marvin cut=0.50 win=5 cool=1000 tick=100 wifi=1 srv=1 li=0 ln=0
23:25:42.383 [status] up 171s | mic -34.7 dBFS (peak -21.0) | score max 0.77 | detections 13 | inferences 223 (22.3/s; model 1.33 ms each, paused in quiet 32%; features 1.49 ms per 30 ms) | CPU core0  8.6% core1  9.2% (wake word pipeline 8.58% of one core) | RAM used 230 KB (peak 247 KB, 93 KB free) | wifi OK, server OK | audio lost since boot: i2s 0 net 0
23:25:42.383 @T t=171221 s=0.000 lv=-27.1 pk=-24.1 c0=23.4 c1=16.5 kw=16.26 inf=1.37 iv=0.99 n=13 d=13 sk=0 hf=95940 hm=78176 ht=283428 pf=0 pm=0 pt=0 ru=235608 rp=253372
23:25:42.383 @T t=171307 s=0.000 lv=-32.9 pk=-28.1 c0=4.2 c1=10.6 kw=10.39 inf=2.75 iv=1.16 n=3 d=13 sk=0 hf=95940 hm=78176 ht=283428 pf=0 pm=0 pt=0 ru=235608 rp=253372
23:25:42.384 @T t=171413 s=0.008 lv=-38.4 pk=-37.7 c0=3.8 c1=8.9 kw=8.74 inf=2.85 iv=1.25 n=3 d=13 sk=0 hf=95940 hm=78176 ht=283428 pf=0 pm=0 pt=0 ru=235608 rp=253372
23:25:42.384 @T t=171499 s=0.031 lv=-40.6 pk=-39.6 c0=4.2 c1=9.5 kw=9.30 inf=2.48 iv=1.19 n=3 d=13 sk=0 hf=95940 hm=78176 ht=283428 pf=0 pm=0 pt=0 ru=235608 rp=253372
23:25:42.384 @T t=171605 s=0.116 lv=-40.3 pk=-39.0 c0=3.5 c1=9.2 kw=8.76 inf=2.81 iv=1.21 n=3 d=13 sk=0 hf=95940 hm=78176 ht=283428 pf=0 pm=0 pt=0 ru=235608 rp=253372
23:25:42.384 I (172047) kws: >>> WAKE WORD "marvin" DETECTED  (score 0.51, t = 171.67 s)
23:25:42.384 I (172068) stream: first audio sent 19 ms after the detection
23:25:42.384 @T t=171711 s=0.512 lv=-32.4 pk=-28.4 c0=14.8 c1=13.9 kw=12.10 inf=3.02 iv=1.50 n=4 d=14 sk=0 hf=95888 hm=78176 ht=283428 pf=0 pm=0 pt=0 ru=237392 rp=253372
23:25:42.384 @T t=171798 s=0.404 lv=-41.3 pk=-40.4 c0=19.0 c1=13.2 kw=11.08 inf=3.01 iv=1.55 n=3 d=14 sk=0 hf=92096 hm=78176 ht=283428 pf=0 pm=0 pt=0 ru=239452 rp=253372
23:25:42.384 @T t=171904 s=0.438 lv=-27.9 pk=-24.8 c0=13.7 c1=11.1 kw=10.12 inf=3.33 iv=1.49 n=3 d=14 sk=0 hf=95940 hm=78176 ht=283428 pf=0 pm=0 pt=0 ru=235608 rp=253372
23:25:42.384 @T t=171996 s=0.103 lv=-31.1 pk=-27.0 c0=17.5 c1=15.5 kw=13.86 inf=3.00 iv=1.64 n=4 d=14 sk=0 hf=94132 hm=78176 ht=283428 pf=0 pm=0 pt=0 ru=238976 rp=253372
23:25:42.384 I (172428) wake_word: score event: peak 0.51 over 330 ms -> detected
23:25:42.384 @T t=172102 s=0.004 lv=-37.4 pk=-36.7 c0=17.4 c1=13.2 kw=11.54 inf=3.83 iv=1.68 n=3 d=14 sk=0 hf=95940 hm=78176 ht=283428 pf=0 pm=0 pt=0 ru=235608 rp=253372
23:25:42.384 @I ww=marvin cut=0.50 win=5 cool=1000 tick=100 wifi=1 srv=1 li=0 ln=0
23:25:42.384 @T t=172214 s=0.001 lv=-38.6 pk=-37.7 c0=16.5 c1=13.4 kw=12.85 inf=3.38 iv=1.73 n=4 d=14 sk=0 hf=88256 hm=78176 ht=283428 pf=0 pm=0 pt=0 ru=243292 rp=253372
23:25:42.384 @T t=172300 s=0.000 lv=-38.6 pk=-37.5 c0=13.8 c1=11.3 kw=10.28 inf=2.75 iv=1.39 n=3 d=14 sk=0 hf=84416 hm=78176 ht=283428 pf=0 pm=0 pt=0 ru=247132 rp=253372
23:25:42.384 @T t=172409 s=0.000 lv=-38.6 pk=-36.9 c0=14.8 c1=13.2 kw=11.82 inf=3.00 iv=1.40 n=4 d=14 sk=0 hf=92300 hm=78176 ht=283428 pf=0 pm=0 pt=0 ru=239248 rp=253372
23:25:42.384 @T t=172495 s=0.000 lv=-35.5 pk=-32.2 c0=15.3 c1=10.6 kw=9.27 inf=3.69 iv=1.64 n=2 d=14 sk=0 hf=95940 hm=78176 ht=283428 pf=0 pm=0 pt=0 ru=235608 rp=253372
23:25:42.384 @T t=172601 s=0.000 lv=-36.7 pk=-34.7 c0=18.1 c1=13.4 kw=11.87 inf=2.96 iv=1.64 n=4 d=14 sk=0 hf=95940 hm=78176 ht=283428 pf=0 pm=0 pt=0 ru=235608 rp=253372
23:25:42.384 @T t=172711 s=0.000 lv=-37.9 pk=-35.6 c0=18.3 c1=13.5 kw=12.02 inf=3.08 iv=1.53 n=4 d=14 sk=0 hf=95940 hm=78176 ht=283428 pf=0 pm=0 pt=0 ru=235608 rp=253372
23:25:42.384 @T t=172797 s=0.000 lv=-39.5 pk=-38.4 c0=18.4 c1=10.8 kw=9.40 inf=3.74 iv=1.66 n=2 d=14 sk=0 hf=95940 hm=78176 ht=283428 pf=0 pm=0 pt=0 ru=235608 rp=253372
23:25:42.384 @T t=172903 s=0.000 lv=-38.9 pk=-37.5 c0=15.1 c1=13.3 kw=11.84 inf=2.95 iv=1.63 n=4 d=14 sk=0 hf=95940 hm=78176 ht=283428 pf=0 pm=0 pt=0 ru=235608 rp=253372
23:25:42.384 @T t=173012 s=0.000 lv=-38.7 pk=-37.0 c0=20.3 c1=14.3 kw=12.61 inf=3.21 iv=1.63 n=4 d=14 sk=0 hf=95940 hm=78176 ht=283428 pf=0 pm=0 pt=0 ru=235608 rp=253372
23:25:42.384 @T t=173098 s=0.000 lv=-38.7 pk=-36.5 c0=14.7 c1=10.2 kw=8.85 inf=3.51 iv=1.45 n=2 d=14 sk=0 hf=95940 hm=78176 ht=283428 pf=0 pm=0 pt=0 ru=235608 rp=253372
23:25:42.384 @I ww=marvin cut=0.50 win=5 cool=1000 tick=100 wifi=1 srv=1 li=0 ln=0
23:25:42.384 I (173554) stream: stream finished (silence): 1500 ms of audio sent (23 KB)
23:25:44.770 @T t=173214 s=0.000 lv=-39.4 pk=-38.4 c0=14.6 c1=12.2 kw=11.08 inf=2.99 iv=1.44 n=4 d=14 sk=0 hf=95940 hm=78176 ht=283428 pf=0 pm=0 pt=0 ru=235608 rp=253372
23:25:44.770 @T t=173300 s=0.000 lv=-39.6 pk=-38.4 c0=7.6 c1=9.4 kw=9.24 inf=2.46 iv=1.16 n=3 d=14 sk=0 hf=95940 hm=78176 ht=283428 pf=0 pm=0 pt=0 ru=235608 rp=253372
23:25:44.770 @T t=173406 s=0.000 lv=-39.7 pk=-37.3 c0=3.4 c1=9.9 kw=8.59 inf=2.06 iv=0.86 n=4 d=14 sk=0 hf=95940 hm=78176 ht=283428 pf=0 pm=0 pt=0 ru=235608 rp=253372
23:25:44.770 @T t=173512 s=0.000 lv=-37.8 pk=-36.2 c0=3.4 c1=9.7 kw=10.24 inf=3.38 iv=1.47 n=3 d=14 sk=0 hf=95940 hm=78176 ht=283428 pf=0 pm=0 pt=0 ru=235608 rp=253372
23:25:44.770 @T t=173598 s=0.000 lv=-38.5 pk=-37.3 c0=7.3 c1=9.3 kw=9.08 inf=2.41 iv=1.13 n=3 d=14 sk=0 hf=95940 hm=78176 ht=283428 pf=0 pm=0 pt=0 ru=235608 rp=253372
23:25:44.770 @T t=173704 s=0.000 lv=-38.0 pk=-36.1 c0=3.7 c1=8.6 kw=8.36 inf=2.72 iv=1.12 n=3 d=14 sk=0 hf=95940 hm=78176 ht=283428 pf=0 pm=0 pt=0 ru=235608 rp=253372
23:25:44.770 @T t=173813 s=0.000 lv=-39.8 pk=-38.5 c0=9.3 c1=10.8 kw=10.58 inf=2.66 iv=1.19 n=4 d=14 sk=0 hf=95940 hm=78176 ht=283428 pf=0 pm=0 pt=0 ru=235608 rp=253372
23:25:44.770 @T t=173899 s=0.000 lv=-38.7 pk=-38.3 c0=4.3 c1=9.4 kw=9.23 inf=2.45 iv=1.17 n=3 d=14 sk=0 hf=95940 hm=78176 ht=283428 pf=0 pm=0 pt=0 ru=235608 rp=253372
23:25:44.770 @T t=174005 s=0.000 lv=-38.6 pk=-37.4 c0=3.5 c1=8.9 kw=8.48 inf=2.72 iv=1.12 n=3 d=14 sk=0 hf=95940 hm=78176 ht=283428 pf=0 pm=0 pt=0 ru=235608 rp=253372
23:25:44.770 @T t=174113 s=0.000 lv=-39.7 pk=-38.4 c0=8.2 c1=10.5 kw=10.46 inf=2.65 iv=1.21 n=4 d=14 sk=0 hf=95940 hm=78176 ht=283428 pf=0 pm=0 pt=0 ru=235608 rp=253372
23:25:44.770 @I ww=marvin cut=0.50 win=5 cool=1000 tick=100 wifi=1 srv=1 li=0 ln=0
23:25:44.770 @T t=174204 s=0.000 lv=-40.6 pk=-39.4 c0=4.7 c1=4.8 kw=4.65 inf=1.84 iv=0.00 n=0 d=14 sk=2 hf=95940 hm=78176 ht=283428 pf=0 pm=0 pt=0 ru=235608 rp=253372
23:25:44.770 @T t=174309 s=0.000 lv=-39.5 pk=-38.3 c0=5.8 c1=6.2 kw=6.00 inf=1.37 iv=0.00 n=0 d=14 sk=4 hf=95940 hm=78176 ht=283428 pf=0 pm=0 pt=0 ru=235608 rp=253372
23:25:44.770 @T t=174394 s=0.000 lv=-39.5 pk=-38.8 c0=7.7 c1=5.0 kw=4.89 inf=1.83 iv=0.00 n=0 d=14 sk=2 hf=95940 hm=78176 ht=283428 pf=0 pm=0 pt=0 ru=235608 rp=253372
23:25:44.770 @T t=174500 s=0.000 lv=-38.7 pk=-38.1 c0=3.0 c1=5.1 kw=4.93 inf=1.52 iv=0.00 n=0 d=14 sk=3 hf=95940 hm=78176 ht=283428 pf=0 pm=0 pt=0 ru=235608 rp=253372
23:25:44.770 @T t=174606 s=0.000 lv=-38.0 pk=-36.4 c0=3.0 c1=6.1 kw=5.90 inf=1.36 iv=0.00 n=0 d=14 sk=4 hf=95940 hm=78176 ht=283428 pf=0 pm=0 pt=0 ru=235608 rp=253372
23:25:44.770 I (175089) wifi:[ADDBA]RX DELBA, reason:37, delete tid:0, initiator:1(originator)
23:25:44.770 @T t=174713 s=0.000 lv=-38.8 pk=-37.7 c0=4.9 c1=5.1 kw=4.94 inf=1.52 iv=0.00 n=0 d=14 sk=3 hf=95940 hm=78176 ht=283428 pf=0 pm=0 pt=0 ru=235608 rp=253372
23:25:44.770 @T t=174801 s=0.000 lv=-38.7 pk=-37.5 c0=5.7 c1=5.2 kw=4.96 inf=1.89 iv=0.00 n=0 d=14 sk=2 hf=94380 hm=78176 ht=283428 pf=0 pm=0 pt=0 ru=237168 rp=253372
23:25:44.770 @T t=174908 s=0.000 lv=-38.9 pk=-36.8 c0=5.3 c1=6.6 kw=6.06 inf=1.41 iv=0.00 n=0 d=14 sk=4 hf=95940 hm=78176 ht=283428 pf=0 pm=0 pt=0 ru=235608 rp=253372
23:25:44.770 @T t=175013 s=0.000 lv=-38.7 pk=-37.6 c0=4.0 c1=5.2 kw=5.07 inf=1.55 iv=0.00 n=0 d=14 sk=3 hf=95940 hm=78176 ht=283428 pf=0 pm=0 pt=0 ru=235608 rp=253372
23:25:44.770 @T t=175098 s=0.000 lv=-39.3 pk=-38.5 c0=3.8 c1=5.0 kw=4.91 inf=1.84 iv=0.00 n=0 d=14 sk=2 hf=95940 hm=78176 ht=283428 pf=0 pm=0 pt=0 ru=235608 rp=253372
23:25:44.770 @I ww=marvin cut=0.50 win=5 cool=1000 tick=100 wifi=1 srv=1 li=0 ln=0
23:25:44.770 @T t=175210 s=0.000 lv=-39.6 pk=-38.4 c0=3.6 c1=5.8 kw=5.58 inf=1.36 iv=0.00 n=0 d=14 sk=4 hf=95940 hm=78176 ht=283428 pf=0 pm=0 pt=0 ru=235608 rp=253372
23:25:44.770 I (175617) stream: server: {"type":"response","text":"What time is it?","saved":"20260928_232540_833_e072a1d53274_marvin.wav"}
23:25:44.770 @T t=175297 s=0.000 lv=-36.9 pk=-34.2 c0=5.7 c1=8.5 kw=5.02 inf=1.88 iv=0.00 n=0 d=14 sk=2 hf=95940 hm=78176 ht=283428 pf=0 pm=0 pt=0 ru=235608 rp=253372
23:25:44.770 @T t=175403 s=0.000 lv=-35.3 pk=-33.0 c0=3.4 c1=15.3 kw=15.17 inf=1.28 iv=0.96 n=11 d=14 sk=1 hf=95940 hm=78176 ht=283428 pf=0 pm=0 pt=0 ru=235608 rp=253372
23:25:44.770 @T t=175509 s=0.000 lv=-35.9 pk=-32.9 c0=3.5 c1=10.6 kw=10.39 inf=2.54 iv=1.11 n=4 d=14 sk=0 hf=95940 hm=78176 ht=283428 pf=0 pm=0 pt=0 ru=235608 rp=253372
23:25:47.281 @T t=175595 s=0.000 lv=-37.0 pk=-35.7 c0=4.0 c1=9.2 kw=9.01 inf=2.39 iv=1.12 n=3 d=14 sk=0 hf=95940 hm=78176 ht=283428 pf=0 pm=0 pt=0 ru=235608 rp=253372
23:25:47.281 @T t=175701 s=0.000 lv=-38.1 pk=-36.4 c0=3.3 c1=8.5 kw=8.30 inf=2.70 iv=1.13 n=3 d=14 sk=0 hf=95940 hm=78176 ht=283428 pf=0 pm=0 pt=0 ru=235608 rp=253372
23:25:47.281 @T t=175807 s=0.000 lv=-36.2 pk=-34.1 c0=6.1 c1=10.7 kw=10.49 inf=2.57 iv=1.13 n=4 d=14 sk=0 hf=95940 hm=78176 ht=283428 pf=0 pm=0 pt=0 ru=235608 rp=253372
23:25:47.281 @T t=175913 s=0.000 lv=-38.9 pk=-37.4 c0=6.2 c1=9.7 kw=9.45 inf=2.33 iv=1.13 n=4 d=14 sk=0 hf=95940 hm=78176 ht=283428 pf=0 pm=0 pt=0 ru=235608 rp=253372
23:25:47.281 @T t=175999 s=0.000 lv=-38.7 pk=-37.4 c0=4.8 c1=8.2 kw=7.99 inf=3.15 iv=1.20 n=2 d=14 sk=0 hf=95940 hm=78176 ht=283428 pf=0 pm=0 pt=0 ru=235608 rp=253372
23:25:47.281 @T t=176105 s=0.000 lv=-28.1 pk=-23.4 c0=3.5 c1=10.1 kw=9.70 inf=2.36 iv=1.15 n=4 d=14 sk=0 hf=95940 hm=78176 ht=283428 pf=0 pm=0 pt=0 ru=235608 rp=253372
23:25:47.281 @I ww=marvin cut=0.50 win=5 cool=1000 tick=100 wifi=1 srv=1 li=0 ln=0
23:25:47.281 @T t=176196 s=0.000 lv=-28.6 pk=-25.9 c0=4.8 c1=10.1 kw=9.67 inf=2.74 iv=1.14 n=3 d=14 sk=0 hf=95940 hm=78176 ht=283428 pf=0 pm=0 pt=0 ru=235608 rp=253372
23:25:47.281 @T t=176302 s=0.002 lv=-36.0 pk=-34.9 c0=6.6 c1=9.0 kw=8.83 inf=2.88 iv=1.27 n=3 d=14 sk=0 hf=95940 hm=78176 ht=283428 pf=0 pm=0 pt=0 ru=235608 rp=253372
23:25:47.281 @T t=176408 s=0.007 lv=-38.3 pk=-36.7 c0=3.4 c1=10.9 kw=10.69 inf=2.62 iv=1.18 n=4 d=14 sk=0 hf=95940 hm=78176 ht=283428 pf=0 pm=0 pt=0 ru=235608 rp=253372
23:25:47.281 @T t=176514 s=0.020 lv=-38.0 pk=-36.3 c0=3.4 c1=9.8 kw=9.59 inf=2.36 iv=1.17 n=4 d=14 sk=0 hf=95940 hm=78176 ht=283428 pf=0 pm=0 pt=0 ru=235608 rp=253372
23:25:47.281 @T t=176600 s=0.027 lv=-38.5 pk=-36.7 c0=7.4 c1=8.3 kw=8.07 inf=3.18 iv=1.25 n=2 d=14 sk=0 hf=95940 hm=78176 ht=283428 pf=0 pm=0 pt=0 ru=235608 rp=253372
23:25:47.281 @T t=176706 s=0.039 lv=-38.4 pk=-36.4 c0=3.4 c1=10.9 kw=10.66 inf=2.61 iv=1.17 n=4 d=14 sk=0 hf=95940 hm=78176 ht=283428 pf=0 pm=0 pt=0 ru=235608 rp=253372
23:25:47.281 @T t=176812 s=0.030 lv=-38.9 pk=-37.2 c0=6.1 c1=9.9 kw=9.67 inf=2.38 iv=1.17 n=4 d=14 sk=0 hf=95940 hm=78176 ht=283428 pf=0 pm=0 pt=0 ru=235608 rp=253372
23:25:47.281 @T t=176898 s=0.002 lv=-29.2 pk=-24.6 c0=4.3 c1=8.5 kw=8.27 inf=3.27 iv=1.32 n=2 d=14 sk=0 hf=95940 hm=78176 ht=283428 pf=0 pm=0 pt=0 ru=235608 rp=253372
23:25:47.282 @T t=177004 s=0.000 lv=-26.2 pk=-22.6 c0=6.2 c1=9.8 kw=9.60 inf=2.37 iv=1.16 n=4 d=14 sk=0 hf=95940 hm=78176 ht=283428 pf=0 pm=0 pt=0 ru=235608 rp=253372
23:25:47.282 @T t=177113 s=0.000 lv=-38.4 pk=-37.6 c0=3.6 c1=10.9 kw=10.64 inf=2.67 iv=1.20 n=4 d=14 sk=0 hf=95940 hm=78176 ht=283428 pf=0 pm=0 pt=0 ru=235608 rp=253372
23:25:47.282 @I ww=marvin cut=0.50 win=5 cool=1000 tick=100 wifi=1 srv=1 li=0 ln=0
23:25:47.282 @T t=177204 s=0.000 lv=-37.4 pk=-36.6 c0=4.9 c1=7.7 kw=7.54 inf=3.15 iv=1.22 n=2 d=14 sk=0 hf=95940 hm=78176 ht=283428 pf=0 pm=0 pt=0 ru=235608 rp=253372
23:25:47.282 @T t=177313 s=0.000 lv=-37.9 pk=-36.7 c0=6.9 c1=11.3 kw=10.78 inf=2.72 iv=1.23 n=4 d=14 sk=0 hf=95940 hm=78176 ht=283428 pf=0 pm=0 pt=0 ru=235608 rp=253372
23:25:47.282 @T t=177399 s=0.000 lv=-38.0 pk=-36.6 c0=4.2 c1=9.3 kw=9.09 inf=2.42 iv=1.14 n=3 d=14 sk=0 hf=95940 hm=78176 ht=283428 pf=0 pm=0 pt=0 ru=235608 rp=253372
23:25:47.282 @T t=177505 s=0.000 lv=-39.1 pk=-37.6 c0=3.4 c1=8.9 kw=8.52 inf=2.73 iv=1.14 n=3 d=14 sk=0 hf=95940 hm=78176 ht=283428 pf=0 pm=0 pt=0 ru=235608 rp=253372
23:25:47.282 @T t=177611 s=0.000 lv=-39.8 pk=-37.0 c0=3.4 c1=10.6 kw=10.59 inf=2.63 iv=1.19 n=4 d=14 sk=0 hf=95940 hm=78176 ht=283428 pf=0 pm=0 pt=0 ru=235608 rp=253372
23:25:47.282 @T t=177697 s=0.000 lv=-40.5 pk=-39.5 c0=4.3 c1=9.3 kw=9.05 inf=2.41 iv=1.13 n=3 d=14 sk=0 hf=95940 hm=78176 ht=283428 pf=0 pm=0 pt=0 ru=235608 rp=253372
23:25:47.282 @T t=177803 s=0.000 lv=-40.3 pk=-38.6 c0=3.5 c1=8.6 kw=8.40 inf=2.73 iv=1.14 n=3 d=14 sk=0 hf=95940 hm=78176 ht=283428 pf=0 pm=0 pt=0 ru=235608 rp=253372
23:25:47.282 @T t=177909 s=0.000 lv=-39.7 pk=-38.0 c0=6.7 c1=10.8 kw=10.57 inf=2.59 iv=1.14 n=4 d=14 sk=0 hf=95940 hm=78176 ht=283428 pf=0 pm=0 pt=0 ru=235608 rp=253372
23:25:47.282 @T t=177995 s=0.000 lv=-39.8 pk=-38.6 c0=7.5 c1=9.3 kw=9.11 inf=2.42 iv=1.13 n=3 d=14 sk=0 hf=95940 hm=78176 ht=283428 pf=0 pm=0 pt=0 ru=235608 rp=253372
23:25:49.788 @T t=178101 s=0.000 lv=-38.9 pk=-37.6 c0=6.0 c1=8.5 kw=8.33 inf=2.71 iv=1.12 n=3 d=14 sk=0 hf=95940 hm=78176 ht=283428 pf=0 pm=0 pt=0 ru=235608 rp=253372
23:25:49.788 @I ww=marvin cut=0.50 win=5 cool=1000 tick=100 wifi=1 srv=1 li=0 ln=0
23:25:49.788 @T t=178213 s=0.000 lv=-39.4 pk=-37.9 c0=4.3 c1=10.2 kw=10.01 inf=2.59 iv=1.14 n=4 d=14 sk=0 hf=95940 hm=78176 ht=283428 pf=0 pm=0 pt=0 ru=235608 rp=253372
23:25:49.788 @T t=178299 s=0.000 lv=-40.7 pk=-39.5 c0=4.9 c1=9.8 kw=9.55 inf=2.55 iv=1.24 n=3 d=14 sk=0 hf=95940 hm=78176 ht=283428 pf=0 pm=0 pt=0 ru=235608 rp=253372
23:25:49.788 @T t=178405 s=0.000 lv=-39.0 pk=-38.0 c0=3.4 c1=8.9 kw=8.52 inf=2.73 iv=1.13 n=3 d=14 sk=0 hf=95940 hm=78176 ht=283428 pf=0 pm=0 pt=0 ru=235608 rp=253372
23:25:49.788 @T t=178511 s=0.000 lv=-40.0 pk=-38.7 c0=3.5 c1=10.6 kw=10.55 inf=2.62 iv=1.18 n=4 d=14 sk=0 hf=95940 hm=78176 ht=283428 pf=0 pm=0 pt=0 ru=235608 rp=253372
23:25:49.788 @T t=178597 s=0.000 lv=-40.6 pk=-39.8 c0=4.1 c1=6.7 kw=6.59 inf=1.70 iv=1.36 n=1 d=14 sk=2 hf=95940 hm=78176 ht=283428 pf=0 pm=0 pt=0 ru=235608 rp=253372
23:25:49.788 @T t=178702 s=0.000 lv=-38.7 pk=-37.4 c0=3.2 c1=5.1 kw=4.97 inf=1.53 iv=0.00 n=0 d=14 sk=3 hf=95940 hm=78176 ht=283428 pf=0 pm=0 pt=0 ru=235608 rp=253372
23:25:49.788 @T t=178809 s=0.000 lv=-40.0 pk=-38.0 c0=3.1 c1=6.1 kw=5.93 inf=1.37 iv=0.00 n=0 d=14 sk=4 hf=95940 hm=78176 ht=283428 pf=0 pm=0 pt=0 ru=235608 rp=253372
23:25:49.788 @T t=178895 s=0.000 lv=-38.8 pk=-38.2 c0=7.9 c1=5.0 kw=4.90 inf=1.84 iv=0.00 n=0 d=14 sk=2 hf=95940 hm=78176 ht=283428 pf=0 pm=0 pt=0 ru=235608 rp=253372
23:25:49.788 @T t=179001 s=0.000 lv=-38.6 pk=-35.9 c0=3.1 c1=5.1 kw=4.92 inf=1.51 iv=0.00 n=0 d=14 sk=3 hf=95940 hm=78176 ht=283428 pf=0 pm=0 pt=0 ru=235608 rp=253372
23:25:49.788 @T t=179106 s=0.000 lv=-38.5 pk=-37.1 c0=6.3 c1=6.1 kw=5.95 inf=1.37 iv=0.00 n=0 d=14 sk=4 hf=95940 hm=78176 ht=283428 pf=0 pm=0 pt=0 ru=235608 rp=253372
23:25:49.788 @I ww=marvin cut=0.50 win=5 cool=1000 tick=100 wifi=1 srv=1 li=0 ln=0
23:25:49.788 @T t=179197 s=0.000 lv=-38.9 pk=-37.2 c0=13.0 c1=4.7 kw=4.59 inf=1.82 iv=0.00 n=0 d=14 sk=2 hf=95940 hm=78176 ht=283428 pf=0 pm=0 pt=0 ru=235608 rp=253372
23:25:49.788 @T t=179304 s=0.000 lv=-39.1 pk=-37.3 c0=6.7 c1=5.6 kw=5.06 inf=1.55 iv=0.00 n=0 d=14 sk=3 hf=95940 hm=78176 ht=283428 pf=0 pm=0 pt=0 ru=235608 rp=253372
23:25:49.788 @T t=179413 s=0.000 lv=-38.6 pk=-36.9 c0=9.1 c1=6.0 kw=5.88 inf=1.40 iv=0.00 n=0 d=14 sk=4 hf=95940 hm=78176 ht=283428 pf=0 pm=0 pt=0 ru=235608 rp=253372
23:25:49.788 @T t=179498 s=0.000 lv=-39.6 pk=-38.5 c0=3.8 c1=5.0 kw=4.88 inf=1.83 iv=0.00 n=0 d=14 sk=2 hf=95940 hm=78176 ht=283428 pf=0 pm=0 pt=0 ru=235608 rp=253372
23:25:49.788 @T t=179607 s=0.000 lv=-39.1 pk=-37.3 c0=2.7 c1=6.0 kw=5.81 inf=1.37 iv=0.00 n=0 d=14 sk=4 hf=95940 hm=78176 ht=283428 pf=0 pm=0 pt=0 ru=235608 rp=253372
23:25:49.788 @T t=179713 s=0.000 lv=-37.5 pk=-33.6 c0=6.3 c1=12.0 kw=4.06 inf=0.36 iv=0.00 n=8 d=14 sk=2 hf=95940 hm=78176 ht=283428 pf=0 pm=0 pt=0 ru=235608 rp=253372
23:25:49.788 @T t=179799 s=0.000 lv=-38.1 pk=-36.3 c0=7.6 c1=12.6 kw=21.97 inf=3.67 iv=2.69 n=5 d=14 sk=0 hf=95940 hm=78176 ht=283428 pf=0 pm=0 pt=0 ru=235608 rp=253372
23:25:49.788 @T t=179905 s=0.000 lv=-36.9 pk=-35.4 c0=3.5 c1=8.9 kw=8.53 inf=2.73 iv=1.14 n=3 d=14 sk=0 hf=95940 hm=78176 ht=283428 pf=0 pm=0 pt=0 ru=235608 rp=253372
23:25:49.788 @T t=180011 s=0.000 lv=-38.6 pk=-37.7 c0=6.2 c1=10.7 kw=10.63 inf=2.64 iv=1.22 n=4 d=14 sk=0 hf=95940 hm=78176 ht=283428 pf=0 pm=0 pt=0 ru=235608 rp=253372
23:25:49.788 @T t=180097 s=0.000 lv=-39.2 pk=-38.3 c0=4.1 c1=9.2 kw=8.98 inf=2.39 iv=1.12 n=3 d=14 sk=0 hf=95940 hm=78176 ht=283428 pf=0 pm=0 pt=0 ru=235608 rp=253372
23:25:49.788 @I ww=marvin cut=0.50 win=5 cool=1000 tick=100 wifi=1 srv=1 li=0 ln=0
23:25:49.788 @T t=180209 s=0.000 lv=-38.2 pk=-36.4 c0=3.9 c1=9.9 kw=9.69 inf=2.51 iv=1.08 n=4 d=14 sk=0 hf=95940 hm=78176 ht=283428 pf=0 pm=0 pt=0 ru=235608 rp=253372
23:25:49.788 @T t=180295 s=0.000 lv=-39.0 pk=-37.7 c0=4.8 c1=8.4 kw=8.17 inf=3.22 iv=1.28 n=2 d=14 sk=0 hf=95940 hm=78176 ht=283428 pf=0 pm=0 pt=0 ru=235608 rp=253372
23:25:49.788 @T t=180401 s=0.000 lv=-38.0 pk=-34.5 c0=3.4 c1=9.5 kw=9.34 inf=2.30 iv=1.11 n=4 d=14 sk=0 hf=95940 hm=78176 ht=283428 pf=0 pm=0 pt=0 ru=235608 rp=253372
23:25:49.788 @T t=180507 s=0.000 lv=-37.9 pk=-35.8 c0=3.7 c1=10.9 kw=10.64 inf=2.61 iv=1.17 n=4 d=14 sk=0 hf=95940 hm=78176 ht=283428 pf=0 pm=0 pt=0 ru=235608 rp=253372
23:25:51.881 @T t=180613 s=0.000 lv=-38.6 pk=-37.7 c0=3.4 c1=8.5 kw=8.31 inf=2.70 iv=1.12 n=3 d=14 sk=0 hf=95940 hm=78176 ht=283428 pf=0 pm=0 pt=0 ru=235608 rp=253372
23:25:51.882 @T t=180699 s=0.000 lv=-31.8 pk=-27.5 c0=7.3 c1=9.3 kw=9.07 inf=2.41 iv=1.13 n=3 d=14 sk=0 hf=95940 hm=78176 ht=283428 pf=0 pm=0 pt=0 ru=235608 rp=253372
23:25:51.882 @T t=180805 s=0.000 lv=-25.8 pk=-24.9 c0=6.1 c1=9.0 kw=8.64 inf=2.77 iv=1.16 n=3 d=14 sk=0 hf=95940 hm=78176 ht=283428 pf=0 pm=0 pt=0 ru=235608 rp=253372
23:25:51.882 @T t=180914 s=0.002 lv=-32.5 pk=-28.6 c0=8.9 c1=10.5 kw=10.50 inf=2.68 iv=1.24 n=4 d=14 sk=0 hf=95940 hm=78176 ht=283428 pf=0 pm=0 pt=0 ru=235608 rp=253372
23:25:51.882 @T t=181000 s=0.165 lv=-35.8 pk=-33.8 c0=4.9 c1=9.6 kw=9.32 inf=2.48 iv=1.20 n=3 d=14 sk=0 hf=95940 hm=78176 ht=283428 pf=0 pm=0 pt=0 ru=235608 rp=253372
23:25:51.882 @T t=181106 s=0.180 lv=-36.0 pk=-32.9 c0=3.4 c1=10.1 kw=8.79 inf=2.83 iv=1.21 n=3 d=14 sk=0 hf=95940 hm=78176 ht=283428 pf=0 pm=0 pt=0 ru=235608 rp=253372
23:25:51.882 @I ww=marvin cut=0.50 win=5 cool=1000 tick=100 wifi=1 srv=1 li=0 ln=0
23:25:51.882 @T t=181197 s=0.435 lv=-36.9 pk=-35.1 c0=4.8 c1=9.2 kw=9.88 inf=2.81 iv=1.20 n=3 d=14 sk=0 hf=95940 hm=78176 ht=283428 pf=0 pm=0 pt=0 ru=235608 rp=253372
23:25:51.882 [status] up 181s | mic -35.5 dBFS (peak -22.6) | score max 0.51 | detections 14 | inferences 284 (28.1/s; model 1.22 ms each, paused in quiet 20%; features 1.38 ms per 30 ms) | CPU core0  7.0% core1  9.4% (wake word pipeline 8.99% of one core) | RAM used 230 KB (peak 247 KBI (181588) kws: >>> WAKE WORD "marvin" DETECTED  (score 0.59, t = 181.21 s)
23:25:51.882 , 93 KB free) | wifi OK, server OK | audio lost since boot: i2s 0 net 0
23:25:51.882 I (181632) stream: first audio sent 20 ms after the detection
23:25:51.882 @T t=181301 s=0.587 lv=-40.0 pk=-37.7 c0=20.4 c1=16.6 kw=12.28 inf=3.00 iv=1.66 n=4 d=15 sk=0 hf=95940 hm=78176 ht=283428 pf=0 pm=0 pt=0 ru=235608 rp=253372
23:25:51.882 @T t=181410 s=0.969 lv=-41.2 pk=-39.9 c0=16.1 c1=13.3 kw=11.95 inf=3.04 iv=1.49 n=4 d=15 sk=0 hf=92304 hm=78176 ht=283428 pf=0 pm=0 pt=0 ru=239244 rp=253372
23:25:51.882 @T t=181496 s=0.947 lv=-39.1 pk=-37.4 c0=15.3 c1=10.9 kw=9.15 inf=3.64 iv=1.52 n=2 d=15 sk=0 hf=95940 hm=78176 ht=283428 pf=0 pm=0 pt=0 ru=235608 rp=253372
23:25:51.882 @T t=181602 s=0.901 lv=-37.9 pk=-34.8 c0=15.2 c1=13.1 kw=11.84 inf=2.95 iv=1.62 n=4 d=15 sk=0 hf=95940 hm=78176 ht=283428 pf=0 pm=0 pt=0 ru=235608 rp=253372
23:25:51.882 @T t=181710 s=0.899 lv=-37.1 pk=-34.9 c0=16.5 c1=14.2 kw=12.90 inf=3.26 iv=1.71 n=4 d=15 sk=0 hf=88260 hm=78176 ht=283428 pf=0 pm=0 pt=0 ru=243288 rp=253372
23:25:51.882 @T t=181796 s=0.847 lv=-38.1 pk=-36.0 c0=17.9 c1=10.5 kw=9.06 inf=3.60 iv=1.50 n=2 d=15 sk=0 hf=95940 hm=78176 ht=283428 pf=0 pm=0 pt=0 ru=235608 rp=253372
23:25:51.882 @T t=181902 s=0.729 lv=-37.6 pk=-36.2 c0=14.7 c1=12.9 kw=11.47 inf=2.86 iv=1.51 n=4 d=15 sk=0 hf=95940 hm=78176 ht=283428 pf=0 pm=0 pt=0 ru=235608 rp=253372
23:25:51.882 @T t=182010 s=0.102 lv=-38.8 pk=-38.1 c0=16.4 c1=14.1 kw=12.57 inf=3.17 iv=1.57 n=4 d=15 sk=0 hf=92100 hm=78176 ht=283428 pf=0 pm=0 pt=0 ru=239448 rp=253372
23:25:51.882 I (182415) wifi:[ADDBA]RX DELBA, reason:37, delete tid:0, initiator:1(originator)
23:25:51.882 I (182448) wake_word: score event: peak 0.97 over 810 ms -> detected
23:25:51.882 @T t=182096 s=0.000 lv=-40.1 pk=-39.7 c0=16.9 c1=12.1 kw=10.62 inf=4.26 iv=1.59 n=2 d=15 sk=0 hf=92304 hm=78176 ht=283428 pf=0 pm=0 pt=0 ru=239244 rp=253372
23:25:51.882 @I ww=marvin cut=0.50 win=5 cool=1000 tick=100 wifi=1 srv=1 li=0 ln=0
23:25:51.882 @T t=182210 s=0.000 lv=-39.4 pk=-35.7 c0=15.3 c1=12.1 kw=11.16 inf=2.97 iv=1.42 n=4 d=15 sk=0 hf=85860 hm=78176 ht=283428 pf=0 pm=0 pt=0 ru=245688 rp=253372
23:25:51.882 @T t=182297 s=0.000 lv=-40.8 pk=-40.1 c0=16.9 c1=13.9 kw=11.31 inf=3.06 iv=1.62 n=3 d=15 sk=0 hf=95940 hm=78176 ht=283428 pf=0 pm=0 pt=0 ru=235608 rp=253372
23:25:51.882 @T t=182403 s=0.000 lv=-23.6 pk=-21.2 c0=13.8 c1=10.7 kw=9.64 inf=3.16 iv=1.45 n=3 d=15 sk=0 hf=93864 hm=78176 ht=283428 pf=0 pm=0 pt=0 ru=237684 rp=253372
23:25:51.882 @T t=182512 s=0.000 lv=-22.4 pk=-19.6 c0=15.0 c1=13.3 kw=11.99 inf=3.04 iv=1.49 n=4 d=15 sk=0 hf=95940 hm=78176 ht=283428 pf=0 pm=0 pt=0 ru=235608 rp=253372
23:25:51.882 @T t=182598 s=0.000 lv=-40.0 pk=-39.2 c0=15.1 c1=12.6 kw=11.15 inf=3.00 iv=1.57 n=3 d=15 sk=0 hf=95940 hm=78176 ht=283428 pf=0 pm=0 pt=0 ru=235608 rp=253372
23:25:54.268 @T t=182704 s=0.000 lv=-38.6 pk=-36.9 c0=14.8 c1=11.6 kw=10.21 inf=3.36 iv=1.60 n=3 d=15 sk=0 hf=95940 hm=78176 ht=283428 pf=0 pm=0 pt=0 ru=235608 rp=253372
23:25:54.268 @T t=182813 s=0.000 lv=-38.5 pk=-37.5 c0=15.9 c1=14.0 kw=12.50 inf=3.18 iv=1.57 n=4 d=15 sk=0 hf=92820 hm=78176 ht=283428 pf=0 pm=0 pt=0 ru=238728 rp=253372
23:25:54.268 @T t=182899 s=0.000 lv=-39.6 pk=-38.0 c0=15.5 c1=12.9 kw=11.06 inf=2.97 iv=1.51 n=3 d=15 sk=0 hf=95940 hm=78176 ht=283428 pf=0 pm=0 pt=0 ru=235608 rp=253372
23:25:54.268 @T t=183010 s=0.002 lv=-39.9 pk=-38.7 c0=15.3 c1=13.2 kw=12.05 inf=3.12 iv=1.51 n=4 d=15 sk=0 hf=88260 hm=78176 ht=283428 pf=0 pm=0 pt=0 ru=243288 rp=253372
23:25:54.268 @T t=183096 s=0.002 lv=-40.5 pk=-39.4 c0=14.8 c1=12.3 kw=10.78 inf=2.89 iv=1.52 n=3 d=15 sk=0 hf=95940 hm=78176 ht=283428 pf=0 pm=0 pt=0 ru=235608 rp=253372
23:25:54.268 @I ww=marvin cut=0.50 win=5 cool=1000 tick=100 wifi=1 srv=1 li=0 ln=0
23:25:54.268 I (183552) stream: stream finished (silence): 1940 ms of audio sent (30 KB)
23:25:54.268 @T t=183212 s=0.000 lv=-40.9 pk=-39.5 c0=15.3 c1=12.7 kw=11.36 inf=3.07 iv=1.52 n=4 d=15 sk=0 hf=95940 hm=78176 ht=283428 pf=0 pm=0 pt=0 ru=235608 rp=253372
23:25:54.268 @T t=183298 s=0.000 lv=-40.1 pk=-38.4 c0=8.4 c1=9.4 kw=8.79 inf=3.48 iv=1.46 n=2 d=15 sk=0 hf=95940 hm=78176 ht=283428 pf=0 pm=0 pt=0 ru=235608 rp=253372
23:25:54.268 @T t=183404 s=0.000 lv=-41.1 pk=-39.4 c0=6.1 c1=9.8 kw=9.59 inf=2.36 iv=1.17 n=4 d=15 sk=0 hf=95940 hm=78176 ht=283428 pf=0 pm=0 pt=0 ru=235608 rp=253372
23:25:54.268 @T t=183513 s=0.000 lv=-41.0 pk=-39.7 c0=3.8 c1=10.8 kw=10.57 inf=2.66 iv=1.21 n=4 d=15 sk=0 hf=95940 hm=78176 ht=283428 pf=0 pm=0 pt=0 ru=235608 rp=253372
23:25:54.268 @T t=183599 s=0.000 lv=-40.3 pk=-38.8 c0=4.0 c1=8.0 kw=7.82 inf=3.08 iv=1.18 n=2 d=15 sk=0 hf=95940 hm=78176 ht=283428 pf=0 pm=0 pt=0 ru=235608 rp=253372
23:25:54.268 @T t=183705 s=0.000 lv=-40.5 pk=-38.0 c0=3.4 c1=9.9 kw=9.46 inf=2.30 iv=1.10 n=4 d=15 sk=0 hf=95940 hm=78176 ht=283428 pf=0 pm=0 pt=0 ru=235608 rp=253372
23:25:54.268 @T t=183811 s=0.000 lv=-39.5 pk=-36.8 c0=3.5 c1=10.6 kw=10.20 inf=2.53 iv=1.10 n=4 d=15 sk=0 hf=95940 hm=78176 ht=283428 pf=0 pm=0 pt=0 ru=235608 rp=253372
23:25:54.268 @T t=183897 s=0.000 lv=-40.8 pk=-39.5 c0=4.6 c1=8.2 kw=7.99 inf=3.15 iv=1.23 n=2 d=15 sk=0 hf=95940 hm=78176 ht=283428 pf=0 pm=0 pt=0 ru=235608 rp=253372
23:25:54.268 @T t=184003 s=0.000 lv=-39.5 pk=-38.3 c0=3.5 c1=9.5 kw=9.34 inf=2.30 iv=1.10 n=4 d=15 sk=0 hf=95940 hm=78176 ht=283428 pf=0 pm=0 pt=0 ru=235608 rp=253372
23:25:54.268 @T t=184111 s=0.000 lv=-40.0 pk=-39.1 c0=3.0 c1=8.4 kw=8.25 inf=2.69 iv=1.20 n=2 d=15 sk=1 hf=95940 hm=78176 ht=283428 pf=0 pm=0 pt=0 ru=235608 rp=253372
23:25:54.268 @I ww=marvin cut=0.50 win=5 cool=1000 tick=100 wifi=1 srv=1 li=0 ln=0
23:25:54.268 @T t=184202 s=0.000 lv=-37.8 pk=-35.0 c0=4.7 c1=9.4 kw=9.26 inf=1.31 iv=1.02 n=4 d=15 sk=2 hf=95940 hm=78176 ht=283428 pf=0 pm=0 pt=0 ru=235608 rp=253372
23:25:54.268 @T t=184308 s=0.000 lv=-37.0 pk=-34.1 c0=3.9 c1=10.7 kw=10.50 inf=2.57 iv=1.14 n=4 d=15 sk=0 hf=95940 hm=78176 ht=283428 pf=0 pm=0 pt=0 ru=235608 rp=253372
23:25:54.268 I (184787) wifi:[ADDBA]RX DELBA, reason:37, delete tid:0, initiator:1(originator)
23:25:54.268 @T t=184414 s=0.000 lv=-39.7 pk=-37.8 c0=5.4 c1=8.6 kw=8.36 inf=2.72 iv=1.13 n=3 d=15 sk=0 hf=95940 hm=78176 ht=283428 pf=0 pm=0 pt=0 ru=235608 rp=253372
23:25:54.268 @T t=184500 s=0.000 lv=-40.2 pk=-38.7 c0=4.1 c1=9.4 kw=9.15 inf=2.43 iv=1.16 n=3 d=15 sk=0 hf=95940 hm=78176 ht=283428 pf=0 pm=0 pt=0 ru=235608 rp=253372
23:25:54.268 @T t=184606 s=0.000 lv=-38.6 pk=-37.5 c0=6.6 c1=9.7 kw=8.48 inf=2.72 iv=1.13 n=3 d=15 sk=0 hf=95940 hm=78176 ht=283428 pf=0 pm=0 pt=0 ru=235608 rp=253372
23:25:54.268 @T t=184712 s=0.000 lv=-39.7 pk=-39.1 c0=3.3 c1=9.6 kw=10.13 inf=2.51 iv=1.09 n=4 d=15 sk=0 hf=95940 hm=78176 ht=283428 pf=0 pm=0 pt=0 ru=235608 rp=253372
23:25:54.268 @T t=184798 s=0.000 lv=-40.6 pk=-39.8 c0=4.1 c1=9.3 kw=9.13 inf=2.43 iv=1.14 n=3 d=15 sk=0 hf=95940 hm=78176 ht=283428 pf=0 pm=0 pt=0 ru=235608 rp=253372
23:25:54.268 @T t=184904 s=0.000 lv=-40.5 pk=-40.1 c0=3.5 c1=8.6 kw=8.45 inf=2.75 iv=1.15 n=3 d=15 sk=0 hf=95940 hm=78176 ht=283428 pf=0 pm=0 pt=0 ru=235608 rp=253372
23:25:54.268 @T t=185013 s=0.000 lv=-39.5 pk=-38.3 c0=3.7 c1=10.9 kw=10.69 inf=2.69 iv=1.21 n=4 d=15 sk=0 hf=95940 hm=78176 ht=283428 pf=0 pm=0 pt=0 ru=235608 rp=253372
23:25:54.268 I (185441) stream: server: {"type":"response","text":"Increase the volume.","saved":"20260928_232550_396_e072a1d53274_marvin.wav"}
23:25:56.682 @T t=185099 s=0.000 lv=-39.3 pk=-38.6 c0=9.2 c1=10.7 kw=10.06 inf=2.68 iv=1.32 n=3 d=15 sk=0 hf=95940 hm=78176 ht=283428 pf=0 pm=0 pt=0 ru=235608 rp=253372
23:25:56.682 @I ww=marvin cut=0.50 win=5 cool=1000 tick=100 wifi=1 srv=1 li=0 ln=0
23:25:56.682 @T t=185211 s=0.000 lv=-39.3 pk=-35.8 c0=11.3 c1=10.0 kw=9.80 inf=2.53 iv=1.11 n=4 d=15 sk=0 hf=95940 hm=78176 ht=283428 pf=0 pm=0 pt=0 ru=235608 rp=253372
23:25:56.682 @T t=185297 s=0.000 lv=-38.9 pk=-36.5 c0=4.8 c1=8.5 kw=8.27 inf=3.27 iv=1.32 n=2 d=15 sk=0 hf=95940 hm=78176 ht=283428 pf=0 pm=0 pt=0 ru=235608 rp=253372
23:25:56.682 @T t=185403 s=0.000 lv=-40.2 pk=-39.0 c0=3.4 c1=9.6 kw=9.37 inf=2.30 iv=1.11 n=4 d=15 sk=0 hf=95940 hm=78176 ht=283428 pf=0 pm=0 pt=0 ru=235608 rp=253372
23:25:56.682 @T t=185512 s=0.000 lv=-39.8 pk=-39.1 c0=8.7 c1=10.3 kw=10.10 inf=2.54 iv=1.11 n=4 d=15 sk=0 hf=95940 hm=78176 ht=283428 pf=0 pm=0 pt=0 ru=235608 rp=253372
23:25:56.682 @T t=185598 s=0.000 lv=-39.8 pk=-39.1 c0=4.1 c1=8.1 kw=7.89 inf=3.11 iv=1.19 n=2 d=15 sk=0 hf=95940 hm=78176 ht=283428 pf=0 pm=0 pt=0 ru=235608 rp=253372
23:25:56.682 @T t=185704 s=0.000 lv=-37.3 pk=-35.5 c0=6.0 c1=9.6 kw=9.37 inf=2.31 iv=1.10 n=4 d=15 sk=0 hf=95940 hm=78176 ht=283428 pf=0 pm=0 pt=0 ru=235608 rp=253372
23:25:56.682 @T t=185810 s=0.000 lv=-39.0 pk=-37.8 c0=3.5 c1=10.9 kw=10.64 inf=2.60 iv=1.14 n=4 d=15 sk=0 hf=95940 hm=78176 ht=283428 pf=0 pm=0 pt=0 ru=235608 rp=253372
23:25:56.682 @T t=185896 s=0.000 lv=-40.1 pk=-38.4 c0=4.2 c1=5.1 kw=4.96 inf=1.86 iv=0.00 n=0 d=15 sk=2 hf=95940 hm=78176 ht=283428 pf=0 pm=0 pt=0 ru=235608 rp=253372
23:25:56.682 @T t=186002 s=0.000 lv=-38.4 pk=-37.5 c0=3.2 c1=5.1 kw=4.93 inf=1.52 iv=0.00 n=0 d=15 sk=3 hf=95940 hm=78176 ht=283428 pf=0 pm=0 pt=0 ru=235608 rp=253372
23:25:56.682 @T t=186108 s=0.000 lv=-39.0 pk=-37.0 c0=6.4 c1=6.9 kw=6.05 inf=1.39 iv=0.00 n=0 d=15 sk=4 hf=95940 hm=78176 ht=283428 pf=0 pm=0 pt=0 ru=235608 rp=253372
23:25:56.682 @I ww=marvin cut=0.50 win=5 cool=1000 tick=100 wifi=1 srv=1 li=0 ln=0
23:25:56.682 @T t=186198 s=0.000 lv=-37.2 pk=-36.2 c0=4.8 c1=4.7 kw=4.60 inf=1.82 iv=0.00 n=0 d=15 sk=2 hf=95940 hm=78176 ht=283428 pf=0 pm=0 pt=0 ru=235608 rp=253372
23:25:56.682 @T t=186305 s=0.000 lv=-26.1 pk=-24.4 c0=3.7 c1=17.3 kw=16.88 inf=1.42 iv=1.01 n=12 d=15 sk=0 hf=95940 hm=78176 ht=283428 pf=0 pm=0 pt=0 ru=235608 rp=253372
23:25:56.682 @T t=186411 s=0.000 lv=-28.2 pk=-26.0 c0=3.6 c1=11.0 kw=10.94 inf=2.72 iv=1.28 n=4 d=15 sk=0 hf=95940 hm=78176 ht=283428 pf=0 pm=0 pt=0 ru=235608 rp=253372
23:25:56.682 @T t=186497 s=0.136 lv=-37.1 pk=-36.1 c0=4.1 c1=9.5 kw=9.28 inf=2.47 iv=1.19 n=3 d=15 sk=0 hf=95940 hm=78176 ht=283428 pf=0 pm=0 pt=0 ru=235608 rp=253372
23:25:56.682 @T t=186603 s=0.288 lv=-34.0 pk=-32.6 c0=3.4 c1=8.8 kw=8.61 inf=2.81 iv=1.20 n=3 d=15 sk=0 hf=95940 hm=78176 ht=283428 pf=0 pm=0 pt=0 ru=235608 rp=253372
23:25:56.682 I (187047) kws: >>> WAKE WORD "marvin" DETECTED  (score 0.51, t = 186.67 s)
23:25:56.682 I (187067) stream: first audio sent 19 ms after the detection
23:25:56.683 @T t=186712 s=0.508 lv=-36.2 pk=-35.4 c0=10.9 c1=12.9 kw=11.02 inf=2.78 iv=1.29 n=4 d=16 sk=0 hf=92100 hm=78176 ht=283428 pf=0 pm=0 pt=0 ru=239448 rp=253372
23:25:56.683 @T t=186798 s=0.704 lv=-34.7 pk=-32.8 c0=18.2 c1=12.4 kw=10.79 inf=2.90 iv=1.49 n=3 d=16 sk=0 hf=95940 hm=78176 ht=283428 pf=0 pm=0 pt=0 ru=235608 rp=253372
23:25:56.683 @T t=186904 s=0.925 lv=-37.3 pk=-35.4 c0=14.2 c1=11.3 kw=9.87 inf=3.24 iv=1.50 n=3 d=16 sk=0 hf=95940 hm=78176 ht=283428 pf=0 pm=0 pt=0 ru=235608 rp=253372
23:25:56.683 @T t=187013 s=0.988 lv=-37.5 pk=-35.8 c0=16.2 c1=14.4 kw=12.76 inf=3.25 iv=1.60 n=4 d=16 sk=0 hf=95940 hm=78176 ht=283428 pf=0 pm=0 pt=0 ru=235608 rp=253372
23:25:56.683 @T t=187099 s=0.974 lv=-37.3 pk=-36.2 c0=15.8 c1=12.7 kw=11.56 inf=3.03 iv=1.61 n=3 d=16 sk=0 hf=95940 hm=78176 ht=283428 pf=0 pm=0 pt=0 ru=235608 rp=253372
23:25:56.683 @I ww=marvin cut=0.50 win=5 cool=1000 tick=100 wifi=1 srv=1 li=0 ln=0
23:25:56.683 @T t=187212 s=0.941 lv=-36.9 pk=-34.7 c0=17.1 c1=13.6 kw=11.88 inf=3.13 iv=1.52 n=4 d=16 sk=0 hf=95940 hm=78176 ht=283428 pf=0 pm=0 pt=0 ru=235608 rp=253372
23:25:56.683 @T t=187298 s=0.666 lv=-35.4 pk=-33.5 c0=14.3 c1=10.2 kw=9.02 inf=3.58 iv=1.51 n=2 d=16 sk=0 hf=92100 hm=78176 ht=283428 pf=0 pm=0 pt=0 ru=239448 rp=253372
23:25:56.683 @T t=187404 s=0.475 lv=-34.2 pk=-31.0 c0=14.5 c1=13.2 kw=11.70 inf=2.92 iv=1.59 n=4 d=16 sk=0 hf=95940 hm=78176 ht=283428 pf=0 pm=0 pt=0 ru=235608 rp=253372
23:25:59.079 @T t=187513 s=0.086 lv=-21.2 pk=-19.3 c0=16.6 c1=14.3 kw=12.66 inf=3.22 iv=1.58 n=4 d=16 sk=0 hf=95940 hm=78176 ht=283428 pf=0 pm=0 pt=0 ru=235608 rp=253372
23:25:59.079 I (187927) wake_word: score event: peak 0.99 over 900 ms -> detected
23:25:59.080 @T t=187599 s=0.000 lv=-30.9 pk=-26.5 c0=15.4 c1=12.0 kw=10.68 inf=4.29 iv=1.59 n=2 d=16 sk=0 hf=95940 hm=78176 ht=283428 pf=0 pm=0 pt=0 ru=235608 rp=253372
23:25:59.080 @T t=187710 s=0.000 lv=-37.7 pk=-36.9 c0=15.3 c1=13.1 kw=11.96 inf=3.10 iv=1.55 n=4 d=16 sk=0 hf=92820 hm=78176 ht=283428 pf=0 pm=0 pt=0 ru=238728 rp=253372
23:25:59.080 @T t=187797 s=0.000 lv=-37.6 pk=-37.2 c0=19.1 c1=11.7 kw=10.34 inf=2.80 iv=1.41 n=3 d=16 sk=0 hf=92304 hm=78176 ht=283428 pf=0 pm=0 pt=0 ru=239244 rp=253372
23:25:59.080 @T t=187903 s=0.000 lv=-38.4 pk=-37.0 c0=14.0 c1=11.3 kw=10.04 inf=3.30 iv=1.57 n=3 d=16 sk=0 hf=95940 hm=78176 ht=283428 pf=0 pm=0 pt=0 ru=235608 rp=253372
23:25:59.080 @T t=188012 s=0.000 lv=-33.3 pk=-30.6 c0=16.3 c1=13.6 kw=12.26 inf=3.12 iv=1.53 n=4 d=16 sk=0 hf=95940 hm=78176 ht=283428 pf=0 pm=0 pt=0 ru=235608 rp=253372
23:25:59.080 @T t=188098 s=0.000 lv=-29.8 pk=-27.6 c0=19.0 c1=13.3 kw=11.53 inf=3.10 iv=1.62 n=3 d=16 sk=0 hf=95940 hm=78176 ht=283428 pf=0 pm=0 pt=0 ru=235608 rp=253372
23:25:59.080 @I ww=marvin cut=0.50 win=5 cool=1000 tick=100 wifi=1 srv=1 li=0 ln=0
23:25:59.080 @T t=188210 s=0.000 lv=-37.5 pk=-35.1 c0=17.2 c1=13.7 kw=12.07 inf=3.16 iv=1.56 n=4 d=16 sk=0 hf=95940 hm=78176 ht=283428 pf=0 pm=0 pt=0 ru=235608 rp=253372
23:25:59.080 @T t=188296 s=0.000 lv=-38.5 pk=-37.6 c0=15.2 c1=12.2 kw=10.84 inf=2.91 iv=1.52 n=3 d=16 sk=0 hf=95940 hm=78176 ht=283428 pf=0 pm=0 pt=0 ru=235608 rp=253372
23:25:59.080 @T t=188402 s=0.000 lv=-37.1 pk=-35.4 c0=15.3 c1=12.0 kw=10.90 inf=3.60 iv=1.78 n=3 d=16 sk=0 hf=95940 hm=78176 ht=283428 pf=0 pm=0 pt=0 ru=235608 rp=253372
23:25:59.080 @T t=188511 s=0.000 lv=-35.0 pk=-32.0 c0=17.1 c1=14.1 kw=12.45 inf=3.17 iv=1.57 n=4 d=16 sk=0 hf=95940 hm=78176 ht=283428 pf=0 pm=0 pt=0 ru=235608 rp=253372
23:25:59.080 @T t=188597 s=0.000 lv=-37.8 pk=-36.3 c0=18.0 c1=11.9 kw=10.55 inf=2.83 iv=1.45 n=3 d=16 sk=0 hf=95940 hm=78176 ht=283428 pf=0 pm=0 pt=0 ru=235608 rp=253372
23:25:59.080 @T t=188703 s=0.000 lv=-39.3 pk=-38.4 c0=13.8 c1=11.1 kw=9.85 inf=3.23 iv=1.50 n=3 d=16 sk=0 hf=95940 hm=78176 ht=283428 pf=0 pm=0 pt=0 ru=235608 rp=253372
23:25:59.080 I (189134) stream: stream finished (silence): 2080 ms of audio sent (32 KB)
23:25:59.080 @T t=188814 s=0.000 lv=-38.9 pk=-37.1 c0=13.5 c1=12.4 kw=11.26 inf=2.90 iv=1.37 n=4 d=16 sk=0 hf=95940 hm=78176 ht=283428 pf=0 pm=0 pt=0 ru=235608 rp=253372
23:25:59.080 @T t=188900 s=0.000 lv=-40.2 pk=-39.4 c0=4.4 c1=9.4 kw=9.19 inf=2.44 iv=1.16 n=3 d=16 sk=0 hf=95940 hm=78176 ht=283428 pf=0 pm=0 pt=0 ru=235608 rp=253372
23:25:59.080 @T t=189006 s=0.000 lv=-36.0 pk=-33.5 c0=3.5 c1=9.8 kw=8.49 inf=2.72 iv=1.13 n=3 d=16 sk=0 hf=95940 hm=78176 ht=283428 pf=0 pm=0 pt=0 ru=235608 rp=253372
23:25:59.080 @T t=189112 s=0.000 lv=-37.8 pk=-36.7 c0=3.8 c1=9.8 kw=10.50 inf=2.61 iv=1.16 n=4 d=16 sk=0 hf=95940 hm=78176 ht=283428 pf=0 pm=0 pt=0 ru=235608 rp=253372
23:25:59.080 @I ww=marvin cut=0.50 win=5 cool=1000 tick=100 wifi=1 srv=1 li=0 ln=0
23:25:59.080 @T t=189203 s=0.000 lv=-38.5 pk=-38.2 c0=13.1 c1=8.8 kw=8.60 inf=2.42 iv=1.14 n=3 d=16 sk=0 hf=95940 hm=78176 ht=283428 pf=0 pm=0 pt=0 ru=235608 rp=253372
23:25:59.080 @T t=189309 s=0.000 lv=-38.4 pk=-35.7 c0=3.4 c1=10.7 kw=10.43 inf=2.55 iv=1.12 n=4 d=16 sk=0 hf=95940 hm=78176 ht=283428 pf=0 pm=0 pt=0 ru=235608 rp=253372
23:25:59.080 @T t=189395 s=0.000 lv=-38.0 pk=-36.7 c0=4.1 c1=8.0 kw=7.84 inf=3.09 iv=1.18 n=2 d=16 sk=0 hf=95940 hm=78176 ht=283428 pf=0 pm=0 pt=0 ru=235608 rp=253372
23:25:59.080 @T t=189501 s=0.000 lv=-34.7 pk=-30.7 c0=3.7 c1=9.9 kw=9.64 inf=2.37 iv=1.16 n=4 d=16 sk=0 hf=95940 hm=78176 ht=283428 pf=0 pm=0 pt=0 ru=235608 rp=253372
23:25:59.080 @T t=189607 s=0.000 lv=-35.6 pk=-32.7 c0=3.4 c1=10.5 kw=10.34 inf=2.53 iv=1.10 n=4 d=16 sk=0 hf=95940 hm=78176 ht=283428 pf=0 pm=0 pt=0 ru=235608 rp=253372
23:25:59.080 @T t=189713 s=0.000 lv=-38.2 pk=-35.8 c0=3.3 c1=8.5 kw=8.35 inf=2.72 iv=1.13 n=3 d=16 sk=0 hf=95940 hm=78176 ht=283428 pf=0 pm=0 pt=0 ru=235608 rp=253372
23:25:59.080 @T t=189799 s=0.000 lv=-38.5 pk=-36.8 c0=4.2 c1=9.4 kw=9.20 inf=2.45 iv=1.16 n=3 d=16 sk=0 hf=95940 hm=78176 ht=283428 pf=0 pm=0 pt=0 ru=235608 rp=253372
23:26:01.171 @T t=189905 s=0.000 lv=-37.0 pk=-35.8 c0=3.5 c1=9.0 kw=8.58 inf=2.75 iv=1.16 n=3 d=16 sk=0 hf=95940 hm=78176 ht=283428 pf=0 pm=0 pt=0 ru=235608 rp=253372
23:26:01.171 @T t=190011 s=0.000 lv=-35.1 pk=-32.7 c0=6.2 c1=10.8 kw=10.73 inf=2.67 iv=1.23 n=4 d=16 sk=0 hf=95940 hm=78176 ht=283428 pf=0 pm=0 pt=0 ru=235608 rp=253372
23:26:01.171 @T t=190097 s=0.000 lv=-38.2 pk=-37.1 c0=8.3 c1=10.5 kw=9.87 inf=2.63 iv=1.29 n=3 d=16 sk=0 hf=95940 hm=78176 ht=283428 pf=0 pm=0 pt=0 ru=235608 rp=253372
23:26:01.171 @I ww=marvin cut=0.50 win=5 cool=1000 tick=100 wifi=1 srv=1 li=0 ln=0
23:26:01.171 @T t=190208 s=0.000 lv=-39.3 pk=-37.9 c0=4.0 c1=10.0 kw=9.81 inf=2.51 iv=1.09 n=4 d=16 sk=0 hf=95940 hm=78176 ht=283428 pf=0 pm=0 pt=0 ru=235608 rp=253372
23:26:01.171 @T t=190314 s=0.000 lv=-39.6 pk=-36.8 c0=6.6 c1=8.9 kw=8.69 inf=2.83 iv=1.23 n=3 d=16 sk=0 hf=95940 hm=78176 ht=283428 pf=0 pm=0 pt=0 ru=235608 rp=253372
23:26:01.171 @T t=190400 s=0.000 lv=-39.0 pk=-38.4 c0=4.1 c1=9.3 kw=9.13 inf=2.43 iv=1.13 n=3 d=16 sk=0 hf=95940 hm=78176 ht=283428 pf=0 pm=0 pt=0 ru=235608 rp=253372
23:26:01.171 @T t=190506 s=0.000 lv=-38.7 pk=-37.2 c0=3.4 c1=9.8 kw=8.49 inf=2.72 iv=1.13 n=3 d=16 sk=0 hf=95940 hm=78176 ht=283428 pf=0 pm=0 pt=0 ru=235608 rp=253372
23:26:01.171 @T t=190612 s=0.000 lv=-39.8 pk=-38.8 c0=3.7 c1=10.1 kw=10.77 inf=2.67 iv=1.22 n=4 d=16 sk=0 hf=95940 hm=78176 ht=283428 pf=0 pm=0 pt=0 ru=235608 rp=253372
23:26:01.171 I (191079) wifi:[ADDBA]RX DELBA, reason:37, delete tid:0, initiator:1(originator)
23:26:01.171 @T t=190699 s=0.000 lv=-38.2 pk=-37.1 c0=4.7 c1=9.3 kw=9.11 inf=2.42 iv=1.14 n=3 d=16 sk=0 hf=95940 hm=78176 ht=283428 pf=0 pm=0 pt=0 ru=235608 rp=253372
23:26:01.171 I (191147) stream: server: {"type":"response","text":"Tell me a joke.","saved":"20260928_232555_836_e072a1d53274_marvin.wav"}
23:26:01.171 @T t=190812 s=0.000 lv=-37.5 pk=-35.5 c0=17.0 c1=10.7 kw=10.49 inf=2.77 iv=1.21 n=4 d=16 sk=0 hf=95940 hm=78176 ht=283428 pf=0 pm=0 pt=0 ru=235608 rp=253372
23:26:01.171 @T t=190898 s=0.000 lv=-37.2 pk=-34.2 c0=4.3 c1=8.1 kw=7.90 inf=3.11 iv=1.19 n=2 d=16 sk=0 hf=95940 hm=78176 ht=283428 pf=0 pm=0 pt=0 ru=235608 rp=253372
23:26:01.171 @T t=191004 s=0.000 lv=-36.2 pk=-33.3 c0=4.0 c1=9.6 kw=9.34 inf=2.30 iv=1.10 n=4 d=16 sk=0 hf=95940 hm=78176 ht=283428 pf=0 pm=0 pt=0 ru=235608 rp=253372
23:26:01.171 @T t=191113 s=0.000 lv=-37.7 pk=-35.8 c0=8.8 c1=10.4 kw=10.18 inf=2.56 iv=1.11 n=4 d=16 sk=0 hf=95940 hm=78176 ht=283428 pf=0 pm=0 pt=0 ru=235608 rp=253372
23:26:01.171 @I ww=marvin cut=0.50 win=5 cool=1000 tick=100 wifi=1 srv=1 li=0 ln=0
23:26:01.171 @T t=191204 s=0.000 lv=-38.3 pk=-37.2 c0=4.8 c1=7.6 kw=7.45 inf=3.11 iv=1.18 n=2 d=16 sk=0 hf=95940 hm=78176 ht=283428 pf=0 pm=0 pt=0 ru=235608 rp=253372
23:26:01.172 [status] up 191s | mic -34.2 dBFS (peak -19.3) | score max 0.99 | detections 16 | inferences 329 (32.9/s; model 1.32 ms each, paused in quiet 4%; features 1.47 ms per 30 ms) | CPU core0  9.6% core1 10.8% (wake word pipeline 10.08% of one core) | RAM used 230 KB (peak 247 KB, 93 KB free) | wifi OK, server OK | audio lost since boot: i2s 0 net 0
23:26:01.172 [stacks] unused bytes: main=1936 IDLE1=720 IDLE0=728 tiT=1924 websocket_task=1460 audio_kws=1248 esp_timer=3136 streamer=1432 ipc0=528 wifi=3304 Tmr Svc=1368 ipc1=536 sys_evt=444
23:26:01.172 @T t=191297 s=0.000 lv=-40.6 pk=-39.2 c0=58.1 c1=11.6 kw=11.29 inf=2.44 iv=1.20 n=4 d=16 sk=0 hf=95940 hm=78176 ht=283428 pf=0 pm=0 pt=0 ru=235608 rp=253372
23:26:01.172 @T t=191403 s=0.000 lv=-39.8 pk=-38.1 c0=3.4 c1=8.5 kw=8.29 inf=2.70 iv=1.12 n=3 d=16 sk=0 hf=95940 hm=78176 ht=283428 pf=0 pm=0 pt=0 ru=235608 rp=253372
23:26:01.172 @T t=191512 s=0.000 lv=-37.5 pk=-34.3 c0=3.2 c1=10.4 kw=10.20 inf=2.56 iv=1.13 n=4 d=16 sk=0 hf=95940 hm=78176 ht=283428 pf=0 pm=0 pt=0 ru=235608 rp=253372
23:26:01.172 @T t=191598 s=0.000 lv=-40.2 pk=-39.6 c0=4.1 c1=9.2 kw=9.01 inf=2.39 iv=1.12 n=3 d=16 sk=0 hf=95940 hm=78176 ht=283428 pf=0 pm=0 pt=0 ru=235608 rp=253372
23:26:01.172 @T t=191704 s=0.000 lv=-40.4 pk=-39.9 c0=3.7 c1=8.1 kw=8.27 inf=2.69 iv=1.11 n=3 d=16 sk=0 hf=95940 hm=78176 ht=283428 pf=0 pm=0 pt=0 ru=235608 rp=253372
23:26:01.172 @T t=191810 s=0.000 lv=-40.4 pk=-38.8 c0=4.1 c1=12.0 kw=11.36 inf=2.78 iv=1.19 n=4 d=16 sk=0 hf=95940 hm=78176 ht=283428 pf=0 pm=0 pt=0 ru=235608 rp=253372
23:26:01.172 @T t=191896 s=0.000 lv=-41.7 pk=-41.1 c0=4.1 c1=9.2 kw=9.07 inf=2.41 iv=1.14 n=3 d=16 sk=0 hf=95940 hm=78176 ht=283428 pf=0 pm=0 pt=0 ru=235608 rp=253372
23:26:03.683 @T t=192002 s=0.000 lv=-42.0 pk=-40.6 c0=3.5 c1=8.4 kw=8.22 inf=2.67 iv=1.11 n=3 d=16 sk=0 hf=95940 hm=78176 ht=283428 pf=0 pm=0 pt=0 ru=235608 rp=253372
23:26:03.683 @T t=192108 s=0.000 lv=-40.5 pk=-37.8 c0=3.4 c1=10.7 kw=10.47 inf=2.56 iv=1.13 n=4 d=16 sk=0 hf=95940 hm=78176 ht=283428 pf=0 pm=0 pt=0 ru=235608 rp=253372
23:26:03.683 @I ww=marvin cut=0.50 win=5 cool=1000 tick=100 wifi=1 srv=1 li=0 ln=0
23:26:03.683 @T t=192199 s=0.000 lv=-40.7 pk=-39.6 c0=4.6 c1=8.7 kw=8.49 inf=2.39 iv=1.12 n=3 d=16 sk=0 hf=95940 hm=78176 ht=283428 pf=0 pm=0 pt=0 ru=235608 rp=253372
23:26:03.683 @T t=192305 s=0.000 lv=-40.3 pk=-37.8 c0=3.4 c1=8.9 kw=8.52 inf=2.73 iv=1.12 n=3 d=16 sk=0 hf=95940 hm=78176 ht=283428 pf=0 pm=0 pt=0 ru=235608 rp=253372
23:26:03.683 @T t=192414 s=0.000 lv=-40.4 pk=-39.3 c0=8.8 c1=10.4 kw=10.33 inf=2.64 iv=1.21 n=4 d=16 sk=0 hf=95940 hm=78176 ht=283428 pf=0 pm=0 pt=0 ru=235608 rp=253372
23:26:03.683 @T t=192500 s=0.000 lv=-40.2 pk=-39.6 c0=4.1 c1=9.3 kw=8.98 inf=2.39 iv=1.12 n=3 d=16 sk=0 hf=95940 hm=78176 ht=283428 pf=0 pm=0 pt=0 ru=235608 rp=253372
23:26:03.683 @T t=192606 s=0.000 lv=-40.2 pk=-38.8 c0=3.3 c1=9.7 kw=8.46 inf=2.71 iv=1.12 n=3 d=16 sk=0 hf=95940 hm=78176 ht=283428 pf=0 pm=0 pt=0 ru=235608 rp=253372
23:26:03.683 @T t=192712 s=0.000 lv=-40.2 pk=-39.4 c0=3.3 c1=9.6 kw=10.11 inf=2.50 iv=1.08 n=4 d=16 sk=0 hf=95940 hm=78176 ht=283428 pf=0 pm=0 pt=0 ru=235608 rp=253372
23:26:03.683 @T t=192798 s=0.000 lv=-40.2 pk=-38.6 c0=8.1 c1=10.4 kw=9.76 inf=2.61 iv=1.29 n=3 d=16 sk=0 hf=95940 hm=78176 ht=283428 pf=0 pm=0 pt=0 ru=235608 rp=253372
23:26:03.683 @T t=192904 s=0.000 lv=-40.1 pk=-39.3 c0=3.9 c1=9.0 kw=8.75 inf=2.85 iv=1.23 n=3 d=16 sk=0 hf=95940 hm=78176 ht=283428 pf=0 pm=0 pt=0 ru=235608 rp=253372
23:26:03.683 @T t=193013 s=0.000 lv=-40.0 pk=-39.1 c0=9.4 c1=10.9 kw=10.61 inf=2.67 iv=1.19 n=4 d=16 sk=0 hf=95744 hm=78176 ht=283428 pf=0 pm=0 pt=0 ru=235804 rp=253372
23:26:03.683 @T t=193098 s=0.000 lv=-40.2 pk=-39.6 c0=7.4 c1=5.1 kw=4.96 inf=1.86 iv=0.00 n=0 d=16 sk=2 hf=95940 hm=78176 ht=283428 pf=0 pm=0 pt=0 ru=235608 rp=253372
23:26:03.683 @I ww=marvin cut=0.50 win=5 cool=1000 tick=100 wifi=1 srv=1 li=0 ln=0
23:26:03.683 @T t=193210 s=0.000 lv=-38.7 pk=-37.2 c0=3.6 c1=5.7 kw=5.57 inf=1.36 iv=0.00 n=0 d=16 sk=4 hf=95940 hm=78176 ht=283428 pf=0 pm=0 pt=0 ru=235608 rp=253372
23:26:03.683 @T t=193297 s=0.000 lv=-39.5 pk=-38.8 c0=3.8 c1=5.0 kw=4.90 inf=1.84 iv=0.00 n=0 d=16 sk=2 hf=95940 hm=78176 ht=283428 pf=0 pm=0 pt=0 ru=235608 rp=253372
23:26:03.683 @T t=193402 s=0.000 lv=-39.6 pk=-38.2 c0=6.3 c1=5.0 kw=4.90 inf=1.51 iv=0.00 n=0 d=16 sk=3 hf=95940 hm=78176 ht=283428 pf=0 pm=0 pt=0 ru=235608 rp=253372
23:26:03.683 @T t=193508 s=0.000 lv=-38.5 pk=-37.9 c0=3.0 c1=6.1 kw=5.92 inf=1.37 iv=0.00 n=0 d=16 sk=4 hf=95940 hm=78176 ht=283428 pf=0 pm=0 pt=0 ru=235608 rp=253372
23:26:03.683 @T t=193594 s=0.000 lv=-38.7 pk=-38.1 c0=3.7 c1=5.0 kw=4.89 inf=1.83 iv=0.00 n=0 d=16 sk=2 hf=95940 hm=78176 ht=283428 pf=0 pm=0 pt=0 ru=235608 rp=253372
23:26:03.683 @T t=193700 s=0.000 lv=-39.4 pk=-38.0 c0=3.0 c1=5.0 kw=4.89 inf=1.51 iv=0.00 n=0 d=16 sk=3 hf=95940 hm=78176 ht=283428 pf=0 pm=0 pt=0 ru=235608 rp=253372
23:26:03.683 @T t=193807 s=0.000 lv=-38.2 pk=-36.1 c0=3.6 c1=6.1 kw=5.92 inf=1.37 iv=0.00 n=0 d=16 sk=4 hf=95940 hm=78176 ht=283428 pf=0 pm=0 pt=0 ru=235608 rp=253372
23:26:03.683 @T t=193913 s=0.000 lv=-35.6 pk=-33.0 c0=3.3 c1=15.4 kw=15.20 inf=1.19 iv=0.97 n=11 d=16 sk=2 hf=95940 hm=78176 ht=283428 pf=0 pm=0 pt=0 ru=235608 rp=253372
23:26:03.683 @T t=193999 s=0.000 lv=-35.6 pk=-33.6 c0=4.8 c1=8.5 kw=8.31 inf=3.28 iv=1.32 n=2 d=16 sk=0 hf=95940 hm=78176 ht=283428 pf=0 pm=0 pt=0 ru=235608 rp=253372
23:26:03.683 @T t=194105 s=0.000 lv=-37.6 pk=-35.0 c0=3.5 c1=10.2 kw=9.78 inf=2.38 iv=1.17 n=4 d=16 sk=0 hf=95940 hm=78176 ht=283428 pf=0 pm=0 pt=0 ru=235608 rp=253372
23:26:03.683 @I ww=marvin cut=0.50 win=5 cool=1000 tick=100 wifi=1 srv=1 li=0 ln=0
23:26:03.683 @T t=194196 s=0.000 lv=-38.2 pk=-36.7 c0=4.8 c1=10.3 kw=9.89 inf=2.81 iv=1.20 n=3 d=16 sk=0 hf=95940 hm=78176 ht=283428 pf=0 pm=0 pt=0 ru=235608 rp=253372
23:26:03.683 @T t=194302 s=0.000 lv=-37.9 pk=-36.4 c0=3.5 c1=8.8 kw=8.66 inf=2.82 iv=1.22 n=3 d=16 sk=0 hf=95940 hm=78176 ht=283428 pf=0 pm=0 pt=0 ru=235608 rp=253372
23:26:03.683 @T t=194408 s=0.002 lv=-38.1 pk=-37.2 c0=3.4 c1=11.0 kw=10.72 inf=2.63 iv=1.18 n=4 d=16 sk=0 hf=95940 hm=78176 ht=283428 pf=0 pm=0 pt=0 ru=235608 rp=253372
23:26:06.182 @T t=194514 s=0.002 lv=-38.9 pk=-38.4 c0=3.4 c1=9.8 kw=9.63 inf=2.37 iv=1.17 n=4 d=16 sk=0 hf=95940 hm=78176 ht=283428 pf=0 pm=0 pt=0 ru=235608 rp=253372
23:26:06.182 @T t=194600 s=0.000 lv=-38.4 pk=-38.1 c0=4.1 c1=8.3 kw=8.10 inf=3.20 iv=1.26 n=2 d=16 sk=0 hf=95940 hm=78176 ht=283428 pf=0 pm=0 pt=0 ru=235608 rp=253372
23:26:06.183 @T t=194706 s=0.000 lv=-39.9 pk=-39.0 c0=6.1 c1=11.0 kw=10.72 inf=2.63 iv=1.18 n=4 d=16 sk=0 hf=95940 hm=78176 ht=283428 pf=0 pm=0 pt=0 ru=235608 rp=253372
23:26:06.183 @T t=194812 s=0.000 lv=-39.8 pk=-38.9 c0=9.4 c1=11.4 kw=10.56 inf=2.62 iv=1.35 n=4 d=16 sk=0 hf=95940 hm=78176 ht=283428 pf=0 pm=0 pt=0 ru=235608 rp=253372
23:26:06.183 @T t=194898 s=0.000 lv=-36.6 pk=-33.8 c0=7.7 c1=8.3 kw=8.08 inf=3.19 iv=1.25 n=2 d=16 sk=0 hf=95940 hm=78176 ht=283428 pf=0 pm=0 pt=0 ru=235608 rp=253372
23:26:06.183 @T t=195004 s=0.000 lv=-40.3 pk=-38.7 c0=4.0 c1=9.8 kw=9.59 inf=2.36 iv=1.16 n=4 d=16 sk=0 hf=95744 hm=78176 ht=283428 pf=0 pm=0 pt=0 ru=235804 rp=253372
23:26:06.183 @T t=195113 s=0.000 lv=-40.6 pk=-39.0 c0=9.3 c1=11.1 kw=10.81 inf=2.72 iv=1.24 n=4 d=16 sk=0 hf=95940 hm=78176 ht=283428 pf=0 pm=0 pt=0 ru=235608 rp=253372
23:26:06.183 @I ww=marvin cut=0.50 win=5 cool=1000 tick=100 wifi=1 srv=1 li=0 ln=0
23:26:06.183 @T t=195204 s=0.000 lv=-39.5 pk=-38.7 c0=4.9 c1=7.7 kw=7.52 inf=3.13 iv=1.20 n=2 d=16 sk=0 hf=95940 hm=78176 ht=283428 pf=0 pm=0 pt=0 ru=235608 rp=253372
23:26:06.183 @T t=195313 s=0.000 lv=-39.0 pk=-37.5 c0=8.8 c1=10.5 kw=10.25 inf=2.58 iv=1.13 n=4 d=16 sk=0 hf=95940 hm=78176 ht=283428 pf=0 pm=0 pt=0 ru=235608 rp=253372
23:26:06.183 @T t=195399 s=0.000 lv=-39.5 pk=-38.5 c0=4.1 c1=9.3 kw=9.14 inf=2.43 iv=1.14 n=3 d=16 sk=0 hf=95940 hm=78176 ht=283428 pf=0 pm=0 pt=0 ru=235608 rp=253372
23:26:06.183 @T t=195505 s=0.000 lv=-39.6 pk=-38.5 c0=3.4 c1=9.0 kw=8.63 inf=2.77 iv=1.16 n=3 d=16 sk=0 hf=95940 hm=78176 ht=283428 pf=0 pm=0 pt=0 ru=235608 rp=253372
23:26:06.183 @T t=195611 s=0.000 lv=-39.5 pk=-38.6 c0=6.1 c1=10.7 kw=10.65 inf=2.65 iv=1.21 n=4 d=16 sk=0 hf=95940 hm=78176 ht=283428 pf=0 pm=0 pt=0 ru=235608 rp=253372
23:26:06.183 @T t=195697 s=0.000 lv=-38.9 pk=-38.0 c0=4.0 c1=9.2 kw=9.02 inf=2.40 iv=1.12 n=3 d=16 sk=0 hf=95940 hm=78176 ht=283428 pf=0 pm=0 pt=0 ru=235608 rp=253372
23:26:06.183 @T t=195803 s=0.000 lv=-38.6 pk=-38.3 c0=6.6 c1=8.6 kw=8.39 inf=2.73 iv=1.13 n=3 d=16 sk=0 hf=95940 hm=78176 ht=283428 pf=0 pm=0 pt=0 ru=235608 rp=253372
23:26:06.183 @T t=195911 s=0.000 lv=-38.5 pk=-36.8 c0=8.3 c1=10.6 kw=10.40 inf=2.59 iv=1.13 n=4 d=16 sk=0 hf=95940 hm=78176 ht=283428 pf=0 pm=0 pt=0 ru=235608 rp=253372
23:26:06.183 @T t=195997 s=0.000 lv=-39.9 pk=-38.2 c0=4.2 c1=9.2 kw=9.02 inf=2.40 iv=1.12 n=3 d=16 sk=0 hf=95940 hm=78176 ht=283428 pf=0 pm=0 pt=0 ru=235608 rp=253372
23:26:06.183 @T t=196103 s=0.000 lv=-39.3 pk=-38.9 c0=6.0 c1=8.8 kw=8.61 inf=2.81 iv=1.19 n=3 d=16 sk=0 hf=95940 hm=78176 ht=283428 pf=0 pm=0 pt=0 ru=235608 rp=253372
23:26:06.183 @I ww=marvin cut=0.50 win=5 cool=1000 tick=100 wifi=1 srv=1 li=0 ln=0
23:26:06.183 @T t=196197 s=0.000 lv=-40.2 pk=-38.3 c0=4.5 c1=11.3 kw=11.04 inf=2.41 iv=1.19 n=4 d=16 sk=0 hf=95940 hm=78176 ht=283428 pf=0 pm=0 pt=0 ru=235608 rp=253372
23:26:06.183 @T t=196303 s=0.000 lv=-39.5 pk=-38.7 c0=6.4 c1=8.9 kw=8.64 inf=2.82 iv=1.19 n=3 d=16 sk=0 hf=95940 hm=78176 ht=283428 pf=0 pm=0 pt=0 ru=235608 rp=253372
23:26:06.183 @T t=196412 s=0.000 lv=-40.1 pk=-39.6 c0=8.8 c1=10.7 kw=10.45 inf=2.63 iv=1.18 n=4 d=16 sk=0 hf=95940 hm=78176 ht=283428 pf=0 pm=0 pt=0 ru=235608 rp=253372
23:26:06.183 @T t=196497 s=0.000 lv=-40.7 pk=-39.4 c0=7.2 c1=5.0 kw=4.89 inf=1.83 iv=0.00 n=0 d=16 sk=2 hf=95940 hm=78176 ht=283428 pf=0 pm=0 pt=0 ru=235608 rp=253372
23:26:06.183 @T t=196604 s=0.000 lv=-39.9 pk=-38.8 c0=3.1 c1=5.1 kw=4.93 inf=1.52 iv=0.00 n=0 d=16 sk=3 hf=95940 hm=78176 ht=283428 pf=0 pm=0 pt=0 ru=235608 rp=253372
23:26:06.183 @T t=196709 s=0.000 lv=-39.4 pk=-37.8 c0=6.2 c1=6.1 kw=5.95 inf=1.37 iv=0.00 n=0 d=16 sk=4 hf=95940 hm=78176 ht=283428 pf=0 pm=0 pt=0 ru=235608 rp=253372
23:26:06.183 @T t=196796 s=0.000 lv=-39.3 pk=-38.0 c0=5.8 c1=5.0 kw=4.85 inf=1.82 iv=0.00 n=0 d=16 sk=2 hf=94176 hm=78176 ht=283428 pf=0 pm=0 pt=0 ru=237372 rp=253372
23:26:06.183 @T t=196902 s=0.000 lv=-40.1 pk=-39.5 c0=5.1 c1=5.6 kw=5.13 inf=1.58 iv=0.00 n=0 d=16 sk=3 hf=95940 hm=78176 ht=283428 pf=0 pm=0 pt=0 ru=235608 rp=253372
23:26:08.682 @T t=197008 s=0.000 lv=-39.7 pk=-38.4 c0=4.0 c1=6.1 kw=5.99 inf=1.38 iv=0.00 n=0 d=16 sk=4 hf=95940 hm=78176 ht=283428 pf=0 pm=0 pt=0 ru=235608 rp=253372
23:26:08.682 @T t=197113 s=0.000 lv=-39.1 pk=-38.1 c0=3.2 c1=5.1 kw=4.97 inf=1.53 iv=0.00 n=0 d=16 sk=3 hf=95940 hm=78176 ht=283428 pf=0 pm=0 pt=0 ru=235608 rp=253372
23:26:08.682 @I ww=marvin cut=0.50 win=5 cool=1000 tick=100 wifi=1 srv=1 li=0 ln=0
23:26:08.682 @T t=197205 s=0.000 lv=-40.6 pk=-39.0 c0=4.3 c1=5.8 kw=5.66 inf=1.51 iv=0.00 n=0 d=16 sk=3 hf=95940 hm=78176 ht=283428 pf=0 pm=0 pt=0 ru=235608 rp=253372
23:26:08.682 @T t=197312 s=0.000 lv=-38.8 pk=-35.7 c0=3.1 c1=5.1 kw=4.95 inf=1.52 iv=0.00 n=0 d=16 sk=3 hf=95940 hm=78176 ht=283428 pf=0 pm=0 pt=0 ru=235608 rp=253372
23:26:08.682 @T t=197398 s=0.000 lv=-39.2 pk=-38.4 c0=4.2 c1=5.1 kw=4.92 inf=1.85 iv=0.00 n=0 d=16 sk=2 hf=95940 hm=78176 ht=283428 pf=0 pm=0 pt=0 ru=235608 rp=253372
23:26:08.682 @T t=197504 s=0.000 lv=-39.6 pk=-39.4 c0=3.3 c1=5.1 kw=4.94 inf=1.52 iv=0.00 n=0 d=16 sk=3 hf=95940 hm=78176 ht=283428 pf=0 pm=0 pt=0 ru=235608 rp=253372
23:26:08.682 @T t=197609 s=0.000 lv=-39.6 pk=-38.2 c0=3.0 c1=6.1 kw=5.95 inf=1.37 iv=0.00 n=0 d=16 sk=4 hf=95940 hm=78176 ht=283428 pf=0 pm=0 pt=0 ru=235608 rp=253372
23:26:08.682 @T t=197695 s=0.000 lv=-38.8 pk=-37.5 c0=3.7 c1=5.0 kw=4.86 inf=1.82 iv=0.00 n=0 d=16 sk=2 hf=95940 hm=78176 ht=283428 pf=0 pm=0 pt=0 ru=235608 rp=253372
23:26:08.682 @T t=197802 s=0.000 lv=-39.2 pk=-37.7 c0=3.0 c1=5.1 kw=4.95 inf=1.52 iv=0.00 n=0 d=16 sk=3 hf=95940 hm=78176 ht=283428 pf=0 pm=0 pt=0 ru=235608 rp=253372
23:26:08.682 @T t=197908 s=0.000 lv=-39.0 pk=-37.4 c0=3.6 c1=6.1 kw=5.96 inf=1.38 iv=0.00 n=0 d=16 sk=4 hf=95940 hm=78176 ht=283428 pf=0 pm=0 pt=0 ru=235608 rp=253372
23:26:08.682 @T t=198014 s=0.000 lv=-38.4 pk=-37.4 c0=3.3 c1=5.1 kw=4.99 inf=1.54 iv=0.00 n=0 d=16 sk=3 hf=95940 hm=78176 ht=283428 pf=0 pm=0 pt=0 ru=235608 rp=253372
23:26:08.682 @T t=198099 s=0.000 lv=-39.5 pk=-38.5 c0=3.8 c1=5.0 kw=4.90 inf=1.84 iv=0.00 n=0 d=16 sk=2 hf=95940 hm=78176 ht=283428 pf=0 pm=0 pt=0 ru=235608 rp=253372
23:26:08.682 @I ww=marvin cut=0.50 win=5 cool=1000 tick=100 wifi=1 srv=1 li=0 ln=0
23:26:08.682 @T t=198211 s=0.000 lv=-38.9 pk=-37.5 c0=3.6 c1=5.7 kw=5.59 inf=1.37 iv=0.00 n=0 d=16 sk=4 hf=95940 hm=78176 ht=283428 pf=0 pm=0 pt=0 ru=235608 rp=253372
23:26:08.682 @T t=198298 s=0.000 lv=-38.5 pk=-37.6 c0=3.7 c1=5.0 kw=4.90 inf=1.84 iv=0.00 n=0 d=16 sk=2 hf=95940 hm=78176 ht=283428 pf=0 pm=0 pt=0 ru=235608 rp=253372
23:26:08.682 @T t=198403 s=0.000 lv=-38.8 pk=-37.3 c0=3.0 c1=5.1 kw=4.93 inf=1.52 iv=0.00 n=0 d=16 sk=3 hf=95940 hm=78176 ht=283428 pf=0 pm=0 pt=0 ru=235608 rp=253372
23:26:08.682 @T t=198509 s=0.000 lv=-39.0 pk=-38.2 c0=6.1 c1=6.2 kw=6.01 inf=1.38 iv=0.00 n=0 d=16 sk=4 hf=95940 hm=78176 ht=283428 pf=0 pm=0 pt=0 ru=235608 rp=253372
23:26:08.682 @T t=198594 s=0.000 lv=-36.9 pk=-35.5 c0=4.0 c1=5.0 kw=4.89 inf=1.83 iv=0.00 n=0 d=16 sk=2 hf=95940 hm=78176 ht=283428 pf=0 pm=0 pt=0 ru=235608 rp=253372
23:26:08.682 @T t=198700 s=0.000 lv=-37.5 pk=-37.2 c0=3.0 c1=5.0 kw=4.88 inf=1.50 iv=0.00 n=0 d=16 sk=3 hf=95940 hm=78176 ht=283428 pf=0 pm=0 pt=0 ru=235608 rp=253372
23:26:08.682 @T t=198806 s=0.000 lv=-37.2 pk=-35.5 c0=3.1 c1=6.1 kw=5.89 inf=1.36 iv=0.00 n=0 d=16 sk=4 hf=95940 hm=78176 ht=283428 pf=0 pm=0 pt=0 ru=235608 rp=253372
23:26:08.682 @T t=198914 s=0.000 lv=-39.2 pk=-39.0 c0=6.4 c1=5.6 kw=5.04 inf=1.56 iv=0.00 n=0 d=16 sk=3 hf=95940 hm=78176 ht=283428 pf=0 pm=0 pt=0 ru=235608 rp=253372
23:26:08.682 @T t=198997 s=0.000 lv=-38.3 pk=-36.8 c0=6.1 c1=5.1 kw=5.02 inf=1.84 iv=0.00 n=0 d=16 sk=2 hf=95940 hm=78176 ht=283428 pf=0 pm=0 pt=0 ru=235608 rp=253372
23:26:08.682 @T t=199104 s=0.000 lv=-39.5 pk=-38.4 c0=3.7 c1=5.1 kw=4.98 inf=1.53 iv=0.00 n=0 d=16 sk=3 hf=95940 hm=78176 ht=283428 pf=0 pm=0 pt=0 ru=235608 rp=253372
23:26:08.682 @I ww=marvin cut=0.50 win=5 cool=1000 tick=100 wifi=1 srv=1 li=0 ln=0
23:26:08.682 @T t=199195 s=0.000 lv=-40.6 pk=-39.8 c0=4.6 c1=5.9 kw=5.74 inf=1.53 iv=0.00 n=0 d=16 sk=3 hf=95940 hm=78176 ht=283428 pf=0 pm=0 pt=0 ru=235608 rp=253372
23:26:08.682 @T t=199302 s=0.000 lv=-39.6 pk=-38.2 c0=3.1 c1=5.1 kw=4.92 inf=1.51 iv=0.00 n=0 d=16 sk=3 hf=95940 hm=78176 ht=283428 pf=0 pm=0 pt=0 ru=235608 rp=253372
23:26:08.682 I (199694) wifi:[ADDBA]RX DELBA, reason:37, delete tid:0, initiator:1(originator)
23:26:08.682 @T t=199408 s=0.000 lv=-39.3 pk=-37.5 c0=4.5 c1=6.2 kw=6.02 inf=1.39 iv=0.00 n=0 d=16 sk=4 hf=95940 hm=78176 ht=283428 pf=0 pm=0 pt=0 ru=235608 rp=253372
23:26:10.974 @T t=199513 s=0.000 lv=-39.3 pk=-37.8 c0=3.3 c1=5.1 kw=4.95 inf=1.52 iv=0.00 n=0 d=16 sk=3 hf=95940 hm=78176 ht=283428 pf=0 pm=0 pt=0 ru=235608 rp=253372
23:26:10.974 @T t=199600 s=0.000 lv=-39.6 pk=-38.4 c0=4.1 c1=5.0 kw=4.87 inf=1.83 iv=0.00 n=0 d=16 sk=2 hf=95940 hm=78176 ht=283428 pf=0 pm=0 pt=0 ru=235608 rp=253372
23:26:10.974 @T t=199706 s=0.000 lv=-38.8 pk=-35.6 c0=3.1 c1=6.1 kw=5.95 inf=1.37 iv=0.00 n=0 d=16 sk=4 hf=95940 hm=78176 ht=283428 pf=0 pm=0 pt=0 ru=235608 rp=253372
23:26:10.974 @T t=199812 s=0.000 lv=-39.4 pk=-38.4 c0=6.4 c1=5.1 kw=4.92 inf=1.51 iv=0.00 n=0 d=16 sk=3 hf=95940 hm=78176 ht=283428 pf=0 pm=0 pt=0 ru=235608 rp=253372
23:26:10.974 @T t=199898 s=0.000 lv=-38.0 pk=-36.7 c0=4.5 c1=5.1 kw=4.92 inf=1.84 iv=0.00 n=0 d=16 sk=2 hf=95940 hm=78176 ht=283428 pf=0 pm=0 pt=0 ru=235608 rp=253372
23:26:10.974 @T t=200004 s=0.000 lv=-36.6 pk=-35.4 c0=3.3 c1=5.1 kw=4.92 inf=1.51 iv=0.00 n=0 d=16 sk=3 hf=95940 hm=78176 ht=283428 pf=0 pm=0 pt=0 ru=235608 rp=253372
23:26:10.974 @T t=200110 s=0.000 lv=-38.2 pk=-37.1 c0=3.1 c1=6.1 kw=5.96 inf=1.38 iv=0.00 n=0 d=16 sk=4 hf=95940 hm=78176 ht=283428 pf=0 pm=0 pt=0 ru=235608 rp=253372
23:26:10.974 @I ww=marvin cut=0.50 win=5 cool=1000 tick=100 wifi=1 srv=1 li=0 ln=0
23:26:10.974 @T t=200201 s=0.000 lv=-39.5 pk=-37.7 c0=4.3 c1=4.7 kw=4.53 inf=1.82 iv=0.00 n=0 d=16 sk=2 hf=95940 hm=78176 ht=283428 pf=0 pm=0 pt=0 ru=235608 rp=253372
23:26:10.974 @T t=200308 s=0.000 lv=-38.6 pk=-37.0 c0=3.1 c1=6.0 kw=5.89 inf=1.36 iv=0.00 n=0 d=16 sk=4 hf=95940 hm=78176 ht=283428 pf=0 pm=0 pt=0 ru=235608 rp=253372
23:26:10.974 @T t=200413 s=0.000 lv=-38.4 pk=-36.7 c0=6.3 c1=5.1 kw=4.93 inf=1.52 iv=0.00 n=0 d=16 sk=3 hf=95940 hm=78176 ht=283428 pf=0 pm=0 pt=0 ru=235608 rp=253372
23:26:10.974 @T t=200500 s=0.000 lv=-39.4 pk=-38.6 c0=3.6 c1=5.0 kw=4.85 inf=1.82 iv=0.00 n=0 d=16 sk=2 hf=95940 hm=78176 ht=283428 pf=0 pm=0 pt=0 ru=235608 rp=253372
23:26:10.974 @T t=200606 s=0.000 lv=-39.5 pk=-38.9 c0=3.4 c1=6.1 kw=5.97 inf=1.38 iv=0.00 n=0 d=16 sk=4 hf=95940 hm=78176 ht=283428 pf=0 pm=0 pt=0 ru=235608 rp=253372
23:26:10.974 @T t=200712 s=0.000 lv=-38.8 pk=-37.4 c0=3.4 c1=5.1 kw=4.99 inf=1.54 iv=0.00 n=0 d=16 sk=3 hf=95940 hm=78176 ht=283428 pf=0 pm=0 pt=0 ru=235608 rp=253372
23:26:10.974 @T t=200798 s=0.000 lv=-34.3 pk=-31.3 c0=7.9 c1=19.2 kw=18.93 inf=1.31 iv=0.99 n=12 d=16 sk=0 hf=95940 hm=78176 ht=283428 pf=0 pm=0 pt=0 ru=235608 rp=253372
23:26:10.974 @T t=200904 s=0.000 lv=-37.1 pk=-35.9 c0=6.9 c1=10.0 kw=9.39 inf=3.07 iv=1.40 n=3 d=16 sk=0 hf=95940 hm=78176 ht=283428 pf=0 pm=0 pt=0 ru=235608 rp=253372
23:26:10.974 @T t=201012 s=0.000 lv=-39.0 pk=-37.5 c0=4.1 c1=10.6 kw=10.38 inf=2.59 iv=1.12 n=4 d=16 sk=0 hf=95940 hm=78176 ht=283428 pf=0 pm=0 pt=0 ru=235608 rp=253372
23:26:10.974 @T t=201101 s=0.000 lv=-40.0 pk=-38.8 c0=3.8 c1=9.0 kw=8.83 inf=2.43 iv=1.15 n=3 d=16 sk=0 hf=95940 hm=78176 ht=283428 pf=0 pm=0 pt=0 ru=235608 rp=253372
23:26:10.974 @I ww=marvin cut=0.50 win=5 cool=1000 tick=100 wifi=1 srv=1 li=0 ln=0
23:26:10.974 @T t=201213 s=0.000 lv=-41.1 pk=-40.4 c0=4.0 c1=10.0 kw=9.82 inf=2.54 iv=1.12 n=4 d=16 sk=0 hf=95940 hm=78176 ht=283428 pf=0 pm=0 pt=0 ru=235608 rp=253372
23:26:10.974 [status] up 201s | mic -39.0 dBFS (peak -31.3) | score max 0.00 | detections 16 | inferences 181 (18.1/s; model 1.15 ms each, paused in quiet 46%; features 1.40 ms per 30 ms) | CPU core0  5.2% core1  7.7% (wake word pipeline 7.48% of one core) | RAM used 230 KB (peak 247 KB, 93 KB free) | wifi OK, server OK | audio lost since boot: i2s 0 net 0
23:26:10.974 @T t=201312 s=0.000 lv=-39.7 pk=-37.8 c0=7.8 c1=9.6 kw=9.35 inf=2.85 iv=1.23 n=3 d=16 sk=0 hf=95940 hm=78176 ht=283428 pf=0 pm=0 pt=0 ru=235608 rp=253372
23:26:10.974 @T t=201398 s=0.000 lv=-39.1 pk=-38.1 c0=4.1 c1=9.5 kw=9.35 inf=2.49 iv=1.19 n=3 d=16 sk=0 hf=95940 hm=78176 ht=283428 pf=0 pm=0 pt=0 ru=235608 rp=253372
23:26:10.974 @T t=201504 s=0.000 lv=-41.9 pk=-41.1 c0=3.4 c1=8.6 kw=8.46 inf=2.75 iv=1.16 n=3 d=16 sk=0 hf=95940 hm=78176 ht=283428 pf=0 pm=0 pt=0 ru=235608 rp=253372
23:26:10.974 @T t=201613 s=0.000 lv=-39.6 pk=-37.7 c0=8.8 c1=10.5 kw=10.33 inf=2.60 iv=1.16 n=4 d=16 sk=0 hf=95940 hm=78176 ht=283428 pf=0 pm=0 pt=0 ru=235608 rp=253372
23:26:10.974 @T t=201699 s=0.000 lv=-41.1 pk=-40.2 c0=4.1 c1=9.5 kw=9.34 inf=2.49 iv=1.19 n=3 d=16 sk=0 hf=95940 hm=78176 ht=283428 pf=0 pm=0 pt=0 ru=235608 rp=253372
23:26:13.464 @T t=201805 s=0.000 lv=-41.4 pk=-40.4 c0=3.5 c1=9.2 kw=8.84 inf=2.84 iv=1.23 n=3 d=16 sk=0 hf=95940 hm=78176 ht=283428 pf=0 pm=0 pt=0 ru=235608 rp=253372
23:26:13.464 @T t=201914 s=0.000 lv=-40.9 pk=-38.7 c0=9.8 c1=11.0 kw=10.99 inf=2.81 iv=1.35 n=4 d=16 sk=0 hf=95940 hm=78176 ht=283428 pf=0 pm=0 pt=0 ru=235608 rp=253372
23:26:13.464 @T t=202000 s=0.000 lv=-41.3 pk=-40.9 c0=4.4 c1=9.4 kw=9.13 inf=2.43 iv=1.15 n=3 d=16 sk=0 hf=95940 hm=78176 ht=283428 pf=0 pm=0 pt=0 ru=235608 rp=253372
23:26:13.464 @T t=202106 s=0.000 lv=-41.3 pk=-40.7 c0=3.4 c1=10.1 kw=8.81 inf=2.12 iv=0.92 n=4 d=16 sk=0 hf=95940 hm=78176 ht=283428 pf=0 pm=0 pt=0 ru=235608 rp=253372
23:26:13.464 @I ww=marvin cut=0.50 win=5 cool=1000 tick=100 wifi=1 srv=1 li=0 ln=0
23:26:13.464 @T t=202197 s=0.000 lv=-40.2 pk=-39.0 c0=4.8 c1=10.1 kw=10.78 inf=3.08 iv=1.48 n=3 d=16 sk=0 hf=95940 hm=78176 ht=283428 pf=0 pm=0 pt=0 ru=235608 rp=253372
23:26:13.464 @T t=202303 s=0.000 lv=-41.6 pk=-39.6 c0=6.1 c1=8.6 kw=8.46 inf=2.76 iv=1.16 n=3 d=16 sk=0 hf=95940 hm=78176 ht=283428 pf=0 pm=0 pt=0 ru=235608 rp=253372
23:26:13.464 @T t=202412 s=0.000 lv=-40.5 pk=-38.9 c0=3.2 c1=7.4 kw=7.25 inf=2.35 iv=1.39 n=1 d=16 sk=2 hf=95940 hm=78176 ht=283428 pf=0 pm=0 pt=0 ru=235608 rp=253372
23:26:13.465 @T t=202497 s=0.000 lv=-40.9 pk=-39.8 c0=3.8 c1=5.0 kw=4.87 inf=1.82 iv=0.00 n=0 d=16 sk=2 hf=95940 hm=78176 ht=283428 pf=0 pm=0 pt=0 ru=235608 rp=253372
23:26:13.465 @T t=202604 s=0.000 lv=-40.5 pk=-38.8 c0=3.1 c1=5.1 kw=4.93 inf=1.52 iv=0.00 n=0 d=16 sk=3 hf=95940 hm=78176 ht=283428 pf=0 pm=0 pt=0 ru=235608 rp=253372
23:26:13.465 @T t=202709 s=0.000 lv=-40.9 pk=-40.1 c0=3.0 c1=6.1 kw=5.93 inf=1.37 iv=0.00 n=0 d=16 sk=4 hf=95940 hm=78176 ht=283428 pf=0 pm=0 pt=0 ru=235608 rp=253372
23:26:13.465 @T t=202795 s=0.000 lv=-40.6 pk=-39.9 c0=3.7 c1=5.0 kw=4.85 inf=1.82 iv=0.00 n=0 d=16 sk=2 hf=95940 hm=78176 ht=283428 pf=0 pm=0 pt=0 ru=235608 rp=253372
23:26:13.465 @T t=202902 s=0.000 lv=-40.7 pk=-39.4 c0=6.4 c1=5.6 kw=5.09 inf=1.57 iv=0.00 n=0 d=16 sk=3 hf=95940 hm=78176 ht=283428 pf=0 pm=0 pt=0 ru=235608 rp=253372
23:26:13.465 @T t=203008 s=0.000 lv=-40.8 pk=-39.8 c0=4.3 c1=6.2 kw=6.02 inf=1.39 iv=0.00 n=0 d=16 sk=4 hf=95744 hm=78176 ht=283428 pf=0 pm=0 pt=0 ru=235804 rp=253372
23:26:13.465 @T t=203113 s=0.000 lv=-40.6 pk=-39.0 c0=3.5 c1=5.1 kw=4.98 inf=1.53 iv=0.00 n=0 d=16 sk=3 hf=95940 hm=78176 ht=283428 pf=0 pm=0 pt=0 ru=235608 rp=253372
23:26:13.465 @I ww=marvin cut=0.50 win=5 cool=1000 tick=100 wifi=1 srv=1 li=0 ln=0
23:26:13.465 @T t=203205 s=0.000 lv=-41.7 pk=-40.4 c0=4.3 c1=5.8 kw=5.66 inf=1.51 iv=0.00 n=0 d=16 sk=3 hf=95940 hm=78176 ht=283428 pf=0 pm=0 pt=0 ru=235608 rp=253372
23:26:13.465 @T t=203312 s=0.000 lv=-40.6 pk=-39.4 c0=3.1 c1=5.1 kw=4.93 inf=1.52 iv=0.00 n=0 d=16 sk=3 hf=95940 hm=78176 ht=283428 pf=0 pm=0 pt=0 ru=235608 rp=253372
23:26:13.465 @T t=203397 s=0.000 lv=-40.9 pk=-39.8 c0=7.8 c1=5.0 kw=4.87 inf=1.83 iv=0.00 n=0 d=16 sk=2 hf=95940 hm=78176 ht=283428 pf=0 pm=0 pt=0 ru=235608 rp=253372
23:26:13.465 @T t=203503 s=0.000 lv=-40.5 pk=-39.0 c0=3.1 c1=5.0 kw=4.90 inf=1.51 iv=0.00 n=0 d=16 sk=3 hf=95940 hm=78176 ht=283428 pf=0 pm=0 pt=0 ru=235608 rp=253372
23:26:13.465 @T t=203608 s=0.000 lv=-38.5 pk=-37.3 c0=5.7 c1=6.2 kw=6.01 inf=1.38 iv=0.00 n=0 d=16 sk=4 hf=95940 hm=78176 ht=283428 pf=0 pm=0 pt=0 ru=235608 rp=253372
23:26:13.465 @T t=203694 s=0.000 lv=-39.3 pk=-38.3 c0=3.6 c1=5.0 kw=4.85 inf=1.82 iv=0.00 n=0 d=16 sk=2 hf=95940 hm=78176 ht=283428 pf=0 pm=0 pt=0 ru=235608 rp=253372
23:26:13.465 @T t=203801 s=0.000 lv=-39.8 pk=-39.0 c0=3.0 c1=5.1 kw=4.92 inf=1.52 iv=0.00 n=0 d=16 sk=3 hf=95940 hm=78176 ht=283428 pf=0 pm=0 pt=0 ru=235608 rp=253372
23:26:13.465 @T t=203907 s=0.000 lv=-34.9 pk=-32.0 c0=3.7 c1=16.3 kw=16.11 inf=1.25 iv=0.96 n=11 d=16 sk=2 hf=95940 hm=78176 ht=283428 pf=0 pm=0 pt=0 ru=235608 rp=253372
23:26:13.465 @T t=204013 s=0.000 lv=-32.1 pk=-30.0 c0=3.6 c1=8.7 kw=8.54 inf=2.78 iv=1.17 n=3 d=16 sk=0 hf=95940 hm=78176 ht=283428 pf=0 pm=0 pt=0 ru=235608 rp=253372
23:26:13.465 @T t=204099 s=0.000 lv=-34.4 pk=-32.2 c0=4.5 c1=9.2 kw=9.02 inf=2.40 iv=1.12 n=3 d=16 sk=0 hf=95940 hm=78176 ht=283428 pf=0 pm=0 pt=0 ru=235608 rp=253372
23:26:13.465 @I ww=marvin cut=0.50 win=5 cool=1000 tick=100 wifi=1 srv=1 li=0 ln=0
23:26:13.465 @T t=204210 s=0.000 lv=-34.7 pk=-33.2 c0=3.9 c1=10.1 kw=9.89 inf=2.54 iv=1.10 n=4 d=16 sk=0 hf=95940 hm=78176 ht=283428 pf=0 pm=0 pt=0 ru=235608 rp=253372
